09-22 22:07:40.038 28916  9571 W WiVRn   : [2026-09-22 22:07:40.038] [WiVRn] [warning] NX safety: synthetic detail loss enabled, 30 of every 180 source frames
09-22 22:07:40.038 28916  9571 I WiVRn   : [2026-09-22 22:07:40.038] [WiVRn] [info] nxwarp[0]: LZ4 envelope true
09-22 22:07:40.111 28916  9518 I WiVRn   : [2026-09-22 22:07:40.111] [WiVRn] [info] NX safety: fallback at source 23074228194131 frame 88 after 0.000 ms primary hold
09-22 22:07:40.117 28916  9518 I WiVRn   : [2026-09-22 22:07:40.117] [WiVRn] [info] NX safety: detail at source 23074250416353 frame 90 after 0.000 ms primary hold
09-22 22:07:40.294 28916  9518 I WiVRn   : [2026-09-22 22:07:40.294] [WiVRn] [info] render: 16 iterations in 2.0 s (8.0/s), 16 submitted a layer, 16 new-source, 0 skipped by the repeat gate, 0 with nothing to show; display period 13.9 ms
09-22 22:07:40.294 28916  9518 I WiVRn   : [2026-09-22 22:07:40.294] [WiVRn] [info] render: ready wait attempts 0 success 0 total 0.000 ms | selected older than available 0
09-22 22:07:40.294 28916  9518 I WiVRn   : [2026-09-22 22:07:40.294] [WiVRn] [info] render: selected source transitions forward 15 backward 0 repeat 0, greatest forward gap 2
09-22 22:07:40.294 28916  9518 I WiVRn   : [2026-09-22 22:07:40.294] [WiVRn] [info] render: this app's own GPU pass 3.1 ms per iteration
09-22 22:07:40.294 28916  9518 I WiVRn   : [2026-09-22 22:07:40.294] [WiVRn] [info] render: defoveate 2160x2160 per eye x2 = 9.33 Mpx/frame at scale 1.00 atlas-prototype 0; 0 re-presented from the cache (reduce_gpu_load on)
09-22 22:07:40.294 28916  9518 I WiVRn   : [2026-09-22 22:07:40.294] [WiVRn] [info] render: shader path sharpness 0.00 fsr false alpha false motion false blend true glow 0.00 vignette 0.00 deband 0.00 lowpoly 0.00 levels 0 full-kernel false
09-22 22:07:40.294 28916  9518 I WiVRn   : [2026-09-22 22:07:40.294] [WiVRn] [info] render: 16 GPU submissions, 0 cached refreshes without GPU submission
09-22 22:07:40.294 28916  9518 I WiVRn   : [2026-09-22 22:07:40.294] [WiVRn] [info] render: per iteration fence 0.0 (worst 0.0) | queries 0.0 | submit 0.0 | whole render() 2.7 ms
09-22 22:07:40.294 28916  9518 I WiVRn   : [2026-09-22 22:07:40.294] [WiVRn] [info] render: source-clock pose shifts 0
09-22 22:07:40.294 28916  9518 I WiVRn   : [2026-09-22 22:07:40.294] [WiVRn] [info] render: motion fields matched 0 active 0 pose-applied 0 pose-missing 0 pose-unsafe 0 mean active step 0.000
09-22 22:07:40.294 28916  9518 I WiVRn   : [2026-09-22 22:07:40.294] [WiVRn] [info] render: selection-to-defoveate CPU 0.246 ms mean (max 2.959) over 16 actual defoveate calls; not GPU/photon latency
09-22 22:07:40.294 28916  9518 I WiVRn   : [2026-09-22 22:07:40.294] [WiVRn] [info] render: jit on | wake slack 38.9 ms | slept 0.0 ms mean (max 0.0, 0 of 16 iterations) | budget 29.7 = pass 28.7 + margin 1.0 | sleep cap 45.0 ms
09-22 22:07:40.294 28916  9518 I WiVRn   : [2026-09-22 22:07:40.294] [WiVRn] [info] render: source display-time offset 31.9 ms mean (worst 60.2) over 16 frames | submit lead 36.3 ms mean (worst 1.1) | misses: 0 overrun 0 late 0 skipped refresh
09-22 22:07:40.294 28916  9518 I WiVRn   : [2026-09-22 22:07:40.294] [WiVRn] [info] render: source->first -13.7 ms | wire 1.3 | queue 0.3 | decode 0.1 | decode->selection 5.0 | selection->predicted 38.9 | sum 31.9 over 16 selected frames (0 invalid)
09-22 22:07:41.017 28916  9571 I WiVRn   : [2026-09-22 22:07:41.017] [WiVRn] [info] nxwarp[0] net: 89 frames closed in 2.0 s, 6 with a hole, 0 out-of-order datagrams, 0 frames completed late, 0 queued for the worker, 171 decoded so far, 108 stragglers dropped; last hole 12/12 chunks, first missing -1, short false, chunk 1166 B; worker phase idle
09-22 22:07:41.017 28916  9571 I WiVRn   : [2026-09-22 22:07:41.017] [WiVRn] [info] nxwarp[0] net: 0.010 ms per datagram over 6421 datagrams (33.07 ms of every second)
09-22 22:07:41.062 28916  9575 I WiVRn   : [2026-09-22 22:07:41.061] [WiVRn] [info] nxwarp[0]: LZ4 180 compressed / 0 raw units, 7341073 wire / 12308040 unpacked bytes, 9.162 ms total decompression
09-22 22:07:41.811 28916  9518 I WiVRn   : [2026-09-22 22:07:41.811] [WiVRn] [info] NX safety: fallback at source 23075992037485 frame 242 after 33.418 ms primary hold
09-22 22:07:42.122 28916  9518 I WiVRn   : [2026-09-22 22:07:42.122] [WiVRn] [info] NX safety: detail at source 23076303147415 frame 270 after 345.305 ms primary hold
09-22 22:07:42.242 28916  9575 I WiVRn   : [2026-09-22 22:07:42.242] [WiVRn] [info] nxwarp[0]: LZ4 360 compressed / 0 raw units, 13914591 wire / 23456880 unpacked bytes, 17.211 ms total decompression
09-22 22:07:42.301 28916  9518 I WiVRn   : [2026-09-22 22:07:42.301] [WiVRn] [info] render: 176 iterations in 2.0 s (87.7/s), 176 submitted a layer, 171 new-source, 0 skipped by the repeat gate, 0 with nothing to show; display period 11.4 ms
09-22 22:07:42.301 28916  9518 I WiVRn   : [2026-09-22 22:07:42.301] [WiVRn] [info] render: ready wait attempts 0 success 0 total 0.000 ms | selected older than available 0
09-22 22:07:42.301 28916  9518 I WiVRn   : [2026-09-22 22:07:42.301] [WiVRn] [info] render: selected source transitions forward 171 backward 0 repeat 5, greatest forward gap 3
09-22 22:07:42.301 28916  9518 I WiVRn   : [2026-09-22 22:07:42.301] [WiVRn] [info] render: this app's own GPU pass 3.1 ms per iteration
09-22 22:07:42.301 28916  9518 I WiVRn   : [2026-09-22 22:07:42.301] [WiVRn] [info] render: defoveate 2160x2160 per eye x2 = 9.33 Mpx/frame at scale 1.00 atlas-prototype 0; 1 re-presented from the cache (reduce_gpu_load on)
09-22 22:07:42.301 28916  9518 I WiVRn   : [2026-09-22 22:07:42.301] [WiVRn] [info] render: shader path sharpness 0.00 fsr false alpha false motion false blend true glow 0.00 vignette 0.00 deband 0.00 lowpoly 0.00 levels 0 full-kernel false
09-22 22:07:42.301 28916  9518 I WiVRn   : [2026-09-22 22:07:42.301] [WiVRn] [info] render: 175 GPU submissions, 1 cached refreshes without GPU submission
09-22 22:07:42.301 28916  9518 I WiVRn   : [2026-09-22 22:07:42.301] [WiVRn] [info] render: per iteration fence 0.0 (worst 2.7) | queries 0.0 | submit 0.0 | whole render() 0.6 ms
09-22 22:07:42.301 28916  9518 I WiVRn   : [2026-09-22 22:07:42.301] [WiVRn] [info] render: source-clock pose shifts 0
09-22 22:07:42.301 28916  9518 I WiVRn   : [2026-09-22 22:07:42.301] [WiVRn] [info] render: motion fields matched 0 active 0 pose-applied 0 pose-missing 0 pose-unsafe 0 mean active step 0.000
09-22 22:07:42.301 28916  9518 I WiVRn   : [2026-09-22 22:07:42.301] [WiVRn] [info] render: selection-to-defoveate CPU 0.060 ms mean (max 0.110) over 175 actual defoveate calls; not GPU/photon latency
09-22 22:07:42.301 28916  9518 I WiVRn   : [2026-09-22 22:07:42.301] [WiVRn] [info] render: jit on | wake slack 34.5 ms | slept 1.0 ms mean (max 18.4, 101 of 176 iterations) | budget 22.1 = pass 21.1 + margin 1.0 | sleep cap 0.4 ms
09-22 22:07:42.301 28916  9518 I WiVRn   : [2026-09-22 22:07:42.301] [WiVRn] [info] render: source display-time offset 2.0 ms mean (worst 22.9) over 176 frames | submit lead 32.9 ms mean (worst 22.2) | misses: 0 overrun 0 late 4 skipped refresh
09-22 22:07:42.302 28916  9518 I WiVRn   : [2026-09-22 22:07:42.302] [WiVRn] [info] render: source->first -37.5 ms | wire 1.2 | queue 0.3 | decode 0.1 | decode->selection 4.6 | selection->predicted 33.4 | sum 2.0 over 176 selected frames (0 invalid)
09-22 22:07:43.019 28916  9571 I WiVRn   : [2026-09-22 22:07:43.019] [WiVRn] [info] nxwarp[0] net: 179 frames closed in 2.0 s, 30 with a hole, 0 out-of-order datagrams, 0 frames completed late, 0 queued for the worker, 499 decoded so far, 317 stragglers dropped; last hole 12/12 chunks, first missing -1, short false, chunk 1166 B; worker phase idle
09-22 22:07:43.019 28916  9571 I WiVRn   : [2026-09-22 22:07:43.019] [WiVRn] [info] nxwarp[0] net: 0.010 ms per datagram over 12370 datagrams (63.10 ms of every second)
09-22 22:07:43.243 28916  9575 I WiVRn   : [2026-09-22 22:07:43.243] [WiVRn] [info] nxwarp[0]: LZ4 540 compressed / 0 raw units, 21064414 wire / 36054720 unpacked bytes, 25.710 ms total decompression
09-22 22:07:43.804 28916  9518 I WiVRn   : [2026-09-22 22:07:43.804] [WiVRn] [info] NX safety: fallback at source 23077986127206 frame 421 after 22.280 ms primary hold
09-22 22:07:44.125 28916  9518 I WiVRn   : [2026-09-22 22:07:44.125] [WiVRn] [info] NX safety: detail at source 23078308367451 frame 450 after 345.304 ms primary hold
09-22 22:07:44.303 28916  9518 I WiVRn   : [2026-09-22 22:07:44.303] [WiVRn] [info] render: 179 iterations in 2.0 s (89.4/s), 179 submitted a layer, 176 new-source, 0 skipped by the repeat gate, 0 with nothing to show; display period 11.2 ms
09-22 22:07:44.303 28916  9518 I WiVRn   : [2026-09-22 22:07:44.303] [WiVRn] [info] render: ready wait attempts 0 success 0 total 0.000 ms | selected older than available 0
09-22 22:07:44.303 28916  9518 I WiVRn   : [2026-09-22 22:07:44.303] [WiVRn] [info] render: selected source transitions forward 176 backward 0 repeat 3, greatest forward gap 2
09-22 22:07:44.303 28916  9518 I WiVRn   : [2026-09-22 22:07:44.303] [WiVRn] [info] render: this app's own GPU pass 4.0 ms per iteration
09-22 22:07:44.303 28916  9518 I WiVRn   : [2026-09-22 22:07:44.303] [WiVRn] [info] render: defoveate 2160x2160 per eye x2 = 9.33 Mpx/frame at scale 1.00 atlas-prototype 0; 0 re-presented from the cache (reduce_gpu_load on)
09-22 22:07:44.303 28916  9518 I WiVRn   : [2026-09-22 22:07:44.303] [WiVRn] [info] render: shader path sharpness 0.00 fsr false alpha false motion false blend true glow 0.00 vignette 0.00 deband 0.00 lowpoly 0.00 levels 0 full-kernel false
09-22 22:07:44.303 28916  9518 I WiVRn   : [2026-09-22 22:07:44.303] [WiVRn] [info] render: 179 GPU submissions, 0 cached refreshes without GPU submission
09-22 22:07:44.303 28916  9518 I WiVRn   : [2026-09-22 22:07:44.303] [WiVRn] [info] render: per iteration fence 0.0 (worst 2.2) | queries 0.0 | submit 0.0 | whole render() 0.5 ms
09-22 22:07:44.303 28916  9518 I WiVRn   : [2026-09-22 22:07:44.303] [WiVRn] [info] render: source-clock pose shifts 0
09-22 22:07:44.303 28916  9518 I WiVRn   : [2026-09-22 22:07:44.303] [WiVRn] [info] render: motion fields matched 0 active 0 pose-applied 0 pose-missing 0 pose-unsafe 0 mean active step 0.000
09-22 22:07:44.303 28916  9518 I WiVRn   : [2026-09-22 22:07:44.303] [WiVRn] [info] render: selection-to-defoveate CPU 0.063 ms mean (max 0.133) over 179 actual defoveate calls; not GPU/photon latency
09-22 22:07:44.303 28916  9518 I WiVRn   : [2026-09-22 22:07:44.303] [WiVRn] [info] render: jit on | wake slack 34.8 ms | slept 0.7 ms mean (max 11.6, 179 of 179 iterations) | budget 20.3 = pass 19.3 + margin 1.0 | sleep cap 0.4 ms
09-22 22:07:44.303 28916  9518 I WiVRn   : [2026-09-22 22:07:44.303] [WiVRn] [info] render: source display-time offset 0.7 ms mean (worst 15.3) over 179 frames | submit lead 33.6 ms mean (worst 22.8) | misses: 0 overrun 0 late 1 skipped refresh
09-22 22:07:44.303 28916  9518 I WiVRn   : [2026-09-22 22:07:44.303] [WiVRn] [info] render: source->first -39.2 ms | wire 1.0 | queue 0.3 | decode 0.1 | decode->selection 4.6 | selection->predicted 34.0 | sum 0.7 over 179 selected frames (0 invalid)
09-22 22:07:44.409 28916  9575 I WiVRn   : [2026-09-22 22:07:44.409] [WiVRn] [info] nxwarp[0]: LZ4 720 compressed / 0 raw units, 27372244 wire / 47203560 unpacked bytes, 32.791 ms total decompression
09-22 22:07:45.025 28916  9571 I WiVRn   : [2026-09-22 22:07:45.025] [WiVRn] [info] nxwarp[0] net: 180 frames closed in 2.0 s, 30 with a hole, 0 out-of-order datagrams, 0 frames completed late, 0 queued for the worker, 829 decoded so far, 467 stragglers dropped; last hole 12/12 chunks, first missing -1, short false, chunk 1166 B; worker phase idle
09-22 22:07:45.025 28916  9571 I WiVRn   : [2026-09-22 22:07:45.025] [WiVRn] [info] nxwarp[0] net: 0.010 ms per datagram over 12094 datagrams (58.33 ms of every second)
09-22 22:07:45.415 28916  9575 I WiVRn   : [2026-09-22 22:07:45.415] [WiVRn] [info] nxwarp[0]: LZ4 900 compressed / 0 raw units, 34616871 wire / 59801400 unpacked bytes, 40.873 ms total decompression
09-22 22:07:45.821 28916  9518 I WiVRn   : [2026-09-22 22:07:45.821] [WiVRn] [info] NX safety: fallback at source 23080002221683 frame 602 after 33.419 ms primary hold
09-22 22:07:46.130 28916  9518 I WiVRn   : [2026-09-22 22:07:46.130] [WiVRn] [info] NX safety: detail at source 23080313330049 frame 630 after 345.306 ms primary hold
09-22 22:07:46.311 28916  9518 I WiVRn   : [2026-09-22 22:07:46.311] [WiVRn] [info] render: 180 iterations in 2.0 s (89.7/s), 180 submitted a layer, 177 new-source, 0 skipped by the repeat gate, 0 with nothing to show; display period 11.1 ms
09-22 22:07:46.311 28916  9518 I WiVRn   : [2026-09-22 22:07:46.311] [WiVRn] [info] render: ready wait attempts 0 success 0 total 0.000 ms | selected older than available 0
09-22 22:07:46.311 28916  9518 I WiVRn   : [2026-09-22 22:07:46.311] [WiVRn] [info] render: selected source transitions forward 177 backward 0 repeat 3, greatest forward gap 3
09-22 22:07:46.311 28916  9518 I WiVRn   : [2026-09-22 22:07:46.311] [WiVRn] [info] render: this app's own GPU pass 3.8 ms per iteration
09-22 22:07:46.311 28916  9518 I WiVRn   : [2026-09-22 22:07:46.311] [WiVRn] [info] render: defoveate 2160x2160 per eye x2 = 9.33 Mpx/frame at scale 1.00 atlas-prototype 0; 1 re-presented from the cache (reduce_gpu_load on)
09-22 22:07:46.311 28916  9518 I WiVRn   : [2026-09-22 22:07:46.311] [WiVRn] [info] render: shader path sharpness 0.00 fsr false alpha false motion false blend true glow 0.00 vignette 0.00 deband 0.00 lowpoly 0.00 levels 0 full-kernel false
09-22 22:07:46.311 28916  9518 I WiVRn   : [2026-09-22 22:07:46.311] [WiVRn] [info] render: 179 GPU submissions, 1 cached refreshes without GPU submission
09-22 22:07:46.311 28916  9518 I WiVRn   : [2026-09-22 22:07:46.311] [WiVRn] [info] render: per iteration fence 0.0 (worst 0.0) | queries 0.0 | submit 0.0 | whole render() 0.4 ms
09-22 22:07:46.311 28916  9518 I WiVRn   : [2026-09-22 22:07:46.311] [WiVRn] [info] render: source-clock pose shifts 0
09-22 22:07:46.311 28916  9518 I WiVRn   : [2026-09-22 22:07:46.311] [WiVRn] [info] render: motion fields matched 0 active 0 pose-applied 0 pose-missing 0 pose-unsafe 0 mean active step 0.000
09-22 22:07:46.311 28916  9518 I WiVRn   : [2026-09-22 22:07:46.311] [WiVRn] [info] render: selection-to-defoveate CPU 0.057 ms mean (max 0.148) over 179 actual defoveate calls; not GPU/photon latency
09-22 22:07:46.311 28916  9518 I WiVRn   : [2026-09-22 22:07:46.311] [WiVRn] [info] render: jit on | wake slack 34.5 ms | slept 0.4 ms mean (max 0.4, 180 of 180 iterations) | budget 18.5 = pass 17.5 + margin 1.0 | sleep cap 0.4 ms
09-22 22:07:46.311 28916  9518 I WiVRn   : [2026-09-22 22:07:46.311] [WiVRn] [info] render: source display-time offset 0.8 ms mean (worst 22.6) over 180 frames | submit lead 33.7 ms mean (worst 32.5) | misses: 0 overrun 0 late 0 skipped refresh
09-22 22:07:46.311 28916  9518 I WiVRn   : [2026-09-22 22:07:46.311] [WiVRn] [info] render: source->first -39.7 ms | wire 1.2 | queue 0.2 | decode 0.1 | decode->selection 5.0 | selection->predicted 34.0 | sum 0.8 over 180 selected frames (0 invalid)
09-22 22:07:46.584 28916  9575 I WiVRn   : [2026-09-22 22:07:46.584] [WiVRn] [info] nxwarp[0]: LZ4 1080 compressed / 0 raw units, 41249529 wire / 70950240 unpacked bytes, 48.837 ms total decompression
09-22 22:07:47.031 28916  9571 I WiVRn   : [2026-09-22 22:07:47.031] [WiVRn] [info] nxwarp[0] net: 180 frames closed in 2.0 s, 30 with a hole, 0 out-of-order datagrams, 0 frames completed late, 0 queued for the worker, 1159 decoded so far, 630 stragglers dropped; last hole 12/12 chunks, first missing -1, short false, chunk 1166 B; worker phase idle
09-22 22:07:47.031 28916  9571 I WiVRn   : [2026-09-22 22:07:47.031] [WiVRn] [info] nxwarp[0] net: 0.010 ms per datagram over 12771 datagrams (61.41 ms of every second)
09-22 22:07:47.590 28916  9575 I WiVRn   : [2026-09-22 22:07:47.590] [WiVRn] [info] nxwarp[0]: LZ4 1260 compressed / 0 raw units, 49003283 wire / 83548080 unpacked bytes, 58.633 ms total decompression
09-22 22:07:47.815 28916  9518 I WiVRn   : [2026-09-22 22:07:47.815] [WiVRn] [info] NX safety: fallback at source 23081996092092 frame 781 after 22.277 ms primary hold
09-22 22:07:48.137 28916  9518 I WiVRn   : [2026-09-22 22:07:48.137] [WiVRn] [info] NX safety: detail at source 23082318309565 frame 810 after 345.300 ms primary hold
09-22 22:07:48.317 28916  9518 I WiVRn   : [2026-09-22 22:07:48.317] [WiVRn] [info] render: 179 iterations in 2.0 s (89.2/s), 179 submitted a layer, 176 new-source, 0 skipped by the repeat gate, 0 with nothing to show; display period 11.2 ms
09-22 22:07:48.317 28916  9518 I WiVRn   : [2026-09-22 22:07:48.317] [WiVRn] [info] render: ready wait attempts 0 success 0 total 0.000 ms | selected older than available 0
09-22 22:07:48.317 28916  9518 I WiVRn   : [2026-09-22 22:07:48.317] [WiVRn] [info] render: selected source transitions forward 176 backward 0 repeat 3, greatest forward gap 2
09-22 22:07:48.317 28916  9518 I WiVRn   : [2026-09-22 22:07:48.317] [WiVRn] [info] render: this app's own GPU pass 3.5 ms per iteration
09-22 22:07:48.317 28916  9518 I WiVRn   : [2026-09-22 22:07:48.317] [WiVRn] [info] render: defoveate 2160x2160 per eye x2 = 9.33 Mpx/frame at scale 1.00 atlas-prototype 0; 0 re-presented from the cache (reduce_gpu_load on)
09-22 22:07:48.317 28916  9518 I WiVRn   : [2026-09-22 22:07:48.317] [WiVRn] [info] render: shader path sharpness 0.00 fsr false alpha false motion false blend true glow 0.00 vignette 0.00 deband 0.00 lowpoly 0.00 levels 0 full-kernel false
09-22 22:07:48.317 28916  9518 I WiVRn   : [2026-09-22 22:07:48.317] [WiVRn] [info] render: 179 GPU submissions, 0 cached refreshes without GPU submission
09-22 22:07:48.317 28916  9518 I WiVRn   : [2026-09-22 22:07:48.317] [WiVRn] [info] render: per iteration fence 0.0 (worst 3.2) | queries 0.0 | submit 0.0 | whole render() 0.4 ms
09-22 22:07:48.317 28916  9518 I WiVRn   : [2026-09-22 22:07:48.317] [WiVRn] [info] render: source-clock pose shifts 0
09-22 22:07:48.317 28916  9518 I WiVRn   : [2026-09-22 22:07:48.317] [WiVRn] [info] render: motion fields matched 0 active 0 pose-applied 0 pose-missing 0 pose-unsafe 0 mean active step 0.000
09-22 22:07:48.317 28916  9518 I WiVRn   : [2026-09-22 22:07:48.317] [WiVRn] [info] render: selection-to-defoveate CPU 0.056 ms mean (max 0.113) over 179 actual defoveate calls; not GPU/photon latency
09-22 22:07:48.317 28916  9518 I WiVRn   : [2026-09-22 22:07:48.317] [WiVRn] [info] render: jit on | wake slack 33.8 ms | slept 0.7 ms mean (max 11.6, 179 of 179 iterations) | budget 16.8 = pass 15.8 + margin 1.0 | sleep cap 0.4 ms
09-22 22:07:48.317 28916  9518 I WiVRn   : [2026-09-22 22:07:48.317] [WiVRn] [info] render: source display-time offset 1.0 ms mean (worst 14.9) over 179 frames | submit lead 32.8 ms mean (worst 19.9) | misses: 0 overrun 0 late 1 skipped refresh
09-22 22:07:48.317 28916  9518 I WiVRn   : [2026-09-22 22:07:48.317] [WiVRn] [info] render: source->first -37.9 ms | wire 1.1 | queue 0.3 | decode 0.1 | decode->selection 4.3 | selection->predicted 33.1 | sum 1.0 over 179 selected frames (0 invalid)
09-22 22:07:48.759 28916  9575 I WiVRn   : [2026-09-22 22:07:48.759] [WiVRn] [info] nxwarp[0]: LZ4 1440 compressed / 0 raw units, 56016840 wire / 94696920 unpacked bytes, 68.128 ms total decompression
09-22 22:07:49.039 28916  9571 I WiVRn   : [2026-09-22 22:07:49.039] [WiVRn] [info] nxwarp[0] net: 180 frames closed in 2.0 s, 30 with a hole, 0 out-of-order datagrams, 0 frames completed late, 0 queued for the worker, 1489 decoded so far, 780 stragglers dropped; last hole 13/13 chunks, first missing -1, short false, chunk 1166 B; worker phase idle
09-22 22:07:49.039 28916  9571 I WiVRn   : [2026-09-22 22:07:49.039] [WiVRn] [info] nxwarp[0] net: 0.011 ms per datagram over 13521 datagrams (72.46 ms of every second)
09-22 22:07:49.761 28916  9575 I WiVRn   : [2026-09-22 22:07:49.761] [WiVRn] [info] nxwarp[0]: LZ4 1620 compressed / 0 raw units, 64029579 wire / 107294760 unpacked bytes, 79.017 ms total decompression
09-22 22:07:49.832 28916  9518 I WiVRn   : [2026-09-22 22:07:49.832] [WiVRn] [info] NX safety: fallback at source 23084012193480 frame 962 after 33.415 ms primary hold
09-22 22:07:50.140 28916  9518 I WiVRn   : [2026-09-22 22:07:50.140] [WiVRn] [info] NX safety: detail at source 23084323300840 frame 990 after 345.304 ms primary hold
09-22 22:07:50.322 28916  9518 I WiVRn   : [2026-09-22 22:07:50.322] [WiVRn] [info] render: 179 iterations in 2.0 s (89.3/s), 179 submitted a layer, 174 new-source, 0 skipped by the repeat gate, 0 with nothing to show; display period 11.2 ms
09-22 22:07:50.322 28916  9518 I WiVRn   : [2026-09-22 22:07:50.322] [WiVRn] [info] render: ready wait attempts 0 success 0 total 0.000 ms | selected older than available 0
09-22 22:07:50.322 28916  9518 I WiVRn   : [2026-09-22 22:07:50.322] [WiVRn] [info] render: selected source transitions forward 174 backward 0 repeat 5, greatest forward gap 3
09-22 22:07:50.322 28916  9518 I WiVRn   : [2026-09-22 22:07:50.322] [WiVRn] [info] render: this app's own GPU pass 3.9 ms per iteration
09-22 22:07:50.322 28916  9518 I WiVRn   : [2026-09-22 22:07:50.322] [WiVRn] [info] render: defoveate 2160x2160 per eye x2 = 9.33 Mpx/frame at scale 1.00 atlas-prototype 0; 3 re-presented from the cache (reduce_gpu_load on)
09-22 22:07:50.322 28916  9518 I WiVRn   : [2026-09-22 22:07:50.322] [WiVRn] [info] render: shader path sharpness 0.00 fsr false alpha false motion false blend true glow 0.00 vignette 0.00 deband 0.00 lowpoly 0.00 levels 0 full-kernel false
09-22 22:07:50.322 28916  9518 I WiVRn   : [2026-09-22 22:07:50.322] [WiVRn] [info] render: 176 GPU submissions, 3 cached refreshes without GPU submission
09-22 22:07:50.322 28916  9518 I WiVRn   : [2026-09-22 22:07:50.322] [WiVRn] [info] render: per iteration fence 0.0 (worst 4.6) | queries 0.0 | submit 0.0 | whole render() 0.4 ms
09-22 22:07:50.322 28916  9518 I WiVRn   : [2026-09-22 22:07:50.322] [WiVRn] [info] render: source-clock pose shifts 0
09-22 22:07:50.322 28916  9518 I WiVRn   : [2026-09-22 22:07:50.322] [WiVRn] [info] render: motion fields matched 0 active 0 pose-applied 0 pose-missing 0 pose-unsafe 0 mean active step 0.000
09-22 22:07:50.322 28916  9518 I WiVRn   : [2026-09-22 22:07:50.322] [WiVRn] [info] render: selection-to-defoveate CPU 0.059 ms mean (max 0.101) over 176 actual defoveate calls; not GPU/photon latency
09-22 22:07:50.322 28916  9518 I WiVRn   : [2026-09-22 22:07:50.322] [WiVRn] [info] render: jit on | wake slack 33.2 ms | slept 0.7 ms mean (max 11.6, 179 of 179 iterations) | budget 15.0 = pass 14.0 + margin 1.0 | sleep cap 0.4 ms
09-22 22:07:50.322 28916  9518 I WiVRn   : [2026-09-22 22:07:50.322] [WiVRn] [info] render: source display-time offset 0.7 ms mean (worst 22.6) over 179 frames | submit lead 32.2 ms mean (worst 20.9) | misses: 0 overrun 0 late 1 skipped refresh
09-22 22:07:50.322 28916  9518 I WiVRn   : [2026-09-22 22:07:50.322] [WiVRn] [info] render: source->first -37.6 ms | wire 1.4 | queue 0.3 | decode 0.1 | decode->selection 4.0 | selection->predicted 32.5 | sum 0.7 over 179 selected frames (0 invalid)
09-22 22:07:50.931 28916  9575 I WiVRn   : [2026-09-22 22:07:50.931] [WiVRn] [info] nxwarp[0]: LZ4 1800 compressed / 0 raw units, 70909842 wire / 118443600 unpacked bytes, 88.655 ms total decompression
09-22 22:07:51.043 28916  9571 I WiVRn   : [2026-09-22 22:07:51.043] [WiVRn] [info] nxwarp[0] net: 180 frames closed in 2.0 s, 30 with a hole, 0 out-of-order datagrams, 0 frames completed late, 0 queued for the worker, 1819 decoded so far, 939 stragglers dropped; last hole 13/13 chunks, first missing -1, short false, chunk 1166 B; worker phase idle
09-22 22:07:51.043 28916  9571 I WiVRn   : [2026-09-22 22:07:51.043] [WiVRn] [info] nxwarp[0] net: 0.011 ms per datagram over 13508 datagrams (74.79 ms of every second)
09-22 22:07:51.826 28916  9518 I WiVRn   : [2026-09-22 22:07:51.826] [WiVRn] [info] NX safety: fallback at source 23086006068850 frame 1141 after 22.283 ms primary hold
09-22 22:07:52.065 28916  9575 I WiVRn   : [2026-09-22 22:07:52.065] [WiVRn] [info] nxwarp[0]: LZ4 1980 compressed / 0 raw units, 77629371 wire / 129882240 unpacked bytes, 98.201 ms total decompression
09-22 22:07:52.147 28916  9518 I WiVRn   : [2026-09-22 22:07:52.147] [WiVRn] [info] NX safety: detail at source 23086328280471 frame 1170 after 345.308 ms primary hold
09-22 22:07:52.327 28916  9518 I WiVRn   : [2026-09-22 22:07:52.327] [WiVRn] [info] render: 180 iterations in 2.0 s (89.8/s), 180 submitted a layer, 176 new-source, 0 skipped by the repeat gate, 0 with nothing to show; display period 11.1 ms
09-22 22:07:52.327 28916  9518 I WiVRn   : [2026-09-22 22:07:52.327] [WiVRn] [info] render: ready wait attempts 0 success 0 total 0.000 ms | selected older than available 0
09-22 22:07:52.327 28916  9518 I WiVRn   : [2026-09-22 22:07:52.327] [WiVRn] [info] render: selected source transitions forward 176 backward 0 repeat 4, greatest forward gap 2
09-22 22:07:52.327 28916  9518 I WiVRn   : [2026-09-22 22:07:52.327] [WiVRn] [info] render: this app's own GPU pass 4.0 ms per iteration
09-22 22:07:52.327 28916  9518 I WiVRn   : [2026-09-22 22:07:52.327] [WiVRn] [info] render: defoveate 2160x2160 per eye x2 = 9.33 Mpx/frame at scale 1.00 atlas-prototype 0; 0 re-presented from the cache (reduce_gpu_load on)
09-22 22:07:52.327 28916  9518 I WiVRn   : [2026-09-22 22:07:52.327] [WiVRn] [info] render: shader path sharpness 0.00 fsr false alpha false motion false blend true glow 0.00 vignette 0.00 deband 0.00 lowpoly 0.00 levels 0 full-kernel false
09-22 22:07:52.327 28916  9518 I WiVRn   : [2026-09-22 22:07:52.327] [WiVRn] [info] render: 180 GPU submissions, 0 cached refreshes without GPU submission
09-22 22:07:52.327 28916  9518 I WiVRn   : [2026-09-22 22:07:52.327] [WiVRn] [info] render: per iteration fence 0.0 (worst 0.0) | queries 0.0 | submit 0.0 | whole render() 0.4 ms
09-22 22:07:52.327 28916  9518 I WiVRn   : [2026-09-22 22:07:52.327] [WiVRn] [info] render: source-clock pose shifts 0
09-22 22:07:52.327 28916  9518 I WiVRn   : [2026-09-22 22:07:52.327] [WiVRn] [info] render: motion fields matched 0 active 0 pose-applied 0 pose-missing 0 pose-unsafe 0 mean active step 0.000
09-22 22:07:52.327 28916  9518 I WiVRn   : [2026-09-22 22:07:52.327] [WiVRn] [info] render: selection-to-defoveate CPU 0.057 ms mean (max 0.118) over 180 actual defoveate calls; not GPU/photon latency
09-22 22:07:52.327 28916  9518 I WiVRn   : [2026-09-22 22:07:52.327] [WiVRn] [info] render: jit on | wake slack 32.8 ms | slept 0.4 ms mean (max 0.4, 180 of 180 iterations) | budget 13.2 = pass 12.2 + margin 1.0 | sleep cap 0.4 ms
09-22 22:07:52.327 28916  9518 I WiVRn   : [2026-09-22 22:07:52.327] [WiVRn] [info] render: source display-time offset 0.7 ms mean (worst 11.5) over 180 frames | submit lead 32.0 ms mean (worst 31.2) | misses: 0 overrun 0 late 0 skipped refresh
09-22 22:07:52.327 28916  9518 I WiVRn   : [2026-09-22 22:07:52.327] [WiVRn] [info] render: source->first -37.3 ms | wire 1.2 | queue 0.3 | decode 0.1 | decode->selection 3.9 | selection->predicted 32.4 | sum 0.7 over 180 selected frames (0 invalid)
09-22 22:07:53.047 28916  9571 I WiVRn   : [2026-09-22 22:07:53.047] [WiVRn] [info] nxwarp[0] net: 180 frames closed in 2.0 s, 30 with a hole, 0 out-of-order datagrams, 0 frames completed late, 0 queued for the worker, 2149 decoded so far, 1109 stragglers dropped; last hole 12/12 chunks, first missing -1, short false, chunk 1166 B; worker phase idle
09-22 22:07:53.047 28916  9571 I WiVRn   : [2026-09-22 22:07:53.047] [WiVRn] [info] nxwarp[0] net: 0.012 ms per datagram over 12239 datagrams (70.26 ms of every second)
09-22 22:07:53.101 28916  9575 I WiVRn   : [2026-09-22 22:07:53.101] [WiVRn] [info] nxwarp[0]: LZ4 2160 compressed / 0 raw units, 84576006 wire / 142190280 unpacked bytes, 108.013 ms total decompression
09-22 22:07:53.831 28916  9518 I WiVRn   : [2026-09-22 22:07:53.831] [WiVRn] [info] NX safety: fallback at source 23088011027450 frame 1321 after 22.281 ms primary hold
09-22 22:07:54.152 28916  9518 I WiVRn   : [2026-09-22 22:07:54.152] [WiVRn] [info] NX safety: detail at source 23088333258244 frame 1350 after 345.310 ms primary hold
09-22 22:07:54.271 28916  9575 I WiVRn   : [2026-09-22 22:07:54.271] [WiVRn] [info] nxwarp[0]: LZ4 2340 compressed / 0 raw units, 90913188 wire / 153339120 unpacked bytes, 117.189 ms total decompression
09-22 22:07:54.332 28916  9518 I WiVRn   : [2026-09-22 22:07:54.332] [WiVRn] [info] render: 179 iterations in 2.0 s (89.3/s), 179 submitted a layer, 177 new-source, 0 skipped by the repeat gate, 0 with nothing to show; display period 11.2 ms
09-22 22:07:54.332 28916  9518 I WiVRn   : [2026-09-22 22:07:54.332] [WiVRn] [info] render: ready wait attempts 0 success 0 total 0.000 ms | selected older than available 0
09-22 22:07:54.332 28916  9518 I WiVRn   : [2026-09-22 22:07:54.332] [WiVRn] [info] render: selected source transitions forward 177 backward 0 repeat 2, greatest forward gap 2
09-22 22:07:54.332 28916  9518 I WiVRn   : [2026-09-22 22:07:54.332] [WiVRn] [info] render: this app's own GPU pass 4.0 ms per iteration
09-22 22:07:54.332 28916  9518 I WiVRn   : [2026-09-22 22:07:54.332] [WiVRn] [info] render: defoveate 2160x2160 per eye x2 = 9.33 Mpx/frame at scale 1.00 atlas-prototype 0; 0 re-presented from the cache (reduce_gpu_load on)
09-22 22:07:54.332 28916  9518 I WiVRn   : [2026-09-22 22:07:54.332] [WiVRn] [info] render: shader path sharpness 0.00 fsr false alpha false motion false blend true glow 0.00 vignette 0.00 deband 0.00 lowpoly 0.00 levels 0 full-kernel false
09-22 22:07:54.332 28916  9518 I WiVRn   : [2026-09-22 22:07:54.332] [WiVRn] [info] render: 179 GPU submissions, 0 cached refreshes without GPU submission
09-22 22:07:54.332 28916  9518 I WiVRn   : [2026-09-22 22:07:54.332] [WiVRn] [info] render: per iteration fence 0.0 (worst 3.2) | queries 0.0 | submit 0.0 | whole render() 0.4 ms
09-22 22:07:54.332 28916  9518 I WiVRn   : [2026-09-22 22:07:54.332] [WiVRn] [info] render: source-clock pose shifts 0
09-22 22:07:54.332 28916  9518 I WiVRn   : [2026-09-22 22:07:54.332] [WiVRn] [info] render: motion fields matched 0 active 0 pose-applied 0 pose-missing 0 pose-unsafe 0 mean active step 0.000
09-22 22:07:54.332 28916  9518 I WiVRn   : [2026-09-22 22:07:54.332] [WiVRn] [info] render: selection-to-defoveate CPU 0.057 ms mean (max 0.109) over 179 actual defoveate calls; not GPU/photon latency
09-22 22:07:54.332 28916  9518 I WiVRn   : [2026-09-22 22:07:54.332] [WiVRn] [info] render: jit on | wake slack 32.8 ms | slept 0.7 ms mean (max 11.6, 179 of 179 iterations) | budget 11.4 = pass 10.4 + margin 1.0 | sleep cap 0.4 ms
09-22 22:07:54.332 28916  9518 I WiVRn   : [2026-09-22 22:07:54.332] [WiVRn] [info] render: source display-time offset 1.0 ms mean (worst 14.9) over 179 frames | submit lead 31.7 ms mean (worst 18.7) | misses: 0 overrun 0 late 1 skipped refresh
09-22 22:07:54.332 28916  9518 I WiVRn   : [2026-09-22 22:07:54.332] [WiVRn] [info] render: source->first -36.9 ms | wire 1.2 | queue 0.3 | decode 0.1 | decode->selection 4.2 | selection->predicted 32.1 | sum 1.0 over 179 selected frames (0 invalid)
09-22 22:07:55.053 28916  9571 I WiVRn   : [2026-09-22 22:07:55.053] [WiVRn] [info] nxwarp[0] net: 180 frames closed in 2.0 s, 30 with a hole, 0 out-of-order datagrams, 0 frames completed late, 0 queued for the worker, 2479 decoded so far, 1274 stragglers dropped; last hole 11/11 chunks, first missing -1, short false, chunk 1166 B; worker phase idle
09-22 22:07:55.053 28916  9571 I WiVRn   : [2026-09-22 22:07:55.053] [WiVRn] [info] nxwarp[0] net: 0.012 ms per datagram over 12285 datagrams (70.71 ms of every second)
09-22 22:07:55.277 28916  9575 I WiVRn   : [2026-09-22 22:07:55.277] [WiVRn] [info] nxwarp[0]: LZ4 2520 compressed / 0 raw units, 98216007 wire / 165936960 unpacked bytes, 127.538 ms total decompression
09-22 22:07:55.837 28916  9518 I WiVRn   : [2026-09-22 22:07:55.837] [WiVRn] [info] NX safety: fallback at source 23090013004872 frame 1501 after 33.415 ms primary hold
09-22 22:07:56.157 28916  9518 I WiVRn   : [2026-09-22 22:07:56.157] [WiVRn] [info] NX safety: detail at source 23090335220679 frame 1530 after 356.442 ms primary hold
09-22 22:07:56.337 28916  9518 I WiVRn   : [2026-09-22 22:07:56.337] [WiVRn] [info] render: 179 iterations in 2.0 s (89.3/s), 179 submitted a layer, 177 new-source, 0 skipped by the repeat gate, 0 with nothing to show; display period 11.2 ms
09-22 22:07:56.337 28916  9518 I WiVRn   : [2026-09-22 22:07:56.337] [WiVRn] [info] render: ready wait attempts 0 success 0 total 0.000 ms | selected older than available 0
09-22 22:07:56.337 28916  9518 I WiVRn   : [2026-09-22 22:07:56.337] [WiVRn] [info] render: selected source transitions forward 177 backward 0 repeat 2, greatest forward gap 2
09-22 22:07:56.337 28916  9518 I WiVRn   : [2026-09-22 22:07:56.337] [WiVRn] [info] render: this app's own GPU pass 4.1 ms per iteration
09-22 22:07:56.337 28916  9518 I WiVRn   : [2026-09-22 22:07:56.337] [WiVRn] [info] render: defoveate 2160x2160 per eye x2 = 9.33 Mpx/frame at scale 1.00 atlas-prototype 0; 0 re-presented from the cache (reduce_gpu_load on)
09-22 22:07:56.337 28916  9518 I WiVRn   : [2026-09-22 22:07:56.337] [WiVRn] [info] render: shader path sharpness 0.00 fsr false alpha false motion false blend true glow 0.00 vignette 0.00 deband 0.00 lowpoly 0.00 levels 0 full-kernel false
09-22 22:07:56.337 28916  9518 I WiVRn   : [2026-09-22 22:07:56.337] [WiVRn] [info] render: 179 GPU submissions, 0 cached refreshes without GPU submission
09-22 22:07:56.337 28916  9518 I WiVRn   : [2026-09-22 22:07:56.337] [WiVRn] [info] render: per iteration fence 0.0 (worst 3.1) | queries 0.0 | submit 0.0 | whole render() 0.4 ms
09-22 22:07:56.337 28916  9518 I WiVRn   : [2026-09-22 22:07:56.337] [WiVRn] [info] render: source-clock pose shifts 0
09-22 22:07:56.337 28916  9518 I WiVRn   : [2026-09-22 22:07:56.337] [WiVRn] [info] render: motion fields matched 0 active 0 pose-applied 0 pose-missing 0 pose-unsafe 0 mean active step 0.000
09-22 22:07:56.337 28916  9518 I WiVRn   : [2026-09-22 22:07:56.337] [WiVRn] [info] render: selection-to-defoveate CPU 0.058 ms mean (max 0.109) over 179 actual defoveate calls; not GPU/photon latency
09-22 22:07:56.337 28916  9518 I WiVRn   : [2026-09-22 22:07:56.337] [WiVRn] [info] render: jit on | wake slack 32.7 ms | slept 0.7 ms mean (max 11.6, 179 of 179 iterations) | budget 9.6 = pass 8.6 + margin 1.0 | sleep cap 0.4 ms
09-22 22:07:56.337 28916  9518 I WiVRn   : [2026-09-22 22:07:56.337] [WiVRn] [info] render: source display-time offset 1.3 ms mean (worst 14.6) over 179 frames | submit lead 31.6 ms mean (worst 18.0) | misses: 0 overrun 0 late 1 skipped refresh
09-22 22:07:56.337 28916  9518 I WiVRn   : [2026-09-22 22:07:56.337] [WiVRn] [info] render: source->first -35.7 ms | wire 1.3 | queue 0.3 | decode 0.1 | decode->selection 3.4 | selection->predicted 31.9 | sum 1.3 over 179 selected frames (0 invalid)
09-22 22:07:56.445 28916  9575 I WiVRn   : [2026-09-22 22:07:56.445] [WiVRn] [info] nxwarp[0]: LZ4 2700 compressed / 0 raw units, 104860700 wire / 177085800 unpacked bytes, 136.780 ms total decompression
09-22 22:07:57.058 28916  9571 I WiVRn   : [2026-09-22 22:07:57.058] [WiVRn] [info] nxwarp[0] net: 180 frames closed in 2.0 s, 30 with a hole, 0 out-of-order datagrams, 0 frames completed late, 0 queued for the worker, 2809 decoded so far, 1475 stragglers dropped; last hole 12/12 chunks, first missing -1, short false, chunk 1166 B; worker phase idle
09-22 22:07:57.058 28916  9571 I WiVRn   : [2026-09-22 22:07:57.058] [WiVRn] [info] nxwarp[0] net: 0.011 ms per datagram over 12988 datagrams (72.68 ms of every second)
09-22 22:07:57.449 28916  9575 I WiVRn   : [2026-09-22 22:07:57.449] [WiVRn] [info] nxwarp[0]: LZ4 2880 compressed / 0 raw units, 112464065 wire / 189683640 unpacked bytes, 147.272 ms total decompression
09-22 22:07:57.842 28916  9518 I WiVRn   : [2026-09-22 22:07:57.842] [WiVRn] [info] NX safety: fallback at source 23092021025606 frame 1681 after 22.277 ms primary hold
09-22 22:07:58.162 28916  9518 I WiVRn   : [2026-09-22 22:07:58.162] [WiVRn] [info] NX safety: detail at source 23092343242241 frame 1710 after 345.303 ms primary hold
09-22 22:07:58.343 28916  9518 I WiVRn   : [2026-09-22 22:07:58.343] [WiVRn] [info] render: 180 iterations in 2.0 s (89.8/s), 180 submitted a layer, 178 new-source, 0 skipped by the repeat gate, 0 with nothing to show; display period 11.1 ms
09-22 22:07:58.343 28916  9518 I WiVRn   : [2026-09-22 22:07:58.343] [WiVRn] [info] render: ready wait attempts 0 success 0 total 0.000 ms | selected older than available 0
09-22 22:07:58.343 28916  9518 I WiVRn   : [2026-09-22 22:07:58.343] [WiVRn] [info] render: selected source transitions forward 178 backward 0 repeat 2, greatest forward gap 2
09-22 22:07:58.343 28916  9518 I WiVRn   : [2026-09-22 22:07:58.343] [WiVRn] [info] render: this app's own GPU pass 4.0 ms per iteration
09-22 22:07:58.343 28916  9518 I WiVRn   : [2026-09-22 22:07:58.343] [WiVRn] [info] render: defoveate 2160x2160 per eye x2 = 9.33 Mpx/frame at scale 1.00 atlas-prototype 0; 0 re-presented from the cache (reduce_gpu_load on)
09-22 22:07:58.343 28916  9518 I WiVRn   : [2026-09-22 22:07:58.343] [WiVRn] [info] render: shader path sharpness 0.00 fsr false alpha false motion false blend true glow 0.00 vignette 0.00 deband 0.00 lowpoly 0.00 levels 0 full-kernel false
09-22 22:07:58.343 28916  9518 I WiVRn   : [2026-09-22 22:07:58.343] [WiVRn] [info] render: 180 GPU submissions, 0 cached refreshes without GPU submission
09-22 22:07:58.343 28916  9518 I WiVRn   : [2026-09-22 22:07:58.343] [WiVRn] [info] render: per iteration fence 0.0 (worst 0.0) | queries 0.0 | submit 0.0 | whole render() 0.4 ms
09-22 22:07:58.343 28916  9518 I WiVRn   : [2026-09-22 22:07:58.343] [WiVRn] [info] render: source-clock pose shifts 0
09-22 22:07:58.343 28916  9518 I WiVRn   : [2026-09-22 22:07:58.343] [WiVRn] [info] render: motion fields matched 0 active 0 pose-applied 0 pose-missing 0 pose-unsafe 0 mean active step 0.000
09-22 22:07:58.343 28916  9518 I WiVRn   : [2026-09-22 22:07:58.343] [WiVRn] [info] render: selection-to-defoveate CPU 0.057 ms mean (max 0.094) over 180 actual defoveate calls; not GPU/photon latency
09-22 22:07:58.343 28916  9518 I WiVRn   : [2026-09-22 22:07:58.343] [WiVRn] [info] render: jit on | wake slack 32.1 ms | slept 0.4 ms mean (max 0.4, 180 of 180 iterations) | budget 7.8 = pass 6.8 + margin 1.0 | sleep cap 0.4 ms
09-22 22:07:58.343 28916  9518 I WiVRn   : [2026-09-22 22:07:58.343] [WiVRn] [info] render: source display-time offset 0.6 ms mean (worst 11.5) over 180 frames | submit lead 31.3 ms mean (worst 30.7) | misses: 0 overrun 0 late 0 skipped refresh
09-22 22:07:58.343 28916  9518 I WiVRn   : [2026-09-22 22:07:58.343] [WiVRn] [info] render: source->first -36.1 ms | wire 1.4 | queue 0.3 | decode 0.1 | decode->selection 3.2 | selection->predicted 31.6 | sum 0.6 over 180 selected frames (0 invalid)
09-22 22:07:58.618 28916  9575 I WiVRn   : [2026-09-22 22:07:58.618] [WiVRn] [info] nxwarp[0]: LZ4 3060 compressed / 0 raw units, 119315601 wire / 200832480 unpacked bytes, 156.996 ms total decompression
09-22 22:07:59.062 28916  9571 I WiVRn   : [2026-09-22 22:07:59.062] [WiVRn] [info] nxwarp[0] net: 180 frames closed in 2.0 s, 30 with a hole, 0 out-of-order datagrams, 0 frames completed late, 0 queued for the worker, 3139 decoded so far, 1625 stragglers dropped; last hole 13/13 chunks, first missing -1, short false, chunk 1166 B; worker phase idle
09-22 22:07:59.062 28916  9571 I WiVRn   : [2026-09-22 22:07:59.062] [WiVRn] [info] nxwarp[0] net: 0.011 ms per datagram over 13292 datagrams (74.28 ms of every second)
09-22 22:07:59.620 28916  9575 I WiVRn   : [2026-09-22 22:07:59.620] [WiVRn] [info] nxwarp[0]: LZ4 3240 compressed / 0 raw units, 126932934 wire / 213430320 unpacked bytes, 167.621 ms total decompression
09-22 22:07:59.858 28916  9518 I WiVRn   : [2026-09-22 22:07:59.858] [WiVRn] [info] NX safety: fallback at source 23094037138643 frame 1862 after 33.402 ms primary hold
09-22 22:08:00.168 28916  9518 I WiVRn   : [2026-09-22 22:08:00.168] [WiVRn] [info] NX safety: detail at source 23094348227483 frame 1890 after 345.287 ms primary hold
09-22 22:08:00.348 28916  9518 I WiVRn   : [2026-09-22 22:08:00.348] [WiVRn] [info] render: 179 iterations in 2.0 s (89.3/s), 179 submitted a layer, 175 new-source, 0 skipped by the repeat gate, 0 with nothing to show; display period 11.2 ms
09-22 22:08:00.348 28916  9518 I WiVRn   : [2026-09-22 22:08:00.348] [WiVRn] [info] render: ready wait attempts 0 success 0 total 0.000 ms | selected older than available 0
09-22 22:08:00.348 28916  9518 I WiVRn   : [2026-09-22 22:08:00.348] [WiVRn] [info] render: selected source transitions forward 175 backward 0 repeat 4, greatest forward gap 3
09-22 22:08:00.348 28916  9518 I WiVRn   : [2026-09-22 22:08:00.348] [WiVRn] [info] render: this app's own GPU pass 4.0 ms per iteration
09-22 22:08:00.348 28916  9518 I WiVRn   : [2026-09-22 22:08:00.348] [WiVRn] [info] render: defoveate 2160x2160 per eye x2 = 9.33 Mpx/frame at scale 1.00 atlas-prototype 0; 1 re-presented from the cache (reduce_gpu_load on)
09-22 22:08:00.348 28916  9518 I WiVRn   : [2026-09-22 22:08:00.348] [WiVRn] [info] render: shader path sharpness 0.00 fsr false alpha false motion false blend true glow 0.00 vignette 0.00 deband 0.00 lowpoly 0.00 levels 0 full-kernel false
09-22 22:08:00.348 28916  9518 I WiVRn   : [2026-09-22 22:08:00.348] [WiVRn] [info] render: 178 GPU submissions, 1 cached refreshes without GPU submission
09-22 22:08:00.348 28916  9518 I WiVRn   : [2026-09-22 22:08:00.348] [WiVRn] [info] render: per iteration fence 0.0 (worst 3.2) | queries 0.0 | submit 0.0 | whole render() 0.4 ms
09-22 22:08:00.348 28916  9518 I WiVRn   : [2026-09-22 22:08:00.348] [WiVRn] [info] render: source-clock pose shifts 0
09-22 22:08:00.348 28916  9518 I WiVRn   : [2026-09-22 22:08:00.348] [WiVRn] [info] render: motion fields matched 0 active 0 pose-applied 0 pose-missing 0 pose-unsafe 0 mean active step 0.000
09-22 22:08:00.348 28916  9518 I WiVRn   : [2026-09-22 22:08:00.348] [WiVRn] [info] render: selection-to-defoveate CPU 0.058 ms mean (max 0.107) over 178 actual defoveate calls; not GPU/photon latency
09-22 22:08:00.348 28916  9518 I WiVRn   : [2026-09-22 22:08:00.348] [WiVRn] [info] render: jit on | wake slack 32.2 ms | slept 0.7 ms mean (max 11.6, 179 of 179 iterations) | budget 6.0 = pass 5.0 + margin 1.0 | sleep cap 0.4 ms
09-22 22:08:00.348 28916  9518 I WiVRn   : [2026-09-22 22:08:00.348] [WiVRn] [info] render: source display-time offset 1.1 ms mean (worst 22.6) over 179 frames | submit lead 31.1 ms mean (worst 18.1) | misses: 0 overrun 0 late 1 skipped refresh
09-22 22:08:00.348 28916  9518 I WiVRn   : [2026-09-22 22:08:00.348] [WiVRn] [info] render: source->first -36.2 ms | wire 1.2 | queue 0.3 | decode 0.1 | decode->selection 4.2 | selection->predicted 31.5 | sum 1.1 over 179 selected frames (0 invalid)
09-22 22:08:00.790 28916  9575 I WiVRn   : [2026-09-22 22:08:00.790] [WiVRn] [info] nxwarp[0]: LZ4 3420 compressed / 0 raw units, 133528315 wire / 224579160 unpacked bytes, 177.127 ms total decompression
09-22 22:08:01.068 28916  9571 I WiVRn   : [2026-09-22 22:08:01.068] [WiVRn] [info] nxwarp[0] net: 180 frames closed in 2.0 s, 30 with a hole, 0 out-of-order datagrams, 0 frames completed late, 0 queued for the worker, 3469 decoded so far, 1832 stragglers dropped; last hole 12/12 chunks, first missing -1, short false, chunk 1166 B; worker phase idle
09-22 22:08:01.068 28916  9571 I WiVRn   : [2026-09-22 22:08:01.068] [WiVRn] [info] nxwarp[0] net: 0.011 ms per datagram over 12671 datagrams (71.70 ms of every second)
09-22 22:08:01.790 28916  9575 I WiVRn   : [2026-09-22 22:08:01.790] [WiVRn] [info] nxwarp[0]: LZ4 3600 compressed / 0 raw units, 140795568 wire / 237177000 unpacked bytes, 187.657 ms total decompression
09-22 22:08:01.862 28916  9518 I WiVRn   : [2026-09-22 22:08:01.862] [WiVRn] [info] NX safety: fallback at source 23096041395853 frame 2042 after 33.417 ms primary hold
09-22 22:08:02.173 28916  9518 I WiVRn   : [2026-09-22 22:08:02.173] [WiVRn] [info] NX safety: detail at source 23096352498249 frame 2070 after 345.297 ms primary hold
09-22 22:08:02.353 28916  9518 I WiVRn   : [2026-09-22 22:08:02.353] [WiVRn] [info] render: 179 iterations in 2.0 s (89.3/s), 179 submitted a layer, 176 new-source, 0 skipped by the repeat gate, 0 with nothing to show; display period 11.2 ms
09-22 22:08:02.353 28916  9518 I WiVRn   : [2026-09-22 22:08:02.353] [WiVRn] [info] render: ready wait attempts 0 success 0 total 0.000 ms | selected older than available 0
09-22 22:08:02.353 28916  9518 I WiVRn   : [2026-09-22 22:08:02.353] [WiVRn] [info] render: selected source transitions forward 176 backward 0 repeat 3, greatest forward gap 3
09-22 22:08:02.353 28916  9518 I WiVRn   : [2026-09-22 22:08:02.353] [WiVRn] [info] render: this app's own GPU pass 4.0 ms per iteration
09-22 22:08:02.353 28916  9518 I WiVRn   : [2026-09-22 22:08:02.353] [WiVRn] [info] render: defoveate 2160x2160 per eye x2 = 9.33 Mpx/frame at scale 1.00 atlas-prototype 0; 1 re-presented from the cache (reduce_gpu_load on)
09-22 22:08:02.353 28916  9518 I WiVRn   : [2026-09-22 22:08:02.353] [WiVRn] [info] render: shader path sharpness 0.00 fsr false alpha false motion false blend true glow 0.00 vignette 0.00 deband 0.00 lowpoly 0.00 levels 0 full-kernel false
09-22 22:08:02.353 28916  9518 I WiVRn   : [2026-09-22 22:08:02.353] [WiVRn] [info] render: 178 GPU submissions, 1 cached refreshes without GPU submission
09-22 22:08:02.353 28916  9518 I WiVRn   : [2026-09-22 22:08:02.353] [WiVRn] [info] render: per iteration fence 0.0 (worst 3.0) | queries 0.0 | submit 0.0 | whole render() 0.4 ms
09-22 22:08:02.353 28916  9518 I WiVRn   : [2026-09-22 22:08:02.353] [WiVRn] [info] render: source-clock pose shifts 0
09-22 22:08:02.353 28916  9518 I WiVRn   : [2026-09-22 22:08:02.353] [WiVRn] [info] render: motion fields matched 0 active 0 pose-applied 0 pose-missing 0 pose-unsafe 0 mean active step 0.000
09-22 22:08:02.353 28916  9518 I WiVRn   : [2026-09-22 22:08:02.353] [WiVRn] [info] render: selection-to-defoveate CPU 0.058 ms mean (max 0.149) over 178 actual defoveate calls; not GPU/photon latency
09-22 22:08:02.353 28916  9518 I WiVRn   : [2026-09-22 22:08:02.353] [WiVRn] [info] render: jit on | wake slack 32.3 ms | slept 0.7 ms mean (max 11.6, 179 of 179 iterations) | budget 4.2 = pass 3.2 + margin 1.0 | sleep cap 0.4 ms
09-22 22:08:02.353 28916  9518 I WiVRn   : [2026-09-22 22:08:02.353] [WiVRn] [info] render: source display-time offset 1.0 ms mean (worst 23.6) over 179 frames | submit lead 31.2 ms mean (worst 17.7) | misses: 0 overrun 0 late 1 skipped refresh
09-22 22:08:02.353 28916  9518 I WiVRn   : [2026-09-22 22:08:02.353] [WiVRn] [info] render: source->first -36.3 ms | wire 1.2 | queue 0.3 | decode 0.1 | decode->selection 4.2 | selection->predicted 31.5 | sum 1.0 over 179 selected frames (0 invalid)
09-22 22:08:02.962 28916  9575 I WiVRn   : [2026-09-22 22:08:02.962] [WiVRn] [info] nxwarp[0]: LZ4 3780 compressed / 0 raw units, 147223641 wire / 248325840 unpacked bytes, 197.062 ms total decompression
09-22 22:08:03.074 28916  9571 I WiVRn   : [2026-09-22 22:08:03.074] [WiVRn] [info] nxwarp[0] net: 180 frames closed in 2.0 s, 30 with a hole, 0 out-of-order datagrams, 0 frames completed late, 0 queued for the worker, 3799 decoded so far, 1982 stragglers dropped; last hole 12/12 chunks, first missing -1, short false, chunk 1166 B; worker phase idle
09-22 22:08:03.074 28916  9571 I WiVRn   : [2026-09-22 22:08:03.074] [WiVRn] [info] nxwarp[0] net: 0.011 ms per datagram over 12271 datagrams (70.32 ms of every second)
09-22 22:08:03.868 28916  9518 I WiVRn   : [2026-09-22 22:08:03.868] [WiVRn] [info] NX safety: fallback at source 23098047098629 frame 2222 after 33.420 ms primary hold
09-22 22:08:04.096 28916  9575 I WiVRn   : [2026-09-22 22:08:04.096] [WiVRn] [info] nxwarp[0]: LZ4 3960 compressed / 0 raw units, 153862024 wire / 259764480 unpacked bytes, 206.500 ms total decompression
09-22 22:08:04.178 28916  9518 I WiVRn   : [2026-09-22 22:08:04.178] [WiVRn] [info] NX safety: detail at source 23098358186555 frame 2250 after 345.304 ms primary hold
09-22 22:08:04.358 28916  9518 I WiVRn   : [2026-09-22 22:08:04.358] [WiVRn] [info] render: 180 iterations in 2.0 s (89.8/s), 180 submitted a layer, 178 new-source, 0 skipped by the repeat gate, 0 with nothing to show; display period 11.1 ms
09-22 22:08:04.358 28916  9518 I WiVRn   : [2026-09-22 22:08:04.358] [WiVRn] [info] render: ready wait attempts 0 success 0 total 0.000 ms | selected older than available 0
09-22 22:08:04.358 28916  9518 I WiVRn   : [2026-09-22 22:08:04.358] [WiVRn] [info] render: selected source transitions forward 178 backward 0 repeat 2, greatest forward gap 3
09-22 22:08:04.358 28916  9518 I WiVRn   : [2026-09-22 22:08:04.358] [WiVRn] [info] render: this app's own GPU pass 4.0 ms per iteration
09-22 22:08:04.358 28916  9518 I WiVRn   : [2026-09-22 22:08:04.358] [WiVRn] [info] render: defoveate 2160x2160 per eye x2 = 9.33 Mpx/frame at scale 1.00 atlas-prototype 0; 1 re-presented from the cache (reduce_gpu_load on)
09-22 22:08:04.358 28916  9518 I WiVRn   : [2026-09-22 22:08:04.358] [WiVRn] [info] render: shader path sharpness 0.00 fsr false alpha false motion false blend true glow 0.00 vignette 0.00 deband 0.00 lowpoly 0.00 levels 0 full-kernel false
09-22 22:08:04.358 28916  9518 I WiVRn   : [2026-09-22 22:08:04.358] [WiVRn] [info] render: 179 GPU submissions, 1 cached refreshes without GPU submission
09-22 22:08:04.358 28916  9518 I WiVRn   : [2026-09-22 22:08:04.358] [WiVRn] [info] render: per iteration fence 0.0 (worst 0.0) | queries 0.0 | submit 0.0 | whole render() 0.4 ms
09-22 22:08:04.358 28916  9518 I WiVRn   : [2026-09-22 22:08:04.358] [WiVRn] [info] render: source-clock pose shifts 0
09-22 22:08:04.358 28916  9518 I WiVRn   : [2026-09-22 22:08:04.358] [WiVRn] [info] render: motion fields matched 0 active 0 pose-applied 0 pose-missing 0 pose-unsafe 0 mean active step 0.000
09-22 22:08:04.358 28916  9518 I WiVRn   : [2026-09-22 22:08:04.358] [WiVRn] [info] render: selection-to-defoveate CPU 0.058 ms mean (max 0.113) over 179 actual defoveate calls; not GPU/photon latency
09-22 22:08:04.358 28916  9518 I WiVRn   : [2026-09-22 22:08:04.358] [WiVRn] [info] render: jit on | wake slack 31.6 ms | slept 0.4 ms mean (max 0.4, 180 of 180 iterations) | budget 2.4 = pass 1.4 + margin 1.0 | sleep cap 0.4 ms
09-22 22:08:04.358 28916  9518 I WiVRn   : [2026-09-22 22:08:04.358] [WiVRn] [info] render: source display-time offset 0.6 ms mean (worst 22.6) over 180 frames | submit lead 30.8 ms mean (worst 29.8) | misses: 0 overrun 0 late 0 skipped refresh
09-22 22:08:04.358 28916  9518 I WiVRn   : [2026-09-22 22:08:04.358] [WiVRn] [info] render: source->first -36.0 ms | wire 1.3 | queue 0.3 | decode 0.1 | decode->selection 3.8 | selection->predicted 31.1 | sum 0.6 over 180 selected frames (0 invalid)
09-22 22:08:05.079 28916  9571 I WiVRn   : [2026-09-22 22:08:05.079] [WiVRn] [info] nxwarp[0] net: 180 frames closed in 2.0 s, 30 with a hole, 0 out-of-order datagrams, 0 frames completed late, 0 queued for the worker, 4129 decoded so far, 2181 stragglers dropped; last hole 12/12 chunks, first missing -1, short false, chunk 1166 B; worker phase idle
09-22 22:08:05.079 28916  9571 I WiVRn   : [2026-09-22 22:08:05.079] [WiVRn] [info] nxwarp[0] net: 0.011 ms per datagram over 12609 datagrams (71.72 ms of every second)
09-22 22:08:05.134 28916  9575 I WiVRn   : [2026-09-22 22:08:05.134] [WiVRn] [info] nxwarp[0]: LZ4 4140 compressed / 0 raw units, 161228688 wire / 272072520 unpacked bytes, 216.647 ms total decompression
09-22 22:08:05.874 28916  9518 I WiVRn   : [2026-09-22 22:08:05.874] [WiVRn] [info] NX safety: fallback at source 23100052090411 frame 2402 after 33.414 ms primary hold
09-22 22:08:06.183 28916  9518 I WiVRn   : [2026-09-22 22:08:06.183] [WiVRn] [info] NX safety: detail at source 23100363189015 frame 2430 after 345.303 ms primary hold
09-22 22:08:06.304 28916  9575 I WiVRn   : [2026-09-22 22:08:06.304] [WiVRn] [info] nxwarp[0]: LZ4 4320 compressed / 0 raw units, 168071270 wire / 283221360 unpacked bytes, 226.179 ms total decompression
09-22 22:08:06.363 28916  9518 I WiVRn   : [2026-09-22 22:08:06.363] [WiVRn] [info] render: 179 iterations in 2.0 s (89.3/s), 179 submitted a layer, 176 new-source, 0 skipped by the repeat gate, 0 with nothing to show; display period 11.2 ms
09-22 22:08:06.363 28916  9518 I WiVRn   : [2026-09-22 22:08:06.363] [WiVRn] [info] render: ready wait attempts 0 success 0 total 0.000 ms | selected older than available 0
09-22 22:08:06.363 28916  9518 I WiVRn   : [2026-09-22 22:08:06.363] [WiVRn] [info] render: selected source transitions forward 176 backward 0 repeat 3, greatest forward gap 3
09-22 22:08:06.363 28916  9518 I WiVRn   : [2026-09-22 22:08:06.363] [WiVRn] [info] render: this app's own GPU pass 4.0 ms per iteration
09-22 22:08:06.363 28916  9518 I WiVRn   : [2026-09-22 22:08:06.363] [WiVRn] [info] render: defoveate 2160x2160 per eye x2 = 9.33 Mpx/frame at scale 1.00 atlas-prototype 0; 1 re-presented from the cache (reduce_gpu_load on)
09-22 22:08:06.363 28916  9518 I WiVRn   : [2026-09-22 22:08:06.363] [WiVRn] [info] render: shader path sharpness 0.00 fsr false alpha false motion false blend true glow 0.00 vignette 0.00 deband 0.00 lowpoly 0.00 levels 0 full-kernel false
09-22 22:08:06.363 28916  9518 I WiVRn   : [2026-09-22 22:08:06.363] [WiVRn] [info] render: 178 GPU submissions, 1 cached refreshes without GPU submission
09-22 22:08:06.363 28916  9518 I WiVRn   : [2026-09-22 22:08:06.363] [WiVRn] [info] render: per iteration fence 0.0 (worst 3.0) | queries 0.0 | submit 0.0 | whole render() 0.4 ms
09-22 22:08:06.363 28916  9518 I WiVRn   : [2026-09-22 22:08:06.363] [WiVRn] [info] render: source-clock pose shifts 0
09-22 22:08:06.363 28916  9518 I WiVRn   : [2026-09-22 22:08:06.363] [WiVRn] [info] render: motion fields matched 0 active 0 pose-applied 0 pose-missing 0 pose-unsafe 0 mean active step 0.000
09-22 22:08:06.363 28916  9518 I WiVRn   : [2026-09-22 22:08:06.363] [WiVRn] [info] render: selection-to-defoveate CPU 0.058 ms mean (max 0.136) over 178 actual defoveate calls; not GPU/photon latency
09-22 22:08:06.363 28916  9518 I WiVRn   : [2026-09-22 22:08:06.363] [WiVRn] [info] render: jit on | wake slack 31.8 ms | slept 0.7 ms mean (max 11.6, 179 of 179 iterations) | budget 2.8 = pass 1.8 + margin 1.0 | sleep cap 0.4 ms
09-22 22:08:06.363 28916  9518 I WiVRn   : [2026-09-22 22:08:06.363] [WiVRn] [info] render: source display-time offset 1.0 ms mean (worst 22.6) over 179 frames | submit lead 30.8 ms mean (worst 17.8) | misses: 0 overrun 0 late 1 skipped refresh
09-22 22:08:06.363 28916  9518 I WiVRn   : [2026-09-22 22:08:06.363] [WiVRn] [info] render: source->first -35.7 ms | wire 1.2 | queue 0.3 | decode 0.1 | decode->selection 3.9 | selection->predicted 31.1 | sum 1.0 over 179 selected frames (0 invalid)
09-22 22:08:07.083 28916  9571 I WiVRn   : [2026-09-22 22:08:07.083] [WiVRn] [info] nxwarp[0] net: 180 frames closed in 2.0 s, 30 with a hole, 0 out-of-order datagrams, 0 frames completed late, 0 queued for the worker, 4459 decoded so far, 2331 stragglers dropped; last hole 13/13 chunks, first missing -1, short false, chunk 1166 B; worker phase idle
09-22 22:08:07.083 28916  9571 I WiVRn   : [2026-09-22 22:08:07.083] [WiVRn] [info] nxwarp[0] net: 0.011 ms per datagram over 13309 datagrams (73.56 ms of every second)
09-22 22:08:07.306 28916  9575 I WiVRn   : [2026-09-22 22:08:07.306] [WiVRn] [info] nxwarp[0]: LZ4 4500 compressed / 0 raw units, 175725518 wire / 295819200 unpacked bytes, 236.934 ms total decompression
09-22 22:08:07.867 28916  9518 I WiVRn   : [2026-09-22 22:08:07.867] [WiVRn] [info] NX safety: fallback at source 23102045816500 frame 2581 after 22.288 ms primary hold
09-22 22:08:08.189 28916  9518 I WiVRn   : [2026-09-22 22:08:08.189] [WiVRn] [info] NX safety: detail at source 23102368065568 frame 2610 after 345.313 ms primary hold
09-22 22:08:08.368 28916  9518 I WiVRn   : [2026-09-22 22:08:08.368] [WiVRn] [info] render: 179 iterations in 2.0 s (89.3/s), 179 submitted a layer, 176 new-source, 0 skipped by the repeat gate, 0 with nothing to show; display period 11.2 ms
09-22 22:08:08.368 28916  9518 I WiVRn   : [2026-09-22 22:08:08.368] [WiVRn] [info] render: ready wait attempts 0 success 0 total 0.000 ms | selected older than available 0
09-22 22:08:08.368 28916  9518 I WiVRn   : [2026-09-22 22:08:08.368] [WiVRn] [info] render: selected source transitions forward 176 backward 0 repeat 3, greatest forward gap 2
09-22 22:08:08.368 28916  9518 I WiVRn   : [2026-09-22 22:08:08.368] [WiVRn] [info] render: this app's own GPU pass 4.1 ms per iteration
09-22 22:08:08.368 28916  9518 I WiVRn   : [2026-09-22 22:08:08.368] [WiVRn] [info] render: defoveate 2160x2160 per eye x2 = 9.33 Mpx/frame at scale 1.00 atlas-prototype 0; 0 re-presented from the cache (reduce_gpu_load on)
09-22 22:08:08.368 28916  9518 I WiVRn   : [2026-09-22 22:08:08.368] [WiVRn] [info] render: shader path sharpness 0.00 fsr false alpha false motion false blend true glow 0.00 vignette 0.00 deband 0.00 lowpoly 0.00 levels 0 full-kernel false
09-22 22:08:08.368 28916  9518 I WiVRn   : [2026-09-22 22:08:08.368] [WiVRn] [info] render: 179 GPU submissions, 0 cached refreshes without GPU submission
09-22 22:08:08.368 28916  9518 I WiVRn   : [2026-09-22 22:08:08.368] [WiVRn] [info] render: per iteration fence 0.0 (worst 3.2) | queries 0.0 | submit 0.0 | whole render() 0.4 ms
09-22 22:08:08.368 28916  9518 I WiVRn   : [2026-09-22 22:08:08.368] [WiVRn] [info] render: source-clock pose shifts 0
09-22 22:08:08.368 28916  9518 I WiVRn   : [2026-09-22 22:08:08.368] [WiVRn] [info] render: motion fields matched 0 active 0 pose-applied 0 pose-missing 0 pose-unsafe 0 mean active step 0.000
09-22 22:08:08.368 28916  9518 I WiVRn   : [2026-09-22 22:08:08.368] [WiVRn] [info] render: selection-to-defoveate CPU 0.058 ms mean (max 0.113) over 179 actual defoveate calls; not GPU/photon latency
09-22 22:08:08.368 28916  9518 I WiVRn   : [2026-09-22 22:08:08.368] [WiVRn] [info] render: jit on | wake slack 31.7 ms | slept 0.7 ms mean (max 11.6, 179 of 179 iterations) | budget 3.7 = pass 2.7 + margin 1.0 | sleep cap 0.4 ms
09-22 22:08:08.368 28916  9518 I WiVRn   : [2026-09-22 22:08:08.368] [WiVRn] [info] render: source display-time offset 0.9 ms mean (worst 14.9) over 179 frames | submit lead 30.6 ms mean (worst 17.1) | misses: 0 overrun 0 late 1 skipped refresh
09-22 22:08:08.368 28916  9518 I WiVRn   : [2026-09-22 22:08:08.368] [WiVRn] [info] render: source->first -36.1 ms | wire 1.3 | queue 0.3 | decode 0.1 | decode->selection 4.3 | selection->predicted 31.0 | sum 0.9 over 179 selected frames (0 invalid)
09-22 22:08:08.475 28916  9575 I WiVRn   : [2026-09-22 22:08:08.475] [WiVRn] [info] nxwarp[0]: LZ4 4680 compressed / 0 raw units, 182276672 wire / 306968040 unpacked bytes, 246.607 ms total decompression
09-22 22:08:09.088 28916  9571 I WiVRn   : [2026-09-22 22:08:09.088] [WiVRn] [info] nxwarp[0] net: 180 frames closed in 2.0 s, 30 with a hole, 0 out-of-order datagrams, 0 frames completed late, 0 queued for the worker, 4789 decoded so far, 2524 stragglers dropped; last hole 12/12 chunks, first missing -1, short false, chunk 1166 B; worker phase idle
09-22 22:08:09.088 28916  9571 I WiVRn   : [2026-09-22 22:08:09.088] [WiVRn] [info] nxwarp[0] net: 0.011 ms per datagram over 12496 datagrams (71.58 ms of every second)
09-22 22:08:09.479 28916  9575 I WiVRn   : [2026-09-22 22:08:09.479] [WiVRn] [info] nxwarp[0]: LZ4 4860 compressed / 0 raw units, 189514455 wire / 319565880 unpacked bytes, 257.185 ms total decompression
09-22 22:08:09.873 28916  9518 I WiVRn   : [2026-09-22 22:08:09.873] [WiVRn] [info] NX safety: fallback at source 23104050947105 frame 2761 after 22.280 ms primary hold
09-22 22:08:10.193 28916  9518 I WiVRn   : [2026-09-22 22:08:10.193] [WiVRn] [info] NX safety: detail at source 23104373203318 frame 2790 after 345.311 ms primary hold
09-22 22:08:10.369 28916  9518 I WiVRn   : [2026-09-22 22:08:10.369] [WiVRn] [info] render: 178 iterations in 2.0 s (89.0/s), 178 submitted a layer, 177 new-source, 0 skipped by the repeat gate, 0 with nothing to show; display period 11.2 ms
09-22 22:08:10.369 28916  9518 I WiVRn   : [2026-09-22 22:08:10.369] [WiVRn] [info] render: ready wait attempts 0 success 0 total 0.000 ms | selected older than available 0
09-22 22:08:10.369 28916  9518 I WiVRn   : [2026-09-22 22:08:10.369] [WiVRn] [info] render: selected source transitions forward 177 backward 0 repeat 1, greatest forward gap 2
09-22 22:08:10.369 28916  9518 I WiVRn   : [2026-09-22 22:08:10.369] [WiVRn] [info] render: this app's own GPU pass 4.1 ms per iteration
09-22 22:08:10.369 28916  9518 I WiVRn   : [2026-09-22 22:08:10.369] [WiVRn] [info] render: defoveate 2160x2160 per eye x2 = 9.33 Mpx/frame at scale 1.00 atlas-prototype 0; 0 re-presented from the cache (reduce_gpu_load on)
09-22 22:08:10.369 28916  9518 I WiVRn   : [2026-09-22 22:08:10.369] [WiVRn] [info] render: shader path sharpness 0.00 fsr false alpha false motion false blend true glow 0.00 vignette 0.00 deband 0.00 lowpoly 0.00 levels 0 full-kernel false
09-22 22:08:10.369 28916  9518 I WiVRn   : [2026-09-22 22:08:10.369] [WiVRn] [info] render: 178 GPU submissions, 0 cached refreshes without GPU submission
09-22 22:08:10.369 28916  9518 I WiVRn   : [2026-09-22 22:08:10.369] [WiVRn] [info] render: per iteration fence 0.0 (worst 0.0) | queries 0.0 | submit 0.0 | whole render() 0.4 ms
09-22 22:08:10.369 28916  9518 I WiVRn   : [2026-09-22 22:08:10.369] [WiVRn] [info] render: source-clock pose shifts 0
09-22 22:08:10.369 28916  9518 I WiVRn   : [2026-09-22 22:08:10.369] [WiVRn] [info] render: motion fields matched 0 active 0 pose-applied 0 pose-missing 0 pose-unsafe 0 mean active step 0.000
09-22 22:08:10.369 28916  9518 I WiVRn   : [2026-09-22 22:08:10.369] [WiVRn] [info] render: selection-to-defoveate CPU 0.059 ms mean (max 0.133) over 178 actual defoveate calls; not GPU/photon latency
09-22 22:08:10.369 28916  9518 I WiVRn   : [2026-09-22 22:08:10.369] [WiVRn] [info] render: jit on | wake slack 31.3 ms | slept 0.6 ms mean (max 11.6, 178 of 178 iterations) | budget 1.9 = pass 0.9 + margin 1.0 | sleep cap 11.6 ms
09-22 22:08:10.369 28916  9518 I WiVRn   : [2026-09-22 22:08:10.369] [WiVRn] [info] render: source display-time offset 0.3 ms mean (worst 11.5) over 178 frames | submit lead 30.3 ms mean (worst 18.7) | misses: 0 overrun 0 late 0 skipped refresh
09-22 22:08:10.369 28916  9518 I WiVRn   : [2026-09-22 22:08:10.369] [WiVRn] [info] render: source->first -35.7 ms | wire 1.4 | queue 0.3 | decode 0.1 | decode->selection 3.6 | selection->predicted 30.6 | sum 0.3 over 178 selected frames (0 invalid)
09-22 22:08:10.645 28916  9575 I WiVRn   : [2026-09-22 22:08:10.645] [WiVRn] [info] nxwarp[0]: LZ4 5040 compressed / 0 raw units, 195988307 wire / 330714720 unpacked bytes, 266.754 ms total decompression
09-22 22:08:11.093 28916  9571 I WiVRn   : [2026-09-22 22:08:11.093] [WiVRn] [info] nxwarp[0] net: 180 frames closed in 2.0 s, 30 with a hole, 0 out-of-order datagrams, 0 frames completed late, 0 queued for the worker, 5119 decoded so far, 2700 stragglers dropped; last hole 12/12 chunks, first missing -1, short false, chunk 1166 B; worker phase idle
09-22 22:08:11.093 28916  9571 I WiVRn   : [2026-09-22 22:08:11.093] [WiVRn] [info] nxwarp[0] net: 0.012 ms per datagram over 12397 datagrams (71.19 ms of every second)
09-22 22:08:11.651 28916  9575 I WiVRn   : [2026-09-22 22:08:11.651] [WiVRn] [info] nxwarp[0]: LZ4 5220 compressed / 0 raw units, 203514850 wire / 343312560 unpacked bytes, 277.466 ms total decompression
09-22 22:08:11.889 28916  9518 I WiVRn   : [2026-09-22 22:08:11.888] [WiVRn] [info] NX safety: fallback at source 23106067047583 frame 2942 after 33.410 ms primary hold
09-22 22:08:12.198 28916  9518 I WiVRn   : [2026-09-22 22:08:12.198] [WiVRn] [info] NX safety: detail at source 23106378148841 frame 2970 after 345.295 ms primary hold
09-22 22:08:12.378 28916  9518 I WiVRn   : [2026-09-22 22:08:12.378] [WiVRn] [info] render: 181 iterations in 2.0 s (90.1/s), 181 submitted a layer, 178 new-source, 0 skipped by the repeat gate, 0 with nothing to show; display period 11.1 ms
09-22 22:08:12.378 28916  9518 I WiVRn   : [2026-09-22 22:08:12.378] [WiVRn] [info] render: ready wait attempts 0 success 0 total 0.000 ms | selected older than available 0
09-22 22:08:12.378 28916  9518 I WiVRn   : [2026-09-22 22:08:12.378] [WiVRn] [info] render: selected source transitions forward 178 backward 0 repeat 3, greatest forward gap 3
09-22 22:08:12.378 28916  9518 I WiVRn   : [2026-09-22 22:08:12.378] [WiVRn] [info] render: this app's own GPU pass 4.0 ms per iteration
09-22 22:08:12.378 28916  9518 I WiVRn   : [2026-09-22 22:08:12.378] [WiVRn] [info] render: defoveate 2160x2160 per eye x2 = 9.33 Mpx/frame at scale 1.00 atlas-prototype 0; 1 re-presented from the cache (reduce_gpu_load on)
09-22 22:08:12.378 28916  9518 I WiVRn   : [2026-09-22 22:08:12.378] [WiVRn] [info] render: shader path sharpness 0.00 fsr false alpha false motion false blend true glow 0.00 vignette 0.00 deband 0.00 lowpoly 0.00 levels 0 full-kernel false
09-22 22:08:12.378 28916  9518 I WiVRn   : [2026-09-22 22:08:12.378] [WiVRn] [info] render: 180 GPU submissions, 1 cached refreshes without GPU submission
09-22 22:08:12.378 28916  9518 I WiVRn   : [2026-09-22 22:08:12.378] [WiVRn] [info] render: per iteration fence 0.0 (worst 3.0) | queries 0.0 | submit 0.0 | whole render() 0.4 ms
09-22 22:08:12.378 28916  9518 I WiVRn   : [2026-09-22 22:08:12.378] [WiVRn] [info] render: source-clock pose shifts 0
09-22 22:08:12.378 28916  9518 I WiVRn   : [2026-09-22 22:08:12.378] [WiVRn] [info] render: motion fields matched 0 active 0 pose-applied 0 pose-missing 0 pose-unsafe 0 mean active step 0.000
09-22 22:08:12.378 28916  9518 I WiVRn   : [2026-09-22 22:08:12.378] [WiVRn] [info] render: selection-to-defoveate CPU 0.057 ms mean (max 0.111) over 180 actual defoveate calls; not GPU/photon latency
09-22 22:08:12.378 28916  9518 I WiVRn   : [2026-09-22 22:08:12.378] [WiVRn] [info] render: jit on | wake slack 31.9 ms | slept 0.5 ms mean (max 11.6, 181 of 181 iterations) | budget 2.6 = pass 1.6 + margin 1.0 | sleep cap 0.4 ms
09-22 22:08:12.378 28916  9518 I WiVRn   : [2026-09-22 22:08:12.378] [WiVRn] [info] render: source display-time offset 1.1 ms mean (worst 22.6) over 181 frames | submit lead 31.1 ms mean (worst 23.6) | misses: 0 overrun 0 late 1 skipped refresh
09-22 22:08:12.378 28916  9518 I WiVRn   : [2026-09-22 22:08:12.378] [WiVRn] [info] render: source->first -36.2 ms | wire 1.3 | queue 0.3 | decode 0.1 | decode->selection 4.1 | selection->predicted 31.5 | sum 1.1 over 181 selected frames (0 invalid)
09-22 22:08:12.819 28916  9575 I WiVRn   : [2026-09-22 22:08:12.819] [WiVRn] [info] nxwarp[0]: LZ4 5400 compressed / 0 raw units, 210333577 wire / 354461400 unpacked bytes, 286.935 ms total decompression
09-22 22:08:13.098 28916  9571 I WiVRn   : [2026-09-22 22:08:13.098] [WiVRn] [info] nxwarp[0] net: 180 frames closed in 2.0 s, 30 with a hole, 0 out-of-order datagrams, 0 frames completed late, 0 queued for the worker, 5449 decoded so far, 2859 stragglers dropped; last hole 12/12 chunks, first missing -1, short false, chunk 1166 B; worker phase idle
09-22 22:08:13.098 28916  9571 I WiVRn   : [2026-09-22 22:08:13.098] [WiVRn] [info] nxwarp[0] net: 0.011 ms per datagram over 13299 datagrams (73.93 ms of every second)
09-22 22:08:13.823 28916  9575 I WiVRn   : [2026-09-22 22:08:13.823] [WiVRn] [info] nxwarp[0]: LZ4 5580 compressed / 0 raw units, 218007866 wire / 367059240 unpacked bytes, 297.588 ms total decompression
09-22 22:08:13.893 28916  9518 I WiVRn   : [2026-09-22 22:08:13.893] [WiVRn] [info] NX safety: fallback at source 23108072013329 frame 3122 after 33.418 ms primary hold
09-22 22:08:14.202 28916  9518 I WiVRn   : [2026-09-22 22:08:14.202] [WiVRn] [info] NX safety: detail at source 23108383111517 frame 3150 after 345.302 ms primary hold
09-22 22:08:14.382 28916  9518 I WiVRn   : [2026-09-22 22:08:14.382] [WiVRn] [info] render: 179 iterations in 2.0 s (89.3/s), 179 submitted a layer, 176 new-source, 0 skipped by the repeat gate, 0 with nothing to show; display period 11.2 ms
09-22 22:08:14.382 28916  9518 I WiVRn   : [2026-09-22 22:08:14.382] [WiVRn] [info] render: ready wait attempts 0 success 0 total 0.000 ms | selected older than available 0
09-22 22:08:14.382 28916  9518 I WiVRn   : [2026-09-22 22:08:14.382] [WiVRn] [info] render: selected source transitions forward 176 backward 0 repeat 3, greatest forward gap 3
09-22 22:08:14.383 28916  9518 I WiVRn   : [2026-09-22 22:08:14.382] [WiVRn] [info] render: this app's own GPU pass 4.0 ms per iteration
09-22 22:08:14.383 28916  9518 I WiVRn   : [2026-09-22 22:08:14.383] [WiVRn] [info] render: defoveate 2160x2160 per eye x2 = 9.33 Mpx/frame at scale 1.00 atlas-prototype 0; 1 re-presented from the cache (reduce_gpu_load on)
09-22 22:08:14.383 28916  9518 I WiVRn   : [2026-09-22 22:08:14.383] [WiVRn] [info] render: shader path sharpness 0.00 fsr false alpha false motion false blend true glow 0.00 vignette 0.00 deband 0.00 lowpoly 0.00 levels 0 full-kernel false
09-22 22:08:14.383 28916  9518 I WiVRn   : [2026-09-22 22:08:14.383] [WiVRn] [info] render: 178 GPU submissions, 1 cached refreshes without GPU submission
09-22 22:08:14.383 28916  9518 I WiVRn   : [2026-09-22 22:08:14.383] [WiVRn] [info] render: per iteration fence 0.0 (worst 3.1) | queries 0.0 | submit 0.0 | whole render() 0.4 ms
09-22 22:08:14.383 28916  9518 I WiVRn   : [2026-09-22 22:08:14.383] [WiVRn] [info] render: source-clock pose shifts 0
09-22 22:08:14.383 28916  9518 I WiVRn   : [2026-09-22 22:08:14.383] [WiVRn] [info] render: motion fields matched 0 active 0 pose-applied 0 pose-missing 0 pose-unsafe 0 mean active step 0.000
09-22 22:08:14.383 28916  9518 I WiVRn   : [2026-09-22 22:08:14.383] [WiVRn] [info] render: selection-to-defoveate CPU 0.057 ms mean (max 0.114) over 178 actual defoveate calls; not GPU/photon latency
09-22 22:08:14.383 28916  9518 I WiVRn   : [2026-09-22 22:08:14.383] [WiVRn] [info] render: jit on | wake slack 31.9 ms | slept 0.7 ms mean (max 11.6, 179 of 179 iterations) | budget 3.5 = pass 2.5 + margin 1.0 | sleep cap 0.4 ms
09-22 22:08:14.383 28916  9518 I WiVRn   : [2026-09-22 22:08:14.383] [WiVRn] [info] render: source display-time offset 0.9 ms mean (worst 22.6) over 179 frames | submit lead 30.9 ms mean (worst 16.9) | misses: 0 overrun 0 late 1 skipped refresh
09-22 22:08:14.383 28916  9518 I WiVRn   : [2026-09-22 22:08:14.383] [WiVRn] [info] render: source->first -36.1 ms | wire 1.5 | queue 0.3 | decode 0.1 | decode->selection 4.0 | selection->predicted 31.2 | sum 0.9 over 179 selected frames (0 invalid)
09-22 22:08:14.991 28916  9575 I WiVRn   : [2026-09-22 22:08:14.991] [WiVRn] [info] nxwarp[0]: LZ4 5760 compressed / 0 raw units, 224799227 wire / 378208080 unpacked bytes, 307.081 ms total decompression
09-22 22:08:15.102 28916  9571 I WiVRn   : [2026-09-22 22:08:15.102] [WiVRn] [info] nxwarp[0] net: 180 frames closed in 2.0 s, 30 with a hole, 0 out-of-order datagrams, 0 frames completed late, 0 queued for the worker, 5779 decoded so far, 3011 stragglers dropped; last hole 12/12 chunks, first missing -1, short false, chunk 1166 B; worker phase idle
09-22 22:08:15.103 28916  9571 I WiVRn   : [2026-09-22 22:08:15.103] [WiVRn] [info] nxwarp[0] net: 0.011 ms per datagram over 13281 datagrams (73.97 ms of every second)
09-22 22:08:15.887 28916  9518 I WiVRn   : [2026-09-22 22:08:15.887] [WiVRn] [info] NX safety: fallback at source 23110065921025 frame 3301 after 22.277 ms primary hold
09-22 22:08:16.127 28916  9575 I WiVRn   : [2026-09-22 22:08:16.127] [WiVRn] [info] nxwarp[0]: LZ4 5940 compressed / 0 raw units, 231585937 wire / 389646720 unpacked bytes, 316.677 ms total decompression
09-22 22:08:16.213 28916  9518 I WiVRn   : [2026-09-22 22:08:16.213] [WiVRn] [info] NX safety: detail at source 23110388155880 frame 3330 after 356.443 ms primary hold
09-22 22:08:16.387 28916  9518 I WiVRn   : [2026-09-22 22:08:16.387] [WiVRn] [info] render: 179 iterations in 2.0 s (89.3/s), 179 submitted a layer, 177 new-source, 0 skipped by the repeat gate, 0 with nothing to show; display period 11.2 ms
09-22 22:08:16.387 28916  9518 I WiVRn   : [2026-09-22 22:08:16.387] [WiVRn] [info] render: ready wait attempts 0 success 0 total 0.000 ms | selected older than available 0
09-22 22:08:16.387 28916  9518 I WiVRn   : [2026-09-22 22:08:16.387] [WiVRn] [info] render: selected source transitions forward 177 backward 0 repeat 2, greatest forward gap 2
09-22 22:08:16.387 28916  9518 I WiVRn   : [2026-09-22 22:08:16.387] [WiVRn] [info] render: this app's own GPU pass 4.0 ms per iteration
09-22 22:08:16.387 28916  9518 I WiVRn   : [2026-09-22 22:08:16.387] [WiVRn] [info] render: defoveate 2160x2160 per eye x2 = 9.33 Mpx/frame at scale 1.00 atlas-prototype 0; 1 re-presented from the cache (reduce_gpu_load on)
09-22 22:08:16.387 28916  9518 I WiVRn   : [2026-09-22 22:08:16.387] [WiVRn] [info] render: shader path sharpness 0.00 fsr false alpha false motion false blend true glow 0.00 vignette 0.00 deband 0.00 lowpoly 0.00 levels 0 full-kernel false
09-22 22:08:16.387 28916  9518 I WiVRn   : [2026-09-22 22:08:16.387] [WiVRn] [info] render: 178 GPU submissions, 1 cached refreshes without GPU submission
09-22 22:08:16.387 28916  9518 I WiVRn   : [2026-09-22 22:08:16.387] [WiVRn] [info] render: per iteration fence 0.0 (worst 4.6) | queries 0.0 | submit 0.0 | whole render() 0.4 ms
09-22 22:08:16.387 28916  9518 I WiVRn   : [2026-09-22 22:08:16.387] [WiVRn] [info] render: source-clock pose shifts 0
09-22 22:08:16.387 28916  9518 I WiVRn   : [2026-09-22 22:08:16.387] [WiVRn] [info] render: motion fields matched 0 active 0 pose-applied 0 pose-missing 0 pose-unsafe 0 mean active step 0.000
09-22 22:08:16.387 28916  9518 I WiVRn   : [2026-09-22 22:08:16.387] [WiVRn] [info] render: selection-to-defoveate CPU 0.058 ms mean (max 0.132) over 178 actual defoveate calls; not GPU/photon latency
09-22 22:08:16.387 28916  9518 I WiVRn   : [2026-09-22 22:08:16.387] [WiVRn] [info] render: jit on | wake slack 32.2 ms | slept 0.7 ms mean (max 11.5, 179 of 179 iterations) | budget 5.8 = pass 4.8 + margin 1.0 | sleep cap 0.4 ms
09-22 22:08:16.387 28916  9518 I WiVRn   : [2026-09-22 22:08:16.387] [WiVRn] [info] render: source display-time offset 1.0 ms mean (worst 12.3) over 179 frames | submit lead 31.0 ms mean (worst 20.1) | misses: 0 overrun 0 late 1 skipped refresh
09-22 22:08:16.387 28916  9518 I WiVRn   : [2026-09-22 22:08:16.387] [WiVRn] [info] render: source->first -36.5 ms | wire 1.3 | queue 0.3 | decode 0.1 | decode->selection 4.5 | selection->predicted 31.4 | sum 1.0 over 179 selected frames (0 invalid)
09-22 22:08:17.108 28916  9571 I WiVRn   : [2026-09-22 22:08:17.108] [WiVRn] [info] nxwarp[0] net: 179 frames closed in 2.0 s, 30 with a hole, 0 out-of-order datagrams, 0 frames completed late, 0 queued for the worker, 6107 decoded so far, 3198 stragglers dropped; last hole 12/12 chunks, first missing -1, short false, chunk 1166 B; worker phase idle
09-22 22:08:17.108 28916  9571 I WiVRn   : [2026-09-22 22:08:17.108] [WiVRn] [info] nxwarp[0] net: 0.011 ms per datagram over 12402 datagrams (70.68 ms of every second)
09-22 22:08:17.175 28916  9575 I WiVRn   : [2026-09-22 22:08:17.175] [WiVRn] [info] nxwarp[0]: LZ4 6120 compressed / 0 raw units, 238735003 wire / 401954760 unpacked bytes, 326.723 ms total decompression
09-22 22:08:17.903 28916  9518 I WiVRn   : [2026-09-22 22:08:17.903] [WiVRn] [info] NX safety: fallback at source 23112082037538 frame 3481 after 22.279 ms primary hold
09-22 22:08:18.224 28916  9518 I WiVRn   : [2026-09-22 22:08:18.224] [WiVRn] [info] NX safety: detail at source 23112404253683 frame 3510 after 345.309 ms primary hold
09-22 22:08:18.343 28916  9575 I WiVRn   : [2026-09-22 22:08:18.343] [WiVRn] [info] nxwarp[0]: LZ4 6300 compressed / 0 raw units, 245197611 wire / 413103600 unpacked bytes, 335.988 ms total decompression
09-22 22:08:18.393 28916  9518 I WiVRn   : [2026-09-22 22:08:18.393] [WiVRn] [info] render: 180 iterations in 2.0 s (89.7/s), 180 submitted a layer, 179 new-source, 0 skipped by the repeat gate, 0 with nothing to show; display period 11.1 ms
09-22 22:08:18.393 28916  9518 I WiVRn   : [2026-09-22 22:08:18.393] [WiVRn] [info] render: ready wait attempts 0 success 0 total 0.000 ms | selected older than available 0
09-22 22:08:18.393 28916  9518 I WiVRn   : [2026-09-22 22:08:18.393] [WiVRn] [info] render: selected source transitions forward 179 backward 0 repeat 1, greatest forward gap 2
09-22 22:08:18.393 28916  9518 I WiVRn   : [2026-09-22 22:08:18.393] [WiVRn] [info] render: this app's own GPU pass 4.0 ms per iteration
09-22 22:08:18.393 28916  9518 I WiVRn   : [2026-09-22 22:08:18.393] [WiVRn] [info] render: defoveate 2160x2160 per eye x2 = 9.33 Mpx/frame at scale 1.00 atlas-prototype 0; 0 re-presented from the cache (reduce_gpu_load on)
09-22 22:08:18.393 28916  9518 I WiVRn   : [2026-09-22 22:08:18.393] [WiVRn] [info] render: shader path sharpness 0.00 fsr false alpha false motion false blend true glow 0.00 vignette 0.00 deband 0.00 lowpoly 0.00 levels 0 full-kernel false
09-22 22:08:18.393 28916  9518 I WiVRn   : [2026-09-22 22:08:18.393] [WiVRn] [info] render: 180 GPU submissions, 0 cached refreshes without GPU submission
09-22 22:08:18.393 28916  9518 I WiVRn   : [2026-09-22 22:08:18.393] [WiVRn] [info] render: per iteration fence 0.0 (worst 0.0) | queries 0.0 | submit 0.0 | whole render() 0.4 ms
09-22 22:08:18.393 28916  9518 I WiVRn   : [2026-09-22 22:08:18.393] [WiVRn] [info] render: source-clock pose shifts 0
09-22 22:08:18.393 28916  9518 I WiVRn   : [2026-09-22 22:08:18.393] [WiVRn] [info] render: motion fields matched 0 active 0 pose-applied 0 pose-missing 0 pose-unsafe 0 mean active step 0.000
09-22 22:08:18.393 28916  9518 I WiVRn   : [2026-09-22 22:08:18.393] [WiVRn] [info] render: selection-to-defoveate CPU 0.057 ms mean (max 0.113) over 180 actual defoveate calls; not GPU/photon latency
09-22 22:08:18.393 28916  9518 I WiVRn   : [2026-09-22 22:08:18.393] [WiVRn] [info] render: jit on | wake slack 32.0 ms | slept 0.4 ms mean (max 0.4, 180 of 180 iterations) | budget 4.0 = pass 3.0 + margin 1.0 | sleep cap 0.4 ms
09-22 22:08:18.393 28916  9518 I WiVRn   : [2026-09-22 22:08:18.393] [WiVRn] [info] render: source display-time offset 0.6 ms mean (worst 11.4) over 180 frames | submit lead 31.2 ms mean (worst 30.7) | misses: 0 overrun 0 late 0 skipped refresh
09-22 22:08:18.393 28916  9518 I WiVRn   : [2026-09-22 22:08:18.393] [WiVRn] [info] render: source->first -36.6 ms | wire 1.3 | queue 0.3 | decode 0.1 | decode->selection 4.0 | selection->predicted 31.6 | sum 0.6 over 180 selected frames (0 invalid)
09-22 22:08:19.114 28916  9571 I WiVRn   : [2026-09-22 22:08:19.114] [WiVRn] [info] nxwarp[0] net: 180 frames closed in 2.0 s, 30 with a hole, 0 out-of-order datagrams, 0 frames completed late, 0 queued for the worker, 6437 decoded so far, 3348 stragglers dropped; last hole 12/12 chunks, first missing -1, short false, chunk 1166 B; worker phase idle
09-22 22:08:19.114 28916  9571 I WiVRn   : [2026-09-22 22:08:19.114] [WiVRn] [info] nxwarp[0] net: 0.011 ms per datagram over 12411 datagrams (70.72 ms of every second)
09-22 22:08:19.345 28916  9575 I WiVRn   : [2026-09-22 22:08:19.345] [WiVRn] [info] nxwarp[0]: LZ4 6480 compressed / 0 raw units, 252488749 wire / 425701440 unpacked bytes, 346.534 ms total decompression
09-22 22:08:19.908 28916  9518 I WiVRn   : [2026-09-22 22:08:19.908] [WiVRn] [info] NX safety: fallback at source 23114087012448 frame 3661 after 22.277 ms primary hold
09-22 22:08:20.241 28916  9518 I WiVRn   : [2026-09-22 22:08:20.241] [WiVRn] [info] NX safety: detail at source 23114420322776 frame 3691 after 356.440 ms primary hold
09-22 22:08:20.398 28916  9518 I WiVRn   : [2026-09-22 22:08:20.398] [WiVRn] [info] render: 179 iterations in 2.0 s (89.3/s), 179 submitted a layer, 177 new-source, 0 skipped by the repeat gate, 0 with nothing to show; display period 11.2 ms
09-22 22:08:20.398 28916  9518 I WiVRn   : [2026-09-22 22:08:20.398] [WiVRn] [info] render: ready wait attempts 0 success 0 total 0.000 ms | selected older than available 0
09-22 22:08:20.398 28916  9518 I WiVRn   : [2026-09-22 22:08:20.398] [WiVRn] [info] render: selected source transitions forward 177 backward 0 repeat 2, greatest forward gap 2
09-22 22:08:20.398 28916  9518 I WiVRn   : [2026-09-22 22:08:20.398] [WiVRn] [info] render: this app's own GPU pass 4.1 ms per iteration
09-22 22:08:20.398 28916  9518 I WiVRn   : [2026-09-22 22:08:20.398] [WiVRn] [info] render: defoveate 2160x2160 per eye x2 = 9.33 Mpx/frame at scale 1.00 atlas-prototype 0; 0 re-presented from the cache (reduce_gpu_load on)
09-22 22:08:20.398 28916  9518 I WiVRn   : [2026-09-22 22:08:20.398] [WiVRn] [info] render: shader path sharpness 0.00 fsr false alpha false motion false blend true glow 0.00 vignette 0.00 deband 0.00 lowpoly 0.00 levels 0 full-kernel false
09-22 22:08:20.398 28916  9518 I WiVRn   : [2026-09-22 22:08:20.398] [WiVRn] [info] render: 179 GPU submissions, 0 cached refreshes without GPU submission
09-22 22:08:20.398 28916  9518 I WiVRn   : [2026-09-22 22:08:20.398] [WiVRn] [info] render: per iteration fence 0.0 (worst 3.1) | queries 0.0 | submit 0.0 | whole render() 0.4 ms
09-22 22:08:20.398 28916  9518 I WiVRn   : [2026-09-22 22:08:20.398] [WiVRn] [info] render: source-clock pose shifts 0
09-22 22:08:20.398 28916  9518 I WiVRn   : [2026-09-22 22:08:20.398] [WiVRn] [info] render: motion fields matched 0 active 0 pose-applied 0 pose-missing 0 pose-unsafe 0 mean active step 0.000
09-22 22:08:20.398 28916  9518 I WiVRn   : [2026-09-22 22:08:20.398] [WiVRn] [info] render: selection-to-defoveate CPU 0.058 ms mean (max 0.118) over 179 actual defoveate calls; not GPU/photon latency
09-22 22:08:20.398 28916  9518 I WiVRn   : [2026-09-22 22:08:20.398] [WiVRn] [info] render: jit on | wake slack 32.0 ms | slept 0.7 ms mean (max 11.5, 179 of 179 iterations) | budget 3.3 = pass 2.3 + margin 1.0 | sleep cap 0.4 ms
09-22 22:08:20.398 28916  9518 I WiVRn   : [2026-09-22 22:08:20.398] [WiVRn] [info] render: source display-time offset 1.0 ms mean (worst 14.9) over 179 frames | submit lead 30.9 ms mean (worst 17.7) | misses: 0 overrun 0 late 1 skipped refresh
09-22 22:08:20.398 28916  9518 I WiVRn   : [2026-09-22 22:08:20.398] [WiVRn] [info] render: source->first -36.4 ms | wire 1.6 | queue 0.3 | decode 0.1 | decode->selection 4.1 | selection->predicted 31.3 | sum 1.0 over 179 selected frames (0 invalid)
09-22 22:08:20.518 28916  9575 I WiVRn   : [2026-09-22 22:08:20.518] [WiVRn] [info] nxwarp[0]: LZ4 6660 compressed / 0 raw units, 259066438 wire / 436850280 unpacked bytes, 356.274 ms total decompression
09-22 22:08:21.118 28916  9571 I WiVRn   : [2026-09-22 22:08:21.118] [WiVRn] [info] nxwarp[0] net: 180 frames closed in 2.0 s, 30 with a hole, 0 out-of-order datagrams, 0 frames completed late, 0 queued for the worker, 6767 decoded so far, 3514 stragglers dropped; last hole 12/12 chunks, first missing -1, short false, chunk 1166 B; worker phase idle
09-22 22:08:21.118 28916  9571 I WiVRn   : [2026-09-22 22:08:21.118] [WiVRn] [info] nxwarp[0] net: 0.011 ms per datagram over 12937 datagrams (73.04 ms of every second)
09-22 22:08:21.519 28916  9575 I WiVRn   : [2026-09-22 22:08:21.519] [WiVRn] [info] nxwarp[0]: LZ4 6840 compressed / 0 raw units, 266838983 wire / 449448120 unpacked bytes, 367.190 ms total decompression
09-22 22:08:21.914 28916  9518 I WiVRn   : [2026-09-22 22:08:21.913] [WiVRn] [info] NX safety: fallback at source 23116092006500 frame 3841 after 22.279 ms primary hold
09-22 22:08:22.233 28916  9518 I WiVRn   : [2026-09-22 22:08:22.233] [WiVRn] [info] NX safety: detail at source 23116414210249 frame 3870 after 345.304 ms primary hold
09-22 22:08:22.402 28916  9518 I WiVRn   : [2026-09-22 22:08:22.402] [WiVRn] [info] render: 179 iterations in 2.0 s (89.3/s), 179 submitted a layer, 176 new-source, 0 skipped by the repeat gate, 0 with nothing to show; display period 11.2 ms
09-22 22:08:22.402 28916  9518 I WiVRn   : [2026-09-22 22:08:22.402] [WiVRn] [info] render: ready wait attempts 0 success 0 total 0.000 ms | selected older than available 0
09-22 22:08:22.402 28916  9518 I WiVRn   : [2026-09-22 22:08:22.402] [WiVRn] [info] render: selected source transitions forward 176 backward 0 repeat 3, greatest forward gap 2
09-22 22:08:22.402 28916  9518 I WiVRn   : [2026-09-22 22:08:22.402] [WiVRn] [info] render: this app's own GPU pass 4.1 ms per iteration
09-22 22:08:22.402 28916  9518 I WiVRn   : [2026-09-22 22:08:22.402] [WiVRn] [info] render: defoveate 2160x2160 per eye x2 = 9.33 Mpx/frame at scale 1.00 atlas-prototype 0; 1 re-presented from the cache (reduce_gpu_load on)
09-22 22:08:22.402 28916  9518 I WiVRn   : [2026-09-22 22:08:22.402] [WiVRn] [info] render: shader path sharpness 0.00 fsr false alpha false motion false blend true glow 0.00 vignette 0.00 deband 0.00 lowpoly 0.00 levels 0 full-kernel false
09-22 22:08:22.402 28916  9518 I WiVRn   : [2026-09-22 22:08:22.402] [WiVRn] [info] render: 178 GPU submissions, 1 cached refreshes without GPU submission
09-22 22:08:22.402 28916  9518 I WiVRn   : [2026-09-22 22:08:22.402] [WiVRn] [info] render: per iteration fence 0.1 (worst 4.6) | queries 0.0 | submit 0.0 | whole render() 0.4 ms
09-22 22:08:22.402 28916  9518 I WiVRn   : [2026-09-22 22:08:22.402] [WiVRn] [info] render: source-clock pose shifts 0
09-22 22:08:22.402 28916  9518 I WiVRn   : [2026-09-22 22:08:22.402] [WiVRn] [info] render: motion fields matched 0 active 0 pose-applied 0 pose-missing 0 pose-unsafe 0 mean active step 0.000
09-22 22:08:22.402 28916  9518 I WiVRn   : [2026-09-22 22:08:22.402] [WiVRn] [info] render: selection-to-defoveate CPU 0.058 ms mean (max 0.106) over 178 actual defoveate calls; not GPU/photon latency
09-22 22:08:22.402 28916  9518 I WiVRn   : [2026-09-22 22:08:22.402] [WiVRn] [info] render: jit on | wake slack 31.8 ms | slept 0.7 ms mean (max 11.5, 179 of 179 iterations) | budget 5.6 = pass 4.6 + margin 1.0 | sleep cap 0.4 ms
09-22 22:08:22.402 28916  9518 I WiVRn   : [2026-09-22 22:08:22.402] [WiVRn] [info] render: source display-time offset 0.8 ms mean (worst 11.9) over 179 frames | submit lead 30.7 ms mean (worst 18.3) | misses: 0 overrun 0 late 1 skipped refresh
09-22 22:08:22.402 28916  9518 I WiVRn   : [2026-09-22 22:08:22.402] [WiVRn] [info] render: source->first -36.1 ms | wire 1.7 | queue 0.3 | decode 0.1 | decode->selection 3.8 | selection->predicted 31.0 | sum 0.8 over 179 selected frames (0 invalid)
09-22 22:08:22.688 28916  9575 I WiVRn   : [2026-09-22 22:08:22.688] [WiVRn] [info] nxwarp[0]: LZ4 7020 compressed / 0 raw units, 273872909 wire / 460596960 unpacked bytes, 376.890 ms total decompression
09-22 22:08:23.123 28916  9571 I WiVRn   : [2026-09-22 22:08:23.123] [WiVRn] [info] nxwarp[0] net: 180 frames closed in 2.0 s, 30 with a hole, 0 out-of-order datagrams, 0 frames completed late, 0 queued for the worker, 7097 decoded so far, 3664 stragglers dropped; last hole 13/13 chunks, first missing -1, short false, chunk 1166 B; worker phase idle
09-22 22:08:23.123 28916  9571 I WiVRn   : [2026-09-22 22:08:23.123] [WiVRn] [info] nxwarp[0] net: 0.011 ms per datagram over 13563 datagrams (74.86 ms of every second)
09-22 22:08:23.692 28916  9575 I WiVRn   : [2026-09-22 22:08:23.692] [WiVRn] [info] nxwarp[0]: LZ4 7200 compressed / 0 raw units, 281620338 wire / 473194800 unpacked bytes, 388.277 ms total decompression
09-22 22:08:23.930 28916  9518 I WiVRn   : [2026-09-22 22:08:23.930] [WiVRn] [info] NX safety: fallback at source 23118108111597 frame 4022 after 33.404 ms primary hold
09-22 22:08:24.239 28916  9518 I WiVRn   : [2026-09-22 22:08:24.239] [WiVRn] [info] NX safety: detail at source 23118419221075 frame 4050 after 345.298 ms primary hold
09-22 22:08:24.408 28916  9518 I WiVRn   : [2026-09-22 22:08:24.408] [WiVRn] [info] render: 180 iterations in 2.0 s (89.8/s), 180 submitted a layer, 178 new-source, 0 skipped by the repeat gate, 0 with nothing to show; display period 11.1 ms
09-22 22:08:24.408 28916  9518 I WiVRn   : [2026-09-22 22:08:24.408] [WiVRn] [info] render: ready wait attempts 0 success 0 total 0.000 ms | selected older than available 0
09-22 22:08:24.408 28916  9518 I WiVRn   : [2026-09-22 22:08:24.408] [WiVRn] [info] render: selected source transitions forward 178 backward 0 repeat 2, greatest forward gap 3
09-22 22:08:24.408 28916  9518 I WiVRn   : [2026-09-22 22:08:24.408] [WiVRn] [info] render: this app's own GPU pass 4.0 ms per iteration
09-22 22:08:24.408 28916  9518 I WiVRn   : [2026-09-22 22:08:24.408] [WiVRn] [info] render: defoveate 2160x2160 per eye x2 = 9.33 Mpx/frame at scale 1.00 atlas-prototype 0; 1 re-presented from the cache (reduce_gpu_load on)
09-22 22:08:24.408 28916  9518 I WiVRn   : [2026-09-22 22:08:24.408] [WiVRn] [info] render: shader path sharpness 0.00 fsr false alpha false motion false blend true glow 0.00 vignette 0.00 deband 0.00 lowpoly 0.00 levels 0 full-kernel false
09-22 22:08:24.408 28916  9518 I WiVRn   : [2026-09-22 22:08:24.408] [WiVRn] [info] render: 179 GPU submissions, 1 cached refreshes without GPU submission
09-22 22:08:24.408 28916  9518 I WiVRn   : [2026-09-22 22:08:24.408] [WiVRn] [info] render: per iteration fence 0.0 (worst 0.0) | queries 0.0 | submit 0.0 | whole render() 0.4 ms
09-22 22:08:24.408 28916  9518 I WiVRn   : [2026-09-22 22:08:24.408] [WiVRn] [info] render: source-clock pose shifts 0
09-22 22:08:24.408 28916  9518 I WiVRn   : [2026-09-22 22:08:24.408] [WiVRn] [info] render: motion fields matched 0 active 0 pose-applied 0 pose-missing 0 pose-unsafe 0 mean active step 0.000
09-22 22:08:24.408 28916  9518 I WiVRn   : [2026-09-22 22:08:24.408] [WiVRn] [info] render: selection-to-defoveate CPU 0.057 ms mean (max 0.089) over 179 actual defoveate calls; not GPU/photon latency
09-22 22:08:24.408 28916  9518 I WiVRn   : [2026-09-22 22:08:24.408] [WiVRn] [info] render: jit on | wake slack 31.6 ms | slept 0.4 ms mean (max 0.4, 180 of 180 iterations) | budget 3.8 = pass 2.8 + margin 1.0 | sleep cap 0.4 ms
09-22 22:08:24.408 28916  9518 I WiVRn   : [2026-09-22 22:08:24.408] [WiVRn] [info] render: source display-time offset 0.6 ms mean (worst 22.6) over 180 frames | submit lead 30.8 ms mean (worst 29.8) | misses: 0 overrun 0 late 0 skipped refresh
09-22 22:08:24.408 28916  9518 I WiVRn   : [2026-09-22 22:08:24.408] [WiVRn] [info] render: source->first -36.3 ms | wire 1.3 | queue 0.3 | decode 0.1 | decode->selection 4.1 | selection->predicted 31.1 | sum 0.6 over 180 selected frames (0 invalid)
09-22 22:08:24.860 28916  9575 I WiVRn   : [2026-09-22 22:08:24.860] [WiVRn] [info] nxwarp[0]: LZ4 7380 compressed / 0 raw units, 288199903 wire / 484343640 unpacked bytes, 397.830 ms total decompression
09-22 22:08:25.125 28916  9571 I WiVRn   : [2026-09-22 22:08:25.125] [WiVRn] [info] nxwarp[0] net: 180 frames closed in 2.0 s, 30 with a hole, 0 out-of-order datagrams, 0 frames completed late, 0 queued for the worker, 7427 decoded so far, 3822 stragglers dropped; last hole 12/12 chunks, first missing -1, short false, chunk 1166 B; worker phase idle
09-22 22:08:25.125 28916  9571 I WiVRn   : [2026-09-22 22:08:25.125] [WiVRn] [info] nxwarp[0] net: 0.011 ms per datagram over 12822 datagrams (72.31 ms of every second)
09-22 22:08:25.863 28916  9575 I WiVRn   : [2026-09-22 22:08:25.863] [WiVRn] [info] nxwarp[0]: LZ4 7560 compressed / 0 raw units, 295266215 wire / 496941480 unpacked bytes, 408.227 ms total decompression
09-22 22:08:25.923 28916  9518 I WiVRn   : [2026-09-22 22:08:25.923] [WiVRn] [info] NX safety: fallback at source 23120101975142 frame 4201 after 22.286 ms primary hold
09-22 22:08:26.244 28916  9518 I WiVRn   : [2026-09-22 22:08:26.244] [WiVRn] [info] NX safety: detail at source 23120424167779 frame 4230 after 345.305 ms primary hold
09-22 22:08:26.412 28916  9518 I WiVRn   : [2026-09-22 22:08:26.412] [WiVRn] [info] render: 179 iterations in 2.0 s (89.3/s), 179 submitted a layer, 177 new-source, 0 skipped by the repeat gate, 0 with nothing to show; display period 11.2 ms
09-22 22:08:26.412 28916  9518 I WiVRn   : [2026-09-22 22:08:26.412] [WiVRn] [info] render: ready wait attempts 0 success 0 total 0.000 ms | selected older than available 0
09-22 22:08:26.412 28916  9518 I WiVRn   : [2026-09-22 22:08:26.412] [WiVRn] [info] render: selected source transitions forward 177 backward 0 repeat 2, greatest forward gap 2
09-22 22:08:26.412 28916  9518 I WiVRn   : [2026-09-22 22:08:26.412] [WiVRn] [info] render: this app's own GPU pass 4.0 ms per iteration
09-22 22:08:26.412 28916  9518 I WiVRn   : [2026-09-22 22:08:26.412] [WiVRn] [info] render: defoveate 2160x2160 per eye x2 = 9.33 Mpx/frame at scale 1.00 atlas-prototype 0; 0 re-presented from the cache (reduce_gpu_load on)
09-22 22:08:26.412 28916  9518 I WiVRn   : [2026-09-22 22:08:26.412] [WiVRn] [info] render: shader path sharpness 0.00 fsr false alpha false motion false blend true glow 0.00 vignette 0.00 deband 0.00 lowpoly 0.00 levels 0 full-kernel false
09-22 22:08:26.412 28916  9518 I WiVRn   : [2026-09-22 22:08:26.412] [WiVRn] [info] render: 179 GPU submissions, 0 cached refreshes without GPU submission
09-22 22:08:26.412 28916  9518 I WiVRn   : [2026-09-22 22:08:26.412] [WiVRn] [info] render: per iteration fence 0.0 (worst 3.2) | queries 0.0 | submit 0.0 | whole render() 0.4 ms
09-22 22:08:26.412 28916  9518 I WiVRn   : [2026-09-22 22:08:26.412] [WiVRn] [info] render: source-clock pose shifts 0
09-22 22:08:26.412 28916  9518 I WiVRn   : [2026-09-22 22:08:26.412] [WiVRn] [info] render: motion fields matched 0 active 0 pose-applied 0 pose-missing 0 pose-unsafe 0 mean active step 0.000
09-22 22:08:26.412 28916  9518 I WiVRn   : [2026-09-22 22:08:26.412] [WiVRn] [info] render: selection-to-defoveate CPU 0.059 ms mean (max 0.123) over 179 actual defoveate calls; not GPU/photon latency
09-22 22:08:26.412 28916  9518 I WiVRn   : [2026-09-22 22:08:26.412] [WiVRn] [info] render: jit on | wake slack 32.1 ms | slept 0.7 ms mean (max 11.5, 179 of 179 iterations) | budget 3.1 = pass 2.1 + margin 1.0 | sleep cap 0.4 ms
09-22 22:08:26.412 28916  9518 I WiVRn   : [2026-09-22 22:08:26.412] [WiVRn] [info] render: source display-time offset 0.9 ms mean (worst 14.9) over 179 frames | submit lead 31.0 ms mean (worst 17.7) | misses: 0 overrun 0 late 1 skipped refresh
09-22 22:08:26.412 28916  9518 I WiVRn   : [2026-09-22 22:08:26.412] [WiVRn] [info] render: source->first -36.5 ms | wire 1.2 | queue 0.3 | decode 0.1 | decode->selection 4.4 | selection->predicted 31.3 | sum 0.9 over 179 selected frames (0 invalid)
09-22 22:08:27.031 28916  9575 I WiVRn   : [2026-09-22 22:08:27.031] [WiVRn] [info] nxwarp[0]: LZ4 7740 compressed / 0 raw units, 301396410 wire / 508090320 unpacked bytes, 417.235 ms total decompression
09-22 22:08:27.132 28916  9571 I WiVRn   : [2026-09-22 22:08:27.132] [WiVRn] [info] nxwarp[0] net: 180 frames closed in 2.0 s, 30 with a hole, 0 out-of-order datagrams, 0 frames completed late, 0 queued for the worker, 7757 decoded so far, 3972 stragglers dropped; last hole 12/12 chunks, first missing -1, short false, chunk 1166 B; worker phase idle
09-22 22:08:27.132 28916  9571 I WiVRn   : [2026-09-22 22:08:27.132] [WiVRn] [info] nxwarp[0] net: 0.012 ms per datagram over 11833 datagrams (69.33 ms of every second)
09-22 22:08:27.937 28916  9518 I WiVRn   : [2026-09-22 22:08:27.937] [WiVRn] [info] NX safety: fallback at source 23122116135126 frame 4382 after 33.414 ms primary hold
09-22 22:08:28.188 28916  9575 I WiVRn   : [2026-09-22 22:08:28.187] [WiVRn] [info] nxwarp[0]: LZ4 7920 compressed / 0 raw units, 307577511 wire / 519432360 unpacked bytes, 426.200 ms total decompression
09-22 22:08:28.248 28916  9518 I WiVRn   : [2026-09-22 22:08:28.248] [WiVRn] [info] NX safety: detail at source 23122427255558 frame 4410 after 345.298 ms primary hold
09-22 22:08:28.417 28916  9518 I WiVRn   : [2026-09-22 22:08:28.417] [WiVRn] [info] render: 179 iterations in 2.0 s (89.3/s), 179 submitted a layer, 164 new-source, 0 skipped by the repeat gate, 0 with nothing to show; display period 11.2 ms
09-22 22:08:28.417 28916  9518 I WiVRn   : [2026-09-22 22:08:28.417] [WiVRn] [info] render: ready wait attempts 0 success 0 total 0.000 ms | selected older than available 0
09-22 22:08:28.417 28916  9518 I WiVRn   : [2026-09-22 22:08:28.417] [WiVRn] [info] render: selected source transitions forward 164 backward 0 repeat 15, greatest forward gap 10
09-22 22:08:28.417 28916  9518 I WiVRn   : [2026-09-22 22:08:28.417] [WiVRn] [info] render: this app's own GPU pass 3.9 ms per iteration
09-22 22:08:28.417 28916  9518 I WiVRn   : [2026-09-22 22:08:28.417] [WiVRn] [info] render: defoveate 2160x2160 per eye x2 = 9.33 Mpx/frame at scale 1.00 atlas-prototype 0; 11 re-presented from the cache (reduce_gpu_load on)
09-22 22:08:28.417 28916  9518 I WiVRn   : [2026-09-22 22:08:28.417] [WiVRn] [info] render: shader path sharpness 0.00 fsr false alpha false motion false blend true glow 0.00 vignette 0.00 deband 0.00 lowpoly 0.00 levels 0 full-kernel false
09-22 22:08:28.417 28916  9518 I WiVRn   : [2026-09-22 22:08:28.417] [WiVRn] [info] render: 168 GPU submissions, 11 cached refreshes without GPU submission
09-22 22:08:28.417 28916  9518 I WiVRn   : [2026-09-22 22:08:28.417] [WiVRn] [info] render: per iteration fence 0.0 (worst 4.2) | queries 0.0 | submit 0.0 | whole render() 0.4 ms
09-22 22:08:28.417 28916  9518 I WiVRn   : [2026-09-22 22:08:28.417] [WiVRn] [info] render: source-clock pose shifts 0
09-22 22:08:28.417 28916  9518 I WiVRn   : [2026-09-22 22:08:28.417] [WiVRn] [info] render: motion fields matched 0 active 0 pose-applied 0 pose-missing 0 pose-unsafe 0 mean active step 0.000
09-22 22:08:28.417 28916  9518 I WiVRn   : [2026-09-22 22:08:28.417] [WiVRn] [info] render: selection-to-defoveate CPU 0.059 ms mean (max 0.127) over 168 actual defoveate calls; not GPU/photon latency
09-22 22:08:28.417 28916  9518 I WiVRn   : [2026-09-22 22:08:28.417] [WiVRn] [info] render: jit on | wake slack 32.0 ms | slept 0.7 ms mean (max 11.6, 179 of 179 iterations) | budget 4.9 = pass 3.9 + margin 1.0 | sleep cap 0.4 ms
09-22 22:08:28.417 28916  9518 I WiVRn   : [2026-09-22 22:08:28.417] [WiVRn] [info] render: source display-time offset 4.8 ms mean (worst 111.7) over 179 frames | submit lead 30.9 ms mean (worst 14.8) | misses: 0 overrun 0 late 1 skipped refresh
09-22 22:08:28.417 28916  9518 I WiVRn   : [2026-09-22 22:08:28.417] [WiVRn] [info] render: source->first -36.2 ms | wire 1.1 | queue 0.3 | decode 0.1 | decode->selection 8.3 | selection->predicted 31.2 | sum 4.8 over 179 selected frames (0 invalid)
09-22 22:08:29.137 28916  9571 I WiVRn   : [2026-09-22 22:08:29.137] [WiVRn] [info] nxwarp[0] net: 179 frames closed in 2.0 s, 30 with a hole, 0 out-of-order datagrams, 0 frames completed late, 0 queued for the worker, 8085 decoded so far, 4121 stragglers dropped; last hole 12/12 chunks, first missing -1, short false, chunk 1166 B; worker phase idle
09-22 22:08:29.137 28916  9571 I WiVRn   : [2026-09-22 22:08:29.137] [WiVRn] [info] nxwarp[0] net: 0.012 ms per datagram over 11818 datagrams (68.27 ms of every second)
09-22 22:08:29.215 28916  9575 I WiVRn   : [2026-09-22 22:08:29.215] [WiVRn] [info] nxwarp[0]: LZ4 8100 compressed / 0 raw units, 314603191 wire / 531837000 unpacked bytes, 436.342 ms total decompression
09-22 22:08:29.933 28916  9518 I WiVRn   : [2026-09-22 22:08:29.933] [WiVRn] [info] NX safety: fallback at source 23124111958073 frame 4561 after 22.280 ms primary hold
09-22 22:08:30.266 28916  9518 I WiVRn   : [2026-09-22 22:08:30.266] [WiVRn] [info] NX safety: detail at source 23124445284341 frame 4591 after 356.445 ms primary hold
09-22 22:08:30.385 28916  9575 I WiVRn   : [2026-09-22 22:08:30.385] [WiVRn] [info] nxwarp[0]: LZ4 8280 compressed / 0 raw units, 321389542 wire / 542985840 unpacked bytes, 445.871 ms total decompression
09-22 22:08:30.423 28916  9518 I WiVRn   : [2026-09-22 22:08:30.423] [WiVRn] [info] render: 180 iterations in 2.0 s (89.7/s), 180 submitted a layer, 176 new-source, 0 skipped by the repeat gate, 0 with nothing to show; display period 11.1 ms
09-22 22:08:30.423 28916  9518 I WiVRn   : [2026-09-22 22:08:30.423] [WiVRn] [info] render: ready wait attempts 0 success 0 total 0.000 ms | selected older than available 0
09-22 22:08:30.423 28916  9518 I WiVRn   : [2026-09-22 22:08:30.423] [WiVRn] [info] render: selected source transitions forward 176 backward 0 repeat 4, greatest forward gap 2
09-22 22:08:30.423 28916  9518 I WiVRn   : [2026-09-22 22:08:30.423] [WiVRn] [info] render: this app's own GPU pass 4.1 ms per iteration
09-22 22:08:30.423 28916  9518 I WiVRn   : [2026-09-22 22:08:30.423] [WiVRn] [info] render: defoveate 2160x2160 per eye x2 = 9.33 Mpx/frame at scale 1.00 atlas-prototype 0; 1 re-presented from the cache (reduce_gpu_load on)
09-22 22:08:30.423 28916  9518 I WiVRn   : [2026-09-22 22:08:30.423] [WiVRn] [info] render: shader path sharpness 0.00 fsr false alpha false motion false blend true glow 0.00 vignette 0.00 deband 0.00 lowpoly 0.00 levels 0 full-kernel false
09-22 22:08:30.423 28916  9518 I WiVRn   : [2026-09-22 22:08:30.423] [WiVRn] [info] render: 179 GPU submissions, 1 cached refreshes without GPU submission
09-22 22:08:30.423 28916  9518 I WiVRn   : [2026-09-22 22:08:30.423] [WiVRn] [info] render: per iteration fence 0.0 (worst 0.0) | queries 0.0 | submit 0.0 | whole render() 0.4 ms
09-22 22:08:30.423 28916  9518 I WiVRn   : [2026-09-22 22:08:30.423] [WiVRn] [info] render: source-clock pose shifts 0
09-22 22:08:30.423 28916  9518 I WiVRn   : [2026-09-22 22:08:30.423] [WiVRn] [info] render: motion fields matched 0 active 0 pose-applied 0 pose-missing 0 pose-unsafe 0 mean active step 0.000
09-22 22:08:30.423 28916  9518 I WiVRn   : [2026-09-22 22:08:30.423] [WiVRn] [info] render: selection-to-defoveate CPU 0.059 ms mean (max 0.113) over 179 actual defoveate calls; not GPU/photon latency
09-22 22:08:30.423 28916  9518 I WiVRn   : [2026-09-22 22:08:30.423] [WiVRn] [info] render: jit on | wake slack 31.6 ms | slept 0.4 ms mean (max 0.4, 180 of 180 iterations) | budget 3.1 = pass 2.1 + margin 1.0 | sleep cap 0.4 ms
09-22 22:08:30.423 28916  9518 I WiVRn   : [2026-09-22 22:08:30.423] [WiVRn] [info] render: source display-time offset 0.7 ms mean (worst 12.2) over 180 frames | submit lead 30.8 ms mean (worst 30.0) | misses: 0 overrun 0 late 0 skipped refresh
09-22 22:08:30.423 28916  9518 I WiVRn   : [2026-09-22 22:08:30.423] [WiVRn] [info] render: source->first -36.7 ms | wire 1.2 | queue 0.3 | decode 0.1 | decode->selection 4.7 | selection->predicted 31.2 | sum 0.7 over 180 selected frames (0 invalid)
09-22 22:08:31.147 28916  9518 I WiVRn   : [2026-09-22 22:08:31.147] [WiVRn] [info] NX safety: fallback at source 23125314801156 frame 4669 after 22.278 ms primary hold
09-22 22:08:31.153 28916  9571 I WiVRn   : [2026-09-22 22:08:31.153] [WiVRn] [info] nxwarp[0] net: 179 frames closed in 2.0 s, 30 with a hole, 0 out-of-order datagrams, 0 frames completed late, 0 queued for the worker, 8413 decoded so far, 4285 stragglers dropped; last hole 13/13 chunks, first missing -1, short false, chunk 1166 B; worker phase idle
09-22 22:08:31.153 28916  9571 I WiVRn   : [2026-09-22 22:08:31.153] [WiVRn] [info] nxwarp[0] net: 0.011 ms per datagram over 13387 datagrams (74.14 ms of every second)
09-22 22:08:31.158 28916  9518 I WiVRn   : [2026-09-22 22:08:31.158] [WiVRn] [info] NX safety: detail at source 23125337102396 frame 4671 after 33.414 ms primary hold
09-22 22:08:31.388 28916  9575 I WiVRn   : [2026-09-22 22:08:31.388] [WiVRn] [info] nxwarp[0]: LZ4 8460 compressed / 0 raw units, 329414313 wire / 555583680 unpacked bytes, 456.951 ms total decompression
09-22 22:08:31.939 28916  9518 I WiVRn   : [2026-09-22 22:08:31.939] [WiVRn] [info] NX safety: fallback at source 23126116920663 frame 4741 after 22.279 ms primary hold
09-22 22:08:32.259 28916  9518 I WiVRn   : [2026-09-22 22:08:32.259] [WiVRn] [info] NX safety: detail at source 23126439184859 frame 4770 after 345.302 ms primary hold
09-22 22:08:32.427 28916  9518 I WiVRn   : [2026-09-22 22:08:32.427] [WiVRn] [info] render: 179 iterations in 2.0 s (89.3/s), 179 submitted a layer, 174 new-source, 0 skipped by the repeat gate, 0 with nothing to show; display period 11.2 ms
09-22 22:08:32.427 28916  9518 I WiVRn   : [2026-09-22 22:08:32.427] [WiVRn] [info] render: ready wait attempts 0 success 0 total 0.000 ms | selected older than available 0
09-22 22:08:32.427 28916  9518 I WiVRn   : [2026-09-22 22:08:32.427] [WiVRn] [info] render: selected source transitions forward 174 backward 0 repeat 5, greatest forward gap 2
09-22 22:08:32.427 28916  9518 I WiVRn   : [2026-09-22 22:08:32.427] [WiVRn] [info] render: this app's own GPU pass 4.0 ms per iteration
09-22 22:08:32.427 28916  9518 I WiVRn   : [2026-09-22 22:08:32.427] [WiVRn] [info] render: defoveate 2160x2160 per eye x2 = 9.33 Mpx/frame at scale 1.00 atlas-prototype 0; 1 re-presented from the cache (reduce_gpu_load on)
09-22 22:08:32.427 28916  9518 I WiVRn   : [2026-09-22 22:08:32.427] [WiVRn] [info] render: shader path sharpness 0.00 fsr false alpha false motion false blend true glow 0.00 vignette 0.00 deband 0.00 lowpoly 0.00 levels 0 full-kernel false
09-22 22:08:32.427 28916  9518 I WiVRn   : [2026-09-22 22:08:32.427] [WiVRn] [info] render: 178 GPU submissions, 1 cached refreshes without GPU submission
09-22 22:08:32.427 28916  9518 I WiVRn   : [2026-09-22 22:08:32.427] [WiVRn] [info] render: per iteration fence 0.0 (worst 3.1) | queries 0.0 | submit 0.0 | whole render() 0.4 ms
09-22 22:08:32.427 28916  9518 I WiVRn   : [2026-09-22 22:08:32.427] [WiVRn] [info] render: source-clock pose shifts 0
09-22 22:08:32.427 28916  9518 I WiVRn   : [2026-09-22 22:08:32.427] [WiVRn] [info] render: motion fields matched 0 active 0 pose-applied 0 pose-missing 0 pose-unsafe 0 mean active step 0.000
09-22 22:08:32.427 28916  9518 I WiVRn   : [2026-09-22 22:08:32.427] [WiVRn] [info] render: selection-to-defoveate CPU 0.057 ms mean (max 0.107) over 178 actual defoveate calls; not GPU/photon latency
09-22 22:08:32.427 28916  9518 I WiVRn   : [2026-09-22 22:08:32.427] [WiVRn] [info] render: jit on | wake slack 31.8 ms | slept 0.7 ms mean (max 11.6, 179 of 179 iterations) | budget 2.9 = pass 1.9 + margin 1.0 | sleep cap 0.4 ms
09-22 22:08:32.427 28916  9518 I WiVRn   : [2026-09-22 22:08:32.427] [WiVRn] [info] render: source display-time offset 1.1 ms mean (worst 14.9) over 179 frames | submit lead 30.7 ms mean (worst 17.4) | misses: 0 overrun 0 late 1 skipped refresh
09-22 22:08:32.427 28916  9518 I WiVRn   : [2026-09-22 22:08:32.427] [WiVRn] [info] render: source->first -36.1 ms | wire 1.5 | queue 0.3 | decode 0.1 | decode->selection 4.3 | selection->predicted 31.0 | sum 1.1 over 179 selected frames (0 invalid)
09-22 22:08:32.558 28916  9575 I WiVRn   : [2026-09-22 22:08:32.558] [WiVRn] [info] nxwarp[0]: LZ4 8640 compressed / 0 raw units, 336418935 wire / 566732520 unpacked bytes, 466.572 ms total decompression
09-22 22:08:33.159 28916  9571 I WiVRn   : [2026-09-22 22:08:33.159] [WiVRn] [info] nxwarp[0] net: 182 frames closed in 2.0 s, 30 with a hole, 0 out-of-order datagrams, 0 frames completed late, 0 queued for the worker, 8747 decoded so far, 4437 stragglers dropped; last hole 13/13 chunks, first missing -1, short false, chunk 1166 B; worker phase idle
09-22 22:08:33.159 28916  9571 I WiVRn   : [2026-09-22 22:08:33.159] [WiVRn] [info] nxwarp[0] net: 0.011 ms per datagram over 13658 datagrams (75.57 ms of every second)
09-22 22:08:33.560 28916  9575 I WiVRn   : [2026-09-22 22:08:33.560] [WiVRn] [info] nxwarp[0]: LZ4 8820 compressed / 0 raw units, 344082021 wire / 579330360 unpacked bytes, 477.403 ms total decompression
09-22 22:08:33.943 28916  9518 I WiVRn   : [2026-09-22 22:08:33.943] [WiVRn] [info] NX safety: fallback at source 23128121618801 frame 4921 after 22.278 ms primary hold
09-22 22:08:34.263 28916  9518 I WiVRn   : [2026-09-22 22:08:34.263] [WiVRn] [info] NX safety: detail at source 23128443865655 frame 4950 after 345.311 ms primary hold
09-22 22:08:34.432 28916  9518 I WiVRn   : [2026-09-22 22:08:34.432] [WiVRn] [info] render: 179 iterations in 2.0 s (89.3/s), 179 submitted a layer, 177 new-source, 0 skipped by the repeat gate, 0 with nothing to show; display period 11.2 ms
09-22 22:08:34.432 28916  9518 I WiVRn   : [2026-09-22 22:08:34.432] [WiVRn] [info] render: ready wait attempts 0 success 0 total 0.000 ms | selected older than available 0
09-22 22:08:34.432 28916  9518 I WiVRn   : [2026-09-22 22:08:34.432] [WiVRn] [info] render: selected source transitions forward 177 backward 0 repeat 2, greatest forward gap 2
09-22 22:08:34.432 28916  9518 I WiVRn   : [2026-09-22 22:08:34.432] [WiVRn] [info] render: this app's own GPU pass 4.0 ms per iteration
09-22 22:08:34.432 28916  9518 I WiVRn   : [2026-09-22 22:08:34.432] [WiVRn] [info] render: defoveate 2160x2160 per eye x2 = 9.33 Mpx/frame at scale 1.00 atlas-prototype 0; 0 re-presented from the cache (reduce_gpu_load on)
09-22 22:08:34.432 28916  9518 I WiVRn   : [2026-09-22 22:08:34.432] [WiVRn] [info] render: shader path sharpness 0.00 fsr false alpha false motion false blend true glow 0.00 vignette 0.00 deband 0.00 lowpoly 0.00 levels 0 full-kernel false
09-22 22:08:34.432 28916  9518 I WiVRn   : [2026-09-22 22:08:34.432] [WiVRn] [info] render: 179 GPU submissions, 0 cached refreshes without GPU submission
09-22 22:08:34.432 28916  9518 I WiVRn   : [2026-09-22 22:08:34.432] [WiVRn] [info] render: per iteration fence 0.0 (worst 3.2) | queries 0.0 | submit 0.0 | whole render() 0.4 ms
09-22 22:08:34.432 28916  9518 I WiVRn   : [2026-09-22 22:08:34.432] [WiVRn] [info] render: source-clock pose shifts 0
09-22 22:08:34.432 28916  9518 I WiVRn   : [2026-09-22 22:08:34.432] [WiVRn] [info] render: motion fields matched 0 active 0 pose-applied 0 pose-missing 0 pose-unsafe 0 mean active step 0.000
09-22 22:08:34.432 28916  9518 I WiVRn   : [2026-09-22 22:08:34.432] [WiVRn] [info] render: selection-to-defoveate CPU 0.057 ms mean (max 0.098) over 179 actual defoveate calls; not GPU/photon latency
09-22 22:08:34.432 28916  9518 I WiVRn   : [2026-09-22 22:08:34.432] [WiVRn] [info] render: jit on | wake slack 32.1 ms | slept 0.7 ms mean (max 11.6, 179 of 179 iterations) | budget 3.8 = pass 2.8 + margin 1.0 | sleep cap 0.4 ms
09-22 22:08:34.432 28916  9518 I WiVRn   : [2026-09-22 22:08:34.432] [WiVRn] [info] render: source display-time offset 0.8 ms mean (worst 14.9) over 179 frames | submit lead 31.0 ms mean (worst 17.4) | misses: 0 overrun 0 late 1 skipped refresh
09-22 22:08:34.432 28916  9518 I WiVRn   : [2026-09-22 22:08:34.432] [WiVRn] [info] render: source->first -36.7 ms | wire 1.3 | queue 0.3 | decode 0.1 | decode->selection 4.4 | selection->predicted 31.4 | sum 0.8 over 179 selected frames (0 invalid)
09-22 22:08:34.729 28916  9575 I WiVRn   : [2026-09-22 22:08:34.729] [WiVRn] [info] nxwarp[0]: LZ4 9000 compressed / 0 raw units, 350658242 wire / 590479200 unpacked bytes, 487.102 ms total decompression
09-22 22:08:35.163 28916  9571 I WiVRn   : [2026-09-22 22:08:35.163] [WiVRn] [info] nxwarp[0] net: 180 frames closed in 2.0 s, 30 with a hole, 0 out-of-order datagrams, 0 frames completed late, 0 queued for the worker, 9077 decoded so far, 4626 stragglers dropped; last hole 12/12 chunks, first missing -1, short false, chunk 1166 B; worker phase idle
09-22 22:08:35.163 28916  9571 I WiVRn   : [2026-09-22 22:08:35.163] [WiVRn] [info] nxwarp[0] net: 0.011 ms per datagram over 12693 datagrams (71.91 ms of every second)
09-22 22:08:35.732 28916  9575 I WiVRn   : [2026-09-22 22:08:35.732] [WiVRn] [info] nxwarp[0]: LZ4 9180 compressed / 0 raw units, 357885069 wire / 603077040 unpacked bytes, 497.587 ms total decompression
09-22 22:08:35.948 28916  9518 I WiVRn   : [2026-09-22 22:08:35.948] [WiVRn] [info] NX safety: fallback at source 23130126918046 frame 5101 after 22.277 ms primary hold
09-22 22:08:36.268 28916  9518 I WiVRn   : [2026-09-22 22:08:36.268] [WiVRn] [info] NX safety: detail at source 23130449131097 frame 5130 after 345.305 ms primary hold
09-22 22:08:36.437 28916  9518 I WiVRn   : [2026-09-22 22:08:36.437] [WiVRn] [info] render: 180 iterations in 2.0 s (89.8/s), 180 submitted a layer, 177 new-source, 0 skipped by the repeat gate, 0 with nothing to show; display period 11.1 ms
09-22 22:08:36.437 28916  9518 I WiVRn   : [2026-09-22 22:08:36.437] [WiVRn] [info] render: ready wait attempts 0 success 0 total 0.000 ms | selected older than available 0
09-22 22:08:36.437 28916  9518 I WiVRn   : [2026-09-22 22:08:36.437] [WiVRn] [info] render: selected source transitions forward 177 backward 0 repeat 3, greatest forward gap 2
09-22 22:08:36.437 28916  9518 I WiVRn   : [2026-09-22 22:08:36.437] [WiVRn] [info] render: this app's own GPU pass 4.0 ms per iteration
09-22 22:08:36.437 28916  9518 I WiVRn   : [2026-09-22 22:08:36.437] [WiVRn] [info] render: defoveate 2160x2160 per eye x2 = 9.33 Mpx/frame at scale 1.00 atlas-prototype 0; 0 re-presented from the cache (reduce_gpu_load on)
09-22 22:08:36.437 28916  9518 I WiVRn   : [2026-09-22 22:08:36.437] [WiVRn] [info] render: shader path sharpness 0.00 fsr false alpha false motion false blend true glow 0.00 vignette 0.00 deband 0.00 lowpoly 0.00 levels 0 full-kernel false
09-22 22:08:36.437 28916  9518 I WiVRn   : [2026-09-22 22:08:36.437] [WiVRn] [info] render: 180 GPU submissions, 0 cached refreshes without GPU submission
09-22 22:08:36.437 28916  9518 I WiVRn   : [2026-09-22 22:08:36.437] [WiVRn] [info] render: per iteration fence 0.0 (worst 0.0) | queries 0.0 | submit 0.0 | whole render() 0.4 ms
09-22 22:08:36.437 28916  9518 I WiVRn   : [2026-09-22 22:08:36.437] [WiVRn] [info] render: source-clock pose shifts 0
09-22 22:08:36.437 28916  9518 I WiVRn   : [2026-09-22 22:08:36.437] [WiVRn] [info] render: motion fields matched 0 active 0 pose-applied 0 pose-missing 0 pose-unsafe 0 mean active step 0.000
09-22 22:08:36.437 28916  9518 I WiVRn   : [2026-09-22 22:08:36.437] [WiVRn] [info] render: selection-to-defoveate CPU 0.057 ms mean (max 0.097) over 180 actual defoveate calls; not GPU/photon latency
09-22 22:08:36.437 28916  9518 I WiVRn   : [2026-09-22 22:08:36.437] [WiVRn] [info] render: jit on | wake slack 31.8 ms | slept 0.4 ms mean (max 0.4, 180 of 180 iterations) | budget 2.0 = pass 1.0 + margin 1.0 | sleep cap 0.4 ms
09-22 22:08:36.437 28916  9518 I WiVRn   : [2026-09-22 22:08:36.437] [WiVRn] [info] render: source display-time offset 0.6 ms mean (worst 11.5) over 180 frames | submit lead 31.0 ms mean (worst 30.2) | misses: 0 overrun 0 late 0 skipped refresh
09-22 22:08:36.437 28916  9518 I WiVRn   : [2026-09-22 22:08:36.437] [WiVRn] [info] render: source->first -36.8 ms | wire 1.2 | queue 0.3 | decode 0.1 | decode->selection 4.4 | selection->predicted 31.4 | sum 0.6 over 180 selected frames (0 invalid)
09-22 22:08:36.901 28916  9575 I WiVRn   : [2026-09-22 22:08:36.901] [WiVRn] [info] nxwarp[0]: LZ4 9360 compressed / 0 raw units, 364382455 wire / 614225880 unpacked bytes, 506.843 ms total decompression
09-22 22:08:37.168 28916  9571 I WiVRn   : [2026-09-22 22:08:37.168] [WiVRn] [info] nxwarp[0] net: 180 frames closed in 2.0 s, 30 with a hole, 0 out-of-order datagrams, 0 frames completed late, 0 queued for the worker, 9407 decoded so far, 4814 stragglers dropped; last hole 12/12 chunks, first missing -1, short false, chunk 1166 B; worker phase idle
09-22 22:08:37.168 28916  9571 I WiVRn   : [2026-09-22 22:08:37.168] [WiVRn] [info] nxwarp[0] net: 0.011 ms per datagram over 12462 datagrams (70.79 ms of every second)
09-22 22:08:37.904 28916  9575 I WiVRn   : [2026-09-22 22:08:37.904] [WiVRn] [info] nxwarp[0]: LZ4 9540 compressed / 0 raw units, 371930790 wire / 626823720 unpacked bytes, 517.420 ms total decompression
09-22 22:08:37.953 28916  9518 I WiVRn   : [2026-09-22 22:08:37.953] [WiVRn] [info] NX safety: fallback at source 23132131903886 frame 5281 after 22.311 ms primary hold
09-22 22:08:38.274 28916  9518 I WiVRn   : [2026-09-22 22:08:38.274] [WiVRn] [info] NX safety: detail at source 23132454102853 frame 5310 after 345.338 ms primary hold
09-22 22:08:38.442 28916  9518 I WiVRn   : [2026-09-22 22:08:38.442] [WiVRn] [info] render: 179 iterations in 2.0 s (89.3/s), 179 submitted a layer, 174 new-source, 0 skipped by the repeat gate, 0 with nothing to show; display period 11.2 ms
09-22 22:08:38.442 28916  9518 I WiVRn   : [2026-09-22 22:08:38.442] [WiVRn] [info] render: ready wait attempts 0 success 0 total 0.000 ms | selected older than available 0
09-22 22:08:38.442 28916  9518 I WiVRn   : [2026-09-22 22:08:38.442] [WiVRn] [info] render: selected source transitions forward 174 backward 0 repeat 5, greatest forward gap 2
09-22 22:08:38.442 28916  9518 I WiVRn   : [2026-09-22 22:08:38.442] [WiVRn] [info] render: this app's own GPU pass 4.0 ms per iteration
09-22 22:08:38.442 28916  9518 I WiVRn   : [2026-09-22 22:08:38.442] [WiVRn] [info] render: defoveate 2160x2160 per eye x2 = 9.33 Mpx/frame at scale 1.00 atlas-prototype 0; 1 re-presented from the cache (reduce_gpu_load on)
09-22 22:08:38.442 28916  9518 I WiVRn   : [2026-09-22 22:08:38.442] [WiVRn] [info] render: shader path sharpness 0.00 fsr false alpha false motion false blend true glow 0.00 vignette 0.00 deband 0.00 lowpoly 0.00 levels 0 full-kernel false
09-22 22:08:38.442 28916  9518 I WiVRn   : [2026-09-22 22:08:38.442] [WiVRn] [info] render: 178 GPU submissions, 1 cached refreshes without GPU submission
09-22 22:08:38.442 28916  9518 I WiVRn   : [2026-09-22 22:08:38.442] [WiVRn] [info] render: per iteration fence 0.0 (worst 3.1) | queries 0.0 | submit 0.0 | whole render() 0.4 ms
09-22 22:08:38.442 28916  9518 I WiVRn   : [2026-09-22 22:08:38.442] [WiVRn] [info] render: source-clock pose shifts 0
09-22 22:08:38.442 28916  9518 I WiVRn   : [2026-09-22 22:08:38.442] [WiVRn] [info] render: motion fields matched 0 active 0 pose-applied 0 pose-missing 0 pose-unsafe 0 mean active step 0.000
09-22 22:08:38.442 28916  9518 I WiVRn   : [2026-09-22 22:08:38.442] [WiVRn] [info] render: selection-to-defoveate CPU 0.056 ms mean (max 0.100) over 178 actual defoveate calls; not GPU/photon latency
09-22 22:08:38.442 28916  9518 I WiVRn   : [2026-09-22 22:08:38.442] [WiVRn] [info] render: jit on | wake slack 32.4 ms | slept 0.7 ms mean (max 11.6, 179 of 179 iterations) | budget 2.7 = pass 1.7 + margin 1.0 | sleep cap 0.4 ms
09-22 22:08:38.442 28916  9518 I WiVRn   : [2026-09-22 22:08:38.442] [WiVRn] [info] render: source display-time offset 1.0 ms mean (worst 15.0) over 179 frames | submit lead 31.3 ms mean (worst 18.8) | misses: 0 overrun 0 late 1 skipped refresh
09-22 22:08:38.442 28916  9518 I WiVRn   : [2026-09-22 22:08:38.442] [WiVRn] [info] render: source->first -36.8 ms | wire 1.2 | queue 0.3 | decode 0.1 | decode->selection 4.6 | selection->predicted 31.7 | sum 1.0 over 179 selected frames (0 invalid)
09-22 22:08:39.073 28916  9575 I WiVRn   : [2026-09-22 22:08:39.073] [WiVRn] [info] nxwarp[0]: LZ4 9720 compressed / 0 raw units, 378920132 wire / 637972560 unpacked bytes, 527.200 ms total decompression
09-22 22:08:39.174 28916  9571 I WiVRn   : [2026-09-22 22:08:39.174] [WiVRn] [info] nxwarp[0] net: 180 frames closed in 2.0 s, 30 with a hole, 0 out-of-order datagrams, 0 frames completed late, 0 queued for the worker, 9737 decoded so far, 4977 stragglers dropped; last hole 12/12 chunks, first missing -1, short false, chunk 1166 B; worker phase idle
09-22 22:08:39.174 28916  9571 I WiVRn   : [2026-09-22 22:08:39.174] [WiVRn] [info] nxwarp[0] net: 0.011 ms per datagram over 13457 datagrams (74.08 ms of every second)
09-22 22:08:39.969 28916  9518 I WiVRn   : [2026-09-22 22:08:39.969] [WiVRn] [info] NX safety: fallback at source 23134147959830 frame 5462 after 33.407 ms primary hold
09-22 22:08:40.219 28916  9575 I WiVRn   : [2026-09-22 22:08:40.219] [WiVRn] [info] nxwarp[0]: LZ4 9900 compressed / 0 raw units, 386031192 wire / 649314600 unpacked bytes, 537.058 ms total decompression
09-22 22:08:40.278 28916  9518 I WiVRn   : [2026-09-22 22:08:40.278] [WiVRn] [info] NX safety: detail at source 23134459065540 frame 5490 after 345.296 ms primary hold
09-22 22:08:40.447 28916  9518 I WiVRn   : [2026-09-22 22:08:40.447] [WiVRn] [info] render: 179 iterations in 2.0 s (89.3/s), 179 submitted a layer, 175 new-source, 0 skipped by the repeat gate, 0 with nothing to show; display period 11.2 ms
09-22 22:08:40.447 28916  9518 I WiVRn   : [2026-09-22 22:08:40.447] [WiVRn] [info] render: ready wait attempts 0 success 0 total 0.000 ms | selected older than available 0
09-22 22:08:40.447 28916  9518 I WiVRn   : [2026-09-22 22:08:40.447] [WiVRn] [info] render: selected source transitions forward 175 backward 0 repeat 4, greatest forward gap 3
09-22 22:08:40.447 28916  9518 I WiVRn   : [2026-09-22 22:08:40.447] [WiVRn] [info] render: this app's own GPU pass 4.0 ms per iteration
09-22 22:08:40.447 28916  9518 I WiVRn   : [2026-09-22 22:08:40.447] [WiVRn] [info] render: defoveate 2160x2160 per eye x2 = 9.33 Mpx/frame at scale 1.00 atlas-prototype 0; 1 re-presented from the cache (reduce_gpu_load on)
09-22 22:08:40.447 28916  9518 I WiVRn   : [2026-09-22 22:08:40.447] [WiVRn] [info] render: shader path sharpness 0.00 fsr false alpha false motion false blend true glow 0.00 vignette 0.00 deband 0.00 lowpoly 0.00 levels 0 full-kernel false
09-22 22:08:40.447 28916  9518 I WiVRn   : [2026-09-22 22:08:40.447] [WiVRn] [info] render: 178 GPU submissions, 1 cached refreshes without GPU submission
09-22 22:08:40.447 28916  9518 I WiVRn   : [2026-09-22 22:08:40.447] [WiVRn] [info] render: per iteration fence 0.0 (worst 3.2) | queries 0.0 | submit 0.0 | whole render() 0.4 ms
09-22 22:08:40.447 28916  9518 I WiVRn   : [2026-09-22 22:08:40.447] [WiVRn] [info] render: source-clock pose shifts 0
09-22 22:08:40.447 28916  9518 I WiVRn   : [2026-09-22 22:08:40.447] [WiVRn] [info] render: motion fields matched 0 active 0 pose-applied 0 pose-missing 0 pose-unsafe 0 mean active step 0.000
09-22 22:08:40.447 28916  9518 I WiVRn   : [2026-09-22 22:08:40.447] [WiVRn] [info] render: selection-to-defoveate CPU 0.057 ms mean (max 0.107) over 178 actual defoveate calls; not GPU/photon latency
09-22 22:08:40.447 28916  9518 I WiVRn   : [2026-09-22 22:08:40.447] [WiVRn] [info] render: jit on | wake slack 32.2 ms | slept 0.7 ms mean (max 11.6, 179 of 179 iterations) | budget 3.7 = pass 2.7 + margin 1.0 | sleep cap 0.4 ms
09-22 22:08:40.448 28916  9518 I WiVRn   : [2026-09-22 22:08:40.448] [WiVRn] [info] render: source display-time offset 1.1 ms mean (worst 22.7) over 179 frames | submit lead 31.2 ms mean (worst 17.9) | misses: 0 overrun 0 late 1 skipped refresh
09-22 22:08:40.448 28916  9518 I WiVRn   : [2026-09-22 22:08:40.448] [WiVRn] [info] render: source->first -36.6 ms | wire 1.2 | queue 0.3 | decode 0.1 | decode->selection 4.5 | selection->predicted 31.5 | sum 1.1 over 179 selected frames (0 invalid)
09-22 22:08:41.179 28916  9571 I WiVRn   : [2026-09-22 22:08:41.179] [WiVRn] [info] nxwarp[0] net: 180 frames closed in 2.0 s, 30 with a hole, 0 out-of-order datagrams, 0 frames completed late, 0 queued for the worker, 10067 decoded so far, 5127 stragglers dropped; last hole 13/13 chunks, first missing -1, short false, chunk 1166 B; worker phase idle
09-22 22:08:41.179 28916  9571 I WiVRn   : [2026-09-22 22:08:41.179] [WiVRn] [info] nxwarp[0] net: 0.011 ms per datagram over 13493 datagrams (74.81 ms of every second)
09-22 22:08:41.246 28916  9575 I WiVRn   : [2026-09-22 22:08:41.246] [WiVRn] [info] nxwarp[0]: LZ4 10080 compressed / 0 raw units, 393633450 wire / 661719240 unpacked bytes, 547.650 ms total decompression
09-22 22:08:41.963 28916  9518 I WiVRn   : [2026-09-22 22:08:41.963] [WiVRn] [info] NX safety: fallback at source 23136141876356 frame 5641 after 22.284 ms primary hold
09-22 22:08:42.283 28916  9518 I WiVRn   : [2026-09-22 22:08:42.283] [WiVRn] [info] NX safety: detail at source 23136464086893 frame 5670 after 345.299 ms primary hold
09-22 22:08:42.413 28916  9575 I WiVRn   : [2026-09-22 22:08:42.413] [WiVRn] [info] nxwarp[0]: LZ4 10260 compressed / 0 raw units, 400296493 wire / 672868080 unpacked bytes, 557.250 ms total decompression
09-22 22:08:42.450 28916  9518 I WiVRn   : [2026-09-22 22:08:42.450] [WiVRn] [info] render: 179 iterations in 2.0 s (89.4/s), 179 submitted a layer, 176 new-source, 0 skipped by the repeat gate, 0 with nothing to show; display period 11.2 ms
09-22 22:08:42.450 28916  9518 I WiVRn   : [2026-09-22 22:08:42.450] [WiVRn] [info] render: ready wait attempts 0 success 0 total 0.000 ms | selected older than available 0
09-22 22:08:42.450 28916  9518 I WiVRn   : [2026-09-22 22:08:42.450] [WiVRn] [info] render: selected source transitions forward 176 backward 0 repeat 3, greatest forward gap 2
09-22 22:08:42.450 28916  9518 I WiVRn   : [2026-09-22 22:08:42.450] [WiVRn] [info] render: this app's own GPU pass 4.0 ms per iteration
09-22 22:08:42.450 28916  9518 I WiVRn   : [2026-09-22 22:08:42.450] [WiVRn] [info] render: defoveate 2160x2160 per eye x2 = 9.33 Mpx/frame at scale 1.00 atlas-prototype 0; 0 re-presented from the cache (reduce_gpu_load on)
09-22 22:08:42.450 28916  9518 I WiVRn   : [2026-09-22 22:08:42.450] [WiVRn] [info] render: shader path sharpness 0.00 fsr false alpha false motion false blend true glow 0.00 vignette 0.00 deband 0.00 lowpoly 0.00 levels 0 full-kernel false
09-22 22:08:42.450 28916  9518 I WiVRn   : [2026-09-22 22:08:42.450] [WiVRn] [info] render: 179 GPU submissions, 0 cached refreshes without GPU submission
09-22 22:08:42.450 28916  9518 I WiVRn   : [2026-09-22 22:08:42.450] [WiVRn] [info] render: per iteration fence 0.0 (worst 3.2) | queries 0.0 | submit 0.0 | whole render() 0.4 ms
09-22 22:08:42.450 28916  9518 I WiVRn   : [2026-09-22 22:08:42.450] [WiVRn] [info] render: source-clock pose shifts 0
09-22 22:08:42.450 28916  9518 I WiVRn   : [2026-09-22 22:08:42.450] [WiVRn] [info] render: motion fields matched 0 active 0 pose-applied 0 pose-missing 0 pose-unsafe 0 mean active step 0.000
09-22 22:08:42.450 28916  9518 I WiVRn   : [2026-09-22 22:08:42.450] [WiVRn] [info] render: selection-to-defoveate CPU 0.058 ms mean (max 0.105) over 179 actual defoveate calls; not GPU/photon latency
09-22 22:08:42.450 28916  9518 I WiVRn   : [2026-09-22 22:08:42.450] [WiVRn] [info] render: jit on | wake slack 32.0 ms | slept 0.7 ms mean (max 11.6, 179 of 179 iterations) | budget 4.4 = pass 3.4 + margin 1.0 | sleep cap 0.4 ms
09-22 22:08:42.450 28916  9518 I WiVRn   : [2026-09-22 22:08:42.450] [WiVRn] [info] render: source display-time offset 0.8 ms mean (worst 15.4) over 179 frames | submit lead 30.9 ms mean (worst 20.2) | misses: 0 overrun 0 late 1 skipped refresh
09-22 22:08:42.450 28916  9518 I WiVRn   : [2026-09-22 22:08:42.450] [WiVRn] [info] render: source->first -36.3 ms | wire 1.1 | queue 0.3 | decode 0.1 | decode->selection 4.3 | selection->predicted 31.2 | sum 0.8 over 179 selected frames (0 invalid)
09-22 22:08:43.183 28916  9571 I WiVRn   : [2026-09-22 22:08:43.183] [WiVRn] [info] nxwarp[0] net: 180 frames closed in 2.0 s, 30 with a hole, 0 out-of-order datagrams, 0 frames completed late, 0 queued for the worker, 10397 decoded so far, 5320 stragglers dropped; last hole 12/12 chunks, first missing -1, short false, chunk 1166 B; worker phase idle
09-22 22:08:43.183 28916  9571 I WiVRn   : [2026-09-22 22:08:43.183] [WiVRn] [info] nxwarp[0] net: 0.011 ms per datagram over 12547 datagrams (71.59 ms of every second)
09-22 22:08:43.417 28916  9575 I WiVRn   : [2026-09-22 22:08:43.417] [WiVRn] [info] nxwarp[0]: LZ4 10440 compressed / 0 raw units, 407464228 wire / 685465920 unpacked bytes, 567.781 ms total decompression
09-22 22:08:43.979 28916  9518 I WiVRn   : [2026-09-22 22:08:43.979] [WiVRn] [info] NX safety: fallback at source 23138157984322 frame 5822 after 33.416 ms primary hold
09-22 22:08:44.289 28916  9518 I WiVRn   : [2026-09-22 22:08:44.289] [WiVRn] [info] NX safety: detail at source 23138469112592 frame 5850 after 345.302 ms primary hold
09-22 22:08:44.457 28916  9518 I WiVRn   : [2026-09-22 22:08:44.457] [WiVRn] [info] render: 180 iterations in 2.0 s (89.7/s), 180 submitted a layer, 177 new-source, 0 skipped by the repeat gate, 0 with nothing to show; display period 11.1 ms
09-22 22:08:44.457 28916  9518 I WiVRn   : [2026-09-22 22:08:44.457] [WiVRn] [info] render: ready wait attempts 0 success 0 total 0.000 ms | selected older than available 0
09-22 22:08:44.457 28916  9518 I WiVRn   : [2026-09-22 22:08:44.457] [WiVRn] [info] render: selected source transitions forward 177 backward 0 repeat 3, greatest forward gap 3
09-22 22:08:44.457 28916  9518 I WiVRn   : [2026-09-22 22:08:44.457] [WiVRn] [info] render: this app's own GPU pass 4.0 ms per iteration
09-22 22:08:44.457 28916  9518 I WiVRn   : [2026-09-22 22:08:44.457] [WiVRn] [info] render: defoveate 2160x2160 per eye x2 = 9.33 Mpx/frame at scale 1.00 atlas-prototype 0; 1 re-presented from the cache (reduce_gpu_load on)
09-22 22:08:44.457 28916  9518 I WiVRn   : [2026-09-22 22:08:44.457] [WiVRn] [info] render: shader path sharpness 0.00 fsr false alpha false motion false blend true glow 0.00 vignette 0.00 deband 0.00 lowpoly 0.00 levels 0 full-kernel false
09-22 22:08:44.457 28916  9518 I WiVRn   : [2026-09-22 22:08:44.457] [WiVRn] [info] render: 179 GPU submissions, 1 cached refreshes without GPU submission
09-22 22:08:44.457 28916  9518 I WiVRn   : [2026-09-22 22:08:44.457] [WiVRn] [info] render: per iteration fence 0.0 (worst 0.0) | queries 0.0 | submit 0.0 | whole render() 0.4 ms
09-22 22:08:44.457 28916  9518 I WiVRn   : [2026-09-22 22:08:44.457] [WiVRn] [info] render: source-clock pose shifts 0
09-22 22:08:44.457 28916  9518 I WiVRn   : [2026-09-22 22:08:44.457] [WiVRn] [info] render: motion fields matched 0 active 0 pose-applied 0 pose-missing 0 pose-unsafe 0 mean active step 0.000
09-22 22:08:44.457 28916  9518 I WiVRn   : [2026-09-22 22:08:44.457] [WiVRn] [info] render: selection-to-defoveate CPU 0.057 ms mean (max 0.107) over 179 actual defoveate calls; not GPU/photon latency
09-22 22:08:44.457 28916  9518 I WiVRn   : [2026-09-22 22:08:44.457] [WiVRn] [info] render: jit on | wake slack 32.0 ms | slept 0.4 ms mean (max 0.4, 180 of 180 iterations) | budget 2.6 = pass 1.6 + margin 1.0 | sleep cap 0.4 ms
09-22 22:08:44.457 28916  9518 I WiVRn   : [2026-09-22 22:08:44.457] [WiVRn] [info] render: source display-time offset 0.8 ms mean (worst 22.6) over 180 frames | submit lead 31.2 ms mean (worst 30.2) | misses: 0 overrun 0 late 0 skipped refresh
09-22 22:08:44.457 28916  9518 I WiVRn   : [2026-09-22 22:08:44.457] [WiVRn] [info] render: source->first -36.7 ms | wire 1.2 | queue 0.3 | decode 0.1 | decode->selection 4.5 | selection->predicted 31.5 | sum 0.8 over 180 selected frames (0 invalid)
09-22 22:08:44.586 28916  9575 I WiVRn   : [2026-09-22 22:08:44.586] [WiVRn] [info] nxwarp[0]: LZ4 10620 compressed / 0 raw units, 413779669 wire / 696614760 unpacked bytes, 577.036 ms total decompression
09-22 22:08:45.188 28916  9571 I WiVRn   : [2026-09-22 22:08:45.188] [WiVRn] [info] nxwarp[0] net: 180 frames closed in 2.0 s, 30 with a hole, 0 out-of-order datagrams, 0 frames completed late, 0 queued for the worker, 10727 decoded so far, 5471 stragglers dropped; last hole 11/11 chunks, first missing -1, short false, chunk 1166 B; worker phase idle
09-22 22:08:45.188 28916  9571 I WiVRn   : [2026-09-22 22:08:45.188] [WiVRn] [info] nxwarp[0] net: 0.012 ms per datagram over 12189 datagrams (70.07 ms of every second)
09-22 22:08:45.588 28916  9575 I WiVRn   : [2026-09-22 22:08:45.588] [WiVRn] [info] nxwarp[0]: LZ4 10800 compressed / 0 raw units, 421144734 wire / 709212600 unpacked bytes, 587.499 ms total decompression
09-22 22:08:45.984 28916  9518 I WiVRn   : [2026-09-22 22:08:45.984] [WiVRn] [info] NX safety: fallback at source 23140162959594 frame 6002 after 33.413 ms primary hold
09-22 22:08:46.294 28916  9518 I WiVRn   : [2026-09-22 22:08:46.294] [WiVRn] [info] NX safety: detail at source 23140474061396 frame 6030 after 345.304 ms primary hold
09-22 22:08:46.462 28916  9518 I WiVRn   : [2026-09-22 22:08:46.462] [WiVRn] [info] render: 179 iterations in 2.0 s (89.3/s), 179 submitted a layer, 175 new-source, 0 skipped by the repeat gate, 0 with nothing to show; display period 11.2 ms
09-22 22:08:46.462 28916  9518 I WiVRn   : [2026-09-22 22:08:46.462] [WiVRn] [info] render: ready wait attempts 0 success 0 total 0.000 ms | selected older than available 0
09-22 22:08:46.462 28916  9518 I WiVRn   : [2026-09-22 22:08:46.462] [WiVRn] [info] render: selected source transitions forward 175 backward 0 repeat 4, greatest forward gap 3
09-22 22:08:46.462 28916  9518 I WiVRn   : [2026-09-22 22:08:46.462] [WiVRn] [info] render: this app's own GPU pass 4.0 ms per iteration
09-22 22:08:46.462 28916  9518 I WiVRn   : [2026-09-22 22:08:46.462] [WiVRn] [info] render: defoveate 2160x2160 per eye x2 = 9.33 Mpx/frame at scale 1.00 atlas-prototype 0; 1 re-presented from the cache (reduce_gpu_load on)
09-22 22:08:46.462 28916  9518 I WiVRn   : [2026-09-22 22:08:46.462] [WiVRn] [info] render: shader path sharpness 0.00 fsr false alpha false motion false blend true glow 0.00 vignette 0.00 deband 0.00 lowpoly 0.00 levels 0 full-kernel false
09-22 22:08:46.462 28916  9518 I WiVRn   : [2026-09-22 22:08:46.462] [WiVRn] [info] render: 178 GPU submissions, 1 cached refreshes without GPU submission
09-22 22:08:46.462 28916  9518 I WiVRn   : [2026-09-22 22:08:46.462] [WiVRn] [info] render: per iteration fence 0.0 (worst 3.1) | queries 0.0 | submit 0.0 | whole render() 0.4 ms
09-22 22:08:46.462 28916  9518 I WiVRn   : [2026-09-22 22:08:46.462] [WiVRn] [info] render: source-clock pose shifts 0
09-22 22:08:46.462 28916  9518 I WiVRn   : [2026-09-22 22:08:46.462] [WiVRn] [info] render: motion fields matched 0 active 0 pose-applied 0 pose-missing 0 pose-unsafe 0 mean active step 0.000
09-22 22:08:46.462 28916  9518 I WiVRn   : [2026-09-22 22:08:46.462] [WiVRn] [info] render: selection-to-defoveate CPU 0.057 ms mean (max 0.105) over 178 actual defoveate calls; not GPU/photon latency
09-22 22:08:46.462 28916  9518 I WiVRn   : [2026-09-22 22:08:46.462] [WiVRn] [info] render: jit on | wake slack 32.1 ms | slept 0.7 ms mean (max 11.6, 179 of 179 iterations) | budget 3.3 = pass 2.3 + margin 1.0 | sleep cap 0.4 ms
09-22 22:08:46.462 28916  9518 I WiVRn   : [2026-09-22 22:08:46.462] [WiVRn] [info] render: source display-time offset 1.0 ms mean (worst 22.6) over 179 frames | submit lead 31.1 ms mean (worst 17.9) | misses: 0 overrun 0 late 1 skipped refresh
09-22 22:08:46.462 28916  9518 I WiVRn   : [2026-09-22 22:08:46.462] [WiVRn] [info] render: source->first -36.7 ms | wire 1.2 | queue 0.3 | decode 0.1 | decode->selection 4.6 | selection->predicted 31.4 | sum 1.0 over 179 selected frames (0 invalid)
09-22 22:08:46.758 28916  9575 I WiVRn   : [2026-09-22 22:08:46.758] [WiVRn] [info] nxwarp[0]: LZ4 10980 compressed / 0 raw units, 427963347 wire / 720361440 unpacked bytes, 597.195 ms total decompression
09-22 22:08:47.065 28916  9518 I WiVRn   : [2026-09-22 22:08:47.064] [WiVRn] [info] NX safety: fallback at source 23141232291873 frame 6098 after 22.282 ms primary hold
09-22 22:08:47.076 28916  9518 I WiVRn   : [2026-09-22 22:08:47.076] [WiVRn] [info] NX safety: detail at source 23141243430927 frame 6099 after 33.421 ms primary hold
09-22 22:08:47.194 28916  9571 I WiVRn   : [2026-09-22 22:08:47.194] [WiVRn] [info] nxwarp[0] net: 180 frames closed in 2.0 s, 30 with a hole, 0 out-of-order datagrams, 0 frames completed late, 0 queued for the worker, 11057 decoded so far, 5649 stragglers dropped; last hole 12/12 chunks, first missing -1, short false, chunk 1166 B; worker phase idle
09-22 22:08:47.194 28916  9571 I WiVRn   : [2026-09-22 22:08:47.194] [WiVRn] [info] nxwarp[0] net: 0.011 ms per datagram over 13267 datagrams (73.55 ms of every second)
09-22 22:08:47.762 28916  9575 I WiVRn   : [2026-09-22 22:08:47.762] [WiVRn] [info] nxwarp[0]: LZ4 11160 compressed / 0 raw units, 435720257 wire / 732959280 unpacked bytes, 607.835 ms total decompression
09-22 22:08:47.989 28916  9518 I WiVRn   : [2026-09-22 22:08:47.989] [WiVRn] [info] NX safety: fallback at source 23142167953284 frame 6182 after 33.414 ms primary hold
09-22 22:08:48.308 28916  9518 I WiVRn   : [2026-09-22 22:08:48.308] [WiVRn] [info] NX safety: detail at source 23142490161943 frame 6211 after 356.437 ms primary hold
09-22 22:08:48.467 28916  9518 I WiVRn   : [2026-09-22 22:08:48.467] [WiVRn] [info] render: 179 iterations in 2.0 s (89.3/s), 179 submitted a layer, 175 new-source, 0 skipped by the repeat gate, 0 with nothing to show; display period 11.2 ms
09-22 22:08:48.467 28916  9518 I WiVRn   : [2026-09-22 22:08:48.467] [WiVRn] [info] render: ready wait attempts 0 success 0 total 0.000 ms | selected older than available 0
09-22 22:08:48.467 28916  9518 I WiVRn   : [2026-09-22 22:08:48.467] [WiVRn] [info] render: selected source transitions forward 175 backward 0 repeat 4, greatest forward gap 3
09-22 22:08:48.467 28916  9518 I WiVRn   : [2026-09-22 22:08:48.467] [WiVRn] [info] render: this app's own GPU pass 4.1 ms per iteration
09-22 22:08:48.467 28916  9518 I WiVRn   : [2026-09-22 22:08:48.467] [WiVRn] [info] render: defoveate 2160x2160 per eye x2 = 9.33 Mpx/frame at scale 1.00 atlas-prototype 0; 2 re-presented from the cache (reduce_gpu_load on)
09-22 22:08:48.467 28916  9518 I WiVRn   : [2026-09-22 22:08:48.467] [WiVRn] [info] render: shader path sharpness 0.00 fsr false alpha false motion false blend true glow 0.00 vignette 0.00 deband 0.00 lowpoly 0.00 levels 0 full-kernel false
09-22 22:08:48.467 28916  9518 I WiVRn   : [2026-09-22 22:08:48.467] [WiVRn] [info] render: 177 GPU submissions, 2 cached refreshes without GPU submission
09-22 22:08:48.467 28916  9518 I WiVRn   : [2026-09-22 22:08:48.467] [WiVRn] [info] render: per iteration fence 0.0 (worst 4.6) | queries 0.0 | submit 0.0 | whole render() 0.4 ms
09-22 22:08:48.467 28916  9518 I WiVRn   : [2026-09-22 22:08:48.467] [WiVRn] [info] render: source-clock pose shifts 0
09-22 22:08:48.467 28916  9518 I WiVRn   : [2026-09-22 22:08:48.467] [WiVRn] [info] render: motion fields matched 0 active 0 pose-applied 0 pose-missing 0 pose-unsafe 0 mean active step 0.000
09-22 22:08:48.467 28916  9518 I WiVRn   : [2026-09-22 22:08:48.467] [WiVRn] [info] render: selection-to-defoveate CPU 0.058 ms mean (max 0.131) over 177 actual defoveate calls; not GPU/photon latency
09-22 22:08:48.467 28916  9518 I WiVRn   : [2026-09-22 22:08:48.467] [WiVRn] [info] render: jit on | wake slack 31.9 ms | slept 0.7 ms mean (max 11.6, 179 of 179 iterations) | budget 5.7 = pass 4.7 + margin 1.0 | sleep cap 0.4 ms
09-22 22:08:48.467 28916  9518 I WiVRn   : [2026-09-22 22:08:48.467] [WiVRn] [info] render: source display-time offset 1.0 ms mean (worst 22.6) over 179 frames | submit lead 30.8 ms mean (worst 19.3) | misses: 0 overrun 0 late 1 skipped refresh
09-22 22:08:48.467 28916  9518 I WiVRn   : [2026-09-22 22:08:48.467] [WiVRn] [info] render: source->first -36.2 ms | wire 1.1 | queue 0.3 | decode 0.1 | decode->selection 4.6 | selection->predicted 31.1 | sum 1.0 over 179 selected frames (0 invalid)
09-22 22:08:48.931 28916  9575 I WiVRn   : [2026-09-22 22:08:48.931] [WiVRn] [info] nxwarp[0]: LZ4 11340 compressed / 0 raw units, 442362321 wire / 744108120 unpacked bytes, 617.524 ms total decompression
09-22 22:08:49.198 28916  9571 I WiVRn   : [2026-09-22 22:08:49.198] [WiVRn] [info] nxwarp[0] net: 180 frames closed in 2.0 s, 30 with a hole, 0 out-of-order datagrams, 0 frames completed late, 0 queued for the worker, 11387 decoded so far, 5830 stragglers dropped; last hole 12/12 chunks, first missing -1, short false, chunk 1166 B; worker phase idle
09-22 22:08:49.198 28916  9571 I WiVRn   : [2026-09-22 22:08:49.198] [WiVRn] [info] nxwarp[0] net: 0.011 ms per datagram over 13026 datagrams (73.22 ms of every second)
09-22 22:08:49.934 28916  9575 I WiVRn   : [2026-09-22 22:08:49.934] [WiVRn] [info] nxwarp[0]: LZ4 11520 compressed / 0 raw units, 449667197 wire / 756705960 unpacked bytes, 627.930 ms total decompression
09-22 22:08:49.983 28916  9518 I WiVRn   : [2026-09-22 22:08:49.983] [WiVRn] [info] NX safety: fallback at source 23144161829745 frame 6361 after 22.284 ms primary hold
09-22 22:08:50.304 28916  9518 I WiVRn   : [2026-09-22 22:08:50.304] [WiVRn] [info] NX safety: detail at source 23144484009650 frame 6390 after 345.310 ms primary hold
09-22 22:08:50.472 28916  9518 I WiVRn   : [2026-09-22 22:08:50.472] [WiVRn] [info] render: 180 iterations in 2.0 s (89.8/s), 180 submitted a layer, 178 new-source, 0 skipped by the repeat gate, 0 with nothing to show; display period 11.1 ms
09-22 22:08:50.473 28916  9518 I WiVRn   : [2026-09-22 22:08:50.473] [WiVRn] [info] render: ready wait attempts 0 success 0 total 0.000 ms | selected older than available 0
09-22 22:08:50.473 28916  9518 I WiVRn   : [2026-09-22 22:08:50.473] [WiVRn] [info] render: selected source transitions forward 178 backward 0 repeat 2, greatest forward gap 2
09-22 22:08:50.473 28916  9518 I WiVRn   : [2026-09-22 22:08:50.473] [WiVRn] [info] render: this app's own GPU pass 4.0 ms per iteration
09-22 22:08:50.473 28916  9518 I WiVRn   : [2026-09-22 22:08:50.473] [WiVRn] [info] render: defoveate 2160x2160 per eye x2 = 9.33 Mpx/frame at scale 1.00 atlas-prototype 0; 1 re-presented from the cache (reduce_gpu_load on)
09-22 22:08:50.473 28916  9518 I WiVRn   : [2026-09-22 22:08:50.473] [WiVRn] [info] render: shader path sharpness 0.00 fsr false alpha false motion false blend true glow 0.00 vignette 0.00 deband 0.00 lowpoly 0.00 levels 0 full-kernel false
09-22 22:08:50.473 28916  9518 I WiVRn   : [2026-09-22 22:08:50.473] [WiVRn] [info] render: 179 GPU submissions, 1 cached refreshes without GPU submission
09-22 22:08:50.473 28916  9518 I WiVRn   : [2026-09-22 22:08:50.473] [WiVRn] [info] render: per iteration fence 0.0 (worst 0.0) | queries 0.0 | submit 0.0 | whole render() 0.4 ms
09-22 22:08:50.473 28916  9518 I WiVRn   : [2026-09-22 22:08:50.473] [WiVRn] [info] render: source-clock pose shifts 0
09-22 22:08:50.473 28916  9518 I WiVRn   : [2026-09-22 22:08:50.473] [WiVRn] [info] render: motion fields matched 0 active 0 pose-applied 0 pose-missing 0 pose-unsafe 0 mean active step 0.000
09-22 22:08:50.473 28916  9518 I WiVRn   : [2026-09-22 22:08:50.473] [WiVRn] [info] render: selection-to-defoveate CPU 0.058 ms mean (max 0.132) over 179 actual defoveate calls; not GPU/photon latency
09-22 22:08:50.473 28916  9518 I WiVRn   : [2026-09-22 22:08:50.473] [WiVRn] [info] render: jit on | wake slack 31.5 ms | slept 0.4 ms mean (max 0.4, 180 of 180 iterations) | budget 3.9 = pass 2.9 + margin 1.0 | sleep cap 0.4 ms
09-22 22:08:50.473 28916  9518 I WiVRn   : [2026-09-22 22:08:50.473] [WiVRn] [info] render: source display-time offset 0.6 ms mean (worst 11.9) over 180 frames | submit lead 30.7 ms mean (worst 29.7) | misses: 0 overrun 0 late 0 skipped refresh
09-22 22:08:50.473 28916  9518 I WiVRn   : [2026-09-22 22:08:50.473] [WiVRn] [info] render: source->first -36.5 ms | wire 1.1 | queue 0.3 | decode 0.1 | decode->selection 4.5 | selection->predicted 31.0 | sum 0.6 over 180 selected frames (0 invalid)
