model,capacity_bps,frame,bitrate_bps,frame_payload_bytes,desired_start_ns,actual_start_ns,eye0_budget_ns,eye0_span_ns,eye1_budget_ns,eye1_span_ns,serial_frame_ns,max_eye_utilisation,estimate_bps,next_target_bps
baseline,500000000,0,1000000000,1388888,0,0,2222222,11111104,0,11111104,22222208,0.999999,0,1000000000
baseline,500000000,1,1000000000,1388888,11111111,22222208,2222222,11111104,0,11111104,22222208,0.999999,0,1000000000
baseline,500000000,2,1000000000,1388888,22222222,44444416,2222222,11111104,0,11111104,22222208,0.999999,0,1000000000
baseline,500000000,3,1000000000,1388888,33333333,66666624,2222222,11111104,0,11111104,22222208,0.999999,0,1000000000
baseline,500000000,4,1000000000,1388888,44444444,88888832,2222222,11111104,0,11111104,22222208,0.999999,0,1000000000
baseline,500000000,5,1000000000,1388888,55555555,111111040,2222222,11111104,0,11111104,22222208,0.999999,0,1000000000
baseline,500000000,6,1000000000,1388888,66666666,133333248,2222222,11111104,0,11111104,22222208,0.999999,0,1000000000
baseline,500000000,7,1000000000,1388888,77777777,155555456,2222222,11111104,0,11111104,22222208,0.999999,0,1000000000
baseline,500000000,8,1000000000,1388888,88888888,177777664,2222222,11111104,0,11111104,22222208,0.999999,0,1000000000
baseline,500000000,9,1000000000,1388888,99999999,199999872,2222222,11111104,0,11111104,22222208,0.999999,0,1000000000
baseline,500000000,10,1000000000,1388888,111111110,222222080,2222222,11111104,0,11111104,22222208,0.999999,0,1000000000
baseline,500000000,11,1000000000,1388888,122222221,244444288,2222222,11111104,0,11111104,22222208,0.999999,0,1000000000
baseline,500000000,12,1000000000,1388888,133333332,266666496,2222222,11111104,0,11111104,22222208,0.999999,0,1000000000
baseline,500000000,13,1000000000,1388888,144444443,288888704,2222222,11111104,0,11111104,22222208,0.999999,0,1000000000
baseline,500000000,14,1000000000,1388888,155555554,311110912,2222222,11111104,0,11111104,22222208,0.999999,0,1000000000
baseline,500000000,15,1000000000,1388888,166666665,333333120,2222222,11111104,0,11111104,22222208,0.999999,0,1000000000
baseline,500000000,16,1000000000,1388888,177777776,355555328,2222222,11111104,0,11111104,22222208,0.999999,0,1000000000
baseline,500000000,17,1000000000,1388888,188888887,377777536,2222222,11111104,0,11111104,22222208,0.999999,0,1000000000
baseline,500000000,18,1000000000,1388888,199999998,399999744,2222222,11111104,0,11111104,22222208,0.999999,0,1000000000
baseline,500000000,19,1000000000,1388888,211111109,422221952,2222222,11111104,0,11111104,22222208,0.999999,0,1000000000
baseline,500000000,20,1000000000,1388888,222222220,444444160,2222222,11111104,0,11111104,22222208,0.999999,0,1000000000
baseline,500000000,21,1000000000,1388888,233333331,466666368,2222222,11111104,0,11111104,22222208,0.999999,0,1000000000
baseline,500000000,22,1000000000,1388888,244444442,488888576,2222222,11111104,0,11111104,22222208,0.999999,0,1000000000
baseline,500000000,23,1000000000,1388888,255555553,511110784,2222222,11111104,0,11111104,22222208,0.999999,0,1000000000
baseline,500000000,24,1000000000,1388888,266666664,533332992,2222222,11111104,0,11111104,22222208,0.999999,0,1000000000
baseline,500000000,25,1000000000,1388888,277777775,555555200,2222222,11111104,0,11111104,22222208,0.999999,0,1000000000
baseline,500000000,26,1000000000,1388888,288888886,577777408,2222222,11111104,0,11111104,22222208,0.999999,0,1000000000
baseline,500000000,27,1000000000,1388888,299999997,599999616,2222222,11111104,0,11111104,22222208,0.999999,1000000000,1000000000
baseline,500000000,28,1000000000,1388888,311111108,622221824,2222222,11111104,0,11111104,22222208,0.999999,1000000000,1000000000
baseline,500000000,29,1000000000,1388888,322222219,644444032,2222222,11111104,0,11111104,22222208,0.999999,1000000000,1000000000
baseline,500000000,30,1000000000,1388888,333333330,666666240,2222222,11111104,0,11111104,22222208,0.999999,1000000000,1000000000
baseline,500000000,31,1000000000,1388888,344444441,688888448,2222222,11111104,0,11111104,22222208,0.999999,1000000000,1000000000
baseline,500000000,32,1000000000,1388888,355555552,711110656,2222222,11111104,0,11111104,22222208,0.999999,1000000000,1000000000
baseline,500000000,33,1000000000,1388888,366666663,733332864,2222222,11111104,0,11111104,22222208,0.999999,1000000000,1000000000
baseline,500000000,34,1000000000,1388888,377777774,755555072,2222222,11111104,0,11111104,22222208,0.999999,1000000000,1000000000
baseline,500000000,35,1000000000,1388888,388888885,777777280,2222222,11111104,0,11111104,22222208,0.999999,1000000000,1000000000
baseline,500000000,36,1000000000,1388888,399999996,799999488,2222222,11111104,0,11111104,22222208,0.999999,1000000000,1000000000
baseline,500000000,37,1000000000,1388888,411111107,822221696,2222222,11111104,0,11111104,22222208,0.999999,1000000000,1000000000
baseline,500000000,38,1000000000,1388888,422222218,844443904,2222222,11111104,0,11111104,22222208,0.999999,1000000000,1000000000
baseline,500000000,39,1000000000,1388888,433333329,866666112,2222222,11111104,0,11111104,22222208,0.999999,1000000000,1000000000
baseline,500000000,40,1000000000,1388888,444444440,888888320,2222222,11111104,0,11111104,22222208,0.999999,1000000000,1000000000
baseline,500000000,41,1000000000,1388888,455555551,911110528,2222222,11111104,0,11111104,22222208,0.999999,1000000000,1000000000
baseline,500000000,42,1000000000,1388888,466666662,933332736,2222222,11111104,0,11111104,22222208,0.999999,1000000000,1000000000
baseline,500000000,43,1000000000,1388888,477777773,955554944,2222222,11111104,0,11111104,22222208,0.999999,1000000000,1000000000
baseline,500000000,44,1000000000,1388888,488888884,977777152,2222222,11111104,0,11111104,22222208,0.999999,1000000000,1000000000
baseline,500000000,45,1000000000,1388888,499999995,999999360,2222222,11111104,0,11111104,22222208,0.999999,1000000000,1000000000
baseline,500000000,46,1000000000,1388888,511111106,1022221568,2222222,11111104,0,11111104,22222208,0.999999,1000000000,1000000000
baseline,500000000,47,1000000000,1388888,522222217,1044443776,2222222,11111104,0,11111104,22222208,0.999999,1000000000,1000000000
baseline,500000000,48,1000000000,1388888,533333328,1066665984,2222222,11111104,0,11111104,22222208,0.999999,1000000000,1000000000
baseline,500000000,49,1000000000,1388888,544444439,1088888192,2222222,11111104,0,11111104,22222208,0.999999,1000000000,1000000000
baseline,500000000,50,1000000000,1388888,555555550,1111110400,2222222,11111104,0,11111104,22222208,0.999999,1000000000,1000000000
baseline,500000000,51,1000000000,1388888,566666661,1133332608,2222222,11111104,0,11111104,22222208,0.999999,1000000000,1000000000
baseline,500000000,52,1000000000,1388888,577777772,1155554816,2222222,11111104,0,11111104,22222208,0.999999,1000000000,1000000000
baseline,500000000,53,1000000000,1388888,588888883,1177777024,2222222,11111104,0,11111104,22222208,0.999999,1000000000,1000000000
baseline,500000000,54,1000000000,1388888,599999994,1199999232,2222222,11111104,0,11111104,22222208,0.999999,1000000000,1000000000
baseline,500000000,55,1000000000,1388888,611111105,1222221440,2222222,11111104,0,11111104,22222208,0.999999,1000000000,1000000000
baseline,500000000,56,1000000000,1388888,622222216,1244443648,2222222,11111104,0,11111104,22222208,0.999999,1000000000,1000000000
baseline,500000000,57,1000000000,1388888,633333327,1266665856,2222222,11111104,0,11111104,22222208,0.999999,1000000000,1000000000
baseline,500000000,58,1000000000,1388888,644444438,1288888064,2222222,11111104,0,11111104,22222208,0.999999,1000000000,1000000000
baseline,500000000,59,1000000000,1388888,655555549,1311110272,2222222,11111104,0,11111104,22222208,0.999999,1000000000,1000000000
baseline,500000000,60,1000000000,1388888,666666660,1333332480,2222222,11111104,0,11111104,22222208,0.999999,1000000000,1000000000
baseline,500000000,61,1000000000,1388888,677777771,1355554688,2222222,11111104,0,11111104,22222208,0.999999,1000000000,1000000000
baseline,500000000,62,1000000000,1388888,688888882,1377776896,2222222,11111104,0,11111104,22222208,0.999999,1000000000,1000000000
baseline,500000000,63,1000000000,1388888,699999993,1399999104,2222222,11111104,0,11111104,22222208,0.999999,1000000000,1000000000
baseline,500000000,64,1000000000,1388888,711111104,1422221312,2222222,11111104,0,11111104,22222208,0.999999,1000000000,1000000000
baseline,500000000,65,1000000000,1388888,722222215,1444443520,2222222,11111104,0,11111104,22222208,0.999999,1000000000,1000000000
baseline,500000000,66,1000000000,1388888,733333326,1466665728,2222222,11111104,0,11111104,22222208,0.999999,1000000000,1000000000
baseline,500000000,67,1000000000,1388888,744444437,1488887936,2222222,11111104,0,11111104,22222208,0.999999,1000000000,1000000000
baseline,500000000,68,1000000000,1388888,755555548,1511110144,2222222,11111104,0,11111104,22222208,0.999999,1000000000,1000000000
baseline,500000000,69,1000000000,1388888,766666659,1533332352,2222222,11111104,0,11111104,22222208,0.999999,1000000000,1000000000
baseline,500000000,70,1000000000,1388888,777777770,1555554560,2222222,11111104,0,11111104,22222208,0.999999,1000000000,1000000000
baseline,500000000,71,1000000000,1388888,788888881,1577776768,2222222,11111104,0,11111104,22222208,0.999999,1000000000,1000000000
baseline,500000000,72,1000000000,1388888,799999992,1599998976,2222222,11111104,0,11111104,22222208,0.999999,1000000000,1000000000
baseline,500000000,73,1000000000,1388888,811111103,1622221184,2222222,11111104,0,11111104,22222208,0.999999,1000000000,1000000000
baseline,500000000,74,1000000000,1388888,822222214,1644443392,2222222,11111104,0,11111104,22222208,0.999999,1000000000,1000000000
baseline,500000000,75,1000000000,1388888,833333325,1666665600,2222222,11111104,0,11111104,22222208,0.999999,1000000000,1000000000
baseline,500000000,76,1000000000,1388888,844444436,1688887808,2222222,11111104,0,11111104,22222208,0.999999,1000000000,1000000000
baseline,500000000,77,1000000000,1388888,855555547,1711110016,2222222,11111104,0,11111104,22222208,0.999999,1000000000,1000000000
baseline,500000000,78,1000000000,1388888,866666658,1733332224,2222222,11111104,0,11111104,22222208,0.999999,1000000000,1000000000
baseline,500000000,79,1000000000,1388888,877777769,1755554432,2222222,11111104,0,11111104,22222208,0.999999,1000000000,1000000000
baseline,500000000,80,1000000000,1388888,888888880,1777776640,2222222,11111104,0,11111104,22222208,0.999999,1000000000,1000000000
baseline,500000000,81,1000000000,1388888,899999991,1799998848,2222222,11111104,0,11111104,22222208,0.999999,1000000000,1000000000
baseline,500000000,82,1000000000,1388888,911111102,1822221056,2222222,11111104,0,11111104,22222208,0.999999,1000000000,1000000000
baseline,500000000,83,1000000000,1388888,922222213,1844443264,2222222,11111104,0,11111104,22222208,0.999999,1000000000,1000000000
baseline,500000000,84,1000000000,1388888,933333324,1866665472,2222222,11111104,0,11111104,22222208,0.999999,1000000000,1000000000
baseline,500000000,85,1000000000,1388888,944444435,1888887680,2222222,11111104,0,11111104,22222208,0.999999,1000000000,1000000000
baseline,500000000,86,1000000000,1388888,955555546,1911109888,2222222,11111104,0,11111104,22222208,0.999999,1000000000,1000000000
baseline,500000000,87,1000000000,1388888,966666657,1933332096,2222222,11111104,0,11111104,22222208,0.999999,1000000000,1000000000
baseline,500000000,88,1000000000,1388888,977777768,1955554304,2222222,11111104,0,11111104,22222208,0.999999,1000000000,1000000000
baseline,500000000,89,1000000000,1388888,988888879,1977776512,2222222,11111104,0,11111104,22222208,0.999999,1000000000,1000000000
baseline,500000000,90,1000000000,1388888,999999990,1999998720,2222222,11111104,0,11111104,22222208,0.999999,1000000000,1000000000
baseline,500000000,91,1000000000,1388888,1011111101,2022220928,2222222,11111104,0,11111104,22222208,0.999999,1000000000,1000000000
baseline,500000000,92,1000000000,1388888,1022222212,2044443136,2222222,11111104,0,11111104,22222208,0.999999,1000000000,1000000000
baseline,500000000,93,1000000000,1388888,1033333323,2066665344,2222222,11111104,0,11111104,22222208,0.999999,1000000000,1000000000
baseline,500000000,94,1000000000,1388888,1044444434,2088887552,2222222,11111104,0,11111104,22222208,0.999999,1000000000,1000000000
baseline,500000000,95,1000000000,1388888,1055555545,2111109760,2222222,11111104,0,11111104,22222208,0.999999,1000000000,1000000000
baseline,500000000,96,1000000000,1388888,1066666656,2133331968,2222222,11111104,0,11111104,22222208,0.999999,1000000000,1000000000
baseline,500000000,97,1000000000,1388888,1077777767,2155554176,2222222,11111104,0,11111104,22222208,0.999999,1000000000,1000000000
baseline,500000000,98,1000000000,1388888,1088888878,2177776384,2222222,11111104,0,11111104,22222208,0.999999,1000000000,1000000000
baseline,500000000,99,1000000000,1388888,1099999989,2199998592,2222222,11111104,0,11111104,22222208,0.999999,1000000000,1000000000
baseline,500000000,100,1000000000,1388888,1111111100,2222220800,2222222,11111104,0,11111104,22222208,0.999999,1000000000,1000000000
baseline,500000000,101,1000000000,1388888,1122222211,2244443008,2222222,11111104,0,11111104,22222208,0.999999,1000000000,1000000000
baseline,500000000,102,1000000000,1388888,1133333322,2266665216,2222222,11111104,0,11111104,22222208,0.999999,1000000000,1000000000
baseline,500000000,103,1000000000,1388888,1144444433,2288887424,2222222,11111104,0,11111104,22222208,0.999999,1000000000,1000000000
baseline,500000000,104,1000000000,1388888,1155555544,2311109632,2222222,11111104,0,11111104,22222208,0.999999,1000000000,1000000000
baseline,500000000,105,1000000000,1388888,1166666655,2333331840,2222222,11111104,0,11111104,22222208,0.999999,1000000000,1000000000
baseline,500000000,106,1000000000,1388888,1177777766,2355554048,2222222,11111104,0,11111104,22222208,0.999999,1000000000,1000000000
baseline,500000000,107,1000000000,1388888,1188888877,2377776256,2222222,11111104,0,11111104,22222208,0.999999,1000000000,1000000000
baseline,500000000,108,1000000000,1388888,1199999988,2399998464,2222222,11111104,0,11111104,22222208,0.999999,1000000000,1000000000
baseline,500000000,109,1000000000,1388888,1211111099,2422220672,2222222,11111104,0,11111104,22222208,0.999999,1000000000,1000000000
baseline,500000000,110,1000000000,1388888,1222222210,2444442880,2222222,11111104,0,11111104,22222208,0.999999,1000000000,1000000000
baseline,500000000,111,1000000000,1388888,1233333321,2466665088,2222222,11111104,0,11111104,22222208,0.999999,1000000000,1000000000
baseline,500000000,112,1000000000,1388888,1244444432,2488887296,2222222,11111104,0,11111104,22222208,0.999999,1000000000,1000000000
baseline,500000000,113,1000000000,1388888,1255555543,2511109504,2222222,11111104,0,11111104,22222208,0.999999,1000000000,1000000000
baseline,500000000,114,1000000000,1388888,1266666654,2533331712,2222222,11111104,0,11111104,22222208,0.999999,1000000000,1000000000
baseline,500000000,115,1000000000,1388888,1277777765,2555553920,2222222,11111104,0,11111104,22222208,0.999999,1000000000,1000000000
baseline,500000000,116,1000000000,1388888,1288888876,2577776128,2222222,11111104,0,11111104,22222208,0.999999,1000000000,1000000000
baseline,500000000,117,1000000000,1388888,1299999987,2599998336,2222222,11111104,0,11111104,22222208,0.999999,1000000000,1000000000
baseline,500000000,118,1000000000,1388888,1311111098,2622220544,2222222,11111104,0,11111104,22222208,0.999999,1000000000,1000000000
baseline,500000000,119,1000000000,1388888,1322222209,2644442752,2222222,11111104,0,11111104,22222208,0.999999,1000000000,1000000000
baseline,500000000,120,1000000000,1388888,1333333320,2666664960,2222222,11111104,0,11111104,22222208,0.999999,1000000000,1000000000
baseline,500000000,121,1000000000,1388888,1344444431,2688887168,2222222,11111104,0,11111104,22222208,0.999999,1000000000,1000000000
baseline,500000000,122,1000000000,1388888,1355555542,2711109376,2222222,11111104,0,11111104,22222208,0.999999,1000000000,1000000000
baseline,500000000,123,1000000000,1388888,1366666653,2733331584,2222222,11111104,0,11111104,22222208,0.999999,1000000000,1000000000
baseline,500000000,124,1000000000,1388888,1377777764,2755553792,2222222,11111104,0,11111104,22222208,0.999999,1000000000,1000000000
baseline,500000000,125,1000000000,1388888,1388888875,2777776000,2222222,11111104,0,11111104,22222208,0.999999,1000000000,1000000000
baseline,500000000,126,1000000000,1388888,1399999986,2799998208,2222222,11111104,0,11111104,22222208,0.999999,1000000000,1000000000
baseline,500000000,127,1000000000,1388888,1411111097,2822220416,2222222,11111104,0,11111104,22222208,0.999999,1000000000,1000000000
baseline,500000000,128,1000000000,1388888,1422222208,2844442624,2222222,11111104,0,11111104,22222208,0.999999,1000000000,1000000000
baseline,500000000,129,1000000000,1388888,1433333319,2866664832,2222222,11111104,0,11111104,22222208,0.999999,1000000000,1000000000
baseline,500000000,130,1000000000,1388888,1444444430,2888887040,2222222,11111104,0,11111104,22222208,0.999999,1000000000,1000000000
baseline,500000000,131,1000000000,1388888,1455555541,2911109248,2222222,11111104,0,11111104,22222208,0.999999,1000000000,1000000000
baseline,500000000,132,1000000000,1388888,1466666652,2933331456,2222222,11111104,0,11111104,22222208,0.999999,1000000000,1000000000
baseline,500000000,133,1000000000,1388888,1477777763,2955553664,2222222,11111104,0,11111104,22222208,0.999999,1000000000,1000000000
baseline,500000000,134,1000000000,1388888,1488888874,2977775872,2222222,11111104,0,11111104,22222208,0.999999,1000000000,1000000000
baseline,500000000,135,1000000000,1388888,1499999985,2999998080,2222222,11111104,0,11111104,22222208,0.999999,1000000000,1000000000
baseline,500000000,136,1000000000,1388888,1511111096,3022220288,2222222,11111104,0,11111104,22222208,0.999999,1000000000,1000000000
baseline,500000000,137,1000000000,1388888,1522222207,3044442496,2222222,11111104,0,11111104,22222208,0.999999,1000000000,1000000000
baseline,500000000,138,1000000000,1388888,1533333318,3066664704,2222222,11111104,0,11111104,22222208,0.999999,1000000000,1000000000
baseline,500000000,139,1000000000,1388888,1544444429,3088886912,2222222,11111104,0,11111104,22222208,0.999999,1000000000,1000000000
baseline,500000000,140,1000000000,1388888,1555555540,3111109120,2222222,11111104,0,11111104,22222208,0.999999,1000000000,1000000000
baseline,500000000,141,1000000000,1388888,1566666651,3133331328,2222222,11111104,0,11111104,22222208,0.999999,1000000000,1000000000
baseline,500000000,142,1000000000,1388888,1577777762,3155553536,2222222,11111104,0,11111104,22222208,0.999999,1000000000,1000000000
baseline,500000000,143,1000000000,1388888,1588888873,3177775744,2222222,11111104,0,11111104,22222208,0.999999,1000000000,1000000000
baseline,500000000,144,1000000000,1388888,1599999984,3199997952,2222222,11111104,0,11111104,22222208,0.999999,1000000000,1000000000
baseline,500000000,145,1000000000,1388888,1611111095,3222220160,2222222,11111104,0,11111104,22222208,0.999999,1000000000,1000000000
baseline,500000000,146,1000000000,1388888,1622222206,3244442368,2222222,11111104,0,11111104,22222208,0.999999,1000000000,1000000000
baseline,500000000,147,1000000000,1388888,1633333317,3266664576,2222222,11111104,0,11111104,22222208,0.999999,1000000000,1000000000
baseline,500000000,148,1000000000,1388888,1644444428,3288886784,2222222,11111104,0,11111104,22222208,0.999999,1000000000,1000000000
baseline,500000000,149,1000000000,1388888,1655555539,3311108992,2222222,11111104,0,11111104,22222208,0.999999,1000000000,850000000
baseline,500000000,150,850000000,1180555,1666666650,3333331200,2222222,9444432,0,9444448,18888880,0.850000,1000000000,850000000
baseline,500000000,151,850000000,1180555,1677777761,3352220080,2222222,9444432,0,9444448,18888880,0.850000,1000000000,850000000
baseline,500000000,152,850000000,1180555,1688888872,3371108960,2222222,9444432,0,9444448,18888880,0.850000,1000000000,850000000
baseline,500000000,153,850000000,1180555,1699999983,3389997840,2222222,9444432,0,9444448,18888880,0.850000,1000000000,850000000
baseline,500000000,154,850000000,1180555,1711111094,3408886720,2222222,9444432,0,9444448,18888880,0.850000,1000000000,850000000
baseline,500000000,155,850000000,1180555,1722222205,3427775600,2222222,9444432,0,9444448,18888880,0.850000,1000000000,850000000
baseline,500000000,156,850000000,1180555,1733333316,3446664480,2222222,9444432,0,9444448,18888880,0.850000,1000000000,850000000
baseline,500000000,157,850000000,1180555,1744444427,3465553360,2222222,9444432,0,9444448,18888880,0.850000,1000000000,850000000
baseline,500000000,158,850000000,1180555,1755555538,3484442240,2222222,9444432,0,9444448,18888880,0.850000,1000000000,850000000
baseline,500000000,159,850000000,1180555,1766666649,3503331120,2222222,9444432,0,9444448,18888880,0.850000,1000000000,850000000
baseline,500000000,160,850000000,1180555,1777777760,3522220000,2222222,9444432,0,9444448,18888880,0.850000,1000000000,850000000
baseline,500000000,161,850000000,1180555,1788888871,3541108880,2222222,9444432,0,9444448,18888880,0.850000,1000000000,850000000
baseline,500000000,162,850000000,1180555,1799999982,3559997760,2222222,9444432,0,9444448,18888880,0.850000,1000000000,850000000
baseline,500000000,163,850000000,1180555,1811111093,3578886640,2222222,9444432,0,9444448,18888880,0.850000,1000000000,850000000
baseline,500000000,164,850000000,1180555,1822222204,3597775520,2222222,9444432,0,9444448,18888880,0.850000,1000000000,850000000
baseline,500000000,165,850000000,1180555,1833333315,3616664400,2222222,9444432,0,9444448,18888880,0.850000,1000000000,850000000
baseline,500000000,166,850000000,1180555,1844444426,3635553280,2222222,9444432,0,9444448,18888880,0.850000,1000000000,850000000
baseline,500000000,167,850000000,1180555,1855555537,3654442160,2222222,9444432,0,9444448,18888880,0.850000,1000000000,850000000
baseline,500000000,168,850000000,1180555,1866666648,3673331040,2222222,9444432,0,9444448,18888880,0.850000,1000000000,850000000
baseline,500000000,169,850000000,1180555,1877777759,3692219920,2222222,9444432,0,9444448,18888880,0.850000,1000000000,850000000
baseline,500000000,170,850000000,1180555,1888888870,3711108800,2222222,9444432,0,9444448,18888880,0.850000,1000000000,850000000
baseline,500000000,171,850000000,1180555,1899999981,3729997680,2222222,9444432,0,9444448,18888880,0.850000,1000000000,850000000
baseline,500000000,172,850000000,1180555,1911111092,3748886560,2222222,9444432,0,9444448,18888880,0.850000,1000000000,850000000
baseline,500000000,173,850000000,1180555,1922222203,3767775440,2222222,9444432,0,9444448,18888880,0.850000,1000000000,850000000
baseline,500000000,174,850000000,1180555,1933333314,3786664320,2222222,9444432,0,9444448,18888880,0.850000,1000000000,850000000
baseline,500000000,175,850000000,1180555,1944444425,3805553200,2222222,9444432,0,9444448,18888880,0.850000,1000000000,850000000
baseline,500000000,176,850000000,1180555,1955555536,3824442080,2222222,9444432,0,9444448,18888880,0.850000,1000000000,850000000
baseline,500000000,177,850000000,1180555,1966666647,3843330960,2222222,9444432,0,9444448,18888880,0.850000,1000000000,850000000
baseline,500000000,178,850000000,1180555,1977777758,3862219840,2222222,9444432,0,9444448,18888880,0.850000,1000000000,850000000
baseline,500000000,179,850000000,1180555,1988888869,3881108720,2222222,9444432,0,9444448,18888880,0.850000,1000000000,850000000
baseline,500000000,180,850000000,1180555,1999999980,3899997600,2222222,9444432,0,9444448,18888880,0.850000,1000000000,850000000
baseline,500000000,181,850000000,1180555,2011111091,3918886480,2222222,9444432,0,9444448,18888880,0.850000,1000000000,850000000
baseline,500000000,182,850000000,1180555,2022222202,3937775360,2222222,9444432,0,9444448,18888880,0.850000,1000000000,850000000
baseline,500000000,183,850000000,1180555,2033333313,3956664240,2222222,9444432,0,9444448,18888880,0.850000,1000000000,850000000
baseline,500000000,184,850000000,1180555,2044444424,3975553120,2222222,9444432,0,9444448,18888880,0.850000,1000000000,850000000
baseline,500000000,185,850000000,1180555,2055555535,3994442000,2222222,9444432,0,9444448,18888880,0.850000,1000000000,850000000
baseline,500000000,186,850000000,1180555,2066666646,4013330880,2222222,9444432,0,9444448,18888880,0.850000,1000000000,850000000
baseline,500000000,187,850000000,1180555,2077777757,4032219760,2222222,9444432,0,9444448,18888880,0.850000,1000000000,850000000
baseline,500000000,188,850000000,1180555,2088888868,4051108640,2222222,9444432,0,9444448,18888880,0.850000,1000000000,850000000
baseline,500000000,189,850000000,1180555,2099999979,4069997520,2222222,9444432,0,9444448,18888880,0.850000,1000000000,850000000
baseline,500000000,190,850000000,1180555,2111111090,4088886400,2222222,9444432,0,9444448,18888880,0.850000,1000000000,850000000
baseline,500000000,191,850000000,1180555,2122222201,4107775280,2222222,9444432,0,9444448,18888880,0.850000,1000000000,850000000
baseline,500000000,192,850000000,1180555,2133333312,4126664160,2222222,9444432,0,9444448,18888880,0.850000,1000000000,850000000
baseline,500000000,193,850000000,1180555,2144444423,4145553040,2222222,9444432,0,9444448,18888880,0.850000,1000000000,850000000
baseline,500000000,194,850000000,1180555,2155555534,4164441920,2222222,9444432,0,9444448,18888880,0.850000,1000000000,850000000
baseline,500000000,195,850000000,1180555,2166666645,4183330800,2222222,9444432,0,9444448,18888880,0.850000,1000000000,850000000
baseline,500000000,196,850000000,1180555,2177777756,4202219680,2222222,9444432,0,9444448,18888880,0.850000,1000000000,850000000
baseline,500000000,197,850000000,1180555,2188888867,4221108560,2222222,9444432,0,9444448,18888880,0.850000,1000000000,850000000
baseline,500000000,198,850000000,1180555,2199999978,4239997440,2222222,9444432,0,9444448,18888880,0.850000,1000000000,850000000
baseline,500000000,199,850000000,1180555,2211111089,4258886320,2222222,9444432,0,9444448,18888880,0.850000,1000000000,850000000
baseline,500000000,200,850000000,1180555,2222222200,4277775200,2222222,9444432,0,9444448,18888880,0.850000,1000000000,850000000
baseline,500000000,201,850000000,1180555,2233333311,4296664080,2222222,9444432,0,9444448,18888880,0.850000,1000000000,850000000
baseline,500000000,202,850000000,1180555,2244444422,4315552960,2222222,9444432,0,9444448,18888880,0.850000,1000000000,850000000
baseline,500000000,203,850000000,1180555,2255555533,4334441840,2222222,9444432,0,9444448,18888880,0.850000,1000000000,850000000
baseline,500000000,204,850000000,1180555,2266666644,4353330720,2222222,9444432,0,9444448,18888880,0.850000,1000000000,850000000
baseline,500000000,205,850000000,1180555,2277777755,4372219600,2222222,9444432,0,9444448,18888880,0.850000,1000000000,850000000
baseline,500000000,206,850000000,1180555,2288888866,4391108480,2222222,9444432,0,9444448,18888880,0.850000,1000000000,850000000
baseline,500000000,207,850000000,1180555,2299999977,4409997360,2222222,9444432,0,9444448,18888880,0.850000,1000000000,850000000
baseline,500000000,208,850000000,1180555,2311111088,4428886240,2222222,9444432,0,9444448,18888880,0.850000,1000000000,850000000
baseline,500000000,209,850000000,1180555,2322222199,4447775120,2222222,9444432,0,9444448,18888880,0.850000,1000000000,850000000
baseline,500000000,210,850000000,1180555,2333333310,4466664000,2222222,9444432,0,9444448,18888880,0.850000,1000000000,850000000
baseline,500000000,211,850000000,1180555,2344444421,4485552880,2222222,9444432,0,9444448,18888880,0.850000,1000000000,850000000
baseline,500000000,212,850000000,1180555,2355555532,4504441760,2222222,9444432,0,9444448,18888880,0.850000,1000000000,850000000
baseline,500000000,213,850000000,1180555,2366666643,4523330640,2222222,9444432,0,9444448,18888880,0.850000,1000000000,850000000
baseline,500000000,214,850000000,1180555,2377777754,4542219520,2222222,9444432,0,9444448,18888880,0.850000,1000000000,850000000
baseline,500000000,215,850000000,1180555,2388888865,4561108400,2222222,9444432,0,9444448,18888880,0.850000,1000000000,850000000
baseline,500000000,216,850000000,1180555,2399999976,4579997280,2222222,9444432,0,9444448,18888880,0.850000,1000000000,850000000
baseline,500000000,217,850000000,1180555,2411111087,4598886160,2222222,9444432,0,9444448,18888880,0.850000,1000000000,850000000
baseline,500000000,218,850000000,1180555,2422222198,4617775040,2222222,9444432,0,9444448,18888880,0.850000,1000000000,850000000
baseline,500000000,219,850000000,1180555,2433333309,4636663920,2222222,9444432,0,9444448,18888880,0.850000,1000000000,850000000
baseline,500000000,220,850000000,1180555,2444444420,4655552800,2222222,9444432,0,9444448,18888880,0.850000,1000000000,850000000
baseline,500000000,221,850000000,1180555,2455555531,4674441680,2222222,9444432,0,9444448,18888880,0.850000,1000000000,850000000
baseline,500000000,222,850000000,1180555,2466666642,4693330560,2222222,9444432,0,9444448,18888880,0.850000,1000000000,850000000
baseline,500000000,223,850000000,1180555,2477777753,4712219440,2222222,9444432,0,9444448,18888880,0.850000,1000000000,850000000
baseline,500000000,224,850000000,1180555,2488888864,4731108320,2222222,9444432,0,9444448,18888880,0.850000,1000000000,850000000
baseline,500000000,225,850000000,1180555,2499999975,4749997200,2222222,9444432,0,9444448,18888880,0.850000,1000000000,850000000
baseline,500000000,226,850000000,1180555,2511111086,4768886080,2222222,9444432,0,9444448,18888880,0.850000,1000000000,850000000
baseline,500000000,227,850000000,1180555,2522222197,4787774960,2222222,9444432,0,9444448,18888880,0.850000,1000000000,850000000
baseline,500000000,228,850000000,1180555,2533333308,4806663840,2222222,9444432,0,9444448,18888880,0.850000,1000000000,850000000
baseline,500000000,229,850000000,1180555,2544444419,4825552720,2222222,9444432,0,9444448,18888880,0.850000,1000000000,850000000
baseline,500000000,230,850000000,1180555,2555555530,4844441600,2222222,9444432,0,9444448,18888880,0.850000,1000000000,850000000
baseline,500000000,231,850000000,1180555,2566666641,4863330480,2222222,9444432,0,9444448,18888880,0.850000,1000000000,850000000
baseline,500000000,232,850000000,1180555,2577777752,4882219360,2222222,9444432,0,9444448,18888880,0.850000,1000000000,850000000
baseline,500000000,233,850000000,1180555,2588888863,4901108240,2222222,9444432,0,9444448,18888880,0.850000,1000000000,850000000
baseline,500000000,234,850000000,1180555,2599999974,4919997120,2222222,9444432,0,9444448,18888880,0.850000,1000000000,850000000
baseline,500000000,235,850000000,1180555,2611111085,4938886000,2222222,9444432,0,9444448,18888880,0.850000,1000000000,850000000
baseline,500000000,236,850000000,1180555,2622222196,4957774880,2222222,9444432,0,9444448,18888880,0.850000,1000000000,850000000
baseline,500000000,237,850000000,1180555,2633333307,4976663760,2222222,9444432,0,9444448,18888880,0.850000,1000000000,850000000
baseline,500000000,238,850000000,1180555,2644444418,4995552640,2222222,9444432,0,9444448,18888880,0.850000,1000000000,850000000
baseline,500000000,239,850000000,1180555,2655555529,5014441520,2222222,9444432,0,9444448,18888880,0.850000,1000000000,850000000
baseline,500000000,240,850000000,1180555,2666666640,5033330400,2222222,9444432,0,9444448,18888880,0.850000,1000000000,850000000
baseline,500000000,241,850000000,1180555,2677777751,5052219280,2222222,9444432,0,9444448,18888880,0.850000,1000000000,850000000
baseline,500000000,242,850000000,1180555,2688888862,5071108160,2222222,9444432,0,9444448,18888880,0.850000,1000000000,850000000
baseline,500000000,243,850000000,1180555,2699999973,5089997040,2222222,9444432,0,9444448,18888880,0.850000,1000000000,850000000
baseline,500000000,244,850000000,1180555,2711111084,5108885920,2222222,9444432,0,9444448,18888880,0.850000,1000000000,850000000
baseline,500000000,245,850000000,1180555,2722222195,5127774800,2222222,9444432,0,9444448,18888880,0.850000,1000000000,850000000
baseline,500000000,246,850000000,1180555,2733333306,5146663680,2222222,9444432,0,9444448,18888880,0.850000,1000000000,850000000
baseline,500000000,247,850000000,1180555,2744444417,5165552560,2222222,9444432,0,9444448,18888880,0.850000,1000000000,850000000
baseline,500000000,248,850000000,1180555,2755555528,5184441440,2222222,9444432,0,9444448,18888880,0.850000,1000000000,850000000
baseline,500000000,249,850000000,1180555,2766666639,5203330320,2222222,9444432,0,9444448,18888880,0.850000,1000000000,850000000
baseline,500000000,250,850000000,1180555,2777777750,5222219200,2222222,9444432,0,9444448,18888880,0.850000,1000000000,850000000
baseline,500000000,251,850000000,1180555,2788888861,5241108080,2222222,9444432,0,9444448,18888880,0.850000,1000000000,850000000
baseline,500000000,252,850000000,1180555,2799999972,5259996960,2222222,9444432,0,9444448,18888880,0.850000,1000000000,850000000
baseline,500000000,253,850000000,1180555,2811111083,5278885840,2222222,9444432,0,9444448,18888880,0.850000,1000000000,850000000
baseline,500000000,254,850000000,1180555,2822222194,5297774720,2222222,9444432,0,9444448,18888880,0.850000,1000000000,850000000
baseline,500000000,255,850000000,1180555,2833333305,5316663600,2222222,9444432,0,9444448,18888880,0.850000,1000000000,850000000
baseline,500000000,256,850000000,1180555,2844444416,5335552480,2222222,9444432,0,9444448,18888880,0.850000,1000000000,850000000
baseline,500000000,257,850000000,1180555,2855555527,5354441360,2222222,9444432,0,9444448,18888880,0.850000,1000000000,850000000
baseline,500000000,258,850000000,1180555,2866666638,5373330240,2222222,9444432,0,9444448,18888880,0.850000,1000000000,850000000
baseline,500000000,259,850000000,1180555,2877777749,5392219120,2222222,9444432,0,9444448,18888880,0.850000,1000000000,850000000
baseline,500000000,260,850000000,1180555,2888888860,5411108000,2222222,9444432,0,9444448,18888880,0.850000,1000000000,850000000
baseline,500000000,261,850000000,1180555,2899999971,5429996880,2222222,9444432,0,9444448,18888880,0.850000,1000000000,850000000
baseline,500000000,262,850000000,1180555,2911111082,5448885760,2222222,9444432,0,9444448,18888880,0.850000,1000000000,850000000
baseline,500000000,263,850000000,1180555,2922222193,5467774640,2222222,9444432,0,9444448,18888880,0.850000,1000000000,850000000
baseline,500000000,264,850000000,1180555,2933333304,5486663520,2222222,9444432,0,9444448,18888880,0.850000,1000000000,850000000
baseline,500000000,265,850000000,1180555,2944444415,5505552400,2222222,9444432,0,9444448,18888880,0.850000,1000000000,850000000
baseline,500000000,266,850000000,1180555,2955555526,5524441280,2222222,9444432,0,9444448,18888880,0.850000,1000000000,850000000
baseline,500000000,267,850000000,1180555,2966666637,5543330160,2222222,9444432,0,9444448,18888880,0.850000,1000000000,850000000
baseline,500000000,268,850000000,1180555,2977777748,5562219040,2222222,9444432,0,9444448,18888880,0.850000,1000000000,850000000
baseline,500000000,269,850000000,1180555,2988888859,5581107920,2222222,9444432,0,9444448,18888880,0.850000,1000000000,850000000
baseline,500000000,270,850000000,1180555,2999999970,5599996800,2222222,9444432,0,9444448,18888880,0.850000,1000000000,850000000
baseline,500000000,271,850000000,1180555,3011111081,5618885680,2222222,9444432,0,9444448,18888880,0.850000,1000000000,850000000
baseline,500000000,272,850000000,1180555,3022222192,5637774560,2222222,9444432,0,9444448,18888880,0.850000,1000000000,850000000
baseline,500000000,273,850000000,1180555,3033333303,5656663440,2222222,9444432,0,9444448,18888880,0.850000,1000000000,850000000
baseline,500000000,274,850000000,1180555,3044444414,5675552320,2222222,9444432,0,9444448,18888880,0.850000,1000000000,850000000
baseline,500000000,275,850000000,1180555,3055555525,5694441200,2222222,9444432,0,9444448,18888880,0.850000,1000000000,850000000
baseline,500000000,276,850000000,1180555,3066666636,5713330080,2222222,9444432,0,9444448,18888880,0.850000,1000000000,850000000
baseline,500000000,277,850000000,1180555,3077777747,5732218960,2222222,9444432,0,9444448,18888880,0.850000,1000000000,850000000
baseline,500000000,278,850000000,1180555,3088888858,5751107840,2222222,9444432,0,9444448,18888880,0.850000,1000000000,850000000
baseline,500000000,279,850000000,1180555,3099999969,5769996720,2222222,9444432,0,9444448,18888880,0.850000,1000000000,850000000
baseline,500000000,280,850000000,1180555,3111111080,5788885600,2222222,9444432,0,9444448,18888880,0.850000,1000000000,850000000
baseline,500000000,281,850000000,1180555,3122222191,5807774480,2222222,9444432,0,9444448,18888880,0.850000,1000000000,850000000
baseline,500000000,282,850000000,1180555,3133333302,5826663360,2222222,9444432,0,9444448,18888880,0.850000,1000000000,850000000
baseline,500000000,283,850000000,1180555,3144444413,5845552240,2222222,9444432,0,9444448,18888880,0.850000,1000000000,850000000
baseline,500000000,284,850000000,1180555,3155555524,5864441120,2222222,9444432,0,9444448,18888880,0.850000,1000000000,850000000
baseline,500000000,285,850000000,1180555,3166666635,5883330000,2222222,9444432,0,9444448,18888880,0.850000,1000000000,850000000
baseline,500000000,286,850000000,1180555,3177777746,5902218880,2222222,9444432,0,9444448,18888880,0.850000,1000000000,850000000
baseline,500000000,287,850000000,1180555,3188888857,5921107760,2222222,9444432,0,9444448,18888880,0.850000,1000000000,850000000
baseline,500000000,288,850000000,1180555,3199999968,5939996640,2222222,9444432,0,9444448,18888880,0.850000,1000000000,850000000
baseline,500000000,289,850000000,1180555,3211111079,5958885520,2222222,9444432,0,9444448,18888880,0.850000,1000000000,850000000
baseline,500000000,290,850000000,1180555,3222222190,5977774400,2222222,9444432,0,9444448,18888880,0.850000,1000000000,850000000
baseline,500000000,291,850000000,1180555,3233333301,5996663280,2222222,9444432,0,9444448,18888880,0.850000,1000000000,850000000
baseline,500000000,292,850000000,1180555,3244444412,6015552160,2222222,9444432,0,9444448,18888880,0.850000,1000000000,850000000
baseline,500000000,293,850000000,1180555,3255555523,6034441040,2222222,9444432,0,9444448,18888880,0.850000,1000000000,850000000
baseline,500000000,294,850000000,1180555,3266666634,6053329920,2222222,9444432,0,9444448,18888880,0.850000,1000000000,850000000
baseline,500000000,295,850000000,1180555,3277777745,6072218800,2222222,9444432,0,9444448,18888880,0.850000,1000000000,850000000
baseline,500000000,296,850000000,1180555,3288888856,6091107680,2222222,9444432,0,9444448,18888880,0.850000,1000000000,850000000
baseline,500000000,297,850000000,1180555,3299999967,6109996560,2222222,9444432,0,9444448,18888880,0.850000,1000000000,850000000
baseline,500000000,298,850000000,1180555,3311111078,6128885440,2222222,9444432,0,9444448,18888880,0.850000,1000000000,850000000
baseline,500000000,299,850000000,1180555,3322222189,6147774320,2222222,9444432,0,9444448,18888880,0.850000,1000000000,850000000
baseline,500000000,300,850000000,1180555,3333333300,6166663200,2222222,9444432,0,9444448,18888880,0.850000,1000000000,850000000
baseline,500000000,301,850000000,1180555,3344444411,6185552080,2222222,9444432,0,9444448,18888880,0.850000,1000000000,850000000
baseline,500000000,302,850000000,1180555,3355555522,6204440960,2222222,9444432,0,9444448,18888880,0.850000,1000000000,850000000
baseline,500000000,303,850000000,1180555,3366666633,6223329840,2222222,9444432,0,9444448,18888880,0.850000,1000000000,850000000
baseline,500000000,304,850000000,1180555,3377777744,6242218720,2222222,9444432,0,9444448,18888880,0.850000,1000000000,850000000
baseline,500000000,305,850000000,1180555,3388888855,6261107600,2222222,9444432,0,9444448,18888880,0.850000,1000000000,850000000
baseline,500000000,306,850000000,1180555,3399999966,6279996480,2222222,9444432,0,9444448,18888880,0.850000,1000000000,850000000
baseline,500000000,307,850000000,1180555,3411111077,6298885360,2222222,9444432,0,9444448,18888880,0.850000,1000000000,850000000
baseline,500000000,308,850000000,1180555,3422222188,6317774240,2222222,9444432,0,9444448,18888880,0.850000,1000000000,850000000
baseline,500000000,309,850000000,1180555,3433333299,6336663120,2222222,9444432,0,9444448,18888880,0.850000,1000000000,850000000
baseline,500000000,310,850000000,1180555,3444444410,6355552000,2222222,9444432,0,9444448,18888880,0.850000,1000000000,850000000
baseline,500000000,311,850000000,1180555,3455555521,6374440880,2222222,9444432,0,9444448,18888880,0.850000,1000000000,850000000
baseline,500000000,312,850000000,1180555,3466666632,6393329760,2222222,9444432,0,9444448,18888880,0.850000,1000000000,850000000
baseline,500000000,313,850000000,1180555,3477777743,6412218640,2222222,9444432,0,9444448,18888880,0.850000,1000000000,850000000
baseline,500000000,314,850000000,1180555,3488888854,6431107520,2222222,9444432,0,9444448,18888880,0.850000,1000000000,850000000
baseline,500000000,315,850000000,1180555,3499999965,6449996400,2222222,9444432,0,9444448,18888880,0.850000,1000000000,850000000
baseline,500000000,316,850000000,1180555,3511111076,6468885280,2222222,9444432,0,9444448,18888880,0.850000,1000000000,850000000
baseline,500000000,317,850000000,1180555,3522222187,6487774160,2222222,9444432,0,9444448,18888880,0.850000,1000000000,850000000
baseline,500000000,318,850000000,1180555,3533333298,6506663040,2222222,9444432,0,9444448,18888880,0.850000,1000000000,850000000
baseline,500000000,319,850000000,1180555,3544444409,6525551920,2222222,9444432,0,9444448,18888880,0.850000,1000000000,850000000
baseline,500000000,320,850000000,1180555,3555555520,6544440800,2222222,9444432,0,9444448,18888880,0.850000,1000000000,850000000
baseline,500000000,321,850000000,1180555,3566666631,6563329680,2222222,9444432,0,9444448,18888880,0.850000,1000000000,850000000
baseline,500000000,322,850000000,1180555,3577777742,6582218560,2222222,9444432,0,9444448,18888880,0.850000,1000000000,850000000
baseline,500000000,323,850000000,1180555,3588888853,6601107440,2222222,9444432,0,9444448,18888880,0.850000,1000000000,850000000
baseline,500000000,324,850000000,1180555,3599999964,6619996320,2222222,9444432,0,9444448,18888880,0.850000,1000000000,850000000
baseline,500000000,325,850000000,1180555,3611111075,6638885200,2222222,9444432,0,9444448,18888880,0.850000,1000000000,850000000
baseline,500000000,326,850000000,1180555,3622222186,6657774080,2222222,9444432,0,9444448,18888880,0.850000,1000000000,850000000
baseline,500000000,327,850000000,1180555,3633333297,6676662960,2222222,9444432,0,9444448,18888880,0.850000,1000000000,850000000
baseline,500000000,328,850000000,1180555,3644444408,6695551840,2222222,9444432,0,9444448,18888880,0.850000,1000000000,850000000
baseline,500000000,329,850000000,1180555,3655555519,6714440720,2222222,9444432,0,9444448,18888880,0.850000,1000000000,850000000
baseline,500000000,330,850000000,1180555,3666666630,6733329600,2222222,9444432,0,9444448,18888880,0.850000,1000000000,850000000
baseline,500000000,331,850000000,1180555,3677777741,6752218480,2222222,9444432,0,9444448,18888880,0.850000,1000000000,850000000
baseline,500000000,332,850000000,1180555,3688888852,6771107360,2222222,9444432,0,9444448,18888880,0.850000,1000000000,850000000
baseline,500000000,333,850000000,1180555,3699999963,6789996240,2222222,9444432,0,9444448,18888880,0.850000,1000000000,850000000
baseline,500000000,334,850000000,1180555,3711111074,6808885120,2222222,9444432,0,9444448,18888880,0.850000,1000000000,850000000
baseline,500000000,335,850000000,1180555,3722222185,6827774000,2222222,9444432,0,9444448,18888880,0.850000,1000000000,850000000
baseline,500000000,336,850000000,1180555,3733333296,6846662880,2222222,9444432,0,9444448,18888880,0.850000,1000000000,850000000
baseline,500000000,337,850000000,1180555,3744444407,6865551760,2222222,9444432,0,9444448,18888880,0.850000,1000000000,850000000
baseline,500000000,338,850000000,1180555,3755555518,6884440640,2222222,9444432,0,9444448,18888880,0.850000,1000000000,850000000
baseline,500000000,339,850000000,1180555,3766666629,6903329520,2222222,9444432,0,9444448,18888880,0.850000,1000000000,850000000
baseline,500000000,340,850000000,1180555,3777777740,6922218400,2222222,9444432,0,9444448,18888880,0.850000,1000000000,850000000
baseline,500000000,341,850000000,1180555,3788888851,6941107280,2222222,9444432,0,9444448,18888880,0.850000,1000000000,850000000
baseline,500000000,342,850000000,1180555,3799999962,6959996160,2222222,9444432,0,9444448,18888880,0.850000,1000000000,850000000
baseline,500000000,343,850000000,1180555,3811111073,6978885040,2222222,9444432,0,9444448,18888880,0.850000,1000000000,850000000
baseline,500000000,344,850000000,1180555,3822222184,6997773920,2222222,9444432,0,9444448,18888880,0.850000,1000000000,850000000
baseline,500000000,345,850000000,1180555,3833333295,7016662800,2222222,9444432,0,9444448,18888880,0.850000,1000000000,850000000
baseline,500000000,346,850000000,1180555,3844444406,7035551680,2222222,9444432,0,9444448,18888880,0.850000,1000000000,850000000
baseline,500000000,347,850000000,1180555,3855555517,7054440560,2222222,9444432,0,9444448,18888880,0.850000,1000000000,850000000
baseline,500000000,348,850000000,1180555,3866666628,7073329440,2222222,9444432,0,9444448,18888880,0.850000,1000000000,850000000
baseline,500000000,349,850000000,1180555,3877777739,7092218320,2222222,9444432,0,9444448,18888880,0.850000,1000000000,850000000
baseline,500000000,350,850000000,1180555,3888888850,7111107200,2222222,9444432,0,9444448,18888880,0.850000,1000000000,850000000
baseline,500000000,351,850000000,1180555,3899999961,7129996080,2222222,9444432,0,9444448,18888880,0.850000,1000000000,850000000
baseline,500000000,352,850000000,1180555,3911111072,7148884960,2222222,9444432,0,9444448,18888880,0.850000,1000000000,850000000
baseline,500000000,353,850000000,1180555,3922222183,7167773840,2222222,9444432,0,9444448,18888880,0.850000,1000000000,850000000
baseline,500000000,354,850000000,1180555,3933333294,7186662720,2222222,9444432,0,9444448,18888880,0.850000,1000000000,850000000
baseline,500000000,355,850000000,1180555,3944444405,7205551600,2222222,9444432,0,9444448,18888880,0.850000,1000000000,850000000
baseline,500000000,356,850000000,1180555,3955555516,7224440480,2222222,9444432,0,9444448,18888880,0.850000,1000000000,850000000
baseline,500000000,357,850000000,1180555,3966666627,7243329360,2222222,9444432,0,9444448,18888880,0.850000,1000000000,850000000
baseline,500000000,358,850000000,1180555,3977777738,7262218240,2222222,9444432,0,9444448,18888880,0.850000,1000000000,850000000
baseline,500000000,359,850000000,1180555,3988888849,7281107120,2222222,9444432,0,9444448,18888880,0.850000,1000000000,850000000
baseline,500000000,360,850000000,1180555,3999999960,7299996000,2222222,9444432,0,9444448,18888880,0.850000,1000000000,850000000
baseline,500000000,361,850000000,1180555,4011111071,7318884880,2222222,9444432,0,9444448,18888880,0.850000,1000000000,850000000
baseline,500000000,362,850000000,1180555,4022222182,7337773760,2222222,9444432,0,9444448,18888880,0.850000,1000000000,850000000
baseline,500000000,363,850000000,1180555,4033333293,7356662640,2222222,9444432,0,9444448,18888880,0.850000,1000000000,850000000
baseline,500000000,364,850000000,1180555,4044444404,7375551520,2222222,9444432,0,9444448,18888880,0.850000,1000000000,850000000
baseline,500000000,365,850000000,1180555,4055555515,7394440400,2222222,9444432,0,9444448,18888880,0.850000,1000000000,850000000
baseline,500000000,366,850000000,1180555,4066666626,7413329280,2222222,9444432,0,9444448,18888880,0.850000,1000000000,850000000
baseline,500000000,367,850000000,1180555,4077777737,7432218160,2222222,9444432,0,9444448,18888880,0.850000,1000000000,850000000
baseline,500000000,368,850000000,1180555,4088888848,7451107040,2222222,9444432,0,9444448,18888880,0.850000,1000000000,850000000
baseline,500000000,369,850000000,1180555,4099999959,7469995920,2222222,9444432,0,9444448,18888880,0.850000,1000000000,850000000
baseline,500000000,370,850000000,1180555,4111111070,7488884800,2222222,9444432,0,9444448,18888880,0.850000,1000000000,850000000
baseline,500000000,371,850000000,1180555,4122222181,7507773680,2222222,9444432,0,9444448,18888880,0.850000,1000000000,850000000
baseline,500000000,372,850000000,1180555,4133333292,7526662560,2222222,9444432,0,9444448,18888880,0.850000,1000000000,850000000
baseline,500000000,373,850000000,1180555,4144444403,7545551440,2222222,9444432,0,9444448,18888880,0.850000,1000000000,850000000
baseline,500000000,374,850000000,1180555,4155555514,7564440320,2222222,9444432,0,9444448,18888880,0.850000,1000000000,850000000
baseline,500000000,375,850000000,1180555,4166666625,7583329200,2222222,9444432,0,9444448,18888880,0.850000,1000000000,850000000
baseline,500000000,376,850000000,1180555,4177777736,7602218080,2222222,9444432,0,9444448,18888880,0.850000,1000000000,850000000
baseline,500000000,377,850000000,1180555,4188888847,7621106960,2222222,9444432,0,9444448,18888880,0.850000,1000000000,850000000
baseline,500000000,378,850000000,1180555,4199999958,7639995840,2222222,9444432,0,9444448,18888880,0.850000,1000000000,850000000
baseline,500000000,379,850000000,1180555,4211111069,7658884720,2222222,9444432,0,9444448,18888880,0.850000,1000000000,850000000
baseline,500000000,380,850000000,1180555,4222222180,7677773600,2222222,9444432,0,9444448,18888880,0.850000,1000000000,850000000
baseline,500000000,381,850000000,1180555,4233333291,7696662480,2222222,9444432,0,9444448,18888880,0.850000,1000000000,850000000
baseline,500000000,382,850000000,1180555,4244444402,7715551360,2222222,9444432,0,9444448,18888880,0.850000,1000000000,850000000
baseline,500000000,383,850000000,1180555,4255555513,7734440240,2222222,9444432,0,9444448,18888880,0.850000,1000000000,850000000
baseline,500000000,384,850000000,1180555,4266666624,7753329120,2222222,9444432,0,9444448,18888880,0.850000,1000000000,850000000
baseline,500000000,385,850000000,1180555,4277777735,7772218000,2222222,9444432,0,9444448,18888880,0.850000,1000000000,850000000
baseline,500000000,386,850000000,1180555,4288888846,7791106880,2222222,9444432,0,9444448,18888880,0.850000,1000000000,850000000
baseline,500000000,387,850000000,1180555,4299999957,7809995760,2222222,9444432,0,9444448,18888880,0.850000,1000000000,850000000
baseline,500000000,388,850000000,1180555,4311111068,7828884640,2222222,9444432,0,9444448,18888880,0.850000,1000000000,850000000
baseline,500000000,389,850000000,1180555,4322222179,7847773520,2222222,9444432,0,9444448,18888880,0.850000,1000000000,850000000
baseline,500000000,390,850000000,1180555,4333333290,7866662400,2222222,9444432,0,9444448,18888880,0.850000,1000000000,850000000
baseline,500000000,391,850000000,1180555,4344444401,7885551280,2222222,9444432,0,9444448,18888880,0.850000,1000000000,850000000
baseline,500000000,392,850000000,1180555,4355555512,7904440160,2222222,9444432,0,9444448,18888880,0.850000,1000000000,850000000
baseline,500000000,393,850000000,1180555,4366666623,7923329040,2222222,9444432,0,9444448,18888880,0.850000,1000000000,850000000
baseline,500000000,394,850000000,1180555,4377777734,7942217920,2222222,9444432,0,9444448,18888880,0.850000,1000000000,850000000
baseline,500000000,395,850000000,1180555,4388888845,7961106800,2222222,9444432,0,9444448,18888880,0.850000,1000000000,850000000
baseline,500000000,396,850000000,1180555,4399999956,7979995680,2222222,9444432,0,9444448,18888880,0.850000,1000000000,850000000
baseline,500000000,397,850000000,1180555,4411111067,7998884560,2222222,9444432,0,9444448,18888880,0.850000,1000000000,850000000
baseline,500000000,398,850000000,1180555,4422222178,8017773440,2222222,9444432,0,9444448,18888880,0.850000,1000000000,850000000
baseline,500000000,399,850000000,1180555,4433333289,8036662320,2222222,9444432,0,9444448,18888880,0.850000,1000000000,850000000
baseline,500000000,400,850000000,1180555,4444444400,8055551200,2222222,9444432,0,9444448,18888880,0.850000,1000000000,850000000
baseline,500000000,401,850000000,1180555,4455555511,8074440080,2222222,9444432,0,9444448,18888880,0.850000,1000000000,850000000
baseline,500000000,402,850000000,1180555,4466666622,8093328960,2222222,9444432,0,9444448,18888880,0.850000,1000000000,850000000
baseline,500000000,403,850000000,1180555,4477777733,8112217840,2222222,9444432,0,9444448,18888880,0.850000,1000000000,850000000
baseline,500000000,404,850000000,1180555,4488888844,8131106720,2222222,9444432,0,9444448,18888880,0.850000,1000000000,850000000
baseline,500000000,405,850000000,1180555,4499999955,8149995600,2222222,9444432,0,9444448,18888880,0.850000,1000000000,850000000
baseline,500000000,406,850000000,1180555,4511111066,8168884480,2222222,9444432,0,9444448,18888880,0.850000,1000000000,850000000
baseline,500000000,407,850000000,1180555,4522222177,8187773360,2222222,9444432,0,9444448,18888880,0.850000,1000000000,850000000
baseline,500000000,408,850000000,1180555,4533333288,8206662240,2222222,9444432,0,9444448,18888880,0.850000,1000000000,850000000
baseline,500000000,409,850000000,1180555,4544444399,8225551120,2222222,9444432,0,9444448,18888880,0.850000,1000000000,850000000
baseline,500000000,410,850000000,1180555,4555555510,8244440000,2222222,9444432,0,9444448,18888880,0.850000,1000000000,850000000
baseline,500000000,411,850000000,1180555,4566666621,8263328880,2222222,9444432,0,9444448,18888880,0.850000,1000000000,850000000
baseline,500000000,412,850000000,1180555,4577777732,8282217760,2222222,9444432,0,9444448,18888880,0.850000,1000000000,850000000
baseline,500000000,413,850000000,1180555,4588888843,8301106640,2222222,9444432,0,9444448,18888880,0.850000,1000000000,850000000
baseline,500000000,414,850000000,1180555,4599999954,8319995520,2222222,9444432,0,9444448,18888880,0.850000,1000000000,850000000
baseline,500000000,415,850000000,1180555,4611111065,8338884400,2222222,9444432,0,9444448,18888880,0.850000,1000000000,850000000
baseline,500000000,416,850000000,1180555,4622222176,8357773280,2222222,9444432,0,9444448,18888880,0.850000,1000000000,850000000
baseline,500000000,417,850000000,1180555,4633333287,8376662160,2222222,9444432,0,9444448,18888880,0.850000,1000000000,850000000
baseline,500000000,418,850000000,1180555,4644444398,8395551040,2222222,9444432,0,9444448,18888880,0.850000,1000000000,850000000
baseline,500000000,419,850000000,1180555,4655555509,8414439920,2222222,9444432,0,9444448,18888880,0.850000,1000000000,850000000
baseline,500000000,420,850000000,1180555,4666666620,8433328800,2222222,9444432,0,9444448,18888880,0.850000,1000000000,850000000
baseline,500000000,421,850000000,1180555,4677777731,8452217680,2222222,9444432,0,9444448,18888880,0.850000,1000000000,850000000
baseline,500000000,422,850000000,1180555,4688888842,8471106560,2222222,9444432,0,9444448,18888880,0.850000,1000000000,850000000
baseline,500000000,423,850000000,1180555,4699999953,8489995440,2222222,9444432,0,9444448,18888880,0.850000,1000000000,850000000
baseline,500000000,424,850000000,1180555,4711111064,8508884320,2222222,9444432,0,9444448,18888880,0.850000,1000000000,850000000
baseline,500000000,425,850000000,1180555,4722222175,8527773200,2222222,9444432,0,9444448,18888880,0.850000,1000000000,850000000
baseline,500000000,426,850000000,1180555,4733333286,8546662080,2222222,9444432,0,9444448,18888880,0.850000,1000000000,850000000
baseline,500000000,427,850000000,1180555,4744444397,8565550960,2222222,9444432,0,9444448,18888880,0.850000,1000000000,850000000
baseline,500000000,428,850000000,1180555,4755555508,8584439840,2222222,9444432,0,9444448,18888880,0.850000,1000000000,850000000
baseline,500000000,429,850000000,1180555,4766666619,8603328720,2222222,9444432,0,9444448,18888880,0.850000,1000000000,850000000
baseline,500000000,430,850000000,1180555,4777777730,8622217600,2222222,9444432,0,9444448,18888880,0.850000,1000000000,850000000
baseline,500000000,431,850000000,1180555,4788888841,8641106480,2222222,9444432,0,9444448,18888880,0.850000,1000000000,850000000
baseline,500000000,432,850000000,1180555,4799999952,8659995360,2222222,9444432,0,9444448,18888880,0.850000,1000000000,850000000
baseline,500000000,433,850000000,1180555,4811111063,8678884240,2222222,9444432,0,9444448,18888880,0.850000,1000000000,850000000
baseline,500000000,434,850000000,1180555,4822222174,8697773120,2222222,9444432,0,9444448,18888880,0.850000,1000000000,850000000
baseline,500000000,435,850000000,1180555,4833333285,8716662000,2222222,9444432,0,9444448,18888880,0.850000,1000000000,850000000
baseline,500000000,436,850000000,1180555,4844444396,8735550880,2222222,9444432,0,9444448,18888880,0.850000,1000000000,850000000
baseline,500000000,437,850000000,1180555,4855555507,8754439760,2222222,9444432,0,9444448,18888880,0.850000,1000000000,850000000
baseline,500000000,438,850000000,1180555,4866666618,8773328640,2222222,9444432,0,9444448,18888880,0.850000,1000000000,850000000
baseline,500000000,439,850000000,1180555,4877777729,8792217520,2222222,9444432,0,9444448,18888880,0.850000,1000000000,850000000
baseline,500000000,440,850000000,1180555,4888888840,8811106400,2222222,9444432,0,9444448,18888880,0.850000,1000000000,850000000
baseline,500000000,441,850000000,1180555,4899999951,8829995280,2222222,9444432,0,9444448,18888880,0.850000,1000000000,850000000
baseline,500000000,442,850000000,1180555,4911111062,8848884160,2222222,9444432,0,9444448,18888880,0.850000,1000000000,850000000
baseline,500000000,443,850000000,1180555,4922222173,8867773040,2222222,9444432,0,9444448,18888880,0.850000,1000000000,850000000
baseline,500000000,444,850000000,1180555,4933333284,8886661920,2222222,9444432,0,9444448,18888880,0.850000,1000000000,850000000
baseline,500000000,445,850000000,1180555,4944444395,8905550800,2222222,9444432,0,9444448,18888880,0.850000,1000000000,850000000
baseline,500000000,446,850000000,1180555,4955555506,8924439680,2222222,9444432,0,9444448,18888880,0.850000,1000000000,850000000
baseline,500000000,447,850000000,1180555,4966666617,8943328560,2222222,9444432,0,9444448,18888880,0.850000,1000000000,850000000
baseline,500000000,448,850000000,1180555,4977777728,8962217440,2222222,9444432,0,9444448,18888880,0.850000,1000000000,850000000
baseline,500000000,449,850000000,1180555,4988888839,8981106320,2222222,9444432,0,9444448,18888880,0.850000,1000000000,850000000
baseline,500000000,450,850000000,1180555,4999999950,8999995200,2222222,9444432,0,9444448,18888880,0.850000,1000000000,850000000
baseline,500000000,451,850000000,1180555,5011111061,9018884080,2222222,9444432,0,9444448,18888880,0.850000,1000000000,850000000
baseline,500000000,452,850000000,1180555,5022222172,9037772960,2222222,9444432,0,9444448,18888880,0.850000,1000000000,850000000
baseline,500000000,453,850000000,1180555,5033333283,9056661840,2222222,9444432,0,9444448,18888880,0.850000,1000000000,850000000
baseline,500000000,454,850000000,1180555,5044444394,9075550720,2222222,9444432,0,9444448,18888880,0.850000,1000000000,850000000
baseline,500000000,455,850000000,1180555,5055555505,9094439600,2222222,9444432,0,9444448,18888880,0.850000,1000000000,850000000
baseline,500000000,456,850000000,1180555,5066666616,9113328480,2222222,9444432,0,9444448,18888880,0.850000,1000000000,850000000
baseline,500000000,457,850000000,1180555,5077777727,9132217360,2222222,9444432,0,9444448,18888880,0.850000,1000000000,850000000
baseline,500000000,458,850000000,1180555,5088888838,9151106240,2222222,9444432,0,9444448,18888880,0.850000,1000000000,850000000
baseline,500000000,459,850000000,1180555,5099999949,9169995120,2222222,9444432,0,9444448,18888880,0.850000,1000000000,850000000
baseline,500000000,460,850000000,1180555,5111111060,9188884000,2222222,9444432,0,9444448,18888880,0.850000,1000000000,850000000
baseline,500000000,461,850000000,1180555,5122222171,9207772880,2222222,9444432,0,9444448,18888880,0.850000,1000000000,850000000
baseline,500000000,462,850000000,1180555,5133333282,9226661760,2222222,9444432,0,9444448,18888880,0.850000,1000000000,850000000
baseline,500000000,463,850000000,1180555,5144444393,9245550640,2222222,9444432,0,9444448,18888880,0.850000,1000000000,850000000
baseline,500000000,464,850000000,1180555,5155555504,9264439520,2222222,9444432,0,9444448,18888880,0.850000,1000000000,850000000
baseline,500000000,465,850000000,1180555,5166666615,9283328400,2222222,9444432,0,9444448,18888880,0.850000,1000000000,850000000
baseline,500000000,466,850000000,1180555,5177777726,9302217280,2222222,9444432,0,9444448,18888880,0.850000,1000000000,850000000
baseline,500000000,467,850000000,1180555,5188888837,9321106160,2222222,9444432,0,9444448,18888880,0.850000,1000000000,850000000
baseline,500000000,468,850000000,1180555,5199999948,9339995040,2222222,9444432,0,9444448,18888880,0.850000,1000000000,850000000
baseline,500000000,469,850000000,1180555,5211111059,9358883920,2222222,9444432,0,9444448,18888880,0.850000,1000000000,850000000
baseline,500000000,470,850000000,1180555,5222222170,9377772800,2222222,9444432,0,9444448,18888880,0.850000,1000000000,850000000
baseline,500000000,471,850000000,1180555,5233333281,9396661680,2222222,9444432,0,9444448,18888880,0.850000,1000000000,850000000
baseline,500000000,472,850000000,1180555,5244444392,9415550560,2222222,9444432,0,9444448,18888880,0.850000,1000000000,850000000
baseline,500000000,473,850000000,1180555,5255555503,9434439440,2222222,9444432,0,9444448,18888880,0.850000,1000000000,850000000
baseline,500000000,474,850000000,1180555,5266666614,9453328320,2222222,9444432,0,9444448,18888880,0.850000,1000000000,850000000
baseline,500000000,475,850000000,1180555,5277777725,9472217200,2222222,9444432,0,9444448,18888880,0.850000,1000000000,850000000
baseline,500000000,476,850000000,1180555,5288888836,9491106080,2222222,9444432,0,9444448,18888880,0.850000,1000000000,850000000
baseline,500000000,477,850000000,1180555,5299999947,9509994960,2222222,9444432,0,9444448,18888880,0.850000,1000000000,850000000
baseline,500000000,478,850000000,1180555,5311111058,9528883840,2222222,9444432,0,9444448,18888880,0.850000,1000000000,850000000
baseline,500000000,479,850000000,1180555,5322222169,9547772720,2222222,9444432,0,9444448,18888880,0.850000,1000000000,850000000
baseline,500000000,480,850000000,1180555,5333333280,9566661600,2222222,9444432,0,9444448,18888880,0.850000,1000000000,850000000
baseline,500000000,481,850000000,1180555,5344444391,9585550480,2222222,9444432,0,9444448,18888880,0.850000,1000000000,850000000
baseline,500000000,482,850000000,1180555,5355555502,9604439360,2222222,9444432,0,9444448,18888880,0.850000,1000000000,850000000
baseline,500000000,483,850000000,1180555,5366666613,9623328240,2222222,9444432,0,9444448,18888880,0.850000,1000000000,850000000
baseline,500000000,484,850000000,1180555,5377777724,9642217120,2222222,9444432,0,9444448,18888880,0.850000,1000000000,850000000
baseline,500000000,485,850000000,1180555,5388888835,9661106000,2222222,9444432,0,9444448,18888880,0.850000,1000000000,850000000
baseline,500000000,486,850000000,1180555,5399999946,9679994880,2222222,9444432,0,9444448,18888880,0.850000,1000000000,850000000
baseline,500000000,487,850000000,1180555,5411111057,9698883760,2222222,9444432,0,9444448,18888880,0.850000,1000000000,850000000
baseline,500000000,488,850000000,1180555,5422222168,9717772640,2222222,9444432,0,9444448,18888880,0.850000,1000000000,850000000
baseline,500000000,489,850000000,1180555,5433333279,9736661520,2222222,9444432,0,9444448,18888880,0.850000,1000000000,850000000
baseline,500000000,490,850000000,1180555,5444444390,9755550400,2222222,9444432,0,9444448,18888880,0.850000,1000000000,850000000
baseline,500000000,491,850000000,1180555,5455555501,9774439280,2222222,9444432,0,9444448,18888880,0.850000,1000000000,850000000
baseline,500000000,492,850000000,1180555,5466666612,9793328160,2222222,9444432,0,9444448,18888880,0.850000,1000000000,850000000
baseline,500000000,493,850000000,1180555,5477777723,9812217040,2222222,9444432,0,9444448,18888880,0.850000,1000000000,850000000
baseline,500000000,494,850000000,1180555,5488888834,9831105920,2222222,9444432,0,9444448,18888880,0.850000,1000000000,850000000
baseline,500000000,495,850000000,1180555,5499999945,9849994800,2222222,9444432,0,9444448,18888880,0.850000,1000000000,850000000
baseline,500000000,496,850000000,1180555,5511111056,9868883680,2222222,9444432,0,9444448,18888880,0.850000,1000000000,850000000
baseline,500000000,497,850000000,1180555,5522222167,9887772560,2222222,9444432,0,9444448,18888880,0.850000,1000000000,850000000
baseline,500000000,498,850000000,1180555,5533333278,9906661440,2222222,9444432,0,9444448,18888880,0.850000,1000000000,850000000
baseline,500000000,499,850000000,1180555,5544444389,9925550320,2222222,9444432,0,9444448,18888880,0.850000,1000000000,850000000
baseline,500000000,500,850000000,1180555,5555555500,9944439200,2222222,9444432,0,9444448,18888880,0.850000,1000000000,850000000
baseline,500000000,501,850000000,1180555,5566666611,9963328080,2222222,9444432,0,9444448,18888880,0.850000,1000000000,850000000
baseline,500000000,502,850000000,1180555,5577777722,9982216960,2222222,9444432,0,9444448,18888880,0.850000,1000000000,850000000
baseline,500000000,503,850000000,1180555,5588888833,10001105840,2222222,9444432,0,9444448,18888880,0.850000,1000000000,850000000
baseline,500000000,504,850000000,1180555,5599999944,10019994720,2222222,9444432,0,9444448,18888880,0.850000,1000000000,850000000
baseline,500000000,505,850000000,1180555,5611111055,10038883600,2222222,9444432,0,9444448,18888880,0.850000,1000000000,850000000
baseline,500000000,506,850000000,1180555,5622222166,10057772480,2222222,9444432,0,9444448,18888880,0.850000,1000000000,850000000
baseline,500000000,507,850000000,1180555,5633333277,10076661360,2222222,9444432,0,9444448,18888880,0.850000,1000000000,850000000
baseline,500000000,508,850000000,1180555,5644444388,10095550240,2222222,9444432,0,9444448,18888880,0.850000,1000000000,850000000
baseline,500000000,509,850000000,1180555,5655555499,10114439120,2222222,9444432,0,9444448,18888880,0.850000,1000000000,850000000
baseline,500000000,510,850000000,1180555,5666666610,10133328000,2222222,9444432,0,9444448,18888880,0.850000,1000000000,850000000
baseline,500000000,511,850000000,1180555,5677777721,10152216880,2222222,9444432,0,9444448,18888880,0.850000,1000000000,850000000
baseline,500000000,512,850000000,1180555,5688888832,10171105760,2222222,9444432,0,9444448,18888880,0.850000,1000000000,850000000
baseline,500000000,513,850000000,1180555,5699999943,10189994640,2222222,9444432,0,9444448,18888880,0.850000,1000000000,850000000
baseline,500000000,514,850000000,1180555,5711111054,10208883520,2222222,9444432,0,9444448,18888880,0.850000,1000000000,850000000
baseline,500000000,515,850000000,1180555,5722222165,10227772400,2222222,9444432,0,9444448,18888880,0.850000,1000000000,850000000
baseline,500000000,516,850000000,1180555,5733333276,10246661280,2222222,9444432,0,9444448,18888880,0.850000,1000000000,850000000
baseline,500000000,517,850000000,1180555,5744444387,10265550160,2222222,9444432,0,9444448,18888880,0.850000,1000000000,850000000
baseline,500000000,518,850000000,1180555,5755555498,10284439040,2222222,9444432,0,9444448,18888880,0.850000,1000000000,850000000
baseline,500000000,519,850000000,1180555,5766666609,10303327920,2222222,9444432,0,9444448,18888880,0.850000,1000000000,850000000
baseline,500000000,520,850000000,1180555,5777777720,10322216800,2222222,9444432,0,9444448,18888880,0.850000,1000000000,850000000
baseline,500000000,521,850000000,1180555,5788888831,10341105680,2222222,9444432,0,9444448,18888880,0.850000,1000000000,850000000
baseline,500000000,522,850000000,1180555,5799999942,10359994560,2222222,9444432,0,9444448,18888880,0.850000,1000000000,850000000
baseline,500000000,523,850000000,1180555,5811111053,10378883440,2222222,9444432,0,9444448,18888880,0.850000,1000000000,850000000
baseline,500000000,524,850000000,1180555,5822222164,10397772320,2222222,9444432,0,9444448,18888880,0.850000,1000000000,850000000
baseline,500000000,525,850000000,1180555,5833333275,10416661200,2222222,9444432,0,9444448,18888880,0.850000,1000000000,850000000
baseline,500000000,526,850000000,1180555,5844444386,10435550080,2222222,9444432,0,9444448,18888880,0.850000,1000000000,850000000
baseline,500000000,527,850000000,1180555,5855555497,10454438960,2222222,9444432,0,9444448,18888880,0.850000,1000000000,850000000
baseline,500000000,528,850000000,1180555,5866666608,10473327840,2222222,9444432,0,9444448,18888880,0.850000,1000000000,850000000
baseline,500000000,529,850000000,1180555,5877777719,10492216720,2222222,9444432,0,9444448,18888880,0.850000,1000000000,850000000
baseline,500000000,530,850000000,1180555,5888888830,10511105600,2222222,9444432,0,9444448,18888880,0.850000,1000000000,850000000
baseline,500000000,531,850000000,1180555,5899999941,10529994480,2222222,9444432,0,9444448,18888880,0.850000,1000000000,850000000
baseline,500000000,532,850000000,1180555,5911111052,10548883360,2222222,9444432,0,9444448,18888880,0.850000,1000000000,850000000
baseline,500000000,533,850000000,1180555,5922222163,10567772240,2222222,9444432,0,9444448,18888880,0.850000,1000000000,850000000
baseline,500000000,534,850000000,1180555,5933333274,10586661120,2222222,9444432,0,9444448,18888880,0.850000,1000000000,850000000
baseline,500000000,535,850000000,1180555,5944444385,10605550000,2222222,9444432,0,9444448,18888880,0.850000,1000000000,850000000
baseline,500000000,536,850000000,1180555,5955555496,10624438880,2222222,9444432,0,9444448,18888880,0.850000,1000000000,850000000
baseline,500000000,537,850000000,1180555,5966666607,10643327760,2222222,9444432,0,9444448,18888880,0.850000,1000000000,850000000
baseline,500000000,538,850000000,1180555,5977777718,10662216640,2222222,9444432,0,9444448,18888880,0.850000,1000000000,850000000
baseline,500000000,539,850000000,1180555,5988888829,10681105520,2222222,9444432,0,9444448,18888880,0.850000,1000000000,850000000
baseline,500000000,540,850000000,1180555,5999999940,10699994400,2222222,9444432,0,9444448,18888880,0.850000,1000000000,850000000
baseline,500000000,541,850000000,1180555,6011111051,10718883280,2222222,9444432,0,9444448,18888880,0.850000,1000000000,1000000000
baseline,500000000,542,1000000000,1388888,6022222162,10737772160,2222222,11111104,0,11111104,22222208,0.999999,1000000000,1000000000
baseline,500000000,543,1000000000,1388888,6033333273,10759994368,2222222,11111104,0,11111104,22222208,0.999999,1000000000,1000000000
baseline,500000000,544,1000000000,1388888,6044444384,10782216576,2222222,11111104,0,11111104,22222208,0.999999,1000000000,1000000000
baseline,500000000,545,1000000000,1388888,6055555495,10804438784,2222222,11111104,0,11111104,22222208,0.999999,1000000000,1000000000
baseline,500000000,546,1000000000,1388888,6066666606,10826660992,2222222,11111104,0,11111104,22222208,0.999999,1000000000,1000000000
baseline,500000000,547,1000000000,1388888,6077777717,10848883200,2222222,11111104,0,11111104,22222208,0.999999,1000000000,1000000000
baseline,500000000,548,1000000000,1388888,6088888828,10871105408,2222222,11111104,0,11111104,22222208,0.999999,1000000000,1000000000
baseline,500000000,549,1000000000,1388888,6099999939,10893327616,2222222,11111104,0,11111104,22222208,0.999999,1000000000,1000000000
baseline,500000000,550,1000000000,1388888,6111111050,10915549824,2222222,11111104,0,11111104,22222208,0.999999,1000000000,1000000000
baseline,500000000,551,1000000000,1388888,6122222161,10937772032,2222222,11111104,0,11111104,22222208,0.999999,1000000000,1000000000
baseline,500000000,552,1000000000,1388888,6133333272,10959994240,2222222,11111104,0,11111104,22222208,0.999999,1000000000,1000000000
baseline,500000000,553,1000000000,1388888,6144444383,10982216448,2222222,11111104,0,11111104,22222208,0.999999,1000000000,1000000000
baseline,500000000,554,1000000000,1388888,6155555494,11004438656,2222222,11111104,0,11111104,22222208,0.999999,1000000000,1000000000
baseline,500000000,555,1000000000,1388888,6166666605,11026660864,2222222,11111104,0,11111104,22222208,0.999999,1000000000,1000000000
baseline,500000000,556,1000000000,1388888,6177777716,11048883072,2222222,11111104,0,11111104,22222208,0.999999,1000000000,1000000000
baseline,500000000,557,1000000000,1388888,6188888827,11071105280,2222222,11111104,0,11111104,22222208,0.999999,1000000000,1000000000
baseline,500000000,558,1000000000,1388888,6199999938,11093327488,2222222,11111104,0,11111104,22222208,0.999999,1000000000,1000000000
baseline,500000000,559,1000000000,1388888,6211111049,11115549696,2222222,11111104,0,11111104,22222208,0.999999,1000000000,1000000000
baseline,500000000,560,1000000000,1388888,6222222160,11137771904,2222222,11111104,0,11111104,22222208,0.999999,1000000000,1000000000
baseline,500000000,561,1000000000,1388888,6233333271,11159994112,2222222,11111104,0,11111104,22222208,0.999999,1000000000,1000000000
baseline,500000000,562,1000000000,1388888,6244444382,11182216320,2222222,11111104,0,11111104,22222208,0.999999,1000000000,1000000000
baseline,500000000,563,1000000000,1388888,6255555493,11204438528,2222222,11111104,0,11111104,22222208,0.999999,1000000000,1000000000
baseline,500000000,564,1000000000,1388888,6266666604,11226660736,2222222,11111104,0,11111104,22222208,0.999999,1000000000,1000000000
baseline,500000000,565,1000000000,1388888,6277777715,11248882944,2222222,11111104,0,11111104,22222208,0.999999,1000000000,1000000000
baseline,500000000,566,1000000000,1388888,6288888826,11271105152,2222222,11111104,0,11111104,22222208,0.999999,1000000000,1000000000
baseline,500000000,567,1000000000,1388888,6299999937,11293327360,2222222,11111104,0,11111104,22222208,0.999999,1000000000,1000000000
baseline,500000000,568,1000000000,1388888,6311111048,11315549568,2222222,11111104,0,11111104,22222208,0.999999,1000000000,1000000000
baseline,500000000,569,1000000000,1388888,6322222159,11337771776,2222222,11111104,0,11111104,22222208,0.999999,1000000000,1000000000
baseline,500000000,570,1000000000,1388888,6333333270,11359993984,2222222,11111104,0,11111104,22222208,0.999999,1000000000,1000000000
baseline,500000000,571,1000000000,1388888,6344444381,11382216192,2222222,11111104,0,11111104,22222208,0.999999,1000000000,1000000000
baseline,500000000,572,1000000000,1388888,6355555492,11404438400,2222222,11111104,0,11111104,22222208,0.999999,1000000000,1000000000
baseline,500000000,573,1000000000,1388888,6366666603,11426660608,2222222,11111104,0,11111104,22222208,0.999999,1000000000,1000000000
baseline,500000000,574,1000000000,1388888,6377777714,11448882816,2222222,11111104,0,11111104,22222208,0.999999,1000000000,1000000000
baseline,500000000,575,1000000000,1388888,6388888825,11471105024,2222222,11111104,0,11111104,22222208,0.999999,1000000000,1000000000
baseline,500000000,576,1000000000,1388888,6399999936,11493327232,2222222,11111104,0,11111104,22222208,0.999999,1000000000,1000000000
baseline,500000000,577,1000000000,1388888,6411111047,11515549440,2222222,11111104,0,11111104,22222208,0.999999,1000000000,1000000000
baseline,500000000,578,1000000000,1388888,6422222158,11537771648,2222222,11111104,0,11111104,22222208,0.999999,1000000000,1000000000
baseline,500000000,579,1000000000,1388888,6433333269,11559993856,2222222,11111104,0,11111104,22222208,0.999999,1000000000,1000000000
baseline,500000000,580,1000000000,1388888,6444444380,11582216064,2222222,11111104,0,11111104,22222208,0.999999,1000000000,1000000000
baseline,500000000,581,1000000000,1388888,6455555491,11604438272,2222222,11111104,0,11111104,22222208,0.999999,1000000000,1000000000
baseline,500000000,582,1000000000,1388888,6466666602,11626660480,2222222,11111104,0,11111104,22222208,0.999999,1000000000,1000000000
baseline,500000000,583,1000000000,1388888,6477777713,11648882688,2222222,11111104,0,11111104,22222208,0.999999,1000000000,1000000000
baseline,500000000,584,1000000000,1388888,6488888824,11671104896,2222222,11111104,0,11111104,22222208,0.999999,1000000000,1000000000
baseline,500000000,585,1000000000,1388888,6499999935,11693327104,2222222,11111104,0,11111104,22222208,0.999999,1000000000,1000000000
baseline,500000000,586,1000000000,1388888,6511111046,11715549312,2222222,11111104,0,11111104,22222208,0.999999,1000000000,1000000000
baseline,500000000,587,1000000000,1388888,6522222157,11737771520,2222222,11111104,0,11111104,22222208,0.999999,1000000000,1000000000
baseline,500000000,588,1000000000,1388888,6533333268,11759993728,2222222,11111104,0,11111104,22222208,0.999999,1000000000,850000000
baseline,500000000,589,850000000,1180555,6544444379,11782215936,2222222,9444432,0,9444448,18888880,0.850000,1000000000,850000000
baseline,500000000,590,850000000,1180555,6555555490,11801104816,2222222,9444432,0,9444448,18888880,0.850000,1000000000,850000000
baseline,500000000,591,850000000,1180555,6566666601,11819993696,2222222,9444432,0,9444448,18888880,0.850000,1000000000,850000000
baseline,500000000,592,850000000,1180555,6577777712,11838882576,2222222,9444432,0,9444448,18888880,0.850000,1000000000,850000000
baseline,500000000,593,850000000,1180555,6588888823,11857771456,2222222,9444432,0,9444448,18888880,0.850000,1000000000,850000000
baseline,500000000,594,850000000,1180555,6599999934,11876660336,2222222,9444432,0,9444448,18888880,0.850000,1000000000,850000000
baseline,500000000,595,850000000,1180555,6611111045,11895549216,2222222,9444432,0,9444448,18888880,0.850000,1000000000,850000000
baseline,500000000,596,850000000,1180555,6622222156,11914438096,2222222,9444432,0,9444448,18888880,0.850000,1000000000,850000000
baseline,500000000,597,850000000,1180555,6633333267,11933326976,2222222,9444432,0,9444448,18888880,0.850000,1000000000,850000000
baseline,500000000,598,850000000,1180555,6644444378,11952215856,2222222,9444432,0,9444448,18888880,0.850000,1000000000,850000000
baseline,500000000,599,850000000,1180555,6655555489,11971104736,2222222,9444432,0,9444448,18888880,0.850000,1000000000,850000000
baseline,500000000,600,850000000,1180555,6666666600,11989993616,2222222,9444432,0,9444448,18888880,0.850000,1000000000,850000000
baseline,500000000,601,850000000,1180555,6677777711,12008882496,2222222,9444432,0,9444448,18888880,0.850000,1000000000,850000000
baseline,500000000,602,850000000,1180555,6688888822,12027771376,2222222,9444432,0,9444448,18888880,0.850000,1000000000,850000000
baseline,500000000,603,850000000,1180555,6699999933,12046660256,2222222,9444432,0,9444448,18888880,0.850000,1000000000,850000000
baseline,500000000,604,850000000,1180555,6711111044,12065549136,2222222,9444432,0,9444448,18888880,0.850000,1000000000,850000000
baseline,500000000,605,850000000,1180555,6722222155,12084438016,2222222,9444432,0,9444448,18888880,0.850000,1000000000,850000000
baseline,500000000,606,850000000,1180555,6733333266,12103326896,2222222,9444432,0,9444448,18888880,0.850000,1000000000,850000000
baseline,500000000,607,850000000,1180555,6744444377,12122215776,2222222,9444432,0,9444448,18888880,0.850000,1000000000,850000000
baseline,500000000,608,850000000,1180555,6755555488,12141104656,2222222,9444432,0,9444448,18888880,0.850000,1000000000,850000000
baseline,500000000,609,850000000,1180555,6766666599,12159993536,2222222,9444432,0,9444448,18888880,0.850000,1000000000,850000000
baseline,500000000,610,850000000,1180555,6777777710,12178882416,2222222,9444432,0,9444448,18888880,0.850000,1000000000,850000000
baseline,500000000,611,850000000,1180555,6788888821,12197771296,2222222,9444432,0,9444448,18888880,0.850000,1000000000,850000000
baseline,500000000,612,850000000,1180555,6799999932,12216660176,2222222,9444432,0,9444448,18888880,0.850000,1000000000,850000000
baseline,500000000,613,850000000,1180555,6811111043,12235549056,2222222,9444432,0,9444448,18888880,0.850000,1000000000,850000000
baseline,500000000,614,850000000,1180555,6822222154,12254437936,2222222,9444432,0,9444448,18888880,0.850000,1000000000,850000000
baseline,500000000,615,850000000,1180555,6833333265,12273326816,2222222,9444432,0,9444448,18888880,0.850000,1000000000,850000000
baseline,500000000,616,850000000,1180555,6844444376,12292215696,2222222,9444432,0,9444448,18888880,0.850000,1000000000,850000000
baseline,500000000,617,850000000,1180555,6855555487,12311104576,2222222,9444432,0,9444448,18888880,0.850000,1000000000,850000000
baseline,500000000,618,850000000,1180555,6866666598,12329993456,2222222,9444432,0,9444448,18888880,0.850000,1000000000,850000000
baseline,500000000,619,850000000,1180555,6877777709,12348882336,2222222,9444432,0,9444448,18888880,0.850000,1000000000,850000000
baseline,500000000,620,850000000,1180555,6888888820,12367771216,2222222,9444432,0,9444448,18888880,0.850000,1000000000,850000000
baseline,500000000,621,850000000,1180555,6899999931,12386660096,2222222,9444432,0,9444448,18888880,0.850000,1000000000,850000000
baseline,500000000,622,850000000,1180555,6911111042,12405548976,2222222,9444432,0,9444448,18888880,0.850000,1000000000,850000000
baseline,500000000,623,850000000,1180555,6922222153,12424437856,2222222,9444432,0,9444448,18888880,0.850000,1000000000,850000000
baseline,500000000,624,850000000,1180555,6933333264,12443326736,2222222,9444432,0,9444448,18888880,0.850000,1000000000,850000000
baseline,500000000,625,850000000,1180555,6944444375,12462215616,2222222,9444432,0,9444448,18888880,0.850000,1000000000,850000000
baseline,500000000,626,850000000,1180555,6955555486,12481104496,2222222,9444432,0,9444448,18888880,0.850000,1000000000,850000000
baseline,500000000,627,850000000,1180555,6966666597,12499993376,2222222,9444432,0,9444448,18888880,0.850000,1000000000,850000000
baseline,500000000,628,850000000,1180555,6977777708,12518882256,2222222,9444432,0,9444448,18888880,0.850000,1000000000,850000000
baseline,500000000,629,850000000,1180555,6988888819,12537771136,2222222,9444432,0,9444448,18888880,0.850000,1000000000,850000000
baseline,500000000,630,850000000,1180555,6999999930,12556660016,2222222,9444432,0,9444448,18888880,0.850000,1000000000,850000000
baseline,500000000,631,850000000,1180555,7011111041,12575548896,2222222,9444432,0,9444448,18888880,0.850000,1000000000,850000000
baseline,500000000,632,850000000,1180555,7022222152,12594437776,2222222,9444432,0,9444448,18888880,0.850000,1000000000,850000000
baseline,500000000,633,850000000,1180555,7033333263,12613326656,2222222,9444432,0,9444448,18888880,0.850000,1000000000,850000000
baseline,500000000,634,850000000,1180555,7044444374,12632215536,2222222,9444432,0,9444448,18888880,0.850000,1000000000,850000000
baseline,500000000,635,850000000,1180555,7055555485,12651104416,2222222,9444432,0,9444448,18888880,0.850000,1000000000,850000000
baseline,500000000,636,850000000,1180555,7066666596,12669993296,2222222,9444432,0,9444448,18888880,0.850000,1000000000,850000000
baseline,500000000,637,850000000,1180555,7077777707,12688882176,2222222,9444432,0,9444448,18888880,0.850000,1000000000,850000000
baseline,500000000,638,850000000,1180555,7088888818,12707771056,2222222,9444432,0,9444448,18888880,0.850000,1000000000,850000000
baseline,500000000,639,850000000,1180555,7099999929,12726659936,2222222,9444432,0,9444448,18888880,0.850000,1000000000,850000000
baseline,500000000,640,850000000,1180555,7111111040,12745548816,2222222,9444432,0,9444448,18888880,0.850000,1000000000,850000000
baseline,500000000,641,850000000,1180555,7122222151,12764437696,2222222,9444432,0,9444448,18888880,0.850000,1000000000,850000000
baseline,500000000,642,850000000,1180555,7133333262,12783326576,2222222,9444432,0,9444448,18888880,0.850000,1000000000,850000000
baseline,500000000,643,850000000,1180555,7144444373,12802215456,2222222,9444432,0,9444448,18888880,0.850000,1000000000,850000000
baseline,500000000,644,850000000,1180555,7155555484,12821104336,2222222,9444432,0,9444448,18888880,0.850000,1000000000,850000000
baseline,500000000,645,850000000,1180555,7166666595,12839993216,2222222,9444432,0,9444448,18888880,0.850000,1000000000,850000000
baseline,500000000,646,850000000,1180555,7177777706,12858882096,2222222,9444432,0,9444448,18888880,0.850000,1000000000,850000000
baseline,500000000,647,850000000,1180555,7188888817,12877770976,2222222,9444432,0,9444448,18888880,0.850000,1000000000,850000000
baseline,500000000,648,850000000,1180555,7199999928,12896659856,2222222,9444432,0,9444448,18888880,0.850000,1000000000,850000000
baseline,500000000,649,850000000,1180555,7211111039,12915548736,2222222,9444432,0,9444448,18888880,0.850000,1000000000,850000000
baseline,500000000,650,850000000,1180555,7222222150,12934437616,2222222,9444432,0,9444448,18888880,0.850000,1000000000,850000000
baseline,500000000,651,850000000,1180555,7233333261,12953326496,2222222,9444432,0,9444448,18888880,0.850000,1000000000,850000000
baseline,500000000,652,850000000,1180555,7244444372,12972215376,2222222,9444432,0,9444448,18888880,0.850000,1000000000,850000000
baseline,500000000,653,850000000,1180555,7255555483,12991104256,2222222,9444432,0,9444448,18888880,0.850000,1000000000,850000000
baseline,500000000,654,850000000,1180555,7266666594,13009993136,2222222,9444432,0,9444448,18888880,0.850000,1000000000,850000000
baseline,500000000,655,850000000,1180555,7277777705,13028882016,2222222,9444432,0,9444448,18888880,0.850000,1000000000,850000000
baseline,500000000,656,850000000,1180555,7288888816,13047770896,2222222,9444432,0,9444448,18888880,0.850000,1000000000,850000000
baseline,500000000,657,850000000,1180555,7299999927,13066659776,2222222,9444432,0,9444448,18888880,0.850000,1000000000,850000000
baseline,500000000,658,850000000,1180555,7311111038,13085548656,2222222,9444432,0,9444448,18888880,0.850000,1000000000,850000000
baseline,500000000,659,850000000,1180555,7322222149,13104437536,2222222,9444432,0,9444448,18888880,0.850000,1000000000,850000000
baseline,500000000,660,850000000,1180555,7333333260,13123326416,2222222,9444432,0,9444448,18888880,0.850000,1000000000,850000000
baseline,500000000,661,850000000,1180555,7344444371,13142215296,2222222,9444432,0,9444448,18888880,0.850000,1000000000,850000000
baseline,500000000,662,850000000,1180555,7355555482,13161104176,2222222,9444432,0,9444448,18888880,0.850000,1000000000,850000000
baseline,500000000,663,850000000,1180555,7366666593,13179993056,2222222,9444432,0,9444448,18888880,0.850000,1000000000,850000000
baseline,500000000,664,850000000,1180555,7377777704,13198881936,2222222,9444432,0,9444448,18888880,0.850000,1000000000,850000000
baseline,500000000,665,850000000,1180555,7388888815,13217770816,2222222,9444432,0,9444448,18888880,0.850000,1000000000,850000000
baseline,500000000,666,850000000,1180555,7399999926,13236659696,2222222,9444432,0,9444448,18888880,0.850000,1000000000,850000000
baseline,500000000,667,850000000,1180555,7411111037,13255548576,2222222,9444432,0,9444448,18888880,0.850000,1000000000,850000000
baseline,500000000,668,850000000,1180555,7422222148,13274437456,2222222,9444432,0,9444448,18888880,0.850000,1000000000,850000000
baseline,500000000,669,850000000,1180555,7433333259,13293326336,2222222,9444432,0,9444448,18888880,0.850000,1000000000,850000000
baseline,500000000,670,850000000,1180555,7444444370,13312215216,2222222,9444432,0,9444448,18888880,0.850000,1000000000,850000000
baseline,500000000,671,850000000,1180555,7455555481,13331104096,2222222,9444432,0,9444448,18888880,0.850000,1000000000,850000000
baseline,500000000,672,850000000,1180555,7466666592,13349992976,2222222,9444432,0,9444448,18888880,0.850000,1000000000,850000000
baseline,500000000,673,850000000,1180555,7477777703,13368881856,2222222,9444432,0,9444448,18888880,0.850000,1000000000,850000000
baseline,500000000,674,850000000,1180555,7488888814,13387770736,2222222,9444432,0,9444448,18888880,0.850000,1000000000,850000000
baseline,500000000,675,850000000,1180555,7499999925,13406659616,2222222,9444432,0,9444448,18888880,0.850000,1000000000,850000000
baseline,500000000,676,850000000,1180555,7511111036,13425548496,2222222,9444432,0,9444448,18888880,0.850000,1000000000,850000000
baseline,500000000,677,850000000,1180555,7522222147,13444437376,2222222,9444432,0,9444448,18888880,0.850000,1000000000,850000000
baseline,500000000,678,850000000,1180555,7533333258,13463326256,2222222,9444432,0,9444448,18888880,0.850000,1000000000,850000000
baseline,500000000,679,850000000,1180555,7544444369,13482215136,2222222,9444432,0,9444448,18888880,0.850000,1000000000,850000000
baseline,500000000,680,850000000,1180555,7555555480,13501104016,2222222,9444432,0,9444448,18888880,0.850000,1000000000,850000000
baseline,500000000,681,850000000,1180555,7566666591,13519992896,2222222,9444432,0,9444448,18888880,0.850000,1000000000,850000000
baseline,500000000,682,850000000,1180555,7577777702,13538881776,2222222,9444432,0,9444448,18888880,0.850000,1000000000,850000000
baseline,500000000,683,850000000,1180555,7588888813,13557770656,2222222,9444432,0,9444448,18888880,0.850000,1000000000,850000000
baseline,500000000,684,850000000,1180555,7599999924,13576659536,2222222,9444432,0,9444448,18888880,0.850000,1000000000,850000000
baseline,500000000,685,850000000,1180555,7611111035,13595548416,2222222,9444432,0,9444448,18888880,0.850000,1000000000,850000000
baseline,500000000,686,850000000,1180555,7622222146,13614437296,2222222,9444432,0,9444448,18888880,0.850000,1000000000,850000000
baseline,500000000,687,850000000,1180555,7633333257,13633326176,2222222,9444432,0,9444448,18888880,0.850000,1000000000,850000000
baseline,500000000,688,850000000,1180555,7644444368,13652215056,2222222,9444432,0,9444448,18888880,0.850000,1000000000,850000000
baseline,500000000,689,850000000,1180555,7655555479,13671103936,2222222,9444432,0,9444448,18888880,0.850000,1000000000,850000000
baseline,500000000,690,850000000,1180555,7666666590,13689992816,2222222,9444432,0,9444448,18888880,0.850000,1000000000,850000000
baseline,500000000,691,850000000,1180555,7677777701,13708881696,2222222,9444432,0,9444448,18888880,0.850000,1000000000,850000000
baseline,500000000,692,850000000,1180555,7688888812,13727770576,2222222,9444432,0,9444448,18888880,0.850000,1000000000,850000000
baseline,500000000,693,850000000,1180555,7699999923,13746659456,2222222,9444432,0,9444448,18888880,0.850000,1000000000,850000000
baseline,500000000,694,850000000,1180555,7711111034,13765548336,2222222,9444432,0,9444448,18888880,0.850000,1000000000,850000000
baseline,500000000,695,850000000,1180555,7722222145,13784437216,2222222,9444432,0,9444448,18888880,0.850000,1000000000,850000000
baseline,500000000,696,850000000,1180555,7733333256,13803326096,2222222,9444432,0,9444448,18888880,0.850000,1000000000,850000000
baseline,500000000,697,850000000,1180555,7744444367,13822214976,2222222,9444432,0,9444448,18888880,0.850000,1000000000,850000000
baseline,500000000,698,850000000,1180555,7755555478,13841103856,2222222,9444432,0,9444448,18888880,0.850000,1000000000,850000000
baseline,500000000,699,850000000,1180555,7766666589,13859992736,2222222,9444432,0,9444448,18888880,0.850000,1000000000,850000000
baseline,500000000,700,850000000,1180555,7777777700,13878881616,2222222,9444432,0,9444448,18888880,0.850000,1000000000,850000000
baseline,500000000,701,850000000,1180555,7788888811,13897770496,2222222,9444432,0,9444448,18888880,0.850000,1000000000,850000000
baseline,500000000,702,850000000,1180555,7799999922,13916659376,2222222,9444432,0,9444448,18888880,0.850000,1000000000,850000000
baseline,500000000,703,850000000,1180555,7811111033,13935548256,2222222,9444432,0,9444448,18888880,0.850000,1000000000,850000000
baseline,500000000,704,850000000,1180555,7822222144,13954437136,2222222,9444432,0,9444448,18888880,0.850000,1000000000,850000000
baseline,500000000,705,850000000,1180555,7833333255,13973326016,2222222,9444432,0,9444448,18888880,0.850000,1000000000,850000000
baseline,500000000,706,850000000,1180555,7844444366,13992214896,2222222,9444432,0,9444448,18888880,0.850000,1000000000,850000000
baseline,500000000,707,850000000,1180555,7855555477,14011103776,2222222,9444432,0,9444448,18888880,0.850000,1000000000,850000000
baseline,500000000,708,850000000,1180555,7866666588,14029992656,2222222,9444432,0,9444448,18888880,0.850000,1000000000,850000000
baseline,500000000,709,850000000,1180555,7877777699,14048881536,2222222,9444432,0,9444448,18888880,0.850000,1000000000,850000000
baseline,500000000,710,850000000,1180555,7888888810,14067770416,2222222,9444432,0,9444448,18888880,0.850000,1000000000,850000000
baseline,500000000,711,850000000,1180555,7899999921,14086659296,2222222,9444432,0,9444448,18888880,0.850000,1000000000,850000000
baseline,500000000,712,850000000,1180555,7911111032,14105548176,2222222,9444432,0,9444448,18888880,0.850000,1000000000,850000000
baseline,500000000,713,850000000,1180555,7922222143,14124437056,2222222,9444432,0,9444448,18888880,0.850000,1000000000,850000000
baseline,500000000,714,850000000,1180555,7933333254,14143325936,2222222,9444432,0,9444448,18888880,0.850000,1000000000,850000000
baseline,500000000,715,850000000,1180555,7944444365,14162214816,2222222,9444432,0,9444448,18888880,0.850000,1000000000,850000000
baseline,500000000,716,850000000,1180555,7955555476,14181103696,2222222,9444432,0,9444448,18888880,0.850000,1000000000,850000000
baseline,500000000,717,850000000,1180555,7966666587,14199992576,2222222,9444432,0,9444448,18888880,0.850000,1000000000,850000000
baseline,500000000,718,850000000,1180555,7977777698,14218881456,2222222,9444432,0,9444448,18888880,0.850000,1000000000,850000000
baseline,500000000,719,850000000,1180555,7988888809,14237770336,2222222,9444432,0,9444448,18888880,0.850000,1000000000,850000000
baseline,500000000,720,850000000,1180555,7999999920,14256659216,2222222,9444432,0,9444448,18888880,0.850000,1000000000,850000000
baseline,500000000,721,850000000,1180555,8011111031,14275548096,2222222,9444432,0,9444448,18888880,0.850000,1000000000,850000000
baseline,500000000,722,850000000,1180555,8022222142,14294436976,2222222,9444432,0,9444448,18888880,0.850000,1000000000,850000000
baseline,500000000,723,850000000,1180555,8033333253,14313325856,2222222,9444432,0,9444448,18888880,0.850000,1000000000,850000000
baseline,500000000,724,850000000,1180555,8044444364,14332214736,2222222,9444432,0,9444448,18888880,0.850000,1000000000,850000000
baseline,500000000,725,850000000,1180555,8055555475,14351103616,2222222,9444432,0,9444448,18888880,0.850000,1000000000,850000000
baseline,500000000,726,850000000,1180555,8066666586,14369992496,2222222,9444432,0,9444448,18888880,0.850000,1000000000,850000000
baseline,500000000,727,850000000,1180555,8077777697,14388881376,2222222,9444432,0,9444448,18888880,0.850000,1000000000,850000000
baseline,500000000,728,850000000,1180555,8088888808,14407770256,2222222,9444432,0,9444448,18888880,0.850000,1000000000,850000000
baseline,500000000,729,850000000,1180555,8099999919,14426659136,2222222,9444432,0,9444448,18888880,0.850000,1000000000,850000000
baseline,500000000,730,850000000,1180555,8111111030,14445548016,2222222,9444432,0,9444448,18888880,0.850000,1000000000,850000000
baseline,500000000,731,850000000,1180555,8122222141,14464436896,2222222,9444432,0,9444448,18888880,0.850000,1000000000,850000000
baseline,500000000,732,850000000,1180555,8133333252,14483325776,2222222,9444432,0,9444448,18888880,0.850000,1000000000,850000000
baseline,500000000,733,850000000,1180555,8144444363,14502214656,2222222,9444432,0,9444448,18888880,0.850000,1000000000,850000000
baseline,500000000,734,850000000,1180555,8155555474,14521103536,2222222,9444432,0,9444448,18888880,0.850000,1000000000,850000000
baseline,500000000,735,850000000,1180555,8166666585,14539992416,2222222,9444432,0,9444448,18888880,0.850000,1000000000,850000000
baseline,500000000,736,850000000,1180555,8177777696,14558881296,2222222,9444432,0,9444448,18888880,0.850000,1000000000,850000000
baseline,500000000,737,850000000,1180555,8188888807,14577770176,2222222,9444432,0,9444448,18888880,0.850000,1000000000,850000000
baseline,500000000,738,850000000,1180555,8199999918,14596659056,2222222,9444432,0,9444448,18888880,0.850000,1000000000,850000000
baseline,500000000,739,850000000,1180555,8211111029,14615547936,2222222,9444432,0,9444448,18888880,0.850000,1000000000,850000000
baseline,500000000,740,850000000,1180555,8222222140,14634436816,2222222,9444432,0,9444448,18888880,0.850000,1000000000,850000000
baseline,500000000,741,850000000,1180555,8233333251,14653325696,2222222,9444432,0,9444448,18888880,0.850000,1000000000,850000000
baseline,500000000,742,850000000,1180555,8244444362,14672214576,2222222,9444432,0,9444448,18888880,0.850000,1000000000,850000000
baseline,500000000,743,850000000,1180555,8255555473,14691103456,2222222,9444432,0,9444448,18888880,0.850000,1000000000,850000000
baseline,500000000,744,850000000,1180555,8266666584,14709992336,2222222,9444432,0,9444448,18888880,0.850000,1000000000,850000000
baseline,500000000,745,850000000,1180555,8277777695,14728881216,2222222,9444432,0,9444448,18888880,0.850000,1000000000,850000000
baseline,500000000,746,850000000,1180555,8288888806,14747770096,2222222,9444432,0,9444448,18888880,0.850000,1000000000,850000000
baseline,500000000,747,850000000,1180555,8299999917,14766658976,2222222,9444432,0,9444448,18888880,0.850000,1000000000,850000000
baseline,500000000,748,850000000,1180555,8311111028,14785547856,2222222,9444432,0,9444448,18888880,0.850000,1000000000,850000000
baseline,500000000,749,850000000,1180555,8322222139,14804436736,2222222,9444432,0,9444448,18888880,0.850000,1000000000,850000000
baseline,500000000,750,850000000,1180555,8333333250,14823325616,2222222,9444432,0,9444448,18888880,0.850000,1000000000,850000000
baseline,500000000,751,850000000,1180555,8344444361,14842214496,2222222,9444432,0,9444448,18888880,0.850000,1000000000,850000000
baseline,500000000,752,850000000,1180555,8355555472,14861103376,2222222,9444432,0,9444448,18888880,0.850000,1000000000,850000000
baseline,500000000,753,850000000,1180555,8366666583,14879992256,2222222,9444432,0,9444448,18888880,0.850000,1000000000,850000000
baseline,500000000,754,850000000,1180555,8377777694,14898881136,2222222,9444432,0,9444448,18888880,0.850000,1000000000,850000000
baseline,500000000,755,850000000,1180555,8388888805,14917770016,2222222,9444432,0,9444448,18888880,0.850000,1000000000,850000000
baseline,500000000,756,850000000,1180555,8399999916,14936658896,2222222,9444432,0,9444448,18888880,0.850000,1000000000,850000000
baseline,500000000,757,850000000,1180555,8411111027,14955547776,2222222,9444432,0,9444448,18888880,0.850000,1000000000,850000000
baseline,500000000,758,850000000,1180555,8422222138,14974436656,2222222,9444432,0,9444448,18888880,0.850000,1000000000,850000000
baseline,500000000,759,850000000,1180555,8433333249,14993325536,2222222,9444432,0,9444448,18888880,0.850000,1000000000,850000000
baseline,500000000,760,850000000,1180555,8444444360,15012214416,2222222,9444432,0,9444448,18888880,0.850000,1000000000,850000000
baseline,500000000,761,850000000,1180555,8455555471,15031103296,2222222,9444432,0,9444448,18888880,0.850000,1000000000,850000000
baseline,500000000,762,850000000,1180555,8466666582,15049992176,2222222,9444432,0,9444448,18888880,0.850000,1000000000,850000000
baseline,500000000,763,850000000,1180555,8477777693,15068881056,2222222,9444432,0,9444448,18888880,0.850000,1000000000,850000000
baseline,500000000,764,850000000,1180555,8488888804,15087769936,2222222,9444432,0,9444448,18888880,0.850000,1000000000,850000000
baseline,500000000,765,850000000,1180555,8499999915,15106658816,2222222,9444432,0,9444448,18888880,0.850000,1000000000,850000000
baseline,500000000,766,850000000,1180555,8511111026,15125547696,2222222,9444432,0,9444448,18888880,0.850000,1000000000,850000000
baseline,500000000,767,850000000,1180555,8522222137,15144436576,2222222,9444432,0,9444448,18888880,0.850000,1000000000,850000000
baseline,500000000,768,850000000,1180555,8533333248,15163325456,2222222,9444432,0,9444448,18888880,0.850000,1000000000,850000000
baseline,500000000,769,850000000,1180555,8544444359,15182214336,2222222,9444432,0,9444448,18888880,0.850000,1000000000,850000000
baseline,500000000,770,850000000,1180555,8555555470,15201103216,2222222,9444432,0,9444448,18888880,0.850000,1000000000,850000000
baseline,500000000,771,850000000,1180555,8566666581,15219992096,2222222,9444432,0,9444448,18888880,0.850000,1000000000,850000000
baseline,500000000,772,850000000,1180555,8577777692,15238880976,2222222,9444432,0,9444448,18888880,0.850000,1000000000,850000000
baseline,500000000,773,850000000,1180555,8588888803,15257769856,2222222,9444432,0,9444448,18888880,0.850000,1000000000,850000000
baseline,500000000,774,850000000,1180555,8599999914,15276658736,2222222,9444432,0,9444448,18888880,0.850000,1000000000,850000000
baseline,500000000,775,850000000,1180555,8611111025,15295547616,2222222,9444432,0,9444448,18888880,0.850000,1000000000,850000000
baseline,500000000,776,850000000,1180555,8622222136,15314436496,2222222,9444432,0,9444448,18888880,0.850000,1000000000,850000000
baseline,500000000,777,850000000,1180555,8633333247,15333325376,2222222,9444432,0,9444448,18888880,0.850000,1000000000,850000000
baseline,500000000,778,850000000,1180555,8644444358,15352214256,2222222,9444432,0,9444448,18888880,0.850000,1000000000,850000000
baseline,500000000,779,850000000,1180555,8655555469,15371103136,2222222,9444432,0,9444448,18888880,0.850000,1000000000,850000000
baseline,500000000,780,850000000,1180555,8666666580,15389992016,2222222,9444432,0,9444448,18888880,0.850000,1000000000,850000000
baseline,500000000,781,850000000,1180555,8677777691,15408880896,2222222,9444432,0,9444448,18888880,0.850000,1000000000,850000000
baseline,500000000,782,850000000,1180555,8688888802,15427769776,2222222,9444432,0,9444448,18888880,0.850000,1000000000,850000000
baseline,500000000,783,850000000,1180555,8699999913,15446658656,2222222,9444432,0,9444448,18888880,0.850000,1000000000,850000000
baseline,500000000,784,850000000,1180555,8711111024,15465547536,2222222,9444432,0,9444448,18888880,0.850000,1000000000,850000000
baseline,500000000,785,850000000,1180555,8722222135,15484436416,2222222,9444432,0,9444448,18888880,0.850000,1000000000,850000000
baseline,500000000,786,850000000,1180555,8733333246,15503325296,2222222,9444432,0,9444448,18888880,0.850000,1000000000,850000000
baseline,500000000,787,850000000,1180555,8744444357,15522214176,2222222,9444432,0,9444448,18888880,0.850000,1000000000,850000000
baseline,500000000,788,850000000,1180555,8755555468,15541103056,2222222,9444432,0,9444448,18888880,0.850000,1000000000,850000000
baseline,500000000,789,850000000,1180555,8766666579,15559991936,2222222,9444432,0,9444448,18888880,0.850000,1000000000,850000000
baseline,500000000,790,850000000,1180555,8777777690,15578880816,2222222,9444432,0,9444448,18888880,0.850000,1000000000,850000000
baseline,500000000,791,850000000,1180555,8788888801,15597769696,2222222,9444432,0,9444448,18888880,0.850000,1000000000,850000000
baseline,500000000,792,850000000,1180555,8799999912,15616658576,2222222,9444432,0,9444448,18888880,0.850000,1000000000,850000000
baseline,500000000,793,850000000,1180555,8811111023,15635547456,2222222,9444432,0,9444448,18888880,0.850000,1000000000,850000000
baseline,500000000,794,850000000,1180555,8822222134,15654436336,2222222,9444432,0,9444448,18888880,0.850000,1000000000,850000000
baseline,500000000,795,850000000,1180555,8833333245,15673325216,2222222,9444432,0,9444448,18888880,0.850000,1000000000,850000000
baseline,500000000,796,850000000,1180555,8844444356,15692214096,2222222,9444432,0,9444448,18888880,0.850000,1000000000,850000000
baseline,500000000,797,850000000,1180555,8855555467,15711102976,2222222,9444432,0,9444448,18888880,0.850000,1000000000,850000000
baseline,500000000,798,850000000,1180555,8866666578,15729991856,2222222,9444432,0,9444448,18888880,0.850000,1000000000,850000000
baseline,500000000,799,850000000,1180555,8877777689,15748880736,2222222,9444432,0,9444448,18888880,0.850000,1000000000,850000000
baseline,500000000,800,850000000,1180555,8888888800,15767769616,2222222,9444432,0,9444448,18888880,0.850000,1000000000,850000000
baseline,500000000,801,850000000,1180555,8899999911,15786658496,2222222,9444432,0,9444448,18888880,0.850000,1000000000,850000000
baseline,500000000,802,850000000,1180555,8911111022,15805547376,2222222,9444432,0,9444448,18888880,0.850000,1000000000,850000000
baseline,500000000,803,850000000,1180555,8922222133,15824436256,2222222,9444432,0,9444448,18888880,0.850000,1000000000,850000000
baseline,500000000,804,850000000,1180555,8933333244,15843325136,2222222,9444432,0,9444448,18888880,0.850000,1000000000,850000000
baseline,500000000,805,850000000,1180555,8944444355,15862214016,2222222,9444432,0,9444448,18888880,0.850000,1000000000,850000000
baseline,500000000,806,850000000,1180555,8955555466,15881102896,2222222,9444432,0,9444448,18888880,0.850000,1000000000,850000000
baseline,500000000,807,850000000,1180555,8966666577,15899991776,2222222,9444432,0,9444448,18888880,0.850000,1000000000,850000000
baseline,500000000,808,850000000,1180555,8977777688,15918880656,2222222,9444432,0,9444448,18888880,0.850000,1000000000,850000000
baseline,500000000,809,850000000,1180555,8988888799,15937769536,2222222,9444432,0,9444448,18888880,0.850000,1000000000,850000000
baseline,500000000,810,850000000,1180555,8999999910,15956658416,2222222,9444432,0,9444448,18888880,0.850000,1000000000,850000000
baseline,500000000,811,850000000,1180555,9011111021,15975547296,2222222,9444432,0,9444448,18888880,0.850000,1000000000,850000000
baseline,500000000,812,850000000,1180555,9022222132,15994436176,2222222,9444432,0,9444448,18888880,0.850000,1000000000,850000000
baseline,500000000,813,850000000,1180555,9033333243,16013325056,2222222,9444432,0,9444448,18888880,0.850000,1000000000,850000000
baseline,500000000,814,850000000,1180555,9044444354,16032213936,2222222,9444432,0,9444448,18888880,0.850000,1000000000,850000000
baseline,500000000,815,850000000,1180555,9055555465,16051102816,2222222,9444432,0,9444448,18888880,0.850000,1000000000,850000000
baseline,500000000,816,850000000,1180555,9066666576,16069991696,2222222,9444432,0,9444448,18888880,0.850000,1000000000,850000000
baseline,500000000,817,850000000,1180555,9077777687,16088880576,2222222,9444432,0,9444448,18888880,0.850000,1000000000,850000000
baseline,500000000,818,850000000,1180555,9088888798,16107769456,2222222,9444432,0,9444448,18888880,0.850000,1000000000,850000000
baseline,500000000,819,850000000,1180555,9099999909,16126658336,2222222,9444432,0,9444448,18888880,0.850000,1000000000,850000000
baseline,500000000,820,850000000,1180555,9111111020,16145547216,2222222,9444432,0,9444448,18888880,0.850000,1000000000,850000000
baseline,500000000,821,850000000,1180555,9122222131,16164436096,2222222,9444432,0,9444448,18888880,0.850000,1000000000,850000000
baseline,500000000,822,850000000,1180555,9133333242,16183324976,2222222,9444432,0,9444448,18888880,0.850000,1000000000,850000000
baseline,500000000,823,850000000,1180555,9144444353,16202213856,2222222,9444432,0,9444448,18888880,0.850000,1000000000,850000000
baseline,500000000,824,850000000,1180555,9155555464,16221102736,2222222,9444432,0,9444448,18888880,0.850000,1000000000,850000000
baseline,500000000,825,850000000,1180555,9166666575,16239991616,2222222,9444432,0,9444448,18888880,0.850000,1000000000,850000000
baseline,500000000,826,850000000,1180555,9177777686,16258880496,2222222,9444432,0,9444448,18888880,0.850000,1000000000,850000000
baseline,500000000,827,850000000,1180555,9188888797,16277769376,2222222,9444432,0,9444448,18888880,0.850000,1000000000,850000000
baseline,500000000,828,850000000,1180555,9199999908,16296658256,2222222,9444432,0,9444448,18888880,0.850000,1000000000,850000000
baseline,500000000,829,850000000,1180555,9211111019,16315547136,2222222,9444432,0,9444448,18888880,0.850000,1000000000,850000000
baseline,500000000,830,850000000,1180555,9222222130,16334436016,2222222,9444432,0,9444448,18888880,0.850000,1000000000,850000000
baseline,500000000,831,850000000,1180555,9233333241,16353324896,2222222,9444432,0,9444448,18888880,0.850000,1000000000,850000000
baseline,500000000,832,850000000,1180555,9244444352,16372213776,2222222,9444432,0,9444448,18888880,0.850000,1000000000,850000000
baseline,500000000,833,850000000,1180555,9255555463,16391102656,2222222,9444432,0,9444448,18888880,0.850000,1000000000,850000000
baseline,500000000,834,850000000,1180555,9266666574,16409991536,2222222,9444432,0,9444448,18888880,0.850000,1000000000,850000000
baseline,500000000,835,850000000,1180555,9277777685,16428880416,2222222,9444432,0,9444448,18888880,0.850000,1000000000,850000000
baseline,500000000,836,850000000,1180555,9288888796,16447769296,2222222,9444432,0,9444448,18888880,0.850000,1000000000,850000000
baseline,500000000,837,850000000,1180555,9299999907,16466658176,2222222,9444432,0,9444448,18888880,0.850000,1000000000,850000000
baseline,500000000,838,850000000,1180555,9311111018,16485547056,2222222,9444432,0,9444448,18888880,0.850000,1000000000,850000000
baseline,500000000,839,850000000,1180555,9322222129,16504435936,2222222,9444432,0,9444448,18888880,0.850000,1000000000,850000000
baseline,500000000,840,850000000,1180555,9333333240,16523324816,2222222,9444432,0,9444448,18888880,0.850000,1000000000,850000000
baseline,500000000,841,850000000,1180555,9344444351,16542213696,2222222,9444432,0,9444448,18888880,0.850000,1000000000,850000000
baseline,500000000,842,850000000,1180555,9355555462,16561102576,2222222,9444432,0,9444448,18888880,0.850000,1000000000,850000000
baseline,500000000,843,850000000,1180555,9366666573,16579991456,2222222,9444432,0,9444448,18888880,0.850000,1000000000,850000000
baseline,500000000,844,850000000,1180555,9377777684,16598880336,2222222,9444432,0,9444448,18888880,0.850000,1000000000,850000000
baseline,500000000,845,850000000,1180555,9388888795,16617769216,2222222,9444432,0,9444448,18888880,0.850000,1000000000,850000000
baseline,500000000,846,850000000,1180555,9399999906,16636658096,2222222,9444432,0,9444448,18888880,0.850000,1000000000,850000000
baseline,500000000,847,850000000,1180555,9411111017,16655546976,2222222,9444432,0,9444448,18888880,0.850000,1000000000,850000000
baseline,500000000,848,850000000,1180555,9422222128,16674435856,2222222,9444432,0,9444448,18888880,0.850000,1000000000,850000000
baseline,500000000,849,850000000,1180555,9433333239,16693324736,2222222,9444432,0,9444448,18888880,0.850000,1000000000,850000000
baseline,500000000,850,850000000,1180555,9444444350,16712213616,2222222,9444432,0,9444448,18888880,0.850000,1000000000,850000000
baseline,500000000,851,850000000,1180555,9455555461,16731102496,2222222,9444432,0,9444448,18888880,0.850000,1000000000,850000000
baseline,500000000,852,850000000,1180555,9466666572,16749991376,2222222,9444432,0,9444448,18888880,0.850000,1000000000,850000000
baseline,500000000,853,850000000,1180555,9477777683,16768880256,2222222,9444432,0,9444448,18888880,0.850000,1000000000,850000000
baseline,500000000,854,850000000,1180555,9488888794,16787769136,2222222,9444432,0,9444448,18888880,0.850000,1000000000,850000000
baseline,500000000,855,850000000,1180555,9499999905,16806658016,2222222,9444432,0,9444448,18888880,0.850000,1000000000,850000000
baseline,500000000,856,850000000,1180555,9511111016,16825546896,2222222,9444432,0,9444448,18888880,0.850000,1000000000,850000000
baseline,500000000,857,850000000,1180555,9522222127,16844435776,2222222,9444432,0,9444448,18888880,0.850000,1000000000,850000000
baseline,500000000,858,850000000,1180555,9533333238,16863324656,2222222,9444432,0,9444448,18888880,0.850000,1000000000,850000000
baseline,500000000,859,850000000,1180555,9544444349,16882213536,2222222,9444432,0,9444448,18888880,0.850000,1000000000,850000000
baseline,500000000,860,850000000,1180555,9555555460,16901102416,2222222,9444432,0,9444448,18888880,0.850000,1000000000,850000000
baseline,500000000,861,850000000,1180555,9566666571,16919991296,2222222,9444432,0,9444448,18888880,0.850000,1000000000,850000000
baseline,500000000,862,850000000,1180555,9577777682,16938880176,2222222,9444432,0,9444448,18888880,0.850000,1000000000,850000000
baseline,500000000,863,850000000,1180555,9588888793,16957769056,2222222,9444432,0,9444448,18888880,0.850000,1000000000,850000000
baseline,500000000,864,850000000,1180555,9599999904,16976657936,2222222,9444432,0,9444448,18888880,0.850000,1000000000,850000000
baseline,500000000,865,850000000,1180555,9611111015,16995546816,2222222,9444432,0,9444448,18888880,0.850000,1000000000,850000000
baseline,500000000,866,850000000,1180555,9622222126,17014435696,2222222,9444432,0,9444448,18888880,0.850000,1000000000,850000000
baseline,500000000,867,850000000,1180555,9633333237,17033324576,2222222,9444432,0,9444448,18888880,0.850000,1000000000,850000000
baseline,500000000,868,850000000,1180555,9644444348,17052213456,2222222,9444432,0,9444448,18888880,0.850000,1000000000,850000000
baseline,500000000,869,850000000,1180555,9655555459,17071102336,2222222,9444432,0,9444448,18888880,0.850000,1000000000,850000000
baseline,500000000,870,850000000,1180555,9666666570,17089991216,2222222,9444432,0,9444448,18888880,0.850000,1000000000,850000000
baseline,500000000,871,850000000,1180555,9677777681,17108880096,2222222,9444432,0,9444448,18888880,0.850000,1000000000,850000000
baseline,500000000,872,850000000,1180555,9688888792,17127768976,2222222,9444432,0,9444448,18888880,0.850000,1000000000,850000000
baseline,500000000,873,850000000,1180555,9699999903,17146657856,2222222,9444432,0,9444448,18888880,0.850000,1000000000,850000000
baseline,500000000,874,850000000,1180555,9711111014,17165546736,2222222,9444432,0,9444448,18888880,0.850000,1000000000,850000000
baseline,500000000,875,850000000,1180555,9722222125,17184435616,2222222,9444432,0,9444448,18888880,0.850000,1000000000,850000000
baseline,500000000,876,850000000,1180555,9733333236,17203324496,2222222,9444432,0,9444448,18888880,0.850000,1000000000,850000000
baseline,500000000,877,850000000,1180555,9744444347,17222213376,2222222,9444432,0,9444448,18888880,0.850000,1000000000,850000000
baseline,500000000,878,850000000,1180555,9755555458,17241102256,2222222,9444432,0,9444448,18888880,0.850000,1000000000,850000000
baseline,500000000,879,850000000,1180555,9766666569,17259991136,2222222,9444432,0,9444448,18888880,0.850000,1000000000,850000000
baseline,500000000,880,850000000,1180555,9777777680,17278880016,2222222,9444432,0,9444448,18888880,0.850000,1000000000,850000000
baseline,500000000,881,850000000,1180555,9788888791,17297768896,2222222,9444432,0,9444448,18888880,0.850000,1000000000,850000000
baseline,500000000,882,850000000,1180555,9799999902,17316657776,2222222,9444432,0,9444448,18888880,0.850000,1000000000,850000000
baseline,500000000,883,850000000,1180555,9811111013,17335546656,2222222,9444432,0,9444448,18888880,0.850000,1000000000,850000000
baseline,500000000,884,850000000,1180555,9822222124,17354435536,2222222,9444432,0,9444448,18888880,0.850000,1000000000,850000000
baseline,500000000,885,850000000,1180555,9833333235,17373324416,2222222,9444432,0,9444448,18888880,0.850000,1000000000,850000000
baseline,500000000,886,850000000,1180555,9844444346,17392213296,2222222,9444432,0,9444448,18888880,0.850000,1000000000,850000000
baseline,500000000,887,850000000,1180555,9855555457,17411102176,2222222,9444432,0,9444448,18888880,0.850000,1000000000,850000000
baseline,500000000,888,850000000,1180555,9866666568,17429991056,2222222,9444432,0,9444448,18888880,0.850000,1000000000,850000000
baseline,500000000,889,850000000,1180555,9877777679,17448879936,2222222,9444432,0,9444448,18888880,0.850000,1000000000,850000000
baseline,500000000,890,850000000,1180555,9888888790,17467768816,2222222,9444432,0,9444448,18888880,0.850000,1000000000,850000000
baseline,500000000,891,850000000,1180555,9899999901,17486657696,2222222,9444432,0,9444448,18888880,0.850000,1000000000,850000000
baseline,500000000,892,850000000,1180555,9911111012,17505546576,2222222,9444432,0,9444448,18888880,0.850000,1000000000,850000000
baseline,500000000,893,850000000,1180555,9922222123,17524435456,2222222,9444432,0,9444448,18888880,0.850000,1000000000,850000000
baseline,500000000,894,850000000,1180555,9933333234,17543324336,2222222,9444432,0,9444448,18888880,0.850000,1000000000,850000000
baseline,500000000,895,850000000,1180555,9944444345,17562213216,2222222,9444432,0,9444448,18888880,0.850000,1000000000,850000000
baseline,500000000,896,850000000,1180555,9955555456,17581102096,2222222,9444432,0,9444448,18888880,0.850000,1000000000,850000000
baseline,500000000,897,850000000,1180555,9966666567,17599990976,2222222,9444432,0,9444448,18888880,0.850000,1000000000,850000000
baseline,500000000,898,850000000,1180555,9977777678,17618879856,2222222,9444432,0,9444448,18888880,0.850000,1000000000,850000000
baseline,500000000,899,850000000,1180555,9988888789,17637768736,2222222,9444432,0,9444448,18888880,0.850000,1000000000,850000000
baseline,500000000,900,850000000,1180555,9999999900,17656657616,2222222,9444432,0,9444448,18888880,0.850000,1000000000,850000000
baseline,500000000,901,850000000,1180555,10011111011,17675546496,2222222,9444432,0,9444448,18888880,0.850000,1000000000,850000000
baseline,500000000,902,850000000,1180555,10022222122,17694435376,2222222,9444432,0,9444448,18888880,0.850000,1000000000,850000000
baseline,500000000,903,850000000,1180555,10033333233,17713324256,2222222,9444432,0,9444448,18888880,0.850000,1000000000,850000000
baseline,500000000,904,850000000,1180555,10044444344,17732213136,2222222,9444432,0,9444448,18888880,0.850000,1000000000,850000000
baseline,500000000,905,850000000,1180555,10055555455,17751102016,2222222,9444432,0,9444448,18888880,0.850000,1000000000,850000000
baseline,500000000,906,850000000,1180555,10066666566,17769990896,2222222,9444432,0,9444448,18888880,0.850000,1000000000,850000000
baseline,500000000,907,850000000,1180555,10077777677,17788879776,2222222,9444432,0,9444448,18888880,0.850000,1000000000,850000000
baseline,500000000,908,850000000,1180555,10088888788,17807768656,2222222,9444432,0,9444448,18888880,0.850000,1000000000,850000000
baseline,500000000,909,850000000,1180555,10099999899,17826657536,2222222,9444432,0,9444448,18888880,0.850000,1000000000,850000000
baseline,500000000,910,850000000,1180555,10111111010,17845546416,2222222,9444432,0,9444448,18888880,0.850000,1000000000,850000000
baseline,500000000,911,850000000,1180555,10122222121,17864435296,2222222,9444432,0,9444448,18888880,0.850000,1000000000,850000000
baseline,500000000,912,850000000,1180555,10133333232,17883324176,2222222,9444432,0,9444448,18888880,0.850000,1000000000,850000000
baseline,500000000,913,850000000,1180555,10144444343,17902213056,2222222,9444432,0,9444448,18888880,0.850000,1000000000,850000000
baseline,500000000,914,850000000,1180555,10155555454,17921101936,2222222,9444432,0,9444448,18888880,0.850000,1000000000,850000000
baseline,500000000,915,850000000,1180555,10166666565,17939990816,2222222,9444432,0,9444448,18888880,0.850000,1000000000,850000000
baseline,500000000,916,850000000,1180555,10177777676,17958879696,2222222,9444432,0,9444448,18888880,0.850000,1000000000,850000000
baseline,500000000,917,850000000,1180555,10188888787,17977768576,2222222,9444432,0,9444448,18888880,0.850000,1000000000,850000000
baseline,500000000,918,850000000,1180555,10199999898,17996657456,2222222,9444432,0,9444448,18888880,0.850000,1000000000,850000000
baseline,500000000,919,850000000,1180555,10211111009,18015546336,2222222,9444432,0,9444448,18888880,0.850000,1000000000,850000000
baseline,500000000,920,850000000,1180555,10222222120,18034435216,2222222,9444432,0,9444448,18888880,0.850000,1000000000,850000000
baseline,500000000,921,850000000,1180555,10233333231,18053324096,2222222,9444432,0,9444448,18888880,0.850000,1000000000,850000000
baseline,500000000,922,850000000,1180555,10244444342,18072212976,2222222,9444432,0,9444448,18888880,0.850000,1000000000,850000000
baseline,500000000,923,850000000,1180555,10255555453,18091101856,2222222,9444432,0,9444448,18888880,0.850000,1000000000,850000000
baseline,500000000,924,850000000,1180555,10266666564,18109990736,2222222,9444432,0,9444448,18888880,0.850000,1000000000,850000000
baseline,500000000,925,850000000,1180555,10277777675,18128879616,2222222,9444432,0,9444448,18888880,0.850000,1000000000,850000000
baseline,500000000,926,850000000,1180555,10288888786,18147768496,2222222,9444432,0,9444448,18888880,0.850000,1000000000,850000000
baseline,500000000,927,850000000,1180555,10299999897,18166657376,2222222,9444432,0,9444448,18888880,0.850000,1000000000,850000000
baseline,500000000,928,850000000,1180555,10311111008,18185546256,2222222,9444432,0,9444448,18888880,0.850000,1000000000,850000000
baseline,500000000,929,850000000,1180555,10322222119,18204435136,2222222,9444432,0,9444448,18888880,0.850000,1000000000,850000000
baseline,500000000,930,850000000,1180555,10333333230,18223324016,2222222,9444432,0,9444448,18888880,0.850000,1000000000,850000000
baseline,500000000,931,850000000,1180555,10344444341,18242212896,2222222,9444432,0,9444448,18888880,0.850000,1000000000,850000000
baseline,500000000,932,850000000,1180555,10355555452,18261101776,2222222,9444432,0,9444448,18888880,0.850000,1000000000,850000000
baseline,500000000,933,850000000,1180555,10366666563,18279990656,2222222,9444432,0,9444448,18888880,0.850000,1000000000,850000000
baseline,500000000,934,850000000,1180555,10377777674,18298879536,2222222,9444432,0,9444448,18888880,0.850000,1000000000,850000000
baseline,500000000,935,850000000,1180555,10388888785,18317768416,2222222,9444432,0,9444448,18888880,0.850000,1000000000,850000000
baseline,500000000,936,850000000,1180555,10399999896,18336657296,2222222,9444432,0,9444448,18888880,0.850000,1000000000,850000000
baseline,500000000,937,850000000,1180555,10411111007,18355546176,2222222,9444432,0,9444448,18888880,0.850000,1000000000,850000000
baseline,500000000,938,850000000,1180555,10422222118,18374435056,2222222,9444432,0,9444448,18888880,0.850000,1000000000,850000000
baseline,500000000,939,850000000,1180555,10433333229,18393323936,2222222,9444432,0,9444448,18888880,0.850000,1000000000,850000000
baseline,500000000,940,850000000,1180555,10444444340,18412212816,2222222,9444432,0,9444448,18888880,0.850000,1000000000,850000000
baseline,500000000,941,850000000,1180555,10455555451,18431101696,2222222,9444432,0,9444448,18888880,0.850000,1000000000,850000000
baseline,500000000,942,850000000,1180555,10466666562,18449990576,2222222,9444432,0,9444448,18888880,0.850000,1000000000,850000000
baseline,500000000,943,850000000,1180555,10477777673,18468879456,2222222,9444432,0,9444448,18888880,0.850000,1000000000,850000000
baseline,500000000,944,850000000,1180555,10488888784,18487768336,2222222,9444432,0,9444448,18888880,0.850000,1000000000,850000000
baseline,500000000,945,850000000,1180555,10499999895,18506657216,2222222,9444432,0,9444448,18888880,0.850000,1000000000,850000000
baseline,500000000,946,850000000,1180555,10511111006,18525546096,2222222,9444432,0,9444448,18888880,0.850000,1000000000,850000000
baseline,500000000,947,850000000,1180555,10522222117,18544434976,2222222,9444432,0,9444448,18888880,0.850000,1000000000,850000000
baseline,500000000,948,850000000,1180555,10533333228,18563323856,2222222,9444432,0,9444448,18888880,0.850000,1000000000,850000000
baseline,500000000,949,850000000,1180555,10544444339,18582212736,2222222,9444432,0,9444448,18888880,0.850000,1000000000,850000000
baseline,500000000,950,850000000,1180555,10555555450,18601101616,2222222,9444432,0,9444448,18888880,0.850000,1000000000,850000000
baseline,500000000,951,850000000,1180555,10566666561,18619990496,2222222,9444432,0,9444448,18888880,0.850000,1000000000,850000000
baseline,500000000,952,850000000,1180555,10577777672,18638879376,2222222,9444432,0,9444448,18888880,0.850000,1000000000,850000000
baseline,500000000,953,850000000,1180555,10588888783,18657768256,2222222,9444432,0,9444448,18888880,0.850000,1000000000,850000000
baseline,500000000,954,850000000,1180555,10599999894,18676657136,2222222,9444432,0,9444448,18888880,0.850000,1000000000,850000000
baseline,500000000,955,850000000,1180555,10611111005,18695546016,2222222,9444432,0,9444448,18888880,0.850000,1000000000,850000000
baseline,500000000,956,850000000,1180555,10622222116,18714434896,2222222,9444432,0,9444448,18888880,0.850000,1000000000,850000000
baseline,500000000,957,850000000,1180555,10633333227,18733323776,2222222,9444432,0,9444448,18888880,0.850000,1000000000,850000000
baseline,500000000,958,850000000,1180555,10644444338,18752212656,2222222,9444432,0,9444448,18888880,0.850000,1000000000,850000000
baseline,500000000,959,850000000,1180555,10655555449,18771101536,2222222,9444432,0,9444448,18888880,0.850000,1000000000,850000000
baseline,500000000,960,850000000,1180555,10666666560,18789990416,2222222,9444432,0,9444448,18888880,0.850000,1000000000,850000000
baseline,500000000,961,850000000,1180555,10677777671,18808879296,2222222,9444432,0,9444448,18888880,0.850000,1000000000,850000000
baseline,500000000,962,850000000,1180555,10688888782,18827768176,2222222,9444432,0,9444448,18888880,0.850000,1000000000,850000000
baseline,500000000,963,850000000,1180555,10699999893,18846657056,2222222,9444432,0,9444448,18888880,0.850000,1000000000,850000000
baseline,500000000,964,850000000,1180555,10711111004,18865545936,2222222,9444432,0,9444448,18888880,0.850000,1000000000,850000000
baseline,500000000,965,850000000,1180555,10722222115,18884434816,2222222,9444432,0,9444448,18888880,0.850000,1000000000,850000000
baseline,500000000,966,850000000,1180555,10733333226,18903323696,2222222,9444432,0,9444448,18888880,0.850000,1000000000,850000000
baseline,500000000,967,850000000,1180555,10744444337,18922212576,2222222,9444432,0,9444448,18888880,0.850000,1000000000,850000000
baseline,500000000,968,850000000,1180555,10755555448,18941101456,2222222,9444432,0,9444448,18888880,0.850000,1000000000,850000000
baseline,500000000,969,850000000,1180555,10766666559,18959990336,2222222,9444432,0,9444448,18888880,0.850000,1000000000,850000000
baseline,500000000,970,850000000,1180555,10777777670,18978879216,2222222,9444432,0,9444448,18888880,0.850000,1000000000,850000000
baseline,500000000,971,850000000,1180555,10788888781,18997768096,2222222,9444432,0,9444448,18888880,0.850000,1000000000,850000000
baseline,500000000,972,850000000,1180555,10799999892,19016656976,2222222,9444432,0,9444448,18888880,0.850000,1000000000,850000000
baseline,500000000,973,850000000,1180555,10811111003,19035545856,2222222,9444432,0,9444448,18888880,0.850000,1000000000,850000000
baseline,500000000,974,850000000,1180555,10822222114,19054434736,2222222,9444432,0,9444448,18888880,0.850000,1000000000,850000000
baseline,500000000,975,850000000,1180555,10833333225,19073323616,2222222,9444432,0,9444448,18888880,0.850000,1000000000,850000000
baseline,500000000,976,850000000,1180555,10844444336,19092212496,2222222,9444432,0,9444448,18888880,0.850000,1000000000,850000000
baseline,500000000,977,850000000,1180555,10855555447,19111101376,2222222,9444432,0,9444448,18888880,0.850000,1000000000,850000000
baseline,500000000,978,850000000,1180555,10866666558,19129990256,2222222,9444432,0,9444448,18888880,0.850000,1000000000,850000000
baseline,500000000,979,850000000,1180555,10877777669,19148879136,2222222,9444432,0,9444448,18888880,0.850000,1000000000,850000000
baseline,500000000,980,850000000,1180555,10888888780,19167768016,2222222,9444432,0,9444448,18888880,0.850000,1000000000,850000000
baseline,500000000,981,850000000,1180555,10899999891,19186656896,2222222,9444432,0,9444448,18888880,0.850000,1000000000,850000000
baseline,500000000,982,850000000,1180555,10911111002,19205545776,2222222,9444432,0,9444448,18888880,0.850000,1000000000,850000000
baseline,500000000,983,850000000,1180555,10922222113,19224434656,2222222,9444432,0,9444448,18888880,0.850000,1000000000,850000000
baseline,500000000,984,850000000,1180555,10933333224,19243323536,2222222,9444432,0,9444448,18888880,0.850000,1000000000,850000000
baseline,500000000,985,850000000,1180555,10944444335,19262212416,2222222,9444432,0,9444448,18888880,0.850000,1000000000,850000000
baseline,500000000,986,850000000,1180555,10955555446,19281101296,2222222,9444432,0,9444448,18888880,0.850000,1000000000,850000000
baseline,500000000,987,850000000,1180555,10966666557,19299990176,2222222,9444432,0,9444448,18888880,0.850000,1000000000,850000000
baseline,500000000,988,850000000,1180555,10977777668,19318879056,2222222,9444432,0,9444448,18888880,0.850000,1000000000,850000000
baseline,500000000,989,850000000,1180555,10988888779,19337767936,2222222,9444432,0,9444448,18888880,0.850000,1000000000,850000000
baseline,500000000,990,850000000,1180555,10999999890,19356656816,2222222,9444432,0,9444448,18888880,0.850000,1000000000,850000000
baseline,500000000,991,850000000,1180555,11011111001,19375545696,2222222,9444432,0,9444448,18888880,0.850000,1000000000,850000000
baseline,500000000,992,850000000,1180555,11022222112,19394434576,2222222,9444432,0,9444448,18888880,0.850000,1000000000,850000000
baseline,500000000,993,850000000,1180555,11033333223,19413323456,2222222,9444432,0,9444448,18888880,0.850000,1000000000,850000000
baseline,500000000,994,850000000,1180555,11044444334,19432212336,2222222,9444432,0,9444448,18888880,0.850000,1000000000,850000000
baseline,500000000,995,850000000,1180555,11055555445,19451101216,2222222,9444432,0,9444448,18888880,0.850000,1000000000,850000000
baseline,500000000,996,850000000,1180555,11066666556,19469990096,2222222,9444432,0,9444448,18888880,0.850000,1000000000,850000000
baseline,500000000,997,850000000,1180555,11077777667,19488878976,2222222,9444432,0,9444448,18888880,0.850000,1000000000,850000000
baseline,500000000,998,850000000,1180555,11088888778,19507767856,2222222,9444432,0,9444448,18888880,0.850000,1000000000,850000000
baseline,500000000,999,850000000,1180555,11099999889,19526656736,2222222,9444432,0,9444448,18888880,0.850000,1000000000,850000000
baseline,500000000,1000,850000000,1180555,11111111000,19545545616,2222222,9444432,0,9444448,18888880,0.850000,1000000000,850000000
baseline,500000000,1001,850000000,1180555,11122222111,19564434496,2222222,9444432,0,9444448,18888880,0.850000,1000000000,850000000
baseline,500000000,1002,850000000,1180555,11133333222,19583323376,2222222,9444432,0,9444448,18888880,0.850000,1000000000,850000000
baseline,500000000,1003,850000000,1180555,11144444333,19602212256,2222222,9444432,0,9444448,18888880,0.850000,1000000000,850000000
baseline,500000000,1004,850000000,1180555,11155555444,19621101136,2222222,9444432,0,9444448,18888880,0.850000,1000000000,850000000
baseline,500000000,1005,850000000,1180555,11166666555,19639990016,2222222,9444432,0,9444448,18888880,0.850000,1000000000,850000000
baseline,500000000,1006,850000000,1180555,11177777666,19658878896,2222222,9444432,0,9444448,18888880,0.850000,1000000000,850000000
baseline,500000000,1007,850000000,1180555,11188888777,19677767776,2222222,9444432,0,9444448,18888880,0.850000,1000000000,850000000
baseline,500000000,1008,850000000,1180555,11199999888,19696656656,2222222,9444432,0,9444448,18888880,0.850000,1000000000,850000000
baseline,500000000,1009,850000000,1180555,11211110999,19715545536,2222222,9444432,0,9444448,18888880,0.850000,1000000000,850000000
baseline,500000000,1010,850000000,1180555,11222222110,19734434416,2222222,9444432,0,9444448,18888880,0.850000,1000000000,850000000
baseline,500000000,1011,850000000,1180555,11233333221,19753323296,2222222,9444432,0,9444448,18888880,0.850000,1000000000,850000000
baseline,500000000,1012,850000000,1180555,11244444332,19772212176,2222222,9444432,0,9444448,18888880,0.850000,1000000000,850000000
baseline,500000000,1013,850000000,1180555,11255555443,19791101056,2222222,9444432,0,9444448,18888880,0.850000,1000000000,850000000
baseline,500000000,1014,850000000,1180555,11266666554,19809989936,2222222,9444432,0,9444448,18888880,0.850000,1000000000,850000000
baseline,500000000,1015,850000000,1180555,11277777665,19828878816,2222222,9444432,0,9444448,18888880,0.850000,1000000000,850000000
baseline,500000000,1016,850000000,1180555,11288888776,19847767696,2222222,9444432,0,9444448,18888880,0.850000,1000000000,850000000
baseline,500000000,1017,850000000,1180555,11299999887,19866656576,2222222,9444432,0,9444448,18888880,0.850000,1000000000,850000000
baseline,500000000,1018,850000000,1180555,11311110998,19885545456,2222222,9444432,0,9444448,18888880,0.850000,1000000000,850000000
baseline,500000000,1019,850000000,1180555,11322222109,19904434336,2222222,9444432,0,9444448,18888880,0.850000,1000000000,850000000
baseline,500000000,1020,850000000,1180555,11333333220,19923323216,2222222,9444432,0,9444448,18888880,0.850000,1000000000,1000000000
baseline,500000000,1021,1000000000,1388888,11344444331,19942212096,2222222,11111104,0,11111104,22222208,0.999999,1000000000,1000000000
baseline,500000000,1022,1000000000,1388888,11355555442,19964434304,2222222,11111104,0,11111104,22222208,0.999999,1000000000,1000000000
baseline,500000000,1023,1000000000,1388888,11366666553,19986656512,2222222,11111104,0,11111104,22222208,0.999999,1000000000,1000000000
baseline,500000000,1024,1000000000,1388888,11377777664,20008878720,2222222,11111104,0,11111104,22222208,0.999999,1000000000,1000000000
baseline,500000000,1025,1000000000,1388888,11388888775,20031100928,2222222,11111104,0,11111104,22222208,0.999999,1000000000,1000000000
baseline,500000000,1026,1000000000,1388888,11399999886,20053323136,2222222,11111104,0,11111104,22222208,0.999999,1000000000,1000000000
baseline,500000000,1027,1000000000,1388888,11411110997,20075545344,2222222,11111104,0,11111104,22222208,0.999999,1000000000,1000000000
baseline,500000000,1028,1000000000,1388888,11422222108,20097767552,2222222,11111104,0,11111104,22222208,0.999999,1000000000,1000000000
baseline,500000000,1029,1000000000,1388888,11433333219,20119989760,2222222,11111104,0,11111104,22222208,0.999999,1000000000,1000000000
baseline,500000000,1030,1000000000,1388888,11444444330,20142211968,2222222,11111104,0,11111104,22222208,0.999999,1000000000,1000000000
baseline,500000000,1031,1000000000,1388888,11455555441,20164434176,2222222,11111104,0,11111104,22222208,0.999999,1000000000,1000000000
baseline,500000000,1032,1000000000,1388888,11466666552,20186656384,2222222,11111104,0,11111104,22222208,0.999999,1000000000,1000000000
baseline,500000000,1033,1000000000,1388888,11477777663,20208878592,2222222,11111104,0,11111104,22222208,0.999999,1000000000,1000000000
baseline,500000000,1034,1000000000,1388888,11488888774,20231100800,2222222,11111104,0,11111104,22222208,0.999999,1000000000,1000000000
baseline,500000000,1035,1000000000,1388888,11499999885,20253323008,2222222,11111104,0,11111104,22222208,0.999999,1000000000,1000000000
baseline,500000000,1036,1000000000,1388888,11511110996,20275545216,2222222,11111104,0,11111104,22222208,0.999999,1000000000,1000000000
baseline,500000000,1037,1000000000,1388888,11522222107,20297767424,2222222,11111104,0,11111104,22222208,0.999999,1000000000,1000000000
baseline,500000000,1038,1000000000,1388888,11533333218,20319989632,2222222,11111104,0,11111104,22222208,0.999999,1000000000,1000000000
baseline,500000000,1039,1000000000,1388888,11544444329,20342211840,2222222,11111104,0,11111104,22222208,0.999999,1000000000,1000000000
baseline,500000000,1040,1000000000,1388888,11555555440,20364434048,2222222,11111104,0,11111104,22222208,0.999999,1000000000,1000000000
baseline,500000000,1041,1000000000,1388888,11566666551,20386656256,2222222,11111104,0,11111104,22222208,0.999999,1000000000,1000000000
baseline,500000000,1042,1000000000,1388888,11577777662,20408878464,2222222,11111104,0,11111104,22222208,0.999999,1000000000,1000000000
baseline,500000000,1043,1000000000,1388888,11588888773,20431100672,2222222,11111104,0,11111104,22222208,0.999999,1000000000,1000000000
baseline,500000000,1044,1000000000,1388888,11599999884,20453322880,2222222,11111104,0,11111104,22222208,0.999999,1000000000,1000000000
baseline,500000000,1045,1000000000,1388888,11611110995,20475545088,2222222,11111104,0,11111104,22222208,0.999999,1000000000,1000000000
baseline,500000000,1046,1000000000,1388888,11622222106,20497767296,2222222,11111104,0,11111104,22222208,0.999999,1000000000,1000000000
baseline,500000000,1047,1000000000,1388888,11633333217,20519989504,2222222,11111104,0,11111104,22222208,0.999999,1000000000,1000000000
baseline,500000000,1048,1000000000,1388888,11644444328,20542211712,2222222,11111104,0,11111104,22222208,0.999999,1000000000,1000000000
baseline,500000000,1049,1000000000,1388888,11655555439,20564433920,2222222,11111104,0,11111104,22222208,0.999999,1000000000,1000000000
baseline,500000000,1050,1000000000,1388888,11666666550,20586656128,2222222,11111104,0,11111104,22222208,0.999999,1000000000,1000000000
baseline,500000000,1051,1000000000,1388888,11677777661,20608878336,2222222,11111104,0,11111104,22222208,0.999999,1000000000,1000000000
baseline,500000000,1052,1000000000,1388888,11688888772,20631100544,2222222,11111104,0,11111104,22222208,0.999999,1000000000,1000000000
baseline,500000000,1053,1000000000,1388888,11699999883,20653322752,2222222,11111104,0,11111104,22222208,0.999999,1000000000,1000000000
baseline,500000000,1054,1000000000,1388888,11711110994,20675544960,2222222,11111104,0,11111104,22222208,0.999999,1000000000,1000000000
baseline,500000000,1055,1000000000,1388888,11722222105,20697767168,2222222,11111104,0,11111104,22222208,0.999999,1000000000,1000000000
baseline,500000000,1056,1000000000,1388888,11733333216,20719989376,2222222,11111104,0,11111104,22222208,0.999999,1000000000,1000000000
baseline,500000000,1057,1000000000,1388888,11744444327,20742211584,2222222,11111104,0,11111104,22222208,0.999999,1000000000,1000000000
baseline,500000000,1058,1000000000,1388888,11755555438,20764433792,2222222,11111104,0,11111104,22222208,0.999999,1000000000,1000000000
baseline,500000000,1059,1000000000,1388888,11766666549,20786656000,2222222,11111104,0,11111104,22222208,0.999999,1000000000,1000000000
baseline,500000000,1060,1000000000,1388888,11777777660,20808878208,2222222,11111104,0,11111104,22222208,0.999999,1000000000,1000000000
baseline,500000000,1061,1000000000,1388888,11788888771,20831100416,2222222,11111104,0,11111104,22222208,0.999999,1000000000,1000000000
baseline,500000000,1062,1000000000,1388888,11799999882,20853322624,2222222,11111104,0,11111104,22222208,0.999999,1000000000,1000000000
baseline,500000000,1063,1000000000,1388888,11811110993,20875544832,2222222,11111104,0,11111104,22222208,0.999999,1000000000,1000000000
baseline,500000000,1064,1000000000,1388888,11822222104,20897767040,2222222,11111104,0,11111104,22222208,0.999999,1000000000,1000000000
baseline,500000000,1065,1000000000,1388888,11833333215,20919989248,2222222,11111104,0,11111104,22222208,0.999999,1000000000,1000000000
baseline,500000000,1066,1000000000,1388888,11844444326,20942211456,2222222,11111104,0,11111104,22222208,0.999999,1000000000,1000000000
baseline,500000000,1067,1000000000,1388888,11855555437,20964433664,2222222,11111104,0,11111104,22222208,0.999999,1000000000,850000000
baseline,500000000,1068,850000000,1180555,11866666548,20986655872,2222222,9444432,0,9444448,18888880,0.850000,1000000000,850000000
baseline,500000000,1069,850000000,1180555,11877777659,21005544752,2222222,9444432,0,9444448,18888880,0.850000,1000000000,850000000
baseline,500000000,1070,850000000,1180555,11888888770,21024433632,2222222,9444432,0,9444448,18888880,0.850000,1000000000,850000000
baseline,500000000,1071,850000000,1180555,11899999881,21043322512,2222222,9444432,0,9444448,18888880,0.850000,1000000000,850000000
baseline,500000000,1072,850000000,1180555,11911110992,21062211392,2222222,9444432,0,9444448,18888880,0.850000,1000000000,850000000
baseline,500000000,1073,850000000,1180555,11922222103,21081100272,2222222,9444432,0,9444448,18888880,0.850000,1000000000,850000000
baseline,500000000,1074,850000000,1180555,11933333214,21099989152,2222222,9444432,0,9444448,18888880,0.850000,1000000000,850000000
baseline,500000000,1075,850000000,1180555,11944444325,21118878032,2222222,9444432,0,9444448,18888880,0.850000,1000000000,850000000
baseline,500000000,1076,850000000,1180555,11955555436,21137766912,2222222,9444432,0,9444448,18888880,0.850000,1000000000,850000000
baseline,500000000,1077,850000000,1180555,11966666547,21156655792,2222222,9444432,0,9444448,18888880,0.850000,1000000000,850000000
baseline,500000000,1078,850000000,1180555,11977777658,21175544672,2222222,9444432,0,9444448,18888880,0.850000,1000000000,850000000
baseline,500000000,1079,850000000,1180555,11988888769,21194433552,2222222,9444432,0,9444448,18888880,0.850000,1000000000,850000000
baseline,500000000,1080,850000000,1180555,11999999880,21213322432,2222222,9444432,0,9444448,18888880,0.850000,1000000000,850000000
baseline,500000000,1081,850000000,1180555,12011110991,21232211312,2222222,9444432,0,9444448,18888880,0.850000,1000000000,850000000
baseline,500000000,1082,850000000,1180555,12022222102,21251100192,2222222,9444432,0,9444448,18888880,0.850000,1000000000,850000000
baseline,500000000,1083,850000000,1180555,12033333213,21269989072,2222222,9444432,0,9444448,18888880,0.850000,1000000000,850000000
baseline,500000000,1084,850000000,1180555,12044444324,21288877952,2222222,9444432,0,9444448,18888880,0.850000,1000000000,850000000
baseline,500000000,1085,850000000,1180555,12055555435,21307766832,2222222,9444432,0,9444448,18888880,0.850000,1000000000,850000000
baseline,500000000,1086,850000000,1180555,12066666546,21326655712,2222222,9444432,0,9444448,18888880,0.850000,1000000000,850000000
baseline,500000000,1087,850000000,1180555,12077777657,21345544592,2222222,9444432,0,9444448,18888880,0.850000,1000000000,850000000
baseline,500000000,1088,850000000,1180555,12088888768,21364433472,2222222,9444432,0,9444448,18888880,0.850000,1000000000,850000000
baseline,500000000,1089,850000000,1180555,12099999879,21383322352,2222222,9444432,0,9444448,18888880,0.850000,1000000000,850000000
baseline,500000000,1090,850000000,1180555,12111110990,21402211232,2222222,9444432,0,9444448,18888880,0.850000,1000000000,850000000
baseline,500000000,1091,850000000,1180555,12122222101,21421100112,2222222,9444432,0,9444448,18888880,0.850000,1000000000,850000000
baseline,500000000,1092,850000000,1180555,12133333212,21439988992,2222222,9444432,0,9444448,18888880,0.850000,1000000000,850000000
baseline,500000000,1093,850000000,1180555,12144444323,21458877872,2222222,9444432,0,9444448,18888880,0.850000,1000000000,850000000
baseline,500000000,1094,850000000,1180555,12155555434,21477766752,2222222,9444432,0,9444448,18888880,0.850000,1000000000,850000000
baseline,500000000,1095,850000000,1180555,12166666545,21496655632,2222222,9444432,0,9444448,18888880,0.850000,1000000000,850000000
baseline,500000000,1096,850000000,1180555,12177777656,21515544512,2222222,9444432,0,9444448,18888880,0.850000,1000000000,850000000
baseline,500000000,1097,850000000,1180555,12188888767,21534433392,2222222,9444432,0,9444448,18888880,0.850000,1000000000,850000000
baseline,500000000,1098,850000000,1180555,12199999878,21553322272,2222222,9444432,0,9444448,18888880,0.850000,1000000000,850000000
baseline,500000000,1099,850000000,1180555,12211110989,21572211152,2222222,9444432,0,9444448,18888880,0.850000,1000000000,850000000
baseline,500000000,1100,850000000,1180555,12222222100,21591100032,2222222,9444432,0,9444448,18888880,0.850000,1000000000,850000000
baseline,500000000,1101,850000000,1180555,12233333211,21609988912,2222222,9444432,0,9444448,18888880,0.850000,1000000000,850000000
baseline,500000000,1102,850000000,1180555,12244444322,21628877792,2222222,9444432,0,9444448,18888880,0.850000,1000000000,850000000
baseline,500000000,1103,850000000,1180555,12255555433,21647766672,2222222,9444432,0,9444448,18888880,0.850000,1000000000,850000000
baseline,500000000,1104,850000000,1180555,12266666544,21666655552,2222222,9444432,0,9444448,18888880,0.850000,1000000000,850000000
baseline,500000000,1105,850000000,1180555,12277777655,21685544432,2222222,9444432,0,9444448,18888880,0.850000,1000000000,850000000
baseline,500000000,1106,850000000,1180555,12288888766,21704433312,2222222,9444432,0,9444448,18888880,0.850000,1000000000,850000000
baseline,500000000,1107,850000000,1180555,12299999877,21723322192,2222222,9444432,0,9444448,18888880,0.850000,1000000000,850000000
baseline,500000000,1108,850000000,1180555,12311110988,21742211072,2222222,9444432,0,9444448,18888880,0.850000,1000000000,850000000
baseline,500000000,1109,850000000,1180555,12322222099,21761099952,2222222,9444432,0,9444448,18888880,0.850000,1000000000,850000000
baseline,500000000,1110,850000000,1180555,12333333210,21779988832,2222222,9444432,0,9444448,18888880,0.850000,1000000000,850000000
baseline,500000000,1111,850000000,1180555,12344444321,21798877712,2222222,9444432,0,9444448,18888880,0.850000,1000000000,850000000
baseline,500000000,1112,850000000,1180555,12355555432,21817766592,2222222,9444432,0,9444448,18888880,0.850000,1000000000,850000000
baseline,500000000,1113,850000000,1180555,12366666543,21836655472,2222222,9444432,0,9444448,18888880,0.850000,1000000000,850000000
baseline,500000000,1114,850000000,1180555,12377777654,21855544352,2222222,9444432,0,9444448,18888880,0.850000,1000000000,850000000
baseline,500000000,1115,850000000,1180555,12388888765,21874433232,2222222,9444432,0,9444448,18888880,0.850000,1000000000,850000000
baseline,500000000,1116,850000000,1180555,12399999876,21893322112,2222222,9444432,0,9444448,18888880,0.850000,1000000000,850000000
baseline,500000000,1117,850000000,1180555,12411110987,21912210992,2222222,9444432,0,9444448,18888880,0.850000,1000000000,850000000
baseline,500000000,1118,850000000,1180555,12422222098,21931099872,2222222,9444432,0,9444448,18888880,0.850000,1000000000,850000000
baseline,500000000,1119,850000000,1180555,12433333209,21949988752,2222222,9444432,0,9444448,18888880,0.850000,1000000000,850000000
baseline,500000000,1120,850000000,1180555,12444444320,21968877632,2222222,9444432,0,9444448,18888880,0.850000,1000000000,850000000
baseline,500000000,1121,850000000,1180555,12455555431,21987766512,2222222,9444432,0,9444448,18888880,0.850000,1000000000,850000000
baseline,500000000,1122,850000000,1180555,12466666542,22006655392,2222222,9444432,0,9444448,18888880,0.850000,1000000000,850000000
baseline,500000000,1123,850000000,1180555,12477777653,22025544272,2222222,9444432,0,9444448,18888880,0.850000,1000000000,850000000
baseline,500000000,1124,850000000,1180555,12488888764,22044433152,2222222,9444432,0,9444448,18888880,0.850000,1000000000,850000000
baseline,500000000,1125,850000000,1180555,12499999875,22063322032,2222222,9444432,0,9444448,18888880,0.850000,1000000000,850000000
baseline,500000000,1126,850000000,1180555,12511110986,22082210912,2222222,9444432,0,9444448,18888880,0.850000,1000000000,850000000
baseline,500000000,1127,850000000,1180555,12522222097,22101099792,2222222,9444432,0,9444448,18888880,0.850000,1000000000,850000000
baseline,500000000,1128,850000000,1180555,12533333208,22119988672,2222222,9444432,0,9444448,18888880,0.850000,1000000000,850000000
baseline,500000000,1129,850000000,1180555,12544444319,22138877552,2222222,9444432,0,9444448,18888880,0.850000,1000000000,850000000
baseline,500000000,1130,850000000,1180555,12555555430,22157766432,2222222,9444432,0,9444448,18888880,0.850000,1000000000,850000000
baseline,500000000,1131,850000000,1180555,12566666541,22176655312,2222222,9444432,0,9444448,18888880,0.850000,1000000000,850000000
baseline,500000000,1132,850000000,1180555,12577777652,22195544192,2222222,9444432,0,9444448,18888880,0.850000,1000000000,850000000
baseline,500000000,1133,850000000,1180555,12588888763,22214433072,2222222,9444432,0,9444448,18888880,0.850000,1000000000,850000000
baseline,500000000,1134,850000000,1180555,12599999874,22233321952,2222222,9444432,0,9444448,18888880,0.850000,1000000000,850000000
baseline,500000000,1135,850000000,1180555,12611110985,22252210832,2222222,9444432,0,9444448,18888880,0.850000,1000000000,850000000
baseline,500000000,1136,850000000,1180555,12622222096,22271099712,2222222,9444432,0,9444448,18888880,0.850000,1000000000,850000000
baseline,500000000,1137,850000000,1180555,12633333207,22289988592,2222222,9444432,0,9444448,18888880,0.850000,1000000000,850000000
baseline,500000000,1138,850000000,1180555,12644444318,22308877472,2222222,9444432,0,9444448,18888880,0.850000,1000000000,850000000
baseline,500000000,1139,850000000,1180555,12655555429,22327766352,2222222,9444432,0,9444448,18888880,0.850000,1000000000,850000000
baseline,500000000,1140,850000000,1180555,12666666540,22346655232,2222222,9444432,0,9444448,18888880,0.850000,1000000000,850000000
baseline,500000000,1141,850000000,1180555,12677777651,22365544112,2222222,9444432,0,9444448,18888880,0.850000,1000000000,850000000
baseline,500000000,1142,850000000,1180555,12688888762,22384432992,2222222,9444432,0,9444448,18888880,0.850000,1000000000,850000000
baseline,500000000,1143,850000000,1180555,12699999873,22403321872,2222222,9444432,0,9444448,18888880,0.850000,1000000000,850000000
baseline,500000000,1144,850000000,1180555,12711110984,22422210752,2222222,9444432,0,9444448,18888880,0.850000,1000000000,850000000
baseline,500000000,1145,850000000,1180555,12722222095,22441099632,2222222,9444432,0,9444448,18888880,0.850000,1000000000,850000000
baseline,500000000,1146,850000000,1180555,12733333206,22459988512,2222222,9444432,0,9444448,18888880,0.850000,1000000000,850000000
baseline,500000000,1147,850000000,1180555,12744444317,22478877392,2222222,9444432,0,9444448,18888880,0.850000,1000000000,850000000
baseline,500000000,1148,850000000,1180555,12755555428,22497766272,2222222,9444432,0,9444448,18888880,0.850000,1000000000,850000000
baseline,500000000,1149,850000000,1180555,12766666539,22516655152,2222222,9444432,0,9444448,18888880,0.850000,1000000000,850000000
baseline,500000000,1150,850000000,1180555,12777777650,22535544032,2222222,9444432,0,9444448,18888880,0.850000,1000000000,850000000
baseline,500000000,1151,850000000,1180555,12788888761,22554432912,2222222,9444432,0,9444448,18888880,0.850000,1000000000,850000000
baseline,500000000,1152,850000000,1180555,12799999872,22573321792,2222222,9444432,0,9444448,18888880,0.850000,1000000000,850000000
baseline,500000000,1153,850000000,1180555,12811110983,22592210672,2222222,9444432,0,9444448,18888880,0.850000,1000000000,850000000
baseline,500000000,1154,850000000,1180555,12822222094,22611099552,2222222,9444432,0,9444448,18888880,0.850000,1000000000,850000000
baseline,500000000,1155,850000000,1180555,12833333205,22629988432,2222222,9444432,0,9444448,18888880,0.850000,1000000000,850000000
baseline,500000000,1156,850000000,1180555,12844444316,22648877312,2222222,9444432,0,9444448,18888880,0.850000,1000000000,850000000
baseline,500000000,1157,850000000,1180555,12855555427,22667766192,2222222,9444432,0,9444448,18888880,0.850000,1000000000,850000000
baseline,500000000,1158,850000000,1180555,12866666538,22686655072,2222222,9444432,0,9444448,18888880,0.850000,1000000000,850000000
baseline,500000000,1159,850000000,1180555,12877777649,22705543952,2222222,9444432,0,9444448,18888880,0.850000,1000000000,850000000
baseline,500000000,1160,850000000,1180555,12888888760,22724432832,2222222,9444432,0,9444448,18888880,0.850000,1000000000,850000000
baseline,500000000,1161,850000000,1180555,12899999871,22743321712,2222222,9444432,0,9444448,18888880,0.850000,1000000000,850000000
baseline,500000000,1162,850000000,1180555,12911110982,22762210592,2222222,9444432,0,9444448,18888880,0.850000,1000000000,850000000
baseline,500000000,1163,850000000,1180555,12922222093,22781099472,2222222,9444432,0,9444448,18888880,0.850000,1000000000,850000000
baseline,500000000,1164,850000000,1180555,12933333204,22799988352,2222222,9444432,0,9444448,18888880,0.850000,1000000000,850000000
baseline,500000000,1165,850000000,1180555,12944444315,22818877232,2222222,9444432,0,9444448,18888880,0.850000,1000000000,850000000
baseline,500000000,1166,850000000,1180555,12955555426,22837766112,2222222,9444432,0,9444448,18888880,0.850000,1000000000,850000000
baseline,500000000,1167,850000000,1180555,12966666537,22856654992,2222222,9444432,0,9444448,18888880,0.850000,1000000000,850000000
baseline,500000000,1168,850000000,1180555,12977777648,22875543872,2222222,9444432,0,9444448,18888880,0.850000,1000000000,850000000
baseline,500000000,1169,850000000,1180555,12988888759,22894432752,2222222,9444432,0,9444448,18888880,0.850000,1000000000,850000000
baseline,500000000,1170,850000000,1180555,12999999870,22913321632,2222222,9444432,0,9444448,18888880,0.850000,1000000000,850000000
baseline,500000000,1171,850000000,1180555,13011110981,22932210512,2222222,9444432,0,9444448,18888880,0.850000,1000000000,850000000
baseline,500000000,1172,850000000,1180555,13022222092,22951099392,2222222,9444432,0,9444448,18888880,0.850000,1000000000,850000000
baseline,500000000,1173,850000000,1180555,13033333203,22969988272,2222222,9444432,0,9444448,18888880,0.850000,1000000000,850000000
baseline,500000000,1174,850000000,1180555,13044444314,22988877152,2222222,9444432,0,9444448,18888880,0.850000,1000000000,850000000
baseline,500000000,1175,850000000,1180555,13055555425,23007766032,2222222,9444432,0,9444448,18888880,0.850000,1000000000,850000000
baseline,500000000,1176,850000000,1180555,13066666536,23026654912,2222222,9444432,0,9444448,18888880,0.850000,1000000000,850000000
baseline,500000000,1177,850000000,1180555,13077777647,23045543792,2222222,9444432,0,9444448,18888880,0.850000,1000000000,850000000
baseline,500000000,1178,850000000,1180555,13088888758,23064432672,2222222,9444432,0,9444448,18888880,0.850000,1000000000,850000000
baseline,500000000,1179,850000000,1180555,13099999869,23083321552,2222222,9444432,0,9444448,18888880,0.850000,1000000000,850000000
baseline,500000000,1180,850000000,1180555,13111110980,23102210432,2222222,9444432,0,9444448,18888880,0.850000,1000000000,850000000
baseline,500000000,1181,850000000,1180555,13122222091,23121099312,2222222,9444432,0,9444448,18888880,0.850000,1000000000,850000000
baseline,500000000,1182,850000000,1180555,13133333202,23139988192,2222222,9444432,0,9444448,18888880,0.850000,1000000000,850000000
baseline,500000000,1183,850000000,1180555,13144444313,23158877072,2222222,9444432,0,9444448,18888880,0.850000,1000000000,850000000
baseline,500000000,1184,850000000,1180555,13155555424,23177765952,2222222,9444432,0,9444448,18888880,0.850000,1000000000,850000000
baseline,500000000,1185,850000000,1180555,13166666535,23196654832,2222222,9444432,0,9444448,18888880,0.850000,1000000000,850000000
baseline,500000000,1186,850000000,1180555,13177777646,23215543712,2222222,9444432,0,9444448,18888880,0.850000,1000000000,850000000
baseline,500000000,1187,850000000,1180555,13188888757,23234432592,2222222,9444432,0,9444448,18888880,0.850000,1000000000,850000000
baseline,500000000,1188,850000000,1180555,13199999868,23253321472,2222222,9444432,0,9444448,18888880,0.850000,1000000000,850000000
baseline,500000000,1189,850000000,1180555,13211110979,23272210352,2222222,9444432,0,9444448,18888880,0.850000,1000000000,850000000
baseline,500000000,1190,850000000,1180555,13222222090,23291099232,2222222,9444432,0,9444448,18888880,0.850000,1000000000,850000000
baseline,500000000,1191,850000000,1180555,13233333201,23309988112,2222222,9444432,0,9444448,18888880,0.850000,1000000000,850000000
baseline,500000000,1192,850000000,1180555,13244444312,23328876992,2222222,9444432,0,9444448,18888880,0.850000,1000000000,850000000
baseline,500000000,1193,850000000,1180555,13255555423,23347765872,2222222,9444432,0,9444448,18888880,0.850000,1000000000,850000000
baseline,500000000,1194,850000000,1180555,13266666534,23366654752,2222222,9444432,0,9444448,18888880,0.850000,1000000000,850000000
baseline,500000000,1195,850000000,1180555,13277777645,23385543632,2222222,9444432,0,9444448,18888880,0.850000,1000000000,850000000
baseline,500000000,1196,850000000,1180555,13288888756,23404432512,2222222,9444432,0,9444448,18888880,0.850000,1000000000,850000000
baseline,500000000,1197,850000000,1180555,13299999867,23423321392,2222222,9444432,0,9444448,18888880,0.850000,1000000000,850000000
baseline,500000000,1198,850000000,1180555,13311110978,23442210272,2222222,9444432,0,9444448,18888880,0.850000,1000000000,850000000
baseline,500000000,1199,850000000,1180555,13322222089,23461099152,2222222,9444432,0,9444448,18888880,0.850000,1000000000,850000000
