model,capacity_bps,frame,bitrate_bps,frame_payload_bytes,desired_start_ns,actual_start_ns,eye0_budget_ns,eye0_span_ns,eye1_budget_ns,eye1_span_ns,serial_frame_ns,max_eye_utilisation,estimate_bps,next_target_bps
wide,2000000000,0,1000000000,1388888,0,0,2222222,2777776,1666668,2777776,5555552,0.250000,0,1000000000
wide,2000000000,1,1000000000,1388888,11111111,11111111,2222222,2777776,1666668,2777776,5555552,0.250000,0,1000000000
wide,2000000000,2,1000000000,1388888,22222222,22222222,2222222,2777776,1666668,2777776,5555552,0.250000,0,1000000000
wide,2000000000,3,1000000000,1388888,33333333,33333333,2222222,2777776,1666668,2777776,5555552,0.250000,0,1000000000
wide,2000000000,4,1000000000,1388888,44444444,44444444,2222222,2777776,1666668,2777776,5555552,0.250000,0,1000000000
wide,2000000000,5,1000000000,1388888,55555555,55555555,2222222,2777776,1666668,2777776,5555552,0.250000,0,1000000000
wide,2000000000,6,1000000000,1388888,66666666,66666666,2222222,2777776,1666668,2777776,5555552,0.250000,0,1000000000
wide,2000000000,7,1000000000,1388888,77777777,77777777,2222222,2777776,1666668,2777776,5555552,0.250000,0,1000000000
wide,2000000000,8,1000000000,1388888,88888888,88888888,2222222,2777776,1666668,2777776,5555552,0.250000,0,1000000000
wide,2000000000,9,1000000000,1388888,99999999,99999999,2222222,2777776,1666668,2777776,5555552,0.250000,0,1000000000
wide,2000000000,10,1000000000,1388888,111111110,111111110,2222222,2777776,1666668,2777776,5555552,0.250000,0,1000000000
wide,2000000000,11,1000000000,1388888,122222221,122222221,2222222,2777776,1666668,2777776,5555552,0.250000,0,1000000000
wide,2000000000,12,1000000000,1388888,133333332,133333332,2222222,2777776,1666668,2777776,5555552,0.250000,0,1000000000
wide,2000000000,13,1000000000,1388888,144444443,144444443,2222222,2777776,1666668,2777776,5555552,0.250000,0,1000000000
wide,2000000000,14,1000000000,1388888,155555554,155555554,2222222,2777776,1666668,2777776,5555552,0.250000,0,1000000000
wide,2000000000,15,1000000000,1388888,166666665,166666665,2222222,2777776,1666668,2777776,5555552,0.250000,0,1000000000
wide,2000000000,16,1000000000,1388888,177777776,177777776,2222222,2777776,1666668,2777776,5555552,0.250000,0,1000000000
wide,2000000000,17,1000000000,1388888,188888887,188888887,2222222,2777776,1666668,2777776,5555552,0.250000,0,1000000000
wide,2000000000,18,1000000000,1388888,199999998,199999998,2222222,2777776,1666668,2777776,5555552,0.250000,0,1000000000
wide,2000000000,19,1000000000,1388888,211111109,211111109,2222222,2777776,1666668,2777776,5555552,0.250000,0,1000000000
wide,2000000000,20,1000000000,1388888,222222220,222222220,2222222,2777776,1666668,2777776,5555552,0.250000,0,1000000000
wide,2000000000,21,1000000000,1388888,233333331,233333331,2222222,2777776,1666668,2777776,5555552,0.250000,0,1000000000
wide,2000000000,22,1000000000,1388888,244444442,244444442,2222222,2777776,1666668,2777776,5555552,0.250000,0,1000000000
wide,2000000000,23,1000000000,1388888,255555553,255555553,2222222,2777776,1666668,2777776,5555552,0.250000,0,1000000000
wide,2000000000,24,1000000000,1388888,266666664,266666664,2222222,2777776,1666668,2777776,5555552,0.250000,0,1000000000
wide,2000000000,25,1000000000,1388888,277777775,277777775,2222222,2777776,1666668,2777776,5555552,0.250000,0,1000000000
wide,2000000000,26,1000000000,1388888,288888886,288888886,2222222,2777776,1666668,2777776,5555552,0.250000,0,1000000000
wide,2000000000,27,1000000000,1388888,299999997,299999997,2222222,2777776,1666668,2777776,5555552,0.250000,4000000000,1000000000
wide,2000000000,28,1000000000,1388888,311111108,311111108,2222222,2777776,1666668,2777776,5555552,0.250000,4000000000,1000000000
wide,2000000000,29,1000000000,1388888,322222219,322222219,2222222,2777776,1666668,2777776,5555552,0.250000,4000000000,1000000000
wide,2000000000,30,1000000000,1388888,333333330,333333330,2222222,2777776,1666668,2777776,5555552,0.250000,4000000000,1000000000
wide,2000000000,31,1000000000,1388888,344444441,344444441,2222222,2777776,1666668,2777776,5555552,0.250000,4000000000,1000000000
wide,2000000000,32,1000000000,1388888,355555552,355555552,2222222,2777776,1666668,2777776,5555552,0.250000,4000000000,1000000000
wide,2000000000,33,1000000000,1388888,366666663,366666663,2222222,2777776,1666668,2777776,5555552,0.250000,4000000000,1000000000
wide,2000000000,34,1000000000,1388888,377777774,377777774,2222222,2777776,1666668,2777776,5555552,0.250000,4000000000,1000000000
wide,2000000000,35,1000000000,1388888,388888885,388888885,2222222,2777776,1666668,2777776,5555552,0.250000,4000000000,1000000000
wide,2000000000,36,1000000000,1388888,399999996,399999996,2222222,2777776,1666668,2777776,5555552,0.250000,4000000000,1000000000
wide,2000000000,37,1000000000,1388888,411111107,411111107,2222222,2777776,1666668,2777776,5555552,0.250000,4000000000,1000000000
wide,2000000000,38,1000000000,1388888,422222218,422222218,2222222,2777776,1666668,2777776,5555552,0.250000,4000000000,1000000000
wide,2000000000,39,1000000000,1388888,433333329,433333329,2222222,2777776,1666668,2777776,5555552,0.250000,4000000000,1000000000
wide,2000000000,40,1000000000,1388888,444444440,444444440,2222222,2777776,1666668,2777776,5555552,0.250000,4000000000,1000000000
wide,2000000000,41,1000000000,1388888,455555551,455555551,2222222,2777776,1666668,2777776,5555552,0.250000,4000000000,1000000000
wide,2000000000,42,1000000000,1388888,466666662,466666662,2222222,2777776,1666668,2777776,5555552,0.250000,4000000000,1000000000
wide,2000000000,43,1000000000,1388888,477777773,477777773,2222222,2777776,1666668,2777776,5555552,0.250000,4000000000,1000000000
wide,2000000000,44,1000000000,1388888,488888884,488888884,2222222,2777776,1666668,2777776,5555552,0.250000,4000000000,1000000000
wide,2000000000,45,1000000000,1388888,499999995,499999995,2222222,2777776,1666668,2777776,5555552,0.250000,4000000000,1000000000
wide,2000000000,46,1000000000,1388888,511111106,511111106,2222222,2777776,1666668,2777776,5555552,0.250000,4000000000,1000000000
wide,2000000000,47,1000000000,1388888,522222217,522222217,2222222,2777776,1666668,2777776,5555552,0.250000,4000000000,1000000000
wide,2000000000,48,1000000000,1388888,533333328,533333328,2222222,2777776,1666668,2777776,5555552,0.250000,4000000000,1000000000
wide,2000000000,49,1000000000,1388888,544444439,544444439,2222222,2777776,1666668,2777776,5555552,0.250000,4000000000,1000000000
wide,2000000000,50,1000000000,1388888,555555550,555555550,2222222,2777776,1666668,2777776,5555552,0.250000,4000000000,1000000000
wide,2000000000,51,1000000000,1388888,566666661,566666661,2222222,2777776,1666668,2777776,5555552,0.250000,4000000000,1000000000
wide,2000000000,52,1000000000,1388888,577777772,577777772,2222222,2777776,1666668,2777776,5555552,0.250000,4000000000,1000000000
wide,2000000000,53,1000000000,1388888,588888883,588888883,2222222,2777776,1666668,2777776,5555552,0.250000,4000000000,1000000000
wide,2000000000,54,1000000000,1388888,599999994,599999994,2222222,2777776,1666668,2777776,5555552,0.250000,4000000000,1000000000
wide,2000000000,55,1000000000,1388888,611111105,611111105,2222222,2777776,1666668,2777776,5555552,0.250000,4000000000,1000000000
wide,2000000000,56,1000000000,1388888,622222216,622222216,2222222,2777776,1666668,2777776,5555552,0.250000,4000000000,1000000000
wide,2000000000,57,1000000000,1388888,633333327,633333327,2222222,2777776,1666668,2777776,5555552,0.250000,4000000000,1000000000
wide,2000000000,58,1000000000,1388888,644444438,644444438,2222222,2777776,1666668,2777776,5555552,0.250000,4000000000,1000000000
wide,2000000000,59,1000000000,1388888,655555549,655555549,2222222,2777776,1666668,2777776,5555552,0.250000,4000000000,1000000000
wide,2000000000,60,1000000000,1388888,666666660,666666660,2222222,2777776,1666668,2777776,5555552,0.250000,4000000000,1000000000
wide,2000000000,61,1000000000,1388888,677777771,677777771,2222222,2777776,1666668,2777776,5555552,0.250000,4000000000,1000000000
wide,2000000000,62,1000000000,1388888,688888882,688888882,2222222,2777776,1666668,2777776,5555552,0.250000,4000000000,1000000000
wide,2000000000,63,1000000000,1388888,699999993,699999993,2222222,2777776,1666668,2777776,5555552,0.250000,4000000000,1000000000
wide,2000000000,64,1000000000,1388888,711111104,711111104,2222222,2777776,1666668,2777776,5555552,0.250000,4000000000,1000000000
wide,2000000000,65,1000000000,1388888,722222215,722222215,2222222,2777776,1666668,2777776,5555552,0.250000,4000000000,1000000000
wide,2000000000,66,1000000000,1388888,733333326,733333326,2222222,2777776,1666668,2777776,5555552,0.250000,4000000000,1000000000
wide,2000000000,67,1000000000,1388888,744444437,744444437,2222222,2777776,1666668,2777776,5555552,0.250000,4000000000,1000000000
wide,2000000000,68,1000000000,1388888,755555548,755555548,2222222,2777776,1666668,2777776,5555552,0.250000,4000000000,1000000000
wide,2000000000,69,1000000000,1388888,766666659,766666659,2222222,2777776,1666668,2777776,5555552,0.250000,4000000000,1000000000
wide,2000000000,70,1000000000,1388888,777777770,777777770,2222222,2777776,1666668,2777776,5555552,0.250000,4000000000,1000000000
wide,2000000000,71,1000000000,1388888,788888881,788888881,2222222,2777776,1666668,2777776,5555552,0.250000,4000000000,1000000000
wide,2000000000,72,1000000000,1388888,799999992,799999992,2222222,2777776,1666668,2777776,5555552,0.250000,4000000000,1000000000
wide,2000000000,73,1000000000,1388888,811111103,811111103,2222222,2777776,1666668,2777776,5555552,0.250000,4000000000,1000000000
wide,2000000000,74,1000000000,1388888,822222214,822222214,2222222,2777776,1666668,2777776,5555552,0.250000,4000000000,1000000000
wide,2000000000,75,1000000000,1388888,833333325,833333325,2222222,2777776,1666668,2777776,5555552,0.250000,4000000000,1000000000
wide,2000000000,76,1000000000,1388888,844444436,844444436,2222222,2777776,1666668,2777776,5555552,0.250000,4000000000,1000000000
wide,2000000000,77,1000000000,1388888,855555547,855555547,2222222,2777776,1666668,2777776,5555552,0.250000,4000000000,1000000000
wide,2000000000,78,1000000000,1388888,866666658,866666658,2222222,2777776,1666668,2777776,5555552,0.250000,4000000000,1000000000
wide,2000000000,79,1000000000,1388888,877777769,877777769,2222222,2777776,1666668,2777776,5555552,0.250000,4000000000,1000000000
wide,2000000000,80,1000000000,1388888,888888880,888888880,2222222,2777776,1666668,2777776,5555552,0.250000,4000000000,1000000000
wide,2000000000,81,1000000000,1388888,899999991,899999991,2222222,2777776,1666668,2777776,5555552,0.250000,4000000000,1000000000
wide,2000000000,82,1000000000,1388888,911111102,911111102,2222222,2777776,1666668,2777776,5555552,0.250000,4000000000,1000000000
wide,2000000000,83,1000000000,1388888,922222213,922222213,2222222,2777776,1666668,2777776,5555552,0.250000,4000000000,1000000000
wide,2000000000,84,1000000000,1388888,933333324,933333324,2222222,2777776,1666668,2777776,5555552,0.250000,4000000000,1000000000
wide,2000000000,85,1000000000,1388888,944444435,944444435,2222222,2777776,1666668,2777776,5555552,0.250000,4000000000,1000000000
wide,2000000000,86,1000000000,1388888,955555546,955555546,2222222,2777776,1666668,2777776,5555552,0.250000,4000000000,1000000000
wide,2000000000,87,1000000000,1388888,966666657,966666657,2222222,2777776,1666668,2777776,5555552,0.250000,4000000000,1000000000
wide,2000000000,88,1000000000,1388888,977777768,977777768,2222222,2777776,1666668,2777776,5555552,0.250000,4000000000,1000000000
wide,2000000000,89,1000000000,1388888,988888879,988888879,2222222,2777776,1666668,2777776,5555552,0.250000,4000000000,1000000000
wide,2000000000,90,1000000000,1388888,999999990,999999990,2222222,2777776,1666668,2777776,5555552,0.250000,4000000000,1000000000
wide,2000000000,91,1000000000,1388888,1011111101,1011111101,2222222,2777776,1666668,2777776,5555552,0.250000,4000000000,1000000000
wide,2000000000,92,1000000000,1388888,1022222212,1022222212,2222222,2777776,1666668,2777776,5555552,0.250000,4000000000,1000000000
wide,2000000000,93,1000000000,1388888,1033333323,1033333323,2222222,2777776,1666668,2777776,5555552,0.250000,4000000000,1000000000
wide,2000000000,94,1000000000,1388888,1044444434,1044444434,2222222,2777776,1666668,2777776,5555552,0.250000,4000000000,1000000000
wide,2000000000,95,1000000000,1388888,1055555545,1055555545,2222222,2777776,1666668,2777776,5555552,0.250000,4000000000,1000000000
wide,2000000000,96,1000000000,1388888,1066666656,1066666656,2222222,2777776,1666668,2777776,5555552,0.250000,4000000000,1000000000
wide,2000000000,97,1000000000,1388888,1077777767,1077777767,2222222,2777776,1666668,2777776,5555552,0.250000,4000000000,1000000000
wide,2000000000,98,1000000000,1388888,1088888878,1088888878,2222222,2777776,1666668,2777776,5555552,0.250000,4000000000,1000000000
wide,2000000000,99,1000000000,1388888,1099999989,1099999989,2222222,2777776,1666668,2777776,5555552,0.250000,4000000000,1000000000
wide,2000000000,100,1000000000,1388888,1111111100,1111111100,2222222,2777776,1666668,2777776,5555552,0.250000,4000000000,1000000000
wide,2000000000,101,1000000000,1388888,1122222211,1122222211,2222222,2777776,1666668,2777776,5555552,0.250000,4000000000,1000000000
wide,2000000000,102,1000000000,1388888,1133333322,1133333322,2222222,2777776,1666668,2777776,5555552,0.250000,4000000000,1000000000
wide,2000000000,103,1000000000,1388888,1144444433,1144444433,2222222,2777776,1666668,2777776,5555552,0.250000,4000000000,1000000000
wide,2000000000,104,1000000000,1388888,1155555544,1155555544,2222222,2777776,1666668,2777776,5555552,0.250000,4000000000,1000000000
wide,2000000000,105,1000000000,1388888,1166666655,1166666655,2222222,2777776,1666668,2777776,5555552,0.250000,4000000000,1000000000
wide,2000000000,106,1000000000,1388888,1177777766,1177777766,2222222,2777776,1666668,2777776,5555552,0.250000,4000000000,1000000000
wide,2000000000,107,1000000000,1388888,1188888877,1188888877,2222222,2777776,1666668,2777776,5555552,0.250000,4000000000,1000000000
wide,2000000000,108,1000000000,1388888,1199999988,1199999988,2222222,2777776,1666668,2777776,5555552,0.250000,4000000000,1000000000
wide,2000000000,109,1000000000,1388888,1211111099,1211111099,2222222,2777776,1666668,2777776,5555552,0.250000,4000000000,1000000000
wide,2000000000,110,1000000000,1388888,1222222210,1222222210,2222222,2777776,1666668,2777776,5555552,0.250000,4000000000,1000000000
wide,2000000000,111,1000000000,1388888,1233333321,1233333321,2222222,2777776,1666668,2777776,5555552,0.250000,4000000000,1000000000
wide,2000000000,112,1000000000,1388888,1244444432,1244444432,2222222,2777776,1666668,2777776,5555552,0.250000,4000000000,1000000000
wide,2000000000,113,1000000000,1388888,1255555543,1255555543,2222222,2777776,1666668,2777776,5555552,0.250000,4000000000,1000000000
wide,2000000000,114,1000000000,1388888,1266666654,1266666654,2222222,2777776,1666668,2777776,5555552,0.250000,4000000000,1000000000
wide,2000000000,115,1000000000,1388888,1277777765,1277777765,2222222,2777776,1666668,2777776,5555552,0.250000,4000000000,1000000000
wide,2000000000,116,1000000000,1388888,1288888876,1288888876,2222222,2777776,1666668,2777776,5555552,0.250000,4000000000,1000000000
wide,2000000000,117,1000000000,1388888,1299999987,1299999987,2222222,2777776,1666668,2777776,5555552,0.250000,4000000000,1000000000
wide,2000000000,118,1000000000,1388888,1311111098,1311111098,2222222,2777776,1666668,2777776,5555552,0.250000,4000000000,1000000000
wide,2000000000,119,1000000000,1388888,1322222209,1322222209,2222222,2777776,1666668,2777776,5555552,0.250000,4000000000,1000000000
wide,2000000000,120,1000000000,1388888,1333333320,1333333320,2222222,2777776,1666668,2777776,5555552,0.250000,4000000000,1000000000
wide,2000000000,121,1000000000,1388888,1344444431,1344444431,2222222,2777776,1666668,2777776,5555552,0.250000,4000000000,1000000000
wide,2000000000,122,1000000000,1388888,1355555542,1355555542,2222222,2777776,1666668,2777776,5555552,0.250000,4000000000,1000000000
wide,2000000000,123,1000000000,1388888,1366666653,1366666653,2222222,2777776,1666668,2777776,5555552,0.250000,4000000000,1000000000
wide,2000000000,124,1000000000,1388888,1377777764,1377777764,2222222,2777776,1666668,2777776,5555552,0.250000,4000000000,1000000000
wide,2000000000,125,1000000000,1388888,1388888875,1388888875,2222222,2777776,1666668,2777776,5555552,0.250000,4000000000,1000000000
wide,2000000000,126,1000000000,1388888,1399999986,1399999986,2222222,2777776,1666668,2777776,5555552,0.250000,4000000000,1000000000
wide,2000000000,127,1000000000,1388888,1411111097,1411111097,2222222,2777776,1666668,2777776,5555552,0.250000,4000000000,1000000000
wide,2000000000,128,1000000000,1388888,1422222208,1422222208,2222222,2777776,1666668,2777776,5555552,0.250000,4000000000,1000000000
wide,2000000000,129,1000000000,1388888,1433333319,1433333319,2222222,2777776,1666668,2777776,5555552,0.250000,4000000000,1000000000
wide,2000000000,130,1000000000,1388888,1444444430,1444444430,2222222,2777776,1666668,2777776,5555552,0.250000,4000000000,1000000000
wide,2000000000,131,1000000000,1388888,1455555541,1455555541,2222222,2777776,1666668,2777776,5555552,0.250000,4000000000,1000000000
wide,2000000000,132,1000000000,1388888,1466666652,1466666652,2222222,2777776,1666668,2777776,5555552,0.250000,4000000000,1000000000
wide,2000000000,133,1000000000,1388888,1477777763,1477777763,2222222,2777776,1666668,2777776,5555552,0.250000,4000000000,1000000000
wide,2000000000,134,1000000000,1388888,1488888874,1488888874,2222222,2777776,1666668,2777776,5555552,0.250000,4000000000,1000000000
wide,2000000000,135,1000000000,1388888,1499999985,1499999985,2222222,2777776,1666668,2777776,5555552,0.250000,4000000000,1000000000
wide,2000000000,136,1000000000,1388888,1511111096,1511111096,2222222,2777776,1666668,2777776,5555552,0.250000,4000000000,1000000000
wide,2000000000,137,1000000000,1388888,1522222207,1522222207,2222222,2777776,1666668,2777776,5555552,0.250000,4000000000,1000000000
wide,2000000000,138,1000000000,1388888,1533333318,1533333318,2222222,2777776,1666668,2777776,5555552,0.250000,4000000000,1000000000
wide,2000000000,139,1000000000,1388888,1544444429,1544444429,2222222,2777776,1666668,2777776,5555552,0.250000,4000000000,1000000000
wide,2000000000,140,1000000000,1388888,1555555540,1555555540,2222222,2777776,1666668,2777776,5555552,0.250000,4000000000,1000000000
wide,2000000000,141,1000000000,1388888,1566666651,1566666651,2222222,2777776,1666668,2777776,5555552,0.250000,4000000000,1000000000
wide,2000000000,142,1000000000,1388888,1577777762,1577777762,2222222,2777776,1666668,2777776,5555552,0.250000,4000000000,1000000000
wide,2000000000,143,1000000000,1388888,1588888873,1588888873,2222222,2777776,1666668,2777776,5555552,0.250000,4000000000,1000000000
wide,2000000000,144,1000000000,1388888,1599999984,1599999984,2222222,2777776,1666668,2777776,5555552,0.250000,4000000000,1000000000
wide,2000000000,145,1000000000,1388888,1611111095,1611111095,2222222,2777776,1666668,2777776,5555552,0.250000,4000000000,1000000000
wide,2000000000,146,1000000000,1388888,1622222206,1622222206,2222222,2777776,1666668,2777776,5555552,0.250000,4000000000,1000000000
wide,2000000000,147,1000000000,1388888,1633333317,1633333317,2222222,2777776,1666668,2777776,5555552,0.250000,4000000000,1000000000
wide,2000000000,148,1000000000,1388888,1644444428,1644444428,2222222,2777776,1666668,2777776,5555552,0.250000,4000000000,1000000000
wide,2000000000,149,1000000000,1388888,1655555539,1655555539,2222222,2777776,1666668,2777776,5555552,0.250000,4000000000,1000000000
wide,2000000000,150,1000000000,1388888,1666666650,1666666650,2222222,2777776,1666668,2777776,5555552,0.250000,4000000000,1000000000
wide,2000000000,151,1000000000,1388888,1677777761,1677777761,2222222,2777776,1666668,2777776,5555552,0.250000,4000000000,1000000000
wide,2000000000,152,1000000000,1388888,1688888872,1688888872,2222222,2777776,1666668,2777776,5555552,0.250000,4000000000,1000000000
wide,2000000000,153,1000000000,1388888,1699999983,1699999983,2222222,2777776,1666668,2777776,5555552,0.250000,4000000000,1000000000
wide,2000000000,154,1000000000,1388888,1711111094,1711111094,2222222,2777776,1666668,2777776,5555552,0.250000,4000000000,1000000000
wide,2000000000,155,1000000000,1388888,1722222205,1722222205,2222222,2777776,1666668,2777776,5555552,0.250000,4000000000,1000000000
wide,2000000000,156,1000000000,1388888,1733333316,1733333316,2222222,2777776,1666668,2777776,5555552,0.250000,4000000000,1000000000
wide,2000000000,157,1000000000,1388888,1744444427,1744444427,2222222,2777776,1666668,2777776,5555552,0.250000,4000000000,1000000000
wide,2000000000,158,1000000000,1388888,1755555538,1755555538,2222222,2777776,1666668,2777776,5555552,0.250000,4000000000,1000000000
wide,2000000000,159,1000000000,1388888,1766666649,1766666649,2222222,2777776,1666668,2777776,5555552,0.250000,4000000000,1000000000
wide,2000000000,160,1000000000,1388888,1777777760,1777777760,2222222,2777776,1666668,2777776,5555552,0.250000,4000000000,1000000000
wide,2000000000,161,1000000000,1388888,1788888871,1788888871,2222222,2777776,1666668,2777776,5555552,0.250000,4000000000,1000000000
wide,2000000000,162,1000000000,1388888,1799999982,1799999982,2222222,2777776,1666668,2777776,5555552,0.250000,4000000000,1000000000
wide,2000000000,163,1000000000,1388888,1811111093,1811111093,2222222,2777776,1666668,2777776,5555552,0.250000,4000000000,1000000000
wide,2000000000,164,1000000000,1388888,1822222204,1822222204,2222222,2777776,1666668,2777776,5555552,0.250000,4000000000,1000000000
wide,2000000000,165,1000000000,1388888,1833333315,1833333315,2222222,2777776,1666668,2777776,5555552,0.250000,4000000000,1000000000
wide,2000000000,166,1000000000,1388888,1844444426,1844444426,2222222,2777776,1666668,2777776,5555552,0.250000,4000000000,1000000000
wide,2000000000,167,1000000000,1388888,1855555537,1855555537,2222222,2777776,1666668,2777776,5555552,0.250000,4000000000,1000000000
wide,2000000000,168,1000000000,1388888,1866666648,1866666648,2222222,2777776,1666668,2777776,5555552,0.250000,4000000000,1000000000
wide,2000000000,169,1000000000,1388888,1877777759,1877777759,2222222,2777776,1666668,2777776,5555552,0.250000,4000000000,1000000000
wide,2000000000,170,1000000000,1388888,1888888870,1888888870,2222222,2777776,1666668,2777776,5555552,0.250000,4000000000,1000000000
wide,2000000000,171,1000000000,1388888,1899999981,1899999981,2222222,2777776,1666668,2777776,5555552,0.250000,4000000000,1000000000
wide,2000000000,172,1000000000,1388888,1911111092,1911111092,2222222,2777776,1666668,2777776,5555552,0.250000,4000000000,1000000000
wide,2000000000,173,1000000000,1388888,1922222203,1922222203,2222222,2777776,1666668,2777776,5555552,0.250000,4000000000,1000000000
wide,2000000000,174,1000000000,1388888,1933333314,1933333314,2222222,2777776,1666668,2777776,5555552,0.250000,4000000000,1000000000
wide,2000000000,175,1000000000,1388888,1944444425,1944444425,2222222,2777776,1666668,2777776,5555552,0.250000,4000000000,1000000000
wide,2000000000,176,1000000000,1388888,1955555536,1955555536,2222222,2777776,1666668,2777776,5555552,0.250000,4000000000,1000000000
wide,2000000000,177,1000000000,1388888,1966666647,1966666647,2222222,2777776,1666668,2777776,5555552,0.250000,4000000000,1000000000
wide,2000000000,178,1000000000,1388888,1977777758,1977777758,2222222,2777776,1666668,2777776,5555552,0.250000,4000000000,1000000000
wide,2000000000,179,1000000000,1388888,1988888869,1988888869,2222222,2777776,1666668,2777776,5555552,0.250000,4000000000,1000000000
wide,2000000000,180,1000000000,1388888,1999999980,1999999980,2222222,2777776,1666668,2777776,5555552,0.250000,4000000000,1000000000
wide,2000000000,181,1000000000,1388888,2011111091,2011111091,2222222,2777776,1666668,2777776,5555552,0.250000,4000000000,1000000000
wide,2000000000,182,1000000000,1388888,2022222202,2022222202,2222222,2777776,1666668,2777776,5555552,0.250000,4000000000,1000000000
wide,2000000000,183,1000000000,1388888,2033333313,2033333313,2222222,2777776,1666668,2777776,5555552,0.250000,4000000000,1000000000
wide,2000000000,184,1000000000,1388888,2044444424,2044444424,2222222,2777776,1666668,2777776,5555552,0.250000,4000000000,1000000000
wide,2000000000,185,1000000000,1388888,2055555535,2055555535,2222222,2777776,1666668,2777776,5555552,0.250000,4000000000,1000000000
wide,2000000000,186,1000000000,1388888,2066666646,2066666646,2222222,2777776,1666668,2777776,5555552,0.250000,4000000000,1000000000
wide,2000000000,187,1000000000,1388888,2077777757,2077777757,2222222,2777776,1666668,2777776,5555552,0.250000,4000000000,1000000000
wide,2000000000,188,1000000000,1388888,2088888868,2088888868,2222222,2777776,1666668,2777776,5555552,0.250000,4000000000,1000000000
wide,2000000000,189,1000000000,1388888,2099999979,2099999979,2222222,2777776,1666668,2777776,5555552,0.250000,4000000000,1000000000
wide,2000000000,190,1000000000,1388888,2111111090,2111111090,2222222,2777776,1666668,2777776,5555552,0.250000,4000000000,1000000000
wide,2000000000,191,1000000000,1388888,2122222201,2122222201,2222222,2777776,1666668,2777776,5555552,0.250000,4000000000,1000000000
wide,2000000000,192,1000000000,1388888,2133333312,2133333312,2222222,2777776,1666668,2777776,5555552,0.250000,4000000000,1000000000
wide,2000000000,193,1000000000,1388888,2144444423,2144444423,2222222,2777776,1666668,2777776,5555552,0.250000,4000000000,1000000000
wide,2000000000,194,1000000000,1388888,2155555534,2155555534,2222222,2777776,1666668,2777776,5555552,0.250000,4000000000,1000000000
wide,2000000000,195,1000000000,1388888,2166666645,2166666645,2222222,2777776,1666668,2777776,5555552,0.250000,4000000000,1000000000
wide,2000000000,196,1000000000,1388888,2177777756,2177777756,2222222,2777776,1666668,2777776,5555552,0.250000,4000000000,1000000000
wide,2000000000,197,1000000000,1388888,2188888867,2188888867,2222222,2777776,1666668,2777776,5555552,0.250000,4000000000,1000000000
wide,2000000000,198,1000000000,1388888,2199999978,2199999978,2222222,2777776,1666668,2777776,5555552,0.250000,4000000000,1000000000
wide,2000000000,199,1000000000,1388888,2211111089,2211111089,2222222,2777776,1666668,2777776,5555552,0.250000,4000000000,1000000000
wide,2000000000,200,1000000000,1388888,2222222200,2222222200,2222222,2777776,1666668,2777776,5555552,0.250000,4000000000,1000000000
wide,2000000000,201,1000000000,1388888,2233333311,2233333311,2222222,2777776,1666668,2777776,5555552,0.250000,4000000000,1000000000
wide,2000000000,202,1000000000,1388888,2244444422,2244444422,2222222,2777776,1666668,2777776,5555552,0.250000,4000000000,1000000000
wide,2000000000,203,1000000000,1388888,2255555533,2255555533,2222222,2777776,1666668,2777776,5555552,0.250000,4000000000,1000000000
wide,2000000000,204,1000000000,1388888,2266666644,2266666644,2222222,2777776,1666668,2777776,5555552,0.250000,4000000000,1000000000
wide,2000000000,205,1000000000,1388888,2277777755,2277777755,2222222,2777776,1666668,2777776,5555552,0.250000,4000000000,1000000000
wide,2000000000,206,1000000000,1388888,2288888866,2288888866,2222222,2777776,1666668,2777776,5555552,0.250000,4000000000,1000000000
wide,2000000000,207,1000000000,1388888,2299999977,2299999977,2222222,2777776,1666668,2777776,5555552,0.250000,4000000000,1000000000
wide,2000000000,208,1000000000,1388888,2311111088,2311111088,2222222,2777776,1666668,2777776,5555552,0.250000,4000000000,1000000000
wide,2000000000,209,1000000000,1388888,2322222199,2322222199,2222222,2777776,1666668,2777776,5555552,0.250000,4000000000,1000000000
wide,2000000000,210,1000000000,1388888,2333333310,2333333310,2222222,2777776,1666668,2777776,5555552,0.250000,4000000000,1000000000
wide,2000000000,211,1000000000,1388888,2344444421,2344444421,2222222,2777776,1666668,2777776,5555552,0.250000,4000000000,1000000000
wide,2000000000,212,1000000000,1388888,2355555532,2355555532,2222222,2777776,1666668,2777776,5555552,0.250000,4000000000,1000000000
wide,2000000000,213,1000000000,1388888,2366666643,2366666643,2222222,2777776,1666668,2777776,5555552,0.250000,4000000000,1000000000
wide,2000000000,214,1000000000,1388888,2377777754,2377777754,2222222,2777776,1666668,2777776,5555552,0.250000,4000000000,1000000000
wide,2000000000,215,1000000000,1388888,2388888865,2388888865,2222222,2777776,1666668,2777776,5555552,0.250000,4000000000,1000000000
wide,2000000000,216,1000000000,1388888,2399999976,2399999976,2222222,2777776,1666668,2777776,5555552,0.250000,4000000000,1000000000
wide,2000000000,217,1000000000,1388888,2411111087,2411111087,2222222,2777776,1666668,2777776,5555552,0.250000,4000000000,1000000000
wide,2000000000,218,1000000000,1388888,2422222198,2422222198,2222222,2777776,1666668,2777776,5555552,0.250000,4000000000,1000000000
wide,2000000000,219,1000000000,1388888,2433333309,2433333309,2222222,2777776,1666668,2777776,5555552,0.250000,4000000000,1000000000
wide,2000000000,220,1000000000,1388888,2444444420,2444444420,2222222,2777776,1666668,2777776,5555552,0.250000,4000000000,1000000000
wide,2000000000,221,1000000000,1388888,2455555531,2455555531,2222222,2777776,1666668,2777776,5555552,0.250000,4000000000,1000000000
wide,2000000000,222,1000000000,1388888,2466666642,2466666642,2222222,2777776,1666668,2777776,5555552,0.250000,4000000000,1000000000
wide,2000000000,223,1000000000,1388888,2477777753,2477777753,2222222,2777776,1666668,2777776,5555552,0.250000,4000000000,1000000000
wide,2000000000,224,1000000000,1388888,2488888864,2488888864,2222222,2777776,1666668,2777776,5555552,0.250000,4000000000,1000000000
wide,2000000000,225,1000000000,1388888,2499999975,2499999975,2222222,2777776,1666668,2777776,5555552,0.250000,4000000000,1000000000
wide,2000000000,226,1000000000,1388888,2511111086,2511111086,2222222,2777776,1666668,2777776,5555552,0.250000,4000000000,1000000000
wide,2000000000,227,1000000000,1388888,2522222197,2522222197,2222222,2777776,1666668,2777776,5555552,0.250000,4000000000,1000000000
wide,2000000000,228,1000000000,1388888,2533333308,2533333308,2222222,2777776,1666668,2777776,5555552,0.250000,4000000000,1000000000
wide,2000000000,229,1000000000,1388888,2544444419,2544444419,2222222,2777776,1666668,2777776,5555552,0.250000,4000000000,1000000000
wide,2000000000,230,1000000000,1388888,2555555530,2555555530,2222222,2777776,1666668,2777776,5555552,0.250000,4000000000,1000000000
wide,2000000000,231,1000000000,1388888,2566666641,2566666641,2222222,2777776,1666668,2777776,5555552,0.250000,4000000000,1000000000
wide,2000000000,232,1000000000,1388888,2577777752,2577777752,2222222,2777776,1666668,2777776,5555552,0.250000,4000000000,1000000000
wide,2000000000,233,1000000000,1388888,2588888863,2588888863,2222222,2777776,1666668,2777776,5555552,0.250000,4000000000,1000000000
wide,2000000000,234,1000000000,1388888,2599999974,2599999974,2222222,2777776,1666668,2777776,5555552,0.250000,4000000000,1000000000
wide,2000000000,235,1000000000,1388888,2611111085,2611111085,2222222,2777776,1666668,2777776,5555552,0.250000,4000000000,1000000000
wide,2000000000,236,1000000000,1388888,2622222196,2622222196,2222222,2777776,1666668,2777776,5555552,0.250000,4000000000,1000000000
wide,2000000000,237,1000000000,1388888,2633333307,2633333307,2222222,2777776,1666668,2777776,5555552,0.250000,4000000000,1000000000
wide,2000000000,238,1000000000,1388888,2644444418,2644444418,2222222,2777776,1666668,2777776,5555552,0.250000,4000000000,1000000000
wide,2000000000,239,1000000000,1388888,2655555529,2655555529,2222222,2777776,1666668,2777776,5555552,0.250000,4000000000,1000000000
wide,2000000000,240,1000000000,1388888,2666666640,2666666640,2222222,2777776,1666668,2777776,5555552,0.250000,4000000000,1000000000
wide,2000000000,241,1000000000,1388888,2677777751,2677777751,2222222,2777776,1666668,2777776,5555552,0.250000,4000000000,1000000000
wide,2000000000,242,1000000000,1388888,2688888862,2688888862,2222222,2777776,1666668,2777776,5555552,0.250000,4000000000,1000000000
wide,2000000000,243,1000000000,1388888,2699999973,2699999973,2222222,2777776,1666668,2777776,5555552,0.250000,4000000000,1000000000
wide,2000000000,244,1000000000,1388888,2711111084,2711111084,2222222,2777776,1666668,2777776,5555552,0.250000,4000000000,1000000000
wide,2000000000,245,1000000000,1388888,2722222195,2722222195,2222222,2777776,1666668,2777776,5555552,0.250000,4000000000,1000000000
wide,2000000000,246,1000000000,1388888,2733333306,2733333306,2222222,2777776,1666668,2777776,5555552,0.250000,4000000000,1000000000
wide,2000000000,247,1000000000,1388888,2744444417,2744444417,2222222,2777776,1666668,2777776,5555552,0.250000,4000000000,1000000000
wide,2000000000,248,1000000000,1388888,2755555528,2755555528,2222222,2777776,1666668,2777776,5555552,0.250000,4000000000,1000000000
wide,2000000000,249,1000000000,1388888,2766666639,2766666639,2222222,2777776,1666668,2777776,5555552,0.250000,4000000000,1000000000
wide,2000000000,250,1000000000,1388888,2777777750,2777777750,2222222,2777776,1666668,2777776,5555552,0.250000,4000000000,1000000000
wide,2000000000,251,1000000000,1388888,2788888861,2788888861,2222222,2777776,1666668,2777776,5555552,0.250000,4000000000,1000000000
wide,2000000000,252,1000000000,1388888,2799999972,2799999972,2222222,2777776,1666668,2777776,5555552,0.250000,4000000000,1000000000
wide,2000000000,253,1000000000,1388888,2811111083,2811111083,2222222,2777776,1666668,2777776,5555552,0.250000,4000000000,1000000000
wide,2000000000,254,1000000000,1388888,2822222194,2822222194,2222222,2777776,1666668,2777776,5555552,0.250000,4000000000,1000000000
wide,2000000000,255,1000000000,1388888,2833333305,2833333305,2222222,2777776,1666668,2777776,5555552,0.250000,4000000000,1000000000
wide,2000000000,256,1000000000,1388888,2844444416,2844444416,2222222,2777776,1666668,2777776,5555552,0.250000,4000000000,1000000000
wide,2000000000,257,1000000000,1388888,2855555527,2855555527,2222222,2777776,1666668,2777776,5555552,0.250000,4000000000,1000000000
wide,2000000000,258,1000000000,1388888,2866666638,2866666638,2222222,2777776,1666668,2777776,5555552,0.250000,4000000000,1000000000
wide,2000000000,259,1000000000,1388888,2877777749,2877777749,2222222,2777776,1666668,2777776,5555552,0.250000,4000000000,1000000000
wide,2000000000,260,1000000000,1388888,2888888860,2888888860,2222222,2777776,1666668,2777776,5555552,0.250000,4000000000,1000000000
wide,2000000000,261,1000000000,1388888,2899999971,2899999971,2222222,2777776,1666668,2777776,5555552,0.250000,4000000000,1000000000
wide,2000000000,262,1000000000,1388888,2911111082,2911111082,2222222,2777776,1666668,2777776,5555552,0.250000,4000000000,1000000000
wide,2000000000,263,1000000000,1388888,2922222193,2922222193,2222222,2777776,1666668,2777776,5555552,0.250000,4000000000,1000000000
wide,2000000000,264,1000000000,1388888,2933333304,2933333304,2222222,2777776,1666668,2777776,5555552,0.250000,4000000000,1000000000
wide,2000000000,265,1000000000,1388888,2944444415,2944444415,2222222,2777776,1666668,2777776,5555552,0.250000,4000000000,1000000000
wide,2000000000,266,1000000000,1388888,2955555526,2955555526,2222222,2777776,1666668,2777776,5555552,0.250000,4000000000,1000000000
wide,2000000000,267,1000000000,1388888,2966666637,2966666637,2222222,2777776,1666668,2777776,5555552,0.250000,4000000000,1000000000
wide,2000000000,268,1000000000,1388888,2977777748,2977777748,2222222,2777776,1666668,2777776,5555552,0.250000,4000000000,1000000000
wide,2000000000,269,1000000000,1388888,2988888859,2988888859,2222222,2777776,1666668,2777776,5555552,0.250000,4000000000,1000000000
wide,2000000000,270,1000000000,1388888,2999999970,2999999970,2222222,2777776,1666668,2777776,5555552,0.250000,4000000000,1000000000
wide,2000000000,271,1000000000,1388888,3011111081,3011111081,2222222,2777776,1666668,2777776,5555552,0.250000,4000000000,1000000000
wide,2000000000,272,1000000000,1388888,3022222192,3022222192,2222222,2777776,1666668,2777776,5555552,0.250000,4000000000,1000000000
wide,2000000000,273,1000000000,1388888,3033333303,3033333303,2222222,2777776,1666668,2777776,5555552,0.250000,4000000000,1000000000
wide,2000000000,274,1000000000,1388888,3044444414,3044444414,2222222,2777776,1666668,2777776,5555552,0.250000,4000000000,1000000000
wide,2000000000,275,1000000000,1388888,3055555525,3055555525,2222222,2777776,1666668,2777776,5555552,0.250000,4000000000,1000000000
wide,2000000000,276,1000000000,1388888,3066666636,3066666636,2222222,2777776,1666668,2777776,5555552,0.250000,4000000000,1000000000
wide,2000000000,277,1000000000,1388888,3077777747,3077777747,2222222,2777776,1666668,2777776,5555552,0.250000,4000000000,1000000000
wide,2000000000,278,1000000000,1388888,3088888858,3088888858,2222222,2777776,1666668,2777776,5555552,0.250000,4000000000,1000000000
wide,2000000000,279,1000000000,1388888,3099999969,3099999969,2222222,2777776,1666668,2777776,5555552,0.250000,4000000000,1000000000
wide,2000000000,280,1000000000,1388888,3111111080,3111111080,2222222,2777776,1666668,2777776,5555552,0.250000,4000000000,1000000000
wide,2000000000,281,1000000000,1388888,3122222191,3122222191,2222222,2777776,1666668,2777776,5555552,0.250000,4000000000,1000000000
wide,2000000000,282,1000000000,1388888,3133333302,3133333302,2222222,2777776,1666668,2777776,5555552,0.250000,4000000000,1000000000
wide,2000000000,283,1000000000,1388888,3144444413,3144444413,2222222,2777776,1666668,2777776,5555552,0.250000,4000000000,1000000000
wide,2000000000,284,1000000000,1388888,3155555524,3155555524,2222222,2777776,1666668,2777776,5555552,0.250000,4000000000,1000000000
wide,2000000000,285,1000000000,1388888,3166666635,3166666635,2222222,2777776,1666668,2777776,5555552,0.250000,4000000000,1000000000
wide,2000000000,286,1000000000,1388888,3177777746,3177777746,2222222,2777776,1666668,2777776,5555552,0.250000,4000000000,1000000000
wide,2000000000,287,1000000000,1388888,3188888857,3188888857,2222222,2777776,1666668,2777776,5555552,0.250000,4000000000,1000000000
wide,2000000000,288,1000000000,1388888,3199999968,3199999968,2222222,2777776,1666668,2777776,5555552,0.250000,4000000000,1000000000
wide,2000000000,289,1000000000,1388888,3211111079,3211111079,2222222,2777776,1666668,2777776,5555552,0.250000,4000000000,1000000000
wide,2000000000,290,1000000000,1388888,3222222190,3222222190,2222222,2777776,1666668,2777776,5555552,0.250000,4000000000,1000000000
wide,2000000000,291,1000000000,1388888,3233333301,3233333301,2222222,2777776,1666668,2777776,5555552,0.250000,4000000000,1000000000
wide,2000000000,292,1000000000,1388888,3244444412,3244444412,2222222,2777776,1666668,2777776,5555552,0.250000,4000000000,1000000000
wide,2000000000,293,1000000000,1388888,3255555523,3255555523,2222222,2777776,1666668,2777776,5555552,0.250000,4000000000,1000000000
wide,2000000000,294,1000000000,1388888,3266666634,3266666634,2222222,2777776,1666668,2777776,5555552,0.250000,4000000000,1000000000
wide,2000000000,295,1000000000,1388888,3277777745,3277777745,2222222,2777776,1666668,2777776,5555552,0.250000,4000000000,1000000000
wide,2000000000,296,1000000000,1388888,3288888856,3288888856,2222222,2777776,1666668,2777776,5555552,0.250000,4000000000,1000000000
wide,2000000000,297,1000000000,1388888,3299999967,3299999967,2222222,2777776,1666668,2777776,5555552,0.250000,4000000000,1000000000
wide,2000000000,298,1000000000,1388888,3311111078,3311111078,2222222,2777776,1666668,2777776,5555552,0.250000,4000000000,1000000000
wide,2000000000,299,1000000000,1388888,3322222189,3322222189,2222222,2777776,1666668,2777776,5555552,0.250000,4000000000,1000000000
wide,2000000000,300,1000000000,1388888,3333333300,3333333300,2222222,2777776,1666668,2777776,5555552,0.250000,4000000000,1000000000
wide,2000000000,301,1000000000,1388888,3344444411,3344444411,2222222,2777776,1666668,2777776,5555552,0.250000,4000000000,1000000000
wide,2000000000,302,1000000000,1388888,3355555522,3355555522,2222222,2777776,1666668,2777776,5555552,0.250000,4000000000,1000000000
wide,2000000000,303,1000000000,1388888,3366666633,3366666633,2222222,2777776,1666668,2777776,5555552,0.250000,4000000000,1000000000
wide,2000000000,304,1000000000,1388888,3377777744,3377777744,2222222,2777776,1666668,2777776,5555552,0.250000,4000000000,1000000000
wide,2000000000,305,1000000000,1388888,3388888855,3388888855,2222222,2777776,1666668,2777776,5555552,0.250000,4000000000,1000000000
wide,2000000000,306,1000000000,1388888,3399999966,3399999966,2222222,2777776,1666668,2777776,5555552,0.250000,4000000000,1000000000
wide,2000000000,307,1000000000,1388888,3411111077,3411111077,2222222,2777776,1666668,2777776,5555552,0.250000,4000000000,1000000000
wide,2000000000,308,1000000000,1388888,3422222188,3422222188,2222222,2777776,1666668,2777776,5555552,0.250000,4000000000,1000000000
wide,2000000000,309,1000000000,1388888,3433333299,3433333299,2222222,2777776,1666668,2777776,5555552,0.250000,4000000000,1000000000
wide,2000000000,310,1000000000,1388888,3444444410,3444444410,2222222,2777776,1666668,2777776,5555552,0.250000,4000000000,1000000000
wide,2000000000,311,1000000000,1388888,3455555521,3455555521,2222222,2777776,1666668,2777776,5555552,0.250000,4000000000,1000000000
wide,2000000000,312,1000000000,1388888,3466666632,3466666632,2222222,2777776,1666668,2777776,5555552,0.250000,4000000000,1000000000
wide,2000000000,313,1000000000,1388888,3477777743,3477777743,2222222,2777776,1666668,2777776,5555552,0.250000,4000000000,1000000000
wide,2000000000,314,1000000000,1388888,3488888854,3488888854,2222222,2777776,1666668,2777776,5555552,0.250000,4000000000,1000000000
wide,2000000000,315,1000000000,1388888,3499999965,3499999965,2222222,2777776,1666668,2777776,5555552,0.250000,4000000000,1000000000
wide,2000000000,316,1000000000,1388888,3511111076,3511111076,2222222,2777776,1666668,2777776,5555552,0.250000,4000000000,1000000000
wide,2000000000,317,1000000000,1388888,3522222187,3522222187,2222222,2777776,1666668,2777776,5555552,0.250000,4000000000,1000000000
wide,2000000000,318,1000000000,1388888,3533333298,3533333298,2222222,2777776,1666668,2777776,5555552,0.250000,4000000000,1000000000
wide,2000000000,319,1000000000,1388888,3544444409,3544444409,2222222,2777776,1666668,2777776,5555552,0.250000,4000000000,1000000000
wide,2000000000,320,1000000000,1388888,3555555520,3555555520,2222222,2777776,1666668,2777776,5555552,0.250000,4000000000,1000000000
wide,2000000000,321,1000000000,1388888,3566666631,3566666631,2222222,2777776,1666668,2777776,5555552,0.250000,4000000000,1000000000
wide,2000000000,322,1000000000,1388888,3577777742,3577777742,2222222,2777776,1666668,2777776,5555552,0.250000,4000000000,1000000000
wide,2000000000,323,1000000000,1388888,3588888853,3588888853,2222222,2777776,1666668,2777776,5555552,0.250000,4000000000,1000000000
wide,2000000000,324,1000000000,1388888,3599999964,3599999964,2222222,2777776,1666668,2777776,5555552,0.250000,4000000000,1000000000
wide,2000000000,325,1000000000,1388888,3611111075,3611111075,2222222,2777776,1666668,2777776,5555552,0.250000,4000000000,1000000000
wide,2000000000,326,1000000000,1388888,3622222186,3622222186,2222222,2777776,1666668,2777776,5555552,0.250000,4000000000,1000000000
wide,2000000000,327,1000000000,1388888,3633333297,3633333297,2222222,2777776,1666668,2777776,5555552,0.250000,4000000000,1000000000
wide,2000000000,328,1000000000,1388888,3644444408,3644444408,2222222,2777776,1666668,2777776,5555552,0.250000,4000000000,1000000000
wide,2000000000,329,1000000000,1388888,3655555519,3655555519,2222222,2777776,1666668,2777776,5555552,0.250000,4000000000,1000000000
wide,2000000000,330,1000000000,1388888,3666666630,3666666630,2222222,2777776,1666668,2777776,5555552,0.250000,4000000000,1000000000
wide,2000000000,331,1000000000,1388888,3677777741,3677777741,2222222,2777776,1666668,2777776,5555552,0.250000,4000000000,1000000000
wide,2000000000,332,1000000000,1388888,3688888852,3688888852,2222222,2777776,1666668,2777776,5555552,0.250000,4000000000,1000000000
wide,2000000000,333,1000000000,1388888,3699999963,3699999963,2222222,2777776,1666668,2777776,5555552,0.250000,4000000000,1000000000
wide,2000000000,334,1000000000,1388888,3711111074,3711111074,2222222,2777776,1666668,2777776,5555552,0.250000,4000000000,1000000000
wide,2000000000,335,1000000000,1388888,3722222185,3722222185,2222222,2777776,1666668,2777776,5555552,0.250000,4000000000,1000000000
wide,2000000000,336,1000000000,1388888,3733333296,3733333296,2222222,2777776,1666668,2777776,5555552,0.250000,4000000000,1000000000
wide,2000000000,337,1000000000,1388888,3744444407,3744444407,2222222,2777776,1666668,2777776,5555552,0.250000,4000000000,1000000000
wide,2000000000,338,1000000000,1388888,3755555518,3755555518,2222222,2777776,1666668,2777776,5555552,0.250000,4000000000,1000000000
wide,2000000000,339,1000000000,1388888,3766666629,3766666629,2222222,2777776,1666668,2777776,5555552,0.250000,4000000000,1000000000
wide,2000000000,340,1000000000,1388888,3777777740,3777777740,2222222,2777776,1666668,2777776,5555552,0.250000,4000000000,1000000000
wide,2000000000,341,1000000000,1388888,3788888851,3788888851,2222222,2777776,1666668,2777776,5555552,0.250000,4000000000,1000000000
wide,2000000000,342,1000000000,1388888,3799999962,3799999962,2222222,2777776,1666668,2777776,5555552,0.250000,4000000000,1000000000
wide,2000000000,343,1000000000,1388888,3811111073,3811111073,2222222,2777776,1666668,2777776,5555552,0.250000,4000000000,1000000000
wide,2000000000,344,1000000000,1388888,3822222184,3822222184,2222222,2777776,1666668,2777776,5555552,0.250000,4000000000,1000000000
wide,2000000000,345,1000000000,1388888,3833333295,3833333295,2222222,2777776,1666668,2777776,5555552,0.250000,4000000000,1000000000
wide,2000000000,346,1000000000,1388888,3844444406,3844444406,2222222,2777776,1666668,2777776,5555552,0.250000,4000000000,1000000000
wide,2000000000,347,1000000000,1388888,3855555517,3855555517,2222222,2777776,1666668,2777776,5555552,0.250000,4000000000,1000000000
wide,2000000000,348,1000000000,1388888,3866666628,3866666628,2222222,2777776,1666668,2777776,5555552,0.250000,4000000000,1000000000
wide,2000000000,349,1000000000,1388888,3877777739,3877777739,2222222,2777776,1666668,2777776,5555552,0.250000,4000000000,1000000000
wide,2000000000,350,1000000000,1388888,3888888850,3888888850,2222222,2777776,1666668,2777776,5555552,0.250000,4000000000,1000000000
wide,2000000000,351,1000000000,1388888,3899999961,3899999961,2222222,2777776,1666668,2777776,5555552,0.250000,4000000000,1000000000
wide,2000000000,352,1000000000,1388888,3911111072,3911111072,2222222,2777776,1666668,2777776,5555552,0.250000,4000000000,1000000000
wide,2000000000,353,1000000000,1388888,3922222183,3922222183,2222222,2777776,1666668,2777776,5555552,0.250000,4000000000,1000000000
wide,2000000000,354,1000000000,1388888,3933333294,3933333294,2222222,2777776,1666668,2777776,5555552,0.250000,4000000000,1000000000
wide,2000000000,355,1000000000,1388888,3944444405,3944444405,2222222,2777776,1666668,2777776,5555552,0.250000,4000000000,1000000000
wide,2000000000,356,1000000000,1388888,3955555516,3955555516,2222222,2777776,1666668,2777776,5555552,0.250000,4000000000,1000000000
wide,2000000000,357,1000000000,1388888,3966666627,3966666627,2222222,2777776,1666668,2777776,5555552,0.250000,4000000000,1000000000
wide,2000000000,358,1000000000,1388888,3977777738,3977777738,2222222,2777776,1666668,2777776,5555552,0.250000,4000000000,1000000000
wide,2000000000,359,1000000000,1388888,3988888849,3988888849,2222222,2777776,1666668,2777776,5555552,0.250000,4000000000,1000000000
wide,2000000000,360,1000000000,1388888,3999999960,3999999960,2222222,2777776,1666668,2777776,5555552,0.250000,4000000000,1000000000
wide,2000000000,361,1000000000,1388888,4011111071,4011111071,2222222,2777776,1666668,2777776,5555552,0.250000,4000000000,1000000000
wide,2000000000,362,1000000000,1388888,4022222182,4022222182,2222222,2777776,1666668,2777776,5555552,0.250000,4000000000,1000000000
wide,2000000000,363,1000000000,1388888,4033333293,4033333293,2222222,2777776,1666668,2777776,5555552,0.250000,4000000000,1000000000
wide,2000000000,364,1000000000,1388888,4044444404,4044444404,2222222,2777776,1666668,2777776,5555552,0.250000,4000000000,1000000000
wide,2000000000,365,1000000000,1388888,4055555515,4055555515,2222222,2777776,1666668,2777776,5555552,0.250000,4000000000,1000000000
wide,2000000000,366,1000000000,1388888,4066666626,4066666626,2222222,2777776,1666668,2777776,5555552,0.250000,4000000000,1000000000
wide,2000000000,367,1000000000,1388888,4077777737,4077777737,2222222,2777776,1666668,2777776,5555552,0.250000,4000000000,1000000000
wide,2000000000,368,1000000000,1388888,4088888848,4088888848,2222222,2777776,1666668,2777776,5555552,0.250000,4000000000,1000000000
wide,2000000000,369,1000000000,1388888,4099999959,4099999959,2222222,2777776,1666668,2777776,5555552,0.250000,4000000000,1000000000
wide,2000000000,370,1000000000,1388888,4111111070,4111111070,2222222,2777776,1666668,2777776,5555552,0.250000,4000000000,1000000000
wide,2000000000,371,1000000000,1388888,4122222181,4122222181,2222222,2777776,1666668,2777776,5555552,0.250000,4000000000,1000000000
wide,2000000000,372,1000000000,1388888,4133333292,4133333292,2222222,2777776,1666668,2777776,5555552,0.250000,4000000000,1000000000
wide,2000000000,373,1000000000,1388888,4144444403,4144444403,2222222,2777776,1666668,2777776,5555552,0.250000,4000000000,1000000000
wide,2000000000,374,1000000000,1388888,4155555514,4155555514,2222222,2777776,1666668,2777776,5555552,0.250000,4000000000,1000000000
wide,2000000000,375,1000000000,1388888,4166666625,4166666625,2222222,2777776,1666668,2777776,5555552,0.250000,4000000000,1000000000
wide,2000000000,376,1000000000,1388888,4177777736,4177777736,2222222,2777776,1666668,2777776,5555552,0.250000,4000000000,1000000000
wide,2000000000,377,1000000000,1388888,4188888847,4188888847,2222222,2777776,1666668,2777776,5555552,0.250000,4000000000,1000000000
wide,2000000000,378,1000000000,1388888,4199999958,4199999958,2222222,2777776,1666668,2777776,5555552,0.250000,4000000000,1000000000
wide,2000000000,379,1000000000,1388888,4211111069,4211111069,2222222,2777776,1666668,2777776,5555552,0.250000,4000000000,1000000000
wide,2000000000,380,1000000000,1388888,4222222180,4222222180,2222222,2777776,1666668,2777776,5555552,0.250000,4000000000,1000000000
wide,2000000000,381,1000000000,1388888,4233333291,4233333291,2222222,2777776,1666668,2777776,5555552,0.250000,4000000000,1000000000
wide,2000000000,382,1000000000,1388888,4244444402,4244444402,2222222,2777776,1666668,2777776,5555552,0.250000,4000000000,1000000000
wide,2000000000,383,1000000000,1388888,4255555513,4255555513,2222222,2777776,1666668,2777776,5555552,0.250000,4000000000,1000000000
wide,2000000000,384,1000000000,1388888,4266666624,4266666624,2222222,2777776,1666668,2777776,5555552,0.250000,4000000000,1000000000
wide,2000000000,385,1000000000,1388888,4277777735,4277777735,2222222,2777776,1666668,2777776,5555552,0.250000,4000000000,1000000000
wide,2000000000,386,1000000000,1388888,4288888846,4288888846,2222222,2777776,1666668,2777776,5555552,0.250000,4000000000,1000000000
wide,2000000000,387,1000000000,1388888,4299999957,4299999957,2222222,2777776,1666668,2777776,5555552,0.250000,4000000000,1000000000
wide,2000000000,388,1000000000,1388888,4311111068,4311111068,2222222,2777776,1666668,2777776,5555552,0.250000,4000000000,1000000000
wide,2000000000,389,1000000000,1388888,4322222179,4322222179,2222222,2777776,1666668,2777776,5555552,0.250000,4000000000,1000000000
wide,2000000000,390,1000000000,1388888,4333333290,4333333290,2222222,2777776,1666668,2777776,5555552,0.250000,4000000000,1000000000
wide,2000000000,391,1000000000,1388888,4344444401,4344444401,2222222,2777776,1666668,2777776,5555552,0.250000,4000000000,1000000000
wide,2000000000,392,1000000000,1388888,4355555512,4355555512,2222222,2777776,1666668,2777776,5555552,0.250000,4000000000,1000000000
wide,2000000000,393,1000000000,1388888,4366666623,4366666623,2222222,2777776,1666668,2777776,5555552,0.250000,4000000000,1000000000
wide,2000000000,394,1000000000,1388888,4377777734,4377777734,2222222,2777776,1666668,2777776,5555552,0.250000,4000000000,1000000000
wide,2000000000,395,1000000000,1388888,4388888845,4388888845,2222222,2777776,1666668,2777776,5555552,0.250000,4000000000,1000000000
wide,2000000000,396,1000000000,1388888,4399999956,4399999956,2222222,2777776,1666668,2777776,5555552,0.250000,4000000000,1000000000
wide,2000000000,397,1000000000,1388888,4411111067,4411111067,2222222,2777776,1666668,2777776,5555552,0.250000,4000000000,1000000000
wide,2000000000,398,1000000000,1388888,4422222178,4422222178,2222222,2777776,1666668,2777776,5555552,0.250000,4000000000,1000000000
wide,2000000000,399,1000000000,1388888,4433333289,4433333289,2222222,2777776,1666668,2777776,5555552,0.250000,4000000000,1000000000
wide,2000000000,400,1000000000,1388888,4444444400,4444444400,2222222,2777776,1666668,2777776,5555552,0.250000,4000000000,1000000000
wide,2000000000,401,1000000000,1388888,4455555511,4455555511,2222222,2777776,1666668,2777776,5555552,0.250000,4000000000,1000000000
wide,2000000000,402,1000000000,1388888,4466666622,4466666622,2222222,2777776,1666668,2777776,5555552,0.250000,4000000000,1000000000
wide,2000000000,403,1000000000,1388888,4477777733,4477777733,2222222,2777776,1666668,2777776,5555552,0.250000,4000000000,1000000000
wide,2000000000,404,1000000000,1388888,4488888844,4488888844,2222222,2777776,1666668,2777776,5555552,0.250000,4000000000,1000000000
wide,2000000000,405,1000000000,1388888,4499999955,4499999955,2222222,2777776,1666668,2777776,5555552,0.250000,4000000000,1000000000
wide,2000000000,406,1000000000,1388888,4511111066,4511111066,2222222,2777776,1666668,2777776,5555552,0.250000,4000000000,1000000000
wide,2000000000,407,1000000000,1388888,4522222177,4522222177,2222222,2777776,1666668,2777776,5555552,0.250000,4000000000,1000000000
wide,2000000000,408,1000000000,1388888,4533333288,4533333288,2222222,2777776,1666668,2777776,5555552,0.250000,4000000000,1000000000
wide,2000000000,409,1000000000,1388888,4544444399,4544444399,2222222,2777776,1666668,2777776,5555552,0.250000,4000000000,1000000000
wide,2000000000,410,1000000000,1388888,4555555510,4555555510,2222222,2777776,1666668,2777776,5555552,0.250000,4000000000,1000000000
wide,2000000000,411,1000000000,1388888,4566666621,4566666621,2222222,2777776,1666668,2777776,5555552,0.250000,4000000000,1000000000
wide,2000000000,412,1000000000,1388888,4577777732,4577777732,2222222,2777776,1666668,2777776,5555552,0.250000,4000000000,1000000000
wide,2000000000,413,1000000000,1388888,4588888843,4588888843,2222222,2777776,1666668,2777776,5555552,0.250000,4000000000,1000000000
wide,2000000000,414,1000000000,1388888,4599999954,4599999954,2222222,2777776,1666668,2777776,5555552,0.250000,4000000000,1000000000
wide,2000000000,415,1000000000,1388888,4611111065,4611111065,2222222,2777776,1666668,2777776,5555552,0.250000,4000000000,1000000000
wide,2000000000,416,1000000000,1388888,4622222176,4622222176,2222222,2777776,1666668,2777776,5555552,0.250000,4000000000,1000000000
wide,2000000000,417,1000000000,1388888,4633333287,4633333287,2222222,2777776,1666668,2777776,5555552,0.250000,4000000000,1000000000
wide,2000000000,418,1000000000,1388888,4644444398,4644444398,2222222,2777776,1666668,2777776,5555552,0.250000,4000000000,1000000000
wide,2000000000,419,1000000000,1388888,4655555509,4655555509,2222222,2777776,1666668,2777776,5555552,0.250000,4000000000,1000000000
wide,2000000000,420,1000000000,1388888,4666666620,4666666620,2222222,2777776,1666668,2777776,5555552,0.250000,4000000000,1000000000
wide,2000000000,421,1000000000,1388888,4677777731,4677777731,2222222,2777776,1666668,2777776,5555552,0.250000,4000000000,1000000000
wide,2000000000,422,1000000000,1388888,4688888842,4688888842,2222222,2777776,1666668,2777776,5555552,0.250000,4000000000,1000000000
wide,2000000000,423,1000000000,1388888,4699999953,4699999953,2222222,2777776,1666668,2777776,5555552,0.250000,4000000000,1000000000
wide,2000000000,424,1000000000,1388888,4711111064,4711111064,2222222,2777776,1666668,2777776,5555552,0.250000,4000000000,1000000000
wide,2000000000,425,1000000000,1388888,4722222175,4722222175,2222222,2777776,1666668,2777776,5555552,0.250000,4000000000,1000000000
wide,2000000000,426,1000000000,1388888,4733333286,4733333286,2222222,2777776,1666668,2777776,5555552,0.250000,4000000000,1000000000
wide,2000000000,427,1000000000,1388888,4744444397,4744444397,2222222,2777776,1666668,2777776,5555552,0.250000,4000000000,1000000000
wide,2000000000,428,1000000000,1388888,4755555508,4755555508,2222222,2777776,1666668,2777776,5555552,0.250000,4000000000,1000000000
wide,2000000000,429,1000000000,1388888,4766666619,4766666619,2222222,2777776,1666668,2777776,5555552,0.250000,4000000000,1000000000
wide,2000000000,430,1000000000,1388888,4777777730,4777777730,2222222,2777776,1666668,2777776,5555552,0.250000,4000000000,1000000000
wide,2000000000,431,1000000000,1388888,4788888841,4788888841,2222222,2777776,1666668,2777776,5555552,0.250000,4000000000,1000000000
wide,2000000000,432,1000000000,1388888,4799999952,4799999952,2222222,2777776,1666668,2777776,5555552,0.250000,4000000000,1000000000
wide,2000000000,433,1000000000,1388888,4811111063,4811111063,2222222,2777776,1666668,2777776,5555552,0.250000,4000000000,1000000000
wide,2000000000,434,1000000000,1388888,4822222174,4822222174,2222222,2777776,1666668,2777776,5555552,0.250000,4000000000,1000000000
wide,2000000000,435,1000000000,1388888,4833333285,4833333285,2222222,2777776,1666668,2777776,5555552,0.250000,4000000000,1000000000
wide,2000000000,436,1000000000,1388888,4844444396,4844444396,2222222,2777776,1666668,2777776,5555552,0.250000,4000000000,1000000000
wide,2000000000,437,1000000000,1388888,4855555507,4855555507,2222222,2777776,1666668,2777776,5555552,0.250000,4000000000,1000000000
wide,2000000000,438,1000000000,1388888,4866666618,4866666618,2222222,2777776,1666668,2777776,5555552,0.250000,4000000000,1000000000
wide,2000000000,439,1000000000,1388888,4877777729,4877777729,2222222,2777776,1666668,2777776,5555552,0.250000,4000000000,1000000000
wide,2000000000,440,1000000000,1388888,4888888840,4888888840,2222222,2777776,1666668,2777776,5555552,0.250000,4000000000,1000000000
wide,2000000000,441,1000000000,1388888,4899999951,4899999951,2222222,2777776,1666668,2777776,5555552,0.250000,4000000000,1000000000
wide,2000000000,442,1000000000,1388888,4911111062,4911111062,2222222,2777776,1666668,2777776,5555552,0.250000,4000000000,1000000000
wide,2000000000,443,1000000000,1388888,4922222173,4922222173,2222222,2777776,1666668,2777776,5555552,0.250000,4000000000,1000000000
wide,2000000000,444,1000000000,1388888,4933333284,4933333284,2222222,2777776,1666668,2777776,5555552,0.250000,4000000000,1000000000
wide,2000000000,445,1000000000,1388888,4944444395,4944444395,2222222,2777776,1666668,2777776,5555552,0.250000,4000000000,1000000000
wide,2000000000,446,1000000000,1388888,4955555506,4955555506,2222222,2777776,1666668,2777776,5555552,0.250000,4000000000,1000000000
wide,2000000000,447,1000000000,1388888,4966666617,4966666617,2222222,2777776,1666668,2777776,5555552,0.250000,4000000000,1000000000
wide,2000000000,448,1000000000,1388888,4977777728,4977777728,2222222,2777776,1666668,2777776,5555552,0.250000,4000000000,1000000000
wide,2000000000,449,1000000000,1388888,4988888839,4988888839,2222222,2777776,1666668,2777776,5555552,0.250000,4000000000,1000000000
wide,2000000000,450,1000000000,1388888,4999999950,4999999950,2222222,2777776,1666668,2777776,5555552,0.250000,4000000000,1000000000
wide,2000000000,451,1000000000,1388888,5011111061,5011111061,2222222,2777776,1666668,2777776,5555552,0.250000,4000000000,1000000000
wide,2000000000,452,1000000000,1388888,5022222172,5022222172,2222222,2777776,1666668,2777776,5555552,0.250000,4000000000,1000000000
wide,2000000000,453,1000000000,1388888,5033333283,5033333283,2222222,2777776,1666668,2777776,5555552,0.250000,4000000000,1000000000
wide,2000000000,454,1000000000,1388888,5044444394,5044444394,2222222,2777776,1666668,2777776,5555552,0.250000,4000000000,1000000000
wide,2000000000,455,1000000000,1388888,5055555505,5055555505,2222222,2777776,1666668,2777776,5555552,0.250000,4000000000,1000000000
wide,2000000000,456,1000000000,1388888,5066666616,5066666616,2222222,2777776,1666668,2777776,5555552,0.250000,4000000000,1000000000
wide,2000000000,457,1000000000,1388888,5077777727,5077777727,2222222,2777776,1666668,2777776,5555552,0.250000,4000000000,1000000000
wide,2000000000,458,1000000000,1388888,5088888838,5088888838,2222222,2777776,1666668,2777776,5555552,0.250000,4000000000,1000000000
wide,2000000000,459,1000000000,1388888,5099999949,5099999949,2222222,2777776,1666668,2777776,5555552,0.250000,4000000000,1000000000
wide,2000000000,460,1000000000,1388888,5111111060,5111111060,2222222,2777776,1666668,2777776,5555552,0.250000,4000000000,1000000000
wide,2000000000,461,1000000000,1388888,5122222171,5122222171,2222222,2777776,1666668,2777776,5555552,0.250000,4000000000,1000000000
wide,2000000000,462,1000000000,1388888,5133333282,5133333282,2222222,2777776,1666668,2777776,5555552,0.250000,4000000000,1000000000
wide,2000000000,463,1000000000,1388888,5144444393,5144444393,2222222,2777776,1666668,2777776,5555552,0.250000,4000000000,1000000000
wide,2000000000,464,1000000000,1388888,5155555504,5155555504,2222222,2777776,1666668,2777776,5555552,0.250000,4000000000,1000000000
wide,2000000000,465,1000000000,1388888,5166666615,5166666615,2222222,2777776,1666668,2777776,5555552,0.250000,4000000000,1000000000
wide,2000000000,466,1000000000,1388888,5177777726,5177777726,2222222,2777776,1666668,2777776,5555552,0.250000,4000000000,1000000000
wide,2000000000,467,1000000000,1388888,5188888837,5188888837,2222222,2777776,1666668,2777776,5555552,0.250000,4000000000,1000000000
wide,2000000000,468,1000000000,1388888,5199999948,5199999948,2222222,2777776,1666668,2777776,5555552,0.250000,4000000000,1000000000
wide,2000000000,469,1000000000,1388888,5211111059,5211111059,2222222,2777776,1666668,2777776,5555552,0.250000,4000000000,1000000000
wide,2000000000,470,1000000000,1388888,5222222170,5222222170,2222222,2777776,1666668,2777776,5555552,0.250000,4000000000,1000000000
wide,2000000000,471,1000000000,1388888,5233333281,5233333281,2222222,2777776,1666668,2777776,5555552,0.250000,4000000000,1000000000
wide,2000000000,472,1000000000,1388888,5244444392,5244444392,2222222,2777776,1666668,2777776,5555552,0.250000,4000000000,1000000000
wide,2000000000,473,1000000000,1388888,5255555503,5255555503,2222222,2777776,1666668,2777776,5555552,0.250000,4000000000,1000000000
wide,2000000000,474,1000000000,1388888,5266666614,5266666614,2222222,2777776,1666668,2777776,5555552,0.250000,4000000000,1000000000
wide,2000000000,475,1000000000,1388888,5277777725,5277777725,2222222,2777776,1666668,2777776,5555552,0.250000,4000000000,1000000000
wide,2000000000,476,1000000000,1388888,5288888836,5288888836,2222222,2777776,1666668,2777776,5555552,0.250000,4000000000,1000000000
wide,2000000000,477,1000000000,1388888,5299999947,5299999947,2222222,2777776,1666668,2777776,5555552,0.250000,4000000000,1000000000
wide,2000000000,478,1000000000,1388888,5311111058,5311111058,2222222,2777776,1666668,2777776,5555552,0.250000,4000000000,1000000000
wide,2000000000,479,1000000000,1388888,5322222169,5322222169,2222222,2777776,1666668,2777776,5555552,0.250000,4000000000,1000000000
wide,2000000000,480,1000000000,1388888,5333333280,5333333280,2222222,2777776,1666668,2777776,5555552,0.250000,4000000000,1000000000
wide,2000000000,481,1000000000,1388888,5344444391,5344444391,2222222,2777776,1666668,2777776,5555552,0.250000,4000000000,1000000000
wide,2000000000,482,1000000000,1388888,5355555502,5355555502,2222222,2777776,1666668,2777776,5555552,0.250000,4000000000,1000000000
wide,2000000000,483,1000000000,1388888,5366666613,5366666613,2222222,2777776,1666668,2777776,5555552,0.250000,4000000000,1000000000
wide,2000000000,484,1000000000,1388888,5377777724,5377777724,2222222,2777776,1666668,2777776,5555552,0.250000,4000000000,1000000000
wide,2000000000,485,1000000000,1388888,5388888835,5388888835,2222222,2777776,1666668,2777776,5555552,0.250000,4000000000,1000000000
wide,2000000000,486,1000000000,1388888,5399999946,5399999946,2222222,2777776,1666668,2777776,5555552,0.250000,4000000000,1000000000
wide,2000000000,487,1000000000,1388888,5411111057,5411111057,2222222,2777776,1666668,2777776,5555552,0.250000,4000000000,1000000000
wide,2000000000,488,1000000000,1388888,5422222168,5422222168,2222222,2777776,1666668,2777776,5555552,0.250000,4000000000,1000000000
wide,2000000000,489,1000000000,1388888,5433333279,5433333279,2222222,2777776,1666668,2777776,5555552,0.250000,4000000000,1000000000
wide,2000000000,490,1000000000,1388888,5444444390,5444444390,2222222,2777776,1666668,2777776,5555552,0.250000,4000000000,1000000000
wide,2000000000,491,1000000000,1388888,5455555501,5455555501,2222222,2777776,1666668,2777776,5555552,0.250000,4000000000,1000000000
wide,2000000000,492,1000000000,1388888,5466666612,5466666612,2222222,2777776,1666668,2777776,5555552,0.250000,4000000000,1000000000
wide,2000000000,493,1000000000,1388888,5477777723,5477777723,2222222,2777776,1666668,2777776,5555552,0.250000,4000000000,1000000000
wide,2000000000,494,1000000000,1388888,5488888834,5488888834,2222222,2777776,1666668,2777776,5555552,0.250000,4000000000,1000000000
wide,2000000000,495,1000000000,1388888,5499999945,5499999945,2222222,2777776,1666668,2777776,5555552,0.250000,4000000000,1000000000
wide,2000000000,496,1000000000,1388888,5511111056,5511111056,2222222,2777776,1666668,2777776,5555552,0.250000,4000000000,1000000000
wide,2000000000,497,1000000000,1388888,5522222167,5522222167,2222222,2777776,1666668,2777776,5555552,0.250000,4000000000,1000000000
wide,2000000000,498,1000000000,1388888,5533333278,5533333278,2222222,2777776,1666668,2777776,5555552,0.250000,4000000000,1000000000
wide,2000000000,499,1000000000,1388888,5544444389,5544444389,2222222,2777776,1666668,2777776,5555552,0.250000,4000000000,1000000000
wide,2000000000,500,1000000000,1388888,5555555500,5555555500,2222222,2777776,1666668,2777776,5555552,0.250000,4000000000,1000000000
wide,2000000000,501,1000000000,1388888,5566666611,5566666611,2222222,2777776,1666668,2777776,5555552,0.250000,4000000000,1000000000
wide,2000000000,502,1000000000,1388888,5577777722,5577777722,2222222,2777776,1666668,2777776,5555552,0.250000,4000000000,1000000000
wide,2000000000,503,1000000000,1388888,5588888833,5588888833,2222222,2777776,1666668,2777776,5555552,0.250000,4000000000,1000000000
wide,2000000000,504,1000000000,1388888,5599999944,5599999944,2222222,2777776,1666668,2777776,5555552,0.250000,4000000000,1000000000
wide,2000000000,505,1000000000,1388888,5611111055,5611111055,2222222,2777776,1666668,2777776,5555552,0.250000,4000000000,1000000000
wide,2000000000,506,1000000000,1388888,5622222166,5622222166,2222222,2777776,1666668,2777776,5555552,0.250000,4000000000,1000000000
wide,2000000000,507,1000000000,1388888,5633333277,5633333277,2222222,2777776,1666668,2777776,5555552,0.250000,4000000000,1000000000
wide,2000000000,508,1000000000,1388888,5644444388,5644444388,2222222,2777776,1666668,2777776,5555552,0.250000,4000000000,1000000000
wide,2000000000,509,1000000000,1388888,5655555499,5655555499,2222222,2777776,1666668,2777776,5555552,0.250000,4000000000,1000000000
wide,2000000000,510,1000000000,1388888,5666666610,5666666610,2222222,2777776,1666668,2777776,5555552,0.250000,4000000000,1000000000
wide,2000000000,511,1000000000,1388888,5677777721,5677777721,2222222,2777776,1666668,2777776,5555552,0.250000,4000000000,1000000000
wide,2000000000,512,1000000000,1388888,5688888832,5688888832,2222222,2777776,1666668,2777776,5555552,0.250000,4000000000,1000000000
wide,2000000000,513,1000000000,1388888,5699999943,5699999943,2222222,2777776,1666668,2777776,5555552,0.250000,4000000000,1000000000
wide,2000000000,514,1000000000,1388888,5711111054,5711111054,2222222,2777776,1666668,2777776,5555552,0.250000,4000000000,1000000000
wide,2000000000,515,1000000000,1388888,5722222165,5722222165,2222222,2777776,1666668,2777776,5555552,0.250000,4000000000,1000000000
wide,2000000000,516,1000000000,1388888,5733333276,5733333276,2222222,2777776,1666668,2777776,5555552,0.250000,4000000000,1000000000
wide,2000000000,517,1000000000,1388888,5744444387,5744444387,2222222,2777776,1666668,2777776,5555552,0.250000,4000000000,1000000000
wide,2000000000,518,1000000000,1388888,5755555498,5755555498,2222222,2777776,1666668,2777776,5555552,0.250000,4000000000,1000000000
wide,2000000000,519,1000000000,1388888,5766666609,5766666609,2222222,2777776,1666668,2777776,5555552,0.250000,4000000000,1000000000
wide,2000000000,520,1000000000,1388888,5777777720,5777777720,2222222,2777776,1666668,2777776,5555552,0.250000,4000000000,1000000000
wide,2000000000,521,1000000000,1388888,5788888831,5788888831,2222222,2777776,1666668,2777776,5555552,0.250000,4000000000,1000000000
wide,2000000000,522,1000000000,1388888,5799999942,5799999942,2222222,2777776,1666668,2777776,5555552,0.250000,4000000000,1000000000
wide,2000000000,523,1000000000,1388888,5811111053,5811111053,2222222,2777776,1666668,2777776,5555552,0.250000,4000000000,1000000000
wide,2000000000,524,1000000000,1388888,5822222164,5822222164,2222222,2777776,1666668,2777776,5555552,0.250000,4000000000,1000000000
wide,2000000000,525,1000000000,1388888,5833333275,5833333275,2222222,2777776,1666668,2777776,5555552,0.250000,4000000000,1000000000
wide,2000000000,526,1000000000,1388888,5844444386,5844444386,2222222,2777776,1666668,2777776,5555552,0.250000,4000000000,1000000000
wide,2000000000,527,1000000000,1388888,5855555497,5855555497,2222222,2777776,1666668,2777776,5555552,0.250000,4000000000,1000000000
wide,2000000000,528,1000000000,1388888,5866666608,5866666608,2222222,2777776,1666668,2777776,5555552,0.250000,4000000000,1000000000
wide,2000000000,529,1000000000,1388888,5877777719,5877777719,2222222,2777776,1666668,2777776,5555552,0.250000,4000000000,1000000000
wide,2000000000,530,1000000000,1388888,5888888830,5888888830,2222222,2777776,1666668,2777776,5555552,0.250000,4000000000,1000000000
wide,2000000000,531,1000000000,1388888,5899999941,5899999941,2222222,2777776,1666668,2777776,5555552,0.250000,4000000000,1000000000
wide,2000000000,532,1000000000,1388888,5911111052,5911111052,2222222,2777776,1666668,2777776,5555552,0.250000,4000000000,1000000000
wide,2000000000,533,1000000000,1388888,5922222163,5922222163,2222222,2777776,1666668,2777776,5555552,0.250000,4000000000,1000000000
wide,2000000000,534,1000000000,1388888,5933333274,5933333274,2222222,2777776,1666668,2777776,5555552,0.250000,4000000000,1000000000
wide,2000000000,535,1000000000,1388888,5944444385,5944444385,2222222,2777776,1666668,2777776,5555552,0.250000,4000000000,1000000000
wide,2000000000,536,1000000000,1388888,5955555496,5955555496,2222222,2777776,1666668,2777776,5555552,0.250000,4000000000,1000000000
wide,2000000000,537,1000000000,1388888,5966666607,5966666607,2222222,2777776,1666668,2777776,5555552,0.250000,4000000000,1000000000
wide,2000000000,538,1000000000,1388888,5977777718,5977777718,2222222,2777776,1666668,2777776,5555552,0.250000,4000000000,1000000000
wide,2000000000,539,1000000000,1388888,5988888829,5988888829,2222222,2777776,1666668,2777776,5555552,0.250000,4000000000,1000000000
wide,2000000000,540,1000000000,1388888,5999999940,5999999940,2222222,2777776,1666668,2777776,5555552,0.250000,4000000000,1000000000
wide,2000000000,541,1000000000,1388888,6011111051,6011111051,2222222,2777776,1666668,2777776,5555552,0.250000,4000000000,1000000000
wide,2000000000,542,1000000000,1388888,6022222162,6022222162,2222222,2777776,1666668,2777776,5555552,0.250000,4000000000,1000000000
wide,2000000000,543,1000000000,1388888,6033333273,6033333273,2222222,2777776,1666668,2777776,5555552,0.250000,4000000000,1000000000
wide,2000000000,544,1000000000,1388888,6044444384,6044444384,2222222,2777776,1666668,2777776,5555552,0.250000,4000000000,1000000000
wide,2000000000,545,1000000000,1388888,6055555495,6055555495,2222222,2777776,1666668,2777776,5555552,0.250000,4000000000,1000000000
wide,2000000000,546,1000000000,1388888,6066666606,6066666606,2222222,2777776,1666668,2777776,5555552,0.250000,4000000000,1000000000
wide,2000000000,547,1000000000,1388888,6077777717,6077777717,2222222,2777776,1666668,2777776,5555552,0.250000,4000000000,1000000000
wide,2000000000,548,1000000000,1388888,6088888828,6088888828,2222222,2777776,1666668,2777776,5555552,0.250000,4000000000,1000000000
wide,2000000000,549,1000000000,1388888,6099999939,6099999939,2222222,2777776,1666668,2777776,5555552,0.250000,4000000000,1000000000
wide,2000000000,550,1000000000,1388888,6111111050,6111111050,2222222,2777776,1666668,2777776,5555552,0.250000,4000000000,1000000000
wide,2000000000,551,1000000000,1388888,6122222161,6122222161,2222222,2777776,1666668,2777776,5555552,0.250000,4000000000,1000000000
wide,2000000000,552,1000000000,1388888,6133333272,6133333272,2222222,2777776,1666668,2777776,5555552,0.250000,4000000000,1000000000
wide,2000000000,553,1000000000,1388888,6144444383,6144444383,2222222,2777776,1666668,2777776,5555552,0.250000,4000000000,1000000000
wide,2000000000,554,1000000000,1388888,6155555494,6155555494,2222222,2777776,1666668,2777776,5555552,0.250000,4000000000,1000000000
wide,2000000000,555,1000000000,1388888,6166666605,6166666605,2222222,2777776,1666668,2777776,5555552,0.250000,4000000000,1000000000
wide,2000000000,556,1000000000,1388888,6177777716,6177777716,2222222,2777776,1666668,2777776,5555552,0.250000,4000000000,1000000000
wide,2000000000,557,1000000000,1388888,6188888827,6188888827,2222222,2777776,1666668,2777776,5555552,0.250000,4000000000,1000000000
wide,2000000000,558,1000000000,1388888,6199999938,6199999938,2222222,2777776,1666668,2777776,5555552,0.250000,4000000000,1000000000
wide,2000000000,559,1000000000,1388888,6211111049,6211111049,2222222,2777776,1666668,2777776,5555552,0.250000,4000000000,1000000000
wide,2000000000,560,1000000000,1388888,6222222160,6222222160,2222222,2777776,1666668,2777776,5555552,0.250000,4000000000,1000000000
wide,2000000000,561,1000000000,1388888,6233333271,6233333271,2222222,2777776,1666668,2777776,5555552,0.250000,4000000000,1000000000
wide,2000000000,562,1000000000,1388888,6244444382,6244444382,2222222,2777776,1666668,2777776,5555552,0.250000,4000000000,1000000000
wide,2000000000,563,1000000000,1388888,6255555493,6255555493,2222222,2777776,1666668,2777776,5555552,0.250000,4000000000,1000000000
wide,2000000000,564,1000000000,1388888,6266666604,6266666604,2222222,2777776,1666668,2777776,5555552,0.250000,4000000000,1000000000
wide,2000000000,565,1000000000,1388888,6277777715,6277777715,2222222,2777776,1666668,2777776,5555552,0.250000,4000000000,1000000000
wide,2000000000,566,1000000000,1388888,6288888826,6288888826,2222222,2777776,1666668,2777776,5555552,0.250000,4000000000,1000000000
wide,2000000000,567,1000000000,1388888,6299999937,6299999937,2222222,2777776,1666668,2777776,5555552,0.250000,4000000000,1000000000
wide,2000000000,568,1000000000,1388888,6311111048,6311111048,2222222,2777776,1666668,2777776,5555552,0.250000,4000000000,1000000000
wide,2000000000,569,1000000000,1388888,6322222159,6322222159,2222222,2777776,1666668,2777776,5555552,0.250000,4000000000,1000000000
wide,2000000000,570,1000000000,1388888,6333333270,6333333270,2222222,2777776,1666668,2777776,5555552,0.250000,4000000000,1000000000
wide,2000000000,571,1000000000,1388888,6344444381,6344444381,2222222,2777776,1666668,2777776,5555552,0.250000,4000000000,1000000000
wide,2000000000,572,1000000000,1388888,6355555492,6355555492,2222222,2777776,1666668,2777776,5555552,0.250000,4000000000,1000000000
wide,2000000000,573,1000000000,1388888,6366666603,6366666603,2222222,2777776,1666668,2777776,5555552,0.250000,4000000000,1000000000
wide,2000000000,574,1000000000,1388888,6377777714,6377777714,2222222,2777776,1666668,2777776,5555552,0.250000,4000000000,1000000000
wide,2000000000,575,1000000000,1388888,6388888825,6388888825,2222222,2777776,1666668,2777776,5555552,0.250000,4000000000,1000000000
wide,2000000000,576,1000000000,1388888,6399999936,6399999936,2222222,2777776,1666668,2777776,5555552,0.250000,4000000000,1000000000
wide,2000000000,577,1000000000,1388888,6411111047,6411111047,2222222,2777776,1666668,2777776,5555552,0.250000,4000000000,1000000000
wide,2000000000,578,1000000000,1388888,6422222158,6422222158,2222222,2777776,1666668,2777776,5555552,0.250000,4000000000,1000000000
wide,2000000000,579,1000000000,1388888,6433333269,6433333269,2222222,2777776,1666668,2777776,5555552,0.250000,4000000000,1000000000
wide,2000000000,580,1000000000,1388888,6444444380,6444444380,2222222,2777776,1666668,2777776,5555552,0.250000,4000000000,1000000000
wide,2000000000,581,1000000000,1388888,6455555491,6455555491,2222222,2777776,1666668,2777776,5555552,0.250000,4000000000,1000000000
wide,2000000000,582,1000000000,1388888,6466666602,6466666602,2222222,2777776,1666668,2777776,5555552,0.250000,4000000000,1000000000
wide,2000000000,583,1000000000,1388888,6477777713,6477777713,2222222,2777776,1666668,2777776,5555552,0.250000,4000000000,1000000000
wide,2000000000,584,1000000000,1388888,6488888824,6488888824,2222222,2777776,1666668,2777776,5555552,0.250000,4000000000,1000000000
wide,2000000000,585,1000000000,1388888,6499999935,6499999935,2222222,2777776,1666668,2777776,5555552,0.250000,4000000000,1000000000
wide,2000000000,586,1000000000,1388888,6511111046,6511111046,2222222,2777776,1666668,2777776,5555552,0.250000,4000000000,1000000000
wide,2000000000,587,1000000000,1388888,6522222157,6522222157,2222222,2777776,1666668,2777776,5555552,0.250000,4000000000,1000000000
wide,2000000000,588,1000000000,1388888,6533333268,6533333268,2222222,2777776,1666668,2777776,5555552,0.250000,4000000000,1000000000
wide,2000000000,589,1000000000,1388888,6544444379,6544444379,2222222,2777776,1666668,2777776,5555552,0.250000,4000000000,1000000000
wide,2000000000,590,1000000000,1388888,6555555490,6555555490,2222222,2777776,1666668,2777776,5555552,0.250000,4000000000,1000000000
wide,2000000000,591,1000000000,1388888,6566666601,6566666601,2222222,2777776,1666668,2777776,5555552,0.250000,4000000000,1000000000
wide,2000000000,592,1000000000,1388888,6577777712,6577777712,2222222,2777776,1666668,2777776,5555552,0.250000,4000000000,1000000000
wide,2000000000,593,1000000000,1388888,6588888823,6588888823,2222222,2777776,1666668,2777776,5555552,0.250000,4000000000,1000000000
wide,2000000000,594,1000000000,1388888,6599999934,6599999934,2222222,2777776,1666668,2777776,5555552,0.250000,4000000000,1000000000
wide,2000000000,595,1000000000,1388888,6611111045,6611111045,2222222,2777776,1666668,2777776,5555552,0.250000,4000000000,1000000000
wide,2000000000,596,1000000000,1388888,6622222156,6622222156,2222222,2777776,1666668,2777776,5555552,0.250000,4000000000,1000000000
wide,2000000000,597,1000000000,1388888,6633333267,6633333267,2222222,2777776,1666668,2777776,5555552,0.250000,4000000000,1000000000
wide,2000000000,598,1000000000,1388888,6644444378,6644444378,2222222,2777776,1666668,2777776,5555552,0.250000,4000000000,1000000000
wide,2000000000,599,1000000000,1388888,6655555489,6655555489,2222222,2777776,1666668,2777776,5555552,0.250000,4000000000,1000000000
wide,2000000000,600,1000000000,1388888,6666666600,6666666600,2222222,2777776,1666668,2777776,5555552,0.250000,4000000000,1000000000
wide,2000000000,601,1000000000,1388888,6677777711,6677777711,2222222,2777776,1666668,2777776,5555552,0.250000,4000000000,1000000000
wide,2000000000,602,1000000000,1388888,6688888822,6688888822,2222222,2777776,1666668,2777776,5555552,0.250000,4000000000,1000000000
wide,2000000000,603,1000000000,1388888,6699999933,6699999933,2222222,2777776,1666668,2777776,5555552,0.250000,4000000000,1000000000
wide,2000000000,604,1000000000,1388888,6711111044,6711111044,2222222,2777776,1666668,2777776,5555552,0.250000,4000000000,1000000000
wide,2000000000,605,1000000000,1388888,6722222155,6722222155,2222222,2777776,1666668,2777776,5555552,0.250000,4000000000,1000000000
wide,2000000000,606,1000000000,1388888,6733333266,6733333266,2222222,2777776,1666668,2777776,5555552,0.250000,4000000000,1000000000
wide,2000000000,607,1000000000,1388888,6744444377,6744444377,2222222,2777776,1666668,2777776,5555552,0.250000,4000000000,1000000000
wide,2000000000,608,1000000000,1388888,6755555488,6755555488,2222222,2777776,1666668,2777776,5555552,0.250000,4000000000,1000000000
wide,2000000000,609,1000000000,1388888,6766666599,6766666599,2222222,2777776,1666668,2777776,5555552,0.250000,4000000000,1000000000
wide,2000000000,610,1000000000,1388888,6777777710,6777777710,2222222,2777776,1666668,2777776,5555552,0.250000,4000000000,1000000000
wide,2000000000,611,1000000000,1388888,6788888821,6788888821,2222222,2777776,1666668,2777776,5555552,0.250000,4000000000,1000000000
wide,2000000000,612,1000000000,1388888,6799999932,6799999932,2222222,2777776,1666668,2777776,5555552,0.250000,4000000000,1000000000
wide,2000000000,613,1000000000,1388888,6811111043,6811111043,2222222,2777776,1666668,2777776,5555552,0.250000,4000000000,1000000000
wide,2000000000,614,1000000000,1388888,6822222154,6822222154,2222222,2777776,1666668,2777776,5555552,0.250000,4000000000,1000000000
wide,2000000000,615,1000000000,1388888,6833333265,6833333265,2222222,2777776,1666668,2777776,5555552,0.250000,4000000000,1000000000
wide,2000000000,616,1000000000,1388888,6844444376,6844444376,2222222,2777776,1666668,2777776,5555552,0.250000,4000000000,1000000000
wide,2000000000,617,1000000000,1388888,6855555487,6855555487,2222222,2777776,1666668,2777776,5555552,0.250000,4000000000,1000000000
wide,2000000000,618,1000000000,1388888,6866666598,6866666598,2222222,2777776,1666668,2777776,5555552,0.250000,4000000000,1000000000
wide,2000000000,619,1000000000,1388888,6877777709,6877777709,2222222,2777776,1666668,2777776,5555552,0.250000,4000000000,1000000000
wide,2000000000,620,1000000000,1388888,6888888820,6888888820,2222222,2777776,1666668,2777776,5555552,0.250000,4000000000,1000000000
wide,2000000000,621,1000000000,1388888,6899999931,6899999931,2222222,2777776,1666668,2777776,5555552,0.250000,4000000000,1000000000
wide,2000000000,622,1000000000,1388888,6911111042,6911111042,2222222,2777776,1666668,2777776,5555552,0.250000,4000000000,1000000000
wide,2000000000,623,1000000000,1388888,6922222153,6922222153,2222222,2777776,1666668,2777776,5555552,0.250000,4000000000,1000000000
wide,2000000000,624,1000000000,1388888,6933333264,6933333264,2222222,2777776,1666668,2777776,5555552,0.250000,4000000000,1000000000
wide,2000000000,625,1000000000,1388888,6944444375,6944444375,2222222,2777776,1666668,2777776,5555552,0.250000,4000000000,1000000000
wide,2000000000,626,1000000000,1388888,6955555486,6955555486,2222222,2777776,1666668,2777776,5555552,0.250000,4000000000,1000000000
wide,2000000000,627,1000000000,1388888,6966666597,6966666597,2222222,2777776,1666668,2777776,5555552,0.250000,4000000000,1000000000
wide,2000000000,628,1000000000,1388888,6977777708,6977777708,2222222,2777776,1666668,2777776,5555552,0.250000,4000000000,1000000000
wide,2000000000,629,1000000000,1388888,6988888819,6988888819,2222222,2777776,1666668,2777776,5555552,0.250000,4000000000,1000000000
wide,2000000000,630,1000000000,1388888,6999999930,6999999930,2222222,2777776,1666668,2777776,5555552,0.250000,4000000000,1000000000
wide,2000000000,631,1000000000,1388888,7011111041,7011111041,2222222,2777776,1666668,2777776,5555552,0.250000,4000000000,1000000000
wide,2000000000,632,1000000000,1388888,7022222152,7022222152,2222222,2777776,1666668,2777776,5555552,0.250000,4000000000,1000000000
wide,2000000000,633,1000000000,1388888,7033333263,7033333263,2222222,2777776,1666668,2777776,5555552,0.250000,4000000000,1000000000
wide,2000000000,634,1000000000,1388888,7044444374,7044444374,2222222,2777776,1666668,2777776,5555552,0.250000,4000000000,1000000000
wide,2000000000,635,1000000000,1388888,7055555485,7055555485,2222222,2777776,1666668,2777776,5555552,0.250000,4000000000,1000000000
wide,2000000000,636,1000000000,1388888,7066666596,7066666596,2222222,2777776,1666668,2777776,5555552,0.250000,4000000000,1000000000
wide,2000000000,637,1000000000,1388888,7077777707,7077777707,2222222,2777776,1666668,2777776,5555552,0.250000,4000000000,1000000000
wide,2000000000,638,1000000000,1388888,7088888818,7088888818,2222222,2777776,1666668,2777776,5555552,0.250000,4000000000,1000000000
wide,2000000000,639,1000000000,1388888,7099999929,7099999929,2222222,2777776,1666668,2777776,5555552,0.250000,4000000000,1000000000
wide,2000000000,640,1000000000,1388888,7111111040,7111111040,2222222,2777776,1666668,2777776,5555552,0.250000,4000000000,1000000000
wide,2000000000,641,1000000000,1388888,7122222151,7122222151,2222222,2777776,1666668,2777776,5555552,0.250000,4000000000,1000000000
wide,2000000000,642,1000000000,1388888,7133333262,7133333262,2222222,2777776,1666668,2777776,5555552,0.250000,4000000000,1000000000
wide,2000000000,643,1000000000,1388888,7144444373,7144444373,2222222,2777776,1666668,2777776,5555552,0.250000,4000000000,1000000000
wide,2000000000,644,1000000000,1388888,7155555484,7155555484,2222222,2777776,1666668,2777776,5555552,0.250000,4000000000,1000000000
wide,2000000000,645,1000000000,1388888,7166666595,7166666595,2222222,2777776,1666668,2777776,5555552,0.250000,4000000000,1000000000
wide,2000000000,646,1000000000,1388888,7177777706,7177777706,2222222,2777776,1666668,2777776,5555552,0.250000,4000000000,1000000000
wide,2000000000,647,1000000000,1388888,7188888817,7188888817,2222222,2777776,1666668,2777776,5555552,0.250000,4000000000,1000000000
wide,2000000000,648,1000000000,1388888,7199999928,7199999928,2222222,2777776,1666668,2777776,5555552,0.250000,4000000000,1000000000
wide,2000000000,649,1000000000,1388888,7211111039,7211111039,2222222,2777776,1666668,2777776,5555552,0.250000,4000000000,1000000000
wide,2000000000,650,1000000000,1388888,7222222150,7222222150,2222222,2777776,1666668,2777776,5555552,0.250000,4000000000,1000000000
wide,2000000000,651,1000000000,1388888,7233333261,7233333261,2222222,2777776,1666668,2777776,5555552,0.250000,4000000000,1000000000
wide,2000000000,652,1000000000,1388888,7244444372,7244444372,2222222,2777776,1666668,2777776,5555552,0.250000,4000000000,1000000000
wide,2000000000,653,1000000000,1388888,7255555483,7255555483,2222222,2777776,1666668,2777776,5555552,0.250000,4000000000,1000000000
wide,2000000000,654,1000000000,1388888,7266666594,7266666594,2222222,2777776,1666668,2777776,5555552,0.250000,4000000000,1000000000
wide,2000000000,655,1000000000,1388888,7277777705,7277777705,2222222,2777776,1666668,2777776,5555552,0.250000,4000000000,1000000000
wide,2000000000,656,1000000000,1388888,7288888816,7288888816,2222222,2777776,1666668,2777776,5555552,0.250000,4000000000,1000000000
wide,2000000000,657,1000000000,1388888,7299999927,7299999927,2222222,2777776,1666668,2777776,5555552,0.250000,4000000000,1000000000
wide,2000000000,658,1000000000,1388888,7311111038,7311111038,2222222,2777776,1666668,2777776,5555552,0.250000,4000000000,1000000000
wide,2000000000,659,1000000000,1388888,7322222149,7322222149,2222222,2777776,1666668,2777776,5555552,0.250000,4000000000,1000000000
wide,2000000000,660,1000000000,1388888,7333333260,7333333260,2222222,2777776,1666668,2777776,5555552,0.250000,4000000000,1000000000
wide,2000000000,661,1000000000,1388888,7344444371,7344444371,2222222,2777776,1666668,2777776,5555552,0.250000,4000000000,1000000000
wide,2000000000,662,1000000000,1388888,7355555482,7355555482,2222222,2777776,1666668,2777776,5555552,0.250000,4000000000,1000000000
wide,2000000000,663,1000000000,1388888,7366666593,7366666593,2222222,2777776,1666668,2777776,5555552,0.250000,4000000000,1000000000
wide,2000000000,664,1000000000,1388888,7377777704,7377777704,2222222,2777776,1666668,2777776,5555552,0.250000,4000000000,1000000000
wide,2000000000,665,1000000000,1388888,7388888815,7388888815,2222222,2777776,1666668,2777776,5555552,0.250000,4000000000,1000000000
wide,2000000000,666,1000000000,1388888,7399999926,7399999926,2222222,2777776,1666668,2777776,5555552,0.250000,4000000000,1000000000
wide,2000000000,667,1000000000,1388888,7411111037,7411111037,2222222,2777776,1666668,2777776,5555552,0.250000,4000000000,1000000000
wide,2000000000,668,1000000000,1388888,7422222148,7422222148,2222222,2777776,1666668,2777776,5555552,0.250000,4000000000,1000000000
wide,2000000000,669,1000000000,1388888,7433333259,7433333259,2222222,2777776,1666668,2777776,5555552,0.250000,4000000000,1000000000
wide,2000000000,670,1000000000,1388888,7444444370,7444444370,2222222,2777776,1666668,2777776,5555552,0.250000,4000000000,1000000000
wide,2000000000,671,1000000000,1388888,7455555481,7455555481,2222222,2777776,1666668,2777776,5555552,0.250000,4000000000,1000000000
wide,2000000000,672,1000000000,1388888,7466666592,7466666592,2222222,2777776,1666668,2777776,5555552,0.250000,4000000000,1000000000
wide,2000000000,673,1000000000,1388888,7477777703,7477777703,2222222,2777776,1666668,2777776,5555552,0.250000,4000000000,1000000000
wide,2000000000,674,1000000000,1388888,7488888814,7488888814,2222222,2777776,1666668,2777776,5555552,0.250000,4000000000,1000000000
wide,2000000000,675,1000000000,1388888,7499999925,7499999925,2222222,2777776,1666668,2777776,5555552,0.250000,4000000000,1000000000
wide,2000000000,676,1000000000,1388888,7511111036,7511111036,2222222,2777776,1666668,2777776,5555552,0.250000,4000000000,1000000000
wide,2000000000,677,1000000000,1388888,7522222147,7522222147,2222222,2777776,1666668,2777776,5555552,0.250000,4000000000,1000000000
wide,2000000000,678,1000000000,1388888,7533333258,7533333258,2222222,2777776,1666668,2777776,5555552,0.250000,4000000000,1000000000
wide,2000000000,679,1000000000,1388888,7544444369,7544444369,2222222,2777776,1666668,2777776,5555552,0.250000,4000000000,1000000000
wide,2000000000,680,1000000000,1388888,7555555480,7555555480,2222222,2777776,1666668,2777776,5555552,0.250000,4000000000,1000000000
wide,2000000000,681,1000000000,1388888,7566666591,7566666591,2222222,2777776,1666668,2777776,5555552,0.250000,4000000000,1000000000
wide,2000000000,682,1000000000,1388888,7577777702,7577777702,2222222,2777776,1666668,2777776,5555552,0.250000,4000000000,1000000000
wide,2000000000,683,1000000000,1388888,7588888813,7588888813,2222222,2777776,1666668,2777776,5555552,0.250000,4000000000,1000000000
wide,2000000000,684,1000000000,1388888,7599999924,7599999924,2222222,2777776,1666668,2777776,5555552,0.250000,4000000000,1000000000
wide,2000000000,685,1000000000,1388888,7611111035,7611111035,2222222,2777776,1666668,2777776,5555552,0.250000,4000000000,1000000000
wide,2000000000,686,1000000000,1388888,7622222146,7622222146,2222222,2777776,1666668,2777776,5555552,0.250000,4000000000,1000000000
wide,2000000000,687,1000000000,1388888,7633333257,7633333257,2222222,2777776,1666668,2777776,5555552,0.250000,4000000000,1000000000
wide,2000000000,688,1000000000,1388888,7644444368,7644444368,2222222,2777776,1666668,2777776,5555552,0.250000,4000000000,1000000000
wide,2000000000,689,1000000000,1388888,7655555479,7655555479,2222222,2777776,1666668,2777776,5555552,0.250000,4000000000,1000000000
wide,2000000000,690,1000000000,1388888,7666666590,7666666590,2222222,2777776,1666668,2777776,5555552,0.250000,4000000000,1000000000
wide,2000000000,691,1000000000,1388888,7677777701,7677777701,2222222,2777776,1666668,2777776,5555552,0.250000,4000000000,1000000000
wide,2000000000,692,1000000000,1388888,7688888812,7688888812,2222222,2777776,1666668,2777776,5555552,0.250000,4000000000,1000000000
wide,2000000000,693,1000000000,1388888,7699999923,7699999923,2222222,2777776,1666668,2777776,5555552,0.250000,4000000000,1000000000
wide,2000000000,694,1000000000,1388888,7711111034,7711111034,2222222,2777776,1666668,2777776,5555552,0.250000,4000000000,1000000000
wide,2000000000,695,1000000000,1388888,7722222145,7722222145,2222222,2777776,1666668,2777776,5555552,0.250000,4000000000,1000000000
wide,2000000000,696,1000000000,1388888,7733333256,7733333256,2222222,2777776,1666668,2777776,5555552,0.250000,4000000000,1000000000
wide,2000000000,697,1000000000,1388888,7744444367,7744444367,2222222,2777776,1666668,2777776,5555552,0.250000,4000000000,1000000000
wide,2000000000,698,1000000000,1388888,7755555478,7755555478,2222222,2777776,1666668,2777776,5555552,0.250000,4000000000,1000000000
wide,2000000000,699,1000000000,1388888,7766666589,7766666589,2222222,2777776,1666668,2777776,5555552,0.250000,4000000000,1000000000
wide,2000000000,700,1000000000,1388888,7777777700,7777777700,2222222,2777776,1666668,2777776,5555552,0.250000,4000000000,1000000000
wide,2000000000,701,1000000000,1388888,7788888811,7788888811,2222222,2777776,1666668,2777776,5555552,0.250000,4000000000,1000000000
wide,2000000000,702,1000000000,1388888,7799999922,7799999922,2222222,2777776,1666668,2777776,5555552,0.250000,4000000000,1000000000
wide,2000000000,703,1000000000,1388888,7811111033,7811111033,2222222,2777776,1666668,2777776,5555552,0.250000,4000000000,1000000000
wide,2000000000,704,1000000000,1388888,7822222144,7822222144,2222222,2777776,1666668,2777776,5555552,0.250000,4000000000,1000000000
wide,2000000000,705,1000000000,1388888,7833333255,7833333255,2222222,2777776,1666668,2777776,5555552,0.250000,4000000000,1000000000
wide,2000000000,706,1000000000,1388888,7844444366,7844444366,2222222,2777776,1666668,2777776,5555552,0.250000,4000000000,1000000000
wide,2000000000,707,1000000000,1388888,7855555477,7855555477,2222222,2777776,1666668,2777776,5555552,0.250000,4000000000,1000000000
wide,2000000000,708,1000000000,1388888,7866666588,7866666588,2222222,2777776,1666668,2777776,5555552,0.250000,4000000000,1000000000
wide,2000000000,709,1000000000,1388888,7877777699,7877777699,2222222,2777776,1666668,2777776,5555552,0.250000,4000000000,1000000000
wide,2000000000,710,1000000000,1388888,7888888810,7888888810,2222222,2777776,1666668,2777776,5555552,0.250000,4000000000,1000000000
wide,2000000000,711,1000000000,1388888,7899999921,7899999921,2222222,2777776,1666668,2777776,5555552,0.250000,4000000000,1000000000
wide,2000000000,712,1000000000,1388888,7911111032,7911111032,2222222,2777776,1666668,2777776,5555552,0.250000,4000000000,1000000000
wide,2000000000,713,1000000000,1388888,7922222143,7922222143,2222222,2777776,1666668,2777776,5555552,0.250000,4000000000,1000000000
wide,2000000000,714,1000000000,1388888,7933333254,7933333254,2222222,2777776,1666668,2777776,5555552,0.250000,4000000000,1000000000
wide,2000000000,715,1000000000,1388888,7944444365,7944444365,2222222,2777776,1666668,2777776,5555552,0.250000,4000000000,1000000000
wide,2000000000,716,1000000000,1388888,7955555476,7955555476,2222222,2777776,1666668,2777776,5555552,0.250000,4000000000,1000000000
wide,2000000000,717,1000000000,1388888,7966666587,7966666587,2222222,2777776,1666668,2777776,5555552,0.250000,4000000000,1000000000
wide,2000000000,718,1000000000,1388888,7977777698,7977777698,2222222,2777776,1666668,2777776,5555552,0.250000,4000000000,1000000000
wide,2000000000,719,1000000000,1388888,7988888809,7988888809,2222222,2777776,1666668,2777776,5555552,0.250000,4000000000,1000000000
wide,2000000000,720,1000000000,1388888,7999999920,7999999920,2222222,2777776,1666668,2777776,5555552,0.250000,4000000000,1000000000
wide,2000000000,721,1000000000,1388888,8011111031,8011111031,2222222,2777776,1666668,2777776,5555552,0.250000,4000000000,1000000000
wide,2000000000,722,1000000000,1388888,8022222142,8022222142,2222222,2777776,1666668,2777776,5555552,0.250000,4000000000,1000000000
wide,2000000000,723,1000000000,1388888,8033333253,8033333253,2222222,2777776,1666668,2777776,5555552,0.250000,4000000000,1000000000
wide,2000000000,724,1000000000,1388888,8044444364,8044444364,2222222,2777776,1666668,2777776,5555552,0.250000,4000000000,1000000000
wide,2000000000,725,1000000000,1388888,8055555475,8055555475,2222222,2777776,1666668,2777776,5555552,0.250000,4000000000,1000000000
wide,2000000000,726,1000000000,1388888,8066666586,8066666586,2222222,2777776,1666668,2777776,5555552,0.250000,4000000000,1000000000
wide,2000000000,727,1000000000,1388888,8077777697,8077777697,2222222,2777776,1666668,2777776,5555552,0.250000,4000000000,1000000000
wide,2000000000,728,1000000000,1388888,8088888808,8088888808,2222222,2777776,1666668,2777776,5555552,0.250000,4000000000,1000000000
wide,2000000000,729,1000000000,1388888,8099999919,8099999919,2222222,2777776,1666668,2777776,5555552,0.250000,4000000000,1000000000
wide,2000000000,730,1000000000,1388888,8111111030,8111111030,2222222,2777776,1666668,2777776,5555552,0.250000,4000000000,1000000000
wide,2000000000,731,1000000000,1388888,8122222141,8122222141,2222222,2777776,1666668,2777776,5555552,0.250000,4000000000,1000000000
wide,2000000000,732,1000000000,1388888,8133333252,8133333252,2222222,2777776,1666668,2777776,5555552,0.250000,4000000000,1000000000
wide,2000000000,733,1000000000,1388888,8144444363,8144444363,2222222,2777776,1666668,2777776,5555552,0.250000,4000000000,1000000000
wide,2000000000,734,1000000000,1388888,8155555474,8155555474,2222222,2777776,1666668,2777776,5555552,0.250000,4000000000,1000000000
wide,2000000000,735,1000000000,1388888,8166666585,8166666585,2222222,2777776,1666668,2777776,5555552,0.250000,4000000000,1000000000
wide,2000000000,736,1000000000,1388888,8177777696,8177777696,2222222,2777776,1666668,2777776,5555552,0.250000,4000000000,1000000000
wide,2000000000,737,1000000000,1388888,8188888807,8188888807,2222222,2777776,1666668,2777776,5555552,0.250000,4000000000,1000000000
wide,2000000000,738,1000000000,1388888,8199999918,8199999918,2222222,2777776,1666668,2777776,5555552,0.250000,4000000000,1000000000
wide,2000000000,739,1000000000,1388888,8211111029,8211111029,2222222,2777776,1666668,2777776,5555552,0.250000,4000000000,1000000000
wide,2000000000,740,1000000000,1388888,8222222140,8222222140,2222222,2777776,1666668,2777776,5555552,0.250000,4000000000,1000000000
wide,2000000000,741,1000000000,1388888,8233333251,8233333251,2222222,2777776,1666668,2777776,5555552,0.250000,4000000000,1000000000
wide,2000000000,742,1000000000,1388888,8244444362,8244444362,2222222,2777776,1666668,2777776,5555552,0.250000,4000000000,1000000000
wide,2000000000,743,1000000000,1388888,8255555473,8255555473,2222222,2777776,1666668,2777776,5555552,0.250000,4000000000,1000000000
wide,2000000000,744,1000000000,1388888,8266666584,8266666584,2222222,2777776,1666668,2777776,5555552,0.250000,4000000000,1000000000
wide,2000000000,745,1000000000,1388888,8277777695,8277777695,2222222,2777776,1666668,2777776,5555552,0.250000,4000000000,1000000000
wide,2000000000,746,1000000000,1388888,8288888806,8288888806,2222222,2777776,1666668,2777776,5555552,0.250000,4000000000,1000000000
wide,2000000000,747,1000000000,1388888,8299999917,8299999917,2222222,2777776,1666668,2777776,5555552,0.250000,4000000000,1000000000
wide,2000000000,748,1000000000,1388888,8311111028,8311111028,2222222,2777776,1666668,2777776,5555552,0.250000,4000000000,1000000000
wide,2000000000,749,1000000000,1388888,8322222139,8322222139,2222222,2777776,1666668,2777776,5555552,0.250000,4000000000,1000000000
wide,2000000000,750,1000000000,1388888,8333333250,8333333250,2222222,2777776,1666668,2777776,5555552,0.250000,4000000000,1000000000
wide,2000000000,751,1000000000,1388888,8344444361,8344444361,2222222,2777776,1666668,2777776,5555552,0.250000,4000000000,1000000000
wide,2000000000,752,1000000000,1388888,8355555472,8355555472,2222222,2777776,1666668,2777776,5555552,0.250000,4000000000,1000000000
wide,2000000000,753,1000000000,1388888,8366666583,8366666583,2222222,2777776,1666668,2777776,5555552,0.250000,4000000000,1000000000
wide,2000000000,754,1000000000,1388888,8377777694,8377777694,2222222,2777776,1666668,2777776,5555552,0.250000,4000000000,1000000000
wide,2000000000,755,1000000000,1388888,8388888805,8388888805,2222222,2777776,1666668,2777776,5555552,0.250000,4000000000,1000000000
wide,2000000000,756,1000000000,1388888,8399999916,8399999916,2222222,2777776,1666668,2777776,5555552,0.250000,4000000000,1000000000
wide,2000000000,757,1000000000,1388888,8411111027,8411111027,2222222,2777776,1666668,2777776,5555552,0.250000,4000000000,1000000000
wide,2000000000,758,1000000000,1388888,8422222138,8422222138,2222222,2777776,1666668,2777776,5555552,0.250000,4000000000,1000000000
wide,2000000000,759,1000000000,1388888,8433333249,8433333249,2222222,2777776,1666668,2777776,5555552,0.250000,4000000000,1000000000
wide,2000000000,760,1000000000,1388888,8444444360,8444444360,2222222,2777776,1666668,2777776,5555552,0.250000,4000000000,1000000000
wide,2000000000,761,1000000000,1388888,8455555471,8455555471,2222222,2777776,1666668,2777776,5555552,0.250000,4000000000,1000000000
wide,2000000000,762,1000000000,1388888,8466666582,8466666582,2222222,2777776,1666668,2777776,5555552,0.250000,4000000000,1000000000
wide,2000000000,763,1000000000,1388888,8477777693,8477777693,2222222,2777776,1666668,2777776,5555552,0.250000,4000000000,1000000000
wide,2000000000,764,1000000000,1388888,8488888804,8488888804,2222222,2777776,1666668,2777776,5555552,0.250000,4000000000,1000000000
wide,2000000000,765,1000000000,1388888,8499999915,8499999915,2222222,2777776,1666668,2777776,5555552,0.250000,4000000000,1000000000
wide,2000000000,766,1000000000,1388888,8511111026,8511111026,2222222,2777776,1666668,2777776,5555552,0.250000,4000000000,1000000000
wide,2000000000,767,1000000000,1388888,8522222137,8522222137,2222222,2777776,1666668,2777776,5555552,0.250000,4000000000,1000000000
wide,2000000000,768,1000000000,1388888,8533333248,8533333248,2222222,2777776,1666668,2777776,5555552,0.250000,4000000000,1000000000
wide,2000000000,769,1000000000,1388888,8544444359,8544444359,2222222,2777776,1666668,2777776,5555552,0.250000,4000000000,1000000000
wide,2000000000,770,1000000000,1388888,8555555470,8555555470,2222222,2777776,1666668,2777776,5555552,0.250000,4000000000,1000000000
wide,2000000000,771,1000000000,1388888,8566666581,8566666581,2222222,2777776,1666668,2777776,5555552,0.250000,4000000000,1000000000
wide,2000000000,772,1000000000,1388888,8577777692,8577777692,2222222,2777776,1666668,2777776,5555552,0.250000,4000000000,1000000000
wide,2000000000,773,1000000000,1388888,8588888803,8588888803,2222222,2777776,1666668,2777776,5555552,0.250000,4000000000,1000000000
wide,2000000000,774,1000000000,1388888,8599999914,8599999914,2222222,2777776,1666668,2777776,5555552,0.250000,4000000000,1000000000
wide,2000000000,775,1000000000,1388888,8611111025,8611111025,2222222,2777776,1666668,2777776,5555552,0.250000,4000000000,1000000000
wide,2000000000,776,1000000000,1388888,8622222136,8622222136,2222222,2777776,1666668,2777776,5555552,0.250000,4000000000,1000000000
wide,2000000000,777,1000000000,1388888,8633333247,8633333247,2222222,2777776,1666668,2777776,5555552,0.250000,4000000000,1000000000
wide,2000000000,778,1000000000,1388888,8644444358,8644444358,2222222,2777776,1666668,2777776,5555552,0.250000,4000000000,1000000000
wide,2000000000,779,1000000000,1388888,8655555469,8655555469,2222222,2777776,1666668,2777776,5555552,0.250000,4000000000,1000000000
wide,2000000000,780,1000000000,1388888,8666666580,8666666580,2222222,2777776,1666668,2777776,5555552,0.250000,4000000000,1000000000
wide,2000000000,781,1000000000,1388888,8677777691,8677777691,2222222,2777776,1666668,2777776,5555552,0.250000,4000000000,1000000000
wide,2000000000,782,1000000000,1388888,8688888802,8688888802,2222222,2777776,1666668,2777776,5555552,0.250000,4000000000,1000000000
wide,2000000000,783,1000000000,1388888,8699999913,8699999913,2222222,2777776,1666668,2777776,5555552,0.250000,4000000000,1000000000
wide,2000000000,784,1000000000,1388888,8711111024,8711111024,2222222,2777776,1666668,2777776,5555552,0.250000,4000000000,1000000000
wide,2000000000,785,1000000000,1388888,8722222135,8722222135,2222222,2777776,1666668,2777776,5555552,0.250000,4000000000,1000000000
wide,2000000000,786,1000000000,1388888,8733333246,8733333246,2222222,2777776,1666668,2777776,5555552,0.250000,4000000000,1000000000
wide,2000000000,787,1000000000,1388888,8744444357,8744444357,2222222,2777776,1666668,2777776,5555552,0.250000,4000000000,1000000000
wide,2000000000,788,1000000000,1388888,8755555468,8755555468,2222222,2777776,1666668,2777776,5555552,0.250000,4000000000,1000000000
wide,2000000000,789,1000000000,1388888,8766666579,8766666579,2222222,2777776,1666668,2777776,5555552,0.250000,4000000000,1000000000
wide,2000000000,790,1000000000,1388888,8777777690,8777777690,2222222,2777776,1666668,2777776,5555552,0.250000,4000000000,1000000000
wide,2000000000,791,1000000000,1388888,8788888801,8788888801,2222222,2777776,1666668,2777776,5555552,0.250000,4000000000,1000000000
wide,2000000000,792,1000000000,1388888,8799999912,8799999912,2222222,2777776,1666668,2777776,5555552,0.250000,4000000000,1000000000
wide,2000000000,793,1000000000,1388888,8811111023,8811111023,2222222,2777776,1666668,2777776,5555552,0.250000,4000000000,1000000000
wide,2000000000,794,1000000000,1388888,8822222134,8822222134,2222222,2777776,1666668,2777776,5555552,0.250000,4000000000,1000000000
wide,2000000000,795,1000000000,1388888,8833333245,8833333245,2222222,2777776,1666668,2777776,5555552,0.250000,4000000000,1000000000
wide,2000000000,796,1000000000,1388888,8844444356,8844444356,2222222,2777776,1666668,2777776,5555552,0.250000,4000000000,1000000000
wide,2000000000,797,1000000000,1388888,8855555467,8855555467,2222222,2777776,1666668,2777776,5555552,0.250000,4000000000,1000000000
wide,2000000000,798,1000000000,1388888,8866666578,8866666578,2222222,2777776,1666668,2777776,5555552,0.250000,4000000000,1000000000
wide,2000000000,799,1000000000,1388888,8877777689,8877777689,2222222,2777776,1666668,2777776,5555552,0.250000,4000000000,1000000000
wide,2000000000,800,1000000000,1388888,8888888800,8888888800,2222222,2777776,1666668,2777776,5555552,0.250000,4000000000,1000000000
wide,2000000000,801,1000000000,1388888,8899999911,8899999911,2222222,2777776,1666668,2777776,5555552,0.250000,4000000000,1000000000
wide,2000000000,802,1000000000,1388888,8911111022,8911111022,2222222,2777776,1666668,2777776,5555552,0.250000,4000000000,1000000000
wide,2000000000,803,1000000000,1388888,8922222133,8922222133,2222222,2777776,1666668,2777776,5555552,0.250000,4000000000,1000000000
wide,2000000000,804,1000000000,1388888,8933333244,8933333244,2222222,2777776,1666668,2777776,5555552,0.250000,4000000000,1000000000
wide,2000000000,805,1000000000,1388888,8944444355,8944444355,2222222,2777776,1666668,2777776,5555552,0.250000,4000000000,1000000000
wide,2000000000,806,1000000000,1388888,8955555466,8955555466,2222222,2777776,1666668,2777776,5555552,0.250000,4000000000,1000000000
wide,2000000000,807,1000000000,1388888,8966666577,8966666577,2222222,2777776,1666668,2777776,5555552,0.250000,4000000000,1000000000
wide,2000000000,808,1000000000,1388888,8977777688,8977777688,2222222,2777776,1666668,2777776,5555552,0.250000,4000000000,1000000000
wide,2000000000,809,1000000000,1388888,8988888799,8988888799,2222222,2777776,1666668,2777776,5555552,0.250000,4000000000,1000000000
wide,2000000000,810,1000000000,1388888,8999999910,8999999910,2222222,2777776,1666668,2777776,5555552,0.250000,4000000000,1000000000
wide,2000000000,811,1000000000,1388888,9011111021,9011111021,2222222,2777776,1666668,2777776,5555552,0.250000,4000000000,1000000000
wide,2000000000,812,1000000000,1388888,9022222132,9022222132,2222222,2777776,1666668,2777776,5555552,0.250000,4000000000,1000000000
wide,2000000000,813,1000000000,1388888,9033333243,9033333243,2222222,2777776,1666668,2777776,5555552,0.250000,4000000000,1000000000
wide,2000000000,814,1000000000,1388888,9044444354,9044444354,2222222,2777776,1666668,2777776,5555552,0.250000,4000000000,1000000000
wide,2000000000,815,1000000000,1388888,9055555465,9055555465,2222222,2777776,1666668,2777776,5555552,0.250000,4000000000,1000000000
wide,2000000000,816,1000000000,1388888,9066666576,9066666576,2222222,2777776,1666668,2777776,5555552,0.250000,4000000000,1000000000
wide,2000000000,817,1000000000,1388888,9077777687,9077777687,2222222,2777776,1666668,2777776,5555552,0.250000,4000000000,1000000000
wide,2000000000,818,1000000000,1388888,9088888798,9088888798,2222222,2777776,1666668,2777776,5555552,0.250000,4000000000,1000000000
wide,2000000000,819,1000000000,1388888,9099999909,9099999909,2222222,2777776,1666668,2777776,5555552,0.250000,4000000000,1000000000
wide,2000000000,820,1000000000,1388888,9111111020,9111111020,2222222,2777776,1666668,2777776,5555552,0.250000,4000000000,1000000000
wide,2000000000,821,1000000000,1388888,9122222131,9122222131,2222222,2777776,1666668,2777776,5555552,0.250000,4000000000,1000000000
wide,2000000000,822,1000000000,1388888,9133333242,9133333242,2222222,2777776,1666668,2777776,5555552,0.250000,4000000000,1000000000
wide,2000000000,823,1000000000,1388888,9144444353,9144444353,2222222,2777776,1666668,2777776,5555552,0.250000,4000000000,1000000000
wide,2000000000,824,1000000000,1388888,9155555464,9155555464,2222222,2777776,1666668,2777776,5555552,0.250000,4000000000,1000000000
wide,2000000000,825,1000000000,1388888,9166666575,9166666575,2222222,2777776,1666668,2777776,5555552,0.250000,4000000000,1000000000
wide,2000000000,826,1000000000,1388888,9177777686,9177777686,2222222,2777776,1666668,2777776,5555552,0.250000,4000000000,1000000000
wide,2000000000,827,1000000000,1388888,9188888797,9188888797,2222222,2777776,1666668,2777776,5555552,0.250000,4000000000,1000000000
wide,2000000000,828,1000000000,1388888,9199999908,9199999908,2222222,2777776,1666668,2777776,5555552,0.250000,4000000000,1000000000
wide,2000000000,829,1000000000,1388888,9211111019,9211111019,2222222,2777776,1666668,2777776,5555552,0.250000,4000000000,1000000000
wide,2000000000,830,1000000000,1388888,9222222130,9222222130,2222222,2777776,1666668,2777776,5555552,0.250000,4000000000,1000000000
wide,2000000000,831,1000000000,1388888,9233333241,9233333241,2222222,2777776,1666668,2777776,5555552,0.250000,4000000000,1000000000
wide,2000000000,832,1000000000,1388888,9244444352,9244444352,2222222,2777776,1666668,2777776,5555552,0.250000,4000000000,1000000000
wide,2000000000,833,1000000000,1388888,9255555463,9255555463,2222222,2777776,1666668,2777776,5555552,0.250000,4000000000,1000000000
wide,2000000000,834,1000000000,1388888,9266666574,9266666574,2222222,2777776,1666668,2777776,5555552,0.250000,4000000000,1000000000
wide,2000000000,835,1000000000,1388888,9277777685,9277777685,2222222,2777776,1666668,2777776,5555552,0.250000,4000000000,1000000000
wide,2000000000,836,1000000000,1388888,9288888796,9288888796,2222222,2777776,1666668,2777776,5555552,0.250000,4000000000,1000000000
wide,2000000000,837,1000000000,1388888,9299999907,9299999907,2222222,2777776,1666668,2777776,5555552,0.250000,4000000000,1000000000
wide,2000000000,838,1000000000,1388888,9311111018,9311111018,2222222,2777776,1666668,2777776,5555552,0.250000,4000000000,1000000000
wide,2000000000,839,1000000000,1388888,9322222129,9322222129,2222222,2777776,1666668,2777776,5555552,0.250000,4000000000,1000000000
wide,2000000000,840,1000000000,1388888,9333333240,9333333240,2222222,2777776,1666668,2777776,5555552,0.250000,4000000000,1000000000
wide,2000000000,841,1000000000,1388888,9344444351,9344444351,2222222,2777776,1666668,2777776,5555552,0.250000,4000000000,1000000000
wide,2000000000,842,1000000000,1388888,9355555462,9355555462,2222222,2777776,1666668,2777776,5555552,0.250000,4000000000,1000000000
wide,2000000000,843,1000000000,1388888,9366666573,9366666573,2222222,2777776,1666668,2777776,5555552,0.250000,4000000000,1000000000
wide,2000000000,844,1000000000,1388888,9377777684,9377777684,2222222,2777776,1666668,2777776,5555552,0.250000,4000000000,1000000000
wide,2000000000,845,1000000000,1388888,9388888795,9388888795,2222222,2777776,1666668,2777776,5555552,0.250000,4000000000,1000000000
wide,2000000000,846,1000000000,1388888,9399999906,9399999906,2222222,2777776,1666668,2777776,5555552,0.250000,4000000000,1000000000
wide,2000000000,847,1000000000,1388888,9411111017,9411111017,2222222,2777776,1666668,2777776,5555552,0.250000,4000000000,1000000000
wide,2000000000,848,1000000000,1388888,9422222128,9422222128,2222222,2777776,1666668,2777776,5555552,0.250000,4000000000,1000000000
wide,2000000000,849,1000000000,1388888,9433333239,9433333239,2222222,2777776,1666668,2777776,5555552,0.250000,4000000000,1000000000
wide,2000000000,850,1000000000,1388888,9444444350,9444444350,2222222,2777776,1666668,2777776,5555552,0.250000,4000000000,1000000000
wide,2000000000,851,1000000000,1388888,9455555461,9455555461,2222222,2777776,1666668,2777776,5555552,0.250000,4000000000,1000000000
wide,2000000000,852,1000000000,1388888,9466666572,9466666572,2222222,2777776,1666668,2777776,5555552,0.250000,4000000000,1000000000
wide,2000000000,853,1000000000,1388888,9477777683,9477777683,2222222,2777776,1666668,2777776,5555552,0.250000,4000000000,1000000000
wide,2000000000,854,1000000000,1388888,9488888794,9488888794,2222222,2777776,1666668,2777776,5555552,0.250000,4000000000,1000000000
wide,2000000000,855,1000000000,1388888,9499999905,9499999905,2222222,2777776,1666668,2777776,5555552,0.250000,4000000000,1000000000
wide,2000000000,856,1000000000,1388888,9511111016,9511111016,2222222,2777776,1666668,2777776,5555552,0.250000,4000000000,1000000000
wide,2000000000,857,1000000000,1388888,9522222127,9522222127,2222222,2777776,1666668,2777776,5555552,0.250000,4000000000,1000000000
wide,2000000000,858,1000000000,1388888,9533333238,9533333238,2222222,2777776,1666668,2777776,5555552,0.250000,4000000000,1000000000
wide,2000000000,859,1000000000,1388888,9544444349,9544444349,2222222,2777776,1666668,2777776,5555552,0.250000,4000000000,1000000000
wide,2000000000,860,1000000000,1388888,9555555460,9555555460,2222222,2777776,1666668,2777776,5555552,0.250000,4000000000,1000000000
wide,2000000000,861,1000000000,1388888,9566666571,9566666571,2222222,2777776,1666668,2777776,5555552,0.250000,4000000000,1000000000
wide,2000000000,862,1000000000,1388888,9577777682,9577777682,2222222,2777776,1666668,2777776,5555552,0.250000,4000000000,1000000000
wide,2000000000,863,1000000000,1388888,9588888793,9588888793,2222222,2777776,1666668,2777776,5555552,0.250000,4000000000,1000000000
wide,2000000000,864,1000000000,1388888,9599999904,9599999904,2222222,2777776,1666668,2777776,5555552,0.250000,4000000000,1000000000
wide,2000000000,865,1000000000,1388888,9611111015,9611111015,2222222,2777776,1666668,2777776,5555552,0.250000,4000000000,1000000000
wide,2000000000,866,1000000000,1388888,9622222126,9622222126,2222222,2777776,1666668,2777776,5555552,0.250000,4000000000,1000000000
wide,2000000000,867,1000000000,1388888,9633333237,9633333237,2222222,2777776,1666668,2777776,5555552,0.250000,4000000000,1000000000
wide,2000000000,868,1000000000,1388888,9644444348,9644444348,2222222,2777776,1666668,2777776,5555552,0.250000,4000000000,1000000000
wide,2000000000,869,1000000000,1388888,9655555459,9655555459,2222222,2777776,1666668,2777776,5555552,0.250000,4000000000,1000000000
wide,2000000000,870,1000000000,1388888,9666666570,9666666570,2222222,2777776,1666668,2777776,5555552,0.250000,4000000000,1000000000
wide,2000000000,871,1000000000,1388888,9677777681,9677777681,2222222,2777776,1666668,2777776,5555552,0.250000,4000000000,1000000000
wide,2000000000,872,1000000000,1388888,9688888792,9688888792,2222222,2777776,1666668,2777776,5555552,0.250000,4000000000,1000000000
wide,2000000000,873,1000000000,1388888,9699999903,9699999903,2222222,2777776,1666668,2777776,5555552,0.250000,4000000000,1000000000
wide,2000000000,874,1000000000,1388888,9711111014,9711111014,2222222,2777776,1666668,2777776,5555552,0.250000,4000000000,1000000000
wide,2000000000,875,1000000000,1388888,9722222125,9722222125,2222222,2777776,1666668,2777776,5555552,0.250000,4000000000,1000000000
wide,2000000000,876,1000000000,1388888,9733333236,9733333236,2222222,2777776,1666668,2777776,5555552,0.250000,4000000000,1000000000
wide,2000000000,877,1000000000,1388888,9744444347,9744444347,2222222,2777776,1666668,2777776,5555552,0.250000,4000000000,1000000000
wide,2000000000,878,1000000000,1388888,9755555458,9755555458,2222222,2777776,1666668,2777776,5555552,0.250000,4000000000,1000000000
wide,2000000000,879,1000000000,1388888,9766666569,9766666569,2222222,2777776,1666668,2777776,5555552,0.250000,4000000000,1000000000
wide,2000000000,880,1000000000,1388888,9777777680,9777777680,2222222,2777776,1666668,2777776,5555552,0.250000,4000000000,1000000000
wide,2000000000,881,1000000000,1388888,9788888791,9788888791,2222222,2777776,1666668,2777776,5555552,0.250000,4000000000,1000000000
wide,2000000000,882,1000000000,1388888,9799999902,9799999902,2222222,2777776,1666668,2777776,5555552,0.250000,4000000000,1000000000
wide,2000000000,883,1000000000,1388888,9811111013,9811111013,2222222,2777776,1666668,2777776,5555552,0.250000,4000000000,1000000000
wide,2000000000,884,1000000000,1388888,9822222124,9822222124,2222222,2777776,1666668,2777776,5555552,0.250000,4000000000,1000000000
wide,2000000000,885,1000000000,1388888,9833333235,9833333235,2222222,2777776,1666668,2777776,5555552,0.250000,4000000000,1000000000
wide,2000000000,886,1000000000,1388888,9844444346,9844444346,2222222,2777776,1666668,2777776,5555552,0.250000,4000000000,1000000000
wide,2000000000,887,1000000000,1388888,9855555457,9855555457,2222222,2777776,1666668,2777776,5555552,0.250000,4000000000,1000000000
wide,2000000000,888,1000000000,1388888,9866666568,9866666568,2222222,2777776,1666668,2777776,5555552,0.250000,4000000000,1000000000
wide,2000000000,889,1000000000,1388888,9877777679,9877777679,2222222,2777776,1666668,2777776,5555552,0.250000,4000000000,1000000000
wide,2000000000,890,1000000000,1388888,9888888790,9888888790,2222222,2777776,1666668,2777776,5555552,0.250000,4000000000,1000000000
wide,2000000000,891,1000000000,1388888,9899999901,9899999901,2222222,2777776,1666668,2777776,5555552,0.250000,4000000000,1000000000
wide,2000000000,892,1000000000,1388888,9911111012,9911111012,2222222,2777776,1666668,2777776,5555552,0.250000,4000000000,1000000000
wide,2000000000,893,1000000000,1388888,9922222123,9922222123,2222222,2777776,1666668,2777776,5555552,0.250000,4000000000,1000000000
wide,2000000000,894,1000000000,1388888,9933333234,9933333234,2222222,2777776,1666668,2777776,5555552,0.250000,4000000000,1000000000
wide,2000000000,895,1000000000,1388888,9944444345,9944444345,2222222,2777776,1666668,2777776,5555552,0.250000,4000000000,1000000000
wide,2000000000,896,1000000000,1388888,9955555456,9955555456,2222222,2777776,1666668,2777776,5555552,0.250000,4000000000,1000000000
wide,2000000000,897,1000000000,1388888,9966666567,9966666567,2222222,2777776,1666668,2777776,5555552,0.250000,4000000000,1000000000
wide,2000000000,898,1000000000,1388888,9977777678,9977777678,2222222,2777776,1666668,2777776,5555552,0.250000,4000000000,1000000000
wide,2000000000,899,1000000000,1388888,9988888789,9988888789,2222222,2777776,1666668,2777776,5555552,0.250000,4000000000,1000000000
wide,2000000000,900,1000000000,1388888,9999999900,9999999900,2222222,2777776,1666668,2777776,5555552,0.250000,4000000000,1000000000
wide,2000000000,901,1000000000,1388888,10011111011,10011111011,2222222,2777776,1666668,2777776,5555552,0.250000,4000000000,1000000000
wide,2000000000,902,1000000000,1388888,10022222122,10022222122,2222222,2777776,1666668,2777776,5555552,0.250000,4000000000,1000000000
wide,2000000000,903,1000000000,1388888,10033333233,10033333233,2222222,2777776,1666668,2777776,5555552,0.250000,4000000000,1000000000
wide,2000000000,904,1000000000,1388888,10044444344,10044444344,2222222,2777776,1666668,2777776,5555552,0.250000,4000000000,1000000000
wide,2000000000,905,1000000000,1388888,10055555455,10055555455,2222222,2777776,1666668,2777776,5555552,0.250000,4000000000,1000000000
wide,2000000000,906,1000000000,1388888,10066666566,10066666566,2222222,2777776,1666668,2777776,5555552,0.250000,4000000000,1000000000
wide,2000000000,907,1000000000,1388888,10077777677,10077777677,2222222,2777776,1666668,2777776,5555552,0.250000,4000000000,1000000000
wide,2000000000,908,1000000000,1388888,10088888788,10088888788,2222222,2777776,1666668,2777776,5555552,0.250000,4000000000,1000000000
wide,2000000000,909,1000000000,1388888,10099999899,10099999899,2222222,2777776,1666668,2777776,5555552,0.250000,4000000000,1000000000
wide,2000000000,910,1000000000,1388888,10111111010,10111111010,2222222,2777776,1666668,2777776,5555552,0.250000,4000000000,1000000000
wide,2000000000,911,1000000000,1388888,10122222121,10122222121,2222222,2777776,1666668,2777776,5555552,0.250000,4000000000,1000000000
wide,2000000000,912,1000000000,1388888,10133333232,10133333232,2222222,2777776,1666668,2777776,5555552,0.250000,4000000000,1000000000
wide,2000000000,913,1000000000,1388888,10144444343,10144444343,2222222,2777776,1666668,2777776,5555552,0.250000,4000000000,1000000000
wide,2000000000,914,1000000000,1388888,10155555454,10155555454,2222222,2777776,1666668,2777776,5555552,0.250000,4000000000,1000000000
wide,2000000000,915,1000000000,1388888,10166666565,10166666565,2222222,2777776,1666668,2777776,5555552,0.250000,4000000000,1000000000
wide,2000000000,916,1000000000,1388888,10177777676,10177777676,2222222,2777776,1666668,2777776,5555552,0.250000,4000000000,1000000000
wide,2000000000,917,1000000000,1388888,10188888787,10188888787,2222222,2777776,1666668,2777776,5555552,0.250000,4000000000,1000000000
wide,2000000000,918,1000000000,1388888,10199999898,10199999898,2222222,2777776,1666668,2777776,5555552,0.250000,4000000000,1000000000
wide,2000000000,919,1000000000,1388888,10211111009,10211111009,2222222,2777776,1666668,2777776,5555552,0.250000,4000000000,1000000000
wide,2000000000,920,1000000000,1388888,10222222120,10222222120,2222222,2777776,1666668,2777776,5555552,0.250000,4000000000,1000000000
wide,2000000000,921,1000000000,1388888,10233333231,10233333231,2222222,2777776,1666668,2777776,5555552,0.250000,4000000000,1000000000
wide,2000000000,922,1000000000,1388888,10244444342,10244444342,2222222,2777776,1666668,2777776,5555552,0.250000,4000000000,1000000000
wide,2000000000,923,1000000000,1388888,10255555453,10255555453,2222222,2777776,1666668,2777776,5555552,0.250000,4000000000,1000000000
wide,2000000000,924,1000000000,1388888,10266666564,10266666564,2222222,2777776,1666668,2777776,5555552,0.250000,4000000000,1000000000
wide,2000000000,925,1000000000,1388888,10277777675,10277777675,2222222,2777776,1666668,2777776,5555552,0.250000,4000000000,1000000000
wide,2000000000,926,1000000000,1388888,10288888786,10288888786,2222222,2777776,1666668,2777776,5555552,0.250000,4000000000,1000000000
wide,2000000000,927,1000000000,1388888,10299999897,10299999897,2222222,2777776,1666668,2777776,5555552,0.250000,4000000000,1000000000
wide,2000000000,928,1000000000,1388888,10311111008,10311111008,2222222,2777776,1666668,2777776,5555552,0.250000,4000000000,1000000000
wide,2000000000,929,1000000000,1388888,10322222119,10322222119,2222222,2777776,1666668,2777776,5555552,0.250000,4000000000,1000000000
wide,2000000000,930,1000000000,1388888,10333333230,10333333230,2222222,2777776,1666668,2777776,5555552,0.250000,4000000000,1000000000
wide,2000000000,931,1000000000,1388888,10344444341,10344444341,2222222,2777776,1666668,2777776,5555552,0.250000,4000000000,1000000000
wide,2000000000,932,1000000000,1388888,10355555452,10355555452,2222222,2777776,1666668,2777776,5555552,0.250000,4000000000,1000000000
wide,2000000000,933,1000000000,1388888,10366666563,10366666563,2222222,2777776,1666668,2777776,5555552,0.250000,4000000000,1000000000
wide,2000000000,934,1000000000,1388888,10377777674,10377777674,2222222,2777776,1666668,2777776,5555552,0.250000,4000000000,1000000000
wide,2000000000,935,1000000000,1388888,10388888785,10388888785,2222222,2777776,1666668,2777776,5555552,0.250000,4000000000,1000000000
wide,2000000000,936,1000000000,1388888,10399999896,10399999896,2222222,2777776,1666668,2777776,5555552,0.250000,4000000000,1000000000
wide,2000000000,937,1000000000,1388888,10411111007,10411111007,2222222,2777776,1666668,2777776,5555552,0.250000,4000000000,1000000000
wide,2000000000,938,1000000000,1388888,10422222118,10422222118,2222222,2777776,1666668,2777776,5555552,0.250000,4000000000,1000000000
wide,2000000000,939,1000000000,1388888,10433333229,10433333229,2222222,2777776,1666668,2777776,5555552,0.250000,4000000000,1000000000
wide,2000000000,940,1000000000,1388888,10444444340,10444444340,2222222,2777776,1666668,2777776,5555552,0.250000,4000000000,1000000000
wide,2000000000,941,1000000000,1388888,10455555451,10455555451,2222222,2777776,1666668,2777776,5555552,0.250000,4000000000,1000000000
wide,2000000000,942,1000000000,1388888,10466666562,10466666562,2222222,2777776,1666668,2777776,5555552,0.250000,4000000000,1000000000
wide,2000000000,943,1000000000,1388888,10477777673,10477777673,2222222,2777776,1666668,2777776,5555552,0.250000,4000000000,1000000000
wide,2000000000,944,1000000000,1388888,10488888784,10488888784,2222222,2777776,1666668,2777776,5555552,0.250000,4000000000,1000000000
wide,2000000000,945,1000000000,1388888,10499999895,10499999895,2222222,2777776,1666668,2777776,5555552,0.250000,4000000000,1000000000
wide,2000000000,946,1000000000,1388888,10511111006,10511111006,2222222,2777776,1666668,2777776,5555552,0.250000,4000000000,1000000000
wide,2000000000,947,1000000000,1388888,10522222117,10522222117,2222222,2777776,1666668,2777776,5555552,0.250000,4000000000,1000000000
wide,2000000000,948,1000000000,1388888,10533333228,10533333228,2222222,2777776,1666668,2777776,5555552,0.250000,4000000000,1000000000
wide,2000000000,949,1000000000,1388888,10544444339,10544444339,2222222,2777776,1666668,2777776,5555552,0.250000,4000000000,1000000000
wide,2000000000,950,1000000000,1388888,10555555450,10555555450,2222222,2777776,1666668,2777776,5555552,0.250000,4000000000,1000000000
wide,2000000000,951,1000000000,1388888,10566666561,10566666561,2222222,2777776,1666668,2777776,5555552,0.250000,4000000000,1000000000
wide,2000000000,952,1000000000,1388888,10577777672,10577777672,2222222,2777776,1666668,2777776,5555552,0.250000,4000000000,1000000000
wide,2000000000,953,1000000000,1388888,10588888783,10588888783,2222222,2777776,1666668,2777776,5555552,0.250000,4000000000,1000000000
wide,2000000000,954,1000000000,1388888,10599999894,10599999894,2222222,2777776,1666668,2777776,5555552,0.250000,4000000000,1000000000
wide,2000000000,955,1000000000,1388888,10611111005,10611111005,2222222,2777776,1666668,2777776,5555552,0.250000,4000000000,1000000000
wide,2000000000,956,1000000000,1388888,10622222116,10622222116,2222222,2777776,1666668,2777776,5555552,0.250000,4000000000,1000000000
wide,2000000000,957,1000000000,1388888,10633333227,10633333227,2222222,2777776,1666668,2777776,5555552,0.250000,4000000000,1000000000
wide,2000000000,958,1000000000,1388888,10644444338,10644444338,2222222,2777776,1666668,2777776,5555552,0.250000,4000000000,1000000000
wide,2000000000,959,1000000000,1388888,10655555449,10655555449,2222222,2777776,1666668,2777776,5555552,0.250000,4000000000,1000000000
wide,2000000000,960,1000000000,1388888,10666666560,10666666560,2222222,2777776,1666668,2777776,5555552,0.250000,4000000000,1000000000
wide,2000000000,961,1000000000,1388888,10677777671,10677777671,2222222,2777776,1666668,2777776,5555552,0.250000,4000000000,1000000000
wide,2000000000,962,1000000000,1388888,10688888782,10688888782,2222222,2777776,1666668,2777776,5555552,0.250000,4000000000,1000000000
wide,2000000000,963,1000000000,1388888,10699999893,10699999893,2222222,2777776,1666668,2777776,5555552,0.250000,4000000000,1000000000
wide,2000000000,964,1000000000,1388888,10711111004,10711111004,2222222,2777776,1666668,2777776,5555552,0.250000,4000000000,1000000000
wide,2000000000,965,1000000000,1388888,10722222115,10722222115,2222222,2777776,1666668,2777776,5555552,0.250000,4000000000,1000000000
wide,2000000000,966,1000000000,1388888,10733333226,10733333226,2222222,2777776,1666668,2777776,5555552,0.250000,4000000000,1000000000
wide,2000000000,967,1000000000,1388888,10744444337,10744444337,2222222,2777776,1666668,2777776,5555552,0.250000,4000000000,1000000000
wide,2000000000,968,1000000000,1388888,10755555448,10755555448,2222222,2777776,1666668,2777776,5555552,0.250000,4000000000,1000000000
wide,2000000000,969,1000000000,1388888,10766666559,10766666559,2222222,2777776,1666668,2777776,5555552,0.250000,4000000000,1000000000
wide,2000000000,970,1000000000,1388888,10777777670,10777777670,2222222,2777776,1666668,2777776,5555552,0.250000,4000000000,1000000000
wide,2000000000,971,1000000000,1388888,10788888781,10788888781,2222222,2777776,1666668,2777776,5555552,0.250000,4000000000,1000000000
wide,2000000000,972,1000000000,1388888,10799999892,10799999892,2222222,2777776,1666668,2777776,5555552,0.250000,4000000000,1000000000
wide,2000000000,973,1000000000,1388888,10811111003,10811111003,2222222,2777776,1666668,2777776,5555552,0.250000,4000000000,1000000000
wide,2000000000,974,1000000000,1388888,10822222114,10822222114,2222222,2777776,1666668,2777776,5555552,0.250000,4000000000,1000000000
wide,2000000000,975,1000000000,1388888,10833333225,10833333225,2222222,2777776,1666668,2777776,5555552,0.250000,4000000000,1000000000
wide,2000000000,976,1000000000,1388888,10844444336,10844444336,2222222,2777776,1666668,2777776,5555552,0.250000,4000000000,1000000000
wide,2000000000,977,1000000000,1388888,10855555447,10855555447,2222222,2777776,1666668,2777776,5555552,0.250000,4000000000,1000000000
wide,2000000000,978,1000000000,1388888,10866666558,10866666558,2222222,2777776,1666668,2777776,5555552,0.250000,4000000000,1000000000
wide,2000000000,979,1000000000,1388888,10877777669,10877777669,2222222,2777776,1666668,2777776,5555552,0.250000,4000000000,1000000000
wide,2000000000,980,1000000000,1388888,10888888780,10888888780,2222222,2777776,1666668,2777776,5555552,0.250000,4000000000,1000000000
wide,2000000000,981,1000000000,1388888,10899999891,10899999891,2222222,2777776,1666668,2777776,5555552,0.250000,4000000000,1000000000
wide,2000000000,982,1000000000,1388888,10911111002,10911111002,2222222,2777776,1666668,2777776,5555552,0.250000,4000000000,1000000000
wide,2000000000,983,1000000000,1388888,10922222113,10922222113,2222222,2777776,1666668,2777776,5555552,0.250000,4000000000,1000000000
wide,2000000000,984,1000000000,1388888,10933333224,10933333224,2222222,2777776,1666668,2777776,5555552,0.250000,4000000000,1000000000
wide,2000000000,985,1000000000,1388888,10944444335,10944444335,2222222,2777776,1666668,2777776,5555552,0.250000,4000000000,1000000000
wide,2000000000,986,1000000000,1388888,10955555446,10955555446,2222222,2777776,1666668,2777776,5555552,0.250000,4000000000,1000000000
wide,2000000000,987,1000000000,1388888,10966666557,10966666557,2222222,2777776,1666668,2777776,5555552,0.250000,4000000000,1000000000
wide,2000000000,988,1000000000,1388888,10977777668,10977777668,2222222,2777776,1666668,2777776,5555552,0.250000,4000000000,1000000000
wide,2000000000,989,1000000000,1388888,10988888779,10988888779,2222222,2777776,1666668,2777776,5555552,0.250000,4000000000,1000000000
wide,2000000000,990,1000000000,1388888,10999999890,10999999890,2222222,2777776,1666668,2777776,5555552,0.250000,4000000000,1000000000
wide,2000000000,991,1000000000,1388888,11011111001,11011111001,2222222,2777776,1666668,2777776,5555552,0.250000,4000000000,1000000000
wide,2000000000,992,1000000000,1388888,11022222112,11022222112,2222222,2777776,1666668,2777776,5555552,0.250000,4000000000,1000000000
wide,2000000000,993,1000000000,1388888,11033333223,11033333223,2222222,2777776,1666668,2777776,5555552,0.250000,4000000000,1000000000
wide,2000000000,994,1000000000,1388888,11044444334,11044444334,2222222,2777776,1666668,2777776,5555552,0.250000,4000000000,1000000000
wide,2000000000,995,1000000000,1388888,11055555445,11055555445,2222222,2777776,1666668,2777776,5555552,0.250000,4000000000,1000000000
wide,2000000000,996,1000000000,1388888,11066666556,11066666556,2222222,2777776,1666668,2777776,5555552,0.250000,4000000000,1000000000
wide,2000000000,997,1000000000,1388888,11077777667,11077777667,2222222,2777776,1666668,2777776,5555552,0.250000,4000000000,1000000000
wide,2000000000,998,1000000000,1388888,11088888778,11088888778,2222222,2777776,1666668,2777776,5555552,0.250000,4000000000,1000000000
wide,2000000000,999,1000000000,1388888,11099999889,11099999889,2222222,2777776,1666668,2777776,5555552,0.250000,4000000000,1000000000
wide,2000000000,1000,1000000000,1388888,11111111000,11111111000,2222222,2777776,1666668,2777776,5555552,0.250000,4000000000,1000000000
wide,2000000000,1001,1000000000,1388888,11122222111,11122222111,2222222,2777776,1666668,2777776,5555552,0.250000,4000000000,1000000000
wide,2000000000,1002,1000000000,1388888,11133333222,11133333222,2222222,2777776,1666668,2777776,5555552,0.250000,4000000000,1000000000
wide,2000000000,1003,1000000000,1388888,11144444333,11144444333,2222222,2777776,1666668,2777776,5555552,0.250000,4000000000,1000000000
wide,2000000000,1004,1000000000,1388888,11155555444,11155555444,2222222,2777776,1666668,2777776,5555552,0.250000,4000000000,1000000000
wide,2000000000,1005,1000000000,1388888,11166666555,11166666555,2222222,2777776,1666668,2777776,5555552,0.250000,4000000000,1000000000
wide,2000000000,1006,1000000000,1388888,11177777666,11177777666,2222222,2777776,1666668,2777776,5555552,0.250000,4000000000,1000000000
wide,2000000000,1007,1000000000,1388888,11188888777,11188888777,2222222,2777776,1666668,2777776,5555552,0.250000,4000000000,1000000000
wide,2000000000,1008,1000000000,1388888,11199999888,11199999888,2222222,2777776,1666668,2777776,5555552,0.250000,4000000000,1000000000
wide,2000000000,1009,1000000000,1388888,11211110999,11211110999,2222222,2777776,1666668,2777776,5555552,0.250000,4000000000,1000000000
wide,2000000000,1010,1000000000,1388888,11222222110,11222222110,2222222,2777776,1666668,2777776,5555552,0.250000,4000000000,1000000000
wide,2000000000,1011,1000000000,1388888,11233333221,11233333221,2222222,2777776,1666668,2777776,5555552,0.250000,4000000000,1000000000
wide,2000000000,1012,1000000000,1388888,11244444332,11244444332,2222222,2777776,1666668,2777776,5555552,0.250000,4000000000,1000000000
wide,2000000000,1013,1000000000,1388888,11255555443,11255555443,2222222,2777776,1666668,2777776,5555552,0.250000,4000000000,1000000000
wide,2000000000,1014,1000000000,1388888,11266666554,11266666554,2222222,2777776,1666668,2777776,5555552,0.250000,4000000000,1000000000
wide,2000000000,1015,1000000000,1388888,11277777665,11277777665,2222222,2777776,1666668,2777776,5555552,0.250000,4000000000,1000000000
wide,2000000000,1016,1000000000,1388888,11288888776,11288888776,2222222,2777776,1666668,2777776,5555552,0.250000,4000000000,1000000000
wide,2000000000,1017,1000000000,1388888,11299999887,11299999887,2222222,2777776,1666668,2777776,5555552,0.250000,4000000000,1000000000
wide,2000000000,1018,1000000000,1388888,11311110998,11311110998,2222222,2777776,1666668,2777776,5555552,0.250000,4000000000,1000000000
wide,2000000000,1019,1000000000,1388888,11322222109,11322222109,2222222,2777776,1666668,2777776,5555552,0.250000,4000000000,1000000000
wide,2000000000,1020,1000000000,1388888,11333333220,11333333220,2222222,2777776,1666668,2777776,5555552,0.250000,4000000000,1000000000
wide,2000000000,1021,1000000000,1388888,11344444331,11344444331,2222222,2777776,1666668,2777776,5555552,0.250000,4000000000,1000000000
wide,2000000000,1022,1000000000,1388888,11355555442,11355555442,2222222,2777776,1666668,2777776,5555552,0.250000,4000000000,1000000000
wide,2000000000,1023,1000000000,1388888,11366666553,11366666553,2222222,2777776,1666668,2777776,5555552,0.250000,4000000000,1000000000
wide,2000000000,1024,1000000000,1388888,11377777664,11377777664,2222222,2777776,1666668,2777776,5555552,0.250000,4000000000,1000000000
wide,2000000000,1025,1000000000,1388888,11388888775,11388888775,2222222,2777776,1666668,2777776,5555552,0.250000,4000000000,1000000000
wide,2000000000,1026,1000000000,1388888,11399999886,11399999886,2222222,2777776,1666668,2777776,5555552,0.250000,4000000000,1000000000
wide,2000000000,1027,1000000000,1388888,11411110997,11411110997,2222222,2777776,1666668,2777776,5555552,0.250000,4000000000,1000000000
wide,2000000000,1028,1000000000,1388888,11422222108,11422222108,2222222,2777776,1666668,2777776,5555552,0.250000,4000000000,1000000000
wide,2000000000,1029,1000000000,1388888,11433333219,11433333219,2222222,2777776,1666668,2777776,5555552,0.250000,4000000000,1000000000
wide,2000000000,1030,1000000000,1388888,11444444330,11444444330,2222222,2777776,1666668,2777776,5555552,0.250000,4000000000,1000000000
wide,2000000000,1031,1000000000,1388888,11455555441,11455555441,2222222,2777776,1666668,2777776,5555552,0.250000,4000000000,1000000000
wide,2000000000,1032,1000000000,1388888,11466666552,11466666552,2222222,2777776,1666668,2777776,5555552,0.250000,4000000000,1000000000
wide,2000000000,1033,1000000000,1388888,11477777663,11477777663,2222222,2777776,1666668,2777776,5555552,0.250000,4000000000,1000000000
wide,2000000000,1034,1000000000,1388888,11488888774,11488888774,2222222,2777776,1666668,2777776,5555552,0.250000,4000000000,1000000000
wide,2000000000,1035,1000000000,1388888,11499999885,11499999885,2222222,2777776,1666668,2777776,5555552,0.250000,4000000000,1000000000
wide,2000000000,1036,1000000000,1388888,11511110996,11511110996,2222222,2777776,1666668,2777776,5555552,0.250000,4000000000,1000000000
wide,2000000000,1037,1000000000,1388888,11522222107,11522222107,2222222,2777776,1666668,2777776,5555552,0.250000,4000000000,1000000000
wide,2000000000,1038,1000000000,1388888,11533333218,11533333218,2222222,2777776,1666668,2777776,5555552,0.250000,4000000000,1000000000
wide,2000000000,1039,1000000000,1388888,11544444329,11544444329,2222222,2777776,1666668,2777776,5555552,0.250000,4000000000,1000000000
wide,2000000000,1040,1000000000,1388888,11555555440,11555555440,2222222,2777776,1666668,2777776,5555552,0.250000,4000000000,1000000000
wide,2000000000,1041,1000000000,1388888,11566666551,11566666551,2222222,2777776,1666668,2777776,5555552,0.250000,4000000000,1000000000
wide,2000000000,1042,1000000000,1388888,11577777662,11577777662,2222222,2777776,1666668,2777776,5555552,0.250000,4000000000,1000000000
wide,2000000000,1043,1000000000,1388888,11588888773,11588888773,2222222,2777776,1666668,2777776,5555552,0.250000,4000000000,1000000000
wide,2000000000,1044,1000000000,1388888,11599999884,11599999884,2222222,2777776,1666668,2777776,5555552,0.250000,4000000000,1000000000
wide,2000000000,1045,1000000000,1388888,11611110995,11611110995,2222222,2777776,1666668,2777776,5555552,0.250000,4000000000,1000000000
wide,2000000000,1046,1000000000,1388888,11622222106,11622222106,2222222,2777776,1666668,2777776,5555552,0.250000,4000000000,1000000000
wide,2000000000,1047,1000000000,1388888,11633333217,11633333217,2222222,2777776,1666668,2777776,5555552,0.250000,4000000000,1000000000
wide,2000000000,1048,1000000000,1388888,11644444328,11644444328,2222222,2777776,1666668,2777776,5555552,0.250000,4000000000,1000000000
wide,2000000000,1049,1000000000,1388888,11655555439,11655555439,2222222,2777776,1666668,2777776,5555552,0.250000,4000000000,1000000000
wide,2000000000,1050,1000000000,1388888,11666666550,11666666550,2222222,2777776,1666668,2777776,5555552,0.250000,4000000000,1000000000
wide,2000000000,1051,1000000000,1388888,11677777661,11677777661,2222222,2777776,1666668,2777776,5555552,0.250000,4000000000,1000000000
wide,2000000000,1052,1000000000,1388888,11688888772,11688888772,2222222,2777776,1666668,2777776,5555552,0.250000,4000000000,1000000000
wide,2000000000,1053,1000000000,1388888,11699999883,11699999883,2222222,2777776,1666668,2777776,5555552,0.250000,4000000000,1000000000
wide,2000000000,1054,1000000000,1388888,11711110994,11711110994,2222222,2777776,1666668,2777776,5555552,0.250000,4000000000,1000000000
wide,2000000000,1055,1000000000,1388888,11722222105,11722222105,2222222,2777776,1666668,2777776,5555552,0.250000,4000000000,1000000000
wide,2000000000,1056,1000000000,1388888,11733333216,11733333216,2222222,2777776,1666668,2777776,5555552,0.250000,4000000000,1000000000
wide,2000000000,1057,1000000000,1388888,11744444327,11744444327,2222222,2777776,1666668,2777776,5555552,0.250000,4000000000,1000000000
wide,2000000000,1058,1000000000,1388888,11755555438,11755555438,2222222,2777776,1666668,2777776,5555552,0.250000,4000000000,1000000000
wide,2000000000,1059,1000000000,1388888,11766666549,11766666549,2222222,2777776,1666668,2777776,5555552,0.250000,4000000000,1000000000
wide,2000000000,1060,1000000000,1388888,11777777660,11777777660,2222222,2777776,1666668,2777776,5555552,0.250000,4000000000,1000000000
wide,2000000000,1061,1000000000,1388888,11788888771,11788888771,2222222,2777776,1666668,2777776,5555552,0.250000,4000000000,1000000000
wide,2000000000,1062,1000000000,1388888,11799999882,11799999882,2222222,2777776,1666668,2777776,5555552,0.250000,4000000000,1000000000
wide,2000000000,1063,1000000000,1388888,11811110993,11811110993,2222222,2777776,1666668,2777776,5555552,0.250000,4000000000,1000000000
wide,2000000000,1064,1000000000,1388888,11822222104,11822222104,2222222,2777776,1666668,2777776,5555552,0.250000,4000000000,1000000000
wide,2000000000,1065,1000000000,1388888,11833333215,11833333215,2222222,2777776,1666668,2777776,5555552,0.250000,4000000000,1000000000
wide,2000000000,1066,1000000000,1388888,11844444326,11844444326,2222222,2777776,1666668,2777776,5555552,0.250000,4000000000,1000000000
wide,2000000000,1067,1000000000,1388888,11855555437,11855555437,2222222,2777776,1666668,2777776,5555552,0.250000,4000000000,1000000000
wide,2000000000,1068,1000000000,1388888,11866666548,11866666548,2222222,2777776,1666668,2777776,5555552,0.250000,4000000000,1000000000
wide,2000000000,1069,1000000000,1388888,11877777659,11877777659,2222222,2777776,1666668,2777776,5555552,0.250000,4000000000,1000000000
wide,2000000000,1070,1000000000,1388888,11888888770,11888888770,2222222,2777776,1666668,2777776,5555552,0.250000,4000000000,1000000000
wide,2000000000,1071,1000000000,1388888,11899999881,11899999881,2222222,2777776,1666668,2777776,5555552,0.250000,4000000000,1000000000
wide,2000000000,1072,1000000000,1388888,11911110992,11911110992,2222222,2777776,1666668,2777776,5555552,0.250000,4000000000,1000000000
wide,2000000000,1073,1000000000,1388888,11922222103,11922222103,2222222,2777776,1666668,2777776,5555552,0.250000,4000000000,1000000000
wide,2000000000,1074,1000000000,1388888,11933333214,11933333214,2222222,2777776,1666668,2777776,5555552,0.250000,4000000000,1000000000
wide,2000000000,1075,1000000000,1388888,11944444325,11944444325,2222222,2777776,1666668,2777776,5555552,0.250000,4000000000,1000000000
wide,2000000000,1076,1000000000,1388888,11955555436,11955555436,2222222,2777776,1666668,2777776,5555552,0.250000,4000000000,1000000000
wide,2000000000,1077,1000000000,1388888,11966666547,11966666547,2222222,2777776,1666668,2777776,5555552,0.250000,4000000000,1000000000
wide,2000000000,1078,1000000000,1388888,11977777658,11977777658,2222222,2777776,1666668,2777776,5555552,0.250000,4000000000,1000000000
wide,2000000000,1079,1000000000,1388888,11988888769,11988888769,2222222,2777776,1666668,2777776,5555552,0.250000,4000000000,1000000000
wide,2000000000,1080,1000000000,1388888,11999999880,11999999880,2222222,2777776,1666668,2777776,5555552,0.250000,4000000000,1000000000
wide,2000000000,1081,1000000000,1388888,12011110991,12011110991,2222222,2777776,1666668,2777776,5555552,0.250000,4000000000,1000000000
wide,2000000000,1082,1000000000,1388888,12022222102,12022222102,2222222,2777776,1666668,2777776,5555552,0.250000,4000000000,1000000000
wide,2000000000,1083,1000000000,1388888,12033333213,12033333213,2222222,2777776,1666668,2777776,5555552,0.250000,4000000000,1000000000
wide,2000000000,1084,1000000000,1388888,12044444324,12044444324,2222222,2777776,1666668,2777776,5555552,0.250000,4000000000,1000000000
wide,2000000000,1085,1000000000,1388888,12055555435,12055555435,2222222,2777776,1666668,2777776,5555552,0.250000,4000000000,1000000000
wide,2000000000,1086,1000000000,1388888,12066666546,12066666546,2222222,2777776,1666668,2777776,5555552,0.250000,4000000000,1000000000
wide,2000000000,1087,1000000000,1388888,12077777657,12077777657,2222222,2777776,1666668,2777776,5555552,0.250000,4000000000,1000000000
wide,2000000000,1088,1000000000,1388888,12088888768,12088888768,2222222,2777776,1666668,2777776,5555552,0.250000,4000000000,1000000000
wide,2000000000,1089,1000000000,1388888,12099999879,12099999879,2222222,2777776,1666668,2777776,5555552,0.250000,4000000000,1000000000
wide,2000000000,1090,1000000000,1388888,12111110990,12111110990,2222222,2777776,1666668,2777776,5555552,0.250000,4000000000,1000000000
wide,2000000000,1091,1000000000,1388888,12122222101,12122222101,2222222,2777776,1666668,2777776,5555552,0.250000,4000000000,1000000000
wide,2000000000,1092,1000000000,1388888,12133333212,12133333212,2222222,2777776,1666668,2777776,5555552,0.250000,4000000000,1000000000
wide,2000000000,1093,1000000000,1388888,12144444323,12144444323,2222222,2777776,1666668,2777776,5555552,0.250000,4000000000,1000000000
wide,2000000000,1094,1000000000,1388888,12155555434,12155555434,2222222,2777776,1666668,2777776,5555552,0.250000,4000000000,1000000000
wide,2000000000,1095,1000000000,1388888,12166666545,12166666545,2222222,2777776,1666668,2777776,5555552,0.250000,4000000000,1000000000
wide,2000000000,1096,1000000000,1388888,12177777656,12177777656,2222222,2777776,1666668,2777776,5555552,0.250000,4000000000,1000000000
wide,2000000000,1097,1000000000,1388888,12188888767,12188888767,2222222,2777776,1666668,2777776,5555552,0.250000,4000000000,1000000000
wide,2000000000,1098,1000000000,1388888,12199999878,12199999878,2222222,2777776,1666668,2777776,5555552,0.250000,4000000000,1000000000
wide,2000000000,1099,1000000000,1388888,12211110989,12211110989,2222222,2777776,1666668,2777776,5555552,0.250000,4000000000,1000000000
wide,2000000000,1100,1000000000,1388888,12222222100,12222222100,2222222,2777776,1666668,2777776,5555552,0.250000,4000000000,1000000000
wide,2000000000,1101,1000000000,1388888,12233333211,12233333211,2222222,2777776,1666668,2777776,5555552,0.250000,4000000000,1000000000
wide,2000000000,1102,1000000000,1388888,12244444322,12244444322,2222222,2777776,1666668,2777776,5555552,0.250000,4000000000,1000000000
wide,2000000000,1103,1000000000,1388888,12255555433,12255555433,2222222,2777776,1666668,2777776,5555552,0.250000,4000000000,1000000000
wide,2000000000,1104,1000000000,1388888,12266666544,12266666544,2222222,2777776,1666668,2777776,5555552,0.250000,4000000000,1000000000
wide,2000000000,1105,1000000000,1388888,12277777655,12277777655,2222222,2777776,1666668,2777776,5555552,0.250000,4000000000,1000000000
wide,2000000000,1106,1000000000,1388888,12288888766,12288888766,2222222,2777776,1666668,2777776,5555552,0.250000,4000000000,1000000000
wide,2000000000,1107,1000000000,1388888,12299999877,12299999877,2222222,2777776,1666668,2777776,5555552,0.250000,4000000000,1000000000
wide,2000000000,1108,1000000000,1388888,12311110988,12311110988,2222222,2777776,1666668,2777776,5555552,0.250000,4000000000,1000000000
wide,2000000000,1109,1000000000,1388888,12322222099,12322222099,2222222,2777776,1666668,2777776,5555552,0.250000,4000000000,1000000000
wide,2000000000,1110,1000000000,1388888,12333333210,12333333210,2222222,2777776,1666668,2777776,5555552,0.250000,4000000000,1000000000
wide,2000000000,1111,1000000000,1388888,12344444321,12344444321,2222222,2777776,1666668,2777776,5555552,0.250000,4000000000,1000000000
wide,2000000000,1112,1000000000,1388888,12355555432,12355555432,2222222,2777776,1666668,2777776,5555552,0.250000,4000000000,1000000000
wide,2000000000,1113,1000000000,1388888,12366666543,12366666543,2222222,2777776,1666668,2777776,5555552,0.250000,4000000000,1000000000
wide,2000000000,1114,1000000000,1388888,12377777654,12377777654,2222222,2777776,1666668,2777776,5555552,0.250000,4000000000,1000000000
wide,2000000000,1115,1000000000,1388888,12388888765,12388888765,2222222,2777776,1666668,2777776,5555552,0.250000,4000000000,1000000000
wide,2000000000,1116,1000000000,1388888,12399999876,12399999876,2222222,2777776,1666668,2777776,5555552,0.250000,4000000000,1000000000
wide,2000000000,1117,1000000000,1388888,12411110987,12411110987,2222222,2777776,1666668,2777776,5555552,0.250000,4000000000,1000000000
wide,2000000000,1118,1000000000,1388888,12422222098,12422222098,2222222,2777776,1666668,2777776,5555552,0.250000,4000000000,1000000000
wide,2000000000,1119,1000000000,1388888,12433333209,12433333209,2222222,2777776,1666668,2777776,5555552,0.250000,4000000000,1000000000
wide,2000000000,1120,1000000000,1388888,12444444320,12444444320,2222222,2777776,1666668,2777776,5555552,0.250000,4000000000,1000000000
wide,2000000000,1121,1000000000,1388888,12455555431,12455555431,2222222,2777776,1666668,2777776,5555552,0.250000,4000000000,1000000000
wide,2000000000,1122,1000000000,1388888,12466666542,12466666542,2222222,2777776,1666668,2777776,5555552,0.250000,4000000000,1000000000
wide,2000000000,1123,1000000000,1388888,12477777653,12477777653,2222222,2777776,1666668,2777776,5555552,0.250000,4000000000,1000000000
wide,2000000000,1124,1000000000,1388888,12488888764,12488888764,2222222,2777776,1666668,2777776,5555552,0.250000,4000000000,1000000000
wide,2000000000,1125,1000000000,1388888,12499999875,12499999875,2222222,2777776,1666668,2777776,5555552,0.250000,4000000000,1000000000
wide,2000000000,1126,1000000000,1388888,12511110986,12511110986,2222222,2777776,1666668,2777776,5555552,0.250000,4000000000,1000000000
wide,2000000000,1127,1000000000,1388888,12522222097,12522222097,2222222,2777776,1666668,2777776,5555552,0.250000,4000000000,1000000000
wide,2000000000,1128,1000000000,1388888,12533333208,12533333208,2222222,2777776,1666668,2777776,5555552,0.250000,4000000000,1000000000
wide,2000000000,1129,1000000000,1388888,12544444319,12544444319,2222222,2777776,1666668,2777776,5555552,0.250000,4000000000,1000000000
wide,2000000000,1130,1000000000,1388888,12555555430,12555555430,2222222,2777776,1666668,2777776,5555552,0.250000,4000000000,1000000000
wide,2000000000,1131,1000000000,1388888,12566666541,12566666541,2222222,2777776,1666668,2777776,5555552,0.250000,4000000000,1000000000
wide,2000000000,1132,1000000000,1388888,12577777652,12577777652,2222222,2777776,1666668,2777776,5555552,0.250000,4000000000,1000000000
wide,2000000000,1133,1000000000,1388888,12588888763,12588888763,2222222,2777776,1666668,2777776,5555552,0.250000,4000000000,1000000000
wide,2000000000,1134,1000000000,1388888,12599999874,12599999874,2222222,2777776,1666668,2777776,5555552,0.250000,4000000000,1000000000
wide,2000000000,1135,1000000000,1388888,12611110985,12611110985,2222222,2777776,1666668,2777776,5555552,0.250000,4000000000,1000000000
wide,2000000000,1136,1000000000,1388888,12622222096,12622222096,2222222,2777776,1666668,2777776,5555552,0.250000,4000000000,1000000000
wide,2000000000,1137,1000000000,1388888,12633333207,12633333207,2222222,2777776,1666668,2777776,5555552,0.250000,4000000000,1000000000
wide,2000000000,1138,1000000000,1388888,12644444318,12644444318,2222222,2777776,1666668,2777776,5555552,0.250000,4000000000,1000000000
wide,2000000000,1139,1000000000,1388888,12655555429,12655555429,2222222,2777776,1666668,2777776,5555552,0.250000,4000000000,1000000000
wide,2000000000,1140,1000000000,1388888,12666666540,12666666540,2222222,2777776,1666668,2777776,5555552,0.250000,4000000000,1000000000
wide,2000000000,1141,1000000000,1388888,12677777651,12677777651,2222222,2777776,1666668,2777776,5555552,0.250000,4000000000,1000000000
wide,2000000000,1142,1000000000,1388888,12688888762,12688888762,2222222,2777776,1666668,2777776,5555552,0.250000,4000000000,1000000000
wide,2000000000,1143,1000000000,1388888,12699999873,12699999873,2222222,2777776,1666668,2777776,5555552,0.250000,4000000000,1000000000
wide,2000000000,1144,1000000000,1388888,12711110984,12711110984,2222222,2777776,1666668,2777776,5555552,0.250000,4000000000,1000000000
wide,2000000000,1145,1000000000,1388888,12722222095,12722222095,2222222,2777776,1666668,2777776,5555552,0.250000,4000000000,1000000000
wide,2000000000,1146,1000000000,1388888,12733333206,12733333206,2222222,2777776,1666668,2777776,5555552,0.250000,4000000000,1000000000
wide,2000000000,1147,1000000000,1388888,12744444317,12744444317,2222222,2777776,1666668,2777776,5555552,0.250000,4000000000,1000000000
wide,2000000000,1148,1000000000,1388888,12755555428,12755555428,2222222,2777776,1666668,2777776,5555552,0.250000,4000000000,1000000000
wide,2000000000,1149,1000000000,1388888,12766666539,12766666539,2222222,2777776,1666668,2777776,5555552,0.250000,4000000000,1000000000
wide,2000000000,1150,1000000000,1388888,12777777650,12777777650,2222222,2777776,1666668,2777776,5555552,0.250000,4000000000,1000000000
wide,2000000000,1151,1000000000,1388888,12788888761,12788888761,2222222,2777776,1666668,2777776,5555552,0.250000,4000000000,1000000000
wide,2000000000,1152,1000000000,1388888,12799999872,12799999872,2222222,2777776,1666668,2777776,5555552,0.250000,4000000000,1000000000
wide,2000000000,1153,1000000000,1388888,12811110983,12811110983,2222222,2777776,1666668,2777776,5555552,0.250000,4000000000,1000000000
wide,2000000000,1154,1000000000,1388888,12822222094,12822222094,2222222,2777776,1666668,2777776,5555552,0.250000,4000000000,1000000000
wide,2000000000,1155,1000000000,1388888,12833333205,12833333205,2222222,2777776,1666668,2777776,5555552,0.250000,4000000000,1000000000
wide,2000000000,1156,1000000000,1388888,12844444316,12844444316,2222222,2777776,1666668,2777776,5555552,0.250000,4000000000,1000000000
wide,2000000000,1157,1000000000,1388888,12855555427,12855555427,2222222,2777776,1666668,2777776,5555552,0.250000,4000000000,1000000000
wide,2000000000,1158,1000000000,1388888,12866666538,12866666538,2222222,2777776,1666668,2777776,5555552,0.250000,4000000000,1000000000
wide,2000000000,1159,1000000000,1388888,12877777649,12877777649,2222222,2777776,1666668,2777776,5555552,0.250000,4000000000,1000000000
wide,2000000000,1160,1000000000,1388888,12888888760,12888888760,2222222,2777776,1666668,2777776,5555552,0.250000,4000000000,1000000000
wide,2000000000,1161,1000000000,1388888,12899999871,12899999871,2222222,2777776,1666668,2777776,5555552,0.250000,4000000000,1000000000
wide,2000000000,1162,1000000000,1388888,12911110982,12911110982,2222222,2777776,1666668,2777776,5555552,0.250000,4000000000,1000000000
wide,2000000000,1163,1000000000,1388888,12922222093,12922222093,2222222,2777776,1666668,2777776,5555552,0.250000,4000000000,1000000000
wide,2000000000,1164,1000000000,1388888,12933333204,12933333204,2222222,2777776,1666668,2777776,5555552,0.250000,4000000000,1000000000
wide,2000000000,1165,1000000000,1388888,12944444315,12944444315,2222222,2777776,1666668,2777776,5555552,0.250000,4000000000,1000000000
wide,2000000000,1166,1000000000,1388888,12955555426,12955555426,2222222,2777776,1666668,2777776,5555552,0.250000,4000000000,1000000000
wide,2000000000,1167,1000000000,1388888,12966666537,12966666537,2222222,2777776,1666668,2777776,5555552,0.250000,4000000000,1000000000
wide,2000000000,1168,1000000000,1388888,12977777648,12977777648,2222222,2777776,1666668,2777776,5555552,0.250000,4000000000,1000000000
wide,2000000000,1169,1000000000,1388888,12988888759,12988888759,2222222,2777776,1666668,2777776,5555552,0.250000,4000000000,1000000000
wide,2000000000,1170,1000000000,1388888,12999999870,12999999870,2222222,2777776,1666668,2777776,5555552,0.250000,4000000000,1000000000
wide,2000000000,1171,1000000000,1388888,13011110981,13011110981,2222222,2777776,1666668,2777776,5555552,0.250000,4000000000,1000000000
wide,2000000000,1172,1000000000,1388888,13022222092,13022222092,2222222,2777776,1666668,2777776,5555552,0.250000,4000000000,1000000000
wide,2000000000,1173,1000000000,1388888,13033333203,13033333203,2222222,2777776,1666668,2777776,5555552,0.250000,4000000000,1000000000
wide,2000000000,1174,1000000000,1388888,13044444314,13044444314,2222222,2777776,1666668,2777776,5555552,0.250000,4000000000,1000000000
wide,2000000000,1175,1000000000,1388888,13055555425,13055555425,2222222,2777776,1666668,2777776,5555552,0.250000,4000000000,1000000000
wide,2000000000,1176,1000000000,1388888,13066666536,13066666536,2222222,2777776,1666668,2777776,5555552,0.250000,4000000000,1000000000
wide,2000000000,1177,1000000000,1388888,13077777647,13077777647,2222222,2777776,1666668,2777776,5555552,0.250000,4000000000,1000000000
wide,2000000000,1178,1000000000,1388888,13088888758,13088888758,2222222,2777776,1666668,2777776,5555552,0.250000,4000000000,1000000000
wide,2000000000,1179,1000000000,1388888,13099999869,13099999869,2222222,2777776,1666668,2777776,5555552,0.250000,4000000000,1000000000
wide,2000000000,1180,1000000000,1388888,13111110980,13111110980,2222222,2777776,1666668,2777776,5555552,0.250000,4000000000,1000000000
wide,2000000000,1181,1000000000,1388888,13122222091,13122222091,2222222,2777776,1666668,2777776,5555552,0.250000,4000000000,1000000000
wide,2000000000,1182,1000000000,1388888,13133333202,13133333202,2222222,2777776,1666668,2777776,5555552,0.250000,4000000000,1000000000
wide,2000000000,1183,1000000000,1388888,13144444313,13144444313,2222222,2777776,1666668,2777776,5555552,0.250000,4000000000,1000000000
wide,2000000000,1184,1000000000,1388888,13155555424,13155555424,2222222,2777776,1666668,2777776,5555552,0.250000,4000000000,1000000000
wide,2000000000,1185,1000000000,1388888,13166666535,13166666535,2222222,2777776,1666668,2777776,5555552,0.250000,4000000000,1000000000
wide,2000000000,1186,1000000000,1388888,13177777646,13177777646,2222222,2777776,1666668,2777776,5555552,0.250000,4000000000,1000000000
wide,2000000000,1187,1000000000,1388888,13188888757,13188888757,2222222,2777776,1666668,2777776,5555552,0.250000,4000000000,1000000000
wide,2000000000,1188,1000000000,1388888,13199999868,13199999868,2222222,2777776,1666668,2777776,5555552,0.250000,4000000000,1000000000
wide,2000000000,1189,1000000000,1388888,13211110979,13211110979,2222222,2777776,1666668,2777776,5555552,0.250000,4000000000,1000000000
wide,2000000000,1190,1000000000,1388888,13222222090,13222222090,2222222,2777776,1666668,2777776,5555552,0.250000,4000000000,1000000000
wide,2000000000,1191,1000000000,1388888,13233333201,13233333201,2222222,2777776,1666668,2777776,5555552,0.250000,4000000000,1000000000
wide,2000000000,1192,1000000000,1388888,13244444312,13244444312,2222222,2777776,1666668,2777776,5555552,0.250000,4000000000,1000000000
wide,2000000000,1193,1000000000,1388888,13255555423,13255555423,2222222,2777776,1666668,2777776,5555552,0.250000,4000000000,1000000000
wide,2000000000,1194,1000000000,1388888,13266666534,13266666534,2222222,2777776,1666668,2777776,5555552,0.250000,4000000000,1000000000
wide,2000000000,1195,1000000000,1388888,13277777645,13277777645,2222222,2777776,1666668,2777776,5555552,0.250000,4000000000,1000000000
wide,2000000000,1196,1000000000,1388888,13288888756,13288888756,2222222,2777776,1666668,2777776,5555552,0.250000,4000000000,1000000000
wide,2000000000,1197,1000000000,1388888,13299999867,13299999867,2222222,2777776,1666668,2777776,5555552,0.250000,4000000000,1000000000
wide,2000000000,1198,1000000000,1388888,13311110978,13311110978,2222222,2777776,1666668,2777776,5555552,0.250000,4000000000,1000000000
wide,2000000000,1199,1000000000,1388888,13322222089,13322222089,2222222,2777776,1666668,2777776,5555552,0.250000,4000000000,1000000000
