--------- beginning of main
--------- beginning of system
09-09 22:53:38.888 21421  5822 I WiVRn   : [2026-09-09 22:53:38.887] [WiVRn] [info] Starting WiVRn version nx-1.4.1-252-gf889029f (f889029f4a6e3d8419069e08ac536f41045d3257)
09-09 22:53:38.888 21421  5822 I WiVRn   : [2026-09-09 22:53:38.888] [WiVRn] [info] Started with intent wivrn://192.168.1.2
09-09 22:53:38.889 21421  5822 I WiVRn   : [2026-09-09 22:53:38.889] [WiVRn] [info] Guessing HMD model from:
09-09 22:53:38.889 21421  5822 I WiVRn   : [2026-09-09 22:53:38.889] [WiVRn] [info]     ro.product.device = "PICOA8110":
09-09 22:53:38.889 21421  5822 I WiVRn   : [2026-09-09 22:53:38.889] [WiVRn] [info]     ro.product.manufacturer = "Pico":
09-09 22:53:38.889 21421  5822 I WiVRn   : [2026-09-09 22:53:38.889] [WiVRn] [info]     ro.product.model = "A8110":
09-09 22:53:38.889 21421  5822 I WiVRn   : [2026-09-09 22:53:38.889] [WiVRn] [info]     pxr.vendorhw.product.model = "PICO 4":
09-09 22:53:38.889 21421  5822 I WiVRn   : [2026-09-09 22:53:38.889] [WiVRn] [info] HMD traits initialized
09-09 22:53:38.889 21421  5822 I WiVRn   : [2026-09-09 22:53:38.889] [WiVRn] [info] 	controller_profile: pico-4
09-09 22:53:38.889 21421  5822 I WiVRn   : [2026-09-09 22:53:38.889] [WiVRn] [info] 	controller_ray_model: assets://ray.glb
09-09 22:53:38.889 21421  5822 I WiVRn   : [2026-09-09 22:53:38.889] [WiVRn] [info] 	max_openxr_api_version: 1.1.58
09-09 22:53:38.889 21421  5822 I WiVRn   : [2026-09-09 22:53:38.889] [WiVRn] [info] 	panel_width_override: 2160
09-09 22:53:38.889 21421  5822 I WiVRn   : [2026-09-09 22:53:38.889] [WiVRn] [info] 	needs_srgb_conversion: true
09-09 22:53:38.889 21421  5822 I WiVRn   : [2026-09-09 22:53:38.889] [WiVRn] [info] 	nxwarp_atlas_speed: true
09-09 22:53:38.889 21421  5822 I WiVRn   : [2026-09-09 22:53:38.889] [WiVRn] [info] 	view_locate: false
09-09 22:53:38.889 21421  5822 I WiVRn   : [2026-09-09 22:53:38.889] [WiVRn] [info] 	vk_debug_ext_allowed: true
09-09 22:53:38.889 21421  5822 I WiVRn   : [2026-09-09 22:53:38.889] [WiVRn] [info] 	bind_simple_controller: true
09-09 22:53:38.889 21421  5822 I WiVRn   : [2026-09-09 22:53:38.889] [WiVRn] [info] 	hand_interaction_grip_surface: true
09-09 22:53:38.889 21421  5822 I WiVRn   : [2026-09-09 22:53:38.889] [WiVRn] [info] 	pico_face_tracker: false
09-09 22:53:38.889 21421  5822 I WiVRn   : [2026-09-09 22:53:38.889] [WiVRn] [info] 	discard_frame: false
09-09 22:53:38.902 21421  5822 I WiVRn   : [2026-09-09 22:53:38.902] [WiVRn] [info] Available OpenXR layers:
09-09 22:53:38.902 21421  5822 I WiVRn   : [2026-09-09 22:53:38.902] [WiVRn] [info] Available OpenXR extensions:
09-09 22:53:38.904 21421  5822 I WiVRn   : [2026-09-09 22:53:38.904] [WiVRn] [info]     XR_BD_body_tracking (version 1)
09-09 22:53:38.904 21421  5822 I WiVRn   : [2026-09-09 22:53:38.904] [WiVRn] [info]     XR_BD_controller_interaction (version 1)
09-09 22:53:38.904 21421  5822 I WiVRn   : [2026-09-09 22:53:38.904] [WiVRn] [info]     XR_EPIC_view_configuration_fov (version 2)
09-09 22:53:38.904 21421  5822 I WiVRn   : [2026-09-09 22:53:38.904] [WiVRn] [info]     XR_EXTX_overlay (version 5)
09-09 22:53:38.904 21421  5822 I WiVRn   : [2026-09-09 22:53:38.904] [WiVRn] [info]     XR_EXT_active_action_set_priority (version 1)
09-09 22:53:38.904 21421  5822 I WiVRn   : [2026-09-09 22:53:38.904] [WiVRn] [info]     XR_EXT_composition_layer_inverted_alpha (version 1)
09-09 22:53:38.904 21421  5822 I WiVRn   : [2026-09-09 22:53:38.904] [WiVRn] [info]     XR_EXT_debug_utils (version 5)
09-09 22:53:38.904 21421  5822 I WiVRn   : [2026-09-09 22:53:38.904] [WiVRn] [info]     XR_EXT_eye_gaze_interaction (version 2)
09-09 22:53:38.904 21421  5822 I WiVRn   : [2026-09-09 22:53:38.904] [WiVRn] [info]     XR_EXT_frame_synthesis (version 1)
09-09 22:53:38.904 21421  5822 I WiVRn   : [2026-09-09 22:53:38.904] [WiVRn] [info]     XR_EXT_hand_interaction (version 1)
09-09 22:53:38.904 21421  5822 I WiVRn   : [2026-09-09 22:53:38.904] [WiVRn] [info]     XR_EXT_hand_tracking (version 4)
09-09 22:53:38.904 21421  5822 I WiVRn   : [2026-09-09 22:53:38.904] [WiVRn] [info]     XR_EXT_local_floor (version 1)
09-09 22:53:38.904 21421  5822 I WiVRn   : [2026-09-09 22:53:38.904] [WiVRn] [info]     XR_EXT_palm_pose (version 3)
09-09 22:53:38.904 21421  5822 I WiVRn   : [2026-09-09 22:53:38.904] [WiVRn] [info]     XR_EXT_performance_settings (version 4)
09-09 22:53:38.904 21421  5822 I WiVRn   : [2026-09-09 22:53:38.904] [WiVRn] [info]     XR_EXT_user_presence (version 1)
09-09 22:53:38.904 21421  5822 I WiVRn   : [2026-09-09 22:53:38.904] [WiVRn] [info]     XR_EXT_uuid (version 1)
09-09 22:53:38.904 21421  5822 I WiVRn   : [2026-09-09 22:53:38.904] [WiVRn] [info]     XR_EXT_view_configuration_depth_range (version 1)
09-09 22:53:38.904 21421  5822 I WiVRn   : [2026-09-09 22:53:38.904] [WiVRn] [info]     XR_FB_composition_layer_alpha_blend (version 3)
09-09 22:53:38.904 21421  5822 I WiVRn   : [2026-09-09 22:53:38.904] [WiVRn] [info]     XR_FB_composition_layer_image_layout (version 1)
09-09 22:53:38.904 21421  5822 I WiVRn   : [2026-09-09 22:53:38.904] [WiVRn] [info]     XR_FB_composition_layer_secure_content (version 1)
09-09 22:53:38.904 21421  5822 I WiVRn   : [2026-09-09 22:53:38.904] [WiVRn] [info]     XR_FB_composition_layer_settings (version 1)
09-09 22:53:38.904 21421  5822 I WiVRn   : [2026-09-09 22:53:38.904] [WiVRn] [info]     XR_FB_display_refresh_rate (version 1)
09-09 22:53:38.904 21421  5822 I WiVRn   : [2026-09-09 22:53:38.904] [WiVRn] [info]     XR_FB_foveation (version 1)
09-09 22:53:38.904 21421  5822 I WiVRn   : [2026-09-09 22:53:38.904] [WiVRn] [info]     XR_FB_foveation_configuration (version 1)
09-09 22:53:38.904 21421  5822 I WiVRn   : [2026-09-09 22:53:38.904] [WiVRn] [info]     XR_FB_foveation_vulkan (version 1)
09-09 22:53:38.904 21421  5822 I WiVRn   : [2026-09-09 22:53:38.904] [WiVRn] [info]     XR_FB_passthrough (version 4)
09-09 22:53:38.904 21421  5822 I WiVRn   : [2026-09-09 22:53:38.904] [WiVRn] [info]     XR_FB_space_warp (version 2)
09-09 22:53:38.904 21421  5822 I WiVRn   : [2026-09-09 22:53:38.904] [WiVRn] [info]     XR_FB_swapchain_update_state (version 3)
09-09 22:53:38.904 21421  5822 I WiVRn   : [2026-09-09 22:53:38.904] [WiVRn] [info]     XR_FB_swapchain_update_state_android_surface (version 1)
09-09 22:53:38.904 21421  5822 I WiVRn   : [2026-09-09 22:53:38.904] [WiVRn] [info]     XR_FB_swapchain_update_state_opengl_es (version 1)
09-09 22:53:38.904 21421  5822 I WiVRn   : [2026-09-09 22:53:38.904] [WiVRn] [info]     XR_FB_swapchain_update_state_vulkan (version 1)
09-09 22:53:38.904 21421  5822 I WiVRn   : [2026-09-09 22:53:38.904] [WiVRn] [info]     XR_FB_triangle_mesh (version 2)
09-09 22:53:38.904 21421  5822 I WiVRn   : [2026-09-09 22:53:38.904] [WiVRn] [info]     XR_KHR_android_create_instance (version 3)
09-09 22:53:38.904 21421  5822 I WiVRn   : [2026-09-09 22:53:38.904] [WiVRn] [info]     XR_KHR_android_surface_swapchain (version 4)
09-09 22:53:38.904 21421  5822 I WiVRn   : [2026-09-09 22:53:38.904] [WiVRn] [info]     XR_KHR_android_thread_settings (version 6)
09-09 22:53:38.904 21421  5822 I WiVRn   : [2026-09-09 22:53:38.904] [WiVRn] [info]     XR_KHR_composition_layer_color_scale_bias (version 5)
09-09 22:53:38.904 21421  5822 I WiVRn   : [2026-09-09 22:53:38.904] [WiVRn] [info]     XR_KHR_composition_layer_cube (version 8)
09-09 22:53:38.904 21421  5822 I WiVRn   : [2026-09-09 22:53:38.904] [WiVRn] [info]     XR_KHR_composition_layer_cylinder (version 4)
09-09 22:53:38.904 21421  5822 I WiVRn   : [2026-09-09 22:53:38.904] [WiVRn] [info]     XR_KHR_composition_layer_depth (version 6)
09-09 22:53:38.904 21421  5822 I WiVRn   : [2026-09-09 22:53:38.904] [WiVRn] [info]     XR_KHR_composition_layer_equirect (version 3)
09-09 22:53:38.904 21421  5822 I WiVRn   : [2026-09-09 22:53:38.904] [WiVRn] [info]     XR_KHR_composition_layer_equirect2 (version 1)
09-09 22:53:38.904 21421  5822 I WiVRn   : [2026-09-09 22:53:38.904] [WiVRn] [info]     XR_KHR_convert_timespec_time (version 1)
09-09 22:53:38.904 21421  5822 I WiVRn   : [2026-09-09 22:53:38.904] [WiVRn] [info]     XR_KHR_loader_init (version 2)
09-09 22:53:38.904 21421  5822 I WiVRn   : [2026-09-09 22:53:38.904] [WiVRn] [info]     XR_KHR_loader_init_android (version 1)
09-09 22:53:38.904 21421  5822 I WiVRn   : [2026-09-09 22:53:38.904] [WiVRn] [info]     XR_KHR_locate_spaces (version 1)
09-09 22:53:38.904 21421  5822 I WiVRn   : [2026-09-09 22:53:38.904] [WiVRn] [info]     XR_KHR_maintenance1 (version 1)
09-09 22:53:38.904 21421  5822 I WiVRn   : [2026-09-09 22:53:38.904] [WiVRn] [info]     XR_KHR_opengl_es_enable (version 8)
09-09 22:53:38.904 21421  5822 I WiVRn   : [2026-09-09 22:53:38.904] [WiVRn] [info]     XR_KHR_vulkan_enable (version 8)
09-09 22:53:38.904 21421  5822 I WiVRn   : [2026-09-09 22:53:38.904] [WiVRn] [info]     XR_KHR_vulkan_enable2 (version 2)
09-09 22:53:38.904 21421  5822 I WiVRn   : [2026-09-09 22:53:38.904] [WiVRn] [info]     XR_KHR_vulkan_swapchain_format_list (version 5)
09-09 22:53:38.904 21421  5822 I WiVRn   : [2026-09-09 22:53:38.904] [WiVRn] [info]     XR_META_foveation_eye_tracked (version 1)
09-09 22:53:38.904 21421  5822 I WiVRn   : [2026-09-09 22:53:38.904] [WiVRn] [info]     XR_META_vulkan_swapchain_create_info (version 1)
09-09 22:53:38.904 21421  5822 I WiVRn   : [2026-09-09 22:53:38.904] [WiVRn] [info]     XR_MND_headless (version 2)
09-09 22:53:38.904 21421  5822 I WiVRn   : [2026-09-09 22:53:38.904] [WiVRn] [info]     XR_MSFT_composition_layer_reprojection (version 1)
09-09 22:53:38.904 21421  5822 I WiVRn   : [2026-09-09 22:53:38.904] [WiVRn] [info] Performance APIs: XR_EXT_performance_settings = available, vendor power/performance extensions = none
09-09 22:53:38.994 21421 21421 I WiVRn   : [2026-09-09 22:53:38.993] [WiVRn] [info] [pointer_capture] requestPointerCapture() invoked successfully
09-09 22:53:39.073 21421  5822 I WiVRn   : [2026-09-09 22:53:39.073] [WiVRn] [info] Using OpenXR extensions:
09-09 22:53:39.073 21421  5822 I WiVRn   : [2026-09-09 22:53:39.073] [WiVRn] [info]     XR_KHR_convert_timespec_time
09-09 22:53:39.073 21421  5822 I WiVRn   : [2026-09-09 22:53:39.073] [WiVRn] [info]     XR_BD_body_tracking
09-09 22:53:39.073 21421  5822 I WiVRn   : [2026-09-09 22:53:39.073] [WiVRn] [info]     XR_BD_controller_interaction
09-09 22:53:39.073 21421  5822 I WiVRn   : [2026-09-09 22:53:39.073] [WiVRn] [info]     XR_EXT_eye_gaze_interaction
09-09 22:53:39.073 21421  5822 I WiVRn   : [2026-09-09 22:53:39.073] [WiVRn] [info]     XR_EXT_hand_interaction
09-09 22:53:39.073 21421  5822 I WiVRn   : [2026-09-09 22:53:39.073] [WiVRn] [info]     XR_EXT_hand_tracking
09-09 22:53:39.073 21421  5822 I WiVRn   : [2026-09-09 22:53:39.073] [WiVRn] [info]     XR_EXT_performance_settings
09-09 22:53:39.073 21421  5822 I WiVRn   : [2026-09-09 22:53:39.073] [WiVRn] [info]     XR_EXT_user_presence
09-09 22:53:39.073 21421  5822 I WiVRn   : [2026-09-09 22:53:39.073] [WiVRn] [info]     XR_FB_composition_layer_settings
09-09 22:53:39.073 21421  5822 I WiVRn   : [2026-09-09 22:53:39.073] [WiVRn] [info]     XR_FB_display_refresh_rate
09-09 22:53:39.073 21421  5822 I WiVRn   : [2026-09-09 22:53:39.073] [WiVRn] [info]     XR_FB_passthrough
09-09 22:53:39.073 21421  5822 I WiVRn   : [2026-09-09 22:53:39.073] [WiVRn] [info]     XR_FB_swapchain_update_state
09-09 22:53:39.073 21421  5822 I WiVRn   : [2026-09-09 22:53:39.073] [WiVRn] [info]     XR_KHR_composition_layer_color_scale_bias
09-09 22:53:39.073 21421  5822 I WiVRn   : [2026-09-09 22:53:39.073] [WiVRn] [info]     XR_KHR_composition_layer_depth
09-09 22:53:39.073 21421  5822 I WiVRn   : [2026-09-09 22:53:39.073] [WiVRn] [info]     XR_KHR_vulkan_swapchain_format_list
09-09 22:53:39.073 21421  5822 I WiVRn   : [2026-09-09 22:53:39.073] [WiVRn] [info]     XR_EXT_palm_pose
09-09 22:53:39.073 21421  5822 I WiVRn   : [2026-09-09 22:53:39.073] [WiVRn] [info]     XR_KHR_locate_spaces
09-09 22:53:39.073 21421  5822 I WiVRn   : [2026-09-09 22:53:39.073] [WiVRn] [info]     XR_KHR_vulkan_enable2
09-09 22:53:39.073 21421  5822 I WiVRn   : [2026-09-09 22:53:39.073] [WiVRn] [info]     XR_KHR_android_create_instance
09-09 22:53:39.073 21421  5822 I WiVRn   : [2026-09-09 22:53:39.073] [WiVRn] [info]     XR_ML_ml2_controller_interaction
09-09 22:53:39.073 21421  5822 I WiVRn   : [2026-09-09 22:53:39.073] [WiVRn] [info]     XR_HTC_vive_cosmos_controller_interaction
09-09 22:53:39.073 21421  5822 I WiVRn   : [2026-09-09 22:53:39.073] [WiVRn] [info]     XR_EXT_uuid
09-09 22:53:39.073 21421  5822 I WiVRn   : [2026-09-09 22:53:39.073] [WiVRn] [info]     XR_EXT_local_floor
09-09 22:53:39.073 21421  5822 I WiVRn   : [2026-09-09 22:53:39.073] [WiVRn] [info]     XR_KHR_locate_spaces
09-09 22:53:39.073 21421  5822 I WiVRn   : [2026-09-09 22:53:39.073] [WiVRn] [info]     XR_EXT_samsung_odyssey_controller
09-09 22:53:39.073 21421  5822 I WiVRn   : [2026-09-09 22:53:39.073] [WiVRn] [info]     XR_EXT_palm_pose
09-09 22:53:39.073 21421  5822 I WiVRn   : [2026-09-09 22:53:39.073] [WiVRn] [info]     XR_HTC_vive_focus3_controller_interaction
09-09 22:53:39.073 21421  5822 I WiVRn   : [2026-09-09 22:53:39.073] [WiVRn] [info]     XR_EXT_hp_mixed_reality_controller
09-09 22:53:39.073 21421  5822 I WiVRn   : [2026-09-09 22:53:39.073] [WiVRn] [info]     XR_KHR_maintenance1
09-09 22:53:39.073 21421  5822 I WiVRn   : [2026-09-09 22:53:39.073] [WiVRn] [info]     XR_VARJO_quad_views
09-09 22:53:39.073 21421  5822 I WiVRn   : [2026-09-09 22:53:39.073] [WiVRn] [info]     XR_BD_controller_interaction
09-09 22:53:39.073 21421  5822 I WiVRn   : [2026-09-09 22:53:39.073] [WiVRn] [info] Created OpenXR instance, runtime Pico(XRT) by Pico et al '99d719953', version 3.0.1, API version 1.1.58
09-09 22:53:39.087 21421  5822 I WiVRn   : [2026-09-09 22:53:39.087] [WiVRn] [info] Created OpenXR system for form factor XR_FORM_FACTOR_HEAD_MOUNTED_DISPLAY
09-09 22:53:39.087 21421  5822 I WiVRn   : [2026-09-09 22:53:39.087] [WiVRn] [info] OpenXR system properties:
09-09 22:53:39.087 21421  5822 I WiVRn   : [2026-09-09 22:53:39.087] [WiVRn] [info]     Vendor ID: 0x2a
09-09 22:53:39.087 21421  5822 I WiVRn   : [2026-09-09 22:53:39.087] [WiVRn] [info]     System name: PICO 4 HMD
09-09 22:53:39.087 21421  5822 I WiVRn   : [2026-09-09 22:53:39.087] [WiVRn] [info]     Graphics properties:
09-09 22:53:39.087 21421  5822 I WiVRn   : [2026-09-09 22:53:39.087] [WiVRn] [info]         Maximum swapchain image size: 16384x16384
09-09 22:53:39.087 21421  5822 I WiVRn   : [2026-09-09 22:53:39.087] [WiVRn] [info]         Maximum layer count: 16
09-09 22:53:39.087 21421  5822 I WiVRn   : [2026-09-09 22:53:39.087] [WiVRn] [info]     Tracking properties:
09-09 22:53:39.087 21421  5822 I WiVRn   : [2026-09-09 22:53:39.087] [WiVRn] [info]         Orientation tracking: true
09-09 22:53:39.087 21421  5822 I WiVRn   : [2026-09-09 22:53:39.087] [WiVRn] [info]         Position tracking: true
09-09 22:53:39.087 21421  5822 I WiVRn   : [2026-09-09 22:53:39.087] [WiVRn] [info]     Hand tracking support: true
09-09 22:53:39.087 21421  5822 I WiVRn   : [2026-09-09 22:53:39.087] [WiVRn] [info]     Eye gaze support: false
09-09 22:53:39.087 21421  5822 I WiVRn   : [2026-09-09 22:53:39.087] [WiVRn] [info]     OpenXR post-processing extension support: true
09-09 22:53:39.087 21421  5822 I WiVRn   : [2026-09-09 22:53:39.087] [WiVRn] [info]     Passthrough: color
09-09 22:53:39.087 21421  5822 I WiVRn   : [2026-09-09 22:53:39.087] [WiVRn] [info]     Face tracker: none
09-09 22:53:39.087 21421  5822 I WiVRn   : [2026-09-09 22:53:39.087] [WiVRn] [info]     Body tracker: pico
09-09 22:53:39.087 21421  5822 I WiVRn   : [2026-09-09 22:53:39.087] [WiVRn] [info] View configuration XR_VIEW_CONFIGURATION_TYPE_PRIMARY_STEREO
09-09 22:53:39.087 21421  5822 I WiVRn   : [2026-09-09 22:53:39.087] [WiVRn] [info]     fovMutable: false
09-09 22:53:39.087 21421  5822 I WiVRn   : [2026-09-09 22:53:39.087] [WiVRn] [info]     View 1:
09-09 22:53:39.087 21421  5822 I WiVRn   : [2026-09-09 22:53:39.087] [WiVRn] [info]         Recommended: 1504x1504, 1 sample(s)
09-09 22:53:39.087 21421  5822 I WiVRn   : [2026-09-09 22:53:39.087] [WiVRn] [info]         Maximum:     2560x2560, 1 sample(s)
09-09 22:53:39.087 21421  5822 I WiVRn   : [2026-09-09 22:53:39.087] [WiVRn] [info]     View 2:
09-09 22:53:39.087 21421  5822 I WiVRn   : [2026-09-09 22:53:39.087] [WiVRn] [info]         Recommended: 1504x1504, 1 sample(s)
09-09 22:53:39.087 21421  5822 I WiVRn   : [2026-09-09 22:53:39.087] [WiVRn] [info]         Maximum:     2560x2560, 1 sample(s)
09-09 22:53:39.087 21421  5822 I WiVRn   : [2026-09-09 22:53:39.087] [WiVRn] [info]     Blend mode: XR_ENVIRONMENT_BLEND_MODE_OPAQUE
09-09 22:53:39.087 21421  5822 I WiVRn   : [2026-09-09 22:53:39.087] [WiVRn] [info]     Blend mode: XR_ENVIRONMENT_BLEND_MODE_ALPHA_BLEND
09-09 22:53:39.087 21421  5822 I WiVRn   : [2026-09-09 22:53:39.087] [WiVRn] [info] OpenXR runtime wants Vulkan 1.0.0
09-09 22:53:39.087 21421  5822 I WiVRn   : [2026-09-09 22:53:39.087] [WiVRn] [info] Requesting Vulkan 1.1.0
09-09 22:53:39.087 21421  5822 I WiVRn   : [2026-09-09 22:53:39.087] [WiVRn] [info] Available Vulkan layers:
09-09 22:53:39.090 21421  5822 I WiVRn   : [2026-09-09 22:53:39.090] [WiVRn] [info] Available Vulkan instance extensions:
09-09 22:53:39.090 21421  5822 I WiVRn   : [2026-09-09 22:53:39.090] [WiVRn] [info]     VK_EXT_debug_report (version 9)
09-09 22:53:39.090 21421  5822 I WiVRn   : [2026-09-09 22:53:39.090] [WiVRn] [info]     VK_EXT_debug_utils (version 2)
09-09 22:53:39.090 21421  5822 I WiVRn   : [2026-09-09 22:53:39.090] [WiVRn] [info]     VK_EXT_swapchain_colorspace (version 3)
09-09 22:53:39.090 21421  5822 I WiVRn   : [2026-09-09 22:53:39.090] [WiVRn] [info]     VK_KHR_android_surface (version 6)
09-09 22:53:39.090 21421  5822 I WiVRn   : [2026-09-09 22:53:39.090] [WiVRn] [info]     VK_KHR_device_group_creation (version 1)
09-09 22:53:39.090 21421  5822 I WiVRn   : [2026-09-09 22:53:39.090] [WiVRn] [info]     VK_KHR_external_fence_capabilities (version 1)
09-09 22:53:39.090 21421  5822 I WiVRn   : [2026-09-09 22:53:39.090] [WiVRn] [info]     VK_KHR_external_memory_capabilities (version 1)
09-09 22:53:39.090 21421  5822 I WiVRn   : [2026-09-09 22:53:39.090] [WiVRn] [info]     VK_KHR_external_semaphore_capabilities (version 1)
09-09 22:53:39.090 21421  5822 I WiVRn   : [2026-09-09 22:53:39.090] [WiVRn] [info]     VK_KHR_get_physical_device_properties2 (version 1)
09-09 22:53:39.090 21421  5822 I WiVRn   : [2026-09-09 22:53:39.090] [WiVRn] [info]     VK_KHR_get_surface_capabilities2 (version 1)
09-09 22:53:39.090 21421  5822 I WiVRn   : [2026-09-09 22:53:39.090] [WiVRn] [info]     VK_KHR_surface (version 25)
09-09 22:53:39.099 21421  5822 I WiVRn   : [2026-09-09 22:53:39.099] [WiVRn] [info] Available Vulkan device extensions:
09-09 22:53:39.099 21421  5822 I WiVRn   : [2026-09-09 22:53:39.099] [WiVRn] [info]     VK_ANDROID_external_memory_android_hardware_buffer (version 3)
09-09 22:53:39.099 21421  5822 I WiVRn   : [2026-09-09 22:53:39.099] [WiVRn] [info]     VK_EXT_astc_decode_mode (version 1)
09-09 22:53:39.099 21421  5822 I WiVRn   : [2026-09-09 22:53:39.099] [WiVRn] [info]     VK_EXT_blend_operation_advanced (version 1)
09-09 22:53:39.099 21421  5822 I WiVRn   : [2026-09-09 22:53:39.099] [WiVRn] [info]     VK_EXT_custom_border_color (version 12)
09-09 22:53:39.099 21421  5822 I WiVRn   : [2026-09-09 22:53:39.099] [WiVRn] [info]     VK_EXT_depth_clip_enable (version 1)
09-09 22:53:39.099 21421  5822 I WiVRn   : [2026-09-09 22:53:39.099] [WiVRn] [info]     VK_EXT_descriptor_indexing (version 2)
09-09 22:53:39.099 21421  5822 I WiVRn   : [2026-09-09 22:53:39.099] [WiVRn] [info]     VK_EXT_device_fault (version 1)
09-09 22:53:39.099 21421  5822 I WiVRn   : [2026-09-09 22:53:39.099] [WiVRn] [info]     VK_EXT_device_memory_report (version 2)
09-09 22:53:39.099 21421  5822 I WiVRn   : [2026-09-09 22:53:39.099] [WiVRn] [info]     VK_EXT_extended_dynamic_state (version 1)
09-09 22:53:39.099 21421  5822 I WiVRn   : [2026-09-09 22:53:39.099] [WiVRn] [info]     VK_EXT_filter_cubic (version 3)
09-09 22:53:39.099 21421  5822 I WiVRn   : [2026-09-09 22:53:39.099] [WiVRn] [info]     VK_EXT_fragment_density_map (version 1)
09-09 22:53:39.099 21421  5822 I WiVRn   : [2026-09-09 22:53:39.099] [WiVRn] [info]     VK_EXT_fragment_density_map2 (version 1)
09-09 22:53:39.099 21421  5822 I WiVRn   : [2026-09-09 22:53:39.099] [WiVRn] [info]     VK_EXT_global_priority (version 2)
09-09 22:53:39.099 21421  5822 I WiVRn   : [2026-09-09 22:53:39.099] [WiVRn] [info]     VK_EXT_global_priority_query (version 1)
09-09 22:53:39.099 21421  5822 I WiVRn   : [2026-09-09 22:53:39.099] [WiVRn] [info]     VK_EXT_hdr_metadata (version 1)
09-09 22:53:39.099 21421  5822 I WiVRn   : [2026-09-09 22:53:39.099] [WiVRn] [info]     VK_EXT_host_query_reset (version 1)
09-09 22:53:39.099 21421  5822 I WiVRn   : [2026-09-09 22:53:39.099] [WiVRn] [info]     VK_EXT_image_robustness (version 1)
09-09 22:53:39.099 21421  5822 I WiVRn   : [2026-09-09 22:53:39.099] [WiVRn] [info]     VK_EXT_index_type_uint8 (version 1)
09-09 22:53:39.099 21421  5822 I WiVRn   : [2026-09-09 22:53:39.099] [WiVRn] [info]     VK_EXT_line_rasterization (version 1)
09-09 22:53:39.099 21421  5822 I WiVRn   : [2026-09-09 22:53:39.099] [WiVRn] [info]     VK_EXT_pipeline_creation_cache_control (version 1)
09-09 22:53:39.099 21421  5822 I WiVRn   : [2026-09-09 22:53:39.099] [WiVRn] [info]     VK_EXT_pipeline_creation_feedback (version 1)
09-09 22:53:39.099 21421  5822 I WiVRn   : [2026-09-09 22:53:39.099] [WiVRn] [info]     VK_EXT_primitive_topology_list_restart (version 2)
09-09 22:53:39.099 21421  5822 I WiVRn   : [2026-09-09 22:53:39.099] [WiVRn] [info]     VK_EXT_private_data (version 1)
09-09 22:53:39.099 21421  5822 I WiVRn   : [2026-09-09 22:53:39.099] [WiVRn] [info]     VK_EXT_provoking_vertex (version 1)
09-09 22:53:39.099 21421  5822 I WiVRn   : [2026-09-09 22:53:39.099] [WiVRn] [info]     VK_EXT_queue_family_foreign (version 1)
09-09 22:53:39.099 21421  5822 I WiVRn   : [2026-09-09 22:53:39.099] [WiVRn] [info]     VK_EXT_robustness2 (version 1)
09-09 22:53:39.099 21421  5822 I WiVRn   : [2026-09-09 22:53:39.099] [WiVRn] [info]     VK_EXT_sample_locations (version 1)
09-09 22:53:39.099 21421  5822 I WiVRn   : [2026-09-09 22:53:39.099] [WiVRn] [info]     VK_EXT_sampler_filter_minmax (version 1)
09-09 22:53:39.099 21421  5822 I WiVRn   : [2026-09-09 22:53:39.099] [WiVRn] [info]     VK_EXT_scalar_block_layout (version 1)
09-09 22:53:39.099 21421  5822 I WiVRn   : [2026-09-09 22:53:39.099] [WiVRn] [info]     VK_EXT_separate_stencil_usage (version 1)
09-09 22:53:39.099 21421  5822 I WiVRn   : [2026-09-09 22:53:39.099] [WiVRn] [info]     VK_EXT_shader_demote_to_helper_invocation (version 1)
09-09 22:53:39.099 21421  5822 I WiVRn   : [2026-09-09 22:53:39.099] [WiVRn] [info]     VK_EXT_subgroup_size_control (version 2)
09-09 22:53:39.099 21421  5822 I WiVRn   : [2026-09-09 22:53:39.099] [WiVRn] [info]     VK_EXT_texture_compression_astc_hdr (version 1)
09-09 22:53:39.099 21421  5822 I WiVRn   : [2026-09-09 22:53:39.099] [WiVRn] [info]     VK_EXT_transform_feedback (version 1)
09-09 22:53:39.099 21421  5822 I WiVRn   : [2026-09-09 22:53:39.099] [WiVRn] [info]     VK_EXT_vertex_attribute_divisor (version 3)
09-09 22:53:39.099 21421  5822 I WiVRn   : [2026-09-09 22:53:39.099] [WiVRn] [info]     VK_EXT_vertex_input_dynamic_state (version 2)
09-09 22:53:39.099 21421  5822 I WiVRn   : [2026-09-09 22:53:39.099] [WiVRn] [info]     VK_GOOGLE_display_timing (version 1)
09-09 22:53:39.099 21421  5822 I WiVRn   : [2026-09-09 22:53:39.099] [WiVRn] [info]     VK_IMG_filter_cubic (version 1)
09-09 22:53:39.099 21421  5822 I WiVRn   : [2026-09-09 22:53:39.099] [WiVRn] [info]     VK_KHR_16bit_storage (version 1)
09-09 22:53:39.099 21421  5822 I WiVRn   : [2026-09-09 22:53:39.099] [WiVRn] [info]     VK_KHR_bind_memory2 (version 1)
09-09 22:53:39.099 21421  5822 I WiVRn   : [2026-09-09 22:53:39.099] [WiVRn] [info]     VK_KHR_buffer_device_address (version 1)
09-09 22:53:39.099 21421  5822 I WiVRn   : [2026-09-09 22:53:39.099] [WiVRn] [info]     VK_KHR_create_renderpass2 (version 1)
09-09 22:53:39.099 21421  5822 I WiVRn   : [2026-09-09 22:53:39.099] [WiVRn] [info]     VK_KHR_dedicated_allocation (version 1)
09-09 22:53:39.099 21421  5822 I WiVRn   : [2026-09-09 22:53:39.099] [WiVRn] [info]     VK_KHR_depth_stencil_resolve (version 1)
09-09 22:53:39.099 21421  5822 I WiVRn   : [2026-09-09 22:53:39.099] [WiVRn] [info]     VK_KHR_descriptor_update_template (version 1)
09-09 22:53:39.099 21421  5822 I WiVRn   : [2026-09-09 22:53:39.099] [WiVRn] [info]     VK_KHR_device_group (version 2)
09-09 22:53:39.099 21421  5822 I WiVRn   : [2026-09-09 22:53:39.099] [WiVRn] [info]     VK_KHR_draw_indirect_count (version 1)
09-09 22:53:39.099 21421  5822 I WiVRn   : [2026-09-09 22:53:39.099] [WiVRn] [info]     VK_KHR_driver_properties (version 1)
09-09 22:53:39.099 21421  5822 I WiVRn   : [2026-09-09 22:53:39.099] [WiVRn] [info]     VK_KHR_external_fence (version 1)
09-09 22:53:39.099 21421  5822 I WiVRn   : [2026-09-09 22:53:39.099] [WiVRn] [info]     VK_KHR_external_fence_fd (version 1)
09-09 22:53:39.099 21421  5822 I WiVRn   : [2026-09-09 22:53:39.099] [WiVRn] [info]     VK_KHR_external_memory (version 1)
09-09 22:53:39.099 21421  5822 I WiVRn   : [2026-09-09 22:53:39.099] [WiVRn] [info]     VK_KHR_external_memory_fd (version 1)
09-09 22:53:39.099 21421  5822 I WiVRn   : [2026-09-09 22:53:39.099] [WiVRn] [info]     VK_KHR_external_semaphore (version 1)
09-09 22:53:39.099 21421  5822 I WiVRn   : [2026-09-09 22:53:39.099] [WiVRn] [info]     VK_KHR_external_semaphore_fd (version 1)
09-09 22:53:39.099 21421  5822 I WiVRn   : [2026-09-09 22:53:39.099] [WiVRn] [info]     VK_KHR_get_memory_requirements2 (version 1)
09-09 22:53:39.099 21421  5822 I WiVRn   : [2026-09-09 22:53:39.099] [WiVRn] [info]     VK_KHR_image_format_list (version 1)
09-09 22:53:39.099 21421  5822 I WiVRn   : [2026-09-09 22:53:39.099] [WiVRn] [info]     VK_KHR_imageless_framebuffer (version 1)
09-09 22:53:39.099 21421  5822 I WiVRn   : [2026-09-09 22:53:39.099] [WiVRn] [info]     VK_KHR_incremental_present (version 1)
09-09 22:53:39.099 21421  5822 I WiVRn   : [2026-09-09 22:53:39.099] [WiVRn] [info]     VK_KHR_maintenance1 (version 1)
09-09 22:53:39.099 21421  5822 I WiVRn   : [2026-09-09 22:53:39.099] [WiVRn] [info]     VK_KHR_maintenance2 (version 1)
09-09 22:53:39.099 21421  5822 I WiVRn   : [2026-09-09 22:53:39.099] [WiVRn] [info]     VK_KHR_maintenance3 (version 1)
09-09 22:53:39.099 21421  5822 I WiVRn   : [2026-09-09 22:53:39.099] [WiVRn] [info]     VK_KHR_multiview (version 1)
09-09 22:53:39.099 21421  5822 I WiVRn   : [2026-09-09 22:53:39.099] [WiVRn] [info]     VK_KHR_pipeline_executable_properties (version 1)
09-09 22:53:39.099 21421  5822 I WiVRn   : [2026-09-09 22:53:39.099] [WiVRn] [info]     VK_KHR_push_descriptor (version 1)
09-09 22:53:39.099 21421  5822 I WiVRn   : [2026-09-09 22:53:39.099] [WiVRn] [info]     VK_KHR_relaxed_block_layout (version 1)
09-09 22:53:39.099 21421  5822 I WiVRn   : [2026-09-09 22:53:39.099] [WiVRn] [info]     VK_KHR_sampler_mirror_clamp_to_edge (version 1)
09-09 22:53:39.099 21421  5822 I WiVRn   : [2026-09-09 22:53:39.099] [WiVRn] [info]     VK_KHR_sampler_ycbcr_conversion (version 1)
09-09 22:53:39.099 21421  5822 I WiVRn   : [2026-09-09 22:53:39.099] [WiVRn] [info]     VK_KHR_separate_depth_stencil_layouts (version 1)
09-09 22:53:39.099 21421  5822 I WiVRn   : [2026-09-09 22:53:39.099] [WiVRn] [info]     VK_KHR_shader_draw_parameters (version 1)
09-09 22:53:39.099 21421  5822 I WiVRn   : [2026-09-09 22:53:39.099] [WiVRn] [info]     VK_KHR_shader_float16_int8 (version 1)
09-09 22:53:39.099 21421  5822 I WiVRn   : [2026-09-09 22:53:39.099] [WiVRn] [info]     VK_KHR_shader_float_controls (version 4)
09-09 22:53:39.099 21421  5822 I WiVRn   : [2026-09-09 22:53:39.099] [WiVRn] [info]     VK_KHR_shader_non_semantic_info (version 1)
09-09 22:53:39.099 21421  5822 I WiVRn   : [2026-09-09 22:53:39.099] [WiVRn] [info]     VK_KHR_shared_presentable_image (version 1)
09-09 22:53:39.099 21421  5822 I WiVRn   : [2026-09-09 22:53:39.099] [WiVRn] [info]     VK_KHR_spirv_1_4 (version 1)
09-09 22:53:39.099 21421  5822 I WiVRn   : [2026-09-09 22:53:39.099] [WiVRn] [info]     VK_KHR_storage_buffer_storage_class (version 1)
09-09 22:53:39.099 21421  5822 I WiVRn   : [2026-09-09 22:53:39.099] [WiVRn] [info]     VK_KHR_swapchain (version 70)
09-09 22:53:39.099 21421  5822 I WiVRn   : [2026-09-09 22:53:39.099] [WiVRn] [info]     VK_KHR_timeline_semaphore (version 2)
09-09 22:53:39.099 21421  5822 I WiVRn   : [2026-09-09 22:53:39.099] [WiVRn] [info]     VK_KHR_variable_pointers (version 1)
09-09 22:53:39.099 21421  5822 I WiVRn   : [2026-09-09 22:53:39.099] [WiVRn] [info]     VK_KHR_vulkan_memory_model (version 3)
09-09 22:53:39.099 21421  5822 I WiVRn   : [2026-09-09 22:53:39.099] [WiVRn] [info]     VK_QCOM_fragment_density_map_offset (version 1)
09-09 22:53:39.099 21421  5822 I WiVRn   : [2026-09-09 22:53:39.099] [WiVRn] [info]     VK_QCOM_render_pass_shader_resolve (version 4)
09-09 22:53:39.099 21421  5822 I WiVRn   : [2026-09-09 22:53:39.099] [WiVRn] [info]     VK_QCOM_render_pass_store_ops (version 2)
09-09 22:53:39.099 21421  5822 I WiVRn   : [2026-09-09 22:53:39.099] [WiVRn] [info]     VK_QCOM_render_pass_transform (version 3)
09-09 22:53:39.099 21421  5822 I WiVRn   : [2026-09-09 22:53:39.099] [WiVRn] [info]     VK_QCOM_tile_properties (version 1)
09-09 22:53:39.099 21421  5822 I WiVRn   : [2026-09-09 22:53:39.099] [WiVRn] [info] Initializing Vulkan with device Adreno (TM) 650
09-09 22:53:39.099 21421  5822 I WiVRn   : [2026-09-09 22:53:39.099] [WiVRn] [info]     Vendor ID: 0x5143
09-09 22:53:39.099 21421  5822 I WiVRn   : [2026-09-09 22:53:39.099] [WiVRn] [info]     Device ID: 0x6050002
09-09 22:53:39.099 21421  5822 I WiVRn   : [2026-09-09 22:53:39.099] [WiVRn] [info]     Driver version: 512.682.0
09-09 22:53:39.099 21421  5822 I WiVRn   : [2026-09-09 22:53:39.099] [WiVRn] [info]     maxPushConstantsSize: 128 bytes
09-09 22:53:39.099 21421  5822 I WiVRn   : [2026-09-09 22:53:39.099] [WiVRn] [info] NX queue priorities: render 0 decode 1 / 1 (3 queues)
09-09 22:53:39.099 21421  5822 I WiVRn   : [2026-09-09 22:53:39.099] [WiVRn] [info] Vulkan fragment density map enabled
09-09 22:53:39.101 21421  5822 I WiVRn   : [2026-09-09 22:53:39.101] [WiVRn] [info]     queue family 0 has 3 queues; decoding on queue 1 and queue 2 (one per eye)
09-09 22:53:39.130 21421  5822 I WiVRn   : [2026-09-09 22:53:39.130] [WiVRn] [info] 4 reference spaces
09-09 22:53:39.130 21421  5822 I WiVRn   : [2026-09-09 22:53:39.130] [WiVRn] [info]     XR_REFERENCE_SPACE_TYPE_VIEW
09-09 22:53:39.130 21421  5822 I WiVRn   : [2026-09-09 22:53:39.130] [WiVRn] [info]     XR_REFERENCE_SPACE_TYPE_LOCAL
09-09 22:53:39.130 21421  5822 I WiVRn   : [2026-09-09 22:53:39.130] [WiVRn] [info]     XR_REFERENCE_SPACE_TYPE_STAGE
09-09 22:53:39.130 21421  5822 I WiVRn   : [2026-09-09 22:53:39.130] [WiVRn] [info]     XR_REFERENCE_SPACE_TYPE_LOCAL_FLOOR
09-09 22:53:39.130 21421  5822 I WiVRn   : [2026-09-09 22:53:39.130] [WiVRn] [info] Adding grip_surface/pose for interaction profile /interaction_profiles/khr/simple_controller
09-09 22:53:39.130 21421  5822 I WiVRn   : [2026-09-09 22:53:39.130] [WiVRn] [info] Adding pinch_ext/pose for interaction profile /interaction_profiles/khr/simple_controller
09-09 22:53:39.130 21421  5822 I WiVRn   : [2026-09-09 22:53:39.130] [WiVRn] [info] Adding poke_ext/pose for interaction profile /interaction_profiles/khr/simple_controller
09-09 22:53:39.130 21421  5822 I WiVRn   : [2026-09-09 22:53:39.130] [WiVRn] [info] Adding grip_surface/pose for interaction profile /interaction_profiles/oculus/touch_controller
09-09 22:53:39.130 21421  5822 I WiVRn   : [2026-09-09 22:53:39.130] [WiVRn] [info] Adding pinch_ext/pose for interaction profile /interaction_profiles/oculus/touch_controller
09-09 22:53:39.130 21421  5822 I WiVRn   : [2026-09-09 22:53:39.130] [WiVRn] [info] Adding poke_ext/pose for interaction profile /interaction_profiles/oculus/touch_controller
09-09 22:53:39.130 21421  5822 I WiVRn   : [2026-09-09 22:53:39.130] [WiVRn] [info] Adding grip_surface/pose for interaction profile /interaction_profiles/meta/touch_pro_controller
09-09 22:53:39.130 21421  5822 I WiVRn   : [2026-09-09 22:53:39.130] [WiVRn] [info] Adding pinch_ext/pose for interaction profile /interaction_profiles/meta/touch_pro_controller
09-09 22:53:39.130 21421  5822 I WiVRn   : [2026-09-09 22:53:39.130] [WiVRn] [info] Adding poke_ext/pose for interaction profile /interaction_profiles/meta/touch_pro_controller
09-09 22:53:39.130 21421  5822 I WiVRn   : [2026-09-09 22:53:39.130] [WiVRn] [info] Adding grip_surface/pose for interaction profile /interaction_profiles/meta/touch_plus_controller
09-09 22:53:39.130 21421  5822 I WiVRn   : [2026-09-09 22:53:39.130] [WiVRn] [info] Adding pinch_ext/pose for interaction profile /interaction_profiles/meta/touch_plus_controller
09-09 22:53:39.130 21421  5822 I WiVRn   : [2026-09-09 22:53:39.130] [WiVRn] [info] Adding poke_ext/pose for interaction profile /interaction_profiles/meta/touch_plus_controller
09-09 22:53:39.130 21421  5822 I WiVRn   : [2026-09-09 22:53:39.130] [WiVRn] [info] Adding grip_surface/pose for interaction profile /interaction_profiles/bytedance/pico_neo3_controller
09-09 22:53:39.130 21421  5822 I WiVRn   : [2026-09-09 22:53:39.130] [WiVRn] [info] Adding pinch_ext/pose for interaction profile /interaction_profiles/bytedance/pico_neo3_controller
09-09 22:53:39.130 21421  5822 I WiVRn   : [2026-09-09 22:53:39.130] [WiVRn] [info] Adding poke_ext/pose for interaction profile /interaction_profiles/bytedance/pico_neo3_controller
09-09 22:53:39.130 21421  5822 I WiVRn   : [2026-09-09 22:53:39.130] [WiVRn] [info] Adding grip_surface/pose for interaction profile /interaction_profiles/bytedance/pico4_controller
09-09 22:53:39.130 21421  5822 I WiVRn   : [2026-09-09 22:53:39.130] [WiVRn] [info] Adding pinch_ext/pose for interaction profile /interaction_profiles/bytedance/pico4_controller
09-09 22:53:39.130 21421  5822 I WiVRn   : [2026-09-09 22:53:39.130] [WiVRn] [info] Adding poke_ext/pose for interaction profile /interaction_profiles/bytedance/pico4_controller
09-09 22:53:39.130 21421  5822 I WiVRn   : [2026-09-09 22:53:39.130] [WiVRn] [info] Adding grip_surface/pose for interaction profile /interaction_profiles/bytedance/pico4s_controller
09-09 22:53:39.130 21421  5822 I WiVRn   : [2026-09-09 22:53:39.130] [WiVRn] [info] Adding pinch_ext/pose for interaction profile /interaction_profiles/bytedance/pico4s_controller
09-09 22:53:39.130 21421  5822 I WiVRn   : [2026-09-09 22:53:39.130] [WiVRn] [info] Adding poke_ext/pose for interaction profile /interaction_profiles/bytedance/pico4s_controller
09-09 22:53:39.130 21421  5822 I WiVRn   : [2026-09-09 22:53:39.130] [WiVRn] [info] Adding grip_surface/pose for interaction profile /interaction_profiles/yvr/touch_controller_yvr
09-09 22:53:39.130 21421  5822 I WiVRn   : [2026-09-09 22:53:39.130] [WiVRn] [info] Adding pinch_ext/pose for interaction profile /interaction_profiles/yvr/touch_controller_yvr
09-09 22:53:39.130 21421  5822 I WiVRn   : [2026-09-09 22:53:39.130] [WiVRn] [info] Adding poke_ext/pose for interaction profile /interaction_profiles/yvr/touch_controller_yvr
09-09 22:53:39.130 21421  5822 I WiVRn   : [2026-09-09 22:53:39.130] [WiVRn] [info] Adding grip_surface/pose for interaction profile /interaction_profiles/htc/vive_focus3_controller
09-09 22:53:39.130 21421  5822 I WiVRn   : [2026-09-09 22:53:39.130] [WiVRn] [info] Adding pinch_ext/pose for interaction profile /interaction_profiles/htc/vive_focus3_controller
09-09 22:53:39.130 21421  5822 I WiVRn   : [2026-09-09 22:53:39.130] [WiVRn] [info] Adding poke_ext/pose for interaction profile /interaction_profiles/htc/vive_focus3_controller
09-09 22:53:39.130 21421  5822 I WiVRn   : [2026-09-09 22:53:39.130] [WiVRn] [info] Adding grip_surface/pose for interaction profile /interaction_profiles/ext/hand_interaction_ext
09-09 22:53:39.134 21421  5822 I WiVRn   : [2026-09-09 22:53:39.134] [WiVRn] [info] Current locale: language en, country GB, encoding UTF-8
09-09 22:53:39.134 21421  5822 I WiVRn   : [2026-09-09 22:53:39.134] [WiVRn] [info] Supported swapchain formats:
09-09 22:53:39.134 21421  5822 I WiVRn   : [2026-09-09 22:53:39.134] [WiVRn] [info]     R8G8B8A8Srgb
09-09 22:53:39.134 21421  5822 I WiVRn   : [2026-09-09 22:53:39.134] [WiVRn] [info]     R8Unorm
09-09 22:53:39.134 21421  5822 I WiVRn   : [2026-09-09 22:53:39.134] [WiVRn] [info]     R8G8Unorm
09-09 22:53:39.134 21421  5822 I WiVRn   : [2026-09-09 22:53:39.134] [WiVRn] [info]     R8G8B8A8Unorm
09-09 22:53:39.134 21421  5822 I WiVRn   : [2026-09-09 22:53:39.134] [WiVRn] [info]     R5G6B5UnormPack16
09-09 22:53:39.134 21421  5822 I WiVRn   : [2026-09-09 22:53:39.134] [WiVRn] [info]     A2B10G10R10UnormPack32
09-09 22:53:39.134 21421  5822 I WiVRn   : [2026-09-09 22:53:39.134] [WiVRn] [info]     R16Unorm
09-09 22:53:39.134 21421  5822 I WiVRn   : [2026-09-09 22:53:39.134] [WiVRn] [info]     R16G16Unorm
09-09 22:53:39.134 21421  5822 I WiVRn   : [2026-09-09 22:53:39.134] [WiVRn] [info]     R16G16B16A16Unorm
09-09 22:53:39.134 21421  5822 I WiVRn   : [2026-09-09 22:53:39.134] [WiVRn] [info]     R16Uint
09-09 22:53:39.134 21421  5822 I WiVRn   : [2026-09-09 22:53:39.134] [WiVRn] [info]     R16G16Uint
09-09 22:53:39.134 21421  5822 I WiVRn   : [2026-09-09 22:53:39.134] [WiVRn] [info]     R16G16B16A16Uint
09-09 22:53:39.134 21421  5822 I WiVRn   : [2026-09-09 22:53:39.134] [WiVRn] [info]     R16Sint
09-09 22:53:39.134 21421  5822 I WiVRn   : [2026-09-09 22:53:39.134] [WiVRn] [info]     R16G16Sint
09-09 22:53:39.134 21421  5822 I WiVRn   : [2026-09-09 22:53:39.134] [WiVRn] [info]     R16G16B16A16Sint
09-09 22:53:39.134 21421  5822 I WiVRn   : [2026-09-09 22:53:39.134] [WiVRn] [info]     R16Sfloat
09-09 22:53:39.134 21421  5822 I WiVRn   : [2026-09-09 22:53:39.134] [WiVRn] [info]     R16G16Sfloat
09-09 22:53:39.134 21421  5822 I WiVRn   : [2026-09-09 22:53:39.134] [WiVRn] [info]     R16G16B16A16Sfloat
09-09 22:53:39.134 21421  5822 I WiVRn   : [2026-09-09 22:53:39.134] [WiVRn] [info]     A1R5G5B5UnormPack16
09-09 22:53:39.134 21421  5822 I WiVRn   : [2026-09-09 22:53:39.134] [WiVRn] [info]     Etc2R8G8B8UnormBlock
09-09 22:53:39.134 21421  5822 I WiVRn   : [2026-09-09 22:53:39.134] [WiVRn] [info]     Etc2R8G8B8A1UnormBlock
09-09 22:53:39.134 21421  5822 I WiVRn   : [2026-09-09 22:53:39.134] [WiVRn] [info]     Etc2R8G8B8A8UnormBlock
09-09 22:53:39.134 21421  5822 I WiVRn   : [2026-09-09 22:53:39.134] [WiVRn] [info]     Etc2R8G8B8SrgbBlock
09-09 22:53:39.134 21421  5822 I WiVRn   : [2026-09-09 22:53:39.134] [WiVRn] [info]     Etc2R8G8B8A1SrgbBlock
09-09 22:53:39.134 21421  5822 I WiVRn   : [2026-09-09 22:53:39.134] [WiVRn] [info]     Etc2R8G8B8A8SrgbBlock
09-09 22:53:39.134 21421  5822 I WiVRn   : [2026-09-09 22:53:39.134] [WiVRn] [info]     EacR11UnormBlock
09-09 22:53:39.134 21421  5822 I WiVRn   : [2026-09-09 22:53:39.134] [WiVRn] [info]     EacR11G11UnormBlock
09-09 22:53:39.134 21421  5822 I WiVRn   : [2026-09-09 22:53:39.134] [WiVRn] [info]     EacR11SnormBlock
09-09 22:53:39.134 21421  5822 I WiVRn   : [2026-09-09 22:53:39.134] [WiVRn] [info]     EacR11G11SnormBlock
09-09 22:53:39.134 21421  5822 I WiVRn   : [2026-09-09 22:53:39.134] [WiVRn] [info]     Astc4x4UnormBlock
09-09 22:53:39.134 21421  5822 I WiVRn   : [2026-09-09 22:53:39.134] [WiVRn] [info]     Astc5x4UnormBlock
09-09 22:53:39.134 21421  5822 I WiVRn   : [2026-09-09 22:53:39.134] [WiVRn] [info]     Astc5x5UnormBlock
09-09 22:53:39.134 21421  5822 I WiVRn   : [2026-09-09 22:53:39.134] [WiVRn] [info]     Astc6x5UnormBlock
09-09 22:53:39.134 21421  5822 I WiVRn   : [2026-09-09 22:53:39.134] [WiVRn] [info]     Astc6x6UnormBlock
09-09 22:53:39.134 21421  5822 I WiVRn   : [2026-09-09 22:53:39.134] [WiVRn] [info]     Astc8x5UnormBlock
09-09 22:53:39.134 21421  5822 I WiVRn   : [2026-09-09 22:53:39.134] [WiVRn] [info]     Astc8x6UnormBlock
09-09 22:53:39.134 21421  5822 I WiVRn   : [2026-09-09 22:53:39.134] [WiVRn] [info]     Astc8x8UnormBlock
09-09 22:53:39.134 21421  5822 I WiVRn   : [2026-09-09 22:53:39.134] [WiVRn] [info]     Astc10x5UnormBlock
09-09 22:53:39.134 21421  5822 I WiVRn   : [2026-09-09 22:53:39.134] [WiVRn] [info]     Astc10x6UnormBlock
09-09 22:53:39.134 21421  5822 I WiVRn   : [2026-09-09 22:53:39.134] [WiVRn] [info]     Astc10x8UnormBlock
09-09 22:53:39.134 21421  5822 I WiVRn   : [2026-09-09 22:53:39.134] [WiVRn] [info]     Astc10x10UnormBlock
09-09 22:53:39.134 21421  5822 I WiVRn   : [2026-09-09 22:53:39.134] [WiVRn] [info]     Astc12x10UnormBlock
09-09 22:53:39.134 21421  5822 I WiVRn   : [2026-09-09 22:53:39.134] [WiVRn] [info]     Astc12x12UnormBlock
09-09 22:53:39.134 21421  5822 I WiVRn   : [2026-09-09 22:53:39.134] [WiVRn] [info]     Astc4x4SrgbBlock
09-09 22:53:39.134 21421  5822 I WiVRn   : [2026-09-09 22:53:39.134] [WiVRn] [info]     Astc5x4SrgbBlock
09-09 22:53:39.134 21421  5822 I WiVRn   : [2026-09-09 22:53:39.134] [WiVRn] [info]     Astc5x5SrgbBlock
09-09 22:53:39.134 21421  5822 I WiVRn   : [2026-09-09 22:53:39.134] [WiVRn] [info]     Astc6x5SrgbBlock
09-09 22:53:39.134 21421  5822 I WiVRn   : [2026-09-09 22:53:39.134] [WiVRn] [info]     Astc6x6SrgbBlock
09-09 22:53:39.134 21421  5822 I WiVRn   : [2026-09-09 22:53:39.134] [WiVRn] [info]     Astc8x5SrgbBlock
09-09 22:53:39.134 21421  5822 I WiVRn   : [2026-09-09 22:53:39.134] [WiVRn] [info]     Astc8x6SrgbBlock
09-09 22:53:39.134 21421  5822 I WiVRn   : [2026-09-09 22:53:39.134] [WiVRn] [info]     Astc8x8SrgbBlock
09-09 22:53:39.134 21421  5822 I WiVRn   : [2026-09-09 22:53:39.134] [WiVRn] [info]     Astc10x5SrgbBlock
09-09 22:53:39.134 21421  5822 I WiVRn   : [2026-09-09 22:53:39.134] [WiVRn] [info]     Astc10x6SrgbBlock
09-09 22:53:39.134 21421  5822 I WiVRn   : [2026-09-09 22:53:39.134] [WiVRn] [info]     Astc10x8SrgbBlock
09-09 22:53:39.134 21421  5822 I WiVRn   : [2026-09-09 22:53:39.134] [WiVRn] [info]     Astc10x10SrgbBlock
09-09 22:53:39.134 21421  5822 I WiVRn   : [2026-09-09 22:53:39.134] [WiVRn] [info]     Astc12x10SrgbBlock
09-09 22:53:39.134 21421  5822 I WiVRn   : [2026-09-09 22:53:39.134] [WiVRn] [info]     Astc12x12SrgbBlock
09-09 22:53:39.134 21421  5822 I WiVRn   : [2026-09-09 22:53:39.134] [WiVRn] [info]     D16Unorm
09-09 22:53:39.134 21421  5822 I WiVRn   : [2026-09-09 22:53:39.134] [WiVRn] [info]     X8D24UnormPack32
09-09 22:53:39.134 21421  5822 I WiVRn   : [2026-09-09 22:53:39.134] [WiVRn] [info]     D32Sfloat
09-09 22:53:39.134 21421  5822 I WiVRn   : [2026-09-09 22:53:39.134] [WiVRn] [info]     D24UnormS8Uint
09-09 22:53:39.134 21421  5822 I WiVRn   : [2026-09-09 22:53:39.134] [WiVRn] [info]     B8G8R8A8Unorm
09-09 22:53:39.134 21421  5822 I WiVRn   : [2026-09-09 22:53:39.134] [WiVRn] [info]     B8G8R8A8Srgb
09-09 22:53:39.154 21421  5822 I WiVRn   : [2026-09-09 22:53:39.154] [WiVRn] [info] Using formats R8G8B8A8Srgb and D32Sfloat
09-09 22:53:39.154 21421  5822 I WiVRn   : [2026-09-09 22:53:39.154] [WiVRn] [info] Composition layer depth test NOT supported
09-09 22:53:39.154 21421  5822 I WiVRn   : [2026-09-09 22:53:39.154] [WiVRn] [info] Composition layer color scale/bias supported
09-09 22:53:39.154 21421  5822 I WiVRn   : [2026-09-09 22:53:39.154] [WiVRn] [info] 0 known server(s):
09-09 22:53:39.156 21421  5862 I WiVRn   : [2026-09-09 22:53:39.156] [WiVRn] [info] Session state changed at timestamp 0: XR_SESSION_STATE_UNKNOWN => XR_SESSION_STATE_IDLE
09-09 22:53:39.156 21421  5862 I WiVRn   : [2026-09-09 22:53:39.156] [WiVRn] [info] Session state changed at timestamp 0: XR_SESSION_STATE_IDLE => XR_SESSION_STATE_READY
09-09 22:53:39.169 21421  5862 I WiVRn   : [2026-09-09 22:53:39.169] [WiVRn] [info] Received event type XR_TYPE_EVENT_DATA_USER_PRESENCE_CHANGED_EXT
09-09 22:53:39.169 21421  5862 I WiVRn   : [2026-09-09 22:53:39.169] [WiVRn] [info] Using panel size: 2160x2160
09-09 22:53:39.364 21421  5862 I WiVRn   : [2026-09-09 22:53:39.364] [WiVRn] [info] Loaded input profile pico-4
09-09 22:53:39.364 21421  5862 I WiVRn   : [2026-09-09 22:53:39.364] [WiVRn] [info] Initializing offset of space aim_left to (-5, 0, 20) mm, (0, -0, 0)°
09-09 22:53:39.364 21421  5862 I WiVRn   : [2026-09-09 22:53:39.364] [WiVRn] [info] Initializing offset of space aim_right to (5, 0, 20) mm, (0, -0, 0)°
09-09 22:53:39.364 21421  5862 I WiVRn   : [2026-09-09 22:53:39.364] [WiVRn] [info] Initializing offset of space grip_left to (0, -20, -50) mm, (-30.000002, -0, 0)°
09-09 22:53:39.364 21421  5862 I WiVRn   : [2026-09-09 22:53:39.364] [WiVRn] [info] Initializing offset of space grip_right to (0, -20, -50) mm, (-30.000002, -0, 0)°
09-09 22:53:39.372 21421  5862 I WiVRn   : [2026-09-09 22:53:39.372] [WiVRn] [info] Font for de /system/fonts/PICOSans.ttf
09-09 22:53:39.373 21421  5862 I WiVRn   : [2026-09-09 22:53:39.373] [WiVRn] [info] Font for es /system/fonts/PICOSans.ttf
09-09 22:53:39.373 21421  5862 I WiVRn   : [2026-09-09 22:53:39.373] [WiVRn] [info] Font for fr /system/fonts/PICOSans.ttf
09-09 22:53:39.373 21421  5862 I WiVRn   : [2026-09-09 22:53:39.373] [WiVRn] [info] Font for fr /system/fonts/Roboto-Regular.ttf
09-09 22:53:39.373 21421  5862 I WiVRn   : [2026-09-09 22:53:39.373] [WiVRn] [info] Font for it /system/fonts/PICOSans.ttf
09-09 22:53:39.373 21421  5862 I WiVRn   : [2026-09-09 22:53:39.373] [WiVRn] [info] Font for ja /system/fonts/PICOSans.ttf
09-09 22:53:39.373 21421  5862 I WiVRn   : [2026-09-09 22:53:39.373] [WiVRn] [info] Font for ja /system/fonts/PICOSansVFJP.ttf
09-09 22:53:39.373 21421  5862 I WiVRn   : [2026-09-09 22:53:39.373] [WiVRn] [info] Font for ka /system/fonts/PICOSans.ttf
09-09 22:53:39.373 21421  5862 I WiVRn   : [2026-09-09 22:53:39.373] [WiVRn] [info] Font for ka /system/fonts/NotoSansGeorgian-Regular.otf
09-09 22:53:39.373 21421  5862 I WiVRn   : [2026-09-09 22:53:39.373] [WiVRn] [info] Font for ka /system/fonts/PICOSans.ttf
09-09 22:53:39.373 21421  5862 I WiVRn   : [2026-09-09 22:53:39.373] [WiVRn] [info] Font for pl /system/fonts/PICOSans.ttf
09-09 22:53:39.373 21421  5862 I WiVRn   : [2026-09-09 22:53:39.373] [WiVRn] [info] Font for pl /system/fonts/Roboto-Regular.ttf
09-09 22:53:39.373 21421  5862 I WiVRn   : [2026-09-09 22:53:39.373] [WiVRn] [info] Font for pl /system/fonts/PICOSans.ttf
09-09 22:53:39.373 21421  5862 I WiVRn   : [2026-09-09 22:53:39.373] [WiVRn] [info] Font for pl /system/fonts/PICOSansSC-Regular.ttf
09-09 22:53:39.373 21421  5862 I WiVRn   : [2026-09-09 22:53:39.373] [WiVRn] [info] Font for pl /system/fonts/Roboto-Regular.ttf
09-09 22:53:39.373 21421  5862 I WiVRn   : [2026-09-09 22:53:39.373] [WiVRn] [info] Font for pl /system/fonts/PICOSans.ttf
09-09 22:53:39.373 21421  5862 I WiVRn   : [2026-09-09 22:53:39.373] [WiVRn] [info] Font for pt_BR /system/fonts/PICOSans.ttf
09-09 22:53:39.373 21421  5862 I WiVRn   : [2026-09-09 22:53:39.373] [WiVRn] [info] Font for ru /system/fonts/PICOSans.ttf
09-09 22:53:39.373 21421  5862 I WiVRn   : [2026-09-09 22:53:39.373] [WiVRn] [info] Font for ru /system/fonts/PICOSansSC-Regular.ttf
09-09 22:53:39.373 21421  5862 I WiVRn   : [2026-09-09 22:53:39.373] [WiVRn] [info] Font for ru /system/fonts/PICOSans.ttf
09-09 22:53:39.373 21421  5862 I WiVRn   : [2026-09-09 22:53:39.373] [WiVRn] [info] Font for sk /system/fonts/PICOSans.ttf
09-09 22:53:39.373 21421  5862 I WiVRn   : [2026-09-09 22:53:39.373] [WiVRn] [info] Font for sk /system/fonts/Roboto-Regular.ttf
09-09 22:53:39.373 21421  5862 I WiVRn   : [2026-09-09 22:53:39.373] [WiVRn] [info] Font for sk /system/fonts/PICOSansSC-Regular.ttf
09-09 22:53:39.373 21421  5862 I WiVRn   : [2026-09-09 22:53:39.373] [WiVRn] [info] Font for sk /system/fonts/PICOSans.ttf
09-09 22:53:39.373 21421  5862 I WiVRn   : [2026-09-09 22:53:39.373] [WiVRn] [info] Font for sk /system/fonts/Roboto-Regular.ttf
09-09 22:53:39.373 21421  5862 I WiVRn   : [2026-09-09 22:53:39.373] [WiVRn] [info] Font for sk /system/fonts/PICOSans.ttf
09-09 22:53:39.373 21421  5862 I WiVRn   : [2026-09-09 22:53:39.373] [WiVRn] [info] Font for tr /system/fonts/PICOSans.ttf
09-09 22:53:39.373 21421  5862 I WiVRn   : [2026-09-09 22:53:39.373] [WiVRn] [info] Font for tr /system/fonts/Roboto-Regular.ttf
09-09 22:53:39.373 21421  5862 I WiVRn   : [2026-09-09 22:53:39.373] [WiVRn] [info] Font for tr /system/fonts/PICOSans.ttf
09-09 22:53:39.373 21421  5862 I WiVRn   : [2026-09-09 22:53:39.373] [WiVRn] [info] Font for tr /system/fonts/Roboto-Regular.ttf
09-09 22:53:39.373 21421  5862 I WiVRn   : [2026-09-09 22:53:39.373] [WiVRn] [info] Font for tr /system/fonts/PICOSans.ttf
09-09 22:53:39.374 21421  5862 I WiVRn   : [2026-09-09 22:53:39.374] [WiVRn] [info] Font for zh_CN /system/fonts/PICOSans.ttf
09-09 22:53:39.374 21421  5862 I WiVRn   : [2026-09-09 22:53:39.374] [WiVRn] [info] Font for zh_CN /system/fonts/PICOSansSC-Regular.ttf
09-09 22:53:39.374 21421  5862 I WiVRn   : [2026-09-09 22:53:39.374] [WiVRn] [info] Font for zh_TW /system/fonts/PICOSans.ttf
09-09 22:53:39.374 21421  5862 I WiVRn   : [2026-09-09 22:53:39.374] [WiVRn] [info] Font for zh_TW /system/fonts/PICOSansSC-Regular.ttf
09-09 22:53:39.378 21421  5862 I WiVRn   : [2026-09-09 22:53:39.378] [WiVRn] [info] Using font /system/fonts/PICOSans.ttf
09-09 22:53:39.378 21421  5862 I WiVRn   : [2026-09-09 22:53:39.378] [WiVRn] [info] Using font /system/fonts/Roboto-Regular.ttf
09-09 22:53:39.379 21421  5862 I WiVRn   : [2026-09-09 22:53:39.379] [WiVRn] [info] Using font /system/fonts/PICOSansVFJP.ttf
09-09 22:53:39.387 21421  5862 I WiVRn   : [2026-09-09 22:53:39.387] [WiVRn] [info] Using font /system/fonts/NotoSansGeorgian-Regular.otf
09-09 22:53:39.387 21421  5862 I WiVRn   : [2026-09-09 22:53:39.387] [WiVRn] [info] Using font /system/fonts/PICOSansSC-Regular.ttf
09-09 22:53:39.476 21421  5862 I WiVRn   : [2026-09-09 22:53:39.476] [WiVRn] [info] MulticastLock acquired
09-09 22:53:39.476 21421  5862 I WiVRn   : [2026-09-09 22:53:39.476] [WiVRn] [info] Local IPv6 address: 2003:c2:3701:81fc:b3c8:aefc:7af2:8a5a
09-09 22:53:39.476 21421  5862 I WiVRn   : [2026-09-09 22:53:39.476] [WiVRn] [info] Local IPv6 address: 2003:c2:3701:81fc:616a:1ec4:5f3c:1dd5
09-09 22:53:39.476 21421  5862 I WiVRn   : [2026-09-09 22:53:39.476] [WiVRn] [info] Local IPv6 address: fd3c:3d87:86b7:0:c7ff:60cd:b757:e773
09-09 22:53:39.476 21421  5862 I WiVRn   : [2026-09-09 22:53:39.476] [WiVRn] [info] Local IPv6 address: fd3c:3d87:86b7:0:616a:1ec4:5f3c:1dd5
09-09 22:53:39.476 21421  5862 I WiVRn   : [2026-09-09 22:53:39.476] [WiVRn] [info] Local IPv4 address: 192.168.1.248
09-09 22:53:39.476 21421  5862 W WiVRn   : [2026-09-09 22:53:39.476] [WiVRn] [warning] unknown family 17
09-09 22:53:39.477 21421  5870 I WiVRn   : [2026-09-09 22:53:39.477] [WiVRn] [info] Sending query for _wivrn._tcp.local., type PTR
09-09 22:53:39.477 21421  5862 I WiVRn   : [2026-09-09 22:53:39.477] [WiVRn] [info] Performance level: CPU domain asked for sustained_high
09-09 22:53:39.477 21421  5862 I WiVRn   : [2026-09-09 22:53:39.477] [WiVRn] [info] Performance level: GPU domain asked for boost
09-09 22:53:39.479 21421  5862 I WiVRn   : [2026-09-09 22:53:39.479] [WiVRn] [info] Received event type XR_TYPE_EVENT_DATA_INTERACTION_PROFILE_CHANGED
09-09 22:53:39.479 21421  5862 I WiVRn   : [2026-09-09 22:53:39.479] [WiVRn] [info] Received event type XR_TYPE_EVENT_DATA_INTERACTION_PROFILE_CHANGED
09-09 22:53:39.479 21421  5862 I WiVRn   : [2026-09-09 22:53:39.479] [WiVRn] [info] Session state changed at timestamp 0: XR_SESSION_STATE_READY => XR_SESSION_STATE_SYNCHRONIZED
09-09 22:53:39.479 21421  5862 I WiVRn   : [2026-09-09 22:53:39.479] [WiVRn] [info] Refresh rate changed from 72 to 90
09-09 22:53:39.479 21421  5862 I WiVRn   : [2026-09-09 22:53:39.479] [WiVRn] [info] Session state changed at timestamp 0: XR_SESSION_STATE_SYNCHRONIZED => XR_SESSION_STATE_VISIBLE
09-09 22:53:39.487 21421  5871 I WiVRn   : [2026-09-09 22:53:39.487] [WiVRn] [info] Using pin "000000"
09-09 22:53:39.494 21421  5871 I WiVRn   : [2026-09-09 22:53:39.494] [WiVRn] [info] Wi-Fi QoS marks enabled (uplink EF / AC_VO)
09-09 22:53:39.497 21421  5862 I WiVRn   : [2026-09-09 22:53:39.497] [WiVRn] [info] Creating new swapchain: eR8G8B8A8Srgb, 1504x1504, 1 sample(s), 2 level(s)
09-09 22:53:39.499 21421  5862 I WiVRn   : [2026-09-09 22:53:39.499] [WiVRn] [info] Created swapchain
09-09 22:53:39.500 21421  5862 I WiVRn   : [2026-09-09 22:53:39.500] [WiVRn] [info] Creating new swapchain: eR8G8B8A8Srgb, 1504x1504, 1 sample(s), 2 level(s)
09-09 22:53:39.502 21421  5862 I WiVRn   : [2026-09-09 22:53:39.502] [WiVRn] [info] Created swapchain
09-09 22:53:39.505 21421  5854 I PxrMetric: FPS=0/90,MTP=16.41ms,AppSW=off,FrmEarly=0,FrmLate=1,FrmCpu=4.18ms,FrmGpu=0.01ms,FrmTime=4.19ms,ATWGPU=0.00ms,VsyncDelay=0,GPU=0%/0Mhz,GPUTemp=0.0C,LayerCnt=0,Pkg=org.meumeu.wivrn.nx.warp,FrmId=2
09-09 22:53:39.505 21421  5862 I WiVRn   : [2026-09-09 22:53:39.505] [WiVRn] [info] Supported swapchain formats:
09-09 22:53:39.505 21421  5862 I WiVRn   : [2026-09-09 22:53:39.505] [WiVRn] [info]     R8G8B8A8Srgb
09-09 22:53:39.505 21421  5862 I WiVRn   : [2026-09-09 22:53:39.505] [WiVRn] [info]     R8Unorm
09-09 22:53:39.505 21421  5862 I WiVRn   : [2026-09-09 22:53:39.505] [WiVRn] [info]     R8G8Unorm
09-09 22:53:39.505 21421  5862 I WiVRn   : [2026-09-09 22:53:39.505] [WiVRn] [info]     R8G8B8A8Unorm
09-09 22:53:39.505 21421  5862 I WiVRn   : [2026-09-09 22:53:39.505] [WiVRn] [info]     R5G6B5UnormPack16
09-09 22:53:39.505 21421  5862 I WiVRn   : [2026-09-09 22:53:39.505] [WiVRn] [info]     A2B10G10R10UnormPack32
09-09 22:53:39.505 21421  5862 I WiVRn   : [2026-09-09 22:53:39.505] [WiVRn] [info]     R16Unorm
09-09 22:53:39.505 21421  5862 I WiVRn   : [2026-09-09 22:53:39.505] [WiVRn] [info]     R16G16Unorm
09-09 22:53:39.505 21421  5862 I WiVRn   : [2026-09-09 22:53:39.505] [WiVRn] [info]     R16G16B16A16Unorm
09-09 22:53:39.505 21421  5862 I WiVRn   : [2026-09-09 22:53:39.505] [WiVRn] [info]     R16Uint
09-09 22:53:39.505 21421  5862 I WiVRn   : [2026-09-09 22:53:39.505] [WiVRn] [info]     R16G16Uint
09-09 22:53:39.505 21421  5862 I WiVRn   : [2026-09-09 22:53:39.505] [WiVRn] [info]     R16G16B16A16Uint
09-09 22:53:39.505 21421  5862 I WiVRn   : [2026-09-09 22:53:39.505] [WiVRn] [info]     R16Sint
09-09 22:53:39.505 21421  5862 I WiVRn   : [2026-09-09 22:53:39.505] [WiVRn] [info]     R16G16Sint
09-09 22:53:39.505 21421  5862 I WiVRn   : [2026-09-09 22:53:39.505] [WiVRn] [info]     R16G16B16A16Sint
09-09 22:53:39.505 21421  5862 I WiVRn   : [2026-09-09 22:53:39.505] [WiVRn] [info]     R16Sfloat
09-09 22:53:39.505 21421  5862 I WiVRn   : [2026-09-09 22:53:39.505] [WiVRn] [info]     R16G16Sfloat
09-09 22:53:39.505 21421  5862 I WiVRn   : [2026-09-09 22:53:39.505] [WiVRn] [info]     R16G16B16A16Sfloat
09-09 22:53:39.505 21421  5862 I WiVRn   : [2026-09-09 22:53:39.505] [WiVRn] [info]     A1R5G5B5UnormPack16
09-09 22:53:39.505 21421  5862 I WiVRn   : [2026-09-09 22:53:39.505] [WiVRn] [info]     Etc2R8G8B8UnormBlock
09-09 22:53:39.505 21421  5862 I WiVRn   : [2026-09-09 22:53:39.505] [WiVRn] [info]     Etc2R8G8B8A1UnormBlock
09-09 22:53:39.505 21421  5862 I WiVRn   : [2026-09-09 22:53:39.505] [WiVRn] [info]     Etc2R8G8B8A8UnormBlock
09-09 22:53:39.505 21421  5862 I WiVRn   : [2026-09-09 22:53:39.505] [WiVRn] [info]     Etc2R8G8B8SrgbBlock
09-09 22:53:39.505 21421  5862 I WiVRn   : [2026-09-09 22:53:39.505] [WiVRn] [info]     Etc2R8G8B8A1SrgbBlock
09-09 22:53:39.505 21421  5862 I WiVRn   : [2026-09-09 22:53:39.505] [WiVRn] [info]     Etc2R8G8B8A8SrgbBlock
09-09 22:53:39.505 21421  5862 I WiVRn   : [2026-09-09 22:53:39.505] [WiVRn] [info]     EacR11UnormBlock
09-09 22:53:39.505 21421  5862 I WiVRn   : [2026-09-09 22:53:39.505] [WiVRn] [info]     EacR11G11UnormBlock
09-09 22:53:39.505 21421  5862 I WiVRn   : [2026-09-09 22:53:39.505] [WiVRn] [info]     EacR11SnormBlock
09-09 22:53:39.505 21421  5862 I WiVRn   : [2026-09-09 22:53:39.505] [WiVRn] [info]     EacR11G11SnormBlock
09-09 22:53:39.505 21421  5862 I WiVRn   : [2026-09-09 22:53:39.505] [WiVRn] [info]     Astc4x4UnormBlock
09-09 22:53:39.505 21421  5862 I WiVRn   : [2026-09-09 22:53:39.505] [WiVRn] [info]     Astc5x4UnormBlock
09-09 22:53:39.505 21421  5862 I WiVRn   : [2026-09-09 22:53:39.505] [WiVRn] [info]     Astc5x5UnormBlock
09-09 22:53:39.505 21421  5862 I WiVRn   : [2026-09-09 22:53:39.505] [WiVRn] [info]     Astc6x5UnormBlock
09-09 22:53:39.505 21421  5862 I WiVRn   : [2026-09-09 22:53:39.505] [WiVRn] [info]     Astc6x6UnormBlock
09-09 22:53:39.505 21421  5862 I WiVRn   : [2026-09-09 22:53:39.505] [WiVRn] [info]     Astc8x5UnormBlock
09-09 22:53:39.505 21421  5862 I WiVRn   : [2026-09-09 22:53:39.505] [WiVRn] [info]     Astc8x6UnormBlock
09-09 22:53:39.505 21421  5862 I WiVRn   : [2026-09-09 22:53:39.505] [WiVRn] [info]     Astc8x8UnormBlock
09-09 22:53:39.505 21421  5862 I WiVRn   : [2026-09-09 22:53:39.505] [WiVRn] [info]     Astc10x5UnormBlock
09-09 22:53:39.505 21421  5862 I WiVRn   : [2026-09-09 22:53:39.505] [WiVRn] [info]     Astc10x6UnormBlock
09-09 22:53:39.505 21421  5862 I WiVRn   : [2026-09-09 22:53:39.505] [WiVRn] [info]     Astc10x8UnormBlock
09-09 22:53:39.505 21421  5862 I WiVRn   : [2026-09-09 22:53:39.505] [WiVRn] [info]     Astc10x10UnormBlock
09-09 22:53:39.505 21421  5862 I WiVRn   : [2026-09-09 22:53:39.505] [WiVRn] [info]     Astc12x10UnormBlock
09-09 22:53:39.505 21421  5862 I WiVRn   : [2026-09-09 22:53:39.505] [WiVRn] [info]     Astc12x12UnormBlock
09-09 22:53:39.505 21421  5862 I WiVRn   : [2026-09-09 22:53:39.505] [WiVRn] [info]     Astc4x4SrgbBlock
09-09 22:53:39.505 21421  5862 I WiVRn   : [2026-09-09 22:53:39.505] [WiVRn] [info]     Astc5x4SrgbBlock
09-09 22:53:39.505 21421  5862 I WiVRn   : [2026-09-09 22:53:39.505] [WiVRn] [info]     Astc5x5SrgbBlock
09-09 22:53:39.505 21421  5862 I WiVRn   : [2026-09-09 22:53:39.505] [WiVRn] [info]     Astc6x5SrgbBlock
09-09 22:53:39.505 21421  5862 I WiVRn   : [2026-09-09 22:53:39.505] [WiVRn] [info]     Astc6x6SrgbBlock
09-09 22:53:39.505 21421  5862 I WiVRn   : [2026-09-09 22:53:39.505] [WiVRn] [info]     Astc8x5SrgbBlock
09-09 22:53:39.505 21421  5862 I WiVRn   : [2026-09-09 22:53:39.505] [WiVRn] [info]     Astc8x6SrgbBlock
09-09 22:53:39.505 21421  5862 I WiVRn   : [2026-09-09 22:53:39.505] [WiVRn] [info]     Astc8x8SrgbBlock
09-09 22:53:39.505 21421  5862 I WiVRn   : [2026-09-09 22:53:39.505] [WiVRn] [info]     Astc10x5SrgbBlock
09-09 22:53:39.505 21421  5862 I WiVRn   : [2026-09-09 22:53:39.505] [WiVRn] [info]     Astc10x6SrgbBlock
09-09 22:53:39.505 21421  5862 I WiVRn   : [2026-09-09 22:53:39.505] [WiVRn] [info]     Astc10x8SrgbBlock
09-09 22:53:39.505 21421  5862 I WiVRn   : [2026-09-09 22:53:39.505] [WiVRn] [info]     Astc10x10SrgbBlock
09-09 22:53:39.505 21421  5862 I WiVRn   : [2026-09-09 22:53:39.505] [WiVRn] [info]     Astc12x10SrgbBlock
09-09 22:53:39.505 21421  5862 I WiVRn   : [2026-09-09 22:53:39.505] [WiVRn] [info]     Astc12x12SrgbBlock
09-09 22:53:39.505 21421  5862 I WiVRn   : [2026-09-09 22:53:39.505] [WiVRn] [info]     D16Unorm
09-09 22:53:39.505 21421  5862 I WiVRn   : [2026-09-09 22:53:39.505] [WiVRn] [info]     X8D24UnormPack32
09-09 22:53:39.505 21421  5862 I WiVRn   : [2026-09-09 22:53:39.505] [WiVRn] [info]     D32Sfloat
09-09 22:53:39.505 21421  5862 I WiVRn   : [2026-09-09 22:53:39.505] [WiVRn] [info]     D24UnormS8Uint
09-09 22:53:39.505 21421  5862 I WiVRn   : [2026-09-09 22:53:39.505] [WiVRn] [info]     B8G8R8A8Unorm
09-09 22:53:39.505 21421  5862 I WiVRn   : [2026-09-09 22:53:39.505] [WiVRn] [info]     B8G8R8A8Srgb
09-09 22:53:39.508 21421  5862 I WiVRn   : [2026-09-09 22:53:39.508] [WiVRn] [info] Using panel size: 2160x2160
09-09 22:53:39.579 21421  5862 I WiVRn   : [2026-09-09 22:53:39.579] [WiVRn] [info] video codec av1: NOT supported
09-09 22:53:39.594 21421  5862 I WiVRn   : [2026-09-09 22:53:39.594] [WiVRn] [info] video codec h265: supported
09-09 22:53:39.607 21421  5862 I WiVRn   : [2026-09-09 22:53:39.607] [WiVRn] [info] video codec h264: supported
09-09 22:53:39.611 21421  5862 I WiVRn   : [2026-09-09 22:53:39.611] [WiVRn] [info] Using format R8G8B8A8Srgb
09-09 22:53:39.613 21421  5862 I WiVRn   : [2026-09-09 22:53:39.613] [WiVRn] [info] WifiLock low latency acquired
09-09 22:53:39.668 21421  5915 I WiVRn   : [2026-09-09 22:53:39.668] [WiVRn] [info] setup, refresh rate 90
09-09 22:53:39.668 21421  5915 I WiVRn   : [2026-09-09 22:53:39.668] [WiVRn] [info] set refresh rate to 90Hz
09-09 22:53:39.669 21421  5915 I WiVRn   : [2026-09-09 22:53:39.669] [WiVRn] [info] Creating decoders, size 2176x2176
09-09 22:53:39.669 21421  5915 I WiVRn   : [2026-09-09 22:53:39.669] [WiVRn] [info] edge bleed: server overscan 5.0%, client ring 0.0% (fade)
09-09 22:53:39.669 21421  5915 I WiVRn   : [2026-09-09 22:53:39.669] [WiVRn] [info]   stream 0: role 0, 2176x2176
09-09 22:53:39.669 21421  5915 I WiVRn   : [2026-09-09 22:53:39.669] [WiVRn] [info] nxwarp: decoupled display on
09-09 22:53:39.669 21421  5915 I WiVRn   : [2026-09-09 22:53:39.669] [WiVRn] [info] nxwarp: ycbcr chroma filter linear
09-09 22:53:39.669 21421  5915 I WiVRn   : [2026-09-09 22:53:39.669] [WiVRn] [info] nxwarp[0]: decoupled display -- frames are published complete and the reprojection pass waits on nothing
09-09 22:53:39.669 21421  5915 I WiVRn   : [2026-09-09 22:53:39.669] [WiVRn] [info]   stream 2: role 1, 2176x1088
09-09 22:53:39.669 21421  5915 I WiVRn   : [2026-09-09 22:53:39.669] [WiVRn] [info] nxwarp: decoupled display on
09-09 22:53:39.669 21421  5915 I WiVRn   : [2026-09-09 22:53:39.669] [WiVRn] [info] nxwarp: ycbcr chroma filter linear
09-09 22:53:39.669 21421  5915 I WiVRn   : [2026-09-09 22:53:39.669] [WiVRn] [info] nxwarp[2]: decoupled display -- frames are published complete and the reprojection pass waits on nothing
09-09 22:53:39.670 21421  5923 I WiVRn   : [2026-09-09 22:53:39.670] [WiVRn] [info] Adding hand_interaction poses to device list
09-09 22:53:39.670 21421  5923 I WiVRn   : [2026-09-09 22:53:39.670] [WiVRn] [info] interaction profile for /user/hand/left: /interaction_profiles/ext/hand_interaction_ext
09-09 22:53:39.670 21421  5923 I WiVRn   : [2026-09-09 22:53:39.670] [WiVRn] [info] interaction profile for /user/hand/right: /interaction_profiles/ext/hand_interaction_ext
09-09 22:53:39.670 21421  5923 I WiVRn   : [2026-09-09 22:53:39.670] [WiVRn] [info] interaction profile for /user/gamepad: XR_NULL_PATH
09-09 22:53:39.670 21421  5923 W WiVRn   : [2026-09-09 22:53:39.670] [WiVRn] [warning] unknown interaction profile XR_NULL_PATH
09-09 22:53:39.671 21421  5923 I WiVRn   : [2026-09-09 22:53:39.671] [WiVRn] [info] Tracking pattern (5000µs):
09-09 22:53:39.671 21421  5923 I WiVRn   : [2026-09-09 22:53:39.671] [WiVRn] [info] 	t+5000µs HEAD (0µs)
09-09 22:53:39.701 21421  5915 I WiVRn   : [2026-09-09 22:53:39.701] [WiVRn] [info] Speaker stream started
09-09 22:53:39.701 21421  5915 I WiVRn   : [2026-09-09 22:53:39.701] [WiVRn] [info] setup, refresh rate 90
09-09 22:53:39.701 21421  5915 I WiVRn   : [2026-09-09 22:53:39.701] [WiVRn] [info] set refresh rate to 90Hz
09-09 22:53:40.506 21421  5854 I PxrMetric: FPS=0/90,MTP=28.42ms,AppSW=off,FrmEarly=14,FrmLate=1,FrmCpu=0.74ms,FrmGpu=0.82ms,FrmTime=1.57ms,ATWGPU=1.57ms,VsyncDelay=1,GPU=23%/587Mhz,GPUTemp=80.6C,LayerCnt=2,Pkg=org.meumeu.wivrn.nx.warp,FrmId=81
09-09 22:53:41.508 21421  5854 I PxrMetric: FPS=80/90,MTP=28.31ms,AppSW=off,FrmEarly=0,FrmLate=0,FrmCpu=0.93ms,FrmGpu=1.26ms,FrmTime=2.20ms,ATWGPU=1.53ms,VsyncDelay=1,GPU=29%/587Mhz,GPUTemp=72.9C,LayerCnt=5,Pkg=org.meumeu.wivrn.nx.warp,FrmId=171
09-09 22:53:42.172 21421  5915 I WiVRn   : [2026-09-09 22:53:42.172] [WiVRn] [info] nxwarp[0]: PLANAR centre mode requested; using generic mixed-frame decoder
09-09 22:53:42.172 21421  5915 I WiVRn   : [2026-09-09 22:53:42.172] [WiVRn] [info] nxwarp[0]: borrowed NV12 output enabled
09-09 22:53:42.172 21421  5915 I WiVRn   : [2026-09-09 22:53:42.172] [WiVRn] [info] nxwarp[0]: atlas borrowed-target dirty catchup enabled
09-09 22:53:42.172 21421  5915 I WiVRn   : [2026-09-09 22:53:42.172] [WiVRn] [info] nxwarp[0]: direct atlas targets false
09-09 22:53:42.172 21421  5915 I WiVRn   : [2026-09-09 22:53:42.172] [WiVRn] [info] nxwarp[0]: 2176x2176 per eye, 2 eyes, on Adreno (TM) 650, 68 x 34 tiles, 1166 bytes per tile
09-09 22:53:42.176 21421  5923 I WiVRn   : [2026-09-09 22:53:42.176] [WiVRn] [info] Tracking pattern (5000µs):
09-09 22:53:42.176 21421  5923 I WiVRn   : [2026-09-09 22:53:42.176] [WiVRn] [info] 	t+3613µs LEFT_GRIP (1386µs)
09-09 22:53:42.176 21421  5923 I WiVRn   : [2026-09-09 22:53:42.176] [WiVRn] [info] 	t+7440µs HEAD (-7440µs)
09-09 22:53:42.176 21421  5915 I WiVRn   : [2026-09-09 22:53:42.176] [WiVRn] [info] nxwarp[0] net: 1 frames closed in 2.5 s, 0 with a hole, 0 out-of-order datagrams, 0 frames completed late, 0 queued for the worker, 0 decoded so far, 0 stragglers dropped; last hole 0/0 chunks, first missing -1, short false, chunk 1166 B
09-09 22:53:42.176 21421  5915 I WiVRn   : [2026-09-09 22:53:42.176] [WiVRn] [info] nxwarp[0] net: 0.026 ms per datagram over 118 datagrams (1.21 ms of every second)
09-09 22:53:42.176 21421  5915 I WiVRn   : [2026-09-09 22:53:42.176] [WiVRn] [info] nxwarp[0] sel: stride 1, arrival 0.0 ms, dropped-late 0, withheld 0, decoded 0
09-09 22:53:42.176 21421  5915 I WiVRn   : [2026-09-09 22:53:42.176] [WiVRn] [info] nxwarp[0] rx: 119 datagrams, placed 2312 (+2312), late 0 (+0), stale_frame 0, bad_range 0, bad_dir 0, bad_caps 0, bad_ver 0, auth_fail 0, replay 0, frozen 0, dup 0
09-09 22:53:42.508 21421  5854 I PxrMetric: FPS=90/90,MTP=26.72ms,AppSW=off,FrmEarly=0,FrmLate=0,FrmCpu=0.87ms,FrmGpu=0.44ms,FrmTime=1.33ms,ATWGPU=1.54ms,VsyncDelay=1,GPU=29%/587Mhz,GPUTemp=69.4C,LayerCnt=5,Pkg=org.meumeu.wivrn.nx.warp,FrmId=261
09-09 22:53:42.673 21421  5923 I WiVRn   : [2026-09-09 22:53:42.673] [WiVRn] [info] Tracking pattern (5000µs):
09-09 22:53:42.673 21421  5923 I WiVRn   : [2026-09-09 22:53:42.673] [WiVRn] [info] 	t+1000µs HEAD (9000µs)
09-09 22:53:42.673 21421  5923 I WiVRn   : [2026-09-09 22:53:42.673] [WiVRn] [info] 	t+1282µs LEFT_GRIP (8717µs)
09-09 22:53:42.673 21421  5923 I WiVRn   : [2026-09-09 22:53:42.673] [WiVRn] [info] 	t+1322µs RIGHT_GRIP (8677µs)
09-09 22:53:42.673 21421  5923 I WiVRn   : [2026-09-09 22:53:42.673] [WiVRn] [info] 	t+2000µs HEAD (3000µs)
09-09 22:53:42.673 21421  5923 I WiVRn   : [2026-09-09 22:53:42.673] [WiVRn] [info] 	t+2282µs LEFT_GRIP (2717µs)
09-09 22:53:42.673 21421  5923 I WiVRn   : [2026-09-09 22:53:42.673] [WiVRn] [info] 	t+2322µs RIGHT_GRIP (2677µs)
09-09 22:53:42.673 21421  5923 I WiVRn   : [2026-09-09 22:53:42.673] [WiVRn] [info] 	t+4000µs HEAD (6000µs)
09-09 22:53:42.673 21421  5923 I WiVRn   : [2026-09-09 22:53:42.673] [WiVRn] [info] 	t+4282µs LEFT_GRIP (5717µs)
09-09 22:53:42.673 21421  5923 I WiVRn   : [2026-09-09 22:53:42.673] [WiVRn] [info] 	t+4322µs RIGHT_GRIP (5677µs)
09-09 22:53:42.673 21421  5923 I WiVRn   : [2026-09-09 22:53:42.673] [WiVRn] [info] 	t+5000µs HEAD (0µs)
09-09 22:53:42.957 21421  5917 I WiVRn   : [2026-09-09 22:53:42.957] [WiVRn] [info] Stream scene ready at t=257056326562044
09-09 22:53:42.957 21421  5917 I WiVRn   : [2026-09-09 22:53:42.957] [WiVRn] [info] nxwarp[0]: 1 frames in 3.3 s: 88432 B/frame, wait-prev 0.0 ms, wall 781.2 ms, nxvc passA 0.5 passB 1.4 gpu 1.9 ms; holes 0, refused 0
09-09 22:53:42.957 21421  5917 I WiVRn   : [2026-09-09 22:53:42.957] [WiVRn] [info] nxwarp[0] gpu duty 1 ms/s (0% of one GPU) for decode alone; the display pass is extra
09-09 22:53:42.957 21421  5917 I WiVRn   : [2026-09-09 22:53:42.957] [WiVRn] [info] nxwarp[0] passB 1.4 ms = warp 0.0 + skip 0.0 + coded 0.0 + dir 0.0 + other 1.4; tiles skip 0 / coded 2312 / dir 0 (eye pass 0)
09-09 22:53:42.957 21421  5917 I WiVRn   : [2026-09-09 22:53:42.957] [WiVRn] [info] nxwarp[0]: 78 frames dropped late (queue kept to 1)
09-09 22:53:42.957 21421  5917 I WiVRn   : [2026-09-09 22:53:42.957] [WiVRn] [info] nxwarp[0] stage: gap 0.0 | wait-prev 0.0 | submit 778.9 (qlock 0.0 + codec 778.8) | get_free 0.0 | fence-pre 0.0 | record 0.1 | qsubmit 0.0 | fence-post 2.2 | publish 0.0 ms; withheld 0, stride 1, arrival 10.9 ms
09-09 22:53:42.957 21421  5917 I WiVRn   : [2026-09-09 22:53:42.957] [WiVRn] [info] nxwarp[0] reassembly (network thread): 0.06 ms/frame over 80 frames, buffer 127 kB held for 127 kB of unit (1.0x)
09-09 22:53:42.957 21421  5917 I WiVRn   : [2026-09-09 22:53:42.957] [WiVRn] [info] nxwarp[0] fence-post 2.2 ms = nxvc gpu 1.9 + copy gpu 0.00 + queue 0.3 (over 1 frames with timestamps)
09-09 22:53:42.964 21421  5862 I WiVRn   : [2026-09-09 22:53:42.964] [WiVRn] [info] MulticastLock released
09-09 22:53:42.966 21421  5862 I WiVRn   : [2026-09-09 22:53:42.966] [WiVRn] [info] Loaded input profile pico-4
09-09 22:53:42.966 21421  5862 I WiVRn   : [2026-09-09 22:53:42.966] [WiVRn] [info] Initializing offset of space aim_left to (-5, 0, 20) mm, (0, -0, 0)°
09-09 22:53:42.966 21421  5862 I WiVRn   : [2026-09-09 22:53:42.966] [WiVRn] [info] Initializing offset of space aim_right to (5, 0, 20) mm, (0, -0, 0)°
09-09 22:53:42.966 21421  5862 I WiVRn   : [2026-09-09 22:53:42.966] [WiVRn] [info] Initializing offset of space grip_left to (0, -20, -50) mm, (-30.000002, -0, 0)°
09-09 22:53:42.966 21421  5862 I WiVRn   : [2026-09-09 22:53:42.966] [WiVRn] [info] Initializing offset of space grip_right to (0, -20, -50) mm, (-30.000002, -0, 0)°
09-09 22:53:42.968 21421  5862 I WiVRn   : [2026-09-09 22:53:42.968] [WiVRn] [info] Font for de /system/fonts/PICOSans.ttf
09-09 22:53:42.968 21421  5862 I WiVRn   : [2026-09-09 22:53:42.968] [WiVRn] [info] Font for es /system/fonts/PICOSans.ttf
09-09 22:53:42.968 21421  5862 I WiVRn   : [2026-09-09 22:53:42.968] [WiVRn] [info] Font for fr /system/fonts/PICOSans.ttf
09-09 22:53:42.968 21421  5862 I WiVRn   : [2026-09-09 22:53:42.968] [WiVRn] [info] Font for fr /system/fonts/Roboto-Regular.ttf
09-09 22:53:42.968 21421  5862 I WiVRn   : [2026-09-09 22:53:42.968] [WiVRn] [info] Font for it /system/fonts/PICOSans.ttf
09-09 22:53:42.968 21421  5862 I WiVRn   : [2026-09-09 22:53:42.968] [WiVRn] [info] Font for ja /system/fonts/PICOSans.ttf
09-09 22:53:42.968 21421  5862 I WiVRn   : [2026-09-09 22:53:42.968] [WiVRn] [info] Font for ja /system/fonts/PICOSansVFJP.ttf
09-09 22:53:42.968 21421  5862 I WiVRn   : [2026-09-09 22:53:42.968] [WiVRn] [info] Font for ka /system/fonts/PICOSans.ttf
09-09 22:53:42.968 21421  5862 I WiVRn   : [2026-09-09 22:53:42.968] [WiVRn] [info] Font for ka /system/fonts/NotoSansGeorgian-Regular.otf
09-09 22:53:42.968 21421  5862 I WiVRn   : [2026-09-09 22:53:42.968] [WiVRn] [info] Font for ka /system/fonts/PICOSans.ttf
09-09 22:53:42.968 21421  5862 I WiVRn   : [2026-09-09 22:53:42.968] [WiVRn] [info] Font for pl /system/fonts/PICOSans.ttf
09-09 22:53:42.968 21421  5862 I WiVRn   : [2026-09-09 22:53:42.968] [WiVRn] [info] Font for pl /system/fonts/Roboto-Regular.ttf
09-09 22:53:42.968 21421  5862 I WiVRn   : [2026-09-09 22:53:42.968] [WiVRn] [info] Font for pl /system/fonts/PICOSans.ttf
09-09 22:53:42.968 21421  5862 I WiVRn   : [2026-09-09 22:53:42.968] [WiVRn] [info] Font for pl /system/fonts/PICOSansSC-Regular.ttf
09-09 22:53:42.968 21421  5862 I WiVRn   : [2026-09-09 22:53:42.968] [WiVRn] [info] Font for pl /system/fonts/Roboto-Regular.ttf
09-09 22:53:42.968 21421  5862 I WiVRn   : [2026-09-09 22:53:42.968] [WiVRn] [info] Font for pl /system/fonts/PICOSans.ttf
09-09 22:53:42.968 21421  5862 I WiVRn   : [2026-09-09 22:53:42.968] [WiVRn] [info] Font for pt_BR /system/fonts/PICOSans.ttf
09-09 22:53:42.969 21421  5862 I WiVRn   : [2026-09-09 22:53:42.969] [WiVRn] [info] Font for ru /system/fonts/PICOSans.ttf
09-09 22:53:42.969 21421  5862 I WiVRn   : [2026-09-09 22:53:42.969] [WiVRn] [info] Font for ru /system/fonts/PICOSansSC-Regular.ttf
09-09 22:53:42.969 21421  5862 I WiVRn   : [2026-09-09 22:53:42.969] [WiVRn] [info] Font for ru /system/fonts/PICOSans.ttf
09-09 22:53:42.969 21421  5862 I WiVRn   : [2026-09-09 22:53:42.969] [WiVRn] [info] Font for sk /system/fonts/PICOSans.ttf
09-09 22:53:42.969 21421  5862 I WiVRn   : [2026-09-09 22:53:42.969] [WiVRn] [info] Font for sk /system/fonts/Roboto-Regular.ttf
09-09 22:53:42.969 21421  5862 I WiVRn   : [2026-09-09 22:53:42.969] [WiVRn] [info] Font for sk /system/fonts/PICOSansSC-Regular.ttf
09-09 22:53:42.969 21421  5862 I WiVRn   : [2026-09-09 22:53:42.969] [WiVRn] [info] Font for sk /system/fonts/PICOSans.ttf
09-09 22:53:42.969 21421  5862 I WiVRn   : [2026-09-09 22:53:42.969] [WiVRn] [info] Font for sk /system/fonts/Roboto-Regular.ttf
09-09 22:53:42.969 21421  5862 I WiVRn   : [2026-09-09 22:53:42.969] [WiVRn] [info] Font for sk /system/fonts/PICOSans.ttf
09-09 22:53:42.969 21421  5862 I WiVRn   : [2026-09-09 22:53:42.969] [WiVRn] [info] Font for tr /system/fonts/PICOSans.ttf
09-09 22:53:42.969 21421  5862 I WiVRn   : [2026-09-09 22:53:42.969] [WiVRn] [info] Font for tr /system/fonts/Roboto-Regular.ttf
09-09 22:53:42.969 21421  5862 I WiVRn   : [2026-09-09 22:53:42.969] [WiVRn] [info] Font for tr /system/fonts/PICOSans.ttf
09-09 22:53:42.969 21421  5862 I WiVRn   : [2026-09-09 22:53:42.969] [WiVRn] [info] Font for tr /system/fonts/Roboto-Regular.ttf
09-09 22:53:42.969 21421  5862 I WiVRn   : [2026-09-09 22:53:42.969] [WiVRn] [info] Font for tr /system/fonts/PICOSans.ttf
09-09 22:53:42.969 21421  5862 I WiVRn   : [2026-09-09 22:53:42.969] [WiVRn] [info] Font for zh_CN /system/fonts/PICOSans.ttf
09-09 22:53:42.969 21421  5862 I WiVRn   : [2026-09-09 22:53:42.969] [WiVRn] [info] Font for zh_CN /system/fonts/PICOSansSC-Regular.ttf
09-09 22:53:42.969 21421  5862 I WiVRn   : [2026-09-09 22:53:42.969] [WiVRn] [info] Font for zh_TW /system/fonts/PICOSans.ttf
09-09 22:53:42.969 21421  5862 I WiVRn   : [2026-09-09 22:53:42.969] [WiVRn] [info] Font for zh_TW /system/fonts/PICOSansSC-Regular.ttf
09-09 22:53:42.973 21421  5862 I WiVRn   : [2026-09-09 22:53:42.973] [WiVRn] [info] Using font /system/fonts/PICOSans.ttf
09-09 22:53:42.973 21421  5862 I WiVRn   : [2026-09-09 22:53:42.973] [WiVRn] [info] Using font /system/fonts/Roboto-Regular.ttf
09-09 22:53:42.974 21421  5862 I WiVRn   : [2026-09-09 22:53:42.974] [WiVRn] [info] Using font /system/fonts/PICOSansVFJP.ttf
09-09 22:53:42.987 21421  5862 I WiVRn   : [2026-09-09 22:53:42.987] [WiVRn] [info] Using font /system/fonts/NotoSansGeorgian-Regular.otf
09-09 22:53:42.987 21421  5862 I WiVRn   : [2026-09-09 22:53:42.987] [WiVRn] [info] Using font /system/fonts/PICOSansSC-Regular.ttf
09-09 22:53:42.994 21421  5862 I WiVRn   : [2026-09-09 22:53:42.994] [WiVRn] [info] Performance level: CPU domain asked for sustained_high
09-09 22:53:42.994 21421  5862 I WiVRn   : [2026-09-09 22:53:42.994] [WiVRn] [info] nxwarp: GPU performance level setting 2
09-09 22:53:42.994 21421  5862 I WiVRn   : [2026-09-09 22:53:42.994] [WiVRn] [info] Performance level: GPU domain asked for boost
09-09 22:53:42.997 21421  5862 I WiVRn   : [2026-09-09 22:53:42.997] [WiVRn] [info] swapchain setup, refresh rate 90
09-09 22:53:42.997 21421  5862 I WiVRn   : [2026-09-09 22:53:42.997] [WiVRn] [info] set refresh rate to 90Hz
09-09 22:53:42.999 21421  5862 W WiVRn   : [2026-09-09 22:53:42.999] [WiVRn] [warning] XR mutable swapchain request rejected (-2); retrying without format list
09-09 22:53:43.002 21421  5862 I WiVRn   : [2026-09-09 22:53:43.002] [WiVRn] [info] Created stream swapchain: 2160x2160
09-09 22:53:43.002 21421  5862 I WiVRn   : [2026-09-09 22:53:43.002] [WiVRn] [info] Initializing reprojector
09-09 22:53:43.003 21421  5862 I WiVRn   : [2026-09-09 22:53:43.003] [WiVRn] [info] Static FDM enabled: 135x135 map, texel 16x16
09-09 22:53:43.003 21421  5862 I WiVRn   : [2026-09-09 22:53:43.003] [WiVRn] [info] nxwarp atlas vertex warp enabled
09-09 22:53:43.003 21421  5862 I WiVRn   : [2026-09-09 22:53:43.003] [WiVRn] [info] Atlas UNORM attachment views ready
09-09 22:53:43.003 21421  5862 I WiVRn   : [2026-09-09 22:53:43.003] [WiVRn] [info] Atlas mutable swapchain enabled
09-09 22:53:43.003 21421  5862 I WiVRn   : [2026-09-09 22:53:43.003] [WiVRn] [info] NX peripheral smoothing off
09-09 22:53:43.003 21421  5862 I WiVRn   : [2026-09-09 22:53:43.003] [WiVRn] [info] Atlas UNORM attachment path active
09-09 22:53:43.137 21421  5862 I WiVRn   : [2026-09-09 22:53:43.137] [WiVRn] [info] geometry[eye 0]: view_info fov L-53.34 R53.34 U53.34 D-53.34 | layer fov L-53.34 R53.34 U53.34 D-53.34 deg | layer rect 2160x2160 | defoveated 2160x2160 | scale 1.00
09-09 22:53:43.137 21421  5862 I WiVRn   : [2026-09-09 22:53:43.137] [WiVRn] [info] geometry[eye 1]: view_info fov L-53.34 R53.34 U53.34 D-53.34 | layer fov L-53.34 R53.34 U53.34 D-53.34 deg | layer rect 2160x2160 | defoveated 2160x2160 | scale 1.00
09-09 22:53:43.144 21421  5862 I WiVRn   : [2026-09-09 22:53:43.144] [WiVRn] [info] render: 1 iterations in 4.1 s (0.2/s), 1 submitted a layer, 1 new-source, 0 skipped by the repeat gate, 0 with nothing to show; display period 11.1 ms
09-09 22:53:43.144 21421  5862 I WiVRn   : [2026-09-09 22:53:43.144] [WiVRn] [info] render: ready wait attempts 0 success 0 total 0.000 ms | selected older than available 0
09-09 22:53:43.144 21421  5862 I WiVRn   : [2026-09-09 22:53:43.144] [WiVRn] [info] render: selected source transitions forward 0 backward 0 repeat 0, greatest forward gap 0
09-09 22:53:43.144 21421  5862 I WiVRn   : [2026-09-09 22:53:43.144] [WiVRn] [info] render: this app's own GPU pass 0.0 ms per iteration
09-09 22:53:43.144 21421  5862 I WiVRn   : [2026-09-09 22:53:43.144] [WiVRn] [info] render: defoveate 2160x2160 per eye x2 = 9.33 Mpx/frame at scale 1.00 atlas-prototype 0; 0 re-presented from the cache (reduce_gpu_load on)
09-09 22:53:43.144 21421  5862 I WiVRn   : [2026-09-09 22:53:43.144] [WiVRn] [info] render: shader path sharpness 0.00 fsr false alpha false motion false blend false glow 0.00 vignette 0.00 deband 0.00 lowpoly 0.00 levels 0 full-kernel false
09-09 22:53:43.144 21421  5862 I WiVRn   : [2026-09-09 22:53:43.144] [WiVRn] [info] render: per iteration fence 0.0 (worst 0.0) | queries 0.0 | submit 0.1 | whole render() 147.7 ms
09-09 22:53:43.144 21421  5862 I WiVRn   : [2026-09-09 22:53:43.144] [WiVRn] [info] render: jit on | wake slack 26.6 ms | slept 0.0 ms mean (max 0.0, 0 of 1 iterations) | budget 1.0 = pass 0.0 + margin 1.0 | sleep cap 45.0 ms
09-09 22:53:43.144 21421  5862 I WiVRn   : [2026-09-09 22:53:43.144] [WiVRn] [info] render: source display-time offset 75.3 ms mean (worst 75.3) over 1 frames | submit lead 0.0 ms mean (worst 0.0) | misses: 0 overrun 0 late 0 skipped refresh
09-09 22:53:43.144 21421  5862 I WiVRn   : [2026-09-09 22:53:43.144] [WiVRn] [info] Received event type XR_TYPE_EVENT_DATA_INTERACTION_PROFILE_CHANGED
09-09 22:53:43.144 21421  5862 I WiVRn   : [2026-09-09 22:53:43.144] [WiVRn] [info] interaction profile for /user/hand/left: /interaction_profiles/ext/hand_interaction_ext
09-09 22:53:43.144 21421  5862 I WiVRn   : [2026-09-09 22:53:43.144] [WiVRn] [info] interaction profile for /user/hand/right: /interaction_profiles/ext/hand_interaction_ext
09-09 22:53:43.144 21421  5862 I WiVRn   : [2026-09-09 22:53:43.144] [WiVRn] [info] interaction profile for /user/gamepad: XR_NULL_PATH
09-09 22:53:43.144 21421  5862 W WiVRn   : [2026-09-09 22:53:43.144] [WiVRn] [warning] unknown interaction profile XR_NULL_PATH
09-09 22:53:43.144 21421  5862 I WiVRn   : [2026-09-09 22:53:43.144] [WiVRn] [info] Received event type XR_TYPE_EVENT_DATA_INTERACTION_PROFILE_CHANGED
09-09 22:53:43.144 21421  5862 I WiVRn   : [2026-09-09 22:53:43.144] [WiVRn] [info] interaction profile for /user/hand/left: /interaction_profiles/ext/hand_interaction_ext
09-09 22:53:43.144 21421  5862 I WiVRn   : [2026-09-09 22:53:43.144] [WiVRn] [info] interaction profile for /user/hand/right: /interaction_profiles/ext/hand_interaction_ext
09-09 22:53:43.144 21421  5862 I WiVRn   : [2026-09-09 22:53:43.144] [WiVRn] [info] interaction profile for /user/gamepad: XR_NULL_PATH
09-09 22:53:43.144 21421  5862 W WiVRn   : [2026-09-09 22:53:43.144] [WiVRn] [warning] unknown interaction profile XR_NULL_PATH
09-09 22:53:43.144 21421  5862 I WiVRn   : [2026-09-09 22:53:43.144] [WiVRn] [info] Received event type XR_TYPE_EVENT_DATA_INTERACTION_PROFILE_CHANGED
09-09 22:53:43.144 21421  5862 I WiVRn   : [2026-09-09 22:53:43.144] [WiVRn] [info] interaction profile for /user/hand/left: /interaction_profiles/ext/hand_interaction_ext
09-09 22:53:43.144 21421  5862 I WiVRn   : [2026-09-09 22:53:43.144] [WiVRn] [info] interaction profile for /user/hand/right: /interaction_profiles/ext/hand_interaction_ext
09-09 22:53:43.144 21421  5862 I WiVRn   : [2026-09-09 22:53:43.144] [WiVRn] [info] interaction profile for /user/gamepad: XR_NULL_PATH
09-09 22:53:43.144 21421  5862 W WiVRn   : [2026-09-09 22:53:43.144] [WiVRn] [warning] unknown interaction profile XR_NULL_PATH
09-09 22:53:43.510 21421  5854 I PxrMetric: FPS=90/90,MTP=29.82ms,AppSW=off,FrmEarly=0,FrmLate=1,FrmCpu=1.77ms,FrmGpu=3.27ms,FrmTime=5.07ms,ATWGPU=1.54ms,VsyncDelay=1,GPU=27%/587Mhz,GPUTemp=76.4C,LayerCnt=5,Pkg=org.meumeu.wivrn.nx.warp,FrmId=337
09-09 22:53:43.679 21421  5923 I WiVRn   : [2026-09-09 22:53:43.679] [WiVRn] [info] Tracking pattern (11111µs):
09-09 22:53:43.680 21421  5923 I WiVRn   : [2026-09-09 22:53:43.680] [WiVRn] [info] 	t+2016µs HEAD (9095µs)
09-09 22:53:43.680 21421  5923 I WiVRn   : [2026-09-09 22:53:43.680] [WiVRn] [info] 	t+2056µs LEFT_GRIP (9055µs)
09-09 22:53:43.680 21421  5923 I WiVRn   : [2026-09-09 22:53:43.680] [WiVRn] [info] 	t+2060µs RIGHT_GRIP (9051µs)
09-09 22:53:43.680 21421  5923 I WiVRn   : [2026-09-09 22:53:43.680] [WiVRn] [info] 	t+5016µs HEAD (6095µs)
09-09 22:53:43.680 21421  5923 I WiVRn   : [2026-09-09 22:53:43.680] [WiVRn] [info] 	t+5056µs LEFT_GRIP (6055µs)
09-09 22:53:43.680 21421  5923 I WiVRn   : [2026-09-09 22:53:43.680] [WiVRn] [info] 	t+5060µs RIGHT_GRIP (6051µs)
09-09 22:53:44.180 21421  5915 I WiVRn   : [2026-09-09 22:53:44.180] [WiVRn] [info] nxwarp[0] net: 133 frames closed in 2.0 s, 0 with a hole, 0 out-of-order datagrams, 0 frames completed late, 0 queued for the worker, 54 decoded so far, 134 stragglers dropped; last hole 0/0 chunks, first missing -1, short false, chunk 1166 B
09-09 22:53:44.181 21421  5915 I WiVRn   : [2026-09-09 22:53:44.181] [WiVRn] [info] nxwarp[0] net: 0.027 ms per datagram over 23078 datagrams (313.29 ms of every second)
09-09 22:53:44.181 21421  5915 I WiVRn   : [2026-09-09 22:53:44.181] [WiVRn] [info] nxwarp[0] sel: stride 1, arrival 13.3 ms, dropped-late 78, withheld 0, decoded 55
09-09 22:53:44.181 21421  5915 I WiVRn   : [2026-09-09 22:53:44.181] [WiVRn] [info] nxwarp[0] rx: 23197 datagrams, placed 281375 (+279063), late 4504 (+4504), stale_frame 0, bad_range 0, bad_dir 0, bad_caps 0, bad_ver 0, auth_fail 0, replay 0, frozen 0, dup 15
09-09 22:53:44.519 21421  5854 I PxrMetric: FPS=76/90,MTP=27.55ms,AppSW=off,FrmEarly=0,FrmLate=11,FrmCpu=1.07ms,FrmGpu=9.16ms,FrmTime=18.76ms,ATWGPU=1.54ms,VsyncDelay=2,GPU=36%/587Mhz,GPUTemp=71.7C,LayerCnt=4,Pkg=org.meumeu.wivrn.nx.warp,FrmId=427
09-09 22:53:44.679 21421  5923 I WiVRn   : [2026-09-09 22:53:44.679] [WiVRn] [info] Tracking pattern (11111µs):
09-09 22:53:44.679 21421  5923 I WiVRn   : [2026-09-09 22:53:44.679] [WiVRn] [info] 	t+2719µs HEAD (8391µs)
09-09 22:53:44.679 21421  5923 I WiVRn   : [2026-09-09 22:53:44.679] [WiVRn] [info] 	t+2759µs LEFT_GRIP (8351µs)
09-09 22:53:44.679 21421  5923 I WiVRn   : [2026-09-09 22:53:44.679] [WiVRn] [info] 	t+2765µs RIGHT_GRIP (8345µs)
09-09 22:53:44.679 21421  5923 I WiVRn   : [2026-09-09 22:53:44.679] [WiVRn] [info] 	t+5719µs HEAD (5391µs)
09-09 22:53:44.679 21421  5923 I WiVRn   : [2026-09-09 22:53:44.679] [WiVRn] [info] 	t+5759µs LEFT_GRIP (5351µs)
09-09 22:53:44.679 21421  5923 I WiVRn   : [2026-09-09 22:53:44.679] [WiVRn] [info] 	t+5765µs RIGHT_GRIP (5345µs)
09-09 22:53:44.958 21421  5917 I WiVRn   : [2026-09-09 22:53:44.958] [WiVRn] [info] nxwarp[0]: 117 frames in 2.0 s: 135765 B/frame, wait-prev 0.0 ms, wall 9.2 ms, nxvc passA 2.2 passB 2.9 gpu 5.2 ms; holes 0, refused 0
09-09 22:53:44.958 21421  5917 I WiVRn   : [2026-09-09 22:53:44.958] [WiVRn] [info] nxwarp[0] gpu duty 304 ms/s (30% of one GPU) for decode alone; the display pass is extra
09-09 22:53:44.958 21421  5917 I WiVRn   : [2026-09-09 22:53:44.958] [WiVRn] [info] nxwarp[0] passB 2.9 ms = warp 0.0 + skip 0.0 + coded 0.0 + dir 0.0 + other 2.9; tiles skip 0 / coded 2312 / dir 0 (eye pass 0)
09-09 22:53:44.958 21421  5917 I WiVRn   : [2026-09-09 22:53:44.958] [WiVRn] [info] nxwarp[0]: 78 frames dropped late (queue kept to 1)
09-09 22:53:44.958 21421  5917 I WiVRn   : [2026-09-09 22:53:44.958] [WiVRn] [info] nxwarp[0] stage: gap 7.9 | wait-prev 0.0 | submit 1.0 (qlock 0.0 + codec 1.0) | get_free 0.0 | fence-pre 0.0 | record 0.0 | qsubmit 0.0 | fence-post 8.1 | publish 0.1 ms; withheld 0, stride 1, arrival 11.5 ms
09-09 22:53:44.958 21421  5917 I WiVRn   : [2026-09-09 22:53:44.958] [WiVRn] [info] nxwarp[0] reassembly (network thread): 0.08 ms/frame over 117 frames, buffer 133 kB held for 133 kB of unit (1.0x)
09-09 22:53:44.958 21421  5917 I WiVRn   : [2026-09-09 22:53:44.958] [WiVRn] [info] nxwarp[0] fence-post 8.1 ms = nxvc gpu 5.2 + copy gpu 0.00 + queue 2.9 (over 117 frames with timestamps)
09-09 22:53:45.000 21421  5862 I WiVRn   : [2026-09-09 22:53:45.000] [WiVRn] [info] render: 165 iterations in 2.0 s (82.4/s), 165 submitted a layer, 108 new-source, 0 skipped by the repeat gate, 0 with nothing to show; display period 12.2 ms
09-09 22:53:45.000 21421  5862 I WiVRn   : [2026-09-09 22:53:45.000] [WiVRn] [info] render: ready wait attempts 89 success 32 total 150.441 ms | selected older than available 0
09-09 22:53:45.000 21421  5862 I WiVRn   : [2026-09-09 22:53:45.000] [WiVRn] [info] render: selected source transitions forward 108 backward 0 repeat 57, greatest forward gap 2
09-09 22:53:45.000 21421  5862 I WiVRn   : [2026-09-09 22:53:45.000] [WiVRn] [info] render: this app's own GPU pass 4.1 ms per iteration
09-09 22:53:45.000 21421  5862 I WiVRn   : [2026-09-09 22:53:45.000] [WiVRn] [info] render: defoveate 2160x2160 per eye x2 = 9.33 Mpx/frame at scale 1.00 atlas-prototype 0; 57 re-presented from the cache (reduce_gpu_load on)
09-09 22:53:45.000 21421  5862 I WiVRn   : [2026-09-09 22:53:45.000] [WiVRn] [info] render: shader path sharpness 0.00 fsr false alpha false motion false blend false glow 0.00 vignette 0.00 deband 0.00 lowpoly 0.00 levels 0 full-kernel false
09-09 22:53:45.000 21421  5862 I WiVRn   : [2026-09-09 22:53:45.000] [WiVRn] [info] render: per iteration fence 0.1 (worst 5.9) | queries 0.0 | submit 0.0 | whole render() 1.8 ms
09-09 22:53:45.000 21421  5862 I WiVRn   : [2026-09-09 22:53:45.000] [WiVRn] [info] render: jit on | wake slack 34.0 ms | slept 1.5 ms mean (max 16.7, 73 of 165 iterations) | budget 24.5 = pass 23.5 + margin 1.0 | sleep cap 0.6 ms
09-09 22:53:45.000 21421  5862 I WiVRn   : [2026-09-09 22:53:45.000] [WiVRn] [info] render: source display-time offset 61.9 ms mean (worst 97.5) over 165 frames | submit lead 29.8 ms mean (worst -121.1) | misses: 0 overrun 0 late 4 skipped refresh
09-09 22:53:45.520 21421  5854 I PxrMetric: FPS=89/90,MTP=32.23ms,AppSW=off,FrmEarly=10,FrmLate=3,FrmCpu=1.45ms,FrmGpu=6.50ms,FrmTime=8.62ms,ATWGPU=1.56ms,VsyncDelay=1,GPU=86%/587Mhz,GPUTemp=73.3C,LayerCnt=4,Pkg=org.meumeu.wivrn.nx.warp,FrmId=514
09-09 22:53:45.679 21421  5923 I WiVRn   : [2026-09-09 22:53:45.679] [WiVRn] [info] Tracking pattern (11110µs):
09-09 22:53:45.679 21421  5923 I WiVRn   : [2026-09-09 22:53:45.679] [WiVRn] [info] 	t+2646µs HEAD (8463µs)
09-09 22:53:45.679 21421  5923 I WiVRn   : [2026-09-09 22:53:45.679] [WiVRn] [info] 	t+2720µs LEFT_GRIP (8390µs)
09-09 22:53:45.679 21421  5923 I WiVRn   : [2026-09-09 22:53:45.679] [WiVRn] [info] 	t+2737µs RIGHT_GRIP (8373µs)
09-09 22:53:45.679 21421  5923 I WiVRn   : [2026-09-09 22:53:45.679] [WiVRn] [info] 	t+5646µs HEAD (5463µs)
09-09 22:53:45.679 21421  5923 I WiVRn   : [2026-09-09 22:53:45.679] [WiVRn] [info] 	t+5720µs LEFT_GRIP (5390µs)
09-09 22:53:45.679 21421  5923 I WiVRn   : [2026-09-09 22:53:45.679] [WiVRn] [info] 	t+5737µs RIGHT_GRIP (5373µs)
09-09 22:53:46.190 21421  5915 I WiVRn   : [2026-09-09 22:53:46.190] [WiVRn] [info] nxwarp[0] net: 162 frames closed in 2.0 s, 0 with a hole, 0 out-of-order datagrams, 0 frames completed late, 0 queued for the worker, 216 decoded so far, 324 stragglers dropped; last hole 0/0 chunks, first missing -1, short false, chunk 1166 B
09-09 22:53:46.190 21421  5915 I WiVRn   : [2026-09-09 22:53:46.190] [WiVRn] [info] nxwarp[0] net: 0.028 ms per datagram over 27603 datagrams (378.54 ms of every second)
09-09 22:53:46.190 21421  5915 I WiVRn   : [2026-09-09 22:53:46.190] [WiVRn] [info] nxwarp[0] sel: stride 1, arrival 11.8 ms, dropped-late 78, withheld 0, decoded 216
09-09 22:53:46.190 21421  5915 I WiVRn   : [2026-09-09 22:53:46.190] [WiVRn] [info] nxwarp[0] rx: 50800 datagrams, placed 494195 (+212820), late 10152 (+5648), stale_frame 0, bad_range 0, bad_dir 0, bad_caps 0, bad_ver 0, auth_fail 0, replay 0, frozen 0, dup 31
09-09 22:53:46.531 21421  5854 I PxrMetric: FPS=87/90,MTP=32.31ms,AppSW=off,FrmEarly=0,FrmLate=1,FrmCpu=0.99ms,FrmGpu=6.22ms,FrmTime=7.83ms,ATWGPU=1.56ms,VsyncDelay=1,GPU=75%/587Mhz,GPUTemp=72.9C,LayerCnt=4,Pkg=org.meumeu.wivrn.nx.warp,FrmId=605
09-09 22:53:46.679 21421  5923 I WiVRn   : [2026-09-09 22:53:46.679] [WiVRn] [info] Tracking pattern (11111µs):
09-09 22:53:46.679 21421  5923 I WiVRn   : [2026-09-09 22:53:46.679] [WiVRn] [info] 	t+3282µs HEAD (7829µs)
09-09 22:53:46.679 21421  5923 I WiVRn   : [2026-09-09 22:53:46.679] [WiVRn] [info] 	t+3329µs LEFT_GRIP (7782µs)
09-09 22:53:46.679 21421  5923 I WiVRn   : [2026-09-09 22:53:46.679] [WiVRn] [info] 	t+3333µs RIGHT_GRIP (7778µs)
09-09 22:53:46.679 21421  5923 I WiVRn   : [2026-09-09 22:53:46.679] [WiVRn] [info] 	t+6282µs HEAD (4829µs)
09-09 22:53:46.679 21421  5923 I WiVRn   : [2026-09-09 22:53:46.679] [WiVRn] [info] 	t+6329µs LEFT_GRIP (4782µs)
09-09 22:53:46.679 21421  5923 I WiVRn   : [2026-09-09 22:53:46.679] [WiVRn] [info] 	t+6333µs RIGHT_GRIP (4778µs)
09-09 22:53:46.969 21421  5917 I WiVRn   : [2026-09-09 22:53:46.969] [WiVRn] [info] nxwarp[0]: 163 frames in 2.0 s: 148595 B/frame, wait-prev 0.0 ms, wall 9.5 ms, nxvc passA 2.5 passB 3.0 gpu 5.4 ms; holes 0, refused 0
09-09 22:53:46.969 21421  5917 I WiVRn   : [2026-09-09 22:53:46.969] [WiVRn] [info] nxwarp[0] gpu duty 440 ms/s (44% of one GPU) for decode alone; the display pass is extra
09-09 22:53:46.969 21421  5917 I WiVRn   : [2026-09-09 22:53:46.969] [WiVRn] [info] nxwarp[0] passB 3.0 ms = warp 0.0 + skip 0.0 + coded 0.0 + dir 0.0 + other 3.0; tiles skip 0 / coded 2312 / dir 0 (eye pass 0)
09-09 22:53:46.969 21421  5917 I WiVRn   : [2026-09-09 22:53:46.969] [WiVRn] [info] nxwarp[0]: 78 frames dropped late (queue kept to 1)
09-09 22:53:46.969 21421  5917 I WiVRn   : [2026-09-09 22:53:46.969] [WiVRn] [info] nxwarp[0] stage: gap 2.8 | wait-prev 0.0 | submit 0.9 (qlock 0.0 + codec 0.9) | get_free 0.0 | fence-pre 0.0 | record 0.0 | qsubmit 0.0 | fence-post 8.5 | publish 0.0 ms; withheld 0, stride 1, arrival 11.1 ms
09-09 22:53:46.969 21421  5917 I WiVRn   : [2026-09-09 22:53:46.969] [WiVRn] [info] nxwarp[0] reassembly (network thread): 0.06 ms/frame over 163 frames, buffer 145 kB held for 145 kB of unit (1.0x)
09-09 22:53:46.969 21421  5917 I WiVRn   : [2026-09-09 22:53:46.969] [WiVRn] [info] nxwarp[0] fence-post 8.5 ms = nxvc gpu 5.4 + copy gpu 0.00 + queue 3.1 (over 163 frames with timestamps)
09-09 22:53:47.002 21421  5862 I WiVRn   : [2026-09-09 22:53:47.002] [WiVRn] [info] render: 179 iterations in 2.0 s (89.4/s), 179 submitted a layer, 130 new-source, 0 skipped by the repeat gate, 0 with nothing to show; display period 11.2 ms
09-09 22:53:47.002 21421  5862 I WiVRn   : [2026-09-09 22:53:47.002] [WiVRn] [info] render: ready wait attempts 108 success 59 total 156.049 ms | selected older than available 0
09-09 22:53:47.002 21421  5862 I WiVRn   : [2026-09-09 22:53:47.002] [WiVRn] [info] render: selected source transitions forward 130 backward 0 repeat 49, greatest forward gap 2
09-09 22:53:47.002 21421  5862 I WiVRn   : [2026-09-09 22:53:47.002] [WiVRn] [info] render: this app's own GPU pass 4.6 ms per iteration
09-09 22:53:47.002 21421  5862 I WiVRn   : [2026-09-09 22:53:47.002] [WiVRn] [info] render: defoveate 2160x2160 per eye x2 = 9.33 Mpx/frame at scale 1.00 atlas-prototype 0; 49 re-presented from the cache (reduce_gpu_load on)
09-09 22:53:47.002 21421  5862 I WiVRn   : [2026-09-09 22:53:47.002] [WiVRn] [info] render: shader path sharpness 0.00 fsr false alpha false motion false blend false glow 0.00 vignette 0.00 deband 0.00 lowpoly 0.00 levels 0 full-kernel false
09-09 22:53:47.002 21421  5862 I WiVRn   : [2026-09-09 22:53:47.002] [WiVRn] [info] render: per iteration fence 0.4 (worst 11.0) | queries 0.0 | submit 0.0 | whole render() 1.9 ms
09-09 22:53:47.002 21421  5862 I WiVRn   : [2026-09-09 22:53:47.002] [WiVRn] [info] render: jit on | wake slack 33.8 ms | slept 0.6 ms mean (max 0.6, 179 of 179 iterations) | budget 21.6 = pass 20.6 + margin 1.0 | sleep cap 0.6 ms
09-09 22:53:47.002 21421  5862 I WiVRn   : [2026-09-09 22:53:47.002] [WiVRn] [info] render: source display-time offset 56.9 ms mean (worst 75.3) over 179 frames | submit lead 31.3 ms mean (worst 24.1) | misses: 0 overrun 0 late 0 skipped refresh
09-09 22:53:47.538 21421  5854 I PxrMetric: FPS=90/90,MTP=41.60ms,AppSW=off,FrmEarly=7,FrmLate=21,FrmCpu=0.71ms,FrmGpu=9.81ms,FrmTime=18.46ms,ATWGPU=1.55ms,VsyncDelay=2,GPU=98%/587Mhz,GPUTemp=72.9C,LayerCnt=3,Pkg=org.meumeu.wivrn.nx.warp,FrmId=693
09-09 22:53:47.679 21421  5923 I WiVRn   : [2026-09-09 22:53:47.679] [WiVRn] [info] Tracking pattern (11117µs):
09-09 22:53:47.679 21421  5923 I WiVRn   : [2026-09-09 22:53:47.679] [WiVRn] [info] 	t+2821µs HEAD (8296µs)
09-09 22:53:47.679 21421  5923 I WiVRn   : [2026-09-09 22:53:47.679] [WiVRn] [info] 	t+2865µs LEFT_GRIP (8252µs)
09-09 22:53:47.679 21421  5923 I WiVRn   : [2026-09-09 22:53:47.679] [WiVRn] [info] 	t+2873µs RIGHT_GRIP (8244µs)
09-09 22:53:47.679 21421  5923 I WiVRn   : [2026-09-09 22:53:47.679] [WiVRn] [info] 	t+5821µs HEAD (5296µs)
09-09 22:53:47.679 21421  5923 I WiVRn   : [2026-09-09 22:53:47.679] [WiVRn] [info] 	t+5865µs LEFT_GRIP (5252µs)
09-09 22:53:47.679 21421  5923 I WiVRn   : [2026-09-09 22:53:47.679] [WiVRn] [info] 	t+5873µs RIGHT_GRIP (5244µs)
09-09 22:53:48.192 21421  5915 I WiVRn   : [2026-09-09 22:53:48.192] [WiVRn] [info] nxwarp[0] net: 165 frames closed in 2.0 s, 0 with a hole, 0 out-of-order datagrams, 0 frames completed late, 0 queued for the worker, 382 decoded so far, 507 stragglers dropped; last hole 0/0 chunks, first missing -1, short false, chunk 1166 B
09-09 22:53:48.192 21421  5915 I WiVRn   : [2026-09-09 22:53:48.192] [WiVRn] [info] nxwarp[0] net: 0.028 ms per datagram over 27093 datagrams (375.36 ms of every second)
09-09 22:53:48.192 21421  5915 I WiVRn   : [2026-09-09 22:53:48.192] [WiVRn] [info] nxwarp[0] sel: stride 1, arrival 11.1 ms, dropped-late 78, withheld 0, decoded 382
09-09 22:53:48.192 21421  5915 I WiVRn   : [2026-09-09 22:53:48.192] [WiVRn] [info] nxwarp[0] rx: 77893 datagrams, placed 633097 (+138902), late 18831 (+8679), stale_frame 0, bad_range 0, bad_dir 0, bad_caps 0, bad_ver 0, auth_fail 0, replay 0, frozen 0, dup 62
09-09 22:53:48.535 21421  5854 I PxrMetric: FPS=88/90,MTP=31.71ms,AppSW=off,FrmEarly=8,FrmLate=6,FrmCpu=1.04ms,FrmGpu=6.73ms,FrmTime=8.37ms,ATWGPU=1.58ms,VsyncDelay=1,GPU=94%/587Mhz,GPUTemp=73.6C,LayerCnt=3,Pkg=org.meumeu.wivrn.nx.warp,FrmId=781
09-09 22:53:48.679 21421  5923 I WiVRn   : [2026-09-09 22:53:48.679] [WiVRn] [info] Tracking pattern (11110µs):
09-09 22:53:48.679 21421  5923 I WiVRn   : [2026-09-09 22:53:48.679] [WiVRn] [info] 	t+3039µs HEAD (8070µs)
09-09 22:53:48.679 21421  5923 I WiVRn   : [2026-09-09 22:53:48.679] [WiVRn] [info] 	t+3083µs LEFT_GRIP (8027µs)
09-09 22:53:48.679 21421  5923 I WiVRn   : [2026-09-09 22:53:48.679] [WiVRn] [info] 	t+3088µs RIGHT_GRIP (8022µs)
09-09 22:53:48.679 21421  5923 I WiVRn   : [2026-09-09 22:53:48.679] [WiVRn] [info] 	t+6039µs HEAD (5070µs)
09-09 22:53:48.679 21421  5923 I WiVRn   : [2026-09-09 22:53:48.679] [WiVRn] [info] 	t+6083µs LEFT_GRIP (5027µs)
09-09 22:53:48.679 21421  5923 I WiVRn   : [2026-09-09 22:53:48.679] [WiVRn] [info] 	t+6088µs RIGHT_GRIP (5022µs)
09-09 22:53:48.970 21421  5917 I WiVRn   : [2026-09-09 22:53:48.970] [WiVRn] [info] nxwarp[0]: 166 frames in 2.0 s: 140004 B/frame, wait-prev 0.0 ms, wall 10.0 ms, nxvc passA 2.3 passB 3.0 gpu 5.3 ms; holes 0, refused 0
09-09 22:53:48.970 21421  5917 I WiVRn   : [2026-09-09 22:53:48.970] [WiVRn] [info] nxwarp[0] gpu duty 438 ms/s (44% of one GPU) for decode alone; the display pass is extra
09-09 22:53:48.970 21421  5917 I WiVRn   : [2026-09-09 22:53:48.970] [WiVRn] [info] nxwarp[0] passB 3.0 ms = warp 0.0 + skip 0.0 + coded 0.0 + dir 0.0 + other 3.0; tiles skip 0 / coded 2312 / dir 0 (eye pass 0)
09-09 22:53:48.970 21421  5917 I WiVRn   : [2026-09-09 22:53:48.970] [WiVRn] [info] nxwarp[0]: 78 frames dropped late (queue kept to 1)
09-09 22:53:48.970 21421  5917 I WiVRn   : [2026-09-09 22:53:48.970] [WiVRn] [info] nxwarp[0] stage: gap 2.1 | wait-prev 0.0 | submit 1.0 (qlock 0.0 + codec 1.0) | get_free 0.0 | fence-pre 0.0 | record 0.0 | qsubmit 0.0 | fence-post 8.9 | publish 0.0 ms; withheld 0, stride 1, arrival 11.0 ms
09-09 22:53:48.970 21421  5917 I WiVRn   : [2026-09-09 22:53:48.970] [WiVRn] [info] nxwarp[0] reassembly (network thread): 0.07 ms/frame over 166 frames, buffer 137 kB held for 137 kB of unit (1.0x)
09-09 22:53:48.970 21421  5917 I WiVRn   : [2026-09-09 22:53:48.970] [WiVRn] [info] nxwarp[0] fence-post 9.0 ms = nxvc gpu 5.3 + copy gpu 0.00 + queue 3.6 (over 166 frames with timestamps)
09-09 22:53:49.004 21421  5862 I WiVRn   : [2026-09-09 22:53:49.004] [WiVRn] [info] render: 177 iterations in 2.0 s (88.5/s), 177 submitted a layer, 146 new-source, 0 skipped by the repeat gate, 0 with nothing to show; display period 11.3 ms
09-09 22:53:49.004 21421  5862 I WiVRn   : [2026-09-09 22:53:49.004] [WiVRn] [info] render: ready wait attempts 78 success 47 total 113.211 ms | selected older than available 0
09-09 22:53:49.004 21421  5862 I WiVRn   : [2026-09-09 22:53:49.004] [WiVRn] [info] render: selected source transitions forward 146 backward 0 repeat 31, greatest forward gap 2
09-09 22:53:49.004 21421  5862 I WiVRn   : [2026-09-09 22:53:49.004] [WiVRn] [info] render: this app's own GPU pass 5.3 ms per iteration
09-09 22:53:49.004 21421  5862 I WiVRn   : [2026-09-09 22:53:49.004] [WiVRn] [info] render: defoveate 2160x2160 per eye x2 = 9.33 Mpx/frame at scale 1.00 atlas-prototype 0; 31 re-presented from the cache (reduce_gpu_load on)
09-09 22:53:49.004 21421  5862 I WiVRn   : [2026-09-09 22:53:49.004] [WiVRn] [info] render: shader path sharpness 0.00 fsr false alpha false motion false blend false glow 0.00 vignette 0.00 deband 0.00 lowpoly 0.00 levels 0 full-kernel false
09-09 22:53:49.004 21421  5862 I WiVRn   : [2026-09-09 22:53:49.004] [WiVRn] [info] render: per iteration fence 1.4 (worst 11.4) | queries 0.0 | submit 0.0 | whole render() 2.6 ms
09-09 22:53:49.004 21421  5862 I WiVRn   : [2026-09-09 22:53:49.004] [WiVRn] [info] render: jit on | wake slack 35.6 ms | slept 0.7 ms mean (max 11.7, 177 of 177 iterations) | budget 19.8 = pass 18.8 + margin 1.0 | sleep cap 0.6 ms
09-09 22:53:49.004 21421  5862 I WiVRn   : [2026-09-09 22:53:49.004] [WiVRn] [info] render: source display-time offset 58.8 ms mean (worst 75.3) over 177 frames | submit lead 32.4 ms mean (worst 24.0) | misses: 0 overrun 0 late 1 skipped refresh
09-09 22:53:49.543 21421  5854 I PxrMetric: FPS=88/90,MTP=31.26ms,AppSW=off,FrmEarly=0,FrmLate=0,FrmCpu=1.19ms,FrmGpu=5.72ms,FrmTime=7.51ms,ATWGPU=1.56ms,VsyncDelay=1,GPU=94%/587Mhz,GPUTemp=73.6C,LayerCnt=3,Pkg=org.meumeu.wivrn.nx.warp,FrmId=872
09-09 22:53:49.679 21421  5923 I WiVRn   : [2026-09-09 22:53:49.679] [WiVRn] [info] Tracking pattern (11108µs):
09-09 22:53:49.679 21421  5923 I WiVRn   : [2026-09-09 22:53:49.679] [WiVRn] [info] 	t+3457µs HEAD (7651µs)
09-09 22:53:49.679 21421  5923 I WiVRn   : [2026-09-09 22:53:49.679] [WiVRn] [info] 	t+3496µs LEFT_GRIP (7612µs)
09-09 22:53:49.679 21421  5923 I WiVRn   : [2026-09-09 22:53:49.679] [WiVRn] [info] 	t+3502µs RIGHT_GRIP (7606µs)
09-09 22:53:49.679 21421  5923 I WiVRn   : [2026-09-09 22:53:49.679] [WiVRn] [info] 	t+6457µs HEAD (4651µs)
09-09 22:53:49.679 21421  5923 I WiVRn   : [2026-09-09 22:53:49.679] [WiVRn] [info] 	t+6496µs LEFT_GRIP (4612µs)
09-09 22:53:49.679 21421  5923 I WiVRn   : [2026-09-09 22:53:49.679] [WiVRn] [info] 	t+6502µs RIGHT_GRIP (4606µs)
09-09 22:53:50.192 21421  5915 I WiVRn   : [2026-09-09 22:53:50.192] [WiVRn] [info] nxwarp[0] net: 164 frames closed in 2.0 s, 0 with a hole, 0 out-of-order datagrams, 0 frames completed late, 0 queued for the worker, 546 decoded so far, 674 stragglers dropped; last hole 0/0 chunks, first missing -1, short false, chunk 1166 B
09-09 22:53:50.193 21421  5915 I WiVRn   : [2026-09-09 22:53:50.193] [WiVRn] [info] nxwarp[0] net: 0.027 ms per datagram over 29768 datagrams (403.67 ms of every second)
09-09 22:53:50.193 21421  5915 I WiVRn   : [2026-09-09 22:53:50.193] [WiVRn] [info] nxwarp[0] sel: stride 1, arrival 11.3 ms, dropped-late 78, withheld 0, decoded 546
09-09 22:53:50.193 21421  5915 I WiVRn   : [2026-09-09 22:53:50.193] [WiVRn] [info] nxwarp[0] rx: 107661 datagrams, placed 999110 (+366013), late 19281 (+450), stale_frame 0, bad_range 0, bad_dir 0, bad_caps 0, bad_ver 0, auth_fail 0, replay 0, frozen 0, dup 65
09-09 22:53:50.546 21421  5854 I PxrMetric: FPS=90/90,MTP=33.73ms,AppSW=off,FrmEarly=4,FrmLate=9,FrmCpu=0.68ms,FrmGpu=10.03ms,FrmTime=17.77ms,ATWGPU=1.56ms,VsyncDelay=2,GPU=75%/587Mhz,GPUTemp=74.4C,LayerCnt=3,Pkg=org.meumeu.wivrn.nx.warp,FrmId=960
09-09 22:53:50.679 21421  5923 I WiVRn   : [2026-09-09 22:53:50.679] [WiVRn] [info] Tracking pattern (11111µs):
09-09 22:53:50.679 21421  5923 I WiVRn   : [2026-09-09 22:53:50.679] [WiVRn] [info] 	t+2604µs HEAD (8507µs)
09-09 22:53:50.679 21421  5923 I WiVRn   : [2026-09-09 22:53:50.679] [WiVRn] [info] 	t+2717µs LEFT_GRIP (8394µs)
09-09 22:53:50.679 21421  5923 I WiVRn   : [2026-09-09 22:53:50.679] [WiVRn] [info] 	t+2726µs RIGHT_GRIP (8384µs)
09-09 22:53:50.679 21421  5923 I WiVRn   : [2026-09-09 22:53:50.679] [WiVRn] [info] 	t+5604µs HEAD (5507µs)
09-09 22:53:50.679 21421  5923 I WiVRn   : [2026-09-09 22:53:50.679] [WiVRn] [info] 	t+5717µs LEFT_GRIP (5394µs)
09-09 22:53:50.679 21421  5923 I WiVRn   : [2026-09-09 22:53:50.679] [WiVRn] [info] 	t+5726µs RIGHT_GRIP (5384µs)
09-09 22:53:50.979 21421  5917 I WiVRn   : [2026-09-09 22:53:50.979] [WiVRn] [info] nxwarp[0]: 162 frames in 2.0 s: 137469 B/frame, wait-prev 0.0 ms, wall 9.6 ms, nxvc passA 2.4 passB 2.9 gpu 5.3 ms; holes 0, refused 0
09-09 22:53:50.979 21421  5917 I WiVRn   : [2026-09-09 22:53:50.979] [WiVRn] [info] nxwarp[0] gpu duty 427 ms/s (43% of one GPU) for decode alone; the display pass is extra
09-09 22:53:50.979 21421  5917 I WiVRn   : [2026-09-09 22:53:50.979] [WiVRn] [info] nxwarp[0] passB 2.9 ms = warp 0.0 + skip 0.0 + coded 0.0 + dir 0.0 + other 2.9; tiles skip 0 / coded 2312 / dir 0 (eye pass 0)
09-09 22:53:50.979 21421  5917 I WiVRn   : [2026-09-09 22:53:50.979] [WiVRn] [info] nxwarp[0]: 78 frames dropped late (queue kept to 1)
09-09 22:53:50.979 21421  5917 I WiVRn   : [2026-09-09 22:53:50.979] [WiVRn] [info] nxwarp[0] stage: gap 2.8 | wait-prev 0.0 | submit 1.0 (qlock 0.0 + codec 1.0) | get_free 0.0 | fence-pre 0.0 | record 0.0 | qsubmit 0.0 | fence-post 8.6 | publish 0.0 ms; withheld 0, stride 1, arrival 11.8 ms
09-09 22:53:50.979 21421  5917 I WiVRn   : [2026-09-09 22:53:50.979] [WiVRn] [info] nxwarp[0] reassembly (network thread): 0.08 ms/frame over 161 frames, buffer 134 kB held for 134 kB of unit (1.0x)
09-09 22:53:50.979 21421  5917 I WiVRn   : [2026-09-09 22:53:50.979] [WiVRn] [info] nxwarp[0] fence-post 8.6 ms = nxvc gpu 5.3 + copy gpu 0.00 + queue 3.3 (over 162 frames with timestamps)
09-09 22:53:51.015 21421  5862 I WiVRn   : [2026-09-09 22:53:51.015] [WiVRn] [info] render: 178 iterations in 2.0 s (88.5/s), 178 submitted a layer, 138 new-source, 0 skipped by the repeat gate, 0 with nothing to show; display period 11.3 ms
09-09 22:53:51.015 21421  5862 I WiVRn   : [2026-09-09 22:53:51.015] [WiVRn] [info] render: ready wait attempts 93 success 53 total 133.418 ms | selected older than available 0
09-09 22:53:51.015 21421  5862 I WiVRn   : [2026-09-09 22:53:51.015] [WiVRn] [info] render: selected source transitions forward 138 backward 0 repeat 40, greatest forward gap 3
09-09 22:53:51.015 21421  5862 I WiVRn   : [2026-09-09 22:53:51.015] [WiVRn] [info] render: this app's own GPU pass 4.9 ms per iteration
09-09 22:53:51.015 21421  5862 I WiVRn   : [2026-09-09 22:53:51.015] [WiVRn] [info] render: defoveate 2160x2160 per eye x2 = 9.33 Mpx/frame at scale 1.00 atlas-prototype 0; 40 re-presented from the cache (reduce_gpu_load on)
09-09 22:53:51.015 21421  5862 I WiVRn   : [2026-09-09 22:53:51.015] [WiVRn] [info] render: shader path sharpness 0.00 fsr false alpha false motion false blend false glow 0.00 vignette 0.00 deband 0.00 lowpoly 0.00 levels 0 full-kernel false
09-09 22:53:51.015 21421  5862 I WiVRn   : [2026-09-09 22:53:51.015] [WiVRn] [info] render: per iteration fence 1.3 (worst 11.4) | queries 0.0 | submit 0.0 | whole render() 2.6 ms
09-09 22:53:51.015 21421  5862 I WiVRn   : [2026-09-09 22:53:51.015] [WiVRn] [info] render: jit on | wake slack 35.0 ms | slept 0.7 ms mean (max 11.7, 178 of 178 iterations) | budget 18.0 = pass 17.0 + margin 1.0 | sleep cap 0.6 ms
09-09 22:53:51.015 21421  5862 I WiVRn   : [2026-09-09 22:53:51.015] [WiVRn] [info] render: source display-time offset 58.2 ms mean (worst 75.6) over 178 frames | submit lead 31.6 ms mean (worst 17.9) | misses: 0 overrun 0 late 1 skipped refresh
09-09 22:53:51.556 21421  5854 I PxrMetric: FPS=88/90,MTP=30.17ms,AppSW=off,FrmEarly=8,FrmLate=4,FrmCpu=1.20ms,FrmGpu=6.55ms,FrmTime=8.35ms,ATWGPU=1.54ms,VsyncDelay=1,GPU=99%/587Mhz,GPUTemp=75.2C,LayerCnt=3,Pkg=org.meumeu.wivrn.nx.warp,FrmId=1050
09-09 22:53:51.679 21421  5923 I WiVRn   : [2026-09-09 22:53:51.679] [WiVRn] [info] Tracking pattern (11111µs):
09-09 22:53:51.679 21421  5923 I WiVRn   : [2026-09-09 22:53:51.679] [WiVRn] [info] 	t+2995µs HEAD (8116µs)
09-09 22:53:51.679 21421  5923 I WiVRn   : [2026-09-09 22:53:51.679] [WiVRn] [info] 	t+3073µs LEFT_GRIP (8038µs)
09-09 22:53:51.679 21421  5923 I WiVRn   : [2026-09-09 22:53:51.679] [WiVRn] [info] 	t+3078µs RIGHT_GRIP (8033µs)
09-09 22:53:51.679 21421  5923 I WiVRn   : [2026-09-09 22:53:51.679] [WiVRn] [info] 	t+5995µs HEAD (5116µs)
09-09 22:53:51.679 21421  5923 I WiVRn   : [2026-09-09 22:53:51.679] [WiVRn] [info] 	t+6073µs LEFT_GRIP (5038µs)
09-09 22:53:51.679 21421  5923 I WiVRn   : [2026-09-09 22:53:51.679] [WiVRn] [info] 	t+6078µs RIGHT_GRIP (5033µs)
09-09 22:53:52.203 21421  5915 I WiVRn   : [2026-09-09 22:53:52.203] [WiVRn] [info] nxwarp[0] net: 164 frames closed in 2.0 s, 0 with a hole, 0 out-of-order datagrams, 0 frames completed late, 0 queued for the worker, 710 decoded so far, 838 stragglers dropped; last hole 0/0 chunks, first missing -1, short false, chunk 1166 B
09-09 22:53:52.203 21421  5915 I WiVRn   : [2026-09-09 22:53:52.203] [WiVRn] [info] nxwarp[0] net: 0.028 ms per datagram over 29467 datagrams (406.47 ms of every second)
09-09 22:53:52.203 21421  5915 I WiVRn   : [2026-09-09 22:53:52.203] [WiVRn] [info] nxwarp[0] sel: stride 1, arrival 12.8 ms, dropped-late 78, withheld 0, decoded 710
09-09 22:53:52.203 21421  5915 I WiVRn   : [2026-09-09 22:53:52.203] [WiVRn] [info] nxwarp[0] rx: 137128 datagrams, placed 1365108 (+365998), late 19721 (+440), stale_frame 0, bad_range 0, bad_dir 0, bad_caps 0, bad_ver 0, auth_fail 0, replay 0, frozen 0, dup 66
09-09 22:53:52.565 21421  5854 I PxrMetric: FPS=89/90,MTP=31.42ms,AppSW=off,FrmEarly=2,FrmLate=0,FrmCpu=1.10ms,FrmGpu=7.56ms,FrmTime=9.32ms,ATWGPU=1.54ms,VsyncDelay=1,GPU=94%/587Mhz,GPUTemp=74.0C,LayerCnt=3,Pkg=org.meumeu.wivrn.nx.warp,FrmId=1141
09-09 22:53:52.679 21421  5923 I WiVRn   : [2026-09-09 22:53:52.679] [WiVRn] [info] Tracking pattern (11110µs):
09-09 22:53:52.679 21421  5923 I WiVRn   : [2026-09-09 22:53:52.679] [WiVRn] [info] 	t+3603µs HEAD (7507µs)
09-09 22:53:52.679 21421  5923 I WiVRn   : [2026-09-09 22:53:52.679] [WiVRn] [info] 	t+3651µs LEFT_GRIP (7459µs)
09-09 22:53:52.679 21421  5923 I WiVRn   : [2026-09-09 22:53:52.679] [WiVRn] [info] 	t+3659µs RIGHT_GRIP (7451µs)
09-09 22:53:52.679 21421  5923 I WiVRn   : [2026-09-09 22:53:52.679] [WiVRn] [info] 	t+6603µs HEAD (4507µs)
09-09 22:53:52.679 21421  5923 I WiVRn   : [2026-09-09 22:53:52.679] [WiVRn] [info] 	t+6651µs LEFT_GRIP (4459µs)
09-09 22:53:52.679 21421  5923 I WiVRn   : [2026-09-09 22:53:52.679] [WiVRn] [info] 	t+6659µs RIGHT_GRIP (4451µs)
09-09 22:53:52.981 21421  5917 I WiVRn   : [2026-09-09 22:53:52.981] [WiVRn] [info] nxwarp[0]: 165 frames in 2.0 s: 135371 B/frame, wait-prev 0.0 ms, wall 9.8 ms, nxvc passA 2.1 passB 2.9 gpu 5.0 ms; holes 0, refused 0
09-09 22:53:52.981 21421  5917 I WiVRn   : [2026-09-09 22:53:52.981] [WiVRn] [info] nxwarp[0] gpu duty 415 ms/s (41% of one GPU) for decode alone; the display pass is extra
09-09 22:53:52.981 21421  5917 I WiVRn   : [2026-09-09 22:53:52.981] [WiVRn] [info] nxwarp[0] passB 2.9 ms = warp 0.0 + skip 0.0 + coded 0.0 + dir 0.0 + other 2.9; tiles skip 0 / coded 2312 / dir 0 (eye pass 0)
09-09 22:53:52.981 21421  5917 I WiVRn   : [2026-09-09 22:53:52.981] [WiVRn] [info] nxwarp[0]: 78 frames dropped late (queue kept to 1)
09-09 22:53:52.981 21421  5917 I WiVRn   : [2026-09-09 22:53:52.981] [WiVRn] [info] nxwarp[0] stage: gap 2.4 | wait-prev 0.0 | submit 1.0 (qlock 0.0 + codec 1.0) | get_free 0.0 | fence-pre 0.0 | record 0.0 | qsubmit 0.0 | fence-post 8.6 | publish 0.1 ms; withheld 0, stride 1, arrival 11.3 ms
09-09 22:53:52.981 21421  5917 I WiVRn   : [2026-09-09 22:53:52.981] [WiVRn] [info] nxwarp[0] reassembly (network thread): 0.08 ms/frame over 166 frames, buffer 132 kB held for 132 kB of unit (1.0x)
09-09 22:53:52.981 21421  5917 I WiVRn   : [2026-09-09 22:53:52.981] [WiVRn] [info] nxwarp[0] fence-post 8.7 ms = nxvc gpu 5.0 + copy gpu 0.00 + queue 3.6 (over 165 frames with timestamps)
09-09 22:53:53.014 21421  5862 I WiVRn   : [2026-09-09 22:53:53.014] [WiVRn] [info] render: 180 iterations in 2.0 s (90.0/s), 180 submitted a layer, 139 new-source, 0 skipped by the repeat gate, 0 with nothing to show; display period 11.1 ms
09-09 22:53:53.014 21421  5862 I WiVRn   : [2026-09-09 22:53:53.014] [WiVRn] [info] render: ready wait attempts 120 success 79 total 164.717 ms | selected older than available 0
09-09 22:53:53.014 21421  5862 I WiVRn   : [2026-09-09 22:53:53.014] [WiVRn] [info] render: selected source transitions forward 139 backward 0 repeat 41, greatest forward gap 2
09-09 22:53:53.014 21421  5862 I WiVRn   : [2026-09-09 22:53:53.014] [WiVRn] [info] render: this app's own GPU pass 4.9 ms per iteration
09-09 22:53:53.014 21421  5862 I WiVRn   : [2026-09-09 22:53:53.014] [WiVRn] [info] render: defoveate 2160x2160 per eye x2 = 9.33 Mpx/frame at scale 1.00 atlas-prototype 0; 41 re-presented from the cache (reduce_gpu_load on)
09-09 22:53:53.014 21421  5862 I WiVRn   : [2026-09-09 22:53:53.014] [WiVRn] [info] render: shader path sharpness 0.00 fsr false alpha false motion false blend false glow 0.00 vignette 0.00 deband 0.00 lowpoly 0.00 levels 0 full-kernel false
09-09 22:53:53.014 21421  5862 I WiVRn   : [2026-09-09 22:53:53.014] [WiVRn] [info] render: per iteration fence 0.1 (worst 2.3) | queries 0.0 | submit 0.0 | whole render() 1.6 ms
09-09 22:53:53.014 21421  5862 I WiVRn   : [2026-09-09 22:53:53.014] [WiVRn] [info] render: jit on | wake slack 33.0 ms | slept 0.6 ms mean (max 0.6, 180 of 180 iterations) | budget 16.2 = pass 15.2 + margin 1.0 | sleep cap 0.6 ms
09-09 22:53:53.014 21421  5862 I WiVRn   : [2026-09-09 22:53:53.014] [WiVRn] [info] render: source display-time offset 56.1 ms mean (worst 64.6) over 180 frames | submit lead 30.8 ms mean (worst 29.2) | misses: 0 overrun 0 late 0 skipped refresh
09-09 22:53:53.569 21421  5854 I PxrMetric: FPS=90/90,MTP=31.82ms,AppSW=off,FrmEarly=3,FrmLate=9,FrmCpu=0.54ms,FrmGpu=10.78ms,FrmTime=19.44ms,ATWGPU=1.54ms,VsyncDelay=2,GPU=96%/587Mhz,GPUTemp=76.0C,LayerCnt=3,Pkg=org.meumeu.wivrn.nx.warp,FrmId=1229
09-09 22:53:53.679 21421  5923 I WiVRn   : [2026-09-09 22:53:53.679] [WiVRn] [info] Tracking pattern (11112µs):
09-09 22:53:53.679 21421  5923 I WiVRn   : [2026-09-09 22:53:53.679] [WiVRn] [info] 	t+3271µs HEAD (7840µs)
09-09 22:53:53.679 21421  5923 I WiVRn   : [2026-09-09 22:53:53.679] [WiVRn] [info] 	t+3310µs LEFT_GRIP (7801µs)
09-09 22:53:53.679 21421  5923 I WiVRn   : [2026-09-09 22:53:53.679] [WiVRn] [info] 	t+3314µs RIGHT_GRIP (7797µs)
09-09 22:53:53.679 21421  5923 I WiVRn   : [2026-09-09 22:53:53.679] [WiVRn] [info] 	t+6271µs HEAD (4840µs)
09-09 22:53:53.679 21421  5923 I WiVRn   : [2026-09-09 22:53:53.679] [WiVRn] [info] 	t+6310µs LEFT_GRIP (4801µs)
09-09 22:53:53.679 21421  5923 I WiVRn   : [2026-09-09 22:53:53.679] [WiVRn] [info] 	t+6314µs RIGHT_GRIP (4797µs)
09-09 22:53:54.216 21421  5915 I WiVRn   : [2026-09-09 22:53:54.216] [WiVRn] [info] nxwarp[0] net: 163 frames closed in 2.0 s, 0 with a hole, 0 out-of-order datagrams, 0 frames completed late, 0 queued for the worker, 873 decoded so far, 1001 stragglers dropped; last hole 0/0 chunks, first missing -1, short false, chunk 1166 B
09-09 22:53:54.216 21421  5915 I WiVRn   : [2026-09-09 22:53:54.216] [WiVRn] [info] nxwarp[0] net: 0.028 ms per datagram over 29158 datagrams (400.23 ms of every second)
09-09 22:53:54.216 21421  5915 I WiVRn   : [2026-09-09 22:53:54.216] [WiVRn] [info] nxwarp[0] sel: stride 1, arrival 15.5 ms, dropped-late 78, withheld 0, decoded 873
09-09 22:53:54.216 21421  5915 I WiVRn   : [2026-09-09 22:53:54.216] [WiVRn] [info] nxwarp[0] rx: 166286 datagrams, placed 1741964 (+376856), late 19721 (+0), stale_frame 0, bad_range 0, bad_dir 0, bad_caps 0, bad_ver 0, auth_fail 0, replay 0, frozen 0, dup 66
09-09 22:53:54.574 21421  5854 I PxrMetric: FPS=88/90,MTP=33.14ms,AppSW=off,FrmEarly=13,FrmLate=7,FrmCpu=0.90ms,FrmGpu=7.52ms,FrmTime=9.43ms,ATWGPU=1.54ms,VsyncDelay=1,GPU=99%/587Mhz,GPUTemp=74.8C,LayerCnt=3,Pkg=org.meumeu.wivrn.nx.warp,FrmId=1320
09-09 22:53:54.679 21421  5923 I WiVRn   : [2026-09-09 22:53:54.679] [WiVRn] [info] Tracking pattern (11110µs):
09-09 22:53:54.679 21421  5923 I WiVRn   : [2026-09-09 22:53:54.679] [WiVRn] [info] 	t+2967µs HEAD (8143µs)
09-09 22:53:54.679 21421  5923 I WiVRn   : [2026-09-09 22:53:54.679] [WiVRn] [info] 	t+3034µs LEFT_GRIP (8076µs)
09-09 22:53:54.679 21421  5923 I WiVRn   : [2026-09-09 22:53:54.679] [WiVRn] [info] 	t+3046µs RIGHT_GRIP (8063µs)
09-09 22:53:54.679 21421  5923 I WiVRn   : [2026-09-09 22:53:54.679] [WiVRn] [info] 	t+5967µs HEAD (5143µs)
09-09 22:53:54.679 21421  5923 I WiVRn   : [2026-09-09 22:53:54.679] [WiVRn] [info] 	t+6034µs LEFT_GRIP (5076µs)
09-09 22:53:54.679 21421  5923 I WiVRn   : [2026-09-09 22:53:54.679] [WiVRn] [info] 	t+6046µs RIGHT_GRIP (5063µs)
09-09 22:53:54.989 21421  5917 I WiVRn   : [2026-09-09 22:53:54.989] [WiVRn] [info] nxwarp[0]: 163 frames in 2.0 s: 135685 B/frame, wait-prev 0.0 ms, wall 9.8 ms, nxvc passA 2.2 passB 2.9 gpu 5.1 ms; holes 0, refused 0
09-09 22:53:54.989 21421  5917 I WiVRn   : [2026-09-09 22:53:54.989] [WiVRn] [info] nxwarp[0] gpu duty 416 ms/s (42% of one GPU) for decode alone; the display pass is extra
09-09 22:53:54.989 21421  5917 I WiVRn   : [2026-09-09 22:53:54.989] [WiVRn] [info] nxwarp[0] passB 2.9 ms = warp 0.0 + skip 0.0 + coded 0.0 + dir 0.0 + other 2.9; tiles skip 0 / coded 2312 / dir 0 (eye pass 0)
09-09 22:53:54.989 21421  5917 I WiVRn   : [2026-09-09 22:53:54.989] [WiVRn] [info] nxwarp[0]: 78 frames dropped late (queue kept to 1)
09-09 22:53:54.989 21421  5917 I WiVRn   : [2026-09-09 22:53:54.989] [WiVRn] [info] nxwarp[0] stage: gap 2.5 | wait-prev 0.0 | submit 1.0 (qlock 0.0 + codec 1.0) | get_free 0.0 | fence-pre 0.0 | record 0.0 | qsubmit 0.0 | fence-post 8.7 | publish 0.0 ms; withheld 0, stride 1, arrival 15.9 ms
09-09 22:53:54.989 21421  5917 I WiVRn   : [2026-09-09 22:53:54.989] [WiVRn] [info] nxwarp[0] reassembly (network thread): 0.09 ms/frame over 162 frames, buffer 133 kB held for 133 kB of unit (1.0x)
09-09 22:53:54.989 21421  5917 I WiVRn   : [2026-09-09 22:53:54.989] [WiVRn] [info] nxwarp[0] fence-post 8.7 ms = nxvc gpu 5.1 + copy gpu 0.00 + queue 3.6 (over 163 frames with timestamps)
09-09 22:53:55.016 21421  5862 I WiVRn   : [2026-09-09 22:53:55.016] [WiVRn] [info] render: 178 iterations in 2.0 s (89.0/s), 178 submitted a layer, 148 new-source, 0 skipped by the repeat gate, 0 with nothing to show; display period 11.2 ms
09-09 22:53:55.016 21421  5862 I WiVRn   : [2026-09-09 22:53:55.016] [WiVRn] [info] render: ready wait attempts 80 success 50 total 116.723 ms | selected older than available 0
09-09 22:53:55.017 21421  5862 I WiVRn   : [2026-09-09 22:53:55.017] [WiVRn] [info] render: selected source transitions forward 148 backward 0 repeat 30, greatest forward gap 2
09-09 22:53:55.017 21421  5862 I WiVRn   : [2026-09-09 22:53:55.017] [WiVRn] [info] render: this app's own GPU pass 5.2 ms per iteration
09-09 22:53:55.017 21421  5862 I WiVRn   : [2026-09-09 22:53:55.017] [WiVRn] [info] render: defoveate 2160x2160 per eye x2 = 9.33 Mpx/frame at scale 1.00 atlas-prototype 0; 30 re-presented from the cache (reduce_gpu_load on)
09-09 22:53:55.017 21421  5862 I WiVRn   : [2026-09-09 22:53:55.017] [WiVRn] [info] render: shader path sharpness 0.00 fsr false alpha false motion false blend false glow 0.00 vignette 0.00 deband 0.00 lowpoly 0.00 levels 0 full-kernel false
09-09 22:53:55.017 21421  5862 I WiVRn   : [2026-09-09 22:53:55.017] [WiVRn] [info] render: per iteration fence 1.5 (worst 11.3) | queries 0.0 | submit 0.0 | whole render() 2.8 ms
09-09 22:53:55.017 21421  5862 I WiVRn   : [2026-09-09 22:53:55.017] [WiVRn] [info] render: jit on | wake slack 34.9 ms | slept 0.8 ms mean (max 11.7, 178 of 178 iterations) | budget 14.4 = pass 13.4 + margin 1.0 | sleep cap 0.6 ms
09-09 22:53:55.017 21421  5862 I WiVRn   : [2026-09-09 22:53:55.017] [WiVRn] [info] render: source display-time offset 58.4 ms mean (worst 75.7) over 178 frames | submit lead 31.4 ms mean (worst 18.9) | misses: 0 overrun 0 late 1 skipped refresh
09-09 22:53:55.575 21421  5854 I PxrMetric: FPS=90/90,MTP=32.41ms,AppSW=off,FrmEarly=0,FrmLate=0,FrmCpu=1.00ms,FrmGpu=7.06ms,FrmTime=8.72ms,ATWGPU=1.54ms,VsyncDelay=1,GPU=98%/587Mhz,GPUTemp=74.8C,LayerCnt=3,Pkg=org.meumeu.wivrn.nx.warp,FrmId=1410
09-09 22:53:55.668 21421  5923 I WiVRn   : [2026-09-09 22:53:55.668] [WiVRn] [info] Tracking pattern (11109µs):
09-09 22:53:55.668 21421  5923 I WiVRn   : [2026-09-09 22:53:55.668] [WiVRn] [info] 	t+2463µs HEAD (8645µs)
09-09 22:53:55.668 21421  5923 I WiVRn   : [2026-09-09 22:53:55.668] [WiVRn] [info] 	t+2533µs LEFT_GRIP (8576µs)
09-09 22:53:55.668 21421  5923 I WiVRn   : [2026-09-09 22:53:55.668] [WiVRn] [info] 	t+2629µs RIGHT_GRIP (8479µs)
09-09 22:53:55.668 21421  5923 I WiVRn   : [2026-09-09 22:53:55.668] [WiVRn] [info] 	t+5463µs HEAD (5645µs)
09-09 22:53:55.668 21421  5923 I WiVRn   : [2026-09-09 22:53:55.668] [WiVRn] [info] 	t+5533µs LEFT_GRIP (5576µs)
09-09 22:53:55.668 21421  5923 I WiVRn   : [2026-09-09 22:53:55.668] [WiVRn] [info] 	t+5629µs RIGHT_GRIP (5479µs)
09-09 22:53:56.235 21421  5915 I WiVRn   : [2026-09-09 22:53:56.235] [WiVRn] [info] nxwarp[0] net: 167 frames closed in 2.0 s, 0 with a hole, 0 out-of-order datagrams, 0 frames completed late, 0 queued for the worker, 1040 decoded so far, 1168 stragglers dropped; last hole 0/0 chunks, first missing -1, short false, chunk 1166 B
09-09 22:53:56.236 21421  5915 I WiVRn   : [2026-09-09 22:53:56.236] [WiVRn] [info] nxwarp[0] net: 0.028 ms per datagram over 30043 datagrams (412.52 ms of every second)
09-09 22:53:56.236 21421  5915 I WiVRn   : [2026-09-09 22:53:56.236] [WiVRn] [info] nxwarp[0] sel: stride 1, arrival 11.7 ms, dropped-late 78, withheld 0, decoded 1040
09-09 22:53:56.236 21421  5915 I WiVRn   : [2026-09-09 22:53:56.236] [WiVRn] [info] nxwarp[0] rx: 196329 datagrams, placed 2128068 (+386104), late 19721 (+0), stale_frame 0, bad_range 0, bad_dir 0, bad_caps 0, bad_ver 0, auth_fail 0, replay 0, frozen 0, dup 66
09-09 22:53:56.578 21421  5854 I PxrMetric: FPS=90/90,MTP=29.66ms,AppSW=off,FrmEarly=7,FrmLate=3,FrmCpu=1.55ms,FrmGpu=6.62ms,FrmTime=8.86ms,ATWGPU=1.55ms,VsyncDelay=1,GPU=94%/587Mhz,GPUTemp=74.8C,LayerCnt=3,Pkg=org.meumeu.wivrn.nx.warp,FrmId=1499
09-09 22:53:56.679 21421  5923 I WiVRn   : [2026-09-09 22:53:56.679] [WiVRn] [info] Tracking pattern (11107µs):
09-09 22:53:56.679 21421  5923 I WiVRn   : [2026-09-09 22:53:56.679] [WiVRn] [info] 	t+2947µs HEAD (8160µs)
09-09 22:53:56.679 21421  5923 I WiVRn   : [2026-09-09 22:53:56.679] [WiVRn] [info] 	t+3010µs LEFT_GRIP (8097µs)
09-09 22:53:56.679 21421  5923 I WiVRn   : [2026-09-09 22:53:56.679] [WiVRn] [info] 	t+3016µs RIGHT_GRIP (8091µs)
09-09 22:53:56.679 21421  5923 I WiVRn   : [2026-09-09 22:53:56.679] [WiVRn] [info] 	t+5947µs HEAD (5160µs)
09-09 22:53:56.679 21421  5923 I WiVRn   : [2026-09-09 22:53:56.679] [WiVRn] [info] 	t+6010µs LEFT_GRIP (5097µs)
09-09 22:53:56.679 21421  5923 I WiVRn   : [2026-09-09 22:53:56.679] [WiVRn] [info] 	t+6016µs RIGHT_GRIP (5091µs)
09-09 22:53:56.992 21421  5917 I WiVRn   : [2026-09-09 22:53:56.992] [WiVRn] [info] nxwarp[0]: 165 frames in 2.0 s: 131687 B/frame, wait-prev 0.0 ms, wall 9.5 ms, nxvc passA 2.1 passB 2.8 gpu 4.9 ms; holes 0, refused 0
09-09 22:53:56.992 21421  5917 I WiVRn   : [2026-09-09 22:53:56.992] [WiVRn] [info] nxwarp[0] gpu duty 406 ms/s (41% of one GPU) for decode alone; the display pass is extra
09-09 22:53:56.992 21421  5917 I WiVRn   : [2026-09-09 22:53:56.992] [WiVRn] [info] nxwarp[0] passB 2.8 ms = warp 0.0 + skip 0.0 + coded 0.0 + dir 0.0 + other 2.8; tiles skip 0 / coded 2312 / dir 0 (eye pass 0)
09-09 22:53:56.992 21421  5917 I WiVRn   : [2026-09-09 22:53:56.992] [WiVRn] [info] nxwarp[0]: 78 frames dropped late (queue kept to 1)
09-09 22:53:56.992 21421  5917 I WiVRn   : [2026-09-09 22:53:56.992] [WiVRn] [info] nxwarp[0] stage: gap 2.6 | wait-prev 0.0 | submit 1.0 (qlock 0.0 + codec 1.0) | get_free 0.0 | fence-pre 0.0 | record 0.0 | qsubmit 0.0 | fence-post 8.5 | publish 0.0 ms; withheld 0, stride 1, arrival 11.6 ms
09-09 22:53:56.992 21421  5917 I WiVRn   : [2026-09-09 22:53:56.992] [WiVRn] [info] nxwarp[0] reassembly (network thread): 0.09 ms/frame over 166 frames, buffer 129 kB held for 129 kB of unit (1.0x)
09-09 22:53:56.992 21421  5917 I WiVRn   : [2026-09-09 22:53:56.992] [WiVRn] [info] nxwarp[0] fence-post 8.5 ms = nxvc gpu 4.9 + copy gpu 0.00 + queue 3.5 (over 165 frames with timestamps)
09-09 22:53:57.027 21421  5862 I WiVRn   : [2026-09-09 22:53:57.027] [WiVRn] [info] render: 180 iterations in 2.0 s (89.6/s), 180 submitted a layer, 138 new-source, 0 skipped by the repeat gate, 0 with nothing to show; display period 11.2 ms
09-09 22:53:57.027 21421  5862 I WiVRn   : [2026-09-09 22:53:57.027] [WiVRn] [info] render: ready wait attempts 120 success 78 total 177.769 ms | selected older than available 0
09-09 22:53:57.027 21421  5862 I WiVRn   : [2026-09-09 22:53:57.027] [WiVRn] [info] render: selected source transitions forward 138 backward 0 repeat 42, greatest forward gap 2
09-09 22:53:57.027 21421  5862 I WiVRn   : [2026-09-09 22:53:57.027] [WiVRn] [info] render: this app's own GPU pass 4.9 ms per iteration
09-09 22:53:57.027 21421  5862 I WiVRn   : [2026-09-09 22:53:57.027] [WiVRn] [info] render: defoveate 2160x2160 per eye x2 = 9.33 Mpx/frame at scale 1.00 atlas-prototype 0; 42 re-presented from the cache (reduce_gpu_load on)
09-09 22:53:57.027 21421  5862 I WiVRn   : [2026-09-09 22:53:57.027] [WiVRn] [info] render: shader path sharpness 0.00 fsr false alpha false motion false blend false glow 0.00 vignette 0.00 deband 0.00 lowpoly 0.00 levels 0 full-kernel false
09-09 22:53:57.027 21421  5862 I WiVRn   : [2026-09-09 22:53:57.027] [WiVRn] [info] render: per iteration fence 0.1 (worst 5.6) | queries 0.0 | submit 0.0 | whole render() 1.6 ms
09-09 22:53:57.027 21421  5862 I WiVRn   : [2026-09-09 22:53:57.027] [WiVRn] [info] render: jit on | wake slack 32.9 ms | slept 0.7 ms mean (max 11.7, 180 of 180 iterations) | budget 12.6 = pass 11.6 + margin 1.0 | sleep cap 0.6 ms
09-09 22:53:57.027 21421  5862 I WiVRn   : [2026-09-09 22:53:57.027] [WiVRn] [info] render: source display-time offset 55.9 ms mean (worst 64.7) over 180 frames | submit lead 30.5 ms mean (worst 18.7) | misses: 0 overrun 0 late 1 skipped refresh
09-09 22:53:57.588 21421  5854 I PxrMetric: FPS=89/90,MTP=30.94ms,AppSW=off,FrmEarly=2,FrmLate=0,FrmCpu=1.08ms,FrmGpu=6.36ms,FrmTime=8.04ms,ATWGPU=1.55ms,VsyncDelay=1,GPU=91%/587Mhz,GPUTemp=76.0C,LayerCnt=3,Pkg=org.meumeu.wivrn.nx.warp,FrmId=1590
09-09 22:53:57.679 21421  5923 I WiVRn   : [2026-09-09 22:53:57.679] [WiVRn] [info] Tracking pattern (11110µs):
09-09 22:53:57.679 21421  5923 I WiVRn   : [2026-09-09 22:53:57.679] [WiVRn] [info] 	t+2356µs HEAD (8753µs)
09-09 22:53:57.679 21421  5923 I WiVRn   : [2026-09-09 22:53:57.679] [WiVRn] [info] 	t+2403µs LEFT_GRIP (8706µs)
09-09 22:53:57.679 21421  5923 I WiVRn   : [2026-09-09 22:53:57.679] [WiVRn] [info] 	t+2411µs RIGHT_GRIP (8698µs)
09-09 22:53:57.679 21421  5923 I WiVRn   : [2026-09-09 22:53:57.679] [WiVRn] [info] 	t+5356µs HEAD (5753µs)
09-09 22:53:57.679 21421  5923 I WiVRn   : [2026-09-09 22:53:57.679] [WiVRn] [info] 	t+5403µs LEFT_GRIP (5706µs)
09-09 22:53:57.679 21421  5923 I WiVRn   : [2026-09-09 22:53:57.679] [WiVRn] [info] 	t+5411µs RIGHT_GRIP (5698µs)
09-09 22:53:58.245 21421  5915 I WiVRn   : [2026-09-09 22:53:58.245] [WiVRn] [info] nxwarp[0] net: 165 frames closed in 2.0 s, 0 with a hole, 0 out-of-order datagrams, 0 frames completed late, 0 queued for the worker, 1204 decoded so far, 1333 stragglers dropped; last hole 0/0 chunks, first missing -1, short false, chunk 1166 B
09-09 22:53:58.245 21421  5915 I WiVRn   : [2026-09-09 22:53:58.245] [WiVRn] [info] nxwarp[0] net: 0.028 ms per datagram over 27498 datagrams (389.37 ms of every second)
09-09 22:53:58.245 21421  5915 I WiVRn   : [2026-09-09 22:53:58.245] [WiVRn] [info] nxwarp[0] sel: stride 1, arrival 11.2 ms, dropped-late 78, withheld 0, decoded 1204
09-09 22:53:58.245 21421  5915 I WiVRn   : [2026-09-09 22:53:58.245] [WiVRn] [info] nxwarp[0] rx: 223827 datagrams, placed 2509548 (+381480), late 19721 (+0), stale_frame 0, bad_range 0, bad_dir 0, bad_caps 0, bad_ver 0, auth_fail 0, replay 0, frozen 0, dup 66
09-09 22:53:58.599 21421  5854 I PxrMetric: FPS=90/90,MTP=30.33ms,AppSW=off,FrmEarly=7,FrmLate=0,FrmCpu=1.25ms,FrmGpu=7.14ms,FrmTime=9.00ms,ATWGPU=1.55ms,VsyncDelay=1,GPU=95%/587Mhz,GPUTemp=73.6C,LayerCnt=3,Pkg=org.meumeu.wivrn.nx.warp,FrmId=1681
09-09 22:53:58.679 21421  5923 I WiVRn   : [2026-09-09 22:53:58.679] [WiVRn] [info] Tracking pattern (11110µs):
09-09 22:53:58.679 21421  5923 I WiVRn   : [2026-09-09 22:53:58.679] [WiVRn] [info] 	t+2821µs HEAD (8288µs)
09-09 22:53:58.679 21421  5923 I WiVRn   : [2026-09-09 22:53:58.679] [WiVRn] [info] 	t+2879µs LEFT_GRIP (8230µs)
09-09 22:53:58.679 21421  5923 I WiVRn   : [2026-09-09 22:53:58.679] [WiVRn] [info] 	t+2884µs RIGHT_GRIP (8225µs)
09-09 22:53:58.679 21421  5923 I WiVRn   : [2026-09-09 22:53:58.679] [WiVRn] [info] 	t+5821µs HEAD (5288µs)
09-09 22:53:58.679 21421  5923 I WiVRn   : [2026-09-09 22:53:58.679] [WiVRn] [info] 	t+5879µs LEFT_GRIP (5230µs)
09-09 22:53:58.679 21421  5923 I WiVRn   : [2026-09-09 22:53:58.679] [WiVRn] [info] 	t+5884µs RIGHT_GRIP (5225µs)
09-09 22:53:58.992 21421  5917 I WiVRn   : [2026-09-09 22:53:58.992] [WiVRn] [info] nxwarp[0]: 168 frames in 2.0 s: 127928 B/frame, wait-prev 0.0 ms, wall 9.5 ms, nxvc passA 2.0 passB 2.8 gpu 4.8 ms; holes 0, refused 0
09-09 22:53:58.992 21421  5917 I WiVRn   : [2026-09-09 22:53:58.992] [WiVRn] [info] nxwarp[0] gpu duty 401 ms/s (40% of one GPU) for decode alone; the display pass is extra
09-09 22:53:58.992 21421  5917 I WiVRn   : [2026-09-09 22:53:58.992] [WiVRn] [info] nxwarp[0] passB 2.8 ms = warp 0.0 + skip 0.0 + coded 0.0 + dir 0.0 + other 2.8; tiles skip 0 / coded 2312 / dir 0 (eye pass 0)
09-09 22:53:58.992 21421  5917 I WiVRn   : [2026-09-09 22:53:58.992] [WiVRn] [info] nxwarp[0]: 78 frames dropped late (queue kept to 1)
09-09 22:53:58.992 21421  5917 I WiVRn   : [2026-09-09 22:53:58.992] [WiVRn] [info] nxwarp[0] stage: gap 2.4 | wait-prev 0.0 | submit 1.0 (qlock 0.0 + codec 1.0) | get_free 0.0 | fence-pre 0.0 | record 0.0 | qsubmit 0.0 | fence-post 8.4 | publish 0.0 ms; withheld 0, stride 1, arrival 10.9 ms
09-09 22:53:58.992 21421  5917 I WiVRn   : [2026-09-09 22:53:58.992] [WiVRn] [info] nxwarp[0] reassembly (network thread): 0.08 ms/frame over 168 frames, buffer 125 kB held for 125 kB of unit (1.0x)
09-09 22:53:58.992 21421  5917 I WiVRn   : [2026-09-09 22:53:58.992] [WiVRn] [info] nxwarp[0] fence-post 8.5 ms = nxvc gpu 4.8 + copy gpu 0.00 + queue 3.7 (over 168 frames with timestamps)
09-09 22:53:59.027 21421  5862 I WiVRn   : [2026-09-09 22:53:59.027] [WiVRn] [info] render: 180 iterations in 2.0 s (90.0/s), 180 submitted a layer, 146 new-source, 0 skipped by the repeat gate, 0 with nothing to show; display period 11.1 ms
09-09 22:53:59.027 21421  5862 I WiVRn   : [2026-09-09 22:53:59.027] [WiVRn] [info] render: ready wait attempts 109 success 75 total 143.439 ms | selected older than available 0
09-09 22:53:59.027 21421  5862 I WiVRn   : [2026-09-09 22:53:59.027] [WiVRn] [info] render: selected source transitions forward 146 backward 0 repeat 34, greatest forward gap 2
09-09 22:53:59.027 21421  5862 I WiVRn   : [2026-09-09 22:53:59.027] [WiVRn] [info] render: this app's own GPU pass 5.2 ms per iteration
09-09 22:53:59.027 21421  5862 I WiVRn   : [2026-09-09 22:53:59.027] [WiVRn] [info] render: defoveate 2160x2160 per eye x2 = 9.33 Mpx/frame at scale 1.00 atlas-prototype 0; 34 re-presented from the cache (reduce_gpu_load on)
09-09 22:53:59.027 21421  5862 I WiVRn   : [2026-09-09 22:53:59.027] [WiVRn] [info] render: shader path sharpness 0.00 fsr false alpha false motion false blend false glow 0.00 vignette 0.00 deband 0.00 lowpoly 0.00 levels 0 full-kernel false
09-09 22:53:59.027 21421  5862 I WiVRn   : [2026-09-09 22:53:59.027] [WiVRn] [info] render: per iteration fence 0.2 (worst 4.5) | queries 0.0 | submit 0.0 | whole render() 1.6 ms
09-09 22:53:59.027 21421  5862 I WiVRn   : [2026-09-09 22:53:59.027] [WiVRn] [info] render: jit on | wake slack 32.9 ms | slept 0.6 ms mean (max 0.6, 180 of 180 iterations) | budget 10.8 = pass 9.8 + margin 1.0 | sleep cap 0.6 ms
09-09 22:53:59.027 21421  5862 I WiVRn   : [2026-09-09 22:53:59.027] [WiVRn] [info] render: source display-time offset 55.4 ms mean (worst 64.5) over 180 frames | submit lead 30.8 ms mean (worst 28.9) | misses: 0 overrun 0 late 0 skipped refresh
09-09 22:53:59.609 21421  5854 I PxrMetric: FPS=90/90,MTP=25.22ms,AppSW=off,FrmEarly=4,FrmLate=12,FrmCpu=0.69ms,FrmGpu=9.98ms,FrmTime=16.58ms,ATWGPU=1.55ms,VsyncDelay=2,GPU=64%/587Mhz,GPUTemp=73.3C,LayerCnt=3,Pkg=org.meumeu.wivrn.nx.warp,FrmId=1770
09-09 22:53:59.679 21421  5923 I WiVRn   : [2026-09-09 22:53:59.679] [WiVRn] [info] Tracking pattern (11106µs):
09-09 22:53:59.679 21421  5923 I WiVRn   : [2026-09-09 22:53:59.679] [WiVRn] [info] 	t+2400µs HEAD (8706µs)
09-09 22:53:59.679 21421  5923 I WiVRn   : [2026-09-09 22:53:59.679] [WiVRn] [info] 	t+2505µs LEFT_GRIP (8601µs)
09-09 22:53:59.679 21421  5923 I WiVRn   : [2026-09-09 22:53:59.679] [WiVRn] [info] 	t+2515µs RIGHT_GRIP (8591µs)
09-09 22:53:59.679 21421  5923 I WiVRn   : [2026-09-09 22:53:59.679] [WiVRn] [info] 	t+5400µs HEAD (5706µs)
09-09 22:53:59.679 21421  5923 I WiVRn   : [2026-09-09 22:53:59.679] [WiVRn] [info] 	t+5505µs LEFT_GRIP (5601µs)
09-09 22:53:59.679 21421  5923 I WiVRn   : [2026-09-09 22:53:59.679] [WiVRn] [info] 	t+5515µs RIGHT_GRIP (5591µs)
09-09 22:54:00.245 21421  5915 I WiVRn   : [2026-09-09 22:54:00.245] [WiVRn] [info] nxwarp[0] net: 171 frames closed in 2.0 s, 0 with a hole, 0 out-of-order datagrams, 0 frames completed late, 0 queued for the worker, 1375 decoded so far, 1504 stragglers dropped; last hole 0/0 chunks, first missing -1, short false, chunk 1166 B
09-09 22:54:00.245 21421  5915 I WiVRn   : [2026-09-09 22:54:00.245] [WiVRn] [info] nxwarp[0] net: 0.028 ms per datagram over 29622 datagrams (410.30 ms of every second)
09-09 22:54:00.245 21421  5915 I WiVRn   : [2026-09-09 22:54:00.245] [WiVRn] [info] nxwarp[0] sel: stride 1, arrival 10.8 ms, dropped-late 78, withheld 0, decoded 1375
09-09 22:54:00.245 21421  5915 I WiVRn   : [2026-09-09 22:54:00.245] [WiVRn] [info] nxwarp[0] rx: 253449 datagrams, placed 2887339 (+377791), late 20299 (+578), stale_frame 0, bad_range 0, bad_dir 0, bad_caps 0, bad_ver 0, auth_fail 0, replay 0, frozen 0, dup 67
09-09 22:54:00.626 21421  5854 I PxrMetric: FPS=88/90,MTP=30.72ms,AppSW=off,FrmEarly=10,FrmLate=2,FrmCpu=1.04ms,FrmGpu=6.89ms,FrmTime=8.57ms,ATWGPU=1.55ms,VsyncDelay=1,GPU=99%/587Mhz,GPUTemp=74.4C,LayerCnt=3,Pkg=org.meumeu.wivrn.nx.warp,FrmId=1861
09-09 22:54:00.679 21421  5923 I WiVRn   : [2026-09-09 22:54:00.679] [WiVRn] [info] Tracking pattern (11111µs):
09-09 22:54:00.679 21421  5923 I WiVRn   : [2026-09-09 22:54:00.679] [WiVRn] [info] 	t+2351µs HEAD (8759µs)
09-09 22:54:00.679 21421  5923 I WiVRn   : [2026-09-09 22:54:00.679] [WiVRn] [info] 	t+2392µs LEFT_GRIP (8718µs)
09-09 22:54:00.679 21421  5923 I WiVRn   : [2026-09-09 22:54:00.679] [WiVRn] [info] 	t+2397µs RIGHT_GRIP (8713µs)
09-09 22:54:00.679 21421  5923 I WiVRn   : [2026-09-09 22:54:00.679] [WiVRn] [info] 	t+5351µs HEAD (5759µs)
09-09 22:54:00.679 21421  5923 I WiVRn   : [2026-09-09 22:54:00.679] [WiVRn] [info] 	t+5392µs LEFT_GRIP (5718µs)
09-09 22:54:00.679 21421  5923 I WiVRn   : [2026-09-09 22:54:00.679] [WiVRn] [info] 	t+5397µs RIGHT_GRIP (5713µs)
09-09 22:54:01.008 21421  5917 I WiVRn   : [2026-09-09 22:54:01.008] [WiVRn] [info] nxwarp[0]: 168 frames in 2.0 s: 134688 B/frame, wait-prev 0.0 ms, wall 9.7 ms, nxvc passA 2.1 passB 2.9 gpu 5.0 ms; holes 0, refused 0
09-09 22:54:01.008 21421  5917 I WiVRn   : [2026-09-09 22:54:01.008] [WiVRn] [info] nxwarp[0] gpu duty 417 ms/s (42% of one GPU) for decode alone; the display pass is extra
09-09 22:54:01.008 21421  5917 I WiVRn   : [2026-09-09 22:54:01.008] [WiVRn] [info] nxwarp[0] passB 2.9 ms = warp 0.0 + skip 0.0 + coded 0.0 + dir 0.0 + other 2.9; tiles skip 0 / coded 2312 / dir 0 (eye pass 0)
09-09 22:54:01.008 21421  5917 I WiVRn   : [2026-09-09 22:54:01.008] [WiVRn] [info] nxwarp[0]: 78 frames dropped late (queue kept to 1)
09-09 22:54:01.008 21421  5917 I WiVRn   : [2026-09-09 22:54:01.008] [WiVRn] [info] nxwarp[0] stage: gap 2.3 | wait-prev 0.0 | submit 1.0 (qlock 0.0 + codec 1.0) | get_free 0.0 | fence-pre 0.0 | record 0.0 | qsubmit 0.0 | fence-post 8.6 | publish 0.0 ms; withheld 0, stride 1, arrival 15.2 ms
09-09 22:54:01.008 21421  5917 I WiVRn   : [2026-09-09 22:54:01.008] [WiVRn] [info] nxwarp[0] reassembly (network thread): 0.09 ms/frame over 167 frames, buffer 132 kB held for 132 kB of unit (1.0x)
09-09 22:54:01.008 21421  5917 I WiVRn   : [2026-09-09 22:54:01.008] [WiVRn] [info] nxwarp[0] fence-post 8.6 ms = nxvc gpu 5.0 + copy gpu 0.00 + queue 3.6 (over 168 frames with timestamps)
09-09 22:54:01.035 21421  5862 I WiVRn   : [2026-09-09 22:54:01.035] [WiVRn] [info] render: 178 iterations in 2.0 s (88.7/s), 178 submitted a layer, 148 new-source, 0 skipped by the repeat gate, 0 with nothing to show; display period 11.3 ms
09-09 22:54:01.035 21421  5862 I WiVRn   : [2026-09-09 22:54:01.035] [WiVRn] [info] render: ready wait attempts 74 success 44 total 99.399 ms | selected older than available 0
09-09 22:54:01.035 21421  5862 I WiVRn   : [2026-09-09 22:54:01.035] [WiVRn] [info] render: selected source transitions forward 148 backward 0 repeat 30, greatest forward gap 2
09-09 22:54:01.035 21421  5862 I WiVRn   : [2026-09-09 22:54:01.035] [WiVRn] [info] render: this app's own GPU pass 5.3 ms per iteration
09-09 22:54:01.035 21421  5862 I WiVRn   : [2026-09-09 22:54:01.035] [WiVRn] [info] render: defoveate 2160x2160 per eye x2 = 9.33 Mpx/frame at scale 1.00 atlas-prototype 0; 30 re-presented from the cache (reduce_gpu_load on)
09-09 22:54:01.035 21421  5862 I WiVRn   : [2026-09-09 22:54:01.035] [WiVRn] [info] render: shader path sharpness 0.00 fsr false alpha false motion false blend false glow 0.00 vignette 0.00 deband 0.00 lowpoly 0.00 levels 0 full-kernel false
09-09 22:54:01.035 21421  5862 I WiVRn   : [2026-09-09 22:54:01.035] [WiVRn] [info] render: per iteration fence 2.3 (worst 11.0) | queries 0.0 | submit 0.0 | whole render() 3.5 ms
09-09 22:54:01.035 21421  5862 I WiVRn   : [2026-09-09 22:54:01.035] [WiVRn] [info] render: jit on | wake slack 35.7 ms | slept 0.8 ms mean (max 11.7, 178 of 178 iterations) | budget 12.5 = pass 11.5 + margin 1.0 | sleep cap 0.6 ms
09-09 22:54:01.035 21421  5862 I WiVRn   : [2026-09-09 22:54:01.035] [WiVRn] [info] render: source display-time offset 57.7 ms mean (worst 75.3) over 178 frames | submit lead 31.5 ms mean (worst 18.4) | misses: 0 overrun 0 late 1 skipped refresh
09-09 22:54:01.632 21421  5854 I PxrMetric: FPS=89/90,MTP=31.92ms,AppSW=off,FrmEarly=9,FrmLate=11,FrmCpu=0.77ms,FrmGpu=7.26ms,FrmTime=8.81ms,ATWGPU=1.56ms,VsyncDelay=1,GPU=89%/587Mhz,GPUTemp=83.0C,LayerCnt=3,Pkg=org.meumeu.wivrn.nx.warp,FrmId=1951
09-09 22:54:01.679 21421  5923 I WiVRn   : [2026-09-09 22:54:01.679] [WiVRn] [info] Tracking pattern (11114µs):
09-09 22:54:01.679 21421  5923 I WiVRn   : [2026-09-09 22:54:01.679] [WiVRn] [info] 	t+1601µs HEAD (9512µs)
09-09 22:54:01.679 21421  5923 I WiVRn   : [2026-09-09 22:54:01.679] [WiVRn] [info] 	t+1644µs LEFT_GRIP (9469µs)
09-09 22:54:01.679 21421  5923 I WiVRn   : [2026-09-09 22:54:01.679] [WiVRn] [info] 	t+1650µs RIGHT_GRIP (9463µs)
09-09 22:54:01.679 21421  5923 I WiVRn   : [2026-09-09 22:54:01.679] [WiVRn] [info] 	t+4601µs HEAD (6512µs)
09-09 22:54:01.679 21421  5923 I WiVRn   : [2026-09-09 22:54:01.679] [WiVRn] [info] 	t+4644µs LEFT_GRIP (6469µs)
09-09 22:54:01.679 21421  5923 I WiVRn   : [2026-09-09 22:54:01.679] [WiVRn] [info] 	t+4650µs RIGHT_GRIP (6463µs)
09-09 22:54:02.247 21421  5915 I WiVRn   : [2026-09-09 22:54:02.247] [WiVRn] [info] nxwarp[0] net: 163 frames closed in 2.0 s, 0 with a hole, 0 out-of-order datagrams, 0 frames completed late, 0 queued for the worker, 1538 decoded so far, 1667 stragglers dropped; last hole 0/0 chunks, first missing -1, short false, chunk 1166 B
09-09 22:54:02.247 21421  5915 I WiVRn   : [2026-09-09 22:54:02.247] [WiVRn] [info] nxwarp[0] net: 0.028 ms per datagram over 29876 datagrams (413.49 ms of every second)
09-09 22:54:02.247 21421  5915 I WiVRn   : [2026-09-09 22:54:02.247] [WiVRn] [info] nxwarp[0] sel: stride 1, arrival 11.7 ms, dropped-late 78, withheld 0, decoded 1538
09-09 22:54:02.247 21421  5915 I WiVRn   : [2026-09-09 22:54:02.247] [WiVRn] [info] nxwarp[0] rx: 283325 datagrams, placed 3237958 (+350619), late 22976 (+2677), stale_frame 0, bad_range 0, bad_dir 0, bad_caps 0, bad_ver 0, auth_fail 0, replay 0, frozen 0, dup 68
09-09 22:54:02.642 21421  5854 I PxrMetric: FPS=89/90,MTP=32.71ms,AppSW=off,FrmEarly=10,FrmLate=11,FrmCpu=1.20ms,FrmGpu=6.61ms,FrmTime=9.47ms,ATWGPU=1.56ms,VsyncDelay=1,GPU=68%/587Mhz,GPUTemp=74.0C,LayerCnt=3,Pkg=org.meumeu.wivrn.nx.warp,FrmId=2040
09-09 22:54:02.679 21421  5923 I WiVRn   : [2026-09-09 22:54:02.679] [WiVRn] [info] Tracking pattern (11110µs):
09-09 22:54:02.679 21421  5923 I WiVRn   : [2026-09-09 22:54:02.679] [WiVRn] [info] 	t+2070µs HEAD (9040µs)
09-09 22:54:02.679 21421  5923 I WiVRn   : [2026-09-09 22:54:02.679] [WiVRn] [info] 	t+2112µs LEFT_GRIP (8998µs)
09-09 22:54:02.679 21421  5923 I WiVRn   : [2026-09-09 22:54:02.679] [WiVRn] [info] 	t+2116µs RIGHT_GRIP (8993µs)
09-09 22:54:02.679 21421  5923 I WiVRn   : [2026-09-09 22:54:02.679] [WiVRn] [info] 	t+5070µs HEAD (6040µs)
09-09 22:54:02.679 21421  5923 I WiVRn   : [2026-09-09 22:54:02.679] [WiVRn] [info] 	t+5112µs LEFT_GRIP (5998µs)
09-09 22:54:02.679 21421  5923 I WiVRn   : [2026-09-09 22:54:02.679] [WiVRn] [info] 	t+5116µs RIGHT_GRIP (5993µs)
09-09 22:54:03.018 21421  5917 I WiVRn   : [2026-09-09 22:54:03.018] [WiVRn] [info] nxwarp[0]: 164 frames in 2.0 s: 144198 B/frame, wait-prev 0.0 ms, wall 9.8 ms, nxvc passA 2.2 passB 3.0 gpu 5.2 ms; holes 0, refused 0
09-09 22:54:03.018 21421  5917 I WiVRn   : [2026-09-09 22:54:03.018] [WiVRn] [info] nxwarp[0] gpu duty 421 ms/s (42% of one GPU) for decode alone; the display pass is extra
09-09 22:54:03.018 21421  5917 I WiVRn   : [2026-09-09 22:54:03.018] [WiVRn] [info] nxwarp[0] passB 3.0 ms = warp 0.0 + skip 0.0 + coded 0.0 + dir 0.0 + other 3.0; tiles skip 0 / coded 2312 / dir 0 (eye pass 0)
09-09 22:54:03.018 21421  5917 I WiVRn   : [2026-09-09 22:54:03.018] [WiVRn] [info] nxwarp[0]: 78 frames dropped late (queue kept to 1)
09-09 22:54:03.018 21421  5917 I WiVRn   : [2026-09-09 22:54:03.018] [WiVRn] [info] nxwarp[0] stage: gap 2.4 | wait-prev 0.0 | submit 1.0 (qlock 0.0 + codec 1.0) | get_free 0.0 | fence-pre 0.0 | record 0.0 | qsubmit 0.0 | fence-post 8.8 | publish 0.0 ms; withheld 0, stride 1, arrival 11.8 ms
09-09 22:54:03.018 21421  5917 I WiVRn   : [2026-09-09 22:54:03.018] [WiVRn] [info] nxwarp[0] reassembly (network thread): 0.08 ms/frame over 165 frames, buffer 141 kB held for 141 kB of unit (1.0x)
09-09 22:54:03.018 21421  5917 I WiVRn   : [2026-09-09 22:54:03.018] [WiVRn] [info] nxwarp[0] fence-post 8.8 ms = nxvc gpu 5.2 + copy gpu 0.00 + queue 3.6 (over 164 frames with timestamps)
09-09 22:54:03.037 21421  5862 I WiVRn   : [2026-09-09 22:54:03.037] [WiVRn] [info] render: 178 iterations in 2.0 s (88.8/s), 178 submitted a layer, 145 new-source, 0 skipped by the repeat gate, 0 with nothing to show; display period 11.2 ms
09-09 22:54:03.037 21421  5862 I WiVRn   : [2026-09-09 22:54:03.037] [WiVRn] [info] render: ready wait attempts 77 success 44 total 115.825 ms | selected older than available 0
09-09 22:54:03.037 21421  5862 I WiVRn   : [2026-09-09 22:54:03.037] [WiVRn] [info] render: selected source transitions forward 145 backward 0 repeat 33, greatest forward gap 2
09-09 22:54:03.037 21421  5862 I WiVRn   : [2026-09-09 22:54:03.037] [WiVRn] [info] render: this app's own GPU pass 5.2 ms per iteration
09-09 22:54:03.037 21421  5862 I WiVRn   : [2026-09-09 22:54:03.037] [WiVRn] [info] render: defoveate 2160x2160 per eye x2 = 9.33 Mpx/frame at scale 1.00 atlas-prototype 0; 33 re-presented from the cache (reduce_gpu_load on)
09-09 22:54:03.037 21421  5862 I WiVRn   : [2026-09-09 22:54:03.037] [WiVRn] [info] render: shader path sharpness 0.00 fsr false alpha false motion false blend false glow 0.00 vignette 0.00 deband 0.00 lowpoly 0.00 levels 0 full-kernel false
09-09 22:54:03.037 21421  5862 I WiVRn   : [2026-09-09 22:54:03.037] [WiVRn] [info] render: per iteration fence 0.9 (worst 11.3) | queries 0.0 | submit 0.0 | whole render() 2.1 ms
09-09 22:54:03.037 21421  5862 I WiVRn   : [2026-09-09 22:54:03.037] [WiVRn] [info] render: jit on | wake slack 34.2 ms | slept 0.8 ms mean (max 11.7, 178 of 178 iterations) | budget 12.3 = pass 11.3 + margin 1.0 | sleep cap 0.6 ms
09-09 22:54:03.037 21421  5862 I WiVRn   : [2026-09-09 22:54:03.037] [WiVRn] [info] render: source display-time offset 58.7 ms mean (worst 75.0) over 178 frames | submit lead 31.4 ms mean (worst 18.6) | misses: 0 overrun 0 late 1 skipped refresh
09-09 22:54:03.650 21421  5854 I PxrMetric: FPS=88/90,MTP=35.71ms,AppSW=off,FrmEarly=12,FrmLate=13,FrmCpu=1.02ms,FrmGpu=7.03ms,FrmTime=11.35ms,ATWGPU=1.55ms,VsyncDelay=2,GPU=80%/587Mhz,GPUTemp=74.4C,LayerCnt=3,Pkg=org.meumeu.wivrn.nx.warp,FrmId=2131
09-09 22:54:03.679 21421  5923 I WiVRn   : [2026-09-09 22:54:03.679] [WiVRn] [info] Tracking pattern (11110µs):
09-09 22:54:03.679 21421  5923 I WiVRn   : [2026-09-09 22:54:03.679] [WiVRn] [info] 	t+2051µs HEAD (9059µs)
09-09 22:54:03.679 21421  5923 I WiVRn   : [2026-09-09 22:54:03.679] [WiVRn] [info] 	t+2108µs LEFT_GRIP (9001µs)
09-09 22:54:03.679 21421  5923 I WiVRn   : [2026-09-09 22:54:03.679] [WiVRn] [info] 	t+2128µs RIGHT_GRIP (8982µs)
09-09 22:54:03.679 21421  5923 I WiVRn   : [2026-09-09 22:54:03.679] [WiVRn] [info] 	t+5051µs HEAD (6059µs)
09-09 22:54:03.679 21421  5923 I WiVRn   : [2026-09-09 22:54:03.679] [WiVRn] [info] 	t+5108µs LEFT_GRIP (6001µs)
09-09 22:54:03.679 21421  5923 I WiVRn   : [2026-09-09 22:54:03.679] [WiVRn] [info] 	t+5128µs RIGHT_GRIP (5982µs)
09-09 22:54:04.248 21421  5915 I WiVRn   : [2026-09-09 22:54:04.248] [WiVRn] [info] nxwarp[0] net: 161 frames closed in 2.0 s, 0 with a hole, 0 out-of-order datagrams, 0 frames completed late, 0 queued for the worker, 1699 decoded so far, 1837 stragglers dropped; last hole 0/0 chunks, first missing -1, short false, chunk 1166 B
09-09 22:54:04.248 21421  5915 I WiVRn   : [2026-09-09 22:54:04.248] [WiVRn] [info] nxwarp[0] net: 0.031 ms per datagram over 26578 datagrams (411.92 ms of every second)
09-09 22:54:04.248 21421  5915 I WiVRn   : [2026-09-09 22:54:04.248] [WiVRn] [info] nxwarp[0] sel: stride 1, arrival 11.6 ms, dropped-late 79, withheld 0, decoded 1699
09-09 22:54:04.248 21421  5915 I WiVRn   : [2026-09-09 22:54:04.248] [WiVRn] [info] nxwarp[0] rx: 309903 datagrams, placed 3324580 (+86622), late 34068 (+11092), stale_frame 0, bad_range 0, bad_dir 0, bad_caps 0, bad_ver 0, auth_fail 0, replay 0, frozen 0, dup 118
09-09 22:54:04.655 21421  5854 I PxrMetric: FPS=90/90,MTP=35.27ms,AppSW=off,FrmEarly=3,FrmLate=11,FrmCpu=0.53ms,FrmGpu=10.86ms,FrmTime=18.42ms,ATWGPU=1.57ms,VsyncDelay=2,GPU=99%/587Mhz,GPUTemp=74.0C,LayerCnt=3,Pkg=org.meumeu.wivrn.nx.warp,FrmId=2220
09-09 22:54:04.679 21421  5923 I WiVRn   : [2026-09-09 22:54:04.679] [WiVRn] [info] Tracking pattern (11111µs):
09-09 22:54:04.679 21421  5923 I WiVRn   : [2026-09-09 22:54:04.679] [WiVRn] [info] 	t+1615µs HEAD (9495µs)
09-09 22:54:04.679 21421  5923 I WiVRn   : [2026-09-09 22:54:04.679] [WiVRn] [info] 	t+1669µs LEFT_GRIP (9442µs)
09-09 22:54:04.679 21421  5923 I WiVRn   : [2026-09-09 22:54:04.679] [WiVRn] [info] 	t+1677µs RIGHT_GRIP (9433µs)
09-09 22:54:04.679 21421  5923 I WiVRn   : [2026-09-09 22:54:04.679] [WiVRn] [info] 	t+4615µs HEAD (6495µs)
09-09 22:54:04.679 21421  5923 I WiVRn   : [2026-09-09 22:54:04.679] [WiVRn] [info] 	t+4669µs LEFT_GRIP (6442µs)
09-09 22:54:04.679 21421  5923 I WiVRn   : [2026-09-09 22:54:04.679] [WiVRn] [info] 	t+4677µs RIGHT_GRIP (6433µs)
09-09 22:54:05.023 21421  5917 I WiVRn   : [2026-09-09 22:54:05.023] [WiVRn] [info] nxwarp[0]: 160 frames in 2.0 s: 154806 B/frame, wait-prev 0.0 ms, wall 9.9 ms, nxvc passA 2.4 passB 2.9 gpu 5.3 ms; holes 0, refused 0
09-09 22:54:05.023 21421  5917 I WiVRn   : [2026-09-09 22:54:05.023] [WiVRn] [info] nxwarp[0] gpu duty 421 ms/s (42% of one GPU) for decode alone; the display pass is extra
09-09 22:54:05.023 21421  5917 I WiVRn   : [2026-09-09 22:54:05.023] [WiVRn] [info] nxwarp[0] passB 2.9 ms = warp 0.0 + skip 0.0 + coded 0.0 + dir 0.0 + other 2.9; tiles skip 0 / coded 2312 / dir 0 (eye pass 0)
09-09 22:54:05.023 21421  5917 I WiVRn   : [2026-09-09 22:54:05.023] [WiVRn] [info] nxwarp[0]: 79 frames dropped late (queue kept to 1)
09-09 22:54:05.023 21421  5917 I WiVRn   : [2026-09-09 22:54:05.023] [WiVRn] [info] nxwarp[0] stage: gap 2.7 | wait-prev 0.0 | submit 1.0 (qlock 0.0 + codec 1.0) | get_free 0.0 | fence-pre 0.0 | record 0.0 | qsubmit 0.0 | fence-post 8.7 | publish 0.0 ms; withheld 0, stride 1, arrival 12.9 ms
09-09 22:54:05.023 21421  5917 I WiVRn   : [2026-09-09 22:54:05.023] [WiVRn] [info] nxwarp[0] reassembly (network thread): 0.07 ms/frame over 160 frames, buffer 151 kB held for 151 kB of unit (1.0x)
09-09 22:54:05.023 21421  5917 I WiVRn   : [2026-09-09 22:54:05.023] [WiVRn] [info] nxwarp[0] fence-post 8.8 ms = nxvc gpu 5.3 + copy gpu 0.00 + queue 3.5 (over 160 frames with timestamps)
09-09 22:54:05.047 21421  5862 I WiVRn   : [2026-09-09 22:54:05.047] [WiVRn] [info] render: 179 iterations in 2.0 s (89.1/s), 179 submitted a layer, 146 new-source, 0 skipped by the repeat gate, 0 with nothing to show; display period 11.2 ms
09-09 22:54:05.047 21421  5862 I WiVRn   : [2026-09-09 22:54:05.047] [WiVRn] [info] render: ready wait attempts 78 success 45 total 118.242 ms | selected older than available 0
09-09 22:54:05.047 21421  5862 I WiVRn   : [2026-09-09 22:54:05.047] [WiVRn] [info] render: selected source transitions forward 146 backward 0 repeat 33, greatest forward gap 2
09-09 22:54:05.047 21421  5862 I WiVRn   : [2026-09-09 22:54:05.047] [WiVRn] [info] render: this app's own GPU pass 5.2 ms per iteration
09-09 22:54:05.047 21421  5862 I WiVRn   : [2026-09-09 22:54:05.047] [WiVRn] [info] render: defoveate 2160x2160 per eye x2 = 9.33 Mpx/frame at scale 1.00 atlas-prototype 0; 33 re-presented from the cache (reduce_gpu_load on)
09-09 22:54:05.047 21421  5862 I WiVRn   : [2026-09-09 22:54:05.047] [WiVRn] [info] render: shader path sharpness 0.00 fsr false alpha false motion false blend false glow 0.00 vignette 0.00 deband 0.00 lowpoly 0.00 levels 0 full-kernel false
09-09 22:54:05.047 21421  5862 I WiVRn   : [2026-09-09 22:54:05.047] [WiVRn] [info] render: per iteration fence 1.6 (worst 10.9) | queries 0.0 | submit 0.0 | whole render() 2.9 ms
09-09 22:54:05.047 21421  5862 I WiVRn   : [2026-09-09 22:54:05.047] [WiVRn] [info] render: jit on | wake slack 35.1 ms | slept 0.8 ms mean (max 11.7, 179 of 179 iterations) | budget 12.2 = pass 11.2 + margin 1.0 | sleep cap 0.6 ms
09-09 22:54:05.047 21421  5862 I WiVRn   : [2026-09-09 22:54:05.047] [WiVRn] [info] render: source display-time offset 58.0 ms mean (worst 74.9) over 179 frames | submit lead 31.4 ms mean (worst 21.2) | misses: 0 overrun 0 late 1 skipped refresh
09-09 22:54:05.665 21421  5854 I PxrMetric: FPS=88/90,MTP=24.67ms,AppSW=off,FrmEarly=12,FrmLate=9,FrmCpu=0.68ms,FrmGpu=10.22ms,FrmTime=16.76ms,ATWGPU=1.56ms,VsyncDelay=2,GPU=99%/587Mhz,GPUTemp=75.2C,LayerCnt=3,Pkg=org.meumeu.wivrn.nx.warp,FrmId=2309
09-09 22:54:05.679 21421  5923 I WiVRn   : [2026-09-09 22:54:05.679] [WiVRn] [info] Tracking pattern (11111µs):
09-09 22:54:05.679 21421  5923 I WiVRn   : [2026-09-09 22:54:05.679] [WiVRn] [info] 	t+1574µs HEAD (9537µs)
09-09 22:54:05.679 21421  5923 I WiVRn   : [2026-09-09 22:54:05.679] [WiVRn] [info] 	t+1685µs LEFT_GRIP (9426µs)
09-09 22:54:05.679 21421  5923 I WiVRn   : [2026-09-09 22:54:05.679] [WiVRn] [info] 	t+2244µs RIGHT_GRIP (8867µs)
09-09 22:54:05.679 21421  5923 I WiVRn   : [2026-09-09 22:54:05.679] [WiVRn] [info] 	t+4574µs HEAD (6537µs)
09-09 22:54:05.679 21421  5923 I WiVRn   : [2026-09-09 22:54:05.679] [WiVRn] [info] 	t+4685µs LEFT_GRIP (6426µs)
09-09 22:54:05.679 21421  5923 I WiVRn   : [2026-09-09 22:54:05.679] [WiVRn] [info] 	t+5244µs RIGHT_GRIP (5867µs)
09-09 22:54:06.268 21421  5915 I WiVRn   : [2026-09-09 22:54:06.268] [WiVRn] [info] nxwarp[0] net: 165 frames closed in 2.0 s, 0 with a hole, 0 out-of-order datagrams, 0 frames completed late, 0 queued for the worker, 1864 decoded so far, 2013 stragglers dropped; last hole 0/0 chunks, first missing -1, short false, chunk 1166 B
09-09 22:54:06.269 21421  5915 I WiVRn   : [2026-09-09 22:54:06.269] [WiVRn] [info] nxwarp[0] net: 0.029 ms per datagram over 28915 datagrams (416.17 ms of every second)
09-09 22:54:06.269 21421  5915 I WiVRn   : [2026-09-09 22:54:06.269] [WiVRn] [info] nxwarp[0] sel: stride 1, arrival 12.0 ms, dropped-late 79, withheld 0, decoded 1864
09-09 22:54:06.269 21421  5915 I WiVRn   : [2026-09-09 22:54:06.269] [WiVRn] [info] nxwarp[0] rx: 338818 datagrams, placed 3466309 (+141729), late 43370 (+9302), stale_frame 0, bad_range 0, bad_dir 0, bad_caps 0, bad_ver 0, auth_fail 0, replay 0, frozen 0, dup 145
09-09 22:54:06.676 21421  5854 I PxrMetric: FPS=88/90,MTP=30.03ms,AppSW=off,FrmEarly=6,FrmLate=1,FrmCpu=1.12ms,FrmGpu=6.86ms,FrmTime=8.72ms,ATWGPU=1.55ms,VsyncDelay=1,GPU=96%/587Mhz,GPUTemp=75.2C,LayerCnt=3,Pkg=org.meumeu.wivrn.nx.warp,FrmId=2400
09-09 22:54:06.679 21421  5923 I WiVRn   : [2026-09-09 22:54:06.679] [WiVRn] [info] Tracking pattern (11109µs):
09-09 22:54:06.679 21421  5923 I WiVRn   : [2026-09-09 22:54:06.679] [WiVRn] [info] 	t+2182µs HEAD (8926µs)
09-09 22:54:06.679 21421  5923 I WiVRn   : [2026-09-09 22:54:06.679] [WiVRn] [info] 	t+2242µs LEFT_GRIP (8866µs)
09-09 22:54:06.679 21421  5923 I WiVRn   : [2026-09-09 22:54:06.679] [WiVRn] [info] 	t+2250µs RIGHT_GRIP (8859µs)
09-09 22:54:06.679 21421  5923 I WiVRn   : [2026-09-09 22:54:06.679] [WiVRn] [info] 	t+5182µs HEAD (5926µs)
09-09 22:54:06.679 21421  5923 I WiVRn   : [2026-09-09 22:54:06.679] [WiVRn] [info] 	t+5242µs LEFT_GRIP (5866µs)
09-09 22:54:06.679 21421  5923 I WiVRn   : [2026-09-09 22:54:06.679] [WiVRn] [info] 	t+5250µs RIGHT_GRIP (5859µs)
09-09 22:54:07.032 21421  5917 I WiVRn   : [2026-09-09 22:54:07.032] [WiVRn] [info] nxwarp[0]: 166 frames in 2.0 s: 151997 B/frame, wait-prev 0.0 ms, wall 9.8 ms, nxvc passA 2.3 passB 3.0 gpu 5.3 ms; holes 0, refused 0
09-09 22:54:07.032 21421  5917 I WiVRn   : [2026-09-09 22:54:07.032] [WiVRn] [info] nxwarp[0] gpu duty 434 ms/s (43% of one GPU) for decode alone; the display pass is extra
09-09 22:54:07.032 21421  5917 I WiVRn   : [2026-09-09 22:54:07.032] [WiVRn] [info] nxwarp[0] passB 3.0 ms = warp 0.0 + skip 0.0 + coded 0.0 + dir 0.0 + other 3.0; tiles skip 0 / coded 2312 / dir 0 (eye pass 0)
09-09 22:54:07.032 21421  5917 I WiVRn   : [2026-09-09 22:54:07.032] [WiVRn] [info] nxwarp[0]: 79 frames dropped late (queue kept to 1)
09-09 22:54:07.032 21421  5917 I WiVRn   : [2026-09-09 22:54:07.032] [WiVRn] [info] nxwarp[0] stage: gap 2.3 | wait-prev 0.0 | submit 1.0 (qlock 0.0 + codec 1.0) | get_free 0.0 | fence-pre 0.0 | record 0.0 | qsubmit 0.0 | fence-post 8.7 | publish 0.0 ms; withheld 0, stride 1, arrival 11.8 ms
09-09 22:54:07.032 21421  5917 I WiVRn   : [2026-09-09 22:54:07.032] [WiVRn] [info] nxwarp[0] reassembly (network thread): 0.08 ms/frame over 166 frames, buffer 148 kB held for 148 kB of unit (1.0x)
09-09 22:54:07.032 21421  5917 I WiVRn   : [2026-09-09 22:54:07.032] [WiVRn] [info] nxwarp[0] fence-post 8.8 ms = nxvc gpu 5.3 + copy gpu 0.00 + queue 3.5 (over 166 frames with timestamps)
09-09 22:54:07.050 21421  5862 I WiVRn   : [2026-09-09 22:54:07.050] [WiVRn] [info] render: 179 iterations in 2.0 s (89.5/s), 179 submitted a layer, 143 new-source, 0 skipped by the repeat gate, 0 with nothing to show; display period 11.2 ms
09-09 22:54:07.050 21421  5862 I WiVRn   : [2026-09-09 22:54:07.050] [WiVRn] [info] render: ready wait attempts 75 success 39 total 114.752 ms | selected older than available 0
09-09 22:54:07.050 21421  5862 I WiVRn   : [2026-09-09 22:54:07.050] [WiVRn] [info] render: selected source transitions forward 143 backward 0 repeat 36, greatest forward gap 2
09-09 22:54:07.050 21421  5862 I WiVRn   : [2026-09-09 22:54:07.050] [WiVRn] [info] render: this app's own GPU pass 5.1 ms per iteration
09-09 22:54:07.050 21421  5862 I WiVRn   : [2026-09-09 22:54:07.050] [WiVRn] [info] render: defoveate 2160x2160 per eye x2 = 9.33 Mpx/frame at scale 1.00 atlas-prototype 0; 36 re-presented from the cache (reduce_gpu_load on)
09-09 22:54:07.050 21421  5862 I WiVRn   : [2026-09-09 22:54:07.050] [WiVRn] [info] render: shader path sharpness 0.00 fsr false alpha false motion false blend false glow 0.00 vignette 0.00 deband 0.00 lowpoly 0.00 levels 0 full-kernel false
09-09 22:54:07.050 21421  5862 I WiVRn   : [2026-09-09 22:54:07.050] [WiVRn] [info] render: per iteration fence 1.0 (worst 10.5) | queries 0.0 | submit 0.0 | whole render() 2.2 ms
09-09 22:54:07.050 21421  5862 I WiVRn   : [2026-09-09 22:54:07.050] [WiVRn] [info] render: jit on | wake slack 34.3 ms | slept 0.6 ms mean (max 0.6, 179 of 179 iterations) | budget 10.9 = pass 9.9 + margin 1.0 | sleep cap 0.6 ms
09-09 22:54:07.050 21421  5862 I WiVRn   : [2026-09-09 22:54:07.050] [WiVRn] [info] render: source display-time offset 57.7 ms mean (worst 75.0) over 179 frames | submit lead 31.5 ms mean (worst 24.2) | misses: 0 overrun 0 late 0 skipped refresh
09-09 22:54:07.676 21421  5854 I PxrMetric: FPS=90/90,MTP=31.86ms,AppSW=off,FrmEarly=9,FrmLate=10,FrmCpu=1.22ms,FrmGpu=7.16ms,FrmTime=9.21ms,ATWGPU=1.55ms,VsyncDelay=1,GPU=91%/587Mhz,GPUTemp=74.8C,LayerCnt=3,Pkg=org.meumeu.wivrn.nx.warp,FrmId=2489
09-09 22:54:07.679 21421  5923 I WiVRn   : [2026-09-09 22:54:07.679] [WiVRn] [info] Tracking pattern (11109µs):
09-09 22:54:07.679 21421  5923 I WiVRn   : [2026-09-09 22:54:07.679] [WiVRn] [info] 	t+1911µs HEAD (9198µs)
09-09 22:54:07.679 21421  5923 I WiVRn   : [2026-09-09 22:54:07.679] [WiVRn] [info] 	t+1974µs LEFT_GRIP (9135µs)
09-09 22:54:07.679 21421  5923 I WiVRn   : [2026-09-09 22:54:07.679] [WiVRn] [info] 	t+1988µs RIGHT_GRIP (9121µs)
09-09 22:54:07.679 21421  5923 I WiVRn   : [2026-09-09 22:54:07.679] [WiVRn] [info] 	t+4911µs HEAD (6198µs)
09-09 22:54:07.679 21421  5923 I WiVRn   : [2026-09-09 22:54:07.679] [WiVRn] [info] 	t+4974µs LEFT_GRIP (6135µs)
09-09 22:54:07.679 21421  5923 I WiVRn   : [2026-09-09 22:54:07.679] [WiVRn] [info] 	t+4988µs RIGHT_GRIP (6121µs)
09-09 22:54:08.270 21421  5915 I WiVRn   : [2026-09-09 22:54:08.270] [WiVRn] [info] nxwarp[0] net: 165 frames closed in 2.0 s, 0 with a hole, 0 out-of-order datagrams, 0 frames completed late, 0 queued for the worker, 2029 decoded so far, 2191 stragglers dropped; last hole 0/0 chunks, first missing -1, short false, chunk 1166 B
09-09 22:54:08.270 21421  5915 I WiVRn   : [2026-09-09 22:54:08.270] [WiVRn] [info] nxwarp[0] net: 0.027 ms per datagram over 31693 datagrams (426.16 ms of every second)
09-09 22:54:08.270 21421  5915 I WiVRn   : [2026-09-09 22:54:08.270] [WiVRn] [info] nxwarp[0] sel: stride 1, arrival 14.2 ms, dropped-late 79, withheld 0, decoded 2029
09-09 22:54:08.270 21421  5915 I WiVRn   : [2026-09-09 22:54:08.270] [WiVRn] [info] nxwarp[0] rx: 370511 datagrams, placed 3780084 (+313775), late 45926 (+2556), stale_frame 0, bad_range 0, bad_dir 0, bad_caps 0, bad_ver 0, auth_fail 0, replay 0, frozen 0, dup 159
09-09 22:54:08.679 21421  5923 I WiVRn   : [2026-09-09 22:54:08.679] [WiVRn] [info] Tracking pattern (11105µs):
09-09 22:54:08.679 21421  5923 I WiVRn   : [2026-09-09 22:54:08.679] [WiVRn] [info] 	t+2100µs HEAD (9005µs)
09-09 22:54:08.679 21421  5923 I WiVRn   : [2026-09-09 22:54:08.679] [WiVRn] [info] 	t+2140µs LEFT_GRIP (8965µs)
09-09 22:54:08.679 21421  5923 I WiVRn   : [2026-09-09 22:54:08.679] [WiVRn] [info] 	t+2151µs RIGHT_GRIP (8954µs)
09-09 22:54:08.679 21421  5923 I WiVRn   : [2026-09-09 22:54:08.679] [WiVRn] [info] 	t+5100µs HEAD (6005µs)
09-09 22:54:08.679 21421  5923 I WiVRn   : [2026-09-09 22:54:08.679] [WiVRn] [info] 	t+5140µs LEFT_GRIP (5965µs)
09-09 22:54:08.679 21421  5923 I WiVRn   : [2026-09-09 22:54:08.679] [WiVRn] [info] 	t+5151µs RIGHT_GRIP (5954µs)
09-09 22:54:08.682 21421  5854 I PxrMetric: FPS=89/90,MTP=30.34ms,AppSW=off,FrmEarly=13,FrmLate=11,FrmCpu=0.92ms,FrmGpu=8.91ms,FrmTime=10.95ms,ATWGPU=1.55ms,VsyncDelay=1,GPU=93%/587Mhz,GPUTemp=74.8C,LayerCnt=3,Pkg=org.meumeu.wivrn.nx.warp,FrmId=2577
09-09 22:54:09.034 21421  5917 I WiVRn   : [2026-09-09 22:54:09.034] [WiVRn] [info] nxwarp[0]: 164 frames in 2.0 s: 145583 B/frame, wait-prev 0.0 ms, wall 10.0 ms, nxvc passA 2.3 passB 2.9 gpu 5.2 ms; holes 0, refused 0
09-09 22:54:09.034 21421  5917 I WiVRn   : [2026-09-09 22:54:09.034] [WiVRn] [info] nxwarp[0] gpu duty 426 ms/s (43% of one GPU) for decode alone; the display pass is extra
09-09 22:54:09.034 21421  5917 I WiVRn   : [2026-09-09 22:54:09.034] [WiVRn] [info] nxwarp[0] passB 2.9 ms = warp 0.0 + skip 0.0 + coded 0.0 + dir 0.0 + other 2.9; tiles skip 0 / coded 2312 / dir 0 (eye pass 0)
09-09 22:54:09.034 21421  5917 I WiVRn   : [2026-09-09 22:54:09.034] [WiVRn] [info] nxwarp[0]: 79 frames dropped late (queue kept to 1)
09-09 22:54:09.034 21421  5917 I WiVRn   : [2026-09-09 22:54:09.034] [WiVRn] [info] nxwarp[0] stage: gap 2.2 | wait-prev 0.0 | submit 1.0 (qlock 0.0 + codec 1.0) | get_free 0.0 | fence-pre 0.0 | record 0.0 | qsubmit 0.0 | fence-post 9.0 | publish 0.0 ms; withheld 0, stride 1, arrival 12.4 ms
09-09 22:54:09.034 21421  5917 I WiVRn   : [2026-09-09 22:54:09.034] [WiVRn] [info] nxwarp[0] reassembly (network thread): 0.09 ms/frame over 164 frames, buffer 142 kB held for 142 kB of unit (1.0x)
09-09 22:54:09.034 21421  5917 I WiVRn   : [2026-09-09 22:54:09.034] [WiVRn] [info] nxwarp[0] fence-post 9.0 ms = nxvc gpu 5.2 + copy gpu 0.00 + queue 3.8 (over 164 frames with timestamps)
09-09 22:54:09.049 21421  5862 I WiVRn   : [2026-09-09 22:54:09.049] [WiVRn] [info] render: 177 iterations in 2.0 s (88.4/s), 177 submitted a layer, 146 new-source, 0 skipped by the repeat gate, 0 with nothing to show; display period 11.3 ms
09-09 22:54:09.049 21421  5862 I WiVRn   : [2026-09-09 22:54:09.049] [WiVRn] [info] render: ready wait attempts 89 success 58 total 129.142 ms | selected older than available 0
09-09 22:54:09.049 21421  5862 I WiVRn   : [2026-09-09 22:54:09.049] [WiVRn] [info] render: selected source transitions forward 146 backward 0 repeat 31, greatest forward gap 2
09-09 22:54:09.049 21421  5862 I WiVRn   : [2026-09-09 22:54:09.049] [WiVRn] [info] render: this app's own GPU pass 5.3 ms per iteration
09-09 22:54:09.049 21421  5862 I WiVRn   : [2026-09-09 22:54:09.049] [WiVRn] [info] render: defoveate 2160x2160 per eye x2 = 9.33 Mpx/frame at scale 1.00 atlas-prototype 0; 31 re-presented from the cache (reduce_gpu_load on)
09-09 22:54:09.049 21421  5862 I WiVRn   : [2026-09-09 22:54:09.049] [WiVRn] [info] render: shader path sharpness 0.00 fsr false alpha false motion false blend false glow 0.00 vignette 0.00 deband 0.00 lowpoly 0.00 levels 0 full-kernel false
09-09 22:54:09.049 21421  5862 I WiVRn   : [2026-09-09 22:54:09.049] [WiVRn] [info] render: per iteration fence 1.4 (worst 11.3) | queries 0.0 | submit 0.0 | whole render() 2.8 ms
09-09 22:54:09.049 21421  5862 I WiVRn   : [2026-09-09 22:54:09.049] [WiVRn] [info] render: jit on | wake slack 34.8 ms | slept 0.8 ms mean (max 11.7, 177 of 177 iterations) | budget 12.0 = pass 11.0 + margin 1.0 | sleep cap 0.6 ms
09-09 22:54:09.049 21421  5862 I WiVRn   : [2026-09-09 22:54:09.049] [WiVRn] [info] render: source display-time offset 57.8 ms mean (worst 75.3) over 177 frames | submit lead 31.2 ms mean (worst 19.1) | misses: 0 overrun 0 late 1 skipped refresh
09-09 22:54:09.679 21421  5923 I WiVRn   : [2026-09-09 22:54:09.679] [WiVRn] [info] Tracking pattern (11110µs):
09-09 22:54:09.679 21421  5923 I WiVRn   : [2026-09-09 22:54:09.679] [WiVRn] [info] 	t+2160µs HEAD (8949µs)
09-09 22:54:09.679 21421  5923 I WiVRn   : [2026-09-09 22:54:09.679] [WiVRn] [info] 	t+2198µs LEFT_GRIP (8911µs)
09-09 22:54:09.679 21421  5923 I WiVRn   : [2026-09-09 22:54:09.679] [WiVRn] [info] 	t+2219µs RIGHT_GRIP (8891µs)
09-09 22:54:09.679 21421  5923 I WiVRn   : [2026-09-09 22:54:09.679] [WiVRn] [info] 	t+5160µs HEAD (5949µs)
09-09 22:54:09.679 21421  5923 I WiVRn   : [2026-09-09 22:54:09.679] [WiVRn] [info] 	t+5198µs LEFT_GRIP (5911µs)
09-09 22:54:09.679 21421  5923 I WiVRn   : [2026-09-09 22:54:09.679] [WiVRn] [info] 	t+5219µs RIGHT_GRIP (5891µs)
09-09 22:54:09.691 21421  5854 I PxrMetric: FPS=87/90,MTP=32.20ms,AppSW=off,FrmEarly=10,FrmLate=9,FrmCpu=1.17ms,FrmGpu=7.76ms,FrmTime=9.57ms,ATWGPU=1.55ms,VsyncDelay=1,GPU=57%/587Mhz,GPUTemp=74.8C,LayerCnt=3,Pkg=org.meumeu.wivrn.nx.warp,FrmId=2667
09-09 22:54:10.279 21421  5915 I WiVRn   : [2026-09-09 22:54:10.279] [WiVRn] [info] nxwarp[0] net: 167 frames closed in 2.0 s, 0 with a hole, 0 out-of-order datagrams, 0 frames completed late, 0 queued for the worker, 2196 decoded so far, 2358 stragglers dropped; last hole 0/0 chunks, first missing -1, short false, chunk 1166 B
09-09 22:54:10.279 21421  5915 I WiVRn   : [2026-09-09 22:54:10.279] [WiVRn] [info] nxwarp[0] net: 0.027 ms per datagram over 31287 datagrams (423.24 ms of every second)
09-09 22:54:10.279 21421  5915 I WiVRn   : [2026-09-09 22:54:10.279] [WiVRn] [info] nxwarp[0] sel: stride 1, arrival 12.0 ms, dropped-late 79, withheld 0, decoded 2196
09-09 22:54:10.279 21421  5915 I WiVRn   : [2026-09-09 22:54:10.279] [WiVRn] [info] nxwarp[0] rx: 401798 datagrams, placed 4107113 (+327029), late 48037 (+2111), stale_frame 0, bad_range 0, bad_dir 0, bad_caps 0, bad_ver 0, auth_fail 0, replay 0, frozen 0, dup 168
09-09 22:54:10.668 21421  5923 I WiVRn   : [2026-09-09 22:54:10.668] [WiVRn] [info] Tracking pattern (11112µs):
09-09 22:54:10.668 21421  5923 I WiVRn   : [2026-09-09 22:54:10.668] [WiVRn] [info] 	t+2209µs HEAD (8903µs)
09-09 22:54:10.668 21421  5923 I WiVRn   : [2026-09-09 22:54:10.668] [WiVRn] [info] 	t+2265µs LEFT_GRIP (8847µs)
09-09 22:54:10.668 21421  5923 I WiVRn   : [2026-09-09 22:54:10.668] [WiVRn] [info] 	t+2271µs RIGHT_GRIP (8840µs)
09-09 22:54:10.668 21421  5923 I WiVRn   : [2026-09-09 22:54:10.668] [WiVRn] [info] 	t+5209µs HEAD (5903µs)
09-09 22:54:10.668 21421  5923 I WiVRn   : [2026-09-09 22:54:10.668] [WiVRn] [info] 	t+5265µs LEFT_GRIP (5847µs)
09-09 22:54:10.668 21421  5923 I WiVRn   : [2026-09-09 22:54:10.668] [WiVRn] [info] 	t+5271µs RIGHT_GRIP (5840µs)
09-09 22:54:10.702 21421  5854 I PxrMetric: FPS=89/90,MTP=31.64ms,AppSW=off,FrmEarly=8,FrmLate=9,FrmCpu=1.04ms,FrmGpu=7.28ms,FrmTime=8.95ms,ATWGPU=1.55ms,VsyncDelay=1,GPU=94%/587Mhz,GPUTemp=73.3C,LayerCnt=3,Pkg=org.meumeu.wivrn.nx.warp,FrmId=2757
09-09 22:54:11.044 21421  5917 I WiVRn   : [2026-09-09 22:54:11.044] [WiVRn] [info] nxwarp[0]: 167 frames in 2.0 s: 144462 B/frame, wait-prev 0.0 ms, wall 9.5 ms, nxvc passA 2.2 passB 3.0 gpu 5.2 ms; holes 0, refused 0
09-09 22:54:11.044 21421  5917 I WiVRn   : [2026-09-09 22:54:11.044] [WiVRn] [info] nxwarp[0] gpu duty 432 ms/s (43% of one GPU) for decode alone; the display pass is extra
09-09 22:54:11.044 21421  5917 I WiVRn   : [2026-09-09 22:54:11.044] [WiVRn] [info] nxwarp[0] passB 3.0 ms = warp 0.0 + skip 0.0 + coded 0.0 + dir 0.0 + other 3.0; tiles skip 0 / coded 2312 / dir 0 (eye pass 0)
09-09 22:54:11.044 21421  5917 I WiVRn   : [2026-09-09 22:54:11.044] [WiVRn] [info] nxwarp[0]: 79 frames dropped late (queue kept to 1)
09-09 22:54:11.044 21421  5917 I WiVRn   : [2026-09-09 22:54:11.044] [WiVRn] [info] nxwarp[0] stage: gap 2.5 | wait-prev 0.0 | submit 1.0 (qlock 0.0 + codec 1.0) | get_free 0.0 | fence-pre 0.0 | record 0.0 | qsubmit 0.0 | fence-post 8.5 | publish 0.0 ms; withheld 0, stride 1, arrival 11.4 ms
09-09 22:54:11.044 21421  5917 I WiVRn   : [2026-09-09 22:54:11.044] [WiVRn] [info] nxwarp[0] reassembly (network thread): 0.08 ms/frame over 167 frames, buffer 141 kB held for 141 kB of unit (1.0x)
09-09 22:54:11.044 21421  5917 I WiVRn   : [2026-09-09 22:54:11.044] [WiVRn] [info] nxwarp[0] fence-post 8.5 ms = nxvc gpu 5.2 + copy gpu 0.00 + queue 3.3 (over 167 frames with timestamps)
09-09 22:54:11.063 21421  5862 I WiVRn   : [2026-09-09 22:54:11.063] [WiVRn] [info] render: 178 iterations in 2.0 s (88.8/s), 178 submitted a layer, 145 new-source, 0 skipped by the repeat gate, 0 with nothing to show; display period 11.3 ms
09-09 22:54:11.063 21421  5862 I WiVRn   : [2026-09-09 22:54:11.063] [WiVRn] [info] render: ready wait attempts 83 success 50 total 125.470 ms | selected older than available 0
09-09 22:54:11.063 21421  5862 I WiVRn   : [2026-09-09 22:54:11.063] [WiVRn] [info] render: selected source transitions forward 145 backward 0 repeat 33, greatest forward gap 2
09-09 22:54:11.063 21421  5862 I WiVRn   : [2026-09-09 22:54:11.063] [WiVRn] [info] render: this app's own GPU pass 5.2 ms per iteration
09-09 22:54:11.063 21421  5862 I WiVRn   : [2026-09-09 22:54:11.063] [WiVRn] [info] render: defoveate 2160x2160 per eye x2 = 9.33 Mpx/frame at scale 1.00 atlas-prototype 0; 33 re-presented from the cache (reduce_gpu_load on)
09-09 22:54:11.063 21421  5862 I WiVRn   : [2026-09-09 22:54:11.063] [WiVRn] [info] render: shader path sharpness 0.00 fsr false alpha false motion false blend false glow 0.00 vignette 0.00 deband 0.00 lowpoly 0.00 levels 0 full-kernel false
09-09 22:54:11.063 21421  5862 I WiVRn   : [2026-09-09 22:54:11.063] [WiVRn] [info] render: per iteration fence 1.5 (worst 10.6) | queries 0.0 | submit 0.0 | whole render() 2.8 ms
09-09 22:54:11.063 21421  5862 I WiVRn   : [2026-09-09 22:54:11.063] [WiVRn] [info] render: jit on | wake slack 34.7 ms | slept 0.8 ms mean (max 11.7, 178 of 178 iterations) | budget 11.1 = pass 10.1 + margin 1.0 | sleep cap 0.6 ms
09-09 22:54:11.063 21421  5862 I WiVRn   : [2026-09-09 22:54:11.063] [WiVRn] [info] render: source display-time offset 56.7 ms mean (worst 75.7) over 178 frames | submit lead 31.1 ms mean (worst 18.5) | misses: 0 overrun 0 late 1 skipped refresh
09-09 22:54:11.679 21421  5923 I WiVRn   : [2026-09-09 22:54:11.679] [WiVRn] [info] Tracking pattern (11110µs):
09-09 22:54:11.679 21421  5923 I WiVRn   : [2026-09-09 22:54:11.679] [WiVRn] [info] 	t+2477µs HEAD (8632µs)
09-09 22:54:11.679 21421  5923 I WiVRn   : [2026-09-09 22:54:11.679] [WiVRn] [info] 	t+2527µs LEFT_GRIP (8582µs)
09-09 22:54:11.679 21421  5923 I WiVRn   : [2026-09-09 22:54:11.679] [WiVRn] [info] 	t+2534µs RIGHT_GRIP (8575µs)
09-09 22:54:11.679 21421  5923 I WiVRn   : [2026-09-09 22:54:11.679] [WiVRn] [info] 	t+5477µs HEAD (5632µs)
09-09 22:54:11.679 21421  5923 I WiVRn   : [2026-09-09 22:54:11.679] [WiVRn] [info] 	t+5527µs LEFT_GRIP (5582µs)
09-09 22:54:11.679 21421  5923 I WiVRn   : [2026-09-09 22:54:11.679] [WiVRn] [info] 	t+5534µs RIGHT_GRIP (5575µs)
09-09 22:54:11.709 21421  5854 I PxrMetric: FPS=89/90,MTP=32.94ms,AppSW=off,FrmEarly=13,FrmLate=15,FrmCpu=0.98ms,FrmGpu=7.33ms,FrmTime=9.62ms,ATWGPU=1.54ms,VsyncDelay=1,GPU=98%/587Mhz,GPUTemp=73.6C,LayerCnt=3,Pkg=org.meumeu.wivrn.nx.warp,FrmId=2846
09-09 22:54:12.279 21421  5915 I WiVRn   : [2026-09-09 22:54:12.279] [WiVRn] [info] nxwarp[0] net: 162 frames closed in 2.0 s, 0 with a hole, 0 out-of-order datagrams, 0 frames completed late, 0 queued for the worker, 2358 decoded so far, 2520 stragglers dropped; last hole 0/0 chunks, first missing -1, short false, chunk 1166 B
09-09 22:54:12.279 21421  5915 I WiVRn   : [2026-09-09 22:54:12.279] [WiVRn] [info] nxwarp[0] net: 0.028 ms per datagram over 28932 datagrams (411.99 ms of every second)
09-09 22:54:12.279 21421  5915 I WiVRn   : [2026-09-09 22:54:12.279] [WiVRn] [info] nxwarp[0] sel: stride 1, arrival 11.9 ms, dropped-late 79, withheld 0, decoded 2358
09-09 22:54:12.279 21421  5915 I WiVRn   : [2026-09-09 22:54:12.279] [WiVRn] [info] nxwarp[0] rx: 430730 datagrams, placed 4352562 (+245449), late 53246 (+5209), stale_frame 0, bad_range 0, bad_dir 0, bad_caps 0, bad_ver 0, auth_fail 0, replay 0, frozen 0, dup 178
09-09 22:54:12.679 21421  5923 I WiVRn   : [2026-09-09 22:54:12.679] [WiVRn] [info] Tracking pattern (11110µs):
09-09 22:54:12.679 21421  5923 I WiVRn   : [2026-09-09 22:54:12.679] [WiVRn] [info] 	t+2445µs HEAD (8664µs)
09-09 22:54:12.679 21421  5923 I WiVRn   : [2026-09-09 22:54:12.679] [WiVRn] [info] 	t+2510µs LEFT_GRIP (8599µs)
09-09 22:54:12.679 21421  5923 I WiVRn   : [2026-09-09 22:54:12.679] [WiVRn] [info] 	t+2517µs RIGHT_GRIP (8592µs)
09-09 22:54:12.679 21421  5923 I WiVRn   : [2026-09-09 22:54:12.679] [WiVRn] [info] 	t+5445µs HEAD (5664µs)
09-09 22:54:12.679 21421  5923 I WiVRn   : [2026-09-09 22:54:12.679] [WiVRn] [info] 	t+5510µs LEFT_GRIP (5599µs)
09-09 22:54:12.679 21421  5923 I WiVRn   : [2026-09-09 22:54:12.679] [WiVRn] [info] 	t+5517µs RIGHT_GRIP (5592µs)
09-09 22:54:12.719 21421  5854 I PxrMetric: FPS=88/90,MTP=27.45ms,AppSW=off,FrmEarly=7,FrmLate=5,FrmCpu=0.82ms,FrmGpu=9.37ms,FrmTime=12.99ms,ATWGPU=1.55ms,VsyncDelay=1,GPU=83%/587Mhz,GPUTemp=73.6C,LayerCnt=3,Pkg=org.meumeu.wivrn.nx.warp,FrmId=2936
09-09 22:54:13.045 21421  5917 I WiVRn   : [2026-09-09 22:54:13.045] [WiVRn] [info] nxwarp[0]: 164 frames in 2.0 s: 144458 B/frame, wait-prev 0.0 ms, wall 9.9 ms, nxvc passA 2.2 passB 2.8 gpu 5.1 ms; holes 0, refused 0
09-09 22:54:13.045 21421  5917 I WiVRn   : [2026-09-09 22:54:13.045] [WiVRn] [info] nxwarp[0] gpu duty 415 ms/s (41% of one GPU) for decode alone; the display pass is extra
09-09 22:54:13.045 21421  5917 I WiVRn   : [2026-09-09 22:54:13.045] [WiVRn] [info] nxwarp[0] passB 2.8 ms = warp 0.0 + skip 0.0 + coded 0.0 + dir 0.0 + other 2.8; tiles skip 0 / coded 2312 / dir 0 (eye pass 0)
09-09 22:54:13.045 21421  5917 I WiVRn   : [2026-09-09 22:54:13.045] [WiVRn] [info] nxwarp[0]: 79 frames dropped late (queue kept to 1)
09-09 22:54:13.045 21421  5917 I WiVRn   : [2026-09-09 22:54:13.045] [WiVRn] [info] nxwarp[0] stage: gap 2.3 | wait-prev 0.0 | submit 1.0 (qlock 0.0 + codec 1.0) | get_free 0.0 | fence-pre 0.0 | record 0.0 | qsubmit 0.0 | fence-post 8.8 | publish 0.0 ms; withheld 0, stride 1, arrival 14.0 ms
09-09 22:54:13.045 21421  5917 I WiVRn   : [2026-09-09 22:54:13.045] [WiVRn] [info] nxwarp[0] reassembly (network thread): 0.09 ms/frame over 164 frames, buffer 141 kB held for 141 kB of unit (1.0x)
09-09 22:54:13.045 21421  5917 I WiVRn   : [2026-09-09 22:54:13.045] [WiVRn] [info] nxwarp[0] fence-post 8.8 ms = nxvc gpu 5.1 + copy gpu 0.00 + queue 3.7 (over 164 frames with timestamps)
09-09 22:54:13.059 21421  5862 I WiVRn   : [2026-09-09 22:54:13.059] [WiVRn] [info] render: 178 iterations in 2.0 s (88.9/s), 178 submitted a layer, 148 new-source, 0 skipped by the repeat gate, 0 with nothing to show; display period 11.2 ms
09-09 22:54:13.059 21421  5862 I WiVRn   : [2026-09-09 22:54:13.059] [WiVRn] [info] render: ready wait attempts 72 success 42 total 105.056 ms | selected older than available 0
09-09 22:54:13.059 21421  5862 I WiVRn   : [2026-09-09 22:54:13.059] [WiVRn] [info] render: selected source transitions forward 148 backward 0 repeat 30, greatest forward gap 2
09-09 22:54:13.059 21421  5862 I WiVRn   : [2026-09-09 22:54:13.059] [WiVRn] [info] render: this app's own GPU pass 5.4 ms per iteration
09-09 22:54:13.059 21421  5862 I WiVRn   : [2026-09-09 22:54:13.059] [WiVRn] [info] render: defoveate 2160x2160 per eye x2 = 9.33 Mpx/frame at scale 1.00 atlas-prototype 0; 30 re-presented from the cache (reduce_gpu_load on)
09-09 22:54:13.059 21421  5862 I WiVRn   : [2026-09-09 22:54:13.059] [WiVRn] [info] render: shader path sharpness 0.00 fsr false alpha false motion false blend false glow 0.00 vignette 0.00 deband 0.00 lowpoly 0.00 levels 0 full-kernel false
09-09 22:54:13.059 21421  5862 I WiVRn   : [2026-09-09 22:54:13.059] [WiVRn] [info] render: per iteration fence 1.4 (worst 11.2) | queries 0.0 | submit 0.0 | whole render() 2.5 ms
09-09 22:54:13.059 21421  5862 I WiVRn   : [2026-09-09 22:54:13.059] [WiVRn] [info] render: jit on | wake slack 34.8 ms | slept 0.6 ms mean (max 0.6, 178 of 178 iterations) | budget 11.8 = pass 10.8 + margin 1.0 | sleep cap 0.6 ms
09-09 22:54:13.059 21421  5862 I WiVRn   : [2026-09-09 22:54:13.059] [WiVRn] [info] render: source display-time offset 59.4 ms mean (worst 76.1) over 178 frames | submit lead 31.7 ms mean (worst 24.5) | misses: 0 overrun 0 late 0 skipped refresh
09-09 22:54:13.668 21421  5923 I WiVRn   : [2026-09-09 22:54:13.668] [WiVRn] [info] Tracking pattern (11110µs):
09-09 22:54:13.668 21421  5923 I WiVRn   : [2026-09-09 22:54:13.668] [WiVRn] [info] 	t+3081µs HEAD (8029µs)
09-09 22:54:13.668 21421  5923 I WiVRn   : [2026-09-09 22:54:13.668] [WiVRn] [info] 	t+3131µs LEFT_GRIP (7979µs)
09-09 22:54:13.668 21421  5923 I WiVRn   : [2026-09-09 22:54:13.668] [WiVRn] [info] 	t+3139µs RIGHT_GRIP (7971µs)
09-09 22:54:13.668 21421  5923 I WiVRn   : [2026-09-09 22:54:13.668] [WiVRn] [info] 	t+6081µs HEAD (5029µs)
09-09 22:54:13.668 21421  5923 I WiVRn   : [2026-09-09 22:54:13.668] [WiVRn] [info] 	t+6131µs LEFT_GRIP (4979µs)
09-09 22:54:13.668 21421  5923 I WiVRn   : [2026-09-09 22:54:13.668] [WiVRn] [info] 	t+6139µs RIGHT_GRIP (4971µs)
09-09 22:54:13.727 21421  5854 I PxrMetric: FPS=89/90,MTP=25.18ms,AppSW=off,FrmEarly=12,FrmLate=19,FrmCpu=0.50ms,FrmGpu=8.66ms,FrmTime=15.21ms,ATWGPU=1.55ms,VsyncDelay=2,GPU=83%/587Mhz,GPUTemp=76.0C,LayerCnt=3,Pkg=org.meumeu.wivrn.nx.warp,FrmId=3024
09-09 22:54:14.289 21421  5915 I WiVRn   : [2026-09-09 22:54:14.289] [WiVRn] [info] nxwarp[0] net: 170 frames closed in 2.0 s, 0 with a hole, 0 out-of-order datagrams, 0 frames completed late, 0 queued for the worker, 2527 decoded so far, 2690 stragglers dropped; last hole 0/0 chunks, first missing -1, short false, chunk 1166 B
09-09 22:54:14.289 21421  5915 I WiVRn   : [2026-09-09 22:54:14.289] [WiVRn] [info] nxwarp[0] net: 0.027 ms per datagram over 31585 datagrams (417.95 ms of every second)
09-09 22:54:14.289 21421  5915 I WiVRn   : [2026-09-09 22:54:14.289] [WiVRn] [info] nxwarp[0] sel: stride 1, arrival 12.2 ms, dropped-late 79, withheld 0, decoded 2527
09-09 22:54:14.289 21421  5915 I WiVRn   : [2026-09-09 22:54:14.289] [WiVRn] [info] nxwarp[0] rx: 462315 datagrams, placed 4741223 (+388661), late 53935 (+689), stale_frame 0, bad_range 0, bad_dir 0, bad_caps 0, bad_ver 0, auth_fail 0, replay 0, frozen 0, dup 178
09-09 22:54:14.668 21421  5923 I WiVRn   : [2026-09-09 22:54:14.668] [WiVRn] [info] Tracking pattern (11112µs):
09-09 22:54:14.668 21421  5923 I WiVRn   : [2026-09-09 22:54:14.668] [WiVRn] [info] 	t+2380µs HEAD (8731µs)
09-09 22:54:14.668 21421  5923 I WiVRn   : [2026-09-09 22:54:14.668] [WiVRn] [info] 	t+2425µs LEFT_GRIP (8687µs)
09-09 22:54:14.668 21421  5923 I WiVRn   : [2026-09-09 22:54:14.668] [WiVRn] [info] 	t+2430µs RIGHT_GRIP (8682µs)
09-09 22:54:14.668 21421  5923 I WiVRn   : [2026-09-09 22:54:14.668] [WiVRn] [info] 	t+5380µs HEAD (5731µs)
09-09 22:54:14.668 21421  5923 I WiVRn   : [2026-09-09 22:54:14.668] [WiVRn] [info] 	t+5425µs LEFT_GRIP (5687µs)
09-09 22:54:14.668 21421  5923 I WiVRn   : [2026-09-09 22:54:14.668] [WiVRn] [info] 	t+5430µs RIGHT_GRIP (5682µs)
09-09 22:54:14.734 21421  5854 I PxrMetric: FPS=87/90,MTP=31.04ms,AppSW=off,FrmEarly=14,FrmLate=7,FrmCpu=1.09ms,FrmGpu=6.84ms,FrmTime=8.53ms,ATWGPU=1.55ms,VsyncDelay=1,GPU=94%/587Mhz,GPUTemp=76.0C,LayerCnt=3,Pkg=org.meumeu.wivrn.nx.warp,FrmId=3114
09-09 22:54:15.047 21421  5917 I WiVRn   : [2026-09-09 22:54:15.047] [WiVRn] [info] nxwarp[0]: 170 frames in 2.0 s: 134151 B/frame, wait-prev 0.0 ms, wall 9.5 ms, nxvc passA 2.0 passB 2.9 gpu 4.9 ms; holes 0, refused 0
09-09 22:54:15.047 21421  5917 I WiVRn   : [2026-09-09 22:54:15.047] [WiVRn] [info] nxwarp[0] gpu duty 419 ms/s (42% of one GPU) for decode alone; the display pass is extra
09-09 22:54:15.047 21421  5917 I WiVRn   : [2026-09-09 22:54:15.047] [WiVRn] [info] nxwarp[0] passB 2.9 ms = warp 0.0 + skip 0.0 + coded 0.0 + dir 0.0 + other 2.9; tiles skip 0 / coded 2312 / dir 0 (eye pass 0)
09-09 22:54:15.047 21421  5917 I WiVRn   : [2026-09-09 22:54:15.047] [WiVRn] [info] nxwarp[0]: 79 frames dropped late (queue kept to 1)
09-09 22:54:15.047 21421  5917 I WiVRn   : [2026-09-09 22:54:15.047] [WiVRn] [info] nxwarp[0] stage: gap 2.3 | wait-prev 0.0 | submit 1.0 (qlock 0.0 + codec 1.0) | get_free 0.0 | fence-pre 0.0 | record 0.0 | qsubmit 0.0 | fence-post 8.4 | publish 0.0 ms; withheld 0, stride 1, arrival 11.0 ms
09-09 22:54:15.047 21421  5917 I WiVRn   : [2026-09-09 22:54:15.047] [WiVRn] [info] nxwarp[0] reassembly (network thread): 0.09 ms/frame over 171 frames, buffer 131 kB held for 131 kB of unit (1.0x)
09-09 22:54:15.047 21421  5917 I WiVRn   : [2026-09-09 22:54:15.047] [WiVRn] [info] nxwarp[0] fence-post 8.4 ms = nxvc gpu 4.9 + copy gpu 0.00 + queue 3.5 (over 170 frames with timestamps)
09-09 22:54:15.059 21421  5862 I WiVRn   : [2026-09-09 22:54:15.059] [WiVRn] [info] render: 177 iterations in 2.0 s (88.4/s), 177 submitted a layer, 157 new-source, 0 skipped by the repeat gate, 0 with nothing to show; display period 11.3 ms
09-09 22:54:15.059 21421  5862 I WiVRn   : [2026-09-09 22:54:15.059] [WiVRn] [info] render: ready wait attempts 60 success 40 total 83.630 ms | selected older than available 0
09-09 22:54:15.059 21421  5862 I WiVRn   : [2026-09-09 22:54:15.059] [WiVRn] [info] render: selected source transitions forward 157 backward 0 repeat 20, greatest forward gap 2
09-09 22:54:15.059 21421  5862 I WiVRn   : [2026-09-09 22:54:15.059] [WiVRn] [info] render: this app's own GPU pass 5.6 ms per iteration
09-09 22:54:15.059 21421  5862 I WiVRn   : [2026-09-09 22:54:15.059] [WiVRn] [info] render: defoveate 2160x2160 per eye x2 = 9.33 Mpx/frame at scale 1.00 atlas-prototype 0; 20 re-presented from the cache (reduce_gpu_load on)
09-09 22:54:15.059 21421  5862 I WiVRn   : [2026-09-09 22:54:15.059] [WiVRn] [info] render: shader path sharpness 0.00 fsr false alpha false motion false blend false glow 0.00 vignette 0.00 deband 0.00 lowpoly 0.00 levels 0 full-kernel false
09-09 22:54:15.060 21421  5862 I WiVRn   : [2026-09-09 22:54:15.060] [WiVRn] [info] render: per iteration fence 1.4 (worst 11.3) | queries 0.0 | submit 0.0 | whole render() 2.4 ms
09-09 22:54:15.060 21421  5862 I WiVRn   : [2026-09-09 22:54:15.060] [WiVRn] [info] render: jit on | wake slack 34.9 ms | slept 0.8 ms mean (max 11.7, 177 of 177 iterations) | budget 11.5 = pass 10.5 + margin 1.0 | sleep cap 0.6 ms
09-09 22:54:15.060 21421  5862 I WiVRn   : [2026-09-09 22:54:15.060] [WiVRn] [info] render: source display-time offset 57.9 ms mean (worst 76.2) over 177 frames | submit lead 31.6 ms mean (worst 18.7) | misses: 0 overrun 0 late 1 skipped refresh
09-09 22:54:15.679 21421  5923 I WiVRn   : [2026-09-09 22:54:15.679] [WiVRn] [info] Tracking pattern (11106µs):
09-09 22:54:15.679 21421  5923 I WiVRn   : [2026-09-09 22:54:15.679] [WiVRn] [info] 	t+2687µs HEAD (8419µs)
09-09 22:54:15.679 21421  5923 I WiVRn   : [2026-09-09 22:54:15.679] [WiVRn] [info] 	t+2739µs LEFT_GRIP (8367µs)
09-09 22:54:15.679 21421  5923 I WiVRn   : [2026-09-09 22:54:15.679] [WiVRn] [info] 	t+2748µs RIGHT_GRIP (8358µs)
09-09 22:54:15.679 21421  5923 I WiVRn   : [2026-09-09 22:54:15.679] [WiVRn] [info] 	t+5687µs HEAD (5419µs)
09-09 22:54:15.679 21421  5923 I WiVRn   : [2026-09-09 22:54:15.679] [WiVRn] [info] 	t+5739µs LEFT_GRIP (5367µs)
09-09 22:54:15.679 21421  5923 I WiVRn   : [2026-09-09 22:54:15.679] [WiVRn] [info] 	t+5748µs RIGHT_GRIP (5358µs)
09-09 22:54:15.736 21421  5854 I PxrMetric: FPS=89/90,MTP=31.58ms,AppSW=off,FrmEarly=5,FrmLate=0,FrmCpu=1.23ms,FrmGpu=7.14ms,FrmTime=8.98ms,ATWGPU=1.54ms,VsyncDelay=1,GPU=97%/587Mhz,GPUTemp=75.2C,LayerCnt=3,Pkg=org.meumeu.wivrn.nx.warp,FrmId=3204
09-09 22:54:16.294 21421  5915 I WiVRn   : [2026-09-09 22:54:16.294] [WiVRn] [info] nxwarp[0] net: 172 frames closed in 2.0 s, 0 with a hole, 0 out-of-order datagrams, 0 frames completed late, 0 queued for the worker, 2700 decoded so far, 2862 stragglers dropped; last hole 0/0 chunks, first missing -1, short false, chunk 1166 B
09-09 22:54:16.295 21421  5915 I WiVRn   : [2026-09-09 22:54:16.295] [WiVRn] [info] nxwarp[0] net: 0.028 ms per datagram over 29189 datagrams (409.51 ms of every second)
09-09 22:54:16.295 21421  5915 I WiVRn   : [2026-09-09 22:54:16.295] [WiVRn] [info] nxwarp[0] sel: stride 1, arrival 13.6 ms, dropped-late 79, withheld 0, decoded 2700
09-09 22:54:16.295 21421  5915 I WiVRn   : [2026-09-09 22:54:16.295] [WiVRn] [info] nxwarp[0] rx: 491504 datagrams, placed 5138887 (+397664), late 56908 (+2973), stale_frame 0, bad_range 0, bad_dir 0, bad_caps 0, bad_ver 0, auth_fail 0, replay 0, frozen 0, dup 184
09-09 22:54:16.668 21421  5923 I WiVRn   : [2026-09-09 22:54:16.668] [WiVRn] [info] Tracking pattern (11114µs):
09-09 22:54:16.668 21421  5923 I WiVRn   : [2026-09-09 22:54:16.668] [WiVRn] [info] 	t+2586µs HEAD (8528µs)
09-09 22:54:16.668 21421  5923 I WiVRn   : [2026-09-09 22:54:16.668] [WiVRn] [info] 	t+2633µs LEFT_GRIP (8481µs)
09-09 22:54:16.668 21421  5923 I WiVRn   : [2026-09-09 22:54:16.668] [WiVRn] [info] 	t+2640µs RIGHT_GRIP (8474µs)
09-09 22:54:16.668 21421  5923 I WiVRn   : [2026-09-09 22:54:16.668] [WiVRn] [info] 	t+5586µs HEAD (5528µs)
09-09 22:54:16.668 21421  5923 I WiVRn   : [2026-09-09 22:54:16.668] [WiVRn] [info] 	t+5633µs LEFT_GRIP (5481µs)
09-09 22:54:16.668 21421  5923 I WiVRn   : [2026-09-09 22:54:16.668] [WiVRn] [info] 	t+5640µs RIGHT_GRIP (5474µs)
09-09 22:54:16.743 21421  5854 I PxrMetric: FPS=90/90,MTP=31.96ms,AppSW=off,FrmEarly=9,FrmLate=3,FrmCpu=0.86ms,FrmGpu=6.09ms,FrmTime=9.06ms,ATWGPU=1.55ms,VsyncDelay=1,GPU=83%/587Mhz,GPUTemp=75.2C,LayerCnt=3,Pkg=org.meumeu.wivrn.nx.warp,FrmId=3294
09-09 22:54:17.051 21421  5917 I WiVRn   : [2026-09-09 22:54:17.051] [WiVRn] [info] nxwarp[0]: 171 frames in 2.0 s: 126724 B/frame, wait-prev 0.0 ms, wall 9.5 ms, nxvc passA 2.0 passB 2.9 gpu 4.8 ms; holes 0, refused 0
09-09 22:54:17.051 21421  5917 I WiVRn   : [2026-09-09 22:54:17.051] [WiVRn] [info] nxwarp[0] gpu duty 413 ms/s (41% of one GPU) for decode alone; the display pass is extra
09-09 22:54:17.051 21421  5917 I WiVRn   : [2026-09-09 22:54:17.051] [WiVRn] [info] nxwarp[0] passB 2.9 ms = warp 0.0 + skip 0.0 + coded 0.0 + dir 0.0 + other 2.9; tiles skip 0 / coded 2312 / dir 0 (eye pass 0)
09-09 22:54:17.051 21421  5917 I WiVRn   : [2026-09-09 22:54:17.051] [WiVRn] [info] nxwarp[0]: 79 frames dropped late (queue kept to 1)
09-09 22:54:17.051 21421  5917 I WiVRn   : [2026-09-09 22:54:17.051] [WiVRn] [info] nxwarp[0] stage: gap 2.2 | wait-prev 0.0 | submit 1.0 (qlock 0.0 + codec 1.0) | get_free 0.0 | fence-pre 0.0 | record 0.0 | qsubmit 0.0 | fence-post 8.5 | publish 0.0 ms; withheld 0, stride 1, arrival 14.9 ms
09-09 22:54:17.051 21421  5917 I WiVRn   : [2026-09-09 22:54:17.051] [WiVRn] [info] nxwarp[0] reassembly (network thread): 0.08 ms/frame over 170 frames, buffer 124 kB held for 124 kB of unit (1.0x)
09-09 22:54:17.051 21421  5917 I WiVRn   : [2026-09-09 22:54:17.051] [WiVRn] [info] nxwarp[0] fence-post 8.5 ms = nxvc gpu 4.8 + copy gpu 0.00 + queue 3.6 (over 171 frames with timestamps)
09-09 22:54:17.070 21421  5862 I WiVRn   : [2026-09-09 22:54:17.070] [WiVRn] [info] render: 180 iterations in 2.0 s (89.5/s), 180 submitted a layer, 146 new-source, 0 skipped by the repeat gate, 0 with nothing to show; display period 11.2 ms
09-09 22:54:17.070 21421  5862 I WiVRn   : [2026-09-09 22:54:17.070] [WiVRn] [info] render: ready wait attempts 108 success 74 total 143.851 ms | selected older than available 0
09-09 22:54:17.070 21421  5862 I WiVRn   : [2026-09-09 22:54:17.070] [WiVRn] [info] render: selected source transitions forward 146 backward 0 repeat 34, greatest forward gap 2
09-09 22:54:17.070 21421  5862 I WiVRn   : [2026-09-09 22:54:17.070] [WiVRn] [info] render: this app's own GPU pass 5.2 ms per iteration
09-09 22:54:17.070 21421  5862 I WiVRn   : [2026-09-09 22:54:17.070] [WiVRn] [info] render: defoveate 2160x2160 per eye x2 = 9.33 Mpx/frame at scale 1.00 atlas-prototype 0; 34 re-presented from the cache (reduce_gpu_load on)
09-09 22:54:17.070 21421  5862 I WiVRn   : [2026-09-09 22:54:17.070] [WiVRn] [info] render: shader path sharpness 0.00 fsr false alpha false motion false blend false glow 0.00 vignette 0.00 deband 0.00 lowpoly 0.00 levels 0 full-kernel false
09-09 22:54:17.070 21421  5862 I WiVRn   : [2026-09-09 22:54:17.070] [WiVRn] [info] render: per iteration fence 0.2 (worst 6.9) | queries 0.0 | submit 0.0 | whole render() 1.5 ms
09-09 22:54:17.070 21421  5862 I WiVRn   : [2026-09-09 22:54:17.070] [WiVRn] [info] render: jit on | wake slack 33.0 ms | slept 0.8 ms mean (max 11.7, 180 of 180 iterations) | budget 9.9 = pass 8.9 + margin 1.0 | sleep cap 0.6 ms
09-09 22:54:17.070 21421  5862 I WiVRn   : [2026-09-09 22:54:17.070] [WiVRn] [info] render: source display-time offset 55.8 ms mean (worst 65.2) over 180 frames | submit lead 30.6 ms mean (worst 18.7) | misses: 0 overrun 0 late 1 skipped refresh
09-09 22:54:17.668 21421  5923 I WiVRn   : [2026-09-09 22:54:17.668] [WiVRn] [info] Tracking pattern (11109µs):
09-09 22:54:17.668 21421  5923 I WiVRn   : [2026-09-09 22:54:17.668] [WiVRn] [info] 	t+2321µs HEAD (8787µs)
09-09 22:54:17.668 21421  5923 I WiVRn   : [2026-09-09 22:54:17.668] [WiVRn] [info] 	t+2363µs LEFT_GRIP (8746µs)
09-09 22:54:17.668 21421  5923 I WiVRn   : [2026-09-09 22:54:17.668] [WiVRn] [info] 	t+2368µs RIGHT_GRIP (8741µs)
09-09 22:54:17.668 21421  5923 I WiVRn   : [2026-09-09 22:54:17.668] [WiVRn] [info] 	t+5321µs HEAD (5787µs)
09-09 22:54:17.668 21421  5923 I WiVRn   : [2026-09-09 22:54:17.668] [WiVRn] [info] 	t+5363µs LEFT_GRIP (5746µs)
09-09 22:54:17.668 21421  5923 I WiVRn   : [2026-09-09 22:54:17.668] [WiVRn] [info] 	t+5368µs RIGHT_GRIP (5741µs)
09-09 22:54:17.761 21421  5854 I PxrMetric: FPS=89/90,MTP=40.99ms,AppSW=off,FrmEarly=5,FrmLate=10,FrmCpu=0.76ms,FrmGpu=9.17ms,FrmTime=15.95ms,ATWGPU=1.54ms,VsyncDelay=2,GPU=99%/587Mhz,GPUTemp=78.7C,LayerCnt=3,Pkg=org.meumeu.wivrn.nx.warp,FrmId=3385
09-09 22:54:18.304 21421  5915 I WiVRn   : [2026-09-09 22:54:18.304] [WiVRn] [info] nxwarp[0] net: 168 frames closed in 2.0 s, 0 with a hole, 0 out-of-order datagrams, 0 frames completed late, 0 queued for the worker, 2868 decoded so far, 3030 stragglers dropped; last hole 0/0 chunks, first missing -1, short false, chunk 1166 B
09-09 22:54:18.304 21421  5915 I WiVRn   : [2026-09-09 22:54:18.304] [WiVRn] [info] nxwarp[0] net: 0.028 ms per datagram over 29236 datagrams (400.21 ms of every second)
09-09 22:54:18.304 21421  5915 I WiVRn   : [2026-09-09 22:54:18.304] [WiVRn] [info] nxwarp[0] sel: stride 1, arrival 11.4 ms, dropped-late 79, withheld 0, decoded 2868
09-09 22:54:18.304 21421  5915 I WiVRn   : [2026-09-09 22:54:18.304] [WiVRn] [info] nxwarp[0] rx: 520740 datagrams, placed 5527303 (+388416), late 58007 (+1099), stale_frame 0, bad_range 0, bad_dir 0, bad_caps 0, bad_ver 0, auth_fail 0, replay 0, frozen 0, dup 186
09-09 22:54:18.668 21421  5923 I WiVRn   : [2026-09-09 22:54:18.668] [WiVRn] [info] Tracking pattern (11110µs):
09-09 22:54:18.668 21421  5923 I WiVRn   : [2026-09-09 22:54:18.668] [WiVRn] [info] 	t+2308µs HEAD (8802µs)
09-09 22:54:18.668 21421  5923 I WiVRn   : [2026-09-09 22:54:18.668] [WiVRn] [info] 	t+2353µs LEFT_GRIP (8757µs)
09-09 22:54:18.668 21421  5923 I WiVRn   : [2026-09-09 22:54:18.668] [WiVRn] [info] 	t+2358µs RIGHT_GRIP (8752µs)
09-09 22:54:18.668 21421  5923 I WiVRn   : [2026-09-09 22:54:18.668] [WiVRn] [info] 	t+5308µs HEAD (5802µs)
09-09 22:54:18.668 21421  5923 I WiVRn   : [2026-09-09 22:54:18.668] [WiVRn] [info] 	t+5353µs LEFT_GRIP (5757µs)
09-09 22:54:18.668 21421  5923 I WiVRn   : [2026-09-09 22:54:18.668] [WiVRn] [info] 	t+5358µs RIGHT_GRIP (5752µs)
09-09 22:54:18.762 21421  5854 I PxrMetric: FPS=90/90,MTP=36.30ms,AppSW=off,FrmEarly=15,FrmLate=11,FrmCpu=1.01ms,FrmGpu=8.12ms,FrmTime=13.33ms,ATWGPU=1.54ms,VsyncDelay=2,GPU=99%/587Mhz,GPUTemp=74.8C,LayerCnt=3,Pkg=org.meumeu.wivrn.nx.warp,FrmId=3473
09-09 22:54:19.053 21421  5917 I WiVRn   : [2026-09-09 22:54:19.053] [WiVRn] [info] nxwarp[0]: 165 frames in 2.0 s: 136178 B/frame, wait-prev 0.0 ms, wall 9.8 ms, nxvc passA 2.3 passB 3.0 gpu 5.2 ms; holes 0, refused 0
09-09 22:54:19.053 21421  5917 I WiVRn   : [2026-09-09 22:54:19.053] [WiVRn] [info] nxwarp[0] gpu duty 432 ms/s (43% of one GPU) for decode alone; the display pass is extra
09-09 22:54:19.053 21421  5917 I WiVRn   : [2026-09-09 22:54:19.053] [WiVRn] [info] nxwarp[0] passB 3.0 ms = warp 0.0 + skip 0.0 + coded 0.0 + dir 0.0 + other 3.0; tiles skip 0 / coded 2312 / dir 0 (eye pass 0)
09-09 22:54:19.053 21421  5917 I WiVRn   : [2026-09-09 22:54:19.053] [WiVRn] [info] nxwarp[0]: 80 frames dropped late (queue kept to 1)
09-09 22:54:19.053 21421  5917 I WiVRn   : [2026-09-09 22:54:19.053] [WiVRn] [info] nxwarp[0] stage: gap 2.3 | wait-prev 0.0 | submit 1.0 (qlock 0.0 + codec 1.0) | get_free 0.0 | fence-pre 0.0 | record 0.0 | qsubmit 0.0 | fence-post 8.7 | publish 0.0 ms; withheld 0, stride 1, arrival 11.9 ms
09-09 22:54:19.053 21421  5917 I WiVRn   : [2026-09-09 22:54:19.053] [WiVRn] [info] nxwarp[0] reassembly (network thread): 0.09 ms/frame over 166 frames, buffer 133 kB held for 133 kB of unit (1.0x)
09-09 22:54:19.053 21421  5917 I WiVRn   : [2026-09-09 22:54:19.053] [WiVRn] [info] nxwarp[0] fence-post 8.7 ms = nxvc gpu 5.2 + copy gpu 0.00 + queue 3.5 (over 165 frames with timestamps)
09-09 22:54:19.072 21421  5862 I WiVRn   : [2026-09-09 22:54:19.072] [WiVRn] [info] render: 177 iterations in 2.0 s (88.5/s), 177 submitted a layer, 146 new-source, 0 skipped by the repeat gate, 0 with nothing to show; display period 11.3 ms
09-09 22:54:19.072 21421  5862 I WiVRn   : [2026-09-09 22:54:19.072] [WiVRn] [info] render: ready wait attempts 81 success 50 total 125.004 ms | selected older than available 0
09-09 22:54:19.072 21421  5862 I WiVRn   : [2026-09-09 22:54:19.072] [WiVRn] [info] render: selected source transitions forward 146 backward 0 repeat 31, greatest forward gap 2
09-09 22:54:19.072 21421  5862 I WiVRn   : [2026-09-09 22:54:19.072] [WiVRn] [info] render: this app's own GPU pass 5.3 ms per iteration
09-09 22:54:19.072 21421  5862 I WiVRn   : [2026-09-09 22:54:19.072] [WiVRn] [info] render: defoveate 2160x2160 per eye x2 = 9.33 Mpx/frame at scale 1.00 atlas-prototype 0; 31 re-presented from the cache (reduce_gpu_load on)
09-09 22:54:19.072 21421  5862 I WiVRn   : [2026-09-09 22:54:19.072] [WiVRn] [info] render: shader path sharpness 0.00 fsr false alpha false motion false blend false glow 0.00 vignette 0.00 deband 0.00 lowpoly 0.00 levels 0 full-kernel false
09-09 22:54:19.072 21421  5862 I WiVRn   : [2026-09-09 22:54:19.072] [WiVRn] [info] render: per iteration fence 2.0 (worst 11.5) | queries 0.0 | submit 0.0 | whole render() 3.3 ms
09-09 22:54:19.072 21421  5862 I WiVRn   : [2026-09-09 22:54:19.072] [WiVRn] [info] render: jit on | wake slack 35.5 ms | slept 0.6 ms mean (max 0.6, 177 of 177 iterations) | budget 12.9 = pass 11.9 + margin 1.0 | sleep cap 0.6 ms
09-09 22:54:19.072 21421  5862 I WiVRn   : [2026-09-09 22:54:19.072] [WiVRn] [info] render: source display-time offset 58.2 ms mean (worst 76.1) over 177 frames | submit lead 31.6 ms mean (worst 24.0) | misses: 0 overrun 0 late 0 skipped refresh
09-09 22:54:19.668 21421  5923 I WiVRn   : [2026-09-09 22:54:19.668] [WiVRn] [info] Tracking pattern (11109µs):
09-09 22:54:19.668 21421  5923 I WiVRn   : [2026-09-09 22:54:19.668] [WiVRn] [info] 	t+2483µs HEAD (8626µs)
09-09 22:54:19.668 21421  5923 I WiVRn   : [2026-09-09 22:54:19.668] [WiVRn] [info] 	t+2530µs LEFT_GRIP (8579µs)
09-09 22:54:19.668 21421  5923 I WiVRn   : [2026-09-09 22:54:19.668] [WiVRn] [info] 	t+2538µs RIGHT_GRIP (8570µs)
09-09 22:54:19.668 21421  5923 I WiVRn   : [2026-09-09 22:54:19.668] [WiVRn] [info] 	t+5483µs HEAD (5626µs)
09-09 22:54:19.668 21421  5923 I WiVRn   : [2026-09-09 22:54:19.668] [WiVRn] [info] 	t+5530µs LEFT_GRIP (5579µs)
09-09 22:54:19.668 21421  5923 I WiVRn   : [2026-09-09 22:54:19.668] [WiVRn] [info] 	t+5538µs RIGHT_GRIP (5570µs)
09-09 22:54:19.765 21421  5854 I PxrMetric: FPS=88/90,MTP=36.44ms,AppSW=off,FrmEarly=10,FrmLate=12,FrmCpu=0.63ms,FrmGpu=9.56ms,FrmTime=13.91ms,ATWGPU=1.54ms,VsyncDelay=2,GPU=99%/587Mhz,GPUTemp=73.6C,LayerCnt=3,Pkg=org.meumeu.wivrn.nx.warp,FrmId=3561
09-09 22:54:20.314 21421  5915 I WiVRn   : [2026-09-09 22:54:20.314] [WiVRn] [info] nxwarp[0] net: 161 frames closed in 2.0 s, 0 with a hole, 0 out-of-order datagrams, 0 frames completed late, 0 queued for the worker, 3027 decoded so far, 3191 stragglers dropped; last hole 0/0 chunks, first missing -1, short false, chunk 1166 B
09-09 22:54:20.314 21421  5915 I WiVRn   : [2026-09-09 22:54:20.314] [WiVRn] [info] nxwarp[0] net: 0.027 ms per datagram over 30206 datagrams (410.67 ms of every second)
09-09 22:54:20.314 21421  5915 I WiVRn   : [2026-09-09 22:54:20.314] [WiVRn] [info] nxwarp[0] sel: stride 1, arrival 13.3 ms, dropped-late 80, withheld 0, decoded 3027
09-09 22:54:20.314 21421  5915 I WiVRn   : [2026-09-09 22:54:20.314] [WiVRn] [info] nxwarp[0] rx: 550946 datagrams, placed 5895154 (+367851), late 58145 (+138), stale_frame 0, bad_range 0, bad_dir 0, bad_caps 0, bad_ver 0, auth_fail 0, replay 0, frozen 0, dup 186
09-09 22:54:20.668 21421  5923 I WiVRn   : [2026-09-09 22:54:20.668] [WiVRn] [info] Tracking pattern (11112µs):
09-09 22:54:20.668 21421  5923 I WiVRn   : [2026-09-09 22:54:20.668] [WiVRn] [info] 	t+1845µs HEAD (9267µs)
09-09 22:54:20.668 21421  5923 I WiVRn   : [2026-09-09 22:54:20.668] [WiVRn] [info] 	t+1894µs LEFT_GRIP (9218µs)
09-09 22:54:20.668 21421  5923 I WiVRn   : [2026-09-09 22:54:20.668] [WiVRn] [info] 	t+1904µs RIGHT_GRIP (9208µs)
09-09 22:54:20.668 21421  5923 I WiVRn   : [2026-09-09 22:54:20.668] [WiVRn] [info] 	t+4845µs HEAD (6267µs)
09-09 22:54:20.668 21421  5923 I WiVRn   : [2026-09-09 22:54:20.668] [WiVRn] [info] 	t+4894µs LEFT_GRIP (6218µs)
09-09 22:54:20.668 21421  5923 I WiVRn   : [2026-09-09 22:54:20.668] [WiVRn] [info] 	t+4904µs RIGHT_GRIP (6208µs)
09-09 22:54:20.773 21421  5854 I PxrMetric: FPS=88/90,MTP=32.42ms,AppSW=off,FrmEarly=8,FrmLate=10,FrmCpu=0.98ms,FrmGpu=8.39ms,FrmTime=10.70ms,ATWGPU=1.55ms,VsyncDelay=1,GPU=99%/587Mhz,GPUTemp=74.4C,LayerCnt=3,Pkg=org.meumeu.wivrn.nx.warp,FrmId=3651
09-09 22:54:21.070 21421  5917 I WiVRn   : [2026-09-09 22:54:21.070] [WiVRn] [info] nxwarp[0]: 161 frames in 2.0 s: 138187 B/frame, wait-prev 0.0 ms, wall 9.9 ms, nxvc passA 2.1 passB 3.0 gpu 5.1 ms; holes 0, refused 0
09-09 22:54:21.070 21421  5917 I WiVRn   : [2026-09-09 22:54:21.070] [WiVRn] [info] nxwarp[0] gpu duty 404 ms/s (40% of one GPU) for decode alone; the display pass is extra
09-09 22:54:21.070 21421  5917 I WiVRn   : [2026-09-09 22:54:21.070] [WiVRn] [info] nxwarp[0] passB 3.0 ms = warp 0.0 + skip 0.0 + coded 0.0 + dir 0.0 + other 3.0; tiles skip 0 / coded 2312 / dir 0 (eye pass 0)
09-09 22:54:21.070 21421  5917 I WiVRn   : [2026-09-09 22:54:21.070] [WiVRn] [info] nxwarp[0]: 80 frames dropped late (queue kept to 1)
09-09 22:54:21.070 21421  5917 I WiVRn   : [2026-09-09 22:54:21.070] [WiVRn] [info] nxwarp[0] stage: gap 2.6 | wait-prev 0.0 | submit 1.0 (qlock 0.0 + codec 1.0) | get_free 0.0 | fence-pre 0.0 | record 0.0 | qsubmit 0.0 | fence-post 8.8 | publish 0.0 ms; withheld 0, stride 1, arrival 13.8 ms
09-09 22:54:21.070 21421  5917 I WiVRn   : [2026-09-09 22:54:21.070] [WiVRn] [info] nxwarp[0] reassembly (network thread): 0.09 ms/frame over 161 frames, buffer 135 kB held for 135 kB of unit (1.0x)
09-09 22:54:21.070 21421  5917 I WiVRn   : [2026-09-09 22:54:21.070] [WiVRn] [info] nxwarp[0] fence-post 8.9 ms = nxvc gpu 5.1 + copy gpu 0.00 + queue 3.8 (over 161 frames with timestamps)
09-09 22:54:21.083 21421  5862 I WiVRn   : [2026-09-09 22:54:21.083] [WiVRn] [info] render: 178 iterations in 2.0 s (88.5/s), 178 submitted a layer, 150 new-source, 0 skipped by the repeat gate, 0 with nothing to show; display period 11.3 ms
09-09 22:54:21.083 21421  5862 I WiVRn   : [2026-09-09 22:54:21.083] [WiVRn] [info] render: ready wait attempts 75 success 47 total 114.335 ms | selected older than available 0
09-09 22:54:21.083 21421  5862 I WiVRn   : [2026-09-09 22:54:21.083] [WiVRn] [info] render: selected source transitions forward 150 backward 0 repeat 28, greatest forward gap 2
09-09 22:54:21.083 21421  5862 I WiVRn   : [2026-09-09 22:54:21.083] [WiVRn] [info] render: this app's own GPU pass 5.4 ms per iteration
09-09 22:54:21.083 21421  5862 I WiVRn   : [2026-09-09 22:54:21.083] [WiVRn] [info] render: defoveate 2160x2160 per eye x2 = 9.33 Mpx/frame at scale 1.00 atlas-prototype 0; 28 re-presented from the cache (reduce_gpu_load on)
09-09 22:54:21.083 21421  5862 I WiVRn   : [2026-09-09 22:54:21.083] [WiVRn] [info] render: shader path sharpness 0.00 fsr false alpha false motion false blend false glow 0.00 vignette 0.00 deband 0.00 lowpoly 0.00 levels 0 full-kernel false
09-09 22:54:21.083 21421  5862 I WiVRn   : [2026-09-09 22:54:21.083] [WiVRn] [info] render: per iteration fence 1.3 (worst 11.1) | queries 0.0 | submit 0.0 | whole render() 2.6 ms
09-09 22:54:21.083 21421  5862 I WiVRn   : [2026-09-09 22:54:21.083] [WiVRn] [info] render: jit on | wake slack 35.0 ms | slept 0.8 ms mean (max 11.7, 178 of 178 iterations) | budget 12.2 = pass 11.2 + margin 1.0 | sleep cap 0.6 ms
09-09 22:54:21.083 21421  5862 I WiVRn   : [2026-09-09 22:54:21.083] [WiVRn] [info] render: source display-time offset 58.0 ms mean (worst 75.9) over 178 frames | submit lead 31.6 ms mean (worst 18.2) | misses: 0 overrun 0 late 1 skipped refresh
09-09 22:54:21.680 21421  5923 I WiVRn   : [2026-09-09 22:54:21.680] [WiVRn] [info] Tracking pattern (11110µs):
09-09 22:54:21.680 21421  5923 I WiVRn   : [2026-09-09 22:54:21.680] [WiVRn] [info] 	t+2056µs HEAD (9053µs)
09-09 22:54:21.680 21421  5923 I WiVRn   : [2026-09-09 22:54:21.680] [WiVRn] [info] 	t+2137µs LEFT_GRIP (8972µs)
09-09 22:54:21.680 21421  5923 I WiVRn   : [2026-09-09 22:54:21.680] [WiVRn] [info] 	t+2146µs RIGHT_GRIP (8963µs)
09-09 22:54:21.680 21421  5923 I WiVRn   : [2026-09-09 22:54:21.680] [WiVRn] [info] 	t+5056µs HEAD (6053µs)
09-09 22:54:21.680 21421  5923 I WiVRn   : [2026-09-09 22:54:21.680] [WiVRn] [info] 	t+5137µs LEFT_GRIP (5972µs)
09-09 22:54:21.680 21421  5923 I WiVRn   : [2026-09-09 22:54:21.680] [WiVRn] [info] 	t+5146µs RIGHT_GRIP (5963µs)
09-09 22:54:21.774 21421  5854 I PxrMetric: FPS=90/90,MTP=35.03ms,AppSW=off,FrmEarly=11,FrmLate=9,FrmCpu=0.66ms,FrmGpu=8.22ms,FrmTime=11.52ms,ATWGPU=1.55ms,VsyncDelay=2,GPU=80%/587Mhz,GPUTemp=88.8C,LayerCnt=3,Pkg=org.meumeu.wivrn.nx.warp,FrmId=3740
09-09 22:54:22.317 21421  5915 I WiVRn   : [2026-09-09 22:54:22.317] [WiVRn] [info] nxwarp[0] net: 168 frames closed in 2.0 s, 0 with a hole, 0 out-of-order datagrams, 0 frames completed late, 0 queued for the worker, 3196 decoded so far, 3359 stragglers dropped; last hole 0/0 chunks, first missing -1, short false, chunk 1166 B
09-09 22:54:22.317 21421  5915 I WiVRn   : [2026-09-09 22:54:22.317] [WiVRn] [info] nxwarp[0] net: 0.028 ms per datagram over 28994 datagrams (403.51 ms of every second)
09-09 22:54:22.317 21421  5915 I WiVRn   : [2026-09-09 22:54:22.317] [WiVRn] [info] nxwarp[0] sel: stride 1, arrival 10.8 ms, dropped-late 80, withheld 0, decoded 3196
09-09 22:54:22.317 21421  5915 I WiVRn   : [2026-09-09 22:54:22.317] [WiVRn] [info] nxwarp[0] rx: 579940 datagrams, placed 6281375 (+386221), late 58210 (+65), stale_frame 0, bad_range 0, bad_dir 0, bad_caps 0, bad_ver 0, auth_fail 0, replay 0, frozen 0, dup 188
09-09 22:54:22.668 21421  5923 I WiVRn   : [2026-09-09 22:54:22.668] [WiVRn] [info] Tracking pattern (11115µs):
09-09 22:54:22.669 21421  5923 I WiVRn   : [2026-09-09 22:54:22.669] [WiVRn] [info] 	t+1620µs HEAD (9494µs)
09-09 22:54:22.669 21421  5923 I WiVRn   : [2026-09-09 22:54:22.669] [WiVRn] [info] 	t+1681µs LEFT_GRIP (9434µs)
09-09 22:54:22.669 21421  5923 I WiVRn   : [2026-09-09 22:54:22.669] [WiVRn] [info] 	t+1692µs RIGHT_GRIP (9423µs)
09-09 22:54:22.669 21421  5923 I WiVRn   : [2026-09-09 22:54:22.669] [WiVRn] [info] 	t+4620µs HEAD (6494µs)
09-09 22:54:22.669 21421  5923 I WiVRn   : [2026-09-09 22:54:22.669] [WiVRn] [info] 	t+4681µs LEFT_GRIP (6434µs)
09-09 22:54:22.669 21421  5923 I WiVRn   : [2026-09-09 22:54:22.669] [WiVRn] [info] 	t+4692µs RIGHT_GRIP (6423µs)
09-09 22:54:22.793 21421  5854 I PxrMetric: FPS=89/90,MTP=31.11ms,AppSW=off,FrmEarly=11,FrmLate=3,FrmCpu=1.08ms,FrmGpu=7.01ms,FrmTime=8.85ms,ATWGPU=1.55ms,VsyncDelay=1,GPU=82%/587Mhz,GPUTemp=75.2C,LayerCnt=3,Pkg=org.meumeu.wivrn.nx.warp,FrmId=3830
09-09 22:54:23.071 21421  5917 I WiVRn   : [2026-09-09 22:54:23.071] [WiVRn] [info] nxwarp[0]: 166 frames in 2.0 s: 127123 B/frame, wait-prev 0.0 ms, wall 9.2 ms, nxvc passA 2.0 passB 3.0 gpu 5.0 ms; holes 0, refused 0
09-09 22:54:23.071 21421  5917 I WiVRn   : [2026-09-09 22:54:23.071] [WiVRn] [info] nxwarp[0] gpu duty 417 ms/s (42% of one GPU) for decode alone; the display pass is extra
09-09 22:54:23.071 21421  5917 I WiVRn   : [2026-09-09 22:54:23.071] [WiVRn] [info] nxwarp[0] passB 3.0 ms = warp 0.0 + skip 0.0 + coded 0.0 + dir 0.0 + other 3.0; tiles skip 0 / coded 2312 / dir 0 (eye pass 0)
09-09 22:54:23.071 21421  5917 I WiVRn   : [2026-09-09 22:54:23.071] [WiVRn] [info] nxwarp[0]: 80 frames dropped late (queue kept to 1)
09-09 22:54:23.071 21421  5917 I WiVRn   : [2026-09-09 22:54:23.071] [WiVRn] [info] nxwarp[0] stage: gap 2.8 | wait-prev 0.0 | submit 1.0 (qlock 0.0 + codec 1.0) | get_free 0.0 | fence-pre 0.0 | record 0.0 | qsubmit 0.0 | fence-post 8.1 | publish 0.0 ms; withheld 0, stride 1, arrival 13.5 ms
09-09 22:54:23.071 21421  5917 I WiVRn   : [2026-09-09 22:54:23.071] [WiVRn] [info] nxwarp[0] reassembly (network thread): 0.09 ms/frame over 166 frames, buffer 124 kB held for 124 kB of unit (1.0x)
09-09 22:54:23.071 21421  5917 I WiVRn   : [2026-09-09 22:54:23.071] [WiVRn] [info] nxwarp[0] fence-post 8.2 ms = nxvc gpu 5.0 + copy gpu 0.00 + queue 3.1 (over 166 frames with timestamps)
09-09 22:54:23.083 21421  5862 I WiVRn   : [2026-09-09 22:54:23.083] [WiVRn] [info] render: 178 iterations in 2.0 s (89.0/s), 178 submitted a layer, 147 new-source, 0 skipped by the repeat gate, 0 with nothing to show; display period 11.2 ms
09-09 22:54:23.083 21421  5862 I WiVRn   : [2026-09-09 22:54:23.083] [WiVRn] [info] render: ready wait attempts 70 success 39 total 109.253 ms | selected older than available 0
09-09 22:54:23.083 21421  5862 I WiVRn   : [2026-09-09 22:54:23.083] [WiVRn] [info] render: selected source transitions forward 147 backward 0 repeat 31, greatest forward gap 2
09-09 22:54:23.083 21421  5862 I WiVRn   : [2026-09-09 22:54:23.083] [WiVRn] [info] render: this app's own GPU pass 5.3 ms per iteration
09-09 22:54:23.083 21421  5862 I WiVRn   : [2026-09-09 22:54:23.083] [WiVRn] [info] render: defoveate 2160x2160 per eye x2 = 9.33 Mpx/frame at scale 1.00 atlas-prototype 0; 31 re-presented from the cache (reduce_gpu_load on)
09-09 22:54:23.083 21421  5862 I WiVRn   : [2026-09-09 22:54:23.083] [WiVRn] [info] render: shader path sharpness 0.00 fsr false alpha false motion false blend false glow 0.00 vignette 0.00 deband 0.00 lowpoly 0.00 levels 0 full-kernel false
09-09 22:54:23.083 21421  5862 I WiVRn   : [2026-09-09 22:54:23.083] [WiVRn] [info] render: per iteration fence 0.7 (worst 11.3) | queries 0.0 | submit 0.0 | whole render() 1.9 ms
09-09 22:54:23.083 21421  5862 I WiVRn   : [2026-09-09 22:54:23.083] [WiVRn] [info] render: jit on | wake slack 34.2 ms | slept 0.8 ms mean (max 11.7, 178 of 178 iterations) | budget 11.5 = pass 10.5 + margin 1.0 | sleep cap 0.6 ms
09-09 22:54:23.083 21421  5862 I WiVRn   : [2026-09-09 22:54:23.083] [WiVRn] [info] render: source display-time offset 56.8 ms mean (worst 75.7) over 178 frames | submit lead 31.5 ms mean (worst 20.0) | misses: 0 overrun 0 late 1 skipped refresh
09-09 22:54:23.680 21421  5923 I WiVRn   : [2026-09-09 22:54:23.680] [WiVRn] [info] Tracking pattern (11112µs):
09-09 22:54:23.680 21421  5923 I WiVRn   : [2026-09-09 22:54:23.680] [WiVRn] [info] 	t+1492µs HEAD (9619µs)
09-09 22:54:23.680 21421  5923 I WiVRn   : [2026-09-09 22:54:23.680] [WiVRn] [info] 	t+1533µs LEFT_GRIP (9578µs)
09-09 22:54:23.680 21421  5923 I WiVRn   : [2026-09-09 22:54:23.680] [WiVRn] [info] 	t+1574µs RIGHT_GRIP (9537µs)
09-09 22:54:23.680 21421  5923 I WiVRn   : [2026-09-09 22:54:23.680] [WiVRn] [info] 	t+4492µs HEAD (6619µs)
09-09 22:54:23.680 21421  5923 I WiVRn   : [2026-09-09 22:54:23.680] [WiVRn] [info] 	t+4533µs LEFT_GRIP (6578µs)
09-09 22:54:23.680 21421  5923 I WiVRn   : [2026-09-09 22:54:23.680] [WiVRn] [info] 	t+4574µs RIGHT_GRIP (6537µs)
09-09 22:54:23.798 21421  5854 I PxrMetric: FPS=88/90,MTP=36.66ms,AppSW=off,FrmEarly=1,FrmLate=10,FrmCpu=0.53ms,FrmGpu=10.67ms,FrmTime=18.33ms,ATWGPU=1.55ms,VsyncDelay=2,GPU=99%/587Mhz,GPUTemp=76.0C,LayerCnt=3,Pkg=org.meumeu.wivrn.nx.warp,FrmId=3920
09-09 22:54:24.325 21421  5915 I WiVRn   : [2026-09-09 22:54:24.325] [WiVRn] [info] nxwarp[0] net: 163 frames closed in 2.0 s, 0 with a hole, 0 out-of-order datagrams, 0 frames completed late, 0 queued for the worker, 3359 decoded so far, 3522 stragglers dropped; last hole 0/0 chunks, first missing -1, short false, chunk 1166 B
09-09 22:54:24.325 21421  5915 I WiVRn   : [2026-09-09 22:54:24.325] [WiVRn] [info] nxwarp[0] net: 0.029 ms per datagram over 26876 datagrams (385.47 ms of every second)
09-09 22:54:24.325 21421  5915 I WiVRn   : [2026-09-09 22:54:24.325] [WiVRn] [info] nxwarp[0] sel: stride 1, arrival 12.9 ms, dropped-late 80, withheld 0, decoded 3359
09-09 22:54:24.325 21421  5915 I WiVRn   : [2026-09-09 22:54:24.325] [WiVRn] [info] nxwarp[0] rx: 606816 datagrams, placed 6653835 (+372460), late 58863 (+653), stale_frame 0, bad_range 0, bad_dir 0, bad_caps 0, bad_ver 0, auth_fail 0, replay 0, frozen 0, dup 191
09-09 22:54:24.680 21421  5923 I WiVRn   : [2026-09-09 22:54:24.680] [WiVRn] [info] Tracking pattern (11110µs):
09-09 22:54:24.680 21421  5923 I WiVRn   : [2026-09-09 22:54:24.680] [WiVRn] [info] 	t+1624µs HEAD (9486µs)
09-09 22:54:24.680 21421  5923 I WiVRn   : [2026-09-09 22:54:24.680] [WiVRn] [info] 	t+1661µs LEFT_GRIP (9449µs)
09-09 22:54:24.680 21421  5923 I WiVRn   : [2026-09-09 22:54:24.680] [WiVRn] [info] 	t+1665µs RIGHT_GRIP (9445µs)
09-09 22:54:24.680 21421  5923 I WiVRn   : [2026-09-09 22:54:24.680] [WiVRn] [info] 	t+4624µs HEAD (6486µs)
09-09 22:54:24.680 21421  5923 I WiVRn   : [2026-09-09 22:54:24.680] [WiVRn] [info] 	t+4661µs LEFT_GRIP (6449µs)
09-09 22:54:24.680 21421  5923 I WiVRn   : [2026-09-09 22:54:24.680] [WiVRn] [info] 	t+4665µs RIGHT_GRIP (6445µs)
09-09 22:54:24.807 21421  5854 I PxrMetric: FPS=90/90,MTP=34.68ms,AppSW=off,FrmEarly=11,FrmLate=5,FrmCpu=1.01ms,FrmGpu=7.45ms,FrmTime=10.86ms,ATWGPU=1.55ms,VsyncDelay=2,GPU=99%/587Mhz,GPUTemp=75.2C,LayerCnt=3,Pkg=org.meumeu.wivrn.nx.warp,FrmId=4011
09-09 22:54:25.071 21421  5917 I WiVRn   : [2026-09-09 22:54:25.071] [WiVRn] [info] nxwarp[0]: 165 frames in 2.0 s: 128675 B/frame, wait-prev 0.0 ms, wall 9.5 ms, nxvc passA 2.0 passB 2.9 gpu 4.9 ms; holes 0, refused 0
09-09 22:54:25.071 21421  5917 I WiVRn   : [2026-09-09 22:54:25.071] [WiVRn] [info] nxwarp[0] gpu duty 407 ms/s (41% of one GPU) for decode alone; the display pass is extra
09-09 22:54:25.071 21421  5917 I WiVRn   : [2026-09-09 22:54:25.071] [WiVRn] [info] nxwarp[0] passB 2.9 ms = warp 0.0 + skip 0.0 + coded 0.0 + dir 0.0 + other 2.9; tiles skip 0 / coded 2312 / dir 0 (eye pass 0)
09-09 22:54:25.071 21421  5917 I WiVRn   : [2026-09-09 22:54:25.071] [WiVRn] [info] nxwarp[0]: 80 frames dropped late (queue kept to 1)
09-09 22:54:25.071 21421  5917 I WiVRn   : [2026-09-09 22:54:25.071] [WiVRn] [info] nxwarp[0] stage: gap 2.6 | wait-prev 0.0 | submit 1.0 (qlock 0.0 + codec 1.0) | get_free 0.0 | fence-pre 0.0 | record 0.0 | qsubmit 0.0 | fence-post 8.5 | publish 0.0 ms; withheld 0, stride 1, arrival 11.2 ms
09-09 22:54:25.071 21421  5917 I WiVRn   : [2026-09-09 22:54:25.071] [WiVRn] [info] nxwarp[0] reassembly (network thread): 0.09 ms/frame over 166 frames, buffer 126 kB held for 126 kB of unit (1.0x)
09-09 22:54:25.071 21421  5917 I WiVRn   : [2026-09-09 22:54:25.071] [WiVRn] [info] nxwarp[0] fence-post 8.5 ms = nxvc gpu 4.9 + copy gpu 0.00 + queue 3.5 (over 165 frames with timestamps)
09-09 22:54:25.094 21421  5862 I WiVRn   : [2026-09-09 22:54:25.094] [WiVRn] [info] render: 180 iterations in 2.0 s (89.5/s), 180 submitted a layer, 151 new-source, 0 skipped by the repeat gate, 0 with nothing to show; display period 11.2 ms
09-09 22:54:25.094 21421  5862 I WiVRn   : [2026-09-09 22:54:25.094] [WiVRn] [info] render: ready wait attempts 78 success 49 total 119.588 ms | selected older than available 0
09-09 22:54:25.094 21421  5862 I WiVRn   : [2026-09-09 22:54:25.094] [WiVRn] [info] render: selected source transitions forward 151 backward 0 repeat 29, greatest forward gap 2
09-09 22:54:25.094 21421  5862 I WiVRn   : [2026-09-09 22:54:25.094] [WiVRn] [info] render: this app's own GPU pass 5.3 ms per iteration
09-09 22:54:25.094 21421  5862 I WiVRn   : [2026-09-09 22:54:25.094] [WiVRn] [info] render: defoveate 2160x2160 per eye x2 = 9.33 Mpx/frame at scale 1.00 atlas-prototype 0; 29 re-presented from the cache (reduce_gpu_load on)
09-09 22:54:25.094 21421  5862 I WiVRn   : [2026-09-09 22:54:25.094] [WiVRn] [info] render: shader path sharpness 0.00 fsr false alpha false motion false blend false glow 0.00 vignette 0.00 deband 0.00 lowpoly 0.00 levels 0 full-kernel false
09-09 22:54:25.094 21421  5862 I WiVRn   : [2026-09-09 22:54:25.094] [WiVRn] [info] render: per iteration fence 1.3 (worst 11.2) | queries 0.0 | submit 0.0 | whole render() 2.5 ms
09-09 22:54:25.094 21421  5862 I WiVRn   : [2026-09-09 22:54:25.094] [WiVRn] [info] render: jit on | wake slack 34.6 ms | slept 0.6 ms mean (max 0.6, 180 of 180 iterations) | budget 11.7 = pass 10.7 + margin 1.0 | sleep cap 0.6 ms
09-09 22:54:25.094 21421  5862 I WiVRn   : [2026-09-09 22:54:25.094] [WiVRn] [info] render: source display-time offset 56.8 ms mean (worst 75.6) over 180 frames | submit lead 31.5 ms mean (worst 25.8) | misses: 0 overrun 0 late 0 skipped refresh
09-09 22:54:25.669 21421  5923 I WiVRn   : [2026-09-09 22:54:25.668] [WiVRn] [info] Tracking pattern (11112µs):
09-09 22:54:25.669 21421  5923 I WiVRn   : [2026-09-09 22:54:25.669] [WiVRn] [info] 	t+1156µs HEAD (9955µs)
09-09 22:54:25.669 21421  5923 I WiVRn   : [2026-09-09 22:54:25.669] [WiVRn] [info] 	t+1263µs LEFT_GRIP (9848µs)
09-09 22:54:25.669 21421  5923 I WiVRn   : [2026-09-09 22:54:25.669] [WiVRn] [info] 	t+1274µs RIGHT_GRIP (9837µs)
09-09 22:54:25.669 21421  5923 I WiVRn   : [2026-09-09 22:54:25.669] [WiVRn] [info] 	t+4156µs HEAD (6955µs)
09-09 22:54:25.669 21421  5923 I WiVRn   : [2026-09-09 22:54:25.669] [WiVRn] [info] 	t+4263µs LEFT_GRIP (6848µs)
09-09 22:54:25.669 21421  5923 I WiVRn   : [2026-09-09 22:54:25.669] [WiVRn] [info] 	t+4274µs RIGHT_GRIP (6837µs)
09-09 22:54:25.811 21421  5854 I PxrMetric: FPS=90/90,MTP=30.53ms,AppSW=off,FrmEarly=15,FrmLate=8,FrmCpu=1.21ms,FrmGpu=7.19ms,FrmTime=9.14ms,ATWGPU=1.54ms,VsyncDelay=1,GPU=95%/587Mhz,GPUTemp=76.0C,LayerCnt=3,Pkg=org.meumeu.wivrn.nx.warp,FrmId=4100
09-09 22:54:26.334 21421  5915 I WiVRn   : [2026-09-09 22:54:26.334] [WiVRn] [info] nxwarp[0] net: 168 frames closed in 2.0 s, 0 with a hole, 0 out-of-order datagrams, 0 frames completed late, 0 queued for the worker, 3526 decoded so far, 3694 stragglers dropped; last hole 0/0 chunks, first missing -1, short false, chunk 1166 B
09-09 22:54:26.334 21421  5915 I WiVRn   : [2026-09-09 22:54:26.334] [WiVRn] [info] nxwarp[0] net: 0.028 ms per datagram over 29026 datagrams (406.62 ms of every second)
09-09 22:54:26.334 21421  5915 I WiVRn   : [2026-09-09 22:54:26.334] [WiVRn] [info] nxwarp[0] sel: stride 1, arrival 11.1 ms, dropped-late 80, withheld 0, decoded 3526
09-09 22:54:26.334 21421  5915 I WiVRn   : [2026-09-09 22:54:26.334] [WiVRn] [info] nxwarp[0] rx: 635842 datagrams, placed 7009335 (+355500), late 61121 (+2258), stale_frame 0, bad_range 0, bad_dir 0, bad_caps 0, bad_ver 0, auth_fail 0, replay 0, frozen 0, dup 194
09-09 22:54:26.669 21421  5923 I WiVRn   : [2026-09-09 22:54:26.669] [WiVRn] [info] Tracking pattern (11112µs):
09-09 22:54:26.669 21421  5923 I WiVRn   : [2026-09-09 22:54:26.669] [WiVRn] [info] 	t+1261µs HEAD (9851µs)
09-09 22:54:26.669 21421  5923 I WiVRn   : [2026-09-09 22:54:26.669] [WiVRn] [info] 	t+1352µs LEFT_GRIP (9759µs)
09-09 22:54:26.669 21421  5923 I WiVRn   : [2026-09-09 22:54:26.669] [WiVRn] [info] 	t+1365µs RIGHT_GRIP (9746µs)
09-09 22:54:26.669 21421  5923 I WiVRn   : [2026-09-09 22:54:26.669] [WiVRn] [info] 	t+4261µs HEAD (6851µs)
09-09 22:54:26.669 21421  5923 I WiVRn   : [2026-09-09 22:54:26.669] [WiVRn] [info] 	t+4352µs LEFT_GRIP (6759µs)
09-09 22:54:26.669 21421  5923 I WiVRn   : [2026-09-09 22:54:26.669] [WiVRn] [info] 	t+4365µs RIGHT_GRIP (6746µs)
09-09 22:54:26.814 21421  5854 I PxrMetric: FPS=89/90,MTP=31.60ms,AppSW=off,FrmEarly=9,FrmLate=10,FrmCpu=1.03ms,FrmGpu=7.70ms,FrmTime=9.73ms,ATWGPU=1.54ms,VsyncDelay=1,GPU=61%/587Mhz,GPUTemp=75.2C,LayerCnt=3,Pkg=org.meumeu.wivrn.nx.warp,FrmId=4189
09-09 22:54:27.071 21421  5917 I WiVRn   : [2026-09-09 22:54:27.071] [WiVRn] [info] nxwarp[0]: 166 frames in 2.0 s: 136732 B/frame, wait-prev 0.0 ms, wall 9.5 ms, nxvc passA 2.2 passB 3.0 gpu 5.2 ms; holes 0, refused 0
09-09 22:54:27.071 21421  5917 I WiVRn   : [2026-09-09 22:54:27.071] [WiVRn] [info] nxwarp[0] gpu duty 432 ms/s (43% of one GPU) for decode alone; the display pass is extra
09-09 22:54:27.071 21421  5917 I WiVRn   : [2026-09-09 22:54:27.071] [WiVRn] [info] nxwarp[0] passB 3.0 ms = warp 0.0 + skip 0.0 + coded 0.0 + dir 0.0 + other 3.0; tiles skip 0 / coded 2312 / dir 0 (eye pass 0)
09-09 22:54:27.071 21421  5917 I WiVRn   : [2026-09-09 22:54:27.071] [WiVRn] [info] nxwarp[0]: 80 frames dropped late (queue kept to 1)
09-09 22:54:27.071 21421  5917 I WiVRn   : [2026-09-09 22:54:27.071] [WiVRn] [info] nxwarp[0] stage: gap 2.6 | wait-prev 0.0 | submit 1.0 (qlock 0.0 + codec 1.0) | get_free 0.0 | fence-pre 0.0 | record 0.0 | qsubmit 0.0 | fence-post 8.4 | publish 0.0 ms; withheld 0, stride 1, arrival 11.1 ms
09-09 22:54:27.071 21421  5917 I WiVRn   : [2026-09-09 22:54:27.071] [WiVRn] [info] nxwarp[0] reassembly (network thread): 0.09 ms/frame over 166 frames, buffer 134 kB held for 134 kB of unit (1.0x)
09-09 22:54:27.071 21421  5917 I WiVRn   : [2026-09-09 22:54:27.071] [WiVRn] [info] nxwarp[0] fence-post 8.4 ms = nxvc gpu 5.2 + copy gpu 0.00 + queue 3.2 (over 166 frames with timestamps)
09-09 22:54:27.104 21421  5862 I WiVRn   : [2026-09-09 22:54:27.104] [WiVRn] [info] render: 179 iterations in 2.0 s (89.0/s), 179 submitted a layer, 148 new-source, 0 skipped by the repeat gate, 0 with nothing to show; display period 11.2 ms
09-09 22:54:27.104 21421  5862 I WiVRn   : [2026-09-09 22:54:27.104] [WiVRn] [info] render: ready wait attempts 75 success 44 total 110.911 ms | selected older than available 0
09-09 22:54:27.104 21421  5862 I WiVRn   : [2026-09-09 22:54:27.104] [WiVRn] [info] render: selected source transitions forward 148 backward 0 repeat 31, greatest forward gap 2
09-09 22:54:27.104 21421  5862 I WiVRn   : [2026-09-09 22:54:27.104] [WiVRn] [info] render: this app's own GPU pass 5.2 ms per iteration
09-09 22:54:27.104 21421  5862 I WiVRn   : [2026-09-09 22:54:27.104] [WiVRn] [info] render: defoveate 2160x2160 per eye x2 = 9.33 Mpx/frame at scale 1.00 atlas-prototype 0; 31 re-presented from the cache (reduce_gpu_load on)
09-09 22:54:27.104 21421  5862 I WiVRn   : [2026-09-09 22:54:27.104] [WiVRn] [info] render: shader path sharpness 0.00 fsr false alpha false motion false blend false glow 0.00 vignette 0.00 deband 0.00 lowpoly 0.00 levels 0 full-kernel false
09-09 22:54:27.104 21421  5862 I WiVRn   : [2026-09-09 22:54:27.104] [WiVRn] [info] render: per iteration fence 1.9 (worst 11.4) | queries 0.0 | submit 0.0 | whole render() 3.0 ms
09-09 22:54:27.104 21421  5862 I WiVRn   : [2026-09-09 22:54:27.104] [WiVRn] [info] render: jit on | wake slack 35.3 ms | slept 0.8 ms mean (max 11.7, 179 of 179 iterations) | budget 11.8 = pass 10.8 + margin 1.0 | sleep cap 0.6 ms
09-09 22:54:27.104 21421  5862 I WiVRn   : [2026-09-09 22:54:27.104] [WiVRn] [info] render: source display-time offset 56.7 ms mean (worst 75.8) over 179 frames | submit lead 31.4 ms mean (worst 19.6) | misses: 0 overrun 0 late 1 skipped refresh
09-09 22:54:27.669 21421  5923 I WiVRn   : [2026-09-09 22:54:27.669] [WiVRn] [info] Tracking pattern (11110µs):
09-09 22:54:27.669 21421  5923 I WiVRn   : [2026-09-09 22:54:27.669] [WiVRn] [info] 	t+1280µs HEAD (9830µs)
09-09 22:54:27.669 21421  5923 I WiVRn   : [2026-09-09 22:54:27.669] [WiVRn] [info] 	t+1842µs LEFT_GRIP (9267µs)
09-09 22:54:27.669 21421  5923 I WiVRn   : [2026-09-09 22:54:27.669] [WiVRn] [info] 	t+1854µs RIGHT_GRIP (9255µs)
09-09 22:54:27.669 21421  5923 I WiVRn   : [2026-09-09 22:54:27.669] [WiVRn] [info] 	t+4280µs HEAD (6830µs)
09-09 22:54:27.669 21421  5923 I WiVRn   : [2026-09-09 22:54:27.669] [WiVRn] [info] 	t+4842µs LEFT_GRIP (6267µs)
09-09 22:54:27.669 21421  5923 I WiVRn   : [2026-09-09 22:54:27.669] [WiVRn] [info] 	t+4854µs RIGHT_GRIP (6255µs)
09-09 22:54:27.816 21421  5854 I PxrMetric: FPS=89/90,MTP=30.58ms,AppSW=off,FrmEarly=12,FrmLate=7,FrmCpu=0.72ms,FrmGpu=9.40ms,FrmTime=11.34ms,ATWGPU=1.57ms,VsyncDelay=1,GPU=93%/587Mhz,GPUTemp=77.5C,LayerCnt=3,Pkg=org.meumeu.wivrn.nx.warp,FrmId=4279
09-09 22:54:28.334 21421  5915 I WiVRn   : [2026-09-09 22:54:28.334] [WiVRn] [info] nxwarp[0] net: 164 frames closed in 2.0 s, 0 with a hole, 0 out-of-order datagrams, 0 frames completed late, 0 queued for the worker, 3691 decoded so far, 3861 stragglers dropped; last hole 0/0 chunks, first missing -1, short false, chunk 1166 B
09-09 22:54:28.335 21421  5915 I WiVRn   : [2026-09-09 22:54:28.335] [WiVRn] [info] nxwarp[0] net: 0.028 ms per datagram over 29332 datagrams (412.08 ms of every second)
09-09 22:54:28.335 21421  5915 I WiVRn   : [2026-09-09 22:54:28.335] [WiVRn] [info] nxwarp[0] sel: stride 1, arrival 11.6 ms, dropped-late 80, withheld 0, decoded 3691
09-09 22:54:28.335 21421  5915 I WiVRn   : [2026-09-09 22:54:28.335] [WiVRn] [info] nxwarp[0] rx: 665174 datagrams, placed 7255176 (+245841), late 66134 (+5013), stale_frame 0, bad_range 0, bad_dir 0, bad_caps 0, bad_ver 0, auth_fail 0, replay 0, frozen 0, dup 210
09-09 22:54:28.669 21421  5923 I WiVRn   : [2026-09-09 22:54:28.669] [WiVRn] [info] Tracking pattern (11112µs):
09-09 22:54:28.669 21421  5923 I WiVRn   : [2026-09-09 22:54:28.669] [WiVRn] [info] 	t+1493µs HEAD (9618µs)
09-09 22:54:28.669 21421  5923 I WiVRn   : [2026-09-09 22:54:28.669] [WiVRn] [info] 	t+1574µs LEFT_GRIP (9537µs)
09-09 22:54:28.669 21421  5923 I WiVRn   : [2026-09-09 22:54:28.669] [WiVRn] [info] 	t+1670µs RIGHT_GRIP (9441µs)
09-09 22:54:28.669 21421  5923 I WiVRn   : [2026-09-09 22:54:28.669] [WiVRn] [info] 	t+4493µs HEAD (6618µs)
09-09 22:54:28.669 21421  5923 I WiVRn   : [2026-09-09 22:54:28.669] [WiVRn] [info] 	t+4574µs LEFT_GRIP (6537µs)
09-09 22:54:28.669 21421  5923 I WiVRn   : [2026-09-09 22:54:28.669] [WiVRn] [info] 	t+4670µs RIGHT_GRIP (6441µs)
09-09 22:54:28.823 21421  5854 I PxrMetric: FPS=90/90,MTP=30.56ms,AppSW=off,FrmEarly=14,FrmLate=11,FrmCpu=0.89ms,FrmGpu=9.01ms,FrmTime=11.12ms,ATWGPU=1.54ms,VsyncDelay=1,GPU=95%/587Mhz,GPUTemp=76.0C,LayerCnt=3,Pkg=org.meumeu.wivrn.nx.warp,FrmId=4368
09-09 22:54:29.082 21421  5917 I WiVRn   : [2026-09-09 22:54:29.082] [WiVRn] [info] nxwarp[0]: 164 frames in 2.0 s: 147987 B/frame, wait-prev 0.0 ms, wall 9.7 ms, nxvc passA 2.3 passB 3.0 gpu 5.3 ms; holes 0, refused 0
09-09 22:54:29.082 21421  5917 I WiVRn   : [2026-09-09 22:54:29.082] [WiVRn] [info] nxwarp[0] gpu duty 436 ms/s (44% of one GPU) for decode alone; the display pass is extra
09-09 22:54:29.082 21421  5917 I WiVRn   : [2026-09-09 22:54:29.082] [WiVRn] [info] nxwarp[0] passB 3.0 ms = warp 0.0 + skip 0.0 + coded 0.0 + dir 0.0 + other 3.0; tiles skip 0 / coded 2312 / dir 0 (eye pass 0)
09-09 22:54:29.082 21421  5917 I WiVRn   : [2026-09-09 22:54:29.082] [WiVRn] [info] nxwarp[0]: 80 frames dropped late (queue kept to 1)
09-09 22:54:29.082 21421  5917 I WiVRn   : [2026-09-09 22:54:29.082] [WiVRn] [info] nxwarp[0] stage: gap 2.5 | wait-prev 0.0 | submit 1.0 (qlock 0.0 + codec 1.0) | get_free 0.0 | fence-pre 0.0 | record 0.0 | qsubmit 0.0 | fence-post 8.7 | publish 0.0 ms; withheld 0, stride 1, arrival 10.9 ms
09-09 22:54:29.082 21421  5917 I WiVRn   : [2026-09-09 22:54:29.082] [WiVRn] [info] nxwarp[0] reassembly (network thread): 0.07 ms/frame over 164 frames, buffer 145 kB held for 145 kB of unit (1.0x)
09-09 22:54:29.082 21421  5917 I WiVRn   : [2026-09-09 22:54:29.082] [WiVRn] [info] nxwarp[0] fence-post 8.7 ms = nxvc gpu 5.3 + copy gpu 0.00 + queue 3.3 (over 164 frames with timestamps)
09-09 22:54:29.114 21421  5862 I WiVRn   : [2026-09-09 22:54:29.114] [WiVRn] [info] render: 179 iterations in 2.0 s (89.0/s), 179 submitted a layer, 145 new-source, 0 skipped by the repeat gate, 0 with nothing to show; display period 11.2 ms
09-09 22:54:29.114 21421  5862 I WiVRn   : [2026-09-09 22:54:29.114] [WiVRn] [info] render: ready wait attempts 68 success 34 total 109.750 ms | selected older than available 0
09-09 22:54:29.114 21421  5862 I WiVRn   : [2026-09-09 22:54:29.114] [WiVRn] [info] render: selected source transitions forward 145 backward 0 repeat 34, greatest forward gap 2
09-09 22:54:29.114 21421  5862 I WiVRn   : [2026-09-09 22:54:29.114] [WiVRn] [info] render: this app's own GPU pass 5.1 ms per iteration
09-09 22:54:29.114 21421  5862 I WiVRn   : [2026-09-09 22:54:29.114] [WiVRn] [info] render: defoveate 2160x2160 per eye x2 = 9.33 Mpx/frame at scale 1.00 atlas-prototype 0; 34 re-presented from the cache (reduce_gpu_load on)
09-09 22:54:29.114 21421  5862 I WiVRn   : [2026-09-09 22:54:29.114] [WiVRn] [info] render: shader path sharpness 0.00 fsr false alpha false motion false blend false glow 0.00 vignette 0.00 deband 0.00 lowpoly 0.00 levels 0 full-kernel false
09-09 22:54:29.114 21421  5862 I WiVRn   : [2026-09-09 22:54:29.114] [WiVRn] [info] render: per iteration fence 1.1 (worst 10.7) | queries 0.0 | submit 0.0 | whole render() 2.3 ms
09-09 22:54:29.114 21421  5862 I WiVRn   : [2026-09-09 22:54:29.114] [WiVRn] [info] render: jit on | wake slack 34.6 ms | slept 0.7 ms mean (max 11.7, 179 of 179 iterations) | budget 11.4 = pass 10.4 + margin 1.0 | sleep cap 0.6 ms
09-09 22:54:29.114 21421  5862 I WiVRn   : [2026-09-09 22:54:29.114] [WiVRn] [info] render: source display-time offset 58.5 ms mean (worst 76.0) over 179 frames | submit lead 31.5 ms mean (worst 20.3) | misses: 0 overrun 0 late 1 skipped refresh
09-09 22:54:29.669 21421  5923 I WiVRn   : [2026-09-09 22:54:29.669] [WiVRn] [info] Tracking pattern (11110µs):
09-09 22:54:29.669 21421  5923 I WiVRn   : [2026-09-09 22:54:29.669] [WiVRn] [info] 	t+1406µs HEAD (9704µs)
09-09 22:54:29.669 21421  5923 I WiVRn   : [2026-09-09 22:54:29.669] [WiVRn] [info] 	t+1491µs LEFT_GRIP (9618µs)
09-09 22:54:29.669 21421  5923 I WiVRn   : [2026-09-09 22:54:29.669] [WiVRn] [info] 	t+1500µs RIGHT_GRIP (9609µs)
09-09 22:54:29.669 21421  5923 I WiVRn   : [2026-09-09 22:54:29.669] [WiVRn] [info] 	t+4406µs HEAD (6704µs)
09-09 22:54:29.669 21421  5923 I WiVRn   : [2026-09-09 22:54:29.669] [WiVRn] [info] 	t+4491µs LEFT_GRIP (6618µs)
09-09 22:54:29.669 21421  5923 I WiVRn   : [2026-09-09 22:54:29.669] [WiVRn] [info] 	t+4500µs RIGHT_GRIP (6609µs)
09-09 22:54:29.831 21421  5854 I PxrMetric: FPS=88/90,MTP=37.27ms,AppSW=off,FrmEarly=8,FrmLate=13,FrmCpu=0.52ms,FrmGpu=11.22ms,FrmTime=21.22ms,ATWGPU=1.56ms,VsyncDelay=2,GPU=99%/587Mhz,GPUTemp=76.0C,LayerCnt=3,Pkg=org.meumeu.wivrn.nx.warp,FrmId=4457
09-09 22:54:30.347 21421  5915 I WiVRn   : [2026-09-09 22:54:30.347] [WiVRn] [info] nxwarp[0] net: 163 frames closed in 2.0 s, 0 with a hole, 0 out-of-order datagrams, 0 frames completed late, 0 queued for the worker, 3853 decoded so far, 4030 stragglers dropped; last hole 0/0 chunks, first missing -1, short false, chunk 1166 B
09-09 22:54:30.347 21421  5915 I WiVRn   : [2026-09-09 22:54:30.347] [WiVRn] [info] nxwarp[0] net: 0.031 ms per datagram over 25904 datagrams (400.52 ms of every second)
09-09 22:54:30.347 21421  5915 I WiVRn   : [2026-09-09 22:54:30.347] [WiVRn] [info] nxwarp[0] sel: stride 1, arrival 11.0 ms, dropped-late 80, withheld 0, decoded 3853
09-09 22:54:30.347 21421  5915 I WiVRn   : [2026-09-09 22:54:30.347] [WiVRn] [info] nxwarp[0] rx: 691078 datagrams, placed 7345717 (+90541), late 78791 (+12657), stale_frame 0, bad_range 0, bad_dir 0, bad_caps 0, bad_ver 0, auth_fail 0, replay 0, frozen 0, dup 259
09-09 22:54:30.367 21421  5862 I WiVRn   : [2026-09-09 22:54:30.367] [WiVRn] [info] Received event type Unknown
09-09 22:54:30.669 21421  5923 I WiVRn   : [2026-09-09 22:54:30.669] [WiVRn] [info] Tracking pattern (11112µs):
09-09 22:54:30.669 21421  5923 I WiVRn   : [2026-09-09 22:54:30.669] [WiVRn] [info] 	t+1984µs HEAD (9127µs)
09-09 22:54:30.669 21421  5923 I WiVRn   : [2026-09-09 22:54:30.669] [WiVRn] [info] 	t+2068µs LEFT_GRIP (9044µs)
09-09 22:54:30.669 21421  5923 I WiVRn   : [2026-09-09 22:54:30.669] [WiVRn] [info] 	t+2076µs RIGHT_GRIP (9036µs)
09-09 22:54:30.669 21421  5923 I WiVRn   : [2026-09-09 22:54:30.669] [WiVRn] [info] 	t+4984µs HEAD (6127µs)
09-09 22:54:30.669 21421  5923 I WiVRn   : [2026-09-09 22:54:30.669] [WiVRn] [info] 	t+5068µs LEFT_GRIP (6044µs)
09-09 22:54:30.669 21421  5923 I WiVRn   : [2026-09-09 22:54:30.669] [WiVRn] [info] 	t+5076µs RIGHT_GRIP (6036µs)
09-09 22:54:30.837 21421  5854 I PxrMetric: FPS=88/90,MTP=31.57ms,AppSW=off,FrmEarly=17,FrmLate=9,FrmCpu=1.00ms,FrmGpu=7.95ms,FrmTime=9.61ms,ATWGPU=1.55ms,VsyncDelay=1,GPU=95%/587Mhz,GPUTemp=76.8C,LayerCnt=3,Pkg=org.meumeu.wivrn.nx.warp,FrmId=4546
09-09 22:54:31.093 21421  5917 I WiVRn   : [2026-09-09 22:54:31.093] [WiVRn] [info] nxwarp[0]: 162 frames in 2.0 s: 141168 B/frame, wait-prev 0.0 ms, wall 9.9 ms, nxvc passA 2.2 passB 3.0 gpu 5.2 ms; holes 0, refused 0
09-09 22:54:31.093 21421  5917 I WiVRn   : [2026-09-09 22:54:31.093] [WiVRn] [info] nxwarp[0] gpu duty 420 ms/s (42% of one GPU) for decode alone; the display pass is extra
09-09 22:54:31.093 21421  5917 I WiVRn   : [2026-09-09 22:54:31.093] [WiVRn] [info] nxwarp[0] passB 3.0 ms = warp 0.0 + skip 0.0 + coded 0.0 + dir 0.0 + other 3.0; tiles skip 0 / coded 2312 / dir 0 (eye pass 0)
09-09 22:54:31.093 21421  5917 I WiVRn   : [2026-09-09 22:54:31.093] [WiVRn] [info] nxwarp[0]: 80 frames dropped late (queue kept to 1)
09-09 22:54:31.093 21421  5917 I WiVRn   : [2026-09-09 22:54:31.093] [WiVRn] [info] nxwarp[0] stage: gap 2.5 | wait-prev 0.0 | submit 1.0 (qlock 0.0 + codec 1.0) | get_free 0.0 | fence-pre 0.0 | record 0.0 | qsubmit 0.0 | fence-post 8.8 | publish 0.0 ms; withheld 0, stride 1, arrival 13.2 ms
09-09 22:54:31.093 21421  5917 I WiVRn   : [2026-09-09 22:54:31.093] [WiVRn] [info] nxwarp[0] reassembly (network thread): 0.08 ms/frame over 162 frames, buffer 138 kB held for 138 kB of unit (1.0x)
09-09 22:54:31.093 21421  5917 I WiVRn   : [2026-09-09 22:54:31.093] [WiVRn] [info] nxwarp[0] fence-post 8.9 ms = nxvc gpu 5.2 + copy gpu 0.00 + queue 3.6 (over 162 frames with timestamps)
09-09 22:54:31.118 21421  5862 I WiVRn   : [2026-09-09 22:54:31.117] [WiVRn] [info] render: 177 iterations in 2.0 s (88.4/s), 177 submitted a layer, 150 new-source, 0 skipped by the repeat gate, 0 with nothing to show; display period 11.3 ms
09-09 22:54:31.118 21421  5862 I WiVRn   : [2026-09-09 22:54:31.118] [WiVRn] [info] render: ready wait attempts 71 success 44 total 98.108 ms | selected older than available 0
09-09 22:54:31.118 21421  5862 I WiVRn   : [2026-09-09 22:54:31.118] [WiVRn] [info] render: selected source transitions forward 150 backward 0 repeat 27, greatest forward gap 2
09-09 22:54:31.118 21421  5862 I WiVRn   : [2026-09-09 22:54:31.118] [WiVRn] [info] render: this app's own GPU pass 5.4 ms per iteration
09-09 22:54:31.118 21421  5862 I WiVRn   : [2026-09-09 22:54:31.118] [WiVRn] [info] render: defoveate 2160x2160 per eye x2 = 9.33 Mpx/frame at scale 1.00 atlas-prototype 0; 27 re-presented from the cache (reduce_gpu_load on)
09-09 22:54:31.118 21421  5862 I WiVRn   : [2026-09-09 22:54:31.118] [WiVRn] [info] render: shader path sharpness 0.00 fsr false alpha false motion false blend false glow 0.00 vignette 0.00 deband 0.00 lowpoly 0.00 levels 0 full-kernel false
09-09 22:54:31.118 21421  5862 I WiVRn   : [2026-09-09 22:54:31.118] [WiVRn] [info] render: per iteration fence 2.3 (worst 11.2) | queries 0.0 | submit 0.0 | whole render() 3.4 ms
09-09 22:54:31.118 21421  5862 I WiVRn   : [2026-09-09 22:54:31.118] [WiVRn] [info] render: jit on | wake slack 35.7 ms | slept 0.6 ms mean (max 0.6, 177 of 177 iterations) | budget 11.6 = pass 10.6 + margin 1.0 | sleep cap 0.6 ms
09-09 22:54:31.118 21421  5862 I WiVRn   : [2026-09-09 22:54:31.118] [WiVRn] [info] render: source display-time offset 58.7 ms mean (worst 76.5) over 177 frames | submit lead 31.7 ms mean (worst 24.6) | misses: 0 overrun 0 late 0 skipped refresh
09-09 22:54:31.669 21421  5923 I WiVRn   : [2026-09-09 22:54:31.669] [WiVRn] [info] Tracking pattern (11113µs):
09-09 22:54:31.669 21421  5923 I WiVRn   : [2026-09-09 22:54:31.669] [WiVRn] [info] 	t+2542µs HEAD (8571µs)
09-09 22:54:31.669 21421  5923 I WiVRn   : [2026-09-09 22:54:31.669] [WiVRn] [info] 	t+2590µs LEFT_GRIP (8523µs)
09-09 22:54:31.669 21421  5923 I WiVRn   : [2026-09-09 22:54:31.669] [WiVRn] [info] 	t+2604µs RIGHT_GRIP (8509µs)
09-09 22:54:31.669 21421  5923 I WiVRn   : [2026-09-09 22:54:31.669] [WiVRn] [info] 	t+5542µs HEAD (5571µs)
09-09 22:54:31.669 21421  5923 I WiVRn   : [2026-09-09 22:54:31.669] [WiVRn] [info] 	t+5590µs LEFT_GRIP (5523µs)
09-09 22:54:31.669 21421  5923 I WiVRn   : [2026-09-09 22:54:31.669] [WiVRn] [info] 	t+5604µs RIGHT_GRIP (5509µs)
09-09 22:54:31.841 21421  5854 I PxrMetric: FPS=88/90,MTP=27.48ms,AppSW=off,FrmEarly=9,FrmLate=6,FrmCpu=0.80ms,FrmGpu=9.45ms,FrmTime=12.57ms,ATWGPU=1.55ms,VsyncDelay=1,GPU=95%/587Mhz,GPUTemp=75.2C,LayerCnt=3,Pkg=org.meumeu.wivrn.nx.warp,FrmId=4635
09-09 22:54:32.359 21421  5915 I WiVRn   : [2026-09-09 22:54:32.359] [WiVRn] [info] nxwarp[0] net: 162 frames closed in 2.0 s, 0 with a hole, 0 out-of-order datagrams, 0 frames completed late, 0 queued for the worker, 4016 decoded so far, 4192 stragglers dropped; last hole 0/0 chunks, first missing -1, short false, chunk 1166 B
09-09 22:54:32.359 21421  5915 I WiVRn   : [2026-09-09 22:54:32.359] [WiVRn] [info] nxwarp[0] net: 0.029 ms per datagram over 27561 datagrams (396.41 ms of every second)
09-09 22:54:32.359 21421  5915 I WiVRn   : [2026-09-09 22:54:32.359] [WiVRn] [info] nxwarp[0] sel: stride 1, arrival 14.6 ms, dropped-late 80, withheld 0, decoded 4016
09-09 22:54:32.359 21421  5915 I WiVRn   : [2026-09-09 22:54:32.359] [WiVRn] [info] nxwarp[0] rx: 718639 datagrams, placed 7634623 (+288906), late 82618 (+3827), stale_frame 0, bad_range 0, bad_dir 0, bad_caps 0, bad_ver 0, auth_fail 0, replay 0, frozen 0, dup 269
09-09 22:54:32.669 21421  5923 I WiVRn   : [2026-09-09 22:54:32.669] [WiVRn] [info] Tracking pattern (11111µs):
09-09 22:54:32.669 21421  5923 I WiVRn   : [2026-09-09 22:54:32.669] [WiVRn] [info] 	t+2261µs HEAD (8849µs)
09-09 22:54:32.669 21421  5923 I WiVRn   : [2026-09-09 22:54:32.669] [WiVRn] [info] 	t+2350µs LEFT_GRIP (8761µs)
09-09 22:54:32.669 21421  5923 I WiVRn   : [2026-09-09 22:54:32.669] [WiVRn] [info] 	t+2614µs RIGHT_GRIP (8497µs)
09-09 22:54:32.669 21421  5923 I WiVRn   : [2026-09-09 22:54:32.669] [WiVRn] [info] 	t+5261µs HEAD (5849µs)
09-09 22:54:32.669 21421  5923 I WiVRn   : [2026-09-09 22:54:32.669] [WiVRn] [info] 	t+5350µs LEFT_GRIP (5761µs)
09-09 22:54:32.669 21421  5923 I WiVRn   : [2026-09-09 22:54:32.669] [WiVRn] [info] 	t+5614µs RIGHT_GRIP (5497µs)
09-09 22:54:32.845 21421  5854 I PxrMetric: FPS=89/90,MTP=30.59ms,AppSW=off,FrmEarly=12,FrmLate=8,FrmCpu=0.83ms,FrmGpu=8.90ms,FrmTime=10.71ms,ATWGPU=1.56ms,VsyncDelay=1,GPU=99%/587Mhz,GPUTemp=74.4C,LayerCnt=3,Pkg=org.meumeu.wivrn.nx.warp,FrmId=4725
09-09 22:54:33.098 21421  5917 I WiVRn   : [2026-09-09 22:54:33.098] [WiVRn] [info] nxwarp[0]: 168 frames in 2.0 s: 135665 B/frame, wait-prev 0.0 ms, wall 9.5 ms, nxvc passA 2.0 passB 3.0 gpu 5.0 ms; holes 0, refused 0
09-09 22:54:33.098 21421  5917 I WiVRn   : [2026-09-09 22:54:33.098] [WiVRn] [info] nxwarp[0] gpu duty 419 ms/s (42% of one GPU) for decode alone; the display pass is extra
09-09 22:54:33.098 21421  5917 I WiVRn   : [2026-09-09 22:54:33.098] [WiVRn] [info] nxwarp[0] passB 3.0 ms = warp 0.0 + skip 0.0 + coded 0.0 + dir 0.0 + other 3.0; tiles skip 0 / coded 2312 / dir 0 (eye pass 0)
09-09 22:54:33.098 21421  5917 I WiVRn   : [2026-09-09 22:54:33.098] [WiVRn] [info] nxwarp[0]: 80 frames dropped late (queue kept to 1)
09-09 22:54:33.098 21421  5917 I WiVRn   : [2026-09-09 22:54:33.098] [WiVRn] [info] nxwarp[0] stage: gap 2.5 | wait-prev 0.0 | submit 1.0 (qlock 0.0 + codec 1.0) | get_free 0.0 | fence-pre 0.0 | record 0.0 | qsubmit 0.0 | fence-post 8.4 | publish 0.0 ms; withheld 0, stride 1, arrival 11.7 ms
09-09 22:54:33.098 21421  5917 I WiVRn   : [2026-09-09 22:54:33.098] [WiVRn] [info] nxwarp[0] reassembly (network thread): 0.09 ms/frame over 167 frames, buffer 133 kB held for 133 kB of unit (1.0x)
09-09 22:54:33.098 21421  5917 I WiVRn   : [2026-09-09 22:54:33.098] [WiVRn] [info] nxwarp[0] fence-post 8.4 ms = nxvc gpu 5.0 + copy gpu 0.00 + queue 3.4 (over 168 frames with timestamps)
09-09 22:54:33.128 21421  5862 I WiVRn   : [2026-09-09 22:54:33.128] [WiVRn] [info] render: 179 iterations in 2.0 s (89.0/s), 179 submitted a layer, 148 new-source, 0 skipped by the repeat gate, 0 with nothing to show; display period 11.2 ms
09-09 22:54:33.128 21421  5862 I WiVRn   : [2026-09-09 22:54:33.128] [WiVRn] [info] render: ready wait attempts 85 success 54 total 116.898 ms | selected older than available 0
09-09 22:54:33.128 21421  5862 I WiVRn   : [2026-09-09 22:54:33.128] [WiVRn] [info] render: selected source transitions forward 148 backward 0 repeat 31, greatest forward gap 2
09-09 22:54:33.128 21421  5862 I WiVRn   : [2026-09-09 22:54:33.128] [WiVRn] [info] render: this app's own GPU pass 5.2 ms per iteration
09-09 22:54:33.128 21421  5862 I WiVRn   : [2026-09-09 22:54:33.128] [WiVRn] [info] render: defoveate 2160x2160 per eye x2 = 9.33 Mpx/frame at scale 1.00 atlas-prototype 0; 31 re-presented from the cache (reduce_gpu_load on)
09-09 22:54:33.128 21421  5862 I WiVRn   : [2026-09-09 22:54:33.128] [WiVRn] [info] render: shader path sharpness 0.00 fsr false alpha false motion false blend false glow 0.00 vignette 0.00 deband 0.00 lowpoly 0.00 levels 0 full-kernel false
09-09 22:54:33.128 21421  5862 I WiVRn   : [2026-09-09 22:54:33.128] [WiVRn] [info] render: per iteration fence 0.9 (worst 10.2) | queries 0.0 | submit 0.0 | whole render() 2.1 ms
09-09 22:54:33.128 21421  5862 I WiVRn   : [2026-09-09 22:54:33.128] [WiVRn] [info] render: jit on | wake slack 34.1 ms | slept 0.7 ms mean (max 11.7, 179 of 179 iterations) | budget 10.7 = pass 9.7 + margin 1.0 | sleep cap 0.6 ms
09-09 22:54:33.128 21421  5862 I WiVRn   : [2026-09-09 22:54:33.128] [WiVRn] [info] render: source display-time offset 57.2 ms mean (worst 76.8) over 179 frames | submit lead 31.2 ms mean (worst 18.6) | misses: 0 overrun 0 late 1 skipped refresh
09-09 22:54:33.669 21421  5923 I WiVRn   : [2026-09-09 22:54:33.669] [WiVRn] [info] Tracking pattern (11112µs):
09-09 22:54:33.669 21421  5923 I WiVRn   : [2026-09-09 22:54:33.669] [WiVRn] [info] 	t+2534µs HEAD (8577µs)
09-09 22:54:33.669 21421  5923 I WiVRn   : [2026-09-09 22:54:33.669] [WiVRn] [info] 	t+2598µs LEFT_GRIP (8514µs)
09-09 22:54:33.669 21421  5923 I WiVRn   : [2026-09-09 22:54:33.669] [WiVRn] [info] 	t+2608µs RIGHT_GRIP (8504µs)
09-09 22:54:33.669 21421  5923 I WiVRn   : [2026-09-09 22:54:33.669] [WiVRn] [info] 	t+5534µs HEAD (5577µs)
09-09 22:54:33.669 21421  5923 I WiVRn   : [2026-09-09 22:54:33.669] [WiVRn] [info] 	t+5598µs LEFT_GRIP (5514µs)
09-09 22:54:33.669 21421  5923 I WiVRn   : [2026-09-09 22:54:33.669] [WiVRn] [info] 	t+5608µs RIGHT_GRIP (5504µs)
09-09 22:54:33.858 21421  5854 I PxrMetric: FPS=90/90,MTP=32.55ms,AppSW=off,FrmEarly=11,FrmLate=0,FrmCpu=0.91ms,FrmGpu=7.90ms,FrmTime=9.81ms,ATWGPU=1.57ms,VsyncDelay=1,GPU=95%/587Mhz,GPUTemp=75.6C,LayerCnt=3,Pkg=org.meumeu.wivrn.nx.warp,FrmId=4816
09-09 22:54:34.368 21421  5915 I WiVRn   : [2026-09-09 22:54:34.368] [WiVRn] [info] nxwarp[0] net: 172 frames closed in 2.0 s, 0 with a hole, 0 out-of-order datagrams, 0 frames completed late, 0 queued for the worker, 4187 decoded so far, 4364 stragglers dropped; last hole 0/0 chunks, first missing -1, short false, chunk 1166 B
09-09 22:54:34.368 21421  5915 I WiVRn   : [2026-09-09 22:54:34.368] [WiVRn] [info] nxwarp[0] net: 0.027 ms per datagram over 30529 datagrams (417.19 ms of every second)
09-09 22:54:34.368 21421  5915 I WiVRn   : [2026-09-09 22:54:34.368] [WiVRn] [info] nxwarp[0] sel: stride 1, arrival 10.9 ms, dropped-late 80, withheld 0, decoded 4187
09-09 22:54:34.368 21421  5915 I WiVRn   : [2026-09-09 22:54:34.368] [WiVRn] [info] nxwarp[0] rx: 749168 datagrams, placed 7973062 (+338439), late 84571 (+1953), stale_frame 0, bad_range 0, bad_dir 0, bad_caps 0, bad_ver 0, auth_fail 0, replay 0, frozen 0, dup 282
09-09 22:54:34.669 21421  5923 I WiVRn   : [2026-09-09 22:54:34.669] [WiVRn] [info] Tracking pattern (11111µs):
09-09 22:54:34.669 21421  5923 I WiVRn   : [2026-09-09 22:54:34.669] [WiVRn] [info] 	t+2533µs HEAD (8578µs)
09-09 22:54:34.669 21421  5923 I WiVRn   : [2026-09-09 22:54:34.669] [WiVRn] [info] 	t+2743µs LEFT_GRIP (8368µs)
09-09 22:54:34.669 21421  5923 I WiVRn   : [2026-09-09 22:54:34.669] [WiVRn] [info] 	t+2750µs RIGHT_GRIP (8361µs)
09-09 22:54:34.669 21421  5923 I WiVRn   : [2026-09-09 22:54:34.669] [WiVRn] [info] 	t+5533µs HEAD (5578µs)
09-09 22:54:34.669 21421  5923 I WiVRn   : [2026-09-09 22:54:34.669] [WiVRn] [info] 	t+5743µs LEFT_GRIP (5368µs)
09-09 22:54:34.669 21421  5923 I WiVRn   : [2026-09-09 22:54:34.669] [WiVRn] [info] 	t+5750µs RIGHT_GRIP (5361µs)
09-09 22:54:34.867 21421  5854 I PxrMetric: FPS=90/90,MTP=34.29ms,AppSW=off,FrmEarly=7,FrmLate=20,FrmCpu=0.58ms,FrmGpu=10.55ms,FrmTime=17.46ms,ATWGPU=1.55ms,VsyncDelay=2,GPU=99%/587Mhz,GPUTemp=75.6C,LayerCnt=3,Pkg=org.meumeu.wivrn.nx.warp,FrmId=4904
09-09 22:54:35.103 21421  5917 I WiVRn   : [2026-09-09 22:54:35.103] [WiVRn] [info] nxwarp[0]: 167 frames in 2.0 s: 137806 B/frame, wait-prev 0.0 ms, wall 9.7 ms, nxvc passA 2.2 passB 2.9 gpu 5.1 ms; holes 0, refused 0
09-09 22:54:35.103 21421  5917 I WiVRn   : [2026-09-09 22:54:35.103] [WiVRn] [info] nxwarp[0] gpu duty 426 ms/s (43% of one GPU) for decode alone; the display pass is extra
09-09 22:54:35.103 21421  5917 I WiVRn   : [2026-09-09 22:54:35.103] [WiVRn] [info] nxwarp[0] passB 2.9 ms = warp 0.0 + skip 0.0 + coded 0.0 + dir 0.0 + other 2.9; tiles skip 0 / coded 2312 / dir 0 (eye pass 0)
09-09 22:54:35.103 21421  5917 I WiVRn   : [2026-09-09 22:54:35.103] [WiVRn] [info] nxwarp[0]: 80 frames dropped late (queue kept to 1)
09-09 22:54:35.103 21421  5917 I WiVRn   : [2026-09-09 22:54:35.103] [WiVRn] [info] nxwarp[0] stage: gap 2.3 | wait-prev 0.0 | submit 1.0 (qlock 0.0 + codec 1.0) | get_free 0.0 | fence-pre 0.0 | record 0.0 | qsubmit 0.0 | fence-post 8.6 | publish 0.0 ms; withheld 0, stride 1, arrival 11.6 ms
09-09 22:54:35.103 21421  5917 I WiVRn   : [2026-09-09 22:54:35.103] [WiVRn] [info] nxwarp[0] reassembly (network thread): 0.09 ms/frame over 168 frames, buffer 135 kB held for 135 kB of unit (1.0x)
09-09 22:54:35.103 21421  5917 I WiVRn   : [2026-09-09 22:54:35.103] [WiVRn] [info] nxwarp[0] fence-post 8.7 ms = nxvc gpu 5.1 + copy gpu 0.00 + queue 3.5 (over 167 frames with timestamps)
09-09 22:54:35.138 21421  5862 I WiVRn   : [2026-09-09 22:54:35.138] [WiVRn] [info] render: 178 iterations in 2.0 s (88.5/s), 178 submitted a layer, 152 new-source, 0 skipped by the repeat gate, 0 with nothing to show; display period 11.3 ms
09-09 22:54:35.138 21421  5862 I WiVRn   : [2026-09-09 22:54:35.138] [WiVRn] [info] render: ready wait attempts 58 success 32 total 90.053 ms | selected older than available 0
09-09 22:54:35.138 21421  5862 I WiVRn   : [2026-09-09 22:54:35.138] [WiVRn] [info] render: selected source transitions forward 152 backward 0 repeat 26, greatest forward gap 2
09-09 22:54:35.138 21421  5862 I WiVRn   : [2026-09-09 22:54:35.138] [WiVRn] [info] render: this app's own GPU pass 5.5 ms per iteration
09-09 22:54:35.138 21421  5862 I WiVRn   : [2026-09-09 22:54:35.138] [WiVRn] [info] render: defoveate 2160x2160 per eye x2 = 9.33 Mpx/frame at scale 1.00 atlas-prototype 0; 26 re-presented from the cache (reduce_gpu_load on)
09-09 22:54:35.138 21421  5862 I WiVRn   : [2026-09-09 22:54:35.138] [WiVRn] [info] render: shader path sharpness 0.00 fsr false alpha false motion false blend false glow 0.00 vignette 0.00 deband 0.00 lowpoly 0.00 levels 0 full-kernel false
09-09 22:54:35.138 21421  5862 I WiVRn   : [2026-09-09 22:54:35.138] [WiVRn] [info] render: per iteration fence 1.5 (worst 11.3) | queries 0.0 | submit 0.0 | whole render() 2.6 ms
09-09 22:54:35.138 21421  5862 I WiVRn   : [2026-09-09 22:54:35.138] [WiVRn] [info] render: jit on | wake slack 35.5 ms | slept 0.8 ms mean (max 11.7, 178 of 178 iterations) | budget 12.5 = pass 11.5 + margin 1.0 | sleep cap 0.6 ms
09-09 22:54:35.138 21421  5862 I WiVRn   : [2026-09-09 22:54:35.138] [WiVRn] [info] render: source display-time offset 59.5 ms mean (worst 77.2) over 178 frames | submit lead 32.0 ms mean (worst 24.1) | misses: 0 overrun 0 late 1 skipped refresh
09-09 22:54:35.669 21421  5923 I WiVRn   : [2026-09-09 22:54:35.669] [WiVRn] [info] Tracking pattern (11111µs):
09-09 22:54:35.669 21421  5923 I WiVRn   : [2026-09-09 22:54:35.669] [WiVRn] [info] 	t+2395µs HEAD (8715µs)
09-09 22:54:35.669 21421  5923 I WiVRn   : [2026-09-09 22:54:35.669] [WiVRn] [info] 	t+2442µs LEFT_GRIP (8669µs)
09-09 22:54:35.669 21421  5923 I WiVRn   : [2026-09-09 22:54:35.669] [WiVRn] [info] 	t+2448µs RIGHT_GRIP (8662µs)
09-09 22:54:35.669 21421  5923 I WiVRn   : [2026-09-09 22:54:35.669] [WiVRn] [info] 	t+5395µs HEAD (5715µs)
09-09 22:54:35.669 21421  5923 I WiVRn   : [2026-09-09 22:54:35.669] [WiVRn] [info] 	t+5442µs LEFT_GRIP (5669µs)
09-09 22:54:35.669 21421  5923 I WiVRn   : [2026-09-09 22:54:35.669] [WiVRn] [info] 	t+5448µs RIGHT_GRIP (5662µs)
09-09 22:54:35.878 21421  5854 I PxrMetric: FPS=87/90,MTP=30.59ms,AppSW=off,FrmEarly=8,FrmLate=0,FrmCpu=1.15ms,FrmGpu=6.69ms,FrmTime=8.49ms,ATWGPU=1.55ms,VsyncDelay=1,GPU=88%/587Mhz,GPUTemp=73.6C,LayerCnt=3,Pkg=org.meumeu.wivrn.nx.warp,FrmId=4995
09-09 22:54:36.379 21421  5915 I WiVRn   : [2026-09-09 22:54:36.379] [WiVRn] [info] nxwarp[0] net: 164 frames closed in 2.0 s, 0 with a hole, 0 out-of-order datagrams, 0 frames completed late, 0 queued for the worker, 4351 decoded so far, 4528 stragglers dropped; last hole 0/0 chunks, first missing -1, short false, chunk 1166 B
09-09 22:54:36.379 21421  5915 I WiVRn   : [2026-09-09 22:54:36.379] [WiVRn] [info] nxwarp[0] net: 0.027 ms per datagram over 30953 datagrams (415.16 ms of every second)
09-09 22:54:36.379 21421  5915 I WiVRn   : [2026-09-09 22:54:36.379] [WiVRn] [info] nxwarp[0] sel: stride 1, arrival 12.4 ms, dropped-late 80, withheld 0, decoded 4351
09-09 22:54:36.379 21421  5915 I WiVRn   : [2026-09-09 22:54:36.379] [WiVRn] [info] nxwarp[0] rx: 780121 datagrams, placed 8350040 (+376978), late 84641 (+70), stale_frame 0, bad_range 0, bad_dir 0, bad_caps 0, bad_ver 0, auth_fail 0, replay 0, frozen 0, dup 284
09-09 22:54:36.669 21421  5923 I WiVRn   : [2026-09-09 22:54:36.669] [WiVRn] [info] Tracking pattern (11112µs):
09-09 22:54:36.669 21421  5923 I WiVRn   : [2026-09-09 22:54:36.669] [WiVRn] [info] 	t+2669µs HEAD (8443µs)
09-09 22:54:36.669 21421  5923 I WiVRn   : [2026-09-09 22:54:36.669] [WiVRn] [info] 	t+2742µs LEFT_GRIP (8370µs)
09-09 22:54:36.669 21421  5923 I WiVRn   : [2026-09-09 22:54:36.669] [WiVRn] [info] 	t+2749µs RIGHT_GRIP (8363µs)
09-09 22:54:36.669 21421  5923 I WiVRn   : [2026-09-09 22:54:36.669] [WiVRn] [info] 	t+5669µs HEAD (5443µs)
09-09 22:54:36.669 21421  5923 I WiVRn   : [2026-09-09 22:54:36.669] [WiVRn] [info] 	t+5742µs LEFT_GRIP (5370µs)
09-09 22:54:36.669 21421  5923 I WiVRn   : [2026-09-09 22:54:36.669] [WiVRn] [info] 	t+5749µs RIGHT_GRIP (5363µs)
09-09 22:54:36.878 21421  5854 I PxrMetric: FPS=90/90,MTP=34.57ms,AppSW=off,FrmEarly=7,FrmLate=20,FrmCpu=0.54ms,FrmGpu=10.74ms,FrmTime=17.19ms,ATWGPU=1.54ms,VsyncDelay=2,GPU=99%/587Mhz,GPUTemp=74.4C,LayerCnt=3,Pkg=org.meumeu.wivrn.nx.warp,FrmId=5083
09-09 22:54:37.112 21421  5917 I WiVRn   : [2026-09-09 22:54:37.112] [WiVRn] [info] nxwarp[0]: 167 frames in 2.0 s: 138676 B/frame, wait-prev 0.0 ms, wall 9.6 ms, nxvc passA 2.1 passB 2.9 gpu 5.0 ms; holes 0, refused 0
09-09 22:54:37.112 21421  5917 I WiVRn   : [2026-09-09 22:54:37.112] [WiVRn] [info] nxwarp[0] gpu duty 418 ms/s (42% of one GPU) for decode alone; the display pass is extra
09-09 22:54:37.112 21421  5917 I WiVRn   : [2026-09-09 22:54:37.112] [WiVRn] [info] nxwarp[0] passB 2.9 ms = warp 0.0 + skip 0.0 + coded 0.0 + dir 0.0 + other 2.9; tiles skip 0 / coded 2312 / dir 0 (eye pass 0)
09-09 22:54:37.112 21421  5917 I WiVRn   : [2026-09-09 22:54:37.112] [WiVRn] [info] nxwarp[0]: 80 frames dropped late (queue kept to 1)
09-09 22:54:37.112 21421  5917 I WiVRn   : [2026-09-09 22:54:37.112] [WiVRn] [info] nxwarp[0] stage: gap 2.5 | wait-prev 0.0 | submit 1.0 (qlock 0.0 + codec 1.0) | get_free 0.0 | fence-pre 0.0 | record 0.0 | qsubmit 0.0 | fence-post 8.5 | publish 0.0 ms; withheld 0, stride 1, arrival 10.9 ms
09-09 22:54:37.112 21421  5917 I WiVRn   : [2026-09-09 22:54:37.112] [WiVRn] [info] nxwarp[0] reassembly (network thread): 0.09 ms/frame over 166 frames, buffer 135 kB held for 135 kB of unit (1.0x)
09-09 22:54:37.112 21421  5917 I WiVRn   : [2026-09-09 22:54:37.112] [WiVRn] [info] nxwarp[0] fence-post 8.5 ms = nxvc gpu 5.0 + copy gpu 0.00 + queue 3.5 (over 167 frames with timestamps)
09-09 22:54:37.144 21421  5862 I WiVRn   : [2026-09-09 22:54:37.144] [WiVRn] [info] render: 178 iterations in 2.0 s (88.7/s), 178 submitted a layer, 150 new-source, 0 skipped by the repeat gate, 0 with nothing to show; display period 11.3 ms
09-09 22:54:37.144 21421  5862 I WiVRn   : [2026-09-09 22:54:37.144] [WiVRn] [info] render: ready wait attempts 70 success 42 total 100.278 ms | selected older than available 0
09-09 22:54:37.144 21421  5862 I WiVRn   : [2026-09-09 22:54:37.144] [WiVRn] [info] render: selected source transitions forward 150 backward 0 repeat 28, greatest forward gap 2
09-09 22:54:37.144 21421  5862 I WiVRn   : [2026-09-09 22:54:37.144] [WiVRn] [info] render: this app's own GPU pass 5.4 ms per iteration
09-09 22:54:37.144 21421  5862 I WiVRn   : [2026-09-09 22:54:37.144] [WiVRn] [info] render: defoveate 2160x2160 per eye x2 = 9.33 Mpx/frame at scale 1.00 atlas-prototype 0; 28 re-presented from the cache (reduce_gpu_load on)
09-09 22:54:37.144 21421  5862 I WiVRn   : [2026-09-09 22:54:37.144] [WiVRn] [info] render: shader path sharpness 0.00 fsr false alpha false motion false blend false glow 0.00 vignette 0.00 deband 0.00 lowpoly 0.00 levels 0 full-kernel false
09-09 22:54:37.144 21421  5862 I WiVRn   : [2026-09-09 22:54:37.144] [WiVRn] [info] render: per iteration fence 1.7 (worst 11.3) | queries 0.0 | submit 0.0 | whole render() 2.8 ms
09-09 22:54:37.144 21421  5862 I WiVRn   : [2026-09-09 22:54:37.144] [WiVRn] [info] render: jit on | wake slack 35.0 ms | slept 0.8 ms mean (max 11.7, 178 of 178 iterations) | budget 12.5 = pass 11.5 + margin 1.0 | sleep cap 0.6 ms
09-09 22:54:37.144 21421  5862 I WiVRn   : [2026-09-09 22:54:37.144] [WiVRn] [info] render: source display-time offset 59.0 ms mean (worst 77.4) over 178 frames | submit lead 31.4 ms mean (worst 20.1) | misses: 0 overrun 0 late 1 skipped refresh
09-09 22:54:37.680 21421  5923 I WiVRn   : [2026-09-09 22:54:37.680] [WiVRn] [info] Tracking pattern (11114µs):
09-09 22:54:37.680 21421  5923 I WiVRn   : [2026-09-09 22:54:37.680] [WiVRn] [info] 	t+2858µs HEAD (8255µs)
09-09 22:54:37.680 21421  5923 I WiVRn   : [2026-09-09 22:54:37.680] [WiVRn] [info] 	t+2909µs LEFT_GRIP (8204µs)
09-09 22:54:37.680 21421  5923 I WiVRn   : [2026-09-09 22:54:37.680] [WiVRn] [info] 	t+2913µs RIGHT_GRIP (8200µs)
09-09 22:54:37.680 21421  5923 I WiVRn   : [2026-09-09 22:54:37.680] [WiVRn] [info] 	t+5858µs HEAD (5255µs)
09-09 22:54:37.680 21421  5923 I WiVRn   : [2026-09-09 22:54:37.680] [WiVRn] [info] 	t+5909µs LEFT_GRIP (5204µs)
09-09 22:54:37.680 21421  5923 I WiVRn   : [2026-09-09 22:54:37.680] [WiVRn] [info] 	t+5913µs RIGHT_GRIP (5200µs)
09-09 22:54:37.884 21421  5854 I PxrMetric: FPS=88/90,MTP=38.69ms,AppSW=off,FrmEarly=14,FrmLate=10,FrmCpu=0.76ms,FrmGpu=9.10ms,FrmTime=15.16ms,ATWGPU=1.54ms,VsyncDelay=2,GPU=99%/587Mhz,GPUTemp=77.9C,LayerCnt=3,Pkg=org.meumeu.wivrn.nx.warp,FrmId=5172
09-09 22:54:38.380 21421  5915 I WiVRn   : [2026-09-09 22:54:38.380] [WiVRn] [info] nxwarp[0] net: 168 frames closed in 2.0 s, 0 with a hole, 0 out-of-order datagrams, 0 frames completed late, 0 queued for the worker, 4520 decoded so far, 4696 stragglers dropped; last hole 0/0 chunks, first missing -1, short false, chunk 1166 B
09-09 22:54:38.380 21421  5915 I WiVRn   : [2026-09-09 22:54:38.380] [WiVRn] [info] nxwarp[0] net: 0.027 ms per datagram over 30577 datagrams (414.86 ms of every second)
09-09 22:54:38.380 21421  5915 I WiVRn   : [2026-09-09 22:54:38.380] [WiVRn] [info] nxwarp[0] sel: stride 1, arrival 12.6 ms, dropped-late 80, withheld 0, decoded 4520
09-09 22:54:38.380 21421  5915 I WiVRn   : [2026-09-09 22:54:38.380] [WiVRn] [info] nxwarp[0] rx: 810698 datagrams, placed 8738456 (+388416), late 84641 (+0), stale_frame 0, bad_range 0, bad_dir 0, bad_caps 0, bad_ver 0, auth_fail 0, replay 0, frozen 0, dup 284
09-09 22:54:38.669 21421  5923 I WiVRn   : [2026-09-09 22:54:38.669] [WiVRn] [info] Tracking pattern (11110µs):
09-09 22:54:38.669 21421  5923 I WiVRn   : [2026-09-09 22:54:38.669] [WiVRn] [info] 	t+2631µs HEAD (8478µs)
09-09 22:54:38.669 21421  5923 I WiVRn   : [2026-09-09 22:54:38.669] [WiVRn] [info] 	t+2701µs LEFT_GRIP (8408µs)
09-09 22:54:38.669 21421  5923 I WiVRn   : [2026-09-09 22:54:38.669] [WiVRn] [info] 	t+2712µs RIGHT_GRIP (8397µs)
09-09 22:54:38.669 21421  5923 I WiVRn   : [2026-09-09 22:54:38.669] [WiVRn] [info] 	t+5631µs HEAD (5478µs)
09-09 22:54:38.669 21421  5923 I WiVRn   : [2026-09-09 22:54:38.669] [WiVRn] [info] 	t+5701µs LEFT_GRIP (5408µs)
09-09 22:54:38.669 21421  5923 I WiVRn   : [2026-09-09 22:54:38.669] [WiVRn] [info] 	t+5712µs RIGHT_GRIP (5397µs)
09-09 22:54:38.889 21421  5854 I PxrMetric: FPS=89/90,MTP=30.38ms,AppSW=off,FrmEarly=13,FrmLate=9,FrmCpu=1.14ms,FrmGpu=6.61ms,FrmTime=8.83ms,ATWGPU=1.54ms,VsyncDelay=1,GPU=97%/587Mhz,GPUTemp=84.9C,LayerCnt=3,Pkg=org.meumeu.wivrn.nx.warp,FrmId=5261
09-09 22:54:39.115 21421  5917 I WiVRn   : [2026-09-09 22:54:39.115] [WiVRn] [info] nxwarp[0]: 164 frames in 2.0 s: 137433 B/frame, wait-prev 0.0 ms, wall 9.7 ms, nxvc passA 2.1 passB 3.0 gpu 5.1 ms; holes 0, refused 0
09-09 22:54:39.115 21421  5917 I WiVRn   : [2026-09-09 22:54:39.115] [WiVRn] [info] nxwarp[0] gpu duty 417 ms/s (42% of one GPU) for decode alone; the display pass is extra
09-09 22:54:39.115 21421  5917 I WiVRn   : [2026-09-09 22:54:39.115] [WiVRn] [info] nxwarp[0] passB 3.0 ms = warp 0.0 + skip 0.0 + coded 0.0 + dir 0.0 + other 3.0; tiles skip 0 / coded 2312 / dir 0 (eye pass 0)
09-09 22:54:39.115 21421  5917 I WiVRn   : [2026-09-09 22:54:39.115] [WiVRn] [info] nxwarp[0]: 81 frames dropped late (queue kept to 1)
09-09 22:54:39.115 21421  5917 I WiVRn   : [2026-09-09 22:54:39.115] [WiVRn] [info] nxwarp[0] stage: gap 2.5 | wait-prev 0.0 | submit 1.0 (qlock 0.0 + codec 1.0) | get_free 0.0 | fence-pre 0.0 | record 0.0 | qsubmit 0.0 | fence-post 8.6 | publish 0.0 ms; withheld 0, stride 1, arrival 12.1 ms
09-09 22:54:39.115 21421  5917 I WiVRn   : [2026-09-09 22:54:39.115] [WiVRn] [info] nxwarp[0] reassembly (network thread): 0.10 ms/frame over 165 frames, buffer 134 kB held for 134 kB of unit (1.0x)
09-09 22:54:39.115 21421  5917 I WiVRn   : [2026-09-09 22:54:39.115] [WiVRn] [info] nxwarp[0] fence-post 8.6 ms = nxvc gpu 5.1 + copy gpu 0.00 + queue 3.5 (over 164 frames with timestamps)
09-09 22:54:39.150 21421  5862 I WiVRn   : [2026-09-09 22:54:39.150] [WiVRn] [info] render: 178 iterations in 2.0 s (88.8/s), 178 submitted a layer, 152 new-source, 0 skipped by the repeat gate, 0 with nothing to show; display period 11.2 ms
09-09 22:54:39.150 21421  5862 I WiVRn   : [2026-09-09 22:54:39.150] [WiVRn] [info] render: ready wait attempts 71 success 45 total 96.028 ms | selected older than available 0
09-09 22:54:39.150 21421  5862 I WiVRn   : [2026-09-09 22:54:39.150] [WiVRn] [info] render: selected source transitions forward 152 backward 0 repeat 26, greatest forward gap 3
09-09 22:54:39.150 21421  5862 I WiVRn   : [2026-09-09 22:54:39.150] [WiVRn] [info] render: this app's own GPU pass 5.4 ms per iteration
09-09 22:54:39.150 21421  5862 I WiVRn   : [2026-09-09 22:54:39.150] [WiVRn] [info] render: defoveate 2160x2160 per eye x2 = 9.33 Mpx/frame at scale 1.00 atlas-prototype 0; 26 re-presented from the cache (reduce_gpu_load on)
09-09 22:54:39.150 21421  5862 I WiVRn   : [2026-09-09 22:54:39.150] [WiVRn] [info] render: shader path sharpness 0.00 fsr false alpha false motion false blend false glow 0.00 vignette 0.00 deband 0.00 lowpoly 0.00 levels 0 full-kernel false
09-09 22:54:39.150 21421  5862 I WiVRn   : [2026-09-09 22:54:39.150] [WiVRn] [info] render: per iteration fence 1.6 (worst 11.1) | queries 0.0 | submit 0.0 | whole render() 2.8 ms
09-09 22:54:39.150 21421  5862 I WiVRn   : [2026-09-09 22:54:39.150] [WiVRn] [info] render: jit on | wake slack 35.3 ms | slept 0.6 ms mean (max 0.6, 178 of 178 iterations) | budget 12.3 = pass 11.3 + margin 1.0 | sleep cap 0.6 ms
09-09 22:54:39.150 21421  5862 I WiVRn   : [2026-09-09 22:54:39.150] [WiVRn] [info] render: source display-time offset 59.0 ms mean (worst 77.3) over 178 frames | submit lead 31.9 ms mean (worst 24.6) | misses: 0 overrun 0 late 0 skipped refresh
09-09 22:54:39.669 21421  5923 I WiVRn   : [2026-09-09 22:54:39.669] [WiVRn] [info] Tracking pattern (11112µs):
09-09 22:54:39.669 21421  5923 I WiVRn   : [2026-09-09 22:54:39.669] [WiVRn] [info] 	t+1363µs HEAD (9749µs)
09-09 22:54:39.669 21421  5923 I WiVRn   : [2026-09-09 22:54:39.669] [WiVRn] [info] 	t+1517µs LEFT_GRIP (9594µs)
09-09 22:54:39.669 21421  5923 I WiVRn   : [2026-09-09 22:54:39.669] [WiVRn] [info] 	t+1752µs RIGHT_GRIP (9359µs)
09-09 22:54:39.669 21421  5923 I WiVRn   : [2026-09-09 22:54:39.669] [WiVRn] [info] 	t+4363µs HEAD (6749µs)
09-09 22:54:39.669 21421  5923 I WiVRn   : [2026-09-09 22:54:39.669] [WiVRn] [info] 	t+4517µs LEFT_GRIP (6594µs)
09-09 22:54:39.669 21421  5923 I WiVRn   : [2026-09-09 22:54:39.669] [WiVRn] [info] 	t+4752µs RIGHT_GRIP (6359µs)
09-09 22:54:39.893 21421  5854 I PxrMetric: FPS=88/90,MTP=31.18ms,AppSW=off,FrmEarly=11,FrmLate=9,FrmCpu=0.83ms,FrmGpu=8.45ms,FrmTime=10.21ms,ATWGPU=1.55ms,VsyncDelay=1,GPU=95%/587Mhz,GPUTemp=76.4C,LayerCnt=3,Pkg=org.meumeu.wivrn.nx.warp,FrmId=5350
09-09 22:54:40.390 21421  5915 I WiVRn   : [2026-09-09 22:54:40.390] [WiVRn] [info] nxwarp[0] net: 165 frames closed in 2.0 s, 0 with a hole, 0 out-of-order datagrams, 0 frames completed late, 0 queued for the worker, 4684 decoded so far, 4861 stragglers dropped; last hole 0/0 chunks, first missing -1, short false, chunk 1166 B
09-09 22:54:40.390 21421  5915 I WiVRn   : [2026-09-09 22:54:40.390] [WiVRn] [info] nxwarp[0] net: 0.027 ms per datagram over 30791 datagrams (414.93 ms of every second)
09-09 22:54:40.390 21421  5915 I WiVRn   : [2026-09-09 22:54:40.390] [WiVRn] [info] nxwarp[0] sel: stride 1, arrival 11.1 ms, dropped-late 81, withheld 0, decoded 4684
09-09 22:54:40.390 21421  5915 I WiVRn   : [2026-09-09 22:54:40.390] [WiVRn] [info] nxwarp[0] rx: 841489 datagrams, placed 9119936 (+381480), late 86577 (+1936), stale_frame 0, bad_range 0, bad_dir 0, bad_caps 0, bad_ver 0, auth_fail 0, replay 0, frozen 0, dup 285
09-09 22:54:40.669 21421  5923 I WiVRn   : [2026-09-09 22:54:40.669] [WiVRn] [info] Tracking pattern (11111µs):
09-09 22:54:40.669 21421  5923 I WiVRn   : [2026-09-09 22:54:40.669] [WiVRn] [info] 	t+2607µs HEAD (8504µs)
09-09 22:54:40.669 21421  5923 I WiVRn   : [2026-09-09 22:54:40.669] [WiVRn] [info] 	t+3276µs LEFT_GRIP (7835µs)
09-09 22:54:40.669 21421  5923 I WiVRn   : [2026-09-09 22:54:40.669] [WiVRn] [info] 	t+3283µs RIGHT_GRIP (7828µs)
09-09 22:54:40.669 21421  5923 I WiVRn   : [2026-09-09 22:54:40.669] [WiVRn] [info] 	t+5607µs HEAD (5504µs)
09-09 22:54:40.669 21421  5923 I WiVRn   : [2026-09-09 22:54:40.669] [WiVRn] [info] 	t+6276µs LEFT_GRIP (4835µs)
09-09 22:54:40.669 21421  5923 I WiVRn   : [2026-09-09 22:54:40.669] [WiVRn] [info] 	t+6283µs RIGHT_GRIP (4828µs)
09-09 22:54:40.900 21421  5854 I PxrMetric: FPS=89/90,MTP=31.02ms,AppSW=off,FrmEarly=11,FrmLate=3,FrmCpu=1.12ms,FrmGpu=7.67ms,FrmTime=9.63ms,ATWGPU=1.54ms,VsyncDelay=1,GPU=94%/587Mhz,GPUTemp=75.6C,LayerCnt=3,Pkg=org.meumeu.wivrn.nx.warp,FrmId=5440
09-09 22:54:41.118 21421  5917 I WiVRn   : [2026-09-09 22:54:41.118] [WiVRn] [info] nxwarp[0]: 169 frames in 2.0 s: 135276 B/frame, wait-prev 0.0 ms, wall 9.5 ms, nxvc passA 2.1 passB 3.0 gpu 5.1 ms; holes 0, refused 0
09-09 22:54:41.118 21421  5917 I WiVRn   : [2026-09-09 22:54:41.118] [WiVRn] [info] nxwarp[0] gpu duty 429 ms/s (43% of one GPU) for decode alone; the display pass is extra
09-09 22:54:41.118 21421  5917 I WiVRn   : [2026-09-09 22:54:41.118] [WiVRn] [info] nxwarp[0] passB 3.0 ms = warp 0.0 + skip 0.0 + coded 0.0 + dir 0.0 + other 3.0; tiles skip 0 / coded 2312 / dir 0 (eye pass 0)
09-09 22:54:41.118 21421  5917 I WiVRn   : [2026-09-09 22:54:41.118] [WiVRn] [info] nxwarp[0]: 81 frames dropped late (queue kept to 1)
09-09 22:54:41.118 21421  5917 I WiVRn   : [2026-09-09 22:54:41.118] [WiVRn] [info] nxwarp[0] stage: gap 2.4 | wait-prev 0.0 | submit 1.0 (qlock 0.0 + codec 1.0) | get_free 0.0 | fence-pre 0.0 | record 0.0 | qsubmit 0.0 | fence-post 8.4 | publish 0.0 ms; withheld 0, stride 1, arrival 10.6 ms
09-09 22:54:41.118 21421  5917 I WiVRn   : [2026-09-09 22:54:41.118] [WiVRn] [info] nxwarp[0] reassembly (network thread): 0.10 ms/frame over 169 frames, buffer 132 kB held for 132 kB of unit (1.0x)
09-09 22:54:41.118 21421  5917 I WiVRn   : [2026-09-09 22:54:41.118] [WiVRn] [info] nxwarp[0] fence-post 8.4 ms = nxvc gpu 5.1 + copy gpu 0.00 + queue 3.3 (over 169 frames with timestamps)
09-09 22:54:41.159 21421  5862 I WiVRn   : [2026-09-09 22:54:41.159] [WiVRn] [info] render: 179 iterations in 2.0 s (89.0/s), 179 submitted a layer, 150 new-source, 0 skipped by the repeat gate, 0 with nothing to show; display period 11.2 ms
09-09 22:54:41.159 21421  5862 I WiVRn   : [2026-09-09 22:54:41.159] [WiVRn] [info] render: ready wait attempts 81 success 52 total 112.286 ms | selected older than available 0
09-09 22:54:41.159 21421  5862 I WiVRn   : [2026-09-09 22:54:41.159] [WiVRn] [info] render: selected source transitions forward 150 backward 0 repeat 29, greatest forward gap 2
09-09 22:54:41.159 21421  5862 I WiVRn   : [2026-09-09 22:54:41.159] [WiVRn] [info] render: this app's own GPU pass 5.2 ms per iteration
09-09 22:54:41.159 21421  5862 I WiVRn   : [2026-09-09 22:54:41.159] [WiVRn] [info] render: defoveate 2160x2160 per eye x2 = 9.33 Mpx/frame at scale 1.00 atlas-prototype 0; 29 re-presented from the cache (reduce_gpu_load on)
09-09 22:54:41.159 21421  5862 I WiVRn   : [2026-09-09 22:54:41.159] [WiVRn] [info] render: shader path sharpness 0.00 fsr false alpha false motion false blend false glow 0.00 vignette 0.00 deband 0.00 lowpoly 0.00 levels 0 full-kernel false
09-09 22:54:41.159 21421  5862 I WiVRn   : [2026-09-09 22:54:41.159] [WiVRn] [info] render: per iteration fence 1.2 (worst 10.6) | queries 0.0 | submit 0.0 | whole render() 2.4 ms
09-09 22:54:41.159 21421  5862 I WiVRn   : [2026-09-09 22:54:41.159] [WiVRn] [info] render: jit on | wake slack 34.7 ms | slept 0.7 ms mean (max 11.7, 179 of 179 iterations) | budget 10.9 = pass 9.9 + margin 1.0 | sleep cap 0.6 ms
09-09 22:54:41.159 21421  5862 I WiVRn   : [2026-09-09 22:54:41.159] [WiVRn] [info] render: source display-time offset 57.9 ms mean (worst 77.2) over 179 frames | submit lead 31.5 ms mean (worst 19.4) | misses: 0 overrun 0 late 1 skipped refresh
09-09 22:54:41.669 21421  5923 I WiVRn   : [2026-09-09 22:54:41.669] [WiVRn] [info] Tracking pattern (11111µs):
09-09 22:54:41.669 21421  5923 I WiVRn   : [2026-09-09 22:54:41.669] [WiVRn] [info] 	t+1521µs HEAD (9590µs)
09-09 22:54:41.670 21421  5923 I WiVRn   : [2026-09-09 22:54:41.670] [WiVRn] [info] 	t+1601µs LEFT_GRIP (9509µs)
09-09 22:54:41.670 21421  5923 I WiVRn   : [2026-09-09 22:54:41.670] [WiVRn] [info] 	t+1614µs RIGHT_GRIP (9496µs)
09-09 22:54:41.670 21421  5923 I WiVRn   : [2026-09-09 22:54:41.670] [WiVRn] [info] 	t+4521µs HEAD (6590µs)
09-09 22:54:41.670 21421  5923 I WiVRn   : [2026-09-09 22:54:41.670] [WiVRn] [info] 	t+4601µs LEFT_GRIP (6509µs)
09-09 22:54:41.670 21421  5923 I WiVRn   : [2026-09-09 22:54:41.670] [WiVRn] [info] 	t+4614µs RIGHT_GRIP (6496µs)
09-09 22:54:41.909 21421  5854 I PxrMetric: FPS=89/90,MTP=37.21ms,AppSW=off,FrmEarly=8,FrmLate=10,FrmCpu=0.52ms,FrmGpu=10.68ms,FrmTime=18.79ms,ATWGPU=1.54ms,VsyncDelay=2,GPU=99%/587Mhz,GPUTemp=75.2C,LayerCnt=3,Pkg=org.meumeu.wivrn.nx.warp,FrmId=5530
