--------- beginning of system
--------- beginning of main
09-09 22:41:39.375 23427 30657 I WiVRn   : [2026-09-09 22:41:39.375] [WiVRn] [info] Starting WiVRn version nx-1.4.1-252-gf889029f (f889029f4a6e3d8419069e08ac536f41045d3257)
09-09 22:41:39.376 23427 30657 I WiVRn   : [2026-09-09 22:41:39.376] [WiVRn] [info] Started with intent wivrn://192.168.1.2
09-09 22:41:39.378 23427 30657 I WiVRn   : [2026-09-09 22:41:39.378] [WiVRn] [info] Guessing HMD model from:
09-09 22:41:39.378 23427 30657 I WiVRn   : [2026-09-09 22:41:39.378] [WiVRn] [info]     ro.product.device = "PICOA8110":
09-09 22:41:39.378 23427 30657 I WiVRn   : [2026-09-09 22:41:39.378] [WiVRn] [info]     ro.product.manufacturer = "Pico":
09-09 22:41:39.378 23427 30657 I WiVRn   : [2026-09-09 22:41:39.378] [WiVRn] [info]     ro.product.model = "A8110":
09-09 22:41:39.378 23427 30657 I WiVRn   : [2026-09-09 22:41:39.378] [WiVRn] [info]     pxr.vendorhw.product.model = "PICO 4":
09-09 22:41:39.378 23427 30657 I WiVRn   : [2026-09-09 22:41:39.378] [WiVRn] [info] HMD traits initialized
09-09 22:41:39.378 23427 30657 I WiVRn   : [2026-09-09 22:41:39.378] [WiVRn] [info] 	controller_profile: pico-4
09-09 22:41:39.378 23427 30657 I WiVRn   : [2026-09-09 22:41:39.378] [WiVRn] [info] 	controller_ray_model: assets://ray.glb
09-09 22:41:39.378 23427 30657 I WiVRn   : [2026-09-09 22:41:39.378] [WiVRn] [info] 	max_openxr_api_version: 1.1.58
09-09 22:41:39.378 23427 30657 I WiVRn   : [2026-09-09 22:41:39.378] [WiVRn] [info] 	panel_width_override: 2160
09-09 22:41:39.378 23427 30657 I WiVRn   : [2026-09-09 22:41:39.378] [WiVRn] [info] 	needs_srgb_conversion: true
09-09 22:41:39.378 23427 30657 I WiVRn   : [2026-09-09 22:41:39.378] [WiVRn] [info] 	nxwarp_atlas_speed: true
09-09 22:41:39.378 23427 30657 I WiVRn   : [2026-09-09 22:41:39.378] [WiVRn] [info] 	view_locate: false
09-09 22:41:39.378 23427 30657 I WiVRn   : [2026-09-09 22:41:39.378] [WiVRn] [info] 	vk_debug_ext_allowed: true
09-09 22:41:39.378 23427 30657 I WiVRn   : [2026-09-09 22:41:39.378] [WiVRn] [info] 	bind_simple_controller: true
09-09 22:41:39.378 23427 30657 I WiVRn   : [2026-09-09 22:41:39.378] [WiVRn] [info] 	hand_interaction_grip_surface: true
09-09 22:41:39.378 23427 30657 I WiVRn   : [2026-09-09 22:41:39.378] [WiVRn] [info] 	pico_face_tracker: false
09-09 22:41:39.378 23427 30657 I WiVRn   : [2026-09-09 22:41:39.378] [WiVRn] [info] 	discard_frame: false
09-09 22:41:39.393 23427 30657 I WiVRn   : [2026-09-09 22:41:39.393] [WiVRn] [info] Available OpenXR layers:
09-09 22:41:39.394 23427 30657 I WiVRn   : [2026-09-09 22:41:39.394] [WiVRn] [info] Available OpenXR extensions:
09-09 22:41:39.397 23427 30657 I WiVRn   : [2026-09-09 22:41:39.397] [WiVRn] [info]     XR_BD_body_tracking (version 1)
09-09 22:41:39.397 23427 30657 I WiVRn   : [2026-09-09 22:41:39.397] [WiVRn] [info]     XR_BD_controller_interaction (version 1)
09-09 22:41:39.397 23427 30657 I WiVRn   : [2026-09-09 22:41:39.397] [WiVRn] [info]     XR_EPIC_view_configuration_fov (version 2)
09-09 22:41:39.397 23427 30657 I WiVRn   : [2026-09-09 22:41:39.397] [WiVRn] [info]     XR_EXTX_overlay (version 5)
09-09 22:41:39.397 23427 30657 I WiVRn   : [2026-09-09 22:41:39.397] [WiVRn] [info]     XR_EXT_active_action_set_priority (version 1)
09-09 22:41:39.397 23427 30657 I WiVRn   : [2026-09-09 22:41:39.397] [WiVRn] [info]     XR_EXT_composition_layer_inverted_alpha (version 1)
09-09 22:41:39.397 23427 30657 I WiVRn   : [2026-09-09 22:41:39.397] [WiVRn] [info]     XR_EXT_debug_utils (version 5)
09-09 22:41:39.397 23427 30657 I WiVRn   : [2026-09-09 22:41:39.397] [WiVRn] [info]     XR_EXT_eye_gaze_interaction (version 2)
09-09 22:41:39.397 23427 30657 I WiVRn   : [2026-09-09 22:41:39.397] [WiVRn] [info]     XR_EXT_frame_synthesis (version 1)
09-09 22:41:39.397 23427 30657 I WiVRn   : [2026-09-09 22:41:39.397] [WiVRn] [info]     XR_EXT_hand_interaction (version 1)
09-09 22:41:39.397 23427 30657 I WiVRn   : [2026-09-09 22:41:39.397] [WiVRn] [info]     XR_EXT_hand_tracking (version 4)
09-09 22:41:39.397 23427 30657 I WiVRn   : [2026-09-09 22:41:39.397] [WiVRn] [info]     XR_EXT_local_floor (version 1)
09-09 22:41:39.397 23427 30657 I WiVRn   : [2026-09-09 22:41:39.397] [WiVRn] [info]     XR_EXT_palm_pose (version 3)
09-09 22:41:39.397 23427 30657 I WiVRn   : [2026-09-09 22:41:39.397] [WiVRn] [info]     XR_EXT_performance_settings (version 4)
09-09 22:41:39.397 23427 30657 I WiVRn   : [2026-09-09 22:41:39.397] [WiVRn] [info]     XR_EXT_user_presence (version 1)
09-09 22:41:39.397 23427 30657 I WiVRn   : [2026-09-09 22:41:39.397] [WiVRn] [info]     XR_EXT_uuid (version 1)
09-09 22:41:39.397 23427 30657 I WiVRn   : [2026-09-09 22:41:39.397] [WiVRn] [info]     XR_EXT_view_configuration_depth_range (version 1)
09-09 22:41:39.397 23427 30657 I WiVRn   : [2026-09-09 22:41:39.397] [WiVRn] [info]     XR_FB_composition_layer_alpha_blend (version 3)
09-09 22:41:39.397 23427 30657 I WiVRn   : [2026-09-09 22:41:39.397] [WiVRn] [info]     XR_FB_composition_layer_image_layout (version 1)
09-09 22:41:39.397 23427 30657 I WiVRn   : [2026-09-09 22:41:39.397] [WiVRn] [info]     XR_FB_composition_layer_secure_content (version 1)
09-09 22:41:39.397 23427 30657 I WiVRn   : [2026-09-09 22:41:39.397] [WiVRn] [info]     XR_FB_composition_layer_settings (version 1)
09-09 22:41:39.397 23427 30657 I WiVRn   : [2026-09-09 22:41:39.397] [WiVRn] [info]     XR_FB_display_refresh_rate (version 1)
09-09 22:41:39.397 23427 30657 I WiVRn   : [2026-09-09 22:41:39.397] [WiVRn] [info]     XR_FB_foveation (version 1)
09-09 22:41:39.397 23427 30657 I WiVRn   : [2026-09-09 22:41:39.397] [WiVRn] [info]     XR_FB_foveation_configuration (version 1)
09-09 22:41:39.397 23427 30657 I WiVRn   : [2026-09-09 22:41:39.397] [WiVRn] [info]     XR_FB_foveation_vulkan (version 1)
09-09 22:41:39.397 23427 30657 I WiVRn   : [2026-09-09 22:41:39.397] [WiVRn] [info]     XR_FB_passthrough (version 4)
09-09 22:41:39.397 23427 30657 I WiVRn   : [2026-09-09 22:41:39.397] [WiVRn] [info]     XR_FB_space_warp (version 2)
09-09 22:41:39.397 23427 30657 I WiVRn   : [2026-09-09 22:41:39.397] [WiVRn] [info]     XR_FB_swapchain_update_state (version 3)
09-09 22:41:39.397 23427 30657 I WiVRn   : [2026-09-09 22:41:39.397] [WiVRn] [info]     XR_FB_swapchain_update_state_android_surface (version 1)
09-09 22:41:39.397 23427 30657 I WiVRn   : [2026-09-09 22:41:39.397] [WiVRn] [info]     XR_FB_swapchain_update_state_opengl_es (version 1)
09-09 22:41:39.397 23427 30657 I WiVRn   : [2026-09-09 22:41:39.397] [WiVRn] [info]     XR_FB_swapchain_update_state_vulkan (version 1)
09-09 22:41:39.397 23427 30657 I WiVRn   : [2026-09-09 22:41:39.397] [WiVRn] [info]     XR_FB_triangle_mesh (version 2)
09-09 22:41:39.397 23427 30657 I WiVRn   : [2026-09-09 22:41:39.397] [WiVRn] [info]     XR_KHR_android_create_instance (version 3)
09-09 22:41:39.397 23427 30657 I WiVRn   : [2026-09-09 22:41:39.397] [WiVRn] [info]     XR_KHR_android_surface_swapchain (version 4)
09-09 22:41:39.397 23427 30657 I WiVRn   : [2026-09-09 22:41:39.397] [WiVRn] [info]     XR_KHR_android_thread_settings (version 6)
09-09 22:41:39.397 23427 30657 I WiVRn   : [2026-09-09 22:41:39.397] [WiVRn] [info]     XR_KHR_composition_layer_color_scale_bias (version 5)
09-09 22:41:39.397 23427 30657 I WiVRn   : [2026-09-09 22:41:39.397] [WiVRn] [info]     XR_KHR_composition_layer_cube (version 8)
09-09 22:41:39.397 23427 30657 I WiVRn   : [2026-09-09 22:41:39.397] [WiVRn] [info]     XR_KHR_composition_layer_cylinder (version 4)
09-09 22:41:39.397 23427 30657 I WiVRn   : [2026-09-09 22:41:39.397] [WiVRn] [info]     XR_KHR_composition_layer_depth (version 6)
09-09 22:41:39.397 23427 30657 I WiVRn   : [2026-09-09 22:41:39.397] [WiVRn] [info]     XR_KHR_composition_layer_equirect (version 3)
09-09 22:41:39.397 23427 30657 I WiVRn   : [2026-09-09 22:41:39.397] [WiVRn] [info]     XR_KHR_composition_layer_equirect2 (version 1)
09-09 22:41:39.397 23427 30657 I WiVRn   : [2026-09-09 22:41:39.397] [WiVRn] [info]     XR_KHR_convert_timespec_time (version 1)
09-09 22:41:39.397 23427 30657 I WiVRn   : [2026-09-09 22:41:39.397] [WiVRn] [info]     XR_KHR_loader_init (version 2)
09-09 22:41:39.397 23427 30657 I WiVRn   : [2026-09-09 22:41:39.397] [WiVRn] [info]     XR_KHR_loader_init_android (version 1)
09-09 22:41:39.397 23427 30657 I WiVRn   : [2026-09-09 22:41:39.397] [WiVRn] [info]     XR_KHR_locate_spaces (version 1)
09-09 22:41:39.397 23427 30657 I WiVRn   : [2026-09-09 22:41:39.397] [WiVRn] [info]     XR_KHR_maintenance1 (version 1)
09-09 22:41:39.397 23427 30657 I WiVRn   : [2026-09-09 22:41:39.397] [WiVRn] [info]     XR_KHR_opengl_es_enable (version 8)
09-09 22:41:39.397 23427 30657 I WiVRn   : [2026-09-09 22:41:39.397] [WiVRn] [info]     XR_KHR_vulkan_enable (version 8)
09-09 22:41:39.397 23427 30657 I WiVRn   : [2026-09-09 22:41:39.397] [WiVRn] [info]     XR_KHR_vulkan_enable2 (version 2)
09-09 22:41:39.397 23427 30657 I WiVRn   : [2026-09-09 22:41:39.397] [WiVRn] [info]     XR_KHR_vulkan_swapchain_format_list (version 5)
09-09 22:41:39.397 23427 30657 I WiVRn   : [2026-09-09 22:41:39.397] [WiVRn] [info]     XR_META_foveation_eye_tracked (version 1)
09-09 22:41:39.397 23427 30657 I WiVRn   : [2026-09-09 22:41:39.397] [WiVRn] [info]     XR_META_vulkan_swapchain_create_info (version 1)
09-09 22:41:39.397 23427 30657 I WiVRn   : [2026-09-09 22:41:39.397] [WiVRn] [info]     XR_MND_headless (version 2)
09-09 22:41:39.397 23427 30657 I WiVRn   : [2026-09-09 22:41:39.397] [WiVRn] [info]     XR_MSFT_composition_layer_reprojection (version 1)
09-09 22:41:39.397 23427 30657 I WiVRn   : [2026-09-09 22:41:39.397] [WiVRn] [info] Performance APIs: XR_EXT_performance_settings = available, vendor power/performance extensions = none
09-09 22:41:39.485 23427 23427 I WiVRn   : [2026-09-09 22:41:39.484] [WiVRn] [info] [pointer_capture] requestPointerCapture() invoked successfully
09-09 22:41:39.582 23427 30657 I WiVRn   : [2026-09-09 22:41:39.582] [WiVRn] [info] Using OpenXR extensions:
09-09 22:41:39.582 23427 30657 I WiVRn   : [2026-09-09 22:41:39.582] [WiVRn] [info]     XR_KHR_convert_timespec_time
09-09 22:41:39.582 23427 30657 I WiVRn   : [2026-09-09 22:41:39.582] [WiVRn] [info]     XR_BD_body_tracking
09-09 22:41:39.582 23427 30657 I WiVRn   : [2026-09-09 22:41:39.582] [WiVRn] [info]     XR_BD_controller_interaction
09-09 22:41:39.582 23427 30657 I WiVRn   : [2026-09-09 22:41:39.582] [WiVRn] [info]     XR_EXT_eye_gaze_interaction
09-09 22:41:39.582 23427 30657 I WiVRn   : [2026-09-09 22:41:39.582] [WiVRn] [info]     XR_EXT_hand_interaction
09-09 22:41:39.582 23427 30657 I WiVRn   : [2026-09-09 22:41:39.582] [WiVRn] [info]     XR_EXT_hand_tracking
09-09 22:41:39.582 23427 30657 I WiVRn   : [2026-09-09 22:41:39.582] [WiVRn] [info]     XR_EXT_performance_settings
09-09 22:41:39.582 23427 30657 I WiVRn   : [2026-09-09 22:41:39.582] [WiVRn] [info]     XR_EXT_user_presence
09-09 22:41:39.582 23427 30657 I WiVRn   : [2026-09-09 22:41:39.582] [WiVRn] [info]     XR_FB_composition_layer_settings
09-09 22:41:39.582 23427 30657 I WiVRn   : [2026-09-09 22:41:39.582] [WiVRn] [info]     XR_FB_display_refresh_rate
09-09 22:41:39.582 23427 30657 I WiVRn   : [2026-09-09 22:41:39.582] [WiVRn] [info]     XR_FB_passthrough
09-09 22:41:39.582 23427 30657 I WiVRn   : [2026-09-09 22:41:39.582] [WiVRn] [info]     XR_FB_swapchain_update_state
09-09 22:41:39.582 23427 30657 I WiVRn   : [2026-09-09 22:41:39.582] [WiVRn] [info]     XR_KHR_composition_layer_color_scale_bias
09-09 22:41:39.582 23427 30657 I WiVRn   : [2026-09-09 22:41:39.582] [WiVRn] [info]     XR_KHR_composition_layer_depth
09-09 22:41:39.582 23427 30657 I WiVRn   : [2026-09-09 22:41:39.582] [WiVRn] [info]     XR_KHR_vulkan_swapchain_format_list
09-09 22:41:39.582 23427 30657 I WiVRn   : [2026-09-09 22:41:39.582] [WiVRn] [info]     XR_EXT_palm_pose
09-09 22:41:39.582 23427 30657 I WiVRn   : [2026-09-09 22:41:39.582] [WiVRn] [info]     XR_KHR_locate_spaces
09-09 22:41:39.582 23427 30657 I WiVRn   : [2026-09-09 22:41:39.582] [WiVRn] [info]     XR_KHR_vulkan_enable2
09-09 22:41:39.582 23427 30657 I WiVRn   : [2026-09-09 22:41:39.582] [WiVRn] [info]     XR_KHR_android_create_instance
09-09 22:41:39.582 23427 30657 I WiVRn   : [2026-09-09 22:41:39.582] [WiVRn] [info]     XR_ML_ml2_controller_interaction
09-09 22:41:39.582 23427 30657 I WiVRn   : [2026-09-09 22:41:39.582] [WiVRn] [info]     XR_HTC_vive_cosmos_controller_interaction
09-09 22:41:39.582 23427 30657 I WiVRn   : [2026-09-09 22:41:39.582] [WiVRn] [info]     XR_EXT_uuid
09-09 22:41:39.582 23427 30657 I WiVRn   : [2026-09-09 22:41:39.582] [WiVRn] [info]     XR_EXT_local_floor
09-09 22:41:39.582 23427 30657 I WiVRn   : [2026-09-09 22:41:39.582] [WiVRn] [info]     XR_KHR_locate_spaces
09-09 22:41:39.582 23427 30657 I WiVRn   : [2026-09-09 22:41:39.582] [WiVRn] [info]     XR_EXT_samsung_odyssey_controller
09-09 22:41:39.582 23427 30657 I WiVRn   : [2026-09-09 22:41:39.582] [WiVRn] [info]     XR_EXT_palm_pose
09-09 22:41:39.582 23427 30657 I WiVRn   : [2026-09-09 22:41:39.582] [WiVRn] [info]     XR_HTC_vive_focus3_controller_interaction
09-09 22:41:39.582 23427 30657 I WiVRn   : [2026-09-09 22:41:39.582] [WiVRn] [info]     XR_EXT_hp_mixed_reality_controller
09-09 22:41:39.582 23427 30657 I WiVRn   : [2026-09-09 22:41:39.582] [WiVRn] [info]     XR_KHR_maintenance1
09-09 22:41:39.582 23427 30657 I WiVRn   : [2026-09-09 22:41:39.582] [WiVRn] [info]     XR_VARJO_quad_views
09-09 22:41:39.582 23427 30657 I WiVRn   : [2026-09-09 22:41:39.582] [WiVRn] [info]     XR_BD_controller_interaction
09-09 22:41:39.582 23427 30657 I WiVRn   : [2026-09-09 22:41:39.582] [WiVRn] [info] Created OpenXR instance, runtime Pico(XRT) by Pico et al '99d719953', version 3.0.1, API version 1.1.58
09-09 22:41:39.596 23427 30657 I WiVRn   : [2026-09-09 22:41:39.596] [WiVRn] [info] Created OpenXR system for form factor XR_FORM_FACTOR_HEAD_MOUNTED_DISPLAY
09-09 22:41:39.596 23427 30657 I WiVRn   : [2026-09-09 22:41:39.596] [WiVRn] [info] OpenXR system properties:
09-09 22:41:39.596 23427 30657 I WiVRn   : [2026-09-09 22:41:39.596] [WiVRn] [info]     Vendor ID: 0x2a
09-09 22:41:39.596 23427 30657 I WiVRn   : [2026-09-09 22:41:39.596] [WiVRn] [info]     System name: PICO 4 HMD
09-09 22:41:39.596 23427 30657 I WiVRn   : [2026-09-09 22:41:39.596] [WiVRn] [info]     Graphics properties:
09-09 22:41:39.596 23427 30657 I WiVRn   : [2026-09-09 22:41:39.596] [WiVRn] [info]         Maximum swapchain image size: 16384x16384
09-09 22:41:39.596 23427 30657 I WiVRn   : [2026-09-09 22:41:39.596] [WiVRn] [info]         Maximum layer count: 16
09-09 22:41:39.596 23427 30657 I WiVRn   : [2026-09-09 22:41:39.596] [WiVRn] [info]     Tracking properties:
09-09 22:41:39.596 23427 30657 I WiVRn   : [2026-09-09 22:41:39.596] [WiVRn] [info]         Orientation tracking: true
09-09 22:41:39.596 23427 30657 I WiVRn   : [2026-09-09 22:41:39.596] [WiVRn] [info]         Position tracking: true
09-09 22:41:39.596 23427 30657 I WiVRn   : [2026-09-09 22:41:39.596] [WiVRn] [info]     Hand tracking support: true
09-09 22:41:39.596 23427 30657 I WiVRn   : [2026-09-09 22:41:39.596] [WiVRn] [info]     Eye gaze support: false
09-09 22:41:39.596 23427 30657 I WiVRn   : [2026-09-09 22:41:39.596] [WiVRn] [info]     OpenXR post-processing extension support: true
09-09 22:41:39.596 23427 30657 I WiVRn   : [2026-09-09 22:41:39.596] [WiVRn] [info]     Passthrough: color
09-09 22:41:39.596 23427 30657 I WiVRn   : [2026-09-09 22:41:39.596] [WiVRn] [info]     Face tracker: none
09-09 22:41:39.596 23427 30657 I WiVRn   : [2026-09-09 22:41:39.596] [WiVRn] [info]     Body tracker: pico
09-09 22:41:39.596 23427 30657 I WiVRn   : [2026-09-09 22:41:39.596] [WiVRn] [info] View configuration XR_VIEW_CONFIGURATION_TYPE_PRIMARY_STEREO
09-09 22:41:39.596 23427 30657 I WiVRn   : [2026-09-09 22:41:39.596] [WiVRn] [info]     fovMutable: false
09-09 22:41:39.596 23427 30657 I WiVRn   : [2026-09-09 22:41:39.596] [WiVRn] [info]     View 1:
09-09 22:41:39.596 23427 30657 I WiVRn   : [2026-09-09 22:41:39.596] [WiVRn] [info]         Recommended: 1504x1504, 1 sample(s)
09-09 22:41:39.596 23427 30657 I WiVRn   : [2026-09-09 22:41:39.596] [WiVRn] [info]         Maximum:     2560x2560, 1 sample(s)
09-09 22:41:39.596 23427 30657 I WiVRn   : [2026-09-09 22:41:39.596] [WiVRn] [info]     View 2:
09-09 22:41:39.596 23427 30657 I WiVRn   : [2026-09-09 22:41:39.596] [WiVRn] [info]         Recommended: 1504x1504, 1 sample(s)
09-09 22:41:39.596 23427 30657 I WiVRn   : [2026-09-09 22:41:39.596] [WiVRn] [info]         Maximum:     2560x2560, 1 sample(s)
09-09 22:41:39.596 23427 30657 I WiVRn   : [2026-09-09 22:41:39.596] [WiVRn] [info]     Blend mode: XR_ENVIRONMENT_BLEND_MODE_OPAQUE
09-09 22:41:39.596 23427 30657 I WiVRn   : [2026-09-09 22:41:39.596] [WiVRn] [info]     Blend mode: XR_ENVIRONMENT_BLEND_MODE_ALPHA_BLEND
09-09 22:41:39.596 23427 30657 I WiVRn   : [2026-09-09 22:41:39.596] [WiVRn] [info] OpenXR runtime wants Vulkan 1.0.0
09-09 22:41:39.596 23427 30657 I WiVRn   : [2026-09-09 22:41:39.596] [WiVRn] [info] Requesting Vulkan 1.1.0
09-09 22:41:39.596 23427 30657 I WiVRn   : [2026-09-09 22:41:39.596] [WiVRn] [info] Available Vulkan layers:
09-09 22:41:39.599 23427 30657 I WiVRn   : [2026-09-09 22:41:39.599] [WiVRn] [info] Available Vulkan instance extensions:
09-09 22:41:39.599 23427 30657 I WiVRn   : [2026-09-09 22:41:39.599] [WiVRn] [info]     VK_EXT_debug_report (version 9)
09-09 22:41:39.599 23427 30657 I WiVRn   : [2026-09-09 22:41:39.599] [WiVRn] [info]     VK_EXT_debug_utils (version 2)
09-09 22:41:39.599 23427 30657 I WiVRn   : [2026-09-09 22:41:39.599] [WiVRn] [info]     VK_EXT_swapchain_colorspace (version 3)
09-09 22:41:39.599 23427 30657 I WiVRn   : [2026-09-09 22:41:39.599] [WiVRn] [info]     VK_KHR_android_surface (version 6)
09-09 22:41:39.599 23427 30657 I WiVRn   : [2026-09-09 22:41:39.599] [WiVRn] [info]     VK_KHR_device_group_creation (version 1)
09-09 22:41:39.599 23427 30657 I WiVRn   : [2026-09-09 22:41:39.599] [WiVRn] [info]     VK_KHR_external_fence_capabilities (version 1)
09-09 22:41:39.599 23427 30657 I WiVRn   : [2026-09-09 22:41:39.599] [WiVRn] [info]     VK_KHR_external_memory_capabilities (version 1)
09-09 22:41:39.599 23427 30657 I WiVRn   : [2026-09-09 22:41:39.599] [WiVRn] [info]     VK_KHR_external_semaphore_capabilities (version 1)
09-09 22:41:39.599 23427 30657 I WiVRn   : [2026-09-09 22:41:39.599] [WiVRn] [info]     VK_KHR_get_physical_device_properties2 (version 1)
09-09 22:41:39.599 23427 30657 I WiVRn   : [2026-09-09 22:41:39.599] [WiVRn] [info]     VK_KHR_get_surface_capabilities2 (version 1)
09-09 22:41:39.599 23427 30657 I WiVRn   : [2026-09-09 22:41:39.599] [WiVRn] [info]     VK_KHR_surface (version 25)
09-09 22:41:39.609 23427 30657 I WiVRn   : [2026-09-09 22:41:39.609] [WiVRn] [info] Available Vulkan device extensions:
09-09 22:41:39.609 23427 30657 I WiVRn   : [2026-09-09 22:41:39.609] [WiVRn] [info]     VK_ANDROID_external_memory_android_hardware_buffer (version 3)
09-09 22:41:39.609 23427 30657 I WiVRn   : [2026-09-09 22:41:39.609] [WiVRn] [info]     VK_EXT_astc_decode_mode (version 1)
09-09 22:41:39.609 23427 30657 I WiVRn   : [2026-09-09 22:41:39.609] [WiVRn] [info]     VK_EXT_blend_operation_advanced (version 1)
09-09 22:41:39.609 23427 30657 I WiVRn   : [2026-09-09 22:41:39.609] [WiVRn] [info]     VK_EXT_custom_border_color (version 12)
09-09 22:41:39.609 23427 30657 I WiVRn   : [2026-09-09 22:41:39.609] [WiVRn] [info]     VK_EXT_depth_clip_enable (version 1)
09-09 22:41:39.609 23427 30657 I WiVRn   : [2026-09-09 22:41:39.609] [WiVRn] [info]     VK_EXT_descriptor_indexing (version 2)
09-09 22:41:39.609 23427 30657 I WiVRn   : [2026-09-09 22:41:39.609] [WiVRn] [info]     VK_EXT_device_fault (version 1)
09-09 22:41:39.609 23427 30657 I WiVRn   : [2026-09-09 22:41:39.609] [WiVRn] [info]     VK_EXT_device_memory_report (version 2)
09-09 22:41:39.609 23427 30657 I WiVRn   : [2026-09-09 22:41:39.609] [WiVRn] [info]     VK_EXT_extended_dynamic_state (version 1)
09-09 22:41:39.609 23427 30657 I WiVRn   : [2026-09-09 22:41:39.609] [WiVRn] [info]     VK_EXT_filter_cubic (version 3)
09-09 22:41:39.609 23427 30657 I WiVRn   : [2026-09-09 22:41:39.609] [WiVRn] [info]     VK_EXT_fragment_density_map (version 1)
09-09 22:41:39.609 23427 30657 I WiVRn   : [2026-09-09 22:41:39.609] [WiVRn] [info]     VK_EXT_fragment_density_map2 (version 1)
09-09 22:41:39.609 23427 30657 I WiVRn   : [2026-09-09 22:41:39.609] [WiVRn] [info]     VK_EXT_global_priority (version 2)
09-09 22:41:39.609 23427 30657 I WiVRn   : [2026-09-09 22:41:39.609] [WiVRn] [info]     VK_EXT_global_priority_query (version 1)
09-09 22:41:39.609 23427 30657 I WiVRn   : [2026-09-09 22:41:39.609] [WiVRn] [info]     VK_EXT_hdr_metadata (version 1)
09-09 22:41:39.609 23427 30657 I WiVRn   : [2026-09-09 22:41:39.609] [WiVRn] [info]     VK_EXT_host_query_reset (version 1)
09-09 22:41:39.609 23427 30657 I WiVRn   : [2026-09-09 22:41:39.609] [WiVRn] [info]     VK_EXT_image_robustness (version 1)
09-09 22:41:39.609 23427 30657 I WiVRn   : [2026-09-09 22:41:39.609] [WiVRn] [info]     VK_EXT_index_type_uint8 (version 1)
09-09 22:41:39.609 23427 30657 I WiVRn   : [2026-09-09 22:41:39.609] [WiVRn] [info]     VK_EXT_line_rasterization (version 1)
09-09 22:41:39.609 23427 30657 I WiVRn   : [2026-09-09 22:41:39.609] [WiVRn] [info]     VK_EXT_pipeline_creation_cache_control (version 1)
09-09 22:41:39.609 23427 30657 I WiVRn   : [2026-09-09 22:41:39.609] [WiVRn] [info]     VK_EXT_pipeline_creation_feedback (version 1)
09-09 22:41:39.609 23427 30657 I WiVRn   : [2026-09-09 22:41:39.609] [WiVRn] [info]     VK_EXT_primitive_topology_list_restart (version 2)
09-09 22:41:39.609 23427 30657 I WiVRn   : [2026-09-09 22:41:39.609] [WiVRn] [info]     VK_EXT_private_data (version 1)
09-09 22:41:39.609 23427 30657 I WiVRn   : [2026-09-09 22:41:39.609] [WiVRn] [info]     VK_EXT_provoking_vertex (version 1)
09-09 22:41:39.609 23427 30657 I WiVRn   : [2026-09-09 22:41:39.609] [WiVRn] [info]     VK_EXT_queue_family_foreign (version 1)
09-09 22:41:39.609 23427 30657 I WiVRn   : [2026-09-09 22:41:39.609] [WiVRn] [info]     VK_EXT_robustness2 (version 1)
09-09 22:41:39.609 23427 30657 I WiVRn   : [2026-09-09 22:41:39.609] [WiVRn] [info]     VK_EXT_sample_locations (version 1)
09-09 22:41:39.609 23427 30657 I WiVRn   : [2026-09-09 22:41:39.609] [WiVRn] [info]     VK_EXT_sampler_filter_minmax (version 1)
09-09 22:41:39.609 23427 30657 I WiVRn   : [2026-09-09 22:41:39.609] [WiVRn] [info]     VK_EXT_scalar_block_layout (version 1)
09-09 22:41:39.609 23427 30657 I WiVRn   : [2026-09-09 22:41:39.609] [WiVRn] [info]     VK_EXT_separate_stencil_usage (version 1)
09-09 22:41:39.609 23427 30657 I WiVRn   : [2026-09-09 22:41:39.609] [WiVRn] [info]     VK_EXT_shader_demote_to_helper_invocation (version 1)
09-09 22:41:39.609 23427 30657 I WiVRn   : [2026-09-09 22:41:39.609] [WiVRn] [info]     VK_EXT_subgroup_size_control (version 2)
09-09 22:41:39.609 23427 30657 I WiVRn   : [2026-09-09 22:41:39.609] [WiVRn] [info]     VK_EXT_texture_compression_astc_hdr (version 1)
09-09 22:41:39.609 23427 30657 I WiVRn   : [2026-09-09 22:41:39.609] [WiVRn] [info]     VK_EXT_transform_feedback (version 1)
09-09 22:41:39.609 23427 30657 I WiVRn   : [2026-09-09 22:41:39.609] [WiVRn] [info]     VK_EXT_vertex_attribute_divisor (version 3)
09-09 22:41:39.609 23427 30657 I WiVRn   : [2026-09-09 22:41:39.609] [WiVRn] [info]     VK_EXT_vertex_input_dynamic_state (version 2)
09-09 22:41:39.609 23427 30657 I WiVRn   : [2026-09-09 22:41:39.609] [WiVRn] [info]     VK_GOOGLE_display_timing (version 1)
09-09 22:41:39.609 23427 30657 I WiVRn   : [2026-09-09 22:41:39.609] [WiVRn] [info]     VK_IMG_filter_cubic (version 1)
09-09 22:41:39.609 23427 30657 I WiVRn   : [2026-09-09 22:41:39.609] [WiVRn] [info]     VK_KHR_16bit_storage (version 1)
09-09 22:41:39.609 23427 30657 I WiVRn   : [2026-09-09 22:41:39.609] [WiVRn] [info]     VK_KHR_bind_memory2 (version 1)
09-09 22:41:39.609 23427 30657 I WiVRn   : [2026-09-09 22:41:39.609] [WiVRn] [info]     VK_KHR_buffer_device_address (version 1)
09-09 22:41:39.609 23427 30657 I WiVRn   : [2026-09-09 22:41:39.609] [WiVRn] [info]     VK_KHR_create_renderpass2 (version 1)
09-09 22:41:39.609 23427 30657 I WiVRn   : [2026-09-09 22:41:39.609] [WiVRn] [info]     VK_KHR_dedicated_allocation (version 1)
09-09 22:41:39.609 23427 30657 I WiVRn   : [2026-09-09 22:41:39.609] [WiVRn] [info]     VK_KHR_depth_stencil_resolve (version 1)
09-09 22:41:39.609 23427 30657 I WiVRn   : [2026-09-09 22:41:39.609] [WiVRn] [info]     VK_KHR_descriptor_update_template (version 1)
09-09 22:41:39.609 23427 30657 I WiVRn   : [2026-09-09 22:41:39.609] [WiVRn] [info]     VK_KHR_device_group (version 2)
09-09 22:41:39.609 23427 30657 I WiVRn   : [2026-09-09 22:41:39.609] [WiVRn] [info]     VK_KHR_draw_indirect_count (version 1)
09-09 22:41:39.609 23427 30657 I WiVRn   : [2026-09-09 22:41:39.609] [WiVRn] [info]     VK_KHR_driver_properties (version 1)
09-09 22:41:39.609 23427 30657 I WiVRn   : [2026-09-09 22:41:39.609] [WiVRn] [info]     VK_KHR_external_fence (version 1)
09-09 22:41:39.609 23427 30657 I WiVRn   : [2026-09-09 22:41:39.609] [WiVRn] [info]     VK_KHR_external_fence_fd (version 1)
09-09 22:41:39.609 23427 30657 I WiVRn   : [2026-09-09 22:41:39.609] [WiVRn] [info]     VK_KHR_external_memory (version 1)
09-09 22:41:39.609 23427 30657 I WiVRn   : [2026-09-09 22:41:39.609] [WiVRn] [info]     VK_KHR_external_memory_fd (version 1)
09-09 22:41:39.609 23427 30657 I WiVRn   : [2026-09-09 22:41:39.609] [WiVRn] [info]     VK_KHR_external_semaphore (version 1)
09-09 22:41:39.609 23427 30657 I WiVRn   : [2026-09-09 22:41:39.609] [WiVRn] [info]     VK_KHR_external_semaphore_fd (version 1)
09-09 22:41:39.609 23427 30657 I WiVRn   : [2026-09-09 22:41:39.609] [WiVRn] [info]     VK_KHR_get_memory_requirements2 (version 1)
09-09 22:41:39.609 23427 30657 I WiVRn   : [2026-09-09 22:41:39.609] [WiVRn] [info]     VK_KHR_image_format_list (version 1)
09-09 22:41:39.609 23427 30657 I WiVRn   : [2026-09-09 22:41:39.609] [WiVRn] [info]     VK_KHR_imageless_framebuffer (version 1)
09-09 22:41:39.609 23427 30657 I WiVRn   : [2026-09-09 22:41:39.609] [WiVRn] [info]     VK_KHR_incremental_present (version 1)
09-09 22:41:39.609 23427 30657 I WiVRn   : [2026-09-09 22:41:39.609] [WiVRn] [info]     VK_KHR_maintenance1 (version 1)
09-09 22:41:39.609 23427 30657 I WiVRn   : [2026-09-09 22:41:39.609] [WiVRn] [info]     VK_KHR_maintenance2 (version 1)
09-09 22:41:39.609 23427 30657 I WiVRn   : [2026-09-09 22:41:39.609] [WiVRn] [info]     VK_KHR_maintenance3 (version 1)
09-09 22:41:39.609 23427 30657 I WiVRn   : [2026-09-09 22:41:39.609] [WiVRn] [info]     VK_KHR_multiview (version 1)
09-09 22:41:39.609 23427 30657 I WiVRn   : [2026-09-09 22:41:39.609] [WiVRn] [info]     VK_KHR_pipeline_executable_properties (version 1)
09-09 22:41:39.609 23427 30657 I WiVRn   : [2026-09-09 22:41:39.609] [WiVRn] [info]     VK_KHR_push_descriptor (version 1)
09-09 22:41:39.609 23427 30657 I WiVRn   : [2026-09-09 22:41:39.609] [WiVRn] [info]     VK_KHR_relaxed_block_layout (version 1)
09-09 22:41:39.609 23427 30657 I WiVRn   : [2026-09-09 22:41:39.609] [WiVRn] [info]     VK_KHR_sampler_mirror_clamp_to_edge (version 1)
09-09 22:41:39.609 23427 30657 I WiVRn   : [2026-09-09 22:41:39.609] [WiVRn] [info]     VK_KHR_sampler_ycbcr_conversion (version 1)
09-09 22:41:39.609 23427 30657 I WiVRn   : [2026-09-09 22:41:39.609] [WiVRn] [info]     VK_KHR_separate_depth_stencil_layouts (version 1)
09-09 22:41:39.609 23427 30657 I WiVRn   : [2026-09-09 22:41:39.609] [WiVRn] [info]     VK_KHR_shader_draw_parameters (version 1)
09-09 22:41:39.609 23427 30657 I WiVRn   : [2026-09-09 22:41:39.609] [WiVRn] [info]     VK_KHR_shader_float16_int8 (version 1)
09-09 22:41:39.609 23427 30657 I WiVRn   : [2026-09-09 22:41:39.609] [WiVRn] [info]     VK_KHR_shader_float_controls (version 4)
09-09 22:41:39.609 23427 30657 I WiVRn   : [2026-09-09 22:41:39.609] [WiVRn] [info]     VK_KHR_shader_non_semantic_info (version 1)
09-09 22:41:39.609 23427 30657 I WiVRn   : [2026-09-09 22:41:39.609] [WiVRn] [info]     VK_KHR_shared_presentable_image (version 1)
09-09 22:41:39.609 23427 30657 I WiVRn   : [2026-09-09 22:41:39.609] [WiVRn] [info]     VK_KHR_spirv_1_4 (version 1)
09-09 22:41:39.609 23427 30657 I WiVRn   : [2026-09-09 22:41:39.609] [WiVRn] [info]     VK_KHR_storage_buffer_storage_class (version 1)
09-09 22:41:39.609 23427 30657 I WiVRn   : [2026-09-09 22:41:39.609] [WiVRn] [info]     VK_KHR_swapchain (version 70)
09-09 22:41:39.609 23427 30657 I WiVRn   : [2026-09-09 22:41:39.609] [WiVRn] [info]     VK_KHR_timeline_semaphore (version 2)
09-09 22:41:39.609 23427 30657 I WiVRn   : [2026-09-09 22:41:39.609] [WiVRn] [info]     VK_KHR_variable_pointers (version 1)
09-09 22:41:39.609 23427 30657 I WiVRn   : [2026-09-09 22:41:39.609] [WiVRn] [info]     VK_KHR_vulkan_memory_model (version 3)
09-09 22:41:39.609 23427 30657 I WiVRn   : [2026-09-09 22:41:39.609] [WiVRn] [info]     VK_QCOM_fragment_density_map_offset (version 1)
09-09 22:41:39.609 23427 30657 I WiVRn   : [2026-09-09 22:41:39.609] [WiVRn] [info]     VK_QCOM_render_pass_shader_resolve (version 4)
09-09 22:41:39.609 23427 30657 I WiVRn   : [2026-09-09 22:41:39.609] [WiVRn] [info]     VK_QCOM_render_pass_store_ops (version 2)
09-09 22:41:39.609 23427 30657 I WiVRn   : [2026-09-09 22:41:39.609] [WiVRn] [info]     VK_QCOM_render_pass_transform (version 3)
09-09 22:41:39.609 23427 30657 I WiVRn   : [2026-09-09 22:41:39.609] [WiVRn] [info]     VK_QCOM_tile_properties (version 1)
09-09 22:41:39.609 23427 30657 I WiVRn   : [2026-09-09 22:41:39.609] [WiVRn] [info] Initializing Vulkan with device Adreno (TM) 650
09-09 22:41:39.609 23427 30657 I WiVRn   : [2026-09-09 22:41:39.609] [WiVRn] [info]     Vendor ID: 0x5143
09-09 22:41:39.609 23427 30657 I WiVRn   : [2026-09-09 22:41:39.609] [WiVRn] [info]     Device ID: 0x6050002
09-09 22:41:39.609 23427 30657 I WiVRn   : [2026-09-09 22:41:39.609] [WiVRn] [info]     Driver version: 512.682.0
09-09 22:41:39.609 23427 30657 I WiVRn   : [2026-09-09 22:41:39.609] [WiVRn] [info]     maxPushConstantsSize: 128 bytes
09-09 22:41:39.609 23427 30657 I WiVRn   : [2026-09-09 22:41:39.609] [WiVRn] [info] NX queue priorities: render 0 decode 0 / 0 (3 queues)
09-09 22:41:39.609 23427 30657 I WiVRn   : [2026-09-09 22:41:39.609] [WiVRn] [info] Vulkan fragment density map enabled
09-09 22:41:39.611 23427 30657 I WiVRn   : [2026-09-09 22:41:39.611] [WiVRn] [info]     queue family 0 has 3 queues; decoding on queue 1 and queue 2 (one per eye)
09-09 22:41:39.642 23427 30657 I WiVRn   : [2026-09-09 22:41:39.642] [WiVRn] [info] 4 reference spaces
09-09 22:41:39.642 23427 30657 I WiVRn   : [2026-09-09 22:41:39.642] [WiVRn] [info]     XR_REFERENCE_SPACE_TYPE_VIEW
09-09 22:41:39.642 23427 30657 I WiVRn   : [2026-09-09 22:41:39.642] [WiVRn] [info]     XR_REFERENCE_SPACE_TYPE_LOCAL
09-09 22:41:39.642 23427 30657 I WiVRn   : [2026-09-09 22:41:39.642] [WiVRn] [info]     XR_REFERENCE_SPACE_TYPE_STAGE
09-09 22:41:39.642 23427 30657 I WiVRn   : [2026-09-09 22:41:39.642] [WiVRn] [info]     XR_REFERENCE_SPACE_TYPE_LOCAL_FLOOR
09-09 22:41:39.642 23427 30657 I WiVRn   : [2026-09-09 22:41:39.642] [WiVRn] [info] Adding grip_surface/pose for interaction profile /interaction_profiles/khr/simple_controller
09-09 22:41:39.642 23427 30657 I WiVRn   : [2026-09-09 22:41:39.642] [WiVRn] [info] Adding pinch_ext/pose for interaction profile /interaction_profiles/khr/simple_controller
09-09 22:41:39.642 23427 30657 I WiVRn   : [2026-09-09 22:41:39.642] [WiVRn] [info] Adding poke_ext/pose for interaction profile /interaction_profiles/khr/simple_controller
09-09 22:41:39.642 23427 30657 I WiVRn   : [2026-09-09 22:41:39.642] [WiVRn] [info] Adding grip_surface/pose for interaction profile /interaction_profiles/oculus/touch_controller
09-09 22:41:39.642 23427 30657 I WiVRn   : [2026-09-09 22:41:39.642] [WiVRn] [info] Adding pinch_ext/pose for interaction profile /interaction_profiles/oculus/touch_controller
09-09 22:41:39.642 23427 30657 I WiVRn   : [2026-09-09 22:41:39.642] [WiVRn] [info] Adding poke_ext/pose for interaction profile /interaction_profiles/oculus/touch_controller
09-09 22:41:39.642 23427 30657 I WiVRn   : [2026-09-09 22:41:39.642] [WiVRn] [info] Adding grip_surface/pose for interaction profile /interaction_profiles/meta/touch_pro_controller
09-09 22:41:39.642 23427 30657 I WiVRn   : [2026-09-09 22:41:39.642] [WiVRn] [info] Adding pinch_ext/pose for interaction profile /interaction_profiles/meta/touch_pro_controller
09-09 22:41:39.642 23427 30657 I WiVRn   : [2026-09-09 22:41:39.642] [WiVRn] [info] Adding poke_ext/pose for interaction profile /interaction_profiles/meta/touch_pro_controller
09-09 22:41:39.642 23427 30657 I WiVRn   : [2026-09-09 22:41:39.642] [WiVRn] [info] Adding grip_surface/pose for interaction profile /interaction_profiles/meta/touch_plus_controller
09-09 22:41:39.642 23427 30657 I WiVRn   : [2026-09-09 22:41:39.642] [WiVRn] [info] Adding pinch_ext/pose for interaction profile /interaction_profiles/meta/touch_plus_controller
09-09 22:41:39.642 23427 30657 I WiVRn   : [2026-09-09 22:41:39.642] [WiVRn] [info] Adding poke_ext/pose for interaction profile /interaction_profiles/meta/touch_plus_controller
09-09 22:41:39.642 23427 30657 I WiVRn   : [2026-09-09 22:41:39.642] [WiVRn] [info] Adding grip_surface/pose for interaction profile /interaction_profiles/bytedance/pico_neo3_controller
09-09 22:41:39.642 23427 30657 I WiVRn   : [2026-09-09 22:41:39.642] [WiVRn] [info] Adding pinch_ext/pose for interaction profile /interaction_profiles/bytedance/pico_neo3_controller
09-09 22:41:39.642 23427 30657 I WiVRn   : [2026-09-09 22:41:39.642] [WiVRn] [info] Adding poke_ext/pose for interaction profile /interaction_profiles/bytedance/pico_neo3_controller
09-09 22:41:39.642 23427 30657 I WiVRn   : [2026-09-09 22:41:39.642] [WiVRn] [info] Adding grip_surface/pose for interaction profile /interaction_profiles/bytedance/pico4_controller
09-09 22:41:39.642 23427 30657 I WiVRn   : [2026-09-09 22:41:39.642] [WiVRn] [info] Adding pinch_ext/pose for interaction profile /interaction_profiles/bytedance/pico4_controller
09-09 22:41:39.642 23427 30657 I WiVRn   : [2026-09-09 22:41:39.642] [WiVRn] [info] Adding poke_ext/pose for interaction profile /interaction_profiles/bytedance/pico4_controller
09-09 22:41:39.642 23427 30657 I WiVRn   : [2026-09-09 22:41:39.642] [WiVRn] [info] Adding grip_surface/pose for interaction profile /interaction_profiles/bytedance/pico4s_controller
09-09 22:41:39.642 23427 30657 I WiVRn   : [2026-09-09 22:41:39.642] [WiVRn] [info] Adding pinch_ext/pose for interaction profile /interaction_profiles/bytedance/pico4s_controller
09-09 22:41:39.642 23427 30657 I WiVRn   : [2026-09-09 22:41:39.642] [WiVRn] [info] Adding poke_ext/pose for interaction profile /interaction_profiles/bytedance/pico4s_controller
09-09 22:41:39.642 23427 30657 I WiVRn   : [2026-09-09 22:41:39.642] [WiVRn] [info] Adding grip_surface/pose for interaction profile /interaction_profiles/yvr/touch_controller_yvr
09-09 22:41:39.642 23427 30657 I WiVRn   : [2026-09-09 22:41:39.642] [WiVRn] [info] Adding pinch_ext/pose for interaction profile /interaction_profiles/yvr/touch_controller_yvr
09-09 22:41:39.642 23427 30657 I WiVRn   : [2026-09-09 22:41:39.642] [WiVRn] [info] Adding poke_ext/pose for interaction profile /interaction_profiles/yvr/touch_controller_yvr
09-09 22:41:39.642 23427 30657 I WiVRn   : [2026-09-09 22:41:39.642] [WiVRn] [info] Adding grip_surface/pose for interaction profile /interaction_profiles/htc/vive_focus3_controller
09-09 22:41:39.642 23427 30657 I WiVRn   : [2026-09-09 22:41:39.642] [WiVRn] [info] Adding pinch_ext/pose for interaction profile /interaction_profiles/htc/vive_focus3_controller
09-09 22:41:39.642 23427 30657 I WiVRn   : [2026-09-09 22:41:39.642] [WiVRn] [info] Adding poke_ext/pose for interaction profile /interaction_profiles/htc/vive_focus3_controller
09-09 22:41:39.642 23427 30657 I WiVRn   : [2026-09-09 22:41:39.642] [WiVRn] [info] Adding grip_surface/pose for interaction profile /interaction_profiles/ext/hand_interaction_ext
09-09 22:41:39.647 23427 30657 I WiVRn   : [2026-09-09 22:41:39.647] [WiVRn] [info] Current locale: language en, country GB, encoding UTF-8
09-09 22:41:39.647 23427 30657 I WiVRn   : [2026-09-09 22:41:39.647] [WiVRn] [info] Supported swapchain formats:
09-09 22:41:39.647 23427 30657 I WiVRn   : [2026-09-09 22:41:39.647] [WiVRn] [info]     R8G8B8A8Srgb
09-09 22:41:39.647 23427 30657 I WiVRn   : [2026-09-09 22:41:39.647] [WiVRn] [info]     R8Unorm
09-09 22:41:39.647 23427 30657 I WiVRn   : [2026-09-09 22:41:39.647] [WiVRn] [info]     R8G8Unorm
09-09 22:41:39.647 23427 30657 I WiVRn   : [2026-09-09 22:41:39.647] [WiVRn] [info]     R8G8B8A8Unorm
09-09 22:41:39.647 23427 30657 I WiVRn   : [2026-09-09 22:41:39.647] [WiVRn] [info]     R5G6B5UnormPack16
09-09 22:41:39.647 23427 30657 I WiVRn   : [2026-09-09 22:41:39.647] [WiVRn] [info]     A2B10G10R10UnormPack32
09-09 22:41:39.647 23427 30657 I WiVRn   : [2026-09-09 22:41:39.647] [WiVRn] [info]     R16Unorm
09-09 22:41:39.647 23427 30657 I WiVRn   : [2026-09-09 22:41:39.647] [WiVRn] [info]     R16G16Unorm
09-09 22:41:39.647 23427 30657 I WiVRn   : [2026-09-09 22:41:39.647] [WiVRn] [info]     R16G16B16A16Unorm
09-09 22:41:39.647 23427 30657 I WiVRn   : [2026-09-09 22:41:39.647] [WiVRn] [info]     R16Uint
09-09 22:41:39.647 23427 30657 I WiVRn   : [2026-09-09 22:41:39.647] [WiVRn] [info]     R16G16Uint
09-09 22:41:39.647 23427 30657 I WiVRn   : [2026-09-09 22:41:39.647] [WiVRn] [info]     R16G16B16A16Uint
09-09 22:41:39.647 23427 30657 I WiVRn   : [2026-09-09 22:41:39.647] [WiVRn] [info]     R16Sint
09-09 22:41:39.647 23427 30657 I WiVRn   : [2026-09-09 22:41:39.647] [WiVRn] [info]     R16G16Sint
09-09 22:41:39.647 23427 30657 I WiVRn   : [2026-09-09 22:41:39.647] [WiVRn] [info]     R16G16B16A16Sint
09-09 22:41:39.647 23427 30657 I WiVRn   : [2026-09-09 22:41:39.647] [WiVRn] [info]     R16Sfloat
09-09 22:41:39.647 23427 30657 I WiVRn   : [2026-09-09 22:41:39.647] [WiVRn] [info]     R16G16Sfloat
09-09 22:41:39.647 23427 30657 I WiVRn   : [2026-09-09 22:41:39.647] [WiVRn] [info]     R16G16B16A16Sfloat
09-09 22:41:39.647 23427 30657 I WiVRn   : [2026-09-09 22:41:39.647] [WiVRn] [info]     A1R5G5B5UnormPack16
09-09 22:41:39.647 23427 30657 I WiVRn   : [2026-09-09 22:41:39.647] [WiVRn] [info]     Etc2R8G8B8UnormBlock
09-09 22:41:39.647 23427 30657 I WiVRn   : [2026-09-09 22:41:39.647] [WiVRn] [info]     Etc2R8G8B8A1UnormBlock
09-09 22:41:39.647 23427 30657 I WiVRn   : [2026-09-09 22:41:39.647] [WiVRn] [info]     Etc2R8G8B8A8UnormBlock
09-09 22:41:39.647 23427 30657 I WiVRn   : [2026-09-09 22:41:39.647] [WiVRn] [info]     Etc2R8G8B8SrgbBlock
09-09 22:41:39.647 23427 30657 I WiVRn   : [2026-09-09 22:41:39.647] [WiVRn] [info]     Etc2R8G8B8A1SrgbBlock
09-09 22:41:39.647 23427 30657 I WiVRn   : [2026-09-09 22:41:39.647] [WiVRn] [info]     Etc2R8G8B8A8SrgbBlock
09-09 22:41:39.647 23427 30657 I WiVRn   : [2026-09-09 22:41:39.647] [WiVRn] [info]     EacR11UnormBlock
09-09 22:41:39.647 23427 30657 I WiVRn   : [2026-09-09 22:41:39.647] [WiVRn] [info]     EacR11G11UnormBlock
09-09 22:41:39.647 23427 30657 I WiVRn   : [2026-09-09 22:41:39.647] [WiVRn] [info]     EacR11SnormBlock
09-09 22:41:39.647 23427 30657 I WiVRn   : [2026-09-09 22:41:39.647] [WiVRn] [info]     EacR11G11SnormBlock
09-09 22:41:39.647 23427 30657 I WiVRn   : [2026-09-09 22:41:39.647] [WiVRn] [info]     Astc4x4UnormBlock
09-09 22:41:39.647 23427 30657 I WiVRn   : [2026-09-09 22:41:39.647] [WiVRn] [info]     Astc5x4UnormBlock
09-09 22:41:39.647 23427 30657 I WiVRn   : [2026-09-09 22:41:39.647] [WiVRn] [info]     Astc5x5UnormBlock
09-09 22:41:39.647 23427 30657 I WiVRn   : [2026-09-09 22:41:39.647] [WiVRn] [info]     Astc6x5UnormBlock
09-09 22:41:39.647 23427 30657 I WiVRn   : [2026-09-09 22:41:39.647] [WiVRn] [info]     Astc6x6UnormBlock
09-09 22:41:39.647 23427 30657 I WiVRn   : [2026-09-09 22:41:39.647] [WiVRn] [info]     Astc8x5UnormBlock
09-09 22:41:39.647 23427 30657 I WiVRn   : [2026-09-09 22:41:39.647] [WiVRn] [info]     Astc8x6UnormBlock
09-09 22:41:39.647 23427 30657 I WiVRn   : [2026-09-09 22:41:39.647] [WiVRn] [info]     Astc8x8UnormBlock
09-09 22:41:39.647 23427 30657 I WiVRn   : [2026-09-09 22:41:39.647] [WiVRn] [info]     Astc10x5UnormBlock
09-09 22:41:39.647 23427 30657 I WiVRn   : [2026-09-09 22:41:39.647] [WiVRn] [info]     Astc10x6UnormBlock
09-09 22:41:39.647 23427 30657 I WiVRn   : [2026-09-09 22:41:39.647] [WiVRn] [info]     Astc10x8UnormBlock
09-09 22:41:39.647 23427 30657 I WiVRn   : [2026-09-09 22:41:39.647] [WiVRn] [info]     Astc10x10UnormBlock
09-09 22:41:39.647 23427 30657 I WiVRn   : [2026-09-09 22:41:39.647] [WiVRn] [info]     Astc12x10UnormBlock
09-09 22:41:39.647 23427 30657 I WiVRn   : [2026-09-09 22:41:39.647] [WiVRn] [info]     Astc12x12UnormBlock
09-09 22:41:39.647 23427 30657 I WiVRn   : [2026-09-09 22:41:39.647] [WiVRn] [info]     Astc4x4SrgbBlock
09-09 22:41:39.647 23427 30657 I WiVRn   : [2026-09-09 22:41:39.647] [WiVRn] [info]     Astc5x4SrgbBlock
09-09 22:41:39.647 23427 30657 I WiVRn   : [2026-09-09 22:41:39.647] [WiVRn] [info]     Astc5x5SrgbBlock
09-09 22:41:39.647 23427 30657 I WiVRn   : [2026-09-09 22:41:39.647] [WiVRn] [info]     Astc6x5SrgbBlock
09-09 22:41:39.647 23427 30657 I WiVRn   : [2026-09-09 22:41:39.647] [WiVRn] [info]     Astc6x6SrgbBlock
09-09 22:41:39.647 23427 30657 I WiVRn   : [2026-09-09 22:41:39.647] [WiVRn] [info]     Astc8x5SrgbBlock
09-09 22:41:39.647 23427 30657 I WiVRn   : [2026-09-09 22:41:39.647] [WiVRn] [info]     Astc8x6SrgbBlock
09-09 22:41:39.647 23427 30657 I WiVRn   : [2026-09-09 22:41:39.647] [WiVRn] [info]     Astc8x8SrgbBlock
09-09 22:41:39.647 23427 30657 I WiVRn   : [2026-09-09 22:41:39.647] [WiVRn] [info]     Astc10x5SrgbBlock
09-09 22:41:39.647 23427 30657 I WiVRn   : [2026-09-09 22:41:39.647] [WiVRn] [info]     Astc10x6SrgbBlock
09-09 22:41:39.647 23427 30657 I WiVRn   : [2026-09-09 22:41:39.647] [WiVRn] [info]     Astc10x8SrgbBlock
09-09 22:41:39.647 23427 30657 I WiVRn   : [2026-09-09 22:41:39.647] [WiVRn] [info]     Astc10x10SrgbBlock
09-09 22:41:39.647 23427 30657 I WiVRn   : [2026-09-09 22:41:39.647] [WiVRn] [info]     Astc12x10SrgbBlock
09-09 22:41:39.647 23427 30657 I WiVRn   : [2026-09-09 22:41:39.647] [WiVRn] [info]     Astc12x12SrgbBlock
09-09 22:41:39.647 23427 30657 I WiVRn   : [2026-09-09 22:41:39.647] [WiVRn] [info]     D16Unorm
09-09 22:41:39.647 23427 30657 I WiVRn   : [2026-09-09 22:41:39.647] [WiVRn] [info]     X8D24UnormPack32
09-09 22:41:39.647 23427 30657 I WiVRn   : [2026-09-09 22:41:39.647] [WiVRn] [info]     D32Sfloat
09-09 22:41:39.647 23427 30657 I WiVRn   : [2026-09-09 22:41:39.647] [WiVRn] [info]     D24UnormS8Uint
09-09 22:41:39.647 23427 30657 I WiVRn   : [2026-09-09 22:41:39.647] [WiVRn] [info]     B8G8R8A8Unorm
09-09 22:41:39.647 23427 30657 I WiVRn   : [2026-09-09 22:41:39.647] [WiVRn] [info]     B8G8R8A8Srgb
09-09 22:41:39.667 23427 30657 I WiVRn   : [2026-09-09 22:41:39.667] [WiVRn] [info] Using formats R8G8B8A8Srgb and D32Sfloat
09-09 22:41:39.667 23427 30657 I WiVRn   : [2026-09-09 22:41:39.667] [WiVRn] [info] Composition layer depth test NOT supported
09-09 22:41:39.667 23427 30657 I WiVRn   : [2026-09-09 22:41:39.667] [WiVRn] [info] Composition layer color scale/bias supported
09-09 22:41:39.667 23427 30657 I WiVRn   : [2026-09-09 22:41:39.667] [WiVRn] [info] 0 known server(s):
09-09 22:41:39.669 23427 30678 I WiVRn   : [2026-09-09 22:41:39.669] [WiVRn] [info] Session state changed at timestamp 0: XR_SESSION_STATE_UNKNOWN => XR_SESSION_STATE_IDLE
09-09 22:41:39.669 23427 30678 I WiVRn   : [2026-09-09 22:41:39.669] [WiVRn] [info] Session state changed at timestamp 0: XR_SESSION_STATE_IDLE => XR_SESSION_STATE_READY
09-09 22:41:39.683 23427 30678 I WiVRn   : [2026-09-09 22:41:39.683] [WiVRn] [info] Received event type XR_TYPE_EVENT_DATA_USER_PRESENCE_CHANGED_EXT
09-09 22:41:39.683 23427 30678 I WiVRn   : [2026-09-09 22:41:39.683] [WiVRn] [info] Using panel size: 2160x2160
09-09 22:41:39.882 23427 30678 I WiVRn   : [2026-09-09 22:41:39.882] [WiVRn] [info] Loaded input profile pico-4
09-09 22:41:39.882 23427 30678 I WiVRn   : [2026-09-09 22:41:39.882] [WiVRn] [info] Initializing offset of space aim_left to (-5, 0, 20) mm, (0, -0, 0)°
09-09 22:41:39.882 23427 30678 I WiVRn   : [2026-09-09 22:41:39.882] [WiVRn] [info] Initializing offset of space aim_right to (5, 0, 20) mm, (0, -0, 0)°
09-09 22:41:39.882 23427 30678 I WiVRn   : [2026-09-09 22:41:39.882] [WiVRn] [info] Initializing offset of space grip_left to (0, -20, -50) mm, (-30.000002, -0, 0)°
09-09 22:41:39.882 23427 30678 I WiVRn   : [2026-09-09 22:41:39.882] [WiVRn] [info] Initializing offset of space grip_right to (0, -20, -50) mm, (-30.000002, -0, 0)°
09-09 22:41:39.899 23427 30678 I WiVRn   : [2026-09-09 22:41:39.899] [WiVRn] [info] Font for de /system/fonts/PICOSans.ttf
09-09 22:41:39.899 23427 30678 I WiVRn   : [2026-09-09 22:41:39.899] [WiVRn] [info] Font for es /system/fonts/PICOSans.ttf
09-09 22:41:39.899 23427 30678 I WiVRn   : [2026-09-09 22:41:39.899] [WiVRn] [info] Font for fr /system/fonts/PICOSans.ttf
09-09 22:41:39.899 23427 30678 I WiVRn   : [2026-09-09 22:41:39.899] [WiVRn] [info] Font for fr /system/fonts/Roboto-Regular.ttf
09-09 22:41:39.900 23427 30678 I WiVRn   : [2026-09-09 22:41:39.900] [WiVRn] [info] Font for it /system/fonts/PICOSans.ttf
09-09 22:41:39.900 23427 30678 I WiVRn   : [2026-09-09 22:41:39.900] [WiVRn] [info] Font for ja /system/fonts/PICOSans.ttf
09-09 22:41:39.900 23427 30678 I WiVRn   : [2026-09-09 22:41:39.900] [WiVRn] [info] Font for ja /system/fonts/PICOSansVFJP.ttf
09-09 22:41:39.900 23427 30678 I WiVRn   : [2026-09-09 22:41:39.900] [WiVRn] [info] Font for ka /system/fonts/PICOSans.ttf
09-09 22:41:39.900 23427 30678 I WiVRn   : [2026-09-09 22:41:39.900] [WiVRn] [info] Font for ka /system/fonts/NotoSansGeorgian-Regular.otf
09-09 22:41:39.900 23427 30678 I WiVRn   : [2026-09-09 22:41:39.900] [WiVRn] [info] Font for ka /system/fonts/PICOSans.ttf
09-09 22:41:39.900 23427 30678 I WiVRn   : [2026-09-09 22:41:39.900] [WiVRn] [info] Font for pl /system/fonts/PICOSans.ttf
09-09 22:41:39.900 23427 30678 I WiVRn   : [2026-09-09 22:41:39.900] [WiVRn] [info] Font for pl /system/fonts/Roboto-Regular.ttf
09-09 22:41:39.900 23427 30678 I WiVRn   : [2026-09-09 22:41:39.900] [WiVRn] [info] Font for pl /system/fonts/PICOSans.ttf
09-09 22:41:39.900 23427 30678 I WiVRn   : [2026-09-09 22:41:39.900] [WiVRn] [info] Font for pl /system/fonts/PICOSansSC-Regular.ttf
09-09 22:41:39.900 23427 30678 I WiVRn   : [2026-09-09 22:41:39.900] [WiVRn] [info] Font for pl /system/fonts/Roboto-Regular.ttf
09-09 22:41:39.900 23427 30678 I WiVRn   : [2026-09-09 22:41:39.900] [WiVRn] [info] Font for pl /system/fonts/PICOSans.ttf
09-09 22:41:39.900 23427 30678 I WiVRn   : [2026-09-09 22:41:39.900] [WiVRn] [info] Font for pt_BR /system/fonts/PICOSans.ttf
09-09 22:41:39.900 23427 30678 I WiVRn   : [2026-09-09 22:41:39.900] [WiVRn] [info] Font for ru /system/fonts/PICOSans.ttf
09-09 22:41:39.900 23427 30678 I WiVRn   : [2026-09-09 22:41:39.900] [WiVRn] [info] Font for ru /system/fonts/PICOSansSC-Regular.ttf
09-09 22:41:39.900 23427 30678 I WiVRn   : [2026-09-09 22:41:39.900] [WiVRn] [info] Font for ru /system/fonts/PICOSans.ttf
09-09 22:41:39.900 23427 30678 I WiVRn   : [2026-09-09 22:41:39.900] [WiVRn] [info] Font for sk /system/fonts/PICOSans.ttf
09-09 22:41:39.900 23427 30678 I WiVRn   : [2026-09-09 22:41:39.900] [WiVRn] [info] Font for sk /system/fonts/Roboto-Regular.ttf
09-09 22:41:39.900 23427 30678 I WiVRn   : [2026-09-09 22:41:39.900] [WiVRn] [info] Font for sk /system/fonts/PICOSansSC-Regular.ttf
09-09 22:41:39.900 23427 30678 I WiVRn   : [2026-09-09 22:41:39.900] [WiVRn] [info] Font for sk /system/fonts/PICOSans.ttf
09-09 22:41:39.900 23427 30678 I WiVRn   : [2026-09-09 22:41:39.900] [WiVRn] [info] Font for sk /system/fonts/Roboto-Regular.ttf
09-09 22:41:39.900 23427 30678 I WiVRn   : [2026-09-09 22:41:39.900] [WiVRn] [info] Font for sk /system/fonts/PICOSans.ttf
09-09 22:41:39.900 23427 30678 I WiVRn   : [2026-09-09 22:41:39.900] [WiVRn] [info] Font for tr /system/fonts/PICOSans.ttf
09-09 22:41:39.900 23427 30678 I WiVRn   : [2026-09-09 22:41:39.900] [WiVRn] [info] Font for tr /system/fonts/Roboto-Regular.ttf
09-09 22:41:39.900 23427 30678 I WiVRn   : [2026-09-09 22:41:39.900] [WiVRn] [info] Font for tr /system/fonts/PICOSans.ttf
09-09 22:41:39.900 23427 30678 I WiVRn   : [2026-09-09 22:41:39.900] [WiVRn] [info] Font for tr /system/fonts/Roboto-Regular.ttf
09-09 22:41:39.900 23427 30678 I WiVRn   : [2026-09-09 22:41:39.900] [WiVRn] [info] Font for tr /system/fonts/PICOSans.ttf
09-09 22:41:39.901 23427 30678 I WiVRn   : [2026-09-09 22:41:39.901] [WiVRn] [info] Font for zh_CN /system/fonts/PICOSans.ttf
09-09 22:41:39.901 23427 30678 I WiVRn   : [2026-09-09 22:41:39.901] [WiVRn] [info] Font for zh_CN /system/fonts/PICOSansSC-Regular.ttf
09-09 22:41:39.901 23427 30678 I WiVRn   : [2026-09-09 22:41:39.901] [WiVRn] [info] Font for zh_TW /system/fonts/PICOSans.ttf
09-09 22:41:39.901 23427 30678 I WiVRn   : [2026-09-09 22:41:39.901] [WiVRn] [info] Font for zh_TW /system/fonts/PICOSansSC-Regular.ttf
09-09 22:41:39.905 23427 30678 I WiVRn   : [2026-09-09 22:41:39.905] [WiVRn] [info] Using font /system/fonts/PICOSans.ttf
09-09 22:41:39.906 23427 30678 I WiVRn   : [2026-09-09 22:41:39.906] [WiVRn] [info] Using font /system/fonts/Roboto-Regular.ttf
09-09 22:41:39.906 23427 30678 I WiVRn   : [2026-09-09 22:41:39.906] [WiVRn] [info] Using font /system/fonts/PICOSansVFJP.ttf
09-09 22:41:39.915 23427 30678 I WiVRn   : [2026-09-09 22:41:39.915] [WiVRn] [info] Using font /system/fonts/NotoSansGeorgian-Regular.otf
09-09 22:41:39.915 23427 30678 I WiVRn   : [2026-09-09 22:41:39.915] [WiVRn] [info] Using font /system/fonts/PICOSansSC-Regular.ttf
09-09 22:41:39.987 23427 30678 I WiVRn   : [2026-09-09 22:41:39.987] [WiVRn] [info] MulticastLock acquired
09-09 22:41:39.987 23427 30678 I WiVRn   : [2026-09-09 22:41:39.987] [WiVRn] [info] Local IPv6 address: 2003:c2:3701:81fc:b3c8:aefc:7af2:8a5a
09-09 22:41:39.987 23427 30678 I WiVRn   : [2026-09-09 22:41:39.987] [WiVRn] [info] Local IPv6 address: 2003:c2:3701:81fc:616a:1ec4:5f3c:1dd5
09-09 22:41:39.987 23427 30678 I WiVRn   : [2026-09-09 22:41:39.987] [WiVRn] [info] Local IPv6 address: fd3c:3d87:86b7:0:c7ff:60cd:b757:e773
09-09 22:41:39.987 23427 30678 I WiVRn   : [2026-09-09 22:41:39.987] [WiVRn] [info] Local IPv6 address: fd3c:3d87:86b7:0:616a:1ec4:5f3c:1dd5
09-09 22:41:39.987 23427 30678 I WiVRn   : [2026-09-09 22:41:39.987] [WiVRn] [info] Local IPv4 address: 192.168.1.248
09-09 22:41:39.987 23427 30678 W WiVRn   : [2026-09-09 22:41:39.987] [WiVRn] [warning] unknown family 17
09-09 22:41:39.988 23427 30685 I WiVRn   : [2026-09-09 22:41:39.988] [WiVRn] [info] Sending query for _wivrn._tcp.local., type PTR
09-09 22:41:39.988 23427 30678 I WiVRn   : [2026-09-09 22:41:39.988] [WiVRn] [info] Performance level: CPU domain asked for sustained_high
09-09 22:41:39.988 23427 30678 I WiVRn   : [2026-09-09 22:41:39.988] [WiVRn] [info] Performance level: GPU domain asked for boost
09-09 22:41:39.996 23427 30678 I WiVRn   : [2026-09-09 22:41:39.996] [WiVRn] [info] Received event type XR_TYPE_EVENT_DATA_INTERACTION_PROFILE_CHANGED
09-09 22:41:39.996 23427 30678 I WiVRn   : [2026-09-09 22:41:39.996] [WiVRn] [info] Received event type XR_TYPE_EVENT_DATA_INTERACTION_PROFILE_CHANGED
09-09 22:41:39.996 23427 30678 I WiVRn   : [2026-09-09 22:41:39.996] [WiVRn] [info] Session state changed at timestamp 0: XR_SESSION_STATE_READY => XR_SESSION_STATE_SYNCHRONIZED
09-09 22:41:39.996 23427 30678 I WiVRn   : [2026-09-09 22:41:39.996] [WiVRn] [info] Refresh rate changed from 72 to 90
09-09 22:41:39.996 23427 30678 I WiVRn   : [2026-09-09 22:41:39.996] [WiVRn] [info] Session state changed at timestamp 0: XR_SESSION_STATE_SYNCHRONIZED => XR_SESSION_STATE_VISIBLE
09-09 22:41:40.004 23427 30686 I WiVRn   : [2026-09-09 22:41:40.004] [WiVRn] [info] Using pin "000000"
09-09 22:41:40.011 23427 30686 I WiVRn   : [2026-09-09 22:41:40.011] [WiVRn] [info] Wi-Fi QoS marks enabled (uplink EF / AC_VO)
09-09 22:41:40.014 23427 30678 I WiVRn   : [2026-09-09 22:41:40.014] [WiVRn] [info] Creating new swapchain: eR8G8B8A8Srgb, 1504x1504, 1 sample(s), 2 level(s)
09-09 22:41:40.015 23427 30678 I WiVRn   : [2026-09-09 22:41:40.015] [WiVRn] [info] Created swapchain
09-09 22:41:40.016 23427 30678 I WiVRn   : [2026-09-09 22:41:40.016] [WiVRn] [info] Creating new swapchain: eR8G8B8A8Srgb, 1504x1504, 1 sample(s), 2 level(s)
09-09 22:41:40.017 23427 30678 I WiVRn   : [2026-09-09 22:41:40.017] [WiVRn] [info] Created swapchain
09-09 22:41:40.021 23427 30672 I PxrMetric: FPS=0/90,MTP=16.75ms,AppSW=off,FrmEarly=0,FrmLate=1,FrmCpu=3.32ms,FrmGpu=0.01ms,FrmTime=3.34ms,ATWGPU=0.00ms,VsyncDelay=0,GPU=0%/0Mhz,GPUTemp=0.0C,LayerCnt=0,Pkg=org.meumeu.wivrn.nx.warp,FrmId=2
09-09 22:41:40.023 23427 30678 I WiVRn   : [2026-09-09 22:41:40.023] [WiVRn] [info] Supported swapchain formats:
09-09 22:41:40.023 23427 30678 I WiVRn   : [2026-09-09 22:41:40.023] [WiVRn] [info]     R8G8B8A8Srgb
09-09 22:41:40.023 23427 30678 I WiVRn   : [2026-09-09 22:41:40.023] [WiVRn] [info]     R8Unorm
09-09 22:41:40.023 23427 30678 I WiVRn   : [2026-09-09 22:41:40.023] [WiVRn] [info]     R8G8Unorm
09-09 22:41:40.023 23427 30678 I WiVRn   : [2026-09-09 22:41:40.023] [WiVRn] [info]     R8G8B8A8Unorm
09-09 22:41:40.023 23427 30678 I WiVRn   : [2026-09-09 22:41:40.023] [WiVRn] [info]     R5G6B5UnormPack16
09-09 22:41:40.023 23427 30678 I WiVRn   : [2026-09-09 22:41:40.023] [WiVRn] [info]     A2B10G10R10UnormPack32
09-09 22:41:40.023 23427 30678 I WiVRn   : [2026-09-09 22:41:40.023] [WiVRn] [info]     R16Unorm
09-09 22:41:40.023 23427 30678 I WiVRn   : [2026-09-09 22:41:40.023] [WiVRn] [info]     R16G16Unorm
09-09 22:41:40.023 23427 30678 I WiVRn   : [2026-09-09 22:41:40.023] [WiVRn] [info]     R16G16B16A16Unorm
09-09 22:41:40.023 23427 30678 I WiVRn   : [2026-09-09 22:41:40.023] [WiVRn] [info]     R16Uint
09-09 22:41:40.023 23427 30678 I WiVRn   : [2026-09-09 22:41:40.023] [WiVRn] [info]     R16G16Uint
09-09 22:41:40.023 23427 30678 I WiVRn   : [2026-09-09 22:41:40.023] [WiVRn] [info]     R16G16B16A16Uint
09-09 22:41:40.023 23427 30678 I WiVRn   : [2026-09-09 22:41:40.023] [WiVRn] [info]     R16Sint
09-09 22:41:40.023 23427 30678 I WiVRn   : [2026-09-09 22:41:40.023] [WiVRn] [info]     R16G16Sint
09-09 22:41:40.023 23427 30678 I WiVRn   : [2026-09-09 22:41:40.023] [WiVRn] [info]     R16G16B16A16Sint
09-09 22:41:40.023 23427 30678 I WiVRn   : [2026-09-09 22:41:40.023] [WiVRn] [info]     R16Sfloat
09-09 22:41:40.023 23427 30678 I WiVRn   : [2026-09-09 22:41:40.023] [WiVRn] [info]     R16G16Sfloat
09-09 22:41:40.023 23427 30678 I WiVRn   : [2026-09-09 22:41:40.023] [WiVRn] [info]     R16G16B16A16Sfloat
09-09 22:41:40.023 23427 30678 I WiVRn   : [2026-09-09 22:41:40.023] [WiVRn] [info]     A1R5G5B5UnormPack16
09-09 22:41:40.023 23427 30678 I WiVRn   : [2026-09-09 22:41:40.023] [WiVRn] [info]     Etc2R8G8B8UnormBlock
09-09 22:41:40.023 23427 30678 I WiVRn   : [2026-09-09 22:41:40.023] [WiVRn] [info]     Etc2R8G8B8A1UnormBlock
09-09 22:41:40.023 23427 30678 I WiVRn   : [2026-09-09 22:41:40.023] [WiVRn] [info]     Etc2R8G8B8A8UnormBlock
09-09 22:41:40.023 23427 30678 I WiVRn   : [2026-09-09 22:41:40.023] [WiVRn] [info]     Etc2R8G8B8SrgbBlock
09-09 22:41:40.023 23427 30678 I WiVRn   : [2026-09-09 22:41:40.023] [WiVRn] [info]     Etc2R8G8B8A1SrgbBlock
09-09 22:41:40.023 23427 30678 I WiVRn   : [2026-09-09 22:41:40.023] [WiVRn] [info]     Etc2R8G8B8A8SrgbBlock
09-09 22:41:40.023 23427 30678 I WiVRn   : [2026-09-09 22:41:40.023] [WiVRn] [info]     EacR11UnormBlock
09-09 22:41:40.023 23427 30678 I WiVRn   : [2026-09-09 22:41:40.023] [WiVRn] [info]     EacR11G11UnormBlock
09-09 22:41:40.023 23427 30678 I WiVRn   : [2026-09-09 22:41:40.023] [WiVRn] [info]     EacR11SnormBlock
09-09 22:41:40.023 23427 30678 I WiVRn   : [2026-09-09 22:41:40.023] [WiVRn] [info]     EacR11G11SnormBlock
09-09 22:41:40.023 23427 30678 I WiVRn   : [2026-09-09 22:41:40.023] [WiVRn] [info]     Astc4x4UnormBlock
09-09 22:41:40.023 23427 30678 I WiVRn   : [2026-09-09 22:41:40.023] [WiVRn] [info]     Astc5x4UnormBlock
09-09 22:41:40.023 23427 30678 I WiVRn   : [2026-09-09 22:41:40.023] [WiVRn] [info]     Astc5x5UnormBlock
09-09 22:41:40.023 23427 30678 I WiVRn   : [2026-09-09 22:41:40.023] [WiVRn] [info]     Astc6x5UnormBlock
09-09 22:41:40.023 23427 30678 I WiVRn   : [2026-09-09 22:41:40.023] [WiVRn] [info]     Astc6x6UnormBlock
09-09 22:41:40.023 23427 30678 I WiVRn   : [2026-09-09 22:41:40.023] [WiVRn] [info]     Astc8x5UnormBlock
09-09 22:41:40.023 23427 30678 I WiVRn   : [2026-09-09 22:41:40.023] [WiVRn] [info]     Astc8x6UnormBlock
09-09 22:41:40.023 23427 30678 I WiVRn   : [2026-09-09 22:41:40.023] [WiVRn] [info]     Astc8x8UnormBlock
09-09 22:41:40.023 23427 30678 I WiVRn   : [2026-09-09 22:41:40.023] [WiVRn] [info]     Astc10x5UnormBlock
09-09 22:41:40.023 23427 30678 I WiVRn   : [2026-09-09 22:41:40.023] [WiVRn] [info]     Astc10x6UnormBlock
09-09 22:41:40.023 23427 30678 I WiVRn   : [2026-09-09 22:41:40.023] [WiVRn] [info]     Astc10x8UnormBlock
09-09 22:41:40.023 23427 30678 I WiVRn   : [2026-09-09 22:41:40.023] [WiVRn] [info]     Astc10x10UnormBlock
09-09 22:41:40.023 23427 30678 I WiVRn   : [2026-09-09 22:41:40.023] [WiVRn] [info]     Astc12x10UnormBlock
09-09 22:41:40.023 23427 30678 I WiVRn   : [2026-09-09 22:41:40.023] [WiVRn] [info]     Astc12x12UnormBlock
09-09 22:41:40.023 23427 30678 I WiVRn   : [2026-09-09 22:41:40.023] [WiVRn] [info]     Astc4x4SrgbBlock
09-09 22:41:40.023 23427 30678 I WiVRn   : [2026-09-09 22:41:40.023] [WiVRn] [info]     Astc5x4SrgbBlock
09-09 22:41:40.023 23427 30678 I WiVRn   : [2026-09-09 22:41:40.023] [WiVRn] [info]     Astc5x5SrgbBlock
09-09 22:41:40.023 23427 30678 I WiVRn   : [2026-09-09 22:41:40.023] [WiVRn] [info]     Astc6x5SrgbBlock
09-09 22:41:40.023 23427 30678 I WiVRn   : [2026-09-09 22:41:40.023] [WiVRn] [info]     Astc6x6SrgbBlock
09-09 22:41:40.023 23427 30678 I WiVRn   : [2026-09-09 22:41:40.023] [WiVRn] [info]     Astc8x5SrgbBlock
09-09 22:41:40.023 23427 30678 I WiVRn   : [2026-09-09 22:41:40.023] [WiVRn] [info]     Astc8x6SrgbBlock
09-09 22:41:40.023 23427 30678 I WiVRn   : [2026-09-09 22:41:40.023] [WiVRn] [info]     Astc8x8SrgbBlock
09-09 22:41:40.023 23427 30678 I WiVRn   : [2026-09-09 22:41:40.023] [WiVRn] [info]     Astc10x5SrgbBlock
09-09 22:41:40.023 23427 30678 I WiVRn   : [2026-09-09 22:41:40.023] [WiVRn] [info]     Astc10x6SrgbBlock
09-09 22:41:40.023 23427 30678 I WiVRn   : [2026-09-09 22:41:40.023] [WiVRn] [info]     Astc10x8SrgbBlock
09-09 22:41:40.023 23427 30678 I WiVRn   : [2026-09-09 22:41:40.023] [WiVRn] [info]     Astc10x10SrgbBlock
09-09 22:41:40.023 23427 30678 I WiVRn   : [2026-09-09 22:41:40.023] [WiVRn] [info]     Astc12x10SrgbBlock
09-09 22:41:40.023 23427 30678 I WiVRn   : [2026-09-09 22:41:40.023] [WiVRn] [info]     Astc12x12SrgbBlock
09-09 22:41:40.023 23427 30678 I WiVRn   : [2026-09-09 22:41:40.023] [WiVRn] [info]     D16Unorm
09-09 22:41:40.023 23427 30678 I WiVRn   : [2026-09-09 22:41:40.023] [WiVRn] [info]     X8D24UnormPack32
09-09 22:41:40.023 23427 30678 I WiVRn   : [2026-09-09 22:41:40.023] [WiVRn] [info]     D32Sfloat
09-09 22:41:40.023 23427 30678 I WiVRn   : [2026-09-09 22:41:40.023] [WiVRn] [info]     D24UnormS8Uint
09-09 22:41:40.023 23427 30678 I WiVRn   : [2026-09-09 22:41:40.023] [WiVRn] [info]     B8G8R8A8Unorm
09-09 22:41:40.023 23427 30678 I WiVRn   : [2026-09-09 22:41:40.023] [WiVRn] [info]     B8G8R8A8Srgb
09-09 22:41:40.024 23427 30678 I WiVRn   : [2026-09-09 22:41:40.024] [WiVRn] [info] Using panel size: 2160x2160
09-09 22:41:40.142 23427 30678 I WiVRn   : [2026-09-09 22:41:40.142] [WiVRn] [info] video codec av1: NOT supported
09-09 22:41:40.158 23427 30678 I WiVRn   : [2026-09-09 22:41:40.158] [WiVRn] [info] video codec h265: supported
09-09 22:41:40.171 23427 30678 I WiVRn   : [2026-09-09 22:41:40.171] [WiVRn] [info] video codec h264: supported
09-09 22:41:40.175 23427 30678 I WiVRn   : [2026-09-09 22:41:40.175] [WiVRn] [info] Using format R8G8B8A8Srgb
09-09 22:41:40.177 23427 30678 I WiVRn   : [2026-09-09 22:41:40.177] [WiVRn] [info] WifiLock low latency acquired
09-09 22:41:40.248 23427 30709 I WiVRn   : [2026-09-09 22:41:40.248] [WiVRn] [info] setup, refresh rate 90
09-09 22:41:40.248 23427 30709 I WiVRn   : [2026-09-09 22:41:40.248] [WiVRn] [info] set refresh rate to 90Hz
09-09 22:41:40.249 23427 30709 I WiVRn   : [2026-09-09 22:41:40.249] [WiVRn] [info] Creating decoders, size 2176x2176
09-09 22:41:40.249 23427 30709 I WiVRn   : [2026-09-09 22:41:40.249] [WiVRn] [info] edge bleed: server overscan 5.0%, client ring 0.0% (fade)
09-09 22:41:40.249 23427 30709 I WiVRn   : [2026-09-09 22:41:40.249] [WiVRn] [info]   stream 0: role 0, 2176x2176
09-09 22:41:40.249 23427 30709 I WiVRn   : [2026-09-09 22:41:40.249] [WiVRn] [info] nxwarp: decoupled display on
09-09 22:41:40.249 23427 30709 I WiVRn   : [2026-09-09 22:41:40.249] [WiVRn] [info] nxwarp: ycbcr chroma filter linear
09-09 22:41:40.249 23427 30709 I WiVRn   : [2026-09-09 22:41:40.249] [WiVRn] [info] nxwarp[0]: decoupled display -- frames are published complete and the reprojection pass waits on nothing
09-09 22:41:40.249 23427 30709 I WiVRn   : [2026-09-09 22:41:40.249] [WiVRn] [info]   stream 2: role 1, 2176x1088
09-09 22:41:40.249 23427 30709 I WiVRn   : [2026-09-09 22:41:40.249] [WiVRn] [info] nxwarp: decoupled display on
09-09 22:41:40.249 23427 30709 I WiVRn   : [2026-09-09 22:41:40.249] [WiVRn] [info] nxwarp: ycbcr chroma filter linear
09-09 22:41:40.249 23427 30709 I WiVRn   : [2026-09-09 22:41:40.249] [WiVRn] [info] nxwarp[2]: decoupled display -- frames are published complete and the reprojection pass waits on nothing
09-09 22:41:40.249 23427 30716 I WiVRn   : [2026-09-09 22:41:40.249] [WiVRn] [info] Adding hand_interaction poses to device list
09-09 22:41:40.249 23427 30716 I WiVRn   : [2026-09-09 22:41:40.249] [WiVRn] [info] interaction profile for /user/hand/left: /interaction_profiles/ext/hand_interaction_ext
09-09 22:41:40.249 23427 30716 I WiVRn   : [2026-09-09 22:41:40.249] [WiVRn] [info] interaction profile for /user/hand/right: /interaction_profiles/ext/hand_interaction_ext
09-09 22:41:40.249 23427 30716 I WiVRn   : [2026-09-09 22:41:40.249] [WiVRn] [info] interaction profile for /user/gamepad: XR_NULL_PATH
09-09 22:41:40.249 23427 30716 W WiVRn   : [2026-09-09 22:41:40.249] [WiVRn] [warning] unknown interaction profile XR_NULL_PATH
09-09 22:41:40.251 23427 30716 I WiVRn   : [2026-09-09 22:41:40.251] [WiVRn] [info] Tracking pattern (5000µs):
09-09 22:41:40.251 23427 30716 I WiVRn   : [2026-09-09 22:41:40.251] [WiVRn] [info] 	t+5000µs HEAD (0µs)
09-09 22:41:40.370 23427 30709 I WiVRn   : [2026-09-09 22:41:40.370] [WiVRn] [info] Speaker stream started
09-09 22:41:40.371 23427 30709 I WiVRn   : [2026-09-09 22:41:40.371] [WiVRn] [info] setup, refresh rate 90
09-09 22:41:40.371 23427 30709 I WiVRn   : [2026-09-09 22:41:40.371] [WiVRn] [info] set refresh rate to 90Hz
09-09 22:41:41.025 23427 30672 I PxrMetric: FPS=0/90,MTP=28.58ms,AppSW=off,FrmEarly=14,FrmLate=1,FrmCpu=0.72ms,FrmGpu=0.97ms,FrmTime=1.71ms,ATWGPU=1.53ms,VsyncDelay=1,GPU=28%/587Mhz,GPUTemp=67.1C,LayerCnt=5,Pkg=org.meumeu.wivrn.nx.warp,FrmId=77
09-09 22:41:42.025 23427 30672 I PxrMetric: FPS=76/90,MTP=28.29ms,AppSW=off,FrmEarly=0,FrmLate=0,FrmCpu=0.92ms,FrmGpu=1.29ms,FrmTime=2.24ms,ATWGPU=1.54ms,VsyncDelay=1,GPU=28%/587Mhz,GPUTemp=70.2C,LayerCnt=5,Pkg=org.meumeu.wivrn.nx.warp,FrmId=167
09-09 22:41:42.895 23427 30709 I WiVRn   : [2026-09-09 22:41:42.895] [WiVRn] [info] nxwarp[0]: PLANAR centre mode requested; using generic mixed-frame decoder
09-09 22:41:42.895 23427 30709 I WiVRn   : [2026-09-09 22:41:42.895] [WiVRn] [info] nxwarp[0]: borrowed NV12 output enabled
09-09 22:41:42.895 23427 30709 I WiVRn   : [2026-09-09 22:41:42.895] [WiVRn] [info] nxwarp[0]: atlas borrowed-target dirty catchup enabled
09-09 22:41:42.895 23427 30709 I WiVRn   : [2026-09-09 22:41:42.895] [WiVRn] [info] nxwarp[0]: direct atlas targets false
09-09 22:41:42.895 23427 30709 I WiVRn   : [2026-09-09 22:41:42.895] [WiVRn] [info] nxwarp[0]: 2176x2176 per eye, 2 eyes, on Adreno (TM) 650, 68 x 34 tiles, 1166 bytes per tile
09-09 22:41:42.896 23427 30716 I WiVRn   : [2026-09-09 22:41:42.896] [WiVRn] [info] Tracking pattern (5000µs):
09-09 22:41:42.896 23427 30716 I WiVRn   : [2026-09-09 22:41:42.896] [WiVRn] [info] 	t+3650µs LEFT_GRIP (1349µs)
09-09 22:41:42.896 23427 30716 I WiVRn   : [2026-09-09 22:41:42.896] [WiVRn] [info] 	t+9639µs HEAD (-9639µs)
09-09 22:41:42.899 23427 30709 I WiVRn   : [2026-09-09 22:41:42.899] [WiVRn] [info] nxwarp[0] net: 1 frames closed in 2.7 s, 0 with a hole, 0 out-of-order datagrams, 0 frames completed late, 0 queued for the worker, 0 decoded so far, 0 stragglers dropped; last hole 0/0 chunks, first missing -1, short false, chunk 1166 B
09-09 22:41:42.899 23427 30709 I WiVRn   : [2026-09-09 22:41:42.899] [WiVRn] [info] nxwarp[0] net: 0.024 ms per datagram over 118 datagrams (1.06 ms of every second)
09-09 22:41:42.899 23427 30709 I WiVRn   : [2026-09-09 22:41:42.899] [WiVRn] [info] nxwarp[0] sel: stride 1, arrival 0.0 ms, dropped-late 0, withheld 0, decoded 0
09-09 22:41:42.899 23427 30709 I WiVRn   : [2026-09-09 22:41:42.899] [WiVRn] [info] nxwarp[0] rx: 119 datagrams, placed 2312 (+2312), late 0 (+0), stale_frame 0, bad_range 0, bad_dir 0, bad_caps 0, bad_ver 0, auth_fail 0, replay 0, frozen 0, dup 0
09-09 22:41:43.026 23427 30672 I PxrMetric: FPS=90/90,MTP=26.64ms,AppSW=off,FrmEarly=0,FrmLate=0,FrmCpu=0.84ms,FrmGpu=0.42ms,FrmTime=1.28ms,ATWGPU=1.55ms,VsyncDelay=1,GPU=27%/587Mhz,GPUTemp=69.8C,LayerCnt=5,Pkg=org.meumeu.wivrn.nx.warp,FrmId=257
09-09 22:41:43.250 23427 30716 I WiVRn   : [2026-09-09 22:41:43.250] [WiVRn] [info] Tracking pattern (5000µs):
09-09 22:41:43.250 23427 30716 I WiVRn   : [2026-09-09 22:41:43.250] [WiVRn] [info] 	t+1000µs HEAD (9000µs)
09-09 22:41:43.250 23427 30716 I WiVRn   : [2026-09-09 22:41:43.250] [WiVRn] [info] 	t+1400µs LEFT_GRIP (3599µs)
09-09 22:41:43.250 23427 30716 I WiVRn   : [2026-09-09 22:41:43.250] [WiVRn] [info] 	t+1437µs RIGHT_GRIP (3562µs)
09-09 22:41:43.250 23427 30716 I WiVRn   : [2026-09-09 22:41:43.250] [WiVRn] [info] 	t+2000µs HEAD (3000µs)
09-09 22:41:43.250 23427 30716 I WiVRn   : [2026-09-09 22:41:43.250] [WiVRn] [info] 	t+3400µs LEFT_GRIP (6599µs)
09-09 22:41:43.250 23427 30716 I WiVRn   : [2026-09-09 22:41:43.250] [WiVRn] [info] 	t+3437µs RIGHT_GRIP (6562µs)
09-09 22:41:43.250 23427 30716 I WiVRn   : [2026-09-09 22:41:43.250] [WiVRn] [info] 	t+4000µs HEAD (6000µs)
09-09 22:41:43.250 23427 30716 I WiVRn   : [2026-09-09 22:41:43.250] [WiVRn] [info] 	t+5000µs HEAD (0µs)
09-09 22:41:43.667 23427 30714 I WiVRn   : [2026-09-09 22:41:43.667] [WiVRn] [info] Stream scene ready at t=256337036468620
09-09 22:41:43.667 23427 30714 I WiVRn   : [2026-09-09 22:41:43.667] [WiVRn] [info] nxwarp[0]: 1 frames in 3.4 s: 88432 B/frame, wait-prev 0.0 ms, wall 768.1 ms, nxvc passA 0.5 passB 2.4 gpu 2.9 ms; holes 0, refused 0
09-09 22:41:43.667 23427 30714 I WiVRn   : [2026-09-09 22:41:43.667] [WiVRn] [info] nxwarp[0] gpu duty 1 ms/s (0% of one GPU) for decode alone; the display pass is extra
09-09 22:41:43.667 23427 30714 I WiVRn   : [2026-09-09 22:41:43.667] [WiVRn] [info] nxwarp[0] passB 2.4 ms = warp 0.0 + skip 0.0 + coded 0.0 + dir 0.0 + other 2.4; tiles skip 0 / coded 2312 / dir 0 (eye pass 0)
09-09 22:41:43.667 23427 30714 I WiVRn   : [2026-09-09 22:41:43.667] [WiVRn] [info] nxwarp[0]: 75 frames dropped late (queue kept to 1)
09-09 22:41:43.667 23427 30714 I WiVRn   : [2026-09-09 22:41:43.667] [WiVRn] [info] nxwarp[0] stage: gap 0.0 | wait-prev 0.0 | submit 765.0 (qlock 0.0 + codec 765.0) | get_free 0.0 | fence-pre 0.0 | record 0.1 | qsubmit 0.0 | fence-post 2.9 | publish 0.0 ms; withheld 0, stride 1, arrival 12.4 ms
09-09 22:41:43.667 23427 30714 I WiVRn   : [2026-09-09 22:41:43.667] [WiVRn] [info] nxwarp[0] reassembly (network thread): 0.07 ms/frame over 77 frames, buffer 128 kB held for 128 kB of unit (1.0x)
09-09 22:41:43.667 23427 30714 I WiVRn   : [2026-09-09 22:41:43.667] [WiVRn] [info] nxwarp[0] fence-post 3.0 ms = nxvc gpu 2.9 + copy gpu 0.00 + queue 0.0 (over 1 frames with timestamps)
09-09 22:41:43.672 23427 30678 I WiVRn   : [2026-09-09 22:41:43.672] [WiVRn] [info] MulticastLock released
09-09 22:41:43.682 23427 30678 I WiVRn   : [2026-09-09 22:41:43.682] [WiVRn] [info] Loaded input profile pico-4
09-09 22:41:43.682 23427 30678 I WiVRn   : [2026-09-09 22:41:43.682] [WiVRn] [info] Initializing offset of space aim_left to (-5, 0, 20) mm, (0, -0, 0)°
09-09 22:41:43.682 23427 30678 I WiVRn   : [2026-09-09 22:41:43.682] [WiVRn] [info] Initializing offset of space aim_right to (5, 0, 20) mm, (0, -0, 0)°
09-09 22:41:43.682 23427 30678 I WiVRn   : [2026-09-09 22:41:43.682] [WiVRn] [info] Initializing offset of space grip_left to (0, -20, -50) mm, (-30.000002, -0, 0)°
09-09 22:41:43.682 23427 30678 I WiVRn   : [2026-09-09 22:41:43.682] [WiVRn] [info] Initializing offset of space grip_right to (0, -20, -50) mm, (-30.000002, -0, 0)°
09-09 22:41:43.684 23427 30678 I WiVRn   : [2026-09-09 22:41:43.684] [WiVRn] [info] Font for de /system/fonts/PICOSans.ttf
09-09 22:41:43.684 23427 30678 I WiVRn   : [2026-09-09 22:41:43.684] [WiVRn] [info] Font for es /system/fonts/PICOSans.ttf
09-09 22:41:43.684 23427 30678 I WiVRn   : [2026-09-09 22:41:43.684] [WiVRn] [info] Font for fr /system/fonts/PICOSans.ttf
09-09 22:41:43.684 23427 30678 I WiVRn   : [2026-09-09 22:41:43.684] [WiVRn] [info] Font for fr /system/fonts/Roboto-Regular.ttf
09-09 22:41:43.684 23427 30678 I WiVRn   : [2026-09-09 22:41:43.684] [WiVRn] [info] Font for it /system/fonts/PICOSans.ttf
09-09 22:41:43.684 23427 30678 I WiVRn   : [2026-09-09 22:41:43.684] [WiVRn] [info] Font for ja /system/fonts/PICOSans.ttf
09-09 22:41:43.684 23427 30678 I WiVRn   : [2026-09-09 22:41:43.684] [WiVRn] [info] Font for ja /system/fonts/PICOSansVFJP.ttf
09-09 22:41:43.684 23427 30678 I WiVRn   : [2026-09-09 22:41:43.684] [WiVRn] [info] Font for ka /system/fonts/PICOSans.ttf
09-09 22:41:43.684 23427 30678 I WiVRn   : [2026-09-09 22:41:43.684] [WiVRn] [info] Font for ka /system/fonts/NotoSansGeorgian-Regular.otf
09-09 22:41:43.684 23427 30678 I WiVRn   : [2026-09-09 22:41:43.684] [WiVRn] [info] Font for ka /system/fonts/PICOSans.ttf
09-09 22:41:43.684 23427 30678 I WiVRn   : [2026-09-09 22:41:43.684] [WiVRn] [info] Font for pl /system/fonts/PICOSans.ttf
09-09 22:41:43.684 23427 30678 I WiVRn   : [2026-09-09 22:41:43.684] [WiVRn] [info] Font for pl /system/fonts/Roboto-Regular.ttf
09-09 22:41:43.684 23427 30678 I WiVRn   : [2026-09-09 22:41:43.684] [WiVRn] [info] Font for pl /system/fonts/PICOSans.ttf
09-09 22:41:43.684 23427 30678 I WiVRn   : [2026-09-09 22:41:43.684] [WiVRn] [info] Font for pl /system/fonts/PICOSansSC-Regular.ttf
09-09 22:41:43.684 23427 30678 I WiVRn   : [2026-09-09 22:41:43.684] [WiVRn] [info] Font for pl /system/fonts/Roboto-Regular.ttf
09-09 22:41:43.684 23427 30678 I WiVRn   : [2026-09-09 22:41:43.684] [WiVRn] [info] Font for pl /system/fonts/PICOSans.ttf
09-09 22:41:43.684 23427 30678 I WiVRn   : [2026-09-09 22:41:43.684] [WiVRn] [info] Font for pt_BR /system/fonts/PICOSans.ttf
09-09 22:41:43.684 23427 30678 I WiVRn   : [2026-09-09 22:41:43.684] [WiVRn] [info] Font for ru /system/fonts/PICOSans.ttf
09-09 22:41:43.684 23427 30678 I WiVRn   : [2026-09-09 22:41:43.684] [WiVRn] [info] Font for ru /system/fonts/PICOSansSC-Regular.ttf
09-09 22:41:43.684 23427 30678 I WiVRn   : [2026-09-09 22:41:43.684] [WiVRn] [info] Font for ru /system/fonts/PICOSans.ttf
09-09 22:41:43.684 23427 30678 I WiVRn   : [2026-09-09 22:41:43.684] [WiVRn] [info] Font for sk /system/fonts/PICOSans.ttf
09-09 22:41:43.684 23427 30678 I WiVRn   : [2026-09-09 22:41:43.684] [WiVRn] [info] Font for sk /system/fonts/Roboto-Regular.ttf
09-09 22:41:43.684 23427 30678 I WiVRn   : [2026-09-09 22:41:43.684] [WiVRn] [info] Font for sk /system/fonts/PICOSansSC-Regular.ttf
09-09 22:41:43.684 23427 30678 I WiVRn   : [2026-09-09 22:41:43.684] [WiVRn] [info] Font for sk /system/fonts/PICOSans.ttf
09-09 22:41:43.684 23427 30678 I WiVRn   : [2026-09-09 22:41:43.684] [WiVRn] [info] Font for sk /system/fonts/Roboto-Regular.ttf
09-09 22:41:43.684 23427 30678 I WiVRn   : [2026-09-09 22:41:43.684] [WiVRn] [info] Font for sk /system/fonts/PICOSans.ttf
09-09 22:41:43.684 23427 30678 I WiVRn   : [2026-09-09 22:41:43.684] [WiVRn] [info] Font for tr /system/fonts/PICOSans.ttf
09-09 22:41:43.684 23427 30678 I WiVRn   : [2026-09-09 22:41:43.684] [WiVRn] [info] Font for tr /system/fonts/Roboto-Regular.ttf
09-09 22:41:43.684 23427 30678 I WiVRn   : [2026-09-09 22:41:43.684] [WiVRn] [info] Font for tr /system/fonts/PICOSans.ttf
09-09 22:41:43.684 23427 30678 I WiVRn   : [2026-09-09 22:41:43.684] [WiVRn] [info] Font for tr /system/fonts/Roboto-Regular.ttf
09-09 22:41:43.684 23427 30678 I WiVRn   : [2026-09-09 22:41:43.684] [WiVRn] [info] Font for tr /system/fonts/PICOSans.ttf
09-09 22:41:43.685 23427 30678 I WiVRn   : [2026-09-09 22:41:43.685] [WiVRn] [info] Font for zh_CN /system/fonts/PICOSans.ttf
09-09 22:41:43.685 23427 30678 I WiVRn   : [2026-09-09 22:41:43.685] [WiVRn] [info] Font for zh_CN /system/fonts/PICOSansSC-Regular.ttf
09-09 22:41:43.685 23427 30678 I WiVRn   : [2026-09-09 22:41:43.685] [WiVRn] [info] Font for zh_TW /system/fonts/PICOSans.ttf
09-09 22:41:43.685 23427 30678 I WiVRn   : [2026-09-09 22:41:43.685] [WiVRn] [info] Font for zh_TW /system/fonts/PICOSansSC-Regular.ttf
09-09 22:41:43.689 23427 30678 I WiVRn   : [2026-09-09 22:41:43.689] [WiVRn] [info] Using font /system/fonts/PICOSans.ttf
09-09 22:41:43.689 23427 30678 I WiVRn   : [2026-09-09 22:41:43.689] [WiVRn] [info] Using font /system/fonts/Roboto-Regular.ttf
09-09 22:41:43.689 23427 30678 I WiVRn   : [2026-09-09 22:41:43.689] [WiVRn] [info] Using font /system/fonts/PICOSansVFJP.ttf
09-09 22:41:43.700 23427 30678 I WiVRn   : [2026-09-09 22:41:43.700] [WiVRn] [info] Using font /system/fonts/NotoSansGeorgian-Regular.otf
09-09 22:41:43.701 23427 30678 I WiVRn   : [2026-09-09 22:41:43.701] [WiVRn] [info] Using font /system/fonts/PICOSansSC-Regular.ttf
09-09 22:41:43.707 23427 30678 I WiVRn   : [2026-09-09 22:41:43.707] [WiVRn] [info] Performance level: CPU domain asked for sustained_high
09-09 22:41:43.707 23427 30678 I WiVRn   : [2026-09-09 22:41:43.707] [WiVRn] [info] nxwarp: GPU performance level setting 2
09-09 22:41:43.707 23427 30678 I WiVRn   : [2026-09-09 22:41:43.707] [WiVRn] [info] Performance level: GPU domain asked for boost
09-09 22:41:43.708 23427 30678 I WiVRn   : [2026-09-09 22:41:43.708] [WiVRn] [info] swapchain setup, refresh rate 90
09-09 22:41:43.708 23427 30678 I WiVRn   : [2026-09-09 22:41:43.708] [WiVRn] [info] set refresh rate to 90Hz
09-09 22:41:43.710 23427 30678 W WiVRn   : [2026-09-09 22:41:43.710] [WiVRn] [warning] XR mutable swapchain request rejected (-2); retrying without format list
09-09 22:41:43.718 23427 30678 I WiVRn   : [2026-09-09 22:41:43.718] [WiVRn] [info] Created stream swapchain: 2160x2160
09-09 22:41:43.718 23427 30678 I WiVRn   : [2026-09-09 22:41:43.718] [WiVRn] [info] Initializing reprojector
09-09 22:41:43.719 23427 30678 I WiVRn   : [2026-09-09 22:41:43.719] [WiVRn] [info] Static FDM enabled: 135x135 map, texel 16x16
09-09 22:41:43.719 23427 30678 I WiVRn   : [2026-09-09 22:41:43.719] [WiVRn] [info] nxwarp atlas vertex warp enabled
09-09 22:41:43.719 23427 30678 I WiVRn   : [2026-09-09 22:41:43.719] [WiVRn] [info] Atlas UNORM attachment views ready
09-09 22:41:43.719 23427 30678 I WiVRn   : [2026-09-09 22:41:43.719] [WiVRn] [info] Atlas mutable swapchain enabled
09-09 22:41:43.719 23427 30678 I WiVRn   : [2026-09-09 22:41:43.719] [WiVRn] [info] NX peripheral smoothing off
09-09 22:41:43.719 23427 30678 I WiVRn   : [2026-09-09 22:41:43.719] [WiVRn] [info] Atlas UNORM attachment path active
09-09 22:41:43.849 23427 30678 I WiVRn   : [2026-09-09 22:41:43.849] [WiVRn] [info] geometry[eye 0]: view_info fov L-53.34 R53.34 U53.34 D-53.34 | layer fov L-53.34 R53.34 U53.34 D-53.34 deg | layer rect 2160x2160 | defoveated 2160x2160 | scale 1.00
09-09 22:41:43.849 23427 30678 I WiVRn   : [2026-09-09 22:41:43.849] [WiVRn] [info] geometry[eye 1]: view_info fov L-53.34 R53.34 U53.34 D-53.34 | layer fov L-53.34 R53.34 U53.34 D-53.34 deg | layer rect 2160x2160 | defoveated 2160x2160 | scale 1.00
09-09 22:41:43.861 23427 30678 I WiVRn   : [2026-09-09 22:41:43.861] [WiVRn] [info] render: 1 iterations in 4.3 s (0.2/s), 1 submitted a layer, 1 new-source, 0 skipped by the repeat gate, 0 with nothing to show; display period 11.1 ms
09-09 22:41:43.861 23427 30678 I WiVRn   : [2026-09-09 22:41:43.861] [WiVRn] [info] render: ready wait attempts 0 success 0 total 0.000 ms | selected older than available 0
09-09 22:41:43.861 23427 30678 I WiVRn   : [2026-09-09 22:41:43.861] [WiVRn] [info] render: selected source transitions forward 0 backward 0 repeat 0, greatest forward gap 0
09-09 22:41:43.861 23427 30678 I WiVRn   : [2026-09-09 22:41:43.861] [WiVRn] [info] render: this app's own GPU pass 0.0 ms per iteration
09-09 22:41:43.861 23427 30678 I WiVRn   : [2026-09-09 22:41:43.861] [WiVRn] [info] render: defoveate 2160x2160 per eye x2 = 9.33 Mpx/frame at scale 1.00 atlas-prototype 0; 0 re-presented from the cache (reduce_gpu_load on)
09-09 22:41:43.861 23427 30678 I WiVRn   : [2026-09-09 22:41:43.861] [WiVRn] [info] render: shader path sharpness 0.00 fsr false alpha false motion false blend false glow 0.00 vignette 0.00 deband 0.00 lowpoly 0.00 levels 0 full-kernel false
09-09 22:41:43.861 23427 30678 I WiVRn   : [2026-09-09 22:41:43.861] [WiVRn] [info] render: per iteration fence 0.0 (worst 0.0) | queries 0.0 | submit 0.0 | whole render() 153.2 ms
09-09 22:41:43.861 23427 30678 I WiVRn   : [2026-09-09 22:41:43.861] [WiVRn] [info] render: jit on | wake slack 22.2 ms | slept 0.0 ms mean (max 0.0, 0 of 1 iterations) | budget 1.0 = pass 0.0 + margin 1.0 | sleep cap 45.0 ms
09-09 22:41:43.861 23427 30678 I WiVRn   : [2026-09-09 22:41:43.861] [WiVRn] [info] render: source display-time offset 69.6 ms mean (worst 69.6) over 1 frames | submit lead 0.0 ms mean (worst 0.0) | misses: 0 overrun 0 late 0 skipped refresh
09-09 22:41:43.861 23427 30678 I WiVRn   : [2026-09-09 22:41:43.861] [WiVRn] [info] Received event type XR_TYPE_EVENT_DATA_INTERACTION_PROFILE_CHANGED
09-09 22:41:43.861 23427 30678 I WiVRn   : [2026-09-09 22:41:43.861] [WiVRn] [info] interaction profile for /user/hand/left: /interaction_profiles/ext/hand_interaction_ext
09-09 22:41:43.861 23427 30678 I WiVRn   : [2026-09-09 22:41:43.861] [WiVRn] [info] interaction profile for /user/hand/right: /interaction_profiles/ext/hand_interaction_ext
09-09 22:41:43.861 23427 30678 I WiVRn   : [2026-09-09 22:41:43.861] [WiVRn] [info] interaction profile for /user/gamepad: XR_NULL_PATH
09-09 22:41:43.861 23427 30678 W WiVRn   : [2026-09-09 22:41:43.861] [WiVRn] [warning] unknown interaction profile XR_NULL_PATH
09-09 22:41:43.861 23427 30678 I WiVRn   : [2026-09-09 22:41:43.861] [WiVRn] [info] Received event type XR_TYPE_EVENT_DATA_INTERACTION_PROFILE_CHANGED
09-09 22:41:43.861 23427 30678 I WiVRn   : [2026-09-09 22:41:43.861] [WiVRn] [info] interaction profile for /user/hand/left: /interaction_profiles/ext/hand_interaction_ext
09-09 22:41:43.861 23427 30678 I WiVRn   : [2026-09-09 22:41:43.861] [WiVRn] [info] interaction profile for /user/hand/right: /interaction_profiles/ext/hand_interaction_ext
09-09 22:41:43.861 23427 30678 I WiVRn   : [2026-09-09 22:41:43.861] [WiVRn] [info] interaction profile for /user/gamepad: XR_NULL_PATH
09-09 22:41:43.861 23427 30678 W WiVRn   : [2026-09-09 22:41:43.861] [WiVRn] [warning] unknown interaction profile XR_NULL_PATH
09-09 22:41:43.861 23427 30678 I WiVRn   : [2026-09-09 22:41:43.861] [WiVRn] [info] Received event type XR_TYPE_EVENT_DATA_INTERACTION_PROFILE_CHANGED
09-09 22:41:43.861 23427 30678 I WiVRn   : [2026-09-09 22:41:43.861] [WiVRn] [info] interaction profile for /user/hand/left: /interaction_profiles/ext/hand_interaction_ext
09-09 22:41:43.861 23427 30678 I WiVRn   : [2026-09-09 22:41:43.861] [WiVRn] [info] interaction profile for /user/hand/right: /interaction_profiles/ext/hand_interaction_ext
09-09 22:41:43.861 23427 30678 I WiVRn   : [2026-09-09 22:41:43.861] [WiVRn] [info] interaction profile for /user/gamepad: XR_NULL_PATH
09-09 22:41:43.861 23427 30678 W WiVRn   : [2026-09-09 22:41:43.861] [WiVRn] [warning] unknown interaction profile XR_NULL_PATH
09-09 22:41:44.037 23427 30672 I PxrMetric: FPS=90/90,MTP=26.30ms,AppSW=off,FrmEarly=0,FrmLate=2,FrmCpu=3.42ms,FrmGpu=1.59ms,FrmTime=5.04ms,ATWGPU=1.55ms,VsyncDelay=1,GPU=21%/587Mhz,GPUTemp=69.8C,LayerCnt=4,Pkg=org.meumeu.wivrn.nx.warp,FrmId=333
09-09 22:41:44.252 23427 30716 I WiVRn   : [2026-09-09 22:41:44.252] [WiVRn] [info] Tracking pattern (11111µs):
09-09 22:41:44.252 23427 30716 I WiVRn   : [2026-09-09 22:41:44.252] [WiVRn] [info] 	t+3693µs HEAD (7418µs)
09-09 22:41:44.252 23427 30716 I WiVRn   : [2026-09-09 22:41:44.252] [WiVRn] [info] 	t+3731µs LEFT_GRIP (7380µs)
09-09 22:41:44.252 23427 30716 I WiVRn   : [2026-09-09 22:41:44.252] [WiVRn] [info] 	t+3754µs RIGHT_GRIP (7356µs)
09-09 22:41:44.252 23427 30716 I WiVRn   : [2026-09-09 22:41:44.252] [WiVRn] [info] 	t+6693µs HEAD (4418µs)
09-09 22:41:44.252 23427 30716 I WiVRn   : [2026-09-09 22:41:44.252] [WiVRn] [info] 	t+6731µs LEFT_GRIP (4380µs)
09-09 22:41:44.252 23427 30716 I WiVRn   : [2026-09-09 22:41:44.252] [WiVRn] [info] 	t+6754µs RIGHT_GRIP (4356µs)
09-09 22:41:44.904 23427 30709 I WiVRn   : [2026-09-09 22:41:44.904] [WiVRn] [info] nxwarp[0] net: 139 frames closed in 2.0 s, 0 with a hole, 0 out-of-order datagrams, 0 frames completed late, 0 queued for the worker, 64 decoded so far, 139 stragglers dropped; last hole 0/0 chunks, first missing -1, short false, chunk 1166 B
09-09 22:41:44.904 23427 30709 I WiVRn   : [2026-09-09 22:41:44.904] [WiVRn] [info] nxwarp[0] net: 0.026 ms per datagram over 24242 datagrams (318.69 ms of every second)
09-09 22:41:44.904 23427 30709 I WiVRn   : [2026-09-09 22:41:44.904] [WiVRn] [info] nxwarp[0] sel: stride 1, arrival 13.6 ms, dropped-late 75, withheld 0, decoded 64
09-09 22:41:44.904 23427 30709 I WiVRn   : [2026-09-09 22:41:44.904] [WiVRn] [info] nxwarp[0] rx: 24361 datagrams, placed 301810 (+299498), late 783 (+783), stale_frame 0, bad_range 0, bad_dir 0, bad_caps 0, bad_ver 0, auth_fail 0, replay 0, frozen 0, dup 0
09-09 22:41:45.055 23427 30672 I PxrMetric: FPS=75/90,MTP=46.61ms,AppSW=off,FrmEarly=3,FrmLate=12,FrmCpu=1.39ms,FrmGpu=6.80ms,FrmTime=17.02ms,ATWGPU=1.55ms,VsyncDelay=3,GPU=95%/587Mhz,GPUTemp=71.7C,LayerCnt=4,Pkg=org.meumeu.wivrn.nx.warp,FrmId=420
09-09 22:41:45.252 23427 30716 I WiVRn   : [2026-09-09 22:41:45.252] [WiVRn] [info] Tracking pattern (11111µs):
09-09 22:41:45.252 23427 30716 I WiVRn   : [2026-09-09 22:41:45.252] [WiVRn] [info] 	t+4429µs HEAD (6682µs)
09-09 22:41:45.252 23427 30716 I WiVRn   : [2026-09-09 22:41:45.252] [WiVRn] [info] 	t+4478µs LEFT_GRIP (6632µs)
09-09 22:41:45.252 23427 30716 I WiVRn   : [2026-09-09 22:41:45.252] [WiVRn] [info] 	t+4489µs RIGHT_GRIP (6621µs)
09-09 22:41:45.252 23427 30716 I WiVRn   : [2026-09-09 22:41:45.252] [WiVRn] [info] 	t+7429µs HEAD (3682µs)
09-09 22:41:45.252 23427 30716 I WiVRn   : [2026-09-09 22:41:45.252] [WiVRn] [info] 	t+7478µs LEFT_GRIP (3632µs)
09-09 22:41:45.252 23427 30716 I WiVRn   : [2026-09-09 22:41:45.252] [WiVRn] [info] 	t+7489µs RIGHT_GRIP (3621µs)
09-09 22:41:45.672 23427 30714 I WiVRn   : [2026-09-09 22:41:45.672] [WiVRn] [info] nxwarp[0]: 129 frames in 2.0 s: 135065 B/frame, wait-prev 0.0 ms, wall 9.1 ms, nxvc passA 2.2 passB 3.0 gpu 5.2 ms; holes 0, refused 0
09-09 22:41:45.672 23427 30714 I WiVRn   : [2026-09-09 22:41:45.672] [WiVRn] [info] nxwarp[0] gpu duty 334 ms/s (33% of one GPU) for decode alone; the display pass is extra
09-09 22:41:45.672 23427 30714 I WiVRn   : [2026-09-09 22:41:45.672] [WiVRn] [info] nxwarp[0] passB 3.0 ms = warp 0.0 + skip 0.0 + coded 0.0 + dir 0.0 + other 3.0; tiles skip 0 / coded 2312 / dir 0 (eye pass 0)
09-09 22:41:45.672 23427 30714 I WiVRn   : [2026-09-09 22:41:45.672] [WiVRn] [info] nxwarp[0]: 75 frames dropped late (queue kept to 1)
09-09 22:41:45.672 23427 30714 I WiVRn   : [2026-09-09 22:41:45.672] [WiVRn] [info] nxwarp[0] stage: gap 6.4 | wait-prev 0.0 | submit 1.0 (qlock 0.0 + codec 1.0) | get_free 0.0 | fence-pre 0.0 | record 0.0 | qsubmit 0.0 | fence-post 8.0 | publish 0.1 ms; withheld 0, stride 1, arrival 11.4 ms
09-09 22:41:45.672 23427 30714 I WiVRn   : [2026-09-09 22:41:45.672] [WiVRn] [info] nxwarp[0] reassembly (network thread): 0.08 ms/frame over 128 frames, buffer 132 kB held for 132 kB of unit (1.0x)
09-09 22:41:45.672 23427 30714 I WiVRn   : [2026-09-09 22:41:45.672] [WiVRn] [info] nxwarp[0] fence-post 8.0 ms = nxvc gpu 5.2 + copy gpu 0.00 + queue 2.8 (over 129 frames with timestamps)
09-09 22:41:45.715 23427 30678 I WiVRn   : [2026-09-09 22:41:45.715] [WiVRn] [info] render: 164 iterations in 2.0 s (81.8/s), 164 submitted a layer, 121 new-source, 0 skipped by the repeat gate, 0 with nothing to show; display period 12.3 ms
09-09 22:41:45.715 23427 30678 I WiVRn   : [2026-09-09 22:41:45.715] [WiVRn] [info] render: ready wait attempts 99 success 56 total 296.594 ms | selected older than available 0
09-09 22:41:45.715 23427 30678 I WiVRn   : [2026-09-09 22:41:45.715] [WiVRn] [info] render: selected source transitions forward 121 backward 0 repeat 43, greatest forward gap 3
09-09 22:41:45.715 23427 30678 I WiVRn   : [2026-09-09 22:41:45.715] [WiVRn] [info] render: this app's own GPU pass 4.6 ms per iteration
09-09 22:41:45.715 23427 30678 I WiVRn   : [2026-09-09 22:41:45.715] [WiVRn] [info] render: defoveate 2160x2160 per eye x2 = 9.33 Mpx/frame at scale 1.00 atlas-prototype 0; 43 re-presented from the cache (reduce_gpu_load on)
09-09 22:41:45.715 23427 30678 I WiVRn   : [2026-09-09 22:41:45.715] [WiVRn] [info] render: shader path sharpness 0.00 fsr false alpha false motion false blend false glow 0.00 vignette 0.00 deband 0.00 lowpoly 0.00 levels 0 full-kernel false
09-09 22:41:45.715 23427 30678 I WiVRn   : [2026-09-09 22:41:45.715] [WiVRn] [info] render: per iteration fence 0.9 (worst 11.0) | queries 0.0 | submit 0.0 | whole render() 3.5 ms
09-09 22:41:45.715 23427 30678 I WiVRn   : [2026-09-09 22:41:45.715] [WiVRn] [info] render: jit on | wake slack 37.0 ms | slept 1.0 ms mean (max 14.4, 74 of 164 iterations) | budget 24.5 = pass 23.5 + margin 1.0 | sleep cap 0.6 ms
09-09 22:41:45.715 23427 30678 I WiVRn   : [2026-09-09 22:41:45.715] [WiVRn] [info] render: source display-time offset 60.0 ms mean (worst 91.8) over 164 frames | submit lead 31.5 ms mean (worst -131.1) | misses: 0 overrun 0 late 4 skipped refresh
09-09 22:41:46.048 23427 30672 I PxrMetric: FPS=86/90,MTP=32.80ms,AppSW=off,FrmEarly=39,FrmLate=0,FrmCpu=2.17ms,FrmGpu=7.98ms,FrmTime=11.06ms,ATWGPU=1.55ms,VsyncDelay=1,GPU=93%/587Mhz,GPUTemp=71.3C,LayerCnt=4,Pkg=org.meumeu.wivrn.nx.warp,FrmId=509
09-09 22:41:46.252 23427 30716 I WiVRn   : [2026-09-09 22:41:46.252] [WiVRn] [info] Tracking pattern (11112µs):
09-09 22:41:46.252 23427 30716 I WiVRn   : [2026-09-09 22:41:46.252] [WiVRn] [info] 	t+4411µs HEAD (6701µs)
09-09 22:41:46.252 23427 30716 I WiVRn   : [2026-09-09 22:41:46.252] [WiVRn] [info] 	t+4506µs LEFT_GRIP (6606µs)
09-09 22:41:46.252 23427 30716 I WiVRn   : [2026-09-09 22:41:46.252] [WiVRn] [info] 	t+4516µs RIGHT_GRIP (6596µs)
09-09 22:41:46.252 23427 30716 I WiVRn   : [2026-09-09 22:41:46.252] [WiVRn] [info] 	t+7411µs HEAD (3701µs)
09-09 22:41:46.252 23427 30716 I WiVRn   : [2026-09-09 22:41:46.252] [WiVRn] [info] 	t+7506µs LEFT_GRIP (3606µs)
09-09 22:41:46.252 23427 30716 I WiVRn   : [2026-09-09 22:41:46.252] [WiVRn] [info] 	t+7516µs RIGHT_GRIP (3596µs)
09-09 22:41:46.915 23427 30709 I WiVRn   : [2026-09-09 22:41:46.915] [WiVRn] [info] nxwarp[0] net: 167 frames closed in 2.0 s, 0 with a hole, 0 out-of-order datagrams, 0 frames completed late, 0 queued for the worker, 231 decoded so far, 335 stragglers dropped; last hole 0/0 chunks, first missing -1, short false, chunk 1166 B
09-09 22:41:46.915 23427 30709 I WiVRn   : [2026-09-09 22:41:46.915] [WiVRn] [info] nxwarp[0] net: 0.026 ms per datagram over 28485 datagrams (367.35 ms of every second)
09-09 22:41:46.915 23427 30709 I WiVRn   : [2026-09-09 22:41:46.915] [WiVRn] [info] nxwarp[0] sel: stride 1, arrival 11.6 ms, dropped-late 75, withheld 0, decoded 231
09-09 22:41:46.915 23427 30709 I WiVRn   : [2026-09-09 22:41:46.915] [WiVRn] [info] nxwarp[0] rx: 52846 datagrams, placed 526183 (+224373), late 6192 (+5409), stale_frame 0, bad_range 0, bad_dir 0, bad_caps 0, bad_ver 0, auth_fail 0, replay 0, frozen 0, dup 12
09-09 22:41:47.048 23427 30672 I PxrMetric: FPS=89/90,MTP=32.56ms,AppSW=off,FrmEarly=6,FrmLate=7,FrmCpu=1.91ms,FrmGpu=6.79ms,FrmTime=10.25ms,ATWGPU=1.55ms,VsyncDelay=1,GPU=95%/587Mhz,GPUTemp=72.9C,LayerCnt=3,Pkg=org.meumeu.wivrn.nx.warp,FrmId=599
09-09 22:41:47.252 23427 30716 I WiVRn   : [2026-09-09 22:41:47.252] [WiVRn] [info] Tracking pattern (11111µs):
09-09 22:41:47.252 23427 30716 I WiVRn   : [2026-09-09 22:41:47.252] [WiVRn] [info] 	t+4034µs HEAD (7076µs)
09-09 22:41:47.252 23427 30716 I WiVRn   : [2026-09-09 22:41:47.252] [WiVRn] [info] 	t+4267µs LEFT_GRIP (6843µs)
09-09 22:41:47.252 23427 30716 I WiVRn   : [2026-09-09 22:41:47.252] [WiVRn] [info] 	t+4330µs RIGHT_GRIP (6780µs)
09-09 22:41:47.252 23427 30716 I WiVRn   : [2026-09-09 22:41:47.252] [WiVRn] [info] 	t+7034µs HEAD (4076µs)
09-09 22:41:47.252 23427 30716 I WiVRn   : [2026-09-09 22:41:47.252] [WiVRn] [info] 	t+7267µs LEFT_GRIP (3843µs)
09-09 22:41:47.252 23427 30716 I WiVRn   : [2026-09-09 22:41:47.252] [WiVRn] [info] 	t+7330µs RIGHT_GRIP (3780µs)
09-09 22:41:47.683 23427 30714 I WiVRn   : [2026-09-09 22:41:47.683] [WiVRn] [info] nxwarp[0]: 164 frames in 2.0 s: 148450 B/frame, wait-prev 0.0 ms, wall 10.2 ms, nxvc passA 2.4 passB 3.1 gpu 5.5 ms; holes 0, refused 0
09-09 22:41:47.683 23427 30714 I WiVRn   : [2026-09-09 22:41:47.683] [WiVRn] [info] nxwarp[0] gpu duty 450 ms/s (45% of one GPU) for decode alone; the display pass is extra
09-09 22:41:47.683 23427 30714 I WiVRn   : [2026-09-09 22:41:47.683] [WiVRn] [info] nxwarp[0] passB 3.1 ms = warp 0.0 + skip 0.0 + coded 0.0 + dir 0.0 + other 3.1; tiles skip 0 / coded 2312 / dir 0 (eye pass 0)
09-09 22:41:47.683 23427 30714 I WiVRn   : [2026-09-09 22:41:47.683] [WiVRn] [info] nxwarp[0]: 75 frames dropped late (queue kept to 1)
09-09 22:41:47.683 23427 30714 I WiVRn   : [2026-09-09 22:41:47.683] [WiVRn] [info] nxwarp[0] stage: gap 2.0 | wait-prev 0.0 | submit 1.0 (qlock 0.0 + codec 1.0) | get_free 0.0 | fence-pre 0.0 | record 0.0 | qsubmit 0.0 | fence-post 9.2 | publish 0.0 ms; withheld 0, stride 1, arrival 12.4 ms
09-09 22:41:47.683 23427 30714 I WiVRn   : [2026-09-09 22:41:47.683] [WiVRn] [info] nxwarp[0] reassembly (network thread): 0.06 ms/frame over 165 frames, buffer 145 kB held for 145 kB of unit (1.0x)
09-09 22:41:47.683 23427 30714 I WiVRn   : [2026-09-09 22:41:47.683] [WiVRn] [info] nxwarp[0] fence-post 9.2 ms = nxvc gpu 5.5 + copy gpu 0.00 + queue 3.7 (over 164 frames with timestamps)
09-09 22:41:47.716 23427 30678 I WiVRn   : [2026-09-09 22:41:47.715] [WiVRn] [info] render: 180 iterations in 2.0 s (90.0/s), 180 submitted a layer, 157 new-source, 0 skipped by the repeat gate, 0 with nothing to show; display period 11.1 ms
09-09 22:41:47.716 23427 30678 I WiVRn   : [2026-09-09 22:41:47.716] [WiVRn] [info] render: ready wait attempts 80 success 57 total 208.258 ms | selected older than available 0
09-09 22:41:47.716 23427 30678 I WiVRn   : [2026-09-09 22:41:47.716] [WiVRn] [info] render: selected source transitions forward 157 backward 0 repeat 23, greatest forward gap 2
09-09 22:41:47.716 23427 30678 I WiVRn   : [2026-09-09 22:41:47.716] [WiVRn] [info] render: this app's own GPU pass 5.4 ms per iteration
09-09 22:41:47.716 23427 30678 I WiVRn   : [2026-09-09 22:41:47.716] [WiVRn] [info] render: defoveate 2160x2160 per eye x2 = 9.33 Mpx/frame at scale 1.00 atlas-prototype 0; 23 re-presented from the cache (reduce_gpu_load on)
09-09 22:41:47.716 23427 30678 I WiVRn   : [2026-09-09 22:41:47.716] [WiVRn] [info] render: shader path sharpness 0.00 fsr false alpha false motion false blend false glow 0.00 vignette 0.00 deband 0.00 lowpoly 0.00 levels 0 full-kernel false
09-09 22:41:47.716 23427 30678 I WiVRn   : [2026-09-09 22:41:47.716] [WiVRn] [info] render: per iteration fence 1.5 (worst 10.4) | queries 0.0 | submit 0.0 | whole render() 3.3 ms
09-09 22:41:47.716 23427 30678 I WiVRn   : [2026-09-09 22:41:47.716] [WiVRn] [info] render: jit on | wake slack 37.0 ms | slept 0.6 ms mean (max 0.6, 180 of 180 iterations) | budget 21.5 = pass 20.5 + margin 1.0 | sleep cap 0.6 ms
09-09 22:41:47.716 23427 30678 I WiVRn   : [2026-09-09 22:41:47.716] [WiVRn] [info] render: source display-time offset 61.2 ms mean (worst 69.8) over 180 frames | submit lead 33.1 ms mean (worst 27.5) | misses: 0 overrun 0 late 0 skipped refresh
09-09 22:41:48.048 23427 30672 I PxrMetric: FPS=90/90,MTP=34.00ms,AppSW=off,FrmEarly=11,FrmLate=11,FrmCpu=1.13ms,FrmGpu=6.93ms,FrmTime=9.90ms,ATWGPU=1.55ms,VsyncDelay=1,GPU=99%/587Mhz,GPUTemp=71.7C,LayerCnt=3,Pkg=org.meumeu.wivrn.nx.warp,FrmId=688
09-09 22:41:48.252 23427 30716 I WiVRn   : [2026-09-09 22:41:48.252] [WiVRn] [info] Tracking pattern (11110µs):
09-09 22:41:48.252 23427 30716 I WiVRn   : [2026-09-09 22:41:48.252] [WiVRn] [info] 	t+4048µs HEAD (7062µs)
09-09 22:41:48.252 23427 30716 I WiVRn   : [2026-09-09 22:41:48.252] [WiVRn] [info] 	t+4167µs LEFT_GRIP (6943µs)
09-09 22:41:48.252 23427 30716 I WiVRn   : [2026-09-09 22:41:48.252] [WiVRn] [info] 	t+4178µs RIGHT_GRIP (6932µs)
09-09 22:41:48.252 23427 30716 I WiVRn   : [2026-09-09 22:41:48.252] [WiVRn] [info] 	t+7048µs HEAD (4062µs)
09-09 22:41:48.252 23427 30716 I WiVRn   : [2026-09-09 22:41:48.252] [WiVRn] [info] 	t+7167µs LEFT_GRIP (3943µs)
09-09 22:41:48.252 23427 30716 I WiVRn   : [2026-09-09 22:41:48.252] [WiVRn] [info] 	t+7178µs RIGHT_GRIP (3932µs)
09-09 22:41:48.916 23427 30709 I WiVRn   : [2026-09-09 22:41:48.916] [WiVRn] [info] nxwarp[0] net: 165 frames closed in 2.0 s, 0 with a hole, 0 out-of-order datagrams, 0 frames completed late, 0 queued for the worker, 395 decoded so far, 521 stragglers dropped; last hole 0/0 chunks, first missing -1, short false, chunk 1166 B
09-09 22:41:48.916 23427 30709 I WiVRn   : [2026-09-09 22:41:48.916] [WiVRn] [info] nxwarp[0] net: 0.028 ms per datagram over 26980 datagrams (376.89 ms of every second)
09-09 22:41:48.916 23427 30709 I WiVRn   : [2026-09-09 22:41:48.916] [WiVRn] [info] nxwarp[0] sel: stride 1, arrival 11.7 ms, dropped-late 75, withheld 0, decoded 395
09-09 22:41:48.916 23427 30709 I WiVRn   : [2026-09-09 22:41:48.916] [WiVRn] [info] nxwarp[0] rx: 79826 datagrams, placed 660725 (+134542), late 14877 (+8685), stale_frame 0, bad_range 0, bad_dir 0, bad_caps 0, bad_ver 0, auth_fail 0, replay 0, frozen 0, dup 39
09-09 22:41:49.056 23427 30672 I PxrMetric: FPS=89/90,MTP=29.96ms,AppSW=off,FrmEarly=5,FrmLate=8,FrmCpu=0.69ms,FrmGpu=9.83ms,FrmTime=12.97ms,ATWGPU=1.55ms,VsyncDelay=1,GPU=99%/587Mhz,GPUTemp=72.5C,LayerCnt=3,Pkg=org.meumeu.wivrn.nx.warp,FrmId=778
09-09 22:41:49.252 23427 30716 I WiVRn   : [2026-09-09 22:41:49.252] [WiVRn] [info] Tracking pattern (11111µs):
09-09 22:41:49.252 23427 30716 I WiVRn   : [2026-09-09 22:41:49.252] [WiVRn] [info] 	t+5033µs HEAD (6078µs)
09-09 22:41:49.252 23427 30716 I WiVRn   : [2026-09-09 22:41:49.252] [WiVRn] [info] 	t+5131µs LEFT_GRIP (5980µs)
09-09 22:41:49.252 23427 30716 I WiVRn   : [2026-09-09 22:41:49.252] [WiVRn] [info] 	t+5137µs RIGHT_GRIP (5973µs)
09-09 22:41:49.252 23427 30716 I WiVRn   : [2026-09-09 22:41:49.252] [WiVRn] [info] 	t+8033µs HEAD (3078µs)
09-09 22:41:49.252 23427 30716 I WiVRn   : [2026-09-09 22:41:49.252] [WiVRn] [info] 	t+8131µs LEFT_GRIP (2980µs)
09-09 22:41:49.252 23427 30716 I WiVRn   : [2026-09-09 22:41:49.252] [WiVRn] [info] 	t+8137µs RIGHT_GRIP (2973µs)
09-09 22:41:49.693 23427 30714 I WiVRn   : [2026-09-09 22:41:49.693] [WiVRn] [info] nxwarp[0]: 165 frames in 2.0 s: 140102 B/frame, wait-prev 0.0 ms, wall 10.1 ms, nxvc passA 2.3 passB 3.1 gpu 5.4 ms; holes 0, refused 0
09-09 22:41:49.693 23427 30714 I WiVRn   : [2026-09-09 22:41:49.693] [WiVRn] [info] nxwarp[0] gpu duty 442 ms/s (44% of one GPU) for decode alone; the display pass is extra
09-09 22:41:49.693 23427 30714 I WiVRn   : [2026-09-09 22:41:49.693] [WiVRn] [info] nxwarp[0] passB 3.1 ms = warp 0.0 + skip 0.0 + coded 0.0 + dir 0.0 + other 3.1; tiles skip 0 / coded 2312 / dir 0 (eye pass 0)
09-09 22:41:49.693 23427 30714 I WiVRn   : [2026-09-09 22:41:49.693] [WiVRn] [info] nxwarp[0]: 75 frames dropped late (queue kept to 1)
09-09 22:41:49.693 23427 30714 I WiVRn   : [2026-09-09 22:41:49.693] [WiVRn] [info] nxwarp[0] stage: gap 2.1 | wait-prev 0.0 | submit 1.0 (qlock 0.0 + codec 1.0) | get_free 0.0 | fence-pre 0.0 | record 0.0 | qsubmit 0.0 | fence-post 9.0 | publish 0.0 ms; withheld 0, stride 1, arrival 12.4 ms
09-09 22:41:49.693 23427 30714 I WiVRn   : [2026-09-09 22:41:49.693] [WiVRn] [info] nxwarp[0] reassembly (network thread): 0.07 ms/frame over 165 frames, buffer 137 kB held for 137 kB of unit (1.0x)
09-09 22:41:49.693 23427 30714 I WiVRn   : [2026-09-09 22:41:49.693] [WiVRn] [info] nxwarp[0] fence-post 9.1 ms = nxvc gpu 5.4 + copy gpu 0.00 + queue 3.7 (over 165 frames with timestamps)
09-09 22:41:49.717 23427 30678 I WiVRn   : [2026-09-09 22:41:49.717] [WiVRn] [info] render: 178 iterations in 2.0 s (89.0/s), 178 submitted a layer, 162 new-source, 0 skipped by the repeat gate, 0 with nothing to show; display period 11.2 ms
09-09 22:41:49.717 23427 30678 I WiVRn   : [2026-09-09 22:41:49.717] [WiVRn] [info] render: ready wait attempts 58 success 42 total 154.233 ms | selected older than available 0
09-09 22:41:49.717 23427 30678 I WiVRn   : [2026-09-09 22:41:49.717] [WiVRn] [info] render: selected source transitions forward 162 backward 0 repeat 16, greatest forward gap 2
09-09 22:41:49.717 23427 30678 I WiVRn   : [2026-09-09 22:41:49.717] [WiVRn] [info] render: this app's own GPU pass 5.6 ms per iteration
09-09 22:41:49.717 23427 30678 I WiVRn   : [2026-09-09 22:41:49.717] [WiVRn] [info] render: defoveate 2160x2160 per eye x2 = 9.33 Mpx/frame at scale 1.00 atlas-prototype 0; 16 re-presented from the cache (reduce_gpu_load on)
09-09 22:41:49.717 23427 30678 I WiVRn   : [2026-09-09 22:41:49.717] [WiVRn] [info] render: shader path sharpness 0.00 fsr false alpha false motion false blend false glow 0.00 vignette 0.00 deband 0.00 lowpoly 0.00 levels 0 full-kernel false
09-09 22:41:49.717 23427 30678 I WiVRn   : [2026-09-09 22:41:49.717] [WiVRn] [info] render: per iteration fence 1.2 (worst 11.4) | queries 0.0 | submit 0.0 | whole render() 2.7 ms
09-09 22:41:49.717 23427 30678 I WiVRn   : [2026-09-09 22:41:49.717] [WiVRn] [info] render: jit on | wake slack 35.9 ms | slept 0.7 ms mean (max 11.7, 178 of 178 iterations) | budget 19.7 = pass 18.7 + margin 1.0 | sleep cap 0.6 ms
09-09 22:41:49.717 23427 30678 I WiVRn   : [2026-09-09 22:41:49.717] [WiVRn] [info] render: source display-time offset 62.7 ms mean (worst 81.0) over 178 frames | submit lead 32.5 ms mean (worst 20.4) | misses: 0 overrun 0 late 1 skipped refresh
09-09 22:41:50.065 23427 30672 I PxrMetric: FPS=89/90,MTP=31.85ms,AppSW=off,FrmEarly=4,FrmLate=9,FrmCpu=0.87ms,FrmGpu=9.24ms,FrmTime=11.33ms,ATWGPU=1.55ms,VsyncDelay=1,GPU=99%/587Mhz,GPUTemp=72.1C,LayerCnt=3,Pkg=org.meumeu.wivrn.nx.warp,FrmId=868
09-09 22:41:50.252 23427 30716 I WiVRn   : [2026-09-09 22:41:50.252] [WiVRn] [info] Tracking pattern (11110µs):
09-09 22:41:50.252 23427 30716 I WiVRn   : [2026-09-09 22:41:50.252] [WiVRn] [info] 	t+1120µs HEAD (9989µs)
09-09 22:41:50.252 23427 30716 I WiVRn   : [2026-09-09 22:41:50.252] [WiVRn] [info] 	t+1158µs LEFT_GRIP (9951µs)
09-09 22:41:50.252 23427 30716 I WiVRn   : [2026-09-09 22:41:50.252] [WiVRn] [info] 	t+1162µs RIGHT_GRIP (9947µs)
09-09 22:41:50.252 23427 30716 I WiVRn   : [2026-09-09 22:41:50.252] [WiVRn] [info] 	t+4120µs HEAD (6989µs)
09-09 22:41:50.252 23427 30716 I WiVRn   : [2026-09-09 22:41:50.252] [WiVRn] [info] 	t+4158µs LEFT_GRIP (6951µs)
09-09 22:41:50.252 23427 30716 I WiVRn   : [2026-09-09 22:41:50.252] [WiVRn] [info] 	t+4162µs RIGHT_GRIP (6947µs)
09-09 22:41:50.252 23427 30716 I WiVRn   : [2026-09-09 22:41:50.252] [WiVRn] [info] 	t+7120µs HEAD (3989µs)
09-09 22:41:50.252 23427 30716 I WiVRn   : [2026-09-09 22:41:50.252] [WiVRn] [info] 	t+7158µs LEFT_GRIP (3951µs)
09-09 22:41:50.252 23427 30716 I WiVRn   : [2026-09-09 22:41:50.252] [WiVRn] [info] 	t+7162µs RIGHT_GRIP (3947µs)
09-09 22:41:50.925 23427 30709 I WiVRn   : [2026-09-09 22:41:50.925] [WiVRn] [info] nxwarp[0] net: 164 frames closed in 2.0 s, 0 with a hole, 0 out-of-order datagrams, 0 frames completed late, 0 queued for the worker, 559 decoded so far, 688 stragglers dropped; last hole 0/0 chunks, first missing -1, short false, chunk 1166 B
09-09 22:41:50.925 23427 30709 I WiVRn   : [2026-09-09 22:41:50.925] [WiVRn] [info] nxwarp[0] net: 0.027 ms per datagram over 29736 datagrams (404.12 ms of every second)
09-09 22:41:50.925 23427 30709 I WiVRn   : [2026-09-09 22:41:50.925] [WiVRn] [info] nxwarp[0] sel: stride 1, arrival 11.0 ms, dropped-late 75, withheld 0, decoded 559
09-09 22:41:50.925 23427 30709 I WiVRn   : [2026-09-09 22:41:50.925] [WiVRn] [info] nxwarp[0] rx: 109562 datagrams, placed 1024545 (+363820), late 15654 (+777), stale_frame 0, bad_range 0, bad_dir 0, bad_caps 0, bad_ver 0, auth_fail 0, replay 0, frozen 0, dup 42
09-09 22:41:51.076 23427 30672 I PxrMetric: FPS=89/90,MTP=31.77ms,AppSW=off,FrmEarly=4,FrmLate=6,FrmCpu=0.99ms,FrmGpu=8.64ms,FrmTime=10.92ms,ATWGPU=1.56ms,VsyncDelay=1,GPU=99%/587Mhz,GPUTemp=71.3C,LayerCnt=3,Pkg=org.meumeu.wivrn.nx.warp,FrmId=958
09-09 22:41:51.252 23427 30716 I WiVRn   : [2026-09-09 22:41:51.252] [WiVRn] [info] Tracking pattern (11111µs):
09-09 22:41:51.252 23427 30716 I WiVRn   : [2026-09-09 22:41:51.252] [WiVRn] [info] 	t+3496µs LEFT_GRIP (7614µs)
09-09 22:41:51.252 23427 30716 I WiVRn   : [2026-09-09 22:41:51.252] [WiVRn] [info] 	t+3512µs RIGHT_GRIP (7598µs)
09-09 22:41:51.252 23427 30716 I WiVRn   : [2026-09-09 22:41:51.252] [WiVRn] [info] 	t+4480µs HEAD (6630µs)
09-09 22:41:51.252 23427 30716 I WiVRn   : [2026-09-09 22:41:51.252] [WiVRn] [info] 	t+6496µs LEFT_GRIP (4614µs)
09-09 22:41:51.252 23427 30716 I WiVRn   : [2026-09-09 22:41:51.252] [WiVRn] [info] 	t+6512µs RIGHT_GRIP (4598µs)
09-09 22:41:51.252 23427 30716 I WiVRn   : [2026-09-09 22:41:51.252] [WiVRn] [info] 	t+7480µs HEAD (3630µs)
09-09 22:41:51.252 23427 30716 I WiVRn   : [2026-09-09 22:41:51.252] [WiVRn] [info] 	t+9496µs LEFT_GRIP (1614µs)
09-09 22:41:51.252 23427 30716 I WiVRn   : [2026-09-09 22:41:51.252] [WiVRn] [info] 	t+9512µs RIGHT_GRIP (1598µs)
09-09 22:41:51.695 23427 30714 I WiVRn   : [2026-09-09 22:41:51.695] [WiVRn] [info] nxwarp[0]: 164 frames in 2.0 s: 137481 B/frame, wait-prev 0.0 ms, wall 10.2 ms, nxvc passA 2.3 passB 3.0 gpu 5.3 ms; holes 0, refused 0
09-09 22:41:51.695 23427 30714 I WiVRn   : [2026-09-09 22:41:51.695] [WiVRn] [info] nxwarp[0] gpu duty 437 ms/s (44% of one GPU) for decode alone; the display pass is extra
09-09 22:41:51.695 23427 30714 I WiVRn   : [2026-09-09 22:41:51.695] [WiVRn] [info] nxwarp[0] passB 3.0 ms = warp 0.0 + skip 0.0 + coded 0.0 + dir 0.0 + other 3.0; tiles skip 0 / coded 2312 / dir 0 (eye pass 0)
09-09 22:41:51.695 23427 30714 I WiVRn   : [2026-09-09 22:41:51.695] [WiVRn] [info] nxwarp[0]: 75 frames dropped late (queue kept to 1)
09-09 22:41:51.695 23427 30714 I WiVRn   : [2026-09-09 22:41:51.695] [WiVRn] [info] nxwarp[0] stage: gap 2.0 | wait-prev 0.0 | submit 1.0 (qlock 0.0 + codec 1.0) | get_free 0.0 | fence-pre 0.0 | record 0.0 | qsubmit 0.0 | fence-post 9.1 | publish 0.0 ms; withheld 0, stride 1, arrival 12.7 ms
09-09 22:41:51.695 23427 30714 I WiVRn   : [2026-09-09 22:41:51.695] [WiVRn] [info] nxwarp[0] reassembly (network thread): 0.09 ms/frame over 163 frames, buffer 134 kB held for 134 kB of unit (1.0x)
09-09 22:41:51.695 23427 30714 I WiVRn   : [2026-09-09 22:41:51.695] [WiVRn] [info] nxwarp[0] fence-post 9.1 ms = nxvc gpu 5.3 + copy gpu 0.00 + queue 3.7 (over 164 frames with timestamps)
09-09 22:41:51.720 23427 30678 I WiVRn   : [2026-09-09 22:41:51.720] [WiVRn] [info] render: 178 iterations in 2.0 s (88.9/s), 178 submitted a layer, 160 new-source, 0 skipped by the repeat gate, 0 with nothing to show; display period 11.2 ms
09-09 22:41:51.720 23427 30678 I WiVRn   : [2026-09-09 22:41:51.720] [WiVRn] [info] render: ready wait attempts 79 success 61 total 182.705 ms | selected older than available 0
09-09 22:41:51.720 23427 30678 I WiVRn   : [2026-09-09 22:41:51.720] [WiVRn] [info] render: selected source transitions forward 160 backward 0 repeat 18, greatest forward gap 2
09-09 22:41:51.720 23427 30678 I WiVRn   : [2026-09-09 22:41:51.720] [WiVRn] [info] render: this app's own GPU pass 5.6 ms per iteration
09-09 22:41:51.720 23427 30678 I WiVRn   : [2026-09-09 22:41:51.720] [WiVRn] [info] render: defoveate 2160x2160 per eye x2 = 9.33 Mpx/frame at scale 1.00 atlas-prototype 0; 18 re-presented from the cache (reduce_gpu_load on)
09-09 22:41:51.720 23427 30678 I WiVRn   : [2026-09-09 22:41:51.720] [WiVRn] [info] render: shader path sharpness 0.00 fsr false alpha false motion false blend false glow 0.00 vignette 0.00 deband 0.00 lowpoly 0.00 levels 0 full-kernel false
09-09 22:41:51.720 23427 30678 I WiVRn   : [2026-09-09 22:41:51.720] [WiVRn] [info] render: per iteration fence 1.1 (worst 11.7) | queries 0.0 | submit 0.0 | whole render() 2.7 ms
09-09 22:41:51.720 23427 30678 I WiVRn   : [2026-09-09 22:41:51.720] [WiVRn] [info] render: jit on | wake slack 35.6 ms | slept 0.8 ms mean (max 11.7, 178 of 178 iterations) | budget 17.9 = pass 16.9 + margin 1.0 | sleep cap 0.6 ms
09-09 22:41:51.720 23427 30678 I WiVRn   : [2026-09-09 22:41:51.720] [WiVRn] [info] render: source display-time offset 61.3 ms mean (worst 69.9) over 178 frames | submit lead 32.1 ms mean (worst 19.4) | misses: 0 overrun 0 late 1 skipped refresh
09-09 22:41:52.082 23427 30672 I PxrMetric: FPS=89/90,MTP=32.56ms,AppSW=off,FrmEarly=10,FrmLate=13,FrmCpu=1.60ms,FrmGpu=6.58ms,FrmTime=8.92ms,ATWGPU=1.54ms,VsyncDelay=1,GPU=98%/587Mhz,GPUTemp=71.7C,LayerCnt=3,Pkg=org.meumeu.wivrn.nx.warp,FrmId=1048
09-09 22:41:52.252 23427 30716 I WiVRn   : [2026-09-09 22:41:52.252] [WiVRn] [info] Tracking pattern (11112µs):
09-09 22:41:52.252 23427 30716 I WiVRn   : [2026-09-09 22:41:52.252] [WiVRn] [info] 	t+989µs HEAD (10123µs)
09-09 22:41:52.252 23427 30716 I WiVRn   : [2026-09-09 22:41:52.252] [WiVRn] [info] 	t+2192µs LEFT_GRIP (8920µs)
09-09 22:41:52.252 23427 30716 I WiVRn   : [2026-09-09 22:41:52.252] [WiVRn] [info] 	t+2721µs RIGHT_GRIP (8391µs)
09-09 22:41:52.252 23427 30716 I WiVRn   : [2026-09-09 22:41:52.252] [WiVRn] [info] 	t+3989µs HEAD (7123µs)
09-09 22:41:52.252 23427 30716 I WiVRn   : [2026-09-09 22:41:52.252] [WiVRn] [info] 	t+5192µs LEFT_GRIP (5920µs)
09-09 22:41:52.252 23427 30716 I WiVRn   : [2026-09-09 22:41:52.252] [WiVRn] [info] 	t+5721µs RIGHT_GRIP (5391µs)
09-09 22:41:52.252 23427 30716 I WiVRn   : [2026-09-09 22:41:52.252] [WiVRn] [info] 	t+6989µs HEAD (4123µs)
09-09 22:41:52.252 23427 30716 I WiVRn   : [2026-09-09 22:41:52.252] [WiVRn] [info] 	t+8192µs LEFT_GRIP (2920µs)
09-09 22:41:52.252 23427 30716 I WiVRn   : [2026-09-09 22:41:52.252] [WiVRn] [info] 	t+8721µs RIGHT_GRIP (2391µs)
09-09 22:41:52.937 23427 30709 I WiVRn   : [2026-09-09 22:41:52.937] [WiVRn] [info] nxwarp[0] net: 164 frames closed in 2.0 s, 0 with a hole, 0 out-of-order datagrams, 0 frames completed late, 0 queued for the worker, 724 decoded so far, 852 stragglers dropped; last hole 0/0 chunks, first missing -1, short false, chunk 1166 B
09-09 22:41:52.937 23427 30709 I WiVRn   : [2026-09-09 22:41:52.937] [WiVRn] [info] nxwarp[0] net: 0.028 ms per datagram over 29475 datagrams (406.34 ms of every second)
09-09 22:41:52.937 23427 30709 I WiVRn   : [2026-09-09 22:41:52.937] [WiVRn] [info] nxwarp[0] sel: stride 1, arrival 11.4 ms, dropped-late 75, withheld 0, decoded 724
09-09 22:41:52.937 23427 30709 I WiVRn   : [2026-09-09 22:41:52.937] [WiVRn] [info] nxwarp[0] rx: 139037 datagrams, placed 1390543 (+365998), late 16608 (+954), stale_frame 0, bad_range 0, bad_dir 0, bad_caps 0, bad_ver 0, auth_fail 0, replay 0, frozen 0, dup 47
09-09 22:41:53.091 23427 30672 I PxrMetric: FPS=89/90,MTP=27.60ms,AppSW=off,FrmEarly=7,FrmLate=7,FrmCpu=0.69ms,FrmGpu=10.50ms,FrmTime=15.46ms,ATWGPU=1.57ms,VsyncDelay=2,GPU=99%/587Mhz,GPUTemp=71.3C,LayerCnt=3,Pkg=org.meumeu.wivrn.nx.warp,FrmId=1138
09-09 22:41:53.252 23427 30716 I WiVRn   : [2026-09-09 22:41:53.252] [WiVRn] [info] Tracking pattern (11109µs):
09-09 22:41:53.252 23427 30716 I WiVRn   : [2026-09-09 22:41:53.252] [WiVRn] [info] 	t+3518µs HEAD (7590µs)
09-09 22:41:53.252 23427 30716 I WiVRn   : [2026-09-09 22:41:53.252] [WiVRn] [info] 	t+3672µs LEFT_GRIP (7436µs)
09-09 22:41:53.252 23427 30716 I WiVRn   : [2026-09-09 22:41:53.252] [WiVRn] [info] 	t+3677µs RIGHT_GRIP (7431µs)
09-09 22:41:53.252 23427 30716 I WiVRn   : [2026-09-09 22:41:53.252] [WiVRn] [info] 	t+6518µs HEAD (4590µs)
09-09 22:41:53.252 23427 30716 I WiVRn   : [2026-09-09 22:41:53.252] [WiVRn] [info] 	t+6672µs LEFT_GRIP (4436µs)
09-09 22:41:53.252 23427 30716 I WiVRn   : [2026-09-09 22:41:53.252] [WiVRn] [info] 	t+6677µs RIGHT_GRIP (4431µs)
09-09 22:41:53.697 23427 30714 I WiVRn   : [2026-09-09 22:41:53.697] [WiVRn] [info] nxwarp[0]: 165 frames in 2.0 s: 135325 B/frame, wait-prev 0.0 ms, wall 9.9 ms, nxvc passA 2.1 passB 3.1 gpu 5.2 ms; holes 0, refused 0
09-09 22:41:53.697 23427 30714 I WiVRn   : [2026-09-09 22:41:53.697] [WiVRn] [info] nxwarp[0] gpu duty 428 ms/s (43% of one GPU) for decode alone; the display pass is extra
09-09 22:41:53.697 23427 30714 I WiVRn   : [2026-09-09 22:41:53.697] [WiVRn] [info] nxwarp[0] passB 3.1 ms = warp 0.0 + skip 0.0 + coded 0.0 + dir 0.0 + other 3.1; tiles skip 0 / coded 2312 / dir 0 (eye pass 0)
09-09 22:41:53.697 23427 30714 I WiVRn   : [2026-09-09 22:41:53.697] [WiVRn] [info] nxwarp[0]: 75 frames dropped late (queue kept to 1)
09-09 22:41:53.697 23427 30714 I WiVRn   : [2026-09-09 22:41:53.697] [WiVRn] [info] nxwarp[0] stage: gap 2.2 | wait-prev 0.0 | submit 1.0 (qlock 0.0 + codec 1.0) | get_free 0.0 | fence-pre 0.0 | record 0.0 | qsubmit 0.0 | fence-post 8.8 | publish 0.0 ms; withheld 0, stride 1, arrival 12.1 ms
09-09 22:41:53.697 23427 30714 I WiVRn   : [2026-09-09 22:41:53.697] [WiVRn] [info] nxwarp[0] reassembly (network thread): 0.09 ms/frame over 165 frames, buffer 132 kB held for 132 kB of unit (1.0x)
09-09 22:41:53.697 23427 30714 I WiVRn   : [2026-09-09 22:41:53.697] [WiVRn] [info] nxwarp[0] fence-post 8.9 ms = nxvc gpu 5.2 + copy gpu 0.00 + queue 3.6 (over 165 frames with timestamps)
09-09 22:41:53.721 23427 30678 I WiVRn   : [2026-09-09 22:41:53.721] [WiVRn] [info] render: 178 iterations in 2.0 s (88.9/s), 178 submitted a layer, 159 new-source, 0 skipped by the repeat gate, 0 with nothing to show; display period 11.2 ms
09-09 22:41:53.721 23427 30678 I WiVRn   : [2026-09-09 22:41:53.721] [WiVRn] [info] render: ready wait attempts 70 success 51 total 172.087 ms | selected older than available 0
09-09 22:41:53.721 23427 30678 I WiVRn   : [2026-09-09 22:41:53.721] [WiVRn] [info] render: selected source transitions forward 159 backward 0 repeat 19, greatest forward gap 2
09-09 22:41:53.721 23427 30678 I WiVRn   : [2026-09-09 22:41:53.721] [WiVRn] [info] render: this app's own GPU pass 5.6 ms per iteration
09-09 22:41:53.721 23427 30678 I WiVRn   : [2026-09-09 22:41:53.721] [WiVRn] [info] render: defoveate 2160x2160 per eye x2 = 9.33 Mpx/frame at scale 1.00 atlas-prototype 0; 19 re-presented from the cache (reduce_gpu_load on)
09-09 22:41:53.721 23427 30678 I WiVRn   : [2026-09-09 22:41:53.721] [WiVRn] [info] render: shader path sharpness 0.00 fsr false alpha false motion false blend false glow 0.00 vignette 0.00 deband 0.00 lowpoly 0.00 levels 0 full-kernel false
09-09 22:41:53.721 23427 30678 I WiVRn   : [2026-09-09 22:41:53.721] [WiVRn] [info] render: per iteration fence 1.9 (worst 11.5) | queries 0.0 | submit 0.0 | whole render() 3.5 ms
09-09 22:41:53.721 23427 30678 I WiVRn   : [2026-09-09 22:41:53.721] [WiVRn] [info] render: jit on | wake slack 36.2 ms | slept 0.7 ms mean (max 11.7, 178 of 178 iterations) | budget 16.2 = pass 15.2 + margin 1.0 | sleep cap 11.7 ms
09-09 22:41:53.721 23427 30678 I WiVRn   : [2026-09-09 22:41:53.721] [WiVRn] [info] render: source display-time offset 60.1 ms mean (worst 69.9) over 178 frames | submit lead 32.1 ms mean (worst 21.4) | misses: 0 overrun 0 late 0 skipped refresh
09-09 22:41:54.093 23427 30672 I PxrMetric: FPS=89/90,MTP=32.17ms,AppSW=off,FrmEarly=8,FrmLate=7,FrmCpu=1.18ms,FrmGpu=6.76ms,FrmTime=8.67ms,ATWGPU=1.60ms,VsyncDelay=1,GPU=99%/587Mhz,GPUTemp=70.2C,LayerCnt=3,Pkg=org.meumeu.wivrn.nx.warp,FrmId=1227
09-09 22:41:54.252 23427 30716 I WiVRn   : [2026-09-09 22:41:54.252] [WiVRn] [info] Tracking pattern (11107µs):
09-09 22:41:54.252 23427 30716 I WiVRn   : [2026-09-09 22:41:54.252] [WiVRn] [info] 	t+4067µs HEAD (7039µs)
09-09 22:41:54.252 23427 30716 I WiVRn   : [2026-09-09 22:41:54.252] [WiVRn] [info] 	t+4466µs LEFT_GRIP (6640µs)
09-09 22:41:54.252 23427 30716 I WiVRn   : [2026-09-09 22:41:54.252] [WiVRn] [info] 	t+4477µs RIGHT_GRIP (6630µs)
09-09 22:41:54.252 23427 30716 I WiVRn   : [2026-09-09 22:41:54.252] [WiVRn] [info] 	t+7067µs HEAD (4039µs)
09-09 22:41:54.252 23427 30716 I WiVRn   : [2026-09-09 22:41:54.252] [WiVRn] [info] 	t+7466µs LEFT_GRIP (3640µs)
09-09 22:41:54.252 23427 30716 I WiVRn   : [2026-09-09 22:41:54.252] [WiVRn] [info] 	t+7477µs RIGHT_GRIP (3630µs)
09-09 22:41:54.949 23427 30709 I WiVRn   : [2026-09-09 22:41:54.949] [WiVRn] [info] nxwarp[0] net: 164 frames closed in 2.0 s, 0 with a hole, 0 out-of-order datagrams, 0 frames completed late, 0 queued for the worker, 888 decoded so far, 1016 stragglers dropped; last hole 0/0 chunks, first missing -1, short false, chunk 1166 B
09-09 22:41:54.949 23427 30709 I WiVRn   : [2026-09-09 22:41:54.949] [WiVRn] [info] nxwarp[0] net: 0.028 ms per datagram over 29311 datagrams (400.83 ms of every second)
09-09 22:41:54.949 23427 30709 I WiVRn   : [2026-09-09 22:41:54.949] [WiVRn] [info] nxwarp[0] sel: stride 1, arrival 12.4 ms, dropped-late 75, withheld 0, decoded 888
09-09 22:41:54.949 23427 30709 I WiVRn   : [2026-09-09 22:41:54.949] [WiVRn] [info] nxwarp[0] rx: 168348 datagrams, placed 1769711 (+379168), late 18187 (+1579), stale_frame 0, bad_range 0, bad_dir 0, bad_caps 0, bad_ver 0, auth_fail 0, replay 0, frozen 0, dup 48
09-09 22:41:55.095 23427 30672 I PxrMetric: FPS=89/90,MTP=30.27ms,AppSW=off,FrmEarly=6,FrmLate=8,FrmCpu=1.55ms,FrmGpu=6.36ms,FrmTime=8.50ms,ATWGPU=1.58ms,VsyncDelay=1,GPU=99%/587Mhz,GPUTemp=72.1C,LayerCnt=3,Pkg=org.meumeu.wivrn.nx.warp,FrmId=1316
09-09 22:41:55.252 23427 30716 I WiVRn   : [2026-09-09 22:41:55.252] [WiVRn] [info] Tracking pattern (11111µs):
09-09 22:41:55.252 23427 30716 I WiVRn   : [2026-09-09 22:41:55.252] [WiVRn] [info] 	t+3700µs HEAD (7410µs)
09-09 22:41:55.252 23427 30716 I WiVRn   : [2026-09-09 22:41:55.252] [WiVRn] [info] 	t+3845µs LEFT_GRIP (7265µs)
09-09 22:41:55.252 23427 30716 I WiVRn   : [2026-09-09 22:41:55.252] [WiVRn] [info] 	t+3851µs RIGHT_GRIP (7259µs)
09-09 22:41:55.252 23427 30716 I WiVRn   : [2026-09-09 22:41:55.252] [WiVRn] [info] 	t+6700µs HEAD (4410µs)
09-09 22:41:55.252 23427 30716 I WiVRn   : [2026-09-09 22:41:55.252] [WiVRn] [info] 	t+6845µs LEFT_GRIP (4265µs)
09-09 22:41:55.252 23427 30716 I WiVRn   : [2026-09-09 22:41:55.252] [WiVRn] [info] 	t+6851µs RIGHT_GRIP (4259µs)
09-09 22:41:55.700 23427 30714 I WiVRn   : [2026-09-09 22:41:55.700] [WiVRn] [info] nxwarp[0]: 162 frames in 2.0 s: 135689 B/frame, wait-prev 0.0 ms, wall 9.4 ms, nxvc passA 2.1 passB 3.0 gpu 5.1 ms; holes 0, refused 0
09-09 22:41:55.700 23427 30714 I WiVRn   : [2026-09-09 22:41:55.700] [WiVRn] [info] nxwarp[0] gpu duty 409 ms/s (41% of one GPU) for decode alone; the display pass is extra
09-09 22:41:55.700 23427 30714 I WiVRn   : [2026-09-09 22:41:55.700] [WiVRn] [info] nxwarp[0] passB 3.0 ms = warp 0.0 + skip 0.0 + coded 0.0 + dir 0.0 + other 3.0; tiles skip 0 / coded 2312 / dir 0 (eye pass 0)
09-09 22:41:55.700 23427 30714 I WiVRn   : [2026-09-09 22:41:55.700] [WiVRn] [info] nxwarp[0]: 75 frames dropped late (queue kept to 1)
09-09 22:41:55.700 23427 30714 I WiVRn   : [2026-09-09 22:41:55.700] [WiVRn] [info] nxwarp[0] stage: gap 2.9 | wait-prev 0.0 | submit 1.0 (qlock 0.0 + codec 1.0) | get_free 0.0 | fence-pre 0.0 | record 0.0 | qsubmit 0.0 | fence-post 8.4 | publish 0.0 ms; withheld 0, stride 1, arrival 11.0 ms
09-09 22:41:55.700 23427 30714 I WiVRn   : [2026-09-09 22:41:55.700] [WiVRn] [info] nxwarp[0] reassembly (network thread): 0.09 ms/frame over 162 frames, buffer 133 kB held for 133 kB of unit (1.0x)
09-09 22:41:55.700 23427 30714 I WiVRn   : [2026-09-09 22:41:55.700] [WiVRn] [info] nxwarp[0] fence-post 8.4 ms = nxvc gpu 5.1 + copy gpu 0.00 + queue 3.3 (over 162 frames with timestamps)
09-09 22:41:55.731 23427 30678 I WiVRn   : [2026-09-09 22:41:55.731] [WiVRn] [info] render: 179 iterations in 2.0 s (89.5/s), 179 submitted a layer, 160 new-source, 0 skipped by the repeat gate, 0 with nothing to show; display period 11.3 ms
09-09 22:41:55.731 23427 30678 I WiVRn   : [2026-09-09 22:41:55.731] [WiVRn] [info] render: ready wait attempts 72 success 53 total 182.231 ms | selected older than available 0
09-09 22:41:55.731 23427 30678 I WiVRn   : [2026-09-09 22:41:55.731] [WiVRn] [info] render: selected source transitions forward 160 backward 0 repeat 19, greatest forward gap 2
09-09 22:41:55.731 23427 30678 I WiVRn   : [2026-09-09 22:41:55.731] [WiVRn] [info] render: this app's own GPU pass 5.7 ms per iteration
09-09 22:41:55.731 23427 30678 I WiVRn   : [2026-09-09 22:41:55.731] [WiVRn] [info] render: defoveate 2160x2160 per eye x2 = 9.33 Mpx/frame at scale 1.00 atlas-prototype 0; 19 re-presented from the cache (reduce_gpu_load on)
09-09 22:41:55.731 23427 30678 I WiVRn   : [2026-09-09 22:41:55.731] [WiVRn] [info] render: shader path sharpness 0.00 fsr false alpha false motion false blend false glow 0.00 vignette 0.00 deband 0.00 lowpoly 0.00 levels 0 full-kernel false
09-09 22:41:55.731 23427 30678 I WiVRn   : [2026-09-09 22:41:55.731] [WiVRn] [info] render: per iteration fence 1.3 (worst 11.4) | queries 0.0 | submit 0.0 | whole render() 2.9 ms
09-09 22:41:55.731 23427 30678 I WiVRn   : [2026-09-09 22:41:55.731] [WiVRn] [info] render: jit on | wake slack 34.8 ms | slept 0.7 ms mean (max 11.7, 179 of 179 iterations) | budget 14.4 = pass 13.4 + margin 1.0 | sleep cap 0.6 ms
09-09 22:41:55.731 23427 30678 I WiVRn   : [2026-09-09 22:41:55.731] [WiVRn] [info] render: source display-time offset 59.8 ms mean (worst 80.8) over 179 frames | submit lead 31.2 ms mean (worst 20.0) | misses: 0 overrun 0 late 1 skipped refresh
09-09 22:41:56.100 23427 30672 I PxrMetric: FPS=89/90,MTP=30.30ms,AppSW=off,FrmEarly=7,FrmLate=8,FrmCpu=0.87ms,FrmGpu=10.08ms,FrmTime=14.57ms,ATWGPU=1.59ms,VsyncDelay=2,GPU=99%/587Mhz,GPUTemp=72.1C,LayerCnt=3,Pkg=org.meumeu.wivrn.nx.warp,FrmId=1405
09-09 22:41:56.252 23427 30716 I WiVRn   : [2026-09-09 22:41:56.252] [WiVRn] [info] Tracking pattern (11111µs):
09-09 22:41:56.252 23427 30716 I WiVRn   : [2026-09-09 22:41:56.252] [WiVRn] [info] 	t+3926µs HEAD (7184µs)
09-09 22:41:56.252 23427 30716 I WiVRn   : [2026-09-09 22:41:56.252] [WiVRn] [info] 	t+3965µs LEFT_GRIP (7145µs)
09-09 22:41:56.252 23427 30716 I WiVRn   : [2026-09-09 22:41:56.252] [WiVRn] [info] 	t+3969µs RIGHT_GRIP (7141µs)
09-09 22:41:56.252 23427 30716 I WiVRn   : [2026-09-09 22:41:56.252] [WiVRn] [info] 	t+6926µs HEAD (4184µs)
09-09 22:41:56.252 23427 30716 I WiVRn   : [2026-09-09 22:41:56.252] [WiVRn] [info] 	t+6965µs LEFT_GRIP (4145µs)
09-09 22:41:56.252 23427 30716 I WiVRn   : [2026-09-09 22:41:56.252] [WiVRn] [info] 	t+6969µs RIGHT_GRIP (4141µs)
09-09 22:41:56.958 23427 30709 I WiVRn   : [2026-09-09 22:41:56.958] [WiVRn] [info] nxwarp[0] net: 166 frames closed in 2.0 s, 0 with a hole, 0 out-of-order datagrams, 0 frames completed late, 0 queued for the worker, 1054 decoded so far, 1182 stragglers dropped; last hole 0/0 chunks, first missing -1, short false, chunk 1166 B
09-09 22:41:56.958 23427 30709 I WiVRn   : [2026-09-09 22:41:56.958] [WiVRn] [info] nxwarp[0] net: 0.028 ms per datagram over 29872 datagrams (409.05 ms of every second)
09-09 22:41:56.958 23427 30709 I WiVRn   : [2026-09-09 22:41:56.958] [WiVRn] [info] nxwarp[0] sel: stride 1, arrival 12.2 ms, dropped-late 75, withheld 0, decoded 1054
09-09 22:41:56.958 23427 30709 I WiVRn   : [2026-09-09 22:41:56.958] [WiVRn] [info] nxwarp[0] rx: 198220 datagrams, placed 2153503 (+383792), late 18187 (+0), stale_frame 0, bad_range 0, bad_dir 0, bad_caps 0, bad_ver 0, auth_fail 0, replay 0, frozen 0, dup 48
09-09 22:41:57.101 23427 30672 I PxrMetric: FPS=89/90,MTP=30.41ms,AppSW=off,FrmEarly=13,FrmLate=8,FrmCpu=2.01ms,FrmGpu=8.06ms,FrmTime=10.90ms,ATWGPU=1.54ms,VsyncDelay=1,GPU=78%/587Mhz,GPUTemp=72.1C,LayerCnt=3,Pkg=org.meumeu.wivrn.nx.warp,FrmId=1495
09-09 22:41:57.252 23427 30716 I WiVRn   : [2026-09-09 22:41:57.252] [WiVRn] [info] Tracking pattern (11111µs):
09-09 22:41:57.252 23427 30716 I WiVRn   : [2026-09-09 22:41:57.252] [WiVRn] [info] 	t+3783µs HEAD (7328µs)
09-09 22:41:57.252 23427 30716 I WiVRn   : [2026-09-09 22:41:57.252] [WiVRn] [info] 	t+3927µs LEFT_GRIP (7184µs)
09-09 22:41:57.252 23427 30716 I WiVRn   : [2026-09-09 22:41:57.252] [WiVRn] [info] 	t+3979µs RIGHT_GRIP (7131µs)
09-09 22:41:57.252 23427 30716 I WiVRn   : [2026-09-09 22:41:57.252] [WiVRn] [info] 	t+6783µs HEAD (4328µs)
09-09 22:41:57.252 23427 30716 I WiVRn   : [2026-09-09 22:41:57.252] [WiVRn] [info] 	t+6927µs LEFT_GRIP (4184µs)
09-09 22:41:57.252 23427 30716 I WiVRn   : [2026-09-09 22:41:57.252] [WiVRn] [info] 	t+6979µs RIGHT_GRIP (4131µs)
09-09 22:41:57.710 23427 30714 I WiVRn   : [2026-09-09 22:41:57.710] [WiVRn] [info] nxwarp[0]: 167 frames in 2.0 s: 131655 B/frame, wait-prev 0.0 ms, wall 8.8 ms, nxvc passA 2.1 passB 3.1 gpu 5.1 ms; holes 0, refused 0
09-09 22:41:57.710 23427 30714 I WiVRn   : [2026-09-09 22:41:57.710] [WiVRn] [info] nxwarp[0] gpu duty 427 ms/s (43% of one GPU) for decode alone; the display pass is extra
09-09 22:41:57.710 23427 30714 I WiVRn   : [2026-09-09 22:41:57.710] [WiVRn] [info] nxwarp[0] passB 3.1 ms = warp 0.0 + skip 0.0 + coded 0.0 + dir 0.0 + other 3.1; tiles skip 0 / coded 2312 / dir 0 (eye pass 0)
09-09 22:41:57.710 23427 30714 I WiVRn   : [2026-09-09 22:41:57.710] [WiVRn] [info] nxwarp[0]: 75 frames dropped late (queue kept to 1)
09-09 22:41:57.710 23427 30714 I WiVRn   : [2026-09-09 22:41:57.710] [WiVRn] [info] nxwarp[0] stage: gap 3.2 | wait-prev 0.0 | submit 1.0 (qlock 0.0 + codec 1.0) | get_free 0.0 | fence-pre 0.0 | record 0.0 | qsubmit 0.0 | fence-post 7.8 | publish 0.0 ms; withheld 0, stride 1, arrival 11.8 ms
09-09 22:41:57.710 23427 30714 I WiVRn   : [2026-09-09 22:41:57.710] [WiVRn] [info] nxwarp[0] reassembly (network thread): 0.09 ms/frame over 167 frames, buffer 129 kB held for 129 kB of unit (1.0x)
09-09 22:41:57.710 23427 30714 I WiVRn   : [2026-09-09 22:41:57.710] [WiVRn] [info] nxwarp[0] fence-post 7.8 ms = nxvc gpu 5.1 + copy gpu 0.00 + queue 2.6 (over 167 frames with timestamps)
09-09 22:41:57.730 23427 30678 I WiVRn   : [2026-09-09 22:41:57.730] [WiVRn] [info] render: 179 iterations in 2.0 s (89.1/s), 179 submitted a layer, 162 new-source, 0 skipped by the repeat gate, 0 with nothing to show; display period 11.2 ms
09-09 22:41:57.730 23427 30678 I WiVRn   : [2026-09-09 22:41:57.730] [WiVRn] [info] render: ready wait attempts 61 success 44 total 163.862 ms | selected older than available 0
09-09 22:41:57.730 23427 30678 I WiVRn   : [2026-09-09 22:41:57.730] [WiVRn] [info] render: selected source transitions forward 162 backward 0 repeat 17, greatest forward gap 2
09-09 22:41:57.730 23427 30678 I WiVRn   : [2026-09-09 22:41:57.730] [WiVRn] [info] render: this app's own GPU pass 5.6 ms per iteration
09-09 22:41:57.730 23427 30678 I WiVRn   : [2026-09-09 22:41:57.730] [WiVRn] [info] render: defoveate 2160x2160 per eye x2 = 9.33 Mpx/frame at scale 1.00 atlas-prototype 0; 17 re-presented from the cache (reduce_gpu_load on)
09-09 22:41:57.730 23427 30678 I WiVRn   : [2026-09-09 22:41:57.730] [WiVRn] [info] render: shader path sharpness 0.00 fsr false alpha false motion false blend false glow 0.00 vignette 0.00 deband 0.00 lowpoly 0.00 levels 0 full-kernel false
09-09 22:41:57.730 23427 30678 I WiVRn   : [2026-09-09 22:41:57.730] [WiVRn] [info] render: per iteration fence 1.3 (worst 10.6) | queries 0.0 | submit 0.0 | whole render() 2.8 ms
09-09 22:41:57.730 23427 30678 I WiVRn   : [2026-09-09 22:41:57.730] [WiVRn] [info] render: jit on | wake slack 36.0 ms | slept 0.7 ms mean (max 11.7, 179 of 179 iterations) | budget 12.6 = pass 11.6 + margin 1.0 | sleep cap 0.6 ms
09-09 22:41:57.730 23427 30678 I WiVRn   : [2026-09-09 22:41:57.730] [WiVRn] [info] render: source display-time offset 58.3 ms mean (worst 69.6) over 179 frames | submit lead 32.4 ms mean (worst 20.4) | misses: 0 overrun 0 late 1 skipped refresh
09-09 22:41:58.102 23427 30672 I PxrMetric: FPS=90/90,MTP=27.64ms,AppSW=off,FrmEarly=0,FrmLate=6,FrmCpu=0.51ms,FrmGpu=10.77ms,FrmTime=20.08ms,ATWGPU=1.54ms,VsyncDelay=2,GPU=99%/587Mhz,GPUTemp=72.1C,LayerCnt=3,Pkg=org.meumeu.wivrn.nx.warp,FrmId=1584
09-09 22:41:58.252 23427 30716 I WiVRn   : [2026-09-09 22:41:58.252] [WiVRn] [info] Tracking pattern (11110µs):
09-09 22:41:58.252 23427 30716 I WiVRn   : [2026-09-09 22:41:58.252] [WiVRn] [info] 	t+3731µs HEAD (7379µs)
09-09 22:41:58.252 23427 30716 I WiVRn   : [2026-09-09 22:41:58.252] [WiVRn] [info] 	t+3912µs LEFT_GRIP (7197µs)
09-09 22:41:58.252 23427 30716 I WiVRn   : [2026-09-09 22:41:58.252] [WiVRn] [info] 	t+3921µs RIGHT_GRIP (7188µs)
09-09 22:41:58.252 23427 30716 I WiVRn   : [2026-09-09 22:41:58.252] [WiVRn] [info] 	t+6731µs HEAD (4379µs)
09-09 22:41:58.252 23427 30716 I WiVRn   : [2026-09-09 22:41:58.252] [WiVRn] [info] 	t+6912µs LEFT_GRIP (4197µs)
09-09 22:41:58.252 23427 30716 I WiVRn   : [2026-09-09 22:41:58.252] [WiVRn] [info] 	t+6921µs RIGHT_GRIP (4188µs)
09-09 22:41:58.961 23427 30709 I WiVRn   : [2026-09-09 22:41:58.961] [WiVRn] [info] nxwarp[0] net: 169 frames closed in 2.0 s, 0 with a hole, 0 out-of-order datagrams, 0 frames completed late, 0 queued for the worker, 1223 decoded so far, 1351 stragglers dropped; last hole 0/0 chunks, first missing -1, short false, chunk 1166 B
09-09 22:41:58.961 23427 30709 I WiVRn   : [2026-09-09 22:41:58.961] [WiVRn] [info] nxwarp[0] net: 0.028 ms per datagram over 28171 datagrams (395.75 ms of every second)
09-09 22:41:58.961 23427 30709 I WiVRn   : [2026-09-09 22:41:58.961] [WiVRn] [info] nxwarp[0] sel: stride 1, arrival 11.6 ms, dropped-late 75, withheld 0, decoded 1223
09-09 22:41:58.961 23427 30709 I WiVRn   : [2026-09-09 22:41:58.961] [WiVRn] [info] nxwarp[0] rx: 226391 datagrams, placed 2544231 (+390728), late 19033 (+846), stale_frame 0, bad_range 0, bad_dir 0, bad_caps 0, bad_ver 0, auth_fail 0, replay 0, frozen 0, dup 50
09-09 22:41:59.104 23427 30672 I PxrMetric: FPS=89/90,MTP=33.25ms,AppSW=off,FrmEarly=19,FrmLate=8,FrmCpu=1.59ms,FrmGpu=7.01ms,FrmTime=9.63ms,ATWGPU=1.54ms,VsyncDelay=1,GPU=94%/587Mhz,GPUTemp=73.3C,LayerCnt=3,Pkg=org.meumeu.wivrn.nx.warp,FrmId=1673
09-09 22:41:59.252 23427 30716 I WiVRn   : [2026-09-09 22:41:59.252] [WiVRn] [info] Tracking pattern (11110µs):
09-09 22:41:59.252 23427 30716 I WiVRn   : [2026-09-09 22:41:59.252] [WiVRn] [info] 	t+3002µs HEAD (8107µs)
09-09 22:41:59.252 23427 30716 I WiVRn   : [2026-09-09 22:41:59.252] [WiVRn] [info] 	t+3671µs LEFT_GRIP (7439µs)
09-09 22:41:59.252 23427 30716 I WiVRn   : [2026-09-09 22:41:59.252] [WiVRn] [info] 	t+3685µs RIGHT_GRIP (7425µs)
09-09 22:41:59.252 23427 30716 I WiVRn   : [2026-09-09 22:41:59.252] [WiVRn] [info] 	t+6002µs HEAD (5107µs)
09-09 22:41:59.252 23427 30716 I WiVRn   : [2026-09-09 22:41:59.252] [WiVRn] [info] 	t+6671µs LEFT_GRIP (4439µs)
09-09 22:41:59.252 23427 30716 I WiVRn   : [2026-09-09 22:41:59.252] [WiVRn] [info] 	t+6685µs RIGHT_GRIP (4425µs)
09-09 22:41:59.715 23427 30714 I WiVRn   : [2026-09-09 22:41:59.715] [WiVRn] [info] nxwarp[0]: 169 frames in 2.0 s: 127914 B/frame, wait-prev 0.0 ms, wall 9.3 ms, nxvc passA 2.0 passB 3.1 gpu 5.1 ms; holes 0, refused 0
09-09 22:41:59.715 23427 30714 I WiVRn   : [2026-09-09 22:41:59.715] [WiVRn] [info] nxwarp[0] gpu duty 430 ms/s (43% of one GPU) for decode alone; the display pass is extra
09-09 22:41:59.715 23427 30714 I WiVRn   : [2026-09-09 22:41:59.715] [WiVRn] [info] nxwarp[0] passB 3.1 ms = warp 0.0 + skip 0.0 + coded 0.0 + dir 0.0 + other 3.1; tiles skip 0 / coded 2312 / dir 0 (eye pass 0)
09-09 22:41:59.715 23427 30714 I WiVRn   : [2026-09-09 22:41:59.715] [WiVRn] [info] nxwarp[0]: 75 frames dropped late (queue kept to 1)
09-09 22:41:59.715 23427 30714 I WiVRn   : [2026-09-09 22:41:59.715] [WiVRn] [info] nxwarp[0] stage: gap 2.6 | wait-prev 0.0 | submit 1.0 (qlock 0.0 + codec 1.0) | get_free 0.0 | fence-pre 0.0 | record 0.0 | qsubmit 0.0 | fence-post 8.2 | publish 0.0 ms; withheld 0, stride 1, arrival 13.9 ms
09-09 22:41:59.715 23427 30714 I WiVRn   : [2026-09-09 22:41:59.715] [WiVRn] [info] nxwarp[0] reassembly (network thread): 0.09 ms/frame over 169 frames, buffer 125 kB held for 125 kB of unit (1.0x)
09-09 22:41:59.715 23427 30714 I WiVRn   : [2026-09-09 22:41:59.715] [WiVRn] [info] nxwarp[0] fence-post 8.2 ms = nxvc gpu 5.1 + copy gpu 0.00 + queue 3.1 (over 169 frames with timestamps)
09-09 22:41:59.741 23427 30678 I WiVRn   : [2026-09-09 22:41:59.741] [WiVRn] [info] render: 177 iterations in 2.0 s (88.1/s), 177 submitted a layer, 166 new-source, 0 skipped by the repeat gate, 0 with nothing to show; display period 11.4 ms
09-09 22:41:59.741 23427 30678 I WiVRn   : [2026-09-09 22:41:59.741] [WiVRn] [info] render: ready wait attempts 41 success 30 total 99.594 ms | selected older than available 0
09-09 22:41:59.741 23427 30678 I WiVRn   : [2026-09-09 22:41:59.741] [WiVRn] [info] render: selected source transitions forward 166 backward 0 repeat 11, greatest forward gap 2
09-09 22:41:59.741 23427 30678 I WiVRn   : [2026-09-09 22:41:59.741] [WiVRn] [info] render: this app's own GPU pass 5.7 ms per iteration
09-09 22:41:59.741 23427 30678 I WiVRn   : [2026-09-09 22:41:59.741] [WiVRn] [info] render: defoveate 2160x2160 per eye x2 = 9.33 Mpx/frame at scale 1.00 atlas-prototype 0; 11 re-presented from the cache (reduce_gpu_load on)
09-09 22:41:59.741 23427 30678 I WiVRn   : [2026-09-09 22:41:59.741] [WiVRn] [info] render: shader path sharpness 0.00 fsr false alpha false motion false blend false glow 0.00 vignette 0.00 deband 0.00 lowpoly 0.00 levels 0 full-kernel false
09-09 22:41:59.741 23427 30678 I WiVRn   : [2026-09-09 22:41:59.741] [WiVRn] [info] render: per iteration fence 2.5 (worst 11.5) | queries 0.0 | submit 0.0 | whole render() 3.7 ms
09-09 22:41:59.741 23427 30678 I WiVRn   : [2026-09-09 22:41:59.741] [WiVRn] [info] render: jit on | wake slack 36.9 ms | slept 0.9 ms mean (max 11.7, 177 of 177 iterations) | budget 12.8 = pass 11.8 + margin 1.0 | sleep cap 0.6 ms
09-09 22:41:59.741 23427 30678 I WiVRn   : [2026-09-09 22:41:59.741] [WiVRn] [info] render: source display-time offset 59.5 ms mean (worst 80.7) over 177 frames | submit lead 32.3 ms mean (worst 23.4) | misses: 0 overrun 0 late 1 skipped refresh
09-09 22:42:00.107 23427 30672 I PxrMetric: FPS=89/90,MTP=29.10ms,AppSW=off,FrmEarly=10,FrmLate=9,FrmCpu=1.84ms,FrmGpu=6.42ms,FrmTime=8.93ms,ATWGPU=1.54ms,VsyncDelay=1,GPU=94%/587Mhz,GPUTemp=72.1C,LayerCnt=3,Pkg=org.meumeu.wivrn.nx.warp,FrmId=1761
09-09 22:42:00.252 23427 30716 I WiVRn   : [2026-09-09 22:42:00.252] [WiVRn] [info] Tracking pattern (11110µs):
09-09 22:42:00.252 23427 30716 I WiVRn   : [2026-09-09 22:42:00.252] [WiVRn] [info] 	t+606µs HEAD (10504µs)
09-09 22:42:00.252 23427 30716 I WiVRn   : [2026-09-09 22:42:00.252] [WiVRn] [info] 	t+700µs LEFT_GRIP (10410µs)
09-09 22:42:00.252 23427 30716 I WiVRn   : [2026-09-09 22:42:00.252] [WiVRn] [info] 	t+709µs RIGHT_GRIP (10401µs)
09-09 22:42:00.252 23427 30716 I WiVRn   : [2026-09-09 22:42:00.252] [WiVRn] [info] 	t+3606µs HEAD (7504µs)
09-09 22:42:00.252 23427 30716 I WiVRn   : [2026-09-09 22:42:00.252] [WiVRn] [info] 	t+3700µs LEFT_GRIP (7410µs)
09-09 22:42:00.252 23427 30716 I WiVRn   : [2026-09-09 22:42:00.252] [WiVRn] [info] 	t+3709µs RIGHT_GRIP (7401µs)
09-09 22:42:00.252 23427 30716 I WiVRn   : [2026-09-09 22:42:00.252] [WiVRn] [info] 	t+6606µs HEAD (4504µs)
09-09 22:42:00.252 23427 30716 I WiVRn   : [2026-09-09 22:42:00.252] [WiVRn] [info] 	t+6700µs LEFT_GRIP (4410µs)
09-09 22:42:00.252 23427 30716 I WiVRn   : [2026-09-09 22:42:00.252] [WiVRn] [info] 	t+6709µs RIGHT_GRIP (4401µs)
09-09 22:42:00.970 23427 30709 I WiVRn   : [2026-09-09 22:42:00.970] [WiVRn] [info] nxwarp[0] net: 168 frames closed in 2.0 s, 0 with a hole, 0 out-of-order datagrams, 0 frames completed late, 0 queued for the worker, 1390 decoded so far, 1519 stragglers dropped; last hole 0/0 chunks, first missing -1, short false, chunk 1166 B
09-09 22:42:00.970 23427 30709 I WiVRn   : [2026-09-09 22:42:00.970] [WiVRn] [info] nxwarp[0] net: 0.028 ms per datagram over 29141 datagrams (404.35 ms of every second)
09-09 22:42:00.970 23427 30709 I WiVRn   : [2026-09-09 22:42:00.970] [WiVRn] [info] nxwarp[0] sel: stride 1, arrival 13.3 ms, dropped-late 76, withheld 0, decoded 1390
09-09 22:42:00.970 23427 30709 I WiVRn   : [2026-09-09 22:42:00.970] [WiVRn] [info] nxwarp[0] rx: 255532 datagrams, placed 2917281 (+373050), late 19639 (+606), stale_frame 0, bad_range 0, bad_dir 0, bad_caps 0, bad_ver 0, auth_fail 0, replay 0, frozen 0, dup 53
09-09 22:42:01.113 23427 30672 I PxrMetric: FPS=88/90,MTP=28.22ms,AppSW=off,FrmEarly=7,FrmLate=9,FrmCpu=1.56ms,FrmGpu=6.74ms,FrmTime=8.95ms,ATWGPU=1.54ms,VsyncDelay=1,GPU=99%/587Mhz,GPUTemp=72.5C,LayerCnt=3,Pkg=org.meumeu.wivrn.nx.warp,FrmId=1851
09-09 22:42:01.252 23427 30716 I WiVRn   : [2026-09-09 22:42:01.252] [WiVRn] [info] Tracking pattern (11111µs):
09-09 22:42:01.252 23427 30716 I WiVRn   : [2026-09-09 22:42:01.252] [WiVRn] [info] 	t+2997µs HEAD (8114µs)
09-09 22:42:01.252 23427 30716 I WiVRn   : [2026-09-09 22:42:01.252] [WiVRn] [info] 	t+3422µs LEFT_GRIP (7689µs)
09-09 22:42:01.252 23427 30716 I WiVRn   : [2026-09-09 22:42:01.252] [WiVRn] [info] 	t+3440µs RIGHT_GRIP (7671µs)
09-09 22:42:01.252 23427 30716 I WiVRn   : [2026-09-09 22:42:01.252] [WiVRn] [info] 	t+5997µs HEAD (5114µs)
09-09 22:42:01.252 23427 30716 I WiVRn   : [2026-09-09 22:42:01.252] [WiVRn] [info] 	t+6422µs LEFT_GRIP (4689µs)
09-09 22:42:01.252 23427 30716 I WiVRn   : [2026-09-09 22:42:01.252] [WiVRn] [info] 	t+6440µs RIGHT_GRIP (4671µs)
09-09 22:42:01.724 23427 30714 I WiVRn   : [2026-09-09 22:42:01.724] [WiVRn] [info] nxwarp[0]: 166 frames in 2.0 s: 134707 B/frame, wait-prev 0.0 ms, wall 9.4 ms, nxvc passA 2.1 passB 3.0 gpu 5.1 ms; holes 0, refused 0
09-09 22:42:01.724 23427 30714 I WiVRn   : [2026-09-09 22:42:01.724] [WiVRn] [info] nxwarp[0] gpu duty 417 ms/s (42% of one GPU) for decode alone; the display pass is extra
09-09 22:42:01.725 23427 30714 I WiVRn   : [2026-09-09 22:42:01.725] [WiVRn] [info] nxwarp[0] passB 3.0 ms = warp 0.0 + skip 0.0 + coded 0.0 + dir 0.0 + other 3.0; tiles skip 0 / coded 2312 / dir 0 (eye pass 0)
09-09 22:42:01.725 23427 30714 I WiVRn   : [2026-09-09 22:42:01.725] [WiVRn] [info] nxwarp[0]: 77 frames dropped late (queue kept to 1)
09-09 22:42:01.725 23427 30714 I WiVRn   : [2026-09-09 22:42:01.725] [WiVRn] [info] nxwarp[0] stage: gap 2.7 | wait-prev 0.0 | submit 1.0 (qlock 0.0 + codec 1.0) | get_free 0.0 | fence-pre 0.0 | record 0.0 | qsubmit 0.0 | fence-post 8.3 | publish 0.0 ms; withheld 0, stride 1, arrival 12.5 ms
09-09 22:42:01.725 23427 30714 I WiVRn   : [2026-09-09 22:42:01.725] [WiVRn] [info] nxwarp[0] reassembly (network thread): 0.09 ms/frame over 168 frames, buffer 132 kB held for 132 kB of unit (1.0x)
09-09 22:42:01.725 23427 30714 I WiVRn   : [2026-09-09 22:42:01.725] [WiVRn] [info] nxwarp[0] fence-post 8.3 ms = nxvc gpu 5.1 + copy gpu 0.00 + queue 3.3 (over 166 frames with timestamps)
09-09 22:42:01.742 23427 30678 I WiVRn   : [2026-09-09 22:42:01.742] [WiVRn] [info] render: 178 iterations in 2.0 s (88.9/s), 178 submitted a layer, 161 new-source, 0 skipped by the repeat gate, 0 with nothing to show; display period 11.2 ms
09-09 22:42:01.742 23427 30678 I WiVRn   : [2026-09-09 22:42:01.742] [WiVRn] [info] render: ready wait attempts 71 success 54 total 164.319 ms | selected older than available 0
09-09 22:42:01.742 23427 30678 I WiVRn   : [2026-09-09 22:42:01.742] [WiVRn] [info] render: selected source transitions forward 161 backward 0 repeat 17, greatest forward gap 3
09-09 22:42:01.742 23427 30678 I WiVRn   : [2026-09-09 22:42:01.742] [WiVRn] [info] render: this app's own GPU pass 5.8 ms per iteration
09-09 22:42:01.742 23427 30678 I WiVRn   : [2026-09-09 22:42:01.742] [WiVRn] [info] render: defoveate 2160x2160 per eye x2 = 9.33 Mpx/frame at scale 1.00 atlas-prototype 0; 17 re-presented from the cache (reduce_gpu_load on)
09-09 22:42:01.742 23427 30678 I WiVRn   : [2026-09-09 22:42:01.742] [WiVRn] [info] render: shader path sharpness 0.00 fsr false alpha false motion false blend false glow 0.00 vignette 0.00 deband 0.00 lowpoly 0.00 levels 0 full-kernel false
09-09 22:42:01.742 23427 30678 I WiVRn   : [2026-09-09 22:42:01.742] [WiVRn] [info] render: per iteration fence 1.9 (worst 11.5) | queries 0.0 | submit 0.0 | whole render() 3.4 ms
09-09 22:42:01.742 23427 30678 I WiVRn   : [2026-09-09 22:42:01.742] [WiVRn] [info] render: jit on | wake slack 35.5 ms | slept 0.6 ms mean (max 0.6, 178 of 178 iterations) | budget 12.9 = pass 11.9 + margin 1.0 | sleep cap 0.6 ms
09-09 22:42:01.742 23427 30678 I WiVRn   : [2026-09-09 22:42:01.742] [WiVRn] [info] render: source display-time offset 58.2 ms mean (worst 80.7) over 178 frames | submit lead 31.5 ms mean (worst 24.8) | misses: 0 overrun 0 late 0 skipped refresh
09-09 22:42:02.116 23427 30672 I PxrMetric: FPS=89/90,MTP=35.96ms,AppSW=off,FrmEarly=8,FrmLate=16,FrmCpu=0.65ms,FrmGpu=10.68ms,FrmTime=18.46ms,ATWGPU=1.55ms,VsyncDelay=2,GPU=99%/587Mhz,GPUTemp=72.5C,LayerCnt=3,Pkg=org.meumeu.wivrn.nx.warp,FrmId=1939
09-09 22:42:02.252 23427 30716 I WiVRn   : [2026-09-09 22:42:02.252] [WiVRn] [info] Tracking pattern (11110µs):
09-09 22:42:02.252 23427 30716 I WiVRn   : [2026-09-09 22:42:02.252] [WiVRn] [info] 	t+4161µs HEAD (6948µs)
09-09 22:42:02.252 23427 30716 I WiVRn   : [2026-09-09 22:42:02.252] [WiVRn] [info] 	t+4258µs LEFT_GRIP (6852µs)
09-09 22:42:02.252 23427 30716 I WiVRn   : [2026-09-09 22:42:02.252] [WiVRn] [info] 	t+4274µs RIGHT_GRIP (6836µs)
09-09 22:42:02.252 23427 30716 I WiVRn   : [2026-09-09 22:42:02.252] [WiVRn] [info] 	t+7161µs HEAD (3948µs)
09-09 22:42:02.252 23427 30716 I WiVRn   : [2026-09-09 22:42:02.252] [WiVRn] [info] 	t+7258µs LEFT_GRIP (3852µs)
09-09 22:42:02.252 23427 30716 I WiVRn   : [2026-09-09 22:42:02.252] [WiVRn] [info] 	t+7274µs RIGHT_GRIP (3836µs)
09-09 22:42:02.982 23427 30709 I WiVRn   : [2026-09-09 22:42:02.982] [WiVRn] [info] nxwarp[0] net: 169 frames closed in 2.0 s, 0 with a hole, 0 out-of-order datagrams, 0 frames completed late, 0 queued for the worker, 1558 decoded so far, 1688 stragglers dropped; last hole 0/0 chunks, first missing -1, short false, chunk 1166 B
09-09 22:42:02.982 23427 30709 I WiVRn   : [2026-09-09 22:42:02.982] [WiVRn] [info] nxwarp[0] net: 0.027 ms per datagram over 31092 datagrams (410.96 ms of every second)
09-09 22:42:02.982 23427 30709 I WiVRn   : [2026-09-09 22:42:02.982] [WiVRn] [info] nxwarp[0] sel: stride 1, arrival 11.0 ms, dropped-late 77, withheld 0, decoded 1558
09-09 22:42:02.982 23427 30709 I WiVRn   : [2026-09-09 22:42:02.982] [WiVRn] [info] nxwarp[0] rx: 286624 datagrams, placed 3286144 (+368863), late 20401 (+762), stale_frame 0, bad_range 0, bad_dir 0, bad_caps 0, bad_ver 0, auth_fail 0, replay 0, frozen 0, dup 55
09-09 22:42:03.135 23427 30672 I PxrMetric: FPS=88/90,MTP=41.16ms,AppSW=off,FrmEarly=11,FrmLate=14,FrmCpu=0.96ms,FrmGpu=9.44ms,FrmTime=16.94ms,ATWGPU=1.54ms,VsyncDelay=2,GPU=99%/587Mhz,GPUTemp=84.1C,LayerCnt=3,Pkg=org.meumeu.wivrn.nx.warp,FrmId=2028
09-09 22:42:03.252 23427 30716 I WiVRn   : [2026-09-09 22:42:03.252] [WiVRn] [info] Tracking pattern (11107µs):
09-09 22:42:03.252 23427 30716 I WiVRn   : [2026-09-09 22:42:03.252] [WiVRn] [info] 	t+3573µs HEAD (7534µs)
09-09 22:42:03.252 23427 30716 I WiVRn   : [2026-09-09 22:42:03.252] [WiVRn] [info] 	t+3616µs LEFT_GRIP (7491µs)
09-09 22:42:03.252 23427 30716 I WiVRn   : [2026-09-09 22:42:03.252] [WiVRn] [info] 	t+3697µs RIGHT_GRIP (7410µs)
09-09 22:42:03.252 23427 30716 I WiVRn   : [2026-09-09 22:42:03.252] [WiVRn] [info] 	t+6573µs HEAD (4534µs)
09-09 22:42:03.252 23427 30716 I WiVRn   : [2026-09-09 22:42:03.252] [WiVRn] [info] 	t+6616µs LEFT_GRIP (4491µs)
09-09 22:42:03.252 23427 30716 I WiVRn   : [2026-09-09 22:42:03.252] [WiVRn] [info] 	t+6697µs RIGHT_GRIP (4410µs)
09-09 22:42:03.728 23427 30714 I WiVRn   : [2026-09-09 22:42:03.728] [WiVRn] [info] nxwarp[0]: 164 frames in 2.0 s: 143939 B/frame, wait-prev 0.0 ms, wall 9.7 ms, nxvc passA 2.3 passB 3.0 gpu 5.3 ms; holes 0, refused 0
09-09 22:42:03.728 23427 30714 I WiVRn   : [2026-09-09 22:42:03.728] [WiVRn] [info] nxwarp[0] gpu duty 433 ms/s (43% of one GPU) for decode alone; the display pass is extra
09-09 22:42:03.728 23427 30714 I WiVRn   : [2026-09-09 22:42:03.728] [WiVRn] [info] nxwarp[0] passB 3.0 ms = warp 0.0 + skip 0.0 + coded 0.0 + dir 0.0 + other 3.0; tiles skip 0 / coded 2312 / dir 0 (eye pass 0)
09-09 22:42:03.728 23427 30714 I WiVRn   : [2026-09-09 22:42:03.728] [WiVRn] [info] nxwarp[0]: 77 frames dropped late (queue kept to 1)
09-09 22:42:03.728 23427 30714 I WiVRn   : [2026-09-09 22:42:03.728] [WiVRn] [info] nxwarp[0] stage: gap 2.6 | wait-prev 0.0 | submit 1.0 (qlock 0.0 + codec 1.0) | get_free 0.0 | fence-pre 0.0 | record 0.0 | qsubmit 0.0 | fence-post 8.6 | publish 0.0 ms; withheld 0, stride 1, arrival 11.3 ms
09-09 22:42:03.728 23427 30714 I WiVRn   : [2026-09-09 22:42:03.728] [WiVRn] [info] nxwarp[0] reassembly (network thread): 0.08 ms/frame over 165 frames, buffer 141 kB held for 141 kB of unit (1.0x)
09-09 22:42:03.728 23427 30714 I WiVRn   : [2026-09-09 22:42:03.728] [WiVRn] [info] nxwarp[0] fence-post 8.6 ms = nxvc gpu 5.3 + copy gpu 0.00 + queue 3.3 (over 164 frames with timestamps)
09-09 22:42:03.760 23427 30678 I WiVRn   : [2026-09-09 22:42:03.760] [WiVRn] [info] render: 177 iterations in 2.0 s (88.2/s), 177 submitted a layer, 159 new-source, 0 skipped by the repeat gate, 0 with nothing to show; display period 11.4 ms
09-09 22:42:03.760 23427 30678 I WiVRn   : [2026-09-09 22:42:03.760] [WiVRn] [info] render: ready wait attempts 59 success 41 total 152.116 ms | selected older than available 0
09-09 22:42:03.760 23427 30678 I WiVRn   : [2026-09-09 22:42:03.760] [WiVRn] [info] render: selected source transitions forward 159 backward 0 repeat 18, greatest forward gap 2
09-09 22:42:03.760 23427 30678 I WiVRn   : [2026-09-09 22:42:03.760] [WiVRn] [info] render: this app's own GPU pass 5.7 ms per iteration
09-09 22:42:03.760 23427 30678 I WiVRn   : [2026-09-09 22:42:03.760] [WiVRn] [info] render: defoveate 2160x2160 per eye x2 = 9.33 Mpx/frame at scale 1.00 atlas-prototype 0; 18 re-presented from the cache (reduce_gpu_load on)
09-09 22:42:03.760 23427 30678 I WiVRn   : [2026-09-09 22:42:03.760] [WiVRn] [info] render: shader path sharpness 0.00 fsr false alpha false motion false blend false glow 0.00 vignette 0.00 deband 0.00 lowpoly 0.00 levels 0 full-kernel false
09-09 22:42:03.760 23427 30678 I WiVRn   : [2026-09-09 22:42:03.760] [WiVRn] [info] render: per iteration fence 2.9 (worst 11.6) | queries 0.0 | submit 0.0 | whole render() 4.4 ms
09-09 22:42:03.760 23427 30678 I WiVRn   : [2026-09-09 22:42:03.760] [WiVRn] [info] render: jit on | wake slack 37.0 ms | slept 0.8 ms mean (max 11.7, 177 of 177 iterations) | budget 12.6 = pass 11.6 + margin 1.0 | sleep cap 0.6 ms
09-09 22:42:03.760 23427 30678 I WiVRn   : [2026-09-09 22:42:03.760] [WiVRn] [info] render: source display-time offset 59.2 ms mean (worst 80.9) over 177 frames | submit lead 31.8 ms mean (worst 20.5) | misses: 0 overrun 0 late 1 skipped refresh
09-09 22:42:04.140 23427 30672 I PxrMetric: FPS=88/90,MTP=34.20ms,AppSW=off,FrmEarly=16,FrmLate=10,FrmCpu=1.27ms,FrmGpu=7.97ms,FrmTime=11.10ms,ATWGPU=1.55ms,VsyncDelay=1,GPU=95%/587Mhz,GPUTemp=72.1C,LayerCnt=3,Pkg=org.meumeu.wivrn.nx.warp,FrmId=2116
09-09 22:42:04.252 23427 30716 I WiVRn   : [2026-09-09 22:42:04.252] [WiVRn] [info] Tracking pattern (11110µs):
09-09 22:42:04.252 23427 30716 I WiVRn   : [2026-09-09 22:42:04.252] [WiVRn] [info] 	t+3641µs HEAD (7468µs)
09-09 22:42:04.252 23427 30716 I WiVRn   : [2026-09-09 22:42:04.252] [WiVRn] [info] 	t+3709µs LEFT_GRIP (7400µs)
09-09 22:42:04.252 23427 30716 I WiVRn   : [2026-09-09 22:42:04.252] [WiVRn] [info] 	t+3715µs RIGHT_GRIP (7394µs)
09-09 22:42:04.252 23427 30716 I WiVRn   : [2026-09-09 22:42:04.252] [WiVRn] [info] 	t+6641µs HEAD (4468µs)
09-09 22:42:04.252 23427 30716 I WiVRn   : [2026-09-09 22:42:04.252] [WiVRn] [info] 	t+6709µs LEFT_GRIP (4400µs)
09-09 22:42:04.252 23427 30716 I WiVRn   : [2026-09-09 22:42:04.252] [WiVRn] [info] 	t+6715µs RIGHT_GRIP (4394µs)
09-09 22:42:04.992 23427 30709 I WiVRn   : [2026-09-09 22:42:04.992] [WiVRn] [info] nxwarp[0] net: 160 frames closed in 2.0 s, 0 with a hole, 0 out-of-order datagrams, 0 frames completed late, 0 queued for the worker, 1718 decoded so far, 1857 stragglers dropped; last hole 0/0 chunks, first missing -1, short false, chunk 1166 B
09-09 22:42:04.992 23427 30709 I WiVRn   : [2026-09-09 22:42:04.992] [WiVRn] [info] nxwarp[0] net: 0.031 ms per datagram over 26315 datagrams (401.34 ms of every second)
09-09 22:42:04.992 23427 30709 I WiVRn   : [2026-09-09 22:42:04.992] [WiVRn] [info] nxwarp[0] sel: stride 1, arrival 12.7 ms, dropped-late 77, withheld 0, decoded 1718
09-09 22:42:04.992 23427 30709 I WiVRn   : [2026-09-09 22:42:04.992] [WiVRn] [info] nxwarp[0] rx: 312939 datagrams, placed 3366105 (+79961), late 31971 (+11570), stale_frame 0, bad_range 0, bad_dir 0, bad_caps 0, bad_ver 0, auth_fail 0, replay 0, frozen 0, dup 104
09-09 22:42:05.141 23427 30672 I PxrMetric: FPS=87/90,MTP=31.81ms,AppSW=off,FrmEarly=7,FrmLate=4,FrmCpu=1.37ms,FrmGpu=7.12ms,FrmTime=9.13ms,ATWGPU=1.55ms,VsyncDelay=1,GPU=91%/587Mhz,GPUTemp=72.5C,LayerCnt=3,Pkg=org.meumeu.wivrn.nx.warp,FrmId=2206
09-09 22:42:05.252 23427 30716 I WiVRn   : [2026-09-09 22:42:05.252] [WiVRn] [info] Tracking pattern (11112µs):
09-09 22:42:05.253 23427 30716 I WiVRn   : [2026-09-09 22:42:05.253] [WiVRn] [info] 	t+4001µs HEAD (7110µs)
09-09 22:42:05.253 23427 30716 I WiVRn   : [2026-09-09 22:42:05.253] [WiVRn] [info] 	t+4038µs LEFT_GRIP (7073µs)
09-09 22:42:05.253 23427 30716 I WiVRn   : [2026-09-09 22:42:05.253] [WiVRn] [info] 	t+4044µs RIGHT_GRIP (7068µs)
09-09 22:42:05.253 23427 30716 I WiVRn   : [2026-09-09 22:42:05.253] [WiVRn] [info] 	t+7001µs HEAD (4110µs)
09-09 22:42:05.253 23427 30716 I WiVRn   : [2026-09-09 22:42:05.253] [WiVRn] [info] 	t+7038µs LEFT_GRIP (4073µs)
09-09 22:42:05.253 23427 30716 I WiVRn   : [2026-09-09 22:42:05.253] [WiVRn] [info] 	t+7044µs RIGHT_GRIP (4068µs)
09-09 22:42:05.731 23427 30714 I WiVRn   : [2026-09-09 22:42:05.731] [WiVRn] [info] nxwarp[0]: 163 frames in 2.0 s: 154764 B/frame, wait-prev 0.0 ms, wall 10.3 ms, nxvc passA 2.3 passB 3.1 gpu 5.4 ms; holes 0, refused 0
09-09 22:42:05.731 23427 30714 I WiVRn   : [2026-09-09 22:42:05.731] [WiVRn] [info] nxwarp[0] gpu duty 440 ms/s (44% of one GPU) for decode alone; the display pass is extra
09-09 22:42:05.731 23427 30714 I WiVRn   : [2026-09-09 22:42:05.731] [WiVRn] [info] nxwarp[0] passB 3.1 ms = warp 0.0 + skip 0.0 + coded 0.0 + dir 0.0 + other 3.1; tiles skip 0 / coded 2312 / dir 0 (eye pass 0)
09-09 22:42:05.731 23427 30714 I WiVRn   : [2026-09-09 22:42:05.731] [WiVRn] [info] nxwarp[0]: 77 frames dropped late (queue kept to 1)
09-09 22:42:05.731 23427 30714 I WiVRn   : [2026-09-09 22:42:05.731] [WiVRn] [info] nxwarp[0] stage: gap 2.0 | wait-prev 0.0 | submit 1.0 (qlock 0.0 + codec 1.0) | get_free 0.0 | fence-pre 0.0 | record 0.0 | qsubmit 0.0 | fence-post 9.2 | publish 0.0 ms; withheld 0, stride 1, arrival 11.4 ms
09-09 22:42:05.731 23427 30714 I WiVRn   : [2026-09-09 22:42:05.731] [WiVRn] [info] nxwarp[0] reassembly (network thread): 0.07 ms/frame over 163 frames, buffer 151 kB held for 151 kB of unit (1.0x)
09-09 22:42:05.731 23427 30714 I WiVRn   : [2026-09-09 22:42:05.731] [WiVRn] [info] nxwarp[0] fence-post 9.2 ms = nxvc gpu 5.4 + copy gpu 0.00 + queue 3.8 (over 163 frames with timestamps)
09-09 22:42:05.753 23427 30678 I WiVRn   : [2026-09-09 22:42:05.753] [WiVRn] [info] render: 175 iterations in 2.0 s (87.3/s), 175 submitted a layer, 159 new-source, 0 skipped by the repeat gate, 0 with nothing to show; display period 11.4 ms
09-09 22:42:05.753 23427 30678 I WiVRn   : [2026-09-09 22:42:05.753] [WiVRn] [info] render: ready wait attempts 54 success 38 total 136.503 ms | selected older than available 0
09-09 22:42:05.753 23427 30678 I WiVRn   : [2026-09-09 22:42:05.753] [WiVRn] [info] render: selected source transitions forward 159 backward 0 repeat 16, greatest forward gap 2
09-09 22:42:05.753 23427 30678 I WiVRn   : [2026-09-09 22:42:05.753] [WiVRn] [info] render: this app's own GPU pass 5.7 ms per iteration
09-09 22:42:05.753 23427 30678 I WiVRn   : [2026-09-09 22:42:05.753] [WiVRn] [info] render: defoveate 2160x2160 per eye x2 = 9.33 Mpx/frame at scale 1.00 atlas-prototype 0; 16 re-presented from the cache (reduce_gpu_load on)
09-09 22:42:05.753 23427 30678 I WiVRn   : [2026-09-09 22:42:05.753] [WiVRn] [info] render: shader path sharpness 0.00 fsr false alpha false motion false blend false glow 0.00 vignette 0.00 deband 0.00 lowpoly 0.00 levels 0 full-kernel false
09-09 22:42:05.753 23427 30678 I WiVRn   : [2026-09-09 22:42:05.753] [WiVRn] [info] render: per iteration fence 2.6 (worst 11.6) | queries 0.0 | submit 0.0 | whole render() 4.0 ms
09-09 22:42:05.753 23427 30678 I WiVRn   : [2026-09-09 22:42:05.753] [WiVRn] [info] render: jit on | wake slack 37.4 ms | slept 0.8 ms mean (max 11.7, 175 of 175 iterations) | budget 12.9 = pass 11.9 + margin 1.0 | sleep cap 0.6 ms
09-09 22:42:05.753 23427 30678 I WiVRn   : [2026-09-09 22:42:05.753] [WiVRn] [info] render: source display-time offset 61.7 ms mean (worst 81.1) over 175 frames | submit lead 32.5 ms mean (worst 24.4) | misses: 0 overrun 0 late 1 skipped refresh
09-09 22:42:06.151 23427 30672 I PxrMetric: FPS=90/90,MTP=30.08ms,AppSW=off,FrmEarly=10,FrmLate=13,FrmCpu=1.43ms,FrmGpu=8.38ms,FrmTime=10.90ms,ATWGPU=1.55ms,VsyncDelay=1,GPU=99%/587Mhz,GPUTemp=73.3C,LayerCnt=3,Pkg=org.meumeu.wivrn.nx.warp,FrmId=2294
09-09 22:42:06.253 23427 30716 I WiVRn   : [2026-09-09 22:42:06.253] [WiVRn] [info] Tracking pattern (11110µs):
09-09 22:42:06.253 23427 30716 I WiVRn   : [2026-09-09 22:42:06.253] [WiVRn] [info] 	t+4081µs HEAD (7028µs)
09-09 22:42:06.253 23427 30716 I WiVRn   : [2026-09-09 22:42:06.253] [WiVRn] [info] 	t+4166µs LEFT_GRIP (6943µs)
09-09 22:42:06.253 23427 30716 I WiVRn   : [2026-09-09 22:42:06.253] [WiVRn] [info] 	t+4175µs RIGHT_GRIP (6935µs)
09-09 22:42:06.253 23427 30716 I WiVRn   : [2026-09-09 22:42:06.253] [WiVRn] [info] 	t+7081µs HEAD (4028µs)
09-09 22:42:06.253 23427 30716 I WiVRn   : [2026-09-09 22:42:06.253] [WiVRn] [info] 	t+7166µs LEFT_GRIP (3943µs)
09-09 22:42:06.253 23427 30716 I WiVRn   : [2026-09-09 22:42:06.253] [WiVRn] [info] 	t+7175µs RIGHT_GRIP (3935µs)
09-09 22:42:06.993 23427 30709 I WiVRn   : [2026-09-09 22:42:06.993] [WiVRn] [info] nxwarp[0] net: 164 frames closed in 2.0 s, 0 with a hole, 0 out-of-order datagrams, 0 frames completed late, 0 queued for the worker, 1881 decoded so far, 2032 stragglers dropped; last hole 0/0 chunks, first missing -1, short false, chunk 1166 B
09-09 22:42:06.993 23427 30709 I WiVRn   : [2026-09-09 22:42:06.993] [WiVRn] [info] nxwarp[0] net: 0.029 ms per datagram over 28863 datagrams (419.62 ms of every second)
09-09 22:42:06.993 23427 30709 I WiVRn   : [2026-09-09 22:42:06.993] [WiVRn] [info] nxwarp[0] sel: stride 1, arrival 12.0 ms, dropped-late 77, withheld 0, decoded 1881
09-09 22:42:06.993 23427 30709 I WiVRn   : [2026-09-09 22:42:06.993] [WiVRn] [info] nxwarp[0] rx: 341802 datagrams, placed 3512069 (+145964), late 41042 (+9071), stale_frame 0, bad_range 0, bad_dir 0, bad_caps 0, bad_ver 0, auth_fail 0, replay 0, frozen 0, dup 136
09-09 22:42:07.156 23427 30672 I PxrMetric: FPS=87/90,MTP=29.82ms,AppSW=off,FrmEarly=12,FrmLate=13,FrmCpu=0.76ms,FrmGpu=9.87ms,FrmTime=12.91ms,ATWGPU=1.55ms,VsyncDelay=2,GPU=99%/587Mhz,GPUTemp=72.1C,LayerCnt=3,Pkg=org.meumeu.wivrn.nx.warp,FrmId=2383
09-09 22:42:07.253 23427 30716 I WiVRn   : [2026-09-09 22:42:07.253] [WiVRn] [info] Tracking pattern (11111µs):
09-09 22:42:07.253 23427 30716 I WiVRn   : [2026-09-09 22:42:07.253] [WiVRn] [info] 	t+3485µs HEAD (7625µs)
09-09 22:42:07.253 23427 30716 I WiVRn   : [2026-09-09 22:42:07.253] [WiVRn] [info] 	t+3662µs LEFT_GRIP (7448µs)
09-09 22:42:07.253 23427 30716 I WiVRn   : [2026-09-09 22:42:07.253] [WiVRn] [info] 	t+3782µs RIGHT_GRIP (7328µs)
09-09 22:42:07.253 23427 30716 I WiVRn   : [2026-09-09 22:42:07.253] [WiVRn] [info] 	t+6485µs HEAD (4625µs)
09-09 22:42:07.253 23427 30716 I WiVRn   : [2026-09-09 22:42:07.253] [WiVRn] [info] 	t+6662µs LEFT_GRIP (4448µs)
09-09 22:42:07.253 23427 30716 I WiVRn   : [2026-09-09 22:42:07.253] [WiVRn] [info] 	t+6782µs RIGHT_GRIP (4328µs)
09-09 22:42:07.253 23427 30716 I WiVRn   : [2026-09-09 22:42:07.253] [WiVRn] [info] 	t+9485µs HEAD (1625µs)
09-09 22:42:07.253 23427 30716 I WiVRn   : [2026-09-09 22:42:07.253] [WiVRn] [info] 	t+9662µs LEFT_GRIP (1448µs)
09-09 22:42:07.253 23427 30716 I WiVRn   : [2026-09-09 22:42:07.253] [WiVRn] [info] 	t+9782µs RIGHT_GRIP (1328µs)
09-09 22:42:07.738 23427 30714 I WiVRn   : [2026-09-09 22:42:07.738] [WiVRn] [info] nxwarp[0]: 164 frames in 2.0 s: 152026 B/frame, wait-prev 0.0 ms, wall 10.2 ms, nxvc passA 2.4 passB 3.1 gpu 5.5 ms; holes 0, refused 0
09-09 22:42:07.738 23427 30714 I WiVRn   : [2026-09-09 22:42:07.738] [WiVRn] [info] nxwarp[0] gpu duty 452 ms/s (45% of one GPU) for decode alone; the display pass is extra
09-09 22:42:07.738 23427 30714 I WiVRn   : [2026-09-09 22:42:07.738] [WiVRn] [info] nxwarp[0] passB 3.1 ms = warp 0.0 + skip 0.0 + coded 0.0 + dir 0.0 + other 3.1; tiles skip 0 / coded 2312 / dir 0 (eye pass 0)
09-09 22:42:07.738 23427 30714 I WiVRn   : [2026-09-09 22:42:07.738] [WiVRn] [info] nxwarp[0]: 77 frames dropped late (queue kept to 1)
09-09 22:42:07.738 23427 30714 I WiVRn   : [2026-09-09 22:42:07.738] [WiVRn] [info] nxwarp[0] stage: gap 2.0 | wait-prev 0.0 | submit 1.0 (qlock 0.0 + codec 1.0) | get_free 0.0 | fence-pre 0.0 | record 0.0 | qsubmit 0.0 | fence-post 9.1 | publish 0.0 ms; withheld 0, stride 1, arrival 11.8 ms
09-09 22:42:07.738 23427 30714 I WiVRn   : [2026-09-09 22:42:07.738] [WiVRn] [info] nxwarp[0] reassembly (network thread): 0.08 ms/frame over 163 frames, buffer 148 kB held for 148 kB of unit (1.0x)
09-09 22:42:07.738 23427 30714 I WiVRn   : [2026-09-09 22:42:07.738] [WiVRn] [info] nxwarp[0] fence-post 9.2 ms = nxvc gpu 5.5 + copy gpu 0.00 + queue 3.6 (over 164 frames with timestamps)
09-09 22:42:07.762 23427 30678 I WiVRn   : [2026-09-09 22:42:07.762] [WiVRn] [info] render: 179 iterations in 2.0 s (89.1/s), 179 submitted a layer, 163 new-source, 0 skipped by the repeat gate, 0 with nothing to show; display period 11.2 ms
09-09 22:42:07.762 23427 30678 I WiVRn   : [2026-09-09 22:42:07.762] [WiVRn] [info] render: ready wait attempts 45 success 29 total 122.630 ms | selected older than available 0
09-09 22:42:07.762 23427 30678 I WiVRn   : [2026-09-09 22:42:07.762] [WiVRn] [info] render: selected source transitions forward 163 backward 0 repeat 16, greatest forward gap 2
09-09 22:42:07.762 23427 30678 I WiVRn   : [2026-09-09 22:42:07.762] [WiVRn] [info] render: this app's own GPU pass 5.7 ms per iteration
09-09 22:42:07.762 23427 30678 I WiVRn   : [2026-09-09 22:42:07.762] [WiVRn] [info] render: defoveate 2160x2160 per eye x2 = 9.33 Mpx/frame at scale 1.00 atlas-prototype 0; 16 re-presented from the cache (reduce_gpu_load on)
09-09 22:42:07.762 23427 30678 I WiVRn   : [2026-09-09 22:42:07.762] [WiVRn] [info] render: shader path sharpness 0.00 fsr false alpha false motion false blend false glow 0.00 vignette 0.00 deband 0.00 lowpoly 0.00 levels 0 full-kernel false
09-09 22:42:07.762 23427 30678 I WiVRn   : [2026-09-09 22:42:07.762] [WiVRn] [info] render: per iteration fence 2.0 (worst 11.7) | queries 0.0 | submit 0.0 | whole render() 3.3 ms
09-09 22:42:07.762 23427 30678 I WiVRn   : [2026-09-09 22:42:07.762] [WiVRn] [info] render: jit on | wake slack 36.0 ms | slept 0.6 ms mean (max 0.6, 179 of 179 iterations) | budget 12.5 = pass 11.5 + margin 1.0 | sleep cap 0.6 ms
09-09 22:42:07.762 23427 30678 I WiVRn   : [2026-09-09 22:42:07.762] [WiVRn] [info] render: source display-time offset 63.0 ms mean (worst 81.6) over 179 frames | submit lead 32.1 ms mean (worst 24.1) | misses: 0 overrun 0 late 0 skipped refresh
09-09 22:42:08.160 23427 30672 I PxrMetric: FPS=89/90,MTP=36.68ms,AppSW=off,FrmEarly=15,FrmLate=18,FrmCpu=0.61ms,FrmGpu=9.67ms,FrmTime=13.12ms,ATWGPU=1.55ms,VsyncDelay=2,GPU=99%/587Mhz,GPUTemp=73.3C,LayerCnt=3,Pkg=org.meumeu.wivrn.nx.warp,FrmId=2472
09-09 22:42:08.253 23427 30716 I WiVRn   : [2026-09-09 22:42:08.253] [WiVRn] [info] Tracking pattern (11111µs):
09-09 22:42:08.253 23427 30716 I WiVRn   : [2026-09-09 22:42:08.253] [WiVRn] [info] 	t+3894µs HEAD (7216µs)
09-09 22:42:08.253 23427 30716 I WiVRn   : [2026-09-09 22:42:08.253] [WiVRn] [info] 	t+3935µs LEFT_GRIP (7175µs)
09-09 22:42:08.253 23427 30716 I WiVRn   : [2026-09-09 22:42:08.253] [WiVRn] [info] 	t+3942µs RIGHT_GRIP (7168µs)
09-09 22:42:08.253 23427 30716 I WiVRn   : [2026-09-09 22:42:08.253] [WiVRn] [info] 	t+6894µs HEAD (4216µs)
09-09 22:42:08.253 23427 30716 I WiVRn   : [2026-09-09 22:42:08.253] [WiVRn] [info] 	t+6935µs LEFT_GRIP (4175µs)
09-09 22:42:08.253 23427 30716 I WiVRn   : [2026-09-09 22:42:08.253] [WiVRn] [info] 	t+6942µs RIGHT_GRIP (4168µs)
09-09 22:42:09.004 23427 30709 I WiVRn   : [2026-09-09 22:42:09.004] [WiVRn] [info] nxwarp[0] net: 165 frames closed in 2.0 s, 0 with a hole, 0 out-of-order datagrams, 0 frames completed late, 0 queued for the worker, 2046 decoded so far, 2209 stragglers dropped; last hole 0/0 chunks, first missing -1, short false, chunk 1166 B
09-09 22:42:09.004 23427 30709 I WiVRn   : [2026-09-09 22:42:09.004] [WiVRn] [info] nxwarp[0] net: 0.027 ms per datagram over 31867 datagrams (420.16 ms of every second)
09-09 22:42:09.004 23427 30709 I WiVRn   : [2026-09-09 22:42:09.004] [WiVRn] [info] nxwarp[0] sel: stride 1, arrival 11.2 ms, dropped-late 77, withheld 0, decoded 2046
09-09 22:42:09.005 23427 30709 I WiVRn   : [2026-09-09 22:42:09.005] [WiVRn] [info] nxwarp[0] rx: 373669 datagrams, placed 3834584 (+322515), late 44362 (+3320), stale_frame 0, bad_range 0, bad_dir 0, bad_caps 0, bad_ver 0, auth_fail 0, replay 0, frozen 0, dup 144
09-09 22:42:09.168 23427 30672 I PxrMetric: FPS=89/90,MTP=42.41ms,AppSW=off,FrmEarly=10,FrmLate=14,FrmCpu=0.67ms,FrmGpu=9.96ms,FrmTime=16.59ms,ATWGPU=1.55ms,VsyncDelay=2,GPU=99%/587Mhz,GPUTemp=72.9C,LayerCnt=3,Pkg=org.meumeu.wivrn.nx.warp,FrmId=2560
09-09 22:42:09.253 23427 30716 I WiVRn   : [2026-09-09 22:42:09.253] [WiVRn] [info] Tracking pattern (11110µs):
09-09 22:42:09.253 23427 30716 I WiVRn   : [2026-09-09 22:42:09.253] [WiVRn] [info] 	t+3978µs HEAD (7132µs)
09-09 22:42:09.253 23427 30716 I WiVRn   : [2026-09-09 22:42:09.253] [WiVRn] [info] 	t+4043µs LEFT_GRIP (7067µs)
09-09 22:42:09.253 23427 30716 I WiVRn   : [2026-09-09 22:42:09.253] [WiVRn] [info] 	t+4050µs RIGHT_GRIP (7059µs)
09-09 22:42:09.253 23427 30716 I WiVRn   : [2026-09-09 22:42:09.253] [WiVRn] [info] 	t+6978µs HEAD (4132µs)
09-09 22:42:09.253 23427 30716 I WiVRn   : [2026-09-09 22:42:09.253] [WiVRn] [info] 	t+7043µs LEFT_GRIP (4067µs)
09-09 22:42:09.253 23427 30716 I WiVRn   : [2026-09-09 22:42:09.253] [WiVRn] [info] 	t+7050µs RIGHT_GRIP (4059µs)
09-09 22:42:09.739 23427 30714 I WiVRn   : [2026-09-09 22:42:09.739] [WiVRn] [info] nxwarp[0]: 164 frames in 2.0 s: 145631 B/frame, wait-prev 0.0 ms, wall 10.2 ms, nxvc passA 2.3 passB 3.0 gpu 5.3 ms; holes 0, refused 0
09-09 22:42:09.739 23427 30714 I WiVRn   : [2026-09-09 22:42:09.739] [WiVRn] [info] nxwarp[0] gpu duty 438 ms/s (44% of one GPU) for decode alone; the display pass is extra
09-09 22:42:09.739 23427 30714 I WiVRn   : [2026-09-09 22:42:09.739] [WiVRn] [info] nxwarp[0] passB 3.0 ms = warp 0.0 + skip 0.0 + coded 0.0 + dir 0.0 + other 3.0; tiles skip 0 / coded 2312 / dir 0 (eye pass 0)
09-09 22:42:09.739 23427 30714 I WiVRn   : [2026-09-09 22:42:09.739] [WiVRn] [info] nxwarp[0]: 77 frames dropped late (queue kept to 1)
09-09 22:42:09.739 23427 30714 I WiVRn   : [2026-09-09 22:42:09.739] [WiVRn] [info] nxwarp[0] stage: gap 2.0 | wait-prev 0.0 | submit 1.0 (qlock 0.0 + codec 1.0) | get_free 0.0 | fence-pre 0.0 | record 0.0 | qsubmit 0.0 | fence-post 9.1 | publish 0.0 ms; withheld 0, stride 1, arrival 11.5 ms
09-09 22:42:09.739 23427 30714 I WiVRn   : [2026-09-09 22:42:09.739] [WiVRn] [info] nxwarp[0] reassembly (network thread): 0.09 ms/frame over 165 frames, buffer 142 kB held for 142 kB of unit (1.0x)
09-09 22:42:09.739 23427 30714 I WiVRn   : [2026-09-09 22:42:09.739] [WiVRn] [info] nxwarp[0] fence-post 9.1 ms = nxvc gpu 5.3 + copy gpu 0.00 + queue 3.8 (over 164 frames with timestamps)
09-09 22:42:09.770 23427 30678 I WiVRn   : [2026-09-09 22:42:09.770] [WiVRn] [info] render: 175 iterations in 2.0 s (87.4/s), 175 submitted a layer, 164 new-source, 0 skipped by the repeat gate, 0 with nothing to show; display period 11.5 ms
09-09 22:42:09.770 23427 30678 I WiVRn   : [2026-09-09 22:42:09.770] [WiVRn] [info] render: ready wait attempts 32 success 21 total 96.691 ms | selected older than available 0
09-09 22:42:09.770 23427 30678 I WiVRn   : [2026-09-09 22:42:09.770] [WiVRn] [info] render: selected source transitions forward 164 backward 0 repeat 11, greatest forward gap 2
09-09 22:42:09.770 23427 30678 I WiVRn   : [2026-09-09 22:42:09.770] [WiVRn] [info] render: this app's own GPU pass 5.9 ms per iteration
09-09 22:42:09.770 23427 30678 I WiVRn   : [2026-09-09 22:42:09.770] [WiVRn] [info] render: defoveate 2160x2160 per eye x2 = 9.33 Mpx/frame at scale 1.00 atlas-prototype 0; 11 re-presented from the cache (reduce_gpu_load on)
09-09 22:42:09.770 23427 30678 I WiVRn   : [2026-09-09 22:42:09.770] [WiVRn] [info] render: shader path sharpness 0.00 fsr false alpha false motion false blend false glow 0.00 vignette 0.00 deband 0.00 lowpoly 0.00 levels 0 full-kernel false
09-09 22:42:09.770 23427 30678 I WiVRn   : [2026-09-09 22:42:09.770] [WiVRn] [info] render: per iteration fence 2.9 (worst 11.6) | queries 0.0 | submit 0.0 | whole render() 4.0 ms
09-09 22:42:09.770 23427 30678 I WiVRn   : [2026-09-09 22:42:09.770] [WiVRn] [info] render: jit on | wake slack 37.1 ms | slept 0.8 ms mean (max 11.7, 175 of 175 iterations) | budget 13.3 = pass 12.3 + margin 1.0 | sleep cap 0.6 ms
09-09 22:42:09.770 23427 30678 I WiVRn   : [2026-09-09 22:42:09.770] [WiVRn] [info] render: source display-time offset 62.4 ms mean (worst 81.6) over 175 frames | submit lead 32.2 ms mean (worst 20.6) | misses: 0 overrun 0 late 1 skipped refresh
09-09 22:42:10.165 23427 30672 I PxrMetric: FPS=88/90,MTP=31.33ms,AppSW=off,FrmEarly=16,FrmLate=9,FrmCpu=0.75ms,FrmGpu=10.30ms,FrmTime=13.12ms,ATWGPU=1.55ms,VsyncDelay=2,GPU=99%/587Mhz,GPUTemp=72.9C,LayerCnt=3,Pkg=org.meumeu.wivrn.nx.warp,FrmId=2647
09-09 22:42:10.253 23427 30716 I WiVRn   : [2026-09-09 22:42:10.253] [WiVRn] [info] Tracking pattern (11111µs):
09-09 22:42:10.253 23427 30716 I WiVRn   : [2026-09-09 22:42:10.253] [WiVRn] [info] 	t+3980µs HEAD (7131µs)
09-09 22:42:10.253 23427 30716 I WiVRn   : [2026-09-09 22:42:10.253] [WiVRn] [info] 	t+4041µs LEFT_GRIP (7069µs)
09-09 22:42:10.253 23427 30716 I WiVRn   : [2026-09-09 22:42:10.253] [WiVRn] [info] 	t+4049µs RIGHT_GRIP (7062µs)
09-09 22:42:10.253 23427 30716 I WiVRn   : [2026-09-09 22:42:10.253] [WiVRn] [info] 	t+6980µs HEAD (4131µs)
09-09 22:42:10.253 23427 30716 I WiVRn   : [2026-09-09 22:42:10.253] [WiVRn] [info] 	t+7041µs LEFT_GRIP (4069µs)
09-09 22:42:10.253 23427 30716 I WiVRn   : [2026-09-09 22:42:10.253] [WiVRn] [info] 	t+7049µs RIGHT_GRIP (4062µs)
09-09 22:42:11.005 23427 30709 I WiVRn   : [2026-09-09 22:42:11.005] [WiVRn] [info] nxwarp[0] net: 161 frames closed in 2.0 s, 0 with a hole, 0 out-of-order datagrams, 0 frames completed late, 0 queued for the worker, 2208 decoded so far, 2370 stragglers dropped; last hole 0/0 chunks, first missing -1, short false, chunk 1166 B
09-09 22:42:11.005 23427 30709 I WiVRn   : [2026-09-09 22:42:11.005] [WiVRn] [info] nxwarp[0] net: 0.027 ms per datagram over 30131 datagrams (413.81 ms of every second)
09-09 22:42:11.005 23427 30709 I WiVRn   : [2026-09-09 22:42:11.005] [WiVRn] [info] nxwarp[0] sel: stride 1, arrival 12.5 ms, dropped-late 77, withheld 0, decoded 2208
09-09 22:42:11.005 23427 30709 I WiVRn   : [2026-09-09 22:42:11.005] [WiVRn] [info] nxwarp[0] rx: 403800 datagrams, placed 4147738 (+313154), late 46881 (+2519), stale_frame 0, bad_range 0, bad_dir 0, bad_caps 0, bad_ver 0, auth_fail 0, replay 0, frozen 0, dup 156
09-09 22:42:11.171 23427 30672 I PxrMetric: FPS=87/90,MTP=33.32ms,AppSW=off,FrmEarly=8,FrmLate=7,FrmCpu=1.48ms,FrmGpu=7.75ms,FrmTime=10.09ms,ATWGPU=1.55ms,VsyncDelay=1,GPU=95%/587Mhz,GPUTemp=72.5C,LayerCnt=3,Pkg=org.meumeu.wivrn.nx.warp,FrmId=2737
09-09 22:42:11.253 23427 30716 I WiVRn   : [2026-09-09 22:42:11.253] [WiVRn] [info] Tracking pattern (11107µs):
09-09 22:42:11.253 23427 30716 I WiVRn   : [2026-09-09 22:42:11.253] [WiVRn] [info] 	t+4043µs HEAD (7063µs)
09-09 22:42:11.253 23427 30716 I WiVRn   : [2026-09-09 22:42:11.253] [WiVRn] [info] 	t+4104µs LEFT_GRIP (7003µs)
09-09 22:42:11.253 23427 30716 I WiVRn   : [2026-09-09 22:42:11.253] [WiVRn] [info] 	t+4112µs RIGHT_GRIP (6995µs)
09-09 22:42:11.253 23427 30716 I WiVRn   : [2026-09-09 22:42:11.253] [WiVRn] [info] 	t+7043µs HEAD (4063µs)
09-09 22:42:11.253 23427 30716 I WiVRn   : [2026-09-09 22:42:11.253] [WiVRn] [info] 	t+7104µs LEFT_GRIP (4003µs)
09-09 22:42:11.253 23427 30716 I WiVRn   : [2026-09-09 22:42:11.253] [WiVRn] [info] 	t+7112µs RIGHT_GRIP (3995µs)
09-09 22:42:11.750 23427 30714 I WiVRn   : [2026-09-09 22:42:11.750] [WiVRn] [info] nxwarp[0]: 163 frames in 2.0 s: 144461 B/frame, wait-prev 0.0 ms, wall 9.9 ms, nxvc passA 2.1 passB 3.1 gpu 5.2 ms; holes 0, refused 0
09-09 22:42:11.750 23427 30714 I WiVRn   : [2026-09-09 22:42:11.750] [WiVRn] [info] nxwarp[0] gpu duty 421 ms/s (42% of one GPU) for decode alone; the display pass is extra
09-09 22:42:11.750 23427 30714 I WiVRn   : [2026-09-09 22:42:11.750] [WiVRn] [info] nxwarp[0] passB 3.1 ms = warp 0.0 + skip 0.0 + coded 0.0 + dir 0.0 + other 3.1; tiles skip 0 / coded 2312 / dir 0 (eye pass 0)
09-09 22:42:11.750 23427 30714 I WiVRn   : [2026-09-09 22:42:11.750] [WiVRn] [info] nxwarp[0]: 77 frames dropped late (queue kept to 1)
09-09 22:42:11.750 23427 30714 I WiVRn   : [2026-09-09 22:42:11.750] [WiVRn] [info] nxwarp[0] stage: gap 2.4 | wait-prev 0.0 | submit 1.0 (qlock 0.0 + codec 1.0) | get_free 0.0 | fence-pre 0.0 | record 0.0 | qsubmit 0.0 | fence-post 8.8 | publish 0.0 ms; withheld 0, stride 1, arrival 11.5 ms
09-09 22:42:11.750 23427 30714 I WiVRn   : [2026-09-09 22:42:11.750] [WiVRn] [info] nxwarp[0] reassembly (network thread): 0.08 ms/frame over 163 frames, buffer 141 kB held for 141 kB of unit (1.0x)
09-09 22:42:11.750 23427 30714 I WiVRn   : [2026-09-09 22:42:11.750] [WiVRn] [info] nxwarp[0] fence-post 8.9 ms = nxvc gpu 5.2 + copy gpu 0.00 + queue 3.6 (over 163 frames with timestamps)
09-09 22:42:11.781 23427 30678 I WiVRn   : [2026-09-09 22:42:11.781] [WiVRn] [info] render: 176 iterations in 2.0 s (87.6/s), 176 submitted a layer, 163 new-source, 0 skipped by the repeat gate, 0 with nothing to show; display period 11.4 ms
09-09 22:42:11.781 23427 30678 I WiVRn   : [2026-09-09 22:42:11.781] [WiVRn] [info] render: ready wait attempts 44 success 31 total 121.905 ms | selected older than available 0
09-09 22:42:11.781 23427 30678 I WiVRn   : [2026-09-09 22:42:11.781] [WiVRn] [info] render: selected source transitions forward 163 backward 0 repeat 13, greatest forward gap 1
09-09 22:42:11.781 23427 30678 I WiVRn   : [2026-09-09 22:42:11.781] [WiVRn] [info] render: this app's own GPU pass 5.9 ms per iteration
09-09 22:42:11.781 23427 30678 I WiVRn   : [2026-09-09 22:42:11.781] [WiVRn] [info] render: defoveate 2160x2160 per eye x2 = 9.33 Mpx/frame at scale 1.00 atlas-prototype 0; 13 re-presented from the cache (reduce_gpu_load on)
09-09 22:42:11.781 23427 30678 I WiVRn   : [2026-09-09 22:42:11.781] [WiVRn] [info] render: shader path sharpness 0.00 fsr false alpha false motion false blend false glow 0.00 vignette 0.00 deband 0.00 lowpoly 0.00 levels 0 full-kernel false
09-09 22:42:11.781 23427 30678 I WiVRn   : [2026-09-09 22:42:11.781] [WiVRn] [info] render: per iteration fence 2.7 (worst 11.7) | queries 0.0 | submit 0.0 | whole render() 4.0 ms
09-09 22:42:11.781 23427 30678 I WiVRn   : [2026-09-09 22:42:11.781] [WiVRn] [info] render: jit on | wake slack 37.2 ms | slept 0.8 ms mean (max 11.7, 176 of 176 iterations) | budget 13.3 = pass 12.3 + margin 1.0 | sleep cap 0.6 ms
09-09 22:42:11.781 23427 30678 I WiVRn   : [2026-09-09 22:42:11.781] [WiVRn] [info] render: source display-time offset 61.9 ms mean (worst 81.5) over 176 frames | submit lead 32.4 ms mean (worst 18.9) | misses: 0 overrun 0 late 1 skipped refresh
09-09 22:42:12.180 23427 30672 I PxrMetric: FPS=89/90,MTP=34.20ms,AppSW=off,FrmEarly=11,FrmLate=14,FrmCpu=1.17ms,FrmGpu=7.29ms,FrmTime=10.64ms,ATWGPU=1.55ms,VsyncDelay=1,GPU=99%/587Mhz,GPUTemp=74.4C,LayerCnt=3,Pkg=org.meumeu.wivrn.nx.warp,FrmId=2824
09-09 22:42:12.253 23427 30716 I WiVRn   : [2026-09-09 22:42:12.253] [WiVRn] [info] Tracking pattern (11109µs):
09-09 22:42:12.253 23427 30716 I WiVRn   : [2026-09-09 22:42:12.253] [WiVRn] [info] 	t+2815µs HEAD (8294µs)
09-09 22:42:12.253 23427 30716 I WiVRn   : [2026-09-09 22:42:12.253] [WiVRn] [info] 	t+2877µs LEFT_GRIP (8232µs)
09-09 22:42:12.253 23427 30716 I WiVRn   : [2026-09-09 22:42:12.253] [WiVRn] [info] 	t+2886µs RIGHT_GRIP (8223µs)
09-09 22:42:12.253 23427 30716 I WiVRn   : [2026-09-09 22:42:12.253] [WiVRn] [info] 	t+5815µs HEAD (5294µs)
09-09 22:42:12.253 23427 30716 I WiVRn   : [2026-09-09 22:42:12.253] [WiVRn] [info] 	t+5877µs LEFT_GRIP (5232µs)
09-09 22:42:12.253 23427 30716 I WiVRn   : [2026-09-09 22:42:12.253] [WiVRn] [info] 	t+5886µs RIGHT_GRIP (5223µs)
09-09 22:42:13.006 23427 30709 I WiVRn   : [2026-09-09 22:42:13.006] [WiVRn] [info] nxwarp[0] net: 162 frames closed in 2.0 s, 0 with a hole, 0 out-of-order datagrams, 0 frames completed late, 0 queued for the worker, 2369 decoded so far, 2532 stragglers dropped; last hole 0/0 chunks, first missing -1, short false, chunk 1166 B
09-09 22:42:13.006 23427 30709 I WiVRn   : [2026-09-09 22:42:13.006] [WiVRn] [info] nxwarp[0] net: 0.028 ms per datagram over 28783 datagrams (403.09 ms of every second)
09-09 22:42:13.006 23427 30709 I WiVRn   : [2026-09-09 22:42:13.006] [WiVRn] [info] nxwarp[0] sel: stride 1, arrival 12.3 ms, dropped-late 77, withheld 0, decoded 2369
09-09 22:42:13.006 23427 30709 I WiVRn   : [2026-09-09 22:42:13.006] [WiVRn] [info] nxwarp[0] rx: 432583 datagrams, placed 4386625 (+238887), late 52408 (+5527), stale_frame 0, bad_range 0, bad_dir 0, bad_caps 0, bad_ver 0, auth_fail 0, replay 0, frozen 0, dup 176
09-09 22:42:13.185 23427 30672 I PxrMetric: FPS=86/90,MTP=32.37ms,AppSW=off,FrmEarly=9,FrmLate=12,FrmCpu=1.10ms,FrmGpu=7.54ms,FrmTime=9.48ms,ATWGPU=1.55ms,VsyncDelay=1,GPU=99%/587Mhz,GPUTemp=74.0C,LayerCnt=3,Pkg=org.meumeu.wivrn.nx.warp,FrmId=2912
09-09 22:42:13.253 23427 30716 I WiVRn   : [2026-09-09 22:42:13.253] [WiVRn] [info] Tracking pattern (11107µs):
09-09 22:42:13.253 23427 30716 I WiVRn   : [2026-09-09 22:42:13.253] [WiVRn] [info] 	t+3117µs HEAD (7989µs)
09-09 22:42:13.253 23427 30716 I WiVRn   : [2026-09-09 22:42:13.253] [WiVRn] [info] 	t+3156µs LEFT_GRIP (7950µs)
09-09 22:42:13.253 23427 30716 I WiVRn   : [2026-09-09 22:42:13.253] [WiVRn] [info] 	t+3159µs RIGHT_GRIP (7947µs)
09-09 22:42:13.253 23427 30716 I WiVRn   : [2026-09-09 22:42:13.253] [WiVRn] [info] 	t+6117µs HEAD (4989µs)
09-09 22:42:13.253 23427 30716 I WiVRn   : [2026-09-09 22:42:13.253] [WiVRn] [info] 	t+6156µs LEFT_GRIP (4950µs)
09-09 22:42:13.253 23427 30716 I WiVRn   : [2026-09-09 22:42:13.253] [WiVRn] [info] 	t+6159µs RIGHT_GRIP (4947µs)
09-09 22:42:13.763 23427 30714 I WiVRn   : [2026-09-09 22:42:13.763] [WiVRn] [info] nxwarp[0]: 161 frames in 2.0 s: 144525 B/frame, wait-prev 0.0 ms, wall 9.7 ms, nxvc passA 2.3 passB 3.1 gpu 5.4 ms; holes 0, refused 0
09-09 22:42:13.763 23427 30714 I WiVRn   : [2026-09-09 22:42:13.763] [WiVRn] [info] nxwarp[0] gpu duty 428 ms/s (43% of one GPU) for decode alone; the display pass is extra
09-09 22:42:13.763 23427 30714 I WiVRn   : [2026-09-09 22:42:13.763] [WiVRn] [info] nxwarp[0] passB 3.1 ms = warp 0.0 + skip 0.0 + coded 0.0 + dir 0.0 + other 3.1; tiles skip 0 / coded 2312 / dir 0 (eye pass 0)
09-09 22:42:13.763 23427 30714 I WiVRn   : [2026-09-09 22:42:13.763] [WiVRn] [info] nxwarp[0]: 77 frames dropped late (queue kept to 1)
09-09 22:42:13.763 23427 30714 I WiVRn   : [2026-09-09 22:42:13.763] [WiVRn] [info] nxwarp[0] stage: gap 2.8 | wait-prev 0.0 | submit 1.0 (qlock 0.0 + codec 1.0) | get_free 0.0 | fence-pre 0.0 | record 0.0 | qsubmit 0.0 | fence-post 8.7 | publish 0.0 ms; withheld 0, stride 1, arrival 12.4 ms
09-09 22:42:13.763 23427 30714 I WiVRn   : [2026-09-09 22:42:13.763] [WiVRn] [info] nxwarp[0] reassembly (network thread): 0.09 ms/frame over 161 frames, buffer 141 kB held for 141 kB of unit (1.0x)
09-09 22:42:13.763 23427 30714 I WiVRn   : [2026-09-09 22:42:13.763] [WiVRn] [info] nxwarp[0] fence-post 8.7 ms = nxvc gpu 5.4 + copy gpu 0.00 + queue 3.3 (over 161 frames with timestamps)
09-09 22:42:13.787 23427 30678 I WiVRn   : [2026-09-09 22:42:13.787] [WiVRn] [info] render: 177 iterations in 2.0 s (88.0/s), 177 submitted a layer, 159 new-source, 0 skipped by the repeat gate, 0 with nothing to show; display period 11.3 ms
09-09 22:42:13.787 23427 30678 I WiVRn   : [2026-09-09 22:42:13.787] [WiVRn] [info] render: ready wait attempts 54 success 36 total 127.338 ms | selected older than available 0
09-09 22:42:13.787 23427 30678 I WiVRn   : [2026-09-09 22:42:13.787] [WiVRn] [info] render: selected source transitions forward 159 backward 0 repeat 18, greatest forward gap 2
09-09 22:42:13.787 23427 30678 I WiVRn   : [2026-09-09 22:42:13.787] [WiVRn] [info] render: this app's own GPU pass 5.6 ms per iteration
09-09 22:42:13.787 23427 30678 I WiVRn   : [2026-09-09 22:42:13.787] [WiVRn] [info] render: defoveate 2160x2160 per eye x2 = 9.33 Mpx/frame at scale 1.00 atlas-prototype 0; 18 re-presented from the cache (reduce_gpu_load on)
09-09 22:42:13.787 23427 30678 I WiVRn   : [2026-09-09 22:42:13.787] [WiVRn] [info] render: shader path sharpness 0.00 fsr false alpha false motion false blend false glow 0.00 vignette 0.00 deband 0.00 lowpoly 0.00 levels 0 full-kernel false
09-09 22:42:13.787 23427 30678 I WiVRn   : [2026-09-09 22:42:13.787] [WiVRn] [info] render: per iteration fence 2.1 (worst 11.4) | queries 0.0 | submit 0.0 | whole render() 3.4 ms
09-09 22:42:13.787 23427 30678 I WiVRn   : [2026-09-09 22:42:13.787] [WiVRn] [info] render: jit on | wake slack 36.4 ms | slept 0.6 ms mean (max 0.6, 177 of 177 iterations) | budget 12.4 = pass 11.4 + margin 1.0 | sleep cap 0.6 ms
09-09 22:42:13.787 23427 30678 I WiVRn   : [2026-09-09 22:42:13.787] [WiVRn] [info] render: source display-time offset 61.1 ms mean (worst 81.3) over 177 frames | submit lead 32.4 ms mean (worst 24.5) | misses: 0 overrun 0 late 0 skipped refresh
09-09 22:42:14.189 23427 30672 I PxrMetric: FPS=88/90,MTP=29.85ms,AppSW=off,FrmEarly=10,FrmLate=8,FrmCpu=0.83ms,FrmGpu=9.56ms,FrmTime=12.41ms,ATWGPU=1.54ms,VsyncDelay=1,GPU=99%/587Mhz,GPUTemp=73.3C,LayerCnt=3,Pkg=org.meumeu.wivrn.nx.warp,FrmId=3001
09-09 22:42:14.253 23427 30716 I WiVRn   : [2026-09-09 22:42:14.253] [WiVRn] [info] Tracking pattern (11113µs):
09-09 22:42:14.253 23427 30716 I WiVRn   : [2026-09-09 22:42:14.253] [WiVRn] [info] 	t+2514µs HEAD (8599µs)
09-09 22:42:14.253 23427 30716 I WiVRn   : [2026-09-09 22:42:14.253] [WiVRn] [info] 	t+2583µs LEFT_GRIP (8529µs)
09-09 22:42:14.253 23427 30716 I WiVRn   : [2026-09-09 22:42:14.253] [WiVRn] [info] 	t+2589µs RIGHT_GRIP (8523µs)
09-09 22:42:14.253 23427 30716 I WiVRn   : [2026-09-09 22:42:14.253] [WiVRn] [info] 	t+5514µs HEAD (5599µs)
09-09 22:42:14.253 23427 30716 I WiVRn   : [2026-09-09 22:42:14.253] [WiVRn] [info] 	t+5583µs LEFT_GRIP (5529µs)
09-09 22:42:14.253 23427 30716 I WiVRn   : [2026-09-09 22:42:14.253] [WiVRn] [info] 	t+5589µs RIGHT_GRIP (5523µs)
09-09 22:42:15.013 23427 30709 I WiVRn   : [2026-09-09 22:42:15.013] [WiVRn] [info] nxwarp[0] net: 166 frames closed in 2.0 s, 0 with a hole, 0 out-of-order datagrams, 0 frames completed late, 0 queued for the worker, 2535 decoded so far, 2698 stragglers dropped; last hole 0/0 chunks, first missing -1, short false, chunk 1166 B
09-09 22:42:15.013 23427 30709 I WiVRn   : [2026-09-09 22:42:15.013] [WiVRn] [info] nxwarp[0] net: 0.026 ms per datagram over 30906 datagrams (407.78 ms of every second)
09-09 22:42:15.013 23427 30709 I WiVRn   : [2026-09-09 22:42:15.013] [WiVRn] [info] nxwarp[0] sel: stride 1, arrival 11.0 ms, dropped-late 77, withheld 0, decoded 2535
09-09 22:42:15.013 23427 30709 I WiVRn   : [2026-09-09 22:42:15.013] [WiVRn] [info] nxwarp[0] rx: 463489 datagrams, placed 4770417 (+383792), late 53686 (+1278), stale_frame 0, bad_range 0, bad_dir 0, bad_caps 0, bad_ver 0, auth_fail 0, replay 0, frozen 0, dup 176
09-09 22:42:15.190 23427 30672 I PxrMetric: FPS=89/90,MTP=29.48ms,AppSW=off,FrmEarly=11,FrmLate=9,FrmCpu=0.50ms,FrmGpu=10.63ms,FrmTime=16.62ms,ATWGPU=1.55ms,VsyncDelay=2,GPU=99%/587Mhz,GPUTemp=73.6C,LayerCnt=3,Pkg=org.meumeu.wivrn.nx.warp,FrmId=3089
09-09 22:42:15.253 23427 30716 I WiVRn   : [2026-09-09 22:42:15.253] [WiVRn] [info] Tracking pattern (11111µs):
09-09 22:42:15.253 23427 30716 I WiVRn   : [2026-09-09 22:42:15.253] [WiVRn] [info] 	t+2561µs HEAD (8550µs)
09-09 22:42:15.253 23427 30716 I WiVRn   : [2026-09-09 22:42:15.253] [WiVRn] [info] 	t+2646µs LEFT_GRIP (8464µs)
09-09 22:42:15.253 23427 30716 I WiVRn   : [2026-09-09 22:42:15.253] [WiVRn] [info] 	t+2655µs RIGHT_GRIP (8455µs)
09-09 22:42:15.253 23427 30716 I WiVRn   : [2026-09-09 22:42:15.253] [WiVRn] [info] 	t+5561µs HEAD (5550µs)
09-09 22:42:15.253 23427 30716 I WiVRn   : [2026-09-09 22:42:15.253] [WiVRn] [info] 	t+5646µs LEFT_GRIP (5464µs)
09-09 22:42:15.253 23427 30716 I WiVRn   : [2026-09-09 22:42:15.253] [WiVRn] [info] 	t+5655µs RIGHT_GRIP (5455µs)
09-09 22:42:15.765 23427 30714 I WiVRn   : [2026-09-09 22:42:15.765] [WiVRn] [info] nxwarp[0]: 166 frames in 2.0 s: 134238 B/frame, wait-prev 0.0 ms, wall 9.4 ms, nxvc passA 2.1 passB 2.9 gpu 4.9 ms; holes 0, refused 0
09-09 22:42:15.765 23427 30714 I WiVRn   : [2026-09-09 22:42:15.765] [WiVRn] [info] nxwarp[0] gpu duty 410 ms/s (41% of one GPU) for decode alone; the display pass is extra
09-09 22:42:15.765 23427 30714 I WiVRn   : [2026-09-09 22:42:15.765] [WiVRn] [info] nxwarp[0] passB 2.9 ms = warp 0.0 + skip 0.0 + coded 0.0 + dir 0.0 + other 2.9; tiles skip 0 / coded 2312 / dir 0 (eye pass 0)
09-09 22:42:15.765 23427 30714 I WiVRn   : [2026-09-09 22:42:15.765] [WiVRn] [info] nxwarp[0]: 77 frames dropped late (queue kept to 1)
09-09 22:42:15.765 23427 30714 I WiVRn   : [2026-09-09 22:42:15.765] [WiVRn] [info] nxwarp[0] stage: gap 2.6 | wait-prev 0.0 | submit 1.0 (qlock 0.0 + codec 1.0) | get_free 0.0 | fence-pre 0.0 | record 0.0 | qsubmit 0.0 | fence-post 8.3 | publish 0.0 ms; withheld 0, stride 1, arrival 11.4 ms
09-09 22:42:15.765 23427 30714 I WiVRn   : [2026-09-09 22:42:15.765] [WiVRn] [info] nxwarp[0] reassembly (network thread): 0.09 ms/frame over 165 frames, buffer 131 kB held for 131 kB of unit (1.0x)
09-09 22:42:15.765 23427 30714 I WiVRn   : [2026-09-09 22:42:15.765] [WiVRn] [info] nxwarp[0] fence-post 8.4 ms = nxvc gpu 4.9 + copy gpu 0.00 + queue 3.4 (over 166 frames with timestamps)
09-09 22:42:15.789 23427 30678 I WiVRn   : [2026-09-09 22:42:15.789] [WiVRn] [info] render: 178 iterations in 2.0 s (88.9/s), 178 submitted a layer, 159 new-source, 0 skipped by the repeat gate, 0 with nothing to show; display period 11.2 ms
09-09 22:42:15.789 23427 30678 I WiVRn   : [2026-09-09 22:42:15.789] [WiVRn] [info] render: ready wait attempts 79 success 60 total 188.426 ms | selected older than available 0
09-09 22:42:15.789 23427 30678 I WiVRn   : [2026-09-09 22:42:15.789] [WiVRn] [info] render: selected source transitions forward 159 backward 0 repeat 19, greatest forward gap 2
09-09 22:42:15.789 23427 30678 I WiVRn   : [2026-09-09 22:42:15.789] [WiVRn] [info] render: this app's own GPU pass 5.6 ms per iteration
09-09 22:42:15.789 23427 30678 I WiVRn   : [2026-09-09 22:42:15.789] [WiVRn] [info] render: defoveate 2160x2160 per eye x2 = 9.33 Mpx/frame at scale 1.00 atlas-prototype 0; 19 re-presented from the cache (reduce_gpu_load on)
09-09 22:42:15.789 23427 30678 I WiVRn   : [2026-09-09 22:42:15.789] [WiVRn] [info] render: shader path sharpness 0.00 fsr false alpha false motion false blend false glow 0.00 vignette 0.00 deband 0.00 lowpoly 0.00 levels 0 full-kernel false
09-09 22:42:15.789 23427 30678 I WiVRn   : [2026-09-09 22:42:15.789] [WiVRn] [info] render: per iteration fence 1.2 (worst 11.2) | queries 0.0 | submit 0.0 | whole render() 2.9 ms
09-09 22:42:15.789 23427 30678 I WiVRn   : [2026-09-09 22:42:15.789] [WiVRn] [info] render: jit on | wake slack 35.2 ms | slept 0.8 ms mean (max 11.7, 178 of 178 iterations) | budget 12.3 = pass 11.3 + margin 1.0 | sleep cap 0.6 ms
09-09 22:42:15.789 23427 30678 I WiVRn   : [2026-09-09 22:42:15.789] [WiVRn] [info] render: source display-time offset 57.4 ms mean (worst 70.1) over 178 frames | submit lead 31.4 ms mean (worst 25.0) | misses: 0 overrun 0 late 1 skipped refresh
09-09 22:42:16.195 23427 30672 I PxrMetric: FPS=88/90,MTP=31.64ms,AppSW=off,FrmEarly=6,FrmLate=2,FrmCpu=1.26ms,FrmGpu=7.24ms,FrmTime=9.14ms,ATWGPU=1.57ms,VsyncDelay=1,GPU=99%/587Mhz,GPUTemp=73.3C,LayerCnt=3,Pkg=org.meumeu.wivrn.nx.warp,FrmId=3180
09-09 22:42:16.253 23427 30716 I WiVRn   : [2026-09-09 22:42:16.253] [WiVRn] [info] Tracking pattern (11112µs):
09-09 22:42:16.253 23427 30716 I WiVRn   : [2026-09-09 22:42:16.253] [WiVRn] [info] 	t+2414µs HEAD (8697µs)
09-09 22:42:16.253 23427 30716 I WiVRn   : [2026-09-09 22:42:16.253] [WiVRn] [info] 	t+2454µs LEFT_GRIP (8657µs)
09-09 22:42:16.253 23427 30716 I WiVRn   : [2026-09-09 22:42:16.253] [WiVRn] [info] 	t+2458µs RIGHT_GRIP (8653µs)
09-09 22:42:16.253 23427 30716 I WiVRn   : [2026-09-09 22:42:16.253] [WiVRn] [info] 	t+5414µs HEAD (5697µs)
09-09 22:42:16.253 23427 30716 I WiVRn   : [2026-09-09 22:42:16.253] [WiVRn] [info] 	t+5454µs LEFT_GRIP (5657µs)
09-09 22:42:16.253 23427 30716 I WiVRn   : [2026-09-09 22:42:16.253] [WiVRn] [info] 	t+5458µs RIGHT_GRIP (5653µs)
09-09 22:42:17.014 23427 30709 I WiVRn   : [2026-09-09 22:42:17.014] [WiVRn] [info] nxwarp[0] net: 168 frames closed in 2.0 s, 0 with a hole, 0 out-of-order datagrams, 0 frames completed late, 0 queued for the worker, 2704 decoded so far, 2866 stragglers dropped; last hole 0/0 chunks, first missing -1, short false, chunk 1166 B
09-09 22:42:17.014 23427 30709 I WiVRn   : [2026-09-09 22:42:17.014] [WiVRn] [info] nxwarp[0] net: 0.028 ms per datagram over 28491 datagrams (399.15 ms of every second)
09-09 22:42:17.014 23427 30709 I WiVRn   : [2026-09-09 22:42:17.014] [WiVRn] [info] nxwarp[0] sel: stride 1, arrival 11.3 ms, dropped-late 77, withheld 0, decoded 2704
09-09 22:42:17.014 23427 30709 I WiVRn   : [2026-09-09 22:42:17.014] [WiVRn] [info] nxwarp[0] rx: 491980 datagrams, placed 5158833 (+388416), late 55183 (+1497), stale_frame 0, bad_range 0, bad_dir 0, bad_caps 0, bad_ver 0, auth_fail 0, replay 0, frozen 0, dup 176
09-09 22:42:17.195 23427 30672 I PxrMetric: FPS=91/90,MTP=31.65ms,AppSW=off,FrmEarly=6,FrmLate=6,FrmCpu=0.95ms,FrmGpu=7.26ms,FrmTime=8.88ms,ATWGPU=1.55ms,VsyncDelay=1,GPU=97%/587Mhz,GPUTemp=72.5C,LayerCnt=3,Pkg=org.meumeu.wivrn.nx.warp,FrmId=3270
09-09 22:42:17.253 23427 30716 I WiVRn   : [2026-09-09 22:42:17.253] [WiVRn] [info] Tracking pattern (11111µs):
09-09 22:42:17.253 23427 30716 I WiVRn   : [2026-09-09 22:42:17.253] [WiVRn] [info] 	t+2366µs HEAD (8745µs)
09-09 22:42:17.253 23427 30716 I WiVRn   : [2026-09-09 22:42:17.253] [WiVRn] [info] 	t+2453µs LEFT_GRIP (8658µs)
09-09 22:42:17.253 23427 30716 I WiVRn   : [2026-09-09 22:42:17.253] [WiVRn] [info] 	t+2462µs RIGHT_GRIP (8649µs)
09-09 22:42:17.253 23427 30716 I WiVRn   : [2026-09-09 22:42:17.253] [WiVRn] [info] 	t+5366µs HEAD (5745µs)
09-09 22:42:17.253 23427 30716 I WiVRn   : [2026-09-09 22:42:17.253] [WiVRn] [info] 	t+5453µs LEFT_GRIP (5658µs)
09-09 22:42:17.253 23427 30716 I WiVRn   : [2026-09-09 22:42:17.253] [WiVRn] [info] 	t+5462µs RIGHT_GRIP (5649µs)
09-09 22:42:17.767 23427 30714 I WiVRn   : [2026-09-09 22:42:17.767] [WiVRn] [info] nxwarp[0]: 170 frames in 2.0 s: 126658 B/frame, wait-prev 0.0 ms, wall 8.7 ms, nxvc passA 2.0 passB 2.9 gpu 4.9 ms; holes 0, refused 0
09-09 22:42:17.767 23427 30714 I WiVRn   : [2026-09-09 22:42:17.767] [WiVRn] [info] nxwarp[0] gpu duty 412 ms/s (41% of one GPU) for decode alone; the display pass is extra
09-09 22:42:17.767 23427 30714 I WiVRn   : [2026-09-09 22:42:17.767] [WiVRn] [info] nxwarp[0] passB 2.9 ms = warp 0.0 + skip 0.0 + coded 0.0 + dir 0.0 + other 2.9; tiles skip 0 / coded 2312 / dir 0 (eye pass 0)
09-09 22:42:17.767 23427 30714 I WiVRn   : [2026-09-09 22:42:17.767] [WiVRn] [info] nxwarp[0]: 77 frames dropped late (queue kept to 1)
09-09 22:42:17.767 23427 30714 I WiVRn   : [2026-09-09 22:42:17.767] [WiVRn] [info] nxwarp[0] stage: gap 3.0 | wait-prev 0.0 | submit 1.0 (qlock 0.0 + codec 1.0) | get_free 0.0 | fence-pre 0.0 | record 0.0 | qsubmit 0.0 | fence-post 7.6 | publish 0.1 ms; withheld 0, stride 1, arrival 15.2 ms
09-09 22:42:17.767 23427 30714 I WiVRn   : [2026-09-09 22:42:17.767] [WiVRn] [info] nxwarp[0] reassembly (network thread): 0.09 ms/frame over 170 frames, buffer 124 kB held for 124 kB of unit (1.0x)
09-09 22:42:17.767 23427 30714 I WiVRn   : [2026-09-09 22:42:17.767] [WiVRn] [info] nxwarp[0] fence-post 7.7 ms = nxvc gpu 4.9 + copy gpu 0.00 + queue 2.8 (over 170 frames with timestamps)
09-09 22:42:17.803 23427 30678 I WiVRn   : [2026-09-09 22:42:17.803] [WiVRn] [info] render: 179 iterations in 2.0 s (89.0/s), 179 submitted a layer, 160 new-source, 0 skipped by the repeat gate, 0 with nothing to show; display period 11.2 ms
09-09 22:42:17.803 23427 30678 I WiVRn   : [2026-09-09 22:42:17.803] [WiVRn] [info] render: ready wait attempts 76 success 57 total 188.316 ms | selected older than available 0
09-09 22:42:17.803 23427 30678 I WiVRn   : [2026-09-09 22:42:17.803] [WiVRn] [info] render: selected source transitions forward 160 backward 0 repeat 19, greatest forward gap 2
09-09 22:42:17.803 23427 30678 I WiVRn   : [2026-09-09 22:42:17.803] [WiVRn] [info] render: this app's own GPU pass 5.7 ms per iteration
09-09 22:42:17.803 23427 30678 I WiVRn   : [2026-09-09 22:42:17.803] [WiVRn] [info] render: defoveate 2160x2160 per eye x2 = 9.33 Mpx/frame at scale 1.00 atlas-prototype 0; 19 re-presented from the cache (reduce_gpu_load on)
09-09 22:42:17.803 23427 30678 I WiVRn   : [2026-09-09 22:42:17.803] [WiVRn] [info] render: shader path sharpness 0.00 fsr false alpha false motion false blend false glow 0.00 vignette 0.00 deband 0.00 lowpoly 0.00 levels 0 full-kernel false
09-09 22:42:17.803 23427 30678 I WiVRn   : [2026-09-09 22:42:17.803] [WiVRn] [info] render: per iteration fence 0.8 (worst 11.0) | queries 0.0 | submit 0.0 | whole render() 2.5 ms
09-09 22:42:17.803 23427 30678 I WiVRn   : [2026-09-09 22:42:17.803] [WiVRn] [info] render: jit on | wake slack 34.2 ms | slept 0.8 ms mean (max 11.7, 179 of 179 iterations) | budget 12.3 = pass 11.3 + margin 1.0 | sleep cap 0.6 ms
09-09 22:42:17.803 23427 30678 I WiVRn   : [2026-09-09 22:42:17.803] [WiVRn] [info] render: source display-time offset 55.5 ms mean (worst 69.8) over 179 frames | submit lead 30.9 ms mean (worst 18.0) | misses: 0 overrun 0 late 1 skipped refresh
09-09 22:42:18.202 23427 30672 I PxrMetric: FPS=90/90,MTP=36.91ms,AppSW=off,FrmEarly=8,FrmLate=18,FrmCpu=1.25ms,FrmGpu=9.27ms,FrmTime=17.87ms,ATWGPU=1.54ms,VsyncDelay=2,GPU=99%/587Mhz,GPUTemp=72.5C,LayerCnt=3,Pkg=org.meumeu.wivrn.nx.warp,FrmId=3358
09-09 22:42:18.253 23427 30716 I WiVRn   : [2026-09-09 22:42:18.253] [WiVRn] [info] Tracking pattern (11115µs):
09-09 22:42:18.253 23427 30716 I WiVRn   : [2026-09-09 22:42:18.253] [WiVRn] [info] 	t+2343µs HEAD (8772µs)
09-09 22:42:18.253 23427 30716 I WiVRn   : [2026-09-09 22:42:18.253] [WiVRn] [info] 	t+2393µs LEFT_GRIP (8721µs)
09-09 22:42:18.253 23427 30716 I WiVRn   : [2026-09-09 22:42:18.253] [WiVRn] [info] 	t+2406µs RIGHT_GRIP (8709µs)
09-09 22:42:18.253 23427 30716 I WiVRn   : [2026-09-09 22:42:18.253] [WiVRn] [info] 	t+5343µs HEAD (5772µs)
09-09 22:42:18.253 23427 30716 I WiVRn   : [2026-09-09 22:42:18.253] [WiVRn] [info] 	t+5393µs LEFT_GRIP (5721µs)
09-09 22:42:18.253 23427 30716 I WiVRn   : [2026-09-09 22:42:18.253] [WiVRn] [info] 	t+5406µs RIGHT_GRIP (5709µs)
09-09 22:42:19.016 23427 30709 I WiVRn   : [2026-09-09 22:42:19.016] [WiVRn] [info] nxwarp[0] net: 163 frames closed in 2.0 s, 0 with a hole, 0 out-of-order datagrams, 0 frames completed late, 0 queued for the worker, 2866 decoded so far, 3029 stragglers dropped; last hole 0/0 chunks, first missing -1, short false, chunk 1166 B
09-09 22:42:19.016 23427 30709 I WiVRn   : [2026-09-09 22:42:19.016] [WiVRn] [info] nxwarp[0] net: 0.028 ms per datagram over 28324 datagrams (395.59 ms of every second)
09-09 22:42:19.016 23427 30709 I WiVRn   : [2026-09-09 22:42:19.016] [WiVRn] [info] nxwarp[0] sel: stride 1, arrival 15.0 ms, dropped-late 78, withheld 0, decoded 2866
09-09 22:42:19.016 23427 30709 I WiVRn   : [2026-09-09 22:42:19.016] [WiVRn] [info] nxwarp[0] rx: 520304 datagrams, placed 5535689 (+376856), late 57021 (+1838), stale_frame 0, bad_range 0, bad_dir 0, bad_caps 0, bad_ver 0, auth_fail 0, replay 0, frozen 0, dup 178
09-09 22:42:19.210 23427 30672 I PxrMetric: FPS=88/90,MTP=31.14ms,AppSW=off,FrmEarly=13,FrmLate=8,FrmCpu=1.07ms,FrmGpu=8.49ms,FrmTime=10.36ms,ATWGPU=1.55ms,VsyncDelay=1,GPU=90%/587Mhz,GPUTemp=72.5C,LayerCnt=3,Pkg=org.meumeu.wivrn.nx.warp,FrmId=3447
09-09 22:42:19.253 23427 30716 I WiVRn   : [2026-09-09 22:42:19.253] [WiVRn] [info] Tracking pattern (11111µs):
09-09 22:42:19.253 23427 30716 I WiVRn   : [2026-09-09 22:42:19.253] [WiVRn] [info] 	t+2133µs HEAD (8977µs)
09-09 22:42:19.253 23427 30716 I WiVRn   : [2026-09-09 22:42:19.253] [WiVRn] [info] 	t+2203µs LEFT_GRIP (8907µs)
09-09 22:42:19.253 23427 30716 I WiVRn   : [2026-09-09 22:42:19.253] [WiVRn] [info] 	t+2208µs RIGHT_GRIP (8902µs)
09-09 22:42:19.253 23427 30716 I WiVRn   : [2026-09-09 22:42:19.253] [WiVRn] [info] 	t+5133µs HEAD (5977µs)
09-09 22:42:19.253 23427 30716 I WiVRn   : [2026-09-09 22:42:19.253] [WiVRn] [info] 	t+5203µs LEFT_GRIP (5907µs)
09-09 22:42:19.253 23427 30716 I WiVRn   : [2026-09-09 22:42:19.253] [WiVRn] [info] 	t+5208µs RIGHT_GRIP (5902µs)
09-09 22:42:19.773 23427 30714 I WiVRn   : [2026-09-09 22:42:19.773] [WiVRn] [info] nxwarp[0]: 162 frames in 2.0 s: 136179 B/frame, wait-prev 0.0 ms, wall 10.0 ms, nxvc passA 2.2 passB 3.1 gpu 5.4 ms; holes 0, refused 0
09-09 22:42:19.773 23427 30714 I WiVRn   : [2026-09-09 22:42:19.773] [WiVRn] [info] nxwarp[0] gpu duty 434 ms/s (43% of one GPU) for decode alone; the display pass is extra
09-09 22:42:19.773 23427 30714 I WiVRn   : [2026-09-09 22:42:19.773] [WiVRn] [info] nxwarp[0] passB 3.1 ms = warp 0.0 + skip 0.0 + coded 0.0 + dir 0.0 + other 3.1; tiles skip 0 / coded 2312 / dir 0 (eye pass 0)
09-09 22:42:19.773 23427 30714 I WiVRn   : [2026-09-09 22:42:19.773] [WiVRn] [info] nxwarp[0]: 78 frames dropped late (queue kept to 1)
09-09 22:42:19.773 23427 30714 I WiVRn   : [2026-09-09 22:42:19.773] [WiVRn] [info] nxwarp[0] stage: gap 2.4 | wait-prev 0.0 | submit 1.0 (qlock 0.0 + codec 1.0) | get_free 0.0 | fence-pre 0.0 | record 0.0 | qsubmit 0.0 | fence-post 8.9 | publish 0.0 ms; withheld 0, stride 1, arrival 11.1 ms
09-09 22:42:19.773 23427 30714 I WiVRn   : [2026-09-09 22:42:19.773] [WiVRn] [info] nxwarp[0] reassembly (network thread): 0.09 ms/frame over 164 frames, buffer 133 kB held for 133 kB of unit (1.0x)
09-09 22:42:19.773 23427 30714 I WiVRn   : [2026-09-09 22:42:19.773] [WiVRn] [info] nxwarp[0] fence-post 8.9 ms = nxvc gpu 5.4 + copy gpu 0.00 + queue 3.5 (over 162 frames with timestamps)
09-09 22:42:19.814 23427 30678 I WiVRn   : [2026-09-09 22:42:19.814] [WiVRn] [info] render: 177 iterations in 2.0 s (88.2/s), 177 submitted a layer, 161 new-source, 0 skipped by the repeat gate, 0 with nothing to show; display period 11.4 ms
09-09 22:42:19.814 23427 30678 I WiVRn   : [2026-09-09 22:42:19.814] [WiVRn] [info] render: ready wait attempts 56 success 40 total 144.351 ms | selected older than available 0
09-09 22:42:19.814 23427 30678 I WiVRn   : [2026-09-09 22:42:19.814] [WiVRn] [info] render: selected source transitions forward 161 backward 0 repeat 16, greatest forward gap 2
09-09 22:42:19.814 23427 30678 I WiVRn   : [2026-09-09 22:42:19.814] [WiVRn] [info] render: this app's own GPU pass 5.7 ms per iteration
09-09 22:42:19.814 23427 30678 I WiVRn   : [2026-09-09 22:42:19.814] [WiVRn] [info] render: defoveate 2160x2160 per eye x2 = 9.33 Mpx/frame at scale 1.00 atlas-prototype 0; 16 re-presented from the cache (reduce_gpu_load on)
09-09 22:42:19.814 23427 30678 I WiVRn   : [2026-09-09 22:42:19.814] [WiVRn] [info] render: shader path sharpness 0.00 fsr false alpha false motion false blend false glow 0.00 vignette 0.00 deband 0.00 lowpoly 0.00 levels 0 full-kernel false
09-09 22:42:19.814 23427 30678 I WiVRn   : [2026-09-09 22:42:19.814] [WiVRn] [info] render: per iteration fence 3.3 (worst 11.7) | queries 0.0 | submit 0.0 | whole render() 4.8 ms
09-09 22:42:19.814 23427 30678 I WiVRn   : [2026-09-09 22:42:19.814] [WiVRn] [info] render: jit on | wake slack 37.2 ms | slept 0.6 ms mean (max 0.6, 177 of 177 iterations) | budget 13.0 = pass 12.0 + margin 1.0 | sleep cap 0.6 ms
09-09 22:42:19.814 23427 30678 I WiVRn   : [2026-09-09 22:42:19.814] [WiVRn] [info] render: source display-time offset 59.3 ms mean (worst 81.0) over 177 frames | submit lead 31.8 ms mean (worst 24.3) | misses: 0 overrun 0 late 0 skipped refresh
09-09 22:42:20.215 23427 30672 I PxrMetric: FPS=88/90,MTP=28.25ms,AppSW=off,FrmEarly=16,FrmLate=19,FrmCpu=1.17ms,FrmGpu=7.57ms,FrmTime=15.73ms,ATWGPU=1.54ms,VsyncDelay=2,GPU=94%/587Mhz,GPUTemp=77.9C,LayerCnt=3,Pkg=org.meumeu.wivrn.nx.warp,FrmId=3535
09-09 22:42:20.253 23427 30716 I WiVRn   : [2026-09-09 22:42:20.253] [WiVRn] [info] Tracking pattern (11110µs):
09-09 22:42:20.253 23427 30716 I WiVRn   : [2026-09-09 22:42:20.253] [WiVRn] [info] 	t+3466µs HEAD (7644µs)
09-09 22:42:20.253 23427 30716 I WiVRn   : [2026-09-09 22:42:20.253] [WiVRn] [info] 	t+3528µs LEFT_GRIP (7581µs)
09-09 22:42:20.253 23427 30716 I WiVRn   : [2026-09-09 22:42:20.253] [WiVRn] [info] 	t+3535µs RIGHT_GRIP (7574µs)
09-09 22:42:20.253 23427 30716 I WiVRn   : [2026-09-09 22:42:20.253] [WiVRn] [info] 	t+6466µs HEAD (4644µs)
09-09 22:42:20.253 23427 30716 I WiVRn   : [2026-09-09 22:42:20.253] [WiVRn] [info] 	t+6528µs LEFT_GRIP (4581µs)
09-09 22:42:20.253 23427 30716 I WiVRn   : [2026-09-09 22:42:20.253] [WiVRn] [info] 	t+6535µs RIGHT_GRIP (4574µs)
09-09 22:42:21.026 23427 30709 I WiVRn   : [2026-09-09 22:42:21.026] [WiVRn] [info] nxwarp[0] net: 167 frames closed in 2.0 s, 0 with a hole, 0 out-of-order datagrams, 0 frames completed late, 0 queued for the worker, 3033 decoded so far, 3196 stragglers dropped; last hole 0/0 chunks, first missing -1, short false, chunk 1166 B
09-09 22:42:21.026 23427 30709 I WiVRn   : [2026-09-09 22:42:21.026] [WiVRn] [info] nxwarp[0] net: 0.027 ms per datagram over 31345 datagrams (414.95 ms of every second)
09-09 22:42:21.026 23427 30709 I WiVRn   : [2026-09-09 22:42:21.026] [WiVRn] [info] nxwarp[0] sel: stride 1, arrival 14.0 ms, dropped-late 78, withheld 0, decoded 3033
09-09 22:42:21.026 23427 30709 I WiVRn   : [2026-09-09 22:42:21.026] [WiVRn] [info] nxwarp[0] rx: 551649 datagrams, placed 5917412 (+381723), late 57274 (+253), stale_frame 0, bad_range 0, bad_dir 0, bad_caps 0, bad_ver 0, auth_fail 0, replay 0, frozen 0, dup 179
09-09 22:42:21.217 23427 30672 I PxrMetric: FPS=88/90,MTP=31.35ms,AppSW=off,FrmEarly=12,FrmLate=12,FrmCpu=1.41ms,FrmGpu=7.45ms,FrmTime=9.90ms,ATWGPU=1.54ms,VsyncDelay=1,GPU=99%/587Mhz,GPUTemp=74.8C,LayerCnt=3,Pkg=org.meumeu.wivrn.nx.warp,FrmId=3624
09-09 22:42:21.253 23427 30716 I WiVRn   : [2026-09-09 22:42:21.253] [WiVRn] [info] Tracking pattern (11116µs):
09-09 22:42:21.253 23427 30716 I WiVRn   : [2026-09-09 22:42:21.253] [WiVRn] [info] 	t+4359µs HEAD (6756µs)
09-09 22:42:21.253 23427 30716 I WiVRn   : [2026-09-09 22:42:21.253] [WiVRn] [info] 	t+4399µs LEFT_GRIP (6717µs)
09-09 22:42:21.253 23427 30716 I WiVRn   : [2026-09-09 22:42:21.253] [WiVRn] [info] 	t+4403µs RIGHT_GRIP (6713µs)
09-09 22:42:21.253 23427 30716 I WiVRn   : [2026-09-09 22:42:21.253] [WiVRn] [info] 	t+7359µs HEAD (3756µs)
09-09 22:42:21.253 23427 30716 I WiVRn   : [2026-09-09 22:42:21.253] [WiVRn] [info] 	t+7399µs LEFT_GRIP (3717µs)
09-09 22:42:21.253 23427 30716 I WiVRn   : [2026-09-09 22:42:21.253] [WiVRn] [info] 	t+7403µs RIGHT_GRIP (3713µs)
09-09 22:42:21.774 23427 30714 I WiVRn   : [2026-09-09 22:42:21.774] [WiVRn] [info] nxwarp[0]: 167 frames in 2.0 s: 138272 B/frame, wait-prev 0.0 ms, wall 9.8 ms, nxvc passA 2.2 passB 3.0 gpu 5.2 ms; holes 0, refused 0
09-09 22:42:21.774 23427 30714 I WiVRn   : [2026-09-09 22:42:21.774] [WiVRn] [info] nxwarp[0] gpu duty 435 ms/s (43% of one GPU) for decode alone; the display pass is extra
09-09 22:42:21.774 23427 30714 I WiVRn   : [2026-09-09 22:42:21.774] [WiVRn] [info] nxwarp[0] passB 3.0 ms = warp 0.0 + skip 0.0 + coded 0.0 + dir 0.0 + other 3.0; tiles skip 0 / coded 2312 / dir 0 (eye pass 0)
09-09 22:42:21.774 23427 30714 I WiVRn   : [2026-09-09 22:42:21.774] [WiVRn] [info] nxwarp[0]: 78 frames dropped late (queue kept to 1)
09-09 22:42:21.774 23427 30714 I WiVRn   : [2026-09-09 22:42:21.774] [WiVRn] [info] nxwarp[0] stage: gap 2.2 | wait-prev 0.0 | submit 1.0 (qlock 0.0 + codec 1.0) | get_free 0.0 | fence-pre 0.0 | record 0.0 | qsubmit 0.0 | fence-post 8.7 | publish 0.0 ms; withheld 0, stride 1, arrival 11.2 ms
09-09 22:42:21.774 23427 30714 I WiVRn   : [2026-09-09 22:42:21.774] [WiVRn] [info] nxwarp[0] reassembly (network thread): 0.10 ms/frame over 167 frames, buffer 135 kB held for 135 kB of unit (1.0x)
09-09 22:42:21.774 23427 30714 I WiVRn   : [2026-09-09 22:42:21.774] [WiVRn] [info] nxwarp[0] fence-post 8.8 ms = nxvc gpu 5.2 + copy gpu 0.00 + queue 3.5 (over 167 frames with timestamps)
09-09 22:42:21.816 23427 30678 I WiVRn   : [2026-09-09 22:42:21.816] [WiVRn] [info] render: 178 iterations in 2.0 s (88.6/s), 178 submitted a layer, 161 new-source, 0 skipped by the repeat gate, 0 with nothing to show; display period 11.3 ms
09-09 22:42:21.816 23427 30678 I WiVRn   : [2026-09-09 22:42:21.816] [WiVRn] [info] render: ready wait attempts 62 success 45 total 149.110 ms | selected older than available 0
09-09 22:42:21.816 23427 30678 I WiVRn   : [2026-09-09 22:42:21.816] [WiVRn] [info] render: selected source transitions forward 161 backward 0 repeat 17, greatest forward gap 2
09-09 22:42:21.816 23427 30678 I WiVRn   : [2026-09-09 22:42:21.816] [WiVRn] [info] render: this app's own GPU pass 5.7 ms per iteration
09-09 22:42:21.816 23427 30678 I WiVRn   : [2026-09-09 22:42:21.816] [WiVRn] [info] render: defoveate 2160x2160 per eye x2 = 9.33 Mpx/frame at scale 1.00 atlas-prototype 0; 17 re-presented from the cache (reduce_gpu_load on)
09-09 22:42:21.816 23427 30678 I WiVRn   : [2026-09-09 22:42:21.816] [WiVRn] [info] render: shader path sharpness 0.00 fsr false alpha false motion false blend false glow 0.00 vignette 0.00 deband 0.00 lowpoly 0.00 levels 0 full-kernel false
09-09 22:42:21.816 23427 30678 I WiVRn   : [2026-09-09 22:42:21.816] [WiVRn] [info] render: per iteration fence 2.5 (worst 11.0) | queries 0.0 | submit 0.0 | whole render() 3.9 ms
09-09 22:42:21.816 23427 30678 I WiVRn   : [2026-09-09 22:42:21.816] [WiVRn] [info] render: jit on | wake slack 36.7 ms | slept 0.8 ms mean (max 11.7, 178 of 178 iterations) | budget 11.8 = pass 10.8 + margin 1.0 | sleep cap 0.6 ms
09-09 22:42:21.816 23427 30678 I WiVRn   : [2026-09-09 22:42:21.816] [WiVRn] [info] render: source display-time offset 59.1 ms mean (worst 70.4) over 178 frames | submit lead 31.9 ms mean (worst 21.2) | misses: 0 overrun 0 late 1 skipped refresh
09-09 22:42:22.226 23427 30672 I PxrMetric: FPS=89/90,MTP=27.73ms,AppSW=off,FrmEarly=4,FrmLate=11,FrmCpu=0.63ms,FrmGpu=10.68ms,FrmTime=16.23ms,ATWGPU=1.54ms,VsyncDelay=2,GPU=99%/587Mhz,GPUTemp=73.6C,LayerCnt=3,Pkg=org.meumeu.wivrn.nx.warp,FrmId=3713
09-09 22:42:22.253 23427 30716 I WiVRn   : [2026-09-09 22:42:22.253] [WiVRn] [info] Tracking pattern (11112µs):
09-09 22:42:22.253 23427 30716 I WiVRn   : [2026-09-09 22:42:22.253] [WiVRn] [info] 	t+2808µs HEAD (8304µs)
09-09 22:42:22.253 23427 30716 I WiVRn   : [2026-09-09 22:42:22.253] [WiVRn] [info] 	t+2895µs LEFT_GRIP (8217µs)
09-09 22:42:22.253 23427 30716 I WiVRn   : [2026-09-09 22:42:22.253] [WiVRn] [info] 	t+2902µs RIGHT_GRIP (8210µs)
09-09 22:42:22.253 23427 30716 I WiVRn   : [2026-09-09 22:42:22.253] [WiVRn] [info] 	t+5808µs HEAD (5304µs)
09-09 22:42:22.253 23427 30716 I WiVRn   : [2026-09-09 22:42:22.253] [WiVRn] [info] 	t+5895µs LEFT_GRIP (5217µs)
09-09 22:42:22.253 23427 30716 I WiVRn   : [2026-09-09 22:42:22.253] [WiVRn] [info] 	t+5902µs RIGHT_GRIP (5210µs)
09-09 22:42:23.033 23427 30709 I WiVRn   : [2026-09-09 22:42:23.033] [WiVRn] [info] nxwarp[0] net: 166 frames closed in 2.0 s, 0 with a hole, 0 out-of-order datagrams, 0 frames completed late, 0 queued for the worker, 3198 decoded so far, 3362 stragglers dropped; last hole 0/0 chunks, first missing -1, short false, chunk 1166 B
09-09 22:42:23.033 23427 30709 I WiVRn   : [2026-09-09 22:42:23.033] [WiVRn] [info] nxwarp[0] net: 0.028 ms per datagram over 28694 datagrams (399.18 ms of every second)
09-09 22:42:23.033 23427 30709 I WiVRn   : [2026-09-09 22:42:23.033] [WiVRn] [info] nxwarp[0] sel: stride 1, arrival 13.2 ms, dropped-late 78, withheld 0, decoded 3198
09-09 22:42:23.033 23427 30709 I WiVRn   : [2026-09-09 22:42:23.033] [WiVRn] [info] nxwarp[0] rx: 580343 datagrams, placed 6299009 (+381597), late 58018 (+744), stale_frame 0, bad_range 0, bad_dir 0, bad_caps 0, bad_ver 0, auth_fail 0, replay 0, frozen 0, dup 180
09-09 22:42:23.227 23427 30672 I PxrMetric: FPS=88/90,MTP=34.15ms,AppSW=off,FrmEarly=8,FrmLate=7,FrmCpu=2.33ms,FrmGpu=6.20ms,FrmTime=10.76ms,ATWGPU=1.55ms,VsyncDelay=1,GPU=94%/587Mhz,GPUTemp=72.5C,LayerCnt=3,Pkg=org.meumeu.wivrn.nx.warp,FrmId=3801
09-09 22:42:23.253 23427 30716 I WiVRn   : [2026-09-09 22:42:23.253] [WiVRn] [info] Tracking pattern (11110µs):
09-09 22:42:23.253 23427 30716 I WiVRn   : [2026-09-09 22:42:23.253] [WiVRn] [info] 	t+1291µs HEAD (9818µs)
09-09 22:42:23.253 23427 30716 I WiVRn   : [2026-09-09 22:42:23.253] [WiVRn] [info] 	t+1341µs LEFT_GRIP (9768µs)
09-09 22:42:23.253 23427 30716 I WiVRn   : [2026-09-09 22:42:23.253] [WiVRn] [info] 	t+1348µs RIGHT_GRIP (9761µs)
09-09 22:42:23.253 23427 30716 I WiVRn   : [2026-09-09 22:42:23.253] [WiVRn] [info] 	t+4291µs HEAD (6818µs)
09-09 22:42:23.253 23427 30716 I WiVRn   : [2026-09-09 22:42:23.253] [WiVRn] [info] 	t+4341µs LEFT_GRIP (6768µs)
09-09 22:42:23.253 23427 30716 I WiVRn   : [2026-09-09 22:42:23.253] [WiVRn] [info] 	t+4348µs RIGHT_GRIP (6761µs)
09-09 22:42:23.253 23427 30716 I WiVRn   : [2026-09-09 22:42:23.253] [WiVRn] [info] 	t+7291µs HEAD (3818µs)
09-09 22:42:23.253 23427 30716 I WiVRn   : [2026-09-09 22:42:23.253] [WiVRn] [info] 	t+7341µs LEFT_GRIP (3768µs)
09-09 22:42:23.253 23427 30716 I WiVRn   : [2026-09-09 22:42:23.253] [WiVRn] [info] 	t+7348µs RIGHT_GRIP (3761µs)
09-09 22:42:23.774 23427 30714 I WiVRn   : [2026-09-09 22:42:23.774] [WiVRn] [info] nxwarp[0]: 165 frames in 2.0 s: 127144 B/frame, wait-prev 0.0 ms, wall 9.4 ms, nxvc passA 1.9 passB 2.9 gpu 4.9 ms; holes 0, refused 0
09-09 22:42:23.774 23427 30714 I WiVRn   : [2026-09-09 22:42:23.774] [WiVRn] [info] nxwarp[0] gpu duty 402 ms/s (40% of one GPU) for decode alone; the display pass is extra
09-09 22:42:23.774 23427 30714 I WiVRn   : [2026-09-09 22:42:23.774] [WiVRn] [info] nxwarp[0] passB 2.9 ms = warp 0.0 + skip 0.0 + coded 0.0 + dir 0.0 + other 2.9; tiles skip 0 / coded 2312 / dir 0 (eye pass 0)
09-09 22:42:23.774 23427 30714 I WiVRn   : [2026-09-09 22:42:23.774] [WiVRn] [info] nxwarp[0]: 78 frames dropped late (queue kept to 1)
09-09 22:42:23.774 23427 30714 I WiVRn   : [2026-09-09 22:42:23.774] [WiVRn] [info] nxwarp[0] stage: gap 2.7 | wait-prev 0.0 | submit 1.0 (qlock 0.0 + codec 1.0) | get_free 0.0 | fence-pre 0.0 | record 0.0 | qsubmit 0.0 | fence-post 8.3 | publish 0.0 ms; withheld 0, stride 1, arrival 12.6 ms
09-09 22:42:23.774 23427 30714 I WiVRn   : [2026-09-09 22:42:23.774] [WiVRn] [info] nxwarp[0] reassembly (network thread): 0.09 ms/frame over 164 frames, buffer 124 kB held for 124 kB of unit (1.0x)
09-09 22:42:23.774 23427 30714 I WiVRn   : [2026-09-09 22:42:23.774] [WiVRn] [info] nxwarp[0] fence-post 8.3 ms = nxvc gpu 4.9 + copy gpu 0.00 + queue 3.4 (over 165 frames with timestamps)
09-09 22:42:23.823 23427 30678 I WiVRn   : [2026-09-09 22:42:23.823] [WiVRn] [info] render: 177 iterations in 2.0 s (88.3/s), 177 submitted a layer, 158 new-source, 0 skipped by the repeat gate, 0 with nothing to show; display period 11.3 ms
09-09 22:42:23.823 23427 30678 I WiVRn   : [2026-09-09 22:42:23.823] [WiVRn] [info] render: ready wait attempts 77 success 58 total 207.099 ms | selected older than available 0
09-09 22:42:23.823 23427 30678 I WiVRn   : [2026-09-09 22:42:23.823] [WiVRn] [info] render: selected source transitions forward 158 backward 0 repeat 19, greatest forward gap 2
09-09 22:42:23.823 23427 30678 I WiVRn   : [2026-09-09 22:42:23.823] [WiVRn] [info] render: this app's own GPU pass 5.7 ms per iteration
09-09 22:42:23.823 23427 30678 I WiVRn   : [2026-09-09 22:42:23.823] [WiVRn] [info] render: defoveate 2160x2160 per eye x2 = 9.33 Mpx/frame at scale 1.00 atlas-prototype 0; 19 re-presented from the cache (reduce_gpu_load on)
09-09 22:42:23.823 23427 30678 I WiVRn   : [2026-09-09 22:42:23.823] [WiVRn] [info] render: shader path sharpness 0.00 fsr false alpha false motion false blend false glow 0.00 vignette 0.00 deband 0.00 lowpoly 0.00 levels 0 full-kernel false
09-09 22:42:23.823 23427 30678 I WiVRn   : [2026-09-09 22:42:23.823] [WiVRn] [info] render: per iteration fence 1.6 (worst 11.5) | queries 0.0 | submit 0.0 | whole render() 3.4 ms
09-09 22:42:23.823 23427 30678 I WiVRn   : [2026-09-09 22:42:23.823] [WiVRn] [info] render: jit on | wake slack 35.9 ms | slept 0.7 ms mean (max 11.7, 177 of 177 iterations) | budget 11.8 = pass 10.8 + margin 1.0 | sleep cap 0.6 ms
09-09 22:42:23.823 23427 30678 I WiVRn   : [2026-09-09 22:42:23.823] [WiVRn] [info] render: source display-time offset 59.0 ms mean (worst 70.7) over 177 frames | submit lead 31.8 ms mean (worst 18.4) | misses: 0 overrun 0 late 1 skipped refresh
09-09 22:42:24.234 23427 30672 I PxrMetric: FPS=88/90,MTP=30.10ms,AppSW=off,FrmEarly=6,FrmLate=0,FrmCpu=0.70ms,FrmGpu=9.51ms,FrmTime=11.90ms,ATWGPU=1.54ms,VsyncDelay=1,GPU=99%/587Mhz,GPUTemp=76.8C,LayerCnt=3,Pkg=org.meumeu.wivrn.nx.warp,FrmId=3891
09-09 22:42:24.253 23427 30716 I WiVRn   : [2026-09-09 22:42:24.253] [WiVRn] [info] Tracking pattern (11110µs):
09-09 22:42:24.253 23427 30716 I WiVRn   : [2026-09-09 22:42:24.253] [WiVRn] [info] 	t+1249µs HEAD (9861µs)
09-09 22:42:24.253 23427 30716 I WiVRn   : [2026-09-09 22:42:24.253] [WiVRn] [info] 	t+1305µs LEFT_GRIP (9805µs)
09-09 22:42:24.253 23427 30716 I WiVRn   : [2026-09-09 22:42:24.253] [WiVRn] [info] 	t+1311µs RIGHT_GRIP (9799µs)
09-09 22:42:24.253 23427 30716 I WiVRn   : [2026-09-09 22:42:24.253] [WiVRn] [info] 	t+4249µs HEAD (6861µs)
09-09 22:42:24.253 23427 30716 I WiVRn   : [2026-09-09 22:42:24.253] [WiVRn] [info] 	t+4305µs LEFT_GRIP (6805µs)
09-09 22:42:24.253 23427 30716 I WiVRn   : [2026-09-09 22:42:24.253] [WiVRn] [info] 	t+4311µs RIGHT_GRIP (6799µs)
09-09 22:42:24.253 23427 30716 I WiVRn   : [2026-09-09 22:42:24.253] [WiVRn] [info] 	t+7249µs HEAD (3861µs)
09-09 22:42:24.253 23427 30716 I WiVRn   : [2026-09-09 22:42:24.253] [WiVRn] [info] 	t+7305µs LEFT_GRIP (3805µs)
09-09 22:42:24.253 23427 30716 I WiVRn   : [2026-09-09 22:42:24.253] [WiVRn] [info] 	t+7311µs RIGHT_GRIP (3799µs)
09-09 22:42:25.037 23427 30709 I WiVRn   : [2026-09-09 22:42:25.037] [WiVRn] [info] nxwarp[0] net: 170 frames closed in 2.0 s, 0 with a hole, 0 out-of-order datagrams, 0 frames completed late, 0 queued for the worker, 3368 decoded so far, 3532 stragglers dropped; last hole 0/0 chunks, first missing -1, short false, chunk 1166 B
09-09 22:42:25.037 23427 30709 I WiVRn   : [2026-09-09 22:42:25.037] [WiVRn] [info] nxwarp[0] net: 0.028 ms per datagram over 28005 datagrams (396.98 ms of every second)
09-09 22:42:25.037 23427 30709 I WiVRn   : [2026-09-09 22:42:25.037] [WiVRn] [info] nxwarp[0] sel: stride 1, arrival 11.0 ms, dropped-late 78, withheld 0, decoded 3368
09-09 22:42:25.037 23427 30709 I WiVRn   : [2026-09-09 22:42:25.037] [WiVRn] [info] nxwarp[0] rx: 608348 datagrams, placed 6687653 (+388644), late 59701 (+1683), stale_frame 0, bad_range 0, bad_dir 0, bad_caps 0, bad_ver 0, auth_fail 0, replay 0, frozen 0, dup 182
09-09 22:42:25.246 23427 30672 I PxrMetric: FPS=89/90,MTP=42.15ms,AppSW=off,FrmEarly=8,FrmLate=15,FrmCpu=0.98ms,FrmGpu=9.19ms,FrmTime=16.89ms,ATWGPU=1.54ms,VsyncDelay=2,GPU=99%/587Mhz,GPUTemp=74.4C,LayerCnt=3,Pkg=org.meumeu.wivrn.nx.warp,FrmId=3980
09-09 22:42:25.253 23427 30716 I WiVRn   : [2026-09-09 22:42:25.253] [WiVRn] [info] Tracking pattern (11110µs):
09-09 22:42:25.253 23427 30716 I WiVRn   : [2026-09-09 22:42:25.253] [WiVRn] [info] 	t+3350µs HEAD (7760µs)
09-09 22:42:25.253 23427 30716 I WiVRn   : [2026-09-09 22:42:25.253] [WiVRn] [info] 	t+3392µs LEFT_GRIP (7718µs)
09-09 22:42:25.253 23427 30716 I WiVRn   : [2026-09-09 22:42:25.253] [WiVRn] [info] 	t+3567µs RIGHT_GRIP (7542µs)
09-09 22:42:25.253 23427 30716 I WiVRn   : [2026-09-09 22:42:25.253] [WiVRn] [info] 	t+6350µs HEAD (4760µs)
09-09 22:42:25.253 23427 30716 I WiVRn   : [2026-09-09 22:42:25.253] [WiVRn] [info] 	t+6392µs LEFT_GRIP (4718µs)
09-09 22:42:25.253 23427 30716 I WiVRn   : [2026-09-09 22:42:25.253] [WiVRn] [info] 	t+6567µs RIGHT_GRIP (4542µs)
09-09 22:42:25.778 23427 30714 I WiVRn   : [2026-09-09 22:42:25.778] [WiVRn] [info] nxwarp[0]: 170 frames in 2.0 s: 128566 B/frame, wait-prev 0.0 ms, wall 9.5 ms, nxvc passA 2.1 passB 3.0 gpu 5.1 ms; holes 0, refused 0
09-09 22:42:25.778 23427 30714 I WiVRn   : [2026-09-09 22:42:25.778] [WiVRn] [info] nxwarp[0] gpu duty 434 ms/s (43% of one GPU) for decode alone; the display pass is extra
09-09 22:42:25.778 23427 30714 I WiVRn   : [2026-09-09 22:42:25.778] [WiVRn] [info] nxwarp[0] passB 3.0 ms = warp 0.0 + skip 0.0 + coded 0.0 + dir 0.0 + other 3.0; tiles skip 0 / coded 2312 / dir 0 (eye pass 0)
09-09 22:42:25.778 23427 30714 I WiVRn   : [2026-09-09 22:42:25.778] [WiVRn] [info] nxwarp[0]: 78 frames dropped late (queue kept to 1)
09-09 22:42:25.778 23427 30714 I WiVRn   : [2026-09-09 22:42:25.778] [WiVRn] [info] nxwarp[0] stage: gap 2.2 | wait-prev 0.0 | submit 1.0 (qlock 0.0 + codec 1.0) | get_free 0.0 | fence-pre 0.0 | record 0.0 | qsubmit 0.0 | fence-post 8.4 | publish 0.0 ms; withheld 0, stride 1, arrival 12.7 ms
09-09 22:42:25.778 23427 30714 I WiVRn   : [2026-09-09 22:42:25.778] [WiVRn] [info] nxwarp[0] reassembly (network thread): 0.09 ms/frame over 170 frames, buffer 126 kB held for 126 kB of unit (1.0x)
09-09 22:42:25.778 23427 30714 I WiVRn   : [2026-09-09 22:42:25.778] [WiVRn] [info] nxwarp[0] fence-post 8.5 ms = nxvc gpu 5.1 + copy gpu 0.00 + queue 3.3 (over 170 frames with timestamps)
09-09 22:42:25.832 23427 30678 I WiVRn   : [2026-09-09 22:42:25.832] [WiVRn] [info] render: 178 iterations in 2.0 s (88.5/s), 178 submitted a layer, 165 new-source, 0 skipped by the repeat gate, 0 with nothing to show; display period 11.3 ms
09-09 22:42:25.832 23427 30678 I WiVRn   : [2026-09-09 22:42:25.832] [WiVRn] [info] render: ready wait attempts 58 success 45 total 120.382 ms | selected older than available 0
09-09 22:42:25.832 23427 30678 I WiVRn   : [2026-09-09 22:42:25.832] [WiVRn] [info] render: selected source transitions forward 165 backward 0 repeat 13, greatest forward gap 2
09-09 22:42:25.832 23427 30678 I WiVRn   : [2026-09-09 22:42:25.832] [WiVRn] [info] render: this app's own GPU pass 5.8 ms per iteration
09-09 22:42:25.832 23427 30678 I WiVRn   : [2026-09-09 22:42:25.832] [WiVRn] [info] render: defoveate 2160x2160 per eye x2 = 9.33 Mpx/frame at scale 1.00 atlas-prototype 0; 13 re-presented from the cache (reduce_gpu_load on)
09-09 22:42:25.832 23427 30678 I WiVRn   : [2026-09-09 22:42:25.832] [WiVRn] [info] render: shader path sharpness 0.00 fsr false alpha false motion false blend false glow 0.00 vignette 0.00 deband 0.00 lowpoly 0.00 levels 0 full-kernel false
09-09 22:42:25.832 23427 30678 I WiVRn   : [2026-09-09 22:42:25.832] [WiVRn] [info] render: per iteration fence 2.3 (worst 11.5) | queries 0.0 | submit 0.0 | whole render() 3.6 ms
09-09 22:42:25.832 23427 30678 I WiVRn   : [2026-09-09 22:42:25.832] [WiVRn] [info] render: jit on | wake slack 36.3 ms | slept 0.6 ms mean (max 0.6, 178 of 178 iterations) | budget 12.1 = pass 11.1 + margin 1.0 | sleep cap 0.6 ms
09-09 22:42:25.832 23427 30678 I WiVRn   : [2026-09-09 22:42:25.832] [WiVRn] [info] render: source display-time offset 59.8 ms mean (worst 81.9) over 178 frames | submit lead 32.1 ms mean (worst 24.9) | misses: 0 overrun 0 late 0 skipped refresh
09-09 22:42:26.246 23427 30672 I PxrMetric: FPS=88/90,MTP=39.93ms,AppSW=off,FrmEarly=11,FrmLate=11,FrmCpu=0.71ms,FrmGpu=8.58ms,FrmTime=14.19ms,ATWGPU=1.54ms,VsyncDelay=2,GPU=99%/587Mhz,GPUTemp=74.4C,LayerCnt=3,Pkg=org.meumeu.wivrn.nx.warp,FrmId=4068
09-09 22:42:26.253 23427 30716 I WiVRn   : [2026-09-09 22:42:26.253] [WiVRn] [info] Tracking pattern (11111µs):
09-09 22:42:26.253 23427 30716 I WiVRn   : [2026-09-09 22:42:26.253] [WiVRn] [info] 	t+1378µs HEAD (9732µs)
09-09 22:42:26.253 23427 30716 I WiVRn   : [2026-09-09 22:42:26.253] [WiVRn] [info] 	t+1439µs LEFT_GRIP (9671µs)
09-09 22:42:26.253 23427 30716 I WiVRn   : [2026-09-09 22:42:26.253] [WiVRn] [info] 	t+1906µs RIGHT_GRIP (9204µs)
09-09 22:42:26.253 23427 30716 I WiVRn   : [2026-09-09 22:42:26.253] [WiVRn] [info] 	t+4378µs HEAD (6732µs)
09-09 22:42:26.253 23427 30716 I WiVRn   : [2026-09-09 22:42:26.253] [WiVRn] [info] 	t+4439µs LEFT_GRIP (6671µs)
09-09 22:42:26.253 23427 30716 I WiVRn   : [2026-09-09 22:42:26.253] [WiVRn] [info] 	t+4906µs RIGHT_GRIP (6204µs)
09-09 22:42:26.253 23427 30716 I WiVRn   : [2026-09-09 22:42:26.253] [WiVRn] [info] 	t+7378µs HEAD (3732µs)
09-09 22:42:26.253 23427 30716 I WiVRn   : [2026-09-09 22:42:26.253] [WiVRn] [info] 	t+7439µs LEFT_GRIP (3671µs)
09-09 22:42:26.253 23427 30716 I WiVRn   : [2026-09-09 22:42:26.253] [WiVRn] [info] 	t+7906µs RIGHT_GRIP (3204µs)
09-09 22:42:27.039 23427 30709 I WiVRn   : [2026-09-09 22:42:27.039] [WiVRn] [info] nxwarp[0] net: 165 frames closed in 2.0 s, 0 with a hole, 0 out-of-order datagrams, 0 frames completed late, 0 queued for the worker, 3533 decoded so far, 3699 stragglers dropped; last hole 0/0 chunks, first missing -1, short false, chunk 1166 B
09-09 22:42:27.039 23427 30709 I WiVRn   : [2026-09-09 22:42:27.039] [WiVRn] [info] nxwarp[0] net: 0.028 ms per datagram over 28468 datagrams (400.14 ms of every second)
09-09 22:42:27.039 23427 30709 I WiVRn   : [2026-09-09 22:42:27.039] [WiVRn] [info] nxwarp[0] sel: stride 1, arrival 11.9 ms, dropped-late 78, withheld 0, decoded 3533
09-09 22:42:27.039 23427 30709 I WiVRn   : [2026-09-09 22:42:27.039] [WiVRn] [info] nxwarp[0] rx: 636816 datagrams, placed 7036214 (+348561), late 62935 (+3234), stale_frame 0, bad_range 0, bad_dir 0, bad_caps 0, bad_ver 0, auth_fail 0, replay 0, frozen 0, dup 189
09-09 22:42:27.244 23427 30672 I PxrMetric: FPS=88/90,MTP=31.45ms,AppSW=off,FrmEarly=15,FrmLate=8,FrmCpu=0.95ms,FrmGpu=9.77ms,FrmTime=12.30ms,ATWGPU=1.55ms,VsyncDelay=1,GPU=94%/587Mhz,GPUTemp=73.3C,LayerCnt=3,Pkg=org.meumeu.wivrn.nx.warp,FrmId=4155
09-09 22:42:27.253 23427 30716 I WiVRn   : [2026-09-09 22:42:27.253] [WiVRn] [info] Tracking pattern (11107µs):
09-09 22:42:27.253 23427 30716 I WiVRn   : [2026-09-09 22:42:27.253] [WiVRn] [info] 	t+4144µs HEAD (6963µs)
09-09 22:42:27.253 23427 30716 I WiVRn   : [2026-09-09 22:42:27.253] [WiVRn] [info] 	t+4202µs LEFT_GRIP (6905µs)
09-09 22:42:27.253 23427 30716 I WiVRn   : [2026-09-09 22:42:27.253] [WiVRn] [info] 	t+4207µs RIGHT_GRIP (6899µs)
09-09 22:42:27.253 23427 30716 I WiVRn   : [2026-09-09 22:42:27.253] [WiVRn] [info] 	t+7144µs HEAD (3963µs)
09-09 22:42:27.253 23427 30716 I WiVRn   : [2026-09-09 22:42:27.253] [WiVRn] [info] 	t+7202µs LEFT_GRIP (3905µs)
09-09 22:42:27.253 23427 30716 I WiVRn   : [2026-09-09 22:42:27.253] [WiVRn] [info] 	t+7207µs RIGHT_GRIP (3899µs)
09-09 22:42:27.790 23427 30714 I WiVRn   : [2026-09-09 22:42:27.790] [WiVRn] [info] nxwarp[0]: 164 frames in 2.0 s: 136667 B/frame, wait-prev 0.0 ms, wall 10.0 ms, nxvc passA 2.2 passB 3.1 gpu 5.3 ms; holes 0, refused 0
09-09 22:42:27.790 23427 30714 I WiVRn   : [2026-09-09 22:42:27.790] [WiVRn] [info] nxwarp[0] gpu duty 433 ms/s (43% of one GPU) for decode alone; the display pass is extra
09-09 22:42:27.790 23427 30714 I WiVRn   : [2026-09-09 22:42:27.790] [WiVRn] [info] nxwarp[0] passB 3.1 ms = warp 0.0 + skip 0.0 + coded 0.0 + dir 0.0 + other 3.1; tiles skip 0 / coded 2312 / dir 0 (eye pass 0)
09-09 22:42:27.790 23427 30714 I WiVRn   : [2026-09-09 22:42:27.790] [WiVRn] [info] nxwarp[0]: 79 frames dropped late (queue kept to 1)
09-09 22:42:27.790 23427 30714 I WiVRn   : [2026-09-09 22:42:27.790] [WiVRn] [info] nxwarp[0] stage: gap 2.3 | wait-prev 0.0 | submit 1.0 (qlock 0.0 + codec 1.0) | get_free 0.0 | fence-pre 0.0 | record 0.0 | qsubmit 0.0 | fence-post 8.9 | publish 0.0 ms; withheld 0, stride 1, arrival 11.5 ms
09-09 22:42:27.790 23427 30714 I WiVRn   : [2026-09-09 22:42:27.790] [WiVRn] [info] nxwarp[0] reassembly (network thread): 0.09 ms/frame over 165 frames, buffer 133 kB held for 133 kB of unit (1.0x)
09-09 22:42:27.790 23427 30714 I WiVRn   : [2026-09-09 22:42:27.790] [WiVRn] [info] nxwarp[0] fence-post 9.0 ms = nxvc gpu 5.3 + copy gpu 0.00 + queue 3.6 (over 164 frames with timestamps)
09-09 22:42:27.844 23427 30678 I WiVRn   : [2026-09-09 22:42:27.844] [WiVRn] [info] render: 176 iterations in 2.0 s (87.5/s), 176 submitted a layer, 161 new-source, 0 skipped by the repeat gate, 0 with nothing to show; display period 11.4 ms
09-09 22:42:27.844 23427 30678 I WiVRn   : [2026-09-09 22:42:27.844] [WiVRn] [info] render: ready wait attempts 39 success 24 total 111.631 ms | selected older than available 0
09-09 22:42:27.844 23427 30678 I WiVRn   : [2026-09-09 22:42:27.844] [WiVRn] [info] render: selected source transitions forward 161 backward 0 repeat 15, greatest forward gap 2
09-09 22:42:27.844 23427 30678 I WiVRn   : [2026-09-09 22:42:27.844] [WiVRn] [info] render: this app's own GPU pass 5.7 ms per iteration
09-09 22:42:27.844 23427 30678 I WiVRn   : [2026-09-09 22:42:27.844] [WiVRn] [info] render: defoveate 2160x2160 per eye x2 = 9.33 Mpx/frame at scale 1.00 atlas-prototype 0; 15 re-presented from the cache (reduce_gpu_load on)
09-09 22:42:27.844 23427 30678 I WiVRn   : [2026-09-09 22:42:27.844] [WiVRn] [info] render: shader path sharpness 0.00 fsr false alpha false motion false blend false glow 0.00 vignette 0.00 deband 0.00 lowpoly 0.00 levels 0 full-kernel false
09-09 22:42:27.844 23427 30678 I WiVRn   : [2026-09-09 22:42:27.844] [WiVRn] [info] render: per iteration fence 2.6 (worst 11.3) | queries 0.0 | submit 0.0 | whole render() 3.9 ms
09-09 22:42:27.844 23427 30678 I WiVRn   : [2026-09-09 22:42:27.844] [WiVRn] [info] render: jit on | wake slack 37.2 ms | slept 0.8 ms mean (max 11.7, 176 of 176 iterations) | budget 12.2 = pass 11.2 + margin 1.0 | sleep cap 0.6 ms
09-09 22:42:27.844 23427 30678 I WiVRn   : [2026-09-09 22:42:27.844] [WiVRn] [info] render: source display-time offset 62.4 ms mean (worst 82.0) over 176 frames | submit lead 32.5 ms mean (worst 21.2) | misses: 0 overrun 0 late 1 skipped refresh
09-09 22:42:28.251 23427 30672 I PxrMetric: FPS=87/90,MTP=23.95ms,AppSW=off,FrmEarly=8,FrmLate=16,FrmCpu=0.68ms,FrmGpu=10.71ms,FrmTime=18.15ms,ATWGPU=1.54ms,VsyncDelay=2,GPU=99%/587Mhz,GPUTemp=74.0C,LayerCnt=3,Pkg=org.meumeu.wivrn.nx.warp,FrmId=4244
09-09 22:42:28.253 23427 30716 I WiVRn   : [2026-09-09 22:42:28.253] [WiVRn] [info] Tracking pattern (11111µs):
09-09 22:42:28.253 23427 30716 I WiVRn   : [2026-09-09 22:42:28.253] [WiVRn] [info] 	t+3206µs HEAD (7905µs)
09-09 22:42:28.253 23427 30716 I WiVRn   : [2026-09-09 22:42:28.253] [WiVRn] [info] 	t+3248µs LEFT_GRIP (7863µs)
09-09 22:42:28.253 23427 30716 I WiVRn   : [2026-09-09 22:42:28.253] [WiVRn] [info] 	t+3253µs RIGHT_GRIP (7857µs)
09-09 22:42:28.253 23427 30716 I WiVRn   : [2026-09-09 22:42:28.253] [WiVRn] [info] 	t+6206µs HEAD (4905µs)
09-09 22:42:28.253 23427 30716 I WiVRn   : [2026-09-09 22:42:28.253] [WiVRn] [info] 	t+6248µs LEFT_GRIP (4863µs)
09-09 22:42:28.253 23427 30716 I WiVRn   : [2026-09-09 22:42:28.253] [WiVRn] [info] 	t+6253µs RIGHT_GRIP (4857µs)
09-09 22:42:29.050 23427 30709 I WiVRn   : [2026-09-09 22:42:29.050] [WiVRn] [info] nxwarp[0] net: 162 frames closed in 2.0 s, 0 with a hole, 0 out-of-order datagrams, 0 frames completed late, 0 queued for the worker, 3693 decoded so far, 3864 stragglers dropped; last hole 0/0 chunks, first missing -1, short false, chunk 1166 B
09-09 22:42:29.050 23427 30709 I WiVRn   : [2026-09-09 22:42:29.050] [WiVRn] [info] nxwarp[0] net: 0.028 ms per datagram over 28968 datagrams (403.28 ms of every second)
09-09 22:42:29.050 23427 30709 I WiVRn   : [2026-09-09 22:42:29.050] [WiVRn] [info] nxwarp[0] sel: stride 1, arrival 12.1 ms, dropped-late 80, withheld 0, decoded 3693
09-09 22:42:29.050 23427 30709 I WiVRn   : [2026-09-09 22:42:29.050] [WiVRn] [info] nxwarp[0] rx: 665784 datagrams, placed 7279610 (+243396), late 70732 (+7797), stale_frame 0, bad_range 0, bad_dir 0, bad_caps 0, bad_ver 0, auth_fail 0, replay 0, frozen 0, dup 205
09-09 22:42:29.253 23427 30716 I WiVRn   : [2026-09-09 22:42:29.253] [WiVRn] [info] Tracking pattern (11111µs):
09-09 22:42:29.253 23427 30716 I WiVRn   : [2026-09-09 22:42:29.253] [WiVRn] [info] 	t+3773µs HEAD (7338µs)
09-09 22:42:29.253 23427 30716 I WiVRn   : [2026-09-09 22:42:29.253] [WiVRn] [info] 	t+3815µs LEFT_GRIP (7295µs)
09-09 22:42:29.253 23427 30716 I WiVRn   : [2026-09-09 22:42:29.253] [WiVRn] [info] 	t+3821µs RIGHT_GRIP (7290µs)
09-09 22:42:29.253 23427 30716 I WiVRn   : [2026-09-09 22:42:29.253] [WiVRn] [info] 	t+6773µs HEAD (4338µs)
09-09 22:42:29.253 23427 30716 I WiVRn   : [2026-09-09 22:42:29.253] [WiVRn] [info] 	t+6815µs LEFT_GRIP (4295µs)
09-09 22:42:29.253 23427 30716 I WiVRn   : [2026-09-09 22:42:29.253] [WiVRn] [info] 	t+6821µs RIGHT_GRIP (4290µs)
09-09 22:42:29.254 23427 30672 I PxrMetric: FPS=88/90,MTP=26.27ms,AppSW=off,FrmEarly=10,FrmLate=7,FrmCpu=0.74ms,FrmGpu=9.63ms,FrmTime=14.81ms,ATWGPU=1.55ms,VsyncDelay=2,GPU=99%/587Mhz,GPUTemp=73.6C,LayerCnt=3,Pkg=org.meumeu.wivrn.nx.warp,FrmId=4333
09-09 22:42:29.803 23427 30714 I WiVRn   : [2026-09-09 22:42:29.803] [WiVRn] [info] nxwarp[0]: 159 frames in 2.0 s: 147990 B/frame, wait-prev 0.0 ms, wall 10.0 ms, nxvc passA 2.4 passB 3.1 gpu 5.5 ms; holes 0, refused 0
09-09 22:42:29.803 23427 30714 I WiVRn   : [2026-09-09 22:42:29.803] [WiVRn] [info] nxwarp[0] gpu duty 435 ms/s (44% of one GPU) for decode alone; the display pass is extra
09-09 22:42:29.803 23427 30714 I WiVRn   : [2026-09-09 22:42:29.803] [WiVRn] [info] nxwarp[0] passB 3.1 ms = warp 0.0 + skip 0.0 + coded 0.0 + dir 0.0 + other 3.1; tiles skip 0 / coded 2312 / dir 0 (eye pass 0)
09-09 22:42:29.803 23427 30714 I WiVRn   : [2026-09-09 22:42:29.803] [WiVRn] [info] nxwarp[0]: 80 frames dropped late (queue kept to 1)
09-09 22:42:29.803 23427 30714 I WiVRn   : [2026-09-09 22:42:29.803] [WiVRn] [info] nxwarp[0] stage: gap 2.7 | wait-prev 0.0 | submit 1.0 (qlock 0.0 + codec 1.0) | get_free 0.0 | fence-pre 0.0 | record 0.0 | qsubmit 0.0 | fence-post 8.8 | publish 0.0 ms; withheld 0, stride 1, arrival 13.2 ms
09-09 22:42:29.803 23427 30714 I WiVRn   : [2026-09-09 22:42:29.803] [WiVRn] [info] nxwarp[0] reassembly (network thread): 0.07 ms/frame over 160 frames, buffer 145 kB held for 145 kB of unit (1.0x)
09-09 22:42:29.803 23427 30714 I WiVRn   : [2026-09-09 22:42:29.803] [WiVRn] [info] nxwarp[0] fence-post 8.9 ms = nxvc gpu 5.5 + copy gpu 0.00 + queue 3.3 (over 159 frames with timestamps)
09-09 22:42:29.841 23427 30678 I WiVRn   : [2026-09-09 22:42:29.841] [WiVRn] [info] render: 178 iterations in 2.0 s (89.0/s), 178 submitted a layer, 152 new-source, 0 skipped by the repeat gate, 0 with nothing to show; display period 11.2 ms
09-09 22:42:29.841 23427 30678 I WiVRn   : [2026-09-09 22:42:29.841] [WiVRn] [info] render: ready wait attempts 71 success 45 total 205.362 ms | selected older than available 0
09-09 22:42:29.841 23427 30678 I WiVRn   : [2026-09-09 22:42:29.841] [WiVRn] [info] render: selected source transitions forward 152 backward 0 repeat 26, greatest forward gap 3
09-09 22:42:29.841 23427 30678 I WiVRn   : [2026-09-09 22:42:29.841] [WiVRn] [info] render: this app's own GPU pass 5.4 ms per iteration
09-09 22:42:29.841 23427 30678 I WiVRn   : [2026-09-09 22:42:29.841] [WiVRn] [info] render: defoveate 2160x2160 per eye x2 = 9.33 Mpx/frame at scale 1.00 atlas-prototype 0; 26 re-presented from the cache (reduce_gpu_load on)
09-09 22:42:29.841 23427 30678 I WiVRn   : [2026-09-09 22:42:29.841] [WiVRn] [info] render: shader path sharpness 0.00 fsr false alpha false motion false blend false glow 0.00 vignette 0.00 deband 0.00 lowpoly 0.00 levels 0 full-kernel false
09-09 22:42:29.841 23427 30678 I WiVRn   : [2026-09-09 22:42:29.841] [WiVRn] [info] render: per iteration fence 1.7 (worst 11.6) | queries 0.0 | submit 0.0 | whole render() 3.4 ms
09-09 22:42:29.841 23427 30678 I WiVRn   : [2026-09-09 22:42:29.841] [WiVRn] [info] render: jit on | wake slack 35.9 ms | slept 0.8 ms mean (max 11.7, 178 of 178 iterations) | budget 13.1 = pass 12.1 + margin 1.0 | sleep cap 0.6 ms
09-09 22:42:29.841 23427 30678 I WiVRn   : [2026-09-09 22:42:29.841] [WiVRn] [info] render: source display-time offset 61.3 ms mean (worst 70.8) over 178 frames | submit lead 31.6 ms mean (worst 16.9) | misses: 0 overrun 0 late 1 skipped refresh
09-09 22:42:30.253 23427 30716 I WiVRn   : [2026-09-09 22:42:30.253] [WiVRn] [info] Tracking pattern (11112µs):
09-09 22:42:30.253 23427 30716 I WiVRn   : [2026-09-09 22:42:30.253] [WiVRn] [info] 	t+729µs HEAD (10382µs)
09-09 22:42:30.253 23427 30716 I WiVRn   : [2026-09-09 22:42:30.253] [WiVRn] [info] 	t+1075µs LEFT_GRIP (10037µs)
09-09 22:42:30.253 23427 30716 I WiVRn   : [2026-09-09 22:42:30.253] [WiVRn] [info] 	t+1138µs RIGHT_GRIP (9974µs)
09-09 22:42:30.253 23427 30716 I WiVRn   : [2026-09-09 22:42:30.253] [WiVRn] [info] 	t+3729µs HEAD (7382µs)
09-09 22:42:30.253 23427 30716 I WiVRn   : [2026-09-09 22:42:30.253] [WiVRn] [info] 	t+4075µs LEFT_GRIP (7037µs)
09-09 22:42:30.253 23427 30716 I WiVRn   : [2026-09-09 22:42:30.253] [WiVRn] [info] 	t+4138µs RIGHT_GRIP (6974µs)
09-09 22:42:30.253 23427 30716 I WiVRn   : [2026-09-09 22:42:30.253] [WiVRn] [info] 	t+6729µs HEAD (4382µs)
09-09 22:42:30.253 23427 30716 I WiVRn   : [2026-09-09 22:42:30.253] [WiVRn] [info] 	t+7075µs LEFT_GRIP (4037µs)
09-09 22:42:30.253 23427 30716 I WiVRn   : [2026-09-09 22:42:30.253] [WiVRn] [info] 	t+7138µs RIGHT_GRIP (3974µs)
09-09 22:42:30.262 23427 30672 I PxrMetric: FPS=89/90,MTP=31.45ms,AppSW=off,FrmEarly=8,FrmLate=4,FrmCpu=1.45ms,FrmGpu=7.27ms,FrmTime=9.33ms,ATWGPU=1.55ms,VsyncDelay=1,GPU=86%/587Mhz,GPUTemp=72.5C,LayerCnt=3,Pkg=org.meumeu.wivrn.nx.warp,FrmId=4424
09-09 22:42:31.060 23427 30709 I WiVRn   : [2026-09-09 22:42:31.060] [WiVRn] [info] nxwarp[0] net: 162 frames closed in 2.0 s, 0 with a hole, 0 out-of-order datagrams, 0 frames completed late, 0 queued for the worker, 3855 decoded so far, 4032 stragglers dropped; last hole 0/0 chunks, first missing -1, short false, chunk 1166 B
09-09 22:42:31.060 23427 30709 I WiVRn   : [2026-09-09 22:42:31.060] [WiVRn] [info] nxwarp[0] net: 0.031 ms per datagram over 25645 datagrams (398.24 ms of every second)
09-09 22:42:31.060 23427 30709 I WiVRn   : [2026-09-09 22:42:31.060] [WiVRn] [info] nxwarp[0] sel: stride 1, arrival 11.9 ms, dropped-late 81, withheld 0, decoded 3855
09-09 22:42:31.060 23427 30709 I WiVRn   : [2026-09-09 22:42:31.060] [WiVRn] [info] nxwarp[0] rx: 691429 datagrams, placed 7363466 (+83856), late 81530 (+10798), stale_frame 0, bad_range 0, bad_dir 0, bad_caps 0, bad_ver 0, auth_fail 0, replay 0, frozen 0, dup 239
09-09 22:42:31.253 23427 30716 I WiVRn   : [2026-09-09 22:42:31.253] [WiVRn] [info] Tracking pattern (11109µs):
09-09 22:42:31.253 23427 30716 I WiVRn   : [2026-09-09 22:42:31.253] [WiVRn] [info] 	t+3210µs HEAD (7899µs)
09-09 22:42:31.253 23427 30716 I WiVRn   : [2026-09-09 22:42:31.253] [WiVRn] [info] 	t+3288µs LEFT_GRIP (7820µs)
09-09 22:42:31.253 23427 30716 I WiVRn   : [2026-09-09 22:42:31.253] [WiVRn] [info] 	t+3294µs RIGHT_GRIP (7815µs)
09-09 22:42:31.253 23427 30716 I WiVRn   : [2026-09-09 22:42:31.253] [WiVRn] [info] 	t+6210µs HEAD (4899µs)
09-09 22:42:31.253 23427 30716 I WiVRn   : [2026-09-09 22:42:31.253] [WiVRn] [info] 	t+6288µs LEFT_GRIP (4820µs)
09-09 22:42:31.253 23427 30716 I WiVRn   : [2026-09-09 22:42:31.253] [WiVRn] [info] 	t+6294µs RIGHT_GRIP (4815µs)
09-09 22:42:31.266 23427 30672 I PxrMetric: FPS=90/90,MTP=31.91ms,AppSW=off,FrmEarly=8,FrmLate=9,FrmCpu=0.89ms,FrmGpu=8.47ms,FrmTime=10.02ms,ATWGPU=1.54ms,VsyncDelay=1,GPU=99%/587Mhz,GPUTemp=74.8C,LayerCnt=3,Pkg=org.meumeu.wivrn.nx.warp,FrmId=4512
09-09 22:42:31.805 23427 30714 I WiVRn   : [2026-09-09 22:42:31.805] [WiVRn] [info] nxwarp[0]: 165 frames in 2.0 s: 141080 B/frame, wait-prev 0.0 ms, wall 9.8 ms, nxvc passA 2.1 passB 3.1 gpu 5.1 ms; holes 0, refused 0
09-09 22:42:31.805 23427 30714 I WiVRn   : [2026-09-09 22:42:31.805] [WiVRn] [info] nxwarp[0] gpu duty 424 ms/s (42% of one GPU) for decode alone; the display pass is extra
09-09 22:42:31.805 23427 30714 I WiVRn   : [2026-09-09 22:42:31.805] [WiVRn] [info] nxwarp[0] passB 3.1 ms = warp 0.0 + skip 0.0 + coded 0.0 + dir 0.0 + other 3.1; tiles skip 0 / coded 2312 / dir 0 (eye pass 0)
09-09 22:42:31.805 23427 30714 I WiVRn   : [2026-09-09 22:42:31.805] [WiVRn] [info] nxwarp[0]: 81 frames dropped late (queue kept to 1)
09-09 22:42:31.805 23427 30714 I WiVRn   : [2026-09-09 22:42:31.805] [WiVRn] [info] nxwarp[0] stage: gap 2.4 | wait-prev 0.0 | submit 1.0 (qlock 0.0 + codec 1.0) | get_free 0.0 | fence-pre 0.0 | record 0.0 | qsubmit 0.0 | fence-post 8.7 | publish 0.0 ms; withheld 0, stride 1, arrival 12.7 ms
09-09 22:42:31.805 23427 30714 I WiVRn   : [2026-09-09 22:42:31.805] [WiVRn] [info] nxwarp[0] reassembly (network thread): 0.07 ms/frame over 166 frames, buffer 138 kB held for 138 kB of unit (1.0x)
09-09 22:42:31.805 23427 30714 I WiVRn   : [2026-09-09 22:42:31.805] [WiVRn] [info] nxwarp[0] fence-post 8.7 ms = nxvc gpu 5.1 + copy gpu 0.00 + queue 3.5 (over 165 frames with timestamps)
09-09 22:42:31.844 23427 30678 I WiVRn   : [2026-09-09 22:42:31.844] [WiVRn] [info] render: 177 iterations in 2.0 s (88.4/s), 177 submitted a layer, 161 new-source, 0 skipped by the repeat gate, 0 with nothing to show; display period 11.3 ms
09-09 22:42:31.844 23427 30678 I WiVRn   : [2026-09-09 22:42:31.844] [WiVRn] [info] render: ready wait attempts 65 success 49 total 155.210 ms | selected older than available 0
09-09 22:42:31.844 23427 30678 I WiVRn   : [2026-09-09 22:42:31.844] [WiVRn] [info] render: selected source transitions forward 161 backward 0 repeat 16, greatest forward gap 2
09-09 22:42:31.844 23427 30678 I WiVRn   : [2026-09-09 22:42:31.844] [WiVRn] [info] render: this app's own GPU pass 5.8 ms per iteration
09-09 22:42:31.844 23427 30678 I WiVRn   : [2026-09-09 22:42:31.844] [WiVRn] [info] render: defoveate 2160x2160 per eye x2 = 9.33 Mpx/frame at scale 1.00 atlas-prototype 0; 16 re-presented from the cache (reduce_gpu_load on)
09-09 22:42:31.844 23427 30678 I WiVRn   : [2026-09-09 22:42:31.844] [WiVRn] [info] render: shader path sharpness 0.00 fsr false alpha false motion false blend false glow 0.00 vignette 0.00 deband 0.00 lowpoly 0.00 levels 0 full-kernel false
09-09 22:42:31.844 23427 30678 I WiVRn   : [2026-09-09 22:42:31.844] [WiVRn] [info] render: per iteration fence 2.1 (worst 11.4) | queries 0.0 | submit 0.0 | whole render() 3.6 ms
09-09 22:42:31.844 23427 30678 I WiVRn   : [2026-09-09 22:42:31.844] [WiVRn] [info] render: jit on | wake slack 35.8 ms | slept 0.6 ms mean (max 0.6, 177 of 177 iterations) | budget 12.6 = pass 11.6 + margin 1.0 | sleep cap 0.6 ms
09-09 22:42:31.844 23427 30678 I WiVRn   : [2026-09-09 22:42:31.844] [WiVRn] [info] render: source display-time offset 59.3 ms mean (worst 81.9) over 177 frames | submit lead 31.6 ms mean (worst 24.6) | misses: 0 overrun 0 late 0 skipped refresh
09-09 22:42:32.253 23427 30716 I WiVRn   : [2026-09-09 22:42:32.253] [WiVRn] [info] Tracking pattern (11110µs):
09-09 22:42:32.253 23427 30716 I WiVRn   : [2026-09-09 22:42:32.253] [WiVRn] [info] 	t+474µs HEAD (10636µs)
09-09 22:42:32.253 23427 30716 I WiVRn   : [2026-09-09 22:42:32.253] [WiVRn] [info] 	t+516µs LEFT_GRIP (10594µs)
09-09 22:42:32.253 23427 30716 I WiVRn   : [2026-09-09 22:42:32.253] [WiVRn] [info] 	t+523µs RIGHT_GRIP (10587µs)
09-09 22:42:32.253 23427 30716 I WiVRn   : [2026-09-09 22:42:32.253] [WiVRn] [info] 	t+3474µs HEAD (7636µs)
09-09 22:42:32.253 23427 30716 I WiVRn   : [2026-09-09 22:42:32.253] [WiVRn] [info] 	t+3516µs LEFT_GRIP (7594µs)
09-09 22:42:32.253 23427 30716 I WiVRn   : [2026-09-09 22:42:32.253] [WiVRn] [info] 	t+3523µs RIGHT_GRIP (7587µs)
09-09 22:42:32.253 23427 30716 I WiVRn   : [2026-09-09 22:42:32.253] [WiVRn] [info] 	t+6474µs HEAD (4636µs)
09-09 22:42:32.253 23427 30716 I WiVRn   : [2026-09-09 22:42:32.253] [WiVRn] [info] 	t+6516µs LEFT_GRIP (4594µs)
09-09 22:42:32.253 23427 30716 I WiVRn   : [2026-09-09 22:42:32.253] [WiVRn] [info] 	t+6523µs RIGHT_GRIP (4587µs)
09-09 22:42:32.272 23427 30672 I PxrMetric: FPS=88/90,MTP=32.00ms,AppSW=off,FrmEarly=10,FrmLate=11,FrmCpu=1.81ms,FrmGpu=6.25ms,FrmTime=8.84ms,ATWGPU=1.54ms,VsyncDelay=1,GPU=89%/587Mhz,GPUTemp=73.3C,LayerCnt=3,Pkg=org.meumeu.wivrn.nx.warp,FrmId=4601
09-09 22:42:33.067 23427 30709 I WiVRn   : [2026-09-09 22:42:33.067] [WiVRn] [info] nxwarp[0] net: 167 frames closed in 2.0 s, 0 with a hole, 0 out-of-order datagrams, 0 frames completed late, 0 queued for the worker, 4022 decoded so far, 4199 stragglers dropped; last hole 0/0 chunks, first missing -1, short false, chunk 1166 B
09-09 22:42:33.067 23427 30709 I WiVRn   : [2026-09-09 22:42:33.067] [WiVRn] [info] nxwarp[0] net: 0.028 ms per datagram over 28311 datagrams (399.81 ms of every second)
09-09 22:42:33.067 23427 30709 I WiVRn   : [2026-09-09 22:42:33.067] [WiVRn] [info] nxwarp[0] sel: stride 1, arrival 11.9 ms, dropped-late 81, withheld 0, decoded 4022
09-09 22:42:33.067 23427 30709 I WiVRn   : [2026-09-09 22:42:33.067] [WiVRn] [info] nxwarp[0] rx: 719740 datagrams, placed 7657340 (+293874), late 84412 (+2882), stale_frame 0, bad_range 0, bad_dir 0, bad_caps 0, bad_ver 0, auth_fail 0, replay 0, frozen 0, dup 252
09-09 22:42:33.253 23427 30716 I WiVRn   : [2026-09-09 22:42:33.253] [WiVRn] [info] Tracking pattern (11110µs):
09-09 22:42:33.253 23427 30716 I WiVRn   : [2026-09-09 22:42:33.253] [WiVRn] [info] 	t+2676µs HEAD (8433µs)
09-09 22:42:33.253 23427 30716 I WiVRn   : [2026-09-09 22:42:33.253] [WiVRn] [info] 	t+2732µs LEFT_GRIP (8377µs)
09-09 22:42:33.253 23427 30716 I WiVRn   : [2026-09-09 22:42:33.253] [WiVRn] [info] 	t+2744µs RIGHT_GRIP (8365µs)
09-09 22:42:33.253 23427 30716 I WiVRn   : [2026-09-09 22:42:33.253] [WiVRn] [info] 	t+5676µs HEAD (5433µs)
09-09 22:42:33.253 23427 30716 I WiVRn   : [2026-09-09 22:42:33.253] [WiVRn] [info] 	t+5732µs LEFT_GRIP (5377µs)
09-09 22:42:33.253 23427 30716 I WiVRn   : [2026-09-09 22:42:33.253] [WiVRn] [info] 	t+5744µs RIGHT_GRIP (5365µs)
09-09 22:42:33.276 23427 30672 I PxrMetric: FPS=88/90,MTP=31.60ms,AppSW=off,FrmEarly=6,FrmLate=7,FrmCpu=0.84ms,FrmGpu=7.86ms,FrmTime=9.29ms,ATWGPU=1.55ms,VsyncDelay=1,GPU=99%/587Mhz,GPUTemp=76.8C,LayerCnt=3,Pkg=org.meumeu.wivrn.nx.warp,FrmId=4690
09-09 22:42:33.812 23427 30714 I WiVRn   : [2026-09-09 22:42:33.812] [WiVRn] [info] nxwarp[0]: 165 frames in 2.0 s: 135492 B/frame, wait-prev 0.0 ms, wall 9.4 ms, nxvc passA 2.1 passB 2.9 gpu 5.0 ms; holes 0, refused 0
09-09 22:42:33.812 23427 30714 I WiVRn   : [2026-09-09 22:42:33.812] [WiVRn] [info] nxwarp[0] gpu duty 411 ms/s (41% of one GPU) for decode alone; the display pass is extra
09-09 22:42:33.812 23427 30714 I WiVRn   : [2026-09-09 22:42:33.812] [WiVRn] [info] nxwarp[0] passB 2.9 ms = warp 0.0 + skip 0.0 + coded 0.0 + dir 0.0 + other 2.9; tiles skip 0 / coded 2312 / dir 0 (eye pass 0)
09-09 22:42:33.812 23427 30714 I WiVRn   : [2026-09-09 22:42:33.812] [WiVRn] [info] nxwarp[0]: 81 frames dropped late (queue kept to 1)
09-09 22:42:33.812 23427 30714 I WiVRn   : [2026-09-09 22:42:33.812] [WiVRn] [info] nxwarp[0] stage: gap 2.8 | wait-prev 0.0 | submit 1.0 (qlock 0.0 + codec 1.0) | get_free 0.0 | fence-pre 0.0 | record 0.0 | qsubmit 0.0 | fence-post 8.3 | publish 0.0 ms; withheld 0, stride 1, arrival 12.6 ms
09-09 22:42:33.812 23427 30714 I WiVRn   : [2026-09-09 22:42:33.812] [WiVRn] [info] nxwarp[0] reassembly (network thread): 0.09 ms/frame over 165 frames, buffer 132 kB held for 132 kB of unit (1.0x)
09-09 22:42:33.812 23427 30714 I WiVRn   : [2026-09-09 22:42:33.812] [WiVRn] [info] nxwarp[0] fence-post 8.3 ms = nxvc gpu 5.0 + copy gpu 0.00 + queue 3.3 (over 165 frames with timestamps)
09-09 22:42:33.854 23427 30678 I WiVRn   : [2026-09-09 22:42:33.854] [WiVRn] [info] render: 178 iterations in 2.0 s (88.5/s), 178 submitted a layer, 157 new-source, 0 skipped by the repeat gate, 0 with nothing to show; display period 11.3 ms
09-09 22:42:33.854 23427 30678 I WiVRn   : [2026-09-09 22:42:33.854] [WiVRn] [info] render: ready wait attempts 78 success 57 total 205.529 ms | selected older than available 0
09-09 22:42:33.854 23427 30678 I WiVRn   : [2026-09-09 22:42:33.854] [WiVRn] [info] render: selected source transitions forward 157 backward 0 repeat 21, greatest forward gap 2
09-09 22:42:33.854 23427 30678 I WiVRn   : [2026-09-09 22:42:33.854] [WiVRn] [info] render: this app's own GPU pass 5.6 ms per iteration
09-09 22:42:33.854 23427 30678 I WiVRn   : [2026-09-09 22:42:33.854] [WiVRn] [info] render: defoveate 2160x2160 per eye x2 = 9.33 Mpx/frame at scale 1.00 atlas-prototype 0; 21 re-presented from the cache (reduce_gpu_load on)
09-09 22:42:33.854 23427 30678 I WiVRn   : [2026-09-09 22:42:33.854] [WiVRn] [info] render: shader path sharpness 0.00 fsr false alpha false motion false blend false glow 0.00 vignette 0.00 deband 0.00 lowpoly 0.00 levels 0 full-kernel false
09-09 22:42:33.854 23427 30678 I WiVRn   : [2026-09-09 22:42:33.854] [WiVRn] [info] render: per iteration fence 1.1 (worst 11.4) | queries 0.0 | submit 0.0 | whole render() 2.8 ms
09-09 22:42:33.854 23427 30678 I WiVRn   : [2026-09-09 22:42:33.854] [WiVRn] [info] render: jit on | wake slack 34.7 ms | slept 0.8 ms mean (max 11.7, 178 of 178 iterations) | budget 12.3 = pass 11.3 + margin 1.0 | sleep cap 0.6 ms
09-09 22:42:33.854 23427 30678 I WiVRn   : [2026-09-09 22:42:33.854] [WiVRn] [info] render: source display-time offset 57.1 ms mean (worst 71.0) over 178 frames | submit lead 31.0 ms mean (worst 18.8) | misses: 0 overrun 0 late 1 skipped refresh
09-09 22:42:34.253 23427 30716 I WiVRn   : [2026-09-09 22:42:34.253] [WiVRn] [info] Tracking pattern (11112µs):
09-09 22:42:34.253 23427 30716 I WiVRn   : [2026-09-09 22:42:34.253] [WiVRn] [info] 	t+2394µs HEAD (8717µs)
09-09 22:42:34.253 23427 30716 I WiVRn   : [2026-09-09 22:42:34.253] [WiVRn] [info] 	t+2468µs LEFT_GRIP (8644µs)
09-09 22:42:34.253 23427 30716 I WiVRn   : [2026-09-09 22:42:34.253] [WiVRn] [info] 	t+2478µs RIGHT_GRIP (8633µs)
09-09 22:42:34.253 23427 30716 I WiVRn   : [2026-09-09 22:42:34.253] [WiVRn] [info] 	t+5394µs HEAD (5717µs)
09-09 22:42:34.253 23427 30716 I WiVRn   : [2026-09-09 22:42:34.253] [WiVRn] [info] 	t+5468µs LEFT_GRIP (5644µs)
09-09 22:42:34.253 23427 30716 I WiVRn   : [2026-09-09 22:42:34.253] [WiVRn] [info] 	t+5478µs RIGHT_GRIP (5633µs)
09-09 22:42:34.284 23427 30672 I PxrMetric: FPS=89/90,MTP=35.62ms,AppSW=off,FrmEarly=7,FrmLate=19,FrmCpu=0.55ms,FrmGpu=10.75ms,FrmTime=17.88ms,ATWGPU=1.54ms,VsyncDelay=2,GPU=99%/587Mhz,GPUTemp=74.0C,LayerCnt=3,Pkg=org.meumeu.wivrn.nx.warp,FrmId=4779
09-09 22:42:35.068 23427 30709 I WiVRn   : [2026-09-09 22:42:35.068] [WiVRn] [info] nxwarp[0] net: 171 frames closed in 2.0 s, 0 with a hole, 0 out-of-order datagrams, 0 frames completed late, 0 queued for the worker, 4192 decoded so far, 4370 stragglers dropped; last hole 0/0 chunks, first missing -1, short false, chunk 1166 B
09-09 22:42:35.068 23427 30709 I WiVRn   : [2026-09-09 22:42:35.068] [WiVRn] [info] nxwarp[0] net: 0.028 ms per datagram over 30322 datagrams (416.84 ms of every second)
09-09 22:42:35.068 23427 30709 I WiVRn   : [2026-09-09 22:42:35.068] [WiVRn] [info] nxwarp[0] sel: stride 1, arrival 11.1 ms, dropped-late 81, withheld 0, decoded 4192
09-09 22:42:35.068 23427 30709 I WiVRn   : [2026-09-09 22:42:35.068] [WiVRn] [info] nxwarp[0] rx: 750062 datagrams, placed 7993466 (+336126), late 86446 (+2034), stale_frame 0, bad_range 0, bad_dir 0, bad_caps 0, bad_ver 0, auth_fail 0, replay 0, frozen 0, dup 260
09-09 22:42:35.253 23427 30716 I WiVRn   : [2026-09-09 22:42:35.253] [WiVRn] [info] Tracking pattern (11113µs):
09-09 22:42:35.253 23427 30716 I WiVRn   : [2026-09-09 22:42:35.253] [WiVRn] [info] 	t+2134µs HEAD (8978µs)
09-09 22:42:35.253 23427 30716 I WiVRn   : [2026-09-09 22:42:35.253] [WiVRn] [info] 	t+2209µs LEFT_GRIP (8903µs)
09-09 22:42:35.253 23427 30716 I WiVRn   : [2026-09-09 22:42:35.253] [WiVRn] [info] 	t+2220µs RIGHT_GRIP (8892µs)
09-09 22:42:35.253 23427 30716 I WiVRn   : [2026-09-09 22:42:35.253] [WiVRn] [info] 	t+5134µs HEAD (5978µs)
09-09 22:42:35.253 23427 30716 I WiVRn   : [2026-09-09 22:42:35.253] [WiVRn] [info] 	t+5209µs LEFT_GRIP (5903µs)
09-09 22:42:35.253 23427 30716 I WiVRn   : [2026-09-09 22:42:35.253] [WiVRn] [info] 	t+5220µs RIGHT_GRIP (5892µs)
09-09 22:42:35.294 23427 30672 I PxrMetric: FPS=88/90,MTP=32.28ms,AppSW=off,FrmEarly=16,FrmLate=11,FrmCpu=0.82ms,FrmGpu=7.40ms,FrmTime=10.66ms,ATWGPU=1.55ms,VsyncDelay=1,GPU=99%/587Mhz,GPUTemp=74.4C,LayerCnt=3,Pkg=org.meumeu.wivrn.nx.warp,FrmId=4867
09-09 22:42:35.822 23427 30714 I WiVRn   : [2026-09-09 22:42:35.822] [WiVRn] [info] nxwarp[0]: 172 frames in 2.0 s: 137787 B/frame, wait-prev 0.0 ms, wall 9.8 ms, nxvc passA 2.1 passB 3.0 gpu 5.1 ms; holes 0, refused 0
09-09 22:42:35.822 23427 30714 I WiVRn   : [2026-09-09 22:42:35.822] [WiVRn] [info] nxwarp[0] gpu duty 433 ms/s (43% of one GPU) for decode alone; the display pass is extra
09-09 22:42:35.822 23427 30714 I WiVRn   : [2026-09-09 22:42:35.822] [WiVRn] [info] nxwarp[0] passB 3.0 ms = warp 0.0 + skip 0.0 + coded 0.0 + dir 0.0 + other 3.0; tiles skip 0 / coded 2312 / dir 0 (eye pass 0)
09-09 22:42:35.822 23427 30714 I WiVRn   : [2026-09-09 22:42:35.822] [WiVRn] [info] nxwarp[0]: 81 frames dropped late (queue kept to 1)
09-09 22:42:35.822 23427 30714 I WiVRn   : [2026-09-09 22:42:35.822] [WiVRn] [info] nxwarp[0] stage: gap 1.9 | wait-prev 0.0 | submit 1.0 (qlock 0.0 + codec 1.0) | get_free 0.0 | fence-pre 0.0 | record 0.0 | qsubmit 0.0 | fence-post 8.7 | publish 0.0 ms; withheld 0, stride 1, arrival 13.3 ms
09-09 22:42:35.822 23427 30714 I WiVRn   : [2026-09-09 22:42:35.822] [WiVRn] [info] nxwarp[0] reassembly (network thread): 0.08 ms/frame over 172 frames, buffer 135 kB held for 135 kB of unit (1.0x)
09-09 22:42:35.822 23427 30714 I WiVRn   : [2026-09-09 22:42:35.822] [WiVRn] [info] nxwarp[0] fence-post 8.7 ms = nxvc gpu 5.1 + copy gpu 0.00 + queue 3.6 (over 172 frames with timestamps)
09-09 22:42:35.864 23427 30678 I WiVRn   : [2026-09-09 22:42:35.864] [WiVRn] [info] render: 176 iterations in 2.0 s (87.9/s), 176 submitted a layer, 167 new-source, 0 skipped by the repeat gate, 0 with nothing to show; display period 11.4 ms
09-09 22:42:35.864 23427 30678 I WiVRn   : [2026-09-09 22:42:35.864] [WiVRn] [info] render: ready wait attempts 38 success 29 total 84.843 ms | selected older than available 0
09-09 22:42:35.864 23427 30678 I WiVRn   : [2026-09-09 22:42:35.864] [WiVRn] [info] render: selected source transitions forward 167 backward 0 repeat 9, greatest forward gap 3
09-09 22:42:35.864 23427 30678 I WiVRn   : [2026-09-09 22:42:35.864] [WiVRn] [info] render: this app's own GPU pass 6.1 ms per iteration
09-09 22:42:35.864 23427 30678 I WiVRn   : [2026-09-09 22:42:35.864] [WiVRn] [info] render: defoveate 2160x2160 per eye x2 = 9.33 Mpx/frame at scale 1.00 atlas-prototype 0; 9 re-presented from the cache (reduce_gpu_load on)
09-09 22:42:35.864 23427 30678 I WiVRn   : [2026-09-09 22:42:35.864] [WiVRn] [info] render: shader path sharpness 0.00 fsr false alpha false motion false blend false glow 0.00 vignette 0.00 deband 0.00 lowpoly 0.00 levels 0 full-kernel false
09-09 22:42:35.864 23427 30678 I WiVRn   : [2026-09-09 22:42:35.864] [WiVRn] [info] render: per iteration fence 3.2 (worst 11.6) | queries 0.0 | submit 0.0 | whole render() 4.3 ms
09-09 22:42:35.864 23427 30678 I WiVRn   : [2026-09-09 22:42:35.864] [WiVRn] [info] render: jit on | wake slack 37.1 ms | slept 0.8 ms mean (max 11.7, 176 of 176 iterations) | budget 13.0 = pass 12.0 + margin 1.0 | sleep cap 0.6 ms
09-09 22:42:35.864 23427 30678 I WiVRn   : [2026-09-09 22:42:35.864] [WiVRn] [info] render: source display-time offset 59.3 ms mean (worst 71.3) over 176 frames | submit lead 32.0 ms mean (worst 17.7) | misses: 0 overrun 0 late 1 skipped refresh
09-09 22:42:36.253 23427 30716 I WiVRn   : [2026-09-09 22:42:36.253] [WiVRn] [info] Tracking pattern (11111µs):
09-09 22:42:36.253 23427 30716 I WiVRn   : [2026-09-09 22:42:36.253] [WiVRn] [info] 	t+2441µs HEAD (8669µs)
09-09 22:42:36.253 23427 30716 I WiVRn   : [2026-09-09 22:42:36.253] [WiVRn] [info] 	t+2509µs LEFT_GRIP (8602µs)
09-09 22:42:36.253 23427 30716 I WiVRn   : [2026-09-09 22:42:36.253] [WiVRn] [info] 	t+2522µs RIGHT_GRIP (8588µs)
09-09 22:42:36.253 23427 30716 I WiVRn   : [2026-09-09 22:42:36.253] [WiVRn] [info] 	t+5441µs HEAD (5669µs)
09-09 22:42:36.253 23427 30716 I WiVRn   : [2026-09-09 22:42:36.253] [WiVRn] [info] 	t+5509µs LEFT_GRIP (5602µs)
09-09 22:42:36.253 23427 30716 I WiVRn   : [2026-09-09 22:42:36.253] [WiVRn] [info] 	t+5522µs RIGHT_GRIP (5588µs)
09-09 22:42:36.302 23427 30672 I PxrMetric: FPS=87/90,MTP=37.44ms,AppSW=off,FrmEarly=13,FrmLate=13,FrmCpu=0.99ms,FrmGpu=7.86ms,FrmTime=12.77ms,ATWGPU=1.55ms,VsyncDelay=2,GPU=99%/587Mhz,GPUTemp=74.0C,LayerCnt=3,Pkg=org.meumeu.wivrn.nx.warp,FrmId=4956
09-09 22:42:37.070 23427 30709 I WiVRn   : [2026-09-09 22:42:37.070] [WiVRn] [info] nxwarp[0] net: 165 frames closed in 2.0 s, 0 with a hole, 0 out-of-order datagrams, 0 frames completed late, 0 queued for the worker, 4358 decoded so far, 4535 stragglers dropped; last hole 0/0 chunks, first missing -1, short false, chunk 1166 B
09-09 22:42:37.070 23427 30709 I WiVRn   : [2026-09-09 22:42:37.070] [WiVRn] [info] nxwarp[0] net: 0.027 ms per datagram over 31136 datagrams (414.55 ms of every second)
09-09 22:42:37.070 23427 30709 I WiVRn   : [2026-09-09 22:42:37.070] [WiVRn] [info] nxwarp[0] sel: stride 1, arrival 12.3 ms, dropped-late 81, withheld 0, decoded 4358
09-09 22:42:37.070 23427 30709 I WiVRn   : [2026-09-09 22:42:37.070] [WiVRn] [info] nxwarp[0] rx: 781198 datagrams, placed 8372756 (+379290), late 86589 (+143), stale_frame 0, bad_range 0, bad_dir 0, bad_caps 0, bad_ver 0, auth_fail 0, replay 0, frozen 0, dup 261
09-09 22:42:37.253 23427 30716 I WiVRn   : [2026-09-09 22:42:37.253] [WiVRn] [info] Tracking pattern (11123µs):
09-09 22:42:37.253 23427 30716 I WiVRn   : [2026-09-09 22:42:37.253] [WiVRn] [info] 	t+3542µs HEAD (7581µs)
09-09 22:42:37.253 23427 30716 I WiVRn   : [2026-09-09 22:42:37.253] [WiVRn] [info] 	t+3757µs LEFT_GRIP (7365µs)
09-09 22:42:37.253 23427 30716 I WiVRn   : [2026-09-09 22:42:37.253] [WiVRn] [info] 	t+3771µs RIGHT_GRIP (7351µs)
09-09 22:42:37.253 23427 30716 I WiVRn   : [2026-09-09 22:42:37.253] [WiVRn] [info] 	t+6542µs HEAD (4581µs)
09-09 22:42:37.253 23427 30716 I WiVRn   : [2026-09-09 22:42:37.253] [WiVRn] [info] 	t+6757µs LEFT_GRIP (4365µs)
09-09 22:42:37.253 23427 30716 I WiVRn   : [2026-09-09 22:42:37.253] [WiVRn] [info] 	t+6771µs RIGHT_GRIP (4351µs)
09-09 22:42:37.308 23427 30672 I PxrMetric: FPS=89/90,MTP=29.12ms,AppSW=off,FrmEarly=7,FrmLate=8,FrmCpu=1.76ms,FrmGpu=6.54ms,FrmTime=8.95ms,ATWGPU=1.54ms,VsyncDelay=1,GPU=91%/587Mhz,GPUTemp=75.6C,LayerCnt=3,Pkg=org.meumeu.wivrn.nx.warp,FrmId=5045
09-09 22:42:37.832 23427 30714 I WiVRn   : [2026-09-09 22:42:37.832] [WiVRn] [info] nxwarp[0]: 166 frames in 2.0 s: 138730 B/frame, wait-prev 0.0 ms, wall 9.5 ms, nxvc passA 2.2 passB 2.9 gpu 5.1 ms; holes 0, refused 0
09-09 22:42:37.832 23427 30714 I WiVRn   : [2026-09-09 22:42:37.832] [WiVRn] [info] nxwarp[0] gpu duty 422 ms/s (42% of one GPU) for decode alone; the display pass is extra
09-09 22:42:37.832 23427 30714 I WiVRn   : [2026-09-09 22:42:37.832] [WiVRn] [info] nxwarp[0] passB 2.9 ms = warp 0.0 + skip 0.0 + coded 0.0 + dir 0.0 + other 2.9; tiles skip 0 / coded 2312 / dir 0 (eye pass 0)
09-09 22:42:37.832 23427 30714 I WiVRn   : [2026-09-09 22:42:37.832] [WiVRn] [info] nxwarp[0]: 81 frames dropped late (queue kept to 1)
09-09 22:42:37.832 23427 30714 I WiVRn   : [2026-09-09 22:42:37.832] [WiVRn] [info] nxwarp[0] stage: gap 2.6 | wait-prev 0.0 | submit 1.0 (qlock 0.0 + codec 1.0) | get_free 0.0 | fence-pre 0.0 | record 0.0 | qsubmit 0.0 | fence-post 8.4 | publish 0.1 ms; withheld 0, stride 1, arrival 12.5 ms
09-09 22:42:37.832 23427 30714 I WiVRn   : [2026-09-09 22:42:37.832] [WiVRn] [info] nxwarp[0] reassembly (network thread): 0.09 ms/frame over 166 frames, buffer 135 kB held for 135 kB of unit (1.0x)
09-09 22:42:37.832 23427 30714 I WiVRn   : [2026-09-09 22:42:37.832] [WiVRn] [info] nxwarp[0] fence-post 8.4 ms = nxvc gpu 5.1 + copy gpu 0.00 + queue 3.3 (over 166 frames with timestamps)
09-09 22:42:37.870 23427 30678 I WiVRn   : [2026-09-09 22:42:37.870] [WiVRn] [info] render: 177 iterations in 2.0 s (88.3/s), 177 submitted a layer, 159 new-source, 0 skipped by the repeat gate, 0 with nothing to show; display period 11.3 ms
09-09 22:42:37.870 23427 30678 I WiVRn   : [2026-09-09 22:42:37.870] [WiVRn] [info] render: ready wait attempts 65 success 47 total 154.244 ms | selected older than available 0
09-09 22:42:37.870 23427 30678 I WiVRn   : [2026-09-09 22:42:37.870] [WiVRn] [info] render: selected source transitions forward 159 backward 0 repeat 18, greatest forward gap 2
09-09 22:42:37.870 23427 30678 I WiVRn   : [2026-09-09 22:42:37.870] [WiVRn] [info] render: this app's own GPU pass 5.7 ms per iteration
09-09 22:42:37.870 23427 30678 I WiVRn   : [2026-09-09 22:42:37.870] [WiVRn] [info] render: defoveate 2160x2160 per eye x2 = 9.33 Mpx/frame at scale 1.00 atlas-prototype 0; 18 re-presented from the cache (reduce_gpu_load on)
09-09 22:42:37.870 23427 30678 I WiVRn   : [2026-09-09 22:42:37.870] [WiVRn] [info] render: shader path sharpness 0.00 fsr false alpha false motion false blend false glow 0.00 vignette 0.00 deband 0.00 lowpoly 0.00 levels 0 full-kernel false
09-09 22:42:37.870 23427 30678 I WiVRn   : [2026-09-09 22:42:37.870] [WiVRn] [info] render: per iteration fence 1.8 (worst 11.3) | queries 0.0 | submit 0.0 | whole render() 3.2 ms
09-09 22:42:37.870 23427 30678 I WiVRn   : [2026-09-09 22:42:37.870] [WiVRn] [info] render: jit on | wake slack 35.6 ms | slept 0.8 ms mean (max 11.7, 177 of 177 iterations) | budget 12.6 = pass 11.6 + margin 1.0 | sleep cap 0.6 ms
09-09 22:42:37.870 23427 30678 I WiVRn   : [2026-09-09 22:42:37.870] [WiVRn] [info] render: source display-time offset 58.7 ms mean (worst 82.4) over 177 frames | submit lead 31.6 ms mean (worst 20.4) | misses: 0 overrun 0 late 1 skipped refresh
09-09 22:42:38.253 23427 30716 I WiVRn   : [2026-09-09 22:42:38.253] [WiVRn] [info] Tracking pattern (11111µs):
09-09 22:42:38.253 23427 30716 I WiVRn   : [2026-09-09 22:42:38.253] [WiVRn] [info] 	t+2801µs HEAD (8310µs)
09-09 22:42:38.253 23427 30716 I WiVRn   : [2026-09-09 22:42:38.253] [WiVRn] [info] 	t+2865µs LEFT_GRIP (8245µs)
09-09 22:42:38.253 23427 30716 I WiVRn   : [2026-09-09 22:42:38.253] [WiVRn] [info] 	t+2871µs RIGHT_GRIP (8239µs)
09-09 22:42:38.253 23427 30716 I WiVRn   : [2026-09-09 22:42:38.253] [WiVRn] [info] 	t+5801µs HEAD (5310µs)
09-09 22:42:38.253 23427 30716 I WiVRn   : [2026-09-09 22:42:38.253] [WiVRn] [info] 	t+5865µs LEFT_GRIP (5245µs)
09-09 22:42:38.253 23427 30716 I WiVRn   : [2026-09-09 22:42:38.253] [WiVRn] [info] 	t+5871µs RIGHT_GRIP (5239µs)
09-09 22:42:38.317 23427 30672 I PxrMetric: FPS=88/90,MTP=32.22ms,AppSW=off,FrmEarly=9,FrmLate=12,FrmCpu=2.31ms,FrmGpu=6.11ms,FrmTime=9.06ms,ATWGPU=1.56ms,VsyncDelay=1,GPU=94%/587Mhz,GPUTemp=74.0C,LayerCnt=3,Pkg=org.meumeu.wivrn.nx.warp,FrmId=5135
09-09 22:42:39.083 23427 30709 I WiVRn   : [2026-09-09 22:42:39.083] [WiVRn] [info] nxwarp[0] net: 168 frames closed in 2.0 s, 0 with a hole, 0 out-of-order datagrams, 0 frames completed late, 0 queued for the worker, 4525 decoded so far, 4703 stragglers dropped; last hole 0/0 chunks, first missing -1, short false, chunk 1166 B
09-09 22:42:39.083 23427 30709 I WiVRn   : [2026-09-09 22:42:39.083] [WiVRn] [info] nxwarp[0] net: 0.027 ms per datagram over 30592 datagrams (410.58 ms of every second)
09-09 22:42:39.083 23427 30709 I WiVRn   : [2026-09-09 22:42:39.083] [WiVRn] [info] nxwarp[0] sel: stride 1, arrival 12.4 ms, dropped-late 82, withheld 0, decoded 4525
09-09 22:42:39.083 23427 30709 I WiVRn   : [2026-09-09 22:42:39.083] [WiVRn] [info] nxwarp[0] rx: 811790 datagrams, placed 8761172 (+388416), late 87800 (+1211), stale_frame 0, bad_range 0, bad_dir 0, bad_caps 0, bad_ver 0, auth_fail 0, replay 0, frozen 0, dup 262
09-09 22:42:39.253 23427 30716 I WiVRn   : [2026-09-09 22:42:39.253] [WiVRn] [info] Tracking pattern (11115µs):
09-09 22:42:39.253 23427 30716 I WiVRn   : [2026-09-09 22:42:39.253] [WiVRn] [info] 	t+3189µs HEAD (7926µs)
09-09 22:42:39.253 23427 30716 I WiVRn   : [2026-09-09 22:42:39.253] [WiVRn] [info] 	t+3865µs LEFT_GRIP (7250µs)
09-09 22:42:39.253 23427 30716 I WiVRn   : [2026-09-09 22:42:39.253] [WiVRn] [info] 	t+3880µs RIGHT_GRIP (7234µs)
09-09 22:42:39.253 23427 30716 I WiVRn   : [2026-09-09 22:42:39.253] [WiVRn] [info] 	t+6189µs HEAD (4926µs)
09-09 22:42:39.253 23427 30716 I WiVRn   : [2026-09-09 22:42:39.253] [WiVRn] [info] 	t+6865µs LEFT_GRIP (4250µs)
09-09 22:42:39.253 23427 30716 I WiVRn   : [2026-09-09 22:42:39.253] [WiVRn] [info] 	t+6880µs RIGHT_GRIP (4234µs)
09-09 22:42:39.320 23427 30672 I PxrMetric: FPS=89/90,MTP=31.66ms,AppSW=off,FrmEarly=3,FrmLate=2,FrmCpu=1.30ms,FrmGpu=7.20ms,FrmTime=9.10ms,ATWGPU=1.56ms,VsyncDelay=1,GPU=93%/587Mhz,GPUTemp=76.0C,LayerCnt=3,Pkg=org.meumeu.wivrn.nx.warp,FrmId=5225
09-09 22:42:39.838 23427 30714 I WiVRn   : [2026-09-09 22:42:39.838] [WiVRn] [info] nxwarp[0]: 166 frames in 2.0 s: 137460 B/frame, wait-prev 0.0 ms, wall 9.3 ms, nxvc passA 2.0 passB 3.0 gpu 5.0 ms; holes 0, refused 0
09-09 22:42:39.838 23427 30714 I WiVRn   : [2026-09-09 22:42:39.838] [WiVRn] [info] nxwarp[0] gpu duty 413 ms/s (41% of one GPU) for decode alone; the display pass is extra
09-09 22:42:39.838 23427 30714 I WiVRn   : [2026-09-09 22:42:39.838] [WiVRn] [info] nxwarp[0] passB 3.0 ms = warp 0.0 + skip 0.0 + coded 0.0 + dir 0.0 + other 3.0; tiles skip 0 / coded 2312 / dir 0 (eye pass 0)
09-09 22:42:39.838 23427 30714 I WiVRn   : [2026-09-09 22:42:39.838] [WiVRn] [info] nxwarp[0]: 82 frames dropped late (queue kept to 1)
09-09 22:42:39.838 23427 30714 I WiVRn   : [2026-09-09 22:42:39.838] [WiVRn] [info] nxwarp[0] stage: gap 2.8 | wait-prev 0.0 | submit 1.0 (qlock 0.0 + codec 1.0) | get_free 0.0 | fence-pre 0.0 | record 0.0 | qsubmit 0.0 | fence-post 8.2 | publish 0.0 ms; withheld 0, stride 1, arrival 11.5 ms
09-09 22:42:39.838 23427 30714 I WiVRn   : [2026-09-09 22:42:39.838] [WiVRn] [info] nxwarp[0] reassembly (network thread): 0.09 ms/frame over 168 frames, buffer 134 kB held for 134 kB of unit (1.0x)
09-09 22:42:39.838 23427 30714 I WiVRn   : [2026-09-09 22:42:39.838] [WiVRn] [info] nxwarp[0] fence-post 8.2 ms = nxvc gpu 5.0 + copy gpu 0.00 + queue 3.2 (over 166 frames with timestamps)
09-09 22:42:39.867 23427 30678 I WiVRn   : [2026-09-09 22:42:39.867] [WiVRn] [info] render: 179 iterations in 2.0 s (89.4/s), 179 submitted a layer, 159 new-source, 0 skipped by the repeat gate, 0 with nothing to show; display period 11.2 ms
09-09 22:42:39.867 23427 30678 I WiVRn   : [2026-09-09 22:42:39.867] [WiVRn] [info] render: ready wait attempts 82 success 62 total 213.036 ms | selected older than available 0
09-09 22:42:39.867 23427 30678 I WiVRn   : [2026-09-09 22:42:39.867] [WiVRn] [info] render: selected source transitions forward 159 backward 0 repeat 20, greatest forward gap 3
09-09 22:42:39.867 23427 30678 I WiVRn   : [2026-09-09 22:42:39.867] [WiVRn] [info] render: this app's own GPU pass 5.7 ms per iteration
09-09 22:42:39.867 23427 30678 I WiVRn   : [2026-09-09 22:42:39.867] [WiVRn] [info] render: defoveate 2160x2160 per eye x2 = 9.33 Mpx/frame at scale 1.00 atlas-prototype 0; 20 re-presented from the cache (reduce_gpu_load on)
09-09 22:42:39.867 23427 30678 I WiVRn   : [2026-09-09 22:42:39.867] [WiVRn] [info] render: shader path sharpness 0.00 fsr false alpha false motion false blend false glow 0.00 vignette 0.00 deband 0.00 lowpoly 0.00 levels 0 full-kernel false
09-09 22:42:39.867 23427 30678 I WiVRn   : [2026-09-09 22:42:39.867] [WiVRn] [info] render: per iteration fence 1.0 (worst 10.2) | queries 0.0 | submit 0.0 | whole render() 2.8 ms
09-09 22:42:39.867 23427 30678 I WiVRn   : [2026-09-09 22:42:39.867] [WiVRn] [info] render: jit on | wake slack 34.7 ms | slept 0.6 ms mean (max 0.6, 179 of 179 iterations) | budget 11.4 = pass 10.4 + margin 1.0 | sleep cap 0.6 ms
09-09 22:42:39.867 23427 30678 I WiVRn   : [2026-09-09 22:42:39.867] [WiVRn] [info] render: source display-time offset 58.2 ms mean (worst 71.8) over 179 frames | submit lead 31.3 ms mean (worst 25.2) | misses: 0 overrun 0 late 0 skipped refresh
09-09 22:42:40.253 23427 30716 I WiVRn   : [2026-09-09 22:42:40.253] [WiVRn] [info] Tracking pattern (11111µs):
09-09 22:42:40.253 23427 30716 I WiVRn   : [2026-09-09 22:42:40.253] [WiVRn] [info] 	t+2793µs HEAD (8318µs)
09-09 22:42:40.253 23427 30716 I WiVRn   : [2026-09-09 22:42:40.253] [WiVRn] [info] 	t+3073µs LEFT_GRIP (8037µs)
09-09 22:42:40.253 23427 30716 I WiVRn   : [2026-09-09 22:42:40.253] [WiVRn] [info] 	t+3084µs RIGHT_GRIP (8026µs)
09-09 22:42:40.253 23427 30716 I WiVRn   : [2026-09-09 22:42:40.253] [WiVRn] [info] 	t+5793µs HEAD (5318µs)
09-09 22:42:40.253 23427 30716 I WiVRn   : [2026-09-09 22:42:40.253] [WiVRn] [info] 	t+6073µs LEFT_GRIP (5037µs)
09-09 22:42:40.253 23427 30716 I WiVRn   : [2026-09-09 22:42:40.253] [WiVRn] [info] 	t+6084µs RIGHT_GRIP (5026µs)
09-09 22:42:40.328 23427 30672 I PxrMetric: FPS=90/90,MTP=31.49ms,AppSW=off,FrmEarly=16,FrmLate=18,FrmCpu=0.98ms,FrmGpu=7.11ms,FrmTime=10.10ms,ATWGPU=1.55ms,VsyncDelay=1,GPU=90%/587Mhz,GPUTemp=74.0C,LayerCnt=3,Pkg=org.meumeu.wivrn.nx.warp,FrmId=5313
09-09 22:42:41.089 23427 30709 I WiVRn   : [2026-09-09 22:42:41.089] [WiVRn] [info] nxwarp[0] net: 168 frames closed in 2.0 s, 0 with a hole, 0 out-of-order datagrams, 0 frames completed late, 0 queued for the worker, 4693 decoded so far, 4871 stragglers dropped; last hole 0/0 chunks, first missing -1, short false, chunk 1166 B
09-09 22:42:41.089 23427 30709 I WiVRn   : [2026-09-09 22:42:41.089] [WiVRn] [info] nxwarp[0] net: 0.027 ms per datagram over 31401 datagrams (416.57 ms of every second)
09-09 22:42:41.089 23427 30709 I WiVRn   : [2026-09-09 22:42:41.089] [WiVRn] [info] nxwarp[0] sel: stride 1, arrival 11.7 ms, dropped-late 82, withheld 0, decoded 4693
09-09 22:42:41.089 23427 30709 I WiVRn   : [2026-09-09 22:42:41.089] [WiVRn] [info] nxwarp[0] rx: 843191 datagrams, placed 9149588 (+388416), late 90507 (+2707), stale_frame 0, bad_range 0, bad_dir 0, bad_caps 0, bad_ver 0, auth_fail 0, replay 0, frozen 0, dup 262
09-09 22:42:41.253 23427 30716 I WiVRn   : [2026-09-09 22:42:41.253] [WiVRn] [info] Tracking pattern (11112µs):
09-09 22:42:41.253 23427 30716 I WiVRn   : [2026-09-09 22:42:41.253] [WiVRn] [info] 	t+2492µs HEAD (8619µs)
09-09 22:42:41.253 23427 30716 I WiVRn   : [2026-09-09 22:42:41.253] [WiVRn] [info] 	t+2563µs LEFT_GRIP (8548µs)
09-09 22:42:41.253 23427 30716 I WiVRn   : [2026-09-09 22:42:41.253] [WiVRn] [info] 	t+2570µs RIGHT_GRIP (8541µs)
09-09 22:42:41.253 23427 30716 I WiVRn   : [2026-09-09 22:42:41.253] [WiVRn] [info] 	t+5492µs HEAD (5619µs)
09-09 22:42:41.253 23427 30716 I WiVRn   : [2026-09-09 22:42:41.253] [WiVRn] [info] 	t+5563µs LEFT_GRIP (5548µs)
09-09 22:42:41.253 23427 30716 I WiVRn   : [2026-09-09 22:42:41.253] [WiVRn] [info] 	t+5570µs RIGHT_GRIP (5541µs)
09-09 22:42:41.339 23427 30672 I PxrMetric: FPS=87/90,MTP=32.30ms,AppSW=off,FrmEarly=4,FrmLate=10,FrmCpu=1.45ms,FrmGpu=8.19ms,FrmTime=11.74ms,ATWGPU=1.55ms,VsyncDelay=2,GPU=99%/587Mhz,GPUTemp=82.6C,LayerCnt=3,Pkg=org.meumeu.wivrn.nx.warp,FrmId=5403
09-09 22:42:41.850 23427 30714 I WiVRn   : [2026-09-09 22:42:41.850] [WiVRn] [info] nxwarp[0]: 169 frames in 2.0 s: 135386 B/frame, wait-prev 0.0 ms, wall 9.6 ms, nxvc passA 2.1 passB 3.0 gpu 5.1 ms; holes 0, refused 0
09-09 22:42:41.850 23427 30714 I WiVRn   : [2026-09-09 22:42:41.850] [WiVRn] [info] nxwarp[0] gpu duty 428 ms/s (43% of one GPU) for decode alone; the display pass is extra
09-09 22:42:41.850 23427 30714 I WiVRn   : [2026-09-09 22:42:41.850] [WiVRn] [info] nxwarp[0] passB 3.0 ms = warp 0.0 + skip 0.0 + coded 0.0 + dir 0.0 + other 3.0; tiles skip 0 / coded 2312 / dir 0 (eye pass 0)
09-09 22:42:41.850 23427 30714 I WiVRn   : [2026-09-09 22:42:41.850] [WiVRn] [info] nxwarp[0]: 82 frames dropped late (queue kept to 1)
09-09 22:42:41.850 23427 30714 I WiVRn   : [2026-09-09 22:42:41.850] [WiVRn] [info] nxwarp[0] stage: gap 2.3 | wait-prev 0.0 | submit 1.0 (qlock 0.0 + codec 1.0) | get_free 0.0 | fence-pre 0.0 | record 0.0 | qsubmit 0.0 | fence-post 8.5 | publish 0.1 ms; withheld 0, stride 1, arrival 12.8 ms
09-09 22:42:41.850 23427 30714 I WiVRn   : [2026-09-09 22:42:41.850] [WiVRn] [info] nxwarp[0] reassembly (network thread): 0.09 ms/frame over 169 frames, buffer 132 kB held for 132 kB of unit (1.0x)
09-09 22:42:41.850 23427 30714 I WiVRn   : [2026-09-09 22:42:41.850] [WiVRn] [info] nxwarp[0] fence-post 8.5 ms = nxvc gpu 5.1 + copy gpu 0.00 + queue 3.4 (over 169 frames with timestamps)
09-09 22:42:41.874 23427 30678 I WiVRn   : [2026-09-09 22:42:41.874] [WiVRn] [info] render: 178 iterations in 2.0 s (88.6/s), 178 submitted a layer, 160 new-source, 0 skipped by the repeat gate, 0 with nothing to show; display period 11.3 ms
09-09 22:42:41.874 23427 30678 I WiVRn   : [2026-09-09 22:42:41.874] [WiVRn] [info] render: ready wait attempts 81 success 63 total 183.834 ms | selected older than available 0
09-09 22:42:41.874 23427 30678 I WiVRn   : [2026-09-09 22:42:41.874] [WiVRn] [info] render: selected source transitions forward 160 backward 0 repeat 18, greatest forward gap 2
09-09 22:42:41.874 23427 30678 I WiVRn   : [2026-09-09 22:42:41.874] [WiVRn] [info] render: this app's own GPU pass 5.6 ms per iteration
09-09 22:42:41.874 23427 30678 I WiVRn   : [2026-09-09 22:42:41.874] [WiVRn] [info] render: defoveate 2160x2160 per eye x2 = 9.33 Mpx/frame at scale 1.00 atlas-prototype 0; 18 re-presented from the cache (reduce_gpu_load on)
09-09 22:42:41.874 23427 30678 I WiVRn   : [2026-09-09 22:42:41.874] [WiVRn] [info] render: shader path sharpness 0.00 fsr false alpha false motion false blend false glow 0.00 vignette 0.00 deband 0.00 lowpoly 0.00 levels 0 full-kernel false
09-09 22:42:41.874 23427 30678 I WiVRn   : [2026-09-09 22:42:41.874] [WiVRn] [info] render: per iteration fence 1.9 (worst 11.8) | queries 0.0 | submit 0.0 | whole render() 3.6 ms
09-09 22:42:41.874 23427 30678 I WiVRn   : [2026-09-09 22:42:41.874] [WiVRn] [info] render: jit on | wake slack 35.8 ms | slept 0.8 ms mean (max 11.7, 178 of 178 iterations) | budget 12.0 = pass 11.0 + margin 1.0 | sleep cap 0.6 ms
09-09 22:42:41.874 23427 30678 I WiVRn   : [2026-09-09 22:42:41.874] [WiVRn] [info] render: source display-time offset 58.1 ms mean (worst 83.0) over 178 frames | submit lead 31.4 ms mean (worst 22.5) | misses: 0 overrun 0 late 1 skipped refresh
09-09 22:42:42.253 23427 30716 I WiVRn   : [2026-09-09 22:42:42.253] [WiVRn] [info] Tracking pattern (11112µs):
09-09 22:42:42.253 23427 30716 I WiVRn   : [2026-09-09 22:42:42.253] [WiVRn] [info] 	t+3047µs HEAD (8064µs)
09-09 22:42:42.253 23427 30716 I WiVRn   : [2026-09-09 22:42:42.253] [WiVRn] [info] 	t+3162µs LEFT_GRIP (7949µs)
09-09 22:42:42.253 23427 30716 I WiVRn   : [2026-09-09 22:42:42.253] [WiVRn] [info] 	t+3181µs RIGHT_GRIP (7930µs)
09-09 22:42:42.253 23427 30716 I WiVRn   : [2026-09-09 22:42:42.253] [WiVRn] [info] 	t+6047µs HEAD (5064µs)
09-09 22:42:42.253 23427 30716 I WiVRn   : [2026-09-09 22:42:42.253] [WiVRn] [info] 	t+6162µs LEFT_GRIP (4949µs)
09-09 22:42:42.253 23427 30716 I WiVRn   : [2026-09-09 22:42:42.253] [WiVRn] [info] 	t+6181µs RIGHT_GRIP (4930µs)
09-09 22:42:42.347 23427 30672 I PxrMetric: FPS=89/90,MTP=38.46ms,AppSW=off,FrmEarly=6,FrmLate=7,FrmCpu=0.85ms,FrmGpu=9.33ms,FrmTime=14.71ms,ATWGPU=1.54ms,VsyncDelay=2,GPU=99%/587Mhz,GPUTemp=75.6C,LayerCnt=3,Pkg=org.meumeu.wivrn.nx.warp,FrmId=5494
