--------- beginning of main
--------- beginning of system
09-09 20:11:00.209 22070 10615 I WiVRn   : [2026-09-09 20:11:00.209] [WiVRn] [info] Starting WiVRn version nx-1.4.1-250-g64afe113 (64afe1137abec13bd8bbecac6b34b77944e38c0b)
09-09 20:11:00.209 22070 10615 I WiVRn   : [2026-09-09 20:11:00.209] [WiVRn] [info] Started with intent wivrn://192.168.1.2
09-09 20:11:00.211 22070 10615 I WiVRn   : [2026-09-09 20:11:00.211] [WiVRn] [info] Guessing HMD model from:
09-09 20:11:00.211 22070 10615 I WiVRn   : [2026-09-09 20:11:00.211] [WiVRn] [info]     ro.product.device = "PICOA8110":
09-09 20:11:00.211 22070 10615 I WiVRn   : [2026-09-09 20:11:00.211] [WiVRn] [info]     ro.product.manufacturer = "Pico":
09-09 20:11:00.211 22070 10615 I WiVRn   : [2026-09-09 20:11:00.211] [WiVRn] [info]     ro.product.model = "A8110":
09-09 20:11:00.211 22070 10615 I WiVRn   : [2026-09-09 20:11:00.211] [WiVRn] [info]     pxr.vendorhw.product.model = "PICO 4":
09-09 20:11:00.211 22070 10615 I WiVRn   : [2026-09-09 20:11:00.211] [WiVRn] [info] HMD traits initialized
09-09 20:11:00.211 22070 10615 I WiVRn   : [2026-09-09 20:11:00.211] [WiVRn] [info] 	controller_profile: pico-4
09-09 20:11:00.211 22070 10615 I WiVRn   : [2026-09-09 20:11:00.211] [WiVRn] [info] 	controller_ray_model: assets://ray.glb
09-09 20:11:00.211 22070 10615 I WiVRn   : [2026-09-09 20:11:00.211] [WiVRn] [info] 	max_openxr_api_version: 1.1.58
09-09 20:11:00.211 22070 10615 I WiVRn   : [2026-09-09 20:11:00.211] [WiVRn] [info] 	panel_width_override: 2160
09-09 20:11:00.211 22070 10615 I WiVRn   : [2026-09-09 20:11:00.211] [WiVRn] [info] 	needs_srgb_conversion: true
09-09 20:11:00.211 22070 10615 I WiVRn   : [2026-09-09 20:11:00.211] [WiVRn] [info] 	nxwarp_atlas_speed: true
09-09 20:11:00.211 22070 10615 I WiVRn   : [2026-09-09 20:11:00.211] [WiVRn] [info] 	view_locate: false
09-09 20:11:00.211 22070 10615 I WiVRn   : [2026-09-09 20:11:00.211] [WiVRn] [info] 	vk_debug_ext_allowed: true
09-09 20:11:00.211 22070 10615 I WiVRn   : [2026-09-09 20:11:00.211] [WiVRn] [info] 	bind_simple_controller: true
09-09 20:11:00.211 22070 10615 I WiVRn   : [2026-09-09 20:11:00.211] [WiVRn] [info] 	hand_interaction_grip_surface: true
09-09 20:11:00.211 22070 10615 I WiVRn   : [2026-09-09 20:11:00.211] [WiVRn] [info] 	pico_face_tracker: false
09-09 20:11:00.211 22070 10615 I WiVRn   : [2026-09-09 20:11:00.211] [WiVRn] [info] 	discard_frame: false
09-09 20:11:00.225 22070 10615 I WiVRn   : [2026-09-09 20:11:00.225] [WiVRn] [info] Available OpenXR layers:
09-09 20:11:00.226 22070 10615 I WiVRn   : [2026-09-09 20:11:00.226] [WiVRn] [info] Available OpenXR extensions:
09-09 20:11:00.228 22070 10615 I WiVRn   : [2026-09-09 20:11:00.228] [WiVRn] [info]     XR_BD_body_tracking (version 1)
09-09 20:11:00.228 22070 10615 I WiVRn   : [2026-09-09 20:11:00.228] [WiVRn] [info]     XR_BD_controller_interaction (version 1)
09-09 20:11:00.228 22070 10615 I WiVRn   : [2026-09-09 20:11:00.228] [WiVRn] [info]     XR_EPIC_view_configuration_fov (version 2)
09-09 20:11:00.228 22070 10615 I WiVRn   : [2026-09-09 20:11:00.228] [WiVRn] [info]     XR_EXTX_overlay (version 5)
09-09 20:11:00.228 22070 10615 I WiVRn   : [2026-09-09 20:11:00.228] [WiVRn] [info]     XR_EXT_active_action_set_priority (version 1)
09-09 20:11:00.228 22070 10615 I WiVRn   : [2026-09-09 20:11:00.228] [WiVRn] [info]     XR_EXT_composition_layer_inverted_alpha (version 1)
09-09 20:11:00.228 22070 10615 I WiVRn   : [2026-09-09 20:11:00.228] [WiVRn] [info]     XR_EXT_debug_utils (version 5)
09-09 20:11:00.228 22070 10615 I WiVRn   : [2026-09-09 20:11:00.228] [WiVRn] [info]     XR_EXT_eye_gaze_interaction (version 2)
09-09 20:11:00.228 22070 10615 I WiVRn   : [2026-09-09 20:11:00.228] [WiVRn] [info]     XR_EXT_frame_synthesis (version 1)
09-09 20:11:00.228 22070 10615 I WiVRn   : [2026-09-09 20:11:00.228] [WiVRn] [info]     XR_EXT_hand_interaction (version 1)
09-09 20:11:00.228 22070 10615 I WiVRn   : [2026-09-09 20:11:00.228] [WiVRn] [info]     XR_EXT_hand_tracking (version 4)
09-09 20:11:00.228 22070 10615 I WiVRn   : [2026-09-09 20:11:00.228] [WiVRn] [info]     XR_EXT_local_floor (version 1)
09-09 20:11:00.228 22070 10615 I WiVRn   : [2026-09-09 20:11:00.228] [WiVRn] [info]     XR_EXT_palm_pose (version 3)
09-09 20:11:00.228 22070 10615 I WiVRn   : [2026-09-09 20:11:00.228] [WiVRn] [info]     XR_EXT_performance_settings (version 4)
09-09 20:11:00.228 22070 10615 I WiVRn   : [2026-09-09 20:11:00.228] [WiVRn] [info]     XR_EXT_user_presence (version 1)
09-09 20:11:00.228 22070 10615 I WiVRn   : [2026-09-09 20:11:00.228] [WiVRn] [info]     XR_EXT_uuid (version 1)
09-09 20:11:00.228 22070 10615 I WiVRn   : [2026-09-09 20:11:00.228] [WiVRn] [info]     XR_EXT_view_configuration_depth_range (version 1)
09-09 20:11:00.228 22070 10615 I WiVRn   : [2026-09-09 20:11:00.228] [WiVRn] [info]     XR_FB_composition_layer_alpha_blend (version 3)
09-09 20:11:00.228 22070 10615 I WiVRn   : [2026-09-09 20:11:00.228] [WiVRn] [info]     XR_FB_composition_layer_image_layout (version 1)
09-09 20:11:00.228 22070 10615 I WiVRn   : [2026-09-09 20:11:00.228] [WiVRn] [info]     XR_FB_composition_layer_secure_content (version 1)
09-09 20:11:00.228 22070 10615 I WiVRn   : [2026-09-09 20:11:00.228] [WiVRn] [info]     XR_FB_composition_layer_settings (version 1)
09-09 20:11:00.228 22070 10615 I WiVRn   : [2026-09-09 20:11:00.228] [WiVRn] [info]     XR_FB_display_refresh_rate (version 1)
09-09 20:11:00.228 22070 10615 I WiVRn   : [2026-09-09 20:11:00.228] [WiVRn] [info]     XR_FB_foveation (version 1)
09-09 20:11:00.228 22070 10615 I WiVRn   : [2026-09-09 20:11:00.228] [WiVRn] [info]     XR_FB_foveation_configuration (version 1)
09-09 20:11:00.228 22070 10615 I WiVRn   : [2026-09-09 20:11:00.228] [WiVRn] [info]     XR_FB_foveation_vulkan (version 1)
09-09 20:11:00.228 22070 10615 I WiVRn   : [2026-09-09 20:11:00.228] [WiVRn] [info]     XR_FB_passthrough (version 4)
09-09 20:11:00.228 22070 10615 I WiVRn   : [2026-09-09 20:11:00.228] [WiVRn] [info]     XR_FB_space_warp (version 2)
09-09 20:11:00.228 22070 10615 I WiVRn   : [2026-09-09 20:11:00.228] [WiVRn] [info]     XR_FB_swapchain_update_state (version 3)
09-09 20:11:00.228 22070 10615 I WiVRn   : [2026-09-09 20:11:00.228] [WiVRn] [info]     XR_FB_swapchain_update_state_android_surface (version 1)
09-09 20:11:00.228 22070 10615 I WiVRn   : [2026-09-09 20:11:00.228] [WiVRn] [info]     XR_FB_swapchain_update_state_opengl_es (version 1)
09-09 20:11:00.228 22070 10615 I WiVRn   : [2026-09-09 20:11:00.228] [WiVRn] [info]     XR_FB_swapchain_update_state_vulkan (version 1)
09-09 20:11:00.228 22070 10615 I WiVRn   : [2026-09-09 20:11:00.228] [WiVRn] [info]     XR_FB_triangle_mesh (version 2)
09-09 20:11:00.228 22070 10615 I WiVRn   : [2026-09-09 20:11:00.228] [WiVRn] [info]     XR_KHR_android_create_instance (version 3)
09-09 20:11:00.228 22070 10615 I WiVRn   : [2026-09-09 20:11:00.228] [WiVRn] [info]     XR_KHR_android_surface_swapchain (version 4)
09-09 20:11:00.228 22070 10615 I WiVRn   : [2026-09-09 20:11:00.228] [WiVRn] [info]     XR_KHR_android_thread_settings (version 6)
09-09 20:11:00.228 22070 10615 I WiVRn   : [2026-09-09 20:11:00.228] [WiVRn] [info]     XR_KHR_composition_layer_color_scale_bias (version 5)
09-09 20:11:00.228 22070 10615 I WiVRn   : [2026-09-09 20:11:00.228] [WiVRn] [info]     XR_KHR_composition_layer_cube (version 8)
09-09 20:11:00.228 22070 10615 I WiVRn   : [2026-09-09 20:11:00.228] [WiVRn] [info]     XR_KHR_composition_layer_cylinder (version 4)
09-09 20:11:00.228 22070 10615 I WiVRn   : [2026-09-09 20:11:00.228] [WiVRn] [info]     XR_KHR_composition_layer_depth (version 6)
09-09 20:11:00.228 22070 10615 I WiVRn   : [2026-09-09 20:11:00.228] [WiVRn] [info]     XR_KHR_composition_layer_equirect (version 3)
09-09 20:11:00.228 22070 10615 I WiVRn   : [2026-09-09 20:11:00.228] [WiVRn] [info]     XR_KHR_composition_layer_equirect2 (version 1)
09-09 20:11:00.228 22070 10615 I WiVRn   : [2026-09-09 20:11:00.228] [WiVRn] [info]     XR_KHR_convert_timespec_time (version 1)
09-09 20:11:00.228 22070 10615 I WiVRn   : [2026-09-09 20:11:00.228] [WiVRn] [info]     XR_KHR_loader_init (version 2)
09-09 20:11:00.228 22070 10615 I WiVRn   : [2026-09-09 20:11:00.228] [WiVRn] [info]     XR_KHR_loader_init_android (version 1)
09-09 20:11:00.228 22070 10615 I WiVRn   : [2026-09-09 20:11:00.228] [WiVRn] [info]     XR_KHR_locate_spaces (version 1)
09-09 20:11:00.228 22070 10615 I WiVRn   : [2026-09-09 20:11:00.228] [WiVRn] [info]     XR_KHR_maintenance1 (version 1)
09-09 20:11:00.228 22070 10615 I WiVRn   : [2026-09-09 20:11:00.228] [WiVRn] [info]     XR_KHR_opengl_es_enable (version 8)
09-09 20:11:00.228 22070 10615 I WiVRn   : [2026-09-09 20:11:00.228] [WiVRn] [info]     XR_KHR_vulkan_enable (version 8)
09-09 20:11:00.228 22070 10615 I WiVRn   : [2026-09-09 20:11:00.228] [WiVRn] [info]     XR_KHR_vulkan_enable2 (version 2)
09-09 20:11:00.228 22070 10615 I WiVRn   : [2026-09-09 20:11:00.228] [WiVRn] [info]     XR_KHR_vulkan_swapchain_format_list (version 5)
09-09 20:11:00.228 22070 10615 I WiVRn   : [2026-09-09 20:11:00.228] [WiVRn] [info]     XR_META_foveation_eye_tracked (version 1)
09-09 20:11:00.228 22070 10615 I WiVRn   : [2026-09-09 20:11:00.228] [WiVRn] [info]     XR_META_vulkan_swapchain_create_info (version 1)
09-09 20:11:00.228 22070 10615 I WiVRn   : [2026-09-09 20:11:00.228] [WiVRn] [info]     XR_MND_headless (version 2)
09-09 20:11:00.228 22070 10615 I WiVRn   : [2026-09-09 20:11:00.228] [WiVRn] [info]     XR_MSFT_composition_layer_reprojection (version 1)
09-09 20:11:00.228 22070 10615 I WiVRn   : [2026-09-09 20:11:00.228] [WiVRn] [info] Performance APIs: XR_EXT_performance_settings = available, vendor power/performance extensions = none
09-09 20:11:00.373 22070 22070 I WiVRn   : [2026-09-09 20:11:00.373] [WiVRn] [info] [pointer_capture] requestPointerCapture() invoked successfully
09-09 20:11:00.525 22070 10615 I WiVRn   : [2026-09-09 20:11:00.525] [WiVRn] [info] Using OpenXR extensions:
09-09 20:11:00.525 22070 10615 I WiVRn   : [2026-09-09 20:11:00.525] [WiVRn] [info]     XR_KHR_convert_timespec_time
09-09 20:11:00.525 22070 10615 I WiVRn   : [2026-09-09 20:11:00.525] [WiVRn] [info]     XR_BD_body_tracking
09-09 20:11:00.525 22070 10615 I WiVRn   : [2026-09-09 20:11:00.525] [WiVRn] [info]     XR_BD_controller_interaction
09-09 20:11:00.525 22070 10615 I WiVRn   : [2026-09-09 20:11:00.525] [WiVRn] [info]     XR_EXT_eye_gaze_interaction
09-09 20:11:00.525 22070 10615 I WiVRn   : [2026-09-09 20:11:00.525] [WiVRn] [info]     XR_EXT_hand_interaction
09-09 20:11:00.525 22070 10615 I WiVRn   : [2026-09-09 20:11:00.525] [WiVRn] [info]     XR_EXT_hand_tracking
09-09 20:11:00.525 22070 10615 I WiVRn   : [2026-09-09 20:11:00.525] [WiVRn] [info]     XR_EXT_performance_settings
09-09 20:11:00.525 22070 10615 I WiVRn   : [2026-09-09 20:11:00.525] [WiVRn] [info]     XR_EXT_user_presence
09-09 20:11:00.525 22070 10615 I WiVRn   : [2026-09-09 20:11:00.525] [WiVRn] [info]     XR_FB_composition_layer_settings
09-09 20:11:00.525 22070 10615 I WiVRn   : [2026-09-09 20:11:00.525] [WiVRn] [info]     XR_FB_display_refresh_rate
09-09 20:11:00.525 22070 10615 I WiVRn   : [2026-09-09 20:11:00.525] [WiVRn] [info]     XR_FB_passthrough
09-09 20:11:00.525 22070 10615 I WiVRn   : [2026-09-09 20:11:00.525] [WiVRn] [info]     XR_FB_swapchain_update_state
09-09 20:11:00.525 22070 10615 I WiVRn   : [2026-09-09 20:11:00.525] [WiVRn] [info]     XR_KHR_composition_layer_color_scale_bias
09-09 20:11:00.525 22070 10615 I WiVRn   : [2026-09-09 20:11:00.525] [WiVRn] [info]     XR_KHR_composition_layer_depth
09-09 20:11:00.525 22070 10615 I WiVRn   : [2026-09-09 20:11:00.525] [WiVRn] [info]     XR_KHR_vulkan_swapchain_format_list
09-09 20:11:00.525 22070 10615 I WiVRn   : [2026-09-09 20:11:00.525] [WiVRn] [info]     XR_EXT_palm_pose
09-09 20:11:00.525 22070 10615 I WiVRn   : [2026-09-09 20:11:00.525] [WiVRn] [info]     XR_KHR_locate_spaces
09-09 20:11:00.525 22070 10615 I WiVRn   : [2026-09-09 20:11:00.525] [WiVRn] [info]     XR_KHR_vulkan_enable2
09-09 20:11:00.525 22070 10615 I WiVRn   : [2026-09-09 20:11:00.525] [WiVRn] [info]     XR_KHR_android_create_instance
09-09 20:11:00.525 22070 10615 I WiVRn   : [2026-09-09 20:11:00.525] [WiVRn] [info]     XR_ML_ml2_controller_interaction
09-09 20:11:00.525 22070 10615 I WiVRn   : [2026-09-09 20:11:00.525] [WiVRn] [info]     XR_HTC_vive_cosmos_controller_interaction
09-09 20:11:00.525 22070 10615 I WiVRn   : [2026-09-09 20:11:00.525] [WiVRn] [info]     XR_EXT_uuid
09-09 20:11:00.525 22070 10615 I WiVRn   : [2026-09-09 20:11:00.525] [WiVRn] [info]     XR_EXT_local_floor
09-09 20:11:00.525 22070 10615 I WiVRn   : [2026-09-09 20:11:00.525] [WiVRn] [info]     XR_KHR_locate_spaces
09-09 20:11:00.525 22070 10615 I WiVRn   : [2026-09-09 20:11:00.525] [WiVRn] [info]     XR_EXT_samsung_odyssey_controller
09-09 20:11:00.525 22070 10615 I WiVRn   : [2026-09-09 20:11:00.525] [WiVRn] [info]     XR_EXT_palm_pose
09-09 20:11:00.525 22070 10615 I WiVRn   : [2026-09-09 20:11:00.525] [WiVRn] [info]     XR_HTC_vive_focus3_controller_interaction
09-09 20:11:00.525 22070 10615 I WiVRn   : [2026-09-09 20:11:00.525] [WiVRn] [info]     XR_EXT_hp_mixed_reality_controller
09-09 20:11:00.525 22070 10615 I WiVRn   : [2026-09-09 20:11:00.525] [WiVRn] [info]     XR_KHR_maintenance1
09-09 20:11:00.525 22070 10615 I WiVRn   : [2026-09-09 20:11:00.525] [WiVRn] [info]     XR_VARJO_quad_views
09-09 20:11:00.525 22070 10615 I WiVRn   : [2026-09-09 20:11:00.525] [WiVRn] [info]     XR_BD_controller_interaction
09-09 20:11:00.525 22070 10615 I WiVRn   : [2026-09-09 20:11:00.525] [WiVRn] [info] Created OpenXR instance, runtime Pico(XRT) by Pico et al '99d719953', version 3.0.1, API version 1.1.58
09-09 20:11:00.543 22070 10615 I WiVRn   : [2026-09-09 20:11:00.543] [WiVRn] [info] Created OpenXR system for form factor XR_FORM_FACTOR_HEAD_MOUNTED_DISPLAY
09-09 20:11:00.543 22070 10615 I WiVRn   : [2026-09-09 20:11:00.543] [WiVRn] [info] OpenXR system properties:
09-09 20:11:00.543 22070 10615 I WiVRn   : [2026-09-09 20:11:00.543] [WiVRn] [info]     Vendor ID: 0x2a
09-09 20:11:00.543 22070 10615 I WiVRn   : [2026-09-09 20:11:00.543] [WiVRn] [info]     System name: PICO 4 HMD
09-09 20:11:00.543 22070 10615 I WiVRn   : [2026-09-09 20:11:00.543] [WiVRn] [info]     Graphics properties:
09-09 20:11:00.543 22070 10615 I WiVRn   : [2026-09-09 20:11:00.543] [WiVRn] [info]         Maximum swapchain image size: 16384x16384
09-09 20:11:00.543 22070 10615 I WiVRn   : [2026-09-09 20:11:00.543] [WiVRn] [info]         Maximum layer count: 16
09-09 20:11:00.543 22070 10615 I WiVRn   : [2026-09-09 20:11:00.543] [WiVRn] [info]     Tracking properties:
09-09 20:11:00.543 22070 10615 I WiVRn   : [2026-09-09 20:11:00.543] [WiVRn] [info]         Orientation tracking: true
09-09 20:11:00.543 22070 10615 I WiVRn   : [2026-09-09 20:11:00.543] [WiVRn] [info]         Position tracking: true
09-09 20:11:00.543 22070 10615 I WiVRn   : [2026-09-09 20:11:00.543] [WiVRn] [info]     Hand tracking support: true
09-09 20:11:00.543 22070 10615 I WiVRn   : [2026-09-09 20:11:00.543] [WiVRn] [info]     Eye gaze support: false
09-09 20:11:00.543 22070 10615 I WiVRn   : [2026-09-09 20:11:00.543] [WiVRn] [info]     OpenXR post-processing extension support: true
09-09 20:11:00.543 22070 10615 I WiVRn   : [2026-09-09 20:11:00.543] [WiVRn] [info]     Passthrough: color
09-09 20:11:00.543 22070 10615 I WiVRn   : [2026-09-09 20:11:00.543] [WiVRn] [info]     Face tracker: none
09-09 20:11:00.543 22070 10615 I WiVRn   : [2026-09-09 20:11:00.543] [WiVRn] [info]     Body tracker: pico
09-09 20:11:00.543 22070 10615 I WiVRn   : [2026-09-09 20:11:00.543] [WiVRn] [info] View configuration XR_VIEW_CONFIGURATION_TYPE_PRIMARY_STEREO
09-09 20:11:00.543 22070 10615 I WiVRn   : [2026-09-09 20:11:00.543] [WiVRn] [info]     fovMutable: false
09-09 20:11:00.543 22070 10615 I WiVRn   : [2026-09-09 20:11:00.543] [WiVRn] [info]     View 1:
09-09 20:11:00.543 22070 10615 I WiVRn   : [2026-09-09 20:11:00.543] [WiVRn] [info]         Recommended: 1504x1504, 1 sample(s)
09-09 20:11:00.543 22070 10615 I WiVRn   : [2026-09-09 20:11:00.543] [WiVRn] [info]         Maximum:     2560x2560, 1 sample(s)
09-09 20:11:00.543 22070 10615 I WiVRn   : [2026-09-09 20:11:00.543] [WiVRn] [info]     View 2:
09-09 20:11:00.543 22070 10615 I WiVRn   : [2026-09-09 20:11:00.543] [WiVRn] [info]         Recommended: 1504x1504, 1 sample(s)
09-09 20:11:00.543 22070 10615 I WiVRn   : [2026-09-09 20:11:00.543] [WiVRn] [info]         Maximum:     2560x2560, 1 sample(s)
09-09 20:11:00.543 22070 10615 I WiVRn   : [2026-09-09 20:11:00.543] [WiVRn] [info]     Blend mode: XR_ENVIRONMENT_BLEND_MODE_OPAQUE
09-09 20:11:00.543 22070 10615 I WiVRn   : [2026-09-09 20:11:00.543] [WiVRn] [info]     Blend mode: XR_ENVIRONMENT_BLEND_MODE_ALPHA_BLEND
09-09 20:11:00.543 22070 10615 I WiVRn   : [2026-09-09 20:11:00.543] [WiVRn] [info] OpenXR runtime wants Vulkan 1.0.0
09-09 20:11:00.543 22070 10615 I WiVRn   : [2026-09-09 20:11:00.543] [WiVRn] [info] Requesting Vulkan 1.1.0
09-09 20:11:00.543 22070 10615 I WiVRn   : [2026-09-09 20:11:00.543] [WiVRn] [info] Available Vulkan layers:
09-09 20:11:00.545 22070 10615 I WiVRn   : [2026-09-09 20:11:00.545] [WiVRn] [info] Available Vulkan instance extensions:
09-09 20:11:00.546 22070 10615 I WiVRn   : [2026-09-09 20:11:00.546] [WiVRn] [info]     VK_EXT_debug_report (version 9)
09-09 20:11:00.546 22070 10615 I WiVRn   : [2026-09-09 20:11:00.546] [WiVRn] [info]     VK_EXT_debug_utils (version 2)
09-09 20:11:00.546 22070 10615 I WiVRn   : [2026-09-09 20:11:00.546] [WiVRn] [info]     VK_EXT_swapchain_colorspace (version 3)
09-09 20:11:00.546 22070 10615 I WiVRn   : [2026-09-09 20:11:00.546] [WiVRn] [info]     VK_KHR_android_surface (version 6)
09-09 20:11:00.546 22070 10615 I WiVRn   : [2026-09-09 20:11:00.546] [WiVRn] [info]     VK_KHR_device_group_creation (version 1)
09-09 20:11:00.546 22070 10615 I WiVRn   : [2026-09-09 20:11:00.546] [WiVRn] [info]     VK_KHR_external_fence_capabilities (version 1)
09-09 20:11:00.546 22070 10615 I WiVRn   : [2026-09-09 20:11:00.546] [WiVRn] [info]     VK_KHR_external_memory_capabilities (version 1)
09-09 20:11:00.546 22070 10615 I WiVRn   : [2026-09-09 20:11:00.546] [WiVRn] [info]     VK_KHR_external_semaphore_capabilities (version 1)
09-09 20:11:00.546 22070 10615 I WiVRn   : [2026-09-09 20:11:00.546] [WiVRn] [info]     VK_KHR_get_physical_device_properties2 (version 1)
09-09 20:11:00.546 22070 10615 I WiVRn   : [2026-09-09 20:11:00.546] [WiVRn] [info]     VK_KHR_get_surface_capabilities2 (version 1)
09-09 20:11:00.546 22070 10615 I WiVRn   : [2026-09-09 20:11:00.546] [WiVRn] [info]     VK_KHR_surface (version 25)
09-09 20:11:00.554 22070 10615 I WiVRn   : [2026-09-09 20:11:00.554] [WiVRn] [info] Available Vulkan device extensions:
09-09 20:11:00.554 22070 10615 I WiVRn   : [2026-09-09 20:11:00.554] [WiVRn] [info]     VK_ANDROID_external_memory_android_hardware_buffer (version 3)
09-09 20:11:00.554 22070 10615 I WiVRn   : [2026-09-09 20:11:00.554] [WiVRn] [info]     VK_EXT_astc_decode_mode (version 1)
09-09 20:11:00.554 22070 10615 I WiVRn   : [2026-09-09 20:11:00.554] [WiVRn] [info]     VK_EXT_blend_operation_advanced (version 1)
09-09 20:11:00.554 22070 10615 I WiVRn   : [2026-09-09 20:11:00.554] [WiVRn] [info]     VK_EXT_custom_border_color (version 12)
09-09 20:11:00.554 22070 10615 I WiVRn   : [2026-09-09 20:11:00.554] [WiVRn] [info]     VK_EXT_depth_clip_enable (version 1)
09-09 20:11:00.554 22070 10615 I WiVRn   : [2026-09-09 20:11:00.554] [WiVRn] [info]     VK_EXT_descriptor_indexing (version 2)
09-09 20:11:00.554 22070 10615 I WiVRn   : [2026-09-09 20:11:00.554] [WiVRn] [info]     VK_EXT_device_fault (version 1)
09-09 20:11:00.554 22070 10615 I WiVRn   : [2026-09-09 20:11:00.554] [WiVRn] [info]     VK_EXT_device_memory_report (version 2)
09-09 20:11:00.554 22070 10615 I WiVRn   : [2026-09-09 20:11:00.554] [WiVRn] [info]     VK_EXT_extended_dynamic_state (version 1)
09-09 20:11:00.554 22070 10615 I WiVRn   : [2026-09-09 20:11:00.554] [WiVRn] [info]     VK_EXT_filter_cubic (version 3)
09-09 20:11:00.554 22070 10615 I WiVRn   : [2026-09-09 20:11:00.554] [WiVRn] [info]     VK_EXT_fragment_density_map (version 1)
09-09 20:11:00.554 22070 10615 I WiVRn   : [2026-09-09 20:11:00.554] [WiVRn] [info]     VK_EXT_fragment_density_map2 (version 1)
09-09 20:11:00.554 22070 10615 I WiVRn   : [2026-09-09 20:11:00.554] [WiVRn] [info]     VK_EXT_global_priority (version 2)
09-09 20:11:00.554 22070 10615 I WiVRn   : [2026-09-09 20:11:00.554] [WiVRn] [info]     VK_EXT_global_priority_query (version 1)
09-09 20:11:00.554 22070 10615 I WiVRn   : [2026-09-09 20:11:00.554] [WiVRn] [info]     VK_EXT_hdr_metadata (version 1)
09-09 20:11:00.554 22070 10615 I WiVRn   : [2026-09-09 20:11:00.554] [WiVRn] [info]     VK_EXT_host_query_reset (version 1)
09-09 20:11:00.554 22070 10615 I WiVRn   : [2026-09-09 20:11:00.554] [WiVRn] [info]     VK_EXT_image_robustness (version 1)
09-09 20:11:00.554 22070 10615 I WiVRn   : [2026-09-09 20:11:00.554] [WiVRn] [info]     VK_EXT_index_type_uint8 (version 1)
09-09 20:11:00.554 22070 10615 I WiVRn   : [2026-09-09 20:11:00.554] [WiVRn] [info]     VK_EXT_line_rasterization (version 1)
09-09 20:11:00.554 22070 10615 I WiVRn   : [2026-09-09 20:11:00.554] [WiVRn] [info]     VK_EXT_pipeline_creation_cache_control (version 1)
09-09 20:11:00.554 22070 10615 I WiVRn   : [2026-09-09 20:11:00.554] [WiVRn] [info]     VK_EXT_pipeline_creation_feedback (version 1)
09-09 20:11:00.554 22070 10615 I WiVRn   : [2026-09-09 20:11:00.554] [WiVRn] [info]     VK_EXT_primitive_topology_list_restart (version 2)
09-09 20:11:00.554 22070 10615 I WiVRn   : [2026-09-09 20:11:00.554] [WiVRn] [info]     VK_EXT_private_data (version 1)
09-09 20:11:00.554 22070 10615 I WiVRn   : [2026-09-09 20:11:00.554] [WiVRn] [info]     VK_EXT_provoking_vertex (version 1)
09-09 20:11:00.554 22070 10615 I WiVRn   : [2026-09-09 20:11:00.554] [WiVRn] [info]     VK_EXT_queue_family_foreign (version 1)
09-09 20:11:00.554 22070 10615 I WiVRn   : [2026-09-09 20:11:00.554] [WiVRn] [info]     VK_EXT_robustness2 (version 1)
09-09 20:11:00.554 22070 10615 I WiVRn   : [2026-09-09 20:11:00.554] [WiVRn] [info]     VK_EXT_sample_locations (version 1)
09-09 20:11:00.554 22070 10615 I WiVRn   : [2026-09-09 20:11:00.554] [WiVRn] [info]     VK_EXT_sampler_filter_minmax (version 1)
09-09 20:11:00.554 22070 10615 I WiVRn   : [2026-09-09 20:11:00.554] [WiVRn] [info]     VK_EXT_scalar_block_layout (version 1)
09-09 20:11:00.554 22070 10615 I WiVRn   : [2026-09-09 20:11:00.554] [WiVRn] [info]     VK_EXT_separate_stencil_usage (version 1)
09-09 20:11:00.554 22070 10615 I WiVRn   : [2026-09-09 20:11:00.554] [WiVRn] [info]     VK_EXT_shader_demote_to_helper_invocation (version 1)
09-09 20:11:00.554 22070 10615 I WiVRn   : [2026-09-09 20:11:00.554] [WiVRn] [info]     VK_EXT_subgroup_size_control (version 2)
09-09 20:11:00.554 22070 10615 I WiVRn   : [2026-09-09 20:11:00.554] [WiVRn] [info]     VK_EXT_texture_compression_astc_hdr (version 1)
09-09 20:11:00.554 22070 10615 I WiVRn   : [2026-09-09 20:11:00.554] [WiVRn] [info]     VK_EXT_transform_feedback (version 1)
09-09 20:11:00.554 22070 10615 I WiVRn   : [2026-09-09 20:11:00.554] [WiVRn] [info]     VK_EXT_vertex_attribute_divisor (version 3)
09-09 20:11:00.554 22070 10615 I WiVRn   : [2026-09-09 20:11:00.554] [WiVRn] [info]     VK_EXT_vertex_input_dynamic_state (version 2)
09-09 20:11:00.554 22070 10615 I WiVRn   : [2026-09-09 20:11:00.554] [WiVRn] [info]     VK_GOOGLE_display_timing (version 1)
09-09 20:11:00.554 22070 10615 I WiVRn   : [2026-09-09 20:11:00.554] [WiVRn] [info]     VK_IMG_filter_cubic (version 1)
09-09 20:11:00.554 22070 10615 I WiVRn   : [2026-09-09 20:11:00.554] [WiVRn] [info]     VK_KHR_16bit_storage (version 1)
09-09 20:11:00.554 22070 10615 I WiVRn   : [2026-09-09 20:11:00.554] [WiVRn] [info]     VK_KHR_bind_memory2 (version 1)
09-09 20:11:00.554 22070 10615 I WiVRn   : [2026-09-09 20:11:00.554] [WiVRn] [info]     VK_KHR_buffer_device_address (version 1)
09-09 20:11:00.554 22070 10615 I WiVRn   : [2026-09-09 20:11:00.554] [WiVRn] [info]     VK_KHR_create_renderpass2 (version 1)
09-09 20:11:00.554 22070 10615 I WiVRn   : [2026-09-09 20:11:00.554] [WiVRn] [info]     VK_KHR_dedicated_allocation (version 1)
09-09 20:11:00.554 22070 10615 I WiVRn   : [2026-09-09 20:11:00.554] [WiVRn] [info]     VK_KHR_depth_stencil_resolve (version 1)
09-09 20:11:00.554 22070 10615 I WiVRn   : [2026-09-09 20:11:00.554] [WiVRn] [info]     VK_KHR_descriptor_update_template (version 1)
09-09 20:11:00.554 22070 10615 I WiVRn   : [2026-09-09 20:11:00.554] [WiVRn] [info]     VK_KHR_device_group (version 2)
09-09 20:11:00.554 22070 10615 I WiVRn   : [2026-09-09 20:11:00.554] [WiVRn] [info]     VK_KHR_draw_indirect_count (version 1)
09-09 20:11:00.554 22070 10615 I WiVRn   : [2026-09-09 20:11:00.554] [WiVRn] [info]     VK_KHR_driver_properties (version 1)
09-09 20:11:00.554 22070 10615 I WiVRn   : [2026-09-09 20:11:00.554] [WiVRn] [info]     VK_KHR_external_fence (version 1)
09-09 20:11:00.554 22070 10615 I WiVRn   : [2026-09-09 20:11:00.554] [WiVRn] [info]     VK_KHR_external_fence_fd (version 1)
09-09 20:11:00.554 22070 10615 I WiVRn   : [2026-09-09 20:11:00.554] [WiVRn] [info]     VK_KHR_external_memory (version 1)
09-09 20:11:00.554 22070 10615 I WiVRn   : [2026-09-09 20:11:00.554] [WiVRn] [info]     VK_KHR_external_memory_fd (version 1)
09-09 20:11:00.554 22070 10615 I WiVRn   : [2026-09-09 20:11:00.554] [WiVRn] [info]     VK_KHR_external_semaphore (version 1)
09-09 20:11:00.554 22070 10615 I WiVRn   : [2026-09-09 20:11:00.554] [WiVRn] [info]     VK_KHR_external_semaphore_fd (version 1)
09-09 20:11:00.554 22070 10615 I WiVRn   : [2026-09-09 20:11:00.554] [WiVRn] [info]     VK_KHR_get_memory_requirements2 (version 1)
09-09 20:11:00.554 22070 10615 I WiVRn   : [2026-09-09 20:11:00.554] [WiVRn] [info]     VK_KHR_image_format_list (version 1)
09-09 20:11:00.554 22070 10615 I WiVRn   : [2026-09-09 20:11:00.554] [WiVRn] [info]     VK_KHR_imageless_framebuffer (version 1)
09-09 20:11:00.554 22070 10615 I WiVRn   : [2026-09-09 20:11:00.554] [WiVRn] [info]     VK_KHR_incremental_present (version 1)
09-09 20:11:00.554 22070 10615 I WiVRn   : [2026-09-09 20:11:00.554] [WiVRn] [info]     VK_KHR_maintenance1 (version 1)
09-09 20:11:00.554 22070 10615 I WiVRn   : [2026-09-09 20:11:00.554] [WiVRn] [info]     VK_KHR_maintenance2 (version 1)
09-09 20:11:00.554 22070 10615 I WiVRn   : [2026-09-09 20:11:00.554] [WiVRn] [info]     VK_KHR_maintenance3 (version 1)
09-09 20:11:00.554 22070 10615 I WiVRn   : [2026-09-09 20:11:00.554] [WiVRn] [info]     VK_KHR_multiview (version 1)
09-09 20:11:00.554 22070 10615 I WiVRn   : [2026-09-09 20:11:00.554] [WiVRn] [info]     VK_KHR_pipeline_executable_properties (version 1)
09-09 20:11:00.554 22070 10615 I WiVRn   : [2026-09-09 20:11:00.554] [WiVRn] [info]     VK_KHR_push_descriptor (version 1)
09-09 20:11:00.554 22070 10615 I WiVRn   : [2026-09-09 20:11:00.554] [WiVRn] [info]     VK_KHR_relaxed_block_layout (version 1)
09-09 20:11:00.554 22070 10615 I WiVRn   : [2026-09-09 20:11:00.554] [WiVRn] [info]     VK_KHR_sampler_mirror_clamp_to_edge (version 1)
09-09 20:11:00.554 22070 10615 I WiVRn   : [2026-09-09 20:11:00.554] [WiVRn] [info]     VK_KHR_sampler_ycbcr_conversion (version 1)
09-09 20:11:00.554 22070 10615 I WiVRn   : [2026-09-09 20:11:00.554] [WiVRn] [info]     VK_KHR_separate_depth_stencil_layouts (version 1)
09-09 20:11:00.554 22070 10615 I WiVRn   : [2026-09-09 20:11:00.554] [WiVRn] [info]     VK_KHR_shader_draw_parameters (version 1)
09-09 20:11:00.554 22070 10615 I WiVRn   : [2026-09-09 20:11:00.554] [WiVRn] [info]     VK_KHR_shader_float16_int8 (version 1)
09-09 20:11:00.554 22070 10615 I WiVRn   : [2026-09-09 20:11:00.554] [WiVRn] [info]     VK_KHR_shader_float_controls (version 4)
09-09 20:11:00.554 22070 10615 I WiVRn   : [2026-09-09 20:11:00.554] [WiVRn] [info]     VK_KHR_shader_non_semantic_info (version 1)
09-09 20:11:00.554 22070 10615 I WiVRn   : [2026-09-09 20:11:00.554] [WiVRn] [info]     VK_KHR_shared_presentable_image (version 1)
09-09 20:11:00.554 22070 10615 I WiVRn   : [2026-09-09 20:11:00.554] [WiVRn] [info]     VK_KHR_spirv_1_4 (version 1)
09-09 20:11:00.554 22070 10615 I WiVRn   : [2026-09-09 20:11:00.554] [WiVRn] [info]     VK_KHR_storage_buffer_storage_class (version 1)
09-09 20:11:00.554 22070 10615 I WiVRn   : [2026-09-09 20:11:00.554] [WiVRn] [info]     VK_KHR_swapchain (version 70)
09-09 20:11:00.554 22070 10615 I WiVRn   : [2026-09-09 20:11:00.554] [WiVRn] [info]     VK_KHR_timeline_semaphore (version 2)
09-09 20:11:00.554 22070 10615 I WiVRn   : [2026-09-09 20:11:00.554] [WiVRn] [info]     VK_KHR_variable_pointers (version 1)
09-09 20:11:00.554 22070 10615 I WiVRn   : [2026-09-09 20:11:00.554] [WiVRn] [info]     VK_KHR_vulkan_memory_model (version 3)
09-09 20:11:00.554 22070 10615 I WiVRn   : [2026-09-09 20:11:00.554] [WiVRn] [info]     VK_QCOM_fragment_density_map_offset (version 1)
09-09 20:11:00.554 22070 10615 I WiVRn   : [2026-09-09 20:11:00.554] [WiVRn] [info]     VK_QCOM_render_pass_shader_resolve (version 4)
09-09 20:11:00.554 22070 10615 I WiVRn   : [2026-09-09 20:11:00.554] [WiVRn] [info]     VK_QCOM_render_pass_store_ops (version 2)
09-09 20:11:00.554 22070 10615 I WiVRn   : [2026-09-09 20:11:00.554] [WiVRn] [info]     VK_QCOM_render_pass_transform (version 3)
09-09 20:11:00.554 22070 10615 I WiVRn   : [2026-09-09 20:11:00.554] [WiVRn] [info]     VK_QCOM_tile_properties (version 1)
09-09 20:11:00.554 22070 10615 I WiVRn   : [2026-09-09 20:11:00.554] [WiVRn] [info] Initializing Vulkan with device Adreno (TM) 650
09-09 20:11:00.554 22070 10615 I WiVRn   : [2026-09-09 20:11:00.554] [WiVRn] [info]     Vendor ID: 0x5143
09-09 20:11:00.554 22070 10615 I WiVRn   : [2026-09-09 20:11:00.554] [WiVRn] [info]     Device ID: 0x6050002
09-09 20:11:00.554 22070 10615 I WiVRn   : [2026-09-09 20:11:00.554] [WiVRn] [info]     Driver version: 512.682.0
09-09 20:11:00.554 22070 10615 I WiVRn   : [2026-09-09 20:11:00.554] [WiVRn] [info]     maxPushConstantsSize: 128 bytes
09-09 20:11:00.554 22070 10615 I WiVRn   : [2026-09-09 20:11:00.554] [WiVRn] [info] Vulkan fragment density map enabled
09-09 20:11:00.555 22070 10615 I WiVRn   : [2026-09-09 20:11:00.555] [WiVRn] [info]     queue family 0 has 3 queues; decoding on queue 1 and queue 2 (one per eye)
09-09 20:11:00.576 22070 10615 I WiVRn   : [2026-09-09 20:11:00.576] [WiVRn] [info] 4 reference spaces
09-09 20:11:00.576 22070 10615 I WiVRn   : [2026-09-09 20:11:00.576] [WiVRn] [info]     XR_REFERENCE_SPACE_TYPE_VIEW
09-09 20:11:00.576 22070 10615 I WiVRn   : [2026-09-09 20:11:00.576] [WiVRn] [info]     XR_REFERENCE_SPACE_TYPE_LOCAL
09-09 20:11:00.576 22070 10615 I WiVRn   : [2026-09-09 20:11:00.576] [WiVRn] [info]     XR_REFERENCE_SPACE_TYPE_STAGE
09-09 20:11:00.576 22070 10615 I WiVRn   : [2026-09-09 20:11:00.576] [WiVRn] [info]     XR_REFERENCE_SPACE_TYPE_LOCAL_FLOOR
09-09 20:11:00.576 22070 10615 I WiVRn   : [2026-09-09 20:11:00.576] [WiVRn] [info] Adding grip_surface/pose for interaction profile /interaction_profiles/khr/simple_controller
09-09 20:11:00.576 22070 10615 I WiVRn   : [2026-09-09 20:11:00.576] [WiVRn] [info] Adding pinch_ext/pose for interaction profile /interaction_profiles/khr/simple_controller
09-09 20:11:00.576 22070 10615 I WiVRn   : [2026-09-09 20:11:00.576] [WiVRn] [info] Adding poke_ext/pose for interaction profile /interaction_profiles/khr/simple_controller
09-09 20:11:00.576 22070 10615 I WiVRn   : [2026-09-09 20:11:00.576] [WiVRn] [info] Adding grip_surface/pose for interaction profile /interaction_profiles/oculus/touch_controller
09-09 20:11:00.576 22070 10615 I WiVRn   : [2026-09-09 20:11:00.576] [WiVRn] [info] Adding pinch_ext/pose for interaction profile /interaction_profiles/oculus/touch_controller
09-09 20:11:00.576 22070 10615 I WiVRn   : [2026-09-09 20:11:00.576] [WiVRn] [info] Adding poke_ext/pose for interaction profile /interaction_profiles/oculus/touch_controller
09-09 20:11:00.576 22070 10615 I WiVRn   : [2026-09-09 20:11:00.576] [WiVRn] [info] Adding grip_surface/pose for interaction profile /interaction_profiles/meta/touch_pro_controller
09-09 20:11:00.576 22070 10615 I WiVRn   : [2026-09-09 20:11:00.576] [WiVRn] [info] Adding pinch_ext/pose for interaction profile /interaction_profiles/meta/touch_pro_controller
09-09 20:11:00.576 22070 10615 I WiVRn   : [2026-09-09 20:11:00.576] [WiVRn] [info] Adding poke_ext/pose for interaction profile /interaction_profiles/meta/touch_pro_controller
09-09 20:11:00.576 22070 10615 I WiVRn   : [2026-09-09 20:11:00.576] [WiVRn] [info] Adding grip_surface/pose for interaction profile /interaction_profiles/meta/touch_plus_controller
09-09 20:11:00.576 22070 10615 I WiVRn   : [2026-09-09 20:11:00.576] [WiVRn] [info] Adding pinch_ext/pose for interaction profile /interaction_profiles/meta/touch_plus_controller
09-09 20:11:00.576 22070 10615 I WiVRn   : [2026-09-09 20:11:00.576] [WiVRn] [info] Adding poke_ext/pose for interaction profile /interaction_profiles/meta/touch_plus_controller
09-09 20:11:00.576 22070 10615 I WiVRn   : [2026-09-09 20:11:00.576] [WiVRn] [info] Adding grip_surface/pose for interaction profile /interaction_profiles/bytedance/pico_neo3_controller
09-09 20:11:00.576 22070 10615 I WiVRn   : [2026-09-09 20:11:00.576] [WiVRn] [info] Adding pinch_ext/pose for interaction profile /interaction_profiles/bytedance/pico_neo3_controller
09-09 20:11:00.576 22070 10615 I WiVRn   : [2026-09-09 20:11:00.576] [WiVRn] [info] Adding poke_ext/pose for interaction profile /interaction_profiles/bytedance/pico_neo3_controller
09-09 20:11:00.576 22070 10615 I WiVRn   : [2026-09-09 20:11:00.576] [WiVRn] [info] Adding grip_surface/pose for interaction profile /interaction_profiles/bytedance/pico4_controller
09-09 20:11:00.576 22070 10615 I WiVRn   : [2026-09-09 20:11:00.576] [WiVRn] [info] Adding pinch_ext/pose for interaction profile /interaction_profiles/bytedance/pico4_controller
09-09 20:11:00.576 22070 10615 I WiVRn   : [2026-09-09 20:11:00.576] [WiVRn] [info] Adding poke_ext/pose for interaction profile /interaction_profiles/bytedance/pico4_controller
09-09 20:11:00.576 22070 10615 I WiVRn   : [2026-09-09 20:11:00.576] [WiVRn] [info] Adding grip_surface/pose for interaction profile /interaction_profiles/bytedance/pico4s_controller
09-09 20:11:00.576 22070 10615 I WiVRn   : [2026-09-09 20:11:00.576] [WiVRn] [info] Adding pinch_ext/pose for interaction profile /interaction_profiles/bytedance/pico4s_controller
09-09 20:11:00.576 22070 10615 I WiVRn   : [2026-09-09 20:11:00.576] [WiVRn] [info] Adding poke_ext/pose for interaction profile /interaction_profiles/bytedance/pico4s_controller
09-09 20:11:00.576 22070 10615 I WiVRn   : [2026-09-09 20:11:00.576] [WiVRn] [info] Adding grip_surface/pose for interaction profile /interaction_profiles/yvr/touch_controller_yvr
09-09 20:11:00.576 22070 10615 I WiVRn   : [2026-09-09 20:11:00.576] [WiVRn] [info] Adding pinch_ext/pose for interaction profile /interaction_profiles/yvr/touch_controller_yvr
09-09 20:11:00.576 22070 10615 I WiVRn   : [2026-09-09 20:11:00.576] [WiVRn] [info] Adding poke_ext/pose for interaction profile /interaction_profiles/yvr/touch_controller_yvr
09-09 20:11:00.576 22070 10615 I WiVRn   : [2026-09-09 20:11:00.576] [WiVRn] [info] Adding grip_surface/pose for interaction profile /interaction_profiles/htc/vive_focus3_controller
09-09 20:11:00.576 22070 10615 I WiVRn   : [2026-09-09 20:11:00.576] [WiVRn] [info] Adding pinch_ext/pose for interaction profile /interaction_profiles/htc/vive_focus3_controller
09-09 20:11:00.576 22070 10615 I WiVRn   : [2026-09-09 20:11:00.576] [WiVRn] [info] Adding poke_ext/pose for interaction profile /interaction_profiles/htc/vive_focus3_controller
09-09 20:11:00.576 22070 10615 I WiVRn   : [2026-09-09 20:11:00.576] [WiVRn] [info] Adding grip_surface/pose for interaction profile /interaction_profiles/ext/hand_interaction_ext
09-09 20:11:00.580 22070 10615 I WiVRn   : [2026-09-09 20:11:00.580] [WiVRn] [info] Current locale: language en, country GB, encoding UTF-8
09-09 20:11:00.581 22070 10615 I WiVRn   : [2026-09-09 20:11:00.581] [WiVRn] [info] Supported swapchain formats:
09-09 20:11:00.581 22070 10615 I WiVRn   : [2026-09-09 20:11:00.581] [WiVRn] [info]     R8G8B8A8Srgb
09-09 20:11:00.581 22070 10615 I WiVRn   : [2026-09-09 20:11:00.581] [WiVRn] [info]     R8Unorm
09-09 20:11:00.581 22070 10615 I WiVRn   : [2026-09-09 20:11:00.581] [WiVRn] [info]     R8G8Unorm
09-09 20:11:00.581 22070 10615 I WiVRn   : [2026-09-09 20:11:00.581] [WiVRn] [info]     R8G8B8A8Unorm
09-09 20:11:00.581 22070 10615 I WiVRn   : [2026-09-09 20:11:00.581] [WiVRn] [info]     R5G6B5UnormPack16
09-09 20:11:00.581 22070 10615 I WiVRn   : [2026-09-09 20:11:00.581] [WiVRn] [info]     A2B10G10R10UnormPack32
09-09 20:11:00.581 22070 10615 I WiVRn   : [2026-09-09 20:11:00.581] [WiVRn] [info]     R16Unorm
09-09 20:11:00.581 22070 10615 I WiVRn   : [2026-09-09 20:11:00.581] [WiVRn] [info]     R16G16Unorm
09-09 20:11:00.581 22070 10615 I WiVRn   : [2026-09-09 20:11:00.581] [WiVRn] [info]     R16G16B16A16Unorm
09-09 20:11:00.581 22070 10615 I WiVRn   : [2026-09-09 20:11:00.581] [WiVRn] [info]     R16Uint
09-09 20:11:00.581 22070 10615 I WiVRn   : [2026-09-09 20:11:00.581] [WiVRn] [info]     R16G16Uint
09-09 20:11:00.581 22070 10615 I WiVRn   : [2026-09-09 20:11:00.581] [WiVRn] [info]     R16G16B16A16Uint
09-09 20:11:00.581 22070 10615 I WiVRn   : [2026-09-09 20:11:00.581] [WiVRn] [info]     R16Sint
09-09 20:11:00.581 22070 10615 I WiVRn   : [2026-09-09 20:11:00.581] [WiVRn] [info]     R16G16Sint
09-09 20:11:00.581 22070 10615 I WiVRn   : [2026-09-09 20:11:00.581] [WiVRn] [info]     R16G16B16A16Sint
09-09 20:11:00.581 22070 10615 I WiVRn   : [2026-09-09 20:11:00.581] [WiVRn] [info]     R16Sfloat
09-09 20:11:00.581 22070 10615 I WiVRn   : [2026-09-09 20:11:00.581] [WiVRn] [info]     R16G16Sfloat
09-09 20:11:00.581 22070 10615 I WiVRn   : [2026-09-09 20:11:00.581] [WiVRn] [info]     R16G16B16A16Sfloat
09-09 20:11:00.581 22070 10615 I WiVRn   : [2026-09-09 20:11:00.581] [WiVRn] [info]     A1R5G5B5UnormPack16
09-09 20:11:00.581 22070 10615 I WiVRn   : [2026-09-09 20:11:00.581] [WiVRn] [info]     Etc2R8G8B8UnormBlock
09-09 20:11:00.581 22070 10615 I WiVRn   : [2026-09-09 20:11:00.581] [WiVRn] [info]     Etc2R8G8B8A1UnormBlock
09-09 20:11:00.581 22070 10615 I WiVRn   : [2026-09-09 20:11:00.581] [WiVRn] [info]     Etc2R8G8B8A8UnormBlock
09-09 20:11:00.581 22070 10615 I WiVRn   : [2026-09-09 20:11:00.581] [WiVRn] [info]     Etc2R8G8B8SrgbBlock
09-09 20:11:00.581 22070 10615 I WiVRn   : [2026-09-09 20:11:00.581] [WiVRn] [info]     Etc2R8G8B8A1SrgbBlock
09-09 20:11:00.581 22070 10615 I WiVRn   : [2026-09-09 20:11:00.581] [WiVRn] [info]     Etc2R8G8B8A8SrgbBlock
09-09 20:11:00.581 22070 10615 I WiVRn   : [2026-09-09 20:11:00.581] [WiVRn] [info]     EacR11UnormBlock
09-09 20:11:00.581 22070 10615 I WiVRn   : [2026-09-09 20:11:00.581] [WiVRn] [info]     EacR11G11UnormBlock
09-09 20:11:00.581 22070 10615 I WiVRn   : [2026-09-09 20:11:00.581] [WiVRn] [info]     EacR11SnormBlock
09-09 20:11:00.581 22070 10615 I WiVRn   : [2026-09-09 20:11:00.581] [WiVRn] [info]     EacR11G11SnormBlock
09-09 20:11:00.581 22070 10615 I WiVRn   : [2026-09-09 20:11:00.581] [WiVRn] [info]     Astc4x4UnormBlock
09-09 20:11:00.581 22070 10615 I WiVRn   : [2026-09-09 20:11:00.581] [WiVRn] [info]     Astc5x4UnormBlock
09-09 20:11:00.581 22070 10615 I WiVRn   : [2026-09-09 20:11:00.581] [WiVRn] [info]     Astc5x5UnormBlock
09-09 20:11:00.581 22070 10615 I WiVRn   : [2026-09-09 20:11:00.581] [WiVRn] [info]     Astc6x5UnormBlock
09-09 20:11:00.581 22070 10615 I WiVRn   : [2026-09-09 20:11:00.581] [WiVRn] [info]     Astc6x6UnormBlock
09-09 20:11:00.581 22070 10615 I WiVRn   : [2026-09-09 20:11:00.581] [WiVRn] [info]     Astc8x5UnormBlock
09-09 20:11:00.581 22070 10615 I WiVRn   : [2026-09-09 20:11:00.581] [WiVRn] [info]     Astc8x6UnormBlock
09-09 20:11:00.581 22070 10615 I WiVRn   : [2026-09-09 20:11:00.581] [WiVRn] [info]     Astc8x8UnormBlock
09-09 20:11:00.581 22070 10615 I WiVRn   : [2026-09-09 20:11:00.581] [WiVRn] [info]     Astc10x5UnormBlock
09-09 20:11:00.581 22070 10615 I WiVRn   : [2026-09-09 20:11:00.581] [WiVRn] [info]     Astc10x6UnormBlock
09-09 20:11:00.581 22070 10615 I WiVRn   : [2026-09-09 20:11:00.581] [WiVRn] [info]     Astc10x8UnormBlock
09-09 20:11:00.581 22070 10615 I WiVRn   : [2026-09-09 20:11:00.581] [WiVRn] [info]     Astc10x10UnormBlock
09-09 20:11:00.581 22070 10615 I WiVRn   : [2026-09-09 20:11:00.581] [WiVRn] [info]     Astc12x10UnormBlock
09-09 20:11:00.581 22070 10615 I WiVRn   : [2026-09-09 20:11:00.581] [WiVRn] [info]     Astc12x12UnormBlock
09-09 20:11:00.581 22070 10615 I WiVRn   : [2026-09-09 20:11:00.581] [WiVRn] [info]     Astc4x4SrgbBlock
09-09 20:11:00.581 22070 10615 I WiVRn   : [2026-09-09 20:11:00.581] [WiVRn] [info]     Astc5x4SrgbBlock
09-09 20:11:00.581 22070 10615 I WiVRn   : [2026-09-09 20:11:00.581] [WiVRn] [info]     Astc5x5SrgbBlock
09-09 20:11:00.581 22070 10615 I WiVRn   : [2026-09-09 20:11:00.581] [WiVRn] [info]     Astc6x5SrgbBlock
09-09 20:11:00.581 22070 10615 I WiVRn   : [2026-09-09 20:11:00.581] [WiVRn] [info]     Astc6x6SrgbBlock
09-09 20:11:00.581 22070 10615 I WiVRn   : [2026-09-09 20:11:00.581] [WiVRn] [info]     Astc8x5SrgbBlock
09-09 20:11:00.581 22070 10615 I WiVRn   : [2026-09-09 20:11:00.581] [WiVRn] [info]     Astc8x6SrgbBlock
09-09 20:11:00.581 22070 10615 I WiVRn   : [2026-09-09 20:11:00.581] [WiVRn] [info]     Astc8x8SrgbBlock
09-09 20:11:00.581 22070 10615 I WiVRn   : [2026-09-09 20:11:00.581] [WiVRn] [info]     Astc10x5SrgbBlock
09-09 20:11:00.581 22070 10615 I WiVRn   : [2026-09-09 20:11:00.581] [WiVRn] [info]     Astc10x6SrgbBlock
09-09 20:11:00.581 22070 10615 I WiVRn   : [2026-09-09 20:11:00.581] [WiVRn] [info]     Astc10x8SrgbBlock
09-09 20:11:00.581 22070 10615 I WiVRn   : [2026-09-09 20:11:00.581] [WiVRn] [info]     Astc10x10SrgbBlock
09-09 20:11:00.581 22070 10615 I WiVRn   : [2026-09-09 20:11:00.581] [WiVRn] [info]     Astc12x10SrgbBlock
09-09 20:11:00.581 22070 10615 I WiVRn   : [2026-09-09 20:11:00.581] [WiVRn] [info]     Astc12x12SrgbBlock
09-09 20:11:00.581 22070 10615 I WiVRn   : [2026-09-09 20:11:00.581] [WiVRn] [info]     D16Unorm
09-09 20:11:00.581 22070 10615 I WiVRn   : [2026-09-09 20:11:00.581] [WiVRn] [info]     X8D24UnormPack32
09-09 20:11:00.581 22070 10615 I WiVRn   : [2026-09-09 20:11:00.581] [WiVRn] [info]     D32Sfloat
09-09 20:11:00.581 22070 10615 I WiVRn   : [2026-09-09 20:11:00.581] [WiVRn] [info]     D24UnormS8Uint
09-09 20:11:00.581 22070 10615 I WiVRn   : [2026-09-09 20:11:00.581] [WiVRn] [info]     B8G8R8A8Unorm
09-09 20:11:00.581 22070 10615 I WiVRn   : [2026-09-09 20:11:00.581] [WiVRn] [info]     B8G8R8A8Srgb
09-09 20:11:00.600 22070 10615 I WiVRn   : [2026-09-09 20:11:00.600] [WiVRn] [info] Using formats R8G8B8A8Srgb and D32Sfloat
09-09 20:11:00.600 22070 10615 I WiVRn   : [2026-09-09 20:11:00.600] [WiVRn] [info] Composition layer depth test NOT supported
09-09 20:11:00.600 22070 10615 I WiVRn   : [2026-09-09 20:11:00.600] [WiVRn] [info] Composition layer color scale/bias supported
09-09 20:11:00.600 22070 10615 I WiVRn   : [2026-09-09 20:11:00.600] [WiVRn] [info] 0 known server(s):
09-09 20:11:00.602 22070 10656 I WiVRn   : [2026-09-09 20:11:00.602] [WiVRn] [info] Session state changed at timestamp 0: XR_SESSION_STATE_UNKNOWN => XR_SESSION_STATE_IDLE
09-09 20:11:00.602 22070 10656 I WiVRn   : [2026-09-09 20:11:00.602] [WiVRn] [info] Session state changed at timestamp 0: XR_SESSION_STATE_IDLE => XR_SESSION_STATE_READY
09-09 20:11:00.618 22070 10656 I WiVRn   : [2026-09-09 20:11:00.618] [WiVRn] [info] Received event type XR_TYPE_EVENT_DATA_USER_PRESENCE_CHANGED_EXT
09-09 20:11:00.618 22070 10656 I WiVRn   : [2026-09-09 20:11:00.618] [WiVRn] [info] Using panel size: 2160x2160
09-09 20:11:00.811 22070 10656 I WiVRn   : [2026-09-09 20:11:00.811] [WiVRn] [info] Loaded input profile pico-4
09-09 20:11:00.811 22070 10656 I WiVRn   : [2026-09-09 20:11:00.811] [WiVRn] [info] Initializing offset of space aim_left to (-5, 0, 20) mm, (0, -0, 0)°
09-09 20:11:00.811 22070 10656 I WiVRn   : [2026-09-09 20:11:00.811] [WiVRn] [info] Initializing offset of space aim_right to (5, 0, 20) mm, (0, -0, 0)°
09-09 20:11:00.811 22070 10656 I WiVRn   : [2026-09-09 20:11:00.811] [WiVRn] [info] Initializing offset of space grip_left to (0, -20, -50) mm, (-30.000002, -0, 0)°
09-09 20:11:00.811 22070 10656 I WiVRn   : [2026-09-09 20:11:00.811] [WiVRn] [info] Initializing offset of space grip_right to (0, -20, -50) mm, (-30.000002, -0, 0)°
09-09 20:11:00.820 22070 10656 I WiVRn   : [2026-09-09 20:11:00.820] [WiVRn] [info] Font for de /system/fonts/PICOSans.ttf
09-09 20:11:00.820 22070 10656 I WiVRn   : [2026-09-09 20:11:00.820] [WiVRn] [info] Font for es /system/fonts/PICOSans.ttf
09-09 20:11:00.820 22070 10656 I WiVRn   : [2026-09-09 20:11:00.820] [WiVRn] [info] Font for fr /system/fonts/PICOSans.ttf
09-09 20:11:00.820 22070 10656 I WiVRn   : [2026-09-09 20:11:00.820] [WiVRn] [info] Font for fr /system/fonts/Roboto-Regular.ttf
09-09 20:11:00.820 22070 10656 I WiVRn   : [2026-09-09 20:11:00.820] [WiVRn] [info] Font for it /system/fonts/PICOSans.ttf
09-09 20:11:00.820 22070 10656 I WiVRn   : [2026-09-09 20:11:00.820] [WiVRn] [info] Font for ja /system/fonts/PICOSans.ttf
09-09 20:11:00.820 22070 10656 I WiVRn   : [2026-09-09 20:11:00.820] [WiVRn] [info] Font for ja /system/fonts/PICOSansVFJP.ttf
09-09 20:11:00.820 22070 10656 I WiVRn   : [2026-09-09 20:11:00.820] [WiVRn] [info] Font for ka /system/fonts/PICOSans.ttf
09-09 20:11:00.820 22070 10656 I WiVRn   : [2026-09-09 20:11:00.820] [WiVRn] [info] Font for ka /system/fonts/NotoSansGeorgian-Regular.otf
09-09 20:11:00.820 22070 10656 I WiVRn   : [2026-09-09 20:11:00.820] [WiVRn] [info] Font for ka /system/fonts/PICOSans.ttf
09-09 20:11:00.820 22070 10656 I WiVRn   : [2026-09-09 20:11:00.820] [WiVRn] [info] Font for pl /system/fonts/PICOSans.ttf
09-09 20:11:00.820 22070 10656 I WiVRn   : [2026-09-09 20:11:00.820] [WiVRn] [info] Font for pl /system/fonts/Roboto-Regular.ttf
09-09 20:11:00.820 22070 10656 I WiVRn   : [2026-09-09 20:11:00.820] [WiVRn] [info] Font for pl /system/fonts/PICOSans.ttf
09-09 20:11:00.820 22070 10656 I WiVRn   : [2026-09-09 20:11:00.820] [WiVRn] [info] Font for pl /system/fonts/PICOSansSC-Regular.ttf
09-09 20:11:00.820 22070 10656 I WiVRn   : [2026-09-09 20:11:00.820] [WiVRn] [info] Font for pl /system/fonts/Roboto-Regular.ttf
09-09 20:11:00.820 22070 10656 I WiVRn   : [2026-09-09 20:11:00.820] [WiVRn] [info] Font for pl /system/fonts/PICOSans.ttf
09-09 20:11:00.820 22070 10656 I WiVRn   : [2026-09-09 20:11:00.820] [WiVRn] [info] Font for pt_BR /system/fonts/PICOSans.ttf
09-09 20:11:00.820 22070 10656 I WiVRn   : [2026-09-09 20:11:00.820] [WiVRn] [info] Font for ru /system/fonts/PICOSans.ttf
09-09 20:11:00.820 22070 10656 I WiVRn   : [2026-09-09 20:11:00.820] [WiVRn] [info] Font for ru /system/fonts/PICOSansSC-Regular.ttf
09-09 20:11:00.820 22070 10656 I WiVRn   : [2026-09-09 20:11:00.820] [WiVRn] [info] Font for ru /system/fonts/PICOSans.ttf
09-09 20:11:00.820 22070 10656 I WiVRn   : [2026-09-09 20:11:00.820] [WiVRn] [info] Font for sk /system/fonts/PICOSans.ttf
09-09 20:11:00.820 22070 10656 I WiVRn   : [2026-09-09 20:11:00.820] [WiVRn] [info] Font for sk /system/fonts/Roboto-Regular.ttf
09-09 20:11:00.820 22070 10656 I WiVRn   : [2026-09-09 20:11:00.820] [WiVRn] [info] Font for sk /system/fonts/PICOSansSC-Regular.ttf
09-09 20:11:00.820 22070 10656 I WiVRn   : [2026-09-09 20:11:00.820] [WiVRn] [info] Font for sk /system/fonts/PICOSans.ttf
09-09 20:11:00.820 22070 10656 I WiVRn   : [2026-09-09 20:11:00.820] [WiVRn] [info] Font for sk /system/fonts/Roboto-Regular.ttf
09-09 20:11:00.820 22070 10656 I WiVRn   : [2026-09-09 20:11:00.820] [WiVRn] [info] Font for sk /system/fonts/PICOSans.ttf
09-09 20:11:00.820 22070 10656 I WiVRn   : [2026-09-09 20:11:00.820] [WiVRn] [info] Font for tr /system/fonts/PICOSans.ttf
09-09 20:11:00.820 22070 10656 I WiVRn   : [2026-09-09 20:11:00.820] [WiVRn] [info] Font for tr /system/fonts/Roboto-Regular.ttf
09-09 20:11:00.820 22070 10656 I WiVRn   : [2026-09-09 20:11:00.820] [WiVRn] [info] Font for tr /system/fonts/PICOSans.ttf
09-09 20:11:00.820 22070 10656 I WiVRn   : [2026-09-09 20:11:00.820] [WiVRn] [info] Font for tr /system/fonts/Roboto-Regular.ttf
09-09 20:11:00.820 22070 10656 I WiVRn   : [2026-09-09 20:11:00.820] [WiVRn] [info] Font for tr /system/fonts/PICOSans.ttf
09-09 20:11:00.821 22070 10656 I WiVRn   : [2026-09-09 20:11:00.821] [WiVRn] [info] Font for zh_CN /system/fonts/PICOSans.ttf
09-09 20:11:00.821 22070 10656 I WiVRn   : [2026-09-09 20:11:00.821] [WiVRn] [info] Font for zh_CN /system/fonts/PICOSansSC-Regular.ttf
09-09 20:11:00.821 22070 10656 I WiVRn   : [2026-09-09 20:11:00.821] [WiVRn] [info] Font for zh_TW /system/fonts/PICOSans.ttf
09-09 20:11:00.821 22070 10656 I WiVRn   : [2026-09-09 20:11:00.821] [WiVRn] [info] Font for zh_TW /system/fonts/PICOSansSC-Regular.ttf
09-09 20:11:00.825 22070 10656 I WiVRn   : [2026-09-09 20:11:00.825] [WiVRn] [info] Using font /system/fonts/PICOSans.ttf
09-09 20:11:00.825 22070 10656 I WiVRn   : [2026-09-09 20:11:00.825] [WiVRn] [info] Using font /system/fonts/Roboto-Regular.ttf
09-09 20:11:00.825 22070 10656 I WiVRn   : [2026-09-09 20:11:00.825] [WiVRn] [info] Using font /system/fonts/PICOSansVFJP.ttf
09-09 20:11:00.831 22070 10656 I WiVRn   : [2026-09-09 20:11:00.831] [WiVRn] [info] Using font /system/fonts/NotoSansGeorgian-Regular.otf
09-09 20:11:00.831 22070 10656 I WiVRn   : [2026-09-09 20:11:00.831] [WiVRn] [info] Using font /system/fonts/PICOSansSC-Regular.ttf
09-09 20:11:00.890 22070 10656 I WiVRn   : [2026-09-09 20:11:00.890] [WiVRn] [info] MulticastLock acquired
09-09 20:11:00.890 22070 10656 I WiVRn   : [2026-09-09 20:11:00.890] [WiVRn] [info] Local IPv6 address: 2003:c2:3701:81fc:b3c8:aefc:7af2:8a5a
09-09 20:11:00.890 22070 10656 I WiVRn   : [2026-09-09 20:11:00.890] [WiVRn] [info] Local IPv6 address: 2003:c2:3701:81fc:616a:1ec4:5f3c:1dd5
09-09 20:11:00.890 22070 10656 I WiVRn   : [2026-09-09 20:11:00.890] [WiVRn] [info] Local IPv6 address: fd3c:3d87:86b7:0:c7ff:60cd:b757:e773
09-09 20:11:00.890 22070 10656 I WiVRn   : [2026-09-09 20:11:00.890] [WiVRn] [info] Local IPv6 address: fd3c:3d87:86b7:0:616a:1ec4:5f3c:1dd5
09-09 20:11:00.890 22070 10656 I WiVRn   : [2026-09-09 20:11:00.890] [WiVRn] [info] Local IPv4 address: 192.168.1.248
09-09 20:11:00.890 22070 10656 W WiVRn   : [2026-09-09 20:11:00.890] [WiVRn] [warning] unknown family 17
09-09 20:11:00.890 22070 10671 I WiVRn   : [2026-09-09 20:11:00.890] [WiVRn] [info] Sending query for _wivrn._tcp.local., type PTR
09-09 20:11:00.891 22070 10656 I WiVRn   : [2026-09-09 20:11:00.891] [WiVRn] [info] Performance level: CPU domain asked for sustained_high
09-09 20:11:00.891 22070 10656 I WiVRn   : [2026-09-09 20:11:00.891] [WiVRn] [info] Performance level: GPU domain asked for boost
09-09 20:11:00.897 22070 10656 I WiVRn   : [2026-09-09 20:11:00.897] [WiVRn] [info] Received event type XR_TYPE_EVENT_DATA_INTERACTION_PROFILE_CHANGED
09-09 20:11:06.334 22070 10703 I WiVRn   : [2026-09-09 20:11:06.334] [WiVRn] [info] nxwarp[0] fence-post 8.1 ms = nxvc gpu 5.1 + copy gpu 0.00 + queue 3.0 (over 127 frames with timestamps)
09-09 20:11:06.387 22070 10656 I WiVRn   : [2026-09-09 20:11:06.387] [WiVRn] [info] render: 165 iterations in 2.0 s (82.1/s), 165 submitted a layer, 120 new-source, 0 skipped by the repeat gate, 0 with nothing to show; display period 12.3 ms
09-09 20:11:06.387 22070 10656 I WiVRn   : [2026-09-09 20:11:06.387] [WiVRn] [info] render: ready wait attempts 99 success 54 total 297.725 ms | selected older than available 0
09-09 20:11:06.387 22070 10656 I WiVRn   : [2026-09-09 20:11:06.387] [WiVRn] [info] render: selected source transitions forward 120 backward 0 repeat 45, greatest forward gap 3
09-09 20:11:06.387 22070 10656 I WiVRn   : [2026-09-09 20:11:06.387] [WiVRn] [info] render: this app's own GPU pass 4.6 ms per iteration
09-09 20:11:06.387 22070 10656 I WiVRn   : [2026-09-09 20:11:06.387] [WiVRn] [info] render: defoveate 2160x2160 per eye x2 = 9.33 Mpx/frame at scale 1.00 atlas-prototype 0; 45 re-presented from the cache (reduce_gpu_load on)
09-09 20:11:06.387 22070 10656 I WiVRn   : [2026-09-09 20:11:06.387] [WiVRn] [info] render: shader path sharpness 0.00 fsr false alpha false motion false blend false glow 0.00 vignette 0.00 deband 0.00 lowpoly 0.00 levels 0 full-kernel false
09-09 20:11:06.387 22070 10656 I WiVRn   : [2026-09-09 20:11:06.387] [WiVRn] [info] render: per iteration fence 0.2 (worst 9.5) | queries 0.0 | submit 0.0 | whole render() 2.8 ms
09-09 20:11:06.387 22070 10656 I WiVRn   : [2026-09-09 20:11:06.387] [WiVRn] [info] render: jit on | wake slack 35.3 ms | slept 1.6 ms mean (max 16.0, 75 of 165 iterations) | budget 24.4 = pass 23.4 + margin 1.0 | sleep cap 0.6 ms
09-09 20:11:06.387 22070 10656 I WiVRn   : [2026-09-09 20:11:06.387] [WiVRn] [info] render: source display-time offset 58.8 ms mean (worst 88.6) over 165 frames | submit lead 29.9 ms mean (worst -124.4) | misses: 0 overrun 0 late 4 skipped refresh
09-09 20:11:07.104 22070 10651 I PxrMetric: FPS=86/90,MTP=33.32ms,AppSW=off,FrmEarly=5,FrmLate=8,FrmCpu=1.49ms,FrmGpu=7.43ms,FrmTime=9.96ms,ATWGPU=1.54ms,VsyncDelay=1,GPU=96%/587Mhz,GPUTemp=72.9C,LayerCnt=4,Pkg=org.meumeu.wivrn.nx.warp,FrmId=521
09-09 20:11:07.119 22070 10705 I WiVRn   : [2026-09-09 20:11:07.119] [WiVRn] [info] Tracking pattern (11110µs):
09-09 20:11:07.119 22070 10705 I WiVRn   : [2026-09-09 20:11:07.119] [WiVRn] [info] 	t+3682µs HEAD (7427µs)
09-09 20:11:07.119 22070 10705 I WiVRn   : [2026-09-09 20:11:07.119] [WiVRn] [info] 	t+3750µs LEFT_GRIP (7360µs)
09-09 20:11:07.119 22070 10705 I WiVRn   : [2026-09-09 20:11:07.119] [WiVRn] [info] 	t+3756µs RIGHT_GRIP (7353µs)
09-09 20:11:07.119 22070 10705 I WiVRn   : [2026-09-09 20:11:07.119] [WiVRn] [info] 	t+6682µs HEAD (4427µs)
09-09 20:11:07.119 22070 10705 I WiVRn   : [2026-09-09 20:11:07.119] [WiVRn] [info] 	t+6750µs LEFT_GRIP (4360µs)
09-09 20:11:07.119 22070 10705 I WiVRn   : [2026-09-09 20:11:07.119] [WiVRn] [info] 	t+6756µs RIGHT_GRIP (4353µs)
09-09 20:11:07.564 22070 10700 I WiVRn   : [2026-09-09 20:11:07.564] [WiVRn] [info] nxwarp[0] net: 164 frames closed in 2.0 s, 0 with a hole, 0 out-of-order datagrams, 0 frames completed late, 0 queued for the worker, 226 decoded so far, 309 stragglers dropped; last hole 0/0 chunks, first missing -1, short false, chunk 1166 B
09-09 20:11:07.564 22070 10700 I WiVRn   : [2026-09-09 20:11:07.564] [WiVRn] [info] nxwarp[0] net: 0.025 ms per datagram over 27462 datagrams (349.25 ms of every second)
09-09 20:11:07.564 22070 10700 I WiVRn   : [2026-09-09 20:11:07.564] [WiVRn] [info] nxwarp[0] sel: stride 1, arrival 12.8 ms, dropped-late 81, withheld 0, decoded 226
09-09 20:11:07.564 22070 10700 I WiVRn   : [2026-09-09 20:11:07.564] [WiVRn] [info] nxwarp[0] rx: 52465 datagrams, placed 536986 (+221472), late 6129 (+5541), stale_frame 0, bad_range 0, bad_dir 0, bad_caps 0, bad_ver 0, auth_fail 0, replay 0, frozen 0, dup 20
09-09 20:11:08.108 22070 10651 I PxrMetric: FPS=89/90,MTP=32.68ms,AppSW=off,FrmEarly=6,FrmLate=10,FrmCpu=0.79ms,FrmGpu=8.37ms,FrmTime=10.01ms,ATWGPU=1.55ms,VsyncDelay=1,GPU=99%/587Mhz,GPUTemp=74.4C,LayerCnt=4,Pkg=org.meumeu.wivrn.nx.warp,FrmId=610
09-09 20:11:08.119 22070 10705 I WiVRn   : [2026-09-09 20:11:08.119] [WiVRn] [info] Tracking pattern (11112µs):
09-09 20:11:08.119 22070 10705 I WiVRn   : [2026-09-09 20:11:08.119] [WiVRn] [info] 	t+3908µs HEAD (7203µs)
09-09 20:11:08.119 22070 10705 I WiVRn   : [2026-09-09 20:11:08.119] [WiVRn] [info] 	t+3959µs LEFT_GRIP (7152µs)
09-09 20:11:08.119 22070 10705 I WiVRn   : [2026-09-09 20:11:08.119] [WiVRn] [info] 	t+3965µs RIGHT_GRIP (7146µs)
09-09 20:11:08.119 22070 10705 I WiVRn   : [2026-09-09 20:11:08.119] [WiVRn] [info] 	t+6908µs HEAD (4203µs)
09-09 20:11:08.119 22070 10705 I WiVRn   : [2026-09-09 20:11:08.119] [WiVRn] [info] 	t+6959µs LEFT_GRIP (4152µs)
09-09 20:11:08.119 22070 10705 I WiVRn   : [2026-09-09 20:11:08.119] [WiVRn] [info] 	t+6965µs RIGHT_GRIP (4146µs)
09-09 20:11:08.341 22070 10703 I WiVRn   : [2026-09-09 20:11:08.341] [WiVRn] [info] nxwarp[0]: 163 frames in 2.0 s: 143058 B/frame, wait-prev 0.0 ms, wall 10.3 ms, nxvc passA 2.4 passB 3.0 gpu 5.4 ms; holes 0, refused 0
09-09 20:11:08.341 22070 10703 I WiVRn   : [2026-09-09 20:11:08.341] [WiVRn] [info] nxwarp[0] gpu duty 439 ms/s (44% of one GPU) for decode alone; the display pass is extra
09-09 20:11:08.341 22070 10703 I WiVRn   : [2026-09-09 20:11:08.341] [WiVRn] [info] nxwarp[0] passB 3.0 ms = warp 0.0 + skip 0.0 + coded 0.0 + dir 0.0 + other 3.0; tiles skip 0 / coded 2312 / dir 0 (eye pass 0)
09-09 20:11:08.341 22070 10703 I WiVRn   : [2026-09-09 20:11:08.341] [WiVRn] [info] nxwarp[0]: 81 frames dropped late (queue kept to 1)
09-09 20:11:08.341 22070 10703 I WiVRn   : [2026-09-09 20:11:08.341] [WiVRn] [info] nxwarp[0] stage: gap 2.0 | wait-prev 0.0 | submit 0.9 (qlock 0.0 + codec 0.9) | get_free 0.0 | fence-pre 0.0 | record 0.0 | qsubmit 0.0 | fence-post 9.3 | publish 0.0 ms; withheld 0, stride 1, arrival 12.3 ms
09-09 20:11:08.341 22070 10703 I WiVRn   : [2026-09-09 20:11:08.341] [WiVRn] [info] nxwarp[0] reassembly (network thread): 0.06 ms/frame over 164 frames, buffer 140 kB held for 140 kB of unit (1.0x)
09-09 20:11:08.341 22070 10703 I WiVRn   : [2026-09-09 20:11:08.341] [WiVRn] [info] nxwarp[0] fence-post 9.4 ms = nxvc gpu 5.4 + copy gpu 0.00 + queue 3.9 (over 163 frames with timestamps)
09-09 20:11:08.394 22070 10656 I WiVRn   : [2026-09-09 20:11:08.394] [WiVRn] [info] render: 179 iterations in 2.0 s (89.1/s), 179 submitted a layer, 160 new-source, 0 skipped by the repeat gate, 0 with nothing to show; display period 11.2 ms
09-09 20:11:08.394 22070 10656 I WiVRn   : [2026-09-09 20:11:08.394] [WiVRn] [info] render: ready wait attempts 54 success 35 total 145.563 ms | selected older than available 0
09-09 20:11:08.394 22070 10656 I WiVRn   : [2026-09-09 20:11:08.394] [WiVRn] [info] render: selected source transitions forward 160 backward 0 repeat 19, greatest forward gap 2
09-09 20:11:08.394 22070 10656 I WiVRn   : [2026-09-09 20:11:08.394] [WiVRn] [info] render: this app's own GPU pass 5.6 ms per iteration
09-09 20:11:08.394 22070 10656 I WiVRn   : [2026-09-09 20:11:08.394] [WiVRn] [info] render: defoveate 2160x2160 per eye x2 = 9.33 Mpx/frame at scale 1.00 atlas-prototype 0; 19 re-presented from the cache (reduce_gpu_load on)
09-09 20:11:08.394 22070 10656 I WiVRn   : [2026-09-09 20:11:08.394] [WiVRn] [info] render: shader path sharpness 0.00 fsr false alpha false motion false blend false glow 0.00 vignette 0.00 deband 0.00 lowpoly 0.00 levels 0 full-kernel false
09-09 20:11:08.394 22070 10656 I WiVRn   : [2026-09-09 20:11:08.394] [WiVRn] [info] render: per iteration fence 1.4 (worst 11.3) | queries 0.0 | submit 0.0 | whole render() 2.9 ms
09-09 20:11:08.394 22070 10656 I WiVRn   : [2026-09-09 20:11:08.394] [WiVRn] [info] render: jit on | wake slack 36.4 ms | slept 0.6 ms mean (max 0.6, 179 of 179 iterations) | budget 21.5 = pass 20.5 + margin 1.0 | sleep cap 0.6 ms
09-09 20:11:08.394 22070 10656 I WiVRn   : [2026-09-09 20:11:08.394] [WiVRn] [info] render: source display-time offset 61.3 ms mean (worst 77.6) over 179 frames | submit lead 32.9 ms mean (worst 24.9) | misses: 0 overrun 0 late 0 skipped refresh
09-09 20:11:09.109 22070 10651 I PxrMetric: FPS=89/90,MTP=32.49ms,AppSW=off,FrmEarly=8,FrmLate=16,FrmCpu=0.55ms,FrmGpu=10.23ms,FrmTime=12.99ms,ATWGPU=1.55ms,VsyncDelay=2,GPU=95%/587Mhz,GPUTemp=73.6C,LayerCnt=3,Pkg=org.meumeu.wivrn.nx.warp,FrmId=699
09-09 20:11:09.119 22070 10705 I WiVRn   : [2026-09-09 20:11:09.119] [WiVRn] [info] Tracking pattern (11113µs):
09-09 20:11:09.119 22070 10705 I WiVRn   : [2026-09-09 20:11:09.119] [WiVRn] [info] 	t+3967µs HEAD (7145µs)
09-09 20:11:09.119 22070 10705 I WiVRn   : [2026-09-09 20:11:09.119] [WiVRn] [info] 	t+4060µs LEFT_GRIP (7052µs)
09-09 20:11:09.119 22070 10705 I WiVRn   : [2026-09-09 20:11:09.119] [WiVRn] [info] 	t+4067µs RIGHT_GRIP (7046µs)
09-09 20:11:09.119 22070 10705 I WiVRn   : [2026-09-09 20:11:09.119] [WiVRn] [info] 	t+6967µs HEAD (4145µs)
09-09 20:11:09.119 22070 10705 I WiVRn   : [2026-09-09 20:11:09.119] [WiVRn] [info] 	t+7060µs LEFT_GRIP (4052µs)
09-09 20:11:09.119 22070 10705 I WiVRn   : [2026-09-09 20:11:09.119] [WiVRn] [info] 	t+7067µs RIGHT_GRIP (4046µs)
09-09 20:11:09.574 22070 10700 I WiVRn   : [2026-09-09 20:11:09.574] [WiVRn] [info] nxwarp[0] net: 167 frames closed in 2.0 s, 0 with a hole, 0 out-of-order datagrams, 0 frames completed late, 0 queued for the worker, 393 decoded so far, 489 stragglers dropped; last hole 0/0 chunks, first missing -1, short false, chunk 1166 B
09-09 20:11:09.574 22070 10700 I WiVRn   : [2026-09-09 20:11:09.574] [WiVRn] [info] nxwarp[0] net: 0.028 ms per datagram over 26601 datagrams (366.38 ms of every second)
09-09 20:11:09.574 22070 10700 I WiVRn   : [2026-09-09 20:11:09.574] [WiVRn] [info] nxwarp[0] sel: stride 1, arrival 11.5 ms, dropped-late 81, withheld 0, decoded 393
09-09 20:11:09.574 22070 10700 I WiVRn   : [2026-09-09 20:11:09.574] [WiVRn] [info] nxwarp[0] rx: 79066 datagrams, placed 671257 (+134271), late 14321 (+8192), stale_frame 0, bad_range 0, bad_dir 0, bad_caps 0, bad_ver 0, auth_fail 0, replay 0, frozen 0, dup 65
09-09 20:11:10.115 22070 10651 I PxrMetric: FPS=89/90,MTP=33.14ms,AppSW=off,FrmEarly=8,FrmLate=12,FrmCpu=2.03ms,FrmGpu=6.29ms,FrmTime=8.98ms,ATWGPU=1.56ms,VsyncDelay=1,GPU=79%/587Mhz,GPUTemp=72.5C,LayerCnt=3,Pkg=org.meumeu.wivrn.nx.warp,FrmId=789
09-09 20:11:10.119 22070 10705 I WiVRn   : [2026-09-09 20:11:10.119] [WiVRn] [info] Tracking pattern (11111µs):
09-09 20:11:10.119 22070 10705 I WiVRn   : [2026-09-09 20:11:10.119] [WiVRn] [info] 	t+3788µs HEAD (7322µs)
09-09 20:11:10.119 22070 10705 I WiVRn   : [2026-09-09 20:11:10.119] [WiVRn] [info] 	t+3854µs LEFT_GRIP (7256µs)
09-09 20:11:10.119 22070 10705 I WiVRn   : [2026-09-09 20:11:10.119] [WiVRn] [info] 	t+3861µs RIGHT_GRIP (7250µs)
09-09 20:11:10.119 22070 10705 I WiVRn   : [2026-09-09 20:11:10.119] [WiVRn] [info] 	t+6788µs HEAD (4322µs)
09-09 20:11:10.119 22070 10705 I WiVRn   : [2026-09-09 20:11:10.119] [WiVRn] [info] 	t+6854µs LEFT_GRIP (4256µs)
09-09 20:11:10.119 22070 10705 I WiVRn   : [2026-09-09 20:11:10.119] [WiVRn] [info] 	t+6861µs RIGHT_GRIP (4250µs)
09-09 20:11:10.352 22070 10703 I WiVRn   : [2026-09-09 20:11:10.352] [WiVRn] [info] nxwarp[0]: 167 frames in 2.0 s: 134731 B/frame, wait-prev 0.0 ms, wall 10.1 ms, nxvc passA 2.3 passB 3.1 gpu 5.4 ms; holes 0, refused 0
09-09 20:11:10.352 22070 10703 I WiVRn   : [2026-09-09 20:11:10.352] [WiVRn] [info] nxwarp[0] gpu duty 449 ms/s (45% of one GPU) for decode alone; the display pass is extra
09-09 20:11:10.352 22070 10703 I WiVRn   : [2026-09-09 20:11:10.352] [WiVRn] [info] nxwarp[0] passB 3.1 ms = warp 0.0 + skip 0.0 + coded 0.0 + dir 0.0 + other 3.1; tiles skip 0 / coded 2312 / dir 0 (eye pass 0)
09-09 20:11:10.352 22070 10703 I WiVRn   : [2026-09-09 20:11:10.352] [WiVRn] [info] nxwarp[0]: 81 frames dropped late (queue kept to 1)
09-09 20:11:10.352 22070 10703 I WiVRn   : [2026-09-09 20:11:10.352] [WiVRn] [info] nxwarp[0] stage: gap 2.0 | wait-prev 0.0 | submit 0.9 (qlock 0.0 + codec 0.9) | get_free 0.0 | fence-pre 0.0 | record 0.0 | qsubmit 0.0 | fence-post 9.1 | publish 0.0 ms; withheld 0, stride 1, arrival 11.3 ms
09-09 20:11:10.352 22070 10703 I WiVRn   : [2026-09-09 20:11:10.352] [WiVRn] [info] nxwarp[0] reassembly (network thread): 0.07 ms/frame over 166 frames, buffer 132 kB held for 132 kB of unit (1.0x)
09-09 20:11:10.352 22070 10703 I WiVRn   : [2026-09-09 20:11:10.352] [WiVRn] [info] nxwarp[0] fence-post 9.1 ms = nxvc gpu 5.4 + copy gpu 0.00 + queue 3.6 (over 167 frames with timestamps)
09-09 20:11:10.403 22070 10656 I WiVRn   : [2026-09-09 20:11:10.403] [WiVRn] [info] render: 179 iterations in 2.0 s (89.1/s), 179 submitted a layer, 161 new-source, 0 skipped by the repeat gate, 0 with nothing to show; display period 11.2 ms
09-09 20:11:10.403 22070 10656 I WiVRn   : [2026-09-09 20:11:10.403] [WiVRn] [info] render: ready wait attempts 66 success 48 total 160.493 ms | selected older than available 0
09-09 20:11:10.403 22070 10656 I WiVRn   : [2026-09-09 20:11:10.403] [WiVRn] [info] render: selected source transitions forward 161 backward 0 repeat 18, greatest forward gap 2
09-09 20:11:10.403 22070 10656 I WiVRn   : [2026-09-09 20:11:10.403] [WiVRn] [info] render: this app's own GPU pass 5.6 ms per iteration
09-09 20:11:10.403 22070 10656 I WiVRn   : [2026-09-09 20:11:10.403] [WiVRn] [info] render: defoveate 2160x2160 per eye x2 = 9.33 Mpx/frame at scale 1.00 atlas-prototype 0; 18 re-presented from the cache (reduce_gpu_load on)
09-09 20:11:10.403 22070 10656 I WiVRn   : [2026-09-09 20:11:10.403] [WiVRn] [info] render: shader path sharpness 0.00 fsr false alpha false motion false blend false glow 0.00 vignette 0.00 deband 0.00 lowpoly 0.00 levels 0 full-kernel false
09-09 20:11:10.403 22070 10656 I WiVRn   : [2026-09-09 20:11:10.403] [WiVRn] [info] render: per iteration fence 1.9 (worst 11.6) | queries 0.0 | submit 0.0 | whole render() 3.4 ms
09-09 20:11:10.403 22070 10656 I WiVRn   : [2026-09-09 20:11:10.403] [WiVRn] [info] render: jit on | wake slack 36.8 ms | slept 0.8 ms mean (max 11.7, 179 of 179 iterations) | budget 19.7 = pass 18.7 + margin 1.0 | sleep cap 0.6 ms
09-09 20:11:10.403 22070 10656 I WiVRn   : [2026-09-09 20:11:10.403] [WiVRn] [info] render: source display-time offset 59.9 ms mean (worst 77.7) over 179 frames | submit lead 32.5 ms mean (worst 23.7) | misses: 0 overrun 0 late 1 skipped refresh
09-09 20:11:11.116 22070 10651 I PxrMetric: FPS=89/90,MTP=32.48ms,AppSW=off,FrmEarly=6,FrmLate=9,FrmCpu=1.26ms,FrmGpu=6.65ms,FrmTime=8.68ms,ATWGPU=1.54ms,VsyncDelay=1,GPU=99%/587Mhz,GPUTemp=72.9C,LayerCnt=3,Pkg=org.meumeu.wivrn.nx.warp,FrmId=879
09-09 20:11:11.119 22070 10705 I WiVRn   : [2026-09-09 20:11:11.119] [WiVRn] [info] Tracking pattern (11116µs):
09-09 20:11:11.119 22070 10705 I WiVRn   : [2026-09-09 20:11:11.119] [WiVRn] [info] 	t+3929µs HEAD (7186µs)
09-09 20:11:11.119 22070 10705 I WiVRn   : [2026-09-09 20:11:11.119] [WiVRn] [info] 	t+3970µs LEFT_GRIP (7145µs)
09-09 20:11:11.119 22070 10705 I WiVRn   : [2026-09-09 20:11:11.119] [WiVRn] [info] 	t+3977µs RIGHT_GRIP (7139µs)
09-09 20:11:11.119 22070 10705 I WiVRn   : [2026-09-09 20:11:11.119] [WiVRn] [info] 	t+6929µs HEAD (4186µs)
09-09 20:11:11.119 22070 10705 I WiVRn   : [2026-09-09 20:11:11.119] [WiVRn] [info] 	t+6970µs LEFT_GRIP (4145µs)
09-09 20:11:11.119 22070 10705 I WiVRn   : [2026-09-09 20:11:11.119] [WiVRn] [info] 	t+6977µs RIGHT_GRIP (4139µs)
09-09 20:11:11.585 22070 10700 I WiVRn   : [2026-09-09 20:11:11.585] [WiVRn] [info] nxwarp[0] net: 163 frames closed in 2.0 s, 0 with a hole, 0 out-of-order datagrams, 0 frames completed late, 0 queued for the worker, 557 decoded so far, 652 stragglers dropped; last hole 0/0 chunks, first missing -1, short false, chunk 1166 B
09-09 20:11:11.586 22070 10700 I WiVRn   : [2026-09-09 20:11:11.586] [WiVRn] [info] nxwarp[0] net: 0.027 ms per datagram over 29281 datagrams (395.01 ms of every second)
09-09 20:11:11.586 22070 10700 I WiVRn   : [2026-09-09 20:11:11.586] [WiVRn] [info] nxwarp[0] sel: stride 1, arrival 11.5 ms, dropped-late 81, withheld 0, decoded 557
09-09 20:11:11.586 22070 10700 I WiVRn   : [2026-09-09 20:11:11.586] [WiVRn] [info] nxwarp[0] rx: 108347 datagrams, placed 1034932 (+363675), late 15101 (+780), stale_frame 0, bad_range 0, bad_dir 0, bad_caps 0, bad_ver 0, auth_fail 0, replay 0, frozen 0, dup 65
09-09 20:11:12.119 22070 10705 I WiVRn   : [2026-09-09 20:11:12.119] [WiVRn] [info] Tracking pattern (11110µs):
09-09 20:11:12.119 22070 10705 I WiVRn   : [2026-09-09 20:11:12.119] [WiVRn] [info] 	t+4226µs HEAD (6884µs)
09-09 20:11:12.119 22070 10705 I WiVRn   : [2026-09-09 20:11:12.119] [WiVRn] [info] 	t+4295µs LEFT_GRIP (6814µs)
09-09 20:11:12.119 22070 10705 I WiVRn   : [2026-09-09 20:11:12.119] [WiVRn] [info] 	t+4302µs RIGHT_GRIP (6808µs)
09-09 20:11:12.119 22070 10705 I WiVRn   : [2026-09-09 20:11:12.119] [WiVRn] [info] 	t+7226µs HEAD (3884µs)
09-09 20:11:12.119 22070 10705 I WiVRn   : [2026-09-09 20:11:12.119] [WiVRn] [info] 	t+7295µs LEFT_GRIP (3814µs)
09-09 20:11:12.119 22070 10705 I WiVRn   : [2026-09-09 20:11:12.119] [WiVRn] [info] 	t+7302µs RIGHT_GRIP (3808µs)
09-09 20:11:12.126 22070 10651 I PxrMetric: FPS=90/90,MTP=34.22ms,AppSW=off,FrmEarly=5,FrmLate=12,FrmCpu=1.84ms,FrmGpu=7.88ms,FrmTime=12.65ms,ATWGPU=1.54ms,VsyncDelay=2,GPU=95%/587Mhz,GPUTemp=73.3C,LayerCnt=3,Pkg=org.meumeu.wivrn.nx.warp,FrmId=969
09-09 20:11:12.357 22070 10703 I WiVRn   : [2026-09-09 20:11:12.357] [WiVRn] [info] nxwarp[0]: 163 frames in 2.0 s: 132078 B/frame, wait-prev 0.0 ms, wall 10.4 ms, nxvc passA 2.3 passB 3.0 gpu 5.3 ms; holes 0, refused 0
09-09 20:11:12.357 22070 10703 I WiVRn   : [2026-09-09 20:11:12.357] [WiVRn] [info] nxwarp[0] gpu duty 430 ms/s (43% of one GPU) for decode alone; the display pass is extra
09-09 20:11:12.357 22070 10703 I WiVRn   : [2026-09-09 20:11:12.357] [WiVRn] [info] nxwarp[0] passB 3.0 ms = warp 0.0 + skip 0.0 + coded 0.0 + dir 0.0 + other 3.0; tiles skip 0 / coded 2312 / dir 0 (eye pass 0)
09-09 20:11:12.357 22070 10703 I WiVRn   : [2026-09-09 20:11:12.357] [WiVRn] [info] nxwarp[0]: 81 frames dropped late (queue kept to 1)
09-09 20:11:12.357 22070 10703 I WiVRn   : [2026-09-09 20:11:12.357] [WiVRn] [info] nxwarp[0] stage: gap 1.9 | wait-prev 0.0 | submit 1.0 (qlock 0.0 + codec 1.0) | get_free 0.0 | fence-pre 0.0 | record 0.0 | qsubmit 0.0 | fence-post 9.4 | publish 0.0 ms; withheld 0, stride 1, arrival 13.7 ms
09-09 20:11:12.357 22070 10703 I WiVRn   : [2026-09-09 20:11:12.357] [WiVRn] [info] nxwarp[0] reassembly (network thread): 0.08 ms/frame over 163 frames, buffer 129 kB held for 129 kB of unit (1.0x)
09-09 20:11:12.357 22070 10703 I WiVRn   : [2026-09-09 20:11:12.357] [WiVRn] [info] nxwarp[0] fence-post 9.4 ms = nxvc gpu 5.3 + copy gpu 0.00 + queue 4.1 (over 163 frames with timestamps)
09-09 20:11:12.411 22070 10656 I WiVRn   : [2026-09-09 20:11:12.411] [WiVRn] [info] render: 179 iterations in 2.0 s (89.3/s), 179 submitted a layer, 158 new-source, 0 skipped by the repeat gate, 0 with nothing to show; display period 11.2 ms
09-09 20:11:12.411 22070 10656 I WiVRn   : [2026-09-09 20:11:12.411] [WiVRn] [info] render: ready wait attempts 80 success 59 total 204.508 ms | selected older than available 0
09-09 20:11:12.411 22070 10656 I WiVRn   : [2026-09-09 20:11:12.411] [WiVRn] [info] render: selected source transitions forward 158 backward 0 repeat 21, greatest forward gap 2
09-09 20:11:12.411 22070 10656 I WiVRn   : [2026-09-09 20:11:12.411] [WiVRn] [info] render: this app's own GPU pass 5.5 ms per iteration
09-09 20:11:12.411 22070 10656 I WiVRn   : [2026-09-09 20:11:12.411] [WiVRn] [info] render: defoveate 2160x2160 per eye x2 = 9.33 Mpx/frame at scale 1.00 atlas-prototype 0; 21 re-presented from the cache (reduce_gpu_load on)
09-09 20:11:12.411 22070 10656 I WiVRn   : [2026-09-09 20:11:12.411] [WiVRn] [info] render: shader path sharpness 0.00 fsr false alpha false motion false blend false glow 0.00 vignette 0.00 deband 0.00 lowpoly 0.00 levels 0 full-kernel false
09-09 20:11:12.411 22070 10656 I WiVRn   : [2026-09-09 20:11:12.411] [WiVRn] [info] render: per iteration fence 0.7 (worst 10.5) | queries 0.0 | submit 0.0 | whole render() 2.5 ms
09-09 20:11:12.411 22070 10656 I WiVRn   : [2026-09-09 20:11:12.411] [WiVRn] [info] render: jit on | wake slack 35.0 ms | slept 0.8 ms mean (max 11.7, 179 of 179 iterations) | budget 17.9 = pass 16.9 + margin 1.0 | sleep cap 0.6 ms
09-09 20:11:12.411 22070 10656 I WiVRn   : [2026-09-09 20:11:12.411] [WiVRn] [info] render: source display-time offset 60.0 ms mean (worst 66.8) over 179 frames | submit lead 31.8 ms mean (worst 21.4) | misses: 0 overrun 0 late 1 skipped refresh
09-09 20:11:13.119 22070 10705 I WiVRn   : [2026-09-09 20:11:13.119] [WiVRn] [info] Tracking pattern (11109µs):
09-09 20:11:13.119 22070 10705 I WiVRn   : [2026-09-09 20:11:13.119] [WiVRn] [info] 	t+4047µs HEAD (7061µs)
09-09 20:11:13.119 22070 10705 I WiVRn   : [2026-09-09 20:11:13.119] [WiVRn] [info] 	t+4114µs LEFT_GRIP (6994µs)
09-09 20:11:13.119 22070 10705 I WiVRn   : [2026-09-09 20:11:13.119] [WiVRn] [info] 	t+4120µs RIGHT_GRIP (6989µs)
09-09 20:11:13.119 22070 10705 I WiVRn   : [2026-09-09 20:11:13.119] [WiVRn] [info] 	t+7047µs HEAD (4061µs)
09-09 20:11:13.119 22070 10705 I WiVRn   : [2026-09-09 20:11:13.119] [WiVRn] [info] 	t+7114µs LEFT_GRIP (3994µs)
09-09 20:11:13.119 22070 10705 I WiVRn   : [2026-09-09 20:11:13.119] [WiVRn] [info] 	t+7120µs RIGHT_GRIP (3989µs)
09-09 20:11:13.126 22070 10651 I PxrMetric: FPS=89/90,MTP=34.14ms,AppSW=off,FrmEarly=3,FrmLate=3,FrmCpu=2.16ms,FrmGpu=6.99ms,FrmTime=10.32ms,ATWGPU=1.55ms,VsyncDelay=1,GPU=95%/587Mhz,GPUTemp=71.7C,LayerCnt=3,Pkg=org.meumeu.wivrn.nx.warp,FrmId=1059
09-09 20:11:13.596 22070 10700 I WiVRn   : [2026-09-09 20:11:13.596] [WiVRn] [info] nxwarp[0] net: 164 frames closed in 2.0 s, 0 with a hole, 0 out-of-order datagrams, 0 frames completed late, 0 queued for the worker, 721 decoded so far, 816 stragglers dropped; last hole 0/0 chunks, first missing -1, short false, chunk 1166 B
09-09 20:11:13.596 22070 10700 I WiVRn   : [2026-09-09 20:11:13.596] [WiVRn] [info] nxwarp[0] net: 0.027 ms per datagram over 29117 datagrams (396.73 ms of every second)
09-09 20:11:13.596 22070 10700 I WiVRn   : [2026-09-09 20:11:13.596] [WiVRn] [info] nxwarp[0] sel: stride 1, arrival 12.7 ms, dropped-late 81, withheld 0, decoded 721
09-09 20:11:13.596 22070 10700 I WiVRn   : [2026-09-09 20:11:13.596] [WiVRn] [info] nxwarp[0] rx: 137464 datagrams, placed 1400905 (+365973), late 15605 (+504), stale_frame 0, bad_range 0, bad_dir 0, bad_caps 0, bad_ver 0, auth_fail 0, replay 0, frozen 0, dup 69
09-09 20:11:14.119 22070 10705 I WiVRn   : [2026-09-09 20:11:14.119] [WiVRn] [info] Tracking pattern (11119µs):
09-09 20:11:14.119 22070 10705 I WiVRn   : [2026-09-09 20:11:14.119] [WiVRn] [info] 	t+4005µs HEAD (7113µs)
09-09 20:11:14.119 22070 10705 I WiVRn   : [2026-09-09 20:11:14.119] [WiVRn] [info] 	t+4063µs LEFT_GRIP (7055µs)
09-09 20:11:14.119 22070 10705 I WiVRn   : [2026-09-09 20:11:14.119] [WiVRn] [info] 	t+4088µs RIGHT_GRIP (7030µs)
09-09 20:11:14.119 22070 10705 I WiVRn   : [2026-09-09 20:11:14.119] [WiVRn] [info] 	t+7005µs HEAD (4113µs)
09-09 20:11:14.119 22070 10705 I WiVRn   : [2026-09-09 20:11:14.119] [WiVRn] [info] 	t+7063µs LEFT_GRIP (4055µs)
09-09 20:11:14.119 22070 10705 I WiVRn   : [2026-09-09 20:11:14.119] [WiVRn] [info] 	t+7088µs RIGHT_GRIP (4030µs)
09-09 20:11:14.134 22070 10651 I PxrMetric: FPS=90/90,MTP=41.47ms,AppSW=off,FrmEarly=8,FrmLate=15,FrmCpu=0.78ms,FrmGpu=9.27ms,FrmTime=15.38ms,ATWGPU=1.54ms,VsyncDelay=2,GPU=99%/587Mhz,GPUTemp=72.5C,LayerCnt=3,Pkg=org.meumeu.wivrn.nx.warp,FrmId=1149
09-09 20:11:14.368 22070 10703 I WiVRn   : [2026-09-09 20:11:14.368] [WiVRn] [info] nxwarp[0]: 165 frames in 2.0 s: 129947 B/frame, wait-prev 0.0 ms, wall 10.2 ms, nxvc passA 2.1 passB 3.1 gpu 5.2 ms; holes 0, refused 0
09-09 20:11:14.368 22070 10703 I WiVRn   : [2026-09-09 20:11:14.368] [WiVRn] [info] nxwarp[0] gpu duty 431 ms/s (43% of one GPU) for decode alone; the display pass is extra
09-09 20:11:14.368 22070 10703 I WiVRn   : [2026-09-09 20:11:14.368] [WiVRn] [info] nxwarp[0] passB 3.1 ms = warp 0.0 + skip 0.0 + coded 0.0 + dir 0.0 + other 3.1; tiles skip 0 / coded 2312 / dir 0 (eye pass 0)
09-09 20:11:14.368 22070 10703 I WiVRn   : [2026-09-09 20:11:14.368] [WiVRn] [info] nxwarp[0]: 81 frames dropped late (queue kept to 1)
09-09 20:11:14.368 22070 10703 I WiVRn   : [2026-09-09 20:11:14.368] [WiVRn] [info] nxwarp[0] stage: gap 1.9 | wait-prev 0.0 | submit 1.0 (qlock 0.0 + codec 1.0) | get_free 0.0 | fence-pre 0.0 | record 0.0 | qsubmit 0.0 | fence-post 9.2 | publish 0.0 ms; withheld 0, stride 1, arrival 11.7 ms
09-09 20:11:14.368 22070 10703 I WiVRn   : [2026-09-09 20:11:14.368] [WiVRn] [info] nxwarp[0] reassembly (network thread): 0.08 ms/frame over 166 frames, buffer 127 kB held for 127 kB of unit (1.0x)
09-09 20:11:14.368 22070 10703 I WiVRn   : [2026-09-09 20:11:14.368] [WiVRn] [info] nxwarp[0] fence-post 9.2 ms = nxvc gpu 5.2 + copy gpu 0.00 + queue 3.9 (over 165 frames with timestamps)
09-09 20:11:14.409 22070 10656 I WiVRn   : [2026-09-09 20:11:14.409] [WiVRn] [info] render: 179 iterations in 2.0 s (89.4/s), 179 submitted a layer, 160 new-source, 0 skipped by the repeat gate, 0 with nothing to show; display period 11.2 ms
09-09 20:11:14.410 22070 10656 I WiVRn   : [2026-09-09 20:11:14.409] [WiVRn] [info] render: ready wait attempts 82 success 63 total 188.636 ms | selected older than available 0
09-09 20:11:14.410 22070 10656 I WiVRn   : [2026-09-09 20:11:14.410] [WiVRn] [info] render: selected source transitions forward 160 backward 0 repeat 19, greatest forward gap 2
09-09 20:11:14.410 22070 10656 I WiVRn   : [2026-09-09 20:11:14.410] [WiVRn] [info] render: this app's own GPU pass 5.6 ms per iteration
09-09 20:11:14.410 22070 10656 I WiVRn   : [2026-09-09 20:11:14.410] [WiVRn] [info] render: defoveate 2160x2160 per eye x2 = 9.33 Mpx/frame at scale 1.00 atlas-prototype 0; 19 re-presented from the cache (reduce_gpu_load on)
09-09 20:11:14.410 22070 10656 I WiVRn   : [2026-09-09 20:11:14.410] [WiVRn] [info] render: shader path sharpness 0.00 fsr false alpha false motion false blend false glow 0.00 vignette 0.00 deband 0.00 lowpoly 0.00 levels 0 full-kernel false
09-09 20:11:14.410 22070 10656 I WiVRn   : [2026-09-09 20:11:14.410] [WiVRn] [info] render: per iteration fence 1.3 (worst 11.5) | queries 0.0 | submit 0.0 | whole render() 3.0 ms
09-09 20:11:14.410 22070 10656 I WiVRn   : [2026-09-09 20:11:14.410] [WiVRn] [info] render: jit on | wake slack 35.4 ms | slept 0.6 ms mean (max 0.6, 179 of 179 iterations) | budget 16.1 = pass 15.1 + margin 1.0 | sleep cap 0.6 ms
09-09 20:11:14.410 22070 10656 I WiVRn   : [2026-09-09 20:11:14.410] [WiVRn] [info] render: source display-time offset 59.5 ms mean (worst 77.9) over 179 frames | submit lead 31.8 ms mean (worst 25.7) | misses: 0 overrun 0 late 0 skipped refresh
09-09 20:11:15.119 22070 10705 I WiVRn   : [2026-09-09 20:11:15.119] [WiVRn] [info] Tracking pattern (11113µs):
09-09 20:11:15.119 22070 10705 I WiVRn   : [2026-09-09 20:11:15.119] [WiVRn] [info] 	t+3855µs HEAD (7257µs)
09-09 20:11:15.119 22070 10705 I WiVRn   : [2026-09-09 20:11:15.119] [WiVRn] [info] 	t+3987µs LEFT_GRIP (7125µs)
09-09 20:11:15.119 22070 10705 I WiVRn   : [2026-09-09 20:11:15.119] [WiVRn] [info] 	t+4004µs RIGHT_GRIP (7109µs)
09-09 20:11:15.119 22070 10705 I WiVRn   : [2026-09-09 20:11:15.119] [WiVRn] [info] 	t+6855µs HEAD (4257µs)
09-09 20:11:15.119 22070 10705 I WiVRn   : [2026-09-09 20:11:15.119] [WiVRn] [info] 	t+6987µs LEFT_GRIP (4125µs)
09-09 20:11:15.119 22070 10705 I WiVRn   : [2026-09-09 20:11:15.119] [WiVRn] [info] 	t+7004µs RIGHT_GRIP (4109µs)
09-09 20:11:15.138 22070 10651 I PxrMetric: FPS=90/90,MTP=32.19ms,AppSW=off,FrmEarly=7,FrmLate=2,FrmCpu=1.42ms,FrmGpu=7.78ms,FrmTime=10.71ms,ATWGPU=1.54ms,VsyncDelay=1,GPU=94%/587Mhz,GPUTemp=74.4C,LayerCnt=3,Pkg=org.meumeu.wivrn.nx.warp,FrmId=1238
09-09 20:11:15.607 22070 10700 I WiVRn   : [2026-09-09 20:11:15.607] [WiVRn] [info] nxwarp[0] net: 165 frames closed in 2.0 s, 0 with a hole, 0 out-of-order datagrams, 0 frames completed late, 0 queued for the worker, 886 decoded so far, 981 stragglers dropped; last hole 0/0 chunks, first missing -1, short false, chunk 1166 B
09-09 20:11:15.607 22070 10700 I WiVRn   : [2026-09-09 20:11:15.607] [WiVRn] [info] nxwarp[0] net: 0.027 ms per datagram over 29097 datagrams (395.18 ms of every second)
09-09 20:11:15.608 22070 10700 I WiVRn   : [2026-09-09 20:11:15.608] [WiVRn] [info] nxwarp[0] sel: stride 1, arrival 11.7 ms, dropped-late 81, withheld 0, decoded 886
09-09 20:11:15.608 22070 10700 I WiVRn   : [2026-09-09 20:11:15.608] [WiVRn] [info] nxwarp[0] rx: 166561 datagrams, placed 1782385 (+381480), late 15605 (+0), stale_frame 0, bad_range 0, bad_dir 0, bad_caps 0, bad_ver 0, auth_fail 0, replay 0, frozen 0, dup 69
09-09 20:11:16.119 22070 10705 I WiVRn   : [2026-09-09 20:11:16.119] [WiVRn] [info] Tracking pattern (11111µs):
09-09 20:11:16.119 22070 10705 I WiVRn   : [2026-09-09 20:11:16.119] [WiVRn] [info] 	t+3955µs HEAD (7155µs)
09-09 20:11:16.119 22070 10705 I WiVRn   : [2026-09-09 20:11:16.119] [WiVRn] [info] 	t+4020µs LEFT_GRIP (7090µs)
09-09 20:11:16.119 22070 10705 I WiVRn   : [2026-09-09 20:11:16.119] [WiVRn] [info] 	t+4027µs RIGHT_GRIP (7083µs)
09-09 20:11:16.119 22070 10705 I WiVRn   : [2026-09-09 20:11:16.119] [WiVRn] [info] 	t+6955µs HEAD (4155µs)
09-09 20:11:16.119 22070 10705 I WiVRn   : [2026-09-09 20:11:16.119] [WiVRn] [info] 	t+7020µs LEFT_GRIP (4090µs)
09-09 20:11:16.119 22070 10705 I WiVRn   : [2026-09-09 20:11:16.119] [WiVRn] [info] 	t+7027µs RIGHT_GRIP (4083µs)
09-09 20:11:16.139 22070 10651 I PxrMetric: FPS=88/90,MTP=32.01ms,AppSW=off,FrmEarly=6,FrmLate=5,FrmCpu=1.68ms,FrmGpu=6.99ms,FrmTime=9.87ms,ATWGPU=1.54ms,VsyncDelay=1,GPU=99%/587Mhz,GPUTemp=74.4C,LayerCnt=3,Pkg=org.meumeu.wivrn.nx.warp,FrmId=1328
09-09 20:11:16.372 22070 10703 I WiVRn   : [2026-09-09 20:11:16.372] [WiVRn] [info] nxwarp[0]: 164 frames in 2.0 s: 130329 B/frame, wait-prev 0.0 ms, wall 10.2 ms, nxvc passA 2.1 passB 3.1 gpu 5.2 ms; holes 0, refused 0
09-09 20:11:16.372 22070 10703 I WiVRn   : [2026-09-09 20:11:16.372] [WiVRn] [info] nxwarp[0] gpu duty 426 ms/s (43% of one GPU) for decode alone; the display pass is extra
09-09 20:11:16.372 22070 10703 I WiVRn   : [2026-09-09 20:11:16.372] [WiVRn] [info] nxwarp[0] passB 3.1 ms = warp 0.0 + skip 0.0 + coded 0.0 + dir 0.0 + other 3.1; tiles skip 0 / coded 2312 / dir 0 (eye pass 0)
09-09 20:11:16.372 22070 10703 I WiVRn   : [2026-09-09 20:11:16.372] [WiVRn] [info] nxwarp[0]: 81 frames dropped late (queue kept to 1)
09-09 20:11:16.372 22070 10703 I WiVRn   : [2026-09-09 20:11:16.372] [WiVRn] [info] nxwarp[0] stage: gap 2.0 | wait-prev 0.0 | submit 1.0 (qlock 0.0 + codec 1.0) | get_free 0.0 | fence-pre 0.0 | record 0.0 | qsubmit 0.0 | fence-post 9.2 | publish 0.0 ms; withheld 0, stride 1, arrival 11.7 ms
09-09 20:11:16.372 22070 10703 I WiVRn   : [2026-09-09 20:11:16.372] [WiVRn] [info] nxwarp[0] reassembly (network thread): 0.08 ms/frame over 163 frames, buffer 127 kB held for 127 kB of unit (1.0x)
09-09 20:11:16.372 22070 10703 I WiVRn   : [2026-09-09 20:11:16.372] [WiVRn] [info] nxwarp[0] fence-post 9.2 ms = nxvc gpu 5.2 + copy gpu 0.00 + queue 4.0 (over 164 frames with timestamps)
09-09 20:11:16.416 22070 10656 I WiVRn   : [2026-09-09 20:11:16.416] [WiVRn] [info] render: 180 iterations in 2.0 s (89.7/s), 180 submitted a layer, 158 new-source, 0 skipped by the repeat gate, 0 with nothing to show; display period 11.2 ms
09-09 20:11:16.417 22070 10656 I WiVRn   : [2026-09-09 20:11:16.417] [WiVRn] [info] render: ready wait attempts 92 success 70 total 210.382 ms | selected older than available 0
09-09 20:11:16.417 22070 10656 I WiVRn   : [2026-09-09 20:11:16.417] [WiVRn] [info] render: selected source transitions forward 158 backward 0 repeat 22, greatest forward gap 2
09-09 20:11:16.417 22070 10656 I WiVRn   : [2026-09-09 20:11:16.417] [WiVRn] [info] render: this app's own GPU pass 5.5 ms per iteration
09-09 20:11:16.417 22070 10656 I WiVRn   : [2026-09-09 20:11:16.417] [WiVRn] [info] render: defoveate 2160x2160 per eye x2 = 9.33 Mpx/frame at scale 1.00 atlas-prototype 0; 22 re-presented from the cache (reduce_gpu_load on)
09-09 20:11:16.417 22070 10656 I WiVRn   : [2026-09-09 20:11:16.417] [WiVRn] [info] render: shader path sharpness 0.00 fsr false alpha false motion false blend false glow 0.00 vignette 0.00 deband 0.00 lowpoly 0.00 levels 0 full-kernel false
09-09 20:11:16.417 22070 10656 I WiVRn   : [2026-09-09 20:11:16.417] [WiVRn] [info] render: per iteration fence 0.9 (worst 10.3) | queries 0.0 | submit 0.0 | whole render() 2.7 ms
09-09 20:11:16.417 22070 10656 I WiVRn   : [2026-09-09 20:11:16.417] [WiVRn] [info] render: jit on | wake slack 35.0 ms | slept 0.7 ms mean (max 11.7, 180 of 180 iterations) | budget 14.3 = pass 13.3 + margin 1.0 | sleep cap 0.6 ms
09-09 20:11:16.417 22070 10656 I WiVRn   : [2026-09-09 20:11:16.417] [WiVRn] [info] render: source display-time offset 58.5 ms mean (worst 66.9) over 180 frames | submit lead 31.5 ms mean (worst 20.3) | misses: 0 overrun 0 late 1 skipped refresh
09-09 20:11:17.119 22070 10705 I WiVRn   : [2026-09-09 20:11:17.119] [WiVRn] [info] Tracking pattern (11110µs):
09-09 20:11:17.119 22070 10705 I WiVRn   : [2026-09-09 20:11:17.119] [WiVRn] [info] 	t+3772µs HEAD (7337µs)
09-09 20:11:17.119 22070 10705 I WiVRn   : [2026-09-09 20:11:17.119] [WiVRn] [info] 	t+3829µs LEFT_GRIP (7280µs)
09-09 20:11:17.119 22070 10705 I WiVRn   : [2026-09-09 20:11:17.119] [WiVRn] [info] 	t+3835µs RIGHT_GRIP (7274µs)
09-09 20:11:17.119 22070 10705 I WiVRn   : [2026-09-09 20:11:17.119] [WiVRn] [info] 	t+6772µs HEAD (4337µs)
09-09 20:11:17.119 22070 10705 I WiVRn   : [2026-09-09 20:11:17.119] [WiVRn] [info] 	t+6829µs LEFT_GRIP (4280µs)
09-09 20:11:17.119 22070 10705 I WiVRn   : [2026-09-09 20:11:17.119] [WiVRn] [info] 	t+6835µs RIGHT_GRIP (4274µs)
09-09 20:11:17.144 22070 10651 I PxrMetric: FPS=90/90,MTP=30.72ms,AppSW=off,FrmEarly=3,FrmLate=4,FrmCpu=0.84ms,FrmGpu=9.18ms,FrmTime=11.45ms,ATWGPU=1.54ms,VsyncDelay=1,GPU=96%/587Mhz,GPUTemp=74.0C,LayerCnt=3,Pkg=org.meumeu.wivrn.nx.warp,FrmId=1418
09-09 20:11:17.618 22070 10700 I WiVRn   : [2026-09-09 20:11:17.618] [WiVRn] [info] nxwarp[0] net: 167 frames closed in 2.0 s, 0 with a hole, 0 out-of-order datagrams, 0 frames completed late, 0 queued for the worker, 1053 decoded so far, 1148 stragglers dropped; last hole 0/0 chunks, first missing -1, short false, chunk 1166 B
09-09 20:11:17.618 22070 10700 I WiVRn   : [2026-09-09 20:11:17.618] [WiVRn] [info] nxwarp[0] net: 0.027 ms per datagram over 29708 datagrams (400.34 ms of every second)
09-09 20:11:17.618 22070 10700 I WiVRn   : [2026-09-09 20:11:17.618] [WiVRn] [info] nxwarp[0] sel: stride 1, arrival 11.3 ms, dropped-late 81, withheld 0, decoded 1053
09-09 20:11:17.618 22070 10700 I WiVRn   : [2026-09-09 20:11:17.618] [WiVRn] [info] nxwarp[0] rx: 196269 datagrams, placed 2168489 (+386104), late 15775 (+170), stale_frame 0, bad_range 0, bad_dir 0, bad_caps 0, bad_ver 0, auth_fail 0, replay 0, frozen 0, dup 69
09-09 20:11:18.119 22070 10705 I WiVRn   : [2026-09-09 20:11:18.119] [WiVRn] [info] Tracking pattern (11114µs):
09-09 20:11:18.119 22070 10705 I WiVRn   : [2026-09-09 20:11:18.119] [WiVRn] [info] 	t+3699µs HEAD (7415µs)
09-09 20:11:18.119 22070 10705 I WiVRn   : [2026-09-09 20:11:18.119] [WiVRn] [info] 	t+3753µs LEFT_GRIP (7361µs)
09-09 20:11:18.119 22070 10705 I WiVRn   : [2026-09-09 20:11:18.119] [WiVRn] [info] 	t+3759µs RIGHT_GRIP (7355µs)
09-09 20:11:18.119 22070 10705 I WiVRn   : [2026-09-09 20:11:18.119] [WiVRn] [info] 	t+6699µs HEAD (4415µs)
09-09 20:11:18.119 22070 10705 I WiVRn   : [2026-09-09 20:11:18.119] [WiVRn] [info] 	t+6753µs LEFT_GRIP (4361µs)
09-09 20:11:18.119 22070 10705 I WiVRn   : [2026-09-09 20:11:18.119] [WiVRn] [info] 	t+6759µs RIGHT_GRIP (4355µs)
09-09 20:11:18.154 22070 10651 I PxrMetric: FPS=90/90,MTP=31.06ms,AppSW=off,FrmEarly=3,FrmLate=3,FrmCpu=0.65ms,FrmGpu=10.31ms,FrmTime=14.71ms,ATWGPU=1.54ms,VsyncDelay=2,GPU=95%/587Mhz,GPUTemp=74.8C,LayerCnt=3,Pkg=org.meumeu.wivrn.nx.warp,FrmId=1508
09-09 20:11:18.374 22070 10703 I WiVRn   : [2026-09-09 20:11:18.374] [WiVRn] [info] nxwarp[0]: 168 frames in 2.0 s: 126143 B/frame, wait-prev 0.0 ms, wall 9.9 ms, nxvc passA 2.1 passB 3.0 gpu 5.1 ms; holes 0, refused 0
09-09 20:11:18.374 22070 10703 I WiVRn   : [2026-09-09 20:11:18.374] [WiVRn] [info] nxwarp[0] gpu duty 428 ms/s (43% of one GPU) for decode alone; the display pass is extra
09-09 20:11:18.374 22070 10703 I WiVRn   : [2026-09-09 20:11:18.374] [WiVRn] [info] nxwarp[0] passB 3.0 ms = warp 0.0 + skip 0.0 + coded 0.0 + dir 0.0 + other 3.0; tiles skip 0 / coded 2312 / dir 0 (eye pass 0)
09-09 20:11:18.374 22070 10703 I WiVRn   : [2026-09-09 20:11:18.374] [WiVRn] [info] nxwarp[0]: 81 frames dropped late (queue kept to 1)
09-09 20:11:18.374 22070 10703 I WiVRn   : [2026-09-09 20:11:18.374] [WiVRn] [info] nxwarp[0] stage: gap 2.0 | wait-prev 0.0 | submit 1.0 (qlock 0.0 + codec 1.0) | get_free 0.0 | fence-pre 0.0 | record 0.0 | qsubmit 0.0 | fence-post 8.9 | publish 0.0 ms; withheld 0, stride 1, arrival 11.3 ms
09-09 20:11:18.374 22070 10703 I WiVRn   : [2026-09-09 20:11:18.374] [WiVRn] [info] nxwarp[0] reassembly (network thread): 0.08 ms/frame over 169 frames, buffer 123 kB held for 123 kB of unit (1.0x)
09-09 20:11:18.374 22070 10703 I WiVRn   : [2026-09-09 20:11:18.374] [WiVRn] [info] nxwarp[0] fence-post 8.9 ms = nxvc gpu 5.1 + copy gpu 0.00 + queue 3.8 (over 168 frames with timestamps)
09-09 20:11:18.428 22070 10656 I WiVRn   : [2026-09-09 20:11:18.428] [WiVRn] [info] render: 179 iterations in 2.0 s (89.2/s), 179 submitted a layer, 162 new-source, 0 skipped by the repeat gate, 0 with nothing to show; display period 11.2 ms
09-09 20:11:18.428 22070 10656 I WiVRn   : [2026-09-09 20:11:18.428] [WiVRn] [info] render: ready wait attempts 72 success 55 total 175.554 ms | selected older than available 0
09-09 20:11:18.428 22070 10656 I WiVRn   : [2026-09-09 20:11:18.428] [WiVRn] [info] render: selected source transitions forward 162 backward 0 repeat 17, greatest forward gap 2
09-09 20:11:18.428 22070 10656 I WiVRn   : [2026-09-09 20:11:18.428] [WiVRn] [info] render: this app's own GPU pass 5.7 ms per iteration
09-09 20:11:18.428 22070 10656 I WiVRn   : [2026-09-09 20:11:18.428] [WiVRn] [info] render: defoveate 2160x2160 per eye x2 = 9.33 Mpx/frame at scale 1.00 atlas-prototype 0; 17 re-presented from the cache (reduce_gpu_load on)
09-09 20:11:18.428 22070 10656 I WiVRn   : [2026-09-09 20:11:18.428] [WiVRn] [info] render: shader path sharpness 0.00 fsr false alpha false motion false blend false glow 0.00 vignette 0.00 deband 0.00 lowpoly 0.00 levels 0 full-kernel false
09-09 20:11:18.428 22070 10656 I WiVRn   : [2026-09-09 20:11:18.428] [WiVRn] [info] render: per iteration fence 1.5 (worst 11.0) | queries 0.0 | submit 0.0 | whole render() 3.1 ms
09-09 20:11:18.428 22070 10656 I WiVRn   : [2026-09-09 20:11:18.428] [WiVRn] [info] render: jit on | wake slack 35.8 ms | slept 0.8 ms mean (max 11.7, 179 of 179 iterations) | budget 12.7 = pass 11.7 + margin 1.0 | sleep cap 0.6 ms
09-09 20:11:18.428 22070 10656 I WiVRn   : [2026-09-09 20:11:18.428] [WiVRn] [info] render: source display-time offset 58.4 ms mean (worst 66.7) over 179 frames | submit lead 31.8 ms mean (worst 19.7) | misses: 0 overrun 0 late 1 skipped refresh
09-09 20:11:19.119 22070 10705 I WiVRn   : [2026-09-09 20:11:19.119] [WiVRn] [info] Tracking pattern (11110µs):
09-09 20:11:19.119 22070 10705 I WiVRn   : [2026-09-09 20:11:19.119] [WiVRn] [info] 	t+3646µs HEAD (7463µs)
09-09 20:11:19.119 22070 10705 I WiVRn   : [2026-09-09 20:11:19.119] [WiVRn] [info] 	t+3699µs LEFT_GRIP (7410µs)
09-09 20:11:19.119 22070 10705 I WiVRn   : [2026-09-09 20:11:19.119] [WiVRn] [info] 	t+3704µs RIGHT_GRIP (7405µs)
09-09 20:11:19.119 22070 10705 I WiVRn   : [2026-09-09 20:11:19.119] [WiVRn] [info] 	t+6646µs HEAD (4463µs)
09-09 20:11:19.119 22070 10705 I WiVRn   : [2026-09-09 20:11:19.119] [WiVRn] [info] 	t+6699µs LEFT_GRIP (4410µs)
09-09 20:11:19.119 22070 10705 I WiVRn   : [2026-09-09 20:11:19.119] [WiVRn] [info] 	t+6704µs RIGHT_GRIP (4405µs)
09-09 20:11:19.163 22070 10651 I PxrMetric: FPS=89/90,MTP=32.89ms,AppSW=off,FrmEarly=14,FrmLate=9,FrmCpu=1.98ms,FrmGpu=6.97ms,FrmTime=9.84ms,ATWGPU=1.54ms,VsyncDelay=1,GPU=94%/587Mhz,GPUTemp=72.9C,LayerCnt=3,Pkg=org.meumeu.wivrn.nx.warp,FrmId=1597
09-09 20:11:19.628 22070 10700 I WiVRn   : [2026-09-09 20:11:19.628] [WiVRn] [info] nxwarp[0] net: 173 frames closed in 2.0 s, 0 with a hole, 0 out-of-order datagrams, 0 frames completed late, 0 queued for the worker, 1226 decoded so far, 1321 stragglers dropped; last hole 0/0 chunks, first missing -1, short false, chunk 1166 B
09-09 20:11:19.628 22070 10700 I WiVRn   : [2026-09-09 20:11:19.628] [WiVRn] [info] nxwarp[0] net: 0.028 ms per datagram over 28489 datagrams (399.75 ms of every second)
09-09 20:11:19.628 22070 10700 I WiVRn   : [2026-09-09 20:11:19.628] [WiVRn] [info] nxwarp[0] sel: stride 1, arrival 11.5 ms, dropped-late 81, withheld 0, decoded 1226
09-09 20:11:19.628 22070 10700 I WiVRn   : [2026-09-09 20:11:19.628] [WiVRn] [info] nxwarp[0] rx: 224758 datagrams, placed 2568465 (+399976), late 15907 (+132), stale_frame 0, bad_range 0, bad_dir 0, bad_caps 0, bad_ver 0, auth_fail 0, replay 0, frozen 0, dup 69
09-09 20:11:20.119 22070 10705 I WiVRn   : [2026-09-09 20:11:20.119] [WiVRn] [info] Tracking pattern (11111µs):
09-09 20:11:20.119 22070 10705 I WiVRn   : [2026-09-09 20:11:20.119] [WiVRn] [info] 	t+3300µs HEAD (7810µs)
09-09 20:11:20.119 22070 10705 I WiVRn   : [2026-09-09 20:11:20.119] [WiVRn] [info] 	t+3354µs LEFT_GRIP (7757µs)
09-09 20:11:20.119 22070 10705 I WiVRn   : [2026-09-09 20:11:20.119] [WiVRn] [info] 	t+3360µs RIGHT_GRIP (7750µs)
09-09 20:11:20.119 22070 10705 I WiVRn   : [2026-09-09 20:11:20.119] [WiVRn] [info] 	t+6300µs HEAD (4810µs)
09-09 20:11:20.119 22070 10705 I WiVRn   : [2026-09-09 20:11:20.119] [WiVRn] [info] 	t+6354µs LEFT_GRIP (4757µs)
09-09 20:11:20.119 22070 10705 I WiVRn   : [2026-09-09 20:11:20.119] [WiVRn] [info] 	t+6360µs RIGHT_GRIP (4750µs)
09-09 20:11:20.171 22070 10651 I PxrMetric: FPS=88/90,MTP=32.96ms,AppSW=off,FrmEarly=12,FrmLate=10,FrmCpu=1.61ms,FrmGpu=6.34ms,FrmTime=9.40ms,ATWGPU=1.54ms,VsyncDelay=1,GPU=99%/587Mhz,GPUTemp=74.4C,LayerCnt=3,Pkg=org.meumeu.wivrn.nx.warp,FrmId=1687
09-09 20:11:20.380 22070 10703 I WiVRn   : [2026-09-09 20:11:20.380] [WiVRn] [info] nxwarp[0]: 171 frames in 2.0 s: 122545 B/frame, wait-prev 0.0 ms, wall 9.7 ms, nxvc passA 2.0 passB 3.1 gpu 5.1 ms; holes 0, refused 0
09-09 20:11:20.380 22070 10703 I WiVRn   : [2026-09-09 20:11:20.380] [WiVRn] [info] nxwarp[0] gpu duty 439 ms/s (44% of one GPU) for decode alone; the display pass is extra
09-09 20:11:20.380 22070 10703 I WiVRn   : [2026-09-09 20:11:20.380] [WiVRn] [info] nxwarp[0] passB 3.1 ms = warp 0.0 + skip 0.0 + coded 0.0 + dir 0.0 + other 3.1; tiles skip 0 / coded 2312 / dir 0 (eye pass 0)
09-09 20:11:20.380 22070 10703 I WiVRn   : [2026-09-09 20:11:20.380] [WiVRn] [info] nxwarp[0]: 81 frames dropped late (queue kept to 1)
09-09 20:11:20.380 22070 10703 I WiVRn   : [2026-09-09 20:11:20.380] [WiVRn] [info] nxwarp[0] stage: gap 2.0 | wait-prev 0.0 | submit 1.0 (qlock 0.0 + codec 1.0) | get_free 0.0 | fence-pre 0.0 | record 0.0 | qsubmit 0.0 | fence-post 8.7 | publish 0.0 ms; withheld 0, stride 1, arrival 13.3 ms
09-09 20:11:20.380 22070 10703 I WiVRn   : [2026-09-09 20:11:20.380] [WiVRn] [info] nxwarp[0] reassembly (network thread): 0.08 ms/frame over 170 frames, buffer 120 kB held for 120 kB of unit (1.0x)
09-09 20:11:20.380 22070 10703 I WiVRn   : [2026-09-09 20:11:20.380] [WiVRn] [info] nxwarp[0] fence-post 8.7 ms = nxvc gpu 5.1 + copy gpu 0.00 + queue 3.5 (over 171 frames with timestamps)
09-09 20:11:20.429 22070 10656 I WiVRn   : [2026-09-09 20:11:20.429] [WiVRn] [info] render: 176 iterations in 2.0 s (87.8/s), 176 submitted a layer, 163 new-source, 0 skipped by the repeat gate, 0 with nothing to show; display period 11.3 ms
09-09 20:11:20.429 22070 10656 I WiVRn   : [2026-09-09 20:11:20.429] [WiVRn] [info] render: ready wait attempts 56 success 43 total 127.492 ms | selected older than available 0
09-09 20:11:20.429 22070 10656 I WiVRn   : [2026-09-09 20:11:20.429] [WiVRn] [info] render: selected source transitions forward 163 backward 0 repeat 13, greatest forward gap 2
09-09 20:11:20.429 22070 10656 I WiVRn   : [2026-09-09 20:11:20.429] [WiVRn] [info] render: this app's own GPU pass 5.6 ms per iteration
09-09 20:11:20.429 22070 10656 I WiVRn   : [2026-09-09 20:11:20.429] [WiVRn] [info] render: defoveate 2160x2160 per eye x2 = 9.33 Mpx/frame at scale 1.00 atlas-prototype 0; 13 re-presented from the cache (reduce_gpu_load on)
09-09 20:11:20.429 22070 10656 I WiVRn   : [2026-09-09 20:11:20.429] [WiVRn] [info] render: shader path sharpness 0.00 fsr false alpha false motion false blend false glow 0.00 vignette 0.00 deband 0.00 lowpoly 0.00 levels 0 full-kernel false
09-09 20:11:20.429 22070 10656 I WiVRn   : [2026-09-09 20:11:20.429] [WiVRn] [info] render: per iteration fence 2.5 (worst 11.2) | queries 0.0 | submit 0.0 | whole render() 3.8 ms
09-09 20:11:20.429 22070 10656 I WiVRn   : [2026-09-09 20:11:20.429] [WiVRn] [info] render: jit on | wake slack 36.8 ms | slept 0.7 ms mean (max 11.7, 176 of 176 iterations) | budget 12.1 = pass 11.1 + margin 1.0 | sleep cap 11.7 ms
09-09 20:11:20.429 22070 10656 I WiVRn   : [2026-09-09 20:11:20.429] [WiVRn] [info] render: source display-time offset 57.1 ms mean (worst 77.6) over 176 frames | submit lead 32.3 ms mean (worst 19.1) | misses: 0 overrun 0 late 0 skipped refresh
09-09 20:11:21.119 22070 10705 I WiVRn   : [2026-09-09 20:11:21.119] [WiVRn] [info] Tracking pattern (11108µs):
09-09 20:11:21.119 22070 10705 I WiVRn   : [2026-09-09 20:11:21.119] [WiVRn] [info] 	t+3228µs HEAD (7880µs)
09-09 20:11:21.119 22070 10705 I WiVRn   : [2026-09-09 20:11:21.119] [WiVRn] [info] 	t+3270µs LEFT_GRIP (7837µs)
09-09 20:11:21.119 22070 10705 I WiVRn   : [2026-09-09 20:11:21.119] [WiVRn] [info] 	t+3275µs RIGHT_GRIP (7833µs)
09-09 20:11:21.119 22070 10705 I WiVRn   : [2026-09-09 20:11:21.119] [WiVRn] [info] 	t+6228µs HEAD (4880µs)
09-09 20:11:21.119 22070 10705 I WiVRn   : [2026-09-09 20:11:21.119] [WiVRn] [info] 	t+6270µs LEFT_GRIP (4837µs)
09-09 20:11:21.119 22070 10705 I WiVRn   : [2026-09-09 20:11:21.119] [WiVRn] [info] 	t+6275µs RIGHT_GRIP (4833µs)
09-09 20:11:21.176 22070 10651 I PxrMetric: FPS=89/90,MTP=31.84ms,AppSW=off,FrmEarly=8,FrmLate=10,FrmCpu=1.21ms,FrmGpu=8.13ms,FrmTime=10.24ms,ATWGPU=1.55ms,VsyncDelay=1,GPU=95%/587Mhz,GPUTemp=72.9C,LayerCnt=3,Pkg=org.meumeu.wivrn.nx.warp,FrmId=1775
09-09 20:11:21.628 22070 10700 I WiVRn   : [2026-09-09 20:11:21.628] [WiVRn] [info] nxwarp[0] net: 167 frames closed in 2.0 s, 0 with a hole, 0 out-of-order datagrams, 0 frames completed late, 0 queued for the worker, 1392 decoded so far, 1488 stragglers dropped; last hole 0/0 chunks, first missing -1, short false, chunk 1166 B
09-09 20:11:21.628 22070 10700 I WiVRn   : [2026-09-09 20:11:21.628] [WiVRn] [info] nxwarp[0] net: 0.028 ms per datagram over 28650 datagrams (399.51 ms of every second)
09-09 20:11:21.628 22070 10700 I WiVRn   : [2026-09-09 20:11:21.628] [WiVRn] [info] nxwarp[0] sel: stride 1, arrival 13.2 ms, dropped-late 81, withheld 0, decoded 1392
09-09 20:11:21.628 22070 10700 I WiVRn   : [2026-09-09 20:11:21.628] [WiVRn] [info] nxwarp[0] rx: 253408 datagrams, placed 2939172 (+370707), late 16460 (+553), stale_frame 0, bad_range 0, bad_dir 0, bad_caps 0, bad_ver 0, auth_fail 0, replay 0, frozen 0, dup 72
09-09 20:11:22.119 22070 10705 I WiVRn   : [2026-09-09 20:11:22.119] [WiVRn] [info] Tracking pattern (11111µs):
09-09 20:11:22.120 22070 10705 I WiVRn   : [2026-09-09 20:11:22.120] [WiVRn] [info] 	t+3293µs HEAD (7817µs)
09-09 20:11:22.120 22070 10705 I WiVRn   : [2026-09-09 20:11:22.120] [WiVRn] [info] 	t+3420µs LEFT_GRIP (7691µs)
09-09 20:11:22.120 22070 10705 I WiVRn   : [2026-09-09 20:11:22.120] [WiVRn] [info] 	t+3434µs RIGHT_GRIP (7676µs)
09-09 20:11:22.120 22070 10705 I WiVRn   : [2026-09-09 20:11:22.120] [WiVRn] [info] 	t+6293µs HEAD (4817µs)
09-09 20:11:22.120 22070 10705 I WiVRn   : [2026-09-09 20:11:22.120] [WiVRn] [info] 	t+6420µs LEFT_GRIP (4691µs)
09-09 20:11:22.120 22070 10705 I WiVRn   : [2026-09-09 20:11:22.120] [WiVRn] [info] 	t+6434µs RIGHT_GRIP (4676µs)
09-09 20:11:22.182 22070 10651 I PxrMetric: FPS=88/90,MTP=33.30ms,AppSW=off,FrmEarly=12,FrmLate=10,FrmCpu=1.16ms,FrmGpu=7.62ms,FrmTime=10.58ms,ATWGPU=1.59ms,VsyncDelay=1,GPU=99%/587Mhz,GPUTemp=82.2C,LayerCnt=3,Pkg=org.meumeu.wivrn.nx.warp,FrmId=1866
09-09 20:11:22.382 22070 10703 I WiVRn   : [2026-09-09 20:11:22.382] [WiVRn] [info] nxwarp[0]: 168 frames in 2.0 s: 129330 B/frame, wait-prev 0.0 ms, wall 9.9 ms, nxvc passA 2.1 passB 3.1 gpu 5.3 ms; holes 0, refused 0
09-09 20:11:22.382 22070 10703 I WiVRn   : [2026-09-09 20:11:22.382] [WiVRn] [info] nxwarp[0] gpu duty 442 ms/s (44% of one GPU) for decode alone; the display pass is extra
09-09 20:11:22.382 22070 10703 I WiVRn   : [2026-09-09 20:11:22.382] [WiVRn] [info] nxwarp[0] passB 3.1 ms = warp 0.0 + skip 0.0 + coded 0.0 + dir 0.0 + other 3.1; tiles skip 0 / coded 2312 / dir 0 (eye pass 0)
09-09 20:11:22.382 22070 10703 I WiVRn   : [2026-09-09 20:11:22.382] [WiVRn] [info] nxwarp[0]: 81 frames dropped late (queue kept to 1)
09-09 20:11:22.382 22070 10703 I WiVRn   : [2026-09-09 20:11:22.382] [WiVRn] [info] nxwarp[0] stage: gap 2.0 | wait-prev 0.0 | submit 1.0 (qlock 0.0 + codec 1.0) | get_free 0.0 | fence-pre 0.0 | record 0.0 | qsubmit 0.0 | fence-post 8.9 | publish 0.0 ms; withheld 0, stride 1, arrival 12.0 ms
09-09 20:11:22.382 22070 10703 I WiVRn   : [2026-09-09 20:11:22.382] [WiVRn] [info] nxwarp[0] reassembly (network thread): 0.08 ms/frame over 168 frames, buffer 126 kB held for 126 kB of unit (1.0x)
09-09 20:11:22.382 22070 10703 I WiVRn   : [2026-09-09 20:11:22.382] [WiVRn] [info] nxwarp[0] fence-post 8.9 ms = nxvc gpu 5.3 + copy gpu 0.00 + queue 3.6 (over 168 frames with timestamps)
09-09 20:11:22.434 22070 10656 I WiVRn   : [2026-09-09 20:11:22.434] [WiVRn] [info] render: 180 iterations in 2.0 s (90.0/s), 180 submitted a layer, 159 new-source, 0 skipped by the repeat gate, 0 with nothing to show; display period 11.2 ms
09-09 20:11:22.434 22070 10656 I WiVRn   : [2026-09-09 20:11:22.434] [WiVRn] [info] render: ready wait attempts 79 success 58 total 177.275 ms | selected older than available 0
09-09 20:11:22.434 22070 10656 I WiVRn   : [2026-09-09 20:11:22.434] [WiVRn] [info] render: selected source transitions forward 159 backward 0 repeat 21, greatest forward gap 2
09-09 20:11:22.434 22070 10656 I WiVRn   : [2026-09-09 20:11:22.434] [WiVRn] [info] render: this app's own GPU pass 5.4 ms per iteration
09-09 20:11:22.434 22070 10656 I WiVRn   : [2026-09-09 20:11:22.434] [WiVRn] [info] render: defoveate 2160x2160 per eye x2 = 9.33 Mpx/frame at scale 1.00 atlas-prototype 0; 21 re-presented from the cache (reduce_gpu_load on)
09-09 20:11:22.434 22070 10656 I WiVRn   : [2026-09-09 20:11:22.434] [WiVRn] [info] render: shader path sharpness 0.00 fsr false alpha false motion false blend false glow 0.00 vignette 0.00 deband 0.00 lowpoly 0.00 levels 0 full-kernel false
09-09 20:11:22.434 22070 10656 I WiVRn   : [2026-09-09 20:11:22.434] [WiVRn] [info] render: per iteration fence 1.6 (worst 11.0) | queries 0.0 | submit 0.0 | whole render() 3.2 ms
09-09 20:11:22.434 22070 10656 I WiVRn   : [2026-09-09 20:11:22.434] [WiVRn] [info] render: jit on | wake slack 35.5 ms | slept 0.6 ms mean (max 11.7, 180 of 180 iterations) | budget 11.7 = pass 10.7 + margin 1.0 | sleep cap 0.6 ms
09-09 20:11:22.434 22070 10656 I WiVRn   : [2026-09-09 20:11:22.434] [WiVRn] [info] render: source display-time offset 57.4 ms mean (worst 77.5) over 180 frames | submit lead 31.7 ms mean (worst 23.3) | misses: 0 overrun 0 late 1 skipped refresh
09-09 20:11:23.120 22070 10705 I WiVRn   : [2026-09-09 20:11:23.120] [WiVRn] [info] Tracking pattern (11111µs):
09-09 20:11:23.120 22070 10705 I WiVRn   : [2026-09-09 20:11:23.120] [WiVRn] [info] 	t+3095µs HEAD (8016µs)
09-09 20:11:23.120 22070 10705 I WiVRn   : [2026-09-09 20:11:23.120] [WiVRn] [info] 	t+3160µs LEFT_GRIP (7951µs)
09-09 20:11:23.120 22070 10705 I WiVRn   : [2026-09-09 20:11:23.120] [WiVRn] [info] 	t+3166µs RIGHT_GRIP (7945µs)
09-09 20:11:23.120 22070 10705 I WiVRn   : [2026-09-09 20:11:23.120] [WiVRn] [info] 	t+6095µs HEAD (5016µs)
09-09 20:11:23.120 22070 10705 I WiVRn   : [2026-09-09 20:11:23.120] [WiVRn] [info] 	t+6160µs LEFT_GRIP (4951µs)
09-09 20:11:23.120 22070 10705 I WiVRn   : [2026-09-09 20:11:23.120] [WiVRn] [info] 	t+6166µs RIGHT_GRIP (4945µs)
09-09 20:11:23.193 22070 10651 I PxrMetric: FPS=90/90,MTP=32.44ms,AppSW=off,FrmEarly=9,FrmLate=15,FrmCpu=1.17ms,FrmGpu=7.82ms,FrmTime=10.76ms,ATWGPU=1.55ms,VsyncDelay=1,GPU=73%/587Mhz,GPUTemp=73.6C,LayerCnt=3,Pkg=org.meumeu.wivrn.nx.warp,FrmId=1955
09-09 20:11:23.640 22070 10700 I WiVRn   : [2026-09-09 20:11:23.640] [WiVRn] [info] nxwarp[0] net: 169 frames closed in 2.0 s, 0 with a hole, 0 out-of-order datagrams, 0 frames completed late, 0 queued for the worker, 1561 decoded so far, 1657 stragglers dropped; last hole 0/0 chunks, first missing -1, short false, chunk 1166 B
09-09 20:11:23.640 22070 10700 I WiVRn   : [2026-09-09 20:11:23.640] [WiVRn] [info] nxwarp[0] net: 0.027 ms per datagram over 30539 datagrams (410.52 ms of every second)
09-09 20:11:23.640 22070 10700 I WiVRn   : [2026-09-09 20:11:23.640] [WiVRn] [info] nxwarp[0] sel: stride 1, arrival 11.8 ms, dropped-late 81, withheld 0, decoded 1561
09-09 20:11:23.640 22070 10700 I WiVRn   : [2026-09-09 20:11:23.640] [WiVRn] [info] nxwarp[0] rx: 283947 datagrams, placed 3301415 (+362243), late 19681 (+3221), stale_frame 0, bad_range 0, bad_dir 0, bad_caps 0, bad_ver 0, auth_fail 0, replay 0, frozen 0, dup 80
09-09 20:11:24.120 22070 10705 I WiVRn   : [2026-09-09 20:11:24.120] [WiVRn] [info] Tracking pattern (11103µs):
09-09 20:11:24.120 22070 10705 I WiVRn   : [2026-09-09 20:11:24.120] [WiVRn] [info] 	t+3162µs HEAD (7940µs)
09-09 20:11:24.120 22070 10705 I WiVRn   : [2026-09-09 20:11:24.120] [WiVRn] [info] 	t+3206µs LEFT_GRIP (7896µs)
09-09 20:11:24.120 22070 10705 I WiVRn   : [2026-09-09 20:11:24.120] [WiVRn] [info] 	t+3211µs RIGHT_GRIP (7892µs)
09-09 20:11:24.120 22070 10705 I WiVRn   : [2026-09-09 20:11:24.120] [WiVRn] [info] 	t+6162µs HEAD (4940µs)
09-09 20:11:24.120 22070 10705 I WiVRn   : [2026-09-09 20:11:24.120] [WiVRn] [info] 	t+6206µs LEFT_GRIP (4896µs)
09-09 20:11:24.120 22070 10705 I WiVRn   : [2026-09-09 20:11:24.120] [WiVRn] [info] 	t+6211µs RIGHT_GRIP (4892µs)
09-09 20:11:24.199 22070 10651 I PxrMetric: FPS=88/90,MTP=31.87ms,AppSW=off,FrmEarly=13,FrmLate=14,FrmCpu=1.71ms,FrmGpu=7.82ms,FrmTime=10.62ms,ATWGPU=1.54ms,VsyncDelay=1,GPU=99%/587Mhz,GPUTemp=77.9C,LayerCnt=3,Pkg=org.meumeu.wivrn.nx.warp,FrmId=2042
09-09 20:11:24.393 22070 10703 I WiVRn   : [2026-09-09 20:11:24.393] [WiVRn] [info] nxwarp[0]: 167 frames in 2.0 s: 138651 B/frame, wait-prev 0.0 ms, wall 10.1 ms, nxvc passA 2.3 passB 3.1 gpu 5.4 ms; holes 0, refused 0
09-09 20:11:24.393 22070 10703 I WiVRn   : [2026-09-09 20:11:24.393] [WiVRn] [info] nxwarp[0] gpu duty 446 ms/s (45% of one GPU) for decode alone; the display pass is extra
09-09 20:11:24.393 22070 10703 I WiVRn   : [2026-09-09 20:11:24.393] [WiVRn] [info] nxwarp[0] passB 3.1 ms = warp 0.0 + skip 0.0 + coded 0.0 + dir 0.0 + other 3.1; tiles skip 0 / coded 2312 / dir 0 (eye pass 0)
09-09 20:11:24.393 22070 10703 I WiVRn   : [2026-09-09 20:11:24.393] [WiVRn] [info] nxwarp[0]: 81 frames dropped late (queue kept to 1)
09-09 20:11:24.393 22070 10703 I WiVRn   : [2026-09-09 20:11:24.393] [WiVRn] [info] nxwarp[0] stage: gap 2.0 | wait-prev 0.0 | submit 1.0 (qlock 0.0 + codec 1.0) | get_free 0.0 | fence-pre 0.0 | record 0.0 | qsubmit 0.0 | fence-post 9.0 | publish 0.0 ms; withheld 0, stride 1, arrival 12.4 ms
09-09 20:11:24.393 22070 10703 I WiVRn   : [2026-09-09 20:11:24.393] [WiVRn] [info] nxwarp[0] reassembly (network thread): 0.07 ms/frame over 167 frames, buffer 135 kB held for 135 kB of unit (1.0x)
09-09 20:11:24.393 22070 10703 I WiVRn   : [2026-09-09 20:11:24.393] [WiVRn] [info] nxwarp[0] fence-post 9.1 ms = nxvc gpu 5.4 + copy gpu 0.00 + queue 3.7 (over 167 frames with timestamps)
09-09 20:11:24.446 22070 10656 I WiVRn   : [2026-09-09 20:11:24.446] [WiVRn] [info] render: 176 iterations in 2.0 s (87.5/s), 176 submitted a layer, 160 new-source, 0 skipped by the repeat gate, 0 with nothing to show; display period 11.4 ms
09-09 20:11:24.446 22070 10656 I WiVRn   : [2026-09-09 20:11:24.446] [WiVRn] [info] render: ready wait attempts 43 success 27 total 114.959 ms | selected older than available 0
09-09 20:11:24.446 22070 10656 I WiVRn   : [2026-09-09 20:11:24.446] [WiVRn] [info] render: selected source transitions forward 160 backward 0 repeat 16, greatest forward gap 2
09-09 20:11:24.446 22070 10656 I WiVRn   : [2026-09-09 20:11:24.446] [WiVRn] [info] render: this app's own GPU pass 5.6 ms per iteration
09-09 20:11:24.446 22070 10656 I WiVRn   : [2026-09-09 20:11:24.446] [WiVRn] [info] render: defoveate 2160x2160 per eye x2 = 9.33 Mpx/frame at scale 1.00 atlas-prototype 0; 16 re-presented from the cache (reduce_gpu_load on)
09-09 20:11:24.446 22070 10656 I WiVRn   : [2026-09-09 20:11:24.446] [WiVRn] [info] render: shader path sharpness 0.00 fsr false alpha false motion false blend false glow 0.00 vignette 0.00 deband 0.00 lowpoly 0.00 levels 0 full-kernel false
09-09 20:11:24.446 22070 10656 I WiVRn   : [2026-09-09 20:11:24.446] [WiVRn] [info] render: per iteration fence 2.4 (worst 11.5) | queries 0.0 | submit 0.0 | whole render() 3.7 ms
09-09 20:11:24.446 22070 10656 I WiVRn   : [2026-09-09 20:11:24.446] [WiVRn] [info] render: jit on | wake slack 36.8 ms | slept 0.8 ms mean (max 11.7, 176 of 176 iterations) | budget 12.7 = pass 11.7 + margin 1.0 | sleep cap 0.6 ms
09-09 20:11:24.446 22070 10656 I WiVRn   : [2026-09-09 20:11:24.446] [WiVRn] [info] render: source display-time offset 59.7 ms mean (worst 77.6) over 176 frames | submit lead 32.3 ms mean (worst 22.3) | misses: 0 overrun 0 late 1 skipped refresh
09-09 20:11:25.120 22070 10705 I WiVRn   : [2026-09-09 20:11:25.120] [WiVRn] [info] Tracking pattern (11116µs):
09-09 20:11:25.120 22070 10705 I WiVRn   : [2026-09-09 20:11:25.120] [WiVRn] [info] 	t+2924µs HEAD (8191µs)
09-09 20:11:25.120 22070 10705 I WiVRn   : [2026-09-09 20:11:25.120] [WiVRn] [info] 	t+3028µs LEFT_GRIP (8087µs)
09-09 20:11:25.120 22070 10705 I WiVRn   : [2026-09-09 20:11:25.120] [WiVRn] [info] 	t+3038µs RIGHT_GRIP (8077µs)
09-09 20:11:25.120 22070 10705 I WiVRn   : [2026-09-09 20:11:25.120] [WiVRn] [info] 	t+5924µs HEAD (5191µs)
09-09 20:11:25.120 22070 10705 I WiVRn   : [2026-09-09 20:11:25.120] [WiVRn] [info] 	t+6028µs LEFT_GRIP (5087µs)
09-09 20:11:25.120 22070 10705 I WiVRn   : [2026-09-09 20:11:25.120] [WiVRn] [info] 	t+6038µs RIGHT_GRIP (5077µs)
09-09 20:11:25.205 22070 10651 I PxrMetric: FPS=87/90,MTP=32.43ms,AppSW=off,FrmEarly=10,FrmLate=13,FrmCpu=1.48ms,FrmGpu=7.24ms,FrmTime=10.28ms,ATWGPU=1.54ms,VsyncDelay=1,GPU=99%/587Mhz,GPUTemp=73.3C,LayerCnt=3,Pkg=org.meumeu.wivrn.nx.warp,FrmId=2131
09-09 20:11:25.640 22070 10700 I WiVRn   : [2026-09-09 20:11:25.640] [WiVRn] [info] nxwarp[0] net: 163 frames closed in 2.0 s, 0 with a hole, 0 out-of-order datagrams, 0 frames completed late, 0 queued for the worker, 1724 decoded so far, 1849 stragglers dropped; last hole 0/0 chunks, first missing -1, short false, chunk 1166 B
09-09 20:11:25.640 22070 10700 I WiVRn   : [2026-09-09 20:11:25.640] [WiVRn] [info] nxwarp[0] net: 0.031 ms per datagram over 25956 datagrams (401.91 ms of every second)
09-09 20:11:25.640 22070 10700 I WiVRn   : [2026-09-09 20:11:25.640] [WiVRn] [info] nxwarp[0] sel: stride 1, arrival 12.8 ms, dropped-late 81, withheld 0, decoded 1724
09-09 20:11:25.640 22070 10700 I WiVRn   : [2026-09-09 20:11:25.640] [WiVRn] [info] nxwarp[0] rx: 309903 datagrams, placed 3385487 (+84072), late 30490 (+10809), stale_frame 0, bad_range 0, bad_dir 0, bad_caps 0, bad_ver 0, auth_fail 0, replay 0, frozen 0, dup 127
09-09 20:11:26.120 22070 10705 I WiVRn   : [2026-09-09 20:11:26.120] [WiVRn] [info] Tracking pattern (11115µs):
09-09 20:11:26.120 22070 10705 I WiVRn   : [2026-09-09 20:11:26.120] [WiVRn] [info] 	t+2924µs HEAD (8191µs)
09-09 20:11:26.120 22070 10705 I WiVRn   : [2026-09-09 20:11:26.120] [WiVRn] [info] 	t+3033µs LEFT_GRIP (8082µs)
09-09 20:11:26.120 22070 10705 I WiVRn   : [2026-09-09 20:11:26.120] [WiVRn] [info] 	t+3052µs RIGHT_GRIP (8063µs)
09-09 20:11:26.120 22070 10705 I WiVRn   : [2026-09-09 20:11:26.120] [WiVRn] [info] 	t+5924µs HEAD (5191µs)
09-09 20:11:26.120 22070 10705 I WiVRn   : [2026-09-09 20:11:26.120] [WiVRn] [info] 	t+6033µs LEFT_GRIP (5082µs)
09-09 20:11:26.120 22070 10705 I WiVRn   : [2026-09-09 20:11:26.120] [WiVRn] [info] 	t+6052µs RIGHT_GRIP (5063µs)
09-09 20:11:26.216 22070 10651 I PxrMetric: FPS=88/90,MTP=26.14ms,AppSW=off,FrmEarly=8,FrmLate=11,FrmCpu=0.51ms,FrmGpu=10.45ms,FrmTime=15.10ms,ATWGPU=1.55ms,VsyncDelay=2,GPU=95%/587Mhz,GPUTemp=74.0C,LayerCnt=3,Pkg=org.meumeu.wivrn.nx.warp,FrmId=2220
09-09 20:11:26.394 22070 10703 I WiVRn   : [2026-09-09 20:11:26.394] [WiVRn] [info] nxwarp[0]: 163 frames in 2.0 s: 149395 B/frame, wait-prev 0.0 ms, wall 10.3 ms, nxvc passA 2.4 passB 3.2 gpu 5.6 ms; holes 0, refused 0
09-09 20:11:26.394 22070 10703 I WiVRn   : [2026-09-09 20:11:26.394] [WiVRn] [info] nxwarp[0] gpu duty 453 ms/s (45% of one GPU) for decode alone; the display pass is extra
09-09 20:11:26.394 22070 10703 I WiVRn   : [2026-09-09 20:11:26.394] [WiVRn] [info] nxwarp[0] passB 3.2 ms = warp 0.0 + skip 0.0 + coded 0.0 + dir 0.0 + other 3.2; tiles skip 0 / coded 2312 / dir 0 (eye pass 0)
09-09 20:11:26.394 22070 10703 I WiVRn   : [2026-09-09 20:11:26.394] [WiVRn] [info] nxwarp[0]: 81 frames dropped late (queue kept to 1)
09-09 20:11:26.394 22070 10703 I WiVRn   : [2026-09-09 20:11:26.394] [WiVRn] [info] nxwarp[0] stage: gap 2.0 | wait-prev 0.0 | submit 1.0 (qlock 0.0 + codec 1.0) | get_free 0.0 | fence-pre 0.0 | record 0.0 | qsubmit 0.0 | fence-post 9.2 | publish 0.0 ms; withheld 0, stride 1, arrival 13.2 ms
09-09 20:11:26.394 22070 10703 I WiVRn   : [2026-09-09 20:11:26.394] [WiVRn] [info] nxwarp[0] reassembly (network thread): 0.06 ms/frame over 163 frames, buffer 146 kB held for 146 kB of unit (1.0x)
09-09 20:11:26.394 22070 10703 I WiVRn   : [2026-09-09 20:11:26.394] [WiVRn] [info] nxwarp[0] fence-post 9.3 ms = nxvc gpu 5.6 + copy gpu 0.00 + queue 3.7 (over 163 frames with timestamps)
09-09 20:11:26.451 22070 10656 I WiVRn   : [2026-09-09 20:11:26.451] [WiVRn] [info] render: 177 iterations in 2.0 s (88.1/s), 177 submitted a layer, 160 new-source, 0 skipped by the repeat gate, 0 with nothing to show; display period 11.4 ms
09-09 20:11:26.451 22070 10656 I WiVRn   : [2026-09-09 20:11:26.451] [WiVRn] [info] render: ready wait attempts 58 success 41 total 163.592 ms | selected older than available 0
09-09 20:11:26.451 22070 10656 I WiVRn   : [2026-09-09 20:11:26.451] [WiVRn] [info] render: selected source transitions forward 160 backward 0 repeat 17, greatest forward gap 2
09-09 20:11:26.451 22070 10656 I WiVRn   : [2026-09-09 20:11:26.451] [WiVRn] [info] render: this app's own GPU pass 5.6 ms per iteration
09-09 20:11:26.451 22070 10656 I WiVRn   : [2026-09-09 20:11:26.451] [WiVRn] [info] render: defoveate 2160x2160 per eye x2 = 9.33 Mpx/frame at scale 1.00 atlas-prototype 0; 17 re-presented from the cache (reduce_gpu_load on)
09-09 20:11:26.451 22070 10656 I WiVRn   : [2026-09-09 20:11:26.451] [WiVRn] [info] render: shader path sharpness 0.00 fsr false alpha false motion false blend false glow 0.00 vignette 0.00 deband 0.00 lowpoly 0.00 levels 0 full-kernel false
09-09 20:11:26.451 22070 10656 I WiVRn   : [2026-09-09 20:11:26.451] [WiVRn] [info] render: per iteration fence 2.4 (worst 11.8) | queries 0.0 | submit 0.0 | whole render() 3.9 ms
09-09 20:11:26.451 22070 10656 I WiVRn   : [2026-09-09 20:11:26.451] [WiVRn] [info] render: jit on | wake slack 36.7 ms | slept 0.9 ms mean (max 11.7, 177 of 177 iterations) | budget 12.1 = pass 11.1 + margin 1.0 | sleep cap 0.6 ms
09-09 20:11:26.451 22070 10656 I WiVRn   : [2026-09-09 20:11:26.451] [WiVRn] [info] render: source display-time offset 59.6 ms mean (worst 77.7) over 177 frames | submit lead 31.8 ms mean (worst 22.7) | misses: 0 overrun 0 late 1 skipped refresh
09-09 20:11:27.120 22070 10705 I WiVRn   : [2026-09-09 20:11:27.120] [WiVRn] [info] Tracking pattern (11115µs):
09-09 20:11:27.120 22070 10705 I WiVRn   : [2026-09-09 20:11:27.120] [WiVRn] [info] 	t+3290µs HEAD (7824µs)
09-09 20:11:27.120 22070 10705 I WiVRn   : [2026-09-09 20:11:27.120] [WiVRn] [info] 	t+3329µs LEFT_GRIP (7785µs)
09-09 20:11:27.120 22070 10705 I WiVRn   : [2026-09-09 20:11:27.120] [WiVRn] [info] 	t+3335µs RIGHT_GRIP (7780µs)
09-09 20:11:27.120 22070 10705 I WiVRn   : [2026-09-09 20:11:27.120] [WiVRn] [info] 	t+6290µs HEAD (4824µs)
09-09 20:11:27.120 22070 10705 I WiVRn   : [2026-09-09 20:11:27.120] [WiVRn] [info] 	t+6329µs LEFT_GRIP (4785µs)
09-09 20:11:27.120 22070 10705 I WiVRn   : [2026-09-09 20:11:27.120] [WiVRn] [info] 	t+6335µs RIGHT_GRIP (4780µs)
09-09 20:11:27.222 22070 10651 I PxrMetric: FPS=88/90,MTP=31.70ms,AppSW=off,FrmEarly=12,FrmLate=8,FrmCpu=1.23ms,FrmGpu=8.50ms,FrmTime=10.76ms,ATWGPU=1.55ms,VsyncDelay=1,GPU=95%/587Mhz,GPUTemp=74.8C,LayerCnt=3,Pkg=org.meumeu.wivrn.nx.warp,FrmId=2310
09-09 20:11:27.640 22070 10700 I WiVRn   : [2026-09-09 20:11:27.640] [WiVRn] [info] nxwarp[0] net: 164 frames closed in 2.0 s, 0 with a hole, 0 out-of-order datagrams, 0 frames completed late, 0 queued for the worker, 1889 decoded so far, 2013 stragglers dropped; last hole 0/0 chunks, first missing -1, short false, chunk 1166 B
09-09 20:11:27.640 22070 10700 I WiVRn   : [2026-09-09 20:11:27.640] [WiVRn] [info] nxwarp[0] net: 0.029 ms per datagram over 28000 datagrams (404.94 ms of every second)
09-09 20:11:27.640 22070 10700 I WiVRn   : [2026-09-09 20:11:27.640] [WiVRn] [info] nxwarp[0] sel: stride 1, arrival 13.8 ms, dropped-late 81, withheld 0, decoded 1889
09-09 20:11:27.640 22070 10700 I WiVRn   : [2026-09-09 20:11:27.640] [WiVRn] [info] nxwarp[0] rx: 337903 datagrams, placed 3526586 (+141099), late 39415 (+8925), stale_frame 0, bad_range 0, bad_dir 0, bad_caps 0, bad_ver 0, auth_fail 0, replay 0, frozen 0, dup 169
09-09 20:11:28.120 22070 10705 I WiVRn   : [2026-09-09 20:11:28.120] [WiVRn] [info] Tracking pattern (11115µs):
09-09 20:11:28.120 22070 10705 I WiVRn   : [2026-09-09 20:11:28.120] [WiVRn] [info] 	t+3656µs HEAD (7459µs)
09-09 20:11:28.120 22070 10705 I WiVRn   : [2026-09-09 20:11:28.120] [WiVRn] [info] 	t+3810µs LEFT_GRIP (7304µs)
09-09 20:11:28.120 22070 10705 I WiVRn   : [2026-09-09 20:11:28.120] [WiVRn] [info] 	t+3816µs RIGHT_GRIP (7299µs)
09-09 20:11:28.120 22070 10705 I WiVRn   : [2026-09-09 20:11:28.120] [WiVRn] [info] 	t+6656µs HEAD (4459µs)
09-09 20:11:28.120 22070 10705 I WiVRn   : [2026-09-09 20:11:28.120] [WiVRn] [info] 	t+6810µs LEFT_GRIP (4304µs)
09-09 20:11:28.120 22070 10705 I WiVRn   : [2026-09-09 20:11:28.120] [WiVRn] [info] 	t+6816µs RIGHT_GRIP (4299µs)
09-09 20:11:28.229 22070 10651 I PxrMetric: FPS=89/90,MTP=30.59ms,AppSW=off,FrmEarly=13,FrmLate=14,FrmCpu=2.14ms,FrmGpu=7.37ms,FrmTime=10.29ms,ATWGPU=1.55ms,VsyncDelay=1,GPU=99%/587Mhz,GPUTemp=74.8C,LayerCnt=3,Pkg=org.meumeu.wivrn.nx.warp,FrmId=2401
09-09 20:11:28.398 22070 10703 I WiVRn   : [2026-09-09 20:11:28.398] [WiVRn] [info] nxwarp[0]: 165 frames in 2.0 s: 146632 B/frame, wait-prev 0.0 ms, wall 10.3 ms, nxvc passA 2.4 passB 3.1 gpu 5.5 ms; holes 0, refused 0
09-09 20:11:28.398 22070 10703 I WiVRn   : [2026-09-09 20:11:28.398] [WiVRn] [info] nxwarp[0] gpu duty 449 ms/s (45% of one GPU) for decode alone; the display pass is extra
09-09 20:11:28.398 22070 10703 I WiVRn   : [2026-09-09 20:11:28.398] [WiVRn] [info] nxwarp[0] passB 3.1 ms = warp 0.0 + skip 0.0 + coded 0.0 + dir 0.0 + other 3.1; tiles skip 0 / coded 2312 / dir 0 (eye pass 0)
09-09 20:11:28.398 22070 10703 I WiVRn   : [2026-09-09 20:11:28.398] [WiVRn] [info] nxwarp[0]: 81 frames dropped late (queue kept to 1)
09-09 20:11:28.398 22070 10703 I WiVRn   : [2026-09-09 20:11:28.398] [WiVRn] [info] nxwarp[0] stage: gap 1.8 | wait-prev 0.0 | submit 1.0 (qlock 0.0 + codec 1.0) | get_free 0.0 | fence-pre 0.0 | record 0.0 | qsubmit 0.0 | fence-post 9.3 | publish 0.0 ms; withheld 0, stride 1, arrival 11.6 ms
09-09 20:11:28.398 22070 10703 I WiVRn   : [2026-09-09 20:11:28.398] [WiVRn] [info] nxwarp[0] reassembly (network thread): 0.07 ms/frame over 166 frames, buffer 143 kB held for 143 kB of unit (1.0x)
09-09 20:11:28.398 22070 10703 I WiVRn   : [2026-09-09 20:11:28.398] [WiVRn] [info] nxwarp[0] fence-post 9.3 ms = nxvc gpu 5.5 + copy gpu 0.00 + queue 3.8 (over 165 frames with timestamps)
09-09 20:11:28.457 22070 10656 I WiVRn   : [2026-09-09 20:11:28.457] [WiVRn] [info] render: 180 iterations in 2.0 s (89.6/s), 180 submitted a layer, 158 new-source, 0 skipped by the repeat gate, 0 with nothing to show; display period 11.2 ms
09-09 20:11:28.457 22070 10656 I WiVRn   : [2026-09-09 20:11:28.457] [WiVRn] [info] render: ready wait attempts 77 success 55 total 193.687 ms | selected older than available 0
09-09 20:11:28.457 22070 10656 I WiVRn   : [2026-09-09 20:11:28.457] [WiVRn] [info] render: selected source transitions forward 158 backward 0 repeat 22, greatest forward gap 2
09-09 20:11:28.457 22070 10656 I WiVRn   : [2026-09-09 20:11:28.457] [WiVRn] [info] render: this app's own GPU pass 5.5 ms per iteration
09-09 20:11:28.457 22070 10656 I WiVRn   : [2026-09-09 20:11:28.457] [WiVRn] [info] render: defoveate 2160x2160 per eye x2 = 9.33 Mpx/frame at scale 1.00 atlas-prototype 0; 22 re-presented from the cache (reduce_gpu_load on)
09-09 20:11:28.457 22070 10656 I WiVRn   : [2026-09-09 20:11:28.457] [WiVRn] [info] render: shader path sharpness 0.00 fsr false alpha false motion false blend false glow 0.00 vignette 0.00 deband 0.00 lowpoly 0.00 levels 0 full-kernel false
09-09 20:11:28.457 22070 10656 I WiVRn   : [2026-09-09 20:11:28.457] [WiVRn] [info] render: per iteration fence 1.7 (worst 11.6) | queries 0.0 | submit 0.0 | whole render() 3.4 ms
09-09 20:11:28.457 22070 10656 I WiVRn   : [2026-09-09 20:11:28.457] [WiVRn] [info] render: jit on | wake slack 35.2 ms | slept 0.6 ms mean (max 0.6, 180 of 180 iterations) | budget 13.2 = pass 12.2 + margin 1.0 | sleep cap 0.6 ms
09-09 20:11:28.457 22070 10656 I WiVRn   : [2026-09-09 20:11:28.457] [WiVRn] [info] render: source display-time offset 58.9 ms mean (worst 78.2) over 180 frames | submit lead 31.2 ms mean (worst 24.6) | misses: 0 overrun 0 late 0 skipped refresh
09-09 20:11:29.120 22070 10705 I WiVRn   : [2026-09-09 20:11:29.120] [WiVRn] [info] Tracking pattern (11123µs):
09-09 20:11:29.120 22070 10705 I WiVRn   : [2026-09-09 20:11:29.120] [WiVRn] [info] 	t+3686µs HEAD (7437µs)
09-09 20:11:29.120 22070 10705 I WiVRn   : [2026-09-09 20:11:29.120] [WiVRn] [info] 	t+3740µs LEFT_GRIP (7383µs)
09-09 20:11:29.120 22070 10705 I WiVRn   : [2026-09-09 20:11:29.120] [WiVRn] [info] 	t+3746µs RIGHT_GRIP (7377µs)
09-09 20:11:29.120 22070 10705 I WiVRn   : [2026-09-09 20:11:29.120] [WiVRn] [info] 	t+6686µs HEAD (4437µs)
09-09 20:11:29.120 22070 10705 I WiVRn   : [2026-09-09 20:11:29.120] [WiVRn] [info] 	t+6740µs LEFT_GRIP (4383µs)
09-09 20:11:29.120 22070 10705 I WiVRn   : [2026-09-09 20:11:29.120] [WiVRn] [info] 	t+6746µs RIGHT_GRIP (4377µs)
09-09 20:11:29.242 22070 10651 I PxrMetric: FPS=90/90,MTP=21.94ms,AppSW=off,FrmEarly=10,FrmLate=15,FrmCpu=0.78ms,FrmGpu=8.41ms,FrmTime=16.63ms,ATWGPU=1.55ms,VsyncDelay=1,GPU=98%/587Mhz,GPUTemp=74.0C,LayerCnt=3,Pkg=org.meumeu.wivrn.nx.warp,FrmId=2490
09-09 20:11:29.651 22070 10700 I WiVRn   : [2026-09-09 20:11:29.651] [WiVRn] [info] nxwarp[0] net: 167 frames closed in 2.0 s, 0 with a hole, 0 out-of-order datagrams, 0 frames completed late, 0 queued for the worker, 2056 decoded so far, 2182 stragglers dropped; last hole 0/0 chunks, first missing -1, short false, chunk 1166 B
09-09 20:11:29.651 22070 10700 I WiVRn   : [2026-09-09 20:11:29.651] [WiVRn] [info] nxwarp[0] net: 0.027 ms per datagram over 31620 datagrams (420.89 ms of every second)
09-09 20:11:29.651 22070 10700 I WiVRn   : [2026-09-09 20:11:29.651] [WiVRn] [info] nxwarp[0] sel: stride 1, arrival 11.4 ms, dropped-late 81, withheld 0, decoded 2056
09-09 20:11:29.651 22070 10700 I WiVRn   : [2026-09-09 20:11:29.651] [WiVRn] [info] nxwarp[0] rx: 369523 datagrams, placed 3847032 (+320446), late 42242 (+2827), stale_frame 0, bad_range 0, bad_dir 0, bad_caps 0, bad_ver 0, auth_fail 0, replay 0, frozen 0, dup 175
09-09 20:11:30.120 22070 10705 I WiVRn   : [2026-09-09 20:11:30.120] [WiVRn] [info] Tracking pattern (11111µs):
09-09 20:11:30.120 22070 10705 I WiVRn   : [2026-09-09 20:11:30.120] [WiVRn] [info] 	t+3849µs HEAD (7262µs)
09-09 20:11:30.120 22070 10705 I WiVRn   : [2026-09-09 20:11:30.120] [WiVRn] [info] 	t+3927µs LEFT_GRIP (7184µs)
09-09 20:11:30.120 22070 10705 I WiVRn   : [2026-09-09 20:11:30.120] [WiVRn] [info] 	t+4172µs RIGHT_GRIP (6939µs)
09-09 20:11:30.120 22070 10705 I WiVRn   : [2026-09-09 20:11:30.120] [WiVRn] [info] 	t+6849µs HEAD (4262µs)
09-09 20:11:30.120 22070 10705 I WiVRn   : [2026-09-09 20:11:30.120] [WiVRn] [info] 	t+6927µs LEFT_GRIP (4184µs)
09-09 20:11:30.120 22070 10705 I WiVRn   : [2026-09-09 20:11:30.120] [WiVRn] [info] 	t+7172µs RIGHT_GRIP (3939µs)
09-09 20:11:30.244 22070 10651 I PxrMetric: FPS=88/90,MTP=31.96ms,AppSW=off,FrmEarly=12,FrmLate=7,FrmCpu=0.75ms,FrmGpu=9.52ms,FrmTime=12.32ms,ATWGPU=1.57ms,VsyncDelay=2,GPU=95%/587Mhz,GPUTemp=73.3C,LayerCnt=3,Pkg=org.meumeu.wivrn.nx.warp,FrmId=2580
09-09 20:11:30.406 22070 10703 I WiVRn   : [2026-09-09 20:11:30.406] [WiVRn] [info] nxwarp[0]: 166 frames in 2.0 s: 140251 B/frame, wait-prev 0.0 ms, wall 10.2 ms, nxvc passA 2.3 passB 3.2 gpu 5.5 ms; holes 0, refused 0
09-09 20:11:30.406 22070 10703 I WiVRn   : [2026-09-09 20:11:30.406] [WiVRn] [info] nxwarp[0] gpu duty 452 ms/s (45% of one GPU) for decode alone; the display pass is extra
09-09 20:11:30.406 22070 10703 I WiVRn   : [2026-09-09 20:11:30.406] [WiVRn] [info] nxwarp[0] passB 3.2 ms = warp 0.0 + skip 0.0 + coded 0.0 + dir 0.0 + other 3.2; tiles skip 0 / coded 2312 / dir 0 (eye pass 0)
09-09 20:11:30.406 22070 10703 I WiVRn   : [2026-09-09 20:11:30.406] [WiVRn] [info] nxwarp[0]: 81 frames dropped late (queue kept to 1)
09-09 20:11:30.406 22070 10703 I WiVRn   : [2026-09-09 20:11:30.406] [WiVRn] [info] nxwarp[0] stage: gap 1.9 | wait-prev 0.0 | submit 1.0 (qlock 0.0 + codec 1.0) | get_free 0.0 | fence-pre 0.0 | record 0.0 | qsubmit 0.0 | fence-post 9.1 | publish 0.0 ms; withheld 0, stride 1, arrival 11.7 ms
09-09 20:11:30.406 22070 10703 I WiVRn   : [2026-09-09 20:11:30.406] [WiVRn] [info] nxwarp[0] reassembly (network thread): 0.08 ms/frame over 165 frames, buffer 137 kB held for 137 kB of unit (1.0x)
09-09 20:11:30.406 22070 10703 I WiVRn   : [2026-09-09 20:11:30.406] [WiVRn] [info] nxwarp[0] fence-post 9.2 ms = nxvc gpu 5.5 + copy gpu 0.00 + queue 3.7 (over 166 frames with timestamps)
09-09 20:11:30.464 22070 10656 I WiVRn   : [2026-09-09 20:11:30.464] [WiVRn] [info] render: 179 iterations in 2.0 s (89.2/s), 179 submitted a layer, 157 new-source, 0 skipped by the repeat gate, 0 with nothing to show; display period 11.2 ms
09-09 20:11:30.464 22070 10656 I WiVRn   : [2026-09-09 20:11:30.464] [WiVRn] [info] render: ready wait attempts 69 success 47 total 172.937 ms | selected older than available 0
09-09 20:11:30.464 22070 10656 I WiVRn   : [2026-09-09 20:11:30.464] [WiVRn] [info] render: selected source transitions forward 157 backward 0 repeat 22, greatest forward gap 2
09-09 20:11:30.464 22070 10656 I WiVRn   : [2026-09-09 20:11:30.464] [WiVRn] [info] render: this app's own GPU pass 5.4 ms per iteration
09-09 20:11:30.464 22070 10656 I WiVRn   : [2026-09-09 20:11:30.464] [WiVRn] [info] render: defoveate 2160x2160 per eye x2 = 9.33 Mpx/frame at scale 1.00 atlas-prototype 0; 22 re-presented from the cache (reduce_gpu_load on)
09-09 20:11:30.464 22070 10656 I WiVRn   : [2026-09-09 20:11:30.464] [WiVRn] [info] render: shader path sharpness 0.00 fsr false alpha false motion false blend false glow 0.00 vignette 0.00 deband 0.00 lowpoly 0.00 levels 0 full-kernel false
09-09 20:11:30.464 22070 10656 I WiVRn   : [2026-09-09 20:11:30.464] [WiVRn] [info] render: per iteration fence 1.7 (worst 11.7) | queries 0.0 | submit 0.0 | whole render() 3.3 ms
09-09 20:11:30.464 22070 10656 I WiVRn   : [2026-09-09 20:11:30.464] [WiVRn] [info] render: jit on | wake slack 35.6 ms | slept 0.9 ms mean (max 11.7, 179 of 179 iterations) | budget 12.7 = pass 11.7 + margin 1.0 | sleep cap 0.6 ms
09-09 20:11:30.464 22070 10656 I WiVRn   : [2026-09-09 20:11:30.464] [WiVRn] [info] render: source display-time offset 59.3 ms mean (worst 67.3) over 179 frames | submit lead 31.5 ms mean (worst 21.8) | misses: 0 overrun 0 late 1 skipped refresh
09-09 20:11:31.120 22070 10705 I WiVRn   : [2026-09-09 20:11:31.120] [WiVRn] [info] Tracking pattern (11115µs):
09-09 20:11:31.120 22070 10705 I WiVRn   : [2026-09-09 20:11:31.120] [WiVRn] [info] 	t+4394µs HEAD (6721µs)
09-09 20:11:31.120 22070 10705 I WiVRn   : [2026-09-09 20:11:31.120] [WiVRn] [info] 	t+4476µs LEFT_GRIP (6638µs)
09-09 20:11:31.120 22070 10705 I WiVRn   : [2026-09-09 20:11:31.120] [WiVRn] [info] 	t+4488µs RIGHT_GRIP (6627µs)
09-09 20:11:31.120 22070 10705 I WiVRn   : [2026-09-09 20:11:31.120] [WiVRn] [info] 	t+7394µs HEAD (3721µs)
09-09 20:11:31.120 22070 10705 I WiVRn   : [2026-09-09 20:11:31.120] [WiVRn] [info] 	t+7476µs LEFT_GRIP (3638µs)
09-09 20:11:31.120 22070 10705 I WiVRn   : [2026-09-09 20:11:31.120] [WiVRn] [info] 	t+7488µs RIGHT_GRIP (3627µs)
09-09 20:11:31.249 22070 10651 I PxrMetric: FPS=90/90,MTP=33.38ms,AppSW=off,FrmEarly=16,FrmLate=13,FrmCpu=1.92ms,FrmGpu=8.02ms,FrmTime=12.76ms,ATWGPU=1.57ms,VsyncDelay=2,GPU=99%/587Mhz,GPUTemp=75.2C,LayerCnt=3,Pkg=org.meumeu.wivrn.nx.warp,FrmId=2671
09-09 20:11:31.662 22070 10700 I WiVRn   : [2026-09-09 20:11:31.662] [WiVRn] [info] nxwarp[0] net: 166 frames closed in 2.0 s, 0 with a hole, 0 out-of-order datagrams, 0 frames completed late, 0 queued for the worker, 2221 decoded so far, 2357 stragglers dropped; last hole 0/0 chunks, first missing -1, short false, chunk 1166 B
09-09 20:11:31.662 22070 10700 I WiVRn   : [2026-09-09 20:11:31.662] [WiVRn] [info] nxwarp[0] net: 0.027 ms per datagram over 30616 datagrams (407.51 ms of every second)
09-09 20:11:31.662 22070 10700 I WiVRn   : [2026-09-09 20:11:31.662] [WiVRn] [info] nxwarp[0] sel: stride 1, arrival 11.4 ms, dropped-late 81, withheld 0, decoded 2221
09-09 20:11:31.662 22070 10700 I WiVRn   : [2026-09-09 20:11:31.662] [WiVRn] [info] nxwarp[0] rx: 400139 datagrams, placed 4169429 (+322397), late 44335 (+2093), stale_frame 0, bad_range 0, bad_dir 0, bad_caps 0, bad_ver 0, auth_fail 0, replay 0, frozen 0, dup 185
09-09 20:11:32.120 22070 10705 I WiVRn   : [2026-09-09 20:11:32.120] [WiVRn] [info] Tracking pattern (11124µs):
09-09 20:11:32.120 22070 10705 I WiVRn   : [2026-09-09 20:11:32.120] [WiVRn] [info] 	t+4634µs HEAD (6490µs)
09-09 20:11:32.120 22070 10705 I WiVRn   : [2026-09-09 20:11:32.120] [WiVRn] [info] 	t+4672µs LEFT_GRIP (6452µs)
09-09 20:11:32.120 22070 10705 I WiVRn   : [2026-09-09 20:11:32.120] [WiVRn] [info] 	t+4679µs RIGHT_GRIP (6445µs)
09-09 20:11:32.120 22070 10705 I WiVRn   : [2026-09-09 20:11:32.120] [WiVRn] [info] 	t+7634µs HEAD (3490µs)
09-09 20:11:32.120 22070 10705 I WiVRn   : [2026-09-09 20:11:32.120] [WiVRn] [info] 	t+7672µs LEFT_GRIP (3452µs)
09-09 20:11:32.120 22070 10705 I WiVRn   : [2026-09-09 20:11:32.120] [WiVRn] [info] 	t+7679µs RIGHT_GRIP (3445µs)
09-09 20:11:32.251 22070 10651 I PxrMetric: FPS=91/90,MTP=30.94ms,AppSW=off,FrmEarly=14,FrmLate=11,FrmCpu=2.02ms,FrmGpu=6.62ms,FrmTime=10.88ms,ATWGPU=1.55ms,VsyncDelay=1,GPU=98%/587Mhz,GPUTemp=74.0C,LayerCnt=3,Pkg=org.meumeu.wivrn.nx.warp,FrmId=2760
09-09 20:11:32.416 22070 10703 I WiVRn   : [2026-09-09 20:11:32.416] [WiVRn] [info] nxwarp[0]: 167 frames in 2.0 s: 139095 B/frame, wait-prev 0.0 ms, wall 10.0 ms, nxvc passA 2.4 passB 3.1 gpu 5.5 ms; holes 0, refused 0
09-09 20:11:32.416 22070 10703 I WiVRn   : [2026-09-09 20:11:32.416] [WiVRn] [info] nxwarp[0] gpu duty 458 ms/s (46% of one GPU) for decode alone; the display pass is extra
09-09 20:11:32.416 22070 10703 I WiVRn   : [2026-09-09 20:11:32.416] [WiVRn] [info] nxwarp[0] passB 3.1 ms = warp 0.0 + skip 0.0 + coded 0.0 + dir 0.0 + other 3.1; tiles skip 0 / coded 2312 / dir 0 (eye pass 0)
09-09 20:11:32.416 22070 10703 I WiVRn   : [2026-09-09 20:11:32.416] [WiVRn] [info] nxwarp[0]: 81 frames dropped late (queue kept to 1)
09-09 20:11:32.416 22070 10703 I WiVRn   : [2026-09-09 20:11:32.416] [WiVRn] [info] nxwarp[0] stage: gap 2.0 | wait-prev 0.0 | submit 1.0 (qlock 0.0 + codec 1.0) | get_free 0.0 | fence-pre 0.0 | record 0.0 | qsubmit 0.0 | fence-post 8.9 | publish 0.0 ms; withheld 0, stride 1, arrival 12.9 ms
09-09 20:11:32.416 22070 10703 I WiVRn   : [2026-09-09 20:11:32.416] [WiVRn] [info] nxwarp[0] reassembly (network thread): 0.07 ms/frame over 167 frames, buffer 136 kB held for 136 kB of unit (1.0x)
09-09 20:11:32.416 22070 10703 I WiVRn   : [2026-09-09 20:11:32.416] [WiVRn] [info] nxwarp[0] fence-post 9.0 ms = nxvc gpu 5.5 + copy gpu 0.00 + queue 3.4 (over 167 frames with timestamps)
09-09 20:11:32.477 22070 10656 I WiVRn   : [2026-09-09 20:11:32.477] [WiVRn] [info] render: 180 iterations in 2.0 s (89.6/s), 180 submitted a layer, 160 new-source, 0 skipped by the repeat gate, 0 with nothing to show; display period 11.2 ms
09-09 20:11:32.477 22070 10656 I WiVRn   : [2026-09-09 20:11:32.477] [WiVRn] [info] render: ready wait attempts 86 success 66 total 212.191 ms | selected older than available 0
09-09 20:11:32.477 22070 10656 I WiVRn   : [2026-09-09 20:11:32.477] [WiVRn] [info] render: selected source transitions forward 160 backward 0 repeat 20, greatest forward gap 3
09-09 20:11:32.477 22070 10656 I WiVRn   : [2026-09-09 20:11:32.477] [WiVRn] [info] render: this app's own GPU pass 5.4 ms per iteration
09-09 20:11:32.477 22070 10656 I WiVRn   : [2026-09-09 20:11:32.477] [WiVRn] [info] render: defoveate 2160x2160 per eye x2 = 9.33 Mpx/frame at scale 1.00 atlas-prototype 0; 20 re-presented from the cache (reduce_gpu_load on)
09-09 20:11:32.477 22070 10656 I WiVRn   : [2026-09-09 20:11:32.477] [WiVRn] [info] render: shader path sharpness 0.00 fsr false alpha false motion false blend false glow 0.00 vignette 0.00 deband 0.00 lowpoly 0.00 levels 0 full-kernel false
09-09 20:11:32.477 22070 10656 I WiVRn   : [2026-09-09 20:11:32.477] [WiVRn] [info] render: per iteration fence 2.0 (worst 11.5) | queries 0.0 | submit 0.0 | whole render() 3.8 ms
09-09 20:11:32.477 22070 10656 I WiVRn   : [2026-09-09 20:11:32.477] [WiVRn] [info] render: jit on | wake slack 36.1 ms | slept 0.7 ms mean (max 11.7, 180 of 180 iterations) | budget 12.1 = pass 11.1 + margin 1.0 | sleep cap 0.6 ms
09-09 20:11:32.477 22070 10656 I WiVRn   : [2026-09-09 20:11:32.477] [WiVRn] [info] render: source display-time offset 57.4 ms mean (worst 67.6) over 180 frames | submit lead 31.6 ms mean (worst 20.5) | misses: 0 overrun 0 late 1 skipped refresh
09-09 20:11:33.120 22070 10705 I WiVRn   : [2026-09-09 20:11:33.120] [WiVRn] [info] Tracking pattern (11123µs):
09-09 20:11:33.120 22070 10705 I WiVRn   : [2026-09-09 20:11:33.120] [WiVRn] [info] 	t+4550µs HEAD (6573µs)
09-09 20:11:33.120 22070 10705 I WiVRn   : [2026-09-09 20:11:33.120] [WiVRn] [info] 	t+4613µs LEFT_GRIP (6510µs)
09-09 20:11:33.120 22070 10705 I WiVRn   : [2026-09-09 20:11:33.120] [WiVRn] [info] 	t+4619µs RIGHT_GRIP (6504µs)
09-09 20:11:33.120 22070 10705 I WiVRn   : [2026-09-09 20:11:33.120] [WiVRn] [info] 	t+7550µs HEAD (3573µs)
09-09 20:11:33.120 22070 10705 I WiVRn   : [2026-09-09 20:11:33.120] [WiVRn] [info] 	t+7613µs LEFT_GRIP (3510µs)
09-09 20:11:33.120 22070 10705 I WiVRn   : [2026-09-09 20:11:33.120] [WiVRn] [info] 	t+7619µs RIGHT_GRIP (3504µs)
09-09 20:11:33.255 22070 10651 I PxrMetric: FPS=89/90,MTP=26.03ms,AppSW=off,FrmEarly=7,FrmLate=10,FrmCpu=0.95ms,FrmGpu=9.53ms,FrmTime=15.07ms,ATWGPU=1.58ms,VsyncDelay=2,GPU=99%/587Mhz,GPUTemp=74.0C,LayerCnt=3,Pkg=org.meumeu.wivrn.nx.warp,FrmId=2850
09-09 20:11:33.675 22070 10700 I WiVRn   : [2026-09-09 20:11:33.675] [WiVRn] [info] nxwarp[0] net: 166 frames closed in 2.0 s, 0 with a hole, 0 out-of-order datagrams, 0 frames completed late, 0 queued for the worker, 2388 decoded so far, 2555 stragglers dropped; last hole 0/0 chunks, first missing -1, short false, chunk 1166 B
09-09 20:11:33.675 22070 10700 I WiVRn   : [2026-09-09 20:11:33.675] [WiVRn] [info] nxwarp[0] net: 0.028 ms per datagram over 28961 datagrams (405.55 ms of every second)
09-09 20:11:33.675 22070 10700 I WiVRn   : [2026-09-09 20:11:33.675] [WiVRn] [info] nxwarp[0] sel: stride 1, arrival 11.2 ms, dropped-late 81, withheld 0, decoded 2388
09-09 20:11:33.675 22070 10700 I WiVRn   : [2026-09-09 20:11:33.675] [WiVRn] [info] nxwarp[0] rx: 429100 datagrams, placed 4415087 (+245658), late 49012 (+4677), stale_frame 0, bad_range 0, bad_dir 0, bad_caps 0, bad_ver 0, auth_fail 0, replay 0, frozen 0, dup 199
09-09 20:11:34.120 22070 10705 I WiVRn   : [2026-09-09 20:11:34.120] [WiVRn] [info] Tracking pattern (11119µs):
09-09 20:11:34.120 22070 10705 I WiVRn   : [2026-09-09 20:11:34.120] [WiVRn] [info] 	t+4484µs HEAD (6635µs)
09-09 20:11:34.120 22070 10705 I WiVRn   : [2026-09-09 20:11:34.120] [WiVRn] [info] 	t+4524µs LEFT_GRIP (6594µs)
09-09 20:11:34.120 22070 10705 I WiVRn   : [2026-09-09 20:11:34.120] [WiVRn] [info] 	t+4529µs RIGHT_GRIP (6589µs)
09-09 20:11:34.120 22070 10705 I WiVRn   : [2026-09-09 20:11:34.120] [WiVRn] [info] 	t+7484µs HEAD (3635µs)
09-09 20:11:34.120 22070 10705 I WiVRn   : [2026-09-09 20:11:34.120] [WiVRn] [info] 	t+7524µs LEFT_GRIP (3594µs)
09-09 20:11:34.120 22070 10705 I WiVRn   : [2026-09-09 20:11:34.120] [WiVRn] [info] 	t+7529µs RIGHT_GRIP (3589µs)
09-09 20:11:34.256 22070 10651 I PxrMetric: FPS=90/90,MTP=25.29ms,AppSW=off,FrmEarly=8,FrmLate=9,FrmCpu=0.77ms,FrmGpu=10.06ms,FrmTime=17.66ms,ATWGPU=1.57ms,VsyncDelay=2,GPU=94%/587Mhz,GPUTemp=74.4C,LayerCnt=3,Pkg=org.meumeu.wivrn.nx.warp,FrmId=2940
09-09 20:11:34.426 22070 10703 I WiVRn   : [2026-09-09 20:11:34.426] [WiVRn] [info] nxwarp[0]: 166 frames in 2.0 s: 139141 B/frame, wait-prev 0.0 ms, wall 10.2 ms, nxvc passA 2.2 passB 3.1 gpu 5.3 ms; holes 0, refused 0
09-09 20:11:34.426 22070 10703 I WiVRn   : [2026-09-09 20:11:34.426] [WiVRn] [info] nxwarp[0] gpu duty 435 ms/s (43% of one GPU) for decode alone; the display pass is extra
09-09 20:11:34.426 22070 10703 I WiVRn   : [2026-09-09 20:11:34.426] [WiVRn] [info] nxwarp[0] passB 3.1 ms = warp 0.0 + skip 0.0 + coded 0.0 + dir 0.0 + other 3.1; tiles skip 0 / coded 2312 / dir 0 (eye pass 0)
09-09 20:11:34.426 22070 10703 I WiVRn   : [2026-09-09 20:11:34.426] [WiVRn] [info] nxwarp[0]: 81 frames dropped late (queue kept to 1)
09-09 20:11:34.426 22070 10703 I WiVRn   : [2026-09-09 20:11:34.426] [WiVRn] [info] nxwarp[0] stage: gap 1.9 | wait-prev 0.0 | submit 0.9 (qlock 0.0 + codec 0.9) | get_free 0.0 | fence-pre 0.0 | record 0.0 | qsubmit 0.0 | fence-post 9.2 | publish 0.0 ms; withheld 0, stride 1, arrival 12.8 ms
09-09 20:11:34.426 22070 10703 I WiVRn   : [2026-09-09 20:11:34.426] [WiVRn] [info] nxwarp[0] reassembly (network thread): 0.09 ms/frame over 166 frames, buffer 136 kB held for 136 kB of unit (1.0x)
09-09 20:11:34.426 22070 10703 I WiVRn   : [2026-09-09 20:11:34.426] [WiVRn] [info] nxwarp[0] fence-post 9.2 ms = nxvc gpu 5.3 + copy gpu 0.00 + queue 3.9 (over 166 frames with timestamps)
09-09 20:11:34.478 22070 10656 I WiVRn   : [2026-09-09 20:11:34.478] [WiVRn] [info] render: 179 iterations in 2.0 s (89.5/s), 179 submitted a layer, 158 new-source, 0 skipped by the repeat gate, 0 with nothing to show; display period 11.2 ms
09-09 20:11:34.478 22070 10656 I WiVRn   : [2026-09-09 20:11:34.478] [WiVRn] [info] render: ready wait attempts 71 success 50 total 186.959 ms | selected older than available 0
09-09 20:11:34.478 22070 10656 I WiVRn   : [2026-09-09 20:11:34.478] [WiVRn] [info] render: selected source transitions forward 158 backward 0 repeat 21, greatest forward gap 2
09-09 20:11:34.478 22070 10656 I WiVRn   : [2026-09-09 20:11:34.478] [WiVRn] [info] render: this app's own GPU pass 5.5 ms per iteration
09-09 20:11:34.478 22070 10656 I WiVRn   : [2026-09-09 20:11:34.478] [WiVRn] [info] render: defoveate 2160x2160 per eye x2 = 9.33 Mpx/frame at scale 1.00 atlas-prototype 0; 21 re-presented from the cache (reduce_gpu_load on)
09-09 20:11:34.478 22070 10656 I WiVRn   : [2026-09-09 20:11:34.478] [WiVRn] [info] render: shader path sharpness 0.00 fsr false alpha false motion false blend false glow 0.00 vignette 0.00 deband 0.00 lowpoly 0.00 levels 0 full-kernel false
09-09 20:11:34.478 22070 10656 I WiVRn   : [2026-09-09 20:11:34.478] [WiVRn] [info] render: per iteration fence 1.5 (worst 11.3) | queries 0.0 | submit 0.0 | whole render() 3.1 ms
09-09 20:11:34.478 22070 10656 I WiVRn   : [2026-09-09 20:11:34.478] [WiVRn] [info] render: jit on | wake slack 35.1 ms | slept 0.6 ms mean (max 0.6, 179 of 179 iterations) | budget 12.7 = pass 11.7 + margin 1.0 | sleep cap 0.6 ms
09-09 20:11:34.478 22070 10656 I WiVRn   : [2026-09-09 20:11:34.478] [WiVRn] [info] render: source display-time offset 59.7 ms mean (worst 78.7) over 179 frames | submit lead 31.4 ms mean (worst 25.1) | misses: 0 overrun 0 late 0 skipped refresh
09-09 20:11:35.120 22070 10705 I WiVRn   : [2026-09-09 20:11:35.120] [WiVRn] [info] Tracking pattern (11110µs):
09-09 20:11:35.120 22070 10705 I WiVRn   : [2026-09-09 20:11:35.120] [WiVRn] [info] 	t+4062µs HEAD (7047µs)
09-09 20:11:35.120 22070 10705 I WiVRn   : [2026-09-09 20:11:35.120] [WiVRn] [info] 	t+4121µs LEFT_GRIP (6988µs)
09-09 20:11:35.120 22070 10705 I WiVRn   : [2026-09-09 20:11:35.120] [WiVRn] [info] 	t+4523µs RIGHT_GRIP (6586µs)
09-09 20:11:35.120 22070 10705 I WiVRn   : [2026-09-09 20:11:35.120] [WiVRn] [info] 	t+7062µs HEAD (4047µs)
09-09 20:11:35.120 22070 10705 I WiVRn   : [2026-09-09 20:11:35.120] [WiVRn] [info] 	t+7121µs LEFT_GRIP (3988µs)
09-09 20:11:35.120 22070 10705 I WiVRn   : [2026-09-09 20:11:35.120] [WiVRn] [info] 	t+7523µs RIGHT_GRIP (3586µs)
09-09 20:11:35.260 22070 10651 I PxrMetric: FPS=90/90,MTP=33.61ms,AppSW=off,FrmEarly=16,FrmLate=10,FrmCpu=1.87ms,FrmGpu=6.65ms,FrmTime=10.55ms,ATWGPU=1.58ms,VsyncDelay=1,GPU=94%/587Mhz,GPUTemp=76.0C,LayerCnt=3,Pkg=org.meumeu.wivrn.nx.warp,FrmId=3029
09-09 20:11:35.686 22070 10700 I WiVRn   : [2026-09-09 20:11:35.686] [WiVRn] [info] nxwarp[0] net: 166 frames closed in 2.0 s, 0 with a hole, 0 out-of-order datagrams, 0 frames completed late, 0 queued for the worker, 2554 decoded so far, 2721 stragglers dropped; last hole 0/0 chunks, first missing -1, short false, chunk 1166 B
09-09 20:11:35.686 22070 10700 I WiVRn   : [2026-09-09 20:11:35.686] [WiVRn] [info] nxwarp[0] net: 0.027 ms per datagram over 30446 datagrams (402.24 ms of every second)
09-09 20:11:35.686 22070 10700 I WiVRn   : [2026-09-09 20:11:35.686] [WiVRn] [info] nxwarp[0] sel: stride 1, arrival 11.5 ms, dropped-late 81, withheld 0, decoded 2554
09-09 20:11:35.686 22070 10700 I WiVRn   : [2026-09-09 20:11:35.686] [WiVRn] [info] nxwarp[0] rx: 459546 datagrams, placed 4794490 (+379403), late 49266 (+254), stale_frame 0, bad_range 0, bad_dir 0, bad_caps 0, bad_ver 0, auth_fail 0, replay 0, frozen 0, dup 201
09-09 20:11:36.120 22070 10705 I WiVRn   : [2026-09-09 20:11:36.120] [WiVRn] [info] Tracking pattern (11111µs):
09-09 20:11:36.120 22070 10705 I WiVRn   : [2026-09-09 20:11:36.120] [WiVRn] [info] 	t+4114µs HEAD (6996µs)
09-09 20:11:36.120 22070 10705 I WiVRn   : [2026-09-09 20:11:36.120] [WiVRn] [info] 	t+4201µs LEFT_GRIP (6909µs)
09-09 20:11:36.120 22070 10705 I WiVRn   : [2026-09-09 20:11:36.120] [WiVRn] [info] 	t+4209µs RIGHT_GRIP (6901µs)
09-09 20:11:36.120 22070 10705 I WiVRn   : [2026-09-09 20:11:36.120] [WiVRn] [info] 	t+7114µs HEAD (3996µs)
09-09 20:11:36.120 22070 10705 I WiVRn   : [2026-09-09 20:11:36.120] [WiVRn] [info] 	t+7201µs LEFT_GRIP (3909µs)
09-09 20:11:36.120 22070 10705 I WiVRn   : [2026-09-09 20:11:36.120] [WiVRn] [info] 	t+7209µs RIGHT_GRIP (3901µs)
09-09 20:11:36.269 22070 10651 I PxrMetric: FPS=89/90,MTP=37.85ms,AppSW=off,FrmEarly=9,FrmLate=6,FrmCpu=0.62ms,FrmGpu=8.82ms,FrmTime=13.48ms,ATWGPU=1.57ms,VsyncDelay=2,GPU=75%/587Mhz,GPUTemp=74.4C,LayerCnt=3,Pkg=org.meumeu.wivrn.nx.warp,FrmId=3119
09-09 20:11:36.436 22070 10703 I WiVRn   : [2026-09-09 20:11:36.436] [WiVRn] [info] nxwarp[0]: 168 frames in 2.0 s: 128693 B/frame, wait-prev 0.0 ms, wall 10.0 ms, nxvc passA 2.0 passB 3.1 gpu 5.1 ms; holes 0, refused 0
09-09 20:11:36.436 22070 10703 I WiVRn   : [2026-09-09 20:11:36.436] [WiVRn] [info] nxwarp[0] gpu duty 430 ms/s (43% of one GPU) for decode alone; the display pass is extra
09-09 20:11:36.436 22070 10703 I WiVRn   : [2026-09-09 20:11:36.436] [WiVRn] [info] nxwarp[0] passB 3.1 ms = warp 0.0 + skip 0.0 + coded 0.0 + dir 0.0 + other 3.1; tiles skip 0 / coded 2312 / dir 0 (eye pass 0)
09-09 20:11:36.436 22070 10703 I WiVRn   : [2026-09-09 20:11:36.436] [WiVRn] [info] nxwarp[0]: 81 frames dropped late (queue kept to 1)
09-09 20:11:36.436 22070 10703 I WiVRn   : [2026-09-09 20:11:36.436] [WiVRn] [info] nxwarp[0] stage: gap 2.0 | wait-prev 0.0 | submit 1.0 (qlock 0.0 + codec 1.0) | get_free 0.0 | fence-pre 0.0 | record 0.0 | qsubmit 0.0 | fence-post 8.9 | publish 0.0 ms; withheld 0, stride 1, arrival 12.0 ms
09-09 20:11:36.436 22070 10703 I WiVRn   : [2026-09-09 20:11:36.436] [WiVRn] [info] nxwarp[0] reassembly (network thread): 0.09 ms/frame over 168 frames, buffer 126 kB held for 126 kB of unit (1.0x)
09-09 20:11:36.436 22070 10703 I WiVRn   : [2026-09-09 20:11:36.436] [WiVRn] [info] nxwarp[0] fence-post 9.0 ms = nxvc gpu 5.1 + copy gpu 0.00 + queue 3.8 (over 168 frames with timestamps)
09-09 20:11:36.488 22070 10656 I WiVRn   : [2026-09-09 20:11:36.488] [WiVRn] [info] render: 179 iterations in 2.0 s (89.0/s), 179 submitted a layer, 164 new-source, 0 skipped by the repeat gate, 0 with nothing to show; display period 11.2 ms
09-09 20:11:36.488 22070 10656 I WiVRn   : [2026-09-09 20:11:36.488] [WiVRn] [info] render: ready wait attempts 74 success 59 total 180.871 ms | selected older than available 0
09-09 20:11:36.488 22070 10656 I WiVRn   : [2026-09-09 20:11:36.488] [WiVRn] [info] render: selected source transitions forward 164 backward 0 repeat 15, greatest forward gap 2
09-09 20:11:36.488 22070 10656 I WiVRn   : [2026-09-09 20:11:36.488] [WiVRn] [info] render: this app's own GPU pass 5.6 ms per iteration
09-09 20:11:36.488 22070 10656 I WiVRn   : [2026-09-09 20:11:36.488] [WiVRn] [info] render: defoveate 2160x2160 per eye x2 = 9.33 Mpx/frame at scale 1.00 atlas-prototype 0; 15 re-presented from the cache (reduce_gpu_load on)
09-09 20:11:36.488 22070 10656 I WiVRn   : [2026-09-09 20:11:36.488] [WiVRn] [info] render: shader path sharpness 0.00 fsr false alpha false motion false blend false glow 0.00 vignette 0.00 deband 0.00 lowpoly 0.00 levels 0 full-kernel false
09-09 20:11:36.488 22070 10656 I WiVRn   : [2026-09-09 20:11:36.488] [WiVRn] [info] render: per iteration fence 1.8 (worst 11.3) | queries 0.0 | submit 0.0 | whole render() 3.4 ms
09-09 20:11:36.488 22070 10656 I WiVRn   : [2026-09-09 20:11:36.488] [WiVRn] [info] render: jit on | wake slack 36.0 ms | slept 0.8 ms mean (max 11.7, 179 of 179 iterations) | budget 12.6 = pass 11.6 + margin 1.0 | sleep cap 0.6 ms
09-09 20:11:36.488 22070 10656 I WiVRn   : [2026-09-09 20:11:36.488] [WiVRn] [info] render: source display-time offset 58.0 ms mean (worst 78.6) over 179 frames | submit lead 31.7 ms mean (worst 19.6) | misses: 0 overrun 0 late 1 skipped refresh
09-09 20:11:37.120 22070 10705 I WiVRn   : [2026-09-09 20:11:37.120] [WiVRn] [info] Tracking pattern (11109µs):
09-09 20:11:37.120 22070 10705 I WiVRn   : [2026-09-09 20:11:37.120] [WiVRn] [info] 	t+4055µs HEAD (7054µs)
09-09 20:11:37.120 22070 10705 I WiVRn   : [2026-09-09 20:11:37.120] [WiVRn] [info] 	t+4149µs LEFT_GRIP (6960µs)
09-09 20:11:37.120 22070 10705 I WiVRn   : [2026-09-09 20:11:37.120] [WiVRn] [info] 	t+4154µs RIGHT_GRIP (6955µs)
09-09 20:11:37.120 22070 10705 I WiVRn   : [2026-09-09 20:11:37.120] [WiVRn] [info] 	t+7055µs HEAD (4054µs)
09-09 20:11:37.120 22070 10705 I WiVRn   : [2026-09-09 20:11:37.120] [WiVRn] [info] 	t+7149µs LEFT_GRIP (3960µs)
09-09 20:11:37.120 22070 10705 I WiVRn   : [2026-09-09 20:11:37.120] [WiVRn] [info] 	t+7154µs RIGHT_GRIP (3955µs)
09-09 20:11:37.268 22070 10651 I PxrMetric: FPS=90/90,MTP=29.87ms,AppSW=off,FrmEarly=19,FrmLate=11,FrmCpu=1.63ms,FrmGpu=6.37ms,FrmTime=10.18ms,ATWGPU=1.54ms,VsyncDelay=1,GPU=99%/587Mhz,GPUTemp=74.0C,LayerCnt=3,Pkg=org.meumeu.wivrn.nx.warp,FrmId=3207
09-09 20:11:37.695 22070 10700 I WiVRn   : [2026-09-09 20:11:37.695] [WiVRn] [info] nxwarp[0] net: 174 frames closed in 2.0 s, 0 with a hole, 0 out-of-order datagrams, 0 frames completed late, 0 queued for the worker, 2727 decoded so far, 2895 stragglers dropped; last hole 0/0 chunks, first missing -1, short false, chunk 1166 B
09-09 20:11:37.695 22070 10700 I WiVRn   : [2026-09-09 20:11:37.695] [WiVRn] [info] nxwarp[0] net: 0.028 ms per datagram over 29215 datagrams (400.88 ms of every second)
09-09 20:11:37.695 22070 10700 I WiVRn   : [2026-09-09 20:11:37.695] [WiVRn] [info] nxwarp[0] sel: stride 1, arrival 11.5 ms, dropped-late 81, withheld 0, decoded 2727
09-09 20:11:37.695 22070 10700 I WiVRn   : [2026-09-09 20:11:37.695] [WiVRn] [info] nxwarp[0] rx: 488761 datagrams, placed 5196778 (+402288), late 49374 (+108), stale_frame 0, bad_range 0, bad_dir 0, bad_caps 0, bad_ver 0, auth_fail 0, replay 0, frozen 0, dup 201
09-09 20:11:38.120 22070 10705 I WiVRn   : [2026-09-09 20:11:38.120] [WiVRn] [info] Tracking pattern (11112µs):
09-09 20:11:38.120 22070 10705 I WiVRn   : [2026-09-09 20:11:38.120] [WiVRn] [info] 	t+3909µs HEAD (7203µs)
09-09 20:11:38.120 22070 10705 I WiVRn   : [2026-09-09 20:11:38.120] [WiVRn] [info] 	t+3974µs LEFT_GRIP (7138µs)
09-09 20:11:38.120 22070 10705 I WiVRn   : [2026-09-09 20:11:38.120] [WiVRn] [info] 	t+3982µs RIGHT_GRIP (7130µs)
09-09 20:11:38.120 22070 10705 I WiVRn   : [2026-09-09 20:11:38.120] [WiVRn] [info] 	t+6909µs HEAD (4203µs)
09-09 20:11:38.120 22070 10705 I WiVRn   : [2026-09-09 20:11:38.120] [WiVRn] [info] 	t+6974µs LEFT_GRIP (4138µs)
09-09 20:11:38.120 22070 10705 I WiVRn   : [2026-09-09 20:11:38.120] [WiVRn] [info] 	t+6982µs RIGHT_GRIP (4130µs)
09-09 20:11:38.269 22070 10651 I PxrMetric: FPS=88/90,MTP=29.26ms,AppSW=off,FrmEarly=8,FrmLate=9,FrmCpu=1.99ms,FrmGpu=7.06ms,FrmTime=9.98ms,ATWGPU=1.54ms,VsyncDelay=1,GPU=98%/587Mhz,GPUTemp=74.0C,LayerCnt=3,Pkg=org.meumeu.wivrn.nx.warp,FrmId=3295
09-09 20:11:38.443 22070 10703 I WiVRn   : [2026-09-09 20:11:38.443] [WiVRn] [info] nxwarp[0]: 172 frames in 2.0 s: 121371 B/frame, wait-prev 0.0 ms, wall 9.8 ms, nxvc passA 2.1 passB 3.0 gpu 5.2 ms; holes 0, refused 0
09-09 20:11:38.443 22070 10703 I WiVRn   : [2026-09-09 20:11:38.443] [WiVRn] [info] nxwarp[0] gpu duty 442 ms/s (44% of one GPU) for decode alone; the display pass is extra
09-09 20:11:38.443 22070 10703 I WiVRn   : [2026-09-09 20:11:38.443] [WiVRn] [info] nxwarp[0] passB 3.0 ms = warp 0.0 + skip 0.0 + coded 0.0 + dir 0.0 + other 3.0; tiles skip 0 / coded 2312 / dir 0 (eye pass 0)
09-09 20:11:38.443 22070 10703 I WiVRn   : [2026-09-09 20:11:38.443] [WiVRn] [info] nxwarp[0]: 81 frames dropped late (queue kept to 1)
09-09 20:11:38.443 22070 10703 I WiVRn   : [2026-09-09 20:11:38.443] [WiVRn] [info] nxwarp[0] stage: gap 1.8 | wait-prev 0.0 | submit 1.0 (qlock 0.0 + codec 1.0) | get_free 0.0 | fence-pre 0.0 | record 0.0 | qsubmit 0.0 | fence-post 8.8 | publish 0.0 ms; withheld 0, stride 1, arrival 11.1 ms
09-09 20:11:38.443 22070 10703 I WiVRn   : [2026-09-09 20:11:38.443] [WiVRn] [info] nxwarp[0] reassembly (network thread): 0.08 ms/frame over 173 frames, buffer 119 kB held for 119 kB of unit (1.0x)
09-09 20:11:38.443 22070 10703 I WiVRn   : [2026-09-09 20:11:38.443] [WiVRn] [info] nxwarp[0] fence-post 8.8 ms = nxvc gpu 5.2 + copy gpu 0.00 + queue 3.6 (over 172 frames with timestamps)
09-09 20:11:38.490 22070 10656 I WiVRn   : [2026-09-09 20:11:38.490] [WiVRn] [info] render: 176 iterations in 2.0 s (87.8/s), 176 submitted a layer, 166 new-source, 0 skipped by the repeat gate, 0 with nothing to show; display period 11.4 ms
09-09 20:11:38.490 22070 10656 I WiVRn   : [2026-09-09 20:11:38.490] [WiVRn] [info] render: ready wait attempts 49 success 39 total 130.509 ms | selected older than available 0
09-09 20:11:38.490 22070 10656 I WiVRn   : [2026-09-09 20:11:38.490] [WiVRn] [info] render: selected source transitions forward 166 backward 0 repeat 10, greatest forward gap 2
09-09 20:11:38.491 22070 10656 I WiVRn   : [2026-09-09 20:11:38.490] [WiVRn] [info] render: this app's own GPU pass 5.8 ms per iteration
09-09 20:11:38.491 22070 10656 I WiVRn   : [2026-09-09 20:11:38.491] [WiVRn] [info] render: defoveate 2160x2160 per eye x2 = 9.33 Mpx/frame at scale 1.00 atlas-prototype 0; 10 re-presented from the cache (reduce_gpu_load on)
09-09 20:11:38.491 22070 10656 I WiVRn   : [2026-09-09 20:11:38.491] [WiVRn] [info] render: shader path sharpness 0.00 fsr false alpha false motion false blend false glow 0.00 vignette 0.00 deband 0.00 lowpoly 0.00 levels 0 full-kernel false
09-09 20:11:38.491 22070 10656 I WiVRn   : [2026-09-09 20:11:38.491] [WiVRn] [info] render: per iteration fence 2.8 (worst 11.3) | queries 0.0 | submit 0.0 | whole render() 4.2 ms
09-09 20:11:38.491 22070 10656 I WiVRn   : [2026-09-09 20:11:38.491] [WiVRn] [info] render: jit on | wake slack 37.1 ms | slept 0.8 ms mean (max 11.7, 176 of 176 iterations) | budget 12.7 = pass 11.7 + margin 1.0 | sleep cap 0.6 ms
09-09 20:11:38.491 22070 10656 I WiVRn   : [2026-09-09 20:11:38.491] [WiVRn] [info] render: source display-time offset 57.7 ms mean (worst 78.6) over 176 frames | submit lead 32.0 ms mean (worst 19.8) | misses: 0 overrun 0 late 1 skipped refresh
09-09 20:11:39.120 22070 10705 I WiVRn   : [2026-09-09 20:11:39.120] [WiVRn] [info] Tracking pattern (11110µs):
09-09 20:11:39.120 22070 10705 I WiVRn   : [2026-09-09 20:11:39.120] [WiVRn] [info] 	t+3800µs HEAD (7310µs)
09-09 20:11:39.120 22070 10705 I WiVRn   : [2026-09-09 20:11:39.120] [WiVRn] [info] 	t+3871µs LEFT_GRIP (7239µs)
09-09 20:11:39.120 22070 10705 I WiVRn   : [2026-09-09 20:11:39.120] [WiVRn] [info] 	t+3884µs RIGHT_GRIP (7226µs)
09-09 20:11:39.120 22070 10705 I WiVRn   : [2026-09-09 20:11:39.120] [WiVRn] [info] 	t+6800µs HEAD (4310µs)
09-09 20:11:39.120 22070 10705 I WiVRn   : [2026-09-09 20:11:39.120] [WiVRn] [info] 	t+6871µs LEFT_GRIP (4239µs)
09-09 20:11:39.120 22070 10705 I WiVRn   : [2026-09-09 20:11:39.120] [WiVRn] [info] 	t+6884µs RIGHT_GRIP (4226µs)
09-09 20:11:39.272 22070 10651 I PxrMetric: FPS=88/90,MTP=32.54ms,AppSW=off,FrmEarly=15,FrmLate=11,FrmCpu=1.36ms,FrmGpu=8.14ms,FrmTime=11.61ms,ATWGPU=1.54ms,VsyncDelay=2,GPU=99%/587Mhz,GPUTemp=76.4C,LayerCnt=3,Pkg=org.meumeu.wivrn.nx.warp,FrmId=3384
09-09 20:11:39.695 22070 10700 I WiVRn   : [2026-09-09 20:11:39.695] [WiVRn] [info] nxwarp[0] net: 165 frames closed in 2.0 s, 0 with a hole, 0 out-of-order datagrams, 0 frames completed late, 0 queued for the worker, 2893 decoded so far, 3060 stragglers dropped; last hole 0/0 chunks, first missing -1, short false, chunk 1166 B
09-09 20:11:39.695 22070 10700 I WiVRn   : [2026-09-09 20:11:39.695] [WiVRn] [info] nxwarp[0] net: 0.028 ms per datagram over 28425 datagrams (393.08 ms of every second)
09-09 20:11:39.695 22070 10700 I WiVRn   : [2026-09-09 20:11:39.695] [WiVRn] [info] nxwarp[0] sel: stride 1, arrival 13.5 ms, dropped-late 81, withheld 0, decoded 2893
09-09 20:11:39.695 22070 10700 I WiVRn   : [2026-09-09 20:11:39.695] [WiVRn] [info] nxwarp[0] rx: 517186 datagrams, placed 5578258 (+381480), late 49482 (+108), stale_frame 0, bad_range 0, bad_dir 0, bad_caps 0, bad_ver 0, auth_fail 0, replay 0, frozen 0, dup 201
09-09 20:11:40.120 22070 10705 I WiVRn   : [2026-09-09 20:11:40.120] [WiVRn] [info] Tracking pattern (11112µs):
09-09 20:11:40.120 22070 10705 I WiVRn   : [2026-09-09 20:11:40.120] [WiVRn] [info] 	t+3504µs HEAD (7607µs)
09-09 20:11:40.120 22070 10705 I WiVRn   : [2026-09-09 20:11:40.120] [WiVRn] [info] 	t+3553µs LEFT_GRIP (7558µs)
09-09 20:11:40.120 22070 10705 I WiVRn   : [2026-09-09 20:11:40.120] [WiVRn] [info] 	t+3559µs RIGHT_GRIP (7553µs)
09-09 20:11:40.120 22070 10705 I WiVRn   : [2026-09-09 20:11:40.120] [WiVRn] [info] 	t+6504µs HEAD (4607µs)
09-09 20:11:40.120 22070 10705 I WiVRn   : [2026-09-09 20:11:40.120] [WiVRn] [info] 	t+6553µs LEFT_GRIP (4558µs)
09-09 20:11:40.120 22070 10705 I WiVRn   : [2026-09-09 20:11:40.120] [WiVRn] [info] 	t+6559µs RIGHT_GRIP (4553µs)
09-09 20:11:40.281 22070 10651 I PxrMetric: FPS=89/90,MTP=29.13ms,AppSW=off,FrmEarly=9,FrmLate=11,FrmCpu=0.89ms,FrmGpu=10.09ms,FrmTime=13.94ms,ATWGPU=1.54ms,VsyncDelay=2,GPU=99%/587Mhz,GPUTemp=74.0C,LayerCnt=3,Pkg=org.meumeu.wivrn.nx.warp,FrmId=3474
09-09 20:11:40.452 22070 10703 I WiVRn   : [2026-09-09 20:11:40.452] [WiVRn] [info] nxwarp[0]: 165 frames in 2.0 s: 130915 B/frame, wait-prev 0.0 ms, wall 10.2 ms, nxvc passA 2.4 passB 3.1 gpu 5.5 ms; holes 0, refused 0
09-09 20:11:40.452 22070 10703 I WiVRn   : [2026-09-09 20:11:40.452] [WiVRn] [info] nxwarp[0] gpu duty 455 ms/s (45% of one GPU) for decode alone; the display pass is extra
09-09 20:11:40.452 22070 10703 I WiVRn   : [2026-09-09 20:11:40.452] [WiVRn] [info] nxwarp[0] passB 3.1 ms = warp 0.0 + skip 0.0 + coded 0.0 + dir 0.0 + other 3.1; tiles skip 0 / coded 2312 / dir 0 (eye pass 0)
09-09 20:11:40.452 22070 10703 I WiVRn   : [2026-09-09 20:11:40.452] [WiVRn] [info] nxwarp[0]: 81 frames dropped late (queue kept to 1)
09-09 20:11:40.452 22070 10703 I WiVRn   : [2026-09-09 20:11:40.452] [WiVRn] [info] nxwarp[0] stage: gap 1.9 | wait-prev 0.0 | submit 1.0 (qlock 0.0 + codec 1.0) | get_free 0.0 | fence-pre 0.0 | record 0.0 | qsubmit 0.0 | fence-post 9.2 | publish 0.0 ms; withheld 0, stride 1, arrival 11.3 ms
09-09 20:11:40.452 22070 10703 I WiVRn   : [2026-09-09 20:11:40.452] [WiVRn] [info] nxwarp[0] reassembly (network thread): 0.08 ms/frame over 165 frames, buffer 128 kB held for 128 kB of unit (1.0x)
09-09 20:11:40.452 22070 10703 I WiVRn   : [2026-09-09 20:11:40.452] [WiVRn] [info] nxwarp[0] fence-post 9.2 ms = nxvc gpu 5.5 + copy gpu 0.00 + queue 3.7 (over 165 frames with timestamps)
09-09 20:11:40.499 22070 10656 I WiVRn   : [2026-09-09 20:11:40.499] [WiVRn] [info] render: 179 iterations in 2.0 s (89.2/s), 179 submitted a layer, 162 new-source, 0 skipped by the repeat gate, 0 with nothing to show; display period 11.2 ms
09-09 20:11:40.499 22070 10656 I WiVRn   : [2026-09-09 20:11:40.499] [WiVRn] [info] render: ready wait attempts 55 success 38 total 140.859 ms | selected older than available 0
09-09 20:11:40.499 22070 10656 I WiVRn   : [2026-09-09 20:11:40.499] [WiVRn] [info] render: selected source transitions forward 162 backward 0 repeat 17, greatest forward gap 2
09-09 20:11:40.499 22070 10656 I WiVRn   : [2026-09-09 20:11:40.499] [WiVRn] [info] render: this app's own GPU pass 5.6 ms per iteration
09-09 20:11:40.499 22070 10656 I WiVRn   : [2026-09-09 20:11:40.499] [WiVRn] [info] render: defoveate 2160x2160 per eye x2 = 9.33 Mpx/frame at scale 1.00 atlas-prototype 0; 17 re-presented from the cache (reduce_gpu_load on)
09-09 20:11:40.499 22070 10656 I WiVRn   : [2026-09-09 20:11:40.499] [WiVRn] [info] render: shader path sharpness 0.00 fsr false alpha false motion false blend false glow 0.00 vignette 0.00 deband 0.00 lowpoly 0.00 levels 0 full-kernel false
09-09 20:11:40.499 22070 10656 I WiVRn   : [2026-09-09 20:11:40.499] [WiVRn] [info] render: per iteration fence 1.9 (worst 11.5) | queries 0.0 | submit 0.0 | whole render() 3.3 ms
09-09 20:11:40.499 22070 10656 I WiVRn   : [2026-09-09 20:11:40.499] [WiVRn] [info] render: jit on | wake slack 36.0 ms | slept 0.6 ms mean (max 0.6, 179 of 179 iterations) | budget 12.6 = pass 11.6 + margin 1.0 | sleep cap 0.6 ms
09-09 20:11:40.499 22070 10656 I WiVRn   : [2026-09-09 20:11:40.499] [WiVRn] [info] render: source display-time offset 59.8 ms mean (worst 78.2) over 179 frames | submit lead 32.2 ms mean (worst 24.5) | misses: 0 overrun 0 late 0 skipped refresh
09-09 20:11:41.120 22070 10705 I WiVRn   : [2026-09-09 20:11:41.120] [WiVRn] [info] Tracking pattern (11112µs):
09-09 20:11:41.120 22070 10705 I WiVRn   : [2026-09-09 20:11:41.120] [WiVRn] [info] 	t+3491µs HEAD (7620µs)
09-09 20:11:41.120 22070 10705 I WiVRn   : [2026-09-09 20:11:41.120] [WiVRn] [info] 	t+3530µs LEFT_GRIP (7581µs)
09-09 20:11:41.120 22070 10705 I WiVRn   : [2026-09-09 20:11:41.120] [WiVRn] [info] 	t+3536µs RIGHT_GRIP (7575µs)
09-09 20:11:41.120 22070 10705 I WiVRn   : [2026-09-09 20:11:41.120] [WiVRn] [info] 	t+6491µs HEAD (4620µs)
09-09 20:11:41.120 22070 10705 I WiVRn   : [2026-09-09 20:11:41.120] [WiVRn] [info] 	t+6530µs LEFT_GRIP (4581µs)
09-09 20:11:41.120 22070 10705 I WiVRn   : [2026-09-09 20:11:41.120] [WiVRn] [info] 	t+6536µs RIGHT_GRIP (4575µs)
09-09 20:11:41.283 22070 10651 I PxrMetric: FPS=89/90,MTP=27.77ms,AppSW=off,FrmEarly=19,FrmLate=18,FrmCpu=0.95ms,FrmGpu=9.40ms,FrmTime=15.91ms,ATWGPU=1.54ms,VsyncDelay=2,GPU=99%/587Mhz,GPUTemp=74.4C,LayerCnt=3,Pkg=org.meumeu.wivrn.nx.warp,FrmId=3563
09-09 20:11:41.706 22070 10700 I WiVRn   : [2026-09-09 20:11:41.706] [WiVRn] [info] nxwarp[0] net: 166 frames closed in 2.0 s, 0 with a hole, 0 out-of-order datagrams, 0 frames completed late, 0 queued for the worker, 3059 decoded so far, 3226 stragglers dropped; last hole 0/0 chunks, first missing -1, short false, chunk 1166 B
09-09 20:11:41.706 22070 10700 I WiVRn   : [2026-09-09 20:11:41.706] [WiVRn] [info] nxwarp[0] net: 0.026 ms per datagram over 30939 datagrams (406.68 ms of every second)
09-09 20:11:41.706 22070 10700 I WiVRn   : [2026-09-09 20:11:41.706] [WiVRn] [info] nxwarp[0] sel: stride 1, arrival 12.0 ms, dropped-late 81, withheld 0, decoded 3059
09-09 20:11:41.706 22070 10700 I WiVRn   : [2026-09-09 20:11:41.706] [WiVRn] [info] nxwarp[0] rx: 548125 datagrams, placed 5959855 (+381597), late 50257 (+775), stale_frame 0, bad_range 0, bad_dir 0, bad_caps 0, bad_ver 0, auth_fail 0, replay 0, frozen 0, dup 201
09-09 20:11:42.120 22070 10705 I WiVRn   : [2026-09-09 20:11:42.120] [WiVRn] [info] Tracking pattern (11111µs):
09-09 20:11:42.120 22070 10705 I WiVRn   : [2026-09-09 20:11:42.120] [WiVRn] [info] 	t+3536µs HEAD (7574µs)
09-09 20:11:42.120 22070 10705 I WiVRn   : [2026-09-09 20:11:42.120] [WiVRn] [info] 	t+3577µs LEFT_GRIP (7534µs)
09-09 20:11:42.120 22070 10705 I WiVRn   : [2026-09-09 20:11:42.120] [WiVRn] [info] 	t+3689µs RIGHT_GRIP (7422µs)
09-09 20:11:42.120 22070 10705 I WiVRn   : [2026-09-09 20:11:42.120] [WiVRn] [info] 	t+6536µs HEAD (4574µs)
09-09 20:11:42.120 22070 10705 I WiVRn   : [2026-09-09 20:11:42.120] [WiVRn] [info] 	t+6577µs LEFT_GRIP (4534µs)
09-09 20:11:42.120 22070 10705 I WiVRn   : [2026-09-09 20:11:42.120] [WiVRn] [info] 	t+6689µs RIGHT_GRIP (4422µs)
09-09 20:11:42.294 22070 10651 I PxrMetric: FPS=89/90,MTP=32.38ms,AppSW=off,FrmEarly=8,FrmLate=1,FrmCpu=1.29ms,FrmGpu=7.98ms,FrmTime=10.84ms,ATWGPU=1.60ms,VsyncDelay=1,GPU=99%/587Mhz,GPUTemp=74.0C,LayerCnt=3,Pkg=org.meumeu.wivrn.nx.warp,FrmId=3654
09-09 20:11:42.459 22070 10703 I WiVRn   : [2026-09-09 20:11:42.459] [WiVRn] [info] nxwarp[0]: 165 frames in 2.0 s: 132789 B/frame, wait-prev 0.0 ms, wall 10.1 ms, nxvc passA 2.3 passB 3.2 gpu 5.5 ms; holes 0, refused 0
09-09 20:11:42.459 22070 10703 I WiVRn   : [2026-09-09 20:11:42.459] [WiVRn] [info] nxwarp[0] gpu duty 452 ms/s (45% of one GPU) for decode alone; the display pass is extra
09-09 20:11:42.459 22070 10703 I WiVRn   : [2026-09-09 20:11:42.459] [WiVRn] [info] nxwarp[0] passB 3.2 ms = warp 0.0 + skip 0.0 + coded 0.0 + dir 0.0 + other 3.2; tiles skip 0 / coded 2312 / dir 0 (eye pass 0)
09-09 20:11:42.459 22070 10703 I WiVRn   : [2026-09-09 20:11:42.459] [WiVRn] [info] nxwarp[0]: 81 frames dropped late (queue kept to 1)
09-09 20:11:42.459 22070 10703 I WiVRn   : [2026-09-09 20:11:42.459] [WiVRn] [info] nxwarp[0] stage: gap 2.1 | wait-prev 0.0 | submit 1.0 (qlock 0.0 + codec 1.0) | get_free 0.0 | fence-pre 0.0 | record 0.0 | qsubmit 0.0 | fence-post 9.0 | publish 0.0 ms; withheld 0, stride 1, arrival 11.8 ms
09-09 20:11:42.459 22070 10703 I WiVRn   : [2026-09-09 20:11:42.459] [WiVRn] [info] nxwarp[0] reassembly (network thread): 0.09 ms/frame over 164 frames, buffer 130 kB held for 130 kB of unit (1.0x)
09-09 20:11:42.459 22070 10703 I WiVRn   : [2026-09-09 20:11:42.459] [WiVRn] [info] nxwarp[0] fence-post 9.1 ms = nxvc gpu 5.5 + copy gpu 0.00 + queue 3.5 (over 165 frames with timestamps)
09-09 20:11:42.511 22070 10656 I WiVRn   : [2026-09-09 20:11:42.511] [WiVRn] [info] render: 180 iterations in 2.0 s (89.5/s), 180 submitted a layer, 161 new-source, 0 skipped by the repeat gate, 0 with nothing to show; display period 11.2 ms
09-09 20:11:42.511 22070 10656 I WiVRn   : [2026-09-09 20:11:42.511] [WiVRn] [info] render: ready wait attempts 73 success 54 total 161.495 ms | selected older than available 0
09-09 20:11:42.511 22070 10656 I WiVRn   : [2026-09-09 20:11:42.511] [WiVRn] [info] render: selected source transitions forward 161 backward 0 repeat 19, greatest forward gap 2
09-09 20:11:42.511 22070 10656 I WiVRn   : [2026-09-09 20:11:42.511] [WiVRn] [info] render: this app's own GPU pass 5.4 ms per iteration
09-09 20:11:42.511 22070 10656 I WiVRn   : [2026-09-09 20:11:42.511] [WiVRn] [info] render: defoveate 2160x2160 per eye x2 = 9.33 Mpx/frame at scale 1.00 atlas-prototype 0; 19 re-presented from the cache (reduce_gpu_load on)
09-09 20:11:42.511 22070 10656 I WiVRn   : [2026-09-09 20:11:42.511] [WiVRn] [info] render: shader path sharpness 0.00 fsr false alpha false motion false blend false glow 0.00 vignette 0.00 deband 0.00 lowpoly 0.00 levels 0 full-kernel false
09-09 20:11:42.511 22070 10656 I WiVRn   : [2026-09-09 20:11:42.511] [WiVRn] [info] render: per iteration fence 1.8 (worst 11.4) | queries 0.0 | submit 0.0 | whole render() 3.3 ms
09-09 20:11:42.511 22070 10656 I WiVRn   : [2026-09-09 20:11:42.511] [WiVRn] [info] render: jit on | wake slack 35.7 ms | slept 0.9 ms mean (max 11.7, 180 of 180 iterations) | budget 11.5 = pass 10.5 + margin 1.0 | sleep cap 0.6 ms
09-09 20:11:42.511 22070 10656 I WiVRn   : [2026-09-09 20:11:42.511] [WiVRn] [info] render: source display-time offset 57.0 ms mean (worst 67.1) over 180 frames | submit lead 31.6 ms mean (worst 22.2) | misses: 0 overrun 0 late 1 skipped refresh
09-09 20:11:43.120 22070 10705 I WiVRn   : [2026-09-09 20:11:43.120] [WiVRn] [info] Tracking pattern (11107µs):
09-09 20:11:43.120 22070 10705 I WiVRn   : [2026-09-09 20:11:43.120] [WiVRn] [info] 	t+3439µs HEAD (7668µs)
09-09 20:11:43.120 22070 10705 I WiVRn   : [2026-09-09 20:11:43.120] [WiVRn] [info] 	t+3569µs LEFT_GRIP (7538µs)
09-09 20:11:43.120 22070 10705 I WiVRn   : [2026-09-09 20:11:43.120] [WiVRn] [info] 	t+3586µs RIGHT_GRIP (7521µs)
09-09 20:11:43.120 22070 10705 I WiVRn   : [2026-09-09 20:11:43.120] [WiVRn] [info] 	t+6439µs HEAD (4668µs)
09-09 20:11:43.120 22070 10705 I WiVRn   : [2026-09-09 20:11:43.120] [WiVRn] [info] 	t+6569µs LEFT_GRIP (4538µs)
09-09 20:11:43.120 22070 10705 I WiVRn   : [2026-09-09 20:11:43.120] [WiVRn] [info] 	t+6586µs RIGHT_GRIP (4521µs)
09-09 20:11:43.308 22070 10651 I PxrMetric: FPS=90/90,MTP=33.07ms,AppSW=off,FrmEarly=10,FrmLate=13,FrmCpu=1.67ms,FrmGpu=7.04ms,FrmTime=10.09ms,ATWGPU=1.55ms,VsyncDelay=1,GPU=99%/587Mhz,GPUTemp=85.3C,LayerCnt=3,Pkg=org.meumeu.wivrn.nx.warp,FrmId=3743
09-09 20:11:43.708 22070 10700 I WiVRn   : [2026-09-09 20:11:43.708] [WiVRn] [info] nxwarp[0] net: 169 frames closed in 2.0 s, 0 with a hole, 0 out-of-order datagrams, 0 frames completed late, 0 queued for the worker, 3228 decoded so far, 3395 stragglers dropped; last hole 0/0 chunks, first missing -1, short false, chunk 1166 B
09-09 20:11:43.708 22070 10700 I WiVRn   : [2026-09-09 20:11:43.708] [WiVRn] [info] nxwarp[0] net: 0.028 ms per datagram over 28830 datagrams (396.76 ms of every second)
09-09 20:11:43.708 22070 10700 I WiVRn   : [2026-09-09 20:11:43.708] [WiVRn] [info] nxwarp[0] sel: stride 1, arrival 11.7 ms, dropped-late 81, withheld 0, decoded 3228
09-09 20:11:43.708 22070 10700 I WiVRn   : [2026-09-09 20:11:43.708] [WiVRn] [info] nxwarp[0] rx: 576955 datagrams, placed 6350583 (+390728), late 51879 (+1622), stale_frame 0, bad_range 0, bad_dir 0, bad_caps 0, bad_ver 0, auth_fail 0, replay 0, frozen 0, dup 201
09-09 20:11:44.120 22070 10705 I WiVRn   : [2026-09-09 20:11:44.120] [WiVRn] [info] Tracking pattern (11113µs):
09-09 20:11:44.120 22070 10705 I WiVRn   : [2026-09-09 20:11:44.120] [WiVRn] [info] 	t+3131µs HEAD (7982µs)
09-09 20:11:44.120 22070 10705 I WiVRn   : [2026-09-09 20:11:44.120] [WiVRn] [info] 	t+3687µs LEFT_GRIP (7426µs)
09-09 20:11:44.120 22070 10705 I WiVRn   : [2026-09-09 20:11:44.120] [WiVRn] [info] 	t+3739µs RIGHT_GRIP (7374µs)
09-09 20:11:44.120 22070 10705 I WiVRn   : [2026-09-09 20:11:44.120] [WiVRn] [info] 	t+6131µs HEAD (4982µs)
09-09 20:11:44.120 22070 10705 I WiVRn   : [2026-09-09 20:11:44.120] [WiVRn] [info] 	t+6687µs LEFT_GRIP (4426µs)
09-09 20:11:44.120 22070 10705 I WiVRn   : [2026-09-09 20:11:44.120] [WiVRn] [info] 	t+6739µs RIGHT_GRIP (4374µs)
09-09 20:11:44.319 22070 10651 I PxrMetric: FPS=88/90,MTP=29.59ms,AppSW=off,FrmEarly=6,FrmLate=2,FrmCpu=1.71ms,FrmGpu=7.19ms,FrmTime=9.88ms,ATWGPU=1.57ms,VsyncDelay=1,GPU=99%/587Mhz,GPUTemp=74.4C,LayerCnt=3,Pkg=org.meumeu.wivrn.nx.warp,FrmId=3833
09-09 20:11:44.461 22070 10703 I WiVRn   : [2026-09-09 20:11:44.461] [WiVRn] [info] nxwarp[0]: 172 frames in 2.0 s: 121587 B/frame, wait-prev 0.0 ms, wall 9.6 ms, nxvc passA 2.1 passB 3.1 gpu 5.1 ms; holes 0, refused 0
09-09 20:11:44.461 22070 10703 I WiVRn   : [2026-09-09 20:11:44.461] [WiVRn] [info] nxwarp[0] gpu duty 442 ms/s (44% of one GPU) for decode alone; the display pass is extra
09-09 20:11:44.461 22070 10703 I WiVRn   : [2026-09-09 20:11:44.461] [WiVRn] [info] nxwarp[0] passB 3.1 ms = warp 0.0 + skip 0.0 + coded 0.0 + dir 0.0 + other 3.1; tiles skip 0 / coded 2312 / dir 0 (eye pass 0)
09-09 20:11:44.461 22070 10703 I WiVRn   : [2026-09-09 20:11:44.461] [WiVRn] [info] nxwarp[0]: 81 frames dropped late (queue kept to 1)
09-09 20:11:44.461 22070 10703 I WiVRn   : [2026-09-09 20:11:44.461] [WiVRn] [info] nxwarp[0] stage: gap 2.0 | wait-prev 0.0 | submit 1.0 (qlock 0.0 + codec 1.0) | get_free 0.0 | fence-pre 0.0 | record 0.0 | qsubmit 0.0 | fence-post 8.5 | publish 0.1 ms; withheld 0, stride 1, arrival 11.1 ms
09-09 20:11:44.461 22070 10703 I WiVRn   : [2026-09-09 20:11:44.461] [WiVRn] [info] nxwarp[0] reassembly (network thread): 0.09 ms/frame over 172 frames, buffer 119 kB held for 119 kB of unit (1.0x)
09-09 20:11:44.461 22070 10703 I WiVRn   : [2026-09-09 20:11:44.461] [WiVRn] [info] nxwarp[0] fence-post 8.6 ms = nxvc gpu 5.1 + copy gpu 0.00 + queue 3.4 (over 172 frames with timestamps)
09-09 20:11:44.520 22070 10656 I WiVRn   : [2026-09-09 20:11:44.520] [WiVRn] [info] render: 178 iterations in 2.0 s (88.5/s), 178 submitted a layer, 161 new-source, 0 skipped by the repeat gate, 0 with nothing to show; display period 11.3 ms
09-09 20:11:44.520 22070 10656 I WiVRn   : [2026-09-09 20:11:44.520] [WiVRn] [info] render: ready wait attempts 66 success 49 total 144.251 ms | selected older than available 0
09-09 20:11:44.520 22070 10656 I WiVRn   : [2026-09-09 20:11:44.520] [WiVRn] [info] render: selected source transitions forward 161 backward 0 repeat 17, greatest forward gap 2
09-09 20:11:44.520 22070 10656 I WiVRn   : [2026-09-09 20:11:44.520] [WiVRn] [info] render: this app's own GPU pass 5.5 ms per iteration
09-09 20:11:44.520 22070 10656 I WiVRn   : [2026-09-09 20:11:44.520] [WiVRn] [info] render: defoveate 2160x2160 per eye x2 = 9.33 Mpx/frame at scale 1.00 atlas-prototype 0; 17 re-presented from the cache (reduce_gpu_load on)
09-09 20:11:44.520 22070 10656 I WiVRn   : [2026-09-09 20:11:44.520] [WiVRn] [info] render: shader path sharpness 0.00 fsr false alpha false motion false blend false glow 0.00 vignette 0.00 deband 0.00 lowpoly 0.00 levels 0 full-kernel false
09-09 20:11:44.520 22070 10656 I WiVRn   : [2026-09-09 20:11:44.520] [WiVRn] [info] render: per iteration fence 1.7 (worst 11.4) | queries 0.0 | submit 0.0 | whole render() 3.2 ms
09-09 20:11:44.520 22070 10656 I WiVRn   : [2026-09-09 20:11:44.520] [WiVRn] [info] render: jit on | wake slack 35.8 ms | slept 0.7 ms mean (max 11.7, 178 of 178 iterations) | budget 11.7 = pass 10.7 + margin 1.0 | sleep cap 0.6 ms
09-09 20:11:44.520 22070 10656 I WiVRn   : [2026-09-09 20:11:44.520] [WiVRn] [info] render: source display-time offset 57.5 ms mean (worst 78.2) over 178 frames | submit lead 31.9 ms mean (worst 20.1) | misses: 0 overrun 0 late 1 skipped refresh
09-09 20:11:45.120 22070 10705 I WiVRn   : [2026-09-09 20:11:45.120] [WiVRn] [info] Tracking pattern (11110µs):
09-09 20:11:45.120 22070 10705 I WiVRn   : [2026-09-09 20:11:45.120] [WiVRn] [info] 	t+2850µs HEAD (8259µs)
09-09 20:11:45.120 22070 10705 I WiVRn   : [2026-09-09 20:11:45.120] [WiVRn] [info] 	t+2920µs LEFT_GRIP (8189µs)
09-09 20:11:45.120 22070 10705 I WiVRn   : [2026-09-09 20:11:45.120] [WiVRn] [info] 	t+2973µs RIGHT_GRIP (8136µs)
09-09 20:11:45.120 22070 10705 I WiVRn   : [2026-09-09 20:11:45.120] [WiVRn] [info] 	t+5850µs HEAD (5259µs)
09-09 20:11:45.120 22070 10705 I WiVRn   : [2026-09-09 20:11:45.120] [WiVRn] [info] 	t+5920µs LEFT_GRIP (5189µs)
09-09 20:11:45.120 22070 10705 I WiVRn   : [2026-09-09 20:11:45.120] [WiVRn] [info] 	t+5973µs RIGHT_GRIP (5136µs)
09-09 20:11:45.328 22070 10651 I PxrMetric: FPS=89/90,MTP=36.60ms,AppSW=off,FrmEarly=1,FrmLate=9,FrmCpu=0.56ms,FrmGpu=10.71ms,FrmTime=18.37ms,ATWGPU=1.59ms,VsyncDelay=2,GPU=95%/587Mhz,GPUTemp=73.6C,LayerCnt=3,Pkg=org.meumeu.wivrn.nx.warp,FrmId=3923
09-09 20:11:45.717 22070 10700 I WiVRn   : [2026-09-09 20:11:45.717] [WiVRn] [info] nxwarp[0] net: 170 frames closed in 2.0 s, 0 with a hole, 0 out-of-order datagrams, 0 frames completed late, 0 queued for the worker, 3397 decoded so far, 3565 stragglers dropped; last hole 0/0 chunks, first missing -1, short false, chunk 1166 B
09-09 20:11:45.717 22070 10700 I WiVRn   : [2026-09-09 20:11:45.717] [WiVRn] [info] nxwarp[0] net: 0.029 ms per datagram over 27696 datagrams (396.56 ms of every second)
09-09 20:11:45.717 22070 10700 I WiVRn   : [2026-09-09 20:11:45.717] [WiVRn] [info] nxwarp[0] sel: stride 1, arrival 11.2 ms, dropped-late 81, withheld 0, decoded 3397
09-09 20:11:45.717 22070 10700 I WiVRn   : [2026-09-09 20:11:45.717] [WiVRn] [info] nxwarp[0] rx: 604651 datagrams, placed 6737014 (+386431), late 53426 (+1547), stale_frame 0, bad_range 0, bad_dir 0, bad_caps 0, bad_ver 0, auth_fail 0, replay 0, frozen 0, dup 203
09-09 20:11:46.120 22070 10705 I WiVRn   : [2026-09-09 20:11:46.120] [WiVRn] [info] Tracking pattern (11113µs):
09-09 20:11:46.120 22070 10705 I WiVRn   : [2026-09-09 20:11:46.120] [WiVRn] [info] 	t+3649µs HEAD (7463µs)
09-09 20:11:46.120 22070 10705 I WiVRn   : [2026-09-09 20:11:46.120] [WiVRn] [info] 	t+3970µs LEFT_GRIP (7143µs)
09-09 20:11:46.120 22070 10705 I WiVRn   : [2026-09-09 20:11:46.120] [WiVRn] [info] 	t+3976µs RIGHT_GRIP (7136µs)
09-09 20:11:46.120 22070 10705 I WiVRn   : [2026-09-09 20:11:46.120] [WiVRn] [info] 	t+6649µs HEAD (4463µs)
09-09 20:11:46.120 22070 10705 I WiVRn   : [2026-09-09 20:11:46.120] [WiVRn] [info] 	t+6970µs LEFT_GRIP (4143µs)
09-09 20:11:46.120 22070 10705 I WiVRn   : [2026-09-09 20:11:46.120] [WiVRn] [info] 	t+6976µs RIGHT_GRIP (4136µs)
09-09 20:11:46.328 22070 10651 I PxrMetric: FPS=89/90,MTP=36.52ms,AppSW=off,FrmEarly=13,FrmLate=16,FrmCpu=0.60ms,FrmGpu=10.64ms,FrmTime=17.85ms,ATWGPU=1.55ms,VsyncDelay=2,GPU=99%/587Mhz,GPUTemp=74.0C,LayerCnt=3,Pkg=org.meumeu.wivrn.nx.warp,FrmId=4011
09-09 20:11:46.472 22070 10703 I WiVRn   : [2026-09-09 20:11:46.472] [WiVRn] [info] nxwarp[0]: 170 frames in 2.0 s: 123436 B/frame, wait-prev 0.0 ms, wall 9.6 ms, nxvc passA 2.0 passB 3.0 gpu 5.1 ms; holes 0, refused 0
09-09 20:11:46.472 22070 10703 I WiVRn   : [2026-09-09 20:11:46.472] [WiVRn] [info] nxwarp[0] gpu duty 429 ms/s (43% of one GPU) for decode alone; the display pass is extra
09-09 20:11:46.472 22070 10703 I WiVRn   : [2026-09-09 20:11:46.472] [WiVRn] [info] nxwarp[0] passB 3.0 ms = warp 0.0 + skip 0.0 + coded 0.0 + dir 0.0 + other 3.0; tiles skip 0 / coded 2312 / dir 0 (eye pass 0)
09-09 20:11:46.472 22070 10703 I WiVRn   : [2026-09-09 20:11:46.472] [WiVRn] [info] nxwarp[0]: 81 frames dropped late (queue kept to 1)
09-09 20:11:46.472 22070 10703 I WiVRn   : [2026-09-09 20:11:46.472] [WiVRn] [info] nxwarp[0] stage: gap 2.2 | wait-prev 0.0 | submit 1.0 (qlock 0.0 + codec 1.0) | get_free 0.0 | fence-pre 0.0 | record 0.0 | qsubmit 0.0 | fence-post 8.6 | publish 0.0 ms; withheld 0, stride 1, arrival 11.8 ms
09-09 20:11:46.472 22070 10703 I WiVRn   : [2026-09-09 20:11:46.472] [WiVRn] [info] nxwarp[0] reassembly (network thread): 0.08 ms/frame over 170 frames, buffer 121 kB held for 121 kB of unit (1.0x)
09-09 20:11:46.472 22070 10703 I WiVRn   : [2026-09-09 20:11:46.472] [WiVRn] [info] nxwarp[0] fence-post 8.6 ms = nxvc gpu 5.1 + copy gpu 0.00 + queue 3.5 (over 170 frames with timestamps)
09-09 20:11:46.520 22070 10656 I WiVRn   : [2026-09-09 20:11:46.520] [WiVRn] [info] render: 177 iterations in 2.0 s (88.5/s), 177 submitted a layer, 166 new-source, 0 skipped by the repeat gate, 0 with nothing to show; display period 11.3 ms
09-09 20:11:46.520 22070 10656 I WiVRn   : [2026-09-09 20:11:46.520] [WiVRn] [info] render: ready wait attempts 51 success 40 total 122.196 ms | selected older than available 0
09-09 20:11:46.520 22070 10656 I WiVRn   : [2026-09-09 20:11:46.520] [WiVRn] [info] render: selected source transitions forward 166 backward 0 repeat 11, greatest forward gap 2
09-09 20:11:46.520 22070 10656 I WiVRn   : [2026-09-09 20:11:46.520] [WiVRn] [info] render: this app's own GPU pass 5.9 ms per iteration
09-09 20:11:46.520 22070 10656 I WiVRn   : [2026-09-09 20:11:46.520] [WiVRn] [info] render: defoveate 2160x2160 per eye x2 = 9.33 Mpx/frame at scale 1.00 atlas-prototype 0; 11 re-presented from the cache (reduce_gpu_load on)
09-09 20:11:46.520 22070 10656 I WiVRn   : [2026-09-09 20:11:46.520] [WiVRn] [info] render: shader path sharpness 0.00 fsr false alpha false motion false blend false glow 0.00 vignette 0.00 deband 0.00 lowpoly 0.00 levels 0 full-kernel false
09-09 20:11:46.520 22070 10656 I WiVRn   : [2026-09-09 20:11:46.520] [WiVRn] [info] render: per iteration fence 2.3 (worst 11.3) | queries 0.0 | submit 0.0 | whole render() 3.6 ms
09-09 20:11:46.520 22070 10656 I WiVRn   : [2026-09-09 20:11:46.520] [WiVRn] [info] render: jit on | wake slack 36.0 ms | slept 0.6 ms mean (max 0.6, 177 of 177 iterations) | budget 12.7 = pass 11.7 + margin 1.0 | sleep cap 0.6 ms
09-09 20:11:46.520 22070 10656 I WiVRn   : [2026-09-09 20:11:46.520] [WiVRn] [info] render: source display-time offset 58.4 ms mean (worst 78.5) over 177 frames | submit lead 31.9 ms mean (worst 25.2) | misses: 0 overrun 0 late 0 skipped refresh
09-09 20:11:47.120 22070 10705 I WiVRn   : [2026-09-09 20:11:47.120] [WiVRn] [info] Tracking pattern (11113µs):
09-09 20:11:47.120 22070 10705 I WiVRn   : [2026-09-09 20:11:47.120] [WiVRn] [info] 	t+3198µs HEAD (7915µs)
09-09 20:11:47.120 22070 10705 I WiVRn   : [2026-09-09 20:11:47.120] [WiVRn] [info] 	t+3485µs LEFT_GRIP (7627µs)
09-09 20:11:47.120 22070 10705 I WiVRn   : [2026-09-09 20:11:47.120] [WiVRn] [info] 	t+3606µs RIGHT_GRIP (7506µs)
09-09 20:11:47.120 22070 10705 I WiVRn   : [2026-09-09 20:11:47.120] [WiVRn] [info] 	t+6198µs HEAD (4915µs)
09-09 20:11:47.120 22070 10705 I WiVRn   : [2026-09-09 20:11:47.120] [WiVRn] [info] 	t+6485µs LEFT_GRIP (4627µs)
09-09 20:11:47.120 22070 10705 I WiVRn   : [2026-09-09 20:11:47.120] [WiVRn] [info] 	t+6606µs RIGHT_GRIP (4506µs)
09-09 20:11:47.338 22070 10651 I PxrMetric: FPS=88/90,MTP=33.38ms,AppSW=off,FrmEarly=13,FrmLate=8,FrmCpu=1.49ms,FrmGpu=6.72ms,FrmTime=10.03ms,ATWGPU=1.61ms,VsyncDelay=1,GPU=95%/587Mhz,GPUTemp=77.1C,LayerCnt=3,Pkg=org.meumeu.wivrn.nx.warp,FrmId=4101
09-09 20:11:47.732 22070 10700 I WiVRn   : [2026-09-09 20:11:47.732] [WiVRn] [info] nxwarp[0] net: 167 frames closed in 2.0 s, 0 with a hole, 0 out-of-order datagrams, 0 frames completed late, 0 queued for the worker, 3565 decoded so far, 3732 stragglers dropped; last hole 0/0 chunks, first missing -1, short false, chunk 1166 B
09-09 20:11:47.732 22070 10700 I WiVRn   : [2026-09-09 20:11:47.732] [WiVRn] [info] nxwarp[0] net: 0.028 ms per datagram over 28430 datagrams (392.63 ms of every second)
09-09 20:11:47.732 22070 10700 I WiVRn   : [2026-09-09 20:11:47.732] [WiVRn] [info] nxwarp[0] sel: stride 1, arrival 13.7 ms, dropped-late 81, withheld 0, decoded 3565
09-09 20:11:47.732 22070 10700 I WiVRn   : [2026-09-09 20:11:47.732] [WiVRn] [info] nxwarp[0] rx: 633081 datagrams, placed 7087942 (+350928), late 54957 (+1531), stale_frame 0, bad_range 0, bad_dir 0, bad_caps 0, bad_ver 0, auth_fail 0, replay 0, frozen 0, dup 205
09-09 20:11:48.120 22070 10705 I WiVRn   : [2026-09-09 20:11:48.120] [WiVRn] [info] Tracking pattern (11112µs):
09-09 20:11:48.120 22070 10705 I WiVRn   : [2026-09-09 20:11:48.120] [WiVRn] [info] 	t+1855µs HEAD (9256µs)
09-09 20:11:48.120 22070 10705 I WiVRn   : [2026-09-09 20:11:48.120] [WiVRn] [info] 	t+2070µs LEFT_GRIP (9042µs)
09-09 20:11:48.120 22070 10705 I WiVRn   : [2026-09-09 20:11:48.120] [WiVRn] [info] 	t+2105µs RIGHT_GRIP (9006µs)
09-09 20:11:48.120 22070 10705 I WiVRn   : [2026-09-09 20:11:48.120] [WiVRn] [info] 	t+4855µs HEAD (6256µs)
09-09 20:11:48.120 22070 10705 I WiVRn   : [2026-09-09 20:11:48.120] [WiVRn] [info] 	t+5070µs LEFT_GRIP (6042µs)
09-09 20:11:48.120 22070 10705 I WiVRn   : [2026-09-09 20:11:48.120] [WiVRn] [info] 	t+5105µs RIGHT_GRIP (6006µs)
09-09 20:11:48.342 22070 10651 I PxrMetric: FPS=89/90,MTP=31.31ms,AppSW=off,FrmEarly=2,FrmLate=8,FrmCpu=1.88ms,FrmGpu=6.16ms,FrmTime=8.68ms,ATWGPU=1.54ms,VsyncDelay=1,GPU=99%/587Mhz,GPUTemp=74.8C,LayerCnt=3,Pkg=org.meumeu.wivrn.nx.warp,FrmId=4190
09-09 20:11:48.477 22070 10703 I WiVRn   : [2026-09-09 20:11:48.477] [WiVRn] [info] nxwarp[0]: 162 frames in 2.0 s: 131516 B/frame, wait-prev 0.0 ms, wall 10.0 ms, nxvc passA 2.2 passB 3.0 gpu 5.3 ms; holes 0, refused 0
09-09 20:11:48.477 22070 10703 I WiVRn   : [2026-09-09 20:11:48.477] [WiVRn] [info] nxwarp[0] gpu duty 425 ms/s (43% of one GPU) for decode alone; the display pass is extra
09-09 20:11:48.477 22070 10703 I WiVRn   : [2026-09-09 20:11:48.477] [WiVRn] [info] nxwarp[0] passB 3.0 ms = warp 0.0 + skip 0.0 + coded 0.0 + dir 0.0 + other 3.0; tiles skip 0 / coded 2312 / dir 0 (eye pass 0)
09-09 20:11:48.477 22070 10703 I WiVRn   : [2026-09-09 20:11:48.477] [WiVRn] [info] nxwarp[0]: 81 frames dropped late (queue kept to 1)
09-09 20:11:48.477 22070 10703 I WiVRn   : [2026-09-09 20:11:48.477] [WiVRn] [info] nxwarp[0] stage: gap 2.4 | wait-prev 0.0 | submit 1.0 (qlock 0.0 + codec 1.0) | get_free 0.0 | fence-pre 0.0 | record 0.0 | qsubmit 0.0 | fence-post 8.9 | publish 0.0 ms; withheld 0, stride 1, arrival 11.2 ms
09-09 20:11:48.477 22070 10703 I WiVRn   : [2026-09-09 20:11:48.477] [WiVRn] [info] nxwarp[0] reassembly (network thread): 0.08 ms/frame over 163 frames, buffer 128 kB held for 128 kB of unit (1.0x)
09-09 20:11:48.477 22070 10703 I WiVRn   : [2026-09-09 20:11:48.477] [WiVRn] [info] nxwarp[0] fence-post 8.9 ms = nxvc gpu 5.3 + copy gpu 0.00 + queue 3.6 (over 162 frames with timestamps)
09-09 20:11:48.530 22070 10656 I WiVRn   : [2026-09-09 20:11:48.530] [WiVRn] [info] render: 178 iterations in 2.0 s (88.8/s), 178 submitted a layer, 152 new-source, 0 skipped by the repeat gate, 0 with nothing to show; display period 11.3 ms
09-09 20:11:48.530 22070 10656 I WiVRn   : [2026-09-09 20:11:48.530] [WiVRn] [info] render: ready wait attempts 79 success 53 total 186.390 ms | selected older than available 0
09-09 20:11:48.530 22070 10656 I WiVRn   : [2026-09-09 20:11:48.530] [WiVRn] [info] render: selected source transitions forward 152 backward 0 repeat 26, greatest forward gap 2
09-09 20:11:48.530 22070 10656 I WiVRn   : [2026-09-09 20:11:48.530] [WiVRn] [info] render: this app's own GPU pass 5.4 ms per iteration
09-09 20:11:48.530 22070 10656 I WiVRn   : [2026-09-09 20:11:48.530] [WiVRn] [info] render: defoveate 2160x2160 per eye x2 = 9.33 Mpx/frame at scale 1.00 atlas-prototype 0; 26 re-presented from the cache (reduce_gpu_load on)
09-09 20:11:48.530 22070 10656 I WiVRn   : [2026-09-09 20:11:48.530] [WiVRn] [info] render: shader path sharpness 0.00 fsr false alpha false motion false blend false glow 0.00 vignette 0.00 deband 0.00 lowpoly 0.00 levels 0 full-kernel false
09-09 20:11:48.530 22070 10656 I WiVRn   : [2026-09-09 20:11:48.530] [WiVRn] [info] render: per iteration fence 1.4 (worst 11.2) | queries 0.0 | submit 0.0 | whole render() 3.0 ms
09-09 20:11:48.530 22070 10656 I WiVRn   : [2026-09-09 20:11:48.530] [WiVRn] [info] render: jit on | wake slack 34.9 ms | slept 0.8 ms mean (max 11.7, 178 of 178 iterations) | budget 12.0 = pass 11.0 + margin 1.0 | sleep cap 0.6 ms
09-09 20:11:48.530 22070 10656 I WiVRn   : [2026-09-09 20:11:48.530] [WiVRn] [info] render: source display-time offset 59.6 ms mean (worst 78.7) over 178 frames | submit lead 31.1 ms mean (worst 20.0) | misses: 0 overrun 0 late 1 skipped refresh
09-09 20:11:49.120 22070 10705 I WiVRn   : [2026-09-09 20:11:49.120] [WiVRn] [info] Tracking pattern (11112µs):
09-09 20:11:49.120 22070 10705 I WiVRn   : [2026-09-09 20:11:49.120] [WiVRn] [info] 	t+2583µs HEAD (8528µs)
09-09 20:11:49.120 22070 10705 I WiVRn   : [2026-09-09 20:11:49.120] [WiVRn] [info] 	t+2928µs LEFT_GRIP (8184µs)
09-09 20:11:49.120 22070 10705 I WiVRn   : [2026-09-09 20:11:49.120] [WiVRn] [info] 	t+2935µs RIGHT_GRIP (8176µs)
09-09 20:11:49.120 22070 10705 I WiVRn   : [2026-09-09 20:11:49.120] [WiVRn] [info] 	t+5583µs HEAD (5528µs)
09-09 20:11:49.120 22070 10705 I WiVRn   : [2026-09-09 20:11:49.120] [WiVRn] [info] 	t+5928µs LEFT_GRIP (5184µs)
09-09 20:11:49.120 22070 10705 I WiVRn   : [2026-09-09 20:11:49.120] [WiVRn] [info] 	t+5935µs RIGHT_GRIP (5176µs)
09-09 20:11:49.351 22070 10651 I PxrMetric: FPS=89/90,MTP=33.01ms,AppSW=off,FrmEarly=16,FrmLate=18,FrmCpu=1.02ms,FrmGpu=7.42ms,FrmTime=10.07ms,ATWGPU=1.54ms,VsyncDelay=1,GPU=97%/587Mhz,GPUTemp=75.2C,LayerCnt=3,Pkg=org.meumeu.wivrn.nx.warp,FrmId=4280
09-09 20:11:49.740 22070 10700 I WiVRn   : [2026-09-09 20:11:49.740] [WiVRn] [info] nxwarp[0] net: 162 frames closed in 2.0 s, 0 with a hole, 0 out-of-order datagrams, 0 frames completed late, 0 queued for the worker, 3726 decoded so far, 3894 stragglers dropped; last hole 0/0 chunks, first missing -1, short false, chunk 1166 B
09-09 20:11:49.740 22070 10700 I WiVRn   : [2026-09-09 20:11:49.740] [WiVRn] [info] nxwarp[0] net: 0.029 ms per datagram over 28614 datagrams (406.54 ms of every second)
09-09 20:11:49.740 22070 10700 I WiVRn   : [2026-09-09 20:11:49.740] [WiVRn] [info] nxwarp[0] sel: stride 1, arrival 11.5 ms, dropped-late 81, withheld 0, decoded 3726
09-09 20:11:49.740 22070 10700 I WiVRn   : [2026-09-09 20:11:49.740] [WiVRn] [info] nxwarp[0] rx: 661695 datagrams, placed 7331072 (+243130), late 61692 (+6735), stale_frame 0, bad_range 0, bad_dir 0, bad_caps 0, bad_ver 0, auth_fail 0, replay 0, frozen 0, dup 220
09-09 20:11:50.120 22070 10705 I WiVRn   : [2026-09-09 20:11:50.120] [WiVRn] [info] Tracking pattern (11109µs):
09-09 20:11:50.120 22070 10705 I WiVRn   : [2026-09-09 20:11:50.120] [WiVRn] [info] 	t+2237µs HEAD (8872µs)
09-09 20:11:50.120 22070 10705 I WiVRn   : [2026-09-09 20:11:50.120] [WiVRn] [info] 	t+2313µs LEFT_GRIP (8796µs)
09-09 20:11:50.120 22070 10705 I WiVRn   : [2026-09-09 20:11:50.120] [WiVRn] [info] 	t+2428µs RIGHT_GRIP (8681µs)
09-09 20:11:50.120 22070 10705 I WiVRn   : [2026-09-09 20:11:50.120] [WiVRn] [info] 	t+5237µs HEAD (5872µs)
09-09 20:11:50.120 22070 10705 I WiVRn   : [2026-09-09 20:11:50.120] [WiVRn] [info] 	t+5313µs LEFT_GRIP (5796µs)
09-09 20:11:50.120 22070 10705 I WiVRn   : [2026-09-09 20:11:50.120] [WiVRn] [info] 	t+5428µs RIGHT_GRIP (5681µs)
09-09 20:11:50.358 22070 10651 I PxrMetric: FPS=89/90,MTP=35.20ms,AppSW=off,FrmEarly=7,FrmLate=22,FrmCpu=0.85ms,FrmGpu=9.76ms,FrmTime=16.95ms,ATWGPU=1.54ms,VsyncDelay=2,GPU=98%/587Mhz,GPUTemp=73.3C,LayerCnt=3,Pkg=org.meumeu.wivrn.nx.warp,FrmId=4368
09-09 20:11:50.487 22070 10703 I WiVRn   : [2026-09-09 20:11:50.487] [WiVRn] [info] nxwarp[0]: 163 frames in 2.0 s: 142707 B/frame, wait-prev 0.0 ms, wall 10.2 ms, nxvc passA 2.4 passB 3.0 gpu 5.4 ms; holes 0, refused 0
09-09 20:11:50.487 22070 10703 I WiVRn   : [2026-09-09 20:11:50.487] [WiVRn] [info] nxwarp[0] gpu duty 440 ms/s (44% of one GPU) for decode alone; the display pass is extra
09-09 20:11:50.487 22070 10703 I WiVRn   : [2026-09-09 20:11:50.487] [WiVRn] [info] nxwarp[0] passB 3.0 ms = warp 0.0 + skip 0.0 + coded 0.0 + dir 0.0 + other 3.0; tiles skip 0 / coded 2312 / dir 0 (eye pass 0)
09-09 20:11:50.487 22070 10703 I WiVRn   : [2026-09-09 20:11:50.487] [WiVRn] [info] nxwarp[0]: 81 frames dropped late (queue kept to 1)
09-09 20:11:50.487 22070 10703 I WiVRn   : [2026-09-09 20:11:50.487] [WiVRn] [info] nxwarp[0] stage: gap 2.1 | wait-prev 0.0 | submit 1.0 (qlock 0.0 + codec 1.0) | get_free 0.0 | fence-pre 0.0 | record 0.0 | qsubmit 0.0 | fence-post 9.2 | publish 0.0 ms; withheld 0, stride 1, arrival 11.5 ms
09-09 20:11:50.487 22070 10703 I WiVRn   : [2026-09-09 20:11:50.487] [WiVRn] [info] nxwarp[0] reassembly (network thread): 0.07 ms/frame over 162 frames, buffer 139 kB held for 139 kB of unit (1.0x)
09-09 20:11:50.487 22070 10703 I WiVRn   : [2026-09-09 20:11:50.487] [WiVRn] [info] nxwarp[0] fence-post 9.2 ms = nxvc gpu 5.4 + copy gpu 0.00 + queue 3.7 (over 163 frames with timestamps)
09-09 20:11:50.534 22070 10656 I WiVRn   : [2026-09-09 20:11:50.534] [WiVRn] [info] render: 177 iterations in 2.0 s (88.2/s), 177 submitted a layer, 157 new-source, 0 skipped by the repeat gate, 0 with nothing to show; display period 11.3 ms
09-09 20:11:50.534 22070 10656 I WiVRn   : [2026-09-09 20:11:50.534] [WiVRn] [info] render: ready wait attempts 61 success 41 total 161.271 ms | selected older than available 0
09-09 20:11:50.534 22070 10656 I WiVRn   : [2026-09-09 20:11:50.534] [WiVRn] [info] render: selected source transitions forward 157 backward 0 repeat 20, greatest forward gap 3
09-09 20:11:50.534 22070 10656 I WiVRn   : [2026-09-09 20:11:50.534] [WiVRn] [info] render: this app's own GPU pass 5.6 ms per iteration
09-09 20:11:50.534 22070 10656 I WiVRn   : [2026-09-09 20:11:50.534] [WiVRn] [info] render: defoveate 2160x2160 per eye x2 = 9.33 Mpx/frame at scale 1.00 atlas-prototype 0; 20 re-presented from the cache (reduce_gpu_load on)
09-09 20:11:50.534 22070 10656 I WiVRn   : [2026-09-09 20:11:50.534] [WiVRn] [info] render: shader path sharpness 0.00 fsr false alpha false motion false blend false glow 0.00 vignette 0.00 deband 0.00 lowpoly 0.00 levels 0 full-kernel false
09-09 20:11:50.534 22070 10656 I WiVRn   : [2026-09-09 20:11:50.534] [WiVRn] [info] render: per iteration fence 2.1 (worst 11.6) | queries 0.0 | submit 0.0 | whole render() 3.7 ms
09-09 20:11:50.534 22070 10656 I WiVRn   : [2026-09-09 20:11:50.534] [WiVRn] [info] render: jit on | wake slack 36.3 ms | slept 0.8 ms mean (max 11.7, 177 of 177 iterations) | budget 12.6 = pass 11.6 + margin 1.0 | sleep cap 0.6 ms
09-09 20:11:50.534 22070 10656 I WiVRn   : [2026-09-09 20:11:50.534] [WiVRn] [info] render: source display-time offset 61.5 ms mean (worst 79.2) over 177 frames | submit lead 31.9 ms mean (worst 17.1) | misses: 0 overrun 0 late 1 skipped refresh
09-09 20:11:51.121 22070 10705 I WiVRn   : [2026-09-09 20:11:51.121] [WiVRn] [info] Tracking pattern (11112µs):
09-09 20:11:51.121 22070 10705 I WiVRn   : [2026-09-09 20:11:51.121] [WiVRn] [info] 	t+2663µs HEAD (8449µs)
09-09 20:11:51.121 22070 10705 I WiVRn   : [2026-09-09 20:11:51.121] [WiVRn] [info] 	t+2895µs LEFT_GRIP (8216µs)
09-09 20:11:51.121 22070 10705 I WiVRn   : [2026-09-09 20:11:51.121] [WiVRn] [info] 	t+2942µs RIGHT_GRIP (8170µs)
09-09 20:11:51.121 22070 10705 I WiVRn   : [2026-09-09 20:11:51.121] [WiVRn] [info] 	t+5663µs HEAD (5449µs)
09-09 20:11:51.121 22070 10705 I WiVRn   : [2026-09-09 20:11:51.121] [WiVRn] [info] 	t+5895µs LEFT_GRIP (5216µs)
09-09 20:11:51.121 22070 10705 I WiVRn   : [2026-09-09 20:11:51.121] [WiVRn] [info] 	t+5942µs RIGHT_GRIP (5170µs)
09-09 20:11:51.354 22070 10651 I PxrMetric: FPS=88/90,MTP=32.20ms,AppSW=off,FrmEarly=9,FrmLate=16,FrmCpu=0.58ms,FrmGpu=10.89ms,FrmTime=18.41ms,ATWGPU=1.55ms,VsyncDelay=2,GPU=99%/587Mhz,GPUTemp=72.9C,LayerCnt=3,Pkg=org.meumeu.wivrn.nx.warp,FrmId=4455
09-09 20:11:51.750 22070 10700 I WiVRn   : [2026-09-09 20:11:51.750] [WiVRn] [info] nxwarp[0] net: 163 frames closed in 2.0 s, 0 with a hole, 0 out-of-order datagrams, 0 frames completed late, 0 queued for the worker, 3890 decoded so far, 4074 stragglers dropped; last hole 0/0 chunks, first missing -1, short false, chunk 1166 B
09-09 20:11:51.750 22070 10700 I WiVRn   : [2026-09-09 20:11:51.750] [WiVRn] [info] nxwarp[0] net: 0.032 ms per datagram over 25035 datagrams (395.03 ms of every second)
09-09 20:11:51.750 22070 10700 I WiVRn   : [2026-09-09 20:11:51.750] [WiVRn] [info] nxwarp[0] sel: stride 1, arrival 11.2 ms, dropped-late 81, withheld 0, decoded 3890
09-09 20:11:51.750 22070 10700 I WiVRn   : [2026-09-09 20:11:51.750] [WiVRn] [info] nxwarp[0] rx: 686730 datagrams, placed 7414442 (+83370), late 71911 (+10219), stale_frame 0, bad_range 0, bad_dir 0, bad_caps 0, bad_ver 0, auth_fail 0, replay 0, frozen 0, dup 250
09-09 20:11:52.120 22070 10705 I WiVRn   : [2026-09-09 20:11:52.120] [WiVRn] [info] Tracking pattern (11119µs):
09-09 20:11:52.120 22070 10705 I WiVRn   : [2026-09-09 20:11:52.120] [WiVRn] [info] 	t+3681µs HEAD (7438µs)
09-09 20:11:52.120 22070 10705 I WiVRn   : [2026-09-09 20:11:52.120] [WiVRn] [info] 	t+3724µs LEFT_GRIP (7395µs)
09-09 20:11:52.120 22070 10705 I WiVRn   : [2026-09-09 20:11:52.120] [WiVRn] [info] 	t+3733µs RIGHT_GRIP (7386µs)
09-09 20:11:52.120 22070 10705 I WiVRn   : [2026-09-09 20:11:52.120] [WiVRn] [info] 	t+6681µs HEAD (4438µs)
09-09 20:11:52.120 22070 10705 I WiVRn   : [2026-09-09 20:11:52.120] [WiVRn] [info] 	t+6724µs LEFT_GRIP (4395µs)
09-09 20:11:52.120 22070 10705 I WiVRn   : [2026-09-09 20:11:52.120] [WiVRn] [info] 	t+6733µs RIGHT_GRIP (4386µs)
09-09 20:11:52.359 22070 10651 I PxrMetric: FPS=87/90,MTP=33.62ms,AppSW=off,FrmEarly=20,FrmLate=9,FrmCpu=0.80ms,FrmGpu=7.43ms,FrmTime=10.71ms,ATWGPU=1.54ms,VsyncDelay=1,GPU=99%/587Mhz,GPUTemp=74.8C,LayerCnt=3,Pkg=org.meumeu.wivrn.nx.warp,FrmId=4545
09-09 20:11:52.490 22070 10703 I WiVRn   : [2026-09-09 20:11:52.490] [WiVRn] [info] nxwarp[0]: 165 frames in 2.0 s: 135449 B/frame, wait-prev 0.0 ms, wall 9.8 ms, nxvc passA 2.3 passB 3.1 gpu 5.4 ms; holes 0, refused 0
09-09 20:11:52.490 22070 10703 I WiVRn   : [2026-09-09 20:11:52.490] [WiVRn] [info] nxwarp[0] gpu duty 441 ms/s (44% of one GPU) for decode alone; the display pass is extra
09-09 20:11:52.490 22070 10703 I WiVRn   : [2026-09-09 20:11:52.490] [WiVRn] [info] nxwarp[0] passB 3.1 ms = warp 0.0 + skip 0.0 + coded 0.0 + dir 0.0 + other 3.1; tiles skip 0 / coded 2312 / dir 0 (eye pass 0)
09-09 20:11:52.490 22070 10703 I WiVRn   : [2026-09-09 20:11:52.490] [WiVRn] [info] nxwarp[0]: 81 frames dropped late (queue kept to 1)
09-09 20:11:52.490 22070 10703 I WiVRn   : [2026-09-09 20:11:52.490] [WiVRn] [info] nxwarp[0] stage: gap 2.3 | wait-prev 0.0 | submit 1.0 (qlock 0.0 + codec 1.0) | get_free 0.0 | fence-pre 0.0 | record 0.0 | qsubmit 0.0 | fence-post 8.8 | publish 0.0 ms; withheld 0, stride 1, arrival 11.5 ms
09-09 20:11:52.490 22070 10703 I WiVRn   : [2026-09-09 20:11:52.490] [WiVRn] [info] nxwarp[0] reassembly (network thread): 0.07 ms/frame over 165 frames, buffer 132 kB held for 132 kB of unit (1.0x)
09-09 20:11:52.490 22070 10703 I WiVRn   : [2026-09-09 20:11:52.490] [WiVRn] [info] nxwarp[0] fence-post 8.8 ms = nxvc gpu 5.4 + copy gpu 0.00 + queue 3.4 (over 165 frames with timestamps)
09-09 20:11:52.532 22070 10656 I WiVRn   : [2026-09-09 20:11:52.532] [WiVRn] [info] render: 177 iterations in 2.0 s (88.5/s), 177 submitted a layer, 161 new-source, 0 skipped by the repeat gate, 0 with nothing to show; display period 11.3 ms
09-09 20:11:52.532 22070 10656 I WiVRn   : [2026-09-09 20:11:52.532] [WiVRn] [info] render: ready wait attempts 51 success 35 total 111.897 ms | selected older than available 0
09-09 20:11:52.532 22070 10656 I WiVRn   : [2026-09-09 20:11:52.532] [WiVRn] [info] render: selected source transitions forward 161 backward 0 repeat 16, greatest forward gap 2
09-09 20:11:52.532 22070 10656 I WiVRn   : [2026-09-09 20:11:52.532] [WiVRn] [info] render: this app's own GPU pass 5.6 ms per iteration
09-09 20:11:52.532 22070 10656 I WiVRn   : [2026-09-09 20:11:52.532] [WiVRn] [info] render: defoveate 2160x2160 per eye x2 = 9.33 Mpx/frame at scale 1.00 atlas-prototype 0; 16 re-presented from the cache (reduce_gpu_load on)
09-09 20:11:52.532 22070 10656 I WiVRn   : [2026-09-09 20:11:52.532] [WiVRn] [info] render: shader path sharpness 0.00 fsr false alpha false motion false blend false glow 0.00 vignette 0.00 deband 0.00 lowpoly 0.00 levels 0 full-kernel false
09-09 20:11:52.532 22070 10656 I WiVRn   : [2026-09-09 20:11:52.532] [WiVRn] [info] render: per iteration fence 2.6 (worst 11.5) | queries 0.0 | submit 0.0 | whole render() 3.9 ms
09-09 20:11:52.532 22070 10656 I WiVRn   : [2026-09-09 20:11:52.532] [WiVRn] [info] render: jit on | wake slack 36.6 ms | slept 0.6 ms mean (max 0.6, 177 of 177 iterations) | budget 12.3 = pass 11.3 + margin 1.0 | sleep cap 0.6 ms
09-09 20:11:52.532 22070 10656 I WiVRn   : [2026-09-09 20:11:52.532] [WiVRn] [info] render: source display-time offset 59.3 ms mean (worst 79.2) over 177 frames | submit lead 32.1 ms mean (worst 23.8) | misses: 0 overrun 0 late 0 skipped refresh
09-09 20:11:53.120 22070 10705 I WiVRn   : [2026-09-09 20:11:53.120] [WiVRn] [info] Tracking pattern (11111µs):
09-09 20:11:53.120 22070 10705 I WiVRn   : [2026-09-09 20:11:53.120] [WiVRn] [info] 	t+4138µs HEAD (6972µs)
09-09 20:11:53.120 22070 10705 I WiVRn   : [2026-09-09 20:11:53.120] [WiVRn] [info] 	t+4180µs LEFT_GRIP (6930µs)
09-09 20:11:53.120 22070 10705 I WiVRn   : [2026-09-09 20:11:53.120] [WiVRn] [info] 	t+4184µs RIGHT_GRIP (6926µs)
09-09 20:11:53.120 22070 10705 I WiVRn   : [2026-09-09 20:11:53.120] [WiVRn] [info] 	t+7138µs HEAD (3972µs)
09-09 20:11:53.120 22070 10705 I WiVRn   : [2026-09-09 20:11:53.120] [WiVRn] [info] 	t+7180µs LEFT_GRIP (3930µs)
09-09 20:11:53.120 22070 10705 I WiVRn   : [2026-09-09 20:11:53.120] [WiVRn] [info] 	t+7184µs RIGHT_GRIP (3926µs)
09-09 20:11:53.363 22070 10651 I PxrMetric: FPS=90/90,MTP=30.52ms,AppSW=off,FrmEarly=7,FrmLate=4,FrmCpu=1.94ms,FrmGpu=8.02ms,FrmTime=10.96ms,ATWGPU=1.54ms,VsyncDelay=1,GPU=96%/587Mhz,GPUTemp=75.2C,LayerCnt=3,Pkg=org.meumeu.wivrn.nx.warp,FrmId=4634
09-09 20:11:53.761 22070 10700 I WiVRn   : [2026-09-09 20:11:53.761] [WiVRn] [info] nxwarp[0] net: 172 frames closed in 2.0 s, 0 with a hole, 0 out-of-order datagrams, 0 frames completed late, 0 queued for the worker, 4061 decoded so far, 4250 stragglers dropped; last hole 0/0 chunks, first missing -1, short false, chunk 1166 B
09-09 20:11:53.761 22070 10700 I WiVRn   : [2026-09-09 20:11:53.761] [WiVRn] [info] nxwarp[0] net: 0.028 ms per datagram over 28812 datagrams (402.43 ms of every second)
09-09 20:11:53.761 22070 10700 I WiVRn   : [2026-09-09 20:11:53.761] [WiVRn] [info] nxwarp[0] sel: stride 1, arrival 11.0 ms, dropped-late 81, withheld 0, decoded 4061
09-09 20:11:53.761 22070 10700 I WiVRn   : [2026-09-09 20:11:53.761] [WiVRn] [info] nxwarp[0] rx: 715542 datagrams, placed 7719679 (+305237), late 74638 (+2727), stale_frame 0, bad_range 0, bad_dir 0, bad_caps 0, bad_ver 0, auth_fail 0, replay 0, frozen 0, dup 261
09-09 20:11:54.120 22070 10705 I WiVRn   : [2026-09-09 20:11:54.120] [WiVRn] [info] Tracking pattern (11112µs):
09-09 20:11:54.120 22070 10705 I WiVRn   : [2026-09-09 20:11:54.120] [WiVRn] [info] 	t+4339µs HEAD (6772µs)
09-09 20:11:54.120 22070 10705 I WiVRn   : [2026-09-09 20:11:54.120] [WiVRn] [info] 	t+4390µs LEFT_GRIP (6721µs)
09-09 20:11:54.120 22070 10705 I WiVRn   : [2026-09-09 20:11:54.120] [WiVRn] [info] 	t+4397µs RIGHT_GRIP (6715µs)
09-09 20:11:54.120 22070 10705 I WiVRn   : [2026-09-09 20:11:54.120] [WiVRn] [info] 	t+7339µs HEAD (3772µs)
09-09 20:11:54.120 22070 10705 I WiVRn   : [2026-09-09 20:11:54.120] [WiVRn] [info] 	t+7390µs LEFT_GRIP (3721µs)
09-09 20:11:54.120 22070 10705 I WiVRn   : [2026-09-09 20:11:54.120] [WiVRn] [info] 	t+7397µs RIGHT_GRIP (3715µs)
09-09 20:11:54.366 22070 10651 I PxrMetric: FPS=89/90,MTP=31.82ms,AppSW=off,FrmEarly=7,FrmLate=6,FrmCpu=0.78ms,FrmGpu=8.50ms,FrmTime=11.02ms,ATWGPU=1.56ms,VsyncDelay=1,GPU=89%/587Mhz,GPUTemp=74.4C,LayerCnt=3,Pkg=org.meumeu.wivrn.nx.warp,FrmId=4723
09-09 20:11:54.495 22070 10703 I WiVRn   : [2026-09-09 20:11:54.495] [WiVRn] [info] nxwarp[0]: 171 frames in 2.0 s: 130224 B/frame, wait-prev 0.0 ms, wall 9.8 ms, nxvc passA 2.2 passB 3.0 gpu 5.2 ms; holes 0, refused 0
09-09 20:11:54.495 22070 10703 I WiVRn   : [2026-09-09 20:11:54.495] [WiVRn] [info] nxwarp[0] gpu duty 441 ms/s (44% of one GPU) for decode alone; the display pass is extra
09-09 20:11:54.495 22070 10703 I WiVRn   : [2026-09-09 20:11:54.495] [WiVRn] [info] nxwarp[0] passB 3.0 ms = warp 0.0 + skip 0.0 + coded 0.0 + dir 0.0 + other 3.0; tiles skip 0 / coded 2312 / dir 0 (eye pass 0)
09-09 20:11:54.495 22070 10703 I WiVRn   : [2026-09-09 20:11:54.495] [WiVRn] [info] nxwarp[0]: 81 frames dropped late (queue kept to 1)
09-09 20:11:54.495 22070 10703 I WiVRn   : [2026-09-09 20:11:54.495] [WiVRn] [info] nxwarp[0] stage: gap 1.9 | wait-prev 0.0 | submit 1.0 (qlock 0.0 + codec 1.0) | get_free 0.0 | fence-pre 0.0 | record 0.0 | qsubmit 0.0 | fence-post 8.8 | publish 0.0 ms; withheld 0, stride 1, arrival 12.9 ms
09-09 20:11:54.495 22070 10703 I WiVRn   : [2026-09-09 20:11:54.495] [WiVRn] [info] nxwarp[0] reassembly (network thread): 0.08 ms/frame over 171 frames, buffer 127 kB held for 127 kB of unit (1.0x)
09-09 20:11:54.495 22070 10703 I WiVRn   : [2026-09-09 20:11:54.495] [WiVRn] [info] nxwarp[0] fence-post 8.8 ms = nxvc gpu 5.2 + copy gpu 0.00 + queue 3.6 (over 171 frames with timestamps)
09-09 20:11:54.543 22070 10656 I WiVRn   : [2026-09-09 20:11:54.543] [WiVRn] [info] render: 179 iterations in 2.0 s (89.1/s), 179 submitted a layer, 164 new-source, 0 skipped by the repeat gate, 0 with nothing to show; display period 11.2 ms
09-09 20:11:54.543 22070 10656 I WiVRn   : [2026-09-09 20:11:54.543] [WiVRn] [info] render: ready wait attempts 63 success 48 total 157.546 ms | selected older than available 0
09-09 20:11:54.543 22070 10656 I WiVRn   : [2026-09-09 20:11:54.543] [WiVRn] [info] render: selected source transitions forward 164 backward 0 repeat 15, greatest forward gap 2
09-09 20:11:54.543 22070 10656 I WiVRn   : [2026-09-09 20:11:54.543] [WiVRn] [info] render: this app's own GPU pass 5.7 ms per iteration
09-09 20:11:54.543 22070 10656 I WiVRn   : [2026-09-09 20:11:54.543] [WiVRn] [info] render: defoveate 2160x2160 per eye x2 = 9.33 Mpx/frame at scale 1.00 atlas-prototype 0; 15 re-presented from the cache (reduce_gpu_load on)
09-09 20:11:54.543 22070 10656 I WiVRn   : [2026-09-09 20:11:54.543] [WiVRn] [info] render: shader path sharpness 0.00 fsr false alpha false motion false blend false glow 0.00 vignette 0.00 deband 0.00 lowpoly 0.00 levels 0 full-kernel false
09-09 20:11:54.543 22070 10656 I WiVRn   : [2026-09-09 20:11:54.543] [WiVRn] [info] render: per iteration fence 1.5 (worst 11.2) | queries 0.0 | submit 0.0 | whole render() 3.0 ms
09-09 20:11:54.543 22070 10656 I WiVRn   : [2026-09-09 20:11:54.543] [WiVRn] [info] render: jit on | wake slack 35.8 ms | slept 0.8 ms mean (max 11.7, 179 of 179 iterations) | budget 12.5 = pass 11.5 + margin 1.0 | sleep cap 0.6 ms
09-09 20:11:54.543 22070 10656 I WiVRn   : [2026-09-09 20:11:54.543] [WiVRn] [info] render: source display-time offset 58.3 ms mean (worst 79.0) over 179 frames | submit lead 32.0 ms mean (worst 21.5) | misses: 0 overrun 0 late 1 skipped refresh
09-09 20:11:55.120 22070 10705 I WiVRn   : [2026-09-09 20:11:55.120] [WiVRn] [info] Tracking pattern (11110µs):
09-09 20:11:55.120 22070 10705 I WiVRn   : [2026-09-09 20:11:55.120] [WiVRn] [info] 	t+3792µs HEAD (7318µs)
09-09 20:11:55.120 22070 10705 I WiVRn   : [2026-09-09 20:11:55.120] [WiVRn] [info] 	t+3877µs LEFT_GRIP (7233µs)
09-09 20:11:55.120 22070 10705 I WiVRn   : [2026-09-09 20:11:55.120] [WiVRn] [info] 	t+3887µs RIGHT_GRIP (7223µs)
09-09 20:11:55.120 22070 10705 I WiVRn   : [2026-09-09 20:11:55.120] [WiVRn] [info] 	t+6792µs HEAD (4318µs)
09-09 20:11:55.120 22070 10705 I WiVRn   : [2026-09-09 20:11:55.120] [WiVRn] [info] 	t+6877µs LEFT_GRIP (4233µs)
09-09 20:11:55.120 22070 10705 I WiVRn   : [2026-09-09 20:11:55.120] [WiVRn] [info] 	t+6887µs RIGHT_GRIP (4223µs)
09-09 20:11:55.369 22070 10651 I PxrMetric: FPS=89/90,MTP=36.81ms,AppSW=off,FrmEarly=11,FrmLate=10,FrmCpu=0.78ms,FrmGpu=9.05ms,FrmTime=13.34ms,ATWGPU=1.56ms,VsyncDelay=2,GPU=94%/587Mhz,GPUTemp=75.2C,LayerCnt=3,Pkg=org.meumeu.wivrn.nx.warp,FrmId=4813
09-09 20:11:55.762 22070 10700 I WiVRn   : [2026-09-09 20:11:55.762] [WiVRn] [info] nxwarp[0] net: 170 frames closed in 2.0 s, 0 with a hole, 0 out-of-order datagrams, 0 frames completed late, 0 queued for the worker, 4231 decoded so far, 4420 stragglers dropped; last hole 0/0 chunks, first missing -1, short false, chunk 1166 B
09-09 20:11:55.762 22070 10700 I WiVRn   : [2026-09-09 20:11:55.762] [WiVRn] [info] nxwarp[0] net: 0.027 ms per datagram over 29753 datagrams (408.45 ms of every second)
09-09 20:11:55.762 22070 10700 I WiVRn   : [2026-09-09 20:11:55.762] [WiVRn] [info] nxwarp[0] sel: stride 1, arrival 11.2 ms, dropped-late 81, withheld 0, decoded 4231
09-09 20:11:55.762 22070 10700 I WiVRn   : [2026-09-09 20:11:55.762] [WiVRn] [info] nxwarp[0] rx: 745295 datagrams, placed 8053370 (+333691), late 76815 (+2177), stale_frame 0, bad_range 0, bad_dir 0, bad_caps 0, bad_ver 0, auth_fail 0, replay 0, frozen 0, dup 270
09-09 20:11:56.120 22070 10705 I WiVRn   : [2026-09-09 20:11:56.120] [WiVRn] [info] Tracking pattern (11112µs):
09-09 20:11:56.120 22070 10705 I WiVRn   : [2026-09-09 20:11:56.120] [WiVRn] [info] 	t+3450µs HEAD (7661µs)
09-09 20:11:56.120 22070 10705 I WiVRn   : [2026-09-09 20:11:56.120] [WiVRn] [info] 	t+3505µs LEFT_GRIP (7606µs)
09-09 20:11:56.120 22070 10705 I WiVRn   : [2026-09-09 20:11:56.120] [WiVRn] [info] 	t+3515µs RIGHT_GRIP (7596µs)
09-09 20:11:56.120 22070 10705 I WiVRn   : [2026-09-09 20:11:56.120] [WiVRn] [info] 	t+6450µs HEAD (4661µs)
09-09 20:11:56.120 22070 10705 I WiVRn   : [2026-09-09 20:11:56.120] [WiVRn] [info] 	t+6505µs LEFT_GRIP (4606µs)
09-09 20:11:56.120 22070 10705 I WiVRn   : [2026-09-09 20:11:56.120] [WiVRn] [info] 	t+6515µs RIGHT_GRIP (4596µs)
09-09 20:11:56.369 22070 10651 I PxrMetric: FPS=90/90,MTP=35.61ms,AppSW=off,FrmEarly=19,FrmLate=17,FrmCpu=0.64ms,FrmGpu=7.59ms,FrmTime=11.35ms,ATWGPU=1.56ms,VsyncDelay=2,GPU=99%/587Mhz,GPUTemp=75.2C,LayerCnt=3,Pkg=org.meumeu.wivrn.nx.warp,FrmId=4899
09-09 20:11:56.505 22070 10703 I WiVRn   : [2026-09-09 20:11:56.505] [WiVRn] [info] nxwarp[0]: 171 frames in 2.0 s: 132435 B/frame, wait-prev 0.0 ms, wall 9.8 ms, nxvc passA 2.2 passB 3.0 gpu 5.2 ms; holes 0, refused 0
09-09 20:11:56.505 22070 10703 I WiVRn   : [2026-09-09 20:11:56.505] [WiVRn] [info] nxwarp[0] gpu duty 443 ms/s (44% of one GPU) for decode alone; the display pass is extra
09-09 20:11:56.505 22070 10703 I WiVRn   : [2026-09-09 20:11:56.505] [WiVRn] [info] nxwarp[0] passB 3.0 ms = warp 0.0 + skip 0.0 + coded 0.0 + dir 0.0 + other 3.0; tiles skip 0 / coded 2312 / dir 0 (eye pass 0)
09-09 20:11:56.505 22070 10703 I WiVRn   : [2026-09-09 20:11:56.505] [WiVRn] [info] nxwarp[0]: 81 frames dropped late (queue kept to 1)
09-09 20:11:56.505 22070 10703 I WiVRn   : [2026-09-09 20:11:56.505] [WiVRn] [info] nxwarp[0] stage: gap 2.0 | wait-prev 0.0 | submit 1.0 (qlock 0.0 + codec 0.9) | get_free 0.0 | fence-pre 0.0 | record 0.0 | qsubmit 0.0 | fence-post 8.8 | publish 0.0 ms; withheld 0, stride 1, arrival 11.7 ms
09-09 20:11:56.505 22070 10703 I WiVRn   : [2026-09-09 20:11:56.505] [WiVRn] [info] nxwarp[0] reassembly (network thread): 0.08 ms/frame over 171 frames, buffer 129 kB held for 129 kB of unit (1.0x)
09-09 20:11:56.505 22070 10703 I WiVRn   : [2026-09-09 20:11:56.505] [WiVRn] [info] nxwarp[0] fence-post 8.8 ms = nxvc gpu 5.2 + copy gpu 0.00 + queue 3.5 (over 171 frames with timestamps)
09-09 20:11:56.556 22070 10656 I WiVRn   : [2026-09-09 20:11:56.556] [WiVRn] [info] render: 176 iterations in 2.0 s (87.6/s), 176 submitted a layer, 163 new-source, 0 skipped by the repeat gate, 0 with nothing to show; display period 11.4 ms
09-09 20:11:56.556 22070 10656 I WiVRn   : [2026-09-09 20:11:56.556] [WiVRn] [info] render: ready wait attempts 45 success 32 total 107.093 ms | selected older than available 0
09-09 20:11:56.556 22070 10656 I WiVRn   : [2026-09-09 20:11:56.556] [WiVRn] [info] render: selected source transitions forward 163 backward 0 repeat 13, greatest forward gap 2
09-09 20:11:56.556 22070 10656 I WiVRn   : [2026-09-09 20:11:56.556] [WiVRn] [info] render: this app's own GPU pass 5.8 ms per iteration
09-09 20:11:56.556 22070 10656 I WiVRn   : [2026-09-09 20:11:56.556] [WiVRn] [info] render: defoveate 2160x2160 per eye x2 = 9.33 Mpx/frame at scale 1.00 atlas-prototype 0; 13 re-presented from the cache (reduce_gpu_load on)
09-09 20:11:56.556 22070 10656 I WiVRn   : [2026-09-09 20:11:56.556] [WiVRn] [info] render: shader path sharpness 0.00 fsr false alpha false motion false blend false glow 0.00 vignette 0.00 deband 0.00 lowpoly 0.00 levels 0 full-kernel false
09-09 20:11:56.556 22070 10656 I WiVRn   : [2026-09-09 20:11:56.556] [WiVRn] [info] render: per iteration fence 2.7 (worst 11.3) | queries 0.0 | submit 0.0 | whole render() 3.9 ms
09-09 20:11:56.556 22070 10656 I WiVRn   : [2026-09-09 20:11:56.556] [WiVRn] [info] render: jit on | wake slack 36.9 ms | slept 0.8 ms mean (max 11.7, 176 of 176 iterations) | budget 12.2 = pass 11.2 + margin 1.0 | sleep cap 0.6 ms
09-09 20:11:56.556 22070 10656 I WiVRn   : [2026-09-09 20:11:56.556] [WiVRn] [info] render: source display-time offset 58.9 ms mean (worst 78.9) over 176 frames | submit lead 32.1 ms mean (worst 19.0) | misses: 0 overrun 0 late 1 skipped refresh
09-09 20:11:57.120 22070 10705 I WiVRn   : [2026-09-09 20:11:57.120] [WiVRn] [info] Tracking pattern (11111µs):
09-09 20:11:57.120 22070 10705 I WiVRn   : [2026-09-09 20:11:57.120] [WiVRn] [info] 	t+3504µs HEAD (7607µs)
09-09 20:11:57.120 22070 10705 I WiVRn   : [2026-09-09 20:11:57.120] [WiVRn] [info] 	t+3731µs LEFT_GRIP (7379µs)
09-09 20:11:57.120 22070 10705 I WiVRn   : [2026-09-09 20:11:57.120] [WiVRn] [info] 	t+3743µs RIGHT_GRIP (7367µs)
09-09 20:11:57.120 22070 10705 I WiVRn   : [2026-09-09 20:11:57.120] [WiVRn] [info] 	t+6504µs HEAD (4607µs)
09-09 20:11:57.120 22070 10705 I WiVRn   : [2026-09-09 20:11:57.120] [WiVRn] [info] 	t+6731µs LEFT_GRIP (4379µs)
09-09 20:11:57.120 22070 10705 I WiVRn   : [2026-09-09 20:11:57.120] [WiVRn] [info] 	t+6743µs RIGHT_GRIP (4367µs)
09-09 20:11:57.374 22070 10651 I PxrMetric: FPS=86/90,MTP=30.46ms,AppSW=off,FrmEarly=8,FrmLate=5,FrmCpu=1.52ms,FrmGpu=7.14ms,FrmTime=10.46ms,ATWGPU=1.56ms,VsyncDelay=1,GPU=94%/587Mhz,GPUTemp=74.8C,LayerCnt=3,Pkg=org.meumeu.wivrn.nx.warp,FrmId=4989
09-09 20:11:57.772 22070 10700 I WiVRn   : [2026-09-09 20:11:57.772] [WiVRn] [info] nxwarp[0] net: 168 frames closed in 2.0 s, 0 with a hole, 0 out-of-order datagrams, 0 frames completed late, 0 queued for the worker, 4399 decoded so far, 4588 stragglers dropped; last hole 0/0 chunks, first missing -1, short false, chunk 1166 B
09-09 20:11:57.772 22070 10700 I WiVRn   : [2026-09-09 20:11:57.772] [WiVRn] [info] nxwarp[0] net: 0.027 ms per datagram over 31397 datagrams (418.13 ms of every second)
09-09 20:11:57.772 22070 10700 I WiVRn   : [2026-09-09 20:11:57.772] [WiVRn] [info] nxwarp[0] sel: stride 1, arrival 11.8 ms, dropped-late 81, withheld 0, decoded 4399
09-09 20:11:57.772 22070 10700 I WiVRn   : [2026-09-09 20:11:57.772] [WiVRn] [info] nxwarp[0] rx: 776692 datagrams, placed 8439592 (+386222), late 76881 (+66), stale_frame 0, bad_range 0, bad_dir 0, bad_caps 0, bad_ver 0, auth_fail 0, replay 0, frozen 0, dup 272
09-09 20:11:58.120 22070 10705 I WiVRn   : [2026-09-09 20:11:58.120] [WiVRn] [info] Tracking pattern (11116µs):
09-09 20:11:58.120 22070 10705 I WiVRn   : [2026-09-09 20:11:58.120] [WiVRn] [info] 	t+3514µs HEAD (7601µs)
09-09 20:11:58.120 22070 10705 I WiVRn   : [2026-09-09 20:11:58.120] [WiVRn] [info] 	t+3552µs LEFT_GRIP (7563µs)
09-09 20:11:58.120 22070 10705 I WiVRn   : [2026-09-09 20:11:58.120] [WiVRn] [info] 	t+3558µs RIGHT_GRIP (7557µs)
09-09 20:11:58.120 22070 10705 I WiVRn   : [2026-09-09 20:11:58.120] [WiVRn] [info] 	t+6514µs HEAD (4601µs)
09-09 20:11:58.120 22070 10705 I WiVRn   : [2026-09-09 20:11:58.120] [WiVRn] [info] 	t+6552µs LEFT_GRIP (4563µs)
09-09 20:11:58.120 22070 10705 I WiVRn   : [2026-09-09 20:11:58.120] [WiVRn] [info] 	t+6558µs RIGHT_GRIP (4557µs)
09-09 20:11:58.386 22070 10651 I PxrMetric: FPS=89/90,MTP=29.82ms,AppSW=off,FrmEarly=5,FrmLate=0,FrmCpu=1.65ms,FrmGpu=7.41ms,FrmTime=10.11ms,ATWGPU=1.55ms,VsyncDelay=1,GPU=87%/587Mhz,GPUTemp=74.0C,LayerCnt=3,Pkg=org.meumeu.wivrn.nx.warp,FrmId=5080
09-09 20:11:58.508 22070 10703 I WiVRn   : [2026-09-09 20:11:58.508] [WiVRn] [info] nxwarp[0]: 167 frames in 2.0 s: 133278 B/frame, wait-prev 0.0 ms, wall 10.0 ms, nxvc passA 2.1 passB 3.0 gpu 5.1 ms; holes 0, refused 0
09-09 20:11:58.508 22070 10703 I WiVRn   : [2026-09-09 20:11:58.508] [WiVRn] [info] nxwarp[0] gpu duty 428 ms/s (43% of one GPU) for decode alone; the display pass is extra
09-09 20:11:58.508 22070 10703 I WiVRn   : [2026-09-09 20:11:58.508] [WiVRn] [info] nxwarp[0] passB 3.0 ms = warp 0.0 + skip 0.0 + coded 0.0 + dir 0.0 + other 3.0; tiles skip 0 / coded 2312 / dir 0 (eye pass 0)
09-09 20:11:58.508 22070 10703 I WiVRn   : [2026-09-09 20:11:58.508] [WiVRn] [info] nxwarp[0]: 81 frames dropped late (queue kept to 1)
09-09 20:11:58.508 22070 10703 I WiVRn   : [2026-09-09 20:11:58.508] [WiVRn] [info] nxwarp[0] stage: gap 2.0 | wait-prev 0.0 | submit 1.0 (qlock 0.0 + codec 1.0) | get_free 0.0 | fence-pre 0.0 | record 0.0 | qsubmit 0.0 | fence-post 9.0 | publish 0.0 ms; withheld 0, stride 1, arrival 11.6 ms
09-09 20:11:58.508 22070 10703 I WiVRn   : [2026-09-09 20:11:58.508] [WiVRn] [info] nxwarp[0] reassembly (network thread): 0.09 ms/frame over 168 frames, buffer 130 kB held for 130 kB of unit (1.0x)
09-09 20:11:58.508 22070 10703 I WiVRn   : [2026-09-09 20:11:58.508] [WiVRn] [info] nxwarp[0] fence-post 9.0 ms = nxvc gpu 5.1 + copy gpu 0.00 + queue 3.9 (over 167 frames with timestamps)
09-09 20:11:58.563 22070 10656 I WiVRn   : [2026-09-09 20:11:58.563] [WiVRn] [info] render: 180 iterations in 2.0 s (89.5/s), 180 submitted a layer, 159 new-source, 0 skipped by the repeat gate, 0 with nothing to show; display period 11.2 ms
09-09 20:11:58.563 22070 10656 I WiVRn   : [2026-09-09 20:11:58.563] [WiVRn] [info] render: ready wait attempts 87 success 66 total 214.595 ms | selected older than available 0
09-09 20:11:58.563 22070 10656 I WiVRn   : [2026-09-09 20:11:58.563] [WiVRn] [info] render: selected source transitions forward 159 backward 0 repeat 21, greatest forward gap 2
09-09 20:11:58.563 22070 10656 I WiVRn   : [2026-09-09 20:11:58.563] [WiVRn] [info] render: this app's own GPU pass 5.5 ms per iteration
09-09 20:11:58.563 22070 10656 I WiVRn   : [2026-09-09 20:11:58.563] [WiVRn] [info] render: defoveate 2160x2160 per eye x2 = 9.33 Mpx/frame at scale 1.00 atlas-prototype 0; 21 re-presented from the cache (reduce_gpu_load on)
09-09 20:11:58.563 22070 10656 I WiVRn   : [2026-09-09 20:11:58.563] [WiVRn] [info] render: shader path sharpness 0.00 fsr false alpha false motion false blend false glow 0.00 vignette 0.00 deband 0.00 lowpoly 0.00 levels 0 full-kernel false
09-09 20:11:58.563 22070 10656 I WiVRn   : [2026-09-09 20:11:58.563] [WiVRn] [info] render: per iteration fence 1.0 (worst 11.2) | queries 0.0 | submit 0.0 | whole render() 2.8 ms
09-09 20:11:58.563 22070 10656 I WiVRn   : [2026-09-09 20:11:58.563] [WiVRn] [info] render: jit on | wake slack 35.2 ms | slept 0.8 ms mean (max 11.7, 180 of 180 iterations) | budget 11.6 = pass 10.6 + margin 1.0 | sleep cap 0.6 ms
09-09 20:11:58.563 22070 10656 I WiVRn   : [2026-09-09 20:11:58.563] [WiVRn] [info] render: source display-time offset 57.3 ms mean (worst 67.6) over 180 frames | submit lead 31.5 ms mean (worst 18.9) | misses: 0 overrun 0 late 1 skipped refresh
09-09 20:11:59.120 22070 10705 I WiVRn   : [2026-09-09 20:11:59.120] [WiVRn] [info] Tracking pattern (11112µs):
09-09 20:11:59.120 22070 10705 I WiVRn   : [2026-09-09 20:11:59.120] [WiVRn] [info] 	t+3286µs HEAD (7825µs)
09-09 20:11:59.120 22070 10705 I WiVRn   : [2026-09-09 20:11:59.120] [WiVRn] [info] 	t+3357µs LEFT_GRIP (7754µs)
09-09 20:11:59.120 22070 10705 I WiVRn   : [2026-09-09 20:11:59.120] [WiVRn] [info] 	t+3362µs RIGHT_GRIP (7749µs)
09-09 20:11:59.120 22070 10705 I WiVRn   : [2026-09-09 20:11:59.120] [WiVRn] [info] 	t+6286µs HEAD (4825µs)
09-09 20:11:59.120 22070 10705 I WiVRn   : [2026-09-09 20:11:59.120] [WiVRn] [info] 	t+6357µs LEFT_GRIP (4754µs)
09-09 20:11:59.120 22070 10705 I WiVRn   : [2026-09-09 20:11:59.120] [WiVRn] [info] 	t+6362µs RIGHT_GRIP (4749µs)
09-09 20:11:59.390 22070 10651 I PxrMetric: FPS=90/90,MTP=30.18ms,AppSW=off,FrmEarly=7,FrmLate=3,FrmCpu=0.88ms,FrmGpu=9.83ms,FrmTime=12.98ms,ATWGPU=1.54ms,VsyncDelay=2,GPU=99%/587Mhz,GPUTemp=73.3C,LayerCnt=3,Pkg=org.meumeu.wivrn.nx.warp,FrmId=5169
09-09 20:11:59.772 22070 10700 I WiVRn   : [2026-09-09 20:11:59.772] [WiVRn] [info] nxwarp[0] net: 169 frames closed in 2.0 s, 0 with a hole, 0 out-of-order datagrams, 0 frames completed late, 0 queued for the worker, 4569 decoded so far, 4757 stragglers dropped; last hole 0/0 chunks, first missing -1, short false, chunk 1166 B
09-09 20:11:59.772 22070 10700 I WiVRn   : [2026-09-09 20:11:59.772] [WiVRn] [info] nxwarp[0] net: 0.027 ms per datagram over 30380 datagrams (416.22 ms of every second)
09-09 20:11:59.772 22070 10700 I WiVRn   : [2026-09-09 20:11:59.772] [WiVRn] [info] nxwarp[0] sel: stride 1, arrival 11.4 ms, dropped-late 81, withheld 0, decoded 4569
09-09 20:11:59.772 22070 10700 I WiVRn   : [2026-09-09 20:11:59.772] [WiVRn] [info] nxwarp[0] rx: 807072 datagrams, placed 8830320 (+390728), late 77532 (+651), stale_frame 0, bad_range 0, bad_dir 0, bad_caps 0, bad_ver 0, auth_fail 0, replay 0, frozen 0, dup 272
09-09 20:12:00.120 22070 10705 I WiVRn   : [2026-09-09 20:12:00.120] [WiVRn] [info] Tracking pattern (11111µs):
09-09 20:12:00.120 22070 10705 I WiVRn   : [2026-09-09 20:12:00.120] [WiVRn] [info] 	t+3319µs HEAD (7792µs)
09-09 20:12:00.120 22070 10705 I WiVRn   : [2026-09-09 20:12:00.120] [WiVRn] [info] 	t+3364µs LEFT_GRIP (7747µs)
09-09 20:12:00.120 22070 10705 I WiVRn   : [2026-09-09 20:12:00.120] [WiVRn] [info] 	t+3367µs RIGHT_GRIP (7744µs)
09-09 20:12:00.120 22070 10705 I WiVRn   : [2026-09-09 20:12:00.120] [WiVRn] [info] 	t+6319µs HEAD (4792µs)
09-09 20:12:00.120 22070 10705 I WiVRn   : [2026-09-09 20:12:00.120] [WiVRn] [info] 	t+6364µs LEFT_GRIP (4747µs)
09-09 20:12:00.120 22070 10705 I WiVRn   : [2026-09-09 20:12:00.120] [WiVRn] [info] 	t+6367µs RIGHT_GRIP (4744µs)
09-09 20:12:00.394 22070 10651 I PxrMetric: FPS=89/90,MTP=33.70ms,AppSW=off,FrmEarly=11,FrmLate=12,FrmCpu=1.92ms,FrmGpu=7.10ms,FrmTime=10.32ms,ATWGPU=1.55ms,VsyncDelay=1,GPU=99%/587Mhz,GPUTemp=77.5C,LayerCnt=3,Pkg=org.meumeu.wivrn.nx.warp,FrmId=5259
09-09 20:12:00.516 22070 10703 I WiVRn   : [2026-09-09 20:12:00.516] [WiVRn] [info] nxwarp[0]: 170 frames in 2.0 s: 132167 B/frame, wait-prev 0.0 ms, wall 9.9 ms, nxvc passA 2.2 passB 3.0 gpu 5.2 ms; holes 0, refused 0
09-09 20:12:00.516 22070 10703 I WiVRn   : [2026-09-09 20:12:00.516] [WiVRn] [info] nxwarp[0] gpu duty 438 ms/s (44% of one GPU) for decode alone; the display pass is extra
09-09 20:12:00.516 22070 10703 I WiVRn   : [2026-09-09 20:12:00.516] [WiVRn] [info] nxwarp[0] passB 3.0 ms = warp 0.0 + skip 0.0 + coded 0.0 + dir 0.0 + other 3.0; tiles skip 0 / coded 2312 / dir 0 (eye pass 0)
09-09 20:12:00.516 22070 10703 I WiVRn   : [2026-09-09 20:12:00.516] [WiVRn] [info] nxwarp[0]: 81 frames dropped late (queue kept to 1)
09-09 20:12:00.516 22070 10703 I WiVRn   : [2026-09-09 20:12:00.516] [WiVRn] [info] nxwarp[0] stage: gap 1.9 | wait-prev 0.0 | submit 1.0 (qlock 0.0 + codec 1.0) | get_free 0.0 | fence-pre 0.0 | record 0.0 | qsubmit 0.0 | fence-post 8.8 | publish 0.0 ms; withheld 0, stride 1, arrival 11.5 ms
09-09 20:12:00.516 22070 10703 I WiVRn   : [2026-09-09 20:12:00.516] [WiVRn] [info] nxwarp[0] reassembly (network thread): 0.09 ms/frame over 169 frames, buffer 129 kB held for 129 kB of unit (1.0x)
09-09 20:12:00.516 22070 10703 I WiVRn   : [2026-09-09 20:12:00.516] [WiVRn] [info] nxwarp[0] fence-post 8.9 ms = nxvc gpu 5.2 + copy gpu 0.00 + queue 3.7 (over 170 frames with timestamps)
09-09 20:12:00.568 22070 10656 I WiVRn   : [2026-09-09 20:12:00.568] [WiVRn] [info] render: 179 iterations in 2.0 s (89.5/s), 179 submitted a layer, 162 new-source, 0 skipped by the repeat gate, 0 with nothing to show; display period 11.2 ms
09-09 20:12:00.568 22070 10656 I WiVRn   : [2026-09-09 20:12:00.568] [WiVRn] [info] render: ready wait attempts 71 success 54 total 178.916 ms | selected older than available 0
09-09 20:12:00.568 22070 10656 I WiVRn   : [2026-09-09 20:12:00.568] [WiVRn] [info] render: selected source transitions forward 162 backward 0 repeat 17, greatest forward gap 2
09-09 20:12:00.568 22070 10656 I WiVRn   : [2026-09-09 20:12:00.568] [WiVRn] [info] render: this app's own GPU pass 5.6 ms per iteration
09-09 20:12:00.568 22070 10656 I WiVRn   : [2026-09-09 20:12:00.568] [WiVRn] [info] render: defoveate 2160x2160 per eye x2 = 9.33 Mpx/frame at scale 1.00 atlas-prototype 0; 17 re-presented from the cache (reduce_gpu_load on)
09-09 20:12:00.568 22070 10656 I WiVRn   : [2026-09-09 20:12:00.568] [WiVRn] [info] render: shader path sharpness 0.00 fsr false alpha false motion false blend false glow 0.00 vignette 0.00 deband 0.00 lowpoly 0.00 levels 0 full-kernel false
09-09 20:12:00.568 22070 10656 I WiVRn   : [2026-09-09 20:12:00.568] [WiVRn] [info] render: per iteration fence 1.6 (worst 11.1) | queries 0.0 | submit 0.0 | whole render() 3.2 ms
09-09 20:12:00.568 22070 10656 I WiVRn   : [2026-09-09 20:12:00.568] [WiVRn] [info] render: jit on | wake slack 35.7 ms | slept 0.6 ms mean (max 0.6, 179 of 179 iterations) | budget 11.7 = pass 10.7 + margin 1.0 | sleep cap 0.6 ms
09-09 20:12:00.568 22070 10656 I WiVRn   : [2026-09-09 20:12:00.568] [WiVRn] [info] render: source display-time offset 57.6 ms mean (worst 78.6) over 179 frames | submit lead 31.9 ms mean (worst 25.4) | misses: 0 overrun 0 late 0 skipped refresh
09-09 20:12:01.120 22070 10705 I WiVRn   : [2026-09-09 20:12:01.120] [WiVRn] [info] Tracking pattern (11112µs):
09-09 20:12:01.120 22070 10705 I WiVRn   : [2026-09-09 20:12:01.120] [WiVRn] [info] 	t+1348µs HEAD (9764µs)
09-09 20:12:01.120 22070 10705 I WiVRn   : [2026-09-09 20:12:01.120] [WiVRn] [info] 	t+1707µs LEFT_GRIP (9405µs)
09-09 20:12:01.120 22070 10705 I WiVRn   : [2026-09-09 20:12:01.120] [WiVRn] [info] 	t+1714µs RIGHT_GRIP (9397µs)
09-09 20:12:01.120 22070 10705 I WiVRn   : [2026-09-09 20:12:01.120] [WiVRn] [info] 	t+4348µs HEAD (6764µs)
09-09 20:12:01.120 22070 10705 I WiVRn   : [2026-09-09 20:12:01.120] [WiVRn] [info] 	t+4707µs LEFT_GRIP (6405µs)
09-09 20:12:01.120 22070 10705 I WiVRn   : [2026-09-09 20:12:01.120] [WiVRn] [info] 	t+4714µs RIGHT_GRIP (6397µs)
09-09 20:12:01.400 22070 10651 I PxrMetric: FPS=90/90,MTP=25.52ms,AppSW=off,FrmEarly=4,FrmLate=5,FrmCpu=0.82ms,FrmGpu=8.27ms,FrmTime=14.99ms,ATWGPU=1.54ms,VsyncDelay=2,GPU=99%/587Mhz,GPUTemp=76.0C,LayerCnt=3,Pkg=org.meumeu.wivrn.nx.warp,FrmId=5348
09-09 20:12:01.772 22070 10700 I WiVRn   : [2026-09-09 20:12:01.772] [WiVRn] [info] nxwarp[0] net: 169 frames closed in 2.0 s, 0 with a hole, 0 out-of-order datagrams, 0 frames completed late, 0 queued for the worker, 4736 decoded so far, 4926 stragglers dropped; last hole 0/0 chunks, first missing -1, short false, chunk 1166 B
09-09 20:12:01.772 22070 10700 I WiVRn   : [2026-09-09 20:12:01.772] [WiVRn] [info] nxwarp[0] net: 0.027 ms per datagram over 31174 datagrams (421.60 ms of every second)
09-09 20:12:01.772 22070 10700 I WiVRn   : [2026-09-09 20:12:01.772] [WiVRn] [info] nxwarp[0] sel: stride 1, arrival 11.2 ms, dropped-late 82, withheld 0, decoded 4736
09-09 20:12:01.772 22070 10700 I WiVRn   : [2026-09-09 20:12:01.772] [WiVRn] [info] nxwarp[0] rx: 838246 datagrams, placed 9221048 (+390728), late 77663 (+131), stale_frame 0, bad_range 0, bad_dir 0, bad_caps 0, bad_ver 0, auth_fail 0, replay 0, frozen 0, dup 272
09-09 20:12:02.120 22070 10705 I WiVRn   : [2026-09-09 20:12:02.120] [WiVRn] [info] Tracking pattern (11112µs):
09-09 20:12:02.121 22070 10705 I WiVRn   : [2026-09-09 20:12:02.121] [WiVRn] [info] 	t+2755µs HEAD (8356µs)
09-09 20:12:02.121 22070 10705 I WiVRn   : [2026-09-09 20:12:02.121] [WiVRn] [info] 	t+2793µs LEFT_GRIP (8319µs)
09-09 20:12:02.121 22070 10705 I WiVRn   : [2026-09-09 20:12:02.121] [WiVRn] [info] 	t+2797µs RIGHT_GRIP (8315µs)
09-09 20:12:02.121 22070 10705 I WiVRn   : [2026-09-09 20:12:02.121] [WiVRn] [info] 	t+5755µs HEAD (5356µs)
09-09 20:12:02.121 22070 10705 I WiVRn   : [2026-09-09 20:12:02.121] [WiVRn] [info] 	t+5793µs LEFT_GRIP (5319µs)
09-09 20:12:02.121 22070 10705 I WiVRn   : [2026-09-09 20:12:02.121] [WiVRn] [info] 	t+5797µs RIGHT_GRIP (5315µs)
09-09 20:12:02.404 22070 10651 I PxrMetric: FPS=88/90,MTP=28.08ms,AppSW=off,FrmEarly=8,FrmLate=10,FrmCpu=0.53ms,FrmGpu=10.75ms,FrmTime=17.97ms,ATWGPU=1.54ms,VsyncDelay=2,GPU=99%/587Mhz,GPUTemp=73.6C,LayerCnt=3,Pkg=org.meumeu.wivrn.nx.warp,FrmId=5437
09-09 20:12:02.528 22070 10703 I WiVRn   : [2026-09-09 20:12:02.527] [WiVRn] [info] nxwarp[0]: 170 frames in 2.0 s: 129848 B/frame, wait-prev 0.0 ms, wall 9.7 ms, nxvc passA 2.2 passB 3.0 gpu 5.2 ms; holes 0, refused 0
09-09 20:12:02.528 22070 10703 I WiVRn   : [2026-09-09 20:12:02.528] [WiVRn] [info] nxwarp[0] gpu duty 440 ms/s (44% of one GPU) for decode alone; the display pass is extra
09-09 20:12:02.528 22070 10703 I WiVRn   : [2026-09-09 20:12:02.528] [WiVRn] [info] nxwarp[0] passB 3.0 ms = warp 0.0 + skip 0.0 + coded 0.0 + dir 0.0 + other 3.0; tiles skip 0 / coded 2312 / dir 0 (eye pass 0)
09-09 20:12:02.528 22070 10703 I WiVRn   : [2026-09-09 20:12:02.528] [WiVRn] [info] nxwarp[0]: 82 frames dropped late (queue kept to 1)
09-09 20:12:02.528 22070 10703 I WiVRn   : [2026-09-09 20:12:02.528] [WiVRn] [info] nxwarp[0] stage: gap 2.2 | wait-prev 0.0 | submit 1.0 (qlock 0.0 + codec 1.0) | get_free 0.0 | fence-pre 0.0 | record 0.0 | qsubmit 0.0 | fence-post 8.6 | publish 0.0 ms; withheld 0, stride 1, arrival 11.7 ms
09-09 20:12:02.528 22070 10703 I WiVRn   : [2026-09-09 20:12:02.528] [WiVRn] [info] nxwarp[0] reassembly (network thread): 0.09 ms/frame over 171 frames, buffer 127 kB held for 127 kB of unit (1.0x)
09-09 20:12:02.528 22070 10703 I WiVRn   : [2026-09-09 20:12:02.528] [WiVRn] [info] nxwarp[0] fence-post 8.7 ms = nxvc gpu 5.2 + copy gpu 0.00 + queue 3.4 (over 170 frames with timestamps)
09-09 20:12:02.564 22070 10656 I WiVRn   : [2026-09-09 20:12:02.564] [WiVRn] [info] render: 178 iterations in 2.0 s (89.0/s), 178 submitted a layer, 163 new-source, 0 skipped by the repeat gate, 0 with nothing to show; display period 11.2 ms
09-09 20:12:02.564 22070 10656 I WiVRn   : [2026-09-09 20:12:02.564] [WiVRn] [info] render: ready wait attempts 52 success 37 total 138.105 ms | selected older than available 0
09-09 20:12:02.564 22070 10656 I WiVRn   : [2026-09-09 20:12:02.564] [WiVRn] [info] render: selected source transitions forward 163 backward 0 repeat 15, greatest forward gap 2
09-09 20:12:02.564 22070 10656 I WiVRn   : [2026-09-09 20:12:02.564] [WiVRn] [info] render: this app's own GPU pass 5.7 ms per iteration
09-09 20:12:02.564 22070 10656 I WiVRn   : [2026-09-09 20:12:02.564] [WiVRn] [info] render: defoveate 2160x2160 per eye x2 = 9.33 Mpx/frame at scale 1.00 atlas-prototype 0; 15 re-presented from the cache (reduce_gpu_load on)
09-09 20:12:02.564 22070 10656 I WiVRn   : [2026-09-09 20:12:02.564] [WiVRn] [info] render: shader path sharpness 0.00 fsr false alpha false motion false blend false glow 0.00 vignette 0.00 deband 0.00 lowpoly 0.00 levels 0 full-kernel false
09-09 20:12:02.564 22070 10656 I WiVRn   : [2026-09-09 20:12:02.564] [WiVRn] [info] render: per iteration fence 1.8 (worst 11.4) | queries 0.0 | submit 0.0 | whole render() 3.2 ms
09-09 20:12:02.564 22070 10656 I WiVRn   : [2026-09-09 20:12:02.564] [WiVRn] [info] render: jit on | wake slack 36.0 ms | slept 0.8 ms mean (max 11.7, 178 of 178 iterations) | budget 12.4 = pass 11.4 + margin 1.0 | sleep cap 0.6 ms
09-09 20:12:02.564 22070 10656 I WiVRn   : [2026-09-09 20:12:02.564] [WiVRn] [info] render: source display-time offset 58.0 ms mean (worst 78.7) over 178 frames | submit lead 31.9 ms mean (worst 19.8) | misses: 0 overrun 0 late 1 skipped refresh
09-09 20:12:03.121 22070 10705 I WiVRn   : [2026-09-09 20:12:03.120] [WiVRn] [info] Tracking pattern (11111µs):
09-09 20:12:03.121 22070 10705 I WiVRn   : [2026-09-09 20:12:03.121] [WiVRn] [info] 	t+3360µs HEAD (7750µs)
09-09 20:12:03.121 22070 10705 I WiVRn   : [2026-09-09 20:12:03.121] [WiVRn] [info] 	t+3428µs LEFT_GRIP (7682µs)
09-09 20:12:03.121 22070 10705 I WiVRn   : [2026-09-09 20:12:03.121] [WiVRn] [info] 	t+3434µs RIGHT_GRIP (7676µs)
09-09 20:12:03.121 22070 10705 I WiVRn   : [2026-09-09 20:12:03.121] [WiVRn] [info] 	t+6360µs HEAD (4750µs)
09-09 20:12:03.121 22070 10705 I WiVRn   : [2026-09-09 20:12:03.121] [WiVRn] [info] 	t+6428µs LEFT_GRIP (4682µs)
09-09 20:12:03.121 22070 10705 I WiVRn   : [2026-09-09 20:12:03.121] [WiVRn] [info] 	t+6434µs RIGHT_GRIP (4676µs)
09-09 20:12:03.406 22070 10651 I PxrMetric: FPS=89/90,MTP=32.85ms,AppSW=off,FrmEarly=16,FrmLate=12,FrmCpu=1.36ms,FrmGpu=7.84ms,FrmTime=10.01ms,ATWGPU=1.54ms,VsyncDelay=1,GPU=99%/587Mhz,GPUTemp=73.3C,LayerCnt=3,Pkg=org.meumeu.wivrn.nx.warp,FrmId=5527
09-09 20:12:03.783 22070 10700 I WiVRn   : [2026-09-09 20:12:03.783] [WiVRn] [info] nxwarp[0] net: 173 frames closed in 2.0 s, 0 with a hole, 0 out-of-order datagrams, 0 frames completed late, 0 queued for the worker, 4909 decoded so far, 5099 stragglers dropped; last hole 0/0 chunks, first missing -1, short false, chunk 1166 B
09-09 20:12:03.783 22070 10700 I WiVRn   : [2026-09-09 20:12:03.783] [WiVRn] [info] nxwarp[0] net: 0.028 ms per datagram over 29974 datagrams (417.97 ms of every second)
09-09 20:12:03.783 22070 10700 I WiVRn   : [2026-09-09 20:12:03.783] [WiVRn] [info] nxwarp[0] sel: stride 1, arrival 11.3 ms, dropped-late 82, withheld 0, decoded 4909
09-09 20:12:03.783 22070 10700 I WiVRn   : [2026-09-09 20:12:03.783] [WiVRn] [info] nxwarp[0] rx: 868220 datagrams, placed 9621024 (+399976), late 79194 (+1531), stale_frame 0, bad_range 0, bad_dir 0, bad_caps 0, bad_ver 0, auth_fail 0, replay 0, frozen 0, dup 273
09-09 20:12:04.120 22070 10705 I WiVRn   : [2026-09-09 20:12:04.120] [WiVRn] [info] Tracking pattern (11112µs):
09-09 20:12:04.121 22070 10705 I WiVRn   : [2026-09-09 20:12:04.121] [WiVRn] [info] 	t+3686µs HEAD (7426µs)
09-09 20:12:04.121 22070 10705 I WiVRn   : [2026-09-09 20:12:04.121] [WiVRn] [info] 	t+3757µs LEFT_GRIP (7355µs)
09-09 20:12:04.121 22070 10705 I WiVRn   : [2026-09-09 20:12:04.121] [WiVRn] [info] 	t+3763µs RIGHT_GRIP (7349µs)
09-09 20:12:04.121 22070 10705 I WiVRn   : [2026-09-09 20:12:04.121] [WiVRn] [info] 	t+6686µs HEAD (4426µs)
09-09 20:12:04.121 22070 10705 I WiVRn   : [2026-09-09 20:12:04.121] [WiVRn] [info] 	t+6757µs LEFT_GRIP (4355µs)
09-09 20:12:04.121 22070 10705 I WiVRn   : [2026-09-09 20:12:04.121] [WiVRn] [info] 	t+6763µs RIGHT_GRIP (4349µs)
09-09 20:12:04.411 22070 10651 I PxrMetric: FPS=90/90,MTP=31.28ms,AppSW=off,FrmEarly=4,FrmLate=0,FrmCpu=0.51ms,FrmGpu=9.72ms,FrmTime=19.60ms,ATWGPU=1.55ms,VsyncDelay=2,GPU=95%/587Mhz,GPUTemp=83.7C,LayerCnt=3,Pkg=org.meumeu.wivrn.nx.warp,FrmId=5616
09-09 20:12:04.530 22070 10703 I WiVRn   : [2026-09-09 20:12:04.530] [WiVRn] [info] nxwarp[0]: 172 frames in 2.0 s: 125189 B/frame, wait-prev 0.0 ms, wall 9.6 ms, nxvc passA 2.0 passB 3.1 gpu 5.1 ms; holes 0, refused 0
09-09 20:12:04.530 22070 10703 I WiVRn   : [2026-09-09 20:12:04.530] [WiVRn] [info] nxwarp[0] gpu duty 439 ms/s (44% of one GPU) for decode alone; the display pass is extra
09-09 20:12:04.530 22070 10703 I WiVRn   : [2026-09-09 20:12:04.530] [WiVRn] [info] nxwarp[0] passB 3.1 ms = warp 0.0 + skip 0.0 + coded 0.0 + dir 0.0 + other 3.1; tiles skip 0 / coded 2312 / dir 0 (eye pass 0)
09-09 20:12:04.530 22070 10703 I WiVRn   : [2026-09-09 20:12:04.530] [WiVRn] [info] nxwarp[0]: 82 frames dropped late (queue kept to 1)
09-09 20:12:04.530 22070 10703 I WiVRn   : [2026-09-09 20:12:04.530] [WiVRn] [info] nxwarp[0] stage: gap 2.1 | wait-prev 0.0 | submit 1.0 (qlock 0.0 + codec 1.0) | get_free 0.0 | fence-pre 0.0 | record 0.0 | qsubmit 0.0 | fence-post 8.5 | publish 0.1 ms; withheld 0, stride 1, arrival 11.6 ms
09-09 20:12:04.530 22070 10703 I WiVRn   : [2026-09-09 20:12:04.530] [WiVRn] [info] nxwarp[0] reassembly (network thread): 0.09 ms/frame over 173 frames, buffer 122 kB held for 122 kB of unit (1.0x)
09-09 20:12:04.530 22070 10703 I WiVRn   : [2026-09-09 20:12:04.530] [WiVRn] [info] nxwarp[0] fence-post 8.5 ms = nxvc gpu 5.1 + copy gpu 0.00 + queue 3.4 (over 172 frames with timestamps)
09-09 20:12:04.576 22070 10656 I WiVRn   : [2026-09-09 20:12:04.576] [WiVRn] [info] render: 179 iterations in 2.0 s (89.1/s), 179 submitted a layer, 170 new-source, 0 skipped by the repeat gate, 0 with nothing to show; display period 11.2 ms
09-09 20:12:04.576 22070 10656 I WiVRn   : [2026-09-09 20:12:04.576] [WiVRn] [info] render: ready wait attempts 49 success 40 total 114.026 ms | selected older than available 0
09-09 20:12:04.576 22070 10656 I WiVRn   : [2026-09-09 20:12:04.576] [WiVRn] [info] render: selected source transitions forward 170 backward 0 repeat 9, greatest forward gap 2
09-09 20:12:04.576 22070 10656 I WiVRn   : [2026-09-09 20:12:04.576] [WiVRn] [info] render: this app's own GPU pass 5.8 ms per iteration
09-09 20:12:04.576 22070 10656 I WiVRn   : [2026-09-09 20:12:04.576] [WiVRn] [info] render: defoveate 2160x2160 per eye x2 = 9.33 Mpx/frame at scale 1.00 atlas-prototype 0; 9 re-presented from the cache (reduce_gpu_load on)
09-09 20:12:04.576 22070 10656 I WiVRn   : [2026-09-09 20:12:04.576] [WiVRn] [info] render: shader path sharpness 0.00 fsr false alpha false motion false blend false glow 0.00 vignette 0.00 deband 0.00 lowpoly 0.00 levels 0 full-kernel false
09-09 20:12:04.576 22070 10656 I WiVRn   : [2026-09-09 20:12:04.576] [WiVRn] [info] render: per iteration fence 2.3 (worst 11.0) | queries 0.0 | submit 0.0 | whole render() 3.6 ms
09-09 20:12:04.576 22070 10656 I WiVRn   : [2026-09-09 20:12:04.576] [WiVRn] [info] render: jit on | wake slack 36.5 ms | slept 0.9 ms mean (max 11.7, 179 of 179 iterations) | budget 12.0 = pass 11.0 + margin 1.0 | sleep cap 0.6 ms
09-09 20:12:04.576 22070 10656 I WiVRn   : [2026-09-09 20:12:04.576] [WiVRn] [info] render: source display-time offset 56.9 ms mean (worst 78.9) over 179 frames | submit lead 32.0 ms mean (worst 23.9) | misses: 0 overrun 0 late 1 skipped refresh
09-09 20:12:05.121 22070 10705 I WiVRn   : [2026-09-09 20:12:05.121] [WiVRn] [info] Tracking pattern (11110µs):
09-09 20:12:05.121 22070 10705 I WiVRn   : [2026-09-09 20:12:05.121] [WiVRn] [info] 	t+3891µs HEAD (7219µs)
09-09 20:12:05.121 22070 10705 I WiVRn   : [2026-09-09 20:12:05.121] [WiVRn] [info] 	t+3964µs LEFT_GRIP (7146µs)
09-09 20:12:05.121 22070 10705 I WiVRn   : [2026-09-09 20:12:05.121] [WiVRn] [info] 	t+3973µs RIGHT_GRIP (7137µs)
09-09 20:12:05.121 22070 10705 I WiVRn   : [2026-09-09 20:12:05.121] [WiVRn] [info] 	t+6891µs HEAD (4219µs)
09-09 20:12:05.121 22070 10705 I WiVRn   : [2026-09-09 20:12:05.121] [WiVRn] [info] 	t+6964µs LEFT_GRIP (4146µs)
09-09 20:12:05.121 22070 10705 I WiVRn   : [2026-09-09 20:12:05.121] [WiVRn] [info] 	t+6973µs RIGHT_GRIP (4137µs)
09-09 20:12:05.422 22070 10651 I PxrMetric: FPS=89/90,MTP=32.00ms,AppSW=off,FrmEarly=13,FrmLate=8,FrmCpu=0.76ms,FrmGpu=9.29ms,FrmTime=11.50ms,ATWGPU=1.55ms,VsyncDelay=1,GPU=96%/587Mhz,GPUTemp=73.3C,LayerCnt=3,Pkg=org.meumeu.wivrn.nx.warp,FrmId=5706
09-09 20:12:05.785 22070 10700 I WiVRn   : [2026-09-09 20:12:05.785] [WiVRn] [info] nxwarp[0] net: 171 frames closed in 2.0 s, 0 with a hole, 0 out-of-order datagrams, 0 frames completed late, 0 queued for the worker, 5081 decoded so far, 5270 stragglers dropped; last hole 0/0 chunks, first missing -1, short false, chunk 1166 B
09-09 20:12:05.785 22070 10700 I WiVRn   : [2026-09-09 20:12:05.785] [WiVRn] [info] nxwarp[0] net: 0.027 ms per datagram over 29910 datagrams (410.76 ms of every second)
09-09 20:12:05.785 22070 10700 I WiVRn   : [2026-09-09 20:12:05.785] [WiVRn] [info] nxwarp[0] sel: stride 1, arrival 11.2 ms, dropped-late 82, withheld 0, decoded 5081
09-09 20:12:05.785 22070 10700 I WiVRn   : [2026-09-09 20:12:05.785] [WiVRn] [info] nxwarp[0] rx: 898130 datagrams, placed 10016376 (+395352), late 79272 (+78), stale_frame 0, bad_range 0, bad_dir 0, bad_caps 0, bad_ver 0, auth_fail 0, replay 0, frozen 0, dup 274
09-09 20:12:06.121 22070 10705 I WiVRn   : [2026-09-09 20:12:06.121] [WiVRn] [info] Tracking pattern (11110µs):
09-09 20:12:06.121 22070 10705 I WiVRn   : [2026-09-09 20:12:06.121] [WiVRn] [info] 	t+3970µs HEAD (7139µs)
09-09 20:12:06.121 22070 10705 I WiVRn   : [2026-09-09 20:12:06.121] [WiVRn] [info] 	t+4021µs LEFT_GRIP (7088µs)
09-09 20:12:06.121 22070 10705 I WiVRn   : [2026-09-09 20:12:06.121] [WiVRn] [info] 	t+4027µs RIGHT_GRIP (7082µs)
09-09 20:12:06.121 22070 10705 I WiVRn   : [2026-09-09 20:12:06.121] [WiVRn] [info] 	t+6970µs HEAD (4139µs)
09-09 20:12:06.121 22070 10705 I WiVRn   : [2026-09-09 20:12:06.121] [WiVRn] [info] 	t+7021µs LEFT_GRIP (4088µs)
09-09 20:12:06.121 22070 10705 I WiVRn   : [2026-09-09 20:12:06.121] [WiVRn] [info] 	t+7027µs RIGHT_GRIP (4082µs)
09-09 20:12:06.422 22070 10651 I PxrMetric: FPS=89/90,MTP=31.84ms,AppSW=off,FrmEarly=10,FrmLate=6,FrmCpu=0.74ms,FrmGpu=10.17ms,FrmTime=12.47ms,ATWGPU=1.55ms,VsyncDelay=2,GPU=99%/587Mhz,GPUTemp=74.4C,LayerCnt=3,Pkg=org.meumeu.wivrn.nx.warp,FrmId=5795
09-09 20:12:06.531 22070 10703 I WiVRn   : [2026-09-09 20:12:06.531] [WiVRn] [info] nxwarp[0]: 171 frames in 2.0 s: 129699 B/frame, wait-prev 0.0 ms, wall 9.7 ms, nxvc passA 2.1 passB 3.0 gpu 5.1 ms; holes 0, refused 0
09-09 20:12:06.531 22070 10703 I WiVRn   : [2026-09-09 20:12:06.531] [WiVRn] [info] nxwarp[0] gpu duty 437 ms/s (44% of one GPU) for decode alone; the display pass is extra
09-09 20:12:06.531 22070 10703 I WiVRn   : [2026-09-09 20:12:06.531] [WiVRn] [info] nxwarp[0] passB 3.0 ms = warp 0.0 + skip 0.0 + coded 0.0 + dir 0.0 + other 3.0; tiles skip 0 / coded 2312 / dir 0 (eye pass 0)
09-09 20:12:06.531 22070 10703 I WiVRn   : [2026-09-09 20:12:06.531] [WiVRn] [info] nxwarp[0]: 82 frames dropped late (queue kept to 1)
09-09 20:12:06.531 22070 10703 I WiVRn   : [2026-09-09 20:12:06.531] [WiVRn] [info] nxwarp[0] stage: gap 2.0 | wait-prev 0.0 | submit 1.0 (qlock 0.0 + codec 1.0) | get_free 0.0 | fence-pre 0.0 | record 0.0 | qsubmit 0.0 | fence-post 8.6 | publish 0.0 ms; withheld 0, stride 1, arrival 11.2 ms
09-09 20:12:06.531 22070 10703 I WiVRn   : [2026-09-09 20:12:06.531] [WiVRn] [info] nxwarp[0] reassembly (network thread): 0.09 ms/frame over 171 frames, buffer 127 kB held for 127 kB of unit (1.0x)
09-09 20:12:06.531 22070 10703 I WiVRn   : [2026-09-09 20:12:06.531] [WiVRn] [info] nxwarp[0] fence-post 8.7 ms = nxvc gpu 5.1 + copy gpu 0.00 + queue 3.5 (over 171 frames with timestamps)
09-09 20:12:06.584 22070 10656 I WiVRn   : [2026-09-09 20:12:06.584] [WiVRn] [info] render: 178 iterations in 2.0 s (88.7/s), 178 submitted a layer, 168 new-source, 0 skipped by the repeat gate, 0 with nothing to show; display period 11.3 ms
09-09 20:12:06.584 22070 10656 I WiVRn   : [2026-09-09 20:12:06.584] [WiVRn] [info] render: ready wait attempts 37 success 27 total 84.300 ms | selected older than available 0
09-09 20:12:06.584 22070 10656 I WiVRn   : [2026-09-09 20:12:06.584] [WiVRn] [info] render: selected source transitions forward 168 backward 0 repeat 10, greatest forward gap 2
09-09 20:12:06.584 22070 10656 I WiVRn   : [2026-09-09 20:12:06.584] [WiVRn] [info] render: this app's own GPU pass 5.9 ms per iteration
09-09 20:12:06.584 22070 10656 I WiVRn   : [2026-09-09 20:12:06.584] [WiVRn] [info] render: defoveate 2160x2160 per eye x2 = 9.33 Mpx/frame at scale 1.00 atlas-prototype 0; 10 re-presented from the cache (reduce_gpu_load on)
09-09 20:12:06.584 22070 10656 I WiVRn   : [2026-09-09 20:12:06.584] [WiVRn] [info] render: shader path sharpness 0.00 fsr false alpha false motion false blend false glow 0.00 vignette 0.00 deband 0.00 lowpoly 0.00 levels 0 full-kernel false
09-09 20:12:06.584 22070 10656 I WiVRn   : [2026-09-09 20:12:06.584] [WiVRn] [info] render: per iteration fence 2.3 (worst 11.4) | queries 0.0 | submit 0.0 | whole render() 3.4 ms
09-09 20:12:06.584 22070 10656 I WiVRn   : [2026-09-09 20:12:06.584] [WiVRn] [info] render: jit on | wake slack 36.5 ms | slept 0.6 ms mean (max 0.6, 178 of 178 iterations) | budget 12.8 = pass 11.8 + margin 1.0 | sleep cap 0.6 ms
09-09 20:12:06.584 22070 10656 I WiVRn   : [2026-09-09 20:12:06.584] [WiVRn] [info] render: source display-time offset 59.7 ms mean (worst 79.5) over 178 frames | submit lead 32.5 ms mean (worst 25.6) | misses: 0 overrun 0 late 0 skipped refresh
09-09 20:12:07.121 22070 10705 I WiVRn   : [2026-09-09 20:12:07.121] [WiVRn] [info] Tracking pattern (11110µs):
09-09 20:12:07.121 22070 10705 I WiVRn   : [2026-09-09 20:12:07.121] [WiVRn] [info] 	t+4186µs HEAD (6924µs)
09-09 20:12:07.121 22070 10705 I WiVRn   : [2026-09-09 20:12:07.121] [WiVRn] [info] 	t+4262µs LEFT_GRIP (6848µs)
09-09 20:12:07.121 22070 10705 I WiVRn   : [2026-09-09 20:12:07.121] [WiVRn] [info] 	t+4270µs RIGHT_GRIP (6840µs)
09-09 20:12:07.121 22070 10705 I WiVRn   : [2026-09-09 20:12:07.121] [WiVRn] [info] 	t+7186µs HEAD (3924µs)
09-09 20:12:07.121 22070 10705 I WiVRn   : [2026-09-09 20:12:07.121] [WiVRn] [info] 	t+7262µs LEFT_GRIP (3848µs)
09-09 20:12:07.121 22070 10705 I WiVRn   : [2026-09-09 20:12:07.121] [WiVRn] [info] 	t+7270µs RIGHT_GRIP (3840µs)
09-09 20:12:07.433 22070 10651 I PxrMetric: FPS=89/90,MTP=31.89ms,AppSW=off,FrmEarly=13,FrmLate=10,FrmCpu=1.41ms,FrmGpu=8.44ms,FrmTime=11.84ms,ATWGPU=1.54ms,VsyncDelay=1,GPU=58%/587Mhz,GPUTemp=73.3C,LayerCnt=3,Pkg=org.meumeu.wivrn.nx.warp,FrmId=5884
09-09 20:12:07.795 22070 10700 I WiVRn   : [2026-09-09 20:12:07.795] [WiVRn] [info] nxwarp[0] net: 169 frames closed in 2.0 s, 0 with a hole, 0 out-of-order datagrams, 0 frames completed late, 0 queued for the worker, 5250 decoded so far, 5439 stragglers dropped; last hole 0/0 chunks, first missing -1, short false, chunk 1166 B
09-09 20:12:07.795 22070 10700 I WiVRn   : [2026-09-09 20:12:07.795] [WiVRn] [info] nxwarp[0] net: 0.027 ms per datagram over 30839 datagrams (421.49 ms of every second)
09-09 20:12:07.795 22070 10700 I WiVRn   : [2026-09-09 20:12:07.795] [WiVRn] [info] nxwarp[0] sel: stride 1, arrival 11.8 ms, dropped-late 82, withheld 0, decoded 5250
09-09 20:12:07.795 22070 10700 I WiVRn   : [2026-09-09 20:12:07.795] [WiVRn] [info] nxwarp[0] rx: 928969 datagrams, placed 10402712 (+386336), late 79687 (+415), stale_frame 0, bad_range 0, bad_dir 0, bad_caps 0, bad_ver 0, auth_fail 0, replay 0, frozen 0, dup 275
09-09 20:12:08.121 22070 10705 I WiVRn   : [2026-09-09 20:12:08.121] [WiVRn] [info] Tracking pattern (11108µs):
09-09 20:12:08.121 22070 10705 I WiVRn   : [2026-09-09 20:12:08.121] [WiVRn] [info] 	t+4402µs HEAD (6705µs)
09-09 20:12:08.121 22070 10705 I WiVRn   : [2026-09-09 20:12:08.121] [WiVRn] [info] 	t+4460µs LEFT_GRIP (6647µs)
09-09 20:12:08.121 22070 10705 I WiVRn   : [2026-09-09 20:12:08.121] [WiVRn] [info] 	t+4469µs RIGHT_GRIP (6639µs)
09-09 20:12:08.121 22070 10705 I WiVRn   : [2026-09-09 20:12:08.121] [WiVRn] [info] 	t+7402µs HEAD (3705µs)
09-09 20:12:08.121 22070 10705 I WiVRn   : [2026-09-09 20:12:08.121] [WiVRn] [info] 	t+7460µs LEFT_GRIP (3647µs)
09-09 20:12:08.121 22070 10705 I WiVRn   : [2026-09-09 20:12:08.121] [WiVRn] [info] 	t+7469µs RIGHT_GRIP (3639µs)
09-09 20:12:08.444 22070 10651 I PxrMetric: FPS=88/90,MTP=33.52ms,AppSW=off,FrmEarly=8,FrmLate=13,FrmCpu=0.52ms,FrmGpu=11.05ms,FrmTime=18.13ms,ATWGPU=1.55ms,VsyncDelay=2,GPU=97%/587Mhz,GPUTemp=72.9C,LayerCnt=3,Pkg=org.meumeu.wivrn.nx.warp,FrmId=5973
09-09 20:12:08.541 22070 10703 I WiVRn   : [2026-09-09 20:12:08.541] [WiVRn] [info] nxwarp[0]: 169 frames in 2.0 s: 133778 B/frame, wait-prev 0.0 ms, wall 10.0 ms, nxvc passA 2.2 passB 3.1 gpu 5.3 ms; holes 0, refused 0
09-09 20:12:08.541 22070 10703 I WiVRn   : [2026-09-09 20:12:08.541] [WiVRn] [info] nxwarp[0] gpu duty 446 ms/s (45% of one GPU) for decode alone; the display pass is extra
09-09 20:12:08.541 22070 10703 I WiVRn   : [2026-09-09 20:12:08.541] [WiVRn] [info] nxwarp[0] passB 3.1 ms = warp 0.0 + skip 0.0 + coded 0.0 + dir 0.0 + other 3.1; tiles skip 0 / coded 2312 / dir 0 (eye pass 0)
09-09 20:12:08.541 22070 10703 I WiVRn   : [2026-09-09 20:12:08.541] [WiVRn] [info] nxwarp[0]: 82 frames dropped late (queue kept to 1)
09-09 20:12:08.541 22070 10703 I WiVRn   : [2026-09-09 20:12:08.541] [WiVRn] [info] nxwarp[0] stage: gap 1.9 | wait-prev 0.0 | submit 1.0 (qlock 0.0 + codec 1.0) | get_free 0.0 | fence-pre 0.0 | record 0.0 | qsubmit 0.0 | fence-post 8.9 | publish 0.0 ms; withheld 0, stride 1, arrival 11.2 ms
09-09 20:12:08.541 22070 10703 I WiVRn   : [2026-09-09 20:12:08.541] [WiVRn] [info] nxwarp[0] reassembly (network thread): 0.09 ms/frame over 169 frames, buffer 131 kB held for 131 kB of unit (1.0x)
09-09 20:12:08.541 22070 10703 I WiVRn   : [2026-09-09 20:12:08.541] [WiVRn] [info] nxwarp[0] fence-post 8.9 ms = nxvc gpu 5.3 + copy gpu 0.00 + queue 3.6 (over 169 frames with timestamps)
09-09 20:12:08.590 22070 10656 I WiVRn   : [2026-09-09 20:12:08.590] [WiVRn] [info] render: 177 iterations in 2.0 s (88.1/s), 177 submitted a layer, 162 new-source, 0 skipped by the repeat gate, 0 with nothing to show; display period 11.4 ms
09-09 20:12:08.590 22070 10656 I WiVRn   : [2026-09-09 20:12:08.590] [WiVRn] [info] render: ready wait attempts 47 success 32 total 119.432 ms | selected older than available 0
09-09 20:12:08.590 22070 10656 I WiVRn   : [2026-09-09 20:12:08.590] [WiVRn] [info] render: selected source transitions forward 162 backward 0 repeat 15, greatest forward gap 2
09-09 20:12:08.590 22070 10656 I WiVRn   : [2026-09-09 20:12:08.590] [WiVRn] [info] render: this app's own GPU pass 5.6 ms per iteration
09-09 20:12:08.590 22070 10656 I WiVRn   : [2026-09-09 20:12:08.590] [WiVRn] [info] render: defoveate 2160x2160 per eye x2 = 9.33 Mpx/frame at scale 1.00 atlas-prototype 0; 15 re-presented from the cache (reduce_gpu_load on)
09-09 20:12:08.590 22070 10656 I WiVRn   : [2026-09-09 20:12:08.590] [WiVRn] [info] render: shader path sharpness 0.00 fsr false alpha false motion false blend false glow 0.00 vignette 0.00 deband 0.00 lowpoly 0.00 levels 0 full-kernel false
09-09 20:12:08.590 22070 10656 I WiVRn   : [2026-09-09 20:12:08.590] [WiVRn] [info] render: per iteration fence 2.7 (worst 11.4) | queries 0.0 | submit 0.0 | whole render() 4.0 ms
09-09 20:12:08.590 22070 10656 I WiVRn   : [2026-09-09 20:12:08.590] [WiVRn] [info] render: jit on | wake slack 37.3 ms | slept 0.8 ms mean (max 11.7, 177 of 177 iterations) | budget 12.7 = pass 11.7 + margin 1.0 | sleep cap 0.6 ms
09-09 20:12:08.590 22070 10656 I WiVRn   : [2026-09-09 20:12:08.590] [WiVRn] [info] render: source display-time offset 60.0 ms mean (worst 80.0) over 177 frames | submit lead 32.4 ms mean (worst 19.6) | misses: 0 overrun 0 late 1 skipped refresh
09-09 20:12:09.121 22070 10705 I WiVRn   : [2026-09-09 20:12:09.121] [WiVRn] [info] Tracking pattern (11110µs):
09-09 20:12:09.121 22070 10705 I WiVRn   : [2026-09-09 20:12:09.121] [WiVRn] [info] 	t+4740µs HEAD (6370µs)
09-09 20:12:09.121 22070 10705 I WiVRn   : [2026-09-09 20:12:09.121] [WiVRn] [info] 	t+4888µs LEFT_GRIP (6222µs)
09-09 20:12:09.121 22070 10705 I WiVRn   : [2026-09-09 20:12:09.121] [WiVRn] [info] 	t+4895µs RIGHT_GRIP (6215µs)
09-09 20:12:09.121 22070 10705 I WiVRn   : [2026-09-09 20:12:09.121] [WiVRn] [info] 	t+7740µs HEAD (3370µs)
09-09 20:12:09.121 22070 10705 I WiVRn   : [2026-09-09 20:12:09.121] [WiVRn] [info] 	t+7888µs LEFT_GRIP (3222µs)
09-09 20:12:09.121 22070 10705 I WiVRn   : [2026-09-09 20:12:09.121] [WiVRn] [info] 	t+7895µs RIGHT_GRIP (3215µs)
09-09 20:12:09.448 22070 10651 I PxrMetric: FPS=88/90,MTP=29.34ms,AppSW=off,FrmEarly=11,FrmLate=3,FrmCpu=2.20ms,FrmGpu=7.08ms,FrmTime=10.14ms,ATWGPU=1.55ms,VsyncDelay=1,GPU=97%/587Mhz,GPUTemp=74.0C,LayerCnt=3,Pkg=org.meumeu.wivrn.nx.warp,FrmId=6063
09-09 20:12:09.807 22070 10700 I WiVRn   : [2026-09-09 20:12:09.807] [WiVRn] [info] nxwarp[0] net: 171 frames closed in 2.0 s, 0 with a hole, 0 out-of-order datagrams, 0 frames completed late, 0 queued for the worker, 5421 decoded so far, 5610 stragglers dropped; last hole 0/0 chunks, first missing -1, short false, chunk 1166 B
09-09 20:12:09.807 22070 10700 I WiVRn   : [2026-09-09 20:12:09.807] [WiVRn] [info] nxwarp[0] net: 0.029 ms per datagram over 28639 datagrams (417.10 ms of every second)
09-09 20:12:09.807 22070 10700 I WiVRn   : [2026-09-09 20:12:09.807] [WiVRn] [info] nxwarp[0] sel: stride 1, arrival 11.9 ms, dropped-late 82, withheld 0, decoded 5421
09-09 20:12:09.807 22070 10700 I WiVRn   : [2026-09-09 20:12:09.807] [WiVRn] [info] nxwarp[0] rx: 957608 datagrams, placed 10644436 (+241724), late 84816 (+5129), stale_frame 0, bad_range 0, bad_dir 0, bad_caps 0, bad_ver 0, auth_fail 0, replay 0, frozen 0, dup 298
09-09 20:12:10.121 22070 10705 I WiVRn   : [2026-09-09 20:12:10.121] [WiVRn] [info] Tracking pattern (11115µs):
09-09 20:12:10.121 22070 10705 I WiVRn   : [2026-09-09 20:12:10.121] [WiVRn] [info] 	t+4500µs HEAD (6615µs)
09-09 20:12:10.121 22070 10705 I WiVRn   : [2026-09-09 20:12:10.121] [WiVRn] [info] 	t+4617µs LEFT_GRIP (6497µs)
09-09 20:12:10.121 22070 10705 I WiVRn   : [2026-09-09 20:12:10.121] [WiVRn] [info] 	t+4636µs RIGHT_GRIP (6478µs)
09-09 20:12:10.121 22070 10705 I WiVRn   : [2026-09-09 20:12:10.121] [WiVRn] [info] 	t+7500µs HEAD (3615µs)
09-09 20:12:10.121 22070 10705 I WiVRn   : [2026-09-09 20:12:10.121] [WiVRn] [info] 	t+7617µs LEFT_GRIP (3497µs)
09-09 20:12:10.121 22070 10705 I WiVRn   : [2026-09-09 20:12:10.121] [WiVRn] [info] 	t+7636µs RIGHT_GRIP (3478µs)
09-09 20:12:10.452 22070 10651 I PxrMetric: FPS=90/90,MTP=32.59ms,AppSW=off,FrmEarly=12,FrmLate=12,FrmCpu=1.69ms,FrmGpu=7.01ms,FrmTime=9.84ms,ATWGPU=1.55ms,VsyncDelay=1,GPU=99%/587Mhz,GPUTemp=74.4C,LayerCnt=3,Pkg=org.meumeu.wivrn.nx.warp,FrmId=6151
09-09 20:12:10.548 22070 10703 I WiVRn   : [2026-09-09 20:12:10.548] [WiVRn] [info] nxwarp[0]: 171 frames in 2.0 s: 135553 B/frame, wait-prev 0.0 ms, wall 9.6 ms, nxvc passA 2.2 passB 2.9 gpu 5.1 ms; holes 0, refused 0
09-09 20:12:10.548 22070 10703 I WiVRn   : [2026-09-09 20:12:10.548] [WiVRn] [info] nxwarp[0] gpu duty 438 ms/s (44% of one GPU) for decode alone; the display pass is extra
09-09 20:12:10.548 22070 10703 I WiVRn   : [2026-09-09 20:12:10.548] [WiVRn] [info] nxwarp[0] passB 2.9 ms = warp 0.0 + skip 0.0 + coded 0.0 + dir 0.0 + other 2.9; tiles skip 0 / coded 2312 / dir 0 (eye pass 0)
09-09 20:12:10.548 22070 10703 I WiVRn   : [2026-09-09 20:12:10.548] [WiVRn] [info] nxwarp[0]: 82 frames dropped late (queue kept to 1)
09-09 20:12:10.548 22070 10703 I WiVRn   : [2026-09-09 20:12:10.548] [WiVRn] [info] nxwarp[0] stage: gap 2.1 | wait-prev 0.0 | submit 1.0 (qlock 0.0 + codec 1.0) | get_free 0.0 | fence-pre 0.0 | record 0.0 | qsubmit 0.0 | fence-post 8.5 | publish 0.0 ms; withheld 0, stride 1, arrival 11.4 ms
09-09 20:12:10.548 22070 10703 I WiVRn   : [2026-09-09 20:12:10.548] [WiVRn] [info] nxwarp[0] reassembly (network thread): 0.07 ms/frame over 170 frames, buffer 132 kB held for 132 kB of unit (1.0x)
09-09 20:12:10.548 22070 10703 I WiVRn   : [2026-09-09 20:12:10.548] [WiVRn] [info] nxwarp[0] fence-post 8.6 ms = nxvc gpu 5.1 + copy gpu 0.00 + queue 3.4 (over 171 frames with timestamps)
09-09 20:12:10.599 22070 10656 I WiVRn   : [2026-09-09 20:12:10.599] [WiVRn] [info] render: 178 iterations in 2.0 s (88.6/s), 178 submitted a layer, 163 new-source, 0 skipped by the repeat gate, 0 with nothing to show; display period 11.2 ms
09-09 20:12:10.599 22070 10656 I WiVRn   : [2026-09-09 20:12:10.599] [WiVRn] [info] render: ready wait attempts 73 success 58 total 183.436 ms | selected older than available 0
09-09 20:12:10.599 22070 10656 I WiVRn   : [2026-09-09 20:12:10.599] [WiVRn] [info] render: selected source transitions forward 163 backward 0 repeat 15, greatest forward gap 2
09-09 20:12:10.599 22070 10656 I WiVRn   : [2026-09-09 20:12:10.599] [WiVRn] [info] render: this app's own GPU pass 5.7 ms per iteration
09-09 20:12:10.599 22070 10656 I WiVRn   : [2026-09-09 20:12:10.599] [WiVRn] [info] render: defoveate 2160x2160 per eye x2 = 9.33 Mpx/frame at scale 1.00 atlas-prototype 0; 15 re-presented from the cache (reduce_gpu_load on)
09-09 20:12:10.599 22070 10656 I WiVRn   : [2026-09-09 20:12:10.599] [WiVRn] [info] render: shader path sharpness 0.00 fsr false alpha false motion false blend false glow 0.00 vignette 0.00 deband 0.00 lowpoly 0.00 levels 0 full-kernel false
09-09 20:12:10.599 22070 10656 I WiVRn   : [2026-09-09 20:12:10.599] [WiVRn] [info] render: per iteration fence 1.3 (worst 11.3) | queries 0.0 | submit 0.0 | whole render() 2.9 ms
09-09 20:12:10.599 22070 10656 I WiVRn   : [2026-09-09 20:12:10.599] [WiVRn] [info] render: jit on | wake slack 35.8 ms | slept 0.8 ms mean (max 11.7, 178 of 178 iterations) | budget 12.1 = pass 11.1 + margin 1.0 | sleep cap 0.6 ms
09-09 20:12:10.599 22070 10656 I WiVRn   : [2026-09-09 20:12:10.599] [WiVRn] [info] render: source display-time offset 58.3 ms mean (worst 80.1) over 178 frames | submit lead 32.1 ms mean (worst 22.7) | misses: 0 overrun 0 late 1 skipped refresh
09-09 20:12:11.121 22070 10705 I WiVRn   : [2026-09-09 20:12:11.121] [WiVRn] [info] Tracking pattern (11111µs):
09-09 20:12:11.121 22070 10705 I WiVRn   : [2026-09-09 20:12:11.121] [WiVRn] [info] 	t+4761µs HEAD (6349µs)
09-09 20:12:11.121 22070 10705 I WiVRn   : [2026-09-09 20:12:11.121] [WiVRn] [info] 	t+4848µs LEFT_GRIP (6263µs)
09-09 20:12:11.121 22070 10705 I WiVRn   : [2026-09-09 20:12:11.121] [WiVRn] [info] 	t+4855µs RIGHT_GRIP (6255µs)
09-09 20:12:11.121 22070 10705 I WiVRn   : [2026-09-09 20:12:11.121] [WiVRn] [info] 	t+7761µs HEAD (3349µs)
09-09 20:12:11.121 22070 10705 I WiVRn   : [2026-09-09 20:12:11.121] [WiVRn] [info] 	t+7848µs LEFT_GRIP (3263µs)
09-09 20:12:11.121 22070 10705 I WiVRn   : [2026-09-09 20:12:11.121] [WiVRn] [info] 	t+7855µs RIGHT_GRIP (3255µs)
09-09 20:12:11.463 22070 10651 I PxrMetric: FPS=88/90,MTP=34.28ms,AppSW=off,FrmEarly=15,FrmLate=13,FrmCpu=1.55ms,FrmGpu=8.33ms,FrmTime=11.57ms,ATWGPU=1.54ms,VsyncDelay=1,GPU=99%/587Mhz,GPUTemp=74.4C,LayerCnt=3,Pkg=org.meumeu.wivrn.nx.warp,FrmId=6241
09-09 20:12:11.817 22070 10700 I WiVRn   : [2026-09-09 20:12:11.817] [WiVRn] [info] nxwarp[0] net: 173 frames closed in 2.0 s, 0 with a hole, 0 out-of-order datagrams, 0 frames completed late, 0 queued for the worker, 5593 decoded so far, 5783 stragglers dropped; last hole 0/0 chunks, first missing -1, short false, chunk 1166 B
09-09 20:12:11.817 22070 10700 I WiVRn   : [2026-09-09 20:12:11.817] [WiVRn] [info] nxwarp[0] net: 0.028 ms per datagram over 29650 datagrams (418.84 ms of every second)
09-09 20:12:11.817 22070 10700 I WiVRn   : [2026-09-09 20:12:11.817] [WiVRn] [info] nxwarp[0] sel: stride 1, arrival 11.1 ms, dropped-late 82, withheld 0, decoded 5593
09-09 20:12:11.817 22070 10700 I WiVRn   : [2026-09-09 20:12:11.817] [WiVRn] [info] nxwarp[0] rx: 987258 datagrams, placed 10989311 (+344875), late 86701 (+1885), stale_frame 0, bad_range 0, bad_dir 0, bad_caps 0, bad_ver 0, auth_fail 0, replay 0, frozen 0, dup 305
09-09 20:12:12.121 22070 10705 I WiVRn   : [2026-09-09 20:12:12.121] [WiVRn] [info] Tracking pattern (11121µs):
09-09 20:12:12.121 22070 10705 I WiVRn   : [2026-09-09 20:12:12.121] [WiVRn] [info] 	t+4370µs HEAD (6750µs)
09-09 20:12:12.121 22070 10705 I WiVRn   : [2026-09-09 20:12:12.121] [WiVRn] [info] 	t+4413µs LEFT_GRIP (6707µs)
09-09 20:12:12.121 22070 10705 I WiVRn   : [2026-09-09 20:12:12.121] [WiVRn] [info] 	t+4422µs RIGHT_GRIP (6698µs)
09-09 20:12:12.121 22070 10705 I WiVRn   : [2026-09-09 20:12:12.121] [WiVRn] [info] 	t+7370µs HEAD (3750µs)
09-09 20:12:12.121 22070 10705 I WiVRn   : [2026-09-09 20:12:12.121] [WiVRn] [info] 	t+7413µs LEFT_GRIP (3707µs)
09-09 20:12:12.121 22070 10705 I WiVRn   : [2026-09-09 20:12:12.121] [WiVRn] [info] 	t+7422µs RIGHT_GRIP (3698µs)
09-09 20:12:12.467 22070 10651 I PxrMetric: FPS=89/90,MTP=31.37ms,AppSW=off,FrmEarly=6,FrmLate=11,FrmCpu=0.53ms,FrmGpu=11.03ms,FrmTime=19.21ms,ATWGPU=1.54ms,VsyncDelay=2,GPU=99%/587Mhz,GPUTemp=73.3C,LayerCnt=3,Pkg=org.meumeu.wivrn.nx.warp,FrmId=6330
09-09 20:12:12.549 22070 10703 I WiVRn   : [2026-09-09 20:12:12.549] [WiVRn] [info] nxwarp[0]: 170 frames in 2.0 s: 124984 B/frame, wait-prev 0.0 ms, wall 9.9 ms, nxvc passA 2.1 passB 3.0 gpu 5.2 ms; holes 0, refused 0
09-09 20:12:12.549 22070 10703 I WiVRn   : [2026-09-09 20:12:12.549] [WiVRn] [info] nxwarp[0] gpu duty 440 ms/s (44% of one GPU) for decode alone; the display pass is extra
09-09 20:12:12.550 22070 10703 I WiVRn   : [2026-09-09 20:12:12.550] [WiVRn] [info] nxwarp[0] passB 3.0 ms = warp 0.0 + skip 0.0 + coded 0.0 + dir 0.0 + other 3.0; tiles skip 0 / coded 2312 / dir 0 (eye pass 0)
09-09 20:12:12.550 22070 10703 I WiVRn   : [2026-09-09 20:12:12.550] [WiVRn] [info] nxwarp[0]: 82 frames dropped late (queue kept to 1)
09-09 20:12:12.550 22070 10703 I WiVRn   : [2026-09-09 20:12:12.550] [WiVRn] [info] nxwarp[0] stage: gap 1.9 | wait-prev 0.0 | submit 1.0 (qlock 0.0 + codec 1.0) | get_free 0.0 | fence-pre 0.0 | record 0.0 | qsubmit 0.0 | fence-post 8.9 | publish 0.0 ms; withheld 0, stride 1, arrival 12.6 ms
09-09 20:12:12.550 22070 10703 I WiVRn   : [2026-09-09 20:12:12.550] [WiVRn] [info] nxwarp[0] reassembly (network thread): 0.08 ms/frame over 170 frames, buffer 122 kB held for 122 kB of unit (1.0x)
09-09 20:12:12.550 22070 10703 I WiVRn   : [2026-09-09 20:12:12.550] [WiVRn] [info] nxwarp[0] fence-post 8.9 ms = nxvc gpu 5.2 + copy gpu 0.00 + queue 3.7 (over 170 frames with timestamps)
09-09 20:12:12.610 22070 10656 I WiVRn   : [2026-09-09 20:12:12.610] [WiVRn] [info] render: 179 iterations in 2.0 s (89.2/s), 179 submitted a layer, 168 new-source, 0 skipped by the repeat gate, 0 with nothing to show; display period 11.2 ms
09-09 20:12:12.610 22070 10656 I WiVRn   : [2026-09-09 20:12:12.610] [WiVRn] [info] render: ready wait attempts 47 success 36 total 124.180 ms | selected older than available 0
09-09 20:12:12.610 22070 10656 I WiVRn   : [2026-09-09 20:12:12.610] [WiVRn] [info] render: selected source transitions forward 168 backward 0 repeat 11, greatest forward gap 2
09-09 20:12:12.610 22070 10656 I WiVRn   : [2026-09-09 20:12:12.610] [WiVRn] [info] render: this app's own GPU pass 5.8 ms per iteration
09-09 20:12:12.610 22070 10656 I WiVRn   : [2026-09-09 20:12:12.610] [WiVRn] [info] render: defoveate 2160x2160 per eye x2 = 9.33 Mpx/frame at scale 1.00 atlas-prototype 0; 11 re-presented from the cache (reduce_gpu_load on)
09-09 20:12:12.610 22070 10656 I WiVRn   : [2026-09-09 20:12:12.610] [WiVRn] [info] render: shader path sharpness 0.00 fsr false alpha false motion false blend false glow 0.00 vignette 0.00 deband 0.00 lowpoly 0.00 levels 0 full-kernel false
09-09 20:12:12.610 22070 10656 I WiVRn   : [2026-09-09 20:12:12.610] [WiVRn] [info] render: per iteration fence 3.2 (worst 11.5) | queries 0.0 | submit 0.0 | whole render() 4.5 ms
09-09 20:12:12.610 22070 10656 I WiVRn   : [2026-09-09 20:12:12.610] [WiVRn] [info] render: jit on | wake slack 37.6 ms | slept 0.6 ms mean (max 0.6, 179 of 179 iterations) | budget 12.3 = pass 11.3 + margin 1.0 | sleep cap 0.6 ms
09-09 20:12:12.610 22070 10656 I WiVRn   : [2026-09-09 20:12:12.610] [WiVRn] [info] render: source display-time offset 59.6 ms mean (worst 80.3) over 179 frames | submit lead 32.5 ms mean (worst 25.3) | misses: 0 overrun 0 late 0 skipped refresh
09-09 20:12:13.121 22070 10705 I WiVRn   : [2026-09-09 20:12:13.121] [WiVRn] [info] Tracking pattern (11110µs):
09-09 20:12:13.121 22070 10705 I WiVRn   : [2026-09-09 20:12:13.121] [WiVRn] [info] 	t+4704µs HEAD (6406µs)
09-09 20:12:13.121 22070 10705 I WiVRn   : [2026-09-09 20:12:13.121] [WiVRn] [info] 	t+4741µs LEFT_GRIP (6368µs)
09-09 20:12:13.121 22070 10705 I WiVRn   : [2026-09-09 20:12:13.121] [WiVRn] [info] 	t+4748µs RIGHT_GRIP (6362µs)
09-09 20:12:13.121 22070 10705 I WiVRn   : [2026-09-09 20:12:13.121] [WiVRn] [info] 	t+7704µs HEAD (3406µs)
09-09 20:12:13.121 22070 10705 I WiVRn   : [2026-09-09 20:12:13.121] [WiVRn] [info] 	t+7741µs LEFT_GRIP (3368µs)
09-09 20:12:13.121 22070 10705 I WiVRn   : [2026-09-09 20:12:13.121] [WiVRn] [info] 	t+7748µs RIGHT_GRIP (3362µs)
09-09 20:12:13.474 22070 10651 I PxrMetric: FPS=89/90,MTP=35.29ms,AppSW=off,FrmEarly=14,FrmLate=10,FrmCpu=0.70ms,FrmGpu=10.66ms,FrmTime=18.17ms,ATWGPU=1.54ms,VsyncDelay=2,GPU=99%/587Mhz,GPUTemp=73.6C,LayerCnt=3,Pkg=org.meumeu.wivrn.nx.warp,FrmId=6419
09-09 20:12:13.818 22070 10700 I WiVRn   : [2026-09-09 20:12:13.818] [WiVRn] [info] nxwarp[0] net: 165 frames closed in 2.0 s, 0 with a hole, 0 out-of-order datagrams, 0 frames completed late, 0 queued for the worker, 5759 decoded so far, 5948 stragglers dropped; last hole 0/0 chunks, first missing -1, short false, chunk 1166 B
09-09 20:12:13.818 22070 10700 I WiVRn   : [2026-09-09 20:12:13.818] [WiVRn] [info] nxwarp[0] net: 0.029 ms per datagram over 28254 datagrams (409.11 ms of every second)
09-09 20:12:13.818 22070 10700 I WiVRn   : [2026-09-09 20:12:13.818] [WiVRn] [info] nxwarp[0] sel: stride 1, arrival 13.9 ms, dropped-late 82, withheld 0, decoded 5759
09-09 20:12:13.818 22070 10700 I WiVRn   : [2026-09-09 20:12:13.818] [WiVRn] [info] nxwarp[0] rx: 1015512 datagrams, placed 11270115 (+280804), late 90512 (+3811), stale_frame 0, bad_range 0, bad_dir 0, bad_caps 0, bad_ver 0, auth_fail 0, replay 0, frozen 0, dup 318
09-09 20:12:14.121 22070 10705 I WiVRn   : [2026-09-09 20:12:14.121] [WiVRn] [info] Tracking pattern (11111µs):
09-09 20:12:14.121 22070 10705 I WiVRn   : [2026-09-09 20:12:14.121] [WiVRn] [info] 	t+4682µs HEAD (6429µs)
09-09 20:12:14.121 22070 10705 I WiVRn   : [2026-09-09 20:12:14.121] [WiVRn] [info] 	t+4747µs LEFT_GRIP (6364µs)
09-09 20:12:14.121 22070 10705 I WiVRn   : [2026-09-09 20:12:14.121] [WiVRn] [info] 	t+5303µs RIGHT_GRIP (5808µs)
09-09 20:12:14.121 22070 10705 I WiVRn   : [2026-09-09 20:12:14.121] [WiVRn] [info] 	t+7682µs HEAD (3429µs)
09-09 20:12:14.121 22070 10705 I WiVRn   : [2026-09-09 20:12:14.121] [WiVRn] [info] 	t+7747µs LEFT_GRIP (3364µs)
09-09 20:12:14.121 22070 10705 I WiVRn   : [2026-09-09 20:12:14.121] [WiVRn] [info] 	t+8303µs RIGHT_GRIP (2808µs)
09-09 20:12:14.477 22070 10651 I PxrMetric: FPS=88/90,MTP=32.40ms,AppSW=off,FrmEarly=16,FrmLate=5,FrmCpu=0.88ms,FrmGpu=8.82ms,FrmTime=10.70ms,ATWGPU=1.54ms,VsyncDelay=1,GPU=94%/587Mhz,GPUTemp=74.0C,LayerCnt=3,Pkg=org.meumeu.wivrn.nx.warp,FrmId=6508
09-09 20:12:14.557 22070 10703 I WiVRn   : [2026-09-09 20:12:14.557] [WiVRn] [info] nxwarp[0]: 165 frames in 2.0 s: 142115 B/frame, wait-prev 0.0 ms, wall 10.1 ms, nxvc passA 2.3 passB 3.1 gpu 5.4 ms; holes 0, refused 0
09-09 20:12:14.557 22070 10703 I WiVRn   : [2026-09-09 20:12:14.557] [WiVRn] [info] nxwarp[0] gpu duty 447 ms/s (45% of one GPU) for decode alone; the display pass is extra
09-09 20:12:14.557 22070 10703 I WiVRn   : [2026-09-09 20:12:14.557] [WiVRn] [info] nxwarp[0] passB 3.1 ms = warp 0.0 + skip 0.0 + coded 0.0 + dir 0.0 + other 3.1; tiles skip 0 / coded 2312 / dir 0 (eye pass 0)
09-09 20:12:14.557 22070 10703 I WiVRn   : [2026-09-09 20:12:14.557] [WiVRn] [info] nxwarp[0]: 82 frames dropped late (queue kept to 1)
09-09 20:12:14.557 22070 10703 I WiVRn   : [2026-09-09 20:12:14.557] [WiVRn] [info] nxwarp[0] stage: gap 2.1 | wait-prev 0.0 | submit 1.0 (qlock 0.0 + codec 1.0) | get_free 0.0 | fence-pre 0.0 | record 0.0 | qsubmit 0.0 | fence-post 9.0 | publish 0.0 ms; withheld 0, stride 1, arrival 12.0 ms
09-09 20:12:14.557 22070 10703 I WiVRn   : [2026-09-09 20:12:14.557] [WiVRn] [info] nxwarp[0] reassembly (network thread): 0.07 ms/frame over 165 frames, buffer 139 kB held for 139 kB of unit (1.0x)
09-09 20:12:14.557 22070 10703 I WiVRn   : [2026-09-09 20:12:14.557] [WiVRn] [info] nxwarp[0] fence-post 9.0 ms = nxvc gpu 5.4 + copy gpu 0.00 + queue 3.6 (over 165 frames with timestamps)
09-09 20:12:14.612 22070 10656 I WiVRn   : [2026-09-09 20:12:14.612] [WiVRn] [info] render: 177 iterations in 2.0 s (88.4/s), 177 submitted a layer, 162 new-source, 0 skipped by the repeat gate, 0 with nothing to show; display period 11.3 ms
09-09 20:12:14.612 22070 10656 I WiVRn   : [2026-09-09 20:12:14.612] [WiVRn] [info] render: ready wait attempts 57 success 42 total 148.147 ms | selected older than available 0
09-09 20:12:14.612 22070 10656 I WiVRn   : [2026-09-09 20:12:14.612] [WiVRn] [info] render: selected source transitions forward 162 backward 0 repeat 15, greatest forward gap 2
09-09 20:12:14.612 22070 10656 I WiVRn   : [2026-09-09 20:12:14.612] [WiVRn] [info] render: this app's own GPU pass 5.6 ms per iteration
09-09 20:12:14.612 22070 10656 I WiVRn   : [2026-09-09 20:12:14.612] [WiVRn] [info] render: defoveate 2160x2160 per eye x2 = 9.33 Mpx/frame at scale 1.00 atlas-prototype 0; 15 re-presented from the cache (reduce_gpu_load on)
09-09 20:12:14.612 22070 10656 I WiVRn   : [2026-09-09 20:12:14.612] [WiVRn] [info] render: shader path sharpness 0.00 fsr false alpha false motion false blend false glow 0.00 vignette 0.00 deband 0.00 lowpoly 0.00 levels 0 full-kernel false
09-09 20:12:14.612 22070 10656 I WiVRn   : [2026-09-09 20:12:14.612] [WiVRn] [info] render: per iteration fence 1.8 (worst 11.8) | queries 0.0 | submit 0.0 | whole render() 3.3 ms
09-09 20:12:14.612 22070 10656 I WiVRn   : [2026-09-09 20:12:14.612] [WiVRn] [info] render: jit on | wake slack 36.4 ms | slept 0.8 ms mean (max 11.7, 177 of 177 iterations) | budget 12.4 = pass 11.4 + margin 1.0 | sleep cap 0.6 ms
09-09 20:12:14.612 22070 10656 I WiVRn   : [2026-09-09 20:12:14.612] [WiVRn] [info] render: source display-time offset 60.0 ms mean (worst 80.4) over 177 frames | submit lead 32.3 ms mean (worst 21.2) | misses: 0 overrun 0 late 1 skipped refresh
09-09 20:12:15.121 22070 10705 I WiVRn   : [2026-09-09 20:12:15.121] [WiVRn] [info] Tracking pattern (11111µs):
09-09 20:12:15.121 22070 10705 I WiVRn   : [2026-09-09 20:12:15.121] [WiVRn] [info] 	t+4466µs HEAD (6644µs)
09-09 20:12:15.121 22070 10705 I WiVRn   : [2026-09-09 20:12:15.121] [WiVRn] [info] 	t+4510µs LEFT_GRIP (6600µs)
09-09 20:12:15.121 22070 10705 I WiVRn   : [2026-09-09 20:12:15.121] [WiVRn] [info] 	t+4518µs RIGHT_GRIP (6592µs)
09-09 20:12:15.121 22070 10705 I WiVRn   : [2026-09-09 20:12:15.121] [WiVRn] [info] 	t+7466µs HEAD (3644µs)
09-09 20:12:15.121 22070 10705 I WiVRn   : [2026-09-09 20:12:15.121] [WiVRn] [info] 	t+7510µs LEFT_GRIP (3600µs)
09-09 20:12:15.121 22070 10705 I WiVRn   : [2026-09-09 20:12:15.121] [WiVRn] [info] 	t+7518µs RIGHT_GRIP (3592µs)
09-09 20:12:15.477 22070 10651 I PxrMetric: FPS=89/90,MTP=32.32ms,AppSW=off,FrmEarly=13,FrmLate=14,FrmCpu=0.79ms,FrmGpu=9.02ms,FrmTime=10.82ms,ATWGPU=1.54ms,VsyncDelay=1,GPU=99%/587Mhz,GPUTemp=74.4C,LayerCnt=3,Pkg=org.meumeu.wivrn.nx.warp,FrmId=6595
09-09 20:12:15.828 22070 10700 I WiVRn   : [2026-09-09 20:12:15.828] [WiVRn] [info] nxwarp[0] net: 167 frames closed in 2.0 s, 0 with a hole, 0 out-of-order datagrams, 0 frames completed late, 0 queued for the worker, 5925 decoded so far, 6115 stragglers dropped; last hole 0/0 chunks, first missing -1, short false, chunk 1166 B
09-09 20:12:15.828 22070 10700 I WiVRn   : [2026-09-09 20:12:15.828] [WiVRn] [info] nxwarp[0] net: 0.032 ms per datagram over 26071 datagrams (418.02 ms of every second)
09-09 20:12:15.828 22070 10700 I WiVRn   : [2026-09-09 20:12:15.828] [WiVRn] [info] nxwarp[0] sel: stride 1, arrival 11.2 ms, dropped-late 82, withheld 0, decoded 5925
09-09 20:12:15.828 22070 10700 I WiVRn   : [2026-09-09 20:12:15.828] [WiVRn] [info] nxwarp[0] rx: 1041583 datagrams, placed 11328364 (+58249), late 102560 (+12048), stale_frame 0, bad_range 0, bad_dir 0, bad_caps 0, bad_ver 0, auth_fail 0, replay 0, frozen 0, dup 348
09-09 20:12:16.121 22070 10705 I WiVRn   : [2026-09-09 20:12:16.121] [WiVRn] [info] Tracking pattern (11109µs):
09-09 20:12:16.121 22070 10705 I WiVRn   : [2026-09-09 20:12:16.121] [WiVRn] [info] 	t+4375µs HEAD (6734µs)
09-09 20:12:16.121 22070 10705 I WiVRn   : [2026-09-09 20:12:16.121] [WiVRn] [info] 	t+4419µs LEFT_GRIP (6689µs)
09-09 20:12:16.121 22070 10705 I WiVRn   : [2026-09-09 20:12:16.121] [WiVRn] [info] 	t+4425µs RIGHT_GRIP (6683µs)
09-09 20:12:16.121 22070 10705 I WiVRn   : [2026-09-09 20:12:16.121] [WiVRn] [info] 	t+7375µs HEAD (3734µs)
09-09 20:12:16.121 22070 10705 I WiVRn   : [2026-09-09 20:12:16.121] [WiVRn] [info] 	t+7419µs LEFT_GRIP (3689µs)
09-09 20:12:16.121 22070 10705 I WiVRn   : [2026-09-09 20:12:16.121] [WiVRn] [info] 	t+7425µs RIGHT_GRIP (3683µs)
09-09 20:12:16.486 22070 10651 I PxrMetric: FPS=87/90,MTP=30.56ms,AppSW=off,FrmEarly=12,FrmLate=6,FrmCpu=1.86ms,FrmGpu=6.17ms,FrmTime=8.81ms,ATWGPU=1.54ms,VsyncDelay=1,GPU=99%/587Mhz,GPUTemp=74.8C,LayerCnt=3,Pkg=org.meumeu.wivrn.nx.warp,FrmId=6683
09-09 20:12:16.569 22070 10703 I WiVRn   : [2026-09-09 20:12:16.569] [WiVRn] [info] nxwarp[0]: 169 frames in 2.0 s: 146110 B/frame, wait-prev 0.0 ms, wall 9.9 ms, nxvc passA 2.3 passB 3.1 gpu 5.4 ms; holes 0, refused 0
09-09 20:12:16.569 22070 10703 I WiVRn   : [2026-09-09 20:12:16.569] [WiVRn] [info] nxwarp[0] gpu duty 450 ms/s (45% of one GPU) for decode alone; the display pass is extra
09-09 20:12:16.569 22070 10703 I WiVRn   : [2026-09-09 20:12:16.569] [WiVRn] [info] nxwarp[0] passB 3.1 ms = warp 0.0 + skip 0.0 + coded 0.0 + dir 0.0 + other 3.1; tiles skip 0 / coded 2312 / dir 0 (eye pass 0)
09-09 20:12:16.569 22070 10703 I WiVRn   : [2026-09-09 20:12:16.569] [WiVRn] [info] nxwarp[0]: 82 frames dropped late (queue kept to 1)
09-09 20:12:16.569 22070 10703 I WiVRn   : [2026-09-09 20:12:16.569] [WiVRn] [info] nxwarp[0] stage: gap 2.0 | wait-prev 0.0 | submit 1.0 (qlock 0.0 + codec 1.0) | get_free 0.0 | fence-pre 0.0 | record 0.0 | qsubmit 0.0 | fence-post 8.9 | publish 0.1 ms; withheld 0, stride 1, arrival 11.1 ms
09-09 20:12:16.569 22070 10703 I WiVRn   : [2026-09-09 20:12:16.569] [WiVRn] [info] nxwarp[0] reassembly (network thread): 0.06 ms/frame over 169 frames, buffer 143 kB held for 143 kB of unit (1.0x)
09-09 20:12:16.569 22070 10703 I WiVRn   : [2026-09-09 20:12:16.569] [WiVRn] [info] nxwarp[0] fence-post 8.9 ms = nxvc gpu 5.4 + copy gpu 0.00 + queue 3.5 (over 169 frames with timestamps)
09-09 20:12:16.612 22070 10656 I WiVRn   : [2026-09-09 20:12:16.612] [WiVRn] [info] render: 174 iterations in 2.0 s (86.9/s), 174 submitted a layer, 160 new-source, 0 skipped by the repeat gate, 0 with nothing to show; display period 11.5 ms
09-09 20:12:16.612 22070 10656 I WiVRn   : [2026-09-09 20:12:16.612] [WiVRn] [info] render: ready wait attempts 41 success 27 total 101.891 ms | selected older than available 0
09-09 20:12:16.612 22070 10656 I WiVRn   : [2026-09-09 20:12:16.612] [WiVRn] [info] render: selected source transitions forward 160 backward 0 repeat 14, greatest forward gap 3
09-09 20:12:16.612 22070 10656 I WiVRn   : [2026-09-09 20:12:16.612] [WiVRn] [info] render: this app's own GPU pass 5.7 ms per iteration
09-09 20:12:16.612 22070 10656 I WiVRn   : [2026-09-09 20:12:16.612] [WiVRn] [info] render: defoveate 2160x2160 per eye x2 = 9.33 Mpx/frame at scale 1.00 atlas-prototype 0; 14 re-presented from the cache (reduce_gpu_load on)
09-09 20:12:16.612 22070 10656 I WiVRn   : [2026-09-09 20:12:16.612] [WiVRn] [info] render: shader path sharpness 0.00 fsr false alpha false motion false blend false glow 0.00 vignette 0.00 deband 0.00 lowpoly 0.00 levels 0 full-kernel false
09-09 20:12:16.612 22070 10656 I WiVRn   : [2026-09-09 20:12:16.612] [WiVRn] [info] render: per iteration fence 2.8 (worst 11.5) | queries 0.0 | submit 0.0 | whole render() 4.0 ms
09-09 20:12:16.612 22070 10656 I WiVRn   : [2026-09-09 20:12:16.612] [WiVRn] [info] render: jit on | wake slack 37.4 ms | slept 0.9 ms mean (max 11.7, 174 of 174 iterations) | budget 12.2 = pass 11.2 + margin 1.0 | sleep cap 0.6 ms
09-09 20:12:16.612 22070 10656 I WiVRn   : [2026-09-09 20:12:16.612] [WiVRn] [info] render: source display-time offset 60.3 ms mean (worst 80.3) over 174 frames | submit lead 32.5 ms mean (worst 24.8) | misses: 0 overrun 0 late 1 skipped refresh
09-09 20:12:17.121 22070 10705 I WiVRn   : [2026-09-09 20:12:17.121] [WiVRn] [info] Tracking pattern (11110µs):
09-09 20:12:17.121 22070 10705 I WiVRn   : [2026-09-09 20:12:17.121] [WiVRn] [info] 	t+4237µs HEAD (6872µs)
09-09 20:12:17.121 22070 10705 I WiVRn   : [2026-09-09 20:12:17.121] [WiVRn] [info] 	t+4302µs LEFT_GRIP (6807µs)
09-09 20:12:17.121 22070 10705 I WiVRn   : [2026-09-09 20:12:17.121] [WiVRn] [info] 	t+4314µs RIGHT_GRIP (6796µs)
09-09 20:12:17.121 22070 10705 I WiVRn   : [2026-09-09 20:12:17.121] [WiVRn] [info] 	t+7237µs HEAD (3872µs)
09-09 20:12:17.121 22070 10705 I WiVRn   : [2026-09-09 20:12:17.121] [WiVRn] [info] 	t+7302µs LEFT_GRIP (3807µs)
09-09 20:12:17.121 22070 10705 I WiVRn   : [2026-09-09 20:12:17.121] [WiVRn] [info] 	t+7314µs RIGHT_GRIP (3796µs)
09-09 20:12:17.497 22070 10651 I PxrMetric: FPS=87/90,MTP=30.25ms,AppSW=off,FrmEarly=5,FrmLate=5,FrmCpu=1.52ms,FrmGpu=8.61ms,FrmTime=11.13ms,ATWGPU=1.54ms,VsyncDelay=1,GPU=98%/587Mhz,GPUTemp=74.4C,LayerCnt=3,Pkg=org.meumeu.wivrn.nx.warp,FrmId=6774
09-09 20:12:17.838 22070 10700 I WiVRn   : [2026-09-09 20:12:17.838] [WiVRn] [info] nxwarp[0] net: 170 frames closed in 2.0 s, 0 with a hole, 0 out-of-order datagrams, 0 frames completed late, 0 queued for the worker, 6095 decoded so far, 6289 stragglers dropped; last hole 0/0 chunks, first missing -1, short false, chunk 1166 B
09-09 20:12:17.838 22070 10700 I WiVRn   : [2026-09-09 20:12:17.838] [WiVRn] [info] nxwarp[0] net: 0.030 ms per datagram over 27619 datagrams (411.69 ms of every second)
09-09 20:12:17.838 22070 10700 I WiVRn   : [2026-09-09 20:12:17.838] [WiVRn] [info] nxwarp[0] sel: stride 1, arrival 10.8 ms, dropped-late 82, withheld 0, decoded 6095
09-09 20:12:17.838 22070 10700 I WiVRn   : [2026-09-09 20:12:17.838] [WiVRn] [info] nxwarp[0] rx: 1069202 datagrams, placed 11539654 (+211290), late 108711 (+6151), stale_frame 0, bad_range 0, bad_dir 0, bad_caps 0, bad_ver 0, auth_fail 0, replay 0, frozen 0, dup 375
09-09 20:12:18.121 22070 10705 I WiVRn   : [2026-09-09 20:12:18.121] [WiVRn] [info] Tracking pattern (11112µs):
09-09 20:12:18.121 22070 10705 I WiVRn   : [2026-09-09 20:12:18.121] [WiVRn] [info] 	t+4173µs HEAD (6939µs)
09-09 20:12:18.121 22070 10705 I WiVRn   : [2026-09-09 20:12:18.121] [WiVRn] [info] 	t+4213µs LEFT_GRIP (6899µs)
09-09 20:12:18.121 22070 10705 I WiVRn   : [2026-09-09 20:12:18.121] [WiVRn] [info] 	t+4222µs RIGHT_GRIP (6890µs)
09-09 20:12:18.121 22070 10705 I WiVRn   : [2026-09-09 20:12:18.121] [WiVRn] [info] 	t+7173µs HEAD (3939µs)
09-09 20:12:18.121 22070 10705 I WiVRn   : [2026-09-09 20:12:18.121] [WiVRn] [info] 	t+7213µs LEFT_GRIP (3899µs)
09-09 20:12:18.121 22070 10705 I WiVRn   : [2026-09-09 20:12:18.121] [WiVRn] [info] 	t+7222µs RIGHT_GRIP (3890µs)
09-09 20:12:18.500 22070 10651 I PxrMetric: FPS=90/90,MTP=32.13ms,AppSW=off,FrmEarly=7,FrmLate=6,FrmCpu=0.54ms,FrmGpu=9.80ms,FrmTime=11.35ms,ATWGPU=1.58ms,VsyncDelay=1,GPU=99%/587Mhz,GPUTemp=74.0C,LayerCnt=3,Pkg=org.meumeu.wivrn.nx.warp,FrmId=6863
09-09 20:12:18.572 22070 10703 I WiVRn   : [2026-09-09 20:12:18.572] [WiVRn] [info] nxwarp[0]: 171 frames in 2.0 s: 127778 B/frame, wait-prev 0.0 ms, wall 9.4 ms, nxvc passA 2.0 passB 3.0 gpu 5.0 ms; holes 0, refused 0
09-09 20:12:18.573 22070 10703 I WiVRn   : [2026-09-09 20:12:18.573] [WiVRn] [info] nxwarp[0] gpu duty 430 ms/s (43% of one GPU) for decode alone; the display pass is extra
09-09 20:12:18.573 22070 10703 I WiVRn   : [2026-09-09 20:12:18.573] [WiVRn] [info] nxwarp[0] passB 3.0 ms = warp 0.0 + skip 0.0 + coded 0.0 + dir 0.0 + other 3.0; tiles skip 0 / coded 2312 / dir 0 (eye pass 0)
09-09 20:12:18.573 22070 10703 I WiVRn   : [2026-09-09 20:12:18.573] [WiVRn] [info] nxwarp[0]: 82 frames dropped late (queue kept to 1)
09-09 20:12:18.573 22070 10703 I WiVRn   : [2026-09-09 20:12:18.573] [WiVRn] [info] nxwarp[0] stage: gap 2.4 | wait-prev 0.0 | submit 1.0 (qlock 0.0 + codec 1.0) | get_free 0.0 | fence-pre 0.0 | record 0.0 | qsubmit 0.0 | fence-post 8.3 | publish 0.0 ms; withheld 0, stride 1, arrival 11.0 ms
09-09 20:12:18.573 22070 10703 I WiVRn   : [2026-09-09 20:12:18.573] [WiVRn] [info] nxwarp[0] reassembly (network thread): 0.08 ms/frame over 172 frames, buffer 125 kB held for 125 kB of unit (1.0x)
09-09 20:12:18.573 22070 10703 I WiVRn   : [2026-09-09 20:12:18.573] [WiVRn] [info] nxwarp[0] fence-post 8.3 ms = nxvc gpu 5.0 + copy gpu 0.00 + queue 3.2 (over 171 frames with timestamps)
09-09 20:12:18.624 22070 10656 I WiVRn   : [2026-09-09 20:12:18.624] [WiVRn] [info] render: 180 iterations in 2.0 s (89.7/s), 180 submitted a layer, 171 new-source, 0 skipped by the repeat gate, 0 with nothing to show; display period 11.2 ms
09-09 20:12:18.624 22070 10656 I WiVRn   : [2026-09-09 20:12:18.624] [WiVRn] [info] render: ready wait attempts 38 success 29 total 99.742 ms | selected older than available 0
09-09 20:12:18.624 22070 10656 I WiVRn   : [2026-09-09 20:12:18.624] [WiVRn] [info] render: selected source transitions forward 171 backward 0 repeat 9, greatest forward gap 2
09-09 20:12:18.624 22070 10656 I WiVRn   : [2026-09-09 20:12:18.624] [WiVRn] [info] render: this app's own GPU pass 5.9 ms per iteration
09-09 20:12:18.624 22070 10656 I WiVRn   : [2026-09-09 20:12:18.624] [WiVRn] [info] render: defoveate 2160x2160 per eye x2 = 9.33 Mpx/frame at scale 1.00 atlas-prototype 0; 9 re-presented from the cache (reduce_gpu_load on)
09-09 20:12:18.624 22070 10656 I WiVRn   : [2026-09-09 20:12:18.624] [WiVRn] [info] render: shader path sharpness 0.00 fsr false alpha false motion false blend false glow 0.00 vignette 0.00 deband 0.00 lowpoly 0.00 levels 0 full-kernel false
09-09 20:12:18.624 22070 10656 I WiVRn   : [2026-09-09 20:12:18.624] [WiVRn] [info] render: per iteration fence 1.6 (worst 11.1) | queries 0.0 | submit 0.0 | whole render() 2.8 ms
09-09 20:12:18.624 22070 10656 I WiVRn   : [2026-09-09 20:12:18.624] [WiVRn] [info] render: jit on | wake slack 35.6 ms | slept 0.6 ms mean (max 0.6, 180 of 180 iterations) | budget 12.1 = pass 11.1 + margin 1.0 | sleep cap 0.6 ms
09-09 20:12:18.624 22070 10656 I WiVRn   : [2026-09-09 20:12:18.624] [WiVRn] [info] render: source display-time offset 58.8 ms mean (worst 80.1) over 180 frames | submit lead 32.3 ms mean (worst 25.7) | misses: 0 overrun 0 late 0 skipped refresh
09-09 20:12:19.121 22070 10705 I WiVRn   : [2026-09-09 20:12:19.121] [WiVRn] [info] Tracking pattern (11108µs):
09-09 20:12:19.121 22070 10705 I WiVRn   : [2026-09-09 20:12:19.121] [WiVRn] [info] 	t+3980µs HEAD (7128µs)
09-09 20:12:19.121 22070 10705 I WiVRn   : [2026-09-09 20:12:19.121] [WiVRn] [info] 	t+4193µs LEFT_GRIP (6914µs)
09-09 20:12:19.121 22070 10705 I WiVRn   : [2026-09-09 20:12:19.121] [WiVRn] [info] 	t+4212µs RIGHT_GRIP (6896µs)
09-09 20:12:19.121 22070 10705 I WiVRn   : [2026-09-09 20:12:19.121] [WiVRn] [info] 	t+6980µs HEAD (4128µs)
09-09 20:12:19.121 22070 10705 I WiVRn   : [2026-09-09 20:12:19.121] [WiVRn] [info] 	t+7193µs LEFT_GRIP (3914µs)
09-09 20:12:19.121 22070 10705 I WiVRn   : [2026-09-09 20:12:19.121] [WiVRn] [info] 	t+7212µs RIGHT_GRIP (3896µs)
09-09 20:12:19.507 22070 10651 I PxrMetric: FPS=89/90,MTP=32.79ms,AppSW=off,FrmEarly=8,FrmLate=8,FrmCpu=0.50ms,FrmGpu=8.72ms,FrmTime=9.91ms,ATWGPU=1.55ms,VsyncDelay=1,GPU=95%/587Mhz,GPUTemp=73.6C,LayerCnt=3,Pkg=org.meumeu.wivrn.nx.warp,FrmId=6952
09-09 20:12:19.840 22070 10700 I WiVRn   : [2026-09-09 20:12:19.840] [WiVRn] [info] nxwarp[0] net: 175 frames closed in 2.0 s, 0 with a hole, 0 out-of-order datagrams, 0 frames completed late, 0 queued for the worker, 6271 decoded so far, 6464 stragglers dropped; last hole 0/0 chunks, first missing -1, short false, chunk 1166 B
09-09 20:12:19.840 22070 10700 I WiVRn   : [2026-09-09 20:12:19.840] [WiVRn] [info] nxwarp[0] net: 0.030 ms per datagram over 27909 datagrams (415.38 ms of every second)
09-09 20:12:19.840 22070 10700 I WiVRn   : [2026-09-09 20:12:19.840] [WiVRn] [info] nxwarp[0] sel: stride 1, arrival 11.1 ms, dropped-late 82, withheld 0, decoded 6271
09-09 20:12:19.840 22070 10700 I WiVRn   : [2026-09-09 20:12:19.840] [WiVRn] [info] nxwarp[0] rx: 1097111 datagrams, placed 11944254 (+404600), late 108822 (+111), stale_frame 0, bad_range 0, bad_dir 0, bad_caps 0, bad_ver 0, auth_fail 0, replay 0, frozen 0, dup 375
09-09 20:12:20.121 22070 10705 I WiVRn   : [2026-09-09 20:12:20.121] [WiVRn] [info] Tracking pattern (11112µs):
09-09 20:12:20.121 22070 10705 I WiVRn   : [2026-09-09 20:12:20.121] [WiVRn] [info] 	t+4318µs HEAD (6793µs)
09-09 20:12:20.121 22070 10705 I WiVRn   : [2026-09-09 20:12:20.121] [WiVRn] [info] 	t+4373µs LEFT_GRIP (6739µs)
09-09 20:12:20.121 22070 10705 I WiVRn   : [2026-09-09 20:12:20.121] [WiVRn] [info] 	t+4379µs RIGHT_GRIP (6732µs)
09-09 20:12:20.121 22070 10705 I WiVRn   : [2026-09-09 20:12:20.121] [WiVRn] [info] 	t+7318µs HEAD (3793µs)
09-09 20:12:20.121 22070 10705 I WiVRn   : [2026-09-09 20:12:20.121] [WiVRn] [info] 	t+7373µs LEFT_GRIP (3739µs)
09-09 20:12:20.121 22070 10705 I WiVRn   : [2026-09-09 20:12:20.121] [WiVRn] [info] 	t+7379µs RIGHT_GRIP (3732µs)
09-09 20:12:20.508 22070 10651 I PxrMetric: FPS=88/90,MTP=30.49ms,AppSW=off,FrmEarly=6,FrmLate=0,FrmCpu=1.38ms,FrmGpu=7.44ms,FrmTime=9.56ms,ATWGPU=1.55ms,VsyncDelay=1,GPU=99%/587Mhz,GPUTemp=74.0C,LayerCnt=3,Pkg=org.meumeu.wivrn.nx.warp,FrmId=7042
09-09 20:12:20.576 22070 10703 I WiVRn   : [2026-09-09 20:12:20.576] [WiVRn] [info] nxwarp[0]: 175 frames in 2.0 s: 114201 B/frame, wait-prev 0.0 ms, wall 8.5 ms, nxvc passA 1.7 passB 3.0 gpu 4.7 ms; holes 0, refused 0
09-09 20:12:20.576 22070 10703 I WiVRn   : [2026-09-09 20:12:20.576] [WiVRn] [info] nxwarp[0] gpu duty 410 ms/s (41% of one GPU) for decode alone; the display pass is extra
09-09 20:12:20.576 22070 10703 I WiVRn   : [2026-09-09 20:12:20.576] [WiVRn] [info] nxwarp[0] passB 3.0 ms = warp 0.0 + skip 0.0 + coded 0.0 + dir 0.0 + other 3.0; tiles skip 0 / coded 2312 / dir 0 (eye pass 0)
09-09 20:12:20.576 22070 10703 I WiVRn   : [2026-09-09 20:12:20.576] [WiVRn] [info] nxwarp[0]: 82 frames dropped late (queue kept to 1)
09-09 20:12:20.576 22070 10703 I WiVRn   : [2026-09-09 20:12:20.576] [WiVRn] [info] nxwarp[0] stage: gap 3.0 | wait-prev 0.0 | submit 1.0 (qlock 0.0 + codec 1.0) | get_free 0.0 | fence-pre 0.0 | record 0.0 | qsubmit 0.0 | fence-post 7.4 | publish 0.1 ms; withheld 0, stride 1, arrival 11.4 ms
09-09 20:12:20.576 22070 10703 I WiVRn   : [2026-09-09 20:12:20.576] [WiVRn] [info] nxwarp[0] reassembly (network thread): 0.08 ms/frame over 174 frames, buffer 111 kB held for 111 kB of unit (1.0x)
09-09 20:12:20.576 22070 10703 I WiVRn   : [2026-09-09 20:12:20.576] [WiVRn] [info] nxwarp[0] fence-post 7.4 ms = nxvc gpu 4.7 + copy gpu 0.00 + queue 2.7 (over 175 frames with timestamps)
09-09 20:12:20.624 22070 10656 I WiVRn   : [2026-09-09 20:12:20.624] [WiVRn] [info] render: 178 iterations in 2.0 s (88.8/s), 178 submitted a layer, 172 new-source, 0 skipped by the repeat gate, 0 with nothing to show; display period 11.2 ms
09-09 20:12:20.624 22070 10656 I WiVRn   : [2026-09-09 20:12:20.624] [WiVRn] [info] render: ready wait attempts 42 success 36 total 93.530 ms | selected older than available 0
09-09 20:12:20.624 22070 10656 I WiVRn   : [2026-09-09 20:12:20.624] [WiVRn] [info] render: selected source transitions forward 172 backward 0 repeat 6, greatest forward gap 2
09-09 20:12:20.624 22070 10656 I WiVRn   : [2026-09-09 20:12:20.624] [WiVRn] [info] render: this app's own GPU pass 6.1 ms per iteration
09-09 20:12:20.624 22070 10656 I WiVRn   : [2026-09-09 20:12:20.624] [WiVRn] [info] render: defoveate 2160x2160 per eye x2 = 9.33 Mpx/frame at scale 1.00 atlas-prototype 0; 6 re-presented from the cache (reduce_gpu_load on)
09-09 20:12:20.624 22070 10656 I WiVRn   : [2026-09-09 20:12:20.624] [WiVRn] [info] render: shader path sharpness 0.00 fsr false alpha false motion false blend false glow 0.00 vignette 0.00 deband 0.00 lowpoly 0.00 levels 0 full-kernel false
09-09 20:12:20.624 22070 10656 I WiVRn   : [2026-09-09 20:12:20.624] [WiVRn] [info] render: per iteration fence 1.6 (worst 10.2) | queries 0.0 | submit 0.0 | whole render() 2.7 ms
09-09 20:12:20.624 22070 10656 I WiVRn   : [2026-09-09 20:12:20.624] [WiVRn] [info] render: jit on | wake slack 36.0 ms | slept 0.8 ms mean (max 11.7, 178 of 178 iterations) | budget 10.9 = pass 9.9 + margin 1.0 | sleep cap 0.6 ms
09-09 20:12:20.624 22070 10656 I WiVRn   : [2026-09-09 20:12:20.624] [WiVRn] [info] render: source display-time offset 56.2 ms mean (worst 68.9) over 178 frames | submit lead 32.5 ms mean (worst 18.4) | misses: 0 overrun 0 late 1 skipped refresh
09-09 20:12:21.121 22070 10705 I WiVRn   : [2026-09-09 20:12:21.121] [WiVRn] [info] Tracking pattern (11109µs):
09-09 20:12:21.121 22070 10705 I WiVRn   : [2026-09-09 20:12:21.121] [WiVRn] [info] 	t+3872µs HEAD (7237µs)
09-09 20:12:21.121 22070 10705 I WiVRn   : [2026-09-09 20:12:21.121] [WiVRn] [info] 	t+3951µs LEFT_GRIP (7157µs)
09-09 20:12:21.121 22070 10705 I WiVRn   : [2026-09-09 20:12:21.121] [WiVRn] [info] 	t+3961µs RIGHT_GRIP (7147µs)
09-09 20:12:21.121 22070 10705 I WiVRn   : [2026-09-09 20:12:21.121] [WiVRn] [info] 	t+6872µs HEAD (4237µs)
09-09 20:12:21.121 22070 10705 I WiVRn   : [2026-09-09 20:12:21.121] [WiVRn] [info] 	t+6951µs LEFT_GRIP (4157µs)
09-09 20:12:21.121 22070 10705 I WiVRn   : [2026-09-09 20:12:21.121] [WiVRn] [info] 	t+6961µs RIGHT_GRIP (4147µs)
09-09 20:12:21.513 22070 10651 I PxrMetric: FPS=90/90,MTP=29.26ms,AppSW=off,FrmEarly=0,FrmLate=2,FrmCpu=0.54ms,FrmGpu=10.64ms,FrmTime=19.14ms,ATWGPU=1.56ms,VsyncDelay=2,GPU=99%/587Mhz,GPUTemp=76.8C,LayerCnt=3,Pkg=org.meumeu.wivrn.nx.warp,FrmId=7132
09-09 20:12:21.849 22070 10700 I WiVRn   : [2026-09-09 20:12:21.849] [WiVRn] [info] nxwarp[0] net: 176 frames closed in 2.0 s, 0 with a hole, 0 out-of-order datagrams, 0 frames completed late, 0 queued for the worker, 6447 decoded so far, 6640 stragglers dropped; last hole 0/0 chunks, first missing -1, short false, chunk 1166 B
09-09 20:12:21.849 22070 10700 I WiVRn   : [2026-09-09 20:12:21.849] [WiVRn] [info] nxwarp[0] net: 0.030 ms per datagram over 27446 datagrams (404.32 ms of every second)
09-09 20:12:21.849 22070 10700 I WiVRn   : [2026-09-09 20:12:21.849] [WiVRn] [info] nxwarp[0] sel: stride 1, arrival 11.2 ms, dropped-late 82, withheld 0, decoded 6447
09-09 20:12:21.849 22070 10700 I WiVRn   : [2026-09-09 20:12:21.849] [WiVRn] [info] nxwarp[0] rx: 1124557 datagrams, placed 12351166 (+406912), late 108822 (+0), stale_frame 0, bad_range 0, bad_dir 0, bad_caps 0, bad_ver 0, auth_fail 0, replay 0, frozen 0, dup 375
09-09 20:12:22.121 22070 10705 I WiVRn   : [2026-09-09 20:12:22.121] [WiVRn] [info] Tracking pattern (11116µs):
09-09 20:12:22.121 22070 10705 I WiVRn   : [2026-09-09 20:12:22.121] [WiVRn] [info] 	t+3615µs HEAD (7501µs)
09-09 20:12:22.121 22070 10705 I WiVRn   : [2026-09-09 20:12:22.121] [WiVRn] [info] 	t+3864µs LEFT_GRIP (7251µs)
09-09 20:12:22.121 22070 10705 I WiVRn   : [2026-09-09 20:12:22.121] [WiVRn] [info] 	t+3875µs RIGHT_GRIP (7241µs)
09-09 20:12:22.121 22070 10705 I WiVRn   : [2026-09-09 20:12:22.121] [WiVRn] [info] 	t+6615µs HEAD (4501µs)
09-09 20:12:22.121 22070 10705 I WiVRn   : [2026-09-09 20:12:22.121] [WiVRn] [info] 	t+6864µs LEFT_GRIP (4251µs)
09-09 20:12:22.121 22070 10705 I WiVRn   : [2026-09-09 20:12:22.121] [WiVRn] [info] 	t+6875µs RIGHT_GRIP (4241µs)
09-09 20:12:22.524 22070 10651 I PxrMetric: FPS=90/90,MTP=29.84ms,AppSW=off,FrmEarly=10,FrmLate=5,FrmCpu=0.54ms,FrmGpu=10.69ms,FrmTime=17.46ms,ATWGPU=1.54ms,VsyncDelay=2,GPU=99%/587Mhz,GPUTemp=73.6C,LayerCnt=3,Pkg=org.meumeu.wivrn.nx.warp,FrmId=7222
09-09 20:12:22.587 22070 10703 I WiVRn   : [2026-09-09 20:12:22.587] [WiVRn] [info] nxwarp[0]: 177 frames in 2.0 s: 118167 B/frame, wait-prev 0.0 ms, wall 8.8 ms, nxvc passA 2.0 passB 2.9 gpu 4.9 ms; holes 0, refused 0
09-09 20:12:22.587 22070 10703 I WiVRn   : [2026-09-09 20:12:22.587] [WiVRn] [info] nxwarp[0] gpu duty 429 ms/s (43% of one GPU) for decode alone; the display pass is extra
09-09 20:12:22.587 22070 10703 I WiVRn   : [2026-09-09 20:12:22.587] [WiVRn] [info] nxwarp[0] passB 2.9 ms = warp 0.0 + skip 0.0 + coded 0.0 + dir 0.0 + other 2.9; tiles skip 0 / coded 2312 / dir 0 (eye pass 0)
09-09 20:12:22.587 22070 10703 I WiVRn   : [2026-09-09 20:12:22.587] [WiVRn] [info] nxwarp[0]: 82 frames dropped late (queue kept to 1)
09-09 20:12:22.587 22070 10703 I WiVRn   : [2026-09-09 20:12:22.587] [WiVRn] [info] nxwarp[0] stage: gap 2.6 | wait-prev 0.0 | submit 1.0 (qlock 0.0 + codec 1.0) | get_free 0.0 | fence-pre 0.0 | record 0.0 | qsubmit 0.0 | fence-post 7.7 | publish 0.1 ms; withheld 0, stride 1, arrival 11.0 ms
09-09 20:12:22.587 22070 10703 I WiVRn   : [2026-09-09 20:12:22.587] [WiVRn] [info] nxwarp[0] reassembly (network thread): 0.08 ms/frame over 177 frames, buffer 115 kB held for 115 kB of unit (1.0x)
09-09 20:12:22.587 22070 10703 I WiVRn   : [2026-09-09 20:12:22.587] [WiVRn] [info] nxwarp[0] fence-post 7.7 ms = nxvc gpu 4.9 + copy gpu 0.00 + queue 2.8 (over 177 frames with timestamps)
09-09 20:12:22.623 22070 10656 I WiVRn   : [2026-09-09 20:12:22.623] [WiVRn] [info] render: 179 iterations in 2.0 s (89.5/s), 179 submitted a layer, 172 new-source, 0 skipped by the repeat gate, 0 with nothing to show; display period 11.2 ms
09-09 20:12:22.623 22070 10656 I WiVRn   : [2026-09-09 20:12:22.623] [WiVRn] [info] render: ready wait attempts 30 success 23 total 77.450 ms | selected older than available 0
09-09 20:12:22.623 22070 10656 I WiVRn   : [2026-09-09 20:12:22.623] [WiVRn] [info] render: selected source transitions forward 172 backward 0 repeat 7, greatest forward gap 2
09-09 20:12:22.623 22070 10656 I WiVRn   : [2026-09-09 20:12:22.623] [WiVRn] [info] render: this app's own GPU pass 6.0 ms per iteration
09-09 20:12:22.623 22070 10656 I WiVRn   : [2026-09-09 20:12:22.623] [WiVRn] [info] render: defoveate 2160x2160 per eye x2 = 9.33 Mpx/frame at scale 1.00 atlas-prototype 0; 7 re-presented from the cache (reduce_gpu_load on)
09-09 20:12:22.623 22070 10656 I WiVRn   : [2026-09-09 20:12:22.623] [WiVRn] [info] render: shader path sharpness 0.00 fsr false alpha false motion false blend false glow 0.00 vignette 0.00 deband 0.00 lowpoly 0.00 levels 0 full-kernel false
09-09 20:12:22.623 22070 10656 I WiVRn   : [2026-09-09 20:12:22.623] [WiVRn] [info] render: per iteration fence 1.7 (worst 11.4) | queries 0.0 | submit 0.0 | whole render() 2.8 ms
09-09 20:12:22.623 22070 10656 I WiVRn   : [2026-09-09 20:12:22.623] [WiVRn] [info] render: jit on | wake slack 35.8 ms | slept 0.8 ms mean (max 11.7, 179 of 179 iterations) | budget 13.0 = pass 12.0 + margin 1.0 | sleep cap 0.6 ms
09-09 20:12:22.623 22070 10656 I WiVRn   : [2026-09-09 20:12:22.623] [WiVRn] [info] render: source display-time offset 57.6 ms mean (worst 80.1) over 179 frames | submit lead 32.1 ms mean (worst 20.8) | misses: 0 overrun 0 late 1 skipped refresh
09-09 20:12:23.121 22070 10705 I WiVRn   : [2026-09-09 20:12:23.121] [WiVRn] [info] Tracking pattern (11110µs):
09-09 20:12:23.121 22070 10705 I WiVRn   : [2026-09-09 20:12:23.121] [WiVRn] [info] 	t+4026µs HEAD (7083µs)
09-09 20:12:23.121 22070 10705 I WiVRn   : [2026-09-09 20:12:23.121] [WiVRn] [info] 	t+4104µs LEFT_GRIP (7006µs)
09-09 20:12:23.121 22070 10705 I WiVRn   : [2026-09-09 20:12:23.121] [WiVRn] [info] 	t+4327µs RIGHT_GRIP (6783µs)
09-09 20:12:23.121 22070 10705 I WiVRn   : [2026-09-09 20:12:23.121] [WiVRn] [info] 	t+7026µs HEAD (4083µs)
09-09 20:12:23.121 22070 10705 I WiVRn   : [2026-09-09 20:12:23.121] [WiVRn] [info] 	t+7104µs LEFT_GRIP (4006µs)
09-09 20:12:23.121 22070 10705 I WiVRn   : [2026-09-09 20:12:23.121] [WiVRn] [info] 	t+7327µs RIGHT_GRIP (3783µs)
09-09 20:12:23.535 22070 10651 I PxrMetric: FPS=89/90,MTP=30.21ms,AppSW=off,FrmEarly=14,FrmLate=12,FrmCpu=0.56ms,FrmGpu=10.29ms,FrmTime=13.61ms,ATWGPU=1.54ms,VsyncDelay=2,GPU=99%/587Mhz,GPUTemp=74.0C,LayerCnt=3,Pkg=org.meumeu.wivrn.nx.warp,FrmId=7311
09-09 20:12:23.851 22070 10700 I WiVRn   : [2026-09-09 20:12:23.851] [WiVRn] [info] nxwarp[0] net: 172 frames closed in 2.0 s, 0 with a hole, 0 out-of-order datagrams, 0 frames completed late, 0 queued for the worker, 6619 decoded so far, 6812 stragglers dropped; last hole 0/0 chunks, first missing -1, short false, chunk 1166 B
09-09 20:12:23.851 22070 10700 I WiVRn   : [2026-09-09 20:12:23.851] [WiVRn] [info] nxwarp[0] net: 0.029 ms per datagram over 29012 datagrams (418.19 ms of every second)
09-09 20:12:23.851 22070 10700 I WiVRn   : [2026-09-09 20:12:23.851] [WiVRn] [info] nxwarp[0] sel: stride 1, arrival 13.6 ms, dropped-late 82, withheld 0, decoded 6619
09-09 20:12:23.851 22070 10700 I WiVRn   : [2026-09-09 20:12:23.851] [WiVRn] [info] nxwarp[0] rx: 1153569 datagrams, placed 12748830 (+397664), late 108822 (+0), stale_frame 0, bad_range 0, bad_dir 0, bad_caps 0, bad_ver 0, auth_fail 0, replay 0, frozen 0, dup 375
09-09 20:12:24.121 22070 10705 I WiVRn   : [2026-09-09 20:12:24.121] [WiVRn] [info] Tracking pattern (11109µs):
09-09 20:12:24.121 22070 10705 I WiVRn   : [2026-09-09 20:12:24.121] [WiVRn] [info] 	t+4010µs HEAD (7099µs)
09-09 20:12:24.121 22070 10705 I WiVRn   : [2026-09-09 20:12:24.121] [WiVRn] [info] 	t+4055µs LEFT_GRIP (7054µs)
09-09 20:12:24.121 22070 10705 I WiVRn   : [2026-09-09 20:12:24.121] [WiVRn] [info] 	t+4061µs RIGHT_GRIP (7047µs)
09-09 20:12:24.121 22070 10705 I WiVRn   : [2026-09-09 20:12:24.121] [WiVRn] [info] 	t+7010µs HEAD (4099µs)
09-09 20:12:24.121 22070 10705 I WiVRn   : [2026-09-09 20:12:24.121] [WiVRn] [info] 	t+7055µs LEFT_GRIP (4054µs)
09-09 20:12:24.121 22070 10705 I WiVRn   : [2026-09-09 20:12:24.121] [WiVRn] [info] 	t+7061µs RIGHT_GRIP (4047µs)
09-09 20:12:24.539 22070 10651 I PxrMetric: FPS=88/90,MTP=34.09ms,AppSW=off,FrmEarly=11,FrmLate=8,FrmCpu=2.28ms,FrmGpu=6.97ms,FrmTime=11.21ms,ATWGPU=1.54ms,VsyncDelay=2,GPU=90%/587Mhz,GPUTemp=74.8C,LayerCnt=3,Pkg=org.meumeu.wivrn.nx.warp,FrmId=7401
09-09 20:12:24.591 22070 10703 I WiVRn   : [2026-09-09 20:12:24.591] [WiVRn] [info] nxwarp[0]: 171 frames in 2.0 s: 126534 B/frame, wait-prev 0.0 ms, wall 9.5 ms, nxvc passA 2.1 passB 3.0 gpu 5.2 ms; holes 0, refused 0
09-09 20:12:24.591 22070 10703 I WiVRn   : [2026-09-09 20:12:24.591] [WiVRn] [info] nxwarp[0] gpu duty 441 ms/s (44% of one GPU) for decode alone; the display pass is extra
09-09 20:12:24.591 22070 10703 I WiVRn   : [2026-09-09 20:12:24.591] [WiVRn] [info] nxwarp[0] passB 3.0 ms = warp 0.0 + skip 0.0 + coded 0.0 + dir 0.0 + other 3.0; tiles skip 0 / coded 2312 / dir 0 (eye pass 0)
09-09 20:12:24.591 22070 10703 I WiVRn   : [2026-09-09 20:12:24.591] [WiVRn] [info] nxwarp[0]: 82 frames dropped late (queue kept to 1)
09-09 20:12:24.591 22070 10703 I WiVRn   : [2026-09-09 20:12:24.591] [WiVRn] [info] nxwarp[0] stage: gap 2.2 | wait-prev 0.0 | submit 1.0 (qlock 0.0 + codec 1.0) | get_free 0.0 | fence-pre 0.0 | record 0.0 | qsubmit 0.0 | fence-post 8.4 | publish 0.0 ms; withheld 0, stride 1, arrival 12.2 ms
09-09 20:12:24.591 22070 10703 I WiVRn   : [2026-09-09 20:12:24.591] [WiVRn] [info] nxwarp[0] reassembly (network thread): 0.08 ms/frame over 171 frames, buffer 124 kB held for 124 kB of unit (1.0x)
09-09 20:12:24.591 22070 10703 I WiVRn   : [2026-09-09 20:12:24.591] [WiVRn] [info] nxwarp[0] fence-post 8.4 ms = nxvc gpu 5.2 + copy gpu 0.00 + queue 3.3 (over 171 frames with timestamps)
09-09 20:12:24.632 22070 10656 I WiVRn   : [2026-09-09 20:12:24.632] [WiVRn] [info] render: 178 iterations in 2.0 s (88.6/s), 178 submitted a layer, 169 new-source, 0 skipped by the repeat gate, 0 with nothing to show; display period 11.2 ms
09-09 20:12:24.632 22070 10656 I WiVRn   : [2026-09-09 20:12:24.632] [WiVRn] [info] render: ready wait attempts 48 success 39 total 109.359 ms | selected older than available 0
09-09 20:12:24.632 22070 10656 I WiVRn   : [2026-09-09 20:12:24.632] [WiVRn] [info] render: selected source transitions forward 169 backward 0 repeat 9, greatest forward gap 2
09-09 20:12:24.633 22070 10656 I WiVRn   : [2026-09-09 20:12:24.633] [WiVRn] [info] render: this app's own GPU pass 5.9 ms per iteration
09-09 20:12:24.633 22070 10656 I WiVRn   : [2026-09-09 20:12:24.633] [WiVRn] [info] render: defoveate 2160x2160 per eye x2 = 9.33 Mpx/frame at scale 1.00 atlas-prototype 0; 9 re-presented from the cache (reduce_gpu_load on)
09-09 20:12:24.633 22070 10656 I WiVRn   : [2026-09-09 20:12:24.633] [WiVRn] [info] render: shader path sharpness 0.00 fsr false alpha false motion false blend false glow 0.00 vignette 0.00 deband 0.00 lowpoly 0.00 levels 0 full-kernel false
09-09 20:12:24.633 22070 10656 I WiVRn   : [2026-09-09 20:12:24.633] [WiVRn] [info] render: per iteration fence 2.3 (worst 11.2) | queries 0.0 | submit 0.0 | whole render() 3.5 ms
09-09 20:12:24.633 22070 10656 I WiVRn   : [2026-09-09 20:12:24.633] [WiVRn] [info] render: jit on | wake slack 36.7 ms | slept 0.6 ms mean (max 0.6, 178 of 178 iterations) | budget 12.4 = pass 11.4 + margin 1.0 | sleep cap 0.6 ms
09-09 20:12:24.633 22070 10656 I WiVRn   : [2026-09-09 20:12:24.633] [WiVRn] [info] render: source display-time offset 58.4 ms mean (worst 80.1) over 178 frames | submit lead 32.7 ms mean (worst 25.8) | misses: 0 overrun 0 late 0 skipped refresh
09-09 20:12:25.121 22070 10705 I WiVRn   : [2026-09-09 20:12:25.121] [WiVRn] [info] Tracking pattern (11112µs):
09-09 20:12:25.121 22070 10705 I WiVRn   : [2026-09-09 20:12:25.121] [WiVRn] [info] 	t+3830µs HEAD (7281µs)
09-09 20:12:25.121 22070 10705 I WiVRn   : [2026-09-09 20:12:25.121] [WiVRn] [info] 	t+3873µs LEFT_GRIP (7239µs)
09-09 20:12:25.121 22070 10705 I WiVRn   : [2026-09-09 20:12:25.121] [WiVRn] [info] 	t+3879µs RIGHT_GRIP (7232µs)
09-09 20:12:25.121 22070 10705 I WiVRn   : [2026-09-09 20:12:25.121] [WiVRn] [info] 	t+6830µs HEAD (4281µs)
09-09 20:12:25.121 22070 10705 I WiVRn   : [2026-09-09 20:12:25.121] [WiVRn] [info] 	t+6873µs LEFT_GRIP (4239µs)
09-09 20:12:25.121 22070 10705 I WiVRn   : [2026-09-09 20:12:25.121] [WiVRn] [info] 	t+6879µs RIGHT_GRIP (4232µs)
09-09 20:12:25.542 22070 10651 I PxrMetric: FPS=90/90,MTP=29.51ms,AppSW=off,FrmEarly=9,FrmLate=4,FrmCpu=1.47ms,FrmGpu=7.10ms,FrmTime=9.32ms,ATWGPU=1.54ms,VsyncDelay=1,GPU=89%/587Mhz,GPUTemp=84.9C,LayerCnt=3,Pkg=org.meumeu.wivrn.nx.warp,FrmId=7490
09-09 20:12:25.860 22070 10700 I WiVRn   : [2026-09-09 20:12:25.860] [WiVRn] [info] nxwarp[0] net: 173 frames closed in 2.0 s, 0 with a hole, 0 out-of-order datagrams, 0 frames completed late, 0 queued for the worker, 6791 decoded so far, 6985 stragglers dropped; last hole 0/0 chunks, first missing -1, short false, chunk 1166 B
09-09 20:12:25.860 22070 10700 I WiVRn   : [2026-09-09 20:12:25.860] [WiVRn] [info] nxwarp[0] net: 0.028 ms per datagram over 29329 datagrams (412.93 ms of every second)
09-09 20:12:25.860 22070 10700 I WiVRn   : [2026-09-09 20:12:25.860] [WiVRn] [info] nxwarp[0] sel: stride 1, arrival 11.0 ms, dropped-late 82, withheld 0, decoded 6791
09-09 20:12:25.860 22070 10700 I WiVRn   : [2026-09-09 20:12:25.860] [WiVRn] [info] nxwarp[0] rx: 1182898 datagrams, placed 13148806 (+399976), late 109537 (+715), stale_frame 0, bad_range 0, bad_dir 0, bad_caps 0, bad_ver 0, auth_fail 0, replay 0, frozen 0, dup 375
09-09 20:12:26.110 22070 10705 I WiVRn   : [2026-09-09 20:12:26.110] [WiVRn] [info] Tracking pattern (11111µs):
09-09 20:12:26.110 22070 10705 I WiVRn   : [2026-09-09 20:12:26.110] [WiVRn] [info] 	t+4116µs HEAD (6994µs)
09-09 20:12:26.110 22070 10705 I WiVRn   : [2026-09-09 20:12:26.110] [WiVRn] [info] 	t+4189µs LEFT_GRIP (6922µs)
09-09 20:12:26.110 22070 10705 I WiVRn   : [2026-09-09 20:12:26.110] [WiVRn] [info] 	t+4195µs RIGHT_GRIP (6916µs)
09-09 20:12:26.110 22070 10705 I WiVRn   : [2026-09-09 20:12:26.110] [WiVRn] [info] 	t+7116µs HEAD (3994µs)
09-09 20:12:26.110 22070 10705 I WiVRn   : [2026-09-09 20:12:26.110] [WiVRn] [info] 	t+7189µs LEFT_GRIP (3922µs)
09-09 20:12:26.110 22070 10705 I WiVRn   : [2026-09-09 20:12:26.110] [WiVRn] [info] 	t+7195µs RIGHT_GRIP (3916µs)
09-09 20:12:26.551 22070 10651 I PxrMetric: FPS=89/90,MTP=31.45ms,AppSW=off,FrmEarly=9,FrmLate=9,FrmCpu=1.42ms,FrmGpu=7.06ms,FrmTime=9.13ms,ATWGPU=1.54ms,VsyncDelay=1,GPU=99%/587Mhz,GPUTemp=76.0C,LayerCnt=3,Pkg=org.meumeu.wivrn.nx.warp,FrmId=7580
09-09 20:12:26.592 22070 10703 I WiVRn   : [2026-09-09 20:12:26.592] [WiVRn] [info] nxwarp[0]: 170 frames in 2.0 s: 123365 B/frame, wait-prev 0.0 ms, wall 8.9 ms, nxvc passA 2.0 passB 3.0 gpu 5.0 ms; holes 0, refused 0
09-09 20:12:26.592 22070 10703 I WiVRn   : [2026-09-09 20:12:26.592] [WiVRn] [info] nxwarp[0] gpu duty 425 ms/s (42% of one GPU) for decode alone; the display pass is extra
09-09 20:12:26.592 22070 10703 I WiVRn   : [2026-09-09 20:12:26.592] [WiVRn] [info] nxwarp[0] passB 3.0 ms = warp 0.0 + skip 0.0 + coded 0.0 + dir 0.0 + other 3.0; tiles skip 0 / coded 2312 / dir 0 (eye pass 0)
09-09 20:12:26.592 22070 10703 I WiVRn   : [2026-09-09 20:12:26.592] [WiVRn] [info] nxwarp[0]: 82 frames dropped late (queue kept to 1)
09-09 20:12:26.592 22070 10703 I WiVRn   : [2026-09-09 20:12:26.592] [WiVRn] [info] nxwarp[0] stage: gap 2.9 | wait-prev 0.0 | submit 1.0 (qlock 0.0 + codec 1.0) | get_free 0.0 | fence-pre 0.0 | record 0.0 | qsubmit 0.0 | fence-post 7.8 | publish 0.1 ms; withheld 0, stride 1, arrival 11.9 ms
09-09 20:12:26.592 22070 10703 I WiVRn   : [2026-09-09 20:12:26.592] [WiVRn] [info] nxwarp[0] reassembly (network thread): 0.09 ms/frame over 170 frames, buffer 120 kB held for 120 kB of unit (1.0x)
09-09 20:12:26.592 22070 10703 I WiVRn   : [2026-09-09 20:12:26.592] [WiVRn] [info] nxwarp[0] fence-post 7.8 ms = nxvc gpu 5.0 + copy gpu 0.00 + queue 2.8 (over 170 frames with timestamps)
09-09 20:12:26.634 22070 10656 I WiVRn   : [2026-09-09 20:12:26.634] [WiVRn] [info] render: 178 iterations in 2.0 s (89.0/s), 178 submitted a layer, 166 new-source, 0 skipped by the repeat gate, 0 with nothing to show; display period 11.2 ms
09-09 20:12:26.634 22070 10656 I WiVRn   : [2026-09-09 20:12:26.634] [WiVRn] [info] render: ready wait attempts 61 success 49 total 164.498 ms | selected older than available 0
09-09 20:12:26.634 22070 10656 I WiVRn   : [2026-09-09 20:12:26.634] [WiVRn] [info] render: selected source transitions forward 166 backward 0 repeat 12, greatest forward gap 2
09-09 20:12:26.634 22070 10656 I WiVRn   : [2026-09-09 20:12:26.634] [WiVRn] [info] render: this app's own GPU pass 5.8 ms per iteration
09-09 20:12:26.634 22070 10656 I WiVRn   : [2026-09-09 20:12:26.634] [WiVRn] [info] render: defoveate 2160x2160 per eye x2 = 9.33 Mpx/frame at scale 1.00 atlas-prototype 0; 12 re-presented from the cache (reduce_gpu_load on)
09-09 20:12:26.634 22070 10656 I WiVRn   : [2026-09-09 20:12:26.634] [WiVRn] [info] render: shader path sharpness 0.00 fsr false alpha false motion false blend false glow 0.00 vignette 0.00 deband 0.00 lowpoly 0.00 levels 0 full-kernel false
09-09 20:12:26.634 22070 10656 I WiVRn   : [2026-09-09 20:12:26.634] [WiVRn] [info] render: per iteration fence 1.3 (worst 11.2) | queries 0.0 | submit 0.0 | whole render() 2.8 ms
09-09 20:12:26.634 22070 10656 I WiVRn   : [2026-09-09 20:12:26.634] [WiVRn] [info] render: jit on | wake slack 35.4 ms | slept 0.8 ms mean (max 11.7, 178 of 178 iterations) | budget 12.2 = pass 11.2 + margin 1.0 | sleep cap 0.6 ms
09-09 20:12:26.634 22070 10656 I WiVRn   : [2026-09-09 20:12:26.634] [WiVRn] [info] render: source display-time offset 56.7 ms mean (worst 69.4) over 178 frames | submit lead 31.7 ms mean (worst 24.0) | misses: 0 overrun 0 late 1 skipped refresh
09-09 20:12:27.110 22070 10705 I WiVRn   : [2026-09-09 20:12:27.110] [WiVRn] [info] Tracking pattern (11112µs):
09-09 20:12:27.110 22070 10705 I WiVRn   : [2026-09-09 20:12:27.110] [WiVRn] [info] 	t+4366µs HEAD (6745µs)
09-09 20:12:27.110 22070 10705 I WiVRn   : [2026-09-09 20:12:27.110] [WiVRn] [info] 	t+4422µs LEFT_GRIP (6689µs)
09-09 20:12:27.110 22070 10705 I WiVRn   : [2026-09-09 20:12:27.110] [WiVRn] [info] 	t+4436µs RIGHT_GRIP (6675µs)
09-09 20:12:27.110 22070 10705 I WiVRn   : [2026-09-09 20:12:27.110] [WiVRn] [info] 	t+7366µs HEAD (3745µs)
09-09 20:12:27.110 22070 10705 I WiVRn   : [2026-09-09 20:12:27.110] [WiVRn] [info] 	t+7422µs LEFT_GRIP (3689µs)
09-09 20:12:27.110 22070 10705 I WiVRn   : [2026-09-09 20:12:27.110] [WiVRn] [info] 	t+7436µs RIGHT_GRIP (3675µs)
09-09 20:12:27.552 22070 10651 I PxrMetric: FPS=89/90,MTP=34.09ms,AppSW=off,FrmEarly=7,FrmLate=4,FrmCpu=0.64ms,FrmGpu=9.57ms,FrmTime=11.27ms,ATWGPU=1.54ms,VsyncDelay=1,GPU=99%/587Mhz,GPUTemp=74.8C,LayerCnt=3,Pkg=org.meumeu.wivrn.nx.warp,FrmId=7670
09-09 20:12:27.861 22070 10700 I WiVRn   : [2026-09-09 20:12:27.861] [WiVRn] [info] nxwarp[0] net: 173 frames closed in 2.0 s, 0 with a hole, 0 out-of-order datagrams, 0 frames completed late, 0 queued for the worker, 6964 decoded so far, 7159 stragglers dropped; last hole 0/0 chunks, first missing -1, short false, chunk 1166 B
09-09 20:12:27.861 22070 10700 I WiVRn   : [2026-09-09 20:12:27.861] [WiVRn] [info] nxwarp[0] net: 0.029 ms per datagram over 28942 datagrams (415.05 ms of every second)
09-09 20:12:27.861 22070 10700 I WiVRn   : [2026-09-09 20:12:27.861] [WiVRn] [info] nxwarp[0] sel: stride 1, arrival 11.1 ms, dropped-late 82, withheld 0, decoded 6964
09-09 20:12:27.861 22070 10700 I WiVRn   : [2026-09-09 20:12:27.861] [WiVRn] [info] nxwarp[0] rx: 1211840 datagrams, placed 13546580 (+397774), late 109829 (+292), stale_frame 0, bad_range 0, bad_dir 0, bad_caps 0, bad_ver 0, auth_fail 0, replay 0, frozen 0, dup 377
09-09 20:12:28.110 22070 10705 I WiVRn   : [2026-09-09 20:12:28.110] [WiVRn] [info] Tracking pattern (11110µs):
09-09 20:12:28.110 22070 10705 I WiVRn   : [2026-09-09 20:12:28.110] [WiVRn] [info] 	t+4295µs HEAD (6814µs)
09-09 20:12:28.110 22070 10705 I WiVRn   : [2026-09-09 20:12:28.110] [WiVRn] [info] 	t+4334µs LEFT_GRIP (6775µs)
09-09 20:12:28.110 22070 10705 I WiVRn   : [2026-09-09 20:12:28.110] [WiVRn] [info] 	t+4341µs RIGHT_GRIP (6768µs)
09-09 20:12:28.110 22070 10705 I WiVRn   : [2026-09-09 20:12:28.110] [WiVRn] [info] 	t+7295µs HEAD (3814µs)
09-09 20:12:28.110 22070 10705 I WiVRn   : [2026-09-09 20:12:28.110] [WiVRn] [info] 	t+7334µs LEFT_GRIP (3775µs)
09-09 20:12:28.110 22070 10705 I WiVRn   : [2026-09-09 20:12:28.110] [WiVRn] [info] 	t+7341µs RIGHT_GRIP (3768µs)
09-09 20:12:28.553 22070 10651 I PxrMetric: FPS=90/90,MTP=30.36ms,AppSW=off,FrmEarly=7,FrmLate=5,FrmCpu=1.22ms,FrmGpu=7.89ms,FrmTime=9.95ms,ATWGPU=1.54ms,VsyncDelay=1,GPU=94%/587Mhz,GPUTemp=74.4C,LayerCnt=3,Pkg=org.meumeu.wivrn.nx.warp,FrmId=7759
09-09 20:12:28.600 22070 10703 I WiVRn   : [2026-09-09 20:12:28.600] [WiVRn] [info] nxwarp[0]: 175 frames in 2.0 s: 126066 B/frame, wait-prev 0.0 ms, wall 9.1 ms, nxvc passA 2.0 passB 2.9 gpu 4.9 ms; holes 0, refused 0
09-09 20:12:28.600 22070 10703 I WiVRn   : [2026-09-09 20:12:28.600] [WiVRn] [info] nxwarp[0] gpu duty 429 ms/s (43% of one GPU) for decode alone; the display pass is extra
09-09 20:12:28.600 22070 10703 I WiVRn   : [2026-09-09 20:12:28.600] [WiVRn] [info] nxwarp[0] passB 2.9 ms = warp 0.0 + skip 0.0 + coded 0.0 + dir 0.0 + other 2.9; tiles skip 0 / coded 2312 / dir 0 (eye pass 0)
09-09 20:12:28.600 22070 10703 I WiVRn   : [2026-09-09 20:12:28.600] [WiVRn] [info] nxwarp[0]: 82 frames dropped late (queue kept to 1)
09-09 20:12:28.600 22070 10703 I WiVRn   : [2026-09-09 20:12:28.600] [WiVRn] [info] nxwarp[0] stage: gap 2.4 | wait-prev 0.0 | submit 1.0 (qlock 0.0 + codec 1.0) | get_free 0.0 | fence-pre 0.0 | record 0.0 | qsubmit 0.0 | fence-post 8.0 | publish 0.0 ms; withheld 0, stride 1, arrival 12.0 ms
09-09 20:12:28.601 22070 10703 I WiVRn   : [2026-09-09 20:12:28.601] [WiVRn] [info] nxwarp[0] reassembly (network thread): 0.08 ms/frame over 175 frames, buffer 123 kB held for 123 kB of unit (1.0x)
09-09 20:12:28.601 22070 10703 I WiVRn   : [2026-09-09 20:12:28.601] [WiVRn] [info] nxwarp[0] fence-post 8.0 ms = nxvc gpu 4.9 + copy gpu 0.00 + queue 3.1 (over 175 frames with timestamps)
09-09 20:12:28.634 22070 10656 I WiVRn   : [2026-09-09 20:12:28.634] [WiVRn] [info] render: 179 iterations in 2.0 s (89.5/s), 179 submitted a layer, 170 new-source, 0 skipped by the repeat gate, 0 with nothing to show; display period 11.2 ms
09-09 20:12:28.634 22070 10656 I WiVRn   : [2026-09-09 20:12:28.634] [WiVRn] [info] render: ready wait attempts 42 success 33 total 99.247 ms | selected older than available 0
09-09 20:12:28.634 22070 10656 I WiVRn   : [2026-09-09 20:12:28.634] [WiVRn] [info] render: selected source transitions forward 170 backward 0 repeat 9, greatest forward gap 2
09-09 20:12:28.634 22070 10656 I WiVRn   : [2026-09-09 20:12:28.634] [WiVRn] [info] render: this app's own GPU pass 6.0 ms per iteration
09-09 20:12:28.634 22070 10656 I WiVRn   : [2026-09-09 20:12:28.634] [WiVRn] [info] render: defoveate 2160x2160 per eye x2 = 9.33 Mpx/frame at scale 1.00 atlas-prototype 0; 9 re-presented from the cache (reduce_gpu_load on)
09-09 20:12:28.634 22070 10656 I WiVRn   : [2026-09-09 20:12:28.634] [WiVRn] [info] render: shader path sharpness 0.00 fsr false alpha false motion false blend false glow 0.00 vignette 0.00 deband 0.00 lowpoly 0.00 levels 0 full-kernel false
09-09 20:12:28.634 22070 10656 I WiVRn   : [2026-09-09 20:12:28.634] [WiVRn] [info] render: per iteration fence 1.1 (worst 10.6) | queries 0.0 | submit 0.0 | whole render() 2.3 ms
09-09 20:12:28.634 22070 10656 I WiVRn   : [2026-09-09 20:12:28.634] [WiVRn] [info] render: jit on | wake slack 35.2 ms | slept 0.8 ms mean (max 11.7, 179 of 179 iterations) | budget 11.2 = pass 10.2 + margin 1.0 | sleep cap 0.6 ms
09-09 20:12:28.634 22070 10656 I WiVRn   : [2026-09-09 20:12:28.634] [WiVRn] [info] render: source display-time offset 58.1 ms mean (worst 69.8) over 179 frames | submit lead 32.1 ms mean (worst 22.2) | misses: 0 overrun 0 late 1 skipped refresh
09-09 20:12:29.110 22070 10705 I WiVRn   : [2026-09-09 20:12:29.110] [WiVRn] [info] Tracking pattern (11110µs):
09-09 20:12:29.110 22070 10705 I WiVRn   : [2026-09-09 20:12:29.110] [WiVRn] [info] 	t+4522µs HEAD (6587µs)
09-09 20:12:29.110 22070 10705 I WiVRn   : [2026-09-09 20:12:29.110] [WiVRn] [info] 	t+5239µs LEFT_GRIP (5870µs)
09-09 20:12:29.110 22070 10705 I WiVRn   : [2026-09-09 20:12:29.110] [WiVRn] [info] 	t+5250µs RIGHT_GRIP (5860µs)
09-09 20:12:29.110 22070 10705 I WiVRn   : [2026-09-09 20:12:29.110] [WiVRn] [info] 	t+7522µs HEAD (3587µs)
09-09 20:12:29.110 22070 10705 I WiVRn   : [2026-09-09 20:12:29.110] [WiVRn] [info] 	t+8239µs LEFT_GRIP (2870µs)
09-09 20:12:29.110 22070 10705 I WiVRn   : [2026-09-09 20:12:29.110] [WiVRn] [info] 	t+8250µs RIGHT_GRIP (2860µs)
09-09 20:12:29.557 22070 10651 I PxrMetric: FPS=89/90,MTP=30.48ms,AppSW=off,FrmEarly=8,FrmLate=15,FrmCpu=0.51ms,FrmGpu=11.05ms,FrmTime=20.00ms,ATWGPU=1.55ms,VsyncDelay=2,GPU=99%/587Mhz,GPUTemp=75.2C,LayerCnt=3,Pkg=org.meumeu.wivrn.nx.warp,FrmId=7847
09-09 20:12:29.871 22070 10700 I WiVRn   : [2026-09-09 20:12:29.871] [WiVRn] [info] nxwarp[0] net: 171 frames closed in 2.0 s, 0 with a hole, 0 out-of-order datagrams, 0 frames completed late, 0 queued for the worker, 7136 decoded so far, 7330 stragglers dropped; last hole 0/0 chunks, first missing -1, short false, chunk 1166 B
09-09 20:12:29.872 22070 10700 I WiVRn   : [2026-09-09 20:12:29.872] [WiVRn] [info] nxwarp[0] net: 0.027 ms per datagram over 32111 datagrams (426.71 ms of every second)
09-09 20:12:29.872 22070 10700 I WiVRn   : [2026-09-09 20:12:29.872] [WiVRn] [info] nxwarp[0] sel: stride 1, arrival 11.3 ms, dropped-late 82, withheld 0, decoded 7136
09-09 20:12:29.872 22070 10700 I WiVRn   : [2026-09-09 20:12:29.872] [WiVRn] [info] nxwarp[0] rx: 1243951 datagrams, placed 13941932 (+395352), late 110260 (+431), stale_frame 0, bad_range 0, bad_dir 0, bad_caps 0, bad_ver 0, auth_fail 0, replay 0, frozen 0, dup 378
09-09 20:12:30.110 22070 10705 I WiVRn   : [2026-09-09 20:12:30.110] [WiVRn] [info] Tracking pattern (11110µs):
09-09 20:12:30.110 22070 10705 I WiVRn   : [2026-09-09 20:12:30.110] [WiVRn] [info] 	t+4809µs HEAD (6300µs)
09-09 20:12:30.110 22070 10705 I WiVRn   : [2026-09-09 20:12:30.110] [WiVRn] [info] 	t+4887µs LEFT_GRIP (6222µs)
09-09 20:12:30.110 22070 10705 I WiVRn   : [2026-09-09 20:12:30.110] [WiVRn] [info] 	t+4909µs RIGHT_GRIP (6200µs)
09-09 20:12:30.110 22070 10705 I WiVRn   : [2026-09-09 20:12:30.110] [WiVRn] [info] 	t+7809µs HEAD (3300µs)
09-09 20:12:30.110 22070 10705 I WiVRn   : [2026-09-09 20:12:30.110] [WiVRn] [info] 	t+7887µs LEFT_GRIP (3222µs)
09-09 20:12:30.110 22070 10705 I WiVRn   : [2026-09-09 20:12:30.110] [WiVRn] [info] 	t+7909µs RIGHT_GRIP (3200µs)
09-09 20:12:30.557 22070 10651 I PxrMetric: FPS=88/90,MTP=30.19ms,AppSW=off,FrmEarly=12,FrmLate=12,FrmCpu=0.51ms,FrmGpu=11.10ms,FrmTime=20.07ms,ATWGPU=1.54ms,VsyncDelay=2,GPU=99%/587Mhz,GPUTemp=74.4C,LayerCnt=3,Pkg=org.meumeu.wivrn.nx.warp,FrmId=7935
09-09 20:12:30.601 22070 10703 I WiVRn   : [2026-09-09 20:12:30.601] [WiVRn] [info] nxwarp[0]: 169 frames in 2.0 s: 138724 B/frame, wait-prev 0.0 ms, wall 10.0 ms, nxvc passA 2.3 passB 3.1 gpu 5.3 ms; holes 0, refused 0
09-09 20:12:30.601 22070 10703 I WiVRn   : [2026-09-09 20:12:30.601] [WiVRn] [info] nxwarp[0] gpu duty 452 ms/s (45% of one GPU) for decode alone; the display pass is extra
09-09 20:12:30.601 22070 10703 I WiVRn   : [2026-09-09 20:12:30.601] [WiVRn] [info] nxwarp[0] passB 3.1 ms = warp 0.0 + skip 0.0 + coded 0.0 + dir 0.0 + other 3.1; tiles skip 0 / coded 2312 / dir 0 (eye pass 0)
09-09 20:12:30.601 22070 10703 I WiVRn   : [2026-09-09 20:12:30.601] [WiVRn] [info] nxwarp[0]: 82 frames dropped late (queue kept to 1)
09-09 20:12:30.601 22070 10703 I WiVRn   : [2026-09-09 20:12:30.601] [WiVRn] [info] nxwarp[0] stage: gap 1.8 | wait-prev 0.0 | submit 1.0 (qlock 0.0 + codec 0.9) | get_free 0.0 | fence-pre 0.0 | record 0.0 | qsubmit 0.0 | fence-post 9.0 | publish 0.0 ms; withheld 0, stride 1, arrival 12.6 ms
09-09 20:12:30.601 22070 10703 I WiVRn   : [2026-09-09 20:12:30.601] [WiVRn] [info] nxwarp[0] reassembly (network thread): 0.09 ms/frame over 169 frames, buffer 135 kB held for 135 kB of unit (1.0x)
09-09 20:12:30.601 22070 10703 I WiVRn   : [2026-09-09 20:12:30.601] [WiVRn] [info] nxwarp[0] fence-post 9.0 ms = nxvc gpu 5.3 + copy gpu 0.00 + queue 3.6 (over 169 frames with timestamps)
09-09 20:12:30.638 22070 10656 I WiVRn   : [2026-09-09 20:12:30.638] [WiVRn] [info] render: 176 iterations in 2.0 s (87.8/s), 176 submitted a layer, 167 new-source, 0 skipped by the repeat gate, 0 with nothing to show; display period 11.4 ms
09-09 20:12:30.638 22070 10656 I WiVRn   : [2026-09-09 20:12:30.638] [WiVRn] [info] render: ready wait attempts 29 success 20 total 74.538 ms | selected older than available 0
09-09 20:12:30.638 22070 10656 I WiVRn   : [2026-09-09 20:12:30.638] [WiVRn] [info] render: selected source transitions forward 167 backward 0 repeat 9, greatest forward gap 2
09-09 20:12:30.638 22070 10656 I WiVRn   : [2026-09-09 20:12:30.638] [WiVRn] [info] render: this app's own GPU pass 5.9 ms per iteration
09-09 20:12:30.638 22070 10656 I WiVRn   : [2026-09-09 20:12:30.638] [WiVRn] [info] render: defoveate 2160x2160 per eye x2 = 9.33 Mpx/frame at scale 1.00 atlas-prototype 0; 9 re-presented from the cache (reduce_gpu_load on)
09-09 20:12:30.638 22070 10656 I WiVRn   : [2026-09-09 20:12:30.638] [WiVRn] [info] render: shader path sharpness 0.00 fsr false alpha false motion false blend false glow 0.00 vignette 0.00 deband 0.00 lowpoly 0.00 levels 0 full-kernel false
09-09 20:12:30.638 22070 10656 I WiVRn   : [2026-09-09 20:12:30.638] [WiVRn] [info] render: per iteration fence 3.7 (worst 11.6) | queries 0.0 | submit 0.0 | whole render() 4.7 ms
09-09 20:12:30.638 22070 10656 I WiVRn   : [2026-09-09 20:12:30.638] [WiVRn] [info] render: jit on | wake slack 37.9 ms | slept 0.6 ms mean (max 0.6, 176 of 176 iterations) | budget 12.7 = pass 11.7 + margin 1.0 | sleep cap 0.6 ms
09-09 20:12:30.638 22070 10656 I WiVRn   : [2026-09-09 20:12:30.638] [WiVRn] [info] render: source display-time offset 60.8 ms mean (worst 81.3) over 176 frames | submit lead 32.6 ms mean (worst 24.8) | misses: 0 overrun 0 late 0 skipped refresh
09-09 20:12:31.110 22070 10705 I WiVRn   : [2026-09-09 20:12:31.110] [WiVRn] [info] Tracking pattern (11110µs):
09-09 20:12:31.110 22070 10705 I WiVRn   : [2026-09-09 20:12:31.110] [WiVRn] [info] 	t+4621µs HEAD (6488µs)
09-09 20:12:31.110 22070 10705 I WiVRn   : [2026-09-09 20:12:31.110] [WiVRn] [info] 	t+4746µs LEFT_GRIP (6363µs)
09-09 20:12:31.110 22070 10705 I WiVRn   : [2026-09-09 20:12:31.110] [WiVRn] [info] 	t+4751µs RIGHT_GRIP (6358µs)
09-09 20:12:31.110 22070 10705 I WiVRn   : [2026-09-09 20:12:31.110] [WiVRn] [info] 	t+7621µs HEAD (3488µs)
09-09 20:12:31.110 22070 10705 I WiVRn   : [2026-09-09 20:12:31.110] [WiVRn] [info] 	t+7746µs LEFT_GRIP (3363µs)
09-09 20:12:31.110 22070 10705 I WiVRn   : [2026-09-09 20:12:31.110] [WiVRn] [info] 	t+7751µs RIGHT_GRIP (3358µs)
09-09 20:12:31.565 22070 10651 I PxrMetric: FPS=88/90,MTP=34.02ms,AppSW=off,FrmEarly=21,FrmLate=11,FrmCpu=1.83ms,FrmGpu=7.64ms,FrmTime=11.14ms,ATWGPU=1.55ms,VsyncDelay=1,GPU=98%/587Mhz,GPUTemp=74.8C,LayerCnt=3,Pkg=org.meumeu.wivrn.nx.warp,FrmId=8023
09-09 20:12:31.872 22070 10700 I WiVRn   : [2026-09-09 20:12:31.872] [WiVRn] [info] nxwarp[0] net: 165 frames closed in 2.0 s, 0 with a hole, 0 out-of-order datagrams, 0 frames completed late, 0 queued for the worker, 7301 decoded so far, 7542 stragglers dropped; last hole 0/0 chunks, first missing -1, short false, chunk 1166 B
09-09 20:12:31.872 22070 10700 I WiVRn   : [2026-09-09 20:12:31.872] [WiVRn] [info] nxwarp[0] net: 0.031 ms per datagram over 27071 datagrams (419.60 ms of every second)
09-09 20:12:31.872 22070 10700 I WiVRn   : [2026-09-09 20:12:31.872] [WiVRn] [info] nxwarp[0] sel: stride 1, arrival 12.7 ms, dropped-late 82, withheld 0, decoded 7301
09-09 20:12:31.872 22070 10700 I WiVRn   : [2026-09-09 20:12:31.872] [WiVRn] [info] nxwarp[0] rx: 1271022 datagrams, placed 14063453 (+121521), late 119961 (+9701), stale_frame 0, bad_range 0, bad_dir 0, bad_caps 0, bad_ver 0, auth_fail 0, replay 0, frozen 0, dup 400
09-09 20:12:32.110 22070 10705 I WiVRn   : [2026-09-09 20:12:32.110] [WiVRn] [info] Tracking pattern (11109µs):
09-09 20:12:32.110 22070 10705 I WiVRn   : [2026-09-09 20:12:32.110] [WiVRn] [info] 	t+4670µs HEAD (6438µs)
09-09 20:12:32.110 22070 10705 I WiVRn   : [2026-09-09 20:12:32.110] [WiVRn] [info] 	t+4934µs LEFT_GRIP (6175µs)
09-09 20:12:32.110 22070 10705 I WiVRn   : [2026-09-09 20:12:32.110] [WiVRn] [info] 	t+4942µs RIGHT_GRIP (6166µs)
09-09 20:12:32.110 22070 10705 I WiVRn   : [2026-09-09 20:12:32.110] [WiVRn] [info] 	t+7670µs HEAD (3438µs)
09-09 20:12:32.110 22070 10705 I WiVRn   : [2026-09-09 20:12:32.110] [WiVRn] [info] 	t+7934µs LEFT_GRIP (3175µs)
09-09 20:12:32.110 22070 10705 I WiVRn   : [2026-09-09 20:12:32.110] [WiVRn] [info] 	t+7942µs RIGHT_GRIP (3166µs)
09-09 20:12:32.575 22070 10651 I PxrMetric: FPS=87/90,MTP=35.51ms,AppSW=off,FrmEarly=10,FrmLate=15,FrmCpu=0.57ms,FrmGpu=10.93ms,FrmTime=18.17ms,ATWGPU=1.56ms,VsyncDelay=2,GPU=90%/587Mhz,GPUTemp=74.0C,LayerCnt=3,Pkg=org.meumeu.wivrn.nx.warp,FrmId=8111
09-09 20:12:32.603 22070 10703 I WiVRn   : [2026-09-09 20:12:32.603] [WiVRn] [info] nxwarp[0]: 166 frames in 2.0 s: 149779 B/frame, wait-prev 0.0 ms, wall 10.1 ms, nxvc passA 2.4 passB 3.1 gpu 5.4 ms; holes 0, refused 0
09-09 20:12:32.603 22070 10703 I WiVRn   : [2026-09-09 20:12:32.603] [WiVRn] [info] nxwarp[0] gpu duty 451 ms/s (45% of one GPU) for decode alone; the display pass is extra
09-09 20:12:32.603 22070 10703 I WiVRn   : [2026-09-09 20:12:32.603] [WiVRn] [info] nxwarp[0] passB 3.1 ms = warp 0.0 + skip 0.0 + coded 0.0 + dir 0.0 + other 3.1; tiles skip 0 / coded 2312 / dir 0 (eye pass 0)
09-09 20:12:32.603 22070 10703 I WiVRn   : [2026-09-09 20:12:32.603] [WiVRn] [info] nxwarp[0]: 82 frames dropped late (queue kept to 1)
09-09 20:12:32.603 22070 10703 I WiVRn   : [2026-09-09 20:12:32.603] [WiVRn] [info] nxwarp[0] stage: gap 1.9 | wait-prev 0.0 | submit 1.0 (qlock 0.0 + codec 1.0) | get_free 0.0 | fence-pre 0.0 | record 0.0 | qsubmit 0.0 | fence-post 9.1 | publish 0.0 ms; withheld 0, stride 1, arrival 13.4 ms
09-09 20:12:32.603 22070 10703 I WiVRn   : [2026-09-09 20:12:32.603] [WiVRn] [info] nxwarp[0] reassembly (network thread): 0.06 ms/frame over 166 frames, buffer 146 kB held for 146 kB of unit (1.0x)
09-09 20:12:32.603 22070 10703 I WiVRn   : [2026-09-09 20:12:32.603] [WiVRn] [info] nxwarp[0] fence-post 9.1 ms = nxvc gpu 5.4 + copy gpu 0.00 + queue 3.6 (over 166 frames with timestamps)
09-09 20:12:32.658 22070 10656 I WiVRn   : [2026-09-09 20:12:32.658] [WiVRn] [info] render: 176 iterations in 2.0 s (87.6/s), 176 submitted a layer, 164 new-source, 0 skipped by the repeat gate, 0 with nothing to show; display period 11.4 ms
09-09 20:12:32.658 22070 10656 I WiVRn   : [2026-09-09 20:12:32.658] [WiVRn] [info] render: ready wait attempts 40 success 28 total 101.506 ms | selected older than available 0
09-09 20:12:32.658 22070 10656 I WiVRn   : [2026-09-09 20:12:32.658] [WiVRn] [info] render: selected source transitions forward 164 backward 0 repeat 12, greatest forward gap 2
09-09 20:12:32.658 22070 10656 I WiVRn   : [2026-09-09 20:12:32.658] [WiVRn] [info] render: this app's own GPU pass 5.8 ms per iteration
09-09 20:12:32.658 22070 10656 I WiVRn   : [2026-09-09 20:12:32.658] [WiVRn] [info] render: defoveate 2160x2160 per eye x2 = 9.33 Mpx/frame at scale 1.00 atlas-prototype 0; 12 re-presented from the cache (reduce_gpu_load on)
09-09 20:12:32.658 22070 10656 I WiVRn   : [2026-09-09 20:12:32.658] [WiVRn] [info] render: shader path sharpness 0.00 fsr false alpha false motion false blend false glow 0.00 vignette 0.00 deband 0.00 lowpoly 0.00 levels 0 full-kernel false
09-09 20:12:32.658 22070 10656 I WiVRn   : [2026-09-09 20:12:32.658] [WiVRn] [info] render: per iteration fence 2.7 (worst 11.7) | queries 0.0 | submit 0.0 | whole render() 3.9 ms
09-09 20:12:32.658 22070 10656 I WiVRn   : [2026-09-09 20:12:32.658] [WiVRn] [info] render: jit on | wake slack 36.9 ms | slept 0.8 ms mean (max 11.7, 176 of 176 iterations) | budget 13.0 = pass 12.0 + margin 1.0 | sleep cap 0.6 ms
09-09 20:12:32.658 22070 10656 I WiVRn   : [2026-09-09 20:12:32.658] [WiVRn] [info] render: source display-time offset 61.1 ms mean (worst 81.3) over 176 frames | submit lead 32.3 ms mean (worst 19.3) | misses: 0 overrun 0 late 1 skipped refresh
09-09 20:12:33.110 22070 10705 I WiVRn   : [2026-09-09 20:12:33.110] [WiVRn] [info] Tracking pattern (11106µs):
09-09 20:12:33.110 22070 10705 I WiVRn   : [2026-09-09 20:12:33.110] [WiVRn] [info] 	t+4627µs HEAD (6478µs)
09-09 20:12:33.110 22070 10705 I WiVRn   : [2026-09-09 20:12:33.110] [WiVRn] [info] 	t+4667µs LEFT_GRIP (6438µs)
09-09 20:12:33.110 22070 10705 I WiVRn   : [2026-09-09 20:12:33.110] [WiVRn] [info] 	t+4673µs RIGHT_GRIP (6432µs)
09-09 20:12:33.110 22070 10705 I WiVRn   : [2026-09-09 20:12:33.110] [WiVRn] [info] 	t+7627µs HEAD (3478µs)
09-09 20:12:33.110 22070 10705 I WiVRn   : [2026-09-09 20:12:33.110] [WiVRn] [info] 	t+7667µs LEFT_GRIP (3438µs)
09-09 20:12:33.110 22070 10705 I WiVRn   : [2026-09-09 20:12:33.110] [WiVRn] [info] 	t+7673µs RIGHT_GRIP (3432µs)
