--------- beginning of main
--------- beginning of system
09-11 11:07:36.234  7770 10492 I WiVRn   : [2026-09-11 11:07:36.233] [WiVRn] [info] Starting WiVRn version nx-1.4.1-271-g87f2e9bb (87f2e9bb39dd671236c969c64476ac0c527c2a1d)
09-11 11:07:36.234  7770 10492 I WiVRn   : [2026-09-11 11:07:36.234] [WiVRn] [info] Started with intent wivrn://192.168.1.2
09-11 11:07:36.235  7770 10492 I WiVRn   : [2026-09-11 11:07:36.235] [WiVRn] [info] Guessing HMD model from:
09-11 11:07:36.235  7770 10492 I WiVRn   : [2026-09-11 11:07:36.235] [WiVRn] [info]     ro.product.device = "PICOA8110":
09-11 11:07:36.235  7770 10492 I WiVRn   : [2026-09-11 11:07:36.235] [WiVRn] [info]     ro.product.manufacturer = "Pico":
09-11 11:07:36.235  7770 10492 I WiVRn   : [2026-09-11 11:07:36.235] [WiVRn] [info]     ro.product.model = "A8110":
09-11 11:07:36.235  7770 10492 I WiVRn   : [2026-09-11 11:07:36.235] [WiVRn] [info]     pxr.vendorhw.product.model = "PICO 4":
09-11 11:07:36.235  7770 10492 I WiVRn   : [2026-09-11 11:07:36.235] [WiVRn] [info] HMD traits initialized
09-11 11:07:36.235  7770 10492 I WiVRn   : [2026-09-11 11:07:36.235] [WiVRn] [info] 	controller_profile: pico-4
09-11 11:07:36.235  7770 10492 I WiVRn   : [2026-09-11 11:07:36.235] [WiVRn] [info] 	controller_ray_model: assets://ray.glb
09-11 11:07:36.235  7770 10492 I WiVRn   : [2026-09-11 11:07:36.235] [WiVRn] [info] 	max_openxr_api_version: 1.1.58
09-11 11:07:36.235  7770 10492 I WiVRn   : [2026-09-11 11:07:36.235] [WiVRn] [info] 	panel_width_override: 2160
09-11 11:07:36.235  7770 10492 I WiVRn   : [2026-09-11 11:07:36.235] [WiVRn] [info] 	needs_srgb_conversion: true
09-11 11:07:36.235  7770 10492 I WiVRn   : [2026-09-11 11:07:36.235] [WiVRn] [info] 	nxwarp_atlas_speed: true
09-11 11:07:36.235  7770 10492 I WiVRn   : [2026-09-11 11:07:36.235] [WiVRn] [info] 	view_locate: false
09-11 11:07:36.235  7770 10492 I WiVRn   : [2026-09-11 11:07:36.235] [WiVRn] [info] 	vk_debug_ext_allowed: true
09-11 11:07:36.235  7770 10492 I WiVRn   : [2026-09-11 11:07:36.235] [WiVRn] [info] 	bind_simple_controller: true
09-11 11:07:36.235  7770 10492 I WiVRn   : [2026-09-11 11:07:36.235] [WiVRn] [info] 	hand_interaction_grip_surface: true
09-11 11:07:36.235  7770 10492 I WiVRn   : [2026-09-11 11:07:36.235] [WiVRn] [info] 	pico_face_tracker: false
09-11 11:07:36.235  7770 10492 I WiVRn   : [2026-09-11 11:07:36.235] [WiVRn] [info] 	discard_frame: false
09-11 11:07:36.249  7770 10492 I WiVRn   : [2026-09-11 11:07:36.249] [WiVRn] [info] Available OpenXR layers:
09-11 11:07:36.249  7770 10492 I WiVRn   : [2026-09-11 11:07:36.249] [WiVRn] [info] Available OpenXR extensions:
09-11 11:07:36.251  7770 10492 I WiVRn   : [2026-09-11 11:07:36.251] [WiVRn] [info]     XR_BD_body_tracking (version 1)
09-11 11:07:36.251  7770 10492 I WiVRn   : [2026-09-11 11:07:36.251] [WiVRn] [info]     XR_BD_controller_interaction (version 1)
09-11 11:07:36.251  7770 10492 I WiVRn   : [2026-09-11 11:07:36.251] [WiVRn] [info]     XR_EPIC_view_configuration_fov (version 2)
09-11 11:07:36.251  7770 10492 I WiVRn   : [2026-09-11 11:07:36.251] [WiVRn] [info]     XR_EXTX_overlay (version 5)
09-11 11:07:36.251  7770 10492 I WiVRn   : [2026-09-11 11:07:36.251] [WiVRn] [info]     XR_EXT_active_action_set_priority (version 1)
09-11 11:07:36.251  7770 10492 I WiVRn   : [2026-09-11 11:07:36.251] [WiVRn] [info]     XR_EXT_composition_layer_inverted_alpha (version 1)
09-11 11:07:36.251  7770 10492 I WiVRn   : [2026-09-11 11:07:36.251] [WiVRn] [info]     XR_EXT_debug_utils (version 5)
09-11 11:07:36.251  7770 10492 I WiVRn   : [2026-09-11 11:07:36.251] [WiVRn] [info]     XR_EXT_eye_gaze_interaction (version 2)
09-11 11:07:36.251  7770 10492 I WiVRn   : [2026-09-11 11:07:36.251] [WiVRn] [info]     XR_EXT_frame_synthesis (version 1)
09-11 11:07:36.251  7770 10492 I WiVRn   : [2026-09-11 11:07:36.251] [WiVRn] [info]     XR_EXT_hand_interaction (version 1)
09-11 11:07:36.251  7770 10492 I WiVRn   : [2026-09-11 11:07:36.251] [WiVRn] [info]     XR_EXT_hand_tracking (version 4)
09-11 11:07:36.251  7770 10492 I WiVRn   : [2026-09-11 11:07:36.251] [WiVRn] [info]     XR_EXT_local_floor (version 1)
09-11 11:07:36.251  7770 10492 I WiVRn   : [2026-09-11 11:07:36.251] [WiVRn] [info]     XR_EXT_palm_pose (version 3)
09-11 11:07:36.251  7770 10492 I WiVRn   : [2026-09-11 11:07:36.251] [WiVRn] [info]     XR_EXT_performance_settings (version 4)
09-11 11:07:36.251  7770 10492 I WiVRn   : [2026-09-11 11:07:36.251] [WiVRn] [info]     XR_EXT_user_presence (version 1)
09-11 11:07:36.251  7770 10492 I WiVRn   : [2026-09-11 11:07:36.251] [WiVRn] [info]     XR_EXT_uuid (version 1)
09-11 11:07:36.251  7770 10492 I WiVRn   : [2026-09-11 11:07:36.251] [WiVRn] [info]     XR_EXT_view_configuration_depth_range (version 1)
09-11 11:07:36.251  7770 10492 I WiVRn   : [2026-09-11 11:07:36.251] [WiVRn] [info]     XR_FB_composition_layer_alpha_blend (version 3)
09-11 11:07:36.251  7770 10492 I WiVRn   : [2026-09-11 11:07:36.251] [WiVRn] [info]     XR_FB_composition_layer_image_layout (version 1)
09-11 11:07:36.251  7770 10492 I WiVRn   : [2026-09-11 11:07:36.251] [WiVRn] [info]     XR_FB_composition_layer_secure_content (version 1)
09-11 11:07:36.251  7770 10492 I WiVRn   : [2026-09-11 11:07:36.251] [WiVRn] [info]     XR_FB_composition_layer_settings (version 1)
09-11 11:07:36.251  7770 10492 I WiVRn   : [2026-09-11 11:07:36.251] [WiVRn] [info]     XR_FB_display_refresh_rate (version 1)
09-11 11:07:36.251  7770 10492 I WiVRn   : [2026-09-11 11:07:36.251] [WiVRn] [info]     XR_FB_foveation (version 1)
09-11 11:07:36.251  7770 10492 I WiVRn   : [2026-09-11 11:07:36.251] [WiVRn] [info]     XR_FB_foveation_configuration (version 1)
09-11 11:07:36.251  7770 10492 I WiVRn   : [2026-09-11 11:07:36.251] [WiVRn] [info]     XR_FB_foveation_vulkan (version 1)
09-11 11:07:36.251  7770 10492 I WiVRn   : [2026-09-11 11:07:36.251] [WiVRn] [info]     XR_FB_passthrough (version 4)
09-11 11:07:36.251  7770 10492 I WiVRn   : [2026-09-11 11:07:36.251] [WiVRn] [info]     XR_FB_space_warp (version 2)
09-11 11:07:36.251  7770 10492 I WiVRn   : [2026-09-11 11:07:36.251] [WiVRn] [info]     XR_FB_swapchain_update_state (version 3)
09-11 11:07:36.251  7770 10492 I WiVRn   : [2026-09-11 11:07:36.251] [WiVRn] [info]     XR_FB_swapchain_update_state_android_surface (version 1)
09-11 11:07:36.251  7770 10492 I WiVRn   : [2026-09-11 11:07:36.251] [WiVRn] [info]     XR_FB_swapchain_update_state_opengl_es (version 1)
09-11 11:07:36.251  7770 10492 I WiVRn   : [2026-09-11 11:07:36.251] [WiVRn] [info]     XR_FB_swapchain_update_state_vulkan (version 1)
09-11 11:07:36.251  7770 10492 I WiVRn   : [2026-09-11 11:07:36.251] [WiVRn] [info]     XR_FB_triangle_mesh (version 2)
09-11 11:07:36.251  7770 10492 I WiVRn   : [2026-09-11 11:07:36.251] [WiVRn] [info]     XR_KHR_android_create_instance (version 3)
09-11 11:07:36.251  7770 10492 I WiVRn   : [2026-09-11 11:07:36.251] [WiVRn] [info]     XR_KHR_android_surface_swapchain (version 4)
09-11 11:07:36.251  7770 10492 I WiVRn   : [2026-09-11 11:07:36.251] [WiVRn] [info]     XR_KHR_android_thread_settings (version 6)
09-11 11:07:36.251  7770 10492 I WiVRn   : [2026-09-11 11:07:36.251] [WiVRn] [info]     XR_KHR_composition_layer_color_scale_bias (version 5)
09-11 11:07:36.251  7770 10492 I WiVRn   : [2026-09-11 11:07:36.251] [WiVRn] [info]     XR_KHR_composition_layer_cube (version 8)
09-11 11:07:36.251  7770 10492 I WiVRn   : [2026-09-11 11:07:36.251] [WiVRn] [info]     XR_KHR_composition_layer_cylinder (version 4)
09-11 11:07:36.251  7770 10492 I WiVRn   : [2026-09-11 11:07:36.251] [WiVRn] [info]     XR_KHR_composition_layer_depth (version 6)
09-11 11:07:36.251  7770 10492 I WiVRn   : [2026-09-11 11:07:36.251] [WiVRn] [info]     XR_KHR_composition_layer_equirect (version 3)
09-11 11:07:36.251  7770 10492 I WiVRn   : [2026-09-11 11:07:36.251] [WiVRn] [info]     XR_KHR_composition_layer_equirect2 (version 1)
09-11 11:07:36.251  7770 10492 I WiVRn   : [2026-09-11 11:07:36.251] [WiVRn] [info]     XR_KHR_convert_timespec_time (version 1)
09-11 11:07:36.251  7770 10492 I WiVRn   : [2026-09-11 11:07:36.251] [WiVRn] [info]     XR_KHR_loader_init (version 2)
09-11 11:07:36.251  7770 10492 I WiVRn   : [2026-09-11 11:07:36.251] [WiVRn] [info]     XR_KHR_loader_init_android (version 1)
09-11 11:07:36.251  7770 10492 I WiVRn   : [2026-09-11 11:07:36.251] [WiVRn] [info]     XR_KHR_locate_spaces (version 1)
09-11 11:07:36.251  7770 10492 I WiVRn   : [2026-09-11 11:07:36.251] [WiVRn] [info]     XR_KHR_maintenance1 (version 1)
09-11 11:07:36.251  7770 10492 I WiVRn   : [2026-09-11 11:07:36.251] [WiVRn] [info]     XR_KHR_opengl_es_enable (version 8)
09-11 11:07:36.251  7770 10492 I WiVRn   : [2026-09-11 11:07:36.251] [WiVRn] [info]     XR_KHR_vulkan_enable (version 8)
09-11 11:07:36.251  7770 10492 I WiVRn   : [2026-09-11 11:07:36.251] [WiVRn] [info]     XR_KHR_vulkan_enable2 (version 2)
09-11 11:07:36.251  7770 10492 I WiVRn   : [2026-09-11 11:07:36.251] [WiVRn] [info]     XR_KHR_vulkan_swapchain_format_list (version 5)
09-11 11:07:36.251  7770 10492 I WiVRn   : [2026-09-11 11:07:36.251] [WiVRn] [info]     XR_META_foveation_eye_tracked (version 1)
09-11 11:07:36.251  7770 10492 I WiVRn   : [2026-09-11 11:07:36.251] [WiVRn] [info]     XR_META_vulkan_swapchain_create_info (version 1)
09-11 11:07:36.251  7770 10492 I WiVRn   : [2026-09-11 11:07:36.251] [WiVRn] [info]     XR_MND_headless (version 2)
09-11 11:07:36.251  7770 10492 I WiVRn   : [2026-09-11 11:07:36.251] [WiVRn] [info]     XR_MSFT_composition_layer_reprojection (version 1)
09-11 11:07:36.251  7770 10492 I WiVRn   : [2026-09-11 11:07:36.251] [WiVRn] [info] Performance APIs: XR_EXT_performance_settings = available, vendor power/performance extensions = none
09-11 11:07:36.339  7770  7770 I WiVRn   : [2026-09-11 11:07:36.339] [WiVRn] [info] [pointer_capture] requestPointerCapture() invoked successfully
09-11 11:07:36.429  7770 10492 I WiVRn   : [2026-09-11 11:07:36.429] [WiVRn] [info] Using OpenXR extensions:
09-11 11:07:36.429  7770 10492 I WiVRn   : [2026-09-11 11:07:36.429] [WiVRn] [info]     XR_KHR_convert_timespec_time
09-11 11:07:36.429  7770 10492 I WiVRn   : [2026-09-11 11:07:36.429] [WiVRn] [info]     XR_BD_body_tracking
09-11 11:07:36.429  7770 10492 I WiVRn   : [2026-09-11 11:07:36.429] [WiVRn] [info]     XR_BD_controller_interaction
09-11 11:07:36.429  7770 10492 I WiVRn   : [2026-09-11 11:07:36.429] [WiVRn] [info]     XR_EXT_eye_gaze_interaction
09-11 11:07:36.429  7770 10492 I WiVRn   : [2026-09-11 11:07:36.429] [WiVRn] [info]     XR_EXT_hand_interaction
09-11 11:07:36.429  7770 10492 I WiVRn   : [2026-09-11 11:07:36.429] [WiVRn] [info]     XR_EXT_hand_tracking
09-11 11:07:36.429  7770 10492 I WiVRn   : [2026-09-11 11:07:36.429] [WiVRn] [info]     XR_EXT_performance_settings
09-11 11:07:36.429  7770 10492 I WiVRn   : [2026-09-11 11:07:36.429] [WiVRn] [info]     XR_EXT_user_presence
09-11 11:07:36.429  7770 10492 I WiVRn   : [2026-09-11 11:07:36.429] [WiVRn] [info]     XR_FB_composition_layer_settings
09-11 11:07:36.429  7770 10492 I WiVRn   : [2026-09-11 11:07:36.429] [WiVRn] [info]     XR_FB_display_refresh_rate
09-11 11:07:36.429  7770 10492 I WiVRn   : [2026-09-11 11:07:36.429] [WiVRn] [info]     XR_FB_passthrough
09-11 11:07:36.429  7770 10492 I WiVRn   : [2026-09-11 11:07:36.429] [WiVRn] [info]     XR_FB_swapchain_update_state
09-11 11:07:36.429  7770 10492 I WiVRn   : [2026-09-11 11:07:36.429] [WiVRn] [info]     XR_KHR_composition_layer_color_scale_bias
09-11 11:07:36.429  7770 10492 I WiVRn   : [2026-09-11 11:07:36.429] [WiVRn] [info]     XR_KHR_composition_layer_depth
09-11 11:07:36.429  7770 10492 I WiVRn   : [2026-09-11 11:07:36.429] [WiVRn] [info]     XR_KHR_vulkan_swapchain_format_list
09-11 11:07:36.429  7770 10492 I WiVRn   : [2026-09-11 11:07:36.429] [WiVRn] [info]     XR_EXT_palm_pose
09-11 11:07:36.429  7770 10492 I WiVRn   : [2026-09-11 11:07:36.429] [WiVRn] [info]     XR_KHR_locate_spaces
09-11 11:07:36.429  7770 10492 I WiVRn   : [2026-09-11 11:07:36.429] [WiVRn] [info]     XR_KHR_vulkan_enable2
09-11 11:07:36.429  7770 10492 I WiVRn   : [2026-09-11 11:07:36.429] [WiVRn] [info]     XR_KHR_android_create_instance
09-11 11:07:36.429  7770 10492 I WiVRn   : [2026-09-11 11:07:36.429] [WiVRn] [info]     XR_ML_ml2_controller_interaction
09-11 11:07:36.429  7770 10492 I WiVRn   : [2026-09-11 11:07:36.429] [WiVRn] [info]     XR_HTC_vive_cosmos_controller_interaction
09-11 11:07:36.429  7770 10492 I WiVRn   : [2026-09-11 11:07:36.429] [WiVRn] [info]     XR_EXT_uuid
09-11 11:07:36.429  7770 10492 I WiVRn   : [2026-09-11 11:07:36.429] [WiVRn] [info]     XR_EXT_local_floor
09-11 11:07:36.429  7770 10492 I WiVRn   : [2026-09-11 11:07:36.429] [WiVRn] [info]     XR_KHR_locate_spaces
09-11 11:07:36.429  7770 10492 I WiVRn   : [2026-09-11 11:07:36.429] [WiVRn] [info]     XR_EXT_samsung_odyssey_controller
09-11 11:07:36.429  7770 10492 I WiVRn   : [2026-09-11 11:07:36.429] [WiVRn] [info]     XR_EXT_palm_pose
09-11 11:07:36.429  7770 10492 I WiVRn   : [2026-09-11 11:07:36.429] [WiVRn] [info]     XR_HTC_vive_focus3_controller_interaction
09-11 11:07:36.429  7770 10492 I WiVRn   : [2026-09-11 11:07:36.429] [WiVRn] [info]     XR_EXT_hp_mixed_reality_controller
09-11 11:07:36.429  7770 10492 I WiVRn   : [2026-09-11 11:07:36.429] [WiVRn] [info]     XR_KHR_maintenance1
09-11 11:07:36.429  7770 10492 I WiVRn   : [2026-09-11 11:07:36.429] [WiVRn] [info]     XR_VARJO_quad_views
09-11 11:07:36.429  7770 10492 I WiVRn   : [2026-09-11 11:07:36.429] [WiVRn] [info]     XR_BD_controller_interaction
09-11 11:07:36.429  7770 10492 I WiVRn   : [2026-09-11 11:07:36.429] [WiVRn] [info] Created OpenXR instance, runtime Pico(XRT) by Pico et al '99d719953', version 3.0.1, API version 1.1.58
09-11 11:07:36.443  7770 10492 I WiVRn   : [2026-09-11 11:07:36.443] [WiVRn] [info] Created OpenXR system for form factor XR_FORM_FACTOR_HEAD_MOUNTED_DISPLAY
09-11 11:07:36.443  7770 10492 I WiVRn   : [2026-09-11 11:07:36.443] [WiVRn] [info] OpenXR system properties:
09-11 11:07:36.443  7770 10492 I WiVRn   : [2026-09-11 11:07:36.443] [WiVRn] [info]     Vendor ID: 0x2a
09-11 11:07:36.443  7770 10492 I WiVRn   : [2026-09-11 11:07:36.443] [WiVRn] [info]     System name: PICO 4 HMD
09-11 11:07:36.443  7770 10492 I WiVRn   : [2026-09-11 11:07:36.443] [WiVRn] [info]     Graphics properties:
09-11 11:07:36.443  7770 10492 I WiVRn   : [2026-09-11 11:07:36.443] [WiVRn] [info]         Maximum swapchain image size: 16384x16384
09-11 11:07:36.443  7770 10492 I WiVRn   : [2026-09-11 11:07:36.443] [WiVRn] [info]         Maximum layer count: 16
09-11 11:07:36.443  7770 10492 I WiVRn   : [2026-09-11 11:07:36.443] [WiVRn] [info]     Tracking properties:
09-11 11:07:36.443  7770 10492 I WiVRn   : [2026-09-11 11:07:36.443] [WiVRn] [info]         Orientation tracking: true
09-11 11:07:36.443  7770 10492 I WiVRn   : [2026-09-11 11:07:36.443] [WiVRn] [info]         Position tracking: true
09-11 11:07:36.443  7770 10492 I WiVRn   : [2026-09-11 11:07:36.443] [WiVRn] [info]     Hand tracking support: true
09-11 11:07:36.443  7770 10492 I WiVRn   : [2026-09-11 11:07:36.443] [WiVRn] [info]     Eye gaze support: false
09-11 11:07:36.443  7770 10492 I WiVRn   : [2026-09-11 11:07:36.443] [WiVRn] [info]     OpenXR post-processing extension support: true
09-11 11:07:36.443  7770 10492 I WiVRn   : [2026-09-11 11:07:36.443] [WiVRn] [info]     Passthrough: color
09-11 11:07:36.443  7770 10492 I WiVRn   : [2026-09-11 11:07:36.443] [WiVRn] [info]     Face tracker: none
09-11 11:07:36.443  7770 10492 I WiVRn   : [2026-09-11 11:07:36.443] [WiVRn] [info]     Body tracker: pico
09-11 11:07:36.443  7770 10492 I WiVRn   : [2026-09-11 11:07:36.443] [WiVRn] [info] View configuration XR_VIEW_CONFIGURATION_TYPE_PRIMARY_STEREO
09-11 11:07:36.443  7770 10492 I WiVRn   : [2026-09-11 11:07:36.443] [WiVRn] [info]     fovMutable: false
09-11 11:07:36.443  7770 10492 I WiVRn   : [2026-09-11 11:07:36.443] [WiVRn] [info]     View 1:
09-11 11:07:36.443  7770 10492 I WiVRn   : [2026-09-11 11:07:36.443] [WiVRn] [info]         Recommended: 1504x1504, 1 sample(s)
09-11 11:07:36.443  7770 10492 I WiVRn   : [2026-09-11 11:07:36.443] [WiVRn] [info]         Maximum:     2560x2560, 1 sample(s)
09-11 11:07:36.443  7770 10492 I WiVRn   : [2026-09-11 11:07:36.443] [WiVRn] [info]     View 2:
09-11 11:07:36.443  7770 10492 I WiVRn   : [2026-09-11 11:07:36.443] [WiVRn] [info]         Recommended: 1504x1504, 1 sample(s)
09-11 11:07:36.443  7770 10492 I WiVRn   : [2026-09-11 11:07:36.443] [WiVRn] [info]         Maximum:     2560x2560, 1 sample(s)
09-11 11:07:36.443  7770 10492 I WiVRn   : [2026-09-11 11:07:36.443] [WiVRn] [info]     Blend mode: XR_ENVIRONMENT_BLEND_MODE_OPAQUE
09-11 11:07:36.443  7770 10492 I WiVRn   : [2026-09-11 11:07:36.443] [WiVRn] [info]     Blend mode: XR_ENVIRONMENT_BLEND_MODE_ALPHA_BLEND
09-11 11:07:36.443  7770 10492 I WiVRn   : [2026-09-11 11:07:36.443] [WiVRn] [info] OpenXR runtime wants Vulkan 1.0.0
09-11 11:07:36.443  7770 10492 I WiVRn   : [2026-09-11 11:07:36.443] [WiVRn] [info] Requesting Vulkan 1.1.0
09-11 11:07:36.443  7770 10492 I WiVRn   : [2026-09-11 11:07:36.443] [WiVRn] [info] Available Vulkan layers:
09-11 11:07:36.446  7770 10492 I WiVRn   : [2026-09-11 11:07:36.446] [WiVRn] [info] Available Vulkan instance extensions:
09-11 11:07:36.446  7770 10492 I WiVRn   : [2026-09-11 11:07:36.446] [WiVRn] [info]     VK_EXT_debug_report (version 9)
09-11 11:07:36.446  7770 10492 I WiVRn   : [2026-09-11 11:07:36.446] [WiVRn] [info]     VK_EXT_debug_utils (version 2)
09-11 11:07:36.446  7770 10492 I WiVRn   : [2026-09-11 11:07:36.446] [WiVRn] [info]     VK_EXT_swapchain_colorspace (version 3)
09-11 11:07:36.446  7770 10492 I WiVRn   : [2026-09-11 11:07:36.446] [WiVRn] [info]     VK_KHR_android_surface (version 6)
09-11 11:07:36.446  7770 10492 I WiVRn   : [2026-09-11 11:07:36.446] [WiVRn] [info]     VK_KHR_device_group_creation (version 1)
09-11 11:07:36.446  7770 10492 I WiVRn   : [2026-09-11 11:07:36.446] [WiVRn] [info]     VK_KHR_external_fence_capabilities (version 1)
09-11 11:07:36.446  7770 10492 I WiVRn   : [2026-09-11 11:07:36.446] [WiVRn] [info]     VK_KHR_external_memory_capabilities (version 1)
09-11 11:07:36.446  7770 10492 I WiVRn   : [2026-09-11 11:07:36.446] [WiVRn] [info]     VK_KHR_external_semaphore_capabilities (version 1)
09-11 11:07:36.446  7770 10492 I WiVRn   : [2026-09-11 11:07:36.446] [WiVRn] [info]     VK_KHR_get_physical_device_properties2 (version 1)
09-11 11:07:36.446  7770 10492 I WiVRn   : [2026-09-11 11:07:36.446] [WiVRn] [info]     VK_KHR_get_surface_capabilities2 (version 1)
09-11 11:07:36.446  7770 10492 I WiVRn   : [2026-09-11 11:07:36.446] [WiVRn] [info]     VK_KHR_surface (version 25)
09-11 11:07:36.458  7770 10492 I WiVRn   : [2026-09-11 11:07:36.458] [WiVRn] [info] Available Vulkan device extensions:
09-11 11:07:36.458  7770 10492 I WiVRn   : [2026-09-11 11:07:36.458] [WiVRn] [info]     VK_ANDROID_external_memory_android_hardware_buffer (version 3)
09-11 11:07:36.458  7770 10492 I WiVRn   : [2026-09-11 11:07:36.458] [WiVRn] [info]     VK_EXT_astc_decode_mode (version 1)
09-11 11:07:36.458  7770 10492 I WiVRn   : [2026-09-11 11:07:36.458] [WiVRn] [info]     VK_EXT_blend_operation_advanced (version 1)
09-11 11:07:36.458  7770 10492 I WiVRn   : [2026-09-11 11:07:36.458] [WiVRn] [info]     VK_EXT_custom_border_color (version 12)
09-11 11:07:36.458  7770 10492 I WiVRn   : [2026-09-11 11:07:36.458] [WiVRn] [info]     VK_EXT_depth_clip_enable (version 1)
09-11 11:07:36.458  7770 10492 I WiVRn   : [2026-09-11 11:07:36.458] [WiVRn] [info]     VK_EXT_descriptor_indexing (version 2)
09-11 11:07:36.458  7770 10492 I WiVRn   : [2026-09-11 11:07:36.458] [WiVRn] [info]     VK_EXT_device_fault (version 1)
09-11 11:07:36.458  7770 10492 I WiVRn   : [2026-09-11 11:07:36.458] [WiVRn] [info]     VK_EXT_device_memory_report (version 2)
09-11 11:07:36.458  7770 10492 I WiVRn   : [2026-09-11 11:07:36.458] [WiVRn] [info]     VK_EXT_extended_dynamic_state (version 1)
09-11 11:07:36.458  7770 10492 I WiVRn   : [2026-09-11 11:07:36.458] [WiVRn] [info]     VK_EXT_filter_cubic (version 3)
09-11 11:07:36.458  7770 10492 I WiVRn   : [2026-09-11 11:07:36.458] [WiVRn] [info]     VK_EXT_fragment_density_map (version 1)
09-11 11:07:36.458  7770 10492 I WiVRn   : [2026-09-11 11:07:36.458] [WiVRn] [info]     VK_EXT_fragment_density_map2 (version 1)
09-11 11:07:36.458  7770 10492 I WiVRn   : [2026-09-11 11:07:36.458] [WiVRn] [info]     VK_EXT_global_priority (version 2)
09-11 11:07:36.458  7770 10492 I WiVRn   : [2026-09-11 11:07:36.458] [WiVRn] [info]     VK_EXT_global_priority_query (version 1)
09-11 11:07:36.458  7770 10492 I WiVRn   : [2026-09-11 11:07:36.458] [WiVRn] [info]     VK_EXT_hdr_metadata (version 1)
09-11 11:07:36.458  7770 10492 I WiVRn   : [2026-09-11 11:07:36.458] [WiVRn] [info]     VK_EXT_host_query_reset (version 1)
09-11 11:07:36.458  7770 10492 I WiVRn   : [2026-09-11 11:07:36.458] [WiVRn] [info]     VK_EXT_image_robustness (version 1)
09-11 11:07:36.458  7770 10492 I WiVRn   : [2026-09-11 11:07:36.458] [WiVRn] [info]     VK_EXT_index_type_uint8 (version 1)
09-11 11:07:36.458  7770 10492 I WiVRn   : [2026-09-11 11:07:36.458] [WiVRn] [info]     VK_EXT_line_rasterization (version 1)
09-11 11:07:36.458  7770 10492 I WiVRn   : [2026-09-11 11:07:36.458] [WiVRn] [info]     VK_EXT_pipeline_creation_cache_control (version 1)
09-11 11:07:36.458  7770 10492 I WiVRn   : [2026-09-11 11:07:36.458] [WiVRn] [info]     VK_EXT_pipeline_creation_feedback (version 1)
09-11 11:07:36.458  7770 10492 I WiVRn   : [2026-09-11 11:07:36.458] [WiVRn] [info]     VK_EXT_primitive_topology_list_restart (version 2)
09-11 11:07:36.458  7770 10492 I WiVRn   : [2026-09-11 11:07:36.458] [WiVRn] [info]     VK_EXT_private_data (version 1)
09-11 11:07:36.458  7770 10492 I WiVRn   : [2026-09-11 11:07:36.458] [WiVRn] [info]     VK_EXT_provoking_vertex (version 1)
09-11 11:07:36.458  7770 10492 I WiVRn   : [2026-09-11 11:07:36.458] [WiVRn] [info]     VK_EXT_queue_family_foreign (version 1)
09-11 11:07:36.458  7770 10492 I WiVRn   : [2026-09-11 11:07:36.458] [WiVRn] [info]     VK_EXT_robustness2 (version 1)
09-11 11:07:36.458  7770 10492 I WiVRn   : [2026-09-11 11:07:36.458] [WiVRn] [info]     VK_EXT_sample_locations (version 1)
09-11 11:07:36.458  7770 10492 I WiVRn   : [2026-09-11 11:07:36.458] [WiVRn] [info]     VK_EXT_sampler_filter_minmax (version 1)
09-11 11:07:36.458  7770 10492 I WiVRn   : [2026-09-11 11:07:36.458] [WiVRn] [info]     VK_EXT_scalar_block_layout (version 1)
09-11 11:07:36.458  7770 10492 I WiVRn   : [2026-09-11 11:07:36.458] [WiVRn] [info]     VK_EXT_separate_stencil_usage (version 1)
09-11 11:07:36.458  7770 10492 I WiVRn   : [2026-09-11 11:07:36.458] [WiVRn] [info]     VK_EXT_shader_demote_to_helper_invocation (version 1)
09-11 11:07:36.458  7770 10492 I WiVRn   : [2026-09-11 11:07:36.458] [WiVRn] [info]     VK_EXT_subgroup_size_control (version 2)
09-11 11:07:36.458  7770 10492 I WiVRn   : [2026-09-11 11:07:36.458] [WiVRn] [info]     VK_EXT_texture_compression_astc_hdr (version 1)
09-11 11:07:36.458  7770 10492 I WiVRn   : [2026-09-11 11:07:36.458] [WiVRn] [info]     VK_EXT_transform_feedback (version 1)
09-11 11:07:36.458  7770 10492 I WiVRn   : [2026-09-11 11:07:36.458] [WiVRn] [info]     VK_EXT_vertex_attribute_divisor (version 3)
09-11 11:07:36.458  7770 10492 I WiVRn   : [2026-09-11 11:07:36.458] [WiVRn] [info]     VK_EXT_vertex_input_dynamic_state (version 2)
09-11 11:07:36.458  7770 10492 I WiVRn   : [2026-09-11 11:07:36.458] [WiVRn] [info]     VK_GOOGLE_display_timing (version 1)
09-11 11:07:36.458  7770 10492 I WiVRn   : [2026-09-11 11:07:36.458] [WiVRn] [info]     VK_IMG_filter_cubic (version 1)
09-11 11:07:36.458  7770 10492 I WiVRn   : [2026-09-11 11:07:36.458] [WiVRn] [info]     VK_KHR_16bit_storage (version 1)
09-11 11:07:36.458  7770 10492 I WiVRn   : [2026-09-11 11:07:36.458] [WiVRn] [info]     VK_KHR_bind_memory2 (version 1)
09-11 11:07:36.458  7770 10492 I WiVRn   : [2026-09-11 11:07:36.458] [WiVRn] [info]     VK_KHR_buffer_device_address (version 1)
09-11 11:07:36.458  7770 10492 I WiVRn   : [2026-09-11 11:07:36.458] [WiVRn] [info]     VK_KHR_create_renderpass2 (version 1)
09-11 11:07:36.458  7770 10492 I WiVRn   : [2026-09-11 11:07:36.458] [WiVRn] [info]     VK_KHR_dedicated_allocation (version 1)
09-11 11:07:36.458  7770 10492 I WiVRn   : [2026-09-11 11:07:36.458] [WiVRn] [info]     VK_KHR_depth_stencil_resolve (version 1)
09-11 11:07:36.458  7770 10492 I WiVRn   : [2026-09-11 11:07:36.458] [WiVRn] [info]     VK_KHR_descriptor_update_template (version 1)
09-11 11:07:36.458  7770 10492 I WiVRn   : [2026-09-11 11:07:36.458] [WiVRn] [info]     VK_KHR_device_group (version 2)
09-11 11:07:36.458  7770 10492 I WiVRn   : [2026-09-11 11:07:36.458] [WiVRn] [info]     VK_KHR_draw_indirect_count (version 1)
09-11 11:07:36.458  7770 10492 I WiVRn   : [2026-09-11 11:07:36.458] [WiVRn] [info]     VK_KHR_driver_properties (version 1)
09-11 11:07:36.458  7770 10492 I WiVRn   : [2026-09-11 11:07:36.458] [WiVRn] [info]     VK_KHR_external_fence (version 1)
09-11 11:07:36.458  7770 10492 I WiVRn   : [2026-09-11 11:07:36.458] [WiVRn] [info]     VK_KHR_external_fence_fd (version 1)
09-11 11:07:36.458  7770 10492 I WiVRn   : [2026-09-11 11:07:36.458] [WiVRn] [info]     VK_KHR_external_memory (version 1)
09-11 11:07:36.458  7770 10492 I WiVRn   : [2026-09-11 11:07:36.458] [WiVRn] [info]     VK_KHR_external_memory_fd (version 1)
09-11 11:07:36.458  7770 10492 I WiVRn   : [2026-09-11 11:07:36.458] [WiVRn] [info]     VK_KHR_external_semaphore (version 1)
09-11 11:07:36.458  7770 10492 I WiVRn   : [2026-09-11 11:07:36.458] [WiVRn] [info]     VK_KHR_external_semaphore_fd (version 1)
09-11 11:07:36.458  7770 10492 I WiVRn   : [2026-09-11 11:07:36.458] [WiVRn] [info]     VK_KHR_get_memory_requirements2 (version 1)
09-11 11:07:36.458  7770 10492 I WiVRn   : [2026-09-11 11:07:36.458] [WiVRn] [info]     VK_KHR_image_format_list (version 1)
09-11 11:07:36.458  7770 10492 I WiVRn   : [2026-09-11 11:07:36.458] [WiVRn] [info]     VK_KHR_imageless_framebuffer (version 1)
09-11 11:07:36.458  7770 10492 I WiVRn   : [2026-09-11 11:07:36.458] [WiVRn] [info]     VK_KHR_incremental_present (version 1)
09-11 11:07:36.458  7770 10492 I WiVRn   : [2026-09-11 11:07:36.458] [WiVRn] [info]     VK_KHR_maintenance1 (version 1)
09-11 11:07:36.458  7770 10492 I WiVRn   : [2026-09-11 11:07:36.458] [WiVRn] [info]     VK_KHR_maintenance2 (version 1)
09-11 11:07:36.458  7770 10492 I WiVRn   : [2026-09-11 11:07:36.458] [WiVRn] [info]     VK_KHR_maintenance3 (version 1)
09-11 11:07:36.458  7770 10492 I WiVRn   : [2026-09-11 11:07:36.458] [WiVRn] [info]     VK_KHR_multiview (version 1)
09-11 11:07:36.458  7770 10492 I WiVRn   : [2026-09-11 11:07:36.458] [WiVRn] [info]     VK_KHR_pipeline_executable_properties (version 1)
09-11 11:07:36.458  7770 10492 I WiVRn   : [2026-09-11 11:07:36.458] [WiVRn] [info]     VK_KHR_push_descriptor (version 1)
09-11 11:07:36.458  7770 10492 I WiVRn   : [2026-09-11 11:07:36.458] [WiVRn] [info]     VK_KHR_relaxed_block_layout (version 1)
09-11 11:07:36.458  7770 10492 I WiVRn   : [2026-09-11 11:07:36.458] [WiVRn] [info]     VK_KHR_sampler_mirror_clamp_to_edge (version 1)
09-11 11:07:36.458  7770 10492 I WiVRn   : [2026-09-11 11:07:36.458] [WiVRn] [info]     VK_KHR_sampler_ycbcr_conversion (version 1)
09-11 11:07:36.458  7770 10492 I WiVRn   : [2026-09-11 11:07:36.458] [WiVRn] [info]     VK_KHR_separate_depth_stencil_layouts (version 1)
09-11 11:07:36.458  7770 10492 I WiVRn   : [2026-09-11 11:07:36.458] [WiVRn] [info]     VK_KHR_shader_draw_parameters (version 1)
09-11 11:07:36.458  7770 10492 I WiVRn   : [2026-09-11 11:07:36.458] [WiVRn] [info]     VK_KHR_shader_float16_int8 (version 1)
09-11 11:07:36.458  7770 10492 I WiVRn   : [2026-09-11 11:07:36.458] [WiVRn] [info]     VK_KHR_shader_float_controls (version 4)
09-11 11:07:36.458  7770 10492 I WiVRn   : [2026-09-11 11:07:36.458] [WiVRn] [info]     VK_KHR_shader_non_semantic_info (version 1)
09-11 11:07:36.458  7770 10492 I WiVRn   : [2026-09-11 11:07:36.458] [WiVRn] [info]     VK_KHR_shared_presentable_image (version 1)
09-11 11:07:36.458  7770 10492 I WiVRn   : [2026-09-11 11:07:36.458] [WiVRn] [info]     VK_KHR_spirv_1_4 (version 1)
09-11 11:07:36.458  7770 10492 I WiVRn   : [2026-09-11 11:07:36.458] [WiVRn] [info]     VK_KHR_storage_buffer_storage_class (version 1)
09-11 11:07:36.458  7770 10492 I WiVRn   : [2026-09-11 11:07:36.458] [WiVRn] [info]     VK_KHR_swapchain (version 70)
09-11 11:07:36.458  7770 10492 I WiVRn   : [2026-09-11 11:07:36.458] [WiVRn] [info]     VK_KHR_timeline_semaphore (version 2)
09-11 11:07:36.458  7770 10492 I WiVRn   : [2026-09-11 11:07:36.458] [WiVRn] [info]     VK_KHR_variable_pointers (version 1)
09-11 11:07:36.458  7770 10492 I WiVRn   : [2026-09-11 11:07:36.458] [WiVRn] [info]     VK_KHR_vulkan_memory_model (version 3)
09-11 11:07:36.458  7770 10492 I WiVRn   : [2026-09-11 11:07:36.458] [WiVRn] [info]     VK_QCOM_fragment_density_map_offset (version 1)
09-11 11:07:36.458  7770 10492 I WiVRn   : [2026-09-11 11:07:36.458] [WiVRn] [info]     VK_QCOM_render_pass_shader_resolve (version 4)
09-11 11:07:36.458  7770 10492 I WiVRn   : [2026-09-11 11:07:36.458] [WiVRn] [info]     VK_QCOM_render_pass_store_ops (version 2)
09-11 11:07:36.458  7770 10492 I WiVRn   : [2026-09-11 11:07:36.458] [WiVRn] [info]     VK_QCOM_render_pass_transform (version 3)
09-11 11:07:36.458  7770 10492 I WiVRn   : [2026-09-11 11:07:36.458] [WiVRn] [info]     VK_QCOM_tile_properties (version 1)
09-11 11:07:36.458  7770 10492 I WiVRn   : [2026-09-11 11:07:36.458] [WiVRn] [info] Initializing Vulkan with device Adreno (TM) 650
09-11 11:07:36.458  7770 10492 I WiVRn   : [2026-09-11 11:07:36.458] [WiVRn] [info]     Vendor ID: 0x5143
09-11 11:07:36.458  7770 10492 I WiVRn   : [2026-09-11 11:07:36.458] [WiVRn] [info]     Device ID: 0x6050002
09-11 11:07:36.458  7770 10492 I WiVRn   : [2026-09-11 11:07:36.458] [WiVRn] [info]     Driver version: 512.682.0
09-11 11:07:36.458  7770 10492 I WiVRn   : [2026-09-11 11:07:36.458] [WiVRn] [info]     maxPushConstantsSize: 128 bytes
09-11 11:07:36.458  7770 10492 I WiVRn   : [2026-09-11 11:07:36.458] [WiVRn] [info] NX queue priorities: render 0 decode 1 / 1 (3 queues)
09-11 11:07:36.458  7770 10492 I WiVRn   : [2026-09-11 11:07:36.458] [WiVRn] [info] Vulkan fragment density map enabled
09-11 11:07:36.459  7770 10492 I WiVRn   : [2026-09-11 11:07:36.459] [WiVRn] [info]     queue family 0 has 3 queues; decoding on queue 1 and queue 2 (one per eye)
09-11 11:07:36.486  7770 10492 I WiVRn   : [2026-09-11 11:07:36.486] [WiVRn] [info] 4 reference spaces
09-11 11:07:36.486  7770 10492 I WiVRn   : [2026-09-11 11:07:36.486] [WiVRn] [info]     XR_REFERENCE_SPACE_TYPE_VIEW
09-11 11:07:36.486  7770 10492 I WiVRn   : [2026-09-11 11:07:36.486] [WiVRn] [info]     XR_REFERENCE_SPACE_TYPE_LOCAL
09-11 11:07:36.486  7770 10492 I WiVRn   : [2026-09-11 11:07:36.486] [WiVRn] [info]     XR_REFERENCE_SPACE_TYPE_STAGE
09-11 11:07:36.486  7770 10492 I WiVRn   : [2026-09-11 11:07:36.486] [WiVRn] [info]     XR_REFERENCE_SPACE_TYPE_LOCAL_FLOOR
09-11 11:07:36.486  7770 10492 I WiVRn   : [2026-09-11 11:07:36.486] [WiVRn] [info] Adding grip_surface/pose for interaction profile /interaction_profiles/khr/simple_controller
09-11 11:07:36.486  7770 10492 I WiVRn   : [2026-09-11 11:07:36.486] [WiVRn] [info] Adding pinch_ext/pose for interaction profile /interaction_profiles/khr/simple_controller
09-11 11:07:36.486  7770 10492 I WiVRn   : [2026-09-11 11:07:36.486] [WiVRn] [info] Adding poke_ext/pose for interaction profile /interaction_profiles/khr/simple_controller
09-11 11:07:36.486  7770 10492 I WiVRn   : [2026-09-11 11:07:36.486] [WiVRn] [info] Adding grip_surface/pose for interaction profile /interaction_profiles/oculus/touch_controller
09-11 11:07:36.486  7770 10492 I WiVRn   : [2026-09-11 11:07:36.486] [WiVRn] [info] Adding pinch_ext/pose for interaction profile /interaction_profiles/oculus/touch_controller
09-11 11:07:36.486  7770 10492 I WiVRn   : [2026-09-11 11:07:36.486] [WiVRn] [info] Adding poke_ext/pose for interaction profile /interaction_profiles/oculus/touch_controller
09-11 11:07:36.486  7770 10492 I WiVRn   : [2026-09-11 11:07:36.486] [WiVRn] [info] Adding grip_surface/pose for interaction profile /interaction_profiles/meta/touch_pro_controller
09-11 11:07:36.486  7770 10492 I WiVRn   : [2026-09-11 11:07:36.486] [WiVRn] [info] Adding pinch_ext/pose for interaction profile /interaction_profiles/meta/touch_pro_controller
09-11 11:07:36.486  7770 10492 I WiVRn   : [2026-09-11 11:07:36.486] [WiVRn] [info] Adding poke_ext/pose for interaction profile /interaction_profiles/meta/touch_pro_controller
09-11 11:07:36.486  7770 10492 I WiVRn   : [2026-09-11 11:07:36.486] [WiVRn] [info] Adding grip_surface/pose for interaction profile /interaction_profiles/meta/touch_plus_controller
09-11 11:07:36.486  7770 10492 I WiVRn   : [2026-09-11 11:07:36.486] [WiVRn] [info] Adding pinch_ext/pose for interaction profile /interaction_profiles/meta/touch_plus_controller
09-11 11:07:36.486  7770 10492 I WiVRn   : [2026-09-11 11:07:36.486] [WiVRn] [info] Adding poke_ext/pose for interaction profile /interaction_profiles/meta/touch_plus_controller
09-11 11:07:36.486  7770 10492 I WiVRn   : [2026-09-11 11:07:36.486] [WiVRn] [info] Adding grip_surface/pose for interaction profile /interaction_profiles/bytedance/pico_neo3_controller
09-11 11:07:36.486  7770 10492 I WiVRn   : [2026-09-11 11:07:36.486] [WiVRn] [info] Adding pinch_ext/pose for interaction profile /interaction_profiles/bytedance/pico_neo3_controller
09-11 11:07:36.486  7770 10492 I WiVRn   : [2026-09-11 11:07:36.486] [WiVRn] [info] Adding poke_ext/pose for interaction profile /interaction_profiles/bytedance/pico_neo3_controller
09-11 11:07:36.486  7770 10492 I WiVRn   : [2026-09-11 11:07:36.486] [WiVRn] [info] Adding grip_surface/pose for interaction profile /interaction_profiles/bytedance/pico4_controller
09-11 11:07:36.486  7770 10492 I WiVRn   : [2026-09-11 11:07:36.486] [WiVRn] [info] Adding pinch_ext/pose for interaction profile /interaction_profiles/bytedance/pico4_controller
09-11 11:07:36.486  7770 10492 I WiVRn   : [2026-09-11 11:07:36.486] [WiVRn] [info] Adding poke_ext/pose for interaction profile /interaction_profiles/bytedance/pico4_controller
09-11 11:07:36.486  7770 10492 I WiVRn   : [2026-09-11 11:07:36.486] [WiVRn] [info] Adding grip_surface/pose for interaction profile /interaction_profiles/bytedance/pico4s_controller
09-11 11:07:36.486  7770 10492 I WiVRn   : [2026-09-11 11:07:36.486] [WiVRn] [info] Adding pinch_ext/pose for interaction profile /interaction_profiles/bytedance/pico4s_controller
09-11 11:07:36.486  7770 10492 I WiVRn   : [2026-09-11 11:07:36.486] [WiVRn] [info] Adding poke_ext/pose for interaction profile /interaction_profiles/bytedance/pico4s_controller
09-11 11:07:36.486  7770 10492 I WiVRn   : [2026-09-11 11:07:36.486] [WiVRn] [info] Adding grip_surface/pose for interaction profile /interaction_profiles/yvr/touch_controller_yvr
09-11 11:07:36.486  7770 10492 I WiVRn   : [2026-09-11 11:07:36.486] [WiVRn] [info] Adding pinch_ext/pose for interaction profile /interaction_profiles/yvr/touch_controller_yvr
09-11 11:07:36.486  7770 10492 I WiVRn   : [2026-09-11 11:07:36.486] [WiVRn] [info] Adding poke_ext/pose for interaction profile /interaction_profiles/yvr/touch_controller_yvr
09-11 11:07:36.486  7770 10492 I WiVRn   : [2026-09-11 11:07:36.486] [WiVRn] [info] Adding grip_surface/pose for interaction profile /interaction_profiles/htc/vive_focus3_controller
09-11 11:07:36.486  7770 10492 I WiVRn   : [2026-09-11 11:07:36.486] [WiVRn] [info] Adding pinch_ext/pose for interaction profile /interaction_profiles/htc/vive_focus3_controller
09-11 11:07:36.486  7770 10492 I WiVRn   : [2026-09-11 11:07:36.486] [WiVRn] [info] Adding poke_ext/pose for interaction profile /interaction_profiles/htc/vive_focus3_controller
09-11 11:07:36.486  7770 10492 I WiVRn   : [2026-09-11 11:07:36.486] [WiVRn] [info] Adding grip_surface/pose for interaction profile /interaction_profiles/ext/hand_interaction_ext
09-11 11:07:36.490  7770 10492 I WiVRn   : [2026-09-11 11:07:36.490] [WiVRn] [info] Current locale: language en, country GB, encoding UTF-8
09-11 11:07:36.491  7770 10492 I WiVRn   : [2026-09-11 11:07:36.490] [WiVRn] [info] Supported swapchain formats:
09-11 11:07:36.491  7770 10492 I WiVRn   : [2026-09-11 11:07:36.491] [WiVRn] [info]     R8G8B8A8Srgb
09-11 11:07:36.491  7770 10492 I WiVRn   : [2026-09-11 11:07:36.491] [WiVRn] [info]     R8Unorm
09-11 11:07:36.491  7770 10492 I WiVRn   : [2026-09-11 11:07:36.491] [WiVRn] [info]     R8G8Unorm
09-11 11:07:36.491  7770 10492 I WiVRn   : [2026-09-11 11:07:36.491] [WiVRn] [info]     R8G8B8A8Unorm
09-11 11:07:36.491  7770 10492 I WiVRn   : [2026-09-11 11:07:36.491] [WiVRn] [info]     R5G6B5UnormPack16
09-11 11:07:36.491  7770 10492 I WiVRn   : [2026-09-11 11:07:36.491] [WiVRn] [info]     A2B10G10R10UnormPack32
09-11 11:07:36.491  7770 10492 I WiVRn   : [2026-09-11 11:07:36.491] [WiVRn] [info]     R16Unorm
09-11 11:07:36.491  7770 10492 I WiVRn   : [2026-09-11 11:07:36.491] [WiVRn] [info]     R16G16Unorm
09-11 11:07:36.491  7770 10492 I WiVRn   : [2026-09-11 11:07:36.491] [WiVRn] [info]     R16G16B16A16Unorm
09-11 11:07:36.491  7770 10492 I WiVRn   : [2026-09-11 11:07:36.491] [WiVRn] [info]     R16Uint
09-11 11:07:36.491  7770 10492 I WiVRn   : [2026-09-11 11:07:36.491] [WiVRn] [info]     R16G16Uint
09-11 11:07:36.491  7770 10492 I WiVRn   : [2026-09-11 11:07:36.491] [WiVRn] [info]     R16G16B16A16Uint
09-11 11:07:36.491  7770 10492 I WiVRn   : [2026-09-11 11:07:36.491] [WiVRn] [info]     R16Sint
09-11 11:07:36.491  7770 10492 I WiVRn   : [2026-09-11 11:07:36.491] [WiVRn] [info]     R16G16Sint
09-11 11:07:36.491  7770 10492 I WiVRn   : [2026-09-11 11:07:36.491] [WiVRn] [info]     R16G16B16A16Sint
09-11 11:07:36.491  7770 10492 I WiVRn   : [2026-09-11 11:07:36.491] [WiVRn] [info]     R16Sfloat
09-11 11:07:36.491  7770 10492 I WiVRn   : [2026-09-11 11:07:36.491] [WiVRn] [info]     R16G16Sfloat
09-11 11:07:36.491  7770 10492 I WiVRn   : [2026-09-11 11:07:36.491] [WiVRn] [info]     R16G16B16A16Sfloat
09-11 11:07:36.491  7770 10492 I WiVRn   : [2026-09-11 11:07:36.491] [WiVRn] [info]     A1R5G5B5UnormPack16
09-11 11:07:36.491  7770 10492 I WiVRn   : [2026-09-11 11:07:36.491] [WiVRn] [info]     Etc2R8G8B8UnormBlock
09-11 11:07:36.491  7770 10492 I WiVRn   : [2026-09-11 11:07:36.491] [WiVRn] [info]     Etc2R8G8B8A1UnormBlock
09-11 11:07:36.491  7770 10492 I WiVRn   : [2026-09-11 11:07:36.491] [WiVRn] [info]     Etc2R8G8B8A8UnormBlock
09-11 11:07:36.491  7770 10492 I WiVRn   : [2026-09-11 11:07:36.491] [WiVRn] [info]     Etc2R8G8B8SrgbBlock
09-11 11:07:36.491  7770 10492 I WiVRn   : [2026-09-11 11:07:36.491] [WiVRn] [info]     Etc2R8G8B8A1SrgbBlock
09-11 11:07:36.491  7770 10492 I WiVRn   : [2026-09-11 11:07:36.491] [WiVRn] [info]     Etc2R8G8B8A8SrgbBlock
09-11 11:07:36.491  7770 10492 I WiVRn   : [2026-09-11 11:07:36.491] [WiVRn] [info]     EacR11UnormBlock
09-11 11:07:36.491  7770 10492 I WiVRn   : [2026-09-11 11:07:36.491] [WiVRn] [info]     EacR11G11UnormBlock
09-11 11:07:36.491  7770 10492 I WiVRn   : [2026-09-11 11:07:36.491] [WiVRn] [info]     EacR11SnormBlock
09-11 11:07:36.491  7770 10492 I WiVRn   : [2026-09-11 11:07:36.491] [WiVRn] [info]     EacR11G11SnormBlock
09-11 11:07:36.491  7770 10492 I WiVRn   : [2026-09-11 11:07:36.491] [WiVRn] [info]     Astc4x4UnormBlock
09-11 11:07:36.491  7770 10492 I WiVRn   : [2026-09-11 11:07:36.491] [WiVRn] [info]     Astc5x4UnormBlock
09-11 11:07:36.491  7770 10492 I WiVRn   : [2026-09-11 11:07:36.491] [WiVRn] [info]     Astc5x5UnormBlock
09-11 11:07:36.491  7770 10492 I WiVRn   : [2026-09-11 11:07:36.491] [WiVRn] [info]     Astc6x5UnormBlock
09-11 11:07:36.491  7770 10492 I WiVRn   : [2026-09-11 11:07:36.491] [WiVRn] [info]     Astc6x6UnormBlock
09-11 11:07:36.491  7770 10492 I WiVRn   : [2026-09-11 11:07:36.491] [WiVRn] [info]     Astc8x5UnormBlock
09-11 11:07:36.491  7770 10492 I WiVRn   : [2026-09-11 11:07:36.491] [WiVRn] [info]     Astc8x6UnormBlock
09-11 11:07:36.491  7770 10492 I WiVRn   : [2026-09-11 11:07:36.491] [WiVRn] [info]     Astc8x8UnormBlock
09-11 11:07:36.491  7770 10492 I WiVRn   : [2026-09-11 11:07:36.491] [WiVRn] [info]     Astc10x5UnormBlock
09-11 11:07:36.491  7770 10492 I WiVRn   : [2026-09-11 11:07:36.491] [WiVRn] [info]     Astc10x6UnormBlock
09-11 11:07:36.491  7770 10492 I WiVRn   : [2026-09-11 11:07:36.491] [WiVRn] [info]     Astc10x8UnormBlock
09-11 11:07:36.491  7770 10492 I WiVRn   : [2026-09-11 11:07:36.491] [WiVRn] [info]     Astc10x10UnormBlock
09-11 11:07:36.491  7770 10492 I WiVRn   : [2026-09-11 11:07:36.491] [WiVRn] [info]     Astc12x10UnormBlock
09-11 11:07:36.491  7770 10492 I WiVRn   : [2026-09-11 11:07:36.491] [WiVRn] [info]     Astc12x12UnormBlock
09-11 11:07:36.491  7770 10492 I WiVRn   : [2026-09-11 11:07:36.491] [WiVRn] [info]     Astc4x4SrgbBlock
09-11 11:07:36.491  7770 10492 I WiVRn   : [2026-09-11 11:07:36.491] [WiVRn] [info]     Astc5x4SrgbBlock
09-11 11:07:36.491  7770 10492 I WiVRn   : [2026-09-11 11:07:36.491] [WiVRn] [info]     Astc5x5SrgbBlock
09-11 11:07:36.491  7770 10492 I WiVRn   : [2026-09-11 11:07:36.491] [WiVRn] [info]     Astc6x5SrgbBlock
09-11 11:07:36.491  7770 10492 I WiVRn   : [2026-09-11 11:07:36.491] [WiVRn] [info]     Astc6x6SrgbBlock
09-11 11:07:36.491  7770 10492 I WiVRn   : [2026-09-11 11:07:36.491] [WiVRn] [info]     Astc8x5SrgbBlock
09-11 11:07:36.491  7770 10492 I WiVRn   : [2026-09-11 11:07:36.491] [WiVRn] [info]     Astc8x6SrgbBlock
09-11 11:07:36.491  7770 10492 I WiVRn   : [2026-09-11 11:07:36.491] [WiVRn] [info]     Astc8x8SrgbBlock
09-11 11:07:36.491  7770 10492 I WiVRn   : [2026-09-11 11:07:36.491] [WiVRn] [info]     Astc10x5SrgbBlock
09-11 11:07:36.491  7770 10492 I WiVRn   : [2026-09-11 11:07:36.491] [WiVRn] [info]     Astc10x6SrgbBlock
09-11 11:07:36.491  7770 10492 I WiVRn   : [2026-09-11 11:07:36.491] [WiVRn] [info]     Astc10x8SrgbBlock
09-11 11:07:36.491  7770 10492 I WiVRn   : [2026-09-11 11:07:36.491] [WiVRn] [info]     Astc10x10SrgbBlock
09-11 11:07:36.491  7770 10492 I WiVRn   : [2026-09-11 11:07:36.491] [WiVRn] [info]     Astc12x10SrgbBlock
09-11 11:07:36.491  7770 10492 I WiVRn   : [2026-09-11 11:07:36.491] [WiVRn] [info]     Astc12x12SrgbBlock
09-11 11:07:36.491  7770 10492 I WiVRn   : [2026-09-11 11:07:36.491] [WiVRn] [info]     D16Unorm
09-11 11:07:36.491  7770 10492 I WiVRn   : [2026-09-11 11:07:36.491] [WiVRn] [info]     X8D24UnormPack32
09-11 11:07:36.491  7770 10492 I WiVRn   : [2026-09-11 11:07:36.491] [WiVRn] [info]     D32Sfloat
09-11 11:07:36.491  7770 10492 I WiVRn   : [2026-09-11 11:07:36.491] [WiVRn] [info]     D24UnormS8Uint
09-11 11:07:36.491  7770 10492 I WiVRn   : [2026-09-11 11:07:36.491] [WiVRn] [info]     B8G8R8A8Unorm
09-11 11:07:36.491  7770 10492 I WiVRn   : [2026-09-11 11:07:36.491] [WiVRn] [info]     B8G8R8A8Srgb
09-11 11:07:36.510  7770 10492 I WiVRn   : [2026-09-11 11:07:36.510] [WiVRn] [info] Using formats R8G8B8A8Srgb and D32Sfloat
09-11 11:07:36.510  7770 10492 I WiVRn   : [2026-09-11 11:07:36.510] [WiVRn] [info] Composition layer depth test NOT supported
09-11 11:07:36.510  7770 10492 I WiVRn   : [2026-09-11 11:07:36.510] [WiVRn] [info] Composition layer color scale/bias supported
09-11 11:07:36.510  7770 10492 I WiVRn   : [2026-09-11 11:07:36.510] [WiVRn] [info] 0 known server(s):
09-11 11:07:36.512  7770 10540 I WiVRn   : [2026-09-11 11:07:36.512] [WiVRn] [info] Session state changed at timestamp 0: XR_SESSION_STATE_UNKNOWN => XR_SESSION_STATE_IDLE
09-11 11:07:36.512  7770 10540 I WiVRn   : [2026-09-11 11:07:36.512] [WiVRn] [info] Session state changed at timestamp 0: XR_SESSION_STATE_IDLE => XR_SESSION_STATE_READY
09-11 11:07:36.529  7770 10540 I WiVRn   : [2026-09-11 11:07:36.529] [WiVRn] [info] Received event type XR_TYPE_EVENT_DATA_USER_PRESENCE_CHANGED_EXT
09-11 11:07:36.529  7770 10540 I WiVRn   : [2026-09-11 11:07:36.529] [WiVRn] [info] Using panel size: 2160x2160
09-11 11:07:36.709  7770 10540 I WiVRn   : [2026-09-11 11:07:36.709] [WiVRn] [info] Loaded input profile pico-4
09-11 11:07:36.709  7770 10540 I WiVRn   : [2026-09-11 11:07:36.709] [WiVRn] [info] Initializing offset of space aim_left to (-5, 0, 20) mm, (0, -0, 0)°
09-11 11:07:36.709  7770 10540 I WiVRn   : [2026-09-11 11:07:36.709] [WiVRn] [info] Initializing offset of space aim_right to (5, 0, 20) mm, (0, -0, 0)°
09-11 11:07:36.709  7770 10540 I WiVRn   : [2026-09-11 11:07:36.709] [WiVRn] [info] Initializing offset of space grip_left to (0, -20, -50) mm, (-30.000002, -0, 0)°
09-11 11:07:36.709  7770 10540 I WiVRn   : [2026-09-11 11:07:36.709] [WiVRn] [info] Initializing offset of space grip_right to (0, -20, -50) mm, (-30.000002, -0, 0)°
09-11 11:07:36.717  7770 10540 I WiVRn   : [2026-09-11 11:07:36.717] [WiVRn] [info] Font for de /system/fonts/PICOSans.ttf
09-11 11:07:36.717  7770 10540 I WiVRn   : [2026-09-11 11:07:36.717] [WiVRn] [info] Font for es /system/fonts/PICOSans.ttf
09-11 11:07:36.717  7770 10540 I WiVRn   : [2026-09-11 11:07:36.717] [WiVRn] [info] Font for fr /system/fonts/PICOSans.ttf
09-11 11:07:36.717  7770 10540 I WiVRn   : [2026-09-11 11:07:36.717] [WiVRn] [info] Font for fr /system/fonts/Roboto-Regular.ttf
09-11 11:07:36.717  7770 10540 I WiVRn   : [2026-09-11 11:07:36.717] [WiVRn] [info] Font for it /system/fonts/PICOSans.ttf
09-11 11:07:36.717  7770 10540 I WiVRn   : [2026-09-11 11:07:36.717] [WiVRn] [info] Font for ja /system/fonts/PICOSans.ttf
09-11 11:07:36.717  7770 10540 I WiVRn   : [2026-09-11 11:07:36.717] [WiVRn] [info] Font for ja /system/fonts/PICOSansVFJP.ttf
09-11 11:07:36.718  7770 10540 I WiVRn   : [2026-09-11 11:07:36.718] [WiVRn] [info] Font for ka /system/fonts/PICOSans.ttf
09-11 11:07:36.718  7770 10540 I WiVRn   : [2026-09-11 11:07:36.718] [WiVRn] [info] Font for ka /system/fonts/NotoSansGeorgian-Regular.otf
09-11 11:07:36.718  7770 10540 I WiVRn   : [2026-09-11 11:07:36.718] [WiVRn] [info] Font for ka /system/fonts/PICOSans.ttf
09-11 11:07:36.718  7770 10540 I WiVRn   : [2026-09-11 11:07:36.718] [WiVRn] [info] Font for pl /system/fonts/PICOSans.ttf
09-11 11:07:36.718  7770 10540 I WiVRn   : [2026-09-11 11:07:36.718] [WiVRn] [info] Font for pl /system/fonts/Roboto-Regular.ttf
09-11 11:07:36.718  7770 10540 I WiVRn   : [2026-09-11 11:07:36.718] [WiVRn] [info] Font for pl /system/fonts/PICOSans.ttf
09-11 11:07:36.718  7770 10540 I WiVRn   : [2026-09-11 11:07:36.718] [WiVRn] [info] Font for pl /system/fonts/PICOSansSC-Regular.ttf
09-11 11:07:36.718  7770 10540 I WiVRn   : [2026-09-11 11:07:36.718] [WiVRn] [info] Font for pl /system/fonts/Roboto-Regular.ttf
09-11 11:07:36.718  7770 10540 I WiVRn   : [2026-09-11 11:07:36.718] [WiVRn] [info] Font for pl /system/fonts/PICOSans.ttf
09-11 11:07:36.718  7770 10540 I WiVRn   : [2026-09-11 11:07:36.718] [WiVRn] [info] Font for pt_BR /system/fonts/PICOSans.ttf
09-11 11:07:36.718  7770 10540 I WiVRn   : [2026-09-11 11:07:36.718] [WiVRn] [info] Font for ru /system/fonts/PICOSans.ttf
09-11 11:07:36.718  7770 10540 I WiVRn   : [2026-09-11 11:07:36.718] [WiVRn] [info] Font for ru /system/fonts/PICOSansSC-Regular.ttf
09-11 11:07:36.718  7770 10540 I WiVRn   : [2026-09-11 11:07:36.718] [WiVRn] [info] Font for ru /system/fonts/PICOSans.ttf
09-11 11:07:36.718  7770 10540 I WiVRn   : [2026-09-11 11:07:36.718] [WiVRn] [info] Font for sk /system/fonts/PICOSans.ttf
09-11 11:07:36.718  7770 10540 I WiVRn   : [2026-09-11 11:07:36.718] [WiVRn] [info] Font for sk /system/fonts/Roboto-Regular.ttf
09-11 11:07:36.718  7770 10540 I WiVRn   : [2026-09-11 11:07:36.718] [WiVRn] [info] Font for sk /system/fonts/PICOSansSC-Regular.ttf
09-11 11:07:36.718  7770 10540 I WiVRn   : [2026-09-11 11:07:36.718] [WiVRn] [info] Font for sk /system/fonts/PICOSans.ttf
09-11 11:07:36.718  7770 10540 I WiVRn   : [2026-09-11 11:07:36.718] [WiVRn] [info] Font for sk /system/fonts/Roboto-Regular.ttf
09-11 11:07:36.718  7770 10540 I WiVRn   : [2026-09-11 11:07:36.718] [WiVRn] [info] Font for sk /system/fonts/PICOSans.ttf
09-11 11:07:36.718  7770 10540 I WiVRn   : [2026-09-11 11:07:36.718] [WiVRn] [info] Font for tr /system/fonts/PICOSans.ttf
09-11 11:07:36.718  7770 10540 I WiVRn   : [2026-09-11 11:07:36.718] [WiVRn] [info] Font for tr /system/fonts/Roboto-Regular.ttf
09-11 11:07:36.718  7770 10540 I WiVRn   : [2026-09-11 11:07:36.718] [WiVRn] [info] Font for tr /system/fonts/PICOSans.ttf
09-11 11:07:36.718  7770 10540 I WiVRn   : [2026-09-11 11:07:36.718] [WiVRn] [info] Font for tr /system/fonts/Roboto-Regular.ttf
09-11 11:07:36.718  7770 10540 I WiVRn   : [2026-09-11 11:07:36.718] [WiVRn] [info] Font for tr /system/fonts/PICOSans.ttf
09-11 11:07:36.718  7770 10540 I WiVRn   : [2026-09-11 11:07:36.718] [WiVRn] [info] Font for zh_CN /system/fonts/PICOSans.ttf
09-11 11:07:36.718  7770 10540 I WiVRn   : [2026-09-11 11:07:36.718] [WiVRn] [info] Font for zh_CN /system/fonts/PICOSansSC-Regular.ttf
09-11 11:07:36.718  7770 10540 I WiVRn   : [2026-09-11 11:07:36.718] [WiVRn] [info] Font for zh_TW /system/fonts/PICOSans.ttf
09-11 11:07:36.718  7770 10540 I WiVRn   : [2026-09-11 11:07:36.718] [WiVRn] [info] Font for zh_TW /system/fonts/PICOSansSC-Regular.ttf
09-11 11:07:36.722  7770 10540 I WiVRn   : [2026-09-11 11:07:36.722] [WiVRn] [info] Using font /system/fonts/PICOSans.ttf
09-11 11:07:36.723  7770 10540 I WiVRn   : [2026-09-11 11:07:36.723] [WiVRn] [info] Using font /system/fonts/Roboto-Regular.ttf
09-11 11:07:36.723  7770 10540 I WiVRn   : [2026-09-11 11:07:36.723] [WiVRn] [info] Using font /system/fonts/PICOSansVFJP.ttf
09-11 11:07:36.731  7770 10540 I WiVRn   : [2026-09-11 11:07:36.731] [WiVRn] [info] Using font /system/fonts/NotoSansGeorgian-Regular.otf
09-11 11:07:36.731  7770 10540 I WiVRn   : [2026-09-11 11:07:36.731] [WiVRn] [info] Using font /system/fonts/PICOSansSC-Regular.ttf
09-11 11:07:36.784  7770 10540 I WiVRn   : [2026-09-11 11:07:36.784] [WiVRn] [info] MulticastLock acquired
09-11 11:07:36.785  7770 10540 I WiVRn   : [2026-09-11 11:07:36.785] [WiVRn] [info] Local IPv6 address: 2003:c2:3701:81fc:b3c8:aefc:7af2:8a5a
09-11 11:07:36.785  7770 10540 I WiVRn   : [2026-09-11 11:07:36.785] [WiVRn] [info] Local IPv6 address: 2003:c2:3701:81fc:616a:1ec4:5f3c:1dd5
09-11 11:07:36.785  7770 10540 I WiVRn   : [2026-09-11 11:07:36.785] [WiVRn] [info] Local IPv6 address: fd3c:3d87:86b7:0:c7ff:60cd:b757:e773
09-11 11:07:36.785  7770 10540 I WiVRn   : [2026-09-11 11:07:36.785] [WiVRn] [info] Local IPv6 address: fd3c:3d87:86b7:0:616a:1ec4:5f3c:1dd5
09-11 11:07:36.785  7770 10540 I WiVRn   : [2026-09-11 11:07:36.785] [WiVRn] [info] Local IPv4 address: 192.168.1.248
09-11 11:07:36.785  7770 10540 W WiVRn   : [2026-09-11 11:07:36.785] [WiVRn] [warning] unknown family 17
09-11 11:07:36.785  7770 10554 I WiVRn   : [2026-09-11 11:07:36.785] [WiVRn] [info] Sending query for _wivrn._tcp.local., type PTR
09-11 11:07:36.785  7770 10540 I WiVRn   : [2026-09-11 11:07:36.785] [WiVRn] [info] Performance level: CPU domain asked for sustained_high
09-11 11:07:36.785  7770 10540 I WiVRn   : [2026-09-11 11:07:36.785] [WiVRn] [info] Performance level: GPU domain asked for boost
09-11 11:07:36.787  7770 10540 I WiVRn   : [2026-09-11 11:07:36.787] [WiVRn] [info] Received event type XR_TYPE_EVENT_DATA_INTERACTION_PROFILE_CHANGED
09-11 11:07:36.787  7770 10540 I WiVRn   : [2026-09-11 11:07:36.787] [WiVRn] [info] Received event type XR_TYPE_EVENT_DATA_INTERACTION_PROFILE_CHANGED
09-11 11:07:36.787  7770 10540 I WiVRn   : [2026-09-11 11:07:36.787] [WiVRn] [info] Session state changed at timestamp 0: XR_SESSION_STATE_READY => XR_SESSION_STATE_SYNCHRONIZED
09-11 11:07:36.787  7770 10540 I WiVRn   : [2026-09-11 11:07:36.787] [WiVRn] [info] Refresh rate changed from 72 to 90
09-11 11:07:36.787  7770 10540 I WiVRn   : [2026-09-11 11:07:36.787] [WiVRn] [info] Session state changed at timestamp 0: XR_SESSION_STATE_SYNCHRONIZED => XR_SESSION_STATE_VISIBLE
09-11 11:07:36.787  7770 10540 I WiVRn   : [2026-09-11 11:07:36.787] [WiVRn] [info] Session state changed at timestamp 0: XR_SESSION_STATE_VISIBLE => XR_SESSION_STATE_FOCUSED
09-11 11:07:36.792  7770 10555 I WiVRn   : [2026-09-11 11:07:36.792] [WiVRn] [info] Using pin "000000"
09-11 11:07:36.798  7770 10555 I WiVRn   : [2026-09-11 11:07:36.798] [WiVRn] [info] Wi-Fi QoS marks enabled (uplink EF / AC_VO)
09-11 11:07:36.801  7770 10540 I WiVRn   : [2026-09-11 11:07:36.801] [WiVRn] [info] Creating new swapchain: eR8G8B8A8Srgb, 1504x1504, 1 sample(s), 2 level(s)
09-11 11:07:36.803  7770 10540 I WiVRn   : [2026-09-11 11:07:36.803] [WiVRn] [info] Created swapchain
09-11 11:07:36.803  7770 10540 I WiVRn   : [2026-09-11 11:07:36.803] [WiVRn] [info] Creating new swapchain: eR8G8B8A8Srgb, 1504x1504, 1 sample(s), 2 level(s)
09-11 11:07:36.805  7770 10540 I WiVRn   : [2026-09-11 11:07:36.805] [WiVRn] [info] Created swapchain
09-11 11:07:36.809  7770 10531 I PxrMetric: FPS=0/90,MTP=18.35ms,AppSW=off,FrmEarly=0,FrmLate=1,FrmCpu=3.19ms,FrmGpu=0.01ms,FrmTime=3.20ms,ATWGPU=0.00ms,VsyncDelay=0,GPU=0%/0Mhz,GPUTemp=0.0C,LayerCnt=0,Pkg=org.meumeu.wivrn.nx.warp,FrmId=2
09-11 11:07:36.811  7770 10540 I WiVRn   : [2026-09-11 11:07:36.811] [WiVRn] [info] Supported swapchain formats:
09-11 11:07:36.811  7770 10540 I WiVRn   : [2026-09-11 11:07:36.811] [WiVRn] [info]     R8G8B8A8Srgb
09-11 11:07:36.811  7770 10540 I WiVRn   : [2026-09-11 11:07:36.811] [WiVRn] [info]     R8Unorm
09-11 11:07:36.811  7770 10540 I WiVRn   : [2026-09-11 11:07:36.811] [WiVRn] [info]     R8G8Unorm
09-11 11:07:36.811  7770 10540 I WiVRn   : [2026-09-11 11:07:36.811] [WiVRn] [info]     R8G8B8A8Unorm
09-11 11:07:36.811  7770 10540 I WiVRn   : [2026-09-11 11:07:36.811] [WiVRn] [info]     R5G6B5UnormPack16
09-11 11:07:36.811  7770 10540 I WiVRn   : [2026-09-11 11:07:36.811] [WiVRn] [info]     A2B10G10R10UnormPack32
09-11 11:07:36.811  7770 10540 I WiVRn   : [2026-09-11 11:07:36.811] [WiVRn] [info]     R16Unorm
09-11 11:07:36.811  7770 10540 I WiVRn   : [2026-09-11 11:07:36.811] [WiVRn] [info]     R16G16Unorm
09-11 11:07:36.811  7770 10540 I WiVRn   : [2026-09-11 11:07:36.811] [WiVRn] [info]     R16G16B16A16Unorm
09-11 11:07:36.811  7770 10540 I WiVRn   : [2026-09-11 11:07:36.811] [WiVRn] [info]     R16Uint
09-11 11:07:36.811  7770 10540 I WiVRn   : [2026-09-11 11:07:36.811] [WiVRn] [info]     R16G16Uint
09-11 11:07:36.811  7770 10540 I WiVRn   : [2026-09-11 11:07:36.811] [WiVRn] [info]     R16G16B16A16Uint
09-11 11:07:36.811  7770 10540 I WiVRn   : [2026-09-11 11:07:36.811] [WiVRn] [info]     R16Sint
09-11 11:07:36.811  7770 10540 I WiVRn   : [2026-09-11 11:07:36.811] [WiVRn] [info]     R16G16Sint
09-11 11:07:36.811  7770 10540 I WiVRn   : [2026-09-11 11:07:36.811] [WiVRn] [info]     R16G16B16A16Sint
09-11 11:07:36.811  7770 10540 I WiVRn   : [2026-09-11 11:07:36.811] [WiVRn] [info]     R16Sfloat
09-11 11:07:36.811  7770 10540 I WiVRn   : [2026-09-11 11:07:36.811] [WiVRn] [info]     R16G16Sfloat
09-11 11:07:36.811  7770 10540 I WiVRn   : [2026-09-11 11:07:36.811] [WiVRn] [info]     R16G16B16A16Sfloat
09-11 11:07:36.811  7770 10540 I WiVRn   : [2026-09-11 11:07:36.811] [WiVRn] [info]     A1R5G5B5UnormPack16
09-11 11:07:36.811  7770 10540 I WiVRn   : [2026-09-11 11:07:36.811] [WiVRn] [info]     Etc2R8G8B8UnormBlock
09-11 11:07:36.811  7770 10540 I WiVRn   : [2026-09-11 11:07:36.811] [WiVRn] [info]     Etc2R8G8B8A1UnormBlock
09-11 11:07:36.811  7770 10540 I WiVRn   : [2026-09-11 11:07:36.811] [WiVRn] [info]     Etc2R8G8B8A8UnormBlock
09-11 11:07:36.811  7770 10540 I WiVRn   : [2026-09-11 11:07:36.811] [WiVRn] [info]     Etc2R8G8B8SrgbBlock
09-11 11:07:36.811  7770 10540 I WiVRn   : [2026-09-11 11:07:36.811] [WiVRn] [info]     Etc2R8G8B8A1SrgbBlock
09-11 11:07:36.811  7770 10540 I WiVRn   : [2026-09-11 11:07:36.811] [WiVRn] [info]     Etc2R8G8B8A8SrgbBlock
09-11 11:07:36.811  7770 10540 I WiVRn   : [2026-09-11 11:07:36.811] [WiVRn] [info]     EacR11UnormBlock
09-11 11:07:36.811  7770 10540 I WiVRn   : [2026-09-11 11:07:36.811] [WiVRn] [info]     EacR11G11UnormBlock
09-11 11:07:36.811  7770 10540 I WiVRn   : [2026-09-11 11:07:36.811] [WiVRn] [info]     EacR11SnormBlock
09-11 11:07:36.811  7770 10540 I WiVRn   : [2026-09-11 11:07:36.811] [WiVRn] [info]     EacR11G11SnormBlock
09-11 11:07:36.811  7770 10540 I WiVRn   : [2026-09-11 11:07:36.811] [WiVRn] [info]     Astc4x4UnormBlock
09-11 11:07:36.811  7770 10540 I WiVRn   : [2026-09-11 11:07:36.811] [WiVRn] [info]     Astc5x4UnormBlock
09-11 11:07:36.811  7770 10540 I WiVRn   : [2026-09-11 11:07:36.811] [WiVRn] [info]     Astc5x5UnormBlock
09-11 11:07:36.811  7770 10540 I WiVRn   : [2026-09-11 11:07:36.811] [WiVRn] [info]     Astc6x5UnormBlock
09-11 11:07:36.811  7770 10540 I WiVRn   : [2026-09-11 11:07:36.811] [WiVRn] [info]     Astc6x6UnormBlock
09-11 11:07:36.811  7770 10540 I WiVRn   : [2026-09-11 11:07:36.811] [WiVRn] [info]     Astc8x5UnormBlock
09-11 11:07:36.811  7770 10540 I WiVRn   : [2026-09-11 11:07:36.811] [WiVRn] [info]     Astc8x6UnormBlock
09-11 11:07:36.811  7770 10540 I WiVRn   : [2026-09-11 11:07:36.811] [WiVRn] [info]     Astc8x8UnormBlock
09-11 11:07:36.811  7770 10540 I WiVRn   : [2026-09-11 11:07:36.811] [WiVRn] [info]     Astc10x5UnormBlock
09-11 11:07:36.811  7770 10540 I WiVRn   : [2026-09-11 11:07:36.811] [WiVRn] [info]     Astc10x6UnormBlock
09-11 11:07:36.811  7770 10540 I WiVRn   : [2026-09-11 11:07:36.811] [WiVRn] [info]     Astc10x8UnormBlock
09-11 11:07:36.811  7770 10540 I WiVRn   : [2026-09-11 11:07:36.811] [WiVRn] [info]     Astc10x10UnormBlock
09-11 11:07:36.811  7770 10540 I WiVRn   : [2026-09-11 11:07:36.811] [WiVRn] [info]     Astc12x10UnormBlock
09-11 11:07:36.811  7770 10540 I WiVRn   : [2026-09-11 11:07:36.811] [WiVRn] [info]     Astc12x12UnormBlock
09-11 11:07:36.811  7770 10540 I WiVRn   : [2026-09-11 11:07:36.811] [WiVRn] [info]     Astc4x4SrgbBlock
09-11 11:07:36.811  7770 10540 I WiVRn   : [2026-09-11 11:07:36.811] [WiVRn] [info]     Astc5x4SrgbBlock
09-11 11:07:36.811  7770 10540 I WiVRn   : [2026-09-11 11:07:36.811] [WiVRn] [info]     Astc5x5SrgbBlock
09-11 11:07:36.811  7770 10540 I WiVRn   : [2026-09-11 11:07:36.811] [WiVRn] [info]     Astc6x5SrgbBlock
09-11 11:07:36.811  7770 10540 I WiVRn   : [2026-09-11 11:07:36.811] [WiVRn] [info]     Astc6x6SrgbBlock
09-11 11:07:36.811  7770 10540 I WiVRn   : [2026-09-11 11:07:36.811] [WiVRn] [info]     Astc8x5SrgbBlock
09-11 11:07:36.811  7770 10540 I WiVRn   : [2026-09-11 11:07:36.811] [WiVRn] [info]     Astc8x6SrgbBlock
09-11 11:07:36.811  7770 10540 I WiVRn   : [2026-09-11 11:07:36.811] [WiVRn] [info]     Astc8x8SrgbBlock
09-11 11:07:36.811  7770 10540 I WiVRn   : [2026-09-11 11:07:36.811] [WiVRn] [info]     Astc10x5SrgbBlock
09-11 11:07:36.811  7770 10540 I WiVRn   : [2026-09-11 11:07:36.811] [WiVRn] [info]     Astc10x6SrgbBlock
09-11 11:07:36.811  7770 10540 I WiVRn   : [2026-09-11 11:07:36.811] [WiVRn] [info]     Astc10x8SrgbBlock
09-11 11:07:36.811  7770 10540 I WiVRn   : [2026-09-11 11:07:36.811] [WiVRn] [info]     Astc10x10SrgbBlock
09-11 11:07:36.811  7770 10540 I WiVRn   : [2026-09-11 11:07:36.811] [WiVRn] [info]     Astc12x10SrgbBlock
09-11 11:07:36.811  7770 10540 I WiVRn   : [2026-09-11 11:07:36.811] [WiVRn] [info]     Astc12x12SrgbBlock
09-11 11:07:36.811  7770 10540 I WiVRn   : [2026-09-11 11:07:36.811] [WiVRn] [info]     D16Unorm
09-11 11:07:36.811  7770 10540 I WiVRn   : [2026-09-11 11:07:36.811] [WiVRn] [info]     X8D24UnormPack32
09-11 11:07:36.811  7770 10540 I WiVRn   : [2026-09-11 11:07:36.811] [WiVRn] [info]     D32Sfloat
09-11 11:07:36.811  7770 10540 I WiVRn   : [2026-09-11 11:07:36.811] [WiVRn] [info]     D24UnormS8Uint
09-11 11:07:36.811  7770 10540 I WiVRn   : [2026-09-11 11:07:36.811] [WiVRn] [info]     B8G8R8A8Unorm
09-11 11:07:36.811  7770 10540 I WiVRn   : [2026-09-11 11:07:36.811] [WiVRn] [info]     B8G8R8A8Srgb
09-11 11:07:36.812  7770 10540 I WiVRn   : [2026-09-11 11:07:36.812] [WiVRn] [info] Using panel size: 2160x2160
09-11 11:07:36.928  7770 10540 I WiVRn   : [2026-09-11 11:07:36.928] [WiVRn] [info] video codec av1: NOT supported
09-11 11:07:36.940  7770 10540 I WiVRn   : [2026-09-11 11:07:36.940] [WiVRn] [info] video codec h265: supported
09-11 11:07:36.958  7770 10540 I WiVRn   : [2026-09-11 11:07:36.958] [WiVRn] [info] video codec h264: supported
09-11 11:07:36.965  7770 10540 I WiVRn   : [2026-09-11 11:07:36.965] [WiVRn] [info] Using format R8G8B8A8Srgb
09-11 11:07:36.967  7770 10540 I WiVRn   : [2026-09-11 11:07:36.967] [WiVRn] [info] WifiLock low latency acquired
09-11 11:07:36.970  7770 10540 I WiVRn   : [2026-09-11 11:07:36.970] [WiVRn] [info] Received event type Unknown
09-11 11:07:37.802  7770 10604 I WiVRn   : [2026-09-11 11:07:37.802] [WiVRn] [info] setup, refresh rate 90
09-11 11:07:37.802  7770 10604 I WiVRn   : [2026-09-11 11:07:37.802] [WiVRn] [info] set refresh rate to 90Hz
09-11 11:07:37.803  7770 10604 I WiVRn   : [2026-09-11 11:07:37.803] [WiVRn] [info] Creating decoders, size 2688x2688
09-11 11:07:37.803  7770 10604 I WiVRn   : [2026-09-11 11:07:37.803] [WiVRn] [info] edge bleed: server overscan 5.0%, client ring 0.0% (fade)
09-11 11:07:37.803  7770 10604 I WiVRn   : [2026-09-11 11:07:37.803] [WiVRn] [info]   stream 0: role 0, 2688x2688
09-11 11:07:37.803  7770 10604 I WiVRn   : [2026-09-11 11:07:37.803] [WiVRn] [info] nxwarp: decoupled display on
09-11 11:07:37.803  7770 10604 I WiVRn   : [2026-09-11 11:07:37.803] [WiVRn] [info] hbm_mutex.native_handle() = 0x6f84ec1c38
09-11 11:07:37.811  7770 10531 I PxrMetric: FPS=0/90,MTP=30.57ms,AppSW=off,FrmEarly=14,FrmLate=2,FrmCpu=1.05ms,FrmGpu=1.53ms,FrmTime=2.61ms,ATWGPU=4.12ms,VsyncDelay=1,GPU=45%/587Mhz,GPUTemp=82.2C,LayerCnt=4,Pkg=org.meumeu.wivrn.nx.warp,FrmId=77
09-11 11:07:37.813  7770 10604 I WiVRn   : [2026-09-11 11:07:37.813] [WiVRn] [info] Created MediaCodec decoder "OMX.qcom.video.decoder.hevc"
09-11 11:07:37.813  7770 10604 I WiVRn   : [2026-09-11 11:07:37.813] [WiVRn] [info] MediaCodec: Qualcomm low latency mode enabled on "OMX.qcom.video.decoder.hevc"
09-11 11:07:37.837  7770 10604 I WiVRn   : [2026-09-11 11:07:37.837] [WiVRn] [info]   stream 1: role 0, 2688x2688
09-11 11:07:37.837  7770 10604 I WiVRn   : [2026-09-11 11:07:37.837] [WiVRn] [info] nxwarp: decoupled display on
09-11 11:07:37.837  7770 10604 I WiVRn   : [2026-09-11 11:07:37.837] [WiVRn] [info] hbm_mutex.native_handle() = 0x6f84ec1fb8
09-11 11:07:37.847  7770 10604 I WiVRn   : [2026-09-11 11:07:37.847] [WiVRn] [info] Created MediaCodec decoder "OMX.qcom.video.decoder.hevc"
09-11 11:07:37.847  7770 10604 I WiVRn   : [2026-09-11 11:07:37.847] [WiVRn] [info] MediaCodec: Qualcomm low latency mode enabled on "OMX.qcom.video.decoder.hevc"
09-11 11:07:37.865  7770 10604 I WiVRn   : [2026-09-11 11:07:37.865] [WiVRn] [info]   stream 2: role 1, 2688x1344
09-11 11:07:37.865  7770 10604 I WiVRn   : [2026-09-11 11:07:37.865] [WiVRn] [info] nxwarp: decoupled display on
09-11 11:07:37.866  7770 10604 I WiVRn   : [2026-09-11 11:07:37.866] [WiVRn] [info] hbm_mutex.native_handle() = 0x6f84ec2338
09-11 11:07:37.875  7770 10604 I WiVRn   : [2026-09-11 11:07:37.875] [WiVRn] [info] Created MediaCodec decoder "OMX.qcom.video.decoder.hevc"
09-11 11:07:37.875  7770 10604 I WiVRn   : [2026-09-11 11:07:37.875] [WiVRn] [info] MediaCodec: Qualcomm low latency mode enabled on "OMX.qcom.video.decoder.hevc"
09-11 11:07:37.932  7770 10637 I WiVRn   : [2026-09-11 11:07:37.932] [WiVRn] [info] Adding hand_interaction poses to device list
09-11 11:07:37.932  7770 10637 I WiVRn   : [2026-09-11 11:07:37.932] [WiVRn] [info] interaction profile for /user/hand/left: /interaction_profiles/ext/hand_interaction_ext
09-11 11:07:37.932  7770 10637 I WiVRn   : [2026-09-11 11:07:37.932] [WiVRn] [info] interaction profile for /user/hand/right: /interaction_profiles/ext/hand_interaction_ext
09-11 11:07:37.932  7770 10637 I WiVRn   : [2026-09-11 11:07:37.932] [WiVRn] [info] interaction profile for /user/gamepad: XR_NULL_PATH
09-11 11:07:37.932  7770 10637 W WiVRn   : [2026-09-11 11:07:37.932] [WiVRn] [warning] unknown interaction profile XR_NULL_PATH
09-11 11:07:37.935  7770 10637 I WiVRn   : [2026-09-11 11:07:37.935] [WiVRn] [info] Tracking pattern (5000µs):
09-11 11:07:37.935  7770 10637 I WiVRn   : [2026-09-11 11:07:37.935] [WiVRn] [info] 	t+5000µs HEAD (0µs)
09-11 11:07:38.072  7770 10604 I WiVRn   : [2026-09-11 11:07:38.072] [WiVRn] [info] Speaker stream started
09-11 11:07:38.072  7770 10604 I WiVRn   : [2026-09-11 11:07:38.072] [WiVRn] [info] setup, refresh rate 90
09-11 11:07:38.072  7770 10604 I WiVRn   : [2026-09-11 11:07:38.072] [WiVRn] [info] set refresh rate to 90Hz
09-11 11:07:38.815  7770 10531 I PxrMetric: FPS=76/90,MTP=30.47ms,AppSW=off,FrmEarly=0,FrmLate=0,FrmCpu=1.20ms,FrmGpu=1.87ms,FrmTime=3.09ms,ATWGPU=4.29ms,VsyncDelay=1,GPU=47%/587Mhz,GPUTemp=82.6C,LayerCnt=4,Pkg=org.meumeu.wivrn.nx.warp,FrmId=167
09-11 11:07:39.395  7770 10637 I WiVRn   : [2026-09-11 11:07:39.395] [WiVRn] [info] Tracking pattern (5000µs):
09-11 11:07:39.395  7770 10637 I WiVRn   : [2026-09-11 11:07:39.395] [WiVRn] [info] 	t+3649µs LEFT_GRIP (1350µs)
09-11 11:07:39.395  7770 10637 I WiVRn   : [2026-09-11 11:07:39.395] [WiVRn] [info] 	t+9861µs HEAD (-4861µs)
09-11 11:07:39.400  7770 10616 I WiVRn   : [2026-09-11 11:07:39.400] [WiVRn] [info] Mediacodec format changed
09-11 11:07:39.401  7770 10615 I WiVRn   : [2026-09-11 11:07:39.401] [WiVRn] [info] decoded image size: 2688x2688
09-11 11:07:39.401  7770 10615 I WiVRn   : [2026-09-11 11:07:39.401] [WiVRn] [info] AndroidHardwareBufferProperties
09-11 11:07:39.401  7770 10615 I WiVRn   : [2026-09-11 11:07:39.401] [WiVRn] [info]   Vulkan format: Undefined
09-11 11:07:39.401  7770 10615 I WiVRn   : [2026-09-11 11:07:39.401] [WiVRn] [info]   External format: 0x28e
09-11 11:07:39.401  7770 10615 I WiVRn   : [2026-09-11 11:07:39.401] [WiVRn] [info]   Format features: { SampledImage | StorageImage | SampledImageFilterLinear | TransferSrc | TransferDst | MidpointChromaSamples | SampledImageYcbcrConversionLinearFilter | SampledImageYcbcrConversionSeparateReconstructionFilter | CositedChromaSamples | SampledImageFilterMinmax | SampledImageFilterCubicEXT }
09-11 11:07:39.401  7770 10615 I WiVRn   : [2026-09-11 11:07:39.401] [WiVRn] [info]   samplerYcbcrConversionComponents: (Identity, Identity, Identity, Identity)
09-11 11:07:39.401  7770 10615 I WiVRn   : [2026-09-11 11:07:39.401] [WiVRn] [info]   Suggested YCbCr model: Ycbcr709
09-11 11:07:39.401  7770 10615 I WiVRn   : [2026-09-11 11:07:39.401] [WiVRn] [info]   Suggested YCbCr range: ItuNarrow
09-11 11:07:39.401  7770 10615 I WiVRn   : [2026-09-11 11:07:39.401] [WiVRn] [info]   Suggested X chroma offset: Midpoint
09-11 11:07:39.401  7770 10615 I WiVRn   : [2026-09-11 11:07:39.401] [WiVRn] [info]   Suggested Y chroma offset: Midpoint
09-11 11:07:39.427  7770 10624 I WiVRn   : [2026-09-11 11:07:39.427] [WiVRn] [info] Mediacodec format changed
09-11 11:07:39.428  7770 10623 I WiVRn   : [2026-09-11 11:07:39.428] [WiVRn] [info] decoded image size: 2688x2688
09-11 11:07:39.428  7770 10623 I WiVRn   : [2026-09-11 11:07:39.428] [WiVRn] [info] AndroidHardwareBufferProperties
09-11 11:07:39.428  7770 10623 I WiVRn   : [2026-09-11 11:07:39.428] [WiVRn] [info]   Vulkan format: Undefined
09-11 11:07:39.428  7770 10623 I WiVRn   : [2026-09-11 11:07:39.428] [WiVRn] [info]   External format: 0x28e
09-11 11:07:39.428  7770 10623 I WiVRn   : [2026-09-11 11:07:39.428] [WiVRn] [info]   Format features: { SampledImage | StorageImage | SampledImageFilterLinear | TransferSrc | TransferDst | MidpointChromaSamples | SampledImageYcbcrConversionLinearFilter | SampledImageYcbcrConversionSeparateReconstructionFilter | CositedChromaSamples | SampledImageFilterMinmax | SampledImageFilterCubicEXT }
09-11 11:07:39.428  7770 10623 I WiVRn   : [2026-09-11 11:07:39.428] [WiVRn] [info]   samplerYcbcrConversionComponents: (Identity, Identity, Identity, Identity)
09-11 11:07:39.428  7770 10623 I WiVRn   : [2026-09-11 11:07:39.428] [WiVRn] [info]   Suggested YCbCr model: Ycbcr709
09-11 11:07:39.428  7770 10623 I WiVRn   : [2026-09-11 11:07:39.428] [WiVRn] [info]   Suggested YCbCr range: ItuNarrow
09-11 11:07:39.428  7770 10623 I WiVRn   : [2026-09-11 11:07:39.428] [WiVRn] [info]   Suggested X chroma offset: Midpoint
09-11 11:07:39.428  7770 10623 I WiVRn   : [2026-09-11 11:07:39.428] [WiVRn] [info]   Suggested Y chroma offset: Midpoint
09-11 11:07:39.428  7770 10623 I WiVRn   : [2026-09-11 11:07:39.428] [WiVRn] [info] Stream scene ready at t=387487668661715
09-11 11:07:39.434  7770 10540 I WiVRn   : [2026-09-11 11:07:39.434] [WiVRn] [info] MulticastLock released
09-11 11:07:39.436  7770 10540 I WiVRn   : [2026-09-11 11:07:39.436] [WiVRn] [info] Loaded input profile pico-4
09-11 11:07:39.436  7770 10540 I WiVRn   : [2026-09-11 11:07:39.436] [WiVRn] [info] Initializing offset of space aim_left to (-5, 0, 20) mm, (0, -0, 0)°
09-11 11:07:39.436  7770 10540 I WiVRn   : [2026-09-11 11:07:39.436] [WiVRn] [info] Initializing offset of space aim_right to (5, 0, 20) mm, (0, -0, 0)°
09-11 11:07:39.436  7770 10540 I WiVRn   : [2026-09-11 11:07:39.436] [WiVRn] [info] Initializing offset of space grip_left to (0, -20, -50) mm, (-30.000002, -0, 0)°
09-11 11:07:39.436  7770 10540 I WiVRn   : [2026-09-11 11:07:39.436] [WiVRn] [info] Initializing offset of space grip_right to (0, -20, -50) mm, (-30.000002, -0, 0)°
09-11 11:07:39.450  7770 10604 I WiVRn   : [2026-09-11 11:07:39.450] [WiVRn] [info] frame 1 was not sent because no shard was received
09-11 11:07:39.450  7770 10540 I WiVRn   : [2026-09-11 11:07:39.450] [WiVRn] [info] Font for de /system/fonts/PICOSans.ttf
09-11 11:07:39.450  7770 10540 I WiVRn   : [2026-09-11 11:07:39.450] [WiVRn] [info] Font for es /system/fonts/PICOSans.ttf
09-11 11:07:39.450  7770 10540 I WiVRn   : [2026-09-11 11:07:39.450] [WiVRn] [info] Font for fr /system/fonts/PICOSans.ttf
09-11 11:07:39.450  7770 10540 I WiVRn   : [2026-09-11 11:07:39.450] [WiVRn] [info] Font for fr /system/fonts/Roboto-Regular.ttf
09-11 11:07:39.450  7770 10540 I WiVRn   : [2026-09-11 11:07:39.450] [WiVRn] [info] Font for it /system/fonts/PICOSans.ttf
09-11 11:07:39.451  7770 10540 I WiVRn   : [2026-09-11 11:07:39.451] [WiVRn] [info] Font for ja /system/fonts/PICOSans.ttf
09-11 11:07:39.451  7770 10540 I WiVRn   : [2026-09-11 11:07:39.451] [WiVRn] [info] Font for ja /system/fonts/PICOSansVFJP.ttf
09-11 11:07:39.451  7770 10540 I WiVRn   : [2026-09-11 11:07:39.451] [WiVRn] [info] Font for ka /system/fonts/PICOSans.ttf
09-11 11:07:39.451  7770 10540 I WiVRn   : [2026-09-11 11:07:39.451] [WiVRn] [info] Font for ka /system/fonts/NotoSansGeorgian-Regular.otf
09-11 11:07:39.451  7770 10540 I WiVRn   : [2026-09-11 11:07:39.451] [WiVRn] [info] Font for ka /system/fonts/PICOSans.ttf
09-11 11:07:39.451  7770 10540 I WiVRn   : [2026-09-11 11:07:39.451] [WiVRn] [info] Font for pl /system/fonts/PICOSans.ttf
09-11 11:07:39.451  7770 10540 I WiVRn   : [2026-09-11 11:07:39.451] [WiVRn] [info] Font for pl /system/fonts/Roboto-Regular.ttf
09-11 11:07:39.451  7770 10540 I WiVRn   : [2026-09-11 11:07:39.451] [WiVRn] [info] Font for pl /system/fonts/PICOSans.ttf
09-11 11:07:39.451  7770 10540 I WiVRn   : [2026-09-11 11:07:39.451] [WiVRn] [info] Font for pl /system/fonts/PICOSansSC-Regular.ttf
09-11 11:07:39.451  7770 10540 I WiVRn   : [2026-09-11 11:07:39.451] [WiVRn] [info] Font for pl /system/fonts/Roboto-Regular.ttf
09-11 11:07:39.451  7770 10540 I WiVRn   : [2026-09-11 11:07:39.451] [WiVRn] [info] Font for pl /system/fonts/PICOSans.ttf
09-11 11:07:39.451  7770 10540 I WiVRn   : [2026-09-11 11:07:39.451] [WiVRn] [info] Font for pt_BR /system/fonts/PICOSans.ttf
09-11 11:07:39.451  7770 10540 I WiVRn   : [2026-09-11 11:07:39.451] [WiVRn] [info] Font for ru /system/fonts/PICOSans.ttf
09-11 11:07:39.451  7770 10540 I WiVRn   : [2026-09-11 11:07:39.451] [WiVRn] [info] Font for ru /system/fonts/PICOSansSC-Regular.ttf
09-11 11:07:39.451  7770 10540 I WiVRn   : [2026-09-11 11:07:39.451] [WiVRn] [info] Font for ru /system/fonts/PICOSans.ttf
09-11 11:07:39.451  7770 10540 I WiVRn   : [2026-09-11 11:07:39.451] [WiVRn] [info] Font for sk /system/fonts/PICOSans.ttf
09-11 11:07:39.451  7770 10540 I WiVRn   : [2026-09-11 11:07:39.451] [WiVRn] [info] Font for sk /system/fonts/Roboto-Regular.ttf
09-11 11:07:39.451  7770 10540 I WiVRn   : [2026-09-11 11:07:39.451] [WiVRn] [info] Font for sk /system/fonts/PICOSansSC-Regular.ttf
09-11 11:07:39.451  7770 10540 I WiVRn   : [2026-09-11 11:07:39.451] [WiVRn] [info] Font for sk /system/fonts/PICOSans.ttf
09-11 11:07:39.451  7770 10540 I WiVRn   : [2026-09-11 11:07:39.451] [WiVRn] [info] Font for sk /system/fonts/Roboto-Regular.ttf
09-11 11:07:39.451  7770 10540 I WiVRn   : [2026-09-11 11:07:39.451] [WiVRn] [info] Font for sk /system/fonts/PICOSans.ttf
09-11 11:07:39.451  7770 10540 I WiVRn   : [2026-09-11 11:07:39.451] [WiVRn] [info] Font for tr /system/fonts/PICOSans.ttf
09-11 11:07:39.451  7770 10540 I WiVRn   : [2026-09-11 11:07:39.451] [WiVRn] [info] Font for tr /system/fonts/Roboto-Regular.ttf
09-11 11:07:39.451  7770 10540 I WiVRn   : [2026-09-11 11:07:39.451] [WiVRn] [info] Font for tr /system/fonts/PICOSans.ttf
09-11 11:07:39.451  7770 10540 I WiVRn   : [2026-09-11 11:07:39.451] [WiVRn] [info] Font for tr /system/fonts/Roboto-Regular.ttf
09-11 11:07:39.451  7770 10540 I WiVRn   : [2026-09-11 11:07:39.451] [WiVRn] [info] Font for tr /system/fonts/PICOSans.ttf
09-11 11:07:39.451  7770 10540 I WiVRn   : [2026-09-11 11:07:39.451] [WiVRn] [info] Font for zh_CN /system/fonts/PICOSans.ttf
09-11 11:07:39.451  7770 10540 I WiVRn   : [2026-09-11 11:07:39.451] [WiVRn] [info] Font for zh_CN /system/fonts/PICOSansSC-Regular.ttf
09-11 11:07:39.452  7770 10540 I WiVRn   : [2026-09-11 11:07:39.452] [WiVRn] [info] Font for zh_TW /system/fonts/PICOSans.ttf
09-11 11:07:39.452  7770 10540 I WiVRn   : [2026-09-11 11:07:39.452] [WiVRn] [info] Font for zh_TW /system/fonts/PICOSansSC-Regular.ttf
09-11 11:07:39.456  7770 10540 I WiVRn   : [2026-09-11 11:07:39.456] [WiVRn] [info] Using font /system/fonts/PICOSans.ttf
09-11 11:07:39.456  7770 10540 I WiVRn   : [2026-09-11 11:07:39.456] [WiVRn] [info] Using font /system/fonts/Roboto-Regular.ttf
09-11 11:07:39.456  7770 10540 I WiVRn   : [2026-09-11 11:07:39.456] [WiVRn] [info] Using font /system/fonts/PICOSansVFJP.ttf
09-11 11:07:39.474  7770 10540 I WiVRn   : [2026-09-11 11:07:39.474] [WiVRn] [info] Using font /system/fonts/NotoSansGeorgian-Regular.otf
09-11 11:07:39.475  7770 10540 I WiVRn   : [2026-09-11 11:07:39.475] [WiVRn] [info] Using font /system/fonts/PICOSansSC-Regular.ttf
09-11 11:07:39.487  7770 10540 I WiVRn   : [2026-09-11 11:07:39.487] [WiVRn] [info] Performance level: CPU domain asked for sustained_high
09-11 11:07:39.487  7770 10540 I WiVRn   : [2026-09-11 11:07:39.487] [WiVRn] [info] nxwarp: GPU performance level setting 2
09-11 11:07:39.487  7770 10540 I WiVRn   : [2026-09-11 11:07:39.487] [WiVRn] [info] Performance level: GPU domain asked for boost
09-11 11:07:39.487  7770 10540 W WiVRn   : [2026-09-11 11:07:39.487] [WiVRn] [warning] Failed to find a common frame for all decoders, dumping available frames per decoder
09-11 11:07:39.487  7770 10540 W WiVRn   : [2026-09-11 11:07:39.487] [WiVRn] [warning]  6 4 5
09-11 11:07:39.488  7770 10540 W WiVRn   : [2026-09-11 11:07:39.488] [WiVRn] [warning]  3 - 2
09-11 11:07:39.488  7770 10540 W WiVRn   : [2026-09-11 11:07:39.488] [WiVRn] [warning]  - - -
09-11 11:07:39.488  7770 10540 I WiVRn   : [2026-09-11 11:07:39.488] [WiVRn] [info] swapchain setup, refresh rate 90
09-11 11:07:39.488  7770 10540 I WiVRn   : [2026-09-11 11:07:39.488] [WiVRn] [info] set refresh rate to 90Hz
09-11 11:07:39.521  7770 10540 W WiVRn   : [2026-09-11 11:07:39.521] [WiVRn] [warning] XR mutable swapchain request rejected (-2); retrying without format list
09-11 11:07:39.560  7770 10540 I WiVRn   : [2026-09-11 11:07:39.560] [WiVRn] [info] Created stream swapchain: 2688x2688
09-11 11:07:39.560  7770 10540 W WiVRn   : [2026-09-11 11:07:39.560] [WiVRn] [warning] Swapchain size larger than maximum 2560x2560
09-11 11:07:39.560  7770 10540 W WiVRn   : [2026-09-11 11:07:39.560] [WiVRn] [warning] Swapchain size larger than maximum 2560x2560
09-11 11:07:39.560  7770 10540 I WiVRn   : [2026-09-11 11:07:39.560] [WiVRn] [info] Initializing reprojector
09-11 11:07:39.561  7770 10540 I WiVRn   : [2026-09-11 11:07:39.561] [WiVRn] [info] Static FDM enabled: 168x168 map, texel 16x16
09-11 11:07:39.561  7770 10540 I WiVRn   : [2026-09-11 11:07:39.561] [WiVRn] [info] nxwarp atlas vertex warp enabled
09-11 11:07:39.562  7770 10540 I WiVRn   : [2026-09-11 11:07:39.562] [WiVRn] [info] Atlas UNORM attachment views ready
09-11 11:07:39.562  7770 10540 I WiVRn   : [2026-09-11 11:07:39.562] [WiVRn] [info] Atlas mutable swapchain enabled
09-11 11:07:39.562  7770 10540 I WiVRn   : [2026-09-11 11:07:39.562] [WiVRn] [info] NX static post active
09-11 11:07:39.562  7770 10540 I WiVRn   : [2026-09-11 11:07:39.562] [WiVRn] [info] NX static bleed compiled out
09-11 11:07:39.562  7770 10540 I WiVRn   : [2026-09-11 11:07:39.562] [WiVRn] [info] NX peripheral smoothing mode 3
09-11 11:07:39.562  7770 10540 I WiVRn   : [2026-09-11 11:07:39.562] [WiVRn] [info] Atlas UNORM attachment path active
09-11 11:07:39.789  7770 10540 I WiVRn   : [2026-09-11 11:07:39.789] [WiVRn] [info] geometry[eye 0]: view_info fov L-53.34 R53.34 U53.34 D-53.34 | layer fov L-53.34 R53.34 U53.34 D-53.34 deg | layer rect 2688x2688 | defoveated 2688x2688 | scale 1.00
09-11 11:07:39.789  7770 10540 I WiVRn   : [2026-09-11 11:07:39.789] [WiVRn] [info] geometry[eye 1]: view_info fov L-53.34 R53.34 U53.34 D-53.34 | layer fov L-53.34 R53.34 U53.34 D-53.34 deg | layer rect 2688x2688 | defoveated 2688x2688 | scale 1.00
09-11 11:07:39.800  7770 10540 I WiVRn   : [2026-09-11 11:07:39.800] [WiVRn] [info] render: 1 iterations in 3.3 s (0.3/s), 1 submitted a layer, 1 new-source, 0 skipped by the repeat gate, 0 with nothing to show; display period 11.1 ms
09-11 11:07:39.800  7770 10540 I WiVRn   : [2026-09-11 11:07:39.800] [WiVRn] [info] render: ready wait attempts 0 success 0 total 0.000 ms | selected older than available 0
09-11 11:07:39.800  7770 10540 I WiVRn   : [2026-09-11 11:07:39.800] [WiVRn] [info] render: selected source transitions forward 0 backward 0 repeat 0, greatest forward gap 0
09-11 11:07:39.800  7770 10540 I WiVRn   : [2026-09-11 11:07:39.800] [WiVRn] [info] render: this app's own GPU pass 0.0 ms per iteration
09-11 11:07:39.800  7770 10540 I WiVRn   : [2026-09-11 11:07:39.800] [WiVRn] [info] render: defoveate 2688x2688 per eye x2 = 14.45 Mpx/frame at scale 1.00 atlas-prototype 0; 0 re-presented from the cache (reduce_gpu_load on)
09-11 11:07:39.800  7770 10540 I WiVRn   : [2026-09-11 11:07:39.800] [WiVRn] [info] render: shader path sharpness 0.00 fsr false alpha false motion false blend false glow 0.00 vignette 0.00 deband 1.00 lowpoly 0.00 levels 0 full-kernel false
09-11 11:07:39.800  7770 10540 I WiVRn   : [2026-09-11 11:07:39.800] [WiVRn] [info] render: per iteration fence 0.0 (worst 0.0) | queries 0.0 | submit 0.1 | whole render() 313.0 ms
09-11 11:07:39.800  7770 10540 I WiVRn   : [2026-09-11 11:07:39.800] [WiVRn] [info] render: motion fields matched 0 active 0 mean active step 0.000
09-11 11:07:39.800  7770 10540 I WiVRn   : [2026-09-11 11:07:39.800] [WiVRn] [info] render: selection-to-defoveate CPU 74.461 ms mean (max 74.461) over 1 actual defoveate calls; not GPU/photon latency
09-11 11:07:39.800  7770 10540 I WiVRn   : [2026-09-11 11:07:39.800] [WiVRn] [info] render: jit on | wake slack 30.8 ms | slept 0.0 ms mean (max 0.0, 0 of 1 iterations) | budget 1.0 = pass 0.0 + margin 1.0 | sleep cap 5.0 ms
09-11 11:07:39.800  7770 10540 I WiVRn   : [2026-09-11 11:07:39.800] [WiVRn] [info] render: source display-time offset 57.1 ms mean (worst 57.1) over 1 frames | submit lead 0.0 ms mean (worst 0.0) | misses: 0 overrun 0 late 0 skipped refresh
09-11 11:07:39.800  7770 10540 I WiVRn   : [2026-09-11 11:07:39.800] [WiVRn] [info] render: source->first -1.4 ms | wire 0.4 | queue 0.0 | decode 13.9 | decode->selection 13.6 | selection->predicted 30.6 | sum 57.1 over 1 selected frames (0 invalid)
09-11 11:07:39.800  7770 10540 I WiVRn   : [2026-09-11 11:07:39.800] [WiVRn] [info] Received event type XR_TYPE_EVENT_DATA_INTERACTION_PROFILE_CHANGED
09-11 11:07:39.800  7770 10540 I WiVRn   : [2026-09-11 11:07:39.800] [WiVRn] [info] interaction profile for /user/hand/left: /interaction_profiles/ext/hand_interaction_ext
09-11 11:07:39.800  7770 10540 I WiVRn   : [2026-09-11 11:07:39.800] [WiVRn] [info] interaction profile for /user/hand/right: /interaction_profiles/ext/hand_interaction_ext
09-11 11:07:39.800  7770 10540 I WiVRn   : [2026-09-11 11:07:39.800] [WiVRn] [info] interaction profile for /user/gamepad: XR_NULL_PATH
09-11 11:07:39.800  7770 10540 W WiVRn   : [2026-09-11 11:07:39.800] [WiVRn] [warning] unknown interaction profile XR_NULL_PATH
09-11 11:07:39.800  7770 10540 I WiVRn   : [2026-09-11 11:07:39.800] [WiVRn] [info] Received event type XR_TYPE_EVENT_DATA_INTERACTION_PROFILE_CHANGED
09-11 11:07:39.800  7770 10540 I WiVRn   : [2026-09-11 11:07:39.800] [WiVRn] [info] interaction profile for /user/hand/left: /interaction_profiles/ext/hand_interaction_ext
09-11 11:07:39.800  7770 10540 I WiVRn   : [2026-09-11 11:07:39.800] [WiVRn] [info] interaction profile for /user/hand/right: /interaction_profiles/ext/hand_interaction_ext
09-11 11:07:39.800  7770 10540 I WiVRn   : [2026-09-11 11:07:39.800] [WiVRn] [info] interaction profile for /user/gamepad: XR_NULL_PATH
09-11 11:07:39.800  7770 10540 W WiVRn   : [2026-09-11 11:07:39.800] [WiVRn] [warning] unknown interaction profile XR_NULL_PATH
09-11 11:07:39.800  7770 10540 I WiVRn   : [2026-09-11 11:07:39.800] [WiVRn] [info] Received event type XR_TYPE_EVENT_DATA_INTERACTION_PROFILE_CHANGED
09-11 11:07:39.800  7770 10540 I WiVRn   : [2026-09-11 11:07:39.800] [WiVRn] [info] interaction profile for /user/hand/left: /interaction_profiles/ext/hand_interaction_ext
09-11 11:07:39.800  7770 10540 I WiVRn   : [2026-09-11 11:07:39.800] [WiVRn] [info] interaction profile for /user/hand/right: /interaction_profiles/ext/hand_interaction_ext
09-11 11:07:39.800  7770 10540 I WiVRn   : [2026-09-11 11:07:39.800] [WiVRn] [info] interaction profile for /user/gamepad: XR_NULL_PATH
09-11 11:07:39.800  7770 10540 W WiVRn   : [2026-09-11 11:07:39.800] [WiVRn] [warning] unknown interaction profile XR_NULL_PATH
09-11 11:07:39.807  7770 10637 I WiVRn   : [2026-09-11 11:07:39.807] [WiVRn] [info] Tracking pattern (11111µs):
09-11 11:07:39.807  7770 10637 I WiVRn   : [2026-09-11 11:07:39.807] [WiVRn] [info] 	t+584µs LEFT_GRIP (10527µs)
09-11 11:07:39.807  7770 10637 I WiVRn   : [2026-09-11 11:07:39.807] [WiVRn] [info] 	t+614µs RIGHT_GRIP (10497µs)
09-11 11:07:39.807  7770 10637 I WiVRn   : [2026-09-11 11:07:39.807] [WiVRn] [info] 	t+795µs HEAD (10316µs)
09-11 11:07:39.807  7770 10637 I WiVRn   : [2026-09-11 11:07:39.807] [WiVRn] [info] 	t+3584µs LEFT_GRIP (7527µs)
09-11 11:07:39.807  7770 10637 I WiVRn   : [2026-09-11 11:07:39.807] [WiVRn] [info] 	t+3614µs RIGHT_GRIP (7497µs)
09-11 11:07:39.807  7770 10637 I WiVRn   : [2026-09-11 11:07:39.807] [WiVRn] [info] 	t+3795µs HEAD (7316µs)
09-11 11:07:39.807  7770 10637 I WiVRn   : [2026-09-11 11:07:39.807] [WiVRn] [info] 	t+6795µs HEAD (4316µs)
09-11 11:07:39.807  7770 10637 I WiVRn   : [2026-09-11 11:07:39.807] [WiVRn] [info] 	t+9795µs HEAD (1316µs)
09-11 11:07:39.813  7770 10540 I WiVRn   : [2026-09-11 11:07:39.813] [WiVRn] [info] Received event type Unknown
09-11 11:07:39.815  7770 10531 I PxrMetric: FPS=90/90,MTP=18.30ms,AppSW=off,FrmEarly=0,FrmLate=1,FrmCpu=2.86ms,FrmGpu=1.90ms,FrmTime=4.78ms,ATWGPU=4.58ms,VsyncDelay=1,GPU=41%/587Mhz,GPUTemp=92.7C,LayerCnt=4,Pkg=org.meumeu.wivrn.nx.warp,FrmId=225
09-11 11:07:40.223  7770 10604 I WiVRn   : [2026-09-11 11:07:40.223] [WiVRn] [info] frame 47 was not sent because no shard was received
09-11 11:07:40.229  7770 10604 I WiVRn   : [2026-09-11 11:07:40.229] [WiVRn] [info] frame 48 was not sent because no shard was received
09-11 11:07:40.241  7770 10540 W WiVRn   : [2026-09-11 11:07:40.241] [WiVRn] [warning] Failed to find a common frame for all decoders, dumping available frames per decoder
09-11 11:07:40.241  7770 10540 W WiVRn   : [2026-09-11 11:07:40.241] [WiVRn] [warning]  45 46 47
09-11 11:07:40.241  7770 10540 W WiVRn   : [2026-09-11 11:07:40.241] [WiVRn] [warning]  48 49 44
09-11 11:07:40.241  7770 10540 W WiVRn   : [2026-09-11 11:07:40.241] [WiVRn] [warning]  - - -
09-11 11:07:40.252  7770 10604 I WiVRn   : [2026-09-11 11:07:40.252] [WiVRn] [info] frame 49 was not sent because no shard was received
09-11 11:07:40.252  7770 10540 W WiVRn   : [2026-09-11 11:07:40.252] [WiVRn] [warning] Failed to find a common frame for all decoders, dumping available frames per decoder
09-11 11:07:40.253  7770 10540 W WiVRn   : [2026-09-11 11:07:40.253] [WiVRn] [warning]  45 46 47
09-11 11:07:40.253  7770 10540 W WiVRn   : [2026-09-11 11:07:40.253] [WiVRn] [warning]  51 49 50
09-11 11:07:40.253  7770 10540 W WiVRn   : [2026-09-11 11:07:40.253] [WiVRn] [warning]  - - -
09-11 11:07:40.262  7770 10540 W WiVRn   : [2026-09-11 11:07:40.262] [WiVRn] [warning] Failed to find a common frame for all decoders, dumping available frames per decoder
09-11 11:07:40.262  7770 10540 W WiVRn   : [2026-09-11 11:07:40.262] [WiVRn] [warning]  45 46 47
09-11 11:07:40.262  7770 10540 W WiVRn   : [2026-09-11 11:07:40.262] [WiVRn] [warning]  51 52 53
09-11 11:07:40.262  7770 10540 W WiVRn   : [2026-09-11 11:07:40.262] [WiVRn] [warning]  - - -
09-11 11:07:40.807  7770 10637 I WiVRn   : [2026-09-11 11:07:40.807] [WiVRn] [info] Tracking pattern (11103µs):
09-11 11:07:40.807  7770 10637 I WiVRn   : [2026-09-11 11:07:40.807] [WiVRn] [info] 	t+477µs HEAD (10625µs)
09-11 11:07:40.807  7770 10637 I WiVRn   : [2026-09-11 11:07:40.807] [WiVRn] [info] 	t+546µs LEFT_GRIP (10556µs)
09-11 11:07:40.807  7770 10637 I WiVRn   : [2026-09-11 11:07:40.807] [WiVRn] [info] 	t+561µs RIGHT_GRIP (10541µs)
09-11 11:07:40.807  7770 10637 I WiVRn   : [2026-09-11 11:07:40.807] [WiVRn] [info] 	t+1684µs HEAD (31625µs)
09-11 11:07:40.807  7770 10637 I WiVRn   : [2026-09-11 11:07:40.807] [WiVRn] [info] 	t+1753µs LEFT_GRIP (31556µs)
09-11 11:07:40.807  7770 10637 I WiVRn   : [2026-09-11 11:07:40.807] [WiVRn] [info] 	t+1768µs RIGHT_GRIP (31541µs)
09-11 11:07:40.807  7770 10637 I WiVRn   : [2026-09-11 11:07:40.807] [WiVRn] [info] 	t+2580µs HEAD (19625µs)
09-11 11:07:40.807  7770 10637 I WiVRn   : [2026-09-11 11:07:40.807] [WiVRn] [info] 	t+2650µs LEFT_GRIP (19556µs)
09-11 11:07:40.807  7770 10637 I WiVRn   : [2026-09-11 11:07:40.807] [WiVRn] [info] 	t+2665µs RIGHT_GRIP (19541µs)
09-11 11:07:40.807  7770 10637 I WiVRn   : [2026-09-11 11:07:40.807] [WiVRn] [info] 	t+3477µs HEAD (7625µs)
09-11 11:07:40.807  7770 10637 I WiVRn   : [2026-09-11 11:07:40.807] [WiVRn] [info] 	t+3546µs LEFT_GRIP (7556µs)
09-11 11:07:40.807  7770 10637 I WiVRn   : [2026-09-11 11:07:40.807] [WiVRn] [info] 	t+3561µs RIGHT_GRIP (7541µs)
09-11 11:07:40.807  7770 10637 I WiVRn   : [2026-09-11 11:07:40.807] [WiVRn] [info] 	t+4684µs HEAD (28625µs)
09-11 11:07:40.807  7770 10637 I WiVRn   : [2026-09-11 11:07:40.807] [WiVRn] [info] 	t+4753µs LEFT_GRIP (28556µs)
09-11 11:07:40.807  7770 10637 I WiVRn   : [2026-09-11 11:07:40.807] [WiVRn] [info] 	t+4768µs RIGHT_GRIP (28541µs)
09-11 11:07:40.807  7770 10637 I WiVRn   : [2026-09-11 11:07:40.807] [WiVRn] [info] 	t+5580µs HEAD (16625µs)
09-11 11:07:40.807  7770 10637 I WiVRn   : [2026-09-11 11:07:40.807] [WiVRn] [info] 	t+5650µs LEFT_GRIP (16556µs)
09-11 11:07:40.807  7770 10637 I WiVRn   : [2026-09-11 11:07:40.807] [WiVRn] [info] 	t+5665µs RIGHT_GRIP (16541µs)
09-11 11:07:40.807  7770 10637 I WiVRn   : [2026-09-11 11:07:40.807] [WiVRn] [info] 	t+6477µs HEAD (4625µs)
09-11 11:07:40.807  7770 10637 I WiVRn   : [2026-09-11 11:07:40.807] [WiVRn] [info] 	t+6546µs LEFT_GRIP (4556µs)
09-11 11:07:40.807  7770 10637 I WiVRn   : [2026-09-11 11:07:40.807] [WiVRn] [info] 	t+6561µs RIGHT_GRIP (4541µs)
09-11 11:07:40.807  7770 10637 I WiVRn   : [2026-09-11 11:07:40.807] [WiVRn] [info] 	t+6787µs HEAD (37625µs)
09-11 11:07:40.807  7770 10637 I WiVRn   : [2026-09-11 11:07:40.807] [WiVRn] [info] 	t+6856µs LEFT_GRIP (37556µs)
09-11 11:07:40.807  7770 10637 I WiVRn   : [2026-09-11 11:07:40.807] [WiVRn] [info] 	t+6871µs RIGHT_GRIP (37541µs)
09-11 11:07:40.807  7770 10637 I WiVRn   : [2026-09-11 11:07:40.807] [WiVRn] [info] 	t+7684µs HEAD (25625µs)
09-11 11:07:40.807  7770 10637 I WiVRn   : [2026-09-11 11:07:40.807] [WiVRn] [info] 	t+7753µs LEFT_GRIP (25556µs)
09-11 11:07:40.807  7770 10637 I WiVRn   : [2026-09-11 11:07:40.807] [WiVRn] [info] 	t+7768µs RIGHT_GRIP (25541µs)
09-11 11:07:40.807  7770 10637 I WiVRn   : [2026-09-11 11:07:40.807] [WiVRn] [info] 	t+8580µs HEAD (13625µs)
09-11 11:07:40.807  7770 10637 I WiVRn   : [2026-09-11 11:07:40.807] [WiVRn] [info] 	t+8650µs LEFT_GRIP (13556µs)
09-11 11:07:40.807  7770 10637 I WiVRn   : [2026-09-11 11:07:40.807] [WiVRn] [info] 	t+8665µs RIGHT_GRIP (13541µs)
09-11 11:07:40.807  7770 10637 I WiVRn   : [2026-09-11 11:07:40.807] [WiVRn] [info] 	t+9787µs HEAD (34625µs)
09-11 11:07:40.807  7770 10637 I WiVRn   : [2026-09-11 11:07:40.807] [WiVRn] [info] 	t+9856µs LEFT_GRIP (34556µs)
09-11 11:07:40.807  7770 10637 I WiVRn   : [2026-09-11 11:07:40.807] [WiVRn] [info] 	t+9871µs RIGHT_GRIP (34541µs)
09-11 11:07:40.807  7770 10637 I WiVRn   : [2026-09-11 11:07:40.807] [WiVRn] [info] 	t+10684µs HEAD (22625µs)
09-11 11:07:40.807  7770 10637 I WiVRn   : [2026-09-11 11:07:40.807] [WiVRn] [info] 	t+10753µs LEFT_GRIP (22556µs)
09-11 11:07:40.807  7770 10637 I WiVRn   : [2026-09-11 11:07:40.807] [WiVRn] [info] 	t+10768µs RIGHT_GRIP (22541µs)
09-11 11:07:40.827  7770 10531 I PxrMetric: FPS=58/90,MTP=31.19ms,AppSW=off,FrmEarly=23,FrmLate=5,FrmCpu=0.99ms,FrmGpu=6.35ms,FrmTime=9.02ms,ATWGPU=4.21ms,VsyncDelay=1,GPU=36%/587Mhz,GPUTemp=86.1C,LayerCnt=2,Pkg=org.meumeu.wivrn.nx.warp,FrmId=317
09-11 11:07:41.145  7770 10604 I WiVRn   : [2026-09-11 11:07:41.145] [WiVRn] [info] frame 105 was not sent because no shard was received
09-11 11:07:41.153  7770 10604 I WiVRn   : [2026-09-11 11:07:41.153] [WiVRn] [info] frame 105 was not sent because no shard was received
09-11 11:07:41.244  7770 10604 I WiVRn   : [2026-09-11 11:07:41.244] [WiVRn] [info] frame 111 was not sent because no shard was received
09-11 11:07:41.249  7770 10604 I WiVRn   : [2026-09-11 11:07:41.249] [WiVRn] [info] frame 111 was not sent because no shard was received
09-11 11:07:41.263  7770 10540 W WiVRn   : [2026-09-11 11:07:41.263] [WiVRn] [warning] Failed to find a common frame for all decoders, dumping available frames per decoder
09-11 11:07:41.263  7770 10540 W WiVRn   : [2026-09-11 11:07:41.263] [WiVRn] [warning]  114 112 113
09-11 11:07:41.263  7770 10540 W WiVRn   : [2026-09-11 11:07:41.263] [WiVRn] [warning]  108 109 110
09-11 11:07:41.263  7770 10540 W WiVRn   : [2026-09-11 11:07:41.263] [WiVRn] [warning]  - - -
09-11 11:07:41.267  7770 10604 I WiVRn   : [2026-09-11 11:07:41.267] [WiVRn] [info] frame 112 was not sent because no shard was received
09-11 11:07:41.274  7770 10540 W WiVRn   : [2026-09-11 11:07:41.274] [WiVRn] [warning] Failed to find a common frame for all decoders, dumping available frames per decoder
09-11 11:07:41.274  7770 10540 W WiVRn   : [2026-09-11 11:07:41.274] [WiVRn] [warning]  114 115 116
09-11 11:07:41.274  7770 10540 W WiVRn   : [2026-09-11 11:07:41.274] [WiVRn] [warning]  108 109 110
09-11 11:07:41.274  7770 10540 W WiVRn   : [2026-09-11 11:07:41.274] [WiVRn] [warning]  - - -
09-11 11:07:41.476  7770 10604 I WiVRn   : [2026-09-11 11:07:41.476] [WiVRn] [info] frame 125 was not sent because no shard was received
09-11 11:07:41.496  7770 10540 I WiVRn   : [2026-09-11 11:07:41.496] [WiVRn] [info] render: 154 iterations in 2.0 s (76.7/s), 154 submitted a layer, 90 new-source, 0 skipped by the repeat gate, 0 with nothing to show; display period 13.1 ms
09-11 11:07:41.496  7770 10540 I WiVRn   : [2026-09-11 11:07:41.496] [WiVRn] [info] render: ready wait attempts 0 success 0 total 0.000 ms | selected older than available 15
09-11 11:07:41.496  7770 10540 I WiVRn   : [2026-09-11 11:07:41.496] [WiVRn] [info] render: selected source transitions forward 90 backward 0 repeat 64, greatest forward gap 19
09-11 11:07:41.496  7770 10540 I WiVRn   : [2026-09-11 11:07:41.496] [WiVRn] [info] render: this app's own GPU pass 4.6 ms per iteration
09-11 11:07:41.496  7770 10540 I WiVRn   : [2026-09-11 11:07:41.496] [WiVRn] [info] render: defoveate 2688x2688 per eye x2 = 14.45 Mpx/frame at scale 1.00 atlas-prototype 0; 61 re-presented from the cache (reduce_gpu_load on)
09-11 11:07:41.496  7770 10540 I WiVRn   : [2026-09-11 11:07:41.496] [WiVRn] [info] render: shader path sharpness 0.00 fsr false alpha false motion false blend false glow 0.00 vignette 0.00 deband 1.00 lowpoly 0.00 levels 0 full-kernel false
09-11 11:07:41.496  7770 10540 I WiVRn   : [2026-09-11 11:07:41.496] [WiVRn] [info] render: per iteration fence 0.1 (worst 6.7) | queries 0.0 | submit 0.0 | whole render() 1.2 ms
09-11 11:07:41.496  7770 10540 I WiVRn   : [2026-09-11 11:07:41.496] [WiVRn] [info] render: motion fields matched 0 active 0 mean active step 0.000
09-11 11:07:41.496  7770 10540 I WiVRn   : [2026-09-11 11:07:41.496] [WiVRn] [info] render: selection-to-defoveate CPU 0.077 ms mean (max 0.320) over 93 actual defoveate calls; not GPU/photon latency
09-11 11:07:41.496  7770 10540 I WiVRn   : [2026-09-11 11:07:41.496] [WiVRn] [info] render: jit on | wake slack 37.0 ms | slept 2.0 ms mean (max 5.0, 64 of 154 iterations) | budget 25.4 = pass 24.4 + margin 1.0 | sleep cap 5.0 ms
09-11 11:07:41.496  7770 10540 I WiVRn   : [2026-09-11 11:07:41.496] [WiVRn] [info] render: source display-time offset 31.9 ms mean (worst 117.7) over 154 frames | submit lead 31.6 ms mean (worst -282.2) | misses: 0 overrun 0 late 0 skipped refresh
09-11 11:07:41.496  7770 10540 I WiVRn   : [2026-09-11 11:07:41.496] [WiVRn] [info] render: source->first -37.7 ms | wire 3.4 | queue 0.0 | decode 10.1 | decode->selection 21.4 | selection->predicted 34.7 | sum 31.9 over 154 selected frames (0 invalid)
09-11 11:07:41.507  7770 10540 W WiVRn   : [2026-09-11 11:07:41.507] [WiVRn] [warning] Failed to find a common frame for all decoders, dumping available frames per decoder
09-11 11:07:41.507  7770 10540 W WiVRn   : [2026-09-11 11:07:41.507] [WiVRn] [warning]  129 127 128
09-11 11:07:41.507  7770 10540 W WiVRn   : [2026-09-11 11:07:41.507] [WiVRn] [warning]  126 124 125
09-11 11:07:41.507  7770 10540 W WiVRn   : [2026-09-11 11:07:41.507] [WiVRn] [warning]  - - -
09-11 11:07:41.515  7770 10604 I WiVRn   : [2026-09-11 11:07:41.515] [WiVRn] [info] frame 127 was not sent because no shard was received
09-11 11:07:41.517  7770 10540 W WiVRn   : [2026-09-11 11:07:41.517] [WiVRn] [warning] Failed to find a common frame for all decoders, dumping available frames per decoder
09-11 11:07:41.517  7770 10540 W WiVRn   : [2026-09-11 11:07:41.517] [WiVRn] [warning]  129 130 128
09-11 11:07:41.517  7770 10540 W WiVRn   : [2026-09-11 11:07:41.517] [WiVRn] [warning]  126 124 125
09-11 11:07:41.517  7770 10540 W WiVRn   : [2026-09-11 11:07:41.517] [WiVRn] [warning]  - - -
09-11 11:07:41.528  7770 10540 W WiVRn   : [2026-09-11 11:07:41.528] [WiVRn] [warning] Failed to find a common frame for all decoders, dumping available frames per decoder
09-11 11:07:41.528  7770 10540 W WiVRn   : [2026-09-11 11:07:41.528] [WiVRn] [warning]  129 130 131
09-11 11:07:41.528  7770 10540 W WiVRn   : [2026-09-11 11:07:41.528] [WiVRn] [warning]  126 124 128
09-11 11:07:41.528  7770 10540 W WiVRn   : [2026-09-11 11:07:41.528] [WiVRn] [warning]  - - -
09-11 11:07:41.807  7770 10637 I WiVRn   : [2026-09-11 11:07:41.807] [WiVRn] [info] Tracking pattern (11110µs):
09-11 11:07:41.807  7770 10637 I WiVRn   : [2026-09-11 11:07:41.807] [WiVRn] [info] 	t+688µs HEAD (54863µs)
09-11 11:07:41.807  7770 10637 I WiVRn   : [2026-09-11 11:07:41.807] [WiVRn] [info] 	t+724µs LEFT_GRIP (54827µs)
09-11 11:07:41.807  7770 10637 I WiVRn   : [2026-09-11 11:07:41.807] [WiVRn] [info] 	t+739µs RIGHT_GRIP (54812µs)
09-11 11:07:41.807  7770 10637 I WiVRn   : [2026-09-11 11:07:41.807] [WiVRn] [info] 	t+1578µs HEAD (42863µs)
09-11 11:07:41.807  7770 10637 I WiVRn   : [2026-09-11 11:07:41.807] [WiVRn] [info] 	t+1613µs LEFT_GRIP (42827µs)
09-11 11:07:41.807  7770 10637 I WiVRn   : [2026-09-11 11:07:41.807] [WiVRn] [info] 	t+1629µs RIGHT_GRIP (42812µs)
09-11 11:07:41.807  7770 10637 I WiVRn   : [2026-09-11 11:07:41.807] [WiVRn] [info] 	t+1909µs HEAD (75863µs)
09-11 11:07:41.807  7770 10637 I WiVRn   : [2026-09-11 11:07:41.807] [WiVRn] [info] 	t+1945µs LEFT_GRIP (75827µs)
09-11 11:07:41.807  7770 10637 I WiVRn   : [2026-09-11 11:07:41.807] [WiVRn] [info] 	t+1960µs RIGHT_GRIP (75812µs)
09-11 11:07:41.807  7770 10637 I WiVRn   : [2026-09-11 11:07:41.807] [WiVRn] [info] 	t+2798µs HEAD (63863µs)
09-11 11:07:41.807  7770 10637 I WiVRn   : [2026-09-11 11:07:41.807] [WiVRn] [info] 	t+2834µs LEFT_GRIP (63827µs)
09-11 11:07:41.807  7770 10637 I WiVRn   : [2026-09-11 11:07:41.807] [WiVRn] [info] 	t+2850µs RIGHT_GRIP (63812µs)
09-11 11:07:41.807  7770 10637 I WiVRn   : [2026-09-11 11:07:41.807] [WiVRn] [info] 	t+3688µs HEAD (51863µs)
09-11 11:07:41.807  7770 10637 I WiVRn   : [2026-09-11 11:07:41.807] [WiVRn] [info] 	t+3724µs LEFT_GRIP (51827µs)
09-11 11:07:41.807  7770 10637 I WiVRn   : [2026-09-11 11:07:41.807] [WiVRn] [info] 	t+3739µs RIGHT_GRIP (51812µs)
09-11 11:07:41.807  7770 10637 I WiVRn   : [2026-09-11 11:07:41.807] [WiVRn] [info] 	t+4578µs HEAD (39863µs)
09-11 11:07:41.807  7770 10637 I WiVRn   : [2026-09-11 11:07:41.807] [WiVRn] [info] 	t+4613µs LEFT_GRIP (39827µs)
09-11 11:07:41.807  7770 10637 I WiVRn   : [2026-09-11 11:07:41.807] [WiVRn] [info] 	t+4629µs RIGHT_GRIP (39812µs)
09-11 11:07:41.807  7770 10637 I WiVRn   : [2026-09-11 11:07:41.807] [WiVRn] [info] 	t+4909µs HEAD (72863µs)
09-11 11:07:41.807  7770 10637 I WiVRn   : [2026-09-11 11:07:41.807] [WiVRn] [info] 	t+4945µs LEFT_GRIP (72827µs)
09-11 11:07:41.807  7770 10637 I WiVRn   : [2026-09-11 11:07:41.807] [WiVRn] [info] 	t+4960µs RIGHT_GRIP (72812µs)
09-11 11:07:41.807  7770 10637 I WiVRn   : [2026-09-11 11:07:41.807] [WiVRn] [info] 	t+5798µs HEAD (60863µs)
09-11 11:07:41.807  7770 10637 I WiVRn   : [2026-09-11 11:07:41.807] [WiVRn] [info] 	t+5834µs LEFT_GRIP (60827µs)
09-11 11:07:41.807  7770 10637 I WiVRn   : [2026-09-11 11:07:41.807] [WiVRn] [info] 	t+5850µs RIGHT_GRIP (60812µs)
09-11 11:07:41.807  7770 10637 I WiVRn   : [2026-09-11 11:07:41.807] [WiVRn] [info] 	t+6688µs HEAD (48863µs)
09-11 11:07:41.807  7770 10637 I WiVRn   : [2026-09-11 11:07:41.807] [WiVRn] [info] 	t+6724µs LEFT_GRIP (48827µs)
09-11 11:07:41.807  7770 10637 I WiVRn   : [2026-09-11 11:07:41.807] [WiVRn] [info] 	t+6739µs RIGHT_GRIP (48812µs)
09-11 11:07:41.807  7770 10637 I WiVRn   : [2026-09-11 11:07:41.807] [WiVRn] [info] 	t+7019µs HEAD (81863µs)
09-11 11:07:41.807  7770 10637 I WiVRn   : [2026-09-11 11:07:41.807] [WiVRn] [info] 	t+7055µs LEFT_GRIP (81827µs)
09-11 11:07:41.807  7770 10637 I WiVRn   : [2026-09-11 11:07:41.807] [WiVRn] [info] 	t+7071µs RIGHT_GRIP (81812µs)
09-11 11:07:41.807  7770 10637 I WiVRn   : [2026-09-11 11:07:41.807] [WiVRn] [info] 	t+7578µs HEAD (36863µs)
09-11 11:07:41.807  7770 10637 I WiVRn   : [2026-09-11 11:07:41.807] [WiVRn] [info] 	t+7613µs LEFT_GRIP (36827µs)
09-11 11:07:41.807  7770 10637 I WiVRn   : [2026-09-11 11:07:41.807] [WiVRn] [info] 	t+7629µs RIGHT_GRIP (36812µs)
09-11 11:07:41.807  7770 10637 I WiVRn   : [2026-09-11 11:07:41.807] [WiVRn] [info] 	t+7909µs HEAD (69863µs)
09-11 11:07:41.807  7770 10637 I WiVRn   : [2026-09-11 11:07:41.807] [WiVRn] [info] 	t+7945µs LEFT_GRIP (69827µs)
09-11 11:07:41.807  7770 10637 I WiVRn   : [2026-09-11 11:07:41.807] [WiVRn] [info] 	t+7960µs RIGHT_GRIP (69812µs)
09-11 11:07:41.807  7770 10637 I WiVRn   : [2026-09-11 11:07:41.807] [WiVRn] [info] 	t+8798µs HEAD (57863µs)
09-11 11:07:41.807  7770 10637 I WiVRn   : [2026-09-11 11:07:41.807] [WiVRn] [info] 	t+8834µs LEFT_GRIP (57827µs)
09-11 11:07:41.807  7770 10637 I WiVRn   : [2026-09-11 11:07:41.807] [WiVRn] [info] 	t+8850µs RIGHT_GRIP (57812µs)
09-11 11:07:41.807  7770 10637 I WiVRn   : [2026-09-11 11:07:41.807] [WiVRn] [info] 	t+9688µs HEAD (45863µs)
09-11 11:07:41.807  7770 10637 I WiVRn   : [2026-09-11 11:07:41.807] [WiVRn] [info] 	t+9724µs LEFT_GRIP (45827µs)
09-11 11:07:41.807  7770 10637 I WiVRn   : [2026-09-11 11:07:41.807] [WiVRn] [info] 	t+9739µs RIGHT_GRIP (45812µs)
09-11 11:07:41.807  7770 10637 I WiVRn   : [2026-09-11 11:07:41.807] [WiVRn] [info] 	t+10019µs HEAD (78863µs)
09-11 11:07:41.807  7770 10637 I WiVRn   : [2026-09-11 11:07:41.807] [WiVRn] [info] 	t+10055µs LEFT_GRIP (78827µs)
09-11 11:07:41.807  7770 10637 I WiVRn   : [2026-09-11 11:07:41.807] [WiVRn] [info] 	t+10071µs RIGHT_GRIP (78812µs)
09-11 11:07:41.807  7770 10637 I WiVRn   : [2026-09-11 11:07:41.807] [WiVRn] [info] 	t+10578µs HEAD (33863µs)
09-11 11:07:41.807  7770 10637 I WiVRn   : [2026-09-11 11:07:41.807] [WiVRn] [info] 	t+10613µs LEFT_GRIP (33827µs)
09-11 11:07:41.807  7770 10637 I WiVRn   : [2026-09-11 11:07:41.807] [WiVRn] [info] 	t+10629µs RIGHT_GRIP (33812µs)
09-11 11:07:41.807  7770 10637 I WiVRn   : [2026-09-11 11:07:41.807] [WiVRn] [info] 	t+10909µs HEAD (66863µs)
09-11 11:07:41.807  7770 10637 I WiVRn   : [2026-09-11 11:07:41.807] [WiVRn] [info] 	t+10945µs LEFT_GRIP (66827µs)
09-11 11:07:41.807  7770 10637 I WiVRn   : [2026-09-11 11:07:41.807] [WiVRn] [info] 	t+10960µs RIGHT_GRIP (66812µs)
09-11 11:07:41.834  7770 10531 I PxrMetric: FPS=91/90,MTP=35.32ms,AppSW=off,FrmEarly=26,FrmLate=3,FrmCpu=0.87ms,FrmGpu=6.82ms,FrmTime=12.75ms,ATWGPU=4.23ms,VsyncDelay=2,GPU=35%/587Mhz,GPUTemp=82.2C,LayerCnt=2,Pkg=org.meumeu.wivrn.nx.warp,FrmId=408
09-11 11:07:42.261  7770 10604 I WiVRn   : [2026-09-11 11:07:42.261] [WiVRn] [info] frame 172 was not sent because no shard was received
09-11 11:07:42.265  7770 10604 I WiVRn   : [2026-09-11 11:07:42.265] [WiVRn] [info] frame 172 was not sent because no shard was received
09-11 11:07:42.282  7770 10604 I WiVRn   : [2026-09-11 11:07:42.282] [WiVRn] [info] frame 173 was not sent because no shard was received
09-11 11:07:42.286  7770 10540 W WiVRn   : [2026-09-11 11:07:42.285] [WiVRn] [warning] Failed to find a common frame for all decoders, dumping available frames per decoder
09-11 11:07:42.286  7770 10540 W WiVRn   : [2026-09-11 11:07:42.286] [WiVRn] [warning]  174 175 176
09-11 11:07:42.286  7770 10540 W WiVRn   : [2026-09-11 11:07:42.286] [WiVRn] [warning]  171 169 170
09-11 11:07:42.286  7770 10540 W WiVRn   : [2026-09-11 11:07:42.286] [WiVRn] [warning]  - - -
09-11 11:07:42.807  7770 10637 I WiVRn   : [2026-09-11 11:07:42.807] [WiVRn] [info] Tracking pattern (11109µs):
09-11 11:07:42.807  7770 10637 I WiVRn   : [2026-09-11 11:07:42.807] [WiVRn] [info] 	t+8878µs HEAD (80000µs)
09-11 11:07:42.807  7770 10637 I WiVRn   : [2026-09-11 11:07:42.807] [WiVRn] [info] 	t+8878µs LEFT_GRIP (80000µs)
09-11 11:07:42.807  7770 10637 I WiVRn   : [2026-09-11 11:07:42.807] [WiVRn] [info] 	t+8878µs RIGHT_GRIP (80000µs)
09-11 11:07:42.835  7770 10531 I PxrMetric: FPS=90/90,MTP=34.14ms,AppSW=off,FrmEarly=29,FrmLate=1,FrmCpu=0.58ms,FrmGpu=6.26ms,FrmTime=11.90ms,ATWGPU=4.19ms,VsyncDelay=2,GPU=77%/587Mhz,GPUTemp=82.2C,LayerCnt=1,Pkg=org.meumeu.wivrn.nx.warp,FrmId=498
09-11 11:07:43.507  7770 10540 I WiVRn   : [2026-09-11 11:07:43.507] [WiVRn] [info] render: 181 iterations in 2.0 s (90.0/s), 181 submitted a layer, 120 new-source, 0 skipped by the repeat gate, 0 with nothing to show; display period 11.1 ms
09-11 11:07:43.507  7770 10540 I WiVRn   : [2026-09-11 11:07:43.507] [WiVRn] [info] render: ready wait attempts 0 success 0 total 0.000 ms | selected older than available 169
09-11 11:07:43.507  7770 10540 I WiVRn   : [2026-09-11 11:07:43.507] [WiVRn] [info] render: selected source transitions forward 120 backward 0 repeat 61, greatest forward gap 3
09-11 11:07:43.507  7770 10540 I WiVRn   : [2026-09-11 11:07:43.507] [WiVRn] [info] render: this app's own GPU pass 4.9 ms per iteration
09-11 11:07:43.507  7770 10540 I WiVRn   : [2026-09-11 11:07:43.507] [WiVRn] [info] render: defoveate 2688x2688 per eye x2 = 14.45 Mpx/frame at scale 1.00 atlas-prototype 0; 61 re-presented from the cache (reduce_gpu_load on)
09-11 11:07:43.507  7770 10540 I WiVRn   : [2026-09-11 11:07:43.507] [WiVRn] [info] render: shader path sharpness 0.00 fsr false alpha false motion false blend false glow 0.00 vignette 0.00 deband 1.00 lowpoly 0.00 levels 0 full-kernel false
09-11 11:07:43.507  7770 10540 I WiVRn   : [2026-09-11 11:07:43.507] [WiVRn] [info] render: per iteration fence 0.0 (worst 0.0) | queries 0.0 | submit 0.0 | whole render() 0.8 ms
09-11 11:07:43.507  7770 10540 I WiVRn   : [2026-09-11 11:07:43.507] [WiVRn] [info] render: motion fields matched 0 active 0 mean active step 0.000
09-11 11:07:43.507  7770 10540 I WiVRn   : [2026-09-11 11:07:43.507] [WiVRn] [info] render: selection-to-defoveate CPU 0.059 ms mean (max 0.119) over 120 actual defoveate calls; not GPU/photon latency
09-11 11:07:43.507  7770 10540 I WiVRn   : [2026-09-11 11:07:43.507] [WiVRn] [info] render: jit on | wake slack 40.3 ms | slept 5.0 ms mean (max 5.0, 181 of 181 iterations) | budget 21.6 = pass 20.6 + margin 1.0 | sleep cap 5.0 ms
09-11 11:07:43.507  7770 10540 I WiVRn   : [2026-09-11 11:07:43.507] [WiVRn] [info] render: source display-time offset -8.1 ms mean (worst 38.8) over 181 frames | submit lead 34.4 ms mean (worst 31.2) | misses: 0 overrun 0 late 0 skipped refresh
09-11 11:07:43.507  7770 10540 I WiVRn   : [2026-09-11 11:07:43.507] [WiVRn] [info] render: source->first -93.8 ms | wire 1.9 | queue 0.0 | decode 8.0 | decode->selection 40.7 | selection->predicted 35.2 | sum -8.1 over 181 selected frames (0 invalid)
09-11 11:07:43.807  7770 10637 I WiVRn   : [2026-09-11 11:07:43.807] [WiVRn] [info] Tracking pattern (11114µs):
09-11 11:07:43.807  7770 10637 I WiVRn   : [2026-09-11 11:07:43.807] [WiVRn] [info] 	t+8912µs HEAD (80000µs)
09-11 11:07:43.807  7770 10637 I WiVRn   : [2026-09-11 11:07:43.807] [WiVRn] [info] 	t+8912µs LEFT_GRIP (80000µs)
09-11 11:07:43.807  7770 10637 I WiVRn   : [2026-09-11 11:07:43.807] [WiVRn] [info] 	t+8912µs RIGHT_GRIP (80000µs)
09-11 11:07:43.849  7770 10531 I PxrMetric: FPS=90/90,MTP=34.69ms,AppSW=off,FrmEarly=30,FrmLate=0,FrmCpu=0.54ms,FrmGpu=7.42ms,FrmTime=13.01ms,ATWGPU=3.70ms,VsyncDelay=2,GPU=74%/587Mhz,GPUTemp=80.6C,LayerCnt=1,Pkg=org.meumeu.wivrn.nx.warp,FrmId=589
09-11 11:07:44.807  7770 10637 I WiVRn   : [2026-09-11 11:07:44.807] [WiVRn] [info] Tracking pattern (11110µs):
09-11 11:07:44.807  7770 10637 I WiVRn   : [2026-09-11 11:07:44.807] [WiVRn] [info] 	t+8882µs HEAD (80000µs)
09-11 11:07:44.807  7770 10637 I WiVRn   : [2026-09-11 11:07:44.807] [WiVRn] [info] 	t+8882µs LEFT_GRIP (80000µs)
09-11 11:07:44.807  7770 10637 I WiVRn   : [2026-09-11 11:07:44.807] [WiVRn] [info] 	t+8882µs RIGHT_GRIP (80000µs)
09-11 11:07:44.849  7770 10531 I PxrMetric: FPS=90/90,MTP=34.46ms,AppSW=off,FrmEarly=30,FrmLate=0,FrmCpu=0.56ms,FrmGpu=7.46ms,FrmTime=13.07ms,ATWGPU=3.87ms,VsyncDelay=2,GPU=75%/587Mhz,GPUTemp=79.9C,LayerCnt=1,Pkg=org.meumeu.wivrn.nx.warp,FrmId=679
09-11 11:07:45.507  7770 10540 I WiVRn   : [2026-09-11 11:07:45.507] [WiVRn] [info] render: 180 iterations in 2.0 s (90.0/s), 180 submitted a layer, 120 new-source, 0 skipped by the repeat gate, 0 with nothing to show; display period 11.1 ms
09-11 11:07:45.507  7770 10540 I WiVRn   : [2026-09-11 11:07:45.507] [WiVRn] [info] render: ready wait attempts 0 success 0 total 0.000 ms | selected older than available 180
09-11 11:07:45.507  7770 10540 I WiVRn   : [2026-09-11 11:07:45.507] [WiVRn] [info] render: selected source transitions forward 120 backward 0 repeat 60, greatest forward gap 1
09-11 11:07:45.507  7770 10540 I WiVRn   : [2026-09-11 11:07:45.507] [WiVRn] [info] render: this app's own GPU pass 5.1 ms per iteration
09-11 11:07:45.507  7770 10540 I WiVRn   : [2026-09-11 11:07:45.507] [WiVRn] [info] render: defoveate 2688x2688 per eye x2 = 14.45 Mpx/frame at scale 1.00 atlas-prototype 0; 60 re-presented from the cache (reduce_gpu_load on)
09-11 11:07:45.507  7770 10540 I WiVRn   : [2026-09-11 11:07:45.507] [WiVRn] [info] render: shader path sharpness 0.00 fsr false alpha false motion false blend false glow 0.00 vignette 0.00 deband 1.00 lowpoly 0.00 levels 0 full-kernel false
09-11 11:07:45.507  7770 10540 I WiVRn   : [2026-09-11 11:07:45.507] [WiVRn] [info] render: per iteration fence 0.0 (worst 0.0) | queries 0.0 | submit 0.0 | whole render() 0.7 ms
09-11 11:07:45.507  7770 10540 I WiVRn   : [2026-09-11 11:07:45.507] [WiVRn] [info] render: motion fields matched 0 active 0 mean active step 0.000
09-11 11:07:45.507  7770 10540 I WiVRn   : [2026-09-11 11:07:45.507] [WiVRn] [info] render: selection-to-defoveate CPU 0.057 ms mean (max 0.103) over 120 actual defoveate calls; not GPU/photon latency
09-11 11:07:45.507  7770 10540 I WiVRn   : [2026-09-11 11:07:45.507] [WiVRn] [info] render: jit on | wake slack 40.0 ms | slept 5.0 ms mean (max 5.0, 180 of 180 iterations) | budget 19.8 = pass 18.8 + margin 1.0 | sleep cap 5.0 ms
09-11 11:07:45.507  7770 10540 I WiVRn   : [2026-09-11 11:07:45.507] [WiVRn] [info] render: source display-time offset -10.3 ms mean (worst 3.7) over 180 frames | submit lead 34.3 ms mean (worst 33.5) | misses: 0 overrun 0 late 0 skipped refresh
09-11 11:07:45.507  7770 10540 I WiVRn   : [2026-09-11 11:07:45.507] [WiVRn] [info] render: source->first -94.9 ms | wire 0.9 | queue 0.0 | decode 7.2 | decode->selection 41.6 | selection->predicted 34.9 | sum -10.3 over 180 selected frames (0 invalid)
09-11 11:07:45.807  7770 10637 I WiVRn   : [2026-09-11 11:07:45.807] [WiVRn] [info] Tracking pattern (11111µs):
09-11 11:07:45.807  7770 10637 I WiVRn   : [2026-09-11 11:07:45.807] [WiVRn] [info] 	t+8890µs HEAD (80000µs)
09-11 11:07:45.807  7770 10637 I WiVRn   : [2026-09-11 11:07:45.807] [WiVRn] [info] 	t+8890µs LEFT_GRIP (80000µs)
09-11 11:07:45.807  7770 10637 I WiVRn   : [2026-09-11 11:07:45.807] [WiVRn] [info] 	t+8890µs RIGHT_GRIP (80000µs)
09-11 11:07:45.849  7770 10531 I PxrMetric: FPS=90/90,MTP=34.21ms,AppSW=off,FrmEarly=30,FrmLate=0,FrmCpu=0.55ms,FrmGpu=7.51ms,FrmTime=13.12ms,ATWGPU=3.87ms,VsyncDelay=2,GPU=74%/587Mhz,GPUTemp=79.9C,LayerCnt=1,Pkg=org.meumeu.wivrn.nx.warp,FrmId=769
09-11 11:07:46.807  7770 10637 I WiVRn   : [2026-09-11 11:07:46.807] [WiVRn] [info] Tracking pattern (11114µs):
09-11 11:07:46.807  7770 10637 I WiVRn   : [2026-09-11 11:07:46.807] [WiVRn] [info] 	t+8912µs HEAD (80000µs)
09-11 11:07:46.807  7770 10637 I WiVRn   : [2026-09-11 11:07:46.807] [WiVRn] [info] 	t+8912µs LEFT_GRIP (80000µs)
09-11 11:07:46.807  7770 10637 I WiVRn   : [2026-09-11 11:07:46.807] [WiVRn] [info] 	t+8912µs RIGHT_GRIP (80000µs)
09-11 11:07:46.849  7770 10531 I PxrMetric: FPS=90/90,MTP=34.28ms,AppSW=off,FrmEarly=31,FrmLate=0,FrmCpu=0.57ms,FrmGpu=7.74ms,FrmTime=13.36ms,ATWGPU=4.00ms,VsyncDelay=2,GPU=33%/587Mhz,GPUTemp=79.1C,LayerCnt=1,Pkg=org.meumeu.wivrn.nx.warp,FrmId=859
09-11 11:07:47.517  7770 10540 I WiVRn   : [2026-09-11 11:07:47.517] [WiVRn] [info] render: 181 iterations in 2.0 s (90.0/s), 181 submitted a layer, 118 new-source, 0 skipped by the repeat gate, 0 with nothing to show; display period 11.1 ms
09-11 11:07:47.518  7770 10540 I WiVRn   : [2026-09-11 11:07:47.518] [WiVRn] [info] render: ready wait attempts 0 success 0 total 0.000 ms | selected older than available 181
09-11 11:07:47.518  7770 10540 I WiVRn   : [2026-09-11 11:07:47.518] [WiVRn] [info] render: selected source transitions forward 118 backward 0 repeat 63, greatest forward gap 2
09-11 11:07:47.518  7770 10540 I WiVRn   : [2026-09-11 11:07:47.518] [WiVRn] [info] render: this app's own GPU pass 5.2 ms per iteration
09-11 11:07:47.518  7770 10540 I WiVRn   : [2026-09-11 11:07:47.518] [WiVRn] [info] render: defoveate 2688x2688 per eye x2 = 14.45 Mpx/frame at scale 1.00 atlas-prototype 0; 63 re-presented from the cache (reduce_gpu_load on)
09-11 11:07:47.518  7770 10540 I WiVRn   : [2026-09-11 11:07:47.518] [WiVRn] [info] render: shader path sharpness 0.00 fsr false alpha false motion false blend false glow 0.00 vignette 0.00 deband 1.00 lowpoly 0.00 levels 0 full-kernel false
09-11 11:07:47.518  7770 10540 I WiVRn   : [2026-09-11 11:07:47.518] [WiVRn] [info] render: per iteration fence 0.0 (worst 0.0) | queries 0.0 | submit 0.0 | whole render() 0.7 ms
09-11 11:07:47.518  7770 10540 I WiVRn   : [2026-09-11 11:07:47.518] [WiVRn] [info] render: motion fields matched 0 active 0 mean active step 0.000
09-11 11:07:47.518  7770 10540 I WiVRn   : [2026-09-11 11:07:47.518] [WiVRn] [info] render: selection-to-defoveate CPU 0.059 ms mean (max 0.103) over 118 actual defoveate calls; not GPU/photon latency
09-11 11:07:47.518  7770 10540 I WiVRn   : [2026-09-11 11:07:47.518] [WiVRn] [info] render: jit on | wake slack 39.8 ms | slept 5.0 ms mean (max 5.0, 181 of 181 iterations) | budget 18.0 = pass 17.0 + margin 1.0 | sleep cap 5.0 ms
09-11 11:07:47.518  7770 10540 I WiVRn   : [2026-09-11 11:07:47.518] [WiVRn] [info] render: source display-time offset -12.4 ms mean (worst 0.4) over 181 frames | submit lead 34.1 ms mean (worst 33.1) | misses: 0 overrun 0 late 0 skipped refresh
09-11 11:07:47.518  7770 10540 I WiVRn   : [2026-09-11 11:07:47.518] [WiVRn] [info] render: source->first -97.2 ms | wire 1.2 | queue 0.0 | decode 7.2 | decode->selection 41.8 | selection->predicted 34.7 | sum -12.4 over 181 selected frames (0 invalid)
09-11 11:07:47.807  7770 10637 I WiVRn   : [2026-09-11 11:07:47.807] [WiVRn] [info] Tracking pattern (11113µs):
09-11 11:07:47.807  7770 10637 I WiVRn   : [2026-09-11 11:07:47.807] [WiVRn] [info] 	t+8907µs HEAD (80000µs)
09-11 11:07:47.807  7770 10637 I WiVRn   : [2026-09-11 11:07:47.807] [WiVRn] [info] 	t+8907µs LEFT_GRIP (80000µs)
09-11 11:07:47.807  7770 10637 I WiVRn   : [2026-09-11 11:07:47.807] [WiVRn] [info] 	t+8907µs RIGHT_GRIP (80000µs)
09-11 11:07:47.860  7770 10531 I PxrMetric: FPS=90/90,MTP=34.15ms,AppSW=off,FrmEarly=32,FrmLate=0,FrmCpu=0.57ms,FrmGpu=8.02ms,FrmTime=13.65ms,ATWGPU=3.99ms,VsyncDelay=2,GPU=73%/587Mhz,GPUTemp=79.1C,LayerCnt=1,Pkg=org.meumeu.wivrn.nx.warp,FrmId=950
09-11 11:07:48.807  7770 10637 I WiVRn   : [2026-09-11 11:07:48.807] [WiVRn] [info] Tracking pattern (11114µs):
09-11 11:07:48.807  7770 10637 I WiVRn   : [2026-09-11 11:07:48.807] [WiVRn] [info] 	t+8912µs HEAD (80000µs)
09-11 11:07:48.807  7770 10637 I WiVRn   : [2026-09-11 11:07:48.807] [WiVRn] [info] 	t+8912µs LEFT_GRIP (80000µs)
09-11 11:07:48.807  7770 10637 I WiVRn   : [2026-09-11 11:07:48.807] [WiVRn] [info] 	t+8912µs RIGHT_GRIP (80000µs)
09-11 11:07:48.865  7770 10531 I PxrMetric: FPS=90/90,MTP=34.80ms,AppSW=off,FrmEarly=31,FrmLate=0,FrmCpu=0.58ms,FrmGpu=7.79ms,FrmTime=13.42ms,ATWGPU=3.76ms,VsyncDelay=2,GPU=77%/587Mhz,GPUTemp=78.7C,LayerCnt=1,Pkg=org.meumeu.wivrn.nx.warp,FrmId=1041
09-11 11:07:49.518  7770 10540 I WiVRn   : [2026-09-11 11:07:49.518] [WiVRn] [info] render: 180 iterations in 2.0 s (90.0/s), 180 submitted a layer, 120 new-source, 0 skipped by the repeat gate, 0 with nothing to show; display period 11.1 ms
09-11 11:07:49.518  7770 10540 I WiVRn   : [2026-09-11 11:07:49.518] [WiVRn] [info] render: ready wait attempts 0 success 0 total 0.000 ms | selected older than available 180
09-11 11:07:49.518  7770 10540 I WiVRn   : [2026-09-11 11:07:49.518] [WiVRn] [info] render: selected source transitions forward 120 backward 0 repeat 60, greatest forward gap 1
09-11 11:07:49.518  7770 10540 I WiVRn   : [2026-09-11 11:07:49.518] [WiVRn] [info] render: this app's own GPU pass 5.4 ms per iteration
09-11 11:07:49.518  7770 10540 I WiVRn   : [2026-09-11 11:07:49.518] [WiVRn] [info] render: defoveate 2688x2688 per eye x2 = 14.45 Mpx/frame at scale 1.00 atlas-prototype 0; 60 re-presented from the cache (reduce_gpu_load on)
09-11 11:07:49.518  7770 10540 I WiVRn   : [2026-09-11 11:07:49.518] [WiVRn] [info] render: shader path sharpness 0.00 fsr false alpha false motion false blend false glow 0.00 vignette 0.00 deband 1.00 lowpoly 0.00 levels 0 full-kernel false
09-11 11:07:49.518  7770 10540 I WiVRn   : [2026-09-11 11:07:49.518] [WiVRn] [info] render: per iteration fence 0.0 (worst 0.0) | queries 0.0 | submit 0.0 | whole render() 0.7 ms
09-11 11:07:49.518  7770 10540 I WiVRn   : [2026-09-11 11:07:49.518] [WiVRn] [info] render: motion fields matched 0 active 0 mean active step 0.000
09-11 11:07:49.518  7770 10540 I WiVRn   : [2026-09-11 11:07:49.518] [WiVRn] [info] render: selection-to-defoveate CPU 0.059 ms mean (max 0.116) over 120 actual defoveate calls; not GPU/photon latency
09-11 11:07:49.518  7770 10540 I WiVRn   : [2026-09-11 11:07:49.518] [WiVRn] [info] render: jit on | wake slack 39.7 ms | slept 5.0 ms mean (max 5.0, 180 of 180 iterations) | budget 16.2 = pass 15.2 + margin 1.0 | sleep cap 5.0 ms
09-11 11:07:49.518  7770 10540 I WiVRn   : [2026-09-11 11:07:49.518] [WiVRn] [info] render: source display-time offset -6.9 ms mean (worst 5.6) over 180 frames | submit lead 34.0 ms mean (worst 33.0) | misses: 0 overrun 0 late 0 skipped refresh
09-11 11:07:49.518  7770 10540 I WiVRn   : [2026-09-11 11:07:49.518] [WiVRn] [info] render: source->first -91.4 ms | wire 0.8 | queue 0.0 | decode 7.1 | decode->selection 41.9 | selection->predicted 34.6 | sum -6.9 over 180 selected frames (0 invalid)
09-11 11:07:49.807  7770 10637 I WiVRn   : [2026-09-11 11:07:49.807] [WiVRn] [info] Tracking pattern (11116µs):
09-11 11:07:49.807  7770 10637 I WiVRn   : [2026-09-11 11:07:49.807] [WiVRn] [info] 	t+8928µs HEAD (80000µs)
09-11 11:07:49.807  7770 10637 I WiVRn   : [2026-09-11 11:07:49.807] [WiVRn] [info] 	t+8928µs LEFT_GRIP (80000µs)
09-11 11:07:49.807  7770 10637 I WiVRn   : [2026-09-11 11:07:49.807] [WiVRn] [info] 	t+8928µs RIGHT_GRIP (80000µs)
09-11 11:07:49.871  7770 10531 I PxrMetric: FPS=91/90,MTP=34.36ms,AppSW=off,FrmEarly=29,FrmLate=0,FrmCpu=0.60ms,FrmGpu=8.28ms,FrmTime=13.94ms,ATWGPU=4.16ms,VsyncDelay=2,GPU=34%/587Mhz,GPUTemp=77.9C,LayerCnt=1,Pkg=org.meumeu.wivrn.nx.warp,FrmId=1131
09-11 11:07:50.807  7770 10637 I WiVRn   : [2026-09-11 11:07:50.807] [WiVRn] [info] Tracking pattern (11111µs):
09-11 11:07:50.807  7770 10637 I WiVRn   : [2026-09-11 11:07:50.807] [WiVRn] [info] 	t+8895µs HEAD (80000µs)
09-11 11:07:50.807  7770 10637 I WiVRn   : [2026-09-11 11:07:50.807] [WiVRn] [info] 	t+8895µs LEFT_GRIP (80000µs)
09-11 11:07:50.807  7770 10637 I WiVRn   : [2026-09-11 11:07:50.807] [WiVRn] [info] 	t+8895µs RIGHT_GRIP (80000µs)
09-11 11:07:50.879  7770 10531 I PxrMetric: FPS=89/90,MTP=34.34ms,AppSW=off,FrmEarly=30,FrmLate=0,FrmCpu=0.62ms,FrmGpu=7.69ms,FrmTime=13.36ms,ATWGPU=3.86ms,VsyncDelay=2,GPU=71%/587Mhz,GPUTemp=77.9C,LayerCnt=1,Pkg=org.meumeu.wivrn.nx.warp,FrmId=1222
09-11 11:07:51.529  7770 10540 I WiVRn   : [2026-09-11 11:07:51.529] [WiVRn] [info] render: 181 iterations in 2.0 s (90.0/s), 181 submitted a layer, 121 new-source, 0 skipped by the repeat gate, 0 with nothing to show; display period 11.1 ms
09-11 11:07:51.529  7770 10540 I WiVRn   : [2026-09-11 11:07:51.529] [WiVRn] [info] render: ready wait attempts 0 success 0 total 0.000 ms | selected older than available 181
09-11 11:07:51.529  7770 10540 I WiVRn   : [2026-09-11 11:07:51.529] [WiVRn] [info] render: selected source transitions forward 121 backward 0 repeat 60, greatest forward gap 1
09-11 11:07:51.529  7770 10540 I WiVRn   : [2026-09-11 11:07:51.529] [WiVRn] [info] render: this app's own GPU pass 5.5 ms per iteration
09-11 11:07:51.529  7770 10540 I WiVRn   : [2026-09-11 11:07:51.529] [WiVRn] [info] render: defoveate 2688x2688 per eye x2 = 14.45 Mpx/frame at scale 1.00 atlas-prototype 0; 60 re-presented from the cache (reduce_gpu_load on)
09-11 11:07:51.529  7770 10540 I WiVRn   : [2026-09-11 11:07:51.529] [WiVRn] [info] render: shader path sharpness 0.00 fsr false alpha false motion false blend false glow 0.00 vignette 0.00 deband 1.00 lowpoly 0.00 levels 0 full-kernel false
09-11 11:07:51.529  7770 10540 I WiVRn   : [2026-09-11 11:07:51.529] [WiVRn] [info] render: per iteration fence 0.0 (worst 0.0) | queries 0.0 | submit 0.0 | whole render() 0.7 ms
09-11 11:07:51.529  7770 10540 I WiVRn   : [2026-09-11 11:07:51.529] [WiVRn] [info] render: motion fields matched 0 active 0 mean active step 0.000
09-11 11:07:51.529  7770 10540 I WiVRn   : [2026-09-11 11:07:51.529] [WiVRn] [info] render: selection-to-defoveate CPU 0.060 ms mean (max 0.117) over 121 actual defoveate calls; not GPU/photon latency
09-11 11:07:51.529  7770 10540 I WiVRn   : [2026-09-11 11:07:51.529] [WiVRn] [info] render: jit on | wake slack 39.6 ms | slept 5.0 ms mean (max 5.0, 181 of 181 iterations) | budget 14.4 = pass 13.4 + margin 1.0 | sleep cap 5.0 ms
09-11 11:07:51.529  7770 10540 I WiVRn   : [2026-09-11 11:07:51.529] [WiVRn] [info] render: source display-time offset -12.9 ms mean (worst 3.1) over 181 frames | submit lead 33.9 ms mean (worst 32.8) | misses: 0 overrun 0 late 0 skipped refresh
09-11 11:07:51.529  7770 10540 I WiVRn   : [2026-09-11 11:07:51.529] [WiVRn] [info] render: source->first -97.9 ms | wire 1.5 | queue 0.0 | decode 7.3 | decode->selection 41.7 | selection->predicted 34.5 | sum -12.9 over 181 selected frames (0 invalid)
09-11 11:07:51.807  7770 10637 I WiVRn   : [2026-09-11 11:07:51.807] [WiVRn] [info] Tracking pattern (11111µs):
09-11 11:07:51.807  7770 10637 I WiVRn   : [2026-09-11 11:07:51.807] [WiVRn] [info] 	t+8894µs HEAD (80000µs)
09-11 11:07:51.807  7770 10637 I WiVRn   : [2026-09-11 11:07:51.807] [WiVRn] [info] 	t+8894µs LEFT_GRIP (80000µs)
09-11 11:07:51.807  7770 10637 I WiVRn   : [2026-09-11 11:07:51.807] [WiVRn] [info] 	t+8894µs RIGHT_GRIP (80000µs)
09-11 11:07:51.881  7770 10531 I PxrMetric: FPS=90/90,MTP=33.85ms,AppSW=off,FrmEarly=30,FrmLate=0,FrmCpu=0.64ms,FrmGpu=8.05ms,FrmTime=13.76ms,ATWGPU=3.66ms,VsyncDelay=2,GPU=35%/587Mhz,GPUTemp=77.5C,LayerCnt=1,Pkg=org.meumeu.wivrn.nx.warp,FrmId=1312
09-11 11:07:52.433  7770 10604 I WiVRn   : [2026-09-11 11:07:52.433] [WiVRn] [info] frame 784 was not sent because no shard was received
09-11 11:07:52.449  7770 10604 I WiVRn   : [2026-09-11 11:07:52.449] [WiVRn] [info] frame 785 was not sent because no shard was received
09-11 11:07:52.450  7770 10604 I WiVRn   : [2026-09-11 11:07:52.450] [WiVRn] [info] frame 785 was not sent because no shard was received
09-11 11:07:52.466  7770 10604 I WiVRn   : [2026-09-11 11:07:52.466] [WiVRn] [info] frame 786 was not sent because no shard was received
09-11 11:07:52.807  7770 10637 I WiVRn   : [2026-09-11 11:07:52.807] [WiVRn] [info] Tracking pattern (11116µs):
09-11 11:07:52.807  7770 10637 I WiVRn   : [2026-09-11 11:07:52.807] [WiVRn] [info] 	t+8930µs HEAD (80000µs)
09-11 11:07:52.807  7770 10637 I WiVRn   : [2026-09-11 11:07:52.807] [WiVRn] [info] 	t+8930µs LEFT_GRIP (80000µs)
09-11 11:07:52.807  7770 10637 I WiVRn   : [2026-09-11 11:07:52.807] [WiVRn] [info] 	t+8930µs RIGHT_GRIP (80000µs)
09-11 11:07:52.882  7770 10531 I PxrMetric: FPS=90/90,MTP=33.62ms,AppSW=off,FrmEarly=30,FrmLate=0,FrmCpu=0.64ms,FrmGpu=8.04ms,FrmTime=13.74ms,ATWGPU=3.86ms,VsyncDelay=2,GPU=47%/587Mhz,GPUTemp=79.1C,LayerCnt=1,Pkg=org.meumeu.wivrn.nx.warp,FrmId=1402
09-11 11:07:53.200  7770 10604 I WiVRn   : [2026-09-11 11:07:53.200] [WiVRn] [info] frame 831 was not sent because no shard was received
09-11 11:07:53.201  7770 10604 I WiVRn   : [2026-09-11 11:07:53.201] [WiVRn] [info] frame 831 was not sent because no shard was received
09-11 11:07:53.217  7770 10604 I WiVRn   : [2026-09-11 11:07:53.217] [WiVRn] [info] frame 832 was not sent because no shard was received
09-11 11:07:53.540  7770 10540 I WiVRn   : [2026-09-11 11:07:53.540] [WiVRn] [info] render: 181 iterations in 2.0 s (90.0/s), 181 submitted a layer, 117 new-source, 0 skipped by the repeat gate, 0 with nothing to show; display period 11.1 ms
09-11 11:07:53.540  7770 10540 I WiVRn   : [2026-09-11 11:07:53.540] [WiVRn] [info] render: ready wait attempts 0 success 0 total 0.000 ms | selected older than available 165
09-11 11:07:53.540  7770 10540 I WiVRn   : [2026-09-11 11:07:53.540] [WiVRn] [info] render: selected source transitions forward 117 backward 2 repeat 62, greatest forward gap 5
09-11 11:07:53.540  7770 10540 I WiVRn   : [2026-09-11 11:07:53.540] [WiVRn] [info] render: this app's own GPU pass 5.5 ms per iteration
09-11 11:07:53.540  7770 10540 I WiVRn   : [2026-09-11 11:07:53.540] [WiVRn] [info] render: defoveate 2688x2688 per eye x2 = 14.45 Mpx/frame at scale 1.00 atlas-prototype 0; 62 re-presented from the cache (reduce_gpu_load on)
09-11 11:07:53.540  7770 10540 I WiVRn   : [2026-09-11 11:07:53.540] [WiVRn] [info] render: shader path sharpness 0.00 fsr false alpha false motion false blend false glow 0.00 vignette 0.00 deband 1.00 lowpoly 0.00 levels 0 full-kernel false
09-11 11:07:53.540  7770 10540 I WiVRn   : [2026-09-11 11:07:53.540] [WiVRn] [info] render: per iteration fence 0.0 (worst 0.4) | queries 0.0 | submit 0.0 | whole render() 0.7 ms
09-11 11:07:53.540  7770 10540 I WiVRn   : [2026-09-11 11:07:53.540] [WiVRn] [info] render: motion fields matched 0 active 0 mean active step 0.000
09-11 11:07:53.540  7770 10540 I WiVRn   : [2026-09-11 11:07:53.540] [WiVRn] [info] render: selection-to-defoveate CPU 0.065 ms mean (max 0.125) over 119 actual defoveate calls; not GPU/photon latency
09-11 11:07:53.540  7770 10540 I WiVRn   : [2026-09-11 11:07:53.540] [WiVRn] [info] render: jit on | wake slack 39.2 ms | slept 5.0 ms mean (max 5.0, 181 of 181 iterations) | budget 12.6 = pass 11.6 + margin 1.0 | sleep cap 5.0 ms
09-11 11:07:53.540  7770 10540 I WiVRn   : [2026-09-11 11:07:53.540] [WiVRn] [info] render: source display-time offset -6.2 ms mean (worst 78.1) over 181 frames | submit lead 33.5 ms mean (worst 29.6) | misses: 0 overrun 0 late 0 skipped refresh
09-11 11:07:53.540  7770 10540 I WiVRn   : [2026-09-11 11:07:53.540] [WiVRn] [info] render: source->first -92.6 ms | wire 2.0 | queue 0.0 | decode 8.1 | decode->selection 42.2 | selection->predicted 34.2 | sum -6.2 over 181 selected frames (0 invalid)
09-11 11:07:53.807  7770 10637 I WiVRn   : [2026-09-11 11:07:53.807] [WiVRn] [info] Tracking pattern (11110µs):
09-11 11:07:53.807  7770 10637 I WiVRn   : [2026-09-11 11:07:53.807] [WiVRn] [info] 	t+8886µs HEAD (80000µs)
09-11 11:07:53.807  7770 10637 I WiVRn   : [2026-09-11 11:07:53.807] [WiVRn] [info] 	t+8886µs LEFT_GRIP (80000µs)
09-11 11:07:53.807  7770 10637 I WiVRn   : [2026-09-11 11:07:53.807] [WiVRn] [info] 	t+8886µs RIGHT_GRIP (80000µs)
09-11 11:07:53.894  7770 10531 I PxrMetric: FPS=90/90,MTP=33.71ms,AppSW=off,FrmEarly=31,FrmLate=0,FrmCpu=0.68ms,FrmGpu=8.25ms,FrmTime=13.99ms,ATWGPU=3.78ms,VsyncDelay=2,GPU=42%/587Mhz,GPUTemp=79.1C,LayerCnt=1,Pkg=org.meumeu.wivrn.nx.warp,FrmId=1493
09-11 11:07:54.807  7770 10637 I WiVRn   : [2026-09-11 11:07:54.807] [WiVRn] [info] Tracking pattern (11109µs):
09-11 11:07:54.807  7770 10637 I WiVRn   : [2026-09-11 11:07:54.807] [WiVRn] [info] 	t+8875µs HEAD (80000µs)
09-11 11:07:54.807  7770 10637 I WiVRn   : [2026-09-11 11:07:54.807] [WiVRn] [info] 	t+8875µs LEFT_GRIP (80000µs)
09-11 11:07:54.807  7770 10637 I WiVRn   : [2026-09-11 11:07:54.807] [WiVRn] [info] 	t+8875µs RIGHT_GRIP (80000µs)
09-11 11:07:54.894  7770 10531 I PxrMetric: FPS=90/90,MTP=33.59ms,AppSW=off,FrmEarly=31,FrmLate=0,FrmCpu=0.67ms,FrmGpu=8.14ms,FrmTime=13.87ms,ATWGPU=3.50ms,VsyncDelay=2,GPU=38%/587Mhz,GPUTemp=78.3C,LayerCnt=1,Pkg=org.meumeu.wivrn.nx.warp,FrmId=1583
09-11 11:07:55.551  7770 10540 I WiVRn   : [2026-09-11 11:07:55.551] [WiVRn] [info] render: 181 iterations in 2.0 s (90.0/s), 181 submitted a layer, 120 new-source, 0 skipped by the repeat gate, 0 with nothing to show; display period 11.1 ms
09-11 11:07:55.551  7770 10540 I WiVRn   : [2026-09-11 11:07:55.551] [WiVRn] [info] render: ready wait attempts 0 success 0 total 0.000 ms | selected older than available 181
09-11 11:07:55.551  7770 10540 I WiVRn   : [2026-09-11 11:07:55.551] [WiVRn] [info] render: selected source transitions forward 120 backward 0 repeat 61, greatest forward gap 1
09-11 11:07:55.551  7770 10540 I WiVRn   : [2026-09-11 11:07:55.551] [WiVRn] [info] render: this app's own GPU pass 5.6 ms per iteration
09-11 11:07:55.551  7770 10540 I WiVRn   : [2026-09-11 11:07:55.551] [WiVRn] [info] render: defoveate 2688x2688 per eye x2 = 14.45 Mpx/frame at scale 1.00 atlas-prototype 0; 61 re-presented from the cache (reduce_gpu_load on)
09-11 11:07:55.551  7770 10540 I WiVRn   : [2026-09-11 11:07:55.551] [WiVRn] [info] render: shader path sharpness 0.00 fsr false alpha false motion false blend false glow 0.00 vignette 0.00 deband 1.00 lowpoly 0.00 levels 0 full-kernel false
09-11 11:07:55.551  7770 10540 I WiVRn   : [2026-09-11 11:07:55.551] [WiVRn] [info] render: per iteration fence 0.0 (worst 0.0) | queries 0.0 | submit 0.0 | whole render() 0.7 ms
09-11 11:07:55.551  7770 10540 I WiVRn   : [2026-09-11 11:07:55.551] [WiVRn] [info] render: motion fields matched 0 active 0 mean active step 0.000
09-11 11:07:55.551  7770 10540 I WiVRn   : [2026-09-11 11:07:55.551] [WiVRn] [info] render: selection-to-defoveate CPU 0.065 ms mean (max 0.113) over 120 actual defoveate calls; not GPU/photon latency
09-11 11:07:55.551  7770 10540 I WiVRn   : [2026-09-11 11:07:55.551] [WiVRn] [info] render: jit on | wake slack 39.5 ms | slept 5.0 ms mean (max 5.0, 181 of 181 iterations) | budget 10.7 = pass 9.7 + margin 1.0 | sleep cap 5.0 ms
09-11 11:07:55.551  7770 10540 I WiVRn   : [2026-09-11 11:07:55.551] [WiVRn] [info] render: source display-time offset -9.3 ms mean (worst 2.2) over 181 frames | submit lead 33.8 ms mean (worst 32.6) | misses: 0 overrun 0 late 0 skipped refresh
09-11 11:07:55.551  7770 10540 I WiVRn   : [2026-09-11 11:07:55.551] [WiVRn] [info] render: source->first -94.0 ms | wire 1.4 | queue 0.0 | decode 7.5 | decode->selection 41.4 | selection->predicted 34.4 | sum -9.3 over 181 selected frames (0 invalid)
09-11 11:07:55.807  7770 10637 I WiVRn   : [2026-09-11 11:07:55.807] [WiVRn] [info] Tracking pattern (11111µs):
09-11 11:07:55.807  7770 10637 I WiVRn   : [2026-09-11 11:07:55.807] [WiVRn] [info] 	t+8889µs HEAD (80000µs)
09-11 11:07:55.807  7770 10637 I WiVRn   : [2026-09-11 11:07:55.807] [WiVRn] [info] 	t+8889µs LEFT_GRIP (80000µs)
09-11 11:07:55.807  7770 10637 I WiVRn   : [2026-09-11 11:07:55.807] [WiVRn] [info] 	t+8889µs RIGHT_GRIP (80000µs)
09-11 11:07:55.905  7770 10531 I PxrMetric: FPS=90/90,MTP=33.39ms,AppSW=off,FrmEarly=30,FrmLate=0,FrmCpu=0.64ms,FrmGpu=7.93ms,FrmTime=13.63ms,ATWGPU=3.48ms,VsyncDelay=2,GPU=35%/587Mhz,GPUTemp=77.9C,LayerCnt=1,Pkg=org.meumeu.wivrn.nx.warp,FrmId=1674
09-11 11:07:56.808  7770 10637 I WiVRn   : [2026-09-11 11:07:56.807] [WiVRn] [info] Tracking pattern (11109µs):
09-11 11:07:56.808  7770 10637 I WiVRn   : [2026-09-11 11:07:56.808] [WiVRn] [info] 	t+8875µs HEAD (80000µs)
09-11 11:07:56.808  7770 10637 I WiVRn   : [2026-09-11 11:07:56.808] [WiVRn] [info] 	t+8875µs LEFT_GRIP (80000µs)
09-11 11:07:56.808  7770 10637 I WiVRn   : [2026-09-11 11:07:56.808] [WiVRn] [info] 	t+8875µs RIGHT_GRIP (80000µs)
09-11 11:07:56.915  7770 10531 I PxrMetric: FPS=90/90,MTP=34.09ms,AppSW=off,FrmEarly=30,FrmLate=0,FrmCpu=0.64ms,FrmGpu=8.28ms,FrmTime=13.98ms,ATWGPU=4.76ms,VsyncDelay=2,GPU=85%/587Mhz,GPUTemp=77.1C,LayerCnt=1,Pkg=org.meumeu.wivrn.nx.warp,FrmId=1765
09-11 11:07:57.552  7770 10540 I WiVRn   : [2026-09-11 11:07:57.552] [WiVRn] [info] render: 180 iterations in 2.0 s (90.0/s), 180 submitted a layer, 121 new-source, 0 skipped by the repeat gate, 0 with nothing to show; display period 11.1 ms
09-11 11:07:57.552  7770 10540 I WiVRn   : [2026-09-11 11:07:57.552] [WiVRn] [info] render: ready wait attempts 0 success 0 total 0.000 ms | selected older than available 180
09-11 11:07:57.552  7770 10540 I WiVRn   : [2026-09-11 11:07:57.552] [WiVRn] [info] render: selected source transitions forward 121 backward 0 repeat 59, greatest forward gap 1
09-11 11:07:57.552  7770 10540 I WiVRn   : [2026-09-11 11:07:57.552] [WiVRn] [info] render: this app's own GPU pass 5.8 ms per iteration
09-11 11:07:57.552  7770 10540 I WiVRn   : [2026-09-11 11:07:57.552] [WiVRn] [info] render: defoveate 2688x2688 per eye x2 = 14.45 Mpx/frame at scale 1.00 atlas-prototype 0; 59 re-presented from the cache (reduce_gpu_load on)
09-11 11:07:57.552  7770 10540 I WiVRn   : [2026-09-11 11:07:57.552] [WiVRn] [info] render: shader path sharpness 0.00 fsr false alpha false motion false blend false glow 0.00 vignette 0.00 deband 1.00 lowpoly 0.00 levels 0 full-kernel false
09-11 11:07:57.552  7770 10540 I WiVRn   : [2026-09-11 11:07:57.552] [WiVRn] [info] render: per iteration fence 0.0 (worst 0.0) | queries 0.0 | submit 0.0 | whole render() 0.7 ms
09-11 11:07:57.552  7770 10540 I WiVRn   : [2026-09-11 11:07:57.552] [WiVRn] [info] render: motion fields matched 0 active 0 mean active step 0.000
09-11 11:07:57.552  7770 10540 I WiVRn   : [2026-09-11 11:07:57.552] [WiVRn] [info] render: selection-to-defoveate CPU 0.064 ms mean (max 0.126) over 121 actual defoveate calls; not GPU/photon latency
09-11 11:07:57.552  7770 10540 I WiVRn   : [2026-09-11 11:07:57.552] [WiVRn] [info] render: jit on | wake slack 39.5 ms | slept 5.0 ms mean (max 5.0, 180 of 180 iterations) | budget 8.9 = pass 7.9 + margin 1.0 | sleep cap 5.0 ms
09-11 11:07:57.552  7770 10540 I WiVRn   : [2026-09-11 11:07:57.552] [WiVRn] [info] render: source display-time offset -12.0 ms mean (worst 5.2) over 180 frames | submit lead 33.7 ms mean (worst 32.9) | misses: 0 overrun 0 late 0 skipped refresh
09-11 11:07:57.552  7770 10540 I WiVRn   : [2026-09-11 11:07:57.552] [WiVRn] [info] render: source->first -96.3 ms | wire 1.2 | queue 0.0 | decode 7.3 | decode->selection 41.4 | selection->predicted 34.4 | sum -12.0 over 180 selected frames (0 invalid)
09-11 11:07:57.808  7770 10637 I WiVRn   : [2026-09-11 11:07:57.807] [WiVRn] [info] Tracking pattern (11108µs):
09-11 11:07:57.808  7770 10637 I WiVRn   : [2026-09-11 11:07:57.808] [WiVRn] [info] 	t+8868µs HEAD (80000µs)
09-11 11:07:57.808  7770 10637 I WiVRn   : [2026-09-11 11:07:57.808] [WiVRn] [info] 	t+8868µs LEFT_GRIP (80000µs)
09-11 11:07:57.808  7770 10637 I WiVRn   : [2026-09-11 11:07:57.808] [WiVRn] [info] 	t+8868µs RIGHT_GRIP (80000µs)
09-11 11:07:57.927  7770 10531 I PxrMetric: FPS=90/90,MTP=33.93ms,AppSW=off,FrmEarly=31,FrmLate=0,FrmCpu=0.64ms,FrmGpu=8.24ms,FrmTime=13.94ms,ATWGPU=4.69ms,VsyncDelay=2,GPU=38%/587Mhz,GPUTemp=77.1C,LayerCnt=1,Pkg=org.meumeu.wivrn.nx.warp,FrmId=1856
09-11 11:07:58.529  7770 10604 I WiVRn   : [2026-09-11 11:07:58.529] [WiVRn] [info] frame 1150 was not sent because no shard was received
09-11 11:07:58.535  7770 10604 I WiVRn   : [2026-09-11 11:07:58.535] [WiVRn] [info] frame 1151 was not sent because no shard was received
09-11 11:07:58.545  7770 10604 I WiVRn   : [2026-09-11 11:07:58.545] [WiVRn] [info] frame 1151 was not sent because no shard was received
09-11 11:07:58.550  7770 10604 I WiVRn   : [2026-09-11 11:07:58.550] [WiVRn] [info] frame 1152 was not sent because no shard was received
09-11 11:07:58.808  7770 10637 I WiVRn   : [2026-09-11 11:07:58.808] [WiVRn] [info] Tracking pattern (11109µs):
09-11 11:07:58.808  7770 10637 I WiVRn   : [2026-09-11 11:07:58.808] [WiVRn] [info] 	t+8877µs HEAD (80000µs)
09-11 11:07:58.808  7770 10637 I WiVRn   : [2026-09-11 11:07:58.808] [WiVRn] [info] 	t+8877µs LEFT_GRIP (80000µs)
09-11 11:07:58.808  7770 10637 I WiVRn   : [2026-09-11 11:07:58.808] [WiVRn] [info] 	t+8877µs RIGHT_GRIP (80000µs)
09-11 11:07:58.938  7770 10531 I PxrMetric: FPS=90/90,MTP=33.65ms,AppSW=off,FrmEarly=32,FrmLate=0,FrmCpu=0.64ms,FrmGpu=8.11ms,FrmTime=13.81ms,ATWGPU=4.23ms,VsyncDelay=2,GPU=46%/587Mhz,GPUTemp=77.5C,LayerCnt=1,Pkg=org.meumeu.wivrn.nx.warp,FrmId=1947
09-11 11:07:59.279  7770 10604 I WiVRn   : [2026-09-11 11:07:59.279] [WiVRn] [info] frame 1196 was not sent because no shard was received
09-11 11:07:59.284  7770 10604 I WiVRn   : [2026-09-11 11:07:59.284] [WiVRn] [info] frame 1196 was not sent because no shard was received
09-11 11:07:59.301  7770 10604 I WiVRn   : [2026-09-11 11:07:59.301] [WiVRn] [info] frame 1197 was not sent because no shard was received
09-11 11:07:59.302  7770 10604 I WiVRn   : [2026-09-11 11:07:59.302] [WiVRn] [info] frame 1197 was not sent because no shard was received
09-11 11:07:59.319  7770 10604 I WiVRn   : [2026-09-11 11:07:59.319] [WiVRn] [info] frame 1198 was not sent because no shard was received
09-11 11:07:59.551  7770 10540 I WiVRn   : [2026-09-11 11:07:59.551] [WiVRn] [info] render: 180 iterations in 2.0 s (90.0/s), 180 submitted a layer, 114 new-source, 0 skipped by the repeat gate, 0 with nothing to show; display period 11.1 ms
09-11 11:07:59.551  7770 10540 I WiVRn   : [2026-09-11 11:07:59.551] [WiVRn] [info] render: ready wait attempts 0 success 0 total 0.000 ms | selected older than available 162
09-11 11:07:59.551  7770 10540 I WiVRn   : [2026-09-11 11:07:59.551] [WiVRn] [info] render: selected source transitions forward 114 backward 2 repeat 64, greatest forward gap 5
09-11 11:07:59.551  7770 10540 I WiVRn   : [2026-09-11 11:07:59.551] [WiVRn] [info] render: this app's own GPU pass 5.5 ms per iteration
09-11 11:07:59.551  7770 10540 I WiVRn   : [2026-09-11 11:07:59.551] [WiVRn] [info] render: defoveate 2688x2688 per eye x2 = 14.45 Mpx/frame at scale 1.00 atlas-prototype 0; 64 re-presented from the cache (reduce_gpu_load on)
09-11 11:07:59.551  7770 10540 I WiVRn   : [2026-09-11 11:07:59.551] [WiVRn] [info] render: shader path sharpness 0.00 fsr false alpha false motion false blend false glow 0.00 vignette 0.00 deband 1.00 lowpoly 0.00 levels 0 full-kernel false
09-11 11:07:59.551  7770 10540 I WiVRn   : [2026-09-11 11:07:59.551] [WiVRn] [info] render: per iteration fence 0.0 (worst 0.0) | queries 0.0 | submit 0.0 | whole render() 0.7 ms
09-11 11:07:59.551  7770 10540 I WiVRn   : [2026-09-11 11:07:59.551] [WiVRn] [info] render: motion fields matched 0 active 0 mean active step 0.000
09-11 11:07:59.551  7770 10540 I WiVRn   : [2026-09-11 11:07:59.551] [WiVRn] [info] render: selection-to-defoveate CPU 0.065 ms mean (max 0.124) over 116 actual defoveate calls; not GPU/photon latency
09-11 11:07:59.551  7770 10540 I WiVRn   : [2026-09-11 11:07:59.551] [WiVRn] [info] render: jit on | wake slack 39.0 ms | slept 5.0 ms mean (max 5.0, 180 of 180 iterations) | budget 7.1 = pass 6.1 + margin 1.0 | sleep cap 5.0 ms
09-11 11:07:59.551  7770 10540 I WiVRn   : [2026-09-11 11:07:59.551] [WiVRn] [info] render: source display-time offset -3.2 ms mean (worst 82.9) over 180 frames | submit lead 33.2 ms mean (worst 29.2) | misses: 0 overrun 0 late 0 skipped refresh
09-11 11:07:59.551  7770 10540 I WiVRn   : [2026-09-11 11:07:59.551] [WiVRn] [info] render: source->first -90.0 ms | wire 1.9 | queue 0.0 | decode 8.1 | decode->selection 42.9 | selection->predicted 33.9 | sum -3.2 over 180 selected frames (0 invalid)
09-11 11:07:59.808  7770 10637 I WiVRn   : [2026-09-11 11:07:59.808] [WiVRn] [info] Tracking pattern (11117µs):
09-11 11:07:59.808  7770 10637 I WiVRn   : [2026-09-11 11:07:59.808] [WiVRn] [info] 	t+8940µs HEAD (80000µs)
09-11 11:07:59.808  7770 10637 I WiVRn   : [2026-09-11 11:07:59.808] [WiVRn] [info] 	t+8940µs LEFT_GRIP (80000µs)
09-11 11:07:59.808  7770 10637 I WiVRn   : [2026-09-11 11:07:59.808] [WiVRn] [info] 	t+8940µs RIGHT_GRIP (80000µs)
09-11 11:07:59.938  7770 10531 I PxrMetric: FPS=90/90,MTP=33.79ms,AppSW=off,FrmEarly=31,FrmLate=0,FrmCpu=0.65ms,FrmGpu=8.45ms,FrmTime=14.17ms,ATWGPU=4.25ms,VsyncDelay=2,GPU=86%/587Mhz,GPUTemp=77.5C,LayerCnt=1,Pkg=org.meumeu.wivrn.nx.warp,FrmId=2037
09-11 11:08:00.808  7770 10637 I WiVRn   : [2026-09-11 11:08:00.808] [WiVRn] [info] Tracking pattern (11120µs):
09-11 11:08:00.808  7770 10637 I WiVRn   : [2026-09-11 11:08:00.808] [WiVRn] [info] 	t+8967µs HEAD (80000µs)
09-11 11:08:00.808  7770 10637 I WiVRn   : [2026-09-11 11:08:00.808] [WiVRn] [info] 	t+8967µs LEFT_GRIP (80000µs)
09-11 11:08:00.808  7770 10637 I WiVRn   : [2026-09-11 11:08:00.808] [WiVRn] [info] 	t+8967µs RIGHT_GRIP (80000µs)
09-11 11:08:00.949  7770 10531 I PxrMetric: FPS=90/90,MTP=33.49ms,AppSW=off,FrmEarly=31,FrmLate=0,FrmCpu=0.63ms,FrmGpu=8.24ms,FrmTime=13.94ms,ATWGPU=4.14ms,VsyncDelay=2,GPU=73%/587Mhz,GPUTemp=78.7C,LayerCnt=1,Pkg=org.meumeu.wivrn.nx.warp,FrmId=2128
09-11 11:08:01.552  7770 10540 I WiVRn   : [2026-09-11 11:08:01.552] [WiVRn] [info] render: 180 iterations in 2.0 s (90.0/s), 180 submitted a layer, 119 new-source, 0 skipped by the repeat gate, 0 with nothing to show; display period 11.1 ms
09-11 11:08:01.552  7770 10540 I WiVRn   : [2026-09-11 11:08:01.552] [WiVRn] [info] render: ready wait attempts 0 success 0 total 0.000 ms | selected older than available 180
09-11 11:08:01.552  7770 10540 I WiVRn   : [2026-09-11 11:08:01.552] [WiVRn] [info] render: selected source transitions forward 119 backward 0 repeat 61, greatest forward gap 2
09-11 11:08:01.552  7770 10540 I WiVRn   : [2026-09-11 11:08:01.552] [WiVRn] [info] render: this app's own GPU pass 5.7 ms per iteration
09-11 11:08:01.552  7770 10540 I WiVRn   : [2026-09-11 11:08:01.552] [WiVRn] [info] render: defoveate 2688x2688 per eye x2 = 14.45 Mpx/frame at scale 1.00 atlas-prototype 0; 61 re-presented from the cache (reduce_gpu_load on)
09-11 11:08:01.552  7770 10540 I WiVRn   : [2026-09-11 11:08:01.552] [WiVRn] [info] render: shader path sharpness 0.00 fsr false alpha false motion false blend false glow 0.00 vignette 0.00 deband 1.00 lowpoly 0.00 levels 0 full-kernel false
09-11 11:08:01.552  7770 10540 I WiVRn   : [2026-09-11 11:08:01.552] [WiVRn] [info] render: per iteration fence 0.0 (worst 0.0) | queries 0.0 | submit 0.0 | whole render() 0.7 ms
09-11 11:08:01.552  7770 10540 I WiVRn   : [2026-09-11 11:08:01.552] [WiVRn] [info] render: motion fields matched 0 active 0 mean active step 0.000
09-11 11:08:01.552  7770 10540 I WiVRn   : [2026-09-11 11:08:01.552] [WiVRn] [info] render: selection-to-defoveate CPU 0.064 ms mean (max 0.140) over 119 actual defoveate calls; not GPU/photon latency
09-11 11:08:01.552  7770 10540 I WiVRn   : [2026-09-11 11:08:01.552] [WiVRn] [info] render: jit on | wake slack 39.2 ms | slept 5.0 ms mean (max 5.0, 180 of 180 iterations) | budget 5.3 = pass 4.3 + margin 1.0 | sleep cap 5.0 ms
09-11 11:08:01.552  7770 10540 I WiVRn   : [2026-09-11 11:08:01.552] [WiVRn] [info] render: source display-time offset -12.5 ms mean (worst 0.2) over 180 frames | submit lead 33.5 ms mean (worst 32.4) | misses: 0 overrun 0 late 0 skipped refresh
09-11 11:08:01.552  7770 10540 I WiVRn   : [2026-09-11 11:08:01.552] [WiVRn] [info] render: source->first -96.9 ms | wire 1.4 | queue 0.0 | decode 7.6 | decode->selection 41.2 | selection->predicted 34.1 | sum -12.5 over 180 selected frames (0 invalid)
09-11 11:08:01.808  7770 10637 I WiVRn   : [2026-09-11 11:08:01.808] [WiVRn] [info] Tracking pattern (11109µs):
09-11 11:08:01.808  7770 10637 I WiVRn   : [2026-09-11 11:08:01.808] [WiVRn] [info] 	t+8874µs HEAD (80000µs)
09-11 11:08:01.808  7770 10637 I WiVRn   : [2026-09-11 11:08:01.808] [WiVRn] [info] 	t+8874µs LEFT_GRIP (80000µs)
09-11 11:08:01.808  7770 10637 I WiVRn   : [2026-09-11 11:08:01.808] [WiVRn] [info] 	t+8874µs RIGHT_GRIP (80000µs)
09-11 11:08:01.960  7770 10531 I PxrMetric: FPS=90/90,MTP=33.64ms,AppSW=off,FrmEarly=31,FrmLate=0,FrmCpu=0.63ms,FrmGpu=8.10ms,FrmTime=13.78ms,ATWGPU=3.49ms,VsyncDelay=2,GPU=43%/587Mhz,GPUTemp=77.1C,LayerCnt=1,Pkg=org.meumeu.wivrn.nx.warp,FrmId=2219
09-11 11:08:02.808  7770 10637 I WiVRn   : [2026-09-11 11:08:02.808] [WiVRn] [info] Tracking pattern (11114µs):
09-11 11:08:02.808  7770 10637 I WiVRn   : [2026-09-11 11:08:02.808] [WiVRn] [info] 	t+8914µs HEAD (80000µs)
09-11 11:08:02.808  7770 10637 I WiVRn   : [2026-09-11 11:08:02.808] [WiVRn] [info] 	t+8914µs LEFT_GRIP (80000µs)
09-11 11:08:02.808  7770 10637 I WiVRn   : [2026-09-11 11:08:02.808] [WiVRn] [info] 	t+8914µs RIGHT_GRIP (80000µs)
09-11 11:08:02.960  7770 10531 I PxrMetric: FPS=90/90,MTP=33.58ms,AppSW=off,FrmEarly=30,FrmLate=0,FrmCpu=0.65ms,FrmGpu=8.32ms,FrmTime=14.03ms,ATWGPU=3.76ms,VsyncDelay=2,GPU=69%/587Mhz,GPUTemp=77.5C,LayerCnt=1,Pkg=org.meumeu.wivrn.nx.warp,FrmId=2309
09-11 11:08:03.563  7770 10540 I WiVRn   : [2026-09-11 11:08:03.563] [WiVRn] [info] render: 181 iterations in 2.0 s (90.0/s), 181 submitted a layer, 121 new-source, 0 skipped by the repeat gate, 0 with nothing to show; display period 11.1 ms
09-11 11:08:03.563  7770 10540 I WiVRn   : [2026-09-11 11:08:03.563] [WiVRn] [info] render: ready wait attempts 0 success 0 total 0.000 ms | selected older than available 181
09-11 11:08:03.563  7770 10540 I WiVRn   : [2026-09-11 11:08:03.563] [WiVRn] [info] render: selected source transitions forward 121 backward 0 repeat 60, greatest forward gap 2
09-11 11:08:03.563  7770 10540 I WiVRn   : [2026-09-11 11:08:03.563] [WiVRn] [info] render: this app's own GPU pass 5.8 ms per iteration
09-11 11:08:03.563  7770 10540 I WiVRn   : [2026-09-11 11:08:03.563] [WiVRn] [info] render: defoveate 2688x2688 per eye x2 = 14.45 Mpx/frame at scale 1.00 atlas-prototype 0; 60 re-presented from the cache (reduce_gpu_load on)
09-11 11:08:03.563  7770 10540 I WiVRn   : [2026-09-11 11:08:03.563] [WiVRn] [info] render: shader path sharpness 0.00 fsr false alpha false motion false blend false glow 0.00 vignette 0.00 deband 1.00 lowpoly 0.00 levels 0 full-kernel false
09-11 11:08:03.563  7770 10540 I WiVRn   : [2026-09-11 11:08:03.563] [WiVRn] [info] render: per iteration fence 0.0 (worst 0.0) | queries 0.0 | submit 0.0 | whole render() 0.7 ms
09-11 11:08:03.563  7770 10540 I WiVRn   : [2026-09-11 11:08:03.563] [WiVRn] [info] render: motion fields matched 0 active 0 mean active step 0.000
09-11 11:08:03.563  7770 10540 I WiVRn   : [2026-09-11 11:08:03.563] [WiVRn] [info] render: selection-to-defoveate CPU 0.063 ms mean (max 0.121) over 121 actual defoveate calls; not GPU/photon latency
09-11 11:08:03.563  7770 10540 I WiVRn   : [2026-09-11 11:08:03.563] [WiVRn] [info] render: jit on | wake slack 39.2 ms | slept 5.0 ms mean (max 5.0, 181 of 181 iterations) | budget 3.5 = pass 2.5 + margin 1.0 | sleep cap 5.0 ms
09-11 11:08:03.563  7770 10540 I WiVRn   : [2026-09-11 11:08:03.563] [WiVRn] [info] render: source display-time offset -9.4 ms mean (worst 5.4) over 181 frames | submit lead 33.5 ms mean (worst 32.9) | misses: 0 overrun 0 late 0 skipped refresh
09-11 11:08:03.563  7770 10540 I WiVRn   : [2026-09-11 11:08:03.563] [WiVRn] [info] render: source->first -93.3 ms | wire 1.0 | queue 0.0 | decode 7.3 | decode->selection 41.5 | selection->predicted 34.1 | sum -9.4 over 181 selected frames (0 invalid)
09-11 11:08:03.808  7770 10637 I WiVRn   : [2026-09-11 11:08:03.808] [WiVRn] [info] Tracking pattern (11109µs):
09-11 11:08:03.808  7770 10637 I WiVRn   : [2026-09-11 11:08:03.808] [WiVRn] [info] 	t+8873µs HEAD (80000µs)
09-11 11:08:03.808  7770 10637 I WiVRn   : [2026-09-11 11:08:03.808] [WiVRn] [info] 	t+8873µs LEFT_GRIP (80000µs)
09-11 11:08:03.808  7770 10637 I WiVRn   : [2026-09-11 11:08:03.808] [WiVRn] [info] 	t+8873µs RIGHT_GRIP (80000µs)
09-11 11:08:03.973  7770 10531 I PxrMetric: FPS=90/90,MTP=33.74ms,AppSW=off,FrmEarly=30,FrmLate=0,FrmCpu=0.65ms,FrmGpu=8.42ms,FrmTime=14.13ms,ATWGPU=4.29ms,VsyncDelay=2,GPU=71%/587Mhz,GPUTemp=77.5C,LayerCnt=1,Pkg=org.meumeu.wivrn.nx.warp,FrmId=2400
09-11 11:08:04.808  7770 10637 I WiVRn   : [2026-09-11 11:08:04.808] [WiVRn] [info] Tracking pattern (11111µs):
09-11 11:08:04.808  7770 10637 I WiVRn   : [2026-09-11 11:08:04.808] [WiVRn] [info] 	t+8893µs HEAD (80000µs)
09-11 11:08:04.808  7770 10637 I WiVRn   : [2026-09-11 11:08:04.808] [WiVRn] [info] 	t+8893µs LEFT_GRIP (80000µs)
09-11 11:08:04.808  7770 10637 I WiVRn   : [2026-09-11 11:08:04.808] [WiVRn] [info] 	t+8893µs RIGHT_GRIP (80000µs)
09-11 11:08:04.982  7770 10531 I PxrMetric: FPS=90/90,MTP=33.74ms,AppSW=off,FrmEarly=31,FrmLate=0,FrmCpu=0.62ms,FrmGpu=8.07ms,FrmTime=13.75ms,ATWGPU=4.06ms,VsyncDelay=2,GPU=78%/587Mhz,GPUTemp=77.1C,LayerCnt=1,Pkg=org.meumeu.wivrn.nx.warp,FrmId=2491
09-11 11:08:05.563  7770 10540 I WiVRn   : [2026-09-11 11:08:05.563] [WiVRn] [info] render: 180 iterations in 2.0 s (90.0/s), 180 submitted a layer, 119 new-source, 0 skipped by the repeat gate, 0 with nothing to show; display period 11.1 ms
09-11 11:08:05.563  7770 10540 I WiVRn   : [2026-09-11 11:08:05.563] [WiVRn] [info] render: ready wait attempts 0 success 0 total 0.000 ms | selected older than available 180
09-11 11:08:05.563  7770 10540 I WiVRn   : [2026-09-11 11:08:05.563] [WiVRn] [info] render: selected source transitions forward 119 backward 0 repeat 61, greatest forward gap 1
09-11 11:08:05.563  7770 10540 I WiVRn   : [2026-09-11 11:08:05.563] [WiVRn] [info] render: this app's own GPU pass 5.7 ms per iteration
09-11 11:08:05.563  7770 10540 I WiVRn   : [2026-09-11 11:08:05.563] [WiVRn] [info] render: defoveate 2688x2688 per eye x2 = 14.45 Mpx/frame at scale 1.00 atlas-prototype 0; 61 re-presented from the cache (reduce_gpu_load on)
09-11 11:08:05.563  7770 10540 I WiVRn   : [2026-09-11 11:08:05.563] [WiVRn] [info] render: shader path sharpness 0.00 fsr false alpha false motion false blend false glow 0.00 vignette 0.00 deband 1.00 lowpoly 0.00 levels 0 full-kernel false
09-11 11:08:05.563  7770 10540 I WiVRn   : [2026-09-11 11:08:05.563] [WiVRn] [info] render: per iteration fence 0.0 (worst 0.0) | queries 0.0 | submit 0.0 | whole render() 0.7 ms
09-11 11:08:05.563  7770 10540 I WiVRn   : [2026-09-11 11:08:05.563] [WiVRn] [info] render: motion fields matched 0 active 0 mean active step 0.000
09-11 11:08:05.563  7770 10540 I WiVRn   : [2026-09-11 11:08:05.563] [WiVRn] [info] render: selection-to-defoveate CPU 0.062 ms mean (max 0.139) over 119 actual defoveate calls; not GPU/photon latency
09-11 11:08:05.563  7770 10540 I WiVRn   : [2026-09-11 11:08:05.563] [WiVRn] [info] render: jit on | wake slack 39.3 ms | slept 5.0 ms mean (max 5.0, 180 of 180 iterations) | budget 2.0 = pass 1.0 + margin 1.0 | sleep cap 5.0 ms
09-11 11:08:05.563  7770 10540 I WiVRn   : [2026-09-11 11:08:05.563] [WiVRn] [info] render: source display-time offset -9.2 ms mean (worst 5.1) over 180 frames | submit lead 33.5 ms mean (worst 32.3) | misses: 0 overrun 0 late 0 skipped refresh
09-11 11:08:05.563  7770 10540 I WiVRn   : [2026-09-11 11:08:05.563] [WiVRn] [info] render: source->first -93.0 ms | wire 0.8 | queue 0.0 | decode 7.2 | decode->selection 41.5 | selection->predicted 34.2 | sum -9.2 over 180 selected frames (0 invalid)
09-11 11:08:05.808  7770 10637 I WiVRn   : [2026-09-11 11:08:05.808] [WiVRn] [info] Tracking pattern (11115µs):
09-11 11:08:05.808  7770 10637 I WiVRn   : [2026-09-11 11:08:05.808] [WiVRn] [info] 	t+8926µs HEAD (80000µs)
09-11 11:08:05.808  7770 10637 I WiVRn   : [2026-09-11 11:08:05.808] [WiVRn] [info] 	t+8926µs LEFT_GRIP (80000µs)
09-11 11:08:05.808  7770 10637 I WiVRn   : [2026-09-11 11:08:05.808] [WiVRn] [info] 	t+8926µs RIGHT_GRIP (80000µs)
09-11 11:08:05.982  7770 10531 I PxrMetric: FPS=90/90,MTP=33.66ms,AppSW=off,FrmEarly=30,FrmLate=0,FrmCpu=0.63ms,FrmGpu=8.07ms,FrmTime=13.75ms,ATWGPU=3.90ms,VsyncDelay=2,GPU=72%/587Mhz,GPUTemp=77.5C,LayerCnt=1,Pkg=org.meumeu.wivrn.nx.warp,FrmId=2581
09-11 11:08:06.808  7770 10637 I WiVRn   : [2026-09-11 11:08:06.808] [WiVRn] [info] Tracking pattern (11111µs):
09-11 11:08:06.808  7770 10637 I WiVRn   : [2026-09-11 11:08:06.808] [WiVRn] [info] 	t+8894µs HEAD (80000µs)
09-11 11:08:06.808  7770 10637 I WiVRn   : [2026-09-11 11:08:06.808] [WiVRn] [info] 	t+8894µs LEFT_GRIP (80000µs)
09-11 11:08:06.808  7770 10637 I WiVRn   : [2026-09-11 11:08:06.808] [WiVRn] [info] 	t+8894µs RIGHT_GRIP (80000µs)
09-11 11:08:06.982  7770 10531 I PxrMetric: FPS=90/90,MTP=33.30ms,AppSW=off,FrmEarly=30,FrmLate=0,FrmCpu=0.65ms,FrmGpu=8.28ms,FrmTime=13.99ms,ATWGPU=4.05ms,VsyncDelay=2,GPU=95%/587Mhz,GPUTemp=77.1C,LayerCnt=1,Pkg=org.meumeu.wivrn.nx.warp,FrmId=2671
09-11 11:08:07.564  7770 10540 I WiVRn   : [2026-09-11 11:08:07.564] [WiVRn] [info] render: 180 iterations in 2.0 s (90.0/s), 180 submitted a layer, 120 new-source, 0 skipped by the repeat gate, 0 with nothing to show; display period 11.1 ms
09-11 11:08:07.564  7770 10540 I WiVRn   : [2026-09-11 11:08:07.564] [WiVRn] [info] render: ready wait attempts 0 success 0 total 0.000 ms | selected older than available 180
09-11 11:08:07.564  7770 10540 I WiVRn   : [2026-09-11 11:08:07.564] [WiVRn] [info] render: selected source transitions forward 120 backward 0 repeat 60, greatest forward gap 2
09-11 11:08:07.564  7770 10540 I WiVRn   : [2026-09-11 11:08:07.564] [WiVRn] [info] render: this app's own GPU pass 5.7 ms per iteration
09-11 11:08:07.564  7770 10540 I WiVRn   : [2026-09-11 11:08:07.564] [WiVRn] [info] render: defoveate 2688x2688 per eye x2 = 14.45 Mpx/frame at scale 1.00 atlas-prototype 0; 60 re-presented from the cache (reduce_gpu_load on)
09-11 11:08:07.564  7770 10540 I WiVRn   : [2026-09-11 11:08:07.564] [WiVRn] [info] render: shader path sharpness 0.00 fsr false alpha false motion false blend false glow 0.00 vignette 0.00 deband 1.00 lowpoly 0.00 levels 0 full-kernel false
09-11 11:08:07.564  7770 10540 I WiVRn   : [2026-09-11 11:08:07.564] [WiVRn] [info] render: per iteration fence 0.0 (worst 0.0) | queries 0.0 | submit 0.0 | whole render() 0.7 ms
09-11 11:08:07.564  7770 10540 I WiVRn   : [2026-09-11 11:08:07.564] [WiVRn] [info] render: motion fields matched 0 active 0 mean active step 0.000
09-11 11:08:07.564  7770 10540 I WiVRn   : [2026-09-11 11:08:07.564] [WiVRn] [info] render: selection-to-defoveate CPU 0.063 ms mean (max 0.109) over 120 actual defoveate calls; not GPU/photon latency
09-11 11:08:07.564  7770 10540 I WiVRn   : [2026-09-11 11:08:07.564] [WiVRn] [info] render: jit on | wake slack 39.2 ms | slept 5.0 ms mean (max 5.0, 180 of 180 iterations) | budget 2.1 = pass 1.1 + margin 1.0 | sleep cap 5.0 ms
09-11 11:08:07.564  7770 10540 I WiVRn   : [2026-09-11 11:08:07.564] [WiVRn] [info] render: source display-time offset -12.4 ms mean (worst 0.4) over 180 frames | submit lead 33.4 ms mean (worst 32.6) | misses: 0 overrun 0 late 0 skipped refresh
09-11 11:08:07.564  7770 10540 I WiVRn   : [2026-09-11 11:08:07.564] [WiVRn] [info] render: source->first -96.7 ms | wire 1.2 | queue 0.0 | decode 7.3 | decode->selection 41.7 | selection->predicted 34.1 | sum -12.4 over 180 selected frames (0 invalid)
09-11 11:08:07.808  7770 10637 I WiVRn   : [2026-09-11 11:08:07.808] [WiVRn] [info] Tracking pattern (11109µs):
09-11 11:08:07.808  7770 10637 I WiVRn   : [2026-09-11 11:08:07.808] [WiVRn] [info] 	t+8874µs HEAD (80000µs)
09-11 11:08:07.808  7770 10637 I WiVRn   : [2026-09-11 11:08:07.808] [WiVRn] [info] 	t+8874µs LEFT_GRIP (80000µs)
09-11 11:08:07.808  7770 10637 I WiVRn   : [2026-09-11 11:08:07.808] [WiVRn] [info] 	t+8874µs RIGHT_GRIP (80000µs)
09-11 11:08:07.994  7770 10531 I PxrMetric: FPS=90/90,MTP=33.43ms,AppSW=off,FrmEarly=31,FrmLate=0,FrmCpu=0.65ms,FrmGpu=8.22ms,FrmTime=13.93ms,ATWGPU=3.97ms,VsyncDelay=2,GPU=84%/587Mhz,GPUTemp=77.1C,LayerCnt=1,Pkg=org.meumeu.wivrn.nx.warp,FrmId=2762
09-11 11:08:08.808  7770 10637 I WiVRn   : [2026-09-11 11:08:08.808] [WiVRn] [info] Tracking pattern (11111µs):
09-11 11:08:08.808  7770 10637 I WiVRn   : [2026-09-11 11:08:08.808] [WiVRn] [info] 	t+8888µs HEAD (80000µs)
09-11 11:08:08.808  7770 10637 I WiVRn   : [2026-09-11 11:08:08.808] [WiVRn] [info] 	t+8888µs LEFT_GRIP (80000µs)
09-11 11:08:08.808  7770 10637 I WiVRn   : [2026-09-11 11:08:08.808] [WiVRn] [info] 	t+8888µs RIGHT_GRIP (80000µs)
09-11 11:08:08.994  7770 10531 I PxrMetric: FPS=90/90,MTP=33.39ms,AppSW=off,FrmEarly=30,FrmLate=0,FrmCpu=0.65ms,FrmGpu=8.26ms,FrmTime=13.97ms,ATWGPU=3.72ms,VsyncDelay=2,GPU=83%/587Mhz,GPUTemp=76.8C,LayerCnt=1,Pkg=org.meumeu.wivrn.nx.warp,FrmId=2852
