--------- beginning of main
--------- beginning of system
09-11 11:06:28.376  4399  9789 I WiVRn   : [2026-09-11 11:06:28.376] [WiVRn] [info] Starting WiVRn version nx-1.4.1-271-g87f2e9bb (87f2e9bb39dd671236c969c64476ac0c527c2a1d)
09-11 11:06:28.376  4399  9789 I WiVRn   : [2026-09-11 11:06:28.376] [WiVRn] [info] Started with intent wivrn://192.168.1.2
09-11 11:06:28.378  4399  9789 I WiVRn   : [2026-09-11 11:06:28.378] [WiVRn] [info] Guessing HMD model from:
09-11 11:06:28.378  4399  9789 I WiVRn   : [2026-09-11 11:06:28.378] [WiVRn] [info]     ro.product.device = "PICOA8110":
09-11 11:06:28.378  4399  9789 I WiVRn   : [2026-09-11 11:06:28.378] [WiVRn] [info]     ro.product.manufacturer = "Pico":
09-11 11:06:28.378  4399  9789 I WiVRn   : [2026-09-11 11:06:28.378] [WiVRn] [info]     ro.product.model = "A8110":
09-11 11:06:28.378  4399  9789 I WiVRn   : [2026-09-11 11:06:28.378] [WiVRn] [info]     pxr.vendorhw.product.model = "PICO 4":
09-11 11:06:28.378  4399  9789 I WiVRn   : [2026-09-11 11:06:28.378] [WiVRn] [info] HMD traits initialized
09-11 11:06:28.378  4399  9789 I WiVRn   : [2026-09-11 11:06:28.378] [WiVRn] [info] 	controller_profile: pico-4
09-11 11:06:28.378  4399  9789 I WiVRn   : [2026-09-11 11:06:28.378] [WiVRn] [info] 	controller_ray_model: assets://ray.glb
09-11 11:06:28.378  4399  9789 I WiVRn   : [2026-09-11 11:06:28.378] [WiVRn] [info] 	max_openxr_api_version: 1.1.58
09-11 11:06:28.378  4399  9789 I WiVRn   : [2026-09-11 11:06:28.378] [WiVRn] [info] 	panel_width_override: 2160
09-11 11:06:28.378  4399  9789 I WiVRn   : [2026-09-11 11:06:28.378] [WiVRn] [info] 	needs_srgb_conversion: true
09-11 11:06:28.378  4399  9789 I WiVRn   : [2026-09-11 11:06:28.378] [WiVRn] [info] 	nxwarp_atlas_speed: true
09-11 11:06:28.378  4399  9789 I WiVRn   : [2026-09-11 11:06:28.378] [WiVRn] [info] 	view_locate: false
09-11 11:06:28.378  4399  9789 I WiVRn   : [2026-09-11 11:06:28.378] [WiVRn] [info] 	vk_debug_ext_allowed: true
09-11 11:06:28.378  4399  9789 I WiVRn   : [2026-09-11 11:06:28.378] [WiVRn] [info] 	bind_simple_controller: true
09-11 11:06:28.378  4399  9789 I WiVRn   : [2026-09-11 11:06:28.378] [WiVRn] [info] 	hand_interaction_grip_surface: true
09-11 11:06:28.378  4399  9789 I WiVRn   : [2026-09-11 11:06:28.378] [WiVRn] [info] 	pico_face_tracker: false
09-11 11:06:28.378  4399  9789 I WiVRn   : [2026-09-11 11:06:28.378] [WiVRn] [info] 	discard_frame: false
09-11 11:06:28.392  4399  9789 I WiVRn   : [2026-09-11 11:06:28.392] [WiVRn] [info] Available OpenXR layers:
09-11 11:06:28.392  4399  9789 I WiVRn   : [2026-09-11 11:06:28.392] [WiVRn] [info] Available OpenXR extensions:
09-11 11:06:28.394  4399  9789 I WiVRn   : [2026-09-11 11:06:28.394] [WiVRn] [info]     XR_BD_body_tracking (version 1)
09-11 11:06:28.394  4399  9789 I WiVRn   : [2026-09-11 11:06:28.394] [WiVRn] [info]     XR_BD_controller_interaction (version 1)
09-11 11:06:28.394  4399  9789 I WiVRn   : [2026-09-11 11:06:28.394] [WiVRn] [info]     XR_EPIC_view_configuration_fov (version 2)
09-11 11:06:28.394  4399  9789 I WiVRn   : [2026-09-11 11:06:28.394] [WiVRn] [info]     XR_EXTX_overlay (version 5)
09-11 11:06:28.394  4399  9789 I WiVRn   : [2026-09-11 11:06:28.394] [WiVRn] [info]     XR_EXT_active_action_set_priority (version 1)
09-11 11:06:28.394  4399  9789 I WiVRn   : [2026-09-11 11:06:28.394] [WiVRn] [info]     XR_EXT_composition_layer_inverted_alpha (version 1)
09-11 11:06:28.394  4399  9789 I WiVRn   : [2026-09-11 11:06:28.394] [WiVRn] [info]     XR_EXT_debug_utils (version 5)
09-11 11:06:28.394  4399  9789 I WiVRn   : [2026-09-11 11:06:28.394] [WiVRn] [info]     XR_EXT_eye_gaze_interaction (version 2)
09-11 11:06:28.394  4399  9789 I WiVRn   : [2026-09-11 11:06:28.394] [WiVRn] [info]     XR_EXT_frame_synthesis (version 1)
09-11 11:06:28.394  4399  9789 I WiVRn   : [2026-09-11 11:06:28.394] [WiVRn] [info]     XR_EXT_hand_interaction (version 1)
09-11 11:06:28.394  4399  9789 I WiVRn   : [2026-09-11 11:06:28.394] [WiVRn] [info]     XR_EXT_hand_tracking (version 4)
09-11 11:06:28.394  4399  9789 I WiVRn   : [2026-09-11 11:06:28.394] [WiVRn] [info]     XR_EXT_local_floor (version 1)
09-11 11:06:28.394  4399  9789 I WiVRn   : [2026-09-11 11:06:28.394] [WiVRn] [info]     XR_EXT_palm_pose (version 3)
09-11 11:06:28.394  4399  9789 I WiVRn   : [2026-09-11 11:06:28.394] [WiVRn] [info]     XR_EXT_performance_settings (version 4)
09-11 11:06:28.394  4399  9789 I WiVRn   : [2026-09-11 11:06:28.394] [WiVRn] [info]     XR_EXT_user_presence (version 1)
09-11 11:06:28.394  4399  9789 I WiVRn   : [2026-09-11 11:06:28.394] [WiVRn] [info]     XR_EXT_uuid (version 1)
09-11 11:06:28.394  4399  9789 I WiVRn   : [2026-09-11 11:06:28.394] [WiVRn] [info]     XR_EXT_view_configuration_depth_range (version 1)
09-11 11:06:28.394  4399  9789 I WiVRn   : [2026-09-11 11:06:28.394] [WiVRn] [info]     XR_FB_composition_layer_alpha_blend (version 3)
09-11 11:06:28.394  4399  9789 I WiVRn   : [2026-09-11 11:06:28.394] [WiVRn] [info]     XR_FB_composition_layer_image_layout (version 1)
09-11 11:06:28.394  4399  9789 I WiVRn   : [2026-09-11 11:06:28.394] [WiVRn] [info]     XR_FB_composition_layer_secure_content (version 1)
09-11 11:06:28.394  4399  9789 I WiVRn   : [2026-09-11 11:06:28.394] [WiVRn] [info]     XR_FB_composition_layer_settings (version 1)
09-11 11:06:28.394  4399  9789 I WiVRn   : [2026-09-11 11:06:28.394] [WiVRn] [info]     XR_FB_display_refresh_rate (version 1)
09-11 11:06:28.394  4399  9789 I WiVRn   : [2026-09-11 11:06:28.394] [WiVRn] [info]     XR_FB_foveation (version 1)
09-11 11:06:28.394  4399  9789 I WiVRn   : [2026-09-11 11:06:28.394] [WiVRn] [info]     XR_FB_foveation_configuration (version 1)
09-11 11:06:28.394  4399  9789 I WiVRn   : [2026-09-11 11:06:28.394] [WiVRn] [info]     XR_FB_foveation_vulkan (version 1)
09-11 11:06:28.394  4399  9789 I WiVRn   : [2026-09-11 11:06:28.394] [WiVRn] [info]     XR_FB_passthrough (version 4)
09-11 11:06:28.394  4399  9789 I WiVRn   : [2026-09-11 11:06:28.394] [WiVRn] [info]     XR_FB_space_warp (version 2)
09-11 11:06:28.394  4399  9789 I WiVRn   : [2026-09-11 11:06:28.394] [WiVRn] [info]     XR_FB_swapchain_update_state (version 3)
09-11 11:06:28.394  4399  9789 I WiVRn   : [2026-09-11 11:06:28.394] [WiVRn] [info]     XR_FB_swapchain_update_state_android_surface (version 1)
09-11 11:06:28.394  4399  9789 I WiVRn   : [2026-09-11 11:06:28.394] [WiVRn] [info]     XR_FB_swapchain_update_state_opengl_es (version 1)
09-11 11:06:28.394  4399  9789 I WiVRn   : [2026-09-11 11:06:28.394] [WiVRn] [info]     XR_FB_swapchain_update_state_vulkan (version 1)
09-11 11:06:28.394  4399  9789 I WiVRn   : [2026-09-11 11:06:28.394] [WiVRn] [info]     XR_FB_triangle_mesh (version 2)
09-11 11:06:28.394  4399  9789 I WiVRn   : [2026-09-11 11:06:28.394] [WiVRn] [info]     XR_KHR_android_create_instance (version 3)
09-11 11:06:28.394  4399  9789 I WiVRn   : [2026-09-11 11:06:28.394] [WiVRn] [info]     XR_KHR_android_surface_swapchain (version 4)
09-11 11:06:28.394  4399  9789 I WiVRn   : [2026-09-11 11:06:28.394] [WiVRn] [info]     XR_KHR_android_thread_settings (version 6)
09-11 11:06:28.394  4399  9789 I WiVRn   : [2026-09-11 11:06:28.394] [WiVRn] [info]     XR_KHR_composition_layer_color_scale_bias (version 5)
09-11 11:06:28.394  4399  9789 I WiVRn   : [2026-09-11 11:06:28.394] [WiVRn] [info]     XR_KHR_composition_layer_cube (version 8)
09-11 11:06:28.394  4399  9789 I WiVRn   : [2026-09-11 11:06:28.394] [WiVRn] [info]     XR_KHR_composition_layer_cylinder (version 4)
09-11 11:06:28.394  4399  9789 I WiVRn   : [2026-09-11 11:06:28.394] [WiVRn] [info]     XR_KHR_composition_layer_depth (version 6)
09-11 11:06:28.394  4399  9789 I WiVRn   : [2026-09-11 11:06:28.394] [WiVRn] [info]     XR_KHR_composition_layer_equirect (version 3)
09-11 11:06:28.394  4399  9789 I WiVRn   : [2026-09-11 11:06:28.394] [WiVRn] [info]     XR_KHR_composition_layer_equirect2 (version 1)
09-11 11:06:28.394  4399  9789 I WiVRn   : [2026-09-11 11:06:28.394] [WiVRn] [info]     XR_KHR_convert_timespec_time (version 1)
09-11 11:06:28.394  4399  9789 I WiVRn   : [2026-09-11 11:06:28.394] [WiVRn] [info]     XR_KHR_loader_init (version 2)
09-11 11:06:28.394  4399  9789 I WiVRn   : [2026-09-11 11:06:28.394] [WiVRn] [info]     XR_KHR_loader_init_android (version 1)
09-11 11:06:28.394  4399  9789 I WiVRn   : [2026-09-11 11:06:28.394] [WiVRn] [info]     XR_KHR_locate_spaces (version 1)
09-11 11:06:28.394  4399  9789 I WiVRn   : [2026-09-11 11:06:28.394] [WiVRn] [info]     XR_KHR_maintenance1 (version 1)
09-11 11:06:28.394  4399  9789 I WiVRn   : [2026-09-11 11:06:28.394] [WiVRn] [info]     XR_KHR_opengl_es_enable (version 8)
09-11 11:06:28.394  4399  9789 I WiVRn   : [2026-09-11 11:06:28.394] [WiVRn] [info]     XR_KHR_vulkan_enable (version 8)
09-11 11:06:28.394  4399  9789 I WiVRn   : [2026-09-11 11:06:28.394] [WiVRn] [info]     XR_KHR_vulkan_enable2 (version 2)
09-11 11:06:28.394  4399  9789 I WiVRn   : [2026-09-11 11:06:28.394] [WiVRn] [info]     XR_KHR_vulkan_swapchain_format_list (version 5)
09-11 11:06:28.394  4399  9789 I WiVRn   : [2026-09-11 11:06:28.394] [WiVRn] [info]     XR_META_foveation_eye_tracked (version 1)
09-11 11:06:28.394  4399  9789 I WiVRn   : [2026-09-11 11:06:28.394] [WiVRn] [info]     XR_META_vulkan_swapchain_create_info (version 1)
09-11 11:06:28.394  4399  9789 I WiVRn   : [2026-09-11 11:06:28.394] [WiVRn] [info]     XR_MND_headless (version 2)
09-11 11:06:28.394  4399  9789 I WiVRn   : [2026-09-11 11:06:28.394] [WiVRn] [info]     XR_MSFT_composition_layer_reprojection (version 1)
09-11 11:06:28.394  4399  9789 I WiVRn   : [2026-09-11 11:06:28.394] [WiVRn] [info] Performance APIs: XR_EXT_performance_settings = available, vendor power/performance extensions = none
09-11 11:06:28.476  4399  4399 I WiVRn   : [2026-09-11 11:06:28.475] [WiVRn] [info] [pointer_capture] requestPointerCapture() invoked successfully
09-11 11:06:28.554  4399  9789 I WiVRn   : [2026-09-11 11:06:28.554] [WiVRn] [info] Using OpenXR extensions:
09-11 11:06:28.554  4399  9789 I WiVRn   : [2026-09-11 11:06:28.554] [WiVRn] [info]     XR_KHR_convert_timespec_time
09-11 11:06:28.554  4399  9789 I WiVRn   : [2026-09-11 11:06:28.554] [WiVRn] [info]     XR_BD_body_tracking
09-11 11:06:28.554  4399  9789 I WiVRn   : [2026-09-11 11:06:28.554] [WiVRn] [info]     XR_BD_controller_interaction
09-11 11:06:28.554  4399  9789 I WiVRn   : [2026-09-11 11:06:28.554] [WiVRn] [info]     XR_EXT_eye_gaze_interaction
09-11 11:06:28.554  4399  9789 I WiVRn   : [2026-09-11 11:06:28.554] [WiVRn] [info]     XR_EXT_hand_interaction
09-11 11:06:28.554  4399  9789 I WiVRn   : [2026-09-11 11:06:28.554] [WiVRn] [info]     XR_EXT_hand_tracking
09-11 11:06:28.554  4399  9789 I WiVRn   : [2026-09-11 11:06:28.554] [WiVRn] [info]     XR_EXT_performance_settings
09-11 11:06:28.554  4399  9789 I WiVRn   : [2026-09-11 11:06:28.554] [WiVRn] [info]     XR_EXT_user_presence
09-11 11:06:28.554  4399  9789 I WiVRn   : [2026-09-11 11:06:28.554] [WiVRn] [info]     XR_FB_composition_layer_settings
09-11 11:06:28.554  4399  9789 I WiVRn   : [2026-09-11 11:06:28.554] [WiVRn] [info]     XR_FB_display_refresh_rate
09-11 11:06:28.554  4399  9789 I WiVRn   : [2026-09-11 11:06:28.554] [WiVRn] [info]     XR_FB_passthrough
09-11 11:06:28.554  4399  9789 I WiVRn   : [2026-09-11 11:06:28.554] [WiVRn] [info]     XR_FB_swapchain_update_state
09-11 11:06:28.554  4399  9789 I WiVRn   : [2026-09-11 11:06:28.554] [WiVRn] [info]     XR_KHR_composition_layer_color_scale_bias
09-11 11:06:28.554  4399  9789 I WiVRn   : [2026-09-11 11:06:28.554] [WiVRn] [info]     XR_KHR_composition_layer_depth
09-11 11:06:28.554  4399  9789 I WiVRn   : [2026-09-11 11:06:28.554] [WiVRn] [info]     XR_KHR_vulkan_swapchain_format_list
09-11 11:06:28.554  4399  9789 I WiVRn   : [2026-09-11 11:06:28.554] [WiVRn] [info]     XR_EXT_palm_pose
09-11 11:06:28.554  4399  9789 I WiVRn   : [2026-09-11 11:06:28.554] [WiVRn] [info]     XR_KHR_locate_spaces
09-11 11:06:28.554  4399  9789 I WiVRn   : [2026-09-11 11:06:28.554] [WiVRn] [info]     XR_KHR_vulkan_enable2
09-11 11:06:28.554  4399  9789 I WiVRn   : [2026-09-11 11:06:28.554] [WiVRn] [info]     XR_KHR_android_create_instance
09-11 11:06:28.554  4399  9789 I WiVRn   : [2026-09-11 11:06:28.554] [WiVRn] [info]     XR_ML_ml2_controller_interaction
09-11 11:06:28.554  4399  9789 I WiVRn   : [2026-09-11 11:06:28.554] [WiVRn] [info]     XR_HTC_vive_cosmos_controller_interaction
09-11 11:06:28.554  4399  9789 I WiVRn   : [2026-09-11 11:06:28.554] [WiVRn] [info]     XR_EXT_uuid
09-11 11:06:28.554  4399  9789 I WiVRn   : [2026-09-11 11:06:28.554] [WiVRn] [info]     XR_EXT_local_floor
09-11 11:06:28.554  4399  9789 I WiVRn   : [2026-09-11 11:06:28.554] [WiVRn] [info]     XR_KHR_locate_spaces
09-11 11:06:28.554  4399  9789 I WiVRn   : [2026-09-11 11:06:28.554] [WiVRn] [info]     XR_EXT_samsung_odyssey_controller
09-11 11:06:28.554  4399  9789 I WiVRn   : [2026-09-11 11:06:28.554] [WiVRn] [info]     XR_EXT_palm_pose
09-11 11:06:28.554  4399  9789 I WiVRn   : [2026-09-11 11:06:28.554] [WiVRn] [info]     XR_HTC_vive_focus3_controller_interaction
09-11 11:06:28.554  4399  9789 I WiVRn   : [2026-09-11 11:06:28.554] [WiVRn] [info]     XR_EXT_hp_mixed_reality_controller
09-11 11:06:28.554  4399  9789 I WiVRn   : [2026-09-11 11:06:28.554] [WiVRn] [info]     XR_KHR_maintenance1
09-11 11:06:28.554  4399  9789 I WiVRn   : [2026-09-11 11:06:28.554] [WiVRn] [info]     XR_VARJO_quad_views
09-11 11:06:28.554  4399  9789 I WiVRn   : [2026-09-11 11:06:28.554] [WiVRn] [info]     XR_BD_controller_interaction
09-11 11:06:28.554  4399  9789 I WiVRn   : [2026-09-11 11:06:28.554] [WiVRn] [info] Created OpenXR instance, runtime Pico(XRT) by Pico et al '99d719953', version 3.0.1, API version 1.1.58
09-11 11:06:28.571  4399  9789 I WiVRn   : [2026-09-11 11:06:28.571] [WiVRn] [info] Created OpenXR system for form factor XR_FORM_FACTOR_HEAD_MOUNTED_DISPLAY
09-11 11:06:28.571  4399  9789 I WiVRn   : [2026-09-11 11:06:28.571] [WiVRn] [info] OpenXR system properties:
09-11 11:06:28.571  4399  9789 I WiVRn   : [2026-09-11 11:06:28.571] [WiVRn] [info]     Vendor ID: 0x2a
09-11 11:06:28.571  4399  9789 I WiVRn   : [2026-09-11 11:06:28.571] [WiVRn] [info]     System name: PICO 4 HMD
09-11 11:06:28.571  4399  9789 I WiVRn   : [2026-09-11 11:06:28.571] [WiVRn] [info]     Graphics properties:
09-11 11:06:28.571  4399  9789 I WiVRn   : [2026-09-11 11:06:28.571] [WiVRn] [info]         Maximum swapchain image size: 16384x16384
09-11 11:06:28.571  4399  9789 I WiVRn   : [2026-09-11 11:06:28.571] [WiVRn] [info]         Maximum layer count: 16
09-11 11:06:28.571  4399  9789 I WiVRn   : [2026-09-11 11:06:28.571] [WiVRn] [info]     Tracking properties:
09-11 11:06:28.571  4399  9789 I WiVRn   : [2026-09-11 11:06:28.571] [WiVRn] [info]         Orientation tracking: true
09-11 11:06:28.571  4399  9789 I WiVRn   : [2026-09-11 11:06:28.571] [WiVRn] [info]         Position tracking: true
09-11 11:06:28.571  4399  9789 I WiVRn   : [2026-09-11 11:06:28.571] [WiVRn] [info]     Hand tracking support: true
09-11 11:06:28.571  4399  9789 I WiVRn   : [2026-09-11 11:06:28.571] [WiVRn] [info]     Eye gaze support: false
09-11 11:06:28.571  4399  9789 I WiVRn   : [2026-09-11 11:06:28.571] [WiVRn] [info]     OpenXR post-processing extension support: true
09-11 11:06:28.571  4399  9789 I WiVRn   : [2026-09-11 11:06:28.571] [WiVRn] [info]     Passthrough: color
09-11 11:06:28.571  4399  9789 I WiVRn   : [2026-09-11 11:06:28.571] [WiVRn] [info]     Face tracker: none
09-11 11:06:28.571  4399  9789 I WiVRn   : [2026-09-11 11:06:28.571] [WiVRn] [info]     Body tracker: pico
09-11 11:06:28.571  4399  9789 I WiVRn   : [2026-09-11 11:06:28.571] [WiVRn] [info] View configuration XR_VIEW_CONFIGURATION_TYPE_PRIMARY_STEREO
09-11 11:06:28.571  4399  9789 I WiVRn   : [2026-09-11 11:06:28.571] [WiVRn] [info]     fovMutable: false
09-11 11:06:28.571  4399  9789 I WiVRn   : [2026-09-11 11:06:28.571] [WiVRn] [info]     View 1:
09-11 11:06:28.571  4399  9789 I WiVRn   : [2026-09-11 11:06:28.571] [WiVRn] [info]         Recommended: 1504x1504, 1 sample(s)
09-11 11:06:28.571  4399  9789 I WiVRn   : [2026-09-11 11:06:28.571] [WiVRn] [info]         Maximum:     2560x2560, 1 sample(s)
09-11 11:06:28.571  4399  9789 I WiVRn   : [2026-09-11 11:06:28.571] [WiVRn] [info]     View 2:
09-11 11:06:28.571  4399  9789 I WiVRn   : [2026-09-11 11:06:28.571] [WiVRn] [info]         Recommended: 1504x1504, 1 sample(s)
09-11 11:06:28.571  4399  9789 I WiVRn   : [2026-09-11 11:06:28.571] [WiVRn] [info]         Maximum:     2560x2560, 1 sample(s)
09-11 11:06:28.571  4399  9789 I WiVRn   : [2026-09-11 11:06:28.571] [WiVRn] [info]     Blend mode: XR_ENVIRONMENT_BLEND_MODE_OPAQUE
09-11 11:06:28.571  4399  9789 I WiVRn   : [2026-09-11 11:06:28.571] [WiVRn] [info]     Blend mode: XR_ENVIRONMENT_BLEND_MODE_ALPHA_BLEND
09-11 11:06:28.571  4399  9789 I WiVRn   : [2026-09-11 11:06:28.571] [WiVRn] [info] OpenXR runtime wants Vulkan 1.0.0
09-11 11:06:28.571  4399  9789 I WiVRn   : [2026-09-11 11:06:28.571] [WiVRn] [info] Requesting Vulkan 1.1.0
09-11 11:06:28.571  4399  9789 I WiVRn   : [2026-09-11 11:06:28.571] [WiVRn] [info] Available Vulkan layers:
09-11 11:06:28.573  4399  9789 I WiVRn   : [2026-09-11 11:06:28.573] [WiVRn] [info] Available Vulkan instance extensions:
09-11 11:06:28.573  4399  9789 I WiVRn   : [2026-09-11 11:06:28.573] [WiVRn] [info]     VK_EXT_debug_report (version 9)
09-11 11:06:28.573  4399  9789 I WiVRn   : [2026-09-11 11:06:28.573] [WiVRn] [info]     VK_EXT_debug_utils (version 2)
09-11 11:06:28.573  4399  9789 I WiVRn   : [2026-09-11 11:06:28.573] [WiVRn] [info]     VK_EXT_swapchain_colorspace (version 3)
09-11 11:06:28.573  4399  9789 I WiVRn   : [2026-09-11 11:06:28.573] [WiVRn] [info]     VK_KHR_android_surface (version 6)
09-11 11:06:28.573  4399  9789 I WiVRn   : [2026-09-11 11:06:28.573] [WiVRn] [info]     VK_KHR_device_group_creation (version 1)
09-11 11:06:28.573  4399  9789 I WiVRn   : [2026-09-11 11:06:28.573] [WiVRn] [info]     VK_KHR_external_fence_capabilities (version 1)
09-11 11:06:28.573  4399  9789 I WiVRn   : [2026-09-11 11:06:28.573] [WiVRn] [info]     VK_KHR_external_memory_capabilities (version 1)
09-11 11:06:28.573  4399  9789 I WiVRn   : [2026-09-11 11:06:28.573] [WiVRn] [info]     VK_KHR_external_semaphore_capabilities (version 1)
09-11 11:06:28.573  4399  9789 I WiVRn   : [2026-09-11 11:06:28.573] [WiVRn] [info]     VK_KHR_get_physical_device_properties2 (version 1)
09-11 11:06:28.573  4399  9789 I WiVRn   : [2026-09-11 11:06:28.573] [WiVRn] [info]     VK_KHR_get_surface_capabilities2 (version 1)
09-11 11:06:28.573  4399  9789 I WiVRn   : [2026-09-11 11:06:28.573] [WiVRn] [info]     VK_KHR_surface (version 25)
09-11 11:06:28.581  4399  9789 I WiVRn   : [2026-09-11 11:06:28.581] [WiVRn] [info] Available Vulkan device extensions:
09-11 11:06:28.581  4399  9789 I WiVRn   : [2026-09-11 11:06:28.581] [WiVRn] [info]     VK_ANDROID_external_memory_android_hardware_buffer (version 3)
09-11 11:06:28.581  4399  9789 I WiVRn   : [2026-09-11 11:06:28.581] [WiVRn] [info]     VK_EXT_astc_decode_mode (version 1)
09-11 11:06:28.581  4399  9789 I WiVRn   : [2026-09-11 11:06:28.581] [WiVRn] [info]     VK_EXT_blend_operation_advanced (version 1)
09-11 11:06:28.581  4399  9789 I WiVRn   : [2026-09-11 11:06:28.581] [WiVRn] [info]     VK_EXT_custom_border_color (version 12)
09-11 11:06:28.581  4399  9789 I WiVRn   : [2026-09-11 11:06:28.581] [WiVRn] [info]     VK_EXT_depth_clip_enable (version 1)
09-11 11:06:28.581  4399  9789 I WiVRn   : [2026-09-11 11:06:28.581] [WiVRn] [info]     VK_EXT_descriptor_indexing (version 2)
09-11 11:06:28.581  4399  9789 I WiVRn   : [2026-09-11 11:06:28.581] [WiVRn] [info]     VK_EXT_device_fault (version 1)
09-11 11:06:28.581  4399  9789 I WiVRn   : [2026-09-11 11:06:28.581] [WiVRn] [info]     VK_EXT_device_memory_report (version 2)
09-11 11:06:28.581  4399  9789 I WiVRn   : [2026-09-11 11:06:28.581] [WiVRn] [info]     VK_EXT_extended_dynamic_state (version 1)
09-11 11:06:28.581  4399  9789 I WiVRn   : [2026-09-11 11:06:28.581] [WiVRn] [info]     VK_EXT_filter_cubic (version 3)
09-11 11:06:28.581  4399  9789 I WiVRn   : [2026-09-11 11:06:28.581] [WiVRn] [info]     VK_EXT_fragment_density_map (version 1)
09-11 11:06:28.581  4399  9789 I WiVRn   : [2026-09-11 11:06:28.581] [WiVRn] [info]     VK_EXT_fragment_density_map2 (version 1)
09-11 11:06:28.581  4399  9789 I WiVRn   : [2026-09-11 11:06:28.581] [WiVRn] [info]     VK_EXT_global_priority (version 2)
09-11 11:06:28.581  4399  9789 I WiVRn   : [2026-09-11 11:06:28.581] [WiVRn] [info]     VK_EXT_global_priority_query (version 1)
09-11 11:06:28.581  4399  9789 I WiVRn   : [2026-09-11 11:06:28.581] [WiVRn] [info]     VK_EXT_hdr_metadata (version 1)
09-11 11:06:28.581  4399  9789 I WiVRn   : [2026-09-11 11:06:28.581] [WiVRn] [info]     VK_EXT_host_query_reset (version 1)
09-11 11:06:28.581  4399  9789 I WiVRn   : [2026-09-11 11:06:28.581] [WiVRn] [info]     VK_EXT_image_robustness (version 1)
09-11 11:06:28.581  4399  9789 I WiVRn   : [2026-09-11 11:06:28.581] [WiVRn] [info]     VK_EXT_index_type_uint8 (version 1)
09-11 11:06:28.581  4399  9789 I WiVRn   : [2026-09-11 11:06:28.581] [WiVRn] [info]     VK_EXT_line_rasterization (version 1)
09-11 11:06:28.581  4399  9789 I WiVRn   : [2026-09-11 11:06:28.581] [WiVRn] [info]     VK_EXT_pipeline_creation_cache_control (version 1)
09-11 11:06:28.581  4399  9789 I WiVRn   : [2026-09-11 11:06:28.581] [WiVRn] [info]     VK_EXT_pipeline_creation_feedback (version 1)
09-11 11:06:28.581  4399  9789 I WiVRn   : [2026-09-11 11:06:28.581] [WiVRn] [info]     VK_EXT_primitive_topology_list_restart (version 2)
09-11 11:06:28.581  4399  9789 I WiVRn   : [2026-09-11 11:06:28.581] [WiVRn] [info]     VK_EXT_private_data (version 1)
09-11 11:06:28.581  4399  9789 I WiVRn   : [2026-09-11 11:06:28.581] [WiVRn] [info]     VK_EXT_provoking_vertex (version 1)
09-11 11:06:28.581  4399  9789 I WiVRn   : [2026-09-11 11:06:28.581] [WiVRn] [info]     VK_EXT_queue_family_foreign (version 1)
09-11 11:06:28.581  4399  9789 I WiVRn   : [2026-09-11 11:06:28.581] [WiVRn] [info]     VK_EXT_robustness2 (version 1)
09-11 11:06:28.581  4399  9789 I WiVRn   : [2026-09-11 11:06:28.581] [WiVRn] [info]     VK_EXT_sample_locations (version 1)
09-11 11:06:28.581  4399  9789 I WiVRn   : [2026-09-11 11:06:28.581] [WiVRn] [info]     VK_EXT_sampler_filter_minmax (version 1)
09-11 11:06:28.581  4399  9789 I WiVRn   : [2026-09-11 11:06:28.581] [WiVRn] [info]     VK_EXT_scalar_block_layout (version 1)
09-11 11:06:28.581  4399  9789 I WiVRn   : [2026-09-11 11:06:28.581] [WiVRn] [info]     VK_EXT_separate_stencil_usage (version 1)
09-11 11:06:28.581  4399  9789 I WiVRn   : [2026-09-11 11:06:28.581] [WiVRn] [info]     VK_EXT_shader_demote_to_helper_invocation (version 1)
09-11 11:06:28.581  4399  9789 I WiVRn   : [2026-09-11 11:06:28.581] [WiVRn] [info]     VK_EXT_subgroup_size_control (version 2)
09-11 11:06:28.581  4399  9789 I WiVRn   : [2026-09-11 11:06:28.581] [WiVRn] [info]     VK_EXT_texture_compression_astc_hdr (version 1)
09-11 11:06:28.581  4399  9789 I WiVRn   : [2026-09-11 11:06:28.581] [WiVRn] [info]     VK_EXT_transform_feedback (version 1)
09-11 11:06:28.581  4399  9789 I WiVRn   : [2026-09-11 11:06:28.581] [WiVRn] [info]     VK_EXT_vertex_attribute_divisor (version 3)
09-11 11:06:28.581  4399  9789 I WiVRn   : [2026-09-11 11:06:28.581] [WiVRn] [info]     VK_EXT_vertex_input_dynamic_state (version 2)
09-11 11:06:28.581  4399  9789 I WiVRn   : [2026-09-11 11:06:28.581] [WiVRn] [info]     VK_GOOGLE_display_timing (version 1)
09-11 11:06:28.581  4399  9789 I WiVRn   : [2026-09-11 11:06:28.581] [WiVRn] [info]     VK_IMG_filter_cubic (version 1)
09-11 11:06:28.581  4399  9789 I WiVRn   : [2026-09-11 11:06:28.581] [WiVRn] [info]     VK_KHR_16bit_storage (version 1)
09-11 11:06:28.581  4399  9789 I WiVRn   : [2026-09-11 11:06:28.581] [WiVRn] [info]     VK_KHR_bind_memory2 (version 1)
09-11 11:06:28.581  4399  9789 I WiVRn   : [2026-09-11 11:06:28.581] [WiVRn] [info]     VK_KHR_buffer_device_address (version 1)
09-11 11:06:28.581  4399  9789 I WiVRn   : [2026-09-11 11:06:28.581] [WiVRn] [info]     VK_KHR_create_renderpass2 (version 1)
09-11 11:06:28.581  4399  9789 I WiVRn   : [2026-09-11 11:06:28.581] [WiVRn] [info]     VK_KHR_dedicated_allocation (version 1)
09-11 11:06:28.581  4399  9789 I WiVRn   : [2026-09-11 11:06:28.581] [WiVRn] [info]     VK_KHR_depth_stencil_resolve (version 1)
09-11 11:06:28.581  4399  9789 I WiVRn   : [2026-09-11 11:06:28.581] [WiVRn] [info]     VK_KHR_descriptor_update_template (version 1)
09-11 11:06:28.581  4399  9789 I WiVRn   : [2026-09-11 11:06:28.581] [WiVRn] [info]     VK_KHR_device_group (version 2)
09-11 11:06:28.581  4399  9789 I WiVRn   : [2026-09-11 11:06:28.581] [WiVRn] [info]     VK_KHR_draw_indirect_count (version 1)
09-11 11:06:28.581  4399  9789 I WiVRn   : [2026-09-11 11:06:28.581] [WiVRn] [info]     VK_KHR_driver_properties (version 1)
09-11 11:06:28.581  4399  9789 I WiVRn   : [2026-09-11 11:06:28.581] [WiVRn] [info]     VK_KHR_external_fence (version 1)
09-11 11:06:28.581  4399  9789 I WiVRn   : [2026-09-11 11:06:28.581] [WiVRn] [info]     VK_KHR_external_fence_fd (version 1)
09-11 11:06:28.581  4399  9789 I WiVRn   : [2026-09-11 11:06:28.581] [WiVRn] [info]     VK_KHR_external_memory (version 1)
09-11 11:06:28.581  4399  9789 I WiVRn   : [2026-09-11 11:06:28.581] [WiVRn] [info]     VK_KHR_external_memory_fd (version 1)
09-11 11:06:28.581  4399  9789 I WiVRn   : [2026-09-11 11:06:28.581] [WiVRn] [info]     VK_KHR_external_semaphore (version 1)
09-11 11:06:28.581  4399  9789 I WiVRn   : [2026-09-11 11:06:28.581] [WiVRn] [info]     VK_KHR_external_semaphore_fd (version 1)
09-11 11:06:28.581  4399  9789 I WiVRn   : [2026-09-11 11:06:28.581] [WiVRn] [info]     VK_KHR_get_memory_requirements2 (version 1)
09-11 11:06:28.581  4399  9789 I WiVRn   : [2026-09-11 11:06:28.581] [WiVRn] [info]     VK_KHR_image_format_list (version 1)
09-11 11:06:28.581  4399  9789 I WiVRn   : [2026-09-11 11:06:28.581] [WiVRn] [info]     VK_KHR_imageless_framebuffer (version 1)
09-11 11:06:28.581  4399  9789 I WiVRn   : [2026-09-11 11:06:28.581] [WiVRn] [info]     VK_KHR_incremental_present (version 1)
09-11 11:06:28.581  4399  9789 I WiVRn   : [2026-09-11 11:06:28.581] [WiVRn] [info]     VK_KHR_maintenance1 (version 1)
09-11 11:06:28.581  4399  9789 I WiVRn   : [2026-09-11 11:06:28.581] [WiVRn] [info]     VK_KHR_maintenance2 (version 1)
09-11 11:06:28.581  4399  9789 I WiVRn   : [2026-09-11 11:06:28.581] [WiVRn] [info]     VK_KHR_maintenance3 (version 1)
09-11 11:06:28.581  4399  9789 I WiVRn   : [2026-09-11 11:06:28.581] [WiVRn] [info]     VK_KHR_multiview (version 1)
09-11 11:06:28.581  4399  9789 I WiVRn   : [2026-09-11 11:06:28.581] [WiVRn] [info]     VK_KHR_pipeline_executable_properties (version 1)
09-11 11:06:28.581  4399  9789 I WiVRn   : [2026-09-11 11:06:28.581] [WiVRn] [info]     VK_KHR_push_descriptor (version 1)
09-11 11:06:28.581  4399  9789 I WiVRn   : [2026-09-11 11:06:28.581] [WiVRn] [info]     VK_KHR_relaxed_block_layout (version 1)
09-11 11:06:28.581  4399  9789 I WiVRn   : [2026-09-11 11:06:28.581] [WiVRn] [info]     VK_KHR_sampler_mirror_clamp_to_edge (version 1)
09-11 11:06:28.581  4399  9789 I WiVRn   : [2026-09-11 11:06:28.581] [WiVRn] [info]     VK_KHR_sampler_ycbcr_conversion (version 1)
09-11 11:06:28.581  4399  9789 I WiVRn   : [2026-09-11 11:06:28.581] [WiVRn] [info]     VK_KHR_separate_depth_stencil_layouts (version 1)
09-11 11:06:28.581  4399  9789 I WiVRn   : [2026-09-11 11:06:28.581] [WiVRn] [info]     VK_KHR_shader_draw_parameters (version 1)
09-11 11:06:28.581  4399  9789 I WiVRn   : [2026-09-11 11:06:28.581] [WiVRn] [info]     VK_KHR_shader_float16_int8 (version 1)
09-11 11:06:28.581  4399  9789 I WiVRn   : [2026-09-11 11:06:28.581] [WiVRn] [info]     VK_KHR_shader_float_controls (version 4)
09-11 11:06:28.581  4399  9789 I WiVRn   : [2026-09-11 11:06:28.581] [WiVRn] [info]     VK_KHR_shader_non_semantic_info (version 1)
09-11 11:06:28.581  4399  9789 I WiVRn   : [2026-09-11 11:06:28.581] [WiVRn] [info]     VK_KHR_shared_presentable_image (version 1)
09-11 11:06:28.581  4399  9789 I WiVRn   : [2026-09-11 11:06:28.581] [WiVRn] [info]     VK_KHR_spirv_1_4 (version 1)
09-11 11:06:28.581  4399  9789 I WiVRn   : [2026-09-11 11:06:28.581] [WiVRn] [info]     VK_KHR_storage_buffer_storage_class (version 1)
09-11 11:06:28.581  4399  9789 I WiVRn   : [2026-09-11 11:06:28.581] [WiVRn] [info]     VK_KHR_swapchain (version 70)
09-11 11:06:28.581  4399  9789 I WiVRn   : [2026-09-11 11:06:28.581] [WiVRn] [info]     VK_KHR_timeline_semaphore (version 2)
09-11 11:06:28.581  4399  9789 I WiVRn   : [2026-09-11 11:06:28.581] [WiVRn] [info]     VK_KHR_variable_pointers (version 1)
09-11 11:06:28.581  4399  9789 I WiVRn   : [2026-09-11 11:06:28.581] [WiVRn] [info]     VK_KHR_vulkan_memory_model (version 3)
09-11 11:06:28.581  4399  9789 I WiVRn   : [2026-09-11 11:06:28.581] [WiVRn] [info]     VK_QCOM_fragment_density_map_offset (version 1)
09-11 11:06:28.581  4399  9789 I WiVRn   : [2026-09-11 11:06:28.581] [WiVRn] [info]     VK_QCOM_render_pass_shader_resolve (version 4)
09-11 11:06:28.581  4399  9789 I WiVRn   : [2026-09-11 11:06:28.581] [WiVRn] [info]     VK_QCOM_render_pass_store_ops (version 2)
09-11 11:06:28.581  4399  9789 I WiVRn   : [2026-09-11 11:06:28.581] [WiVRn] [info]     VK_QCOM_render_pass_transform (version 3)
09-11 11:06:28.581  4399  9789 I WiVRn   : [2026-09-11 11:06:28.581] [WiVRn] [info]     VK_QCOM_tile_properties (version 1)
09-11 11:06:28.581  4399  9789 I WiVRn   : [2026-09-11 11:06:28.581] [WiVRn] [info] Initializing Vulkan with device Adreno (TM) 650
09-11 11:06:28.581  4399  9789 I WiVRn   : [2026-09-11 11:06:28.581] [WiVRn] [info]     Vendor ID: 0x5143
09-11 11:06:28.581  4399  9789 I WiVRn   : [2026-09-11 11:06:28.581] [WiVRn] [info]     Device ID: 0x6050002
09-11 11:06:28.581  4399  9789 I WiVRn   : [2026-09-11 11:06:28.581] [WiVRn] [info]     Driver version: 512.682.0
09-11 11:06:28.581  4399  9789 I WiVRn   : [2026-09-11 11:06:28.581] [WiVRn] [info]     maxPushConstantsSize: 128 bytes
09-11 11:06:28.581  4399  9789 I WiVRn   : [2026-09-11 11:06:28.581] [WiVRn] [info] NX queue priorities: render 0 decode 1 / 1 (3 queues)
09-11 11:06:28.581  4399  9789 I WiVRn   : [2026-09-11 11:06:28.581] [WiVRn] [info] Vulkan fragment density map enabled
09-11 11:06:28.582  4399  9789 I WiVRn   : [2026-09-11 11:06:28.582] [WiVRn] [info]     queue family 0 has 3 queues; decoding on queue 1 and queue 2 (one per eye)
09-11 11:06:28.608  4399  9789 I WiVRn   : [2026-09-11 11:06:28.608] [WiVRn] [info] 4 reference spaces
09-11 11:06:28.609  4399  9789 I WiVRn   : [2026-09-11 11:06:28.609] [WiVRn] [info]     XR_REFERENCE_SPACE_TYPE_VIEW
09-11 11:06:28.609  4399  9789 I WiVRn   : [2026-09-11 11:06:28.609] [WiVRn] [info]     XR_REFERENCE_SPACE_TYPE_LOCAL
09-11 11:06:28.609  4399  9789 I WiVRn   : [2026-09-11 11:06:28.609] [WiVRn] [info]     XR_REFERENCE_SPACE_TYPE_STAGE
09-11 11:06:28.609  4399  9789 I WiVRn   : [2026-09-11 11:06:28.609] [WiVRn] [info]     XR_REFERENCE_SPACE_TYPE_LOCAL_FLOOR
09-11 11:06:28.609  4399  9789 I WiVRn   : [2026-09-11 11:06:28.609] [WiVRn] [info] Adding grip_surface/pose for interaction profile /interaction_profiles/khr/simple_controller
09-11 11:06:28.609  4399  9789 I WiVRn   : [2026-09-11 11:06:28.609] [WiVRn] [info] Adding pinch_ext/pose for interaction profile /interaction_profiles/khr/simple_controller
09-11 11:06:28.609  4399  9789 I WiVRn   : [2026-09-11 11:06:28.609] [WiVRn] [info] Adding poke_ext/pose for interaction profile /interaction_profiles/khr/simple_controller
09-11 11:06:28.609  4399  9789 I WiVRn   : [2026-09-11 11:06:28.609] [WiVRn] [info] Adding grip_surface/pose for interaction profile /interaction_profiles/oculus/touch_controller
09-11 11:06:28.609  4399  9789 I WiVRn   : [2026-09-11 11:06:28.609] [WiVRn] [info] Adding pinch_ext/pose for interaction profile /interaction_profiles/oculus/touch_controller
09-11 11:06:28.609  4399  9789 I WiVRn   : [2026-09-11 11:06:28.609] [WiVRn] [info] Adding poke_ext/pose for interaction profile /interaction_profiles/oculus/touch_controller
09-11 11:06:28.609  4399  9789 I WiVRn   : [2026-09-11 11:06:28.609] [WiVRn] [info] Adding grip_surface/pose for interaction profile /interaction_profiles/meta/touch_pro_controller
09-11 11:06:28.609  4399  9789 I WiVRn   : [2026-09-11 11:06:28.609] [WiVRn] [info] Adding pinch_ext/pose for interaction profile /interaction_profiles/meta/touch_pro_controller
09-11 11:06:28.609  4399  9789 I WiVRn   : [2026-09-11 11:06:28.609] [WiVRn] [info] Adding poke_ext/pose for interaction profile /interaction_profiles/meta/touch_pro_controller
09-11 11:06:28.609  4399  9789 I WiVRn   : [2026-09-11 11:06:28.609] [WiVRn] [info] Adding grip_surface/pose for interaction profile /interaction_profiles/meta/touch_plus_controller
09-11 11:06:28.609  4399  9789 I WiVRn   : [2026-09-11 11:06:28.609] [WiVRn] [info] Adding pinch_ext/pose for interaction profile /interaction_profiles/meta/touch_plus_controller
09-11 11:06:28.609  4399  9789 I WiVRn   : [2026-09-11 11:06:28.609] [WiVRn] [info] Adding poke_ext/pose for interaction profile /interaction_profiles/meta/touch_plus_controller
09-11 11:06:28.609  4399  9789 I WiVRn   : [2026-09-11 11:06:28.609] [WiVRn] [info] Adding grip_surface/pose for interaction profile /interaction_profiles/bytedance/pico_neo3_controller
09-11 11:06:28.609  4399  9789 I WiVRn   : [2026-09-11 11:06:28.609] [WiVRn] [info] Adding pinch_ext/pose for interaction profile /interaction_profiles/bytedance/pico_neo3_controller
09-11 11:06:28.609  4399  9789 I WiVRn   : [2026-09-11 11:06:28.609] [WiVRn] [info] Adding poke_ext/pose for interaction profile /interaction_profiles/bytedance/pico_neo3_controller
09-11 11:06:28.609  4399  9789 I WiVRn   : [2026-09-11 11:06:28.609] [WiVRn] [info] Adding grip_surface/pose for interaction profile /interaction_profiles/bytedance/pico4_controller
09-11 11:06:28.609  4399  9789 I WiVRn   : [2026-09-11 11:06:28.609] [WiVRn] [info] Adding pinch_ext/pose for interaction profile /interaction_profiles/bytedance/pico4_controller
09-11 11:06:28.609  4399  9789 I WiVRn   : [2026-09-11 11:06:28.609] [WiVRn] [info] Adding poke_ext/pose for interaction profile /interaction_profiles/bytedance/pico4_controller
09-11 11:06:28.609  4399  9789 I WiVRn   : [2026-09-11 11:06:28.609] [WiVRn] [info] Adding grip_surface/pose for interaction profile /interaction_profiles/bytedance/pico4s_controller
09-11 11:06:28.609  4399  9789 I WiVRn   : [2026-09-11 11:06:28.609] [WiVRn] [info] Adding pinch_ext/pose for interaction profile /interaction_profiles/bytedance/pico4s_controller
09-11 11:06:28.609  4399  9789 I WiVRn   : [2026-09-11 11:06:28.609] [WiVRn] [info] Adding poke_ext/pose for interaction profile /interaction_profiles/bytedance/pico4s_controller
09-11 11:06:28.609  4399  9789 I WiVRn   : [2026-09-11 11:06:28.609] [WiVRn] [info] Adding grip_surface/pose for interaction profile /interaction_profiles/yvr/touch_controller_yvr
09-11 11:06:28.609  4399  9789 I WiVRn   : [2026-09-11 11:06:28.609] [WiVRn] [info] Adding pinch_ext/pose for interaction profile /interaction_profiles/yvr/touch_controller_yvr
09-11 11:06:28.609  4399  9789 I WiVRn   : [2026-09-11 11:06:28.609] [WiVRn] [info] Adding poke_ext/pose for interaction profile /interaction_profiles/yvr/touch_controller_yvr
09-11 11:06:28.609  4399  9789 I WiVRn   : [2026-09-11 11:06:28.609] [WiVRn] [info] Adding grip_surface/pose for interaction profile /interaction_profiles/htc/vive_focus3_controller
09-11 11:06:28.609  4399  9789 I WiVRn   : [2026-09-11 11:06:28.609] [WiVRn] [info] Adding pinch_ext/pose for interaction profile /interaction_profiles/htc/vive_focus3_controller
09-11 11:06:28.609  4399  9789 I WiVRn   : [2026-09-11 11:06:28.609] [WiVRn] [info] Adding poke_ext/pose for interaction profile /interaction_profiles/htc/vive_focus3_controller
09-11 11:06:28.609  4399  9789 I WiVRn   : [2026-09-11 11:06:28.609] [WiVRn] [info] Adding grip_surface/pose for interaction profile /interaction_profiles/ext/hand_interaction_ext
09-11 11:06:28.613  4399  9789 I WiVRn   : [2026-09-11 11:06:28.613] [WiVRn] [info] Current locale: language en, country GB, encoding UTF-8
09-11 11:06:28.613  4399  9789 I WiVRn   : [2026-09-11 11:06:28.613] [WiVRn] [info] Supported swapchain formats:
09-11 11:06:28.613  4399  9789 I WiVRn   : [2026-09-11 11:06:28.613] [WiVRn] [info]     R8G8B8A8Srgb
09-11 11:06:28.613  4399  9789 I WiVRn   : [2026-09-11 11:06:28.613] [WiVRn] [info]     R8Unorm
09-11 11:06:28.613  4399  9789 I WiVRn   : [2026-09-11 11:06:28.613] [WiVRn] [info]     R8G8Unorm
09-11 11:06:28.613  4399  9789 I WiVRn   : [2026-09-11 11:06:28.613] [WiVRn] [info]     R8G8B8A8Unorm
09-11 11:06:28.613  4399  9789 I WiVRn   : [2026-09-11 11:06:28.613] [WiVRn] [info]     R5G6B5UnormPack16
09-11 11:06:28.613  4399  9789 I WiVRn   : [2026-09-11 11:06:28.613] [WiVRn] [info]     A2B10G10R10UnormPack32
09-11 11:06:28.613  4399  9789 I WiVRn   : [2026-09-11 11:06:28.613] [WiVRn] [info]     R16Unorm
09-11 11:06:28.613  4399  9789 I WiVRn   : [2026-09-11 11:06:28.613] [WiVRn] [info]     R16G16Unorm
09-11 11:06:28.613  4399  9789 I WiVRn   : [2026-09-11 11:06:28.613] [WiVRn] [info]     R16G16B16A16Unorm
09-11 11:06:28.613  4399  9789 I WiVRn   : [2026-09-11 11:06:28.613] [WiVRn] [info]     R16Uint
09-11 11:06:28.613  4399  9789 I WiVRn   : [2026-09-11 11:06:28.613] [WiVRn] [info]     R16G16Uint
09-11 11:06:28.613  4399  9789 I WiVRn   : [2026-09-11 11:06:28.613] [WiVRn] [info]     R16G16B16A16Uint
09-11 11:06:28.613  4399  9789 I WiVRn   : [2026-09-11 11:06:28.613] [WiVRn] [info]     R16Sint
09-11 11:06:28.613  4399  9789 I WiVRn   : [2026-09-11 11:06:28.613] [WiVRn] [info]     R16G16Sint
09-11 11:06:28.613  4399  9789 I WiVRn   : [2026-09-11 11:06:28.613] [WiVRn] [info]     R16G16B16A16Sint
09-11 11:06:28.613  4399  9789 I WiVRn   : [2026-09-11 11:06:28.613] [WiVRn] [info]     R16Sfloat
09-11 11:06:28.613  4399  9789 I WiVRn   : [2026-09-11 11:06:28.613] [WiVRn] [info]     R16G16Sfloat
09-11 11:06:28.613  4399  9789 I WiVRn   : [2026-09-11 11:06:28.613] [WiVRn] [info]     Etc2R8G8B8A1UnormBlock
09-11 11:06:28.613  4399  9789 I WiVRn   : [2026-09-11 11:06:28.613] [WiVRn] [info]     Etc2R8G8B8A8UnormBlock
09-11 11:06:28.613  4399  9789 I WiVRn   : [2026-09-11 11:06:28.613] [WiVRn] [info]     Etc2R8G8B8SrgbBlock
09-11 11:06:28.613  4399  9789 I WiVRn   : [2026-09-11 11:06:28.613] [WiVRn] [info]     Etc2R8G8B8A1SrgbBlock
09-11 11:06:28.613  4399  9789 I WiVRn   : [2026-09-11 11:06:28.613] [WiVRn] [info]     Etc2R8G8B8A8SrgbBlock
09-11 11:06:28.613  4399  9789 I WiVRn   : [2026-09-11 11:06:28.613] [WiVRn] [info]     EacR11UnormBlock
09-11 11:06:28.613  4399  9789 I WiVRn   : [2026-09-11 11:06:28.613] [WiVRn] [info]     EacR11G11UnormBlock
09-11 11:06:28.613  4399  9789 I WiVRn   : [2026-09-11 11:06:28.613] [WiVRn] [info]     EacR11SnormBlock
09-11 11:06:28.613  4399  9789 I WiVRn   : [2026-09-11 11:06:28.613] [WiVRn] [info]     EacR11G11SnormBlock
09-11 11:06:28.613  4399  9789 I WiVRn   : [2026-09-11 11:06:28.613] [WiVRn] [info]     Astc4x4UnormBlock
09-11 11:06:28.613  4399  9789 I WiVRn   : [2026-09-11 11:06:28.613] [WiVRn] [info]     Astc5x4UnormBlock
09-11 11:06:28.613  4399  9789 I WiVRn   : [2026-09-11 11:06:28.613] [WiVRn] [info]     Astc5x5UnormBlock
09-11 11:06:28.613  4399  9789 I WiVRn   : [2026-09-11 11:06:28.613] [WiVRn] [info]     Astc6x5UnormBlock
09-11 11:06:28.613  4399  9789 I WiVRn   : [2026-09-11 11:06:28.613] [WiVRn] [info]     Astc6x6UnormBlock
09-11 11:06:28.613  4399  9789 I WiVRn   : [2026-09-11 11:06:28.613] [WiVRn] [info]     Astc8x5UnormBlock
09-11 11:06:28.613  4399  9789 I WiVRn   : [2026-09-11 11:06:28.613] [WiVRn] [info]     Astc8x6UnormBlock
09-11 11:06:28.613  4399  9789 I WiVRn   : [2026-09-11 11:06:28.613] [WiVRn] [info]     Astc8x8UnormBlock
09-11 11:06:28.613  4399  9789 I WiVRn   : [2026-09-11 11:06:28.613] [WiVRn] [info]     Astc10x5UnormBlock
09-11 11:06:28.613  4399  9789 I WiVRn   : [2026-09-11 11:06:28.613] [WiVRn] [info]     Astc10x6UnormBlock
09-11 11:06:28.613  4399  9789 I WiVRn   : [2026-09-11 11:06:28.613] [WiVRn] [info]     Astc10x8UnormBlock
09-11 11:06:28.613  4399  9789 I WiVRn   : [2026-09-11 11:06:28.613] [WiVRn] [info]     Astc10x10UnormBlock
09-11 11:06:28.613  4399  9789 I WiVRn   : [2026-09-11 11:06:28.613] [WiVRn] [info]     Astc12x10UnormBlock
09-11 11:06:28.613  4399  9789 I WiVRn   : [2026-09-11 11:06:28.613] [WiVRn] [info]     Astc12x12UnormBlock
09-11 11:06:28.613  4399  9789 I WiVRn   : [2026-09-11 11:06:28.613] [WiVRn] [info]     Astc4x4SrgbBlock
09-11 11:06:28.613  4399  9789 I WiVRn   : [2026-09-11 11:06:28.613] [WiVRn] [info]     Astc5x4SrgbBlock
09-11 11:06:28.613  4399  9789 I WiVRn   : [2026-09-11 11:06:28.613] [WiVRn] [info]     Astc5x5SrgbBlock
09-11 11:06:28.613  4399  9789 I WiVRn   : [2026-09-11 11:06:28.613] [WiVRn] [info]     Astc6x5SrgbBlock
09-11 11:06:28.613  4399  9789 I WiVRn   : [2026-09-11 11:06:28.613] [WiVRn] [info]     Astc6x6SrgbBlock
09-11 11:06:28.613  4399  9789 I WiVRn   : [2026-09-11 11:06:28.613] [WiVRn] [info]     Astc8x5SrgbBlock
09-11 11:06:28.613  4399  9789 I WiVRn   : [2026-09-11 11:06:28.613] [WiVRn] [info]     Astc8x6SrgbBlock
09-11 11:06:28.613  4399  9789 I WiVRn   : [2026-09-11 11:06:28.613] [WiVRn] [info]     Astc8x8SrgbBlock
09-11 11:06:28.613  4399  9789 I WiVRn   : [2026-09-11 11:06:28.613] [WiVRn] [info]     Astc10x5SrgbBlock
09-11 11:06:28.613  4399  9789 I WiVRn   : [2026-09-11 11:06:28.613] [WiVRn] [info]     Astc10x6SrgbBlock
09-11 11:06:28.613  4399  9789 I WiVRn   : [2026-09-11 11:06:28.613] [WiVRn] [info]     Astc10x8SrgbBlock
09-11 11:06:28.613  4399  9789 I WiVRn   : [2026-09-11 11:06:28.613] [WiVRn] [info]     Astc10x10SrgbBlock
09-11 11:06:28.613  4399  9789 I WiVRn   : [2026-09-11 11:06:28.613] [WiVRn] [info]     Astc12x10SrgbBlock
09-11 11:06:28.613  4399  9789 I WiVRn   : [2026-09-11 11:06:28.613] [WiVRn] [info]     Astc12x12SrgbBlock
09-11 11:06:28.613  4399  9789 I WiVRn   : [2026-09-11 11:06:28.613] [WiVRn] [info]     D16Unorm
09-11 11:06:28.613  4399  9789 I WiVRn   : [2026-09-11 11:06:28.613] [WiVRn] [info]     X8D24UnormPack32
09-11 11:06:28.613  4399  9789 I WiVRn   : [2026-09-11 11:06:28.613] [WiVRn] [info]     D32Sfloat
09-11 11:06:28.613  4399  9789 I WiVRn   : [2026-09-11 11:06:28.613] [WiVRn] [info]     D24UnormS8Uint
09-11 11:06:28.613  4399  9789 I WiVRn   : [2026-09-11 11:06:28.613] [WiVRn] [info]     B8G8R8A8Unorm
09-11 11:06:28.613  4399  9789 I WiVRn   : [2026-09-11 11:06:28.613] [WiVRn] [info]     B8G8R8A8Srgb
09-11 11:06:28.632  4399  9789 I WiVRn   : [2026-09-11 11:06:28.632] [WiVRn] [info] Using formats R8G8B8A8Srgb and D32Sfloat
09-11 11:06:28.632  4399  9789 I WiVRn   : [2026-09-11 11:06:28.632] [WiVRn] [info] Composition layer depth test NOT supported
09-11 11:06:28.632  4399  9789 I WiVRn   : [2026-09-11 11:06:28.632] [WiVRn] [info] Composition layer color scale/bias supported
09-11 11:06:28.632  4399  9789 I WiVRn   : [2026-09-11 11:06:28.632] [WiVRn] [info] 0 known server(s):
09-11 11:06:28.634  4399  9838 I WiVRn   : [2026-09-11 11:06:28.634] [WiVRn] [info] Session state changed at timestamp 0: XR_SESSION_STATE_UNKNOWN => XR_SESSION_STATE_IDLE
09-11 11:06:28.634  4399  9838 I WiVRn   : [2026-09-11 11:06:28.634] [WiVRn] [info] Session state changed at timestamp 0: XR_SESSION_STATE_IDLE => XR_SESSION_STATE_READY
09-11 11:06:28.657  4399  9838 I WiVRn   : [2026-09-11 11:06:28.657] [WiVRn] [info] Received event type XR_TYPE_EVENT_DATA_USER_PRESENCE_CHANGED_EXT
09-11 11:06:28.657  4399  9838 I WiVRn   : [2026-09-11 11:06:28.657] [WiVRn] [info] Using panel size: 2160x2160
09-11 11:06:28.841  4399  9838 I WiVRn   : [2026-09-11 11:06:28.841] [WiVRn] [info] Loaded input profile pico-4
09-11 11:06:28.841  4399  9838 I WiVRn   : [2026-09-11 11:06:28.841] [WiVRn] [info] Initializing offset of space aim_left to (-5, 0, 20) mm, (0, -0, 0)°
09-11 11:06:28.841  4399  9838 I WiVRn   : [2026-09-11 11:06:28.841] [WiVRn] [info] Initializing offset of space aim_right to (5, 0, 20) mm, (0, -0, 0)°
09-11 11:06:28.841  4399  9838 I WiVRn   : [2026-09-11 11:06:28.841] [WiVRn] [info] Initializing offset of space grip_left to (0, -20, -50) mm, (-30.000002, -0, 0)°
09-11 11:06:28.841  4399  9838 I WiVRn   : [2026-09-11 11:06:28.841] [WiVRn] [info] Initializing offset of space grip_right to (0, -20, -50) mm, (-30.000002, -0, 0)°
09-11 11:06:28.850  4399  9838 I WiVRn   : [2026-09-11 11:06:28.850] [WiVRn] [info] Font for de /system/fonts/PICOSans.ttf
09-11 11:06:28.850  4399  9838 I WiVRn   : [2026-09-11 11:06:28.850] [WiVRn] [info] Font for es /system/fonts/PICOSans.ttf
09-11 11:06:28.850  4399  9838 I WiVRn   : [2026-09-11 11:06:28.850] [WiVRn] [info] Font for fr /system/fonts/PICOSans.ttf
09-11 11:06:28.850  4399  9838 I WiVRn   : [2026-09-11 11:06:28.850] [WiVRn] [info] Font for fr /system/fonts/Roboto-Regular.ttf
09-11 11:06:28.850  4399  9838 I WiVRn   : [2026-09-11 11:06:28.850] [WiVRn] [info] Font for it /system/fonts/PICOSans.ttf
09-11 11:06:28.850  4399  9838 I WiVRn   : [2026-09-11 11:06:28.850] [WiVRn] [info] Font for ja /system/fonts/PICOSans.ttf
09-11 11:06:28.850  4399  9838 I WiVRn   : [2026-09-11 11:06:28.850] [WiVRn] [info] Font for ja /system/fonts/PICOSansVFJP.ttf
09-11 11:06:28.850  4399  9838 I WiVRn   : [2026-09-11 11:06:28.850] [WiVRn] [info] Font for ka /system/fonts/PICOSans.ttf
09-11 11:06:28.850  4399  9838 I WiVRn   : [2026-09-11 11:06:28.850] [WiVRn] [info] Font for ka /system/fonts/NotoSansGeorgian-Regular.otf
09-11 11:06:28.850  4399  9838 I WiVRn   : [2026-09-11 11:06:28.850] [WiVRn] [info] Font for ka /system/fonts/PICOSans.ttf
09-11 11:06:28.850  4399  9838 I WiVRn   : [2026-09-11 11:06:28.850] [WiVRn] [info] Font for pl /system/fonts/PICOSans.ttf
09-11 11:06:28.850  4399  9838 I WiVRn   : [2026-09-11 11:06:28.850] [WiVRn] [info] Font for pl /system/fonts/Roboto-Regular.ttf
09-11 11:06:28.850  4399  9838 I WiVRn   : [2026-09-11 11:06:28.850] [WiVRn] [info] Font for pl /system/fonts/PICOSans.ttf
09-11 11:06:28.850  4399  9838 I WiVRn   : [2026-09-11 11:06:28.850] [WiVRn] [info] Font for pl /system/fonts/PICOSansSC-Regular.ttf
09-11 11:06:28.850  4399  9838 I WiVRn   : [2026-09-11 11:06:28.850] [WiVRn] [info] Font for pl /system/fonts/Roboto-Regular.ttf
09-11 11:06:28.850  4399  9838 I WiVRn   : [2026-09-11 11:06:28.850] [WiVRn] [info] Font for pl /system/fonts/PICOSans.ttf
09-11 11:06:28.850  4399  9838 I WiVRn   : [2026-09-11 11:06:28.850] [WiVRn] [info] Font for pt_BR /system/fonts/PICOSans.ttf
09-11 11:06:28.850  4399  9838 I WiVRn   : [2026-09-11 11:06:28.850] [WiVRn] [info] Font for ru /system/fonts/PICOSans.ttf
09-11 11:06:28.850  4399  9838 I WiVRn   : [2026-09-11 11:06:28.850] [WiVRn] [info] Font for ru /system/fonts/PICOSansSC-Regular.ttf
09-11 11:06:28.850  4399  9838 I WiVRn   : [2026-09-11 11:06:28.850] [WiVRn] [info] Font for ru /system/fonts/PICOSans.ttf
09-11 11:06:28.850  4399  9838 I WiVRn   : [2026-09-11 11:06:28.850] [WiVRn] [info] Font for sk /system/fonts/PICOSans.ttf
09-11 11:06:28.850  4399  9838 I WiVRn   : [2026-09-11 11:06:28.850] [WiVRn] [info] Font for sk /system/fonts/Roboto-Regular.ttf
09-11 11:06:28.850  4399  9838 I WiVRn   : [2026-09-11 11:06:28.850] [WiVRn] [info] Font for sk /system/fonts/PICOSansSC-Regular.ttf
09-11 11:06:28.850  4399  9838 I WiVRn   : [2026-09-11 11:06:28.850] [WiVRn] [info] Font for sk /system/fonts/PICOSans.ttf
09-11 11:06:28.850  4399  9838 I WiVRn   : [2026-09-11 11:06:28.850] [WiVRn] [info] Font for sk /system/fonts/Roboto-Regular.ttf
09-11 11:06:28.850  4399  9838 I WiVRn   : [2026-09-11 11:06:28.850] [WiVRn] [info] Font for sk /system/fonts/PICOSans.ttf
09-11 11:06:28.850  4399  9838 I WiVRn   : [2026-09-11 11:06:28.850] [WiVRn] [info] Font for tr /system/fonts/PICOSans.ttf
09-11 11:06:28.850  4399  9838 I WiVRn   : [2026-09-11 11:06:28.850] [WiVRn] [info] Font for tr /system/fonts/Roboto-Regular.ttf
09-11 11:06:28.850  4399  9838 I WiVRn   : [2026-09-11 11:06:28.850] [WiVRn] [info] Font for tr /system/fonts/PICOSans.ttf
09-11 11:06:28.850  4399  9838 I WiVRn   : [2026-09-11 11:06:28.850] [WiVRn] [info] Font for tr /system/fonts/Roboto-Regular.ttf
09-11 11:06:28.850  4399  9838 I WiVRn   : [2026-09-11 11:06:28.850] [WiVRn] [info] Font for tr /system/fonts/PICOSans.ttf
09-11 11:06:28.851  4399  9838 I WiVRn   : [2026-09-11 11:06:28.851] [WiVRn] [info] Font for zh_CN /system/fonts/PICOSans.ttf
09-11 11:06:28.851  4399  9838 I WiVRn   : [2026-09-11 11:06:28.851] [WiVRn] [info] Font for zh_CN /system/fonts/PICOSansSC-Regular.ttf
09-11 11:06:28.851  4399  9838 I WiVRn   : [2026-09-11 11:06:28.851] [WiVRn] [info] Font for zh_TW /system/fonts/PICOSans.ttf
09-11 11:06:28.851  4399  9838 I WiVRn   : [2026-09-11 11:06:28.851] [WiVRn] [info] Font for zh_TW /system/fonts/PICOSansSC-Regular.ttf
09-11 11:06:28.855  4399  9838 I WiVRn   : [2026-09-11 11:06:28.855] [WiVRn] [info] Using font /system/fonts/PICOSans.ttf
09-11 11:06:28.855  4399  9838 I WiVRn   : [2026-09-11 11:06:28.855] [WiVRn] [info] Using font /system/fonts/Roboto-Regular.ttf
09-11 11:06:28.855  4399  9838 I WiVRn   : [2026-09-11 11:06:28.855] [WiVRn] [info] Using font /system/fonts/PICOSansVFJP.ttf
09-11 11:06:28.862  4399  9838 I WiVRn   : [2026-09-11 11:06:28.862] [WiVRn] [info] Using font /system/fonts/NotoSansGeorgian-Regular.otf
09-11 11:06:28.862  4399  9838 I WiVRn   : [2026-09-11 11:06:28.862] [WiVRn] [info] Using font /system/fonts/PICOSansSC-Regular.ttf
09-11 11:06:28.957  4399  9838 I WiVRn   : [2026-09-11 11:06:28.957] [WiVRn] [info] MulticastLock acquired
09-11 11:06:28.957  4399  9838 I WiVRn   : [2026-09-11 11:06:28.957] [WiVRn] [info] Local IPv6 address: 2003:c2:3701:81fc:b3c8:aefc:7af2:8a5a
09-11 11:06:28.957  4399  9838 I WiVRn   : [2026-09-11 11:06:28.957] [WiVRn] [info] Local IPv6 address: 2003:c2:3701:81fc:616a:1ec4:5f3c:1dd5
09-11 11:06:28.957  4399  9838 I WiVRn   : [2026-09-11 11:06:28.957] [WiVRn] [info] Local IPv6 address: fd3c:3d87:86b7:0:c7ff:60cd:b757:e773
09-11 11:06:28.957  4399  9838 I WiVRn   : [2026-09-11 11:06:28.957] [WiVRn] [info] Local IPv6 address: fd3c:3d87:86b7:0:616a:1ec4:5f3c:1dd5
09-11 11:06:28.957  4399  9838 I WiVRn   : [2026-09-11 11:06:28.957] [WiVRn] [info] Local IPv4 address: 192.168.1.248
09-11 11:06:28.957  4399  9838 W WiVRn   : [2026-09-11 11:06:28.957] [WiVRn] [warning] unknown family 17
09-11 11:06:28.957  4399  9852 I WiVRn   : [2026-09-11 11:06:28.957] [WiVRn] [info] Sending query for _wivrn._tcp.local., type PTR
09-11 11:06:28.958  4399  9838 I WiVRn   : [2026-09-11 11:06:28.958] [WiVRn] [info] Performance level: CPU domain asked for sustained_high
09-11 11:06:28.958  4399  9838 I WiVRn   : [2026-09-11 11:06:28.958] [WiVRn] [info] Performance level: GPU domain asked for boost
09-11 11:06:28.964  4399  9838 I WiVRn   : [2026-09-11 11:06:28.964] [WiVRn] [info] Received event type XR_TYPE_EVENT_DATA_INTERACTION_PROFILE_CHANGED
09-11 11:06:28.964  4399  9838 I WiVRn   : [2026-09-11 11:06:28.964] [WiVRn] [info] Received event type XR_TYPE_EVENT_DATA_INTERACTION_PROFILE_CHANGED
09-11 11:06:28.964  4399  9838 I WiVRn   : [2026-09-11 11:06:28.964] [WiVRn] [info] Session state changed at timestamp 0: XR_SESSION_STATE_READY => XR_SESSION_STATE_SYNCHRONIZED
09-11 11:06:28.964  4399  9838 I WiVRn   : [2026-09-11 11:06:28.964] [WiVRn] [info] Refresh rate changed from 72 to 90
09-11 11:06:28.964  4399  9838 I WiVRn   : [2026-09-11 11:06:28.964] [WiVRn] [info] Session state changed at timestamp 0: XR_SESSION_STATE_SYNCHRONIZED => XR_SESSION_STATE_VISIBLE
09-11 11:06:28.964  4399  9838 I WiVRn   : [2026-09-11 11:06:28.964] [WiVRn] [info] Session state changed at timestamp 0: XR_SESSION_STATE_VISIBLE => XR_SESSION_STATE_FOCUSED
09-11 11:06:28.973  4399  9853 I WiVRn   : [2026-09-11 11:06:28.973] [WiVRn] [info] Using pin "000000"
09-11 11:06:28.979  4399  9853 I WiVRn   : [2026-09-11 11:06:28.979] [WiVRn] [info] Wi-Fi QoS marks enabled (uplink EF / AC_VO)
09-11 11:06:28.979  4399  9838 I WiVRn   : [2026-09-11 11:06:28.979] [WiVRn] [info] Creating new swapchain: eR8G8B8A8Srgb, 1504x1504, 1 sample(s), 2 level(s)
09-11 11:06:28.981  4399  9838 I WiVRn   : [2026-09-11 11:06:28.981] [WiVRn] [info] Created swapchain
09-11 11:06:28.982  4399  9838 I WiVRn   : [2026-09-11 11:06:28.982] [WiVRn] [info] Creating new swapchain: eR8G8B8A8Srgb, 1504x1504, 1 sample(s), 2 level(s)
09-11 11:06:28.984  4399  9838 I WiVRn   : [2026-09-11 11:06:28.984] [WiVRn] [info] Created swapchain
09-11 11:06:28.987  4399  9830 I PxrMetric: FPS=0/90,MTP=18.60ms,AppSW=off,FrmEarly=0,FrmLate=1,FrmCpu=3.07ms,FrmGpu=0.01ms,FrmTime=3.08ms,ATWGPU=0.00ms,VsyncDelay=0,GPU=0%/0Mhz,GPUTemp=0.0C,LayerCnt=0,Pkg=org.meumeu.wivrn.nx.warp,FrmId=2
09-11 11:06:28.990  4399  9838 I WiVRn   : [2026-09-11 11:06:28.990] [WiVRn] [info] Supported swapchain formats:
09-11 11:06:28.990  4399  9838 I WiVRn   : [2026-09-11 11:06:28.990] [WiVRn] [info]     R8G8B8A8Srgb
09-11 11:06:28.990  4399  9838 I WiVRn   : [2026-09-11 11:06:28.990] [WiVRn] [info]     R8Unorm
09-11 11:06:28.990  4399  9838 I WiVRn   : [2026-09-11 11:06:28.990] [WiVRn] [info]     R8G8Unorm
09-11 11:06:28.990  4399  9838 I WiVRn   : [2026-09-11 11:06:28.990] [WiVRn] [info]     R8G8B8A8Unorm
09-11 11:06:28.990  4399  9838 I WiVRn   : [2026-09-11 11:06:28.990] [WiVRn] [info]     R5G6B5UnormPack16
09-11 11:06:28.990  4399  9838 I WiVRn   : [2026-09-11 11:06:28.990] [WiVRn] [info]     A2B10G10R10UnormPack32
09-11 11:06:28.990  4399  9838 I WiVRn   : [2026-09-11 11:06:28.990] [WiVRn] [info]     R16Unorm
09-11 11:06:28.990  4399  9838 I WiVRn   : [2026-09-11 11:06:28.990] [WiVRn] [info]     R16G16Unorm
09-11 11:06:28.990  4399  9838 I WiVRn   : [2026-09-11 11:06:28.990] [WiVRn] [info]     R16G16B16A16Unorm
09-11 11:06:28.990  4399  9838 I WiVRn   : [2026-09-11 11:06:28.990] [WiVRn] [info]     R16Uint
09-11 11:06:28.990  4399  9838 I WiVRn   : [2026-09-11 11:06:28.990] [WiVRn] [info]     R16G16Uint
09-11 11:06:28.990  4399  9838 I WiVRn   : [2026-09-11 11:06:28.990] [WiVRn] [info]     R16G16B16A16Uint
09-11 11:06:28.990  4399  9838 I WiVRn   : [2026-09-11 11:06:28.990] [WiVRn] [info]     R16Sint
09-11 11:06:28.990  4399  9838 I WiVRn   : [2026-09-11 11:06:28.990] [WiVRn] [info]     R16G16Sint
09-11 11:06:28.990  4399  9838 I WiVRn   : [2026-09-11 11:06:28.990] [WiVRn] [info]     R16G16B16A16Sint
09-11 11:06:28.990  4399  9838 I WiVRn   : [2026-09-11 11:06:28.990] [WiVRn] [info]     R16Sfloat
09-11 11:06:28.990  4399  9838 I WiVRn   : [2026-09-11 11:06:28.990] [WiVRn] [info]     R16G16Sfloat
09-11 11:06:28.990  4399  9838 I WiVRn   : [2026-09-11 11:06:28.990] [WiVRn] [info]     R16G16B16A16Sfloat
09-11 11:06:28.990  4399  9838 I WiVRn   : [2026-09-11 11:06:28.990] [WiVRn] [info]     A1R5G5B5UnormPack16
09-11 11:06:28.990  4399  9838 I WiVRn   : [2026-09-11 11:06:28.990] [WiVRn] [info]     Etc2R8G8B8UnormBlock
09-11 11:06:28.990  4399  9838 I WiVRn   : [2026-09-11 11:06:28.990] [WiVRn] [info]     Etc2R8G8B8A1UnormBlock
09-11 11:06:28.990  4399  9838 I WiVRn   : [2026-09-11 11:06:28.990] [WiVRn] [info]     Etc2R8G8B8A8UnormBlock
09-11 11:06:28.990  4399  9838 I WiVRn   : [2026-09-11 11:06:28.990] [WiVRn] [info]     Etc2R8G8B8SrgbBlock
09-11 11:06:28.990  4399  9838 I WiVRn   : [2026-09-11 11:06:28.990] [WiVRn] [info]     Etc2R8G8B8A1SrgbBlock
09-11 11:06:28.990  4399  9838 I WiVRn   : [2026-09-11 11:06:28.990] [WiVRn] [info]     Etc2R8G8B8A8SrgbBlock
09-11 11:06:28.990  4399  9838 I WiVRn   : [2026-09-11 11:06:28.990] [WiVRn] [info]     EacR11UnormBlock
09-11 11:06:28.990  4399  9838 I WiVRn   : [2026-09-11 11:06:28.990] [WiVRn] [info]     EacR11G11UnormBlock
09-11 11:06:28.990  4399  9838 I WiVRn   : [2026-09-11 11:06:28.990] [WiVRn] [info]     EacR11SnormBlock
09-11 11:06:28.990  4399  9838 I WiVRn   : [2026-09-11 11:06:28.990] [WiVRn] [info]     EacR11G11SnormBlock
09-11 11:06:28.990  4399  9838 I WiVRn   : [2026-09-11 11:06:28.990] [WiVRn] [info]     Astc4x4UnormBlock
09-11 11:06:28.990  4399  9838 I WiVRn   : [2026-09-11 11:06:28.990] [WiVRn] [info]     Astc5x4UnormBlock
09-11 11:06:28.990  4399  9838 I WiVRn   : [2026-09-11 11:06:28.990] [WiVRn] [info]     Astc5x5UnormBlock
09-11 11:06:28.990  4399  9838 I WiVRn   : [2026-09-11 11:06:28.990] [WiVRn] [info]     Astc6x5UnormBlock
09-11 11:06:28.990  4399  9838 I WiVRn   : [2026-09-11 11:06:28.990] [WiVRn] [info]     Astc6x6UnormBlock
09-11 11:06:28.990  4399  9838 I WiVRn   : [2026-09-11 11:06:28.990] [WiVRn] [info]     Astc8x5UnormBlock
09-11 11:06:28.990  4399  9838 I WiVRn   : [2026-09-11 11:06:28.990] [WiVRn] [info]     Astc8x6UnormBlock
09-11 11:06:28.990  4399  9838 I WiVRn   : [2026-09-11 11:06:28.990] [WiVRn] [info]     Astc8x8UnormBlock
09-11 11:06:28.990  4399  9838 I WiVRn   : [2026-09-11 11:06:28.990] [WiVRn] [info]     Astc10x5UnormBlock
09-11 11:06:28.990  4399  9838 I WiVRn   : [2026-09-11 11:06:28.990] [WiVRn] [info]     Astc10x6UnormBlock
09-11 11:06:28.990  4399  9838 I WiVRn   : [2026-09-11 11:06:28.990] [WiVRn] [info]     Astc10x8UnormBlock
09-11 11:06:28.990  4399  9838 I WiVRn   : [2026-09-11 11:06:28.990] [WiVRn] [info]     Astc10x10UnormBlock
09-11 11:06:28.990  4399  9838 I WiVRn   : [2026-09-11 11:06:28.990] [WiVRn] [info]     Astc12x10UnormBlock
09-11 11:06:28.990  4399  9838 I WiVRn   : [2026-09-11 11:06:28.990] [WiVRn] [info]     Astc12x12UnormBlock
09-11 11:06:28.990  4399  9838 I WiVRn   : [2026-09-11 11:06:28.990] [WiVRn] [info]     Astc4x4SrgbBlock
09-11 11:06:28.990  4399  9838 I WiVRn   : [2026-09-11 11:06:28.990] [WiVRn] [info]     Astc5x4SrgbBlock
09-11 11:06:28.990  4399  9838 I WiVRn   : [2026-09-11 11:06:28.990] [WiVRn] [info]     Astc5x5SrgbBlock
09-11 11:06:28.990  4399  9838 I WiVRn   : [2026-09-11 11:06:28.990] [WiVRn] [info]     Astc6x5SrgbBlock
09-11 11:06:28.990  4399  9838 I WiVRn   : [2026-09-11 11:06:28.990] [WiVRn] [info]     Astc6x6SrgbBlock
09-11 11:06:28.990  4399  9838 I WiVRn   : [2026-09-11 11:06:28.990] [WiVRn] [info]     Astc8x5SrgbBlock
09-11 11:06:28.990  4399  9838 I WiVRn   : [2026-09-11 11:06:28.990] [WiVRn] [info]     Astc8x6SrgbBlock
09-11 11:06:28.990  4399  9838 I WiVRn   : [2026-09-11 11:06:28.990] [WiVRn] [info]     Astc8x8SrgbBlock
09-11 11:06:28.990  4399  9838 I WiVRn   : [2026-09-11 11:06:28.990] [WiVRn] [info]     Astc10x5SrgbBlock
09-11 11:06:28.990  4399  9838 I WiVRn   : [2026-09-11 11:06:28.990] [WiVRn] [info]     Astc10x6SrgbBlock
09-11 11:06:28.990  4399  9838 I WiVRn   : [2026-09-11 11:06:28.990] [WiVRn] [info]     Astc10x8SrgbBlock
09-11 11:06:28.990  4399  9838 I WiVRn   : [2026-09-11 11:06:28.990] [WiVRn] [info]     Astc10x10SrgbBlock
09-11 11:06:28.990  4399  9838 I WiVRn   : [2026-09-11 11:06:28.990] [WiVRn] [info]     Astc12x10SrgbBlock
09-11 11:06:28.990  4399  9838 I WiVRn   : [2026-09-11 11:06:28.990] [WiVRn] [info]     Astc12x12SrgbBlock
09-11 11:06:28.990  4399  9838 I WiVRn   : [2026-09-11 11:06:28.990] [WiVRn] [info]     D16Unorm
09-11 11:06:28.990  4399  9838 I WiVRn   : [2026-09-11 11:06:28.990] [WiVRn] [info]     X8D24UnormPack32
09-11 11:06:28.990  4399  9838 I WiVRn   : [2026-09-11 11:06:28.990] [WiVRn] [info]     D32Sfloat
09-11 11:06:28.990  4399  9838 I WiVRn   : [2026-09-11 11:06:28.990] [WiVRn] [info]     D24UnormS8Uint
09-11 11:06:28.990  4399  9838 I WiVRn   : [2026-09-11 11:06:28.990] [WiVRn] [info]     B8G8R8A8Unorm
09-11 11:06:28.990  4399  9838 I WiVRn   : [2026-09-11 11:06:28.990] [WiVRn] [info]     B8G8R8A8Srgb
09-11 11:06:28.991  4399  9838 I WiVRn   : [2026-09-11 11:06:28.991] [WiVRn] [info] Using panel size: 2160x2160
09-11 11:06:29.100  4399  9838 I WiVRn   : [2026-09-11 11:06:29.100] [WiVRn] [info] video codec av1: NOT supported
09-11 11:06:29.115  4399  9838 I WiVRn   : [2026-09-11 11:06:29.115] [WiVRn] [info] video codec h265: supported
09-11 11:06:29.129  4399  9838 I WiVRn   : [2026-09-11 11:06:29.129] [WiVRn] [info] video codec h264: supported
09-11 11:06:29.134  4399  9838 I WiVRn   : [2026-09-11 11:06:29.134] [WiVRn] [info] Using format R8G8B8A8Srgb
09-11 11:06:29.136  4399  9838 I WiVRn   : [2026-09-11 11:06:29.136] [WiVRn] [info] WifiLock low latency acquired
09-11 11:06:29.138  4399  9838 I WiVRn   : [2026-09-11 11:06:29.138] [WiVRn] [info] Received event type Unknown
09-11 11:06:29.992  4399  9830 I PxrMetric: FPS=0/90,MTP=30.51ms,AppSW=off,FrmEarly=14,FrmLate=2,FrmCpu=1.03ms,FrmGpu=1.60ms,FrmTime=2.65ms,ATWGPU=2.56ms,VsyncDelay=1,GPU=27%/587Mhz,GPUTemp=82.6C,LayerCnt=3,Pkg=org.meumeu.wivrn.nx.warp,FrmId=78
09-11 11:06:29.992  4399  9891 I WiVRn   : [2026-09-11 11:06:29.992] [WiVRn] [info] setup, refresh rate 90
09-11 11:06:29.992  4399  9891 I WiVRn   : [2026-09-11 11:06:29.992] [WiVRn] [info] set refresh rate to 90Hz
09-11 11:06:29.993  4399  9891 I WiVRn   : [2026-09-11 11:06:29.993] [WiVRn] [info] Creating decoders, size 2688x2688
09-11 11:06:29.993  4399  9891 I WiVRn   : [2026-09-11 11:06:29.993] [WiVRn] [info] edge bleed: server overscan 5.0%, client ring 0.0% (fade)
09-11 11:06:29.993  4399  9891 I WiVRn   : [2026-09-11 11:06:29.993] [WiVRn] [info]   stream 0: role 0, 2688x2688
09-11 11:06:29.993  4399  9891 I WiVRn   : [2026-09-11 11:06:29.993] [WiVRn] [info] nxwarp: decoupled display on
09-11 11:06:29.993  4399  9891 I WiVRn   : [2026-09-11 11:06:29.993] [WiVRn] [info] hbm_mutex.native_handle() = 0x6f8ca4ae38
09-11 11:06:30.006  4399  9891 I WiVRn   : [2026-09-11 11:06:30.006] [WiVRn] [info] Created MediaCodec decoder "OMX.qcom.video.decoder.hevc"
09-11 11:06:30.006  4399  9891 I WiVRn   : [2026-09-11 11:06:30.006] [WiVRn] [info] MediaCodec: Qualcomm low latency mode enabled on "OMX.qcom.video.decoder.hevc"
09-11 11:06:30.028  4399  9891 I WiVRn   : [2026-09-11 11:06:30.028] [WiVRn] [info]   stream 1: role 0, 2688x2688
09-11 11:06:30.028  4399  9891 I WiVRn   : [2026-09-11 11:06:30.028] [WiVRn] [info] nxwarp: decoupled display on
09-11 11:06:30.028  4399  9891 I WiVRn   : [2026-09-11 11:06:30.028] [WiVRn] [info] hbm_mutex.native_handle() = 0x6f8ca4b1b8
09-11 11:06:30.037  4399  9891 I WiVRn   : [2026-09-11 11:06:30.037] [WiVRn] [info] Created MediaCodec decoder "OMX.qcom.video.decoder.hevc"
09-11 11:06:30.037  4399  9891 I WiVRn   : [2026-09-11 11:06:30.037] [WiVRn] [info] MediaCodec: Qualcomm low latency mode enabled on "OMX.qcom.video.decoder.hevc"
09-11 11:06:30.061  4399  9891 I WiVRn   : [2026-09-11 11:06:30.061] [WiVRn] [info]   stream 2: role 1, 2688x1344
09-11 11:06:30.061  4399  9891 I WiVRn   : [2026-09-11 11:06:30.061] [WiVRn] [info] nxwarp: decoupled display on
09-11 11:06:30.061  4399  9891 I WiVRn   : [2026-09-11 11:06:30.061] [WiVRn] [info] hbm_mutex.native_handle() = 0x6f8ca4b538
09-11 11:06:30.069  4399  9891 I WiVRn   : [2026-09-11 11:06:30.069] [WiVRn] [info] Created MediaCodec decoder "OMX.qcom.video.decoder.hevc"
09-11 11:06:30.069  4399  9891 I WiVRn   : [2026-09-11 11:06:30.069] [WiVRn] [info] MediaCodec: Qualcomm low latency mode enabled on "OMX.qcom.video.decoder.hevc"
09-11 11:06:30.120  4399  9927 I WiVRn   : [2026-09-11 11:06:30.120] [WiVRn] [info] Adding hand_interaction poses to device list
09-11 11:06:30.120  4399  9927 I WiVRn   : [2026-09-11 11:06:30.120] [WiVRn] [info] interaction profile for /user/hand/left: /interaction_profiles/ext/hand_interaction_ext
09-11 11:06:30.120  4399  9927 I WiVRn   : [2026-09-11 11:06:30.120] [WiVRn] [info] interaction profile for /user/hand/right: /interaction_profiles/ext/hand_interaction_ext
09-11 11:06:30.120  4399  9927 I WiVRn   : [2026-09-11 11:06:30.120] [WiVRn] [info] interaction profile for /user/gamepad: XR_NULL_PATH
09-11 11:06:30.120  4399  9927 W WiVRn   : [2026-09-11 11:06:30.120] [WiVRn] [warning] unknown interaction profile XR_NULL_PATH
09-11 11:06:30.125  4399  9927 I WiVRn   : [2026-09-11 11:06:30.125] [WiVRn] [info] Tracking pattern (5000µs):
09-11 11:06:30.125  4399  9927 I WiVRn   : [2026-09-11 11:06:30.125] [WiVRn] [info] 	t+5000µs HEAD (0µs)
09-11 11:06:30.167  4399  9891 I WiVRn   : [2026-09-11 11:06:30.167] [WiVRn] [info] Speaker stream started
09-11 11:06:30.168  4399  9891 I WiVRn   : [2026-09-11 11:06:30.168] [WiVRn] [info] setup, refresh rate 90
09-11 11:06:30.168  4399  9891 I WiVRn   : [2026-09-11 11:06:30.168] [WiVRn] [info] set refresh rate to 90Hz
09-11 11:06:30.992  4399  9830 I PxrMetric: FPS=77/90,MTP=29.48ms,AppSW=off,FrmEarly=0,FrmLate=0,FrmCpu=1.11ms,FrmGpu=1.49ms,FrmTime=2.63ms,ATWGPU=4.76ms,VsyncDelay=1,GPU=55%/587Mhz,GPUTemp=84.9C,LayerCnt=4,Pkg=org.meumeu.wivrn.nx.warp,FrmId=168
09-11 11:06:31.710  4399  9927 I WiVRn   : [2026-09-11 11:06:31.710] [WiVRn] [info] Tracking pattern (5000µs):
09-11 11:06:31.710  4399  9927 I WiVRn   : [2026-09-11 11:06:31.710] [WiVRn] [info] 	t+3620µs LEFT_GRIP (1379µs)
09-11 11:06:31.710  4399  9927 I WiVRn   : [2026-09-11 11:06:31.710] [WiVRn] [info] 	t+5535µs HEAD (-15535µs)
09-11 11:06:31.715  4399  9906 I WiVRn   : [2026-09-11 11:06:31.715] [WiVRn] [info] Mediacodec format changed
09-11 11:06:31.715  4399  9905 I WiVRn   : [2026-09-11 11:06:31.715] [WiVRn] [info] decoded image size: 2688x2688
09-11 11:06:31.715  4399  9905 I WiVRn   : [2026-09-11 11:06:31.715] [WiVRn] [info] AndroidHardwareBufferProperties
09-11 11:06:31.715  4399  9905 I WiVRn   : [2026-09-11 11:06:31.715] [WiVRn] [info]   Vulkan format: Undefined
09-11 11:06:31.715  4399  9905 I WiVRn   : [2026-09-11 11:06:31.715] [WiVRn] [info]   External format: 0x28e
09-11 11:06:31.715  4399  9905 I WiVRn   : [2026-09-11 11:06:31.715] [WiVRn] [info]   Format features: { SampledImage | StorageImage | SampledImageFilterLinear | TransferSrc | TransferDst | MidpointChromaSamples | SampledImageYcbcrConversionLinearFilter | SampledImageYcbcrConversionSeparateReconstructionFilter | CositedChromaSamples | SampledImageFilterMinmax | SampledImageFilterCubicEXT }
09-11 11:06:31.715  4399  9905 I WiVRn   : [2026-09-11 11:06:31.715] [WiVRn] [info]   samplerYcbcrConversionComponents: (Identity, Identity, Identity, Identity)
09-11 11:06:31.715  4399  9905 I WiVRn   : [2026-09-11 11:06:31.715] [WiVRn] [info]   Suggested YCbCr model: Ycbcr709
09-11 11:06:31.715  4399  9905 I WiVRn   : [2026-09-11 11:06:31.715] [WiVRn] [info]   Suggested YCbCr range: ItuNarrow
09-11 11:06:31.715  4399  9905 I WiVRn   : [2026-09-11 11:06:31.715] [WiVRn] [info]   Suggested X chroma offset: Midpoint
09-11 11:06:31.715  4399  9905 I WiVRn   : [2026-09-11 11:06:31.715] [WiVRn] [info]   Suggested Y chroma offset: Midpoint
09-11 11:06:31.738  4399  9914 I WiVRn   : [2026-09-11 11:06:31.738] [WiVRn] [info] Mediacodec format changed
09-11 11:06:31.738  4399  9913 I WiVRn   : [2026-09-11 11:06:31.738] [WiVRn] [info] decoded image size: 2688x2688
09-11 11:06:31.738  4399  9913 I WiVRn   : [2026-09-11 11:06:31.738] [WiVRn] [info] AndroidHardwareBufferProperties
09-11 11:06:31.738  4399  9913 I WiVRn   : [2026-09-11 11:06:31.738] [WiVRn] [info]   Vulkan format: Undefined
09-11 11:06:31.738  4399  9913 I WiVRn   : [2026-09-11 11:06:31.738] [WiVRn] [info]   External format: 0x28e
09-11 11:06:31.738  4399  9913 I WiVRn   : [2026-09-11 11:06:31.738] [WiVRn] [info]   Format features: { SampledImage | StorageImage | SampledImageFilterLinear | TransferSrc | TransferDst | MidpointChromaSamples | SampledImageYcbcrConversionLinearFilter | SampledImageYcbcrConversionSeparateReconstructionFilter | CositedChromaSamples | SampledImageFilterMinmax | SampledImageFilterCubicEXT }
09-11 11:06:31.738  4399  9913 I WiVRn   : [2026-09-11 11:06:31.738] [WiVRn] [info]   samplerYcbcrConversionComponents: (Identity, Identity, Identity, Identity)
09-11 11:06:31.738  4399  9913 I WiVRn   : [2026-09-11 11:06:31.738] [WiVRn] [info]   Suggested YCbCr model: Ycbcr709
09-11 11:06:31.738  4399  9913 I WiVRn   : [2026-09-11 11:06:31.738] [WiVRn] [info]   Suggested YCbCr range: ItuNarrow
09-11 11:06:31.738  4399  9913 I WiVRn   : [2026-09-11 11:06:31.738] [WiVRn] [info]   Suggested X chroma offset: Midpoint
09-11 11:06:31.738  4399  9913 I WiVRn   : [2026-09-11 11:06:31.738] [WiVRn] [info]   Suggested Y chroma offset: Midpoint
09-11 11:06:31.739  4399  9913 I WiVRn   : [2026-09-11 11:06:31.739] [WiVRn] [info] Stream scene ready at t=387419978936689
09-11 11:06:31.746  4399  9838 I WiVRn   : [2026-09-11 11:06:31.746] [WiVRn] [info] MulticastLock released
09-11 11:06:31.748  4399  9838 I WiVRn   : [2026-09-11 11:06:31.748] [WiVRn] [info] Loaded input profile pico-4
09-11 11:06:31.748  4399  9838 I WiVRn   : [2026-09-11 11:06:31.748] [WiVRn] [info] Initializing offset of space aim_left to (-5, 0, 20) mm, (0, -0, 0)°
09-11 11:06:31.748  4399  9838 I WiVRn   : [2026-09-11 11:06:31.748] [WiVRn] [info] Initializing offset of space aim_right to (5, 0, 20) mm, (0, -0, 0)°
09-11 11:06:31.748  4399  9838 I WiVRn   : [2026-09-11 11:06:31.748] [WiVRn] [info] Initializing offset of space grip_left to (0, -20, -50) mm, (-30.000002, -0, 0)°
09-11 11:06:31.748  4399  9838 I WiVRn   : [2026-09-11 11:06:31.748] [WiVRn] [info] Initializing offset of space grip_right to (0, -20, -50) mm, (-30.000002, -0, 0)°
09-11 11:06:31.751  4399  9891 I WiVRn   : [2026-09-11 11:06:31.751] [WiVRn] [info] frame 1 was not sent because no shard was received
09-11 11:06:31.764  4399  9838 I WiVRn   : [2026-09-11 11:06:31.764] [WiVRn] [info] Font for de /system/fonts/PICOSans.ttf
09-11 11:06:31.764  4399  9838 I WiVRn   : [2026-09-11 11:06:31.764] [WiVRn] [info] Font for es /system/fonts/PICOSans.ttf
09-11 11:06:31.764  4399  9838 I WiVRn   : [2026-09-11 11:06:31.764] [WiVRn] [info] Font for fr /system/fonts/PICOSans.ttf
09-11 11:06:31.764  4399  9838 I WiVRn   : [2026-09-11 11:06:31.764] [WiVRn] [info] Font for fr /system/fonts/Roboto-Regular.ttf
09-11 11:06:31.764  4399  9838 I WiVRn   : [2026-09-11 11:06:31.764] [WiVRn] [info] Font for it /system/fonts/PICOSans.ttf
09-11 11:06:31.764  4399  9838 I WiVRn   : [2026-09-11 11:06:31.764] [WiVRn] [info] Font for ja /system/fonts/PICOSans.ttf
09-11 11:06:31.764  4399  9838 I WiVRn   : [2026-09-11 11:06:31.764] [WiVRn] [info] Font for ja /system/fonts/PICOSansVFJP.ttf
09-11 11:06:31.764  4399  9838 I WiVRn   : [2026-09-11 11:06:31.764] [WiVRn] [info] Font for ka /system/fonts/PICOSans.ttf
09-11 11:06:31.764  4399  9838 I WiVRn   : [2026-09-11 11:06:31.764] [WiVRn] [info] Font for ka /system/fonts/NotoSansGeorgian-Regular.otf
09-11 11:06:31.764  4399  9838 I WiVRn   : [2026-09-11 11:06:31.764] [WiVRn] [info] Font for ka /system/fonts/PICOSans.ttf
09-11 11:06:31.764  4399  9838 I WiVRn   : [2026-09-11 11:06:31.764] [WiVRn] [info] Font for pl /system/fonts/PICOSans.ttf
09-11 11:06:31.764  4399  9838 I WiVRn   : [2026-09-11 11:06:31.764] [WiVRn] [info] Font for pl /system/fonts/Roboto-Regular.ttf
09-11 11:06:31.764  4399  9838 I WiVRn   : [2026-09-11 11:06:31.764] [WiVRn] [info] Font for pl /system/fonts/PICOSans.ttf
09-11 11:06:31.764  4399  9838 I WiVRn   : [2026-09-11 11:06:31.764] [WiVRn] [info] Font for pl /system/fonts/PICOSansSC-Regular.ttf
09-11 11:06:31.764  4399  9838 I WiVRn   : [2026-09-11 11:06:31.764] [WiVRn] [info] Font for pl /system/fonts/Roboto-Regular.ttf
09-11 11:06:31.764  4399  9838 I WiVRn   : [2026-09-11 11:06:31.764] [WiVRn] [info] Font for pl /system/fonts/PICOSans.ttf
09-11 11:06:31.764  4399  9838 I WiVRn   : [2026-09-11 11:06:31.764] [WiVRn] [info] Font for pt_BR /system/fonts/PICOSans.ttf
09-11 11:06:31.764  4399  9838 I WiVRn   : [2026-09-11 11:06:31.764] [WiVRn] [info] Font for ru /system/fonts/PICOSans.ttf
09-11 11:06:31.764  4399  9838 I WiVRn   : [2026-09-11 11:06:31.764] [WiVRn] [info] Font for ru /system/fonts/PICOSansSC-Regular.ttf
09-11 11:06:31.764  4399  9838 I WiVRn   : [2026-09-11 11:06:31.764] [WiVRn] [info] Font for ru /system/fonts/PICOSans.ttf
09-11 11:06:31.764  4399  9838 I WiVRn   : [2026-09-11 11:06:31.764] [WiVRn] [info] Font for sk /system/fonts/PICOSans.ttf
09-11 11:06:31.764  4399  9838 I WiVRn   : [2026-09-11 11:06:31.764] [WiVRn] [info] Font for sk /system/fonts/Roboto-Regular.ttf
09-11 11:06:31.764  4399  9838 I WiVRn   : [2026-09-11 11:06:31.764] [WiVRn] [info] Font for sk /system/fonts/PICOSansSC-Regular.ttf
09-11 11:06:31.764  4399  9838 I WiVRn   : [2026-09-11 11:06:31.764] [WiVRn] [info] Font for sk /system/fonts/PICOSans.ttf
09-11 11:06:31.764  4399  9838 I WiVRn   : [2026-09-11 11:06:31.764] [WiVRn] [info] Font for sk /system/fonts/Roboto-Regular.ttf
09-11 11:06:31.764  4399  9838 I WiVRn   : [2026-09-11 11:06:31.764] [WiVRn] [info] Font for sk /system/fonts/PICOSans.ttf
09-11 11:06:31.764  4399  9838 I WiVRn   : [2026-09-11 11:06:31.764] [WiVRn] [info] Font for tr /system/fonts/PICOSans.ttf
09-11 11:06:31.764  4399  9838 I WiVRn   : [2026-09-11 11:06:31.764] [WiVRn] [info] Font for tr /system/fonts/Roboto-Regular.ttf
09-11 11:06:31.764  4399  9838 I WiVRn   : [2026-09-11 11:06:31.764] [WiVRn] [info] Font for tr /system/fonts/PICOSans.ttf
09-11 11:06:31.764  4399  9838 I WiVRn   : [2026-09-11 11:06:31.764] [WiVRn] [info] Font for tr /system/fonts/Roboto-Regular.ttf
09-11 11:06:31.764  4399  9838 I WiVRn   : [2026-09-11 11:06:31.764] [WiVRn] [info] Font for tr /system/fonts/PICOSans.ttf
09-11 11:06:31.765  4399  9838 I WiVRn   : [2026-09-11 11:06:31.765] [WiVRn] [info] Font for zh_CN /system/fonts/PICOSans.ttf
09-11 11:06:31.765  4399  9838 I WiVRn   : [2026-09-11 11:06:31.765] [WiVRn] [info] Font for zh_CN /system/fonts/PICOSansSC-Regular.ttf
09-11 11:06:31.765  4399  9838 I WiVRn   : [2026-09-11 11:06:31.765] [WiVRn] [info] Font for zh_TW /system/fonts/PICOSans.ttf
09-11 11:06:31.765  4399  9838 I WiVRn   : [2026-09-11 11:06:31.765] [WiVRn] [info] Font for zh_TW /system/fonts/PICOSansSC-Regular.ttf
09-11 11:06:31.769  4399  9838 I WiVRn   : [2026-09-11 11:06:31.769] [WiVRn] [info] Using font /system/fonts/PICOSans.ttf
09-11 11:06:31.770  4399  9838 I WiVRn   : [2026-09-11 11:06:31.770] [WiVRn] [info] Using font /system/fonts/Roboto-Regular.ttf
09-11 11:06:31.770  4399  9838 I WiVRn   : [2026-09-11 11:06:31.770] [WiVRn] [info] Using font /system/fonts/PICOSansVFJP.ttf
09-11 11:06:31.789  4399  9838 I WiVRn   : [2026-09-11 11:06:31.789] [WiVRn] [info] Using font /system/fonts/NotoSansGeorgian-Regular.otf
09-11 11:06:31.790  4399  9838 I WiVRn   : [2026-09-11 11:06:31.790] [WiVRn] [info] Using font /system/fonts/PICOSansSC-Regular.ttf
09-11 11:06:31.801  4399  9838 I WiVRn   : [2026-09-11 11:06:31.801] [WiVRn] [info] Performance level: CPU domain asked for sustained_high
09-11 11:06:31.801  4399  9838 I WiVRn   : [2026-09-11 11:06:31.801] [WiVRn] [info] nxwarp: GPU performance level setting 2
09-11 11:06:31.801  4399  9838 I WiVRn   : [2026-09-11 11:06:31.801] [WiVRn] [info] Performance level: GPU domain asked for boost
09-11 11:06:31.801  4399  9838 W WiVRn   : [2026-09-11 11:06:31.801] [WiVRn] [warning] Failed to find a common frame for all decoders, dumping available frames per decoder
09-11 11:06:31.801  4399  9838 W WiVRn   : [2026-09-11 11:06:31.801] [WiVRn] [warning]  3 - 2
09-11 11:06:31.801  4399  9838 W WiVRn   : [2026-09-11 11:06:31.801] [WiVRn] [warning]  6 4 5
09-11 11:06:31.801  4399  9838 W WiVRn   : [2026-09-11 11:06:31.801] [WiVRn] [warning]  - - -
09-11 11:06:31.801  4399  9838 I WiVRn   : [2026-09-11 11:06:31.801] [WiVRn] [info] swapchain setup, refresh rate 90
09-11 11:06:31.801  4399  9838 I WiVRn   : [2026-09-11 11:06:31.801] [WiVRn] [info] set refresh rate to 90Hz
09-11 11:06:31.835  4399  9838 W WiVRn   : [2026-09-11 11:06:31.835] [WiVRn] [warning] XR mutable swapchain request rejected (-2); retrying without format list
09-11 11:06:31.886  4399  9838 I WiVRn   : [2026-09-11 11:06:31.886] [WiVRn] [info] Created stream swapchain: 2688x2688
09-11 11:06:31.886  4399  9838 W WiVRn   : [2026-09-11 11:06:31.886] [WiVRn] [warning] Swapchain size larger than maximum 2560x2560
09-11 11:06:31.886  4399  9838 W WiVRn   : [2026-09-11 11:06:31.886] [WiVRn] [warning] Swapchain size larger than maximum 2560x2560
09-11 11:06:31.886  4399  9838 I WiVRn   : [2026-09-11 11:06:31.886] [WiVRn] [info] Initializing reprojector
09-11 11:06:31.887  4399  9838 I WiVRn   : [2026-09-11 11:06:31.887] [WiVRn] [info] Static FDM enabled: 168x168 map, texel 16x16
09-11 11:06:31.887  4399  9838 I WiVRn   : [2026-09-11 11:06:31.887] [WiVRn] [info] nxwarp atlas vertex warp enabled
09-11 11:06:31.888  4399  9838 I WiVRn   : [2026-09-11 11:06:31.888] [WiVRn] [info] Atlas UNORM attachment views ready
09-11 11:06:31.888  4399  9838 I WiVRn   : [2026-09-11 11:06:31.888] [WiVRn] [info] Atlas mutable swapchain enabled
09-11 11:06:31.888  4399  9838 I WiVRn   : [2026-09-11 11:06:31.888] [WiVRn] [info] NX static post active
09-11 11:06:31.888  4399  9838 I WiVRn   : [2026-09-11 11:06:31.888] [WiVRn] [info] NX static bleed compiled out
09-11 11:06:31.888  4399  9838 I WiVRn   : [2026-09-11 11:06:31.888] [WiVRn] [info] NX peripheral smoothing mode 3
09-11 11:06:31.888  4399  9838 I WiVRn   : [2026-09-11 11:06:31.888] [WiVRn] [info] Atlas UNORM attachment path active
09-11 11:06:32.002  4399  9927 I WiVRn   : [2026-09-11 11:06:32.002] [WiVRn] [info] Tracking pattern (11112µs):
09-11 11:06:32.002  4399  9927 I WiVRn   : [2026-09-11 11:06:32.002] [WiVRn] [info] 	t+5112µs HEAD (6000µs)
09-11 11:06:32.002  4399  9927 I WiVRn   : [2026-09-11 11:06:32.002] [WiVRn] [info] 	t+5233µs LEFT_GRIP (5878µs)
09-11 11:06:32.002  4399  9927 I WiVRn   : [2026-09-11 11:06:32.002] [WiVRn] [info] 	t+5258µs RIGHT_GRIP (5853µs)
09-11 11:06:32.002  4399  9927 I WiVRn   : [2026-09-11 11:06:32.002] [WiVRn] [info] 	t+8112µs HEAD (3000µs)
09-11 11:06:32.002  4399  9927 I WiVRn   : [2026-09-11 11:06:32.002] [WiVRn] [info] 	t+8233µs LEFT_GRIP (2878µs)
09-11 11:06:32.002  4399  9927 I WiVRn   : [2026-09-11 11:06:32.002] [WiVRn] [info] 	t+8258µs RIGHT_GRIP (2853µs)
09-11 11:06:32.002  4399  9927 I WiVRn   : [2026-09-11 11:06:32.002] [WiVRn] [info] 	t+11112µs HEAD (0µs)
09-11 11:06:32.112  4399  9838 I WiVRn   : [2026-09-11 11:06:32.112] [WiVRn] [info] geometry[eye 0]: view_info fov L-53.34 R53.34 U53.34 D-53.34 | layer fov L-53.34 R53.34 U53.34 D-53.34 deg | layer rect 2688x2688 | defoveated 2688x2688 | scale 1.00
09-11 11:06:32.112  4399  9838 I WiVRn   : [2026-09-11 11:06:32.112] [WiVRn] [info] geometry[eye 1]: view_info fov L-53.34 R53.34 U53.34 D-53.34 | layer fov L-53.34 R53.34 U53.34 D-53.34 deg | layer rect 2688x2688 | defoveated 2688x2688 | scale 1.00
09-11 11:06:32.123  4399  9830 I PxrMetric: FPS=90/90,MTP=-289.02ms,AppSW=off,FrmEarly=0,FrmLate=0,FrmCpu=1.17ms,FrmGpu=1.47ms,FrmTime=2.65ms,ATWGPU=4.75ms,VsyncDelay=1,GPU=56%/587Mhz,GPUTemp=85.3C,LayerCnt=4,Pkg=org.meumeu.wivrn.nx.warp,FrmId=237
09-11 11:06:32.124  4399  9838 I WiVRn   : [2026-09-11 11:06:32.124] [WiVRn] [info] render: 1 iterations in 3.4 s (0.3/s), 1 submitted a layer, 1 new-source, 0 skipped by the repeat gate, 0 with nothing to show; display period 11.1 ms
09-11 11:06:32.124  4399  9838 I WiVRn   : [2026-09-11 11:06:32.124] [WiVRn] [info] render: ready wait attempts 0 success 0 total 0.000 ms | selected older than available 0
09-11 11:06:32.124  4399  9838 I WiVRn   : [2026-09-11 11:06:32.124] [WiVRn] [info] render: selected source transitions forward 0 backward 0 repeat 0, greatest forward gap 0
09-11 11:06:32.124  4399  9838 I WiVRn   : [2026-09-11 11:06:32.124] [WiVRn] [info] render: this app's own GPU pass 0.0 ms per iteration
09-11 11:06:32.124  4399  9838 I WiVRn   : [2026-09-11 11:06:32.124] [WiVRn] [info] render: defoveate 2688x2688 per eye x2 = 14.45 Mpx/frame at scale 1.00 atlas-prototype 0; 0 re-presented from the cache (reduce_gpu_load on)
09-11 11:06:32.124  4399  9838 I WiVRn   : [2026-09-11 11:06:32.124] [WiVRn] [info] render: shader path sharpness 0.00 fsr false alpha false motion false blend false glow 0.00 vignette 0.00 deband 1.00 lowpoly 0.00 levels 0 full-kernel false
09-11 11:06:32.124  4399  9838 I WiVRn   : [2026-09-11 11:06:32.124] [WiVRn] [info] render: per iteration fence 0.0 (worst 0.0) | queries 0.0 | submit 0.1 | whole render() 322.6 ms
09-11 11:06:32.124  4399  9838 I WiVRn   : [2026-09-11 11:06:32.124] [WiVRn] [info] render: motion fields matched 0 active 0 mean active step 0.000
09-11 11:06:32.124  4399  9838 I WiVRn   : [2026-09-11 11:06:32.124] [WiVRn] [info] render: selection-to-defoveate CPU 86.697 ms mean (max 86.697) over 1 actual defoveate calls; not GPU/photon latency
09-11 11:06:32.124  4399  9838 I WiVRn   : [2026-09-11 11:06:32.124] [WiVRn] [info] render: jit on | wake slack 29.3 ms | slept 0.0 ms mean (max 0.0, 0 of 1 iterations) | budget 1.0 = pass 0.0 + margin 1.0 | sleep cap 5.0 ms
09-11 11:06:32.124  4399  9838 I WiVRn   : [2026-09-11 11:06:32.124] [WiVRn] [info] render: source display-time offset 122.6 ms mean (worst 122.6) over 1 frames | submit lead 0.0 ms mean (worst 0.0) | misses: 0 overrun 0 late 0 skipped refresh
09-11 11:06:32.124  4399  9838 I WiVRn   : [2026-09-11 11:06:32.124] [WiVRn] [info] render: source->first 18.1 ms | wire 25.6 | queue 0.0 | decode 47.4 | decode->selection 2.5 | selection->predicted 29.1 | sum 122.6 over 1 selected frames (0 invalid)
09-11 11:06:32.124  4399  9838 I WiVRn   : [2026-09-11 11:06:32.124] [WiVRn] [info] Received event type XR_TYPE_EVENT_DATA_INTERACTION_PROFILE_CHANGED
09-11 11:06:32.124  4399  9838 I WiVRn   : [2026-09-11 11:06:32.124] [WiVRn] [info] interaction profile for /user/hand/left: /interaction_profiles/ext/hand_interaction_ext
09-11 11:06:32.124  4399  9838 I WiVRn   : [2026-09-11 11:06:32.124] [WiVRn] [info] interaction profile for /user/hand/right: /interaction_profiles/ext/hand_interaction_ext
09-11 11:06:32.124  4399  9838 I WiVRn   : [2026-09-11 11:06:32.124] [WiVRn] [info] interaction profile for /user/gamepad: XR_NULL_PATH
09-11 11:06:32.124  4399  9838 W WiVRn   : [2026-09-11 11:06:32.124] [WiVRn] [warning] unknown interaction profile XR_NULL_PATH
09-11 11:06:32.124  4399  9838 I WiVRn   : [2026-09-11 11:06:32.124] [WiVRn] [info] Received event type XR_TYPE_EVENT_DATA_INTERACTION_PROFILE_CHANGED
09-11 11:06:32.124  4399  9838 I WiVRn   : [2026-09-11 11:06:32.124] [WiVRn] [info] interaction profile for /user/hand/left: /interaction_profiles/ext/hand_interaction_ext
09-11 11:06:32.124  4399  9838 I WiVRn   : [2026-09-11 11:06:32.124] [WiVRn] [info] interaction profile for /user/hand/right: /interaction_profiles/ext/hand_interaction_ext
09-11 11:06:32.124  4399  9838 I WiVRn   : [2026-09-11 11:06:32.124] [WiVRn] [info] interaction profile for /user/gamepad: XR_NULL_PATH
09-11 11:06:32.124  4399  9838 W WiVRn   : [2026-09-11 11:06:32.124] [WiVRn] [warning] unknown interaction profile XR_NULL_PATH
09-11 11:06:32.124  4399  9838 I WiVRn   : [2026-09-11 11:06:32.124] [WiVRn] [info] Received event type XR_TYPE_EVENT_DATA_INTERACTION_PROFILE_CHANGED
09-11 11:06:32.124  4399  9838 I WiVRn   : [2026-09-11 11:06:32.124] [WiVRn] [info] interaction profile for /user/hand/left: /interaction_profiles/ext/hand_interaction_ext
09-11 11:06:32.124  4399  9838 I WiVRn   : [2026-09-11 11:06:32.124] [WiVRn] [info] interaction profile for /user/hand/right: /interaction_profiles/ext/hand_interaction_ext
09-11 11:06:32.124  4399  9838 I WiVRn   : [2026-09-11 11:06:32.124] [WiVRn] [info] interaction profile for /user/gamepad: XR_NULL_PATH
09-11 11:06:32.124  4399  9838 W WiVRn   : [2026-09-11 11:06:32.124] [WiVRn] [warning] unknown interaction profile XR_NULL_PATH
09-11 11:06:32.137  4399  9838 I WiVRn   : [2026-09-11 11:06:32.137] [WiVRn] [info] Received event type Unknown
09-11 11:06:32.551  4399  9891 I WiVRn   : [2026-09-11 11:06:32.551] [WiVRn] [info] frame 49 was not sent because no shard was received
09-11 11:06:32.552  4399  9891 I WiVRn   : [2026-09-11 11:06:32.552] [WiVRn] [info] frame 49 was not sent because no shard was received
09-11 11:06:32.569  4399  9891 I WiVRn   : [2026-09-11 11:06:32.569] [WiVRn] [info] frame 50 was not sent because no shard was received
09-11 11:06:32.576  4399  9838 W WiVRn   : [2026-09-11 11:06:32.576] [WiVRn] [warning] Failed to find a common frame for all decoders, dumping available frames per decoder
09-11 11:06:32.576  4399  9838 W WiVRn   : [2026-09-11 11:06:32.576] [WiVRn] [warning]  51 52 53
09-11 11:06:32.576  4399  9838 W WiVRn   : [2026-09-11 11:06:32.576] [WiVRn] [warning]  48 46 47
09-11 11:06:32.576  4399  9838 W WiVRn   : [2026-09-11 11:06:32.576] [WiVRn] [warning]  - - -
09-11 11:06:32.587  4399  9838 W WiVRn   : [2026-09-11 11:06:32.587] [WiVRn] [warning] Failed to find a common frame for all decoders, dumping available frames per decoder
09-11 11:06:32.587  4399  9838 W WiVRn   : [2026-09-11 11:06:32.587] [WiVRn] [warning]  54 52 53
09-11 11:06:32.587  4399  9838 W WiVRn   : [2026-09-11 11:06:32.587] [WiVRn] [warning]  51 46 47
09-11 11:06:32.587  4399  9838 W WiVRn   : [2026-09-11 11:06:32.587] [WiVRn] [warning]  - - -
09-11 11:06:32.997  4399  9927 I WiVRn   : [2026-09-11 11:06:32.997] [WiVRn] [info] Tracking pattern (11108µs):
09-11 11:06:32.997  4399  9927 I WiVRn   : [2026-09-11 11:06:32.997] [WiVRn] [info] 	t+409µs HEAD (21807µs)
09-11 11:06:32.997  4399  9927 I WiVRn   : [2026-09-11 11:06:32.997] [WiVRn] [info] 	t+447µs LEFT_GRIP (21769µs)
09-11 11:06:32.997  4399  9927 I WiVRn   : [2026-09-11 11:06:32.997] [WiVRn] [info] 	t+455µs RIGHT_GRIP (21761µs)
09-11 11:06:32.997  4399  9927 I WiVRn   : [2026-09-11 11:06:32.997] [WiVRn] [info] 	t+1301µs HEAD (9807µs)
09-11 11:06:32.997  4399  9927 I WiVRn   : [2026-09-11 11:06:32.997] [WiVRn] [info] 	t+1339µs LEFT_GRIP (9769µs)
09-11 11:06:32.997  4399  9927 I WiVRn   : [2026-09-11 11:06:32.997] [WiVRn] [info] 	t+1347µs RIGHT_GRIP (9761µs)
09-11 11:06:32.997  4399  9927 I WiVRn   : [2026-09-11 11:06:32.997] [WiVRn] [info] 	t+2517µs HEAD (30807µs)
09-11 11:06:32.997  4399  9927 I WiVRn   : [2026-09-11 11:06:32.997] [WiVRn] [info] 	t+2555µs LEFT_GRIP (30769µs)
09-11 11:06:32.997  4399  9927 I WiVRn   : [2026-09-11 11:06:32.997] [WiVRn] [info] 	t+2564µs RIGHT_GRIP (30761µs)
09-11 11:06:32.997  4399  9927 I WiVRn   : [2026-09-11 11:06:32.997] [WiVRn] [info] 	t+3409µs HEAD (18807µs)
09-11 11:06:32.997  4399  9927 I WiVRn   : [2026-09-11 11:06:32.997] [WiVRn] [info] 	t+3447µs LEFT_GRIP (18769µs)
09-11 11:06:32.997  4399  9927 I WiVRn   : [2026-09-11 11:06:32.997] [WiVRn] [info] 	t+3455µs RIGHT_GRIP (18761µs)
09-11 11:06:32.997  4399  9927 I WiVRn   : [2026-09-11 11:06:32.997] [WiVRn] [info] 	t+4301µs HEAD (6807µs)
09-11 11:06:32.997  4399  9927 I WiVRn   : [2026-09-11 11:06:32.997] [WiVRn] [info] 	t+4339µs LEFT_GRIP (6769µs)
09-11 11:06:32.997  4399  9927 I WiVRn   : [2026-09-11 11:06:32.997] [WiVRn] [info] 	t+4347µs RIGHT_GRIP (6761µs)
09-11 11:06:32.997  4399  9927 I WiVRn   : [2026-09-11 11:06:32.997] [WiVRn] [info] 	t+5517µs HEAD (27807µs)
09-11 11:06:32.997  4399  9927 I WiVRn   : [2026-09-11 11:06:32.997] [WiVRn] [info] 	t+5555µs LEFT_GRIP (27769µs)
09-11 11:06:32.997  4399  9927 I WiVRn   : [2026-09-11 11:06:32.997] [WiVRn] [info] 	t+5564µs RIGHT_GRIP (27761µs)
09-11 11:06:32.997  4399  9927 I WiVRn   : [2026-09-11 11:06:32.997] [WiVRn] [info] 	t+6409µs HEAD (15807µs)
09-11 11:06:32.997  4399  9927 I WiVRn   : [2026-09-11 11:06:32.997] [WiVRn] [info] 	t+6447µs LEFT_GRIP (15769µs)
09-11 11:06:32.997  4399  9927 I WiVRn   : [2026-09-11 11:06:32.997] [WiVRn] [info] 	t+6455µs RIGHT_GRIP (15761µs)
09-11 11:06:32.997  4399  9927 I WiVRn   : [2026-09-11 11:06:32.997] [WiVRn] [info] 	t+7301µs HEAD (3807µs)
09-11 11:06:32.997  4399  9927 I WiVRn   : [2026-09-11 11:06:32.997] [WiVRn] [info] 	t+7339µs LEFT_GRIP (3769µs)
09-11 11:06:32.997  4399  9927 I WiVRn   : [2026-09-11 11:06:32.997] [WiVRn] [info] 	t+7347µs RIGHT_GRIP (3761µs)
09-11 11:06:32.997  4399  9927 I WiVRn   : [2026-09-11 11:06:32.997] [WiVRn] [info] 	t+7626µs HEAD (36807µs)
09-11 11:06:32.997  4399  9927 I WiVRn   : [2026-09-11 11:06:32.997] [WiVRn] [info] 	t+7664µs LEFT_GRIP (36769µs)
09-11 11:06:32.997  4399  9927 I WiVRn   : [2026-09-11 11:06:32.997] [WiVRn] [info] 	t+7672µs RIGHT_GRIP (36761µs)
09-11 11:06:32.997  4399  9927 I WiVRn   : [2026-09-11 11:06:32.997] [WiVRn] [info] 	t+8517µs HEAD (24807µs)
09-11 11:06:32.997  4399  9927 I WiVRn   : [2026-09-11 11:06:32.997] [WiVRn] [info] 	t+8555µs LEFT_GRIP (24769µs)
09-11 11:06:32.997  4399  9927 I WiVRn   : [2026-09-11 11:06:32.997] [WiVRn] [info] 	t+8564µs RIGHT_GRIP (24761µs)
09-11 11:06:32.997  4399  9927 I WiVRn   : [2026-09-11 11:06:32.997] [WiVRn] [info] 	t+9409µs HEAD (12807µs)
09-11 11:06:32.997  4399  9927 I WiVRn   : [2026-09-11 11:06:32.997] [WiVRn] [info] 	t+9447µs LEFT_GRIP (12769µs)
09-11 11:06:32.997  4399  9927 I WiVRn   : [2026-09-11 11:06:32.997] [WiVRn] [info] 	t+9455µs RIGHT_GRIP (12761µs)
09-11 11:06:32.997  4399  9927 I WiVRn   : [2026-09-11 11:06:32.997] [WiVRn] [info] 	t+10626µs HEAD (33807µs)
09-11 11:06:32.997  4399  9927 I WiVRn   : [2026-09-11 11:06:32.997] [WiVRn] [info] 	t+10664µs LEFT_GRIP (33769µs)
09-11 11:06:32.997  4399  9927 I WiVRn   : [2026-09-11 11:06:32.997] [WiVRn] [info] 	t+10672µs RIGHT_GRIP (33761µs)
09-11 11:06:33.140  4399  9830 I PxrMetric: FPS=61/90,MTP=31.29ms,AppSW=off,FrmEarly=25,FrmLate=3,FrmCpu=0.88ms,FrmGpu=6.78ms,FrmTime=9.37ms,ATWGPU=4.61ms,VsyncDelay=1,GPU=42%/587Mhz,GPUTemp=84.5C,LayerCnt=2,Pkg=org.meumeu.wivrn.nx.warp,FrmId=329
09-11 11:06:33.438  4399  9891 I WiVRn   : [2026-09-11 11:06:33.438] [WiVRn] [info] frame 104 was not sent because no shard was received
09-11 11:06:33.449  4399  9891 I WiVRn   : [2026-09-11 11:06:33.449] [WiVRn] [info] frame 104 was not sent because no shard was received
09-11 11:06:33.538  4399  9891 I WiVRn   : [2026-09-11 11:06:33.537] [WiVRn] [info] frame 110 was not sent because no shard was received
09-11 11:06:33.542  4399  9891 I WiVRn   : [2026-09-11 11:06:33.542] [WiVRn] [info] frame 110 was not sent because no shard was received
09-11 11:06:33.560  4399  9891 I WiVRn   : [2026-09-11 11:06:33.560] [WiVRn] [info] frame 111 was not sent because no shard was received
09-11 11:06:33.563  4399  9838 W WiVRn   : [2026-09-11 11:06:33.563] [WiVRn] [warning] Failed to find a common frame for all decoders, dumping available frames per decoder
09-11 11:06:33.563  4399  9838 W WiVRn   : [2026-09-11 11:06:33.563] [WiVRn] [warning]  111 112 113
09-11 11:06:33.563  4399  9838 W WiVRn   : [2026-09-11 11:06:33.563] [WiVRn] [warning]  108 109 107
09-11 11:06:33.563  4399  9838 W WiVRn   : [2026-09-11 11:06:33.563] [WiVRn] [warning]  - - -
09-11 11:06:33.575  4399  9838 W WiVRn   : [2026-09-11 11:06:33.575] [WiVRn] [warning] Failed to find a common frame for all decoders, dumping available frames per decoder
09-11 11:06:33.575  4399  9838 W WiVRn   : [2026-09-11 11:06:33.575] [WiVRn] [warning]  114 115 113
09-11 11:06:33.575  4399  9838 W WiVRn   : [2026-09-11 11:06:33.575] [WiVRn] [warning]  108 112 107
09-11 11:06:33.575  4399  9838 W WiVRn   : [2026-09-11 11:06:33.575] [WiVRn] [warning]  - - -
09-11 11:06:33.585  4399  9838 W WiVRn   : [2026-09-11 11:06:33.585] [WiVRn] [warning] Failed to find a common frame for all decoders, dumping available frames per decoder
09-11 11:06:33.585  4399  9838 W WiVRn   : [2026-09-11 11:06:33.585] [WiVRn] [warning]  114 115 116
09-11 11:06:33.585  4399  9838 W WiVRn   : [2026-09-11 11:06:33.585] [WiVRn] [warning]  108 112 113
09-11 11:06:33.585  4399  9838 W WiVRn   : [2026-09-11 11:06:33.585] [WiVRn] [warning]  - - -
09-11 11:06:33.785  4399  9891 I WiVRn   : [2026-09-11 11:06:33.785] [WiVRn] [info] frame 125 was not sent because no shard was received
09-11 11:06:33.808  4399  9838 I WiVRn   : [2026-09-11 11:06:33.808] [WiVRn] [info] render: 153 iterations in 2.0 s (76.2/s), 153 submitted a layer, 91 new-source, 0 skipped by the repeat gate, 0 with nothing to show; display period 13.1 ms
09-11 11:06:33.808  4399  9838 I WiVRn   : [2026-09-11 11:06:33.808] [WiVRn] [info] render: ready wait attempts 0 success 0 total 0.000 ms | selected older than available 21
09-11 11:06:33.808  4399  9838 I WiVRn   : [2026-09-11 11:06:33.808] [WiVRn] [info] render: selected source transitions forward 91 backward 2 repeat 60, greatest forward gap 23
09-11 11:06:33.808  4399  9838 I WiVRn   : [2026-09-11 11:06:33.808] [WiVRn] [info] render: this app's own GPU pass 4.8 ms per iteration
09-11 11:06:33.808  4399  9838 I WiVRn   : [2026-09-11 11:06:33.808] [WiVRn] [info] render: defoveate 2688x2688 per eye x2 = 14.45 Mpx/frame at scale 1.00 atlas-prototype 0; 59 re-presented from the cache (reduce_gpu_load on)
09-11 11:06:33.808  4399  9838 I WiVRn   : [2026-09-11 11:06:33.808] [WiVRn] [info] render: shader path sharpness 0.00 fsr false alpha false motion false blend false glow 0.00 vignette 0.00 deband 1.00 lowpoly 0.00 levels 0 full-kernel false
09-11 11:06:33.808  4399  9838 I WiVRn   : [2026-09-11 11:06:33.808] [WiVRn] [info] render: per iteration fence 0.0 (worst 1.5) | queries 0.0 | submit 0.0 | whole render() 1.0 ms
09-11 11:06:33.808  4399  9838 I WiVRn   : [2026-09-11 11:06:33.808] [WiVRn] [info] render: motion fields matched 0 active 0 mean active step 0.000
09-11 11:06:33.808  4399  9838 I WiVRn   : [2026-09-11 11:06:33.808] [WiVRn] [info] render: selection-to-defoveate CPU 0.065 ms mean (max 0.212) over 94 actual defoveate calls; not GPU/photon latency
09-11 11:06:33.808  4399  9838 I WiVRn   : [2026-09-11 11:06:33.808] [WiVRn] [info] render: jit on | wake slack 36.9 ms | slept 2.0 ms mean (max 5.0, 63 of 153 iterations) | budget 25.5 = pass 24.5 + margin 1.0 | sleep cap 5.0 ms
09-11 11:06:33.808  4399  9838 I WiVRn   : [2026-09-11 11:06:33.808] [WiVRn] [info] render: source display-time offset 28.6 ms mean (worst 113.4) over 153 frames | submit lead 31.7 ms mean (worst -293.4) | misses: 0 overrun 0 late 0 skipped refresh
09-11 11:06:33.808  4399  9838 I WiVRn   : [2026-09-11 11:06:33.808] [WiVRn] [info] render: source->first -40.1 ms | wire 3.8 | queue 0.0 | decode 9.7 | decode->selection 20.5 | selection->predicted 34.7 | sum 28.6 over 153 selected frames (0 invalid)
09-11 11:06:33.818  4399  9838 W WiVRn   : [2026-09-11 11:06:33.818] [WiVRn] [warning] Failed to find a common frame for all decoders, dumping available frames per decoder
09-11 11:06:33.818  4399  9838 W WiVRn   : [2026-09-11 11:06:33.818] [WiVRn] [warning]  129 130 128
09-11 11:06:33.818  4399  9838 W WiVRn   : [2026-09-11 11:06:33.818] [WiVRn] [warning]  126 124 125
09-11 11:06:33.818  4399  9838 W WiVRn   : [2026-09-11 11:06:33.818] [WiVRn] [warning]  - - -
09-11 11:06:33.826  4399  9891 I WiVRn   : [2026-09-11 11:06:33.826] [WiVRn] [info] frame 127 was not sent because no shard was received
09-11 11:06:33.829  4399  9838 W WiVRn   : [2026-09-11 11:06:33.829] [WiVRn] [warning] Failed to find a common frame for all decoders, dumping available frames per decoder
09-11 11:06:33.829  4399  9838 W WiVRn   : [2026-09-11 11:06:33.829] [WiVRn] [warning]  129 130 128
09-11 11:06:33.829  4399  9838 W WiVRn   : [2026-09-11 11:06:33.829] [WiVRn] [warning]  126 124 125
09-11 11:06:33.829  4399  9838 W WiVRn   : [2026-09-11 11:06:33.829] [WiVRn] [warning]  - - -
09-11 11:06:33.840  4399  9838 W WiVRn   : [2026-09-11 11:06:33.840] [WiVRn] [warning] Failed to find a common frame for all decoders, dumping available frames per decoder
09-11 11:06:33.840  4399  9838 W WiVRn   : [2026-09-11 11:06:33.840] [WiVRn] [warning]  129 130 131
09-11 11:06:33.840  4399  9838 W WiVRn   : [2026-09-11 11:06:33.840] [WiVRn] [warning]  126 124 128
09-11 11:06:33.840  4399  9838 W WiVRn   : [2026-09-11 11:06:33.840] [WiVRn] [warning]  - - -
09-11 11:06:33.997  4399  9927 I WiVRn   : [2026-09-11 11:06:33.997] [WiVRn] [info] Tracking pattern (11112µs):
09-11 11:06:33.997  4399  9927 I WiVRn   : [2026-09-11 11:06:33.997] [WiVRn] [info] 	t+277µs HEAD (55284µs)
09-11 11:06:33.997  4399  9927 I WiVRn   : [2026-09-11 11:06:33.997] [WiVRn] [info] 	t+317µs LEFT_GRIP (55244µs)
09-11 11:06:33.997  4399  9927 I WiVRn   : [2026-09-11 11:06:33.997] [WiVRn] [info] 	t+328µs RIGHT_GRIP (55233µs)
09-11 11:06:33.997  4399  9927 I WiVRn   : [2026-09-11 11:06:33.997] [WiVRn] [info] 	t+1165µs HEAD (43284µs)
09-11 11:06:33.997  4399  9927 I WiVRn   : [2026-09-11 11:06:33.997] [WiVRn] [info] 	t+1204µs LEFT_GRIP (43244µs)
09-11 11:06:33.997  4399  9927 I WiVRn   : [2026-09-11 11:06:33.997] [WiVRn] [info] 	t+1215µs RIGHT_GRIP (43233µs)
09-11 11:06:33.997  4399  9927 I WiVRn   : [2026-09-11 11:06:33.997] [WiVRn] [info] 	t+1502µs HEAD (76284µs)
09-11 11:06:33.997  4399  9927 I WiVRn   : [2026-09-11 11:06:33.997] [WiVRn] [info] 	t+1541µs LEFT_GRIP (76244µs)
09-11 11:06:33.997  4399  9927 I WiVRn   : [2026-09-11 11:06:33.997] [WiVRn] [info] 	t+1553µs RIGHT_GRIP (76233µs)
09-11 11:06:33.997  4399  9927 I WiVRn   : [2026-09-11 11:06:33.997] [WiVRn] [info] 	t+2389µs HEAD (64284µs)
09-11 11:06:33.997  4399  9927 I WiVRn   : [2026-09-11 11:06:33.997] [WiVRn] [info] 	t+2429µs LEFT_GRIP (64244µs)
09-11 11:06:33.997  4399  9927 I WiVRn   : [2026-09-11 11:06:33.997] [WiVRn] [info] 	t+2440µs RIGHT_GRIP (64233µs)
09-11 11:06:33.997  4399  9927 I WiVRn   : [2026-09-11 11:06:33.997] [WiVRn] [info] 	t+3277µs HEAD (52284µs)
09-11 11:06:33.997  4399  9927 I WiVRn   : [2026-09-11 11:06:33.997] [WiVRn] [info] 	t+3317µs LEFT_GRIP (52244µs)
09-11 11:06:33.997  4399  9927 I WiVRn   : [2026-09-11 11:06:33.997] [WiVRn] [info] 	t+3328µs RIGHT_GRIP (52233µs)
09-11 11:06:33.997  4399  9927 I WiVRn   : [2026-09-11 11:06:33.997] [WiVRn] [info] 	t+4165µs HEAD (40284µs)
09-11 11:06:33.997  4399  9927 I WiVRn   : [2026-09-11 11:06:33.997] [WiVRn] [info] 	t+4204µs LEFT_GRIP (40244µs)
09-11 11:06:33.997  4399  9927 I WiVRn   : [2026-09-11 11:06:33.997] [WiVRn] [info] 	t+4215µs RIGHT_GRIP (40233µs)
09-11 11:06:33.997  4399  9927 I WiVRn   : [2026-09-11 11:06:33.997] [WiVRn] [info] 	t+4502µs HEAD (73284µs)
09-11 11:06:33.997  4399  9927 I WiVRn   : [2026-09-11 11:06:33.997] [WiVRn] [info] 	t+4541µs LEFT_GRIP (73244µs)
09-11 11:06:33.997  4399  9927 I WiVRn   : [2026-09-11 11:06:33.997] [WiVRn] [info] 	t+4553µs RIGHT_GRIP (73233µs)
09-11 11:06:33.997  4399  9927 I WiVRn   : [2026-09-11 11:06:33.997] [WiVRn] [info] 	t+5389µs HEAD (61284µs)
09-11 11:06:33.997  4399  9927 I WiVRn   : [2026-09-11 11:06:33.997] [WiVRn] [info] 	t+5429µs LEFT_GRIP (61244µs)
09-11 11:06:33.997  4399  9927 I WiVRn   : [2026-09-11 11:06:33.997] [WiVRn] [info] 	t+5440µs RIGHT_GRIP (61233µs)
09-11 11:06:33.997  4399  9927 I WiVRn   : [2026-09-11 11:06:33.997] [WiVRn] [info] 	t+6277µs HEAD (49284µs)
09-11 11:06:33.997  4399  9927 I WiVRn   : [2026-09-11 11:06:33.997] [WiVRn] [info] 	t+6317µs LEFT_GRIP (49244µs)
09-11 11:06:33.997  4399  9927 I WiVRn   : [2026-09-11 11:06:33.997] [WiVRn] [info] 	t+6328µs RIGHT_GRIP (49233µs)
09-11 11:06:33.997  4399  9927 I WiVRn   : [2026-09-11 11:06:33.997] [WiVRn] [info] 	t+6614µs HEAD (82284µs)
09-11 11:06:33.997  4399  9927 I WiVRn   : [2026-09-11 11:06:33.997] [WiVRn] [info] 	t+6654µs LEFT_GRIP (82244µs)
09-11 11:06:33.997  4399  9927 I WiVRn   : [2026-09-11 11:06:33.997] [WiVRn] [info] 	t+6665µs RIGHT_GRIP (82233µs)
09-11 11:06:33.997  4399  9927 I WiVRn   : [2026-09-11 11:06:33.997] [WiVRn] [info] 	t+7165µs HEAD (37284µs)
09-11 11:06:33.997  4399  9927 I WiVRn   : [2026-09-11 11:06:33.997] [WiVRn] [info] 	t+7204µs LEFT_GRIP (37244µs)
09-11 11:06:33.997  4399  9927 I WiVRn   : [2026-09-11 11:06:33.997] [WiVRn] [info] 	t+7215µs RIGHT_GRIP (37233µs)
09-11 11:06:33.997  4399  9927 I WiVRn   : [2026-09-11 11:06:33.997] [WiVRn] [info] 	t+7502µs HEAD (70284µs)
09-11 11:06:33.997  4399  9927 I WiVRn   : [2026-09-11 11:06:33.997] [WiVRn] [info] 	t+7541µs LEFT_GRIP (70244µs)
09-11 11:06:33.997  4399  9927 I WiVRn   : [2026-09-11 11:06:33.997] [WiVRn] [info] 	t+7553µs RIGHT_GRIP (70233µs)
09-11 11:06:33.997  4399  9927 I WiVRn   : [2026-09-11 11:06:33.997] [WiVRn] [info] 	t+8389µs HEAD (58284µs)
09-11 11:06:33.997  4399  9927 I WiVRn   : [2026-09-11 11:06:33.997] [WiVRn] [info] 	t+8429µs LEFT_GRIP (58244µs)
09-11 11:06:33.997  4399  9927 I WiVRn   : [2026-09-11 11:06:33.997] [WiVRn] [info] 	t+8440µs RIGHT_GRIP (58233µs)
09-11 11:06:33.997  4399  9927 I WiVRn   : [2026-09-11 11:06:33.997] [WiVRn] [info] 	t+9277µs HEAD (46284µs)
09-11 11:06:33.997  4399  9927 I WiVRn   : [2026-09-11 11:06:33.997] [WiVRn] [info] 	t+9317µs LEFT_GRIP (46244µs)
09-11 11:06:33.997  4399  9927 I WiVRn   : [2026-09-11 11:06:33.997] [WiVRn] [info] 	t+9328µs RIGHT_GRIP (46233µs)
09-11 11:06:33.997  4399  9927 I WiVRn   : [2026-09-11 11:06:33.997] [WiVRn] [info] 	t+9614µs HEAD (79284µs)
09-11 11:06:33.997  4399  9927 I WiVRn   : [2026-09-11 11:06:33.997] [WiVRn] [info] 	t+9654µs LEFT_GRIP (79244µs)
09-11 11:06:33.997  4399  9927 I WiVRn   : [2026-09-11 11:06:33.997] [WiVRn] [info] 	t+9665µs RIGHT_GRIP (79233µs)
09-11 11:06:33.997  4399  9927 I WiVRn   : [2026-09-11 11:06:33.997] [WiVRn] [info] 	t+10165µs HEAD (34284µs)
09-11 11:06:33.997  4399  9927 I WiVRn   : [2026-09-11 11:06:33.997] [WiVRn] [info] 	t+10204µs LEFT_GRIP (34244µs)
09-11 11:06:33.997  4399  9927 I WiVRn   : [2026-09-11 11:06:33.997] [WiVRn] [info] 	t+10215µs RIGHT_GRIP (34233µs)
09-11 11:06:33.997  4399  9927 I WiVRn   : [2026-09-11 11:06:33.997] [WiVRn] [info] 	t+10502µs HEAD (67284µs)
09-11 11:06:33.997  4399  9927 I WiVRn   : [2026-09-11 11:06:33.997] [WiVRn] [info] 	t+10541µs LEFT_GRIP (67244µs)
09-11 11:06:33.997  4399  9927 I WiVRn   : [2026-09-11 11:06:33.997] [WiVRn] [info] 	t+10553µs RIGHT_GRIP (67233µs)
09-11 11:06:34.157  4399  9830 I PxrMetric: FPS=91/90,MTP=35.49ms,AppSW=off,FrmEarly=27,FrmLate=2,FrmCpu=0.77ms,FrmGpu=6.80ms,FrmTime=12.63ms,ATWGPU=4.90ms,VsyncDelay=2,GPU=82%/587Mhz,GPUTemp=83.7C,LayerCnt=2,Pkg=org.meumeu.wivrn.nx.warp,FrmId=421
09-11 11:06:34.587  4399  9891 I WiVRn   : [2026-09-11 11:06:34.587] [WiVRn] [info] frame 173 was not sent because no shard was received
09-11 11:06:34.605  4399  9891 I WiVRn   : [2026-09-11 11:06:34.605] [WiVRn] [info] frame 174 was not sent because no shard was received
09-11 11:06:34.607  4399  9838 W WiVRn   : [2026-09-11 11:06:34.607] [WiVRn] [warning] Failed to find a common frame for all decoders, dumping available frames per decoder
09-11 11:06:34.607  4399  9838 W WiVRn   : [2026-09-11 11:06:34.607] [WiVRn] [warning]  171 172 173
09-11 11:06:34.607  4399  9838 W WiVRn   : [2026-09-11 11:06:34.607] [WiVRn] [warning]  174 175 170
09-11 11:06:34.607  4399  9838 W WiVRn   : [2026-09-11 11:06:34.607] [WiVRn] [warning]  - - -
09-11 11:06:34.616  4399  9891 I WiVRn   : [2026-09-11 11:06:34.616] [WiVRn] [info] frame 175 was not sent because no shard was received
09-11 11:06:34.619  4399  9838 W WiVRn   : [2026-09-11 11:06:34.619] [WiVRn] [warning] Failed to find a common frame for all decoders, dumping available frames per decoder
09-11 11:06:34.619  4399  9838 W WiVRn   : [2026-09-11 11:06:34.619] [WiVRn] [warning]  171 172 173
09-11 11:06:34.619  4399  9838 W WiVRn   : [2026-09-11 11:06:34.619] [WiVRn] [warning]  177 175 176
09-11 11:06:34.619  4399  9838 W WiVRn   : [2026-09-11 11:06:34.619] [WiVRn] [warning]  - - -
09-11 11:06:34.997  4399  9927 I WiVRn   : [2026-09-11 11:06:34.997] [WiVRn] [info] Tracking pattern (11110µs):
09-11 11:06:34.997  4399  9927 I WiVRn   : [2026-09-11 11:06:34.997] [WiVRn] [info] 	t+8887µs HEAD (80000µs)
09-11 11:06:34.997  4399  9927 I WiVRn   : [2026-09-11 11:06:34.997] [WiVRn] [info] 	t+8887µs LEFT_GRIP (80000µs)
09-11 11:06:34.997  4399  9927 I WiVRn   : [2026-09-11 11:06:34.997] [WiVRn] [info] 	t+8887µs RIGHT_GRIP (80000µs)
09-11 11:06:35.172  4399  9830 I PxrMetric: FPS=90/90,MTP=34.65ms,AppSW=off,FrmEarly=30,FrmLate=0,FrmCpu=0.57ms,FrmGpu=7.07ms,FrmTime=12.70ms,ATWGPU=4.73ms,VsyncDelay=2,GPU=78%/587Mhz,GPUTemp=84.1C,LayerCnt=2,Pkg=org.meumeu.wivrn.nx.warp,FrmId=512
09-11 11:06:35.818  4399  9838 I WiVRn   : [2026-09-11 11:06:35.818] [WiVRn] [info] render: 181 iterations in 2.0 s (90.1/s), 181 submitted a layer, 118 new-source, 0 skipped by the repeat gate, 0 with nothing to show; display period 11.1 ms
09-11 11:06:35.818  4399  9838 I WiVRn   : [2026-09-11 11:06:35.818] [WiVRn] [info] render: ready wait attempts 0 success 0 total 0.000 ms | selected older than available 171
09-11 11:06:35.818  4399  9838 I WiVRn   : [2026-09-11 11:06:35.818] [WiVRn] [info] render: selected source transitions forward 118 backward 0 repeat 63, greatest forward gap 3
09-11 11:06:35.818  4399  9838 I WiVRn   : [2026-09-11 11:06:35.818] [WiVRn] [info] render: this app's own GPU pass 5.0 ms per iteration
09-11 11:06:35.818  4399  9838 I WiVRn   : [2026-09-11 11:06:35.818] [WiVRn] [info] render: defoveate 2688x2688 per eye x2 = 14.45 Mpx/frame at scale 1.00 atlas-prototype 0; 62 re-presented from the cache (reduce_gpu_load on)
09-11 11:06:35.818  4399  9838 I WiVRn   : [2026-09-11 11:06:35.818] [WiVRn] [info] render: shader path sharpness 0.00 fsr false alpha false motion false blend false glow 0.00 vignette 0.00 deband 1.00 lowpoly 0.00 levels 0 full-kernel false
09-11 11:06:35.818  4399  9838 I WiVRn   : [2026-09-11 11:06:35.818] [WiVRn] [info] render: per iteration fence 0.0 (worst 0.1) | queries 0.0 | submit 0.0 | whole render() 0.8 ms
09-11 11:06:35.818  4399  9838 I WiVRn   : [2026-09-11 11:06:35.818] [WiVRn] [info] render: motion fields matched 0 active 0 mean active step 0.000
09-11 11:06:35.818  4399  9838 I WiVRn   : [2026-09-11 11:06:35.818] [WiVRn] [info] render: selection-to-defoveate CPU 0.060 ms mean (max 0.133) over 119 actual defoveate calls; not GPU/photon latency
09-11 11:06:35.818  4399  9838 I WiVRn   : [2026-09-11 11:06:35.818] [WiVRn] [info] render: jit on | wake slack 40.4 ms | slept 5.0 ms mean (max 5.0, 181 of 181 iterations) | budget 21.6 = pass 20.6 + margin 1.0 | sleep cap 5.0 ms
09-11 11:06:35.818  4399  9838 I WiVRn   : [2026-09-11 11:06:35.818] [WiVRn] [info] render: source display-time offset -14.3 ms mean (worst 33.9) over 181 frames | submit lead 34.6 ms mean (worst 32.7) | misses: 0 overrun 0 late 0 skipped refresh
09-11 11:06:35.818  4399  9838 I WiVRn   : [2026-09-11 11:06:35.818] [WiVRn] [info] render: source->first -101.5 ms | wire 3.3 | queue 0.0 | decode 8.2 | decode->selection 40.4 | selection->predicted 35.3 | sum -14.3 over 181 selected frames (0 invalid)
09-11 11:06:35.997  4399  9927 I WiVRn   : [2026-09-11 11:06:35.997] [WiVRn] [info] Tracking pattern (11111µs):
09-11 11:06:35.997  4399  9927 I WiVRn   : [2026-09-11 11:06:35.997] [WiVRn] [info] 	t+8890µs HEAD (80000µs)
09-11 11:06:35.997  4399  9927 I WiVRn   : [2026-09-11 11:06:35.997] [WiVRn] [info] 	t+8890µs LEFT_GRIP (80000µs)
09-11 11:06:35.997  4399  9927 I WiVRn   : [2026-09-11 11:06:35.997] [WiVRn] [info] 	t+8890µs RIGHT_GRIP (80000µs)
09-11 11:06:36.180  4399  9830 I PxrMetric: FPS=90/90,MTP=34.44ms,AppSW=off,FrmEarly=30,FrmLate=0,FrmCpu=0.53ms,FrmGpu=6.85ms,FrmTime=12.44ms,ATWGPU=3.77ms,VsyncDelay=2,GPU=78%/587Mhz,GPUTemp=82.2C,LayerCnt=1,Pkg=org.meumeu.wivrn.nx.warp,FrmId=603
09-11 11:06:36.997  4399  9927 I WiVRn   : [2026-09-11 11:06:36.997] [WiVRn] [info] Tracking pattern (11106µs):
09-11 11:06:36.997  4399  9927 I WiVRn   : [2026-09-11 11:06:36.997] [WiVRn] [info] 	t+8850µs HEAD (80000µs)
09-11 11:06:36.997  4399  9927 I WiVRn   : [2026-09-11 11:06:36.997] [WiVRn] [info] 	t+8850µs LEFT_GRIP (80000µs)
09-11 11:06:36.997  4399  9927 I WiVRn   : [2026-09-11 11:06:36.997] [WiVRn] [info] 	t+8850µs RIGHT_GRIP (80000µs)
09-11 11:06:37.180  4399  9830 I PxrMetric: FPS=90/90,MTP=34.33ms,AppSW=off,FrmEarly=30,FrmLate=0,FrmCpu=0.52ms,FrmGpu=6.86ms,FrmTime=12.43ms,ATWGPU=3.70ms,VsyncDelay=2,GPU=72%/587Mhz,GPUTemp=81.8C,LayerCnt=1,Pkg=org.meumeu.wivrn.nx.warp,FrmId=693
09-11 11:06:37.819  4399  9838 I WiVRn   : [2026-09-11 11:06:37.819] [WiVRn] [info] render: 180 iterations in 2.0 s (90.0/s), 180 submitted a layer, 121 new-source, 0 skipped by the repeat gate, 0 with nothing to show; display period 11.1 ms
09-11 11:06:37.819  4399  9838 I WiVRn   : [2026-09-11 11:06:37.819] [WiVRn] [info] render: ready wait attempts 0 success 0 total 0.000 ms | selected older than available 180
09-11 11:06:37.819  4399  9838 I WiVRn   : [2026-09-11 11:06:37.819] [WiVRn] [info] render: selected source transitions forward 121 backward 0 repeat 59, greatest forward gap 1
09-11 11:06:37.819  4399  9838 I WiVRn   : [2026-09-11 11:06:37.819] [WiVRn] [info] render: this app's own GPU pass 5.2 ms per iteration
09-11 11:06:37.819  4399  9838 I WiVRn   : [2026-09-11 11:06:37.819] [WiVRn] [info] render: defoveate 2688x2688 per eye x2 = 14.45 Mpx/frame at scale 1.00 atlas-prototype 0; 59 re-presented from the cache (reduce_gpu_load on)
09-11 11:06:37.819  4399  9838 I WiVRn   : [2026-09-11 11:06:37.819] [WiVRn] [info] render: shader path sharpness 0.00 fsr false alpha false motion false blend false glow 0.00 vignette 0.00 deband 1.00 lowpoly 0.00 levels 0 full-kernel false
09-11 11:06:37.819  4399  9838 I WiVRn   : [2026-09-11 11:06:37.819] [WiVRn] [info] render: per iteration fence 0.0 (worst 0.0) | queries 0.0 | submit 0.0 | whole render() 0.6 ms
09-11 11:06:37.819  4399  9838 I WiVRn   : [2026-09-11 11:06:37.819] [WiVRn] [info] render: motion fields matched 0 active 0 mean active step 0.000
09-11 11:06:37.819  4399  9838 I WiVRn   : [2026-09-11 11:06:37.819] [WiVRn] [info] render: selection-to-defoveate CPU 0.057 ms mean (max 0.103) over 121 actual defoveate calls; not GPU/photon latency
09-11 11:06:37.819  4399  9838 I WiVRn   : [2026-09-11 11:06:37.819] [WiVRn] [info] render: jit on | wake slack 39.9 ms | slept 5.0 ms mean (max 5.0, 180 of 180 iterations) | budget 19.8 = pass 18.8 + margin 1.0 | sleep cap 5.0 ms
09-11 11:06:37.819  4399  9838 I WiVRn   : [2026-09-11 11:06:37.819] [WiVRn] [info] render: source display-time offset -16.9 ms mean (worst 0.0) over 180 frames | submit lead 34.2 ms mean (worst 33.3) | misses: 0 overrun 0 late 0 skipped refresh
09-11 11:06:37.819  4399  9838 I WiVRn   : [2026-09-11 11:06:37.819] [WiVRn] [info] render: source->first -101.7 ms | wire 2.1 | queue 0.0 | decode 7.3 | decode->selection 40.7 | selection->predicted 34.8 | sum -16.9 over 180 selected frames (0 invalid)
09-11 11:06:37.997  4399  9927 I WiVRn   : [2026-09-11 11:06:37.997] [WiVRn] [info] Tracking pattern (11109µs):
09-11 11:06:37.997  4399  9927 I WiVRn   : [2026-09-11 11:06:37.997] [WiVRn] [info] 	t+8879µs HEAD (80000µs)
09-11 11:06:37.997  4399  9927 I WiVRn   : [2026-09-11 11:06:37.997] [WiVRn] [info] 	t+8879µs LEFT_GRIP (80000µs)
09-11 11:06:37.997  4399  9927 I WiVRn   : [2026-09-11 11:06:37.997] [WiVRn] [info] 	t+8879µs RIGHT_GRIP (80000µs)
09-11 11:06:38.192  4399  9830 I PxrMetric: FPS=90/90,MTP=34.81ms,AppSW=off,FrmEarly=30,FrmLate=0,FrmCpu=0.54ms,FrmGpu=7.55ms,FrmTime=13.15ms,ATWGPU=4.06ms,VsyncDelay=2,GPU=72%/587Mhz,GPUTemp=81.0C,LayerCnt=1,Pkg=org.meumeu.wivrn.nx.warp,FrmId=784
09-11 11:06:38.997  4399  9927 I WiVRn   : [2026-09-11 11:06:38.997] [WiVRn] [info] Tracking pattern (11110µs):
09-11 11:06:38.997  4399  9927 I WiVRn   : [2026-09-11 11:06:38.997] [WiVRn] [info] 	t+8885µs HEAD (80000µs)
09-11 11:06:38.997  4399  9927 I WiVRn   : [2026-09-11 11:06:38.997] [WiVRn] [info] 	t+8885µs LEFT_GRIP (80000µs)
09-11 11:06:38.997  4399  9927 I WiVRn   : [2026-09-11 11:06:38.997] [WiVRn] [info] 	t+8885µs RIGHT_GRIP (80000µs)
09-11 11:06:39.192  4399  9830 I PxrMetric: FPS=90/90,MTP=34.51ms,AppSW=off,FrmEarly=29,FrmLate=0,FrmCpu=0.54ms,FrmGpu=7.62ms,FrmTime=13.22ms,ATWGPU=3.93ms,VsyncDelay=2,GPU=77%/587Mhz,GPUTemp=80.6C,LayerCnt=1,Pkg=org.meumeu.wivrn.nx.warp,FrmId=874
09-11 11:06:39.830  4399  9838 I WiVRn   : [2026-09-11 11:06:39.830] [WiVRn] [info] render: 181 iterations in 2.0 s (90.0/s), 181 submitted a layer, 121 new-source, 0 skipped by the repeat gate, 0 with nothing to show; display period 11.1 ms
09-11 11:06:39.830  4399  9838 I WiVRn   : [2026-09-11 11:06:39.830] [WiVRn] [info] render: ready wait attempts 0 success 0 total 0.000 ms | selected older than available 181
09-11 11:06:39.830  4399  9838 I WiVRn   : [2026-09-11 11:06:39.830] [WiVRn] [info] render: selected source transitions forward 121 backward 0 repeat 60, greatest forward gap 1
09-11 11:06:39.830  4399  9838 I WiVRn   : [2026-09-11 11:06:39.830] [WiVRn] [info] render: this app's own GPU pass 5.4 ms per iteration
09-11 11:06:39.830  4399  9838 I WiVRn   : [2026-09-11 11:06:39.830] [WiVRn] [info] render: defoveate 2688x2688 per eye x2 = 14.45 Mpx/frame at scale 1.00 atlas-prototype 0; 60 re-presented from the cache (reduce_gpu_load on)
09-11 11:06:39.830  4399  9838 I WiVRn   : [2026-09-11 11:06:39.830] [WiVRn] [info] render: shader path sharpness 0.00 fsr false alpha false motion false blend false glow 0.00 vignette 0.00 deband 1.00 lowpoly 0.00 levels 0 full-kernel false
09-11 11:06:39.830  4399  9838 I WiVRn   : [2026-09-11 11:06:39.830] [WiVRn] [info] render: per iteration fence 0.0 (worst 0.0) | queries 0.0 | submit 0.0 | whole render() 0.7 ms
09-11 11:06:39.830  4399  9838 I WiVRn   : [2026-09-11 11:06:39.830] [WiVRn] [info] render: motion fields matched 0 active 0 mean active step 0.000
09-11 11:06:39.830  4399  9838 I WiVRn   : [2026-09-11 11:06:39.830] [WiVRn] [info] render: selection-to-defoveate CPU 0.059 ms mean (max 0.102) over 121 actual defoveate calls; not GPU/photon latency
09-11 11:06:39.830  4399  9838 I WiVRn   : [2026-09-11 11:06:39.830] [WiVRn] [info] render: jit on | wake slack 39.8 ms | slept 5.0 ms mean (max 5.0, 181 of 181 iterations) | budget 18.0 = pass 17.0 + margin 1.0 | sleep cap 5.0 ms
09-11 11:06:39.830  4399  9838 I WiVRn   : [2026-09-11 11:06:39.830] [WiVRn] [info] render: source display-time offset -16.7 ms mean (worst 0.0) over 181 frames | submit lead 34.2 ms mean (worst 33.0) | misses: 0 overrun 0 late 0 skipped refresh
09-11 11:06:39.830  4399  9838 I WiVRn   : [2026-09-11 11:06:39.830] [WiVRn] [info] render: source->first -101.9 ms | wire 2.2 | queue 0.0 | decode 7.1 | decode->selection 41.2 | selection->predicted 34.8 | sum -16.7 over 181 selected frames (0 invalid)
09-11 11:06:39.926  4399  9891 I WiVRn   : [2026-09-11 11:06:39.926] [WiVRn] [info] frame 495 was not sent because no shard was received
09-11 11:06:39.935  4399  9891 I WiVRn   : [2026-09-11 11:06:39.935] [WiVRn] [info] frame 495 was not sent because no shard was received
09-11 11:06:39.952  4399  9891 I WiVRn   : [2026-09-11 11:06:39.952] [WiVRn] [info] frame 496 was not sent because no shard was received
09-11 11:06:39.953  4399  9838 W WiVRn   : [2026-09-11 11:06:39.953] [WiVRn] [warning] Failed to find a common frame for all decoders, dumping available frames per decoder
09-11 11:06:39.953  4399  9838 W WiVRn   : [2026-09-11 11:06:39.953] [WiVRn] [warning]  498 496 497
09-11 11:06:39.953  4399  9838 W WiVRn   : [2026-09-11 11:06:39.953] [WiVRn] [warning]  492 493 494
09-11 11:06:39.953  4399  9838 W WiVRn   : [2026-09-11 11:06:39.953] [WiVRn] [warning]  - - -
09-11 11:06:39.964  4399  9891 I WiVRn   : [2026-09-11 11:06:39.964] [WiVRn] [info] frame 497 was not sent because no shard was received
09-11 11:06:39.964  4399  9838 W WiVRn   : [2026-09-11 11:06:39.964] [WiVRn] [warning] Failed to find a common frame for all decoders, dumping available frames per decoder
09-11 11:06:39.964  4399  9838 W WiVRn   : [2026-09-11 11:06:39.964] [WiVRn] [warning]  498 499 500
09-11 11:06:39.964  4399  9838 W WiVRn   : [2026-09-11 11:06:39.964] [WiVRn] [warning]  492 493 494
09-11 11:06:39.964  4399  9838 W WiVRn   : [2026-09-11 11:06:39.964] [WiVRn] [warning]  - - -
09-11 11:06:39.975  4399  9838 W WiVRn   : [2026-09-11 11:06:39.975] [WiVRn] [warning] Failed to find a common frame for all decoders, dumping available frames per decoder
09-11 11:06:39.975  4399  9838 W WiVRn   : [2026-09-11 11:06:39.975] [WiVRn] [warning]  501 499 500
09-11 11:06:39.975  4399  9838 W WiVRn   : [2026-09-11 11:06:39.975] [WiVRn] [warning]  498 493 494
09-11 11:06:39.975  4399  9838 W WiVRn   : [2026-09-11 11:06:39.975] [WiVRn] [warning]  - - -
09-11 11:06:39.997  4399  9927 I WiVRn   : [2026-09-11 11:06:39.997] [WiVRn] [info] Tracking pattern (11105µs):
09-11 11:06:39.997  4399  9927 I WiVRn   : [2026-09-11 11:06:39.997] [WiVRn] [info] 	t+8846µs HEAD (80000µs)
09-11 11:06:39.997  4399  9927 I WiVRn   : [2026-09-11 11:06:39.997] [WiVRn] [info] 	t+8846µs LEFT_GRIP (80000µs)
09-11 11:06:39.997  4399  9927 I WiVRn   : [2026-09-11 11:06:39.997] [WiVRn] [info] 	t+8846µs RIGHT_GRIP (80000µs)
09-11 11:06:40.194  4399  9830 I PxrMetric: FPS=90/90,MTP=34.41ms,AppSW=off,FrmEarly=31,FrmLate=0,FrmCpu=0.54ms,FrmGpu=7.84ms,FrmTime=13.44ms,ATWGPU=4.20ms,VsyncDelay=2,GPU=74%/587Mhz,GPUTemp=79.5C,LayerCnt=1,Pkg=org.meumeu.wivrn.nx.warp,FrmId=964
09-11 11:06:40.680  4399  9891 I WiVRn   : [2026-09-11 11:06:40.680] [WiVRn] [info] frame 540 was not sent because no shard was received
09-11 11:06:40.685  4399  9891 I WiVRn   : [2026-09-11 11:06:40.685] [WiVRn] [info] frame 540 was not sent because no shard was received
09-11 11:06:40.704  4399  9891 I WiVRn   : [2026-09-11 11:06:40.704] [WiVRn] [info] frame 541 was not sent because no shard was received
09-11 11:06:40.708  4399  9838 W WiVRn   : [2026-09-11 11:06:40.708] [WiVRn] [warning] Failed to find a common frame for all decoders, dumping available frames per decoder
09-11 11:06:40.708  4399  9838 W WiVRn   : [2026-09-11 11:06:40.708] [WiVRn] [warning]  543 544 542
09-11 11:06:40.708  4399  9838 W WiVRn   : [2026-09-11 11:06:40.708] [WiVRn] [warning]  537 538 539
09-11 11:06:40.708  4399  9838 W WiVRn   : [2026-09-11 11:06:40.708] [WiVRn] [warning]  - - -
09-11 11:06:40.719  4399  9838 W WiVRn   : [2026-09-11 11:06:40.719] [WiVRn] [warning] Failed to find a common frame for all decoders, dumping available frames per decoder
09-11 11:06:40.719  4399  9838 W WiVRn   : [2026-09-11 11:06:40.719] [WiVRn] [warning]  543 544 545
09-11 11:06:40.719  4399  9838 W WiVRn   : [2026-09-11 11:06:40.719] [WiVRn] [warning]  537 538 539
09-11 11:06:40.719  4399  9838 W WiVRn   : [2026-09-11 11:06:40.719] [WiVRn] [warning]  - - -
09-11 11:06:40.720  4399  9891 I WiVRn   : [2026-09-11 11:06:40.720] [WiVRn] [info] frame 542 was not sent because no shard was received
09-11 11:06:40.730  4399  9838 W WiVRn   : [2026-09-11 11:06:40.730] [WiVRn] [warning] Failed to find a common frame for all decoders, dumping available frames per decoder
09-11 11:06:40.730  4399  9838 W WiVRn   : [2026-09-11 11:06:40.730] [WiVRn] [warning]  546 544 545
09-11 11:06:40.730  4399  9838 W WiVRn   : [2026-09-11 11:06:40.730] [WiVRn] [warning]  543 538 539
09-11 11:06:40.730  4399  9838 W WiVRn   : [2026-09-11 11:06:40.730] [WiVRn] [warning]  - - -
09-11 11:06:40.997  4399  9927 I WiVRn   : [2026-09-11 11:06:40.997] [WiVRn] [info] Tracking pattern (11110µs):
09-11 11:06:40.997  4399  9927 I WiVRn   : [2026-09-11 11:06:40.997] [WiVRn] [info] 	t+8887µs HEAD (80000µs)
09-11 11:06:40.997  4399  9927 I WiVRn   : [2026-09-11 11:06:40.997] [WiVRn] [info] 	t+8887µs LEFT_GRIP (80000µs)
09-11 11:06:40.997  4399  9927 I WiVRn   : [2026-09-11 11:06:40.997] [WiVRn] [info] 	t+8887µs RIGHT_GRIP (80000µs)
09-11 11:06:41.203  4399  9830 I PxrMetric: FPS=90/90,MTP=34.28ms,AppSW=off,FrmEarly=30,FrmLate=0,FrmCpu=0.58ms,FrmGpu=7.37ms,FrmTime=13.01ms,ATWGPU=4.19ms,VsyncDelay=2,GPU=75%/587Mhz,GPUTemp=80.2C,LayerCnt=1,Pkg=org.meumeu.wivrn.nx.warp,FrmId=1055
09-11 11:06:41.830  4399  9838 I WiVRn   : [2026-09-11 11:06:41.830] [WiVRn] [info] render: 180 iterations in 2.0 s (90.0/s), 180 submitted a layer, 116 new-source, 0 skipped by the repeat gate, 0 with nothing to show; display period 11.1 ms
09-11 11:06:41.830  4399  9838 I WiVRn   : [2026-09-11 11:06:41.830] [WiVRn] [info] render: ready wait attempts 0 success 0 total 0.000 ms | selected older than available 164
09-11 11:06:41.830  4399  9838 I WiVRn   : [2026-09-11 11:06:41.830] [WiVRn] [info] render: selected source transitions forward 116 backward 2 repeat 62, greatest forward gap 5
09-11 11:06:41.830  4399  9838 I WiVRn   : [2026-09-11 11:06:41.830] [WiVRn] [info] render: this app's own GPU pass 5.5 ms per iteration
09-11 11:06:41.830  4399  9838 I WiVRn   : [2026-09-11 11:06:41.830] [WiVRn] [info] render: defoveate 2688x2688 per eye x2 = 14.45 Mpx/frame at scale 1.00 atlas-prototype 0; 60 re-presented from the cache (reduce_gpu_load on)
09-11 11:06:41.830  4399  9838 I WiVRn   : [2026-09-11 11:06:41.830] [WiVRn] [info] render: shader path sharpness 0.00 fsr false alpha false motion false blend false glow 0.00 vignette 0.00 deband 1.00 lowpoly 0.00 levels 0 full-kernel false
09-11 11:06:41.830  4399  9838 I WiVRn   : [2026-09-11 11:06:41.830] [WiVRn] [info] render: per iteration fence 0.0 (worst 0.0) | queries 0.0 | submit 0.0 | whole render() 0.7 ms
09-11 11:06:41.830  4399  9838 I WiVRn   : [2026-09-11 11:06:41.830] [WiVRn] [info] render: motion fields matched 0 active 0 mean active step 0.000
09-11 11:06:41.830  4399  9838 I WiVRn   : [2026-09-11 11:06:41.830] [WiVRn] [info] render: selection-to-defoveate CPU 0.060 ms mean (max 0.135) over 120 actual defoveate calls; not GPU/photon latency
09-11 11:06:41.830  4399  9838 I WiVRn   : [2026-09-11 11:06:41.830] [WiVRn] [info] render: jit on | wake slack 39.7 ms | slept 5.0 ms mean (max 5.0, 180 of 180 iterations) | budget 16.2 = pass 15.2 + margin 1.0 | sleep cap 5.0 ms
09-11 11:06:41.830  4399  9838 I WiVRn   : [2026-09-11 11:06:41.830] [WiVRn] [info] render: source display-time offset -8.6 ms mean (worst 70.1) over 180 frames | submit lead 33.9 ms mean (worst 32.2) | misses: 0 overrun 0 late 0 skipped refresh
09-11 11:06:41.830  4399  9838 I WiVRn   : [2026-09-11 11:06:41.830] [WiVRn] [info] render: source->first -96.0 ms | wire 2.7 | queue 0.0 | decode 8.2 | decode->selection 42.0 | selection->predicted 34.6 | sum -8.6 over 180 selected frames (0 invalid)
09-11 11:06:41.997  4399  9927 I WiVRn   : [2026-09-11 11:06:41.997] [WiVRn] [info] Tracking pattern (11110µs):
09-11 11:06:41.997  4399  9927 I WiVRn   : [2026-09-11 11:06:41.997] [WiVRn] [info] 	t+8881µs HEAD (80000µs)
09-11 11:06:41.997  4399  9927 I WiVRn   : [2026-09-11 11:06:41.997] [WiVRn] [info] 	t+8881µs LEFT_GRIP (80000µs)
09-11 11:06:41.997  4399  9927 I WiVRn   : [2026-09-11 11:06:41.997] [WiVRn] [info] 	t+8881µs RIGHT_GRIP (80000µs)
09-11 11:06:42.206  4399  9830 I PxrMetric: FPS=90/90,MTP=33.60ms,AppSW=off,FrmEarly=30,FrmLate=0,FrmCpu=0.59ms,FrmGpu=7.22ms,FrmTime=12.87ms,ATWGPU=4.77ms,VsyncDelay=2,GPU=39%/587Mhz,GPUTemp=79.1C,LayerCnt=1,Pkg=org.meumeu.wivrn.nx.warp,FrmId=1145
09-11 11:06:42.997  4399  9927 I WiVRn   : [2026-09-11 11:06:42.997] [WiVRn] [info] Tracking pattern (11110µs):
09-11 11:06:42.997  4399  9927 I WiVRn   : [2026-09-11 11:06:42.997] [WiVRn] [info] 	t+8880µs HEAD (80000µs)
09-11 11:06:42.997  4399  9927 I WiVRn   : [2026-09-11 11:06:42.997] [WiVRn] [info] 	t+8880µs LEFT_GRIP (80000µs)
09-11 11:06:42.998  4399  9927 I WiVRn   : [2026-09-11 11:06:42.998] [WiVRn] [info] 	t+8880µs RIGHT_GRIP (80000µs)
09-11 11:06:43.217  4399  9830 I PxrMetric: FPS=90/90,MTP=33.94ms,AppSW=off,FrmEarly=30,FrmLate=0,FrmCpu=0.62ms,FrmGpu=7.69ms,FrmTime=13.37ms,ATWGPU=4.62ms,VsyncDelay=2,GPU=75%/587Mhz,GPUTemp=79.5C,LayerCnt=1,Pkg=org.meumeu.wivrn.nx.warp,FrmId=1236
09-11 11:06:43.831  4399  9838 I WiVRn   : [2026-09-11 11:06:43.831] [WiVRn] [info] render: 180 iterations in 2.0 s (90.0/s), 180 submitted a layer, 118 new-source, 0 skipped by the repeat gate, 0 with nothing to show; display period 11.1 ms
09-11 11:06:43.831  4399  9838 I WiVRn   : [2026-09-11 11:06:43.831] [WiVRn] [info] render: ready wait attempts 0 success 0 total 0.000 ms | selected older than available 180
09-11 11:06:43.831  4399  9838 I WiVRn   : [2026-09-11 11:06:43.831] [WiVRn] [info] render: selected source transitions forward 118 backward 0 repeat 62, greatest forward gap 2
09-11 11:06:43.831  4399  9838 I WiVRn   : [2026-09-11 11:06:43.831] [WiVRn] [info] render: this app's own GPU pass 5.5 ms per iteration
09-11 11:06:43.831  4399  9838 I WiVRn   : [2026-09-11 11:06:43.831] [WiVRn] [info] render: defoveate 2688x2688 per eye x2 = 14.45 Mpx/frame at scale 1.00 atlas-prototype 0; 62 re-presented from the cache (reduce_gpu_load on)
09-11 11:06:43.831  4399  9838 I WiVRn   : [2026-09-11 11:06:43.831] [WiVRn] [info] render: shader path sharpness 0.00 fsr false alpha false motion false blend false glow 0.00 vignette 0.00 deband 1.00 lowpoly 0.00 levels 0 full-kernel false
09-11 11:06:43.831  4399  9838 I WiVRn   : [2026-09-11 11:06:43.831] [WiVRn] [info] render: per iteration fence 0.0 (worst 0.0) | queries 0.0 | submit 0.0 | whole render() 0.7 ms
09-11 11:06:43.831  4399  9838 I WiVRn   : [2026-09-11 11:06:43.831] [WiVRn] [info] render: motion fields matched 0 active 0 mean active step 0.000
09-11 11:06:43.831  4399  9838 I WiVRn   : [2026-09-11 11:06:43.831] [WiVRn] [info] render: selection-to-defoveate CPU 0.062 ms mean (max 0.100) over 118 actual defoveate calls; not GPU/photon latency
09-11 11:06:43.831  4399  9838 I WiVRn   : [2026-09-11 11:06:43.831] [WiVRn] [info] render: jit on | wake slack 39.6 ms | slept 5.0 ms mean (max 5.0, 180 of 180 iterations) | budget 14.4 = pass 13.4 + margin 1.0 | sleep cap 5.0 ms
09-11 11:06:43.831  4399  9838 I WiVRn   : [2026-09-11 11:06:43.831] [WiVRn] [info] render: source display-time offset -14.2 ms mean (worst 2.7) over 180 frames | submit lead 33.9 ms mean (worst 32.3) | misses: 0 overrun 0 late 0 skipped refresh
09-11 11:06:43.831  4399  9838 I WiVRn   : [2026-09-11 11:06:43.831] [WiVRn] [info] render: source->first -100.1 ms | wire 2.3 | queue 0.0 | decode 7.1 | decode->selection 42.0 | selection->predicted 34.5 | sum -14.2 over 180 selected frames (0 invalid)
09-11 11:06:43.997  4399  9927 I WiVRn   : [2026-09-11 11:06:43.997] [WiVRn] [info] Tracking pattern (11100µs):
09-11 11:06:43.998  4399  9927 I WiVRn   : [2026-09-11 11:06:43.998] [WiVRn] [info] 	t+8805µs HEAD (80000µs)
09-11 11:06:43.998  4399  9927 I WiVRn   : [2026-09-11 11:06:43.998] [WiVRn] [info] 	t+8805µs LEFT_GRIP (80000µs)
09-11 11:06:43.998  4399  9927 I WiVRn   : [2026-09-11 11:06:43.998] [WiVRn] [info] 	t+8805µs RIGHT_GRIP (80000µs)
09-11 11:06:44.228  4399  9830 I PxrMetric: FPS=90/90,MTP=33.53ms,AppSW=off,FrmEarly=33,FrmLate=0,FrmCpu=0.62ms,FrmGpu=7.37ms,FrmTime=13.05ms,ATWGPU=4.25ms,VsyncDelay=2,GPU=44%/587Mhz,GPUTemp=79.1C,LayerCnt=1,Pkg=org.meumeu.wivrn.nx.warp,FrmId=1327
09-11 11:06:44.998  4399  9927 I WiVRn   : [2026-09-11 11:06:44.997] [WiVRn] [info] Tracking pattern (11108µs):
09-11 11:06:44.998  4399  9927 I WiVRn   : [2026-09-11 11:06:44.998] [WiVRn] [info] 	t+8865µs HEAD (80000µs)
09-11 11:06:44.998  4399  9927 I WiVRn   : [2026-09-11 11:06:44.998] [WiVRn] [info] 	t+8865µs LEFT_GRIP (80000µs)
09-11 11:06:44.998  4399  9927 I WiVRn   : [2026-09-11 11:06:44.998] [WiVRn] [info] 	t+8865µs RIGHT_GRIP (80000µs)
09-11 11:06:45.238  4399  9830 I PxrMetric: FPS=90/90,MTP=34.04ms,AppSW=off,FrmEarly=30,FrmLate=0,FrmCpu=0.60ms,FrmGpu=7.91ms,FrmTime=13.57ms,ATWGPU=4.47ms,VsyncDelay=2,GPU=42%/587Mhz,GPUTemp=79.1C,LayerCnt=1,Pkg=org.meumeu.wivrn.nx.warp,FrmId=1418
09-11 11:06:45.841  4399  9838 I WiVRn   : [2026-09-11 11:06:45.841] [WiVRn] [info] render: 181 iterations in 2.0 s (90.0/s), 181 submitted a layer, 121 new-source, 0 skipped by the repeat gate, 0 with nothing to show; display period 11.1 ms
09-11 11:06:45.841  4399  9838 I WiVRn   : [2026-09-11 11:06:45.841] [WiVRn] [info] render: ready wait attempts 0 success 0 total 0.000 ms | selected older than available 181
09-11 11:06:45.841  4399  9838 I WiVRn   : [2026-09-11 11:06:45.841] [WiVRn] [info] render: selected source transitions forward 121 backward 0 repeat 60, greatest forward gap 1
09-11 11:06:45.841  4399  9838 I WiVRn   : [2026-09-11 11:06:45.841] [WiVRn] [info] render: this app's own GPU pass 5.6 ms per iteration
09-11 11:06:45.841  4399  9838 I WiVRn   : [2026-09-11 11:06:45.841] [WiVRn] [info] render: defoveate 2688x2688 per eye x2 = 14.45 Mpx/frame at scale 1.00 atlas-prototype 0; 60 re-presented from the cache (reduce_gpu_load on)
09-11 11:06:45.841  4399  9838 I WiVRn   : [2026-09-11 11:06:45.841] [WiVRn] [info] render: shader path sharpness 0.00 fsr false alpha false motion false blend false glow 0.00 vignette 0.00 deband 1.00 lowpoly 0.00 levels 0 full-kernel false
09-11 11:06:45.841  4399  9838 I WiVRn   : [2026-09-11 11:06:45.841] [WiVRn] [info] render: per iteration fence 0.0 (worst 0.1) | queries 0.0 | submit 0.0 | whole render() 0.7 ms
09-11 11:06:45.841  4399  9838 I WiVRn   : [2026-09-11 11:06:45.841] [WiVRn] [info] render: motion fields matched 0 active 0 mean active step 0.000
09-11 11:06:45.841  4399  9838 I WiVRn   : [2026-09-11 11:06:45.841] [WiVRn] [info] render: selection-to-defoveate CPU 0.064 ms mean (max 0.110) over 121 actual defoveate calls; not GPU/photon latency
09-11 11:06:45.841  4399  9838 I WiVRn   : [2026-09-11 11:06:45.841] [WiVRn] [info] render: jit on | wake slack 39.4 ms | slept 5.0 ms mean (max 5.0, 181 of 181 iterations) | budget 12.6 = pass 11.6 + margin 1.0 | sleep cap 5.0 ms
09-11 11:06:45.841  4399  9838 I WiVRn   : [2026-09-11 11:06:45.841] [WiVRn] [info] render: source display-time offset -13.1 ms mean (worst 1.2) over 181 frames | submit lead 33.7 ms mean (worst 32.8) | misses: 0 overrun 0 late 0 skipped refresh
09-11 11:06:45.841  4399  9838 I WiVRn   : [2026-09-11 11:06:45.841] [WiVRn] [info] render: source->first -97.8 ms | wire 1.8 | queue 0.0 | decode 7.0 | decode->selection 41.5 | selection->predicted 34.4 | sum -13.1 over 181 selected frames (0 invalid)
09-11 11:06:45.998  4399  9927 I WiVRn   : [2026-09-11 11:06:45.998] [WiVRn] [info] Tracking pattern (11104µs):
09-11 11:06:45.998  4399  9927 I WiVRn   : [2026-09-11 11:06:45.998] [WiVRn] [info] 	t+8835µs HEAD (80000µs)
09-11 11:06:45.998  4399  9927 I WiVRn   : [2026-09-11 11:06:45.998] [WiVRn] [info] 	t+8835µs LEFT_GRIP (80000µs)
09-11 11:06:45.998  4399  9927 I WiVRn   : [2026-09-11 11:06:45.998] [WiVRn] [info] 	t+8835µs RIGHT_GRIP (80000µs)
09-11 11:06:46.251  4399  9830 I PxrMetric: FPS=90/90,MTP=33.88ms,AppSW=off,FrmEarly=30,FrmLate=0,FrmCpu=0.62ms,FrmGpu=8.17ms,FrmTime=13.85ms,ATWGPU=3.47ms,VsyncDelay=2,GPU=38%/587Mhz,GPUTemp=79.1C,LayerCnt=1,Pkg=org.meumeu.wivrn.nx.warp,FrmId=1509
09-11 11:06:46.998  4399  9927 I WiVRn   : [2026-09-11 11:06:46.998] [WiVRn] [info] Tracking pattern (11111µs):
09-11 11:06:46.998  4399  9927 I WiVRn   : [2026-09-11 11:06:46.998] [WiVRn] [info] 	t+8895µs HEAD (80000µs)
09-11 11:06:46.998  4399  9927 I WiVRn   : [2026-09-11 11:06:46.998] [WiVRn] [info] 	t+8895µs LEFT_GRIP (80000µs)
09-11 11:06:46.998  4399  9927 I WiVRn   : [2026-09-11 11:06:46.998] [WiVRn] [info] 	t+8895µs RIGHT_GRIP (80000µs)
09-11 11:06:47.256  4399  9830 I PxrMetric: FPS=90/90,MTP=34.56ms,AppSW=off,FrmEarly=31,FrmLate=0,FrmCpu=0.63ms,FrmGpu=8.40ms,FrmTime=14.10ms,ATWGPU=4.57ms,VsyncDelay=2,GPU=72%/587Mhz,GPUTemp=77.9C,LayerCnt=1,Pkg=org.meumeu.wivrn.nx.warp,FrmId=1600
09-11 11:06:47.842  4399  9838 I WiVRn   : [2026-09-11 11:06:47.842] [WiVRn] [info] render: 180 iterations in 2.0 s (90.0/s), 180 submitted a layer, 119 new-source, 0 skipped by the repeat gate, 0 with nothing to show; display period 11.1 ms
09-11 11:06:47.842  4399  9838 I WiVRn   : [2026-09-11 11:06:47.842] [WiVRn] [info] render: ready wait attempts 0 success 0 total 0.000 ms | selected older than available 180
09-11 11:06:47.842  4399  9838 I WiVRn   : [2026-09-11 11:06:47.842] [WiVRn] [info] render: selected source transitions forward 119 backward 0 repeat 61, greatest forward gap 1
09-11 11:06:47.842  4399  9838 I WiVRn   : [2026-09-11 11:06:47.842] [WiVRn] [info] render: this app's own GPU pass 5.6 ms per iteration
09-11 11:06:47.842  4399  9838 I WiVRn   : [2026-09-11 11:06:47.842] [WiVRn] [info] render: defoveate 2688x2688 per eye x2 = 14.45 Mpx/frame at scale 1.00 atlas-prototype 0; 61 re-presented from the cache (reduce_gpu_load on)
09-11 11:06:47.842  4399  9838 I WiVRn   : [2026-09-11 11:06:47.842] [WiVRn] [info] render: shader path sharpness 0.00 fsr false alpha false motion false blend false glow 0.00 vignette 0.00 deband 1.00 lowpoly 0.00 levels 0 full-kernel false
09-11 11:06:47.842  4399  9838 I WiVRn   : [2026-09-11 11:06:47.842] [WiVRn] [info] render: per iteration fence 0.0 (worst 0.0) | queries 0.0 | submit 0.0 | whole render() 0.7 ms
09-11 11:06:47.842  4399  9838 I WiVRn   : [2026-09-11 11:06:47.842] [WiVRn] [info] render: motion fields matched 0 active 0 mean active step 0.000
09-11 11:06:47.842  4399  9838 I WiVRn   : [2026-09-11 11:06:47.842] [WiVRn] [info] render: selection-to-defoveate CPU 0.064 ms mean (max 0.118) over 119 actual defoveate calls; not GPU/photon latency
09-11 11:06:47.842  4399  9838 I WiVRn   : [2026-09-11 11:06:47.842] [WiVRn] [info] render: jit on | wake slack 39.5 ms | slept 5.0 ms mean (max 5.0, 180 of 180 iterations) | budget 10.8 = pass 9.8 + margin 1.0 | sleep cap 5.0 ms
09-11 11:06:47.842  4399  9838 I WiVRn   : [2026-09-11 11:06:47.842] [WiVRn] [info] render: source display-time offset -12.9 ms mean (worst 0.1) over 180 frames | submit lead 33.8 ms mean (worst 32.6) | misses: 0 overrun 0 late 0 skipped refresh
09-11 11:06:47.842  4399  9838 I WiVRn   : [2026-09-11 11:06:47.842] [WiVRn] [info] render: source->first -97.2 ms | wire 1.4 | queue 0.0 | decode 6.9 | decode->selection 41.6 | selection->predicted 34.4 | sum -12.9 over 180 selected frames (0 invalid)
09-11 11:06:47.998  4399  9927 I WiVRn   : [2026-09-11 11:06:47.998] [WiVRn] [info] Tracking pattern (11101µs):
09-11 11:06:47.998  4399  9927 I WiVRn   : [2026-09-11 11:06:47.998] [WiVRn] [info] 	t+8812µs HEAD (80000µs)
09-11 11:06:47.998  4399  9927 I WiVRn   : [2026-09-11 11:06:47.998] [WiVRn] [info] 	t+8812µs LEFT_GRIP (80000µs)
09-11 11:06:47.998  4399  9927 I WiVRn   : [2026-09-11 11:06:47.998] [WiVRn] [info] 	t+8812µs RIGHT_GRIP (80000µs)
09-11 11:06:48.261  4399  9830 I PxrMetric: FPS=91/90,MTP=33.29ms,AppSW=off,FrmEarly=30,FrmLate=0,FrmCpu=0.61ms,FrmGpu=7.53ms,FrmTime=13.20ms,ATWGPU=4.80ms,VsyncDelay=2,GPU=39%/587Mhz,GPUTemp=77.9C,LayerCnt=1,Pkg=org.meumeu.wivrn.nx.warp,FrmId=1690
09-11 11:06:48.811  4399  9891 I WiVRn   : [2026-09-11 11:06:48.811] [WiVRn] [info] frame 1028 was not sent because no shard was received
09-11 11:06:48.812  4399  9891 I WiVRn   : [2026-09-11 11:06:48.812] [WiVRn] [info] frame 1028 was not sent because no shard was received
09-11 11:06:48.829  4399  9891 I WiVRn   : [2026-09-11 11:06:48.829] [WiVRn] [info] frame 1029 was not sent because no shard was received
09-11 11:06:48.832  4399  9838 W WiVRn   : [2026-09-11 11:06:48.832] [WiVRn] [warning] Failed to find a common frame for all decoders, dumping available frames per decoder
09-11 11:06:48.832  4399  9838 W WiVRn   : [2026-09-11 11:06:48.832] [WiVRn] [warning]  1029 1030 1031
09-11 11:06:48.832  4399  9838 W WiVRn   : [2026-09-11 11:06:48.832] [WiVRn] [warning]  1026 1027 1025
09-11 11:06:48.832  4399  9838 W WiVRn   : [2026-09-11 11:06:48.832] [WiVRn] [warning]  - - -
09-11 11:06:48.998  4399  9927 I WiVRn   : [2026-09-11 11:06:48.998] [WiVRn] [info] Tracking pattern (11106µs):
09-11 11:06:48.998  4399  9927 I WiVRn   : [2026-09-11 11:06:48.998] [WiVRn] [info] 	t+8851µs HEAD (80000µs)
09-11 11:06:48.998  4399  9927 I WiVRn   : [2026-09-11 11:06:48.998] [WiVRn] [info] 	t+8851µs LEFT_GRIP (80000µs)
09-11 11:06:48.998  4399  9927 I WiVRn   : [2026-09-11 11:06:48.998] [WiVRn] [info] 	t+8851µs RIGHT_GRIP (80000µs)
09-11 11:06:49.262  4399  9830 I PxrMetric: FPS=89/90,MTP=33.33ms,AppSW=off,FrmEarly=31,FrmLate=0,FrmCpu=0.63ms,FrmGpu=8.05ms,FrmTime=13.74ms,ATWGPU=4.61ms,VsyncDelay=2,GPU=71%/587Mhz,GPUTemp=78.3C,LayerCnt=1,Pkg=org.meumeu.wivrn.nx.warp,FrmId=1780
09-11 11:06:49.568  4399  9891 I WiVRn   : [2026-09-11 11:06:49.568] [WiVRn] [info] frame 1074 was not sent because no shard was received
09-11 11:06:49.578  4399  9891 I WiVRn   : [2026-09-11 11:06:49.578] [WiVRn] [info] frame 1074 was not sent because no shard was received
09-11 11:06:49.589  4399  9891 I WiVRn   : [2026-09-11 11:06:49.589] [WiVRn] [info] frame 1075 was not sent because no shard was received
09-11 11:06:49.852  4399  9838 I WiVRn   : [2026-09-11 11:06:49.852] [WiVRn] [info] render: 181 iterations in 2.0 s (90.0/s), 181 submitted a layer, 117 new-source, 0 skipped by the repeat gate, 0 with nothing to show; display period 11.1 ms
09-11 11:06:49.852  4399  9838 I WiVRn   : [2026-09-11 11:06:49.852] [WiVRn] [info] render: ready wait attempts 0 success 0 total 0.000 ms | selected older than available 169
09-11 11:06:49.852  4399  9838 I WiVRn   : [2026-09-11 11:06:49.852] [WiVRn] [info] render: selected source transitions forward 117 backward 1 repeat 63, greatest forward gap 5
09-11 11:06:49.852  4399  9838 I WiVRn   : [2026-09-11 11:06:49.852] [WiVRn] [info] render: this app's own GPU pass 5.6 ms per iteration
09-11 11:06:49.852  4399  9838 I WiVRn   : [2026-09-11 11:06:49.852] [WiVRn] [info] render: defoveate 2688x2688 per eye x2 = 14.45 Mpx/frame at scale 1.00 atlas-prototype 0; 63 re-presented from the cache (reduce_gpu_load on)
09-11 11:06:49.852  4399  9838 I WiVRn   : [2026-09-11 11:06:49.852] [WiVRn] [info] render: shader path sharpness 0.00 fsr false alpha false motion false blend false glow 0.00 vignette 0.00 deband 1.00 lowpoly 0.00 levels 0 full-kernel false
09-11 11:06:49.852  4399  9838 I WiVRn   : [2026-09-11 11:06:49.852] [WiVRn] [info] render: per iteration fence 0.0 (worst 0.2) | queries 0.0 | submit 0.0 | whole render() 0.7 ms
09-11 11:06:49.852  4399  9838 I WiVRn   : [2026-09-11 11:06:49.852] [WiVRn] [info] render: motion fields matched 0 active 0 mean active step 0.000
09-11 11:06:49.852  4399  9838 I WiVRn   : [2026-09-11 11:06:49.852] [WiVRn] [info] render: selection-to-defoveate CPU 0.067 ms mean (max 0.195) over 118 actual defoveate calls; not GPU/photon latency
09-11 11:06:49.852  4399  9838 I WiVRn   : [2026-09-11 11:06:49.852] [WiVRn] [info] render: jit on | wake slack 39.2 ms | slept 5.0 ms mean (max 5.0, 181 of 181 iterations) | budget 9.0 = pass 8.0 + margin 1.0 | sleep cap 5.0 ms
09-11 11:06:49.852  4399  9838 I WiVRn   : [2026-09-11 11:06:49.852] [WiVRn] [info] render: source display-time offset -11.2 ms mean (worst 68.4) over 181 frames | submit lead 33.5 ms mean (worst 29.8) | misses: 0 overrun 0 late 0 skipped refresh
09-11 11:06:49.852  4399  9838 I WiVRn   : [2026-09-11 11:06:49.852] [WiVRn] [info] render: source->first -97.0 ms | wire 2.5 | queue 0.0 | decode 8.0 | decode->selection 41.2 | selection->predicted 34.2 | sum -11.2 over 181 selected frames (0 invalid)
09-11 11:06:49.998  4399  9927 I WiVRn   : [2026-09-11 11:06:49.998] [WiVRn] [info] Tracking pattern (11113µs):
09-11 11:06:49.998  4399  9927 I WiVRn   : [2026-09-11 11:06:49.998] [WiVRn] [info] 	t+8904µs HEAD (80000µs)
09-11 11:06:49.998  4399  9927 I WiVRn   : [2026-09-11 11:06:49.998] [WiVRn] [info] 	t+8904µs LEFT_GRIP (80000µs)
09-11 11:06:49.998  4399  9927 I WiVRn   : [2026-09-11 11:06:49.998] [WiVRn] [info] 	t+8904µs RIGHT_GRIP (80000µs)
09-11 11:06:50.273  4399  9830 I PxrMetric: FPS=90/90,MTP=33.97ms,AppSW=off,FrmEarly=32,FrmLate=0,FrmCpu=0.64ms,FrmGpu=8.33ms,FrmTime=14.02ms,ATWGPU=4.79ms,VsyncDelay=2,GPU=43%/587Mhz,GPUTemp=78.3C,LayerCnt=1,Pkg=org.meumeu.wivrn.nx.warp,FrmId=1871
09-11 11:06:50.998  4399  9927 I WiVRn   : [2026-09-11 11:06:50.998] [WiVRn] [info] Tracking pattern (11102µs):
09-11 11:06:50.998  4399  9927 I WiVRn   : [2026-09-11 11:06:50.998] [WiVRn] [info] 	t+8817µs HEAD (80000µs)
09-11 11:06:50.998  4399  9927 I WiVRn   : [2026-09-11 11:06:50.998] [WiVRn] [info] 	t+8817µs LEFT_GRIP (80000µs)
09-11 11:06:50.998  4399  9927 I WiVRn   : [2026-09-11 11:06:50.998] [WiVRn] [info] 	t+8817µs RIGHT_GRIP (80000µs)
09-11 11:06:51.273  4399  9830 I PxrMetric: FPS=90/90,MTP=33.28ms,AppSW=off,FrmEarly=30,FrmLate=0,FrmCpu=0.63ms,FrmGpu=8.08ms,FrmTime=13.77ms,ATWGPU=4.80ms,VsyncDelay=2,GPU=53%/587Mhz,GPUTemp=79.5C,LayerCnt=1,Pkg=org.meumeu.wivrn.nx.warp,FrmId=1961
09-11 11:06:51.853  4399  9838 I WiVRn   : [2026-09-11 11:06:51.853] [WiVRn] [info] render: 180 iterations in 2.0 s (90.0/s), 180 submitted a layer, 120 new-source, 0 skipped by the repeat gate, 0 with nothing to show; display period 11.1 ms
09-11 11:06:51.853  4399  9838 I WiVRn   : [2026-09-11 11:06:51.853] [WiVRn] [info] render: ready wait attempts 0 success 0 total 0.000 ms | selected older than available 180
09-11 11:06:51.853  4399  9838 I WiVRn   : [2026-09-11 11:06:51.853] [WiVRn] [info] render: selected source transitions forward 120 backward 0 repeat 60, greatest forward gap 1
09-11 11:06:51.853  4399  9838 I WiVRn   : [2026-09-11 11:06:51.853] [WiVRn] [info] render: this app's own GPU pass 5.6 ms per iteration
09-11 11:06:51.853  4399  9838 I WiVRn   : [2026-09-11 11:06:51.853] [WiVRn] [info] render: defoveate 2688x2688 per eye x2 = 14.45 Mpx/frame at scale 1.00 atlas-prototype 0; 60 re-presented from the cache (reduce_gpu_load on)
09-11 11:06:51.853  4399  9838 I WiVRn   : [2026-09-11 11:06:51.853] [WiVRn] [info] render: shader path sharpness 0.00 fsr false alpha false motion false blend false glow 0.00 vignette 0.00 deband 1.00 lowpoly 0.00 levels 0 full-kernel false
09-11 11:06:51.853  4399  9838 I WiVRn   : [2026-09-11 11:06:51.853] [WiVRn] [info] render: per iteration fence 0.0 (worst 0.2) | queries 0.0 | submit 0.0 | whole render() 0.7 ms
09-11 11:06:51.853  4399  9838 I WiVRn   : [2026-09-11 11:06:51.853] [WiVRn] [info] render: motion fields matched 0 active 0 mean active step 0.000
09-11 11:06:51.853  4399  9838 I WiVRn   : [2026-09-11 11:06:51.853] [WiVRn] [info] render: selection-to-defoveate CPU 0.064 ms mean (max 0.152) over 120 actual defoveate calls; not GPU/photon latency
09-11 11:06:51.853  4399  9838 I WiVRn   : [2026-09-11 11:06:51.853] [WiVRn] [info] render: jit on | wake slack 39.3 ms | slept 5.0 ms mean (max 5.0, 180 of 180 iterations) | budget 7.2 = pass 6.2 + margin 1.0 | sleep cap 5.0 ms
09-11 11:06:51.853  4399  9838 I WiVRn   : [2026-09-11 11:06:51.853] [WiVRn] [info] render: source display-time offset -14.5 ms mean (worst 0.0) over 180 frames | submit lead 33.6 ms mean (worst 32.5) | misses: 0 overrun 0 late 0 skipped refresh
09-11 11:06:51.853  4399  9838 I WiVRn   : [2026-09-11 11:06:51.853] [WiVRn] [info] render: source->first -98.8 ms | wire 1.9 | queue 0.0 | decode 7.9 | decode->selection 40.2 | selection->predicted 34.3 | sum -14.5 over 180 selected frames (0 invalid)
09-11 11:06:51.998  4399  9927 I WiVRn   : [2026-09-11 11:06:51.998] [WiVRn] [info] Tracking pattern (11110µs):
09-11 11:06:51.998  4399  9927 I WiVRn   : [2026-09-11 11:06:51.998] [WiVRn] [info] 	t+8880µs HEAD (80000µs)
09-11 11:06:51.998  4399  9927 I WiVRn   : [2026-09-11 11:06:51.998] [WiVRn] [info] 	t+8880µs LEFT_GRIP (80000µs)
09-11 11:06:51.998  4399  9927 I WiVRn   : [2026-09-11 11:06:51.998] [WiVRn] [info] 	t+8880µs RIGHT_GRIP (80000µs)
09-11 11:06:52.284  4399  9830 I PxrMetric: FPS=90/90,MTP=33.35ms,AppSW=off,FrmEarly=30,FrmLate=0,FrmCpu=0.61ms,FrmGpu=7.72ms,FrmTime=13.39ms,ATWGPU=3.89ms,VsyncDelay=2,GPU=73%/587Mhz,GPUTemp=78.3C,LayerCnt=1,Pkg=org.meumeu.wivrn.nx.warp,FrmId=2052
09-11 11:06:52.998  4399  9927 I WiVRn   : [2026-09-11 11:06:52.998] [WiVRn] [info] Tracking pattern (11111µs):
09-11 11:06:52.998  4399  9927 I WiVRn   : [2026-09-11 11:06:52.998] [WiVRn] [info] 	t+8890µs HEAD (80000µs)
09-11 11:06:52.998  4399  9927 I WiVRn   : [2026-09-11 11:06:52.998] [WiVRn] [info] 	t+8890µs LEFT_GRIP (80000µs)
09-11 11:06:52.998  4399  9927 I WiVRn   : [2026-09-11 11:06:52.998] [WiVRn] [info] 	t+8890µs RIGHT_GRIP (80000µs)
09-11 11:06:53.290  4399  9830 I PxrMetric: FPS=90/90,MTP=34.24ms,AppSW=off,FrmEarly=30,FrmLate=0,FrmCpu=0.63ms,FrmGpu=8.31ms,FrmTime=14.00ms,ATWGPU=3.75ms,VsyncDelay=2,GPU=72%/587Mhz,GPUTemp=77.9C,LayerCnt=1,Pkg=org.meumeu.wivrn.nx.warp,FrmId=2143
09-11 11:06:53.853  4399  9838 I WiVRn   : [2026-09-11 11:06:53.853] [WiVRn] [info] render: 180 iterations in 2.0 s (90.0/s), 180 submitted a layer, 121 new-source, 0 skipped by the repeat gate, 0 with nothing to show; display period 11.1 ms
09-11 11:06:53.853  4399  9838 I WiVRn   : [2026-09-11 11:06:53.853] [WiVRn] [info] render: ready wait attempts 0 success 0 total 0.000 ms | selected older than available 180
09-11 11:06:53.853  4399  9838 I WiVRn   : [2026-09-11 11:06:53.853] [WiVRn] [info] render: selected source transitions forward 121 backward 0 repeat 59, greatest forward gap 1
09-11 11:06:53.853  4399  9838 I WiVRn   : [2026-09-11 11:06:53.853] [WiVRn] [info] render: this app's own GPU pass 5.8 ms per iteration
09-11 11:06:53.853  4399  9838 I WiVRn   : [2026-09-11 11:06:53.853] [WiVRn] [info] render: defoveate 2688x2688 per eye x2 = 14.45 Mpx/frame at scale 1.00 atlas-prototype 0; 59 re-presented from the cache (reduce_gpu_load on)
09-11 11:06:53.853  4399  9838 I WiVRn   : [2026-09-11 11:06:53.853] [WiVRn] [info] render: shader path sharpness 0.00 fsr false alpha false motion false blend false glow 0.00 vignette 0.00 deband 1.00 lowpoly 0.00 levels 0 full-kernel false
09-11 11:06:53.853  4399  9838 I WiVRn   : [2026-09-11 11:06:53.853] [WiVRn] [info] render: per iteration fence 0.0 (worst 0.0) | queries 0.0 | submit 0.0 | whole render() 0.7 ms
09-11 11:06:53.853  4399  9838 I WiVRn   : [2026-09-11 11:06:53.853] [WiVRn] [info] render: motion fields matched 0 active 0 mean active step 0.000
09-11 11:06:53.853  4399  9838 I WiVRn   : [2026-09-11 11:06:53.853] [WiVRn] [info] render: selection-to-defoveate CPU 0.064 ms mean (max 0.128) over 121 actual defoveate calls; not GPU/photon latency
09-11 11:06:53.853  4399  9838 I WiVRn   : [2026-09-11 11:06:53.853] [WiVRn] [info] render: jit on | wake slack 39.2 ms | slept 5.0 ms mean (max 5.0, 180 of 180 iterations) | budget 5.4 = pass 4.4 + margin 1.0 | sleep cap 5.0 ms
09-11 11:06:53.853  4399  9838 I WiVRn   : [2026-09-11 11:06:53.853] [WiVRn] [info] render: source display-time offset -15.7 ms mean (worst 0.0) over 180 frames | submit lead 33.5 ms mean (worst 32.5) | misses: 0 overrun 0 late 0 skipped refresh
09-11 11:06:53.853  4399  9838 I WiVRn   : [2026-09-11 11:06:53.853] [WiVRn] [info] render: source->first -99.3 ms | wire 1.8 | queue 0.0 | decode 7.1 | decode->selection 40.4 | selection->predicted 34.2 | sum -15.7 over 180 selected frames (0 invalid)
09-11 11:06:53.998  4399  9927 I WiVRn   : [2026-09-11 11:06:53.998] [WiVRn] [info] Tracking pattern (11109µs):
09-11 11:06:53.998  4399  9927 I WiVRn   : [2026-09-11 11:06:53.998] [WiVRn] [info] 	t+8875µs HEAD (80000µs)
09-11 11:06:53.998  4399  9927 I WiVRn   : [2026-09-11 11:06:53.998] [WiVRn] [info] 	t+8875µs LEFT_GRIP (80000µs)
09-11 11:06:53.998  4399  9927 I WiVRn   : [2026-09-11 11:06:53.998] [WiVRn] [info] 	t+8875µs RIGHT_GRIP (80000µs)
09-11 11:06:54.290  4399  9830 I PxrMetric: FPS=91/90,MTP=34.08ms,AppSW=off,FrmEarly=30,FrmLate=0,FrmCpu=0.62ms,FrmGpu=8.20ms,FrmTime=13.88ms,ATWGPU=4.06ms,VsyncDelay=2,GPU=71%/587Mhz,GPUTemp=78.7C,LayerCnt=1,Pkg=org.meumeu.wivrn.nx.warp,FrmId=2233
09-11 11:06:54.916  4399  9891 I WiVRn   : [2026-09-11 11:06:54.916] [WiVRn] [info] frame 1396 was not sent because no shard was received
09-11 11:06:54.920  4399  9891 I WiVRn   : [2026-09-11 11:06:54.920] [WiVRn] [info] frame 1396 was not sent because no shard was received
09-11 11:06:54.943  4399  9891 I WiVRn   : [2026-09-11 11:06:54.943] [WiVRn] [info] frame 1397 was not sent because no shard was received
09-11 11:06:54.943  4399  9838 W WiVRn   : [2026-09-11 11:06:54.943] [WiVRn] [warning] Failed to find a common frame for all decoders, dumping available frames per decoder
09-11 11:06:54.943  4399  9838 W WiVRn   : [2026-09-11 11:06:54.943] [WiVRn] [warning]  1398 1399 1400
09-11 11:06:54.943  4399  9838 W WiVRn   : [2026-09-11 11:06:54.943] [WiVRn] [warning]  1395 1393 1394
09-11 11:06:54.943  4399  9838 W WiVRn   : [2026-09-11 11:06:54.943] [WiVRn] [warning]  - - -
09-11 11:06:54.954  4399  9838 W WiVRn   : [2026-09-11 11:06:54.954] [WiVRn] [warning] Failed to find a common frame for all decoders, dumping available frames per decoder
09-11 11:06:54.954  4399  9838 W WiVRn   : [2026-09-11 11:06:54.954] [WiVRn] [warning]  1401 1399 1400
09-11 11:06:54.954  4399  9838 W WiVRn   : [2026-09-11 11:06:54.954] [WiVRn] [warning]  1395 1393 1394
09-11 11:06:54.954  4399  9838 W WiVRn   : [2026-09-11 11:06:54.954] [WiVRn] [warning]  - - -
09-11 11:06:54.959  4399  9891 I WiVRn   : [2026-09-11 11:06:54.959] [WiVRn] [info] frame 1398 was not sent because no shard was received
09-11 11:06:54.965  4399  9838 W WiVRn   : [2026-09-11 11:06:54.965] [WiVRn] [warning] Failed to find a common frame for all decoders, dumping available frames per decoder
09-11 11:06:54.965  4399  9838 W WiVRn   : [2026-09-11 11:06:54.965] [WiVRn] [warning]  1401 1402 1400
09-11 11:06:54.965  4399  9838 W WiVRn   : [2026-09-11 11:06:54.965] [WiVRn] [warning]  1395 1393 1394
09-11 11:06:54.965  4399  9838 W WiVRn   : [2026-09-11 11:06:54.965] [WiVRn] [warning]  - - -
09-11 11:06:54.998  4399  9927 I WiVRn   : [2026-09-11 11:06:54.998] [WiVRn] [info] Tracking pattern (11109µs):
09-11 11:06:54.998  4399  9927 I WiVRn   : [2026-09-11 11:06:54.998] [WiVRn] [info] 	t+8878µs HEAD (80000µs)
09-11 11:06:54.998  4399  9927 I WiVRn   : [2026-09-11 11:06:54.998] [WiVRn] [info] 	t+8878µs LEFT_GRIP (80000µs)
09-11 11:06:54.998  4399  9927 I WiVRn   : [2026-09-11 11:06:54.998] [WiVRn] [info] 	t+8878µs RIGHT_GRIP (80000µs)
09-11 11:06:55.306  4399  9830 I PxrMetric: FPS=90/90,MTP=33.83ms,AppSW=off,FrmEarly=30,FrmLate=0,FrmCpu=0.64ms,FrmGpu=8.36ms,FrmTime=14.07ms,ATWGPU=3.99ms,VsyncDelay=2,GPU=80%/587Mhz,GPUTemp=77.9C,LayerCnt=1,Pkg=org.meumeu.wivrn.nx.warp,FrmId=2324
09-11 11:06:55.673  4399  9891 I WiVRn   : [2026-09-11 11:06:55.673] [WiVRn] [info] frame 1441 was not sent because no shard was received
09-11 11:06:55.680  4399  9891 I WiVRn   : [2026-09-11 11:06:55.680] [WiVRn] [info] frame 1442 was not sent because no shard was received
09-11 11:06:55.689  4399  9891 I WiVRn   : [2026-09-11 11:06:55.689] [WiVRn] [info] frame 1442 was not sent because no shard was received
09-11 11:06:55.696  4399  9891 I WiVRn   : [2026-09-11 11:06:55.696] [WiVRn] [info] frame 1443 was not sent because no shard was received
09-11 11:06:55.854  4399  9838 I WiVRn   : [2026-09-11 11:06:55.854] [WiVRn] [info] render: 180 iterations in 2.0 s (90.0/s), 180 submitted a layer, 114 new-source, 0 skipped by the repeat gate, 0 with nothing to show; display period 11.1 ms
09-11 11:06:55.854  4399  9838 I WiVRn   : [2026-09-11 11:06:55.854] [WiVRn] [info] render: ready wait attempts 0 success 0 total 0.000 ms | selected older than available 164
09-11 11:06:55.854  4399  9838 I WiVRn   : [2026-09-11 11:06:55.854] [WiVRn] [info] render: selected source transitions forward 114 backward 2 repeat 64, greatest forward gap 5
09-11 11:06:55.854  4399  9838 I WiVRn   : [2026-09-11 11:06:55.854] [WiVRn] [info] render: this app's own GPU pass 5.6 ms per iteration
09-11 11:06:55.854  4399  9838 I WiVRn   : [2026-09-11 11:06:55.854] [WiVRn] [info] render: defoveate 2688x2688 per eye x2 = 14.45 Mpx/frame at scale 1.00 atlas-prototype 0; 63 re-presented from the cache (reduce_gpu_load on)
09-11 11:06:55.854  4399  9838 I WiVRn   : [2026-09-11 11:06:55.854] [WiVRn] [info] render: shader path sharpness 0.00 fsr false alpha false motion false blend false glow 0.00 vignette 0.00 deband 1.00 lowpoly 0.00 levels 0 full-kernel false
09-11 11:06:55.854  4399  9838 I WiVRn   : [2026-09-11 11:06:55.854] [WiVRn] [info] render: per iteration fence 0.0 (worst 0.0) | queries 0.0 | submit 0.0 | whole render() 0.7 ms
09-11 11:06:55.854  4399  9838 I WiVRn   : [2026-09-11 11:06:55.854] [WiVRn] [info] render: motion fields matched 0 active 0 mean active step 0.000
09-11 11:06:55.854  4399  9838 I WiVRn   : [2026-09-11 11:06:55.854] [WiVRn] [info] render: selection-to-defoveate CPU 0.067 ms mean (max 0.116) over 117 actual defoveate calls; not GPU/photon latency
09-11 11:06:55.854  4399  9838 I WiVRn   : [2026-09-11 11:06:55.854] [WiVRn] [info] render: jit on | wake slack 38.9 ms | slept 5.0 ms mean (max 5.0, 180 of 180 iterations) | budget 3.6 = pass 2.6 + margin 1.0 | sleep cap 5.0 ms
09-11 11:06:55.854  4399  9838 I WiVRn   : [2026-09-11 11:06:55.854] [WiVRn] [info] render: source display-time offset -10.2 ms mean (worst 68.5) over 180 frames | submit lead 33.2 ms mean (worst 29.4) | misses: 0 overrun 0 late 0 skipped refresh
09-11 11:06:55.854  4399  9838 I WiVRn   : [2026-09-11 11:06:55.854] [WiVRn] [info] render: source->first -97.7 ms | wire 2.7 | queue 0.0 | decode 8.7 | decode->selection 42.2 | selection->predicted 33.8 | sum -10.2 over 180 selected frames (0 invalid)
09-11 11:06:55.998  4399  9927 I WiVRn   : [2026-09-11 11:06:55.998] [WiVRn] [info] Tracking pattern (11109µs):
09-11 11:06:55.998  4399  9927 I WiVRn   : [2026-09-11 11:06:55.998] [WiVRn] [info] 	t+8879µs HEAD (80000µs)
09-11 11:06:55.998  4399  9927 I WiVRn   : [2026-09-11 11:06:55.998] [WiVRn] [info] 	t+8879µs LEFT_GRIP (80000µs)
09-11 11:06:55.998  4399  9927 I WiVRn   : [2026-09-11 11:06:55.998] [WiVRn] [info] 	t+8879µs RIGHT_GRIP (80000µs)
09-11 11:06:56.317  4399  9830 I PxrMetric: FPS=89/90,MTP=33.39ms,AppSW=off,FrmEarly=32,FrmLate=0,FrmCpu=0.63ms,FrmGpu=8.35ms,FrmTime=14.05ms,ATWGPU=3.98ms,VsyncDelay=2,GPU=81%/587Mhz,GPUTemp=77.5C,LayerCnt=1,Pkg=org.meumeu.wivrn.nx.warp,FrmId=2415
09-11 11:06:56.998  4399  9927 I WiVRn   : [2026-09-11 11:06:56.998] [WiVRn] [info] Tracking pattern (11116µs):
09-11 11:06:56.998  4399  9927 I WiVRn   : [2026-09-11 11:06:56.998] [WiVRn] [info] 	t+8932µs HEAD (80000µs)
09-11 11:06:56.998  4399  9927 I WiVRn   : [2026-09-11 11:06:56.998] [WiVRn] [info] 	t+8932µs LEFT_GRIP (80000µs)
09-11 11:06:56.998  4399  9927 I WiVRn   : [2026-09-11 11:06:56.998] [WiVRn] [info] 	t+8932µs RIGHT_GRIP (80000µs)
09-11 11:06:57.323  4399  9830 I PxrMetric: FPS=90/90,MTP=33.92ms,AppSW=off,FrmEarly=31,FrmLate=0,FrmCpu=0.63ms,FrmGpu=8.08ms,FrmTime=13.77ms,ATWGPU=4.08ms,VsyncDelay=2,GPU=82%/587Mhz,GPUTemp=78.3C,LayerCnt=1,Pkg=org.meumeu.wivrn.nx.warp,FrmId=2506
09-11 11:06:57.865  4399  9838 I WiVRn   : [2026-09-11 11:06:57.865] [WiVRn] [info] render: 181 iterations in 2.0 s (90.0/s), 181 submitted a layer, 121 new-source, 0 skipped by the repeat gate, 0 with nothing to show; display period 11.1 ms
09-11 11:06:57.865  4399  9838 I WiVRn   : [2026-09-11 11:06:57.865] [WiVRn] [info] render: ready wait attempts 0 success 0 total 0.000 ms | selected older than available 181
09-11 11:06:57.865  4399  9838 I WiVRn   : [2026-09-11 11:06:57.865] [WiVRn] [info] render: selected source transitions forward 121 backward 0 repeat 60, greatest forward gap 1
09-11 11:06:57.865  4399  9838 I WiVRn   : [2026-09-11 11:06:57.865] [WiVRn] [info] render: this app's own GPU pass 5.8 ms per iteration
09-11 11:06:57.865  4399  9838 I WiVRn   : [2026-09-11 11:06:57.865] [WiVRn] [info] render: defoveate 2688x2688 per eye x2 = 14.45 Mpx/frame at scale 1.00 atlas-prototype 0; 60 re-presented from the cache (reduce_gpu_load on)
09-11 11:06:57.865  4399  9838 I WiVRn   : [2026-09-11 11:06:57.865] [WiVRn] [info] render: shader path sharpness 0.00 fsr false alpha false motion false blend false glow 0.00 vignette 0.00 deband 1.00 lowpoly 0.00 levels 0 full-kernel false
09-11 11:06:57.865  4399  9838 I WiVRn   : [2026-09-11 11:06:57.865] [WiVRn] [info] render: per iteration fence 0.0 (worst 0.0) | queries 0.0 | submit 0.0 | whole render() 0.7 ms
09-11 11:06:57.865  4399  9838 I WiVRn   : [2026-09-11 11:06:57.865] [WiVRn] [info] render: motion fields matched 0 active 0 mean active step 0.000
09-11 11:06:57.865  4399  9838 I WiVRn   : [2026-09-11 11:06:57.865] [WiVRn] [info] render: selection-to-defoveate CPU 0.066 ms mean (max 0.145) over 121 actual defoveate calls; not GPU/photon latency
09-11 11:06:57.865  4399  9838 I WiVRn   : [2026-09-11 11:06:57.865] [WiVRn] [info] render: jit on | wake slack 39.1 ms | slept 5.0 ms mean (max 5.0, 181 of 181 iterations) | budget 2.0 = pass 1.0 + margin 1.0 | sleep cap 5.0 ms
09-11 11:06:57.865  4399  9838 I WiVRn   : [2026-09-11 11:06:57.865] [WiVRn] [info] render: source display-time offset -13.5 ms mean (worst 0.0) over 181 frames | submit lead 33.3 ms mean (worst 32.6) | misses: 0 overrun 0 late 0 skipped refresh
09-11 11:06:57.865  4399  9838 I WiVRn   : [2026-09-11 11:06:57.865] [WiVRn] [info] render: source->first -98.5 ms | wire 1.4 | queue 0.0 | decode 7.4 | decode->selection 42.2 | selection->predicted 34.0 | sum -13.5 over 181 selected frames (0 invalid)
09-11 11:06:57.998  4399  9927 I WiVRn   : [2026-09-11 11:06:57.998] [WiVRn] [info] Tracking pattern (11113µs):
09-11 11:06:57.998  4399  9927 I WiVRn   : [2026-09-11 11:06:57.998] [WiVRn] [info] 	t+8907µs HEAD (80000µs)
09-11 11:06:57.998  4399  9927 I WiVRn   : [2026-09-11 11:06:57.998] [WiVRn] [info] 	t+8907µs LEFT_GRIP (80000µs)
09-11 11:06:57.998  4399  9927 I WiVRn   : [2026-09-11 11:06:57.998] [WiVRn] [info] 	t+8907µs RIGHT_GRIP (80000µs)
09-11 11:06:58.330  4399  9830 I PxrMetric: FPS=91/90,MTP=33.34ms,AppSW=off,FrmEarly=30,FrmLate=0,FrmCpu=0.62ms,FrmGpu=8.34ms,FrmTime=14.02ms,ATWGPU=4.03ms,VsyncDelay=2,GPU=79%/587Mhz,GPUTemp=77.9C,LayerCnt=1,Pkg=org.meumeu.wivrn.nx.warp,FrmId=2596
09-11 11:06:58.998  4399  9927 I WiVRn   : [2026-09-11 11:06:58.998] [WiVRn] [info] Tracking pattern (11104µs):
09-11 11:06:58.998  4399  9927 I WiVRn   : [2026-09-11 11:06:58.998] [WiVRn] [info] 	t+8832µs HEAD (80000µs)
09-11 11:06:58.998  4399  9927 I WiVRn   : [2026-09-11 11:06:58.998] [WiVRn] [info] 	t+8832µs LEFT_GRIP (80000µs)
09-11 11:06:58.998  4399  9927 I WiVRn   : [2026-09-11 11:06:58.998] [WiVRn] [info] 	t+8832µs RIGHT_GRIP (80000µs)
09-11 11:06:59.339  4399  9830 I PxrMetric: FPS=89/90,MTP=33.73ms,AppSW=off,FrmEarly=30,FrmLate=0,FrmCpu=0.65ms,FrmGpu=8.32ms,FrmTime=14.02ms,ATWGPU=4.30ms,VsyncDelay=2,GPU=83%/587Mhz,GPUTemp=77.9C,LayerCnt=1,Pkg=org.meumeu.wivrn.nx.warp,FrmId=2687
09-11 11:06:59.875  4399  9838 I WiVRn   : [2026-09-11 11:06:59.875] [WiVRn] [info] render: 181 iterations in 2.0 s (90.0/s), 181 submitted a layer, 121 new-source, 0 skipped by the repeat gate, 0 with nothing to show; display period 11.1 ms
09-11 11:06:59.875  4399  9838 I WiVRn   : [2026-09-11 11:06:59.875] [WiVRn] [info] render: ready wait attempts 0 success 0 total 0.000 ms | selected older than available 181
09-11 11:06:59.875  4399  9838 I WiVRn   : [2026-09-11 11:06:59.875] [WiVRn] [info] render: selected source transitions forward 121 backward 0 repeat 60, greatest forward gap 1
09-11 11:06:59.875  4399  9838 I WiVRn   : [2026-09-11 11:06:59.875] [WiVRn] [info] render: this app's own GPU pass 5.8 ms per iteration
09-11 11:06:59.875  4399  9838 I WiVRn   : [2026-09-11 11:06:59.875] [WiVRn] [info] render: defoveate 2688x2688 per eye x2 = 14.45 Mpx/frame at scale 1.00 atlas-prototype 0; 60 re-presented from the cache (reduce_gpu_load on)
09-11 11:06:59.875  4399  9838 I WiVRn   : [2026-09-11 11:06:59.875] [WiVRn] [info] render: shader path sharpness 0.00 fsr false alpha false motion false blend false glow 0.00 vignette 0.00 deband 1.00 lowpoly 0.00 levels 0 full-kernel false
09-11 11:06:59.875  4399  9838 I WiVRn   : [2026-09-11 11:06:59.875] [WiVRn] [info] render: per iteration fence 0.0 (worst 0.0) | queries 0.0 | submit 0.0 | whole render() 0.7 ms
09-11 11:06:59.875  4399  9838 I WiVRn   : [2026-09-11 11:06:59.875] [WiVRn] [info] render: motion fields matched 0 active 0 mean active step 0.000
09-11 11:06:59.875  4399  9838 I WiVRn   : [2026-09-11 11:06:59.875] [WiVRn] [info] render: selection-to-defoveate CPU 0.066 ms mean (max 0.133) over 121 actual defoveate calls; not GPU/photon latency
09-11 11:06:59.875  4399  9838 I WiVRn   : [2026-09-11 11:06:59.875] [WiVRn] [info] render: jit on | wake slack 39.1 ms | slept 5.0 ms mean (max 5.0, 181 of 181 iterations) | budget 2.2 = pass 1.2 + margin 1.0 | sleep cap 5.0 ms
09-11 11:06:59.875  4399  9838 I WiVRn   : [2026-09-11 11:06:59.875] [WiVRn] [info] render: source display-time offset -14.0 ms mean (worst 0.0) over 181 frames | submit lead 33.4 ms mean (worst 32.2) | misses: 0 overrun 0 late 0 skipped refresh
09-11 11:06:59.875  4399  9838 I WiVRn   : [2026-09-11 11:06:59.875] [WiVRn] [info] render: source->first -98.6 ms | wire 2.0 | queue 0.0 | decode 7.6 | decode->selection 40.9 | selection->predicted 34.0 | sum -14.0 over 181 selected frames (0 invalid)
09-11 11:06:59.998  4399  9927 I WiVRn   : [2026-09-11 11:06:59.998] [WiVRn] [info] Tracking pattern (11107µs):
09-11 11:06:59.998  4399  9927 I WiVRn   : [2026-09-11 11:06:59.998] [WiVRn] [info] 	t+8862µs HEAD (80000µs)
09-11 11:06:59.998  4399  9927 I WiVRn   : [2026-09-11 11:06:59.998] [WiVRn] [info] 	t+8862µs LEFT_GRIP (80000µs)
09-11 11:06:59.998  4399  9927 I WiVRn   : [2026-09-11 11:06:59.998] [WiVRn] [info] 	t+8862µs RIGHT_GRIP (80000µs)
09-11 11:07:00.352  4399  9830 I PxrMetric: FPS=90/90,MTP=33.12ms,AppSW=off,FrmEarly=30,FrmLate=0,FrmCpu=0.62ms,FrmGpu=8.10ms,FrmTime=13.77ms,ATWGPU=3.94ms,VsyncDelay=2,GPU=78%/587Mhz,GPUTemp=78.3C,LayerCnt=1,Pkg=org.meumeu.wivrn.nx.warp,FrmId=2778
09-11 11:07:00.998  4399  9927 I WiVRn   : [2026-09-11 11:07:00.998] [WiVRn] [info] Tracking pattern (11108µs):
09-11 11:07:00.998  4399  9927 I WiVRn   : [2026-09-11 11:07:00.998] [WiVRn] [info] 	t+8871µs HEAD (80000µs)
09-11 11:07:00.998  4399  9927 I WiVRn   : [2026-09-11 11:07:00.998] [WiVRn] [info] 	t+8871µs LEFT_GRIP (80000µs)
09-11 11:07:00.998  4399  9927 I WiVRn   : [2026-09-11 11:07:00.998] [WiVRn] [info] 	t+8871µs RIGHT_GRIP (80000µs)
09-11 11:07:01.352  4399  9830 I PxrMetric: FPS=90/90,MTP=33.14ms,AppSW=off,FrmEarly=30,FrmLate=0,FrmCpu=0.62ms,FrmGpu=8.10ms,FrmTime=13.79ms,ATWGPU=4.29ms,VsyncDelay=2,GPU=36%/587Mhz,GPUTemp=78.3C,LayerCnt=1,Pkg=org.meumeu.wivrn.nx.warp,FrmId=2868
