--------- beginning of main
--------- beginning of system
09-10 06:04:54.940 27483 31287 I WiVRn   : [2026-09-10 06:04:54.940] [WiVRn] [info] Starting WiVRn version nx-1.4.1-261-g060474e4 (060474e46433c12006cda2a72afd9c58019a6349)
09-10 06:04:54.940 27483 31287 I WiVRn   : [2026-09-10 06:04:54.940] [WiVRn] [info] Started with intent wivrn://192.168.1.2
09-10 06:04:54.942 27483 31287 I WiVRn   : [2026-09-10 06:04:54.942] [WiVRn] [info] Guessing HMD model from:
09-10 06:04:54.942 27483 31287 I WiVRn   : [2026-09-10 06:04:54.942] [WiVRn] [info]     ro.product.device = "PICOA8110":
09-10 06:04:54.942 27483 31287 I WiVRn   : [2026-09-10 06:04:54.942] [WiVRn] [info]     ro.product.manufacturer = "Pico":
09-10 06:04:54.942 27483 31287 I WiVRn   : [2026-09-10 06:04:54.942] [WiVRn] [info]     ro.product.model = "A8110":
09-10 06:04:54.942 27483 31287 I WiVRn   : [2026-09-10 06:04:54.942] [WiVRn] [info]     pxr.vendorhw.product.model = "PICO 4":
09-10 06:04:54.942 27483 31287 I WiVRn   : [2026-09-10 06:04:54.942] [WiVRn] [info] HMD traits initialized
09-10 06:04:54.942 27483 31287 I WiVRn   : [2026-09-10 06:04:54.942] [WiVRn] [info] 	controller_profile: pico-4
09-10 06:04:54.942 27483 31287 I WiVRn   : [2026-09-10 06:04:54.942] [WiVRn] [info] 	controller_ray_model: assets://ray.glb
09-10 06:04:54.942 27483 31287 I WiVRn   : [2026-09-10 06:04:54.942] [WiVRn] [info] 	max_openxr_api_version: 1.1.58
09-10 06:04:54.942 27483 31287 I WiVRn   : [2026-09-10 06:04:54.942] [WiVRn] [info] 	panel_width_override: 2160
09-10 06:04:54.942 27483 31287 I WiVRn   : [2026-09-10 06:04:54.942] [WiVRn] [info] 	needs_srgb_conversion: true
09-10 06:04:54.942 27483 31287 I WiVRn   : [2026-09-10 06:04:54.942] [WiVRn] [info] 	nxwarp_atlas_speed: true
09-10 06:04:54.942 27483 31287 I WiVRn   : [2026-09-10 06:04:54.942] [WiVRn] [info] 	view_locate: false
09-10 06:04:54.942 27483 31287 I WiVRn   : [2026-09-10 06:04:54.942] [WiVRn] [info] 	vk_debug_ext_allowed: true
09-10 06:04:54.942 27483 31287 I WiVRn   : [2026-09-10 06:04:54.942] [WiVRn] [info] 	bind_simple_controller: true
09-10 06:04:54.942 27483 31287 I WiVRn   : [2026-09-10 06:04:54.942] [WiVRn] [info] 	hand_interaction_grip_surface: true
09-10 06:04:54.942 27483 31287 I WiVRn   : [2026-09-10 06:04:54.942] [WiVRn] [info] 	pico_face_tracker: false
09-10 06:04:54.942 27483 31287 I WiVRn   : [2026-09-10 06:04:54.942] [WiVRn] [info] 	discard_frame: false
09-10 06:04:54.957 27483 31287 I WiVRn   : [2026-09-10 06:04:54.957] [WiVRn] [info] Available OpenXR layers:
09-10 06:04:54.958 27483 31287 I WiVRn   : [2026-09-10 06:04:54.958] [WiVRn] [info] Available OpenXR extensions:
09-10 06:04:54.959 27483 31287 I WiVRn   : [2026-09-10 06:04:54.959] [WiVRn] [info]     XR_BD_body_tracking (version 1)
09-10 06:04:54.959 27483 31287 I WiVRn   : [2026-09-10 06:04:54.959] [WiVRn] [info]     XR_BD_controller_interaction (version 1)
09-10 06:04:54.959 27483 31287 I WiVRn   : [2026-09-10 06:04:54.959] [WiVRn] [info]     XR_EPIC_view_configuration_fov (version 2)
09-10 06:04:54.959 27483 31287 I WiVRn   : [2026-09-10 06:04:54.959] [WiVRn] [info]     XR_EXTX_overlay (version 5)
09-10 06:04:54.959 27483 31287 I WiVRn   : [2026-09-10 06:04:54.959] [WiVRn] [info]     XR_EXT_active_action_set_priority (version 1)
09-10 06:04:54.959 27483 31287 I WiVRn   : [2026-09-10 06:04:54.959] [WiVRn] [info]     XR_EXT_composition_layer_inverted_alpha (version 1)
09-10 06:04:54.959 27483 31287 I WiVRn   : [2026-09-10 06:04:54.959] [WiVRn] [info]     XR_EXT_debug_utils (version 5)
09-10 06:04:54.959 27483 31287 I WiVRn   : [2026-09-10 06:04:54.959] [WiVRn] [info]     XR_EXT_eye_gaze_interaction (version 2)
09-10 06:04:54.959 27483 31287 I WiVRn   : [2026-09-10 06:04:54.959] [WiVRn] [info]     XR_EXT_frame_synthesis (version 1)
09-10 06:04:54.959 27483 31287 I WiVRn   : [2026-09-10 06:04:54.959] [WiVRn] [info]     XR_EXT_hand_interaction (version 1)
09-10 06:04:54.959 27483 31287 I WiVRn   : [2026-09-10 06:04:54.959] [WiVRn] [info]     XR_EXT_hand_tracking (version 4)
09-10 06:04:54.959 27483 31287 I WiVRn   : [2026-09-10 06:04:54.959] [WiVRn] [info]     XR_EXT_local_floor (version 1)
09-10 06:04:54.959 27483 31287 I WiVRn   : [2026-09-10 06:04:54.959] [WiVRn] [info]     XR_EXT_palm_pose (version 3)
09-10 06:04:54.959 27483 31287 I WiVRn   : [2026-09-10 06:04:54.959] [WiVRn] [info]     XR_EXT_performance_settings (version 4)
09-10 06:04:54.959 27483 31287 I WiVRn   : [2026-09-10 06:04:54.959] [WiVRn] [info]     XR_EXT_user_presence (version 1)
09-10 06:04:54.959 27483 31287 I WiVRn   : [2026-09-10 06:04:54.959] [WiVRn] [info]     XR_EXT_uuid (version 1)
09-10 06:04:54.959 27483 31287 I WiVRn   : [2026-09-10 06:04:54.959] [WiVRn] [info]     XR_EXT_view_configuration_depth_range (version 1)
09-10 06:04:54.959 27483 31287 I WiVRn   : [2026-09-10 06:04:54.959] [WiVRn] [info]     XR_FB_composition_layer_alpha_blend (version 3)
09-10 06:04:54.959 27483 31287 I WiVRn   : [2026-09-10 06:04:54.959] [WiVRn] [info]     XR_FB_composition_layer_image_layout (version 1)
09-10 06:04:54.959 27483 31287 I WiVRn   : [2026-09-10 06:04:54.959] [WiVRn] [info]     XR_FB_composition_layer_secure_content (version 1)
09-10 06:04:54.959 27483 31287 I WiVRn   : [2026-09-10 06:04:54.959] [WiVRn] [info]     XR_FB_composition_layer_settings (version 1)
09-10 06:04:54.959 27483 31287 I WiVRn   : [2026-09-10 06:04:54.959] [WiVRn] [info]     XR_FB_display_refresh_rate (version 1)
09-10 06:04:54.959 27483 31287 I WiVRn   : [2026-09-10 06:04:54.959] [WiVRn] [info]     XR_FB_foveation (version 1)
09-10 06:04:54.959 27483 31287 I WiVRn   : [2026-09-10 06:04:54.959] [WiVRn] [info]     XR_FB_foveation_configuration (version 1)
09-10 06:04:54.959 27483 31287 I WiVRn   : [2026-09-10 06:04:54.959] [WiVRn] [info]     XR_FB_foveation_vulkan (version 1)
09-10 06:04:54.959 27483 31287 I WiVRn   : [2026-09-10 06:04:54.959] [WiVRn] [info]     XR_FB_passthrough (version 4)
09-10 06:04:54.959 27483 31287 I WiVRn   : [2026-09-10 06:04:54.959] [WiVRn] [info]     XR_FB_space_warp (version 2)
09-10 06:04:54.959 27483 31287 I WiVRn   : [2026-09-10 06:04:54.959] [WiVRn] [info]     XR_FB_swapchain_update_state (version 3)
09-10 06:04:54.959 27483 31287 I WiVRn   : [2026-09-10 06:04:54.959] [WiVRn] [info]     XR_FB_swapchain_update_state_android_surface (version 1)
09-10 06:04:54.959 27483 31287 I WiVRn   : [2026-09-10 06:04:54.959] [WiVRn] [info]     XR_FB_swapchain_update_state_opengl_es (version 1)
09-10 06:04:54.959 27483 31287 I WiVRn   : [2026-09-10 06:04:54.959] [WiVRn] [info]     XR_FB_swapchain_update_state_vulkan (version 1)
09-10 06:04:54.959 27483 31287 I WiVRn   : [2026-09-10 06:04:54.959] [WiVRn] [info]     XR_FB_triangle_mesh (version 2)
09-10 06:04:54.959 27483 31287 I WiVRn   : [2026-09-10 06:04:54.959] [WiVRn] [info]     XR_KHR_android_create_instance (version 3)
09-10 06:04:54.959 27483 31287 I WiVRn   : [2026-09-10 06:04:54.959] [WiVRn] [info]     XR_KHR_android_surface_swapchain (version 4)
09-10 06:04:54.959 27483 31287 I WiVRn   : [2026-09-10 06:04:54.959] [WiVRn] [info]     XR_KHR_android_thread_settings (version 6)
09-10 06:04:54.959 27483 31287 I WiVRn   : [2026-09-10 06:04:54.959] [WiVRn] [info]     XR_KHR_composition_layer_color_scale_bias (version 5)
09-10 06:04:54.959 27483 31287 I WiVRn   : [2026-09-10 06:04:54.959] [WiVRn] [info]     XR_KHR_composition_layer_cube (version 8)
09-10 06:04:54.959 27483 31287 I WiVRn   : [2026-09-10 06:04:54.959] [WiVRn] [info]     XR_KHR_composition_layer_cylinder (version 4)
09-10 06:04:54.959 27483 31287 I WiVRn   : [2026-09-10 06:04:54.959] [WiVRn] [info]     XR_KHR_composition_layer_depth (version 6)
09-10 06:04:54.959 27483 31287 I WiVRn   : [2026-09-10 06:04:54.959] [WiVRn] [info]     XR_KHR_composition_layer_equirect (version 3)
09-10 06:04:54.959 27483 31287 I WiVRn   : [2026-09-10 06:04:54.959] [WiVRn] [info]     XR_KHR_composition_layer_equirect2 (version 1)
09-10 06:04:54.959 27483 31287 I WiVRn   : [2026-09-10 06:04:54.959] [WiVRn] [info]     XR_KHR_convert_timespec_time (version 1)
09-10 06:04:54.959 27483 31287 I WiVRn   : [2026-09-10 06:04:54.959] [WiVRn] [info]     XR_KHR_loader_init (version 2)
09-10 06:04:54.959 27483 31287 I WiVRn   : [2026-09-10 06:04:54.959] [WiVRn] [info]     XR_KHR_loader_init_android (version 1)
09-10 06:04:54.959 27483 31287 I WiVRn   : [2026-09-10 06:04:54.959] [WiVRn] [info]     XR_KHR_locate_spaces (version 1)
09-10 06:04:54.959 27483 31287 I WiVRn   : [2026-09-10 06:04:54.959] [WiVRn] [info]     XR_KHR_maintenance1 (version 1)
09-10 06:04:54.959 27483 31287 I WiVRn   : [2026-09-10 06:04:54.959] [WiVRn] [info]     XR_KHR_opengl_es_enable (version 8)
09-10 06:04:54.959 27483 31287 I WiVRn   : [2026-09-10 06:04:54.959] [WiVRn] [info]     XR_KHR_vulkan_enable (version 8)
09-10 06:04:54.959 27483 31287 I WiVRn   : [2026-09-10 06:04:54.959] [WiVRn] [info]     XR_KHR_vulkan_enable2 (version 2)
09-10 06:04:54.959 27483 31287 I WiVRn   : [2026-09-10 06:04:54.959] [WiVRn] [info]     XR_KHR_vulkan_swapchain_format_list (version 5)
09-10 06:04:54.959 27483 31287 I WiVRn   : [2026-09-10 06:04:54.959] [WiVRn] [info]     XR_META_foveation_eye_tracked (version 1)
09-10 06:04:54.959 27483 31287 I WiVRn   : [2026-09-10 06:04:54.959] [WiVRn] [info]     XR_META_vulkan_swapchain_create_info (version 1)
09-10 06:04:54.959 27483 31287 I WiVRn   : [2026-09-10 06:04:54.959] [WiVRn] [info]     XR_MND_headless (version 2)
09-10 06:04:54.959 27483 31287 I WiVRn   : [2026-09-10 06:04:54.959] [WiVRn] [info]     XR_MSFT_composition_layer_reprojection (version 1)
09-10 06:04:54.959 27483 31287 I WiVRn   : [2026-09-10 06:04:54.959] [WiVRn] [info] Performance APIs: XR_EXT_performance_settings = available, vendor power/performance extensions = none
09-10 06:04:55.048 27483 27483 I WiVRn   : [2026-09-10 06:04:55.048] [WiVRn] [info] [pointer_capture] requestPointerCapture() invoked successfully
09-10 06:04:55.134 27483 31287 I WiVRn   : [2026-09-10 06:04:55.134] [WiVRn] [info] Using OpenXR extensions:
09-10 06:04:55.134 27483 31287 I WiVRn   : [2026-09-10 06:04:55.134] [WiVRn] [info]     XR_KHR_convert_timespec_time
09-10 06:04:55.134 27483 31287 I WiVRn   : [2026-09-10 06:04:55.134] [WiVRn] [info]     XR_BD_body_tracking
09-10 06:04:55.134 27483 31287 I WiVRn   : [2026-09-10 06:04:55.134] [WiVRn] [info]     XR_BD_controller_interaction
09-10 06:04:55.134 27483 31287 I WiVRn   : [2026-09-10 06:04:55.134] [WiVRn] [info]     XR_EXT_eye_gaze_interaction
09-10 06:04:55.134 27483 31287 I WiVRn   : [2026-09-10 06:04:55.134] [WiVRn] [info]     XR_EXT_hand_interaction
09-10 06:04:55.134 27483 31287 I WiVRn   : [2026-09-10 06:04:55.134] [WiVRn] [info]     XR_EXT_hand_tracking
09-10 06:04:55.134 27483 31287 I WiVRn   : [2026-09-10 06:04:55.134] [WiVRn] [info]     XR_EXT_performance_settings
09-10 06:04:55.134 27483 31287 I WiVRn   : [2026-09-10 06:04:55.134] [WiVRn] [info]     XR_EXT_user_presence
09-10 06:04:55.134 27483 31287 I WiVRn   : [2026-09-10 06:04:55.134] [WiVRn] [info]     XR_FB_composition_layer_settings
09-10 06:04:55.134 27483 31287 I WiVRn   : [2026-09-10 06:04:55.134] [WiVRn] [info]     XR_FB_display_refresh_rate
09-10 06:04:55.134 27483 31287 I WiVRn   : [2026-09-10 06:04:55.134] [WiVRn] [info]     XR_FB_passthrough
09-10 06:04:55.134 27483 31287 I WiVRn   : [2026-09-10 06:04:55.134] [WiVRn] [info]     XR_FB_swapchain_update_state
09-10 06:04:55.134 27483 31287 I WiVRn   : [2026-09-10 06:04:55.134] [WiVRn] [info]     XR_KHR_composition_layer_color_scale_bias
09-10 06:04:55.134 27483 31287 I WiVRn   : [2026-09-10 06:04:55.134] [WiVRn] [info]     XR_KHR_composition_layer_depth
09-10 06:04:55.134 27483 31287 I WiVRn   : [2026-09-10 06:04:55.134] [WiVRn] [info]     XR_KHR_vulkan_swapchain_format_list
09-10 06:04:55.134 27483 31287 I WiVRn   : [2026-09-10 06:04:55.134] [WiVRn] [info]     XR_EXT_palm_pose
09-10 06:04:55.134 27483 31287 I WiVRn   : [2026-09-10 06:04:55.134] [WiVRn] [info]     XR_KHR_locate_spaces
09-10 06:04:55.134 27483 31287 I WiVRn   : [2026-09-10 06:04:55.134] [WiVRn] [info]     XR_KHR_vulkan_enable2
09-10 06:04:55.134 27483 31287 I WiVRn   : [2026-09-10 06:04:55.134] [WiVRn] [info]     XR_KHR_android_create_instance
09-10 06:04:55.134 27483 31287 I WiVRn   : [2026-09-10 06:04:55.134] [WiVRn] [info]     XR_ML_ml2_controller_interaction
09-10 06:04:55.134 27483 31287 I WiVRn   : [2026-09-10 06:04:55.134] [WiVRn] [info]     XR_HTC_vive_cosmos_controller_interaction
09-10 06:04:55.134 27483 31287 I WiVRn   : [2026-09-10 06:04:55.134] [WiVRn] [info]     XR_EXT_uuid
09-10 06:04:55.134 27483 31287 I WiVRn   : [2026-09-10 06:04:55.134] [WiVRn] [info]     XR_EXT_local_floor
09-10 06:04:55.134 27483 31287 I WiVRn   : [2026-09-10 06:04:55.134] [WiVRn] [info]     XR_KHR_locate_spaces
09-10 06:04:55.134 27483 31287 I WiVRn   : [2026-09-10 06:04:55.134] [WiVRn] [info]     XR_EXT_samsung_odyssey_controller
09-10 06:04:55.134 27483 31287 I WiVRn   : [2026-09-10 06:04:55.134] [WiVRn] [info]     XR_EXT_palm_pose
09-10 06:04:55.134 27483 31287 I WiVRn   : [2026-09-10 06:04:55.134] [WiVRn] [info]     XR_HTC_vive_focus3_controller_interaction
09-10 06:04:55.134 27483 31287 I WiVRn   : [2026-09-10 06:04:55.134] [WiVRn] [info]     XR_EXT_hp_mixed_reality_controller
09-10 06:04:55.134 27483 31287 I WiVRn   : [2026-09-10 06:04:55.134] [WiVRn] [info]     XR_KHR_maintenance1
09-10 06:04:55.134 27483 31287 I WiVRn   : [2026-09-10 06:04:55.134] [WiVRn] [info]     XR_VARJO_quad_views
09-10 06:04:55.134 27483 31287 I WiVRn   : [2026-09-10 06:04:55.134] [WiVRn] [info]     XR_BD_controller_interaction
09-10 06:04:55.134 27483 31287 I WiVRn   : [2026-09-10 06:04:55.134] [WiVRn] [info] Created OpenXR instance, runtime Pico(XRT) by Pico et al '99d719953', version 3.0.1, API version 1.1.58
09-10 06:04:55.147 27483 31287 I WiVRn   : [2026-09-10 06:04:55.147] [WiVRn] [info] Created OpenXR system for form factor XR_FORM_FACTOR_HEAD_MOUNTED_DISPLAY
09-10 06:04:55.147 27483 31287 I WiVRn   : [2026-09-10 06:04:55.147] [WiVRn] [info] OpenXR system properties:
09-10 06:04:55.147 27483 31287 I WiVRn   : [2026-09-10 06:04:55.147] [WiVRn] [info]     Vendor ID: 0x2a
09-10 06:04:55.147 27483 31287 I WiVRn   : [2026-09-10 06:04:55.147] [WiVRn] [info]     System name: PICO 4 HMD
09-10 06:04:55.147 27483 31287 I WiVRn   : [2026-09-10 06:04:55.147] [WiVRn] [info]     Graphics properties:
09-10 06:04:55.147 27483 31287 I WiVRn   : [2026-09-10 06:04:55.147] [WiVRn] [info]         Maximum swapchain image size: 16384x16384
09-10 06:04:55.147 27483 31287 I WiVRn   : [2026-09-10 06:04:55.147] [WiVRn] [info]         Maximum layer count: 16
09-10 06:04:55.147 27483 31287 I WiVRn   : [2026-09-10 06:04:55.147] [WiVRn] [info]     Tracking properties:
09-10 06:04:55.147 27483 31287 I WiVRn   : [2026-09-10 06:04:55.147] [WiVRn] [info]         Orientation tracking: true
09-10 06:04:55.147 27483 31287 I WiVRn   : [2026-09-10 06:04:55.147] [WiVRn] [info]         Position tracking: true
09-10 06:04:55.147 27483 31287 I WiVRn   : [2026-09-10 06:04:55.147] [WiVRn] [info]     Hand tracking support: true
09-10 06:04:55.147 27483 31287 I WiVRn   : [2026-09-10 06:04:55.147] [WiVRn] [info]     Eye gaze support: false
09-10 06:04:55.147 27483 31287 I WiVRn   : [2026-09-10 06:04:55.147] [WiVRn] [info]     OpenXR post-processing extension support: true
09-10 06:04:55.147 27483 31287 I WiVRn   : [2026-09-10 06:04:55.147] [WiVRn] [info]     Passthrough: color
09-10 06:04:55.147 27483 31287 I WiVRn   : [2026-09-10 06:04:55.147] [WiVRn] [info]     Face tracker: none
09-10 06:04:55.147 27483 31287 I WiVRn   : [2026-09-10 06:04:55.147] [WiVRn] [info]     Body tracker: pico
09-10 06:04:55.147 27483 31287 I WiVRn   : [2026-09-10 06:04:55.147] [WiVRn] [info] View configuration XR_VIEW_CONFIGURATION_TYPE_PRIMARY_STEREO
09-10 06:04:55.147 27483 31287 I WiVRn   : [2026-09-10 06:04:55.147] [WiVRn] [info]     fovMutable: false
09-10 06:04:55.147 27483 31287 I WiVRn   : [2026-09-10 06:04:55.147] [WiVRn] [info]     View 1:
09-10 06:04:55.147 27483 31287 I WiVRn   : [2026-09-10 06:04:55.147] [WiVRn] [info]         Recommended: 1504x1504, 1 sample(s)
09-10 06:04:55.147 27483 31287 I WiVRn   : [2026-09-10 06:04:55.147] [WiVRn] [info]         Maximum:     2560x2560, 1 sample(s)
09-10 06:04:55.147 27483 31287 I WiVRn   : [2026-09-10 06:04:55.147] [WiVRn] [info]     View 2:
09-10 06:04:55.147 27483 31287 I WiVRn   : [2026-09-10 06:04:55.147] [WiVRn] [info]         Recommended: 1504x1504, 1 sample(s)
09-10 06:04:55.147 27483 31287 I WiVRn   : [2026-09-10 06:04:55.147] [WiVRn] [info]         Maximum:     2560x2560, 1 sample(s)
09-10 06:04:55.147 27483 31287 I WiVRn   : [2026-09-10 06:04:55.147] [WiVRn] [info]     Blend mode: XR_ENVIRONMENT_BLEND_MODE_OPAQUE
09-10 06:04:55.147 27483 31287 I WiVRn   : [2026-09-10 06:04:55.147] [WiVRn] [info]     Blend mode: XR_ENVIRONMENT_BLEND_MODE_ALPHA_BLEND
09-10 06:04:55.148 27483 31287 I WiVRn   : [2026-09-10 06:04:55.148] [WiVRn] [info] OpenXR runtime wants Vulkan 1.0.0
09-10 06:04:55.148 27483 31287 I WiVRn   : [2026-09-10 06:04:55.148] [WiVRn] [info] Requesting Vulkan 1.1.0
09-10 06:04:55.148 27483 31287 I WiVRn   : [2026-09-10 06:04:55.148] [WiVRn] [info] Available Vulkan layers:
09-10 06:04:55.151 27483 31287 I WiVRn   : [2026-09-10 06:04:55.151] [WiVRn] [info] Available Vulkan instance extensions:
09-10 06:04:55.151 27483 31287 I WiVRn   : [2026-09-10 06:04:55.151] [WiVRn] [info]     VK_EXT_debug_report (version 9)
09-10 06:04:55.151 27483 31287 I WiVRn   : [2026-09-10 06:04:55.151] [WiVRn] [info]     VK_EXT_debug_utils (version 2)
09-10 06:04:55.151 27483 31287 I WiVRn   : [2026-09-10 06:04:55.151] [WiVRn] [info]     VK_EXT_swapchain_colorspace (version 3)
09-10 06:04:55.151 27483 31287 I WiVRn   : [2026-09-10 06:04:55.151] [WiVRn] [info]     VK_KHR_android_surface (version 6)
09-10 06:04:55.151 27483 31287 I WiVRn   : [2026-09-10 06:04:55.151] [WiVRn] [info]     VK_KHR_device_group_creation (version 1)
09-10 06:04:55.151 27483 31287 I WiVRn   : [2026-09-10 06:04:55.151] [WiVRn] [info]     VK_KHR_external_fence_capabilities (version 1)
09-10 06:04:55.151 27483 31287 I WiVRn   : [2026-09-10 06:04:55.151] [WiVRn] [info]     VK_KHR_external_memory_capabilities (version 1)
09-10 06:04:55.151 27483 31287 I WiVRn   : [2026-09-10 06:04:55.151] [WiVRn] [info]     VK_KHR_external_semaphore_capabilities (version 1)
09-10 06:04:55.151 27483 31287 I WiVRn   : [2026-09-10 06:04:55.151] [WiVRn] [info]     VK_KHR_get_physical_device_properties2 (version 1)
09-10 06:04:55.151 27483 31287 I WiVRn   : [2026-09-10 06:04:55.151] [WiVRn] [info]     VK_KHR_get_surface_capabilities2 (version 1)
09-10 06:04:55.151 27483 31287 I WiVRn   : [2026-09-10 06:04:55.151] [WiVRn] [info]     VK_KHR_surface (version 25)
09-10 06:04:55.160 27483 31287 I WiVRn   : [2026-09-10 06:04:55.160] [WiVRn] [info] Available Vulkan device extensions:
09-10 06:04:55.160 27483 31287 I WiVRn   : [2026-09-10 06:04:55.160] [WiVRn] [info]     VK_ANDROID_external_memory_android_hardware_buffer (version 3)
09-10 06:04:55.160 27483 31287 I WiVRn   : [2026-09-10 06:04:55.160] [WiVRn] [info]     VK_EXT_astc_decode_mode (version 1)
09-10 06:04:55.160 27483 31287 I WiVRn   : [2026-09-10 06:04:55.160] [WiVRn] [info]     VK_EXT_blend_operation_advanced (version 1)
09-10 06:04:55.160 27483 31287 I WiVRn   : [2026-09-10 06:04:55.160] [WiVRn] [info]     VK_EXT_custom_border_color (version 12)
09-10 06:04:55.160 27483 31287 I WiVRn   : [2026-09-10 06:04:55.160] [WiVRn] [info]     VK_EXT_depth_clip_enable (version 1)
09-10 06:04:55.160 27483 31287 I WiVRn   : [2026-09-10 06:04:55.160] [WiVRn] [info]     VK_EXT_descriptor_indexing (version 2)
09-10 06:04:55.160 27483 31287 I WiVRn   : [2026-09-10 06:04:55.160] [WiVRn] [info]     VK_EXT_device_fault (version 1)
09-10 06:04:55.160 27483 31287 I WiVRn   : [2026-09-10 06:04:55.160] [WiVRn] [info]     VK_EXT_device_memory_report (version 2)
09-10 06:04:55.160 27483 31287 I WiVRn   : [2026-09-10 06:04:55.160] [WiVRn] [info]     VK_EXT_extended_dynamic_state (version 1)
09-10 06:04:55.160 27483 31287 I WiVRn   : [2026-09-10 06:04:55.160] [WiVRn] [info]     VK_EXT_filter_cubic (version 3)
09-10 06:04:55.160 27483 31287 I WiVRn   : [2026-09-10 06:04:55.160] [WiVRn] [info]     VK_EXT_fragment_density_map (version 1)
09-10 06:04:55.160 27483 31287 I WiVRn   : [2026-09-10 06:04:55.160] [WiVRn] [info]     VK_EXT_fragment_density_map2 (version 1)
09-10 06:04:55.160 27483 31287 I WiVRn   : [2026-09-10 06:04:55.160] [WiVRn] [info]     VK_EXT_global_priority (version 2)
09-10 06:04:55.160 27483 31287 I WiVRn   : [2026-09-10 06:04:55.160] [WiVRn] [info]     VK_EXT_global_priority_query (version 1)
09-10 06:04:55.160 27483 31287 I WiVRn   : [2026-09-10 06:04:55.160] [WiVRn] [info]     VK_EXT_hdr_metadata (version 1)
09-10 06:04:55.160 27483 31287 I WiVRn   : [2026-09-10 06:04:55.160] [WiVRn] [info]     VK_EXT_host_query_reset (version 1)
09-10 06:04:55.160 27483 31287 I WiVRn   : [2026-09-10 06:04:55.160] [WiVRn] [info]     VK_EXT_image_robustness (version 1)
09-10 06:04:55.160 27483 31287 I WiVRn   : [2026-09-10 06:04:55.160] [WiVRn] [info]     VK_EXT_index_type_uint8 (version 1)
09-10 06:04:55.160 27483 31287 I WiVRn   : [2026-09-10 06:04:55.160] [WiVRn] [info]     VK_EXT_line_rasterization (version 1)
09-10 06:04:55.160 27483 31287 I WiVRn   : [2026-09-10 06:04:55.160] [WiVRn] [info]     VK_EXT_pipeline_creation_cache_control (version 1)
09-10 06:04:55.160 27483 31287 I WiVRn   : [2026-09-10 06:04:55.160] [WiVRn] [info]     VK_EXT_pipeline_creation_feedback (version 1)
09-10 06:04:55.160 27483 31287 I WiVRn   : [2026-09-10 06:04:55.160] [WiVRn] [info]     VK_EXT_primitive_topology_list_restart (version 2)
09-10 06:04:55.160 27483 31287 I WiVRn   : [2026-09-10 06:04:55.160] [WiVRn] [info]     VK_EXT_private_data (version 1)
09-10 06:04:55.160 27483 31287 I WiVRn   : [2026-09-10 06:04:55.160] [WiVRn] [info]     VK_EXT_provoking_vertex (version 1)
09-10 06:04:55.160 27483 31287 I WiVRn   : [2026-09-10 06:04:55.160] [WiVRn] [info]     VK_EXT_queue_family_foreign (version 1)
09-10 06:04:55.160 27483 31287 I WiVRn   : [2026-09-10 06:04:55.160] [WiVRn] [info]     VK_EXT_robustness2 (version 1)
09-10 06:04:55.160 27483 31287 I WiVRn   : [2026-09-10 06:04:55.160] [WiVRn] [info]     VK_EXT_sample_locations (version 1)
09-10 06:04:55.160 27483 31287 I WiVRn   : [2026-09-10 06:04:55.160] [WiVRn] [info]     VK_EXT_sampler_filter_minmax (version 1)
09-10 06:04:55.160 27483 31287 I WiVRn   : [2026-09-10 06:04:55.160] [WiVRn] [info]     VK_EXT_scalar_block_layout (version 1)
09-10 06:04:55.160 27483 31287 I WiVRn   : [2026-09-10 06:04:55.160] [WiVRn] [info]     VK_EXT_separate_stencil_usage (version 1)
09-10 06:04:55.160 27483 31287 I WiVRn   : [2026-09-10 06:04:55.160] [WiVRn] [info]     VK_EXT_shader_demote_to_helper_invocation (version 1)
09-10 06:04:55.160 27483 31287 I WiVRn   : [2026-09-10 06:04:55.160] [WiVRn] [info]     VK_EXT_subgroup_size_control (version 2)
09-10 06:04:55.160 27483 31287 I WiVRn   : [2026-09-10 06:04:55.160] [WiVRn] [info]     VK_EXT_texture_compression_astc_hdr (version 1)
09-10 06:04:55.160 27483 31287 I WiVRn   : [2026-09-10 06:04:55.160] [WiVRn] [info]     VK_EXT_transform_feedback (version 1)
09-10 06:04:55.160 27483 31287 I WiVRn   : [2026-09-10 06:04:55.160] [WiVRn] [info]     VK_EXT_vertex_attribute_divisor (version 3)
09-10 06:04:55.160 27483 31287 I WiVRn   : [2026-09-10 06:04:55.160] [WiVRn] [info]     VK_EXT_vertex_input_dynamic_state (version 2)
09-10 06:04:55.160 27483 31287 I WiVRn   : [2026-09-10 06:04:55.160] [WiVRn] [info]     VK_GOOGLE_display_timing (version 1)
09-10 06:04:55.160 27483 31287 I WiVRn   : [2026-09-10 06:04:55.160] [WiVRn] [info]     VK_IMG_filter_cubic (version 1)
09-10 06:04:55.160 27483 31287 I WiVRn   : [2026-09-10 06:04:55.160] [WiVRn] [info]     VK_KHR_16bit_storage (version 1)
09-10 06:04:55.160 27483 31287 I WiVRn   : [2026-09-10 06:04:55.160] [WiVRn] [info]     VK_KHR_bind_memory2 (version 1)
09-10 06:04:55.160 27483 31287 I WiVRn   : [2026-09-10 06:04:55.160] [WiVRn] [info]     VK_KHR_buffer_device_address (version 1)
09-10 06:04:55.160 27483 31287 I WiVRn   : [2026-09-10 06:04:55.160] [WiVRn] [info]     VK_KHR_create_renderpass2 (version 1)
09-10 06:04:55.160 27483 31287 I WiVRn   : [2026-09-10 06:04:55.160] [WiVRn] [info]     VK_KHR_dedicated_allocation (version 1)
09-10 06:04:55.160 27483 31287 I WiVRn   : [2026-09-10 06:04:55.160] [WiVRn] [info]     VK_KHR_depth_stencil_resolve (version 1)
09-10 06:04:55.160 27483 31287 I WiVRn   : [2026-09-10 06:04:55.160] [WiVRn] [info]     VK_KHR_descriptor_update_template (version 1)
09-10 06:04:55.160 27483 31287 I WiVRn   : [2026-09-10 06:04:55.160] [WiVRn] [info]     VK_KHR_device_group (version 2)
09-10 06:04:55.160 27483 31287 I WiVRn   : [2026-09-10 06:04:55.160] [WiVRn] [info]     VK_KHR_draw_indirect_count (version 1)
09-10 06:04:55.160 27483 31287 I WiVRn   : [2026-09-10 06:04:55.160] [WiVRn] [info]     VK_KHR_driver_properties (version 1)
09-10 06:04:55.160 27483 31287 I WiVRn   : [2026-09-10 06:04:55.160] [WiVRn] [info]     VK_KHR_external_fence (version 1)
09-10 06:04:55.160 27483 31287 I WiVRn   : [2026-09-10 06:04:55.160] [WiVRn] [info]     VK_KHR_external_fence_fd (version 1)
09-10 06:04:55.160 27483 31287 I WiVRn   : [2026-09-10 06:04:55.160] [WiVRn] [info]     VK_KHR_external_memory (version 1)
09-10 06:04:55.160 27483 31287 I WiVRn   : [2026-09-10 06:04:55.160] [WiVRn] [info]     VK_KHR_external_memory_fd (version 1)
09-10 06:04:55.160 27483 31287 I WiVRn   : [2026-09-10 06:04:55.160] [WiVRn] [info]     VK_KHR_external_semaphore (version 1)
09-10 06:04:55.160 27483 31287 I WiVRn   : [2026-09-10 06:04:55.160] [WiVRn] [info]     VK_KHR_external_semaphore_fd (version 1)
09-10 06:04:55.160 27483 31287 I WiVRn   : [2026-09-10 06:04:55.160] [WiVRn] [info]     VK_KHR_get_memory_requirements2 (version 1)
09-10 06:04:55.160 27483 31287 I WiVRn   : [2026-09-10 06:04:55.160] [WiVRn] [info]     VK_KHR_image_format_list (version 1)
09-10 06:04:55.160 27483 31287 I WiVRn   : [2026-09-10 06:04:55.160] [WiVRn] [info]     VK_KHR_imageless_framebuffer (version 1)
09-10 06:04:55.160 27483 31287 I WiVRn   : [2026-09-10 06:04:55.160] [WiVRn] [info]     VK_KHR_incremental_present (version 1)
09-10 06:04:55.160 27483 31287 I WiVRn   : [2026-09-10 06:04:55.160] [WiVRn] [info]     VK_KHR_maintenance1 (version 1)
09-10 06:04:55.160 27483 31287 I WiVRn   : [2026-09-10 06:04:55.160] [WiVRn] [info]     VK_KHR_maintenance2 (version 1)
09-10 06:04:55.160 27483 31287 I WiVRn   : [2026-09-10 06:04:55.160] [WiVRn] [info]     VK_KHR_maintenance3 (version 1)
09-10 06:04:55.160 27483 31287 I WiVRn   : [2026-09-10 06:04:55.160] [WiVRn] [info]     VK_KHR_multiview (version 1)
09-10 06:04:55.160 27483 31287 I WiVRn   : [2026-09-10 06:04:55.160] [WiVRn] [info]     VK_KHR_pipeline_executable_properties (version 1)
09-10 06:04:55.160 27483 31287 I WiVRn   : [2026-09-10 06:04:55.160] [WiVRn] [info]     VK_KHR_push_descriptor (version 1)
09-10 06:04:55.160 27483 31287 I WiVRn   : [2026-09-10 06:04:55.160] [WiVRn] [info]     VK_KHR_relaxed_block_layout (version 1)
09-10 06:04:55.160 27483 31287 I WiVRn   : [2026-09-10 06:04:55.160] [WiVRn] [info]     VK_KHR_sampler_mirror_clamp_to_edge (version 1)
09-10 06:04:55.160 27483 31287 I WiVRn   : [2026-09-10 06:04:55.160] [WiVRn] [info]     VK_KHR_sampler_ycbcr_conversion (version 1)
09-10 06:04:55.160 27483 31287 I WiVRn   : [2026-09-10 06:04:55.160] [WiVRn] [info]     VK_KHR_separate_depth_stencil_layouts (version 1)
09-10 06:04:55.160 27483 31287 I WiVRn   : [2026-09-10 06:04:55.160] [WiVRn] [info]     VK_KHR_shader_draw_parameters (version 1)
09-10 06:04:55.160 27483 31287 I WiVRn   : [2026-09-10 06:04:55.160] [WiVRn] [info]     VK_KHR_shader_float16_int8 (version 1)
09-10 06:04:55.160 27483 31287 I WiVRn   : [2026-09-10 06:04:55.160] [WiVRn] [info]     VK_KHR_shader_float_controls (version 4)
09-10 06:04:55.160 27483 31287 I WiVRn   : [2026-09-10 06:04:55.160] [WiVRn] [info]     VK_KHR_shader_non_semantic_info (version 1)
09-10 06:04:55.160 27483 31287 I WiVRn   : [2026-09-10 06:04:55.160] [WiVRn] [info]     VK_KHR_shared_presentable_image (version 1)
09-10 06:04:55.160 27483 31287 I WiVRn   : [2026-09-10 06:04:55.160] [WiVRn] [info]     VK_KHR_spirv_1_4 (version 1)
09-10 06:04:55.160 27483 31287 I WiVRn   : [2026-09-10 06:04:55.160] [WiVRn] [info]     VK_KHR_storage_buffer_storage_class (version 1)
09-10 06:04:55.160 27483 31287 I WiVRn   : [2026-09-10 06:04:55.160] [WiVRn] [info]     VK_KHR_swapchain (version 70)
09-10 06:04:55.160 27483 31287 I WiVRn   : [2026-09-10 06:04:55.160] [WiVRn] [info]     VK_KHR_timeline_semaphore (version 2)
09-10 06:04:55.160 27483 31287 I WiVRn   : [2026-09-10 06:04:55.160] [WiVRn] [info]     VK_KHR_variable_pointers (version 1)
09-10 06:04:55.160 27483 31287 I WiVRn   : [2026-09-10 06:04:55.160] [WiVRn] [info]     VK_KHR_vulkan_memory_model (version 3)
09-10 06:04:55.160 27483 31287 I WiVRn   : [2026-09-10 06:04:55.160] [WiVRn] [info]     VK_QCOM_fragment_density_map_offset (version 1)
09-10 06:04:55.160 27483 31287 I WiVRn   : [2026-09-10 06:04:55.160] [WiVRn] [info]     VK_QCOM_render_pass_shader_resolve (version 4)
09-10 06:04:55.160 27483 31287 I WiVRn   : [2026-09-10 06:04:55.160] [WiVRn] [info]     VK_QCOM_render_pass_store_ops (version 2)
09-10 06:04:55.160 27483 31287 I WiVRn   : [2026-09-10 06:04:55.160] [WiVRn] [info]     VK_QCOM_render_pass_transform (version 3)
09-10 06:04:55.160 27483 31287 I WiVRn   : [2026-09-10 06:04:55.160] [WiVRn] [info]     VK_QCOM_tile_properties (version 1)
09-10 06:04:55.160 27483 31287 I WiVRn   : [2026-09-10 06:04:55.160] [WiVRn] [info] Initializing Vulkan with device Adreno (TM) 650
09-10 06:04:55.160 27483 31287 I WiVRn   : [2026-09-10 06:04:55.160] [WiVRn] [info]     Vendor ID: 0x5143
09-10 06:04:55.160 27483 31287 I WiVRn   : [2026-09-10 06:04:55.160] [WiVRn] [info]     Device ID: 0x6050002
09-10 06:04:55.160 27483 31287 I WiVRn   : [2026-09-10 06:04:55.160] [WiVRn] [info]     Driver version: 512.682.0
09-10 06:04:55.160 27483 31287 I WiVRn   : [2026-09-10 06:04:55.160] [WiVRn] [info]     maxPushConstantsSize: 128 bytes
09-10 06:04:55.160 27483 31287 I WiVRn   : [2026-09-10 06:04:55.160] [WiVRn] [info] NX queue priorities: render 0 decode 1 / 1 (3 queues)
09-10 06:04:55.160 27483 31287 I WiVRn   : [2026-09-10 06:04:55.160] [WiVRn] [info] Vulkan fragment density map enabled
09-10 06:04:55.161 27483 31287 I WiVRn   : [2026-09-10 06:04:55.161] [WiVRn] [info]     queue family 0 has 3 queues; decoding on queue 1 and queue 2 (one per eye)
09-10 06:04:55.190 27483 31287 I WiVRn   : [2026-09-10 06:04:55.190] [WiVRn] [info] 4 reference spaces
09-10 06:04:55.190 27483 31287 I WiVRn   : [2026-09-10 06:04:55.190] [WiVRn] [info]     XR_REFERENCE_SPACE_TYPE_VIEW
09-10 06:04:55.190 27483 31287 I WiVRn   : [2026-09-10 06:04:55.190] [WiVRn] [info]     XR_REFERENCE_SPACE_TYPE_LOCAL
09-10 06:04:55.190 27483 31287 I WiVRn   : [2026-09-10 06:04:55.190] [WiVRn] [info]     XR_REFERENCE_SPACE_TYPE_STAGE
09-10 06:04:55.190 27483 31287 I WiVRn   : [2026-09-10 06:04:55.190] [WiVRn] [info]     XR_REFERENCE_SPACE_TYPE_LOCAL_FLOOR
09-10 06:04:55.190 27483 31287 I WiVRn   : [2026-09-10 06:04:55.190] [WiVRn] [info] Adding grip_surface/pose for interaction profile /interaction_profiles/khr/simple_controller
09-10 06:04:55.190 27483 31287 I WiVRn   : [2026-09-10 06:04:55.190] [WiVRn] [info] Adding pinch_ext/pose for interaction profile /interaction_profiles/khr/simple_controller
09-10 06:04:55.190 27483 31287 I WiVRn   : [2026-09-10 06:04:55.190] [WiVRn] [info] Adding poke_ext/pose for interaction profile /interaction_profiles/khr/simple_controller
09-10 06:04:55.190 27483 31287 I WiVRn   : [2026-09-10 06:04:55.190] [WiVRn] [info] Adding grip_surface/pose for interaction profile /interaction_profiles/oculus/touch_controller
09-10 06:04:55.190 27483 31287 I WiVRn   : [2026-09-10 06:04:55.190] [WiVRn] [info] Adding pinch_ext/pose for interaction profile /interaction_profiles/oculus/touch_controller
09-10 06:04:55.190 27483 31287 I WiVRn   : [2026-09-10 06:04:55.190] [WiVRn] [info] Adding poke_ext/pose for interaction profile /interaction_profiles/oculus/touch_controller
09-10 06:04:55.190 27483 31287 I WiVRn   : [2026-09-10 06:04:55.190] [WiVRn] [info] Adding grip_surface/pose for interaction profile /interaction_profiles/meta/touch_pro_controller
09-10 06:04:55.190 27483 31287 I WiVRn   : [2026-09-10 06:04:55.190] [WiVRn] [info] Adding pinch_ext/pose for interaction profile /interaction_profiles/meta/touch_pro_controller
09-10 06:04:55.190 27483 31287 I WiVRn   : [2026-09-10 06:04:55.190] [WiVRn] [info] Adding poke_ext/pose for interaction profile /interaction_profiles/meta/touch_pro_controller
09-10 06:04:55.190 27483 31287 I WiVRn   : [2026-09-10 06:04:55.190] [WiVRn] [info] Adding grip_surface/pose for interaction profile /interaction_profiles/meta/touch_plus_controller
09-10 06:04:55.190 27483 31287 I WiVRn   : [2026-09-10 06:04:55.190] [WiVRn] [info] Adding pinch_ext/pose for interaction profile /interaction_profiles/meta/touch_plus_controller
09-10 06:04:55.190 27483 31287 I WiVRn   : [2026-09-10 06:04:55.190] [WiVRn] [info] Adding poke_ext/pose for interaction profile /interaction_profiles/meta/touch_plus_controller
09-10 06:04:55.190 27483 31287 I WiVRn   : [2026-09-10 06:04:55.190] [WiVRn] [info] Adding grip_surface/pose for interaction profile /interaction_profiles/bytedance/pico_neo3_controller
09-10 06:04:55.190 27483 31287 I WiVRn   : [2026-09-10 06:04:55.190] [WiVRn] [info] Adding pinch_ext/pose for interaction profile /interaction_profiles/bytedance/pico_neo3_controller
09-10 06:04:55.190 27483 31287 I WiVRn   : [2026-09-10 06:04:55.190] [WiVRn] [info] Adding poke_ext/pose for interaction profile /interaction_profiles/bytedance/pico_neo3_controller
09-10 06:04:55.190 27483 31287 I WiVRn   : [2026-09-10 06:04:55.190] [WiVRn] [info] Adding grip_surface/pose for interaction profile /interaction_profiles/bytedance/pico4_controller
09-10 06:04:55.190 27483 31287 I WiVRn   : [2026-09-10 06:04:55.190] [WiVRn] [info] Adding pinch_ext/pose for interaction profile /interaction_profiles/bytedance/pico4_controller
09-10 06:04:55.190 27483 31287 I WiVRn   : [2026-09-10 06:04:55.190] [WiVRn] [info] Adding poke_ext/pose for interaction profile /interaction_profiles/bytedance/pico4_controller
09-10 06:04:55.190 27483 31287 I WiVRn   : [2026-09-10 06:04:55.190] [WiVRn] [info] Adding grip_surface/pose for interaction profile /interaction_profiles/bytedance/pico4s_controller
09-10 06:04:55.190 27483 31287 I WiVRn   : [2026-09-10 06:04:55.190] [WiVRn] [info] Adding pinch_ext/pose for interaction profile /interaction_profiles/bytedance/pico4s_controller
09-10 06:04:55.190 27483 31287 I WiVRn   : [2026-09-10 06:04:55.190] [WiVRn] [info] Adding poke_ext/pose for interaction profile /interaction_profiles/bytedance/pico4s_controller
09-10 06:04:55.190 27483 31287 I WiVRn   : [2026-09-10 06:04:55.190] [WiVRn] [info] Adding grip_surface/pose for interaction profile /interaction_profiles/yvr/touch_controller_yvr
09-10 06:04:55.190 27483 31287 I WiVRn   : [2026-09-10 06:04:55.190] [WiVRn] [info] Adding pinch_ext/pose for interaction profile /interaction_profiles/yvr/touch_controller_yvr
09-10 06:04:55.190 27483 31287 I WiVRn   : [2026-09-10 06:04:55.190] [WiVRn] [info] Adding poke_ext/pose for interaction profile /interaction_profiles/yvr/touch_controller_yvr
09-10 06:04:55.190 27483 31287 I WiVRn   : [2026-09-10 06:04:55.190] [WiVRn] [info] Adding grip_surface/pose for interaction profile /interaction_profiles/htc/vive_focus3_controller
09-10 06:04:55.190 27483 31287 I WiVRn   : [2026-09-10 06:04:55.190] [WiVRn] [info] Adding pinch_ext/pose for interaction profile /interaction_profiles/htc/vive_focus3_controller
09-10 06:04:55.190 27483 31287 I WiVRn   : [2026-09-10 06:04:55.190] [WiVRn] [info] Adding poke_ext/pose for interaction profile /interaction_profiles/htc/vive_focus3_controller
09-10 06:04:55.190 27483 31287 I WiVRn   : [2026-09-10 06:04:55.190] [WiVRn] [info] Adding grip_surface/pose for interaction profile /interaction_profiles/ext/hand_interaction_ext
09-10 06:04:55.194 27483 31287 I WiVRn   : [2026-09-10 06:04:55.194] [WiVRn] [info] Current locale: language en, country GB, encoding UTF-8
09-10 06:04:55.194 27483 31287 I WiVRn   : [2026-09-10 06:04:55.194] [WiVRn] [info] Supported swapchain formats:
09-10 06:04:55.194 27483 31287 I WiVRn   : [2026-09-10 06:04:55.194] [WiVRn] [info]     R8G8B8A8Srgb
09-10 06:04:55.194 27483 31287 I WiVRn   : [2026-09-10 06:04:55.194] [WiVRn] [info]     R8Unorm
09-10 06:04:55.194 27483 31287 I WiVRn   : [2026-09-10 06:04:55.194] [WiVRn] [info]     R8G8Unorm
09-10 06:04:55.194 27483 31287 I WiVRn   : [2026-09-10 06:04:55.194] [WiVRn] [info]     R8G8B8A8Unorm
09-10 06:04:55.194 27483 31287 I WiVRn   : [2026-09-10 06:04:55.194] [WiVRn] [info]     R5G6B5UnormPack16
09-10 06:04:55.194 27483 31287 I WiVRn   : [2026-09-10 06:04:55.194] [WiVRn] [info]     A2B10G10R10UnormPack32
09-10 06:04:55.194 27483 31287 I WiVRn   : [2026-09-10 06:04:55.194] [WiVRn] [info]     R16Unorm
09-10 06:04:55.194 27483 31287 I WiVRn   : [2026-09-10 06:04:55.194] [WiVRn] [info]     R16G16Unorm
09-10 06:04:55.194 27483 31287 I WiVRn   : [2026-09-10 06:04:55.194] [WiVRn] [info]     R16G16B16A16Unorm
09-10 06:04:55.194 27483 31287 I WiVRn   : [2026-09-10 06:04:55.194] [WiVRn] [info]     R16Uint
09-10 06:04:55.194 27483 31287 I WiVRn   : [2026-09-10 06:04:55.194] [WiVRn] [info]     R16G16Uint
09-10 06:04:55.194 27483 31287 I WiVRn   : [2026-09-10 06:04:55.194] [WiVRn] [info]     R16G16B16A16Uint
09-10 06:04:55.194 27483 31287 I WiVRn   : [2026-09-10 06:04:55.194] [WiVRn] [info]     R16Sint
09-10 06:04:55.194 27483 31287 I WiVRn   : [2026-09-10 06:04:55.194] [WiVRn] [info]     R16G16Sint
09-10 06:04:55.195 27483 31287 I WiVRn   : [2026-09-10 06:04:55.194] [WiVRn] [info]     R16G16B16A16Sint
09-10 06:04:55.195 27483 31287 I WiVRn   : [2026-09-10 06:04:55.195] [WiVRn] [info]     R16Sfloat
09-10 06:04:55.195 27483 31287 I WiVRn   : [2026-09-10 06:04:55.195] [WiVRn] [info]     R16G16Sfloat
09-10 06:04:55.195 27483 31287 I WiVRn   : [2026-09-10 06:04:55.195] [WiVRn] [info]     R16G16B16A16Sfloat
09-10 06:04:55.195 27483 31287 I WiVRn   : [2026-09-10 06:04:55.195] [WiVRn] [info]     A1R5G5B5UnormPack16
09-10 06:04:55.195 27483 31287 I WiVRn   : [2026-09-10 06:04:55.195] [WiVRn] [info]     Etc2R8G8B8UnormBlock
09-10 06:04:55.195 27483 31287 I WiVRn   : [2026-09-10 06:04:55.195] [WiVRn] [info]     Etc2R8G8B8A1UnormBlock
09-10 06:04:55.195 27483 31287 I WiVRn   : [2026-09-10 06:04:55.195] [WiVRn] [info]     Etc2R8G8B8A8UnormBlock
09-10 06:04:55.195 27483 31287 I WiVRn   : [2026-09-10 06:04:55.195] [WiVRn] [info]     Etc2R8G8B8SrgbBlock
09-10 06:04:55.195 27483 31287 I WiVRn   : [2026-09-10 06:04:55.195] [WiVRn] [info]     Etc2R8G8B8A1SrgbBlock
09-10 06:04:55.195 27483 31287 I WiVRn   : [2026-09-10 06:04:55.195] [WiVRn] [info]     Etc2R8G8B8A8SrgbBlock
09-10 06:04:55.195 27483 31287 I WiVRn   : [2026-09-10 06:04:55.195] [WiVRn] [info]     EacR11UnormBlock
09-10 06:04:55.195 27483 31287 I WiVRn   : [2026-09-10 06:04:55.195] [WiVRn] [info]     EacR11G11UnormBlock
09-10 06:04:55.195 27483 31287 I WiVRn   : [2026-09-10 06:04:55.195] [WiVRn] [info]     EacR11SnormBlock
09-10 06:04:55.195 27483 31287 I WiVRn   : [2026-09-10 06:04:55.195] [WiVRn] [info]     EacR11G11SnormBlock
09-10 06:04:55.195 27483 31287 I WiVRn   : [2026-09-10 06:04:55.195] [WiVRn] [info]     Astc4x4UnormBlock
09-10 06:04:55.195 27483 31287 I WiVRn   : [2026-09-10 06:04:55.195] [WiVRn] [info]     Astc5x4UnormBlock
09-10 06:04:55.195 27483 31287 I WiVRn   : [2026-09-10 06:04:55.195] [WiVRn] [info]     Astc5x5UnormBlock
09-10 06:04:55.195 27483 31287 I WiVRn   : [2026-09-10 06:04:55.195] [WiVRn] [info]     Astc6x5UnormBlock
09-10 06:04:55.195 27483 31287 I WiVRn   : [2026-09-10 06:04:55.195] [WiVRn] [info]     Astc6x6UnormBlock
09-10 06:04:55.195 27483 31287 I WiVRn   : [2026-09-10 06:04:55.195] [WiVRn] [info]     Astc8x5UnormBlock
09-10 06:04:55.195 27483 31287 I WiVRn   : [2026-09-10 06:04:55.195] [WiVRn] [info]     Astc8x6UnormBlock
09-10 06:04:55.195 27483 31287 I WiVRn   : [2026-09-10 06:04:55.195] [WiVRn] [info]     Astc8x8UnormBlock
09-10 06:04:55.195 27483 31287 I WiVRn   : [2026-09-10 06:04:55.195] [WiVRn] [info]     Astc10x5UnormBlock
09-10 06:04:55.195 27483 31287 I WiVRn   : [2026-09-10 06:04:55.195] [WiVRn] [info]     Astc10x6UnormBlock
09-10 06:04:55.195 27483 31287 I WiVRn   : [2026-09-10 06:04:55.195] [WiVRn] [info]     Astc10x8UnormBlock
09-10 06:04:55.195 27483 31287 I WiVRn   : [2026-09-10 06:04:55.195] [WiVRn] [info]     Astc10x10UnormBlock
09-10 06:04:55.195 27483 31287 I WiVRn   : [2026-09-10 06:04:55.195] [WiVRn] [info]     Astc12x10UnormBlock
09-10 06:04:55.195 27483 31287 I WiVRn   : [2026-09-10 06:04:55.195] [WiVRn] [info]     Astc12x12UnormBlock
09-10 06:04:55.195 27483 31287 I WiVRn   : [2026-09-10 06:04:55.195] [WiVRn] [info]     Astc4x4SrgbBlock
09-10 06:04:55.195 27483 31287 I WiVRn   : [2026-09-10 06:04:55.195] [WiVRn] [info]     Astc5x4SrgbBlock
09-10 06:04:55.195 27483 31287 I WiVRn   : [2026-09-10 06:04:55.195] [WiVRn] [info]     Astc5x5SrgbBlock
09-10 06:04:55.195 27483 31287 I WiVRn   : [2026-09-10 06:04:55.195] [WiVRn] [info]     Astc6x5SrgbBlock
09-10 06:04:55.195 27483 31287 I WiVRn   : [2026-09-10 06:04:55.195] [WiVRn] [info]     Astc6x6SrgbBlock
09-10 06:04:55.195 27483 31287 I WiVRn   : [2026-09-10 06:04:55.195] [WiVRn] [info]     Astc8x5SrgbBlock
09-10 06:04:55.195 27483 31287 I WiVRn   : [2026-09-10 06:04:55.195] [WiVRn] [info]     Astc8x6SrgbBlock
09-10 06:04:55.195 27483 31287 I WiVRn   : [2026-09-10 06:04:55.195] [WiVRn] [info]     Astc8x8SrgbBlock
09-10 06:04:55.195 27483 31287 I WiVRn   : [2026-09-10 06:04:55.195] [WiVRn] [info]     Astc10x5SrgbBlock
09-10 06:04:55.195 27483 31287 I WiVRn   : [2026-09-10 06:04:55.195] [WiVRn] [info]     Astc10x6SrgbBlock
09-10 06:04:55.195 27483 31287 I WiVRn   : [2026-09-10 06:04:55.195] [WiVRn] [info]     Astc10x8SrgbBlock
09-10 06:04:55.195 27483 31287 I WiVRn   : [2026-09-10 06:04:55.195] [WiVRn] [info]     Astc10x10SrgbBlock
09-10 06:04:55.195 27483 31287 I WiVRn   : [2026-09-10 06:04:55.195] [WiVRn] [info]     Astc12x10SrgbBlock
09-10 06:04:55.195 27483 31287 I WiVRn   : [2026-09-10 06:04:55.195] [WiVRn] [info]     Astc12x12SrgbBlock
09-10 06:04:55.195 27483 31287 I WiVRn   : [2026-09-10 06:04:55.195] [WiVRn] [info]     D16Unorm
09-10 06:04:55.195 27483 31287 I WiVRn   : [2026-09-10 06:04:55.195] [WiVRn] [info]     X8D24UnormPack32
09-10 06:04:55.195 27483 31287 I WiVRn   : [2026-09-10 06:04:55.195] [WiVRn] [info]     D32Sfloat
09-10 06:04:55.195 27483 31287 I WiVRn   : [2026-09-10 06:04:55.195] [WiVRn] [info]     D24UnormS8Uint
09-10 06:04:55.195 27483 31287 I WiVRn   : [2026-09-10 06:04:55.195] [WiVRn] [info]     B8G8R8A8Unorm
09-10 06:04:55.195 27483 31287 I WiVRn   : [2026-09-10 06:04:55.195] [WiVRn] [info]     B8G8R8A8Srgb
09-10 06:04:55.214 27483 31287 I WiVRn   : [2026-09-10 06:04:55.214] [WiVRn] [info] Using formats R8G8B8A8Srgb and D32Sfloat
09-10 06:04:55.214 27483 31287 I WiVRn   : [2026-09-10 06:04:55.214] [WiVRn] [info] Composition layer depth test NOT supported
09-10 06:04:55.214 27483 31287 I WiVRn   : [2026-09-10 06:04:55.214] [WiVRn] [info] Composition layer color scale/bias supported
09-10 06:04:55.214 27483 31287 I WiVRn   : [2026-09-10 06:04:55.214] [WiVRn] [info] 0 known server(s):
09-10 06:04:55.216 27483 31306 I WiVRn   : [2026-09-10 06:04:55.216] [WiVRn] [info] Session state changed at timestamp 0: XR_SESSION_STATE_UNKNOWN => XR_SESSION_STATE_IDLE
09-10 06:04:55.216 27483 31306 I WiVRn   : [2026-09-10 06:04:55.216] [WiVRn] [info] Session state changed at timestamp 0: XR_SESSION_STATE_IDLE => XR_SESSION_STATE_READY
09-10 06:04:55.231 27483 31306 I WiVRn   : [2026-09-10 06:04:55.231] [WiVRn] [info] Received event type XR_TYPE_EVENT_DATA_USER_PRESENCE_CHANGED_EXT
09-10 06:04:55.231 27483 31306 I WiVRn   : [2026-09-10 06:04:55.231] [WiVRn] [info] Using panel size: 2160x2160
09-10 06:04:55.421 27483 31306 I WiVRn   : [2026-09-10 06:04:55.421] [WiVRn] [info] Loaded input profile pico-4
09-10 06:04:55.421 27483 31306 I WiVRn   : [2026-09-10 06:04:55.421] [WiVRn] [info] Initializing offset of space aim_left to (-5, 0, 20) mm, (0, -0, 0)°
09-10 06:04:55.421 27483 31306 I WiVRn   : [2026-09-10 06:04:55.421] [WiVRn] [info] Initializing offset of space aim_right to (5, 0, 20) mm, (0, -0, 0)°
09-10 06:04:55.421 27483 31306 I WiVRn   : [2026-09-10 06:04:55.421] [WiVRn] [info] Initializing offset of space grip_left to (0, -20, -50) mm, (-30.000002, -0, 0)°
09-10 06:04:55.421 27483 31306 I WiVRn   : [2026-09-10 06:04:55.421] [WiVRn] [info] Initializing offset of space grip_right to (0, -20, -50) mm, (-30.000002, -0, 0)°
09-10 06:04:55.430 27483 31306 I WiVRn   : [2026-09-10 06:04:55.430] [WiVRn] [info] Font for de /system/fonts/PICOSans.ttf
09-10 06:04:55.430 27483 31306 I WiVRn   : [2026-09-10 06:04:55.430] [WiVRn] [info] Font for es /system/fonts/PICOSans.ttf
09-10 06:04:55.430 27483 31306 I WiVRn   : [2026-09-10 06:04:55.430] [WiVRn] [info] Font for fr /system/fonts/PICOSans.ttf
09-10 06:04:55.430 27483 31306 I WiVRn   : [2026-09-10 06:04:55.430] [WiVRn] [info] Font for fr /system/fonts/Roboto-Regular.ttf
09-10 06:04:55.430 27483 31306 I WiVRn   : [2026-09-10 06:04:55.430] [WiVRn] [info] Font for it /system/fonts/PICOSans.ttf
09-10 06:04:55.430 27483 31306 I WiVRn   : [2026-09-10 06:04:55.430] [WiVRn] [info] Font for ja /system/fonts/PICOSans.ttf
09-10 06:04:55.430 27483 31306 I WiVRn   : [2026-09-10 06:04:55.430] [WiVRn] [info] Font for ja /system/fonts/PICOSansVFJP.ttf
09-10 06:04:55.430 27483 31306 I WiVRn   : [2026-09-10 06:04:55.430] [WiVRn] [info] Font for ka /system/fonts/PICOSans.ttf
09-10 06:04:55.430 27483 31306 I WiVRn   : [2026-09-10 06:04:55.430] [WiVRn] [info] Font for ka /system/fonts/NotoSansGeorgian-Regular.otf
09-10 06:04:55.430 27483 31306 I WiVRn   : [2026-09-10 06:04:55.430] [WiVRn] [info] Font for ka /system/fonts/PICOSans.ttf
09-10 06:04:55.430 27483 31306 I WiVRn   : [2026-09-10 06:04:55.430] [WiVRn] [info] Font for pl /system/fonts/PICOSans.ttf
09-10 06:04:55.430 27483 31306 I WiVRn   : [2026-09-10 06:04:55.430] [WiVRn] [info] Font for pl /system/fonts/Roboto-Regular.ttf
09-10 06:04:55.430 27483 31306 I WiVRn   : [2026-09-10 06:04:55.430] [WiVRn] [info] Font for pl /system/fonts/PICOSans.ttf
09-10 06:04:55.430 27483 31306 I WiVRn   : [2026-09-10 06:04:55.430] [WiVRn] [info] Font for pl /system/fonts/PICOSansSC-Regular.ttf
09-10 06:04:55.430 27483 31306 I WiVRn   : [2026-09-10 06:04:55.430] [WiVRn] [info] Font for pl /system/fonts/Roboto-Regular.ttf
09-10 06:04:55.430 27483 31306 I WiVRn   : [2026-09-10 06:04:55.430] [WiVRn] [info] Font for pl /system/fonts/PICOSans.ttf
09-10 06:04:55.430 27483 31306 I WiVRn   : [2026-09-10 06:04:55.430] [WiVRn] [info] Font for pt_BR /system/fonts/PICOSans.ttf
09-10 06:04:55.431 27483 31306 I WiVRn   : [2026-09-10 06:04:55.431] [WiVRn] [info] Font for ru /system/fonts/PICOSans.ttf
09-10 06:04:55.431 27483 31306 I WiVRn   : [2026-09-10 06:04:55.431] [WiVRn] [info] Font for ru /system/fonts/PICOSansSC-Regular.ttf
09-10 06:04:55.431 27483 31306 I WiVRn   : [2026-09-10 06:04:55.431] [WiVRn] [info] Font for ru /system/fonts/PICOSans.ttf
09-10 06:04:55.431 27483 31306 I WiVRn   : [2026-09-10 06:04:55.431] [WiVRn] [info] Font for sk /system/fonts/PICOSans.ttf
09-10 06:04:55.431 27483 31306 I WiVRn   : [2026-09-10 06:04:55.431] [WiVRn] [info] Font for sk /system/fonts/Roboto-Regular.ttf
09-10 06:04:55.431 27483 31306 I WiVRn   : [2026-09-10 06:04:55.431] [WiVRn] [info] Font for sk /system/fonts/PICOSansSC-Regular.ttf
09-10 06:04:55.431 27483 31306 I WiVRn   : [2026-09-10 06:04:55.431] [WiVRn] [info] Font for sk /system/fonts/PICOSans.ttf
09-10 06:04:55.431 27483 31306 I WiVRn   : [2026-09-10 06:04:55.431] [WiVRn] [info] Font for sk /system/fonts/Roboto-Regular.ttf
09-10 06:04:55.431 27483 31306 I WiVRn   : [2026-09-10 06:04:55.431] [WiVRn] [info] Font for sk /system/fonts/PICOSans.ttf
09-10 06:04:55.431 27483 31306 I WiVRn   : [2026-09-10 06:04:55.431] [WiVRn] [info] Font for tr /system/fonts/PICOSans.ttf
09-10 06:04:55.431 27483 31306 I WiVRn   : [2026-09-10 06:04:55.431] [WiVRn] [info] Font for tr /system/fonts/Roboto-Regular.ttf
09-10 06:04:55.431 27483 31306 I WiVRn   : [2026-09-10 06:04:55.431] [WiVRn] [info] Font for tr /system/fonts/PICOSans.ttf
09-10 06:04:55.431 27483 31306 I WiVRn   : [2026-09-10 06:04:55.431] [WiVRn] [info] Font for tr /system/fonts/Roboto-Regular.ttf
09-10 06:04:55.431 27483 31306 I WiVRn   : [2026-09-10 06:04:55.431] [WiVRn] [info] Font for tr /system/fonts/PICOSans.ttf
09-10 06:04:55.431 27483 31306 I WiVRn   : [2026-09-10 06:04:55.431] [WiVRn] [info] Font for zh_CN /system/fonts/PICOSans.ttf
09-10 06:04:55.431 27483 31306 I WiVRn   : [2026-09-10 06:04:55.431] [WiVRn] [info] Font for zh_CN /system/fonts/PICOSansSC-Regular.ttf
09-10 06:04:55.431 27483 31306 I WiVRn   : [2026-09-10 06:04:55.431] [WiVRn] [info] Font for zh_TW /system/fonts/PICOSans.ttf
09-10 06:04:55.431 27483 31306 I WiVRn   : [2026-09-10 06:04:55.431] [WiVRn] [info] Font for zh_TW /system/fonts/PICOSansSC-Regular.ttf
09-10 06:04:55.435 27483 31306 I WiVRn   : [2026-09-10 06:04:55.435] [WiVRn] [info] Using font /system/fonts/PICOSans.ttf
09-10 06:04:55.435 27483 31306 I WiVRn   : [2026-09-10 06:04:55.435] [WiVRn] [info] Using font /system/fonts/Roboto-Regular.ttf
09-10 06:04:55.435 27483 31306 I WiVRn   : [2026-09-10 06:04:55.435] [WiVRn] [info] Using font /system/fonts/PICOSansVFJP.ttf
09-10 06:04:55.442 27483 31306 I WiVRn   : [2026-09-10 06:04:55.442] [WiVRn] [info] Using font /system/fonts/NotoSansGeorgian-Regular.otf
09-10 06:04:55.442 27483 31306 I WiVRn   : [2026-09-10 06:04:55.442] [WiVRn] [info] Using font /system/fonts/PICOSansSC-Regular.ttf
09-10 06:04:55.549 27483 31306 I WiVRn   : [2026-09-10 06:04:55.549] [WiVRn] [info] MulticastLock acquired
09-10 06:04:55.549 27483 31306 I WiVRn   : [2026-09-10 06:04:55.549] [WiVRn] [info] Local IPv6 address: 2003:c2:3701:81fc:b3c8:aefc:7af2:8a5a
09-10 06:04:55.549 27483 31306 I WiVRn   : [2026-09-10 06:04:55.549] [WiVRn] [info] Local IPv6 address: 2003:c2:3701:81fc:616a:1ec4:5f3c:1dd5
09-10 06:04:55.549 27483 31306 I WiVRn   : [2026-09-10 06:04:55.549] [WiVRn] [info] Local IPv6 address: fd3c:3d87:86b7:0:c7ff:60cd:b757:e773
09-10 06:04:55.549 27483 31306 I WiVRn   : [2026-09-10 06:04:55.549] [WiVRn] [info] Local IPv6 address: fd3c:3d87:86b7:0:616a:1ec4:5f3c:1dd5
09-10 06:04:55.550 27483 31306 I WiVRn   : [2026-09-10 06:04:55.550] [WiVRn] [info] Local IPv4 address: 192.168.1.248
09-10 06:04:55.550 27483 31306 W WiVRn   : [2026-09-10 06:04:55.550] [WiVRn] [warning] unknown family 17
09-10 06:04:55.550 27483 31317 I WiVRn   : [2026-09-10 06:04:55.550] [WiVRn] [info] Sending query for _wivrn._tcp.local., type PTR
09-10 06:04:55.550 27483 31306 I WiVRn   : [2026-09-10 06:04:55.550] [WiVRn] [info] Performance level: CPU domain asked for sustained_high
09-10 06:04:55.550 27483 31306 I WiVRn   : [2026-09-10 06:04:55.550] [WiVRn] [info] Performance level: GPU domain asked for boost
09-10 06:04:55.555 27483 31306 I WiVRn   : [2026-09-10 06:04:55.555] [WiVRn] [info] Received event type XR_TYPE_EVENT_DATA_INTERACTION_PROFILE_CHANGED
09-10 06:04:55.555 27483 31306 I WiVRn   : [2026-09-10 06:04:55.555] [WiVRn] [info] Received event type XR_TYPE_EVENT_DATA_INTERACTION_PROFILE_CHANGED
09-10 06:04:55.555 27483 31306 I WiVRn   : [2026-09-10 06:04:55.555] [WiVRn] [info] Session state changed at timestamp 0: XR_SESSION_STATE_READY => XR_SESSION_STATE_SYNCHRONIZED
09-10 06:04:55.555 27483 31306 I WiVRn   : [2026-09-10 06:04:55.555] [WiVRn] [info] Refresh rate changed from 72 to 90
09-10 06:04:55.555 27483 31306 I WiVRn   : [2026-09-10 06:04:55.555] [WiVRn] [info] Session state changed at timestamp 0: XR_SESSION_STATE_SYNCHRONIZED => XR_SESSION_STATE_VISIBLE
09-10 06:04:55.560 27483 31318 I WiVRn   : [2026-09-10 06:04:55.560] [WiVRn] [info] Using pin "000000"
09-10 06:04:55.566 27483 31318 I WiVRn   : [2026-09-10 06:04:55.566] [WiVRn] [info] Wi-Fi QoS marks enabled (uplink EF / AC_VO)
09-10 06:04:55.571 27483 31306 I WiVRn   : [2026-09-10 06:04:55.571] [WiVRn] [info] Creating new swapchain: eR8G8B8A8Srgb, 1504x1504, 1 sample(s), 2 level(s)
09-10 06:04:55.573 27483 31306 I WiVRn   : [2026-09-10 06:04:55.573] [WiVRn] [info] Created swapchain
09-10 06:04:55.574 27483 31306 I WiVRn   : [2026-09-10 06:04:55.574] [WiVRn] [info] Creating new swapchain: eR8G8B8A8Srgb, 1504x1504, 1 sample(s), 2 level(s)
09-10 06:04:55.576 27483 31306 I WiVRn   : [2026-09-10 06:04:55.576] [WiVRn] [info] Created swapchain
09-10 06:04:55.579 27483 31302 I PxrMetric: FPS=0/90,MTP=17.80ms,AppSW=off,FrmEarly=0,FrmLate=1,FrmCpu=3.11ms,FrmGpu=0.01ms,FrmTime=3.12ms,ATWGPU=0.00ms,VsyncDelay=0,GPU=0%/0Mhz,GPUTemp=0.0C,LayerCnt=0,Pkg=org.meumeu.wivrn.nx.warp,FrmId=2
09-10 06:04:55.581 27483 31306 I WiVRn   : [2026-09-10 06:04:55.581] [WiVRn] [info] Supported swapchain formats:
09-10 06:04:55.581 27483 31306 I WiVRn   : [2026-09-10 06:04:55.581] [WiVRn] [info]     R8G8B8A8Srgb
09-10 06:04:55.581 27483 31306 I WiVRn   : [2026-09-10 06:04:55.581] [WiVRn] [info]     R8Unorm
09-10 06:04:55.581 27483 31306 I WiVRn   : [2026-09-10 06:04:55.581] [WiVRn] [info]     R8G8Unorm
09-10 06:04:55.581 27483 31306 I WiVRn   : [2026-09-10 06:04:55.581] [WiVRn] [info]     R8G8B8A8Unorm
09-10 06:04:55.581 27483 31306 I WiVRn   : [2026-09-10 06:04:55.581] [WiVRn] [info]     R5G6B5UnormPack16
09-10 06:04:55.581 27483 31306 I WiVRn   : [2026-09-10 06:04:55.581] [WiVRn] [info]     A2B10G10R10UnormPack32
09-10 06:04:55.581 27483 31306 I WiVRn   : [2026-09-10 06:04:55.581] [WiVRn] [info]     R16Unorm
09-10 06:04:55.581 27483 31306 I WiVRn   : [2026-09-10 06:04:55.581] [WiVRn] [info]     R16G16Unorm
09-10 06:04:55.581 27483 31306 I WiVRn   : [2026-09-10 06:04:55.581] [WiVRn] [info]     R16G16B16A16Unorm
09-10 06:04:55.581 27483 31306 I WiVRn   : [2026-09-10 06:04:55.581] [WiVRn] [info]     R16Uint
09-10 06:04:55.581 27483 31306 I WiVRn   : [2026-09-10 06:04:55.581] [WiVRn] [info]     R16G16Uint
09-10 06:04:55.581 27483 31306 I WiVRn   : [2026-09-10 06:04:55.581] [WiVRn] [info]     R16G16B16A16Uint
09-10 06:04:55.581 27483 31306 I WiVRn   : [2026-09-10 06:04:55.581] [WiVRn] [info]     R16Sint
09-10 06:04:55.581 27483 31306 I WiVRn   : [2026-09-10 06:04:55.581] [WiVRn] [info]     R16G16Sint
09-10 06:04:55.581 27483 31306 I WiVRn   : [2026-09-10 06:04:55.581] [WiVRn] [info]     R16G16B16A16Sint
09-10 06:04:55.582 27483 31306 I WiVRn   : [2026-09-10 06:04:55.582] [WiVRn] [info]     R16Sfloat
09-10 06:04:55.582 27483 31306 I WiVRn   : [2026-09-10 06:04:55.582] [WiVRn] [info]     R16G16Sfloat
09-10 06:04:55.582 27483 31306 I WiVRn   : [2026-09-10 06:04:55.582] [WiVRn] [info]     R16G16B16A16Sfloat
09-10 06:04:55.582 27483 31306 I WiVRn   : [2026-09-10 06:04:55.582] [WiVRn] [info]     A1R5G5B5UnormPack16
09-10 06:04:55.582 27483 31306 I WiVRn   : [2026-09-10 06:04:55.582] [WiVRn] [info]     Etc2R8G8B8UnormBlock
09-10 06:04:55.582 27483 31306 I WiVRn   : [2026-09-10 06:04:55.582] [WiVRn] [info]     Etc2R8G8B8A1UnormBlock
09-10 06:04:55.582 27483 31306 I WiVRn   : [2026-09-10 06:04:55.582] [WiVRn] [info]     Etc2R8G8B8A8UnormBlock
09-10 06:04:55.582 27483 31306 I WiVRn   : [2026-09-10 06:04:55.582] [WiVRn] [info]     Etc2R8G8B8SrgbBlock
09-10 06:04:55.582 27483 31306 I WiVRn   : [2026-09-10 06:04:55.582] [WiVRn] [info]     Etc2R8G8B8A1SrgbBlock
09-10 06:04:55.582 27483 31306 I WiVRn   : [2026-09-10 06:04:55.582] [WiVRn] [info]     Etc2R8G8B8A8SrgbBlock
09-10 06:04:55.582 27483 31306 I WiVRn   : [2026-09-10 06:04:55.582] [WiVRn] [info]     EacR11UnormBlock
09-10 06:04:55.582 27483 31306 I WiVRn   : [2026-09-10 06:04:55.582] [WiVRn] [info]     EacR11G11UnormBlock
09-10 06:04:55.582 27483 31306 I WiVRn   : [2026-09-10 06:04:55.582] [WiVRn] [info]     EacR11SnormBlock
09-10 06:04:55.582 27483 31306 I WiVRn   : [2026-09-10 06:04:55.582] [WiVRn] [info]     EacR11G11SnormBlock
09-10 06:04:55.582 27483 31306 I WiVRn   : [2026-09-10 06:04:55.582] [WiVRn] [info]     Astc4x4UnormBlock
09-10 06:04:55.582 27483 31306 I WiVRn   : [2026-09-10 06:04:55.582] [WiVRn] [info]     Astc5x4UnormBlock
09-10 06:04:55.582 27483 31306 I WiVRn   : [2026-09-10 06:04:55.582] [WiVRn] [info]     Astc5x5UnormBlock
09-10 06:04:55.582 27483 31306 I WiVRn   : [2026-09-10 06:04:55.582] [WiVRn] [info]     Astc6x5UnormBlock
09-10 06:04:55.582 27483 31306 I WiVRn   : [2026-09-10 06:04:55.582] [WiVRn] [info]     Astc6x6UnormBlock
09-10 06:04:55.582 27483 31306 I WiVRn   : [2026-09-10 06:04:55.582] [WiVRn] [info]     Astc8x5UnormBlock
09-10 06:04:55.582 27483 31306 I WiVRn   : [2026-09-10 06:04:55.582] [WiVRn] [info]     Astc8x6UnormBlock
09-10 06:04:55.582 27483 31306 I WiVRn   : [2026-09-10 06:04:55.582] [WiVRn] [info]     Astc8x8UnormBlock
09-10 06:04:55.582 27483 31306 I WiVRn   : [2026-09-10 06:04:55.582] [WiVRn] [info]     Astc10x5UnormBlock
09-10 06:04:55.582 27483 31306 I WiVRn   : [2026-09-10 06:04:55.582] [WiVRn] [info]     Astc10x6UnormBlock
09-10 06:04:55.582 27483 31306 I WiVRn   : [2026-09-10 06:04:55.582] [WiVRn] [info]     Astc10x8UnormBlock
09-10 06:04:55.582 27483 31306 I WiVRn   : [2026-09-10 06:04:55.582] [WiVRn] [info]     Astc10x10UnormBlock
09-10 06:04:55.582 27483 31306 I WiVRn   : [2026-09-10 06:04:55.582] [WiVRn] [info]     Astc12x10UnormBlock
09-10 06:04:55.582 27483 31306 I WiVRn   : [2026-09-10 06:04:55.582] [WiVRn] [info]     Astc12x12UnormBlock
09-10 06:04:55.582 27483 31306 I WiVRn   : [2026-09-10 06:04:55.582] [WiVRn] [info]     Astc4x4SrgbBlock
09-10 06:04:55.582 27483 31306 I WiVRn   : [2026-09-10 06:04:55.582] [WiVRn] [info]     Astc5x4SrgbBlock
09-10 06:04:55.582 27483 31306 I WiVRn   : [2026-09-10 06:04:55.582] [WiVRn] [info]     Astc5x5SrgbBlock
09-10 06:04:55.582 27483 31306 I WiVRn   : [2026-09-10 06:04:55.582] [WiVRn] [info]     Astc6x5SrgbBlock
09-10 06:04:55.582 27483 31306 I WiVRn   : [2026-09-10 06:04:55.582] [WiVRn] [info]     Astc6x6SrgbBlock
09-10 06:04:55.582 27483 31306 I WiVRn   : [2026-09-10 06:04:55.582] [WiVRn] [info]     Astc8x5SrgbBlock
09-10 06:04:55.582 27483 31306 I WiVRn   : [2026-09-10 06:04:55.582] [WiVRn] [info]     Astc8x6SrgbBlock
09-10 06:04:55.582 27483 31306 I WiVRn   : [2026-09-10 06:04:55.582] [WiVRn] [info]     Astc8x8SrgbBlock
09-10 06:04:55.582 27483 31306 I WiVRn   : [2026-09-10 06:04:55.582] [WiVRn] [info]     Astc10x5SrgbBlock
09-10 06:04:55.582 27483 31306 I WiVRn   : [2026-09-10 06:04:55.582] [WiVRn] [info]     Astc10x6SrgbBlock
09-10 06:04:55.582 27483 31306 I WiVRn   : [2026-09-10 06:04:55.582] [WiVRn] [info]     Astc10x8SrgbBlock
09-10 06:04:55.582 27483 31306 I WiVRn   : [2026-09-10 06:04:55.582] [WiVRn] [info]     Astc10x10SrgbBlock
09-10 06:04:55.582 27483 31306 I WiVRn   : [2026-09-10 06:04:55.582] [WiVRn] [info]     Astc12x10SrgbBlock
09-10 06:04:55.582 27483 31306 I WiVRn   : [2026-09-10 06:04:55.582] [WiVRn] [info]     Astc12x12SrgbBlock
09-10 06:04:55.582 27483 31306 I WiVRn   : [2026-09-10 06:04:55.582] [WiVRn] [info]     D16Unorm
09-10 06:04:55.582 27483 31306 I WiVRn   : [2026-09-10 06:04:55.582] [WiVRn] [info]     X8D24UnormPack32
09-10 06:04:55.582 27483 31306 I WiVRn   : [2026-09-10 06:04:55.582] [WiVRn] [info]     D32Sfloat
09-10 06:04:55.582 27483 31306 I WiVRn   : [2026-09-10 06:04:55.582] [WiVRn] [info]     D24UnormS8Uint
09-10 06:04:55.582 27483 31306 I WiVRn   : [2026-09-10 06:04:55.582] [WiVRn] [info]     B8G8R8A8Unorm
09-10 06:04:55.582 27483 31306 I WiVRn   : [2026-09-10 06:04:55.582] [WiVRn] [info]     B8G8R8A8Srgb
09-10 06:04:55.583 27483 31306 I WiVRn   : [2026-09-10 06:04:55.583] [WiVRn] [info] Using panel size: 2160x2160
09-10 06:04:55.664 27483 31306 I WiVRn   : [2026-09-10 06:04:55.664] [WiVRn] [info] video codec av1: NOT supported
09-10 06:04:55.678 27483 31306 I WiVRn   : [2026-09-10 06:04:55.678] [WiVRn] [info] video codec h265: supported
09-10 06:04:55.690 27483 31306 I WiVRn   : [2026-09-10 06:04:55.690] [WiVRn] [info] video codec h264: supported
09-10 06:04:55.695 27483 31306 I WiVRn   : [2026-09-10 06:04:55.695] [WiVRn] [info] Using format R8G8B8A8Srgb
09-10 06:04:55.697 27483 31306 I WiVRn   : [2026-09-10 06:04:55.697] [WiVRn] [info] WifiLock low latency acquired
09-10 06:04:55.742 27483 31340 I WiVRn   : [2026-09-10 06:04:55.742] [WiVRn] [info] setup, refresh rate 90
09-10 06:04:55.742 27483 31340 I WiVRn   : [2026-09-10 06:04:55.742] [WiVRn] [info] set refresh rate to 90Hz
09-10 06:04:55.743 27483 31340 I WiVRn   : [2026-09-10 06:04:55.743] [WiVRn] [info] Creating decoders, size 2176x2176
09-10 06:04:55.743 27483 31340 I WiVRn   : [2026-09-10 06:04:55.743] [WiVRn] [info] edge bleed: server overscan 5.0%, client ring 0.0% (fade)
09-10 06:04:55.743 27483 31340 I WiVRn   : [2026-09-10 06:04:55.743] [WiVRn] [info]   stream 0: role 0, 2176x2176
09-10 06:04:55.743 27483 31340 I WiVRn   : [2026-09-10 06:04:55.743] [WiVRn] [info] nxwarp: decoupled display on
09-10 06:04:55.743 27483 31340 I WiVRn   : [2026-09-10 06:04:55.743] [WiVRn] [info] nxwarp: ycbcr chroma filter linear
09-10 06:04:55.743 27483 31340 I WiVRn   : [2026-09-10 06:04:55.743] [WiVRn] [info] nxwarp[0]: decoupled display -- frames are published complete and the reprojection pass waits on nothing
09-10 06:04:55.743 27483 31340 I WiVRn   : [2026-09-10 06:04:55.743] [WiVRn] [info]   stream 2: role 1, 2176x1088
09-10 06:04:55.743 27483 31340 I WiVRn   : [2026-09-10 06:04:55.743] [WiVRn] [info] nxwarp: decoupled display on
09-10 06:04:55.743 27483 31340 I WiVRn   : [2026-09-10 06:04:55.743] [WiVRn] [info] nxwarp: ycbcr chroma filter linear
09-10 06:04:55.743 27483 31340 I WiVRn   : [2026-09-10 06:04:55.743] [WiVRn] [info] nxwarp[2]: decoupled display -- frames are published complete and the reprojection pass waits on nothing
09-10 06:04:55.744 27483 31346 I WiVRn   : [2026-09-10 06:04:55.744] [WiVRn] [info] Adding hand_interaction poses to device list
09-10 06:04:55.744 27483 31346 I WiVRn   : [2026-09-10 06:04:55.744] [WiVRn] [info] interaction profile for /user/hand/left: /interaction_profiles/ext/hand_interaction_ext
09-10 06:04:55.744 27483 31346 I WiVRn   : [2026-09-10 06:04:55.744] [WiVRn] [info] interaction profile for /user/hand/right: /interaction_profiles/ext/hand_interaction_ext
09-10 06:04:55.744 27483 31346 I WiVRn   : [2026-09-10 06:04:55.744] [WiVRn] [info] interaction profile for /user/gamepad: XR_NULL_PATH
09-10 06:04:55.744 27483 31346 W WiVRn   : [2026-09-10 06:04:55.744] [WiVRn] [warning] unknown interaction profile XR_NULL_PATH
09-10 06:04:55.745 27483 31346 I WiVRn   : [2026-09-10 06:04:55.745] [WiVRn] [info] Tracking pattern (5000µs):
09-10 06:04:55.745 27483 31346 I WiVRn   : [2026-09-10 06:04:55.745] [WiVRn] [info] 	t+5000µs HEAD (0µs)
09-10 06:04:55.857 27483 31340 I WiVRn   : [2026-09-10 06:04:55.857] [WiVRn] [info] Speaker stream started
09-10 06:04:55.857 27483 31340 I WiVRn   : [2026-09-10 06:04:55.857] [WiVRn] [info] setup, refresh rate 90
09-10 06:04:55.857 27483 31340 I WiVRn   : [2026-09-10 06:04:55.857] [WiVRn] [info] set refresh rate to 90Hz
09-10 06:04:56.584 27483 31302 I PxrMetric: FPS=0/90,MTP=28.59ms,AppSW=off,FrmEarly=12,FrmLate=1,FrmCpu=0.81ms,FrmGpu=0.76ms,FrmTime=1.58ms,ATWGPU=1.59ms,VsyncDelay=1,GPU=19%/587Mhz,GPUTemp=77.5C,LayerCnt=2,Pkg=org.meumeu.wivrn.nx.warp,FrmId=80
09-10 06:04:57.584 27483 31302 I PxrMetric: FPS=79/90,MTP=28.15ms,AppSW=off,FrmEarly=0,FrmLate=0,FrmCpu=0.90ms,FrmGpu=1.14ms,FrmTime=2.05ms,ATWGPU=1.61ms,VsyncDelay=1,GPU=29%/587Mhz,GPUTemp=74.4C,LayerCnt=5,Pkg=org.meumeu.wivrn.nx.warp,FrmId=170
09-10 06:04:58.289 27483 31340 I WiVRn   : [2026-09-10 06:04:58.289] [WiVRn] [info] nxwarp[0]: PLANAR centre mode requested; using generic mixed-frame decoder
09-10 06:04:58.289 27483 31340 I WiVRn   : [2026-09-10 06:04:58.289] [WiVRn] [info] nxwarp[0]: borrowed NV12 output enabled
09-10 06:04:58.289 27483 31340 I WiVRn   : [2026-09-10 06:04:58.289] [WiVRn] [info] nxwarp[0]: atlas borrowed-target dirty catchup enabled
09-10 06:04:58.289 27483 31340 I WiVRn   : [2026-09-10 06:04:58.289] [WiVRn] [info] nxwarp[0]: direct atlas targets false
09-10 06:04:58.289 27483 31340 I WiVRn   : [2026-09-10 06:04:58.289] [WiVRn] [info] nxwarp[0]: 2176x2176 per eye, 2 eyes, on Adreno (TM) 650, 68 x 34 tiles, 1166 bytes per tile
09-10 06:04:58.290 27483 31346 I WiVRn   : [2026-09-10 06:04:58.290] [WiVRn] [info] Tracking pattern (5000µs):
09-10 06:04:58.290 27483 31346 I WiVRn   : [2026-09-10 06:04:58.290] [WiVRn] [info] 	t+3598µs LEFT_GRIP (1401µs)
09-10 06:04:58.290 27483 31346 I WiVRn   : [2026-09-10 06:04:58.290] [WiVRn] [info] 	t+7629µs HEAD (-2629µs)
09-10 06:04:58.293 27483 31340 I WiVRn   : [2026-09-10 06:04:58.293] [WiVRn] [info] nxwarp[0] net: 1 frames closed in 2.5 s, 0 with a hole, 0 out-of-order datagrams, 0 frames completed late, 0 queued for the worker, 0 decoded so far, 0 stragglers dropped; last hole 0/0 chunks, first missing -1, short false, chunk 1166 B
09-10 06:04:58.293 27483 31340 I WiVRn   : [2026-09-10 06:04:58.293] [WiVRn] [info] nxwarp[0] net: 0.024 ms per datagram over 118 datagrams (1.12 ms of every second)
09-10 06:04:58.293 27483 31340 I WiVRn   : [2026-09-10 06:04:58.293] [WiVRn] [info] nxwarp[0] sel: stride 1, arrival 0.0 ms, dropped-late 0, withheld 0, decoded 0
09-10 06:04:58.293 27483 31340 I WiVRn   : [2026-09-10 06:04:58.293] [WiVRn] [info] nxwarp[0] rx: 119 datagrams, placed 2312 (+2312), late 0 (+0), stale_frame 0, bad_range 0, bad_dir 0, bad_caps 0, bad_ver 0, auth_fail 0, replay 0, frozen 0, dup 0
09-10 06:04:58.585 27483 31302 I PxrMetric: FPS=90/90,MTP=26.57ms,AppSW=off,FrmEarly=0,FrmLate=0,FrmCpu=0.85ms,FrmGpu=0.33ms,FrmTime=1.19ms,ATWGPU=1.59ms,VsyncDelay=1,GPU=28%/587Mhz,GPUTemp=69.8C,LayerCnt=5,Pkg=org.meumeu.wivrn.nx.warp,FrmId=260
09-10 06:04:58.748 27483 31346 I WiVRn   : [2026-09-10 06:04:58.748] [WiVRn] [info] Tracking pattern (5000µs):
09-10 06:04:58.748 27483 31346 I WiVRn   : [2026-09-10 06:04:58.748] [WiVRn] [info] 	t+2000µs HEAD (3000µs)
09-10 06:04:58.748 27483 31346 I WiVRn   : [2026-09-10 06:04:58.748] [WiVRn] [info] 	t+2422µs LEFT_GRIP (2577µs)
09-10 06:04:58.748 27483 31346 I WiVRn   : [2026-09-10 06:04:58.748] [WiVRn] [info] 	t+2444µs RIGHT_GRIP (2555µs)
09-10 06:04:58.748 27483 31346 I WiVRn   : [2026-09-10 06:04:58.748] [WiVRn] [info] 	t+4000µs HEAD (6000µs)
09-10 06:04:58.748 27483 31346 I WiVRn   : [2026-09-10 06:04:58.748] [WiVRn] [info] 	t+4422µs LEFT_GRIP (5577µs)
09-10 06:04:58.748 27483 31346 I WiVRn   : [2026-09-10 06:04:58.748] [WiVRn] [info] 	t+4444µs RIGHT_GRIP (5555µs)
09-10 06:04:58.748 27483 31346 I WiVRn   : [2026-09-10 06:04:58.748] [WiVRn] [info] 	t+5000µs HEAD (0µs)
09-10 06:04:59.053 27483 31344 I WiVRn   : [2026-09-10 06:04:59.053] [WiVRn] [info] Stream scene ready at t=282927292788216
09-10 06:04:59.053 27483 31344 I WiVRn   : [2026-09-10 06:04:59.053] [WiVRn] [info] nxwarp[0]: 1 frames in 3.3 s: 89488 B/frame, wait-prev 0.0 ms, wall 759.7 ms, nxvc passA 0.4 passB 1.3 gpu 1.7 ms; holes 0, refused 0
09-10 06:04:59.053 27483 31344 I WiVRn   : [2026-09-10 06:04:59.053] [WiVRn] [info] nxwarp[0] gpu duty 1 ms/s (0% of one GPU) for decode alone; the display pass is extra
09-10 06:04:59.053 27483 31344 I WiVRn   : [2026-09-10 06:04:59.053] [WiVRn] [info] nxwarp[0] passB 1.3 ms = warp 0.0 + skip 0.0 + coded 0.0 + dir 0.0 + other 1.3; tiles skip 0 / coded 2312 / dir 0 (eye pass 0)
09-10 06:04:59.053 27483 31344 I WiVRn   : [2026-09-10 06:04:59.053] [WiVRn] [info] nxwarp[0]: 79 frames dropped late (queue kept to 1)
09-10 06:04:59.053 27483 31344 I WiVRn   : [2026-09-10 06:04:59.053] [WiVRn] [info] nxwarp[0] stage: gap 0.0 | wait-prev 0.0 | submit 757.8 (qlock 0.0 + codec 757.7) | get_free 0.0 | fence-pre 0.0 | record 0.1 | qsubmit 0.0 | fence-post 1.7 | publish 0.1 ms; withheld 0, stride 1, arrival 11.1 ms
09-10 06:04:59.053 27483 31344 I WiVRn   : [2026-09-10 06:04:59.053] [WiVRn] [info] nxwarp[0] reassembly (network thread): 0.06 ms/frame over 81 frames, buffer 118 kB held for 118 kB of unit (1.0x)
09-10 06:04:59.053 27483 31344 I WiVRn   : [2026-09-10 06:04:59.053] [WiVRn] [info] nxwarp[0] fence-post 1.7 ms = nxvc gpu 1.7 + copy gpu 0.00 + queue 0.0 (over 1 frames with timestamps)
09-10 06:04:59.063 27483 31306 I WiVRn   : [2026-09-10 06:04:59.063] [WiVRn] [info] MulticastLock released
09-10 06:04:59.065 27483 31306 I WiVRn   : [2026-09-10 06:04:59.065] [WiVRn] [info] Loaded input profile pico-4
09-10 06:04:59.065 27483 31306 I WiVRn   : [2026-09-10 06:04:59.065] [WiVRn] [info] Initializing offset of space aim_left to (-5, 0, 20) mm, (0, -0, 0)°
09-10 06:04:59.065 27483 31306 I WiVRn   : [2026-09-10 06:04:59.065] [WiVRn] [info] Initializing offset of space aim_right to (5, 0, 20) mm, (0, -0, 0)°
09-10 06:04:59.065 27483 31306 I WiVRn   : [2026-09-10 06:04:59.065] [WiVRn] [info] Initializing offset of space grip_left to (0, -20, -50) mm, (-30.000002, -0, 0)°
09-10 06:04:59.065 27483 31306 I WiVRn   : [2026-09-10 06:04:59.065] [WiVRn] [info] Initializing offset of space grip_right to (0, -20, -50) mm, (-30.000002, -0, 0)°
09-10 06:04:59.068 27483 31306 I WiVRn   : [2026-09-10 06:04:59.068] [WiVRn] [info] Font for de /system/fonts/PICOSans.ttf
09-10 06:04:59.068 27483 31306 I WiVRn   : [2026-09-10 06:04:59.068] [WiVRn] [info] Font for es /system/fonts/PICOSans.ttf
09-10 06:04:59.068 27483 31306 I WiVRn   : [2026-09-10 06:04:59.068] [WiVRn] [info] Font for fr /system/fonts/PICOSans.ttf
09-10 06:04:59.068 27483 31306 I WiVRn   : [2026-09-10 06:04:59.068] [WiVRn] [info] Font for fr /system/fonts/Roboto-Regular.ttf
09-10 06:04:59.068 27483 31306 I WiVRn   : [2026-09-10 06:04:59.068] [WiVRn] [info] Font for it /system/fonts/PICOSans.ttf
09-10 06:04:59.068 27483 31306 I WiVRn   : [2026-09-10 06:04:59.068] [WiVRn] [info] Font for ja /system/fonts/PICOSans.ttf
09-10 06:04:59.068 27483 31306 I WiVRn   : [2026-09-10 06:04:59.068] [WiVRn] [info] Font for ja /system/fonts/PICOSansVFJP.ttf
09-10 06:04:59.068 27483 31306 I WiVRn   : [2026-09-10 06:04:59.068] [WiVRn] [info] Font for ka /system/fonts/PICOSans.ttf
09-10 06:04:59.068 27483 31306 I WiVRn   : [2026-09-10 06:04:59.068] [WiVRn] [info] Font for ka /system/fonts/NotoSansGeorgian-Regular.otf
09-10 06:04:59.068 27483 31306 I WiVRn   : [2026-09-10 06:04:59.068] [WiVRn] [info] Font for ka /system/fonts/PICOSans.ttf
09-10 06:04:59.068 27483 31306 I WiVRn   : [2026-09-10 06:04:59.068] [WiVRn] [info] Font for pl /system/fonts/PICOSans.ttf
09-10 06:04:59.068 27483 31306 I WiVRn   : [2026-09-10 06:04:59.068] [WiVRn] [info] Font for pl /system/fonts/Roboto-Regular.ttf
09-10 06:04:59.068 27483 31306 I WiVRn   : [2026-09-10 06:04:59.068] [WiVRn] [info] Font for pl /system/fonts/PICOSans.ttf
09-10 06:04:59.068 27483 31306 I WiVRn   : [2026-09-10 06:04:59.068] [WiVRn] [info] Font for pl /system/fonts/PICOSansSC-Regular.ttf
09-10 06:04:59.068 27483 31306 I WiVRn   : [2026-09-10 06:04:59.068] [WiVRn] [info] Font for pl /system/fonts/Roboto-Regular.ttf
09-10 06:04:59.068 27483 31306 I WiVRn   : [2026-09-10 06:04:59.068] [WiVRn] [info] Font for pl /system/fonts/PICOSans.ttf
09-10 06:04:59.068 27483 31306 I WiVRn   : [2026-09-10 06:04:59.068] [WiVRn] [info] Font for pt_BR /system/fonts/PICOSans.ttf
09-10 06:04:59.068 27483 31306 I WiVRn   : [2026-09-10 06:04:59.068] [WiVRn] [info] Font for ru /system/fonts/PICOSans.ttf
09-10 06:04:59.068 27483 31306 I WiVRn   : [2026-09-10 06:04:59.068] [WiVRn] [info] Font for ru /system/fonts/PICOSansSC-Regular.ttf
09-10 06:04:59.068 27483 31306 I WiVRn   : [2026-09-10 06:04:59.068] [WiVRn] [info] Font for ru /system/fonts/PICOSans.ttf
09-10 06:04:59.068 27483 31306 I WiVRn   : [2026-09-10 06:04:59.068] [WiVRn] [info] Font for sk /system/fonts/PICOSans.ttf
09-10 06:04:59.068 27483 31306 I WiVRn   : [2026-09-10 06:04:59.068] [WiVRn] [info] Font for sk /system/fonts/Roboto-Regular.ttf
09-10 06:04:59.068 27483 31306 I WiVRn   : [2026-09-10 06:04:59.068] [WiVRn] [info] Font for sk /system/fonts/PICOSansSC-Regular.ttf
09-10 06:04:59.068 27483 31306 I WiVRn   : [2026-09-10 06:04:59.068] [WiVRn] [info] Font for sk /system/fonts/PICOSans.ttf
09-10 06:04:59.068 27483 31306 I WiVRn   : [2026-09-10 06:04:59.068] [WiVRn] [info] Font for sk /system/fonts/Roboto-Regular.ttf
09-10 06:04:59.068 27483 31306 I WiVRn   : [2026-09-10 06:04:59.068] [WiVRn] [info] Font for sk /system/fonts/PICOSans.ttf
09-10 06:04:59.068 27483 31306 I WiVRn   : [2026-09-10 06:04:59.068] [WiVRn] [info] Font for tr /system/fonts/PICOSans.ttf
09-10 06:04:59.068 27483 31306 I WiVRn   : [2026-09-10 06:04:59.068] [WiVRn] [info] Font for tr /system/fonts/Roboto-Regular.ttf
09-10 06:04:59.068 27483 31306 I WiVRn   : [2026-09-10 06:04:59.068] [WiVRn] [info] Font for tr /system/fonts/PICOSans.ttf
09-10 06:04:59.068 27483 31306 I WiVRn   : [2026-09-10 06:04:59.068] [WiVRn] [info] Font for tr /system/fonts/Roboto-Regular.ttf
09-10 06:04:59.068 27483 31306 I WiVRn   : [2026-09-10 06:04:59.068] [WiVRn] [info] Font for tr /system/fonts/PICOSans.ttf
09-10 06:04:59.069 27483 31306 I WiVRn   : [2026-09-10 06:04:59.069] [WiVRn] [info] Font for zh_CN /system/fonts/PICOSans.ttf
09-10 06:04:59.069 27483 31306 I WiVRn   : [2026-09-10 06:04:59.069] [WiVRn] [info] Font for zh_CN /system/fonts/PICOSansSC-Regular.ttf
09-10 06:04:59.069 27483 31306 I WiVRn   : [2026-09-10 06:04:59.069] [WiVRn] [info] Font for zh_TW /system/fonts/PICOSans.ttf
09-10 06:04:59.069 27483 31306 I WiVRn   : [2026-09-10 06:04:59.069] [WiVRn] [info] Font for zh_TW /system/fonts/PICOSansSC-Regular.ttf
09-10 06:04:59.073 27483 31306 I WiVRn   : [2026-09-10 06:04:59.073] [WiVRn] [info] Using font /system/fonts/PICOSans.ttf
09-10 06:04:59.073 27483 31306 I WiVRn   : [2026-09-10 06:04:59.073] [WiVRn] [info] Using font /system/fonts/Roboto-Regular.ttf
09-10 06:04:59.073 27483 31306 I WiVRn   : [2026-09-10 06:04:59.073] [WiVRn] [info] Using font /system/fonts/PICOSansVFJP.ttf
09-10 06:04:59.084 27483 31306 I WiVRn   : [2026-09-10 06:04:59.084] [WiVRn] [info] Using font /system/fonts/NotoSansGeorgian-Regular.otf
09-10 06:04:59.084 27483 31306 I WiVRn   : [2026-09-10 06:04:59.084] [WiVRn] [info] Using font /system/fonts/PICOSansSC-Regular.ttf
09-10 06:04:59.090 27483 31306 I WiVRn   : [2026-09-10 06:04:59.090] [WiVRn] [info] Performance level: CPU domain asked for sustained_high
09-10 06:04:59.090 27483 31306 I WiVRn   : [2026-09-10 06:04:59.090] [WiVRn] [info] nxwarp: GPU performance level setting 2
09-10 06:04:59.090 27483 31306 I WiVRn   : [2026-09-10 06:04:59.090] [WiVRn] [info] Performance level: GPU domain asked for boost
09-10 06:04:59.095 27483 31306 I WiVRn   : [2026-09-10 06:04:59.095] [WiVRn] [info] swapchain setup, refresh rate 90
09-10 06:04:59.095 27483 31306 I WiVRn   : [2026-09-10 06:04:59.095] [WiVRn] [info] set refresh rate to 90Hz
09-10 06:04:59.098 27483 31306 W WiVRn   : [2026-09-10 06:04:59.098] [WiVRn] [warning] XR mutable swapchain request rejected (-2); retrying without format list
09-10 06:04:59.101 27483 31306 I WiVRn   : [2026-09-10 06:04:59.101] [WiVRn] [info] Created stream swapchain: 2160x2160
09-10 06:04:59.101 27483 31306 I WiVRn   : [2026-09-10 06:04:59.101] [WiVRn] [info] Initializing reprojector
09-10 06:04:59.102 27483 31306 I WiVRn   : [2026-09-10 06:04:59.102] [WiVRn] [info] Static FDM enabled: 135x135 map, texel 16x16
09-10 06:04:59.102 27483 31306 I WiVRn   : [2026-09-10 06:04:59.102] [WiVRn] [info] nxwarp atlas vertex warp enabled
09-10 06:04:59.103 27483 31306 I WiVRn   : [2026-09-10 06:04:59.103] [WiVRn] [info] Atlas UNORM attachment views ready
09-10 06:04:59.103 27483 31306 I WiVRn   : [2026-09-10 06:04:59.103] [WiVRn] [info] Atlas mutable swapchain enabled
09-10 06:04:59.103 27483 31306 I WiVRn   : [2026-09-10 06:04:59.103] [WiVRn] [info] NX static post compiled out
09-10 06:04:59.103 27483 31306 I WiVRn   : [2026-09-10 06:04:59.103] [WiVRn] [info] NX static bleed compiled out
09-10 06:04:59.103 27483 31306 I WiVRn   : [2026-09-10 06:04:59.103] [WiVRn] [info] NX peripheral smoothing mode 3
09-10 06:04:59.103 27483 31306 I WiVRn   : [2026-09-10 06:04:59.103] [WiVRn] [info] Atlas UNORM attachment path active
09-10 06:04:59.229 27483 31306 I WiVRn   : [2026-09-10 06:04:59.229] [WiVRn] [info] geometry[eye 0]: view_info fov L-53.34 R53.34 U53.34 D-53.34 | layer fov L-53.34 R53.34 U53.34 D-53.34 deg | layer rect 2160x2160 | defoveated 2160x2160 | scale 1.00
09-10 06:04:59.229 27483 31306 I WiVRn   : [2026-09-10 06:04:59.229] [WiVRn] [info] geometry[eye 1]: view_info fov L-53.34 R53.34 U53.34 D-53.34 | layer fov L-53.34 R53.34 U53.34 D-53.34 deg | layer rect 2160x2160 | defoveated 2160x2160 | scale 1.00
09-10 06:04:59.238 27483 31306 I WiVRn   : [2026-09-10 06:04:59.238] [WiVRn] [info] render: 1 iterations in 4.2 s (0.2/s), 1 submitted a layer, 1 new-source, 0 skipped by the repeat gate, 0 with nothing to show; display period 11.1 ms
09-10 06:04:59.238 27483 31306 I WiVRn   : [2026-09-10 06:04:59.238] [WiVRn] [info] render: ready wait attempts 0 success 0 total 0.000 ms | selected older than available 0
09-10 06:04:59.238 27483 31306 I WiVRn   : [2026-09-10 06:04:59.238] [WiVRn] [info] render: selected source transitions forward 0 backward 0 repeat 0, greatest forward gap 0
09-10 06:04:59.238 27483 31306 I WiVRn   : [2026-09-10 06:04:59.238] [WiVRn] [info] render: this app's own GPU pass 0.0 ms per iteration
09-10 06:04:59.238 27483 31306 I WiVRn   : [2026-09-10 06:04:59.238] [WiVRn] [info] render: defoveate 2160x2160 per eye x2 = 9.33 Mpx/frame at scale 1.00 atlas-prototype 0; 0 re-presented from the cache (reduce_gpu_load on)
09-10 06:04:59.238 27483 31306 I WiVRn   : [2026-09-10 06:04:59.238] [WiVRn] [info] render: shader path sharpness 0.00 fsr false alpha false motion false blend false glow 0.00 vignette 0.00 deband 0.00 lowpoly 0.00 levels 0 full-kernel false
09-10 06:04:59.238 27483 31306 I WiVRn   : [2026-09-10 06:04:59.238] [WiVRn] [info] render: per iteration fence 0.0 (worst 0.0) | queries 0.0 | submit 0.0 | whole render() 142.8 ms
09-10 06:04:59.238 27483 31306 I WiVRn   : [2026-09-10 06:04:59.238] [WiVRn] [info] render: jit on | wake slack 26.8 ms | slept 0.0 ms mean (max 0.0, 0 of 1 iterations) | budget 1.0 = pass 0.0 + margin 1.0 | sleep cap 7.5 ms
09-10 06:04:59.238 27483 31306 I WiVRn   : [2026-09-10 06:04:59.238] [WiVRn] [info] render: source display-time offset 71.2 ms mean (worst 71.2) over 1 frames | submit lead 0.0 ms mean (worst 0.0) | misses: 0 overrun 0 late 0 skipped refresh
09-10 06:04:59.238 27483 31306 I WiVRn   : [2026-09-10 06:04:59.238] [WiVRn] [info] Received event type XR_TYPE_EVENT_DATA_INTERACTION_PROFILE_CHANGED
09-10 06:04:59.238 27483 31306 I WiVRn   : [2026-09-10 06:04:59.238] [WiVRn] [info] interaction profile for /user/hand/left: /interaction_profiles/ext/hand_interaction_ext
09-10 06:04:59.238 27483 31306 I WiVRn   : [2026-09-10 06:04:59.238] [WiVRn] [info] interaction profile for /user/hand/right: /interaction_profiles/ext/hand_interaction_ext
09-10 06:04:59.238 27483 31306 I WiVRn   : [2026-09-10 06:04:59.238] [WiVRn] [info] interaction profile for /user/gamepad: XR_NULL_PATH
09-10 06:04:59.238 27483 31306 W WiVRn   : [2026-09-10 06:04:59.238] [WiVRn] [warning] unknown interaction profile XR_NULL_PATH
09-10 06:04:59.238 27483 31306 I WiVRn   : [2026-09-10 06:04:59.238] [WiVRn] [info] Received event type XR_TYPE_EVENT_DATA_INTERACTION_PROFILE_CHANGED
09-10 06:04:59.238 27483 31306 I WiVRn   : [2026-09-10 06:04:59.238] [WiVRn] [info] interaction profile for /user/hand/left: /interaction_profiles/ext/hand_interaction_ext
09-10 06:04:59.238 27483 31306 I WiVRn   : [2026-09-10 06:04:59.238] [WiVRn] [info] interaction profile for /user/hand/right: /interaction_profiles/ext/hand_interaction_ext
09-10 06:04:59.238 27483 31306 I WiVRn   : [2026-09-10 06:04:59.238] [WiVRn] [info] interaction profile for /user/gamepad: XR_NULL_PATH
09-10 06:04:59.238 27483 31306 W WiVRn   : [2026-09-10 06:04:59.238] [WiVRn] [warning] unknown interaction profile XR_NULL_PATH
09-10 06:04:59.238 27483 31306 I WiVRn   : [2026-09-10 06:04:59.238] [WiVRn] [info] Received event type XR_TYPE_EVENT_DATA_INTERACTION_PROFILE_CHANGED
09-10 06:04:59.238 27483 31306 I WiVRn   : [2026-09-10 06:04:59.238] [WiVRn] [info] interaction profile for /user/hand/left: /interaction_profiles/ext/hand_interaction_ext
09-10 06:04:59.238 27483 31306 I WiVRn   : [2026-09-10 06:04:59.238] [WiVRn] [info] interaction profile for /user/hand/right: /interaction_profiles/ext/hand_interaction_ext
09-10 06:04:59.238 27483 31306 I WiVRn   : [2026-09-10 06:04:59.238] [WiVRn] [info] interaction profile for /user/gamepad: XR_NULL_PATH
09-10 06:04:59.238 27483 31306 W WiVRn   : [2026-09-10 06:04:59.238] [WiVRn] [warning] unknown interaction profile XR_NULL_PATH
09-10 06:04:59.598 27483 31302 I PxrMetric: FPS=90/90,MTP=28.08ms,AppSW=off,FrmEarly=0,FrmLate=0,FrmCpu=1.14ms,FrmGpu=2.48ms,FrmTime=3.64ms,ATWGPU=1.59ms,VsyncDelay=1,GPU=29%/587Mhz,GPUTemp=76.0C,LayerCnt=5,Pkg=org.meumeu.wivrn.nx.warp,FrmId=337
09-10 06:04:59.755 27483 31346 I WiVRn   : [2026-09-10 06:04:59.755] [WiVRn] [info] Tracking pattern (11104µs):
09-10 06:04:59.755 27483 31346 I WiVRn   : [2026-09-10 06:04:59.755] [WiVRn] [info] 	t+3556µs HEAD (7547µs)
09-10 06:04:59.755 27483 31346 I WiVRn   : [2026-09-10 06:04:59.755] [WiVRn] [info] 	t+4324µs LEFT_GRIP (6779µs)
09-10 06:04:59.755 27483 31346 I WiVRn   : [2026-09-10 06:04:59.755] [WiVRn] [info] 	t+4332µs RIGHT_GRIP (6772µs)
09-10 06:04:59.755 27483 31346 I WiVRn   : [2026-09-10 06:04:59.755] [WiVRn] [info] 	t+6556µs HEAD (4547µs)
09-10 06:04:59.755 27483 31346 I WiVRn   : [2026-09-10 06:04:59.755] [WiVRn] [info] 	t+7324µs LEFT_GRIP (3779µs)
09-10 06:04:59.755 27483 31346 I WiVRn   : [2026-09-10 06:04:59.755] [WiVRn] [info] 	t+7332µs RIGHT_GRIP (3772µs)
09-10 06:05:00.294 27483 31340 I WiVRn   : [2026-09-10 06:05:00.294] [WiVRn] [info] nxwarp[0] net: 149 frames closed in 2.0 s, 0 with a hole, 0 out-of-order datagrams, 0 frames completed late, 0 queued for the worker, 70 decoded so far, 149 stragglers dropped; last hole 0/0 chunks, first missing -1, short false, chunk 1166 B
09-10 06:05:00.294 27483 31340 I WiVRn   : [2026-09-10 06:05:00.294] [WiVRn] [info] nxwarp[0] net: 0.026 ms per datagram over 24669 datagrams (324.03 ms of every second)
09-10 06:05:00.294 27483 31340 I WiVRn   : [2026-09-10 06:05:00.294] [WiVRn] [info] nxwarp[0] sel: stride 1, arrival 11.2 ms, dropped-late 79, withheld 0, decoded 70
09-10 06:05:00.294 27483 31340 I WiVRn   : [2026-09-10 06:05:00.294] [WiVRn] [info] nxwarp[0] rx: 24788 datagrams, placed 346800 (+344488), late 0 (+0), stale_frame 0, bad_range 0, bad_dir 0, bad_caps 0, bad_ver 0, auth_fail 0, replay 0, frozen 0, dup 0
09-10 06:05:00.602 27483 31302 I PxrMetric: FPS=76/90,MTP=28.05ms,AppSW=off,FrmEarly=0,FrmLate=6,FrmCpu=0.75ms,FrmGpu=6.68ms,FrmTime=10.02ms,ATWGPU=1.61ms,VsyncDelay=1,GPU=52%/587Mhz,GPUTemp=71.7C,LayerCnt=4,Pkg=org.meumeu.wivrn.nx.warp,FrmId=427
09-10 06:05:00.744 27483 31346 I WiVRn   : [2026-09-10 06:05:00.744] [WiVRn] [info] Tracking pattern (11110µs):
09-10 06:05:00.744 27483 31346 I WiVRn   : [2026-09-10 06:05:00.744] [WiVRn] [info] 	t+4220µs HEAD (6890µs)
09-10 06:05:00.744 27483 31346 I WiVRn   : [2026-09-10 06:05:00.744] [WiVRn] [info] 	t+4269µs LEFT_GRIP (6841µs)
09-10 06:05:00.744 27483 31346 I WiVRn   : [2026-09-10 06:05:00.744] [WiVRn] [info] 	t+4277µs RIGHT_GRIP (6833µs)
09-10 06:05:00.744 27483 31346 I WiVRn   : [2026-09-10 06:05:00.744] [WiVRn] [info] 	t+7220µs HEAD (3890µs)
09-10 06:05:00.744 27483 31346 I WiVRn   : [2026-09-10 06:05:00.744] [WiVRn] [info] 	t+7269µs LEFT_GRIP (3841µs)
09-10 06:05:00.744 27483 31346 I WiVRn   : [2026-09-10 06:05:00.744] [WiVRn] [info] 	t+7277µs RIGHT_GRIP (3833µs)
09-10 06:05:01.055 27483 31344 I WiVRn   : [2026-09-10 06:05:01.055] [WiVRn] [info] nxwarp[0]: 138 frames in 2.0 s: 127822 B/frame, wait-prev 0.0 ms, wall 7.4 ms, nxvc passA 2.0 passB 2.2 gpu 4.1 ms; holes 0, refused 0
09-10 06:05:01.055 27483 31344 I WiVRn   : [2026-09-10 06:05:01.055] [WiVRn] [info] nxwarp[0] gpu duty 286 ms/s (29% of one GPU) for decode alone; the display pass is extra
09-10 06:05:01.056 27483 31344 I WiVRn   : [2026-09-10 06:05:01.056] [WiVRn] [info] nxwarp[0] passB 2.2 ms = warp 0.0 + skip 0.0 + coded 0.0 + dir 0.0 + other 2.2; tiles skip 0 / coded 2312 / dir 0 (eye pass 0)
09-10 06:05:01.056 27483 31344 I WiVRn   : [2026-09-10 06:05:01.056] [WiVRn] [info] nxwarp[0]: 79 frames dropped late (queue kept to 1)
09-10 06:05:01.056 27483 31344 I WiVRn   : [2026-09-10 06:05:01.056] [WiVRn] [info] nxwarp[0] stage: gap 7.1 | wait-prev 0.0 | submit 1.1 (qlock 0.0 + codec 1.1) | get_free 0.0 | fence-pre 0.0 | record 0.0 | qsubmit 0.0 | fence-post 6.2 | publish 0.0 ms; withheld 0, stride 1, arrival 10.9 ms
09-10 06:05:01.056 27483 31344 I WiVRn   : [2026-09-10 06:05:01.056] [WiVRn] [info] nxwarp[0] reassembly (network thread): 0.08 ms/frame over 137 frames, buffer 125 kB held for 125 kB of unit (1.0x)
09-10 06:05:01.056 27483 31344 I WiVRn   : [2026-09-10 06:05:01.056] [WiVRn] [info] nxwarp[0] fence-post 6.3 ms = nxvc gpu 4.1 + copy gpu 0.00 + queue 2.1 (over 138 frames with timestamps)
09-10 06:05:01.103 27483 31306 I WiVRn   : [2026-09-10 06:05:01.103] [WiVRn] [info] render: 169 iterations in 2.0 s (84.2/s), 169 submitted a layer, 138 new-source, 0 skipped by the repeat gate, 0 with nothing to show; display period 11.9 ms
09-10 06:05:01.103 27483 31306 I WiVRn   : [2026-09-10 06:05:01.103] [WiVRn] [info] render: ready wait attempts 31 success 0 total 32.970 ms | selected older than available 0
09-10 06:05:01.103 27483 31306 I WiVRn   : [2026-09-10 06:05:01.103] [WiVRn] [info] render: selected source transitions forward 138 backward 0 repeat 31, greatest forward gap 3
09-10 06:05:01.103 27483 31306 I WiVRn   : [2026-09-10 06:05:01.103] [WiVRn] [info] render: this app's own GPU pass 3.4 ms per iteration
09-10 06:05:01.104 27483 31306 I WiVRn   : [2026-09-10 06:05:01.104] [WiVRn] [info] render: defoveate 2160x2160 per eye x2 = 9.33 Mpx/frame at scale 1.00 atlas-prototype 0; 31 re-presented from the cache (reduce_gpu_load on)
09-10 06:05:01.104 27483 31306 I WiVRn   : [2026-09-10 06:05:01.104] [WiVRn] [info] render: shader path sharpness 0.00 fsr false alpha false motion false blend false glow 0.00 vignette 0.00 deband 0.00 lowpoly 0.00 levels 0 full-kernel false
09-10 06:05:01.104 27483 31306 I WiVRn   : [2026-09-10 06:05:01.104] [WiVRn] [info] render: per iteration fence 0.0 (worst 0.0) | queries 0.0 | submit 0.0 | whole render() 1.1 ms
09-10 06:05:01.104 27483 31306 I WiVRn   : [2026-09-10 06:05:01.104] [WiVRn] [info] render: jit on | wake slack 31.6 ms | slept 2.2 ms mean (max 7.5, 59 of 169 iterations) | budget 24.1 = pass 23.1 + margin 1.0 | sleep cap 7.5 ms
09-10 06:05:01.104 27483 31306 I WiVRn   : [2026-09-10 06:05:01.104] [WiVRn] [info] render: source display-time offset 52.1 ms mean (worst 93.4) over 169 frames | submit lead 27.4 ms mean (worst -116.0) | misses: 0 overrun 0 late 0 skipped refresh
09-10 06:05:01.607 27483 31302 I PxrMetric: FPS=90/90,MTP=29.40ms,AppSW=off,FrmEarly=0,FrmLate=3,FrmCpu=0.75ms,FrmGpu=3.91ms,FrmTime=12.20ms,ATWGPU=1.62ms,VsyncDelay=2,GPU=88%/587Mhz,GPUTemp=75.2C,LayerCnt=4,Pkg=org.meumeu.wivrn.nx.warp,FrmId=518
09-10 06:05:01.755 27483 31346 I WiVRn   : [2026-09-10 06:05:01.755] [WiVRn] [info] Tracking pattern (11110µs):
09-10 06:05:01.755 27483 31346 I WiVRn   : [2026-09-10 06:05:01.755] [WiVRn] [info] 	t+4470µs HEAD (6639µs)
09-10 06:05:01.755 27483 31346 I WiVRn   : [2026-09-10 06:05:01.755] [WiVRn] [info] 	t+4549µs LEFT_GRIP (6560µs)
09-10 06:05:01.755 27483 31346 I WiVRn   : [2026-09-10 06:05:01.755] [WiVRn] [info] 	t+4557µs RIGHT_GRIP (6552µs)
09-10 06:05:01.755 27483 31346 I WiVRn   : [2026-09-10 06:05:01.755] [WiVRn] [info] 	t+7470µs HEAD (3639µs)
09-10 06:05:01.755 27483 31346 I WiVRn   : [2026-09-10 06:05:01.755] [WiVRn] [info] 	t+7549µs LEFT_GRIP (3560µs)
09-10 06:05:01.755 27483 31346 I WiVRn   : [2026-09-10 06:05:01.755] [WiVRn] [info] 	t+7557µs RIGHT_GRIP (3552µs)
09-10 06:05:02.306 27483 31340 I WiVRn   : [2026-09-10 06:05:02.306] [WiVRn] [info] nxwarp[0] net: 181 frames closed in 2.0 s, 0 with a hole, 0 out-of-order datagrams, 0 frames completed late, 0 queued for the worker, 251 decoded so far, 343 stragglers dropped; last hole 0/0 chunks, first missing -1, short false, chunk 1166 B
09-10 06:05:02.306 27483 31340 I WiVRn   : [2026-09-10 06:05:02.306] [WiVRn] [info] nxwarp[0] net: 0.026 ms per datagram over 29323 datagrams (379.82 ms of every second)
09-10 06:05:02.306 27483 31340 I WiVRn   : [2026-09-10 06:05:02.306] [WiVRn] [info] nxwarp[0] sel: stride 1, arrival 11.3 ms, dropped-late 79, withheld 0, decoded 251
09-10 06:05:02.306 27483 31340 I WiVRn   : [2026-09-10 06:05:02.306] [WiVRn] [info] nxwarp[0] rx: 54111 datagrams, placed 581070 (+234270), late 5386 (+5386), stale_frame 0, bad_range 0, bad_dir 0, bad_caps 0, bad_ver 0, auth_fail 0, replay 0, frozen 0, dup 13
09-10 06:05:02.607 27483 31302 I PxrMetric: FPS=90/90,MTP=29.32ms,AppSW=off,FrmEarly=0,FrmLate=0,FrmCpu=0.50ms,FrmGpu=4.27ms,FrmTime=12.31ms,ATWGPU=1.60ms,VsyncDelay=2,GPU=83%/587Mhz,GPUTemp=75.6C,LayerCnt=4,Pkg=org.meumeu.wivrn.nx.warp,FrmId=608
09-10 06:05:02.744 27483 31346 I WiVRn   : [2026-09-10 06:05:02.744] [WiVRn] [info] Tracking pattern (11112µs):
09-10 06:05:02.744 27483 31346 I WiVRn   : [2026-09-10 06:05:02.744] [WiVRn] [info] 	t+4227µs HEAD (6885µs)
09-10 06:05:02.744 27483 31346 I WiVRn   : [2026-09-10 06:05:02.744] [WiVRn] [info] 	t+4379µs LEFT_GRIP (6733µs)
09-10 06:05:02.744 27483 31346 I WiVRn   : [2026-09-10 06:05:02.744] [WiVRn] [info] 	t+4385µs RIGHT_GRIP (6727µs)
09-10 06:05:02.744 27483 31346 I WiVRn   : [2026-09-10 06:05:02.744] [WiVRn] [info] 	t+7227µs HEAD (3885µs)
09-10 06:05:02.744 27483 31346 I WiVRn   : [2026-09-10 06:05:02.744] [WiVRn] [info] 	t+7379µs LEFT_GRIP (3733µs)
09-10 06:05:02.744 27483 31346 I WiVRn   : [2026-09-10 06:05:02.744] [WiVRn] [info] 	t+7385µs RIGHT_GRIP (3727µs)
09-10 06:05:03.056 27483 31344 I WiVRn   : [2026-09-10 06:05:03.056] [WiVRn] [info] nxwarp[0]: 180 frames in 2.0 s: 139423 B/frame, wait-prev 0.0 ms, wall 8.0 ms, nxvc passA 1.7 passB 2.5 gpu 4.2 ms; holes 0, refused 0
09-10 06:05:03.056 27483 31344 I WiVRn   : [2026-09-10 06:05:03.056] [WiVRn] [info] nxwarp[0] gpu duty 381 ms/s (38% of one GPU) for decode alone; the display pass is extra
09-10 06:05:03.056 27483 31344 I WiVRn   : [2026-09-10 06:05:03.056] [WiVRn] [info] nxwarp[0] passB 2.5 ms = warp 0.0 + skip 0.0 + coded 0.0 + dir 0.0 + other 2.5; tiles skip 0 / coded 2312 / dir 0 (eye pass 0)
09-10 06:05:03.056 27483 31344 I WiVRn   : [2026-09-10 06:05:03.056] [WiVRn] [info] nxwarp[0]: 79 frames dropped late (queue kept to 1)
09-10 06:05:03.056 27483 31344 I WiVRn   : [2026-09-10 06:05:03.056] [WiVRn] [info] nxwarp[0] stage: gap 3.1 | wait-prev 0.0 | submit 1.0 (qlock 0.0 + codec 1.0) | get_free 0.0 | fence-pre 0.0 | record 0.0 | qsubmit 0.0 | fence-post 6.9 | publish 0.0 ms; withheld 0, stride 1, arrival 11.0 ms
09-10 06:05:03.056 27483 31344 I WiVRn   : [2026-09-10 06:05:03.056] [WiVRn] [info] nxwarp[0] reassembly (network thread): 0.07 ms/frame over 180 frames, buffer 136 kB held for 136 kB of unit (1.0x)
09-10 06:05:03.056 27483 31344 I WiVRn   : [2026-09-10 06:05:03.056] [WiVRn] [info] nxwarp[0] fence-post 6.9 ms = nxvc gpu 4.2 + copy gpu 0.00 + queue 2.7 (over 180 frames with timestamps)
09-10 06:05:03.103 27483 31306 I WiVRn   : [2026-09-10 06:05:03.103] [WiVRn] [info] render: 180 iterations in 2.0 s (90.0/s), 180 submitted a layer, 180 new-source, 0 skipped by the repeat gate, 0 with nothing to show; display period 11.1 ms
09-10 06:05:03.103 27483 31306 I WiVRn   : [2026-09-10 06:05:03.103] [WiVRn] [info] render: ready wait attempts 1 success 1 total 0.091 ms | selected older than available 0
09-10 06:05:03.103 27483 31306 I WiVRn   : [2026-09-10 06:05:03.103] [WiVRn] [info] render: selected source transitions forward 180 backward 0 repeat 0, greatest forward gap 1
09-10 06:05:03.103 27483 31306 I WiVRn   : [2026-09-10 06:05:03.103] [WiVRn] [info] render: this app's own GPU pass 4.2 ms per iteration
09-10 06:05:03.103 27483 31306 I WiVRn   : [2026-09-10 06:05:03.103] [WiVRn] [info] render: defoveate 2160x2160 per eye x2 = 9.33 Mpx/frame at scale 1.00 atlas-prototype 0; 0 re-presented from the cache (reduce_gpu_load on)
09-10 06:05:03.103 27483 31306 I WiVRn   : [2026-09-10 06:05:03.103] [WiVRn] [info] render: shader path sharpness 0.00 fsr false alpha false motion false blend false glow 0.00 vignette 0.00 deband 0.00 lowpoly 0.00 levels 0 full-kernel false
09-10 06:05:03.103 27483 31306 I WiVRn   : [2026-09-10 06:05:03.103] [WiVRn] [info] render: per iteration fence 0.0 (worst 0.0) | queries 0.0 | submit 0.0 | whole render() 0.8 ms
09-10 06:05:03.103 27483 31306 I WiVRn   : [2026-09-10 06:05:03.103] [WiVRn] [info] render: jit on | wake slack 37.5 ms | slept 7.5 ms mean (max 7.5, 180 of 180 iterations) | budget 21.5 = pass 20.5 + margin 1.0 | sleep cap 7.5 ms
09-10 06:05:03.103 27483 31306 I WiVRn   : [2026-09-10 06:05:03.103] [WiVRn] [info] render: source display-time offset 49.0 ms mean (worst 49.1) over 180 frames | submit lead 29.1 ms mean (worst 28.5) | misses: 0 overrun 0 late 0 skipped refresh
09-10 06:05:03.619 27483 31302 I PxrMetric: FPS=90/90,MTP=29.16ms,AppSW=off,FrmEarly=0,FrmLate=0,FrmCpu=0.52ms,FrmGpu=4.44ms,FrmTime=12.51ms,ATWGPU=1.59ms,VsyncDelay=2,GPU=86%/587Mhz,GPUTemp=76.0C,LayerCnt=3,Pkg=org.meumeu.wivrn.nx.warp,FrmId=699
09-10 06:05:03.755 27483 31346 I WiVRn   : [2026-09-10 06:05:03.755] [WiVRn] [info] Tracking pattern (11110µs):
09-10 06:05:03.755 27483 31346 I WiVRn   : [2026-09-10 06:05:03.755] [WiVRn] [info] 	t+4337µs HEAD (6773µs)
09-10 06:05:03.755 27483 31346 I WiVRn   : [2026-09-10 06:05:03.755] [WiVRn] [info] 	t+4414µs LEFT_GRIP (6696µs)
09-10 06:05:03.755 27483 31346 I WiVRn   : [2026-09-10 06:05:03.755] [WiVRn] [info] 	t+4420µs RIGHT_GRIP (6689µs)
09-10 06:05:03.755 27483 31346 I WiVRn   : [2026-09-10 06:05:03.755] [WiVRn] [info] 	t+7337µs HEAD (3773µs)
09-10 06:05:03.755 27483 31346 I WiVRn   : [2026-09-10 06:05:03.755] [WiVRn] [info] 	t+7414µs LEFT_GRIP (3696µs)
09-10 06:05:03.755 27483 31346 I WiVRn   : [2026-09-10 06:05:03.755] [WiVRn] [info] 	t+7420µs RIGHT_GRIP (3689µs)
09-10 06:05:04.307 27483 31340 I WiVRn   : [2026-09-10 06:05:04.307] [WiVRn] [info] nxwarp[0] net: 180 frames closed in 2.0 s, 0 with a hole, 0 out-of-order datagrams, 0 frames completed late, 0 queued for the worker, 431 decoded so far, 525 stragglers dropped; last hole 0/0 chunks, first missing -1, short false, chunk 1166 B
09-10 06:05:04.307 27483 31340 I WiVRn   : [2026-09-10 06:05:04.307] [WiVRn] [info] nxwarp[0] net: 0.028 ms per datagram over 28429 datagrams (394.56 ms of every second)
09-10 06:05:04.307 27483 31340 I WiVRn   : [2026-09-10 06:05:04.307] [WiVRn] [info] nxwarp[0] sel: stride 1, arrival 11.2 ms, dropped-late 79, withheld 0, decoded 431
09-10 06:05:04.307 27483 31340 I WiVRn   : [2026-09-10 06:05:04.307] [WiVRn] [info] nxwarp[0] rx: 82540 datagrams, placed 755968 (+174898), late 12916 (+7530), stale_frame 0, bad_range 0, bad_dir 0, bad_caps 0, bad_ver 0, auth_fail 0, replay 0, frozen 0, dup 57
09-10 06:05:04.619 27483 31302 I PxrMetric: FPS=90/90,MTP=28.94ms,AppSW=off,FrmEarly=0,FrmLate=0,FrmCpu=0.53ms,FrmGpu=4.37ms,FrmTime=12.44ms,ATWGPU=1.59ms,VsyncDelay=2,GPU=83%/587Mhz,GPUTemp=73.6C,LayerCnt=3,Pkg=org.meumeu.wivrn.nx.warp,FrmId=789
09-10 06:05:04.744 27483 31346 I WiVRn   : [2026-09-10 06:05:04.744] [WiVRn] [info] Tracking pattern (11110µs):
09-10 06:05:04.744 27483 31346 I WiVRn   : [2026-09-10 06:05:04.744] [WiVRn] [info] 	t+4848µs HEAD (6261µs)
09-10 06:05:04.744 27483 31346 I WiVRn   : [2026-09-10 06:05:04.744] [WiVRn] [info] 	t+4887µs LEFT_GRIP (6222µs)
09-10 06:05:04.744 27483 31346 I WiVRn   : [2026-09-10 06:05:04.744] [WiVRn] [info] 	t+4893µs RIGHT_GRIP (6216µs)
09-10 06:05:04.744 27483 31346 I WiVRn   : [2026-09-10 06:05:04.744] [WiVRn] [info] 	t+7848µs HEAD (3261µs)
09-10 06:05:04.744 27483 31346 I WiVRn   : [2026-09-10 06:05:04.744] [WiVRn] [info] 	t+7887µs LEFT_GRIP (3222µs)
09-10 06:05:04.744 27483 31346 I WiVRn   : [2026-09-10 06:05:04.744] [WiVRn] [info] 	t+7893µs RIGHT_GRIP (3216µs)
09-10 06:05:05.057 27483 31344 I WiVRn   : [2026-09-10 06:05:05.056] [WiVRn] [info] nxwarp[0]: 180 frames in 2.0 s: 132791 B/frame, wait-prev 0.0 ms, wall 8.0 ms, nxvc passA 1.7 passB 2.5 gpu 4.2 ms; holes 0, refused 0
09-10 06:05:05.057 27483 31344 I WiVRn   : [2026-09-10 06:05:05.057] [WiVRn] [info] nxwarp[0] gpu duty 379 ms/s (38% of one GPU) for decode alone; the display pass is extra
09-10 06:05:05.057 27483 31344 I WiVRn   : [2026-09-10 06:05:05.057] [WiVRn] [info] nxwarp[0] passB 2.5 ms = warp 0.0 + skip 0.0 + coded 0.0 + dir 0.0 + other 2.5; tiles skip 0 / coded 2312 / dir 0 (eye pass 0)
09-10 06:05:05.057 27483 31344 I WiVRn   : [2026-09-10 06:05:05.057] [WiVRn] [info] nxwarp[0]: 79 frames dropped late (queue kept to 1)
09-10 06:05:05.057 27483 31344 I WiVRn   : [2026-09-10 06:05:05.057] [WiVRn] [info] nxwarp[0] stage: gap 3.1 | wait-prev 0.0 | submit 1.0 (qlock 0.0 + codec 1.0) | get_free 0.0 | fence-pre 0.0 | record 0.0 | qsubmit 0.0 | fence-post 6.9 | publish 0.0 ms; withheld 0, stride 1, arrival 11.0 ms
09-10 06:05:05.057 27483 31344 I WiVRn   : [2026-09-10 06:05:05.057] [WiVRn] [info] nxwarp[0] reassembly (network thread): 0.08 ms/frame over 180 frames, buffer 130 kB held for 130 kB of unit (1.0x)
09-10 06:05:05.057 27483 31344 I WiVRn   : [2026-09-10 06:05:05.057] [WiVRn] [info] nxwarp[0] fence-post 6.9 ms = nxvc gpu 4.2 + copy gpu 0.00 + queue 2.7 (over 180 frames with timestamps)
09-10 06:05:05.104 27483 31306 I WiVRn   : [2026-09-10 06:05:05.104] [WiVRn] [info] render: 180 iterations in 2.0 s (90.0/s), 180 submitted a layer, 180 new-source, 0 skipped by the repeat gate, 0 with nothing to show; display period 11.1 ms
09-10 06:05:05.104 27483 31306 I WiVRn   : [2026-09-10 06:05:05.104] [WiVRn] [info] render: ready wait attempts 0 success 0 total 0.000 ms | selected older than available 0
09-10 06:05:05.104 27483 31306 I WiVRn   : [2026-09-10 06:05:05.104] [WiVRn] [info] render: selected source transitions forward 180 backward 0 repeat 0, greatest forward gap 1
09-10 06:05:05.104 27483 31306 I WiVRn   : [2026-09-10 06:05:05.104] [WiVRn] [info] render: this app's own GPU pass 4.1 ms per iteration
09-10 06:05:05.104 27483 31306 I WiVRn   : [2026-09-10 06:05:05.104] [WiVRn] [info] render: defoveate 2160x2160 per eye x2 = 9.33 Mpx/frame at scale 1.00 atlas-prototype 0; 0 re-presented from the cache (reduce_gpu_load on)
09-10 06:05:05.104 27483 31306 I WiVRn   : [2026-09-10 06:05:05.104] [WiVRn] [info] render: shader path sharpness 0.00 fsr false alpha false motion false blend false glow 0.00 vignette 0.00 deband 0.00 lowpoly 0.00 levels 0 full-kernel false
09-10 06:05:05.104 27483 31306 I WiVRn   : [2026-09-10 06:05:05.104] [WiVRn] [info] render: per iteration fence 0.0 (worst 0.0) | queries 0.0 | submit 0.0 | whole render() 0.7 ms
09-10 06:05:05.104 27483 31306 I WiVRn   : [2026-09-10 06:05:05.104] [WiVRn] [info] render: jit on | wake slack 37.1 ms | slept 7.5 ms mean (max 7.5, 180 of 180 iterations) | budget 19.7 = pass 18.7 + margin 1.0 | sleep cap 7.5 ms
09-10 06:05:05.104 27483 31306 I WiVRn   : [2026-09-10 06:05:05.104] [WiVRn] [info] render: source display-time offset 49.1 ms mean (worst 49.2) over 180 frames | submit lead 28.9 ms mean (worst 28.3) | misses: 0 overrun 0 late 0 skipped refresh
09-10 06:05:05.620 27483 31302 I PxrMetric: FPS=90/90,MTP=28.80ms,AppSW=off,FrmEarly=0,FrmLate=0,FrmCpu=0.53ms,FrmGpu=4.38ms,FrmTime=12.46ms,ATWGPU=1.60ms,VsyncDelay=2,GPU=82%/587Mhz,GPUTemp=74.4C,LayerCnt=3,Pkg=org.meumeu.wivrn.nx.warp,FrmId=879
09-10 06:05:05.744 27483 31346 I WiVRn   : [2026-09-10 06:05:05.744] [WiVRn] [info] Tracking pattern (11109µs):
09-10 06:05:05.744 27483 31346 I WiVRn   : [2026-09-10 06:05:05.744] [WiVRn] [info] 	t+4509µs HEAD (6599µs)
09-10 06:05:05.744 27483 31346 I WiVRn   : [2026-09-10 06:05:05.744] [WiVRn] [info] 	t+4556µs LEFT_GRIP (6553µs)
09-10 06:05:05.744 27483 31346 I WiVRn   : [2026-09-10 06:05:05.744] [WiVRn] [info] 	t+4563µs RIGHT_GRIP (6546µs)
09-10 06:05:05.744 27483 31346 I WiVRn   : [2026-09-10 06:05:05.744] [WiVRn] [info] 	t+7509µs HEAD (3599µs)
09-10 06:05:05.744 27483 31346 I WiVRn   : [2026-09-10 06:05:05.744] [WiVRn] [info] 	t+7556µs LEFT_GRIP (3553µs)
09-10 06:05:05.744 27483 31346 I WiVRn   : [2026-09-10 06:05:05.744] [WiVRn] [info] 	t+7563µs RIGHT_GRIP (3546µs)
09-10 06:05:06.309 27483 31340 I WiVRn   : [2026-09-10 06:05:06.309] [WiVRn] [info] nxwarp[0] net: 180 frames closed in 2.0 s, 0 with a hole, 0 out-of-order datagrams, 0 frames completed late, 0 queued for the worker, 611 decoded so far, 710 stragglers dropped; last hole 0/0 chunks, first missing -1, short false, chunk 1166 B
09-10 06:05:06.309 27483 31340 I WiVRn   : [2026-09-10 06:05:06.309] [WiVRn] [info] nxwarp[0] net: 0.027 ms per datagram over 30902 datagrams (422.79 ms of every second)
09-10 06:05:06.309 27483 31340 I WiVRn   : [2026-09-10 06:05:06.309] [WiVRn] [info] nxwarp[0] sel: stride 1, arrival 11.3 ms, dropped-late 79, withheld 0, decoded 611
09-10 06:05:06.309 27483 31340 I WiVRn   : [2026-09-10 06:05:06.309] [WiVRn] [info] nxwarp[0] rx: 113442 datagrams, placed 1154515 (+398547), late 14158 (+1242), stale_frame 0, bad_range 0, bad_dir 0, bad_caps 0, bad_ver 0, auth_fail 0, replay 0, frozen 0, dup 59
09-10 06:05:06.620 27483 31302 I PxrMetric: FPS=90/90,MTP=28.80ms,AppSW=off,FrmEarly=0,FrmLate=0,FrmCpu=0.56ms,FrmGpu=4.39ms,FrmTime=12.48ms,ATWGPU=1.63ms,VsyncDelay=2,GPU=83%/587Mhz,GPUTemp=74.4C,LayerCnt=3,Pkg=org.meumeu.wivrn.nx.warp,FrmId=969
09-10 06:05:06.744 27483 31346 I WiVRn   : [2026-09-10 06:05:06.744] [WiVRn] [info] Tracking pattern (11110µs):
09-10 06:05:06.744 27483 31346 I WiVRn   : [2026-09-10 06:05:06.744] [WiVRn] [info] 	t+4486µs HEAD (6624µs)
09-10 06:05:06.744 27483 31346 I WiVRn   : [2026-09-10 06:05:06.744] [WiVRn] [info] 	t+4593µs LEFT_GRIP (6517µs)
09-10 06:05:06.744 27483 31346 I WiVRn   : [2026-09-10 06:05:06.744] [WiVRn] [info] 	t+4599µs RIGHT_GRIP (6511µs)
09-10 06:05:06.744 27483 31346 I WiVRn   : [2026-09-10 06:05:06.744] [WiVRn] [info] 	t+7486µs HEAD (3624µs)
09-10 06:05:06.744 27483 31346 I WiVRn   : [2026-09-10 06:05:06.744] [WiVRn] [info] 	t+7593µs LEFT_GRIP (3517µs)
09-10 06:05:06.744 27483 31346 I WiVRn   : [2026-09-10 06:05:06.744] [WiVRn] [info] 	t+7599µs RIGHT_GRIP (3511µs)
09-10 06:05:07.057 27483 31344 I WiVRn   : [2026-09-10 06:05:07.057] [WiVRn] [info] nxwarp[0]: 180 frames in 2.0 s: 129538 B/frame, wait-prev 0.0 ms, wall 7.7 ms, nxvc passA 1.6 passB 2.6 gpu 4.2 ms; holes 0, refused 0
09-10 06:05:07.057 27483 31344 I WiVRn   : [2026-09-10 06:05:07.057] [WiVRn] [info] nxwarp[0] gpu duty 375 ms/s (38% of one GPU) for decode alone; the display pass is extra
09-10 06:05:07.057 27483 31344 I WiVRn   : [2026-09-10 06:05:07.057] [WiVRn] [info] nxwarp[0] passB 2.6 ms = warp 0.0 + skip 0.0 + coded 0.0 + dir 0.0 + other 2.6; tiles skip 0 / coded 2312 / dir 0 (eye pass 0)
09-10 06:05:07.057 27483 31344 I WiVRn   : [2026-09-10 06:05:07.057] [WiVRn] [info] nxwarp[0]: 79 frames dropped late (queue kept to 1)
09-10 06:05:07.057 27483 31344 I WiVRn   : [2026-09-10 06:05:07.057] [WiVRn] [info] nxwarp[0] stage: gap 3.4 | wait-prev 0.0 | submit 1.1 (qlock 0.0 + codec 1.0) | get_free 0.0 | fence-pre 0.0 | record 0.0 | qsubmit 0.0 | fence-post 6.6 | publish 0.0 ms; withheld 0, stride 1, arrival 11.4 ms
09-10 06:05:07.057 27483 31344 I WiVRn   : [2026-09-10 06:05:07.057] [WiVRn] [info] nxwarp[0] reassembly (network thread): 0.10 ms/frame over 180 frames, buffer 127 kB held for 127 kB of unit (1.0x)
09-10 06:05:07.057 27483 31344 I WiVRn   : [2026-09-10 06:05:07.057] [WiVRn] [info] nxwarp[0] fence-post 6.6 ms = nxvc gpu 4.2 + copy gpu 0.00 + queue 2.4 (over 180 frames with timestamps)
09-10 06:05:07.104 27483 31306 I WiVRn   : [2026-09-10 06:05:07.104] [WiVRn] [info] render: 180 iterations in 2.0 s (90.0/s), 180 submitted a layer, 180 new-source, 0 skipped by the repeat gate, 0 with nothing to show; display period 11.1 ms
09-10 06:05:07.104 27483 31306 I WiVRn   : [2026-09-10 06:05:07.104] [WiVRn] [info] render: ready wait attempts 1 success 1 total 0.879 ms | selected older than available 0
09-10 06:05:07.104 27483 31306 I WiVRn   : [2026-09-10 06:05:07.104] [WiVRn] [info] render: selected source transitions forward 180 backward 0 repeat 0, greatest forward gap 1
09-10 06:05:07.104 27483 31306 I WiVRn   : [2026-09-10 06:05:07.104] [WiVRn] [info] render: this app's own GPU pass 4.1 ms per iteration
09-10 06:05:07.104 27483 31306 I WiVRn   : [2026-09-10 06:05:07.104] [WiVRn] [info] render: defoveate 2160x2160 per eye x2 = 9.33 Mpx/frame at scale 1.00 atlas-prototype 0; 0 re-presented from the cache (reduce_gpu_load on)
09-10 06:05:07.104 27483 31306 I WiVRn   : [2026-09-10 06:05:07.104] [WiVRn] [info] render: shader path sharpness 0.00 fsr false alpha false motion false blend false glow 0.00 vignette 0.00 deband 0.00 lowpoly 0.00 levels 0 full-kernel false
09-10 06:05:07.104 27483 31306 I WiVRn   : [2026-09-10 06:05:07.104] [WiVRn] [info] render: per iteration fence 0.0 (worst 0.0) | queries 0.0 | submit 0.0 | whole render() 0.7 ms
09-10 06:05:07.104 27483 31306 I WiVRn   : [2026-09-10 06:05:07.104] [WiVRn] [info] render: jit on | wake slack 36.9 ms | slept 7.5 ms mean (max 7.5, 180 of 180 iterations) | budget 17.9 = pass 16.9 + margin 1.0 | sleep cap 7.5 ms
09-10 06:05:07.104 27483 31306 I WiVRn   : [2026-09-10 06:05:07.104] [WiVRn] [info] render: source display-time offset 49.3 ms mean (worst 49.4) over 180 frames | submit lead 28.7 ms mean (worst 28.1) | misses: 0 overrun 0 late 0 skipped refresh
09-10 06:05:07.620 27483 31302 I PxrMetric: FPS=90/90,MTP=28.66ms,AppSW=off,FrmEarly=0,FrmLate=0,FrmCpu=0.54ms,FrmGpu=4.41ms,FrmTime=12.49ms,ATWGPU=1.60ms,VsyncDelay=2,GPU=80%/587Mhz,GPUTemp=75.2C,LayerCnt=3,Pkg=org.meumeu.wivrn.nx.warp,FrmId=1059
09-10 06:05:07.755 27483 31346 I WiVRn   : [2026-09-10 06:05:07.755] [WiVRn] [info] Tracking pattern (11110µs):
09-10 06:05:07.755 27483 31346 I WiVRn   : [2026-09-10 06:05:07.755] [WiVRn] [info] 	t+4361µs HEAD (6748µs)
09-10 06:05:07.755 27483 31346 I WiVRn   : [2026-09-10 06:05:07.755] [WiVRn] [info] 	t+4431µs LEFT_GRIP (6679µs)
09-10 06:05:07.755 27483 31346 I WiVRn   : [2026-09-10 06:05:07.755] [WiVRn] [info] 	t+4438µs RIGHT_GRIP (6671µs)
09-10 06:05:07.755 27483 31346 I WiVRn   : [2026-09-10 06:05:07.755] [WiVRn] [info] 	t+7361µs HEAD (3748µs)
09-10 06:05:07.755 27483 31346 I WiVRn   : [2026-09-10 06:05:07.755] [WiVRn] [info] 	t+7431µs LEFT_GRIP (3679µs)
09-10 06:05:07.755 27483 31346 I WiVRn   : [2026-09-10 06:05:07.755] [WiVRn] [info] 	t+7438µs RIGHT_GRIP (3671µs)
09-10 06:05:08.316 27483 31340 I WiVRn   : [2026-09-10 06:05:08.316] [WiVRn] [info] nxwarp[0] net: 181 frames closed in 2.0 s, 0 with a hole, 0 out-of-order datagrams, 0 frames completed late, 0 queued for the worker, 792 decoded so far, 891 stragglers dropped; last hole 0/0 chunks, first missing -1, short false, chunk 1166 B
09-10 06:05:08.316 27483 31340 I WiVRn   : [2026-09-10 06:05:08.316] [WiVRn] [info] nxwarp[0] net: 0.027 ms per datagram over 31274 datagrams (424.17 ms of every second)
09-10 06:05:08.316 27483 31340 I WiVRn   : [2026-09-10 06:05:08.316] [WiVRn] [info] nxwarp[0] sel: stride 1, arrival 11.3 ms, dropped-late 79, withheld 0, decoded 792
09-10 06:05:08.316 27483 31340 I WiVRn   : [2026-09-10 06:05:08.316] [WiVRn] [info] nxwarp[0] rx: 144716 datagrams, placed 1559799 (+405284), late 15672 (+1514), stale_frame 0, bad_range 0, bad_dir 0, bad_caps 0, bad_ver 0, auth_fail 0, replay 0, frozen 0, dup 62
09-10 06:05:08.631 27483 31302 I PxrMetric: FPS=90/90,MTP=28.89ms,AppSW=off,FrmEarly=0,FrmLate=0,FrmCpu=0.55ms,FrmGpu=4.65ms,FrmTime=12.75ms,ATWGPU=1.60ms,VsyncDelay=2,GPU=81%/587Mhz,GPUTemp=74.8C,LayerCnt=3,Pkg=org.meumeu.wivrn.nx.warp,FrmId=1150
09-10 06:05:08.744 27483 31346 I WiVRn   : [2026-09-10 06:05:08.744] [WiVRn] [info] Tracking pattern (11110µs):
09-10 06:05:08.744 27483 31346 I WiVRn   : [2026-09-10 06:05:08.744] [WiVRn] [info] 	t+4522µs HEAD (6587µs)
09-10 06:05:08.744 27483 31346 I WiVRn   : [2026-09-10 06:05:08.744] [WiVRn] [info] 	t+4609µs LEFT_GRIP (6501µs)
09-10 06:05:08.744 27483 31346 I WiVRn   : [2026-09-10 06:05:08.744] [WiVRn] [info] 	t+4629µs RIGHT_GRIP (6480µs)
09-10 06:05:08.744 27483 31346 I WiVRn   : [2026-09-10 06:05:08.744] [WiVRn] [info] 	t+7522µs HEAD (3587µs)
09-10 06:05:08.744 27483 31346 I WiVRn   : [2026-09-10 06:05:08.744] [WiVRn] [info] 	t+7609µs LEFT_GRIP (3501µs)
09-10 06:05:08.744 27483 31346 I WiVRn   : [2026-09-10 06:05:08.744] [WiVRn] [info] 	t+7629µs RIGHT_GRIP (3480µs)
09-10 06:05:09.068 27483 31344 I WiVRn   : [2026-09-10 06:05:09.068] [WiVRn] [info] nxwarp[0]: 181 frames in 2.0 s: 128484 B/frame, wait-prev 0.0 ms, wall 7.8 ms, nxvc passA 1.5 passB 2.6 gpu 4.1 ms; holes 0, refused 0
09-10 06:05:09.068 27483 31344 I WiVRn   : [2026-09-10 06:05:09.068] [WiVRn] [info] nxwarp[0] gpu duty 371 ms/s (37% of one GPU) for decode alone; the display pass is extra
09-10 06:05:09.068 27483 31344 I WiVRn   : [2026-09-10 06:05:09.068] [WiVRn] [info] nxwarp[0] passB 2.6 ms = warp 0.0 + skip 0.0 + coded 0.0 + dir 0.0 + other 2.6; tiles skip 0 / coded 2312 / dir 0 (eye pass 0)
09-10 06:05:09.068 27483 31344 I WiVRn   : [2026-09-10 06:05:09.068] [WiVRn] [info] nxwarp[0]: 79 frames dropped late (queue kept to 1)
09-10 06:05:09.068 27483 31344 I WiVRn   : [2026-09-10 06:05:09.068] [WiVRn] [info] nxwarp[0] stage: gap 3.3 | wait-prev 0.0 | submit 1.0 (qlock 0.0 + codec 1.0) | get_free 0.0 | fence-pre 0.0 | record 0.0 | qsubmit 0.0 | fence-post 6.7 | publish 0.0 ms; withheld 0, stride 1, arrival 11.0 ms
09-10 06:05:09.068 27483 31344 I WiVRn   : [2026-09-10 06:05:09.068] [WiVRn] [info] nxwarp[0] reassembly (network thread): 0.10 ms/frame over 181 frames, buffer 125 kB held for 125 kB of unit (1.0x)
09-10 06:05:09.068 27483 31344 I WiVRn   : [2026-09-10 06:05:09.068] [WiVRn] [info] nxwarp[0] fence-post 6.7 ms = nxvc gpu 4.1 + copy gpu 0.00 + queue 2.6 (over 181 frames with timestamps)
09-10 06:05:09.104 27483 31306 I WiVRn   : [2026-09-10 06:05:09.104] [WiVRn] [info] render: 180 iterations in 2.0 s (90.0/s), 180 submitted a layer, 179 new-source, 0 skipped by the repeat gate, 0 with nothing to show; display period 11.1 ms
09-10 06:05:09.104 27483 31306 I WiVRn   : [2026-09-10 06:05:09.104] [WiVRn] [info] render: ready wait attempts 2 success 1 total 1.397 ms | selected older than available 0
09-10 06:05:09.104 27483 31306 I WiVRn   : [2026-09-10 06:05:09.104] [WiVRn] [info] render: selected source transitions forward 179 backward 0 repeat 1, greatest forward gap 2
09-10 06:05:09.104 27483 31306 I WiVRn   : [2026-09-10 06:05:09.104] [WiVRn] [info] render: this app's own GPU pass 4.1 ms per iteration
09-10 06:05:09.104 27483 31306 I WiVRn   : [2026-09-10 06:05:09.104] [WiVRn] [info] render: defoveate 2160x2160 per eye x2 = 9.33 Mpx/frame at scale 1.00 atlas-prototype 0; 1 re-presented from the cache (reduce_gpu_load on)
09-10 06:05:09.104 27483 31306 I WiVRn   : [2026-09-10 06:05:09.104] [WiVRn] [info] render: shader path sharpness 0.00 fsr false alpha false motion false blend false glow 0.00 vignette 0.00 deband 0.00 lowpoly 0.00 levels 0 full-kernel false
09-10 06:05:09.104 27483 31306 I WiVRn   : [2026-09-10 06:05:09.104] [WiVRn] [info] render: per iteration fence 0.0 (worst 0.0) | queries 0.0 | submit 0.0 | whole render() 0.7 ms
09-10 06:05:09.104 27483 31306 I WiVRn   : [2026-09-10 06:05:09.104] [WiVRn] [info] render: jit on | wake slack 36.8 ms | slept 7.5 ms mean (max 7.5, 180 of 180 iterations) | budget 16.1 = pass 15.1 + margin 1.0 | sleep cap 7.5 ms
09-10 06:05:09.104 27483 31306 I WiVRn   : [2026-09-10 06:05:09.104] [WiVRn] [info] render: source display-time offset 49.4 ms mean (worst 60.5) over 180 frames | submit lead 28.6 ms mean (worst 28.0) | misses: 0 overrun 0 late 0 skipped refresh
09-10 06:05:09.631 27483 31302 I PxrMetric: FPS=90/90,MTP=28.90ms,AppSW=off,FrmEarly=0,FrmLate=0,FrmCpu=0.55ms,FrmGpu=4.79ms,FrmTime=12.88ms,ATWGPU=1.60ms,VsyncDelay=2,GPU=80%/587Mhz,GPUTemp=74.0C,LayerCnt=3,Pkg=org.meumeu.wivrn.nx.warp,FrmId=1240
09-10 06:05:09.744 27483 31346 I WiVRn   : [2026-09-10 06:05:09.744] [WiVRn] [info] Tracking pattern (11112µs):
09-10 06:05:09.744 27483 31346 I WiVRn   : [2026-09-10 06:05:09.744] [WiVRn] [info] 	t+4339µs HEAD (6772µs)
09-10 06:05:09.744 27483 31346 I WiVRn   : [2026-09-10 06:05:09.744] [WiVRn] [info] 	t+4383µs LEFT_GRIP (6728µs)
09-10 06:05:09.744 27483 31346 I WiVRn   : [2026-09-10 06:05:09.744] [WiVRn] [info] 	t+4390µs RIGHT_GRIP (6721µs)
09-10 06:05:09.744 27483 31346 I WiVRn   : [2026-09-10 06:05:09.744] [WiVRn] [info] 	t+7339µs HEAD (3772µs)
09-10 06:05:09.744 27483 31346 I WiVRn   : [2026-09-10 06:05:09.744] [WiVRn] [info] 	t+7383µs LEFT_GRIP (3728µs)
09-10 06:05:09.744 27483 31346 I WiVRn   : [2026-09-10 06:05:09.744] [WiVRn] [info] 	t+7390µs RIGHT_GRIP (3721µs)
09-10 06:05:10.326 27483 31340 I WiVRn   : [2026-09-10 06:05:10.326] [WiVRn] [info] nxwarp[0] net: 181 frames closed in 2.0 s, 0 with a hole, 0 out-of-order datagrams, 0 frames completed late, 0 queued for the worker, 973 decoded so far, 1072 stragglers dropped; last hole 0/0 chunks, first missing -1, short false, chunk 1166 B
09-10 06:05:10.326 27483 31340 I WiVRn   : [2026-09-10 06:05:10.326] [WiVRn] [info] nxwarp[0] net: 0.028 ms per datagram over 31058 datagrams (427.45 ms of every second)
09-10 06:05:10.326 27483 31340 I WiVRn   : [2026-09-10 06:05:10.326] [WiVRn] [info] nxwarp[0] sel: stride 1, arrival 11.0 ms, dropped-late 79, withheld 0, decoded 973
09-10 06:05:10.326 27483 31340 I WiVRn   : [2026-09-10 06:05:10.326] [WiVRn] [info] nxwarp[0] rx: 175774 datagrams, placed 1978271 (+418472), late 15960 (+288), stale_frame 0, bad_range 0, bad_dir 0, bad_caps 0, bad_ver 0, auth_fail 0, replay 0, frozen 0, dup 62
09-10 06:05:10.631 27483 31302 I PxrMetric: FPS=90/90,MTP=28.40ms,AppSW=off,FrmEarly=0,FrmLate=0,FrmCpu=0.58ms,FrmGpu=4.42ms,FrmTime=12.54ms,ATWGPU=1.60ms,VsyncDelay=2,GPU=80%/587Mhz,GPUTemp=76.8C,LayerCnt=3,Pkg=org.meumeu.wivrn.nx.warp,FrmId=1330
09-10 06:05:10.744 27483 31346 I WiVRn   : [2026-09-10 06:05:10.744] [WiVRn] [info] Tracking pattern (11109µs):
09-10 06:05:10.744 27483 31346 I WiVRn   : [2026-09-10 06:05:10.744] [WiVRn] [info] 	t+4246µs HEAD (6862µs)
09-10 06:05:10.744 27483 31346 I WiVRn   : [2026-09-10 06:05:10.744] [WiVRn] [info] 	t+4284µs LEFT_GRIP (6824µs)
09-10 06:05:10.744 27483 31346 I WiVRn   : [2026-09-10 06:05:10.744] [WiVRn] [info] 	t+4289µs RIGHT_GRIP (6819µs)
09-10 06:05:10.744 27483 31346 I WiVRn   : [2026-09-10 06:05:10.744] [WiVRn] [info] 	t+7246µs HEAD (3862µs)
09-10 06:05:10.744 27483 31346 I WiVRn   : [2026-09-10 06:05:10.744] [WiVRn] [info] 	t+7284µs LEFT_GRIP (3824µs)
09-10 06:05:10.744 27483 31346 I WiVRn   : [2026-09-10 06:05:10.744] [WiVRn] [info] 	t+7289µs RIGHT_GRIP (3819µs)
09-10 06:05:11.068 27483 31344 I WiVRn   : [2026-09-10 06:05:11.068] [WiVRn] [info] nxwarp[0]: 180 frames in 2.0 s: 129315 B/frame, wait-prev 0.0 ms, wall 8.0 ms, nxvc passA 1.5 passB 2.6 gpu 4.1 ms; holes 0, refused 0
09-10 06:05:11.068 27483 31344 I WiVRn   : [2026-09-10 06:05:11.068] [WiVRn] [info] nxwarp[0] gpu duty 372 ms/s (37% of one GPU) for decode alone; the display pass is extra
09-10 06:05:11.068 27483 31344 I WiVRn   : [2026-09-10 06:05:11.068] [WiVRn] [info] nxwarp[0] passB 2.6 ms = warp 0.0 + skip 0.0 + coded 0.0 + dir 0.0 + other 2.6; tiles skip 0 / coded 2312 / dir 0 (eye pass 0)
09-10 06:05:11.068 27483 31344 I WiVRn   : [2026-09-10 06:05:11.068] [WiVRn] [info] nxwarp[0]: 79 frames dropped late (queue kept to 1)
09-10 06:05:11.068 27483 31344 I WiVRn   : [2026-09-10 06:05:11.068] [WiVRn] [info] nxwarp[0] stage: gap 3.1 | wait-prev 0.0 | submit 1.0 (qlock 0.0 + codec 1.0) | get_free 0.0 | fence-pre 0.0 | record 0.0 | qsubmit 0.0 | fence-post 6.9 | publish 0.0 ms; withheld 0, stride 1, arrival 10.9 ms
09-10 06:05:11.068 27483 31344 I WiVRn   : [2026-09-10 06:05:11.068] [WiVRn] [info] nxwarp[0] reassembly (network thread): 0.10 ms/frame over 180 frames, buffer 126 kB held for 126 kB of unit (1.0x)
09-10 06:05:11.068 27483 31344 I WiVRn   : [2026-09-10 06:05:11.068] [WiVRn] [info] nxwarp[0] fence-post 6.9 ms = nxvc gpu 4.1 + copy gpu 0.00 + queue 2.8 (over 180 frames with timestamps)
09-10 06:05:11.105 27483 31306 I WiVRn   : [2026-09-10 06:05:11.105] [WiVRn] [info] render: 180 iterations in 2.0 s (90.0/s), 180 submitted a layer, 180 new-source, 0 skipped by the repeat gate, 0 with nothing to show; display period 11.1 ms
09-10 06:05:11.105 27483 31306 I WiVRn   : [2026-09-10 06:05:11.105] [WiVRn] [info] render: ready wait attempts 0 success 0 total 0.000 ms | selected older than available 0
09-10 06:05:11.105 27483 31306 I WiVRn   : [2026-09-10 06:05:11.105] [WiVRn] [info] render: selected source transitions forward 180 backward 0 repeat 0, greatest forward gap 1
09-10 06:05:11.105 27483 31306 I WiVRn   : [2026-09-10 06:05:11.105] [WiVRn] [info] render: this app's own GPU pass 4.2 ms per iteration
09-10 06:05:11.105 27483 31306 I WiVRn   : [2026-09-10 06:05:11.105] [WiVRn] [info] render: defoveate 2160x2160 per eye x2 = 9.33 Mpx/frame at scale 1.00 atlas-prototype 0; 0 re-presented from the cache (reduce_gpu_load on)
09-10 06:05:11.105 27483 31306 I WiVRn   : [2026-09-10 06:05:11.105] [WiVRn] [info] render: shader path sharpness 0.00 fsr false alpha false motion false blend false glow 0.00 vignette 0.00 deband 0.00 lowpoly 0.00 levels 0 full-kernel false
09-10 06:05:11.105 27483 31306 I WiVRn   : [2026-09-10 06:05:11.105] [WiVRn] [info] render: per iteration fence 0.0 (worst 0.0) | queries 0.0 | submit 0.0 | whole render() 0.7 ms
09-10 06:05:11.105 27483 31306 I WiVRn   : [2026-09-10 06:05:11.105] [WiVRn] [info] render: jit on | wake slack 36.6 ms | slept 7.5 ms mean (max 7.5, 180 of 180 iterations) | budget 14.3 = pass 13.3 + margin 1.0 | sleep cap 7.5 ms
09-10 06:05:11.105 27483 31306 I WiVRn   : [2026-09-10 06:05:11.105] [WiVRn] [info] render: source display-time offset 49.2 ms mean (worst 49.4) over 180 frames | submit lead 28.4 ms mean (worst 28.0) | misses: 0 overrun 0 late 0 skipped refresh
09-10 06:05:11.642 27483 31302 I PxrMetric: FPS=90/90,MTP=28.68ms,AppSW=off,FrmEarly=0,FrmLate=0,FrmCpu=0.55ms,FrmGpu=4.49ms,FrmTime=12.57ms,ATWGPU=1.59ms,VsyncDelay=2,GPU=82%/587Mhz,GPUTemp=74.8C,LayerCnt=3,Pkg=org.meumeu.wivrn.nx.warp,FrmId=1421
09-10 06:05:11.744 27483 31346 I WiVRn   : [2026-09-10 06:05:11.744] [WiVRn] [info] Tracking pattern (11112µs):
09-10 06:05:11.744 27483 31346 I WiVRn   : [2026-09-10 06:05:11.744] [WiVRn] [info] 	t+4002µs HEAD (7110µs)
09-10 06:05:11.744 27483 31346 I WiVRn   : [2026-09-10 06:05:11.744] [WiVRn] [info] 	t+4096µs LEFT_GRIP (7016µs)
09-10 06:05:11.744 27483 31346 I WiVRn   : [2026-09-10 06:05:11.744] [WiVRn] [info] 	t+4108µs RIGHT_GRIP (7004µs)
09-10 06:05:11.744 27483 31346 I WiVRn   : [2026-09-10 06:05:11.744] [WiVRn] [info] 	t+7002µs HEAD (4110µs)
09-10 06:05:11.744 27483 31346 I WiVRn   : [2026-09-10 06:05:11.744] [WiVRn] [info] 	t+7096µs LEFT_GRIP (4016µs)
09-10 06:05:11.744 27483 31346 I WiVRn   : [2026-09-10 06:05:11.744] [WiVRn] [info] 	t+7108µs RIGHT_GRIP (4004µs)
09-10 06:05:12.338 27483 31340 I WiVRn   : [2026-09-10 06:05:12.338] [WiVRn] [info] nxwarp[0] net: 181 frames closed in 2.0 s, 0 with a hole, 0 out-of-order datagrams, 0 frames completed late, 0 queued for the worker, 1154 decoded so far, 1253 stragglers dropped; last hole 0/0 chunks, first missing -1, short false, chunk 1166 B
09-10 06:05:12.338 27483 31340 I WiVRn   : [2026-09-10 06:05:12.338] [WiVRn] [info] nxwarp[0] net: 0.028 ms per datagram over 31089 datagrams (427.00 ms of every second)
09-10 06:05:12.338 27483 31340 I WiVRn   : [2026-09-10 06:05:12.338] [WiVRn] [info] nxwarp[0] sel: stride 1, arrival 10.9 ms, dropped-late 79, withheld 0, decoded 1154
09-10 06:05:12.338 27483 31340 I WiVRn   : [2026-09-10 06:05:12.338] [WiVRn] [info] nxwarp[0] rx: 206863 datagrams, placed 2396743 (+418472), late 16296 (+336), stale_frame 0, bad_range 0, bad_dir 0, bad_caps 0, bad_ver 0, auth_fail 0, replay 0, frozen 0, dup 62
09-10 06:05:12.642 27483 31302 I PxrMetric: FPS=90/90,MTP=28.32ms,AppSW=off,FrmEarly=0,FrmLate=0,FrmCpu=0.56ms,FrmGpu=4.86ms,FrmTime=12.96ms,ATWGPU=1.59ms,VsyncDelay=2,GPU=83%/587Mhz,GPUTemp=74.8C,LayerCnt=3,Pkg=org.meumeu.wivrn.nx.warp,FrmId=1511
09-10 06:05:12.755 27483 31346 I WiVRn   : [2026-09-10 06:05:12.755] [WiVRn] [info] Tracking pattern (11110µs):
09-10 06:05:12.755 27483 31346 I WiVRn   : [2026-09-10 06:05:12.755] [WiVRn] [info] 	t+4019µs HEAD (7091µs)
09-10 06:05:12.755 27483 31346 I WiVRn   : [2026-09-10 06:05:12.755] [WiVRn] [info] 	t+4090µs LEFT_GRIP (7020µs)
09-10 06:05:12.755 27483 31346 I WiVRn   : [2026-09-10 06:05:12.755] [WiVRn] [info] 	t+4096µs RIGHT_GRIP (7014µs)
09-10 06:05:12.755 27483 31346 I WiVRn   : [2026-09-10 06:05:12.755] [WiVRn] [info] 	t+7019µs HEAD (4091µs)
09-10 06:05:12.755 27483 31346 I WiVRn   : [2026-09-10 06:05:12.755] [WiVRn] [info] 	t+7090µs LEFT_GRIP (4020µs)
09-10 06:05:12.755 27483 31346 I WiVRn   : [2026-09-10 06:05:12.755] [WiVRn] [info] 	t+7096µs RIGHT_GRIP (4014µs)
09-10 06:05:13.069 27483 31344 I WiVRn   : [2026-09-10 06:05:13.068] [WiVRn] [info] nxwarp[0]: 180 frames in 2.0 s: 125734 B/frame, wait-prev 0.0 ms, wall 8.0 ms, nxvc passA 1.5 passB 2.6 gpu 4.1 ms; holes 0, refused 0
09-10 06:05:13.069 27483 31344 I WiVRn   : [2026-09-10 06:05:13.069] [WiVRn] [info] nxwarp[0] gpu duty 369 ms/s (37% of one GPU) for decode alone; the display pass is extra
09-10 06:05:13.069 27483 31344 I WiVRn   : [2026-09-10 06:05:13.069] [WiVRn] [info] nxwarp[0] passB 2.6 ms = warp 0.0 + skip 0.0 + coded 0.0 + dir 0.0 + other 2.6; tiles skip 0 / coded 2312 / dir 0 (eye pass 0)
09-10 06:05:13.069 27483 31344 I WiVRn   : [2026-09-10 06:05:13.069] [WiVRn] [info] nxwarp[0]: 79 frames dropped late (queue kept to 1)
09-10 06:05:13.069 27483 31344 I WiVRn   : [2026-09-10 06:05:13.069] [WiVRn] [info] nxwarp[0] stage: gap 3.1 | wait-prev 0.0 | submit 1.1 (qlock 0.0 + codec 1.1) | get_free 0.0 | fence-pre 0.0 | record 0.0 | qsubmit 0.0 | fence-post 6.9 | publish 0.0 ms; withheld 0, stride 1, arrival 11.0 ms
09-10 06:05:13.069 27483 31344 I WiVRn   : [2026-09-10 06:05:13.069] [WiVRn] [info] nxwarp[0] reassembly (network thread): 0.10 ms/frame over 180 frames, buffer 123 kB held for 123 kB of unit (1.0x)
09-10 06:05:13.069 27483 31344 I WiVRn   : [2026-09-10 06:05:13.069] [WiVRn] [info] nxwarp[0] fence-post 6.9 ms = nxvc gpu 4.1 + copy gpu 0.00 + queue 2.8 (over 180 frames with timestamps)
09-10 06:05:13.116 27483 31306 I WiVRn   : [2026-09-10 06:05:13.116] [WiVRn] [info] render: 181 iterations in 2.0 s (90.0/s), 181 submitted a layer, 181 new-source, 0 skipped by the repeat gate, 0 with nothing to show; display period 11.1 ms
09-10 06:05:13.116 27483 31306 I WiVRn   : [2026-09-10 06:05:13.116] [WiVRn] [info] render: ready wait attempts 1 success 1 total 0.490 ms | selected older than available 0
09-10 06:05:13.116 27483 31306 I WiVRn   : [2026-09-10 06:05:13.116] [WiVRn] [info] render: selected source transitions forward 181 backward 0 repeat 0, greatest forward gap 1
09-10 06:05:13.116 27483 31306 I WiVRn   : [2026-09-10 06:05:13.116] [WiVRn] [info] render: this app's own GPU pass 4.2 ms per iteration
09-10 06:05:13.116 27483 31306 I WiVRn   : [2026-09-10 06:05:13.116] [WiVRn] [info] render: defoveate 2160x2160 per eye x2 = 9.33 Mpx/frame at scale 1.00 atlas-prototype 0; 0 re-presented from the cache (reduce_gpu_load on)
09-10 06:05:13.116 27483 31306 I WiVRn   : [2026-09-10 06:05:13.116] [WiVRn] [info] render: shader path sharpness 0.00 fsr false alpha false motion false blend false glow 0.00 vignette 0.00 deband 0.00 lowpoly 0.00 levels 0 full-kernel false
09-10 06:05:13.116 27483 31306 I WiVRn   : [2026-09-10 06:05:13.116] [WiVRn] [info] render: per iteration fence 0.0 (worst 0.0) | queries 0.0 | submit 0.0 | whole render() 0.7 ms
09-10 06:05:13.116 27483 31306 I WiVRn   : [2026-09-10 06:05:13.116] [WiVRn] [info] render: jit on | wake slack 36.7 ms | slept 7.5 ms mean (max 7.5, 181 of 181 iterations) | budget 12.5 = pass 11.5 + margin 1.0 | sleep cap 7.5 ms
09-10 06:05:13.116 27483 31306 I WiVRn   : [2026-09-10 06:05:13.116] [WiVRn] [info] render: source display-time offset 49.0 ms mean (worst 49.1) over 181 frames | submit lead 28.5 ms mean (worst 27.9) | misses: 0 overrun 0 late 0 skipped refresh
09-10 06:05:13.657 27483 31302 I PxrMetric: FPS=90/90,MTP=28.57ms,AppSW=off,FrmEarly=0,FrmLate=0,FrmCpu=0.54ms,FrmGpu=5.12ms,FrmTime=13.20ms,ATWGPU=1.65ms,VsyncDelay=2,GPU=83%/587Mhz,GPUTemp=75.2C,LayerCnt=3,Pkg=org.meumeu.wivrn.nx.warp,FrmId=1602
09-10 06:05:13.744 27483 31346 I WiVRn   : [2026-09-10 06:05:13.744] [WiVRn] [info] Tracking pattern (11111µs):
09-10 06:05:13.744 27483 31346 I WiVRn   : [2026-09-10 06:05:13.744] [WiVRn] [info] 	t+3828µs HEAD (7282µs)
09-10 06:05:13.744 27483 31346 I WiVRn   : [2026-09-10 06:05:13.744] [WiVRn] [info] 	t+3924µs LEFT_GRIP (7187µs)
09-10 06:05:13.744 27483 31346 I WiVRn   : [2026-09-10 06:05:13.744] [WiVRn] [info] 	t+4275µs RIGHT_GRIP (6835µs)
09-10 06:05:13.744 27483 31346 I WiVRn   : [2026-09-10 06:05:13.744] [WiVRn] [info] 	t+6828µs HEAD (4282µs)
09-10 06:05:13.744 27483 31346 I WiVRn   : [2026-09-10 06:05:13.744] [WiVRn] [info] 	t+6924µs LEFT_GRIP (4187µs)
09-10 06:05:13.744 27483 31346 I WiVRn   : [2026-09-10 06:05:13.744] [WiVRn] [info] 	t+7275µs RIGHT_GRIP (3835µs)
09-10 06:05:14.348 27483 31340 I WiVRn   : [2026-09-10 06:05:14.348] [WiVRn] [info] nxwarp[0] net: 181 frames closed in 2.0 s, 0 with a hole, 0 out-of-order datagrams, 0 frames completed late, 0 queued for the worker, 1335 decoded so far, 1434 stragglers dropped; last hole 0/0 chunks, first missing -1, short false, chunk 1166 B
09-10 06:05:14.348 27483 31340 I WiVRn   : [2026-09-10 06:05:14.348] [WiVRn] [info] nxwarp[0] net: 0.029 ms per datagram over 28996 datagrams (422.07 ms of every second)
09-10 06:05:14.348 27483 31340 I WiVRn   : [2026-09-10 06:05:14.348] [WiVRn] [info] nxwarp[0] sel: stride 1, arrival 11.1 ms, dropped-late 79, withheld 0, decoded 1335
09-10 06:05:14.348 27483 31340 I WiVRn   : [2026-09-10 06:05:14.348] [WiVRn] [info] nxwarp[0] rx: 235859 datagrams, placed 2815215 (+418472), late 16420 (+124), stale_frame 0, bad_range 0, bad_dir 0, bad_caps 0, bad_ver 0, auth_fail 0, replay 0, frozen 0, dup 62
09-10 06:05:14.657 27483 31302 I PxrMetric: FPS=90/90,MTP=28.52ms,AppSW=off,FrmEarly=0,FrmLate=0,FrmCpu=0.54ms,FrmGpu=5.08ms,FrmTime=13.16ms,ATWGPU=1.63ms,VsyncDelay=2,GPU=85%/587Mhz,GPUTemp=73.6C,LayerCnt=3,Pkg=org.meumeu.wivrn.nx.warp,FrmId=1692
09-10 06:05:14.744 27483 31346 I WiVRn   : [2026-09-10 06:05:14.744] [WiVRn] [info] Tracking pattern (11112µs):
09-10 06:05:14.744 27483 31346 I WiVRn   : [2026-09-10 06:05:14.744] [WiVRn] [info] 	t+3738µs HEAD (7374µs)
09-10 06:05:14.744 27483 31346 I WiVRn   : [2026-09-10 06:05:14.744] [WiVRn] [info] 	t+3779µs LEFT_GRIP (7332µs)
09-10 06:05:14.744 27483 31346 I WiVRn   : [2026-09-10 06:05:14.744] [WiVRn] [info] 	t+3785µs RIGHT_GRIP (7327µs)
09-10 06:05:14.744 27483 31346 I WiVRn   : [2026-09-10 06:05:14.744] [WiVRn] [info] 	t+6738µs HEAD (4374µs)
09-10 06:05:14.744 27483 31346 I WiVRn   : [2026-09-10 06:05:14.744] [WiVRn] [info] 	t+6779µs LEFT_GRIP (4332µs)
09-10 06:05:14.744 27483 31346 I WiVRn   : [2026-09-10 06:05:14.744] [WiVRn] [info] 	t+6785µs RIGHT_GRIP (4327µs)
09-10 06:05:15.079 27483 31344 I WiVRn   : [2026-09-10 06:05:15.079] [WiVRn] [info] nxwarp[0]: 181 frames in 2.0 s: 121391 B/frame, wait-prev 0.0 ms, wall 8.1 ms, nxvc passA 1.3 passB 2.6 gpu 3.9 ms; holes 0, refused 0
09-10 06:05:15.079 27483 31344 I WiVRn   : [2026-09-10 06:05:15.079] [WiVRn] [info] nxwarp[0] gpu duty 354 ms/s (35% of one GPU) for decode alone; the display pass is extra
09-10 06:05:15.079 27483 31344 I WiVRn   : [2026-09-10 06:05:15.079] [WiVRn] [info] nxwarp[0] passB 2.6 ms = warp 0.0 + skip 0.0 + coded 0.0 + dir 0.0 + other 2.6; tiles skip 0 / coded 2312 / dir 0 (eye pass 0)
09-10 06:05:15.079 27483 31344 I WiVRn   : [2026-09-10 06:05:15.079] [WiVRn] [info] nxwarp[0]: 79 frames dropped late (queue kept to 1)
09-10 06:05:15.079 27483 31344 I WiVRn   : [2026-09-10 06:05:15.079] [WiVRn] [info] nxwarp[0] stage: gap 3.0 | wait-prev 0.0 | submit 1.1 (qlock 0.0 + codec 1.1) | get_free 0.0 | fence-pre 0.0 | record 0.0 | qsubmit 0.0 | fence-post 6.9 | publish 0.0 ms; withheld 0, stride 1, arrival 10.9 ms
09-10 06:05:15.079 27483 31344 I WiVRn   : [2026-09-10 06:05:15.079] [WiVRn] [info] nxwarp[0] reassembly (network thread): 0.09 ms/frame over 181 frames, buffer 119 kB held for 119 kB of unit (1.0x)
09-10 06:05:15.079 27483 31344 I WiVRn   : [2026-09-10 06:05:15.079] [WiVRn] [info] nxwarp[0] fence-post 7.0 ms = nxvc gpu 3.9 + copy gpu 0.00 + queue 3.0 (over 181 frames with timestamps)
09-10 06:05:15.126 27483 31306 I WiVRn   : [2026-09-10 06:05:15.126] [WiVRn] [info] render: 181 iterations in 2.0 s (90.0/s), 181 submitted a layer, 181 new-source, 0 skipped by the repeat gate, 0 with nothing to show; display period 11.1 ms
09-10 06:05:15.126 27483 31306 I WiVRn   : [2026-09-10 06:05:15.126] [WiVRn] [info] render: ready wait attempts 0 success 0 total 0.000 ms | selected older than available 0
09-10 06:05:15.126 27483 31306 I WiVRn   : [2026-09-10 06:05:15.126] [WiVRn] [info] render: selected source transitions forward 181 backward 0 repeat 0, greatest forward gap 1
09-10 06:05:15.126 27483 31306 I WiVRn   : [2026-09-10 06:05:15.126] [WiVRn] [info] render: this app's own GPU pass 4.1 ms per iteration
09-10 06:05:15.126 27483 31306 I WiVRn   : [2026-09-10 06:05:15.126] [WiVRn] [info] render: defoveate 2160x2160 per eye x2 = 9.33 Mpx/frame at scale 1.00 atlas-prototype 0; 0 re-presented from the cache (reduce_gpu_load on)
09-10 06:05:15.126 27483 31306 I WiVRn   : [2026-09-10 06:05:15.126] [WiVRn] [info] render: shader path sharpness 0.00 fsr false alpha false motion false blend false glow 0.00 vignette 0.00 deband 0.00 lowpoly 0.00 levels 0 full-kernel false
09-10 06:05:15.126 27483 31306 I WiVRn   : [2026-09-10 06:05:15.126] [WiVRn] [info] render: per iteration fence 0.0 (worst 0.0) | queries 0.0 | submit 0.0 | whole render() 0.7 ms
09-10 06:05:15.126 27483 31306 I WiVRn   : [2026-09-10 06:05:15.126] [WiVRn] [info] render: jit on | wake slack 36.9 ms | slept 7.5 ms mean (max 7.5, 181 of 181 iterations) | budget 10.6 = pass 9.6 + margin 1.0 | sleep cap 7.5 ms
09-10 06:05:15.126 27483 31306 I WiVRn   : [2026-09-10 06:05:15.126] [WiVRn] [info] render: source display-time offset 48.9 ms mean (worst 48.9) over 181 frames | submit lead 28.7 ms mean (worst 28.0) | misses: 0 overrun 0 late 0 skipped refresh
09-10 06:05:15.664 27483 31302 I PxrMetric: FPS=90/90,MTP=28.99ms,AppSW=off,FrmEarly=0,FrmLate=0,FrmCpu=0.53ms,FrmGpu=5.04ms,FrmTime=13.11ms,ATWGPU=1.65ms,VsyncDelay=2,GPU=84%/587Mhz,GPUTemp=75.2C,LayerCnt=3,Pkg=org.meumeu.wivrn.nx.warp,FrmId=1783
09-10 06:05:15.755 27483 31346 I WiVRn   : [2026-09-10 06:05:15.755] [WiVRn] [info] Tracking pattern (11110µs):
09-10 06:05:15.755 27483 31346 I WiVRn   : [2026-09-10 06:05:15.755] [WiVRn] [info] 	t+3670µs HEAD (7440µs)
09-10 06:05:15.755 27483 31346 I WiVRn   : [2026-09-10 06:05:15.755] [WiVRn] [info] 	t+3753µs LEFT_GRIP (7357µs)
09-10 06:05:15.755 27483 31346 I WiVRn   : [2026-09-10 06:05:15.755] [WiVRn] [info] 	t+3769µs RIGHT_GRIP (7341µs)
09-10 06:05:15.755 27483 31346 I WiVRn   : [2026-09-10 06:05:15.755] [WiVRn] [info] 	t+6670µs HEAD (4440µs)
09-10 06:05:15.755 27483 31346 I WiVRn   : [2026-09-10 06:05:15.755] [WiVRn] [info] 	t+6753µs LEFT_GRIP (4357µs)
09-10 06:05:15.755 27483 31346 I WiVRn   : [2026-09-10 06:05:15.755] [WiVRn] [info] 	t+6769µs RIGHT_GRIP (4341µs)
09-10 06:05:16.358 27483 31340 I WiVRn   : [2026-09-10 06:05:16.358] [WiVRn] [info] nxwarp[0] net: 181 frames closed in 2.0 s, 0 with a hole, 0 out-of-order datagrams, 0 frames completed late, 0 queued for the worker, 1516 decoded so far, 1615 stragglers dropped; last hole 0/0 chunks, first missing -1, short false, chunk 1166 B
09-10 06:05:16.359 27483 31340 I WiVRn   : [2026-09-10 06:05:16.359] [WiVRn] [info] nxwarp[0] net: 0.028 ms per datagram over 30294 datagrams (426.90 ms of every second)
09-10 06:05:16.359 27483 31340 I WiVRn   : [2026-09-10 06:05:16.359] [WiVRn] [info] nxwarp[0] sel: stride 1, arrival 10.8 ms, dropped-late 79, withheld 0, decoded 1516
09-10 06:05:16.359 27483 31340 I WiVRn   : [2026-09-10 06:05:16.359] [WiVRn] [info] nxwarp[0] rx: 266153 datagrams, placed 3233687 (+418472), late 17153 (+733), stale_frame 0, bad_range 0, bad_dir 0, bad_caps 0, bad_ver 0, auth_fail 0, replay 0, frozen 0, dup 62
09-10 06:05:16.664 27483 31302 I PxrMetric: FPS=90/90,MTP=28.84ms,AppSW=off,FrmEarly=0,FrmLate=0,FrmCpu=0.52ms,FrmGpu=5.62ms,FrmTime=13.69ms,ATWGPU=1.61ms,VsyncDelay=2,GPU=80%/587Mhz,GPUTemp=74.0C,LayerCnt=3,Pkg=org.meumeu.wivrn.nx.warp,FrmId=1873
09-10 06:05:16.744 27483 31346 I WiVRn   : [2026-09-10 06:05:16.744] [WiVRn] [info] Tracking pattern (11111µs):
09-10 06:05:16.744 27483 31346 I WiVRn   : [2026-09-10 06:05:16.744] [WiVRn] [info] 	t+3625µs HEAD (7486µs)
09-10 06:05:16.744 27483 31346 I WiVRn   : [2026-09-10 06:05:16.744] [WiVRn] [info] 	t+3681µs LEFT_GRIP (7430µs)
09-10 06:05:16.744 27483 31346 I WiVRn   : [2026-09-10 06:05:16.744] [WiVRn] [info] 	t+3690µs RIGHT_GRIP (7421µs)
09-10 06:05:16.744 27483 31346 I WiVRn   : [2026-09-10 06:05:16.744] [WiVRn] [info] 	t+6625µs HEAD (4486µs)
09-10 06:05:16.744 27483 31346 I WiVRn   : [2026-09-10 06:05:16.744] [WiVRn] [info] 	t+6681µs LEFT_GRIP (4430µs)
09-10 06:05:16.744 27483 31346 I WiVRn   : [2026-09-10 06:05:16.744] [WiVRn] [info] 	t+6690µs RIGHT_GRIP (4421µs)
09-10 06:05:17.080 27483 31344 I WiVRn   : [2026-09-10 06:05:17.080] [WiVRn] [info] nxwarp[0]: 180 frames in 2.0 s: 127190 B/frame, wait-prev 0.0 ms, wall 8.3 ms, nxvc passA 1.4 passB 2.7 gpu 4.1 ms; holes 0, refused 0
09-10 06:05:17.080 27483 31344 I WiVRn   : [2026-09-10 06:05:17.080] [WiVRn] [info] nxwarp[0] gpu duty 369 ms/s (37% of one GPU) for decode alone; the display pass is extra
09-10 06:05:17.080 27483 31344 I WiVRn   : [2026-09-10 06:05:17.080] [WiVRn] [info] nxwarp[0] passB 2.7 ms = warp 0.0 + skip 0.0 + coded 0.0 + dir 0.0 + other 2.7; tiles skip 0 / coded 2312 / dir 0 (eye pass 0)
09-10 06:05:17.080 27483 31344 I WiVRn   : [2026-09-10 06:05:17.080] [WiVRn] [info] nxwarp[0]: 79 frames dropped late (queue kept to 1)
09-10 06:05:17.080 27483 31344 I WiVRn   : [2026-09-10 06:05:17.080] [WiVRn] [info] nxwarp[0] stage: gap 2.8 | wait-prev 0.0 | submit 1.0 (qlock 0.0 + codec 1.0) | get_free 0.0 | fence-pre 0.0 | record 0.0 | qsubmit 0.0 | fence-post 7.2 | publish 0.0 ms; withheld 0, stride 1, arrival 11.4 ms
09-10 06:05:17.080 27483 31344 I WiVRn   : [2026-09-10 06:05:17.080] [WiVRn] [info] nxwarp[0] reassembly (network thread): 0.09 ms/frame over 180 frames, buffer 124 kB held for 124 kB of unit (1.0x)
09-10 06:05:17.080 27483 31344 I WiVRn   : [2026-09-10 06:05:17.080] [WiVRn] [info] nxwarp[0] fence-post 7.2 ms = nxvc gpu 4.1 + copy gpu 0.00 + queue 3.1 (over 180 frames with timestamps)
09-10 06:05:17.127 27483 31306 I WiVRn   : [2026-09-10 06:05:17.127] [WiVRn] [info] render: 180 iterations in 2.0 s (90.0/s), 180 submitted a layer, 180 new-source, 0 skipped by the repeat gate, 0 with nothing to show; display period 11.1 ms
09-10 06:05:17.127 27483 31306 I WiVRn   : [2026-09-10 06:05:17.127] [WiVRn] [info] render: ready wait attempts 0 success 0 total 0.000 ms | selected older than available 0
09-10 06:05:17.127 27483 31306 I WiVRn   : [2026-09-10 06:05:17.127] [WiVRn] [info] render: selected source transitions forward 180 backward 0 repeat 0, greatest forward gap 1
09-10 06:05:17.127 27483 31306 I WiVRn   : [2026-09-10 06:05:17.127] [WiVRn] [info] render: this app's own GPU pass 4.3 ms per iteration
09-10 06:05:17.127 27483 31306 I WiVRn   : [2026-09-10 06:05:17.127] [WiVRn] [info] render: defoveate 2160x2160 per eye x2 = 9.33 Mpx/frame at scale 1.00 atlas-prototype 0; 0 re-presented from the cache (reduce_gpu_load on)
09-10 06:05:17.127 27483 31306 I WiVRn   : [2026-09-10 06:05:17.127] [WiVRn] [info] render: shader path sharpness 0.00 fsr false alpha false motion false blend false glow 0.00 vignette 0.00 deband 0.00 lowpoly 0.00 levels 0 full-kernel false
09-10 06:05:17.127 27483 31306 I WiVRn   : [2026-09-10 06:05:17.127] [WiVRn] [info] render: per iteration fence 0.0 (worst 0.1) | queries 0.0 | submit 0.0 | whole render() 0.7 ms
09-10 06:05:17.127 27483 31306 I WiVRn   : [2026-09-10 06:05:17.127] [WiVRn] [info] render: jit on | wake slack 37.1 ms | slept 7.5 ms mean (max 7.5, 180 of 180 iterations) | budget 8.8 = pass 7.8 + margin 1.0 | sleep cap 7.5 ms
09-10 06:05:17.127 27483 31306 I WiVRn   : [2026-09-10 06:05:17.127] [WiVRn] [info] render: source display-time offset 48.8 ms mean (worst 48.9) over 180 frames | submit lead 29.0 ms mean (worst 28.0) | misses: 0 overrun 0 late 0 skipped refresh
09-10 06:05:17.668 27483 31302 I PxrMetric: FPS=90/90,MTP=28.96ms,AppSW=off,FrmEarly=0,FrmLate=0,FrmCpu=0.52ms,FrmGpu=6.11ms,FrmTime=14.17ms,ATWGPU=1.60ms,VsyncDelay=2,GPU=84%/587Mhz,GPUTemp=75.2C,LayerCnt=3,Pkg=org.meumeu.wivrn.nx.warp,FrmId=1963
09-10 06:05:17.744 27483 31346 I WiVRn   : [2026-09-10 06:05:17.744] [WiVRn] [info] Tracking pattern (11111µs):
09-10 06:05:17.744 27483 31346 I WiVRn   : [2026-09-10 06:05:17.744] [WiVRn] [info] 	t+3658µs HEAD (7452µs)
09-10 06:05:17.744 27483 31346 I WiVRn   : [2026-09-10 06:05:17.744] [WiVRn] [info] 	t+3694µs LEFT_GRIP (7416µs)
09-10 06:05:17.744 27483 31346 I WiVRn   : [2026-09-10 06:05:17.744] [WiVRn] [info] 	t+3802µs RIGHT_GRIP (7308µs)
09-10 06:05:17.744 27483 31346 I WiVRn   : [2026-09-10 06:05:17.744] [WiVRn] [info] 	t+6658µs HEAD (4452µs)
09-10 06:05:17.744 27483 31346 I WiVRn   : [2026-09-10 06:05:17.744] [WiVRn] [info] 	t+6694µs LEFT_GRIP (4416µs)
09-10 06:05:17.744 27483 31346 I WiVRn   : [2026-09-10 06:05:17.744] [WiVRn] [info] 	t+6802µs RIGHT_GRIP (4308µs)
09-10 06:05:18.359 27483 31340 I WiVRn   : [2026-09-10 06:05:18.359] [WiVRn] [info] nxwarp[0] net: 180 frames closed in 2.0 s, 0 with a hole, 0 out-of-order datagrams, 0 frames completed late, 0 queued for the worker, 1696 decoded so far, 1795 stragglers dropped; last hole 0/0 chunks, first missing -1, short false, chunk 1166 B
09-10 06:05:18.359 27483 31340 I WiVRn   : [2026-09-10 06:05:18.359] [WiVRn] [info] nxwarp[0] net: 0.028 ms per datagram over 30978 datagrams (427.42 ms of every second)
09-10 06:05:18.359 27483 31340 I WiVRn   : [2026-09-10 06:05:18.359] [WiVRn] [info] nxwarp[0] sel: stride 1, arrival 11.0 ms, dropped-late 79, withheld 0, decoded 1696
09-10 06:05:18.359 27483 31340 I WiVRn   : [2026-09-10 06:05:18.359] [WiVRn] [info] nxwarp[0] rx: 297131 datagrams, placed 3623496 (+389809), late 18008 (+855), stale_frame 0, bad_range 0, bad_dir 0, bad_caps 0, bad_ver 0, auth_fail 0, replay 0, frozen 0, dup 68
09-10 06:05:18.680 27483 31302 I PxrMetric: FPS=90/90,MTP=28.78ms,AppSW=off,FrmEarly=0,FrmLate=0,FrmCpu=0.54ms,FrmGpu=5.40ms,FrmTime=13.47ms,ATWGPU=1.59ms,VsyncDelay=2,GPU=81%/587Mhz,GPUTemp=76.0C,LayerCnt=3,Pkg=org.meumeu.wivrn.nx.warp,FrmId=2054
09-10 06:05:18.744 27483 31346 I WiVRn   : [2026-09-10 06:05:18.744] [WiVRn] [info] Tracking pattern (11104µs):
09-10 06:05:18.744 27483 31346 I WiVRn   : [2026-09-10 06:05:18.744] [WiVRn] [info] 	t+3617µs HEAD (7487µs)
09-10 06:05:18.744 27483 31346 I WiVRn   : [2026-09-10 06:05:18.744] [WiVRn] [info] 	t+3721µs LEFT_GRIP (7383µs)
09-10 06:05:18.744 27483 31346 I WiVRn   : [2026-09-10 06:05:18.744] [WiVRn] [info] 	t+3726µs RIGHT_GRIP (7378µs)
09-10 06:05:18.744 27483 31346 I WiVRn   : [2026-09-10 06:05:18.744] [WiVRn] [info] 	t+6617µs HEAD (4487µs)
09-10 06:05:18.744 27483 31346 I WiVRn   : [2026-09-10 06:05:18.744] [WiVRn] [info] 	t+6721µs LEFT_GRIP (4383µs)
09-10 06:05:18.744 27483 31346 I WiVRn   : [2026-09-10 06:05:18.744] [WiVRn] [info] 	t+6726µs RIGHT_GRIP (4378µs)
09-10 06:05:19.080 27483 31344 I WiVRn   : [2026-09-10 06:05:19.080] [WiVRn] [info] nxwarp[0]: 180 frames in 2.0 s: 134075 B/frame, wait-prev 0.0 ms, wall 8.3 ms, nxvc passA 1.5 passB 2.7 gpu 4.2 ms; holes 0, refused 0
09-10 06:05:19.080 27483 31344 I WiVRn   : [2026-09-10 06:05:19.080] [WiVRn] [info] nxwarp[0] gpu duty 375 ms/s (38% of one GPU) for decode alone; the display pass is extra
09-10 06:05:19.080 27483 31344 I WiVRn   : [2026-09-10 06:05:19.080] [WiVRn] [info] nxwarp[0] passB 2.7 ms = warp 0.0 + skip 0.0 + coded 0.0 + dir 0.0 + other 2.7; tiles skip 0 / coded 2312 / dir 0 (eye pass 0)
09-10 06:05:19.080 27483 31344 I WiVRn   : [2026-09-10 06:05:19.080] [WiVRn] [info] nxwarp[0]: 79 frames dropped late (queue kept to 1)
09-10 06:05:19.080 27483 31344 I WiVRn   : [2026-09-10 06:05:19.080] [WiVRn] [info] nxwarp[0] stage: gap 2.8 | wait-prev 0.0 | submit 1.0 (qlock 0.0 + codec 1.0) | get_free 0.0 | fence-pre 0.0 | record 0.0 | qsubmit 0.0 | fence-post 7.2 | publish 0.0 ms; withheld 0, stride 1, arrival 11.1 ms
09-10 06:05:19.080 27483 31344 I WiVRn   : [2026-09-10 06:05:19.080] [WiVRn] [info] nxwarp[0] reassembly (network thread): 0.08 ms/frame over 180 frames, buffer 131 kB held for 131 kB of unit (1.0x)
09-10 06:05:19.080 27483 31344 I WiVRn   : [2026-09-10 06:05:19.080] [WiVRn] [info] nxwarp[0] fence-post 7.3 ms = nxvc gpu 4.2 + copy gpu 0.00 + queue 3.1 (over 180 frames with timestamps)
09-10 06:05:19.137 27483 31306 I WiVRn   : [2026-09-10 06:05:19.137] [WiVRn] [info] render: 181 iterations in 2.0 s (90.0/s), 181 submitted a layer, 181 new-source, 0 skipped by the repeat gate, 0 with nothing to show; display period 11.1 ms
09-10 06:05:19.137 27483 31306 I WiVRn   : [2026-09-10 06:05:19.137] [WiVRn] [info] render: ready wait attempts 0 success 0 total 0.000 ms | selected older than available 0
09-10 06:05:19.137 27483 31306 I WiVRn   : [2026-09-10 06:05:19.137] [WiVRn] [info] render: selected source transitions forward 181 backward 0 repeat 0, greatest forward gap 1
09-10 06:05:19.137 27483 31306 I WiVRn   : [2026-09-10 06:05:19.137] [WiVRn] [info] render: this app's own GPU pass 4.2 ms per iteration
09-10 06:05:19.137 27483 31306 I WiVRn   : [2026-09-10 06:05:19.137] [WiVRn] [info] render: defoveate 2160x2160 per eye x2 = 9.33 Mpx/frame at scale 1.00 atlas-prototype 0; 0 re-presented from the cache (reduce_gpu_load on)
09-10 06:05:19.137 27483 31306 I WiVRn   : [2026-09-10 06:05:19.137] [WiVRn] [info] render: shader path sharpness 0.00 fsr false alpha false motion false blend false glow 0.00 vignette 0.00 deband 0.00 lowpoly 0.00 levels 0 full-kernel false
09-10 06:05:19.137 27483 31306 I WiVRn   : [2026-09-10 06:05:19.137] [WiVRn] [info] render: per iteration fence 0.0 (worst 0.0) | queries 0.0 | submit 0.0 | whole render() 0.7 ms
09-10 06:05:19.137 27483 31306 I WiVRn   : [2026-09-10 06:05:19.137] [WiVRn] [info] render: jit on | wake slack 37.0 ms | slept 7.5 ms mean (max 7.5, 181 of 181 iterations) | budget 7.0 = pass 6.0 + margin 1.0 | sleep cap 7.5 ms
09-10 06:05:19.137 27483 31306 I WiVRn   : [2026-09-10 06:05:19.137] [WiVRn] [info] render: source display-time offset 48.9 ms mean (worst 49.0) over 181 frames | submit lead 28.8 ms mean (worst 27.9) | misses: 0 overrun 0 late 0 skipped refresh
09-10 06:05:19.686 27483 31302 I PxrMetric: FPS=90/90,MTP=29.19ms,AppSW=off,FrmEarly=0,FrmLate=0,FrmCpu=0.55ms,FrmGpu=5.17ms,FrmTime=13.26ms,ATWGPU=1.59ms,VsyncDelay=2,GPU=81%/587Mhz,GPUTemp=75.2C,LayerCnt=3,Pkg=org.meumeu.wivrn.nx.warp,FrmId=2145
09-10 06:05:19.744 27483 31346 I WiVRn   : [2026-09-10 06:05:19.744] [WiVRn] [info] Tracking pattern (11109µs):
09-10 06:05:19.744 27483 31346 I WiVRn   : [2026-09-10 06:05:19.744] [WiVRn] [info] 	t+3804µs HEAD (7305µs)
09-10 06:05:19.744 27483 31346 I WiVRn   : [2026-09-10 06:05:19.744] [WiVRn] [info] 	t+3869µs LEFT_GRIP (7240µs)
09-10 06:05:19.744 27483 31346 I WiVRn   : [2026-09-10 06:05:19.744] [WiVRn] [info] 	t+3875µs RIGHT_GRIP (7233µs)
09-10 06:05:19.744 27483 31346 I WiVRn   : [2026-09-10 06:05:19.744] [WiVRn] [info] 	t+6804µs HEAD (4305µs)
09-10 06:05:19.744 27483 31346 I WiVRn   : [2026-09-10 06:05:19.744] [WiVRn] [info] 	t+6869µs LEFT_GRIP (4240µs)
09-10 06:05:19.744 27483 31346 I WiVRn   : [2026-09-10 06:05:19.744] [WiVRn] [info] 	t+6875µs RIGHT_GRIP (4233µs)
09-10 06:05:20.359 27483 31340 I WiVRn   : [2026-09-10 06:05:20.359] [WiVRn] [info] nxwarp[0] net: 180 frames closed in 2.0 s, 0 with a hole, 0 out-of-order datagrams, 0 frames completed late, 0 queued for the worker, 1876 decoded so far, 1976 stragglers dropped; last hole 0/0 chunks, first missing -1, short false, chunk 1166 B
09-10 06:05:20.359 27483 31340 I WiVRn   : [2026-09-10 06:05:20.359] [WiVRn] [info] nxwarp[0] net: 0.031 ms per datagram over 27968 datagrams (431.51 ms of every second)
09-10 06:05:20.359 27483 31340 I WiVRn   : [2026-09-10 06:05:20.359] [WiVRn] [info] nxwarp[0] sel: stride 1, arrival 11.0 ms, dropped-late 79, withheld 0, decoded 1876
09-10 06:05:20.359 27483 31340 I WiVRn   : [2026-09-10 06:05:20.359] [WiVRn] [info] nxwarp[0] rx: 325099 datagrams, placed 3739601 (+116105), late 28354 (+10346), stale_frame 0, bad_range 0, bad_dir 0, bad_caps 0, bad_ver 0, auth_fail 0, replay 0, frozen 0, dup 99
09-10 06:05:20.686 27483 31302 I PxrMetric: FPS=90/90,MTP=29.33ms,AppSW=off,FrmEarly=0,FrmLate=0,FrmCpu=0.54ms,FrmGpu=5.42ms,FrmTime=13.50ms,ATWGPU=1.59ms,VsyncDelay=2,GPU=84%/587Mhz,GPUTemp=74.4C,LayerCnt=3,Pkg=org.meumeu.wivrn.nx.warp,FrmId=2235
09-10 06:05:20.755 27483 31346 I WiVRn   : [2026-09-10 06:05:20.755] [WiVRn] [info] Tracking pattern (11111µs):
09-10 06:05:20.755 27483 31346 I WiVRn   : [2026-09-10 06:05:20.755] [WiVRn] [info] 	t+3970µs HEAD (7140µs)
09-10 06:05:20.755 27483 31346 I WiVRn   : [2026-09-10 06:05:20.755] [WiVRn] [info] 	t+4052µs LEFT_GRIP (7058µs)
09-10 06:05:20.755 27483 31346 I WiVRn   : [2026-09-10 06:05:20.755] [WiVRn] [info] 	t+4071µs RIGHT_GRIP (7039µs)
09-10 06:05:20.755 27483 31346 I WiVRn   : [2026-09-10 06:05:20.755] [WiVRn] [info] 	t+6970µs HEAD (4140µs)
09-10 06:05:20.755 27483 31346 I WiVRn   : [2026-09-10 06:05:20.755] [WiVRn] [info] 	t+7052µs LEFT_GRIP (4058µs)
09-10 06:05:20.755 27483 31346 I WiVRn   : [2026-09-10 06:05:20.755] [WiVRn] [info] 	t+7071µs RIGHT_GRIP (4039µs)
09-10 06:05:21.080 27483 31344 I WiVRn   : [2026-09-10 06:05:21.080] [WiVRn] [info] nxwarp[0]: 180 frames in 2.0 s: 142789 B/frame, wait-prev 0.0 ms, wall 8.8 ms, nxvc passA 1.6 passB 2.7 gpu 4.3 ms; holes 0, refused 0
09-10 06:05:21.080 27483 31344 I WiVRn   : [2026-09-10 06:05:21.080] [WiVRn] [info] nxwarp[0] gpu duty 384 ms/s (38% of one GPU) for decode alone; the display pass is extra
09-10 06:05:21.080 27483 31344 I WiVRn   : [2026-09-10 06:05:21.080] [WiVRn] [info] nxwarp[0] passB 2.7 ms = warp 0.0 + skip 0.0 + coded 0.0 + dir 0.0 + other 2.7; tiles skip 0 / coded 2312 / dir 0 (eye pass 0)
09-10 06:05:21.080 27483 31344 I WiVRn   : [2026-09-10 06:05:21.080] [WiVRn] [info] nxwarp[0]: 79 frames dropped late (queue kept to 1)
09-10 06:05:21.080 27483 31344 I WiVRn   : [2026-09-10 06:05:21.080] [WiVRn] [info] nxwarp[0] stage: gap 2.3 | wait-prev 0.0 | submit 1.0 (qlock 0.0 + codec 1.0) | get_free 0.0 | fence-pre 0.0 | record 0.0 | qsubmit 0.0 | fence-post 7.7 | publish 0.0 ms; withheld 0, stride 1, arrival 11.2 ms
09-10 06:05:21.080 27483 31344 I WiVRn   : [2026-09-10 06:05:21.080] [WiVRn] [info] nxwarp[0] reassembly (network thread): 0.05 ms/frame over 180 frames, buffer 139 kB held for 139 kB of unit (1.0x)
09-10 06:05:21.080 27483 31344 I WiVRn   : [2026-09-10 06:05:21.080] [WiVRn] [info] nxwarp[0] fence-post 7.7 ms = nxvc gpu 4.3 + copy gpu 0.00 + queue 3.4 (over 180 frames with timestamps)
09-10 06:05:21.138 27483 31306 I WiVRn   : [2026-09-10 06:05:21.138] [WiVRn] [info] render: 180 iterations in 2.0 s (90.0/s), 180 submitted a layer, 180 new-source, 0 skipped by the repeat gate, 0 with nothing to show; display period 11.1 ms
09-10 06:05:21.138 27483 31306 I WiVRn   : [2026-09-10 06:05:21.138] [WiVRn] [info] render: ready wait attempts 0 success 0 total 0.000 ms | selected older than available 0
09-10 06:05:21.138 27483 31306 I WiVRn   : [2026-09-10 06:05:21.138] [WiVRn] [info] render: selected source transitions forward 180 backward 0 repeat 0, greatest forward gap 1
09-10 06:05:21.138 27483 31306 I WiVRn   : [2026-09-10 06:05:21.138] [WiVRn] [info] render: this app's own GPU pass 4.2 ms per iteration
09-10 06:05:21.138 27483 31306 I WiVRn   : [2026-09-10 06:05:21.138] [WiVRn] [info] render: defoveate 2160x2160 per eye x2 = 9.33 Mpx/frame at scale 1.00 atlas-prototype 0; 0 re-presented from the cache (reduce_gpu_load on)
09-10 06:05:21.138 27483 31306 I WiVRn   : [2026-09-10 06:05:21.138] [WiVRn] [info] render: shader path sharpness 0.00 fsr false alpha false motion false blend false glow 0.00 vignette 0.00 deband 0.00 lowpoly 0.00 levels 0 full-kernel false
09-10 06:05:21.138 27483 31306 I WiVRn   : [2026-09-10 06:05:21.138] [WiVRn] [info] render: per iteration fence 0.0 (worst 0.0) | queries 0.0 | submit 0.0 | whole render() 0.7 ms
09-10 06:05:21.138 27483 31306 I WiVRn   : [2026-09-10 06:05:21.138] [WiVRn] [info] render: jit on | wake slack 37.1 ms | slept 7.5 ms mean (max 7.5, 180 of 180 iterations) | budget 5.2 = pass 4.2 + margin 1.0 | sleep cap 7.5 ms
09-10 06:05:21.138 27483 31306 I WiVRn   : [2026-09-10 06:05:21.138] [WiVRn] [info] render: source display-time offset 49.1 ms mean (worst 49.4) over 180 frames | submit lead 28.9 ms mean (worst 28.2) | misses: 0 overrun 0 late 0 skipped refresh
09-10 06:05:21.686 27483 31302 I PxrMetric: FPS=90/90,MTP=29.21ms,AppSW=off,FrmEarly=0,FrmLate=0,FrmCpu=0.54ms,FrmGpu=5.33ms,FrmTime=13.41ms,ATWGPU=1.62ms,VsyncDelay=2,GPU=83%/587Mhz,GPUTemp=74.4C,LayerCnt=3,Pkg=org.meumeu.wivrn.nx.warp,FrmId=2325
09-10 06:05:21.744 27483 31346 I WiVRn   : [2026-09-10 06:05:21.744] [WiVRn] [info] Tracking pattern (11111µs):
09-10 06:05:21.744 27483 31346 I WiVRn   : [2026-09-10 06:05:21.744] [WiVRn] [info] 	t+4015µs HEAD (7095µs)
09-10 06:05:21.744 27483 31346 I WiVRn   : [2026-09-10 06:05:21.744] [WiVRn] [info] 	t+4155µs LEFT_GRIP (6955µs)
09-10 06:05:21.744 27483 31346 I WiVRn   : [2026-09-10 06:05:21.744] [WiVRn] [info] 	t+4209µs RIGHT_GRIP (6901µs)
09-10 06:05:21.744 27483 31346 I WiVRn   : [2026-09-10 06:05:21.744] [WiVRn] [info] 	t+7015µs HEAD (4095µs)
09-10 06:05:21.744 27483 31346 I WiVRn   : [2026-09-10 06:05:21.744] [WiVRn] [info] 	t+7155µs LEFT_GRIP (3955µs)
09-10 06:05:21.744 27483 31346 I WiVRn   : [2026-09-10 06:05:21.744] [WiVRn] [info] 	t+7209µs RIGHT_GRIP (3901µs)
09-10 06:05:22.359 27483 31340 I WiVRn   : [2026-09-10 06:05:22.359] [WiVRn] [info] nxwarp[0] net: 180 frames closed in 2.0 s, 0 with a hole, 0 out-of-order datagrams, 0 frames completed late, 0 queued for the worker, 2056 decoded so far, 2166 stragglers dropped; last hole 0/0 chunks, first missing -1, short false, chunk 1166 B
09-10 06:05:22.359 27483 31340 I WiVRn   : [2026-09-10 06:05:22.359] [WiVRn] [info] nxwarp[0] net: 0.030 ms per datagram over 29248 datagrams (435.53 ms of every second)
09-10 06:05:22.359 27483 31340 I WiVRn   : [2026-09-10 06:05:22.359] [WiVRn] [info] nxwarp[0] sel: stride 1, arrival 10.7 ms, dropped-late 79, withheld 0, decoded 2056
09-10 06:05:22.359 27483 31340 I WiVRn   : [2026-09-10 06:05:22.359] [WiVRn] [info] nxwarp[0] rx: 354347 datagrams, placed 3893029 (+153428), late 37427 (+9073), stale_frame 0, bad_range 0, bad_dir 0, bad_caps 0, bad_ver 0, auth_fail 0, replay 0, frozen 0, dup 124
09-10 06:05:22.698 27483 31302 I PxrMetric: FPS=90/90,MTP=29.33ms,AppSW=off,FrmEarly=0,FrmLate=0,FrmCpu=0.54ms,FrmGpu=5.18ms,FrmTime=13.26ms,ATWGPU=1.61ms,VsyncDelay=2,GPU=83%/587Mhz,GPUTemp=74.4C,LayerCnt=3,Pkg=org.meumeu.wivrn.nx.warp,FrmId=2416
09-10 06:05:22.744 27483 31346 I WiVRn   : [2026-09-10 06:05:22.744] [WiVRn] [info] Tracking pattern (11110µs):
09-10 06:05:22.744 27483 31346 I WiVRn   : [2026-09-10 06:05:22.744] [WiVRn] [info] 	t+4123µs HEAD (6986µs)
09-10 06:05:22.744 27483 31346 I WiVRn   : [2026-09-10 06:05:22.744] [WiVRn] [info] 	t+4336µs LEFT_GRIP (6773µs)
09-10 06:05:22.744 27483 31346 I WiVRn   : [2026-09-10 06:05:22.744] [WiVRn] [info] 	t+4346µs RIGHT_GRIP (6763µs)
09-10 06:05:22.744 27483 31346 I WiVRn   : [2026-09-10 06:05:22.744] [WiVRn] [info] 	t+7123µs HEAD (3986µs)
09-10 06:05:22.744 27483 31346 I WiVRn   : [2026-09-10 06:05:22.744] [WiVRn] [info] 	t+7336µs LEFT_GRIP (3773µs)
09-10 06:05:22.744 27483 31346 I WiVRn   : [2026-09-10 06:05:22.744] [WiVRn] [info] 	t+7346µs RIGHT_GRIP (3763µs)
09-10 06:05:23.090 27483 31344 I WiVRn   : [2026-09-10 06:05:23.090] [WiVRn] [info] nxwarp[0]: 181 frames in 2.0 s: 140878 B/frame, wait-prev 0.0 ms, wall 8.4 ms, nxvc passA 1.6 passB 2.7 gpu 4.3 ms; holes 0, refused 0
09-10 06:05:23.090 27483 31344 I WiVRn   : [2026-09-10 06:05:23.090] [WiVRn] [info] nxwarp[0] gpu duty 385 ms/s (39% of one GPU) for decode alone; the display pass is extra
09-10 06:05:23.090 27483 31344 I WiVRn   : [2026-09-10 06:05:23.090] [WiVRn] [info] nxwarp[0] passB 2.7 ms = warp 0.0 + skip 0.0 + coded 0.0 + dir 0.0 + other 2.7; tiles skip 0 / coded 2312 / dir 0 (eye pass 0)
09-10 06:05:23.090 27483 31344 I WiVRn   : [2026-09-10 06:05:23.090] [WiVRn] [info] nxwarp[0]: 79 frames dropped late (queue kept to 1)
09-10 06:05:23.090 27483 31344 I WiVRn   : [2026-09-10 06:05:23.090] [WiVRn] [info] nxwarp[0] stage: gap 2.7 | wait-prev 0.0 | submit 1.0 (qlock 0.0 + codec 1.0) | get_free 0.0 | fence-pre 0.0 | record 0.0 | qsubmit 0.0 | fence-post 7.4 | publish 0.0 ms; withheld 0, stride 1, arrival 11.1 ms
09-10 06:05:23.090 27483 31344 I WiVRn   : [2026-09-10 06:05:23.090] [WiVRn] [info] nxwarp[0] reassembly (network thread): 0.07 ms/frame over 181 frames, buffer 138 kB held for 138 kB of unit (1.0x)
09-10 06:05:23.090 27483 31344 I WiVRn   : [2026-09-10 06:05:23.090] [WiVRn] [info] nxwarp[0] fence-post 7.4 ms = nxvc gpu 4.3 + copy gpu 0.00 + queue 3.1 (over 181 frames with timestamps)
09-10 06:05:23.149 27483 31306 I WiVRn   : [2026-09-10 06:05:23.149] [WiVRn] [info] render: 181 iterations in 2.0 s (90.0/s), 181 submitted a layer, 178 new-source, 0 skipped by the repeat gate, 0 with nothing to show; display period 11.1 ms
09-10 06:05:23.149 27483 31306 I WiVRn   : [2026-09-10 06:05:23.149] [WiVRn] [info] render: ready wait attempts 3 success 0 total 3.164 ms | selected older than available 0
09-10 06:05:23.149 27483 31306 I WiVRn   : [2026-09-10 06:05:23.149] [WiVRn] [info] render: selected source transitions forward 178 backward 0 repeat 3, greatest forward gap 2
09-10 06:05:23.149 27483 31306 I WiVRn   : [2026-09-10 06:05:23.149] [WiVRn] [info] render: this app's own GPU pass 4.3 ms per iteration
09-10 06:05:23.149 27483 31306 I WiVRn   : [2026-09-10 06:05:23.149] [WiVRn] [info] render: defoveate 2160x2160 per eye x2 = 9.33 Mpx/frame at scale 1.00 atlas-prototype 0; 3 re-presented from the cache (reduce_gpu_load on)
09-10 06:05:23.149 27483 31306 I WiVRn   : [2026-09-10 06:05:23.149] [WiVRn] [info] render: shader path sharpness 0.00 fsr false alpha false motion false blend false glow 0.00 vignette 0.00 deband 0.00 lowpoly 0.00 levels 0 full-kernel false
09-10 06:05:23.149 27483 31306 I WiVRn   : [2026-09-10 06:05:23.149] [WiVRn] [info] render: per iteration fence 0.0 (worst 0.0) | queries 0.0 | submit 0.0 | whole render() 0.7 ms
09-10 06:05:23.149 27483 31306 I WiVRn   : [2026-09-10 06:05:23.149] [WiVRn] [info] render: jit on | wake slack 37.3 ms | slept 7.5 ms mean (max 7.5, 181 of 181 iterations) | budget 3.4 = pass 2.4 + margin 1.0 | sleep cap 7.5 ms
09-10 06:05:23.149 27483 31306 I WiVRn   : [2026-09-10 06:05:23.149] [WiVRn] [info] render: source display-time offset 49.9 ms mean (worst 60.8) over 181 frames | submit lead 29.1 ms mean (worst 28.3) | misses: 0 overrun 0 late 0 skipped refresh
09-10 06:05:23.698 27483 31302 I PxrMetric: FPS=90/90,MTP=29.40ms,AppSW=off,FrmEarly=0,FrmLate=0,FrmCpu=0.52ms,FrmGpu=5.44ms,FrmTime=13.51ms,ATWGPU=1.60ms,VsyncDelay=2,GPU=82%/587Mhz,GPUTemp=74.0C,LayerCnt=3,Pkg=org.meumeu.wivrn.nx.warp,FrmId=2506
09-10 06:05:23.744 27483 31346 I WiVRn   : [2026-09-10 06:05:23.744] [WiVRn] [info] Tracking pattern (11109µs):
09-10 06:05:23.744 27483 31346 I WiVRn   : [2026-09-10 06:05:23.744] [WiVRn] [info] 	t+4388µs HEAD (6720µs)
09-10 06:05:23.744 27483 31346 I WiVRn   : [2026-09-10 06:05:23.744] [WiVRn] [info] 	t+4442µs LEFT_GRIP (6666µs)
09-10 06:05:23.744 27483 31346 I WiVRn   : [2026-09-10 06:05:23.744] [WiVRn] [info] 	t+4980µs RIGHT_GRIP (6128µs)
09-10 06:05:23.744 27483 31346 I WiVRn   : [2026-09-10 06:05:23.744] [WiVRn] [info] 	t+7388µs HEAD (3720µs)
09-10 06:05:23.744 27483 31346 I WiVRn   : [2026-09-10 06:05:23.744] [WiVRn] [info] 	t+7442µs LEFT_GRIP (3666µs)
09-10 06:05:23.744 27483 31346 I WiVRn   : [2026-09-10 06:05:23.744] [WiVRn] [info] 	t+7980µs RIGHT_GRIP (3128µs)
09-10 06:05:24.370 27483 31340 I WiVRn   : [2026-09-10 06:05:24.370] [WiVRn] [info] nxwarp[0] net: 181 frames closed in 2.0 s, 0 with a hole, 0 out-of-order datagrams, 0 frames completed late, 0 queued for the worker, 2237 decoded so far, 2350 stragglers dropped; last hole 0/0 chunks, first missing -1, short false, chunk 1166 B
09-10 06:05:24.370 27483 31340 I WiVRn   : [2026-09-10 06:05:24.370] [WiVRn] [info] nxwarp[0] net: 0.027 ms per datagram over 32556 datagrams (434.93 ms of every second)
09-10 06:05:24.370 27483 31340 I WiVRn   : [2026-09-10 06:05:24.370] [WiVRn] [info] nxwarp[0] sel: stride 1, arrival 11.0 ms, dropped-late 79, withheld 0, decoded 2237
09-10 06:05:24.370 27483 31340 I WiVRn   : [2026-09-10 06:05:24.370] [WiVRn] [info] nxwarp[0] rx: 386903 datagrams, placed 4245718 (+352689), late 39634 (+2207), stale_frame 0, bad_range 0, bad_dir 0, bad_caps 0, bad_ver 0, auth_fail 0, replay 0, frozen 0, dup 131
09-10 06:05:24.709 27483 31302 I PxrMetric: FPS=90/90,MTP=29.69ms,AppSW=off,FrmEarly=0,FrmLate=0,FrmCpu=0.57ms,FrmGpu=5.77ms,FrmTime=13.87ms,ATWGPU=1.60ms,VsyncDelay=2,GPU=84%/587Mhz,GPUTemp=74.8C,LayerCnt=3,Pkg=org.meumeu.wivrn.nx.warp,FrmId=2597
09-10 06:05:24.744 27483 31346 I WiVRn   : [2026-09-10 06:05:24.744] [WiVRn] [info] Tracking pattern (11112µs):
09-10 06:05:24.744 27483 31346 I WiVRn   : [2026-09-10 06:05:24.744] [WiVRn] [info] 	t+4530µs HEAD (6581µs)
09-10 06:05:24.744 27483 31346 I WiVRn   : [2026-09-10 06:05:24.744] [WiVRn] [info] 	t+4566µs LEFT_GRIP (6545µs)
09-10 06:05:24.744 27483 31346 I WiVRn   : [2026-09-10 06:05:24.744] [WiVRn] [info] 	t+4570µs RIGHT_GRIP (6541µs)
09-10 06:05:24.744 27483 31346 I WiVRn   : [2026-09-10 06:05:24.744] [WiVRn] [info] 	t+7530µs HEAD (3581µs)
09-10 06:05:24.744 27483 31346 I WiVRn   : [2026-09-10 06:05:24.744] [WiVRn] [info] 	t+7566µs LEFT_GRIP (3545µs)
09-10 06:05:24.744 27483 31346 I WiVRn   : [2026-09-10 06:05:24.744] [WiVRn] [info] 	t+7570µs RIGHT_GRIP (3541µs)
09-10 06:05:25.091 27483 31344 I WiVRn   : [2026-09-10 06:05:25.091] [WiVRn] [info] nxwarp[0]: 180 frames in 2.0 s: 136784 B/frame, wait-prev 0.0 ms, wall 8.4 ms, nxvc passA 1.6 passB 2.7 gpu 4.3 ms; holes 0, refused 0
09-10 06:05:25.091 27483 31344 I WiVRn   : [2026-09-10 06:05:25.091] [WiVRn] [info] nxwarp[0] gpu duty 383 ms/s (38% of one GPU) for decode alone; the display pass is extra
09-10 06:05:25.091 27483 31344 I WiVRn   : [2026-09-10 06:05:25.091] [WiVRn] [info] nxwarp[0] passB 2.7 ms = warp 0.0 + skip 0.0 + coded 0.0 + dir 0.0 + other 2.7; tiles skip 0 / coded 2312 / dir 0 (eye pass 0)
09-10 06:05:25.091 27483 31344 I WiVRn   : [2026-09-10 06:05:25.091] [WiVRn] [info] nxwarp[0]: 79 frames dropped late (queue kept to 1)
09-10 06:05:25.091 27483 31344 I WiVRn   : [2026-09-10 06:05:25.091] [WiVRn] [info] nxwarp[0] stage: gap 2.7 | wait-prev 0.0 | submit 1.0 (qlock 0.0 + codec 1.0) | get_free 0.0 | fence-pre 0.0 | record 0.0 | qsubmit 0.0 | fence-post 7.4 | publish 0.0 ms; withheld 0, stride 1, arrival 11.0 ms
09-10 06:05:25.091 27483 31344 I WiVRn   : [2026-09-10 06:05:25.091] [WiVRn] [info] nxwarp[0] reassembly (network thread): 0.08 ms/frame over 180 frames, buffer 134 kB held for 134 kB of unit (1.0x)
09-10 06:05:25.091 27483 31344 I WiVRn   : [2026-09-10 06:05:25.091] [WiVRn] [info] nxwarp[0] fence-post 7.4 ms = nxvc gpu 4.3 + copy gpu 0.00 + queue 3.1 (over 180 frames with timestamps)
09-10 06:05:25.149 27483 31306 I WiVRn   : [2026-09-10 06:05:25.149] [WiVRn] [info] render: 180 iterations in 2.0 s (90.0/s), 180 submitted a layer, 180 new-source, 0 skipped by the repeat gate, 0 with nothing to show; display period 11.1 ms
09-10 06:05:25.149 27483 31306 I WiVRn   : [2026-09-10 06:05:25.149] [WiVRn] [info] render: ready wait attempts 0 success 0 total 0.000 ms | selected older than available 0
09-10 06:05:25.149 27483 31306 I WiVRn   : [2026-09-10 06:05:25.149] [WiVRn] [info] render: selected source transitions forward 180 backward 0 repeat 0, greatest forward gap 1
09-10 06:05:25.149 27483 31306 I WiVRn   : [2026-09-10 06:05:25.149] [WiVRn] [info] render: this app's own GPU pass 4.3 ms per iteration
09-10 06:05:25.149 27483 31306 I WiVRn   : [2026-09-10 06:05:25.149] [WiVRn] [info] render: defoveate 2160x2160 per eye x2 = 9.33 Mpx/frame at scale 1.00 atlas-prototype 0; 0 re-presented from the cache (reduce_gpu_load on)
09-10 06:05:25.149 27483 31306 I WiVRn   : [2026-09-10 06:05:25.149] [WiVRn] [info] render: shader path sharpness 0.00 fsr false alpha false motion false blend false glow 0.00 vignette 0.00 deband 0.00 lowpoly 0.00 levels 0 full-kernel false
09-10 06:05:25.149 27483 31306 I WiVRn   : [2026-09-10 06:05:25.149] [WiVRn] [info] render: per iteration fence 0.0 (worst 0.0) | queries 0.0 | submit 0.0 | whole render() 0.7 ms
09-10 06:05:25.149 27483 31306 I WiVRn   : [2026-09-10 06:05:25.149] [WiVRn] [info] render: jit on | wake slack 37.3 ms | slept 7.5 ms mean (max 7.5, 180 of 180 iterations) | budget 1.7 = pass 0.7 + margin 1.0 | sleep cap 7.5 ms
09-10 06:05:25.149 27483 31306 I WiVRn   : [2026-09-10 06:05:25.149] [WiVRn] [info] render: source display-time offset 50.0 ms mean (worst 50.2) over 180 frames | submit lead 29.1 ms mean (worst 28.3) | misses: 0 overrun 0 late 0 skipped refresh
09-10 06:05:25.709 27483 31302 I PxrMetric: FPS=90/90,MTP=29.28ms,AppSW=off,FrmEarly=0,FrmLate=0,FrmCpu=0.53ms,FrmGpu=5.39ms,FrmTime=13.46ms,ATWGPU=1.60ms,VsyncDelay=2,GPU=83%/587Mhz,GPUTemp=75.6C,LayerCnt=3,Pkg=org.meumeu.wivrn.nx.warp,FrmId=2687
09-10 06:05:25.744 27483 31346 I WiVRn   : [2026-09-10 06:05:25.744] [WiVRn] [info] Tracking pattern (11110µs):
09-10 06:05:25.744 27483 31346 I WiVRn   : [2026-09-10 06:05:25.744] [WiVRn] [info] 	t+4490µs HEAD (6620µs)
09-10 06:05:25.744 27483 31346 I WiVRn   : [2026-09-10 06:05:25.744] [WiVRn] [info] 	t+4533µs LEFT_GRIP (6577µs)
09-10 06:05:25.744 27483 31346 I WiVRn   : [2026-09-10 06:05:25.744] [WiVRn] [info] 	t+4541µs RIGHT_GRIP (6568µs)
09-10 06:05:25.744 27483 31346 I WiVRn   : [2026-09-10 06:05:25.744] [WiVRn] [info] 	t+7490µs HEAD (3620µs)
09-10 06:05:25.744 27483 31346 I WiVRn   : [2026-09-10 06:05:25.744] [WiVRn] [info] 	t+7533µs LEFT_GRIP (3577µs)
09-10 06:05:25.744 27483 31346 I WiVRn   : [2026-09-10 06:05:25.744] [WiVRn] [info] 	t+7541µs RIGHT_GRIP (3568µs)
09-10 06:05:26.370 27483 31340 I WiVRn   : [2026-09-10 06:05:26.370] [WiVRn] [info] nxwarp[0] net: 180 frames closed in 2.0 s, 0 with a hole, 0 out-of-order datagrams, 0 frames completed late, 0 queued for the worker, 2417 decoded so far, 2542 stragglers dropped; last hole 0/0 chunks, first missing -1, short false, chunk 1166 B
09-10 06:05:26.370 27483 31340 I WiVRn   : [2026-09-10 06:05:26.370] [WiVRn] [info] nxwarp[0] net: 0.027 ms per datagram over 31856 datagrams (434.15 ms of every second)
09-10 06:05:26.370 27483 31340 I WiVRn   : [2026-09-10 06:05:26.370] [WiVRn] [info] nxwarp[0] sel: stride 1, arrival 11.0 ms, dropped-late 79, withheld 0, decoded 2417
09-10 06:05:26.370 27483 31340 I WiVRn   : [2026-09-10 06:05:26.370] [WiVRn] [info] nxwarp[0] rx: 418759 datagrams, placed 4602651 (+356933), late 42530 (+2896), stale_frame 0, bad_range 0, bad_dir 0, bad_caps 0, bad_ver 0, auth_fail 0, replay 0, frozen 0, dup 140
09-10 06:05:26.724 27483 31302 I PxrMetric: FPS=90/90,MTP=29.64ms,AppSW=off,FrmEarly=0,FrmLate=0,FrmCpu=0.55ms,FrmGpu=6.28ms,FrmTime=14.37ms,ATWGPU=1.60ms,VsyncDelay=2,GPU=82%/587Mhz,GPUTemp=74.4C,LayerCnt=3,Pkg=org.meumeu.wivrn.nx.warp,FrmId=2778
09-10 06:05:26.756 27483 31346 I WiVRn   : [2026-09-10 06:05:26.756] [WiVRn] [info] Tracking pattern (11110µs):
09-10 06:05:26.756 27483 31346 I WiVRn   : [2026-09-10 06:05:26.756] [WiVRn] [info] 	t+4455µs HEAD (6654µs)
09-10 06:05:26.756 27483 31346 I WiVRn   : [2026-09-10 06:05:26.756] [WiVRn] [info] 	t+4547µs LEFT_GRIP (6562µs)
09-10 06:05:26.756 27483 31346 I WiVRn   : [2026-09-10 06:05:26.756] [WiVRn] [info] 	t+4556µs RIGHT_GRIP (6553µs)
09-10 06:05:26.756 27483 31346 I WiVRn   : [2026-09-10 06:05:26.756] [WiVRn] [info] 	t+7455µs HEAD (3654µs)
09-10 06:05:26.756 27483 31346 I WiVRn   : [2026-09-10 06:05:26.756] [WiVRn] [info] 	t+7547µs LEFT_GRIP (3562µs)
09-10 06:05:26.756 27483 31346 I WiVRn   : [2026-09-10 06:05:26.756] [WiVRn] [info] 	t+7556µs RIGHT_GRIP (3553µs)
09-10 06:05:27.102 27483 31344 I WiVRn   : [2026-09-10 06:05:27.102] [WiVRn] [info] nxwarp[0]: 181 frames in 2.0 s: 136213 B/frame, wait-prev 0.0 ms, wall 8.8 ms, nxvc passA 1.6 passB 2.7 gpu 4.3 ms; holes 0, refused 0
09-10 06:05:27.102 27483 31344 I WiVRn   : [2026-09-10 06:05:27.102] [WiVRn] [info] nxwarp[0] gpu duty 386 ms/s (39% of one GPU) for decode alone; the display pass is extra
09-10 06:05:27.102 27483 31344 I WiVRn   : [2026-09-10 06:05:27.102] [WiVRn] [info] nxwarp[0] passB 2.7 ms = warp 0.0 + skip 0.0 + coded 0.0 + dir 0.0 + other 2.7; tiles skip 0 / coded 2312 / dir 0 (eye pass 0)
09-10 06:05:27.102 27483 31344 I WiVRn   : [2026-09-10 06:05:27.102] [WiVRn] [info] nxwarp[0]: 79 frames dropped late (queue kept to 1)
09-10 06:05:27.102 27483 31344 I WiVRn   : [2026-09-10 06:05:27.102] [WiVRn] [info] nxwarp[0] stage: gap 2.3 | wait-prev 0.0 | submit 1.0 (qlock 0.0 + codec 1.0) | get_free 0.0 | fence-pre 0.0 | record 0.0 | qsubmit 0.0 | fence-post 7.7 | publish 0.0 ms; withheld 0, stride 1, arrival 11.2 ms
09-10 06:05:27.102 27483 31344 I WiVRn   : [2026-09-10 06:05:27.102] [WiVRn] [info] nxwarp[0] reassembly (network thread): 0.07 ms/frame over 181 frames, buffer 133 kB held for 133 kB of unit (1.0x)
09-10 06:05:27.102 27483 31344 I WiVRn   : [2026-09-10 06:05:27.102] [WiVRn] [info] nxwarp[0] fence-post 7.7 ms = nxvc gpu 4.3 + copy gpu 0.00 + queue 3.4 (over 181 frames with timestamps)
09-10 06:05:27.149 27483 31306 I WiVRn   : [2026-09-10 06:05:27.149] [WiVRn] [info] render: 180 iterations in 2.0 s (90.0/s), 180 submitted a layer, 179 new-source, 0 skipped by the repeat gate, 0 with nothing to show; display period 11.1 ms
09-10 06:05:27.149 27483 31306 I WiVRn   : [2026-09-10 06:05:27.149] [WiVRn] [info] render: ready wait attempts 1 success 0 total 1.061 ms | selected older than available 0
09-10 06:05:27.149 27483 31306 I WiVRn   : [2026-09-10 06:05:27.149] [WiVRn] [info] render: selected source transitions forward 179 backward 0 repeat 1, greatest forward gap 2
09-10 06:05:27.149 27483 31306 I WiVRn   : [2026-09-10 06:05:27.149] [WiVRn] [info] render: this app's own GPU pass 4.5 ms per iteration
09-10 06:05:27.149 27483 31306 I WiVRn   : [2026-09-10 06:05:27.149] [WiVRn] [info] render: defoveate 2160x2160 per eye x2 = 9.33 Mpx/frame at scale 1.00 atlas-prototype 0; 1 re-presented from the cache (reduce_gpu_load on)
09-10 06:05:27.149 27483 31306 I WiVRn   : [2026-09-10 06:05:27.149] [WiVRn] [info] render: shader path sharpness 0.00 fsr false alpha false motion false blend false glow 0.00 vignette 0.00 deband 0.00 lowpoly 0.00 levels 0 full-kernel false
09-10 06:05:27.149 27483 31306 I WiVRn   : [2026-09-10 06:05:27.149] [WiVRn] [info] render: per iteration fence 0.0 (worst 0.0) | queries 0.0 | submit 0.0 | whole render() 0.7 ms
09-10 06:05:27.149 27483 31306 I WiVRn   : [2026-09-10 06:05:27.149] [WiVRn] [info] render: jit on | wake slack 37.5 ms | slept 7.5 ms mean (max 7.5, 180 of 180 iterations) | budget 1.9 = pass 0.9 + margin 1.0 | sleep cap 7.5 ms
09-10 06:05:27.149 27483 31306 I WiVRn   : [2026-09-10 06:05:27.149] [WiVRn] [info] render: source display-time offset 50.3 ms mean (worst 61.4) over 180 frames | submit lead 29.3 ms mean (worst 28.3) | misses: 0 overrun 0 late 0 skipped refresh
09-10 06:05:27.731 27483 31302 I PxrMetric: FPS=90/90,MTP=29.56ms,AppSW=off,FrmEarly=0,FrmLate=0,FrmCpu=0.51ms,FrmGpu=5.48ms,FrmTime=13.53ms,ATWGPU=1.61ms,VsyncDelay=2,GPU=87%/587Mhz,GPUTemp=75.6C,LayerCnt=3,Pkg=org.meumeu.wivrn.nx.warp,FrmId=2869
09-10 06:05:27.744 27483 31346 I WiVRn   : [2026-09-10 06:05:27.744] [WiVRn] [info] Tracking pattern (11109µs):
09-10 06:05:27.745 27483 31346 I WiVRn   : [2026-09-10 06:05:27.745] [WiVRn] [info] 	t+4165µs HEAD (6943µs)
09-10 06:05:27.745 27483 31346 I WiVRn   : [2026-09-10 06:05:27.745] [WiVRn] [info] 	t+4266µs LEFT_GRIP (6842µs)
09-10 06:05:27.745 27483 31346 I WiVRn   : [2026-09-10 06:05:27.745] [WiVRn] [info] 	t+4275µs RIGHT_GRIP (6834µs)
09-10 06:05:27.745 27483 31346 I WiVRn   : [2026-09-10 06:05:27.745] [WiVRn] [info] 	t+7165µs HEAD (3943µs)
09-10 06:05:27.745 27483 31346 I WiVRn   : [2026-09-10 06:05:27.745] [WiVRn] [info] 	t+7266µs LEFT_GRIP (3842µs)
09-10 06:05:27.745 27483 31346 I WiVRn   : [2026-09-10 06:05:27.745] [WiVRn] [info] 	t+7275µs RIGHT_GRIP (3834µs)
09-10 06:05:28.381 27483 31340 I WiVRn   : [2026-09-10 06:05:28.381] [WiVRn] [info] nxwarp[0] net: 181 frames closed in 2.0 s, 0 with a hole, 0 out-of-order datagrams, 0 frames completed late, 0 queued for the worker, 2598 decoded so far, 2747 stragglers dropped; last hole 0/0 chunks, first missing -1, short false, chunk 1166 B
09-10 06:05:28.381 27483 31340 I WiVRn   : [2026-09-10 06:05:28.381] [WiVRn] [info] nxwarp[0] net: 0.028 ms per datagram over 30734 datagrams (429.56 ms of every second)
09-10 06:05:28.381 27483 31340 I WiVRn   : [2026-09-10 06:05:28.381] [WiVRn] [info] nxwarp[0] sel: stride 1, arrival 10.8 ms, dropped-late 79, withheld 0, decoded 2598
09-10 06:05:28.381 27483 31340 I WiVRn   : [2026-09-10 06:05:28.381] [WiVRn] [info] nxwarp[0] rx: 449493 datagrams, placed 4880733 (+278082), late 47119 (+4589), stale_frame 0, bad_range 0, bad_dir 0, bad_caps 0, bad_ver 0, auth_fail 0, replay 0, frozen 0, dup 153
09-10 06:05:28.742 27483 31302 I PxrMetric: FPS=90/90,MTP=29.63ms,AppSW=off,FrmEarly=0,FrmLate=0,FrmCpu=0.54ms,FrmGpu=5.60ms,FrmTime=13.68ms,ATWGPU=1.60ms,VsyncDelay=2,GPU=80%/587Mhz,GPUTemp=76.4C,LayerCnt=3,Pkg=org.meumeu.wivrn.nx.warp,FrmId=2960
09-10 06:05:28.745 27483 31346 I WiVRn   : [2026-09-10 06:05:28.745] [WiVRn] [info] Tracking pattern (11106µs):
09-10 06:05:28.745 27483 31346 I WiVRn   : [2026-09-10 06:05:28.745] [WiVRn] [info] 	t+4162µs HEAD (6944µs)
09-10 06:05:28.745 27483 31346 I WiVRn   : [2026-09-10 06:05:28.745] [WiVRn] [info] 	t+4202µs LEFT_GRIP (6903µs)
09-10 06:05:28.745 27483 31346 I WiVRn   : [2026-09-10 06:05:28.745] [WiVRn] [info] 	t+4207µs RIGHT_GRIP (6898µs)
09-10 06:05:28.745 27483 31346 I WiVRn   : [2026-09-10 06:05:28.745] [WiVRn] [info] 	t+7162µs HEAD (3944µs)
09-10 06:05:28.745 27483 31346 I WiVRn   : [2026-09-10 06:05:28.745] [WiVRn] [info] 	t+7202µs LEFT_GRIP (3903µs)
09-10 06:05:28.745 27483 31346 I WiVRn   : [2026-09-10 06:05:28.745] [WiVRn] [info] 	t+7207µs RIGHT_GRIP (3898µs)
09-10 06:05:29.113 27483 31344 I WiVRn   : [2026-09-10 06:05:29.113] [WiVRn] [info] nxwarp[0]: 181 frames in 2.0 s: 135548 B/frame, wait-prev 0.0 ms, wall 8.6 ms, nxvc passA 1.6 passB 2.7 gpu 4.3 ms; holes 0, refused 0
09-10 06:05:29.113 27483 31344 I WiVRn   : [2026-09-10 06:05:29.113] [WiVRn] [info] nxwarp[0] gpu duty 384 ms/s (38% of one GPU) for decode alone; the display pass is extra
09-10 06:05:29.113 27483 31344 I WiVRn   : [2026-09-10 06:05:29.113] [WiVRn] [info] nxwarp[0] passB 2.7 ms = warp 0.0 + skip 0.0 + coded 0.0 + dir 0.0 + other 2.7; tiles skip 0 / coded 2312 / dir 0 (eye pass 0)
09-10 06:05:29.113 27483 31344 I WiVRn   : [2026-09-10 06:05:29.113] [WiVRn] [info] nxwarp[0]: 79 frames dropped late (queue kept to 1)
09-10 06:05:29.113 27483 31344 I WiVRn   : [2026-09-10 06:05:29.113] [WiVRn] [info] nxwarp[0] stage: gap 2.5 | wait-prev 0.0 | submit 1.0 (qlock 0.0 + codec 1.0) | get_free 0.0 | fence-pre 0.0 | record 0.0 | qsubmit 0.0 | fence-post 7.6 | publish 0.0 ms; withheld 0, stride 1, arrival 11.1 ms
09-10 06:05:29.113 27483 31344 I WiVRn   : [2026-09-10 06:05:29.113] [WiVRn] [info] nxwarp[0] reassembly (network thread): 0.09 ms/frame over 181 frames, buffer 132 kB held for 132 kB of unit (1.0x)
09-10 06:05:29.113 27483 31344 I WiVRn   : [2026-09-10 06:05:29.113] [WiVRn] [info] nxwarp[0] fence-post 7.6 ms = nxvc gpu 4.3 + copy gpu 0.00 + queue 3.3 (over 181 frames with timestamps)
09-10 06:05:29.149 27483 31306 I WiVRn   : [2026-09-10 06:05:29.149] [WiVRn] [info] render: 180 iterations in 2.0 s (90.0/s), 180 submitted a layer, 180 new-source, 0 skipped by the repeat gate, 0 with nothing to show; display period 11.1 ms
09-10 06:05:29.149 27483 31306 I WiVRn   : [2026-09-10 06:05:29.149] [WiVRn] [info] render: ready wait attempts 0 success 0 total 0.000 ms | selected older than available 0
09-10 06:05:29.149 27483 31306 I WiVRn   : [2026-09-10 06:05:29.149] [WiVRn] [info] render: selected source transitions forward 180 backward 0 repeat 0, greatest forward gap 1
09-10 06:05:29.149 27483 31306 I WiVRn   : [2026-09-10 06:05:29.149] [WiVRn] [info] render: this app's own GPU pass 4.6 ms per iteration
09-10 06:05:29.149 27483 31306 I WiVRn   : [2026-09-10 06:05:29.149] [WiVRn] [info] render: defoveate 2160x2160 per eye x2 = 9.33 Mpx/frame at scale 1.00 atlas-prototype 0; 0 re-presented from the cache (reduce_gpu_load on)
09-10 06:05:29.149 27483 31306 I WiVRn   : [2026-09-10 06:05:29.149] [WiVRn] [info] render: shader path sharpness 0.00 fsr false alpha false motion false blend false glow 0.00 vignette 0.00 deband 0.00 lowpoly 0.00 levels 0 full-kernel false
09-10 06:05:29.149 27483 31306 I WiVRn   : [2026-09-10 06:05:29.149] [WiVRn] [info] render: per iteration fence 0.0 (worst 0.0) | queries 0.0 | submit 0.0 | whole render() 0.7 ms
09-10 06:05:29.149 27483 31306 I WiVRn   : [2026-09-10 06:05:29.149] [WiVRn] [info] render: jit on | wake slack 37.5 ms | slept 7.5 ms mean (max 7.5, 180 of 180 iterations) | budget 1.8 = pass 0.8 + margin 1.0 | sleep cap 7.5 ms
09-10 06:05:29.149 27483 31306 I WiVRn   : [2026-09-10 06:05:29.149] [WiVRn] [info] render: source display-time offset 50.2 ms mean (worst 50.4) over 180 frames | submit lead 29.3 ms mean (worst 28.6) | misses: 0 overrun 0 late 0 skipped refresh
09-10 06:05:29.753 27483 31302 I PxrMetric: FPS=90/90,MTP=29.90ms,AppSW=off,FrmEarly=0,FrmLate=0,FrmCpu=0.57ms,FrmGpu=5.94ms,FrmTime=14.06ms,ATWGPU=1.63ms,VsyncDelay=2,GPU=82%/587Mhz,GPUTemp=75.2C,LayerCnt=3,Pkg=org.meumeu.wivrn.nx.warp,FrmId=3051
09-10 06:05:29.756 27483 31346 I WiVRn   : [2026-09-10 06:05:29.756] [WiVRn] [info] Tracking pattern (11106µs):
09-10 06:05:29.756 27483 31346 I WiVRn   : [2026-09-10 06:05:29.756] [WiVRn] [info] 	t+3925µs HEAD (7180µs)
09-10 06:05:29.756 27483 31346 I WiVRn   : [2026-09-10 06:05:29.756] [WiVRn] [info] 	t+3969µs LEFT_GRIP (7136µs)
09-10 06:05:29.756 27483 31346 I WiVRn   : [2026-09-10 06:05:29.756] [WiVRn] [info] 	t+3979µs RIGHT_GRIP (7126µs)
09-10 06:05:29.756 27483 31346 I WiVRn   : [2026-09-10 06:05:29.756] [WiVRn] [info] 	t+6925µs HEAD (4180µs)
09-10 06:05:29.756 27483 31346 I WiVRn   : [2026-09-10 06:05:29.756] [WiVRn] [info] 	t+6969µs LEFT_GRIP (4136µs)
09-10 06:05:29.756 27483 31346 I WiVRn   : [2026-09-10 06:05:29.756] [WiVRn] [info] 	t+6979µs RIGHT_GRIP (4126µs)
09-10 06:05:30.384 27483 31340 I WiVRn   : [2026-09-10 06:05:30.384] [WiVRn] [info] nxwarp[0] net: 180 frames closed in 2.0 s, 0 with a hole, 0 out-of-order datagrams, 0 frames completed late, 0 queued for the worker, 2777 decoded so far, 2927 stragglers dropped; last hole 0/0 chunks, first missing -1, short false, chunk 1166 B
09-10 06:05:30.384 27483 31340 I WiVRn   : [2026-09-10 06:05:30.384] [WiVRn] [info] nxwarp[0] net: 0.027 ms per datagram over 31571 datagrams (427.09 ms of every second)
09-10 06:05:30.384 27483 31340 I WiVRn   : [2026-09-10 06:05:30.384] [WiVRn] [info] nxwarp[0] sel: stride 1, arrival 10.0 ms, dropped-late 80, withheld 0, decoded 2777
09-10 06:05:30.384 27483 31340 I WiVRn   : [2026-09-10 06:05:30.384] [WiVRn] [info] nxwarp[0] rx: 481064 datagrams, placed 5294696 (+413963), late 54212 (+7093), stale_frame 0, bad_range 0, bad_dir 0, bad_caps 0, bad_ver 0, auth_fail 0, replay 0, frozen 0, dup 153
09-10 06:05:30.754 27483 31302 I PxrMetric: FPS=90/90,MTP=25.32ms,AppSW=off,FrmEarly=0,FrmLate=0,FrmCpu=1.02ms,FrmGpu=2.09ms,FrmTime=10.64ms,ATWGPU=1.60ms,VsyncDelay=1,GPU=83%/587Mhz,GPUTemp=74.0C,LayerCnt=3,Pkg=org.meumeu.wivrn.nx.warp,FrmId=3141
09-10 06:05:30.756 27483 31346 I WiVRn   : [2026-09-10 06:05:30.756] [WiVRn] [info] Tracking pattern (11105µs):
09-10 06:05:30.756 27483 31346 I WiVRn   : [2026-09-10 06:05:30.756] [WiVRn] [info] 	t+6674µs HEAD (15536µs)
09-10 06:05:30.756 27483 31346 I WiVRn   : [2026-09-10 06:05:30.756] [WiVRn] [info] 	t+6721µs LEFT_GRIP (15490µs)
09-10 06:05:30.756 27483 31346 I WiVRn   : [2026-09-10 06:05:30.756] [WiVRn] [info] 	t+6726µs RIGHT_GRIP (15484µs)
09-10 06:05:30.756 27483 31346 I WiVRn   : [2026-09-10 06:05:30.756] [WiVRn] [info] 	t+9674µs HEAD (12536µs)
09-10 06:05:30.756 27483 31346 I WiVRn   : [2026-09-10 06:05:30.756] [WiVRn] [info] 	t+9721µs LEFT_GRIP (12490µs)
09-10 06:05:30.756 27483 31346 I WiVRn   : [2026-09-10 06:05:30.756] [WiVRn] [info] 	t+9726µs RIGHT_GRIP (12484µs)
09-10 06:05:31.119 27483 31344 I WiVRn   : [2026-09-10 06:05:31.119] [WiVRn] [info] nxwarp[0]: 165 frames in 2.0 s: 126017 B/frame, wait-prev 0.0 ms, wall 7.7 ms, nxvc passA 1.6 passB 2.6 gpu 4.2 ms; holes 0, refused 0
09-10 06:05:31.119 27483 31344 I WiVRn   : [2026-09-10 06:05:31.119] [WiVRn] [info] nxwarp[0] gpu duty 347 ms/s (35% of one GPU) for decode alone; the display pass is extra
09-10 06:05:31.119 27483 31344 I WiVRn   : [2026-09-10 06:05:31.119] [WiVRn] [info] nxwarp[0] passB 2.6 ms = warp 0.0 + skip 0.0 + coded 0.0 + dir 0.0 + other 2.6; tiles skip 0 / coded 2312 / dir 0 (eye pass 0)
09-10 06:05:31.119 27483 31344 I WiVRn   : [2026-09-10 06:05:31.119] [WiVRn] [info] nxwarp[0]: 92 frames dropped late (queue kept to 1)
09-10 06:05:31.119 27483 31344 I WiVRn   : [2026-09-10 06:05:31.119] [WiVRn] [info] nxwarp[0] stage: gap 4.5 | wait-prev 0.0 | submit 1.0 (qlock 0.0 + codec 1.0) | get_free 0.0 | fence-pre 0.0 | record 0.0 | qsubmit 0.0 | fence-post 6.6 | publish 0.0 ms; withheld 0, stride 1, arrival 5.3 ms
09-10 06:05:31.119 27483 31344 I WiVRn   : [2026-09-10 06:05:31.119] [WiVRn] [info] nxwarp[0] reassembly (network thread): 0.08 ms/frame over 179 frames, buffer 123 kB held for 123 kB of unit (1.0x)
09-10 06:05:31.119 27483 31344 I WiVRn   : [2026-09-10 06:05:31.119] [WiVRn] [info] nxwarp[0] fence-post 6.6 ms = nxvc gpu 4.2 + copy gpu 0.00 + queue 2.4 (over 165 frames with timestamps)
09-10 06:05:31.151 27483 31306 I WiVRn   : [2026-09-10 06:05:31.151] [WiVRn] [info] render: 180 iterations in 2.0 s (89.9/s), 180 submitted a layer, 145 new-source, 0 skipped by the repeat gate, 0 with nothing to show; display period 11.1 ms
09-10 06:05:31.151 27483 31306 I WiVRn   : [2026-09-10 06:05:31.151] [WiVRn] [info] render: ready wait attempts 38 success 3 total 38.497 ms | selected older than available 0
09-10 06:05:31.151 27483 31306 I WiVRn   : [2026-09-10 06:05:31.151] [WiVRn] [info] render: selected source transitions forward 145 backward 0 repeat 35, greatest forward gap 4
09-10 06:05:31.151 27483 31306 I WiVRn   : [2026-09-10 06:05:31.151] [WiVRn] [info] render: this app's own GPU pass 3.6 ms per iteration
09-10 06:05:31.151 27483 31306 I WiVRn   : [2026-09-10 06:05:31.151] [WiVRn] [info] render: defoveate 2160x2160 per eye x2 = 9.33 Mpx/frame at scale 1.00 atlas-prototype 0; 35 re-presented from the cache (reduce_gpu_load on)
09-10 06:05:31.151 27483 31306 I WiVRn   : [2026-09-10 06:05:31.151] [WiVRn] [info] render: shader path sharpness 0.00 fsr false alpha false motion false blend false glow 0.00 vignette 0.00 deband 0.00 lowpoly 0.00 levels 0 full-kernel false
09-10 06:05:31.151 27483 31306 I WiVRn   : [2026-09-10 06:05:31.151] [WiVRn] [info] render: per iteration fence 0.0 (worst 0.0) | queries 0.0 | submit 0.0 | whole render() 0.8 ms
09-10 06:05:31.151 27483 31306 I WiVRn   : [2026-09-10 06:05:31.151] [WiVRn] [info] render: jit on | wake slack 36.8 ms | slept 7.5 ms mean (max 7.5, 180 of 180 iterations) | budget 2.4 = pass 1.4 + margin 1.0 | sleep cap 7.5 ms
09-10 06:05:31.151 27483 31306 I WiVRn   : [2026-09-10 06:05:31.151] [WiVRn] [info] render: source display-time offset 72.9 ms mean (worst 194.4) over 180 frames | submit lead 28.4 ms mean (worst 24.9) | misses: 0 overrun 0 late 0 skipped refresh
09-10 06:05:31.745 27483 31346 I WiVRn   : [2026-09-10 06:05:31.745] [WiVRn] [info] Tracking pattern (11109µs):
09-10 06:05:31.745 27483 31346 I WiVRn   : [2026-09-10 06:05:31.745] [WiVRn] [info] 	t+3799µs HEAD (7309µs)
09-10 06:05:31.745 27483 31346 I WiVRn   : [2026-09-10 06:05:31.745] [WiVRn] [info] 	t+3871µs LEFT_GRIP (7237µs)
09-10 06:05:31.745 27483 31346 I WiVRn   : [2026-09-10 06:05:31.745] [WiVRn] [info] 	t+3876µs RIGHT_GRIP (7232µs)
09-10 06:05:31.745 27483 31346 I WiVRn   : [2026-09-10 06:05:31.745] [WiVRn] [info] 	t+6799µs HEAD (4309µs)
09-10 06:05:31.745 27483 31346 I WiVRn   : [2026-09-10 06:05:31.745] [WiVRn] [info] 	t+6871µs LEFT_GRIP (4237µs)
09-10 06:05:31.745 27483 31346 I WiVRn   : [2026-09-10 06:05:31.745] [WiVRn] [info] 	t+6876µs RIGHT_GRIP (4232µs)
09-10 06:05:31.754 27483 31302 I PxrMetric: FPS=90/90,MTP=29.31ms,AppSW=off,FrmEarly=0,FrmLate=0,FrmCpu=0.58ms,FrmGpu=5.73ms,FrmTime=13.86ms,ATWGPU=1.59ms,VsyncDelay=2,GPU=93%/587Mhz,GPUTemp=74.8C,LayerCnt=3,Pkg=org.meumeu.wivrn.nx.warp,FrmId=3231
09-10 06:05:32.393 27483 31340 I WiVRn   : [2026-09-10 06:05:32.393] [WiVRn] [info] nxwarp[0] net: 178 frames closed in 2.0 s, 0 with a hole, 0 out-of-order datagrams, 0 frames completed late, 0 queued for the worker, 2941 decoded so far, 3105 stragglers dropped; last hole 0/0 chunks, first missing -1, short false, chunk 1166 B
09-10 06:05:32.393 27483 31340 I WiVRn   : [2026-09-10 06:05:32.393] [WiVRn] [info] nxwarp[0] net: 0.028 ms per datagram over 28367 datagrams (400.08 ms of every second)
09-10 06:05:32.393 27483 31340 I WiVRn   : [2026-09-10 06:05:32.393] [WiVRn] [info] nxwarp[0] sel: stride 1, arrival 11.2 ms, dropped-late 94, withheld 0, decoded 2941
09-10 06:05:32.393 27483 31340 I WiVRn   : [2026-09-10 06:05:32.393] [WiVRn] [info] nxwarp[0] rx: 509431 datagrams, placed 5706232 (+411536), late 83271 (+29059), stale_frame 0, bad_range 0, bad_dir 0, bad_caps 0, bad_ver 0, auth_fail 0, replay 0, frozen 0, dup 157
09-10 06:05:32.745 27483 31346 I WiVRn   : [2026-09-10 06:05:32.745] [WiVRn] [info] Tracking pattern (11110µs):
09-10 06:05:32.745 27483 31346 I WiVRn   : [2026-09-10 06:05:32.745] [WiVRn] [info] 	t+3937µs HEAD (7173µs)
09-10 06:05:32.745 27483 31346 I WiVRn   : [2026-09-10 06:05:32.745] [WiVRn] [info] 	t+3976µs LEFT_GRIP (7133µs)
09-10 06:05:32.745 27483 31346 I WiVRn   : [2026-09-10 06:05:32.745] [WiVRn] [info] 	t+3983µs RIGHT_GRIP (7127µs)
09-10 06:05:32.745 27483 31346 I WiVRn   : [2026-09-10 06:05:32.745] [WiVRn] [info] 	t+6937µs HEAD (4173µs)
09-10 06:05:32.745 27483 31346 I WiVRn   : [2026-09-10 06:05:32.745] [WiVRn] [info] 	t+6976µs LEFT_GRIP (4133µs)
09-10 06:05:32.745 27483 31346 I WiVRn   : [2026-09-10 06:05:32.745] [WiVRn] [info] 	t+6983µs RIGHT_GRIP (4127µs)
09-10 06:05:32.768 27483 31302 I PxrMetric: FPS=90/90,MTP=29.22ms,AppSW=off,FrmEarly=0,FrmLate=0,FrmCpu=0.54ms,FrmGpu=5.82ms,FrmTime=13.89ms,ATWGPU=1.59ms,VsyncDelay=2,GPU=82%/587Mhz,GPUTemp=74.0C,LayerCnt=3,Pkg=org.meumeu.wivrn.nx.warp,FrmId=3322
09-10 06:05:33.124 27483 31344 I WiVRn   : [2026-09-10 06:05:33.124] [WiVRn] [info] nxwarp[0]: 178 frames in 2.0 s: 119942 B/frame, wait-prev 0.0 ms, wall 8.3 ms, nxvc passA 1.6 passB 2.6 gpu 4.2 ms; holes 0, refused 0
09-10 06:05:33.124 27483 31344 I WiVRn   : [2026-09-10 06:05:33.124] [WiVRn] [info] nxwarp[0] gpu duty 370 ms/s (37% of one GPU) for decode alone; the display pass is extra
09-10 06:05:33.124 27483 31344 I WiVRn   : [2026-09-10 06:05:33.124] [WiVRn] [info] nxwarp[0] passB 2.6 ms = warp 0.0 + skip 0.0 + coded 0.0 + dir 0.0 + other 2.6; tiles skip 0 / coded 2312 / dir 0 (eye pass 0)
09-10 06:05:33.124 27483 31344 I WiVRn   : [2026-09-10 06:05:33.124] [WiVRn] [info] nxwarp[0]: 94 frames dropped late (queue kept to 1)
09-10 06:05:33.124 27483 31344 I WiVRn   : [2026-09-10 06:05:33.124] [WiVRn] [info] nxwarp[0] stage: gap 2.9 | wait-prev 0.0 | submit 1.1 (qlock 0.0 + codec 1.0) | get_free 0.0 | fence-pre 0.0 | record 0.0 | qsubmit 0.0 | fence-post 7.2 | publish 0.0 ms; withheld 0, stride 1, arrival 11.0 ms
09-10 06:05:33.124 27483 31344 I WiVRn   : [2026-09-10 06:05:33.124] [WiVRn] [info] nxwarp[0] reassembly (network thread): 0.09 ms/frame over 179 frames, buffer 117 kB held for 117 kB of unit (1.0x)
09-10 06:05:33.124 27483 31344 I WiVRn   : [2026-09-10 06:05:33.124] [WiVRn] [info] nxwarp[0] fence-post 7.2 ms = nxvc gpu 4.2 + copy gpu 0.00 + queue 3.1 (over 178 frames with timestamps)
09-10 06:05:33.160 27483 31306 I WiVRn   : [2026-09-10 06:05:33.160] [WiVRn] [info] render: 181 iterations in 2.0 s (90.0/s), 181 submitted a layer, 173 new-source, 0 skipped by the repeat gate, 0 with nothing to show; display period 11.1 ms
09-10 06:05:33.160 27483 31306 I WiVRn   : [2026-09-10 06:05:33.160] [WiVRn] [info] render: ready wait attempts 9 success 1 total 9.134 ms | selected older than available 0
09-10 06:05:33.160 27483 31306 I WiVRn   : [2026-09-10 06:05:33.160] [WiVRn] [info] render: selected source transitions forward 173 backward 0 repeat 8, greatest forward gap 3
09-10 06:05:33.160 27483 31306 I WiVRn   : [2026-09-10 06:05:33.160] [WiVRn] [info] render: this app's own GPU pass 4.4 ms per iteration
09-10 06:05:33.160 27483 31306 I WiVRn   : [2026-09-10 06:05:33.160] [WiVRn] [info] render: defoveate 2160x2160 per eye x2 = 9.33 Mpx/frame at scale 1.00 atlas-prototype 0; 8 re-presented from the cache (reduce_gpu_load on)
09-10 06:05:33.160 27483 31306 I WiVRn   : [2026-09-10 06:05:33.160] [WiVRn] [info] render: shader path sharpness 0.00 fsr false alpha false motion false blend false glow 0.00 vignette 0.00 deband 0.00 lowpoly 0.00 levels 0 full-kernel false
09-10 06:05:33.160 27483 31306 I WiVRn   : [2026-09-10 06:05:33.160] [WiVRn] [info] render: per iteration fence 0.0 (worst 0.0) | queries 0.0 | submit 0.0 | whole render() 0.7 ms
09-10 06:05:33.160 27483 31306 I WiVRn   : [2026-09-10 06:05:33.160] [WiVRn] [info] render: jit on | wake slack 37.4 ms | slept 7.5 ms mean (max 7.5, 181 of 181 iterations) | budget 1.8 = pass 0.8 + margin 1.0 | sleep cap 7.5 ms
09-10 06:05:33.160 27483 31306 I WiVRn   : [2026-09-10 06:05:33.160] [WiVRn] [info] render: source display-time offset 52.2 ms mean (worst 94.4) over 181 frames | submit lead 29.1 ms mean (worst 26.9) | misses: 0 overrun 0 late 0 skipped refresh
09-10 06:05:33.745 27483 31346 I WiVRn   : [2026-09-10 06:05:33.745] [WiVRn] [info] Tracking pattern (11112µs):
09-10 06:05:33.745 27483 31346 I WiVRn   : [2026-09-10 06:05:33.745] [WiVRn] [info] 	t+3806µs HEAD (7306µs)
09-10 06:05:33.745 27483 31346 I WiVRn   : [2026-09-10 06:05:33.745] [WiVRn] [info] 	t+3866µs LEFT_GRIP (7246µs)
09-10 06:05:33.745 27483 31346 I WiVRn   : [2026-09-10 06:05:33.745] [WiVRn] [info] 	t+4249µs RIGHT_GRIP (6863µs)
09-10 06:05:33.745 27483 31346 I WiVRn   : [2026-09-10 06:05:33.745] [WiVRn] [info] 	t+6806µs HEAD (4306µs)
09-10 06:05:33.745 27483 31346 I WiVRn   : [2026-09-10 06:05:33.745] [WiVRn] [info] 	t+6866µs LEFT_GRIP (4246µs)
09-10 06:05:33.745 27483 31346 I WiVRn   : [2026-09-10 06:05:33.745] [WiVRn] [info] 	t+7249µs RIGHT_GRIP (3863µs)
09-10 06:05:33.780 27483 31302 I PxrMetric: FPS=90/90,MTP=29.24ms,AppSW=off,FrmEarly=0,FrmLate=0,FrmCpu=0.51ms,FrmGpu=5.85ms,FrmTime=13.91ms,ATWGPU=1.59ms,VsyncDelay=2,GPU=81%/587Mhz,GPUTemp=74.8C,LayerCnt=3,Pkg=org.meumeu.wivrn.nx.warp,FrmId=3413
09-10 06:05:34.405 27483 31340 I WiVRn   : [2026-09-10 06:05:34.405] [WiVRn] [info] nxwarp[0] net: 180 frames closed in 2.0 s, 0 with a hole, 0 out-of-order datagrams, 0 frames completed late, 0 queued for the worker, 3121 decoded so far, 3285 stragglers dropped; last hole 0/0 chunks, first missing -1, short false, chunk 1166 B
09-10 06:05:34.405 27483 31340 I WiVRn   : [2026-09-10 06:05:34.405] [WiVRn] [info] nxwarp[0] net: 0.029 ms per datagram over 30046 datagrams (426.43 ms of every second)
09-10 06:05:34.405 27483 31340 I WiVRn   : [2026-09-10 06:05:34.405] [WiVRn] [info] nxwarp[0] sel: stride 1, arrival 11.0 ms, dropped-late 94, withheld 0, decoded 3121
09-10 06:05:34.405 27483 31340 I WiVRn   : [2026-09-10 06:05:34.405] [WiVRn] [info] nxwarp[0] rx: 539477 datagrams, placed 6122392 (+416160), late 83559 (+288), stale_frame 0, bad_range 0, bad_dir 0, bad_caps 0, bad_ver 0, auth_fail 0, replay 0, frozen 0, dup 157
09-10 06:05:34.756 27483 31346 I WiVRn   : [2026-09-10 06:05:34.756] [WiVRn] [info] Tracking pattern (11110µs):
09-10 06:05:34.756 27483 31346 I WiVRn   : [2026-09-10 06:05:34.756] [WiVRn] [info] 	t+3932µs HEAD (7177µs)
09-10 06:05:34.756 27483 31346 I WiVRn   : [2026-09-10 06:05:34.756] [WiVRn] [info] 	t+3974µs LEFT_GRIP (7135µs)
09-10 06:05:34.756 27483 31346 I WiVRn   : [2026-09-10 06:05:34.756] [WiVRn] [info] 	t+3981µs RIGHT_GRIP (7128µs)
09-10 06:05:34.756 27483 31346 I WiVRn   : [2026-09-10 06:05:34.756] [WiVRn] [info] 	t+6932µs HEAD (4177µs)
09-10 06:05:34.756 27483 31346 I WiVRn   : [2026-09-10 06:05:34.756] [WiVRn] [info] 	t+6974µs LEFT_GRIP (4135µs)
09-10 06:05:34.756 27483 31346 I WiVRn   : [2026-09-10 06:05:34.756] [WiVRn] [info] 	t+6981µs RIGHT_GRIP (4128µs)
09-10 06:05:34.792 27483 31302 I PxrMetric: FPS=90/90,MTP=29.40ms,AppSW=off,FrmEarly=0,FrmLate=0,FrmCpu=0.56ms,FrmGpu=6.31ms,FrmTime=14.42ms,ATWGPU=1.59ms,VsyncDelay=2,GPU=82%/587Mhz,GPUTemp=74.4C,LayerCnt=3,Pkg=org.meumeu.wivrn.nx.warp,FrmId=3504
09-10 06:05:35.124 27483 31344 I WiVRn   : [2026-09-10 06:05:35.124] [WiVRn] [info] nxwarp[0]: 175 frames in 2.0 s: 128424 B/frame, wait-prev 0.0 ms, wall 8.7 ms, nxvc passA 1.6 passB 2.7 gpu 4.3 ms; holes 0, refused 0
09-10 06:05:35.124 27483 31344 I WiVRn   : [2026-09-10 06:05:35.124] [WiVRn] [info] nxwarp[0] gpu duty 377 ms/s (38% of one GPU) for decode alone; the display pass is extra
09-10 06:05:35.124 27483 31344 I WiVRn   : [2026-09-10 06:05:35.124] [WiVRn] [info] nxwarp[0] passB 2.7 ms = warp 0.0 + skip 0.0 + coded 0.0 + dir 0.0 + other 2.7; tiles skip 0 / coded 2312 / dir 0 (eye pass 0)
09-10 06:05:35.124 27483 31344 I WiVRn   : [2026-09-10 06:05:35.124] [WiVRn] [info] nxwarp[0]: 94 frames dropped late (queue kept to 1)
09-10 06:05:35.124 27483 31344 I WiVRn   : [2026-09-10 06:05:35.124] [WiVRn] [info] nxwarp[0] stage: gap 2.7 | wait-prev 0.0 | submit 1.0 (qlock 0.0 + codec 1.0) | get_free 0.0 | fence-pre 0.0 | record 0.0 | qsubmit 0.0 | fence-post 7.7 | publish 0.0 ms; withheld 0, stride 1, arrival 11.0 ms
09-10 06:05:35.124 27483 31344 I WiVRn   : [2026-09-10 06:05:35.124] [WiVRn] [info] nxwarp[0] reassembly (network thread): 0.09 ms/frame over 175 frames, buffer 125 kB held for 125 kB of unit (1.0x)
09-10 06:05:35.124 27483 31344 I WiVRn   : [2026-09-10 06:05:35.124] [WiVRn] [info] nxwarp[0] fence-post 7.7 ms = nxvc gpu 4.3 + copy gpu 0.00 + queue 3.3 (over 175 frames with timestamps)
09-10 06:05:35.160 27483 31306 I WiVRn   : [2026-09-10 06:05:35.160] [WiVRn] [info] render: 180 iterations in 2.0 s (90.0/s), 180 submitted a layer, 174 new-source, 0 skipped by the repeat gate, 0 with nothing to show; display period 11.1 ms
09-10 06:05:35.160 27483 31306 I WiVRn   : [2026-09-10 06:05:35.160] [WiVRn] [info] render: ready wait attempts 6 success 0 total 6.367 ms | selected older than available 0
09-10 06:05:35.160 27483 31306 I WiVRn   : [2026-09-10 06:05:35.160] [WiVRn] [info] render: selected source transitions forward 174 backward 0 repeat 6, greatest forward gap 2
09-10 06:05:35.160 27483 31306 I WiVRn   : [2026-09-10 06:05:35.160] [WiVRn] [info] render: this app's own GPU pass 4.5 ms per iteration
09-10 06:05:35.160 27483 31306 I WiVRn   : [2026-09-10 06:05:35.160] [WiVRn] [info] render: defoveate 2160x2160 per eye x2 = 9.33 Mpx/frame at scale 1.00 atlas-prototype 0; 6 re-presented from the cache (reduce_gpu_load on)
09-10 06:05:35.160 27483 31306 I WiVRn   : [2026-09-10 06:05:35.160] [WiVRn] [info] render: shader path sharpness 0.00 fsr false alpha false motion false blend false glow 0.00 vignette 0.00 deband 0.00 lowpoly 0.00 levels 0 full-kernel false
09-10 06:05:35.160 27483 31306 I WiVRn   : [2026-09-10 06:05:35.160] [WiVRn] [info] render: per iteration fence 0.0 (worst 0.0) | queries 0.0 | submit 0.0 | whole render() 0.7 ms
09-10 06:05:35.160 27483 31306 I WiVRn   : [2026-09-10 06:05:35.160] [WiVRn] [info] render: jit on | wake slack 37.4 ms | slept 7.5 ms mean (max 7.5, 180 of 180 iterations) | budget 2.1 = pass 1.1 + margin 1.0 | sleep cap 7.5 ms
09-10 06:05:35.160 27483 31306 I WiVRn   : [2026-09-10 06:05:35.160] [WiVRn] [info] render: source display-time offset 50.1 ms mean (worst 60.9) over 180 frames | submit lead 29.2 ms mean (worst 27.8) | misses: 0 overrun 0 late 0 skipped refresh
09-10 06:05:35.745 27483 31346 I WiVRn   : [2026-09-10 06:05:35.745] [WiVRn] [info] Tracking pattern (11108µs):
09-10 06:05:35.745 27483 31346 I WiVRn   : [2026-09-10 06:05:35.745] [WiVRn] [info] 	t+3458µs HEAD (7649µs)
09-10 06:05:35.745 27483 31346 I WiVRn   : [2026-09-10 06:05:35.745] [WiVRn] [info] 	t+3541µs LEFT_GRIP (7566µs)
09-10 06:05:35.745 27483 31346 I WiVRn   : [2026-09-10 06:05:35.745] [WiVRn] [info] 	t+3551µs RIGHT_GRIP (7556µs)
09-10 06:05:35.745 27483 31346 I WiVRn   : [2026-09-10 06:05:35.745] [WiVRn] [info] 	t+6458µs HEAD (4649µs)
09-10 06:05:35.745 27483 31346 I WiVRn   : [2026-09-10 06:05:35.745] [WiVRn] [info] 	t+6541µs LEFT_GRIP (4566µs)
09-10 06:05:35.745 27483 31346 I WiVRn   : [2026-09-10 06:05:35.745] [WiVRn] [info] 	t+6551µs RIGHT_GRIP (4556µs)
09-10 06:05:35.797 27483 31302 I PxrMetric: FPS=90/90,MTP=30.21ms,AppSW=off,FrmEarly=0,FrmLate=0,FrmCpu=0.52ms,FrmGpu=6.27ms,FrmTime=14.33ms,ATWGPU=1.59ms,VsyncDelay=2,GPU=77%/587Mhz,GPUTemp=74.8C,LayerCnt=3,Pkg=org.meumeu.wivrn.nx.warp,FrmId=3595
09-10 06:05:36.421 27483 31340 I WiVRn   : [2026-09-10 06:05:36.421] [WiVRn] [info] nxwarp[0] net: 176 frames closed in 2.0 s, 0 with a hole, 0 out-of-order datagrams, 0 frames completed late, 0 queued for the worker, 3297 decoded so far, 3461 stragglers dropped; last hole 0/0 chunks, first missing -1, short false, chunk 1166 B
09-10 06:05:36.421 27483 31340 I WiVRn   : [2026-09-10 06:05:36.421] [WiVRn] [info] nxwarp[0] net: 0.028 ms per datagram over 30578 datagrams (423.75 ms of every second)
09-10 06:05:36.421 27483 31340 I WiVRn   : [2026-09-10 06:05:36.421] [WiVRn] [info] nxwarp[0] sel: stride 1, arrival 10.9 ms, dropped-late 94, withheld 0, decoded 3297
09-10 06:05:36.421 27483 31340 I WiVRn   : [2026-09-10 06:05:36.421] [WiVRn] [info] nxwarp[0] rx: 570055 datagrams, placed 6529304 (+406912), late 84773 (+1214), stale_frame 0, bad_range 0, bad_dir 0, bad_caps 0, bad_ver 0, auth_fail 0, replay 0, frozen 0, dup 157
09-10 06:05:36.745 27483 31346 I WiVRn   : [2026-09-10 06:05:36.745] [WiVRn] [info] Tracking pattern (11111µs):
09-10 06:05:36.745 27483 31346 I WiVRn   : [2026-09-10 06:05:36.745] [WiVRn] [info] 	t+3097µs HEAD (8014µs)
09-10 06:05:36.745 27483 31346 I WiVRn   : [2026-09-10 06:05:36.745] [WiVRn] [info] 	t+3163µs LEFT_GRIP (7947µs)
09-10 06:05:36.745 27483 31346 I WiVRn   : [2026-09-10 06:05:36.745] [WiVRn] [info] 	t+3169µs RIGHT_GRIP (7941µs)
09-10 06:05:36.745 27483 31346 I WiVRn   : [2026-09-10 06:05:36.745] [WiVRn] [info] 	t+6097µs HEAD (5014µs)
09-10 06:05:36.745 27483 31346 I WiVRn   : [2026-09-10 06:05:36.745] [WiVRn] [info] 	t+6163µs LEFT_GRIP (4947µs)
09-10 06:05:36.745 27483 31346 I WiVRn   : [2026-09-10 06:05:36.745] [WiVRn] [info] 	t+6169µs RIGHT_GRIP (4941µs)
09-10 06:05:36.798 27483 31302 I PxrMetric: FPS=90/90,MTP=29.47ms,AppSW=off,FrmEarly=0,FrmLate=0,FrmCpu=0.52ms,FrmGpu=5.69ms,FrmTime=13.74ms,ATWGPU=1.60ms,VsyncDelay=2,GPU=88%/587Mhz,GPUTemp=74.8C,LayerCnt=3,Pkg=org.meumeu.wivrn.nx.warp,FrmId=3685
09-10 06:05:37.135 27483 31344 I WiVRn   : [2026-09-10 06:05:37.135] [WiVRn] [info] nxwarp[0]: 180 frames in 2.0 s: 128118 B/frame, wait-prev 0.0 ms, wall 8.7 ms, nxvc passA 1.6 passB 2.7 gpu 4.3 ms; holes 0, refused 0
09-10 06:05:37.136 27483 31344 I WiVRn   : [2026-09-10 06:05:37.136] [WiVRn] [info] nxwarp[0] gpu duty 381 ms/s (38% of one GPU) for decode alone; the display pass is extra
09-10 06:05:37.136 27483 31344 I WiVRn   : [2026-09-10 06:05:37.136] [WiVRn] [info] nxwarp[0] passB 2.7 ms = warp 0.0 + skip 0.0 + coded 0.0 + dir 0.0 + other 2.7; tiles skip 0 / coded 2312 / dir 0 (eye pass 0)
09-10 06:05:37.136 27483 31344 I WiVRn   : [2026-09-10 06:05:37.136] [WiVRn] [info] nxwarp[0]: 94 frames dropped late (queue kept to 1)
09-10 06:05:37.136 27483 31344 I WiVRn   : [2026-09-10 06:05:37.136] [WiVRn] [info] nxwarp[0] stage: gap 2.5 | wait-prev 0.0 | submit 1.0 (qlock 0.0 + codec 1.0) | get_free 0.0 | fence-pre 0.0 | record 0.0 | qsubmit 0.0 | fence-post 7.7 | publish 0.0 ms; withheld 0, stride 1, arrival 10.8 ms
09-10 06:05:37.136 27483 31344 I WiVRn   : [2026-09-10 06:05:37.136] [WiVRn] [info] nxwarp[0] reassembly (network thread): 0.09 ms/frame over 180 frames, buffer 125 kB held for 125 kB of unit (1.0x)
09-10 06:05:37.136 27483 31344 I WiVRn   : [2026-09-10 06:05:37.136] [WiVRn] [info] nxwarp[0] fence-post 7.7 ms = nxvc gpu 4.3 + copy gpu 0.00 + queue 3.4 (over 180 frames with timestamps)
09-10 06:05:37.170 27483 31306 I WiVRn   : [2026-09-10 06:05:37.170] [WiVRn] [info] render: 181 iterations in 2.0 s (90.0/s), 181 submitted a layer, 180 new-source, 0 skipped by the repeat gate, 0 with nothing to show; display period 11.1 ms
09-10 06:05:37.170 27483 31306 I WiVRn   : [2026-09-10 06:05:37.170] [WiVRn] [info] render: ready wait attempts 2 success 1 total 1.295 ms | selected older than available 0
09-10 06:05:37.170 27483 31306 I WiVRn   : [2026-09-10 06:05:37.170] [WiVRn] [info] render: selected source transitions forward 180 backward 0 repeat 1, greatest forward gap 1
09-10 06:05:37.170 27483 31306 I WiVRn   : [2026-09-10 06:05:37.170] [WiVRn] [info] render: this app's own GPU pass 4.6 ms per iteration
09-10 06:05:37.170 27483 31306 I WiVRn   : [2026-09-10 06:05:37.170] [WiVRn] [info] render: defoveate 2160x2160 per eye x2 = 9.33 Mpx/frame at scale 1.00 atlas-prototype 0; 1 re-presented from the cache (reduce_gpu_load on)
09-10 06:05:37.170 27483 31306 I WiVRn   : [2026-09-10 06:05:37.170] [WiVRn] [info] render: shader path sharpness 0.00 fsr false alpha false motion false blend false glow 0.00 vignette 0.00 deband 0.00 lowpoly 0.00 levels 0 full-kernel false
09-10 06:05:37.170 27483 31306 I WiVRn   : [2026-09-10 06:05:37.170] [WiVRn] [info] render: per iteration fence 0.0 (worst 0.0) | queries 0.0 | submit 0.0 | whole render() 0.7 ms
09-10 06:05:37.170 27483 31306 I WiVRn   : [2026-09-10 06:05:37.170] [WiVRn] [info] render: jit on | wake slack 37.5 ms | slept 7.5 ms mean (max 7.5, 181 of 181 iterations) | budget 1.8 = pass 0.8 + margin 1.0 | sleep cap 7.5 ms
09-10 06:05:37.170 27483 31306 I WiVRn   : [2026-09-10 06:05:37.170] [WiVRn] [info] render: source display-time offset 49.7 ms mean (worst 60.8) over 181 frames | submit lead 29.3 ms mean (worst 28.5) | misses: 0 overrun 0 late 0 skipped refresh
09-10 06:05:37.745 27483 31346 I WiVRn   : [2026-09-10 06:05:37.745] [WiVRn] [info] Tracking pattern (11110µs):
09-10 06:05:37.745 27483 31346 I WiVRn   : [2026-09-10 06:05:37.745] [WiVRn] [info] 	t+3238µs HEAD (7871µs)
09-10 06:05:37.745 27483 31346 I WiVRn   : [2026-09-10 06:05:37.745] [WiVRn] [info] 	t+3316µs LEFT_GRIP (7793µs)
09-10 06:05:37.745 27483 31346 I WiVRn   : [2026-09-10 06:05:37.745] [WiVRn] [info] 	t+3326µs RIGHT_GRIP (7783µs)
09-10 06:05:37.745 27483 31346 I WiVRn   : [2026-09-10 06:05:37.745] [WiVRn] [info] 	t+6238µs HEAD (4871µs)
09-10 06:05:37.745 27483 31346 I WiVRn   : [2026-09-10 06:05:37.745] [WiVRn] [info] 	t+6316µs LEFT_GRIP (4793µs)
09-10 06:05:37.745 27483 31346 I WiVRn   : [2026-09-10 06:05:37.745] [WiVRn] [info] 	t+6326µs RIGHT_GRIP (4783µs)
09-10 06:05:37.809 27483 31302 I PxrMetric: FPS=90/90,MTP=29.92ms,AppSW=off,FrmEarly=0,FrmLate=0,FrmCpu=0.56ms,FrmGpu=5.89ms,FrmTime=13.98ms,ATWGPU=1.60ms,VsyncDelay=2,GPU=82%/587Mhz,GPUTemp=75.2C,LayerCnt=3,Pkg=org.meumeu.wivrn.nx.warp,FrmId=3776
09-10 06:05:38.426 27483 31340 I WiVRn   : [2026-09-10 06:05:38.426] [WiVRn] [info] nxwarp[0] net: 178 frames closed in 2.0 s, 0 with a hole, 0 out-of-order datagrams, 0 frames completed late, 0 queued for the worker, 3475 decoded so far, 3639 stragglers dropped; last hole 0/0 chunks, first missing -1, short false, chunk 1166 B
09-10 06:05:38.426 27483 31340 I WiVRn   : [2026-09-10 06:05:38.426] [WiVRn] [info] nxwarp[0] net: 0.029 ms per datagram over 29274 datagrams (417.18 ms of every second)
09-10 06:05:38.426 27483 31340 I WiVRn   : [2026-09-10 06:05:38.426] [WiVRn] [info] nxwarp[0] sel: stride 1, arrival 10.9 ms, dropped-late 94, withheld 0, decoded 3475
09-10 06:05:38.426 27483 31340 I WiVRn   : [2026-09-10 06:05:38.426] [WiVRn] [info] nxwarp[0] rx: 599329 datagrams, placed 6940840 (+411536), late 87073 (+2300), stale_frame 0, bad_range 0, bad_dir 0, bad_caps 0, bad_ver 0, auth_fail 0, replay 0, frozen 0, dup 157
09-10 06:05:38.745 27483 31346 I WiVRn   : [2026-09-10 06:05:38.745] [WiVRn] [info] Tracking pattern (11110µs):
09-10 06:05:38.745 27483 31346 I WiVRn   : [2026-09-10 06:05:38.745] [WiVRn] [info] 	t+3348µs HEAD (7762µs)
09-10 06:05:38.745 27483 31346 I WiVRn   : [2026-09-10 06:05:38.745] [WiVRn] [info] 	t+3634µs LEFT_GRIP (7476µs)
09-10 06:05:38.745 27483 31346 I WiVRn   : [2026-09-10 06:05:38.745] [WiVRn] [info] 	t+3642µs RIGHT_GRIP (7468µs)
09-10 06:05:38.745 27483 31346 I WiVRn   : [2026-09-10 06:05:38.745] [WiVRn] [info] 	t+6348µs HEAD (4762µs)
09-10 06:05:38.745 27483 31346 I WiVRn   : [2026-09-10 06:05:38.745] [WiVRn] [info] 	t+6634µs LEFT_GRIP (4476µs)
09-10 06:05:38.745 27483 31346 I WiVRn   : [2026-09-10 06:05:38.745] [WiVRn] [info] 	t+6642µs RIGHT_GRIP (4468µs)
09-10 06:05:38.809 27483 31302 I PxrMetric: FPS=90/90,MTP=29.70ms,AppSW=off,FrmEarly=0,FrmLate=0,FrmCpu=0.54ms,FrmGpu=5.77ms,FrmTime=13.84ms,ATWGPU=1.60ms,VsyncDelay=2,GPU=84%/587Mhz,GPUTemp=74.4C,LayerCnt=3,Pkg=org.meumeu.wivrn.nx.warp,FrmId=3866
09-10 06:05:39.146 27483 31344 I WiVRn   : [2026-09-10 06:05:39.146] [WiVRn] [info] nxwarp[0]: 178 frames in 2.0 s: 120538 B/frame, wait-prev 0.0 ms, wall 8.5 ms, nxvc passA 1.5 passB 2.7 gpu 4.2 ms; holes 0, refused 0
09-10 06:05:39.146 27483 31344 I WiVRn   : [2026-09-10 06:05:39.146] [WiVRn] [info] nxwarp[0] gpu duty 372 ms/s (37% of one GPU) for decode alone; the display pass is extra
09-10 06:05:39.146 27483 31344 I WiVRn   : [2026-09-10 06:05:39.146] [WiVRn] [info] nxwarp[0] passB 2.7 ms = warp 0.0 + skip 0.0 + coded 0.0 + dir 0.0 + other 2.7; tiles skip 0 / coded 2312 / dir 0 (eye pass 0)
09-10 06:05:39.146 27483 31344 I WiVRn   : [2026-09-10 06:05:39.146] [WiVRn] [info] nxwarp[0]: 94 frames dropped late (queue kept to 1)
09-10 06:05:39.146 27483 31344 I WiVRn   : [2026-09-10 06:05:39.146] [WiVRn] [info] nxwarp[0] stage: gap 2.8 | wait-prev 0.0 | submit 1.0 (qlock 0.0 + codec 1.0) | get_free 0.0 | fence-pre 0.0 | record 0.0 | qsubmit 0.0 | fence-post 7.4 | publish 0.0 ms; withheld 0, stride 1, arrival 11.5 ms
09-10 06:05:39.146 27483 31344 I WiVRn   : [2026-09-10 06:05:39.146] [WiVRn] [info] nxwarp[0] reassembly (network thread): 0.09 ms/frame over 178 frames, buffer 118 kB held for 118 kB of unit (1.0x)
09-10 06:05:39.146 27483 31344 I WiVRn   : [2026-09-10 06:05:39.146] [WiVRn] [info] nxwarp[0] fence-post 7.4 ms = nxvc gpu 4.2 + copy gpu 0.00 + queue 3.2 (over 178 frames with timestamps)
09-10 06:05:39.170 27483 31306 I WiVRn   : [2026-09-10 06:05:39.170] [WiVRn] [info] render: 180 iterations in 2.0 s (90.0/s), 180 submitted a layer, 176 new-source, 0 skipped by the repeat gate, 0 with nothing to show; display period 11.1 ms
09-10 06:05:39.170 27483 31306 I WiVRn   : [2026-09-10 06:05:39.170] [WiVRn] [info] render: ready wait attempts 4 success 0 total 4.246 ms | selected older than available 0
09-10 06:05:39.170 27483 31306 I WiVRn   : [2026-09-10 06:05:39.170] [WiVRn] [info] render: selected source transitions forward 176 backward 0 repeat 4, greatest forward gap 2
09-10 06:05:39.170 27483 31306 I WiVRn   : [2026-09-10 06:05:39.170] [WiVRn] [info] render: this app's own GPU pass 4.6 ms per iteration
09-10 06:05:39.170 27483 31306 I WiVRn   : [2026-09-10 06:05:39.170] [WiVRn] [info] render: defoveate 2160x2160 per eye x2 = 9.33 Mpx/frame at scale 1.00 atlas-prototype 0; 4 re-presented from the cache (reduce_gpu_load on)
09-10 06:05:39.170 27483 31306 I WiVRn   : [2026-09-10 06:05:39.170] [WiVRn] [info] render: shader path sharpness 0.00 fsr false alpha false motion false blend false glow 0.00 vignette 0.00 deband 0.00 lowpoly 0.00 levels 0 full-kernel false
09-10 06:05:39.170 27483 31306 I WiVRn   : [2026-09-10 06:05:39.170] [WiVRn] [info] render: per iteration fence 0.0 (worst 0.0) | queries 0.0 | submit 0.0 | whole render() 0.7 ms
09-10 06:05:39.170 27483 31306 I WiVRn   : [2026-09-10 06:05:39.170] [WiVRn] [info] render: jit on | wake slack 37.7 ms | slept 7.5 ms mean (max 7.5, 180 of 180 iterations) | budget 1.9 = pass 0.9 + margin 1.0 | sleep cap 7.5 ms
09-10 06:05:39.170 27483 31306 I WiVRn   : [2026-09-10 06:05:39.170] [WiVRn] [info] render: source display-time offset 49.8 ms mean (worst 60.7) over 180 frames | submit lead 29.5 ms mean (worst 28.0) | misses: 0 overrun 0 late 0 skipped refresh
09-10 06:05:39.745 27483 31346 I WiVRn   : [2026-09-10 06:05:39.745] [WiVRn] [info] Tracking pattern (11110µs):
09-10 06:05:39.745 27483 31346 I WiVRn   : [2026-09-10 06:05:39.745] [WiVRn] [info] 	t+3250µs HEAD (7860µs)
09-10 06:05:39.745 27483 31346 I WiVRn   : [2026-09-10 06:05:39.745] [WiVRn] [info] 	t+3300µs LEFT_GRIP (7810µs)
09-10 06:05:39.745 27483 31346 I WiVRn   : [2026-09-10 06:05:39.745] [WiVRn] [info] 	t+3307µs RIGHT_GRIP (7803µs)
09-10 06:05:39.745 27483 31346 I WiVRn   : [2026-09-10 06:05:39.745] [WiVRn] [info] 	t+6250µs HEAD (4860µs)
09-10 06:05:39.745 27483 31346 I WiVRn   : [2026-09-10 06:05:39.745] [WiVRn] [info] 	t+6300µs LEFT_GRIP (4810µs)
09-10 06:05:39.745 27483 31346 I WiVRn   : [2026-09-10 06:05:39.745] [WiVRn] [info] 	t+6307µs RIGHT_GRIP (4803µs)
09-10 06:05:39.824 27483 31302 I PxrMetric: FPS=90/90,MTP=29.86ms,AppSW=off,FrmEarly=0,FrmLate=0,FrmCpu=0.55ms,FrmGpu=6.62ms,FrmTime=14.71ms,ATWGPU=1.61ms,VsyncDelay=2,GPU=81%/587Mhz,GPUTemp=74.0C,LayerCnt=3,Pkg=org.meumeu.wivrn.nx.warp,FrmId=3957
09-10 06:05:40.427 27483 31340 I WiVRn   : [2026-09-10 06:05:40.427] [WiVRn] [info] nxwarp[0] net: 180 frames closed in 2.0 s, 0 with a hole, 0 out-of-order datagrams, 0 frames completed late, 0 queued for the worker, 3655 decoded so far, 3819 stragglers dropped; last hole 0/0 chunks, first missing -1, short false, chunk 1166 B
09-10 06:05:40.427 27483 31340 I WiVRn   : [2026-09-10 06:05:40.427] [WiVRn] [info] nxwarp[0] net: 0.029 ms per datagram over 28233 datagrams (415.77 ms of every second)
09-10 06:05:40.427 27483 31340 I WiVRn   : [2026-09-10 06:05:40.427] [WiVRn] [info] nxwarp[0] sel: stride 1, arrival 11.0 ms, dropped-late 94, withheld 0, decoded 3655
09-10 06:05:40.427 27483 31340 I WiVRn   : [2026-09-10 06:05:40.427] [WiVRn] [info] nxwarp[0] rx: 627562 datagrams, placed 7354793 (+413953), late 88029 (+956), stale_frame 0, bad_range 0, bad_dir 0, bad_caps 0, bad_ver 0, auth_fail 0, replay 0, frozen 0, dup 158
09-10 06:05:40.745 27483 31346 I WiVRn   : [2026-09-10 06:05:40.745] [WiVRn] [info] Tracking pattern (11112µs):
09-10 06:05:40.745 27483 31346 I WiVRn   : [2026-09-10 06:05:40.745] [WiVRn] [info] 	t+3908µs HEAD (7204µs)
09-10 06:05:40.745 27483 31346 I WiVRn   : [2026-09-10 06:05:40.745] [WiVRn] [info] 	t+4145µs LEFT_GRIP (6966µs)
09-10 06:05:40.745 27483 31346 I WiVRn   : [2026-09-10 06:05:40.745] [WiVRn] [info] 	t+4150µs RIGHT_GRIP (6962µs)
09-10 06:05:40.745 27483 31346 I WiVRn   : [2026-09-10 06:05:40.745] [WiVRn] [info] 	t+6908µs HEAD (4204µs)
09-10 06:05:40.745 27483 31346 I WiVRn   : [2026-09-10 06:05:40.745] [WiVRn] [info] 	t+7145µs LEFT_GRIP (3966µs)
09-10 06:05:40.745 27483 31346 I WiVRn   : [2026-09-10 06:05:40.745] [WiVRn] [info] 	t+7150µs RIGHT_GRIP (3962µs)
09-10 06:05:40.831 27483 31302 I PxrMetric: FPS=90/90,MTP=29.80ms,AppSW=off,FrmEarly=0,FrmLate=0,FrmCpu=0.55ms,FrmGpu=5.89ms,FrmTime=13.98ms,ATWGPU=1.60ms,VsyncDelay=2,GPU=82%/587Mhz,GPUTemp=73.3C,LayerCnt=3,Pkg=org.meumeu.wivrn.nx.warp,FrmId=4048
09-10 06:05:41.147 27483 31344 I WiVRn   : [2026-09-10 06:05:41.147] [WiVRn] [info] nxwarp[0]: 180 frames in 2.0 s: 120908 B/frame, wait-prev 0.0 ms, wall 8.7 ms, nxvc passA 1.6 passB 2.7 gpu 4.2 ms; holes 0, refused 0
09-10 06:05:41.147 27483 31344 I WiVRn   : [2026-09-10 06:05:41.147] [WiVRn] [info] nxwarp[0] gpu duty 381 ms/s (38% of one GPU) for decode alone; the display pass is extra
09-10 06:05:41.147 27483 31344 I WiVRn   : [2026-09-10 06:05:41.147] [WiVRn] [info] nxwarp[0] passB 2.7 ms = warp 0.0 + skip 0.0 + coded 0.0 + dir 0.0 + other 2.7; tiles skip 0 / coded 2312 / dir 0 (eye pass 0)
09-10 06:05:41.147 27483 31344 I WiVRn   : [2026-09-10 06:05:41.147] [WiVRn] [info] nxwarp[0]: 94 frames dropped late (queue kept to 1)
09-10 06:05:41.147 27483 31344 I WiVRn   : [2026-09-10 06:05:41.147] [WiVRn] [info] nxwarp[0] stage: gap 2.4 | wait-prev 0.0 | submit 1.1 (qlock 0.0 + codec 1.1) | get_free 0.0 | fence-pre 0.0 | record 0.0 | qsubmit 0.0 | fence-post 7.6 | publish 0.0 ms; withheld 0, stride 1, arrival 11.1 ms
09-10 06:05:41.147 27483 31344 I WiVRn   : [2026-09-10 06:05:41.147] [WiVRn] [info] nxwarp[0] reassembly (network thread): 0.08 ms/frame over 180 frames, buffer 118 kB held for 118 kB of unit (1.0x)
09-10 06:05:41.147 27483 31344 I WiVRn   : [2026-09-10 06:05:41.147] [WiVRn] [info] nxwarp[0] fence-post 7.6 ms = nxvc gpu 4.2 + copy gpu 0.00 + queue 3.3 (over 180 frames with timestamps)
09-10 06:05:41.182 27483 31306 I WiVRn   : [2026-09-10 06:05:41.182] [WiVRn] [info] render: 181 iterations in 2.0 s (90.0/s), 181 submitted a layer, 181 new-source, 0 skipped by the repeat gate, 0 with nothing to show; display period 11.1 ms
09-10 06:05:41.182 27483 31306 I WiVRn   : [2026-09-10 06:05:41.182] [WiVRn] [info] render: ready wait attempts 1 success 1 total 0.507 ms | selected older than available 0
09-10 06:05:41.182 27483 31306 I WiVRn   : [2026-09-10 06:05:41.182] [WiVRn] [info] render: selected source transitions forward 181 backward 0 repeat 0, greatest forward gap 1
09-10 06:05:41.182 27483 31306 I WiVRn   : [2026-09-10 06:05:41.182] [WiVRn] [info] render: this app's own GPU pass 4.8 ms per iteration
09-10 06:05:41.182 27483 31306 I WiVRn   : [2026-09-10 06:05:41.182] [WiVRn] [info] render: defoveate 2160x2160 per eye x2 = 9.33 Mpx/frame at scale 1.00 atlas-prototype 0; 0 re-presented from the cache (reduce_gpu_load on)
09-10 06:05:41.182 27483 31306 I WiVRn   : [2026-09-10 06:05:41.182] [WiVRn] [info] render: shader path sharpness 0.00 fsr false alpha false motion false blend false glow 0.00 vignette 0.00 deband 0.00 lowpoly 0.00 levels 0 full-kernel false
09-10 06:05:41.182 27483 31306 I WiVRn   : [2026-09-10 06:05:41.182] [WiVRn] [info] render: per iteration fence 0.0 (worst 0.0) | queries 0.0 | submit 0.0 | whole render() 0.7 ms
09-10 06:05:41.182 27483 31306 I WiVRn   : [2026-09-10 06:05:41.182] [WiVRn] [info] render: jit on | wake slack 37.8 ms | slept 7.5 ms mean (max 7.5, 181 of 181 iterations) | budget 1.8 = pass 0.8 + margin 1.0 | sleep cap 7.5 ms
09-10 06:05:41.182 27483 31306 I WiVRn   : [2026-09-10 06:05:41.182] [WiVRn] [info] render: source display-time offset 49.9 ms mean (worst 50.2) over 181 frames | submit lead 29.6 ms mean (worst 28.9) | misses: 0 overrun 0 late 0 skipped refresh
09-10 06:05:41.745 27483 31346 I WiVRn   : [2026-09-10 06:05:41.745] [WiVRn] [info] Tracking pattern (11109µs):
09-10 06:05:41.745 27483 31346 I WiVRn   : [2026-09-10 06:05:41.745] [WiVRn] [info] 	t+3971µs HEAD (7137µs)
09-10 06:05:41.745 27483 31346 I WiVRn   : [2026-09-10 06:05:41.745] [WiVRn] [info] 	t+4060µs LEFT_GRIP (7048µs)
09-10 06:05:41.745 27483 31346 I WiVRn   : [2026-09-10 06:05:41.745] [WiVRn] [info] 	t+4069µs RIGHT_GRIP (7040µs)
09-10 06:05:41.745 27483 31346 I WiVRn   : [2026-09-10 06:05:41.745] [WiVRn] [info] 	t+6971µs HEAD (4137µs)
09-10 06:05:41.745 27483 31346 I WiVRn   : [2026-09-10 06:05:41.745] [WiVRn] [info] 	t+7060µs LEFT_GRIP (4048µs)
09-10 06:05:41.745 27483 31346 I WiVRn   : [2026-09-10 06:05:41.745] [WiVRn] [info] 	t+7069µs RIGHT_GRIP (4040µs)
09-10 06:05:41.842 27483 31302 I PxrMetric: FPS=90/90,MTP=29.88ms,AppSW=off,FrmEarly=0,FrmLate=0,FrmCpu=0.54ms,FrmGpu=5.79ms,FrmTime=13.87ms,ATWGPU=1.59ms,VsyncDelay=2,GPU=85%/587Mhz,GPUTemp=74.4C,LayerCnt=3,Pkg=org.meumeu.wivrn.nx.warp,FrmId=4139
09-10 06:05:42.428 27483 31340 I WiVRn   : [2026-09-10 06:05:42.428] [WiVRn] [info] nxwarp[0] net: 180 frames closed in 2.0 s, 0 with a hole, 0 out-of-order datagrams, 0 frames completed late, 0 queued for the worker, 3835 decoded so far, 3999 stragglers dropped; last hole 0/0 chunks, first missing -1, short false, chunk 1166 B
09-10 06:05:42.428 27483 31340 I WiVRn   : [2026-09-10 06:05:42.428] [WiVRn] [info] nxwarp[0] net: 0.029 ms per datagram over 29761 datagrams (424.42 ms of every second)
09-10 06:05:42.428 27483 31340 I WiVRn   : [2026-09-10 06:05:42.428] [WiVRn] [info] nxwarp[0] sel: stride 1, arrival 11.3 ms, dropped-late 94, withheld 0, decoded 3835
09-10 06:05:42.428 27483 31340 I WiVRn   : [2026-09-10 06:05:42.428] [WiVRn] [info] nxwarp[0] rx: 657323 datagrams, placed 7735750 (+380957), late 92112 (+4083), stale_frame 0, bad_range 0, bad_dir 0, bad_caps 0, bad_ver 0, auth_fail 0, replay 0, frozen 0, dup 162
09-10 06:05:42.745 27483 31346 I WiVRn   : [2026-09-10 06:05:42.745] [WiVRn] [info] Tracking pattern (11110µs):
09-10 06:05:42.745 27483 31346 I WiVRn   : [2026-09-10 06:05:42.745] [WiVRn] [info] 	t+4224µs HEAD (6885µs)
09-10 06:05:42.745 27483 31346 I WiVRn   : [2026-09-10 06:05:42.745] [WiVRn] [info] 	t+4264µs LEFT_GRIP (6846µs)
09-10 06:05:42.745 27483 31346 I WiVRn   : [2026-09-10 06:05:42.745] [WiVRn] [info] 	t+4268µs RIGHT_GRIP (6841µs)
09-10 06:05:42.745 27483 31346 I WiVRn   : [2026-09-10 06:05:42.745] [WiVRn] [info] 	t+7224µs HEAD (3885µs)
09-10 06:05:42.745 27483 31346 I WiVRn   : [2026-09-10 06:05:42.745] [WiVRn] [info] 	t+7264µs LEFT_GRIP (3846µs)
09-10 06:05:42.745 27483 31346 I WiVRn   : [2026-09-10 06:05:42.745] [WiVRn] [info] 	t+7268µs RIGHT_GRIP (3841µs)
09-10 06:05:42.853 27483 31302 I PxrMetric: FPS=90/90,MTP=29.87ms,AppSW=off,FrmEarly=0,FrmLate=0,FrmCpu=0.51ms,FrmGpu=5.82ms,FrmTime=13.87ms,ATWGPU=1.60ms,VsyncDelay=2,GPU=84%/587Mhz,GPUTemp=74.4C,LayerCnt=3,Pkg=org.meumeu.wivrn.nx.warp,FrmId=4230
09-10 06:05:43.158 27483 31344 I WiVRn   : [2026-09-10 06:05:43.158] [WiVRn] [info] nxwarp[0]: 181 frames in 2.0 s: 129898 B/frame, wait-prev 0.0 ms, wall 8.9 ms, nxvc passA 1.7 passB 2.6 gpu 4.3 ms; holes 0, refused 0
09-10 06:05:43.158 27483 31344 I WiVRn   : [2026-09-10 06:05:43.158] [WiVRn] [info] nxwarp[0] gpu duty 391 ms/s (39% of one GPU) for decode alone; the display pass is extra
09-10 06:05:43.158 27483 31344 I WiVRn   : [2026-09-10 06:05:43.158] [WiVRn] [info] nxwarp[0] passB 2.6 ms = warp 0.0 + skip 0.0 + coded 0.0 + dir 0.0 + other 2.6; tiles skip 0 / coded 2312 / dir 0 (eye pass 0)
09-10 06:05:43.158 27483 31344 I WiVRn   : [2026-09-10 06:05:43.158] [WiVRn] [info] nxwarp[0]: 94 frames dropped late (queue kept to 1)
09-10 06:05:43.158 27483 31344 I WiVRn   : [2026-09-10 06:05:43.158] [WiVRn] [info] nxwarp[0] stage: gap 2.2 | wait-prev 0.0 | submit 1.0 (qlock 0.0 + codec 1.0) | get_free 0.0 | fence-pre 0.0 | record 0.0 | qsubmit 0.0 | fence-post 7.8 | publish 0.0 ms; withheld 0, stride 1, arrival 10.9 ms
09-10 06:05:43.158 27483 31344 I WiVRn   : [2026-09-10 06:05:43.158] [WiVRn] [info] nxwarp[0] reassembly (network thread): 0.09 ms/frame over 181 frames, buffer 127 kB held for 127 kB of unit (1.0x)
09-10 06:05:43.158 27483 31344 I WiVRn   : [2026-09-10 06:05:43.158] [WiVRn] [info] nxwarp[0] fence-post 7.8 ms = nxvc gpu 4.3 + copy gpu 0.00 + queue 3.5 (over 181 frames with timestamps)
09-10 06:05:43.182 27483 31306 I WiVRn   : [2026-09-10 06:05:43.182] [WiVRn] [info] render: 180 iterations in 2.0 s (90.0/s), 180 submitted a layer, 180 new-source, 0 skipped by the repeat gate, 0 with nothing to show; display period 11.1 ms
09-10 06:05:43.182 27483 31306 I WiVRn   : [2026-09-10 06:05:43.182] [WiVRn] [info] render: ready wait attempts 0 success 0 total 0.000 ms | selected older than available 0
09-10 06:05:43.182 27483 31306 I WiVRn   : [2026-09-10 06:05:43.182] [WiVRn] [info] render: selected source transitions forward 180 backward 0 repeat 0, greatest forward gap 1
09-10 06:05:43.182 27483 31306 I WiVRn   : [2026-09-10 06:05:43.182] [WiVRn] [info] render: this app's own GPU pass 4.9 ms per iteration
09-10 06:05:43.182 27483 31306 I WiVRn   : [2026-09-10 06:05:43.182] [WiVRn] [info] render: defoveate 2160x2160 per eye x2 = 9.33 Mpx/frame at scale 1.00 atlas-prototype 0; 0 re-presented from the cache (reduce_gpu_load on)
09-10 06:05:43.182 27483 31306 I WiVRn   : [2026-09-10 06:05:43.182] [WiVRn] [info] render: shader path sharpness 0.00 fsr false alpha false motion false blend false glow 0.00 vignette 0.00 deband 0.00 lowpoly 0.00 levels 0 full-kernel false
09-10 06:05:43.182 27483 31306 I WiVRn   : [2026-09-10 06:05:43.182] [WiVRn] [info] render: per iteration fence 0.0 (worst 0.0) | queries 0.0 | submit 0.0 | whole render() 0.7 ms
09-10 06:05:43.182 27483 31306 I WiVRn   : [2026-09-10 06:05:43.182] [WiVRn] [info] render: jit on | wake slack 37.9 ms | slept 7.5 ms mean (max 7.5, 180 of 180 iterations) | budget 1.9 = pass 0.9 + margin 1.0 | sleep cap 7.5 ms
09-10 06:05:43.182 27483 31306 I WiVRn   : [2026-09-10 06:05:43.182] [WiVRn] [info] render: source display-time offset 50.3 ms mean (worst 50.5) over 180 frames | submit lead 29.7 ms mean (worst 28.9) | misses: 0 overrun 0 late 0 skipped refresh
09-10 06:05:43.745 27483 31346 I WiVRn   : [2026-09-10 06:05:43.745] [WiVRn] [info] Tracking pattern (11110µs):
09-10 06:05:43.745 27483 31346 I WiVRn   : [2026-09-10 06:05:43.745] [WiVRn] [info] 	t+3966µs HEAD (7143µs)
09-10 06:05:43.745 27483 31346 I WiVRn   : [2026-09-10 06:05:43.745] [WiVRn] [info] 	t+4001µs LEFT_GRIP (7109µs)
09-10 06:05:43.745 27483 31346 I WiVRn   : [2026-09-10 06:05:43.745] [WiVRn] [info] 	t+4005µs RIGHT_GRIP (7104µs)
09-10 06:05:43.745 27483 31346 I WiVRn   : [2026-09-10 06:05:43.745] [WiVRn] [info] 	t+6966µs HEAD (4143µs)
09-10 06:05:43.745 27483 31346 I WiVRn   : [2026-09-10 06:05:43.745] [WiVRn] [info] 	t+7001µs LEFT_GRIP (4109µs)
09-10 06:05:43.745 27483 31346 I WiVRn   : [2026-09-10 06:05:43.745] [WiVRn] [info] 	t+7005µs RIGHT_GRIP (4104µs)
09-10 06:05:43.858 27483 31302 I PxrMetric: FPS=90/90,MTP=29.81ms,AppSW=off,FrmEarly=0,FrmLate=0,FrmCpu=0.53ms,FrmGpu=6.44ms,FrmTime=14.51ms,ATWGPU=1.59ms,VsyncDelay=2,GPU=75%/587Mhz,GPUTemp=74.4C,LayerCnt=3,Pkg=org.meumeu.wivrn.nx.warp,FrmId=4320
09-10 06:05:44.438 27483 31340 I WiVRn   : [2026-09-10 06:05:44.438] [WiVRn] [info] nxwarp[0] net: 181 frames closed in 2.0 s, 0 with a hole, 0 out-of-order datagrams, 0 frames completed late, 0 queued for the worker, 4016 decoded so far, 4180 stragglers dropped; last hole 0/0 chunks, first missing -1, short false, chunk 1166 B
09-10 06:05:44.438 27483 31340 I WiVRn   : [2026-09-10 06:05:44.438] [WiVRn] [info] nxwarp[0] net: 0.028 ms per datagram over 30869 datagrams (430.47 ms of every second)
09-10 06:05:44.438 27483 31340 I WiVRn   : [2026-09-10 06:05:44.438] [WiVRn] [info] nxwarp[0] sel: stride 1, arrival 11.0 ms, dropped-late 94, withheld 0, decoded 4016
09-10 06:05:44.438 27483 31340 I WiVRn   : [2026-09-10 06:05:44.438] [WiVRn] [info] nxwarp[0] rx: 688192 datagrams, placed 8046674 (+310924), late 98286 (+6174), stale_frame 0, bad_range 0, bad_dir 0, bad_caps 0, bad_ver 0, auth_fail 0, replay 0, frozen 0, dup 179
09-10 06:05:44.745 27483 31346 I WiVRn   : [2026-09-10 06:05:44.745] [WiVRn] [info] Tracking pattern (11110µs):
09-10 06:05:44.745 27483 31346 I WiVRn   : [2026-09-10 06:05:44.745] [WiVRn] [info] 	t+4213µs HEAD (6896µs)
09-10 06:05:44.745 27483 31346 I WiVRn   : [2026-09-10 06:05:44.745] [WiVRn] [info] 	t+4339µs LEFT_GRIP (6771µs)
09-10 06:05:44.745 27483 31346 I WiVRn   : [2026-09-10 06:05:44.745] [WiVRn] [info] 	t+4350µs RIGHT_GRIP (6760µs)
09-10 06:05:44.745 27483 31346 I WiVRn   : [2026-09-10 06:05:44.745] [WiVRn] [info] 	t+7213µs HEAD (3896µs)
09-10 06:05:44.745 27483 31346 I WiVRn   : [2026-09-10 06:05:44.745] [WiVRn] [info] 	t+7339µs LEFT_GRIP (3771µs)
09-10 06:05:44.745 27483 31346 I WiVRn   : [2026-09-10 06:05:44.745] [WiVRn] [info] 	t+7350µs RIGHT_GRIP (3760µs)
09-10 06:05:44.858 27483 31302 I PxrMetric: FPS=90/90,MTP=29.79ms,AppSW=off,FrmEarly=0,FrmLate=0,FrmCpu=0.55ms,FrmGpu=6.50ms,FrmTime=14.58ms,ATWGPU=1.60ms,VsyncDelay=2,GPU=84%/587Mhz,GPUTemp=74.8C,LayerCnt=3,Pkg=org.meumeu.wivrn.nx.warp,FrmId=4410
09-10 06:05:45.169 27483 31344 I WiVRn   : [2026-09-10 06:05:45.169] [WiVRn] [info] nxwarp[0]: 181 frames in 2.0 s: 136294 B/frame, wait-prev 0.0 ms, wall 8.6 ms, nxvc passA 1.8 passB 2.6 gpu 4.4 ms; holes 0, refused 0
09-10 06:05:45.169 27483 31344 I WiVRn   : [2026-09-10 06:05:45.169] [WiVRn] [info] nxwarp[0] gpu duty 397 ms/s (40% of one GPU) for decode alone; the display pass is extra
09-10 06:05:45.169 27483 31344 I WiVRn   : [2026-09-10 06:05:45.169] [WiVRn] [info] nxwarp[0] passB 2.6 ms = warp 0.0 + skip 0.0 + coded 0.0 + dir 0.0 + other 2.6; tiles skip 0 / coded 2312 / dir 0 (eye pass 0)
09-10 06:05:45.169 27483 31344 I WiVRn   : [2026-09-10 06:05:45.169] [WiVRn] [info] nxwarp[0]: 94 frames dropped late (queue kept to 1)
09-10 06:05:45.169 27483 31344 I WiVRn   : [2026-09-10 06:05:45.169] [WiVRn] [info] nxwarp[0] stage: gap 2.5 | wait-prev 0.0 | submit 1.0 (qlock 0.0 + codec 1.0) | get_free 0.0 | fence-pre 0.0 | record 0.0 | qsubmit 0.0 | fence-post 7.5 | publish 0.0 ms; withheld 0, stride 1, arrival 10.9 ms
09-10 06:05:45.169 27483 31344 I WiVRn   : [2026-09-10 06:05:45.169] [WiVRn] [info] nxwarp[0] reassembly (network thread): 0.07 ms/frame over 181 frames, buffer 133 kB held for 133 kB of unit (1.0x)
09-10 06:05:45.169 27483 31344 I WiVRn   : [2026-09-10 06:05:45.169] [WiVRn] [info] nxwarp[0] fence-post 7.5 ms = nxvc gpu 4.4 + copy gpu 0.00 + queue 3.1 (over 181 frames with timestamps)
09-10 06:05:45.182 27483 31306 I WiVRn   : [2026-09-10 06:05:45.182] [WiVRn] [info] render: 180 iterations in 2.0 s (90.0/s), 180 submitted a layer, 179 new-source, 0 skipped by the repeat gate, 0 with nothing to show; display period 11.1 ms
09-10 06:05:45.182 27483 31306 I WiVRn   : [2026-09-10 06:05:45.182] [WiVRn] [info] render: ready wait attempts 6 success 5 total 4.050 ms | selected older than available 0
09-10 06:05:45.182 27483 31306 I WiVRn   : [2026-09-10 06:05:45.182] [WiVRn] [info] render: selected source transitions forward 179 backward 0 repeat 1, greatest forward gap 2
09-10 06:05:45.182 27483 31306 I WiVRn   : [2026-09-10 06:05:45.182] [WiVRn] [info] render: this app's own GPU pass 4.8 ms per iteration
09-10 06:05:45.182 27483 31306 I WiVRn   : [2026-09-10 06:05:45.182] [WiVRn] [info] render: defoveate 2160x2160 per eye x2 = 9.33 Mpx/frame at scale 1.00 atlas-prototype 0; 1 re-presented from the cache (reduce_gpu_load on)
09-10 06:05:45.182 27483 31306 I WiVRn   : [2026-09-10 06:05:45.182] [WiVRn] [info] render: shader path sharpness 0.00 fsr false alpha false motion false blend false glow 0.00 vignette 0.00 deband 0.00 lowpoly 0.00 levels 0 full-kernel false
09-10 06:05:45.182 27483 31306 I WiVRn   : [2026-09-10 06:05:45.182] [WiVRn] [info] render: per iteration fence 0.0 (worst 0.0) | queries 0.0 | submit 0.0 | whole render() 0.7 ms
09-10 06:05:45.182 27483 31306 I WiVRn   : [2026-09-10 06:05:45.182] [WiVRn] [info] render: jit on | wake slack 37.8 ms | slept 7.5 ms mean (max 7.5, 180 of 180 iterations) | budget 2.4 = pass 1.4 + margin 1.0 | sleep cap 7.5 ms
09-10 06:05:45.182 27483 31306 I WiVRn   : [2026-09-10 06:05:45.182] [WiVRn] [info] render: source display-time offset 50.9 ms mean (worst 61.9) over 180 frames | submit lead 29.6 ms mean (worst 28.6) | misses: 0 overrun 0 late 0 skipped refresh
09-10 06:05:45.745 27483 31346 I WiVRn   : [2026-09-10 06:05:45.745] [WiVRn] [info] Tracking pattern (11110µs):
09-10 06:05:45.745 27483 31346 I WiVRn   : [2026-09-10 06:05:45.745] [WiVRn] [info] 	t+2867µs HEAD (8242µs)
09-10 06:05:45.745 27483 31346 I WiVRn   : [2026-09-10 06:05:45.745] [WiVRn] [info] 	t+2907µs LEFT_GRIP (8202µs)
09-10 06:05:45.745 27483 31346 I WiVRn   : [2026-09-10 06:05:45.745] [WiVRn] [info] 	t+2912µs RIGHT_GRIP (8197µs)
09-10 06:05:45.745 27483 31346 I WiVRn   : [2026-09-10 06:05:45.745] [WiVRn] [info] 	t+5867µs HEAD (5242µs)
09-10 06:05:45.745 27483 31346 I WiVRn   : [2026-09-10 06:05:45.745] [WiVRn] [info] 	t+5907µs LEFT_GRIP (5202µs)
09-10 06:05:45.745 27483 31346 I WiVRn   : [2026-09-10 06:05:45.745] [WiVRn] [info] 	t+5912µs RIGHT_GRIP (5197µs)
09-10 06:05:45.864 27483 31302 I PxrMetric: FPS=90/90,MTP=30.27ms,AppSW=off,FrmEarly=0,FrmLate=0,FrmCpu=0.58ms,FrmGpu=6.12ms,FrmTime=14.23ms,ATWGPU=1.59ms,VsyncDelay=2,GPU=79%/587Mhz,GPUTemp=75.2C,LayerCnt=3,Pkg=org.meumeu.wivrn.nx.warp,FrmId=4501
09-10 06:05:46.438 27483 31340 I WiVRn   : [2026-09-10 06:05:46.438] [WiVRn] [info] nxwarp[0] net: 180 frames closed in 2.0 s, 0 with a hole, 0 out-of-order datagrams, 0 frames completed late, 0 queued for the worker, 4196 decoded so far, 4360 stragglers dropped; last hole 0/0 chunks, first missing -1, short false, chunk 1166 B
09-10 06:05:46.438 27483 31340 I WiVRn   : [2026-09-10 06:05:46.438] [WiVRn] [info] nxwarp[0] net: 0.032 ms per datagram over 26519 datagrams (422.11 ms of every second)
09-10 06:05:46.438 27483 31340 I WiVRn   : [2026-09-10 06:05:46.438] [WiVRn] [info] nxwarp[0] sel: stride 1, arrival 11.0 ms, dropped-late 94, withheld 0, decoded 4196
09-10 06:05:46.438 27483 31340 I WiVRn   : [2026-09-10 06:05:46.438] [WiVRn] [info] nxwarp[0] rx: 714711 datagrams, placed 8140260 (+93586), late 109212 (+10926), stale_frame 0, bad_range 0, bad_dir 0, bad_caps 0, bad_ver 0, auth_fail 0, replay 0, frozen 0, dup 222
09-10 06:05:46.745 27483 31346 I WiVRn   : [2026-09-10 06:05:46.745] [WiVRn] [info] Tracking pattern (11106µs):
09-10 06:05:46.745 27483 31346 I WiVRn   : [2026-09-10 06:05:46.745] [WiVRn] [info] 	t+4859µs HEAD (6246µs)
09-10 06:05:46.745 27483 31346 I WiVRn   : [2026-09-10 06:05:46.745] [WiVRn] [info] 	t+4928µs LEFT_GRIP (6177µs)
09-10 06:05:46.745 27483 31346 I WiVRn   : [2026-09-10 06:05:46.745] [WiVRn] [info] 	t+4935µs RIGHT_GRIP (6170µs)
09-10 06:05:46.745 27483 31346 I WiVRn   : [2026-09-10 06:05:46.745] [WiVRn] [info] 	t+7859µs HEAD (3246µs)
09-10 06:05:46.745 27483 31346 I WiVRn   : [2026-09-10 06:05:46.745] [WiVRn] [info] 	t+7928µs LEFT_GRIP (3177µs)
09-10 06:05:46.745 27483 31346 I WiVRn   : [2026-09-10 06:05:46.745] [WiVRn] [info] 	t+7935µs RIGHT_GRIP (3170µs)
09-10 06:05:46.864 27483 31302 I PxrMetric: FPS=90/90,MTP=30.23ms,AppSW=off,FrmEarly=0,FrmLate=0,FrmCpu=0.51ms,FrmGpu=6.19ms,FrmTime=14.24ms,ATWGPU=1.59ms,VsyncDelay=2,GPU=81%/587Mhz,GPUTemp=76.0C,LayerCnt=3,Pkg=org.meumeu.wivrn.nx.warp,FrmId=4591
09-10 06:05:47.180 27483 31344 I WiVRn   : [2026-09-10 06:05:47.180] [WiVRn] [info] nxwarp[0]: 181 frames in 2.0 s: 133105 B/frame, wait-prev 0.0 ms, wall 8.2 ms, nxvc passA 1.8 passB 2.7 gpu 4.4 ms; holes 0, refused 0
09-10 06:05:47.180 27483 31344 I WiVRn   : [2026-09-10 06:05:47.180] [WiVRn] [info] nxwarp[0] gpu duty 398 ms/s (40% of one GPU) for decode alone; the display pass is extra
09-10 06:05:47.180 27483 31344 I WiVRn   : [2026-09-10 06:05:47.180] [WiVRn] [info] nxwarp[0] passB 2.7 ms = warp 0.0 + skip 0.0 + coded 0.0 + dir 0.0 + other 2.7; tiles skip 0 / coded 2312 / dir 0 (eye pass 0)
09-10 06:05:47.180 27483 31344 I WiVRn   : [2026-09-10 06:05:47.180] [WiVRn] [info] nxwarp[0]: 94 frames dropped late (queue kept to 1)
09-10 06:05:47.180 27483 31344 I WiVRn   : [2026-09-10 06:05:47.180] [WiVRn] [info] nxwarp[0] stage: gap 2.9 | wait-prev 0.0 | submit 1.1 (qlock 0.0 + codec 1.1) | get_free 0.0 | fence-pre 0.0 | record 0.0 | qsubmit 0.0 | fence-post 7.1 | publish 0.0 ms; withheld 0, stride 1, arrival 11.2 ms
09-10 06:05:47.180 27483 31344 I WiVRn   : [2026-09-10 06:05:47.180] [WiVRn] [info] nxwarp[0] reassembly (network thread): 0.06 ms/frame over 181 frames, buffer 130 kB held for 130 kB of unit (1.0x)
09-10 06:05:47.180 27483 31344 I WiVRn   : [2026-09-10 06:05:47.180] [WiVRn] [info] nxwarp[0] fence-post 7.1 ms = nxvc gpu 4.4 + copy gpu 0.00 + queue 2.7 (over 181 frames with timestamps)
09-10 06:05:47.193 27483 31306 I WiVRn   : [2026-09-10 06:05:47.193] [WiVRn] [info] render: 181 iterations in 2.0 s (90.0/s), 181 submitted a layer, 174 new-source, 0 skipped by the repeat gate, 0 with nothing to show; display period 11.1 ms
09-10 06:05:47.193 27483 31306 I WiVRn   : [2026-09-10 06:05:47.193] [WiVRn] [info] render: ready wait attempts 10 success 3 total 8.754 ms | selected older than available 0
09-10 06:05:47.193 27483 31306 I WiVRn   : [2026-09-10 06:05:47.193] [WiVRn] [info] render: selected source transitions forward 174 backward 0 repeat 7, greatest forward gap 2
09-10 06:05:47.193 27483 31306 I WiVRn   : [2026-09-10 06:05:47.193] [WiVRn] [info] render: this app's own GPU pass 4.5 ms per iteration
09-10 06:05:47.193 27483 31306 I WiVRn   : [2026-09-10 06:05:47.193] [WiVRn] [info] render: defoveate 2160x2160 per eye x2 = 9.33 Mpx/frame at scale 1.00 atlas-prototype 0; 7 re-presented from the cache (reduce_gpu_load on)
09-10 06:05:47.193 27483 31306 I WiVRn   : [2026-09-10 06:05:47.193] [WiVRn] [info] render: shader path sharpness 0.00 fsr false alpha false motion false blend false glow 0.00 vignette 0.00 deband 0.00 lowpoly 0.00 levels 0 full-kernel false
09-10 06:05:47.193 27483 31306 I WiVRn   : [2026-09-10 06:05:47.193] [WiVRn] [info] render: per iteration fence 0.0 (worst 0.0) | queries 0.0 | submit 0.0 | whole render() 0.7 ms
09-10 06:05:47.193 27483 31306 I WiVRn   : [2026-09-10 06:05:47.193] [WiVRn] [info] render: jit on | wake slack 37.7 ms | slept 7.5 ms mean (max 7.5, 181 of 181 iterations) | budget 2.3 = pass 1.3 + margin 1.0 | sleep cap 7.5 ms
09-10 06:05:47.193 27483 31306 I WiVRn   : [2026-09-10 06:05:47.193] [WiVRn] [info] render: source display-time offset 52.0 ms mean (worst 73.1) over 181 frames | submit lead 29.5 ms mean (worst 27.7) | misses: 0 overrun 0 late 0 skipped refresh
09-10 06:05:47.745 27483 31346 I WiVRn   : [2026-09-10 06:05:47.745] [WiVRn] [info] Tracking pattern (11109µs):
09-10 06:05:47.745 27483 31346 I WiVRn   : [2026-09-10 06:05:47.745] [WiVRn] [info] 	t+4122µs HEAD (6987µs)
09-10 06:05:47.745 27483 31346 I WiVRn   : [2026-09-10 06:05:47.745] [WiVRn] [info] 	t+4198µs LEFT_GRIP (6911µs)
09-10 06:05:47.745 27483 31346 I WiVRn   : [2026-09-10 06:05:47.745] [WiVRn] [info] 	t+4205µs RIGHT_GRIP (6903µs)
09-10 06:05:47.745 27483 31346 I WiVRn   : [2026-09-10 06:05:47.745] [WiVRn] [info] 	t+7122µs HEAD (3987µs)
09-10 06:05:47.745 27483 31346 I WiVRn   : [2026-09-10 06:05:47.745] [WiVRn] [info] 	t+7198µs LEFT_GRIP (3911µs)
09-10 06:05:47.745 27483 31346 I WiVRn   : [2026-09-10 06:05:47.745] [WiVRn] [info] 	t+7205µs RIGHT_GRIP (3903µs)
09-10 06:05:47.864 27483 31302 I PxrMetric: FPS=90/90,MTP=30.38ms,AppSW=off,FrmEarly=0,FrmLate=0,FrmCpu=0.54ms,FrmGpu=6.88ms,FrmTime=14.96ms,ATWGPU=1.61ms,VsyncDelay=2,GPU=80%/587Mhz,GPUTemp=75.6C,LayerCnt=3,Pkg=org.meumeu.wivrn.nx.warp,FrmId=4681
09-10 06:05:48.447 27483 31340 I WiVRn   : [2026-09-10 06:05:48.447] [WiVRn] [info] nxwarp[0] net: 181 frames closed in 2.0 s, 0 with a hole, 0 out-of-order datagrams, 0 frames completed late, 0 queued for the worker, 4377 decoded so far, 4547 stragglers dropped; last hole 0/0 chunks, first missing -1, short false, chunk 1166 B
09-10 06:05:48.447 27483 31340 I WiVRn   : [2026-09-10 06:05:48.447] [WiVRn] [info] nxwarp[0] net: 0.028 ms per datagram over 29949 datagrams (419.70 ms of every second)
09-10 06:05:48.447 27483 31340 I WiVRn   : [2026-09-10 06:05:48.447] [WiVRn] [info] nxwarp[0] sel: stride 1, arrival 11.3 ms, dropped-late 94, withheld 0, decoded 4377
09-10 06:05:48.447 27483 31340 I WiVRn   : [2026-09-10 06:05:48.447] [WiVRn] [info] nxwarp[0] rx: 744660 datagrams, placed 8503655 (+363395), late 114406 (+5194), stale_frame 0, bad_range 0, bad_dir 0, bad_caps 0, bad_ver 0, auth_fail 0, replay 0, frozen 0, dup 229
09-10 06:05:48.745 27483 31346 I WiVRn   : [2026-09-10 06:05:48.745] [WiVRn] [info] Tracking pattern (11107µs):
09-10 06:05:48.745 27483 31346 I WiVRn   : [2026-09-10 06:05:48.745] [WiVRn] [info] 	t+3922µs HEAD (7185µs)
09-10 06:05:48.745 27483 31346 I WiVRn   : [2026-09-10 06:05:48.745] [WiVRn] [info] 	t+4019µs LEFT_GRIP (7088µs)
09-10 06:05:48.745 27483 31346 I WiVRn   : [2026-09-10 06:05:48.745] [WiVRn] [info] 	t+4078µs RIGHT_GRIP (7029µs)
09-10 06:05:48.745 27483 31346 I WiVRn   : [2026-09-10 06:05:48.745] [WiVRn] [info] 	t+6922µs HEAD (4185µs)
09-10 06:05:48.745 27483 31346 I WiVRn   : [2026-09-10 06:05:48.745] [WiVRn] [info] 	t+7019µs LEFT_GRIP (4088µs)
09-10 06:05:48.745 27483 31346 I WiVRn   : [2026-09-10 06:05:48.745] [WiVRn] [info] 	t+7078µs RIGHT_GRIP (4029µs)
09-10 06:05:48.876 27483 31302 I PxrMetric: FPS=90/90,MTP=30.32ms,AppSW=off,FrmEarly=1,FrmLate=0,FrmCpu=0.52ms,FrmGpu=6.15ms,FrmTime=14.21ms,ATWGPU=1.59ms,VsyncDelay=2,GPU=78%/587Mhz,GPUTemp=75.2C,LayerCnt=3,Pkg=org.meumeu.wivrn.nx.warp,FrmId=4772
09-10 06:05:49.180 27483 31344 I WiVRn   : [2026-09-10 06:05:49.180] [WiVRn] [info] nxwarp[0]: 180 frames in 2.0 s: 126542 B/frame, wait-prev 0.0 ms, wall 8.6 ms, nxvc passA 1.6 passB 2.7 gpu 4.2 ms; holes 0, refused 0
09-10 06:05:49.180 27483 31344 I WiVRn   : [2026-09-10 06:05:49.180] [WiVRn] [info] nxwarp[0] gpu duty 382 ms/s (38% of one GPU) for decode alone; the display pass is extra
09-10 06:05:49.180 27483 31344 I WiVRn   : [2026-09-10 06:05:49.180] [WiVRn] [info] nxwarp[0] passB 2.7 ms = warp 0.0 + skip 0.0 + coded 0.0 + dir 0.0 + other 2.7; tiles skip 0 / coded 2312 / dir 0 (eye pass 0)
09-10 06:05:49.180 27483 31344 I WiVRn   : [2026-09-10 06:05:49.180] [WiVRn] [info] nxwarp[0]: 94 frames dropped late (queue kept to 1)
09-10 06:05:49.180 27483 31344 I WiVRn   : [2026-09-10 06:05:49.180] [WiVRn] [info] nxwarp[0] stage: gap 2.6 | wait-prev 0.0 | submit 1.1 (qlock 0.0 + codec 1.1) | get_free 0.0 | fence-pre 0.0 | record 0.0 | qsubmit 0.0 | fence-post 7.4 | publish 0.0 ms; withheld 0, stride 1, arrival 11.2 ms
09-10 06:05:49.180 27483 31344 I WiVRn   : [2026-09-10 06:05:49.180] [WiVRn] [info] nxwarp[0] reassembly (network thread): 0.08 ms/frame over 180 frames, buffer 124 kB held for 124 kB of unit (1.0x)
09-10 06:05:49.180 27483 31344 I WiVRn   : [2026-09-10 06:05:49.180] [WiVRn] [info] nxwarp[0] fence-post 7.5 ms = nxvc gpu 4.2 + copy gpu 0.00 + queue 3.2 (over 180 frames with timestamps)
09-10 06:05:49.193 27483 31306 I WiVRn   : [2026-09-10 06:05:49.193] [WiVRn] [info] render: 180 iterations in 2.0 s (90.0/s), 180 submitted a layer, 179 new-source, 0 skipped by the repeat gate, 0 with nothing to show; display period 11.1 ms
09-10 06:05:49.193 27483 31306 I WiVRn   : [2026-09-10 06:05:49.193] [WiVRn] [info] render: ready wait attempts 1 success 0 total 1.062 ms | selected older than available 0
09-10 06:05:49.193 27483 31306 I WiVRn   : [2026-09-10 06:05:49.193] [WiVRn] [info] render: selected source transitions forward 179 backward 0 repeat 1, greatest forward gap 2
09-10 06:05:49.193 27483 31306 I WiVRn   : [2026-09-10 06:05:49.193] [WiVRn] [info] render: this app's own GPU pass 4.9 ms per iteration
09-10 06:05:49.193 27483 31306 I WiVRn   : [2026-09-10 06:05:49.193] [WiVRn] [info] render: defoveate 2160x2160 per eye x2 = 9.33 Mpx/frame at scale 1.00 atlas-prototype 0; 1 re-presented from the cache (reduce_gpu_load on)
09-10 06:05:49.193 27483 31306 I WiVRn   : [2026-09-10 06:05:49.193] [WiVRn] [info] render: shader path sharpness 0.00 fsr false alpha false motion false blend false glow 0.00 vignette 0.00 deband 0.00 lowpoly 0.00 levels 0 full-kernel false
09-10 06:05:49.193 27483 31306 I WiVRn   : [2026-09-10 06:05:49.193] [WiVRn] [info] render: per iteration fence 0.0 (worst 0.0) | queries 0.0 | submit 0.0 | whole render() 0.7 ms
09-10 06:05:49.193 27483 31306 I WiVRn   : [2026-09-10 06:05:49.193] [WiVRn] [info] render: jit on | wake slack 38.0 ms | slept 7.5 ms mean (max 7.5, 180 of 180 iterations) | budget 1.9 = pass 0.9 + margin 1.0 | sleep cap 7.5 ms
09-10 06:05:49.193 27483 31306 I WiVRn   : [2026-09-10 06:05:49.193] [WiVRn] [info] render: source display-time offset 51.0 ms mean (worst 62.1) over 180 frames | submit lead 29.8 ms mean (worst 29.0) | misses: 0 overrun 0 late 0 skipped refresh
09-10 06:05:49.745 27483 31346 I WiVRn   : [2026-09-10 06:05:49.745] [WiVRn] [info] Tracking pattern (11117µs):
09-10 06:05:49.745 27483 31346 I WiVRn   : [2026-09-10 06:05:49.745] [WiVRn] [info] 	t+4028µs HEAD (7088µs)
09-10 06:05:49.745 27483 31346 I WiVRn   : [2026-09-10 06:05:49.745] [WiVRn] [info] 	t+4223µs LEFT_GRIP (6893µs)
09-10 06:05:49.745 27483 31346 I WiVRn   : [2026-09-10 06:05:49.745] [WiVRn] [info] 	t+4229µs RIGHT_GRIP (6887µs)
09-10 06:05:49.745 27483 31346 I WiVRn   : [2026-09-10 06:05:49.745] [WiVRn] [info] 	t+7028µs HEAD (4088µs)
09-10 06:05:49.745 27483 31346 I WiVRn   : [2026-09-10 06:05:49.745] [WiVRn] [info] 	t+7223µs LEFT_GRIP (3893µs)
09-10 06:05:49.745 27483 31346 I WiVRn   : [2026-09-10 06:05:49.745] [WiVRn] [info] 	t+7229µs RIGHT_GRIP (3887µs)
09-10 06:05:49.880 27483 31302 I PxrMetric: FPS=90/90,MTP=29.95ms,AppSW=off,FrmEarly=0,FrmLate=0,FrmCpu=0.52ms,FrmGpu=6.83ms,FrmTime=14.89ms,ATWGPU=1.60ms,VsyncDelay=2,GPU=79%/587Mhz,GPUTemp=76.4C,LayerCnt=3,Pkg=org.meumeu.wivrn.nx.warp,FrmId=4862
09-10 06:05:50.447 27483 31340 I WiVRn   : [2026-09-10 06:05:50.447] [WiVRn] [info] nxwarp[0] net: 180 frames closed in 2.0 s, 0 with a hole, 0 out-of-order datagrams, 0 frames completed late, 0 queued for the worker, 4557 decoded so far, 4728 stragglers dropped; last hole 0/0 chunks, first missing -1, short false, chunk 1166 B
09-10 06:05:50.447 27483 31340 I WiVRn   : [2026-09-10 06:05:50.447] [WiVRn] [info] nxwarp[0] net: 0.028 ms per datagram over 30635 datagrams (427.09 ms of every second)
09-10 06:05:50.447 27483 31340 I WiVRn   : [2026-09-10 06:05:50.447] [WiVRn] [info] nxwarp[0] sel: stride 1, arrival 11.1 ms, dropped-late 94, withheld 0, decoded 4557
09-10 06:05:50.447 27483 31340 I WiVRn   : [2026-09-10 06:05:50.447] [WiVRn] [info] nxwarp[0] rx: 775295 datagrams, placed 8917613 (+413958), late 114770 (+364), stale_frame 0, bad_range 0, bad_dir 0, bad_caps 0, bad_ver 0, auth_fail 0, replay 0, frozen 0, dup 229
09-10 06:05:50.745 27483 31346 I WiVRn   : [2026-09-10 06:05:50.745] [WiVRn] [info] Tracking pattern (11107µs):
09-10 06:05:50.745 27483 31346 I WiVRn   : [2026-09-10 06:05:50.745] [WiVRn] [info] 	t+3694µs HEAD (7412µs)
09-10 06:05:50.745 27483 31346 I WiVRn   : [2026-09-10 06:05:50.745] [WiVRn] [info] 	t+3753µs LEFT_GRIP (7353µs)
09-10 06:05:50.745 27483 31346 I WiVRn   : [2026-09-10 06:05:50.745] [WiVRn] [info] 	t+3759µs RIGHT_GRIP (7347µs)
09-10 06:05:50.745 27483 31346 I WiVRn   : [2026-09-10 06:05:50.745] [WiVRn] [info] 	t+6694µs HEAD (4412µs)
09-10 06:05:50.745 27483 31346 I WiVRn   : [2026-09-10 06:05:50.745] [WiVRn] [info] 	t+6753µs LEFT_GRIP (4353µs)
09-10 06:05:50.745 27483 31346 I WiVRn   : [2026-09-10 06:05:50.745] [WiVRn] [info] 	t+6759µs RIGHT_GRIP (4347µs)
09-10 06:05:50.890 27483 31302 I PxrMetric: FPS=90/90,MTP=30.21ms,AppSW=off,FrmEarly=0,FrmLate=0,FrmCpu=0.51ms,FrmGpu=6.66ms,FrmTime=14.71ms,ATWGPU=1.60ms,VsyncDelay=2,GPU=79%/587Mhz,GPUTemp=75.2C,LayerCnt=3,Pkg=org.meumeu.wivrn.nx.warp,FrmId=4953
09-10 06:05:51.190 27483 31344 I WiVRn   : [2026-09-10 06:05:51.190] [WiVRn] [info] nxwarp[0]: 181 frames in 2.0 s: 127523 B/frame, wait-prev 0.0 ms, wall 8.8 ms, nxvc passA 1.6 passB 2.7 gpu 4.3 ms; holes 0, refused 0
09-10 06:05:51.190 27483 31344 I WiVRn   : [2026-09-10 06:05:51.190] [WiVRn] [info] nxwarp[0] gpu duty 388 ms/s (39% of one GPU) for decode alone; the display pass is extra
09-10 06:05:51.190 27483 31344 I WiVRn   : [2026-09-10 06:05:51.190] [WiVRn] [info] nxwarp[0] passB 2.7 ms = warp 0.0 + skip 0.0 + coded 0.0 + dir 0.0 + other 2.7; tiles skip 0 / coded 2312 / dir 0 (eye pass 0)
09-10 06:05:51.190 27483 31344 I WiVRn   : [2026-09-10 06:05:51.190] [WiVRn] [info] nxwarp[0]: 94 frames dropped late (queue kept to 1)
09-10 06:05:51.190 27483 31344 I WiVRn   : [2026-09-10 06:05:51.190] [WiVRn] [info] nxwarp[0] stage: gap 2.3 | wait-prev 0.0 | submit 1.0 (qlock 0.0 + codec 1.0) | get_free 0.0 | fence-pre 0.0 | record 0.0 | qsubmit 0.0 | fence-post 7.7 | publish 0.0 ms; withheld 0, stride 1, arrival 11.1 ms
09-10 06:05:51.190 27483 31344 I WiVRn   : [2026-09-10 06:05:51.190] [WiVRn] [info] nxwarp[0] reassembly (network thread): 0.09 ms/frame over 181 frames, buffer 125 kB held for 125 kB of unit (1.0x)
09-10 06:05:51.190 27483 31344 I WiVRn   : [2026-09-10 06:05:51.190] [WiVRn] [info] nxwarp[0] fence-post 7.7 ms = nxvc gpu 4.3 + copy gpu 0.00 + queue 3.3 (over 181 frames with timestamps)
09-10 06:05:51.204 27483 31306 I WiVRn   : [2026-09-10 06:05:51.204] [WiVRn] [info] render: 181 iterations in 2.0 s (90.0/s), 181 submitted a layer, 181 new-source, 0 skipped by the repeat gate, 0 with nothing to show; display period 11.1 ms
09-10 06:05:51.204 27483 31306 I WiVRn   : [2026-09-10 06:05:51.204] [WiVRn] [info] render: ready wait attempts 0 success 0 total 0.000 ms | selected older than available 0
09-10 06:05:51.204 27483 31306 I WiVRn   : [2026-09-10 06:05:51.204] [WiVRn] [info] render: selected source transitions forward 181 backward 0 repeat 0, greatest forward gap 1
09-10 06:05:51.204 27483 31306 I WiVRn   : [2026-09-10 06:05:51.204] [WiVRn] [info] render: this app's own GPU pass 4.9 ms per iteration
09-10 06:05:51.204 27483 31306 I WiVRn   : [2026-09-10 06:05:51.204] [WiVRn] [info] render: defoveate 2160x2160 per eye x2 = 9.33 Mpx/frame at scale 1.00 atlas-prototype 0; 0 re-presented from the cache (reduce_gpu_load on)
09-10 06:05:51.204 27483 31306 I WiVRn   : [2026-09-10 06:05:51.204] [WiVRn] [info] render: shader path sharpness 0.00 fsr false alpha false motion false blend false glow 0.00 vignette 0.00 deband 0.00 lowpoly 0.00 levels 0 full-kernel false
09-10 06:05:51.204 27483 31306 I WiVRn   : [2026-09-10 06:05:51.204] [WiVRn] [info] render: per iteration fence 0.0 (worst 0.0) | queries 0.0 | submit 0.0 | whole render() 0.7 ms
09-10 06:05:51.204 27483 31306 I WiVRn   : [2026-09-10 06:05:51.204] [WiVRn] [info] render: jit on | wake slack 38.1 ms | slept 7.5 ms mean (max 7.5, 181 of 181 iterations) | budget 1.8 = pass 0.8 + margin 1.0 | sleep cap 7.5 ms
09-10 06:05:51.204 27483 31306 I WiVRn   : [2026-09-10 06:05:51.204] [WiVRn] [info] render: source display-time offset 50.6 ms mean (worst 50.7) over 181 frames | submit lead 29.9 ms mean (worst 29.1) | misses: 0 overrun 0 late 0 skipped refresh
09-10 06:05:51.745 27483 31346 I WiVRn   : [2026-09-10 06:05:51.745] [WiVRn] [info] Tracking pattern (11111µs):
09-10 06:05:51.745 27483 31346 I WiVRn   : [2026-09-10 06:05:51.745] [WiVRn] [info] 	t+3727µs HEAD (7384µs)
09-10 06:05:51.745 27483 31346 I WiVRn   : [2026-09-10 06:05:51.745] [WiVRn] [info] 	t+3815µs LEFT_GRIP (7295µs)
09-10 06:05:51.745 27483 31346 I WiVRn   : [2026-09-10 06:05:51.745] [WiVRn] [info] 	t+3821µs RIGHT_GRIP (7290µs)
09-10 06:05:51.745 27483 31346 I WiVRn   : [2026-09-10 06:05:51.745] [WiVRn] [info] 	t+6727µs HEAD (4384µs)
09-10 06:05:51.745 27483 31346 I WiVRn   : [2026-09-10 06:05:51.745] [WiVRn] [info] 	t+6815µs LEFT_GRIP (4295µs)
09-10 06:05:51.745 27483 31346 I WiVRn   : [2026-09-10 06:05:51.745] [WiVRn] [info] 	t+6821µs RIGHT_GRIP (4290µs)
09-10 06:05:51.898 27483 31302 I PxrMetric: FPS=90/90,MTP=30.23ms,AppSW=off,FrmEarly=0,FrmLate=0,FrmCpu=0.55ms,FrmGpu=6.13ms,FrmTime=14.22ms,ATWGPU=1.61ms,VsyncDelay=2,GPU=79%/587Mhz,GPUTemp=76.8C,LayerCnt=3,Pkg=org.meumeu.wivrn.nx.warp,FrmId=5044
09-10 06:05:52.447 27483 31340 I WiVRn   : [2026-09-10 06:05:52.447] [WiVRn] [info] nxwarp[0] net: 180 frames closed in 2.0 s, 0 with a hole, 0 out-of-order datagrams, 0 frames completed late, 0 queued for the worker, 4737 decoded so far, 4908 stragglers dropped; last hole 0/0 chunks, first missing -1, short false, chunk 1166 B
09-10 06:05:52.447 27483 31340 I WiVRn   : [2026-09-10 06:05:52.447] [WiVRn] [info] nxwarp[0] net: 0.027 ms per datagram over 31241 datagrams (424.70 ms of every second)
09-10 06:05:52.447 27483 31340 I WiVRn   : [2026-09-10 06:05:52.447] [WiVRn] [info] nxwarp[0] sel: stride 1, arrival 11.0 ms, dropped-late 94, withheld 0, decoded 4737
09-10 06:05:52.447 27483 31340 I WiVRn   : [2026-09-10 06:05:52.447] [WiVRn] [info] nxwarp[0] rx: 806536 datagrams, placed 9333773 (+416160), late 115245 (+475), stale_frame 0, bad_range 0, bad_dir 0, bad_caps 0, bad_ver 0, auth_fail 0, replay 0, frozen 0, dup 229
09-10 06:05:52.745 27483 31346 I WiVRn   : [2026-09-10 06:05:52.745] [WiVRn] [info] Tracking pattern (11107µs):
09-10 06:05:52.745 27483 31346 I WiVRn   : [2026-09-10 06:05:52.745] [WiVRn] [info] 	t+3176µs HEAD (7931µs)
09-10 06:05:52.745 27483 31346 I WiVRn   : [2026-09-10 06:05:52.745] [WiVRn] [info] 	t+3217µs LEFT_GRIP (7890µs)
09-10 06:05:52.745 27483 31346 I WiVRn   : [2026-09-10 06:05:52.745] [WiVRn] [info] 	t+3224µs RIGHT_GRIP (7883µs)
09-10 06:05:52.745 27483 31346 I WiVRn   : [2026-09-10 06:05:52.745] [WiVRn] [info] 	t+6176µs HEAD (4931µs)
09-10 06:05:52.745 27483 31346 I WiVRn   : [2026-09-10 06:05:52.745] [WiVRn] [info] 	t+6217µs LEFT_GRIP (4890µs)
09-10 06:05:52.745 27483 31346 I WiVRn   : [2026-09-10 06:05:52.745] [WiVRn] [info] 	t+6224µs RIGHT_GRIP (4883µs)
09-10 06:05:52.898 27483 31302 I PxrMetric: FPS=90/90,MTP=30.40ms,AppSW=off,FrmEarly=0,FrmLate=0,FrmCpu=0.53ms,FrmGpu=6.40ms,FrmTime=14.48ms,ATWGPU=1.62ms,VsyncDelay=2,GPU=79%/587Mhz,GPUTemp=75.6C,LayerCnt=3,Pkg=org.meumeu.wivrn.nx.warp,FrmId=5134
09-10 06:05:53.201 27483 31344 I WiVRn   : [2026-09-10 06:05:53.201] [WiVRn] [info] nxwarp[0]: 181 frames in 2.0 s: 127943 B/frame, wait-prev 0.0 ms, wall 8.8 ms, nxvc passA 1.6 passB 2.7 gpu 4.4 ms; holes 0, refused 0
09-10 06:05:53.201 27483 31344 I WiVRn   : [2026-09-10 06:05:53.201] [WiVRn] [info] nxwarp[0] gpu duty 392 ms/s (39% of one GPU) for decode alone; the display pass is extra
09-10 06:05:53.201 27483 31344 I WiVRn   : [2026-09-10 06:05:53.201] [WiVRn] [info] nxwarp[0] passB 2.7 ms = warp 0.0 + skip 0.0 + coded 0.0 + dir 0.0 + other 2.7; tiles skip 0 / coded 2312 / dir 0 (eye pass 0)
09-10 06:05:53.201 27483 31344 I WiVRn   : [2026-09-10 06:05:53.201] [WiVRn] [info] nxwarp[0]: 94 frames dropped late (queue kept to 1)
09-10 06:05:53.201 27483 31344 I WiVRn   : [2026-09-10 06:05:53.201] [WiVRn] [info] nxwarp[0] stage: gap 2.3 | wait-prev 0.0 | submit 1.0 (qlock 0.0 + codec 1.0) | get_free 0.0 | fence-pre 0.0 | record 0.0 | qsubmit 0.0 | fence-post 7.7 | publish 0.0 ms; withheld 0, stride 1, arrival 11.4 ms
09-10 06:05:53.201 27483 31344 I WiVRn   : [2026-09-10 06:05:53.201] [WiVRn] [info] nxwarp[0] reassembly (network thread): 0.09 ms/frame over 181 frames, buffer 125 kB held for 125 kB of unit (1.0x)
09-10 06:05:53.201 27483 31344 I WiVRn   : [2026-09-10 06:05:53.201] [WiVRn] [info] nxwarp[0] fence-post 7.8 ms = nxvc gpu 4.4 + copy gpu 0.00 + queue 3.4 (over 181 frames with timestamps)
09-10 06:05:53.215 27483 31306 I WiVRn   : [2026-09-10 06:05:53.215] [WiVRn] [info] render: 181 iterations in 2.0 s (90.0/s), 181 submitted a layer, 181 new-source, 0 skipped by the repeat gate, 0 with nothing to show; display period 11.1 ms
09-10 06:05:53.215 27483 31306 I WiVRn   : [2026-09-10 06:05:53.215] [WiVRn] [info] render: ready wait attempts 0 success 0 total 0.000 ms | selected older than available 0
09-10 06:05:53.215 27483 31306 I WiVRn   : [2026-09-10 06:05:53.215] [WiVRn] [info] render: selected source transitions forward 181 backward 0 repeat 0, greatest forward gap 1
09-10 06:05:53.215 27483 31306 I WiVRn   : [2026-09-10 06:05:53.215] [WiVRn] [info] render: this app's own GPU pass 4.9 ms per iteration
09-10 06:05:53.215 27483 31306 I WiVRn   : [2026-09-10 06:05:53.215] [WiVRn] [info] render: defoveate 2160x2160 per eye x2 = 9.33 Mpx/frame at scale 1.00 atlas-prototype 0; 0 re-presented from the cache (reduce_gpu_load on)
09-10 06:05:53.215 27483 31306 I WiVRn   : [2026-09-10 06:05:53.215] [WiVRn] [info] render: shader path sharpness 0.00 fsr false alpha false motion false blend false glow 0.00 vignette 0.00 deband 0.00 lowpoly 0.00 levels 0 full-kernel false
09-10 06:05:53.215 27483 31306 I WiVRn   : [2026-09-10 06:05:53.215] [WiVRn] [info] render: per iteration fence 0.0 (worst 0.0) | queries 0.0 | submit 0.0 | whole render() 0.7 ms
09-10 06:05:53.215 27483 31306 I WiVRn   : [2026-09-10 06:05:53.215] [WiVRn] [info] render: jit on | wake slack 38.2 ms | slept 7.5 ms mean (max 7.5, 181 of 181 iterations) | budget 1.9 = pass 0.9 + margin 1.0 | sleep cap 7.5 ms
09-10 06:05:53.215 27483 31306 I WiVRn   : [2026-09-10 06:05:53.215] [WiVRn] [info] render: source display-time offset 50.3 ms mean (worst 50.4) over 181 frames | submit lead 30.0 ms mean (worst 29.2) | misses: 0 overrun 0 late 0 skipped refresh
09-10 06:05:53.745 27483 31346 I WiVRn   : [2026-09-10 06:05:53.745] [WiVRn] [info] Tracking pattern (11109µs):
09-10 06:05:53.745 27483 31346 I WiVRn   : [2026-09-10 06:05:53.745] [WiVRn] [info] 	t+3214µs HEAD (7894µs)
09-10 06:05:53.745 27483 31346 I WiVRn   : [2026-09-10 06:05:53.745] [WiVRn] [info] 	t+3254µs LEFT_GRIP (7854µs)
09-10 06:05:53.745 27483 31346 I WiVRn   : [2026-09-10 06:05:53.745] [WiVRn] [info] 	t+3259µs RIGHT_GRIP (7849µs)
09-10 06:05:53.745 27483 31346 I WiVRn   : [2026-09-10 06:05:53.745] [WiVRn] [info] 	t+6214µs HEAD (4894µs)
09-10 06:05:53.745 27483 31346 I WiVRn   : [2026-09-10 06:05:53.745] [WiVRn] [info] 	t+6254µs LEFT_GRIP (4854µs)
09-10 06:05:53.745 27483 31346 I WiVRn   : [2026-09-10 06:05:53.745] [WiVRn] [info] 	t+6259µs RIGHT_GRIP (4849µs)
09-10 06:05:53.908 27483 31302 I PxrMetric: FPS=90/90,MTP=30.79ms,AppSW=off,FrmEarly=0,FrmLate=0,FrmCpu=0.52ms,FrmGpu=6.65ms,FrmTime=14.71ms,ATWGPU=1.59ms,VsyncDelay=2,GPU=77%/587Mhz,GPUTemp=75.6C,LayerCnt=3,Pkg=org.meumeu.wivrn.nx.warp,FrmId=5225
09-10 06:05:54.448 27483 31340 I WiVRn   : [2026-09-10 06:05:54.448] [WiVRn] [info] nxwarp[0] net: 180 frames closed in 2.0 s, 0 with a hole, 0 out-of-order datagrams, 0 frames completed late, 0 queued for the worker, 4917 decoded so far, 5088 stragglers dropped; last hole 0/0 chunks, first missing -1, short false, chunk 1166 B
09-10 06:05:54.448 27483 31340 I WiVRn   : [2026-09-10 06:05:54.448] [WiVRn] [info] nxwarp[0] net: 0.028 ms per datagram over 30139 datagrams (426.75 ms of every second)
09-10 06:05:54.448 27483 31340 I WiVRn   : [2026-09-10 06:05:54.448] [WiVRn] [info] nxwarp[0] sel: stride 1, arrival 11.0 ms, dropped-late 94, withheld 0, decoded 4917
09-10 06:05:54.448 27483 31340 I WiVRn   : [2026-09-10 06:05:54.448] [WiVRn] [info] nxwarp[0] rx: 836675 datagrams, placed 9749933 (+416160), late 115253 (+8), stale_frame 0, bad_range 0, bad_dir 0, bad_caps 0, bad_ver 0, auth_fail 0, replay 0, frozen 0, dup 229
09-10 06:05:54.745 27483 31346 I WiVRn   : [2026-09-10 06:05:54.745] [WiVRn] [info] Tracking pattern (11116µs):
09-10 06:05:54.745 27483 31346 I WiVRn   : [2026-09-10 06:05:54.745] [WiVRn] [info] 	t+2753µs HEAD (8362µs)
09-10 06:05:54.745 27483 31346 I WiVRn   : [2026-09-10 06:05:54.745] [WiVRn] [info] 	t+2851µs LEFT_GRIP (8265µs)
09-10 06:05:54.745 27483 31346 I WiVRn   : [2026-09-10 06:05:54.745] [WiVRn] [info] 	t+2863µs RIGHT_GRIP (8253µs)
09-10 06:05:54.745 27483 31346 I WiVRn   : [2026-09-10 06:05:54.745] [WiVRn] [info] 	t+5753µs HEAD (5362µs)
09-10 06:05:54.745 27483 31346 I WiVRn   : [2026-09-10 06:05:54.745] [WiVRn] [info] 	t+5851µs LEFT_GRIP (5265µs)
09-10 06:05:54.745 27483 31346 I WiVRn   : [2026-09-10 06:05:54.745] [WiVRn] [info] 	t+5863µs RIGHT_GRIP (5253µs)
09-10 06:05:54.909 27483 31302 I PxrMetric: FPS=90/90,MTP=30.25ms,AppSW=off,FrmEarly=0,FrmLate=0,FrmCpu=0.52ms,FrmGpu=6.21ms,FrmTime=14.26ms,ATWGPU=1.61ms,VsyncDelay=2,GPU=79%/587Mhz,GPUTemp=75.2C,LayerCnt=3,Pkg=org.meumeu.wivrn.nx.warp,FrmId=5315
09-10 06:05:55.202 27483 31344 I WiVRn   : [2026-09-10 06:05:55.201] [WiVRn] [info] nxwarp[0]: 180 frames in 2.0 s: 126808 B/frame, wait-prev 0.0 ms, wall 8.6 ms, nxvc passA 1.6 passB 2.7 gpu 4.4 ms; holes 0, refused 0
09-10 06:05:55.202 27483 31344 I WiVRn   : [2026-09-10 06:05:55.202] [WiVRn] [info] nxwarp[0] gpu duty 393 ms/s (39% of one GPU) for decode alone; the display pass is extra
09-10 06:05:55.202 27483 31344 I WiVRn   : [2026-09-10 06:05:55.202] [WiVRn] [info] nxwarp[0] passB 2.7 ms = warp 0.0 + skip 0.0 + coded 0.0 + dir 0.0 + other 2.7; tiles skip 0 / coded 2312 / dir 0 (eye pass 0)
09-10 06:05:55.202 27483 31344 I WiVRn   : [2026-09-10 06:05:55.202] [WiVRn] [info] nxwarp[0]: 94 frames dropped late (queue kept to 1)
09-10 06:05:55.202 27483 31344 I WiVRn   : [2026-09-10 06:05:55.202] [WiVRn] [info] nxwarp[0] stage: gap 2.5 | wait-prev 0.0 | submit 1.0 (qlock 0.0 + codec 1.0) | get_free 0.0 | fence-pre 0.0 | record 0.0 | qsubmit 0.0 | fence-post 7.5 | publish 0.0 ms; withheld 0, stride 1, arrival 11.2 ms
09-10 06:05:55.202 27483 31344 I WiVRn   : [2026-09-10 06:05:55.202] [WiVRn] [info] nxwarp[0] reassembly (network thread): 0.08 ms/frame over 180 frames, buffer 124 kB held for 124 kB of unit (1.0x)
09-10 06:05:55.202 27483 31344 I WiVRn   : [2026-09-10 06:05:55.202] [WiVRn] [info] nxwarp[0] fence-post 7.5 ms = nxvc gpu 4.4 + copy gpu 0.00 + queue 3.1 (over 180 frames with timestamps)
09-10 06:05:55.215 27483 31306 I WiVRn   : [2026-09-10 06:05:55.215] [WiVRn] [info] render: 180 iterations in 2.0 s (90.0/s), 180 submitted a layer, 180 new-source, 0 skipped by the repeat gate, 0 with nothing to show; display period 11.1 ms
09-10 06:05:55.215 27483 31306 I WiVRn   : [2026-09-10 06:05:55.215] [WiVRn] [info] render: ready wait attempts 0 success 0 total 0.000 ms | selected older than available 0
09-10 06:05:55.215 27483 31306 I WiVRn   : [2026-09-10 06:05:55.215] [WiVRn] [info] render: selected source transitions forward 180 backward 0 repeat 0, greatest forward gap 1
09-10 06:05:55.215 27483 31306 I WiVRn   : [2026-09-10 06:05:55.215] [WiVRn] [info] render: this app's own GPU pass 4.8 ms per iteration
09-10 06:05:55.215 27483 31306 I WiVRn   : [2026-09-10 06:05:55.215] [WiVRn] [info] render: defoveate 2160x2160 per eye x2 = 9.33 Mpx/frame at scale 1.00 atlas-prototype 0; 0 re-presented from the cache (reduce_gpu_load on)
09-10 06:05:55.215 27483 31306 I WiVRn   : [2026-09-10 06:05:55.215] [WiVRn] [info] render: shader path sharpness 0.00 fsr false alpha false motion false blend false glow 0.00 vignette 0.00 deband 0.00 lowpoly 0.00 levels 0 full-kernel false
09-10 06:05:55.215 27483 31306 I WiVRn   : [2026-09-10 06:05:55.215] [WiVRn] [info] render: per iteration fence 0.0 (worst 0.0) | queries 0.0 | submit 0.0 | whole render() 0.7 ms
09-10 06:05:55.215 27483 31306 I WiVRn   : [2026-09-10 06:05:55.215] [WiVRn] [info] render: jit on | wake slack 38.2 ms | slept 7.5 ms mean (max 7.5, 180 of 180 iterations) | budget 1.7 = pass 0.7 + margin 1.0 | sleep cap 7.5 ms
09-10 06:05:55.215 27483 31306 I WiVRn   : [2026-09-10 06:05:55.215] [WiVRn] [info] render: source display-time offset 50.2 ms mean (worst 50.3) over 180 frames | submit lead 30.0 ms mean (worst 29.2) | misses: 0 overrun 0 late 0 skipped refresh
09-10 06:05:55.756 27483 31346 I WiVRn   : [2026-09-10 06:05:55.756] [WiVRn] [info] Tracking pattern (11110µs):
09-10 06:05:55.756 27483 31346 I WiVRn   : [2026-09-10 06:05:55.756] [WiVRn] [info] 	t+2487µs HEAD (19733µs)
09-10 06:05:55.756 27483 31346 I WiVRn   : [2026-09-10 06:05:55.756] [WiVRn] [info] 	t+2573µs LEFT_GRIP (19647µs)
09-10 06:05:55.756 27483 31346 I WiVRn   : [2026-09-10 06:05:55.756] [WiVRn] [info] 	t+2580µs RIGHT_GRIP (19640µs)
09-10 06:05:55.756 27483 31346 I WiVRn   : [2026-09-10 06:05:55.756] [WiVRn] [info] 	t+10597µs HEAD (22733µs)
09-10 06:05:55.756 27483 31346 I WiVRn   : [2026-09-10 06:05:55.756] [WiVRn] [info] 	t+10683µs LEFT_GRIP (22647µs)
09-10 06:05:55.756 27483 31346 I WiVRn   : [2026-09-10 06:05:55.756] [WiVRn] [info] 	t+10691µs RIGHT_GRIP (22640µs)
09-10 06:05:55.910 27483 31302 I PxrMetric: FPS=90/90,MTP=29.20ms,AppSW=off,FrmEarly=0,FrmLate=0,FrmCpu=0.62ms,FrmGpu=5.91ms,FrmTime=14.08ms,ATWGPU=1.62ms,VsyncDelay=2,GPU=85%/587Mhz,GPUTemp=74.4C,LayerCnt=3,Pkg=org.meumeu.wivrn.nx.warp,FrmId=5405
09-10 06:05:56.459 27483 31340 I WiVRn   : [2026-09-10 06:05:56.458] [WiVRn] [info] nxwarp[0] net: 176 frames closed in 2.0 s, 0 with a hole, 0 out-of-order datagrams, 0 frames completed late, 0 queued for the worker, 5085 decoded so far, 5264 stragglers dropped; last hole 0/0 chunks, first missing -1, short false, chunk 1166 B
09-10 06:05:56.459 27483 31340 I WiVRn   : [2026-09-10 06:05:56.459] [WiVRn] [info] nxwarp[0] net: 0.027 ms per datagram over 30835 datagrams (411.01 ms of every second)
09-10 06:05:56.459 27483 31340 I WiVRn   : [2026-09-10 06:05:56.459] [WiVRn] [info] nxwarp[0] sel: stride 1, arrival 11.0 ms, dropped-late 102, withheld 0, decoded 5085
09-10 06:05:56.459 27483 31340 I WiVRn   : [2026-09-10 06:05:56.459] [WiVRn] [info] nxwarp[0] rx: 867510 datagrams, placed 10156845 (+406912), late 129886 (+14633), stale_frame 0, bad_range 0, bad_dir 0, bad_caps 0, bad_ver 0, auth_fail 0, replay 0, frozen 0, dup 231
09-10 06:05:56.745 27483 31346 I WiVRn   : [2026-09-10 06:05:56.745] [WiVRn] [info] Tracking pattern (11109µs):
09-10 06:05:56.745 27483 31346 I WiVRn   : [2026-09-10 06:05:56.745] [WiVRn] [info] 	t+3274µs HEAD (7834µs)
09-10 06:05:56.745 27483 31346 I WiVRn   : [2026-09-10 06:05:56.745] [WiVRn] [info] 	t+3343µs LEFT_GRIP (7766µs)
09-10 06:05:56.745 27483 31346 I WiVRn   : [2026-09-10 06:05:56.745] [WiVRn] [info] 	t+3352µs RIGHT_GRIP (7757µs)
09-10 06:05:56.745 27483 31346 I WiVRn   : [2026-09-10 06:05:56.745] [WiVRn] [info] 	t+6274µs HEAD (4834µs)
09-10 06:05:56.745 27483 31346 I WiVRn   : [2026-09-10 06:05:56.745] [WiVRn] [info] 	t+6343µs LEFT_GRIP (4766µs)
09-10 06:05:56.745 27483 31346 I WiVRn   : [2026-09-10 06:05:56.745] [WiVRn] [info] 	t+6352µs RIGHT_GRIP (4757µs)
09-10 06:05:56.914 27483 31302 I PxrMetric: FPS=90/90,MTP=29.69ms,AppSW=off,FrmEarly=0,FrmLate=0,FrmCpu=0.52ms,FrmGpu=6.66ms,FrmTime=14.72ms,ATWGPU=1.60ms,VsyncDelay=2,GPU=85%/587Mhz,GPUTemp=74.8C,LayerCnt=3,Pkg=org.meumeu.wivrn.nx.warp,FrmId=5495
09-10 06:05:57.212 27483 31344 I WiVRn   : [2026-09-10 06:05:57.212] [WiVRn] [info] nxwarp[0]: 168 frames in 2.0 s: 127837 B/frame, wait-prev 0.0 ms, wall 8.0 ms, nxvc passA 1.7 passB 2.7 gpu 4.4 ms; holes 0, refused 0
09-10 06:05:57.212 27483 31344 I WiVRn   : [2026-09-10 06:05:57.212] [WiVRn] [info] nxwarp[0] gpu duty 371 ms/s (37% of one GPU) for decode alone; the display pass is extra
09-10 06:05:57.212 27483 31344 I WiVRn   : [2026-09-10 06:05:57.212] [WiVRn] [info] nxwarp[0] passB 2.7 ms = warp 0.0 + skip 0.0 + coded 0.0 + dir 0.0 + other 2.7; tiles skip 0 / coded 2312 / dir 0 (eye pass 0)
09-10 06:05:57.212 27483 31344 I WiVRn   : [2026-09-10 06:05:57.212] [WiVRn] [info] nxwarp[0]: 102 frames dropped late (queue kept to 1)
09-10 06:05:57.212 27483 31344 I WiVRn   : [2026-09-10 06:05:57.212] [WiVRn] [info] nxwarp[0] stage: gap 4.0 | wait-prev 0.0 | submit 1.0 (qlock 0.0 + codec 1.0) | get_free 0.0 | fence-pre 0.0 | record 0.0 | qsubmit 0.0 | fence-post 6.9 | publish 0.0 ms; withheld 0, stride 1, arrival 10.9 ms
09-10 06:05:57.212 27483 31344 I WiVRn   : [2026-09-10 06:05:57.212] [WiVRn] [info] nxwarp[0] reassembly (network thread): 0.08 ms/frame over 176 frames, buffer 125 kB held for 125 kB of unit (1.0x)
09-10 06:05:57.212 27483 31344 I WiVRn   : [2026-09-10 06:05:57.212] [WiVRn] [info] nxwarp[0] fence-post 6.9 ms = nxvc gpu 4.4 + copy gpu 0.00 + queue 2.4 (over 168 frames with timestamps)
09-10 06:05:57.226 27483 31306 I WiVRn   : [2026-09-10 06:05:57.226] [WiVRn] [info] render: 181 iterations in 2.0 s (90.0/s), 181 submitted a layer, 156 new-source, 0 skipped by the repeat gate, 0 with nothing to show; display period 11.1 ms
09-10 06:05:57.226 27483 31306 I WiVRn   : [2026-09-10 06:05:57.226] [WiVRn] [info] render: ready wait attempts 28 success 3 total 27.438 ms | selected older than available 0
09-10 06:05:57.226 27483 31306 I WiVRn   : [2026-09-10 06:05:57.226] [WiVRn] [info] render: selected source transitions forward 156 backward 0 repeat 25, greatest forward gap 3
09-10 06:05:57.226 27483 31306 I WiVRn   : [2026-09-10 06:05:57.226] [WiVRn] [info] render: this app's own GPU pass 4.0 ms per iteration
09-10 06:05:57.226 27483 31306 I WiVRn   : [2026-09-10 06:05:57.226] [WiVRn] [info] render: defoveate 2160x2160 per eye x2 = 9.33 Mpx/frame at scale 1.00 atlas-prototype 0; 25 re-presented from the cache (reduce_gpu_load on)
09-10 06:05:57.226 27483 31306 I WiVRn   : [2026-09-10 06:05:57.226] [WiVRn] [info] render: shader path sharpness 0.00 fsr false alpha false motion false blend false glow 0.00 vignette 0.00 deband 0.00 lowpoly 0.00 levels 0 full-kernel false
09-10 06:05:57.226 27483 31306 I WiVRn   : [2026-09-10 06:05:57.226] [WiVRn] [info] render: per iteration fence 0.0 (worst 0.0) | queries 0.0 | submit 0.0 | whole render() 0.8 ms
09-10 06:05:57.226 27483 31306 I WiVRn   : [2026-09-10 06:05:57.226] [WiVRn] [info] render: jit on | wake slack 37.4 ms | slept 7.5 ms mean (max 7.5, 181 of 181 iterations) | budget 2.0 = pass 1.0 + margin 1.0 | sleep cap 7.5 ms
09-10 06:05:57.226 27483 31306 I WiVRn   : [2026-09-10 06:05:57.226] [WiVRn] [info] render: source display-time offset 72.5 ms mean (worst 194.5) over 181 frames | submit lead 29.1 ms mean (worst 25.6) | misses: 0 overrun 0 late 0 skipped refresh
09-10 06:05:57.745 27483 31346 I WiVRn   : [2026-09-10 06:05:57.745] [WiVRn] [info] Tracking pattern (11108µs):
09-10 06:05:57.745 27483 31346 I WiVRn   : [2026-09-10 06:05:57.745] [WiVRn] [info] 	t+2783µs HEAD (8325µs)
09-10 06:05:57.745 27483 31346 I WiVRn   : [2026-09-10 06:05:57.745] [WiVRn] [info] 	t+2852µs LEFT_GRIP (8256µs)
09-10 06:05:57.745 27483 31346 I WiVRn   : [2026-09-10 06:05:57.745] [WiVRn] [info] 	t+2861µs RIGHT_GRIP (8247µs)
09-10 06:05:57.745 27483 31346 I WiVRn   : [2026-09-10 06:05:57.745] [WiVRn] [info] 	t+5783µs HEAD (5325µs)
09-10 06:05:57.745 27483 31346 I WiVRn   : [2026-09-10 06:05:57.745] [WiVRn] [info] 	t+5852µs LEFT_GRIP (5256µs)
09-10 06:05:57.745 27483 31346 I WiVRn   : [2026-09-10 06:05:57.745] [WiVRn] [info] 	t+5861µs RIGHT_GRIP (5247µs)
09-10 06:05:57.920 27483 31302 I PxrMetric: FPS=90/90,MTP=30.37ms,AppSW=off,FrmEarly=0,FrmLate=0,FrmCpu=0.54ms,FrmGpu=6.19ms,FrmTime=14.27ms,ATWGPU=1.61ms,VsyncDelay=2,GPU=88%/587Mhz,GPUTemp=76.0C,LayerCnt=3,Pkg=org.meumeu.wivrn.nx.warp,FrmId=5586
09-10 06:05:58.471 27483 31340 I WiVRn   : [2026-09-10 06:05:58.471] [WiVRn] [info] nxwarp[0] net: 181 frames closed in 2.0 s, 0 with a hole, 0 out-of-order datagrams, 0 frames completed late, 0 queued for the worker, 5266 decoded so far, 5445 stragglers dropped; last hole 0/0 chunks, first missing -1, short false, chunk 1166 B
09-10 06:05:58.471 27483 31340 I WiVRn   : [2026-09-10 06:05:58.471] [WiVRn] [info] nxwarp[0] net: 0.028 ms per datagram over 30430 datagrams (425.94 ms of every second)
09-10 06:05:58.471 27483 31340 I WiVRn   : [2026-09-10 06:05:58.471] [WiVRn] [info] nxwarp[0] sel: stride 1, arrival 10.9 ms, dropped-late 102, withheld 0, decoded 5266
09-10 06:05:58.471 27483 31340 I WiVRn   : [2026-09-10 06:05:58.471] [WiVRn] [info] nxwarp[0] rx: 897940 datagrams, placed 10575317 (+418472), late 134326 (+4440), stale_frame 0, bad_range 0, bad_dir 0, bad_caps 0, bad_ver 0, auth_fail 0, replay 0, frozen 0, dup 232
09-10 06:05:58.745 27483 31346 I WiVRn   : [2026-09-10 06:05:58.745] [WiVRn] [info] Tracking pattern (11107µs):
09-10 06:05:58.745 27483 31346 I WiVRn   : [2026-09-10 06:05:58.745] [WiVRn] [info] 	t+3258µs HEAD (7848µs)
09-10 06:05:58.745 27483 31346 I WiVRn   : [2026-09-10 06:05:58.745] [WiVRn] [info] 	t+3323µs LEFT_GRIP (7784µs)
09-10 06:05:58.745 27483 31346 I WiVRn   : [2026-09-10 06:05:58.745] [WiVRn] [info] 	t+3329µs RIGHT_GRIP (7777µs)
09-10 06:05:58.745 27483 31346 I WiVRn   : [2026-09-10 06:05:58.745] [WiVRn] [info] 	t+6258µs HEAD (4848µs)
09-10 06:05:58.745 27483 31346 I WiVRn   : [2026-09-10 06:05:58.745] [WiVRn] [info] 	t+6323µs LEFT_GRIP (4784µs)
09-10 06:05:58.745 27483 31346 I WiVRn   : [2026-09-10 06:05:58.745] [WiVRn] [info] 	t+6329µs RIGHT_GRIP (4777µs)
09-10 06:05:58.920 27483 31302 I PxrMetric: FPS=90/90,MTP=30.38ms,AppSW=off,FrmEarly=0,FrmLate=0,FrmCpu=0.53ms,FrmGpu=6.26ms,FrmTime=14.33ms,ATWGPU=1.62ms,VsyncDelay=2,GPU=80%/587Mhz,GPUTemp=73.6C,LayerCnt=3,Pkg=org.meumeu.wivrn.nx.warp,FrmId=5676
09-10 06:05:59.213 27483 31344 I WiVRn   : [2026-09-10 06:05:59.213] [WiVRn] [info] nxwarp[0]: 180 frames in 2.0 s: 124299 B/frame, wait-prev 0.0 ms, wall 8.5 ms, nxvc passA 1.5 passB 2.7 gpu 4.3 ms; holes 0, refused 0
09-10 06:05:59.213 27483 31344 I WiVRn   : [2026-09-10 06:05:59.213] [WiVRn] [info] nxwarp[0] gpu duty 383 ms/s (38% of one GPU) for decode alone; the display pass is extra
09-10 06:05:59.213 27483 31344 I WiVRn   : [2026-09-10 06:05:59.213] [WiVRn] [info] nxwarp[0] passB 2.7 ms = warp 0.0 + skip 0.0 + coded 0.0 + dir 0.0 + other 2.7; tiles skip 0 / coded 2312 / dir 0 (eye pass 0)
09-10 06:05:59.213 27483 31344 I WiVRn   : [2026-09-10 06:05:59.213] [WiVRn] [info] nxwarp[0]: 102 frames dropped late (queue kept to 1)
09-10 06:05:59.213 27483 31344 I WiVRn   : [2026-09-10 06:05:59.213] [WiVRn] [info] nxwarp[0] stage: gap 2.6 | wait-prev 0.0 | submit 1.0 (qlock 0.0 + codec 1.0) | get_free 0.0 | fence-pre 0.0 | record 0.0 | qsubmit 0.0 | fence-post 7.4 | publish 0.0 ms; withheld 0, stride 1, arrival 11.0 ms
09-10 06:05:59.213 27483 31344 I WiVRn   : [2026-09-10 06:05:59.213] [WiVRn] [info] nxwarp[0] reassembly (network thread): 0.09 ms/frame over 180 frames, buffer 121 kB held for 121 kB of unit (1.0x)
09-10 06:05:59.213 27483 31344 I WiVRn   : [2026-09-10 06:05:59.213] [WiVRn] [info] nxwarp[0] fence-post 7.4 ms = nxvc gpu 4.3 + copy gpu 0.00 + queue 3.2 (over 180 frames with timestamps)
09-10 06:05:59.227 27483 31306 I WiVRn   : [2026-09-10 06:05:59.227] [WiVRn] [info] render: 180 iterations in 2.0 s (90.0/s), 180 submitted a layer, 180 new-source, 0 skipped by the repeat gate, 0 with nothing to show; display period 11.1 ms
09-10 06:05:59.227 27483 31306 I WiVRn   : [2026-09-10 06:05:59.227] [WiVRn] [info] render: ready wait attempts 0 success 0 total 0.000 ms | selected older than available 0
09-10 06:05:59.227 27483 31306 I WiVRn   : [2026-09-10 06:05:59.227] [WiVRn] [info] render: selected source transitions forward 180 backward 0 repeat 0, greatest forward gap 1
09-10 06:05:59.227 27483 31306 I WiVRn   : [2026-09-10 06:05:59.227] [WiVRn] [info] render: this app's own GPU pass 4.8 ms per iteration
09-10 06:05:59.227 27483 31306 I WiVRn   : [2026-09-10 06:05:59.227] [WiVRn] [info] render: defoveate 2160x2160 per eye x2 = 9.33 Mpx/frame at scale 1.00 atlas-prototype 0; 0 re-presented from the cache (reduce_gpu_load on)
09-10 06:05:59.227 27483 31306 I WiVRn   : [2026-09-10 06:05:59.227] [WiVRn] [info] render: shader path sharpness 0.00 fsr false alpha false motion false blend false glow 0.00 vignette 0.00 deband 0.00 lowpoly 0.00 levels 0 full-kernel false
09-10 06:05:59.227 27483 31306 I WiVRn   : [2026-09-10 06:05:59.227] [WiVRn] [info] render: per iteration fence 0.0 (worst 0.0) | queries 0.0 | submit 0.0 | whole render() 0.7 ms
09-10 06:05:59.227 27483 31306 I WiVRn   : [2026-09-10 06:05:59.227] [WiVRn] [info] render: jit on | wake slack 38.2 ms | slept 7.5 ms mean (max 7.5, 180 of 180 iterations) | budget 1.9 = pass 0.9 + margin 1.0 | sleep cap 7.5 ms
09-10 06:05:59.227 27483 31306 I WiVRn   : [2026-09-10 06:05:59.227] [WiVRn] [info] render: source display-time offset 50.1 ms mean (worst 50.4) over 180 frames | submit lead 30.0 ms mean (worst 29.3) | misses: 0 overrun 0 late 0 skipped refresh
09-10 06:05:59.745 27483 31346 I WiVRn   : [2026-09-10 06:05:59.745] [WiVRn] [info] Tracking pattern (11107µs):
09-10 06:05:59.745 27483 31346 I WiVRn   : [2026-09-10 06:05:59.745] [WiVRn] [info] 	t+3554µs HEAD (7553µs)
09-10 06:05:59.745 27483 31346 I WiVRn   : [2026-09-10 06:05:59.745] [WiVRn] [info] 	t+3674µs LEFT_GRIP (7433µs)
09-10 06:05:59.745 27483 31346 I WiVRn   : [2026-09-10 06:05:59.745] [WiVRn] [info] 	t+3682µs RIGHT_GRIP (7425µs)
09-10 06:05:59.745 27483 31346 I WiVRn   : [2026-09-10 06:05:59.745] [WiVRn] [info] 	t+6554µs HEAD (4553µs)
09-10 06:05:59.745 27483 31346 I WiVRn   : [2026-09-10 06:05:59.745] [WiVRn] [info] 	t+6674µs LEFT_GRIP (4433µs)
09-10 06:05:59.745 27483 31346 I WiVRn   : [2026-09-10 06:05:59.745] [WiVRn] [info] 	t+6682µs RIGHT_GRIP (4425µs)
09-10 06:05:59.920 27483 31302 I PxrMetric: FPS=90/90,MTP=29.93ms,AppSW=off,FrmEarly=0,FrmLate=0,FrmCpu=0.52ms,FrmGpu=5.93ms,FrmTime=13.98ms,ATWGPU=1.60ms,VsyncDelay=2,GPU=80%/587Mhz,GPUTemp=75.2C,LayerCnt=3,Pkg=org.meumeu.wivrn.nx.warp,FrmId=5766
09-10 06:06:00.481 27483 31340 I WiVRn   : [2026-09-10 06:06:00.481] [WiVRn] [info] nxwarp[0] net: 181 frames closed in 2.0 s, 0 with a hole, 0 out-of-order datagrams, 0 frames completed late, 0 queued for the worker, 5447 decoded so far, 5626 stragglers dropped; last hole 0/0 chunks, first missing -1, short false, chunk 1166 B
09-10 06:06:00.481 27483 31340 I WiVRn   : [2026-09-10 06:06:00.481] [WiVRn] [info] nxwarp[0] net: 0.028 ms per datagram over 30510 datagrams (423.07 ms of every second)
09-10 06:06:00.481 27483 31340 I WiVRn   : [2026-09-10 06:06:00.481] [WiVRn] [info] nxwarp[0] sel: stride 1, arrival 10.9 ms, dropped-late 102, withheld 0, decoded 5447
09-10 06:06:00.481 27483 31340 I WiVRn   : [2026-09-10 06:06:00.481] [WiVRn] [info] nxwarp[0] rx: 928450 datagrams, placed 10993789 (+418472), late 134830 (+504), stale_frame 0, bad_range 0, bad_dir 0, bad_caps 0, bad_ver 0, auth_fail 0, replay 0, frozen 0, dup 232
09-10 06:06:00.745 27483 31346 I WiVRn   : [2026-09-10 06:06:00.745] [WiVRn] [info] Tracking pattern (11111µs):
09-10 06:06:00.745 27483 31346 I WiVRn   : [2026-09-10 06:06:00.745] [WiVRn] [info] 	t+2802µs HEAD (8308µs)
09-10 06:06:00.745 27483 31346 I WiVRn   : [2026-09-10 06:06:00.745] [WiVRn] [info] 	t+2871µs LEFT_GRIP (8239µs)
09-10 06:06:00.745 27483 31346 I WiVRn   : [2026-09-10 06:06:00.745] [WiVRn] [info] 	t+3002µs RIGHT_GRIP (8109µs)
09-10 06:06:00.745 27483 31346 I WiVRn   : [2026-09-10 06:06:00.745] [WiVRn] [info] 	t+5802µs HEAD (5308µs)
09-10 06:06:00.745 27483 31346 I WiVRn   : [2026-09-10 06:06:00.745] [WiVRn] [info] 	t+5871µs LEFT_GRIP (5239µs)
09-10 06:06:00.745 27483 31346 I WiVRn   : [2026-09-10 06:06:00.745] [WiVRn] [info] 	t+6002µs RIGHT_GRIP (5109µs)
09-10 06:06:00.930 27483 31302 I PxrMetric: FPS=90/90,MTP=30.87ms,AppSW=off,FrmEarly=0,FrmLate=0,FrmCpu=0.51ms,FrmGpu=6.61ms,FrmTime=14.66ms,ATWGPU=1.60ms,VsyncDelay=2,GPU=79%/587Mhz,GPUTemp=75.2C,LayerCnt=3,Pkg=org.meumeu.wivrn.nx.warp,FrmId=5857
09-10 06:06:01.220 27483 31344 I WiVRn   : [2026-09-10 06:06:01.220] [WiVRn] [info] nxwarp[0]: 181 frames in 2.0 s: 127777 B/frame, wait-prev 0.0 ms, wall 8.6 ms, nxvc passA 1.6 passB 2.7 gpu 4.4 ms; holes 0, refused 0
09-10 06:06:01.220 27483 31344 I WiVRn   : [2026-09-10 06:06:01.220] [WiVRn] [info] nxwarp[0] gpu duty 393 ms/s (39% of one GPU) for decode alone; the display pass is extra
09-10 06:06:01.220 27483 31344 I WiVRn   : [2026-09-10 06:06:01.220] [WiVRn] [info] nxwarp[0] passB 2.7 ms = warp 0.0 + skip 0.0 + coded 0.0 + dir 0.0 + other 2.7; tiles skip 0 / coded 2312 / dir 0 (eye pass 0)
09-10 06:06:01.220 27483 31344 I WiVRn   : [2026-09-10 06:06:01.220] [WiVRn] [info] nxwarp[0]: 102 frames dropped late (queue kept to 1)
09-10 06:06:01.220 27483 31344 I WiVRn   : [2026-09-10 06:06:01.220] [WiVRn] [info] nxwarp[0] stage: gap 2.4 | wait-prev 0.0 | submit 1.0 (qlock 0.0 + codec 1.0) | get_free 0.0 | fence-pre 0.0 | record 0.0 | qsubmit 0.0 | fence-post 7.5 | publish 0.0 ms; withheld 0, stride 1, arrival 10.8 ms
09-10 06:06:01.220 27483 31344 I WiVRn   : [2026-09-10 06:06:01.220] [WiVRn] [info] nxwarp[0] reassembly (network thread): 0.09 ms/frame over 181 frames, buffer 125 kB held for 125 kB of unit (1.0x)
09-10 06:06:01.220 27483 31344 I WiVRn   : [2026-09-10 06:06:01.220] [WiVRn] [info] nxwarp[0] fence-post 7.6 ms = nxvc gpu 4.4 + copy gpu 0.00 + queue 3.2 (over 181 frames with timestamps)
09-10 06:06:01.237 27483 31306 I WiVRn   : [2026-09-10 06:06:01.237] [WiVRn] [info] render: 181 iterations in 2.0 s (90.0/s), 181 submitted a layer, 181 new-source, 0 skipped by the repeat gate, 0 with nothing to show; display period 11.1 ms
09-10 06:06:01.237 27483 31306 I WiVRn   : [2026-09-10 06:06:01.237] [WiVRn] [info] render: ready wait attempts 0 success 0 total 0.000 ms | selected older than available 0
09-10 06:06:01.237 27483 31306 I WiVRn   : [2026-09-10 06:06:01.237] [WiVRn] [info] render: selected source transitions forward 181 backward 0 repeat 0, greatest forward gap 1
09-10 06:06:01.237 27483 31306 I WiVRn   : [2026-09-10 06:06:01.237] [WiVRn] [info] render: this app's own GPU pass 4.8 ms per iteration
09-10 06:06:01.237 27483 31306 I WiVRn   : [2026-09-10 06:06:01.237] [WiVRn] [info] render: defoveate 2160x2160 per eye x2 = 9.33 Mpx/frame at scale 1.00 atlas-prototype 0; 0 re-presented from the cache (reduce_gpu_load on)
09-10 06:06:01.237 27483 31306 I WiVRn   : [2026-09-10 06:06:01.237] [WiVRn] [info] render: shader path sharpness 0.00 fsr false alpha false motion false blend false glow 0.00 vignette 0.00 deband 0.00 lowpoly 0.00 levels 0 full-kernel false
09-10 06:06:01.237 27483 31306 I WiVRn   : [2026-09-10 06:06:01.237] [WiVRn] [info] render: per iteration fence 0.0 (worst 0.0) | queries 0.0 | submit 0.0 | whole render() 0.7 ms
09-10 06:06:01.237 27483 31306 I WiVRn   : [2026-09-10 06:06:01.237] [WiVRn] [info] render: jit on | wake slack 38.3 ms | slept 7.5 ms mean (max 7.5, 181 of 181 iterations) | budget 1.8 = pass 0.8 + margin 1.0 | sleep cap 7.5 ms
09-10 06:06:01.237 27483 31306 I WiVRn   : [2026-09-10 06:06:01.237] [WiVRn] [info] render: source display-time offset 50.6 ms mean (worst 50.9) over 181 frames | submit lead 30.1 ms mean (worst 29.3) | misses: 0 overrun 0 late 0 skipped refresh
09-10 06:06:01.745 27483 31346 I WiVRn   : [2026-09-10 06:06:01.745] [WiVRn] [info] Tracking pattern (11111µs):
09-10 06:06:01.745 27483 31346 I WiVRn   : [2026-09-10 06:06:01.745] [WiVRn] [info] 	t+3694µs HEAD (7417µs)
09-10 06:06:01.745 27483 31346 I WiVRn   : [2026-09-10 06:06:01.745] [WiVRn] [info] 	t+3851µs LEFT_GRIP (7260µs)
09-10 06:06:01.745 27483 31346 I WiVRn   : [2026-09-10 06:06:01.745] [WiVRn] [info] 	t+3856µs RIGHT_GRIP (7255µs)
09-10 06:06:01.745 27483 31346 I WiVRn   : [2026-09-10 06:06:01.745] [WiVRn] [info] 	t+6694µs HEAD (4417µs)
09-10 06:06:01.745 27483 31346 I WiVRn   : [2026-09-10 06:06:01.745] [WiVRn] [info] 	t+6851µs LEFT_GRIP (4260µs)
09-10 06:06:01.745 27483 31346 I WiVRn   : [2026-09-10 06:06:01.745] [WiVRn] [info] 	t+6856µs RIGHT_GRIP (4255µs)
09-10 06:06:01.942 27483 31302 I PxrMetric: FPS=90/90,MTP=30.83ms,AppSW=off,FrmEarly=0,FrmLate=0,FrmCpu=0.53ms,FrmGpu=6.61ms,FrmTime=14.67ms,ATWGPU=1.59ms,VsyncDelay=2,GPU=81%/587Mhz,GPUTemp=76.4C,LayerCnt=3,Pkg=org.meumeu.wivrn.nx.warp,FrmId=5948
09-10 06:06:02.493 27483 31340 I WiVRn   : [2026-09-10 06:06:02.493] [WiVRn] [info] nxwarp[0] net: 181 frames closed in 2.0 s, 0 with a hole, 0 out-of-order datagrams, 0 frames completed late, 0 queued for the worker, 5628 decoded so far, 5807 stragglers dropped; last hole 0/0 chunks, first missing -1, short false, chunk 1166 B
09-10 06:06:02.493 27483 31340 I WiVRn   : [2026-09-10 06:06:02.493] [WiVRn] [info] nxwarp[0] net: 0.027 ms per datagram over 31999 datagrams (431.75 ms of every second)
09-10 06:06:02.493 27483 31340 I WiVRn   : [2026-09-10 06:06:02.493] [WiVRn] [info] nxwarp[0] sel: stride 1, arrival 10.9 ms, dropped-late 102, withheld 0, decoded 5628
09-10 06:06:02.493 27483 31340 I WiVRn   : [2026-09-10 06:06:02.493] [WiVRn] [info] nxwarp[0] rx: 960449 datagrams, placed 11412261 (+418472), late 135028 (+198), stale_frame 0, bad_range 0, bad_dir 0, bad_caps 0, bad_ver 0, auth_fail 0, replay 0, frozen 0, dup 232
09-10 06:06:02.745 27483 31346 I WiVRn   : [2026-09-10 06:06:02.745] [WiVRn] [info] Tracking pattern (11111µs):
09-10 06:06:02.745 27483 31346 I WiVRn   : [2026-09-10 06:06:02.745] [WiVRn] [info] 	t+3322µs HEAD (7788µs)
09-10 06:06:02.745 27483 31346 I WiVRn   : [2026-09-10 06:06:02.745] [WiVRn] [info] 	t+3430µs LEFT_GRIP (7680µs)
09-10 06:06:02.745 27483 31346 I WiVRn   : [2026-09-10 06:06:02.745] [WiVRn] [info] 	t+3434µs RIGHT_GRIP (7676µs)
09-10 06:06:02.745 27483 31346 I WiVRn   : [2026-09-10 06:06:02.745] [WiVRn] [info] 	t+6322µs HEAD (4788µs)
09-10 06:06:02.745 27483 31346 I WiVRn   : [2026-09-10 06:06:02.745] [WiVRn] [info] 	t+6430µs LEFT_GRIP (4680µs)
09-10 06:06:02.745 27483 31346 I WiVRn   : [2026-09-10 06:06:02.745] [WiVRn] [info] 	t+6434µs RIGHT_GRIP (4676µs)
09-10 06:06:02.954 27483 31302 I PxrMetric: FPS=90/90,MTP=30.47ms,AppSW=off,FrmEarly=0,FrmLate=0,FrmCpu=0.55ms,FrmGpu=6.62ms,FrmTime=14.71ms,ATWGPU=1.59ms,VsyncDelay=2,GPU=83%/587Mhz,GPUTemp=76.0C,LayerCnt=3,Pkg=org.meumeu.wivrn.nx.warp,FrmId=6039
09-10 06:06:03.224 27483 31344 I WiVRn   : [2026-09-10 06:06:03.224] [WiVRn] [info] nxwarp[0]: 180 frames in 2.0 s: 131480 B/frame, wait-prev 0.0 ms, wall 8.4 ms, nxvc passA 1.7 passB 2.7 gpu 4.4 ms; holes 0, refused 0
09-10 06:06:03.224 27483 31344 I WiVRn   : [2026-09-10 06:06:03.224] [WiVRn] [info] nxwarp[0] gpu duty 396 ms/s (40% of one GPU) for decode alone; the display pass is extra
09-10 06:06:03.224 27483 31344 I WiVRn   : [2026-09-10 06:06:03.224] [WiVRn] [info] nxwarp[0] passB 2.7 ms = warp 0.0 + skip 0.0 + coded 0.0 + dir 0.0 + other 2.7; tiles skip 0 / coded 2312 / dir 0 (eye pass 0)
09-10 06:06:03.224 27483 31344 I WiVRn   : [2026-09-10 06:06:03.224] [WiVRn] [info] nxwarp[0]: 102 frames dropped late (queue kept to 1)
09-10 06:06:03.224 27483 31344 I WiVRn   : [2026-09-10 06:06:03.224] [WiVRn] [info] nxwarp[0] stage: gap 2.7 | wait-prev 0.0 | submit 1.0 (qlock 0.0 + codec 1.0) | get_free 0.0 | fence-pre 0.0 | record 0.0 | qsubmit 0.0 | fence-post 7.3 | publish 0.0 ms; withheld 0, stride 1, arrival 11.1 ms
09-10 06:06:03.224 27483 31344 I WiVRn   : [2026-09-10 06:06:03.224] [WiVRn] [info] nxwarp[0] reassembly (network thread): 0.08 ms/frame over 180 frames, buffer 128 kB held for 128 kB of unit (1.0x)
09-10 06:06:03.224 27483 31344 I WiVRn   : [2026-09-10 06:06:03.224] [WiVRn] [info] nxwarp[0] fence-post 7.3 ms = nxvc gpu 4.4 + copy gpu 0.00 + queue 2.9 (over 180 frames with timestamps)
09-10 06:06:03.237 27483 31306 I WiVRn   : [2026-09-10 06:06:03.237] [WiVRn] [info] render: 180 iterations in 2.0 s (90.0/s), 180 submitted a layer, 178 new-source, 0 skipped by the repeat gate, 0 with nothing to show; display period 11.1 ms
09-10 06:06:03.237 27483 31306 I WiVRn   : [2026-09-10 06:06:03.237] [WiVRn] [info] render: ready wait attempts 2 success 0 total 2.120 ms | selected older than available 0
09-10 06:06:03.237 27483 31306 I WiVRn   : [2026-09-10 06:06:03.237] [WiVRn] [info] render: selected source transitions forward 178 backward 0 repeat 2, greatest forward gap 2
09-10 06:06:03.237 27483 31306 I WiVRn   : [2026-09-10 06:06:03.237] [WiVRn] [info] render: this app's own GPU pass 4.7 ms per iteration
09-10 06:06:03.237 27483 31306 I WiVRn   : [2026-09-10 06:06:03.237] [WiVRn] [info] render: defoveate 2160x2160 per eye x2 = 9.33 Mpx/frame at scale 1.00 atlas-prototype 0; 2 re-presented from the cache (reduce_gpu_load on)
09-10 06:06:03.237 27483 31306 I WiVRn   : [2026-09-10 06:06:03.237] [WiVRn] [info] render: shader path sharpness 0.00 fsr false alpha false motion false blend false glow 0.00 vignette 0.00 deband 0.00 lowpoly 0.00 levels 0 full-kernel false
09-10 06:06:03.237 27483 31306 I WiVRn   : [2026-09-10 06:06:03.237] [WiVRn] [info] render: per iteration fence 0.0 (worst 0.0) | queries 0.0 | submit 0.0 | whole render() 0.7 ms
09-10 06:06:03.237 27483 31306 I WiVRn   : [2026-09-10 06:06:03.237] [WiVRn] [info] render: jit on | wake slack 38.4 ms | slept 7.5 ms mean (max 7.5, 180 of 180 iterations) | budget 1.9 = pass 0.9 + margin 1.0 | sleep cap 7.5 ms
09-10 06:06:03.238 27483 31306 I WiVRn   : [2026-09-10 06:06:03.238] [WiVRn] [info] render: source display-time offset 51.2 ms mean (worst 62.2) over 180 frames | submit lead 30.2 ms mean (worst 29.3) | misses: 0 overrun 0 late 0 skipped refresh
09-10 06:06:03.745 27483 31346 I WiVRn   : [2026-09-10 06:06:03.745] [WiVRn] [info] Tracking pattern (11117µs):
09-10 06:06:03.745 27483 31346 I WiVRn   : [2026-09-10 06:06:03.745] [WiVRn] [info] 	t+3652µs HEAD (7465µs)
09-10 06:06:03.745 27483 31346 I WiVRn   : [2026-09-10 06:06:03.745] [WiVRn] [info] 	t+3743µs LEFT_GRIP (7374µs)
09-10 06:06:03.745 27483 31346 I WiVRn   : [2026-09-10 06:06:03.745] [WiVRn] [info] 	t+3750µs RIGHT_GRIP (7367µs)
09-10 06:06:03.745 27483 31346 I WiVRn   : [2026-09-10 06:06:03.745] [WiVRn] [info] 	t+6652µs HEAD (4465µs)
09-10 06:06:03.745 27483 31346 I WiVRn   : [2026-09-10 06:06:03.745] [WiVRn] [info] 	t+6743µs LEFT_GRIP (4374µs)
09-10 06:06:03.745 27483 31346 I WiVRn   : [2026-09-10 06:06:03.745] [WiVRn] [info] 	t+6750µs RIGHT_GRIP (4367µs)
09-10 06:06:03.957 27483 31302 I PxrMetric: FPS=90/90,MTP=30.23ms,AppSW=off,FrmEarly=0,FrmLate=0,FrmCpu=0.52ms,FrmGpu=6.75ms,FrmTime=14.82ms,ATWGPU=1.59ms,VsyncDelay=2,GPU=80%/587Mhz,GPUTemp=74.8C,LayerCnt=3,Pkg=org.meumeu.wivrn.nx.warp,FrmId=6129
09-10 06:06:04.504 27483 31340 I WiVRn   : [2026-09-10 06:06:04.504] [WiVRn] [info] nxwarp[0] net: 181 frames closed in 2.0 s, 0 with a hole, 0 out-of-order datagrams, 0 frames completed late, 0 queued for the worker, 5809 decoded so far, 5988 stragglers dropped; last hole 0/0 chunks, first missing -1, short false, chunk 1166 B
09-10 06:06:04.504 27483 31340 I WiVRn   : [2026-09-10 06:06:04.504] [WiVRn] [info] nxwarp[0] net: 0.029 ms per datagram over 29724 datagrams (426.71 ms of every second)
09-10 06:06:04.504 27483 31340 I WiVRn   : [2026-09-10 06:06:04.504] [WiVRn] [info] nxwarp[0] sel: stride 1, arrival 11.1 ms, dropped-late 102, withheld 0, decoded 5809
09-10 06:06:04.504 27483 31340 I WiVRn   : [2026-09-10 06:06:04.504] [WiVRn] [info] nxwarp[0] rx: 990173 datagrams, placed 11696681 (+284420), late 139247 (+4219), stale_frame 0, bad_range 0, bad_dir 0, bad_caps 0, bad_ver 0, auth_fail 0, replay 0, frozen 0, dup 245
09-10 06:06:04.745 27483 31346 I WiVRn   : [2026-09-10 06:06:04.745] [WiVRn] [info] Tracking pattern (11111µs):
09-10 06:06:04.745 27483 31346 I WiVRn   : [2026-09-10 06:06:04.745] [WiVRn] [info] 	t+3816µs HEAD (7294µs)
09-10 06:06:04.745 27483 31346 I WiVRn   : [2026-09-10 06:06:04.745] [WiVRn] [info] 	t+3855µs LEFT_GRIP (7255µs)
09-10 06:06:04.745 27483 31346 I WiVRn   : [2026-09-10 06:06:04.745] [WiVRn] [info] 	t+3863µs RIGHT_GRIP (7248µs)
09-10 06:06:04.745 27483 31346 I WiVRn   : [2026-09-10 06:06:04.745] [WiVRn] [info] 	t+6816µs HEAD (4294µs)
09-10 06:06:04.745 27483 31346 I WiVRn   : [2026-09-10 06:06:04.745] [WiVRn] [info] 	t+6855µs LEFT_GRIP (4255µs)
09-10 06:06:04.745 27483 31346 I WiVRn   : [2026-09-10 06:06:04.745] [WiVRn] [info] 	t+6863µs RIGHT_GRIP (4248µs)
09-10 06:06:04.965 27483 31302 I PxrMetric: FPS=90/90,MTP=30.28ms,AppSW=off,FrmEarly=0,FrmLate=0,FrmCpu=0.51ms,FrmGpu=6.52ms,FrmTime=14.56ms,ATWGPU=1.60ms,VsyncDelay=2,GPU=79%/587Mhz,GPUTemp=76.0C,LayerCnt=3,Pkg=org.meumeu.wivrn.nx.warp,FrmId=6220
09-10 06:06:05.225 27483 31344 I WiVRn   : [2026-09-10 06:06:05.225] [WiVRn] [info] nxwarp[0]: 180 frames in 2.0 s: 132247 B/frame, wait-prev 0.0 ms, wall 8.6 ms, nxvc passA 1.6 passB 2.8 gpu 4.3 ms; holes 0, refused 0
09-10 06:06:05.225 27483 31344 I WiVRn   : [2026-09-10 06:06:05.225] [WiVRn] [info] nxwarp[0] gpu duty 391 ms/s (39% of one GPU) for decode alone; the display pass is extra
09-10 06:06:05.225 27483 31344 I WiVRn   : [2026-09-10 06:06:05.225] [WiVRn] [info] nxwarp[0] passB 2.8 ms = warp 0.0 + skip 0.0 + coded 0.0 + dir 0.0 + other 2.8; tiles skip 0 / coded 2312 / dir 0 (eye pass 0)
09-10 06:06:05.225 27483 31344 I WiVRn   : [2026-09-10 06:06:05.225] [WiVRn] [info] nxwarp[0]: 102 frames dropped late (queue kept to 1)
09-10 06:06:05.225 27483 31344 I WiVRn   : [2026-09-10 06:06:05.225] [WiVRn] [info] nxwarp[0] stage: gap 2.5 | wait-prev 0.0 | submit 1.0 (qlock 0.0 + codec 1.0) | get_free 0.0 | fence-pre 0.0 | record 0.0 | qsubmit 0.0 | fence-post 7.5 | publish 0.0 ms; withheld 0, stride 1, arrival 11.1 ms
09-10 06:06:05.225 27483 31344 I WiVRn   : [2026-09-10 06:06:05.225] [WiVRn] [info] nxwarp[0] reassembly (network thread): 0.07 ms/frame over 180 frames, buffer 129 kB held for 129 kB of unit (1.0x)
09-10 06:06:05.225 27483 31344 I WiVRn   : [2026-09-10 06:06:05.225] [WiVRn] [info] nxwarp[0] fence-post 7.5 ms = nxvc gpu 4.3 + copy gpu 0.00 + queue 3.2 (over 180 frames with timestamps)
09-10 06:06:05.238 27483 31306 I WiVRn   : [2026-09-10 06:06:05.238] [WiVRn] [info] render: 180 iterations in 2.0 s (90.0/s), 180 submitted a layer, 180 new-source, 0 skipped by the repeat gate, 0 with nothing to show; display period 11.1 ms
09-10 06:06:05.238 27483 31306 I WiVRn   : [2026-09-10 06:06:05.238] [WiVRn] [info] render: ready wait attempts 0 success 0 total 0.000 ms | selected older than available 0
09-10 06:06:05.238 27483 31306 I WiVRn   : [2026-09-10 06:06:05.238] [WiVRn] [info] render: selected source transitions forward 180 backward 0 repeat 0, greatest forward gap 1
09-10 06:06:05.238 27483 31306 I WiVRn   : [2026-09-10 06:06:05.238] [WiVRn] [info] render: this app's own GPU pass 4.7 ms per iteration
09-10 06:06:05.238 27483 31306 I WiVRn   : [2026-09-10 06:06:05.238] [WiVRn] [info] render: defoveate 2160x2160 per eye x2 = 9.33 Mpx/frame at scale 1.00 atlas-prototype 0; 0 re-presented from the cache (reduce_gpu_load on)
09-10 06:06:05.238 27483 31306 I WiVRn   : [2026-09-10 06:06:05.238] [WiVRn] [info] render: shader path sharpness 0.00 fsr false alpha false motion false blend false glow 0.00 vignette 0.00 deband 0.00 lowpoly 0.00 levels 0 full-kernel false
09-10 06:06:05.238 27483 31306 I WiVRn   : [2026-09-10 06:06:05.238] [WiVRn] [info] render: per iteration fence 0.0 (worst 0.0) | queries 0.0 | submit 0.0 | whole render() 0.7 ms
09-10 06:06:05.238 27483 31306 I WiVRn   : [2026-09-10 06:06:05.238] [WiVRn] [info] render: jit on | wake slack 38.5 ms | slept 7.5 ms mean (max 7.5, 180 of 180 iterations) | budget 1.9 = pass 0.9 + margin 1.0 | sleep cap 7.5 ms
09-10 06:06:05.238 27483 31306 I WiVRn   : [2026-09-10 06:06:05.238] [WiVRn] [info] render: source display-time offset 51.4 ms mean (worst 51.6) over 180 frames | submit lead 30.3 ms mean (worst 29.5) | misses: 0 overrun 0 late 0 skipped refresh
09-10 06:06:05.745 27483 31346 I WiVRn   : [2026-09-10 06:06:05.745] [WiVRn] [info] Tracking pattern (11112µs):
09-10 06:06:05.745 27483 31346 I WiVRn   : [2026-09-10 06:06:05.745] [WiVRn] [info] 	t+3734µs HEAD (7378µs)
09-10 06:06:05.745 27483 31346 I WiVRn   : [2026-09-10 06:06:05.745] [WiVRn] [info] 	t+3811µs LEFT_GRIP (7300µs)
09-10 06:06:05.745 27483 31346 I WiVRn   : [2026-09-10 06:06:05.745] [WiVRn] [info] 	t+3819µs RIGHT_GRIP (7293µs)
09-10 06:06:05.745 27483 31346 I WiVRn   : [2026-09-10 06:06:05.745] [WiVRn] [info] 	t+6734µs HEAD (4378µs)
09-10 06:06:05.745 27483 31346 I WiVRn   : [2026-09-10 06:06:05.745] [WiVRn] [info] 	t+6811µs LEFT_GRIP (4300µs)
09-10 06:06:05.745 27483 31346 I WiVRn   : [2026-09-10 06:06:05.745] [WiVRn] [info] 	t+6819µs RIGHT_GRIP (4293µs)
09-10 06:06:05.969 27483 31302 I PxrMetric: FPS=90/90,MTP=29.89ms,AppSW=off,FrmEarly=0,FrmLate=0,FrmCpu=0.52ms,FrmGpu=6.72ms,FrmTime=14.79ms,ATWGPU=1.61ms,VsyncDelay=2,GPU=79%/587Mhz,GPUTemp=74.4C,LayerCnt=3,Pkg=org.meumeu.wivrn.nx.warp,FrmId=6310
09-10 06:06:06.513 27483 31340 I WiVRn   : [2026-09-10 06:06:06.513] [WiVRn] [info] nxwarp[0] net: 181 frames closed in 2.0 s, 0 with a hole, 0 out-of-order datagrams, 0 frames completed late, 0 queued for the worker, 5990 decoded so far, 6171 stragglers dropped; last hole 0/0 chunks, first missing -1, short false, chunk 1166 B
09-10 06:06:06.513 27483 31340 I WiVRn   : [2026-09-10 06:06:06.513] [WiVRn] [info] nxwarp[0] net: 0.029 ms per datagram over 29748 datagrams (423.50 ms of every second)
09-10 06:06:06.513 27483 31340 I WiVRn   : [2026-09-10 06:06:06.513] [WiVRn] [info] nxwarp[0] sel: stride 1, arrival 11.1 ms, dropped-late 102, withheld 0, decoded 5990
09-10 06:06:06.513 27483 31340 I WiVRn   : [2026-09-10 06:06:06.513] [WiVRn] [info] nxwarp[0] rx: 1019921 datagrams, placed 12062220 (+365539), late 140989 (+1742), stale_frame 0, bad_range 0, bad_dir 0, bad_caps 0, bad_ver 0, auth_fail 0, replay 0, frozen 0, dup 251
09-10 06:06:06.745 27483 31346 I WiVRn   : [2026-09-10 06:06:06.745] [WiVRn] [info] Tracking pattern (11112µs):
09-10 06:06:06.745 27483 31346 I WiVRn   : [2026-09-10 06:06:06.745] [WiVRn] [info] 	t+3656µs HEAD (7455µs)
09-10 06:06:06.745 27483 31346 I WiVRn   : [2026-09-10 06:06:06.745] [WiVRn] [info] 	t+3735µs LEFT_GRIP (7376µs)
09-10 06:06:06.745 27483 31346 I WiVRn   : [2026-09-10 06:06:06.745] [WiVRn] [info] 	t+3742µs RIGHT_GRIP (7369µs)
09-10 06:06:06.745 27483 31346 I WiVRn   : [2026-09-10 06:06:06.745] [WiVRn] [info] 	t+6656µs HEAD (4455µs)
09-10 06:06:06.745 27483 31346 I WiVRn   : [2026-09-10 06:06:06.745] [WiVRn] [info] 	t+6735µs LEFT_GRIP (4376µs)
09-10 06:06:06.745 27483 31346 I WiVRn   : [2026-09-10 06:06:06.745] [WiVRn] [info] 	t+6742µs RIGHT_GRIP (4369µs)
09-10 06:06:06.976 27483 31302 I PxrMetric: FPS=90/90,MTP=30.15ms,AppSW=off,FrmEarly=0,FrmLate=0,FrmCpu=0.54ms,FrmGpu=6.57ms,FrmTime=14.66ms,ATWGPU=1.60ms,VsyncDelay=2,GPU=78%/587Mhz,GPUTemp=77.9C,LayerCnt=3,Pkg=org.meumeu.wivrn.nx.warp,FrmId=6401
09-10 06:06:07.232 27483 31344 I WiVRn   : [2026-09-10 06:06:07.232] [WiVRn] [info] nxwarp[0]: 181 frames in 2.0 s: 123684 B/frame, wait-prev 0.0 ms, wall 8.0 ms, nxvc passA 1.5 passB 2.8 gpu 4.3 ms; holes 0, refused 0
09-10 06:06:07.232 27483 31344 I WiVRn   : [2026-09-10 06:06:07.232] [WiVRn] [info] nxwarp[0] gpu duty 388 ms/s (39% of one GPU) for decode alone; the display pass is extra
09-10 06:06:07.232 27483 31344 I WiVRn   : [2026-09-10 06:06:07.232] [WiVRn] [info] nxwarp[0] passB 2.8 ms = warp 0.0 + skip 0.0 + coded 0.0 + dir 0.0 + other 2.8; tiles skip 0 / coded 2312 / dir 0 (eye pass 0)
09-10 06:06:07.232 27483 31344 I WiVRn   : [2026-09-10 06:06:07.232] [WiVRn] [info] nxwarp[0]: 102 frames dropped late (queue kept to 1)
09-10 06:06:07.232 27483 31344 I WiVRn   : [2026-09-10 06:06:07.232] [WiVRn] [info] nxwarp[0] stage: gap 3.1 | wait-prev 0.0 | submit 1.0 (qlock 0.0 + codec 1.0) | get_free 0.0 | fence-pre 0.0 | record 0.0 | qsubmit 0.0 | fence-post 6.9 | publish 0.0 ms; withheld 0, stride 1, arrival 11.1 ms
09-10 06:06:07.232 27483 31344 I WiVRn   : [2026-09-10 06:06:07.232] [WiVRn] [info] nxwarp[0] reassembly (network thread): 0.08 ms/frame over 181 frames, buffer 121 kB held for 121 kB of unit (1.0x)
09-10 06:06:07.232 27483 31344 I WiVRn   : [2026-09-10 06:06:07.232] [WiVRn] [info] nxwarp[0] fence-post 6.9 ms = nxvc gpu 4.3 + copy gpu 0.00 + queue 2.6 (over 181 frames with timestamps)
09-10 06:06:07.248 27483 31306 I WiVRn   : [2026-09-10 06:06:07.248] [WiVRn] [info] render: 181 iterations in 2.0 s (90.0/s), 181 submitted a layer, 180 new-source, 0 skipped by the repeat gate, 0 with nothing to show; display period 11.1 ms
09-10 06:06:07.248 27483 31306 I WiVRn   : [2026-09-10 06:06:07.248] [WiVRn] [info] render: ready wait attempts 1 success 0 total 1.098 ms | selected older than available 0
09-10 06:06:07.248 27483 31306 I WiVRn   : [2026-09-10 06:06:07.248] [WiVRn] [info] render: selected source transitions forward 180 backward 0 repeat 1, greatest forward gap 2
09-10 06:06:07.248 27483 31306 I WiVRn   : [2026-09-10 06:06:07.248] [WiVRn] [info] render: this app's own GPU pass 4.5 ms per iteration
09-10 06:06:07.248 27483 31306 I WiVRn   : [2026-09-10 06:06:07.248] [WiVRn] [info] render: defoveate 2160x2160 per eye x2 = 9.33 Mpx/frame at scale 1.00 atlas-prototype 0; 1 re-presented from the cache (reduce_gpu_load on)
09-10 06:06:07.248 27483 31306 I WiVRn   : [2026-09-10 06:06:07.248] [WiVRn] [info] render: shader path sharpness 0.00 fsr false alpha false motion false blend false glow 0.00 vignette 0.00 deband 0.00 lowpoly 0.00 levels 0 full-kernel false
09-10 06:06:07.248 27483 31306 I WiVRn   : [2026-09-10 06:06:07.248] [WiVRn] [info] render: per iteration fence 0.0 (worst 0.1) | queries 0.0 | submit 0.0 | whole render() 0.7 ms
09-10 06:06:07.248 27483 31306 I WiVRn   : [2026-09-10 06:06:07.248] [WiVRn] [info] render: jit on | wake slack 38.5 ms | slept 7.5 ms mean (max 7.5, 181 of 181 iterations) | budget 2.0 = pass 1.0 + margin 1.0 | sleep cap 7.5 ms
09-10 06:06:07.248 27483 31306 I WiVRn   : [2026-09-10 06:06:07.248] [WiVRn] [info] render: source display-time offset 51.9 ms mean (worst 62.7) over 181 frames | submit lead 30.3 ms mean (worst 28.2) | misses: 0 overrun 0 late 0 skipped refresh
09-10 06:06:07.745 27483 31346 I WiVRn   : [2026-09-10 06:06:07.745] [WiVRn] [info] Tracking pattern (11113µs):
09-10 06:06:07.745 27483 31346 I WiVRn   : [2026-09-10 06:06:07.745] [WiVRn] [info] 	t+3495µs HEAD (7617µs)
09-10 06:06:07.745 27483 31346 I WiVRn   : [2026-09-10 06:06:07.745] [WiVRn] [info] 	t+3532µs LEFT_GRIP (7580µs)
09-10 06:06:07.745 27483 31346 I WiVRn   : [2026-09-10 06:06:07.745] [WiVRn] [info] 	t+3536µs RIGHT_GRIP (7576µs)
09-10 06:06:07.745 27483 31346 I WiVRn   : [2026-09-10 06:06:07.745] [WiVRn] [info] 	t+6495µs HEAD (4617µs)
09-10 06:06:07.745 27483 31346 I WiVRn   : [2026-09-10 06:06:07.745] [WiVRn] [info] 	t+6532µs LEFT_GRIP (4580µs)
09-10 06:06:07.745 27483 31346 I WiVRn   : [2026-09-10 06:06:07.745] [WiVRn] [info] 	t+6536µs RIGHT_GRIP (4576µs)
09-10 06:06:07.986 27483 31302 I PxrMetric: FPS=90/90,MTP=30.93ms,AppSW=off,FrmEarly=0,FrmLate=0,FrmCpu=0.51ms,FrmGpu=6.73ms,FrmTime=14.78ms,ATWGPU=1.60ms,VsyncDelay=2,GPU=81%/587Mhz,GPUTemp=75.6C,LayerCnt=3,Pkg=org.meumeu.wivrn.nx.warp,FrmId=6492
09-10 06:06:08.514 27483 31340 I WiVRn   : [2026-09-10 06:06:08.514] [WiVRn] [info] nxwarp[0] net: 180 frames closed in 2.0 s, 0 with a hole, 0 out-of-order datagrams, 0 frames completed late, 0 queued for the worker, 6170 decoded so far, 6365 stragglers dropped; last hole 0/0 chunks, first missing -1, short false, chunk 1166 B
09-10 06:06:08.514 27483 31340 I WiVRn   : [2026-09-10 06:06:08.514] [WiVRn] [info] nxwarp[0] net: 0.028 ms per datagram over 30248 datagrams (425.44 ms of every second)
09-10 06:06:08.514 27483 31340 I WiVRn   : [2026-09-10 06:06:08.514] [WiVRn] [info] nxwarp[0] sel: stride 1, arrival 11.5 ms, dropped-late 102, withheld 0, decoded 6170
09-10 06:06:08.514 27483 31340 I WiVRn   : [2026-09-10 06:06:08.514] [WiVRn] [info] nxwarp[0] rx: 1050169 datagrams, placed 12386288 (+324068), late 144035 (+3046), stale_frame 0, bad_range 0, bad_dir 0, bad_caps 0, bad_ver 0, auth_fail 0, replay 0, frozen 0, dup 261
09-10 06:06:08.745 27483 31346 I WiVRn   : [2026-09-10 06:06:08.745] [WiVRn] [info] Tracking pattern (11110µs):
09-10 06:06:08.745 27483 31346 I WiVRn   : [2026-09-10 06:06:08.745] [WiVRn] [info] 	t+3259µs HEAD (7850µs)
09-10 06:06:08.745 27483 31346 I WiVRn   : [2026-09-10 06:06:08.745] [WiVRn] [info] 	t+3336µs LEFT_GRIP (7773µs)
09-10 06:06:08.745 27483 31346 I WiVRn   : [2026-09-10 06:06:08.745] [WiVRn] [info] 	t+3343µs RIGHT_GRIP (7766µs)
09-10 06:06:08.745 27483 31346 I WiVRn   : [2026-09-10 06:06:08.745] [WiVRn] [info] 	t+6259µs HEAD (4850µs)
09-10 06:06:08.745 27483 31346 I WiVRn   : [2026-09-10 06:06:08.745] [WiVRn] [info] 	t+6336µs LEFT_GRIP (4773µs)
09-10 06:06:08.746 27483 31346 I WiVRn   : [2026-09-10 06:06:08.746] [WiVRn] [info] 	t+6343µs RIGHT_GRIP (4766µs)
09-10 06:06:08.991 27483 31302 I PxrMetric: FPS=90/90,MTP=30.93ms,AppSW=off,FrmEarly=0,FrmLate=0,FrmCpu=0.53ms,FrmGpu=7.63ms,FrmTime=15.70ms,ATWGPU=1.60ms,VsyncDelay=2,GPU=84%/587Mhz,GPUTemp=75.2C,LayerCnt=3,Pkg=org.meumeu.wivrn.nx.warp,FrmId=6582
09-10 06:06:09.247 27483 31344 I WiVRn   : [2026-09-10 06:06:09.247] [WiVRn] [info] nxwarp[0]: 181 frames in 2.0 s: 138790 B/frame, wait-prev 0.0 ms, wall 8.3 ms, nxvc passA 1.6 passB 2.9 gpu 4.5 ms; holes 0, refused 0
09-10 06:06:09.247 27483 31344 I WiVRn   : [2026-09-10 06:06:09.247] [WiVRn] [info] nxwarp[0] gpu duty 406 ms/s (41% of one GPU) for decode alone; the display pass is extra
09-10 06:06:09.247 27483 31344 I WiVRn   : [2026-09-10 06:06:09.247] [WiVRn] [info] nxwarp[0] passB 2.9 ms = warp 0.0 + skip 0.0 + coded 0.0 + dir 0.0 + other 2.9; tiles skip 0 / coded 2312 / dir 0 (eye pass 0)
09-10 06:06:09.247 27483 31344 I WiVRn   : [2026-09-10 06:06:09.247] [WiVRn] [info] nxwarp[0]: 102 frames dropped late (queue kept to 1)
09-10 06:06:09.247 27483 31344 I WiVRn   : [2026-09-10 06:06:09.247] [WiVRn] [info] nxwarp[0] stage: gap 2.9 | wait-prev 0.0 | submit 1.0 (qlock 0.0 + codec 1.0) | get_free 0.0 | fence-pre 0.0 | record 0.0 | qsubmit 0.0 | fence-post 7.2 | publish 0.0 ms; withheld 0, stride 1, arrival 10.8 ms
09-10 06:06:09.247 27483 31344 I WiVRn   : [2026-09-10 06:06:09.247] [WiVRn] [info] nxwarp[0] reassembly (network thread): 0.06 ms/frame over 182 frames, buffer 136 kB held for 136 kB of unit (1.0x)
09-10 06:06:09.247 27483 31344 I WiVRn   : [2026-09-10 06:06:09.247] [WiVRn] [info] nxwarp[0] fence-post 7.2 ms = nxvc gpu 4.5 + copy gpu 0.00 + queue 2.6 (over 181 frames with timestamps)
09-10 06:06:09.248 27483 31306 I WiVRn   : [2026-09-10 06:06:09.248] [WiVRn] [info] render: 180 iterations in 2.0 s (90.0/s), 180 submitted a layer, 180 new-source, 0 skipped by the repeat gate, 0 with nothing to show; display period 11.1 ms
09-10 06:06:09.248 27483 31306 I WiVRn   : [2026-09-10 06:06:09.248] [WiVRn] [info] render: ready wait attempts 0 success 0 total 0.000 ms | selected older than available 0
09-10 06:06:09.248 27483 31306 I WiVRn   : [2026-09-10 06:06:09.248] [WiVRn] [info] render: selected source transitions forward 180 backward 0 repeat 0, greatest forward gap 1
09-10 06:06:09.248 27483 31306 I WiVRn   : [2026-09-10 06:06:09.248] [WiVRn] [info] render: this app's own GPU pass 4.7 ms per iteration
09-10 06:06:09.248 27483 31306 I WiVRn   : [2026-09-10 06:06:09.248] [WiVRn] [info] render: defoveate 2160x2160 per eye x2 = 9.33 Mpx/frame at scale 1.00 atlas-prototype 0; 0 re-presented from the cache (reduce_gpu_load on)
09-10 06:06:09.248 27483 31306 I WiVRn   : [2026-09-10 06:06:09.248] [WiVRn] [info] render: shader path sharpness 0.00 fsr false alpha false motion false blend false glow 0.00 vignette 0.00 deband 0.00 lowpoly 0.00 levels 0 full-kernel false
09-10 06:06:09.248 27483 31306 I WiVRn   : [2026-09-10 06:06:09.248] [WiVRn] [info] render: per iteration fence 0.0 (worst 0.0) | queries 0.0 | submit 0.0 | whole render() 0.7 ms
09-10 06:06:09.248 27483 31306 I WiVRn   : [2026-09-10 06:06:09.248] [WiVRn] [info] render: jit on | wake slack 38.7 ms | slept 7.5 ms mean (max 7.5, 180 of 180 iterations) | budget 1.9 = pass 0.9 + margin 1.0 | sleep cap 7.5 ms
09-10 06:06:09.248 27483 31306 I WiVRn   : [2026-09-10 06:06:09.248] [WiVRn] [info] render: source display-time offset 51.6 ms mean (worst 51.7) over 180 frames | submit lead 30.6 ms mean (worst 29.7) | misses: 0 overrun 0 late 0 skipped refresh
09-10 06:06:09.745 27483 31346 I WiVRn   : [2026-09-10 06:06:09.745] [WiVRn] [info] Tracking pattern (11111µs):
09-10 06:06:09.746 27483 31346 I WiVRn   : [2026-09-10 06:06:09.746] [WiVRn] [info] 	t+3133µs HEAD (7977µs)
09-10 06:06:09.746 27483 31346 I WiVRn   : [2026-09-10 06:06:09.746] [WiVRn] [info] 	t+3197µs LEFT_GRIP (7913µs)
09-10 06:06:09.746 27483 31346 I WiVRn   : [2026-09-10 06:06:09.746] [WiVRn] [info] 	t+3318µs RIGHT_GRIP (7792µs)
09-10 06:06:09.746 27483 31346 I WiVRn   : [2026-09-10 06:06:09.746] [WiVRn] [info] 	t+6133µs HEAD (4977µs)
09-10 06:06:09.746 27483 31346 I WiVRn   : [2026-09-10 06:06:09.746] [WiVRn] [info] 	t+6197µs LEFT_GRIP (4913µs)
09-10 06:06:09.746 27483 31346 I WiVRn   : [2026-09-10 06:06:09.746] [WiVRn] [info] 	t+6318µs RIGHT_GRIP (4792µs)
09-10 06:06:09.998 27483 31302 I PxrMetric: FPS=90/90,MTP=30.67ms,AppSW=off,FrmEarly=0,FrmLate=0,FrmCpu=0.50ms,FrmGpu=6.52ms,FrmTime=14.56ms,ATWGPU=1.60ms,VsyncDelay=2,GPU=86%/587Mhz,GPUTemp=76.0C,LayerCnt=3,Pkg=org.meumeu.wivrn.nx.warp,FrmId=6673
09-10 06:06:10.524 27483 31340 I WiVRn   : [2026-09-10 06:06:10.524] [WiVRn] [info] nxwarp[0] net: 181 frames closed in 2.0 s, 0 with a hole, 0 out-of-order datagrams, 0 frames completed late, 0 queued for the worker, 6351 decoded so far, 6553 stragglers dropped; last hole 0/0 chunks, first missing -1, short false, chunk 1166 B
09-10 06:06:10.524 27483 31340 I WiVRn   : [2026-09-10 06:06:10.524] [WiVRn] [info] nxwarp[0] net: 0.031 ms per datagram over 27550 datagrams (423.10 ms of every second)
09-10 06:06:10.524 27483 31340 I WiVRn   : [2026-09-10 06:06:10.524] [WiVRn] [info] nxwarp[0] sel: stride 1, arrival 11.1 ms, dropped-late 102, withheld 0, decoded 6351
09-10 06:06:10.524 27483 31340 I WiVRn   : [2026-09-10 06:06:10.524] [WiVRn] [info] nxwarp[0] rx: 1077719 datagrams, placed 12463097 (+76809), late 155581 (+11546), stale_frame 0, bad_range 0, bad_dir 0, bad_caps 0, bad_ver 0, auth_fail 0, replay 0, frozen 0, dup 302
09-10 06:06:10.746 27483 31346 I WiVRn   : [2026-09-10 06:06:10.746] [WiVRn] [info] Tracking pattern (11112µs):
09-10 06:06:10.746 27483 31346 I WiVRn   : [2026-09-10 06:06:10.746] [WiVRn] [info] 	t+2932µs HEAD (8179µs)
09-10 06:06:10.746 27483 31346 I WiVRn   : [2026-09-10 06:06:10.746] [WiVRn] [info] 	t+2971µs LEFT_GRIP (8140µs)
09-10 06:06:10.746 27483 31346 I WiVRn   : [2026-09-10 06:06:10.746] [WiVRn] [info] 	t+2976µs RIGHT_GRIP (8135µs)
09-10 06:06:10.746 27483 31346 I WiVRn   : [2026-09-10 06:06:10.746] [WiVRn] [info] 	t+5932µs HEAD (5179µs)
09-10 06:06:10.746 27483 31346 I WiVRn   : [2026-09-10 06:06:10.746] [WiVRn] [info] 	t+5971µs LEFT_GRIP (5140µs)
09-10 06:06:10.746 27483 31346 I WiVRn   : [2026-09-10 06:06:10.746] [WiVRn] [info] 	t+5976µs RIGHT_GRIP (5135µs)
09-10 06:06:10.998 27483 31302 I PxrMetric: FPS=90/90,MTP=30.51ms,AppSW=off,FrmEarly=0,FrmLate=0,FrmCpu=0.51ms,FrmGpu=6.49ms,FrmTime=14.53ms,ATWGPU=1.60ms,VsyncDelay=2,GPU=78%/587Mhz,GPUTemp=79.5C,LayerCnt=3,Pkg=org.meumeu.wivrn.nx.warp,FrmId=6763
09-10 06:06:11.256 27483 31344 I WiVRn   : [2026-09-10 06:06:11.256] [WiVRn] [info] nxwarp[0]: 181 frames in 2.0 s: 140020 B/frame, wait-prev 0.0 ms, wall 8.2 ms, nxvc passA 1.6 passB 2.9 gpu 4.5 ms; holes 0, refused 0
09-10 06:06:11.256 27483 31344 I WiVRn   : [2026-09-10 06:06:11.256] [WiVRn] [info] nxwarp[0] gpu duty 407 ms/s (41% of one GPU) for decode alone; the display pass is extra
09-10 06:06:11.256 27483 31344 I WiVRn   : [2026-09-10 06:06:11.256] [WiVRn] [info] nxwarp[0] passB 2.9 ms = warp 0.0 + skip 0.0 + coded 0.0 + dir 0.0 + other 2.9; tiles skip 0 / coded 2312 / dir 0 (eye pass 0)
09-10 06:06:11.256 27483 31344 I WiVRn   : [2026-09-10 06:06:11.256] [WiVRn] [info] nxwarp[0]: 102 frames dropped late (queue kept to 1)
09-10 06:06:11.256 27483 31344 I WiVRn   : [2026-09-10 06:06:11.256] [WiVRn] [info] nxwarp[0] stage: gap 2.9 | wait-prev 0.0 | submit 1.0 (qlock 0.0 + codec 1.0) | get_free 0.0 | fence-pre 0.0 | record 0.0 | qsubmit 0.0 | fence-post 7.1 | publish 0.0 ms; withheld 0, stride 1, arrival 11.0 ms
09-10 06:06:11.256 27483 31344 I WiVRn   : [2026-09-10 06:06:11.256] [WiVRn] [info] nxwarp[0] reassembly (network thread): 0.05 ms/frame over 180 frames, buffer 137 kB held for 137 kB of unit (1.0x)
09-10 06:06:11.256 27483 31344 I WiVRn   : [2026-09-10 06:06:11.256] [WiVRn] [info] nxwarp[0] fence-post 7.1 ms = nxvc gpu 4.5 + copy gpu 0.00 + queue 2.6 (over 181 frames with timestamps)
09-10 06:06:11.259 27483 31306 I WiVRn   : [2026-09-10 06:06:11.259] [WiVRn] [info] render: 181 iterations in 2.0 s (90.0/s), 181 submitted a layer, 181 new-source, 0 skipped by the repeat gate, 0 with nothing to show; display period 11.1 ms
09-10 06:06:11.259 27483 31306 I WiVRn   : [2026-09-10 06:06:11.259] [WiVRn] [info] render: ready wait attempts 0 success 0 total 0.000 ms | selected older than available 0
09-10 06:06:11.259 27483 31306 I WiVRn   : [2026-09-10 06:06:11.259] [WiVRn] [info] render: selected source transitions forward 181 backward 0 repeat 0, greatest forward gap 1
09-10 06:06:11.259 27483 31306 I WiVRn   : [2026-09-10 06:06:11.259] [WiVRn] [info] render: this app's own GPU pass 4.5 ms per iteration
09-10 06:06:11.259 27483 31306 I WiVRn   : [2026-09-10 06:06:11.259] [WiVRn] [info] render: defoveate 2160x2160 per eye x2 = 9.33 Mpx/frame at scale 1.00 atlas-prototype 0; 0 re-presented from the cache (reduce_gpu_load on)
09-10 06:06:11.259 27483 31306 I WiVRn   : [2026-09-10 06:06:11.259] [WiVRn] [info] render: shader path sharpness 0.00 fsr false alpha false motion false blend false glow 0.00 vignette 0.00 deband 0.00 lowpoly 0.00 levels 0 full-kernel false
09-10 06:06:11.259 27483 31306 I WiVRn   : [2026-09-10 06:06:11.259] [WiVRn] [info] render: per iteration fence 0.0 (worst 0.0) | queries 0.0 | submit 0.0 | whole render() 0.7 ms
09-10 06:06:11.259 27483 31306 I WiVRn   : [2026-09-10 06:06:11.259] [WiVRn] [info] render: jit on | wake slack 38.7 ms | slept 7.5 ms mean (max 7.5, 181 of 181 iterations) | budget 1.8 = pass 0.8 + margin 1.0 | sleep cap 7.5 ms
09-10 06:06:11.259 27483 31306 I WiVRn   : [2026-09-10 06:06:11.259] [WiVRn] [info] render: source display-time offset 51.3 ms mean (worst 51.4) over 181 frames | submit lead 30.6 ms mean (worst 29.8) | misses: 0 overrun 0 late 0 skipped refresh
09-10 06:06:11.746 27483 31346 I WiVRn   : [2026-09-10 06:06:11.746] [WiVRn] [info] Tracking pattern (11111µs):
09-10 06:06:11.746 27483 31346 I WiVRn   : [2026-09-10 06:06:11.746] [WiVRn] [info] 	t+3644µs HEAD (7467µs)
09-10 06:06:11.746 27483 31346 I WiVRn   : [2026-09-10 06:06:11.746] [WiVRn] [info] 	t+3721µs LEFT_GRIP (7389µs)
09-10 06:06:11.746 27483 31346 I WiVRn   : [2026-09-10 06:06:11.746] [WiVRn] [info] 	t+3729µs RIGHT_GRIP (7382µs)
09-10 06:06:11.746 27483 31346 I WiVRn   : [2026-09-10 06:06:11.746] [WiVRn] [info] 	t+6644µs HEAD (4467µs)
09-10 06:06:11.746 27483 31346 I WiVRn   : [2026-09-10 06:06:11.746] [WiVRn] [info] 	t+6721µs LEFT_GRIP (4389µs)
09-10 06:06:11.746 27483 31346 I WiVRn   : [2026-09-10 06:06:11.746] [WiVRn] [info] 	t+6729µs RIGHT_GRIP (4382µs)
09-10 06:06:11.998 27483 31302 I PxrMetric: FPS=90/90,MTP=30.46ms,AppSW=off,FrmEarly=0,FrmLate=0,FrmCpu=0.52ms,FrmGpu=6.40ms,FrmTime=14.46ms,ATWGPU=1.60ms,VsyncDelay=2,GPU=78%/587Mhz,GPUTemp=79.5C,LayerCnt=3,Pkg=org.meumeu.wivrn.nx.warp,FrmId=6853
09-10 06:06:12.525 27483 31340 I WiVRn   : [2026-09-10 06:06:12.525] [WiVRn] [info] nxwarp[0] net: 180 frames closed in 2.0 s, 0 with a hole, 0 out-of-order datagrams, 0 frames completed late, 0 queued for the worker, 6531 decoded so far, 6760 stragglers dropped; last hole 0/0 chunks, first missing -1, short false, chunk 1166 B
09-10 06:06:12.525 27483 31340 I WiVRn   : [2026-09-10 06:06:12.525] [WiVRn] [info] nxwarp[0] net: 0.030 ms per datagram over 28084 datagrams (421.72 ms of every second)
09-10 06:06:12.525 27483 31340 I WiVRn   : [2026-09-10 06:06:12.525] [WiVRn] [info] nxwarp[0] sel: stride 1, arrival 11.5 ms, dropped-late 102, withheld 0, decoded 6531
09-10 06:06:12.525 27483 31340 I WiVRn   : [2026-09-10 06:06:12.525] [WiVRn] [info] nxwarp[0] rx: 1105803 datagrams, placed 12688338 (+225241), late 161951 (+6370), stale_frame 0, bad_range 0, bad_dir 0, bad_caps 0, bad_ver 0, auth_fail 0, replay 0, frozen 0, dup 317
09-10 06:06:12.746 27483 31346 I WiVRn   : [2026-09-10 06:06:12.746] [WiVRn] [info] Tracking pattern (11111µs):
09-10 06:06:12.746 27483 31346 I WiVRn   : [2026-09-10 06:06:12.746] [WiVRn] [info] 	t+2709µs HEAD (8402µs)
09-10 06:06:12.746 27483 31346 I WiVRn   : [2026-09-10 06:06:12.746] [WiVRn] [info] 	t+2778µs LEFT_GRIP (8333µs)
09-10 06:06:12.746 27483 31346 I WiVRn   : [2026-09-10 06:06:12.746] [WiVRn] [info] 	t+2784µs RIGHT_GRIP (8327µs)
09-10 06:06:12.746 27483 31346 I WiVRn   : [2026-09-10 06:06:12.746] [WiVRn] [info] 	t+5709µs HEAD (5402µs)
09-10 06:06:12.746 27483 31346 I WiVRn   : [2026-09-10 06:06:12.746] [WiVRn] [info] 	t+5778µs LEFT_GRIP (5333µs)
09-10 06:06:12.746 27483 31346 I WiVRn   : [2026-09-10 06:06:12.746] [WiVRn] [info] 	t+5784µs RIGHT_GRIP (5327µs)
09-10 06:06:12.998 27483 31302 I PxrMetric: FPS=90/90,MTP=30.08ms,AppSW=off,FrmEarly=0,FrmLate=0,FrmCpu=0.53ms,FrmGpu=6.14ms,FrmTime=14.22ms,ATWGPU=1.61ms,VsyncDelay=2,GPU=87%/587Mhz,GPUTemp=75.2C,LayerCnt=3,Pkg=org.meumeu.wivrn.nx.warp,FrmId=6943
09-10 06:06:13.259 27483 31306 I WiVRn   : [2026-09-10 06:06:13.259] [WiVRn] [info] render: 180 iterations in 2.0 s (90.0/s), 180 submitted a layer, 180 new-source, 0 skipped by the repeat gate, 0 with nothing to show; display period 11.1 ms
09-10 06:06:13.259 27483 31306 I WiVRn   : [2026-09-10 06:06:13.259] [WiVRn] [info] render: ready wait attempts 0 success 0 total 0.000 ms | selected older than available 0
09-10 06:06:13.259 27483 31306 I WiVRn   : [2026-09-10 06:06:13.259] [WiVRn] [info] render: selected source transitions forward 180 backward 0 repeat 0, greatest forward gap 1
09-10 06:06:13.259 27483 31306 I WiVRn   : [2026-09-10 06:06:13.259] [WiVRn] [info] render: this app's own GPU pass 4.6 ms per iteration
09-10 06:06:13.259 27483 31306 I WiVRn   : [2026-09-10 06:06:13.259] [WiVRn] [info] render: defoveate 2160x2160 per eye x2 = 9.33 Mpx/frame at scale 1.00 atlas-prototype 0; 0 re-presented from the cache (reduce_gpu_load on)
09-10 06:06:13.259 27483 31306 I WiVRn   : [2026-09-10 06:06:13.259] [WiVRn] [info] render: shader path sharpness 0.00 fsr false alpha false motion false blend false glow 0.00 vignette 0.00 deband 0.00 lowpoly 0.00 levels 0 full-kernel false
09-10 06:06:13.259 27483 31306 I WiVRn   : [2026-09-10 06:06:13.259] [WiVRn] [info] render: per iteration fence 0.0 (worst 0.0) | queries 0.0 | submit 0.0 | whole render() 0.7 ms
09-10 06:06:13.259 27483 31306 I WiVRn   : [2026-09-10 06:06:13.259] [WiVRn] [info] render: jit on | wake slack 38.5 ms | slept 7.5 ms mean (max 7.5, 180 of 180 iterations) | budget 1.7 = pass 0.7 + margin 1.0 | sleep cap 7.5 ms
09-10 06:06:13.259 27483 31306 I WiVRn   : [2026-09-10 06:06:13.259] [WiVRn] [info] render: source display-time offset 51.1 ms mean (worst 51.2) over 180 frames | submit lead 30.3 ms mean (worst 29.3) | misses: 0 overrun 0 late 0 skipped refresh
09-10 06:06:13.267 27483 31344 I WiVRn   : [2026-09-10 06:06:13.267] [WiVRn] [info] nxwarp[0]: 181 frames in 2.0 s: 125627 B/frame, wait-prev 0.0 ms, wall 8.2 ms, nxvc passA 1.4 passB 2.9 gpu 4.3 ms; holes 0, refused 0
09-10 06:06:13.267 27483 31344 I WiVRn   : [2026-09-10 06:06:13.267] [WiVRn] [info] nxwarp[0] gpu duty 387 ms/s (39% of one GPU) for decode alone; the display pass is extra
09-10 06:06:13.267 27483 31344 I WiVRn   : [2026-09-10 06:06:13.267] [WiVRn] [info] nxwarp[0] passB 2.9 ms = warp 0.0 + skip 0.0 + coded 0.0 + dir 0.0 + other 2.9; tiles skip 0 / coded 2312 / dir 0 (eye pass 0)
09-10 06:06:13.267 27483 31344 I WiVRn   : [2026-09-10 06:06:13.267] [WiVRn] [info] nxwarp[0]: 102 frames dropped late (queue kept to 1)
09-10 06:06:13.267 27483 31344 I WiVRn   : [2026-09-10 06:06:13.267] [WiVRn] [info] nxwarp[0] stage: gap 2.9 | wait-prev 0.0 | submit 1.0 (qlock 0.0 + codec 1.0) | get_free 0.0 | fence-pre 0.0 | record 0.0 | qsubmit 0.0 | fence-post 7.1 | publish 0.0 ms; withheld 0, stride 1, arrival 11.3 ms
09-10 06:06:13.267 27483 31344 I WiVRn   : [2026-09-10 06:06:13.267] [WiVRn] [info] nxwarp[0] reassembly (network thread): 0.07 ms/frame over 181 frames, buffer 123 kB held for 123 kB of unit (1.0x)
09-10 06:06:13.267 27483 31344 I WiVRn   : [2026-09-10 06:06:13.267] [WiVRn] [info] nxwarp[0] fence-post 7.1 ms = nxvc gpu 4.3 + copy gpu 0.00 + queue 2.8 (over 181 frames with timestamps)
09-10 06:06:13.746 27483 31346 I WiVRn   : [2026-09-10 06:06:13.746] [WiVRn] [info] Tracking pattern (11111µs):
09-10 06:06:13.746 27483 31346 I WiVRn   : [2026-09-10 06:06:13.746] [WiVRn] [info] 	t+1708µs HEAD (9402µs)
09-10 06:06:13.746 27483 31346 I WiVRn   : [2026-09-10 06:06:13.746] [WiVRn] [info] 	t+1761µs LEFT_GRIP (9350µs)
09-10 06:06:13.746 27483 31346 I WiVRn   : [2026-09-10 06:06:13.746] [WiVRn] [info] 	t+1770µs RIGHT_GRIP (9341µs)
09-10 06:06:13.746 27483 31346 I WiVRn   : [2026-09-10 06:06:13.746] [WiVRn] [info] 	t+4708µs HEAD (6402µs)
09-10 06:06:13.746 27483 31346 I WiVRn   : [2026-09-10 06:06:13.746] [WiVRn] [info] 	t+4761µs LEFT_GRIP (6350µs)
09-10 06:06:13.746 27483 31346 I WiVRn   : [2026-09-10 06:06:13.746] [WiVRn] [info] 	t+4770µs RIGHT_GRIP (6341µs)
09-10 06:06:14.009 27483 31302 I PxrMetric: FPS=90/90,MTP=30.79ms,AppSW=off,FrmEarly=0,FrmLate=0,FrmCpu=0.53ms,FrmGpu=6.47ms,FrmTime=14.55ms,ATWGPU=1.59ms,VsyncDelay=2,GPU=79%/587Mhz,GPUTemp=75.6C,LayerCnt=3,Pkg=org.meumeu.wivrn.nx.warp,FrmId=7034
09-10 06:06:14.537 27483 31340 I WiVRn   : [2026-09-10 06:06:14.537] [WiVRn] [info] nxwarp[0] net: 181 frames closed in 2.0 s, 0 with a hole, 0 out-of-order datagrams, 0 frames completed late, 0 queued for the worker, 6712 decoded so far, 6941 stragglers dropped; last hole 0/0 chunks, first missing -1, short false, chunk 1166 B
09-10 06:06:14.537 27483 31340 I WiVRn   : [2026-09-10 06:06:14.537] [WiVRn] [info] nxwarp[0] net: 0.030 ms per datagram over 28209 datagrams (415.07 ms of every second)
09-10 06:06:14.537 27483 31340 I WiVRn   : [2026-09-10 06:06:14.537] [WiVRn] [info] nxwarp[0] sel: stride 1, arrival 11.0 ms, dropped-late 102, withheld 0, decoded 6712
09-10 06:06:14.537 27483 31340 I WiVRn   : [2026-09-10 06:06:14.537] [WiVRn] [info] nxwarp[0] rx: 1134012 datagrams, placed 13106810 (+418472), late 162147 (+196), stale_frame 0, bad_range 0, bad_dir 0, bad_caps 0, bad_ver 0, auth_fail 0, replay 0, frozen 0, dup 317
09-10 06:06:14.746 27483 31346 I WiVRn   : [2026-09-10 06:06:14.746] [WiVRn] [info] Tracking pattern (11110µs):
09-10 06:06:14.746 27483 31346 I WiVRn   : [2026-09-10 06:06:14.746] [WiVRn] [info] 	t+3319µs HEAD (7790µs)
09-10 06:06:14.746 27483 31346 I WiVRn   : [2026-09-10 06:06:14.746] [WiVRn] [info] 	t+3372µs LEFT_GRIP (7738µs)
09-10 06:06:14.746 27483 31346 I WiVRn   : [2026-09-10 06:06:14.746] [WiVRn] [info] 	t+3381µs RIGHT_GRIP (7728µs)
09-10 06:06:14.746 27483 31346 I WiVRn   : [2026-09-10 06:06:14.746] [WiVRn] [info] 	t+6319µs HEAD (4790µs)
09-10 06:06:14.746 27483 31346 I WiVRn   : [2026-09-10 06:06:14.746] [WiVRn] [info] 	t+6372µs LEFT_GRIP (4738µs)
09-10 06:06:14.746 27483 31346 I WiVRn   : [2026-09-10 06:06:14.746] [WiVRn] [info] 	t+6381µs RIGHT_GRIP (4728µs)
09-10 06:06:15.009 27483 31302 I PxrMetric: FPS=90/90,MTP=30.65ms,AppSW=off,FrmEarly=0,FrmLate=0,FrmCpu=0.53ms,FrmGpu=6.97ms,FrmTime=15.05ms,ATWGPU=1.59ms,VsyncDelay=2,GPU=82%/587Mhz,GPUTemp=74.4C,LayerCnt=3,Pkg=org.meumeu.wivrn.nx.warp,FrmId=7124
09-10 06:06:15.260 27483 31306 I WiVRn   : [2026-09-10 06:06:15.260] [WiVRn] [info] render: 180 iterations in 2.0 s (89.9/s), 180 submitted a layer, 180 new-source, 0 skipped by the repeat gate, 0 with nothing to show; display period 11.1 ms
09-10 06:06:15.260 27483 31306 I WiVRn   : [2026-09-10 06:06:15.260] [WiVRn] [info] render: ready wait attempts 0 success 0 total 0.000 ms | selected older than available 0
09-10 06:06:15.260 27483 31306 I WiVRn   : [2026-09-10 06:06:15.260] [WiVRn] [info] render: selected source transitions forward 180 backward 0 repeat 0, greatest forward gap 1
09-10 06:06:15.260 27483 31306 I WiVRn   : [2026-09-10 06:06:15.260] [WiVRn] [info] render: this app's own GPU pass 4.4 ms per iteration
09-10 06:06:15.260 27483 31306 I WiVRn   : [2026-09-10 06:06:15.260] [WiVRn] [info] render: defoveate 2160x2160 per eye x2 = 9.33 Mpx/frame at scale 1.00 atlas-prototype 0; 0 re-presented from the cache (reduce_gpu_load on)
09-10 06:06:15.260 27483 31306 I WiVRn   : [2026-09-10 06:06:15.260] [WiVRn] [info] render: shader path sharpness 0.00 fsr false alpha false motion false blend false glow 0.00 vignette 0.00 deband 0.00 lowpoly 0.00 levels 0 full-kernel false
09-10 06:06:15.260 27483 31306 I WiVRn   : [2026-09-10 06:06:15.260] [WiVRn] [info] render: per iteration fence 0.0 (worst 0.0) | queries 0.0 | submit 0.0 | whole render() 0.7 ms
09-10 06:06:15.260 27483 31306 I WiVRn   : [2026-09-10 06:06:15.260] [WiVRn] [info] render: jit on | wake slack 38.5 ms | slept 7.5 ms mean (max 7.5, 180 of 180 iterations) | budget 1.8 = pass 0.8 + margin 1.0 | sleep cap 7.5 ms
09-10 06:06:15.260 27483 31306 I WiVRn   : [2026-09-10 06:06:15.260] [WiVRn] [info] render: source display-time offset 50.9 ms mean (worst 51.0) over 180 frames | submit lead 30.4 ms mean (worst 29.5) | misses: 0 overrun 0 late 0 skipped refresh
09-10 06:06:15.280 27483 31344 I WiVRn   : [2026-09-10 06:06:15.280] [WiVRn] [info] nxwarp[0]: 181 frames in 2.0 s: 114075 B/frame, wait-prev 0.0 ms, wall 7.8 ms, nxvc passA 1.3 passB 2.8 gpu 4.2 ms; holes 0, refused 0
09-10 06:06:15.280 27483 31344 I WiVRn   : [2026-09-10 06:06:15.280] [WiVRn] [info] nxwarp[0] gpu duty 376 ms/s (38% of one GPU) for decode alone; the display pass is extra
09-10 06:06:15.280 27483 31344 I WiVRn   : [2026-09-10 06:06:15.280] [WiVRn] [info] nxwarp[0] passB 2.8 ms = warp 0.0 + skip 0.0 + coded 0.0 + dir 0.0 + other 2.8; tiles skip 0 / coded 2312 / dir 0 (eye pass 0)
09-10 06:06:15.280 27483 31344 I WiVRn   : [2026-09-10 06:06:15.280] [WiVRn] [info] nxwarp[0]: 102 frames dropped late (queue kept to 1)
09-10 06:06:15.280 27483 31344 I WiVRn   : [2026-09-10 06:06:15.280] [WiVRn] [info] nxwarp[0] stage: gap 3.4 | wait-prev 0.0 | submit 1.1 (qlock 0.0 + codec 1.1) | get_free 0.0 | fence-pre 0.0 | record 0.0 | qsubmit 0.0 | fence-post 6.6 | publish 0.0 ms; withheld 0, stride 1, arrival 10.8 ms
09-10 06:06:15.280 27483 31344 I WiVRn   : [2026-09-10 06:06:15.280] [WiVRn] [info] nxwarp[0] reassembly (network thread): 0.08 ms/frame over 182 frames, buffer 111 kB held for 111 kB of unit (1.0x)
09-10 06:06:15.280 27483 31344 I WiVRn   : [2026-09-10 06:06:15.280] [WiVRn] [info] nxwarp[0] fence-post 6.7 ms = nxvc gpu 4.2 + copy gpu 0.00 + queue 2.4 (over 181 frames with timestamps)
09-10 06:06:15.746 27483 31346 I WiVRn   : [2026-09-10 06:06:15.746] [WiVRn] [info] Tracking pattern (11111µs):
09-10 06:06:15.746 27483 31346 I WiVRn   : [2026-09-10 06:06:15.746] [WiVRn] [info] 	t+2611µs HEAD (8499µs)
09-10 06:06:15.746 27483 31346 I WiVRn   : [2026-09-10 06:06:15.746] [WiVRn] [info] 	t+2658µs LEFT_GRIP (8452µs)
09-10 06:06:15.746 27483 31346 I WiVRn   : [2026-09-10 06:06:15.746] [WiVRn] [info] 	t+2665µs RIGHT_GRIP (8445µs)
09-10 06:06:15.746 27483 31346 I WiVRn   : [2026-09-10 06:06:15.746] [WiVRn] [info] 	t+5611µs HEAD (5499µs)
09-10 06:06:15.746 27483 31346 I WiVRn   : [2026-09-10 06:06:15.746] [WiVRn] [info] 	t+5658µs LEFT_GRIP (5452µs)
09-10 06:06:15.746 27483 31346 I WiVRn   : [2026-09-10 06:06:15.746] [WiVRn] [info] 	t+5665µs RIGHT_GRIP (5445µs)
09-10 06:06:16.009 27483 31302 I PxrMetric: FPS=90/90,MTP=30.04ms,AppSW=off,FrmEarly=0,FrmLate=0,FrmCpu=0.52ms,FrmGpu=6.97ms,FrmTime=15.03ms,ATWGPU=1.59ms,VsyncDelay=2,GPU=78%/587Mhz,GPUTemp=76.0C,LayerCnt=3,Pkg=org.meumeu.wivrn.nx.warp,FrmId=7214
09-10 06:06:16.547 27483 31340 I WiVRn   : [2026-09-10 06:06:16.547] [WiVRn] [info] nxwarp[0] net: 181 frames closed in 2.0 s, 0 with a hole, 0 out-of-order datagrams, 0 frames completed late, 0 queued for the worker, 6893 decoded so far, 7122 stragglers dropped; last hole 0/0 chunks, first missing -1, short false, chunk 1166 B
09-10 06:06:16.547 27483 31340 I WiVRn   : [2026-09-10 06:06:16.547] [WiVRn] [info] nxwarp[0] net: 0.030 ms per datagram over 27143 datagrams (411.32 ms of every second)
09-10 06:06:16.547 27483 31340 I WiVRn   : [2026-09-10 06:06:16.547] [WiVRn] [info] nxwarp[0] sel: stride 1, arrival 11.1 ms, dropped-late 102, withheld 0, decoded 6893
09-10 06:06:16.547 27483 31340 I WiVRn   : [2026-09-10 06:06:16.547] [WiVRn] [info] nxwarp[0] rx: 1161155 datagrams, placed 13525282 (+418472), late 162653 (+506), stale_frame 0, bad_range 0, bad_dir 0, bad_caps 0, bad_ver 0, auth_fail 0, replay 0, frozen 0, dup 318
09-10 06:06:16.746 27483 31346 I WiVRn   : [2026-09-10 06:06:16.746] [WiVRn] [info] Tracking pattern (11109µs):
09-10 06:06:16.746 27483 31346 I WiVRn   : [2026-09-10 06:06:16.746] [WiVRn] [info] 	t+2740µs HEAD (8369µs)
09-10 06:06:16.746 27483 31346 I WiVRn   : [2026-09-10 06:06:16.746] [WiVRn] [info] 	t+2800µs LEFT_GRIP (8309µs)
09-10 06:06:16.746 27483 31346 I WiVRn   : [2026-09-10 06:06:16.746] [WiVRn] [info] 	t+2806µs RIGHT_GRIP (8303µs)
09-10 06:06:16.746 27483 31346 I WiVRn   : [2026-09-10 06:06:16.746] [WiVRn] [info] 	t+5740µs HEAD (5369µs)
09-10 06:06:16.746 27483 31346 I WiVRn   : [2026-09-10 06:06:16.746] [WiVRn] [info] 	t+5800µs LEFT_GRIP (5309µs)
09-10 06:06:16.746 27483 31346 I WiVRn   : [2026-09-10 06:06:16.746] [WiVRn] [info] 	t+5806µs RIGHT_GRIP (5303µs)
09-10 06:06:17.011 27483 31302 I PxrMetric: FPS=90/90,MTP=30.24ms,AppSW=off,FrmEarly=0,FrmLate=0,FrmCpu=0.50ms,FrmGpu=6.92ms,FrmTime=14.97ms,ATWGPU=1.59ms,VsyncDelay=2,GPU=80%/587Mhz,GPUTemp=76.8C,LayerCnt=3,Pkg=org.meumeu.wivrn.nx.warp,FrmId=7304
09-10 06:06:17.271 27483 31306 I WiVRn   : [2026-09-10 06:06:17.271] [WiVRn] [info] render: 181 iterations in 2.0 s (90.0/s), 181 submitted a layer, 181 new-source, 0 skipped by the repeat gate, 0 with nothing to show; display period 11.1 ms
09-10 06:06:17.271 27483 31306 I WiVRn   : [2026-09-10 06:06:17.271] [WiVRn] [info] render: ready wait attempts 0 success 0 total 0.000 ms | selected older than available 0
09-10 06:06:17.271 27483 31306 I WiVRn   : [2026-09-10 06:06:17.271] [WiVRn] [info] render: selected source transitions forward 181 backward 0 repeat 0, greatest forward gap 1
09-10 06:06:17.271 27483 31306 I WiVRn   : [2026-09-10 06:06:17.271] [WiVRn] [info] render: this app's own GPU pass 4.2 ms per iteration
09-10 06:06:17.271 27483 31306 I WiVRn   : [2026-09-10 06:06:17.271] [WiVRn] [info] render: defoveate 2160x2160 per eye x2 = 9.33 Mpx/frame at scale 1.00 atlas-prototype 0; 0 re-presented from the cache (reduce_gpu_load on)
09-10 06:06:17.271 27483 31306 I WiVRn   : [2026-09-10 06:06:17.271] [WiVRn] [info] render: shader path sharpness 0.00 fsr false alpha false motion false blend false glow 0.00 vignette 0.00 deband 0.00 lowpoly 0.00 levels 0 full-kernel false
09-10 06:06:17.271 27483 31306 I WiVRn   : [2026-09-10 06:06:17.271] [WiVRn] [info] render: per iteration fence 0.0 (worst 0.0) | queries 0.0 | submit 0.0 | whole render() 0.7 ms
09-10 06:06:17.271 27483 31306 I WiVRn   : [2026-09-10 06:06:17.271] [WiVRn] [info] render: jit on | wake slack 38.3 ms | slept 7.5 ms mean (max 7.5, 181 of 181 iterations) | budget 1.7 = pass 0.7 + margin 1.0 | sleep cap 7.5 ms
09-10 06:06:17.271 27483 31306 I WiVRn   : [2026-09-10 06:06:17.271] [WiVRn] [info] render: source display-time offset 50.8 ms mean (worst 50.9) over 181 frames | submit lead 30.1 ms mean (worst 29.5) | misses: 0 overrun 0 late 0 skipped refresh
09-10 06:06:17.290 27483 31344 I WiVRn   : [2026-09-10 06:06:17.290] [WiVRn] [info] nxwarp[0]: 181 frames in 2.0 s: 117484 B/frame, wait-prev 0.0 ms, wall 7.6 ms, nxvc passA 1.4 passB 3.1 gpu 4.5 ms; holes 0, refused 0
09-10 06:06:17.290 27483 31344 I WiVRn   : [2026-09-10 06:06:17.290] [WiVRn] [info] nxwarp[0] gpu duty 405 ms/s (40% of one GPU) for decode alone; the display pass is extra
09-10 06:06:17.290 27483 31344 I WiVRn   : [2026-09-10 06:06:17.290] [WiVRn] [info] nxwarp[0] passB 3.1 ms = warp 0.0 + skip 0.0 + coded 0.0 + dir 0.0 + other 3.1; tiles skip 0 / coded 2312 / dir 0 (eye pass 0)
09-10 06:06:17.290 27483 31344 I WiVRn   : [2026-09-10 06:06:17.290] [WiVRn] [info] nxwarp[0]: 102 frames dropped late (queue kept to 1)
09-10 06:06:17.290 27483 31344 I WiVRn   : [2026-09-10 06:06:17.290] [WiVRn] [info] nxwarp[0] stage: gap 3.5 | wait-prev 0.0 | submit 1.0 (qlock 0.0 + codec 1.0) | get_free 0.0 | fence-pre 0.0 | record 0.0 | qsubmit 0.0 | fence-post 6.5 | publish 0.0 ms; withheld 0, stride 1, arrival 11.1 ms
09-10 06:06:17.290 27483 31344 I WiVRn   : [2026-09-10 06:06:17.290] [WiVRn] [info] nxwarp[0] reassembly (network thread): 0.08 ms/frame over 180 frames, buffer 115 kB held for 115 kB of unit (1.0x)
09-10 06:06:17.290 27483 31344 I WiVRn   : [2026-09-10 06:06:17.290] [WiVRn] [info] nxwarp[0] fence-post 6.6 ms = nxvc gpu 4.5 + copy gpu 0.00 + queue 2.0 (over 181 frames with timestamps)
09-10 06:06:17.746 27483 31346 I WiVRn   : [2026-09-10 06:06:17.746] [WiVRn] [info] Tracking pattern (11116µs):
09-10 06:06:17.746 27483 31346 I WiVRn   : [2026-09-10 06:06:17.746] [WiVRn] [info] 	t+2757µs HEAD (8359µs)
09-10 06:06:17.746 27483 31346 I WiVRn   : [2026-09-10 06:06:17.746] [WiVRn] [info] 	t+2888µs LEFT_GRIP (8227µs)
09-10 06:06:17.746 27483 31346 I WiVRn   : [2026-09-10 06:06:17.746] [WiVRn] [info] 	t+2900µs RIGHT_GRIP (8215µs)
09-10 06:06:17.746 27483 31346 I WiVRn   : [2026-09-10 06:06:17.746] [WiVRn] [info] 	t+5757µs HEAD (5359µs)
09-10 06:06:17.746 27483 31346 I WiVRn   : [2026-09-10 06:06:17.746] [WiVRn] [info] 	t+5888µs LEFT_GRIP (5227µs)
09-10 06:06:17.746 27483 31346 I WiVRn   : [2026-09-10 06:06:17.746] [WiVRn] [info] 	t+5900µs RIGHT_GRIP (5215µs)
09-10 06:06:18.023 27483 31302 I PxrMetric: FPS=90/90,MTP=30.31ms,AppSW=off,FrmEarly=0,FrmLate=0,FrmCpu=0.55ms,FrmGpu=7.10ms,FrmTime=15.19ms,ATWGPU=1.59ms,VsyncDelay=2,GPU=88%/587Mhz,GPUTemp=77.9C,LayerCnt=3,Pkg=org.meumeu.wivrn.nx.warp,FrmId=7395
09-10 06:06:18.548 27483 31340 I WiVRn   : [2026-09-10 06:06:18.548] [WiVRn] [info] nxwarp[0] net: 180 frames closed in 2.0 s, 0 with a hole, 0 out-of-order datagrams, 0 frames completed late, 0 queued for the worker, 7073 decoded so far, 7302 stragglers dropped; last hole 0/0 chunks, first missing -1, short false, chunk 1166 B
09-10 06:06:18.548 27483 31340 I WiVRn   : [2026-09-10 06:06:18.548] [WiVRn] [info] nxwarp[0] net: 0.029 ms per datagram over 28927 datagrams (421.01 ms of every second)
09-10 06:06:18.548 27483 31340 I WiVRn   : [2026-09-10 06:06:18.548] [WiVRn] [info] nxwarp[0] sel: stride 1, arrival 11.4 ms, dropped-late 102, withheld 0, decoded 7073
09-10 06:06:18.548 27483 31340 I WiVRn   : [2026-09-10 06:06:18.548] [WiVRn] [info] nxwarp[0] rx: 1190082 datagrams, placed 13941442 (+416160), late 165285 (+2632), stale_frame 0, bad_range 0, bad_dir 0, bad_caps 0, bad_ver 0, auth_fail 0, replay 0, frozen 0, dup 318
09-10 06:06:18.746 27483 31346 I WiVRn   : [2026-09-10 06:06:18.746] [WiVRn] [info] Tracking pattern (11110µs):
09-10 06:06:18.746 27483 31346 I WiVRn   : [2026-09-10 06:06:18.746] [WiVRn] [info] 	t+3300µs HEAD (7809µs)
09-10 06:06:18.746 27483 31346 I WiVRn   : [2026-09-10 06:06:18.746] [WiVRn] [info] 	t+3493µs LEFT_GRIP (7617µs)
09-10 06:06:18.746 27483 31346 I WiVRn   : [2026-09-10 06:06:18.746] [WiVRn] [info] 	t+3497µs RIGHT_GRIP (7613µs)
09-10 06:06:18.746 27483 31346 I WiVRn   : [2026-09-10 06:06:18.746] [WiVRn] [info] 	t+6300µs HEAD (4809µs)
09-10 06:06:18.746 27483 31346 I WiVRn   : [2026-09-10 06:06:18.746] [WiVRn] [info] 	t+6493µs LEFT_GRIP (4617µs)
09-10 06:06:18.746 27483 31346 I WiVRn   : [2026-09-10 06:06:18.746] [WiVRn] [info] 	t+6497µs RIGHT_GRIP (4613µs)
09-10 06:06:19.032 27483 31302 I PxrMetric: FPS=90/90,MTP=30.31ms,AppSW=off,FrmEarly=0,FrmLate=0,FrmCpu=0.54ms,FrmGpu=6.65ms,FrmTime=14.73ms,ATWGPU=1.59ms,VsyncDelay=2,GPU=85%/587Mhz,GPUTemp=76.8C,LayerCnt=3,Pkg=org.meumeu.wivrn.nx.warp,FrmId=7486
09-10 06:06:19.282 27483 31306 I WiVRn   : [2026-09-10 06:06:19.282] [WiVRn] [info] render: 181 iterations in 2.0 s (90.0/s), 181 submitted a layer, 181 new-source, 0 skipped by the repeat gate, 0 with nothing to show; display period 11.1 ms
09-10 06:06:19.282 27483 31306 I WiVRn   : [2026-09-10 06:06:19.282] [WiVRn] [info] render: ready wait attempts 0 success 0 total 0.000 ms | selected older than available 0
09-10 06:06:19.282 27483 31306 I WiVRn   : [2026-09-10 06:06:19.282] [WiVRn] [info] render: selected source transitions forward 181 backward 0 repeat 0, greatest forward gap 1
09-10 06:06:19.282 27483 31306 I WiVRn   : [2026-09-10 06:06:19.282] [WiVRn] [info] render: this app's own GPU pass 4.3 ms per iteration
09-10 06:06:19.282 27483 31306 I WiVRn   : [2026-09-10 06:06:19.282] [WiVRn] [info] render: defoveate 2160x2160 per eye x2 = 9.33 Mpx/frame at scale 1.00 atlas-prototype 0; 0 re-presented from the cache (reduce_gpu_load on)
09-10 06:06:19.282 27483 31306 I WiVRn   : [2026-09-10 06:06:19.282] [WiVRn] [info] render: shader path sharpness 0.00 fsr false alpha false motion false blend false glow 0.00 vignette 0.00 deband 0.00 lowpoly 0.00 levels 0 full-kernel false
09-10 06:06:19.282 27483 31306 I WiVRn   : [2026-09-10 06:06:19.282] [WiVRn] [info] render: per iteration fence 0.0 (worst 0.0) | queries 0.0 | submit 0.0 | whole render() 0.7 ms
09-10 06:06:19.282 27483 31306 I WiVRn   : [2026-09-10 06:06:19.282] [WiVRn] [info] render: jit on | wake slack 38.5 ms | slept 7.5 ms mean (max 7.5, 181 of 181 iterations) | budget 1.9 = pass 0.9 + margin 1.0 | sleep cap 7.5 ms
09-10 06:06:19.282 27483 31306 I WiVRn   : [2026-09-10 06:06:19.282] [WiVRn] [info] render: source display-time offset 51.1 ms mean (worst 51.4) over 181 frames | submit lead 30.3 ms mean (worst 29.6) | misses: 0 overrun 0 late 0 skipped refresh
09-10 06:06:19.298 27483 31344 I WiVRn   : [2026-09-10 06:06:19.298] [WiVRn] [info] nxwarp[0]: 181 frames in 2.0 s: 122725 B/frame, wait-prev 0.0 ms, wall 7.8 ms, nxvc passA 1.5 passB 3.1 gpu 4.6 ms; holes 0, refused 0
09-10 06:06:19.298 27483 31344 I WiVRn   : [2026-09-10 06:06:19.298] [WiVRn] [info] nxwarp[0] gpu duty 415 ms/s (41% of one GPU) for decode alone; the display pass is extra
09-10 06:06:19.298 27483 31344 I WiVRn   : [2026-09-10 06:06:19.298] [WiVRn] [info] nxwarp[0] passB 3.1 ms = warp 0.0 + skip 0.0 + coded 0.0 + dir 0.0 + other 3.1; tiles skip 0 / coded 2312 / dir 0 (eye pass 0)
09-10 06:06:19.298 27483 31344 I WiVRn   : [2026-09-10 06:06:19.298] [WiVRn] [info] nxwarp[0]: 102 frames dropped late (queue kept to 1)
09-10 06:06:19.298 27483 31344 I WiVRn   : [2026-09-10 06:06:19.298] [WiVRn] [info] nxwarp[0] stage: gap 3.2 | wait-prev 0.0 | submit 1.0 (qlock 0.0 + codec 1.0) | get_free 0.0 | fence-pre 0.0 | record 0.0 | qsubmit 0.0 | fence-post 6.7 | publish 0.0 ms; withheld 0, stride 1, arrival 11.0 ms
09-10 06:06:19.298 27483 31344 I WiVRn   : [2026-09-10 06:06:19.298] [WiVRn] [info] nxwarp[0] reassembly (network thread): 0.08 ms/frame over 181 frames, buffer 120 kB held for 120 kB of unit (1.0x)
09-10 06:06:19.298 27483 31344 I WiVRn   : [2026-09-10 06:06:19.298] [WiVRn] [info] nxwarp[0] fence-post 6.8 ms = nxvc gpu 4.6 + copy gpu 0.00 + queue 2.1 (over 181 frames with timestamps)
09-10 06:06:19.746 27483 31346 I WiVRn   : [2026-09-10 06:06:19.746] [WiVRn] [info] Tracking pattern (11112µs):
09-10 06:06:19.746 27483 31346 I WiVRn   : [2026-09-10 06:06:19.746] [WiVRn] [info] 	t+3055µs HEAD (8057µs)
09-10 06:06:19.746 27483 31346 I WiVRn   : [2026-09-10 06:06:19.746] [WiVRn] [info] 	t+3127µs LEFT_GRIP (7984µs)
09-10 06:06:19.746 27483 31346 I WiVRn   : [2026-09-10 06:06:19.746] [WiVRn] [info] 	t+3135µs RIGHT_GRIP (7976µs)
09-10 06:06:19.746 27483 31346 I WiVRn   : [2026-09-10 06:06:19.746] [WiVRn] [info] 	t+6055µs HEAD (5057µs)
09-10 06:06:19.746 27483 31346 I WiVRn   : [2026-09-10 06:06:19.746] [WiVRn] [info] 	t+6127µs LEFT_GRIP (4984µs)
09-10 06:06:19.746 27483 31346 I WiVRn   : [2026-09-10 06:06:19.746] [WiVRn] [info] 	t+6135µs RIGHT_GRIP (4976µs)
09-10 06:06:20.045 27483 31302 I PxrMetric: FPS=90/90,MTP=30.52ms,AppSW=off,FrmEarly=0,FrmLate=0,FrmCpu=0.55ms,FrmGpu=6.83ms,FrmTime=14.92ms,ATWGPU=1.59ms,VsyncDelay=2,GPU=83%/587Mhz,GPUTemp=76.8C,LayerCnt=3,Pkg=org.meumeu.wivrn.nx.warp,FrmId=7577
09-10 06:06:20.550 27483 31340 I WiVRn   : [2026-09-10 06:06:20.550] [WiVRn] [info] nxwarp[0] net: 180 frames closed in 2.0 s, 0 with a hole, 0 out-of-order datagrams, 0 frames completed late, 0 queued for the worker, 7253 decoded so far, 7482 stragglers dropped; last hole 0/0 chunks, first missing -1, short false, chunk 1166 B
09-10 06:06:20.550 27483 31340 I WiVRn   : [2026-09-10 06:06:20.550] [WiVRn] [info] nxwarp[0] net: 0.029 ms per datagram over 29500 datagrams (423.88 ms of every second)
09-10 06:06:20.550 27483 31340 I WiVRn   : [2026-09-10 06:06:20.550] [WiVRn] [info] nxwarp[0] sel: stride 1, arrival 11.1 ms, dropped-late 102, withheld 0, decoded 7253
09-10 06:06:20.550 27483 31340 I WiVRn   : [2026-09-10 06:06:20.550] [WiVRn] [info] nxwarp[0] rx: 1219582 datagrams, placed 14357602 (+416160), late 168600 (+3315), stale_frame 0, bad_range 0, bad_dir 0, bad_caps 0, bad_ver 0, auth_fail 0, replay 0, frozen 0, dup 318
09-10 06:06:20.746 27483 31346 I WiVRn   : [2026-09-10 06:06:20.746] [WiVRn] [info] Tracking pattern (11110µs):
09-10 06:06:20.746 27483 31346 I WiVRn   : [2026-09-10 06:06:20.746] [WiVRn] [info] 	t+3394µs HEAD (7715µs)
09-10 06:06:20.746 27483 31346 I WiVRn   : [2026-09-10 06:06:20.746] [WiVRn] [info] 	t+3444µs LEFT_GRIP (7665µs)
09-10 06:06:20.746 27483 31346 I WiVRn   : [2026-09-10 06:06:20.746] [WiVRn] [info] 	t+3455µs RIGHT_GRIP (7654µs)
09-10 06:06:20.746 27483 31346 I WiVRn   : [2026-09-10 06:06:20.746] [WiVRn] [info] 	t+6394µs HEAD (4715µs)
09-10 06:06:20.746 27483 31346 I WiVRn   : [2026-09-10 06:06:20.746] [WiVRn] [info] 	t+6444µs LEFT_GRIP (4665µs)
09-10 06:06:20.746 27483 31346 I WiVRn   : [2026-09-10 06:06:20.746] [WiVRn] [info] 	t+6455µs RIGHT_GRIP (4654µs)
09-10 06:06:21.053 27483 31302 I PxrMetric: FPS=90/90,MTP=30.88ms,AppSW=off,FrmEarly=0,FrmLate=0,FrmCpu=0.52ms,FrmGpu=7.11ms,FrmTime=15.17ms,ATWGPU=1.59ms,VsyncDelay=2,GPU=72%/587Mhz,GPUTemp=74.8C,LayerCnt=3,Pkg=org.meumeu.wivrn.nx.warp,FrmId=7668
09-10 06:06:21.293 27483 31306 I WiVRn   : [2026-09-10 06:06:21.293] [WiVRn] [info] render: 181 iterations in 2.0 s (90.0/s), 181 submitted a layer, 181 new-source, 0 skipped by the repeat gate, 0 with nothing to show; display period 11.1 ms
09-10 06:06:21.293 27483 31306 I WiVRn   : [2026-09-10 06:06:21.293] [WiVRn] [info] render: ready wait attempts 0 success 0 total 0.000 ms | selected older than available 0
09-10 06:06:21.293 27483 31306 I WiVRn   : [2026-09-10 06:06:21.293] [WiVRn] [info] render: selected source transitions forward 181 backward 0 repeat 0, greatest forward gap 1
09-10 06:06:21.293 27483 31306 I WiVRn   : [2026-09-10 06:06:21.293] [WiVRn] [info] render: this app's own GPU pass 4.3 ms per iteration
09-10 06:06:21.293 27483 31306 I WiVRn   : [2026-09-10 06:06:21.293] [WiVRn] [info] render: defoveate 2160x2160 per eye x2 = 9.33 Mpx/frame at scale 1.00 atlas-prototype 0; 0 re-presented from the cache (reduce_gpu_load on)
09-10 06:06:21.293 27483 31306 I WiVRn   : [2026-09-10 06:06:21.293] [WiVRn] [info] render: shader path sharpness 0.00 fsr false alpha false motion false blend false glow 0.00 vignette 0.00 deband 0.00 lowpoly 0.00 levels 0 full-kernel false
09-10 06:06:21.293 27483 31306 I WiVRn   : [2026-09-10 06:06:21.293] [WiVRn] [info] render: per iteration fence 0.0 (worst 0.0) | queries 0.0 | submit 0.0 | whole render() 0.7 ms
09-10 06:06:21.293 27483 31306 I WiVRn   : [2026-09-10 06:06:21.293] [WiVRn] [info] render: jit on | wake slack 38.6 ms | slept 7.5 ms mean (max 7.5, 181 of 181 iterations) | budget 1.8 = pass 0.8 + margin 1.0 | sleep cap 7.5 ms
09-10 06:06:21.293 27483 31306 I WiVRn   : [2026-09-10 06:06:21.293] [WiVRn] [info] render: source display-time offset 51.6 ms mean (worst 51.8) over 181 frames | submit lead 30.4 ms mean (worst 29.4) | misses: 0 overrun 0 late 0 skipped refresh
09-10 06:06:21.301 27483 31344 I WiVRn   : [2026-09-10 06:06:21.301] [WiVRn] [info] nxwarp[0]: 180 frames in 2.0 s: 123041 B/frame, wait-prev 0.0 ms, wall 7.8 ms, nxvc passA 1.5 passB 3.0 gpu 4.5 ms; holes 0, refused 0
09-10 06:06:21.301 27483 31344 I WiVRn   : [2026-09-10 06:06:21.301] [WiVRn] [info] nxwarp[0] gpu duty 405 ms/s (40% of one GPU) for decode alone; the display pass is extra
09-10 06:06:21.301 27483 31344 I WiVRn   : [2026-09-10 06:06:21.301] [WiVRn] [info] nxwarp[0] passB 3.0 ms = warp 0.0 + skip 0.0 + coded 0.0 + dir 0.0 + other 3.0; tiles skip 0 / coded 2312 / dir 0 (eye pass 0)
09-10 06:06:21.301 27483 31344 I WiVRn   : [2026-09-10 06:06:21.301] [WiVRn] [info] nxwarp[0]: 102 frames dropped late (queue kept to 1)
09-10 06:06:21.301 27483 31344 I WiVRn   : [2026-09-10 06:06:21.301] [WiVRn] [info] nxwarp[0] stage: gap 3.3 | wait-prev 0.0 | submit 1.0 (qlock 0.0 + codec 1.0) | get_free 0.0 | fence-pre 0.0 | record 0.0 | qsubmit 0.0 | fence-post 6.7 | publish 0.0 ms; withheld 0, stride 1, arrival 11.1 ms
09-10 06:06:21.301 27483 31344 I WiVRn   : [2026-09-10 06:06:21.301] [WiVRn] [info] nxwarp[0] reassembly (network thread): 0.08 ms/frame over 180 frames, buffer 120 kB held for 120 kB of unit (1.0x)
09-10 06:06:21.301 27483 31344 I WiVRn   : [2026-09-10 06:06:21.301] [WiVRn] [info] nxwarp[0] fence-post 6.7 ms = nxvc gpu 4.5 + copy gpu 0.00 + queue 2.2 (over 180 frames with timestamps)
09-10 06:06:21.746 27483 31346 I WiVRn   : [2026-09-10 06:06:21.746] [WiVRn] [info] Tracking pattern (11112µs):
09-10 06:06:21.746 27483 31346 I WiVRn   : [2026-09-10 06:06:21.746] [WiVRn] [info] 	t+3320µs HEAD (7791µs)
09-10 06:06:21.746 27483 31346 I WiVRn   : [2026-09-10 06:06:21.746] [WiVRn] [info] 	t+3476µs LEFT_GRIP (7636µs)
09-10 06:06:21.746 27483 31346 I WiVRn   : [2026-09-10 06:06:21.746] [WiVRn] [info] 	t+3965µs RIGHT_GRIP (7147µs)
09-10 06:06:21.746 27483 31346 I WiVRn   : [2026-09-10 06:06:21.746] [WiVRn] [info] 	t+6320µs HEAD (4791µs)
09-10 06:06:21.746 27483 31346 I WiVRn   : [2026-09-10 06:06:21.746] [WiVRn] [info] 	t+6476µs LEFT_GRIP (4636µs)
09-10 06:06:21.746 27483 31346 I WiVRn   : [2026-09-10 06:06:21.746] [WiVRn] [info] 	t+6965µs RIGHT_GRIP (4147µs)
09-10 06:06:22.054 27483 31302 I PxrMetric: FPS=90/90,MTP=30.35ms,AppSW=off,FrmEarly=0,FrmLate=0,FrmCpu=0.51ms,FrmGpu=6.89ms,FrmTime=14.94ms,ATWGPU=1.59ms,VsyncDelay=2,GPU=72%/587Mhz,GPUTemp=75.2C,LayerCnt=3,Pkg=org.meumeu.wivrn.nx.warp,FrmId=7758
09-10 06:06:22.558 27483 31340 I WiVRn   : [2026-09-10 06:06:22.558] [WiVRn] [info] nxwarp[0] net: 181 frames closed in 2.0 s, 0 with a hole, 0 out-of-order datagrams, 0 frames completed late, 0 queued for the worker, 7434 decoded so far, 7663 stragglers dropped; last hole 0/0 chunks, first missing -1, short false, chunk 1166 B
09-10 06:06:22.558 27483 31340 I WiVRn   : [2026-09-10 06:06:22.558] [WiVRn] [info] nxwarp[0] net: 0.029 ms per datagram over 28960 datagrams (423.35 ms of every second)
09-10 06:06:22.558 27483 31340 I WiVRn   : [2026-09-10 06:06:22.558] [WiVRn] [info] nxwarp[0] sel: stride 1, arrival 11.4 ms, dropped-late 102, withheld 0, decoded 7434
09-10 06:06:22.558 27483 31340 I WiVRn   : [2026-09-10 06:06:22.558] [WiVRn] [info] nxwarp[0] rx: 1248542 datagrams, placed 14776074 (+418472), late 169048 (+448), stale_frame 0, bad_range 0, bad_dir 0, bad_caps 0, bad_ver 0, auth_fail 0, replay 0, frozen 0, dup 318
09-10 06:06:22.746 27483 31346 I WiVRn   : [2026-09-10 06:06:22.746] [WiVRn] [info] Tracking pattern (11111µs):
09-10 06:06:22.746 27483 31346 I WiVRn   : [2026-09-10 06:06:22.746] [WiVRn] [info] 	t+3404µs HEAD (7707µs)
09-10 06:06:22.746 27483 31346 I WiVRn   : [2026-09-10 06:06:22.746] [WiVRn] [info] 	t+3475µs LEFT_GRIP (7636µs)
09-10 06:06:22.746 27483 31346 I WiVRn   : [2026-09-10 06:06:22.746] [WiVRn] [info] 	t+3487µs RIGHT_GRIP (7624µs)
09-10 06:06:22.746 27483 31346 I WiVRn   : [2026-09-10 06:06:22.746] [WiVRn] [info] 	t+6404µs HEAD (4707µs)
09-10 06:06:22.746 27483 31346 I WiVRn   : [2026-09-10 06:06:22.746] [WiVRn] [info] 	t+6475µs LEFT_GRIP (4636µs)
09-10 06:06:22.746 27483 31346 I WiVRn   : [2026-09-10 06:06:22.746] [WiVRn] [info] 	t+6487µs RIGHT_GRIP (4624µs)
09-10 06:06:23.064 27483 31302 I PxrMetric: FPS=90/90,MTP=31.08ms,AppSW=off,FrmEarly=0,FrmLate=0,FrmCpu=0.51ms,FrmGpu=7.24ms,FrmTime=15.30ms,ATWGPU=1.64ms,VsyncDelay=2,GPU=90%/587Mhz,GPUTemp=75.2C,LayerCnt=3,Pkg=org.meumeu.wivrn.nx.warp,FrmId=7849
09-10 06:06:23.293 27483 31306 I WiVRn   : [2026-09-10 06:06:23.293] [WiVRn] [info] render: 180 iterations in 2.0 s (90.0/s), 180 submitted a layer, 180 new-source, 0 skipped by the repeat gate, 0 with nothing to show; display period 11.1 ms
09-10 06:06:23.293 27483 31306 I WiVRn   : [2026-09-10 06:06:23.293] [WiVRn] [info] render: ready wait attempts 0 success 0 total 0.000 ms | selected older than available 0
09-10 06:06:23.293 27483 31306 I WiVRn   : [2026-09-10 06:06:23.293] [WiVRn] [info] render: selected source transitions forward 180 backward 0 repeat 0, greatest forward gap 1
09-10 06:06:23.293 27483 31306 I WiVRn   : [2026-09-10 06:06:23.293] [WiVRn] [info] render: this app's own GPU pass 4.1 ms per iteration
09-10 06:06:23.293 27483 31306 I WiVRn   : [2026-09-10 06:06:23.293] [WiVRn] [info] render: defoveate 2160x2160 per eye x2 = 9.33 Mpx/frame at scale 1.00 atlas-prototype 0; 0 re-presented from the cache (reduce_gpu_load on)
09-10 06:06:23.293 27483 31306 I WiVRn   : [2026-09-10 06:06:23.293] [WiVRn] [info] render: shader path sharpness 0.00 fsr false alpha false motion false blend false glow 0.00 vignette 0.00 deband 0.00 lowpoly 0.00 levels 0 full-kernel false
09-10 06:06:23.293 27483 31306 I WiVRn   : [2026-09-10 06:06:23.293] [WiVRn] [info] render: per iteration fence 0.0 (worst 0.0) | queries 0.0 | submit 0.0 | whole render() 0.7 ms
09-10 06:06:23.293 27483 31306 I WiVRn   : [2026-09-10 06:06:23.293] [WiVRn] [info] render: jit on | wake slack 38.5 ms | slept 7.5 ms mean (max 7.5, 180 of 180 iterations) | budget 1.8 = pass 0.8 + margin 1.0 | sleep cap 7.5 ms
09-10 06:06:23.293 27483 31306 I WiVRn   : [2026-09-10 06:06:23.293] [WiVRn] [info] render: source display-time offset 52.0 ms mean (worst 52.2) over 180 frames | submit lead 30.3 ms mean (worst 29.8) | misses: 0 overrun 0 late 0 skipped refresh
09-10 06:06:23.314 27483 31344 I WiVRn   : [2026-09-10 06:06:23.314] [WiVRn] [info] nxwarp[0]: 181 frames in 2.0 s: 123510 B/frame, wait-prev 0.0 ms, wall 7.4 ms, nxvc passA 1.4 passB 3.2 gpu 4.6 ms; holes 0, refused 0
09-10 06:06:23.314 27483 31344 I WiVRn   : [2026-09-10 06:06:23.314] [WiVRn] [info] nxwarp[0] gpu duty 415 ms/s (42% of one GPU) for decode alone; the display pass is extra
09-10 06:06:23.314 27483 31344 I WiVRn   : [2026-09-10 06:06:23.314] [WiVRn] [info] nxwarp[0] passB 3.2 ms = warp 0.0 + skip 0.0 + coded 0.0 + dir 0.0 + other 3.2; tiles skip 0 / coded 2312 / dir 0 (eye pass 0)
09-10 06:06:23.314 27483 31344 I WiVRn   : [2026-09-10 06:06:23.314] [WiVRn] [info] nxwarp[0]: 102 frames dropped late (queue kept to 1)
09-10 06:06:23.314 27483 31344 I WiVRn   : [2026-09-10 06:06:23.314] [WiVRn] [info] nxwarp[0] stage: gap 3.7 | wait-prev 0.0 | submit 1.0 (qlock 0.0 + codec 1.0) | get_free 0.0 | fence-pre 0.0 | record 0.0 | qsubmit 0.0 | fence-post 6.3 | publish 0.0 ms; withheld 0, stride 1, arrival 11.2 ms
09-10 06:06:23.314 27483 31344 I WiVRn   : [2026-09-10 06:06:23.314] [WiVRn] [info] nxwarp[0] reassembly (network thread): 0.08 ms/frame over 181 frames, buffer 121 kB held for 121 kB of unit (1.0x)
09-10 06:06:23.314 27483 31344 I WiVRn   : [2026-09-10 06:06:23.314] [WiVRn] [info] nxwarp[0] fence-post 6.4 ms = nxvc gpu 4.6 + copy gpu 0.00 + queue 1.7 (over 181 frames with timestamps)
09-10 06:06:23.746 27483 31346 I WiVRn   : [2026-09-10 06:06:23.746] [WiVRn] [info] Tracking pattern (11111µs):
09-10 06:06:23.746 27483 31346 I WiVRn   : [2026-09-10 06:06:23.746] [WiVRn] [info] 	t+3448µs HEAD (7663µs)
09-10 06:06:23.746 27483 31346 I WiVRn   : [2026-09-10 06:06:23.746] [WiVRn] [info] 	t+3492µs LEFT_GRIP (7619µs)
09-10 06:06:23.746 27483 31346 I WiVRn   : [2026-09-10 06:06:23.746] [WiVRn] [info] 	t+3498µs RIGHT_GRIP (7612µs)
09-10 06:06:23.746 27483 31346 I WiVRn   : [2026-09-10 06:06:23.746] [WiVRn] [info] 	t+6448µs HEAD (4663µs)
09-10 06:06:23.746 27483 31346 I WiVRn   : [2026-09-10 06:06:23.746] [WiVRn] [info] 	t+6492µs LEFT_GRIP (4619µs)
09-10 06:06:23.746 27483 31346 I WiVRn   : [2026-09-10 06:06:23.746] [WiVRn] [info] 	t+6498µs RIGHT_GRIP (4612µs)
09-10 06:06:24.065 27483 31302 I PxrMetric: FPS=90/90,MTP=30.91ms,AppSW=off,FrmEarly=0,FrmLate=0,FrmCpu=0.50ms,FrmGpu=6.92ms,FrmTime=14.96ms,ATWGPU=1.63ms,VsyncDelay=2,GPU=85%/587Mhz,GPUTemp=74.8C,LayerCnt=3,Pkg=org.meumeu.wivrn.nx.warp,FrmId=7939
09-10 06:06:24.561 27483 31340 I WiVRn   : [2026-09-10 06:06:24.561] [WiVRn] [info] nxwarp[0] net: 180 frames closed in 2.0 s, 0 with a hole, 0 out-of-order datagrams, 0 frames completed late, 0 queued for the worker, 7613 decoded so far, 7843 stragglers dropped; last hole 0/0 chunks, first missing -1, short false, chunk 1166 B
09-10 06:06:24.561 27483 31340 I WiVRn   : [2026-09-10 06:06:24.561] [WiVRn] [info] nxwarp[0] net: 0.027 ms per datagram over 32155 datagrams (437.77 ms of every second)
09-10 06:06:24.561 27483 31340 I WiVRn   : [2026-09-10 06:06:24.561] [WiVRn] [info] nxwarp[0] sel: stride 1, arrival 12.6 ms, dropped-late 102, withheld 0, decoded 7613
09-10 06:06:24.561 27483 31340 I WiVRn   : [2026-09-10 06:06:24.561] [WiVRn] [info] nxwarp[0] rx: 1280697 datagrams, placed 15192234 (+416160), late 170030 (+982), stale_frame 0, bad_range 0, bad_dir 0, bad_caps 0, bad_ver 0, auth_fail 0, replay 0, frozen 0, dup 318
09-10 06:06:24.746 27483 31346 I WiVRn   : [2026-09-10 06:06:24.746] [WiVRn] [info] Tracking pattern (11109µs):
09-10 06:06:24.746 27483 31346 I WiVRn   : [2026-09-10 06:06:24.746] [WiVRn] [info] 	t+3718µs HEAD (7391µs)
09-10 06:06:24.746 27483 31346 I WiVRn   : [2026-09-10 06:06:24.746] [WiVRn] [info] 	t+3814µs LEFT_GRIP (7294µs)
09-10 06:06:24.746 27483 31346 I WiVRn   : [2026-09-10 06:06:24.746] [WiVRn] [info] 	t+3826µs RIGHT_GRIP (7283µs)
09-10 06:06:24.746 27483 31346 I WiVRn   : [2026-09-10 06:06:24.746] [WiVRn] [info] 	t+6718µs HEAD (4391µs)
09-10 06:06:24.746 27483 31346 I WiVRn   : [2026-09-10 06:06:24.746] [WiVRn] [info] 	t+6814µs LEFT_GRIP (4294µs)
09-10 06:06:24.746 27483 31346 I WiVRn   : [2026-09-10 06:06:24.746] [WiVRn] [info] 	t+6826µs RIGHT_GRIP (4283µs)
09-10 06:06:25.070 27483 31302 I PxrMetric: FPS=90/90,MTP=29.98ms,AppSW=off,FrmEarly=0,FrmLate=0,FrmCpu=0.53ms,FrmGpu=6.51ms,FrmTime=14.59ms,ATWGPU=1.64ms,VsyncDelay=2,GPU=91%/587Mhz,GPUTemp=76.4C,LayerCnt=3,Pkg=org.meumeu.wivrn.nx.warp,FrmId=8029
09-10 06:06:25.294 27483 31306 I WiVRn   : [2026-09-10 06:06:25.294] [WiVRn] [info] render: 180 iterations in 2.0 s (90.0/s), 180 submitted a layer, 176 new-source, 0 skipped by the repeat gate, 0 with nothing to show; display period 11.1 ms
09-10 06:06:25.294 27483 31306 I WiVRn   : [2026-09-10 06:06:25.294] [WiVRn] [info] render: ready wait attempts 5 success 1 total 5.076 ms | selected older than available 0
09-10 06:06:25.294 27483 31306 I WiVRn   : [2026-09-10 06:06:25.294] [WiVRn] [info] render: selected source transitions forward 176 backward 0 repeat 4, greatest forward gap 2
09-10 06:06:25.294 27483 31306 I WiVRn   : [2026-09-10 06:06:25.294] [WiVRn] [info] render: this app's own GPU pass 4.4 ms per iteration
09-10 06:06:25.294 27483 31306 I WiVRn   : [2026-09-10 06:06:25.294] [WiVRn] [info] render: defoveate 2160x2160 per eye x2 = 9.33 Mpx/frame at scale 1.00 atlas-prototype 0; 4 re-presented from the cache (reduce_gpu_load on)
09-10 06:06:25.294 27483 31306 I WiVRn   : [2026-09-10 06:06:25.294] [WiVRn] [info] render: shader path sharpness 0.00 fsr false alpha false motion false blend false glow 0.00 vignette 0.00 deband 0.00 lowpoly 0.00 levels 0 full-kernel false
09-10 06:06:25.294 27483 31306 I WiVRn   : [2026-09-10 06:06:25.294] [WiVRn] [info] render: per iteration fence 0.0 (worst 0.0) | queries 0.0 | submit 0.0 | whole render() 0.7 ms
09-10 06:06:25.294 27483 31306 I WiVRn   : [2026-09-10 06:06:25.294] [WiVRn] [info] render: jit on | wake slack 38.6 ms | slept 7.5 ms mean (max 7.5, 180 of 180 iterations) | budget 2.6 = pass 1.6 + margin 1.0 | sleep cap 7.5 ms
09-10 06:06:25.294 27483 31306 I WiVRn   : [2026-09-10 06:06:25.294] [WiVRn] [info] render: source display-time offset 52.9 ms mean (worst 63.6) over 180 frames | submit lead 30.4 ms mean (worst 28.7) | misses: 0 overrun 0 late 0 skipped refresh
09-10 06:06:25.314 27483 31344 I WiVRn   : [2026-09-10 06:06:25.314] [WiVRn] [info] nxwarp[0]: 180 frames in 2.0 s: 134737 B/frame, wait-prev 0.0 ms, wall 7.8 ms, nxvc passA 1.6 passB 2.9 gpu 4.5 ms; holes 0, refused 0
09-10 06:06:25.314 27483 31344 I WiVRn   : [2026-09-10 06:06:25.314] [WiVRn] [info] nxwarp[0] gpu duty 408 ms/s (41% of one GPU) for decode alone; the display pass is extra
09-10 06:06:25.314 27483 31344 I WiVRn   : [2026-09-10 06:06:25.314] [WiVRn] [info] nxwarp[0] passB 2.9 ms = warp 0.0 + skip 0.0 + coded 0.0 + dir 0.0 + other 2.9; tiles skip 0 / coded 2312 / dir 0 (eye pass 0)
09-10 06:06:25.314 27483 31344 I WiVRn   : [2026-09-10 06:06:25.314] [WiVRn] [info] nxwarp[0]: 102 frames dropped late (queue kept to 1)
09-10 06:06:25.314 27483 31344 I WiVRn   : [2026-09-10 06:06:25.314] [WiVRn] [info] nxwarp[0] stage: gap 3.3 | wait-prev 0.0 | submit 1.0 (qlock 0.0 + codec 1.0) | get_free 0.0 | fence-pre 0.0 | record 0.0 | qsubmit 0.0 | fence-post 6.7 | publish 0.0 ms; withheld 0, stride 1, arrival 10.0 ms
09-10 06:06:25.314 27483 31344 I WiVRn   : [2026-09-10 06:06:25.314] [WiVRn] [info] nxwarp[0] reassembly (network thread): 0.08 ms/frame over 181 frames, buffer 132 kB held for 132 kB of unit (1.0x)
09-10 06:06:25.314 27483 31344 I WiVRn   : [2026-09-10 06:06:25.314] [WiVRn] [info] nxwarp[0] fence-post 6.7 ms = nxvc gpu 4.5 + copy gpu 0.00 + queue 2.2 (over 180 frames with timestamps)
09-10 06:06:25.746 27483 31346 I WiVRn   : [2026-09-10 06:06:25.746] [WiVRn] [info] Tracking pattern (11111µs):
09-10 06:06:25.746 27483 31346 I WiVRn   : [2026-09-10 06:06:25.746] [WiVRn] [info] 	t+4114µs HEAD (6997µs)
09-10 06:06:25.746 27483 31346 I WiVRn   : [2026-09-10 06:06:25.746] [WiVRn] [info] 	t+4152µs LEFT_GRIP (6958µs)
09-10 06:06:25.746 27483 31346 I WiVRn   : [2026-09-10 06:06:25.746] [WiVRn] [info] 	t+4157µs RIGHT_GRIP (6953µs)
09-10 06:06:25.746 27483 31346 I WiVRn   : [2026-09-10 06:06:25.746] [WiVRn] [info] 	t+7114µs HEAD (3997µs)
09-10 06:06:25.746 27483 31346 I WiVRn   : [2026-09-10 06:06:25.746] [WiVRn] [info] 	t+7152µs LEFT_GRIP (3958µs)
09-10 06:06:25.746 27483 31346 I WiVRn   : [2026-09-10 06:06:25.746] [WiVRn] [info] 	t+7157µs RIGHT_GRIP (3953µs)
09-10 06:06:26.079 27483 31302 I PxrMetric: FPS=90/90,MTP=30.91ms,AppSW=off,FrmEarly=0,FrmLate=0,FrmCpu=0.51ms,FrmGpu=7.14ms,FrmTime=15.19ms,ATWGPU=1.64ms,VsyncDelay=2,GPU=84%/587Mhz,GPUTemp=76.0C,LayerCnt=3,Pkg=org.meumeu.wivrn.nx.warp,FrmId=8120
09-10 06:06:26.569 27483 31340 I WiVRn   : [2026-09-10 06:06:26.569] [WiVRn] [info] nxwarp[0] net: 181 frames closed in 2.0 s, 0 with a hole, 0 out-of-order datagrams, 0 frames completed late, 0 queued for the worker, 7795 decoded so far, 8025 stragglers dropped; last hole 0/0 chunks, first missing -1, short false, chunk 1166 B
09-10 06:06:26.569 27483 31340 I WiVRn   : [2026-09-10 06:06:26.569] [WiVRn] [info] nxwarp[0] net: 0.029 ms per datagram over 29759 datagrams (432.43 ms of every second)
09-10 06:06:26.569 27483 31340 I WiVRn   : [2026-09-10 06:06:26.569] [WiVRn] [info] nxwarp[0] sel: stride 1, arrival 10.9 ms, dropped-late 102, withheld 0, decoded 7795
09-10 06:06:26.569 27483 31340 I WiVRn   : [2026-09-10 06:06:26.569] [WiVRn] [info] nxwarp[0] rx: 1310456 datagrams, placed 15378860 (+186626), late 181154 (+11124), stale_frame 0, bad_range 0, bad_dir 0, bad_caps 0, bad_ver 0, auth_fail 0, replay 0, frozen 0, dup 343
09-10 06:06:26.746 27483 31346 I WiVRn   : [2026-09-10 06:06:26.746] [WiVRn] [info] Tracking pattern (11111µs):
09-10 06:06:26.746 27483 31346 I WiVRn   : [2026-09-10 06:06:26.746] [WiVRn] [info] 	t+3935µs HEAD (7175µs)
09-10 06:06:26.746 27483 31346 I WiVRn   : [2026-09-10 06:06:26.746] [WiVRn] [info] 	t+5500µs LEFT_GRIP (5610µs)
09-10 06:06:26.746 27483 31346 I WiVRn   : [2026-09-10 06:06:26.746] [WiVRn] [info] 	t+5512µs RIGHT_GRIP (5598µs)
09-10 06:06:26.746 27483 31346 I WiVRn   : [2026-09-10 06:06:26.746] [WiVRn] [info] 	t+6935µs HEAD (4175µs)
09-10 06:06:26.746 27483 31346 I WiVRn   : [2026-09-10 06:06:26.746] [WiVRn] [info] 	t+8500µs LEFT_GRIP (2610µs)
09-10 06:06:26.746 27483 31346 I WiVRn   : [2026-09-10 06:06:26.746] [WiVRn] [info] 	t+8512µs RIGHT_GRIP (2598µs)
09-10 06:06:27.091 27483 31302 I PxrMetric: FPS=90/90,MTP=31.17ms,AppSW=off,FrmEarly=0,FrmLate=0,FrmCpu=0.51ms,FrmGpu=7.61ms,FrmTime=15.66ms,ATWGPU=1.65ms,VsyncDelay=2,GPU=90%/587Mhz,GPUTemp=76.8C,LayerCnt=3,Pkg=org.meumeu.wivrn.nx.warp,FrmId=8211
09-10 06:06:27.304 27483 31306 I WiVRn   : [2026-09-10 06:06:27.304] [WiVRn] [info] render: 181 iterations in 2.0 s (90.0/s), 181 submitted a layer, 180 new-source, 0 skipped by the repeat gate, 0 with nothing to show; display period 11.1 ms
09-10 06:06:27.304 27483 31306 I WiVRn   : [2026-09-10 06:06:27.304] [WiVRn] [info] render: ready wait attempts 2 success 1 total 1.150 ms | selected older than available 0
09-10 06:06:27.304 27483 31306 I WiVRn   : [2026-09-10 06:06:27.304] [WiVRn] [info] render: selected source transitions forward 180 backward 0 repeat 1, greatest forward gap 2
09-10 06:06:27.304 27483 31306 I WiVRn   : [2026-09-10 06:06:27.304] [WiVRn] [info] render: this app's own GPU pass 4.3 ms per iteration
09-10 06:06:27.304 27483 31306 I WiVRn   : [2026-09-10 06:06:27.304] [WiVRn] [info] render: defoveate 2160x2160 per eye x2 = 9.33 Mpx/frame at scale 1.00 atlas-prototype 0; 1 re-presented from the cache (reduce_gpu_load on)
09-10 06:06:27.304 27483 31306 I WiVRn   : [2026-09-10 06:06:27.304] [WiVRn] [info] render: shader path sharpness 0.00 fsr false alpha false motion false blend false glow 0.00 vignette 0.00 deband 0.00 lowpoly 0.00 levels 0 full-kernel false
09-10 06:06:27.304 27483 31306 I WiVRn   : [2026-09-10 06:06:27.304] [WiVRn] [info] render: per iteration fence 0.0 (worst 0.0) | queries 0.0 | submit 0.0 | whole render() 0.7 ms
09-10 06:06:27.304 27483 31306 I WiVRn   : [2026-09-10 06:06:27.304] [WiVRn] [info] render: jit on | wake slack 38.9 ms | slept 7.5 ms mean (max 7.5, 181 of 181 iterations) | budget 1.8 = pass 0.8 + margin 1.0 | sleep cap 7.5 ms
09-10 06:06:27.304 27483 31306 I WiVRn   : [2026-09-10 06:06:27.304] [WiVRn] [info] render: source display-time offset 52.6 ms mean (worst 63.6) over 181 frames | submit lead 30.7 ms mean (worst 29.6) | misses: 0 overrun 0 late 0 skipped refresh
09-10 06:06:27.323 27483 31344 I WiVRn   : [2026-09-10 06:06:27.323] [WiVRn] [info] nxwarp[0]: 181 frames in 2.0 s: 145255 B/frame, wait-prev 0.0 ms, wall 8.0 ms, nxvc passA 1.6 passB 3.1 gpu 4.7 ms; holes 0, refused 0
09-10 06:06:27.323 27483 31344 I WiVRn   : [2026-09-10 06:06:27.323] [WiVRn] [info] nxwarp[0] gpu duty 420 ms/s (42% of one GPU) for decode alone; the display pass is extra
09-10 06:06:27.323 27483 31344 I WiVRn   : [2026-09-10 06:06:27.323] [WiVRn] [info] nxwarp[0] passB 3.1 ms = warp 0.0 + skip 0.0 + coded 0.0 + dir 0.0 + other 3.1; tiles skip 0 / coded 2312 / dir 0 (eye pass 0)
09-10 06:06:27.323 27483 31344 I WiVRn   : [2026-09-10 06:06:27.323] [WiVRn] [info] nxwarp[0]: 102 frames dropped late (queue kept to 1)
09-10 06:06:27.323 27483 31344 I WiVRn   : [2026-09-10 06:06:27.323] [WiVRn] [info] nxwarp[0] stage: gap 3.1 | wait-prev 0.0 | submit 1.0 (qlock 0.0 + codec 1.0) | get_free 0.0 | fence-pre 0.0 | record 0.0 | qsubmit 0.0 | fence-post 6.9 | publish 0.0 ms; withheld 0, stride 1, arrival 11.4 ms
09-10 06:06:27.323 27483 31344 I WiVRn   : [2026-09-10 06:06:27.323] [WiVRn] [info] nxwarp[0] reassembly (network thread): 0.05 ms/frame over 180 frames, buffer 142 kB held for 142 kB of unit (1.0x)
09-10 06:06:27.323 27483 31344 I WiVRn   : [2026-09-10 06:06:27.323] [WiVRn] [info] nxwarp[0] fence-post 6.9 ms = nxvc gpu 4.7 + copy gpu 0.00 + queue 2.3 (over 181 frames with timestamps)
09-10 06:06:27.746 27483 31346 I WiVRn   : [2026-09-10 06:06:27.746] [WiVRn] [info] Tracking pattern (11110µs):
09-10 06:06:27.746 27483 31346 I WiVRn   : [2026-09-10 06:06:27.746] [WiVRn] [info] 	t+4088µs HEAD (7021µs)
09-10 06:06:27.746 27483 31346 I WiVRn   : [2026-09-10 06:06:27.746] [WiVRn] [info] 	t+4323µs LEFT_GRIP (6787µs)
09-10 06:06:27.746 27483 31346 I WiVRn   : [2026-09-10 06:06:27.746] [WiVRn] [info] 	t+4335µs RIGHT_GRIP (6775µs)
09-10 06:06:27.746 27483 31346 I WiVRn   : [2026-09-10 06:06:27.746] [WiVRn] [info] 	t+7088µs HEAD (4021µs)
09-10 06:06:27.746 27483 31346 I WiVRn   : [2026-09-10 06:06:27.746] [WiVRn] [info] 	t+7323µs LEFT_GRIP (3787µs)
09-10 06:06:27.746 27483 31346 I WiVRn   : [2026-09-10 06:06:27.746] [WiVRn] [info] 	t+7335µs RIGHT_GRIP (3775µs)
09-10 06:06:28.098 27483 31302 I PxrMetric: FPS=90/90,MTP=31.13ms,AppSW=off,FrmEarly=0,FrmLate=0,FrmCpu=0.54ms,FrmGpu=7.49ms,FrmTime=15.57ms,ATWGPU=1.59ms,VsyncDelay=2,GPU=78%/587Mhz,GPUTemp=76.0C,LayerCnt=3,Pkg=org.meumeu.wivrn.nx.warp,FrmId=8302
09-10 06:06:28.581 27483 31340 I WiVRn   : [2026-09-10 06:06:28.581] [WiVRn] [info] nxwarp[0] net: 181 frames closed in 2.0 s, 0 with a hole, 0 out-of-order datagrams, 0 frames completed late, 0 queued for the worker, 7976 decoded so far, 8206 stragglers dropped; last hole 0/0 chunks, first missing -1, short false, chunk 1166 B
09-10 06:06:28.581 27483 31340 I WiVRn   : [2026-09-10 06:06:28.581] [WiVRn] [info] nxwarp[0] net: 0.032 ms per datagram over 27089 datagrams (431.07 ms of every second)
09-10 06:06:28.581 27483 31340 I WiVRn   : [2026-09-10 06:06:28.581] [WiVRn] [info] nxwarp[0] sel: stride 1, arrival 10.8 ms, dropped-late 102, withheld 0, decoded 7976
09-10 06:06:28.581 27483 31340 I WiVRn   : [2026-09-10 06:06:28.581] [WiVRn] [info] nxwarp[0] rx: 1337545 datagrams, placed 15414449 (+35589), late 194914 (+13760), stale_frame 0, bad_range 0, bad_dir 0, bad_caps 0, bad_ver 0, auth_fail 0, replay 0, frozen 0, dup 380
09-10 06:06:28.746 27483 31346 I WiVRn   : [2026-09-10 06:06:28.746] [WiVRn] [info] Tracking pattern (11111µs):
09-10 06:06:28.746 27483 31346 I WiVRn   : [2026-09-10 06:06:28.746] [WiVRn] [info] 	t+3927µs HEAD (7184µs)
09-10 06:06:28.746 27483 31346 I WiVRn   : [2026-09-10 06:06:28.746] [WiVRn] [info] 	t+3990µs LEFT_GRIP (7121µs)
09-10 06:06:28.746 27483 31346 I WiVRn   : [2026-09-10 06:06:28.746] [WiVRn] [info] 	t+3995µs RIGHT_GRIP (7116µs)
09-10 06:06:28.746 27483 31346 I WiVRn   : [2026-09-10 06:06:28.746] [WiVRn] [info] 	t+6927µs HEAD (4184µs)
09-10 06:06:28.746 27483 31346 I WiVRn   : [2026-09-10 06:06:28.746] [WiVRn] [info] 	t+6990µs LEFT_GRIP (4121µs)
09-10 06:06:28.746 27483 31346 I WiVRn   : [2026-09-10 06:06:28.746] [WiVRn] [info] 	t+6995µs RIGHT_GRIP (4116µs)
09-10 06:06:29.109 27483 31302 I PxrMetric: FPS=90/90,MTP=31.29ms,AppSW=off,FrmEarly=0,FrmLate=0,FrmCpu=0.56ms,FrmGpu=6.98ms,FrmTime=15.08ms,ATWGPU=1.59ms,VsyncDelay=2,GPU=84%/587Mhz,GPUTemp=75.6C,LayerCnt=3,Pkg=org.meumeu.wivrn.nx.warp,FrmId=8393
09-10 06:06:29.315 27483 31306 I WiVRn   : [2026-09-10 06:06:29.315] [WiVRn] [info] render: 181 iterations in 2.0 s (90.0/s), 181 submitted a layer, 181 new-source, 0 skipped by the repeat gate, 0 with nothing to show; display period 11.1 ms
09-10 06:06:29.315 27483 31306 I WiVRn   : [2026-09-10 06:06:29.315] [WiVRn] [info] render: ready wait attempts 0 success 0 total 0.000 ms | selected older than available 0
09-10 06:06:29.315 27483 31306 I WiVRn   : [2026-09-10 06:06:29.315] [WiVRn] [info] render: selected source transitions forward 181 backward 0 repeat 0, greatest forward gap 1
09-10 06:06:29.315 27483 31306 I WiVRn   : [2026-09-10 06:06:29.315] [WiVRn] [info] render: this app's own GPU pass 4.3 ms per iteration
09-10 06:06:29.315 27483 31306 I WiVRn   : [2026-09-10 06:06:29.315] [WiVRn] [info] render: defoveate 2160x2160 per eye x2 = 9.33 Mpx/frame at scale 1.00 atlas-prototype 0; 0 re-presented from the cache (reduce_gpu_load on)
09-10 06:06:29.315 27483 31306 I WiVRn   : [2026-09-10 06:06:29.315] [WiVRn] [info] render: shader path sharpness 0.00 fsr false alpha false motion false blend false glow 0.00 vignette 0.00 deband 0.00 lowpoly 0.00 levels 0 full-kernel false
09-10 06:06:29.315 27483 31306 I WiVRn   : [2026-09-10 06:06:29.315] [WiVRn] [info] render: per iteration fence 0.0 (worst 0.0) | queries 0.0 | submit 0.0 | whole render() 0.7 ms
09-10 06:06:29.316 27483 31306 I WiVRn   : [2026-09-10 06:06:29.316] [WiVRn] [info] render: jit on | wake slack 38.9 ms | slept 7.5 ms mean (max 7.5, 181 of 181 iterations) | budget 1.8 = pass 0.8 + margin 1.0 | sleep cap 7.5 ms
09-10 06:06:29.316 27483 31306 I WiVRn   : [2026-09-10 06:06:29.316] [WiVRn] [info] render: source display-time offset 52.7 ms mean (worst 52.7) over 181 frames | submit lead 30.7 ms mean (worst 30.0) | misses: 0 overrun 0 late 0 skipped refresh
09-10 06:06:29.324 27483 31344 I WiVRn   : [2026-09-10 06:06:29.324] [WiVRn] [info] nxwarp[0]: 180 frames in 2.0 s: 143337 B/frame, wait-prev 0.0 ms, wall 7.9 ms, nxvc passA 1.5 passB 3.1 gpu 4.6 ms; holes 0, refused 0
09-10 06:06:29.324 27483 31344 I WiVRn   : [2026-09-10 06:06:29.324] [WiVRn] [info] nxwarp[0] gpu duty 415 ms/s (42% of one GPU) for decode alone; the display pass is extra
09-10 06:06:29.324 27483 31344 I WiVRn   : [2026-09-10 06:06:29.324] [WiVRn] [info] nxwarp[0] passB 3.1 ms = warp 0.0 + skip 0.0 + coded 0.0 + dir 0.0 + other 3.1; tiles skip 0 / coded 2312 / dir 0 (eye pass 0)
09-10 06:06:29.324 27483 31344 I WiVRn   : [2026-09-10 06:06:29.324] [WiVRn] [info] nxwarp[0]: 102 frames dropped late (queue kept to 1)
09-10 06:06:29.324 27483 31344 I WiVRn   : [2026-09-10 06:06:29.324] [WiVRn] [info] nxwarp[0] stage: gap 3.2 | wait-prev 0.0 | submit 1.0 (qlock 0.0 + codec 1.0) | get_free 0.0 | fence-pre 0.0 | record 0.0 | qsubmit 0.0 | fence-post 6.8 | publish 0.0 ms; withheld 0, stride 1, arrival 10.8 ms
09-10 06:06:29.324 27483 31344 I WiVRn   : [2026-09-10 06:06:29.324] [WiVRn] [info] nxwarp[0] reassembly (network thread): 0.05 ms/frame over 181 frames, buffer 140 kB held for 140 kB of unit (1.0x)
09-10 06:06:29.324 27483 31344 I WiVRn   : [2026-09-10 06:06:29.324] [WiVRn] [info] nxwarp[0] fence-post 6.9 ms = nxvc gpu 4.6 + copy gpu 0.00 + queue 2.2 (over 180 frames with timestamps)
09-10 06:06:29.746 27483 31346 I WiVRn   : [2026-09-10 06:06:29.746] [WiVRn] [info] Tracking pattern (11113µs):
09-10 06:06:29.746 27483 31346 I WiVRn   : [2026-09-10 06:06:29.746] [WiVRn] [info] 	t+3916µs HEAD (7197µs)
09-10 06:06:29.746 27483 31346 I WiVRn   : [2026-09-10 06:06:29.746] [WiVRn] [info] 	t+3989µs LEFT_GRIP (7124µs)
09-10 06:06:29.746 27483 31346 I WiVRn   : [2026-09-10 06:06:29.746] [WiVRn] [info] 	t+3995µs RIGHT_GRIP (7118µs)
09-10 06:06:29.746 27483 31346 I WiVRn   : [2026-09-10 06:06:29.746] [WiVRn] [info] 	t+6916µs HEAD (4197µs)
09-10 06:06:29.746 27483 31346 I WiVRn   : [2026-09-10 06:06:29.746] [WiVRn] [info] 	t+6989µs LEFT_GRIP (4124µs)
09-10 06:06:29.746 27483 31346 I WiVRn   : [2026-09-10 06:06:29.746] [WiVRn] [info] 	t+6995µs RIGHT_GRIP (4118µs)
09-10 06:06:30.112 27483 31302 I PxrMetric: FPS=90/90,MTP=31.07ms,AppSW=off,FrmEarly=0,FrmLate=0,FrmCpu=0.54ms,FrmGpu=7.76ms,FrmTime=15.84ms,ATWGPU=1.60ms,VsyncDelay=2,GPU=81%/587Mhz,GPUTemp=76.0C,LayerCnt=3,Pkg=org.meumeu.wivrn.nx.warp,FrmId=8483
09-10 06:06:30.582 27483 31340 I WiVRn   : [2026-09-10 06:06:30.582] [WiVRn] [info] nxwarp[0] net: 180 frames closed in 2.0 s, 0 with a hole, 0 out-of-order datagrams, 0 frames completed late, 0 queued for the worker, 8156 decoded so far, 8389 stragglers dropped; last hole 0/0 chunks, first missing -1, short false, chunk 1166 B
09-10 06:06:30.582 27483 31340 I WiVRn   : [2026-09-10 06:06:30.582] [WiVRn] [info] nxwarp[0] net: 0.030 ms per datagram over 28494 datagrams (432.22 ms of every second)
09-10 06:06:30.582 27483 31340 I WiVRn   : [2026-09-10 06:06:30.582] [WiVRn] [info] nxwarp[0] sel: stride 1, arrival 11.0 ms, dropped-late 102, withheld 0, decoded 8156
09-10 06:06:30.582 27483 31340 I WiVRn   : [2026-09-10 06:06:30.582] [WiVRn] [info] nxwarp[0] rx: 1366039 datagrams, placed 15567640 (+153191), late 204073 (+9159), stale_frame 0, bad_range 0, bad_dir 0, bad_caps 0, bad_ver 0, auth_fail 0, replay 0, frozen 0, dup 393
09-10 06:06:30.746 27483 31346 I WiVRn   : [2026-09-10 06:06:30.746] [WiVRn] [info] Tracking pattern (11106µs):
09-10 06:06:30.746 27483 31346 I WiVRn   : [2026-09-10 06:06:30.746] [WiVRn] [info] 	t+3582µs HEAD (7524µs)
09-10 06:06:30.746 27483 31346 I WiVRn   : [2026-09-10 06:06:30.746] [WiVRn] [info] 	t+3835µs LEFT_GRIP (7271µs)
09-10 06:06:30.746 27483 31346 I WiVRn   : [2026-09-10 06:06:30.746] [WiVRn] [info] 	t+3848µs RIGHT_GRIP (7257µs)
09-10 06:06:30.746 27483 31346 I WiVRn   : [2026-09-10 06:06:30.746] [WiVRn] [info] 	t+6582µs HEAD (4524µs)
09-10 06:06:30.746 27483 31346 I WiVRn   : [2026-09-10 06:06:30.746] [WiVRn] [info] 	t+6835µs LEFT_GRIP (4271µs)
09-10 06:06:30.746 27483 31346 I WiVRn   : [2026-09-10 06:06:30.746] [WiVRn] [info] 	t+6848µs RIGHT_GRIP (4257µs)
09-10 06:06:31.113 27483 31302 I PxrMetric: FPS=90/90,MTP=30.10ms,AppSW=off,FrmEarly=0,FrmLate=0,FrmCpu=0.50ms,FrmGpu=6.86ms,FrmTime=14.89ms,ATWGPU=1.59ms,VsyncDelay=2,GPU=81%/587Mhz,GPUTemp=77.5C,LayerCnt=3,Pkg=org.meumeu.wivrn.nx.warp,FrmId=8573
09-10 06:06:31.316 27483 31306 I WiVRn   : [2026-09-10 06:06:31.315] [WiVRn] [info] render: 180 iterations in 2.0 s (90.0/s), 180 submitted a layer, 180 new-source, 0 skipped by the repeat gate, 0 with nothing to show; display period 11.1 ms
09-10 06:06:31.316 27483 31306 I WiVRn   : [2026-09-10 06:06:31.316] [WiVRn] [info] render: ready wait attempts 0 success 0 total 0.000 ms | selected older than available 0
09-10 06:06:31.316 27483 31306 I WiVRn   : [2026-09-10 06:06:31.316] [WiVRn] [info] render: selected source transitions forward 180 backward 0 repeat 0, greatest forward gap 1
09-10 06:06:31.316 27483 31306 I WiVRn   : [2026-09-10 06:06:31.316] [WiVRn] [info] render: this app's own GPU pass 4.4 ms per iteration
09-10 06:06:31.316 27483 31306 I WiVRn   : [2026-09-10 06:06:31.316] [WiVRn] [info] render: defoveate 2160x2160 per eye x2 = 9.33 Mpx/frame at scale 1.00 atlas-prototype 0; 0 re-presented from the cache (reduce_gpu_load on)
09-10 06:06:31.316 27483 31306 I WiVRn   : [2026-09-10 06:06:31.316] [WiVRn] [info] render: shader path sharpness 0.00 fsr false alpha false motion false blend false glow 0.00 vignette 0.00 deband 0.00 lowpoly 0.00 levels 0 full-kernel false
09-10 06:06:31.316 27483 31306 I WiVRn   : [2026-09-10 06:06:31.316] [WiVRn] [info] render: per iteration fence 0.0 (worst 0.0) | queries 0.0 | submit 0.0 | whole render() 0.7 ms
09-10 06:06:31.316 27483 31306 I WiVRn   : [2026-09-10 06:06:31.316] [WiVRn] [info] render: jit on | wake slack 38.7 ms | slept 7.5 ms mean (max 7.5, 180 of 180 iterations) | budget 1.8 = pass 0.8 + margin 1.0 | sleep cap 7.5 ms
09-10 06:06:31.316 27483 31306 I WiVRn   : [2026-09-10 06:06:31.316] [WiVRn] [info] render: source display-time offset 52.6 ms mean (worst 52.7) over 180 frames | submit lead 30.6 ms mean (worst 29.7) | misses: 0 overrun 0 late 0 skipped refresh
09-10 06:06:31.331 27483 31344 I WiVRn   : [2026-09-10 06:06:31.331] [WiVRn] [info] nxwarp[0]: 181 frames in 2.0 s: 136404 B/frame, wait-prev 0.0 ms, wall 8.1 ms, nxvc passA 1.5 passB 3.0 gpu 4.5 ms; holes 0, refused 0
09-10 06:06:31.332 27483 31344 I WiVRn   : [2026-09-10 06:06:31.331] [WiVRn] [info] nxwarp[0] gpu duty 410 ms/s (41% of one GPU) for decode alone; the display pass is extra
09-10 06:06:31.332 27483 31344 I WiVRn   : [2026-09-10 06:06:31.332] [WiVRn] [info] nxwarp[0] passB 3.0 ms = warp 0.0 + skip 0.0 + coded 0.0 + dir 0.0 + other 3.0; tiles skip 0 / coded 2312 / dir 0 (eye pass 0)
09-10 06:06:31.332 27483 31344 I WiVRn   : [2026-09-10 06:06:31.332] [WiVRn] [info] nxwarp[0]: 102 frames dropped late (queue kept to 1)
09-10 06:06:31.332 27483 31344 I WiVRn   : [2026-09-10 06:06:31.332] [WiVRn] [info] nxwarp[0] stage: gap 3.0 | wait-prev 0.0 | submit 1.0 (qlock 0.0 + codec 1.0) | get_free 0.0 | fence-pre 0.0 | record 0.0 | qsubmit 0.0 | fence-post 7.0 | publish 0.0 ms; withheld 0, stride 1, arrival 10.9 ms
09-10 06:06:31.332 27483 31344 I WiVRn   : [2026-09-10 06:06:31.332] [WiVRn] [info] nxwarp[0] reassembly (network thread): 0.07 ms/frame over 180 frames, buffer 133 kB held for 133 kB of unit (1.0x)
09-10 06:06:31.332 27483 31344 I WiVRn   : [2026-09-10 06:06:31.332] [WiVRn] [info] nxwarp[0] fence-post 7.0 ms = nxvc gpu 4.5 + copy gpu 0.00 + queue 2.5 (over 181 frames with timestamps)
09-10 06:06:31.746 27483 31346 I WiVRn   : [2026-09-10 06:06:31.746] [WiVRn] [info] Tracking pattern (11110µs):
09-10 06:06:31.746 27483 31346 I WiVRn   : [2026-09-10 06:06:31.746] [WiVRn] [info] 	t+4035µs HEAD (7074µs)
09-10 06:06:31.746 27483 31346 I WiVRn   : [2026-09-10 06:06:31.746] [WiVRn] [info] 	t+4140µs LEFT_GRIP (6969µs)
09-10 06:06:31.746 27483 31346 I WiVRn   : [2026-09-10 06:06:31.746] [WiVRn] [info] 	t+4146µs RIGHT_GRIP (6963µs)
09-10 06:06:31.746 27483 31346 I WiVRn   : [2026-09-10 06:06:31.746] [WiVRn] [info] 	t+7035µs HEAD (4074µs)
09-10 06:06:31.746 27483 31346 I WiVRn   : [2026-09-10 06:06:31.746] [WiVRn] [info] 	t+7140µs LEFT_GRIP (3969µs)
09-10 06:06:31.746 27483 31346 I WiVRn   : [2026-09-10 06:06:31.746] [WiVRn] [info] 	t+7146µs RIGHT_GRIP (3963µs)
09-10 06:06:32.120 27483 31302 I PxrMetric: FPS=90/90,MTP=30.49ms,AppSW=off,FrmEarly=0,FrmLate=0,FrmCpu=0.50ms,FrmGpu=6.87ms,FrmTime=14.92ms,ATWGPU=1.59ms,VsyncDelay=2,GPU=79%/587Mhz,GPUTemp=76.4C,LayerCnt=3,Pkg=org.meumeu.wivrn.nx.warp,FrmId=8664
09-10 06:06:32.593 27483 31340 I WiVRn   : [2026-09-10 06:06:32.593] [WiVRn] [info] nxwarp[0] net: 181 frames closed in 2.0 s, 0 with a hole, 0 out-of-order datagrams, 0 frames completed late, 0 queued for the worker, 8337 decoded so far, 8570 stragglers dropped; last hole 0/0 chunks, first missing -1, short false, chunk 1166 B
09-10 06:06:32.593 27483 31340 I WiVRn   : [2026-09-10 06:06:32.593] [WiVRn] [info] nxwarp[0] net: 0.027 ms per datagram over 32164 datagrams (434.46 ms of every second)
09-10 06:06:32.593 27483 31340 I WiVRn   : [2026-09-10 06:06:32.593] [WiVRn] [info] nxwarp[0] sel: stride 1, arrival 11.1 ms, dropped-late 102, withheld 0, decoded 8337
09-10 06:06:32.593 27483 31340 I WiVRn   : [2026-09-10 06:06:32.593] [WiVRn] [info] nxwarp[0] rx: 1398203 datagrams, placed 15968547 (+400907), late 206870 (+2797), stale_frame 0, bad_range 0, bad_dir 0, bad_caps 0, bad_ver 0, auth_fail 0, replay 0, frozen 0, dup 398
09-10 06:06:32.746 27483 31346 I WiVRn   : [2026-09-10 06:06:32.746] [WiVRn] [info] Tracking pattern (11109µs):
09-10 06:06:32.746 27483 31346 I WiVRn   : [2026-09-10 06:06:32.746] [WiVRn] [info] 	t+3366µs HEAD (7743µs)
09-10 06:06:32.746 27483 31346 I WiVRn   : [2026-09-10 06:06:32.746] [WiVRn] [info] 	t+3405µs LEFT_GRIP (7704µs)
09-10 06:06:32.746 27483 31346 I WiVRn   : [2026-09-10 06:06:32.746] [WiVRn] [info] 	t+3415µs RIGHT_GRIP (7694µs)
09-10 06:06:32.746 27483 31346 I WiVRn   : [2026-09-10 06:06:32.746] [WiVRn] [info] 	t+6366µs HEAD (4743µs)
09-10 06:06:32.746 27483 31346 I WiVRn   : [2026-09-10 06:06:32.746] [WiVRn] [info] 	t+6405µs LEFT_GRIP (4704µs)
09-10 06:06:32.746 27483 31346 I WiVRn   : [2026-09-10 06:06:32.746] [WiVRn] [info] 	t+6415µs RIGHT_GRIP (4694µs)
09-10 06:06:33.124 27483 31302 I PxrMetric: FPS=90/90,MTP=30.01ms,AppSW=off,FrmEarly=0,FrmLate=0,FrmCpu=0.50ms,FrmGpu=6.99ms,FrmTime=15.03ms,ATWGPU=1.59ms,VsyncDelay=2,GPU=78%/587Mhz,GPUTemp=77.1C,LayerCnt=3,Pkg=org.meumeu.wivrn.nx.warp,FrmId=8754
09-10 06:06:33.317 27483 31306 I WiVRn   : [2026-09-10 06:06:33.317] [WiVRn] [info] render: 180 iterations in 2.0 s (89.9/s), 180 submitted a layer, 178 new-source, 0 skipped by the repeat gate, 0 with nothing to show; display period 11.1 ms
09-10 06:06:33.317 27483 31306 I WiVRn   : [2026-09-10 06:06:33.317] [WiVRn] [info] render: ready wait attempts 3 success 1 total 2.857 ms | selected older than available 0
09-10 06:06:33.317 27483 31306 I WiVRn   : [2026-09-10 06:06:33.317] [WiVRn] [info] render: selected source transitions forward 178 backward 0 repeat 2, greatest forward gap 2
09-10 06:06:33.317 27483 31306 I WiVRn   : [2026-09-10 06:06:33.317] [WiVRn] [info] render: this app's own GPU pass 4.2 ms per iteration
09-10 06:06:33.317 27483 31306 I WiVRn   : [2026-09-10 06:06:33.317] [WiVRn] [info] render: defoveate 2160x2160 per eye x2 = 9.33 Mpx/frame at scale 1.00 atlas-prototype 0; 2 re-presented from the cache (reduce_gpu_load on)
09-10 06:06:33.317 27483 31306 I WiVRn   : [2026-09-10 06:06:33.317] [WiVRn] [info] render: shader path sharpness 0.00 fsr false alpha false motion false blend false glow 0.00 vignette 0.00 deband 0.00 lowpoly 0.00 levels 0 full-kernel false
09-10 06:06:33.317 27483 31306 I WiVRn   : [2026-09-10 06:06:33.317] [WiVRn] [info] render: per iteration fence 0.0 (worst 0.0) | queries 0.0 | submit 0.0 | whole render() 0.7 ms
09-10 06:06:33.317 27483 31306 I WiVRn   : [2026-09-10 06:06:33.317] [WiVRn] [info] render: jit on | wake slack 38.6 ms | slept 7.5 ms mean (max 7.5, 180 of 180 iterations) | budget 2.3 = pass 1.3 + margin 1.0 | sleep cap 7.5 ms
09-10 06:06:33.317 27483 31306 I WiVRn   : [2026-09-10 06:06:33.317] [WiVRn] [info] render: source display-time offset 52.6 ms mean (worst 63.4) over 180 frames | submit lead 30.4 ms mean (worst 28.9) | misses: 0 overrun 0 late 0 skipped refresh
09-10 06:06:33.351 27483 31344 I WiVRn   : [2026-09-10 06:06:33.351] [WiVRn] [info] nxwarp[0]: 181 frames in 2.0 s: 130204 B/frame, wait-prev 0.0 ms, wall 7.4 ms, nxvc passA 1.5 passB 3.1 gpu 4.6 ms; holes 0, refused 0
09-10 06:06:33.351 27483 31344 I WiVRn   : [2026-09-10 06:06:33.351] [WiVRn] [info] nxwarp[0] gpu duty 415 ms/s (41% of one GPU) for decode alone; the display pass is extra
09-10 06:06:33.351 27483 31344 I WiVRn   : [2026-09-10 06:06:33.351] [WiVRn] [info] nxwarp[0] passB 3.1 ms = warp 0.0 + skip 0.0 + coded 0.0 + dir 0.0 + other 3.1; tiles skip 0 / coded 2312 / dir 0 (eye pass 0)
09-10 06:06:33.351 27483 31344 I WiVRn   : [2026-09-10 06:06:33.351] [WiVRn] [info] nxwarp[0]: 102 frames dropped late (queue kept to 1)
09-10 06:06:33.351 27483 31344 I WiVRn   : [2026-09-10 06:06:33.351] [WiVRn] [info] nxwarp[0] stage: gap 3.8 | wait-prev 0.0 | submit 1.0 (qlock 0.0 + codec 1.0) | get_free 0.0 | fence-pre 0.0 | record 0.0 | qsubmit 0.0 | fence-post 6.3 | publish 0.0 ms; withheld 0, stride 1, arrival 12.3 ms
09-10 06:06:33.351 27483 31344 I WiVRn   : [2026-09-10 06:06:33.351] [WiVRn] [info] nxwarp[0] reassembly (network thread): 0.08 ms/frame over 181 frames, buffer 127 kB held for 127 kB of unit (1.0x)
09-10 06:06:33.351 27483 31344 I WiVRn   : [2026-09-10 06:06:33.351] [WiVRn] [info] nxwarp[0] fence-post 6.3 ms = nxvc gpu 4.6 + copy gpu 0.00 + queue 1.7 (over 181 frames with timestamps)
09-10 06:06:33.746 27483 31346 I WiVRn   : [2026-09-10 06:06:33.746] [WiVRn] [info] Tracking pattern (11110µs):
09-10 06:06:33.746 27483 31346 I WiVRn   : [2026-09-10 06:06:33.746] [WiVRn] [info] 	t+3243µs HEAD (7867µs)
09-10 06:06:33.746 27483 31346 I WiVRn   : [2026-09-10 06:06:33.746] [WiVRn] [info] 	t+3323µs LEFT_GRIP (7787µs)
09-10 06:06:33.746 27483 31346 I WiVRn   : [2026-09-10 06:06:33.746] [WiVRn] [info] 	t+3331µs RIGHT_GRIP (7778µs)
09-10 06:06:33.746 27483 31346 I WiVRn   : [2026-09-10 06:06:33.746] [WiVRn] [info] 	t+6243µs HEAD (4867µs)
09-10 06:06:33.746 27483 31346 I WiVRn   : [2026-09-10 06:06:33.746] [WiVRn] [info] 	t+6323µs LEFT_GRIP (4787µs)
09-10 06:06:33.746 27483 31346 I WiVRn   : [2026-09-10 06:06:33.746] [WiVRn] [info] 	t+6331µs RIGHT_GRIP (4778µs)
09-10 06:06:34.133 27483 31302 I PxrMetric: FPS=90/90,MTP=30.87ms,AppSW=off,FrmEarly=0,FrmLate=0,FrmCpu=0.50ms,FrmGpu=7.05ms,FrmTime=15.09ms,ATWGPU=1.59ms,VsyncDelay=2,GPU=76%/587Mhz,GPUTemp=74.8C,LayerCnt=3,Pkg=org.meumeu.wivrn.nx.warp,FrmId=8845
09-10 06:06:34.604 27483 31340 I WiVRn   : [2026-09-10 06:06:34.604] [WiVRn] [info] nxwarp[0] net: 181 frames closed in 2.0 s, 0 with a hole, 0 out-of-order datagrams, 0 frames completed late, 0 queued for the worker, 8518 decoded so far, 8753 stragglers dropped; last hole 0/0 chunks, first missing -1, short false, chunk 1166 B
09-10 06:06:34.604 27483 31340 I WiVRn   : [2026-09-10 06:06:34.604] [WiVRn] [info] nxwarp[0] net: 0.029 ms per datagram over 29542 datagrams (429.07 ms of every second)
09-10 06:06:34.604 27483 31340 I WiVRn   : [2026-09-10 06:06:34.604] [WiVRn] [info] nxwarp[0] sel: stride 1, arrival 11.2 ms, dropped-late 102, withheld 0, decoded 8518
09-10 06:06:34.604 27483 31340 I WiVRn   : [2026-09-10 06:06:34.604] [WiVRn] [info] nxwarp[0] rx: 1427745 datagrams, placed 16312119 (+343572), late 215896 (+9026), stale_frame 0, bad_range 0, bad_dir 0, bad_caps 0, bad_ver 0, auth_fail 0, replay 0, frozen 0, dup 411
09-10 06:06:34.746 27483 31346 I WiVRn   : [2026-09-10 06:06:34.746] [WiVRn] [info] Tracking pattern (11111µs):
09-10 06:06:34.746 27483 31346 I WiVRn   : [2026-09-10 06:06:34.746] [WiVRn] [info] 	t+3162µs HEAD (7948µs)
09-10 06:06:34.746 27483 31346 I WiVRn   : [2026-09-10 06:06:34.746] [WiVRn] [info] 	t+4260µs LEFT_GRIP (6850µs)
09-10 06:06:34.746 27483 31346 I WiVRn   : [2026-09-10 06:06:34.746] [WiVRn] [info] 	t+4278µs RIGHT_GRIP (6832µs)
09-10 06:06:34.746 27483 31346 I WiVRn   : [2026-09-10 06:06:34.746] [WiVRn] [info] 	t+6162µs HEAD (4948µs)
09-10 06:06:34.746 27483 31346 I WiVRn   : [2026-09-10 06:06:34.746] [WiVRn] [info] 	t+7260µs LEFT_GRIP (3850µs)
09-10 06:06:34.746 27483 31346 I WiVRn   : [2026-09-10 06:06:34.746] [WiVRn] [info] 	t+7278µs RIGHT_GRIP (3832µs)
09-10 06:06:35.135 27483 31302 I PxrMetric: FPS=90/90,MTP=30.91ms,AppSW=off,FrmEarly=0,FrmLate=0,FrmCpu=0.50ms,FrmGpu=7.66ms,FrmTime=15.70ms,ATWGPU=1.61ms,VsyncDelay=2,GPU=78%/587Mhz,GPUTemp=75.6C,LayerCnt=3,Pkg=org.meumeu.wivrn.nx.warp,FrmId=8935
09-10 06:06:35.327 27483 31306 I WiVRn   : [2026-09-10 06:06:35.327] [WiVRn] [info] render: 181 iterations in 2.0 s (90.0/s), 181 submitted a layer, 179 new-source, 0 skipped by the repeat gate, 0 with nothing to show; display period 11.1 ms
09-10 06:06:35.327 27483 31306 I WiVRn   : [2026-09-10 06:06:35.327] [WiVRn] [info] render: ready wait attempts 2 success 0 total 2.124 ms | selected older than available 0
09-10 06:06:35.327 27483 31306 I WiVRn   : [2026-09-10 06:06:35.327] [WiVRn] [info] render: selected source transitions forward 179 backward 0 repeat 2, greatest forward gap 2
09-10 06:06:35.327 27483 31306 I WiVRn   : [2026-09-10 06:06:35.327] [WiVRn] [info] render: this app's own GPU pass 4.0 ms per iteration
09-10 06:06:35.327 27483 31306 I WiVRn   : [2026-09-10 06:06:35.327] [WiVRn] [info] render: defoveate 2160x2160 per eye x2 = 9.33 Mpx/frame at scale 1.00 atlas-prototype 0; 2 re-presented from the cache (reduce_gpu_load on)
09-10 06:06:35.327 27483 31306 I WiVRn   : [2026-09-10 06:06:35.327] [WiVRn] [info] render: shader path sharpness 0.00 fsr false alpha false motion false blend false glow 0.00 vignette 0.00 deband 0.00 lowpoly 0.00 levels 0 full-kernel false
09-10 06:06:35.327 27483 31306 I WiVRn   : [2026-09-10 06:06:35.327] [WiVRn] [info] render: per iteration fence 0.0 (worst 0.0) | queries 0.0 | submit 0.0 | whole render() 0.7 ms
09-10 06:06:35.327 27483 31306 I WiVRn   : [2026-09-10 06:06:35.327] [WiVRn] [info] render: jit on | wake slack 38.7 ms | slept 7.5 ms mean (max 7.5, 181 of 181 iterations) | budget 1.9 = pass 0.9 + margin 1.0 | sleep cap 7.5 ms
09-10 06:06:35.327 27483 31306 I WiVRn   : [2026-09-10 06:06:35.327] [WiVRn] [info] render: source display-time offset 52.7 ms mean (worst 63.4) over 181 frames | submit lead 30.6 ms mean (worst 29.2) | misses: 0 overrun 0 late 0 skipped refresh
09-10 06:06:35.352 27483 31344 I WiVRn   : [2026-09-10 06:06:35.352] [WiVRn] [info] nxwarp[0]: 181 frames in 2.0 s: 124654 B/frame, wait-prev 0.0 ms, wall 7.0 ms, nxvc passA 1.3 passB 3.2 gpu 4.5 ms; holes 0, refused 0
09-10 06:06:35.352 27483 31344 I WiVRn   : [2026-09-10 06:06:35.352] [WiVRn] [info] nxwarp[0] gpu duty 410 ms/s (41% of one GPU) for decode alone; the display pass is extra
09-10 06:06:35.352 27483 31344 I WiVRn   : [2026-09-10 06:06:35.352] [WiVRn] [info] nxwarp[0] passB 3.2 ms = warp 0.0 + skip 0.0 + coded 0.0 + dir 0.0 + other 3.2; tiles skip 0 / coded 2312 / dir 0 (eye pass 0)
09-10 06:06:35.352 27483 31344 I WiVRn   : [2026-09-10 06:06:35.352] [WiVRn] [info] nxwarp[0]: 102 frames dropped late (queue kept to 1)
09-10 06:06:35.352 27483 31344 I WiVRn   : [2026-09-10 06:06:35.352] [WiVRn] [info] nxwarp[0] stage: gap 4.0 | wait-prev 0.0 | submit 1.0 (qlock 0.0 + codec 1.0) | get_free 0.0 | fence-pre 0.0 | record 0.0 | qsubmit 0.0 | fence-post 5.9 | publish 0.0 ms; withheld 0, stride 1, arrival 11.0 ms
09-10 06:06:35.352 27483 31344 I WiVRn   : [2026-09-10 06:06:35.352] [WiVRn] [info] nxwarp[0] reassembly (network thread): 0.07 ms/frame over 181 frames, buffer 122 kB held for 122 kB of unit (1.0x)
09-10 06:06:35.352 27483 31344 I WiVRn   : [2026-09-10 06:06:35.352] [WiVRn] [info] nxwarp[0] fence-post 6.0 ms = nxvc gpu 4.5 + copy gpu 0.00 + queue 1.4 (over 181 frames with timestamps)
09-10 06:06:35.746 27483 31346 I WiVRn   : [2026-09-10 06:06:35.746] [WiVRn] [info] Tracking pattern (11111µs):
09-10 06:06:35.746 27483 31346 I WiVRn   : [2026-09-10 06:06:35.746] [WiVRn] [info] 	t+3122µs HEAD (7989µs)
09-10 06:06:35.746 27483 31346 I WiVRn   : [2026-09-10 06:06:35.746] [WiVRn] [info] 	t+3242µs LEFT_GRIP (7869µs)
09-10 06:06:35.746 27483 31346 I WiVRn   : [2026-09-10 06:06:35.746] [WiVRn] [info] 	t+3252µs RIGHT_GRIP (7859µs)
09-10 06:06:35.746 27483 31346 I WiVRn   : [2026-09-10 06:06:35.746] [WiVRn] [info] 	t+6122µs HEAD (4989µs)
09-10 06:06:35.746 27483 31346 I WiVRn   : [2026-09-10 06:06:35.746] [WiVRn] [info] 	t+6242µs LEFT_GRIP (4869µs)
09-10 06:06:35.746 27483 31346 I WiVRn   : [2026-09-10 06:06:35.746] [WiVRn] [info] 	t+6252µs RIGHT_GRIP (4859µs)
09-10 06:06:36.146 27483 31302 I PxrMetric: FPS=90/90,MTP=30.80ms,AppSW=off,FrmEarly=0,FrmLate=0,FrmCpu=0.50ms,FrmGpu=8.06ms,FrmTime=16.11ms,ATWGPU=1.59ms,VsyncDelay=2,GPU=83%/587Mhz,GPUTemp=74.4C,LayerCnt=3,Pkg=org.meumeu.wivrn.nx.warp,FrmId=9026
09-10 06:06:36.614 27483 31340 I WiVRn   : [2026-09-10 06:06:36.614] [WiVRn] [info] nxwarp[0] net: 181 frames closed in 2.0 s, 0 with a hole, 0 out-of-order datagrams, 0 frames completed late, 0 queued for the worker, 8699 decoded so far, 8934 stragglers dropped; last hole 0/0 chunks, first missing -1, short false, chunk 1166 B
09-10 06:06:36.614 27483 31340 I WiVRn   : [2026-09-10 06:06:36.614] [WiVRn] [info] nxwarp[0] net: 0.029 ms per datagram over 29312 datagrams (420.48 ms of every second)
09-10 06:06:36.614 27483 31340 I WiVRn   : [2026-09-10 06:06:36.614] [WiVRn] [info] nxwarp[0] sel: stride 1, arrival 11.1 ms, dropped-late 102, withheld 0, decoded 8699
09-10 06:06:36.614 27483 31340 I WiVRn   : [2026-09-10 06:06:36.614] [WiVRn] [info] nxwarp[0] rx: 1457057 datagrams, placed 16730591 (+418472), late 216292 (+396), stale_frame 0, bad_range 0, bad_dir 0, bad_caps 0, bad_ver 0, auth_fail 0, replay 0, frozen 0, dup 411
09-10 06:06:36.746 27483 31346 I WiVRn   : [2026-09-10 06:06:36.746] [WiVRn] [info] Tracking pattern (11111µs):
09-10 06:06:36.746 27483 31346 I WiVRn   : [2026-09-10 06:06:36.746] [WiVRn] [info] 	t+2724µs HEAD (8386µs)
09-10 06:06:36.746 27483 31346 I WiVRn   : [2026-09-10 06:06:36.746] [WiVRn] [info] 	t+2801µs LEFT_GRIP (8309µs)
09-10 06:06:36.746 27483 31346 I WiVRn   : [2026-09-10 06:06:36.746] [WiVRn] [info] 	t+2807µs RIGHT_GRIP (8303µs)
09-10 06:06:36.746 27483 31346 I WiVRn   : [2026-09-10 06:06:36.746] [WiVRn] [info] 	t+5724µs HEAD (5386µs)
09-10 06:06:36.746 27483 31346 I WiVRn   : [2026-09-10 06:06:36.746] [WiVRn] [info] 	t+5801µs LEFT_GRIP (5309µs)
09-10 06:06:36.746 27483 31346 I WiVRn   : [2026-09-10 06:06:36.746] [WiVRn] [info] 	t+5807µs RIGHT_GRIP (5303µs)
09-10 06:06:37.156 27483 31302 I PxrMetric: FPS=90/90,MTP=30.61ms,AppSW=off,FrmEarly=0,FrmLate=0,FrmCpu=0.49ms,FrmGpu=7.24ms,FrmTime=15.27ms,ATWGPU=1.59ms,VsyncDelay=2,GPU=83%/587Mhz,GPUTemp=77.1C,LayerCnt=3,Pkg=org.meumeu.wivrn.nx.warp,FrmId=9117
09-10 06:06:37.328 27483 31306 I WiVRn   : [2026-09-10 06:06:37.328] [WiVRn] [info] render: 180 iterations in 2.0 s (90.0/s), 180 submitted a layer, 180 new-source, 0 skipped by the repeat gate, 0 with nothing to show; display period 11.1 ms
09-10 06:06:37.328 27483 31306 I WiVRn   : [2026-09-10 06:06:37.328] [WiVRn] [info] render: ready wait attempts 0 success 0 total 0.000 ms | selected older than available 0
09-10 06:06:37.328 27483 31306 I WiVRn   : [2026-09-10 06:06:37.328] [WiVRn] [info] render: selected source transitions forward 180 backward 0 repeat 0, greatest forward gap 1
09-10 06:06:37.328 27483 31306 I WiVRn   : [2026-09-10 06:06:37.328] [WiVRn] [info] render: this app's own GPU pass 3.7 ms per iteration
09-10 06:06:37.328 27483 31306 I WiVRn   : [2026-09-10 06:06:37.328] [WiVRn] [info] render: defoveate 2160x2160 per eye x2 = 9.33 Mpx/frame at scale 1.00 atlas-prototype 0; 0 re-presented from the cache (reduce_gpu_load on)
09-10 06:06:37.328 27483 31306 I WiVRn   : [2026-09-10 06:06:37.328] [WiVRn] [info] render: shader path sharpness 0.00 fsr false alpha false motion false blend false glow 0.00 vignette 0.00 deband 0.00 lowpoly 0.00 levels 0 full-kernel false
09-10 06:06:37.328 27483 31306 I WiVRn   : [2026-09-10 06:06:37.328] [WiVRn] [info] render: per iteration fence 0.0 (worst 0.0) | queries 0.0 | submit 0.0 | whole render() 0.6 ms
09-10 06:06:37.328 27483 31306 I WiVRn   : [2026-09-10 06:06:37.328] [WiVRn] [info] render: jit on | wake slack 38.5 ms | slept 7.5 ms mean (max 7.5, 180 of 180 iterations) | budget 2.0 = pass 1.0 + margin 1.0 | sleep cap 7.5 ms
09-10 06:06:37.328 27483 31306 I WiVRn   : [2026-09-10 06:06:37.328] [WiVRn] [info] render: source display-time offset 52.1 ms mean (worst 52.2) over 180 frames | submit lead 30.4 ms mean (worst 29.6) | misses: 0 overrun 0 late 0 skipped refresh
09-10 06:06:37.353 27483 31344 I WiVRn   : [2026-09-10 06:06:37.353] [WiVRn] [info] nxwarp[0]: 180 frames in 2.0 s: 122189 B/frame, wait-prev 0.0 ms, wall 6.8 ms, nxvc passA 1.3 passB 3.5 gpu 4.8 ms; holes 0, refused 0
09-10 06:06:37.353 27483 31344 I WiVRn   : [2026-09-10 06:06:37.353] [WiVRn] [info] nxwarp[0] gpu duty 433 ms/s (43% of one GPU) for decode alone; the display pass is extra
09-10 06:06:37.353 27483 31344 I WiVRn   : [2026-09-10 06:06:37.353] [WiVRn] [info] nxwarp[0] passB 3.5 ms = warp 0.0 + skip 0.0 + coded 0.0 + dir 0.0 + other 3.5; tiles skip 0 / coded 2312 / dir 0 (eye pass 0)
09-10 06:06:37.353 27483 31344 I WiVRn   : [2026-09-10 06:06:37.353] [WiVRn] [info] nxwarp[0]: 102 frames dropped late (queue kept to 1)
09-10 06:06:37.353 27483 31344 I WiVRn   : [2026-09-10 06:06:37.353] [WiVRn] [info] nxwarp[0] stage: gap 4.3 | wait-prev 0.0 | submit 1.0 (qlock 0.0 + codec 1.0) | get_free 0.0 | fence-pre 0.0 | record 0.0 | qsubmit 0.0 | fence-post 5.7 | publish 0.0 ms; withheld 0, stride 1, arrival 10.9 ms
09-10 06:06:37.353 27483 31344 I WiVRn   : [2026-09-10 06:06:37.353] [WiVRn] [info] nxwarp[0] reassembly (network thread): 0.08 ms/frame over 180 frames, buffer 119 kB held for 119 kB of unit (1.0x)
09-10 06:06:37.353 27483 31344 I WiVRn   : [2026-09-10 06:06:37.353] [WiVRn] [info] nxwarp[0] fence-post 5.7 ms = nxvc gpu 4.8 + copy gpu 0.00 + queue 0.9 (over 180 frames with timestamps)
09-10 06:06:37.746 27483 31346 I WiVRn   : [2026-09-10 06:06:37.746] [WiVRn] [info] Tracking pattern (11113µs):
09-10 06:06:37.746 27483 31346 I WiVRn   : [2026-09-10 06:06:37.746] [WiVRn] [info] 	t+2772µs HEAD (8340µs)
09-10 06:06:37.746 27483 31346 I WiVRn   : [2026-09-10 06:06:37.746] [WiVRn] [info] 	t+2834µs LEFT_GRIP (8279µs)
09-10 06:06:37.746 27483 31346 I WiVRn   : [2026-09-10 06:06:37.746] [WiVRn] [info] 	t+2845µs RIGHT_GRIP (8267µs)
09-10 06:06:37.746 27483 31346 I WiVRn   : [2026-09-10 06:06:37.746] [WiVRn] [info] 	t+5772µs HEAD (5340µs)
09-10 06:06:37.746 27483 31346 I WiVRn   : [2026-09-10 06:06:37.746] [WiVRn] [info] 	t+5834µs LEFT_GRIP (5279µs)
09-10 06:06:37.746 27483 31346 I WiVRn   : [2026-09-10 06:06:37.746] [WiVRn] [info] 	t+5845µs RIGHT_GRIP (5267µs)
09-10 06:06:38.168 27483 31302 I PxrMetric: FPS=90/90,MTP=30.58ms,AppSW=off,FrmEarly=0,FrmLate=0,FrmCpu=0.51ms,FrmGpu=7.05ms,FrmTime=15.09ms,ATWGPU=1.59ms,VsyncDelay=2,GPU=83%/587Mhz,GPUTemp=74.8C,LayerCnt=3,Pkg=org.meumeu.wivrn.nx.warp,FrmId=9208
09-10 06:06:38.629 27483 31340 I WiVRn   : [2026-09-10 06:06:38.629] [WiVRn] [info] nxwarp[0] net: 180 frames closed in 2.0 s, 0 with a hole, 0 out-of-order datagrams, 0 frames completed late, 0 queued for the worker, 8879 decoded so far, 9114 stragglers dropped; last hole 0/0 chunks, first missing -1, short false, chunk 1166 B
09-10 06:06:38.629 27483 31340 I WiVRn   : [2026-09-10 06:06:38.629] [WiVRn] [info] nxwarp[0] net: 0.028 ms per datagram over 30061 datagrams (420.73 ms of every second)
09-10 06:06:38.629 27483 31340 I WiVRn   : [2026-09-10 06:06:38.629] [WiVRn] [info] nxwarp[0] sel: stride 1, arrival 10.8 ms, dropped-late 102, withheld 0, decoded 8879
09-10 06:06:38.629 27483 31340 I WiVRn   : [2026-09-10 06:06:38.629] [WiVRn] [info] nxwarp[0] rx: 1487118 datagrams, placed 17098351 (+367760), late 219103 (+2811), stale_frame 0, bad_range 0, bad_dir 0, bad_caps 0, bad_ver 0, auth_fail 0, replay 0, frozen 0, dup 418
09-10 06:06:38.757 27483 31346 I WiVRn   : [2026-09-10 06:06:38.757] [WiVRn] [info] Tracking pattern (11110µs):
09-10 06:06:38.757 27483 31346 I WiVRn   : [2026-09-10 06:06:38.757] [WiVRn] [info] 	t+172µs HEAD (10937µs)
09-10 06:06:38.757 27483 31346 I WiVRn   : [2026-09-10 06:06:38.757] [WiVRn] [info] 	t+335µs LEFT_GRIP (10775µs)
09-10 06:06:38.757 27483 31346 I WiVRn   : [2026-09-10 06:06:38.757] [WiVRn] [info] 	t+351µs RIGHT_GRIP (10758µs)
09-10 06:06:38.757 27483 31346 I WiVRn   : [2026-09-10 06:06:38.757] [WiVRn] [info] 	t+3172µs HEAD (7937µs)
09-10 06:06:38.757 27483 31346 I WiVRn   : [2026-09-10 06:06:38.757] [WiVRn] [info] 	t+3335µs LEFT_GRIP (7775µs)
09-10 06:06:38.757 27483 31346 I WiVRn   : [2026-09-10 06:06:38.757] [WiVRn] [info] 	t+3351µs RIGHT_GRIP (7758µs)
09-10 06:06:39.178 27483 31302 I PxrMetric: FPS=90/90,MTP=31.21ms,AppSW=off,FrmEarly=1,FrmLate=0,FrmCpu=0.50ms,FrmGpu=7.25ms,FrmTime=15.29ms,ATWGPU=1.61ms,VsyncDelay=2,GPU=89%/587Mhz,GPUTemp=74.4C,LayerCnt=3,Pkg=org.meumeu.wivrn.nx.warp,FrmId=9299
09-10 06:06:39.337 27483 31306 I WiVRn   : [2026-09-10 06:06:39.337] [WiVRn] [info] render: 181 iterations in 2.0 s (90.1/s), 181 submitted a layer, 178 new-source, 0 skipped by the repeat gate, 0 with nothing to show; display period 11.1 ms
09-10 06:06:39.337 27483 31306 I WiVRn   : [2026-09-10 06:06:39.337] [WiVRn] [info] render: ready wait attempts 3 success 0 total 3.183 ms | selected older than available 0
09-10 06:06:39.337 27483 31306 I WiVRn   : [2026-09-10 06:06:39.337] [WiVRn] [info] render: selected source transitions forward 178 backward 0 repeat 3, greatest forward gap 2
09-10 06:06:39.337 27483 31306 I WiVRn   : [2026-09-10 06:06:39.337] [WiVRn] [info] render: this app's own GPU pass 4.0 ms per iteration
09-10 06:06:39.337 27483 31306 I WiVRn   : [2026-09-10 06:06:39.337] [WiVRn] [info] render: defoveate 2160x2160 per eye x2 = 9.33 Mpx/frame at scale 1.00 atlas-prototype 0; 3 re-presented from the cache (reduce_gpu_load on)
09-10 06:06:39.337 27483 31306 I WiVRn   : [2026-09-10 06:06:39.337] [WiVRn] [info] render: shader path sharpness 0.00 fsr false alpha false motion false blend false glow 0.00 vignette 0.00 deband 0.00 lowpoly 0.00 levels 0 full-kernel false
09-10 06:06:39.337 27483 31306 I WiVRn   : [2026-09-10 06:06:39.337] [WiVRn] [info] render: per iteration fence 0.0 (worst 0.0) | queries 0.0 | submit 0.0 | whole render() 0.7 ms
09-10 06:06:39.337 27483 31306 I WiVRn   : [2026-09-10 06:06:39.337] [WiVRn] [info] render: jit on | wake slack 38.6 ms | slept 7.5 ms mean (max 7.5, 181 of 181 iterations) | budget 1.9 = pass 0.9 + margin 1.0 | sleep cap 7.5 ms
09-10 06:06:39.337 27483 31306 I WiVRn   : [2026-09-10 06:06:39.337] [WiVRn] [info] render: source display-time offset 52.8 ms mean (worst 63.2) over 181 frames | submit lead 30.4 ms mean (worst 29.0) | misses: 0 overrun 0 late 0 skipped refresh
09-10 06:06:39.353 27483 31344 I WiVRn   : [2026-09-10 06:06:39.353] [WiVRn] [info] nxwarp[0]: 180 frames in 2.0 s: 129480 B/frame, wait-prev 0.0 ms, wall 7.3 ms, nxvc passA 1.5 passB 3.2 gpu 4.7 ms; holes 0, refused 0
09-10 06:06:39.354 27483 31344 I WiVRn   : [2026-09-10 06:06:39.354] [WiVRn] [info] nxwarp[0] gpu duty 425 ms/s (43% of one GPU) for decode alone; the display pass is extra
09-10 06:06:39.354 27483 31344 I WiVRn   : [2026-09-10 06:06:39.354] [WiVRn] [info] nxwarp[0] passB 3.2 ms = warp 0.0 + skip 0.0 + coded 0.0 + dir 0.0 + other 3.2; tiles skip 0 / coded 2312 / dir 0 (eye pass 0)
09-10 06:06:39.354 27483 31344 I WiVRn   : [2026-09-10 06:06:39.354] [WiVRn] [info] nxwarp[0]: 102 frames dropped late (queue kept to 1)
09-10 06:06:39.354 27483 31344 I WiVRn   : [2026-09-10 06:06:39.354] [WiVRn] [info] nxwarp[0] stage: gap 3.9 | wait-prev 0.0 | submit 1.0 (qlock 0.0 + codec 1.0) | get_free 0.0 | fence-pre 0.0 | record 0.0 | qsubmit 0.0 | fence-post 6.2 | publish 0.0 ms; withheld 0, stride 1, arrival 11.0 ms
09-10 06:06:39.354 27483 31344 I WiVRn   : [2026-09-10 06:06:39.354] [WiVRn] [info] nxwarp[0] reassembly (network thread): 0.08 ms/frame over 180 frames, buffer 126 kB held for 126 kB of unit (1.0x)
09-10 06:06:39.354 27483 31344 I WiVRn   : [2026-09-10 06:06:39.354] [WiVRn] [info] nxwarp[0] fence-post 6.2 ms = nxvc gpu 4.7 + copy gpu 0.00 + queue 1.5 (over 180 frames with timestamps)
09-10 06:06:39.746 27483 31346 I WiVRn   : [2026-09-10 06:06:39.746] [WiVRn] [info] Tracking pattern (11112µs):
09-10 06:06:39.746 27483 31346 I WiVRn   : [2026-09-10 06:06:39.746] [WiVRn] [info] 	t+3374µs HEAD (7738µs)
09-10 06:06:39.746 27483 31346 I WiVRn   : [2026-09-10 06:06:39.746] [WiVRn] [info] 	t+3409µs LEFT_GRIP (7703µs)
09-10 06:06:39.746 27483 31346 I WiVRn   : [2026-09-10 06:06:39.746] [WiVRn] [info] 	t+3490µs RIGHT_GRIP (7622µs)
09-10 06:06:39.746 27483 31346 I WiVRn   : [2026-09-10 06:06:39.746] [WiVRn] [info] 	t+6374µs HEAD (4738µs)
09-10 06:06:39.746 27483 31346 I WiVRn   : [2026-09-10 06:06:39.746] [WiVRn] [info] 	t+6409µs LEFT_GRIP (4703µs)
09-10 06:06:39.746 27483 31346 I WiVRn   : [2026-09-10 06:06:39.746] [WiVRn] [info] 	t+6490µs RIGHT_GRIP (4622µs)
09-10 06:06:40.179 27483 31302 I PxrMetric: FPS=90/90,MTP=31.28ms,AppSW=off,FrmEarly=0,FrmLate=0,FrmCpu=0.50ms,FrmGpu=7.67ms,FrmTime=15.71ms,ATWGPU=1.61ms,VsyncDelay=2,GPU=83%/587Mhz,GPUTemp=75.2C,LayerCnt=3,Pkg=org.meumeu.wivrn.nx.warp,FrmId=9389
09-10 06:06:40.636 27483 31340 I WiVRn   : [2026-09-10 06:06:40.636] [WiVRn] [info] nxwarp[0] net: 182 frames closed in 2.0 s, 0 with a hole, 0 out-of-order datagrams, 0 frames completed late, 0 queued for the worker, 9061 decoded so far, 9296 stragglers dropped; last hole 0/0 chunks, first missing -1, short false, chunk 1166 B
09-10 06:06:40.636 27483 31340 I WiVRn   : [2026-09-10 06:06:40.636] [WiVRn] [info] nxwarp[0] net: 0.028 ms per datagram over 30883 datagrams (434.52 ms of every second)
09-10 06:06:40.636 27483 31340 I WiVRn   : [2026-09-10 06:06:40.636] [WiVRn] [info] nxwarp[0] sel: stride 1, arrival 11.0 ms, dropped-late 102, withheld 0, decoded 9061
09-10 06:06:40.636 27483 31340 I WiVRn   : [2026-09-10 06:06:40.636] [WiVRn] [info] nxwarp[0] rx: 1518001 datagrams, placed 17519135 (+420784), late 222078 (+2975), stale_frame 0, bad_range 0, bad_dir 0, bad_caps 0, bad_ver 0, auth_fail 0, replay 0, frozen 0, dup 421
09-10 06:06:40.746 27483 31346 I WiVRn   : [2026-09-10 06:06:40.746] [WiVRn] [info] Tracking pattern (11110µs):
09-10 06:06:40.746 27483 31346 I WiVRn   : [2026-09-10 06:06:40.746] [WiVRn] [info] 	t+3189µs HEAD (7921µs)
09-10 06:06:40.746 27483 31346 I WiVRn   : [2026-09-10 06:06:40.746] [WiVRn] [info] 	t+3280µs LEFT_GRIP (7829µs)
09-10 06:06:40.746 27483 31346 I WiVRn   : [2026-09-10 06:06:40.746] [WiVRn] [info] 	t+3292µs RIGHT_GRIP (7818µs)
09-10 06:06:40.746 27483 31346 I WiVRn   : [2026-09-10 06:06:40.746] [WiVRn] [info] 	t+6189µs HEAD (4921µs)
09-10 06:06:40.746 27483 31346 I WiVRn   : [2026-09-10 06:06:40.746] [WiVRn] [info] 	t+6280µs LEFT_GRIP (4829µs)
09-10 06:06:40.746 27483 31346 I WiVRn   : [2026-09-10 06:06:40.746] [WiVRn] [info] 	t+6292µs RIGHT_GRIP (4818µs)
09-10 06:06:41.189 27483 31302 I PxrMetric: FPS=90/90,MTP=30.93ms,AppSW=off,FrmEarly=0,FrmLate=0,FrmCpu=0.49ms,FrmGpu=7.22ms,FrmTime=15.25ms,ATWGPU=1.61ms,VsyncDelay=2,GPU=84%/587Mhz,GPUTemp=75.2C,LayerCnt=3,Pkg=org.meumeu.wivrn.nx.warp,FrmId=9480
09-10 06:06:41.338 27483 31306 I WiVRn   : [2026-09-10 06:06:41.338] [WiVRn] [info] render: 180 iterations in 2.0 s (90.0/s), 180 submitted a layer, 180 new-source, 0 skipped by the repeat gate, 0 with nothing to show; display period 11.1 ms
09-10 06:06:41.338 27483 31306 I WiVRn   : [2026-09-10 06:06:41.338] [WiVRn] [info] render: ready wait attempts 0 success 0 total 0.000 ms | selected older than available 0
09-10 06:06:41.338 27483 31306 I WiVRn   : [2026-09-10 06:06:41.338] [WiVRn] [info] render: selected source transitions forward 180 backward 0 repeat 0, greatest forward gap 1
09-10 06:06:41.338 27483 31306 I WiVRn   : [2026-09-10 06:06:41.338] [WiVRn] [info] render: this app's own GPU pass 4.0 ms per iteration
09-10 06:06:41.338 27483 31306 I WiVRn   : [2026-09-10 06:06:41.338] [WiVRn] [info] render: defoveate 2160x2160 per eye x2 = 9.33 Mpx/frame at scale 1.00 atlas-prototype 0; 0 re-presented from the cache (reduce_gpu_load on)
09-10 06:06:41.338 27483 31306 I WiVRn   : [2026-09-10 06:06:41.338] [WiVRn] [info] render: shader path sharpness 0.00 fsr false alpha false motion false blend false glow 0.00 vignette 0.00 deband 0.00 lowpoly 0.00 levels 0 full-kernel false
09-10 06:06:41.338 27483 31306 I WiVRn   : [2026-09-10 06:06:41.338] [WiVRn] [info] render: per iteration fence 0.0 (worst 0.0) | queries 0.0 | submit 0.0 | whole render() 0.6 ms
09-10 06:06:41.338 27483 31306 I WiVRn   : [2026-09-10 06:06:41.338] [WiVRn] [info] render: jit on | wake slack 39.1 ms | slept 7.5 ms mean (max 7.5, 180 of 180 iterations) | budget 1.7 = pass 0.7 + margin 1.0 | sleep cap 7.5 ms
09-10 06:06:41.338 27483 31306 I WiVRn   : [2026-09-10 06:06:41.338] [WiVRn] [info] render: source display-time offset 52.3 ms mean (worst 52.5) over 180 frames | submit lead 30.9 ms mean (worst 30.0) | misses: 0 overrun 0 late 0 skipped refresh
09-10 06:06:41.358 27483 31344 I WiVRn   : [2026-09-10 06:06:41.358] [WiVRn] [info] nxwarp[0]: 180 frames in 2.0 s: 127081 B/frame, wait-prev 0.0 ms, wall 7.4 ms, nxvc passA 1.4 passB 3.3 gpu 4.7 ms; holes 0, refused 0
09-10 06:06:41.358 27483 31344 I WiVRn   : [2026-09-10 06:06:41.358] [WiVRn] [info] nxwarp[0] gpu duty 420 ms/s (42% of one GPU) for decode alone; the display pass is extra
09-10 06:06:41.358 27483 31344 I WiVRn   : [2026-09-10 06:06:41.358] [WiVRn] [info] nxwarp[0] passB 3.3 ms = warp 0.0 + skip 0.0 + coded 0.0 + dir 0.0 + other 3.3; tiles skip 0 / coded 2312 / dir 0 (eye pass 0)
09-10 06:06:41.358 27483 31344 I WiVRn   : [2026-09-10 06:06:41.358] [WiVRn] [info] nxwarp[0]: 102 frames dropped late (queue kept to 1)
09-10 06:06:41.358 27483 31344 I WiVRn   : [2026-09-10 06:06:41.358] [WiVRn] [info] nxwarp[0] stage: gap 3.7 | wait-prev 0.0 | submit 1.0 (qlock 0.0 + codec 1.0) | get_free 0.0 | fence-pre 0.0 | record 0.0 | qsubmit 0.0 | fence-post 6.3 | publish 0.0 ms; withheld 0, stride 1, arrival 10.8 ms
09-10 06:06:41.358 27483 31344 I WiVRn   : [2026-09-10 06:06:41.358] [WiVRn] [info] nxwarp[0] reassembly (network thread): 0.08 ms/frame over 181 frames, buffer 124 kB held for 124 kB of unit (1.0x)
09-10 06:06:41.358 27483 31344 I WiVRn   : [2026-09-10 06:06:41.358] [WiVRn] [info] nxwarp[0] fence-post 6.4 ms = nxvc gpu 4.7 + copy gpu 0.00 + queue 1.7 (over 180 frames with timestamps)
09-10 06:06:41.746 27483 31346 I WiVRn   : [2026-09-10 06:06:41.746] [WiVRn] [info] Tracking pattern (11113µs):
09-10 06:06:41.746 27483 31346 I WiVRn   : [2026-09-10 06:06:41.746] [WiVRn] [info] 	t+3192µs HEAD (7920µs)
09-10 06:06:41.746 27483 31346 I WiVRn   : [2026-09-10 06:06:41.746] [WiVRn] [info] 	t+3874µs LEFT_GRIP (7238µs)
09-10 06:06:41.746 27483 31346 I WiVRn   : [2026-09-10 06:06:41.746] [WiVRn] [info] 	t+3883µs RIGHT_GRIP (7229µs)
09-10 06:06:41.746 27483 31346 I WiVRn   : [2026-09-10 06:06:41.746] [WiVRn] [info] 	t+6192µs HEAD (4920µs)
09-10 06:06:41.746 27483 31346 I WiVRn   : [2026-09-10 06:06:41.746] [WiVRn] [info] 	t+6874µs LEFT_GRIP (4238µs)
09-10 06:06:41.746 27483 31346 I WiVRn   : [2026-09-10 06:06:41.746] [WiVRn] [info] 	t+6883µs RIGHT_GRIP (4229µs)
09-10 06:06:42.200 27483 31302 I PxrMetric: FPS=90/90,MTP=30.40ms,AppSW=off,FrmEarly=0,FrmLate=0,FrmCpu=0.52ms,FrmGpu=7.12ms,FrmTime=15.17ms,ATWGPU=1.60ms,VsyncDelay=2,GPU=78%/587Mhz,GPUTemp=74.4C,LayerCnt=3,Pkg=org.meumeu.wivrn.nx.warp,FrmId=9571
09-10 06:06:42.636 27483 31340 I WiVRn   : [2026-09-10 06:06:42.636] [WiVRn] [info] nxwarp[0] net: 180 frames closed in 2.0 s, 0 with a hole, 0 out-of-order datagrams, 0 frames completed late, 0 queued for the worker, 9240 decoded so far, 9476 stragglers dropped; last hole 0/0 chunks, first missing -1, short false, chunk 1166 B
09-10 06:06:42.636 27483 31340 I WiVRn   : [2026-09-10 06:06:42.636] [WiVRn] [info] nxwarp[0] net: 0.029 ms per datagram over 29675 datagrams (427.41 ms of every second)
09-10 06:06:42.636 27483 31340 I WiVRn   : [2026-09-10 06:06:42.636] [WiVRn] [info] nxwarp[0] sel: stride 1, arrival 11.3 ms, dropped-late 102, withheld 0, decoded 9241
09-10 06:06:42.637 27483 31340 I WiVRn   : [2026-09-10 06:06:42.637] [WiVRn] [info] nxwarp[0] rx: 1547676 datagrams, placed 17935295 (+416160), late 222078 (+0), stale_frame 0, bad_range 0, bad_dir 0, bad_caps 0, bad_ver 0, auth_fail 0, replay 0, frozen 0, dup 421
09-10 06:06:42.746 27483 31346 I WiVRn   : [2026-09-10 06:06:42.746] [WiVRn] [info] Tracking pattern (11113µs):
09-10 06:06:42.746 27483 31346 I WiVRn   : [2026-09-10 06:06:42.746] [WiVRn] [info] 	t+3365µs HEAD (7747µs)
09-10 06:06:42.746 27483 31346 I WiVRn   : [2026-09-10 06:06:42.746] [WiVRn] [info] 	t+3487µs LEFT_GRIP (7626µs)
09-10 06:06:42.746 27483 31346 I WiVRn   : [2026-09-10 06:06:42.746] [WiVRn] [info] 	t+3500µs RIGHT_GRIP (7613µs)
09-10 06:06:42.746 27483 31346 I WiVRn   : [2026-09-10 06:06:42.746] [WiVRn] [info] 	t+6365µs HEAD (4747µs)
09-10 06:06:42.746 27483 31346 I WiVRn   : [2026-09-10 06:06:42.746] [WiVRn] [info] 	t+6487µs LEFT_GRIP (4626µs)
09-10 06:06:42.746 27483 31346 I WiVRn   : [2026-09-10 06:06:42.746] [WiVRn] [info] 	t+6500µs RIGHT_GRIP (4613µs)
09-10 06:06:43.203 27483 31302 I PxrMetric: FPS=90/90,MTP=29.81ms,AppSW=off,FrmEarly=0,FrmLate=0,FrmCpu=0.51ms,FrmGpu=7.51ms,FrmTime=15.55ms,ATWGPU=1.61ms,VsyncDelay=2,GPU=85%/587Mhz,GPUTemp=75.2C,LayerCnt=3,Pkg=org.meumeu.wivrn.nx.warp,FrmId=9661
09-10 06:06:43.338 27483 31306 I WiVRn   : [2026-09-10 06:06:43.338] [WiVRn] [info] render: 180 iterations in 2.0 s (90.0/s), 180 submitted a layer, 180 new-source, 0 skipped by the repeat gate, 0 with nothing to show; display period 11.1 ms
09-10 06:06:43.338 27483 31306 I WiVRn   : [2026-09-10 06:06:43.338] [WiVRn] [info] render: ready wait attempts 0 success 0 total 0.000 ms | selected older than available 0
09-10 06:06:43.338 27483 31306 I WiVRn   : [2026-09-10 06:06:43.338] [WiVRn] [info] render: selected source transitions forward 180 backward 0 repeat 0, greatest forward gap 1
09-10 06:06:43.338 27483 31306 I WiVRn   : [2026-09-10 06:06:43.338] [WiVRn] [info] render: this app's own GPU pass 3.7 ms per iteration
09-10 06:06:43.338 27483 31306 I WiVRn   : [2026-09-10 06:06:43.338] [WiVRn] [info] render: defoveate 2160x2160 per eye x2 = 9.33 Mpx/frame at scale 1.00 atlas-prototype 0; 0 re-presented from the cache (reduce_gpu_load on)
09-10 06:06:43.338 27483 31306 I WiVRn   : [2026-09-10 06:06:43.338] [WiVRn] [info] render: shader path sharpness 0.00 fsr false alpha false motion false blend false glow 0.00 vignette 0.00 deband 0.00 lowpoly 0.00 levels 0 full-kernel false
09-10 06:06:43.338 27483 31306 I WiVRn   : [2026-09-10 06:06:43.338] [WiVRn] [info] render: per iteration fence 0.0 (worst 0.0) | queries 0.0 | submit 0.0 | whole render() 0.7 ms
09-10 06:06:43.338 27483 31306 I WiVRn   : [2026-09-10 06:06:43.338] [WiVRn] [info] render: jit on | wake slack 38.3 ms | slept 7.5 ms mean (max 7.5, 180 of 180 iterations) | budget 1.8 = pass 0.8 + margin 1.0 | sleep cap 7.5 ms
09-10 06:06:43.338 27483 31306 I WiVRn   : [2026-09-10 06:06:43.338] [WiVRn] [info] render: source display-time offset 52.8 ms mean (worst 53.0) over 180 frames | submit lead 30.1 ms mean (worst 29.5) | misses: 0 overrun 0 late 0 skipped refresh
09-10 06:06:43.364 27483 31344 I WiVRn   : [2026-09-10 06:06:43.364] [WiVRn] [info] nxwarp[0]: 181 frames in 2.0 s: 124470 B/frame, wait-prev 0.0 ms, wall 6.5 ms, nxvc passA 1.5 passB 3.5 gpu 4.9 ms; holes 0, refused 0
09-10 06:06:43.364 27483 31344 I WiVRn   : [2026-09-10 06:06:43.364] [WiVRn] [info] nxwarp[0] gpu duty 445 ms/s (45% of one GPU) for decode alone; the display pass is extra
09-10 06:06:43.364 27483 31344 I WiVRn   : [2026-09-10 06:06:43.364] [WiVRn] [info] nxwarp[0] passB 3.5 ms = warp 0.0 + skip 0.0 + coded 0.0 + dir 0.0 + other 3.5; tiles skip 0 / coded 2312 / dir 0 (eye pass 0)
09-10 06:06:43.364 27483 31344 I WiVRn   : [2026-09-10 06:06:43.364] [WiVRn] [info] nxwarp[0]: 102 frames dropped late (queue kept to 1)
09-10 06:06:43.364 27483 31344 I WiVRn   : [2026-09-10 06:06:43.364] [WiVRn] [info] nxwarp[0] stage: gap 4.6 | wait-prev 0.0 | submit 1.0 (qlock 0.0 + codec 1.0) | get_free 0.0 | fence-pre 0.0 | record 0.0 | qsubmit 0.0 | fence-post 5.5 | publish 0.0 ms; withheld 0, stride 1, arrival 10.8 ms
09-10 06:06:43.364 27483 31344 I WiVRn   : [2026-09-10 06:06:43.364] [WiVRn] [info] nxwarp[0] reassembly (network thread): 0.07 ms/frame over 180 frames, buffer 122 kB held for 122 kB of unit (1.0x)
09-10 06:06:43.364 27483 31344 I WiVRn   : [2026-09-10 06:06:43.364] [WiVRn] [info] nxwarp[0] fence-post 5.5 ms = nxvc gpu 4.9 + copy gpu 0.00 + queue 0.5 (over 181 frames with timestamps)
09-10 06:06:43.746 27483 31346 I WiVRn   : [2026-09-10 06:06:43.746] [WiVRn] [info] Tracking pattern (11112µs):
09-10 06:06:43.746 27483 31346 I WiVRn   : [2026-09-10 06:06:43.746] [WiVRn] [info] 	t+3709µs HEAD (7402µs)
09-10 06:06:43.746 27483 31346 I WiVRn   : [2026-09-10 06:06:43.746] [WiVRn] [info] 	t+4179µs LEFT_GRIP (6933µs)
09-10 06:06:43.746 27483 31346 I WiVRn   : [2026-09-10 06:06:43.746] [WiVRn] [info] 	t+4187µs RIGHT_GRIP (6925µs)
09-10 06:06:43.746 27483 31346 I WiVRn   : [2026-09-10 06:06:43.746] [WiVRn] [info] 	t+6709µs HEAD (4402µs)
09-10 06:06:43.746 27483 31346 I WiVRn   : [2026-09-10 06:06:43.746] [WiVRn] [info] 	t+7179µs LEFT_GRIP (3933µs)
09-10 06:06:43.746 27483 31346 I WiVRn   : [2026-09-10 06:06:43.746] [WiVRn] [info] 	t+7187µs RIGHT_GRIP (3925µs)
09-10 06:06:44.212 27483 31302 I PxrMetric: FPS=90/90,MTP=30.79ms,AppSW=off,FrmEarly=0,FrmLate=0,FrmCpu=0.48ms,FrmGpu=7.60ms,FrmTime=15.62ms,ATWGPU=1.60ms,VsyncDelay=2,GPU=79%/587Mhz,GPUTemp=74.4C,LayerCnt=3,Pkg=org.meumeu.wivrn.nx.warp,FrmId=9752
09-10 06:06:44.646 27483 31340 I WiVRn   : [2026-09-10 06:06:44.646] [WiVRn] [info] nxwarp[0] net: 181 frames closed in 2.0 s, 0 with a hole, 0 out-of-order datagrams, 0 frames completed late, 0 queued for the worker, 9422 decoded so far, 9657 stragglers dropped; last hole 0/0 chunks, first missing -1, short false, chunk 1166 B
09-10 06:06:44.646 27483 31340 I WiVRn   : [2026-09-10 06:06:44.646] [WiVRn] [info] nxwarp[0] net: 0.028 ms per datagram over 30764 datagrams (429.55 ms of every second)
09-10 06:06:44.646 27483 31340 I WiVRn   : [2026-09-10 06:06:44.646] [WiVRn] [info] nxwarp[0] sel: stride 1, arrival 11.1 ms, dropped-late 102, withheld 0, decoded 9422
09-10 06:06:44.646 27483 31340 I WiVRn   : [2026-09-10 06:06:44.646] [WiVRn] [info] nxwarp[0] rx: 1578440 datagrams, placed 18307599 (+372304), late 223502 (+1424), stale_frame 0, bad_range 0, bad_dir 0, bad_caps 0, bad_ver 0, auth_fail 0, replay 0, frozen 0, dup 424
09-10 06:06:44.746 27483 31346 I WiVRn   : [2026-09-10 06:06:44.746] [WiVRn] [info] Tracking pattern (11112µs):
09-10 06:06:44.746 27483 31346 I WiVRn   : [2026-09-10 06:06:44.746] [WiVRn] [info] 	t+4230µs HEAD (6881µs)
09-10 06:06:44.746 27483 31346 I WiVRn   : [2026-09-10 06:06:44.746] [WiVRn] [info] 	t+4331µs LEFT_GRIP (6780µs)
09-10 06:06:44.746 27483 31346 I WiVRn   : [2026-09-10 06:06:44.746] [WiVRn] [info] 	t+4338µs RIGHT_GRIP (6774µs)
09-10 06:06:44.746 27483 31346 I WiVRn   : [2026-09-10 06:06:44.746] [WiVRn] [info] 	t+7230µs HEAD (3881µs)
09-10 06:06:44.746 27483 31346 I WiVRn   : [2026-09-10 06:06:44.746] [WiVRn] [info] 	t+7331µs LEFT_GRIP (3780µs)
09-10 06:06:44.746 27483 31346 I WiVRn   : [2026-09-10 06:06:44.746] [WiVRn] [info] 	t+7338µs RIGHT_GRIP (3774µs)
09-10 06:06:45.212 27483 31302 I PxrMetric: FPS=90/90,MTP=30.45ms,AppSW=off,FrmEarly=0,FrmLate=0,FrmCpu=0.51ms,FrmGpu=7.16ms,FrmTime=15.21ms,ATWGPU=1.61ms,VsyncDelay=2,GPU=88%/587Mhz,GPUTemp=74.0C,LayerCnt=3,Pkg=org.meumeu.wivrn.nx.warp,FrmId=9842
09-10 06:06:45.349 27483 31306 I WiVRn   : [2026-09-10 06:06:45.349] [WiVRn] [info] render: 181 iterations in 2.0 s (90.0/s), 181 submitted a layer, 181 new-source, 0 skipped by the repeat gate, 0 with nothing to show; display period 11.1 ms
09-10 06:06:45.349 27483 31306 I WiVRn   : [2026-09-10 06:06:45.349] [WiVRn] [info] render: ready wait attempts 0 success 0 total 0.000 ms | selected older than available 0
09-10 06:06:45.349 27483 31306 I WiVRn   : [2026-09-10 06:06:45.349] [WiVRn] [info] render: selected source transitions forward 181 backward 0 repeat 0, greatest forward gap 1
09-10 06:06:45.349 27483 31306 I WiVRn   : [2026-09-10 06:06:45.349] [WiVRn] [info] render: this app's own GPU pass 3.8 ms per iteration
09-10 06:06:45.349 27483 31306 I WiVRn   : [2026-09-10 06:06:45.349] [WiVRn] [info] render: defoveate 2160x2160 per eye x2 = 9.33 Mpx/frame at scale 1.00 atlas-prototype 0; 0 re-presented from the cache (reduce_gpu_load on)
09-10 06:06:45.349 27483 31306 I WiVRn   : [2026-09-10 06:06:45.349] [WiVRn] [info] render: shader path sharpness 0.00 fsr false alpha false motion false blend false glow 0.00 vignette 0.00 deband 0.00 lowpoly 0.00 levels 0 full-kernel false
09-10 06:06:45.349 27483 31306 I WiVRn   : [2026-09-10 06:06:45.349] [WiVRn] [info] render: per iteration fence 0.0 (worst 0.0) | queries 0.0 | submit 0.0 | whole render() 0.7 ms
09-10 06:06:45.349 27483 31306 I WiVRn   : [2026-09-10 06:06:45.349] [WiVRn] [info] render: jit on | wake slack 38.5 ms | slept 7.5 ms mean (max 7.5, 181 of 181 iterations) | budget 1.8 = pass 0.8 + margin 1.0 | sleep cap 7.5 ms
09-10 06:06:45.349 27483 31306 I WiVRn   : [2026-09-10 06:06:45.349] [WiVRn] [info] render: source display-time offset 53.2 ms mean (worst 53.4) over 181 frames | submit lead 30.3 ms mean (worst 29.7) | misses: 0 overrun 0 late 0 skipped refresh
09-10 06:06:45.365 27483 31344 I WiVRn   : [2026-09-10 06:06:45.365] [WiVRn] [info] nxwarp[0]: 180 frames in 2.0 s: 131359 B/frame, wait-prev 0.0 ms, wall 7.0 ms, nxvc passA 1.5 passB 3.5 gpu 5.0 ms; holes 0, refused 0
09-10 06:06:45.365 27483 31344 I WiVRn   : [2026-09-10 06:06:45.365] [WiVRn] [info] nxwarp[0] gpu duty 446 ms/s (45% of one GPU) for decode alone; the display pass is extra
09-10 06:06:45.365 27483 31344 I WiVRn   : [2026-09-10 06:06:45.365] [WiVRn] [info] nxwarp[0] passB 3.5 ms = warp 0.0 + skip 0.0 + coded 0.0 + dir 0.0 + other 3.5; tiles skip 0 / coded 2312 / dir 0 (eye pass 0)
09-10 06:06:45.365 27483 31344 I WiVRn   : [2026-09-10 06:06:45.365] [WiVRn] [info] nxwarp[0]: 102 frames dropped late (queue kept to 1)
09-10 06:06:45.365 27483 31344 I WiVRn   : [2026-09-10 06:06:45.365] [WiVRn] [info] nxwarp[0] stage: gap 4.1 | wait-prev 0.0 | submit 1.0 (qlock 0.0 + codec 1.0) | get_free 0.0 | fence-pre 0.0 | record 0.0 | qsubmit 0.0 | fence-post 5.9 | publish 0.0 ms; withheld 0, stride 1, arrival 11.1 ms
09-10 06:06:45.365 27483 31344 I WiVRn   : [2026-09-10 06:06:45.365] [WiVRn] [info] nxwarp[0] reassembly (network thread): 0.06 ms/frame over 180 frames, buffer 128 kB held for 128 kB of unit (1.0x)
09-10 06:06:45.365 27483 31344 I WiVRn   : [2026-09-10 06:06:45.365] [WiVRn] [info] nxwarp[0] fence-post 6.0 ms = nxvc gpu 5.0 + copy gpu 0.00 + queue 1.0 (over 180 frames with timestamps)
09-10 06:06:45.746 27483 31346 I WiVRn   : [2026-09-10 06:06:45.746] [WiVRn] [info] Tracking pattern (11112µs):
09-10 06:06:45.746 27483 31346 I WiVRn   : [2026-09-10 06:06:45.746] [WiVRn] [info] 	t+4080µs HEAD (7032µs)
09-10 06:06:45.746 27483 31346 I WiVRn   : [2026-09-10 06:06:45.746] [WiVRn] [info] 	t+4183µs LEFT_GRIP (6929µs)
09-10 06:06:45.746 27483 31346 I WiVRn   : [2026-09-10 06:06:45.746] [WiVRn] [info] 	t+4189µs RIGHT_GRIP (6922µs)
09-10 06:06:45.746 27483 31346 I WiVRn   : [2026-09-10 06:06:45.746] [WiVRn] [info] 	t+7080µs HEAD (4032µs)
09-10 06:06:45.746 27483 31346 I WiVRn   : [2026-09-10 06:06:45.746] [WiVRn] [info] 	t+7183µs LEFT_GRIP (3929µs)
09-10 06:06:45.746 27483 31346 I WiVRn   : [2026-09-10 06:06:45.746] [WiVRn] [info] 	t+7189µs RIGHT_GRIP (3922µs)
09-10 06:06:46.221 27483 31302 I PxrMetric: FPS=90/90,MTP=31.13ms,AppSW=off,FrmEarly=0,FrmLate=0,FrmCpu=0.52ms,FrmGpu=7.52ms,FrmTime=15.58ms,ATWGPU=1.60ms,VsyncDelay=2,GPU=80%/587Mhz,GPUTemp=74.8C,LayerCnt=3,Pkg=org.meumeu.wivrn.nx.warp,FrmId=9933
09-10 06:06:46.647 27483 31340 I WiVRn   : [2026-09-10 06:06:46.647] [WiVRn] [info] nxwarp[0] net: 180 frames closed in 2.0 s, 0 with a hole, 0 out-of-order datagrams, 0 frames completed late, 0 queued for the worker, 9602 decoded so far, 9837 stragglers dropped; last hole 0/0 chunks, first missing -1, short false, chunk 1166 B
09-10 06:06:46.647 27483 31340 I WiVRn   : [2026-09-10 06:06:46.647] [WiVRn] [info] nxwarp[0] net: 0.030 ms per datagram over 28782 datagrams (424.51 ms of every second)
09-10 06:06:46.647 27483 31340 I WiVRn   : [2026-09-10 06:06:46.647] [WiVRn] [info] nxwarp[0] sel: stride 1, arrival 11.1 ms, dropped-late 102, withheld 0, decoded 9602
09-10 06:06:46.647 27483 31340 I WiVRn   : [2026-09-10 06:06:46.647] [WiVRn] [info] nxwarp[0] rx: 1607222 datagrams, placed 18530344 (+222745), late 229417 (+5915), stale_frame 0, bad_range 0, bad_dir 0, bad_caps 0, bad_ver 0, auth_fail 0, replay 0, frozen 0, dup 442
09-10 06:06:46.746 27483 31346 I WiVRn   : [2026-09-10 06:06:46.746] [WiVRn] [info] Tracking pattern (11112µs):
09-10 06:06:46.746 27483 31346 I WiVRn   : [2026-09-10 06:06:46.746] [WiVRn] [info] 	t+4481µs HEAD (6631µs)
09-10 06:06:46.746 27483 31346 I WiVRn   : [2026-09-10 06:06:46.746] [WiVRn] [info] 	t+4573µs LEFT_GRIP (6539µs)
09-10 06:06:46.746 27483 31346 I WiVRn   : [2026-09-10 06:06:46.746] [WiVRn] [info] 	t+4582µs RIGHT_GRIP (6529µs)
09-10 06:06:46.746 27483 31346 I WiVRn   : [2026-09-10 06:06:46.746] [WiVRn] [info] 	t+7481µs HEAD (3631µs)
09-10 06:06:46.746 27483 31346 I WiVRn   : [2026-09-10 06:06:46.746] [WiVRn] [info] 	t+7573µs LEFT_GRIP (3539µs)
09-10 06:06:46.746 27483 31346 I WiVRn   : [2026-09-10 06:06:46.746] [WiVRn] [info] 	t+7582µs RIGHT_GRIP (3529µs)
09-10 06:06:47.224 27483 31302 I PxrMetric: FPS=90/90,MTP=30.75ms,AppSW=off,FrmEarly=0,FrmLate=0,FrmCpu=0.51ms,FrmGpu=7.32ms,FrmTime=15.37ms,ATWGPU=1.60ms,VsyncDelay=2,GPU=73%/587Mhz,GPUTemp=75.2C,LayerCnt=3,Pkg=org.meumeu.wivrn.nx.warp,FrmId=10023
09-10 06:06:47.349 27483 31306 I WiVRn   : [2026-09-10 06:06:47.349] [WiVRn] [info] render: 180 iterations in 2.0 s (90.0/s), 180 submitted a layer, 180 new-source, 0 skipped by the repeat gate, 0 with nothing to show; display period 11.1 ms
09-10 06:06:47.349 27483 31306 I WiVRn   : [2026-09-10 06:06:47.349] [WiVRn] [info] render: ready wait attempts 0 success 0 total 0.000 ms | selected older than available 0
09-10 06:06:47.349 27483 31306 I WiVRn   : [2026-09-10 06:06:47.349] [WiVRn] [info] render: selected source transitions forward 180 backward 0 repeat 0, greatest forward gap 1
09-10 06:06:47.349 27483 31306 I WiVRn   : [2026-09-10 06:06:47.349] [WiVRn] [info] render: this app's own GPU pass 3.9 ms per iteration
09-10 06:06:47.349 27483 31306 I WiVRn   : [2026-09-10 06:06:47.349] [WiVRn] [info] render: defoveate 2160x2160 per eye x2 = 9.33 Mpx/frame at scale 1.00 atlas-prototype 0; 0 re-presented from the cache (reduce_gpu_load on)
09-10 06:06:47.349 27483 31306 I WiVRn   : [2026-09-10 06:06:47.349] [WiVRn] [info] render: shader path sharpness 0.00 fsr false alpha false motion false blend false glow 0.00 vignette 0.00 deband 0.00 lowpoly 0.00 levels 0 full-kernel false
09-10 06:06:47.349 27483 31306 I WiVRn   : [2026-09-10 06:06:47.349] [WiVRn] [info] render: per iteration fence 0.0 (worst 0.0) | queries 0.0 | submit 0.0 | whole render() 0.6 ms
09-10 06:06:47.349 27483 31306 I WiVRn   : [2026-09-10 06:06:47.349] [WiVRn] [info] render: jit on | wake slack 39.0 ms | slept 7.5 ms mean (max 7.5, 180 of 180 iterations) | budget 1.7 = pass 0.7 + margin 1.0 | sleep cap 7.5 ms
09-10 06:06:47.349 27483 31306 I WiVRn   : [2026-09-10 06:06:47.349] [WiVRn] [info] render: source display-time offset 53.5 ms mean (worst 53.7) over 180 frames | submit lead 30.9 ms mean (worst 30.1) | misses: 0 overrun 0 late 0 skipped refresh
09-10 06:06:47.374 27483 31344 I WiVRn   : [2026-09-10 06:06:47.374] [WiVRn] [info] nxwarp[0]: 181 frames in 2.0 s: 134480 B/frame, wait-prev 0.0 ms, wall 7.0 ms, nxvc passA 1.4 passB 3.3 gpu 4.7 ms; holes 0, refused 0
09-10 06:06:47.374 27483 31344 I WiVRn   : [2026-09-10 06:06:47.374] [WiVRn] [info] nxwarp[0] gpu duty 428 ms/s (43% of one GPU) for decode alone; the display pass is extra
09-10 06:06:47.374 27483 31344 I WiVRn   : [2026-09-10 06:06:47.374] [WiVRn] [info] nxwarp[0] passB 3.3 ms = warp 0.0 + skip 0.0 + coded 0.0 + dir 0.0 + other 3.3; tiles skip 0 / coded 2312 / dir 0 (eye pass 0)
09-10 06:06:47.374 27483 31344 I WiVRn   : [2026-09-10 06:06:47.374] [WiVRn] [info] nxwarp[0]: 102 frames dropped late (queue kept to 1)
09-10 06:06:47.374 27483 31344 I WiVRn   : [2026-09-10 06:06:47.374] [WiVRn] [info] nxwarp[0] stage: gap 4.1 | wait-prev 0.0 | submit 1.0 (qlock 0.0 + codec 1.0) | get_free 0.0 | fence-pre 0.0 | record 0.0 | qsubmit 0.0 | fence-post 6.0 | publish 0.0 ms; withheld 0, stride 1, arrival 11.1 ms
09-10 06:06:47.374 27483 31344 I WiVRn   : [2026-09-10 06:06:47.374] [WiVRn] [info] nxwarp[0] reassembly (network thread): 0.06 ms/frame over 181 frames, buffer 131 kB held for 131 kB of unit (1.0x)
09-10 06:06:47.374 27483 31344 I WiVRn   : [2026-09-10 06:06:47.374] [WiVRn] [info] nxwarp[0] fence-post 6.0 ms = nxvc gpu 4.7 + copy gpu 0.00 + queue 1.3 (over 181 frames with timestamps)
09-10 06:06:47.746 27483 31346 I WiVRn   : [2026-09-10 06:06:47.746] [WiVRn] [info] Tracking pattern (11111µs):
09-10 06:06:47.746 27483 31346 I WiVRn   : [2026-09-10 06:06:47.746] [WiVRn] [info] 	t+4497µs HEAD (6614µs)
09-10 06:06:47.746 27483 31346 I WiVRn   : [2026-09-10 06:06:47.746] [WiVRn] [info] 	t+4657µs LEFT_GRIP (6453µs)
09-10 06:06:47.746 27483 31346 I WiVRn   : [2026-09-10 06:06:47.746] [WiVRn] [info] 	t+4669µs RIGHT_GRIP (6441µs)
09-10 06:06:47.746 27483 31346 I WiVRn   : [2026-09-10 06:06:47.746] [WiVRn] [info] 	t+7497µs HEAD (3614µs)
09-10 06:06:47.746 27483 31346 I WiVRn   : [2026-09-10 06:06:47.746] [WiVRn] [info] 	t+7657µs LEFT_GRIP (3453µs)
09-10 06:06:47.746 27483 31346 I WiVRn   : [2026-09-10 06:06:47.746] [WiVRn] [info] 	t+7669µs RIGHT_GRIP (3441µs)
09-10 06:06:48.236 27483 31302 I PxrMetric: FPS=90/90,MTP=30.59ms,AppSW=off,FrmEarly=0,FrmLate=0,FrmCpu=0.51ms,FrmGpu=7.57ms,FrmTime=15.62ms,ATWGPU=1.60ms,VsyncDelay=2,GPU=85%/587Mhz,GPUTemp=75.6C,LayerCnt=3,Pkg=org.meumeu.wivrn.nx.warp,FrmId=10114
09-10 06:06:48.648 27483 31340 I WiVRn   : [2026-09-10 06:06:48.648] [WiVRn] [info] nxwarp[0] net: 180 frames closed in 2.0 s, 0 with a hole, 0 out-of-order datagrams, 0 frames completed late, 0 queued for the worker, 9782 decoded so far, 10017 stragglers dropped; last hole 0/0 chunks, first missing -1, short false, chunk 1166 B
09-10 06:06:48.648 27483 31340 I WiVRn   : [2026-09-10 06:06:48.648] [WiVRn] [info] nxwarp[0] net: 0.030 ms per datagram over 28681 datagrams (423.74 ms of every second)
09-10 06:06:48.648 27483 31340 I WiVRn   : [2026-09-10 06:06:48.648] [WiVRn] [info] nxwarp[0] sel: stride 1, arrival 11.4 ms, dropped-late 102, withheld 0, decoded 9782
09-10 06:06:48.648 27483 31340 I WiVRn   : [2026-09-10 06:06:48.648] [WiVRn] [info] nxwarp[0] rx: 1635903 datagrams, placed 18759847 (+229503), late 239679 (+10262), stale_frame 0, bad_range 0, bad_dir 0, bad_caps 0, bad_ver 0, auth_fail 0, replay 0, frozen 0, dup 470
09-10 06:06:48.746 27483 31346 I WiVRn   : [2026-09-10 06:06:48.746] [WiVRn] [info] Tracking pattern (11113µs):
09-10 06:06:48.746 27483 31346 I WiVRn   : [2026-09-10 06:06:48.746] [WiVRn] [info] 	t+3717µs HEAD (7396µs)
09-10 06:06:48.746 27483 31346 I WiVRn   : [2026-09-10 06:06:48.746] [WiVRn] [info] 	t+4062µs LEFT_GRIP (7051µs)
09-10 06:06:48.746 27483 31346 I WiVRn   : [2026-09-10 06:06:48.746] [WiVRn] [info] 	t+4069µs RIGHT_GRIP (7044µs)
09-10 06:06:48.746 27483 31346 I WiVRn   : [2026-09-10 06:06:48.746] [WiVRn] [info] 	t+6717µs HEAD (4396µs)
09-10 06:06:48.746 27483 31346 I WiVRn   : [2026-09-10 06:06:48.746] [WiVRn] [info] 	t+7062µs LEFT_GRIP (4051µs)
09-10 06:06:48.746 27483 31346 I WiVRn   : [2026-09-10 06:06:48.746] [WiVRn] [info] 	t+7069µs RIGHT_GRIP (4044µs)
09-10 06:06:49.244 27483 31302 I PxrMetric: FPS=90/90,MTP=29.71ms,AppSW=off,FrmEarly=0,FrmLate=0,FrmCpu=0.51ms,FrmGpu=6.50ms,FrmTime=14.55ms,ATWGPU=1.61ms,VsyncDelay=2,GPU=81%/587Mhz,GPUTemp=75.2C,LayerCnt=3,Pkg=org.meumeu.wivrn.nx.warp,FrmId=10205
09-10 06:06:49.350 27483 31306 I WiVRn   : [2026-09-10 06:06:49.350] [WiVRn] [info] render: 180 iterations in 2.0 s (89.9/s), 180 submitted a layer, 180 new-source, 0 skipped by the repeat gate, 0 with nothing to show; display period 11.1 ms
09-10 06:06:49.351 27483 31306 I WiVRn   : [2026-09-10 06:06:49.351] [WiVRn] [info] render: ready wait attempts 1 success 1 total 0.572 ms | selected older than available 0
09-10 06:06:49.351 27483 31306 I WiVRn   : [2026-09-10 06:06:49.351] [WiVRn] [info] render: selected source transitions forward 180 backward 0 repeat 0, greatest forward gap 1
09-10 06:06:49.351 27483 31306 I WiVRn   : [2026-09-10 06:06:49.351] [WiVRn] [info] render: this app's own GPU pass 3.9 ms per iteration
09-10 06:06:49.351 27483 31306 I WiVRn   : [2026-09-10 06:06:49.351] [WiVRn] [info] render: defoveate 2160x2160 per eye x2 = 9.33 Mpx/frame at scale 1.00 atlas-prototype 0; 0 re-presented from the cache (reduce_gpu_load on)
09-10 06:06:49.351 27483 31306 I WiVRn   : [2026-09-10 06:06:49.351] [WiVRn] [info] render: shader path sharpness 0.00 fsr false alpha false motion false blend false glow 0.00 vignette 0.00 deband 0.00 lowpoly 0.00 levels 0 full-kernel false
09-10 06:06:49.351 27483 31306 I WiVRn   : [2026-09-10 06:06:49.351] [WiVRn] [info] render: per iteration fence 0.0 (worst 0.0) | queries 0.0 | submit 0.0 | whole render() 0.6 ms
09-10 06:06:49.351 27483 31306 I WiVRn   : [2026-09-10 06:06:49.351] [WiVRn] [info] render: jit on | wake slack 38.5 ms | slept 7.5 ms mean (max 7.5, 180 of 180 iterations) | budget 1.8 = pass 0.8 + margin 1.0 | sleep cap 7.5 ms
09-10 06:06:49.351 27483 31306 I WiVRn   : [2026-09-10 06:06:49.351] [WiVRn] [info] render: source display-time offset 53.5 ms mean (worst 53.6) over 180 frames | submit lead 30.3 ms mean (worst 29.0) | misses: 0 overrun 0 late 0 skipped refresh
09-10 06:06:49.388 27483 31344 I WiVRn   : [2026-09-10 06:06:49.388] [WiVRn] [info] nxwarp[0]: 181 frames in 2.0 s: 129128 B/frame, wait-prev 0.0 ms, wall 6.7 ms, nxvc passA 1.4 passB 3.4 gpu 4.8 ms; holes 0, refused 0
09-10 06:06:49.388 27483 31344 I WiVRn   : [2026-09-10 06:06:49.388] [WiVRn] [info] nxwarp[0] gpu duty 428 ms/s (43% of one GPU) for decode alone; the display pass is extra
09-10 06:06:49.388 27483 31344 I WiVRn   : [2026-09-10 06:06:49.388] [WiVRn] [info] nxwarp[0] passB 3.4 ms = warp 0.0 + skip 0.0 + coded 0.0 + dir 0.0 + other 3.4; tiles skip 0 / coded 2312 / dir 0 (eye pass 0)
09-10 06:06:49.388 27483 31344 I WiVRn   : [2026-09-10 06:06:49.388] [WiVRn] [info] nxwarp[0]: 102 frames dropped late (queue kept to 1)
09-10 06:06:49.388 27483 31344 I WiVRn   : [2026-09-10 06:06:49.388] [WiVRn] [info] nxwarp[0] stage: gap 4.4 | wait-prev 0.0 | submit 1.0 (qlock 0.0 + codec 1.0) | get_free 0.0 | fence-pre 0.0 | record 0.0 | qsubmit 0.0 | fence-post 5.6 | publish 0.0 ms; withheld 0, stride 1, arrival 11.4 ms
09-10 06:06:49.388 27483 31344 I WiVRn   : [2026-09-10 06:06:49.388] [WiVRn] [info] nxwarp[0] reassembly (network thread): 0.07 ms/frame over 181 frames, buffer 126 kB held for 126 kB of unit (1.0x)
09-10 06:06:49.388 27483 31344 I WiVRn   : [2026-09-10 06:06:49.388] [WiVRn] [info] nxwarp[0] fence-post 5.7 ms = nxvc gpu 4.8 + copy gpu 0.00 + queue 0.9 (over 181 frames with timestamps)
09-10 06:06:49.746 27483 31346 I WiVRn   : [2026-09-10 06:06:49.746] [WiVRn] [info] Tracking pattern (11111µs):
09-10 06:06:49.746 27483 31346 I WiVRn   : [2026-09-10 06:06:49.746] [WiVRn] [info] 	t+4058µs HEAD (7053µs)
09-10 06:06:49.746 27483 31346 I WiVRn   : [2026-09-10 06:06:49.746] [WiVRn] [info] 	t+4219µs LEFT_GRIP (6892µs)
09-10 06:06:49.746 27483 31346 I WiVRn   : [2026-09-10 06:06:49.746] [WiVRn] [info] 	t+4246µs RIGHT_GRIP (6865µs)
09-10 06:06:49.746 27483 31346 I WiVRn   : [2026-09-10 06:06:49.746] [WiVRn] [info] 	t+7058µs HEAD (4053µs)
09-10 06:06:49.746 27483 31346 I WiVRn   : [2026-09-10 06:06:49.746] [WiVRn] [info] 	t+7219µs LEFT_GRIP (3892µs)
09-10 06:06:49.747 27483 31346 I WiVRn   : [2026-09-10 06:06:49.747] [WiVRn] [info] 	t+7246µs RIGHT_GRIP (3865µs)
09-10 06:06:50.245 27483 31302 I PxrMetric: FPS=90/90,MTP=28.94ms,AppSW=off,FrmEarly=0,FrmLate=0,FrmCpu=0.62ms,FrmGpu=5.28ms,FrmTime=13.44ms,ATWGPU=1.60ms,VsyncDelay=2,GPU=84%/587Mhz,GPUTemp=75.2C,LayerCnt=3,Pkg=org.meumeu.wivrn.nx.warp,FrmId=10295
09-10 06:06:50.657 27483 31340 I WiVRn   : [2026-09-10 06:06:50.657] [WiVRn] [info] nxwarp[0] net: 181 frames closed in 2.0 s, 0 with a hole, 0 out-of-order datagrams, 0 frames completed late, 0 queued for the worker, 9963 decoded so far, 10211 stragglers dropped; last hole 0/0 chunks, first missing -1, short false, chunk 1166 B
09-10 06:06:50.658 27483 31340 I WiVRn   : [2026-09-10 06:06:50.658] [WiVRn] [info] nxwarp[0] net: 0.029 ms per datagram over 28864 datagrams (421.01 ms of every second)
09-10 06:06:50.658 27483 31340 I WiVRn   : [2026-09-10 06:06:50.658] [WiVRn] [info] nxwarp[0] sel: stride 1, arrival 11.1 ms, dropped-late 102, withheld 0, decoded 9963
09-10 06:06:50.658 27483 31340 I WiVRn   : [2026-09-10 06:06:50.658] [WiVRn] [info] nxwarp[0] rx: 1664767 datagrams, placed 19096810 (+336963), late 242088 (+2409), stale_frame 0, bad_range 0, bad_dir 0, bad_caps 0, bad_ver 0, auth_fail 0, replay 0, frozen 0, dup 478
09-10 06:06:50.747 27483 31346 I WiVRn   : [2026-09-10 06:06:50.747] [WiVRn] [info] Tracking pattern (11120µs):
09-10 06:06:50.747 27483 31346 I WiVRn   : [2026-09-10 06:06:50.747] [WiVRn] [info] 	t+3600µs HEAD (7519µs)
09-10 06:06:50.747 27483 31346 I WiVRn   : [2026-09-10 06:06:50.747] [WiVRn] [info] 	t+3663µs LEFT_GRIP (7456µs)
09-10 06:06:50.747 27483 31346 I WiVRn   : [2026-09-10 06:06:50.747] [WiVRn] [info] 	t+3675µs RIGHT_GRIP (7444µs)
09-10 06:06:50.747 27483 31346 I WiVRn   : [2026-09-10 06:06:50.747] [WiVRn] [info] 	t+6600µs HEAD (4519µs)
09-10 06:06:50.747 27483 31346 I WiVRn   : [2026-09-10 06:06:50.747] [WiVRn] [info] 	t+6663µs LEFT_GRIP (4456µs)
09-10 06:06:50.747 27483 31346 I WiVRn   : [2026-09-10 06:06:50.747] [WiVRn] [info] 	t+6675µs RIGHT_GRIP (4444µs)
09-10 06:06:51.257 27483 31302 I PxrMetric: FPS=90/90,MTP=30.77ms,AppSW=off,FrmEarly=0,FrmLate=0,FrmCpu=0.49ms,FrmGpu=7.42ms,FrmTime=15.45ms,ATWGPU=1.62ms,VsyncDelay=2,GPU=85%/587Mhz,GPUTemp=76.0C,LayerCnt=3,Pkg=org.meumeu.wivrn.nx.warp,FrmId=10386
09-10 06:06:51.360 27483 31306 I WiVRn   : [2026-09-10 06:06:51.360] [WiVRn] [info] render: 181 iterations in 2.0 s (90.0/s), 181 submitted a layer, 175 new-source, 0 skipped by the repeat gate, 0 with nothing to show; display period 11.1 ms
09-10 06:06:51.360 27483 31306 I WiVRn   : [2026-09-10 06:06:51.360] [WiVRn] [info] render: ready wait attempts 9 success 3 total 7.889 ms | selected older than available 0
09-10 06:06:51.360 27483 31306 I WiVRn   : [2026-09-10 06:06:51.360] [WiVRn] [info] render: selected source transitions forward 175 backward 0 repeat 6, greatest forward gap 2
09-10 06:06:51.360 27483 31306 I WiVRn   : [2026-09-10 06:06:51.360] [WiVRn] [info] render: this app's own GPU pass 3.6 ms per iteration
09-10 06:06:51.360 27483 31306 I WiVRn   : [2026-09-10 06:06:51.360] [WiVRn] [info] render: defoveate 2160x2160 per eye x2 = 9.33 Mpx/frame at scale 1.00 atlas-prototype 0; 6 re-presented from the cache (reduce_gpu_load on)
09-10 06:06:51.360 27483 31306 I WiVRn   : [2026-09-10 06:06:51.360] [WiVRn] [info] render: shader path sharpness 0.00 fsr false alpha false motion false blend false glow 0.00 vignette 0.00 deband 0.00 lowpoly 0.00 levels 0 full-kernel false
09-10 06:06:51.360 27483 31306 I WiVRn   : [2026-09-10 06:06:51.360] [WiVRn] [info] render: per iteration fence 0.0 (worst 0.0) | queries 0.0 | submit 0.0 | whole render() 0.7 ms
09-10 06:06:51.361 27483 31306 I WiVRn   : [2026-09-10 06:06:51.361] [WiVRn] [info] render: jit on | wake slack 37.7 ms | slept 7.5 ms mean (max 7.5, 181 of 181 iterations) | budget 1.7 = pass 0.7 + margin 1.0 | sleep cap 7.5 ms
09-10 06:06:51.361 27483 31306 I WiVRn   : [2026-09-10 06:06:51.361] [WiVRn] [info] render: source display-time offset 52.6 ms mean (worst 53.3) over 181 frames | submit lead 29.5 ms mean (worst 26.9) | misses: 0 overrun 0 late 0 skipped refresh
09-10 06:06:51.396 27483 31344 I WiVRn   : [2026-09-10 06:06:51.396] [WiVRn] [info] nxwarp[0]: 181 frames in 2.0 s: 126683 B/frame, wait-prev 0.0 ms, wall 6.2 ms, nxvc passA 1.5 passB 3.3 gpu 4.8 ms; holes 0, refused 0
09-10 06:06:51.396 27483 31344 I WiVRn   : [2026-09-10 06:06:51.396] [WiVRn] [info] nxwarp[0] gpu duty 431 ms/s (43% of one GPU) for decode alone; the display pass is extra
09-10 06:06:51.396 27483 31344 I WiVRn   : [2026-09-10 06:06:51.396] [WiVRn] [info] nxwarp[0] passB 3.3 ms = warp 0.0 + skip 0.0 + coded 0.0 + dir 0.0 + other 3.3; tiles skip 0 / coded 2312 / dir 0 (eye pass 0)
09-10 06:06:51.396 27483 31344 I WiVRn   : [2026-09-10 06:06:51.396] [WiVRn] [info] nxwarp[0]: 102 frames dropped late (queue kept to 1)
09-10 06:06:51.396 27483 31344 I WiVRn   : [2026-09-10 06:06:51.396] [WiVRn] [info] nxwarp[0] stage: gap 4.9 | wait-prev 0.0 | submit 1.0 (qlock 0.0 + codec 1.0) | get_free 0.0 | fence-pre 0.0 | record 0.0 | qsubmit 0.0 | fence-post 5.2 | publish 0.0 ms; withheld 0, stride 1, arrival 10.8 ms
09-10 06:06:51.396 27483 31344 I WiVRn   : [2026-09-10 06:06:51.396] [WiVRn] [info] nxwarp[0] reassembly (network thread): 0.07 ms/frame over 181 frames, buffer 124 kB held for 124 kB of unit (1.0x)
09-10 06:06:51.396 27483 31344 I WiVRn   : [2026-09-10 06:06:51.396] [WiVRn] [info] nxwarp[0] fence-post 5.2 ms = nxvc gpu 4.8 + copy gpu 0.00 + queue 0.4 (over 181 frames with timestamps)
09-10 06:06:51.746 27483 31346 I WiVRn   : [2026-09-10 06:06:51.746] [WiVRn] [info] Tracking pattern (11112µs):
09-10 06:06:51.747 27483 31346 I WiVRn   : [2026-09-10 06:06:51.747] [WiVRn] [info] 	t+3418µs HEAD (7694µs)
09-10 06:06:51.747 27483 31346 I WiVRn   : [2026-09-10 06:06:51.747] [WiVRn] [info] 	t+3460µs LEFT_GRIP (7652µs)
09-10 06:06:51.747 27483 31346 I WiVRn   : [2026-09-10 06:06:51.747] [WiVRn] [info] 	t+3578µs RIGHT_GRIP (7534µs)
09-10 06:06:51.747 27483 31346 I WiVRn   : [2026-09-10 06:06:51.747] [WiVRn] [info] 	t+6418µs HEAD (4694µs)
09-10 06:06:51.747 27483 31346 I WiVRn   : [2026-09-10 06:06:51.747] [WiVRn] [info] 	t+6460µs LEFT_GRIP (4652µs)
09-10 06:06:51.747 27483 31346 I WiVRn   : [2026-09-10 06:06:51.747] [WiVRn] [info] 	t+6578µs RIGHT_GRIP (4534µs)
09-10 06:06:52.268 27483 31302 I PxrMetric: FPS=90/90,MTP=29.63ms,AppSW=off,FrmEarly=0,FrmLate=0,FrmCpu=0.52ms,FrmGpu=6.81ms,FrmTime=14.87ms,ATWGPU=1.61ms,VsyncDelay=2,GPU=90%/587Mhz,GPUTemp=76.4C,LayerCnt=3,Pkg=org.meumeu.wivrn.nx.warp,FrmId=10477
09-10 06:06:52.658 27483 31340 I WiVRn   : [2026-09-10 06:06:52.658] [WiVRn] [info] nxwarp[0] net: 180 frames closed in 2.0 s, 0 with a hole, 0 out-of-order datagrams, 0 frames completed late, 0 queued for the worker, 10143 decoded so far, 10401 stragglers dropped; last hole 0/0 chunks, first missing -1, short false, chunk 1166 B
09-10 06:06:52.658 27483 31340 I WiVRn   : [2026-09-10 06:06:52.658] [WiVRn] [info] nxwarp[0] net: 0.028 ms per datagram over 30223 datagrams (427.42 ms of every second)
09-10 06:06:52.658 27483 31340 I WiVRn   : [2026-09-10 06:06:52.658] [WiVRn] [info] nxwarp[0] sel: stride 1, arrival 11.3 ms, dropped-late 102, withheld 0, decoded 10143
09-10 06:06:52.658 27483 31340 I WiVRn   : [2026-09-10 06:06:52.658] [WiVRn] [info] nxwarp[0] rx: 1694990 datagrams, placed 19479946 (+383136), late 243016 (+928), stale_frame 0, bad_range 0, bad_dir 0, bad_caps 0, bad_ver 0, auth_fail 0, replay 0, frozen 0, dup 483
09-10 06:06:52.747 27483 31346 I WiVRn   : [2026-09-10 06:06:52.747] [WiVRn] [info] Tracking pattern (11111µs):
09-10 06:06:52.747 27483 31346 I WiVRn   : [2026-09-10 06:06:52.747] [WiVRn] [info] 	t+3323µs HEAD (7787µs)
09-10 06:06:52.747 27483 31346 I WiVRn   : [2026-09-10 06:06:52.747] [WiVRn] [info] 	t+3357µs LEFT_GRIP (7753µs)
09-10 06:06:52.747 27483 31346 I WiVRn   : [2026-09-10 06:06:52.747] [WiVRn] [info] 	t+3362µs RIGHT_GRIP (7748µs)
09-10 06:06:52.747 27483 31346 I WiVRn   : [2026-09-10 06:06:52.747] [WiVRn] [info] 	t+6323µs HEAD (4787µs)
09-10 06:06:52.747 27483 31346 I WiVRn   : [2026-09-10 06:06:52.747] [WiVRn] [info] 	t+6357µs LEFT_GRIP (4753µs)
09-10 06:06:52.747 27483 31346 I WiVRn   : [2026-09-10 06:06:52.747] [WiVRn] [info] 	t+6362µs RIGHT_GRIP (4748µs)
09-10 06:06:53.281 27483 31302 I PxrMetric: FPS=90/90,MTP=30.32ms,AppSW=off,FrmEarly=0,FrmLate=0,FrmCpu=0.51ms,FrmGpu=7.52ms,FrmTime=15.57ms,ATWGPU=1.62ms,VsyncDelay=2,GPU=81%/587Mhz,GPUTemp=76.4C,LayerCnt=3,Pkg=org.meumeu.wivrn.nx.warp,FrmId=10568
09-10 06:06:53.361 27483 31306 I WiVRn   : [2026-09-10 06:06:53.361] [WiVRn] [info] render: 180 iterations in 2.0 s (90.0/s), 180 submitted a layer, 180 new-source, 0 skipped by the repeat gate, 0 with nothing to show; display period 11.1 ms
09-10 06:06:53.361 27483 31306 I WiVRn   : [2026-09-10 06:06:53.361] [WiVRn] [info] render: ready wait attempts 0 success 0 total 0.000 ms | selected older than available 0
09-10 06:06:53.361 27483 31306 I WiVRn   : [2026-09-10 06:06:53.361] [WiVRn] [info] render: selected source transitions forward 180 backward 0 repeat 0, greatest forward gap 1
09-10 06:06:53.361 27483 31306 I WiVRn   : [2026-09-10 06:06:53.361] [WiVRn] [info] render: this app's own GPU pass 3.8 ms per iteration
09-10 06:06:53.361 27483 31306 I WiVRn   : [2026-09-10 06:06:53.361] [WiVRn] [info] render: defoveate 2160x2160 per eye x2 = 9.33 Mpx/frame at scale 1.00 atlas-prototype 0; 0 re-presented from the cache (reduce_gpu_load on)
09-10 06:06:53.361 27483 31306 I WiVRn   : [2026-09-10 06:06:53.361] [WiVRn] [info] render: shader path sharpness 0.00 fsr false alpha false motion false blend false glow 0.00 vignette 0.00 deband 0.00 lowpoly 0.00 levels 0 full-kernel false
09-10 06:06:53.361 27483 31306 I WiVRn   : [2026-09-10 06:06:53.361] [WiVRn] [info] render: per iteration fence 0.0 (worst 0.0) | queries 0.0 | submit 0.0 | whole render() 0.6 ms
09-10 06:06:53.361 27483 31306 I WiVRn   : [2026-09-10 06:06:53.361] [WiVRn] [info] render: jit on | wake slack 38.1 ms | slept 7.5 ms mean (max 7.5, 180 of 180 iterations) | budget 1.9 = pass 0.9 + margin 1.0 | sleep cap 7.5 ms
09-10 06:06:53.361 27483 31306 I WiVRn   : [2026-09-10 06:06:53.361] [WiVRn] [info] render: source display-time offset 52.9 ms mean (worst 53.1) over 180 frames | submit lead 29.9 ms mean (worst 29.0) | misses: 0 overrun 0 late 0 skipped refresh
09-10 06:06:53.398 27483 31344 I WiVRn   : [2026-09-10 06:06:53.398] [WiVRn] [info] nxwarp[0]: 180 frames in 2.0 s: 128054 B/frame, wait-prev 0.0 ms, wall 6.6 ms, nxvc passA 1.6 passB 3.4 gpu 5.0 ms; holes 0, refused 0
09-10 06:06:53.398 27483 31344 I WiVRn   : [2026-09-10 06:06:53.398] [WiVRn] [info] nxwarp[0] gpu duty 449 ms/s (45% of one GPU) for decode alone; the display pass is extra
09-10 06:06:53.398 27483 31344 I WiVRn   : [2026-09-10 06:06:53.398] [WiVRn] [info] nxwarp[0] passB 3.4 ms = warp 0.0 + skip 0.0 + coded 0.0 + dir 0.0 + other 3.4; tiles skip 0 / coded 2312 / dir 0 (eye pass 0)
09-10 06:06:53.398 27483 31344 I WiVRn   : [2026-09-10 06:06:53.398] [WiVRn] [info] nxwarp[0]: 102 frames dropped late (queue kept to 1)
09-10 06:06:53.398 27483 31344 I WiVRn   : [2026-09-10 06:06:53.398] [WiVRn] [info] nxwarp[0] stage: gap 4.5 | wait-prev 0.0 | submit 1.0 (qlock 0.0 + codec 1.0) | get_free 0.0 | fence-pre 0.0 | record 0.0 | qsubmit 0.0 | fence-post 5.6 | publish 0.0 ms; withheld 0, stride 1, arrival 11.0 ms
09-10 06:06:53.398 27483 31344 I WiVRn   : [2026-09-10 06:06:53.398] [WiVRn] [info] nxwarp[0] reassembly (network thread): 0.08 ms/frame over 180 frames, buffer 125 kB held for 125 kB of unit (1.0x)
09-10 06:06:53.398 27483 31344 I WiVRn   : [2026-09-10 06:06:53.398] [WiVRn] [info] nxwarp[0] fence-post 5.6 ms = nxvc gpu 5.0 + copy gpu 0.00 + queue 0.6 (over 180 frames with timestamps)
09-10 06:06:53.747 27483 31346 I WiVRn   : [2026-09-10 06:06:53.747] [WiVRn] [info] Tracking pattern (11110µs):
09-10 06:06:53.747 27483 31346 I WiVRn   : [2026-09-10 06:06:53.747] [WiVRn] [info] 	t+3669µs HEAD (7440µs)
09-10 06:06:53.747 27483 31346 I WiVRn   : [2026-09-10 06:06:53.747] [WiVRn] [info] 	t+3819µs LEFT_GRIP (7291µs)
09-10 06:06:53.747 27483 31346 I WiVRn   : [2026-09-10 06:06:53.747] [WiVRn] [info] 	t+3829µs RIGHT_GRIP (7280µs)
09-10 06:06:53.747 27483 31346 I WiVRn   : [2026-09-10 06:06:53.747] [WiVRn] [info] 	t+6669µs HEAD (4440µs)
09-10 06:06:53.747 27483 31346 I WiVRn   : [2026-09-10 06:06:53.747] [WiVRn] [info] 	t+6819µs LEFT_GRIP (4291µs)
09-10 06:06:53.747 27483 31346 I WiVRn   : [2026-09-10 06:06:53.747] [WiVRn] [info] 	t+6829µs RIGHT_GRIP (4280µs)
09-10 06:06:54.290 27483 31302 I PxrMetric: FPS=90/90,MTP=29.26ms,AppSW=off,FrmEarly=0,FrmLate=0,FrmCpu=0.51ms,FrmGpu=6.50ms,FrmTime=14.55ms,ATWGPU=1.60ms,VsyncDelay=2,GPU=90%/587Mhz,GPUTemp=75.2C,LayerCnt=3,Pkg=org.meumeu.wivrn.nx.warp,FrmId=10659
09-10 06:06:54.669 27483 31340 I WiVRn   : [2026-09-10 06:06:54.669] [WiVRn] [info] nxwarp[0] net: 181 frames closed in 2.0 s, 0 with a hole, 0 out-of-order datagrams, 0 frames completed late, 0 queued for the worker, 10324 decoded so far, 10582 stragglers dropped; last hole 0/0 chunks, first missing -1, short false, chunk 1166 B
09-10 06:06:54.669 27483 31340 I WiVRn   : [2026-09-10 06:06:54.669] [WiVRn] [info] nxwarp[0] net: 0.028 ms per datagram over 30662 datagrams (429.89 ms of every second)
09-10 06:06:54.669 27483 31340 I WiVRn   : [2026-09-10 06:06:54.669] [WiVRn] [info] nxwarp[0] sel: stride 1, arrival 11.0 ms, dropped-late 102, withheld 0, decoded 10324
09-10 06:06:54.669 27483 31340 I WiVRn   : [2026-09-10 06:06:54.669] [WiVRn] [info] nxwarp[0] rx: 1725652 datagrams, placed 19898418 (+418472), late 245146 (+2130), stale_frame 0, bad_range 0, bad_dir 0, bad_caps 0, bad_ver 0, auth_fail 0, replay 0, frozen 0, dup 483
09-10 06:06:54.747 27483 31346 I WiVRn   : [2026-09-10 06:06:54.747] [WiVRn] [info] Tracking pattern (11110µs):
09-10 06:06:54.747 27483 31346 I WiVRn   : [2026-09-10 06:06:54.747] [WiVRn] [info] 	t+3265µs HEAD (7844µs)
09-10 06:06:54.747 27483 31346 I WiVRn   : [2026-09-10 06:06:54.747] [WiVRn] [info] 	t+3307µs LEFT_GRIP (7803µs)
09-10 06:06:54.747 27483 31346 I WiVRn   : [2026-09-10 06:06:54.747] [WiVRn] [info] 	t+3314µs RIGHT_GRIP (7796µs)
09-10 06:06:54.747 27483 31346 I WiVRn   : [2026-09-10 06:06:54.747] [WiVRn] [info] 	t+6265µs HEAD (4844µs)
09-10 06:06:54.747 27483 31346 I WiVRn   : [2026-09-10 06:06:54.747] [WiVRn] [info] 	t+6307µs LEFT_GRIP (4803µs)
09-10 06:06:54.747 27483 31346 I WiVRn   : [2026-09-10 06:06:54.747] [WiVRn] [info] 	t+6314µs RIGHT_GRIP (4796µs)
09-10 06:06:55.302 27483 31302 I PxrMetric: FPS=90/90,MTP=26.18ms,AppSW=off,FrmEarly=0,FrmLate=0,FrmCpu=0.59ms,FrmGpu=3.11ms,FrmTime=11.24ms,ATWGPU=1.60ms,VsyncDelay=1,GPU=79%/587Mhz,GPUTemp=74.0C,LayerCnt=3,Pkg=org.meumeu.wivrn.nx.warp,FrmId=10750
09-10 06:06:55.365 27483 31306 I WiVRn   : [2026-09-10 06:06:55.365] [WiVRn] [info] render: 180 iterations in 2.0 s (89.8/s), 180 submitted a layer, 172 new-source, 0 skipped by the repeat gate, 0 with nothing to show; display period 11.1 ms
09-10 06:06:55.365 27483 31306 I WiVRn   : [2026-09-10 06:06:55.365] [WiVRn] [info] render: ready wait attempts 17 success 9 total 13.307 ms | selected older than available 0
09-10 06:06:55.365 27483 31306 I WiVRn   : [2026-09-10 06:06:55.365] [WiVRn] [info] render: selected source transitions forward 172 backward 0 repeat 8, greatest forward gap 2
09-10 06:06:55.365 27483 31306 I WiVRn   : [2026-09-10 06:06:55.365] [WiVRn] [info] render: this app's own GPU pass 3.4 ms per iteration
09-10 06:06:55.365 27483 31306 I WiVRn   : [2026-09-10 06:06:55.365] [WiVRn] [info] render: defoveate 2160x2160 per eye x2 = 9.33 Mpx/frame at scale 1.00 atlas-prototype 0; 8 re-presented from the cache (reduce_gpu_load on)
09-10 06:06:55.365 27483 31306 I WiVRn   : [2026-09-10 06:06:55.365] [WiVRn] [info] render: shader path sharpness 0.00 fsr false alpha false motion false blend false glow 0.00 vignette 0.00 deband 0.00 lowpoly 0.00 levels 0 full-kernel false
09-10 06:06:55.365 27483 31306 I WiVRn   : [2026-09-10 06:06:55.365] [WiVRn] [info] render: per iteration fence 0.0 (worst 0.1) | queries 0.0 | submit 0.0 | whole render() 0.7 ms
09-10 06:06:55.365 27483 31306 I WiVRn   : [2026-09-10 06:06:55.365] [WiVRn] [info] render: jit on | wake slack 36.6 ms | slept 7.5 ms mean (max 7.5, 180 of 180 iterations) | budget 2.6 = pass 1.6 + margin 1.0 | sleep cap 7.5 ms
09-10 06:06:55.365 27483 31306 I WiVRn   : [2026-09-10 06:06:55.365] [WiVRn] [info] render: source display-time offset 50.6 ms mean (worst 52.8) over 180 frames | submit lead 28.4 ms mean (worst 25.1) | misses: 0 overrun 0 late 0 skipped refresh
09-10 06:06:55.410 27483 31344 I WiVRn   : [2026-09-10 06:06:55.410] [WiVRn] [info] nxwarp[0]: 181 frames in 2.0 s: 122776 B/frame, wait-prev 0.0 ms, wall 6.1 ms, nxvc passA 1.4 passB 3.4 gpu 4.8 ms; holes 0, refused 0
09-10 06:06:55.410 27483 31344 I WiVRn   : [2026-09-10 06:06:55.410] [WiVRn] [info] nxwarp[0] gpu duty 432 ms/s (43% of one GPU) for decode alone; the display pass is extra
09-10 06:06:55.410 27483 31344 I WiVRn   : [2026-09-10 06:06:55.410] [WiVRn] [info] nxwarp[0] passB 3.4 ms = warp 0.0 + skip 0.0 + coded 0.0 + dir 0.0 + other 3.4; tiles skip 0 / coded 2312 / dir 0 (eye pass 0)
09-10 06:06:55.410 27483 31344 I WiVRn   : [2026-09-10 06:06:55.410] [WiVRn] [info] nxwarp[0]: 102 frames dropped late (queue kept to 1)
09-10 06:06:55.410 27483 31344 I WiVRn   : [2026-09-10 06:06:55.410] [WiVRn] [info] nxwarp[0] stage: gap 5.0 | wait-prev 0.0 | submit 1.0 (qlock 0.0 + codec 1.0) | get_free 0.0 | fence-pre 0.0 | record 0.0 | qsubmit 0.0 | fence-post 5.1 | publish 0.0 ms; withheld 0, stride 1, arrival 11.4 ms
09-10 06:06:55.410 27483 31344 I WiVRn   : [2026-09-10 06:06:55.410] [WiVRn] [info] nxwarp[0] reassembly (network thread): 0.08 ms/frame over 181 frames, buffer 120 kB held for 120 kB of unit (1.0x)
09-10 06:06:55.410 27483 31344 I WiVRn   : [2026-09-10 06:06:55.410] [WiVRn] [info] nxwarp[0] fence-post 5.1 ms = nxvc gpu 4.8 + copy gpu 0.00 + queue 0.3 (over 181 frames with timestamps)
09-10 06:06:55.747 27483 31346 I WiVRn   : [2026-09-10 06:06:55.747] [WiVRn] [info] Tracking pattern (11113µs):
09-10 06:06:55.747 27483 31346 I WiVRn   : [2026-09-10 06:06:55.747] [WiVRn] [info] 	t+3115µs HEAD (7998µs)
09-10 06:06:55.747 27483 31346 I WiVRn   : [2026-09-10 06:06:55.747] [WiVRn] [info] 	t+3167µs LEFT_GRIP (7945µs)
09-10 06:06:55.747 27483 31346 I WiVRn   : [2026-09-10 06:06:55.747] [WiVRn] [info] 	t+3172µs RIGHT_GRIP (7940µs)
09-10 06:06:55.747 27483 31346 I WiVRn   : [2026-09-10 06:06:55.747] [WiVRn] [info] 	t+6115µs HEAD (4998µs)
09-10 06:06:55.747 27483 31346 I WiVRn   : [2026-09-10 06:06:55.747] [WiVRn] [info] 	t+6167µs LEFT_GRIP (4945µs)
09-10 06:06:55.747 27483 31346 I WiVRn   : [2026-09-10 06:06:55.747] [WiVRn] [info] 	t+6172µs RIGHT_GRIP (4940µs)
09-10 06:06:56.313 27483 31302 I PxrMetric: FPS=90/90,MTP=26.23ms,AppSW=off,FrmEarly=0,FrmLate=0,FrmCpu=0.75ms,FrmGpu=3.23ms,FrmTime=11.52ms,ATWGPU=1.60ms,VsyncDelay=1,GPU=87%/587Mhz,GPUTemp=74.8C,LayerCnt=3,Pkg=org.meumeu.wivrn.nx.warp,FrmId=10841
09-10 06:06:56.669 27483 31340 I WiVRn   : [2026-09-10 06:06:56.669] [WiVRn] [info] nxwarp[0] net: 180 frames closed in 2.0 s, 0 with a hole, 0 out-of-order datagrams, 0 frames completed late, 0 queued for the worker, 10504 decoded so far, 10762 stragglers dropped; last hole 0/0 chunks, first missing -1, short false, chunk 1166 B
09-10 06:06:56.669 27483 31340 I WiVRn   : [2026-09-10 06:06:56.669] [WiVRn] [info] nxwarp[0] net: 0.030 ms per datagram over 28615 datagrams (427.10 ms of every second)
09-10 06:06:56.669 27483 31340 I WiVRn   : [2026-09-10 06:06:56.669] [WiVRn] [info] nxwarp[0] sel: stride 1, arrival 11.0 ms, dropped-late 102, withheld 0, decoded 10504
09-10 06:06:56.669 27483 31340 I WiVRn   : [2026-09-10 06:06:56.669] [WiVRn] [info] nxwarp[0] rx: 1754267 datagrams, placed 20314578 (+416160), late 246482 (+1336), stale_frame 0, bad_range 0, bad_dir 0, bad_caps 0, bad_ver 0, auth_fail 0, replay 0, frozen 0, dup 485
09-10 06:06:56.747 27483 31346 I WiVRn   : [2026-09-10 06:06:56.747] [WiVRn] [info] Tracking pattern (11111µs):
09-10 06:06:56.747 27483 31346 I WiVRn   : [2026-09-10 06:06:56.747] [WiVRn] [info] 	t+2811µs HEAD (8299µs)
09-10 06:06:56.747 27483 31346 I WiVRn   : [2026-09-10 06:06:56.747] [WiVRn] [info] 	t+2856µs LEFT_GRIP (8255µs)
09-10 06:06:56.747 27483 31346 I WiVRn   : [2026-09-10 06:06:56.747] [WiVRn] [info] 	t+2863µs RIGHT_GRIP (8247µs)
09-10 06:06:56.747 27483 31346 I WiVRn   : [2026-09-10 06:06:56.747] [WiVRn] [info] 	t+5811µs HEAD (5299µs)
09-10 06:06:56.747 27483 31346 I WiVRn   : [2026-09-10 06:06:56.747] [WiVRn] [info] 	t+5856µs LEFT_GRIP (5255µs)
09-10 06:06:56.747 27483 31346 I WiVRn   : [2026-09-10 06:06:56.747] [WiVRn] [info] 	t+5863µs RIGHT_GRIP (5247µs)
09-10 06:06:57.313 27483 31302 I PxrMetric: FPS=90/90,MTP=25.61ms,AppSW=off,FrmEarly=0,FrmLate=0,FrmCpu=0.61ms,FrmGpu=3.19ms,FrmTime=11.34ms,ATWGPU=1.61ms,VsyncDelay=1,GPU=82%/587Mhz,GPUTemp=75.6C,LayerCnt=3,Pkg=org.meumeu.wivrn.nx.warp,FrmId=10931
09-10 06:06:57.366 27483 31306 I WiVRn   : [2026-09-10 06:06:57.366] [WiVRn] [info] render: 180 iterations in 2.0 s (90.0/s), 180 submitted a layer, 165 new-source, 0 skipped by the repeat gate, 0 with nothing to show; display period 11.1 ms
09-10 06:06:57.366 27483 31306 I WiVRn   : [2026-09-10 06:06:57.366] [WiVRn] [info] render: ready wait attempts 63 success 48 total 37.313 ms | selected older than available 0
09-10 06:06:57.366 27483 31306 I WiVRn   : [2026-09-10 06:06:57.366] [WiVRn] [info] render: selected source transitions forward 165 backward 0 repeat 15, greatest forward gap 2
09-10 06:06:57.366 27483 31306 I WiVRn   : [2026-09-10 06:06:57.366] [WiVRn] [info] render: this app's own GPU pass 3.0 ms per iteration
09-10 06:06:57.366 27483 31306 I WiVRn   : [2026-09-10 06:06:57.366] [WiVRn] [info] render: defoveate 2160x2160 per eye x2 = 9.33 Mpx/frame at scale 1.00 atlas-prototype 0; 15 re-presented from the cache (reduce_gpu_load on)
09-10 06:06:57.366 27483 31306 I WiVRn   : [2026-09-10 06:06:57.366] [WiVRn] [info] render: shader path sharpness 0.00 fsr false alpha false motion false blend false glow 0.00 vignette 0.00 deband 0.00 lowpoly 0.00 levels 0 full-kernel false
09-10 06:06:57.366 27483 31306 I WiVRn   : [2026-09-10 06:06:57.366] [WiVRn] [info] render: per iteration fence 0.0 (worst 0.0) | queries 0.0 | submit 0.0 | whole render() 0.9 ms
09-10 06:06:57.366 27483 31306 I WiVRn   : [2026-09-10 06:06:57.366] [WiVRn] [info] render: jit on | wake slack 34.0 ms | slept 7.5 ms mean (max 7.5, 180 of 180 iterations) | budget 2.4 = pass 1.4 + margin 1.0 | sleep cap 7.5 ms
09-10 06:06:57.366 27483 31306 I WiVRn   : [2026-09-10 06:06:57.366] [WiVRn] [info] render: source display-time offset 43.3 ms mean (worst 52.6) over 180 frames | submit lead 25.6 ms mean (worst 24.5) | misses: 0 overrun 0 late 0 skipped refresh
09-10 06:06:57.421 27483 31344 I WiVRn   : [2026-09-10 06:06:57.421] [WiVRn] [info] nxwarp[0]: 181 frames in 2.0 s: 124526 B/frame, wait-prev 0.0 ms, wall 5.9 ms, nxvc passA 1.4 passB 3.2 gpu 4.7 ms; holes 0, refused 0
09-10 06:06:57.421 27483 31344 I WiVRn   : [2026-09-10 06:06:57.421] [WiVRn] [info] nxwarp[0] gpu duty 420 ms/s (42% of one GPU) for decode alone; the display pass is extra
09-10 06:06:57.421 27483 31344 I WiVRn   : [2026-09-10 06:06:57.421] [WiVRn] [info] nxwarp[0] passB 3.2 ms = warp 0.0 + skip 0.0 + coded 0.0 + dir 0.0 + other 3.2; tiles skip 0 / coded 2312 / dir 0 (eye pass 0)
09-10 06:06:57.421 27483 31344 I WiVRn   : [2026-09-10 06:06:57.421] [WiVRn] [info] nxwarp[0]: 102 frames dropped late (queue kept to 1)
09-10 06:06:57.421 27483 31344 I WiVRn   : [2026-09-10 06:06:57.421] [WiVRn] [info] nxwarp[0] stage: gap 5.2 | wait-prev 0.0 | submit 1.0 (qlock 0.0 + codec 1.0) | get_free 0.0 | fence-pre 0.0 | record 0.0 | qsubmit 0.0 | fence-post 4.9 | publish 0.0 ms; withheld 0, stride 1, arrival 11.2 ms
09-10 06:06:57.421 27483 31344 I WiVRn   : [2026-09-10 06:06:57.421] [WiVRn] [info] nxwarp[0] reassembly (network thread): 0.09 ms/frame over 181 frames, buffer 122 kB held for 122 kB of unit (1.0x)
09-10 06:06:57.421 27483 31344 I WiVRn   : [2026-09-10 06:06:57.421] [WiVRn] [info] nxwarp[0] fence-post 4.9 ms = nxvc gpu 4.7 + copy gpu 0.00 + queue 0.2 (over 181 frames with timestamps)
09-10 06:06:57.747 27483 31346 I WiVRn   : [2026-09-10 06:06:57.747] [WiVRn] [info] Tracking pattern (11111µs):
09-10 06:06:57.747 27483 31346 I WiVRn   : [2026-09-10 06:06:57.747] [WiVRn] [info] 	t+2541µs HEAD (8570µs)
09-10 06:06:57.747 27483 31346 I WiVRn   : [2026-09-10 06:06:57.747] [WiVRn] [info] 	t+2705µs LEFT_GRIP (8406µs)
09-10 06:06:57.747 27483 31346 I WiVRn   : [2026-09-10 06:06:57.747] [WiVRn] [info] 	t+2716µs RIGHT_GRIP (8395µs)
09-10 06:06:57.747 27483 31346 I WiVRn   : [2026-09-10 06:06:57.747] [WiVRn] [info] 	t+5541µs HEAD (5570µs)
09-10 06:06:57.747 27483 31346 I WiVRn   : [2026-09-10 06:06:57.747] [WiVRn] [info] 	t+5705µs LEFT_GRIP (5406µs)
09-10 06:06:57.747 27483 31346 I WiVRn   : [2026-09-10 06:06:57.747] [WiVRn] [info] 	t+5716µs RIGHT_GRIP (5395µs)
