scenario,frame,bitrate_bps,wire_ns,estimate_bps
clean-rise,0,20400001,4722166,24000002
clean-rise,1,20400001,4722166,24000002
clean-rise,2,20400001,4722166,24000002
clean-rise,3,20400001,4722166,24000002
clean-rise,4,20400001,4722166,24000002
clean-rise,5,20400001,4722166,24000002
clean-rise,6,20400001,4722166,24000002
clean-rise,7,20400001,4722166,24000002
clean-rise,8,20400001,4722166,24000002
clean-rise,9,20400001,4722166,24000002
clean-rise,10,20400001,4722166,24000002
clean-rise,11,20400001,4722166,24000002
clean-rise,12,20400001,4722166,24000002
clean-rise,13,20400001,4722166,24000002
clean-rise,14,20400001,4722166,24000002
clean-rise,15,20400001,4722166,24000002
clean-rise,16,20400001,4722166,48000006
clean-rise,17,20400001,4722166,48000006
clean-rise,18,20400001,4722166,48000006
clean-rise,19,20400001,4722166,48000006
clean-rise,20,20400001,4722166,48000006
clean-rise,21,20400001,4722166,48000006
clean-rise,22,20400001,4722166,48000006
clean-rise,23,20400001,4722166,48000006
clean-rise,24,20400001,4722166,48000006
clean-rise,25,20400001,4722166,48000006
clean-rise,26,20400001,4722166,48000006
clean-rise,27,20400001,4722166,48000006
clean-rise,28,20400001,4722166,48000006
clean-rise,29,20400001,4722166,48000006
clean-rise,30,20400001,4722166,48000006
clean-rise,31,20400001,4722166,48000006
clean-rise,32,20400001,4722166,48000006
clean-rise,33,40800005,4722166,48000006
clean-rise,34,40800005,9444333,48000006
clean-rise,35,40800005,9444333,48000006
clean-rise,36,40800005,9444333,48000006
clean-rise,37,40800005,9444333,48000006
clean-rise,38,40800005,9444333,48000006
clean-rise,39,40800005,9444333,48000006
clean-rise,40,40800005,9444333,48000006
clean-rise,41,40800005,9444333,48000006
clean-rise,42,40800005,9444333,48000006
clean-rise,43,40800005,9444333,48000006
clean-rise,44,40800005,9444333,48000006
clean-rise,45,40800005,9444333,48000006
clean-rise,46,40800005,9444333,48000006
clean-rise,47,40800005,9444333,48000006
clean-rise,48,40800005,9444333,48000006
clean-rise,49,40800005,9444333,48000006
clean-rise,50,40800005,9444333,48000006
clean-rise,51,40800005,9444333,48000006
clean-rise,52,40800005,9444333,48000006
clean-rise,53,40800005,9444333,48000006
clean-rise,54,40800005,9444333,48000006
clean-rise,55,40800005,9444333,48000006
clean-rise,56,40800005,9444333,48000006
clean-rise,57,40800005,9444333,48000006
clean-rise,58,40800005,9444333,48000006
clean-rise,59,40800005,9444333,48000006
clean-rise,60,40800005,9444333,48000006
clean-rise,61,40800005,9444333,48000006
clean-rise,62,40800005,9444333,48000006
clean-rise,63,40800005,9444333,48000006
clean-rise,64,40800005,9444333,48000006
clean-rise,65,40800005,9444333,48000006
clean-rise,66,40800005,9444333,48000006
clean-rise,67,40800005,9444333,48000006
clean-rise,68,40800005,9444333,48000006
clean-rise,69,40800005,9444333,48000006
clean-rise,70,40800005,9444333,48000006
clean-rise,71,40800005,9444333,48000006
clean-rise,72,40800005,9444333,48000006
clean-rise,73,40800005,9444333,48000006
clean-rise,74,40800005,9444333,48000006
clean-rise,75,40800005,9444333,48000006
clean-rise,76,40800005,9444333,48000006
clean-rise,77,40800005,9444333,48000006
clean-rise,78,40800005,9444333,48000006
clean-rise,79,40800005,9444333,48000006
clean-rise,80,40800005,9444333,48000006
clean-rise,81,40800005,9444333,48000006
clean-rise,82,40800005,9444333,48000006
clean-rise,83,40800005,9444333,48000006
clean-rise,84,40800005,9444333,48000006
clean-rise,85,40800005,9444333,48000006
clean-rise,86,40800005,9444333,48000006
clean-rise,87,40800005,9444333,48000006
clean-rise,88,40800005,9444333,48000006
clean-rise,89,40800005,9444333,48000006
clean-rise,90,40800005,9444333,48000006
clean-rise,91,40800005,9444333,48000006
clean-rise,92,40800005,9444333,48000006
clean-rise,93,40800005,9444333,48000006
clean-rise,94,40800005,9444333,48000006
clean-rise,95,40800005,9444333,48000006
clean-rise,96,40800005,9444333,48000006
clean-rise,97,40800005,9444333,48000006
clean-rise,98,40800005,9444333,48000006
clean-rise,99,40800005,9444333,48000006
clean-rise,100,40800005,9444333,48000006
clean-rise,101,40800005,9444333,48000006
clean-rise,102,40800005,9444333,48000006
clean-rise,103,40800005,9444333,48000006
clean-rise,104,40800005,9444333,48000006
clean-rise,105,40800005,9444333,48000006
clean-rise,106,40800005,9444333,48000006
clean-rise,107,40800005,9444333,48000006
clean-rise,108,40800005,9444333,48000006
clean-rise,109,40800005,9444333,48000006
clean-rise,110,40800005,9444333,48000006
clean-rise,111,40800005,9444333,48000006
clean-rise,112,40800005,9444333,48000006
clean-rise,113,40800005,9444333,48000006
clean-rise,114,40800005,9444333,48000006
clean-rise,115,40800005,9444333,48000006
clean-rise,116,40800005,9444333,48000006
clean-rise,117,40800005,9444333,48000006
clean-rise,118,40800005,9444333,48000006
clean-rise,119,40800005,9444333,48000006
clean-rise,120,40800005,9444333,48000006
clean-rise,121,40800005,9444333,48000006
clean-rise,122,40800005,9444333,48000006
clean-rise,123,40800005,9444333,48000006
clean-rise,124,40800005,9444333,48000006
clean-rise,125,40800005,9444333,48000006
clean-rise,126,40800005,9444333,48000006
clean-rise,127,40800005,9444333,48000006
clean-rise,128,40800005,9444333,48000006
clean-rise,129,40800005,9444333,48000006
clean-rise,130,40800005,9444333,48000006
clean-rise,131,40800005,9444333,48000006
clean-rise,132,40800005,9444333,48000006
clean-rise,133,40800005,9444333,48000006
clean-rise,134,40800005,9444333,48000006
clean-rise,135,40800005,9444333,48000006
clean-rise,136,40800005,9444333,48000006
clean-rise,137,40800005,9444333,48000006
clean-rise,138,40800005,9444333,48000006
clean-rise,139,40800005,9444333,48000006
clean-rise,140,40800005,9444333,48000006
clean-rise,141,40800005,9444333,48000006
clean-rise,142,40800005,9444333,48000006
clean-rise,143,40800005,9444333,48000006
clean-rise,144,40800005,9444333,48000006
clean-rise,145,40800005,9444333,48000006
clean-rise,146,40800005,9444333,48000006
clean-rise,147,40800005,9444333,48000006
clean-rise,148,40800005,9444333,48000006
clean-rise,149,40800005,9444333,48000006
clean-rise,150,40800005,9444333,48000006
clean-rise,151,40800005,9444333,48000006
clean-rise,152,40800005,9444333,48000006
clean-rise,153,40800005,9444333,48000006
clean-rise,154,40800005,9444333,48000006
clean-rise,155,40800005,9444333,48000006
clean-rise,156,40800005,9444333,48000006
clean-rise,157,40800005,9444333,48000006
clean-rise,158,40800005,9444333,48000006
clean-rise,159,40800005,9444333,48000006
clean-rise,160,40800005,9444333,48000006
clean-rise,161,40800005,9444333,48000006
clean-rise,162,40800005,9444333,48000006
clean-rise,163,40800005,9444333,48000006
clean-rise,164,40800005,9444333,48000006
clean-rise,165,40800005,9444333,48000006
clean-rise,166,40800005,9444333,48000006
clean-rise,167,40800005,9444333,48000006
clean-rise,168,40800005,9444333,48000006
clean-rise,169,40800005,9444333,48000006
clean-rise,170,40800005,9444333,48000006
clean-rise,171,40800005,9444333,48000006
clean-rise,172,40800005,9444333,48000006
clean-rise,173,40800005,9444333,48000006
clean-rise,174,40800005,9444333,48000006
clean-rise,175,40800005,9444333,48000006
clean-rise,176,40800005,9444333,48000006
clean-rise,177,40800005,9444333,48000006
clean-rise,178,40800005,9444333,48000006
clean-rise,179,40800005,9444333,48000006
clean-rise,180,40800005,9444333,48000006
clean-rise,181,40800005,9444333,48000006
clean-rise,182,40800005,9444333,48000006
clean-rise,183,40800005,9444333,48000006
clean-rise,184,40800005,9444333,48000006
clean-rise,185,40800005,9444333,48000006
clean-rise,186,40800005,9444333,48000006
clean-rise,187,40800005,9444333,48000006
clean-rise,188,40800005,9444333,48000006
clean-rise,189,40800005,9444333,48000006
clean-rise,190,40800005,9444333,48000006
clean-rise,191,40800005,9444333,48000006
clean-rise,192,40800005,9444333,48000006
clean-rise,193,40800005,9444333,48000006
clean-rise,194,40800005,9444333,48000006
clean-rise,195,40800005,9444333,48000006
clean-rise,196,40800005,9444333,48000006
clean-rise,197,40800005,9444333,48000006
clean-rise,198,40800005,9444333,48000006
clean-rise,199,40800005,9444333,48000006
clean-rise,200,40800005,9444333,48000006
clean-rise,201,40800005,9444333,48000006
clean-rise,202,40800005,9444333,48000006
clean-rise,203,40800005,9444333,48000006
clean-rise,204,40800005,9444333,48000006
clean-rise,205,40800005,9444333,48000006
clean-rise,206,40800005,9444333,48000006
clean-rise,207,40800005,9444333,48000006
clean-rise,208,40800005,9444333,48000006
clean-rise,209,40800005,9444333,48000006
clean-rise,210,40800005,9444333,48000006
clean-rise,211,40800005,9444333,48000006
clean-rise,212,40800005,9444333,48000006
clean-rise,213,40800005,9444333,48000006
clean-rise,214,40800005,9444333,48000006
clean-rise,215,40800005,9444333,48000006
clean-rise,216,40800005,9444333,48000006
clean-rise,217,40800005,9444333,48000006
clean-rise,218,40800005,9444333,48000006
clean-rise,219,40800005,9444333,48000006
clean-rise,220,40800005,9444333,48000006
clean-rise,221,40800005,9444333,48000006
clean-rise,222,40800005,9444333,48000006
clean-rise,223,40800005,9444333,48000006
clean-rise,224,40800005,9444333,48000006
clean-rise,225,40800005,9444333,48000006
clean-rise,226,40800005,9444333,48000006
clean-rise,227,40800005,9444333,48000006
clean-rise,228,40800005,9444333,48000006
clean-rise,229,40800005,9444333,48000006
clean-rise,230,40800005,9444333,48000006
clean-rise,231,40800005,9444333,48000006
clean-rise,232,40800005,9444333,48000006
clean-rise,233,40800005,9444333,48000006
clean-rise,234,40800005,9444333,48000006
clean-rise,235,40800005,9444333,48000006
clean-rise,236,40800005,9444333,48000006
clean-rise,237,40800005,9444333,48000006
clean-rise,238,40800005,9444333,48000006
clean-rise,239,40800005,9444333,48000006
clean-rise,240,40800005,9444333,48000006
clean-rise,241,40800005,9444333,48000006
clean-rise,242,40800005,9444333,48000006
clean-rise,243,40800005,9444333,48000006
clean-rise,244,40800005,9444333,48000006
clean-rise,245,40800005,9444333,48000006
clean-rise,246,40800005,9444333,48000006
clean-rise,247,40800005,9444333,48000006
clean-rise,248,40800005,9444333,48000006
clean-rise,249,40800005,9444333,48000006
clean-rise,250,40800005,9444333,48000006
clean-rise,251,40800005,9444333,48000006
clean-rise,252,40800005,9444333,48000006
clean-rise,253,40800005,9444333,48000006
clean-rise,254,40800005,9444333,48000006
clean-rise,255,40800005,9444333,48000006
clean-rise,256,40800005,9444333,48000006
clean-rise,257,40800005,9444333,48000006
clean-rise,258,40800005,9444333,48000006
clean-rise,259,40800005,9444333,48000006
clean-rise,260,40800005,9444333,48000006
clean-rise,261,40800005,9444333,48000006
clean-rise,262,40800005,9444333,48000006
clean-rise,263,40800005,9444333,48000006
clean-rise,264,40800005,9444333,48000006
clean-rise,265,40800005,9444333,48000006
clean-rise,266,40800005,9444333,48000006
clean-rise,267,40800005,9444333,48000006
clean-rise,268,40800005,9444333,48000006
clean-rise,269,40800005,9444333,48000006
clean-rise,270,40800005,9444333,48000006
clean-rise,271,40800005,9444333,48000006
clean-rise,272,40800005,9444333,48000006
clean-rise,273,40800005,9444333,48000006
clean-rise,274,40800005,9444333,48000006
clean-rise,275,40800005,9444333,48000006
clean-rise,276,40800005,9444333,48000006
clean-rise,277,40800005,9444333,48000006
clean-rise,278,40800005,9444333,48000006
clean-rise,279,40800005,9444333,48000006
clean-rise,280,40800005,9444333,48000006
clean-rise,281,40800005,9444333,48000006
clean-rise,282,40800005,9444333,48000006
clean-rise,283,40800005,9444333,48000006
clean-rise,284,40800005,9444333,48000006
clean-rise,285,40800005,9444333,48000006
clean-rise,286,40800005,9444333,48000006
clean-rise,287,40800005,9444333,48000006
clean-rise,288,40800005,9444333,48000006
clean-rise,289,40800005,9444333,48000006
clean-rise,290,40800005,9444333,48000006
clean-rise,291,40800005,9444333,48000006
clean-rise,292,40800005,9444333,48000006
clean-rise,293,40800005,9444333,48000006
clean-rise,294,40800005,9444333,48000006
clean-rise,295,40800005,9444333,48000006
clean-rise,296,40800005,9444333,48000006
clean-rise,297,40800005,9444333,48000006
clean-rise,298,40800005,9444333,48000006
clean-rise,299,40800005,9444333,48000006
clean-rise,300,40800005,9444333,48000006
clean-rise,301,40800005,9444333,48000006
clean-rise,302,40800005,9444333,48000006
clean-rise,303,40800005,9444333,48000006
clean-rise,304,40800005,9444333,48000006
clean-rise,305,40800005,9444333,48000006
clean-rise,306,40800005,9444333,48000006
clean-rise,307,40800005,9444333,48000006
clean-rise,308,40800005,9444333,48000006
clean-rise,309,40800005,9444333,48000006
clean-rise,310,40800005,9444333,48000006
clean-rise,311,40800005,9444333,48000006
clean-rise,312,40800005,9444333,48000006
clean-rise,313,40800005,9444333,48000006
clean-rise,314,40800005,9444333,48000006
clean-rise,315,40800005,9444333,48000006
clean-rise,316,40800005,9444333,48000006
clean-rise,317,40800005,9444333,48000006
clean-rise,318,40800005,9444333,48000006
clean-rise,319,40800005,9444333,48000006
clean-rise,320,40800005,9444333,48000006
clean-rise,321,40800005,9444333,48000006
clean-rise,322,40800005,9444333,48000006
clean-rise,323,40800005,9444333,48000006
clean-rise,324,40800005,9444333,48000006
clean-rise,325,40800005,9444333,48000006
clean-rise,326,40800005,9444333,48000006
clean-rise,327,40800005,9444333,48000006
clean-rise,328,40800005,9444333,48000006
clean-rise,329,40800005,9444333,48000006
clean-rise,330,40800005,9444333,48000006
clean-rise,331,40800005,9444333,48000006
clean-rise,332,40800005,9444333,48000006
clean-rise,333,40800005,9444333,48000006
clean-rise,334,40800005,9444333,48000006
clean-rise,335,40800005,9444333,48000006
clean-rise,336,40800005,9444333,48000006
clean-rise,337,40800005,9444333,48000006
clean-rise,338,40800005,9444333,48000006
clean-rise,339,40800005,9444333,48000006
clean-rise,340,40800005,9444333,48000006
clean-rise,341,40800005,9444333,48000006
clean-rise,342,40800005,9444333,48000006
clean-rise,343,40800005,9444333,48000006
clean-rise,344,40800005,9444333,48000006
clean-rise,345,40800005,9444333,48000006
clean-rise,346,40800005,9444333,48000006
clean-rise,347,40800005,9444333,48000006
clean-rise,348,40800005,9444333,48000006
clean-rise,349,40800005,9444333,48000006
clean-rise,350,40800005,9444333,48000006
clean-rise,351,40800005,9444333,48000006
clean-rise,352,40800005,9444333,48000006
clean-rise,353,40800005,9444333,48000006
clean-rise,354,40800005,9444333,48000006
clean-rise,355,40800005,9444333,48000006
clean-rise,356,40800005,9444333,48000006
clean-rise,357,40800005,9444333,48000006
clean-rise,358,40800005,9444333,48000006
clean-rise,359,40800005,9444333,48000006
clean-rise,360,40800005,9444333,48000006
clean-rise,361,40800005,9444333,48000006
clean-rise,362,40800005,9444333,48000006
clean-rise,363,40800005,9444333,48000006
clean-rise,364,40800005,9444333,48000006
clean-rise,365,40800005,9444333,48000006
clean-rise,366,40800005,9444333,48000006
clean-rise,367,40800005,9444333,48000006
clean-rise,368,40800005,9444333,48000006
clean-rise,369,40800005,9444333,48000006
clean-rise,370,40800005,9444333,48000006
clean-rise,371,40800005,9444333,48000006
clean-rise,372,40800005,9444333,48000006
clean-rise,373,40800005,9444333,48000006
clean-rise,374,40800005,9444333,48000006
clean-rise,375,40800005,9444333,48000006
clean-rise,376,40800005,9444333,48000006
clean-rise,377,40800005,9444333,48000006
clean-rise,378,40800005,9444333,48000006
clean-rise,379,40800005,9444333,48000006
clean-rise,380,40800005,9444333,48000006
clean-rise,381,40800005,9444333,48000006
clean-rise,382,40800005,9444333,48000006
clean-rise,383,40800005,9444333,48000006
clean-rise,384,40800005,9444333,48000006
clean-rise,385,40800005,9444333,48000006
clean-rise,386,40800005,9444333,48000006
clean-rise,387,40800005,9444333,48000006
clean-rise,388,40800005,9444333,48000006
clean-rise,389,40800005,9444333,48000006
clean-rise,390,40800005,9444333,48000006
clean-rise,391,40800005,9444333,48000006
clean-rise,392,40800005,9444333,48000006
clean-rise,393,40800005,9444333,48000006
clean-rise,394,40800005,9444333,48000006
clean-rise,395,40800005,9444333,48000006
clean-rise,396,40800005,9444333,48000006
clean-rise,397,40800005,9444333,48000006
clean-rise,398,40800005,9444333,48000006
clean-rise,399,40800005,9444333,48000006
clean-rise,400,40800005,9444333,48000006
clean-rise,401,40800005,9444333,48000006
clean-rise,402,40800005,9444333,48000006
clean-rise,403,40800005,9444333,48000006
clean-rise,404,40800005,9444333,48000006
clean-rise,405,40800005,9444333,48000006
clean-rise,406,40800005,9444333,48000006
clean-rise,407,40800005,9444333,48000006
clean-rise,408,40800005,9444333,48000006
clean-rise,409,40800005,9444333,48000006
clean-rise,410,40800005,9444333,48000006
clean-rise,411,40800005,9444333,48000006
clean-rise,412,40800005,9444333,48000006
clean-rise,413,40800005,9444333,48000006
clean-rise,414,40800005,9444333,48000006
clean-rise,415,40800005,9444333,48000006
clean-rise,416,40800005,9444333,48000006
clean-rise,417,40800005,9444333,48000006
clean-rise,418,40800005,9444333,48000006
clean-rise,419,40800005,9444333,48000006
clean-rise,420,40800005,9444333,48000006
clean-rise,421,40800005,9444333,48000006
clean-rise,422,40800005,9444333,48000006
clean-rise,423,40800005,9444333,48000006
clean-rise,424,40800005,9444333,48000006
clean-rise,425,50000000,9444333,48000006
clean-rise,426,50000000,11574000,48000006
clean-rise,427,50000000,11574000,48000006
clean-rise,428,50000000,11574000,48000006
clean-rise,429,50000000,11574000,48000006
clean-rise,430,50000000,11574000,48000006
clean-rise,431,50000000,11574000,48000006
clean-rise,432,50000000,11574000,48000006
clean-rise,433,50000000,11574000,48000006
clean-rise,434,50000000,11574000,48000006
clean-rise,435,50000000,11574000,48000006
clean-rise,436,50000000,11574000,48000006
clean-rise,437,50000000,11574000,48000006
clean-rise,438,50000000,11574000,48000006
clean-rise,439,50000000,11574000,48000006
clean-rise,440,50000000,11574000,48000006
clean-rise,441,50000000,11574000,48000006
clean-rise,442,50000000,11574000,48000006
clean-rise,443,50000000,11574000,48000006
clean-rise,444,50000000,11574000,48000006
clean-rise,445,50000000,11574000,48000006
clean-rise,446,50000000,11574000,48000006
clean-rise,447,50000000,11574000,48000006
clean-rise,448,50000000,11574000,48000006
clean-rise,449,50000000,11574000,48000006
clean-rise,450,50000000,11574000,48000006
clean-rise,451,50000000,11574000,48000006
clean-rise,452,50000000,11574000,48000006
clean-rise,453,50000000,11574000,48000006
clean-rise,454,50000000,11574000,48000006
clean-rise,455,50000000,11574000,48000006
clean-rise,456,50000000,11574000,48000006
clean-rise,457,50000000,11574000,48000006
clean-rise,458,50000000,11574000,48000006
clean-rise,459,50000000,11574000,48000006
clean-rise,460,50000000,11574000,48000006
clean-rise,461,50000000,11574000,48000006
clean-rise,462,50000000,11574000,48000006
clean-rise,463,50000000,11574000,48000006
clean-rise,464,50000000,11574000,48000006
clean-rise,465,50000000,11574000,48000006
clean-rise,466,50000000,11574000,48000006
clean-rise,467,50000000,11574000,48000006
clean-rise,468,50000000,11574000,48000006
clean-rise,469,50000000,11574000,48000006
clean-rise,470,50000000,11574000,48000006
clean-rise,471,50000000,11574000,48000006
clean-rise,472,40800005,11574000,48000006
clean-rise,473,40800005,9444333,48000006
clean-rise,474,40800005,9444333,48000006
clean-rise,475,40800005,9444333,48000006
clean-rise,476,40800005,9444333,48000006
clean-rise,477,40800005,9444333,48000006
clean-rise,478,40800005,9444333,48000006
clean-rise,479,40800005,9444333,48000006
clean-rise,480,40800005,9444333,48000006
clean-rise,481,40800005,9444333,48000006
clean-rise,482,40800005,9444333,48000006
clean-rise,483,40800005,9444333,48000006
clean-rise,484,40800005,9444333,48000006
clean-rise,485,40800005,9444333,48000006
clean-rise,486,40800005,9444333,48000006
clean-rise,487,40800005,9444333,48000006
clean-rise,488,40800005,9444333,48000006
clean-rise,489,40800005,9444333,48000006
clean-rise,490,40800005,9444333,48000006
clean-rise,491,40800005,9444333,48000006
clean-rise,492,40800005,9444333,48000006
clean-rise,493,40800005,9444333,48000006
clean-rise,494,40800005,9444333,48000006
clean-rise,495,40800005,9444333,48000006
clean-rise,496,40800005,9444333,48000006
clean-rise,497,40800005,9444333,48000006
clean-rise,498,40800005,9444333,48000006
clean-rise,499,40800005,9444333,48000006
clean-rise,500,40800005,9444333,48000006
clean-rise,501,40800005,9444333,48000006
clean-rise,502,40800005,9444333,48000006
clean-rise,503,40800005,9444333,48000006
clean-rise,504,40800005,9444333,48000006
clean-rise,505,40800005,9444333,48000006
clean-rise,506,40800005,9444333,48000006
clean-rise,507,40800005,9444333,48000006
clean-rise,508,40800005,9444333,48000006
clean-rise,509,40800005,9444333,48000006
clean-rise,510,40800005,9444333,48000006
clean-rise,511,40800005,9444333,48000006
clean-rise,512,40800005,9444333,48000006
clean-rise,513,40800005,9444333,48000006
clean-rise,514,40800005,9444333,48000006
clean-rise,515,40800005,9444333,48000006
clean-rise,516,40800005,9444333,48000006
clean-rise,517,40800005,9444333,48000006
clean-rise,518,40800005,9444333,48000006
clean-rise,519,40800005,9444333,48000006
clean-rise,520,40800005,9444333,48000006
clean-rise,521,40800005,9444333,48000006
clean-rise,522,40800005,9444333,48000006
clean-rise,523,40800005,9444333,48000006
clean-rise,524,40800005,9444333,48000006
clean-rise,525,40800005,9444333,48000006
clean-rise,526,40800005,9444333,48000006
clean-rise,527,40800005,9444333,48000006
clean-rise,528,40800005,9444333,48000006
clean-rise,529,40800005,9444333,48000006
clean-rise,530,40800005,9444333,48000006
clean-rise,531,40800005,9444333,48000006
clean-rise,532,40800005,9444333,48000006
clean-rise,533,40800005,9444333,48000006
clean-rise,534,40800005,9444333,48000006
clean-rise,535,40800005,9444333,48000006
clean-rise,536,40800005,9444333,48000006
clean-rise,537,40800005,9444333,48000006
clean-rise,538,40800005,9444333,48000006
clean-rise,539,40800005,9444333,48000006
clean-rise,540,40800005,9444333,48000006
clean-rise,541,40800005,9444333,48000006
clean-rise,542,40800005,9444333,48000006
clean-rise,543,40800005,9444333,48000006
clean-rise,544,40800005,9444333,48000006
clean-rise,545,40800005,9444333,48000006
clean-rise,546,40800005,9444333,48000006
clean-rise,547,40800005,9444333,48000006
clean-rise,548,40800005,9444333,48000006
clean-rise,549,40800005,9444333,48000006
clean-rise,550,40800005,9444333,48000006
clean-rise,551,40800005,9444333,48000006
clean-rise,552,40800005,9444333,48000006
clean-rise,553,40800005,9444333,48000006
clean-rise,554,40800005,9444333,48000006
clean-rise,555,40800005,9444333,48000006
clean-rise,556,40800005,9444333,48000006
clean-rise,557,40800005,9444333,48000006
clean-rise,558,40800005,9444333,48000006
clean-rise,559,40800005,9444333,48000006
clean-rise,560,40800005,9444333,48000006
clean-rise,561,40800005,9444333,48000006
clean-rise,562,40800005,9444333,48000006
clean-rise,563,40800005,9444333,48000006
clean-rise,564,40800005,9444333,48000006
clean-rise,565,40800005,9444333,48000006
clean-rise,566,40800005,9444333,48000006
clean-rise,567,40800005,9444333,48000006
clean-rise,568,40800005,9444333,48000006
clean-rise,569,40800005,9444333,48000006
clean-rise,570,40800005,9444333,48000006
clean-rise,571,40800005,9444333,48000006
clean-rise,572,40800005,9444333,48000006
clean-rise,573,40800005,9444333,48000006
clean-rise,574,40800005,9444333,48000006
clean-rise,575,40800005,9444333,48000006
clean-rise,576,40800005,9444333,48000006
clean-rise,577,40800005,9444333,48000006
clean-rise,578,40800005,9444333,48000006
clean-rise,579,40800005,9444333,48000006
clean-rise,580,40800005,9444333,48000006
clean-rise,581,40800005,9444333,48000006
clean-rise,582,40800005,9444333,48000006
clean-rise,583,40800005,9444333,48000006
clean-rise,584,40800005,9444333,48000006
clean-rise,585,40800005,9444333,48000006
clean-rise,586,40800005,9444333,48000006
clean-rise,587,40800005,9444333,48000006
clean-rise,588,40800005,9444333,48000006
clean-rise,589,40800005,9444333,48000006
clean-rise,590,40800005,9444333,48000006
clean-rise,591,40800005,9444333,48000006
clean-rise,592,40800005,9444333,48000006
clean-rise,593,40800005,9444333,48000006
clean-rise,594,40800005,9444333,48000006
clean-rise,595,40800005,9444333,48000006
clean-rise,596,40800005,9444333,48000006
clean-rise,597,40800005,9444333,48000006
clean-rise,598,40800005,9444333,48000006
clean-rise,599,40800005,9444333,48000006
clean-rise,600,40800005,9444333,48000006
clean-rise,601,40800005,9444333,48000006
clean-rise,602,40800005,9444333,48000006
clean-rise,603,40800005,9444333,48000006
clean-rise,604,40800005,9444333,48000006
clean-rise,605,40800005,9444333,48000006
clean-rise,606,40800005,9444333,48000006
clean-rise,607,40800005,9444333,48000006
clean-rise,608,40800005,9444333,48000006
clean-rise,609,40800005,9444333,48000006
clean-rise,610,40800005,9444333,48000006
clean-rise,611,40800005,9444333,48000006
clean-rise,612,40800005,9444333,48000006
clean-rise,613,40800005,9444333,48000006
clean-rise,614,40800005,9444333,48000006
clean-rise,615,40800005,9444333,48000006
clean-rise,616,40800005,9444333,48000006
clean-rise,617,40800005,9444333,48000006
clean-rise,618,40800005,9444333,48000006
clean-rise,619,40800005,9444333,48000006
clean-rise,620,40800005,9444333,48000006
clean-rise,621,40800005,9444333,48000006
clean-rise,622,40800005,9444333,48000006
clean-rise,623,40800005,9444333,48000006
clean-rise,624,40800005,9444333,48000006
clean-rise,625,40800005,9444333,48000006
clean-rise,626,40800005,9444333,48000006
clean-rise,627,40800005,9444333,48000006
clean-rise,628,40800005,9444333,48000006
clean-rise,629,40800005,9444333,48000006
clean-rise,630,40800005,9444333,48000006
clean-rise,631,40800005,9444333,48000006
clean-rise,632,40800005,9444333,48000006
clean-rise,633,40800005,9444333,48000006
clean-rise,634,40800005,9444333,48000006
clean-rise,635,40800005,9444333,48000006
clean-rise,636,40800005,9444333,48000006
clean-rise,637,40800005,9444333,48000006
clean-rise,638,40800005,9444333,48000006
clean-rise,639,40800005,9444333,48000006
clean-rise,640,40800005,9444333,48000006
clean-rise,641,40800005,9444333,48000006
clean-rise,642,40800005,9444333,48000006
clean-rise,643,40800005,9444333,48000006
clean-rise,644,40800005,9444333,48000006
clean-rise,645,40800005,9444333,48000006
clean-rise,646,40800005,9444333,48000006
clean-rise,647,40800005,9444333,48000006
clean-rise,648,40800005,9444333,48000006
clean-rise,649,40800005,9444333,48000006
clean-rise,650,40800005,9444333,48000006
clean-rise,651,40800005,9444333,48000006
clean-rise,652,40800005,9444333,48000006
clean-rise,653,40800005,9444333,48000006
clean-rise,654,40800005,9444333,48000006
clean-rise,655,40800005,9444333,48000006
clean-rise,656,40800005,9444333,48000006
clean-rise,657,40800005,9444333,48000006
clean-rise,658,40800005,9444333,48000006
clean-rise,659,40800005,9444333,48000006
clean-rise,660,40800005,9444333,48000006
clean-rise,661,40800005,9444333,48000006
clean-rise,662,40800005,9444333,48000006
clean-rise,663,40800005,9444333,48000006
clean-rise,664,40800005,9444333,48000006
clean-rise,665,40800005,9444333,48000006
clean-rise,666,40800005,9444333,48000006
clean-rise,667,40800005,9444333,48000006
clean-rise,668,40800005,9444333,48000006
clean-rise,669,40800005,9444333,48000006
clean-rise,670,40800005,9444333,48000006
clean-rise,671,40800005,9444333,48000006
clean-rise,672,40800005,9444333,48000006
clean-rise,673,40800005,9444333,48000006
clean-rise,674,40800005,9444333,48000006
clean-rise,675,40800005,9444333,48000006
clean-rise,676,40800005,9444333,48000006
clean-rise,677,40800005,9444333,48000006
clean-rise,678,40800005,9444333,48000006
clean-rise,679,40800005,9444333,48000006
clean-rise,680,40800005,9444333,48000006
clean-rise,681,40800005,9444333,48000006
clean-rise,682,40800005,9444333,48000006
clean-rise,683,40800005,9444333,48000006
clean-rise,684,40800005,9444333,48000006
clean-rise,685,40800005,9444333,48000006
clean-rise,686,40800005,9444333,48000006
clean-rise,687,40800005,9444333,48000006
clean-rise,688,40800005,9444333,48000006
clean-rise,689,40800005,9444333,48000006
clean-rise,690,40800005,9444333,48000006
clean-rise,691,40800005,9444333,48000006
clean-rise,692,40800005,9444333,48000006
clean-rise,693,40800005,9444333,48000006
clean-rise,694,40800005,9444333,48000006
clean-rise,695,40800005,9444333,48000006
clean-rise,696,40800005,9444333,48000006
clean-rise,697,40800005,9444333,48000006
clean-rise,698,40800005,9444333,48000006
clean-rise,699,40800005,9444333,48000006
clean-rise,700,40800005,9444333,48000006
clean-rise,701,40800005,9444333,48000006
clean-rise,702,40800005,9444333,48000006
clean-rise,703,40800005,9444333,48000006
clean-rise,704,40800005,9444333,48000006
clean-rise,705,40800005,9444333,48000006
clean-rise,706,40800005,9444333,48000006
clean-rise,707,40800005,9444333,48000006
clean-rise,708,40800005,9444333,48000006
clean-rise,709,40800005,9444333,48000006
clean-rise,710,40800005,9444333,48000006
clean-rise,711,40800005,9444333,48000006
clean-rise,712,40800005,9444333,48000006
clean-rise,713,40800005,9444333,48000006
clean-rise,714,40800005,9444333,48000006
clean-rise,715,40800005,9444333,48000006
clean-rise,716,40800005,9444333,48000006
clean-rise,717,40800005,9444333,48000006
clean-rise,718,40800005,9444333,48000006
clean-rise,719,40800005,9444333,48000006
clean-rise,720,40800005,9444333,48000006
clean-rise,721,40800005,9444333,48000006
clean-rise,722,40800005,9444333,48000006
clean-rise,723,40800005,9444333,48000006
clean-rise,724,40800005,9444333,48000006
clean-rise,725,40800005,9444333,48000006
clean-rise,726,40800005,9444333,48000006
clean-rise,727,40800005,9444333,48000006
clean-rise,728,40800005,9444333,48000006
clean-rise,729,40800005,9444333,48000006
clean-rise,730,40800005,9444333,48000006
clean-rise,731,40800005,9444333,48000006
clean-rise,732,40800005,9444333,48000006
clean-rise,733,40800005,9444333,48000006
clean-rise,734,40800005,9444333,48000006
clean-rise,735,40800005,9444333,48000006
clean-rise,736,40800005,9444333,48000006
clean-rise,737,40800005,9444333,48000006
clean-rise,738,40800005,9444333,48000006
clean-rise,739,40800005,9444333,48000006
clean-rise,740,40800005,9444333,48000006
clean-rise,741,40800005,9444333,48000006
clean-rise,742,40800005,9444333,48000006
clean-rise,743,40800005,9444333,48000006
clean-rise,744,40800005,9444333,48000006
clean-rise,745,40800005,9444333,48000006
clean-rise,746,40800005,9444333,48000006
clean-rise,747,40800005,9444333,48000006
clean-rise,748,40800005,9444333,48000006
clean-rise,749,40800005,9444333,48000006
clean-rise,750,40800005,9444333,48000006
clean-rise,751,40800005,9444333,48000006
clean-rise,752,40800005,9444333,48000006
clean-rise,753,40800005,9444333,48000006
clean-rise,754,40800005,9444333,48000006
clean-rise,755,40800005,9444333,48000006
clean-rise,756,40800005,9444333,48000006
clean-rise,757,40800005,9444333,48000006
clean-rise,758,40800005,9444333,48000006
clean-rise,759,40800005,9444333,48000006
clean-rise,760,40800005,9444333,48000006
clean-rise,761,40800005,9444333,48000006
clean-rise,762,40800005,9444333,48000006
clean-rise,763,40800005,9444333,48000006
clean-rise,764,40800005,9444333,48000006
clean-rise,765,40800005,9444333,48000006
clean-rise,766,40800005,9444333,48000006
clean-rise,767,40800005,9444333,48000006
clean-rise,768,40800005,9444333,48000006
clean-rise,769,40800005,9444333,48000006
clean-rise,770,40800005,9444333,48000006
clean-rise,771,40800005,9444333,48000006
clean-rise,772,40800005,9444333,48000006
clean-rise,773,40800005,9444333,48000006
clean-rise,774,40800005,9444333,48000006
clean-rise,775,40800005,9444333,48000006
clean-rise,776,40800005,9444333,48000006
clean-rise,777,40800005,9444333,48000006
clean-rise,778,40800005,9444333,48000006
clean-rise,779,40800005,9444333,48000006
clean-rise,780,40800005,9444333,48000006
clean-rise,781,40800005,9444333,48000006
clean-rise,782,40800005,9444333,48000006
clean-rise,783,40800005,9444333,48000006
clean-rise,784,40800005,9444333,48000006
clean-rise,785,40800005,9444333,48000006
clean-rise,786,40800005,9444333,48000006
clean-rise,787,40800005,9444333,48000006
clean-rise,788,40800005,9444333,48000006
clean-rise,789,40800005,9444333,48000006
clean-rise,790,40800005,9444333,48000006
clean-rise,791,40800005,9444333,48000006
clean-rise,792,40800005,9444333,48000006
clean-rise,793,40800005,9444333,48000006
clean-rise,794,40800005,9444333,48000006
clean-rise,795,40800005,9444333,48000006
clean-rise,796,40800005,9444333,48000006
clean-rise,797,40800005,9444333,48000006
clean-rise,798,40800005,9444333,48000006
clean-rise,799,40800005,9444333,48000006
clean-rise,800,40800005,9444333,48000006
clean-rise,801,40800005,9444333,48000006
clean-rise,802,40800005,9444333,48000006
clean-rise,803,40800005,9444333,48000006
clean-rise,804,40800005,9444333,48000006
clean-rise,805,40800005,9444333,48000006
clean-rise,806,40800005,9444333,48000006
clean-rise,807,40800005,9444333,48000006
clean-rise,808,40800005,9444333,48000006
clean-rise,809,40800005,9444333,48000006
clean-rise,810,40800005,9444333,48000006
clean-rise,811,40800005,9444333,48000006
clean-rise,812,40800005,9444333,48000006
clean-rise,813,40800005,9444333,48000006
clean-rise,814,40800005,9444333,48000006
clean-rise,815,40800005,9444333,48000006
clean-rise,816,40800005,9444333,48000006
clean-rise,817,40800005,9444333,48000006
clean-rise,818,40800005,9444333,48000006
clean-rise,819,40800005,9444333,48000006
clean-rise,820,40800005,9444333,48000006
clean-rise,821,40800005,9444333,48000006
clean-rise,822,40800005,9444333,48000006
clean-rise,823,40800005,9444333,48000006
clean-rise,824,40800005,9444333,48000006
clean-rise,825,40800005,9444333,48000006
clean-rise,826,40800005,9444333,48000006
clean-rise,827,40800005,9444333,48000006
clean-rise,828,40800005,9444333,48000006
clean-rise,829,40800005,9444333,48000006
clean-rise,830,40800005,9444333,48000006
clean-rise,831,40800005,9444333,48000006
clean-rise,832,40800005,9444333,48000006
clean-rise,833,40800005,9444333,48000006
clean-rise,834,40800005,9444333,48000006
clean-rise,835,40800005,9444333,48000006
clean-rise,836,40800005,9444333,48000006
clean-rise,837,40800005,9444333,48000006
clean-rise,838,40800005,9444333,48000006
clean-rise,839,40800005,9444333,48000006
clean-rise,840,40800005,9444333,48000006
clean-rise,841,40800005,9444333,48000006
clean-rise,842,40800005,9444333,48000006
clean-rise,843,40800005,9444333,48000006
clean-rise,844,40800005,9444333,48000006
clean-rise,845,40800005,9444333,48000006
clean-rise,846,40800005,9444333,48000006
clean-rise,847,40800005,9444333,48000006
clean-rise,848,40800005,9444333,48000006
clean-rise,849,40800005,9444333,48000006
clean-rise,850,40800005,9444333,48000006
clean-rise,851,40800005,9444333,48000006
clean-rise,852,40800005,9444333,48000006
clean-rise,853,40800005,9444333,48000006
clean-rise,854,40800005,9444333,48000006
clean-rise,855,40800005,9444333,48000006
clean-rise,856,40800005,9444333,48000006
clean-rise,857,40800005,9444333,48000006
clean-rise,858,40800005,9444333,48000006
clean-rise,859,40800005,9444333,48000006
clean-rise,860,40800005,9444333,48000006
clean-rise,861,40800005,9444333,48000006
clean-rise,862,40800005,9444333,48000006
clean-rise,863,40800005,9444333,48000006
clean-rise,864,40800005,9444333,48000006
clean-rise,865,40800005,9444333,48000006
clean-rise,866,40800005,9444333,48000006
clean-rise,867,40800005,9444333,48000006
clean-rise,868,40800005,9444333,48000006
clean-rise,869,40800005,9444333,48000006
clean-rise,870,40800005,9444333,48000006
clean-rise,871,40800005,9444333,48000006
clean-rise,872,40800005,9444333,48000006
clean-rise,873,40800005,9444333,48000006
clean-rise,874,40800005,9444333,48000006
clean-rise,875,40800005,9444333,48000006
clean-rise,876,40800005,9444333,48000006
clean-rise,877,40800005,9444333,48000006
clean-rise,878,40800005,9444333,48000006
clean-rise,879,40800005,9444333,48000006
clean-rise,880,40800005,9444333,48000006
clean-rise,881,40800005,9444333,48000006
clean-rise,882,40800005,9444333,48000006
clean-rise,883,40800005,9444333,48000006
clean-rise,884,40800005,9444333,48000006
clean-rise,885,40800005,9444333,48000006
clean-rise,886,40800005,9444333,48000006
clean-rise,887,40800005,9444333,48000006
clean-rise,888,40800005,9444333,48000006
clean-rise,889,40800005,9444333,48000006
clean-rise,890,40800005,9444333,48000006
clean-rise,891,40800005,9444333,48000006
clean-rise,892,40800005,9444333,48000006
clean-rise,893,40800005,9444333,48000006
clean-rise,894,40800005,9444333,48000006
clean-rise,895,40800005,9444333,48000006
clean-rise,896,40800005,9444333,48000006
clean-rise,897,40800005,9444333,48000006
clean-rise,898,40800005,9444333,48000006
clean-rise,899,40800005,9444333,48000006
single-high,0,20400001,9444333,24000002
single-high,1,20400001,9444333,24000002
single-high,2,20400001,9444333,24000002
single-high,3,20400001,9444333,24000002
single-high,4,20400001,9444333,24000002
single-high,5,20400001,9444333,24000002
single-high,6,20400001,9444333,24000002
single-high,7,20400001,9444333,24000002
single-high,8,20400001,9444333,24000002
single-high,9,20400001,9444333,24000002
single-high,10,20400001,9444333,24000002
single-high,11,20400001,9444333,24000002
single-high,12,20400001,9444333,24000002
single-high,13,20400001,9444333,24000002
single-high,14,20400001,9444333,24000002
single-high,15,20400001,9444333,24000002
single-high,16,20400001,9444333,24000002
single-high,17,20400001,9444333,24000002
single-high,18,20400001,9444333,24000002
single-high,19,20400001,9444333,24000002
single-high,20,20400001,9444333,24000002
single-high,21,20400001,9444333,24000002
single-high,22,20400001,9444333,24000002
single-high,23,20400001,4722166,24000002
single-high,24,20400001,9444333,24000002
single-high,25,20400001,9444333,24000002
single-high,26,20400001,9444333,24000002
single-high,27,20400001,9444333,24000002
single-high,28,20400001,9444333,24000002
single-high,29,20400001,9444333,24000002
single-high,30,20400001,9444333,24000002
single-high,31,20400001,9444333,24000002
single-high,32,20400001,9444333,24000002
single-high,33,20400001,9444333,24000002
single-high,34,20400001,9444333,24000002
single-high,35,20400001,9444333,24000002
single-high,36,20400001,9444333,24000002
single-high,37,20400001,9444333,24000002
single-high,38,20400001,9444333,24000002
single-high,39,20400001,9444333,48000006
single-high,40,20400001,9444333,48000006
single-high,41,20400001,9444333,48000006
single-high,42,20400001,9444333,48000006
single-high,43,20400001,9444333,48000006
single-high,44,20400001,9444333,48000006
single-high,45,20400001,9444333,48000006
single-high,46,20400001,9444333,48000006
single-high,47,20400001,9444333,48000006
single-high,48,20400001,9444333,48000006
single-high,49,20400001,9444333,48000006
single-high,50,20400001,9444333,48000006
single-high,51,20400001,9444333,48000006
single-high,52,20400001,9444333,48000006
single-high,53,20400001,9444333,48000006
single-high,54,20400001,9444333,48000006
single-high,55,20400001,9444333,48000006
single-high,56,14280000,9444333,24000000
single-high,57,14280000,6611000,24000000
single-high,58,14280000,6611000,24000000
single-high,59,14280000,6611000,24000000
single-high,60,14280000,6611000,24000000
single-high,61,14280000,6611000,24000000
single-high,62,14280000,6611000,24000000
single-high,63,14280000,6611000,24000000
single-high,64,14280000,6611000,24000000
single-high,65,14280000,6611000,24000000
single-high,66,14280000,6611000,24000000
single-high,67,14280000,6611000,24000000
single-high,68,14280000,6611000,24000000
single-high,69,14280000,6611000,24000000
single-high,70,14280000,6611000,24000000
single-high,71,14280000,6611000,24000000
single-high,72,14280000,6611000,24000000
single-high,73,14280000,6611000,24000000
single-high,74,14280000,6611000,24000000
single-high,75,14280000,6611000,24000000
single-high,76,14280000,6611000,24000000
single-high,77,14280000,6611000,24000000
single-high,78,14280000,6611000,24000000
single-high,79,14280000,6611000,24000000
single-high,80,14280000,6611000,24000000
single-high,81,14280000,6611000,24000000
single-high,82,14280000,6611000,24000000
single-high,83,14280000,6611000,24000000
single-high,84,14280000,6611000,24000000
single-high,85,14280000,6611000,24000000
single-high,86,14280000,6611000,24000000
single-high,87,14280000,6611000,24000000
single-high,88,14280000,6611000,24000000
single-high,89,14280000,6611000,24000000
single-high,90,14280000,6611000,24000000
single-high,91,14280000,6611000,24000000
single-high,92,14280000,6611000,24000000
single-high,93,14280000,6611000,24000000
single-high,94,14280000,6611000,24000000
single-high,95,14280000,6611000,24000000
single-high,96,14280000,6611000,24000000
single-high,97,14280000,6611000,24000000
single-high,98,14280000,6611000,24000000
single-high,99,14280000,6611000,24000000
single-high,100,14280000,6611000,24000000
single-high,101,14280000,6611000,24000000
single-high,102,14280000,6611000,24000000
single-high,103,14280000,6611000,24000000
single-high,104,14280000,6611000,24000000
single-high,105,14280000,6611000,24000000
single-high,106,14280000,6611000,24000000
single-high,107,14280000,6611000,24000000
single-high,108,14280000,6611000,24000000
single-high,109,14280000,6611000,24000000
single-high,110,14280000,6611000,24000000
single-high,111,14280000,6611000,24000000
single-high,112,14280000,6611000,24000000
single-high,113,14280000,6611000,24000000
single-high,114,14280000,6611000,24000000
single-high,115,14280000,6611000,24000000
single-high,116,14280000,6611000,24000000
single-high,117,14280000,6611000,24000000
single-high,118,14280000,6611000,24000000
single-high,119,14280000,6611000,24000000
single-high,120,14280000,6611000,24000000
single-high,121,14280000,6611000,24000000
single-high,122,14280000,6611000,24000000
single-high,123,14280000,6611000,24000000
single-high,124,14280000,6611000,24000000
single-high,125,14280000,6611000,24000000
single-high,126,14280000,6611000,24000000
single-high,127,14280000,6611000,24000000
single-high,128,14280000,6611000,24000000
single-high,129,14280000,6611000,24000000
single-high,130,14280000,6611000,24000000
single-high,131,14280000,6611000,24000000
single-high,132,14280000,6611000,24000000
single-high,133,14280000,6611000,24000000
single-high,134,14280000,6611000,24000000
single-high,135,14280000,6611000,24000000
single-high,136,14280000,6611000,24000000
single-high,137,14280000,6611000,24000000
single-high,138,14280000,6611000,24000000
single-high,139,14280000,6611000,24000000
single-high,140,14280000,6611000,24000000
single-high,141,14280000,6611000,24000000
single-high,142,14280000,6611000,24000000
single-high,143,14280000,6611000,24000000
single-high,144,14280000,6611000,24000000
single-high,145,14280000,6611000,24000000
single-high,146,14280000,6611000,24000000
single-high,147,14280000,6611000,24000000
single-high,148,14280000,6611000,24000000
single-high,149,20400000,6611000,24000000
single-high,150,20400000,9444333,24000000
single-high,151,20400000,9444333,24000000
single-high,152,20400000,9444333,24000000
single-high,153,20400000,9444333,24000000
single-high,154,20400000,9444333,24000000
single-high,155,20400000,9444333,24000000
single-high,156,20400000,9444333,24000000
single-high,157,20400000,9444333,24000000
single-high,158,20400000,9444333,24000000
single-high,159,20400000,9444333,24000000
single-high,160,20400000,9444333,24000000
single-high,161,20400000,9444333,24000000
single-high,162,20400000,9444333,24000000
single-high,163,20400000,9444333,24000000
single-high,164,20400000,9444333,24000000
single-high,165,20400000,9444333,24000000
single-high,166,20400000,9444333,24000000
single-high,167,20400000,9444333,24000000
single-high,168,20400000,9444333,24000000
single-high,169,20400000,9444333,24000000
single-high,170,20400000,9444333,24000000
single-high,171,20400000,9444333,24000000
single-high,172,20400000,9444333,24000000
single-high,173,20400000,9444333,24000000
single-high,174,20400000,9444333,24000000
single-high,175,20400000,9444333,24000000
single-high,176,20400000,9444333,24000000
single-high,177,20400000,9444333,24000000
single-high,178,20400000,9444333,24000000
single-high,179,20400000,9444333,24000000
single-high,180,20400000,9444333,24000000
single-high,181,20400000,9444333,24000000
single-high,182,20400000,9444333,24000000
single-high,183,20400000,9444333,24000000
single-high,184,20400000,9444333,24000000
single-high,185,20400000,9444333,24000000
single-high,186,20400000,9444333,24000000
single-high,187,20400000,9444333,24000000
single-high,188,20400000,9444333,24000000
single-high,189,20400000,9444333,24000000
single-high,190,20400000,9444333,24000000
single-high,191,20400000,9444333,24000000
single-high,192,20400000,9444333,24000000
single-high,193,20400000,9444333,24000000
single-high,194,20400000,9444333,24000000
single-high,195,20400000,9444333,24000000
single-high,196,20400000,9444333,24000000
single-high,197,20400000,9444333,24000000
single-high,198,20400000,9444333,24000000
single-high,199,20400000,9444333,24000000
single-high,200,20400000,9444333,24000000
single-high,201,20400000,9444333,24000000
single-high,202,20400000,9444333,24000000
single-high,203,20400000,9444333,24000000
single-high,204,20400000,9444333,24000000
single-high,205,20400000,9444333,24000000
single-high,206,20400000,9444333,24000000
single-high,207,20400000,9444333,24000000
single-high,208,20400000,9444333,24000000
single-high,209,20400000,9444333,24000000
single-high,210,20400000,9444333,24000000
single-high,211,20400000,9444333,24000000
single-high,212,20400000,9444333,24000000
single-high,213,20400000,9444333,24000000
single-high,214,20400000,9444333,24000000
single-high,215,20400000,9444333,24000000
single-high,216,20400000,9444333,24000000
single-high,217,20400000,9444333,24000000
single-high,218,20400000,9444333,24000000
single-high,219,20400000,9444333,24000000
single-high,220,20400000,9444333,24000000
single-high,221,20400000,9444333,24000000
single-high,222,20400000,9444333,24000000
single-high,223,20400000,9444333,24000000
single-high,224,20400000,9444333,24000000
single-high,225,20400000,9444333,24000000
single-high,226,20400000,9444333,24000000
single-high,227,20400000,9444333,24000000
single-high,228,20400000,9444333,24000000
single-high,229,20400000,9444333,24000000
single-high,230,20400000,9444333,24000000
single-high,231,20400000,9444333,24000000
single-high,232,20400000,9444333,24000000
single-high,233,20400000,9444333,24000000
single-high,234,20400000,9444333,24000000
single-high,235,20400000,9444333,24000000
single-high,236,20400000,9444333,24000000
single-high,237,20400000,9444333,24000000
single-high,238,20400000,9444333,24000000
single-high,239,20400000,9444333,24000000
single-high,240,20400000,9444333,24000000
single-high,241,20400000,9444333,24000000
single-high,242,20400000,9444333,24000000
single-high,243,20400000,9444333,24000000
single-high,244,20400000,9444333,24000000
single-high,245,20400000,9444333,24000000
single-high,246,20400000,9444333,24000000
single-high,247,20400000,9444333,24000000
single-high,248,20400000,9444333,24000000
single-high,249,20400000,9444333,24000000
single-high,250,20400000,9444333,24000000
single-high,251,20400000,9444333,24000000
single-high,252,20400000,9444333,24000000
single-high,253,20400000,9444333,24000000
single-high,254,20400000,9444333,24000000
single-high,255,20400000,9444333,24000000
single-high,256,20400000,9444333,24000000
single-high,257,20400000,9444333,24000000
single-high,258,20400000,9444333,24000000
single-high,259,20400000,9444333,24000000
single-high,260,20400000,9444333,24000000
single-high,261,20400000,9444333,24000000
single-high,262,20400000,9444333,24000000
single-high,263,20400000,9444333,24000000
single-high,264,20400000,9444333,24000000
single-high,265,20400000,9444333,24000000
single-high,266,20400000,9444333,24000000
single-high,267,20400000,9444333,24000000
single-high,268,20400000,9444333,24000000
single-high,269,20400000,9444333,24000000
single-high,270,20400000,9444333,24000000
single-high,271,20400000,9444333,24000000
single-high,272,20400000,9444333,24000000
single-high,273,20400000,9444333,24000000
single-high,274,20400000,9444333,24000000
single-high,275,20400000,9444333,24000000
single-high,276,20400000,9444333,24000000
single-high,277,20400000,9444333,24000000
single-high,278,20400000,9444333,24000000
single-high,279,20400000,9444333,24000000
single-high,280,20400000,9444333,24000000
single-high,281,20400000,9444333,24000000
single-high,282,20400000,9444333,24000000
single-high,283,20400000,9444333,24000000
single-high,284,20400000,9444333,24000000
single-high,285,20400000,9444333,24000000
single-high,286,20400000,9444333,24000000
single-high,287,20400000,9444333,24000000
single-high,288,20400000,9444333,24000000
single-high,289,20400000,9444333,24000000
single-high,290,20400000,9444333,24000000
single-high,291,20400000,9444333,24000000
single-high,292,20400000,9444333,24000000
single-high,293,20400000,9444333,24000000
single-high,294,20400000,9444333,24000000
single-high,295,20400000,9444333,24000000
single-high,296,20400000,9444333,24000000
single-high,297,20400000,9444333,24000000
single-high,298,20400000,9444333,24000000
single-high,299,20400000,9444333,24000000
single-high,300,20400000,9444333,24000000
single-high,301,20400000,9444333,24000000
single-high,302,20400000,9444333,24000000
single-high,303,20400000,9444333,24000000
single-high,304,20400000,9444333,24000000
single-high,305,20400000,9444333,24000000
single-high,306,20400000,9444333,24000000
single-high,307,20400000,9444333,24000000
single-high,308,20400000,9444333,24000000
single-high,309,20400000,9444333,24000000
single-high,310,20400000,9444333,24000000
single-high,311,20400000,9444333,24000000
single-high,312,20400000,9444333,24000000
single-high,313,20400000,9444333,24000000
single-high,314,20400000,9444333,24000000
single-high,315,20400000,9444333,24000000
single-high,316,20400000,9444333,24000000
single-high,317,20400000,9444333,24000000
single-high,318,20400000,9444333,24000000
single-high,319,20400000,9444333,24000000
single-high,320,20400000,9444333,24000000
single-high,321,20400000,9444333,24000000
single-high,322,20400000,9444333,24000000
single-high,323,20400000,9444333,24000000
single-high,324,20400000,9444333,24000000
single-high,325,20400000,9444333,24000000
single-high,326,20400000,9444333,24000000
single-high,327,20400000,9444333,24000000
single-high,328,20400000,9444333,24000000
single-high,329,20400000,9444333,24000000
single-high,330,20400000,9444333,24000000
single-high,331,20400000,9444333,24000000
single-high,332,20400000,9444333,24000000
single-high,333,20400000,9444333,24000000
single-high,334,20400000,9444333,24000000
single-high,335,20400000,9444333,24000000
single-high,336,20400000,9444333,24000000
single-high,337,20400000,9444333,24000000
single-high,338,20400000,9444333,24000000
single-high,339,20400000,9444333,24000000
single-high,340,20400000,9444333,24000000
single-high,341,20400000,9444333,24000000
single-high,342,20400000,9444333,24000000
single-high,343,20400000,9444333,24000000
single-high,344,20400000,9444333,24000000
single-high,345,20400000,9444333,24000000
single-high,346,20400000,9444333,24000000
single-high,347,20400000,9444333,24000000
single-high,348,20400000,9444333,24000000
single-high,349,20400000,9444333,24000000
single-high,350,20400000,9444333,24000000
single-high,351,20400000,9444333,24000000
single-high,352,20400000,9444333,24000000
single-high,353,20400000,9444333,24000000
single-high,354,20400000,9444333,24000000
single-high,355,20400000,9444333,24000000
single-high,356,20400000,9444333,24000000
single-high,357,20400000,9444333,24000000
single-high,358,20400000,9444333,24000000
single-high,359,20400000,9444333,24000000
single-high,360,20400000,9444333,24000000
single-high,361,20400000,9444333,24000000
single-high,362,20400000,9444333,24000000
single-high,363,20400000,9444333,24000000
single-high,364,20400000,9444333,24000000
single-high,365,20400000,9444333,24000000
single-high,366,20400000,9444333,24000000
single-high,367,20400000,9444333,24000000
single-high,368,20400000,9444333,24000000
single-high,369,20400000,9444333,24000000
single-high,370,20400000,9444333,24000000
single-high,371,20400000,9444333,24000000
single-high,372,20400000,9444333,24000000
single-high,373,20400000,9444333,24000000
single-high,374,20400000,9444333,24000000
single-high,375,20400000,9444333,24000000
single-high,376,20400000,9444333,24000000
single-high,377,20400000,9444333,24000000
single-high,378,20400000,9444333,24000000
single-high,379,20400000,9444333,24000000
single-high,380,20400000,9444333,24000000
single-high,381,20400000,9444333,24000000
single-high,382,20400000,9444333,24000000
single-high,383,20400000,9444333,24000000
single-high,384,20400000,9444333,24000000
single-high,385,20400000,9444333,24000000
single-high,386,20400000,9444333,24000000
single-high,387,20400000,9444333,24000000
single-high,388,20400000,9444333,24000000
single-high,389,20400000,9444333,24000000
single-high,390,20400000,9444333,24000000
single-high,391,20400000,9444333,24000000
single-high,392,20400000,9444333,24000000
single-high,393,20400000,9444333,24000000
single-high,394,20400000,9444333,24000000
single-high,395,20400000,9444333,24000000
single-high,396,20400000,9444333,24000000
single-high,397,20400000,9444333,24000000
single-high,398,20400000,9444333,24000000
single-high,399,20400000,9444333,24000000
single-high,400,20400000,9444333,24000000
single-high,401,20400000,9444333,24000000
single-high,402,20400000,9444333,24000000
single-high,403,20400000,9444333,24000000
single-high,404,20400000,9444333,24000000
single-high,405,20400000,9444333,24000000
single-high,406,20400000,9444333,24000000
single-high,407,20400000,9444333,24000000
single-high,408,20400000,9444333,24000000
single-high,409,20400000,9444333,24000000
single-high,410,20400000,9444333,24000000
single-high,411,20400000,9444333,24000000
single-high,412,20400000,9444333,24000000
single-high,413,20400000,9444333,24000000
single-high,414,20400000,9444333,24000000
single-high,415,20400000,9444333,24000000
single-high,416,20400000,9444333,24000000
single-high,417,20400000,9444333,24000000
single-high,418,20400000,9444333,24000000
single-high,419,20400000,9444333,24000000
single-high,420,20400000,9444333,24000000
single-high,421,20400000,9444333,24000000
single-high,422,20400000,9444333,24000000
single-high,423,20400000,9444333,24000000
single-high,424,20400000,9444333,24000000
single-high,425,20400000,9444333,24000000
single-high,426,20400000,9444333,24000000
single-high,427,20400000,9444333,24000000
single-high,428,20400000,9444333,24000000
single-high,429,20400000,9444333,24000000
single-high,430,20400000,9444333,24000000
single-high,431,20400000,9444333,24000000
single-high,432,20400000,9444333,24000000
single-high,433,20400000,9444333,24000000
single-high,434,20400000,9444333,24000000
single-high,435,20400000,9444333,24000000
single-high,436,20400000,9444333,24000000
single-high,437,20400000,9444333,24000000
single-high,438,20400000,9444333,24000000
single-high,439,20400000,9444333,24000000
single-high,440,20400000,9444333,24000000
single-high,441,20400000,9444333,24000000
single-high,442,20400000,9444333,24000000
single-high,443,20400000,9444333,24000000
single-high,444,20400000,9444333,24000000
single-high,445,20400000,9444333,24000000
single-high,446,20400000,9444333,24000000
single-high,447,20400000,9444333,24000000
single-high,448,20400000,9444333,24000000
single-high,449,20400000,9444333,24000000
single-high,450,20400000,9444333,24000000
single-high,451,20400000,9444333,24000000
single-high,452,20400000,9444333,24000000
single-high,453,20400000,9444333,24000000
single-high,454,20400000,9444333,24000000
single-high,455,20400000,9444333,24000000
single-high,456,20400000,9444333,24000000
single-high,457,20400000,9444333,24000000
single-high,458,20400000,9444333,24000000
single-high,459,20400000,9444333,24000000
single-high,460,20400000,9444333,24000000
single-high,461,20400000,9444333,24000000
single-high,462,20400000,9444333,24000000
single-high,463,20400000,9444333,24000000
single-high,464,20400000,9444333,24000000
single-high,465,20400000,9444333,24000000
single-high,466,20400000,9444333,24000000
single-high,467,20400000,9444333,24000000
single-high,468,20400000,9444333,24000000
single-high,469,20400000,9444333,24000000
single-high,470,20400000,9444333,24000000
single-high,471,20400000,9444333,24000000
single-high,472,20400000,9444333,24000000
single-high,473,20400000,9444333,24000000
single-high,474,20400000,9444333,24000000
single-high,475,20400000,9444333,24000000
single-high,476,20400000,9444333,24000000
single-high,477,20400000,9444333,24000000
single-high,478,20400000,9444333,24000000
single-high,479,20400000,9444333,24000000
single-high,480,20400000,9444333,24000000
single-high,481,20400000,9444333,24000000
single-high,482,20400000,9444333,24000000
single-high,483,20400000,9444333,24000000
single-high,484,20400000,9444333,24000000
single-high,485,20400000,9444333,24000000
single-high,486,20400000,9444333,24000000
single-high,487,20400000,9444333,24000000
single-high,488,20400000,9444333,24000000
single-high,489,20400000,9444333,24000000
single-high,490,20400000,9444333,24000000
single-high,491,20400000,9444333,24000000
single-high,492,20400000,9444333,24000000
single-high,493,20400000,9444333,24000000
single-high,494,20400000,9444333,24000000
single-high,495,20400000,9444333,24000000
single-high,496,20400000,9444333,24000000
single-high,497,20400000,9444333,24000000
single-high,498,20400000,9444333,24000000
single-high,499,20400000,9444333,24000000
single-high,500,20400000,9444333,24000000
single-high,501,20400000,9444333,24000000
single-high,502,20400000,9444333,24000000
single-high,503,20400000,9444333,24000000
single-high,504,20400000,9444333,24000000
single-high,505,20400000,9444333,24000000
single-high,506,20400000,9444333,24000000
single-high,507,20400000,9444333,24000000
single-high,508,20400000,9444333,24000000
single-high,509,20400000,9444333,24000000
single-high,510,20400000,9444333,24000000
single-high,511,20400000,9444333,24000000
single-high,512,20400000,9444333,24000000
single-high,513,20400000,9444333,24000000
single-high,514,20400000,9444333,24000000
single-high,515,20400000,9444333,24000000
single-high,516,20400000,9444333,24000000
single-high,517,20400000,9444333,24000000
single-high,518,20400000,9444333,24000000
single-high,519,20400000,9444333,24000000
single-high,520,20400000,9444333,24000000
single-high,521,20400000,9444333,24000000
single-high,522,20400000,9444333,24000000
single-high,523,20400000,9444333,24000000
single-high,524,20400000,9444333,24000000
single-high,525,20400000,9444333,24000000
single-high,526,20400000,9444333,24000000
single-high,527,20400000,9444333,24000000
single-high,528,20400000,9444333,24000000
single-high,529,20400000,9444333,24000000
single-high,530,20400000,9444333,24000000
single-high,531,20400000,9444333,24000000
single-high,532,20400000,9444333,24000000
single-high,533,20400000,9444333,24000000
single-high,534,20400000,9444333,24000000
single-high,535,20400000,9444333,24000000
single-high,536,20400000,9444333,24000000
single-high,537,20400000,9444333,24000000
single-high,538,20400000,9444333,24000000
single-high,539,20400000,9444333,24000000
single-high,540,20400000,9444333,24000000
single-high,541,20400000,9444333,24000000
single-high,542,20400000,9444333,24000000
single-high,543,20400000,9444333,24000000
single-high,544,20400000,9444333,24000000
single-high,545,20400000,9444333,24000000
single-high,546,20400000,9444333,24000000
single-high,547,20400000,9444333,24000000
single-high,548,20400000,9444333,24000000
single-high,549,20400000,9444333,24000000
single-high,550,20400000,9444333,24000000
single-high,551,20400000,9444333,24000000
single-high,552,20400000,9444333,24000000
single-high,553,20400000,9444333,24000000
single-high,554,20400000,9444333,24000000
single-high,555,20400000,9444333,24000000
single-high,556,20400000,9444333,24000000
single-high,557,20400000,9444333,24000000
single-high,558,20400000,9444333,24000000
single-high,559,20400000,9444333,24000000
single-high,560,20400000,9444333,24000000
single-high,561,20400000,9444333,24000000
single-high,562,20400000,9444333,24000000
single-high,563,20400000,9444333,24000000
single-high,564,20400000,9444333,24000000
single-high,565,20400000,9444333,24000000
single-high,566,20400000,9444333,24000000
single-high,567,20400000,9444333,24000000
single-high,568,20400000,9444333,24000000
single-high,569,20400000,9444333,24000000
single-high,570,20400000,9444333,24000000
single-high,571,20400000,9444333,24000000
single-high,572,20400000,9444333,24000000
single-high,573,20400000,9444333,24000000
single-high,574,20400000,9444333,24000000
single-high,575,20400000,9444333,24000000
single-high,576,20400000,9444333,24000000
single-high,577,20400000,9444333,24000000
single-high,578,20400000,9444333,24000000
single-high,579,20400000,9444333,24000000
single-high,580,20400000,9444333,24000000
single-high,581,20400000,9444333,24000000
single-high,582,20400000,9444333,24000000
single-high,583,20400000,9444333,24000000
single-high,584,20400000,9444333,24000000
single-high,585,20400000,9444333,24000000
single-high,586,20400000,9444333,24000000
single-high,587,20400000,9444333,24000000
single-high,588,20400000,9444333,24000000
single-high,589,20400000,9444333,24000000
single-high,590,20400000,9444333,24000000
single-high,591,20400000,9444333,24000000
single-high,592,20400000,9444333,24000000
single-high,593,20400000,9444333,24000000
single-high,594,20400000,9444333,24000000
single-high,595,20400000,9444333,24000000
single-high,596,20400000,9444333,24000000
single-high,597,20400000,9444333,24000000
single-high,598,20400000,9444333,24000000
single-high,599,20400000,9444333,24000000
single-high,600,20400000,9444333,24000000
single-high,601,20400000,9444333,24000000
single-high,602,20400000,9444333,24000000
single-high,603,20400000,9444333,24000000
single-high,604,20400000,9444333,24000000
single-high,605,20400000,9444333,24000000
single-high,606,20400000,9444333,24000000
single-high,607,20400000,9444333,24000000
single-high,608,20400000,9444333,24000000
single-high,609,20400000,9444333,24000000
single-high,610,20400000,9444333,24000000
single-high,611,20400000,9444333,24000000
single-high,612,20400000,9444333,24000000
single-high,613,20400000,9444333,24000000
single-high,614,20400000,9444333,24000000
single-high,615,20400000,9444333,24000000
single-high,616,20400000,9444333,24000000
single-high,617,20400000,9444333,24000000
single-high,618,20400000,9444333,24000000
single-high,619,20400000,9444333,24000000
single-high,620,20400000,9444333,24000000
single-high,621,20400000,9444333,24000000
single-high,622,20400000,9444333,24000000
single-high,623,20400000,9444333,24000000
single-high,624,20400000,9444333,24000000
single-high,625,20400000,9444333,24000000
single-high,626,20400000,9444333,24000000
single-high,627,20400000,9444333,24000000
single-high,628,20400000,9444333,24000000
single-high,629,20400000,9444333,24000000
single-high,630,20400000,9444333,24000000
single-high,631,20400000,9444333,24000000
single-high,632,20400000,9444333,24000000
single-high,633,20400000,9444333,24000000
single-high,634,20400000,9444333,24000000
single-high,635,20400000,9444333,24000000
single-high,636,20400000,9444333,24000000
single-high,637,20400000,9444333,24000000
single-high,638,20400000,9444333,24000000
single-high,639,20400000,9444333,24000000
single-high,640,20400000,9444333,24000000
single-high,641,20400000,9444333,24000000
single-high,642,20400000,9444333,24000000
single-high,643,20400000,9444333,24000000
single-high,644,20400000,9444333,24000000
single-high,645,20400000,9444333,24000000
single-high,646,20400000,9444333,24000000
single-high,647,20400000,9444333,24000000
single-high,648,20400000,9444333,24000000
single-high,649,20400000,9444333,24000000
single-high,650,20400000,9444333,24000000
single-high,651,20400000,9444333,24000000
single-high,652,20400000,9444333,24000000
single-high,653,20400000,9444333,24000000
single-high,654,20400000,9444333,24000000
single-high,655,20400000,9444333,24000000
single-high,656,20400000,9444333,24000000
single-high,657,20400000,9444333,24000000
single-high,658,20400000,9444333,24000000
single-high,659,20400000,9444333,24000000
single-high,660,20400000,9444333,24000000
single-high,661,20400000,9444333,24000000
single-high,662,20400000,9444333,24000000
single-high,663,20400000,9444333,24000000
single-high,664,20400000,9444333,24000000
single-high,665,20400000,9444333,24000000
single-high,666,20400000,9444333,24000000
single-high,667,20400000,9444333,24000000
single-high,668,20400000,9444333,24000000
single-high,669,20400000,9444333,24000000
single-high,670,20400000,9444333,24000000
single-high,671,20400000,9444333,24000000
single-high,672,20400000,9444333,24000000
single-high,673,20400000,9444333,24000000
single-high,674,20400000,9444333,24000000
single-high,675,20400000,9444333,24000000
single-high,676,20400000,9444333,24000000
single-high,677,20400000,9444333,24000000
single-high,678,20400000,9444333,24000000
single-high,679,20400000,9444333,24000000
single-high,680,20400000,9444333,24000000
single-high,681,20400000,9444333,24000000
single-high,682,20400000,9444333,24000000
single-high,683,20400000,9444333,24000000
single-high,684,20400000,9444333,24000000
single-high,685,20400000,9444333,24000000
single-high,686,20400000,9444333,24000000
single-high,687,20400000,9444333,24000000
single-high,688,20400000,9444333,24000000
single-high,689,20400000,9444333,24000000
single-high,690,20400000,9444333,24000000
single-high,691,20400000,9444333,24000000
single-high,692,20400000,9444333,24000000
single-high,693,20400000,9444333,24000000
single-high,694,20400000,9444333,24000000
single-high,695,20400000,9444333,24000000
single-high,696,20400000,9444333,24000000
single-high,697,20400000,9444333,24000000
single-high,698,20400000,9444333,24000000
single-high,699,20400000,9444333,24000000
single-high,700,20400000,9444333,24000000
single-high,701,20400000,9444333,24000000
single-high,702,20400000,9444333,24000000
single-high,703,20400000,9444333,24000000
single-high,704,20400000,9444333,24000000
single-high,705,20400000,9444333,24000000
single-high,706,20400000,9444333,24000000
single-high,707,20400000,9444333,24000000
single-high,708,20400000,9444333,24000000
single-high,709,20400000,9444333,24000000
single-high,710,20400000,9444333,24000000
single-high,711,20400000,9444333,24000000
single-high,712,20400000,9444333,24000000
single-high,713,20400000,9444333,24000000
single-high,714,20400000,9444333,24000000
single-high,715,20400000,9444333,24000000
single-high,716,20400000,9444333,24000000
single-high,717,20400000,9444333,24000000
single-high,718,20400000,9444333,24000000
single-high,719,20400000,9444333,24000000
single-high,720,20400000,9444333,24000000
single-high,721,20400000,9444333,24000000
single-high,722,20400000,9444333,24000000
single-high,723,20400000,9444333,24000000
single-high,724,20400000,9444333,24000000
single-high,725,20400000,9444333,24000000
single-high,726,20400000,9444333,24000000
single-high,727,20400000,9444333,24000000
single-high,728,20400000,9444333,24000000
single-high,729,20400000,9444333,24000000
single-high,730,20400000,9444333,24000000
single-high,731,20400000,9444333,24000000
single-high,732,20400000,9444333,24000000
single-high,733,20400000,9444333,24000000
single-high,734,20400000,9444333,24000000
single-high,735,20400000,9444333,24000000
single-high,736,20400000,9444333,24000000
single-high,737,20400000,9444333,24000000
single-high,738,20400000,9444333,24000000
single-high,739,20400000,9444333,24000000
single-high,740,20400000,9444333,24000000
single-high,741,20400000,9444333,24000000
single-high,742,20400000,9444333,24000000
single-high,743,20400000,9444333,24000000
single-high,744,20400000,9444333,24000000
single-high,745,20400000,9444333,24000000
single-high,746,20400000,9444333,24000000
single-high,747,20400000,9444333,24000000
single-high,748,20400000,9444333,24000000
single-high,749,20400000,9444333,24000000
single-high,750,20400000,9444333,24000000
single-high,751,20400000,9444333,24000000
single-high,752,20400000,9444333,24000000
single-high,753,20400000,9444333,24000000
single-high,754,20400000,9444333,24000000
single-high,755,20400000,9444333,24000000
single-high,756,20400000,9444333,24000000
single-high,757,20400000,9444333,24000000
single-high,758,20400000,9444333,24000000
single-high,759,20400000,9444333,24000000
single-high,760,20400000,9444333,24000000
single-high,761,20400000,9444333,24000000
single-high,762,20400000,9444333,24000000
single-high,763,20400000,9444333,24000000
single-high,764,20400000,9444333,24000000
single-high,765,20400000,9444333,24000000
single-high,766,20400000,9444333,24000000
single-high,767,20400000,9444333,24000000
single-high,768,20400000,9444333,24000000
single-high,769,20400000,9444333,24000000
single-high,770,20400000,9444333,24000000
single-high,771,20400000,9444333,24000000
single-high,772,20400000,9444333,24000000
single-high,773,20400000,9444333,24000000
single-high,774,20400000,9444333,24000000
single-high,775,20400000,9444333,24000000
single-high,776,20400000,9444333,24000000
single-high,777,20400000,9444333,24000000
single-high,778,20400000,9444333,24000000
single-high,779,20400000,9444333,24000000
single-high,780,20400000,9444333,24000000
single-high,781,20400000,9444333,24000000
single-high,782,20400000,9444333,24000000
single-high,783,20400000,9444333,24000000
single-high,784,20400000,9444333,24000000
single-high,785,20400000,9444333,24000000
single-high,786,20400000,9444333,24000000
single-high,787,20400000,9444333,24000000
single-high,788,20400000,9444333,24000000
single-high,789,20400000,9444333,24000000
single-high,790,20400000,9444333,24000000
single-high,791,20400000,9444333,24000000
single-high,792,20400000,9444333,24000000
single-high,793,20400000,9444333,24000000
single-high,794,26400000,9444333,24000000
single-high,795,26400000,12222000,24000000
single-high,796,26400000,12222000,24000000
single-high,797,26400000,12222000,24000000
single-high,798,26400000,12222000,24000000
single-high,799,26400000,12222000,24000000
single-high,800,26400000,12222000,24000000
single-high,801,26400000,12222000,24000000
single-high,802,26400000,12222000,24000000
single-high,803,26400000,12222000,24000000
single-high,804,26400000,12222000,24000000
single-high,805,26400000,12222000,24000000
single-high,806,26400000,12222000,24000000
single-high,807,26400000,12222000,24000000
single-high,808,26400000,12222000,24000000
single-high,809,26400000,12222000,24000000
single-high,810,26400000,12222000,24000000
single-high,811,26400000,12222000,24000000
single-high,812,26400000,12222000,24000000
single-high,813,26400000,12222000,24000000
single-high,814,26400000,12222000,24000000
single-high,815,26400000,12222000,24000000
single-high,816,26400000,12222000,24000000
single-high,817,26400000,12222000,24000000
single-high,818,26400000,12222000,24000000
single-high,819,26400000,12222000,24000000
single-high,820,26400000,12222000,24000000
single-high,821,26400000,12222000,24000000
single-high,822,26400000,12222000,24000000
single-high,823,26400000,12222000,24000000
single-high,824,26400000,12222000,24000000
single-high,825,26400000,12222000,24000000
single-high,826,26400000,12222000,24000000
single-high,827,26400000,12222000,24000000
single-high,828,26400000,12222000,24000000
single-high,829,26400000,12222000,24000000
single-high,830,26400000,12222000,24000000
single-high,831,26400000,12222000,24000000
single-high,832,26400000,12222000,24000000
single-high,833,26400000,12222000,24000000
single-high,834,26400000,12222000,24000000
single-high,835,26400000,12222000,24000000
single-high,836,26400000,12222000,24000000
single-high,837,26400000,12222000,24000000
single-high,838,26400000,12222000,24000000
single-high,839,26400000,12222000,24000000
single-high,840,26400000,12222000,24000000
single-high,841,20400000,12222000,24000000
single-high,842,20400000,9444333,24000000
single-high,843,20400000,9444333,24000000
single-high,844,20400000,9444333,24000000
single-high,845,20400000,9444333,24000000
single-high,846,20400000,9444333,24000000
single-high,847,20400000,9444333,24000000
single-high,848,20400000,9444333,24000000
single-high,849,20400000,9444333,24000000
single-high,850,20400000,9444333,24000000
single-high,851,20400000,9444333,24000000
single-high,852,20400000,9444333,24000000
single-high,853,20400000,9444333,24000000
single-high,854,20400000,9444333,24000000
single-high,855,20400000,9444333,24000000
single-high,856,20400000,9444333,24000000
single-high,857,20400000,9444333,24000000
single-high,858,20400000,9444333,24000000
single-high,859,20400000,9444333,24000000
single-high,860,20400000,9444333,24000000
single-high,861,20400000,9444333,24000000
single-high,862,20400000,9444333,24000000
single-high,863,20400000,9444333,24000000
single-high,864,20400000,9444333,24000000
single-high,865,20400000,9444333,24000000
single-high,866,20400000,9444333,24000000
single-high,867,20400000,9444333,24000000
single-high,868,20400000,9444333,24000000
single-high,869,20400000,9444333,24000000
single-high,870,20400000,9444333,24000000
single-high,871,20400000,9444333,24000000
single-high,872,20400000,9444333,24000000
single-high,873,20400000,9444333,24000000
single-high,874,20400000,9444333,24000000
single-high,875,20400000,9444333,24000000
single-high,876,20400000,9444333,24000000
single-high,877,20400000,9444333,24000000
single-high,878,20400000,9444333,24000000
single-high,879,20400000,9444333,24000000
single-high,880,20400000,9444333,24000000
single-high,881,20400000,9444333,24000000
single-high,882,20400000,9444333,24000000
single-high,883,20400000,9444333,24000000
single-high,884,20400000,9444333,24000000
single-high,885,20400000,9444333,24000000
single-high,886,20400000,9444333,24000000
single-high,887,20400000,9444333,24000000
single-high,888,20400000,9444333,24000000
single-high,889,20400000,9444333,24000000
single-high,890,20400000,9444333,24000000
single-high,891,20400000,9444333,24000000
single-high,892,20400000,9444333,24000000
single-high,893,20400000,9444333,24000000
single-high,894,20400000,9444333,24000000
single-high,895,20400000,9444333,24000000
single-high,896,20400000,9444333,24000000
single-high,897,20400000,9444333,24000000
single-high,898,20400000,9444333,24000000
single-high,899,20400000,9444333,24000000
repeated-high,0,20400001,4722166,24000002
repeated-high,1,20400001,9444333,24000002
repeated-high,2,20400001,9444333,24000002
repeated-high,3,20400001,9444333,24000002
repeated-high,4,20400001,9444333,24000002
repeated-high,5,20400001,9444333,24000002
repeated-high,6,20400001,9444333,24000002
repeated-high,7,20400001,9444333,24000002
repeated-high,8,20400001,9444333,24000002
repeated-high,9,20400001,9444333,24000002
repeated-high,10,20400001,9444333,24000002
repeated-high,11,20400001,9444333,24000002
repeated-high,12,20400001,9444333,24000002
repeated-high,13,20400001,9444333,24000002
repeated-high,14,20400001,9444333,24000002
repeated-high,15,20400001,9444333,24000002
repeated-high,16,20400001,9444333,48000006
repeated-high,17,20400001,9444333,48000006
repeated-high,18,20400001,9444333,48000006
repeated-high,19,20400001,9444333,48000006
repeated-high,20,20400001,9444333,48000006
repeated-high,21,20400001,9444333,48000006
repeated-high,22,20400001,9444333,48000006
repeated-high,23,20400001,4722166,48000006
repeated-high,24,20400001,9444333,48000006
repeated-high,25,20400001,9444333,48000006
repeated-high,26,20400001,9444333,48000006
repeated-high,27,20400001,9444333,48000006
repeated-high,28,20400001,9444333,48000006
repeated-high,29,20400001,9444333,48000006
repeated-high,30,20400001,9444333,48000006
repeated-high,31,20400001,9444333,48000006
repeated-high,32,20400001,9444333,48000006
repeated-high,33,14280000,9444333,24000000
repeated-high,34,14280000,6611000,24000000
repeated-high,35,14280000,6611000,24000000
repeated-high,36,14280000,6611000,24000000
repeated-high,37,14280000,6611000,24000000
repeated-high,38,14280000,6611000,24000000
repeated-high,39,14280000,6611000,48000006
repeated-high,40,14280000,6611000,48000006
repeated-high,41,14280000,6611000,48000006
repeated-high,42,14280000,6611000,48000006
repeated-high,43,14280000,6611000,48000006
repeated-high,44,14280000,6611000,48000006
repeated-high,45,14280000,6611000,48000006
repeated-high,46,14280000,4444444,48000006
repeated-high,47,14280000,6611000,48000006
repeated-high,48,14280000,6611000,48000006
repeated-high,49,14280000,6611000,48000006
repeated-high,50,14280000,6611000,48000006
repeated-high,51,14280000,6611000,48000006
repeated-high,52,14280000,6611000,48000006
repeated-high,53,14280000,6611000,48000006
repeated-high,54,14280000,6611000,48000006
repeated-high,55,14280000,6611000,48000006
repeated-high,56,14280000,6611000,48000006
repeated-high,57,14280000,6611000,48000006
repeated-high,58,14280000,6611000,48000006
repeated-high,59,14280000,6611000,48000006
repeated-high,60,14280000,6611000,48000006
repeated-high,61,14280000,6611000,48000006
repeated-high,62,14280000,6611000,48000006
repeated-high,63,14280000,6611000,48000006
repeated-high,64,14280000,6611000,48000006
repeated-high,65,14280000,6611000,48000006
repeated-high,66,14280000,6611000,48000006
repeated-high,67,14280000,6611000,48000006
repeated-high,68,14280000,6611000,48000006
repeated-high,69,14280000,4444444,48000006
repeated-high,70,14280000,6611000,48000006
repeated-high,71,14280000,6611000,48000006
repeated-high,72,14280000,6611000,48000006
repeated-high,73,14280000,6611000,48000006
repeated-high,74,14280000,6611000,48000006
repeated-high,75,14280000,6611000,48000006
repeated-high,76,14280000,6611000,48000006
repeated-high,77,14280000,6611000,48000006
repeated-high,78,14280000,6611000,48000006
repeated-high,79,14280000,6611000,48000006
repeated-high,80,14280000,6611000,48000006
repeated-high,81,14280000,6611000,48000006
repeated-high,82,14280000,6611000,48000006
repeated-high,83,14280000,6611000,48000006
repeated-high,84,14280000,6611000,48000006
repeated-high,85,14280000,6611000,48000006
repeated-high,86,14280000,6611000,48000006
repeated-high,87,14280000,6611000,48000006
repeated-high,88,14280000,6611000,48000006
repeated-high,89,14280000,6611000,48000006
repeated-high,90,14280000,6611000,48000006
repeated-high,91,14280000,6611000,48000006
repeated-high,92,14280000,4444444,48000006
repeated-high,93,14280000,6611000,48000006
repeated-high,94,14280000,6611000,48000006
repeated-high,95,14280000,6611000,48000006
repeated-high,96,14280000,6611000,48000006
repeated-high,97,14280000,6611000,48000006
repeated-high,98,14280000,6611000,48000006
repeated-high,99,14280000,6611000,48000006
repeated-high,100,14280000,6611000,48000006
repeated-high,101,14280000,6611000,48000006
repeated-high,102,14280000,6611000,48000006
repeated-high,103,14280000,6611000,48000006
repeated-high,104,14280000,6611000,48000006
repeated-high,105,14280000,6611000,48000006
repeated-high,106,14280000,6611000,48000006
repeated-high,107,14280000,6611000,48000006
repeated-high,108,14280000,6611000,48000006
repeated-high,109,14280000,6611000,48000006
repeated-high,110,14280000,6611000,48000006
repeated-high,111,14280000,6611000,48000006
repeated-high,112,14280000,6611000,48000006
repeated-high,113,14280000,6611000,48000006
repeated-high,114,14280000,6611000,48000006
repeated-high,115,14280000,4444444,48000006
repeated-high,116,14280000,6611000,48000006
repeated-high,117,14280000,6611000,48000006
repeated-high,118,14280000,6611000,48000006
repeated-high,119,14280000,6611000,48000006
repeated-high,120,14280000,6611000,48000006
repeated-high,121,14280000,6611000,48000006
repeated-high,122,14280000,6611000,48000006
repeated-high,123,14280000,6611000,48000006
repeated-high,124,14280000,6611000,48000006
repeated-high,125,14280000,6611000,48000006
repeated-high,126,14280000,6611000,48000006
repeated-high,127,14280000,6611000,48000006
repeated-high,128,14280000,6611000,48000006
repeated-high,129,14280000,6611000,48000006
repeated-high,130,14280000,6611000,48000006
repeated-high,131,14280000,6611000,48000006
repeated-high,132,14280000,6611000,48000006
repeated-high,133,14280000,6611000,48000006
repeated-high,134,14280000,6611000,48000006
repeated-high,135,14280000,6611000,48000006
repeated-high,136,14280000,6611000,48000006
repeated-high,137,14280000,6611000,48000006
repeated-high,138,14280000,4444444,48000006
repeated-high,139,14280000,6611000,48000006
repeated-high,140,14280000,6611000,48000006
repeated-high,141,14280000,6611000,48000006
repeated-high,142,14280000,6611000,48000006
repeated-high,143,14280000,6611000,48000006
repeated-high,144,14280000,6611000,48000006
repeated-high,145,14280000,6611000,48000006
repeated-high,146,14280000,6611000,48000006
repeated-high,147,14280000,6611000,48000006
repeated-high,148,14280000,6611000,48000006
repeated-high,149,14280000,6611000,48000006
repeated-high,150,14280000,6611000,48000006
repeated-high,151,14280000,6611000,48000006
repeated-high,152,14280000,6611000,48000006
repeated-high,153,14280000,6611000,48000006
repeated-high,154,14280000,6611000,48000006
repeated-high,155,14280000,6611000,48000006
repeated-high,156,14280000,6611000,48000006
repeated-high,157,14280000,6611000,48000006
repeated-high,158,14280000,6611000,48000006
repeated-high,159,14280000,6611000,48000006
repeated-high,160,14280000,6611000,48000006
repeated-high,161,14280000,4444444,48000006
repeated-high,162,14280000,6611000,48000006
repeated-high,163,14280000,6611000,48000006
repeated-high,164,14280000,6611000,48000006
repeated-high,165,14280000,6611000,48000006
repeated-high,166,14280000,6611000,48000006
repeated-high,167,14280000,6611000,48000006
repeated-high,168,14280000,6611000,48000006
repeated-high,169,14280000,6611000,48000006
repeated-high,170,14280000,6611000,48000006
repeated-high,171,14280000,6611000,48000006
repeated-high,172,14280000,6611000,48000006
repeated-high,173,14280000,6611000,48000006
repeated-high,174,14280000,6611000,48000006
repeated-high,175,14280000,6611000,48000006
repeated-high,176,14280000,6611000,48000006
repeated-high,177,14280000,6611000,48000006
repeated-high,178,14280000,6611000,48000006
repeated-high,179,14280000,6611000,48000006
repeated-high,180,14280000,6611000,48000006
repeated-high,181,14280000,6611000,48000006
repeated-high,182,14280000,6611000,48000006
repeated-high,183,14280000,6611000,48000006
repeated-high,184,14280000,4444444,48000006
repeated-high,185,14280000,6611000,48000006
repeated-high,186,14280000,6611000,48000006
repeated-high,187,14280000,6611000,48000006
repeated-high,188,14280000,6611000,48000006
repeated-high,189,14280000,6611000,48000006
repeated-high,190,14280000,6611000,48000006
repeated-high,191,14280000,6611000,48000006
repeated-high,192,14280000,6611000,48000006
repeated-high,193,14280000,6611000,48000006
repeated-high,194,14280000,6611000,48000006
repeated-high,195,14280000,6611000,48000006
repeated-high,196,14280000,6611000,48000006
repeated-high,197,14280000,6611000,48000006
repeated-high,198,14280000,6611000,48000006
repeated-high,199,14280000,6611000,48000006
repeated-high,200,14280000,6611000,48000006
repeated-high,201,14280000,6611000,48000006
repeated-high,202,14280000,6611000,48000006
repeated-high,203,14280000,6611000,48000006
repeated-high,204,14280000,6611000,48000006
repeated-high,205,14280000,6611000,48000006
repeated-high,206,14280000,6611000,48000006
repeated-high,207,14280000,4444444,48000006
repeated-high,208,14280000,6611000,48000006
repeated-high,209,14280000,6611000,48000006
repeated-high,210,14280000,6611000,48000006
repeated-high,211,14280000,6611000,48000006
repeated-high,212,14280000,6611000,48000006
repeated-high,213,14280000,6611000,48000006
repeated-high,214,14280000,6611000,48000006
repeated-high,215,14280000,6611000,48000006
repeated-high,216,14280000,6611000,48000006
repeated-high,217,14280000,6611000,48000006
repeated-high,218,10000000,6611000,24000000
repeated-high,219,10000000,4629333,24000000
repeated-high,220,10000000,4629333,24000000
repeated-high,221,10000000,4629333,24000000
repeated-high,222,10000000,4629333,24000000
repeated-high,223,10000000,4629333,35699403
repeated-high,224,10000000,4629333,35699403
repeated-high,225,10000000,4629333,35699403
repeated-high,226,10000000,4629333,35699403
repeated-high,227,10000000,4629333,35699403
repeated-high,228,10000000,4629333,35699403
repeated-high,229,10000000,4629333,35699403
repeated-high,230,10000000,4444444,35699403
repeated-high,231,10000000,4629333,35699403
repeated-high,232,10000000,4629333,35699403
repeated-high,233,10000000,4629333,35699403
repeated-high,234,10000000,4629333,35699403
repeated-high,235,10000000,4629333,35699403
repeated-high,236,10000000,4629333,35699403
repeated-high,237,10000000,4629333,35699403
repeated-high,238,10000000,4629333,35699403
repeated-high,239,10000000,4629333,35699403
repeated-high,240,10000000,4629333,35699403
repeated-high,241,10000000,4629333,35699403
repeated-high,242,10000000,4629333,35699403
repeated-high,243,10000000,4629333,35699403
repeated-high,244,10000000,4629333,35699403
repeated-high,245,10000000,4629333,35699403
repeated-high,246,10000000,4629333,35699403
repeated-high,247,10000000,4629333,35699403
repeated-high,248,10000000,4629333,35699403
repeated-high,249,10000000,4629333,35699403
repeated-high,250,10000000,4629333,35699403
repeated-high,251,10000000,4629333,35699403
repeated-high,252,10000000,4629333,35699403
repeated-high,253,10000000,4444444,35699403
repeated-high,254,10000000,4629333,35699403
repeated-high,255,10000000,4629333,35699403
repeated-high,256,10000000,4629333,35699403
repeated-high,257,10000000,4629333,35699403
repeated-high,258,10000000,4629333,35699403
repeated-high,259,10000000,4629333,35699403
repeated-high,260,10000000,4629333,35699403
repeated-high,261,10000000,4629333,35699403
repeated-high,262,10000000,4629333,35699403
repeated-high,263,10000000,4629333,35699403
repeated-high,264,10000000,4629333,35699403
repeated-high,265,10000000,4629333,35699403
repeated-high,266,10000000,4629333,35699403
repeated-high,267,10000000,4629333,35699403
repeated-high,268,10000000,4629333,35699403
repeated-high,269,10000000,4629333,35699403
repeated-high,270,10000000,4629333,35699403
repeated-high,271,10000000,4629333,35699403
repeated-high,272,10000000,4629333,35699403
repeated-high,273,10000000,4629333,35699403
repeated-high,274,10000000,4629333,35699403
repeated-high,275,10000000,4629333,35699403
repeated-high,276,10000000,4444444,35699403
repeated-high,277,10000000,4629333,35699403
repeated-high,278,10000000,4629333,35699403
repeated-high,279,10000000,4629333,35699403
repeated-high,280,10000000,4629333,35699403
repeated-high,281,10000000,4629333,35699403
repeated-high,282,10000000,4629333,35699403
repeated-high,283,10000000,4629333,35699403
repeated-high,284,10000000,4629333,35699403
repeated-high,285,10000000,4629333,35699403
repeated-high,286,10000000,4629333,35699403
repeated-high,287,10000000,4629333,35699403
repeated-high,288,10000000,4629333,35699403
repeated-high,289,10000000,4629333,35699403
repeated-high,290,10000000,4629333,35699403
repeated-high,291,10000000,4629333,35699403
repeated-high,292,10000000,4629333,35699403
repeated-high,293,10000000,4629333,35699403
repeated-high,294,10000000,4629333,35699403
repeated-high,295,10000000,4629333,35699403
repeated-high,296,10000000,4629333,35699403
repeated-high,297,10000000,4629333,35699403
repeated-high,298,10000000,4629333,35699403
repeated-high,299,10000000,4444444,35699403
repeated-high,300,10000000,4629333,35699403
repeated-high,301,10000000,4629333,35699403
repeated-high,302,10000000,4629333,35699403
repeated-high,303,10000000,4629333,35699403
repeated-high,304,10000000,4629333,35699403
repeated-high,305,10000000,4629333,35699403
repeated-high,306,10000000,4629333,35699403
repeated-high,307,10000000,4629333,35699403
repeated-high,308,10000000,4629333,35699403
repeated-high,309,10000000,4629333,35699403
repeated-high,310,10000000,4629333,35699403
repeated-high,311,20400001,4629333,35699403
repeated-high,312,20400001,9444333,35699403
repeated-high,313,20400001,9444333,35699403
repeated-high,314,20400001,9444333,35699403
repeated-high,315,20400001,9444333,35699403
repeated-high,316,20400001,9444333,35699403
repeated-high,317,20400001,9444333,35699403
repeated-high,318,20400001,9444333,35699403
repeated-high,319,20400001,9444333,35699403
repeated-high,320,20400001,9444333,35699403
repeated-high,321,20400001,9444333,35699403
repeated-high,322,20400001,4722166,35699403
repeated-high,323,20400001,9444333,35699403
repeated-high,324,20400001,9444333,35699403
repeated-high,325,20400001,9444333,35699403
repeated-high,326,20400001,9444333,35699403
repeated-high,327,20400001,9444333,35699403
repeated-high,328,20400001,9444333,35699403
repeated-high,329,20400001,9444333,35699403
repeated-high,330,20400001,9444333,35699403
repeated-high,331,20400001,9444333,35699403
repeated-high,332,20400001,9444333,35699403
repeated-high,333,20400001,9444333,35699403
repeated-high,334,20400001,9444333,35699403
repeated-high,335,20400001,9444333,35699403
repeated-high,336,20400001,9444333,35699403
repeated-high,337,20400001,9444333,35699403
repeated-high,338,20400001,9444333,48000006
repeated-high,339,20400001,9444333,48000006
repeated-high,340,20400001,9444333,48000006
repeated-high,341,20400001,9444333,48000006
repeated-high,342,20400001,9444333,48000006
repeated-high,343,20400001,9444333,48000006
repeated-high,344,20400001,9444333,48000006
repeated-high,345,20400001,4722166,48000006
repeated-high,346,20400001,9444333,48000006
repeated-high,347,20400001,9444333,48000006
repeated-high,348,20400001,9444333,48000006
repeated-high,349,20400001,9444333,48000006
repeated-high,350,20400001,9444333,48000006
repeated-high,351,20400001,9444333,48000006
repeated-high,352,20400001,9444333,48000006
repeated-high,353,20400001,9444333,48000006
repeated-high,354,20400001,9444333,48000006
repeated-high,355,20400001,9444333,48000006
repeated-high,356,20400001,9444333,48000006
repeated-high,357,20400001,9444333,48000006
repeated-high,358,20400001,9444333,48000006
repeated-high,359,20400001,9444333,48000006
repeated-high,360,20400001,9444333,48000006
repeated-high,361,20400001,9444333,48000006
repeated-high,362,20400001,9444333,48000006
repeated-high,363,20400001,9444333,48000006
repeated-high,364,20400001,9444333,48000006
repeated-high,365,20400001,9444333,48000006
repeated-high,366,20400001,9444333,48000006
repeated-high,367,20400001,9444333,48000006
repeated-high,368,20400001,4722166,48000006
repeated-high,369,20400001,9444333,48000006
repeated-high,370,20400001,9444333,48000006
repeated-high,371,20400001,9444333,48000006
repeated-high,372,20400001,9444333,48000006
repeated-high,373,20400001,9444333,48000006
repeated-high,374,20400001,9444333,48000006
repeated-high,375,20400001,9444333,48000006
repeated-high,376,20400001,9444333,48000006
repeated-high,377,20400001,9444333,48000006
repeated-high,378,20400001,9444333,48000006
repeated-high,379,20400001,9444333,48000006
repeated-high,380,20400001,9444333,48000006
repeated-high,381,20400001,9444333,48000006
repeated-high,382,20400001,9444333,48000006
repeated-high,383,20400001,9444333,48000006
repeated-high,384,20400001,9444333,48000006
repeated-high,385,20400001,9444333,48000006
repeated-high,386,20400001,9444333,48000006
repeated-high,387,20400001,9444333,48000006
repeated-high,388,20400001,9444333,48000006
repeated-high,389,20400001,9444333,48000006
repeated-high,390,20400001,9444333,48000006
repeated-high,391,20400001,4722166,48000006
repeated-high,392,20400001,9444333,48000006
repeated-high,393,20400001,9444333,48000006
repeated-high,394,20400001,9444333,48000006
repeated-high,395,20400001,9444333,48000006
repeated-high,396,20400001,9444333,48000006
repeated-high,397,20400001,9444333,48000006
repeated-high,398,20400001,9444333,48000006
repeated-high,399,20400001,9444333,48000006
repeated-high,400,20400001,9444333,48000006
repeated-high,401,20400001,9444333,48000006
repeated-high,402,20400001,9444333,48000006
repeated-high,403,20400001,9444333,48000006
repeated-high,404,14280000,9444333,24000000
repeated-high,405,14280000,6611000,24000000
repeated-high,406,14280000,6611000,24000000
repeated-high,407,14280000,6611000,48000006
repeated-high,408,14280000,6611000,48000006
repeated-high,409,14280000,6611000,48000006
repeated-high,410,14280000,6611000,48000006
repeated-high,411,14280000,6611000,48000006
repeated-high,412,14280000,6611000,48000006
repeated-high,413,14280000,6611000,48000006
repeated-high,414,14280000,4444444,48000006
repeated-high,415,14280000,6611000,48000006
repeated-high,416,14280000,6611000,48000006
repeated-high,417,14280000,6611000,48000006
repeated-high,418,14280000,6611000,48000006
repeated-high,419,14280000,6611000,48000006
repeated-high,420,14280000,6611000,48000006
repeated-high,421,14280000,6611000,48000006
repeated-high,422,14280000,6611000,48000006
repeated-high,423,14280000,6611000,48000006
repeated-high,424,14280000,6611000,48000006
repeated-high,425,14280000,6611000,48000006
repeated-high,426,14280000,6611000,48000006
repeated-high,427,14280000,6611000,48000006
repeated-high,428,14280000,6611000,48000006
repeated-high,429,14280000,6611000,48000006
repeated-high,430,14280000,6611000,48000006
repeated-high,431,14280000,6611000,48000006
repeated-high,432,14280000,6611000,48000006
repeated-high,433,14280000,6611000,48000006
repeated-high,434,14280000,6611000,48000006
repeated-high,435,14280000,6611000,48000006
repeated-high,436,14280000,6611000,48000006
repeated-high,437,14280000,4444444,48000006
repeated-high,438,14280000,6611000,48000006
repeated-high,439,14280000,6611000,48000006
repeated-high,440,14280000,6611000,48000006
repeated-high,441,14280000,6611000,48000006
repeated-high,442,14280000,6611000,48000006
repeated-high,443,14280000,6611000,48000006
repeated-high,444,14280000,6611000,48000006
repeated-high,445,14280000,6611000,48000006
repeated-high,446,14280000,6611000,48000006
repeated-high,447,14280000,6611000,48000006
repeated-high,448,14280000,6611000,48000006
repeated-high,449,14280000,6611000,48000006
repeated-high,450,14280000,6611000,48000006
repeated-high,451,14280000,6611000,48000006
repeated-high,452,14280000,6611000,48000006
repeated-high,453,14280000,6611000,48000006
repeated-high,454,14280000,6611000,48000006
repeated-high,455,14280000,6611000,48000006
repeated-high,456,14280000,6611000,48000006
repeated-high,457,14280000,6611000,48000006
repeated-high,458,14280000,6611000,48000006
repeated-high,459,14280000,6611000,48000006
repeated-high,460,14280000,4444444,48000006
repeated-high,461,14280000,6611000,48000006
repeated-high,462,14280000,6611000,48000006
repeated-high,463,14280000,6611000,48000006
repeated-high,464,14280000,6611000,48000006
repeated-high,465,14280000,6611000,48000006
repeated-high,466,14280000,6611000,48000006
repeated-high,467,14280000,6611000,48000006
repeated-high,468,14280000,6611000,48000006
repeated-high,469,14280000,6611000,48000006
repeated-high,470,14280000,6611000,48000006
repeated-high,471,14280000,6611000,48000006
repeated-high,472,14280000,6611000,48000006
repeated-high,473,14280000,6611000,48000006
repeated-high,474,14280000,6611000,48000006
repeated-high,475,14280000,6611000,48000006
repeated-high,476,14280000,6611000,48000006
repeated-high,477,14280000,6611000,48000006
repeated-high,478,14280000,6611000,48000006
repeated-high,479,14280000,6611000,48000006
repeated-high,480,14280000,6611000,48000006
repeated-high,481,14280000,6611000,48000006
repeated-high,482,14280000,6611000,48000006
repeated-high,483,14280000,4444444,48000006
repeated-high,484,14280000,6611000,48000006
repeated-high,485,14280000,6611000,48000006
repeated-high,486,14280000,6611000,48000006
repeated-high,487,14280000,6611000,48000006
repeated-high,488,14280000,6611000,48000006
repeated-high,489,14280000,6611000,48000006
repeated-high,490,14280000,6611000,48000006
repeated-high,491,14280000,6611000,48000006
repeated-high,492,14280000,6611000,48000006
repeated-high,493,14280000,6611000,48000006
repeated-high,494,14280000,6611000,48000006
repeated-high,495,14280000,6611000,48000006
repeated-high,496,14280000,6611000,48000006
repeated-high,497,14280000,6611000,48000006
repeated-high,498,14280000,6611000,48000006
repeated-high,499,14280000,6611000,48000006
repeated-high,500,14280000,6611000,48000006
repeated-high,501,14280000,6611000,48000006
repeated-high,502,14280000,6611000,48000006
repeated-high,503,14280000,6611000,48000006
repeated-high,504,14280000,6611000,48000006
repeated-high,505,14280000,6611000,48000006
repeated-high,506,14280000,4444444,48000006
repeated-high,507,14280000,6611000,48000006
repeated-high,508,14280000,6611000,48000006
repeated-high,509,14280000,6611000,48000006
repeated-high,510,14280000,6611000,48000006
repeated-high,511,14280000,6611000,48000006
repeated-high,512,14280000,6611000,48000006
repeated-high,513,14280000,6611000,48000006
repeated-high,514,14280000,6611000,48000006
repeated-high,515,14280000,6611000,48000006
repeated-high,516,14280000,6611000,48000006
repeated-high,517,14280000,6611000,48000006
repeated-high,518,14280000,6611000,48000006
repeated-high,519,14280000,6611000,48000006
repeated-high,520,14280000,6611000,48000006
repeated-high,521,14280000,6611000,48000006
repeated-high,522,14280000,6611000,48000006
repeated-high,523,14280000,6611000,48000006
repeated-high,524,14280000,6611000,48000006
repeated-high,525,14280000,6611000,48000006
repeated-high,526,14280000,6611000,48000006
repeated-high,527,14280000,6611000,48000006
repeated-high,528,14280000,6611000,48000006
repeated-high,529,14280000,4444444,48000006
repeated-high,530,14280000,6611000,48000006
repeated-high,531,14280000,6611000,48000006
repeated-high,532,14280000,6611000,48000006
repeated-high,533,14280000,6611000,48000006
repeated-high,534,14280000,6611000,48000006
repeated-high,535,14280000,6611000,48000006
repeated-high,536,14280000,6611000,48000006
repeated-high,537,14280000,6611000,48000006
repeated-high,538,14280000,6611000,48000006
repeated-high,539,14280000,6611000,48000006
repeated-high,540,14280000,6611000,48000006
repeated-high,541,14280000,6611000,48000006
repeated-high,542,14280000,6611000,48000006
repeated-high,543,14280000,6611000,48000006
repeated-high,544,14280000,6611000,48000006
repeated-high,545,14280000,6611000,48000006
repeated-high,546,14280000,6611000,48000006
repeated-high,547,14280000,6611000,48000006
repeated-high,548,14280000,6611000,48000006
repeated-high,549,14280000,6611000,48000006
repeated-high,550,14280000,6611000,48000006
repeated-high,551,14280000,6611000,48000006
repeated-high,552,14280000,4444444,48000006
repeated-high,553,14280000,6611000,48000006
repeated-high,554,14280000,6611000,48000006
repeated-high,555,14280000,6611000,48000006
repeated-high,556,14280000,6611000,48000006
repeated-high,557,14280000,6611000,48000006
repeated-high,558,14280000,6611000,48000006
repeated-high,559,14280000,6611000,48000006
repeated-high,560,14280000,6611000,48000006
repeated-high,561,14280000,6611000,48000006
repeated-high,562,14280000,6611000,48000006
repeated-high,563,14280000,6611000,48000006
repeated-high,564,14280000,6611000,48000006
repeated-high,565,14280000,6611000,48000006
repeated-high,566,14280000,6611000,48000006
repeated-high,567,14280000,6611000,48000006
repeated-high,568,14280000,6611000,48000006
repeated-high,569,14280000,6611000,48000006
repeated-high,570,14280000,6611000,48000006
repeated-high,571,14280000,6611000,48000006
repeated-high,572,14280000,6611000,48000006
repeated-high,573,14280000,6611000,48000006
repeated-high,574,14280000,6611000,48000006
repeated-high,575,14280000,4444444,48000006
repeated-high,576,14280000,6611000,48000006
repeated-high,577,14280000,6611000,48000006
repeated-high,578,14280000,6611000,48000006
repeated-high,579,14280000,6611000,48000006
repeated-high,580,14280000,6611000,48000006
repeated-high,581,14280000,6611000,48000006
repeated-high,582,14280000,6611000,48000006
repeated-high,583,14280000,6611000,48000006
repeated-high,584,14280000,6611000,48000006
repeated-high,585,14280000,6611000,48000006
repeated-high,586,14280000,6611000,48000006
repeated-high,587,14280000,6611000,48000006
repeated-high,588,14280000,6611000,48000006
repeated-high,589,10000000,6611000,24000000
repeated-high,590,10000000,4629333,24000000
repeated-high,591,10000000,4629333,35699403
repeated-high,592,10000000,4629333,35699403
repeated-high,593,10000000,4629333,35699403
repeated-high,594,10000000,4629333,35699403
repeated-high,595,10000000,4629333,35699403
repeated-high,596,10000000,4629333,35699403
repeated-high,597,10000000,4629333,35699403
repeated-high,598,10000000,4444444,35699403
repeated-high,599,10000000,4629333,35699403
repeated-high,600,10000000,4629333,35699403
repeated-high,601,10000000,4629333,35699403
repeated-high,602,10000000,4629333,35699403
repeated-high,603,10000000,4629333,35699403
repeated-high,604,10000000,4629333,35699403
repeated-high,605,10000000,4629333,35699403
repeated-high,606,10000000,4629333,35699403
repeated-high,607,10000000,4629333,35699403
repeated-high,608,10000000,4629333,35699403
repeated-high,609,10000000,4629333,35699403
repeated-high,610,10000000,4629333,35699403
repeated-high,611,10000000,4629333,35699403
repeated-high,612,10000000,4629333,35699403
repeated-high,613,10000000,4629333,35699403
repeated-high,614,10000000,4629333,35699403
repeated-high,615,10000000,4629333,35699403
repeated-high,616,10000000,4629333,35699403
repeated-high,617,10000000,4629333,35699403
repeated-high,618,10000000,4629333,35699403
repeated-high,619,10000000,4629333,35699403
repeated-high,620,10000000,4629333,35699403
repeated-high,621,10000000,4444444,35699403
repeated-high,622,10000000,4629333,35699403
repeated-high,623,10000000,4629333,35699403
repeated-high,624,10000000,4629333,35699403
repeated-high,625,10000000,4629333,35699403
repeated-high,626,10000000,4629333,35699403
repeated-high,627,10000000,4629333,35699403
repeated-high,628,10000000,4629333,35699403
repeated-high,629,10000000,4629333,35699403
repeated-high,630,10000000,4629333,35699403
repeated-high,631,10000000,4629333,35699403
repeated-high,632,10000000,4629333,35699403
repeated-high,633,10000000,4629333,35699403
repeated-high,634,10000000,4629333,35699403
repeated-high,635,10000000,4629333,35699403
repeated-high,636,10000000,4629333,35699403
repeated-high,637,10000000,4629333,35699403
repeated-high,638,10000000,4629333,35699403
repeated-high,639,10000000,4629333,35699403
repeated-high,640,10000000,4629333,35699403
repeated-high,641,10000000,4629333,35699403
repeated-high,642,10000000,4629333,35699403
repeated-high,643,10000000,4629333,35699403
repeated-high,644,10000000,4444444,35699403
repeated-high,645,10000000,4629333,35699403
repeated-high,646,10000000,4629333,35699403
repeated-high,647,10000000,4629333,35699403
repeated-high,648,10000000,4629333,35699403
repeated-high,649,10000000,4629333,35699403
repeated-high,650,10000000,4629333,35699403
repeated-high,651,10000000,4629333,35699403
repeated-high,652,10000000,4629333,35699403
repeated-high,653,10000000,4629333,35699403
repeated-high,654,10000000,4629333,35699403
repeated-high,655,10000000,4629333,35699403
repeated-high,656,10000000,4629333,35699403
repeated-high,657,10000000,4629333,35699403
repeated-high,658,10000000,4629333,35699403
repeated-high,659,10000000,4629333,35699403
repeated-high,660,10000000,4629333,35699403
repeated-high,661,10000000,4629333,35699403
repeated-high,662,10000000,4629333,35699403
repeated-high,663,10000000,4629333,35699403
repeated-high,664,10000000,4629333,35699403
repeated-high,665,10000000,4629333,35699403
repeated-high,666,10000000,4629333,35699403
repeated-high,667,10000000,4444444,35699403
repeated-high,668,10000000,4629333,35699403
repeated-high,669,10000000,4629333,35699403
repeated-high,670,10000000,4629333,35699403
repeated-high,671,10000000,4629333,35699403
repeated-high,672,10000000,4629333,35699403
repeated-high,673,10000000,4629333,35699403
repeated-high,674,10000000,4629333,35699403
repeated-high,675,10000000,4629333,35699403
repeated-high,676,10000000,4629333,35699403
repeated-high,677,10000000,4629333,35699403
repeated-high,678,10000000,4629333,35699403
repeated-high,679,10000000,4629333,35699403
repeated-high,680,10000000,4629333,35699403
repeated-high,681,10000000,4629333,35699403
repeated-high,682,20400001,4629333,35699403
repeated-high,683,20400001,9444333,35699403
repeated-high,684,20400001,9444333,35699403
repeated-high,685,20400001,9444333,35699403
repeated-high,686,20400001,9444333,35699403
repeated-high,687,20400001,9444333,35699403
repeated-high,688,20400001,9444333,35699403
repeated-high,689,20400001,9444333,35699403
repeated-high,690,20400001,4722166,35699403
repeated-high,691,20400001,9444333,35699403
repeated-high,692,20400001,9444333,35699403
repeated-high,693,20400001,9444333,35699403
repeated-high,694,20400001,9444333,35699403
repeated-high,695,20400001,9444333,35699403
repeated-high,696,20400001,9444333,35699403
repeated-high,697,20400001,9444333,35699403
repeated-high,698,20400001,9444333,35699403
repeated-high,699,20400001,9444333,35699403
repeated-high,700,20400001,9444333,35699403
repeated-high,701,20400001,9444333,35699403
repeated-high,702,20400001,9444333,35699403
repeated-high,703,20400001,9444333,35699403
repeated-high,704,20400001,9444333,35699403
repeated-high,705,20400001,9444333,35699403
repeated-high,706,20400001,9444333,48000006
repeated-high,707,20400001,9444333,48000006
repeated-high,708,20400001,9444333,48000006
repeated-high,709,20400001,9444333,48000006
repeated-high,710,20400001,9444333,48000006
repeated-high,711,20400001,9444333,48000006
repeated-high,712,20400001,9444333,48000006
repeated-high,713,20400001,4722166,48000006
repeated-high,714,20400001,9444333,48000006
repeated-high,715,20400001,9444333,48000006
repeated-high,716,20400001,9444333,48000006
repeated-high,717,20400001,9444333,48000006
repeated-high,718,20400001,9444333,48000006
repeated-high,719,20400001,9444333,48000006
repeated-high,720,20400001,9444333,48000006
repeated-high,721,20400001,9444333,48000006
repeated-high,722,20400001,9444333,48000006
repeated-high,723,20400001,9444333,48000006
repeated-high,724,20400001,9444333,48000006
repeated-high,725,20400001,9444333,48000006
repeated-high,726,20400001,9444333,48000006
repeated-high,727,20400001,9444333,48000006
repeated-high,728,20400001,9444333,48000006
repeated-high,729,20400001,9444333,48000006
repeated-high,730,20400001,9444333,48000006
repeated-high,731,20400001,9444333,48000006
repeated-high,732,20400001,9444333,48000006
repeated-high,733,20400001,9444333,48000006
repeated-high,734,20400001,9444333,48000006
repeated-high,735,20400001,9444333,48000006
repeated-high,736,20400001,4722166,48000006
repeated-high,737,20400001,9444333,48000006
repeated-high,738,20400001,9444333,48000006
repeated-high,739,20400001,9444333,48000006
repeated-high,740,20400001,9444333,48000006
repeated-high,741,20400001,9444333,48000006
repeated-high,742,20400001,9444333,48000006
repeated-high,743,20400001,9444333,48000006
repeated-high,744,20400001,9444333,48000006
repeated-high,745,20400001,9444333,48000006
repeated-high,746,20400001,9444333,48000006
repeated-high,747,20400001,9444333,48000006
repeated-high,748,20400001,9444333,48000006
repeated-high,749,20400001,9444333,48000006
repeated-high,750,20400001,9444333,48000006
repeated-high,751,20400001,9444333,48000006
repeated-high,752,20400001,9444333,48000006
repeated-high,753,20400001,9444333,48000006
repeated-high,754,20400001,9444333,48000006
repeated-high,755,20400001,9444333,48000006
repeated-high,756,20400001,9444333,48000006
repeated-high,757,20400001,9444333,48000006
repeated-high,758,20400001,9444333,48000006
repeated-high,759,20400001,4722166,48000006
repeated-high,760,20400001,9444333,48000006
repeated-high,761,20400001,9444333,48000006
repeated-high,762,20400001,9444333,48000006
repeated-high,763,20400001,9444333,48000006
repeated-high,764,20400001,9444333,48000006
repeated-high,765,20400001,9444333,48000006
repeated-high,766,20400001,9444333,48000006
repeated-high,767,20400001,9444333,48000006
repeated-high,768,20400001,9444333,48000006
repeated-high,769,20400001,9444333,48000006
repeated-high,770,20400001,9444333,48000006
repeated-high,771,20400001,9444333,48000006
repeated-high,772,20400001,9444333,48000006
repeated-high,773,20400001,9444333,48000006
repeated-high,774,20400001,9444333,48000006
repeated-high,775,14280000,9444333,24000000
repeated-high,776,14280000,6611000,24000000
repeated-high,777,14280000,6611000,24000000
repeated-high,778,14280000,6611000,24000000
repeated-high,779,14280000,6611000,24000000
repeated-high,780,14280000,6611000,24000000
repeated-high,781,14280000,6611000,24000000
repeated-high,782,14280000,4444444,24000000
repeated-high,783,14280000,6611000,24000000
repeated-high,784,14280000,6611000,24000000
repeated-high,785,14280000,6611000,24000000
repeated-high,786,14280000,6611000,24000000
repeated-high,787,14280000,6611000,24000000
repeated-high,788,14280000,6611000,24000000
repeated-high,789,14280000,6611000,24000000
repeated-high,790,14280000,6611000,24000000
repeated-high,791,14280000,6611000,24000000
repeated-high,792,14280000,6611000,24000000
repeated-high,793,14280000,6611000,24000000
repeated-high,794,14280000,6611000,24000000
repeated-high,795,14280000,6611000,24000000
repeated-high,796,14280000,6611000,24000000
repeated-high,797,14280000,6611000,24000000
repeated-high,798,14280000,6611000,35699403
repeated-high,799,14280000,6611000,35699403
repeated-high,800,14280000,6611000,35699403
repeated-high,801,14280000,6611000,35699403
repeated-high,802,14280000,6611000,35699403
repeated-high,803,14280000,6611000,35699403
repeated-high,804,14280000,6611000,35699403
repeated-high,805,14280000,4444444,35699403
repeated-high,806,14280000,6611000,35699403
repeated-high,807,14280000,6611000,35699403
repeated-high,808,14280000,6611000,35699403
repeated-high,809,14280000,6611000,35699403
repeated-high,810,14280000,6611000,35699403
repeated-high,811,14280000,6611000,35699403
repeated-high,812,14280000,6611000,35699403
repeated-high,813,14280000,6611000,35699403
repeated-high,814,14280000,6611000,35699403
repeated-high,815,14280000,6611000,35699403
repeated-high,816,14280000,6611000,35699403
repeated-high,817,14280000,6611000,35699403
repeated-high,818,14280000,6611000,35699403
repeated-high,819,14280000,6611000,35699403
repeated-high,820,14280000,6611000,35699403
repeated-high,821,14280000,6611000,35699403
repeated-high,822,14280000,6611000,35699403
repeated-high,823,14280000,6611000,35699403
repeated-high,824,14280000,6611000,35699403
repeated-high,825,14280000,6611000,35699403
repeated-high,826,14280000,6611000,35699403
repeated-high,827,14280000,6611000,35699403
repeated-high,828,14280000,4444444,35699403
repeated-high,829,14280000,6611000,35699403
repeated-high,830,14280000,6611000,35699403
repeated-high,831,14280000,6611000,35699403
repeated-high,832,14280000,6611000,35699403
repeated-high,833,14280000,6611000,35699403
repeated-high,834,14280000,6611000,35699403
repeated-high,835,14280000,6611000,35699403
repeated-high,836,14280000,6611000,35699403
repeated-high,837,14280000,6611000,35699403
repeated-high,838,14280000,6611000,35699403
repeated-high,839,14280000,6611000,35699403
repeated-high,840,14280000,6611000,35699403
repeated-high,841,14280000,6611000,35699403
repeated-high,842,14280000,6611000,35699403
repeated-high,843,14280000,6611000,35699403
repeated-high,844,14280000,6611000,35699403
repeated-high,845,14280000,6611000,35699403
repeated-high,846,14280000,6611000,35699403
repeated-high,847,14280000,6611000,35699403
repeated-high,848,14280000,6611000,35699403
repeated-high,849,14280000,6611000,35699403
repeated-high,850,14280000,6611000,35699403
repeated-high,851,14280000,4444444,35699403
repeated-high,852,14280000,6611000,35699403
repeated-high,853,14280000,6611000,35699403
repeated-high,854,14280000,6611000,35699403
repeated-high,855,14280000,6611000,35699403
repeated-high,856,14280000,6611000,35699403
repeated-high,857,14280000,6611000,35699403
repeated-high,858,14280000,6611000,35699403
repeated-high,859,14280000,6611000,35699403
repeated-high,860,14280000,6611000,35699403
repeated-high,861,14280000,6611000,35699403
repeated-high,862,14280000,6611000,35699403
repeated-high,863,14280000,6611000,35699403
repeated-high,864,14280000,6611000,35699403
repeated-high,865,14280000,6611000,35699403
repeated-high,866,14280000,6611000,35699403
repeated-high,867,14280000,6611000,35699403
repeated-high,868,20400000,6611000,35699403
repeated-high,869,20400000,9444333,35699403
repeated-high,870,20400000,9444333,35699403
repeated-high,871,20400000,9444333,35699403
repeated-high,872,20400000,9444333,35699403
repeated-high,873,20400000,9444333,35699403
repeated-high,874,20400000,4722166,35699403
repeated-high,875,20400000,9444333,35699403
repeated-high,876,20400000,9444333,35699403
repeated-high,877,20400000,9444333,35699403
repeated-high,878,20400000,9444333,35699403
repeated-high,879,20400000,9444333,35699403
repeated-high,880,20400000,9444333,35699403
repeated-high,881,20400000,9444333,35699403
repeated-high,882,20400000,9444333,35699403
repeated-high,883,20400000,9444333,35699403
repeated-high,884,20400000,9444333,35699403
repeated-high,885,20400000,9444333,35699403
repeated-high,886,20400000,9444333,35699403
repeated-high,887,20400000,9444333,35699403
repeated-high,888,20400000,9444333,35699403
repeated-high,889,20400000,9444333,35699403
repeated-high,890,20400000,9444333,48000006
repeated-high,891,20400000,9444333,48000006
repeated-high,892,20400000,9444333,48000006
repeated-high,893,20400000,9444333,48000006
repeated-high,894,20400000,9444333,48000006
repeated-high,895,20400000,9444333,48000006
repeated-high,896,20400000,9444333,48000006
repeated-high,897,20400000,4722166,48000006
repeated-high,898,20400000,9444333,48000006
repeated-high,899,20400000,9444333,48000006
app-limited,0,20400001,9444333,24000002
app-limited,1,20400001,9444333,24000002
app-limited,2,20400001,9444333,24000002
app-limited,3,20400001,9444333,24000002
app-limited,4,20400001,9444333,24000002
app-limited,5,20400001,9444333,24000002
app-limited,6,20400001,9444333,24000002
app-limited,7,20400001,9444333,24000002
app-limited,8,20400001,9444333,24000002
app-limited,9,20400001,9444333,24000002
app-limited,10,20400001,9444333,24000002
app-limited,11,20400001,9444333,24000002
app-limited,12,20400001,9444333,24000002
app-limited,13,20400001,9444333,24000002
app-limited,14,20400001,9444333,24000002
app-limited,15,20400001,9444333,24000002
app-limited,16,20400001,9444333,24000002
app-limited,17,20400001,9444333,24000002
app-limited,18,20400001,9444333,24000002
app-limited,19,20400001,9444333,24000002
app-limited,20,20400001,9444333,24000002
app-limited,21,20400001,9444333,24000002
app-limited,22,20400001,9444333,24000002
app-limited,23,20400001,9444333,24000002
app-limited,24,20400001,9444333,24000002
app-limited,25,20400001,9444333,24000002
app-limited,26,20400001,9444333,24000002
app-limited,27,20400001,9444333,24000002
app-limited,28,20400001,9444333,24000002
app-limited,29,20400001,9444333,24000002
app-limited,30,20400001,9444333,24000002
app-limited,31,20400001,9444333,24000002
app-limited,32,20400001,9444333,24000002
app-limited,33,20400001,9444333,24000002
app-limited,34,20400001,9444333,24000002
app-limited,35,20400001,9444333,24000002
app-limited,36,20400001,9444333,24000002
app-limited,37,20400001,9444333,24000002
app-limited,38,20400001,9444333,24000002
app-limited,39,20400001,9444333,24000002
app-limited,40,20400001,9444333,24000002
app-limited,41,20400001,9444333,24000002
app-limited,42,20400001,9444333,24000002
app-limited,43,20400001,9444333,24000002
app-limited,44,20400001,9444333,24000002
app-limited,45,20400001,9444333,24000002
app-limited,46,20400001,9444333,24000002
app-limited,47,20400001,9444333,24000002
app-limited,48,20400001,9444333,24000002
app-limited,49,20400001,9444333,24000002
app-limited,50,20400001,9444333,24000002
app-limited,51,20400001,9444333,24000002
app-limited,52,20400001,9444333,24000002
app-limited,53,20400001,9444333,24000002
app-limited,54,20400001,9444333,24000002
app-limited,55,20400001,9444333,24000002
app-limited,56,20400001,9444333,24000002
app-limited,57,20400001,9444333,24000002
app-limited,58,20400001,9444333,24000002
app-limited,59,20400001,9444333,24000002
app-limited,60,20400001,9444333,24000002
app-limited,61,20400001,9444333,24000002
app-limited,62,20400001,9444333,24000002
app-limited,63,20400001,9444333,24000002
app-limited,64,20400001,9444333,24000002
app-limited,65,20400001,9444333,24000002
app-limited,66,20400001,9444333,24000002
app-limited,67,20400001,9444333,24000002
app-limited,68,20400001,9444333,24000002
app-limited,69,20400001,9444333,24000002
app-limited,70,20400001,9444333,24000002
app-limited,71,20400001,9444333,24000002
app-limited,72,20400001,9444333,24000002
app-limited,73,20400001,9444333,24000002
app-limited,74,20400001,9444333,24000002
app-limited,75,20400001,9444333,24000002
app-limited,76,20400001,9444333,24000002
app-limited,77,20400001,9444333,24000002
app-limited,78,20400001,9444333,24000002
app-limited,79,20400001,9444333,24000002
app-limited,80,20400001,9444333,24000002
app-limited,81,20400001,9444333,24000002
app-limited,82,20400001,9444333,24000002
app-limited,83,20400001,9444333,24000002
app-limited,84,20400001,9444333,24000002
app-limited,85,20400001,9444333,24000002
app-limited,86,20400001,9444333,24000002
app-limited,87,20400001,9444333,24000002
app-limited,88,20400001,9444333,24000002
app-limited,89,20400001,9444333,24000002
app-limited,90,20400001,9444333,24000002
app-limited,91,20400001,9444333,24000002
app-limited,92,20400001,9444333,24000002
app-limited,93,20400001,9444333,24000002
app-limited,94,20400001,9444333,24000002
app-limited,95,20400001,9444333,24000002
app-limited,96,20400001,9444333,24000002
app-limited,97,20400001,9444333,24000002
app-limited,98,20400001,9444333,24000002
app-limited,99,20400001,9444333,24000002
app-limited,100,20400001,9444333,24000002
app-limited,101,20400001,9444333,24000002
app-limited,102,20400001,9444333,24000002
app-limited,103,20400001,9444333,24000002
app-limited,104,20400001,9444333,24000002
app-limited,105,20400001,9444333,24000002
app-limited,106,20400001,9444333,24000002
app-limited,107,20400001,9444333,24000002
app-limited,108,20400001,9444333,24000002
app-limited,109,20400001,9444333,24000002
app-limited,110,20400001,9444333,24000002
app-limited,111,20400001,9444333,24000002
app-limited,112,20400001,9444333,24000002
app-limited,113,20400001,9444333,24000002
app-limited,114,20400001,9444333,24000002
app-limited,115,20400001,9444333,24000002
app-limited,116,20400001,9444333,24000002
app-limited,117,20400001,9444333,24000002
app-limited,118,20400001,9444333,24000002
app-limited,119,20400001,9444333,24000002
app-limited,120,20400001,9444333,24000002
app-limited,121,20400001,9444333,24000002
app-limited,122,20400001,9444333,24000002
app-limited,123,20400001,9444333,24000002
app-limited,124,20400001,9444333,24000002
app-limited,125,20400001,9444333,24000002
app-limited,126,20400001,9444333,24000002
app-limited,127,20400001,9444333,24000002
app-limited,128,20400001,9444333,24000002
app-limited,129,20400001,9444333,24000002
app-limited,130,20400001,9444333,24000002
app-limited,131,20400001,9444333,24000002
app-limited,132,20400001,9444333,24000002
app-limited,133,20400001,9444333,24000002
app-limited,134,20400001,9444333,24000002
app-limited,135,20400001,9444333,24000002
app-limited,136,20400001,9444333,24000002
app-limited,137,20400001,9444333,24000002
app-limited,138,20400001,9444333,24000002
app-limited,139,20400001,9444333,24000002
app-limited,140,20400001,9444333,24000002
app-limited,141,20400001,9444333,24000002
app-limited,142,20400001,9444333,24000002
app-limited,143,20400001,9444333,24000002
app-limited,144,20400001,9444333,24000002
app-limited,145,20400001,9444333,24000002
app-limited,146,20400001,9444333,24000002
app-limited,147,20400001,9444333,24000002
app-limited,148,20400001,9444333,24000002
app-limited,149,20400001,9444333,24000002
app-limited,150,20400001,9444333,24000002
app-limited,151,20400001,9444333,24000002
app-limited,152,20400001,9444333,24000002
app-limited,153,20400001,9444333,24000002
app-limited,154,20400001,9444333,24000002
app-limited,155,20400001,9444333,24000002
app-limited,156,20400001,9444333,24000002
app-limited,157,20400001,9444333,24000002
app-limited,158,20400001,9444333,24000002
app-limited,159,20400001,9444333,24000002
app-limited,160,20400001,9444333,24000002
app-limited,161,20400001,9444333,24000002
app-limited,162,20400001,9444333,24000002
app-limited,163,20400001,9444333,24000002
app-limited,164,20400001,9444333,24000002
app-limited,165,20400001,9444333,24000002
app-limited,166,20400001,9444333,24000002
app-limited,167,20400001,9444333,24000002
app-limited,168,20400001,9444333,24000002
app-limited,169,20400001,9444333,24000002
app-limited,170,20400001,9444333,24000002
app-limited,171,20400001,9444333,24000002
app-limited,172,20400001,9444333,24000002
app-limited,173,20400001,9444333,24000002
app-limited,174,20400001,9444333,24000002
app-limited,175,20400001,9444333,24000002
app-limited,176,20400001,9444333,24000002
app-limited,177,20400001,9444333,24000002
app-limited,178,20400001,9444333,24000002
app-limited,179,20400001,9444333,24000002
app-limited,180,20400001,9444333,24000002
app-limited,181,20400001,9444333,24000002
app-limited,182,20400001,9444333,24000002
app-limited,183,20400001,9444333,24000002
app-limited,184,20400001,9444333,24000002
app-limited,185,20400001,9444333,24000002
app-limited,186,20400001,9444333,24000002
app-limited,187,20400001,9444333,24000002
app-limited,188,20400001,9444333,24000002
app-limited,189,20400001,9444333,24000002
app-limited,190,20400001,9444333,24000002
app-limited,191,20400001,9444333,24000002
app-limited,192,20400001,9444333,24000002
app-limited,193,20400001,9444333,24000002
app-limited,194,20400001,9444333,24000002
app-limited,195,20400001,9444333,24000002
app-limited,196,20400001,9444333,24000002
app-limited,197,20400001,9444333,24000002
app-limited,198,20400001,9444333,24000002
app-limited,199,20400001,9444333,24000002
app-limited,200,20400001,9444333,24000002
app-limited,201,20400001,9444333,24000002
app-limited,202,20400001,9444333,24000002
app-limited,203,20400001,9444333,24000002
app-limited,204,20400001,9444333,24000002
app-limited,205,20400001,9444333,24000002
app-limited,206,20400001,9444333,24000002
app-limited,207,20400001,9444333,24000002
app-limited,208,20400001,9444333,24000002
app-limited,209,20400001,9444333,24000002
app-limited,210,20400001,9444333,24000002
app-limited,211,20400001,9444333,24000002
app-limited,212,20400001,9444333,24000002
app-limited,213,20400001,9444333,24000002
app-limited,214,20400001,9444333,24000002
app-limited,215,20400001,9444333,24000002
app-limited,216,20400001,9444333,24000002
app-limited,217,20400001,9444333,24000002
app-limited,218,20400001,9444333,24000002
app-limited,219,20400001,9444333,24000002
app-limited,220,20400001,9444333,24000002
app-limited,221,20400001,9444333,24000002
app-limited,222,20400001,9444333,24000002
app-limited,223,20400001,9444333,24000002
app-limited,224,20400001,9444333,24000002
app-limited,225,20400001,9444333,24000002
app-limited,226,20400001,9444333,24000002
app-limited,227,20400001,9444333,24000002
app-limited,228,20400001,9444333,24000002
app-limited,229,20400001,9444333,24000002
app-limited,230,20400001,9444333,24000002
app-limited,231,20400001,9444333,24000002
app-limited,232,20400001,9444333,24000002
app-limited,233,20400001,9444333,24000002
app-limited,234,20400001,9444333,24000002
app-limited,235,20400001,9444333,24000002
app-limited,236,20400001,9444333,24000002
app-limited,237,20400001,9444333,24000002
app-limited,238,20400001,9444333,24000002
app-limited,239,20400001,9444333,24000002
app-limited,240,20400001,9444333,24000002
app-limited,241,20400001,9444333,24000002
app-limited,242,20400001,9444333,24000002
app-limited,243,20400001,9444333,24000002
app-limited,244,20400001,9444333,24000002
app-limited,245,20400001,9444333,24000002
app-limited,246,20400001,9444333,24000002
app-limited,247,20400001,9444333,24000002
app-limited,248,20400001,9444333,24000002
app-limited,249,20400001,9444333,24000002
app-limited,250,20400001,9444333,24000002
app-limited,251,20400001,9444333,24000002
app-limited,252,20400001,9444333,24000002
app-limited,253,20400001,9444333,24000002
app-limited,254,20400001,9444333,24000002
app-limited,255,20400001,9444333,24000002
app-limited,256,20400001,9444333,24000002
app-limited,257,20400001,9444333,24000002
app-limited,258,20400001,9444333,24000002
app-limited,259,20400001,9444333,24000002
app-limited,260,20400001,9444333,24000002
app-limited,261,20400001,9444333,24000002
app-limited,262,20400001,9444333,24000002
app-limited,263,20400001,9444333,24000002
app-limited,264,20400001,9444333,24000002
app-limited,265,20400001,9444333,24000002
app-limited,266,20400001,9444333,24000002
app-limited,267,20400001,9444333,24000002
app-limited,268,20400001,9444333,24000002
app-limited,269,20400001,9444333,24000002
app-limited,270,20400001,9444333,24000002
app-limited,271,20400001,9444333,24000002
app-limited,272,20400001,9444333,24000002
app-limited,273,20400001,9444333,24000002
app-limited,274,20400001,9444333,24000002
app-limited,275,20400001,9444333,24000002
app-limited,276,20400001,9444333,24000002
app-limited,277,20400001,9444333,24000002
app-limited,278,20400001,9444333,24000002
app-limited,279,20400001,9444333,24000002
app-limited,280,20400001,9444333,24000002
app-limited,281,20400001,9444333,24000002
app-limited,282,20400001,9444333,24000002
app-limited,283,20400001,9444333,24000002
app-limited,284,20400001,9444333,24000002
app-limited,285,20400001,9444333,24000002
app-limited,286,20400001,9444333,24000002
app-limited,287,20400001,9444333,24000002
app-limited,288,20400001,9444333,24000002
app-limited,289,20400001,9444333,24000002
app-limited,290,20400001,9444333,24000002
app-limited,291,20400001,9444333,24000002
app-limited,292,20400001,9444333,24000002
app-limited,293,20400001,9444333,24000002
app-limited,294,20400001,9444333,24000002
app-limited,295,20400001,9444333,24000002
app-limited,296,20400001,9444333,24000002
app-limited,297,20400001,9444333,24000002
app-limited,298,20400001,9444333,24000002
app-limited,299,20400001,9444333,24000002
app-limited,300,20400001,9444333,24000002
app-limited,301,20400001,9444333,24000002
app-limited,302,20400001,9444333,24000002
app-limited,303,20400001,9444333,24000002
app-limited,304,20400001,9444333,24000002
app-limited,305,20400001,9444333,24000002
app-limited,306,20400001,9444333,24000002
app-limited,307,20400001,9444333,24000002
app-limited,308,20400001,9444333,24000002
app-limited,309,20400001,9444333,24000002
app-limited,310,20400001,9444333,24000002
app-limited,311,20400001,9444333,24000002
app-limited,312,20400001,9444333,24000002
app-limited,313,20400001,9444333,24000002
app-limited,314,20400001,9444333,24000002
app-limited,315,20400001,9444333,24000002
app-limited,316,20400001,9444333,24000002
app-limited,317,20400001,9444333,24000002
app-limited,318,20400001,9444333,24000002
app-limited,319,20400001,9444333,24000002
app-limited,320,20400001,9444333,24000002
app-limited,321,20400001,9444333,24000002
app-limited,322,20400001,9444333,24000002
app-limited,323,20400001,9444333,24000002
app-limited,324,20400001,9444333,24000002
app-limited,325,20400001,9444333,24000002
app-limited,326,20400001,9444333,24000002
app-limited,327,20400001,9444333,24000002
app-limited,328,20400001,9444333,24000002
app-limited,329,20400001,9444333,24000002
app-limited,330,20400001,9444333,24000002
app-limited,331,20400001,9444333,24000002
app-limited,332,20400001,9444333,24000002
app-limited,333,20400001,9444333,24000002
app-limited,334,20400001,9444333,24000002
app-limited,335,20400001,9444333,24000002
app-limited,336,20400001,9444333,24000002
app-limited,337,20400001,9444333,24000002
app-limited,338,20400001,9444333,24000002
app-limited,339,20400001,9444333,24000002
app-limited,340,20400001,9444333,24000002
app-limited,341,20400001,9444333,24000002
app-limited,342,20400001,9444333,24000002
app-limited,343,20400001,9444333,24000002
app-limited,344,20400001,9444333,24000002
app-limited,345,20400001,9444333,24000002
app-limited,346,20400001,9444333,24000002
app-limited,347,20400001,9444333,24000002
app-limited,348,20400001,9444333,24000002
app-limited,349,20400001,9444333,24000002
app-limited,350,20400001,9444333,24000002
app-limited,351,20400001,9444333,24000002
app-limited,352,20400001,9444333,24000002
app-limited,353,20400001,9444333,24000002
app-limited,354,20400001,9444333,24000002
app-limited,355,20400001,9444333,24000002
app-limited,356,20400001,9444333,24000002
app-limited,357,20400001,9444333,24000002
app-limited,358,20400001,9444333,24000002
app-limited,359,20400001,9444333,24000002
app-limited,360,20400001,9444333,24000002
app-limited,361,20400001,9444333,24000002
app-limited,362,20400001,9444333,24000002
app-limited,363,20400001,9444333,24000002
app-limited,364,20400001,9444333,24000002
app-limited,365,20400001,9444333,24000002
app-limited,366,20400001,9444333,24000002
app-limited,367,20400001,9444333,24000002
app-limited,368,20400001,9444333,24000002
app-limited,369,20400001,9444333,24000002
app-limited,370,20400001,9444333,24000002
app-limited,371,20400001,9444333,24000002
app-limited,372,20400001,9444333,24000002
app-limited,373,20400001,9444333,24000002
app-limited,374,20400001,9444333,24000002
app-limited,375,20400001,9444333,24000002
app-limited,376,20400001,9444333,24000002
app-limited,377,20400001,9444333,24000002
app-limited,378,20400001,9444333,24000002
app-limited,379,20400001,9444333,24000002
app-limited,380,20400001,9444333,24000002
app-limited,381,20400001,9444333,24000002
app-limited,382,20400001,9444333,24000002
app-limited,383,20400001,9444333,24000002
app-limited,384,20400001,9444333,24000002
app-limited,385,20400001,9444333,24000002
app-limited,386,20400001,9444333,24000002
app-limited,387,20400001,9444333,24000002
app-limited,388,20400001,9444333,24000002
app-limited,389,20400001,9444333,24000002
app-limited,390,20400001,9444333,24000002
app-limited,391,20400001,9444333,24000002
app-limited,392,20400001,9444333,24000002
app-limited,393,20400001,9444333,24000002
app-limited,394,20400001,9444333,24000002
app-limited,395,20400001,9444333,24000002
app-limited,396,20400001,9444333,24000002
app-limited,397,20400001,9444333,24000002
app-limited,398,20400001,9444333,24000002
app-limited,399,20400001,9444333,24000002
app-limited,400,20400001,9444333,24000002
app-limited,401,20400001,9444333,24000002
app-limited,402,20400001,9444333,24000002
app-limited,403,20400001,9444333,24000002
app-limited,404,20400001,9444333,24000002
app-limited,405,20400001,9444333,24000002
app-limited,406,20400001,9444333,24000002
app-limited,407,20400001,9444333,24000002
app-limited,408,20400001,9444333,24000002
app-limited,409,20400001,9444333,24000002
app-limited,410,20400001,9444333,24000002
app-limited,411,20400001,9444333,24000002
app-limited,412,20400001,9444333,24000002
app-limited,413,20400001,9444333,24000002
app-limited,414,20400001,9444333,24000002
app-limited,415,20400001,9444333,24000002
app-limited,416,20400001,9444333,24000002
app-limited,417,20400001,9444333,24000002
app-limited,418,20400001,9444333,24000002
app-limited,419,20400001,9444333,24000002
app-limited,420,20400001,9444333,24000002
app-limited,421,20400001,9444333,24000002
app-limited,422,20400001,9444333,24000002
app-limited,423,20400001,9444333,24000002
app-limited,424,20400001,9444333,24000002
app-limited,425,20400001,9444333,24000002
app-limited,426,20400001,9444333,24000002
app-limited,427,20400001,9444333,24000002
app-limited,428,20400001,9444333,24000002
app-limited,429,20400001,9444333,24000002
app-limited,430,20400001,9444333,24000002
app-limited,431,20400001,9444333,24000002
app-limited,432,20400001,9444333,24000002
app-limited,433,20400001,9444333,24000002
app-limited,434,20400001,9444333,24000002
app-limited,435,20400001,9444333,24000002
app-limited,436,20400001,9444333,24000002
app-limited,437,20400001,9444333,24000002
app-limited,438,20400001,9444333,24000002
app-limited,439,20400001,9444333,24000002
app-limited,440,20400001,9444333,24000002
app-limited,441,20400001,9444333,24000002
app-limited,442,20400001,9444333,24000002
app-limited,443,20400001,9444333,24000002
app-limited,444,20400001,9444333,24000002
app-limited,445,20400001,9444333,24000002
app-limited,446,20400001,9444333,24000002
app-limited,447,20400001,9444333,24000002
app-limited,448,20400001,9444333,24000002
app-limited,449,20400001,9444333,24000002
app-limited,450,20400001,9444333,24000002
app-limited,451,20400001,9444333,24000002
app-limited,452,20400001,9444333,24000002
app-limited,453,20400001,9444333,24000002
app-limited,454,20400001,9444333,24000002
app-limited,455,20400001,9444333,24000002
app-limited,456,20400001,9444333,24000002
app-limited,457,20400001,9444333,24000002
app-limited,458,20400001,9444333,24000002
app-limited,459,20400001,9444333,24000002
app-limited,460,20400001,9444333,24000002
app-limited,461,20400001,9444333,24000002
app-limited,462,20400001,9444333,24000002
app-limited,463,20400001,9444333,24000002
app-limited,464,20400001,9444333,24000002
app-limited,465,20400001,9444333,24000002
app-limited,466,20400001,9444333,24000002
app-limited,467,20400001,9444333,24000002
app-limited,468,20400001,9444333,24000002
app-limited,469,20400001,9444333,24000002
app-limited,470,20400001,9444333,24000002
app-limited,471,20400001,9444333,24000002
app-limited,472,20400001,9444333,24000002
app-limited,473,20400001,9444333,24000002
app-limited,474,20400001,9444333,24000002
app-limited,475,20400001,9444333,24000002
app-limited,476,20400001,9444333,24000002
app-limited,477,20400001,9444333,24000002
app-limited,478,20400001,9444333,24000002
app-limited,479,20400001,9444333,24000002
app-limited,480,20400001,9444333,24000002
app-limited,481,20400001,9444333,24000002
app-limited,482,20400001,9444333,24000002
app-limited,483,20400001,9444333,24000002
app-limited,484,20400001,9444333,24000002
app-limited,485,20400001,9444333,24000002
app-limited,486,20400001,9444333,24000002
app-limited,487,20400001,9444333,24000002
app-limited,488,20400001,9444333,24000002
app-limited,489,20400001,9444333,24000002
app-limited,490,20400001,9444333,24000002
app-limited,491,20400001,9444333,24000002
app-limited,492,20400001,9444333,24000002
app-limited,493,20400001,9444333,24000002
app-limited,494,20400001,9444333,24000002
app-limited,495,20400001,9444333,24000002
app-limited,496,20400001,9444333,24000002
app-limited,497,20400001,9444333,24000002
app-limited,498,20400001,9444333,24000002
app-limited,499,20400001,9444333,24000002
app-limited,500,20400001,9444333,24000002
app-limited,501,20400001,9444333,24000002
app-limited,502,20400001,9444333,24000002
app-limited,503,20400001,9444333,24000002
app-limited,504,20400001,9444333,24000002
app-limited,505,20400001,9444333,24000002
app-limited,506,20400001,9444333,24000002
app-limited,507,20400001,9444333,24000002
app-limited,508,20400001,9444333,24000002
app-limited,509,20400001,9444333,24000002
app-limited,510,20400001,9444333,24000002
app-limited,511,20400001,9444333,24000002
app-limited,512,20400001,9444333,24000002
app-limited,513,20400001,9444333,24000002
app-limited,514,20400001,9444333,24000002
app-limited,515,20400001,9444333,24000002
app-limited,516,20400001,9444333,24000002
app-limited,517,20400001,9444333,24000002
app-limited,518,20400001,9444333,24000002
app-limited,519,20400001,9444333,24000002
app-limited,520,20400001,9444333,24000002
app-limited,521,20400001,9444333,24000002
app-limited,522,20400001,9444333,24000002
app-limited,523,20400001,9444333,24000002
app-limited,524,20400001,9444333,24000002
app-limited,525,20400001,9444333,24000002
app-limited,526,20400001,9444333,24000002
app-limited,527,20400001,9444333,24000002
app-limited,528,20400001,9444333,24000002
app-limited,529,20400001,9444333,24000002
app-limited,530,20400001,9444333,24000002
app-limited,531,20400001,9444333,24000002
app-limited,532,20400001,9444333,24000002
app-limited,533,20400001,9444333,24000002
app-limited,534,20400001,9444333,24000002
app-limited,535,20400001,9444333,24000002
app-limited,536,20400001,9444333,24000002
app-limited,537,20400001,9444333,24000002
app-limited,538,20400001,9444333,24000002
app-limited,539,20400001,9444333,24000002
app-limited,540,20400001,9444333,24000002
app-limited,541,20400001,9444333,24000002
app-limited,542,20400001,9444333,24000002
app-limited,543,20400001,9444333,24000002
app-limited,544,20400001,9444333,24000002
app-limited,545,20400001,9444333,24000002
app-limited,546,20400001,9444333,24000002
app-limited,547,20400001,9444333,24000002
app-limited,548,20400001,9444333,24000002
app-limited,549,20400001,9444333,24000002
app-limited,550,20400001,9444333,24000002
app-limited,551,20400001,9444333,24000002
app-limited,552,20400001,9444333,24000002
app-limited,553,20400001,9444333,24000002
app-limited,554,20400001,9444333,24000002
app-limited,555,20400001,9444333,24000002
app-limited,556,20400001,9444333,24000002
app-limited,557,20400001,9444333,24000002
app-limited,558,20400001,9444333,24000002
app-limited,559,20400001,9444333,24000002
app-limited,560,20400001,9444333,24000002
app-limited,561,20400001,9444333,24000002
app-limited,562,20400001,9444333,24000002
app-limited,563,20400001,9444333,24000002
app-limited,564,20400001,9444333,24000002
app-limited,565,20400001,9444333,24000002
app-limited,566,20400001,9444333,24000002
app-limited,567,20400001,9444333,24000002
app-limited,568,20400001,9444333,24000002
app-limited,569,20400001,9444333,24000002
app-limited,570,20400001,9444333,24000002
app-limited,571,20400001,9444333,24000002
app-limited,572,20400001,9444333,24000002
app-limited,573,20400001,9444333,24000002
app-limited,574,20400001,9444333,24000002
app-limited,575,20400001,9444333,24000002
app-limited,576,20400001,9444333,24000002
app-limited,577,20400001,9444333,24000002
app-limited,578,20400001,9444333,24000002
app-limited,579,20400001,9444333,24000002
app-limited,580,20400001,9444333,24000002
app-limited,581,20400001,9444333,24000002
app-limited,582,20400001,9444333,24000002
app-limited,583,20400001,9444333,24000002
app-limited,584,20400001,9444333,24000002
app-limited,585,20400001,9444333,24000002
app-limited,586,20400001,9444333,24000002
app-limited,587,20400001,9444333,24000002
app-limited,588,20400001,9444333,24000002
app-limited,589,20400001,9444333,24000002
app-limited,590,20400001,9444333,24000002
app-limited,591,20400001,9444333,24000002
app-limited,592,20400001,9444333,24000002
app-limited,593,20400001,9444333,24000002
app-limited,594,20400001,9444333,24000002
app-limited,595,20400001,9444333,24000002
app-limited,596,20400001,9444333,24000002
app-limited,597,20400001,9444333,24000002
app-limited,598,20400001,9444333,24000002
app-limited,599,20400001,9444333,24000002
app-limited,600,20400001,9444333,24000002
app-limited,601,20400001,9444333,24000002
app-limited,602,20400001,9444333,24000002
app-limited,603,20400001,9444333,24000002
app-limited,604,20400001,9444333,24000002
app-limited,605,20400001,9444333,24000002
app-limited,606,20400001,9444333,24000002
app-limited,607,20400001,9444333,24000002
app-limited,608,20400001,9444333,24000002
app-limited,609,20400001,9444333,24000002
app-limited,610,20400001,9444333,24000002
app-limited,611,20400001,9444333,24000002
app-limited,612,20400001,9444333,24000002
app-limited,613,20400001,9444333,24000002
app-limited,614,20400001,9444333,24000002
app-limited,615,20400001,9444333,24000002
app-limited,616,20400001,9444333,24000002
app-limited,617,20400001,9444333,24000002
app-limited,618,20400001,9444333,24000002
app-limited,619,20400001,9444333,24000002
app-limited,620,20400001,9444333,24000002
app-limited,621,20400001,9444333,24000002
app-limited,622,20400001,9444333,24000002
app-limited,623,20400001,9444333,24000002
app-limited,624,20400001,9444333,24000002
app-limited,625,20400001,9444333,24000002
app-limited,626,20400001,9444333,24000002
app-limited,627,20400001,9444333,24000002
app-limited,628,20400001,9444333,24000002
app-limited,629,20400001,9444333,24000002
app-limited,630,20400001,9444333,24000002
app-limited,631,20400001,9444333,24000002
app-limited,632,20400001,9444333,24000002
app-limited,633,20400001,9444333,24000002
app-limited,634,20400001,9444333,24000002
app-limited,635,20400001,9444333,24000002
app-limited,636,20400001,9444333,24000002
app-limited,637,20400001,9444333,24000002
app-limited,638,20400001,9444333,24000002
app-limited,639,20400001,9444333,24000002
app-limited,640,20400001,9444333,24000002
app-limited,641,20400001,9444333,24000002
app-limited,642,20400001,9444333,24000002
app-limited,643,20400001,9444333,24000002
app-limited,644,20400001,9444333,24000002
app-limited,645,20400001,9444333,24000002
app-limited,646,20400001,9444333,24000002
app-limited,647,20400001,9444333,24000002
app-limited,648,20400001,9444333,24000002
app-limited,649,20400001,9444333,24000002
app-limited,650,20400001,9444333,24000002
app-limited,651,20400001,9444333,24000002
app-limited,652,20400001,9444333,24000002
app-limited,653,20400001,9444333,24000002
app-limited,654,20400001,9444333,24000002
app-limited,655,20400001,9444333,24000002
app-limited,656,20400001,9444333,24000002
app-limited,657,20400001,9444333,24000002
app-limited,658,20400001,9444333,24000002
app-limited,659,20400001,9444333,24000002
app-limited,660,20400001,9444333,24000002
app-limited,661,20400001,9444333,24000002
app-limited,662,20400001,9444333,24000002
app-limited,663,20400001,9444333,24000002
app-limited,664,20400001,9444333,24000002
app-limited,665,20400001,9444333,24000002
app-limited,666,20400001,9444333,24000002
app-limited,667,20400001,9444333,24000002
app-limited,668,20400001,9444333,24000002
app-limited,669,20400001,9444333,24000002
app-limited,670,20400001,9444333,24000002
app-limited,671,20400001,9444333,24000002
app-limited,672,20400001,9444333,24000002
app-limited,673,20400001,9444333,24000002
app-limited,674,20400001,9444333,24000002
app-limited,675,20400001,9444333,24000002
app-limited,676,20400001,9444333,24000002
app-limited,677,20400001,9444333,24000002
app-limited,678,20400001,9444333,24000002
app-limited,679,20400001,9444333,24000002
app-limited,680,20400001,9444333,24000002
app-limited,681,20400001,9444333,24000002
app-limited,682,20400001,9444333,24000002
app-limited,683,20400001,9444333,24000002
app-limited,684,20400001,9444333,24000002
app-limited,685,20400001,9444333,24000002
app-limited,686,20400001,9444333,24000002
app-limited,687,20400001,9444333,24000002
app-limited,688,20400001,9444333,24000002
app-limited,689,20400001,9444333,24000002
app-limited,690,20400001,9444333,24000002
app-limited,691,20400001,9444333,24000002
app-limited,692,20400001,9444333,24000002
app-limited,693,20400001,9444333,24000002
app-limited,694,20400001,9444333,24000002
app-limited,695,20400001,9444333,24000002
app-limited,696,20400001,9444333,24000002
app-limited,697,20400001,9444333,24000002
app-limited,698,20400001,9444333,24000002
app-limited,699,20400001,9444333,24000002
app-limited,700,20400001,9444333,24000002
app-limited,701,20400001,9444333,24000002
app-limited,702,20400001,9444333,24000002
app-limited,703,20400001,9444333,24000002
app-limited,704,20400001,9444333,24000002
app-limited,705,20400001,9444333,24000002
app-limited,706,20400001,9444333,24000002
app-limited,707,20400001,9444333,24000002
app-limited,708,20400001,9444333,24000002
app-limited,709,20400001,9444333,24000002
app-limited,710,20400001,9444333,24000002
app-limited,711,20400001,9444333,24000002
app-limited,712,20400001,9444333,24000002
app-limited,713,20400001,9444333,24000002
app-limited,714,20400001,9444333,24000002
app-limited,715,20400001,9444333,24000002
app-limited,716,20400001,9444333,24000002
app-limited,717,20400001,9444333,24000002
app-limited,718,20400001,9444333,24000002
app-limited,719,20400001,9444333,24000002
app-limited,720,20400001,9444333,24000002
app-limited,721,20400001,9444333,24000002
app-limited,722,20400001,9444333,24000002
app-limited,723,20400001,9444333,24000002
app-limited,724,20400001,9444333,24000002
app-limited,725,20400001,9444333,24000002
app-limited,726,20400001,9444333,24000002
app-limited,727,20400001,9444333,24000002
app-limited,728,20400001,9444333,24000002
app-limited,729,20400001,9444333,24000002
app-limited,730,20400001,9444333,24000002
app-limited,731,20400001,9444333,24000002
app-limited,732,20400001,9444333,24000002
app-limited,733,20400001,9444333,24000002
app-limited,734,20400001,9444333,24000002
app-limited,735,20400001,9444333,24000002
app-limited,736,20400001,9444333,24000002
app-limited,737,20400001,9444333,24000002
app-limited,738,20400001,9444333,24000002
app-limited,739,20400001,9444333,24000002
app-limited,740,20400001,9444333,24000002
app-limited,741,20400001,9444333,24000002
app-limited,742,20400001,9444333,24000002
app-limited,743,20400001,9444333,24000002
app-limited,744,20400001,9444333,24000002
app-limited,745,20400001,9444333,24000002
app-limited,746,20400001,9444333,24000002
app-limited,747,20400001,9444333,24000002
app-limited,748,20400001,9444333,24000002
app-limited,749,20400001,9444333,24000002
app-limited,750,20400001,9444333,24000002
app-limited,751,20400001,9444333,24000002
app-limited,752,20400001,9444333,24000002
app-limited,753,20400001,9444333,24000002
app-limited,754,20400001,9444333,24000002
app-limited,755,20400001,9444333,24000002
app-limited,756,20400001,9444333,24000002
app-limited,757,20400001,9444333,24000002
app-limited,758,20400001,9444333,24000002
app-limited,759,20400001,9444333,24000002
app-limited,760,20400001,9444333,24000002
app-limited,761,20400001,9444333,24000002
app-limited,762,20400001,9444333,24000002
app-limited,763,20400001,9444333,24000002
app-limited,764,20400001,9444333,24000002
app-limited,765,20400001,9444333,24000002
app-limited,766,20400001,9444333,24000002
app-limited,767,20400001,9444333,24000002
app-limited,768,20400001,9444333,24000002
app-limited,769,20400001,9444333,24000002
app-limited,770,20400001,9444333,24000002
app-limited,771,20400001,9444333,24000002
app-limited,772,20400001,9444333,24000002
app-limited,773,20400001,9444333,24000002
app-limited,774,20400001,9444333,24000002
app-limited,775,20400001,9444333,24000002
app-limited,776,20400001,9444333,24000002
app-limited,777,20400001,9444333,24000002
app-limited,778,20400001,9444333,24000002
app-limited,779,20400001,9444333,24000002
app-limited,780,20400001,9444333,24000002
app-limited,781,20400001,9444333,24000002
app-limited,782,20400001,9444333,24000002
app-limited,783,20400001,9444333,24000002
app-limited,784,20400001,9444333,24000002
app-limited,785,20400001,9444333,24000002
app-limited,786,20400001,9444333,24000002
app-limited,787,20400001,9444333,24000002
app-limited,788,20400001,9444333,24000002
app-limited,789,20400001,9444333,24000002
app-limited,790,20400001,9444333,24000002
app-limited,791,20400001,9444333,24000002
app-limited,792,20400001,9444333,24000002
app-limited,793,20400001,9444333,24000002
app-limited,794,20400001,9444333,24000002
app-limited,795,20400001,9444333,24000002
app-limited,796,20400001,9444333,24000002
app-limited,797,20400001,9444333,24000002
app-limited,798,20400001,9444333,24000002
app-limited,799,20400001,9444333,24000002
app-limited,800,20400001,9444333,24000002
app-limited,801,20400001,9444333,24000002
app-limited,802,20400001,9444333,24000002
app-limited,803,20400001,9444333,24000002
app-limited,804,20400001,9444333,24000002
app-limited,805,20400001,9444333,24000002
app-limited,806,20400001,9444333,24000002
app-limited,807,20400001,9444333,24000002
app-limited,808,20400001,9444333,24000002
app-limited,809,20400001,9444333,24000002
app-limited,810,20400001,9444333,24000002
app-limited,811,20400001,9444333,24000002
app-limited,812,20400001,9444333,24000002
app-limited,813,20400001,9444333,24000002
app-limited,814,20400001,9444333,24000002
app-limited,815,20400001,9444333,24000002
app-limited,816,20400001,9444333,24000002
app-limited,817,20400001,9444333,24000002
app-limited,818,20400001,9444333,24000002
app-limited,819,20400001,9444333,24000002
app-limited,820,20400001,9444333,24000002
app-limited,821,20400001,9444333,24000002
app-limited,822,20400001,9444333,24000002
app-limited,823,20400001,9444333,24000002
app-limited,824,20400001,9444333,24000002
app-limited,825,20400001,9444333,24000002
app-limited,826,20400001,9444333,24000002
app-limited,827,20400001,9444333,24000002
app-limited,828,20400001,9444333,24000002
app-limited,829,20400001,9444333,24000002
app-limited,830,20400001,9444333,24000002
app-limited,831,20400001,9444333,24000002
app-limited,832,20400001,9444333,24000002
app-limited,833,20400001,9444333,24000002
app-limited,834,20400001,9444333,24000002
app-limited,835,20400001,9444333,24000002
app-limited,836,20400001,9444333,24000002
app-limited,837,20400001,9444333,24000002
app-limited,838,20400001,9444333,24000002
app-limited,839,20400001,9444333,24000002
app-limited,840,20400001,9444333,24000002
app-limited,841,20400001,9444333,24000002
app-limited,842,20400001,9444333,24000002
app-limited,843,20400001,9444333,24000002
app-limited,844,20400001,9444333,24000002
app-limited,845,20400001,9444333,24000002
app-limited,846,20400001,9444333,24000002
app-limited,847,20400001,9444333,24000002
app-limited,848,20400001,9444333,24000002
app-limited,849,20400001,9444333,24000002
app-limited,850,20400001,9444333,24000002
app-limited,851,20400001,9444333,24000002
app-limited,852,20400001,9444333,24000002
app-limited,853,20400001,9444333,24000002
app-limited,854,20400001,9444333,24000002
app-limited,855,20400001,9444333,24000002
app-limited,856,20400001,9444333,24000002
app-limited,857,20400001,9444333,24000002
app-limited,858,20400001,9444333,24000002
app-limited,859,20400001,9444333,24000002
app-limited,860,20400001,9444333,24000002
app-limited,861,20400001,9444333,24000002
app-limited,862,20400001,9444333,24000002
app-limited,863,20400001,9444333,24000002
app-limited,864,20400001,9444333,24000002
app-limited,865,20400001,9444333,24000002
app-limited,866,20400001,9444333,24000002
app-limited,867,20400001,9444333,24000002
app-limited,868,20400001,9444333,24000002
app-limited,869,20400001,9444333,24000002
app-limited,870,20400001,9444333,24000002
app-limited,871,20400001,9444333,24000002
app-limited,872,20400001,9444333,24000002
app-limited,873,20400001,9444333,24000002
app-limited,874,20400001,9444333,24000002
app-limited,875,20400001,9444333,24000002
app-limited,876,20400001,9444333,24000002
app-limited,877,20400001,9444333,24000002
app-limited,878,20400001,9444333,24000002
app-limited,879,20400001,9444333,24000002
app-limited,880,20400001,9444333,24000002
app-limited,881,20400001,9444333,24000002
app-limited,882,20400001,9444333,24000002
app-limited,883,20400001,9444333,24000002
app-limited,884,20400001,9444333,24000002
app-limited,885,20400001,9444333,24000002
app-limited,886,20400001,9444333,24000002
app-limited,887,20400001,9444333,24000002
app-limited,888,20400001,9444333,24000002
app-limited,889,20400001,9444333,24000002
app-limited,890,20400001,9444333,24000002
app-limited,891,20400001,9444333,24000002
app-limited,892,20400001,9444333,24000002
app-limited,893,20400001,9444333,24000002
app-limited,894,20400001,9444333,24000002
app-limited,895,20400001,9444333,24000002
app-limited,896,20400001,9444333,24000002
app-limited,897,20400001,9444333,24000002
app-limited,898,20400001,9444333,24000002
app-limited,899,20400001,9444333,24000002
loss-after-rise,0,20400001,4722166,24000002
loss-after-rise,1,20400001,4722166,24000002
loss-after-rise,2,20400001,4722166,24000002
loss-after-rise,3,20400001,4722166,24000002
loss-after-rise,4,20400001,4722166,24000002
loss-after-rise,5,20400001,4722166,24000002
loss-after-rise,6,20400001,4722166,24000002
loss-after-rise,7,20400001,4722166,24000002
loss-after-rise,8,20400001,4722166,24000002
loss-after-rise,9,20400001,4722166,24000002
loss-after-rise,10,20400001,4722166,24000002
loss-after-rise,11,20400001,4722166,24000002
loss-after-rise,12,20400001,4722166,24000002
loss-after-rise,13,20400001,4722166,24000002
loss-after-rise,14,20400001,4722166,24000002
loss-after-rise,15,20400001,4722166,24000002
loss-after-rise,16,20400001,4722166,24000002
loss-after-rise,17,20400001,4722166,24000002
loss-after-rise,18,20400001,4722166,24000002
loss-after-rise,19,20400001,4722166,24000002
loss-after-rise,20,20400001,4722166,24000002
loss-after-rise,21,20400001,4722166,24000002
loss-after-rise,22,20400001,4722166,24000002
loss-after-rise,23,20400001,4722166,24000002
loss-after-rise,24,20400001,4722166,24000002
loss-after-rise,25,20400001,4722166,24000002
loss-after-rise,26,20400001,4722166,24000002
loss-after-rise,27,20400001,4722166,24000002
loss-after-rise,28,20400001,4722166,24000002
loss-after-rise,29,20400001,4722166,24000002
loss-after-rise,30,20400001,4722166,24000002
loss-after-rise,31,20400001,4722166,24000002
loss-after-rise,32,20400001,4722166,24000002
loss-after-rise,33,14280000,4722166,24000000
loss-after-rise,34,14280000,4444444,24000000
loss-after-rise,35,14280000,4444444,24000000
loss-after-rise,36,14280000,4444444,48000006
loss-after-rise,37,14280000,4444444,48000006
loss-after-rise,38,14280000,4444444,48000006
loss-after-rise,39,14280000,4444444,48000006
loss-after-rise,40,14280000,4444444,48000006
loss-after-rise,41,14280000,4444444,48000006
loss-after-rise,42,14280000,4444444,48000006
loss-after-rise,43,14280000,4444444,48000006
loss-after-rise,44,14280000,4444444,48000006
loss-after-rise,45,14280000,4444444,48000006
loss-after-rise,46,14280000,4444444,48000006
loss-after-rise,47,14280000,4444444,48000006
loss-after-rise,48,14280000,4444444,48000006
loss-after-rise,49,14280000,4444444,48000006
loss-after-rise,50,14280000,4444444,48000006
loss-after-rise,51,14280000,4444444,48000006
loss-after-rise,52,14280000,4444444,48000006
loss-after-rise,53,14280000,4444444,48000006
loss-after-rise,54,14280000,4444444,48000006
loss-after-rise,55,14280000,4444444,48000006
loss-after-rise,56,14280000,4444444,48000006
loss-after-rise,57,14280000,4444444,48000006
loss-after-rise,58,14280000,4444444,48000006
loss-after-rise,59,14280000,4444444,48000006
loss-after-rise,60,14280000,4444444,48000006
loss-after-rise,61,14280000,4444444,48000006
loss-after-rise,62,14280000,4444444,48000006
loss-after-rise,63,14280000,4444444,48000006
loss-after-rise,64,14280000,4444444,48000006
loss-after-rise,65,14280000,4444444,48000006
loss-after-rise,66,14280000,4444444,48000006
loss-after-rise,67,14280000,4444444,48000006
loss-after-rise,68,14280000,4444444,48000006
loss-after-rise,69,14280000,4444444,48000006
loss-after-rise,70,14280000,4444444,48000006
loss-after-rise,71,14280000,4444444,48000006
loss-after-rise,72,14280000,4444444,48000006
loss-after-rise,73,14280000,4444444,48000006
loss-after-rise,74,14280000,4444444,48000006
loss-after-rise,75,14280000,4444444,48000006
loss-after-rise,76,14280000,4444444,48000006
loss-after-rise,77,14280000,4444444,48000006
loss-after-rise,78,14280000,4444444,48000006
loss-after-rise,79,14280000,4444444,48000006
loss-after-rise,80,14280000,4444444,48000006
loss-after-rise,81,14280000,4444444,48000006
loss-after-rise,82,14280000,4444444,48000006
loss-after-rise,83,14280000,4444444,48000006
loss-after-rise,84,14280000,4444444,48000006
loss-after-rise,85,14280000,4444444,48000006
loss-after-rise,86,14280000,4444444,48000006
loss-after-rise,87,14280000,4444444,48000006
loss-after-rise,88,14280000,4444444,48000006
loss-after-rise,89,14280000,4444444,48000006
loss-after-rise,90,14280000,4444444,48000006
loss-after-rise,91,14280000,4444444,48000006
loss-after-rise,92,14280000,4444444,48000006
loss-after-rise,93,14280000,4444444,48000006
loss-after-rise,94,14280000,4444444,48000006
loss-after-rise,95,14280000,4444444,48000006
loss-after-rise,96,14280000,4444444,48000006
loss-after-rise,97,14280000,4444444,48000006
loss-after-rise,98,14280000,4444444,48000006
loss-after-rise,99,14280000,4444444,48000006
loss-after-rise,100,14280000,4444444,48000006
loss-after-rise,101,14280000,4444444,48000006
loss-after-rise,102,14280000,4444444,48000006
loss-after-rise,103,14280000,4444444,48000006
loss-after-rise,104,14280000,4444444,48000006
loss-after-rise,105,14280000,4444444,48000006
loss-after-rise,106,14280000,4444444,48000006
loss-after-rise,107,14280000,4444444,48000006
loss-after-rise,108,14280000,4444444,48000006
loss-after-rise,109,14280000,4444444,48000006
loss-after-rise,110,14280000,4444444,48000006
loss-after-rise,111,14280000,4444444,48000006
loss-after-rise,112,14280000,4444444,48000006
loss-after-rise,113,14280000,4444444,48000006
loss-after-rise,114,14280000,4444444,48000006
loss-after-rise,115,14280000,4444444,48000006
loss-after-rise,116,14280000,4444444,48000006
loss-after-rise,117,14280000,4444444,48000006
loss-after-rise,118,14280000,4444444,48000006
loss-after-rise,119,14280000,4444444,48000006
loss-after-rise,120,14280000,4444444,48000006
loss-after-rise,121,14280000,4444444,48000006
loss-after-rise,122,14280000,4444444,48000006
loss-after-rise,123,14280000,4444444,48000006
loss-after-rise,124,14280000,4444444,48000006
loss-after-rise,125,14280000,4444444,48000006
loss-after-rise,126,30344493,4444444,48000006
loss-after-rise,127,30344493,7024166,48000006
loss-after-rise,128,30344493,7024166,48000006
loss-after-rise,129,30344493,7024166,48000006
loss-after-rise,130,30344493,7024166,48000006
loss-after-rise,131,30344493,7024166,48000006
loss-after-rise,132,30344493,7024166,48000006
loss-after-rise,133,30344493,7024166,48000006
loss-after-rise,134,30344493,7024166,48000006
loss-after-rise,135,30344493,7024166,48000006
loss-after-rise,136,30344493,7024166,48000006
loss-after-rise,137,30344493,7024166,48000006
loss-after-rise,138,30344493,7024166,48000006
loss-after-rise,139,30344493,7024166,48000006
loss-after-rise,140,30344493,7024166,48000006
loss-after-rise,141,30344493,7024166,48000006
loss-after-rise,142,30344493,7024166,48000006
loss-after-rise,143,30344493,7024166,48000006
loss-after-rise,144,30344493,7024166,48000006
loss-after-rise,145,30344493,7024166,48000006
loss-after-rise,146,30344493,7024166,48000006
loss-after-rise,147,30344493,7024166,48000006
loss-after-rise,148,30344493,7024166,48000006
loss-after-rise,149,30344493,7024166,48000006
loss-after-rise,150,30344493,7024166,48000006
loss-after-rise,151,30344493,7024166,48000006
loss-after-rise,152,30344493,7024166,48000006
loss-after-rise,153,30344493,7024166,48000006
loss-after-rise,154,30344493,7024166,48000006
loss-after-rise,155,30344493,7024166,48000006
loss-after-rise,156,30344493,7024166,48000006
loss-after-rise,157,30344493,7024166,48000006
loss-after-rise,158,30344493,7024166,48000006
loss-after-rise,159,30344493,7024166,48000006
loss-after-rise,160,30344493,7024166,48000006
loss-after-rise,161,30344493,7024166,48000006
loss-after-rise,162,30344493,7024166,48000006
loss-after-rise,163,30344493,7024166,48000006
loss-after-rise,164,30344493,7024166,48000006
loss-after-rise,165,30344493,7024166,48000006
loss-after-rise,166,30344493,7024166,48000006
loss-after-rise,167,30344493,7024166,48000006
loss-after-rise,168,30344493,7024166,48000006
loss-after-rise,169,30344493,7024166,48000006
loss-after-rise,170,30344493,7024166,48000006
loss-after-rise,171,30344493,7024166,48000006
loss-after-rise,172,30344493,7024166,48000006
loss-after-rise,173,30344493,7024166,48000006
loss-after-rise,174,30344493,7024166,48000006
loss-after-rise,175,30344493,7024166,48000006
loss-after-rise,176,30344493,7024166,48000006
loss-after-rise,177,30344493,7024166,48000006
loss-after-rise,178,30344493,7024166,48000006
loss-after-rise,179,30344493,7024166,48000006
loss-after-rise,180,30344493,7024166,48000006
loss-after-rise,181,30344493,7024166,48000006
loss-after-rise,182,30344493,7024166,48000006
loss-after-rise,183,30344493,7024166,48000006
loss-after-rise,184,30344493,7024166,48000006
loss-after-rise,185,30344493,7024166,48000006
loss-after-rise,186,30344493,7024166,48000006
loss-after-rise,187,30344493,7024166,48000006
loss-after-rise,188,30344493,7024166,48000006
loss-after-rise,189,30344493,7024166,48000006
loss-after-rise,190,30344493,7024166,48000006
loss-after-rise,191,30344493,7024166,48000006
loss-after-rise,192,30344493,7024166,48000006
loss-after-rise,193,30344493,7024166,48000006
loss-after-rise,194,30344493,7024166,48000006
loss-after-rise,195,30344493,7024166,48000006
loss-after-rise,196,30344493,7024166,48000006
loss-after-rise,197,30344493,7024166,48000006
loss-after-rise,198,30344493,7024166,48000006
loss-after-rise,199,30344493,7024166,48000006
loss-after-rise,200,30344493,7024166,48000006
loss-after-rise,201,30344493,7024166,48000006
loss-after-rise,202,30344493,7024166,48000006
loss-after-rise,203,30344493,7024166,48000006
loss-after-rise,204,30344493,7024166,48000006
loss-after-rise,205,30344493,7024166,48000006
loss-after-rise,206,30344493,7024166,48000006
loss-after-rise,207,30344493,7024166,48000006
loss-after-rise,208,30344493,7024166,48000006
loss-after-rise,209,30344493,7024166,48000006
loss-after-rise,210,30344493,7024166,48000006
loss-after-rise,211,30344493,7024166,48000006
loss-after-rise,212,30344493,7024166,48000006
loss-after-rise,213,30344493,7024166,48000006
loss-after-rise,214,30344493,7024166,48000006
loss-after-rise,215,30344493,7024166,48000006
loss-after-rise,216,30344493,7024166,48000006
loss-after-rise,217,30344493,7024166,48000006
loss-after-rise,218,30344493,7024166,48000006
loss-after-rise,219,40800003,7024166,48000006
loss-after-rise,220,40800003,9444333,48000006
loss-after-rise,221,40800003,9444333,48000006
loss-after-rise,222,40800003,9444333,48000006
loss-after-rise,223,40800003,9444333,48000006
loss-after-rise,224,40800003,9444333,48000006
loss-after-rise,225,40800003,9444333,48000006
loss-after-rise,226,40800003,9444333,48000006
loss-after-rise,227,40800003,9444333,48000006
loss-after-rise,228,40800003,9444333,48000006
loss-after-rise,229,40800003,9444333,48000006
loss-after-rise,230,40800003,9444333,48000006
loss-after-rise,231,40800003,9444333,48000006
loss-after-rise,232,40800003,9444333,48000006
loss-after-rise,233,40800003,9444333,48000006
loss-after-rise,234,40800003,9444333,48000006
loss-after-rise,235,40800003,9444333,48000006
loss-after-rise,236,40800003,9444333,48000006
loss-after-rise,237,40800003,9444333,48000006
loss-after-rise,238,40800003,9444333,48000006
loss-after-rise,239,40800003,9444333,48000006
loss-after-rise,240,40800003,9444333,48000006
loss-after-rise,241,40800003,9444333,48000006
loss-after-rise,242,40800003,9444333,48000006
loss-after-rise,243,40800003,9444333,48000006
loss-after-rise,244,40800003,9444333,48000006
loss-after-rise,245,40800003,9444333,48000006
loss-after-rise,246,40800003,9444333,48000006
loss-after-rise,247,40800003,9444333,48000006
loss-after-rise,248,40800003,9444333,48000006
loss-after-rise,249,40800003,9444333,48000006
loss-after-rise,250,40800003,9444333,48000006
loss-after-rise,251,40800003,9444333,48000006
loss-after-rise,252,40800003,9444333,48000006
loss-after-rise,253,40800003,9444333,48000006
loss-after-rise,254,40800003,9444333,48000006
loss-after-rise,255,40800003,9444333,48000006
loss-after-rise,256,40800003,9444333,48000006
loss-after-rise,257,40800003,9444333,48000006
loss-after-rise,258,40800003,9444333,48000006
loss-after-rise,259,40800003,9444333,48000006
loss-after-rise,260,40800003,9444333,48000006
loss-after-rise,261,40800003,9444333,48000006
loss-after-rise,262,40800003,9444333,48000006
loss-after-rise,263,40800003,9444333,48000006
loss-after-rise,264,40800003,9444333,48000006
loss-after-rise,265,40800003,9444333,48000006
loss-after-rise,266,40800003,9444333,48000006
loss-after-rise,267,40800003,9444333,48000006
loss-after-rise,268,40800003,9444333,48000006
loss-after-rise,269,40800003,9444333,48000006
loss-after-rise,270,40800003,9444333,48000006
loss-after-rise,271,40800003,9444333,48000006
loss-after-rise,272,40800003,9444333,48000006
loss-after-rise,273,40800003,9444333,48000006
loss-after-rise,274,40800003,9444333,48000006
loss-after-rise,275,40800003,9444333,48000006
loss-after-rise,276,40800003,9444333,48000006
loss-after-rise,277,40800003,9444333,48000006
loss-after-rise,278,40800003,9444333,48000006
loss-after-rise,279,40800003,9444333,48000006
loss-after-rise,280,40800003,9444333,48000006
loss-after-rise,281,40800003,9444333,48000006
loss-after-rise,282,40800003,9444333,48000006
loss-after-rise,283,40800003,9444333,48000006
loss-after-rise,284,40800003,9444333,48000006
loss-after-rise,285,40800003,9444333,48000006
loss-after-rise,286,40800003,9444333,48000006
loss-after-rise,287,40800003,9444333,48000006
loss-after-rise,288,40800003,9444333,48000006
loss-after-rise,289,40800003,9444333,48000006
loss-after-rise,290,40800003,9444333,48000006
loss-after-rise,291,40800003,9444333,48000006
loss-after-rise,292,40800003,9444333,48000006
loss-after-rise,293,40800003,9444333,48000006
loss-after-rise,294,40800003,9444333,48000006
loss-after-rise,295,40800003,9444333,48000006
loss-after-rise,296,40800003,9444333,48000006
loss-after-rise,297,40800003,9444333,48000006
loss-after-rise,298,40800003,9444333,48000006
loss-after-rise,299,40800003,9444333,48000006
loss-after-rise,300,40800003,9444333,48000006
loss-after-rise,301,40800003,9444333,48000006
loss-after-rise,302,40800003,9444333,48000006
loss-after-rise,303,40800003,9444333,48000006
loss-after-rise,304,40800003,9444333,48000006
loss-after-rise,305,40800003,9444333,48000006
loss-after-rise,306,40800003,9444333,48000006
loss-after-rise,307,40800003,9444333,48000006
loss-after-rise,308,40800003,9444333,48000006
loss-after-rise,309,40800003,9444333,48000006
loss-after-rise,310,40800003,9444333,48000006
loss-after-rise,311,40800003,9444333,48000006
loss-after-rise,312,40800003,9444333,48000006
loss-after-rise,313,40800003,9444333,48000006
loss-after-rise,314,40800003,9444333,48000006
loss-after-rise,315,40800003,9444333,48000006
loss-after-rise,316,40800003,9444333,48000006
loss-after-rise,317,40800003,9444333,48000006
loss-after-rise,318,40800003,9444333,48000006
loss-after-rise,319,40800003,9444333,48000006
loss-after-rise,320,40800003,9444333,48000006
loss-after-rise,321,40800003,9444333,48000006
loss-after-rise,322,40800003,9444333,48000006
loss-after-rise,323,40800003,9444333,48000006
loss-after-rise,324,40800003,9444333,48000006
loss-after-rise,325,40800003,9444333,48000006
loss-after-rise,326,40800003,9444333,48000006
loss-after-rise,327,40800003,9444333,48000006
loss-after-rise,328,40800003,9444333,48000006
loss-after-rise,329,40800003,9444333,48000006
loss-after-rise,330,40800003,9444333,48000006
loss-after-rise,331,40800003,9444333,48000006
loss-after-rise,332,40800003,9444333,48000006
loss-after-rise,333,40800003,9444333,48000006
loss-after-rise,334,40800003,9444333,48000006
loss-after-rise,335,40800003,9444333,48000006
loss-after-rise,336,40800003,9444333,48000006
loss-after-rise,337,40800003,9444333,48000006
loss-after-rise,338,40800003,9444333,48000006
loss-after-rise,339,40800003,9444333,48000006
loss-after-rise,340,40800003,9444333,48000006
loss-after-rise,341,40800003,9444333,48000006
loss-after-rise,342,40800003,9444333,48000006
loss-after-rise,343,40800003,9444333,48000006
loss-after-rise,344,40800003,9444333,48000006
loss-after-rise,345,40800003,9444333,48000006
loss-after-rise,346,40800003,9444333,48000006
loss-after-rise,347,40800003,9444333,48000006
loss-after-rise,348,40800003,9444333,48000006
loss-after-rise,349,40800003,9444333,48000006
loss-after-rise,350,40800003,9444333,48000006
loss-after-rise,351,40800003,9444333,48000006
loss-after-rise,352,40800003,9444333,48000006
loss-after-rise,353,40800003,9444333,48000006
loss-after-rise,354,40800003,9444333,48000006
loss-after-rise,355,40800003,9444333,48000006
loss-after-rise,356,40800003,9444333,48000006
loss-after-rise,357,40800003,9444333,48000006
loss-after-rise,358,40800003,9444333,48000006
loss-after-rise,359,40800003,9444333,48000006
loss-after-rise,360,40800003,9444333,48000006
loss-after-rise,361,40800003,9444333,48000006
loss-after-rise,362,40800003,9444333,48000006
loss-after-rise,363,40800003,9444333,48000006
loss-after-rise,364,40800003,9444333,48000006
loss-after-rise,365,40800003,9444333,48000006
loss-after-rise,366,40800003,9444333,48000006
loss-after-rise,367,40800003,9444333,48000006
loss-after-rise,368,40800003,9444333,48000006
loss-after-rise,369,40800003,9444333,48000006
loss-after-rise,370,40800003,9444333,48000006
loss-after-rise,371,40800003,9444333,48000006
loss-after-rise,372,40800003,9444333,48000006
loss-after-rise,373,40800003,9444333,48000006
loss-after-rise,374,40800003,9444333,48000006
loss-after-rise,375,40800003,9444333,48000006
loss-after-rise,376,40800003,9444333,48000006
loss-after-rise,377,40800003,9444333,48000006
loss-after-rise,378,40800003,9444333,48000006
loss-after-rise,379,40800003,9444333,48000006
loss-after-rise,380,40800003,9444333,48000006
loss-after-rise,381,40800003,9444333,48000006
loss-after-rise,382,40800003,9444333,48000006
loss-after-rise,383,40800003,9444333,48000006
loss-after-rise,384,40800003,9444333,48000006
loss-after-rise,385,40800003,9444333,48000006
loss-after-rise,386,40800003,9444333,48000006
loss-after-rise,387,40800003,9444333,48000006
loss-after-rise,388,40800003,9444333,48000006
loss-after-rise,389,40800003,9444333,48000006
loss-after-rise,390,40800003,9444333,48000006
loss-after-rise,391,40800003,9444333,48000006
loss-after-rise,392,40800003,9444333,48000006
loss-after-rise,393,40800003,9444333,48000006
loss-after-rise,394,40800003,9444333,48000006
loss-after-rise,395,40800003,9444333,48000006
loss-after-rise,396,40800003,9444333,48000006
loss-after-rise,397,40800003,9444333,48000006
loss-after-rise,398,40800003,9444333,48000006
loss-after-rise,399,40800003,9444333,48000006
loss-after-rise,400,40800003,9444333,48000006
loss-after-rise,401,40800003,9444333,48000006
loss-after-rise,402,40800003,9444333,48000006
loss-after-rise,403,40800003,9444333,48000006
loss-after-rise,404,40800003,9444333,48000006
loss-after-rise,405,40800003,9444333,48000006
loss-after-rise,406,40800003,9444333,48000006
loss-after-rise,407,40800003,9444333,48000006
loss-after-rise,408,40800003,9444333,48000006
loss-after-rise,409,40800003,9444333,48000006
loss-after-rise,410,40800003,9444333,48000006
loss-after-rise,411,40800003,9444333,48000006
loss-after-rise,412,40800003,9444333,48000006
loss-after-rise,413,40800003,9444333,48000006
loss-after-rise,414,40800003,9444333,48000006
loss-after-rise,415,40800003,9444333,48000006
loss-after-rise,416,40800003,9444333,48000006
loss-after-rise,417,40800003,9444333,48000006
loss-after-rise,418,40800003,9444333,48000006
loss-after-rise,419,40800003,9444333,48000006
loss-after-rise,420,40800003,9444333,48000006
loss-after-rise,421,40800003,9444333,48000006
loss-after-rise,422,40800003,9444333,48000006
loss-after-rise,423,40800003,9444333,48000006
loss-after-rise,424,40800003,9444333,48000006
loss-after-rise,425,40800003,9444333,48000006
loss-after-rise,426,40800003,9444333,48000006
loss-after-rise,427,40800003,9444333,48000006
loss-after-rise,428,40800003,9444333,48000006
loss-after-rise,429,40800003,9444333,48000006
loss-after-rise,430,40800003,9444333,48000006
loss-after-rise,431,40800003,9444333,48000006
loss-after-rise,432,40800003,9444333,48000006
loss-after-rise,433,40800003,9444333,48000006
loss-after-rise,434,40800003,9444333,48000006
loss-after-rise,435,40800003,9444333,48000006
loss-after-rise,436,40800003,9444333,48000006
loss-after-rise,437,40800003,9444333,48000006
loss-after-rise,438,40800003,9444333,48000006
loss-after-rise,439,40800003,9444333,48000006
loss-after-rise,440,40800003,9444333,48000006
loss-after-rise,441,40800003,9444333,48000006
loss-after-rise,442,40800003,9444333,48000006
loss-after-rise,443,40800003,9444333,48000006
loss-after-rise,444,40800003,9444333,48000006
loss-after-rise,445,40800003,9444333,48000006
loss-after-rise,446,40800003,9444333,48000006
loss-after-rise,447,40800003,9444333,48000006
loss-after-rise,448,40800003,9444333,48000006
loss-after-rise,449,40800003,9444333,48000006
loss-after-rise,450,40800003,9444333,48000006
loss-after-rise,451,40800003,9444333,48000006
loss-after-rise,452,40800003,9444333,48000006
loss-after-rise,453,40800003,9444333,48000006
loss-after-rise,454,40800003,9444333,48000006
loss-after-rise,455,40800003,9444333,48000006
loss-after-rise,456,40800003,9444333,48000006
loss-after-rise,457,40800003,9444333,48000006
loss-after-rise,458,40800003,9444333,48000006
loss-after-rise,459,40800003,9444333,48000006
loss-after-rise,460,40800003,9444333,48000006
loss-after-rise,461,40800003,9444333,48000006
loss-after-rise,462,40800003,9444333,48000006
loss-after-rise,463,40800003,9444333,48000006
loss-after-rise,464,40800003,9444333,48000006
loss-after-rise,465,40800003,9444333,48000006
loss-after-rise,466,40800003,9444333,48000006
loss-after-rise,467,40800003,9444333,48000006
loss-after-rise,468,40800003,9444333,48000006
loss-after-rise,469,40800003,9444333,48000006
loss-after-rise,470,40800003,9444333,48000006
loss-after-rise,471,40800003,9444333,48000006
loss-after-rise,472,40800003,9444333,48000006
loss-after-rise,473,40800003,9444333,48000006
loss-after-rise,474,40800003,9444333,48000006
loss-after-rise,475,40800003,9444333,48000006
loss-after-rise,476,40800003,9444333,48000006
loss-after-rise,477,40800003,9444333,48000006
loss-after-rise,478,40800003,9444333,48000006
loss-after-rise,479,40800003,9444333,48000006
loss-after-rise,480,40800003,9444333,48000006
loss-after-rise,481,40800003,9444333,48000006
loss-after-rise,482,40800003,9444333,48000006
loss-after-rise,483,40800003,9444333,48000006
loss-after-rise,484,40800003,9444333,48000006
loss-after-rise,485,40800003,9444333,48000006
loss-after-rise,486,40800003,9444333,48000006
loss-after-rise,487,40800003,9444333,48000006
loss-after-rise,488,40800003,9444333,48000006
loss-after-rise,489,40800003,9444333,48000006
loss-after-rise,490,40800003,9444333,48000006
loss-after-rise,491,40800003,9444333,48000006
loss-after-rise,492,40800003,9444333,48000006
loss-after-rise,493,40800003,9444333,48000006
loss-after-rise,494,40800003,9444333,48000006
loss-after-rise,495,40800003,9444333,48000006
loss-after-rise,496,40800003,9444333,48000006
loss-after-rise,497,40800003,9444333,48000006
loss-after-rise,498,40800003,9444333,48000006
loss-after-rise,499,40800003,9444333,48000006
loss-after-rise,500,40800003,9444333,48000006
loss-after-rise,501,40800003,9444333,48000006
loss-after-rise,502,40800003,9444333,48000006
loss-after-rise,503,40800003,9444333,48000006
loss-after-rise,504,40800003,9444333,48000006
loss-after-rise,505,40800003,9444333,48000006
loss-after-rise,506,40800003,9444333,48000006
loss-after-rise,507,40800003,9444333,48000006
loss-after-rise,508,40800003,9444333,48000006
loss-after-rise,509,40800003,9444333,48000006
loss-after-rise,510,40800003,9444333,48000006
loss-after-rise,511,40800003,9444333,48000006
loss-after-rise,512,40800003,9444333,48000006
loss-after-rise,513,40800003,9444333,48000006
loss-after-rise,514,40800003,9444333,48000006
loss-after-rise,515,40800003,9444333,48000006
loss-after-rise,516,40800003,9444333,48000006
loss-after-rise,517,40800003,9444333,48000006
loss-after-rise,518,40800003,9444333,48000006
loss-after-rise,519,40800003,9444333,48000006
loss-after-rise,520,40800003,9444333,48000006
loss-after-rise,521,40800003,9444333,48000006
loss-after-rise,522,40800003,9444333,48000006
loss-after-rise,523,40800003,9444333,48000006
loss-after-rise,524,40800003,9444333,48000006
loss-after-rise,525,40800003,9444333,48000006
loss-after-rise,526,40800003,9444333,48000006
loss-after-rise,527,40800003,9444333,48000006
loss-after-rise,528,40800003,9444333,48000006
loss-after-rise,529,40800003,9444333,48000006
loss-after-rise,530,40800003,9444333,48000006
loss-after-rise,531,40800003,9444333,48000006
loss-after-rise,532,40800003,9444333,48000006
loss-after-rise,533,40800003,9444333,48000006
loss-after-rise,534,40800003,9444333,48000006
loss-after-rise,535,40800003,9444333,48000006
loss-after-rise,536,40800003,9444333,48000006
loss-after-rise,537,40800003,9444333,48000006
loss-after-rise,538,40800003,9444333,48000006
loss-after-rise,539,40800003,9444333,48000006
loss-after-rise,540,40800003,9444333,48000006
loss-after-rise,541,40800003,9444333,48000006
loss-after-rise,542,40800003,9444333,48000006
loss-after-rise,543,40800003,9444333,48000006
loss-after-rise,544,40800003,9444333,48000006
loss-after-rise,545,40800003,9444333,48000006
loss-after-rise,546,40800003,9444333,48000006
loss-after-rise,547,40800003,9444333,48000006
loss-after-rise,548,40800003,9444333,48000006
loss-after-rise,549,40800003,9444333,48000006
loss-after-rise,550,40800003,9444333,48000006
loss-after-rise,551,40800003,9444333,48000006
loss-after-rise,552,40800003,9444333,48000006
loss-after-rise,553,40800003,9444333,48000006
loss-after-rise,554,40800003,9444333,48000006
loss-after-rise,555,40800003,9444333,48000006
loss-after-rise,556,40800003,9444333,48000006
loss-after-rise,557,40800003,9444333,48000006
loss-after-rise,558,40800003,9444333,48000006
loss-after-rise,559,40800003,9444333,48000006
loss-after-rise,560,40800003,9444333,48000006
loss-after-rise,561,40800003,9444333,48000006
loss-after-rise,562,40800003,9444333,48000006
loss-after-rise,563,40800003,9444333,48000006
loss-after-rise,564,40800003,9444333,48000006
loss-after-rise,565,40800003,9444333,48000006
loss-after-rise,566,40800003,9444333,48000006
loss-after-rise,567,40800003,9444333,48000006
loss-after-rise,568,40800003,9444333,48000006
loss-after-rise,569,40800003,9444333,48000006
loss-after-rise,570,40800003,9444333,48000006
loss-after-rise,571,40800003,9444333,48000006
loss-after-rise,572,40800003,9444333,48000006
loss-after-rise,573,40800003,9444333,48000006
loss-after-rise,574,40800003,9444333,48000006
loss-after-rise,575,40800003,9444333,48000006
loss-after-rise,576,40800003,9444333,48000006
loss-after-rise,577,40800003,9444333,48000006
loss-after-rise,578,40800003,9444333,48000006
loss-after-rise,579,40800003,9444333,48000006
loss-after-rise,580,40800003,9444333,48000006
loss-after-rise,581,40800003,9444333,48000006
loss-after-rise,582,40800003,9444333,48000006
loss-after-rise,583,40800003,9444333,48000006
loss-after-rise,584,40800003,9444333,48000006
loss-after-rise,585,40800003,9444333,48000006
loss-after-rise,586,40800003,9444333,48000006
loss-after-rise,587,40800003,9444333,48000006
loss-after-rise,588,40800003,9444333,48000006
loss-after-rise,589,40800003,9444333,48000006
loss-after-rise,590,40800003,9444333,48000006
loss-after-rise,591,40800003,9444333,48000006
loss-after-rise,592,40800003,9444333,48000006
loss-after-rise,593,40800003,9444333,48000006
loss-after-rise,594,40800003,9444333,48000006
loss-after-rise,595,40800003,9444333,48000006
loss-after-rise,596,40800003,9444333,48000006
loss-after-rise,597,40800003,9444333,48000006
loss-after-rise,598,40800003,9444333,48000006
loss-after-rise,599,40800003,9444333,48000006
loss-after-rise,600,40800003,9444333,48000006
loss-after-rise,601,40800003,9444333,48000006
loss-after-rise,602,40800003,9444333,48000006
loss-after-rise,603,40800003,9444333,48000006
loss-after-rise,604,40800003,9444333,48000006
loss-after-rise,605,40800003,9444333,48000006
loss-after-rise,606,40800003,9444333,48000006
loss-after-rise,607,40800003,9444333,48000006
loss-after-rise,608,40800003,9444333,48000006
loss-after-rise,609,40800003,9444333,48000006
loss-after-rise,610,40800003,9444333,48000006
loss-after-rise,611,40800003,9444333,48000006
loss-after-rise,612,40800003,9444333,48000006
loss-after-rise,613,40800003,9444333,48000006
loss-after-rise,614,40800003,9444333,48000006
loss-after-rise,615,40800003,9444333,48000006
loss-after-rise,616,40800003,9444333,48000006
loss-after-rise,617,40800003,9444333,48000006
loss-after-rise,618,40800003,9444333,48000006
loss-after-rise,619,40800003,9444333,48000006
loss-after-rise,620,40800003,9444333,48000006
loss-after-rise,621,40800003,9444333,48000006
loss-after-rise,622,40800003,9444333,48000006
loss-after-rise,623,40800003,9444333,48000006
loss-after-rise,624,40800003,9444333,48000006
loss-after-rise,625,40800003,9444333,48000006
loss-after-rise,626,40800003,9444333,48000006
loss-after-rise,627,40800003,9444333,48000006
loss-after-rise,628,40800003,9444333,48000006
loss-after-rise,629,40800003,9444333,48000006
loss-after-rise,630,40800003,9444333,48000006
loss-after-rise,631,40800003,9444333,48000006
loss-after-rise,632,40800003,9444333,48000006
loss-after-rise,633,40800003,9444333,48000006
loss-after-rise,634,40800003,9444333,48000006
loss-after-rise,635,40800003,9444333,48000006
loss-after-rise,636,40800003,9444333,48000006
loss-after-rise,637,40800003,9444333,48000006
loss-after-rise,638,40800003,9444333,48000006
loss-after-rise,639,40800003,9444333,48000006
loss-after-rise,640,40800003,9444333,48000006
loss-after-rise,641,40800003,9444333,48000006
loss-after-rise,642,40800003,9444333,48000006
loss-after-rise,643,40800003,9444333,48000006
loss-after-rise,644,40800003,9444333,48000006
loss-after-rise,645,40800003,9444333,48000006
loss-after-rise,646,40800003,9444333,48000006
loss-after-rise,647,40800003,9444333,48000006
loss-after-rise,648,40800003,9444333,48000006
loss-after-rise,649,40800003,9444333,48000006
loss-after-rise,650,40800003,9444333,48000006
loss-after-rise,651,40800003,9444333,48000006
loss-after-rise,652,40800003,9444333,48000006
loss-after-rise,653,40800003,9444333,48000006
loss-after-rise,654,40800003,9444333,48000006
loss-after-rise,655,40800003,9444333,48000006
loss-after-rise,656,40800003,9444333,48000006
loss-after-rise,657,40800003,9444333,48000006
loss-after-rise,658,40800003,9444333,48000006
loss-after-rise,659,40800003,9444333,48000006
loss-after-rise,660,40800003,9444333,48000006
loss-after-rise,661,40800003,9444333,48000006
loss-after-rise,662,40800003,9444333,48000006
loss-after-rise,663,40800003,9444333,48000006
loss-after-rise,664,40800003,9444333,48000006
loss-after-rise,665,40800003,9444333,48000006
loss-after-rise,666,40800003,9444333,48000006
loss-after-rise,667,40800003,9444333,48000006
loss-after-rise,668,40800003,9444333,48000006
loss-after-rise,669,40800003,9444333,48000006
loss-after-rise,670,40800003,9444333,48000006
loss-after-rise,671,40800003,9444333,48000006
loss-after-rise,672,40800003,9444333,48000006
loss-after-rise,673,40800003,9444333,48000006
loss-after-rise,674,40800003,9444333,48000006
loss-after-rise,675,40800003,9444333,48000006
loss-after-rise,676,40800003,9444333,48000006
loss-after-rise,677,40800003,9444333,48000006
loss-after-rise,678,40800003,9444333,48000006
loss-after-rise,679,40800003,9444333,48000006
loss-after-rise,680,40800003,9444333,48000006
loss-after-rise,681,40800003,9444333,48000006
loss-after-rise,682,40800003,9444333,48000006
loss-after-rise,683,40800003,9444333,48000006
loss-after-rise,684,40800003,9444333,48000006
loss-after-rise,685,40800003,9444333,48000006
loss-after-rise,686,40800003,9444333,48000006
loss-after-rise,687,40800003,9444333,48000006
loss-after-rise,688,40800003,9444333,48000006
loss-after-rise,689,40800003,9444333,48000006
loss-after-rise,690,40800003,9444333,48000006
loss-after-rise,691,40800003,9444333,48000006
loss-after-rise,692,40800003,9444333,48000006
loss-after-rise,693,40800003,9444333,48000006
loss-after-rise,694,40800003,9444333,48000006
loss-after-rise,695,40800003,9444333,48000006
loss-after-rise,696,40800003,9444333,48000006
loss-after-rise,697,40800003,9444333,48000006
loss-after-rise,698,40800003,9444333,48000006
loss-after-rise,699,40800003,9444333,48000006
loss-after-rise,700,40800003,9444333,48000006
loss-after-rise,701,40800003,9444333,48000006
loss-after-rise,702,40800003,9444333,48000006
loss-after-rise,703,40800003,9444333,48000006
loss-after-rise,704,40800003,9444333,48000006
loss-after-rise,705,40800003,9444333,48000006
loss-after-rise,706,40800003,9444333,48000006
loss-after-rise,707,40800003,9444333,48000006
loss-after-rise,708,40800003,9444333,48000006
loss-after-rise,709,40800003,9444333,48000006
loss-after-rise,710,40800003,9444333,48000006
loss-after-rise,711,40800003,9444333,48000006
loss-after-rise,712,40800003,9444333,48000006
loss-after-rise,713,40800003,9444333,48000006
loss-after-rise,714,40800003,9444333,48000006
loss-after-rise,715,40800003,9444333,48000006
loss-after-rise,716,40800003,9444333,48000006
loss-after-rise,717,40800003,9444333,48000006
loss-after-rise,718,40800003,9444333,48000006
loss-after-rise,719,40800003,9444333,48000006
loss-after-rise,720,40800003,9444333,48000006
loss-after-rise,721,40800003,9444333,48000006
loss-after-rise,722,40800003,9444333,48000006
loss-after-rise,723,40800003,9444333,48000006
loss-after-rise,724,40800003,9444333,48000006
loss-after-rise,725,40800003,9444333,48000006
loss-after-rise,726,40800003,9444333,48000006
loss-after-rise,727,40800003,9444333,48000006
loss-after-rise,728,40800003,9444333,48000006
loss-after-rise,729,40800003,9444333,48000006
loss-after-rise,730,40800003,9444333,48000006
loss-after-rise,731,40800003,9444333,48000006
loss-after-rise,732,40800003,9444333,48000006
loss-after-rise,733,40800003,9444333,48000006
loss-after-rise,734,40800003,9444333,48000006
loss-after-rise,735,40800003,9444333,48000006
loss-after-rise,736,40800003,9444333,48000006
loss-after-rise,737,40800003,9444333,48000006
loss-after-rise,738,40800003,9444333,48000006
loss-after-rise,739,40800003,9444333,48000006
loss-after-rise,740,40800003,9444333,48000006
loss-after-rise,741,40800003,9444333,48000006
loss-after-rise,742,40800003,9444333,48000006
loss-after-rise,743,40800003,9444333,48000006
loss-after-rise,744,40800003,9444333,48000006
loss-after-rise,745,40800003,9444333,48000006
loss-after-rise,746,40800003,9444333,48000006
loss-after-rise,747,40800003,9444333,48000006
loss-after-rise,748,40800003,9444333,48000006
loss-after-rise,749,40800003,9444333,48000006
loss-after-rise,750,40800003,9444333,48000006
loss-after-rise,751,40800003,9444333,48000006
loss-after-rise,752,40800003,9444333,48000006
loss-after-rise,753,40800003,9444333,48000006
loss-after-rise,754,40800003,9444333,48000006
loss-after-rise,755,40800003,9444333,48000006
loss-after-rise,756,40800003,9444333,48000006
loss-after-rise,757,40800003,9444333,48000006
loss-after-rise,758,40800003,9444333,48000006
loss-after-rise,759,40800003,9444333,48000006
loss-after-rise,760,40800003,9444333,48000006
loss-after-rise,761,40800003,9444333,48000006
loss-after-rise,762,40800003,9444333,48000006
loss-after-rise,763,40800003,9444333,48000006
loss-after-rise,764,40800003,9444333,48000006
loss-after-rise,765,40800003,9444333,48000006
loss-after-rise,766,40800003,9444333,48000006
loss-after-rise,767,40800003,9444333,48000006
loss-after-rise,768,40800003,9444333,48000006
loss-after-rise,769,40800003,9444333,48000006
loss-after-rise,770,40800003,9444333,48000006
loss-after-rise,771,40800003,9444333,48000006
loss-after-rise,772,50000000,9444333,48000006
loss-after-rise,773,50000000,11574000,48000006
loss-after-rise,774,50000000,11574000,48000006
loss-after-rise,775,50000000,11574000,48000006
loss-after-rise,776,50000000,11574000,48000006
loss-after-rise,777,50000000,11574000,48000006
loss-after-rise,778,50000000,11574000,48000006
loss-after-rise,779,50000000,11574000,48000006
loss-after-rise,780,50000000,11574000,48000006
loss-after-rise,781,50000000,11574000,48000006
loss-after-rise,782,50000000,11574000,48000006
loss-after-rise,783,50000000,11574000,48000006
loss-after-rise,784,50000000,11574000,48000006
loss-after-rise,785,50000000,11574000,48000006
loss-after-rise,786,50000000,11574000,48000006
loss-after-rise,787,50000000,11574000,48000006
loss-after-rise,788,50000000,11574000,48000006
loss-after-rise,789,50000000,11574000,48000006
loss-after-rise,790,50000000,11574000,48000006
loss-after-rise,791,50000000,11574000,48000006
loss-after-rise,792,50000000,11574000,48000006
loss-after-rise,793,50000000,11574000,48000006
loss-after-rise,794,50000000,11574000,48000006
loss-after-rise,795,50000000,11574000,48000006
loss-after-rise,796,50000000,11574000,48000006
loss-after-rise,797,50000000,11574000,48000006
loss-after-rise,798,50000000,11574000,48000006
loss-after-rise,799,50000000,11574000,48000006
loss-after-rise,800,50000000,11574000,48000006
loss-after-rise,801,50000000,11574000,48000006
loss-after-rise,802,50000000,11574000,48000006
loss-after-rise,803,50000000,11574000,48000006
loss-after-rise,804,50000000,11574000,48000006
loss-after-rise,805,50000000,11574000,48000006
loss-after-rise,806,50000000,11574000,48000006
loss-after-rise,807,50000000,11574000,48000006
loss-after-rise,808,50000000,11574000,48000006
loss-after-rise,809,50000000,11574000,48000006
loss-after-rise,810,50000000,11574000,48000006
loss-after-rise,811,50000000,11574000,48000006
loss-after-rise,812,50000000,11574000,48000006
loss-after-rise,813,50000000,11574000,48000006
loss-after-rise,814,50000000,11574000,48000006
loss-after-rise,815,50000000,11574000,48000006
loss-after-rise,816,50000000,11574000,48000006
loss-after-rise,817,50000000,11574000,48000006
loss-after-rise,818,50000000,11574000,48000006
loss-after-rise,819,40800005,11574000,48000006
loss-after-rise,820,40800005,9444333,48000006
loss-after-rise,821,40800005,9444333,48000006
loss-after-rise,822,40800005,9444333,48000006
loss-after-rise,823,40800005,9444333,48000006
loss-after-rise,824,40800005,9444333,48000006
loss-after-rise,825,40800005,9444333,48000006
loss-after-rise,826,40800005,9444333,48000006
loss-after-rise,827,40800005,9444333,48000006
loss-after-rise,828,40800005,9444333,48000006
loss-after-rise,829,40800005,9444333,48000006
loss-after-rise,830,40800005,9444333,48000006
loss-after-rise,831,40800005,9444333,48000006
loss-after-rise,832,40800005,9444333,48000006
loss-after-rise,833,40800005,9444333,48000006
loss-after-rise,834,40800005,9444333,48000006
loss-after-rise,835,40800005,9444333,48000006
loss-after-rise,836,40800005,9444333,48000006
loss-after-rise,837,40800005,9444333,48000006
loss-after-rise,838,40800005,9444333,48000006
loss-after-rise,839,40800005,9444333,48000006
loss-after-rise,840,40800005,9444333,48000006
loss-after-rise,841,40800005,9444333,48000006
loss-after-rise,842,40800005,9444333,48000006
loss-after-rise,843,40800005,9444333,48000006
loss-after-rise,844,40800005,9444333,48000006
loss-after-rise,845,40800005,9444333,48000006
loss-after-rise,846,40800005,9444333,48000006
loss-after-rise,847,40800005,9444333,48000006
loss-after-rise,848,40800005,9444333,48000006
loss-after-rise,849,40800005,9444333,48000006
loss-after-rise,850,40800005,9444333,48000006
loss-after-rise,851,40800005,9444333,48000006
loss-after-rise,852,40800005,9444333,48000006
loss-after-rise,853,40800005,9444333,48000006
loss-after-rise,854,40800005,9444333,48000006
loss-after-rise,855,40800005,9444333,48000006
loss-after-rise,856,40800005,9444333,48000006
loss-after-rise,857,40800005,9444333,48000006
loss-after-rise,858,40800005,9444333,48000006
loss-after-rise,859,40800005,9444333,48000006
loss-after-rise,860,40800005,9444333,48000006
loss-after-rise,861,40800005,9444333,48000006
loss-after-rise,862,40800005,9444333,48000006
loss-after-rise,863,40800005,9444333,48000006
loss-after-rise,864,40800005,9444333,48000006
loss-after-rise,865,40800005,9444333,48000006
loss-after-rise,866,40800005,9444333,48000006
loss-after-rise,867,40800005,9444333,48000006
loss-after-rise,868,40800005,9444333,48000006
loss-after-rise,869,40800005,9444333,48000006
loss-after-rise,870,40800005,9444333,48000006
loss-after-rise,871,40800005,9444333,48000006
loss-after-rise,872,40800005,9444333,48000006
loss-after-rise,873,40800005,9444333,48000006
loss-after-rise,874,40800005,9444333,48000006
loss-after-rise,875,40800005,9444333,48000006
loss-after-rise,876,40800005,9444333,48000006
loss-after-rise,877,40800005,9444333,48000006
loss-after-rise,878,40800005,9444333,48000006
loss-after-rise,879,40800005,9444333,48000006
loss-after-rise,880,40800005,9444333,48000006
loss-after-rise,881,40800005,9444333,48000006
loss-after-rise,882,40800005,9444333,48000006
loss-after-rise,883,40800005,9444333,48000006
loss-after-rise,884,40800005,9444333,48000006
loss-after-rise,885,40800005,9444333,48000006
loss-after-rise,886,40800005,9444333,48000006
loss-after-rise,887,40800005,9444333,48000006
loss-after-rise,888,40800005,9444333,48000006
loss-after-rise,889,40800005,9444333,48000006
loss-after-rise,890,40800005,9444333,48000006
loss-after-rise,891,40800005,9444333,48000006
loss-after-rise,892,40800005,9444333,48000006
loss-after-rise,893,40800005,9444333,48000006
loss-after-rise,894,40800005,9444333,48000006
loss-after-rise,895,40800005,9444333,48000006
loss-after-rise,896,40800005,9444333,48000006
loss-after-rise,897,40800005,9444333,48000006
loss-after-rise,898,40800005,9444333,48000006
loss-after-rise,899,40800005,9444333,48000006
no-feedback,0,20400001,9444333,24000002
no-feedback,1,20400001,9444333,24000002
no-feedback,2,20400001,9444333,24000002
no-feedback,3,20400001,9444333,24000002
no-feedback,4,20400001,9444333,24000002
no-feedback,5,20400001,9444333,24000002
no-feedback,6,20400001,9444333,24000002
no-feedback,7,20400001,9444333,24000002
no-feedback,8,20400001,9444333,24000002
no-feedback,9,20400001,9444333,24000002
no-feedback,10,20400001,9444333,24000002
no-feedback,11,20400001,9444333,24000002
no-feedback,12,20400001,9444333,24000002
no-feedback,13,20400001,9444333,24000002
no-feedback,14,20400001,9444333,24000002
no-feedback,15,20400001,9444333,24000002
no-feedback,16,20400001,9444333,24000002
no-feedback,17,20400001,9444333,24000002
no-feedback,18,20400001,9444333,24000002
no-feedback,19,20400001,9444333,24000002
no-feedback,20,20400001,9444333,24000002
no-feedback,21,20400001,9444333,24000002
no-feedback,22,20400001,9444333,24000002
no-feedback,23,20400001,9444333,24000002
no-feedback,24,20400001,9444333,24000002
no-feedback,25,20400001,9444333,24000002
no-feedback,26,20400001,9444333,24000002
no-feedback,27,20400001,9444333,24000002
no-feedback,28,20400001,9444333,24000002
no-feedback,29,20400001,9444333,24000002
no-feedback,30,20400001,9444333,24000002
no-feedback,31,20400001,9444333,24000002
no-feedback,32,20400001,9444333,24000002
no-feedback,33,20400001,9444333,24000002
no-feedback,34,20400001,9444333,24000002
no-feedback,35,20400001,9444333,24000002
no-feedback,36,20400001,9444333,24000002
no-feedback,37,20400001,9444333,24000002
no-feedback,38,20400001,9444333,24000002
no-feedback,39,20400001,9444333,24000002
no-feedback,40,20400001,9444333,24000002
no-feedback,41,20400001,9444333,24000002
no-feedback,42,20400001,9444333,24000002
no-feedback,43,20400001,9444333,24000002
no-feedback,44,20400001,9444333,24000002
no-feedback,45,20400001,9444333,24000002
no-feedback,46,20400001,9444333,24000002
no-feedback,47,20400001,9444333,24000002
no-feedback,48,20400001,9444333,24000002
no-feedback,49,20400001,9444333,24000002
no-feedback,50,20400001,9444333,24000002
no-feedback,51,20400001,9444333,24000002
no-feedback,52,20400001,9444333,24000002
no-feedback,53,20400001,9444333,24000002
no-feedback,54,20400001,9444333,24000002
no-feedback,55,20400001,9444333,24000002
no-feedback,56,20400001,9444333,24000002
no-feedback,57,20400001,9444333,24000002
no-feedback,58,20400001,9444333,24000002
no-feedback,59,20400001,9444333,24000002
no-feedback,60,20400001,9444333,24000002
no-feedback,61,20400001,9444333,24000002
no-feedback,62,20400001,9444333,24000002
no-feedback,63,20400001,9444333,24000002
no-feedback,64,20400001,9444333,24000002
no-feedback,65,20400001,9444333,24000002
no-feedback,66,20400001,9444333,24000002
no-feedback,67,20400001,9444333,24000002
no-feedback,68,20400001,9444333,24000002
no-feedback,69,20400001,9444333,24000002
no-feedback,70,20400001,9444333,24000002
no-feedback,71,20400001,9444333,24000002
no-feedback,72,20400001,9444333,24000002
no-feedback,73,20400001,9444333,24000002
no-feedback,74,20400001,9444333,24000002
no-feedback,75,20400001,9444333,24000002
no-feedback,76,20400001,9444333,24000002
no-feedback,77,20400001,9444333,24000002
no-feedback,78,20400001,9444333,24000002
no-feedback,79,20400001,9444333,24000002
no-feedback,80,20400001,9444333,24000002
no-feedback,81,20400001,9444333,24000002
no-feedback,82,20400001,9444333,24000002
no-feedback,83,20400001,9444333,24000002
no-feedback,84,20400001,9444333,24000002
no-feedback,85,20400001,9444333,24000002
no-feedback,86,20400001,9444333,24000002
no-feedback,87,20400001,9444333,24000002
no-feedback,88,20400001,9444333,24000002
no-feedback,89,20400001,9444333,24000002
no-feedback,90,20400001,9444333,24000002
no-feedback,91,20400001,9444333,24000002
no-feedback,92,20400001,9444333,24000002
no-feedback,93,20400001,9444333,24000002
no-feedback,94,20400001,9444333,24000002
no-feedback,95,20400001,9444333,24000002
no-feedback,96,20400001,9444333,24000002
no-feedback,97,20400001,9444333,24000002
no-feedback,98,20400001,9444333,24000002
no-feedback,99,20400001,9444333,24000002
no-feedback,100,20400001,9444333,24000002
no-feedback,101,20400001,9444333,24000002
no-feedback,102,20400001,9444333,24000002
no-feedback,103,20400001,9444333,24000002
no-feedback,104,20400001,9444333,24000002
no-feedback,105,20400001,9444333,24000002
no-feedback,106,20400001,9444333,24000002
no-feedback,107,20400001,9444333,24000002
no-feedback,108,20400001,9444333,24000002
no-feedback,109,20400001,9444333,24000002
no-feedback,110,20400001,9444333,24000002
no-feedback,111,20400001,9444333,24000002
no-feedback,112,20400001,9444333,24000002
no-feedback,113,20400001,9444333,24000002
no-feedback,114,20400001,9444333,24000002
no-feedback,115,20400001,9444333,24000002
no-feedback,116,20400001,9444333,24000002
no-feedback,117,20400001,9444333,24000002
no-feedback,118,20400001,9444333,24000002
no-feedback,119,20400001,9444333,24000002
no-feedback,120,20400001,9444333,24000002
no-feedback,121,20400001,9444333,24000002
no-feedback,122,20400001,9444333,24000002
no-feedback,123,20400001,9444333,24000002
no-feedback,124,20400001,9444333,24000002
no-feedback,125,20400001,9444333,24000002
no-feedback,126,20400001,9444333,24000002
no-feedback,127,20400001,9444333,24000002
no-feedback,128,20400001,9444333,24000002
no-feedback,129,20400001,9444333,24000002
no-feedback,130,20400001,9444333,24000002
no-feedback,131,20400001,9444333,24000002
no-feedback,132,20400001,9444333,24000002
no-feedback,133,20400001,9444333,24000002
no-feedback,134,20400001,9444333,24000002
no-feedback,135,20400001,9444333,24000002
no-feedback,136,20400001,9444333,24000002
no-feedback,137,20400001,9444333,24000002
no-feedback,138,20400001,9444333,24000002
no-feedback,139,20400001,9444333,24000002
no-feedback,140,20400001,9444333,24000002
no-feedback,141,20400001,9444333,24000002
no-feedback,142,20400001,9444333,24000002
no-feedback,143,20400001,9444333,24000002
no-feedback,144,20400001,9444333,24000002
no-feedback,145,20400001,9444333,24000002
no-feedback,146,20400001,9444333,24000002
no-feedback,147,20400001,9444333,24000002
no-feedback,148,20400001,9444333,24000002
no-feedback,149,20400001,9444333,24000002
no-feedback,150,20400001,9444333,24000002
no-feedback,151,20400001,9444333,24000002
no-feedback,152,20400001,9444333,24000002
no-feedback,153,20400001,9444333,24000002
no-feedback,154,20400001,9444333,24000002
no-feedback,155,20400001,9444333,24000002
no-feedback,156,20400001,9444333,24000002
no-feedback,157,20400001,9444333,24000002
no-feedback,158,20400001,9444333,24000002
no-feedback,159,20400001,9444333,24000002
no-feedback,160,20400001,9444333,24000002
no-feedback,161,20400001,9444333,24000002
no-feedback,162,20400001,9444333,24000002
no-feedback,163,20400001,9444333,24000002
no-feedback,164,20400001,9444333,24000002
no-feedback,165,20400001,9444333,24000002
no-feedback,166,20400001,9444333,24000002
no-feedback,167,20400001,9444333,24000002
no-feedback,168,20400001,9444333,24000002
no-feedback,169,20400001,9444333,24000002
no-feedback,170,20400001,9444333,24000002
no-feedback,171,20400001,9444333,24000002
no-feedback,172,20400001,9444333,24000002
no-feedback,173,20400001,9444333,24000002
no-feedback,174,20400001,9444333,24000002
no-feedback,175,20400001,9444333,24000002
no-feedback,176,20400001,9444333,24000002
no-feedback,177,20400001,9444333,24000002
no-feedback,178,20400001,9444333,24000002
no-feedback,179,20400001,9444333,24000002
no-feedback,180,20400001,9444333,24000002
no-feedback,181,20400001,9444333,24000002
no-feedback,182,20400001,9444333,24000002
no-feedback,183,20400001,9444333,24000002
no-feedback,184,20400001,9444333,24000002
no-feedback,185,20400001,9444333,24000002
no-feedback,186,20400001,9444333,24000002
no-feedback,187,20400001,9444333,24000002
no-feedback,188,20400001,9444333,24000002
no-feedback,189,20400001,9444333,24000002
no-feedback,190,20400001,9444333,24000002
no-feedback,191,20400001,9444333,24000002
no-feedback,192,20400001,9444333,24000002
no-feedback,193,20400001,9444333,24000002
no-feedback,194,20400001,9444333,24000002
no-feedback,195,20400001,9444333,24000002
no-feedback,196,20400001,9444333,24000002
no-feedback,197,20400001,9444333,24000002
no-feedback,198,20400001,9444333,24000002
no-feedback,199,20400001,9444333,24000002
no-feedback,200,20400001,9444333,24000002
no-feedback,201,20400001,9444333,24000002
no-feedback,202,20400001,9444333,24000002
no-feedback,203,20400001,9444333,24000002
no-feedback,204,20400001,9444333,24000002
no-feedback,205,20400001,9444333,24000002
no-feedback,206,20400001,9444333,24000002
no-feedback,207,20400001,9444333,24000002
no-feedback,208,20400001,9444333,24000002
no-feedback,209,20400001,9444333,24000002
no-feedback,210,20400001,9444333,24000002
no-feedback,211,20400001,9444333,24000002
no-feedback,212,20400001,9444333,24000002
no-feedback,213,20400001,9444333,24000002
no-feedback,214,20400001,9444333,24000002
no-feedback,215,20400001,9444333,24000002
no-feedback,216,20400001,9444333,24000002
no-feedback,217,20400001,9444333,24000002
no-feedback,218,20400001,9444333,24000002
no-feedback,219,20400001,9444333,24000002
no-feedback,220,20400001,9444333,24000002
no-feedback,221,20400001,9444333,24000002
no-feedback,222,20400001,9444333,24000002
no-feedback,223,20400001,9444333,24000002
no-feedback,224,20400001,9444333,24000002
no-feedback,225,20400001,9444333,24000002
no-feedback,226,20400001,9444333,24000002
no-feedback,227,20400001,9444333,24000002
no-feedback,228,20400001,9444333,24000002
no-feedback,229,20400001,9444333,24000002
no-feedback,230,20400001,9444333,24000002
no-feedback,231,20400001,9444333,24000002
no-feedback,232,20400001,9444333,24000002
no-feedback,233,20400001,9444333,24000002
no-feedback,234,20400001,9444333,24000002
no-feedback,235,20400001,9444333,24000002
no-feedback,236,20400001,9444333,24000002
no-feedback,237,20400001,9444333,24000002
no-feedback,238,20400001,9444333,24000002
no-feedback,239,20400001,9444333,24000002
no-feedback,240,20400001,9444333,24000002
no-feedback,241,20400001,9444333,24000002
no-feedback,242,20400001,9444333,24000002
no-feedback,243,20400001,9444333,24000002
no-feedback,244,20400001,9444333,24000002
no-feedback,245,20400001,9444333,24000002
no-feedback,246,20400001,9444333,24000002
no-feedback,247,20400001,9444333,24000002
no-feedback,248,20400001,9444333,24000002
no-feedback,249,20400001,9444333,24000002
no-feedback,250,20400001,9444333,24000002
no-feedback,251,20400001,9444333,24000002
no-feedback,252,20400001,9444333,24000002
no-feedback,253,20400001,9444333,24000002
no-feedback,254,20400001,9444333,24000002
no-feedback,255,20400001,9444333,24000002
no-feedback,256,20400001,9444333,24000002
no-feedback,257,20400001,9444333,24000002
no-feedback,258,20400001,9444333,24000002
no-feedback,259,20400001,9444333,24000002
no-feedback,260,20400001,9444333,24000002
no-feedback,261,20400001,9444333,24000002
no-feedback,262,20400001,9444333,24000002
no-feedback,263,20400001,9444333,24000002
no-feedback,264,20400001,9444333,24000002
no-feedback,265,20400001,9444333,24000002
no-feedback,266,20400001,9444333,24000002
no-feedback,267,20400001,9444333,24000002
no-feedback,268,20400001,9444333,24000002
no-feedback,269,20400001,9444333,24000002
no-feedback,270,20400001,9444333,24000002
no-feedback,271,20400001,9444333,24000002
no-feedback,272,20400001,9444333,24000002
no-feedback,273,20400001,9444333,24000002
no-feedback,274,20400001,9444333,24000002
no-feedback,275,20400001,9444333,24000002
no-feedback,276,20400001,9444333,24000002
no-feedback,277,20400001,9444333,24000002
no-feedback,278,20400001,9444333,24000002
no-feedback,279,20400001,9444333,24000002
no-feedback,280,20400001,9444333,24000002
no-feedback,281,20400001,9444333,24000002
no-feedback,282,20400001,9444333,24000002
no-feedback,283,20400001,9444333,24000002
no-feedback,284,20400001,9444333,24000002
no-feedback,285,20400001,9444333,24000002
no-feedback,286,20400001,9444333,24000002
no-feedback,287,20400001,9444333,24000002
no-feedback,288,20400001,9444333,24000002
no-feedback,289,20400001,9444333,24000002
no-feedback,290,20400001,9444333,24000002
no-feedback,291,20400001,9444333,24000002
no-feedback,292,20400001,9444333,24000002
no-feedback,293,20400001,9444333,24000002
no-feedback,294,20400001,9444333,24000002
no-feedback,295,20400001,9444333,24000002
no-feedback,296,20400001,9444333,24000002
no-feedback,297,20400001,9444333,24000002
no-feedback,298,20400001,9444333,24000002
no-feedback,299,20400001,9444333,24000002
no-feedback,300,20400001,9444333,24000002
no-feedback,301,20400001,9444333,24000002
no-feedback,302,20400001,9444333,24000002
no-feedback,303,20400001,9444333,24000002
no-feedback,304,20400001,9444333,24000002
no-feedback,305,20400001,9444333,24000002
no-feedback,306,20400001,9444333,24000002
no-feedback,307,20400001,9444333,24000002
no-feedback,308,20400001,9444333,24000002
no-feedback,309,20400001,9444333,24000002
no-feedback,310,20400001,9444333,24000002
no-feedback,311,20400001,9444333,24000002
no-feedback,312,20400001,9444333,24000002
no-feedback,313,20400001,9444333,24000002
no-feedback,314,20400001,9444333,24000002
no-feedback,315,20400001,9444333,24000002
no-feedback,316,20400001,9444333,24000002
no-feedback,317,20400001,9444333,24000002
no-feedback,318,20400001,9444333,24000002
no-feedback,319,20400001,9444333,24000002
no-feedback,320,20400001,9444333,24000002
no-feedback,321,20400001,9444333,24000002
no-feedback,322,20400001,9444333,24000002
no-feedback,323,20400001,9444333,24000002
no-feedback,324,20400001,9444333,24000002
no-feedback,325,20400001,9444333,24000002
no-feedback,326,20400001,9444333,24000002
no-feedback,327,20400001,9444333,24000002
no-feedback,328,20400001,9444333,24000002
no-feedback,329,20400001,9444333,24000002
no-feedback,330,20400001,9444333,24000002
no-feedback,331,20400001,9444333,24000002
no-feedback,332,20400001,9444333,24000002
no-feedback,333,20400001,9444333,24000002
no-feedback,334,20400001,9444333,24000002
no-feedback,335,20400001,9444333,24000002
no-feedback,336,20400001,9444333,24000002
no-feedback,337,20400001,9444333,24000002
no-feedback,338,20400001,9444333,24000002
no-feedback,339,20400001,9444333,24000002
no-feedback,340,20400001,9444333,24000002
no-feedback,341,20400001,9444333,24000002
no-feedback,342,20400001,9444333,24000002
no-feedback,343,20400001,9444333,24000002
no-feedback,344,20400001,9444333,24000002
no-feedback,345,20400001,9444333,24000002
no-feedback,346,20400001,9444333,24000002
no-feedback,347,20400001,9444333,24000002
no-feedback,348,20400001,9444333,24000002
no-feedback,349,20400001,9444333,24000002
no-feedback,350,20400001,9444333,24000002
no-feedback,351,20400001,9444333,24000002
no-feedback,352,20400001,9444333,24000002
no-feedback,353,20400001,9444333,24000002
no-feedback,354,20400001,9444333,24000002
no-feedback,355,20400001,9444333,24000002
no-feedback,356,20400001,9444333,24000002
no-feedback,357,20400001,9444333,24000002
no-feedback,358,20400001,9444333,24000002
no-feedback,359,20400001,9444333,24000002
no-feedback,360,20400001,9444333,24000002
no-feedback,361,20400001,9444333,24000002
no-feedback,362,20400001,9444333,24000002
no-feedback,363,20400001,9444333,24000002
no-feedback,364,20400001,9444333,24000002
no-feedback,365,20400001,9444333,24000002
no-feedback,366,20400001,9444333,24000002
no-feedback,367,20400001,9444333,24000002
no-feedback,368,20400001,9444333,24000002
no-feedback,369,20400001,9444333,24000002
no-feedback,370,20400001,9444333,24000002
no-feedback,371,20400001,9444333,24000002
no-feedback,372,20400001,9444333,24000002
no-feedback,373,20400001,9444333,24000002
no-feedback,374,20400001,9444333,24000002
no-feedback,375,20400001,9444333,24000002
no-feedback,376,20400001,9444333,24000002
no-feedback,377,20400001,9444333,24000002
no-feedback,378,20400001,9444333,24000002
no-feedback,379,20400001,9444333,24000002
no-feedback,380,20400001,9444333,24000002
no-feedback,381,20400001,9444333,24000002
no-feedback,382,20400001,9444333,24000002
no-feedback,383,20400001,9444333,24000002
no-feedback,384,20400001,9444333,24000002
no-feedback,385,20400001,9444333,24000002
no-feedback,386,20400001,9444333,24000002
no-feedback,387,20400001,9444333,24000002
no-feedback,388,20400001,9444333,24000002
no-feedback,389,20400001,9444333,24000002
no-feedback,390,20400001,9444333,24000002
no-feedback,391,20400001,9444333,24000002
no-feedback,392,20400001,9444333,24000002
no-feedback,393,20400001,9444333,24000002
no-feedback,394,20400001,9444333,24000002
no-feedback,395,20400001,9444333,24000002
no-feedback,396,20400001,9444333,24000002
no-feedback,397,20400001,9444333,24000002
no-feedback,398,20400001,9444333,24000002
no-feedback,399,20400001,9444333,24000002
no-feedback,400,20400001,9444333,24000002
no-feedback,401,20400001,9444333,24000002
no-feedback,402,20400001,9444333,24000002
no-feedback,403,20400001,9444333,24000002
no-feedback,404,20400001,9444333,24000002
no-feedback,405,20400001,9444333,24000002
no-feedback,406,20400001,9444333,24000002
no-feedback,407,20400001,9444333,24000002
no-feedback,408,20400001,9444333,24000002
no-feedback,409,20400001,9444333,24000002
no-feedback,410,20400001,9444333,24000002
no-feedback,411,20400001,9444333,24000002
no-feedback,412,20400001,9444333,24000002
no-feedback,413,20400001,9444333,24000002
no-feedback,414,20400001,9444333,24000002
no-feedback,415,20400001,9444333,24000002
no-feedback,416,20400001,9444333,24000002
no-feedback,417,20400001,9444333,24000002
no-feedback,418,20400001,9444333,24000002
no-feedback,419,20400001,9444333,24000002
no-feedback,420,20400001,9444333,24000002
no-feedback,421,20400001,9444333,24000002
no-feedback,422,20400001,9444333,24000002
no-feedback,423,20400001,9444333,24000002
no-feedback,424,20400001,9444333,24000002
no-feedback,425,20400001,9444333,24000002
no-feedback,426,20400001,9444333,24000002
no-feedback,427,20400001,9444333,24000002
no-feedback,428,20400001,9444333,24000002
no-feedback,429,20400001,9444333,24000002
no-feedback,430,20400001,9444333,24000002
no-feedback,431,20400001,9444333,24000002
no-feedback,432,20400001,9444333,24000002
no-feedback,433,20400001,9444333,24000002
no-feedback,434,20400001,9444333,24000002
no-feedback,435,20400001,9444333,24000002
no-feedback,436,20400001,9444333,24000002
no-feedback,437,20400001,9444333,24000002
no-feedback,438,20400001,9444333,24000002
no-feedback,439,20400001,9444333,24000002
no-feedback,440,20400001,9444333,24000002
no-feedback,441,20400001,9444333,24000002
no-feedback,442,20400001,9444333,24000002
no-feedback,443,20400001,9444333,24000002
no-feedback,444,20400001,9444333,24000002
no-feedback,445,20400001,9444333,24000002
no-feedback,446,20400001,9444333,24000002
no-feedback,447,20400001,9444333,24000002
no-feedback,448,20400001,9444333,24000002
no-feedback,449,20400001,9444333,24000002
no-feedback,450,20400001,9444333,24000002
no-feedback,451,20400001,9444333,24000002
no-feedback,452,20400001,9444333,24000002
no-feedback,453,20400001,9444333,24000002
no-feedback,454,20400001,9444333,24000002
no-feedback,455,20400001,9444333,24000002
no-feedback,456,20400001,9444333,24000002
no-feedback,457,20400001,9444333,24000002
no-feedback,458,20400001,9444333,24000002
no-feedback,459,20400001,9444333,24000002
no-feedback,460,20400001,9444333,24000002
no-feedback,461,20400001,9444333,24000002
no-feedback,462,20400001,9444333,24000002
no-feedback,463,20400001,9444333,24000002
no-feedback,464,20400001,9444333,24000002
no-feedback,465,20400001,9444333,24000002
no-feedback,466,20400001,9444333,24000002
no-feedback,467,20400001,9444333,24000002
no-feedback,468,20400001,9444333,24000002
no-feedback,469,20400001,9444333,24000002
no-feedback,470,20400001,9444333,24000002
no-feedback,471,20400001,9444333,24000002
no-feedback,472,20400001,9444333,24000002
no-feedback,473,20400001,9444333,24000002
no-feedback,474,20400001,9444333,24000002
no-feedback,475,20400001,9444333,24000002
no-feedback,476,20400001,9444333,24000002
no-feedback,477,20400001,9444333,24000002
no-feedback,478,20400001,9444333,24000002
no-feedback,479,20400001,9444333,24000002
no-feedback,480,20400001,9444333,24000002
no-feedback,481,20400001,9444333,24000002
no-feedback,482,20400001,9444333,24000002
no-feedback,483,20400001,9444333,24000002
no-feedback,484,20400001,9444333,24000002
no-feedback,485,20400001,9444333,24000002
no-feedback,486,20400001,9444333,24000002
no-feedback,487,20400001,9444333,24000002
no-feedback,488,20400001,9444333,24000002
no-feedback,489,20400001,9444333,24000002
no-feedback,490,20400001,9444333,24000002
no-feedback,491,20400001,9444333,24000002
no-feedback,492,20400001,9444333,24000002
no-feedback,493,20400001,9444333,24000002
no-feedback,494,20400001,9444333,24000002
no-feedback,495,20400001,9444333,24000002
no-feedback,496,20400001,9444333,24000002
no-feedback,497,20400001,9444333,24000002
no-feedback,498,20400001,9444333,24000002
no-feedback,499,20400001,9444333,24000002
no-feedback,500,20400001,9444333,24000002
no-feedback,501,20400001,9444333,24000002
no-feedback,502,20400001,9444333,24000002
no-feedback,503,20400001,9444333,24000002
no-feedback,504,20400001,9444333,24000002
no-feedback,505,20400001,9444333,24000002
no-feedback,506,20400001,9444333,24000002
no-feedback,507,20400001,9444333,24000002
no-feedback,508,20400001,9444333,24000002
no-feedback,509,20400001,9444333,24000002
no-feedback,510,20400001,9444333,24000002
no-feedback,511,20400001,9444333,24000002
no-feedback,512,20400001,9444333,24000002
no-feedback,513,20400001,9444333,24000002
no-feedback,514,20400001,9444333,24000002
no-feedback,515,20400001,9444333,24000002
no-feedback,516,20400001,9444333,24000002
no-feedback,517,20400001,9444333,24000002
no-feedback,518,20400001,9444333,24000002
no-feedback,519,20400001,9444333,24000002
no-feedback,520,20400001,9444333,24000002
no-feedback,521,20400001,9444333,24000002
no-feedback,522,20400001,9444333,24000002
no-feedback,523,20400001,9444333,24000002
no-feedback,524,20400001,9444333,24000002
no-feedback,525,20400001,9444333,24000002
no-feedback,526,20400001,9444333,24000002
no-feedback,527,20400001,9444333,24000002
no-feedback,528,20400001,9444333,24000002
no-feedback,529,20400001,9444333,24000002
no-feedback,530,20400001,9444333,24000002
no-feedback,531,20400001,9444333,24000002
no-feedback,532,20400001,9444333,24000002
no-feedback,533,20400001,9444333,24000002
no-feedback,534,20400001,9444333,24000002
no-feedback,535,20400001,9444333,24000002
no-feedback,536,20400001,9444333,24000002
no-feedback,537,20400001,9444333,24000002
no-feedback,538,20400001,9444333,24000002
no-feedback,539,20400001,9444333,24000002
no-feedback,540,20400001,9444333,24000002
no-feedback,541,20400001,9444333,24000002
no-feedback,542,20400001,9444333,24000002
no-feedback,543,20400001,9444333,24000002
no-feedback,544,20400001,9444333,24000002
no-feedback,545,20400001,9444333,24000002
no-feedback,546,20400001,9444333,24000002
no-feedback,547,20400001,9444333,24000002
no-feedback,548,20400001,9444333,24000002
no-feedback,549,20400001,9444333,24000002
no-feedback,550,20400001,9444333,24000002
no-feedback,551,20400001,9444333,24000002
no-feedback,552,20400001,9444333,24000002
no-feedback,553,20400001,9444333,24000002
no-feedback,554,20400001,9444333,24000002
no-feedback,555,20400001,9444333,24000002
no-feedback,556,20400001,9444333,24000002
no-feedback,557,20400001,9444333,24000002
no-feedback,558,20400001,9444333,24000002
no-feedback,559,20400001,9444333,24000002
no-feedback,560,20400001,9444333,24000002
no-feedback,561,20400001,9444333,24000002
no-feedback,562,20400001,9444333,24000002
no-feedback,563,20400001,9444333,24000002
no-feedback,564,20400001,9444333,24000002
no-feedback,565,20400001,9444333,24000002
no-feedback,566,20400001,9444333,24000002
no-feedback,567,20400001,9444333,24000002
no-feedback,568,20400001,9444333,24000002
no-feedback,569,20400001,9444333,24000002
no-feedback,570,20400001,9444333,24000002
no-feedback,571,20400001,9444333,24000002
no-feedback,572,20400001,9444333,24000002
no-feedback,573,20400001,9444333,24000002
no-feedback,574,20400001,9444333,24000002
no-feedback,575,20400001,9444333,24000002
no-feedback,576,20400001,9444333,24000002
no-feedback,577,20400001,9444333,24000002
no-feedback,578,20400001,9444333,24000002
no-feedback,579,20400001,9444333,24000002
no-feedback,580,20400001,9444333,24000002
no-feedback,581,20400001,9444333,24000002
no-feedback,582,20400001,9444333,24000002
no-feedback,583,20400001,9444333,24000002
no-feedback,584,20400001,9444333,24000002
no-feedback,585,20400001,9444333,24000002
no-feedback,586,20400001,9444333,24000002
no-feedback,587,20400001,9444333,24000002
no-feedback,588,20400001,9444333,24000002
no-feedback,589,20400001,9444333,24000002
no-feedback,590,20400001,9444333,24000002
no-feedback,591,20400001,9444333,24000002
no-feedback,592,20400001,9444333,24000002
no-feedback,593,20400001,9444333,24000002
no-feedback,594,20400001,9444333,24000002
no-feedback,595,20400001,9444333,24000002
no-feedback,596,20400001,9444333,24000002
no-feedback,597,20400001,9444333,24000002
no-feedback,598,20400001,9444333,24000002
no-feedback,599,20400001,9444333,24000002
no-feedback,600,20400001,9444333,24000002
no-feedback,601,20400001,9444333,24000002
no-feedback,602,20400001,9444333,24000002
no-feedback,603,20400001,9444333,24000002
no-feedback,604,20400001,9444333,24000002
no-feedback,605,20400001,9444333,24000002
no-feedback,606,20400001,9444333,24000002
no-feedback,607,20400001,9444333,24000002
no-feedback,608,20400001,9444333,24000002
no-feedback,609,20400001,9444333,24000002
no-feedback,610,20400001,9444333,24000002
no-feedback,611,20400001,9444333,24000002
no-feedback,612,20400001,9444333,24000002
no-feedback,613,20400001,9444333,24000002
no-feedback,614,20400001,9444333,24000002
no-feedback,615,20400001,9444333,24000002
no-feedback,616,20400001,9444333,24000002
no-feedback,617,20400001,9444333,24000002
no-feedback,618,20400001,9444333,24000002
no-feedback,619,20400001,9444333,24000002
no-feedback,620,20400001,9444333,24000002
no-feedback,621,20400001,9444333,24000002
no-feedback,622,20400001,9444333,24000002
no-feedback,623,20400001,9444333,24000002
no-feedback,624,20400001,9444333,24000002
no-feedback,625,20400001,9444333,24000002
no-feedback,626,20400001,9444333,24000002
no-feedback,627,20400001,9444333,24000002
no-feedback,628,20400001,9444333,24000002
no-feedback,629,20400001,9444333,24000002
no-feedback,630,20400001,9444333,24000002
no-feedback,631,20400001,9444333,24000002
no-feedback,632,20400001,9444333,24000002
no-feedback,633,20400001,9444333,24000002
no-feedback,634,20400001,9444333,24000002
no-feedback,635,20400001,9444333,24000002
no-feedback,636,20400001,9444333,24000002
no-feedback,637,20400001,9444333,24000002
no-feedback,638,20400001,9444333,24000002
no-feedback,639,20400001,9444333,24000002
no-feedback,640,20400001,9444333,24000002
no-feedback,641,20400001,9444333,24000002
no-feedback,642,20400001,9444333,24000002
no-feedback,643,20400001,9444333,24000002
no-feedback,644,20400001,9444333,24000002
no-feedback,645,20400001,9444333,24000002
no-feedback,646,20400001,9444333,24000002
no-feedback,647,20400001,9444333,24000002
no-feedback,648,20400001,9444333,24000002
no-feedback,649,20400001,9444333,24000002
no-feedback,650,20400001,9444333,24000002
no-feedback,651,20400001,9444333,24000002
no-feedback,652,20400001,9444333,24000002
no-feedback,653,20400001,9444333,24000002
no-feedback,654,20400001,9444333,24000002
no-feedback,655,20400001,9444333,24000002
no-feedback,656,20400001,9444333,24000002
no-feedback,657,20400001,9444333,24000002
no-feedback,658,20400001,9444333,24000002
no-feedback,659,20400001,9444333,24000002
no-feedback,660,20400001,9444333,24000002
no-feedback,661,20400001,9444333,24000002
no-feedback,662,20400001,9444333,24000002
no-feedback,663,20400001,9444333,24000002
no-feedback,664,20400001,9444333,24000002
no-feedback,665,20400001,9444333,24000002
no-feedback,666,20400001,9444333,24000002
no-feedback,667,20400001,9444333,24000002
no-feedback,668,20400001,9444333,24000002
no-feedback,669,20400001,9444333,24000002
no-feedback,670,20400001,9444333,24000002
no-feedback,671,20400001,9444333,24000002
no-feedback,672,20400001,9444333,24000002
no-feedback,673,20400001,9444333,24000002
no-feedback,674,20400001,9444333,24000002
no-feedback,675,20400001,9444333,24000002
no-feedback,676,20400001,9444333,24000002
no-feedback,677,20400001,9444333,24000002
no-feedback,678,20400001,9444333,24000002
no-feedback,679,20400001,9444333,24000002
no-feedback,680,20400001,9444333,24000002
no-feedback,681,20400001,9444333,24000002
no-feedback,682,20400001,9444333,24000002
no-feedback,683,20400001,9444333,24000002
no-feedback,684,20400001,9444333,24000002
no-feedback,685,20400001,9444333,24000002
no-feedback,686,20400001,9444333,24000002
no-feedback,687,20400001,9444333,24000002
no-feedback,688,20400001,9444333,24000002
no-feedback,689,20400001,9444333,24000002
no-feedback,690,20400001,9444333,24000002
no-feedback,691,20400001,9444333,24000002
no-feedback,692,20400001,9444333,24000002
no-feedback,693,20400001,9444333,24000002
no-feedback,694,20400001,9444333,24000002
no-feedback,695,20400001,9444333,24000002
no-feedback,696,20400001,9444333,24000002
no-feedback,697,20400001,9444333,24000002
no-feedback,698,20400001,9444333,24000002
no-feedback,699,20400001,9444333,24000002
no-feedback,700,20400001,9444333,24000002
no-feedback,701,20400001,9444333,24000002
no-feedback,702,20400001,9444333,24000002
no-feedback,703,20400001,9444333,24000002
no-feedback,704,20400001,9444333,24000002
no-feedback,705,20400001,9444333,24000002
no-feedback,706,20400001,9444333,24000002
no-feedback,707,20400001,9444333,24000002
no-feedback,708,20400001,9444333,24000002
no-feedback,709,20400001,9444333,24000002
no-feedback,710,20400001,9444333,24000002
no-feedback,711,20400001,9444333,24000002
no-feedback,712,20400001,9444333,24000002
no-feedback,713,20400001,9444333,24000002
no-feedback,714,20400001,9444333,24000002
no-feedback,715,20400001,9444333,24000002
no-feedback,716,20400001,9444333,24000002
no-feedback,717,20400001,9444333,24000002
no-feedback,718,20400001,9444333,24000002
no-feedback,719,20400001,9444333,24000002
no-feedback,720,20400001,9444333,24000002
no-feedback,721,20400001,9444333,24000002
no-feedback,722,20400001,9444333,24000002
no-feedback,723,20400001,9444333,24000002
no-feedback,724,20400001,9444333,24000002
no-feedback,725,20400001,9444333,24000002
no-feedback,726,20400001,9444333,24000002
no-feedback,727,20400001,9444333,24000002
no-feedback,728,20400001,9444333,24000002
no-feedback,729,20400001,9444333,24000002
no-feedback,730,20400001,9444333,24000002
no-feedback,731,20400001,9444333,24000002
no-feedback,732,20400001,9444333,24000002
no-feedback,733,20400001,9444333,24000002
no-feedback,734,20400001,9444333,24000002
no-feedback,735,20400001,9444333,24000002
no-feedback,736,20400001,9444333,24000002
no-feedback,737,20400001,9444333,24000002
no-feedback,738,20400001,9444333,24000002
no-feedback,739,20400001,9444333,24000002
no-feedback,740,20400001,9444333,24000002
no-feedback,741,20400001,9444333,24000002
no-feedback,742,20400001,9444333,24000002
no-feedback,743,20400001,9444333,24000002
no-feedback,744,20400001,9444333,24000002
no-feedback,745,20400001,9444333,24000002
no-feedback,746,20400001,9444333,24000002
no-feedback,747,20400001,9444333,24000002
no-feedback,748,20400001,9444333,24000002
no-feedback,749,20400001,9444333,24000002
no-feedback,750,20400001,9444333,24000002
no-feedback,751,20400001,9444333,24000002
no-feedback,752,20400001,9444333,24000002
no-feedback,753,20400001,9444333,24000002
no-feedback,754,20400001,9444333,24000002
no-feedback,755,20400001,9444333,24000002
no-feedback,756,20400001,9444333,24000002
no-feedback,757,20400001,9444333,24000002
no-feedback,758,20400001,9444333,24000002
no-feedback,759,20400001,9444333,24000002
no-feedback,760,20400001,9444333,24000002
no-feedback,761,20400001,9444333,24000002
no-feedback,762,20400001,9444333,24000002
no-feedback,763,20400001,9444333,24000002
no-feedback,764,20400001,9444333,24000002
no-feedback,765,20400001,9444333,24000002
no-feedback,766,20400001,9444333,24000002
no-feedback,767,20400001,9444333,24000002
no-feedback,768,20400001,9444333,24000002
no-feedback,769,20400001,9444333,24000002
no-feedback,770,20400001,9444333,24000002
no-feedback,771,20400001,9444333,24000002
no-feedback,772,20400001,9444333,24000002
no-feedback,773,20400001,9444333,24000002
no-feedback,774,20400001,9444333,24000002
no-feedback,775,20400001,9444333,24000002
no-feedback,776,20400001,9444333,24000002
no-feedback,777,20400001,9444333,24000002
no-feedback,778,20400001,9444333,24000002
no-feedback,779,20400001,9444333,24000002
no-feedback,780,20400001,9444333,24000002
no-feedback,781,20400001,9444333,24000002
no-feedback,782,20400001,9444333,24000002
no-feedback,783,20400001,9444333,24000002
no-feedback,784,20400001,9444333,24000002
no-feedback,785,20400001,9444333,24000002
no-feedback,786,20400001,9444333,24000002
no-feedback,787,20400001,9444333,24000002
no-feedback,788,20400001,9444333,24000002
no-feedback,789,20400001,9444333,24000002
no-feedback,790,20400001,9444333,24000002
no-feedback,791,20400001,9444333,24000002
no-feedback,792,20400001,9444333,24000002
no-feedback,793,20400001,9444333,24000002
no-feedback,794,20400001,9444333,24000002
no-feedback,795,20400001,9444333,24000002
no-feedback,796,20400001,9444333,24000002
no-feedback,797,20400001,9444333,24000002
no-feedback,798,20400001,9444333,24000002
no-feedback,799,20400001,9444333,24000002
no-feedback,800,20400001,9444333,24000002
no-feedback,801,20400001,9444333,24000002
no-feedback,802,20400001,9444333,24000002
no-feedback,803,20400001,9444333,24000002
no-feedback,804,20400001,9444333,24000002
no-feedback,805,20400001,9444333,24000002
no-feedback,806,20400001,9444333,24000002
no-feedback,807,20400001,9444333,24000002
no-feedback,808,20400001,9444333,24000002
no-feedback,809,20400001,9444333,24000002
no-feedback,810,20400001,9444333,24000002
no-feedback,811,20400001,9444333,24000002
no-feedback,812,20400001,9444333,24000002
no-feedback,813,20400001,9444333,24000002
no-feedback,814,20400001,9444333,24000002
no-feedback,815,20400001,9444333,24000002
no-feedback,816,20400001,9444333,24000002
no-feedback,817,20400001,9444333,24000002
no-feedback,818,20400001,9444333,24000002
no-feedback,819,20400001,9444333,24000002
no-feedback,820,20400001,9444333,24000002
no-feedback,821,20400001,9444333,24000002
no-feedback,822,20400001,9444333,24000002
no-feedback,823,20400001,9444333,24000002
no-feedback,824,20400001,9444333,24000002
no-feedback,825,20400001,9444333,24000002
no-feedback,826,20400001,9444333,24000002
no-feedback,827,20400001,9444333,24000002
no-feedback,828,20400001,9444333,24000002
no-feedback,829,20400001,9444333,24000002
no-feedback,830,20400001,9444333,24000002
no-feedback,831,20400001,9444333,24000002
no-feedback,832,20400001,9444333,24000002
no-feedback,833,20400001,9444333,24000002
no-feedback,834,20400001,9444333,24000002
no-feedback,835,20400001,9444333,24000002
no-feedback,836,20400001,9444333,24000002
no-feedback,837,20400001,9444333,24000002
no-feedback,838,20400001,9444333,24000002
no-feedback,839,20400001,9444333,24000002
no-feedback,840,20400001,9444333,24000002
no-feedback,841,20400001,9444333,24000002
no-feedback,842,20400001,9444333,24000002
no-feedback,843,20400001,9444333,24000002
no-feedback,844,20400001,9444333,24000002
no-feedback,845,20400001,9444333,24000002
no-feedback,846,20400001,9444333,24000002
no-feedback,847,20400001,9444333,24000002
no-feedback,848,20400001,9444333,24000002
no-feedback,849,20400001,9444333,24000002
no-feedback,850,20400001,9444333,24000002
no-feedback,851,20400001,9444333,24000002
no-feedback,852,20400001,9444333,24000002
no-feedback,853,20400001,9444333,24000002
no-feedback,854,20400001,9444333,24000002
no-feedback,855,20400001,9444333,24000002
no-feedback,856,20400001,9444333,24000002
no-feedback,857,20400001,9444333,24000002
no-feedback,858,20400001,9444333,24000002
no-feedback,859,20400001,9444333,24000002
no-feedback,860,20400001,9444333,24000002
no-feedback,861,20400001,9444333,24000002
no-feedback,862,20400001,9444333,24000002
no-feedback,863,20400001,9444333,24000002
no-feedback,864,20400001,9444333,24000002
no-feedback,865,20400001,9444333,24000002
no-feedback,866,20400001,9444333,24000002
no-feedback,867,20400001,9444333,24000002
no-feedback,868,20400001,9444333,24000002
no-feedback,869,20400001,9444333,24000002
no-feedback,870,20400001,9444333,24000002
no-feedback,871,20400001,9444333,24000002
no-feedback,872,20400001,9444333,24000002
no-feedback,873,20400001,9444333,24000002
no-feedback,874,20400001,9444333,24000002
no-feedback,875,20400001,9444333,24000002
no-feedback,876,20400001,9444333,24000002
no-feedback,877,20400001,9444333,24000002
no-feedback,878,20400001,9444333,24000002
no-feedback,879,20400001,9444333,24000002
no-feedback,880,20400001,9444333,24000002
no-feedback,881,20400001,9444333,24000002
no-feedback,882,20400001,9444333,24000002
no-feedback,883,20400001,9444333,24000002
no-feedback,884,20400001,9444333,24000002
no-feedback,885,20400001,9444333,24000002
no-feedback,886,20400001,9444333,24000002
no-feedback,887,20400001,9444333,24000002
no-feedback,888,20400001,9444333,24000002
no-feedback,889,20400001,9444333,24000002
no-feedback,890,20400001,9444333,24000002
no-feedback,891,20400001,9444333,24000002
no-feedback,892,20400001,9444333,24000002
no-feedback,893,20400001,9444333,24000002
no-feedback,894,20400001,9444333,24000002
no-feedback,895,20400001,9444333,24000002
no-feedback,896,20400001,9444333,24000002
no-feedback,897,20400001,9444333,24000002
no-feedback,898,20400001,9444333,24000002
no-feedback,899,20400001,9444333,24000002
