label,frame,desired_ns,capacity_bps,phase,feedback_kind,bitrate_bps,eye0_bytes,eye0_span_ns,eye1_bytes,eye1_span_ns,serial_ns,lag_ns,estimate_bps,state,probe_entry
baseline,0,0,500000000,warmup,late-one-eye,1000000000,694444,11111104,694444,11111104,22222208,0,0,startup,0
baseline,1,11111111,500000000,warmup,late-one-eye,1000000000,694444,11111104,694444,11111104,22222208,11111097,0,startup,0
baseline,2,22222222,500000000,warmup,late-one-eye,1000000000,694444,11111104,694444,11111104,22222208,22222194,0,startup,0
baseline,3,33333333,500000000,warmup,late-one-eye,1000000000,694444,11111104,694444,11111104,22222208,33333291,0,startup,0
baseline,4,44444444,500000000,warmup,late-one-eye,1000000000,694444,11111104,694444,11111104,22222208,44444388,0,startup,0
baseline,5,55555555,500000000,warmup,late-one-eye,1000000000,694444,11111104,694444,11111104,22222208,55555485,0,startup,0
baseline,6,66666666,500000000,warmup,late-one-eye,1000000000,694444,11111104,694444,11111104,22222208,66666582,0,startup,0
baseline,7,77777777,500000000,warmup,late-one-eye,1000000000,694444,11111104,694444,11111104,22222208,77777679,0,startup,0
baseline,8,88888888,500000000,warmup,late-one-eye,1000000000,694444,11111104,694444,11111104,22222208,88888776,0,startup,0
baseline,9,99999999,500000000,warmup,late-one-eye,1000000000,694444,11111104,694444,11111104,22222208,99999873,0,startup,0
baseline,10,111111110,500000000,warmup,late-one-eye,1000000000,694444,11111104,694444,11111104,22222208,111110970,0,startup,0
baseline,11,122222221,500000000,warmup,late-one-eye,1000000000,694444,11111104,694444,11111104,22222208,122222067,0,startup,0
baseline,12,133333332,500000000,warmup,late-one-eye,1000000000,694444,11111104,694444,11111104,22222208,133333164,0,startup,0
baseline,13,144444443,500000000,warmup,late-one-eye,1000000000,694444,11111104,694444,11111104,22222208,144444261,0,startup,0
baseline,14,155555554,500000000,warmup,late-one-eye,1000000000,694444,11111104,694444,11111104,22222208,155555358,0,startup,0
baseline,15,166666665,500000000,warmup,late-one-eye,1000000000,694444,11111104,694444,11111104,22222208,166666455,0,startup,0
baseline,16,177777776,500000000,warmup,late-one-eye,1000000000,694444,11111104,694444,11111104,22222208,177777552,0,startup,0
baseline,17,188888887,500000000,warmup,late-one-eye,1000000000,694444,11111104,694444,11111104,22222208,188888649,0,startup,0
baseline,18,199999998,500000000,warmup,late-one-eye,1000000000,694444,11111104,694444,11111104,22222208,199999746,0,startup,0
baseline,19,211111109,500000000,warmup,late-one-eye,1000000000,694444,11111104,694444,11111104,22222208,211110843,0,startup,0
baseline,20,222222220,500000000,warmup,late-one-eye,1000000000,694444,11111104,694444,11111104,22222208,222221940,0,startup,0
baseline,21,233333331,500000000,warmup,late-one-eye,1000000000,694444,11111104,694444,11111104,22222208,233333037,0,startup,0
baseline,22,244444442,500000000,warmup,late-one-eye,1000000000,694444,11111104,694444,11111104,22222208,244444134,0,startup,0
baseline,23,255555553,500000000,warmup,late-one-eye,1000000000,694444,11111104,694444,11111104,22222208,255555231,0,startup,0
baseline,24,266666664,500000000,warmup,late-one-eye,1000000000,694444,11111104,694444,11111104,22222208,266666328,0,startup,0
baseline,25,277777775,500000000,warmup,late-one-eye,1000000000,694444,11111104,694444,11111104,22222208,277777425,0,startup,0
baseline,26,288888886,500000000,warmup,late-one-eye,1000000000,694444,11111104,694444,11111104,22222208,288888522,0,startup,0
baseline,27,299999997,500000000,warmup,late-one-eye,1000000000,694444,11111104,694444,11111104,22222208,299999619,500000000,startup,0
baseline,28,311111108,500000000,warmup,late-one-eye,1000000000,694444,11111104,694444,11111104,22222208,311110716,500000000,startup,0
baseline,29,322222219,500000000,warmup,late-one-eye,1000000000,694444,11111104,694444,11111104,22222208,322221813,500000000,startup,0
baseline,30,333333330,500000000,warmup,late-one-eye,1000000000,694444,11111104,694444,11111104,22222208,333332910,500000000,startup,0
baseline,31,344444441,500000000,warmup,late-one-eye,1000000000,694444,11111104,694444,11111104,22222208,344444007,500000000,startup,0
baseline,32,355555552,500000000,warmup,late-one-eye,1000000000,694444,11111104,694444,11111104,22222208,355555104,500000000,startup,0
baseline,33,366666663,500000000,warmup,late-one-eye,1000000000,694444,11111104,694444,11111104,22222208,366666201,500000000,startup,0
baseline,34,377777774,500000000,warmup,late-one-eye,1000000000,694444,11111104,694444,11111104,22222208,377777298,500000000,startup,0
baseline,35,388888885,500000000,warmup,late-one-eye,1000000000,694444,11111104,694444,11111104,22222208,388888395,500000000,startup,0
baseline,36,399999996,500000000,warmup,late-one-eye,1000000000,694444,11111104,694444,11111104,22222208,399999492,500000000,startup,0
baseline,37,411111107,500000000,warmup,late-one-eye,625000000,434027,6944432,434028,6944448,13888880,411110589,500000000,startup,0
baseline,38,422222218,500000000,warmup,late-one-eye,625000000,434027,6944432,434028,6944448,13888880,413888358,500000000,startup,0
baseline,39,433333329,500000000,warmup,late-one-eye,625000000,434027,6944432,434028,6944448,13888880,416666127,500000000,startup,0
baseline,40,444444440,500000000,warmup,late-one-eye,625000000,434027,6944432,434028,6944448,13888880,419443896,500000000,startup,0
baseline,41,455555551,500000000,warmup,late-one-eye,625000000,434027,6944432,434028,6944448,13888880,422221665,500000000,startup,0
baseline,42,466666662,500000000,warmup,late-one-eye,625000000,434027,6944432,434028,6944448,13888880,424999434,500000000,startup,0
baseline,43,477777773,500000000,warmup,late-one-eye,625000000,434027,6944432,434028,6944448,13888880,427777203,500000000,startup,0
baseline,44,488888884,500000000,warmup,late-one-eye,625000000,434027,6944432,434028,6944448,13888880,430554972,500000000,startup,0
baseline,45,499999995,500000000,warmup,late-one-eye,625000000,434027,6944432,434028,6944448,13888880,433332741,500000000,startup,0
baseline,46,511111106,500000000,warmup,late-one-eye,625000000,434027,6944432,434028,6944448,13888880,436110510,500000000,startup,0
baseline,47,522222217,500000000,warmup,late-one-eye,625000000,434027,6944432,434028,6944448,13888880,438888279,500000000,startup,0
baseline,48,533333328,500000000,warmup,late-one-eye,625000000,434027,6944432,434028,6944448,13888880,441666048,500000000,startup,0
baseline,49,544444439,500000000,warmup,late-one-eye,625000000,434027,6944432,434028,6944448,13888880,444443817,500000000,startup,0
baseline,50,555555550,500000000,warmup,late-one-eye,625000000,434027,6944432,434028,6944448,13888880,447221586,500000000,startup,0
baseline,51,566666661,500000000,warmup,late-one-eye,625000000,434027,6944432,434028,6944448,13888880,449999355,500000000,startup,0
baseline,52,577777772,500000000,warmup,late-one-eye,625000000,434027,6944432,434028,6944448,13888880,452777124,500000000,startup,0
baseline,53,588888883,500000000,warmup,late-one-eye,625000000,434027,6944432,434028,6944448,13888880,455554893,500000000,startup,0
baseline,54,599999994,500000000,warmup,late-one-eye,625000000,434027,6944432,434028,6944448,13888880,458332662,500000000,startup,0
baseline,55,611111105,500000000,warmup,late-one-eye,625000000,434027,6944432,434028,6944448,13888880,461110431,500000000,startup,0
baseline,56,622222216,500000000,warmup,late-one-eye,625000000,434027,6944432,434028,6944448,13888880,463888200,500000000,startup,0
baseline,57,633333327,500000000,warmup,late-one-eye,625000000,434027,6944432,434028,6944448,13888880,466665969,500000000,startup,0
baseline,58,644444438,500000000,warmup,late-one-eye,625000000,434027,6944432,434028,6944448,13888880,469443738,500000000,startup,0
baseline,59,655555549,500000000,warmup,late-one-eye,625000000,434027,6944432,434028,6944448,13888880,472221507,500000000,startup,0
baseline,60,666666660,500000000,warmup,late-one-eye,625000000,434027,6944432,434028,6944448,13888880,474999276,500000000,startup,0
baseline,61,677777771,500000000,warmup,late-one-eye,625000000,434027,6944432,434028,6944448,13888880,477777045,500000000,startup,0
baseline,62,688888882,500000000,warmup,late-one-eye,625000000,434027,6944432,434028,6944448,13888880,480554814,500000000,startup,0
baseline,63,699999993,500000000,warmup,late-one-eye,625000000,434027,6944432,434028,6944448,13888880,483332583,500000000,startup,0
baseline,64,711111104,500000000,warmup,late-one-eye,625000000,434027,6944432,434028,6944448,13888880,486110352,500000000,startup,0
baseline,65,722222215,500000000,warmup,late-one-eye,625000000,434027,6944432,434028,6944448,13888880,488888121,500000000,startup,0
baseline,66,733333326,500000000,warmup,late-one-eye,625000000,434027,6944432,434028,6944448,13888880,491665890,500000000,startup,0
baseline,67,744444437,500000000,warmup,late-one-eye,625000000,434027,6944432,434028,6944448,13888880,494443659,500000000,startup,0
baseline,68,755555548,500000000,warmup,late-one-eye,625000000,434027,6944432,434028,6944448,13888880,497221428,500000000,startup,0
baseline,69,766666659,500000000,warmup,late-one-eye,625000000,434027,6944432,434028,6944448,13888880,499999197,500000000,startup,0
baseline,70,777777770,500000000,warmup,late-one-eye,625000000,434027,6944432,434028,6944448,13888880,502776966,500000000,startup,0
baseline,71,788888881,500000000,warmup,late-one-eye,625000000,434027,6944432,434028,6944448,13888880,505554735,500000000,startup,0
baseline,72,799999992,500000000,warmup,late-one-eye,625000000,434027,6944432,434028,6944448,13888880,508332504,500000000,startup,0
baseline,73,811111103,500000000,warmup,late-one-eye,625000000,434027,6944432,434028,6944448,13888880,511110273,500000000,startup,0
baseline,74,822222214,500000000,warmup,late-one-eye,625000000,434027,6944432,434028,6944448,13888880,513888042,500000000,startup,0
baseline,75,833333325,500000000,warmup,late-one-eye,625000000,434027,6944432,434028,6944448,13888880,516665811,500000000,startup,0
baseline,76,844444436,500000000,warmup,late-one-eye,625000000,434027,6944432,434028,6944448,13888880,519443580,500000000,startup,0
baseline,77,855555547,500000000,warmup,late-one-eye,625000000,434027,6944432,434028,6944448,13888880,522221349,500000000,startup,0
baseline,78,866666658,500000000,warmup,late-one-eye,625000000,434027,6944432,434028,6944448,13888880,524999118,500000000,startup,0
baseline,79,877777769,500000000,warmup,late-one-eye,625000000,434027,6944432,434028,6944448,13888880,527776887,500000000,startup,0
baseline,80,888888880,500000000,warmup,late-one-eye,625000000,434027,6944432,434028,6944448,13888880,530554656,500000000,startup,0
baseline,81,899999991,500000000,warmup,late-one-eye,625000000,434027,6944432,434028,6944448,13888880,533332425,500000000,startup,0
baseline,82,911111102,500000000,warmup,late-one-eye,625000000,434027,6944432,434028,6944448,13888880,536110194,500000000,startup,0
baseline,83,922222213,500000000,warmup,late-one-eye,625000000,434027,6944432,434028,6944448,13888880,538887963,500000000,startup,0
baseline,84,933333324,500000000,warmup,late-one-eye,625000000,434027,6944432,434028,6944448,13888880,541665732,500000000,startup,0
baseline,85,944444435,500000000,warmup,late-one-eye,625000000,434027,6944432,434028,6944448,13888880,544443501,500000000,startup,0
baseline,86,955555546,500000000,warmup,late-one-eye,625000000,434027,6944432,434028,6944448,13888880,547221270,500000000,startup,0
baseline,87,966666657,500000000,warmup,late-one-eye,625000000,434027,6944432,434028,6944448,13888880,549999039,500000000,startup,0
baseline,88,977777768,500000000,warmup,late-one-eye,625000000,434027,6944432,434028,6944448,13888880,552776808,500000000,startup,0
baseline,89,988888879,500000000,warmup,late-one-eye,625000000,434027,6944432,434028,6944448,13888880,555554577,500000000,startup,0
baseline,90,999999990,500000000,warmup,late-one-eye,625000000,434027,6944432,434028,6944448,13888880,558332346,500000000,startup,0
baseline,91,1011111101,500000000,warmup,late-one-eye,625000000,434027,6944432,434028,6944448,13888880,561110115,500000000,startup,0
baseline,92,1022222212,500000000,warmup,late-one-eye,625000000,434027,6944432,434028,6944448,13888880,563887884,500000000,startup,0
baseline,93,1033333323,500000000,warmup,late-one-eye,625000000,434027,6944432,434028,6944448,13888880,566665653,500000000,startup,0
baseline,94,1044444434,500000000,warmup,late-one-eye,625000000,434027,6944432,434028,6944448,13888880,569443422,500000000,startup,0
baseline,95,1055555545,500000000,warmup,late-one-eye,625000000,434027,6944432,434028,6944448,13888880,572221191,500000000,startup,0
baseline,96,1066666656,500000000,warmup,late-one-eye,625000000,434027,6944432,434028,6944448,13888880,574998960,500000000,startup,0
baseline,97,1077777767,500000000,warmup,late-one-eye,625000000,434027,6944432,434028,6944448,13888880,577776729,500000000,startup,0
baseline,98,1088888878,500000000,warmup,late-one-eye,625000000,434027,6944432,434028,6944448,13888880,580554498,500000000,startup,0
baseline,99,1099999989,500000000,warmup,late-one-eye,625000000,434027,6944432,434028,6944448,13888880,583332267,500000000,startup,0
baseline,100,1111111100,500000000,warmup,late-one-eye,625000000,434027,6944432,434028,6944448,13888880,586110036,500000000,startup,0
baseline,101,1122222211,500000000,warmup,late-one-eye,625000000,434027,6944432,434028,6944448,13888880,588887805,500000000,startup,0
baseline,102,1133333322,500000000,warmup,late-one-eye,625000000,434027,6944432,434028,6944448,13888880,591665574,500000000,startup,0
baseline,103,1144444433,500000000,warmup,late-one-eye,625000000,434027,6944432,434028,6944448,13888880,594443343,500000000,startup,0
baseline,104,1155555544,500000000,warmup,late-one-eye,625000000,434027,6944432,434028,6944448,13888880,597221112,500000000,startup,0
baseline,105,1166666655,500000000,warmup,late-one-eye,625000000,434027,6944432,434028,6944448,13888880,599998881,500000000,startup,0
baseline,106,1177777766,500000000,warmup,late-one-eye,625000000,434027,6944432,434028,6944448,13888880,602776650,500000000,startup,0
baseline,107,1188888877,500000000,warmup,late-one-eye,625000000,434027,6944432,434028,6944448,13888880,605554419,500000000,startup,0
baseline,108,1199999988,500000000,warmup,late-one-eye,625000000,434027,6944432,434028,6944448,13888880,608332188,500000000,startup,0
baseline,109,1211111099,500000000,warmup,late-one-eye,625000000,434027,6944432,434028,6944448,13888880,611109957,500000000,startup,0
baseline,110,1222222210,500000000,warmup,late-one-eye,625000000,434027,6944432,434028,6944448,13888880,613887726,500000000,startup,0
baseline,111,1233333321,500000000,warmup,late-one-eye,625000000,434027,6944432,434028,6944448,13888880,616665495,500000000,startup,0
baseline,112,1244444432,500000000,warmup,late-one-eye,625000000,434027,6944432,434028,6944448,13888880,619443264,500000000,startup,0
baseline,113,1255555543,500000000,warmup,late-one-eye,625000000,434027,6944432,434028,6944448,13888880,622221033,500000000,startup,0
baseline,114,1266666654,500000000,warmup,late-one-eye,625000000,434027,6944432,434028,6944448,13888880,624998802,500000000,startup,0
baseline,115,1277777765,500000000,warmup,late-one-eye,625000000,434027,6944432,434028,6944448,13888880,627776571,500000000,startup,0
baseline,116,1288888876,500000000,warmup,late-one-eye,625000000,434027,6944432,434028,6944448,13888880,630554340,500000000,startup,0
baseline,117,1299999987,500000000,warmup,late-one-eye,625000000,434027,6944432,434028,6944448,13888880,633332109,500000000,startup,0
baseline,118,1311111098,500000000,warmup,late-one-eye,625000000,434027,6944432,434028,6944448,13888880,636109878,500000000,startup,0
baseline,119,1322222209,500000000,warmup,late-one-eye,625000000,434027,6944432,434028,6944448,13888880,638887647,500000000,startup,0
baseline,120,1333333320,500000000,warmup,late-one-eye,625000000,434027,6944432,434028,6944448,13888880,641665416,500000000,startup,0
baseline,121,1344444431,500000000,warmup,late-one-eye,625000000,434027,6944432,434028,6944448,13888880,644443185,500000000,startup,0
baseline,122,1355555542,500000000,warmup,late-one-eye,625000000,434027,6944432,434028,6944448,13888880,647220954,500000000,startup,0
baseline,123,1366666653,500000000,warmup,late-one-eye,625000000,434027,6944432,434028,6944448,13888880,649998723,500000000,startup,0
baseline,124,1377777764,500000000,warmup,late-one-eye,625000000,434027,6944432,434028,6944448,13888880,652776492,500000000,startup,0
baseline,125,1388888875,500000000,warmup,late-one-eye,625000000,434027,6944432,434028,6944448,13888880,655554261,500000000,startup,0
baseline,126,1399999986,500000000,warmup,late-one-eye,625000000,434027,6944432,434028,6944448,13888880,658332030,500000000,startup,0
baseline,127,1411111097,500000000,warmup,late-one-eye,625000000,434027,6944432,434028,6944448,13888880,661109799,500000000,startup,0
baseline,128,1422222208,500000000,warmup,late-one-eye,625000000,434027,6944432,434028,6944448,13888880,663887568,500000000,startup,0
baseline,129,1433333319,500000000,warmup,late-one-eye,625000000,434027,6944432,434028,6944448,13888880,666665337,500000000,startup,0
baseline,130,1444444430,500000000,warmup,late-one-eye,625000000,434027,6944432,434028,6944448,13888880,669443106,500000000,startup,0
baseline,131,1455555541,500000000,warmup,late-one-eye,625000000,434027,6944432,434028,6944448,13888880,672220875,500000000,startup,0
baseline,132,1466666652,500000000,warmup,late-one-eye,625000000,434027,6944432,434028,6944448,13888880,674998644,500000000,startup,0
baseline,133,1477777763,500000000,warmup,late-one-eye,625000000,434027,6944432,434028,6944448,13888880,677776413,500000000,startup,0
baseline,134,1488888874,500000000,warmup,late-one-eye,625000000,434027,6944432,434028,6944448,13888880,680554182,500000000,startup,0
baseline,135,1499999985,500000000,warmup,late-one-eye,625000000,434027,6944432,434028,6944448,13888880,683331951,500000000,startup,0
baseline,136,1511111096,500000000,warmup,late-one-eye,625000000,434027,6944432,434028,6944448,13888880,686109720,500000000,startup,0
baseline,137,1522222207,500000000,warmup,late-one-eye,625000000,434027,6944432,434028,6944448,13888880,688887489,500000000,startup,0
baseline,138,1533333318,500000000,warmup,late-one-eye,625000000,434027,6944432,434028,6944448,13888880,691665258,500000000,startup,0
baseline,139,1544444429,500000000,warmup,late-one-eye,625000000,434027,6944432,434028,6944448,13888880,694443027,500000000,startup,0
baseline,140,1555555540,500000000,warmup,late-one-eye,625000000,434027,6944432,434028,6944448,13888880,697220796,500000000,startup,0
baseline,141,1566666651,500000000,warmup,late-one-eye,625000000,434027,6944432,434028,6944448,13888880,699998565,500000000,startup,0
baseline,142,1577777762,500000000,warmup,late-one-eye,625000000,434027,6944432,434028,6944448,13888880,702776334,500000000,startup,0
baseline,143,1588888873,500000000,warmup,late-one-eye,625000000,434027,6944432,434028,6944448,13888880,705554103,500000000,startup,0
baseline,144,1599999984,500000000,warmup,late-one-eye,625000000,434027,6944432,434028,6944448,13888880,708331872,500000000,startup,0
baseline,145,1611111095,500000000,warmup,late-one-eye,625000000,434027,6944432,434028,6944448,13888880,711109641,500000000,startup,0
baseline,146,1622222206,500000000,warmup,late-one-eye,625000000,434027,6944432,434028,6944448,13888880,713887410,500000000,startup,0
baseline,147,1633333317,500000000,warmup,late-one-eye,625000000,434027,6944432,434028,6944448,13888880,716665179,500000000,startup,0
baseline,148,1644444428,500000000,warmup,late-one-eye,625000000,434027,6944432,434028,6944448,13888880,719442948,500000000,startup,0
baseline,149,1655555539,500000000,warmup,late-one-eye,625000000,434027,6944432,434028,6944448,13888880,722220717,500000000,startup,0
baseline,150,1666666650,500000000,warmup,late-one-eye,625000000,434027,6944432,434028,6944448,13888880,724998486,500000000,steady,0
baseline,151,1677777761,500000000,warmup,late-one-eye,625000000,434027,6944432,434028,6944448,13888880,727776255,500000000,steady,0
baseline,152,1688888872,500000000,warmup,late-one-eye,625000000,434027,6944432,434028,6944448,13888880,730554024,500000000,steady,0
baseline,153,1699999983,500000000,warmup,late-one-eye,625000000,434027,6944432,434028,6944448,13888880,733331793,500000000,steady,0
baseline,154,1711111094,500000000,warmup,late-one-eye,625000000,434027,6944432,434028,6944448,13888880,736109562,500000000,steady,0
baseline,155,1722222205,500000000,warmup,late-one-eye,625000000,434027,6944432,434028,6944448,13888880,738887331,500000000,steady,0
baseline,156,1733333316,500000000,warmup,late-one-eye,625000000,434027,6944432,434028,6944448,13888880,741665100,500000000,steady,0
baseline,157,1744444427,500000000,warmup,late-one-eye,625000000,434027,6944432,434028,6944448,13888880,744442869,500000000,steady,0
baseline,158,1755555538,500000000,warmup,late-one-eye,625000000,434027,6944432,434028,6944448,13888880,747220638,500000000,steady,0
baseline,159,1766666649,500000000,warmup,late-one-eye,625000000,434027,6944432,434028,6944448,13888880,749998407,500000000,steady,0
baseline,160,1777777760,500000000,warmup,late-one-eye,625000000,434027,6944432,434028,6944448,13888880,752776176,500000000,steady,0
baseline,161,1788888871,500000000,warmup,late-one-eye,625000000,434027,6944432,434028,6944448,13888880,755553945,500000000,steady,0
baseline,162,1799999982,500000000,warmup,late-one-eye,625000000,434027,6944432,434028,6944448,13888880,758331714,500000000,steady,0
baseline,163,1811111093,500000000,warmup,late-one-eye,625000000,434027,6944432,434028,6944448,13888880,761109483,500000000,steady,0
baseline,164,1822222204,500000000,warmup,late-one-eye,625000000,434027,6944432,434028,6944448,13888880,763887252,500000000,steady,0
baseline,165,1833333315,500000000,warmup,late-one-eye,625000000,434027,6944432,434028,6944448,13888880,766665021,500000000,steady,0
baseline,166,1844444426,500000000,warmup,late-one-eye,625000000,434027,6944432,434028,6944448,13888880,769442790,500000000,steady,0
baseline,167,1855555537,500000000,warmup,late-one-eye,625000000,434027,6944432,434028,6944448,13888880,772220559,500000000,steady,0
baseline,168,1866666648,500000000,warmup,late-one-eye,625000000,434027,6944432,434028,6944448,13888880,774998328,500000000,steady,0
baseline,169,1877777759,500000000,warmup,late-one-eye,625000000,434027,6944432,434028,6944448,13888880,777776097,500000000,steady,0
baseline,170,1888888870,500000000,warmup,late-one-eye,625000000,434027,6944432,434028,6944448,13888880,780553866,500000000,steady,0
baseline,171,1899999981,500000000,warmup,late-one-eye,625000000,434027,6944432,434028,6944448,13888880,783331635,500000000,steady,0
baseline,172,1911111092,500000000,warmup,late-one-eye,625000000,434027,6944432,434028,6944448,13888880,786109404,500000000,steady,0
baseline,173,1922222203,500000000,warmup,late-one-eye,625000000,434027,6944432,434028,6944448,13888880,788887173,500000000,steady,0
baseline,174,1933333314,500000000,warmup,late-one-eye,625000000,434027,6944432,434028,6944448,13888880,791664942,500000000,steady,0
baseline,175,1944444425,500000000,warmup,late-one-eye,625000000,434027,6944432,434028,6944448,13888880,794442711,500000000,steady,0
baseline,176,1955555536,500000000,warmup,late-one-eye,625000000,434027,6944432,434028,6944448,13888880,797220480,500000000,steady,0
baseline,177,1966666647,500000000,warmup,late-one-eye,625000000,434027,6944432,434028,6944448,13888880,799998249,500000000,steady,0
baseline,178,1977777758,500000000,warmup,late-one-eye,625000000,434027,6944432,434028,6944448,13888880,802776018,500000000,steady,0
baseline,179,1988888869,500000000,warmup,late-one-eye,625000000,434027,6944432,434028,6944448,13888880,805553787,500000000,steady,0
baseline,180,1999999980,500000000,warmup,late-one-eye,625000000,434027,6944432,434028,6944448,13888880,808331556,500000000,steady,0
baseline,181,2011111091,500000000,warmup,late-one-eye,625000000,434027,6944432,434028,6944448,13888880,811109325,500000000,steady,0
baseline,182,2022222202,500000000,warmup,late-one-eye,625000000,434027,6944432,434028,6944448,13888880,813887094,500000000,steady,0
baseline,183,2033333313,500000000,warmup,late-one-eye,625000000,434027,6944432,434028,6944448,13888880,816664863,500000000,steady,0
baseline,184,2044444424,500000000,warmup,late-one-eye,625000000,434027,6944432,434028,6944448,13888880,819442632,500000000,steady,0
baseline,185,2055555535,500000000,warmup,late-one-eye,625000000,434027,6944432,434028,6944448,13888880,822220401,500000000,steady,0
baseline,186,2066666646,500000000,warmup,late-one-eye,625000000,434027,6944432,434028,6944448,13888880,824998170,500000000,steady,0
baseline,187,2077777757,500000000,warmup,late-one-eye,625000000,434027,6944432,434028,6944448,13888880,827775939,500000000,steady,0
baseline,188,2088888868,500000000,warmup,late-one-eye,625000000,434027,6944432,434028,6944448,13888880,830553708,500000000,steady,0
baseline,189,2099999979,500000000,warmup,late-one-eye,625000000,434027,6944432,434028,6944448,13888880,833331477,500000000,steady,0
baseline,190,2111111090,500000000,warmup,late-one-eye,625000000,434027,6944432,434028,6944448,13888880,836109246,500000000,steady,0
baseline,191,2122222201,500000000,warmup,late-one-eye,625000000,434027,6944432,434028,6944448,13888880,838887015,500000000,steady,0
baseline,192,2133333312,500000000,warmup,late-one-eye,625000000,434027,6944432,434028,6944448,13888880,841664784,500000000,steady,0
baseline,193,2144444423,500000000,warmup,late-one-eye,625000000,434027,6944432,434028,6944448,13888880,844442553,500000000,steady,0
baseline,194,2155555534,500000000,warmup,late-one-eye,625000000,434027,6944432,434028,6944448,13888880,847220322,500000000,steady,0
baseline,195,2166666645,500000000,warmup,late-one-eye,625000000,434027,6944432,434028,6944448,13888880,849998091,500000000,steady,0
baseline,196,2177777756,500000000,warmup,late-one-eye,625000000,434027,6944432,434028,6944448,13888880,852775860,500000000,steady,0
baseline,197,2188888867,500000000,warmup,late-one-eye,625000000,434027,6944432,434028,6944448,13888880,855553629,500000000,steady,0
baseline,198,2199999978,500000000,warmup,late-one-eye,625000000,434027,6944432,434028,6944448,13888880,858331398,500000000,steady,0
baseline,199,2211111089,500000000,warmup,late-one-eye,625000000,434027,6944432,434028,6944448,13888880,861109167,500000000,steady,0
baseline,200,2222222200,500000000,warmup,late-one-eye,625000000,434027,6944432,434028,6944448,13888880,863886936,500000000,steady,0
baseline,201,2233333311,500000000,warmup,late-one-eye,625000000,434027,6944432,434028,6944448,13888880,866664705,500000000,steady,0
baseline,202,2244444422,500000000,warmup,late-one-eye,625000000,434027,6944432,434028,6944448,13888880,869442474,500000000,steady,0
baseline,203,2255555533,500000000,warmup,late-one-eye,625000000,434027,6944432,434028,6944448,13888880,872220243,500000000,steady,0
baseline,204,2266666644,500000000,warmup,late-one-eye,625000000,434027,6944432,434028,6944448,13888880,874998012,500000000,steady,0
baseline,205,2277777755,500000000,warmup,late-one-eye,625000000,434027,6944432,434028,6944448,13888880,877775781,500000000,steady,0
baseline,206,2288888866,500000000,warmup,late-one-eye,625000000,434027,6944432,434028,6944448,13888880,880553550,500000000,steady,0
baseline,207,2299999977,500000000,warmup,late-one-eye,625000000,434027,6944432,434028,6944448,13888880,883331319,500000000,steady,0
baseline,208,2311111088,500000000,warmup,late-one-eye,425000000,295138,4722208,295139,4722224,9444432,886109088,500000000,steady,0
baseline,209,2322222199,500000000,warmup,late-one-eye,425000000,295138,4722208,295139,4722224,9444432,884442409,500000000,steady,0
baseline,210,2333333310,500000000,warmup,late-one-eye,425000000,295138,4722208,295139,4722224,9444432,882775730,500000000,steady,0
baseline,211,2344444421,500000000,warmup,late-one-eye,425000000,295138,4722208,295139,4722224,9444432,881109051,500000000,steady,0
baseline,212,2355555532,500000000,warmup,late-one-eye,425000000,295138,4722208,295139,4722224,9444432,879442372,500000000,steady,0
baseline,213,2366666643,500000000,warmup,late-one-eye,425000000,295138,4722208,295139,4722224,9444432,877775693,500000000,steady,0
baseline,214,2377777754,500000000,warmup,late-one-eye,425000000,295138,4722208,295139,4722224,9444432,876109014,500000000,steady,0
baseline,215,2388888865,500000000,warmup,late-one-eye,425000000,295138,4722208,295139,4722224,9444432,874442335,500000000,steady,0
baseline,216,2399999976,500000000,warmup,late-one-eye,425000000,295138,4722208,295139,4722224,9444432,872775656,500000000,steady,0
baseline,217,2411111087,500000000,warmup,late-one-eye,425000000,295138,4722208,295139,4722224,9444432,871108977,500000000,steady,0
baseline,218,2422222198,500000000,warmup,late-one-eye,425000000,295138,4722208,295139,4722224,9444432,869442298,500000000,steady,0
baseline,219,2433333309,500000000,warmup,late-one-eye,425000000,295138,4722208,295139,4722224,9444432,867775619,500000000,steady,0
baseline,220,2444444420,500000000,warmup,late-one-eye,425000000,295138,4722208,295139,4722224,9444432,866108940,500000000,steady,0
baseline,221,2455555531,500000000,warmup,late-one-eye,425000000,295138,4722208,295139,4722224,9444432,864442261,500000000,steady,0
baseline,222,2466666642,500000000,warmup,late-one-eye,425000000,295138,4722208,295139,4722224,9444432,862775582,500000000,steady,0
baseline,223,2477777753,500000000,warmup,late-one-eye,425000000,295138,4722208,295139,4722224,9444432,861108903,500000000,steady,0
baseline,224,2488888864,500000000,warmup,late-one-eye,425000000,295138,4722208,295139,4722224,9444432,859442224,500000000,steady,0
baseline,225,2499999975,500000000,warmup,late-one-eye,425000000,295138,4722208,295139,4722224,9444432,857775545,500000000,steady,0
baseline,226,2511111086,500000000,warmup,late-one-eye,425000000,295138,4722208,295139,4722224,9444432,856108866,500000000,steady,0
baseline,227,2522222197,500000000,warmup,late-one-eye,425000000,295138,4722208,295139,4722224,9444432,854442187,500000000,steady,0
baseline,228,2533333308,500000000,warmup,late-one-eye,425000000,295138,4722208,295139,4722224,9444432,852775508,500000000,steady,0
baseline,229,2544444419,500000000,warmup,late-one-eye,425000000,295138,4722208,295139,4722224,9444432,851108829,500000000,steady,0
baseline,230,2555555530,500000000,warmup,late-one-eye,425000000,295138,4722208,295139,4722224,9444432,849442150,500000000,steady,0
baseline,231,2566666641,500000000,warmup,late-one-eye,425000000,295138,4722208,295139,4722224,9444432,847775471,500000000,steady,0
baseline,232,2577777752,500000000,warmup,late-one-eye,425000000,295138,4722208,295139,4722224,9444432,846108792,500000000,steady,0
baseline,233,2588888863,500000000,warmup,late-one-eye,425000000,295138,4722208,295139,4722224,9444432,844442113,500000000,steady,0
baseline,234,2599999974,500000000,warmup,late-one-eye,425000000,295138,4722208,295139,4722224,9444432,842775434,500000000,steady,0
baseline,235,2611111085,500000000,warmup,late-one-eye,425000000,295138,4722208,295139,4722224,9444432,841108755,500000000,steady,0
baseline,236,2622222196,500000000,warmup,late-one-eye,425000000,295138,4722208,295139,4722224,9444432,839442076,500000000,steady,0
baseline,237,2633333307,500000000,warmup,late-one-eye,425000000,295138,4722208,295139,4722224,9444432,837775397,500000000,steady,0
baseline,238,2644444418,500000000,warmup,late-one-eye,425000000,295138,4722208,295139,4722224,9444432,836108718,500000000,steady,0
baseline,239,2655555529,500000000,warmup,late-one-eye,425000000,295138,4722208,295139,4722224,9444432,834442039,500000000,steady,0
baseline,240,2666666640,500000000,warmup,late-one-eye,425000000,295138,4722208,295139,4722224,9444432,832775360,500000000,steady,0
baseline,241,2677777751,500000000,warmup,late-one-eye,425000000,295138,4722208,295139,4722224,9444432,831108681,500000000,steady,0
baseline,242,2688888862,500000000,warmup,late-one-eye,425000000,295138,4722208,295139,4722224,9444432,829442002,500000000,steady,0
baseline,243,2699999973,500000000,warmup,late-one-eye,425000000,295138,4722208,295139,4722224,9444432,827775323,500000000,steady,0
baseline,244,2711111084,500000000,warmup,late-one-eye,425000000,295138,4722208,295139,4722224,9444432,826108644,500000000,steady,0
baseline,245,2722222195,500000000,warmup,late-one-eye,425000000,295138,4722208,295139,4722224,9444432,824441965,500000000,steady,0
baseline,246,2733333306,500000000,warmup,late-one-eye,425000000,295138,4722208,295139,4722224,9444432,822775286,500000000,steady,0
baseline,247,2744444417,500000000,warmup,late-one-eye,425000000,295138,4722208,295139,4722224,9444432,821108607,500000000,steady,0
baseline,248,2755555528,500000000,warmup,late-one-eye,425000000,295138,4722208,295139,4722224,9444432,819441928,500000000,steady,0
baseline,249,2766666639,500000000,warmup,late-one-eye,425000000,295138,4722208,295139,4722224,9444432,817775249,500000000,steady,0
baseline,250,2777777750,500000000,warmup,late-one-eye,425000000,295138,4722208,295139,4722224,9444432,816108570,500000000,steady,0
baseline,251,2788888861,500000000,warmup,late-one-eye,425000000,295138,4722208,295139,4722224,9444432,814441891,500000000,steady,0
baseline,252,2799999972,500000000,warmup,late-one-eye,425000000,295138,4722208,295139,4722224,9444432,812775212,500000000,steady,0
baseline,253,2811111083,500000000,warmup,late-one-eye,425000000,295138,4722208,295139,4722224,9444432,811108533,500000000,steady,0
baseline,254,2822222194,500000000,warmup,late-one-eye,425000000,295138,4722208,295139,4722224,9444432,809441854,500000000,steady,0
baseline,255,2833333305,500000000,warmup,late-one-eye,425000000,295138,4722208,295139,4722224,9444432,807775175,500000000,steady,0
baseline,256,2844444416,500000000,warmup,late-one-eye,425000000,295138,4722208,295139,4722224,9444432,806108496,500000000,steady,0
baseline,257,2855555527,500000000,warmup,late-one-eye,425000000,295138,4722208,295139,4722224,9444432,804441817,500000000,steady,0
baseline,258,2866666638,500000000,warmup,late-one-eye,425000000,295138,4722208,295139,4722224,9444432,802775138,500000000,steady,0
baseline,259,2877777749,500000000,warmup,late-one-eye,425000000,295138,4722208,295139,4722224,9444432,801108459,500000000,steady,0
baseline,260,2888888860,500000000,warmup,late-one-eye,425000000,295138,4722208,295139,4722224,9444432,799441780,500000000,steady,0
baseline,261,2899999971,500000000,warmup,late-one-eye,425000000,295138,4722208,295139,4722224,9444432,797775101,500000000,steady,0
baseline,262,2911111082,500000000,warmup,late-one-eye,425000000,295138,4722208,295139,4722224,9444432,796108422,500000000,steady,0
baseline,263,2922222193,500000000,warmup,late-one-eye,425000000,295138,4722208,295139,4722224,9444432,794441743,500000000,steady,0
baseline,264,2933333304,500000000,warmup,late-one-eye,425000000,295138,4722208,295139,4722224,9444432,792775064,500000000,steady,0
baseline,265,2944444415,500000000,warmup,late-one-eye,425000000,295138,4722208,295139,4722224,9444432,791108385,500000000,steady,0
baseline,266,2955555526,500000000,warmup,late-one-eye,425000000,295138,4722208,295139,4722224,9444432,789441706,500000000,steady,0
baseline,267,2966666637,500000000,warmup,late-one-eye,425000000,295138,4722208,295139,4722224,9444432,787775027,500000000,steady,0
baseline,268,2977777748,500000000,warmup,late-one-eye,425000000,295138,4722208,295139,4722224,9444432,786108348,500000000,steady,0
baseline,269,2988888859,500000000,warmup,late-one-eye,425000000,295138,4722208,295139,4722224,9444432,784441669,500000000,steady,0
baseline,270,2999999970,500000000,warmup,late-one-eye,425000000,295138,4722208,295139,4722224,9444432,782774990,500000000,steady,0
baseline,271,3011111081,500000000,warmup,late-one-eye,425000000,295138,4722208,295139,4722224,9444432,781108311,500000000,steady,0
baseline,272,3022222192,500000000,warmup,late-one-eye,425000000,295138,4722208,295139,4722224,9444432,779441632,500000000,steady,0
baseline,273,3033333303,500000000,warmup,late-one-eye,425000000,295138,4722208,295139,4722224,9444432,777774953,500000000,steady,0
baseline,274,3044444414,500000000,warmup,late-one-eye,425000000,295138,4722208,295139,4722224,9444432,776108274,500000000,steady,0
baseline,275,3055555525,500000000,warmup,late-one-eye,425000000,295138,4722208,295139,4722224,9444432,774441595,500000000,steady,0
baseline,276,3066666636,500000000,warmup,late-one-eye,425000000,295138,4722208,295139,4722224,9444432,772774916,500000000,steady,0
baseline,277,3077777747,500000000,warmup,late-one-eye,425000000,295138,4722208,295139,4722224,9444432,771108237,500000000,steady,0
baseline,278,3088888858,500000000,warmup,late-one-eye,425000000,295138,4722208,295139,4722224,9444432,769441558,500000000,steady,0
baseline,279,3099999969,500000000,warmup,late-one-eye,425000000,295138,4722208,295139,4722224,9444432,767774879,500000000,steady,0
baseline,280,3111111080,500000000,warmup,late-one-eye,425000000,295138,4722208,295139,4722224,9444432,766108200,500000000,steady,0
baseline,281,3122222191,500000000,warmup,late-one-eye,425000000,295138,4722208,295139,4722224,9444432,764441521,500000000,steady,0
baseline,282,3133333302,500000000,warmup,late-one-eye,425000000,295138,4722208,295139,4722224,9444432,762774842,500000000,steady,0
baseline,283,3144444413,500000000,warmup,late-one-eye,425000000,295138,4722208,295139,4722224,9444432,761108163,500000000,steady,0
baseline,284,3155555524,500000000,warmup,late-one-eye,425000000,295138,4722208,295139,4722224,9444432,759441484,500000000,steady,0
baseline,285,3166666635,500000000,warmup,late-one-eye,425000000,295138,4722208,295139,4722224,9444432,757774805,500000000,steady,0
baseline,286,3177777746,500000000,warmup,late-one-eye,425000000,295138,4722208,295139,4722224,9444432,756108126,500000000,steady,0
baseline,287,3188888857,500000000,warmup,late-one-eye,425000000,295138,4722208,295139,4722224,9444432,754441447,500000000,steady,0
baseline,288,3199999968,500000000,warmup,late-one-eye,425000000,295138,4722208,295139,4722224,9444432,752774768,500000000,steady,0
baseline,289,3211111079,500000000,warmup,late-one-eye,425000000,295138,4722208,295139,4722224,9444432,751108089,500000000,steady,0
baseline,290,3222222190,500000000,warmup,late-one-eye,425000000,295138,4722208,295139,4722224,9444432,749441410,500000000,steady,0
baseline,291,3233333301,500000000,warmup,late-one-eye,425000000,295138,4722208,295139,4722224,9444432,747774731,500000000,steady,0
baseline,292,3244444412,500000000,warmup,late-one-eye,425000000,295138,4722208,295139,4722224,9444432,746108052,500000000,steady,0
baseline,293,3255555523,500000000,warmup,late-one-eye,425000000,295138,4722208,295139,4722224,9444432,744441373,500000000,steady,0
baseline,294,3266666634,500000000,warmup,late-one-eye,425000000,295138,4722208,295139,4722224,9444432,742774694,500000000,steady,0
baseline,295,3277777745,500000000,warmup,late-one-eye,425000000,295138,4722208,295139,4722224,9444432,741108015,500000000,steady,0
baseline,296,3288888856,500000000,warmup,late-one-eye,425000000,295138,4722208,295139,4722224,9444432,739441336,500000000,steady,0
baseline,297,3299999967,500000000,warmup,late-one-eye,425000000,295138,4722208,295139,4722224,9444432,737774657,500000000,steady,0
baseline,298,3311111078,500000000,warmup,late-one-eye,425000000,295138,4722208,295139,4722224,9444432,736107978,500000000,steady,0
baseline,299,3322222189,500000000,warmup,late-one-eye,425000000,295138,4722208,295139,4722224,9444432,734441299,500000000,steady,0
baseline,300,3333333300,500000000,warmup,late-one-eye,425000000,295138,4722208,295139,4722224,9444432,732774620,500000000,steady,0
baseline,301,3344444411,500000000,warmup,late-one-eye,425000000,295138,4722208,295139,4722224,9444432,731107941,500000000,steady,0
baseline,302,3355555522,500000000,warmup,late-one-eye,425000000,295138,4722208,295139,4722224,9444432,729441262,500000000,steady,0
baseline,303,3366666633,500000000,warmup,late-one-eye,425000000,295138,4722208,295139,4722224,9444432,727774583,500000000,steady,0
baseline,304,3377777744,500000000,warmup,late-one-eye,425000000,295138,4722208,295139,4722224,9444432,726107904,500000000,steady,0
baseline,305,3388888855,500000000,warmup,late-one-eye,425000000,295138,4722208,295139,4722224,9444432,724441225,500000000,steady,0
baseline,306,3399999966,500000000,warmup,late-one-eye,425000000,295138,4722208,295139,4722224,9444432,722774546,500000000,steady,0
baseline,307,3411111077,500000000,warmup,late-one-eye,425000000,295138,4722208,295139,4722224,9444432,721107867,500000000,steady,0
baseline,308,3422222188,500000000,warmup,late-one-eye,425000000,295138,4722208,295139,4722224,9444432,719441188,500000000,steady,0
baseline,309,3433333299,500000000,warmup,late-one-eye,425000000,295138,4722208,295139,4722224,9444432,717774509,500000000,steady,0
baseline,310,3444444410,500000000,warmup,late-one-eye,425000000,295138,4722208,295139,4722224,9444432,716107830,500000000,steady,0
baseline,311,3455555521,500000000,warmup,late-one-eye,425000000,295138,4722208,295139,4722224,9444432,714441151,500000000,steady,0
baseline,312,3466666632,500000000,warmup,late-one-eye,425000000,295138,4722208,295139,4722224,9444432,712774472,500000000,steady,0
baseline,313,3477777743,500000000,warmup,late-one-eye,425000000,295138,4722208,295139,4722224,9444432,711107793,500000000,steady,0
baseline,314,3488888854,500000000,warmup,late-one-eye,425000000,295138,4722208,295139,4722224,9444432,709441114,500000000,steady,0
baseline,315,3499999965,500000000,warmup,late-one-eye,425000000,295138,4722208,295139,4722224,9444432,707774435,500000000,steady,0
baseline,316,3511111076,500000000,warmup,late-one-eye,425000000,295138,4722208,295139,4722224,9444432,706107756,500000000,steady,0
baseline,317,3522222187,500000000,warmup,late-one-eye,425000000,295138,4722208,295139,4722224,9444432,704441077,500000000,steady,0
baseline,318,3533333298,500000000,warmup,late-one-eye,425000000,295138,4722208,295139,4722224,9444432,702774398,500000000,steady,0
baseline,319,3544444409,500000000,warmup,late-one-eye,425000000,295138,4722208,295139,4722224,9444432,701107719,500000000,steady,0
baseline,320,3555555520,500000000,warmup,late-one-eye,425000000,295138,4722208,295139,4722224,9444432,699441040,500000000,steady,0
baseline,321,3566666631,500000000,warmup,late-one-eye,425000000,295138,4722208,295139,4722224,9444432,697774361,500000000,steady,0
baseline,322,3577777742,500000000,warmup,late-one-eye,425000000,295138,4722208,295139,4722224,9444432,696107682,500000000,steady,0
baseline,323,3588888853,500000000,warmup,late-one-eye,425000000,295138,4722208,295139,4722224,9444432,694441003,500000000,steady,0
baseline,324,3599999964,500000000,warmup,late-one-eye,425000000,295138,4722208,295139,4722224,9444432,692774324,500000000,steady,0
baseline,325,3611111075,500000000,warmup,late-one-eye,425000000,295138,4722208,295139,4722224,9444432,691107645,500000000,steady,0
baseline,326,3622222186,500000000,warmup,late-one-eye,425000000,295138,4722208,295139,4722224,9444432,689440966,500000000,steady,0
baseline,327,3633333297,500000000,warmup,late-one-eye,425000000,295138,4722208,295139,4722224,9444432,687774287,500000000,steady,0
baseline,328,3644444408,500000000,warmup,late-one-eye,425000000,295138,4722208,295139,4722224,9444432,686107608,500000000,steady,0
baseline,329,3655555519,500000000,warmup,late-one-eye,425000000,295138,4722208,295139,4722224,9444432,684440929,500000000,steady,0
baseline,330,3666666630,500000000,warmup,late-one-eye,425000000,295138,4722208,295139,4722224,9444432,682774250,500000000,steady,0
baseline,331,3677777741,500000000,warmup,late-one-eye,425000000,295138,4722208,295139,4722224,9444432,681107571,500000000,steady,0
baseline,332,3688888852,500000000,warmup,late-one-eye,425000000,295138,4722208,295139,4722224,9444432,679440892,500000000,steady,0
baseline,333,3699999963,500000000,warmup,late-one-eye,425000000,295138,4722208,295139,4722224,9444432,677774213,500000000,steady,0
baseline,334,3711111074,500000000,warmup,late-one-eye,425000000,295138,4722208,295139,4722224,9444432,676107534,500000000,steady,0
baseline,335,3722222185,500000000,warmup,late-one-eye,425000000,295138,4722208,295139,4722224,9444432,674440855,500000000,steady,0
baseline,336,3733333296,500000000,warmup,late-one-eye,425000000,295138,4722208,295139,4722224,9444432,672774176,500000000,steady,0
baseline,337,3744444407,500000000,warmup,late-one-eye,425000000,295138,4722208,295139,4722224,9444432,671107497,500000000,steady,0
baseline,338,3755555518,500000000,warmup,late-one-eye,425000000,295138,4722208,295139,4722224,9444432,669440818,500000000,steady,0
baseline,339,3766666629,500000000,warmup,late-one-eye,425000000,295138,4722208,295139,4722224,9444432,667774139,500000000,steady,0
baseline,340,3777777740,500000000,warmup,late-one-eye,425000000,295138,4722208,295139,4722224,9444432,666107460,500000000,steady,0
baseline,341,3788888851,500000000,warmup,late-one-eye,425000000,295138,4722208,295139,4722224,9444432,664440781,500000000,steady,0
baseline,342,3799999962,500000000,warmup,late-one-eye,425000000,295138,4722208,295139,4722224,9444432,662774102,500000000,steady,0
baseline,343,3811111073,500000000,warmup,late-one-eye,425000000,295138,4722208,295139,4722224,9444432,661107423,500000000,steady,0
baseline,344,3822222184,500000000,warmup,late-one-eye,425000000,295138,4722208,295139,4722224,9444432,659440744,500000000,steady,0
baseline,345,3833333295,500000000,warmup,late-one-eye,425000000,295138,4722208,295139,4722224,9444432,657774065,500000000,steady,0
baseline,346,3844444406,500000000,warmup,late-one-eye,425000000,295138,4722208,295139,4722224,9444432,656107386,500000000,steady,0
baseline,347,3855555517,500000000,warmup,late-one-eye,425000000,295138,4722208,295139,4722224,9444432,654440707,500000000,steady,0
baseline,348,3866666628,500000000,warmup,late-one-eye,425000000,295138,4722208,295139,4722224,9444432,652774028,500000000,steady,0
baseline,349,3877777739,500000000,warmup,late-one-eye,425000000,295138,4722208,295139,4722224,9444432,651107349,500000000,steady,0
baseline,350,3888888850,500000000,warmup,late-one-eye,425000000,295138,4722208,295139,4722224,9444432,649440670,500000000,steady,0
baseline,351,3899999961,500000000,warmup,late-one-eye,425000000,295138,4722208,295139,4722224,9444432,647773991,500000000,steady,0
baseline,352,3911111072,500000000,warmup,late-one-eye,425000000,295138,4722208,295139,4722224,9444432,646107312,500000000,steady,0
baseline,353,3922222183,500000000,warmup,late-one-eye,425000000,295138,4722208,295139,4722224,9444432,644440633,500000000,steady,0
baseline,354,3933333294,500000000,warmup,late-one-eye,425000000,295138,4722208,295139,4722224,9444432,642773954,500000000,steady,0
baseline,355,3944444405,500000000,warmup,late-one-eye,425000000,295138,4722208,295139,4722224,9444432,641107275,500000000,steady,0
baseline,356,3955555516,500000000,warmup,late-one-eye,425000000,295138,4722208,295139,4722224,9444432,639440596,500000000,steady,0
baseline,357,3966666627,500000000,warmup,late-one-eye,425000000,295138,4722208,295139,4722224,9444432,637773917,500000000,steady,0
baseline,358,3977777738,500000000,warmup,late-one-eye,425000000,295138,4722208,295139,4722224,9444432,636107238,500000000,steady,0
baseline,359,3988888849,500000000,warmup,late-one-eye,425000000,295138,4722208,295139,4722224,9444432,634440559,500000000,steady,0
baseline,360,3999999960,500000000,warmup,late-one-eye,425000000,295138,4722208,295139,4722224,9444432,632773880,500000000,steady,0
baseline,361,4011111071,500000000,warmup,late-one-eye,425000000,295138,4722208,295139,4722224,9444432,631107201,500000000,steady,0
baseline,362,4022222182,500000000,warmup,late-one-eye,425000000,295138,4722208,295139,4722224,9444432,629440522,500000000,steady,0
baseline,363,4033333293,500000000,warmup,late-one-eye,425000000,295138,4722208,295139,4722224,9444432,627773843,500000000,steady,0
baseline,364,4044444404,500000000,warmup,late-one-eye,425000000,295138,4722208,295139,4722224,9444432,626107164,500000000,steady,0
baseline,365,4055555515,500000000,warmup,late-one-eye,425000000,295138,4722208,295139,4722224,9444432,624440485,500000000,steady,0
baseline,366,4066666626,500000000,warmup,late-one-eye,425000000,295138,4722208,295139,4722224,9444432,622773806,500000000,steady,0
baseline,367,4077777737,500000000,warmup,late-one-eye,425000000,295138,4722208,295139,4722224,9444432,621107127,500000000,steady,0
baseline,368,4088888848,500000000,warmup,late-one-eye,425000000,295138,4722208,295139,4722224,9444432,619440448,500000000,steady,0
baseline,369,4099999959,500000000,warmup,late-one-eye,425000000,295138,4722208,295139,4722224,9444432,617773769,500000000,steady,0
baseline,370,4111111070,500000000,warmup,late-one-eye,425000000,295138,4722208,295139,4722224,9444432,616107090,500000000,steady,0
baseline,371,4122222181,500000000,warmup,late-one-eye,425000000,295138,4722208,295139,4722224,9444432,614440411,500000000,steady,0
baseline,372,4133333292,500000000,warmup,late-one-eye,425000000,295138,4722208,295139,4722224,9444432,612773732,500000000,steady,0
baseline,373,4144444403,500000000,warmup,late-one-eye,425000000,295138,4722208,295139,4722224,9444432,611107053,500000000,steady,0
baseline,374,4155555514,500000000,warmup,late-one-eye,425000000,295138,4722208,295139,4722224,9444432,609440374,500000000,steady,0
baseline,375,4166666625,500000000,warmup,late-one-eye,425000000,295138,4722208,295139,4722224,9444432,607773695,500000000,steady,0
baseline,376,4177777736,500000000,warmup,late-one-eye,425000000,295138,4722208,295139,4722224,9444432,606107016,500000000,steady,0
baseline,377,4188888847,500000000,warmup,late-one-eye,425000000,295138,4722208,295139,4722224,9444432,604440337,500000000,steady,0
baseline,378,4199999958,500000000,warmup,late-one-eye,425000000,295138,4722208,295139,4722224,9444432,602773658,500000000,steady,0
baseline,379,4211111069,500000000,warmup,late-one-eye,425000000,295138,4722208,295139,4722224,9444432,601106979,500000000,steady,0
baseline,380,4222222180,500000000,warmup,late-one-eye,425000000,295138,4722208,295139,4722224,9444432,599440300,500000000,steady,0
baseline,381,4233333291,500000000,warmup,late-one-eye,425000000,295138,4722208,295139,4722224,9444432,597773621,500000000,steady,0
baseline,382,4244444402,500000000,warmup,late-one-eye,425000000,295138,4722208,295139,4722224,9444432,596106942,500000000,steady,0
baseline,383,4255555513,500000000,warmup,late-one-eye,425000000,295138,4722208,295139,4722224,9444432,594440263,500000000,steady,0
baseline,384,4266666624,500000000,warmup,late-one-eye,425000000,295138,4722208,295139,4722224,9444432,592773584,500000000,steady,0
baseline,385,4277777735,500000000,warmup,late-one-eye,425000000,295138,4722208,295139,4722224,9444432,591106905,500000000,steady,0
baseline,386,4288888846,500000000,warmup,late-one-eye,425000000,295138,4722208,295139,4722224,9444432,589440226,500000000,steady,0
baseline,387,4299999957,500000000,warmup,late-one-eye,425000000,295138,4722208,295139,4722224,9444432,587773547,500000000,steady,0
baseline,388,4311111068,500000000,warmup,late-one-eye,425000000,295138,4722208,295139,4722224,9444432,586106868,500000000,steady,0
baseline,389,4322222179,500000000,warmup,late-one-eye,425000000,295138,4722208,295139,4722224,9444432,584440189,500000000,steady,0
baseline,390,4333333290,500000000,warmup,late-one-eye,425000000,295138,4722208,295139,4722224,9444432,582773510,500000000,steady,0
baseline,391,4344444401,500000000,warmup,late-one-eye,425000000,295138,4722208,295139,4722224,9444432,581106831,500000000,steady,0
baseline,392,4355555512,500000000,warmup,late-one-eye,425000000,295138,4722208,295139,4722224,9444432,579440152,500000000,steady,0
baseline,393,4366666623,500000000,warmup,late-one-eye,425000000,295138,4722208,295139,4722224,9444432,577773473,500000000,steady,0
baseline,394,4377777734,500000000,warmup,late-one-eye,425000000,295138,4722208,295139,4722224,9444432,576106794,500000000,steady,0
baseline,395,4388888845,500000000,warmup,late-one-eye,425000000,295138,4722208,295139,4722224,9444432,574440115,500000000,steady,0
baseline,396,4399999956,500000000,warmup,late-one-eye,425000000,295138,4722208,295139,4722224,9444432,572773436,500000000,steady,0
baseline,397,4411111067,500000000,warmup,late-one-eye,425000000,295138,4722208,295139,4722224,9444432,571106757,500000000,steady,0
baseline,398,4422222178,500000000,warmup,late-one-eye,425000000,295138,4722208,295139,4722224,9444432,569440078,500000000,steady,0
baseline,399,4433333289,500000000,warmup,late-one-eye,425000000,295138,4722208,295139,4722224,9444432,567773399,500000000,steady,0
baseline,400,4444444400,500000000,warmup,late-one-eye,425000000,295138,4722208,295139,4722224,9444432,566106720,500000000,steady,0
baseline,401,4455555511,500000000,warmup,late-one-eye,425000000,295138,4722208,295139,4722224,9444432,564440041,500000000,steady,0
baseline,402,4466666622,500000000,warmup,late-one-eye,425000000,295138,4722208,295139,4722224,9444432,562773362,500000000,steady,0
baseline,403,4477777733,500000000,warmup,late-one-eye,425000000,295138,4722208,295139,4722224,9444432,561106683,500000000,steady,0
baseline,404,4488888844,500000000,warmup,late-one-eye,425000000,295138,4722208,295139,4722224,9444432,559440004,500000000,steady,0
baseline,405,4499999955,500000000,warmup,late-one-eye,425000000,295138,4722208,295139,4722224,9444432,557773325,500000000,steady,0
baseline,406,4511111066,500000000,warmup,late-one-eye,425000000,295138,4722208,295139,4722224,9444432,556106646,500000000,steady,0
baseline,407,4522222177,500000000,warmup,late-one-eye,425000000,295138,4722208,295139,4722224,9444432,554439967,500000000,steady,0
baseline,408,4533333288,500000000,warmup,late-one-eye,425000000,295138,4722208,295139,4722224,9444432,552773288,500000000,steady,0
baseline,409,4544444399,500000000,warmup,late-one-eye,425000000,295138,4722208,295139,4722224,9444432,551106609,500000000,steady,0
baseline,410,4555555510,500000000,warmup,late-one-eye,425000000,295138,4722208,295139,4722224,9444432,549439930,500000000,steady,0
baseline,411,4566666621,500000000,warmup,late-one-eye,425000000,295138,4722208,295139,4722224,9444432,547773251,500000000,steady,0
baseline,412,4577777732,500000000,warmup,late-one-eye,425000000,295138,4722208,295139,4722224,9444432,546106572,500000000,steady,0
baseline,413,4588888843,500000000,warmup,late-one-eye,425000000,295138,4722208,295139,4722224,9444432,544439893,500000000,steady,0
baseline,414,4599999954,500000000,warmup,late-one-eye,425000000,295138,4722208,295139,4722224,9444432,542773214,500000000,steady,0
baseline,415,4611111065,500000000,warmup,late-one-eye,425000000,295138,4722208,295139,4722224,9444432,541106535,500000000,steady,0
baseline,416,4622222176,500000000,warmup,late-one-eye,425000000,295138,4722208,295139,4722224,9444432,539439856,500000000,steady,0
baseline,417,4633333287,500000000,warmup,late-one-eye,425000000,295138,4722208,295139,4722224,9444432,537773177,500000000,steady,0
baseline,418,4644444398,500000000,warmup,late-one-eye,425000000,295138,4722208,295139,4722224,9444432,536106498,500000000,steady,0
baseline,419,4655555509,500000000,warmup,late-one-eye,425000000,295138,4722208,295139,4722224,9444432,534439819,500000000,steady,0
baseline,420,4666666620,500000000,warmup,late-one-eye,425000000,295138,4722208,295139,4722224,9444432,532773140,500000000,steady,0
baseline,421,4677777731,500000000,warmup,late-one-eye,425000000,295138,4722208,295139,4722224,9444432,531106461,500000000,steady,0
baseline,422,4688888842,500000000,warmup,late-one-eye,425000000,295138,4722208,295139,4722224,9444432,529439782,500000000,steady,0
baseline,423,4699999953,500000000,warmup,late-one-eye,425000000,295138,4722208,295139,4722224,9444432,527773103,500000000,steady,0
baseline,424,4711111064,500000000,warmup,late-one-eye,425000000,295138,4722208,295139,4722224,9444432,526106424,500000000,steady,0
baseline,425,4722222175,500000000,warmup,late-one-eye,425000000,295138,4722208,295139,4722224,9444432,524439745,500000000,steady,0
baseline,426,4733333286,500000000,warmup,late-one-eye,425000000,295138,4722208,295139,4722224,9444432,522773066,500000000,steady,0
baseline,427,4744444397,500000000,warmup,late-one-eye,425000000,295138,4722208,295139,4722224,9444432,521106387,500000000,steady,0
baseline,428,4755555508,500000000,warmup,late-one-eye,425000000,295138,4722208,295139,4722224,9444432,519439708,500000000,steady,0
baseline,429,4766666619,500000000,warmup,late-one-eye,425000000,295138,4722208,295139,4722224,9444432,517773029,500000000,steady,0
baseline,430,4777777730,500000000,warmup,late-one-eye,425000000,295138,4722208,295139,4722224,9444432,516106350,500000000,steady,0
baseline,431,4788888841,500000000,warmup,late-one-eye,425000000,295138,4722208,295139,4722224,9444432,514439671,500000000,steady,0
baseline,432,4799999952,500000000,warmup,late-one-eye,425000000,295138,4722208,295139,4722224,9444432,512772992,500000000,steady,0
baseline,433,4811111063,500000000,warmup,late-one-eye,425000000,295138,4722208,295139,4722224,9444432,511106313,500000000,steady,0
baseline,434,4822222174,500000000,warmup,late-one-eye,425000000,295138,4722208,295139,4722224,9444432,509439634,500000000,steady,0
baseline,435,4833333285,500000000,warmup,late-one-eye,425000000,295138,4722208,295139,4722224,9444432,507772955,500000000,steady,0
baseline,436,4844444396,500000000,warmup,late-one-eye,425000000,295138,4722208,295139,4722224,9444432,506106276,500000000,steady,0
baseline,437,4855555507,500000000,warmup,late-one-eye,425000000,295138,4722208,295139,4722224,9444432,504439597,500000000,steady,0
baseline,438,4866666618,500000000,warmup,late-one-eye,425000000,295138,4722208,295139,4722224,9444432,502772918,500000000,steady,0
baseline,439,4877777729,500000000,warmup,late-one-eye,425000000,295138,4722208,295139,4722224,9444432,501106239,500000000,steady,0
baseline,440,4888888840,500000000,warmup,late-one-eye,425000000,295138,4722208,295139,4722224,9444432,499439560,500000000,steady,0
baseline,441,4899999951,500000000,warmup,late-one-eye,425000000,295138,4722208,295139,4722224,9444432,497772881,500000000,steady,0
baseline,442,4911111062,500000000,warmup,late-one-eye,425000000,295138,4722208,295139,4722224,9444432,496106202,500000000,steady,0
baseline,443,4922222173,500000000,warmup,late-one-eye,425000000,295138,4722208,295139,4722224,9444432,494439523,500000000,steady,0
baseline,444,4933333284,500000000,warmup,late-one-eye,425000000,295138,4722208,295139,4722224,9444432,492772844,500000000,steady,0
baseline,445,4944444395,500000000,warmup,late-one-eye,425000000,295138,4722208,295139,4722224,9444432,491106165,500000000,steady,0
baseline,446,4955555506,500000000,warmup,late-one-eye,425000000,295138,4722208,295139,4722224,9444432,489439486,500000000,steady,0
baseline,447,4966666617,500000000,warmup,late-one-eye,425000000,295138,4722208,295139,4722224,9444432,487772807,500000000,steady,0
baseline,448,4977777728,500000000,warmup,late-one-eye,425000000,295138,4722208,295139,4722224,9444432,486106128,500000000,steady,0
baseline,449,4988888839,500000000,warmup,late-one-eye,425000000,295138,4722208,295139,4722224,9444432,484439449,500000000,steady,0
baseline,450,4999999950,500000000,warmup,late-one-eye,425000000,295138,4722208,295139,4722224,9444432,482772770,500000000,steady,0
baseline,451,5011111061,500000000,warmup,late-one-eye,425000000,295138,4722208,295139,4722224,9444432,481106091,500000000,steady,0
baseline,452,5022222172,500000000,warmup,late-one-eye,425000000,295138,4722208,295139,4722224,9444432,479439412,500000000,steady,0
baseline,453,5033333283,500000000,warmup,late-one-eye,425000000,295138,4722208,295139,4722224,9444432,477772733,500000000,steady,0
baseline,454,5044444394,500000000,warmup,late-one-eye,425000000,295138,4722208,295139,4722224,9444432,476106054,500000000,steady,0
baseline,455,5055555505,500000000,warmup,late-one-eye,425000000,295138,4722208,295139,4722224,9444432,474439375,500000000,steady,0
baseline,456,5066666616,500000000,warmup,late-one-eye,425000000,295138,4722208,295139,4722224,9444432,472772696,500000000,steady,0
baseline,457,5077777727,500000000,warmup,late-one-eye,425000000,295138,4722208,295139,4722224,9444432,471106017,500000000,steady,0
baseline,458,5088888838,500000000,warmup,late-one-eye,425000000,295138,4722208,295139,4722224,9444432,469439338,500000000,steady,0
baseline,459,5099999949,500000000,warmup,late-one-eye,425000000,295138,4722208,295139,4722224,9444432,467772659,500000000,steady,0
baseline,460,5111111060,500000000,warmup,late-one-eye,425000000,295138,4722208,295139,4722224,9444432,466105980,500000000,steady,0
baseline,461,5122222171,500000000,warmup,late-one-eye,425000000,295138,4722208,295139,4722224,9444432,464439301,500000000,steady,0
baseline,462,5133333282,500000000,warmup,late-one-eye,425000000,295138,4722208,295139,4722224,9444432,462772622,500000000,steady,0
baseline,463,5144444393,500000000,warmup,late-one-eye,425000000,295138,4722208,295139,4722224,9444432,461105943,500000000,steady,0
baseline,464,5155555504,500000000,warmup,late-one-eye,425000000,295138,4722208,295139,4722224,9444432,459439264,500000000,steady,0
baseline,465,5166666615,500000000,warmup,late-one-eye,425000000,295138,4722208,295139,4722224,9444432,457772585,500000000,steady,0
baseline,466,5177777726,500000000,warmup,late-one-eye,425000000,295138,4722208,295139,4722224,9444432,456105906,500000000,steady,0
baseline,467,5188888837,500000000,warmup,late-one-eye,425000000,295138,4722208,295139,4722224,9444432,454439227,500000000,steady,0
baseline,468,5199999948,500000000,warmup,late-one-eye,425000000,295138,4722208,295139,4722224,9444432,452772548,500000000,steady,0
baseline,469,5211111059,500000000,warmup,late-one-eye,425000000,295138,4722208,295139,4722224,9444432,451105869,500000000,steady,0
baseline,470,5222222170,500000000,warmup,late-one-eye,425000000,295138,4722208,295139,4722224,9444432,449439190,500000000,steady,0
baseline,471,5233333281,500000000,warmup,late-one-eye,425000000,295138,4722208,295139,4722224,9444432,447772511,500000000,steady,0
baseline,472,5244444392,500000000,warmup,late-one-eye,425000000,295138,4722208,295139,4722224,9444432,446105832,500000000,steady,0
baseline,473,5255555503,500000000,warmup,late-one-eye,425000000,295138,4722208,295139,4722224,9444432,444439153,500000000,steady,0
baseline,474,5266666614,500000000,warmup,late-one-eye,425000000,295138,4722208,295139,4722224,9444432,442772474,500000000,steady,0
baseline,475,5277777725,500000000,warmup,late-one-eye,425000000,295138,4722208,295139,4722224,9444432,441105795,500000000,steady,0
baseline,476,5288888836,500000000,warmup,late-one-eye,425000000,295138,4722208,295139,4722224,9444432,439439116,500000000,steady,0
baseline,477,5299999947,500000000,warmup,late-one-eye,425000000,295138,4722208,295139,4722224,9444432,437772437,500000000,steady,0
baseline,478,5311111058,500000000,warmup,late-one-eye,425000000,295138,4722208,295139,4722224,9444432,436105758,500000000,steady,0
baseline,479,5322222169,500000000,warmup,late-one-eye,425000000,295138,4722208,295139,4722224,9444432,434439079,500000000,steady,0
baseline,480,5333333280,500000000,warmup,late-one-eye,425000000,295138,4722208,295139,4722224,9444432,432772400,500000000,steady,0
baseline,481,5344444391,500000000,warmup,late-one-eye,425000000,295138,4722208,295139,4722224,9444432,431105721,500000000,steady,0
baseline,482,5355555502,500000000,warmup,late-one-eye,425000000,295138,4722208,295139,4722224,9444432,429439042,500000000,steady,0
baseline,483,5366666613,500000000,warmup,late-one-eye,425000000,295138,4722208,295139,4722224,9444432,427772363,500000000,steady,0
baseline,484,5377777724,500000000,warmup,late-one-eye,425000000,295138,4722208,295139,4722224,9444432,426105684,500000000,steady,0
baseline,485,5388888835,500000000,warmup,late-one-eye,425000000,295138,4722208,295139,4722224,9444432,424439005,500000000,steady,0
baseline,486,5399999946,500000000,warmup,late-one-eye,425000000,295138,4722208,295139,4722224,9444432,422772326,500000000,steady,0
baseline,487,5411111057,500000000,warmup,late-one-eye,425000000,295138,4722208,295139,4722224,9444432,421105647,500000000,steady,0
baseline,488,5422222168,500000000,warmup,late-one-eye,425000000,295138,4722208,295139,4722224,9444432,419438968,500000000,steady,0
baseline,489,5433333279,500000000,warmup,late-one-eye,425000000,295138,4722208,295139,4722224,9444432,417772289,500000000,steady,0
baseline,490,5444444390,500000000,warmup,late-one-eye,425000000,295138,4722208,295139,4722224,9444432,416105610,500000000,steady,0
baseline,491,5455555501,500000000,warmup,late-one-eye,425000000,295138,4722208,295139,4722224,9444432,414438931,500000000,steady,0
baseline,492,5466666612,500000000,warmup,late-one-eye,425000000,295138,4722208,295139,4722224,9444432,412772252,500000000,steady,0
baseline,493,5477777723,500000000,warmup,late-one-eye,425000000,295138,4722208,295139,4722224,9444432,411105573,500000000,steady,0
baseline,494,5488888834,500000000,warmup,late-one-eye,425000000,295138,4722208,295139,4722224,9444432,409438894,500000000,steady,0
baseline,495,5499999945,500000000,warmup,late-one-eye,425000000,295138,4722208,295139,4722224,9444432,407772215,500000000,steady,0
baseline,496,5511111056,500000000,warmup,late-one-eye,425000000,295138,4722208,295139,4722224,9444432,406105536,500000000,steady,0
baseline,497,5522222167,500000000,warmup,late-one-eye,425000000,295138,4722208,295139,4722224,9444432,404438857,500000000,steady,0
baseline,498,5533333278,500000000,warmup,late-one-eye,425000000,295138,4722208,295139,4722224,9444432,402772178,500000000,steady,0
baseline,499,5544444389,500000000,warmup,late-one-eye,425000000,295138,4722208,295139,4722224,9444432,401105499,500000000,steady,0
baseline,500,5555555500,500000000,warmup,late-one-eye,425000000,295138,4722208,295139,4722224,9444432,399438820,500000000,steady,0
baseline,501,5566666611,500000000,warmup,late-one-eye,425000000,295138,4722208,295139,4722224,9444432,397772141,500000000,steady,0
baseline,502,5577777722,500000000,warmup,late-one-eye,425000000,295138,4722208,295139,4722224,9444432,396105462,500000000,steady,0
baseline,503,5588888833,500000000,warmup,late-one-eye,425000000,295138,4722208,295139,4722224,9444432,394438783,500000000,steady,0
baseline,504,5599999944,500000000,warmup,late-one-eye,425000000,295138,4722208,295139,4722224,9444432,392772104,500000000,steady,0
baseline,505,5611111055,500000000,warmup,late-one-eye,425000000,295138,4722208,295139,4722224,9444432,391105425,500000000,steady,0
baseline,506,5622222166,500000000,warmup,late-one-eye,425000000,295138,4722208,295139,4722224,9444432,389438746,500000000,steady,0
baseline,507,5633333277,500000000,warmup,late-one-eye,425000000,295138,4722208,295139,4722224,9444432,387772067,500000000,steady,0
baseline,508,5644444388,500000000,warmup,late-one-eye,425000000,295138,4722208,295139,4722224,9444432,386105388,500000000,steady,0
baseline,509,5655555499,500000000,warmup,late-one-eye,425000000,295138,4722208,295139,4722224,9444432,384438709,500000000,steady,0
baseline,510,5666666610,500000000,warmup,late-one-eye,425000000,295138,4722208,295139,4722224,9444432,382772030,500000000,steady,0
baseline,511,5677777721,500000000,warmup,late-one-eye,425000000,295138,4722208,295139,4722224,9444432,381105351,500000000,steady,0
baseline,512,5688888832,500000000,warmup,late-one-eye,425000000,295138,4722208,295139,4722224,9444432,379438672,500000000,steady,0
baseline,513,5699999943,500000000,warmup,late-one-eye,425000000,295138,4722208,295139,4722224,9444432,377771993,500000000,steady,0
baseline,514,5711111054,500000000,warmup,late-one-eye,425000000,295138,4722208,295139,4722224,9444432,376105314,500000000,steady,0
baseline,515,5722222165,500000000,warmup,late-one-eye,425000000,295138,4722208,295139,4722224,9444432,374438635,500000000,steady,0
baseline,516,5733333276,500000000,warmup,late-one-eye,425000000,295138,4722208,295139,4722224,9444432,372771956,500000000,steady,0
baseline,517,5744444387,500000000,warmup,late-one-eye,425000000,295138,4722208,295139,4722224,9444432,371105277,500000000,steady,0
baseline,518,5755555498,500000000,warmup,late-one-eye,425000000,295138,4722208,295139,4722224,9444432,369438598,500000000,steady,0
baseline,519,5766666609,500000000,warmup,late-one-eye,425000000,295138,4722208,295139,4722224,9444432,367771919,500000000,steady,0
baseline,520,5777777720,500000000,warmup,late-one-eye,425000000,295138,4722208,295139,4722224,9444432,366105240,500000000,steady,0
baseline,521,5788888831,500000000,warmup,late-one-eye,425000000,295138,4722208,295139,4722224,9444432,364438561,500000000,steady,0
baseline,522,5799999942,500000000,warmup,late-one-eye,425000000,295138,4722208,295139,4722224,9444432,362771882,500000000,steady,0
baseline,523,5811111053,500000000,warmup,late-one-eye,425000000,295138,4722208,295139,4722224,9444432,361105203,500000000,steady,0
baseline,524,5822222164,500000000,warmup,late-one-eye,425000000,295138,4722208,295139,4722224,9444432,359438524,500000000,steady,0
baseline,525,5833333275,500000000,warmup,late-one-eye,425000000,295138,4722208,295139,4722224,9444432,357771845,500000000,steady,0
baseline,526,5844444386,500000000,warmup,late-one-eye,425000000,295138,4722208,295139,4722224,9444432,356105166,500000000,steady,0
baseline,527,5855555497,500000000,warmup,late-one-eye,425000000,295138,4722208,295139,4722224,9444432,354438487,500000000,steady,0
baseline,528,5866666608,500000000,warmup,late-one-eye,425000000,295138,4722208,295139,4722224,9444432,352771808,500000000,steady,0
baseline,529,5877777719,500000000,warmup,late-one-eye,425000000,295138,4722208,295139,4722224,9444432,351105129,500000000,steady,0
baseline,530,5888888830,500000000,warmup,late-one-eye,425000000,295138,4722208,295139,4722224,9444432,349438450,500000000,steady,0
baseline,531,5899999941,500000000,warmup,late-one-eye,425000000,295138,4722208,295139,4722224,9444432,347771771,500000000,steady,0
baseline,532,5911111052,500000000,warmup,late-one-eye,425000000,295138,4722208,295139,4722224,9444432,346105092,500000000,steady,0
baseline,533,5922222163,500000000,warmup,late-one-eye,425000000,295138,4722208,295139,4722224,9444432,344438413,500000000,steady,0
baseline,534,5933333274,500000000,warmup,late-one-eye,425000000,295138,4722208,295139,4722224,9444432,342771734,500000000,steady,0
baseline,535,5944444385,500000000,warmup,late-one-eye,425000000,295138,4722208,295139,4722224,9444432,341105055,500000000,steady,0
baseline,536,5955555496,500000000,warmup,late-one-eye,425000000,295138,4722208,295139,4722224,9444432,339438376,500000000,steady,0
baseline,537,5966666607,500000000,warmup,late-one-eye,425000000,295138,4722208,295139,4722224,9444432,337771697,500000000,steady,0
baseline,538,5977777718,500000000,warmup,late-one-eye,425000000,295138,4722208,295139,4722224,9444432,336105018,500000000,steady,0
baseline,539,5988888829,500000000,warmup,late-one-eye,425000000,295138,4722208,295139,4722224,9444432,334438339,500000000,steady,0
baseline,540,5999999940,500000000,warmup,late-one-eye,425000000,295138,4722208,295139,4722224,9444432,332771660,500000000,steady,0
baseline,541,6011111051,500000000,late_window,late-one-eye,425000000,295138,4722208,295139,4722224,9444432,331104981,500000000,steady,0
baseline,542,6022222162,500000000,late_window,late-one-eye,425000000,295138,4722208,295139,4722224,9444432,329438302,500000000,steady,0
baseline,543,6033333273,500000000,late_window,late-one-eye,425000000,295138,4722208,295139,4722224,9444432,327771623,500000000,steady,0
baseline,544,6044444384,500000000,late_window,late-one-eye,425000000,295138,4722208,295139,4722224,9444432,326104944,500000000,steady,0
baseline,545,6055555495,500000000,late_window,late-one-eye,425000000,295138,4722208,295139,4722224,9444432,324438265,500000000,steady,0
baseline,546,6066666606,500000000,late_window,late-one-eye,425000000,295138,4722208,295139,4722224,9444432,322771586,500000000,steady,0
baseline,547,6077777717,500000000,late_window,late-one-eye,425000000,295138,4722208,295139,4722224,9444432,321104907,500000000,steady,0
baseline,548,6088888828,500000000,late_window,late-one-eye,425000000,295138,4722208,295139,4722224,9444432,319438228,500000000,steady,0
baseline,549,6099999939,500000000,late_window,late-one-eye,425000000,295138,4722208,295139,4722224,9444432,317771549,500000000,steady,0
baseline,550,6111111050,500000000,late_window,late-one-eye,425000000,295138,4722208,295139,4722224,9444432,316104870,500000000,steady,0
baseline,551,6122222161,500000000,late_window,late-one-eye,425000000,295138,4722208,295139,4722224,9444432,314438191,500000000,steady,0
baseline,552,6133333272,500000000,late_window,late-one-eye,425000000,295138,4722208,295139,4722224,9444432,312771512,500000000,steady,0
baseline,553,6144444383,500000000,late_window,late-one-eye,425000000,295138,4722208,295139,4722224,9444432,311104833,500000000,steady,0
baseline,554,6155555494,500000000,late_window,late-one-eye,425000000,295138,4722208,295139,4722224,9444432,309438154,500000000,steady,0
baseline,555,6166666605,500000000,late_window,late-one-eye,425000000,295138,4722208,295139,4722224,9444432,307771475,500000000,steady,0
baseline,556,6177777716,500000000,late_window,late-one-eye,425000000,295138,4722208,295139,4722224,9444432,306104796,500000000,steady,0
baseline,557,6188888827,500000000,late_window,late-one-eye,425000000,295138,4722208,295139,4722224,9444432,304438117,500000000,steady,0
baseline,558,6199999938,500000000,late_window,late-one-eye,425000000,295138,4722208,295139,4722224,9444432,302771438,500000000,steady,0
baseline,559,6211111049,500000000,late_window,late-one-eye,425000000,295138,4722208,295139,4722224,9444432,301104759,500000000,steady,0
baseline,560,6222222160,500000000,late_window,late-one-eye,425000000,295138,4722208,295139,4722224,9444432,299438080,500000000,steady,0
baseline,561,6233333271,500000000,late_window,late-one-eye,425000000,295138,4722208,295139,4722224,9444432,297771401,500000000,steady,0
baseline,562,6244444382,500000000,late_window,late-one-eye,425000000,295138,4722208,295139,4722224,9444432,296104722,500000000,steady,0
baseline,563,6255555493,500000000,late_window,late-one-eye,425000000,295138,4722208,295139,4722224,9444432,294438043,500000000,steady,0
baseline,564,6266666604,500000000,late_window,late-one-eye,425000000,295138,4722208,295139,4722224,9444432,292771364,500000000,steady,0
baseline,565,6277777715,500000000,late_window,late-one-eye,425000000,295138,4722208,295139,4722224,9444432,291104685,500000000,steady,0
baseline,566,6288888826,500000000,late_window,late-one-eye,425000000,295138,4722208,295139,4722224,9444432,289438006,500000000,steady,0
baseline,567,6299999937,500000000,late_window,late-one-eye,425000000,295138,4722208,295139,4722224,9444432,287771327,500000000,steady,0
baseline,568,6311111048,500000000,late_window,late-one-eye,425000000,295138,4722208,295139,4722224,9444432,286104648,500000000,steady,0
baseline,569,6322222159,500000000,late_window,late-one-eye,425000000,295138,4722208,295139,4722224,9444432,284437969,500000000,steady,0
baseline,570,6333333270,500000000,late_window,late-one-eye,425000000,295138,4722208,295139,4722224,9444432,282771290,500000000,steady,0
baseline,571,6344444381,500000000,late_window,late-one-eye,425000000,295138,4722208,295139,4722224,9444432,281104611,500000000,steady,0
baseline,572,6355555492,500000000,late_window,late-one-eye,425000000,295138,4722208,295139,4722224,9444432,279437932,500000000,steady,0
baseline,573,6366666603,500000000,late_window,late-one-eye,425000000,295138,4722208,295139,4722224,9444432,277771253,500000000,steady,0
baseline,574,6377777714,500000000,late_window,late-one-eye,425000000,295138,4722208,295139,4722224,9444432,276104574,500000000,steady,0
baseline,575,6388888825,500000000,late_window,late-one-eye,425000000,295138,4722208,295139,4722224,9444432,274437895,500000000,steady,0
baseline,576,6399999936,500000000,late_window,late-one-eye,425000000,295138,4722208,295139,4722224,9444432,272771216,500000000,steady,0
baseline,577,6411111047,500000000,late_window,late-one-eye,425000000,295138,4722208,295139,4722224,9444432,271104537,500000000,steady,0
baseline,578,6422222158,500000000,late_window,late-one-eye,425000000,295138,4722208,295139,4722224,9444432,269437858,500000000,steady,0
baseline,579,6433333269,500000000,late_window,late-one-eye,425000000,295138,4722208,295139,4722224,9444432,267771179,500000000,steady,0
baseline,580,6444444380,500000000,late_window,late-one-eye,425000000,295138,4722208,295139,4722224,9444432,266104500,500000000,steady,0
baseline,581,6455555491,500000000,late_window,late-one-eye,425000000,295138,4722208,295139,4722224,9444432,264437821,500000000,steady,0
baseline,582,6466666602,500000000,late_window,late-one-eye,425000000,295138,4722208,295139,4722224,9444432,262771142,500000000,steady,0
baseline,583,6477777713,500000000,late_window,late-one-eye,425000000,295138,4722208,295139,4722224,9444432,261104463,500000000,steady,0
baseline,584,6488888824,500000000,late_window,late-one-eye,425000000,295138,4722208,295139,4722224,9444432,259437784,500000000,steady,0
baseline,585,6499999935,500000000,late_window,late-one-eye,425000000,295138,4722208,295139,4722224,9444432,257771105,500000000,steady,0
baseline,586,6511111046,500000000,late_window,late-one-eye,425000000,295138,4722208,295139,4722224,9444432,256104426,500000000,steady,0
baseline,587,6522222157,500000000,late_window,late-one-eye,425000000,295138,4722208,295139,4722224,9444432,254437747,500000000,steady,0
baseline,588,6533333268,500000000,late_window,late-one-eye,425000000,295138,4722208,295139,4722224,9444432,252771068,500000000,steady,0
baseline,589,6544444379,500000000,late_window,late-one-eye,425000000,295138,4722208,295139,4722224,9444432,251104389,500000000,steady,0
baseline,590,6555555490,500000000,late_window,late-one-eye,425000000,295138,4722208,295139,4722224,9444432,249437710,500000000,steady,0
baseline,591,6566666601,500000000,late_window,late-one-eye,425000000,295138,4722208,295139,4722224,9444432,247771031,500000000,steady,0
baseline,592,6577777712,500000000,late_window,late-one-eye,425000000,295138,4722208,295139,4722224,9444432,246104352,500000000,steady,0
baseline,593,6588888823,500000000,late_window,late-one-eye,425000000,295138,4722208,295139,4722224,9444432,244437673,500000000,steady,0
baseline,594,6599999934,500000000,late_window,late-one-eye,425000000,295138,4722208,295139,4722224,9444432,242770994,500000000,steady,0
baseline,595,6611111045,500000000,late_window,late-one-eye,425000000,295138,4722208,295139,4722224,9444432,241104315,500000000,steady,0
baseline,596,6622222156,500000000,late_window,late-one-eye,425000000,295138,4722208,295139,4722224,9444432,239437636,500000000,steady,0
baseline,597,6633333267,500000000,late_window,late-one-eye,425000000,295138,4722208,295139,4722224,9444432,237770957,500000000,steady,0
baseline,598,6644444378,500000000,late_window,late-one-eye,425000000,295138,4722208,295139,4722224,9444432,236104278,500000000,steady,0
baseline,599,6655555489,500000000,late_window,late-one-eye,425000000,295138,4722208,295139,4722224,9444432,234437599,500000000,steady,0
baseline,600,6666666600,500000000,late_window,late-one-eye,425000000,295138,4722208,295139,4722224,9444432,232770920,500000000,steady,0
baseline,601,6677777711,500000000,late_window,late-one-eye,425000000,295138,4722208,295139,4722224,9444432,231104241,500000000,steady,0
baseline,602,6688888822,500000000,late_window,late-one-eye,425000000,295138,4722208,295139,4722224,9444432,229437562,500000000,steady,0
baseline,603,6699999933,500000000,late_window,late-one-eye,425000000,295138,4722208,295139,4722224,9444432,227770883,500000000,steady,0
baseline,604,6711111044,500000000,late_window,late-one-eye,425000000,295138,4722208,295139,4722224,9444432,226104204,500000000,steady,0
baseline,605,6722222155,500000000,late_window,late-one-eye,425000000,295138,4722208,295139,4722224,9444432,224437525,500000000,steady,0
baseline,606,6733333266,500000000,late_window,late-one-eye,425000000,295138,4722208,295139,4722224,9444432,222770846,500000000,steady,0
baseline,607,6744444377,500000000,late_window,late-one-eye,425000000,295138,4722208,295139,4722224,9444432,221104167,500000000,steady,0
baseline,608,6755555488,500000000,late_window,late-one-eye,425000000,295138,4722208,295139,4722224,9444432,219437488,500000000,steady,0
baseline,609,6766666599,500000000,late_window,late-one-eye,425000000,295138,4722208,295139,4722224,9444432,217770809,500000000,steady,0
baseline,610,6777777710,500000000,late_window,late-one-eye,425000000,295138,4722208,295139,4722224,9444432,216104130,500000000,steady,0
baseline,611,6788888821,500000000,late_window,late-one-eye,425000000,295138,4722208,295139,4722224,9444432,214437451,500000000,steady,0
baseline,612,6799999932,500000000,late_window,late-one-eye,425000000,295138,4722208,295139,4722224,9444432,212770772,500000000,steady,0
baseline,613,6811111043,500000000,late_window,late-one-eye,425000000,295138,4722208,295139,4722224,9444432,211104093,500000000,steady,0
baseline,614,6822222154,500000000,late_window,late-one-eye,425000000,295138,4722208,295139,4722224,9444432,209437414,500000000,steady,0
baseline,615,6833333265,500000000,late_window,late-one-eye,425000000,295138,4722208,295139,4722224,9444432,207770735,500000000,steady,0
baseline,616,6844444376,500000000,late_window,late-one-eye,425000000,295138,4722208,295139,4722224,9444432,206104056,500000000,steady,0
baseline,617,6855555487,500000000,late_window,late-one-eye,425000000,295138,4722208,295139,4722224,9444432,204437377,500000000,steady,0
baseline,618,6866666598,500000000,late_window,late-one-eye,425000000,295138,4722208,295139,4722224,9444432,202770698,500000000,steady,0
baseline,619,6877777709,500000000,late_window,late-one-eye,425000000,295138,4722208,295139,4722224,9444432,201104019,500000000,steady,0
baseline,620,6888888820,500000000,late_window,late-one-eye,425000000,295138,4722208,295139,4722224,9444432,199437340,500000000,steady,0
baseline,621,6899999931,500000000,late_window,late-one-eye,425000000,295138,4722208,295139,4722224,9444432,197770661,500000000,steady,0
baseline,622,6911111042,500000000,late_window,late-one-eye,425000000,295138,4722208,295139,4722224,9444432,196103982,500000000,steady,0
baseline,623,6922222153,500000000,late_window,late-one-eye,425000000,295138,4722208,295139,4722224,9444432,194437303,500000000,steady,0
baseline,624,6933333264,500000000,late_window,late-one-eye,425000000,295138,4722208,295139,4722224,9444432,192770624,500000000,steady,0
baseline,625,6944444375,500000000,late_window,late-one-eye,425000000,295138,4722208,295139,4722224,9444432,191103945,500000000,steady,0
baseline,626,6955555486,500000000,late_window,late-one-eye,425000000,295138,4722208,295139,4722224,9444432,189437266,500000000,steady,0
baseline,627,6966666597,500000000,late_window,late-one-eye,425000000,295138,4722208,295139,4722224,9444432,187770587,500000000,steady,0
baseline,628,6977777708,500000000,late_window,late-one-eye,425000000,295138,4722208,295139,4722224,9444432,186103908,500000000,steady,0
baseline,629,6988888819,500000000,late_window,late-one-eye,425000000,295138,4722208,295139,4722224,9444432,184437229,500000000,steady,0
baseline,630,6999999930,500000000,late_window,late-one-eye,425000000,295138,4722208,295139,4722224,9444432,182770550,500000000,steady,0
baseline,631,7011111041,500000000,late_window,late-one-eye,425000000,295138,4722208,295139,4722224,9444432,181103871,500000000,steady,0
baseline,632,7022222152,500000000,late_window,late-one-eye,425000000,295138,4722208,295139,4722224,9444432,179437192,500000000,steady,0
baseline,633,7033333263,500000000,late_window,late-one-eye,425000000,295138,4722208,295139,4722224,9444432,177770513,500000000,steady,0
baseline,634,7044444374,500000000,late_window,late-one-eye,425000000,295138,4722208,295139,4722224,9444432,176103834,500000000,steady,0
baseline,635,7055555485,500000000,late_window,late-one-eye,425000000,295138,4722208,295139,4722224,9444432,174437155,500000000,steady,0
baseline,636,7066666596,500000000,late_window,late-one-eye,425000000,295138,4722208,295139,4722224,9444432,172770476,500000000,steady,0
baseline,637,7077777707,500000000,late_window,late-one-eye,425000000,295138,4722208,295139,4722224,9444432,171103797,500000000,steady,0
baseline,638,7088888818,500000000,late_window,late-one-eye,425000000,295138,4722208,295139,4722224,9444432,169437118,500000000,steady,0
baseline,639,7099999929,500000000,late_window,late-one-eye,425000000,295138,4722208,295139,4722224,9444432,167770439,500000000,steady,0
baseline,640,7111111040,500000000,late_window,late-one-eye,425000000,295138,4722208,295139,4722224,9444432,166103760,500000000,steady,0
baseline,641,7122222151,500000000,late_window,late-one-eye,425000000,295138,4722208,295139,4722224,9444432,164437081,500000000,steady,0
baseline,642,7133333262,500000000,late_window,late-one-eye,425000000,295138,4722208,295139,4722224,9444432,162770402,500000000,steady,0
baseline,643,7144444373,500000000,late_window,late-one-eye,425000000,295138,4722208,295139,4722224,9444432,161103723,500000000,steady,0
baseline,644,7155555484,500000000,late_window,late-one-eye,425000000,295138,4722208,295139,4722224,9444432,159437044,500000000,steady,0
baseline,645,7166666595,500000000,late_window,late-one-eye,425000000,295138,4722208,295139,4722224,9444432,157770365,500000000,steady,0
baseline,646,7177777706,500000000,late_window,late-one-eye,425000000,295138,4722208,295139,4722224,9444432,156103686,500000000,steady,0
baseline,647,7188888817,500000000,late_window,late-one-eye,425000000,295138,4722208,295139,4722224,9444432,154437007,500000000,steady,0
baseline,648,7199999928,500000000,late_window,late-one-eye,425000000,295138,4722208,295139,4722224,9444432,152770328,500000000,steady,0
baseline,649,7211111039,500000000,late_window,late-one-eye,425000000,295138,4722208,295139,4722224,9444432,151103649,500000000,steady,0
baseline,650,7222222150,500000000,late_window,late-one-eye,425000000,295138,4722208,295139,4722224,9444432,149436970,500000000,steady,0
baseline,651,7233333261,500000000,late_window,late-one-eye,425000000,295138,4722208,295139,4722224,9444432,147770291,500000000,steady,0
baseline,652,7244444372,500000000,late_window,late-one-eye,425000000,295138,4722208,295139,4722224,9444432,146103612,500000000,steady,0
baseline,653,7255555483,500000000,late_window,late-one-eye,425000000,295138,4722208,295139,4722224,9444432,144436933,500000000,steady,0
baseline,654,7266666594,500000000,late_window,late-one-eye,425000000,295138,4722208,295139,4722224,9444432,142770254,500000000,steady,0
baseline,655,7277777705,500000000,late_window,late-one-eye,425000000,295138,4722208,295139,4722224,9444432,141103575,500000000,steady,0
baseline,656,7288888816,500000000,late_window,late-one-eye,425000000,295138,4722208,295139,4722224,9444432,139436896,500000000,steady,0
baseline,657,7299999927,500000000,late_window,late-one-eye,425000000,295138,4722208,295139,4722224,9444432,137770217,500000000,steady,0
baseline,658,7311111038,500000000,late_window,late-one-eye,425000000,295138,4722208,295139,4722224,9444432,136103538,500000000,steady,0
baseline,659,7322222149,500000000,late_window,late-one-eye,425000000,295138,4722208,295139,4722224,9444432,134436859,500000000,steady,0
baseline,660,7333333260,500000000,late_window,late-one-eye,425000000,295138,4722208,295139,4722224,9444432,132770180,500000000,steady,0
baseline,661,7344444371,500000000,late_window,late-one-eye,425000000,295138,4722208,295139,4722224,9444432,131103501,500000000,steady,0
baseline,662,7355555482,500000000,late_window,late-one-eye,425000000,295138,4722208,295139,4722224,9444432,129436822,500000000,steady,0
baseline,663,7366666593,500000000,late_window,late-one-eye,425000000,295138,4722208,295139,4722224,9444432,127770143,500000000,steady,0
baseline,664,7377777704,500000000,late_window,late-one-eye,425000000,295138,4722208,295139,4722224,9444432,126103464,500000000,steady,0
baseline,665,7388888815,500000000,late_window,late-one-eye,425000000,295138,4722208,295139,4722224,9444432,124436785,500000000,steady,0
baseline,666,7399999926,500000000,late_window,late-one-eye,425000000,295138,4722208,295139,4722224,9444432,122770106,500000000,steady,0
baseline,667,7411111037,500000000,late_window,late-one-eye,425000000,295138,4722208,295139,4722224,9444432,121103427,500000000,steady,0
baseline,668,7422222148,500000000,late_window,late-one-eye,425000000,295138,4722208,295139,4722224,9444432,119436748,500000000,steady,0
baseline,669,7433333259,500000000,late_window,late-one-eye,425000000,295138,4722208,295139,4722224,9444432,117770069,500000000,steady,0
baseline,670,7444444370,500000000,late_window,late-one-eye,425000000,295138,4722208,295139,4722224,9444432,116103390,500000000,steady,0
baseline,671,7455555481,500000000,late_window,late-one-eye,425000000,295138,4722208,295139,4722224,9444432,114436711,500000000,steady,0
baseline,672,7466666592,500000000,late_window,late-one-eye,425000000,295138,4722208,295139,4722224,9444432,112770032,500000000,steady,0
baseline,673,7477777703,500000000,late_window,late-one-eye,425000000,295138,4722208,295139,4722224,9444432,111103353,500000000,steady,0
baseline,674,7488888814,500000000,late_window,late-one-eye,425000000,295138,4722208,295139,4722224,9444432,109436674,500000000,steady,0
baseline,675,7499999925,500000000,late_window,late-one-eye,425000000,295138,4722208,295139,4722224,9444432,107769995,500000000,steady,0
baseline,676,7511111036,500000000,late_window,late-one-eye,425000000,295138,4722208,295139,4722224,9444432,106103316,500000000,steady,0
baseline,677,7522222147,500000000,late_window,late-one-eye,425000000,295138,4722208,295139,4722224,9444432,104436637,500000000,steady,0
baseline,678,7533333258,500000000,late_window,late-one-eye,425000000,295138,4722208,295139,4722224,9444432,102769958,500000000,steady,0
baseline,679,7544444369,500000000,late_window,late-one-eye,425000000,295138,4722208,295139,4722224,9444432,101103279,500000000,steady,0
baseline,680,7555555480,500000000,late_window,late-one-eye,425000000,295138,4722208,295139,4722224,9444432,99436600,500000000,steady,0
baseline,681,7566666591,500000000,late_window,late-one-eye,425000000,295138,4722208,295139,4722224,9444432,97769921,500000000,steady,0
baseline,682,7577777702,500000000,late_window,late-one-eye,425000000,295138,4722208,295139,4722224,9444432,96103242,500000000,steady,0
baseline,683,7588888813,500000000,late_window,late-one-eye,425000000,295138,4722208,295139,4722224,9444432,94436563,500000000,steady,0
baseline,684,7599999924,500000000,late_window,late-one-eye,425000000,295138,4722208,295139,4722224,9444432,92769884,500000000,steady,0
baseline,685,7611111035,500000000,late_window,late-one-eye,425000000,295138,4722208,295139,4722224,9444432,91103205,500000000,steady,0
baseline,686,7622222146,500000000,late_window,late-one-eye,425000000,295138,4722208,295139,4722224,9444432,89436526,500000000,steady,0
baseline,687,7633333257,500000000,late_window,late-one-eye,425000000,295138,4722208,295139,4722224,9444432,87769847,500000000,steady,0
baseline,688,7644444368,500000000,late_window,late-one-eye,425000000,295138,4722208,295139,4722224,9444432,86103168,500000000,steady,0
baseline,689,7655555479,500000000,late_window,late-one-eye,425000000,295138,4722208,295139,4722224,9444432,84436489,500000000,steady,0
baseline,690,7666666590,500000000,late_window,late-one-eye,425000000,295138,4722208,295139,4722224,9444432,82769810,500000000,steady,0
baseline,691,7677777701,500000000,late_window,late-one-eye,425000000,295138,4722208,295139,4722224,9444432,81103131,500000000,steady,0
baseline,692,7688888812,500000000,late_window,late-one-eye,425000000,295138,4722208,295139,4722224,9444432,79436452,500000000,steady,0
baseline,693,7699999923,500000000,late_window,late-one-eye,425000000,295138,4722208,295139,4722224,9444432,77769773,500000000,steady,0
baseline,694,7711111034,500000000,late_window,late-one-eye,425000000,295138,4722208,295139,4722224,9444432,76103094,500000000,steady,0
baseline,695,7722222145,500000000,late_window,late-one-eye,425000000,295138,4722208,295139,4722224,9444432,74436415,500000000,steady,0
baseline,696,7733333256,500000000,late_window,late-one-eye,425000000,295138,4722208,295139,4722224,9444432,72769736,500000000,steady,0
baseline,697,7744444367,500000000,late_window,late-one-eye,425000000,295138,4722208,295139,4722224,9444432,71103057,500000000,steady,0
baseline,698,7755555478,500000000,late_window,late-one-eye,425000000,295138,4722208,295139,4722224,9444432,69436378,500000000,steady,0
baseline,699,7766666589,500000000,late_window,late-one-eye,425000000,295138,4722208,295139,4722224,9444432,67769699,500000000,steady,0
baseline,700,7777777700,500000000,late_window,late-one-eye,425000000,295138,4722208,295139,4722224,9444432,66103020,500000000,steady,0
baseline,701,7788888811,500000000,late_window,late-one-eye,425000000,295138,4722208,295139,4722224,9444432,64436341,500000000,steady,0
baseline,702,7799999922,500000000,late_window,late-one-eye,425000000,295138,4722208,295139,4722224,9444432,62769662,500000000,steady,0
baseline,703,7811111033,500000000,late_window,late-one-eye,425000000,295138,4722208,295139,4722224,9444432,61102983,500000000,steady,0
baseline,704,7822222144,500000000,late_window,late-one-eye,425000000,295138,4722208,295139,4722224,9444432,59436304,500000000,steady,0
baseline,705,7833333255,500000000,late_window,late-one-eye,425000000,295138,4722208,295139,4722224,9444432,57769625,500000000,steady,0
baseline,706,7844444366,500000000,late_window,late-one-eye,425000000,295138,4722208,295139,4722224,9444432,56102946,500000000,steady,0
baseline,707,7855555477,500000000,late_window,late-one-eye,425000000,295138,4722208,295139,4722224,9444432,54436267,500000000,steady,0
baseline,708,7866666588,500000000,late_window,late-one-eye,425000000,295138,4722208,295139,4722224,9444432,52769588,500000000,steady,0
baseline,709,7877777699,500000000,late_window,late-one-eye,425000000,295138,4722208,295139,4722224,9444432,51102909,500000000,steady,0
baseline,710,7888888810,500000000,late_window,late-one-eye,425000000,295138,4722208,295139,4722224,9444432,49436230,500000000,steady,0
baseline,711,7899999921,500000000,late_window,late-one-eye,425000000,295138,4722208,295139,4722224,9444432,47769551,500000000,steady,0
baseline,712,7911111032,500000000,late_window,late-one-eye,425000000,295138,4722208,295139,4722224,9444432,46102872,500000000,steady,0
baseline,713,7922222143,500000000,late_window,late-one-eye,425000000,295138,4722208,295139,4722224,9444432,44436193,500000000,steady,0
baseline,714,7933333254,500000000,late_window,late-one-eye,425000000,295138,4722208,295139,4722224,9444432,42769514,500000000,steady,0
baseline,715,7944444365,500000000,late_window,late-one-eye,425000000,295138,4722208,295139,4722224,9444432,41102835,500000000,steady,0
baseline,716,7955555476,500000000,late_window,late-one-eye,425000000,295138,4722208,295139,4722224,9444432,39436156,500000000,steady,0
baseline,717,7966666587,500000000,late_window,late-one-eye,425000000,295138,4722208,295139,4722224,9444432,37769477,500000000,steady,0
baseline,718,7977777698,500000000,late_window,late-one-eye,425000000,295138,4722208,295139,4722224,9444432,36102798,500000000,steady,0
baseline,719,7988888809,500000000,late_window,late-one-eye,425000000,295138,4722208,295139,4722224,9444432,34436119,500000000,steady,0
baseline,720,7999999920,500000000,late_window,late-one-eye,425000000,295138,4722208,295139,4722224,9444432,32769440,500000000,steady,0
baseline,721,8011111031,500000000,late_window,late-one-eye,425000000,295138,4722208,295139,4722224,9444432,31102761,500000000,steady,0
baseline,722,8022222142,500000000,late_window,late-one-eye,425000000,295138,4722208,295139,4722224,9444432,29436082,500000000,steady,0
baseline,723,8033333253,500000000,late_window,late-one-eye,425000000,295138,4722208,295139,4722224,9444432,27769403,500000000,steady,0
baseline,724,8044444364,500000000,late_window,late-one-eye,425000000,295138,4722208,295139,4722224,9444432,26102724,500000000,steady,0
baseline,725,8055555475,500000000,late_window,late-one-eye,425000000,295138,4722208,295139,4722224,9444432,24436045,500000000,steady,0
baseline,726,8066666586,500000000,late_window,late-one-eye,425000000,295138,4722208,295139,4722224,9444432,22769366,500000000,steady,0
baseline,727,8077777697,500000000,late_window,late-one-eye,425000000,295138,4722208,295139,4722224,9444432,21102687,500000000,steady,0
baseline,728,8088888808,500000000,late_window,late-one-eye,425000000,295138,4722208,295139,4722224,9444432,19436008,500000000,steady,0
baseline,729,8099999919,500000000,late_window,late-one-eye,425000000,295138,4722208,295139,4722224,9444432,17769329,500000000,steady,0
baseline,730,8111111030,500000000,late_window,late-one-eye,425000000,295138,4722208,295139,4722224,9444432,16102650,500000000,steady,0
baseline,731,8122222141,500000000,late_window,late-one-eye,425000000,295138,4722208,295139,4722224,9444432,14435971,500000000,steady,0
baseline,732,8133333252,500000000,late_window,late-one-eye,425000000,295138,4722208,295139,4722224,9444432,12769292,500000000,steady,0
baseline,733,8144444363,500000000,late_window,late-one-eye,425000000,295138,4722208,295139,4722224,9444432,11102613,500000000,steady,0
baseline,734,8155555474,500000000,late_window,late-one-eye,425000000,295138,4722208,295139,4722224,9444432,9435934,500000000,steady,0
baseline,735,8166666585,500000000,late_window,late-one-eye,425000000,295138,4722208,295139,4722224,9444432,7769255,500000000,steady,0
baseline,736,8177777696,500000000,late_window,late-one-eye,425000000,295138,4722208,295139,4722224,9444432,6102576,500000000,steady,0
baseline,737,8188888807,500000000,late_window,late-one-eye,425000000,295138,4722208,295139,4722224,9444432,4435897,500000000,steady,0
baseline,738,8199999918,500000000,late_window,late-one-eye,425000000,295138,4722208,295139,4722224,9444432,2769218,500000000,steady,0
baseline,739,8211111029,500000000,late_window,late-one-eye,425000000,295138,4722208,295139,4722224,9444432,1102539,500000000,steady,0
baseline,740,8222222140,500000000,late_window,late-one-eye,425000000,295138,4722208,295139,4722224,9444432,0,500000000,steady,0
baseline,741,8233333251,500000000,late_window,late-one-eye,425000000,295138,4722208,295139,4722224,9444432,0,500000000,steady,0
baseline,742,8244444362,500000000,late_window,late-one-eye,425000000,295138,4722208,295139,4722224,9444432,0,500000000,steady,0
baseline,743,8255555473,500000000,late_window,late-one-eye,425000000,295138,4722208,295139,4722224,9444432,0,500000000,steady,0
baseline,744,8266666584,500000000,late_window,late-one-eye,425000000,295138,4722208,295139,4722224,9444432,0,500000000,steady,0
baseline,745,8277777695,500000000,late_window,late-one-eye,425000000,295138,4722208,295139,4722224,9444432,0,500000000,steady,0
baseline,746,8288888806,500000000,late_window,late-one-eye,425000000,295138,4722208,295139,4722224,9444432,0,500000000,steady,0
baseline,747,8299999917,500000000,late_window,late-one-eye,425000000,295138,4722208,295139,4722224,9444432,0,500000000,steady,0
baseline,748,8311111028,500000000,late_window,late-one-eye,425000000,295138,4722208,295139,4722224,9444432,0,500000000,steady,0
baseline,749,8322222139,500000000,late_window,late-one-eye,425000000,295138,4722208,295139,4722224,9444432,0,500000000,steady,0
baseline,750,8333333250,500000000,late_window,late-one-eye,425000000,295138,4722208,295139,4722224,9444432,0,500000000,steady,0
baseline,751,8344444361,500000000,late_window,late-one-eye,425000000,295138,4722208,295139,4722224,9444432,0,500000000,steady,0
baseline,752,8355555472,500000000,late_window,late-one-eye,425000000,295138,4722208,295139,4722224,9444432,0,500000000,steady,0
baseline,753,8366666583,500000000,late_window,late-one-eye,425000000,295138,4722208,295139,4722224,9444432,0,500000000,steady,0
baseline,754,8377777694,500000000,late_window,late-one-eye,425000000,295138,4722208,295139,4722224,9444432,0,500000000,steady,0
baseline,755,8388888805,500000000,late_window,late-one-eye,425000000,295138,4722208,295139,4722224,9444432,0,500000000,steady,0
baseline,756,8399999916,500000000,late_window,late-one-eye,425000000,295138,4722208,295139,4722224,9444432,0,500000000,steady,0
baseline,757,8411111027,500000000,late_window,late-one-eye,425000000,295138,4722208,295139,4722224,9444432,0,500000000,steady,0
baseline,758,8422222138,500000000,late_window,late-one-eye,425000000,295138,4722208,295139,4722224,9444432,0,500000000,steady,0
baseline,759,8433333249,500000000,late_window,late-one-eye,425000000,295138,4722208,295139,4722224,9444432,0,500000000,steady,0
baseline,760,8444444360,500000000,late_window,late-one-eye,425000000,295138,4722208,295139,4722224,9444432,0,500000000,steady,0
baseline,761,8455555471,500000000,late_window,late-one-eye,425000000,295138,4722208,295139,4722224,9444432,0,500000000,steady,0
baseline,762,8466666582,500000000,late_window,late-one-eye,425000000,295138,4722208,295139,4722224,9444432,0,500000000,steady,0
baseline,763,8477777693,500000000,late_window,late-one-eye,425000000,295138,4722208,295139,4722224,9444432,0,500000000,steady,0
baseline,764,8488888804,500000000,late_window,late-one-eye,425000000,295138,4722208,295139,4722224,9444432,0,500000000,steady,0
baseline,765,8499999915,500000000,late_window,late-one-eye,425000000,295138,4722208,295139,4722224,9444432,0,500000000,steady,0
baseline,766,8511111026,500000000,late_window,late-one-eye,425000000,295138,4722208,295139,4722224,9444432,0,500000000,steady,0
baseline,767,8522222137,500000000,late_window,late-one-eye,425000000,295138,4722208,295139,4722224,9444432,0,500000000,steady,0
baseline,768,8533333248,500000000,late_window,late-one-eye,425000000,295138,4722208,295139,4722224,9444432,0,500000000,steady,0
baseline,769,8544444359,500000000,late_window,late-one-eye,425000000,295138,4722208,295139,4722224,9444432,0,500000000,steady,0
baseline,770,8555555470,500000000,late_window,late-one-eye,425000000,295138,4722208,295139,4722224,9444432,0,500000000,steady,0
baseline,771,8566666581,500000000,late_window,late-one-eye,425000000,295138,4722208,295139,4722224,9444432,0,500000000,steady,0
baseline,772,8577777692,500000000,late_window,late-one-eye,425000000,295138,4722208,295139,4722224,9444432,0,500000000,steady,0
baseline,773,8588888803,500000000,late_window,late-one-eye,425000000,295138,4722208,295139,4722224,9444432,0,500000000,steady,0
baseline,774,8599999914,500000000,late_window,late-one-eye,425000000,295138,4722208,295139,4722224,9444432,0,500000000,steady,0
baseline,775,8611111025,500000000,late_window,late-one-eye,425000000,295138,4722208,295139,4722224,9444432,0,500000000,steady,0
baseline,776,8622222136,500000000,late_window,late-one-eye,425000000,295138,4722208,295139,4722224,9444432,0,500000000,steady,0
baseline,777,8633333247,500000000,late_window,late-one-eye,425000000,295138,4722208,295139,4722224,9444432,0,500000000,steady,0
baseline,778,8644444358,500000000,late_window,late-one-eye,425000000,295138,4722208,295139,4722224,9444432,0,500000000,steady,0
baseline,779,8655555469,500000000,late_window,late-one-eye,425000000,295138,4722208,295139,4722224,9444432,0,500000000,steady,0
baseline,780,8666666580,500000000,late_window,late-one-eye,425000000,295138,4722208,295139,4722224,9444432,0,500000000,steady,0
baseline,781,8677777691,500000000,late_window,late-one-eye,425000000,295138,4722208,295139,4722224,9444432,0,500000000,steady,0
baseline,782,8688888802,500000000,late_window,late-one-eye,425000000,295138,4722208,295139,4722224,9444432,0,500000000,steady,0
baseline,783,8699999913,500000000,late_window,late-one-eye,425000000,295138,4722208,295139,4722224,9444432,0,500000000,steady,0
baseline,784,8711111024,500000000,late_window,late-one-eye,425000000,295138,4722208,295139,4722224,9444432,0,500000000,steady,0
baseline,785,8722222135,500000000,late_window,late-one-eye,425000000,295138,4722208,295139,4722224,9444432,0,500000000,steady,0
baseline,786,8733333246,500000000,late_window,late-one-eye,425000000,295138,4722208,295139,4722224,9444432,0,500000000,steady,0
baseline,787,8744444357,500000000,late_window,late-one-eye,425000000,295138,4722208,295139,4722224,9444432,0,500000000,steady,0
baseline,788,8755555468,500000000,late_window,late-one-eye,425000000,295138,4722208,295139,4722224,9444432,0,500000000,steady,0
baseline,789,8766666579,500000000,late_window,late-one-eye,425000000,295138,4722208,295139,4722224,9444432,0,500000000,steady,0
baseline,790,8777777690,500000000,late_window,late-one-eye,425000000,295138,4722208,295139,4722224,9444432,0,500000000,steady,0
baseline,791,8788888801,500000000,late_window,late-one-eye,425000000,295138,4722208,295139,4722224,9444432,0,500000000,steady,0
baseline,792,8799999912,500000000,late_window,late-one-eye,425000000,295138,4722208,295139,4722224,9444432,0,500000000,steady,0
baseline,793,8811111023,500000000,late_window,late-one-eye,425000000,295138,4722208,295139,4722224,9444432,0,500000000,steady,0
baseline,794,8822222134,500000000,late_window,late-one-eye,425000000,295138,4722208,295139,4722224,9444432,0,500000000,steady,0
baseline,795,8833333245,500000000,late_window,late-one-eye,425000000,295138,4722208,295139,4722224,9444432,0,500000000,steady,0
baseline,796,8844444356,500000000,late_window,late-one-eye,425000000,295138,4722208,295139,4722224,9444432,0,500000000,steady,0
baseline,797,8855555467,500000000,late_window,late-one-eye,425000000,295138,4722208,295139,4722224,9444432,0,500000000,steady,0
baseline,798,8866666578,500000000,late_window,late-one-eye,425000000,295138,4722208,295139,4722224,9444432,0,500000000,steady,0
baseline,799,8877777689,500000000,late_window,late-one-eye,425000000,295138,4722208,295139,4722224,9444432,0,500000000,steady,0
baseline,800,8888888800,500000000,late_window,late-one-eye,425000000,295138,4722208,295139,4722224,9444432,0,500000000,steady,0
baseline,801,8899999911,500000000,late_window,late-one-eye,425000000,295138,4722208,295139,4722224,9444432,0,500000000,steady,0
baseline,802,8911111022,500000000,late_window,late-one-eye,425000000,295138,4722208,295139,4722224,9444432,0,500000000,steady,0
baseline,803,8922222133,500000000,late_window,late-one-eye,425000000,295138,4722208,295139,4722224,9444432,0,500000000,steady,0
baseline,804,8933333244,500000000,late_window,late-one-eye,425000000,295138,4722208,295139,4722224,9444432,0,500000000,steady,0
baseline,805,8944444355,500000000,late_window,late-one-eye,425000000,295138,4722208,295139,4722224,9444432,0,500000000,steady,0
baseline,806,8955555466,500000000,late_window,late-one-eye,425000000,295138,4722208,295139,4722224,9444432,0,500000000,steady,0
baseline,807,8966666577,500000000,late_window,late-one-eye,425000000,295138,4722208,295139,4722224,9444432,0,500000000,steady,0
baseline,808,8977777688,500000000,late_window,late-one-eye,425000000,295138,4722208,295139,4722224,9444432,0,500000000,steady,0
baseline,809,8988888799,500000000,late_window,late-one-eye,425000000,295138,4722208,295139,4722224,9444432,0,500000000,steady,0
baseline,810,8999999910,500000000,late_window,late-one-eye,425000000,295138,4722208,295139,4722224,9444432,0,500000000,steady,0
baseline,811,9011111021,500000000,late_window,late-one-eye,425000000,295138,4722208,295139,4722224,9444432,0,500000000,steady,0
baseline,812,9022222132,500000000,late_window,late-one-eye,425000000,295138,4722208,295139,4722224,9444432,0,500000000,steady,0
baseline,813,9033333243,500000000,late_window,late-one-eye,425000000,295138,4722208,295139,4722224,9444432,0,500000000,steady,0
baseline,814,9044444354,500000000,late_window,late-one-eye,425000000,295138,4722208,295139,4722224,9444432,0,500000000,steady,0
baseline,815,9055555465,500000000,late_window,late-one-eye,425000000,295138,4722208,295139,4722224,9444432,0,500000000,steady,0
baseline,816,9066666576,500000000,late_window,late-one-eye,425000000,295138,4722208,295139,4722224,9444432,0,500000000,steady,0
baseline,817,9077777687,500000000,late_window,late-one-eye,425000000,295138,4722208,295139,4722224,9444432,0,500000000,steady,0
baseline,818,9088888798,500000000,late_window,late-one-eye,425000000,295138,4722208,295139,4722224,9444432,0,500000000,steady,0
baseline,819,9099999909,500000000,late_window,late-one-eye,425000000,295138,4722208,295139,4722224,9444432,0,500000000,steady,0
baseline,820,9111111020,500000000,late_window,late-one-eye,425000000,295138,4722208,295139,4722224,9444432,0,500000000,steady,0
baseline,821,9122222131,500000000,late_window,late-one-eye,425000000,295138,4722208,295139,4722224,9444432,0,500000000,steady,0
baseline,822,9133333242,500000000,late_window,late-one-eye,425000000,295138,4722208,295139,4722224,9444432,0,500000000,steady,0
baseline,823,9144444353,500000000,late_window,late-one-eye,425000000,295138,4722208,295139,4722224,9444432,0,500000000,steady,0
baseline,824,9155555464,500000000,late_window,late-one-eye,425000000,295138,4722208,295139,4722224,9444432,0,500000000,steady,0
baseline,825,9166666575,500000000,late_window,late-one-eye,425000000,295138,4722208,295139,4722224,9444432,0,500000000,steady,0
baseline,826,9177777686,500000000,late_window,late-one-eye,425000000,295138,4722208,295139,4722224,9444432,0,500000000,steady,0
baseline,827,9188888797,500000000,late_window,late-one-eye,425000000,295138,4722208,295139,4722224,9444432,0,500000000,steady,0
baseline,828,9199999908,500000000,late_window,late-one-eye,425000000,295138,4722208,295139,4722224,9444432,0,500000000,steady,0
baseline,829,9211111019,500000000,late_window,late-one-eye,425000000,295138,4722208,295139,4722224,9444432,0,500000000,steady,0
baseline,830,9222222130,500000000,late_window,late-one-eye,425000000,295138,4722208,295139,4722224,9444432,0,500000000,steady,0
baseline,831,9233333241,500000000,late_window,late-one-eye,425000000,295138,4722208,295139,4722224,9444432,0,500000000,steady,0
baseline,832,9244444352,500000000,late_window,late-one-eye,425000000,295138,4722208,295139,4722224,9444432,0,500000000,steady,0
baseline,833,9255555463,500000000,late_window,late-one-eye,425000000,295138,4722208,295139,4722224,9444432,0,500000000,steady,0
baseline,834,9266666574,500000000,late_window,late-one-eye,425000000,295138,4722208,295139,4722224,9444432,0,500000000,steady,0
baseline,835,9277777685,500000000,late_window,late-one-eye,425000000,295138,4722208,295139,4722224,9444432,0,500000000,steady,0
baseline,836,9288888796,500000000,late_window,late-one-eye,425000000,295138,4722208,295139,4722224,9444432,0,500000000,steady,0
baseline,837,9299999907,500000000,late_window,late-one-eye,425000000,295138,4722208,295139,4722224,9444432,0,500000000,steady,0
baseline,838,9311111018,500000000,late_window,late-one-eye,425000000,295138,4722208,295139,4722224,9444432,0,500000000,steady,0
baseline,839,9322222129,500000000,late_window,late-one-eye,425000000,295138,4722208,295139,4722224,9444432,0,500000000,steady,0
baseline,840,9333333240,500000000,late_window,late-one-eye,425000000,295138,4722208,295139,4722224,9444432,0,500000000,steady,0
baseline,841,9344444351,500000000,late_window,late-one-eye,425000000,295138,4722208,295139,4722224,9444432,0,500000000,steady,0
baseline,842,9355555462,500000000,late_window,late-one-eye,425000000,295138,4722208,295139,4722224,9444432,0,500000000,steady,0
baseline,843,9366666573,500000000,late_window,late-one-eye,425000000,295138,4722208,295139,4722224,9444432,0,500000000,steady,0
baseline,844,9377777684,500000000,late_window,late-one-eye,425000000,295138,4722208,295139,4722224,9444432,0,500000000,steady,0
baseline,845,9388888795,500000000,late_window,late-one-eye,425000000,295138,4722208,295139,4722224,9444432,0,500000000,steady,0
baseline,846,9399999906,500000000,late_window,late-one-eye,425000000,295138,4722208,295139,4722224,9444432,0,500000000,steady,0
baseline,847,9411111017,500000000,late_window,late-one-eye,425000000,295138,4722208,295139,4722224,9444432,0,500000000,steady,0
baseline,848,9422222128,500000000,late_window,late-one-eye,425000000,295138,4722208,295139,4722224,9444432,0,500000000,steady,0
baseline,849,9433333239,500000000,late_window,late-one-eye,425000000,295138,4722208,295139,4722224,9444432,0,500000000,steady,0
baseline,850,9444444350,500000000,late_window,late-one-eye,425000000,295138,4722208,295139,4722224,9444432,0,500000000,steady,0
baseline,851,9455555461,500000000,late_window,late-one-eye,425000000,295138,4722208,295139,4722224,9444432,0,500000000,steady,0
baseline,852,9466666572,500000000,late_window,late-one-eye,425000000,295138,4722208,295139,4722224,9444432,0,500000000,steady,0
baseline,853,9477777683,500000000,late_window,late-one-eye,425000000,295138,4722208,295139,4722224,9444432,0,500000000,steady,0
baseline,854,9488888794,500000000,late_window,late-one-eye,425000000,295138,4722208,295139,4722224,9444432,0,500000000,steady,0
baseline,855,9499999905,500000000,late_window,late-one-eye,425000000,295138,4722208,295139,4722224,9444432,0,500000000,steady,0
baseline,856,9511111016,500000000,late_window,late-one-eye,425000000,295138,4722208,295139,4722224,9444432,0,500000000,steady,0
baseline,857,9522222127,500000000,late_window,late-one-eye,425000000,295138,4722208,295139,4722224,9444432,0,500000000,steady,0
baseline,858,9533333238,500000000,late_window,late-one-eye,425000000,295138,4722208,295139,4722224,9444432,0,500000000,steady,0
baseline,859,9544444349,500000000,late_window,late-one-eye,425000000,295138,4722208,295139,4722224,9444432,0,500000000,steady,0
baseline,860,9555555460,500000000,late_window,late-one-eye,425000000,295138,4722208,295139,4722224,9444432,0,500000000,steady,0
baseline,861,9566666571,500000000,late_window,late-one-eye,425000000,295138,4722208,295139,4722224,9444432,0,500000000,steady,0
baseline,862,9577777682,500000000,late_window,late-one-eye,425000000,295138,4722208,295139,4722224,9444432,0,500000000,steady,0
baseline,863,9588888793,500000000,late_window,late-one-eye,425000000,295138,4722208,295139,4722224,9444432,0,500000000,steady,0
baseline,864,9599999904,500000000,late_window,late-one-eye,425000000,295138,4722208,295139,4722224,9444432,0,500000000,steady,0
baseline,865,9611111015,500000000,late_window,late-one-eye,425000000,295138,4722208,295139,4722224,9444432,0,500000000,steady,0
baseline,866,9622222126,500000000,late_window,late-one-eye,425000000,295138,4722208,295139,4722224,9444432,0,500000000,steady,0
baseline,867,9633333237,500000000,late_window,late-one-eye,425000000,295138,4722208,295139,4722224,9444432,0,500000000,steady,0
baseline,868,9644444348,500000000,late_window,late-one-eye,425000000,295138,4722208,295139,4722224,9444432,0,500000000,steady,0
baseline,869,9655555459,500000000,late_window,late-one-eye,425000000,295138,4722208,295139,4722224,9444432,0,500000000,steady,0
baseline,870,9666666570,500000000,late_window,late-one-eye,425000000,295138,4722208,295139,4722224,9444432,0,500000000,steady,0
baseline,871,9677777681,500000000,late_window,late-one-eye,425000000,295138,4722208,295139,4722224,9444432,0,500000000,steady,0
baseline,872,9688888792,500000000,late_window,late-one-eye,425000000,295138,4722208,295139,4722224,9444432,0,500000000,steady,0
baseline,873,9699999903,500000000,late_window,late-one-eye,425000000,295138,4722208,295139,4722224,9444432,0,500000000,steady,0
baseline,874,9711111014,500000000,late_window,late-one-eye,425000000,295138,4722208,295139,4722224,9444432,0,500000000,steady,0
baseline,875,9722222125,500000000,late_window,late-one-eye,425000000,295138,4722208,295139,4722224,9444432,0,500000000,steady,0
baseline,876,9733333236,500000000,late_window,late-one-eye,425000000,295138,4722208,295139,4722224,9444432,0,500000000,steady,0
baseline,877,9744444347,500000000,late_window,late-one-eye,425000000,295138,4722208,295139,4722224,9444432,0,500000000,steady,0
baseline,878,9755555458,500000000,late_window,late-one-eye,425000000,295138,4722208,295139,4722224,9444432,0,500000000,steady,0
baseline,879,9766666569,500000000,late_window,late-one-eye,425000000,295138,4722208,295139,4722224,9444432,0,500000000,steady,0
baseline,880,9777777680,500000000,late_window,late-one-eye,425000000,295138,4722208,295139,4722224,9444432,0,500000000,steady,0
baseline,881,9788888791,500000000,late_window,late-one-eye,425000000,295138,4722208,295139,4722224,9444432,0,500000000,steady,0
baseline,882,9799999902,500000000,late_window,late-one-eye,425000000,295138,4722208,295139,4722224,9444432,0,500000000,steady,0
baseline,883,9811111013,500000000,late_window,late-one-eye,425000000,295138,4722208,295139,4722224,9444432,0,500000000,steady,0
baseline,884,9822222124,500000000,late_window,late-one-eye,425000000,295138,4722208,295139,4722224,9444432,0,500000000,steady,0
baseline,885,9833333235,500000000,late_window,late-one-eye,425000000,295138,4722208,295139,4722224,9444432,0,500000000,steady,0
baseline,886,9844444346,500000000,late_window,late-one-eye,425000000,295138,4722208,295139,4722224,9444432,0,500000000,steady,0
baseline,887,9855555457,500000000,late_window,late-one-eye,425000000,295138,4722208,295139,4722224,9444432,0,500000000,steady,0
baseline,888,9866666568,500000000,late_window,late-one-eye,425000000,295138,4722208,295139,4722224,9444432,0,500000000,steady,0
baseline,889,9877777679,500000000,late_window,late-one-eye,425000000,295138,4722208,295139,4722224,9444432,0,500000000,steady,0
baseline,890,9888888790,500000000,late_window,late-one-eye,425000000,295138,4722208,295139,4722224,9444432,0,500000000,steady,0
baseline,891,9899999901,500000000,late_window,late-one-eye,425000000,295138,4722208,295139,4722224,9444432,0,500000000,steady,0
baseline,892,9911111012,500000000,late_window,late-one-eye,425000000,295138,4722208,295139,4722224,9444432,0,500000000,steady,0
baseline,893,9922222123,500000000,late_window,late-one-eye,425000000,295138,4722208,295139,4722224,9444432,0,500000000,steady,0
baseline,894,9933333234,500000000,late_window,late-one-eye,425000000,295138,4722208,295139,4722224,9444432,0,500000000,steady,0
baseline,895,9944444345,500000000,late_window,late-one-eye,425000000,295138,4722208,295139,4722224,9444432,0,500000000,steady,0
baseline,896,9955555456,500000000,late_window,late-one-eye,425000000,295138,4722208,295139,4722224,9444432,0,500000000,steady,0
baseline,897,9966666567,500000000,late_window,late-one-eye,425000000,295138,4722208,295139,4722224,9444432,0,500000000,steady,0
baseline,898,9977777678,500000000,late_window,late-one-eye,425000000,295138,4722208,295139,4722224,9444432,0,500000000,steady,0
baseline,899,9988888789,500000000,late_window,late-one-eye,425000000,295138,4722208,295139,4722224,9444432,0,500000000,steady,0
baseline,900,9999999900,500000000,late_window,late-one-eye,425000000,295138,4722208,295139,4722224,9444432,0,500000000,steady,0
baseline,901,10011111011,500000000,late_window,late-one-eye,425000000,295138,4722208,295139,4722224,9444432,0,500000000,steady,0
baseline,902,10022222122,500000000,late_window,late-one-eye,425000000,295138,4722208,295139,4722224,9444432,0,500000000,steady,0
baseline,903,10033333233,500000000,late_window,late-one-eye,425000000,295138,4722208,295139,4722224,9444432,0,500000000,steady,0
baseline,904,10044444344,500000000,late_window,late-one-eye,425000000,295138,4722208,295139,4722224,9444432,0,500000000,steady,0
baseline,905,10055555455,500000000,late_window,late-one-eye,425000000,295138,4722208,295139,4722224,9444432,0,500000000,steady,0
baseline,906,10066666566,500000000,late_window,late-one-eye,425000000,295138,4722208,295139,4722224,9444432,0,500000000,steady,0
baseline,907,10077777677,500000000,late_window,late-one-eye,425000000,295138,4722208,295139,4722224,9444432,0,500000000,steady,0
baseline,908,10088888788,500000000,late_window,late-one-eye,425000000,295138,4722208,295139,4722224,9444432,0,500000000,steady,0
baseline,909,10099999899,500000000,late_window,late-one-eye,425000000,295138,4722208,295139,4722224,9444432,0,500000000,steady,0
baseline,910,10111111010,500000000,late_window,late-one-eye,425000000,295138,4722208,295139,4722224,9444432,0,500000000,steady,0
baseline,911,10122222121,500000000,late_window,late-one-eye,425000000,295138,4722208,295139,4722224,9444432,0,500000000,steady,0
baseline,912,10133333232,500000000,late_window,late-one-eye,425000000,295138,4722208,295139,4722224,9444432,0,500000000,steady,0
baseline,913,10144444343,500000000,late_window,late-one-eye,425000000,295138,4722208,295139,4722224,9444432,0,500000000,steady,0
baseline,914,10155555454,500000000,late_window,late-one-eye,425000000,295138,4722208,295139,4722224,9444432,0,500000000,steady,0
baseline,915,10166666565,500000000,late_window,late-one-eye,425000000,295138,4722208,295139,4722224,9444432,0,500000000,steady,0
baseline,916,10177777676,500000000,late_window,late-one-eye,425000000,295138,4722208,295139,4722224,9444432,0,500000000,steady,0
baseline,917,10188888787,500000000,late_window,late-one-eye,425000000,295138,4722208,295139,4722224,9444432,0,500000000,steady,0
baseline,918,10199999898,500000000,late_window,late-one-eye,425000000,295138,4722208,295139,4722224,9444432,0,500000000,steady,0
baseline,919,10211111009,500000000,late_window,late-one-eye,425000000,295138,4722208,295139,4722224,9444432,0,500000000,steady,0
baseline,920,10222222120,500000000,late_window,late-one-eye,425000000,295138,4722208,295139,4722224,9444432,0,500000000,steady,0
baseline,921,10233333231,500000000,late_window,late-one-eye,425000000,295138,4722208,295139,4722224,9444432,0,500000000,steady,0
baseline,922,10244444342,500000000,late_window,late-one-eye,425000000,295138,4722208,295139,4722224,9444432,0,500000000,steady,0
baseline,923,10255555453,500000000,late_window,late-one-eye,425000000,295138,4722208,295139,4722224,9444432,0,500000000,steady,0
baseline,924,10266666564,500000000,late_window,late-one-eye,425000000,295138,4722208,295139,4722224,9444432,0,500000000,steady,0
baseline,925,10277777675,500000000,late_window,late-one-eye,425000000,295138,4722208,295139,4722224,9444432,0,500000000,steady,0
baseline,926,10288888786,500000000,late_window,late-one-eye,425000000,295138,4722208,295139,4722224,9444432,0,500000000,steady,0
baseline,927,10299999897,500000000,late_window,late-one-eye,425000000,295138,4722208,295139,4722224,9444432,0,500000000,steady,0
baseline,928,10311111008,500000000,late_window,late-one-eye,425000000,295138,4722208,295139,4722224,9444432,0,500000000,steady,0
baseline,929,10322222119,500000000,late_window,late-one-eye,425000000,295138,4722208,295139,4722224,9444432,0,500000000,steady,0
baseline,930,10333333230,500000000,late_window,late-one-eye,425000000,295138,4722208,295139,4722224,9444432,0,500000000,steady,0
baseline,931,10344444341,500000000,late_window,late-one-eye,425000000,295138,4722208,295139,4722224,9444432,0,500000000,steady,0
baseline,932,10355555452,500000000,late_window,late-one-eye,425000000,295138,4722208,295139,4722224,9444432,0,500000000,steady,0
baseline,933,10366666563,500000000,late_window,late-one-eye,425000000,295138,4722208,295139,4722224,9444432,0,500000000,steady,0
baseline,934,10377777674,500000000,late_window,late-one-eye,425000000,295138,4722208,295139,4722224,9444432,0,500000000,steady,0
baseline,935,10388888785,500000000,late_window,late-one-eye,425000000,295138,4722208,295139,4722224,9444432,0,500000000,steady,0
baseline,936,10399999896,500000000,late_window,late-one-eye,425000000,295138,4722208,295139,4722224,9444432,0,500000000,steady,0
baseline,937,10411111007,500000000,late_window,late-one-eye,425000000,295138,4722208,295139,4722224,9444432,0,500000000,steady,0
baseline,938,10422222118,500000000,late_window,late-one-eye,425000000,295138,4722208,295139,4722224,9444432,0,500000000,steady,0
baseline,939,10433333229,500000000,late_window,late-one-eye,425000000,295138,4722208,295139,4722224,9444432,0,500000000,steady,0
baseline,940,10444444340,500000000,late_window,late-one-eye,425000000,295138,4722208,295139,4722224,9444432,0,500000000,steady,0
baseline,941,10455555451,500000000,late_window,late-one-eye,425000000,295138,4722208,295139,4722224,9444432,0,500000000,steady,0
baseline,942,10466666562,500000000,late_window,late-one-eye,425000000,295138,4722208,295139,4722224,9444432,0,500000000,steady,0
baseline,943,10477777673,500000000,late_window,late-one-eye,425000000,295138,4722208,295139,4722224,9444432,0,500000000,steady,0
baseline,944,10488888784,500000000,late_window,late-one-eye,425000000,295138,4722208,295139,4722224,9444432,0,500000000,steady,0
baseline,945,10499999895,500000000,late_window,late-one-eye,425000000,295138,4722208,295139,4722224,9444432,0,500000000,steady,0
baseline,946,10511111006,500000000,late_window,late-one-eye,425000000,295138,4722208,295139,4722224,9444432,0,500000000,steady,0
baseline,947,10522222117,500000000,late_window,late-one-eye,425000000,295138,4722208,295139,4722224,9444432,0,500000000,steady,0
baseline,948,10533333228,500000000,late_window,late-one-eye,425000000,295138,4722208,295139,4722224,9444432,0,500000000,steady,0
baseline,949,10544444339,500000000,late_window,late-one-eye,425000000,295138,4722208,295139,4722224,9444432,0,500000000,steady,0
baseline,950,10555555450,500000000,late_window,late-one-eye,425000000,295138,4722208,295139,4722224,9444432,0,500000000,steady,0
baseline,951,10566666561,500000000,late_window,late-one-eye,425000000,295138,4722208,295139,4722224,9444432,0,500000000,steady,0
baseline,952,10577777672,500000000,late_window,late-one-eye,425000000,295138,4722208,295139,4722224,9444432,0,500000000,steady,0
baseline,953,10588888783,500000000,late_window,late-one-eye,425000000,295138,4722208,295139,4722224,9444432,0,500000000,probe,1
baseline,954,10599999894,500000000,late_window,late-one-eye,550000000,381944,6111104,381944,6111104,12222208,0,500000000,probe,0
baseline,955,10611111005,500000000,late_window,late-one-eye,550000000,381944,6111104,381944,6111104,12222208,1111097,500000000,probe,0
baseline,956,10622222116,500000000,late_window,late-one-eye,550000000,381944,6111104,381944,6111104,12222208,2222194,500000000,probe,0
baseline,957,10633333227,500000000,late_window,late-one-eye,550000000,381944,6111104,381944,6111104,12222208,3333291,500000000,probe,0
baseline,958,10644444338,500000000,late_window,late-one-eye,550000000,381944,6111104,381944,6111104,12222208,4444388,500000000,probe,0
baseline,959,10655555449,500000000,late_window,late-one-eye,550000000,381944,6111104,381944,6111104,12222208,5555485,500000000,probe,0
baseline,960,10666666560,500000000,late_window,late-one-eye,550000000,381944,6111104,381944,6111104,12222208,6666582,500000000,probe,0
baseline,961,10677777671,500000000,late_window,late-one-eye,550000000,381944,6111104,381944,6111104,12222208,7777679,500000000,probe,0
baseline,962,10688888782,500000000,late_window,late-one-eye,550000000,381944,6111104,381944,6111104,12222208,8888776,500000000,probe,0
baseline,963,10699999893,500000000,late_window,late-one-eye,550000000,381944,6111104,381944,6111104,12222208,9999873,500000000,probe,0
baseline,964,10711111004,500000000,late_window,late-one-eye,550000000,381944,6111104,381944,6111104,12222208,11110970,500000000,probe,0
baseline,965,10722222115,500000000,late_window,late-one-eye,550000000,381944,6111104,381944,6111104,12222208,12222067,500000000,probe,0
baseline,966,10733333226,500000000,late_window,late-one-eye,550000000,381944,6111104,381944,6111104,12222208,13333164,500000000,probe,0
baseline,967,10744444337,500000000,late_window,late-one-eye,550000000,381944,6111104,381944,6111104,12222208,14444261,500000000,probe,0
baseline,968,10755555448,500000000,late_window,late-one-eye,550000000,381944,6111104,381944,6111104,12222208,15555358,500000000,probe,0
baseline,969,10766666559,500000000,late_window,late-one-eye,550000000,381944,6111104,381944,6111104,12222208,16666455,500000000,probe,0
baseline,970,10777777670,500000000,late_window,late-one-eye,550000000,381944,6111104,381944,6111104,12222208,17777552,500000000,probe,0
baseline,971,10788888781,500000000,late_window,late-one-eye,550000000,381944,6111104,381944,6111104,12222208,18888649,500000000,probe,0
baseline,972,10799999892,500000000,late_window,late-one-eye,550000000,381944,6111104,381944,6111104,12222208,19999746,500000000,probe,0
baseline,973,10811111003,500000000,late_window,late-one-eye,550000000,381944,6111104,381944,6111104,12222208,21110843,500000000,probe,0
baseline,974,10822222114,500000000,late_window,late-one-eye,550000000,381944,6111104,381944,6111104,12222208,22221940,500000000,probe,0
baseline,975,10833333225,500000000,late_window,late-one-eye,550000000,381944,6111104,381944,6111104,12222208,23333037,500000000,probe,0
baseline,976,10844444336,500000000,late_window,late-one-eye,550000000,381944,6111104,381944,6111104,12222208,24444134,500000000,probe,0
baseline,977,10855555447,500000000,late_window,late-one-eye,550000000,381944,6111104,381944,6111104,12222208,25555231,500000000,probe,0
baseline,978,10866666558,500000000,late_window,late-one-eye,550000000,381944,6111104,381944,6111104,12222208,26666328,500000000,probe,0
baseline,979,10877777669,500000000,late_window,late-one-eye,550000000,381944,6111104,381944,6111104,12222208,27777425,500000000,probe,0
baseline,980,10888888780,500000000,late_window,late-one-eye,550000000,381944,6111104,381944,6111104,12222208,28888522,500000000,probe,0
baseline,981,10899999891,500000000,late_window,late-one-eye,550000000,381944,6111104,381944,6111104,12222208,29999619,500000000,probe,0
baseline,982,10911111002,500000000,late_window,late-one-eye,550000000,381944,6111104,381944,6111104,12222208,31110716,500000000,probe,0
baseline,983,10922222113,500000000,late_window,late-one-eye,550000000,381944,6111104,381944,6111104,12222208,32221813,500000000,probe,0
baseline,984,10933333224,500000000,late_window,late-one-eye,550000000,381944,6111104,381944,6111104,12222208,33332910,500000000,probe,0
baseline,985,10944444335,500000000,late_window,late-one-eye,550000000,381944,6111104,381944,6111104,12222208,34444007,500000000,probe,0
baseline,986,10955555446,500000000,late_window,late-one-eye,550000000,381944,6111104,381944,6111104,12222208,35555104,500000000,probe,0
baseline,987,10966666557,500000000,late_window,late-one-eye,550000000,381944,6111104,381944,6111104,12222208,36666201,500000000,probe,0
baseline,988,10977777668,500000000,late_window,late-one-eye,550000000,381944,6111104,381944,6111104,12222208,37777298,500000000,probe,0
baseline,989,10988888779,500000000,late_window,late-one-eye,550000000,381944,6111104,381944,6111104,12222208,38888395,500000000,probe,0
baseline,990,10999999890,500000000,late_window,late-one-eye,550000000,381944,6111104,381944,6111104,12222208,39999492,500000000,probe,0
baseline,991,11011111001,500000000,late_window,late-one-eye,550000000,381944,6111104,381944,6111104,12222208,41110589,500000000,probe,0
baseline,992,11022222112,500000000,late_window,late-one-eye,550000000,381944,6111104,381944,6111104,12222208,42221686,500000000,probe,0
baseline,993,11033333223,500000000,late_window,late-one-eye,550000000,381944,6111104,381944,6111104,12222208,43332783,500000000,probe,0
baseline,994,11044444334,500000000,late_window,late-one-eye,550000000,381944,6111104,381944,6111104,12222208,44443880,500000000,probe,0
baseline,995,11055555445,500000000,late_window,late-one-eye,550000000,381944,6111104,381944,6111104,12222208,45554977,500000000,steady,0
baseline,996,11066666556,500000000,late_window,late-one-eye,425000000,295138,4722208,295139,4722224,9444432,46666074,500000000,steady,0
baseline,997,11077777667,500000000,late_window,late-one-eye,425000000,295138,4722208,295139,4722224,9444432,44999395,500000000,steady,0
baseline,998,11088888778,500000000,late_window,late-one-eye,425000000,295138,4722208,295139,4722224,9444432,43332716,500000000,steady,0
baseline,999,11099999889,500000000,late_window,late-one-eye,425000000,295138,4722208,295139,4722224,9444432,41666037,500000000,steady,0
baseline,1000,11111111000,500000000,late_window,late-one-eye,425000000,295138,4722208,295139,4722224,9444432,39999358,500000000,steady,0
baseline,1001,11122222111,500000000,late_window,late-one-eye,425000000,295138,4722208,295139,4722224,9444432,38332679,500000000,steady,0
baseline,1002,11133333222,500000000,late_window,late-one-eye,425000000,295138,4722208,295139,4722224,9444432,36666000,500000000,steady,0
baseline,1003,11144444333,500000000,late_window,late-one-eye,425000000,295138,4722208,295139,4722224,9444432,34999321,500000000,steady,0
baseline,1004,11155555444,500000000,late_window,late-one-eye,425000000,295138,4722208,295139,4722224,9444432,33332642,500000000,steady,0
baseline,1005,11166666555,500000000,late_window,late-one-eye,425000000,295138,4722208,295139,4722224,9444432,31665963,500000000,steady,0
baseline,1006,11177777666,500000000,late_window,late-one-eye,425000000,295138,4722208,295139,4722224,9444432,29999284,500000000,steady,0
baseline,1007,11188888777,500000000,late_window,late-one-eye,425000000,295138,4722208,295139,4722224,9444432,28332605,500000000,steady,0
baseline,1008,11199999888,500000000,late_window,late-one-eye,425000000,295138,4722208,295139,4722224,9444432,26665926,500000000,steady,0
baseline,1009,11211110999,500000000,late_window,late-one-eye,425000000,295138,4722208,295139,4722224,9444432,24999247,500000000,steady,0
baseline,1010,11222222110,500000000,late_window,late-one-eye,425000000,295138,4722208,295139,4722224,9444432,23332568,500000000,steady,0
baseline,1011,11233333221,500000000,late_window,late-one-eye,425000000,295138,4722208,295139,4722224,9444432,21665889,500000000,steady,0
baseline,1012,11244444332,500000000,late_window,late-one-eye,425000000,295138,4722208,295139,4722224,9444432,19999210,500000000,steady,0
baseline,1013,11255555443,500000000,late_window,late-one-eye,425000000,295138,4722208,295139,4722224,9444432,18332531,500000000,steady,0
baseline,1014,11266666554,500000000,late_window,late-one-eye,425000000,295138,4722208,295139,4722224,9444432,16665852,500000000,steady,0
baseline,1015,11277777665,500000000,late_window,late-one-eye,425000000,295138,4722208,295139,4722224,9444432,14999173,500000000,steady,0
baseline,1016,11288888776,500000000,late_window,late-one-eye,425000000,295138,4722208,295139,4722224,9444432,13332494,500000000,steady,0
baseline,1017,11299999887,500000000,late_window,late-one-eye,425000000,295138,4722208,295139,4722224,9444432,11665815,500000000,steady,0
baseline,1018,11311110998,500000000,late_window,late-one-eye,425000000,295138,4722208,295139,4722224,9444432,9999136,500000000,steady,0
baseline,1019,11322222109,500000000,late_window,late-one-eye,425000000,295138,4722208,295139,4722224,9444432,8332457,500000000,steady,0
baseline,1020,11333333220,500000000,late_window,late-one-eye,425000000,295138,4722208,295139,4722224,9444432,6665778,500000000,steady,0
baseline,1021,11344444331,500000000,late_window,late-one-eye,425000000,295138,4722208,295139,4722224,9444432,4999099,500000000,steady,0
baseline,1022,11355555442,500000000,late_window,late-one-eye,425000000,295138,4722208,295139,4722224,9444432,3332420,500000000,steady,0
baseline,1023,11366666553,500000000,late_window,late-one-eye,425000000,295138,4722208,295139,4722224,9444432,1665741,500000000,steady,0
baseline,1024,11377777664,500000000,late_window,late-one-eye,425000000,295138,4722208,295139,4722224,9444432,0,500000000,steady,0
baseline,1025,11388888775,500000000,late_window,late-one-eye,425000000,295138,4722208,295139,4722224,9444432,0,500000000,steady,0
baseline,1026,11399999886,500000000,late_window,late-one-eye,425000000,295138,4722208,295139,4722224,9444432,0,500000000,steady,0
baseline,1027,11411110997,500000000,late_window,late-one-eye,425000000,295138,4722208,295139,4722224,9444432,0,500000000,steady,0
baseline,1028,11422222108,500000000,late_window,late-one-eye,425000000,295138,4722208,295139,4722224,9444432,0,500000000,steady,0
baseline,1029,11433333219,500000000,late_window,late-one-eye,425000000,295138,4722208,295139,4722224,9444432,0,500000000,steady,0
baseline,1030,11444444330,500000000,late_window,late-one-eye,425000000,295138,4722208,295139,4722224,9444432,0,500000000,steady,0
baseline,1031,11455555441,500000000,late_window,late-one-eye,425000000,295138,4722208,295139,4722224,9444432,0,500000000,steady,0
baseline,1032,11466666552,500000000,late_window,late-one-eye,425000000,295138,4722208,295139,4722224,9444432,0,500000000,steady,0
baseline,1033,11477777663,500000000,late_window,late-one-eye,425000000,295138,4722208,295139,4722224,9444432,0,500000000,steady,0
baseline,1034,11488888774,500000000,late_window,late-one-eye,425000000,295138,4722208,295139,4722224,9444432,0,500000000,steady,0
baseline,1035,11499999885,500000000,late_window,late-one-eye,425000000,295138,4722208,295139,4722224,9444432,0,500000000,steady,0
baseline,1036,11511110996,500000000,late_window,late-one-eye,425000000,295138,4722208,295139,4722224,9444432,0,500000000,steady,0
baseline,1037,11522222107,500000000,late_window,late-one-eye,425000000,295138,4722208,295139,4722224,9444432,0,500000000,steady,0
baseline,1038,11533333218,500000000,late_window,late-one-eye,425000000,295138,4722208,295139,4722224,9444432,0,500000000,steady,0
baseline,1039,11544444329,500000000,late_window,late-one-eye,425000000,295138,4722208,295139,4722224,9444432,0,500000000,steady,0
baseline,1040,11555555440,500000000,late_window,late-one-eye,425000000,295138,4722208,295139,4722224,9444432,0,500000000,steady,0
baseline,1041,11566666551,500000000,late_window,late-one-eye,425000000,295138,4722208,295139,4722224,9444432,0,500000000,steady,0
baseline,1042,11577777662,500000000,late_window,late-one-eye,425000000,295138,4722208,295139,4722224,9444432,0,500000000,steady,0
baseline,1043,11588888773,500000000,late_window,late-one-eye,425000000,295138,4722208,295139,4722224,9444432,0,500000000,steady,0
baseline,1044,11599999884,500000000,late_window,late-one-eye,425000000,295138,4722208,295139,4722224,9444432,0,500000000,steady,0
baseline,1045,11611110995,500000000,late_window,late-one-eye,425000000,295138,4722208,295139,4722224,9444432,0,500000000,steady,0
baseline,1046,11622222106,500000000,late_window,late-one-eye,425000000,295138,4722208,295139,4722224,9444432,0,500000000,steady,0
baseline,1047,11633333217,500000000,late_window,late-one-eye,425000000,295138,4722208,295139,4722224,9444432,0,500000000,steady,0
baseline,1048,11644444328,500000000,late_window,late-one-eye,425000000,295138,4722208,295139,4722224,9444432,0,500000000,steady,0
baseline,1049,11655555439,500000000,late_window,late-one-eye,425000000,295138,4722208,295139,4722224,9444432,0,500000000,steady,0
baseline,1050,11666666550,500000000,late_window,late-one-eye,425000000,295138,4722208,295139,4722224,9444432,0,500000000,steady,0
baseline,1051,11677777661,500000000,late_window,late-one-eye,425000000,295138,4722208,295139,4722224,9444432,0,500000000,steady,0
baseline,1052,11688888772,500000000,late_window,late-one-eye,425000000,295138,4722208,295139,4722224,9444432,0,500000000,steady,0
baseline,1053,11699999883,500000000,late_window,late-one-eye,425000000,295138,4722208,295139,4722224,9444432,0,500000000,steady,0
baseline,1054,11711110994,500000000,late_window,late-one-eye,425000000,295138,4722208,295139,4722224,9444432,0,500000000,steady,0
baseline,1055,11722222105,500000000,late_window,late-one-eye,425000000,295138,4722208,295139,4722224,9444432,0,500000000,steady,0
baseline,1056,11733333216,500000000,late_window,late-one-eye,425000000,295138,4722208,295139,4722224,9444432,0,500000000,steady,0
baseline,1057,11744444327,500000000,late_window,late-one-eye,425000000,295138,4722208,295139,4722224,9444432,0,500000000,steady,0
baseline,1058,11755555438,500000000,late_window,late-one-eye,425000000,295138,4722208,295139,4722224,9444432,0,500000000,steady,0
baseline,1059,11766666549,500000000,late_window,late-one-eye,425000000,295138,4722208,295139,4722224,9444432,0,500000000,steady,0
baseline,1060,11777777660,500000000,late_window,late-one-eye,425000000,295138,4722208,295139,4722224,9444432,0,500000000,steady,0
baseline,1061,11788888771,500000000,late_window,late-one-eye,425000000,295138,4722208,295139,4722224,9444432,0,500000000,steady,0
baseline,1062,11799999882,500000000,late_window,late-one-eye,425000000,295138,4722208,295139,4722224,9444432,0,500000000,steady,0
baseline,1063,11811110993,500000000,late_window,late-one-eye,425000000,295138,4722208,295139,4722224,9444432,0,500000000,steady,0
baseline,1064,11822222104,500000000,late_window,late-one-eye,425000000,295138,4722208,295139,4722224,9444432,0,500000000,steady,0
baseline,1065,11833333215,500000000,late_window,late-one-eye,425000000,295138,4722208,295139,4722224,9444432,0,500000000,steady,0
baseline,1066,11844444326,500000000,late_window,late-one-eye,425000000,295138,4722208,295139,4722224,9444432,0,500000000,steady,0
baseline,1067,11855555437,500000000,late_window,late-one-eye,425000000,295138,4722208,295139,4722224,9444432,0,500000000,steady,0
baseline,1068,11866666548,500000000,late_window,late-one-eye,425000000,295138,4722208,295139,4722224,9444432,0,500000000,steady,0
baseline,1069,11877777659,500000000,late_window,late-one-eye,425000000,295138,4722208,295139,4722224,9444432,0,500000000,steady,0
baseline,1070,11888888770,500000000,late_window,late-one-eye,425000000,295138,4722208,295139,4722224,9444432,0,500000000,steady,0
baseline,1071,11899999881,500000000,late_window,late-one-eye,425000000,295138,4722208,295139,4722224,9444432,0,500000000,steady,0
baseline,1072,11911110992,500000000,late_window,late-one-eye,425000000,295138,4722208,295139,4722224,9444432,0,500000000,steady,0
baseline,1073,11922222103,500000000,late_window,late-one-eye,425000000,295138,4722208,295139,4722224,9444432,0,500000000,steady,0
baseline,1074,11933333214,500000000,late_window,late-one-eye,425000000,295138,4722208,295139,4722224,9444432,0,500000000,steady,0
baseline,1075,11944444325,500000000,late_window,late-one-eye,425000000,295138,4722208,295139,4722224,9444432,0,500000000,steady,0
baseline,1076,11955555436,500000000,late_window,late-one-eye,425000000,295138,4722208,295139,4722224,9444432,0,500000000,steady,0
baseline,1077,11966666547,500000000,late_window,late-one-eye,425000000,295138,4722208,295139,4722224,9444432,0,500000000,steady,0
baseline,1078,11977777658,500000000,late_window,late-one-eye,425000000,295138,4722208,295139,4722224,9444432,0,500000000,steady,0
baseline,1079,11988888769,500000000,late_window,late-one-eye,425000000,295138,4722208,295139,4722224,9444432,0,500000000,steady,0
baseline,1080,11999999880,500000000,late_window,late-one-eye,425000000,295138,4722208,295139,4722224,9444432,0,500000000,steady,0
baseline,1081,12011110991,500000000,late_window,late-one-eye,425000000,295138,4722208,295139,4722224,9444432,0,500000000,steady,0
baseline,1082,12022222102,500000000,late_window,late-one-eye,425000000,295138,4722208,295139,4722224,9444432,0,500000000,steady,0
baseline,1083,12033333213,500000000,late_window,late-one-eye,425000000,295138,4722208,295139,4722224,9444432,0,500000000,steady,0
baseline,1084,12044444324,500000000,late_window,late-one-eye,425000000,295138,4722208,295139,4722224,9444432,0,500000000,steady,0
baseline,1085,12055555435,500000000,late_window,late-one-eye,425000000,295138,4722208,295139,4722224,9444432,0,500000000,steady,0
baseline,1086,12066666546,500000000,late_window,late-one-eye,425000000,295138,4722208,295139,4722224,9444432,0,500000000,steady,0
baseline,1087,12077777657,500000000,late_window,late-one-eye,425000000,295138,4722208,295139,4722224,9444432,0,500000000,steady,0
baseline,1088,12088888768,500000000,late_window,late-one-eye,425000000,295138,4722208,295139,4722224,9444432,0,500000000,steady,0
baseline,1089,12099999879,500000000,late_window,late-one-eye,425000000,295138,4722208,295139,4722224,9444432,0,500000000,steady,0
baseline,1090,12111110990,500000000,late_window,late-one-eye,425000000,295138,4722208,295139,4722224,9444432,0,500000000,steady,0
baseline,1091,12122222101,500000000,late_window,late-one-eye,425000000,295138,4722208,295139,4722224,9444432,0,500000000,steady,0
baseline,1092,12133333212,500000000,late_window,late-one-eye,425000000,295138,4722208,295139,4722224,9444432,0,500000000,steady,0
baseline,1093,12144444323,500000000,late_window,late-one-eye,425000000,295138,4722208,295139,4722224,9444432,0,500000000,steady,0
baseline,1094,12155555434,500000000,late_window,late-one-eye,425000000,295138,4722208,295139,4722224,9444432,0,500000000,steady,0
baseline,1095,12166666545,500000000,late_window,late-one-eye,425000000,295138,4722208,295139,4722224,9444432,0,500000000,steady,0
baseline,1096,12177777656,500000000,late_window,late-one-eye,425000000,295138,4722208,295139,4722224,9444432,0,500000000,steady,0
baseline,1097,12188888767,500000000,late_window,late-one-eye,425000000,295138,4722208,295139,4722224,9444432,0,500000000,steady,0
baseline,1098,12199999878,500000000,late_window,late-one-eye,425000000,295138,4722208,295139,4722224,9444432,0,500000000,steady,0
baseline,1099,12211110989,500000000,late_window,late-one-eye,425000000,295138,4722208,295139,4722224,9444432,0,500000000,steady,0
baseline,1100,12222222100,500000000,late_window,late-one-eye,425000000,295138,4722208,295139,4722224,9444432,0,500000000,steady,0
baseline,1101,12233333211,500000000,late_window,late-one-eye,425000000,295138,4722208,295139,4722224,9444432,0,500000000,steady,0
baseline,1102,12244444322,500000000,late_window,late-one-eye,425000000,295138,4722208,295139,4722224,9444432,0,500000000,steady,0
baseline,1103,12255555433,500000000,late_window,late-one-eye,425000000,295138,4722208,295139,4722224,9444432,0,500000000,steady,0
baseline,1104,12266666544,500000000,late_window,late-one-eye,425000000,295138,4722208,295139,4722224,9444432,0,500000000,steady,0
baseline,1105,12277777655,500000000,late_window,late-one-eye,425000000,295138,4722208,295139,4722224,9444432,0,500000000,steady,0
baseline,1106,12288888766,500000000,late_window,late-one-eye,425000000,295138,4722208,295139,4722224,9444432,0,500000000,steady,0
baseline,1107,12299999877,500000000,late_window,late-one-eye,425000000,295138,4722208,295139,4722224,9444432,0,500000000,steady,0
baseline,1108,12311110988,500000000,late_window,late-one-eye,425000000,295138,4722208,295139,4722224,9444432,0,500000000,steady,0
baseline,1109,12322222099,500000000,late_window,late-one-eye,425000000,295138,4722208,295139,4722224,9444432,0,500000000,steady,0
baseline,1110,12333333210,500000000,late_window,late-one-eye,425000000,295138,4722208,295139,4722224,9444432,0,500000000,steady,0
baseline,1111,12344444321,500000000,late_window,late-one-eye,425000000,295138,4722208,295139,4722224,9444432,0,500000000,steady,0
baseline,1112,12355555432,500000000,late_window,late-one-eye,425000000,295138,4722208,295139,4722224,9444432,0,500000000,steady,0
baseline,1113,12366666543,500000000,late_window,late-one-eye,425000000,295138,4722208,295139,4722224,9444432,0,500000000,steady,0
baseline,1114,12377777654,500000000,late_window,late-one-eye,425000000,295138,4722208,295139,4722224,9444432,0,500000000,steady,0
baseline,1115,12388888765,500000000,late_window,late-one-eye,425000000,295138,4722208,295139,4722224,9444432,0,500000000,steady,0
baseline,1116,12399999876,500000000,late_window,late-one-eye,425000000,295138,4722208,295139,4722224,9444432,0,500000000,steady,0
baseline,1117,12411110987,500000000,late_window,late-one-eye,425000000,295138,4722208,295139,4722224,9444432,0,500000000,steady,0
baseline,1118,12422222098,500000000,late_window,late-one-eye,425000000,295138,4722208,295139,4722224,9444432,0,500000000,steady,0
baseline,1119,12433333209,500000000,late_window,late-one-eye,425000000,295138,4722208,295139,4722224,9444432,0,500000000,steady,0
baseline,1120,12444444320,500000000,late_window,late-one-eye,425000000,295138,4722208,295139,4722224,9444432,0,500000000,steady,0
baseline,1121,12455555431,500000000,late_window,late-one-eye,425000000,295138,4722208,295139,4722224,9444432,0,500000000,steady,0
baseline,1122,12466666542,500000000,late_window,late-one-eye,425000000,295138,4722208,295139,4722224,9444432,0,500000000,steady,0
baseline,1123,12477777653,500000000,late_window,late-one-eye,425000000,295138,4722208,295139,4722224,9444432,0,500000000,steady,0
baseline,1124,12488888764,500000000,late_window,late-one-eye,425000000,295138,4722208,295139,4722224,9444432,0,500000000,steady,0
baseline,1125,12499999875,500000000,late_window,late-one-eye,425000000,295138,4722208,295139,4722224,9444432,0,500000000,steady,0
baseline,1126,12511110986,500000000,late_window,late-one-eye,425000000,295138,4722208,295139,4722224,9444432,0,500000000,steady,0
baseline,1127,12522222097,500000000,late_window,late-one-eye,425000000,295138,4722208,295139,4722224,9444432,0,500000000,steady,0
baseline,1128,12533333208,500000000,late_window,late-one-eye,425000000,295138,4722208,295139,4722224,9444432,0,500000000,steady,0
baseline,1129,12544444319,500000000,late_window,late-one-eye,425000000,295138,4722208,295139,4722224,9444432,0,500000000,steady,0
baseline,1130,12555555430,500000000,late_window,late-one-eye,425000000,295138,4722208,295139,4722224,9444432,0,500000000,steady,0
baseline,1131,12566666541,500000000,late_window,late-one-eye,425000000,295138,4722208,295139,4722224,9444432,0,500000000,steady,0
baseline,1132,12577777652,500000000,late_window,late-one-eye,425000000,295138,4722208,295139,4722224,9444432,0,500000000,steady,0
baseline,1133,12588888763,500000000,late_window,late-one-eye,425000000,295138,4722208,295139,4722224,9444432,0,500000000,steady,0
baseline,1134,12599999874,500000000,late_window,late-one-eye,425000000,295138,4722208,295139,4722224,9444432,0,500000000,steady,0
baseline,1135,12611110985,500000000,late_window,late-one-eye,425000000,295138,4722208,295139,4722224,9444432,0,500000000,steady,0
baseline,1136,12622222096,500000000,late_window,late-one-eye,425000000,295138,4722208,295139,4722224,9444432,0,500000000,steady,0
baseline,1137,12633333207,500000000,late_window,late-one-eye,425000000,295138,4722208,295139,4722224,9444432,0,500000000,steady,0
baseline,1138,12644444318,500000000,late_window,late-one-eye,425000000,295138,4722208,295139,4722224,9444432,0,500000000,steady,0
baseline,1139,12655555429,500000000,late_window,late-one-eye,425000000,295138,4722208,295139,4722224,9444432,0,500000000,steady,0
baseline,1140,12666666540,500000000,late_window,late-one-eye,425000000,295138,4722208,295139,4722224,9444432,0,500000000,steady,0
baseline,1141,12677777651,500000000,late_window,late-one-eye,425000000,295138,4722208,295139,4722224,9444432,0,500000000,steady,0
baseline,1142,12688888762,500000000,late_window,late-one-eye,425000000,295138,4722208,295139,4722224,9444432,0,500000000,steady,0
baseline,1143,12699999873,500000000,late_window,late-one-eye,425000000,295138,4722208,295139,4722224,9444432,0,500000000,steady,0
baseline,1144,12711110984,500000000,late_window,late-one-eye,425000000,295138,4722208,295139,4722224,9444432,0,500000000,steady,0
baseline,1145,12722222095,500000000,late_window,late-one-eye,425000000,295138,4722208,295139,4722224,9444432,0,500000000,steady,0
baseline,1146,12733333206,500000000,late_window,late-one-eye,425000000,295138,4722208,295139,4722224,9444432,0,500000000,steady,0
baseline,1147,12744444317,500000000,late_window,late-one-eye,425000000,295138,4722208,295139,4722224,9444432,0,500000000,steady,0
baseline,1148,12755555428,500000000,late_window,late-one-eye,425000000,295138,4722208,295139,4722224,9444432,0,500000000,steady,0
baseline,1149,12766666539,500000000,late_window,late-one-eye,425000000,295138,4722208,295139,4722224,9444432,0,500000000,steady,0
baseline,1150,12777777650,500000000,late_window,late-one-eye,425000000,295138,4722208,295139,4722224,9444432,0,500000000,steady,0
baseline,1151,12788888761,500000000,late_window,late-one-eye,425000000,295138,4722208,295139,4722224,9444432,0,500000000,steady,0
baseline,1152,12799999872,500000000,late_window,late-one-eye,425000000,295138,4722208,295139,4722224,9444432,0,500000000,steady,0
baseline,1153,12811110983,500000000,late_window,late-one-eye,425000000,295138,4722208,295139,4722224,9444432,0,500000000,steady,0
baseline,1154,12822222094,500000000,late_window,late-one-eye,425000000,295138,4722208,295139,4722224,9444432,0,500000000,steady,0
baseline,1155,12833333205,500000000,late_window,late-one-eye,425000000,295138,4722208,295139,4722224,9444432,0,500000000,steady,0
baseline,1156,12844444316,500000000,late_window,late-one-eye,425000000,295138,4722208,295139,4722224,9444432,0,500000000,steady,0
baseline,1157,12855555427,500000000,late_window,late-one-eye,425000000,295138,4722208,295139,4722224,9444432,0,500000000,steady,0
baseline,1158,12866666538,500000000,late_window,late-one-eye,425000000,295138,4722208,295139,4722224,9444432,0,500000000,steady,0
baseline,1159,12877777649,500000000,late_window,late-one-eye,425000000,295138,4722208,295139,4722224,9444432,0,500000000,steady,0
baseline,1160,12888888760,500000000,late_window,late-one-eye,425000000,295138,4722208,295139,4722224,9444432,0,500000000,steady,0
baseline,1161,12899999871,500000000,late_window,late-one-eye,425000000,295138,4722208,295139,4722224,9444432,0,500000000,steady,0
baseline,1162,12911110982,500000000,late_window,late-one-eye,425000000,295138,4722208,295139,4722224,9444432,0,500000000,steady,0
baseline,1163,12922222093,500000000,late_window,late-one-eye,425000000,295138,4722208,295139,4722224,9444432,0,500000000,steady,0
baseline,1164,12933333204,500000000,late_window,late-one-eye,425000000,295138,4722208,295139,4722224,9444432,0,500000000,steady,0
baseline,1165,12944444315,500000000,late_window,late-one-eye,425000000,295138,4722208,295139,4722224,9444432,0,500000000,steady,0
baseline,1166,12955555426,500000000,late_window,late-one-eye,425000000,295138,4722208,295139,4722224,9444432,0,500000000,steady,0
baseline,1167,12966666537,500000000,late_window,late-one-eye,425000000,295138,4722208,295139,4722224,9444432,0,500000000,steady,0
baseline,1168,12977777648,500000000,late_window,late-one-eye,425000000,295138,4722208,295139,4722224,9444432,0,500000000,steady,0
baseline,1169,12988888759,500000000,late_window,late-one-eye,425000000,295138,4722208,295139,4722224,9444432,0,500000000,steady,0
baseline,1170,12999999870,500000000,late_window,late-one-eye,425000000,295138,4722208,295139,4722224,9444432,0,500000000,steady,0
baseline,1171,13011110981,500000000,late_window,late-one-eye,425000000,295138,4722208,295139,4722224,9444432,0,500000000,steady,0
baseline,1172,13022222092,500000000,late_window,late-one-eye,425000000,295138,4722208,295139,4722224,9444432,0,500000000,steady,0
baseline,1173,13033333203,500000000,late_window,late-one-eye,425000000,295138,4722208,295139,4722224,9444432,0,500000000,steady,0
baseline,1174,13044444314,500000000,late_window,late-one-eye,425000000,295138,4722208,295139,4722224,9444432,0,500000000,steady,0
baseline,1175,13055555425,500000000,late_window,late-one-eye,425000000,295138,4722208,295139,4722224,9444432,0,500000000,steady,0
baseline,1176,13066666536,500000000,late_window,late-one-eye,425000000,295138,4722208,295139,4722224,9444432,0,500000000,steady,0
baseline,1177,13077777647,500000000,late_window,late-one-eye,425000000,295138,4722208,295139,4722224,9444432,0,500000000,steady,0
baseline,1178,13088888758,500000000,late_window,late-one-eye,425000000,295138,4722208,295139,4722224,9444432,0,500000000,steady,0
baseline,1179,13099999869,500000000,late_window,late-one-eye,425000000,295138,4722208,295139,4722224,9444432,0,500000000,steady,0
baseline,1180,13111110980,500000000,late_window,late-one-eye,425000000,295138,4722208,295139,4722224,9444432,0,500000000,steady,0
baseline,1181,13122222091,500000000,late_window,late-one-eye,425000000,295138,4722208,295139,4722224,9444432,0,500000000,steady,0
baseline,1182,13133333202,500000000,late_window,late-one-eye,425000000,295138,4722208,295139,4722224,9444432,0,500000000,steady,0
baseline,1183,13144444313,500000000,late_window,late-one-eye,425000000,295138,4722208,295139,4722224,9444432,0,500000000,steady,0
baseline,1184,13155555424,500000000,late_window,late-one-eye,425000000,295138,4722208,295139,4722224,9444432,0,500000000,steady,0
baseline,1185,13166666535,500000000,late_window,late-one-eye,425000000,295138,4722208,295139,4722224,9444432,0,500000000,steady,0
baseline,1186,13177777646,500000000,late_window,late-one-eye,425000000,295138,4722208,295139,4722224,9444432,0,500000000,steady,0
baseline,1187,13188888757,500000000,late_window,late-one-eye,425000000,295138,4722208,295139,4722224,9444432,0,500000000,steady,0
baseline,1188,13199999868,500000000,late_window,late-one-eye,425000000,295138,4722208,295139,4722224,9444432,0,500000000,steady,0
baseline,1189,13211110979,500000000,late_window,late-one-eye,425000000,295138,4722208,295139,4722224,9444432,0,500000000,steady,0
baseline,1190,13222222090,500000000,late_window,late-one-eye,425000000,295138,4722208,295139,4722224,9444432,0,500000000,steady,0
baseline,1191,13233333201,500000000,late_window,late-one-eye,425000000,295138,4722208,295139,4722224,9444432,0,500000000,steady,0
baseline,1192,13244444312,500000000,late_window,late-one-eye,425000000,295138,4722208,295139,4722224,9444432,0,500000000,steady,0
baseline,1193,13255555423,500000000,late_window,late-one-eye,425000000,295138,4722208,295139,4722224,9444432,0,500000000,steady,0
baseline,1194,13266666534,500000000,late_window,late-one-eye,425000000,295138,4722208,295139,4722224,9444432,0,500000000,steady,0
baseline,1195,13277777645,500000000,late_window,late-one-eye,425000000,295138,4722208,295139,4722224,9444432,0,500000000,steady,0
baseline,1196,13288888756,500000000,late_window,late-one-eye,425000000,295138,4722208,295139,4722224,9444432,0,500000000,steady,0
baseline,1197,13299999867,500000000,late_window,late-one-eye,425000000,295138,4722208,295139,4722224,9444432,0,500000000,steady,0
baseline,1198,13311110978,500000000,late_window,late-one-eye,425000000,295138,4722208,295139,4722224,9444432,0,500000000,steady,0
baseline,1199,13322222089,500000000,late_window,late-one-eye,425000000,295138,4722208,295139,4722224,9444432,0,500000000,steady,0
baseline,1200,13333333200,500000000,late_window,late-one-eye,425000000,295138,4722208,295139,4722224,9444432,0,500000000,steady,0
baseline,1201,13344444311,500000000,late_window,late-one-eye,425000000,295138,4722208,295139,4722224,9444432,0,500000000,steady,0
baseline,1202,13355555422,500000000,late_window,late-one-eye,425000000,295138,4722208,295139,4722224,9444432,0,500000000,steady,0
baseline,1203,13366666533,500000000,late_window,late-one-eye,425000000,295138,4722208,295139,4722224,9444432,0,500000000,steady,0
baseline,1204,13377777644,500000000,late_window,late-one-eye,425000000,295138,4722208,295139,4722224,9444432,0,500000000,steady,0
baseline,1205,13388888755,500000000,late_window,late-one-eye,425000000,295138,4722208,295139,4722224,9444432,0,500000000,steady,0
baseline,1206,13399999866,500000000,late_window,late-one-eye,425000000,295138,4722208,295139,4722224,9444432,0,500000000,steady,0
baseline,1207,13411110977,500000000,late_window,late-one-eye,425000000,295138,4722208,295139,4722224,9444432,0,500000000,steady,0
baseline,1208,13422222088,500000000,late_window,late-one-eye,425000000,295138,4722208,295139,4722224,9444432,0,500000000,steady,0
baseline,1209,13433333199,500000000,late_window,late-one-eye,425000000,295138,4722208,295139,4722224,9444432,0,500000000,steady,0
baseline,1210,13444444310,500000000,late_window,late-one-eye,425000000,295138,4722208,295139,4722224,9444432,0,500000000,steady,0
baseline,1211,13455555421,500000000,late_window,late-one-eye,425000000,295138,4722208,295139,4722224,9444432,0,500000000,steady,0
baseline,1212,13466666532,500000000,late_window,late-one-eye,425000000,295138,4722208,295139,4722224,9444432,0,500000000,steady,0
baseline,1213,13477777643,500000000,late_window,late-one-eye,425000000,295138,4722208,295139,4722224,9444432,0,500000000,steady,0
baseline,1214,13488888754,500000000,late_window,late-one-eye,425000000,295138,4722208,295139,4722224,9444432,0,500000000,steady,0
baseline,1215,13499999865,500000000,late_window,late-one-eye,425000000,295138,4722208,295139,4722224,9444432,0,500000000,steady,0
baseline,1216,13511110976,500000000,late_window,late-one-eye,425000000,295138,4722208,295139,4722224,9444432,0,500000000,steady,0
baseline,1217,13522222087,500000000,late_window,late-one-eye,425000000,295138,4722208,295139,4722224,9444432,0,500000000,steady,0
baseline,1218,13533333198,500000000,late_window,late-one-eye,425000000,295138,4722208,295139,4722224,9444432,0,500000000,steady,0
baseline,1219,13544444309,500000000,late_window,late-one-eye,425000000,295138,4722208,295139,4722224,9444432,0,500000000,steady,0
baseline,1220,13555555420,500000000,late_window,late-one-eye,425000000,295138,4722208,295139,4722224,9444432,0,500000000,steady,0
baseline,1221,13566666531,500000000,late_window,late-one-eye,425000000,295138,4722208,295139,4722224,9444432,0,500000000,steady,0
baseline,1222,13577777642,500000000,late_window,late-one-eye,425000000,295138,4722208,295139,4722224,9444432,0,500000000,steady,0
baseline,1223,13588888753,500000000,late_window,late-one-eye,425000000,295138,4722208,295139,4722224,9444432,0,500000000,steady,0
baseline,1224,13599999864,500000000,late_window,late-one-eye,425000000,295138,4722208,295139,4722224,9444432,0,500000000,steady,0
baseline,1225,13611110975,500000000,late_window,late-one-eye,425000000,295138,4722208,295139,4722224,9444432,0,500000000,steady,0
baseline,1226,13622222086,500000000,late_window,late-one-eye,425000000,295138,4722208,295139,4722224,9444432,0,500000000,steady,0
baseline,1227,13633333197,500000000,late_window,late-one-eye,425000000,295138,4722208,295139,4722224,9444432,0,500000000,steady,0
baseline,1228,13644444308,500000000,late_window,late-one-eye,425000000,295138,4722208,295139,4722224,9444432,0,500000000,steady,0
baseline,1229,13655555419,500000000,late_window,late-one-eye,425000000,295138,4722208,295139,4722224,9444432,0,500000000,steady,0
baseline,1230,13666666530,500000000,late_window,late-one-eye,425000000,295138,4722208,295139,4722224,9444432,0,500000000,steady,0
baseline,1231,13677777641,500000000,late_window,late-one-eye,425000000,295138,4722208,295139,4722224,9444432,0,500000000,steady,0
baseline,1232,13688888752,500000000,late_window,late-one-eye,425000000,295138,4722208,295139,4722224,9444432,0,500000000,steady,0
baseline,1233,13699999863,500000000,late_window,late-one-eye,425000000,295138,4722208,295139,4722224,9444432,0,500000000,steady,0
baseline,1234,13711110974,500000000,late_window,late-one-eye,425000000,295138,4722208,295139,4722224,9444432,0,500000000,steady,0
baseline,1235,13722222085,500000000,late_window,late-one-eye,425000000,295138,4722208,295139,4722224,9444432,0,500000000,steady,0
baseline,1236,13733333196,500000000,late_window,late-one-eye,425000000,295138,4722208,295139,4722224,9444432,0,500000000,steady,0
baseline,1237,13744444307,500000000,late_window,late-one-eye,425000000,295138,4722208,295139,4722224,9444432,0,500000000,steady,0
baseline,1238,13755555418,500000000,late_window,late-one-eye,425000000,295138,4722208,295139,4722224,9444432,0,500000000,steady,0
baseline,1239,13766666529,500000000,late_window,late-one-eye,425000000,295138,4722208,295139,4722224,9444432,0,500000000,steady,0
baseline,1240,13777777640,500000000,late_window,late-one-eye,425000000,295138,4722208,295139,4722224,9444432,0,500000000,steady,0
baseline,1241,13788888751,500000000,late_window,late-one-eye,425000000,295138,4722208,295139,4722224,9444432,0,500000000,steady,0
baseline,1242,13799999862,500000000,late_window,late-one-eye,425000000,295138,4722208,295139,4722224,9444432,0,500000000,steady,0
baseline,1243,13811110973,500000000,late_window,late-one-eye,425000000,295138,4722208,295139,4722224,9444432,0,500000000,steady,0
baseline,1244,13822222084,500000000,late_window,late-one-eye,425000000,295138,4722208,295139,4722224,9444432,0,500000000,steady,0
baseline,1245,13833333195,500000000,late_window,late-one-eye,425000000,295138,4722208,295139,4722224,9444432,0,500000000,steady,0
baseline,1246,13844444306,500000000,late_window,late-one-eye,425000000,295138,4722208,295139,4722224,9444432,0,500000000,steady,0
baseline,1247,13855555417,500000000,late_window,late-one-eye,425000000,295138,4722208,295139,4722224,9444432,0,500000000,steady,0
baseline,1248,13866666528,500000000,late_window,late-one-eye,425000000,295138,4722208,295139,4722224,9444432,0,500000000,steady,0
baseline,1249,13877777639,500000000,late_window,late-one-eye,425000000,295138,4722208,295139,4722224,9444432,0,500000000,steady,0
baseline,1250,13888888750,500000000,late_window,late-one-eye,425000000,295138,4722208,295139,4722224,9444432,0,500000000,steady,0
baseline,1251,13899999861,500000000,late_window,late-one-eye,425000000,295138,4722208,295139,4722224,9444432,0,500000000,steady,0
baseline,1252,13911110972,500000000,late_window,late-one-eye,425000000,295138,4722208,295139,4722224,9444432,0,500000000,steady,0
baseline,1253,13922222083,500000000,late_window,late-one-eye,425000000,295138,4722208,295139,4722224,9444432,0,500000000,steady,0
baseline,1254,13933333194,500000000,late_window,late-one-eye,425000000,295138,4722208,295139,4722224,9444432,0,500000000,steady,0
baseline,1255,13944444305,500000000,late_window,late-one-eye,425000000,295138,4722208,295139,4722224,9444432,0,500000000,steady,0
baseline,1256,13955555416,500000000,late_window,late-one-eye,425000000,295138,4722208,295139,4722224,9444432,0,500000000,steady,0
baseline,1257,13966666527,500000000,late_window,late-one-eye,425000000,295138,4722208,295139,4722224,9444432,0,500000000,steady,0
baseline,1258,13977777638,500000000,late_window,late-one-eye,425000000,295138,4722208,295139,4722224,9444432,0,500000000,steady,0
baseline,1259,13988888749,500000000,late_window,late-one-eye,425000000,295138,4722208,295139,4722224,9444432,0,500000000,steady,0
baseline,1260,13999999860,500000000,late_window,late-one-eye,425000000,295138,4722208,295139,4722224,9444432,0,500000000,steady,0
baseline,1261,14011110971,500000000,late_window,late-one-eye,425000000,295138,4722208,295139,4722224,9444432,0,500000000,steady,0
baseline,1262,14022222082,500000000,late_window,late-one-eye,425000000,295138,4722208,295139,4722224,9444432,0,500000000,steady,0
baseline,1263,14033333193,500000000,late_window,late-one-eye,425000000,295138,4722208,295139,4722224,9444432,0,500000000,steady,0
baseline,1264,14044444304,500000000,late_window,late-one-eye,425000000,295138,4722208,295139,4722224,9444432,0,500000000,steady,0
baseline,1265,14055555415,500000000,late_window,late-one-eye,425000000,295138,4722208,295139,4722224,9444432,0,500000000,steady,0
baseline,1266,14066666526,500000000,late_window,late-one-eye,425000000,295138,4722208,295139,4722224,9444432,0,500000000,steady,0
baseline,1267,14077777637,500000000,late_window,late-one-eye,425000000,295138,4722208,295139,4722224,9444432,0,500000000,steady,0
baseline,1268,14088888748,500000000,late_window,late-one-eye,425000000,295138,4722208,295139,4722224,9444432,0,500000000,steady,0
baseline,1269,14099999859,500000000,late_window,late-one-eye,425000000,295138,4722208,295139,4722224,9444432,0,500000000,steady,0
baseline,1270,14111110970,500000000,late_window,late-one-eye,425000000,295138,4722208,295139,4722224,9444432,0,500000000,steady,0
baseline,1271,14122222081,500000000,late_window,late-one-eye,425000000,295138,4722208,295139,4722224,9444432,0,500000000,steady,0
baseline,1272,14133333192,500000000,late_window,late-one-eye,425000000,295138,4722208,295139,4722224,9444432,0,500000000,steady,0
baseline,1273,14144444303,500000000,late_window,late-one-eye,425000000,295138,4722208,295139,4722224,9444432,0,500000000,steady,0
baseline,1274,14155555414,500000000,late_window,late-one-eye,425000000,295138,4722208,295139,4722224,9444432,0,500000000,steady,0
baseline,1275,14166666525,500000000,late_window,late-one-eye,425000000,295138,4722208,295139,4722224,9444432,0,500000000,steady,0
baseline,1276,14177777636,500000000,late_window,late-one-eye,425000000,295138,4722208,295139,4722224,9444432,0,500000000,steady,0
baseline,1277,14188888747,500000000,late_window,late-one-eye,425000000,295138,4722208,295139,4722224,9444432,0,500000000,steady,0
baseline,1278,14199999858,500000000,late_window,late-one-eye,425000000,295138,4722208,295139,4722224,9444432,0,500000000,steady,0
baseline,1279,14211110969,500000000,late_window,late-one-eye,425000000,295138,4722208,295139,4722224,9444432,0,500000000,steady,0
baseline,1280,14222222080,500000000,late_window,late-one-eye,425000000,295138,4722208,295139,4722224,9444432,0,500000000,steady,0
baseline,1281,14233333191,500000000,late_window,late-one-eye,425000000,295138,4722208,295139,4722224,9444432,0,500000000,steady,0
baseline,1282,14244444302,500000000,late_window,late-one-eye,425000000,295138,4722208,295139,4722224,9444432,0,500000000,steady,0
baseline,1283,14255555413,500000000,late_window,late-one-eye,425000000,295138,4722208,295139,4722224,9444432,0,500000000,steady,0
baseline,1284,14266666524,500000000,late_window,late-one-eye,425000000,295138,4722208,295139,4722224,9444432,0,500000000,steady,0
baseline,1285,14277777635,500000000,late_window,late-one-eye,425000000,295138,4722208,295139,4722224,9444432,0,500000000,steady,0
baseline,1286,14288888746,500000000,late_window,late-one-eye,425000000,295138,4722208,295139,4722224,9444432,0,500000000,steady,0
baseline,1287,14299999857,500000000,late_window,late-one-eye,425000000,295138,4722208,295139,4722224,9444432,0,500000000,steady,0
baseline,1288,14311110968,500000000,late_window,late-one-eye,425000000,295138,4722208,295139,4722224,9444432,0,500000000,steady,0
baseline,1289,14322222079,500000000,late_window,late-one-eye,425000000,295138,4722208,295139,4722224,9444432,0,500000000,steady,0
baseline,1290,14333333190,500000000,late_window,late-one-eye,425000000,295138,4722208,295139,4722224,9444432,0,500000000,steady,0
baseline,1291,14344444301,500000000,late_window,late-one-eye,425000000,295138,4722208,295139,4722224,9444432,0,500000000,steady,0
baseline,1292,14355555412,500000000,late_window,late-one-eye,425000000,295138,4722208,295139,4722224,9444432,0,500000000,steady,0
baseline,1293,14366666523,500000000,late_window,late-one-eye,425000000,295138,4722208,295139,4722224,9444432,0,500000000,steady,0
baseline,1294,14377777634,500000000,late_window,late-one-eye,425000000,295138,4722208,295139,4722224,9444432,0,500000000,steady,0
baseline,1295,14388888745,500000000,late_window,late-one-eye,425000000,295138,4722208,295139,4722224,9444432,0,500000000,steady,0
baseline,1296,14399999856,500000000,late_window,late-one-eye,425000000,295138,4722208,295139,4722224,9444432,0,500000000,steady,0
baseline,1297,14411110967,500000000,late_window,late-one-eye,425000000,295138,4722208,295139,4722224,9444432,0,500000000,steady,0
baseline,1298,14422222078,500000000,late_window,late-one-eye,425000000,295138,4722208,295139,4722224,9444432,0,500000000,steady,0
baseline,1299,14433333189,500000000,late_window,late-one-eye,425000000,295138,4722208,295139,4722224,9444432,0,500000000,steady,0
baseline,1300,14444444300,500000000,late_window,late-one-eye,425000000,295138,4722208,295139,4722224,9444432,0,500000000,steady,0
baseline,1301,14455555411,500000000,late_window,late-one-eye,425000000,295138,4722208,295139,4722224,9444432,0,500000000,steady,0
baseline,1302,14466666522,500000000,late_window,late-one-eye,425000000,295138,4722208,295139,4722224,9444432,0,500000000,steady,0
baseline,1303,14477777633,500000000,late_window,late-one-eye,425000000,295138,4722208,295139,4722224,9444432,0,500000000,steady,0
baseline,1304,14488888744,500000000,late_window,late-one-eye,425000000,295138,4722208,295139,4722224,9444432,0,500000000,steady,0
baseline,1305,14499999855,500000000,late_window,late-one-eye,425000000,295138,4722208,295139,4722224,9444432,0,500000000,steady,0
baseline,1306,14511110966,500000000,late_window,late-one-eye,425000000,295138,4722208,295139,4722224,9444432,0,500000000,steady,0
baseline,1307,14522222077,500000000,late_window,late-one-eye,425000000,295138,4722208,295139,4722224,9444432,0,500000000,steady,0
baseline,1308,14533333188,500000000,late_window,late-one-eye,425000000,295138,4722208,295139,4722224,9444432,0,500000000,steady,0
baseline,1309,14544444299,500000000,late_window,late-one-eye,425000000,295138,4722208,295139,4722224,9444432,0,500000000,steady,0
baseline,1310,14555555410,500000000,late_window,late-one-eye,425000000,295138,4722208,295139,4722224,9444432,0,500000000,steady,0
baseline,1311,14566666521,500000000,late_window,late-one-eye,425000000,295138,4722208,295139,4722224,9444432,0,500000000,steady,0
baseline,1312,14577777632,500000000,late_window,late-one-eye,425000000,295138,4722208,295139,4722224,9444432,0,500000000,steady,0
baseline,1313,14588888743,500000000,late_window,late-one-eye,425000000,295138,4722208,295139,4722224,9444432,0,500000000,steady,0
baseline,1314,14599999854,500000000,late_window,late-one-eye,425000000,295138,4722208,295139,4722224,9444432,0,500000000,steady,0
baseline,1315,14611110965,500000000,late_window,late-one-eye,425000000,295138,4722208,295139,4722224,9444432,0,500000000,steady,0
baseline,1316,14622222076,500000000,late_window,late-one-eye,425000000,295138,4722208,295139,4722224,9444432,0,500000000,steady,0
baseline,1317,14633333187,500000000,late_window,late-one-eye,425000000,295138,4722208,295139,4722224,9444432,0,500000000,steady,0
baseline,1318,14644444298,500000000,late_window,late-one-eye,425000000,295138,4722208,295139,4722224,9444432,0,500000000,steady,0
baseline,1319,14655555409,500000000,late_window,late-one-eye,425000000,295138,4722208,295139,4722224,9444432,0,500000000,steady,0
baseline,1320,14666666520,500000000,late_window,late-one-eye,425000000,295138,4722208,295139,4722224,9444432,0,500000000,steady,0
baseline,1321,14677777631,500000000,late_window,late-one-eye,425000000,295138,4722208,295139,4722224,9444432,0,500000000,steady,0
baseline,1322,14688888742,500000000,late_window,late-one-eye,425000000,295138,4722208,295139,4722224,9444432,0,500000000,steady,0
baseline,1323,14699999853,500000000,late_window,late-one-eye,425000000,295138,4722208,295139,4722224,9444432,0,500000000,steady,0
baseline,1324,14711110964,500000000,late_window,late-one-eye,425000000,295138,4722208,295139,4722224,9444432,0,500000000,steady,0
baseline,1325,14722222075,500000000,late_window,late-one-eye,425000000,295138,4722208,295139,4722224,9444432,0,500000000,steady,0
baseline,1326,14733333186,500000000,late_window,late-one-eye,425000000,295138,4722208,295139,4722224,9444432,0,500000000,steady,0
baseline,1327,14744444297,500000000,late_window,late-one-eye,425000000,295138,4722208,295139,4722224,9444432,0,500000000,steady,0
baseline,1328,14755555408,500000000,late_window,late-one-eye,425000000,295138,4722208,295139,4722224,9444432,0,500000000,steady,0
baseline,1329,14766666519,500000000,late_window,late-one-eye,425000000,295138,4722208,295139,4722224,9444432,0,500000000,steady,0
baseline,1330,14777777630,500000000,late_window,late-one-eye,425000000,295138,4722208,295139,4722224,9444432,0,500000000,steady,0
baseline,1331,14788888741,500000000,late_window,late-one-eye,425000000,295138,4722208,295139,4722224,9444432,0,500000000,steady,0
baseline,1332,14799999852,500000000,late_window,late-one-eye,425000000,295138,4722208,295139,4722224,9444432,0,500000000,steady,0
baseline,1333,14811110963,500000000,late_window,late-one-eye,425000000,295138,4722208,295139,4722224,9444432,0,500000000,steady,0
baseline,1334,14822222074,500000000,late_window,late-one-eye,425000000,295138,4722208,295139,4722224,9444432,0,500000000,steady,0
baseline,1335,14833333185,500000000,late_window,late-one-eye,425000000,295138,4722208,295139,4722224,9444432,0,500000000,steady,0
baseline,1336,14844444296,500000000,late_window,late-one-eye,425000000,295138,4722208,295139,4722224,9444432,0,500000000,steady,0
baseline,1337,14855555407,500000000,late_window,late-one-eye,425000000,295138,4722208,295139,4722224,9444432,0,500000000,steady,0
baseline,1338,14866666518,500000000,late_window,late-one-eye,425000000,295138,4722208,295139,4722224,9444432,0,500000000,steady,0
baseline,1339,14877777629,500000000,late_window,late-one-eye,425000000,295138,4722208,295139,4722224,9444432,0,500000000,steady,0
baseline,1340,14888888740,500000000,late_window,late-one-eye,425000000,295138,4722208,295139,4722224,9444432,0,500000000,steady,0
baseline,1341,14899999851,500000000,late_window,late-one-eye,425000000,295138,4722208,295139,4722224,9444432,0,500000000,steady,0
baseline,1342,14911110962,500000000,late_window,late-one-eye,425000000,295138,4722208,295139,4722224,9444432,0,500000000,steady,0
baseline,1343,14922222073,500000000,late_window,late-one-eye,425000000,295138,4722208,295139,4722224,9444432,0,500000000,steady,0
baseline,1344,14933333184,500000000,late_window,late-one-eye,425000000,295138,4722208,295139,4722224,9444432,0,500000000,steady,0
baseline,1345,14944444295,500000000,late_window,late-one-eye,425000000,295138,4722208,295139,4722224,9444432,0,500000000,steady,0
baseline,1346,14955555406,500000000,late_window,late-one-eye,425000000,295138,4722208,295139,4722224,9444432,0,500000000,steady,0
baseline,1347,14966666517,500000000,late_window,late-one-eye,425000000,295138,4722208,295139,4722224,9444432,0,500000000,steady,0
baseline,1348,14977777628,500000000,late_window,late-one-eye,425000000,295138,4722208,295139,4722224,9444432,0,500000000,steady,0
baseline,1349,14988888739,500000000,late_window,late-one-eye,425000000,295138,4722208,295139,4722224,9444432,0,500000000,steady,0
baseline,1350,14999999850,500000000,late_window,late-one-eye,425000000,295138,4722208,295139,4722224,9444432,0,500000000,steady,0
baseline,1351,15011110961,500000000,late_window,late-one-eye,425000000,295138,4722208,295139,4722224,9444432,0,500000000,steady,0
baseline,1352,15022222072,500000000,late_window,late-one-eye,425000000,295138,4722208,295139,4722224,9444432,0,500000000,steady,0
baseline,1353,15033333183,500000000,late_window,late-one-eye,425000000,295138,4722208,295139,4722224,9444432,0,500000000,steady,0
baseline,1354,15044444294,500000000,late_window,late-one-eye,425000000,295138,4722208,295139,4722224,9444432,0,500000000,steady,0
baseline,1355,15055555405,500000000,late_window,late-one-eye,425000000,295138,4722208,295139,4722224,9444432,0,500000000,steady,0
baseline,1356,15066666516,500000000,late_window,late-one-eye,425000000,295138,4722208,295139,4722224,9444432,0,500000000,steady,0
baseline,1357,15077777627,500000000,late_window,late-one-eye,425000000,295138,4722208,295139,4722224,9444432,0,500000000,steady,0
baseline,1358,15088888738,500000000,late_window,late-one-eye,425000000,295138,4722208,295139,4722224,9444432,0,500000000,steady,0
baseline,1359,15099999849,500000000,late_window,late-one-eye,425000000,295138,4722208,295139,4722224,9444432,0,500000000,steady,0
baseline,1360,15111110960,500000000,late_window,late-one-eye,425000000,295138,4722208,295139,4722224,9444432,0,500000000,steady,0
baseline,1361,15122222071,500000000,late_window,late-one-eye,425000000,295138,4722208,295139,4722224,9444432,0,500000000,steady,0
baseline,1362,15133333182,500000000,late_window,late-one-eye,425000000,295138,4722208,295139,4722224,9444432,0,500000000,steady,0
baseline,1363,15144444293,500000000,late_window,late-one-eye,425000000,295138,4722208,295139,4722224,9444432,0,500000000,steady,0
baseline,1364,15155555404,500000000,late_window,late-one-eye,425000000,295138,4722208,295139,4722224,9444432,0,500000000,steady,0
baseline,1365,15166666515,500000000,late_window,late-one-eye,425000000,295138,4722208,295139,4722224,9444432,0,500000000,steady,0
baseline,1366,15177777626,500000000,late_window,late-one-eye,425000000,295138,4722208,295139,4722224,9444432,0,500000000,steady,0
baseline,1367,15188888737,500000000,late_window,late-one-eye,425000000,295138,4722208,295139,4722224,9444432,0,500000000,steady,0
baseline,1368,15199999848,500000000,late_window,late-one-eye,425000000,295138,4722208,295139,4722224,9444432,0,500000000,steady,0
baseline,1369,15211110959,500000000,late_window,late-one-eye,425000000,295138,4722208,295139,4722224,9444432,0,500000000,steady,0
baseline,1370,15222222070,500000000,late_window,late-one-eye,425000000,295138,4722208,295139,4722224,9444432,0,500000000,steady,0
baseline,1371,15233333181,500000000,late_window,late-one-eye,425000000,295138,4722208,295139,4722224,9444432,0,500000000,steady,0
baseline,1372,15244444292,500000000,late_window,late-one-eye,425000000,295138,4722208,295139,4722224,9444432,0,500000000,steady,0
baseline,1373,15255555403,500000000,late_window,late-one-eye,425000000,295138,4722208,295139,4722224,9444432,0,500000000,steady,0
baseline,1374,15266666514,500000000,late_window,late-one-eye,425000000,295138,4722208,295139,4722224,9444432,0,500000000,steady,0
baseline,1375,15277777625,500000000,late_window,late-one-eye,425000000,295138,4722208,295139,4722224,9444432,0,500000000,steady,0
baseline,1376,15288888736,500000000,late_window,late-one-eye,425000000,295138,4722208,295139,4722224,9444432,0,500000000,steady,0
baseline,1377,15299999847,500000000,late_window,late-one-eye,425000000,295138,4722208,295139,4722224,9444432,0,500000000,steady,0
baseline,1378,15311110958,500000000,late_window,late-one-eye,425000000,295138,4722208,295139,4722224,9444432,0,500000000,steady,0
baseline,1379,15322222069,500000000,late_window,late-one-eye,425000000,295138,4722208,295139,4722224,9444432,0,500000000,steady,0
baseline,1380,15333333180,500000000,late_window,late-one-eye,425000000,295138,4722208,295139,4722224,9444432,0,500000000,steady,0
baseline,1381,15344444291,500000000,late_window,late-one-eye,425000000,295138,4722208,295139,4722224,9444432,0,500000000,steady,0
baseline,1382,15355555402,500000000,late_window,late-one-eye,425000000,295138,4722208,295139,4722224,9444432,0,500000000,steady,0
baseline,1383,15366666513,500000000,late_window,late-one-eye,425000000,295138,4722208,295139,4722224,9444432,0,500000000,steady,0
baseline,1384,15377777624,500000000,late_window,late-one-eye,425000000,295138,4722208,295139,4722224,9444432,0,500000000,steady,0
baseline,1385,15388888735,500000000,late_window,late-one-eye,425000000,295138,4722208,295139,4722224,9444432,0,500000000,steady,0
baseline,1386,15399999846,500000000,late_window,late-one-eye,425000000,295138,4722208,295139,4722224,9444432,0,500000000,steady,0
baseline,1387,15411110957,500000000,late_window,late-one-eye,425000000,295138,4722208,295139,4722224,9444432,0,500000000,steady,0
baseline,1388,15422222068,500000000,late_window,late-one-eye,425000000,295138,4722208,295139,4722224,9444432,0,500000000,steady,0
baseline,1389,15433333179,500000000,late_window,late-one-eye,425000000,295138,4722208,295139,4722224,9444432,0,500000000,steady,0
baseline,1390,15444444290,500000000,late_window,late-one-eye,425000000,295138,4722208,295139,4722224,9444432,0,500000000,steady,0
baseline,1391,15455555401,500000000,late_window,late-one-eye,425000000,295138,4722208,295139,4722224,9444432,0,500000000,steady,0
baseline,1392,15466666512,500000000,late_window,late-one-eye,425000000,295138,4722208,295139,4722224,9444432,0,500000000,steady,0
baseline,1393,15477777623,500000000,late_window,late-one-eye,425000000,295138,4722208,295139,4722224,9444432,0,500000000,steady,0
baseline,1394,15488888734,500000000,late_window,late-one-eye,425000000,295138,4722208,295139,4722224,9444432,0,500000000,steady,0
baseline,1395,15499999845,500000000,late_window,late-one-eye,425000000,295138,4722208,295139,4722224,9444432,0,500000000,steady,0
baseline,1396,15511110956,500000000,late_window,late-one-eye,425000000,295138,4722208,295139,4722224,9444432,0,500000000,steady,0
baseline,1397,15522222067,500000000,late_window,late-one-eye,425000000,295138,4722208,295139,4722224,9444432,0,500000000,steady,0
baseline,1398,15533333178,500000000,late_window,late-one-eye,425000000,295138,4722208,295139,4722224,9444432,0,500000000,steady,0
baseline,1399,15544444289,500000000,late_window,late-one-eye,425000000,295138,4722208,295139,4722224,9444432,0,500000000,steady,0
baseline,1400,15555555400,500000000,late_window,late-one-eye,425000000,295138,4722208,295139,4722224,9444432,0,500000000,steady,0
baseline,1401,15566666511,500000000,late_window,late-one-eye,425000000,295138,4722208,295139,4722224,9444432,0,500000000,steady,0
baseline,1402,15577777622,500000000,late_window,late-one-eye,425000000,295138,4722208,295139,4722224,9444432,0,500000000,steady,0
baseline,1403,15588888733,500000000,late_window,late-one-eye,425000000,295138,4722208,295139,4722224,9444432,0,500000000,steady,0
baseline,1404,15599999844,500000000,late_window,late-one-eye,425000000,295138,4722208,295139,4722224,9444432,0,500000000,steady,0
baseline,1405,15611110955,500000000,late_window,late-one-eye,425000000,295138,4722208,295139,4722224,9444432,0,500000000,steady,0
baseline,1406,15622222066,500000000,late_window,late-one-eye,425000000,295138,4722208,295139,4722224,9444432,0,500000000,steady,0
baseline,1407,15633333177,500000000,late_window,late-one-eye,425000000,295138,4722208,295139,4722224,9444432,0,500000000,steady,0
baseline,1408,15644444288,500000000,late_window,late-one-eye,425000000,295138,4722208,295139,4722224,9444432,0,500000000,steady,0
baseline,1409,15655555399,500000000,late_window,late-one-eye,425000000,295138,4722208,295139,4722224,9444432,0,500000000,steady,0
baseline,1410,15666666510,500000000,late_window,late-one-eye,425000000,295138,4722208,295139,4722224,9444432,0,500000000,steady,0
baseline,1411,15677777621,500000000,late_window,late-one-eye,425000000,295138,4722208,295139,4722224,9444432,0,500000000,steady,0
baseline,1412,15688888732,500000000,late_window,late-one-eye,425000000,295138,4722208,295139,4722224,9444432,0,500000000,steady,0
baseline,1413,15699999843,500000000,late_window,late-one-eye,425000000,295138,4722208,295139,4722224,9444432,0,500000000,steady,0
baseline,1414,15711110954,500000000,late_window,late-one-eye,425000000,295138,4722208,295139,4722224,9444432,0,500000000,steady,0
baseline,1415,15722222065,500000000,late_window,late-one-eye,425000000,295138,4722208,295139,4722224,9444432,0,500000000,steady,0
baseline,1416,15733333176,500000000,late_window,late-one-eye,425000000,295138,4722208,295139,4722224,9444432,0,500000000,steady,0
baseline,1417,15744444287,500000000,late_window,late-one-eye,425000000,295138,4722208,295139,4722224,9444432,0,500000000,steady,0
baseline,1418,15755555398,500000000,late_window,late-one-eye,425000000,295138,4722208,295139,4722224,9444432,0,500000000,steady,0
baseline,1419,15766666509,500000000,late_window,late-one-eye,425000000,295138,4722208,295139,4722224,9444432,0,500000000,steady,0
baseline,1420,15777777620,500000000,late_window,late-one-eye,425000000,295138,4722208,295139,4722224,9444432,0,500000000,steady,0
baseline,1421,15788888731,500000000,late_window,late-one-eye,425000000,295138,4722208,295139,4722224,9444432,0,500000000,steady,0
baseline,1422,15799999842,500000000,late_window,late-one-eye,425000000,295138,4722208,295139,4722224,9444432,0,500000000,steady,0
baseline,1423,15811110953,500000000,late_window,late-one-eye,425000000,295138,4722208,295139,4722224,9444432,0,500000000,steady,0
baseline,1424,15822222064,500000000,late_window,late-one-eye,425000000,295138,4722208,295139,4722224,9444432,0,500000000,steady,0
baseline,1425,15833333175,500000000,late_window,late-one-eye,425000000,295138,4722208,295139,4722224,9444432,0,500000000,steady,0
baseline,1426,15844444286,500000000,late_window,late-one-eye,425000000,295138,4722208,295139,4722224,9444432,0,500000000,steady,0
baseline,1427,15855555397,500000000,late_window,late-one-eye,425000000,295138,4722208,295139,4722224,9444432,0,500000000,steady,0
baseline,1428,15866666508,500000000,late_window,late-one-eye,425000000,295138,4722208,295139,4722224,9444432,0,500000000,steady,0
baseline,1429,15877777619,500000000,late_window,late-one-eye,425000000,295138,4722208,295139,4722224,9444432,0,500000000,steady,0
baseline,1430,15888888730,500000000,late_window,late-one-eye,425000000,295138,4722208,295139,4722224,9444432,0,500000000,steady,0
baseline,1431,15899999841,500000000,late_window,late-one-eye,425000000,295138,4722208,295139,4722224,9444432,0,500000000,steady,0
baseline,1432,15911110952,500000000,late_window,late-one-eye,425000000,295138,4722208,295139,4722224,9444432,0,500000000,steady,0
baseline,1433,15922222063,500000000,late_window,late-one-eye,425000000,295138,4722208,295139,4722224,9444432,0,500000000,steady,0
baseline,1434,15933333174,500000000,late_window,late-one-eye,425000000,295138,4722208,295139,4722224,9444432,0,500000000,steady,0
baseline,1435,15944444285,500000000,late_window,late-one-eye,425000000,295138,4722208,295139,4722224,9444432,0,500000000,steady,0
baseline,1436,15955555396,500000000,late_window,late-one-eye,425000000,295138,4722208,295139,4722224,9444432,0,500000000,steady,0
baseline,1437,15966666507,500000000,late_window,late-one-eye,425000000,295138,4722208,295139,4722224,9444432,0,500000000,steady,0
baseline,1438,15977777618,500000000,late_window,late-one-eye,425000000,295138,4722208,295139,4722224,9444432,0,500000000,steady,0
baseline,1439,15988888729,500000000,late_window,late-one-eye,425000000,295138,4722208,295139,4722224,9444432,0,500000000,steady,0
baseline,1440,15999999840,500000000,late_window,late-one-eye,425000000,295138,4722208,295139,4722224,9444432,0,500000000,steady,0
baseline,1441,16011110951,500000000,late_window,late-one-eye,425000000,295138,4722208,295139,4722224,9444432,0,500000000,steady,0
baseline,1442,16022222062,500000000,late_window,late-one-eye,425000000,295138,4722208,295139,4722224,9444432,0,500000000,steady,0
baseline,1443,16033333173,500000000,late_window,late-one-eye,425000000,295138,4722208,295139,4722224,9444432,0,500000000,steady,0
baseline,1444,16044444284,500000000,late_window,late-one-eye,425000000,295138,4722208,295139,4722224,9444432,0,500000000,steady,0
baseline,1445,16055555395,500000000,late_window,late-one-eye,425000000,295138,4722208,295139,4722224,9444432,0,500000000,steady,0
baseline,1446,16066666506,500000000,late_window,late-one-eye,425000000,295138,4722208,295139,4722224,9444432,0,500000000,steady,0
baseline,1447,16077777617,500000000,late_window,late-one-eye,425000000,295138,4722208,295139,4722224,9444432,0,500000000,steady,0
baseline,1448,16088888728,500000000,late_window,late-one-eye,425000000,295138,4722208,295139,4722224,9444432,0,500000000,steady,0
baseline,1449,16099999839,500000000,late_window,late-one-eye,425000000,295138,4722208,295139,4722224,9444432,0,500000000,steady,0
baseline,1450,16111110950,500000000,late_window,late-one-eye,425000000,295138,4722208,295139,4722224,9444432,0,500000000,steady,0
baseline,1451,16122222061,500000000,late_window,late-one-eye,425000000,295138,4722208,295139,4722224,9444432,0,500000000,steady,0
baseline,1452,16133333172,500000000,late_window,late-one-eye,425000000,295138,4722208,295139,4722224,9444432,0,500000000,steady,0
baseline,1453,16144444283,500000000,late_window,late-one-eye,425000000,295138,4722208,295139,4722224,9444432,0,500000000,steady,0
baseline,1454,16155555394,500000000,late_window,late-one-eye,425000000,295138,4722208,295139,4722224,9444432,0,500000000,steady,0
baseline,1455,16166666505,500000000,late_window,late-one-eye,425000000,295138,4722208,295139,4722224,9444432,0,500000000,steady,0
baseline,1456,16177777616,500000000,late_window,late-one-eye,425000000,295138,4722208,295139,4722224,9444432,0,500000000,steady,0
baseline,1457,16188888727,500000000,late_window,late-one-eye,425000000,295138,4722208,295139,4722224,9444432,0,500000000,steady,0
baseline,1458,16199999838,500000000,late_window,late-one-eye,425000000,295138,4722208,295139,4722224,9444432,0,500000000,steady,0
baseline,1459,16211110949,500000000,late_window,late-one-eye,425000000,295138,4722208,295139,4722224,9444432,0,500000000,steady,0
baseline,1460,16222222060,500000000,late_window,late-one-eye,425000000,295138,4722208,295139,4722224,9444432,0,500000000,steady,0
baseline,1461,16233333171,500000000,late_window,late-one-eye,425000000,295138,4722208,295139,4722224,9444432,0,500000000,steady,0
baseline,1462,16244444282,500000000,late_window,late-one-eye,425000000,295138,4722208,295139,4722224,9444432,0,500000000,steady,0
baseline,1463,16255555393,500000000,late_window,late-one-eye,425000000,295138,4722208,295139,4722224,9444432,0,500000000,steady,0
baseline,1464,16266666504,500000000,late_window,late-one-eye,425000000,295138,4722208,295139,4722224,9444432,0,500000000,steady,0
baseline,1465,16277777615,500000000,late_window,late-one-eye,425000000,295138,4722208,295139,4722224,9444432,0,500000000,steady,0
baseline,1466,16288888726,500000000,late_window,late-one-eye,425000000,295138,4722208,295139,4722224,9444432,0,500000000,steady,0
baseline,1467,16299999837,500000000,late_window,late-one-eye,425000000,295138,4722208,295139,4722224,9444432,0,500000000,steady,0
baseline,1468,16311110948,500000000,late_window,late-one-eye,425000000,295138,4722208,295139,4722224,9444432,0,500000000,steady,0
baseline,1469,16322222059,500000000,late_window,late-one-eye,425000000,295138,4722208,295139,4722224,9444432,0,500000000,steady,0
baseline,1470,16333333170,500000000,late_window,late-one-eye,425000000,295138,4722208,295139,4722224,9444432,0,500000000,steady,0
baseline,1471,16344444281,500000000,late_window,late-one-eye,425000000,295138,4722208,295139,4722224,9444432,0,500000000,steady,0
baseline,1472,16355555392,500000000,late_window,late-one-eye,425000000,295138,4722208,295139,4722224,9444432,0,500000000,steady,0
baseline,1473,16366666503,500000000,late_window,late-one-eye,425000000,295138,4722208,295139,4722224,9444432,0,500000000,steady,0
baseline,1474,16377777614,500000000,late_window,late-one-eye,425000000,295138,4722208,295139,4722224,9444432,0,500000000,steady,0
baseline,1475,16388888725,500000000,late_window,late-one-eye,425000000,295138,4722208,295139,4722224,9444432,0,500000000,steady,0
baseline,1476,16399999836,500000000,late_window,late-one-eye,425000000,295138,4722208,295139,4722224,9444432,0,500000000,steady,0
baseline,1477,16411110947,500000000,late_window,late-one-eye,425000000,295138,4722208,295139,4722224,9444432,0,500000000,steady,0
baseline,1478,16422222058,500000000,late_window,late-one-eye,425000000,295138,4722208,295139,4722224,9444432,0,500000000,steady,0
baseline,1479,16433333169,500000000,late_window,late-one-eye,425000000,295138,4722208,295139,4722224,9444432,0,500000000,steady,0
baseline,1480,16444444280,500000000,late_window,late-one-eye,425000000,295138,4722208,295139,4722224,9444432,0,500000000,steady,0
baseline,1481,16455555391,500000000,late_window,late-one-eye,425000000,295138,4722208,295139,4722224,9444432,0,500000000,steady,0
baseline,1482,16466666502,500000000,late_window,late-one-eye,425000000,295138,4722208,295139,4722224,9444432,0,500000000,steady,0
baseline,1483,16477777613,500000000,late_window,late-one-eye,425000000,295138,4722208,295139,4722224,9444432,0,500000000,steady,0
baseline,1484,16488888724,500000000,late_window,late-one-eye,425000000,295138,4722208,295139,4722224,9444432,0,500000000,steady,0
baseline,1485,16499999835,500000000,late_window,late-one-eye,425000000,295138,4722208,295139,4722224,9444432,0,500000000,steady,0
baseline,1486,16511110946,500000000,late_window,late-one-eye,425000000,295138,4722208,295139,4722224,9444432,0,500000000,steady,0
baseline,1487,16522222057,500000000,late_window,late-one-eye,425000000,295138,4722208,295139,4722224,9444432,0,500000000,steady,0
baseline,1488,16533333168,500000000,late_window,late-one-eye,425000000,295138,4722208,295139,4722224,9444432,0,500000000,steady,0
baseline,1489,16544444279,500000000,late_window,late-one-eye,425000000,295138,4722208,295139,4722224,9444432,0,500000000,steady,0
baseline,1490,16555555390,500000000,late_window,late-one-eye,425000000,295138,4722208,295139,4722224,9444432,0,500000000,steady,0
baseline,1491,16566666501,500000000,late_window,late-one-eye,425000000,295138,4722208,295139,4722224,9444432,0,500000000,steady,0
baseline,1492,16577777612,500000000,late_window,late-one-eye,425000000,295138,4722208,295139,4722224,9444432,0,500000000,steady,0
baseline,1493,16588888723,500000000,late_window,late-one-eye,425000000,295138,4722208,295139,4722224,9444432,0,500000000,steady,0
baseline,1494,16599999834,500000000,late_window,late-one-eye,425000000,295138,4722208,295139,4722224,9444432,0,500000000,steady,0
baseline,1495,16611110945,500000000,late_window,late-one-eye,425000000,295138,4722208,295139,4722224,9444432,0,500000000,steady,0
baseline,1496,16622222056,500000000,late_window,late-one-eye,425000000,295138,4722208,295139,4722224,9444432,0,500000000,steady,0
baseline,1497,16633333167,500000000,late_window,late-one-eye,425000000,295138,4722208,295139,4722224,9444432,0,500000000,steady,0
baseline,1498,16644444278,500000000,late_window,late-one-eye,425000000,295138,4722208,295139,4722224,9444432,0,500000000,steady,0
baseline,1499,16655555389,500000000,late_window,late-one-eye,425000000,295138,4722208,295139,4722224,9444432,0,500000000,steady,0
baseline,1500,16666666500,500000000,late_window,late-one-eye,425000000,295138,4722208,295139,4722224,9444432,0,500000000,steady,0
baseline,1501,16677777611,500000000,late_window,late-one-eye,425000000,295138,4722208,295139,4722224,9444432,0,500000000,steady,0
baseline,1502,16688888722,500000000,late_window,late-one-eye,425000000,295138,4722208,295139,4722224,9444432,0,500000000,steady,0
baseline,1503,16699999833,500000000,late_window,late-one-eye,425000000,295138,4722208,295139,4722224,9444432,0,500000000,steady,0
baseline,1504,16711110944,500000000,late_window,late-one-eye,425000000,295138,4722208,295139,4722224,9444432,0,500000000,steady,0
baseline,1505,16722222055,500000000,late_window,late-one-eye,425000000,295138,4722208,295139,4722224,9444432,0,500000000,steady,0
baseline,1506,16733333166,500000000,late_window,late-one-eye,425000000,295138,4722208,295139,4722224,9444432,0,500000000,steady,0
baseline,1507,16744444277,500000000,late_window,late-one-eye,425000000,295138,4722208,295139,4722224,9444432,0,500000000,steady,0
baseline,1508,16755555388,500000000,late_window,late-one-eye,425000000,295138,4722208,295139,4722224,9444432,0,500000000,steady,0
baseline,1509,16766666499,500000000,late_window,late-one-eye,425000000,295138,4722208,295139,4722224,9444432,0,500000000,steady,0
baseline,1510,16777777610,500000000,late_window,late-one-eye,425000000,295138,4722208,295139,4722224,9444432,0,500000000,steady,0
baseline,1511,16788888721,500000000,late_window,late-one-eye,425000000,295138,4722208,295139,4722224,9444432,0,500000000,steady,0
baseline,1512,16799999832,500000000,late_window,late-one-eye,425000000,295138,4722208,295139,4722224,9444432,0,500000000,steady,0
baseline,1513,16811110943,500000000,late_window,late-one-eye,425000000,295138,4722208,295139,4722224,9444432,0,500000000,steady,0
baseline,1514,16822222054,500000000,late_window,late-one-eye,425000000,295138,4722208,295139,4722224,9444432,0,500000000,steady,0
baseline,1515,16833333165,500000000,late_window,late-one-eye,425000000,295138,4722208,295139,4722224,9444432,0,500000000,steady,0
baseline,1516,16844444276,500000000,late_window,late-one-eye,425000000,295138,4722208,295139,4722224,9444432,0,500000000,steady,0
baseline,1517,16855555387,500000000,late_window,late-one-eye,425000000,295138,4722208,295139,4722224,9444432,0,500000000,steady,0
baseline,1518,16866666498,500000000,late_window,late-one-eye,425000000,295138,4722208,295139,4722224,9444432,0,500000000,steady,0
baseline,1519,16877777609,500000000,late_window,late-one-eye,425000000,295138,4722208,295139,4722224,9444432,0,500000000,steady,0
baseline,1520,16888888720,500000000,late_window,late-one-eye,425000000,295138,4722208,295139,4722224,9444432,0,500000000,steady,0
baseline,1521,16899999831,500000000,late_window,late-one-eye,425000000,295138,4722208,295139,4722224,9444432,0,500000000,steady,0
baseline,1522,16911110942,500000000,late_window,late-one-eye,425000000,295138,4722208,295139,4722224,9444432,0,500000000,steady,0
baseline,1523,16922222053,500000000,late_window,late-one-eye,425000000,295138,4722208,295139,4722224,9444432,0,500000000,steady,0
baseline,1524,16933333164,500000000,late_window,late-one-eye,425000000,295138,4722208,295139,4722224,9444432,0,500000000,steady,0
baseline,1525,16944444275,500000000,late_window,late-one-eye,425000000,295138,4722208,295139,4722224,9444432,0,500000000,steady,0
baseline,1526,16955555386,500000000,late_window,late-one-eye,425000000,295138,4722208,295139,4722224,9444432,0,500000000,steady,0
baseline,1527,16966666497,500000000,late_window,late-one-eye,425000000,295138,4722208,295139,4722224,9444432,0,500000000,steady,0
baseline,1528,16977777608,500000000,late_window,late-one-eye,425000000,295138,4722208,295139,4722224,9444432,0,500000000,steady,0
baseline,1529,16988888719,500000000,late_window,late-one-eye,425000000,295138,4722208,295139,4722224,9444432,0,500000000,steady,0
baseline,1530,16999999830,500000000,late_window,late-one-eye,425000000,295138,4722208,295139,4722224,9444432,0,500000000,steady,0
baseline,1531,17011110941,500000000,late_window,late-one-eye,425000000,295138,4722208,295139,4722224,9444432,0,500000000,steady,0
baseline,1532,17022222052,500000000,late_window,late-one-eye,425000000,295138,4722208,295139,4722224,9444432,0,500000000,steady,0
baseline,1533,17033333163,500000000,late_window,late-one-eye,425000000,295138,4722208,295139,4722224,9444432,0,500000000,steady,0
baseline,1534,17044444274,500000000,late_window,late-one-eye,425000000,295138,4722208,295139,4722224,9444432,0,500000000,steady,0
baseline,1535,17055555385,500000000,late_window,late-one-eye,425000000,295138,4722208,295139,4722224,9444432,0,500000000,steady,0
baseline,1536,17066666496,500000000,late_window,late-one-eye,425000000,295138,4722208,295139,4722224,9444432,0,500000000,steady,0
baseline,1537,17077777607,500000000,late_window,late-one-eye,425000000,295138,4722208,295139,4722224,9444432,0,500000000,steady,0
baseline,1538,17088888718,500000000,late_window,late-one-eye,425000000,295138,4722208,295139,4722224,9444432,0,500000000,steady,0
baseline,1539,17099999829,500000000,late_window,late-one-eye,425000000,295138,4722208,295139,4722224,9444432,0,500000000,steady,0
baseline,1540,17111110940,500000000,late_window,late-one-eye,425000000,295138,4722208,295139,4722224,9444432,0,500000000,steady,0
baseline,1541,17122222051,500000000,late_window,late-one-eye,425000000,295138,4722208,295139,4722224,9444432,0,500000000,steady,0
baseline,1542,17133333162,500000000,late_window,late-one-eye,425000000,295138,4722208,295139,4722224,9444432,0,500000000,steady,0
baseline,1543,17144444273,500000000,late_window,late-one-eye,425000000,295138,4722208,295139,4722224,9444432,0,500000000,steady,0
baseline,1544,17155555384,500000000,late_window,late-one-eye,425000000,295138,4722208,295139,4722224,9444432,0,500000000,steady,0
baseline,1545,17166666495,500000000,late_window,late-one-eye,425000000,295138,4722208,295139,4722224,9444432,0,500000000,steady,0
baseline,1546,17177777606,500000000,late_window,late-one-eye,425000000,295138,4722208,295139,4722224,9444432,0,500000000,steady,0
baseline,1547,17188888717,500000000,late_window,late-one-eye,425000000,295138,4722208,295139,4722224,9444432,0,500000000,steady,0
baseline,1548,17199999828,500000000,late_window,late-one-eye,425000000,295138,4722208,295139,4722224,9444432,0,500000000,steady,0
baseline,1549,17211110939,500000000,late_window,late-one-eye,425000000,295138,4722208,295139,4722224,9444432,0,500000000,steady,0
baseline,1550,17222222050,500000000,late_window,late-one-eye,425000000,295138,4722208,295139,4722224,9444432,0,500000000,steady,0
baseline,1551,17233333161,500000000,late_window,late-one-eye,425000000,295138,4722208,295139,4722224,9444432,0,500000000,steady,0
baseline,1552,17244444272,500000000,late_window,late-one-eye,425000000,295138,4722208,295139,4722224,9444432,0,500000000,steady,0
baseline,1553,17255555383,500000000,late_window,late-one-eye,425000000,295138,4722208,295139,4722224,9444432,0,500000000,steady,0
baseline,1554,17266666494,500000000,late_window,late-one-eye,425000000,295138,4722208,295139,4722224,9444432,0,500000000,steady,0
baseline,1555,17277777605,500000000,late_window,late-one-eye,425000000,295138,4722208,295139,4722224,9444432,0,500000000,steady,0
baseline,1556,17288888716,500000000,late_window,late-one-eye,425000000,295138,4722208,295139,4722224,9444432,0,500000000,steady,0
baseline,1557,17299999827,500000000,late_window,late-one-eye,425000000,295138,4722208,295139,4722224,9444432,0,500000000,steady,0
baseline,1558,17311110938,500000000,late_window,late-one-eye,425000000,295138,4722208,295139,4722224,9444432,0,500000000,steady,0
baseline,1559,17322222049,500000000,late_window,late-one-eye,425000000,295138,4722208,295139,4722224,9444432,0,500000000,steady,0
baseline,1560,17333333160,500000000,late_window,late-one-eye,425000000,295138,4722208,295139,4722224,9444432,0,500000000,steady,0
baseline,1561,17344444271,500000000,late_window,late-one-eye,425000000,295138,4722208,295139,4722224,9444432,0,500000000,steady,0
baseline,1562,17355555382,500000000,late_window,late-one-eye,425000000,295138,4722208,295139,4722224,9444432,0,500000000,steady,0
baseline,1563,17366666493,500000000,late_window,late-one-eye,425000000,295138,4722208,295139,4722224,9444432,0,500000000,steady,0
baseline,1564,17377777604,500000000,late_window,late-one-eye,425000000,295138,4722208,295139,4722224,9444432,0,500000000,steady,0
baseline,1565,17388888715,500000000,late_window,late-one-eye,425000000,295138,4722208,295139,4722224,9444432,0,500000000,steady,0
baseline,1566,17399999826,500000000,late_window,late-one-eye,425000000,295138,4722208,295139,4722224,9444432,0,500000000,steady,0
baseline,1567,17411110937,500000000,late_window,late-one-eye,425000000,295138,4722208,295139,4722224,9444432,0,500000000,steady,0
baseline,1568,17422222048,500000000,late_window,late-one-eye,425000000,295138,4722208,295139,4722224,9444432,0,500000000,steady,0
baseline,1569,17433333159,500000000,late_window,late-one-eye,425000000,295138,4722208,295139,4722224,9444432,0,500000000,steady,0
baseline,1570,17444444270,500000000,late_window,late-one-eye,425000000,295138,4722208,295139,4722224,9444432,0,500000000,steady,0
baseline,1571,17455555381,500000000,late_window,late-one-eye,425000000,295138,4722208,295139,4722224,9444432,0,500000000,steady,0
baseline,1572,17466666492,500000000,late_window,late-one-eye,425000000,295138,4722208,295139,4722224,9444432,0,500000000,steady,0
baseline,1573,17477777603,500000000,late_window,late-one-eye,425000000,295138,4722208,295139,4722224,9444432,0,500000000,steady,0
baseline,1574,17488888714,500000000,late_window,late-one-eye,425000000,295138,4722208,295139,4722224,9444432,0,500000000,steady,0
baseline,1575,17499999825,500000000,late_window,late-one-eye,425000000,295138,4722208,295139,4722224,9444432,0,500000000,steady,0
baseline,1576,17511110936,500000000,late_window,late-one-eye,425000000,295138,4722208,295139,4722224,9444432,0,500000000,steady,0
baseline,1577,17522222047,500000000,late_window,late-one-eye,425000000,295138,4722208,295139,4722224,9444432,0,500000000,steady,0
baseline,1578,17533333158,500000000,late_window,late-one-eye,425000000,295138,4722208,295139,4722224,9444432,0,500000000,steady,0
baseline,1579,17544444269,500000000,late_window,late-one-eye,425000000,295138,4722208,295139,4722224,9444432,0,500000000,steady,0
baseline,1580,17555555380,500000000,late_window,late-one-eye,425000000,295138,4722208,295139,4722224,9444432,0,500000000,steady,0
baseline,1581,17566666491,500000000,late_window,late-one-eye,425000000,295138,4722208,295139,4722224,9444432,0,500000000,steady,0
baseline,1582,17577777602,500000000,late_window,late-one-eye,425000000,295138,4722208,295139,4722224,9444432,0,500000000,steady,0
baseline,1583,17588888713,500000000,late_window,late-one-eye,425000000,295138,4722208,295139,4722224,9444432,0,500000000,steady,0
baseline,1584,17599999824,500000000,late_window,late-one-eye,425000000,295138,4722208,295139,4722224,9444432,0,500000000,steady,0
baseline,1585,17611110935,500000000,late_window,late-one-eye,425000000,295138,4722208,295139,4722224,9444432,0,500000000,steady,0
baseline,1586,17622222046,500000000,late_window,late-one-eye,425000000,295138,4722208,295139,4722224,9444432,0,500000000,steady,0
baseline,1587,17633333157,500000000,late_window,late-one-eye,425000000,295138,4722208,295139,4722224,9444432,0,500000000,steady,0
baseline,1588,17644444268,500000000,late_window,late-one-eye,425000000,295138,4722208,295139,4722224,9444432,0,500000000,steady,0
baseline,1589,17655555379,500000000,late_window,late-one-eye,425000000,295138,4722208,295139,4722224,9444432,0,500000000,steady,0
baseline,1590,17666666490,500000000,late_window,late-one-eye,425000000,295138,4722208,295139,4722224,9444432,0,500000000,steady,0
baseline,1591,17677777601,500000000,late_window,late-one-eye,425000000,295138,4722208,295139,4722224,9444432,0,500000000,steady,0
baseline,1592,17688888712,500000000,late_window,late-one-eye,425000000,295138,4722208,295139,4722224,9444432,0,500000000,steady,0
baseline,1593,17699999823,500000000,late_window,late-one-eye,425000000,295138,4722208,295139,4722224,9444432,0,500000000,steady,0
baseline,1594,17711110934,500000000,late_window,late-one-eye,425000000,295138,4722208,295139,4722224,9444432,0,500000000,steady,0
baseline,1595,17722222045,500000000,late_window,late-one-eye,425000000,295138,4722208,295139,4722224,9444432,0,500000000,steady,0
baseline,1596,17733333156,500000000,late_window,late-one-eye,425000000,295138,4722208,295139,4722224,9444432,0,500000000,steady,0
baseline,1597,17744444267,500000000,late_window,late-one-eye,425000000,295138,4722208,295139,4722224,9444432,0,500000000,steady,0
baseline,1598,17755555378,500000000,late_window,late-one-eye,425000000,295138,4722208,295139,4722224,9444432,0,500000000,steady,0
baseline,1599,17766666489,500000000,late_window,late-one-eye,425000000,295138,4722208,295139,4722224,9444432,0,500000000,steady,0
baseline,1600,17777777600,500000000,late_window,late-one-eye,425000000,295138,4722208,295139,4722224,9444432,0,500000000,steady,0
baseline,1601,17788888711,500000000,late_window,late-one-eye,425000000,295138,4722208,295139,4722224,9444432,0,500000000,steady,0
baseline,1602,17799999822,500000000,late_window,late-one-eye,425000000,295138,4722208,295139,4722224,9444432,0,500000000,steady,0
baseline,1603,17811110933,500000000,late_window,late-one-eye,425000000,295138,4722208,295139,4722224,9444432,0,500000000,steady,0
baseline,1604,17822222044,500000000,late_window,late-one-eye,425000000,295138,4722208,295139,4722224,9444432,0,500000000,steady,0
baseline,1605,17833333155,500000000,late_window,late-one-eye,425000000,295138,4722208,295139,4722224,9444432,0,500000000,steady,0
baseline,1606,17844444266,500000000,late_window,late-one-eye,425000000,295138,4722208,295139,4722224,9444432,0,500000000,steady,0
baseline,1607,17855555377,500000000,late_window,late-one-eye,425000000,295138,4722208,295139,4722224,9444432,0,500000000,steady,0
baseline,1608,17866666488,500000000,late_window,late-one-eye,425000000,295138,4722208,295139,4722224,9444432,0,500000000,steady,0
baseline,1609,17877777599,500000000,late_window,late-one-eye,425000000,295138,4722208,295139,4722224,9444432,0,500000000,steady,0
baseline,1610,17888888710,500000000,late_window,late-one-eye,425000000,295138,4722208,295139,4722224,9444432,0,500000000,steady,0
baseline,1611,17899999821,500000000,late_window,late-one-eye,425000000,295138,4722208,295139,4722224,9444432,0,500000000,steady,0
baseline,1612,17911110932,500000000,late_window,late-one-eye,425000000,295138,4722208,295139,4722224,9444432,0,500000000,steady,0
baseline,1613,17922222043,500000000,late_window,late-one-eye,425000000,295138,4722208,295139,4722224,9444432,0,500000000,steady,0
baseline,1614,17933333154,500000000,late_window,late-one-eye,425000000,295138,4722208,295139,4722224,9444432,0,500000000,steady,0
baseline,1615,17944444265,500000000,late_window,late-one-eye,425000000,295138,4722208,295139,4722224,9444432,0,500000000,steady,0
baseline,1616,17955555376,500000000,late_window,late-one-eye,425000000,295138,4722208,295139,4722224,9444432,0,500000000,steady,0
baseline,1617,17966666487,500000000,late_window,late-one-eye,425000000,295138,4722208,295139,4722224,9444432,0,500000000,steady,0
baseline,1618,17977777598,500000000,late_window,late-one-eye,425000000,295138,4722208,295139,4722224,9444432,0,500000000,steady,0
baseline,1619,17988888709,500000000,late_window,late-one-eye,425000000,295138,4722208,295139,4722224,9444432,0,500000000,steady,0
baseline,1620,17999999820,500000000,late_window,late-one-eye,425000000,295138,4722208,295139,4722224,9444432,0,500000000,steady,0
baseline,1621,18011110931,500000000,late_window,late-one-eye,425000000,295138,4722208,295139,4722224,9444432,0,500000000,steady,0
baseline,1622,18022222042,500000000,late_window,late-one-eye,425000000,295138,4722208,295139,4722224,9444432,0,500000000,steady,0
baseline,1623,18033333153,500000000,late_window,late-one-eye,425000000,295138,4722208,295139,4722224,9444432,0,500000000,steady,0
baseline,1624,18044444264,500000000,late_window,late-one-eye,425000000,295138,4722208,295139,4722224,9444432,0,500000000,steady,0
baseline,1625,18055555375,500000000,late_window,late-one-eye,425000000,295138,4722208,295139,4722224,9444432,0,500000000,steady,0
baseline,1626,18066666486,500000000,late_window,late-one-eye,425000000,295138,4722208,295139,4722224,9444432,0,500000000,steady,0
baseline,1627,18077777597,500000000,late_window,late-one-eye,425000000,295138,4722208,295139,4722224,9444432,0,500000000,steady,0
baseline,1628,18088888708,500000000,late_window,late-one-eye,425000000,295138,4722208,295139,4722224,9444432,0,500000000,steady,0
baseline,1629,18099999819,500000000,late_window,late-one-eye,425000000,295138,4722208,295139,4722224,9444432,0,500000000,steady,0
baseline,1630,18111110930,500000000,late_window,late-one-eye,425000000,295138,4722208,295139,4722224,9444432,0,500000000,steady,0
baseline,1631,18122222041,500000000,late_window,late-one-eye,425000000,295138,4722208,295139,4722224,9444432,0,500000000,steady,0
baseline,1632,18133333152,500000000,late_window,late-one-eye,425000000,295138,4722208,295139,4722224,9444432,0,500000000,steady,0
baseline,1633,18144444263,500000000,late_window,late-one-eye,425000000,295138,4722208,295139,4722224,9444432,0,500000000,steady,0
baseline,1634,18155555374,500000000,late_window,late-one-eye,425000000,295138,4722208,295139,4722224,9444432,0,500000000,steady,0
baseline,1635,18166666485,500000000,late_window,late-one-eye,425000000,295138,4722208,295139,4722224,9444432,0,500000000,steady,0
baseline,1636,18177777596,500000000,late_window,late-one-eye,425000000,295138,4722208,295139,4722224,9444432,0,500000000,steady,0
baseline,1637,18188888707,500000000,late_window,late-one-eye,425000000,295138,4722208,295139,4722224,9444432,0,500000000,steady,0
baseline,1638,18199999818,500000000,late_window,late-one-eye,425000000,295138,4722208,295139,4722224,9444432,0,500000000,steady,0
baseline,1639,18211110929,500000000,late_window,late-one-eye,425000000,295138,4722208,295139,4722224,9444432,0,500000000,steady,0
baseline,1640,18222222040,500000000,late_window,late-one-eye,425000000,295138,4722208,295139,4722224,9444432,0,500000000,steady,0
baseline,1641,18233333151,500000000,late_window,late-one-eye,425000000,295138,4722208,295139,4722224,9444432,0,500000000,steady,0
baseline,1642,18244444262,500000000,late_window,late-one-eye,425000000,295138,4722208,295139,4722224,9444432,0,500000000,steady,0
baseline,1643,18255555373,500000000,late_window,late-one-eye,425000000,295138,4722208,295139,4722224,9444432,0,500000000,steady,0
baseline,1644,18266666484,500000000,late_window,late-one-eye,425000000,295138,4722208,295139,4722224,9444432,0,500000000,steady,0
baseline,1645,18277777595,500000000,late_window,late-one-eye,425000000,295138,4722208,295139,4722224,9444432,0,500000000,steady,0
baseline,1646,18288888706,500000000,late_window,late-one-eye,425000000,295138,4722208,295139,4722224,9444432,0,500000000,steady,0
baseline,1647,18299999817,500000000,late_window,late-one-eye,425000000,295138,4722208,295139,4722224,9444432,0,500000000,steady,0
baseline,1648,18311110928,500000000,late_window,late-one-eye,425000000,295138,4722208,295139,4722224,9444432,0,500000000,steady,0
baseline,1649,18322222039,500000000,late_window,late-one-eye,425000000,295138,4722208,295139,4722224,9444432,0,500000000,steady,0
baseline,1650,18333333150,500000000,late_window,late-one-eye,425000000,295138,4722208,295139,4722224,9444432,0,500000000,steady,0
baseline,1651,18344444261,500000000,late_window,late-one-eye,425000000,295138,4722208,295139,4722224,9444432,0,500000000,steady,0
baseline,1652,18355555372,500000000,late_window,late-one-eye,425000000,295138,4722208,295139,4722224,9444432,0,500000000,steady,0
baseline,1653,18366666483,500000000,late_window,late-one-eye,425000000,295138,4722208,295139,4722224,9444432,0,500000000,steady,0
baseline,1654,18377777594,500000000,late_window,late-one-eye,425000000,295138,4722208,295139,4722224,9444432,0,500000000,steady,0
baseline,1655,18388888705,500000000,late_window,late-one-eye,425000000,295138,4722208,295139,4722224,9444432,0,500000000,steady,0
baseline,1656,18399999816,500000000,late_window,late-one-eye,425000000,295138,4722208,295139,4722224,9444432,0,500000000,steady,0
baseline,1657,18411110927,500000000,late_window,late-one-eye,425000000,295138,4722208,295139,4722224,9444432,0,500000000,steady,0
baseline,1658,18422222038,500000000,late_window,late-one-eye,425000000,295138,4722208,295139,4722224,9444432,0,500000000,steady,0
baseline,1659,18433333149,500000000,late_window,late-one-eye,425000000,295138,4722208,295139,4722224,9444432,0,500000000,steady,0
baseline,1660,18444444260,500000000,late_window,late-one-eye,425000000,295138,4722208,295139,4722224,9444432,0,500000000,steady,0
baseline,1661,18455555371,500000000,late_window,late-one-eye,425000000,295138,4722208,295139,4722224,9444432,0,500000000,steady,0
baseline,1662,18466666482,500000000,late_window,late-one-eye,425000000,295138,4722208,295139,4722224,9444432,0,500000000,steady,0
baseline,1663,18477777593,500000000,late_window,late-one-eye,425000000,295138,4722208,295139,4722224,9444432,0,500000000,steady,0
baseline,1664,18488888704,500000000,late_window,late-one-eye,425000000,295138,4722208,295139,4722224,9444432,0,500000000,steady,0
baseline,1665,18499999815,500000000,late_window,late-one-eye,425000000,295138,4722208,295139,4722224,9444432,0,500000000,steady,0
baseline,1666,18511110926,500000000,late_window,late-one-eye,425000000,295138,4722208,295139,4722224,9444432,0,500000000,steady,0
baseline,1667,18522222037,500000000,late_window,late-one-eye,425000000,295138,4722208,295139,4722224,9444432,0,500000000,steady,0
baseline,1668,18533333148,500000000,late_window,late-one-eye,425000000,295138,4722208,295139,4722224,9444432,0,500000000,steady,0
baseline,1669,18544444259,500000000,late_window,late-one-eye,425000000,295138,4722208,295139,4722224,9444432,0,500000000,steady,0
baseline,1670,18555555370,500000000,late_window,late-one-eye,425000000,295138,4722208,295139,4722224,9444432,0,500000000,steady,0
baseline,1671,18566666481,500000000,late_window,late-one-eye,425000000,295138,4722208,295139,4722224,9444432,0,500000000,steady,0
baseline,1672,18577777592,500000000,late_window,late-one-eye,425000000,295138,4722208,295139,4722224,9444432,0,500000000,steady,0
baseline,1673,18588888703,500000000,late_window,late-one-eye,425000000,295138,4722208,295139,4722224,9444432,0,500000000,steady,0
baseline,1674,18599999814,500000000,late_window,late-one-eye,425000000,295138,4722208,295139,4722224,9444432,0,500000000,steady,0
baseline,1675,18611110925,500000000,late_window,late-one-eye,425000000,295138,4722208,295139,4722224,9444432,0,500000000,steady,0
baseline,1676,18622222036,500000000,late_window,late-one-eye,425000000,295138,4722208,295139,4722224,9444432,0,500000000,steady,0
baseline,1677,18633333147,500000000,late_window,late-one-eye,425000000,295138,4722208,295139,4722224,9444432,0,500000000,steady,0
baseline,1678,18644444258,500000000,late_window,late-one-eye,425000000,295138,4722208,295139,4722224,9444432,0,500000000,steady,0
baseline,1679,18655555369,500000000,late_window,late-one-eye,425000000,295138,4722208,295139,4722224,9444432,0,500000000,steady,0
baseline,1680,18666666480,500000000,late_window,late-one-eye,425000000,295138,4722208,295139,4722224,9444432,0,500000000,steady,0
baseline,1681,18677777591,500000000,late_window,late-one-eye,425000000,295138,4722208,295139,4722224,9444432,0,500000000,steady,0
baseline,1682,18688888702,500000000,late_window,late-one-eye,425000000,295138,4722208,295139,4722224,9444432,0,500000000,steady,0
baseline,1683,18699999813,500000000,late_window,late-one-eye,425000000,295138,4722208,295139,4722224,9444432,0,500000000,steady,0
baseline,1684,18711110924,500000000,late_window,late-one-eye,425000000,295138,4722208,295139,4722224,9444432,0,500000000,steady,0
baseline,1685,18722222035,500000000,late_window,late-one-eye,425000000,295138,4722208,295139,4722224,9444432,0,500000000,steady,0
baseline,1686,18733333146,500000000,late_window,late-one-eye,425000000,295138,4722208,295139,4722224,9444432,0,500000000,steady,0
baseline,1687,18744444257,500000000,late_window,late-one-eye,425000000,295138,4722208,295139,4722224,9444432,0,500000000,steady,0
baseline,1688,18755555368,500000000,late_window,late-one-eye,425000000,295138,4722208,295139,4722224,9444432,0,500000000,steady,0
baseline,1689,18766666479,500000000,late_window,late-one-eye,425000000,295138,4722208,295139,4722224,9444432,0,500000000,steady,0
baseline,1690,18777777590,500000000,late_window,late-one-eye,425000000,295138,4722208,295139,4722224,9444432,0,500000000,steady,0
baseline,1691,18788888701,500000000,late_window,late-one-eye,425000000,295138,4722208,295139,4722224,9444432,0,500000000,steady,0
baseline,1692,18799999812,500000000,late_window,late-one-eye,425000000,295138,4722208,295139,4722224,9444432,0,500000000,steady,0
baseline,1693,18811110923,500000000,late_window,late-one-eye,425000000,295138,4722208,295139,4722224,9444432,0,500000000,steady,0
baseline,1694,18822222034,500000000,late_window,late-one-eye,425000000,295138,4722208,295139,4722224,9444432,0,500000000,steady,0
baseline,1695,18833333145,500000000,late_window,late-one-eye,425000000,295138,4722208,295139,4722224,9444432,0,500000000,steady,0
baseline,1696,18844444256,500000000,late_window,late-one-eye,425000000,295138,4722208,295139,4722224,9444432,0,500000000,steady,0
baseline,1697,18855555367,500000000,late_window,late-one-eye,425000000,295138,4722208,295139,4722224,9444432,0,500000000,steady,0
baseline,1698,18866666478,500000000,late_window,late-one-eye,425000000,295138,4722208,295139,4722224,9444432,0,500000000,steady,0
baseline,1699,18877777589,500000000,late_window,late-one-eye,425000000,295138,4722208,295139,4722224,9444432,0,500000000,steady,0
baseline,1700,18888888700,500000000,late_window,late-one-eye,425000000,295138,4722208,295139,4722224,9444432,0,500000000,steady,0
baseline,1701,18899999811,500000000,late_window,late-one-eye,425000000,295138,4722208,295139,4722224,9444432,0,500000000,steady,0
baseline,1702,18911110922,500000000,late_window,late-one-eye,425000000,295138,4722208,295139,4722224,9444432,0,500000000,steady,0
baseline,1703,18922222033,500000000,late_window,late-one-eye,425000000,295138,4722208,295139,4722224,9444432,0,500000000,steady,0
baseline,1704,18933333144,500000000,late_window,late-one-eye,425000000,295138,4722208,295139,4722224,9444432,0,500000000,steady,0
baseline,1705,18944444255,500000000,late_window,late-one-eye,425000000,295138,4722208,295139,4722224,9444432,0,500000000,steady,0
baseline,1706,18955555366,500000000,late_window,late-one-eye,425000000,295138,4722208,295139,4722224,9444432,0,500000000,steady,0
baseline,1707,18966666477,500000000,late_window,late-one-eye,425000000,295138,4722208,295139,4722224,9444432,0,500000000,steady,0
baseline,1708,18977777588,500000000,late_window,late-one-eye,425000000,295138,4722208,295139,4722224,9444432,0,500000000,steady,0
baseline,1709,18988888699,500000000,late_window,late-one-eye,425000000,295138,4722208,295139,4722224,9444432,0,500000000,steady,0
baseline,1710,18999999810,500000000,late_window,late-one-eye,425000000,295138,4722208,295139,4722224,9444432,0,500000000,steady,0
baseline,1711,19011110921,500000000,late_window,late-one-eye,425000000,295138,4722208,295139,4722224,9444432,0,500000000,steady,0
baseline,1712,19022222032,500000000,late_window,late-one-eye,425000000,295138,4722208,295139,4722224,9444432,0,500000000,steady,0
baseline,1713,19033333143,500000000,late_window,late-one-eye,425000000,295138,4722208,295139,4722224,9444432,0,500000000,steady,0
baseline,1714,19044444254,500000000,late_window,late-one-eye,425000000,295138,4722208,295139,4722224,9444432,0,500000000,steady,0
baseline,1715,19055555365,500000000,late_window,late-one-eye,425000000,295138,4722208,295139,4722224,9444432,0,500000000,steady,0
baseline,1716,19066666476,500000000,late_window,late-one-eye,425000000,295138,4722208,295139,4722224,9444432,0,500000000,steady,0
baseline,1717,19077777587,500000000,late_window,late-one-eye,425000000,295138,4722208,295139,4722224,9444432,0,500000000,steady,0
baseline,1718,19088888698,500000000,late_window,late-one-eye,425000000,295138,4722208,295139,4722224,9444432,0,500000000,steady,0
baseline,1719,19099999809,500000000,late_window,late-one-eye,425000000,295138,4722208,295139,4722224,9444432,0,500000000,steady,0
baseline,1720,19111110920,500000000,late_window,late-one-eye,425000000,295138,4722208,295139,4722224,9444432,0,500000000,steady,0
baseline,1721,19122222031,500000000,late_window,late-one-eye,425000000,295138,4722208,295139,4722224,9444432,0,500000000,steady,0
baseline,1722,19133333142,500000000,late_window,late-one-eye,425000000,295138,4722208,295139,4722224,9444432,0,500000000,steady,0
baseline,1723,19144444253,500000000,late_window,late-one-eye,425000000,295138,4722208,295139,4722224,9444432,0,500000000,steady,0
baseline,1724,19155555364,500000000,late_window,late-one-eye,425000000,295138,4722208,295139,4722224,9444432,0,500000000,steady,0
baseline,1725,19166666475,500000000,late_window,late-one-eye,425000000,295138,4722208,295139,4722224,9444432,0,500000000,steady,0
baseline,1726,19177777586,500000000,late_window,late-one-eye,425000000,295138,4722208,295139,4722224,9444432,0,500000000,steady,0
baseline,1727,19188888697,500000000,late_window,late-one-eye,425000000,295138,4722208,295139,4722224,9444432,0,500000000,steady,0
baseline,1728,19199999808,500000000,late_window,late-one-eye,425000000,295138,4722208,295139,4722224,9444432,0,500000000,steady,0
baseline,1729,19211110919,500000000,late_window,late-one-eye,425000000,295138,4722208,295139,4722224,9444432,0,500000000,steady,0
baseline,1730,19222222030,500000000,late_window,late-one-eye,425000000,295138,4722208,295139,4722224,9444432,0,500000000,steady,0
baseline,1731,19233333141,500000000,late_window,late-one-eye,425000000,295138,4722208,295139,4722224,9444432,0,500000000,steady,0
baseline,1732,19244444252,500000000,late_window,late-one-eye,425000000,295138,4722208,295139,4722224,9444432,0,500000000,steady,0
baseline,1733,19255555363,500000000,late_window,late-one-eye,425000000,295138,4722208,295139,4722224,9444432,0,500000000,steady,0
baseline,1734,19266666474,500000000,late_window,late-one-eye,425000000,295138,4722208,295139,4722224,9444432,0,500000000,steady,0
baseline,1735,19277777585,500000000,late_window,late-one-eye,425000000,295138,4722208,295139,4722224,9444432,0,500000000,probe,1
baseline,1736,19288888696,500000000,late_window,late-one-eye,550000000,381944,6111104,381944,6111104,12222208,0,500000000,probe,0
baseline,1737,19299999807,500000000,late_window,late-one-eye,550000000,381944,6111104,381944,6111104,12222208,1111097,500000000,probe,0
baseline,1738,19311110918,500000000,late_window,late-one-eye,550000000,381944,6111104,381944,6111104,12222208,2222194,500000000,probe,0
baseline,1739,19322222029,500000000,late_window,late-one-eye,550000000,381944,6111104,381944,6111104,12222208,3333291,500000000,probe,0
baseline,1740,19333333140,500000000,late_window,late-one-eye,550000000,381944,6111104,381944,6111104,12222208,4444388,500000000,probe,0
baseline,1741,19344444251,500000000,late_window,late-one-eye,550000000,381944,6111104,381944,6111104,12222208,5555485,500000000,probe,0
baseline,1742,19355555362,500000000,late_window,late-one-eye,550000000,381944,6111104,381944,6111104,12222208,6666582,500000000,probe,0
baseline,1743,19366666473,500000000,late_window,late-one-eye,550000000,381944,6111104,381944,6111104,12222208,7777679,500000000,probe,0
baseline,1744,19377777584,500000000,late_window,late-one-eye,550000000,381944,6111104,381944,6111104,12222208,8888776,500000000,probe,0
baseline,1745,19388888695,500000000,late_window,late-one-eye,550000000,381944,6111104,381944,6111104,12222208,9999873,500000000,probe,0
baseline,1746,19399999806,500000000,late_window,late-one-eye,550000000,381944,6111104,381944,6111104,12222208,11110970,500000000,probe,0
baseline,1747,19411110917,500000000,late_window,late-one-eye,550000000,381944,6111104,381944,6111104,12222208,12222067,500000000,probe,0
baseline,1748,19422222028,500000000,late_window,late-one-eye,550000000,381944,6111104,381944,6111104,12222208,13333164,500000000,probe,0
baseline,1749,19433333139,500000000,late_window,late-one-eye,550000000,381944,6111104,381944,6111104,12222208,14444261,500000000,probe,0
baseline,1750,19444444250,500000000,late_window,late-one-eye,550000000,381944,6111104,381944,6111104,12222208,15555358,500000000,probe,0
baseline,1751,19455555361,500000000,late_window,late-one-eye,550000000,381944,6111104,381944,6111104,12222208,16666455,500000000,probe,0
baseline,1752,19466666472,500000000,late_window,late-one-eye,550000000,381944,6111104,381944,6111104,12222208,17777552,500000000,probe,0
baseline,1753,19477777583,500000000,late_window,late-one-eye,550000000,381944,6111104,381944,6111104,12222208,18888649,500000000,probe,0
baseline,1754,19488888694,500000000,late_window,late-one-eye,550000000,381944,6111104,381944,6111104,12222208,19999746,500000000,probe,0
baseline,1755,19499999805,500000000,late_window,late-one-eye,550000000,381944,6111104,381944,6111104,12222208,21110843,500000000,probe,0
baseline,1756,19511110916,500000000,late_window,late-one-eye,550000000,381944,6111104,381944,6111104,12222208,22221940,500000000,probe,0
baseline,1757,19522222027,500000000,late_window,late-one-eye,550000000,381944,6111104,381944,6111104,12222208,23333037,500000000,probe,0
baseline,1758,19533333138,500000000,late_window,late-one-eye,550000000,381944,6111104,381944,6111104,12222208,24444134,500000000,probe,0
baseline,1759,19544444249,500000000,late_window,late-one-eye,550000000,381944,6111104,381944,6111104,12222208,25555231,500000000,probe,0
baseline,1760,19555555360,500000000,late_window,late-one-eye,550000000,381944,6111104,381944,6111104,12222208,26666328,500000000,probe,0
baseline,1761,19566666471,500000000,late_window,late-one-eye,550000000,381944,6111104,381944,6111104,12222208,27777425,500000000,probe,0
baseline,1762,19577777582,500000000,late_window,late-one-eye,550000000,381944,6111104,381944,6111104,12222208,28888522,500000000,probe,0
baseline,1763,19588888693,500000000,late_window,late-one-eye,550000000,381944,6111104,381944,6111104,12222208,29999619,500000000,probe,0
baseline,1764,19599999804,500000000,late_window,late-one-eye,550000000,381944,6111104,381944,6111104,12222208,31110716,500000000,probe,0
baseline,1765,19611110915,500000000,late_window,late-one-eye,550000000,381944,6111104,381944,6111104,12222208,32221813,500000000,probe,0
baseline,1766,19622222026,500000000,late_window,late-one-eye,550000000,381944,6111104,381944,6111104,12222208,33332910,500000000,probe,0
baseline,1767,19633333137,500000000,late_window,late-one-eye,550000000,381944,6111104,381944,6111104,12222208,34444007,500000000,probe,0
baseline,1768,19644444248,500000000,late_window,late-one-eye,550000000,381944,6111104,381944,6111104,12222208,35555104,500000000,probe,0
baseline,1769,19655555359,500000000,late_window,late-one-eye,550000000,381944,6111104,381944,6111104,12222208,36666201,500000000,probe,0
baseline,1770,19666666470,500000000,late_window,late-one-eye,550000000,381944,6111104,381944,6111104,12222208,37777298,500000000,probe,0
baseline,1771,19677777581,500000000,late_window,late-one-eye,550000000,381944,6111104,381944,6111104,12222208,38888395,500000000,probe,0
baseline,1772,19688888692,500000000,late_window,late-one-eye,550000000,381944,6111104,381944,6111104,12222208,39999492,500000000,probe,0
baseline,1773,19699999803,500000000,late_window,late-one-eye,550000000,381944,6111104,381944,6111104,12222208,41110589,500000000,probe,0
baseline,1774,19711110914,500000000,late_window,late-one-eye,550000000,381944,6111104,381944,6111104,12222208,42221686,500000000,probe,0
baseline,1775,19722222025,500000000,late_window,late-one-eye,550000000,381944,6111104,381944,6111104,12222208,43332783,500000000,probe,0
baseline,1776,19733333136,500000000,late_window,late-one-eye,550000000,381944,6111104,381944,6111104,12222208,44443880,500000000,probe,0
baseline,1777,19744444247,500000000,late_window,late-one-eye,550000000,381944,6111104,381944,6111104,12222208,45554977,500000000,steady,0
baseline,1778,19755555358,500000000,late_window,late-one-eye,425000000,295138,4722208,295139,4722224,9444432,46666074,500000000,steady,0
baseline,1779,19766666469,500000000,late_window,late-one-eye,425000000,295138,4722208,295139,4722224,9444432,44999395,500000000,steady,0
baseline,1780,19777777580,500000000,late_window,late-one-eye,425000000,295138,4722208,295139,4722224,9444432,43332716,500000000,steady,0
baseline,1781,19788888691,500000000,late_window,late-one-eye,425000000,295138,4722208,295139,4722224,9444432,41666037,500000000,steady,0
baseline,1782,19799999802,500000000,late_window,late-one-eye,425000000,295138,4722208,295139,4722224,9444432,39999358,500000000,steady,0
baseline,1783,19811110913,500000000,late_window,late-one-eye,425000000,295138,4722208,295139,4722224,9444432,38332679,500000000,steady,0
baseline,1784,19822222024,500000000,late_window,late-one-eye,425000000,295138,4722208,295139,4722224,9444432,36666000,500000000,steady,0
baseline,1785,19833333135,500000000,late_window,late-one-eye,425000000,295138,4722208,295139,4722224,9444432,34999321,500000000,steady,0
baseline,1786,19844444246,500000000,late_window,late-one-eye,425000000,295138,4722208,295139,4722224,9444432,33332642,500000000,steady,0
baseline,1787,19855555357,500000000,late_window,late-one-eye,425000000,295138,4722208,295139,4722224,9444432,31665963,500000000,steady,0
baseline,1788,19866666468,500000000,late_window,late-one-eye,425000000,295138,4722208,295139,4722224,9444432,29999284,500000000,steady,0
baseline,1789,19877777579,500000000,late_window,late-one-eye,425000000,295138,4722208,295139,4722224,9444432,28332605,500000000,steady,0
baseline,1790,19888888690,500000000,late_window,late-one-eye,425000000,295138,4722208,295139,4722224,9444432,26665926,500000000,steady,0
baseline,1791,19899999801,500000000,late_window,late-one-eye,425000000,295138,4722208,295139,4722224,9444432,24999247,500000000,steady,0
baseline,1792,19911110912,500000000,late_window,late-one-eye,425000000,295138,4722208,295139,4722224,9444432,23332568,500000000,steady,0
baseline,1793,19922222023,500000000,late_window,late-one-eye,425000000,295138,4722208,295139,4722224,9444432,21665889,500000000,steady,0
baseline,1794,19933333134,500000000,late_window,late-one-eye,425000000,295138,4722208,295139,4722224,9444432,19999210,500000000,steady,0
baseline,1795,19944444245,500000000,late_window,late-one-eye,425000000,295138,4722208,295139,4722224,9444432,18332531,500000000,steady,0
baseline,1796,19955555356,500000000,late_window,late-one-eye,425000000,295138,4722208,295139,4722224,9444432,16665852,500000000,steady,0
baseline,1797,19966666467,500000000,late_window,late-one-eye,425000000,295138,4722208,295139,4722224,9444432,14999173,500000000,steady,0
baseline,1798,19977777578,500000000,late_window,late-one-eye,425000000,295138,4722208,295139,4722224,9444432,13332494,500000000,steady,0
baseline,1799,19988888689,500000000,late_window,late-one-eye,425000000,295138,4722208,295139,4722224,9444432,11665815,500000000,steady,0
baseline,1800,19999999800,500000000,late_window,late-one-eye,425000000,295138,4722208,295139,4722224,9444432,9999136,500000000,steady,0
baseline,1801,20011110911,1000000000,recovery,late-one-eye,425000000,295138,2361104,295139,2361112,4722216,8332457,500000000,steady,0
baseline,1802,20022222022,1000000000,recovery,late-one-eye,425000000,295138,2361104,295139,4444444,6805548,1943562,500000000,steady,0
baseline,1803,20033333133,1000000000,recovery,late-one-eye,425000000,295138,2361104,295139,2361112,4722216,0,500000000,steady,0
baseline,1804,20044444244,1000000000,recovery,late-one-eye,425000000,295138,2361104,295139,2361112,4722216,0,500000000,steady,0
baseline,1805,20055555355,1000000000,recovery,late-one-eye,425000000,295138,2361104,295139,2361112,4722216,0,500000000,steady,0
baseline,1806,20066666466,1000000000,recovery,late-one-eye,425000000,295138,2361104,295139,2361112,4722216,0,500000000,steady,0
baseline,1807,20077777577,1000000000,recovery,late-one-eye,425000000,295138,2361104,295139,2361112,4722216,0,500000000,steady,0
baseline,1808,20088888688,1000000000,recovery,late-one-eye,425000000,295138,2361104,295139,2361112,4722216,0,500000000,steady,0
baseline,1809,20099999799,1000000000,recovery,late-one-eye,425000000,295138,2361104,295139,2361112,4722216,0,500000000,steady,0
baseline,1810,20111110910,1000000000,recovery,late-one-eye,425000000,295138,2361104,295139,2361112,4722216,0,500000000,steady,0
baseline,1811,20122222021,1000000000,recovery,late-one-eye,425000000,295138,2361104,295139,2361112,4722216,0,500000000,steady,0
baseline,1812,20133333132,1000000000,recovery,late-one-eye,425000000,295138,2361104,295139,2361112,4722216,0,500000000,steady,0
baseline,1813,20144444243,1000000000,recovery,late-one-eye,425000000,295138,2361104,295139,2361112,4722216,0,500000000,steady,0
baseline,1814,20155555354,1000000000,recovery,late-one-eye,425000000,295138,2361104,295139,2361112,4722216,0,500000000,steady,0
baseline,1815,20166666465,1000000000,recovery,late-one-eye,425000000,295138,2361104,295139,2361112,4722216,0,500000000,steady,0
baseline,1816,20177777576,1000000000,recovery,late-one-eye,425000000,295138,2361104,295139,2361112,4722216,0,500000000,steady,0
baseline,1817,20188888687,1000000000,recovery,late-one-eye,425000000,295138,2361104,295139,2361112,4722216,0,1000000000,steady,0
baseline,1818,20199999798,1000000000,recovery,late-one-eye,425000000,295138,2361104,295139,2361112,4722216,0,1000000000,steady,0
baseline,1819,20211110909,1000000000,recovery,late-one-eye,425000000,295138,2361104,295139,2361112,4722216,0,1000000000,steady,0
baseline,1820,20222222020,1000000000,recovery,late-one-eye,425000000,295138,2361104,295139,2361112,4722216,0,1000000000,steady,0
baseline,1821,20233333131,1000000000,recovery,late-one-eye,425000000,295138,2361104,295139,2361112,4722216,0,1000000000,steady,0
baseline,1822,20244444242,1000000000,recovery,late-one-eye,425000000,295138,2361104,295139,2361112,4722216,0,1000000000,steady,0
baseline,1823,20255555353,1000000000,recovery,late-one-eye,425000000,295138,2361104,295139,2361112,4722216,0,1000000000,steady,0
baseline,1824,20266666464,1000000000,recovery,late-one-eye,425000000,295138,2361104,295139,2361112,4722216,0,1000000000,steady,0
baseline,1825,20277777575,1000000000,recovery,late-one-eye,425000000,295138,2361104,295139,2361112,4722216,0,1000000000,steady,0
baseline,1826,20288888686,1000000000,recovery,late-one-eye,425000000,295138,2361104,295139,2361112,4722216,0,1000000000,steady,0
baseline,1827,20299999797,1000000000,recovery,late-one-eye,425000000,295138,2361104,295139,2361112,4722216,0,1000000000,steady,0
baseline,1828,20311110908,1000000000,recovery,late-one-eye,425000000,295138,2361104,295139,2361112,4722216,0,1000000000,steady,0
baseline,1829,20322222019,1000000000,recovery,late-one-eye,425000000,295138,2361104,295139,2361112,4722216,0,1000000000,steady,0
baseline,1830,20333333130,1000000000,recovery,late-one-eye,425000000,295138,2361104,295139,2361112,4722216,0,1000000000,steady,0
baseline,1831,20344444241,1000000000,recovery,late-one-eye,425000000,295138,2361104,295139,2361112,4722216,0,1000000000,steady,0
baseline,1832,20355555352,1000000000,recovery,late-one-eye,425000000,295138,2361104,295139,2361112,4722216,0,1000000000,steady,0
baseline,1833,20366666463,1000000000,recovery,late-one-eye,425000000,295138,2361104,295139,2361112,4722216,0,1000000000,steady,0
baseline,1834,20377777574,1000000000,recovery,late-one-eye,425000000,295138,2361104,295139,2361112,4722216,0,1000000000,steady,0
baseline,1835,20388888685,1000000000,recovery,late-one-eye,425000000,295138,2361104,295139,2361112,4722216,0,1000000000,steady,0
baseline,1836,20399999796,1000000000,recovery,late-one-eye,425000000,295138,2361104,295139,2361112,4722216,0,1000000000,steady,0
baseline,1837,20411110907,1000000000,recovery,late-one-eye,425000000,295138,2361104,295139,2361112,4722216,0,1000000000,steady,0
baseline,1838,20422222018,1000000000,recovery,late-one-eye,425000000,295138,2361104,295139,2361112,4722216,0,1000000000,steady,0
baseline,1839,20433333129,1000000000,recovery,late-one-eye,425000000,295138,2361104,295139,2361112,4722216,0,1000000000,steady,0
baseline,1840,20444444240,1000000000,recovery,late-one-eye,425000000,295138,2361104,295139,2361112,4722216,0,1000000000,steady,0
baseline,1841,20455555351,1000000000,recovery,late-one-eye,425000000,295138,2361104,295139,2361112,4722216,0,1000000000,steady,0
baseline,1842,20466666462,1000000000,recovery,late-one-eye,425000000,295138,2361104,295139,2361112,4722216,0,1000000000,steady,0
baseline,1843,20477777573,1000000000,recovery,late-one-eye,425000000,295138,2361104,295139,2361112,4722216,0,1000000000,steady,0
baseline,1844,20488888684,1000000000,recovery,late-one-eye,425000000,295138,2361104,295139,2361112,4722216,0,1000000000,steady,0
baseline,1845,20499999795,1000000000,recovery,late-one-eye,425000000,295138,2361104,295139,2361112,4722216,0,1000000000,steady,0
baseline,1846,20511110906,1000000000,recovery,late-one-eye,425000000,295138,2361104,295139,2361112,4722216,0,1000000000,steady,0
baseline,1847,20522222017,1000000000,recovery,late-one-eye,425000000,295138,2361104,295139,2361112,4722216,0,1000000000,steady,0
baseline,1848,20533333128,1000000000,recovery,late-one-eye,425000000,295138,2361104,295139,2361112,4722216,0,1000000000,steady,0
baseline,1849,20544444239,1000000000,recovery,late-one-eye,425000000,295138,2361104,295139,2361112,4722216,0,1000000000,steady,0
baseline,1850,20555555350,1000000000,recovery,late-one-eye,425000000,295138,2361104,295139,2361112,4722216,0,1000000000,steady,0
baseline,1851,20566666461,1000000000,recovery,late-one-eye,425000000,295138,2361104,295139,2361112,4722216,0,1000000000,steady,0
baseline,1852,20577777572,1000000000,recovery,late-one-eye,425000000,295138,2361104,295139,2361112,4722216,0,1000000000,steady,0
baseline,1853,20588888683,1000000000,recovery,late-one-eye,425000000,295138,2361104,295139,2361112,4722216,0,1000000000,steady,0
baseline,1854,20599999794,1000000000,recovery,late-one-eye,425000000,295138,2361104,295139,2361112,4722216,0,1000000000,steady,0
baseline,1855,20611110905,1000000000,recovery,late-one-eye,425000000,295138,2361104,295139,2361112,4722216,0,1000000000,steady,0
baseline,1856,20622222016,1000000000,recovery,late-one-eye,425000000,295138,2361104,295139,2361112,4722216,0,1000000000,steady,0
baseline,1857,20633333127,1000000000,recovery,late-one-eye,425000000,295138,2361104,295139,2361112,4722216,0,1000000000,steady,0
baseline,1858,20644444238,1000000000,recovery,late-one-eye,425000000,295138,2361104,295139,2361112,4722216,0,1000000000,steady,0
baseline,1859,20655555349,1000000000,recovery,late-one-eye,425000000,295138,2361104,295139,2361112,4722216,0,1000000000,steady,0
baseline,1860,20666666460,1000000000,recovery,late-one-eye,425000000,295138,2361104,295139,2361112,4722216,0,1000000000,steady,0
baseline,1861,20677777571,1000000000,recovery,late-one-eye,425000000,295138,2361104,295139,2361112,4722216,0,1000000000,steady,0
baseline,1862,20688888682,1000000000,recovery,late-one-eye,425000000,295138,2361104,295139,2361112,4722216,0,1000000000,steady,0
baseline,1863,20699999793,1000000000,recovery,late-one-eye,425000000,295138,2361104,295139,2361112,4722216,0,1000000000,steady,0
baseline,1864,20711110904,1000000000,recovery,late-one-eye,425000000,295138,2361104,295139,2361112,4722216,0,1000000000,steady,0
baseline,1865,20722222015,1000000000,recovery,late-one-eye,425000000,295138,2361104,295139,2361112,4722216,0,1000000000,steady,0
baseline,1866,20733333126,1000000000,recovery,late-one-eye,425000000,295138,2361104,295139,2361112,4722216,0,1000000000,steady,0
baseline,1867,20744444237,1000000000,recovery,late-one-eye,425000000,295138,2361104,295139,2361112,4722216,0,1000000000,steady,0
baseline,1868,20755555348,1000000000,recovery,late-one-eye,425000000,295138,2361104,295139,2361112,4722216,0,1000000000,steady,0
baseline,1869,20766666459,1000000000,recovery,late-one-eye,425000000,295138,2361104,295139,2361112,4722216,0,1000000000,steady,0
baseline,1870,20777777570,1000000000,recovery,late-one-eye,425000000,295138,2361104,295139,2361112,4722216,0,1000000000,steady,0
baseline,1871,20788888681,1000000000,recovery,late-one-eye,425000000,295138,2361104,295139,2361112,4722216,0,1000000000,steady,0
baseline,1872,20799999792,1000000000,recovery,late-one-eye,425000000,295138,2361104,295139,2361112,4722216,0,1000000000,steady,0
baseline,1873,20811110903,1000000000,recovery,late-one-eye,425000000,295138,2361104,295139,2361112,4722216,0,1000000000,steady,0
baseline,1874,20822222014,1000000000,recovery,late-one-eye,425000000,295138,2361104,295139,2361112,4722216,0,1000000000,steady,0
baseline,1875,20833333125,1000000000,recovery,late-one-eye,850000000,590277,4722216,590278,4722224,9444440,0,1000000000,steady,0
baseline,1876,20844444236,1000000000,recovery,late-one-eye,850000000,590277,4722216,590278,4722224,9444440,0,1000000000,steady,0
baseline,1877,20855555347,1000000000,recovery,late-one-eye,850000000,590277,4722216,590278,4722224,9444440,0,1000000000,steady,0
baseline,1878,20866666458,1000000000,recovery,late-one-eye,850000000,590277,4722216,590278,4722224,9444440,0,1000000000,steady,0
baseline,1879,20877777569,1000000000,recovery,late-one-eye,850000000,590277,4722216,590278,4722224,9444440,0,1000000000,steady,0
baseline,1880,20888888680,1000000000,recovery,late-one-eye,850000000,590277,4722216,590278,4722224,9444440,0,1000000000,steady,0
baseline,1881,20899999791,1000000000,recovery,late-one-eye,850000000,590277,4722216,590278,4722224,9444440,0,1000000000,steady,0
baseline,1882,20911110902,1000000000,recovery,late-one-eye,850000000,590277,4722216,590278,4722224,9444440,0,1000000000,steady,0
baseline,1883,20922222013,1000000000,recovery,late-one-eye,850000000,590277,4722216,590278,4722224,9444440,0,1000000000,steady,0
baseline,1884,20933333124,1000000000,recovery,late-one-eye,850000000,590277,4722216,590278,4722224,9444440,0,1000000000,steady,0
baseline,1885,20944444235,1000000000,recovery,late-one-eye,850000000,590277,4722216,590278,4722224,9444440,0,1000000000,steady,0
baseline,1886,20955555346,1000000000,recovery,late-one-eye,850000000,590277,4722216,590278,4722224,9444440,0,1000000000,steady,0
baseline,1887,20966666457,1000000000,recovery,late-one-eye,850000000,590277,4722216,590278,4722224,9444440,0,1000000000,steady,0
baseline,1888,20977777568,1000000000,recovery,late-one-eye,850000000,590277,4722216,590278,4722224,9444440,0,1000000000,steady,0
baseline,1889,20988888679,1000000000,recovery,late-one-eye,850000000,590277,4722216,590278,4722224,9444440,0,1000000000,steady,0
baseline,1890,20999999790,1000000000,recovery,late-one-eye,850000000,590277,4722216,590278,4722224,9444440,0,1000000000,steady,0
baseline,1891,21011110901,1000000000,recovery,late-one-eye,850000000,590277,4722216,590278,4722224,9444440,0,1000000000,steady,0
baseline,1892,21022222012,1000000000,recovery,late-one-eye,850000000,590277,4722216,590278,4722224,9444440,0,1000000000,steady,0
baseline,1893,21033333123,1000000000,recovery,late-one-eye,850000000,590277,4722216,590278,4722224,9444440,0,1000000000,steady,0
baseline,1894,21044444234,1000000000,recovery,late-one-eye,850000000,590277,4722216,590278,4722224,9444440,0,1000000000,steady,0
baseline,1895,21055555345,1000000000,recovery,late-one-eye,850000000,590277,4722216,590278,4722224,9444440,0,1000000000,steady,0
baseline,1896,21066666456,1000000000,recovery,late-one-eye,850000000,590277,4722216,590278,4722224,9444440,0,1000000000,steady,0
baseline,1897,21077777567,1000000000,recovery,late-one-eye,850000000,590277,4722216,590278,4722224,9444440,0,1000000000,steady,0
baseline,1898,21088888678,1000000000,recovery,late-one-eye,850000000,590277,4722216,590278,4722224,9444440,0,1000000000,steady,0
baseline,1899,21099999789,1000000000,recovery,late-one-eye,850000000,590277,4722216,590278,4722224,9444440,0,1000000000,steady,0
baseline,1900,21111110900,1000000000,recovery,late-one-eye,850000000,590277,4722216,590278,4722224,9444440,0,1000000000,steady,0
baseline,1901,21122222011,1000000000,recovery,late-one-eye,850000000,590277,4722216,590278,4722224,9444440,0,1000000000,steady,0
baseline,1902,21133333122,1000000000,recovery,late-one-eye,850000000,590277,4722216,590278,4722224,9444440,0,1000000000,steady,0
baseline,1903,21144444233,1000000000,recovery,late-one-eye,850000000,590277,4722216,590278,4722224,9444440,0,1000000000,steady,0
baseline,1904,21155555344,1000000000,recovery,late-one-eye,850000000,590277,4722216,590278,4722224,9444440,0,1000000000,steady,0
baseline,1905,21166666455,1000000000,recovery,late-one-eye,850000000,590277,4722216,590278,4722224,9444440,0,1000000000,steady,0
baseline,1906,21177777566,1000000000,recovery,late-one-eye,850000000,590277,4722216,590278,4722224,9444440,0,1000000000,steady,0
baseline,1907,21188888677,1000000000,recovery,late-one-eye,850000000,590277,4722216,590278,4722224,9444440,0,1000000000,steady,0
baseline,1908,21199999788,1000000000,recovery,late-one-eye,850000000,590277,4722216,590278,4722224,9444440,0,1000000000,steady,0
baseline,1909,21211110899,1000000000,recovery,late-one-eye,850000000,590277,4722216,590278,4722224,9444440,0,1000000000,steady,0
baseline,1910,21222222010,1000000000,recovery,late-one-eye,850000000,590277,4722216,590278,4722224,9444440,0,1000000000,steady,0
baseline,1911,21233333121,1000000000,recovery,late-one-eye,850000000,590277,4722216,590278,4722224,9444440,0,1000000000,steady,0
baseline,1912,21244444232,1000000000,recovery,late-one-eye,850000000,590277,4722216,590278,4722224,9444440,0,1000000000,steady,0
baseline,1913,21255555343,1000000000,recovery,late-one-eye,850000000,590277,4722216,590278,4722224,9444440,0,1000000000,steady,0
baseline,1914,21266666454,1000000000,recovery,late-one-eye,850000000,590277,4722216,590278,4722224,9444440,0,1000000000,steady,0
baseline,1915,21277777565,1000000000,recovery,late-one-eye,850000000,590277,4722216,590278,4722224,9444440,0,1000000000,steady,0
baseline,1916,21288888676,1000000000,recovery,late-one-eye,850000000,590277,4722216,590278,4722224,9444440,0,1000000000,steady,0
baseline,1917,21299999787,1000000000,recovery,late-one-eye,850000000,590277,4722216,590278,4722224,9444440,0,1000000000,steady,0
baseline,1918,21311110898,1000000000,recovery,late-one-eye,850000000,590277,4722216,590278,4722224,9444440,0,1000000000,steady,0
baseline,1919,21322222009,1000000000,recovery,late-one-eye,850000000,590277,4722216,590278,4722224,9444440,0,1000000000,steady,0
baseline,1920,21333333120,1000000000,recovery,late-one-eye,850000000,590277,4722216,590278,4722224,9444440,0,1000000000,steady,0
baseline,1921,21344444231,1000000000,recovery,late-one-eye,850000000,590277,4722216,590278,4722224,9444440,0,1000000000,steady,0
baseline,1922,21355555342,1000000000,recovery,late-one-eye,850000000,590277,4722216,590278,4722224,9444440,0,1000000000,steady,0
baseline,1923,21366666453,1000000000,recovery,late-one-eye,850000000,590277,4722216,590278,4722224,9444440,0,1000000000,steady,0
baseline,1924,21377777564,1000000000,recovery,late-one-eye,850000000,590277,4722216,590278,4722224,9444440,0,1000000000,steady,0
baseline,1925,21388888675,1000000000,recovery,late-one-eye,850000000,590277,4722216,590278,4722224,9444440,0,1000000000,steady,0
baseline,1926,21399999786,1000000000,recovery,late-one-eye,850000000,590277,4722216,590278,4722224,9444440,0,1000000000,steady,0
baseline,1927,21411110897,1000000000,recovery,late-one-eye,850000000,590277,4722216,590278,4722224,9444440,0,1000000000,steady,0
baseline,1928,21422222008,1000000000,recovery,late-one-eye,850000000,590277,4722216,590278,4722224,9444440,0,1000000000,steady,0
baseline,1929,21433333119,1000000000,recovery,late-one-eye,850000000,590277,4722216,590278,4722224,9444440,0,1000000000,steady,0
baseline,1930,21444444230,1000000000,recovery,late-one-eye,850000000,590277,4722216,590278,4722224,9444440,0,1000000000,steady,0
baseline,1931,21455555341,1000000000,recovery,late-one-eye,850000000,590277,4722216,590278,4722224,9444440,0,1000000000,steady,0
baseline,1932,21466666452,1000000000,recovery,late-one-eye,850000000,590277,4722216,590278,4722224,9444440,0,1000000000,steady,0
baseline,1933,21477777563,1000000000,recovery,late-one-eye,850000000,590277,4722216,590278,4722224,9444440,0,1000000000,steady,0
baseline,1934,21488888674,1000000000,recovery,late-one-eye,850000000,590277,4722216,590278,4722224,9444440,0,1000000000,steady,0
baseline,1935,21499999785,1000000000,recovery,late-one-eye,850000000,590277,4722216,590278,4722224,9444440,0,1000000000,steady,0
baseline,1936,21511110896,1000000000,recovery,late-one-eye,850000000,590277,4722216,590278,4722224,9444440,0,1000000000,steady,0
baseline,1937,21522222007,1000000000,recovery,late-one-eye,850000000,590277,4722216,590278,4722224,9444440,0,1000000000,steady,0
baseline,1938,21533333118,1000000000,recovery,late-one-eye,850000000,590277,4722216,590278,4722224,9444440,0,1000000000,steady,0
baseline,1939,21544444229,1000000000,recovery,late-one-eye,850000000,590277,4722216,590278,4722224,9444440,0,1000000000,steady,0
baseline,1940,21555555340,1000000000,recovery,late-one-eye,850000000,590277,4722216,590278,4722224,9444440,0,1000000000,steady,0
baseline,1941,21566666451,1000000000,recovery,late-one-eye,850000000,590277,4722216,590278,4722224,9444440,0,1000000000,steady,0
baseline,1942,21577777562,1000000000,recovery,late-one-eye,850000000,590277,4722216,590278,4722224,9444440,0,1000000000,steady,0
baseline,1943,21588888673,1000000000,recovery,late-one-eye,850000000,590277,4722216,590278,4722224,9444440,0,1000000000,steady,0
baseline,1944,21599999784,1000000000,recovery,late-one-eye,850000000,590277,4722216,590278,4722224,9444440,0,1000000000,steady,0
baseline,1945,21611110895,1000000000,recovery,late-one-eye,850000000,590277,4722216,590278,4722224,9444440,0,1000000000,steady,0
baseline,1946,21622222006,1000000000,recovery,late-one-eye,850000000,590277,4722216,590278,4722224,9444440,0,1000000000,steady,0
baseline,1947,21633333117,1000000000,recovery,late-one-eye,850000000,590277,4722216,590278,4722224,9444440,0,1000000000,steady,0
baseline,1948,21644444228,1000000000,recovery,late-one-eye,850000000,590277,4722216,590278,4722224,9444440,0,1000000000,steady,0
baseline,1949,21655555339,1000000000,recovery,late-one-eye,850000000,590277,4722216,590278,4722224,9444440,0,1000000000,steady,0
baseline,1950,21666666450,1000000000,recovery,late-one-eye,850000000,590277,4722216,590278,4722224,9444440,0,1000000000,steady,0
baseline,1951,21677777561,1000000000,recovery,late-one-eye,850000000,590277,4722216,590278,4722224,9444440,0,1000000000,steady,0
baseline,1952,21688888672,1000000000,recovery,late-one-eye,850000000,590277,4722216,590278,4722224,9444440,0,1000000000,steady,0
baseline,1953,21699999783,1000000000,recovery,late-one-eye,850000000,590277,4722216,590278,4722224,9444440,0,1000000000,steady,0
baseline,1954,21711110894,1000000000,recovery,late-one-eye,850000000,590277,4722216,590278,4722224,9444440,0,1000000000,steady,0
baseline,1955,21722222005,1000000000,recovery,late-one-eye,850000000,590277,4722216,590278,4722224,9444440,0,1000000000,steady,0
baseline,1956,21733333116,1000000000,recovery,late-one-eye,850000000,590277,4722216,590278,4722224,9444440,0,1000000000,steady,0
baseline,1957,21744444227,1000000000,recovery,late-one-eye,850000000,590277,4722216,590278,4722224,9444440,0,1000000000,steady,0
baseline,1958,21755555338,1000000000,recovery,late-one-eye,850000000,590277,4722216,590278,4722224,9444440,0,1000000000,steady,0
baseline,1959,21766666449,1000000000,recovery,late-one-eye,850000000,590277,4722216,590278,4722224,9444440,0,1000000000,steady,0
baseline,1960,21777777560,1000000000,recovery,late-one-eye,850000000,590277,4722216,590278,4722224,9444440,0,1000000000,steady,0
baseline,1961,21788888671,1000000000,recovery,late-one-eye,850000000,590277,4722216,590278,4722224,9444440,0,1000000000,steady,0
baseline,1962,21799999782,1000000000,recovery,late-one-eye,850000000,590277,4722216,590278,4722224,9444440,0,1000000000,steady,0
baseline,1963,21811110893,1000000000,recovery,late-one-eye,850000000,590277,4722216,590278,4722224,9444440,0,1000000000,steady,0
baseline,1964,21822222004,1000000000,recovery,late-one-eye,850000000,590277,4722216,590278,4722224,9444440,0,1000000000,steady,0
baseline,1965,21833333115,1000000000,recovery,late-one-eye,850000000,590277,4722216,590278,4722224,9444440,0,1000000000,steady,0
baseline,1966,21844444226,1000000000,recovery,late-one-eye,850000000,590277,4722216,590278,4722224,9444440,0,1000000000,steady,0
baseline,1967,21855555337,1000000000,recovery,late-one-eye,850000000,590277,4722216,590278,4722224,9444440,0,1000000000,steady,0
baseline,1968,21866666448,1000000000,recovery,late-one-eye,850000000,590277,4722216,590278,4722224,9444440,0,1000000000,steady,0
baseline,1969,21877777559,1000000000,recovery,late-one-eye,850000000,590277,4722216,590278,4722224,9444440,0,1000000000,steady,0
baseline,1970,21888888670,1000000000,recovery,late-one-eye,850000000,590277,4722216,590278,4722224,9444440,0,1000000000,steady,0
baseline,1971,21899999781,1000000000,recovery,late-one-eye,850000000,590277,4722216,590278,4722224,9444440,0,1000000000,steady,0
baseline,1972,21911110892,1000000000,recovery,late-one-eye,850000000,590277,4722216,590278,4722224,9444440,0,1000000000,steady,0
baseline,1973,21922222003,1000000000,recovery,late-one-eye,850000000,590277,4722216,590278,4722224,9444440,0,1000000000,steady,0
baseline,1974,21933333114,1000000000,recovery,late-one-eye,850000000,590277,4722216,590278,4722224,9444440,0,1000000000,steady,0
baseline,1975,21944444225,1000000000,recovery,late-one-eye,850000000,590277,4722216,590278,4722224,9444440,0,1000000000,steady,0
baseline,1976,21955555336,1000000000,recovery,late-one-eye,850000000,590277,4722216,590278,4722224,9444440,0,1000000000,steady,0
baseline,1977,21966666447,1000000000,recovery,late-one-eye,850000000,590277,4722216,590278,4722224,9444440,0,1000000000,steady,0
baseline,1978,21977777558,1000000000,recovery,late-one-eye,850000000,590277,4722216,590278,4722224,9444440,0,1000000000,steady,0
baseline,1979,21988888669,1000000000,recovery,late-one-eye,850000000,590277,4722216,590278,4722224,9444440,0,1000000000,steady,0
baseline,1980,21999999780,1000000000,recovery,late-one-eye,850000000,590277,4722216,590278,4722224,9444440,0,1000000000,steady,0
baseline,1981,22011110891,1000000000,recovery,late-one-eye,850000000,590277,4722216,590278,4722224,9444440,0,1000000000,steady,0
baseline,1982,22022222002,1000000000,recovery,late-one-eye,850000000,590277,4722216,590278,4722224,9444440,0,1000000000,steady,0
baseline,1983,22033333113,1000000000,recovery,late-one-eye,850000000,590277,4722216,590278,4722224,9444440,0,1000000000,steady,0
baseline,1984,22044444224,1000000000,recovery,late-one-eye,850000000,590277,4722216,590278,4722224,9444440,0,1000000000,steady,0
baseline,1985,22055555335,1000000000,recovery,late-one-eye,850000000,590277,4722216,590278,4722224,9444440,0,1000000000,steady,0
baseline,1986,22066666446,1000000000,recovery,late-one-eye,850000000,590277,4722216,590278,4722224,9444440,0,1000000000,steady,0
baseline,1987,22077777557,1000000000,recovery,late-one-eye,850000000,590277,4722216,590278,4722224,9444440,0,1000000000,steady,0
baseline,1988,22088888668,1000000000,recovery,late-one-eye,850000000,590277,4722216,590278,4722224,9444440,0,1000000000,steady,0
baseline,1989,22099999779,1000000000,recovery,late-one-eye,850000000,590277,4722216,590278,4722224,9444440,0,1000000000,steady,0
baseline,1990,22111110890,1000000000,recovery,late-one-eye,850000000,590277,4722216,590278,4722224,9444440,0,1000000000,steady,0
baseline,1991,22122222001,1000000000,recovery,late-one-eye,850000000,590277,4722216,590278,4722224,9444440,0,1000000000,steady,0
baseline,1992,22133333112,1000000000,recovery,late-one-eye,850000000,590277,4722216,590278,4722224,9444440,0,1000000000,steady,0
baseline,1993,22144444223,1000000000,recovery,late-one-eye,850000000,590277,4722216,590278,4722224,9444440,0,1000000000,steady,0
baseline,1994,22155555334,1000000000,recovery,late-one-eye,850000000,590277,4722216,590278,4722224,9444440,0,1000000000,steady,0
baseline,1995,22166666445,1000000000,recovery,late-one-eye,850000000,590277,4722216,590278,4722224,9444440,0,1000000000,steady,0
baseline,1996,22177777556,1000000000,recovery,late-one-eye,850000000,590277,4722216,590278,4722224,9444440,0,1000000000,steady,0
baseline,1997,22188888667,1000000000,recovery,late-one-eye,850000000,590277,4722216,590278,4722224,9444440,0,1000000000,steady,0
baseline,1998,22199999778,1000000000,recovery,late-one-eye,850000000,590277,4722216,590278,4722224,9444440,0,1000000000,steady,0
baseline,1999,22211110889,1000000000,recovery,late-one-eye,850000000,590277,4722216,590278,4722224,9444440,0,1000000000,steady,0
baseline,2000,22222222000,1000000000,recovery,late-one-eye,850000000,590277,4722216,590278,4722224,9444440,0,1000000000,steady,0
baseline,2001,22233333111,1000000000,recovery,late-one-eye,850000000,590277,4722216,590278,4722224,9444440,0,1000000000,steady,0
baseline,2002,22244444222,1000000000,recovery,late-one-eye,850000000,590277,4722216,590278,4722224,9444440,0,1000000000,steady,0
baseline,2003,22255555333,1000000000,recovery,late-one-eye,850000000,590277,4722216,590278,4722224,9444440,0,1000000000,steady,0
baseline,2004,22266666444,1000000000,recovery,late-one-eye,850000000,590277,4722216,590278,4722224,9444440,0,1000000000,steady,0
baseline,2005,22277777555,1000000000,recovery,late-one-eye,850000000,590277,4722216,590278,4722224,9444440,0,1000000000,steady,0
baseline,2006,22288888666,1000000000,recovery,late-one-eye,850000000,590277,4722216,590278,4722224,9444440,0,1000000000,steady,0
baseline,2007,22299999777,1000000000,recovery,late-one-eye,850000000,590277,4722216,590278,4722224,9444440,0,1000000000,steady,0
baseline,2008,22311110888,1000000000,recovery,late-one-eye,850000000,590277,4722216,590278,4722224,9444440,0,1000000000,steady,0
baseline,2009,22322221999,1000000000,recovery,late-one-eye,850000000,590277,4722216,590278,4722224,9444440,0,1000000000,steady,0
baseline,2010,22333333110,1000000000,recovery,late-one-eye,850000000,590277,4722216,590278,4722224,9444440,0,1000000000,steady,0
baseline,2011,22344444221,1000000000,recovery,late-one-eye,850000000,590277,4722216,590278,4722224,9444440,0,1000000000,steady,0
baseline,2012,22355555332,1000000000,recovery,late-one-eye,850000000,590277,4722216,590278,4722224,9444440,0,1000000000,steady,0
baseline,2013,22366666443,1000000000,recovery,late-one-eye,850000000,590277,4722216,590278,4722224,9444440,0,1000000000,steady,0
baseline,2014,22377777554,1000000000,recovery,late-one-eye,850000000,590277,4722216,590278,4722224,9444440,0,1000000000,steady,0
baseline,2015,22388888665,1000000000,recovery,late-one-eye,850000000,590277,4722216,590278,4722224,9444440,0,1000000000,steady,0
baseline,2016,22399999776,1000000000,recovery,late-one-eye,850000000,590277,4722216,590278,4722224,9444440,0,1000000000,steady,0
baseline,2017,22411110887,1000000000,recovery,late-one-eye,850000000,590277,4722216,590278,4722224,9444440,0,1000000000,steady,0
baseline,2018,22422221998,1000000000,recovery,late-one-eye,850000000,590277,4722216,590278,4722224,9444440,0,1000000000,steady,0
baseline,2019,22433333109,1000000000,recovery,late-one-eye,850000000,590277,4722216,590278,4722224,9444440,0,1000000000,steady,0
baseline,2020,22444444220,1000000000,recovery,late-one-eye,850000000,590277,4722216,590278,4722224,9444440,0,1000000000,steady,0
baseline,2021,22455555331,1000000000,recovery,late-one-eye,850000000,590277,4722216,590278,4722224,9444440,0,1000000000,steady,0
baseline,2022,22466666442,1000000000,recovery,late-one-eye,850000000,590277,4722216,590278,4722224,9444440,0,1000000000,steady,0
baseline,2023,22477777553,1000000000,recovery,late-one-eye,850000000,590277,4722216,590278,4722224,9444440,0,1000000000,steady,0
baseline,2024,22488888664,1000000000,recovery,late-one-eye,850000000,590277,4722216,590278,4722224,9444440,0,1000000000,steady,0
baseline,2025,22499999775,1000000000,recovery,late-one-eye,850000000,590277,4722216,590278,4722224,9444440,0,1000000000,steady,0
baseline,2026,22511110886,1000000000,recovery,late-one-eye,850000000,590277,4722216,590278,4722224,9444440,0,1000000000,steady,0
baseline,2027,22522221997,1000000000,recovery,late-one-eye,850000000,590277,4722216,590278,4722224,9444440,0,1000000000,steady,0
baseline,2028,22533333108,1000000000,recovery,late-one-eye,850000000,590277,4722216,590278,4722224,9444440,0,1000000000,steady,0
baseline,2029,22544444219,1000000000,recovery,late-one-eye,850000000,590277,4722216,590278,4722224,9444440,0,1000000000,steady,0
baseline,2030,22555555330,1000000000,recovery,late-one-eye,850000000,590277,4722216,590278,4722224,9444440,0,1000000000,steady,0
baseline,2031,22566666441,1000000000,recovery,late-one-eye,850000000,590277,4722216,590278,4722224,9444440,0,1000000000,steady,0
baseline,2032,22577777552,1000000000,recovery,late-one-eye,850000000,590277,4722216,590278,4722224,9444440,0,1000000000,steady,0
baseline,2033,22588888663,1000000000,recovery,late-one-eye,850000000,590277,4722216,590278,4722224,9444440,0,1000000000,steady,0
baseline,2034,22599999774,1000000000,recovery,late-one-eye,850000000,590277,4722216,590278,4722224,9444440,0,1000000000,steady,0
baseline,2035,22611110885,1000000000,recovery,late-one-eye,850000000,590277,4722216,590278,4722224,9444440,0,1000000000,steady,0
baseline,2036,22622221996,1000000000,recovery,late-one-eye,850000000,590277,4722216,590278,4722224,9444440,0,1000000000,steady,0
baseline,2037,22633333107,1000000000,recovery,late-one-eye,850000000,590277,4722216,590278,4722224,9444440,0,1000000000,steady,0
baseline,2038,22644444218,1000000000,recovery,late-one-eye,850000000,590277,4722216,590278,4722224,9444440,0,1000000000,steady,0
baseline,2039,22655555329,1000000000,recovery,late-one-eye,850000000,590277,4722216,590278,4722224,9444440,0,1000000000,steady,0
baseline,2040,22666666440,1000000000,recovery,late-one-eye,850000000,590277,4722216,590278,4722224,9444440,0,1000000000,steady,0
baseline,2041,22677777551,1000000000,recovery,late-one-eye,850000000,590277,4722216,590278,4722224,9444440,0,1000000000,steady,0
baseline,2042,22688888662,1000000000,recovery,late-one-eye,850000000,590277,4722216,590278,4722224,9444440,0,1000000000,steady,0
baseline,2043,22699999773,1000000000,recovery,late-one-eye,850000000,590277,4722216,590278,4722224,9444440,0,1000000000,steady,0
baseline,2044,22711110884,1000000000,recovery,late-one-eye,850000000,590277,4722216,590278,4722224,9444440,0,1000000000,steady,0
baseline,2045,22722221995,1000000000,recovery,late-one-eye,850000000,590277,4722216,590278,4722224,9444440,0,1000000000,steady,0
baseline,2046,22733333106,1000000000,recovery,late-one-eye,850000000,590277,4722216,590278,4722224,9444440,0,1000000000,steady,0
baseline,2047,22744444217,1000000000,recovery,late-one-eye,850000000,590277,4722216,590278,4722224,9444440,0,1000000000,steady,0
baseline,2048,22755555328,1000000000,recovery,late-one-eye,850000000,590277,4722216,590278,4722224,9444440,0,1000000000,steady,0
baseline,2049,22766666439,1000000000,recovery,late-one-eye,850000000,590277,4722216,590278,4722224,9444440,0,1000000000,steady,0
baseline,2050,22777777550,1000000000,recovery,late-one-eye,850000000,590277,4722216,590278,4722224,9444440,0,1000000000,steady,0
baseline,2051,22788888661,1000000000,recovery,late-one-eye,850000000,590277,4722216,590278,4722224,9444440,0,1000000000,steady,0
baseline,2052,22799999772,1000000000,recovery,late-one-eye,850000000,590277,4722216,590278,4722224,9444440,0,1000000000,steady,0
baseline,2053,22811110883,1000000000,recovery,late-one-eye,850000000,590277,4722216,590278,4722224,9444440,0,1000000000,steady,0
baseline,2054,22822221994,1000000000,recovery,late-one-eye,850000000,590277,4722216,590278,4722224,9444440,0,1000000000,steady,0
baseline,2055,22833333105,1000000000,recovery,late-one-eye,850000000,590277,4722216,590278,4722224,9444440,0,1000000000,steady,0
baseline,2056,22844444216,1000000000,recovery,late-one-eye,850000000,590277,4722216,590278,4722224,9444440,0,1000000000,steady,0
baseline,2057,22855555327,1000000000,recovery,late-one-eye,850000000,590277,4722216,590278,4722224,9444440,0,1000000000,steady,0
baseline,2058,22866666438,1000000000,recovery,late-one-eye,850000000,590277,4722216,590278,4722224,9444440,0,1000000000,steady,0
baseline,2059,22877777549,1000000000,recovery,late-one-eye,850000000,590277,4722216,590278,4722224,9444440,0,1000000000,steady,0
baseline,2060,22888888660,1000000000,recovery,late-one-eye,850000000,590277,4722216,590278,4722224,9444440,0,1000000000,steady,0
baseline,2061,22899999771,1000000000,recovery,late-one-eye,850000000,590277,4722216,590278,4722224,9444440,0,1000000000,steady,0
baseline,2062,22911110882,1000000000,recovery,late-one-eye,850000000,590277,4722216,590278,4722224,9444440,0,1000000000,steady,0
baseline,2063,22922221993,1000000000,recovery,late-one-eye,850000000,590277,4722216,590278,4722224,9444440,0,1000000000,steady,0
baseline,2064,22933333104,1000000000,recovery,late-one-eye,850000000,590277,4722216,590278,4722224,9444440,0,1000000000,steady,0
baseline,2065,22944444215,1000000000,recovery,late-one-eye,850000000,590277,4722216,590278,4722224,9444440,0,1000000000,steady,0
baseline,2066,22955555326,1000000000,recovery,late-one-eye,850000000,590277,4722216,590278,4722224,9444440,0,1000000000,steady,0
baseline,2067,22966666437,1000000000,recovery,late-one-eye,850000000,590277,4722216,590278,4722224,9444440,0,1000000000,steady,0
baseline,2068,22977777548,1000000000,recovery,late-one-eye,850000000,590277,4722216,590278,4722224,9444440,0,1000000000,steady,0
baseline,2069,22988888659,1000000000,recovery,late-one-eye,850000000,590277,4722216,590278,4722224,9444440,0,1000000000,steady,0
baseline,2070,22999999770,1000000000,recovery,late-one-eye,850000000,590277,4722216,590278,4722224,9444440,0,1000000000,steady,0
baseline,2071,23011110881,1000000000,recovery,late-one-eye,850000000,590277,4722216,590278,4722224,9444440,0,1000000000,steady,0
baseline,2072,23022221992,1000000000,recovery,late-one-eye,850000000,590277,4722216,590278,4722224,9444440,0,1000000000,steady,0
baseline,2073,23033333103,1000000000,recovery,late-one-eye,850000000,590277,4722216,590278,4722224,9444440,0,1000000000,steady,0
baseline,2074,23044444214,1000000000,recovery,late-one-eye,850000000,590277,4722216,590278,4722224,9444440,0,1000000000,steady,0
baseline,2075,23055555325,1000000000,recovery,late-one-eye,850000000,590277,4722216,590278,4722224,9444440,0,1000000000,steady,0
baseline,2076,23066666436,1000000000,recovery,late-one-eye,850000000,590277,4722216,590278,4722224,9444440,0,1000000000,steady,0
baseline,2077,23077777547,1000000000,recovery,late-one-eye,850000000,590277,4722216,590278,4722224,9444440,0,1000000000,steady,0
baseline,2078,23088888658,1000000000,recovery,late-one-eye,850000000,590277,4722216,590278,4722224,9444440,0,1000000000,steady,0
baseline,2079,23099999769,1000000000,recovery,late-one-eye,850000000,590277,4722216,590278,4722224,9444440,0,1000000000,steady,0
baseline,2080,23111110880,1000000000,recovery,late-one-eye,850000000,590277,4722216,590278,4722224,9444440,0,1000000000,steady,0
baseline,2081,23122221991,1000000000,recovery,late-one-eye,850000000,590277,4722216,590278,4722224,9444440,0,1000000000,steady,0
baseline,2082,23133333102,1000000000,recovery,late-one-eye,850000000,590277,4722216,590278,4722224,9444440,0,1000000000,steady,0
baseline,2083,23144444213,1000000000,recovery,late-one-eye,850000000,590277,4722216,590278,4722224,9444440,0,1000000000,steady,0
baseline,2084,23155555324,1000000000,recovery,late-one-eye,850000000,590277,4722216,590278,4722224,9444440,0,1000000000,steady,0
baseline,2085,23166666435,1000000000,recovery,late-one-eye,850000000,590277,4722216,590278,4722224,9444440,0,1000000000,steady,0
baseline,2086,23177777546,1000000000,recovery,late-one-eye,850000000,590277,4722216,590278,4722224,9444440,0,1000000000,steady,0
baseline,2087,23188888657,1000000000,recovery,late-one-eye,850000000,590277,4722216,590278,4722224,9444440,0,1000000000,steady,0
baseline,2088,23199999768,1000000000,recovery,late-one-eye,850000000,590277,4722216,590278,4722224,9444440,0,1000000000,steady,0
baseline,2089,23211110879,1000000000,recovery,late-one-eye,850000000,590277,4722216,590278,4722224,9444440,0,1000000000,steady,0
baseline,2090,23222221990,1000000000,recovery,late-one-eye,850000000,590277,4722216,590278,4722224,9444440,0,1000000000,steady,0
baseline,2091,23233333101,1000000000,recovery,late-one-eye,850000000,590277,4722216,590278,4722224,9444440,0,1000000000,steady,0
baseline,2092,23244444212,1000000000,recovery,late-one-eye,850000000,590277,4722216,590278,4722224,9444440,0,1000000000,steady,0
baseline,2093,23255555323,1000000000,recovery,late-one-eye,850000000,590277,4722216,590278,4722224,9444440,0,1000000000,steady,0
baseline,2094,23266666434,1000000000,recovery,late-one-eye,850000000,590277,4722216,590278,4722224,9444440,0,1000000000,steady,0
baseline,2095,23277777545,1000000000,recovery,late-one-eye,850000000,590277,4722216,590278,4722224,9444440,0,1000000000,steady,0
baseline,2096,23288888656,1000000000,recovery,late-one-eye,850000000,590277,4722216,590278,4722224,9444440,0,1000000000,steady,0
baseline,2097,23299999767,1000000000,recovery,late-one-eye,850000000,590277,4722216,590278,4722224,9444440,0,1000000000,steady,0
baseline,2098,23311110878,1000000000,recovery,late-one-eye,850000000,590277,4722216,590278,4722224,9444440,0,1000000000,steady,0
baseline,2099,23322221989,1000000000,recovery,late-one-eye,850000000,590277,4722216,590278,4722224,9444440,0,1000000000,steady,0
baseline,2100,23333333100,1000000000,recovery,late-one-eye,850000000,590277,4722216,590278,4722224,9444440,0,1000000000,steady,0
baseline,2101,23344444211,1000000000,recovery,late-one-eye,850000000,590277,4722216,590278,4722224,9444440,0,1000000000,steady,0
baseline,2102,23355555322,1000000000,recovery,late-one-eye,850000000,590277,4722216,590278,4722224,9444440,0,1000000000,steady,0
baseline,2103,23366666433,1000000000,recovery,late-one-eye,850000000,590277,4722216,590278,4722224,9444440,0,1000000000,steady,0
baseline,2104,23377777544,1000000000,recovery,late-one-eye,850000000,590277,4722216,590278,4722224,9444440,0,1000000000,steady,0
baseline,2105,23388888655,1000000000,recovery,late-one-eye,850000000,590277,4722216,590278,4722224,9444440,0,1000000000,steady,0
baseline,2106,23399999766,1000000000,recovery,late-one-eye,850000000,590277,4722216,590278,4722224,9444440,0,1000000000,steady,0
baseline,2107,23411110877,1000000000,recovery,late-one-eye,850000000,590277,4722216,590278,4722224,9444440,0,1000000000,steady,0
baseline,2108,23422221988,1000000000,recovery,late-one-eye,850000000,590277,4722216,590278,4722224,9444440,0,1000000000,steady,0
baseline,2109,23433333099,1000000000,recovery,late-one-eye,850000000,590277,4722216,590278,4722224,9444440,0,1000000000,steady,0
baseline,2110,23444444210,1000000000,recovery,late-one-eye,850000000,590277,4722216,590278,4722224,9444440,0,1000000000,steady,0
baseline,2111,23455555321,1000000000,recovery,late-one-eye,850000000,590277,4722216,590278,4722224,9444440,0,1000000000,steady,0
baseline,2112,23466666432,1000000000,recovery,late-one-eye,850000000,590277,4722216,590278,4722224,9444440,0,1000000000,steady,0
baseline,2113,23477777543,1000000000,recovery,late-one-eye,850000000,590277,4722216,590278,4722224,9444440,0,1000000000,steady,0
baseline,2114,23488888654,1000000000,recovery,late-one-eye,850000000,590277,4722216,590278,4722224,9444440,0,1000000000,steady,0
baseline,2115,23499999765,1000000000,recovery,late-one-eye,850000000,590277,4722216,590278,4722224,9444440,0,1000000000,steady,0
baseline,2116,23511110876,1000000000,recovery,late-one-eye,850000000,590277,4722216,590278,4722224,9444440,0,1000000000,steady,0
baseline,2117,23522221987,1000000000,recovery,late-one-eye,850000000,590277,4722216,590278,4722224,9444440,0,1000000000,steady,0
baseline,2118,23533333098,1000000000,recovery,late-one-eye,850000000,590277,4722216,590278,4722224,9444440,0,1000000000,steady,0
baseline,2119,23544444209,1000000000,recovery,late-one-eye,850000000,590277,4722216,590278,4722224,9444440,0,1000000000,steady,0
baseline,2120,23555555320,1000000000,recovery,late-one-eye,850000000,590277,4722216,590278,4722224,9444440,0,1000000000,steady,0
baseline,2121,23566666431,1000000000,recovery,late-one-eye,850000000,590277,4722216,590278,4722224,9444440,0,1000000000,steady,0
baseline,2122,23577777542,1000000000,recovery,late-one-eye,850000000,590277,4722216,590278,4722224,9444440,0,1000000000,steady,0
baseline,2123,23588888653,1000000000,recovery,late-one-eye,850000000,590277,4722216,590278,4722224,9444440,0,1000000000,steady,0
baseline,2124,23599999764,1000000000,recovery,late-one-eye,850000000,590277,4722216,590278,4722224,9444440,0,1000000000,steady,0
baseline,2125,23611110875,1000000000,recovery,late-one-eye,850000000,590277,4722216,590278,4722224,9444440,0,1000000000,steady,0
baseline,2126,23622221986,1000000000,recovery,late-one-eye,850000000,590277,4722216,590278,4722224,9444440,0,1000000000,steady,0
baseline,2127,23633333097,1000000000,recovery,late-one-eye,850000000,590277,4722216,590278,4722224,9444440,0,1000000000,steady,0
baseline,2128,23644444208,1000000000,recovery,late-one-eye,850000000,590277,4722216,590278,4722224,9444440,0,1000000000,steady,0
baseline,2129,23655555319,1000000000,recovery,late-one-eye,850000000,590277,4722216,590278,4722224,9444440,0,1000000000,steady,0
baseline,2130,23666666430,1000000000,recovery,late-one-eye,850000000,590277,4722216,590278,4722224,9444440,0,1000000000,steady,0
baseline,2131,23677777541,1000000000,recovery,late-one-eye,850000000,590277,4722216,590278,4722224,9444440,0,1000000000,steady,0
baseline,2132,23688888652,1000000000,recovery,late-one-eye,850000000,590277,4722216,590278,4722224,9444440,0,1000000000,steady,0
baseline,2133,23699999763,1000000000,recovery,late-one-eye,850000000,590277,4722216,590278,4722224,9444440,0,1000000000,steady,0
baseline,2134,23711110874,1000000000,recovery,late-one-eye,850000000,590277,4722216,590278,4722224,9444440,0,1000000000,steady,0
baseline,2135,23722221985,1000000000,recovery,late-one-eye,850000000,590277,4722216,590278,4722224,9444440,0,1000000000,steady,0
baseline,2136,23733333096,1000000000,recovery,late-one-eye,850000000,590277,4722216,590278,4722224,9444440,0,1000000000,steady,0
baseline,2137,23744444207,1000000000,recovery,late-one-eye,850000000,590277,4722216,590278,4722224,9444440,0,1000000000,steady,0
baseline,2138,23755555318,1000000000,recovery,late-one-eye,850000000,590277,4722216,590278,4722224,9444440,0,1000000000,steady,0
baseline,2139,23766666429,1000000000,recovery,late-one-eye,850000000,590277,4722216,590278,4722224,9444440,0,1000000000,steady,0
baseline,2140,23777777540,1000000000,recovery,late-one-eye,850000000,590277,4722216,590278,4722224,9444440,0,1000000000,steady,0
baseline,2141,23788888651,1000000000,recovery,late-one-eye,850000000,590277,4722216,590278,4722224,9444440,0,1000000000,steady,0
baseline,2142,23799999762,1000000000,recovery,late-one-eye,850000000,590277,4722216,590278,4722224,9444440,0,1000000000,steady,0
baseline,2143,23811110873,1000000000,recovery,late-one-eye,850000000,590277,4722216,590278,4722224,9444440,0,1000000000,steady,0
baseline,2144,23822221984,1000000000,recovery,late-one-eye,850000000,590277,4722216,590278,4722224,9444440,0,1000000000,steady,0
baseline,2145,23833333095,1000000000,recovery,late-one-eye,850000000,590277,4722216,590278,4722224,9444440,0,1000000000,steady,0
baseline,2146,23844444206,1000000000,recovery,late-one-eye,850000000,590277,4722216,590278,4722224,9444440,0,1000000000,steady,0
baseline,2147,23855555317,1000000000,recovery,late-one-eye,850000000,590277,4722216,590278,4722224,9444440,0,1000000000,steady,0
baseline,2148,23866666428,1000000000,recovery,late-one-eye,850000000,590277,4722216,590278,4722224,9444440,0,1000000000,steady,0
baseline,2149,23877777539,1000000000,recovery,late-one-eye,850000000,590277,4722216,590278,4722224,9444440,0,1000000000,steady,0
baseline,2150,23888888650,1000000000,recovery,late-one-eye,850000000,590277,4722216,590278,4722224,9444440,0,1000000000,steady,0
baseline,2151,23899999761,1000000000,recovery,late-one-eye,850000000,590277,4722216,590278,4722224,9444440,0,1000000000,steady,0
baseline,2152,23911110872,1000000000,recovery,late-one-eye,850000000,590277,4722216,590278,4722224,9444440,0,1000000000,steady,0
baseline,2153,23922221983,1000000000,recovery,late-one-eye,850000000,590277,4722216,590278,4722224,9444440,0,1000000000,steady,0
baseline,2154,23933333094,1000000000,recovery,late-one-eye,850000000,590277,4722216,590278,4722224,9444440,0,1000000000,steady,0
baseline,2155,23944444205,1000000000,recovery,late-one-eye,850000000,590277,4722216,590278,4722224,9444440,0,1000000000,steady,0
baseline,2156,23955555316,1000000000,recovery,late-one-eye,850000000,590277,4722216,590278,4722224,9444440,0,1000000000,steady,0
baseline,2157,23966666427,1000000000,recovery,late-one-eye,850000000,590277,4722216,590278,4722224,9444440,0,1000000000,steady,0
baseline,2158,23977777538,1000000000,recovery,late-one-eye,850000000,590277,4722216,590278,4722224,9444440,0,1000000000,steady,0
baseline,2159,23988888649,1000000000,recovery,late-one-eye,850000000,590277,4722216,590278,4722224,9444440,0,1000000000,steady,0
baseline,2160,23999999760,1000000000,recovery,late-one-eye,850000000,590277,4722216,590278,4722224,9444440,0,1000000000,steady,0
baseline,2161,24011110871,1000000000,recovery,late-one-eye,850000000,590277,4722216,590278,4722224,9444440,0,1000000000,steady,0
baseline,2162,24022221982,1000000000,recovery,late-one-eye,850000000,590277,4722216,590278,4722224,9444440,0,1000000000,steady,0
baseline,2163,24033333093,1000000000,recovery,late-one-eye,850000000,590277,4722216,590278,4722224,9444440,0,1000000000,steady,0
baseline,2164,24044444204,1000000000,recovery,late-one-eye,850000000,590277,4722216,590278,4722224,9444440,0,1000000000,steady,0
baseline,2165,24055555315,1000000000,recovery,late-one-eye,850000000,590277,4722216,590278,4722224,9444440,0,1000000000,steady,0
baseline,2166,24066666426,1000000000,recovery,late-one-eye,850000000,590277,4722216,590278,4722224,9444440,0,1000000000,steady,0
baseline,2167,24077777537,1000000000,recovery,late-one-eye,850000000,590277,4722216,590278,4722224,9444440,0,1000000000,steady,0
baseline,2168,24088888648,1000000000,recovery,late-one-eye,850000000,590277,4722216,590278,4722224,9444440,0,1000000000,steady,0
baseline,2169,24099999759,1000000000,recovery,late-one-eye,850000000,590277,4722216,590278,4722224,9444440,0,1000000000,steady,0
baseline,2170,24111110870,1000000000,recovery,late-one-eye,850000000,590277,4722216,590278,4722224,9444440,0,1000000000,steady,0
baseline,2171,24122221981,1000000000,recovery,late-one-eye,850000000,590277,4722216,590278,4722224,9444440,0,1000000000,steady,0
baseline,2172,24133333092,1000000000,recovery,late-one-eye,850000000,590277,4722216,590278,4722224,9444440,0,1000000000,steady,0
baseline,2173,24144444203,1000000000,recovery,late-one-eye,850000000,590277,4722216,590278,4722224,9444440,0,1000000000,steady,0
baseline,2174,24155555314,1000000000,recovery,late-one-eye,850000000,590277,4722216,590278,4722224,9444440,0,1000000000,steady,0
baseline,2175,24166666425,1000000000,recovery,late-one-eye,850000000,590277,4722216,590278,4722224,9444440,0,1000000000,steady,0
baseline,2176,24177777536,1000000000,recovery,late-one-eye,850000000,590277,4722216,590278,4722224,9444440,0,1000000000,steady,0
baseline,2177,24188888647,1000000000,recovery,late-one-eye,850000000,590277,4722216,590278,4722224,9444440,0,1000000000,steady,0
baseline,2178,24199999758,1000000000,recovery,late-one-eye,850000000,590277,4722216,590278,4722224,9444440,0,1000000000,steady,0
baseline,2179,24211110869,1000000000,recovery,late-one-eye,850000000,590277,4722216,590278,4722224,9444440,0,1000000000,steady,0
baseline,2180,24222221980,1000000000,recovery,late-one-eye,850000000,590277,4722216,590278,4722224,9444440,0,1000000000,steady,0
baseline,2181,24233333091,1000000000,recovery,late-one-eye,850000000,590277,4722216,590278,4722224,9444440,0,1000000000,steady,0
baseline,2182,24244444202,1000000000,recovery,late-one-eye,850000000,590277,4722216,590278,4722224,9444440,0,1000000000,steady,0
baseline,2183,24255555313,1000000000,recovery,late-one-eye,850000000,590277,4722216,590278,4722224,9444440,0,1000000000,steady,0
baseline,2184,24266666424,1000000000,recovery,late-one-eye,850000000,590277,4722216,590278,4722224,9444440,0,1000000000,steady,0
baseline,2185,24277777535,1000000000,recovery,late-one-eye,850000000,590277,4722216,590278,4722224,9444440,0,1000000000,steady,0
baseline,2186,24288888646,1000000000,recovery,late-one-eye,850000000,590277,4722216,590278,4722224,9444440,0,1000000000,steady,0
baseline,2187,24299999757,1000000000,recovery,late-one-eye,850000000,590277,4722216,590278,4722224,9444440,0,1000000000,steady,0
baseline,2188,24311110868,1000000000,recovery,late-one-eye,850000000,590277,4722216,590278,4722224,9444440,0,1000000000,steady,0
baseline,2189,24322221979,1000000000,recovery,late-one-eye,850000000,590277,4722216,590278,4722224,9444440,0,1000000000,steady,0
baseline,2190,24333333090,1000000000,recovery,late-one-eye,850000000,590277,4722216,590278,4722224,9444440,0,1000000000,steady,0
baseline,2191,24344444201,1000000000,recovery,late-one-eye,850000000,590277,4722216,590278,4722224,9444440,0,1000000000,steady,0
baseline,2192,24355555312,1000000000,recovery,late-one-eye,850000000,590277,4722216,590278,4722224,9444440,0,1000000000,steady,0
baseline,2193,24366666423,1000000000,recovery,late-one-eye,850000000,590277,4722216,590278,4722224,9444440,0,1000000000,steady,0
baseline,2194,24377777534,1000000000,recovery,late-one-eye,850000000,590277,4722216,590278,4722224,9444440,0,1000000000,steady,0
baseline,2195,24388888645,1000000000,recovery,late-one-eye,850000000,590277,4722216,590278,4722224,9444440,0,1000000000,steady,0
baseline,2196,24399999756,1000000000,recovery,late-one-eye,850000000,590277,4722216,590278,4722224,9444440,0,1000000000,steady,0
baseline,2197,24411110867,1000000000,recovery,late-one-eye,850000000,590277,4722216,590278,4722224,9444440,0,1000000000,steady,0
baseline,2198,24422221978,1000000000,recovery,late-one-eye,850000000,590277,4722216,590278,4722224,9444440,0,1000000000,steady,0
baseline,2199,24433333089,1000000000,recovery,late-one-eye,850000000,590277,4722216,590278,4722224,9444440,0,1000000000,steady,0
baseline,2200,24444444200,1000000000,recovery,late-one-eye,850000000,590277,4722216,590278,4722224,9444440,0,1000000000,steady,0
baseline,2201,24455555311,1000000000,recovery,late-one-eye,850000000,590277,4722216,590278,4722224,9444440,0,1000000000,steady,0
baseline,2202,24466666422,1000000000,recovery,late-one-eye,850000000,590277,4722216,590278,4722224,9444440,0,1000000000,steady,0
baseline,2203,24477777533,1000000000,recovery,late-one-eye,850000000,590277,4722216,590278,4722224,9444440,0,1000000000,steady,0
baseline,2204,24488888644,1000000000,recovery,late-one-eye,850000000,590277,4722216,590278,4722224,9444440,0,1000000000,steady,0
baseline,2205,24499999755,1000000000,recovery,late-one-eye,850000000,590277,4722216,590278,4722224,9444440,0,1000000000,steady,0
baseline,2206,24511110866,1000000000,recovery,late-one-eye,850000000,590277,4722216,590278,4722224,9444440,0,1000000000,steady,0
baseline,2207,24522221977,1000000000,recovery,late-one-eye,850000000,590277,4722216,590278,4722224,9444440,0,1000000000,steady,0
baseline,2208,24533333088,1000000000,recovery,late-one-eye,850000000,590277,4722216,590278,4722224,9444440,0,1000000000,steady,0
baseline,2209,24544444199,1000000000,recovery,late-one-eye,850000000,590277,4722216,590278,4722224,9444440,0,1000000000,steady,0
baseline,2210,24555555310,1000000000,recovery,late-one-eye,850000000,590277,4722216,590278,4722224,9444440,0,1000000000,steady,0
baseline,2211,24566666421,1000000000,recovery,late-one-eye,850000000,590277,4722216,590278,4722224,9444440,0,1000000000,steady,0
baseline,2212,24577777532,1000000000,recovery,late-one-eye,850000000,590277,4722216,590278,4722224,9444440,0,1000000000,steady,0
baseline,2213,24588888643,1000000000,recovery,late-one-eye,850000000,590277,4722216,590278,4722224,9444440,0,1000000000,steady,0
baseline,2214,24599999754,1000000000,recovery,late-one-eye,850000000,590277,4722216,590278,4722224,9444440,0,1000000000,steady,0
baseline,2215,24611110865,1000000000,recovery,late-one-eye,850000000,590277,4722216,590278,4722224,9444440,0,1000000000,steady,0
baseline,2216,24622221976,1000000000,recovery,late-one-eye,850000000,590277,4722216,590278,4722224,9444440,0,1000000000,steady,0
baseline,2217,24633333087,1000000000,recovery,late-one-eye,850000000,590277,4722216,590278,4722224,9444440,0,1000000000,steady,0
baseline,2218,24644444198,1000000000,recovery,late-one-eye,850000000,590277,4722216,590278,4722224,9444440,0,1000000000,steady,0
baseline,2219,24655555309,1000000000,recovery,late-one-eye,850000000,590277,4722216,590278,4722224,9444440,0,1000000000,steady,0
baseline,2220,24666666420,1000000000,recovery,late-one-eye,850000000,590277,4722216,590278,4722224,9444440,0,1000000000,steady,0
baseline,2221,24677777531,1000000000,recovery,late-one-eye,850000000,590277,4722216,590278,4722224,9444440,0,1000000000,steady,0
baseline,2222,24688888642,1000000000,recovery,late-one-eye,850000000,590277,4722216,590278,4722224,9444440,0,1000000000,steady,0
baseline,2223,24699999753,1000000000,recovery,late-one-eye,850000000,590277,4722216,590278,4722224,9444440,0,1000000000,steady,0
baseline,2224,24711110864,1000000000,recovery,late-one-eye,850000000,590277,4722216,590278,4722224,9444440,0,1000000000,steady,0
baseline,2225,24722221975,1000000000,recovery,late-one-eye,850000000,590277,4722216,590278,4722224,9444440,0,1000000000,steady,0
baseline,2226,24733333086,1000000000,recovery,late-one-eye,850000000,590277,4722216,590278,4722224,9444440,0,1000000000,steady,0
baseline,2227,24744444197,1000000000,recovery,late-one-eye,850000000,590277,4722216,590278,4722224,9444440,0,1000000000,steady,0
baseline,2228,24755555308,1000000000,recovery,late-one-eye,850000000,590277,4722216,590278,4722224,9444440,0,1000000000,steady,0
baseline,2229,24766666419,1000000000,recovery,late-one-eye,850000000,590277,4722216,590278,4722224,9444440,0,1000000000,steady,0
baseline,2230,24777777530,1000000000,recovery,late-one-eye,850000000,590277,4722216,590278,4722224,9444440,0,1000000000,steady,0
baseline,2231,24788888641,1000000000,recovery,late-one-eye,850000000,590277,4722216,590278,4722224,9444440,0,1000000000,steady,0
baseline,2232,24799999752,1000000000,recovery,late-one-eye,850000000,590277,4722216,590278,4722224,9444440,0,1000000000,steady,0
baseline,2233,24811110863,1000000000,recovery,late-one-eye,850000000,590277,4722216,590278,4722224,9444440,0,1000000000,steady,0
baseline,2234,24822221974,1000000000,recovery,late-one-eye,850000000,590277,4722216,590278,4722224,9444440,0,1000000000,steady,0
baseline,2235,24833333085,1000000000,recovery,late-one-eye,850000000,590277,4722216,590278,4722224,9444440,0,1000000000,steady,0
baseline,2236,24844444196,1000000000,recovery,late-one-eye,850000000,590277,4722216,590278,4722224,9444440,0,1000000000,steady,0
baseline,2237,24855555307,1000000000,recovery,late-one-eye,850000000,590277,4722216,590278,4722224,9444440,0,1000000000,steady,0
baseline,2238,24866666418,1000000000,recovery,late-one-eye,850000000,590277,4722216,590278,4722224,9444440,0,1000000000,steady,0
baseline,2239,24877777529,1000000000,recovery,late-one-eye,850000000,590277,4722216,590278,4722224,9444440,0,1000000000,steady,0
baseline,2240,24888888640,1000000000,recovery,late-one-eye,850000000,590277,4722216,590278,4722224,9444440,0,1000000000,steady,0
baseline,2241,24899999751,1000000000,recovery,late-one-eye,850000000,590277,4722216,590278,4722224,9444440,0,1000000000,steady,0
baseline,2242,24911110862,1000000000,recovery,late-one-eye,850000000,590277,4722216,590278,4722224,9444440,0,1000000000,steady,0
baseline,2243,24922221973,1000000000,recovery,late-one-eye,850000000,590277,4722216,590278,4722224,9444440,0,1000000000,steady,0
baseline,2244,24933333084,1000000000,recovery,late-one-eye,850000000,590277,4722216,590278,4722224,9444440,0,1000000000,steady,0
baseline,2245,24944444195,1000000000,recovery,late-one-eye,850000000,590277,4722216,590278,4722224,9444440,0,1000000000,steady,0
baseline,2246,24955555306,1000000000,recovery,late-one-eye,850000000,590277,4722216,590278,4722224,9444440,0,1000000000,steady,0
baseline,2247,24966666417,1000000000,recovery,late-one-eye,850000000,590277,4722216,590278,4722224,9444440,0,1000000000,steady,0
baseline,2248,24977777528,1000000000,recovery,late-one-eye,850000000,590277,4722216,590278,4722224,9444440,0,1000000000,steady,0
baseline,2249,24988888639,1000000000,recovery,late-one-eye,850000000,590277,4722216,590278,4722224,9444440,0,1000000000,steady,0
baseline,2250,24999999750,1000000000,recovery,late-one-eye,850000000,590277,4722216,590278,4722224,9444440,0,1000000000,steady,0
baseline,2251,25011110861,1000000000,recovery,late-one-eye,850000000,590277,4722216,590278,4722224,9444440,0,1000000000,steady,0
baseline,2252,25022221972,1000000000,recovery,late-one-eye,850000000,590277,4722216,590278,4722224,9444440,0,1000000000,steady,0
baseline,2253,25033333083,1000000000,recovery,late-one-eye,850000000,590277,4722216,590278,4722224,9444440,0,1000000000,steady,0
baseline,2254,25044444194,1000000000,recovery,late-one-eye,850000000,590277,4722216,590278,4722224,9444440,0,1000000000,steady,0
baseline,2255,25055555305,1000000000,recovery,late-one-eye,850000000,590277,4722216,590278,4722224,9444440,0,1000000000,steady,0
baseline,2256,25066666416,1000000000,recovery,late-one-eye,850000000,590277,4722216,590278,4722224,9444440,0,1000000000,steady,0
baseline,2257,25077777527,1000000000,recovery,late-one-eye,850000000,590277,4722216,590278,4722224,9444440,0,1000000000,steady,0
baseline,2258,25088888638,1000000000,recovery,late-one-eye,850000000,590277,4722216,590278,4722224,9444440,0,1000000000,steady,0
baseline,2259,25099999749,1000000000,recovery,late-one-eye,850000000,590277,4722216,590278,4722224,9444440,0,1000000000,steady,0
baseline,2260,25111110860,1000000000,recovery,late-one-eye,850000000,590277,4722216,590278,4722224,9444440,0,1000000000,steady,0
baseline,2261,25122221971,1000000000,recovery,late-one-eye,850000000,590277,4722216,590278,4722224,9444440,0,1000000000,steady,0
baseline,2262,25133333082,1000000000,recovery,late-one-eye,850000000,590277,4722216,590278,4722224,9444440,0,1000000000,steady,0
baseline,2263,25144444193,1000000000,recovery,late-one-eye,850000000,590277,4722216,590278,4722224,9444440,0,1000000000,steady,0
baseline,2264,25155555304,1000000000,recovery,late-one-eye,850000000,590277,4722216,590278,4722224,9444440,0,1000000000,steady,0
baseline,2265,25166666415,1000000000,recovery,late-one-eye,850000000,590277,4722216,590278,4722224,9444440,0,1000000000,steady,0
baseline,2266,25177777526,1000000000,recovery,late-one-eye,850000000,590277,4722216,590278,4722224,9444440,0,1000000000,steady,0
baseline,2267,25188888637,1000000000,recovery,late-one-eye,850000000,590277,4722216,590278,4722224,9444440,0,1000000000,steady,0
baseline,2268,25199999748,1000000000,recovery,late-one-eye,850000000,590277,4722216,590278,4722224,9444440,0,1000000000,steady,0
baseline,2269,25211110859,1000000000,recovery,late-one-eye,850000000,590277,4722216,590278,4722224,9444440,0,1000000000,steady,0
baseline,2270,25222221970,1000000000,recovery,late-one-eye,850000000,590277,4722216,590278,4722224,9444440,0,1000000000,steady,0
baseline,2271,25233333081,1000000000,recovery,late-one-eye,850000000,590277,4722216,590278,4722224,9444440,0,1000000000,steady,0
baseline,2272,25244444192,1000000000,recovery,late-one-eye,850000000,590277,4722216,590278,4722224,9444440,0,1000000000,steady,0
baseline,2273,25255555303,1000000000,recovery,late-one-eye,850000000,590277,4722216,590278,4722224,9444440,0,1000000000,steady,0
baseline,2274,25266666414,1000000000,recovery,late-one-eye,850000000,590277,4722216,590278,4722224,9444440,0,1000000000,steady,0
baseline,2275,25277777525,1000000000,recovery,late-one-eye,850000000,590277,4722216,590278,4722224,9444440,0,1000000000,steady,0
baseline,2276,25288888636,1000000000,recovery,late-one-eye,850000000,590277,4722216,590278,4722224,9444440,0,1000000000,steady,0
baseline,2277,25299999747,1000000000,recovery,late-one-eye,850000000,590277,4722216,590278,4722224,9444440,0,1000000000,steady,0
baseline,2278,25311110858,1000000000,recovery,late-one-eye,850000000,590277,4722216,590278,4722224,9444440,0,1000000000,steady,0
baseline,2279,25322221969,1000000000,recovery,late-one-eye,850000000,590277,4722216,590278,4722224,9444440,0,1000000000,steady,0
baseline,2280,25333333080,1000000000,recovery,late-one-eye,850000000,590277,4722216,590278,4722224,9444440,0,1000000000,steady,0
baseline,2281,25344444191,1000000000,recovery,late-one-eye,850000000,590277,4722216,590278,4722224,9444440,0,1000000000,steady,0
baseline,2282,25355555302,1000000000,recovery,late-one-eye,850000000,590277,4722216,590278,4722224,9444440,0,1000000000,steady,0
baseline,2283,25366666413,1000000000,recovery,late-one-eye,850000000,590277,4722216,590278,4722224,9444440,0,1000000000,steady,0
baseline,2284,25377777524,1000000000,recovery,late-one-eye,850000000,590277,4722216,590278,4722224,9444440,0,1000000000,steady,0
baseline,2285,25388888635,1000000000,recovery,late-one-eye,850000000,590277,4722216,590278,4722224,9444440,0,1000000000,steady,0
baseline,2286,25399999746,1000000000,recovery,late-one-eye,850000000,590277,4722216,590278,4722224,9444440,0,1000000000,steady,0
baseline,2287,25411110857,1000000000,recovery,late-one-eye,850000000,590277,4722216,590278,4722224,9444440,0,1000000000,steady,0
baseline,2288,25422221968,1000000000,recovery,late-one-eye,850000000,590277,4722216,590278,4722224,9444440,0,1000000000,steady,0
baseline,2289,25433333079,1000000000,recovery,late-one-eye,850000000,590277,4722216,590278,4722224,9444440,0,1000000000,steady,0
baseline,2290,25444444190,1000000000,recovery,late-one-eye,850000000,590277,4722216,590278,4722224,9444440,0,1000000000,steady,0
baseline,2291,25455555301,1000000000,recovery,late-one-eye,850000000,590277,4722216,590278,4722224,9444440,0,1000000000,steady,0
baseline,2292,25466666412,1000000000,recovery,late-one-eye,850000000,590277,4722216,590278,4722224,9444440,0,1000000000,steady,0
baseline,2293,25477777523,1000000000,recovery,late-one-eye,850000000,590277,4722216,590278,4722224,9444440,0,1000000000,steady,0
baseline,2294,25488888634,1000000000,recovery,late-one-eye,850000000,590277,4722216,590278,4722224,9444440,0,1000000000,steady,0
baseline,2295,25499999745,1000000000,recovery,late-one-eye,850000000,590277,4722216,590278,4722224,9444440,0,1000000000,steady,0
baseline,2296,25511110856,1000000000,recovery,late-one-eye,850000000,590277,4722216,590278,4722224,9444440,0,1000000000,steady,0
baseline,2297,25522221967,1000000000,recovery,late-one-eye,850000000,590277,4722216,590278,4722224,9444440,0,1000000000,steady,0
baseline,2298,25533333078,1000000000,recovery,late-one-eye,850000000,590277,4722216,590278,4722224,9444440,0,1000000000,steady,0
baseline,2299,25544444189,1000000000,recovery,late-one-eye,850000000,590277,4722216,590278,4722224,9444440,0,1000000000,steady,0
baseline,2300,25555555300,1000000000,recovery,late-one-eye,850000000,590277,4722216,590278,4722224,9444440,0,1000000000,steady,0
baseline,2301,25566666411,1000000000,recovery,late-one-eye,850000000,590277,4722216,590278,4722224,9444440,0,1000000000,steady,0
baseline,2302,25577777522,1000000000,recovery,late-one-eye,850000000,590277,4722216,590278,4722224,9444440,0,1000000000,steady,0
baseline,2303,25588888633,1000000000,recovery,late-one-eye,850000000,590277,4722216,590278,4722224,9444440,0,1000000000,steady,0
baseline,2304,25599999744,1000000000,recovery,late-one-eye,850000000,590277,4722216,590278,4722224,9444440,0,1000000000,steady,0
baseline,2305,25611110855,1000000000,recovery,late-one-eye,850000000,590277,4722216,590278,4722224,9444440,0,1000000000,steady,0
baseline,2306,25622221966,1000000000,recovery,late-one-eye,850000000,590277,4722216,590278,4722224,9444440,0,1000000000,steady,0
baseline,2307,25633333077,1000000000,recovery,late-one-eye,850000000,590277,4722216,590278,4722224,9444440,0,1000000000,steady,0
baseline,2308,25644444188,1000000000,recovery,late-one-eye,850000000,590277,4722216,590278,4722224,9444440,0,1000000000,steady,0
baseline,2309,25655555299,1000000000,recovery,late-one-eye,850000000,590277,4722216,590278,4722224,9444440,0,1000000000,steady,0
baseline,2310,25666666410,1000000000,recovery,late-one-eye,850000000,590277,4722216,590278,4722224,9444440,0,1000000000,steady,0
baseline,2311,25677777521,1000000000,recovery,late-one-eye,850000000,590277,4722216,590278,4722224,9444440,0,1000000000,steady,0
baseline,2312,25688888632,1000000000,recovery,late-one-eye,850000000,590277,4722216,590278,4722224,9444440,0,1000000000,steady,0
baseline,2313,25699999743,1000000000,recovery,late-one-eye,850000000,590277,4722216,590278,4722224,9444440,0,1000000000,steady,0
baseline,2314,25711110854,1000000000,recovery,late-one-eye,850000000,590277,4722216,590278,4722224,9444440,0,1000000000,steady,0
baseline,2315,25722221965,1000000000,recovery,late-one-eye,850000000,590277,4722216,590278,4722224,9444440,0,1000000000,steady,0
baseline,2316,25733333076,1000000000,recovery,late-one-eye,850000000,590277,4722216,590278,4722224,9444440,0,1000000000,steady,0
baseline,2317,25744444187,1000000000,recovery,late-one-eye,850000000,590277,4722216,590278,4722224,9444440,0,1000000000,steady,0
baseline,2318,25755555298,1000000000,recovery,late-one-eye,850000000,590277,4722216,590278,4722224,9444440,0,1000000000,steady,0
baseline,2319,25766666409,1000000000,recovery,late-one-eye,850000000,590277,4722216,590278,4722224,9444440,0,1000000000,steady,0
baseline,2320,25777777520,1000000000,recovery,late-one-eye,850000000,590277,4722216,590278,4722224,9444440,0,1000000000,steady,0
baseline,2321,25788888631,1000000000,recovery,late-one-eye,850000000,590277,4722216,590278,4722224,9444440,0,1000000000,steady,0
baseline,2322,25799999742,1000000000,recovery,late-one-eye,850000000,590277,4722216,590278,4722224,9444440,0,1000000000,steady,0
baseline,2323,25811110853,1000000000,recovery,late-one-eye,850000000,590277,4722216,590278,4722224,9444440,0,1000000000,steady,0
baseline,2324,25822221964,1000000000,recovery,late-one-eye,850000000,590277,4722216,590278,4722224,9444440,0,1000000000,steady,0
baseline,2325,25833333075,1000000000,recovery,late-one-eye,850000000,590277,4722216,590278,4722224,9444440,0,1000000000,steady,0
baseline,2326,25844444186,1000000000,recovery,late-one-eye,850000000,590277,4722216,590278,4722224,9444440,0,1000000000,steady,0
baseline,2327,25855555297,1000000000,recovery,late-one-eye,850000000,590277,4722216,590278,4722224,9444440,0,1000000000,steady,0
baseline,2328,25866666408,1000000000,recovery,late-one-eye,850000000,590277,4722216,590278,4722224,9444440,0,1000000000,steady,0
baseline,2329,25877777519,1000000000,recovery,late-one-eye,850000000,590277,4722216,590278,4722224,9444440,0,1000000000,steady,0
baseline,2330,25888888630,1000000000,recovery,late-one-eye,850000000,590277,4722216,590278,4722224,9444440,0,1000000000,steady,0
baseline,2331,25899999741,1000000000,recovery,late-one-eye,850000000,590277,4722216,590278,4722224,9444440,0,1000000000,steady,0
baseline,2332,25911110852,1000000000,recovery,late-one-eye,850000000,590277,4722216,590278,4722224,9444440,0,1000000000,steady,0
baseline,2333,25922221963,1000000000,recovery,late-one-eye,850000000,590277,4722216,590278,4722224,9444440,0,1000000000,steady,0
baseline,2334,25933333074,1000000000,recovery,late-one-eye,850000000,590277,4722216,590278,4722224,9444440,0,1000000000,steady,0
baseline,2335,25944444185,1000000000,recovery,late-one-eye,850000000,590277,4722216,590278,4722224,9444440,0,1000000000,steady,0
baseline,2336,25955555296,1000000000,recovery,late-one-eye,850000000,590277,4722216,590278,4722224,9444440,0,1000000000,steady,0
baseline,2337,25966666407,1000000000,recovery,late-one-eye,850000000,590277,4722216,590278,4722224,9444440,0,1000000000,steady,0
baseline,2338,25977777518,1000000000,recovery,late-one-eye,850000000,590277,4722216,590278,4722224,9444440,0,1000000000,steady,0
baseline,2339,25988888629,1000000000,recovery,late-one-eye,850000000,590277,4722216,590278,4722224,9444440,0,1000000000,steady,0
baseline,2340,25999999740,1000000000,recovery,late-one-eye,850000000,590277,4722216,590278,4722224,9444440,0,1000000000,steady,0
baseline,2341,26011110851,1000000000,recovery,late-one-eye,850000000,590277,4722216,590278,4722224,9444440,0,1000000000,steady,0
baseline,2342,26022221962,1000000000,recovery,late-one-eye,850000000,590277,4722216,590278,4722224,9444440,0,1000000000,steady,0
baseline,2343,26033333073,1000000000,recovery,late-one-eye,850000000,590277,4722216,590278,4722224,9444440,0,1000000000,steady,0
baseline,2344,26044444184,1000000000,recovery,late-one-eye,850000000,590277,4722216,590278,4722224,9444440,0,1000000000,steady,0
baseline,2345,26055555295,1000000000,recovery,late-one-eye,850000000,590277,4722216,590278,4722224,9444440,0,1000000000,steady,0
baseline,2346,26066666406,1000000000,recovery,late-one-eye,850000000,590277,4722216,590278,4722224,9444440,0,1000000000,steady,0
baseline,2347,26077777517,1000000000,recovery,late-one-eye,850000000,590277,4722216,590278,4722224,9444440,0,1000000000,steady,0
baseline,2348,26088888628,1000000000,recovery,late-one-eye,850000000,590277,4722216,590278,4722224,9444440,0,1000000000,steady,0
baseline,2349,26099999739,1000000000,recovery,late-one-eye,850000000,590277,4722216,590278,4722224,9444440,0,1000000000,steady,0
baseline,2350,26111110850,1000000000,recovery,late-one-eye,850000000,590277,4722216,590278,4722224,9444440,0,1000000000,steady,0
baseline,2351,26122221961,1000000000,recovery,late-one-eye,850000000,590277,4722216,590278,4722224,9444440,0,1000000000,steady,0
baseline,2352,26133333072,1000000000,recovery,late-one-eye,850000000,590277,4722216,590278,4722224,9444440,0,1000000000,steady,0
baseline,2353,26144444183,1000000000,recovery,late-one-eye,850000000,590277,4722216,590278,4722224,9444440,0,1000000000,steady,0
baseline,2354,26155555294,1000000000,recovery,late-one-eye,850000000,590277,4722216,590278,4722224,9444440,0,1000000000,steady,0
baseline,2355,26166666405,1000000000,recovery,late-one-eye,850000000,590277,4722216,590278,4722224,9444440,0,1000000000,steady,0
baseline,2356,26177777516,1000000000,recovery,late-one-eye,850000000,590277,4722216,590278,4722224,9444440,0,1000000000,steady,0
baseline,2357,26188888627,1000000000,recovery,late-one-eye,850000000,590277,4722216,590278,4722224,9444440,0,1000000000,steady,0
baseline,2358,26199999738,1000000000,recovery,late-one-eye,850000000,590277,4722216,590278,4722224,9444440,0,1000000000,steady,0
baseline,2359,26211110849,1000000000,recovery,late-one-eye,850000000,590277,4722216,590278,4722224,9444440,0,1000000000,steady,0
baseline,2360,26222221960,1000000000,recovery,late-one-eye,850000000,590277,4722216,590278,4722224,9444440,0,1000000000,steady,0
baseline,2361,26233333071,1000000000,recovery,late-one-eye,850000000,590277,4722216,590278,4722224,9444440,0,1000000000,steady,0
baseline,2362,26244444182,1000000000,recovery,late-one-eye,850000000,590277,4722216,590278,4722224,9444440,0,1000000000,steady,0
baseline,2363,26255555293,1000000000,recovery,late-one-eye,850000000,590277,4722216,590278,4722224,9444440,0,1000000000,steady,0
baseline,2364,26266666404,1000000000,recovery,late-one-eye,850000000,590277,4722216,590278,4722224,9444440,0,1000000000,steady,0
baseline,2365,26277777515,1000000000,recovery,late-one-eye,850000000,590277,4722216,590278,4722224,9444440,0,1000000000,steady,0
baseline,2366,26288888626,1000000000,recovery,late-one-eye,850000000,590277,4722216,590278,4722224,9444440,0,1000000000,steady,0
baseline,2367,26299999737,1000000000,recovery,late-one-eye,850000000,590277,4722216,590278,4722224,9444440,0,1000000000,steady,0
baseline,2368,26311110848,1000000000,recovery,late-one-eye,850000000,590277,4722216,590278,4722224,9444440,0,1000000000,steady,0
baseline,2369,26322221959,1000000000,recovery,late-one-eye,850000000,590277,4722216,590278,4722224,9444440,0,1000000000,steady,0
baseline,2370,26333333070,1000000000,recovery,late-one-eye,850000000,590277,4722216,590278,4722224,9444440,0,1000000000,steady,0
baseline,2371,26344444181,1000000000,recovery,late-one-eye,850000000,590277,4722216,590278,4722224,9444440,0,1000000000,steady,0
baseline,2372,26355555292,1000000000,recovery,late-one-eye,850000000,590277,4722216,590278,4722224,9444440,0,1000000000,steady,0
baseline,2373,26366666403,1000000000,recovery,late-one-eye,850000000,590277,4722216,590278,4722224,9444440,0,1000000000,steady,0
baseline,2374,26377777514,1000000000,recovery,late-one-eye,850000000,590277,4722216,590278,4722224,9444440,0,1000000000,steady,0
baseline,2375,26388888625,1000000000,recovery,late-one-eye,850000000,590277,4722216,590278,4722224,9444440,0,1000000000,steady,0
baseline,2376,26399999736,1000000000,recovery,late-one-eye,850000000,590277,4722216,590278,4722224,9444440,0,1000000000,steady,0
baseline,2377,26411110847,1000000000,recovery,late-one-eye,850000000,590277,4722216,590278,4722224,9444440,0,1000000000,steady,0
baseline,2378,26422221958,1000000000,recovery,late-one-eye,850000000,590277,4722216,590278,4722224,9444440,0,1000000000,steady,0
baseline,2379,26433333069,1000000000,recovery,late-one-eye,850000000,590277,4722216,590278,4722224,9444440,0,1000000000,steady,0
baseline,2380,26444444180,1000000000,recovery,late-one-eye,850000000,590277,4722216,590278,4722224,9444440,0,1000000000,steady,0
baseline,2381,26455555291,1000000000,recovery,late-one-eye,850000000,590277,4722216,590278,4722224,9444440,0,1000000000,steady,0
baseline,2382,26466666402,1000000000,recovery,late-one-eye,850000000,590277,4722216,590278,4722224,9444440,0,1000000000,steady,0
baseline,2383,26477777513,1000000000,recovery,late-one-eye,850000000,590277,4722216,590278,4722224,9444440,0,1000000000,steady,0
baseline,2384,26488888624,1000000000,recovery,late-one-eye,850000000,590277,4722216,590278,4722224,9444440,0,1000000000,steady,0
baseline,2385,26499999735,1000000000,recovery,late-one-eye,850000000,590277,4722216,590278,4722224,9444440,0,1000000000,steady,0
baseline,2386,26511110846,1000000000,recovery,late-one-eye,850000000,590277,4722216,590278,4722224,9444440,0,1000000000,steady,0
baseline,2387,26522221957,1000000000,recovery,late-one-eye,850000000,590277,4722216,590278,4722224,9444440,0,1000000000,steady,0
baseline,2388,26533333068,1000000000,recovery,late-one-eye,850000000,590277,4722216,590278,4722224,9444440,0,1000000000,steady,0
baseline,2389,26544444179,1000000000,recovery,late-one-eye,850000000,590277,4722216,590278,4722224,9444440,0,1000000000,steady,0
baseline,2390,26555555290,1000000000,recovery,late-one-eye,850000000,590277,4722216,590278,4722224,9444440,0,1000000000,steady,0
baseline,2391,26566666401,1000000000,recovery,late-one-eye,850000000,590277,4722216,590278,4722224,9444440,0,1000000000,steady,0
baseline,2392,26577777512,1000000000,recovery,late-one-eye,850000000,590277,4722216,590278,4722224,9444440,0,1000000000,steady,0
baseline,2393,26588888623,1000000000,recovery,late-one-eye,850000000,590277,4722216,590278,4722224,9444440,0,1000000000,steady,0
baseline,2394,26599999734,1000000000,recovery,late-one-eye,850000000,590277,4722216,590278,4722224,9444440,0,1000000000,steady,0
baseline,2395,26611110845,1000000000,recovery,late-one-eye,850000000,590277,4722216,590278,4722224,9444440,0,1000000000,steady,0
baseline,2396,26622221956,1000000000,recovery,late-one-eye,850000000,590277,4722216,590278,4722224,9444440,0,1000000000,steady,0
baseline,2397,26633333067,1000000000,recovery,late-one-eye,850000000,590277,4722216,590278,4722224,9444440,0,1000000000,steady,0
baseline,2398,26644444178,1000000000,recovery,late-one-eye,850000000,590277,4722216,590278,4722224,9444440,0,1000000000,steady,0
baseline,2399,26655555289,1000000000,recovery,late-one-eye,850000000,590277,4722216,590278,4722224,9444440,0,1000000000,steady,0
baseline,2400,26666666400,1000000000,recovery,late-one-eye,850000000,590277,4722216,590278,4722224,9444440,0,1000000000,steady,0
baseline,2401,26677777511,1000000000,recovery,late-one-eye,850000000,590277,4722216,590278,4722224,9444440,0,1000000000,steady,0
baseline,2402,26688888622,1000000000,recovery,late-one-eye,850000000,590277,4722216,590278,4722224,9444440,0,1000000000,steady,0
baseline,2403,26699999733,1000000000,recovery,late-one-eye,850000000,590277,4722216,590278,4722224,9444440,0,1000000000,steady,0
baseline,2404,26711110844,1000000000,recovery,late-one-eye,850000000,590277,4722216,590278,4722224,9444440,0,1000000000,steady,0
baseline,2405,26722221955,1000000000,recovery,late-one-eye,850000000,590277,4722216,590278,4722224,9444440,0,1000000000,steady,0
baseline,2406,26733333066,1000000000,recovery,late-one-eye,850000000,590277,4722216,590278,4722224,9444440,0,1000000000,steady,0
baseline,2407,26744444177,1000000000,recovery,late-one-eye,850000000,590277,4722216,590278,4722224,9444440,0,1000000000,steady,0
baseline,2408,26755555288,1000000000,recovery,late-one-eye,850000000,590277,4722216,590278,4722224,9444440,0,1000000000,steady,0
baseline,2409,26766666399,1000000000,recovery,late-one-eye,850000000,590277,4722216,590278,4722224,9444440,0,1000000000,steady,0
baseline,2410,26777777510,1000000000,recovery,late-one-eye,850000000,590277,4722216,590278,4722224,9444440,0,1000000000,steady,0
baseline,2411,26788888621,1000000000,recovery,late-one-eye,850000000,590277,4722216,590278,4722224,9444440,0,1000000000,steady,0
baseline,2412,26799999732,1000000000,recovery,late-one-eye,850000000,590277,4722216,590278,4722224,9444440,0,1000000000,steady,0
baseline,2413,26811110843,1000000000,recovery,late-one-eye,850000000,590277,4722216,590278,4722224,9444440,0,1000000000,steady,0
baseline,2414,26822221954,1000000000,recovery,late-one-eye,850000000,590277,4722216,590278,4722224,9444440,0,1000000000,steady,0
baseline,2415,26833333065,1000000000,recovery,late-one-eye,850000000,590277,4722216,590278,4722224,9444440,0,1000000000,steady,0
baseline,2416,26844444176,1000000000,recovery,late-one-eye,850000000,590277,4722216,590278,4722224,9444440,0,1000000000,steady,0
baseline,2417,26855555287,1000000000,recovery,late-one-eye,850000000,590277,4722216,590278,4722224,9444440,0,1000000000,steady,0
baseline,2418,26866666398,1000000000,recovery,late-one-eye,850000000,590277,4722216,590278,4722224,9444440,0,1000000000,steady,0
baseline,2419,26877777509,1000000000,recovery,late-one-eye,850000000,590277,4722216,590278,4722224,9444440,0,1000000000,steady,0
baseline,2420,26888888620,1000000000,recovery,late-one-eye,850000000,590277,4722216,590278,4722224,9444440,0,1000000000,steady,0
baseline,2421,26899999731,1000000000,recovery,late-one-eye,850000000,590277,4722216,590278,4722224,9444440,0,1000000000,steady,0
baseline,2422,26911110842,1000000000,recovery,late-one-eye,850000000,590277,4722216,590278,4722224,9444440,0,1000000000,steady,0
baseline,2423,26922221953,1000000000,recovery,late-one-eye,850000000,590277,4722216,590278,4722224,9444440,0,1000000000,steady,0
baseline,2424,26933333064,1000000000,recovery,late-one-eye,850000000,590277,4722216,590278,4722224,9444440,0,1000000000,steady,0
baseline,2425,26944444175,1000000000,recovery,late-one-eye,850000000,590277,4722216,590278,4722224,9444440,0,1000000000,steady,0
baseline,2426,26955555286,1000000000,recovery,late-one-eye,850000000,590277,4722216,590278,4722224,9444440,0,1000000000,steady,0
baseline,2427,26966666397,1000000000,recovery,late-one-eye,850000000,590277,4722216,590278,4722224,9444440,0,1000000000,steady,0
baseline,2428,26977777508,1000000000,recovery,late-one-eye,850000000,590277,4722216,590278,4722224,9444440,0,1000000000,steady,0
baseline,2429,26988888619,1000000000,recovery,late-one-eye,850000000,590277,4722216,590278,4722224,9444440,0,1000000000,steady,0
baseline,2430,26999999730,1000000000,recovery,late-one-eye,850000000,590277,4722216,590278,4722224,9444440,0,1000000000,steady,0
baseline,2431,27011110841,1000000000,recovery,late-one-eye,850000000,590277,4722216,590278,4722224,9444440,0,1000000000,steady,0
baseline,2432,27022221952,1000000000,recovery,late-one-eye,850000000,590277,4722216,590278,4722224,9444440,0,1000000000,steady,0
baseline,2433,27033333063,1000000000,recovery,late-one-eye,850000000,590277,4722216,590278,4722224,9444440,0,1000000000,steady,0
baseline,2434,27044444174,1000000000,recovery,late-one-eye,850000000,590277,4722216,590278,4722224,9444440,0,1000000000,steady,0
baseline,2435,27055555285,1000000000,recovery,late-one-eye,850000000,590277,4722216,590278,4722224,9444440,0,1000000000,steady,0
baseline,2436,27066666396,1000000000,recovery,late-one-eye,850000000,590277,4722216,590278,4722224,9444440,0,1000000000,steady,0
baseline,2437,27077777507,1000000000,recovery,late-one-eye,850000000,590277,4722216,590278,4722224,9444440,0,1000000000,steady,0
baseline,2438,27088888618,1000000000,recovery,late-one-eye,850000000,590277,4722216,590278,4722224,9444440,0,1000000000,steady,0
baseline,2439,27099999729,1000000000,recovery,late-one-eye,850000000,590277,4722216,590278,4722224,9444440,0,1000000000,steady,0
baseline,2440,27111110840,1000000000,recovery,late-one-eye,850000000,590277,4722216,590278,4722224,9444440,0,1000000000,steady,0
baseline,2441,27122221951,1000000000,recovery,late-one-eye,850000000,590277,4722216,590278,4722224,9444440,0,1000000000,steady,0
baseline,2442,27133333062,1000000000,recovery,late-one-eye,850000000,590277,4722216,590278,4722224,9444440,0,1000000000,steady,0
baseline,2443,27144444173,1000000000,recovery,late-one-eye,850000000,590277,4722216,590278,4722224,9444440,0,1000000000,steady,0
baseline,2444,27155555284,1000000000,recovery,late-one-eye,850000000,590277,4722216,590278,4722224,9444440,0,1000000000,steady,0
baseline,2445,27166666395,1000000000,recovery,late-one-eye,850000000,590277,4722216,590278,4722224,9444440,0,1000000000,steady,0
baseline,2446,27177777506,1000000000,recovery,late-one-eye,850000000,590277,4722216,590278,4722224,9444440,0,1000000000,steady,0
baseline,2447,27188888617,1000000000,recovery,late-one-eye,850000000,590277,4722216,590278,4722224,9444440,0,1000000000,steady,0
baseline,2448,27199999728,1000000000,recovery,late-one-eye,850000000,590277,4722216,590278,4722224,9444440,0,1000000000,steady,0
baseline,2449,27211110839,1000000000,recovery,late-one-eye,850000000,590277,4722216,590278,4722224,9444440,0,1000000000,steady,0
baseline,2450,27222221950,1000000000,recovery,late-one-eye,850000000,590277,4722216,590278,4722224,9444440,0,1000000000,steady,0
baseline,2451,27233333061,1000000000,recovery,late-one-eye,850000000,590277,4722216,590278,4722224,9444440,0,1000000000,steady,0
baseline,2452,27244444172,1000000000,recovery,late-one-eye,850000000,590277,4722216,590278,4722224,9444440,0,1000000000,steady,0
baseline,2453,27255555283,1000000000,recovery,late-one-eye,850000000,590277,4722216,590278,4722224,9444440,0,1000000000,steady,0
baseline,2454,27266666394,1000000000,recovery,late-one-eye,850000000,590277,4722216,590278,4722224,9444440,0,1000000000,steady,0
baseline,2455,27277777505,1000000000,recovery,late-one-eye,850000000,590277,4722216,590278,4722224,9444440,0,1000000000,steady,0
baseline,2456,27288888616,1000000000,recovery,late-one-eye,850000000,590277,4722216,590278,4722224,9444440,0,1000000000,steady,0
baseline,2457,27299999727,1000000000,recovery,late-one-eye,850000000,590277,4722216,590278,4722224,9444440,0,1000000000,steady,0
baseline,2458,27311110838,1000000000,recovery,late-one-eye,850000000,590277,4722216,590278,4722224,9444440,0,1000000000,steady,0
baseline,2459,27322221949,1000000000,recovery,late-one-eye,850000000,590277,4722216,590278,4722224,9444440,0,1000000000,steady,0
baseline,2460,27333333060,1000000000,recovery,late-one-eye,850000000,590277,4722216,590278,4722224,9444440,0,1000000000,steady,0
baseline,2461,27344444171,1000000000,recovery,late-one-eye,850000000,590277,4722216,590278,4722224,9444440,0,1000000000,steady,0
baseline,2462,27355555282,1000000000,recovery,late-one-eye,850000000,590277,4722216,590278,4722224,9444440,0,1000000000,steady,0
baseline,2463,27366666393,1000000000,recovery,late-one-eye,850000000,590277,4722216,590278,4722224,9444440,0,1000000000,steady,0
baseline,2464,27377777504,1000000000,recovery,late-one-eye,850000000,590277,4722216,590278,4722224,9444440,0,1000000000,steady,0
baseline,2465,27388888615,1000000000,recovery,late-one-eye,850000000,590277,4722216,590278,4722224,9444440,0,1000000000,steady,0
baseline,2466,27399999726,1000000000,recovery,late-one-eye,850000000,590277,4722216,590278,4722224,9444440,0,1000000000,steady,0
baseline,2467,27411110837,1000000000,recovery,late-one-eye,850000000,590277,4722216,590278,4722224,9444440,0,1000000000,steady,0
baseline,2468,27422221948,1000000000,recovery,late-one-eye,850000000,590277,4722216,590278,4722224,9444440,0,1000000000,steady,0
baseline,2469,27433333059,1000000000,recovery,late-one-eye,850000000,590277,4722216,590278,4722224,9444440,0,1000000000,steady,0
baseline,2470,27444444170,1000000000,recovery,late-one-eye,850000000,590277,4722216,590278,4722224,9444440,0,1000000000,steady,0
baseline,2471,27455555281,1000000000,recovery,late-one-eye,850000000,590277,4722216,590278,4722224,9444440,0,1000000000,steady,0
baseline,2472,27466666392,1000000000,recovery,late-one-eye,850000000,590277,4722216,590278,4722224,9444440,0,1000000000,steady,0
baseline,2473,27477777503,1000000000,recovery,late-one-eye,850000000,590277,4722216,590278,4722224,9444440,0,1000000000,steady,0
baseline,2474,27488888614,1000000000,recovery,late-one-eye,850000000,590277,4722216,590278,4722224,9444440,0,1000000000,steady,0
baseline,2475,27499999725,1000000000,recovery,late-one-eye,850000000,590277,4722216,590278,4722224,9444440,0,1000000000,steady,0
baseline,2476,27511110836,1000000000,recovery,late-one-eye,850000000,590277,4722216,590278,4722224,9444440,0,1000000000,steady,0
baseline,2477,27522221947,1000000000,recovery,late-one-eye,850000000,590277,4722216,590278,4722224,9444440,0,1000000000,steady,0
baseline,2478,27533333058,1000000000,recovery,late-one-eye,850000000,590277,4722216,590278,4722224,9444440,0,1000000000,steady,0
baseline,2479,27544444169,1000000000,recovery,late-one-eye,850000000,590277,4722216,590278,4722224,9444440,0,1000000000,steady,0
baseline,2480,27555555280,1000000000,recovery,late-one-eye,850000000,590277,4722216,590278,4722224,9444440,0,1000000000,steady,0
baseline,2481,27566666391,1000000000,recovery,late-one-eye,850000000,590277,4722216,590278,4722224,9444440,0,1000000000,steady,0
baseline,2482,27577777502,1000000000,recovery,late-one-eye,850000000,590277,4722216,590278,4722224,9444440,0,1000000000,steady,0
baseline,2483,27588888613,1000000000,recovery,late-one-eye,850000000,590277,4722216,590278,4722224,9444440,0,1000000000,steady,0
baseline,2484,27599999724,1000000000,recovery,late-one-eye,850000000,590277,4722216,590278,4722224,9444440,0,1000000000,steady,0
baseline,2485,27611110835,1000000000,recovery,late-one-eye,850000000,590277,4722216,590278,4722224,9444440,0,1000000000,steady,0
baseline,2486,27622221946,1000000000,recovery,late-one-eye,850000000,590277,4722216,590278,4722224,9444440,0,1000000000,steady,0
baseline,2487,27633333057,1000000000,recovery,late-one-eye,850000000,590277,4722216,590278,4722224,9444440,0,1000000000,steady,0
baseline,2488,27644444168,1000000000,recovery,late-one-eye,850000000,590277,4722216,590278,4722224,9444440,0,1000000000,steady,0
baseline,2489,27655555279,1000000000,recovery,late-one-eye,850000000,590277,4722216,590278,4722224,9444440,0,1000000000,steady,0
baseline,2490,27666666390,1000000000,recovery,late-one-eye,850000000,590277,4722216,590278,4722224,9444440,0,1000000000,steady,0
baseline,2491,27677777501,1000000000,recovery,late-one-eye,850000000,590277,4722216,590278,4722224,9444440,0,1000000000,steady,0
baseline,2492,27688888612,1000000000,recovery,late-one-eye,850000000,590277,4722216,590278,4722224,9444440,0,1000000000,steady,0
baseline,2493,27699999723,1000000000,recovery,late-one-eye,850000000,590277,4722216,590278,4722224,9444440,0,1000000000,steady,0
baseline,2494,27711110834,1000000000,recovery,late-one-eye,850000000,590277,4722216,590278,4722224,9444440,0,1000000000,steady,0
baseline,2495,27722221945,1000000000,recovery,late-one-eye,850000000,590277,4722216,590278,4722224,9444440,0,1000000000,steady,0
baseline,2496,27733333056,1000000000,recovery,late-one-eye,850000000,590277,4722216,590278,4722224,9444440,0,1000000000,steady,0
baseline,2497,27744444167,1000000000,recovery,late-one-eye,850000000,590277,4722216,590278,4722224,9444440,0,1000000000,steady,0
baseline,2498,27755555278,1000000000,recovery,late-one-eye,850000000,590277,4722216,590278,4722224,9444440,0,1000000000,steady,0
baseline,2499,27766666389,1000000000,recovery,late-one-eye,850000000,590277,4722216,590278,4722224,9444440,0,1000000000,steady,0
baseline,2500,27777777500,1000000000,recovery,late-one-eye,850000000,590277,4722216,590278,4722224,9444440,0,1000000000,steady,0
baseline,2501,27788888611,1000000000,recovery,late-one-eye,850000000,590277,4722216,590278,4722224,9444440,0,1000000000,steady,0
baseline,2502,27799999722,1000000000,recovery,late-one-eye,850000000,590277,4722216,590278,4722224,9444440,0,1000000000,steady,0
baseline,2503,27811110833,1000000000,recovery,late-one-eye,850000000,590277,4722216,590278,4722224,9444440,0,1000000000,steady,0
baseline,2504,27822221944,1000000000,recovery,late-one-eye,850000000,590277,4722216,590278,4722224,9444440,0,1000000000,steady,0
baseline,2505,27833333055,1000000000,recovery,late-one-eye,850000000,590277,4722216,590278,4722224,9444440,0,1000000000,steady,0
baseline,2506,27844444166,1000000000,recovery,late-one-eye,850000000,590277,4722216,590278,4722224,9444440,0,1000000000,steady,0
baseline,2507,27855555277,1000000000,recovery,late-one-eye,850000000,590277,4722216,590278,4722224,9444440,0,1000000000,steady,0
baseline,2508,27866666388,1000000000,recovery,late-one-eye,850000000,590277,4722216,590278,4722224,9444440,0,1000000000,steady,0
baseline,2509,27877777499,1000000000,recovery,late-one-eye,850000000,590277,4722216,590278,4722224,9444440,0,1000000000,steady,0
baseline,2510,27888888610,1000000000,recovery,late-one-eye,850000000,590277,4722216,590278,4722224,9444440,0,1000000000,steady,0
baseline,2511,27899999721,1000000000,recovery,late-one-eye,850000000,590277,4722216,590278,4722224,9444440,0,1000000000,steady,0
baseline,2512,27911110832,1000000000,recovery,late-one-eye,850000000,590277,4722216,590278,4722224,9444440,0,1000000000,steady,0
baseline,2513,27922221943,1000000000,recovery,late-one-eye,850000000,590277,4722216,590278,4722224,9444440,0,1000000000,steady,0
baseline,2514,27933333054,1000000000,recovery,late-one-eye,850000000,590277,4722216,590278,4722224,9444440,0,1000000000,steady,0
baseline,2515,27944444165,1000000000,recovery,late-one-eye,850000000,590277,4722216,590278,4722224,9444440,0,1000000000,steady,0
baseline,2516,27955555276,1000000000,recovery,late-one-eye,850000000,590277,4722216,590278,4722224,9444440,0,1000000000,steady,0
baseline,2517,27966666387,1000000000,recovery,late-one-eye,850000000,590277,4722216,590278,4722224,9444440,0,1000000000,steady,0
baseline,2518,27977777498,1000000000,recovery,late-one-eye,850000000,590277,4722216,590278,4722224,9444440,0,1000000000,probe,1
baseline,2519,27988888609,1000000000,recovery,late-one-eye,1000000000,694444,5555552,694444,5555552,11111104,0,1000000000,probe,0
baseline,2520,27999999720,1000000000,recovery,late-one-eye,1000000000,694444,5555552,694444,5555552,11111104,0,1000000000,probe,0
baseline,2521,28011110831,1000000000,recovery,late-one-eye,1000000000,694444,5555552,694444,5555552,11111104,0,1000000000,probe,0
baseline,2522,28022221942,1000000000,recovery,late-one-eye,1000000000,694444,5555552,694444,5555552,11111104,0,1000000000,probe,0
baseline,2523,28033333053,1000000000,recovery,late-one-eye,1000000000,694444,5555552,694444,5555552,11111104,0,1000000000,probe,0
baseline,2524,28044444164,1000000000,recovery,late-one-eye,1000000000,694444,5555552,694444,5555552,11111104,0,1000000000,probe,0
baseline,2525,28055555275,1000000000,recovery,late-one-eye,1000000000,694444,5555552,694444,5555552,11111104,0,1000000000,probe,0
baseline,2526,28066666386,1000000000,recovery,late-one-eye,1000000000,694444,5555552,694444,5555552,11111104,0,1000000000,probe,0
baseline,2527,28077777497,1000000000,recovery,late-one-eye,1000000000,694444,5555552,694444,5555552,11111104,0,1000000000,probe,0
baseline,2528,28088888608,1000000000,recovery,late-one-eye,1000000000,694444,5555552,694444,5555552,11111104,0,1000000000,probe,0
baseline,2529,28099999719,1000000000,recovery,late-one-eye,1000000000,694444,5555552,694444,5555552,11111104,0,1000000000,probe,0
baseline,2530,28111110830,1000000000,recovery,late-one-eye,1000000000,694444,5555552,694444,5555552,11111104,0,1000000000,probe,0
baseline,2531,28122221941,1000000000,recovery,late-one-eye,1000000000,694444,5555552,694444,5555552,11111104,0,1000000000,probe,0
baseline,2532,28133333052,1000000000,recovery,late-one-eye,1000000000,694444,5555552,694444,5555552,11111104,0,1000000000,probe,0
baseline,2533,28144444163,1000000000,recovery,late-one-eye,1000000000,694444,5555552,694444,5555552,11111104,0,1000000000,probe,0
baseline,2534,28155555274,1000000000,recovery,late-one-eye,1000000000,694444,5555552,694444,5555552,11111104,0,1000000000,probe,0
baseline,2535,28166666385,1000000000,recovery,late-one-eye,1000000000,694444,5555552,694444,5555552,11111104,0,1000000000,probe,0
baseline,2536,28177777496,1000000000,recovery,late-one-eye,1000000000,694444,5555552,694444,5555552,11111104,0,1000000000,probe,0
baseline,2537,28188888607,1000000000,recovery,late-one-eye,1000000000,694444,5555552,694444,5555552,11111104,0,1000000000,probe,0
baseline,2538,28199999718,1000000000,recovery,late-one-eye,1000000000,694444,5555552,694444,5555552,11111104,0,1000000000,probe,0
baseline,2539,28211110829,1000000000,recovery,late-one-eye,1000000000,694444,5555552,694444,5555552,11111104,0,1000000000,probe,0
baseline,2540,28222221940,1000000000,recovery,late-one-eye,1000000000,694444,5555552,694444,5555552,11111104,0,1000000000,probe,0
baseline,2541,28233333051,1000000000,recovery,late-one-eye,1000000000,694444,5555552,694444,5555552,11111104,0,1000000000,probe,0
baseline,2542,28244444162,1000000000,recovery,late-one-eye,1000000000,694444,5555552,694444,5555552,11111104,0,1000000000,probe,0
baseline,2543,28255555273,1000000000,recovery,late-one-eye,1000000000,694444,5555552,694444,5555552,11111104,0,1000000000,probe,0
baseline,2544,28266666384,1000000000,recovery,late-one-eye,1000000000,694444,5555552,694444,5555552,11111104,0,1000000000,probe,0
baseline,2545,28277777495,1000000000,recovery,late-one-eye,1000000000,694444,5555552,694444,5555552,11111104,0,1000000000,probe,0
baseline,2546,28288888606,1000000000,recovery,late-one-eye,1000000000,694444,5555552,694444,5555552,11111104,0,1000000000,probe,0
baseline,2547,28299999717,1000000000,recovery,late-one-eye,1000000000,694444,5555552,694444,5555552,11111104,0,1000000000,probe,0
baseline,2548,28311110828,1000000000,recovery,late-one-eye,1000000000,694444,5555552,694444,5555552,11111104,0,1000000000,probe,0
baseline,2549,28322221939,1000000000,recovery,late-one-eye,1000000000,694444,5555552,694444,5555552,11111104,0,1000000000,probe,0
baseline,2550,28333333050,1000000000,recovery,late-one-eye,1000000000,694444,5555552,694444,5555552,11111104,0,1000000000,probe,0
baseline,2551,28344444161,1000000000,recovery,late-one-eye,1000000000,694444,5555552,694444,5555552,11111104,0,1000000000,probe,0
baseline,2552,28355555272,1000000000,recovery,late-one-eye,1000000000,694444,5555552,694444,5555552,11111104,0,1000000000,probe,0
baseline,2553,28366666383,1000000000,recovery,late-one-eye,1000000000,694444,5555552,694444,5555552,11111104,0,1000000000,probe,0
baseline,2554,28377777494,1000000000,recovery,late-one-eye,1000000000,694444,5555552,694444,5555552,11111104,0,1000000000,probe,0
baseline,2555,28388888605,1000000000,recovery,late-one-eye,1000000000,694444,5555552,694444,5555552,11111104,0,1000000000,probe,0
baseline,2556,28399999716,1000000000,recovery,late-one-eye,1000000000,694444,5555552,694444,5555552,11111104,0,1000000000,probe,0
baseline,2557,28411110827,1000000000,recovery,late-one-eye,1000000000,694444,5555552,694444,5555552,11111104,0,1000000000,probe,0
baseline,2558,28422221938,1000000000,recovery,late-one-eye,1000000000,694444,5555552,694444,5555552,11111104,0,1000000000,probe,0
baseline,2559,28433333049,1000000000,recovery,late-one-eye,1000000000,694444,5555552,694444,5555552,11111104,0,1000000000,probe,0
baseline,2560,28444444160,1000000000,recovery,late-one-eye,1000000000,694444,5555552,694444,5555552,11111104,0,1000000000,probe,0
baseline,2561,28455555271,1000000000,recovery,late-one-eye,1000000000,694444,5555552,694444,5555552,11111104,0,1000000000,probe,0
baseline,2562,28466666382,1000000000,recovery,late-one-eye,1000000000,694444,5555552,694444,5555552,11111104,0,1000000000,probe,0
baseline,2563,28477777493,1000000000,recovery,late-one-eye,1000000000,694444,5555552,694444,5555552,11111104,0,1000000000,probe,0
baseline,2564,28488888604,1000000000,recovery,late-one-eye,1000000000,694444,5555552,694444,5555552,11111104,0,1000000000,steady,0
baseline,2565,28499999715,1000000000,recovery,late-one-eye,850000000,590277,4722216,590278,4722224,9444440,0,1000000000,steady,0
baseline,2566,28511110826,1000000000,recovery,late-one-eye,850000000,590277,4722216,590278,4722224,9444440,0,1000000000,steady,0
baseline,2567,28522221937,1000000000,recovery,late-one-eye,850000000,590277,4722216,590278,4722224,9444440,0,1000000000,steady,0
baseline,2568,28533333048,1000000000,recovery,late-one-eye,850000000,590277,4722216,590278,4722224,9444440,0,1000000000,steady,0
baseline,2569,28544444159,1000000000,recovery,late-one-eye,850000000,590277,4722216,590278,4722224,9444440,0,1000000000,steady,0
baseline,2570,28555555270,1000000000,recovery,late-one-eye,850000000,590277,4722216,590278,4722224,9444440,0,1000000000,steady,0
baseline,2571,28566666381,1000000000,recovery,late-one-eye,850000000,590277,4722216,590278,4722224,9444440,0,1000000000,steady,0
baseline,2572,28577777492,1000000000,recovery,late-one-eye,850000000,590277,4722216,590278,4722224,9444440,0,1000000000,steady,0
baseline,2573,28588888603,1000000000,recovery,late-one-eye,850000000,590277,4722216,590278,4722224,9444440,0,1000000000,steady,0
baseline,2574,28599999714,1000000000,recovery,late-one-eye,850000000,590277,4722216,590278,4722224,9444440,0,1000000000,steady,0
baseline,2575,28611110825,1000000000,recovery,late-one-eye,850000000,590277,4722216,590278,4722224,9444440,0,1000000000,steady,0
baseline,2576,28622221936,1000000000,recovery,late-one-eye,850000000,590277,4722216,590278,4722224,9444440,0,1000000000,steady,0
baseline,2577,28633333047,1000000000,recovery,late-one-eye,850000000,590277,4722216,590278,4722224,9444440,0,1000000000,steady,0
baseline,2578,28644444158,1000000000,recovery,late-one-eye,850000000,590277,4722216,590278,4722224,9444440,0,1000000000,steady,0
baseline,2579,28655555269,1000000000,recovery,late-one-eye,850000000,590277,4722216,590278,4722224,9444440,0,1000000000,steady,0
baseline,2580,28666666380,1000000000,recovery,late-one-eye,850000000,590277,4722216,590278,4722224,9444440,0,1000000000,steady,0
baseline,2581,28677777491,1000000000,recovery,late-one-eye,850000000,590277,4722216,590278,4722224,9444440,0,1000000000,steady,0
baseline,2582,28688888602,1000000000,recovery,late-one-eye,850000000,590277,4722216,590278,4722224,9444440,0,1000000000,steady,0
baseline,2583,28699999713,1000000000,recovery,late-one-eye,850000000,590277,4722216,590278,4722224,9444440,0,1000000000,steady,0
baseline,2584,28711110824,1000000000,recovery,late-one-eye,850000000,590277,4722216,590278,4722224,9444440,0,1000000000,steady,0
baseline,2585,28722221935,1000000000,recovery,late-one-eye,850000000,590277,4722216,590278,4722224,9444440,0,1000000000,steady,0
baseline,2586,28733333046,1000000000,recovery,late-one-eye,850000000,590277,4722216,590278,4722224,9444440,0,1000000000,steady,0
baseline,2587,28744444157,1000000000,recovery,late-one-eye,850000000,590277,4722216,590278,4722224,9444440,0,1000000000,steady,0
baseline,2588,28755555268,1000000000,recovery,late-one-eye,850000000,590277,4722216,590278,4722224,9444440,0,1000000000,steady,0
baseline,2589,28766666379,1000000000,recovery,late-one-eye,850000000,590277,4722216,590278,4722224,9444440,0,1000000000,steady,0
baseline,2590,28777777490,1000000000,recovery,late-one-eye,850000000,590277,4722216,590278,4722224,9444440,0,1000000000,steady,0
baseline,2591,28788888601,1000000000,recovery,late-one-eye,850000000,590277,4722216,590278,4722224,9444440,0,1000000000,steady,0
baseline,2592,28799999712,1000000000,recovery,late-one-eye,850000000,590277,4722216,590278,4722224,9444440,0,1000000000,steady,0
baseline,2593,28811110823,1000000000,recovery,late-one-eye,850000000,590277,4722216,590278,4722224,9444440,0,1000000000,steady,0
baseline,2594,28822221934,1000000000,recovery,late-one-eye,850000000,590277,4722216,590278,4722224,9444440,0,1000000000,steady,0
baseline,2595,28833333045,1000000000,recovery,late-one-eye,850000000,590277,4722216,590278,4722224,9444440,0,1000000000,steady,0
baseline,2596,28844444156,1000000000,recovery,late-one-eye,850000000,590277,4722216,590278,4722224,9444440,0,1000000000,steady,0
baseline,2597,28855555267,1000000000,recovery,late-one-eye,850000000,590277,4722216,590278,4722224,9444440,0,1000000000,steady,0
baseline,2598,28866666378,1000000000,recovery,late-one-eye,850000000,590277,4722216,590278,4722224,9444440,0,1000000000,steady,0
baseline,2599,28877777489,1000000000,recovery,late-one-eye,850000000,590277,4722216,590278,4722224,9444440,0,1000000000,steady,0
baseline,2600,28888888600,1000000000,recovery,late-one-eye,850000000,590277,4722216,590278,4722224,9444440,0,1000000000,steady,0
baseline,2601,28899999711,1000000000,recovery,late-one-eye,850000000,590277,4722216,590278,4722224,9444440,0,1000000000,steady,0
baseline,2602,28911110822,1000000000,recovery,late-one-eye,850000000,590277,4722216,590278,4722224,9444440,0,1000000000,steady,0
baseline,2603,28922221933,1000000000,recovery,late-one-eye,850000000,590277,4722216,590278,4722224,9444440,0,1000000000,steady,0
baseline,2604,28933333044,1000000000,recovery,late-one-eye,850000000,590277,4722216,590278,4722224,9444440,0,1000000000,steady,0
baseline,2605,28944444155,1000000000,recovery,late-one-eye,850000000,590277,4722216,590278,4722224,9444440,0,1000000000,steady,0
baseline,2606,28955555266,1000000000,recovery,late-one-eye,850000000,590277,4722216,590278,4722224,9444440,0,1000000000,steady,0
baseline,2607,28966666377,1000000000,recovery,late-one-eye,850000000,590277,4722216,590278,4722224,9444440,0,1000000000,steady,0
baseline,2608,28977777488,1000000000,recovery,late-one-eye,850000000,590277,4722216,590278,4722224,9444440,0,1000000000,steady,0
baseline,2609,28988888599,1000000000,recovery,late-one-eye,850000000,590277,4722216,590278,4722224,9444440,0,1000000000,steady,0
baseline,2610,28999999710,1000000000,recovery,late-one-eye,850000000,590277,4722216,590278,4722224,9444440,0,1000000000,steady,0
baseline,2611,29011110821,1000000000,recovery,late-one-eye,850000000,590277,4722216,590278,4722224,9444440,0,1000000000,steady,0
baseline,2612,29022221932,1000000000,recovery,late-one-eye,850000000,590277,4722216,590278,4722224,9444440,0,1000000000,steady,0
baseline,2613,29033333043,1000000000,recovery,late-one-eye,850000000,590277,4722216,590278,4722224,9444440,0,1000000000,steady,0
baseline,2614,29044444154,1000000000,recovery,late-one-eye,850000000,590277,4722216,590278,4722224,9444440,0,1000000000,steady,0
baseline,2615,29055555265,1000000000,recovery,late-one-eye,850000000,590277,4722216,590278,4722224,9444440,0,1000000000,steady,0
baseline,2616,29066666376,1000000000,recovery,late-one-eye,850000000,590277,4722216,590278,4722224,9444440,0,1000000000,steady,0
baseline,2617,29077777487,1000000000,recovery,late-one-eye,850000000,590277,4722216,590278,4722224,9444440,0,1000000000,steady,0
baseline,2618,29088888598,1000000000,recovery,late-one-eye,850000000,590277,4722216,590278,4722224,9444440,0,1000000000,steady,0
baseline,2619,29099999709,1000000000,recovery,late-one-eye,850000000,590277,4722216,590278,4722224,9444440,0,1000000000,steady,0
baseline,2620,29111110820,1000000000,recovery,late-one-eye,850000000,590277,4722216,590278,4722224,9444440,0,1000000000,steady,0
baseline,2621,29122221931,1000000000,recovery,late-one-eye,850000000,590277,4722216,590278,4722224,9444440,0,1000000000,steady,0
baseline,2622,29133333042,1000000000,recovery,late-one-eye,850000000,590277,4722216,590278,4722224,9444440,0,1000000000,steady,0
baseline,2623,29144444153,1000000000,recovery,late-one-eye,850000000,590277,4722216,590278,4722224,9444440,0,1000000000,steady,0
baseline,2624,29155555264,1000000000,recovery,late-one-eye,850000000,590277,4722216,590278,4722224,9444440,0,1000000000,steady,0
baseline,2625,29166666375,1000000000,recovery,late-one-eye,850000000,590277,4722216,590278,4722224,9444440,0,1000000000,steady,0
baseline,2626,29177777486,1000000000,recovery,late-one-eye,850000000,590277,4722216,590278,4722224,9444440,0,1000000000,steady,0
baseline,2627,29188888597,1000000000,recovery,late-one-eye,850000000,590277,4722216,590278,4722224,9444440,0,1000000000,steady,0
baseline,2628,29199999708,1000000000,recovery,late-one-eye,850000000,590277,4722216,590278,4722224,9444440,0,1000000000,steady,0
baseline,2629,29211110819,1000000000,recovery,late-one-eye,850000000,590277,4722216,590278,4722224,9444440,0,1000000000,steady,0
baseline,2630,29222221930,1000000000,recovery,late-one-eye,850000000,590277,4722216,590278,4722224,9444440,0,1000000000,steady,0
baseline,2631,29233333041,1000000000,recovery,late-one-eye,850000000,590277,4722216,590278,4722224,9444440,0,1000000000,steady,0
baseline,2632,29244444152,1000000000,recovery,late-one-eye,850000000,590277,4722216,590278,4722224,9444440,0,1000000000,steady,0
baseline,2633,29255555263,1000000000,recovery,late-one-eye,850000000,590277,4722216,590278,4722224,9444440,0,1000000000,steady,0
baseline,2634,29266666374,1000000000,recovery,late-one-eye,850000000,590277,4722216,590278,4722224,9444440,0,1000000000,steady,0
baseline,2635,29277777485,1000000000,recovery,late-one-eye,850000000,590277,4722216,590278,4722224,9444440,0,1000000000,steady,0
baseline,2636,29288888596,1000000000,recovery,late-one-eye,850000000,590277,4722216,590278,4722224,9444440,0,1000000000,steady,0
baseline,2637,29299999707,1000000000,recovery,late-one-eye,850000000,590277,4722216,590278,4722224,9444440,0,1000000000,steady,0
baseline,2638,29311110818,1000000000,recovery,late-one-eye,850000000,590277,4722216,590278,4722224,9444440,0,1000000000,steady,0
baseline,2639,29322221929,1000000000,recovery,late-one-eye,850000000,590277,4722216,590278,4722224,9444440,0,1000000000,steady,0
baseline,2640,29333333040,1000000000,recovery,late-one-eye,850000000,590277,4722216,590278,4722224,9444440,0,1000000000,steady,0
baseline,2641,29344444151,1000000000,recovery,late-one-eye,850000000,590277,4722216,590278,4722224,9444440,0,1000000000,steady,0
baseline,2642,29355555262,1000000000,recovery,late-one-eye,850000000,590277,4722216,590278,4722224,9444440,0,1000000000,steady,0
baseline,2643,29366666373,1000000000,recovery,late-one-eye,850000000,590277,4722216,590278,4722224,9444440,0,1000000000,steady,0
baseline,2644,29377777484,1000000000,recovery,late-one-eye,850000000,590277,4722216,590278,4722224,9444440,0,1000000000,steady,0
baseline,2645,29388888595,1000000000,recovery,late-one-eye,850000000,590277,4722216,590278,4722224,9444440,0,1000000000,steady,0
baseline,2646,29399999706,1000000000,recovery,late-one-eye,850000000,590277,4722216,590278,4722224,9444440,0,1000000000,steady,0
baseline,2647,29411110817,1000000000,recovery,late-one-eye,850000000,590277,4722216,590278,4722224,9444440,0,1000000000,steady,0
baseline,2648,29422221928,1000000000,recovery,late-one-eye,850000000,590277,4722216,590278,4722224,9444440,0,1000000000,steady,0
baseline,2649,29433333039,1000000000,recovery,late-one-eye,850000000,590277,4722216,590278,4722224,9444440,0,1000000000,steady,0
baseline,2650,29444444150,1000000000,recovery,late-one-eye,850000000,590277,4722216,590278,4722224,9444440,0,1000000000,steady,0
baseline,2651,29455555261,1000000000,recovery,late-one-eye,850000000,590277,4722216,590278,4722224,9444440,0,1000000000,steady,0
baseline,2652,29466666372,1000000000,recovery,late-one-eye,850000000,590277,4722216,590278,4722224,9444440,0,1000000000,steady,0
baseline,2653,29477777483,1000000000,recovery,late-one-eye,850000000,590277,4722216,590278,4722224,9444440,0,1000000000,steady,0
baseline,2654,29488888594,1000000000,recovery,late-one-eye,850000000,590277,4722216,590278,4722224,9444440,0,1000000000,steady,0
baseline,2655,29499999705,1000000000,recovery,late-one-eye,850000000,590277,4722216,590278,4722224,9444440,0,1000000000,steady,0
baseline,2656,29511110816,1000000000,recovery,late-one-eye,850000000,590277,4722216,590278,4722224,9444440,0,1000000000,steady,0
baseline,2657,29522221927,1000000000,recovery,late-one-eye,850000000,590277,4722216,590278,4722224,9444440,0,1000000000,steady,0
baseline,2658,29533333038,1000000000,recovery,late-one-eye,850000000,590277,4722216,590278,4722224,9444440,0,1000000000,steady,0
baseline,2659,29544444149,1000000000,recovery,late-one-eye,850000000,590277,4722216,590278,4722224,9444440,0,1000000000,steady,0
baseline,2660,29555555260,1000000000,recovery,late-one-eye,850000000,590277,4722216,590278,4722224,9444440,0,1000000000,steady,0
baseline,2661,29566666371,1000000000,recovery,late-one-eye,850000000,590277,4722216,590278,4722224,9444440,0,1000000000,steady,0
baseline,2662,29577777482,1000000000,recovery,late-one-eye,850000000,590277,4722216,590278,4722224,9444440,0,1000000000,steady,0
baseline,2663,29588888593,1000000000,recovery,late-one-eye,850000000,590277,4722216,590278,4722224,9444440,0,1000000000,steady,0
baseline,2664,29599999704,1000000000,recovery,late-one-eye,850000000,590277,4722216,590278,4722224,9444440,0,1000000000,steady,0
baseline,2665,29611110815,1000000000,recovery,late-one-eye,850000000,590277,4722216,590278,4722224,9444440,0,1000000000,steady,0
baseline,2666,29622221926,1000000000,recovery,late-one-eye,850000000,590277,4722216,590278,4722224,9444440,0,1000000000,steady,0
baseline,2667,29633333037,1000000000,recovery,late-one-eye,850000000,590277,4722216,590278,4722224,9444440,0,1000000000,steady,0
baseline,2668,29644444148,1000000000,recovery,late-one-eye,850000000,590277,4722216,590278,4722224,9444440,0,1000000000,steady,0
baseline,2669,29655555259,1000000000,recovery,late-one-eye,850000000,590277,4722216,590278,4722224,9444440,0,1000000000,steady,0
baseline,2670,29666666370,1000000000,recovery,late-one-eye,850000000,590277,4722216,590278,4722224,9444440,0,1000000000,steady,0
baseline,2671,29677777481,1000000000,recovery,late-one-eye,850000000,590277,4722216,590278,4722224,9444440,0,1000000000,steady,0
baseline,2672,29688888592,1000000000,recovery,late-one-eye,850000000,590277,4722216,590278,4722224,9444440,0,1000000000,steady,0
baseline,2673,29699999703,1000000000,recovery,late-one-eye,850000000,590277,4722216,590278,4722224,9444440,0,1000000000,steady,0
baseline,2674,29711110814,1000000000,recovery,late-one-eye,850000000,590277,4722216,590278,4722224,9444440,0,1000000000,steady,0
baseline,2675,29722221925,1000000000,recovery,late-one-eye,850000000,590277,4722216,590278,4722224,9444440,0,1000000000,steady,0
baseline,2676,29733333036,1000000000,recovery,late-one-eye,850000000,590277,4722216,590278,4722224,9444440,0,1000000000,steady,0
baseline,2677,29744444147,1000000000,recovery,late-one-eye,850000000,590277,4722216,590278,4722224,9444440,0,1000000000,steady,0
baseline,2678,29755555258,1000000000,recovery,late-one-eye,850000000,590277,4722216,590278,4722224,9444440,0,1000000000,steady,0
baseline,2679,29766666369,1000000000,recovery,late-one-eye,850000000,590277,4722216,590278,4722224,9444440,0,1000000000,steady,0
baseline,2680,29777777480,1000000000,recovery,late-one-eye,850000000,590277,4722216,590278,4722224,9444440,0,1000000000,steady,0
baseline,2681,29788888591,1000000000,recovery,late-one-eye,850000000,590277,4722216,590278,4722224,9444440,0,1000000000,steady,0
baseline,2682,29799999702,1000000000,recovery,late-one-eye,850000000,590277,4722216,590278,4722224,9444440,0,1000000000,steady,0
baseline,2683,29811110813,1000000000,recovery,late-one-eye,850000000,590277,4722216,590278,4722224,9444440,0,1000000000,steady,0
baseline,2684,29822221924,1000000000,recovery,late-one-eye,850000000,590277,4722216,590278,4722224,9444440,0,1000000000,steady,0
baseline,2685,29833333035,1000000000,recovery,late-one-eye,850000000,590277,4722216,590278,4722224,9444440,0,1000000000,steady,0
baseline,2686,29844444146,1000000000,recovery,late-one-eye,850000000,590277,4722216,590278,4722224,9444440,0,1000000000,steady,0
baseline,2687,29855555257,1000000000,recovery,late-one-eye,850000000,590277,4722216,590278,4722224,9444440,0,1000000000,steady,0
baseline,2688,29866666368,1000000000,recovery,late-one-eye,850000000,590277,4722216,590278,4722224,9444440,0,1000000000,steady,0
baseline,2689,29877777479,1000000000,recovery,late-one-eye,850000000,590277,4722216,590278,4722224,9444440,0,1000000000,steady,0
baseline,2690,29888888590,1000000000,recovery,late-one-eye,850000000,590277,4722216,590278,4722224,9444440,0,1000000000,steady,0
baseline,2691,29899999701,1000000000,recovery,late-one-eye,850000000,590277,4722216,590278,4722224,9444440,0,1000000000,steady,0
baseline,2692,29911110812,1000000000,recovery,late-one-eye,850000000,590277,4722216,590278,4722224,9444440,0,1000000000,steady,0
baseline,2693,29922221923,1000000000,recovery,late-one-eye,850000000,590277,4722216,590278,4722224,9444440,0,1000000000,steady,0
baseline,2694,29933333034,1000000000,recovery,late-one-eye,850000000,590277,4722216,590278,4722224,9444440,0,1000000000,steady,0
baseline,2695,29944444145,1000000000,recovery,late-one-eye,850000000,590277,4722216,590278,4722224,9444440,0,1000000000,steady,0
baseline,2696,29955555256,1000000000,recovery,late-one-eye,850000000,590277,4722216,590278,4722224,9444440,0,1000000000,steady,0
baseline,2697,29966666367,1000000000,recovery,late-one-eye,850000000,590277,4722216,590278,4722224,9444440,0,1000000000,steady,0
baseline,2698,29977777478,1000000000,recovery,late-one-eye,850000000,590277,4722216,590278,4722224,9444440,0,1000000000,steady,0
baseline,2699,29988888589,1000000000,recovery,late-one-eye,850000000,590277,4722216,590278,4722224,9444440,0,1000000000,steady,0
baseline,2700,29999999700,1000000000,recovery,late-one-eye,850000000,590277,4722216,590278,4722224,9444440,0,1000000000,steady,0
baseline,2701,30011110811,1000000000,recovery,late-one-eye,850000000,590277,4722216,590278,4722224,9444440,0,1000000000,steady,0
baseline,2702,30022221922,1000000000,recovery,late-one-eye,850000000,590277,4722216,590278,4722224,9444440,0,1000000000,steady,0
baseline,2703,30033333033,1000000000,recovery,late-one-eye,850000000,590277,4722216,590278,4722224,9444440,0,1000000000,steady,0
baseline,2704,30044444144,1000000000,recovery,late-one-eye,850000000,590277,4722216,590278,4722224,9444440,0,1000000000,steady,0
baseline,2705,30055555255,1000000000,recovery,late-one-eye,850000000,590277,4722216,590278,4722224,9444440,0,1000000000,steady,0
baseline,2706,30066666366,1000000000,recovery,late-one-eye,850000000,590277,4722216,590278,4722224,9444440,0,1000000000,steady,0
baseline,2707,30077777477,1000000000,recovery,late-one-eye,850000000,590277,4722216,590278,4722224,9444440,0,1000000000,steady,0
baseline,2708,30088888588,1000000000,recovery,late-one-eye,850000000,590277,4722216,590278,4722224,9444440,0,1000000000,steady,0
baseline,2709,30099999699,1000000000,recovery,late-one-eye,850000000,590277,4722216,590278,4722224,9444440,0,1000000000,steady,0
baseline,2710,30111110810,1000000000,recovery,late-one-eye,850000000,590277,4722216,590278,4722224,9444440,0,1000000000,steady,0
baseline,2711,30122221921,1000000000,recovery,late-one-eye,850000000,590277,4722216,590278,4722224,9444440,0,1000000000,steady,0
baseline,2712,30133333032,1000000000,recovery,late-one-eye,850000000,590277,4722216,590278,4722224,9444440,0,1000000000,steady,0
baseline,2713,30144444143,1000000000,recovery,late-one-eye,850000000,590277,4722216,590278,4722224,9444440,0,1000000000,steady,0
baseline,2714,30155555254,1000000000,recovery,late-one-eye,850000000,590277,4722216,590278,4722224,9444440,0,1000000000,steady,0
baseline,2715,30166666365,1000000000,recovery,late-one-eye,850000000,590277,4722216,590278,4722224,9444440,0,1000000000,steady,0
baseline,2716,30177777476,1000000000,recovery,late-one-eye,850000000,590277,4722216,590278,4722224,9444440,0,1000000000,steady,0
baseline,2717,30188888587,1000000000,recovery,late-one-eye,850000000,590277,4722216,590278,4722224,9444440,0,1000000000,steady,0
baseline,2718,30199999698,1000000000,recovery,late-one-eye,850000000,590277,4722216,590278,4722224,9444440,0,1000000000,steady,0
baseline,2719,30211110809,1000000000,recovery,late-one-eye,850000000,590277,4722216,590278,4722224,9444440,0,1000000000,steady,0
baseline,2720,30222221920,1000000000,recovery,late-one-eye,850000000,590277,4722216,590278,4722224,9444440,0,1000000000,steady,0
baseline,2721,30233333031,1000000000,recovery,late-one-eye,850000000,590277,4722216,590278,4722224,9444440,0,1000000000,steady,0
baseline,2722,30244444142,1000000000,recovery,late-one-eye,850000000,590277,4722216,590278,4722224,9444440,0,1000000000,steady,0
baseline,2723,30255555253,1000000000,recovery,late-one-eye,850000000,590277,4722216,590278,4722224,9444440,0,1000000000,steady,0
baseline,2724,30266666364,1000000000,recovery,late-one-eye,850000000,590277,4722216,590278,4722224,9444440,0,1000000000,steady,0
baseline,2725,30277777475,1000000000,recovery,late-one-eye,850000000,590277,4722216,590278,4722224,9444440,0,1000000000,steady,0
baseline,2726,30288888586,1000000000,recovery,late-one-eye,850000000,590277,4722216,590278,4722224,9444440,0,1000000000,steady,0
baseline,2727,30299999697,1000000000,recovery,late-one-eye,850000000,590277,4722216,590278,4722224,9444440,0,1000000000,steady,0
baseline,2728,30311110808,1000000000,recovery,late-one-eye,850000000,590277,4722216,590278,4722224,9444440,0,1000000000,steady,0
baseline,2729,30322221919,1000000000,recovery,late-one-eye,850000000,590277,4722216,590278,4722224,9444440,0,1000000000,steady,0
baseline,2730,30333333030,1000000000,recovery,late-one-eye,850000000,590277,4722216,590278,4722224,9444440,0,1000000000,steady,0
baseline,2731,30344444141,1000000000,recovery,late-one-eye,850000000,590277,4722216,590278,4722224,9444440,0,1000000000,steady,0
baseline,2732,30355555252,1000000000,recovery,late-one-eye,850000000,590277,4722216,590278,4722224,9444440,0,1000000000,steady,0
baseline,2733,30366666363,1000000000,recovery,late-one-eye,850000000,590277,4722216,590278,4722224,9444440,0,1000000000,steady,0
baseline,2734,30377777474,1000000000,recovery,late-one-eye,850000000,590277,4722216,590278,4722224,9444440,0,1000000000,steady,0
baseline,2735,30388888585,1000000000,recovery,late-one-eye,850000000,590277,4722216,590278,4722224,9444440,0,1000000000,steady,0
baseline,2736,30399999696,1000000000,recovery,late-one-eye,850000000,590277,4722216,590278,4722224,9444440,0,1000000000,steady,0
baseline,2737,30411110807,1000000000,recovery,late-one-eye,850000000,590277,4722216,590278,4722224,9444440,0,1000000000,steady,0
baseline,2738,30422221918,1000000000,recovery,late-one-eye,850000000,590277,4722216,590278,4722224,9444440,0,1000000000,steady,0
baseline,2739,30433333029,1000000000,recovery,late-one-eye,850000000,590277,4722216,590278,4722224,9444440,0,1000000000,steady,0
baseline,2740,30444444140,1000000000,recovery,late-one-eye,850000000,590277,4722216,590278,4722224,9444440,0,1000000000,steady,0
baseline,2741,30455555251,1000000000,recovery,late-one-eye,850000000,590277,4722216,590278,4722224,9444440,0,1000000000,steady,0
baseline,2742,30466666362,1000000000,recovery,late-one-eye,850000000,590277,4722216,590278,4722224,9444440,0,1000000000,steady,0
baseline,2743,30477777473,1000000000,recovery,late-one-eye,850000000,590277,4722216,590278,4722224,9444440,0,1000000000,steady,0
baseline,2744,30488888584,1000000000,recovery,late-one-eye,850000000,590277,4722216,590278,4722224,9444440,0,1000000000,steady,0
baseline,2745,30499999695,1000000000,recovery,late-one-eye,850000000,590277,4722216,590278,4722224,9444440,0,1000000000,steady,0
baseline,2746,30511110806,1000000000,recovery,late-one-eye,850000000,590277,4722216,590278,4722224,9444440,0,1000000000,steady,0
baseline,2747,30522221917,1000000000,recovery,late-one-eye,850000000,590277,4722216,590278,4722224,9444440,0,1000000000,steady,0
baseline,2748,30533333028,1000000000,recovery,late-one-eye,850000000,590277,4722216,590278,4722224,9444440,0,1000000000,steady,0
baseline,2749,30544444139,1000000000,recovery,late-one-eye,850000000,590277,4722216,590278,4722224,9444440,0,1000000000,steady,0
baseline,2750,30555555250,1000000000,recovery,late-one-eye,850000000,590277,4722216,590278,4722224,9444440,0,1000000000,steady,0
baseline,2751,30566666361,1000000000,recovery,late-one-eye,850000000,590277,4722216,590278,4722224,9444440,0,1000000000,steady,0
baseline,2752,30577777472,1000000000,recovery,late-one-eye,850000000,590277,4722216,590278,4722224,9444440,0,1000000000,steady,0
baseline,2753,30588888583,1000000000,recovery,late-one-eye,850000000,590277,4722216,590278,4722224,9444440,0,1000000000,steady,0
baseline,2754,30599999694,1000000000,recovery,late-one-eye,850000000,590277,4722216,590278,4722224,9444440,0,1000000000,steady,0
baseline,2755,30611110805,1000000000,recovery,late-one-eye,850000000,590277,4722216,590278,4722224,9444440,0,1000000000,steady,0
baseline,2756,30622221916,1000000000,recovery,late-one-eye,850000000,590277,4722216,590278,4722224,9444440,0,1000000000,steady,0
baseline,2757,30633333027,1000000000,recovery,late-one-eye,850000000,590277,4722216,590278,4722224,9444440,0,1000000000,steady,0
baseline,2758,30644444138,1000000000,recovery,late-one-eye,850000000,590277,4722216,590278,4722224,9444440,0,1000000000,steady,0
baseline,2759,30655555249,1000000000,recovery,late-one-eye,850000000,590277,4722216,590278,4722224,9444440,0,1000000000,steady,0
baseline,2760,30666666360,1000000000,recovery,late-one-eye,850000000,590277,4722216,590278,4722224,9444440,0,1000000000,steady,0
baseline,2761,30677777471,1000000000,recovery,late-one-eye,850000000,590277,4722216,590278,4722224,9444440,0,1000000000,steady,0
baseline,2762,30688888582,1000000000,recovery,late-one-eye,850000000,590277,4722216,590278,4722224,9444440,0,1000000000,steady,0
baseline,2763,30699999693,1000000000,recovery,late-one-eye,850000000,590277,4722216,590278,4722224,9444440,0,1000000000,steady,0
baseline,2764,30711110804,1000000000,recovery,late-one-eye,850000000,590277,4722216,590278,4722224,9444440,0,1000000000,steady,0
baseline,2765,30722221915,1000000000,recovery,late-one-eye,850000000,590277,4722216,590278,4722224,9444440,0,1000000000,steady,0
baseline,2766,30733333026,1000000000,recovery,late-one-eye,850000000,590277,4722216,590278,4722224,9444440,0,1000000000,steady,0
baseline,2767,30744444137,1000000000,recovery,late-one-eye,850000000,590277,4722216,590278,4722224,9444440,0,1000000000,steady,0
baseline,2768,30755555248,1000000000,recovery,late-one-eye,850000000,590277,4722216,590278,4722224,9444440,0,1000000000,steady,0
baseline,2769,30766666359,1000000000,recovery,late-one-eye,850000000,590277,4722216,590278,4722224,9444440,0,1000000000,steady,0
baseline,2770,30777777470,1000000000,recovery,late-one-eye,850000000,590277,4722216,590278,4722224,9444440,0,1000000000,steady,0
baseline,2771,30788888581,1000000000,recovery,late-one-eye,850000000,590277,4722216,590278,4722224,9444440,0,1000000000,steady,0
baseline,2772,30799999692,1000000000,recovery,late-one-eye,850000000,590277,4722216,590278,4722224,9444440,0,1000000000,steady,0
baseline,2773,30811110803,1000000000,recovery,late-one-eye,850000000,590277,4722216,590278,4722224,9444440,0,1000000000,steady,0
baseline,2774,30822221914,1000000000,recovery,late-one-eye,850000000,590277,4722216,590278,4722224,9444440,0,1000000000,steady,0
baseline,2775,30833333025,1000000000,recovery,late-one-eye,850000000,590277,4722216,590278,4722224,9444440,0,1000000000,steady,0
baseline,2776,30844444136,1000000000,recovery,late-one-eye,850000000,590277,4722216,590278,4722224,9444440,0,1000000000,steady,0
baseline,2777,30855555247,1000000000,recovery,late-one-eye,850000000,590277,4722216,590278,4722224,9444440,0,1000000000,steady,0
baseline,2778,30866666358,1000000000,recovery,late-one-eye,850000000,590277,4722216,590278,4722224,9444440,0,1000000000,steady,0
baseline,2779,30877777469,1000000000,recovery,late-one-eye,850000000,590277,4722216,590278,4722224,9444440,0,1000000000,steady,0
baseline,2780,30888888580,1000000000,recovery,late-one-eye,850000000,590277,4722216,590278,4722224,9444440,0,1000000000,steady,0
baseline,2781,30899999691,1000000000,recovery,late-one-eye,850000000,590277,4722216,590278,4722224,9444440,0,1000000000,steady,0
baseline,2782,30911110802,1000000000,recovery,late-one-eye,850000000,590277,4722216,590278,4722224,9444440,0,1000000000,steady,0
baseline,2783,30922221913,1000000000,recovery,late-one-eye,850000000,590277,4722216,590278,4722224,9444440,0,1000000000,steady,0
baseline,2784,30933333024,1000000000,recovery,late-one-eye,850000000,590277,4722216,590278,4722224,9444440,0,1000000000,steady,0
baseline,2785,30944444135,1000000000,recovery,late-one-eye,850000000,590277,4722216,590278,4722224,9444440,0,1000000000,steady,0
baseline,2786,30955555246,1000000000,recovery,late-one-eye,850000000,590277,4722216,590278,4722224,9444440,0,1000000000,steady,0
baseline,2787,30966666357,1000000000,recovery,late-one-eye,850000000,590277,4722216,590278,4722224,9444440,0,1000000000,steady,0
baseline,2788,30977777468,1000000000,recovery,late-one-eye,850000000,590277,4722216,590278,4722224,9444440,0,1000000000,steady,0
baseline,2789,30988888579,1000000000,recovery,late-one-eye,850000000,590277,4722216,590278,4722224,9444440,0,1000000000,steady,0
baseline,2790,30999999690,1000000000,recovery,late-one-eye,850000000,590277,4722216,590278,4722224,9444440,0,1000000000,steady,0
baseline,2791,31011110801,1000000000,recovery,late-one-eye,850000000,590277,4722216,590278,4722224,9444440,0,1000000000,steady,0
baseline,2792,31022221912,1000000000,recovery,late-one-eye,850000000,590277,4722216,590278,4722224,9444440,0,1000000000,steady,0
baseline,2793,31033333023,1000000000,recovery,late-one-eye,850000000,590277,4722216,590278,4722224,9444440,0,1000000000,steady,0
baseline,2794,31044444134,1000000000,recovery,late-one-eye,850000000,590277,4722216,590278,4722224,9444440,0,1000000000,steady,0
baseline,2795,31055555245,1000000000,recovery,late-one-eye,850000000,590277,4722216,590278,4722224,9444440,0,1000000000,steady,0
baseline,2796,31066666356,1000000000,recovery,late-one-eye,850000000,590277,4722216,590278,4722224,9444440,0,1000000000,steady,0
baseline,2797,31077777467,1000000000,recovery,late-one-eye,850000000,590277,4722216,590278,4722224,9444440,0,1000000000,steady,0
baseline,2798,31088888578,1000000000,recovery,late-one-eye,850000000,590277,4722216,590278,4722224,9444440,0,1000000000,steady,0
baseline,2799,31099999689,1000000000,recovery,late-one-eye,850000000,590277,4722216,590278,4722224,9444440,0,1000000000,steady,0
baseline,2800,31111110800,1000000000,recovery,late-one-eye,850000000,590277,4722216,590278,4722224,9444440,0,1000000000,steady,0
baseline,2801,31122221911,1000000000,recovery,late-one-eye,850000000,590277,4722216,590278,4722224,9444440,0,1000000000,steady,0
baseline,2802,31133333022,1000000000,recovery,late-one-eye,850000000,590277,4722216,590278,4722224,9444440,0,1000000000,steady,0
baseline,2803,31144444133,1000000000,recovery,late-one-eye,850000000,590277,4722216,590278,4722224,9444440,0,1000000000,steady,0
baseline,2804,31155555244,1000000000,recovery,late-one-eye,850000000,590277,4722216,590278,4722224,9444440,0,1000000000,steady,0
baseline,2805,31166666355,1000000000,recovery,late-one-eye,850000000,590277,4722216,590278,4722224,9444440,0,1000000000,steady,0
baseline,2806,31177777466,1000000000,recovery,late-one-eye,850000000,590277,4722216,590278,4722224,9444440,0,1000000000,steady,0
baseline,2807,31188888577,1000000000,recovery,late-one-eye,850000000,590277,4722216,590278,4722224,9444440,0,1000000000,steady,0
baseline,2808,31199999688,1000000000,recovery,late-one-eye,850000000,590277,4722216,590278,4722224,9444440,0,1000000000,steady,0
baseline,2809,31211110799,1000000000,recovery,late-one-eye,850000000,590277,4722216,590278,4722224,9444440,0,1000000000,steady,0
baseline,2810,31222221910,1000000000,recovery,late-one-eye,850000000,590277,4722216,590278,4722224,9444440,0,1000000000,steady,0
baseline,2811,31233333021,1000000000,recovery,late-one-eye,850000000,590277,4722216,590278,4722224,9444440,0,1000000000,steady,0
baseline,2812,31244444132,1000000000,recovery,late-one-eye,850000000,590277,4722216,590278,4722224,9444440,0,1000000000,steady,0
baseline,2813,31255555243,1000000000,recovery,late-one-eye,850000000,590277,4722216,590278,4722224,9444440,0,1000000000,steady,0
baseline,2814,31266666354,1000000000,recovery,late-one-eye,850000000,590277,4722216,590278,4722224,9444440,0,1000000000,steady,0
baseline,2815,31277777465,1000000000,recovery,late-one-eye,850000000,590277,4722216,590278,4722224,9444440,0,1000000000,steady,0
baseline,2816,31288888576,1000000000,recovery,late-one-eye,850000000,590277,4722216,590278,4722224,9444440,0,1000000000,steady,0
baseline,2817,31299999687,1000000000,recovery,late-one-eye,850000000,590277,4722216,590278,4722224,9444440,0,1000000000,steady,0
baseline,2818,31311110798,1000000000,recovery,late-one-eye,850000000,590277,4722216,590278,4722224,9444440,0,1000000000,steady,0
baseline,2819,31322221909,1000000000,recovery,late-one-eye,850000000,590277,4722216,590278,4722224,9444440,0,1000000000,steady,0
baseline,2820,31333333020,1000000000,recovery,late-one-eye,850000000,590277,4722216,590278,4722224,9444440,0,1000000000,steady,0
baseline,2821,31344444131,1000000000,recovery,late-one-eye,850000000,590277,4722216,590278,4722224,9444440,0,1000000000,steady,0
baseline,2822,31355555242,1000000000,recovery,late-one-eye,850000000,590277,4722216,590278,4722224,9444440,0,1000000000,steady,0
baseline,2823,31366666353,1000000000,recovery,late-one-eye,850000000,590277,4722216,590278,4722224,9444440,0,1000000000,steady,0
baseline,2824,31377777464,1000000000,recovery,late-one-eye,850000000,590277,4722216,590278,4722224,9444440,0,1000000000,steady,0
baseline,2825,31388888575,1000000000,recovery,late-one-eye,850000000,590277,4722216,590278,4722224,9444440,0,1000000000,steady,0
baseline,2826,31399999686,1000000000,recovery,late-one-eye,850000000,590277,4722216,590278,4722224,9444440,0,1000000000,steady,0
baseline,2827,31411110797,1000000000,recovery,late-one-eye,850000000,590277,4722216,590278,4722224,9444440,0,1000000000,steady,0
baseline,2828,31422221908,1000000000,recovery,late-one-eye,850000000,590277,4722216,590278,4722224,9444440,0,1000000000,steady,0
baseline,2829,31433333019,1000000000,recovery,late-one-eye,850000000,590277,4722216,590278,4722224,9444440,0,1000000000,steady,0
baseline,2830,31444444130,1000000000,recovery,late-one-eye,850000000,590277,4722216,590278,4722224,9444440,0,1000000000,steady,0
baseline,2831,31455555241,1000000000,recovery,late-one-eye,850000000,590277,4722216,590278,4722224,9444440,0,1000000000,steady,0
baseline,2832,31466666352,1000000000,recovery,late-one-eye,850000000,590277,4722216,590278,4722224,9444440,0,1000000000,steady,0
baseline,2833,31477777463,1000000000,recovery,late-one-eye,850000000,590277,4722216,590278,4722224,9444440,0,1000000000,steady,0
baseline,2834,31488888574,1000000000,recovery,late-one-eye,850000000,590277,4722216,590278,4722224,9444440,0,1000000000,steady,0
baseline,2835,31499999685,1000000000,recovery,late-one-eye,850000000,590277,4722216,590278,4722224,9444440,0,1000000000,steady,0
baseline,2836,31511110796,1000000000,recovery,late-one-eye,850000000,590277,4722216,590278,4722224,9444440,0,1000000000,steady,0
baseline,2837,31522221907,1000000000,recovery,late-one-eye,850000000,590277,4722216,590278,4722224,9444440,0,1000000000,steady,0
baseline,2838,31533333018,1000000000,recovery,late-one-eye,850000000,590277,4722216,590278,4722224,9444440,0,1000000000,steady,0
baseline,2839,31544444129,1000000000,recovery,late-one-eye,850000000,590277,4722216,590278,4722224,9444440,0,1000000000,steady,0
baseline,2840,31555555240,1000000000,recovery,late-one-eye,850000000,590277,4722216,590278,4722224,9444440,0,1000000000,steady,0
baseline,2841,31566666351,1000000000,recovery,late-one-eye,850000000,590277,4722216,590278,4722224,9444440,0,1000000000,steady,0
baseline,2842,31577777462,1000000000,recovery,late-one-eye,850000000,590277,4722216,590278,4722224,9444440,0,1000000000,steady,0
baseline,2843,31588888573,1000000000,recovery,late-one-eye,850000000,590277,4722216,590278,4722224,9444440,0,1000000000,steady,0
baseline,2844,31599999684,1000000000,recovery,late-one-eye,850000000,590277,4722216,590278,4722224,9444440,0,1000000000,steady,0
baseline,2845,31611110795,1000000000,recovery,late-one-eye,850000000,590277,4722216,590278,4722224,9444440,0,1000000000,steady,0
baseline,2846,31622221906,1000000000,recovery,late-one-eye,850000000,590277,4722216,590278,4722224,9444440,0,1000000000,steady,0
baseline,2847,31633333017,1000000000,recovery,late-one-eye,850000000,590277,4722216,590278,4722224,9444440,0,1000000000,steady,0
baseline,2848,31644444128,1000000000,recovery,late-one-eye,850000000,590277,4722216,590278,4722224,9444440,0,1000000000,steady,0
baseline,2849,31655555239,1000000000,recovery,late-one-eye,850000000,590277,4722216,590278,4722224,9444440,0,1000000000,steady,0
baseline,2850,31666666350,1000000000,recovery,late-one-eye,850000000,590277,4722216,590278,4722224,9444440,0,1000000000,steady,0
baseline,2851,31677777461,1000000000,recovery,late-one-eye,850000000,590277,4722216,590278,4722224,9444440,0,1000000000,steady,0
baseline,2852,31688888572,1000000000,recovery,late-one-eye,850000000,590277,4722216,590278,4722224,9444440,0,1000000000,steady,0
baseline,2853,31699999683,1000000000,recovery,late-one-eye,850000000,590277,4722216,590278,4722224,9444440,0,1000000000,steady,0
baseline,2854,31711110794,1000000000,recovery,late-one-eye,850000000,590277,4722216,590278,4722224,9444440,0,1000000000,steady,0
baseline,2855,31722221905,1000000000,recovery,late-one-eye,850000000,590277,4722216,590278,4722224,9444440,0,1000000000,steady,0
baseline,2856,31733333016,1000000000,recovery,late-one-eye,850000000,590277,4722216,590278,4722224,9444440,0,1000000000,steady,0
baseline,2857,31744444127,1000000000,recovery,late-one-eye,850000000,590277,4722216,590278,4722224,9444440,0,1000000000,steady,0
baseline,2858,31755555238,1000000000,recovery,late-one-eye,850000000,590277,4722216,590278,4722224,9444440,0,1000000000,steady,0
baseline,2859,31766666349,1000000000,recovery,late-one-eye,850000000,590277,4722216,590278,4722224,9444440,0,1000000000,steady,0
baseline,2860,31777777460,1000000000,recovery,late-one-eye,850000000,590277,4722216,590278,4722224,9444440,0,1000000000,steady,0
baseline,2861,31788888571,1000000000,recovery,late-one-eye,850000000,590277,4722216,590278,4722224,9444440,0,1000000000,steady,0
baseline,2862,31799999682,1000000000,recovery,late-one-eye,850000000,590277,4722216,590278,4722224,9444440,0,1000000000,steady,0
baseline,2863,31811110793,1000000000,recovery,late-one-eye,850000000,590277,4722216,590278,4722224,9444440,0,1000000000,steady,0
baseline,2864,31822221904,1000000000,recovery,late-one-eye,850000000,590277,4722216,590278,4722224,9444440,0,1000000000,steady,0
baseline,2865,31833333015,1000000000,recovery,late-one-eye,850000000,590277,4722216,590278,4722224,9444440,0,1000000000,steady,0
baseline,2866,31844444126,1000000000,recovery,late-one-eye,850000000,590277,4722216,590278,4722224,9444440,0,1000000000,steady,0
baseline,2867,31855555237,1000000000,recovery,late-one-eye,850000000,590277,4722216,590278,4722224,9444440,0,1000000000,steady,0
baseline,2868,31866666348,1000000000,recovery,late-one-eye,850000000,590277,4722216,590278,4722224,9444440,0,1000000000,steady,0
baseline,2869,31877777459,1000000000,recovery,late-one-eye,850000000,590277,4722216,590278,4722224,9444440,0,1000000000,steady,0
baseline,2870,31888888570,1000000000,recovery,late-one-eye,850000000,590277,4722216,590278,4722224,9444440,0,1000000000,steady,0
baseline,2871,31899999681,1000000000,recovery,late-one-eye,850000000,590277,4722216,590278,4722224,9444440,0,1000000000,steady,0
baseline,2872,31911110792,1000000000,recovery,late-one-eye,850000000,590277,4722216,590278,4722224,9444440,0,1000000000,steady,0
baseline,2873,31922221903,1000000000,recovery,late-one-eye,850000000,590277,4722216,590278,4722224,9444440,0,1000000000,steady,0
baseline,2874,31933333014,1000000000,recovery,late-one-eye,850000000,590277,4722216,590278,4722224,9444440,0,1000000000,steady,0
baseline,2875,31944444125,1000000000,recovery,late-one-eye,850000000,590277,4722216,590278,4722224,9444440,0,1000000000,steady,0
baseline,2876,31955555236,1000000000,recovery,late-one-eye,850000000,590277,4722216,590278,4722224,9444440,0,1000000000,steady,0
baseline,2877,31966666347,1000000000,recovery,late-one-eye,850000000,590277,4722216,590278,4722224,9444440,0,1000000000,steady,0
baseline,2878,31977777458,1000000000,recovery,late-one-eye,850000000,590277,4722216,590278,4722224,9444440,0,1000000000,steady,0
baseline,2879,31988888569,1000000000,recovery,late-one-eye,850000000,590277,4722216,590278,4722224,9444440,0,1000000000,steady,0
baseline,2880,31999999680,1000000000,recovery,late-one-eye,850000000,590277,4722216,590278,4722224,9444440,0,1000000000,steady,0
baseline,2881,32011110791,1000000000,recovery,late-one-eye,850000000,590277,4722216,590278,4722224,9444440,0,1000000000,steady,0
baseline,2882,32022221902,1000000000,recovery,late-one-eye,850000000,590277,4722216,590278,4722224,9444440,0,1000000000,steady,0
baseline,2883,32033333013,1000000000,recovery,late-one-eye,850000000,590277,4722216,590278,4722224,9444440,0,1000000000,steady,0
baseline,2884,32044444124,1000000000,recovery,late-one-eye,850000000,590277,4722216,590278,4722224,9444440,0,1000000000,steady,0
baseline,2885,32055555235,1000000000,recovery,late-one-eye,850000000,590277,4722216,590278,4722224,9444440,0,1000000000,steady,0
baseline,2886,32066666346,1000000000,recovery,late-one-eye,850000000,590277,4722216,590278,4722224,9444440,0,1000000000,steady,0
baseline,2887,32077777457,1000000000,recovery,late-one-eye,850000000,590277,4722216,590278,4722224,9444440,0,1000000000,steady,0
baseline,2888,32088888568,1000000000,recovery,late-one-eye,850000000,590277,4722216,590278,4722224,9444440,0,1000000000,steady,0
baseline,2889,32099999679,1000000000,recovery,late-one-eye,850000000,590277,4722216,590278,4722224,9444440,0,1000000000,steady,0
baseline,2890,32111110790,1000000000,recovery,late-one-eye,850000000,590277,4722216,590278,4722224,9444440,0,1000000000,steady,0
baseline,2891,32122221901,1000000000,recovery,late-one-eye,850000000,590277,4722216,590278,4722224,9444440,0,1000000000,steady,0
baseline,2892,32133333012,1000000000,recovery,late-one-eye,850000000,590277,4722216,590278,4722224,9444440,0,1000000000,steady,0
baseline,2893,32144444123,1000000000,recovery,late-one-eye,850000000,590277,4722216,590278,4722224,9444440,0,1000000000,steady,0
baseline,2894,32155555234,1000000000,recovery,late-one-eye,850000000,590277,4722216,590278,4722224,9444440,0,1000000000,steady,0
baseline,2895,32166666345,1000000000,recovery,late-one-eye,850000000,590277,4722216,590278,4722224,9444440,0,1000000000,steady,0
baseline,2896,32177777456,1000000000,recovery,late-one-eye,850000000,590277,4722216,590278,4722224,9444440,0,1000000000,steady,0
baseline,2897,32188888567,1000000000,recovery,late-one-eye,850000000,590277,4722216,590278,4722224,9444440,0,1000000000,steady,0
baseline,2898,32199999678,1000000000,recovery,late-one-eye,850000000,590277,4722216,590278,4722224,9444440,0,1000000000,steady,0
baseline,2899,32211110789,1000000000,recovery,late-one-eye,850000000,590277,4722216,590278,4722224,9444440,0,1000000000,steady,0
baseline,2900,32222221900,1000000000,recovery,late-one-eye,850000000,590277,4722216,590278,4722224,9444440,0,1000000000,steady,0
baseline,2901,32233333011,1000000000,recovery,late-one-eye,850000000,590277,4722216,590278,4722224,9444440,0,1000000000,steady,0
baseline,2902,32244444122,1000000000,recovery,late-one-eye,850000000,590277,4722216,590278,4722224,9444440,0,1000000000,steady,0
baseline,2903,32255555233,1000000000,recovery,late-one-eye,850000000,590277,4722216,590278,4722224,9444440,0,1000000000,steady,0
baseline,2904,32266666344,1000000000,recovery,late-one-eye,850000000,590277,4722216,590278,4722224,9444440,0,1000000000,steady,0
baseline,2905,32277777455,1000000000,recovery,late-one-eye,850000000,590277,4722216,590278,4722224,9444440,0,1000000000,steady,0
baseline,2906,32288888566,1000000000,recovery,late-one-eye,850000000,590277,4722216,590278,4722224,9444440,0,1000000000,steady,0
baseline,2907,32299999677,1000000000,recovery,late-one-eye,850000000,590277,4722216,590278,4722224,9444440,0,1000000000,steady,0
baseline,2908,32311110788,1000000000,recovery,late-one-eye,850000000,590277,4722216,590278,4722224,9444440,0,1000000000,steady,0
baseline,2909,32322221899,1000000000,recovery,late-one-eye,850000000,590277,4722216,590278,4722224,9444440,0,1000000000,steady,0
baseline,2910,32333333010,1000000000,recovery,late-one-eye,850000000,590277,4722216,590278,4722224,9444440,0,1000000000,steady,0
baseline,2911,32344444121,1000000000,recovery,late-one-eye,850000000,590277,4722216,590278,4722224,9444440,0,1000000000,steady,0
baseline,2912,32355555232,1000000000,recovery,late-one-eye,850000000,590277,4722216,590278,4722224,9444440,0,1000000000,steady,0
baseline,2913,32366666343,1000000000,recovery,late-one-eye,850000000,590277,4722216,590278,4722224,9444440,0,1000000000,steady,0
baseline,2914,32377777454,1000000000,recovery,late-one-eye,850000000,590277,4722216,590278,4722224,9444440,0,1000000000,steady,0
baseline,2915,32388888565,1000000000,recovery,late-one-eye,850000000,590277,4722216,590278,4722224,9444440,0,1000000000,steady,0
baseline,2916,32399999676,1000000000,recovery,late-one-eye,850000000,590277,4722216,590278,4722224,9444440,0,1000000000,steady,0
baseline,2917,32411110787,1000000000,recovery,late-one-eye,850000000,590277,4722216,590278,4722224,9444440,0,1000000000,steady,0
baseline,2918,32422221898,1000000000,recovery,late-one-eye,850000000,590277,4722216,590278,4722224,9444440,0,1000000000,steady,0
baseline,2919,32433333009,1000000000,recovery,late-one-eye,850000000,590277,4722216,590278,4722224,9444440,0,1000000000,steady,0
baseline,2920,32444444120,1000000000,recovery,late-one-eye,850000000,590277,4722216,590278,4722224,9444440,0,1000000000,steady,0
baseline,2921,32455555231,1000000000,recovery,late-one-eye,850000000,590277,4722216,590278,4722224,9444440,0,1000000000,steady,0
baseline,2922,32466666342,1000000000,recovery,late-one-eye,850000000,590277,4722216,590278,4722224,9444440,0,1000000000,steady,0
baseline,2923,32477777453,1000000000,recovery,late-one-eye,850000000,590277,4722216,590278,4722224,9444440,0,1000000000,steady,0
baseline,2924,32488888564,1000000000,recovery,late-one-eye,850000000,590277,4722216,590278,4722224,9444440,0,1000000000,steady,0
baseline,2925,32499999675,1000000000,recovery,late-one-eye,850000000,590277,4722216,590278,4722224,9444440,0,1000000000,steady,0
baseline,2926,32511110786,1000000000,recovery,late-one-eye,850000000,590277,4722216,590278,4722224,9444440,0,1000000000,steady,0
baseline,2927,32522221897,1000000000,recovery,late-one-eye,850000000,590277,4722216,590278,4722224,9444440,0,1000000000,steady,0
baseline,2928,32533333008,1000000000,recovery,late-one-eye,850000000,590277,4722216,590278,4722224,9444440,0,1000000000,steady,0
baseline,2929,32544444119,1000000000,recovery,late-one-eye,850000000,590277,4722216,590278,4722224,9444440,0,1000000000,steady,0
baseline,2930,32555555230,1000000000,recovery,late-one-eye,850000000,590277,4722216,590278,4722224,9444440,0,1000000000,steady,0
baseline,2931,32566666341,1000000000,recovery,late-one-eye,850000000,590277,4722216,590278,4722224,9444440,0,1000000000,steady,0
baseline,2932,32577777452,1000000000,recovery,late-one-eye,850000000,590277,4722216,590278,4722224,9444440,0,1000000000,steady,0
baseline,2933,32588888563,1000000000,recovery,late-one-eye,850000000,590277,4722216,590278,4722224,9444440,0,1000000000,steady,0
baseline,2934,32599999674,1000000000,recovery,late-one-eye,850000000,590277,4722216,590278,4722224,9444440,0,1000000000,steady,0
baseline,2935,32611110785,1000000000,recovery,late-one-eye,850000000,590277,4722216,590278,4722224,9444440,0,1000000000,steady,0
baseline,2936,32622221896,1000000000,recovery,late-one-eye,850000000,590277,4722216,590278,4722224,9444440,0,1000000000,steady,0
baseline,2937,32633333007,1000000000,recovery,late-one-eye,850000000,590277,4722216,590278,4722224,9444440,0,1000000000,steady,0
baseline,2938,32644444118,1000000000,recovery,late-one-eye,850000000,590277,4722216,590278,4722224,9444440,0,1000000000,steady,0
baseline,2939,32655555229,1000000000,recovery,late-one-eye,850000000,590277,4722216,590278,4722224,9444440,0,1000000000,steady,0
baseline,2940,32666666340,1000000000,recovery,late-one-eye,850000000,590277,4722216,590278,4722224,9444440,0,1000000000,steady,0
baseline,2941,32677777451,1000000000,recovery,late-one-eye,850000000,590277,4722216,590278,4722224,9444440,0,1000000000,steady,0
baseline,2942,32688888562,1000000000,recovery,late-one-eye,850000000,590277,4722216,590278,4722224,9444440,0,1000000000,steady,0
baseline,2943,32699999673,1000000000,recovery,late-one-eye,850000000,590277,4722216,590278,4722224,9444440,0,1000000000,steady,0
baseline,2944,32711110784,1000000000,recovery,late-one-eye,850000000,590277,4722216,590278,4722224,9444440,0,1000000000,steady,0
baseline,2945,32722221895,1000000000,recovery,late-one-eye,850000000,590277,4722216,590278,4722224,9444440,0,1000000000,steady,0
baseline,2946,32733333006,1000000000,recovery,late-one-eye,850000000,590277,4722216,590278,4722224,9444440,0,1000000000,steady,0
baseline,2947,32744444117,1000000000,recovery,late-one-eye,850000000,590277,4722216,590278,4722224,9444440,0,1000000000,steady,0
baseline,2948,32755555228,1000000000,recovery,late-one-eye,850000000,590277,4722216,590278,4722224,9444440,0,1000000000,steady,0
baseline,2949,32766666339,1000000000,recovery,late-one-eye,850000000,590277,4722216,590278,4722224,9444440,0,1000000000,steady,0
baseline,2950,32777777450,1000000000,recovery,late-one-eye,850000000,590277,4722216,590278,4722224,9444440,0,1000000000,steady,0
baseline,2951,32788888561,1000000000,recovery,late-one-eye,850000000,590277,4722216,590278,4722224,9444440,0,1000000000,steady,0
baseline,2952,32799999672,1000000000,recovery,late-one-eye,850000000,590277,4722216,590278,4722224,9444440,0,1000000000,steady,0
baseline,2953,32811110783,1000000000,recovery,late-one-eye,850000000,590277,4722216,590278,4722224,9444440,0,1000000000,steady,0
baseline,2954,32822221894,1000000000,recovery,late-one-eye,850000000,590277,4722216,590278,4722224,9444440,0,1000000000,steady,0
baseline,2955,32833333005,1000000000,recovery,late-one-eye,850000000,590277,4722216,590278,4722224,9444440,0,1000000000,steady,0
baseline,2956,32844444116,1000000000,recovery,late-one-eye,850000000,590277,4722216,590278,4722224,9444440,0,1000000000,steady,0
baseline,2957,32855555227,1000000000,recovery,late-one-eye,850000000,590277,4722216,590278,4722224,9444440,0,1000000000,steady,0
baseline,2958,32866666338,1000000000,recovery,late-one-eye,850000000,590277,4722216,590278,4722224,9444440,0,1000000000,steady,0
baseline,2959,32877777449,1000000000,recovery,late-one-eye,850000000,590277,4722216,590278,4722224,9444440,0,1000000000,steady,0
baseline,2960,32888888560,1000000000,recovery,late-one-eye,850000000,590277,4722216,590278,4722224,9444440,0,1000000000,steady,0
baseline,2961,32899999671,1000000000,recovery,late-one-eye,850000000,590277,4722216,590278,4722224,9444440,0,1000000000,steady,0
baseline,2962,32911110782,1000000000,recovery,late-one-eye,850000000,590277,4722216,590278,4722224,9444440,0,1000000000,steady,0
baseline,2963,32922221893,1000000000,recovery,late-one-eye,850000000,590277,4722216,590278,4722224,9444440,0,1000000000,steady,0
baseline,2964,32933333004,1000000000,recovery,late-one-eye,850000000,590277,4722216,590278,4722224,9444440,0,1000000000,steady,0
baseline,2965,32944444115,1000000000,recovery,late-one-eye,850000000,590277,4722216,590278,4722224,9444440,0,1000000000,steady,0
baseline,2966,32955555226,1000000000,recovery,late-one-eye,850000000,590277,4722216,590278,4722224,9444440,0,1000000000,steady,0
baseline,2967,32966666337,1000000000,recovery,late-one-eye,850000000,590277,4722216,590278,4722224,9444440,0,1000000000,steady,0
baseline,2968,32977777448,1000000000,recovery,late-one-eye,850000000,590277,4722216,590278,4722224,9444440,0,1000000000,steady,0
baseline,2969,32988888559,1000000000,recovery,late-one-eye,850000000,590277,4722216,590278,4722224,9444440,0,1000000000,steady,0
baseline,2970,32999999670,1000000000,recovery,late-one-eye,850000000,590277,4722216,590278,4722224,9444440,0,1000000000,steady,0
baseline,2971,33011110781,1000000000,recovery,late-one-eye,850000000,590277,4722216,590278,4722224,9444440,0,1000000000,steady,0
baseline,2972,33022221892,1000000000,recovery,late-one-eye,850000000,590277,4722216,590278,4722224,9444440,0,1000000000,steady,0
baseline,2973,33033333003,1000000000,recovery,late-one-eye,850000000,590277,4722216,590278,4722224,9444440,0,1000000000,steady,0
baseline,2974,33044444114,1000000000,recovery,late-one-eye,850000000,590277,4722216,590278,4722224,9444440,0,1000000000,steady,0
baseline,2975,33055555225,1000000000,recovery,late-one-eye,850000000,590277,4722216,590278,4722224,9444440,0,1000000000,steady,0
baseline,2976,33066666336,1000000000,recovery,late-one-eye,850000000,590277,4722216,590278,4722224,9444440,0,1000000000,steady,0
baseline,2977,33077777447,1000000000,recovery,late-one-eye,850000000,590277,4722216,590278,4722224,9444440,0,1000000000,steady,0
baseline,2978,33088888558,1000000000,recovery,late-one-eye,850000000,590277,4722216,590278,4722224,9444440,0,1000000000,steady,0
baseline,2979,33099999669,1000000000,recovery,late-one-eye,850000000,590277,4722216,590278,4722224,9444440,0,1000000000,steady,0
baseline,2980,33111110780,1000000000,recovery,late-one-eye,850000000,590277,4722216,590278,4722224,9444440,0,1000000000,steady,0
baseline,2981,33122221891,1000000000,recovery,late-one-eye,850000000,590277,4722216,590278,4722224,9444440,0,1000000000,steady,0
baseline,2982,33133333002,1000000000,recovery,late-one-eye,850000000,590277,4722216,590278,4722224,9444440,0,1000000000,steady,0
baseline,2983,33144444113,1000000000,recovery,late-one-eye,850000000,590277,4722216,590278,4722224,9444440,0,1000000000,steady,0
baseline,2984,33155555224,1000000000,recovery,late-one-eye,850000000,590277,4722216,590278,4722224,9444440,0,1000000000,steady,0
baseline,2985,33166666335,1000000000,recovery,late-one-eye,850000000,590277,4722216,590278,4722224,9444440,0,1000000000,steady,0
baseline,2986,33177777446,1000000000,recovery,late-one-eye,850000000,590277,4722216,590278,4722224,9444440,0,1000000000,steady,0
baseline,2987,33188888557,1000000000,recovery,late-one-eye,850000000,590277,4722216,590278,4722224,9444440,0,1000000000,steady,0
baseline,2988,33199999668,1000000000,recovery,late-one-eye,850000000,590277,4722216,590278,4722224,9444440,0,1000000000,steady,0
baseline,2989,33211110779,1000000000,recovery,late-one-eye,850000000,590277,4722216,590278,4722224,9444440,0,1000000000,steady,0
baseline,2990,33222221890,1000000000,recovery,late-one-eye,850000000,590277,4722216,590278,4722224,9444440,0,1000000000,steady,0
baseline,2991,33233333001,1000000000,recovery,late-one-eye,850000000,590277,4722216,590278,4722224,9444440,0,1000000000,steady,0
baseline,2992,33244444112,1000000000,recovery,late-one-eye,850000000,590277,4722216,590278,4722224,9444440,0,1000000000,steady,0
baseline,2993,33255555223,1000000000,recovery,late-one-eye,850000000,590277,4722216,590278,4722224,9444440,0,1000000000,steady,0
baseline,2994,33266666334,1000000000,recovery,late-one-eye,850000000,590277,4722216,590278,4722224,9444440,0,1000000000,steady,0
baseline,2995,33277777445,1000000000,recovery,late-one-eye,850000000,590277,4722216,590278,4722224,9444440,0,1000000000,steady,0
baseline,2996,33288888556,1000000000,recovery,late-one-eye,850000000,590277,4722216,590278,4722224,9444440,0,1000000000,steady,0
baseline,2997,33299999667,1000000000,recovery,late-one-eye,850000000,590277,4722216,590278,4722224,9444440,0,1000000000,steady,0
baseline,2998,33311110778,1000000000,recovery,late-one-eye,850000000,590277,4722216,590278,4722224,9444440,0,1000000000,steady,0
baseline,2999,33322221889,1000000000,recovery,late-one-eye,850000000,590277,4722216,590278,4722224,9444440,0,1000000000,steady,0
baseline,3000,33333333000,1000000000,recovery,late-one-eye,850000000,590277,4722216,590278,4722224,9444440,0,1000000000,steady,0
baseline,3001,33344444111,1000000000,recovery,late-one-eye,850000000,590277,4722216,590278,4722224,9444440,0,1000000000,steady,0
baseline,3002,33355555222,1000000000,recovery,late-one-eye,850000000,590277,4722216,590278,4722224,9444440,0,1000000000,steady,0
baseline,3003,33366666333,1000000000,recovery,late-one-eye,850000000,590277,4722216,590278,4722224,9444440,0,1000000000,steady,0
baseline,3004,33377777444,1000000000,recovery,late-one-eye,850000000,590277,4722216,590278,4722224,9444440,0,1000000000,steady,0
baseline,3005,33388888555,1000000000,recovery,late-one-eye,850000000,590277,4722216,590278,4722224,9444440,0,1000000000,steady,0
baseline,3006,33399999666,1000000000,recovery,late-one-eye,850000000,590277,4722216,590278,4722224,9444440,0,1000000000,steady,0
baseline,3007,33411110777,1000000000,recovery,late-one-eye,850000000,590277,4722216,590278,4722224,9444440,0,1000000000,steady,0
baseline,3008,33422221888,1000000000,recovery,late-one-eye,850000000,590277,4722216,590278,4722224,9444440,0,1000000000,steady,0
baseline,3009,33433332999,1000000000,recovery,late-one-eye,850000000,590277,4722216,590278,4722224,9444440,0,1000000000,steady,0
baseline,3010,33444444110,1000000000,recovery,late-one-eye,850000000,590277,4722216,590278,4722224,9444440,0,1000000000,steady,0
baseline,3011,33455555221,1000000000,recovery,late-one-eye,850000000,590277,4722216,590278,4722224,9444440,0,1000000000,steady,0
baseline,3012,33466666332,1000000000,recovery,late-one-eye,850000000,590277,4722216,590278,4722224,9444440,0,1000000000,steady,0
baseline,3013,33477777443,1000000000,recovery,late-one-eye,850000000,590277,4722216,590278,4722224,9444440,0,1000000000,steady,0
baseline,3014,33488888554,1000000000,recovery,late-one-eye,850000000,590277,4722216,590278,4722224,9444440,0,1000000000,steady,0
baseline,3015,33499999665,1000000000,recovery,late-one-eye,850000000,590277,4722216,590278,4722224,9444440,0,1000000000,steady,0
baseline,3016,33511110776,1000000000,recovery,late-one-eye,850000000,590277,4722216,590278,4722224,9444440,0,1000000000,steady,0
baseline,3017,33522221887,1000000000,recovery,late-one-eye,850000000,590277,4722216,590278,4722224,9444440,0,1000000000,steady,0
baseline,3018,33533332998,1000000000,recovery,late-one-eye,850000000,590277,4722216,590278,4722224,9444440,0,1000000000,steady,0
baseline,3019,33544444109,1000000000,recovery,late-one-eye,850000000,590277,4722216,590278,4722224,9444440,0,1000000000,steady,0
baseline,3020,33555555220,1000000000,recovery,late-one-eye,850000000,590277,4722216,590278,4722224,9444440,0,1000000000,steady,0
baseline,3021,33566666331,1000000000,recovery,late-one-eye,850000000,590277,4722216,590278,4722224,9444440,0,1000000000,steady,0
baseline,3022,33577777442,1000000000,recovery,late-one-eye,850000000,590277,4722216,590278,4722224,9444440,0,1000000000,steady,0
baseline,3023,33588888553,1000000000,recovery,late-one-eye,850000000,590277,4722216,590278,4722224,9444440,0,1000000000,steady,0
baseline,3024,33599999664,1000000000,recovery,late-one-eye,850000000,590277,4722216,590278,4722224,9444440,0,1000000000,steady,0
baseline,3025,33611110775,1000000000,recovery,late-one-eye,850000000,590277,4722216,590278,4722224,9444440,0,1000000000,steady,0
baseline,3026,33622221886,1000000000,recovery,late-one-eye,850000000,590277,4722216,590278,4722224,9444440,0,1000000000,steady,0
baseline,3027,33633332997,1000000000,recovery,late-one-eye,850000000,590277,4722216,590278,4722224,9444440,0,1000000000,steady,0
baseline,3028,33644444108,1000000000,recovery,late-one-eye,850000000,590277,4722216,590278,4722224,9444440,0,1000000000,steady,0
baseline,3029,33655555219,1000000000,recovery,late-one-eye,850000000,590277,4722216,590278,4722224,9444440,0,1000000000,steady,0
baseline,3030,33666666330,1000000000,recovery,late-one-eye,850000000,590277,4722216,590278,4722224,9444440,0,1000000000,steady,0
baseline,3031,33677777441,1000000000,recovery,late-one-eye,850000000,590277,4722216,590278,4722224,9444440,0,1000000000,steady,0
baseline,3032,33688888552,1000000000,recovery,late-one-eye,850000000,590277,4722216,590278,4722224,9444440,0,1000000000,steady,0
baseline,3033,33699999663,1000000000,recovery,late-one-eye,850000000,590277,4722216,590278,4722224,9444440,0,1000000000,steady,0
baseline,3034,33711110774,1000000000,recovery,late-one-eye,850000000,590277,4722216,590278,4722224,9444440,0,1000000000,steady,0
baseline,3035,33722221885,1000000000,recovery,late-one-eye,850000000,590277,4722216,590278,4722224,9444440,0,1000000000,steady,0
baseline,3036,33733332996,1000000000,recovery,late-one-eye,850000000,590277,4722216,590278,4722224,9444440,0,1000000000,steady,0
baseline,3037,33744444107,1000000000,recovery,late-one-eye,850000000,590277,4722216,590278,4722224,9444440,0,1000000000,steady,0
baseline,3038,33755555218,1000000000,recovery,late-one-eye,850000000,590277,4722216,590278,4722224,9444440,0,1000000000,steady,0
baseline,3039,33766666329,1000000000,recovery,late-one-eye,850000000,590277,4722216,590278,4722224,9444440,0,1000000000,steady,0
baseline,3040,33777777440,1000000000,recovery,late-one-eye,850000000,590277,4722216,590278,4722224,9444440,0,1000000000,steady,0
baseline,3041,33788888551,1000000000,recovery,late-one-eye,850000000,590277,4722216,590278,4722224,9444440,0,1000000000,steady,0
baseline,3042,33799999662,1000000000,recovery,late-one-eye,850000000,590277,4722216,590278,4722224,9444440,0,1000000000,steady,0
baseline,3043,33811110773,1000000000,recovery,late-one-eye,850000000,590277,4722216,590278,4722224,9444440,0,1000000000,steady,0
baseline,3044,33822221884,1000000000,recovery,late-one-eye,850000000,590277,4722216,590278,4722224,9444440,0,1000000000,steady,0
baseline,3045,33833332995,1000000000,recovery,late-one-eye,850000000,590277,4722216,590278,4722224,9444440,0,1000000000,steady,0
baseline,3046,33844444106,1000000000,recovery,late-one-eye,850000000,590277,4722216,590278,4722224,9444440,0,1000000000,steady,0
baseline,3047,33855555217,1000000000,recovery,late-one-eye,850000000,590277,4722216,590278,4722224,9444440,0,1000000000,steady,0
baseline,3048,33866666328,1000000000,recovery,late-one-eye,850000000,590277,4722216,590278,4722224,9444440,0,1000000000,steady,0
baseline,3049,33877777439,1000000000,recovery,late-one-eye,850000000,590277,4722216,590278,4722224,9444440,0,1000000000,steady,0
baseline,3050,33888888550,1000000000,recovery,late-one-eye,850000000,590277,4722216,590278,4722224,9444440,0,1000000000,steady,0
baseline,3051,33899999661,1000000000,recovery,late-one-eye,850000000,590277,4722216,590278,4722224,9444440,0,1000000000,steady,0
baseline,3052,33911110772,1000000000,recovery,late-one-eye,850000000,590277,4722216,590278,4722224,9444440,0,1000000000,steady,0
baseline,3053,33922221883,1000000000,recovery,late-one-eye,850000000,590277,4722216,590278,4722224,9444440,0,1000000000,steady,0
baseline,3054,33933332994,1000000000,recovery,late-one-eye,850000000,590277,4722216,590278,4722224,9444440,0,1000000000,steady,0
baseline,3055,33944444105,1000000000,recovery,late-one-eye,850000000,590277,4722216,590278,4722224,9444440,0,1000000000,steady,0
baseline,3056,33955555216,1000000000,recovery,late-one-eye,850000000,590277,4722216,590278,4722224,9444440,0,1000000000,steady,0
baseline,3057,33966666327,1000000000,recovery,late-one-eye,850000000,590277,4722216,590278,4722224,9444440,0,1000000000,steady,0
baseline,3058,33977777438,1000000000,recovery,late-one-eye,850000000,590277,4722216,590278,4722224,9444440,0,1000000000,steady,0
baseline,3059,33988888549,1000000000,recovery,late-one-eye,850000000,590277,4722216,590278,4722224,9444440,0,1000000000,steady,0
baseline,3060,33999999660,1000000000,recovery,late-one-eye,850000000,590277,4722216,590278,4722224,9444440,0,1000000000,steady,0
baseline,3061,34011110771,1000000000,recovery,late-one-eye,850000000,590277,4722216,590278,4722224,9444440,0,1000000000,steady,0
baseline,3062,34022221882,1000000000,recovery,late-one-eye,850000000,590277,4722216,590278,4722224,9444440,0,1000000000,steady,0
baseline,3063,34033332993,1000000000,recovery,late-one-eye,850000000,590277,4722216,590278,4722224,9444440,0,1000000000,steady,0
baseline,3064,34044444104,1000000000,recovery,late-one-eye,850000000,590277,4722216,590278,4722224,9444440,0,1000000000,steady,0
baseline,3065,34055555215,1000000000,recovery,late-one-eye,850000000,590277,4722216,590278,4722224,9444440,0,1000000000,steady,0
baseline,3066,34066666326,1000000000,recovery,late-one-eye,850000000,590277,4722216,590278,4722224,9444440,0,1000000000,steady,0
baseline,3067,34077777437,1000000000,recovery,late-one-eye,850000000,590277,4722216,590278,4722224,9444440,0,1000000000,steady,0
baseline,3068,34088888548,1000000000,recovery,late-one-eye,850000000,590277,4722216,590278,4722224,9444440,0,1000000000,steady,0
baseline,3069,34099999659,1000000000,recovery,late-one-eye,850000000,590277,4722216,590278,4722224,9444440,0,1000000000,steady,0
baseline,3070,34111110770,1000000000,recovery,late-one-eye,850000000,590277,4722216,590278,4722224,9444440,0,1000000000,steady,0
baseline,3071,34122221881,1000000000,recovery,late-one-eye,850000000,590277,4722216,590278,4722224,9444440,0,1000000000,steady,0
baseline,3072,34133332992,1000000000,recovery,late-one-eye,850000000,590277,4722216,590278,4722224,9444440,0,1000000000,steady,0
baseline,3073,34144444103,1000000000,recovery,late-one-eye,850000000,590277,4722216,590278,4722224,9444440,0,1000000000,steady,0
baseline,3074,34155555214,1000000000,recovery,late-one-eye,850000000,590277,4722216,590278,4722224,9444440,0,1000000000,steady,0
baseline,3075,34166666325,1000000000,recovery,late-one-eye,850000000,590277,4722216,590278,4722224,9444440,0,1000000000,steady,0
baseline,3076,34177777436,1000000000,recovery,late-one-eye,850000000,590277,4722216,590278,4722224,9444440,0,1000000000,steady,0
baseline,3077,34188888547,1000000000,recovery,late-one-eye,850000000,590277,4722216,590278,4722224,9444440,0,1000000000,steady,0
baseline,3078,34199999658,1000000000,recovery,late-one-eye,850000000,590277,4722216,590278,4722224,9444440,0,1000000000,steady,0
baseline,3079,34211110769,1000000000,recovery,late-one-eye,850000000,590277,4722216,590278,4722224,9444440,0,1000000000,steady,0
baseline,3080,34222221880,1000000000,recovery,late-one-eye,850000000,590277,4722216,590278,4722224,9444440,0,1000000000,steady,0
baseline,3081,34233332991,1000000000,recovery,late-one-eye,850000000,590277,4722216,590278,4722224,9444440,0,1000000000,steady,0
baseline,3082,34244444102,1000000000,recovery,late-one-eye,850000000,590277,4722216,590278,4722224,9444440,0,1000000000,steady,0
baseline,3083,34255555213,1000000000,recovery,late-one-eye,850000000,590277,4722216,590278,4722224,9444440,0,1000000000,steady,0
baseline,3084,34266666324,1000000000,recovery,late-one-eye,850000000,590277,4722216,590278,4722224,9444440,0,1000000000,steady,0
baseline,3085,34277777435,1000000000,recovery,late-one-eye,850000000,590277,4722216,590278,4722224,9444440,0,1000000000,steady,0
baseline,3086,34288888546,1000000000,recovery,late-one-eye,850000000,590277,4722216,590278,4722224,9444440,0,1000000000,steady,0
baseline,3087,34299999657,1000000000,recovery,late-one-eye,850000000,590277,4722216,590278,4722224,9444440,0,1000000000,steady,0
baseline,3088,34311110768,1000000000,recovery,late-one-eye,850000000,590277,4722216,590278,4722224,9444440,0,1000000000,steady,0
baseline,3089,34322221879,1000000000,recovery,late-one-eye,850000000,590277,4722216,590278,4722224,9444440,0,1000000000,steady,0
baseline,3090,34333332990,1000000000,recovery,late-one-eye,850000000,590277,4722216,590278,4722224,9444440,0,1000000000,steady,0
baseline,3091,34344444101,1000000000,recovery,late-one-eye,850000000,590277,4722216,590278,4722224,9444440,0,1000000000,steady,0
baseline,3092,34355555212,1000000000,recovery,late-one-eye,850000000,590277,4722216,590278,4722224,9444440,0,1000000000,steady,0
baseline,3093,34366666323,1000000000,recovery,late-one-eye,850000000,590277,4722216,590278,4722224,9444440,0,1000000000,steady,0
baseline,3094,34377777434,1000000000,recovery,late-one-eye,850000000,590277,4722216,590278,4722224,9444440,0,1000000000,steady,0
baseline,3095,34388888545,1000000000,recovery,late-one-eye,850000000,590277,4722216,590278,4722224,9444440,0,1000000000,steady,0
baseline,3096,34399999656,1000000000,recovery,late-one-eye,850000000,590277,4722216,590278,4722224,9444440,0,1000000000,steady,0
baseline,3097,34411110767,1000000000,recovery,late-one-eye,850000000,590277,4722216,590278,4722224,9444440,0,1000000000,steady,0
baseline,3098,34422221878,1000000000,recovery,late-one-eye,850000000,590277,4722216,590278,4722224,9444440,0,1000000000,steady,0
baseline,3099,34433332989,1000000000,recovery,late-one-eye,850000000,590277,4722216,590278,4722224,9444440,0,1000000000,steady,0
baseline,3100,34444444100,1000000000,recovery,late-one-eye,850000000,590277,4722216,590278,4722224,9444440,0,1000000000,steady,0
baseline,3101,34455555211,1000000000,recovery,late-one-eye,850000000,590277,4722216,590278,4722224,9444440,0,1000000000,steady,0
baseline,3102,34466666322,1000000000,recovery,late-one-eye,850000000,590277,4722216,590278,4722224,9444440,0,1000000000,steady,0
baseline,3103,34477777433,1000000000,recovery,late-one-eye,850000000,590277,4722216,590278,4722224,9444440,0,1000000000,steady,0
baseline,3104,34488888544,1000000000,recovery,late-one-eye,850000000,590277,4722216,590278,4722224,9444440,0,1000000000,steady,0
baseline,3105,34499999655,1000000000,recovery,late-one-eye,850000000,590277,4722216,590278,4722224,9444440,0,1000000000,steady,0
baseline,3106,34511110766,1000000000,recovery,late-one-eye,850000000,590277,4722216,590278,4722224,9444440,0,1000000000,steady,0
baseline,3107,34522221877,1000000000,recovery,late-one-eye,850000000,590277,4722216,590278,4722224,9444440,0,1000000000,steady,0
baseline,3108,34533332988,1000000000,recovery,late-one-eye,850000000,590277,4722216,590278,4722224,9444440,0,1000000000,steady,0
baseline,3109,34544444099,1000000000,recovery,late-one-eye,850000000,590277,4722216,590278,4722224,9444440,0,1000000000,steady,0
baseline,3110,34555555210,1000000000,recovery,late-one-eye,850000000,590277,4722216,590278,4722224,9444440,0,1000000000,steady,0
baseline,3111,34566666321,1000000000,recovery,late-one-eye,850000000,590277,4722216,590278,4722224,9444440,0,1000000000,steady,0
baseline,3112,34577777432,1000000000,recovery,late-one-eye,850000000,590277,4722216,590278,4722224,9444440,0,1000000000,steady,0
baseline,3113,34588888543,1000000000,recovery,late-one-eye,850000000,590277,4722216,590278,4722224,9444440,0,1000000000,steady,0
baseline,3114,34599999654,1000000000,recovery,late-one-eye,850000000,590277,4722216,590278,4722224,9444440,0,1000000000,steady,0
baseline,3115,34611110765,1000000000,recovery,late-one-eye,850000000,590277,4722216,590278,4722224,9444440,0,1000000000,steady,0
baseline,3116,34622221876,1000000000,recovery,late-one-eye,850000000,590277,4722216,590278,4722224,9444440,0,1000000000,steady,0
baseline,3117,34633332987,1000000000,recovery,late-one-eye,850000000,590277,4722216,590278,4722224,9444440,0,1000000000,steady,0
baseline,3118,34644444098,1000000000,recovery,late-one-eye,850000000,590277,4722216,590278,4722224,9444440,0,1000000000,steady,0
baseline,3119,34655555209,1000000000,recovery,late-one-eye,850000000,590277,4722216,590278,4722224,9444440,0,1000000000,steady,0
baseline,3120,34666666320,1000000000,recovery,late-one-eye,850000000,590277,4722216,590278,4722224,9444440,0,1000000000,steady,0
baseline,3121,34677777431,1000000000,recovery,late-one-eye,850000000,590277,4722216,590278,4722224,9444440,0,1000000000,steady,0
baseline,3122,34688888542,1000000000,recovery,late-one-eye,850000000,590277,4722216,590278,4722224,9444440,0,1000000000,steady,0
baseline,3123,34699999653,1000000000,recovery,late-one-eye,850000000,590277,4722216,590278,4722224,9444440,0,1000000000,steady,0
baseline,3124,34711110764,1000000000,recovery,late-one-eye,850000000,590277,4722216,590278,4722224,9444440,0,1000000000,steady,0
baseline,3125,34722221875,1000000000,recovery,late-one-eye,850000000,590277,4722216,590278,4722224,9444440,0,1000000000,steady,0
baseline,3126,34733332986,1000000000,recovery,late-one-eye,850000000,590277,4722216,590278,4722224,9444440,0,1000000000,steady,0
baseline,3127,34744444097,1000000000,recovery,late-one-eye,850000000,590277,4722216,590278,4722224,9444440,0,1000000000,steady,0
baseline,3128,34755555208,1000000000,recovery,late-one-eye,850000000,590277,4722216,590278,4722224,9444440,0,1000000000,steady,0
baseline,3129,34766666319,1000000000,recovery,late-one-eye,850000000,590277,4722216,590278,4722224,9444440,0,1000000000,steady,0
baseline,3130,34777777430,1000000000,recovery,late-one-eye,850000000,590277,4722216,590278,4722224,9444440,0,1000000000,steady,0
baseline,3131,34788888541,1000000000,recovery,late-one-eye,850000000,590277,4722216,590278,4722224,9444440,0,1000000000,steady,0
baseline,3132,34799999652,1000000000,recovery,late-one-eye,850000000,590277,4722216,590278,4722224,9444440,0,1000000000,steady,0
baseline,3133,34811110763,1000000000,recovery,late-one-eye,850000000,590277,4722216,590278,4722224,9444440,0,1000000000,steady,0
baseline,3134,34822221874,1000000000,recovery,late-one-eye,850000000,590277,4722216,590278,4722224,9444440,0,1000000000,steady,0
baseline,3135,34833332985,1000000000,recovery,late-one-eye,850000000,590277,4722216,590278,4722224,9444440,0,1000000000,steady,0
baseline,3136,34844444096,1000000000,recovery,late-one-eye,850000000,590277,4722216,590278,4722224,9444440,0,1000000000,steady,0
baseline,3137,34855555207,1000000000,recovery,late-one-eye,850000000,590277,4722216,590278,4722224,9444440,0,1000000000,steady,0
baseline,3138,34866666318,1000000000,recovery,late-one-eye,850000000,590277,4722216,590278,4722224,9444440,0,1000000000,steady,0
baseline,3139,34877777429,1000000000,recovery,late-one-eye,850000000,590277,4722216,590278,4722224,9444440,0,1000000000,steady,0
baseline,3140,34888888540,1000000000,recovery,late-one-eye,850000000,590277,4722216,590278,4722224,9444440,0,1000000000,steady,0
baseline,3141,34899999651,1000000000,recovery,late-one-eye,850000000,590277,4722216,590278,4722224,9444440,0,1000000000,steady,0
baseline,3142,34911110762,1000000000,recovery,late-one-eye,850000000,590277,4722216,590278,4722224,9444440,0,1000000000,steady,0
baseline,3143,34922221873,1000000000,recovery,late-one-eye,850000000,590277,4722216,590278,4722224,9444440,0,1000000000,steady,0
baseline,3144,34933332984,1000000000,recovery,late-one-eye,850000000,590277,4722216,590278,4722224,9444440,0,1000000000,steady,0
baseline,3145,34944444095,1000000000,recovery,late-one-eye,850000000,590277,4722216,590278,4722224,9444440,0,1000000000,steady,0
baseline,3146,34955555206,1000000000,recovery,late-one-eye,850000000,590277,4722216,590278,4722224,9444440,0,1000000000,steady,0
baseline,3147,34966666317,1000000000,recovery,late-one-eye,850000000,590277,4722216,590278,4722224,9444440,0,1000000000,steady,0
baseline,3148,34977777428,1000000000,recovery,late-one-eye,850000000,590277,4722216,590278,4722224,9444440,0,1000000000,steady,0
baseline,3149,34988888539,1000000000,recovery,late-one-eye,850000000,590277,4722216,590278,4722224,9444440,0,1000000000,steady,0
baseline,3150,34999999650,1000000000,recovery,late-one-eye,850000000,590277,4722216,590278,4722224,9444440,0,1000000000,steady,0
baseline,3151,35011110761,1000000000,recovery,late-one-eye,850000000,590277,4722216,590278,4722224,9444440,0,1000000000,steady,0
baseline,3152,35022221872,1000000000,recovery,late-one-eye,850000000,590277,4722216,590278,4722224,9444440,0,1000000000,steady,0
baseline,3153,35033332983,1000000000,recovery,late-one-eye,850000000,590277,4722216,590278,4722224,9444440,0,1000000000,steady,0
baseline,3154,35044444094,1000000000,recovery,late-one-eye,850000000,590277,4722216,590278,4722224,9444440,0,1000000000,steady,0
baseline,3155,35055555205,1000000000,recovery,late-one-eye,850000000,590277,4722216,590278,4722224,9444440,0,1000000000,steady,0
baseline,3156,35066666316,1000000000,recovery,late-one-eye,850000000,590277,4722216,590278,4722224,9444440,0,1000000000,steady,0
baseline,3157,35077777427,1000000000,recovery,late-one-eye,850000000,590277,4722216,590278,4722224,9444440,0,1000000000,steady,0
baseline,3158,35088888538,1000000000,recovery,late-one-eye,850000000,590277,4722216,590278,4722224,9444440,0,1000000000,steady,0
baseline,3159,35099999649,1000000000,recovery,late-one-eye,850000000,590277,4722216,590278,4722224,9444440,0,1000000000,steady,0
baseline,3160,35111110760,1000000000,recovery,late-one-eye,850000000,590277,4722216,590278,4722224,9444440,0,1000000000,steady,0
baseline,3161,35122221871,1000000000,recovery,late-one-eye,850000000,590277,4722216,590278,4722224,9444440,0,1000000000,steady,0
baseline,3162,35133332982,1000000000,recovery,late-one-eye,850000000,590277,4722216,590278,4722224,9444440,0,1000000000,steady,0
baseline,3163,35144444093,1000000000,recovery,late-one-eye,850000000,590277,4722216,590278,4722224,9444440,0,1000000000,steady,0
baseline,3164,35155555204,1000000000,recovery,late-one-eye,850000000,590277,4722216,590278,4722224,9444440,0,1000000000,steady,0
baseline,3165,35166666315,1000000000,recovery,late-one-eye,850000000,590277,4722216,590278,4722224,9444440,0,1000000000,steady,0
baseline,3166,35177777426,1000000000,recovery,late-one-eye,850000000,590277,4722216,590278,4722224,9444440,0,1000000000,steady,0
baseline,3167,35188888537,1000000000,recovery,late-one-eye,850000000,590277,4722216,590278,4722224,9444440,0,1000000000,steady,0
baseline,3168,35199999648,1000000000,recovery,late-one-eye,850000000,590277,4722216,590278,4722224,9444440,0,1000000000,steady,0
baseline,3169,35211110759,1000000000,recovery,late-one-eye,850000000,590277,4722216,590278,4722224,9444440,0,1000000000,steady,0
baseline,3170,35222221870,1000000000,recovery,late-one-eye,850000000,590277,4722216,590278,4722224,9444440,0,1000000000,steady,0
baseline,3171,35233332981,1000000000,recovery,late-one-eye,850000000,590277,4722216,590278,4722224,9444440,0,1000000000,steady,0
baseline,3172,35244444092,1000000000,recovery,late-one-eye,850000000,590277,4722216,590278,4722224,9444440,0,1000000000,steady,0
baseline,3173,35255555203,1000000000,recovery,late-one-eye,850000000,590277,4722216,590278,4722224,9444440,0,1000000000,steady,0
baseline,3174,35266666314,1000000000,recovery,late-one-eye,850000000,590277,4722216,590278,4722224,9444440,0,1000000000,steady,0
baseline,3175,35277777425,1000000000,recovery,late-one-eye,850000000,590277,4722216,590278,4722224,9444440,0,1000000000,steady,0
baseline,3176,35288888536,1000000000,recovery,late-one-eye,850000000,590277,4722216,590278,4722224,9444440,0,1000000000,steady,0
baseline,3177,35299999647,1000000000,recovery,late-one-eye,850000000,590277,4722216,590278,4722224,9444440,0,1000000000,steady,0
baseline,3178,35311110758,1000000000,recovery,late-one-eye,850000000,590277,4722216,590278,4722224,9444440,0,1000000000,steady,0
baseline,3179,35322221869,1000000000,recovery,late-one-eye,850000000,590277,4722216,590278,4722224,9444440,0,1000000000,steady,0
baseline,3180,35333332980,1000000000,recovery,late-one-eye,850000000,590277,4722216,590278,4722224,9444440,0,1000000000,steady,0
baseline,3181,35344444091,1000000000,recovery,late-one-eye,850000000,590277,4722216,590278,4722224,9444440,0,1000000000,steady,0
baseline,3182,35355555202,1000000000,recovery,late-one-eye,850000000,590277,4722216,590278,4722224,9444440,0,1000000000,steady,0
baseline,3183,35366666313,1000000000,recovery,late-one-eye,850000000,590277,4722216,590278,4722224,9444440,0,1000000000,steady,0
baseline,3184,35377777424,1000000000,recovery,late-one-eye,850000000,590277,4722216,590278,4722224,9444440,0,1000000000,steady,0
baseline,3185,35388888535,1000000000,recovery,late-one-eye,850000000,590277,4722216,590278,4722224,9444440,0,1000000000,steady,0
baseline,3186,35399999646,1000000000,recovery,late-one-eye,850000000,590277,4722216,590278,4722224,9444440,0,1000000000,steady,0
baseline,3187,35411110757,1000000000,recovery,late-one-eye,850000000,590277,4722216,590278,4722224,9444440,0,1000000000,steady,0
baseline,3188,35422221868,1000000000,recovery,late-one-eye,850000000,590277,4722216,590278,4722224,9444440,0,1000000000,steady,0
baseline,3189,35433332979,1000000000,recovery,late-one-eye,850000000,590277,4722216,590278,4722224,9444440,0,1000000000,steady,0
baseline,3190,35444444090,1000000000,recovery,late-one-eye,850000000,590277,4722216,590278,4722224,9444440,0,1000000000,steady,0
baseline,3191,35455555201,1000000000,recovery,late-one-eye,850000000,590277,4722216,590278,4722224,9444440,0,1000000000,steady,0
baseline,3192,35466666312,1000000000,recovery,late-one-eye,850000000,590277,4722216,590278,4722224,9444440,0,1000000000,steady,0
baseline,3193,35477777423,1000000000,recovery,late-one-eye,850000000,590277,4722216,590278,4722224,9444440,0,1000000000,steady,0
baseline,3194,35488888534,1000000000,recovery,late-one-eye,850000000,590277,4722216,590278,4722224,9444440,0,1000000000,steady,0
baseline,3195,35499999645,1000000000,recovery,late-one-eye,850000000,590277,4722216,590278,4722224,9444440,0,1000000000,steady,0
baseline,3196,35511110756,1000000000,recovery,late-one-eye,850000000,590277,4722216,590278,4722224,9444440,0,1000000000,steady,0
baseline,3197,35522221867,1000000000,recovery,late-one-eye,850000000,590277,4722216,590278,4722224,9444440,0,1000000000,steady,0
baseline,3198,35533332978,1000000000,recovery,late-one-eye,850000000,590277,4722216,590278,4722224,9444440,0,1000000000,steady,0
baseline,3199,35544444089,1000000000,recovery,late-one-eye,850000000,590277,4722216,590278,4722224,9444440,0,1000000000,steady,0
baseline,3200,35555555200,1000000000,recovery,late-one-eye,850000000,590277,4722216,590278,4722224,9444440,0,1000000000,steady,0
baseline,3201,35566666311,1000000000,recovery,late-one-eye,850000000,590277,4722216,590278,4722224,9444440,0,1000000000,steady,0
baseline,3202,35577777422,1000000000,recovery,late-one-eye,850000000,590277,4722216,590278,4722224,9444440,0,1000000000,steady,0
baseline,3203,35588888533,1000000000,recovery,late-one-eye,850000000,590277,4722216,590278,4722224,9444440,0,1000000000,steady,0
baseline,3204,35599999644,1000000000,recovery,late-one-eye,850000000,590277,4722216,590278,4722224,9444440,0,1000000000,steady,0
baseline,3205,35611110755,1000000000,recovery,late-one-eye,850000000,590277,4722216,590278,4722224,9444440,0,1000000000,steady,0
baseline,3206,35622221866,1000000000,recovery,late-one-eye,850000000,590277,4722216,590278,4722224,9444440,0,1000000000,steady,0
baseline,3207,35633332977,1000000000,recovery,late-one-eye,850000000,590277,4722216,590278,4722224,9444440,0,1000000000,steady,0
baseline,3208,35644444088,1000000000,recovery,late-one-eye,850000000,590277,4722216,590278,4722224,9444440,0,1000000000,steady,0
baseline,3209,35655555199,1000000000,recovery,late-one-eye,850000000,590277,4722216,590278,4722224,9444440,0,1000000000,steady,0
baseline,3210,35666666310,1000000000,recovery,late-one-eye,850000000,590277,4722216,590278,4722224,9444440,0,1000000000,steady,0
baseline,3211,35677777421,1000000000,recovery,late-one-eye,850000000,590277,4722216,590278,4722224,9444440,0,1000000000,steady,0
baseline,3212,35688888532,1000000000,recovery,late-one-eye,850000000,590277,4722216,590278,4722224,9444440,0,1000000000,steady,0
baseline,3213,35699999643,1000000000,recovery,late-one-eye,850000000,590277,4722216,590278,4722224,9444440,0,1000000000,steady,0
baseline,3214,35711110754,1000000000,recovery,late-one-eye,850000000,590277,4722216,590278,4722224,9444440,0,1000000000,steady,0
baseline,3215,35722221865,1000000000,recovery,late-one-eye,850000000,590277,4722216,590278,4722224,9444440,0,1000000000,steady,0
baseline,3216,35733332976,1000000000,recovery,late-one-eye,850000000,590277,4722216,590278,4722224,9444440,0,1000000000,steady,0
baseline,3217,35744444087,1000000000,recovery,late-one-eye,850000000,590277,4722216,590278,4722224,9444440,0,1000000000,steady,0
baseline,3218,35755555198,1000000000,recovery,late-one-eye,850000000,590277,4722216,590278,4722224,9444440,0,1000000000,steady,0
baseline,3219,35766666309,1000000000,recovery,late-one-eye,850000000,590277,4722216,590278,4722224,9444440,0,1000000000,steady,0
baseline,3220,35777777420,1000000000,recovery,late-one-eye,850000000,590277,4722216,590278,4722224,9444440,0,1000000000,steady,0
baseline,3221,35788888531,1000000000,recovery,late-one-eye,850000000,590277,4722216,590278,4722224,9444440,0,1000000000,steady,0
baseline,3222,35799999642,1000000000,recovery,late-one-eye,850000000,590277,4722216,590278,4722224,9444440,0,1000000000,steady,0
baseline,3223,35811110753,1000000000,recovery,late-one-eye,850000000,590277,4722216,590278,4722224,9444440,0,1000000000,steady,0
baseline,3224,35822221864,1000000000,recovery,late-one-eye,850000000,590277,4722216,590278,4722224,9444440,0,1000000000,steady,0
baseline,3225,35833332975,1000000000,recovery,late-one-eye,850000000,590277,4722216,590278,4722224,9444440,0,1000000000,steady,0
baseline,3226,35844444086,1000000000,recovery,late-one-eye,850000000,590277,4722216,590278,4722224,9444440,0,1000000000,steady,0
baseline,3227,35855555197,1000000000,recovery,late-one-eye,850000000,590277,4722216,590278,4722224,9444440,0,1000000000,steady,0
baseline,3228,35866666308,1000000000,recovery,late-one-eye,850000000,590277,4722216,590278,4722224,9444440,0,1000000000,steady,0
baseline,3229,35877777419,1000000000,recovery,late-one-eye,850000000,590277,4722216,590278,4722224,9444440,0,1000000000,steady,0
baseline,3230,35888888530,1000000000,recovery,late-one-eye,850000000,590277,4722216,590278,4722224,9444440,0,1000000000,steady,0
baseline,3231,35899999641,1000000000,recovery,late-one-eye,850000000,590277,4722216,590278,4722224,9444440,0,1000000000,steady,0
baseline,3232,35911110752,1000000000,recovery,late-one-eye,850000000,590277,4722216,590278,4722224,9444440,0,1000000000,steady,0
baseline,3233,35922221863,1000000000,recovery,late-one-eye,850000000,590277,4722216,590278,4722224,9444440,0,1000000000,steady,0
baseline,3234,35933332974,1000000000,recovery,late-one-eye,850000000,590277,4722216,590278,4722224,9444440,0,1000000000,steady,0
baseline,3235,35944444085,1000000000,recovery,late-one-eye,850000000,590277,4722216,590278,4722224,9444440,0,1000000000,steady,0
baseline,3236,35955555196,1000000000,recovery,late-one-eye,850000000,590277,4722216,590278,4722224,9444440,0,1000000000,steady,0
baseline,3237,35966666307,1000000000,recovery,late-one-eye,850000000,590277,4722216,590278,4722224,9444440,0,1000000000,steady,0
baseline,3238,35977777418,1000000000,recovery,late-one-eye,850000000,590277,4722216,590278,4722224,9444440,0,1000000000,steady,0
baseline,3239,35988888529,1000000000,recovery,late-one-eye,850000000,590277,4722216,590278,4722224,9444440,0,1000000000,steady,0
baseline,3240,35999999640,1000000000,recovery,late-one-eye,850000000,590277,4722216,590278,4722224,9444440,0,1000000000,steady,0
baseline,3241,36011110751,1000000000,recovery,late-one-eye,850000000,590277,4722216,590278,4722224,9444440,0,1000000000,steady,0
baseline,3242,36022221862,1000000000,recovery,late-one-eye,850000000,590277,4722216,590278,4722224,9444440,0,1000000000,steady,0
baseline,3243,36033332973,1000000000,recovery,late-one-eye,850000000,590277,4722216,590278,4722224,9444440,0,1000000000,steady,0
baseline,3244,36044444084,1000000000,recovery,late-one-eye,850000000,590277,4722216,590278,4722224,9444440,0,1000000000,steady,0
baseline,3245,36055555195,1000000000,recovery,late-one-eye,850000000,590277,4722216,590278,4722224,9444440,0,1000000000,steady,0
baseline,3246,36066666306,1000000000,recovery,late-one-eye,850000000,590277,4722216,590278,4722224,9444440,0,1000000000,steady,0
baseline,3247,36077777417,1000000000,recovery,late-one-eye,850000000,590277,4722216,590278,4722224,9444440,0,1000000000,steady,0
baseline,3248,36088888528,1000000000,recovery,late-one-eye,850000000,590277,4722216,590278,4722224,9444440,0,1000000000,steady,0
baseline,3249,36099999639,1000000000,recovery,late-one-eye,850000000,590277,4722216,590278,4722224,9444440,0,1000000000,steady,0
baseline,3250,36111110750,1000000000,recovery,late-one-eye,850000000,590277,4722216,590278,4722224,9444440,0,1000000000,steady,0
baseline,3251,36122221861,1000000000,recovery,late-one-eye,850000000,590277,4722216,590278,4722224,9444440,0,1000000000,steady,0
baseline,3252,36133332972,1000000000,recovery,late-one-eye,850000000,590277,4722216,590278,4722224,9444440,0,1000000000,steady,0
baseline,3253,36144444083,1000000000,recovery,late-one-eye,850000000,590277,4722216,590278,4722224,9444440,0,1000000000,steady,0
baseline,3254,36155555194,1000000000,recovery,late-one-eye,850000000,590277,4722216,590278,4722224,9444440,0,1000000000,steady,0
baseline,3255,36166666305,1000000000,recovery,late-one-eye,850000000,590277,4722216,590278,4722224,9444440,0,1000000000,steady,0
baseline,3256,36177777416,1000000000,recovery,late-one-eye,850000000,590277,4722216,590278,4722224,9444440,0,1000000000,steady,0
baseline,3257,36188888527,1000000000,recovery,late-one-eye,850000000,590277,4722216,590278,4722224,9444440,0,1000000000,steady,0
baseline,3258,36199999638,1000000000,recovery,late-one-eye,850000000,590277,4722216,590278,4722224,9444440,0,1000000000,steady,0
baseline,3259,36211110749,1000000000,recovery,late-one-eye,850000000,590277,4722216,590278,4722224,9444440,0,1000000000,steady,0
baseline,3260,36222221860,1000000000,recovery,late-one-eye,850000000,590277,4722216,590278,4722224,9444440,0,1000000000,steady,0
baseline,3261,36233332971,1000000000,recovery,late-one-eye,850000000,590277,4722216,590278,4722224,9444440,0,1000000000,steady,0
baseline,3262,36244444082,1000000000,recovery,late-one-eye,850000000,590277,4722216,590278,4722224,9444440,0,1000000000,steady,0
baseline,3263,36255555193,1000000000,recovery,late-one-eye,850000000,590277,4722216,590278,4722224,9444440,0,1000000000,steady,0
baseline,3264,36266666304,1000000000,recovery,late-one-eye,850000000,590277,4722216,590278,4722224,9444440,0,1000000000,steady,0
baseline,3265,36277777415,1000000000,recovery,late-one-eye,850000000,590277,4722216,590278,4722224,9444440,0,1000000000,steady,0
baseline,3266,36288888526,1000000000,recovery,late-one-eye,850000000,590277,4722216,590278,4722224,9444440,0,1000000000,steady,0
baseline,3267,36299999637,1000000000,recovery,late-one-eye,850000000,590277,4722216,590278,4722224,9444440,0,1000000000,steady,0
baseline,3268,36311110748,1000000000,recovery,late-one-eye,850000000,590277,4722216,590278,4722224,9444440,0,1000000000,steady,0
baseline,3269,36322221859,1000000000,recovery,late-one-eye,850000000,590277,4722216,590278,4722224,9444440,0,1000000000,steady,0
baseline,3270,36333332970,1000000000,recovery,late-one-eye,850000000,590277,4722216,590278,4722224,9444440,0,1000000000,steady,0
baseline,3271,36344444081,1000000000,recovery,late-one-eye,850000000,590277,4722216,590278,4722224,9444440,0,1000000000,steady,0
baseline,3272,36355555192,1000000000,recovery,late-one-eye,850000000,590277,4722216,590278,4722224,9444440,0,1000000000,steady,0
baseline,3273,36366666303,1000000000,recovery,late-one-eye,850000000,590277,4722216,590278,4722224,9444440,0,1000000000,steady,0
baseline,3274,36377777414,1000000000,recovery,late-one-eye,850000000,590277,4722216,590278,4722224,9444440,0,1000000000,steady,0
baseline,3275,36388888525,1000000000,recovery,late-one-eye,850000000,590277,4722216,590278,4722224,9444440,0,1000000000,steady,0
baseline,3276,36399999636,1000000000,recovery,late-one-eye,850000000,590277,4722216,590278,4722224,9444440,0,1000000000,steady,0
baseline,3277,36411110747,1000000000,recovery,late-one-eye,850000000,590277,4722216,590278,4722224,9444440,0,1000000000,steady,0
baseline,3278,36422221858,1000000000,recovery,late-one-eye,850000000,590277,4722216,590278,4722224,9444440,0,1000000000,steady,0
baseline,3279,36433332969,1000000000,recovery,late-one-eye,850000000,590277,4722216,590278,4722224,9444440,0,1000000000,steady,0
baseline,3280,36444444080,1000000000,recovery,late-one-eye,850000000,590277,4722216,590278,4722224,9444440,0,1000000000,steady,0
baseline,3281,36455555191,1000000000,recovery,late-one-eye,850000000,590277,4722216,590278,4722224,9444440,0,1000000000,steady,0
baseline,3282,36466666302,1000000000,recovery,late-one-eye,850000000,590277,4722216,590278,4722224,9444440,0,1000000000,steady,0
baseline,3283,36477777413,1000000000,recovery,late-one-eye,850000000,590277,4722216,590278,4722224,9444440,0,1000000000,steady,0
baseline,3284,36488888524,1000000000,recovery,late-one-eye,850000000,590277,4722216,590278,4722224,9444440,0,1000000000,steady,0
baseline,3285,36499999635,1000000000,recovery,late-one-eye,850000000,590277,4722216,590278,4722224,9444440,0,1000000000,steady,0
baseline,3286,36511110746,1000000000,recovery,late-one-eye,850000000,590277,4722216,590278,4722224,9444440,0,1000000000,steady,0
baseline,3287,36522221857,1000000000,recovery,late-one-eye,850000000,590277,4722216,590278,4722224,9444440,0,1000000000,steady,0
baseline,3288,36533332968,1000000000,recovery,late-one-eye,850000000,590277,4722216,590278,4722224,9444440,0,1000000000,steady,0
baseline,3289,36544444079,1000000000,recovery,late-one-eye,850000000,590277,4722216,590278,4722224,9444440,0,1000000000,steady,0
baseline,3290,36555555190,1000000000,recovery,late-one-eye,850000000,590277,4722216,590278,4722224,9444440,0,1000000000,steady,0
baseline,3291,36566666301,1000000000,recovery,late-one-eye,850000000,590277,4722216,590278,4722224,9444440,0,1000000000,steady,0
baseline,3292,36577777412,1000000000,recovery,late-one-eye,850000000,590277,4722216,590278,4722224,9444440,0,1000000000,steady,0
baseline,3293,36588888523,1000000000,recovery,late-one-eye,850000000,590277,4722216,590278,4722224,9444440,0,1000000000,steady,0
baseline,3294,36599999634,1000000000,recovery,late-one-eye,850000000,590277,4722216,590278,4722224,9444440,0,1000000000,steady,0
baseline,3295,36611110745,1000000000,recovery,late-one-eye,850000000,590277,4722216,590278,4722224,9444440,0,1000000000,steady,0
baseline,3296,36622221856,1000000000,recovery,late-one-eye,850000000,590277,4722216,590278,4722224,9444440,0,1000000000,steady,0
baseline,3297,36633332967,1000000000,recovery,late-one-eye,850000000,590277,4722216,590278,4722224,9444440,0,1000000000,steady,0
baseline,3298,36644444078,1000000000,recovery,late-one-eye,850000000,590277,4722216,590278,4722224,9444440,0,1000000000,steady,0
baseline,3299,36655555189,1000000000,recovery,late-one-eye,850000000,590277,4722216,590278,4722224,9444440,0,1000000000,steady,0
baseline,3300,36666666300,1000000000,recovery,late-one-eye,850000000,590277,4722216,590278,4722224,9444440,0,1000000000,probe,1
baseline,3301,36677777411,1000000000,recovery,late-one-eye,1000000000,694444,5555552,694444,5555552,11111104,0,1000000000,probe,0
baseline,3302,36688888522,1000000000,recovery,late-one-eye,1000000000,694444,5555552,694444,5555552,11111104,0,1000000000,probe,0
baseline,3303,36699999633,1000000000,recovery,late-one-eye,1000000000,694444,5555552,694444,5555552,11111104,0,1000000000,probe,0
baseline,3304,36711110744,1000000000,recovery,late-one-eye,1000000000,694444,5555552,694444,5555552,11111104,0,1000000000,probe,0
baseline,3305,36722221855,1000000000,recovery,late-one-eye,1000000000,694444,5555552,694444,5555552,11111104,0,1000000000,probe,0
baseline,3306,36733332966,1000000000,recovery,late-one-eye,1000000000,694444,5555552,694444,5555552,11111104,0,1000000000,probe,0
baseline,3307,36744444077,1000000000,recovery,late-one-eye,1000000000,694444,5555552,694444,5555552,11111104,0,1000000000,probe,0
baseline,3308,36755555188,1000000000,recovery,late-one-eye,1000000000,694444,5555552,694444,5555552,11111104,0,1000000000,probe,0
baseline,3309,36766666299,1000000000,recovery,late-one-eye,1000000000,694444,5555552,694444,5555552,11111104,0,1000000000,probe,0
baseline,3310,36777777410,1000000000,recovery,late-one-eye,1000000000,694444,5555552,694444,5555552,11111104,0,1000000000,probe,0
baseline,3311,36788888521,1000000000,recovery,late-one-eye,1000000000,694444,5555552,694444,5555552,11111104,0,1000000000,probe,0
baseline,3312,36799999632,1000000000,recovery,late-one-eye,1000000000,694444,5555552,694444,5555552,11111104,0,1000000000,probe,0
baseline,3313,36811110743,1000000000,recovery,late-one-eye,1000000000,694444,5555552,694444,5555552,11111104,0,1000000000,probe,0
baseline,3314,36822221854,1000000000,recovery,late-one-eye,1000000000,694444,5555552,694444,5555552,11111104,0,1000000000,probe,0
baseline,3315,36833332965,1000000000,recovery,late-one-eye,1000000000,694444,5555552,694444,5555552,11111104,0,1000000000,probe,0
baseline,3316,36844444076,1000000000,recovery,late-one-eye,1000000000,694444,5555552,694444,5555552,11111104,0,1000000000,probe,0
baseline,3317,36855555187,1000000000,recovery,late-one-eye,1000000000,694444,5555552,694444,5555552,11111104,0,1000000000,probe,0
baseline,3318,36866666298,1000000000,recovery,late-one-eye,1000000000,694444,5555552,694444,5555552,11111104,0,1000000000,probe,0
baseline,3319,36877777409,1000000000,recovery,late-one-eye,1000000000,694444,5555552,694444,5555552,11111104,0,1000000000,probe,0
baseline,3320,36888888520,1000000000,recovery,late-one-eye,1000000000,694444,5555552,694444,5555552,11111104,0,1000000000,probe,0
baseline,3321,36899999631,1000000000,recovery,late-one-eye,1000000000,694444,5555552,694444,5555552,11111104,0,1000000000,probe,0
baseline,3322,36911110742,1000000000,recovery,late-one-eye,1000000000,694444,5555552,694444,5555552,11111104,0,1000000000,probe,0
baseline,3323,36922221853,1000000000,recovery,late-one-eye,1000000000,694444,5555552,694444,5555552,11111104,0,1000000000,probe,0
baseline,3324,36933332964,1000000000,recovery,late-one-eye,1000000000,694444,5555552,694444,5555552,11111104,0,1000000000,probe,0
baseline,3325,36944444075,1000000000,recovery,late-one-eye,1000000000,694444,5555552,694444,5555552,11111104,0,1000000000,probe,0
baseline,3326,36955555186,1000000000,recovery,late-one-eye,1000000000,694444,5555552,694444,5555552,11111104,0,1000000000,probe,0
baseline,3327,36966666297,1000000000,recovery,late-one-eye,1000000000,694444,5555552,694444,5555552,11111104,0,1000000000,probe,0
baseline,3328,36977777408,1000000000,recovery,late-one-eye,1000000000,694444,5555552,694444,5555552,11111104,0,1000000000,probe,0
baseline,3329,36988888519,1000000000,recovery,late-one-eye,1000000000,694444,5555552,694444,5555552,11111104,0,1000000000,probe,0
baseline,3330,36999999630,1000000000,recovery,late-one-eye,1000000000,694444,5555552,694444,5555552,11111104,0,1000000000,probe,0
baseline,3331,37011110741,1000000000,recovery,late-one-eye,1000000000,694444,5555552,694444,5555552,11111104,0,1000000000,probe,0
baseline,3332,37022221852,1000000000,recovery,late-one-eye,1000000000,694444,5555552,694444,5555552,11111104,0,1000000000,probe,0
baseline,3333,37033332963,1000000000,recovery,late-one-eye,1000000000,694444,5555552,694444,5555552,11111104,0,1000000000,probe,0
baseline,3334,37044444074,1000000000,recovery,late-one-eye,1000000000,694444,5555552,694444,5555552,11111104,0,1000000000,probe,0
baseline,3335,37055555185,1000000000,recovery,late-one-eye,1000000000,694444,5555552,694444,5555552,11111104,0,1000000000,probe,0
baseline,3336,37066666296,1000000000,recovery,late-one-eye,1000000000,694444,5555552,694444,5555552,11111104,0,1000000000,probe,0
baseline,3337,37077777407,1000000000,recovery,late-one-eye,1000000000,694444,5555552,694444,5555552,11111104,0,1000000000,probe,0
baseline,3338,37088888518,1000000000,recovery,late-one-eye,1000000000,694444,5555552,694444,5555552,11111104,0,1000000000,probe,0
baseline,3339,37099999629,1000000000,recovery,late-one-eye,1000000000,694444,5555552,694444,5555552,11111104,0,1000000000,probe,0
baseline,3340,37111110740,1000000000,recovery,late-one-eye,1000000000,694444,5555552,694444,5555552,11111104,0,1000000000,probe,0
baseline,3341,37122221851,1000000000,recovery,late-one-eye,1000000000,694444,5555552,694444,5555552,11111104,0,1000000000,probe,0
baseline,3342,37133332962,1000000000,recovery,late-one-eye,1000000000,694444,5555552,694444,5555552,11111104,0,1000000000,probe,0
baseline,3343,37144444073,1000000000,recovery,late-one-eye,1000000000,694444,5555552,694444,5555552,11111104,0,1000000000,probe,0
baseline,3344,37155555184,1000000000,recovery,late-one-eye,1000000000,694444,5555552,694444,5555552,11111104,0,1000000000,probe,0
baseline,3345,37166666295,1000000000,recovery,late-one-eye,1000000000,694444,5555552,694444,5555552,11111104,0,1000000000,probe,0
baseline,3346,37177777406,1000000000,recovery,late-one-eye,1000000000,694444,5555552,694444,5555552,11111104,0,1000000000,steady,0
baseline,3347,37188888517,1000000000,recovery,late-one-eye,850000000,590277,4722216,590278,4722224,9444440,0,1000000000,steady,0
baseline,3348,37199999628,1000000000,recovery,late-one-eye,850000000,590277,4722216,590278,4722224,9444440,0,1000000000,steady,0
baseline,3349,37211110739,1000000000,recovery,late-one-eye,850000000,590277,4722216,590278,4722224,9444440,0,1000000000,steady,0
baseline,3350,37222221850,1000000000,recovery,late-one-eye,850000000,590277,4722216,590278,4722224,9444440,0,1000000000,steady,0
baseline,3351,37233332961,1000000000,recovery,late-one-eye,850000000,590277,4722216,590278,4722224,9444440,0,1000000000,steady,0
baseline,3352,37244444072,1000000000,recovery,late-one-eye,850000000,590277,4722216,590278,4722224,9444440,0,1000000000,steady,0
baseline,3353,37255555183,1000000000,recovery,late-one-eye,850000000,590277,4722216,590278,4722224,9444440,0,1000000000,steady,0
baseline,3354,37266666294,1000000000,recovery,late-one-eye,850000000,590277,4722216,590278,4722224,9444440,0,1000000000,steady,0
baseline,3355,37277777405,1000000000,recovery,late-one-eye,850000000,590277,4722216,590278,4722224,9444440,0,1000000000,steady,0
baseline,3356,37288888516,1000000000,recovery,late-one-eye,850000000,590277,4722216,590278,4722224,9444440,0,1000000000,steady,0
baseline,3357,37299999627,1000000000,recovery,late-one-eye,850000000,590277,4722216,590278,4722224,9444440,0,1000000000,steady,0
baseline,3358,37311110738,1000000000,recovery,late-one-eye,850000000,590277,4722216,590278,4722224,9444440,0,1000000000,steady,0
baseline,3359,37322221849,1000000000,recovery,late-one-eye,850000000,590277,4722216,590278,4722224,9444440,0,1000000000,steady,0
baseline,3360,37333332960,1000000000,recovery,late-one-eye,850000000,590277,4722216,590278,4722224,9444440,0,1000000000,steady,0
baseline,3361,37344444071,1000000000,recovery,late-one-eye,850000000,590277,4722216,590278,4722224,9444440,0,1000000000,steady,0
baseline,3362,37355555182,1000000000,recovery,late-one-eye,850000000,590277,4722216,590278,4722224,9444440,0,1000000000,steady,0
baseline,3363,37366666293,1000000000,recovery,late-one-eye,850000000,590277,4722216,590278,4722224,9444440,0,1000000000,steady,0
baseline,3364,37377777404,1000000000,recovery,late-one-eye,850000000,590277,4722216,590278,4722224,9444440,0,1000000000,steady,0
baseline,3365,37388888515,1000000000,recovery,late-one-eye,850000000,590277,4722216,590278,4722224,9444440,0,1000000000,steady,0
baseline,3366,37399999626,1000000000,recovery,late-one-eye,850000000,590277,4722216,590278,4722224,9444440,0,1000000000,steady,0
baseline,3367,37411110737,1000000000,recovery,late-one-eye,850000000,590277,4722216,590278,4722224,9444440,0,1000000000,steady,0
baseline,3368,37422221848,1000000000,recovery,late-one-eye,850000000,590277,4722216,590278,4722224,9444440,0,1000000000,steady,0
baseline,3369,37433332959,1000000000,recovery,late-one-eye,850000000,590277,4722216,590278,4722224,9444440,0,1000000000,steady,0
baseline,3370,37444444070,1000000000,recovery,late-one-eye,850000000,590277,4722216,590278,4722224,9444440,0,1000000000,steady,0
baseline,3371,37455555181,1000000000,recovery,late-one-eye,850000000,590277,4722216,590278,4722224,9444440,0,1000000000,steady,0
baseline,3372,37466666292,1000000000,recovery,late-one-eye,850000000,590277,4722216,590278,4722224,9444440,0,1000000000,steady,0
baseline,3373,37477777403,1000000000,recovery,late-one-eye,850000000,590277,4722216,590278,4722224,9444440,0,1000000000,steady,0
baseline,3374,37488888514,1000000000,recovery,late-one-eye,850000000,590277,4722216,590278,4722224,9444440,0,1000000000,steady,0
baseline,3375,37499999625,1000000000,recovery,late-one-eye,850000000,590277,4722216,590278,4722224,9444440,0,1000000000,steady,0
baseline,3376,37511110736,1000000000,recovery,late-one-eye,850000000,590277,4722216,590278,4722224,9444440,0,1000000000,steady,0
baseline,3377,37522221847,1000000000,recovery,late-one-eye,850000000,590277,4722216,590278,4722224,9444440,0,1000000000,steady,0
baseline,3378,37533332958,1000000000,recovery,late-one-eye,850000000,590277,4722216,590278,4722224,9444440,0,1000000000,steady,0
baseline,3379,37544444069,1000000000,recovery,late-one-eye,850000000,590277,4722216,590278,4722224,9444440,0,1000000000,steady,0
baseline,3380,37555555180,1000000000,recovery,late-one-eye,850000000,590277,4722216,590278,4722224,9444440,0,1000000000,steady,0
baseline,3381,37566666291,1000000000,recovery,late-one-eye,850000000,590277,4722216,590278,4722224,9444440,0,1000000000,steady,0
baseline,3382,37577777402,1000000000,recovery,late-one-eye,850000000,590277,4722216,590278,4722224,9444440,0,1000000000,steady,0
baseline,3383,37588888513,1000000000,recovery,late-one-eye,850000000,590277,4722216,590278,4722224,9444440,0,1000000000,steady,0
baseline,3384,37599999624,1000000000,recovery,late-one-eye,850000000,590277,4722216,590278,4722224,9444440,0,1000000000,steady,0
baseline,3385,37611110735,1000000000,recovery,late-one-eye,850000000,590277,4722216,590278,4722224,9444440,0,1000000000,steady,0
baseline,3386,37622221846,1000000000,recovery,late-one-eye,850000000,590277,4722216,590278,4722224,9444440,0,1000000000,steady,0
baseline,3387,37633332957,1000000000,recovery,late-one-eye,850000000,590277,4722216,590278,4722224,9444440,0,1000000000,steady,0
baseline,3388,37644444068,1000000000,recovery,late-one-eye,850000000,590277,4722216,590278,4722224,9444440,0,1000000000,steady,0
baseline,3389,37655555179,1000000000,recovery,late-one-eye,850000000,590277,4722216,590278,4722224,9444440,0,1000000000,steady,0
baseline,3390,37666666290,1000000000,recovery,late-one-eye,850000000,590277,4722216,590278,4722224,9444440,0,1000000000,steady,0
baseline,3391,37677777401,1000000000,recovery,late-one-eye,850000000,590277,4722216,590278,4722224,9444440,0,1000000000,steady,0
baseline,3392,37688888512,1000000000,recovery,late-one-eye,850000000,590277,4722216,590278,4722224,9444440,0,1000000000,steady,0
baseline,3393,37699999623,1000000000,recovery,late-one-eye,850000000,590277,4722216,590278,4722224,9444440,0,1000000000,steady,0
baseline,3394,37711110734,1000000000,recovery,late-one-eye,850000000,590277,4722216,590278,4722224,9444440,0,1000000000,steady,0
baseline,3395,37722221845,1000000000,recovery,late-one-eye,850000000,590277,4722216,590278,4722224,9444440,0,1000000000,steady,0
baseline,3396,37733332956,1000000000,recovery,late-one-eye,850000000,590277,4722216,590278,4722224,9444440,0,1000000000,steady,0
baseline,3397,37744444067,1000000000,recovery,late-one-eye,850000000,590277,4722216,590278,4722224,9444440,0,1000000000,steady,0
baseline,3398,37755555178,1000000000,recovery,late-one-eye,850000000,590277,4722216,590278,4722224,9444440,0,1000000000,steady,0
baseline,3399,37766666289,1000000000,recovery,late-one-eye,850000000,590277,4722216,590278,4722224,9444440,0,1000000000,steady,0
baseline,3400,37777777400,1000000000,recovery,late-one-eye,850000000,590277,4722216,590278,4722224,9444440,0,1000000000,steady,0
baseline,3401,37788888511,1000000000,recovery,late-one-eye,850000000,590277,4722216,590278,4722224,9444440,0,1000000000,steady,0
baseline,3402,37799999622,1000000000,recovery,late-one-eye,850000000,590277,4722216,590278,4722224,9444440,0,1000000000,steady,0
baseline,3403,37811110733,1000000000,recovery,late-one-eye,850000000,590277,4722216,590278,4722224,9444440,0,1000000000,steady,0
baseline,3404,37822221844,1000000000,recovery,late-one-eye,850000000,590277,4722216,590278,4722224,9444440,0,1000000000,steady,0
baseline,3405,37833332955,1000000000,recovery,late-one-eye,850000000,590277,4722216,590278,4722224,9444440,0,1000000000,steady,0
baseline,3406,37844444066,1000000000,recovery,late-one-eye,850000000,590277,4722216,590278,4722224,9444440,0,1000000000,steady,0
baseline,3407,37855555177,1000000000,recovery,late-one-eye,850000000,590277,4722216,590278,4722224,9444440,0,1000000000,steady,0
baseline,3408,37866666288,1000000000,recovery,late-one-eye,850000000,590277,4722216,590278,4722224,9444440,0,1000000000,steady,0
baseline,3409,37877777399,1000000000,recovery,late-one-eye,850000000,590277,4722216,590278,4722224,9444440,0,1000000000,steady,0
baseline,3410,37888888510,1000000000,recovery,late-one-eye,850000000,590277,4722216,590278,4722224,9444440,0,1000000000,steady,0
baseline,3411,37899999621,1000000000,recovery,late-one-eye,850000000,590277,4722216,590278,4722224,9444440,0,1000000000,steady,0
baseline,3412,37911110732,1000000000,recovery,late-one-eye,850000000,590277,4722216,590278,4722224,9444440,0,1000000000,steady,0
baseline,3413,37922221843,1000000000,recovery,late-one-eye,850000000,590277,4722216,590278,4722224,9444440,0,1000000000,steady,0
baseline,3414,37933332954,1000000000,recovery,late-one-eye,850000000,590277,4722216,590278,4722224,9444440,0,1000000000,steady,0
baseline,3415,37944444065,1000000000,recovery,late-one-eye,850000000,590277,4722216,590278,4722224,9444440,0,1000000000,steady,0
baseline,3416,37955555176,1000000000,recovery,late-one-eye,850000000,590277,4722216,590278,4722224,9444440,0,1000000000,steady,0
baseline,3417,37966666287,1000000000,recovery,late-one-eye,850000000,590277,4722216,590278,4722224,9444440,0,1000000000,steady,0
baseline,3418,37977777398,1000000000,recovery,late-one-eye,850000000,590277,4722216,590278,4722224,9444440,0,1000000000,steady,0
baseline,3419,37988888509,1000000000,recovery,late-one-eye,850000000,590277,4722216,590278,4722224,9444440,0,1000000000,steady,0
baseline,3420,37999999620,1000000000,recovery,late-one-eye,850000000,590277,4722216,590278,4722224,9444440,0,1000000000,steady,0
baseline,3421,38011110731,1000000000,recovery,late-one-eye,850000000,590277,4722216,590278,4722224,9444440,0,1000000000,steady,0
baseline,3422,38022221842,1000000000,recovery,late-one-eye,850000000,590277,4722216,590278,4722224,9444440,0,1000000000,steady,0
baseline,3423,38033332953,1000000000,recovery,late-one-eye,850000000,590277,4722216,590278,4722224,9444440,0,1000000000,steady,0
baseline,3424,38044444064,1000000000,recovery,late-one-eye,850000000,590277,4722216,590278,4722224,9444440,0,1000000000,steady,0
baseline,3425,38055555175,1000000000,recovery,late-one-eye,850000000,590277,4722216,590278,4722224,9444440,0,1000000000,steady,0
baseline,3426,38066666286,1000000000,recovery,late-one-eye,850000000,590277,4722216,590278,4722224,9444440,0,1000000000,steady,0
baseline,3427,38077777397,1000000000,recovery,late-one-eye,850000000,590277,4722216,590278,4722224,9444440,0,1000000000,steady,0
baseline,3428,38088888508,1000000000,recovery,late-one-eye,850000000,590277,4722216,590278,4722224,9444440,0,1000000000,steady,0
baseline,3429,38099999619,1000000000,recovery,late-one-eye,850000000,590277,4722216,590278,4722224,9444440,0,1000000000,steady,0
baseline,3430,38111110730,1000000000,recovery,late-one-eye,850000000,590277,4722216,590278,4722224,9444440,0,1000000000,steady,0
baseline,3431,38122221841,1000000000,recovery,late-one-eye,850000000,590277,4722216,590278,4722224,9444440,0,1000000000,steady,0
baseline,3432,38133332952,1000000000,recovery,late-one-eye,850000000,590277,4722216,590278,4722224,9444440,0,1000000000,steady,0
baseline,3433,38144444063,1000000000,recovery,late-one-eye,850000000,590277,4722216,590278,4722224,9444440,0,1000000000,steady,0
baseline,3434,38155555174,1000000000,recovery,late-one-eye,850000000,590277,4722216,590278,4722224,9444440,0,1000000000,steady,0
baseline,3435,38166666285,1000000000,recovery,late-one-eye,850000000,590277,4722216,590278,4722224,9444440,0,1000000000,steady,0
baseline,3436,38177777396,1000000000,recovery,late-one-eye,850000000,590277,4722216,590278,4722224,9444440,0,1000000000,steady,0
baseline,3437,38188888507,1000000000,recovery,late-one-eye,850000000,590277,4722216,590278,4722224,9444440,0,1000000000,steady,0
baseline,3438,38199999618,1000000000,recovery,late-one-eye,850000000,590277,4722216,590278,4722224,9444440,0,1000000000,steady,0
baseline,3439,38211110729,1000000000,recovery,late-one-eye,850000000,590277,4722216,590278,4722224,9444440,0,1000000000,steady,0
baseline,3440,38222221840,1000000000,recovery,late-one-eye,850000000,590277,4722216,590278,4722224,9444440,0,1000000000,steady,0
baseline,3441,38233332951,1000000000,recovery,late-one-eye,850000000,590277,4722216,590278,4722224,9444440,0,1000000000,steady,0
baseline,3442,38244444062,1000000000,recovery,late-one-eye,850000000,590277,4722216,590278,4722224,9444440,0,1000000000,steady,0
baseline,3443,38255555173,1000000000,recovery,late-one-eye,850000000,590277,4722216,590278,4722224,9444440,0,1000000000,steady,0
baseline,3444,38266666284,1000000000,recovery,late-one-eye,850000000,590277,4722216,590278,4722224,9444440,0,1000000000,steady,0
baseline,3445,38277777395,1000000000,recovery,late-one-eye,850000000,590277,4722216,590278,4722224,9444440,0,1000000000,steady,0
baseline,3446,38288888506,1000000000,recovery,late-one-eye,850000000,590277,4722216,590278,4722224,9444440,0,1000000000,steady,0
baseline,3447,38299999617,1000000000,recovery,late-one-eye,850000000,590277,4722216,590278,4722224,9444440,0,1000000000,steady,0
baseline,3448,38311110728,1000000000,recovery,late-one-eye,850000000,590277,4722216,590278,4722224,9444440,0,1000000000,steady,0
baseline,3449,38322221839,1000000000,recovery,late-one-eye,850000000,590277,4722216,590278,4722224,9444440,0,1000000000,steady,0
baseline,3450,38333332950,1000000000,recovery,late-one-eye,850000000,590277,4722216,590278,4722224,9444440,0,1000000000,steady,0
baseline,3451,38344444061,1000000000,recovery,late-one-eye,850000000,590277,4722216,590278,4722224,9444440,0,1000000000,steady,0
baseline,3452,38355555172,1000000000,recovery,late-one-eye,850000000,590277,4722216,590278,4722224,9444440,0,1000000000,steady,0
baseline,3453,38366666283,1000000000,recovery,late-one-eye,850000000,590277,4722216,590278,4722224,9444440,0,1000000000,steady,0
baseline,3454,38377777394,1000000000,recovery,late-one-eye,850000000,590277,4722216,590278,4722224,9444440,0,1000000000,steady,0
baseline,3455,38388888505,1000000000,recovery,late-one-eye,850000000,590277,4722216,590278,4722224,9444440,0,1000000000,steady,0
baseline,3456,38399999616,1000000000,recovery,late-one-eye,850000000,590277,4722216,590278,4722224,9444440,0,1000000000,steady,0
baseline,3457,38411110727,1000000000,recovery,late-one-eye,850000000,590277,4722216,590278,4722224,9444440,0,1000000000,steady,0
baseline,3458,38422221838,1000000000,recovery,late-one-eye,850000000,590277,4722216,590278,4722224,9444440,0,1000000000,steady,0
baseline,3459,38433332949,1000000000,recovery,late-one-eye,850000000,590277,4722216,590278,4722224,9444440,0,1000000000,steady,0
baseline,3460,38444444060,1000000000,recovery,late-one-eye,850000000,590277,4722216,590278,4722224,9444440,0,1000000000,steady,0
baseline,3461,38455555171,1000000000,recovery,late-one-eye,850000000,590277,4722216,590278,4722224,9444440,0,1000000000,steady,0
baseline,3462,38466666282,1000000000,recovery,late-one-eye,850000000,590277,4722216,590278,4722224,9444440,0,1000000000,steady,0
baseline,3463,38477777393,1000000000,recovery,late-one-eye,850000000,590277,4722216,590278,4722224,9444440,0,1000000000,steady,0
baseline,3464,38488888504,1000000000,recovery,late-one-eye,850000000,590277,4722216,590278,4722224,9444440,0,1000000000,steady,0
baseline,3465,38499999615,1000000000,recovery,late-one-eye,850000000,590277,4722216,590278,4722224,9444440,0,1000000000,steady,0
baseline,3466,38511110726,1000000000,recovery,late-one-eye,850000000,590277,4722216,590278,4722224,9444440,0,1000000000,steady,0
baseline,3467,38522221837,1000000000,recovery,late-one-eye,850000000,590277,4722216,590278,4722224,9444440,0,1000000000,steady,0
baseline,3468,38533332948,1000000000,recovery,late-one-eye,850000000,590277,4722216,590278,4722224,9444440,0,1000000000,steady,0
baseline,3469,38544444059,1000000000,recovery,late-one-eye,850000000,590277,4722216,590278,4722224,9444440,0,1000000000,steady,0
baseline,3470,38555555170,1000000000,recovery,late-one-eye,850000000,590277,4722216,590278,4722224,9444440,0,1000000000,steady,0
baseline,3471,38566666281,1000000000,recovery,late-one-eye,850000000,590277,4722216,590278,4722224,9444440,0,1000000000,steady,0
baseline,3472,38577777392,1000000000,recovery,late-one-eye,850000000,590277,4722216,590278,4722224,9444440,0,1000000000,steady,0
baseline,3473,38588888503,1000000000,recovery,late-one-eye,850000000,590277,4722216,590278,4722224,9444440,0,1000000000,steady,0
baseline,3474,38599999614,1000000000,recovery,late-one-eye,850000000,590277,4722216,590278,4722224,9444440,0,1000000000,steady,0
baseline,3475,38611110725,1000000000,recovery,late-one-eye,850000000,590277,4722216,590278,4722224,9444440,0,1000000000,steady,0
baseline,3476,38622221836,1000000000,recovery,late-one-eye,850000000,590277,4722216,590278,4722224,9444440,0,1000000000,steady,0
baseline,3477,38633332947,1000000000,recovery,late-one-eye,850000000,590277,4722216,590278,4722224,9444440,0,1000000000,steady,0
baseline,3478,38644444058,1000000000,recovery,late-one-eye,850000000,590277,4722216,590278,4722224,9444440,0,1000000000,steady,0
baseline,3479,38655555169,1000000000,recovery,late-one-eye,850000000,590277,4722216,590278,4722224,9444440,0,1000000000,steady,0
baseline,3480,38666666280,1000000000,recovery,late-one-eye,850000000,590277,4722216,590278,4722224,9444440,0,1000000000,steady,0
baseline,3481,38677777391,1000000000,recovery,late-one-eye,850000000,590277,4722216,590278,4722224,9444440,0,1000000000,steady,0
baseline,3482,38688888502,1000000000,recovery,late-one-eye,850000000,590277,4722216,590278,4722224,9444440,0,1000000000,steady,0
baseline,3483,38699999613,1000000000,recovery,late-one-eye,850000000,590277,4722216,590278,4722224,9444440,0,1000000000,steady,0
baseline,3484,38711110724,1000000000,recovery,late-one-eye,850000000,590277,4722216,590278,4722224,9444440,0,1000000000,steady,0
baseline,3485,38722221835,1000000000,recovery,late-one-eye,850000000,590277,4722216,590278,4722224,9444440,0,1000000000,steady,0
baseline,3486,38733332946,1000000000,recovery,late-one-eye,850000000,590277,4722216,590278,4722224,9444440,0,1000000000,steady,0
baseline,3487,38744444057,1000000000,recovery,late-one-eye,850000000,590277,4722216,590278,4722224,9444440,0,1000000000,steady,0
baseline,3488,38755555168,1000000000,recovery,late-one-eye,850000000,590277,4722216,590278,4722224,9444440,0,1000000000,steady,0
baseline,3489,38766666279,1000000000,recovery,late-one-eye,850000000,590277,4722216,590278,4722224,9444440,0,1000000000,steady,0
baseline,3490,38777777390,1000000000,recovery,late-one-eye,850000000,590277,4722216,590278,4722224,9444440,0,1000000000,steady,0
baseline,3491,38788888501,1000000000,recovery,late-one-eye,850000000,590277,4722216,590278,4722224,9444440,0,1000000000,steady,0
baseline,3492,38799999612,1000000000,recovery,late-one-eye,850000000,590277,4722216,590278,4722224,9444440,0,1000000000,steady,0
baseline,3493,38811110723,1000000000,recovery,late-one-eye,850000000,590277,4722216,590278,4722224,9444440,0,1000000000,steady,0
baseline,3494,38822221834,1000000000,recovery,late-one-eye,850000000,590277,4722216,590278,4722224,9444440,0,1000000000,steady,0
baseline,3495,38833332945,1000000000,recovery,late-one-eye,850000000,590277,4722216,590278,4722224,9444440,0,1000000000,steady,0
baseline,3496,38844444056,1000000000,recovery,late-one-eye,850000000,590277,4722216,590278,4722224,9444440,0,1000000000,steady,0
baseline,3497,38855555167,1000000000,recovery,late-one-eye,850000000,590277,4722216,590278,4722224,9444440,0,1000000000,steady,0
baseline,3498,38866666278,1000000000,recovery,late-one-eye,850000000,590277,4722216,590278,4722224,9444440,0,1000000000,steady,0
baseline,3499,38877777389,1000000000,recovery,late-one-eye,850000000,590277,4722216,590278,4722224,9444440,0,1000000000,steady,0
baseline,3500,38888888500,1000000000,recovery,late-one-eye,850000000,590277,4722216,590278,4722224,9444440,0,1000000000,steady,0
baseline,3501,38899999611,1000000000,recovery,late-one-eye,850000000,590277,4722216,590278,4722224,9444440,0,1000000000,steady,0
baseline,3502,38911110722,1000000000,recovery,late-one-eye,850000000,590277,4722216,590278,4722224,9444440,0,1000000000,steady,0
baseline,3503,38922221833,1000000000,recovery,late-one-eye,850000000,590277,4722216,590278,4722224,9444440,0,1000000000,steady,0
baseline,3504,38933332944,1000000000,recovery,late-one-eye,850000000,590277,4722216,590278,4722224,9444440,0,1000000000,steady,0
baseline,3505,38944444055,1000000000,recovery,late-one-eye,850000000,590277,4722216,590278,4722224,9444440,0,1000000000,steady,0
baseline,3506,38955555166,1000000000,recovery,late-one-eye,850000000,590277,4722216,590278,4722224,9444440,0,1000000000,steady,0
baseline,3507,38966666277,1000000000,recovery,late-one-eye,850000000,590277,4722216,590278,4722224,9444440,0,1000000000,steady,0
baseline,3508,38977777388,1000000000,recovery,late-one-eye,850000000,590277,4722216,590278,4722224,9444440,0,1000000000,steady,0
baseline,3509,38988888499,1000000000,recovery,late-one-eye,850000000,590277,4722216,590278,4722224,9444440,0,1000000000,steady,0
baseline,3510,38999999610,1000000000,recovery,late-one-eye,850000000,590277,4722216,590278,4722224,9444440,0,1000000000,steady,0
baseline,3511,39011110721,1000000000,recovery,late-one-eye,850000000,590277,4722216,590278,4722224,9444440,0,1000000000,steady,0
baseline,3512,39022221832,1000000000,recovery,late-one-eye,850000000,590277,4722216,590278,4722224,9444440,0,1000000000,steady,0
baseline,3513,39033332943,1000000000,recovery,late-one-eye,850000000,590277,4722216,590278,4722224,9444440,0,1000000000,steady,0
baseline,3514,39044444054,1000000000,recovery,late-one-eye,850000000,590277,4722216,590278,4722224,9444440,0,1000000000,steady,0
baseline,3515,39055555165,1000000000,recovery,late-one-eye,850000000,590277,4722216,590278,4722224,9444440,0,1000000000,steady,0
baseline,3516,39066666276,1000000000,recovery,late-one-eye,850000000,590277,4722216,590278,4722224,9444440,0,1000000000,steady,0
baseline,3517,39077777387,1000000000,recovery,late-one-eye,850000000,590277,4722216,590278,4722224,9444440,0,1000000000,steady,0
baseline,3518,39088888498,1000000000,recovery,late-one-eye,850000000,590277,4722216,590278,4722224,9444440,0,1000000000,steady,0
baseline,3519,39099999609,1000000000,recovery,late-one-eye,850000000,590277,4722216,590278,4722224,9444440,0,1000000000,steady,0
baseline,3520,39111110720,1000000000,recovery,late-one-eye,850000000,590277,4722216,590278,4722224,9444440,0,1000000000,steady,0
baseline,3521,39122221831,1000000000,recovery,late-one-eye,850000000,590277,4722216,590278,4722224,9444440,0,1000000000,steady,0
baseline,3522,39133332942,1000000000,recovery,late-one-eye,850000000,590277,4722216,590278,4722224,9444440,0,1000000000,steady,0
baseline,3523,39144444053,1000000000,recovery,late-one-eye,850000000,590277,4722216,590278,4722224,9444440,0,1000000000,steady,0
baseline,3524,39155555164,1000000000,recovery,late-one-eye,850000000,590277,4722216,590278,4722224,9444440,0,1000000000,steady,0
baseline,3525,39166666275,1000000000,recovery,late-one-eye,850000000,590277,4722216,590278,4722224,9444440,0,1000000000,steady,0
baseline,3526,39177777386,1000000000,recovery,late-one-eye,850000000,590277,4722216,590278,4722224,9444440,0,1000000000,steady,0
baseline,3527,39188888497,1000000000,recovery,late-one-eye,850000000,590277,4722216,590278,4722224,9444440,0,1000000000,steady,0
baseline,3528,39199999608,1000000000,recovery,late-one-eye,850000000,590277,4722216,590278,4722224,9444440,0,1000000000,steady,0
baseline,3529,39211110719,1000000000,recovery,late-one-eye,850000000,590277,4722216,590278,4722224,9444440,0,1000000000,steady,0
baseline,3530,39222221830,1000000000,recovery,late-one-eye,850000000,590277,4722216,590278,4722224,9444440,0,1000000000,steady,0
baseline,3531,39233332941,1000000000,recovery,late-one-eye,850000000,590277,4722216,590278,4722224,9444440,0,1000000000,steady,0
baseline,3532,39244444052,1000000000,recovery,late-one-eye,850000000,590277,4722216,590278,4722224,9444440,0,1000000000,steady,0
baseline,3533,39255555163,1000000000,recovery,late-one-eye,850000000,590277,4722216,590278,4722224,9444440,0,1000000000,steady,0
baseline,3534,39266666274,1000000000,recovery,late-one-eye,850000000,590277,4722216,590278,4722224,9444440,0,1000000000,steady,0
baseline,3535,39277777385,1000000000,recovery,late-one-eye,850000000,590277,4722216,590278,4722224,9444440,0,1000000000,steady,0
baseline,3536,39288888496,1000000000,recovery,late-one-eye,850000000,590277,4722216,590278,4722224,9444440,0,1000000000,steady,0
baseline,3537,39299999607,1000000000,recovery,late-one-eye,850000000,590277,4722216,590278,4722224,9444440,0,1000000000,steady,0
baseline,3538,39311110718,1000000000,recovery,late-one-eye,850000000,590277,4722216,590278,4722224,9444440,0,1000000000,steady,0
baseline,3539,39322221829,1000000000,recovery,late-one-eye,850000000,590277,4722216,590278,4722224,9444440,0,1000000000,steady,0
baseline,3540,39333332940,1000000000,recovery,late-one-eye,850000000,590277,4722216,590278,4722224,9444440,0,1000000000,steady,0
baseline,3541,39344444051,1000000000,recovery,late-one-eye,850000000,590277,4722216,590278,4722224,9444440,0,1000000000,steady,0
baseline,3542,39355555162,1000000000,recovery,late-one-eye,850000000,590277,4722216,590278,4722224,9444440,0,1000000000,steady,0
baseline,3543,39366666273,1000000000,recovery,late-one-eye,850000000,590277,4722216,590278,4722224,9444440,0,1000000000,steady,0
baseline,3544,39377777384,1000000000,recovery,late-one-eye,850000000,590277,4722216,590278,4722224,9444440,0,1000000000,steady,0
baseline,3545,39388888495,1000000000,recovery,late-one-eye,850000000,590277,4722216,590278,4722224,9444440,0,1000000000,steady,0
baseline,3546,39399999606,1000000000,recovery,late-one-eye,850000000,590277,4722216,590278,4722224,9444440,0,1000000000,steady,0
baseline,3547,39411110717,1000000000,recovery,late-one-eye,850000000,590277,4722216,590278,4722224,9444440,0,1000000000,steady,0
baseline,3548,39422221828,1000000000,recovery,late-one-eye,850000000,590277,4722216,590278,4722224,9444440,0,1000000000,steady,0
baseline,3549,39433332939,1000000000,recovery,late-one-eye,850000000,590277,4722216,590278,4722224,9444440,0,1000000000,steady,0
baseline,3550,39444444050,1000000000,recovery,late-one-eye,850000000,590277,4722216,590278,4722224,9444440,0,1000000000,steady,0
baseline,3551,39455555161,1000000000,recovery,late-one-eye,850000000,590277,4722216,590278,4722224,9444440,0,1000000000,steady,0
baseline,3552,39466666272,1000000000,recovery,late-one-eye,850000000,590277,4722216,590278,4722224,9444440,0,1000000000,steady,0
baseline,3553,39477777383,1000000000,recovery,late-one-eye,850000000,590277,4722216,590278,4722224,9444440,0,1000000000,steady,0
baseline,3554,39488888494,1000000000,recovery,late-one-eye,850000000,590277,4722216,590278,4722224,9444440,0,1000000000,steady,0
baseline,3555,39499999605,1000000000,recovery,late-one-eye,850000000,590277,4722216,590278,4722224,9444440,0,1000000000,steady,0
baseline,3556,39511110716,1000000000,recovery,late-one-eye,850000000,590277,4722216,590278,4722224,9444440,0,1000000000,steady,0
baseline,3557,39522221827,1000000000,recovery,late-one-eye,850000000,590277,4722216,590278,4722224,9444440,0,1000000000,steady,0
baseline,3558,39533332938,1000000000,recovery,late-one-eye,850000000,590277,4722216,590278,4722224,9444440,0,1000000000,steady,0
baseline,3559,39544444049,1000000000,recovery,late-one-eye,850000000,590277,4722216,590278,4722224,9444440,0,1000000000,steady,0
baseline,3560,39555555160,1000000000,recovery,late-one-eye,850000000,590277,4722216,590278,4722224,9444440,0,1000000000,steady,0
baseline,3561,39566666271,1000000000,recovery,late-one-eye,850000000,590277,4722216,590278,4722224,9444440,0,1000000000,steady,0
baseline,3562,39577777382,1000000000,recovery,late-one-eye,850000000,590277,4722216,590278,4722224,9444440,0,1000000000,steady,0
baseline,3563,39588888493,1000000000,recovery,late-one-eye,850000000,590277,4722216,590278,4722224,9444440,0,1000000000,steady,0
baseline,3564,39599999604,1000000000,recovery,late-one-eye,850000000,590277,4722216,590278,4722224,9444440,0,1000000000,steady,0
baseline,3565,39611110715,1000000000,recovery,late-one-eye,850000000,590277,4722216,590278,4722224,9444440,0,1000000000,steady,0
baseline,3566,39622221826,1000000000,recovery,late-one-eye,850000000,590277,4722216,590278,4722224,9444440,0,1000000000,steady,0
baseline,3567,39633332937,1000000000,recovery,late-one-eye,850000000,590277,4722216,590278,4722224,9444440,0,1000000000,steady,0
baseline,3568,39644444048,1000000000,recovery,late-one-eye,850000000,590277,4722216,590278,4722224,9444440,0,1000000000,steady,0
baseline,3569,39655555159,1000000000,recovery,late-one-eye,850000000,590277,4722216,590278,4722224,9444440,0,1000000000,steady,0
baseline,3570,39666666270,1000000000,recovery,late-one-eye,850000000,590277,4722216,590278,4722224,9444440,0,1000000000,steady,0
baseline,3571,39677777381,1000000000,recovery,late-one-eye,850000000,590277,4722216,590278,4722224,9444440,0,1000000000,steady,0
baseline,3572,39688888492,1000000000,recovery,late-one-eye,850000000,590277,4722216,590278,4722224,9444440,0,1000000000,steady,0
baseline,3573,39699999603,1000000000,recovery,late-one-eye,850000000,590277,4722216,590278,4722224,9444440,0,1000000000,steady,0
baseline,3574,39711110714,1000000000,recovery,late-one-eye,850000000,590277,4722216,590278,4722224,9444440,0,1000000000,steady,0
baseline,3575,39722221825,1000000000,recovery,late-one-eye,850000000,590277,4722216,590278,4722224,9444440,0,1000000000,steady,0
baseline,3576,39733332936,1000000000,recovery,late-one-eye,850000000,590277,4722216,590278,4722224,9444440,0,1000000000,steady,0
baseline,3577,39744444047,1000000000,recovery,late-one-eye,850000000,590277,4722216,590278,4722224,9444440,0,1000000000,steady,0
baseline,3578,39755555158,1000000000,recovery,late-one-eye,850000000,590277,4722216,590278,4722224,9444440,0,1000000000,steady,0
baseline,3579,39766666269,1000000000,recovery,late-one-eye,850000000,590277,4722216,590278,4722224,9444440,0,1000000000,steady,0
baseline,3580,39777777380,1000000000,recovery,late-one-eye,850000000,590277,4722216,590278,4722224,9444440,0,1000000000,steady,0
baseline,3581,39788888491,1000000000,recovery,late-one-eye,850000000,590277,4722216,590278,4722224,9444440,0,1000000000,steady,0
baseline,3582,39799999602,1000000000,recovery,late-one-eye,850000000,590277,4722216,590278,4722224,9444440,0,1000000000,steady,0
baseline,3583,39811110713,1000000000,recovery,late-one-eye,850000000,590277,4722216,590278,4722224,9444440,0,1000000000,steady,0
baseline,3584,39822221824,1000000000,recovery,late-one-eye,850000000,590277,4722216,590278,4722224,9444440,0,1000000000,steady,0
baseline,3585,39833332935,1000000000,recovery,late-one-eye,850000000,590277,4722216,590278,4722224,9444440,0,1000000000,steady,0
baseline,3586,39844444046,1000000000,recovery,late-one-eye,850000000,590277,4722216,590278,4722224,9444440,0,1000000000,steady,0
baseline,3587,39855555157,1000000000,recovery,late-one-eye,850000000,590277,4722216,590278,4722224,9444440,0,1000000000,steady,0
baseline,3588,39866666268,1000000000,recovery,late-one-eye,850000000,590277,4722216,590278,4722224,9444440,0,1000000000,steady,0
baseline,3589,39877777379,1000000000,recovery,late-one-eye,850000000,590277,4722216,590278,4722224,9444440,0,1000000000,steady,0
baseline,3590,39888888490,1000000000,recovery,late-one-eye,850000000,590277,4722216,590278,4722224,9444440,0,1000000000,steady,0
baseline,3591,39899999601,1000000000,recovery,late-one-eye,850000000,590277,4722216,590278,4722224,9444440,0,1000000000,steady,0
baseline,3592,39911110712,1000000000,recovery,late-one-eye,850000000,590277,4722216,590278,4722224,9444440,0,1000000000,steady,0
baseline,3593,39922221823,1000000000,recovery,late-one-eye,850000000,590277,4722216,590278,4722224,9444440,0,1000000000,steady,0
baseline,3594,39933332934,1000000000,recovery,late-one-eye,850000000,590277,4722216,590278,4722224,9444440,0,1000000000,steady,0
baseline,3595,39944444045,1000000000,recovery,late-one-eye,850000000,590277,4722216,590278,4722224,9444440,0,1000000000,steady,0
baseline,3596,39955555156,1000000000,recovery,late-one-eye,850000000,590277,4722216,590278,4722224,9444440,0,1000000000,steady,0
baseline,3597,39966666267,1000000000,recovery,late-one-eye,850000000,590277,4722216,590278,4722224,9444440,0,1000000000,steady,0
baseline,3598,39977777378,1000000000,recovery,late-one-eye,850000000,590277,4722216,590278,4722224,9444440,0,1000000000,steady,0
baseline,3599,39988888489,1000000000,recovery,late-one-eye,850000000,590277,4722216,590278,4722224,9444440,0,1000000000,steady,0
