label,frame,desired_ns,capacity_bps,phase,feedback_kind,bitrate_bps,eye0_bytes,eye0_span_ns,eye1_bytes,eye1_span_ns,serial_ns,lag_ns,estimate_bps,state,probe_entry
candidate,0,0,500000000,warmup,early,1000000000,694444,11111104,694444,11111104,22222208,0,0,startup,0
candidate,1,11111111,500000000,warmup,early,1000000000,694444,11111104,694444,11111104,22222208,11111097,0,startup,0
candidate,2,22222222,500000000,warmup,early,1000000000,694444,11111104,694444,11111104,22222208,22222194,0,startup,0
candidate,3,33333333,500000000,warmup,early,1000000000,694444,11111104,694444,11111104,22222208,33333291,0,startup,0
candidate,4,44444444,500000000,warmup,early,1000000000,694444,11111104,694444,11111104,22222208,44444388,0,startup,0
candidate,5,55555555,500000000,warmup,early,1000000000,694444,11111104,694444,11111104,22222208,55555485,0,startup,0
candidate,6,66666666,500000000,warmup,early,1000000000,694444,11111104,694444,11111104,22222208,66666582,0,startup,0
candidate,7,77777777,500000000,warmup,early,1000000000,694444,11111104,694444,11111104,22222208,77777679,0,startup,0
candidate,8,88888888,500000000,warmup,early,1000000000,694444,11111104,694444,11111104,22222208,88888776,0,startup,0
candidate,9,99999999,500000000,warmup,early,1000000000,694444,11111104,694444,11111104,22222208,99999873,0,startup,0
candidate,10,111111110,500000000,warmup,early,1000000000,694444,11111104,694444,11111104,22222208,111110970,0,startup,0
candidate,11,122222221,500000000,warmup,early,1000000000,694444,11111104,694444,11111104,22222208,122222067,0,startup,0
candidate,12,133333332,500000000,warmup,early,1000000000,694444,11111104,694444,11111104,22222208,133333164,0,startup,0
candidate,13,144444443,500000000,warmup,early,1000000000,694444,11111104,694444,11111104,22222208,144444261,0,startup,0
candidate,14,155555554,500000000,warmup,early,1000000000,694444,11111104,694444,11111104,22222208,155555358,0,startup,0
candidate,15,166666665,500000000,warmup,early,1000000000,694444,11111104,694444,11111104,22222208,166666455,0,startup,0
candidate,16,177777776,500000000,warmup,early,1000000000,694444,11111104,694444,11111104,22222208,177777552,0,startup,0
candidate,17,188888887,500000000,warmup,early,1000000000,694444,11111104,694444,11111104,22222208,188888649,0,startup,0
candidate,18,199999998,500000000,warmup,early,1000000000,694444,11111104,694444,11111104,22222208,199999746,0,startup,0
candidate,19,211111109,500000000,warmup,early,1000000000,694444,11111104,694444,11111104,22222208,211110843,0,startup,0
candidate,20,222222220,500000000,warmup,early,1000000000,694444,11111104,694444,11111104,22222208,222221940,0,startup,0
candidate,21,233333331,500000000,warmup,early,1000000000,694444,11111104,694444,11111104,22222208,233333037,0,startup,0
candidate,22,244444442,500000000,warmup,early,1000000000,694444,11111104,694444,11111104,22222208,244444134,0,startup,0
candidate,23,255555553,500000000,warmup,early,1000000000,694444,11111104,694444,11111104,22222208,255555231,0,startup,0
candidate,24,266666664,500000000,warmup,early,1000000000,694444,11111104,694444,11111104,22222208,266666328,0,startup,0
candidate,25,277777775,500000000,warmup,early,1000000000,694444,11111104,694444,11111104,22222208,277777425,0,startup,0
candidate,26,288888886,500000000,warmup,early,1000000000,694444,11111104,694444,11111104,22222208,288888522,0,startup,0
candidate,27,299999997,500000000,warmup,early,1000000000,694444,11111104,694444,11111104,22222208,299999619,500000000,startup,0
candidate,28,311111108,500000000,warmup,early,1000000000,694444,11111104,694444,11111104,22222208,311110716,500000000,startup,0
candidate,29,322222219,500000000,warmup,early,1000000000,694444,11111104,694444,11111104,22222208,322221813,500000000,startup,0
candidate,30,333333330,500000000,warmup,early,1000000000,694444,11111104,694444,11111104,22222208,333332910,500000000,startup,0
candidate,31,344444441,500000000,warmup,early,1000000000,694444,11111104,694444,11111104,22222208,344444007,500000000,startup,0
candidate,32,355555552,500000000,warmup,early,1000000000,694444,11111104,694444,11111104,22222208,355555104,500000000,startup,0
candidate,33,366666663,500000000,warmup,early,1000000000,694444,11111104,694444,11111104,22222208,366666201,500000000,startup,0
candidate,34,377777774,500000000,warmup,early,1000000000,694444,11111104,694444,11111104,22222208,377777298,500000000,startup,0
candidate,35,388888885,500000000,warmup,early,1000000000,694444,11111104,694444,11111104,22222208,388888395,500000000,startup,0
candidate,36,399999996,500000000,warmup,early,1000000000,694444,11111104,694444,11111104,22222208,399999492,500000000,startup,0
candidate,37,411111107,500000000,warmup,early,625000000,434027,6944432,434028,6944448,13888880,411110589,500000000,startup,0
candidate,38,422222218,500000000,warmup,early,625000000,434027,6944432,434028,6944448,13888880,413888358,500000000,startup,0
candidate,39,433333329,500000000,warmup,early,625000000,434027,6944432,434028,6944448,13888880,416666127,500000000,startup,0
candidate,40,444444440,500000000,warmup,early,625000000,434027,6944432,434028,6944448,13888880,419443896,500000000,startup,0
candidate,41,455555551,500000000,warmup,early,625000000,434027,6944432,434028,6944448,13888880,422221665,500000000,startup,0
candidate,42,466666662,500000000,warmup,early,625000000,434027,6944432,434028,6944448,13888880,424999434,500000000,startup,0
candidate,43,477777773,500000000,warmup,early,625000000,434027,6944432,434028,6944448,13888880,427777203,500000000,startup,0
candidate,44,488888884,500000000,warmup,early,625000000,434027,6944432,434028,6944448,13888880,430554972,500000000,startup,0
candidate,45,499999995,500000000,warmup,early,625000000,434027,6944432,434028,6944448,13888880,433332741,500000000,startup,0
candidate,46,511111106,500000000,warmup,early,625000000,434027,6944432,434028,6944448,13888880,436110510,500000000,startup,0
candidate,47,522222217,500000000,warmup,early,625000000,434027,6944432,434028,6944448,13888880,438888279,500000000,startup,0
candidate,48,533333328,500000000,warmup,early,625000000,434027,6944432,434028,6944448,13888880,441666048,500000000,startup,0
candidate,49,544444439,500000000,warmup,early,625000000,434027,6944432,434028,6944448,13888880,444443817,500000000,startup,0
candidate,50,555555550,500000000,warmup,early,625000000,434027,6944432,434028,6944448,13888880,447221586,500000000,startup,0
candidate,51,566666661,500000000,warmup,early,625000000,434027,6944432,434028,6944448,13888880,449999355,500000000,startup,0
candidate,52,577777772,500000000,warmup,early,625000000,434027,6944432,434028,6944448,13888880,452777124,500000000,startup,0
candidate,53,588888883,500000000,warmup,early,625000000,434027,6944432,434028,6944448,13888880,455554893,500000000,startup,0
candidate,54,599999994,500000000,warmup,early,625000000,434027,6944432,434028,6944448,13888880,458332662,500000000,startup,0
candidate,55,611111105,500000000,warmup,early,625000000,434027,6944432,434028,6944448,13888880,461110431,500000000,startup,0
candidate,56,622222216,500000000,warmup,early,625000000,434027,6944432,434028,6944448,13888880,463888200,500000000,startup,0
candidate,57,633333327,500000000,warmup,early,625000000,434027,6944432,434028,6944448,13888880,466665969,500000000,startup,0
candidate,58,644444438,500000000,warmup,early,625000000,434027,6944432,434028,6944448,13888880,469443738,500000000,startup,0
candidate,59,655555549,500000000,warmup,early,625000000,434027,6944432,434028,6944448,13888880,472221507,500000000,startup,0
candidate,60,666666660,500000000,warmup,early,625000000,434027,6944432,434028,6944448,13888880,474999276,500000000,startup,0
candidate,61,677777771,500000000,warmup,early,625000000,434027,6944432,434028,6944448,13888880,477777045,500000000,startup,0
candidate,62,688888882,500000000,warmup,early,625000000,434027,6944432,434028,6944448,13888880,480554814,500000000,startup,0
candidate,63,699999993,500000000,warmup,early,625000000,434027,6944432,434028,6944448,13888880,483332583,500000000,startup,0
candidate,64,711111104,500000000,warmup,early,625000000,434027,6944432,434028,6944448,13888880,486110352,500000000,startup,0
candidate,65,722222215,500000000,warmup,early,625000000,434027,6944432,434028,6944448,13888880,488888121,500000000,startup,0
candidate,66,733333326,500000000,warmup,early,625000000,434027,6944432,434028,6944448,13888880,491665890,500000000,startup,0
candidate,67,744444437,500000000,warmup,early,625000000,434027,6944432,434028,6944448,13888880,494443659,500000000,startup,0
candidate,68,755555548,500000000,warmup,early,625000000,434027,6944432,434028,6944448,13888880,497221428,500000000,startup,0
candidate,69,766666659,500000000,warmup,early,625000000,434027,6944432,434028,6944448,13888880,499999197,500000000,startup,0
candidate,70,777777770,500000000,warmup,early,625000000,434027,6944432,434028,6944448,13888880,502776966,500000000,startup,0
candidate,71,788888881,500000000,warmup,early,625000000,434027,6944432,434028,6944448,13888880,505554735,500000000,startup,0
candidate,72,799999992,500000000,warmup,early,625000000,434027,6944432,434028,6944448,13888880,508332504,500000000,startup,0
candidate,73,811111103,500000000,warmup,early,625000000,434027,6944432,434028,6944448,13888880,511110273,500000000,startup,0
candidate,74,822222214,500000000,warmup,early,625000000,434027,6944432,434028,6944448,13888880,513888042,500000000,startup,0
candidate,75,833333325,500000000,warmup,early,625000000,434027,6944432,434028,6944448,13888880,516665811,500000000,startup,0
candidate,76,844444436,500000000,warmup,early,625000000,434027,6944432,434028,6944448,13888880,519443580,500000000,startup,0
candidate,77,855555547,500000000,warmup,early,625000000,434027,6944432,434028,6944448,13888880,522221349,500000000,startup,0
candidate,78,866666658,500000000,warmup,early,625000000,434027,6944432,434028,6944448,13888880,524999118,500000000,startup,0
candidate,79,877777769,500000000,warmup,early,625000000,434027,6944432,434028,6944448,13888880,527776887,500000000,startup,0
candidate,80,888888880,500000000,warmup,early,625000000,434027,6944432,434028,6944448,13888880,530554656,500000000,startup,0
candidate,81,899999991,500000000,warmup,early,625000000,434027,6944432,434028,6944448,13888880,533332425,500000000,startup,0
candidate,82,911111102,500000000,warmup,early,625000000,434027,6944432,434028,6944448,13888880,536110194,500000000,startup,0
candidate,83,922222213,500000000,warmup,early,625000000,434027,6944432,434028,6944448,13888880,538887963,500000000,startup,0
candidate,84,933333324,500000000,warmup,early,625000000,434027,6944432,434028,6944448,13888880,541665732,500000000,startup,0
candidate,85,944444435,500000000,warmup,early,625000000,434027,6944432,434028,6944448,13888880,544443501,500000000,startup,0
candidate,86,955555546,500000000,warmup,early,625000000,434027,6944432,434028,6944448,13888880,547221270,500000000,startup,0
candidate,87,966666657,500000000,warmup,early,625000000,434027,6944432,434028,6944448,13888880,549999039,500000000,startup,0
candidate,88,977777768,500000000,warmup,early,625000000,434027,6944432,434028,6944448,13888880,552776808,500000000,startup,0
candidate,89,988888879,500000000,warmup,early,625000000,434027,6944432,434028,6944448,13888880,555554577,500000000,startup,0
candidate,90,999999990,500000000,warmup,early,625000000,434027,6944432,434028,6944448,13888880,558332346,500000000,startup,0
candidate,91,1011111101,500000000,warmup,early,625000000,434027,6944432,434028,6944448,13888880,561110115,500000000,startup,0
candidate,92,1022222212,500000000,warmup,early,625000000,434027,6944432,434028,6944448,13888880,563887884,500000000,startup,0
candidate,93,1033333323,500000000,warmup,early,625000000,434027,6944432,434028,6944448,13888880,566665653,500000000,startup,0
candidate,94,1044444434,500000000,warmup,early,625000000,434027,6944432,434028,6944448,13888880,569443422,500000000,startup,0
candidate,95,1055555545,500000000,warmup,early,625000000,434027,6944432,434028,6944448,13888880,572221191,500000000,startup,0
candidate,96,1066666656,500000000,warmup,early,625000000,434027,6944432,434028,6944448,13888880,574998960,500000000,startup,0
candidate,97,1077777767,500000000,warmup,early,625000000,434027,6944432,434028,6944448,13888880,577776729,500000000,startup,0
candidate,98,1088888878,500000000,warmup,early,625000000,434027,6944432,434028,6944448,13888880,580554498,500000000,startup,0
candidate,99,1099999989,500000000,warmup,early,625000000,434027,6944432,434028,6944448,13888880,583332267,500000000,startup,0
candidate,100,1111111100,500000000,warmup,early,625000000,434027,6944432,434028,6944448,13888880,586110036,500000000,startup,0
candidate,101,1122222211,500000000,warmup,early,625000000,434027,6944432,434028,6944448,13888880,588887805,500000000,startup,0
candidate,102,1133333322,500000000,warmup,early,625000000,434027,6944432,434028,6944448,13888880,591665574,500000000,startup,0
candidate,103,1144444433,500000000,warmup,early,625000000,434027,6944432,434028,6944448,13888880,594443343,500000000,startup,0
candidate,104,1155555544,500000000,warmup,early,625000000,434027,6944432,434028,6944448,13888880,597221112,500000000,startup,0
candidate,105,1166666655,500000000,warmup,early,625000000,434027,6944432,434028,6944448,13888880,599998881,500000000,startup,0
candidate,106,1177777766,500000000,warmup,early,625000000,434027,6944432,434028,6944448,13888880,602776650,500000000,startup,0
candidate,107,1188888877,500000000,warmup,early,625000000,434027,6944432,434028,6944448,13888880,605554419,500000000,startup,0
candidate,108,1199999988,500000000,warmup,early,625000000,434027,6944432,434028,6944448,13888880,608332188,500000000,startup,0
candidate,109,1211111099,500000000,warmup,early,625000000,434027,6944432,434028,6944448,13888880,611109957,500000000,startup,0
candidate,110,1222222210,500000000,warmup,early,625000000,434027,6944432,434028,6944448,13888880,613887726,500000000,startup,0
candidate,111,1233333321,500000000,warmup,early,625000000,434027,6944432,434028,6944448,13888880,616665495,500000000,startup,0
candidate,112,1244444432,500000000,warmup,early,625000000,434027,6944432,434028,6944448,13888880,619443264,500000000,startup,0
candidate,113,1255555543,500000000,warmup,early,625000000,434027,6944432,434028,6944448,13888880,622221033,500000000,startup,0
candidate,114,1266666654,500000000,warmup,early,625000000,434027,6944432,434028,6944448,13888880,624998802,500000000,startup,0
candidate,115,1277777765,500000000,warmup,early,625000000,434027,6944432,434028,6944448,13888880,627776571,500000000,startup,0
candidate,116,1288888876,500000000,warmup,early,625000000,434027,6944432,434028,6944448,13888880,630554340,500000000,startup,0
candidate,117,1299999987,500000000,warmup,early,625000000,434027,6944432,434028,6944448,13888880,633332109,500000000,startup,0
candidate,118,1311111098,500000000,warmup,early,625000000,434027,6944432,434028,6944448,13888880,636109878,500000000,startup,0
candidate,119,1322222209,500000000,warmup,early,625000000,434027,6944432,434028,6944448,13888880,638887647,500000000,startup,0
candidate,120,1333333320,500000000,warmup,early,625000000,434027,6944432,434028,6944448,13888880,641665416,500000000,startup,0
candidate,121,1344444431,500000000,warmup,early,625000000,434027,6944432,434028,6944448,13888880,644443185,500000000,startup,0
candidate,122,1355555542,500000000,warmup,early,625000000,434027,6944432,434028,6944448,13888880,647220954,500000000,startup,0
candidate,123,1366666653,500000000,warmup,early,625000000,434027,6944432,434028,6944448,13888880,649998723,500000000,startup,0
candidate,124,1377777764,500000000,warmup,early,625000000,434027,6944432,434028,6944448,13888880,652776492,500000000,startup,0
candidate,125,1388888875,500000000,warmup,early,625000000,434027,6944432,434028,6944448,13888880,655554261,500000000,startup,0
candidate,126,1399999986,500000000,warmup,early,625000000,434027,6944432,434028,6944448,13888880,658332030,500000000,startup,0
candidate,127,1411111097,500000000,warmup,early,625000000,434027,6944432,434028,6944448,13888880,661109799,500000000,startup,0
candidate,128,1422222208,500000000,warmup,early,625000000,434027,6944432,434028,6944448,13888880,663887568,500000000,startup,0
candidate,129,1433333319,500000000,warmup,early,625000000,434027,6944432,434028,6944448,13888880,666665337,500000000,startup,0
candidate,130,1444444430,500000000,warmup,early,625000000,434027,6944432,434028,6944448,13888880,669443106,500000000,startup,0
candidate,131,1455555541,500000000,warmup,early,625000000,434027,6944432,434028,6944448,13888880,672220875,500000000,startup,0
candidate,132,1466666652,500000000,warmup,early,625000000,434027,6944432,434028,6944448,13888880,674998644,500000000,startup,0
candidate,133,1477777763,500000000,warmup,early,625000000,434027,6944432,434028,6944448,13888880,677776413,500000000,startup,0
candidate,134,1488888874,500000000,warmup,early,625000000,434027,6944432,434028,6944448,13888880,680554182,500000000,startup,0
candidate,135,1499999985,500000000,warmup,early,625000000,434027,6944432,434028,6944448,13888880,683331951,500000000,startup,0
candidate,136,1511111096,500000000,warmup,early,625000000,434027,6944432,434028,6944448,13888880,686109720,500000000,startup,0
candidate,137,1522222207,500000000,warmup,early,625000000,434027,6944432,434028,6944448,13888880,688887489,500000000,startup,0
candidate,138,1533333318,500000000,warmup,early,625000000,434027,6944432,434028,6944448,13888880,691665258,500000000,startup,0
candidate,139,1544444429,500000000,warmup,early,625000000,434027,6944432,434028,6944448,13888880,694443027,500000000,startup,0
candidate,140,1555555540,500000000,warmup,early,625000000,434027,6944432,434028,6944448,13888880,697220796,500000000,startup,0
candidate,141,1566666651,500000000,warmup,early,625000000,434027,6944432,434028,6944448,13888880,699998565,500000000,startup,0
candidate,142,1577777762,500000000,warmup,early,625000000,434027,6944432,434028,6944448,13888880,702776334,500000000,startup,0
candidate,143,1588888873,500000000,warmup,early,625000000,434027,6944432,434028,6944448,13888880,705554103,500000000,startup,0
candidate,144,1599999984,500000000,warmup,early,625000000,434027,6944432,434028,6944448,13888880,708331872,500000000,startup,0
candidate,145,1611111095,500000000,warmup,early,625000000,434027,6944432,434028,6944448,13888880,711109641,500000000,startup,0
candidate,146,1622222206,500000000,warmup,early,625000000,434027,6944432,434028,6944448,13888880,713887410,500000000,startup,0
candidate,147,1633333317,500000000,warmup,early,625000000,434027,6944432,434028,6944448,13888880,716665179,500000000,startup,0
candidate,148,1644444428,500000000,warmup,early,625000000,434027,6944432,434028,6944448,13888880,719442948,500000000,startup,0
candidate,149,1655555539,500000000,warmup,early,625000000,434027,6944432,434028,6944448,13888880,722220717,500000000,startup,0
candidate,150,1666666650,500000000,warmup,early,625000000,434027,6944432,434028,6944448,13888880,724998486,500000000,steady,0
candidate,151,1677777761,500000000,warmup,early,625000000,434027,6944432,434028,6944448,13888880,727776255,500000000,steady,0
candidate,152,1688888872,500000000,warmup,early,625000000,434027,6944432,434028,6944448,13888880,730554024,500000000,steady,0
candidate,153,1699999983,500000000,warmup,early,625000000,434027,6944432,434028,6944448,13888880,733331793,500000000,steady,0
candidate,154,1711111094,500000000,warmup,early,625000000,434027,6944432,434028,6944448,13888880,736109562,500000000,steady,0
candidate,155,1722222205,500000000,warmup,early,625000000,434027,6944432,434028,6944448,13888880,738887331,500000000,steady,0
candidate,156,1733333316,500000000,warmup,early,625000000,434027,6944432,434028,6944448,13888880,741665100,500000000,steady,0
candidate,157,1744444427,500000000,warmup,early,625000000,434027,6944432,434028,6944448,13888880,744442869,500000000,steady,0
candidate,158,1755555538,500000000,warmup,early,625000000,434027,6944432,434028,6944448,13888880,747220638,500000000,steady,0
candidate,159,1766666649,500000000,warmup,early,625000000,434027,6944432,434028,6944448,13888880,749998407,500000000,steady,0
candidate,160,1777777760,500000000,warmup,early,625000000,434027,6944432,434028,6944448,13888880,752776176,500000000,steady,0
candidate,161,1788888871,500000000,warmup,early,625000000,434027,6944432,434028,6944448,13888880,755553945,500000000,steady,0
candidate,162,1799999982,500000000,warmup,early,625000000,434027,6944432,434028,6944448,13888880,758331714,500000000,steady,0
candidate,163,1811111093,500000000,warmup,early,625000000,434027,6944432,434028,6944448,13888880,761109483,500000000,steady,0
candidate,164,1822222204,500000000,warmup,early,625000000,434027,6944432,434028,6944448,13888880,763887252,500000000,steady,0
candidate,165,1833333315,500000000,warmup,early,625000000,434027,6944432,434028,6944448,13888880,766665021,500000000,steady,0
candidate,166,1844444426,500000000,warmup,early,625000000,434027,6944432,434028,6944448,13888880,769442790,500000000,steady,0
candidate,167,1855555537,500000000,warmup,early,625000000,434027,6944432,434028,6944448,13888880,772220559,500000000,steady,0
candidate,168,1866666648,500000000,warmup,early,625000000,434027,6944432,434028,6944448,13888880,774998328,500000000,steady,0
candidate,169,1877777759,500000000,warmup,early,625000000,434027,6944432,434028,6944448,13888880,777776097,500000000,steady,0
candidate,170,1888888870,500000000,warmup,early,625000000,434027,6944432,434028,6944448,13888880,780553866,500000000,steady,0
candidate,171,1899999981,500000000,warmup,early,625000000,434027,6944432,434028,6944448,13888880,783331635,500000000,steady,0
candidate,172,1911111092,500000000,warmup,early,625000000,434027,6944432,434028,6944448,13888880,786109404,500000000,steady,0
candidate,173,1922222203,500000000,warmup,early,625000000,434027,6944432,434028,6944448,13888880,788887173,500000000,steady,0
candidate,174,1933333314,500000000,warmup,early,625000000,434027,6944432,434028,6944448,13888880,791664942,500000000,steady,0
candidate,175,1944444425,500000000,warmup,early,625000000,434027,6944432,434028,6944448,13888880,794442711,500000000,steady,0
candidate,176,1955555536,500000000,warmup,early,625000000,434027,6944432,434028,6944448,13888880,797220480,500000000,steady,0
candidate,177,1966666647,500000000,warmup,early,625000000,434027,6944432,434028,6944448,13888880,799998249,500000000,steady,0
candidate,178,1977777758,500000000,warmup,early,625000000,434027,6944432,434028,6944448,13888880,802776018,500000000,steady,0
candidate,179,1988888869,500000000,warmup,early,625000000,434027,6944432,434028,6944448,13888880,805553787,500000000,steady,0
candidate,180,1999999980,500000000,warmup,early,625000000,434027,6944432,434028,6944448,13888880,808331556,500000000,steady,0
candidate,181,2011111091,500000000,warmup,early,625000000,434027,6944432,434028,6944448,13888880,811109325,500000000,steady,0
candidate,182,2022222202,500000000,warmup,early,625000000,434027,6944432,434028,6944448,13888880,813887094,500000000,steady,0
candidate,183,2033333313,500000000,warmup,early,625000000,434027,6944432,434028,6944448,13888880,816664863,500000000,steady,0
candidate,184,2044444424,500000000,warmup,early,625000000,434027,6944432,434028,6944448,13888880,819442632,500000000,steady,0
candidate,185,2055555535,500000000,warmup,early,625000000,434027,6944432,434028,6944448,13888880,822220401,500000000,steady,0
candidate,186,2066666646,500000000,warmup,early,625000000,434027,6944432,434028,6944448,13888880,824998170,500000000,steady,0
candidate,187,2077777757,500000000,warmup,early,625000000,434027,6944432,434028,6944448,13888880,827775939,500000000,steady,0
candidate,188,2088888868,500000000,warmup,early,625000000,434027,6944432,434028,6944448,13888880,830553708,500000000,steady,0
candidate,189,2099999979,500000000,warmup,early,625000000,434027,6944432,434028,6944448,13888880,833331477,500000000,steady,0
candidate,190,2111111090,500000000,warmup,early,625000000,434027,6944432,434028,6944448,13888880,836109246,500000000,steady,0
candidate,191,2122222201,500000000,warmup,early,625000000,434027,6944432,434028,6944448,13888880,838887015,500000000,steady,0
candidate,192,2133333312,500000000,warmup,early,625000000,434027,6944432,434028,6944448,13888880,841664784,500000000,steady,0
candidate,193,2144444423,500000000,warmup,early,625000000,434027,6944432,434028,6944448,13888880,844442553,500000000,steady,0
candidate,194,2155555534,500000000,warmup,early,625000000,434027,6944432,434028,6944448,13888880,847220322,500000000,steady,0
candidate,195,2166666645,500000000,warmup,early,625000000,434027,6944432,434028,6944448,13888880,849998091,500000000,steady,0
candidate,196,2177777756,500000000,warmup,early,625000000,434027,6944432,434028,6944448,13888880,852775860,500000000,steady,0
candidate,197,2188888867,500000000,warmup,early,625000000,434027,6944432,434028,6944448,13888880,855553629,500000000,steady,0
candidate,198,2199999978,500000000,warmup,early,625000000,434027,6944432,434028,6944448,13888880,858331398,500000000,steady,0
candidate,199,2211111089,500000000,warmup,early,625000000,434027,6944432,434028,6944448,13888880,861109167,500000000,steady,0
candidate,200,2222222200,500000000,warmup,early,625000000,434027,6944432,434028,6944448,13888880,863886936,500000000,steady,0
candidate,201,2233333311,500000000,warmup,early,625000000,434027,6944432,434028,6944448,13888880,866664705,500000000,steady,0
candidate,202,2244444422,500000000,warmup,early,625000000,434027,6944432,434028,6944448,13888880,869442474,500000000,steady,0
candidate,203,2255555533,500000000,warmup,early,625000000,434027,6944432,434028,6944448,13888880,872220243,500000000,steady,0
candidate,204,2266666644,500000000,warmup,early,625000000,434027,6944432,434028,6944448,13888880,874998012,500000000,steady,0
candidate,205,2277777755,500000000,warmup,early,625000000,434027,6944432,434028,6944448,13888880,877775781,500000000,steady,0
candidate,206,2288888866,500000000,warmup,early,625000000,434027,6944432,434028,6944448,13888880,880553550,500000000,steady,0
candidate,207,2299999977,500000000,warmup,early,625000000,434027,6944432,434028,6944448,13888880,883331319,500000000,steady,0
candidate,208,2311111088,500000000,warmup,early,425000000,295138,4722208,295139,4722224,9444432,886109088,500000000,steady,0
candidate,209,2322222199,500000000,warmup,early,425000000,295138,4722208,295139,4722224,9444432,884442409,500000000,steady,0
candidate,210,2333333310,500000000,warmup,early,425000000,295138,4722208,295139,4722224,9444432,882775730,500000000,steady,0
candidate,211,2344444421,500000000,warmup,early,425000000,295138,4722208,295139,4722224,9444432,881109051,500000000,steady,0
candidate,212,2355555532,500000000,warmup,early,425000000,295138,4722208,295139,4722224,9444432,879442372,500000000,steady,0
candidate,213,2366666643,500000000,warmup,early,425000000,295138,4722208,295139,4722224,9444432,877775693,500000000,steady,0
candidate,214,2377777754,500000000,warmup,early,425000000,295138,4722208,295139,4722224,9444432,876109014,500000000,steady,0
candidate,215,2388888865,500000000,warmup,early,425000000,295138,4722208,295139,4722224,9444432,874442335,500000000,steady,0
candidate,216,2399999976,500000000,warmup,early,425000000,295138,4722208,295139,4722224,9444432,872775656,500000000,steady,0
candidate,217,2411111087,500000000,warmup,early,425000000,295138,4722208,295139,4722224,9444432,871108977,500000000,steady,0
candidate,218,2422222198,500000000,warmup,early,425000000,295138,4722208,295139,4722224,9444432,869442298,500000000,steady,0
candidate,219,2433333309,500000000,warmup,early,425000000,295138,4722208,295139,4722224,9444432,867775619,500000000,steady,0
candidate,220,2444444420,500000000,warmup,early,425000000,295138,4722208,295139,4722224,9444432,866108940,500000000,steady,0
candidate,221,2455555531,500000000,warmup,early,425000000,295138,4722208,295139,4722224,9444432,864442261,500000000,steady,0
candidate,222,2466666642,500000000,warmup,early,425000000,295138,4722208,295139,4722224,9444432,862775582,500000000,steady,0
candidate,223,2477777753,500000000,warmup,early,425000000,295138,4722208,295139,4722224,9444432,861108903,500000000,steady,0
candidate,224,2488888864,500000000,warmup,early,425000000,295138,4722208,295139,4722224,9444432,859442224,500000000,steady,0
candidate,225,2499999975,500000000,warmup,early,425000000,295138,4722208,295139,4722224,9444432,857775545,500000000,steady,0
candidate,226,2511111086,500000000,warmup,early,425000000,295138,4722208,295139,4722224,9444432,856108866,500000000,steady,0
candidate,227,2522222197,500000000,warmup,early,425000000,295138,4722208,295139,4722224,9444432,854442187,500000000,steady,0
candidate,228,2533333308,500000000,warmup,early,425000000,295138,4722208,295139,4722224,9444432,852775508,500000000,steady,0
candidate,229,2544444419,500000000,warmup,early,425000000,295138,4722208,295139,4722224,9444432,851108829,500000000,steady,0
candidate,230,2555555530,500000000,warmup,early,425000000,295138,4722208,295139,4722224,9444432,849442150,500000000,steady,0
candidate,231,2566666641,500000000,warmup,early,425000000,295138,4722208,295139,4722224,9444432,847775471,500000000,steady,0
candidate,232,2577777752,500000000,warmup,early,425000000,295138,4722208,295139,4722224,9444432,846108792,500000000,steady,0
candidate,233,2588888863,500000000,warmup,early,425000000,295138,4722208,295139,4722224,9444432,844442113,500000000,steady,0
candidate,234,2599999974,500000000,warmup,early,425000000,295138,4722208,295139,4722224,9444432,842775434,500000000,steady,0
candidate,235,2611111085,500000000,warmup,early,425000000,295138,4722208,295139,4722224,9444432,841108755,500000000,steady,0
candidate,236,2622222196,500000000,warmup,early,425000000,295138,4722208,295139,4722224,9444432,839442076,500000000,steady,0
candidate,237,2633333307,500000000,warmup,early,425000000,295138,4722208,295139,4722224,9444432,837775397,500000000,steady,0
candidate,238,2644444418,500000000,warmup,early,425000000,295138,4722208,295139,4722224,9444432,836108718,500000000,steady,0
candidate,239,2655555529,500000000,warmup,early,425000000,295138,4722208,295139,4722224,9444432,834442039,500000000,steady,0
candidate,240,2666666640,500000000,warmup,early,425000000,295138,4722208,295139,4722224,9444432,832775360,500000000,steady,0
candidate,241,2677777751,500000000,warmup,early,425000000,295138,4722208,295139,4722224,9444432,831108681,500000000,steady,0
candidate,242,2688888862,500000000,warmup,early,425000000,295138,4722208,295139,4722224,9444432,829442002,500000000,steady,0
candidate,243,2699999973,500000000,warmup,early,425000000,295138,4722208,295139,4722224,9444432,827775323,500000000,steady,0
candidate,244,2711111084,500000000,warmup,early,425000000,295138,4722208,295139,4722224,9444432,826108644,500000000,steady,0
candidate,245,2722222195,500000000,warmup,early,425000000,295138,4722208,295139,4722224,9444432,824441965,500000000,steady,0
candidate,246,2733333306,500000000,warmup,early,425000000,295138,4722208,295139,4722224,9444432,822775286,500000000,steady,0
candidate,247,2744444417,500000000,warmup,early,425000000,295138,4722208,295139,4722224,9444432,821108607,500000000,steady,0
candidate,248,2755555528,500000000,warmup,early,425000000,295138,4722208,295139,4722224,9444432,819441928,500000000,steady,0
candidate,249,2766666639,500000000,warmup,early,425000000,295138,4722208,295139,4722224,9444432,817775249,500000000,steady,0
candidate,250,2777777750,500000000,warmup,early,425000000,295138,4722208,295139,4722224,9444432,816108570,500000000,steady,0
candidate,251,2788888861,500000000,warmup,early,425000000,295138,4722208,295139,4722224,9444432,814441891,500000000,steady,0
candidate,252,2799999972,500000000,warmup,early,425000000,295138,4722208,295139,4722224,9444432,812775212,500000000,steady,0
candidate,253,2811111083,500000000,warmup,early,425000000,295138,4722208,295139,4722224,9444432,811108533,500000000,steady,0
candidate,254,2822222194,500000000,warmup,early,425000000,295138,4722208,295139,4722224,9444432,809441854,500000000,steady,0
candidate,255,2833333305,500000000,warmup,early,425000000,295138,4722208,295139,4722224,9444432,807775175,500000000,steady,0
candidate,256,2844444416,500000000,warmup,early,425000000,295138,4722208,295139,4722224,9444432,806108496,500000000,steady,0
candidate,257,2855555527,500000000,warmup,early,425000000,295138,4722208,295139,4722224,9444432,804441817,500000000,steady,0
candidate,258,2866666638,500000000,warmup,early,425000000,295138,4722208,295139,4722224,9444432,802775138,500000000,steady,0
candidate,259,2877777749,500000000,warmup,early,425000000,295138,4722208,295139,4722224,9444432,801108459,500000000,steady,0
candidate,260,2888888860,500000000,warmup,early,425000000,295138,4722208,295139,4722224,9444432,799441780,500000000,steady,0
candidate,261,2899999971,500000000,warmup,early,425000000,295138,4722208,295139,4722224,9444432,797775101,500000000,steady,0
candidate,262,2911111082,500000000,warmup,early,425000000,295138,4722208,295139,4722224,9444432,796108422,500000000,steady,0
candidate,263,2922222193,500000000,warmup,early,425000000,295138,4722208,295139,4722224,9444432,794441743,500000000,steady,0
candidate,264,2933333304,500000000,warmup,early,425000000,295138,4722208,295139,4722224,9444432,792775064,500000000,steady,0
candidate,265,2944444415,500000000,warmup,early,425000000,295138,4722208,295139,4722224,9444432,791108385,500000000,steady,0
candidate,266,2955555526,500000000,warmup,early,425000000,295138,4722208,295139,4722224,9444432,789441706,500000000,steady,0
candidate,267,2966666637,500000000,warmup,early,425000000,295138,4722208,295139,4722224,9444432,787775027,500000000,steady,0
candidate,268,2977777748,500000000,warmup,early,425000000,295138,4722208,295139,4722224,9444432,786108348,500000000,steady,0
candidate,269,2988888859,500000000,warmup,early,425000000,295138,4722208,295139,4722224,9444432,784441669,500000000,steady,0
candidate,270,2999999970,500000000,warmup,early,425000000,295138,4722208,295139,4722224,9444432,782774990,500000000,steady,0
candidate,271,3011111081,500000000,warmup,early,425000000,295138,4722208,295139,4722224,9444432,781108311,500000000,steady,0
candidate,272,3022222192,500000000,warmup,early,425000000,295138,4722208,295139,4722224,9444432,779441632,500000000,steady,0
candidate,273,3033333303,500000000,warmup,early,425000000,295138,4722208,295139,4722224,9444432,777774953,500000000,steady,0
candidate,274,3044444414,500000000,warmup,early,425000000,295138,4722208,295139,4722224,9444432,776108274,500000000,steady,0
candidate,275,3055555525,500000000,warmup,early,425000000,295138,4722208,295139,4722224,9444432,774441595,500000000,steady,0
candidate,276,3066666636,500000000,warmup,early,425000000,295138,4722208,295139,4722224,9444432,772774916,500000000,steady,0
candidate,277,3077777747,500000000,warmup,early,425000000,295138,4722208,295139,4722224,9444432,771108237,500000000,steady,0
candidate,278,3088888858,500000000,warmup,early,425000000,295138,4722208,295139,4722224,9444432,769441558,500000000,steady,0
candidate,279,3099999969,500000000,warmup,early,425000000,295138,4722208,295139,4722224,9444432,767774879,500000000,steady,0
candidate,280,3111111080,500000000,warmup,early,425000000,295138,4722208,295139,4722224,9444432,766108200,500000000,steady,0
candidate,281,3122222191,500000000,warmup,early,425000000,295138,4722208,295139,4722224,9444432,764441521,500000000,steady,0
candidate,282,3133333302,500000000,warmup,early,425000000,295138,4722208,295139,4722224,9444432,762774842,500000000,steady,0
candidate,283,3144444413,500000000,warmup,early,425000000,295138,4722208,295139,4722224,9444432,761108163,500000000,steady,0
candidate,284,3155555524,500000000,warmup,early,425000000,295138,4722208,295139,4722224,9444432,759441484,500000000,steady,0
candidate,285,3166666635,500000000,warmup,early,425000000,295138,4722208,295139,4722224,9444432,757774805,500000000,steady,0
candidate,286,3177777746,500000000,warmup,early,425000000,295138,4722208,295139,4722224,9444432,756108126,500000000,steady,0
candidate,287,3188888857,500000000,warmup,early,425000000,295138,4722208,295139,4722224,9444432,754441447,500000000,steady,0
candidate,288,3199999968,500000000,warmup,early,425000000,295138,4722208,295139,4722224,9444432,752774768,500000000,steady,0
candidate,289,3211111079,500000000,warmup,early,425000000,295138,4722208,295139,4722224,9444432,751108089,500000000,steady,0
candidate,290,3222222190,500000000,warmup,early,425000000,295138,4722208,295139,4722224,9444432,749441410,500000000,steady,0
candidate,291,3233333301,500000000,warmup,early,425000000,295138,4722208,295139,4722224,9444432,747774731,500000000,steady,0
candidate,292,3244444412,500000000,warmup,early,425000000,295138,4722208,295139,4722224,9444432,746108052,500000000,steady,0
candidate,293,3255555523,500000000,warmup,early,425000000,295138,4722208,295139,4722224,9444432,744441373,500000000,steady,0
candidate,294,3266666634,500000000,warmup,early,425000000,295138,4722208,295139,4722224,9444432,742774694,500000000,steady,0
candidate,295,3277777745,500000000,warmup,early,425000000,295138,4722208,295139,4722224,9444432,741108015,500000000,steady,0
candidate,296,3288888856,500000000,warmup,early,425000000,295138,4722208,295139,4722224,9444432,739441336,500000000,steady,0
candidate,297,3299999967,500000000,warmup,early,425000000,295138,4722208,295139,4722224,9444432,737774657,500000000,steady,0
candidate,298,3311111078,500000000,warmup,early,425000000,295138,4722208,295139,4722224,9444432,736107978,500000000,steady,0
candidate,299,3322222189,500000000,warmup,early,425000000,295138,4722208,295139,4722224,9444432,734441299,500000000,steady,0
candidate,300,3333333300,500000000,warmup,early,425000000,295138,4722208,295139,4722224,9444432,732774620,500000000,steady,0
candidate,301,3344444411,500000000,warmup,early,425000000,295138,4722208,295139,4722224,9444432,731107941,500000000,steady,0
candidate,302,3355555522,500000000,warmup,early,425000000,295138,4722208,295139,4722224,9444432,729441262,500000000,steady,0
candidate,303,3366666633,500000000,warmup,early,425000000,295138,4722208,295139,4722224,9444432,727774583,500000000,steady,0
candidate,304,3377777744,500000000,warmup,early,425000000,295138,4722208,295139,4722224,9444432,726107904,500000000,steady,0
candidate,305,3388888855,500000000,warmup,early,425000000,295138,4722208,295139,4722224,9444432,724441225,500000000,steady,0
candidate,306,3399999966,500000000,warmup,early,425000000,295138,4722208,295139,4722224,9444432,722774546,500000000,steady,0
candidate,307,3411111077,500000000,warmup,early,425000000,295138,4722208,295139,4722224,9444432,721107867,500000000,steady,0
candidate,308,3422222188,500000000,warmup,early,425000000,295138,4722208,295139,4722224,9444432,719441188,500000000,steady,0
candidate,309,3433333299,500000000,warmup,early,425000000,295138,4722208,295139,4722224,9444432,717774509,500000000,steady,0
candidate,310,3444444410,500000000,warmup,early,425000000,295138,4722208,295139,4722224,9444432,716107830,500000000,steady,0
candidate,311,3455555521,500000000,warmup,early,425000000,295138,4722208,295139,4722224,9444432,714441151,500000000,steady,0
candidate,312,3466666632,500000000,warmup,early,425000000,295138,4722208,295139,4722224,9444432,712774472,500000000,steady,0
candidate,313,3477777743,500000000,warmup,early,425000000,295138,4722208,295139,4722224,9444432,711107793,500000000,steady,0
candidate,314,3488888854,500000000,warmup,early,425000000,295138,4722208,295139,4722224,9444432,709441114,500000000,steady,0
candidate,315,3499999965,500000000,warmup,early,425000000,295138,4722208,295139,4722224,9444432,707774435,500000000,steady,0
candidate,316,3511111076,500000000,warmup,early,425000000,295138,4722208,295139,4722224,9444432,706107756,500000000,steady,0
candidate,317,3522222187,500000000,warmup,early,425000000,295138,4722208,295139,4722224,9444432,704441077,500000000,steady,0
candidate,318,3533333298,500000000,warmup,early,425000000,295138,4722208,295139,4722224,9444432,702774398,500000000,steady,0
candidate,319,3544444409,500000000,warmup,early,425000000,295138,4722208,295139,4722224,9444432,701107719,500000000,steady,0
candidate,320,3555555520,500000000,warmup,early,425000000,295138,4722208,295139,4722224,9444432,699441040,500000000,steady,0
candidate,321,3566666631,500000000,warmup,early,425000000,295138,4722208,295139,4722224,9444432,697774361,500000000,steady,0
candidate,322,3577777742,500000000,warmup,early,425000000,295138,4722208,295139,4722224,9444432,696107682,500000000,steady,0
candidate,323,3588888853,500000000,warmup,early,425000000,295138,4722208,295139,4722224,9444432,694441003,500000000,steady,0
candidate,324,3599999964,500000000,warmup,early,425000000,295138,4722208,295139,4722224,9444432,692774324,500000000,steady,0
candidate,325,3611111075,500000000,warmup,early,425000000,295138,4722208,295139,4722224,9444432,691107645,500000000,steady,0
candidate,326,3622222186,500000000,warmup,early,425000000,295138,4722208,295139,4722224,9444432,689440966,500000000,steady,0
candidate,327,3633333297,500000000,warmup,early,425000000,295138,4722208,295139,4722224,9444432,687774287,500000000,steady,0
candidate,328,3644444408,500000000,warmup,early,425000000,295138,4722208,295139,4722224,9444432,686107608,500000000,steady,0
candidate,329,3655555519,500000000,warmup,early,425000000,295138,4722208,295139,4722224,9444432,684440929,500000000,steady,0
candidate,330,3666666630,500000000,warmup,early,425000000,295138,4722208,295139,4722224,9444432,682774250,500000000,steady,0
candidate,331,3677777741,500000000,warmup,early,425000000,295138,4722208,295139,4722224,9444432,681107571,500000000,steady,0
candidate,332,3688888852,500000000,warmup,early,425000000,295138,4722208,295139,4722224,9444432,679440892,500000000,steady,0
candidate,333,3699999963,500000000,warmup,early,425000000,295138,4722208,295139,4722224,9444432,677774213,500000000,steady,0
candidate,334,3711111074,500000000,warmup,early,425000000,295138,4722208,295139,4722224,9444432,676107534,500000000,steady,0
candidate,335,3722222185,500000000,warmup,early,425000000,295138,4722208,295139,4722224,9444432,674440855,500000000,steady,0
candidate,336,3733333296,500000000,warmup,early,425000000,295138,4722208,295139,4722224,9444432,672774176,500000000,steady,0
candidate,337,3744444407,500000000,warmup,early,425000000,295138,4722208,295139,4722224,9444432,671107497,500000000,steady,0
candidate,338,3755555518,500000000,warmup,early,425000000,295138,4722208,295139,4722224,9444432,669440818,500000000,steady,0
candidate,339,3766666629,500000000,warmup,early,425000000,295138,4722208,295139,4722224,9444432,667774139,500000000,steady,0
candidate,340,3777777740,500000000,warmup,early,425000000,295138,4722208,295139,4722224,9444432,666107460,500000000,steady,0
candidate,341,3788888851,500000000,warmup,early,425000000,295138,4722208,295139,4722224,9444432,664440781,500000000,steady,0
candidate,342,3799999962,500000000,warmup,early,425000000,295138,4722208,295139,4722224,9444432,662774102,500000000,steady,0
candidate,343,3811111073,500000000,warmup,early,425000000,295138,4722208,295139,4722224,9444432,661107423,500000000,steady,0
candidate,344,3822222184,500000000,warmup,early,425000000,295138,4722208,295139,4722224,9444432,659440744,500000000,steady,0
candidate,345,3833333295,500000000,warmup,early,425000000,295138,4722208,295139,4722224,9444432,657774065,500000000,steady,0
candidate,346,3844444406,500000000,warmup,early,425000000,295138,4722208,295139,4722224,9444432,656107386,500000000,steady,0
candidate,347,3855555517,500000000,warmup,early,425000000,295138,4722208,295139,4722224,9444432,654440707,500000000,steady,0
candidate,348,3866666628,500000000,warmup,early,425000000,295138,4722208,295139,4722224,9444432,652774028,500000000,steady,0
candidate,349,3877777739,500000000,warmup,early,425000000,295138,4722208,295139,4722224,9444432,651107349,500000000,steady,0
candidate,350,3888888850,500000000,warmup,early,425000000,295138,4722208,295139,4722224,9444432,649440670,500000000,steady,0
candidate,351,3899999961,500000000,warmup,early,425000000,295138,4722208,295139,4722224,9444432,647773991,500000000,steady,0
candidate,352,3911111072,500000000,warmup,early,425000000,295138,4722208,295139,4722224,9444432,646107312,500000000,steady,0
candidate,353,3922222183,500000000,warmup,early,425000000,295138,4722208,295139,4722224,9444432,644440633,500000000,steady,0
candidate,354,3933333294,500000000,warmup,early,425000000,295138,4722208,295139,4722224,9444432,642773954,500000000,steady,0
candidate,355,3944444405,500000000,warmup,early,425000000,295138,4722208,295139,4722224,9444432,641107275,500000000,steady,0
candidate,356,3955555516,500000000,warmup,early,425000000,295138,4722208,295139,4722224,9444432,639440596,500000000,steady,0
candidate,357,3966666627,500000000,warmup,early,425000000,295138,4722208,295139,4722224,9444432,637773917,500000000,steady,0
candidate,358,3977777738,500000000,warmup,early,425000000,295138,4722208,295139,4722224,9444432,636107238,500000000,steady,0
candidate,359,3988888849,500000000,warmup,early,425000000,295138,4722208,295139,4722224,9444432,634440559,500000000,steady,0
candidate,360,3999999960,500000000,warmup,early,425000000,295138,4722208,295139,4722224,9444432,632773880,500000000,steady,0
candidate,361,4011111071,500000000,warmup,early,425000000,295138,4722208,295139,4722224,9444432,631107201,500000000,steady,0
candidate,362,4022222182,500000000,warmup,early,425000000,295138,4722208,295139,4722224,9444432,629440522,500000000,steady,0
candidate,363,4033333293,500000000,warmup,early,425000000,295138,4722208,295139,4722224,9444432,627773843,500000000,steady,0
candidate,364,4044444404,500000000,warmup,early,425000000,295138,4722208,295139,4722224,9444432,626107164,500000000,steady,0
candidate,365,4055555515,500000000,warmup,early,425000000,295138,4722208,295139,4722224,9444432,624440485,500000000,steady,0
candidate,366,4066666626,500000000,warmup,early,425000000,295138,4722208,295139,4722224,9444432,622773806,500000000,steady,0
candidate,367,4077777737,500000000,warmup,early,425000000,295138,4722208,295139,4722224,9444432,621107127,500000000,steady,0
candidate,368,4088888848,500000000,warmup,early,425000000,295138,4722208,295139,4722224,9444432,619440448,500000000,steady,0
candidate,369,4099999959,500000000,warmup,early,425000000,295138,4722208,295139,4722224,9444432,617773769,500000000,steady,0
candidate,370,4111111070,500000000,warmup,early,425000000,295138,4722208,295139,4722224,9444432,616107090,500000000,steady,0
candidate,371,4122222181,500000000,warmup,early,425000000,295138,4722208,295139,4722224,9444432,614440411,500000000,steady,0
candidate,372,4133333292,500000000,warmup,early,425000000,295138,4722208,295139,4722224,9444432,612773732,500000000,steady,0
candidate,373,4144444403,500000000,warmup,early,425000000,295138,4722208,295139,4722224,9444432,611107053,500000000,steady,0
candidate,374,4155555514,500000000,warmup,early,425000000,295138,4722208,295139,4722224,9444432,609440374,500000000,steady,0
candidate,375,4166666625,500000000,warmup,early,425000000,295138,4722208,295139,4722224,9444432,607773695,500000000,steady,0
candidate,376,4177777736,500000000,warmup,early,425000000,295138,4722208,295139,4722224,9444432,606107016,500000000,steady,0
candidate,377,4188888847,500000000,warmup,early,425000000,295138,4722208,295139,4722224,9444432,604440337,500000000,steady,0
candidate,378,4199999958,500000000,warmup,early,425000000,295138,4722208,295139,4722224,9444432,602773658,500000000,steady,0
candidate,379,4211111069,500000000,warmup,early,425000000,295138,4722208,295139,4722224,9444432,601106979,500000000,steady,0
candidate,380,4222222180,500000000,warmup,early,425000000,295138,4722208,295139,4722224,9444432,599440300,500000000,steady,0
candidate,381,4233333291,500000000,warmup,early,425000000,295138,4722208,295139,4722224,9444432,597773621,500000000,steady,0
candidate,382,4244444402,500000000,warmup,early,425000000,295138,4722208,295139,4722224,9444432,596106942,500000000,steady,0
candidate,383,4255555513,500000000,warmup,early,425000000,295138,4722208,295139,4722224,9444432,594440263,500000000,steady,0
candidate,384,4266666624,500000000,warmup,early,425000000,295138,4722208,295139,4722224,9444432,592773584,500000000,steady,0
candidate,385,4277777735,500000000,warmup,early,425000000,295138,4722208,295139,4722224,9444432,591106905,500000000,steady,0
candidate,386,4288888846,500000000,warmup,early,425000000,295138,4722208,295139,4722224,9444432,589440226,500000000,steady,0
candidate,387,4299999957,500000000,warmup,early,425000000,295138,4722208,295139,4722224,9444432,587773547,500000000,steady,0
candidate,388,4311111068,500000000,warmup,early,425000000,295138,4722208,295139,4722224,9444432,586106868,500000000,steady,0
candidate,389,4322222179,500000000,warmup,early,425000000,295138,4722208,295139,4722224,9444432,584440189,500000000,steady,0
candidate,390,4333333290,500000000,warmup,early,425000000,295138,4722208,295139,4722224,9444432,582773510,500000000,steady,0
candidate,391,4344444401,500000000,warmup,early,425000000,295138,4722208,295139,4722224,9444432,581106831,500000000,steady,0
candidate,392,4355555512,500000000,warmup,early,425000000,295138,4722208,295139,4722224,9444432,579440152,500000000,steady,0
candidate,393,4366666623,500000000,warmup,early,425000000,295138,4722208,295139,4722224,9444432,577773473,500000000,steady,0
candidate,394,4377777734,500000000,warmup,early,425000000,295138,4722208,295139,4722224,9444432,576106794,500000000,steady,0
candidate,395,4388888845,500000000,warmup,early,425000000,295138,4722208,295139,4722224,9444432,574440115,500000000,steady,0
candidate,396,4399999956,500000000,warmup,early,425000000,295138,4722208,295139,4722224,9444432,572773436,500000000,steady,0
candidate,397,4411111067,500000000,warmup,early,425000000,295138,4722208,295139,4722224,9444432,571106757,500000000,steady,0
candidate,398,4422222178,500000000,warmup,early,425000000,295138,4722208,295139,4722224,9444432,569440078,500000000,steady,0
candidate,399,4433333289,500000000,warmup,early,425000000,295138,4722208,295139,4722224,9444432,567773399,500000000,steady,0
candidate,400,4444444400,500000000,warmup,early,425000000,295138,4722208,295139,4722224,9444432,566106720,500000000,steady,0
candidate,401,4455555511,500000000,warmup,early,425000000,295138,4722208,295139,4722224,9444432,564440041,500000000,steady,0
candidate,402,4466666622,500000000,warmup,early,425000000,295138,4722208,295139,4722224,9444432,562773362,500000000,steady,0
candidate,403,4477777733,500000000,warmup,early,425000000,295138,4722208,295139,4722224,9444432,561106683,500000000,steady,0
candidate,404,4488888844,500000000,warmup,early,425000000,295138,4722208,295139,4722224,9444432,559440004,500000000,steady,0
candidate,405,4499999955,500000000,warmup,early,425000000,295138,4722208,295139,4722224,9444432,557773325,500000000,steady,0
candidate,406,4511111066,500000000,warmup,early,425000000,295138,4722208,295139,4722224,9444432,556106646,500000000,steady,0
candidate,407,4522222177,500000000,warmup,early,425000000,295138,4722208,295139,4722224,9444432,554439967,500000000,steady,0
candidate,408,4533333288,500000000,warmup,early,425000000,295138,4722208,295139,4722224,9444432,552773288,500000000,steady,0
candidate,409,4544444399,500000000,warmup,early,425000000,295138,4722208,295139,4722224,9444432,551106609,500000000,steady,0
candidate,410,4555555510,500000000,warmup,early,425000000,295138,4722208,295139,4722224,9444432,549439930,500000000,steady,0
candidate,411,4566666621,500000000,warmup,early,425000000,295138,4722208,295139,4722224,9444432,547773251,500000000,steady,0
candidate,412,4577777732,500000000,warmup,early,425000000,295138,4722208,295139,4722224,9444432,546106572,500000000,steady,0
candidate,413,4588888843,500000000,warmup,early,425000000,295138,4722208,295139,4722224,9444432,544439893,500000000,steady,0
candidate,414,4599999954,500000000,warmup,early,425000000,295138,4722208,295139,4722224,9444432,542773214,500000000,steady,0
candidate,415,4611111065,500000000,warmup,early,425000000,295138,4722208,295139,4722224,9444432,541106535,500000000,steady,0
candidate,416,4622222176,500000000,warmup,early,425000000,295138,4722208,295139,4722224,9444432,539439856,500000000,steady,0
candidate,417,4633333287,500000000,warmup,early,425000000,295138,4722208,295139,4722224,9444432,537773177,500000000,steady,0
candidate,418,4644444398,500000000,warmup,early,425000000,295138,4722208,295139,4722224,9444432,536106498,500000000,steady,0
candidate,419,4655555509,500000000,warmup,early,425000000,295138,4722208,295139,4722224,9444432,534439819,500000000,steady,0
candidate,420,4666666620,500000000,warmup,early,425000000,295138,4722208,295139,4722224,9444432,532773140,500000000,steady,0
candidate,421,4677777731,500000000,warmup,early,425000000,295138,4722208,295139,4722224,9444432,531106461,500000000,steady,0
candidate,422,4688888842,500000000,warmup,early,425000000,295138,4722208,295139,4722224,9444432,529439782,500000000,steady,0
candidate,423,4699999953,500000000,warmup,early,425000000,295138,4722208,295139,4722224,9444432,527773103,500000000,steady,0
candidate,424,4711111064,500000000,warmup,early,425000000,295138,4722208,295139,4722224,9444432,526106424,500000000,steady,0
candidate,425,4722222175,500000000,warmup,early,425000000,295138,4722208,295139,4722224,9444432,524439745,500000000,steady,0
candidate,426,4733333286,500000000,warmup,early,425000000,295138,4722208,295139,4722224,9444432,522773066,500000000,steady,0
candidate,427,4744444397,500000000,warmup,early,425000000,295138,4722208,295139,4722224,9444432,521106387,500000000,steady,0
candidate,428,4755555508,500000000,warmup,early,425000000,295138,4722208,295139,4722224,9444432,519439708,500000000,steady,0
candidate,429,4766666619,500000000,warmup,early,425000000,295138,4722208,295139,4722224,9444432,517773029,500000000,steady,0
candidate,430,4777777730,500000000,warmup,early,425000000,295138,4722208,295139,4722224,9444432,516106350,500000000,steady,0
candidate,431,4788888841,500000000,warmup,early,425000000,295138,4722208,295139,4722224,9444432,514439671,500000000,steady,0
candidate,432,4799999952,500000000,warmup,early,425000000,295138,4722208,295139,4722224,9444432,512772992,500000000,steady,0
candidate,433,4811111063,500000000,warmup,early,425000000,295138,4722208,295139,4722224,9444432,511106313,500000000,steady,0
candidate,434,4822222174,500000000,warmup,early,425000000,295138,4722208,295139,4722224,9444432,509439634,500000000,steady,0
candidate,435,4833333285,500000000,warmup,early,425000000,295138,4722208,295139,4722224,9444432,507772955,500000000,steady,0
candidate,436,4844444396,500000000,warmup,early,425000000,295138,4722208,295139,4722224,9444432,506106276,500000000,steady,0
candidate,437,4855555507,500000000,warmup,early,425000000,295138,4722208,295139,4722224,9444432,504439597,500000000,steady,0
candidate,438,4866666618,500000000,warmup,early,425000000,295138,4722208,295139,4722224,9444432,502772918,500000000,steady,0
candidate,439,4877777729,500000000,warmup,early,425000000,295138,4722208,295139,4722224,9444432,501106239,500000000,steady,0
candidate,440,4888888840,500000000,warmup,early,425000000,295138,4722208,295139,4722224,9444432,499439560,500000000,steady,0
candidate,441,4899999951,500000000,warmup,early,425000000,295138,4722208,295139,4722224,9444432,497772881,500000000,steady,0
candidate,442,4911111062,500000000,warmup,early,425000000,295138,4722208,295139,4722224,9444432,496106202,500000000,steady,0
candidate,443,4922222173,500000000,warmup,early,425000000,295138,4722208,295139,4722224,9444432,494439523,500000000,steady,0
candidate,444,4933333284,500000000,warmup,early,425000000,295138,4722208,295139,4722224,9444432,492772844,500000000,steady,0
candidate,445,4944444395,500000000,warmup,early,425000000,295138,4722208,295139,4722224,9444432,491106165,500000000,steady,0
candidate,446,4955555506,500000000,warmup,early,425000000,295138,4722208,295139,4722224,9444432,489439486,500000000,steady,0
candidate,447,4966666617,500000000,warmup,early,425000000,295138,4722208,295139,4722224,9444432,487772807,500000000,steady,0
candidate,448,4977777728,500000000,warmup,early,425000000,295138,4722208,295139,4722224,9444432,486106128,500000000,steady,0
candidate,449,4988888839,500000000,warmup,early,425000000,295138,4722208,295139,4722224,9444432,484439449,500000000,steady,0
candidate,450,4999999950,500000000,warmup,early,425000000,295138,4722208,295139,4722224,9444432,482772770,500000000,steady,0
candidate,451,5011111061,500000000,warmup,early,425000000,295138,4722208,295139,4722224,9444432,481106091,500000000,steady,0
candidate,452,5022222172,500000000,warmup,early,425000000,295138,4722208,295139,4722224,9444432,479439412,500000000,steady,0
candidate,453,5033333283,500000000,warmup,early,425000000,295138,4722208,295139,4722224,9444432,477772733,500000000,steady,0
candidate,454,5044444394,500000000,warmup,early,425000000,295138,4722208,295139,4722224,9444432,476106054,500000000,steady,0
candidate,455,5055555505,500000000,warmup,early,425000000,295138,4722208,295139,4722224,9444432,474439375,500000000,steady,0
candidate,456,5066666616,500000000,warmup,early,425000000,295138,4722208,295139,4722224,9444432,472772696,500000000,steady,0
candidate,457,5077777727,500000000,warmup,early,425000000,295138,4722208,295139,4722224,9444432,471106017,500000000,steady,0
candidate,458,5088888838,500000000,warmup,early,425000000,295138,4722208,295139,4722224,9444432,469439338,500000000,steady,0
candidate,459,5099999949,500000000,warmup,early,425000000,295138,4722208,295139,4722224,9444432,467772659,500000000,steady,0
candidate,460,5111111060,500000000,warmup,early,425000000,295138,4722208,295139,4722224,9444432,466105980,500000000,steady,0
candidate,461,5122222171,500000000,warmup,early,425000000,295138,4722208,295139,4722224,9444432,464439301,500000000,steady,0
candidate,462,5133333282,500000000,warmup,early,425000000,295138,4722208,295139,4722224,9444432,462772622,500000000,steady,0
candidate,463,5144444393,500000000,warmup,early,425000000,295138,4722208,295139,4722224,9444432,461105943,500000000,steady,0
candidate,464,5155555504,500000000,warmup,early,425000000,295138,4722208,295139,4722224,9444432,459439264,500000000,steady,0
candidate,465,5166666615,500000000,warmup,early,425000000,295138,4722208,295139,4722224,9444432,457772585,500000000,steady,0
candidate,466,5177777726,500000000,warmup,early,425000000,295138,4722208,295139,4722224,9444432,456105906,500000000,steady,0
candidate,467,5188888837,500000000,warmup,early,425000000,295138,4722208,295139,4722224,9444432,454439227,500000000,steady,0
candidate,468,5199999948,500000000,warmup,early,425000000,295138,4722208,295139,4722224,9444432,452772548,500000000,steady,0
candidate,469,5211111059,500000000,warmup,early,425000000,295138,4722208,295139,4722224,9444432,451105869,500000000,steady,0
candidate,470,5222222170,500000000,warmup,early,425000000,295138,4722208,295139,4722224,9444432,449439190,500000000,steady,0
candidate,471,5233333281,500000000,warmup,early,425000000,295138,4722208,295139,4722224,9444432,447772511,500000000,steady,0
candidate,472,5244444392,500000000,warmup,early,425000000,295138,4722208,295139,4722224,9444432,446105832,500000000,steady,0
candidate,473,5255555503,500000000,warmup,early,425000000,295138,4722208,295139,4722224,9444432,444439153,500000000,steady,0
candidate,474,5266666614,500000000,warmup,early,425000000,295138,4722208,295139,4722224,9444432,442772474,500000000,steady,0
candidate,475,5277777725,500000000,warmup,early,425000000,295138,4722208,295139,4722224,9444432,441105795,500000000,steady,0
candidate,476,5288888836,500000000,warmup,early,425000000,295138,4722208,295139,4722224,9444432,439439116,500000000,steady,0
candidate,477,5299999947,500000000,warmup,early,425000000,295138,4722208,295139,4722224,9444432,437772437,500000000,steady,0
candidate,478,5311111058,500000000,warmup,early,425000000,295138,4722208,295139,4722224,9444432,436105758,500000000,steady,0
candidate,479,5322222169,500000000,warmup,early,425000000,295138,4722208,295139,4722224,9444432,434439079,500000000,steady,0
candidate,480,5333333280,500000000,warmup,early,425000000,295138,4722208,295139,4722224,9444432,432772400,500000000,steady,0
candidate,481,5344444391,500000000,warmup,early,425000000,295138,4722208,295139,4722224,9444432,431105721,500000000,steady,0
candidate,482,5355555502,500000000,warmup,early,425000000,295138,4722208,295139,4722224,9444432,429439042,500000000,steady,0
candidate,483,5366666613,500000000,warmup,early,425000000,295138,4722208,295139,4722224,9444432,427772363,500000000,steady,0
candidate,484,5377777724,500000000,warmup,early,425000000,295138,4722208,295139,4722224,9444432,426105684,500000000,steady,0
candidate,485,5388888835,500000000,warmup,early,425000000,295138,4722208,295139,4722224,9444432,424439005,500000000,steady,0
candidate,486,5399999946,500000000,warmup,early,425000000,295138,4722208,295139,4722224,9444432,422772326,500000000,steady,0
candidate,487,5411111057,500000000,warmup,early,425000000,295138,4722208,295139,4722224,9444432,421105647,500000000,steady,0
candidate,488,5422222168,500000000,warmup,early,425000000,295138,4722208,295139,4722224,9444432,419438968,500000000,steady,0
candidate,489,5433333279,500000000,warmup,early,425000000,295138,4722208,295139,4722224,9444432,417772289,500000000,steady,0
candidate,490,5444444390,500000000,warmup,early,425000000,295138,4722208,295139,4722224,9444432,416105610,500000000,steady,0
candidate,491,5455555501,500000000,warmup,early,425000000,295138,4722208,295139,4722224,9444432,414438931,500000000,steady,0
candidate,492,5466666612,500000000,warmup,early,425000000,295138,4722208,295139,4722224,9444432,412772252,500000000,steady,0
candidate,493,5477777723,500000000,warmup,early,425000000,295138,4722208,295139,4722224,9444432,411105573,500000000,steady,0
candidate,494,5488888834,500000000,warmup,early,425000000,295138,4722208,295139,4722224,9444432,409438894,500000000,steady,0
candidate,495,5499999945,500000000,warmup,early,425000000,295138,4722208,295139,4722224,9444432,407772215,500000000,steady,0
candidate,496,5511111056,500000000,warmup,early,425000000,295138,4722208,295139,4722224,9444432,406105536,500000000,steady,0
candidate,497,5522222167,500000000,warmup,early,425000000,295138,4722208,295139,4722224,9444432,404438857,500000000,steady,0
candidate,498,5533333278,500000000,warmup,early,425000000,295138,4722208,295139,4722224,9444432,402772178,500000000,steady,0
candidate,499,5544444389,500000000,warmup,early,425000000,295138,4722208,295139,4722224,9444432,401105499,500000000,steady,0
candidate,500,5555555500,500000000,warmup,early,425000000,295138,4722208,295139,4722224,9444432,399438820,500000000,steady,0
candidate,501,5566666611,500000000,warmup,early,425000000,295138,4722208,295139,4722224,9444432,397772141,500000000,steady,0
candidate,502,5577777722,500000000,warmup,early,425000000,295138,4722208,295139,4722224,9444432,396105462,500000000,steady,0
candidate,503,5588888833,500000000,warmup,early,425000000,295138,4722208,295139,4722224,9444432,394438783,500000000,steady,0
candidate,504,5599999944,500000000,warmup,early,425000000,295138,4722208,295139,4722224,9444432,392772104,500000000,steady,0
candidate,505,5611111055,500000000,warmup,early,425000000,295138,4722208,295139,4722224,9444432,391105425,500000000,steady,0
candidate,506,5622222166,500000000,warmup,early,425000000,295138,4722208,295139,4722224,9444432,389438746,500000000,steady,0
candidate,507,5633333277,500000000,warmup,early,425000000,295138,4722208,295139,4722224,9444432,387772067,500000000,steady,0
candidate,508,5644444388,500000000,warmup,early,425000000,295138,4722208,295139,4722224,9444432,386105388,500000000,steady,0
candidate,509,5655555499,500000000,warmup,early,425000000,295138,4722208,295139,4722224,9444432,384438709,500000000,steady,0
candidate,510,5666666610,500000000,warmup,early,425000000,295138,4722208,295139,4722224,9444432,382772030,500000000,steady,0
candidate,511,5677777721,500000000,warmup,early,425000000,295138,4722208,295139,4722224,9444432,381105351,500000000,steady,0
candidate,512,5688888832,500000000,warmup,early,425000000,295138,4722208,295139,4722224,9444432,379438672,500000000,steady,0
candidate,513,5699999943,500000000,warmup,early,425000000,295138,4722208,295139,4722224,9444432,377771993,500000000,steady,0
candidate,514,5711111054,500000000,warmup,early,425000000,295138,4722208,295139,4722224,9444432,376105314,500000000,steady,0
candidate,515,5722222165,500000000,warmup,early,425000000,295138,4722208,295139,4722224,9444432,374438635,500000000,steady,0
candidate,516,5733333276,500000000,warmup,early,425000000,295138,4722208,295139,4722224,9444432,372771956,500000000,steady,0
candidate,517,5744444387,500000000,warmup,early,425000000,295138,4722208,295139,4722224,9444432,371105277,500000000,steady,0
candidate,518,5755555498,500000000,warmup,early,425000000,295138,4722208,295139,4722224,9444432,369438598,500000000,steady,0
candidate,519,5766666609,500000000,warmup,early,425000000,295138,4722208,295139,4722224,9444432,367771919,500000000,steady,0
candidate,520,5777777720,500000000,warmup,early,425000000,295138,4722208,295139,4722224,9444432,366105240,500000000,steady,0
candidate,521,5788888831,500000000,warmup,early,425000000,295138,4722208,295139,4722224,9444432,364438561,500000000,steady,0
candidate,522,5799999942,500000000,warmup,early,425000000,295138,4722208,295139,4722224,9444432,362771882,500000000,steady,0
candidate,523,5811111053,500000000,warmup,early,425000000,295138,4722208,295139,4722224,9444432,361105203,500000000,steady,0
candidate,524,5822222164,500000000,warmup,early,425000000,295138,4722208,295139,4722224,9444432,359438524,500000000,steady,0
candidate,525,5833333275,500000000,warmup,early,425000000,295138,4722208,295139,4722224,9444432,357771845,500000000,steady,0
candidate,526,5844444386,500000000,warmup,early,425000000,295138,4722208,295139,4722224,9444432,356105166,500000000,steady,0
candidate,527,5855555497,500000000,warmup,early,425000000,295138,4722208,295139,4722224,9444432,354438487,500000000,steady,0
candidate,528,5866666608,500000000,warmup,early,425000000,295138,4722208,295139,4722224,9444432,352771808,500000000,steady,0
candidate,529,5877777719,500000000,warmup,early,425000000,295138,4722208,295139,4722224,9444432,351105129,500000000,steady,0
candidate,530,5888888830,500000000,warmup,early,425000000,295138,4722208,295139,4722224,9444432,349438450,500000000,steady,0
candidate,531,5899999941,500000000,warmup,early,425000000,295138,4722208,295139,4722224,9444432,347771771,500000000,steady,0
candidate,532,5911111052,500000000,warmup,early,425000000,295138,4722208,295139,4722224,9444432,346105092,500000000,steady,0
candidate,533,5922222163,500000000,warmup,early,425000000,295138,4722208,295139,4722224,9444432,344438413,500000000,steady,0
candidate,534,5933333274,500000000,warmup,early,425000000,295138,4722208,295139,4722224,9444432,342771734,500000000,steady,0
candidate,535,5944444385,500000000,warmup,early,425000000,295138,4722208,295139,4722224,9444432,341105055,500000000,steady,0
candidate,536,5955555496,500000000,warmup,early,425000000,295138,4722208,295139,4722224,9444432,339438376,500000000,steady,0
candidate,537,5966666607,500000000,warmup,early,425000000,295138,4722208,295139,4722224,9444432,337771697,500000000,steady,0
candidate,538,5977777718,500000000,warmup,early,425000000,295138,4722208,295139,4722224,9444432,336105018,500000000,steady,0
candidate,539,5988888829,500000000,warmup,early,425000000,295138,4722208,295139,4722224,9444432,334438339,500000000,steady,0
candidate,540,5999999940,500000000,warmup,early,425000000,295138,4722208,295139,4722224,9444432,332771660,500000000,steady,0
candidate,541,6011111051,500000000,late_window,early,425000000,295138,4722208,295139,4722224,9444432,331104981,500000000,steady,0
candidate,542,6022222162,500000000,late_window,early,425000000,295138,4722208,295139,4722224,9444432,329438302,500000000,steady,0
candidate,543,6033333273,500000000,late_window,early,425000000,295138,4722208,295139,4722224,9444432,327771623,500000000,steady,0
candidate,544,6044444384,500000000,late_window,early,425000000,295138,4722208,295139,4722224,9444432,326104944,500000000,steady,0
candidate,545,6055555495,500000000,late_window,early,425000000,295138,4722208,295139,4722224,9444432,324438265,500000000,steady,0
candidate,546,6066666606,500000000,late_window,early,425000000,295138,4722208,295139,4722224,9444432,322771586,500000000,steady,0
candidate,547,6077777717,500000000,late_window,early,425000000,295138,4722208,295139,4722224,9444432,321104907,500000000,steady,0
candidate,548,6088888828,500000000,late_window,early,425000000,295138,4722208,295139,4722224,9444432,319438228,500000000,steady,0
candidate,549,6099999939,500000000,late_window,early,425000000,295138,4722208,295139,4722224,9444432,317771549,500000000,steady,0
candidate,550,6111111050,500000000,late_window,early,425000000,295138,4722208,295139,4722224,9444432,316104870,500000000,steady,0
candidate,551,6122222161,500000000,late_window,early,425000000,295138,4722208,295139,4722224,9444432,314438191,500000000,steady,0
candidate,552,6133333272,500000000,late_window,early,425000000,295138,4722208,295139,4722224,9444432,312771512,500000000,steady,0
candidate,553,6144444383,500000000,late_window,early,425000000,295138,4722208,295139,4722224,9444432,311104833,500000000,steady,0
candidate,554,6155555494,500000000,late_window,early,425000000,295138,4722208,295139,4722224,9444432,309438154,500000000,steady,0
candidate,555,6166666605,500000000,late_window,early,425000000,295138,4722208,295139,4722224,9444432,307771475,500000000,steady,0
candidate,556,6177777716,500000000,late_window,early,425000000,295138,4722208,295139,4722224,9444432,306104796,500000000,steady,0
candidate,557,6188888827,500000000,late_window,early,425000000,295138,4722208,295139,4722224,9444432,304438117,500000000,steady,0
candidate,558,6199999938,500000000,late_window,early,425000000,295138,4722208,295139,4722224,9444432,302771438,500000000,steady,0
candidate,559,6211111049,500000000,late_window,early,425000000,295138,4722208,295139,4722224,9444432,301104759,500000000,steady,0
candidate,560,6222222160,500000000,late_window,early,425000000,295138,4722208,295139,4722224,9444432,299438080,500000000,steady,0
candidate,561,6233333271,500000000,late_window,early,425000000,295138,4722208,295139,4722224,9444432,297771401,500000000,steady,0
candidate,562,6244444382,500000000,late_window,early,425000000,295138,4722208,295139,4722224,9444432,296104722,500000000,steady,0
candidate,563,6255555493,500000000,late_window,early,425000000,295138,4722208,295139,4722224,9444432,294438043,500000000,steady,0
candidate,564,6266666604,500000000,late_window,early,425000000,295138,4722208,295139,4722224,9444432,292771364,500000000,steady,0
candidate,565,6277777715,500000000,late_window,early,425000000,295138,4722208,295139,4722224,9444432,291104685,500000000,steady,0
candidate,566,6288888826,500000000,late_window,early,425000000,295138,4722208,295139,4722224,9444432,289438006,500000000,steady,0
candidate,567,6299999937,500000000,late_window,early,425000000,295138,4722208,295139,4722224,9444432,287771327,500000000,steady,0
candidate,568,6311111048,500000000,late_window,early,425000000,295138,4722208,295139,4722224,9444432,286104648,500000000,steady,0
candidate,569,6322222159,500000000,late_window,early,425000000,295138,4722208,295139,4722224,9444432,284437969,500000000,steady,0
candidate,570,6333333270,500000000,late_window,early,425000000,295138,4722208,295139,4722224,9444432,282771290,500000000,steady,0
candidate,571,6344444381,500000000,late_window,early,425000000,295138,4722208,295139,4722224,9444432,281104611,500000000,steady,0
candidate,572,6355555492,500000000,late_window,early,425000000,295138,4722208,295139,4722224,9444432,279437932,500000000,steady,0
candidate,573,6366666603,500000000,late_window,early,425000000,295138,4722208,295139,4722224,9444432,277771253,500000000,steady,0
candidate,574,6377777714,500000000,late_window,early,425000000,295138,4722208,295139,4722224,9444432,276104574,500000000,steady,0
candidate,575,6388888825,500000000,late_window,early,425000000,295138,4722208,295139,4722224,9444432,274437895,500000000,steady,0
candidate,576,6399999936,500000000,late_window,early,425000000,295138,4722208,295139,4722224,9444432,272771216,500000000,steady,0
candidate,577,6411111047,500000000,late_window,early,425000000,295138,4722208,295139,4722224,9444432,271104537,500000000,steady,0
candidate,578,6422222158,500000000,late_window,early,425000000,295138,4722208,295139,4722224,9444432,269437858,500000000,steady,0
candidate,579,6433333269,500000000,late_window,early,425000000,295138,4722208,295139,4722224,9444432,267771179,500000000,steady,0
candidate,580,6444444380,500000000,late_window,early,425000000,295138,4722208,295139,4722224,9444432,266104500,500000000,steady,0
candidate,581,6455555491,500000000,late_window,early,425000000,295138,4722208,295139,4722224,9444432,264437821,500000000,steady,0
candidate,582,6466666602,500000000,late_window,early,425000000,295138,4722208,295139,4722224,9444432,262771142,500000000,steady,0
candidate,583,6477777713,500000000,late_window,early,425000000,295138,4722208,295139,4722224,9444432,261104463,500000000,steady,0
candidate,584,6488888824,500000000,late_window,early,425000000,295138,4722208,295139,4722224,9444432,259437784,500000000,steady,0
candidate,585,6499999935,500000000,late_window,early,425000000,295138,4722208,295139,4722224,9444432,257771105,500000000,steady,0
candidate,586,6511111046,500000000,late_window,early,425000000,295138,4722208,295139,4722224,9444432,256104426,500000000,steady,0
candidate,587,6522222157,500000000,late_window,early,425000000,295138,4722208,295139,4722224,9444432,254437747,500000000,steady,0
candidate,588,6533333268,500000000,late_window,early,425000000,295138,4722208,295139,4722224,9444432,252771068,500000000,steady,0
candidate,589,6544444379,500000000,late_window,early,425000000,295138,4722208,295139,4722224,9444432,251104389,500000000,steady,0
candidate,590,6555555490,500000000,late_window,early,425000000,295138,4722208,295139,4722224,9444432,249437710,500000000,steady,0
candidate,591,6566666601,500000000,late_window,early,425000000,295138,4722208,295139,4722224,9444432,247771031,500000000,steady,0
candidate,592,6577777712,500000000,late_window,early,425000000,295138,4722208,295139,4722224,9444432,246104352,500000000,steady,0
candidate,593,6588888823,500000000,late_window,early,425000000,295138,4722208,295139,4722224,9444432,244437673,500000000,steady,0
candidate,594,6599999934,500000000,late_window,early,425000000,295138,4722208,295139,4722224,9444432,242770994,500000000,steady,0
candidate,595,6611111045,500000000,late_window,early,425000000,295138,4722208,295139,4722224,9444432,241104315,500000000,steady,0
candidate,596,6622222156,500000000,late_window,early,425000000,295138,4722208,295139,4722224,9444432,239437636,500000000,steady,0
candidate,597,6633333267,500000000,late_window,early,425000000,295138,4722208,295139,4722224,9444432,237770957,500000000,steady,0
candidate,598,6644444378,500000000,late_window,early,425000000,295138,4722208,295139,4722224,9444432,236104278,500000000,steady,0
candidate,599,6655555489,500000000,late_window,early,425000000,295138,4722208,295139,4722224,9444432,234437599,500000000,steady,0
candidate,600,6666666600,500000000,late_window,early,425000000,295138,4722208,295139,4722224,9444432,232770920,500000000,steady,0
candidate,601,6677777711,500000000,late_window,early,425000000,295138,4722208,295139,4722224,9444432,231104241,500000000,steady,0
candidate,602,6688888822,500000000,late_window,early,425000000,295138,4722208,295139,4722224,9444432,229437562,500000000,steady,0
candidate,603,6699999933,500000000,late_window,early,425000000,295138,4722208,295139,4722224,9444432,227770883,500000000,steady,0
candidate,604,6711111044,500000000,late_window,early,425000000,295138,4722208,295139,4722224,9444432,226104204,500000000,steady,0
candidate,605,6722222155,500000000,late_window,early,425000000,295138,4722208,295139,4722224,9444432,224437525,500000000,steady,0
candidate,606,6733333266,500000000,late_window,early,425000000,295138,4722208,295139,4722224,9444432,222770846,500000000,steady,0
candidate,607,6744444377,500000000,late_window,early,425000000,295138,4722208,295139,4722224,9444432,221104167,500000000,steady,0
candidate,608,6755555488,500000000,late_window,early,425000000,295138,4722208,295139,4722224,9444432,219437488,500000000,steady,0
candidate,609,6766666599,500000000,late_window,early,425000000,295138,4722208,295139,4722224,9444432,217770809,500000000,steady,0
candidate,610,6777777710,500000000,late_window,early,425000000,295138,4722208,295139,4722224,9444432,216104130,500000000,steady,0
candidate,611,6788888821,500000000,late_window,early,425000000,295138,4722208,295139,4722224,9444432,214437451,500000000,steady,0
candidate,612,6799999932,500000000,late_window,early,425000000,295138,4722208,295139,4722224,9444432,212770772,500000000,steady,0
candidate,613,6811111043,500000000,late_window,early,425000000,295138,4722208,295139,4722224,9444432,211104093,500000000,steady,0
candidate,614,6822222154,500000000,late_window,early,425000000,295138,4722208,295139,4722224,9444432,209437414,500000000,steady,0
candidate,615,6833333265,500000000,late_window,early,425000000,295138,4722208,295139,4722224,9444432,207770735,500000000,steady,0
candidate,616,6844444376,500000000,late_window,early,425000000,295138,4722208,295139,4722224,9444432,206104056,500000000,steady,0
candidate,617,6855555487,500000000,late_window,early,425000000,295138,4722208,295139,4722224,9444432,204437377,500000000,steady,0
candidate,618,6866666598,500000000,late_window,early,425000000,295138,4722208,295139,4722224,9444432,202770698,500000000,steady,0
candidate,619,6877777709,500000000,late_window,early,425000000,295138,4722208,295139,4722224,9444432,201104019,500000000,steady,0
candidate,620,6888888820,500000000,late_window,early,425000000,295138,4722208,295139,4722224,9444432,199437340,500000000,steady,0
candidate,621,6899999931,500000000,late_window,early,425000000,295138,4722208,295139,4722224,9444432,197770661,500000000,steady,0
candidate,622,6911111042,500000000,late_window,early,425000000,295138,4722208,295139,4722224,9444432,196103982,500000000,steady,0
candidate,623,6922222153,500000000,late_window,early,425000000,295138,4722208,295139,4722224,9444432,194437303,500000000,steady,0
candidate,624,6933333264,500000000,late_window,early,425000000,295138,4722208,295139,4722224,9444432,192770624,500000000,steady,0
candidate,625,6944444375,500000000,late_window,early,425000000,295138,4722208,295139,4722224,9444432,191103945,500000000,steady,0
candidate,626,6955555486,500000000,late_window,early,425000000,295138,4722208,295139,4722224,9444432,189437266,500000000,steady,0
candidate,627,6966666597,500000000,late_window,early,425000000,295138,4722208,295139,4722224,9444432,187770587,500000000,steady,0
candidate,628,6977777708,500000000,late_window,early,425000000,295138,4722208,295139,4722224,9444432,186103908,500000000,steady,0
candidate,629,6988888819,500000000,late_window,early,425000000,295138,4722208,295139,4722224,9444432,184437229,500000000,steady,0
candidate,630,6999999930,500000000,late_window,early,425000000,295138,4722208,295139,4722224,9444432,182770550,500000000,steady,0
candidate,631,7011111041,500000000,late_window,early,425000000,295138,4722208,295139,4722224,9444432,181103871,500000000,steady,0
candidate,632,7022222152,500000000,late_window,early,425000000,295138,4722208,295139,4722224,9444432,179437192,500000000,steady,0
candidate,633,7033333263,500000000,late_window,early,425000000,295138,4722208,295139,4722224,9444432,177770513,500000000,steady,0
candidate,634,7044444374,500000000,late_window,early,425000000,295138,4722208,295139,4722224,9444432,176103834,500000000,steady,0
candidate,635,7055555485,500000000,late_window,early,425000000,295138,4722208,295139,4722224,9444432,174437155,500000000,steady,0
candidate,636,7066666596,500000000,late_window,early,425000000,295138,4722208,295139,4722224,9444432,172770476,500000000,steady,0
candidate,637,7077777707,500000000,late_window,early,425000000,295138,4722208,295139,4722224,9444432,171103797,500000000,steady,0
candidate,638,7088888818,500000000,late_window,early,425000000,295138,4722208,295139,4722224,9444432,169437118,500000000,steady,0
candidate,639,7099999929,500000000,late_window,early,425000000,295138,4722208,295139,4722224,9444432,167770439,500000000,steady,0
candidate,640,7111111040,500000000,late_window,early,425000000,295138,4722208,295139,4722224,9444432,166103760,500000000,steady,0
candidate,641,7122222151,500000000,late_window,early,425000000,295138,4722208,295139,4722224,9444432,164437081,500000000,steady,0
candidate,642,7133333262,500000000,late_window,early,425000000,295138,4722208,295139,4722224,9444432,162770402,500000000,steady,0
candidate,643,7144444373,500000000,late_window,early,425000000,295138,4722208,295139,4722224,9444432,161103723,500000000,steady,0
candidate,644,7155555484,500000000,late_window,early,425000000,295138,4722208,295139,4722224,9444432,159437044,500000000,steady,0
candidate,645,7166666595,500000000,late_window,early,425000000,295138,4722208,295139,4722224,9444432,157770365,500000000,steady,0
candidate,646,7177777706,500000000,late_window,early,425000000,295138,4722208,295139,4722224,9444432,156103686,500000000,steady,0
candidate,647,7188888817,500000000,late_window,early,425000000,295138,4722208,295139,4722224,9444432,154437007,500000000,steady,0
candidate,648,7199999928,500000000,late_window,early,425000000,295138,4722208,295139,4722224,9444432,152770328,500000000,steady,0
candidate,649,7211111039,500000000,late_window,early,425000000,295138,4722208,295139,4722224,9444432,151103649,500000000,steady,0
candidate,650,7222222150,500000000,late_window,early,425000000,295138,4722208,295139,4722224,9444432,149436970,500000000,steady,0
candidate,651,7233333261,500000000,late_window,early,425000000,295138,4722208,295139,4722224,9444432,147770291,500000000,steady,0
candidate,652,7244444372,500000000,late_window,early,425000000,295138,4722208,295139,4722224,9444432,146103612,500000000,steady,0
candidate,653,7255555483,500000000,late_window,early,425000000,295138,4722208,295139,4722224,9444432,144436933,500000000,steady,0
candidate,654,7266666594,500000000,late_window,early,425000000,295138,4722208,295139,4722224,9444432,142770254,500000000,steady,0
candidate,655,7277777705,500000000,late_window,early,425000000,295138,4722208,295139,4722224,9444432,141103575,500000000,steady,0
candidate,656,7288888816,500000000,late_window,early,425000000,295138,4722208,295139,4722224,9444432,139436896,500000000,steady,0
candidate,657,7299999927,500000000,late_window,early,425000000,295138,4722208,295139,4722224,9444432,137770217,500000000,steady,0
candidate,658,7311111038,500000000,late_window,early,425000000,295138,4722208,295139,4722224,9444432,136103538,500000000,steady,0
candidate,659,7322222149,500000000,late_window,early,425000000,295138,4722208,295139,4722224,9444432,134436859,500000000,steady,0
candidate,660,7333333260,500000000,late_window,early,425000000,295138,4722208,295139,4722224,9444432,132770180,500000000,steady,0
candidate,661,7344444371,500000000,late_window,early,425000000,295138,4722208,295139,4722224,9444432,131103501,500000000,steady,0
candidate,662,7355555482,500000000,late_window,early,425000000,295138,4722208,295139,4722224,9444432,129436822,500000000,steady,0
candidate,663,7366666593,500000000,late_window,early,425000000,295138,4722208,295139,4722224,9444432,127770143,500000000,steady,0
candidate,664,7377777704,500000000,late_window,early,425000000,295138,4722208,295139,4722224,9444432,126103464,500000000,steady,0
candidate,665,7388888815,500000000,late_window,early,425000000,295138,4722208,295139,4722224,9444432,124436785,500000000,steady,0
candidate,666,7399999926,500000000,late_window,early,425000000,295138,4722208,295139,4722224,9444432,122770106,500000000,steady,0
candidate,667,7411111037,500000000,late_window,early,425000000,295138,4722208,295139,4722224,9444432,121103427,500000000,steady,0
candidate,668,7422222148,500000000,late_window,early,425000000,295138,4722208,295139,4722224,9444432,119436748,500000000,steady,0
candidate,669,7433333259,500000000,late_window,early,425000000,295138,4722208,295139,4722224,9444432,117770069,500000000,steady,0
candidate,670,7444444370,500000000,late_window,early,425000000,295138,4722208,295139,4722224,9444432,116103390,500000000,steady,0
candidate,671,7455555481,500000000,late_window,early,425000000,295138,4722208,295139,4722224,9444432,114436711,500000000,steady,0
candidate,672,7466666592,500000000,late_window,early,425000000,295138,4722208,295139,4722224,9444432,112770032,500000000,steady,0
candidate,673,7477777703,500000000,late_window,early,425000000,295138,4722208,295139,4722224,9444432,111103353,500000000,steady,0
candidate,674,7488888814,500000000,late_window,early,425000000,295138,4722208,295139,4722224,9444432,109436674,500000000,steady,0
candidate,675,7499999925,500000000,late_window,early,425000000,295138,4722208,295139,4722224,9444432,107769995,500000000,steady,0
candidate,676,7511111036,500000000,late_window,early,425000000,295138,4722208,295139,4722224,9444432,106103316,500000000,steady,0
candidate,677,7522222147,500000000,late_window,early,425000000,295138,4722208,295139,4722224,9444432,104436637,500000000,steady,0
candidate,678,7533333258,500000000,late_window,early,425000000,295138,4722208,295139,4722224,9444432,102769958,500000000,steady,0
candidate,679,7544444369,500000000,late_window,early,425000000,295138,4722208,295139,4722224,9444432,101103279,500000000,steady,0
candidate,680,7555555480,500000000,late_window,early,425000000,295138,4722208,295139,4722224,9444432,99436600,500000000,steady,0
candidate,681,7566666591,500000000,late_window,early,425000000,295138,4722208,295139,4722224,9444432,97769921,500000000,steady,0
candidate,682,7577777702,500000000,late_window,early,425000000,295138,4722208,295139,4722224,9444432,96103242,500000000,steady,0
candidate,683,7588888813,500000000,late_window,early,425000000,295138,4722208,295139,4722224,9444432,94436563,500000000,steady,0
candidate,684,7599999924,500000000,late_window,early,425000000,295138,4722208,295139,4722224,9444432,92769884,500000000,steady,0
candidate,685,7611111035,500000000,late_window,early,425000000,295138,4722208,295139,4722224,9444432,91103205,500000000,steady,0
candidate,686,7622222146,500000000,late_window,early,425000000,295138,4722208,295139,4722224,9444432,89436526,500000000,steady,0
candidate,687,7633333257,500000000,late_window,early,425000000,295138,4722208,295139,4722224,9444432,87769847,500000000,steady,0
candidate,688,7644444368,500000000,late_window,early,425000000,295138,4722208,295139,4722224,9444432,86103168,500000000,steady,0
candidate,689,7655555479,500000000,late_window,early,425000000,295138,4722208,295139,4722224,9444432,84436489,500000000,steady,0
candidate,690,7666666590,500000000,late_window,early,425000000,295138,4722208,295139,4722224,9444432,82769810,500000000,steady,0
candidate,691,7677777701,500000000,late_window,early,425000000,295138,4722208,295139,4722224,9444432,81103131,500000000,steady,0
candidate,692,7688888812,500000000,late_window,early,425000000,295138,4722208,295139,4722224,9444432,79436452,500000000,steady,0
candidate,693,7699999923,500000000,late_window,early,425000000,295138,4722208,295139,4722224,9444432,77769773,500000000,steady,0
candidate,694,7711111034,500000000,late_window,early,425000000,295138,4722208,295139,4722224,9444432,76103094,500000000,steady,0
candidate,695,7722222145,500000000,late_window,early,425000000,295138,4722208,295139,4722224,9444432,74436415,500000000,steady,0
candidate,696,7733333256,500000000,late_window,early,425000000,295138,4722208,295139,4722224,9444432,72769736,500000000,steady,0
candidate,697,7744444367,500000000,late_window,early,425000000,295138,4722208,295139,4722224,9444432,71103057,500000000,steady,0
candidate,698,7755555478,500000000,late_window,early,425000000,295138,4722208,295139,4722224,9444432,69436378,500000000,steady,0
candidate,699,7766666589,500000000,late_window,early,425000000,295138,4722208,295139,4722224,9444432,67769699,500000000,steady,0
candidate,700,7777777700,500000000,late_window,early,425000000,295138,4722208,295139,4722224,9444432,66103020,500000000,steady,0
candidate,701,7788888811,500000000,late_window,early,425000000,295138,4722208,295139,4722224,9444432,64436341,500000000,steady,0
candidate,702,7799999922,500000000,late_window,early,425000000,295138,4722208,295139,4722224,9444432,62769662,500000000,steady,0
candidate,703,7811111033,500000000,late_window,early,425000000,295138,4722208,295139,4722224,9444432,61102983,500000000,steady,0
candidate,704,7822222144,500000000,late_window,early,425000000,295138,4722208,295139,4722224,9444432,59436304,500000000,steady,0
candidate,705,7833333255,500000000,late_window,early,425000000,295138,4722208,295139,4722224,9444432,57769625,500000000,steady,0
candidate,706,7844444366,500000000,late_window,early,425000000,295138,4722208,295139,4722224,9444432,56102946,500000000,steady,0
candidate,707,7855555477,500000000,late_window,early,425000000,295138,4722208,295139,4722224,9444432,54436267,500000000,steady,0
candidate,708,7866666588,500000000,late_window,early,425000000,295138,4722208,295139,4722224,9444432,52769588,500000000,steady,0
candidate,709,7877777699,500000000,late_window,early,425000000,295138,4722208,295139,4722224,9444432,51102909,500000000,steady,0
candidate,710,7888888810,500000000,late_window,early,425000000,295138,4722208,295139,4722224,9444432,49436230,500000000,steady,0
candidate,711,7899999921,500000000,late_window,early,425000000,295138,4722208,295139,4722224,9444432,47769551,500000000,steady,0
candidate,712,7911111032,500000000,late_window,early,425000000,295138,4722208,295139,4722224,9444432,46102872,500000000,steady,0
candidate,713,7922222143,500000000,late_window,early,425000000,295138,4722208,295139,4722224,9444432,44436193,500000000,steady,0
candidate,714,7933333254,500000000,late_window,early,425000000,295138,4722208,295139,4722224,9444432,42769514,500000000,steady,0
candidate,715,7944444365,500000000,late_window,early,425000000,295138,4722208,295139,4722224,9444432,41102835,500000000,steady,0
candidate,716,7955555476,500000000,late_window,early,425000000,295138,4722208,295139,4722224,9444432,39436156,500000000,steady,0
candidate,717,7966666587,500000000,late_window,early,425000000,295138,4722208,295139,4722224,9444432,37769477,500000000,steady,0
candidate,718,7977777698,500000000,late_window,early,425000000,295138,4722208,295139,4722224,9444432,36102798,500000000,steady,0
candidate,719,7988888809,500000000,late_window,early,425000000,295138,4722208,295139,4722224,9444432,34436119,500000000,steady,0
candidate,720,7999999920,500000000,late_window,early,425000000,295138,4722208,295139,4722224,9444432,32769440,500000000,steady,0
candidate,721,8011111031,500000000,late_window,early,425000000,295138,4722208,295139,4722224,9444432,31102761,500000000,steady,0
candidate,722,8022222142,500000000,late_window,early,425000000,295138,4722208,295139,4722224,9444432,29436082,500000000,steady,0
candidate,723,8033333253,500000000,late_window,early,425000000,295138,4722208,295139,4722224,9444432,27769403,500000000,steady,0
candidate,724,8044444364,500000000,late_window,early,425000000,295138,4722208,295139,4722224,9444432,26102724,500000000,steady,0
candidate,725,8055555475,500000000,late_window,early,425000000,295138,4722208,295139,4722224,9444432,24436045,500000000,steady,0
candidate,726,8066666586,500000000,late_window,early,425000000,295138,4722208,295139,4722224,9444432,22769366,500000000,steady,0
candidate,727,8077777697,500000000,late_window,early,425000000,295138,4722208,295139,4722224,9444432,21102687,500000000,steady,0
candidate,728,8088888808,500000000,late_window,early,425000000,295138,4722208,295139,4722224,9444432,19436008,500000000,steady,0
candidate,729,8099999919,500000000,late_window,early,425000000,295138,4722208,295139,4722224,9444432,17769329,500000000,steady,0
candidate,730,8111111030,500000000,late_window,early,425000000,295138,4722208,295139,4722224,9444432,16102650,500000000,steady,0
candidate,731,8122222141,500000000,late_window,early,425000000,295138,4722208,295139,4722224,9444432,14435971,500000000,steady,0
candidate,732,8133333252,500000000,late_window,early,425000000,295138,4722208,295139,4722224,9444432,12769292,500000000,steady,0
candidate,733,8144444363,500000000,late_window,early,425000000,295138,4722208,295139,4722224,9444432,11102613,500000000,steady,0
candidate,734,8155555474,500000000,late_window,early,425000000,295138,4722208,295139,4722224,9444432,9435934,500000000,steady,0
candidate,735,8166666585,500000000,late_window,early,425000000,295138,4722208,295139,4722224,9444432,7769255,500000000,steady,0
candidate,736,8177777696,500000000,late_window,early,425000000,295138,4722208,295139,4722224,9444432,6102576,500000000,steady,0
candidate,737,8188888807,500000000,late_window,early,425000000,295138,4722208,295139,4722224,9444432,4435897,500000000,steady,0
candidate,738,8199999918,500000000,late_window,early,425000000,295138,4722208,295139,4722224,9444432,2769218,500000000,steady,0
candidate,739,8211111029,500000000,late_window,early,425000000,295138,4722208,295139,4722224,9444432,1102539,500000000,steady,0
candidate,740,8222222140,500000000,late_window,early,425000000,295138,4722208,295139,4722224,9444432,0,500000000,steady,0
candidate,741,8233333251,500000000,late_window,early,425000000,295138,4722208,295139,4722224,9444432,0,500000000,steady,0
candidate,742,8244444362,500000000,late_window,early,425000000,295138,4722208,295139,4722224,9444432,0,500000000,steady,0
candidate,743,8255555473,500000000,late_window,early,425000000,295138,4722208,295139,4722224,9444432,0,500000000,steady,0
candidate,744,8266666584,500000000,late_window,early,425000000,295138,4722208,295139,4722224,9444432,0,500000000,steady,0
candidate,745,8277777695,500000000,late_window,early,425000000,295138,4722208,295139,4722224,9444432,0,500000000,steady,0
candidate,746,8288888806,500000000,late_window,early,425000000,295138,4722208,295139,4722224,9444432,0,500000000,steady,0
candidate,747,8299999917,500000000,late_window,early,425000000,295138,4722208,295139,4722224,9444432,0,500000000,steady,0
candidate,748,8311111028,500000000,late_window,early,425000000,295138,4722208,295139,4722224,9444432,0,500000000,steady,0
candidate,749,8322222139,500000000,late_window,early,425000000,295138,4722208,295139,4722224,9444432,0,500000000,steady,0
candidate,750,8333333250,500000000,late_window,early,425000000,295138,4722208,295139,4722224,9444432,0,500000000,steady,0
candidate,751,8344444361,500000000,late_window,early,425000000,295138,4722208,295139,4722224,9444432,0,500000000,steady,0
candidate,752,8355555472,500000000,late_window,early,425000000,295138,4722208,295139,4722224,9444432,0,500000000,steady,0
candidate,753,8366666583,500000000,late_window,early,425000000,295138,4722208,295139,4722224,9444432,0,500000000,steady,0
candidate,754,8377777694,500000000,late_window,early,425000000,295138,4722208,295139,4722224,9444432,0,500000000,steady,0
candidate,755,8388888805,500000000,late_window,early,425000000,295138,4722208,295139,4722224,9444432,0,500000000,steady,0
candidate,756,8399999916,500000000,late_window,early,425000000,295138,4722208,295139,4722224,9444432,0,500000000,steady,0
candidate,757,8411111027,500000000,late_window,early,425000000,295138,4722208,295139,4722224,9444432,0,500000000,steady,0
candidate,758,8422222138,500000000,late_window,early,425000000,295138,4722208,295139,4722224,9444432,0,500000000,steady,0
candidate,759,8433333249,500000000,late_window,early,425000000,295138,4722208,295139,4722224,9444432,0,500000000,steady,0
candidate,760,8444444360,500000000,late_window,early,425000000,295138,4722208,295139,4722224,9444432,0,500000000,steady,0
candidate,761,8455555471,500000000,late_window,early,425000000,295138,4722208,295139,4722224,9444432,0,500000000,steady,0
candidate,762,8466666582,500000000,late_window,early,425000000,295138,4722208,295139,4722224,9444432,0,500000000,steady,0
candidate,763,8477777693,500000000,late_window,early,425000000,295138,4722208,295139,4722224,9444432,0,500000000,steady,0
candidate,764,8488888804,500000000,late_window,early,425000000,295138,4722208,295139,4722224,9444432,0,500000000,steady,0
candidate,765,8499999915,500000000,late_window,early,425000000,295138,4722208,295139,4722224,9444432,0,500000000,steady,0
candidate,766,8511111026,500000000,late_window,early,425000000,295138,4722208,295139,4722224,9444432,0,500000000,steady,0
candidate,767,8522222137,500000000,late_window,early,425000000,295138,4722208,295139,4722224,9444432,0,500000000,steady,0
candidate,768,8533333248,500000000,late_window,early,425000000,295138,4722208,295139,4722224,9444432,0,500000000,steady,0
candidate,769,8544444359,500000000,late_window,early,425000000,295138,4722208,295139,4722224,9444432,0,500000000,steady,0
candidate,770,8555555470,500000000,late_window,early,425000000,295138,4722208,295139,4722224,9444432,0,500000000,steady,0
candidate,771,8566666581,500000000,late_window,early,425000000,295138,4722208,295139,4722224,9444432,0,500000000,steady,0
candidate,772,8577777692,500000000,late_window,early,425000000,295138,4722208,295139,4722224,9444432,0,500000000,steady,0
candidate,773,8588888803,500000000,late_window,early,425000000,295138,4722208,295139,4722224,9444432,0,500000000,steady,0
candidate,774,8599999914,500000000,late_window,early,425000000,295138,4722208,295139,4722224,9444432,0,500000000,steady,0
candidate,775,8611111025,500000000,late_window,early,425000000,295138,4722208,295139,4722224,9444432,0,500000000,steady,0
candidate,776,8622222136,500000000,late_window,early,425000000,295138,4722208,295139,4722224,9444432,0,500000000,steady,0
candidate,777,8633333247,500000000,late_window,early,425000000,295138,4722208,295139,4722224,9444432,0,500000000,steady,0
candidate,778,8644444358,500000000,late_window,early,425000000,295138,4722208,295139,4722224,9444432,0,500000000,steady,0
candidate,779,8655555469,500000000,late_window,early,425000000,295138,4722208,295139,4722224,9444432,0,500000000,steady,0
candidate,780,8666666580,500000000,late_window,early,425000000,295138,4722208,295139,4722224,9444432,0,500000000,steady,0
candidate,781,8677777691,500000000,late_window,early,425000000,295138,4722208,295139,4722224,9444432,0,500000000,steady,0
candidate,782,8688888802,500000000,late_window,early,425000000,295138,4722208,295139,4722224,9444432,0,500000000,steady,0
candidate,783,8699999913,500000000,late_window,early,425000000,295138,4722208,295139,4722224,9444432,0,500000000,steady,0
candidate,784,8711111024,500000000,late_window,early,425000000,295138,4722208,295139,4722224,9444432,0,500000000,steady,0
candidate,785,8722222135,500000000,late_window,early,425000000,295138,4722208,295139,4722224,9444432,0,500000000,steady,0
candidate,786,8733333246,500000000,late_window,early,425000000,295138,4722208,295139,4722224,9444432,0,500000000,steady,0
candidate,787,8744444357,500000000,late_window,early,425000000,295138,4722208,295139,4722224,9444432,0,500000000,steady,0
candidate,788,8755555468,500000000,late_window,early,425000000,295138,4722208,295139,4722224,9444432,0,500000000,steady,0
candidate,789,8766666579,500000000,late_window,early,425000000,295138,4722208,295139,4722224,9444432,0,500000000,steady,0
candidate,790,8777777690,500000000,late_window,early,425000000,295138,4722208,295139,4722224,9444432,0,500000000,steady,0
candidate,791,8788888801,500000000,late_window,early,425000000,295138,4722208,295139,4722224,9444432,0,500000000,steady,0
candidate,792,8799999912,500000000,late_window,early,425000000,295138,4722208,295139,4722224,9444432,0,500000000,steady,0
candidate,793,8811111023,500000000,late_window,early,425000000,295138,4722208,295139,4722224,9444432,0,500000000,steady,0
candidate,794,8822222134,500000000,late_window,early,425000000,295138,4722208,295139,4722224,9444432,0,500000000,steady,0
candidate,795,8833333245,500000000,late_window,early,425000000,295138,4722208,295139,4722224,9444432,0,500000000,steady,0
candidate,796,8844444356,500000000,late_window,early,425000000,295138,4722208,295139,4722224,9444432,0,500000000,steady,0
candidate,797,8855555467,500000000,late_window,early,425000000,295138,4722208,295139,4722224,9444432,0,500000000,steady,0
candidate,798,8866666578,500000000,late_window,early,425000000,295138,4722208,295139,4722224,9444432,0,500000000,steady,0
candidate,799,8877777689,500000000,late_window,early,425000000,295138,4722208,295139,4722224,9444432,0,500000000,steady,0
candidate,800,8888888800,500000000,late_window,early,425000000,295138,4722208,295139,4722224,9444432,0,500000000,steady,0
candidate,801,8899999911,500000000,late_window,early,425000000,295138,4722208,295139,4722224,9444432,0,500000000,steady,0
candidate,802,8911111022,500000000,late_window,early,425000000,295138,4722208,295139,4722224,9444432,0,500000000,steady,0
candidate,803,8922222133,500000000,late_window,early,425000000,295138,4722208,295139,4722224,9444432,0,500000000,steady,0
candidate,804,8933333244,500000000,late_window,early,425000000,295138,4722208,295139,4722224,9444432,0,500000000,steady,0
candidate,805,8944444355,500000000,late_window,early,425000000,295138,4722208,295139,4722224,9444432,0,500000000,steady,0
candidate,806,8955555466,500000000,late_window,early,425000000,295138,4722208,295139,4722224,9444432,0,500000000,steady,0
candidate,807,8966666577,500000000,late_window,early,425000000,295138,4722208,295139,4722224,9444432,0,500000000,steady,0
candidate,808,8977777688,500000000,late_window,early,425000000,295138,4722208,295139,4722224,9444432,0,500000000,steady,0
candidate,809,8988888799,500000000,late_window,early,425000000,295138,4722208,295139,4722224,9444432,0,500000000,steady,0
candidate,810,8999999910,500000000,late_window,early,425000000,295138,4722208,295139,4722224,9444432,0,500000000,steady,0
candidate,811,9011111021,500000000,late_window,early,425000000,295138,4722208,295139,4722224,9444432,0,500000000,steady,0
candidate,812,9022222132,500000000,late_window,early,425000000,295138,4722208,295139,4722224,9444432,0,500000000,steady,0
candidate,813,9033333243,500000000,late_window,early,425000000,295138,4722208,295139,4722224,9444432,0,500000000,steady,0
candidate,814,9044444354,500000000,late_window,early,425000000,295138,4722208,295139,4722224,9444432,0,500000000,steady,0
candidate,815,9055555465,500000000,late_window,early,425000000,295138,4722208,295139,4722224,9444432,0,500000000,steady,0
candidate,816,9066666576,500000000,late_window,early,425000000,295138,4722208,295139,4722224,9444432,0,500000000,steady,0
candidate,817,9077777687,500000000,late_window,early,425000000,295138,4722208,295139,4722224,9444432,0,500000000,steady,0
candidate,818,9088888798,500000000,late_window,early,425000000,295138,4722208,295139,4722224,9444432,0,500000000,steady,0
candidate,819,9099999909,500000000,late_window,early,425000000,295138,4722208,295139,4722224,9444432,0,500000000,steady,0
candidate,820,9111111020,500000000,late_window,early,425000000,295138,4722208,295139,4722224,9444432,0,500000000,steady,0
candidate,821,9122222131,500000000,late_window,early,425000000,295138,4722208,295139,4722224,9444432,0,500000000,steady,0
candidate,822,9133333242,500000000,late_window,early,425000000,295138,4722208,295139,4722224,9444432,0,500000000,steady,0
candidate,823,9144444353,500000000,late_window,early,425000000,295138,4722208,295139,4722224,9444432,0,500000000,steady,0
candidate,824,9155555464,500000000,late_window,early,425000000,295138,4722208,295139,4722224,9444432,0,500000000,steady,0
candidate,825,9166666575,500000000,late_window,early,425000000,295138,4722208,295139,4722224,9444432,0,500000000,steady,0
candidate,826,9177777686,500000000,late_window,early,425000000,295138,4722208,295139,4722224,9444432,0,500000000,steady,0
candidate,827,9188888797,500000000,late_window,early,425000000,295138,4722208,295139,4722224,9444432,0,500000000,steady,0
candidate,828,9199999908,500000000,late_window,early,425000000,295138,4722208,295139,4722224,9444432,0,500000000,steady,0
candidate,829,9211111019,500000000,late_window,early,425000000,295138,4722208,295139,4722224,9444432,0,500000000,steady,0
candidate,830,9222222130,500000000,late_window,early,425000000,295138,4722208,295139,4722224,9444432,0,500000000,steady,0
candidate,831,9233333241,500000000,late_window,early,425000000,295138,4722208,295139,4722224,9444432,0,500000000,steady,0
candidate,832,9244444352,500000000,late_window,early,425000000,295138,4722208,295139,4722224,9444432,0,500000000,steady,0
candidate,833,9255555463,500000000,late_window,early,425000000,295138,4722208,295139,4722224,9444432,0,500000000,steady,0
candidate,834,9266666574,500000000,late_window,early,425000000,295138,4722208,295139,4722224,9444432,0,500000000,steady,0
candidate,835,9277777685,500000000,late_window,early,425000000,295138,4722208,295139,4722224,9444432,0,500000000,steady,0
candidate,836,9288888796,500000000,late_window,early,425000000,295138,4722208,295139,4722224,9444432,0,500000000,steady,0
candidate,837,9299999907,500000000,late_window,early,425000000,295138,4722208,295139,4722224,9444432,0,500000000,steady,0
candidate,838,9311111018,500000000,late_window,early,425000000,295138,4722208,295139,4722224,9444432,0,500000000,steady,0
candidate,839,9322222129,500000000,late_window,early,425000000,295138,4722208,295139,4722224,9444432,0,500000000,steady,0
candidate,840,9333333240,500000000,late_window,early,425000000,295138,4722208,295139,4722224,9444432,0,500000000,steady,0
candidate,841,9344444351,500000000,late_window,early,425000000,295138,4722208,295139,4722224,9444432,0,500000000,steady,0
candidate,842,9355555462,500000000,late_window,early,425000000,295138,4722208,295139,4722224,9444432,0,500000000,steady,0
candidate,843,9366666573,500000000,late_window,early,425000000,295138,4722208,295139,4722224,9444432,0,500000000,steady,0
candidate,844,9377777684,500000000,late_window,early,425000000,295138,4722208,295139,4722224,9444432,0,500000000,steady,0
candidate,845,9388888795,500000000,late_window,early,425000000,295138,4722208,295139,4722224,9444432,0,500000000,steady,0
candidate,846,9399999906,500000000,late_window,early,425000000,295138,4722208,295139,4722224,9444432,0,500000000,steady,0
candidate,847,9411111017,500000000,late_window,early,425000000,295138,4722208,295139,4722224,9444432,0,500000000,steady,0
candidate,848,9422222128,500000000,late_window,early,425000000,295138,4722208,295139,4722224,9444432,0,500000000,steady,0
candidate,849,9433333239,500000000,late_window,early,425000000,295138,4722208,295139,4722224,9444432,0,500000000,steady,0
candidate,850,9444444350,500000000,late_window,early,425000000,295138,4722208,295139,4722224,9444432,0,500000000,steady,0
candidate,851,9455555461,500000000,late_window,early,425000000,295138,4722208,295139,4722224,9444432,0,500000000,steady,0
candidate,852,9466666572,500000000,late_window,early,425000000,295138,4722208,295139,4722224,9444432,0,500000000,steady,0
candidate,853,9477777683,500000000,late_window,early,425000000,295138,4722208,295139,4722224,9444432,0,500000000,steady,0
candidate,854,9488888794,500000000,late_window,early,425000000,295138,4722208,295139,4722224,9444432,0,500000000,steady,0
candidate,855,9499999905,500000000,late_window,early,425000000,295138,4722208,295139,4722224,9444432,0,500000000,steady,0
candidate,856,9511111016,500000000,late_window,early,425000000,295138,4722208,295139,4722224,9444432,0,500000000,steady,0
candidate,857,9522222127,500000000,late_window,early,425000000,295138,4722208,295139,4722224,9444432,0,500000000,steady,0
candidate,858,9533333238,500000000,late_window,early,425000000,295138,4722208,295139,4722224,9444432,0,500000000,steady,0
candidate,859,9544444349,500000000,late_window,early,425000000,295138,4722208,295139,4722224,9444432,0,500000000,steady,0
candidate,860,9555555460,500000000,late_window,early,425000000,295138,4722208,295139,4722224,9444432,0,500000000,steady,0
candidate,861,9566666571,500000000,late_window,early,425000000,295138,4722208,295139,4722224,9444432,0,500000000,steady,0
candidate,862,9577777682,500000000,late_window,early,425000000,295138,4722208,295139,4722224,9444432,0,500000000,steady,0
candidate,863,9588888793,500000000,late_window,early,425000000,295138,4722208,295139,4722224,9444432,0,500000000,steady,0
candidate,864,9599999904,500000000,late_window,early,425000000,295138,4722208,295139,4722224,9444432,0,500000000,steady,0
candidate,865,9611111015,500000000,late_window,early,425000000,295138,4722208,295139,4722224,9444432,0,500000000,steady,0
candidate,866,9622222126,500000000,late_window,early,425000000,295138,4722208,295139,4722224,9444432,0,500000000,steady,0
candidate,867,9633333237,500000000,late_window,early,425000000,295138,4722208,295139,4722224,9444432,0,500000000,steady,0
candidate,868,9644444348,500000000,late_window,early,425000000,295138,4722208,295139,4722224,9444432,0,500000000,steady,0
candidate,869,9655555459,500000000,late_window,early,425000000,295138,4722208,295139,4722224,9444432,0,500000000,steady,0
candidate,870,9666666570,500000000,late_window,early,425000000,295138,4722208,295139,4722224,9444432,0,500000000,steady,0
candidate,871,9677777681,500000000,late_window,early,425000000,295138,4722208,295139,4722224,9444432,0,500000000,steady,0
candidate,872,9688888792,500000000,late_window,early,425000000,295138,4722208,295139,4722224,9444432,0,500000000,steady,0
candidate,873,9699999903,500000000,late_window,early,425000000,295138,4722208,295139,4722224,9444432,0,500000000,steady,0
candidate,874,9711111014,500000000,late_window,early,425000000,295138,4722208,295139,4722224,9444432,0,500000000,steady,0
candidate,875,9722222125,500000000,late_window,early,425000000,295138,4722208,295139,4722224,9444432,0,500000000,steady,0
candidate,876,9733333236,500000000,late_window,early,425000000,295138,4722208,295139,4722224,9444432,0,500000000,steady,0
candidate,877,9744444347,500000000,late_window,early,425000000,295138,4722208,295139,4722224,9444432,0,500000000,steady,0
candidate,878,9755555458,500000000,late_window,early,425000000,295138,4722208,295139,4722224,9444432,0,500000000,steady,0
candidate,879,9766666569,500000000,late_window,early,425000000,295138,4722208,295139,4722224,9444432,0,500000000,steady,0
candidate,880,9777777680,500000000,late_window,early,425000000,295138,4722208,295139,4722224,9444432,0,500000000,steady,0
candidate,881,9788888791,500000000,late_window,early,425000000,295138,4722208,295139,4722224,9444432,0,500000000,steady,0
candidate,882,9799999902,500000000,late_window,early,425000000,295138,4722208,295139,4722224,9444432,0,500000000,steady,0
candidate,883,9811111013,500000000,late_window,early,425000000,295138,4722208,295139,4722224,9444432,0,500000000,steady,0
candidate,884,9822222124,500000000,late_window,early,425000000,295138,4722208,295139,4722224,9444432,0,500000000,steady,0
candidate,885,9833333235,500000000,late_window,early,425000000,295138,4722208,295139,4722224,9444432,0,500000000,steady,0
candidate,886,9844444346,500000000,late_window,early,425000000,295138,4722208,295139,4722224,9444432,0,500000000,steady,0
candidate,887,9855555457,500000000,late_window,early,425000000,295138,4722208,295139,4722224,9444432,0,500000000,steady,0
candidate,888,9866666568,500000000,late_window,early,425000000,295138,4722208,295139,4722224,9444432,0,500000000,steady,0
candidate,889,9877777679,500000000,late_window,early,425000000,295138,4722208,295139,4722224,9444432,0,500000000,steady,0
candidate,890,9888888790,500000000,late_window,early,425000000,295138,4722208,295139,4722224,9444432,0,500000000,steady,0
candidate,891,9899999901,500000000,late_window,early,425000000,295138,4722208,295139,4722224,9444432,0,500000000,steady,0
candidate,892,9911111012,500000000,late_window,early,425000000,295138,4722208,295139,4722224,9444432,0,500000000,steady,0
candidate,893,9922222123,500000000,late_window,early,425000000,295138,4722208,295139,4722224,9444432,0,500000000,steady,0
candidate,894,9933333234,500000000,late_window,early,425000000,295138,4722208,295139,4722224,9444432,0,500000000,steady,0
candidate,895,9944444345,500000000,late_window,early,425000000,295138,4722208,295139,4722224,9444432,0,500000000,steady,0
candidate,896,9955555456,500000000,late_window,early,425000000,295138,4722208,295139,4722224,9444432,0,500000000,steady,0
candidate,897,9966666567,500000000,late_window,early,425000000,295138,4722208,295139,4722224,9444432,0,500000000,steady,0
candidate,898,9977777678,500000000,late_window,early,425000000,295138,4722208,295139,4722224,9444432,0,500000000,steady,0
candidate,899,9988888789,500000000,late_window,early,425000000,295138,4722208,295139,4722224,9444432,0,500000000,steady,0
candidate,900,9999999900,500000000,late_window,early,425000000,295138,4722208,295139,4722224,9444432,0,500000000,steady,0
candidate,901,10011111011,500000000,late_window,early,425000000,295138,4722208,295139,4722224,9444432,0,500000000,steady,0
candidate,902,10022222122,500000000,late_window,early,425000000,295138,4722208,295139,4722224,9444432,0,500000000,steady,0
candidate,903,10033333233,500000000,late_window,early,425000000,295138,4722208,295139,4722224,9444432,0,500000000,steady,0
candidate,904,10044444344,500000000,late_window,early,425000000,295138,4722208,295139,4722224,9444432,0,500000000,steady,0
candidate,905,10055555455,500000000,late_window,early,425000000,295138,4722208,295139,4722224,9444432,0,500000000,steady,0
candidate,906,10066666566,500000000,late_window,early,425000000,295138,4722208,295139,4722224,9444432,0,500000000,steady,0
candidate,907,10077777677,500000000,late_window,early,425000000,295138,4722208,295139,4722224,9444432,0,500000000,steady,0
candidate,908,10088888788,500000000,late_window,early,425000000,295138,4722208,295139,4722224,9444432,0,500000000,steady,0
candidate,909,10099999899,500000000,late_window,early,425000000,295138,4722208,295139,4722224,9444432,0,500000000,steady,0
candidate,910,10111111010,500000000,late_window,early,425000000,295138,4722208,295139,4722224,9444432,0,500000000,steady,0
candidate,911,10122222121,500000000,late_window,early,425000000,295138,4722208,295139,4722224,9444432,0,500000000,steady,0
candidate,912,10133333232,500000000,late_window,early,425000000,295138,4722208,295139,4722224,9444432,0,500000000,steady,0
candidate,913,10144444343,500000000,late_window,early,425000000,295138,4722208,295139,4722224,9444432,0,500000000,steady,0
candidate,914,10155555454,500000000,late_window,early,425000000,295138,4722208,295139,4722224,9444432,0,500000000,steady,0
candidate,915,10166666565,500000000,late_window,early,425000000,295138,4722208,295139,4722224,9444432,0,500000000,steady,0
candidate,916,10177777676,500000000,late_window,early,425000000,295138,4722208,295139,4722224,9444432,0,500000000,steady,0
candidate,917,10188888787,500000000,late_window,early,425000000,295138,4722208,295139,4722224,9444432,0,500000000,steady,0
candidate,918,10199999898,500000000,late_window,early,425000000,295138,4722208,295139,4722224,9444432,0,500000000,steady,0
candidate,919,10211111009,500000000,late_window,early,425000000,295138,4722208,295139,4722224,9444432,0,500000000,steady,0
candidate,920,10222222120,500000000,late_window,early,425000000,295138,4722208,295139,4722224,9444432,0,500000000,steady,0
candidate,921,10233333231,500000000,late_window,early,425000000,295138,4722208,295139,4722224,9444432,0,500000000,steady,0
candidate,922,10244444342,500000000,late_window,early,425000000,295138,4722208,295139,4722224,9444432,0,500000000,steady,0
candidate,923,10255555453,500000000,late_window,early,425000000,295138,4722208,295139,4722224,9444432,0,500000000,steady,0
candidate,924,10266666564,500000000,late_window,early,425000000,295138,4722208,295139,4722224,9444432,0,500000000,steady,0
candidate,925,10277777675,500000000,late_window,early,425000000,295138,4722208,295139,4722224,9444432,0,500000000,steady,0
candidate,926,10288888786,500000000,late_window,early,425000000,295138,4722208,295139,4722224,9444432,0,500000000,steady,0
candidate,927,10299999897,500000000,late_window,early,425000000,295138,4722208,295139,4722224,9444432,0,500000000,steady,0
candidate,928,10311111008,500000000,late_window,early,425000000,295138,4722208,295139,4722224,9444432,0,500000000,steady,0
candidate,929,10322222119,500000000,late_window,early,425000000,295138,4722208,295139,4722224,9444432,0,500000000,steady,0
candidate,930,10333333230,500000000,late_window,early,425000000,295138,4722208,295139,4722224,9444432,0,500000000,steady,0
candidate,931,10344444341,500000000,late_window,early,425000000,295138,4722208,295139,4722224,9444432,0,500000000,steady,0
candidate,932,10355555452,500000000,late_window,early,425000000,295138,4722208,295139,4722224,9444432,0,500000000,steady,0
candidate,933,10366666563,500000000,late_window,early,425000000,295138,4722208,295139,4722224,9444432,0,500000000,steady,0
candidate,934,10377777674,500000000,late_window,early,425000000,295138,4722208,295139,4722224,9444432,0,500000000,steady,0
candidate,935,10388888785,500000000,late_window,early,425000000,295138,4722208,295139,4722224,9444432,0,500000000,steady,0
candidate,936,10399999896,500000000,late_window,early,425000000,295138,4722208,295139,4722224,9444432,0,500000000,steady,0
candidate,937,10411111007,500000000,late_window,early,425000000,295138,4722208,295139,4722224,9444432,0,500000000,steady,0
candidate,938,10422222118,500000000,late_window,early,425000000,295138,4722208,295139,4722224,9444432,0,500000000,steady,0
candidate,939,10433333229,500000000,late_window,early,425000000,295138,4722208,295139,4722224,9444432,0,500000000,steady,0
candidate,940,10444444340,500000000,late_window,early,425000000,295138,4722208,295139,4722224,9444432,0,500000000,steady,0
candidate,941,10455555451,500000000,late_window,early,425000000,295138,4722208,295139,4722224,9444432,0,500000000,steady,0
candidate,942,10466666562,500000000,late_window,early,425000000,295138,4722208,295139,4722224,9444432,0,500000000,steady,0
candidate,943,10477777673,500000000,late_window,early,425000000,295138,4722208,295139,4722224,9444432,0,500000000,steady,0
candidate,944,10488888784,500000000,late_window,early,425000000,295138,4722208,295139,4722224,9444432,0,500000000,steady,0
candidate,945,10499999895,500000000,late_window,early,425000000,295138,4722208,295139,4722224,9444432,0,500000000,steady,0
candidate,946,10511111006,500000000,late_window,early,425000000,295138,4722208,295139,4722224,9444432,0,500000000,steady,0
candidate,947,10522222117,500000000,late_window,early,425000000,295138,4722208,295139,4722224,9444432,0,500000000,steady,0
candidate,948,10533333228,500000000,late_window,early,425000000,295138,4722208,295139,4722224,9444432,0,500000000,steady,0
candidate,949,10544444339,500000000,late_window,early,425000000,295138,4722208,295139,4722224,9444432,0,500000000,steady,0
candidate,950,10555555450,500000000,late_window,early,425000000,295138,4722208,295139,4722224,9444432,0,500000000,steady,0
candidate,951,10566666561,500000000,late_window,early,425000000,295138,4722208,295139,4722224,9444432,0,500000000,steady,0
candidate,952,10577777672,500000000,late_window,early,425000000,295138,4722208,295139,4722224,9444432,0,500000000,steady,0
candidate,953,10588888783,500000000,late_window,early,425000000,295138,4722208,295139,4722224,9444432,0,500000000,probe,1
candidate,954,10599999894,500000000,late_window,early,550000000,381944,6111104,381944,6111104,12222208,0,500000000,probe,0
candidate,955,10611111005,500000000,late_window,early,550000000,381944,6111104,381944,6111104,12222208,1111097,500000000,probe,0
candidate,956,10622222116,500000000,late_window,early,550000000,381944,6111104,381944,6111104,12222208,2222194,500000000,probe,0
candidate,957,10633333227,500000000,late_window,early,550000000,381944,6111104,381944,6111104,12222208,3333291,500000000,probe,0
candidate,958,10644444338,500000000,late_window,early,550000000,381944,6111104,381944,6111104,12222208,4444388,500000000,probe,0
candidate,959,10655555449,500000000,late_window,early,550000000,381944,6111104,381944,6111104,12222208,5555485,500000000,probe,0
candidate,960,10666666560,500000000,late_window,early,550000000,381944,6111104,381944,6111104,12222208,6666582,500000000,probe,0
candidate,961,10677777671,500000000,late_window,early,550000000,381944,6111104,381944,6111104,12222208,7777679,500000000,probe,0
candidate,962,10688888782,500000000,late_window,early,550000000,381944,6111104,381944,6111104,12222208,8888776,500000000,probe,0
candidate,963,10699999893,500000000,late_window,early,550000000,381944,6111104,381944,6111104,12222208,9999873,500000000,probe,0
candidate,964,10711111004,500000000,late_window,early,550000000,381944,6111104,381944,6111104,12222208,11110970,500000000,probe,0
candidate,965,10722222115,500000000,late_window,early,550000000,381944,6111104,381944,6111104,12222208,12222067,500000000,probe,0
candidate,966,10733333226,500000000,late_window,early,550000000,381944,6111104,381944,6111104,12222208,13333164,500000000,probe,0
candidate,967,10744444337,500000000,late_window,early,550000000,381944,6111104,381944,6111104,12222208,14444261,500000000,probe,0
candidate,968,10755555448,500000000,late_window,early,550000000,381944,6111104,381944,6111104,12222208,15555358,500000000,probe,0
candidate,969,10766666559,500000000,late_window,early,550000000,381944,6111104,381944,6111104,12222208,16666455,500000000,probe,0
candidate,970,10777777670,500000000,late_window,early,550000000,381944,6111104,381944,6111104,12222208,17777552,500000000,probe,0
candidate,971,10788888781,500000000,late_window,early,550000000,381944,6111104,381944,6111104,12222208,18888649,500000000,probe,0
candidate,972,10799999892,500000000,late_window,early,550000000,381944,6111104,381944,6111104,12222208,19999746,500000000,probe,0
candidate,973,10811111003,500000000,late_window,early,550000000,381944,6111104,381944,6111104,12222208,21110843,500000000,probe,0
candidate,974,10822222114,500000000,late_window,early,550000000,381944,6111104,381944,6111104,12222208,22221940,500000000,probe,0
candidate,975,10833333225,500000000,late_window,early,550000000,381944,6111104,381944,6111104,12222208,23333037,500000000,probe,0
candidate,976,10844444336,500000000,late_window,early,550000000,381944,6111104,381944,6111104,12222208,24444134,500000000,probe,0
candidate,977,10855555447,500000000,late_window,early,550000000,381944,6111104,381944,6111104,12222208,25555231,500000000,probe,0
candidate,978,10866666558,500000000,late_window,early,550000000,381944,6111104,381944,6111104,12222208,26666328,500000000,probe,0
candidate,979,10877777669,500000000,late_window,early,550000000,381944,6111104,381944,6111104,12222208,27777425,500000000,probe,0
candidate,980,10888888780,500000000,late_window,early,550000000,381944,6111104,381944,6111104,12222208,28888522,500000000,probe,0
candidate,981,10899999891,500000000,late_window,early,550000000,381944,6111104,381944,6111104,12222208,29999619,500000000,probe,0
candidate,982,10911111002,500000000,late_window,early,550000000,381944,6111104,381944,6111104,12222208,31110716,500000000,probe,0
candidate,983,10922222113,500000000,late_window,early,550000000,381944,6111104,381944,6111104,12222208,32221813,500000000,probe,0
candidate,984,10933333224,500000000,late_window,early,550000000,381944,6111104,381944,6111104,12222208,33332910,500000000,probe,0
candidate,985,10944444335,500000000,late_window,early,550000000,381944,6111104,381944,6111104,12222208,34444007,500000000,probe,0
candidate,986,10955555446,500000000,late_window,early,550000000,381944,6111104,381944,6111104,12222208,35555104,500000000,probe,0
candidate,987,10966666557,500000000,late_window,early,550000000,381944,6111104,381944,6111104,12222208,36666201,500000000,probe,0
candidate,988,10977777668,500000000,late_window,early,550000000,381944,6111104,381944,6111104,12222208,37777298,500000000,probe,0
candidate,989,10988888779,500000000,late_window,early,550000000,381944,6111104,381944,6111104,12222208,38888395,500000000,probe,0
candidate,990,10999999890,500000000,late_window,early,550000000,381944,6111104,381944,6111104,12222208,39999492,500000000,probe,0
candidate,991,11011111001,500000000,late_window,early,550000000,381944,6111104,381944,6111104,12222208,41110589,500000000,probe,0
candidate,992,11022222112,500000000,late_window,early,550000000,381944,6111104,381944,6111104,12222208,42221686,500000000,probe,0
candidate,993,11033333223,500000000,late_window,early,550000000,381944,6111104,381944,6111104,12222208,43332783,500000000,probe,0
candidate,994,11044444334,500000000,late_window,early,550000000,381944,6111104,381944,6111104,12222208,44443880,500000000,probe,0
candidate,995,11055555445,500000000,late_window,early,550000000,381944,6111104,381944,6111104,12222208,45554977,500000000,steady,0
candidate,996,11066666556,500000000,late_window,early,425000000,295138,4722208,295139,4722224,9444432,46666074,500000000,steady,0
candidate,997,11077777667,500000000,late_window,early,425000000,295138,4722208,295139,4722224,9444432,44999395,500000000,steady,0
candidate,998,11088888778,500000000,late_window,early,425000000,295138,4722208,295139,4722224,9444432,43332716,500000000,steady,0
candidate,999,11099999889,500000000,late_window,early,425000000,295138,4722208,295139,4722224,9444432,41666037,500000000,steady,0
candidate,1000,11111111000,500000000,late_window,early,425000000,295138,4722208,295139,4722224,9444432,39999358,500000000,steady,0
candidate,1001,11122222111,500000000,late_window,early,425000000,295138,4722208,295139,4722224,9444432,38332679,500000000,steady,0
candidate,1002,11133333222,500000000,late_window,early,425000000,295138,4722208,295139,4722224,9444432,36666000,500000000,steady,0
candidate,1003,11144444333,500000000,late_window,early,425000000,295138,4722208,295139,4722224,9444432,34999321,500000000,steady,0
candidate,1004,11155555444,500000000,late_window,early,425000000,295138,4722208,295139,4722224,9444432,33332642,500000000,steady,0
candidate,1005,11166666555,500000000,late_window,early,425000000,295138,4722208,295139,4722224,9444432,31665963,500000000,steady,0
candidate,1006,11177777666,500000000,late_window,early,425000000,295138,4722208,295139,4722224,9444432,29999284,500000000,steady,0
candidate,1007,11188888777,500000000,late_window,early,425000000,295138,4722208,295139,4722224,9444432,28332605,500000000,steady,0
candidate,1008,11199999888,500000000,late_window,early,425000000,295138,4722208,295139,4722224,9444432,26665926,500000000,steady,0
candidate,1009,11211110999,500000000,late_window,early,425000000,295138,4722208,295139,4722224,9444432,24999247,500000000,steady,0
candidate,1010,11222222110,500000000,late_window,early,425000000,295138,4722208,295139,4722224,9444432,23332568,500000000,steady,0
candidate,1011,11233333221,500000000,late_window,early,425000000,295138,4722208,295139,4722224,9444432,21665889,500000000,steady,0
candidate,1012,11244444332,500000000,late_window,early,425000000,295138,4722208,295139,4722224,9444432,19999210,500000000,steady,0
candidate,1013,11255555443,500000000,late_window,early,425000000,295138,4722208,295139,4722224,9444432,18332531,500000000,steady,0
candidate,1014,11266666554,500000000,late_window,early,425000000,295138,4722208,295139,4722224,9444432,16665852,500000000,steady,0
candidate,1015,11277777665,500000000,late_window,early,425000000,295138,4722208,295139,4722224,9444432,14999173,500000000,steady,0
candidate,1016,11288888776,500000000,late_window,early,425000000,295138,4722208,295139,4722224,9444432,13332494,500000000,steady,0
candidate,1017,11299999887,500000000,late_window,early,425000000,295138,4722208,295139,4722224,9444432,11665815,500000000,steady,0
candidate,1018,11311110998,500000000,late_window,early,425000000,295138,4722208,295139,4722224,9444432,9999136,500000000,steady,0
candidate,1019,11322222109,500000000,late_window,early,425000000,295138,4722208,295139,4722224,9444432,8332457,500000000,steady,0
candidate,1020,11333333220,500000000,late_window,early,425000000,295138,4722208,295139,4722224,9444432,6665778,500000000,steady,0
candidate,1021,11344444331,500000000,late_window,early,425000000,295138,4722208,295139,4722224,9444432,4999099,500000000,steady,0
candidate,1022,11355555442,500000000,late_window,early,425000000,295138,4722208,295139,4722224,9444432,3332420,500000000,steady,0
candidate,1023,11366666553,500000000,late_window,early,425000000,295138,4722208,295139,4722224,9444432,1665741,500000000,steady,0
candidate,1024,11377777664,500000000,late_window,early,425000000,295138,4722208,295139,4722224,9444432,0,500000000,steady,0
candidate,1025,11388888775,500000000,late_window,early,425000000,295138,4722208,295139,4722224,9444432,0,500000000,steady,0
candidate,1026,11399999886,500000000,late_window,early,425000000,295138,4722208,295139,4722224,9444432,0,500000000,steady,0
candidate,1027,11411110997,500000000,late_window,early,425000000,295138,4722208,295139,4722224,9444432,0,500000000,steady,0
candidate,1028,11422222108,500000000,late_window,early,425000000,295138,4722208,295139,4722224,9444432,0,500000000,steady,0
candidate,1029,11433333219,500000000,late_window,early,425000000,295138,4722208,295139,4722224,9444432,0,500000000,steady,0
candidate,1030,11444444330,500000000,late_window,early,425000000,295138,4722208,295139,4722224,9444432,0,500000000,steady,0
candidate,1031,11455555441,500000000,late_window,early,425000000,295138,4722208,295139,4722224,9444432,0,500000000,steady,0
candidate,1032,11466666552,500000000,late_window,early,425000000,295138,4722208,295139,4722224,9444432,0,500000000,steady,0
candidate,1033,11477777663,500000000,late_window,early,425000000,295138,4722208,295139,4722224,9444432,0,500000000,steady,0
candidate,1034,11488888774,500000000,late_window,early,425000000,295138,4722208,295139,4722224,9444432,0,500000000,steady,0
candidate,1035,11499999885,500000000,late_window,early,425000000,295138,4722208,295139,4722224,9444432,0,500000000,steady,0
candidate,1036,11511110996,500000000,late_window,early,425000000,295138,4722208,295139,4722224,9444432,0,500000000,steady,0
candidate,1037,11522222107,500000000,late_window,early,425000000,295138,4722208,295139,4722224,9444432,0,500000000,steady,0
candidate,1038,11533333218,500000000,late_window,early,425000000,295138,4722208,295139,4722224,9444432,0,500000000,steady,0
candidate,1039,11544444329,500000000,late_window,early,425000000,295138,4722208,295139,4722224,9444432,0,500000000,steady,0
candidate,1040,11555555440,500000000,late_window,early,425000000,295138,4722208,295139,4722224,9444432,0,500000000,steady,0
candidate,1041,11566666551,500000000,late_window,early,425000000,295138,4722208,295139,4722224,9444432,0,500000000,steady,0
candidate,1042,11577777662,500000000,late_window,early,425000000,295138,4722208,295139,4722224,9444432,0,500000000,steady,0
candidate,1043,11588888773,500000000,late_window,early,425000000,295138,4722208,295139,4722224,9444432,0,500000000,steady,0
candidate,1044,11599999884,500000000,late_window,early,425000000,295138,4722208,295139,4722224,9444432,0,500000000,steady,0
candidate,1045,11611110995,500000000,late_window,early,425000000,295138,4722208,295139,4722224,9444432,0,500000000,steady,0
candidate,1046,11622222106,500000000,late_window,early,425000000,295138,4722208,295139,4722224,9444432,0,500000000,steady,0
candidate,1047,11633333217,500000000,late_window,early,425000000,295138,4722208,295139,4722224,9444432,0,500000000,steady,0
candidate,1048,11644444328,500000000,late_window,early,425000000,295138,4722208,295139,4722224,9444432,0,500000000,steady,0
candidate,1049,11655555439,500000000,late_window,early,425000000,295138,4722208,295139,4722224,9444432,0,500000000,steady,0
candidate,1050,11666666550,500000000,late_window,early,425000000,295138,4722208,295139,4722224,9444432,0,500000000,steady,0
candidate,1051,11677777661,500000000,late_window,early,425000000,295138,4722208,295139,4722224,9444432,0,500000000,steady,0
candidate,1052,11688888772,500000000,late_window,early,425000000,295138,4722208,295139,4722224,9444432,0,500000000,steady,0
candidate,1053,11699999883,500000000,late_window,early,425000000,295138,4722208,295139,4722224,9444432,0,500000000,steady,0
candidate,1054,11711110994,500000000,late_window,early,425000000,295138,4722208,295139,4722224,9444432,0,500000000,steady,0
candidate,1055,11722222105,500000000,late_window,early,425000000,295138,4722208,295139,4722224,9444432,0,500000000,steady,0
candidate,1056,11733333216,500000000,late_window,early,425000000,295138,4722208,295139,4722224,9444432,0,500000000,steady,0
candidate,1057,11744444327,500000000,late_window,early,425000000,295138,4722208,295139,4722224,9444432,0,500000000,steady,0
candidate,1058,11755555438,500000000,late_window,early,425000000,295138,4722208,295139,4722224,9444432,0,500000000,steady,0
candidate,1059,11766666549,500000000,late_window,early,425000000,295138,4722208,295139,4722224,9444432,0,500000000,steady,0
candidate,1060,11777777660,500000000,late_window,early,425000000,295138,4722208,295139,4722224,9444432,0,500000000,steady,0
candidate,1061,11788888771,500000000,late_window,early,425000000,295138,4722208,295139,4722224,9444432,0,500000000,steady,0
candidate,1062,11799999882,500000000,late_window,early,425000000,295138,4722208,295139,4722224,9444432,0,500000000,steady,0
candidate,1063,11811110993,500000000,late_window,early,425000000,295138,4722208,295139,4722224,9444432,0,500000000,steady,0
candidate,1064,11822222104,500000000,late_window,early,425000000,295138,4722208,295139,4722224,9444432,0,500000000,steady,0
candidate,1065,11833333215,500000000,late_window,early,425000000,295138,4722208,295139,4722224,9444432,0,500000000,steady,0
candidate,1066,11844444326,500000000,late_window,early,425000000,295138,4722208,295139,4722224,9444432,0,500000000,steady,0
candidate,1067,11855555437,500000000,late_window,early,425000000,295138,4722208,295139,4722224,9444432,0,500000000,steady,0
candidate,1068,11866666548,500000000,late_window,early,425000000,295138,4722208,295139,4722224,9444432,0,500000000,steady,0
candidate,1069,11877777659,500000000,late_window,early,425000000,295138,4722208,295139,4722224,9444432,0,500000000,steady,0
candidate,1070,11888888770,500000000,late_window,early,425000000,295138,4722208,295139,4722224,9444432,0,500000000,steady,0
candidate,1071,11899999881,500000000,late_window,early,425000000,295138,4722208,295139,4722224,9444432,0,500000000,steady,0
candidate,1072,11911110992,500000000,late_window,early,425000000,295138,4722208,295139,4722224,9444432,0,500000000,steady,0
candidate,1073,11922222103,500000000,late_window,early,425000000,295138,4722208,295139,4722224,9444432,0,500000000,steady,0
candidate,1074,11933333214,500000000,late_window,early,425000000,295138,4722208,295139,4722224,9444432,0,500000000,steady,0
candidate,1075,11944444325,500000000,late_window,early,425000000,295138,4722208,295139,4722224,9444432,0,500000000,steady,0
candidate,1076,11955555436,500000000,late_window,early,425000000,295138,4722208,295139,4722224,9444432,0,500000000,steady,0
candidate,1077,11966666547,500000000,late_window,early,425000000,295138,4722208,295139,4722224,9444432,0,500000000,steady,0
candidate,1078,11977777658,500000000,late_window,early,425000000,295138,4722208,295139,4722224,9444432,0,500000000,steady,0
candidate,1079,11988888769,500000000,late_window,early,425000000,295138,4722208,295139,4722224,9444432,0,500000000,steady,0
candidate,1080,11999999880,500000000,late_window,early,425000000,295138,4722208,295139,4722224,9444432,0,500000000,steady,0
candidate,1081,12011110991,500000000,late_window,early,425000000,295138,4722208,295139,4722224,9444432,0,500000000,steady,0
candidate,1082,12022222102,500000000,late_window,early,425000000,295138,4722208,295139,4722224,9444432,0,500000000,steady,0
candidate,1083,12033333213,500000000,late_window,early,425000000,295138,4722208,295139,4722224,9444432,0,500000000,steady,0
candidate,1084,12044444324,500000000,late_window,early,425000000,295138,4722208,295139,4722224,9444432,0,500000000,steady,0
candidate,1085,12055555435,500000000,late_window,early,425000000,295138,4722208,295139,4722224,9444432,0,500000000,steady,0
candidate,1086,12066666546,500000000,late_window,early,425000000,295138,4722208,295139,4722224,9444432,0,500000000,steady,0
candidate,1087,12077777657,500000000,late_window,early,425000000,295138,4722208,295139,4722224,9444432,0,500000000,steady,0
candidate,1088,12088888768,500000000,late_window,early,425000000,295138,4722208,295139,4722224,9444432,0,500000000,steady,0
candidate,1089,12099999879,500000000,late_window,early,425000000,295138,4722208,295139,4722224,9444432,0,500000000,steady,0
candidate,1090,12111110990,500000000,late_window,early,425000000,295138,4722208,295139,4722224,9444432,0,500000000,steady,0
candidate,1091,12122222101,500000000,late_window,early,425000000,295138,4722208,295139,4722224,9444432,0,500000000,steady,0
candidate,1092,12133333212,500000000,late_window,early,425000000,295138,4722208,295139,4722224,9444432,0,500000000,steady,0
candidate,1093,12144444323,500000000,late_window,early,425000000,295138,4722208,295139,4722224,9444432,0,500000000,steady,0
candidate,1094,12155555434,500000000,late_window,early,425000000,295138,4722208,295139,4722224,9444432,0,500000000,steady,0
candidate,1095,12166666545,500000000,late_window,early,425000000,295138,4722208,295139,4722224,9444432,0,500000000,steady,0
candidate,1096,12177777656,500000000,late_window,early,425000000,295138,4722208,295139,4722224,9444432,0,500000000,steady,0
candidate,1097,12188888767,500000000,late_window,early,425000000,295138,4722208,295139,4722224,9444432,0,500000000,steady,0
candidate,1098,12199999878,500000000,late_window,early,425000000,295138,4722208,295139,4722224,9444432,0,500000000,steady,0
candidate,1099,12211110989,500000000,late_window,early,425000000,295138,4722208,295139,4722224,9444432,0,500000000,steady,0
candidate,1100,12222222100,500000000,late_window,early,425000000,295138,4722208,295139,4722224,9444432,0,500000000,steady,0
candidate,1101,12233333211,500000000,late_window,early,425000000,295138,4722208,295139,4722224,9444432,0,500000000,steady,0
candidate,1102,12244444322,500000000,late_window,early,425000000,295138,4722208,295139,4722224,9444432,0,500000000,steady,0
candidate,1103,12255555433,500000000,late_window,early,425000000,295138,4722208,295139,4722224,9444432,0,500000000,steady,0
candidate,1104,12266666544,500000000,late_window,early,425000000,295138,4722208,295139,4722224,9444432,0,500000000,steady,0
candidate,1105,12277777655,500000000,late_window,early,425000000,295138,4722208,295139,4722224,9444432,0,500000000,steady,0
candidate,1106,12288888766,500000000,late_window,early,425000000,295138,4722208,295139,4722224,9444432,0,500000000,steady,0
candidate,1107,12299999877,500000000,late_window,early,425000000,295138,4722208,295139,4722224,9444432,0,500000000,steady,0
candidate,1108,12311110988,500000000,late_window,early,425000000,295138,4722208,295139,4722224,9444432,0,500000000,steady,0
candidate,1109,12322222099,500000000,late_window,early,425000000,295138,4722208,295139,4722224,9444432,0,500000000,steady,0
candidate,1110,12333333210,500000000,late_window,early,425000000,295138,4722208,295139,4722224,9444432,0,500000000,steady,0
candidate,1111,12344444321,500000000,late_window,early,425000000,295138,4722208,295139,4722224,9444432,0,500000000,steady,0
candidate,1112,12355555432,500000000,late_window,early,425000000,295138,4722208,295139,4722224,9444432,0,500000000,steady,0
candidate,1113,12366666543,500000000,late_window,early,425000000,295138,4722208,295139,4722224,9444432,0,500000000,steady,0
candidate,1114,12377777654,500000000,late_window,early,425000000,295138,4722208,295139,4722224,9444432,0,500000000,steady,0
candidate,1115,12388888765,500000000,late_window,early,425000000,295138,4722208,295139,4722224,9444432,0,500000000,steady,0
candidate,1116,12399999876,500000000,late_window,early,425000000,295138,4722208,295139,4722224,9444432,0,500000000,steady,0
candidate,1117,12411110987,500000000,late_window,early,425000000,295138,4722208,295139,4722224,9444432,0,500000000,steady,0
candidate,1118,12422222098,500000000,late_window,early,425000000,295138,4722208,295139,4722224,9444432,0,500000000,steady,0
candidate,1119,12433333209,500000000,late_window,early,425000000,295138,4722208,295139,4722224,9444432,0,500000000,steady,0
candidate,1120,12444444320,500000000,late_window,early,425000000,295138,4722208,295139,4722224,9444432,0,500000000,steady,0
candidate,1121,12455555431,500000000,late_window,early,425000000,295138,4722208,295139,4722224,9444432,0,500000000,steady,0
candidate,1122,12466666542,500000000,late_window,early,425000000,295138,4722208,295139,4722224,9444432,0,500000000,steady,0
candidate,1123,12477777653,500000000,late_window,early,425000000,295138,4722208,295139,4722224,9444432,0,500000000,steady,0
candidate,1124,12488888764,500000000,late_window,early,425000000,295138,4722208,295139,4722224,9444432,0,500000000,steady,0
candidate,1125,12499999875,500000000,late_window,early,425000000,295138,4722208,295139,4722224,9444432,0,500000000,steady,0
candidate,1126,12511110986,500000000,late_window,early,425000000,295138,4722208,295139,4722224,9444432,0,500000000,steady,0
candidate,1127,12522222097,500000000,late_window,early,425000000,295138,4722208,295139,4722224,9444432,0,500000000,steady,0
candidate,1128,12533333208,500000000,late_window,early,425000000,295138,4722208,295139,4722224,9444432,0,500000000,steady,0
candidate,1129,12544444319,500000000,late_window,early,425000000,295138,4722208,295139,4722224,9444432,0,500000000,steady,0
candidate,1130,12555555430,500000000,late_window,early,425000000,295138,4722208,295139,4722224,9444432,0,500000000,steady,0
candidate,1131,12566666541,500000000,late_window,early,425000000,295138,4722208,295139,4722224,9444432,0,500000000,steady,0
candidate,1132,12577777652,500000000,late_window,early,425000000,295138,4722208,295139,4722224,9444432,0,500000000,steady,0
candidate,1133,12588888763,500000000,late_window,early,425000000,295138,4722208,295139,4722224,9444432,0,500000000,steady,0
candidate,1134,12599999874,500000000,late_window,early,425000000,295138,4722208,295139,4722224,9444432,0,500000000,steady,0
candidate,1135,12611110985,500000000,late_window,early,425000000,295138,4722208,295139,4722224,9444432,0,500000000,steady,0
candidate,1136,12622222096,500000000,late_window,early,425000000,295138,4722208,295139,4722224,9444432,0,500000000,steady,0
candidate,1137,12633333207,500000000,late_window,early,425000000,295138,4722208,295139,4722224,9444432,0,500000000,steady,0
candidate,1138,12644444318,500000000,late_window,early,425000000,295138,4722208,295139,4722224,9444432,0,500000000,steady,0
candidate,1139,12655555429,500000000,late_window,early,425000000,295138,4722208,295139,4722224,9444432,0,500000000,steady,0
candidate,1140,12666666540,500000000,late_window,early,425000000,295138,4722208,295139,4722224,9444432,0,500000000,steady,0
candidate,1141,12677777651,500000000,late_window,early,425000000,295138,4722208,295139,4722224,9444432,0,500000000,steady,0
candidate,1142,12688888762,500000000,late_window,early,425000000,295138,4722208,295139,4722224,9444432,0,500000000,steady,0
candidate,1143,12699999873,500000000,late_window,early,425000000,295138,4722208,295139,4722224,9444432,0,500000000,steady,0
candidate,1144,12711110984,500000000,late_window,early,425000000,295138,4722208,295139,4722224,9444432,0,500000000,steady,0
candidate,1145,12722222095,500000000,late_window,early,425000000,295138,4722208,295139,4722224,9444432,0,500000000,steady,0
candidate,1146,12733333206,500000000,late_window,early,425000000,295138,4722208,295139,4722224,9444432,0,500000000,steady,0
candidate,1147,12744444317,500000000,late_window,early,425000000,295138,4722208,295139,4722224,9444432,0,500000000,steady,0
candidate,1148,12755555428,500000000,late_window,early,425000000,295138,4722208,295139,4722224,9444432,0,500000000,steady,0
candidate,1149,12766666539,500000000,late_window,early,425000000,295138,4722208,295139,4722224,9444432,0,500000000,steady,0
candidate,1150,12777777650,500000000,late_window,early,425000000,295138,4722208,295139,4722224,9444432,0,500000000,steady,0
candidate,1151,12788888761,500000000,late_window,early,425000000,295138,4722208,295139,4722224,9444432,0,500000000,steady,0
candidate,1152,12799999872,500000000,late_window,early,425000000,295138,4722208,295139,4722224,9444432,0,500000000,steady,0
candidate,1153,12811110983,500000000,late_window,early,425000000,295138,4722208,295139,4722224,9444432,0,500000000,steady,0
candidate,1154,12822222094,500000000,late_window,early,425000000,295138,4722208,295139,4722224,9444432,0,500000000,steady,0
candidate,1155,12833333205,500000000,late_window,early,425000000,295138,4722208,295139,4722224,9444432,0,500000000,steady,0
candidate,1156,12844444316,500000000,late_window,early,425000000,295138,4722208,295139,4722224,9444432,0,500000000,steady,0
candidate,1157,12855555427,500000000,late_window,early,425000000,295138,4722208,295139,4722224,9444432,0,500000000,steady,0
candidate,1158,12866666538,500000000,late_window,early,425000000,295138,4722208,295139,4722224,9444432,0,500000000,steady,0
candidate,1159,12877777649,500000000,late_window,early,425000000,295138,4722208,295139,4722224,9444432,0,500000000,steady,0
candidate,1160,12888888760,500000000,late_window,early,425000000,295138,4722208,295139,4722224,9444432,0,500000000,steady,0
candidate,1161,12899999871,500000000,late_window,early,425000000,295138,4722208,295139,4722224,9444432,0,500000000,steady,0
candidate,1162,12911110982,500000000,late_window,early,425000000,295138,4722208,295139,4722224,9444432,0,500000000,steady,0
candidate,1163,12922222093,500000000,late_window,early,425000000,295138,4722208,295139,4722224,9444432,0,500000000,steady,0
candidate,1164,12933333204,500000000,late_window,early,425000000,295138,4722208,295139,4722224,9444432,0,500000000,steady,0
candidate,1165,12944444315,500000000,late_window,early,425000000,295138,4722208,295139,4722224,9444432,0,500000000,steady,0
candidate,1166,12955555426,500000000,late_window,early,425000000,295138,4722208,295139,4722224,9444432,0,500000000,steady,0
candidate,1167,12966666537,500000000,late_window,early,425000000,295138,4722208,295139,4722224,9444432,0,500000000,steady,0
candidate,1168,12977777648,500000000,late_window,early,425000000,295138,4722208,295139,4722224,9444432,0,500000000,steady,0
candidate,1169,12988888759,500000000,late_window,early,425000000,295138,4722208,295139,4722224,9444432,0,500000000,steady,0
candidate,1170,12999999870,500000000,late_window,early,425000000,295138,4722208,295139,4722224,9444432,0,500000000,steady,0
candidate,1171,13011110981,500000000,late_window,early,425000000,295138,4722208,295139,4722224,9444432,0,500000000,steady,0
candidate,1172,13022222092,500000000,late_window,early,425000000,295138,4722208,295139,4722224,9444432,0,500000000,steady,0
candidate,1173,13033333203,500000000,late_window,early,425000000,295138,4722208,295139,4722224,9444432,0,500000000,steady,0
candidate,1174,13044444314,500000000,late_window,early,425000000,295138,4722208,295139,4722224,9444432,0,500000000,steady,0
candidate,1175,13055555425,500000000,late_window,early,425000000,295138,4722208,295139,4722224,9444432,0,500000000,steady,0
candidate,1176,13066666536,500000000,late_window,early,425000000,295138,4722208,295139,4722224,9444432,0,500000000,steady,0
candidate,1177,13077777647,500000000,late_window,early,425000000,295138,4722208,295139,4722224,9444432,0,500000000,steady,0
candidate,1178,13088888758,500000000,late_window,early,425000000,295138,4722208,295139,4722224,9444432,0,500000000,steady,0
candidate,1179,13099999869,500000000,late_window,early,425000000,295138,4722208,295139,4722224,9444432,0,500000000,steady,0
candidate,1180,13111110980,500000000,late_window,early,425000000,295138,4722208,295139,4722224,9444432,0,500000000,steady,0
candidate,1181,13122222091,500000000,late_window,early,425000000,295138,4722208,295139,4722224,9444432,0,500000000,steady,0
candidate,1182,13133333202,500000000,late_window,early,425000000,295138,4722208,295139,4722224,9444432,0,500000000,steady,0
candidate,1183,13144444313,500000000,late_window,early,425000000,295138,4722208,295139,4722224,9444432,0,500000000,steady,0
candidate,1184,13155555424,500000000,late_window,early,425000000,295138,4722208,295139,4722224,9444432,0,500000000,steady,0
candidate,1185,13166666535,500000000,late_window,early,425000000,295138,4722208,295139,4722224,9444432,0,500000000,steady,0
candidate,1186,13177777646,500000000,late_window,early,425000000,295138,4722208,295139,4722224,9444432,0,500000000,steady,0
candidate,1187,13188888757,500000000,late_window,early,425000000,295138,4722208,295139,4722224,9444432,0,500000000,steady,0
candidate,1188,13199999868,500000000,late_window,early,425000000,295138,4722208,295139,4722224,9444432,0,500000000,steady,0
candidate,1189,13211110979,500000000,late_window,early,425000000,295138,4722208,295139,4722224,9444432,0,500000000,steady,0
candidate,1190,13222222090,500000000,late_window,early,425000000,295138,4722208,295139,4722224,9444432,0,500000000,steady,0
candidate,1191,13233333201,500000000,late_window,early,425000000,295138,4722208,295139,4722224,9444432,0,500000000,steady,0
candidate,1192,13244444312,500000000,late_window,early,425000000,295138,4722208,295139,4722224,9444432,0,500000000,steady,0
candidate,1193,13255555423,500000000,late_window,early,425000000,295138,4722208,295139,4722224,9444432,0,500000000,steady,0
candidate,1194,13266666534,500000000,late_window,early,425000000,295138,4722208,295139,4722224,9444432,0,500000000,steady,0
candidate,1195,13277777645,500000000,late_window,early,425000000,295138,4722208,295139,4722224,9444432,0,500000000,steady,0
candidate,1196,13288888756,500000000,late_window,early,425000000,295138,4722208,295139,4722224,9444432,0,500000000,steady,0
candidate,1197,13299999867,500000000,late_window,early,425000000,295138,4722208,295139,4722224,9444432,0,500000000,steady,0
candidate,1198,13311110978,500000000,late_window,early,425000000,295138,4722208,295139,4722224,9444432,0,500000000,steady,0
candidate,1199,13322222089,500000000,late_window,early,425000000,295138,4722208,295139,4722224,9444432,0,500000000,steady,0
candidate,1200,13333333200,500000000,late_window,early,425000000,295138,4722208,295139,4722224,9444432,0,500000000,steady,0
candidate,1201,13344444311,500000000,late_window,early,425000000,295138,4722208,295139,4722224,9444432,0,500000000,steady,0
candidate,1202,13355555422,500000000,late_window,early,425000000,295138,4722208,295139,4722224,9444432,0,500000000,steady,0
candidate,1203,13366666533,500000000,late_window,early,425000000,295138,4722208,295139,4722224,9444432,0,500000000,steady,0
candidate,1204,13377777644,500000000,late_window,early,425000000,295138,4722208,295139,4722224,9444432,0,500000000,steady,0
candidate,1205,13388888755,500000000,late_window,early,425000000,295138,4722208,295139,4722224,9444432,0,500000000,steady,0
candidate,1206,13399999866,500000000,late_window,early,425000000,295138,4722208,295139,4722224,9444432,0,500000000,steady,0
candidate,1207,13411110977,500000000,late_window,early,425000000,295138,4722208,295139,4722224,9444432,0,500000000,steady,0
candidate,1208,13422222088,500000000,late_window,early,425000000,295138,4722208,295139,4722224,9444432,0,500000000,steady,0
candidate,1209,13433333199,500000000,late_window,early,425000000,295138,4722208,295139,4722224,9444432,0,500000000,steady,0
candidate,1210,13444444310,500000000,late_window,early,425000000,295138,4722208,295139,4722224,9444432,0,500000000,steady,0
candidate,1211,13455555421,500000000,late_window,early,425000000,295138,4722208,295139,4722224,9444432,0,500000000,steady,0
candidate,1212,13466666532,500000000,late_window,early,425000000,295138,4722208,295139,4722224,9444432,0,500000000,steady,0
candidate,1213,13477777643,500000000,late_window,early,425000000,295138,4722208,295139,4722224,9444432,0,500000000,steady,0
candidate,1214,13488888754,500000000,late_window,early,425000000,295138,4722208,295139,4722224,9444432,0,500000000,steady,0
candidate,1215,13499999865,500000000,late_window,early,425000000,295138,4722208,295139,4722224,9444432,0,500000000,steady,0
candidate,1216,13511110976,500000000,late_window,early,425000000,295138,4722208,295139,4722224,9444432,0,500000000,steady,0
candidate,1217,13522222087,500000000,late_window,early,425000000,295138,4722208,295139,4722224,9444432,0,500000000,steady,0
candidate,1218,13533333198,500000000,late_window,early,425000000,295138,4722208,295139,4722224,9444432,0,500000000,steady,0
candidate,1219,13544444309,500000000,late_window,early,425000000,295138,4722208,295139,4722224,9444432,0,500000000,steady,0
candidate,1220,13555555420,500000000,late_window,early,425000000,295138,4722208,295139,4722224,9444432,0,500000000,steady,0
candidate,1221,13566666531,500000000,late_window,early,425000000,295138,4722208,295139,4722224,9444432,0,500000000,steady,0
candidate,1222,13577777642,500000000,late_window,early,425000000,295138,4722208,295139,4722224,9444432,0,500000000,steady,0
candidate,1223,13588888753,500000000,late_window,early,425000000,295138,4722208,295139,4722224,9444432,0,500000000,steady,0
candidate,1224,13599999864,500000000,late_window,early,425000000,295138,4722208,295139,4722224,9444432,0,500000000,steady,0
candidate,1225,13611110975,500000000,late_window,early,425000000,295138,4722208,295139,4722224,9444432,0,500000000,steady,0
candidate,1226,13622222086,500000000,late_window,early,425000000,295138,4722208,295139,4722224,9444432,0,500000000,steady,0
candidate,1227,13633333197,500000000,late_window,early,425000000,295138,4722208,295139,4722224,9444432,0,500000000,steady,0
candidate,1228,13644444308,500000000,late_window,early,425000000,295138,4722208,295139,4722224,9444432,0,500000000,steady,0
candidate,1229,13655555419,500000000,late_window,early,425000000,295138,4722208,295139,4722224,9444432,0,500000000,steady,0
candidate,1230,13666666530,500000000,late_window,early,425000000,295138,4722208,295139,4722224,9444432,0,500000000,steady,0
candidate,1231,13677777641,500000000,late_window,early,425000000,295138,4722208,295139,4722224,9444432,0,500000000,steady,0
candidate,1232,13688888752,500000000,late_window,early,425000000,295138,4722208,295139,4722224,9444432,0,500000000,steady,0
candidate,1233,13699999863,500000000,late_window,early,425000000,295138,4722208,295139,4722224,9444432,0,500000000,steady,0
candidate,1234,13711110974,500000000,late_window,early,425000000,295138,4722208,295139,4722224,9444432,0,500000000,steady,0
candidate,1235,13722222085,500000000,late_window,early,425000000,295138,4722208,295139,4722224,9444432,0,500000000,steady,0
candidate,1236,13733333196,500000000,late_window,early,425000000,295138,4722208,295139,4722224,9444432,0,500000000,steady,0
candidate,1237,13744444307,500000000,late_window,early,425000000,295138,4722208,295139,4722224,9444432,0,500000000,steady,0
candidate,1238,13755555418,500000000,late_window,early,425000000,295138,4722208,295139,4722224,9444432,0,500000000,steady,0
candidate,1239,13766666529,500000000,late_window,early,425000000,295138,4722208,295139,4722224,9444432,0,500000000,steady,0
candidate,1240,13777777640,500000000,late_window,early,425000000,295138,4722208,295139,4722224,9444432,0,500000000,steady,0
candidate,1241,13788888751,500000000,late_window,early,425000000,295138,4722208,295139,4722224,9444432,0,500000000,steady,0
candidate,1242,13799999862,500000000,late_window,early,425000000,295138,4722208,295139,4722224,9444432,0,500000000,steady,0
candidate,1243,13811110973,500000000,late_window,early,425000000,295138,4722208,295139,4722224,9444432,0,500000000,steady,0
candidate,1244,13822222084,500000000,late_window,early,425000000,295138,4722208,295139,4722224,9444432,0,500000000,steady,0
candidate,1245,13833333195,500000000,late_window,early,425000000,295138,4722208,295139,4722224,9444432,0,500000000,steady,0
candidate,1246,13844444306,500000000,late_window,early,425000000,295138,4722208,295139,4722224,9444432,0,500000000,steady,0
candidate,1247,13855555417,500000000,late_window,early,425000000,295138,4722208,295139,4722224,9444432,0,500000000,steady,0
candidate,1248,13866666528,500000000,late_window,early,425000000,295138,4722208,295139,4722224,9444432,0,500000000,steady,0
candidate,1249,13877777639,500000000,late_window,early,425000000,295138,4722208,295139,4722224,9444432,0,500000000,steady,0
candidate,1250,13888888750,500000000,late_window,early,425000000,295138,4722208,295139,4722224,9444432,0,500000000,steady,0
candidate,1251,13899999861,500000000,late_window,early,425000000,295138,4722208,295139,4722224,9444432,0,500000000,steady,0
candidate,1252,13911110972,500000000,late_window,early,425000000,295138,4722208,295139,4722224,9444432,0,500000000,steady,0
candidate,1253,13922222083,500000000,late_window,early,425000000,295138,4722208,295139,4722224,9444432,0,500000000,steady,0
candidate,1254,13933333194,500000000,late_window,early,425000000,295138,4722208,295139,4722224,9444432,0,500000000,steady,0
candidate,1255,13944444305,500000000,late_window,early,425000000,295138,4722208,295139,4722224,9444432,0,500000000,steady,0
candidate,1256,13955555416,500000000,late_window,early,425000000,295138,4722208,295139,4722224,9444432,0,500000000,steady,0
candidate,1257,13966666527,500000000,late_window,early,425000000,295138,4722208,295139,4722224,9444432,0,500000000,steady,0
candidate,1258,13977777638,500000000,late_window,early,425000000,295138,4722208,295139,4722224,9444432,0,500000000,steady,0
candidate,1259,13988888749,500000000,late_window,early,425000000,295138,4722208,295139,4722224,9444432,0,500000000,steady,0
candidate,1260,13999999860,500000000,late_window,early,425000000,295138,4722208,295139,4722224,9444432,0,500000000,steady,0
candidate,1261,14011110971,500000000,late_window,early,425000000,295138,4722208,295139,4722224,9444432,0,500000000,steady,0
candidate,1262,14022222082,500000000,late_window,early,425000000,295138,4722208,295139,4722224,9444432,0,500000000,steady,0
candidate,1263,14033333193,500000000,late_window,early,425000000,295138,4722208,295139,4722224,9444432,0,500000000,steady,0
candidate,1264,14044444304,500000000,late_window,early,425000000,295138,4722208,295139,4722224,9444432,0,500000000,steady,0
candidate,1265,14055555415,500000000,late_window,early,425000000,295138,4722208,295139,4722224,9444432,0,500000000,steady,0
candidate,1266,14066666526,500000000,late_window,early,425000000,295138,4722208,295139,4722224,9444432,0,500000000,steady,0
candidate,1267,14077777637,500000000,late_window,early,425000000,295138,4722208,295139,4722224,9444432,0,500000000,steady,0
candidate,1268,14088888748,500000000,late_window,early,425000000,295138,4722208,295139,4722224,9444432,0,500000000,steady,0
candidate,1269,14099999859,500000000,late_window,early,425000000,295138,4722208,295139,4722224,9444432,0,500000000,steady,0
candidate,1270,14111110970,500000000,late_window,early,425000000,295138,4722208,295139,4722224,9444432,0,500000000,steady,0
candidate,1271,14122222081,500000000,late_window,early,425000000,295138,4722208,295139,4722224,9444432,0,500000000,steady,0
candidate,1272,14133333192,500000000,late_window,early,425000000,295138,4722208,295139,4722224,9444432,0,500000000,steady,0
candidate,1273,14144444303,500000000,late_window,early,425000000,295138,4722208,295139,4722224,9444432,0,500000000,steady,0
candidate,1274,14155555414,500000000,late_window,early,425000000,295138,4722208,295139,4722224,9444432,0,500000000,steady,0
candidate,1275,14166666525,500000000,late_window,early,425000000,295138,4722208,295139,4722224,9444432,0,500000000,steady,0
candidate,1276,14177777636,500000000,late_window,early,425000000,295138,4722208,295139,4722224,9444432,0,500000000,steady,0
candidate,1277,14188888747,500000000,late_window,early,425000000,295138,4722208,295139,4722224,9444432,0,500000000,steady,0
candidate,1278,14199999858,500000000,late_window,early,425000000,295138,4722208,295139,4722224,9444432,0,500000000,steady,0
candidate,1279,14211110969,500000000,late_window,early,425000000,295138,4722208,295139,4722224,9444432,0,500000000,steady,0
candidate,1280,14222222080,500000000,late_window,early,425000000,295138,4722208,295139,4722224,9444432,0,500000000,steady,0
candidate,1281,14233333191,500000000,late_window,early,425000000,295138,4722208,295139,4722224,9444432,0,500000000,steady,0
candidate,1282,14244444302,500000000,late_window,early,425000000,295138,4722208,295139,4722224,9444432,0,500000000,steady,0
candidate,1283,14255555413,500000000,late_window,early,425000000,295138,4722208,295139,4722224,9444432,0,500000000,steady,0
candidate,1284,14266666524,500000000,late_window,early,425000000,295138,4722208,295139,4722224,9444432,0,500000000,steady,0
candidate,1285,14277777635,500000000,late_window,early,425000000,295138,4722208,295139,4722224,9444432,0,500000000,steady,0
candidate,1286,14288888746,500000000,late_window,early,425000000,295138,4722208,295139,4722224,9444432,0,500000000,steady,0
candidate,1287,14299999857,500000000,late_window,early,425000000,295138,4722208,295139,4722224,9444432,0,500000000,steady,0
candidate,1288,14311110968,500000000,late_window,early,425000000,295138,4722208,295139,4722224,9444432,0,500000000,steady,0
candidate,1289,14322222079,500000000,late_window,early,425000000,295138,4722208,295139,4722224,9444432,0,500000000,steady,0
candidate,1290,14333333190,500000000,late_window,early,425000000,295138,4722208,295139,4722224,9444432,0,500000000,steady,0
candidate,1291,14344444301,500000000,late_window,early,425000000,295138,4722208,295139,4722224,9444432,0,500000000,steady,0
candidate,1292,14355555412,500000000,late_window,early,425000000,295138,4722208,295139,4722224,9444432,0,500000000,steady,0
candidate,1293,14366666523,500000000,late_window,early,425000000,295138,4722208,295139,4722224,9444432,0,500000000,steady,0
candidate,1294,14377777634,500000000,late_window,early,425000000,295138,4722208,295139,4722224,9444432,0,500000000,steady,0
candidate,1295,14388888745,500000000,late_window,early,425000000,295138,4722208,295139,4722224,9444432,0,500000000,steady,0
candidate,1296,14399999856,500000000,late_window,early,425000000,295138,4722208,295139,4722224,9444432,0,500000000,steady,0
candidate,1297,14411110967,500000000,late_window,early,425000000,295138,4722208,295139,4722224,9444432,0,500000000,steady,0
candidate,1298,14422222078,500000000,late_window,early,425000000,295138,4722208,295139,4722224,9444432,0,500000000,steady,0
candidate,1299,14433333189,500000000,late_window,early,425000000,295138,4722208,295139,4722224,9444432,0,500000000,steady,0
candidate,1300,14444444300,500000000,late_window,early,425000000,295138,4722208,295139,4722224,9444432,0,500000000,steady,0
candidate,1301,14455555411,500000000,late_window,early,425000000,295138,4722208,295139,4722224,9444432,0,500000000,steady,0
candidate,1302,14466666522,500000000,late_window,early,425000000,295138,4722208,295139,4722224,9444432,0,500000000,steady,0
candidate,1303,14477777633,500000000,late_window,early,425000000,295138,4722208,295139,4722224,9444432,0,500000000,steady,0
candidate,1304,14488888744,500000000,late_window,early,425000000,295138,4722208,295139,4722224,9444432,0,500000000,steady,0
candidate,1305,14499999855,500000000,late_window,early,425000000,295138,4722208,295139,4722224,9444432,0,500000000,steady,0
candidate,1306,14511110966,500000000,late_window,early,425000000,295138,4722208,295139,4722224,9444432,0,500000000,steady,0
candidate,1307,14522222077,500000000,late_window,early,425000000,295138,4722208,295139,4722224,9444432,0,500000000,steady,0
candidate,1308,14533333188,500000000,late_window,early,425000000,295138,4722208,295139,4722224,9444432,0,500000000,steady,0
candidate,1309,14544444299,500000000,late_window,early,425000000,295138,4722208,295139,4722224,9444432,0,500000000,steady,0
candidate,1310,14555555410,500000000,late_window,early,425000000,295138,4722208,295139,4722224,9444432,0,500000000,steady,0
candidate,1311,14566666521,500000000,late_window,early,425000000,295138,4722208,295139,4722224,9444432,0,500000000,steady,0
candidate,1312,14577777632,500000000,late_window,early,425000000,295138,4722208,295139,4722224,9444432,0,500000000,steady,0
candidate,1313,14588888743,500000000,late_window,early,425000000,295138,4722208,295139,4722224,9444432,0,500000000,steady,0
candidate,1314,14599999854,500000000,late_window,early,425000000,295138,4722208,295139,4722224,9444432,0,500000000,steady,0
candidate,1315,14611110965,500000000,late_window,early,425000000,295138,4722208,295139,4722224,9444432,0,500000000,steady,0
candidate,1316,14622222076,500000000,late_window,early,425000000,295138,4722208,295139,4722224,9444432,0,500000000,steady,0
candidate,1317,14633333187,500000000,late_window,early,425000000,295138,4722208,295139,4722224,9444432,0,500000000,steady,0
candidate,1318,14644444298,500000000,late_window,early,425000000,295138,4722208,295139,4722224,9444432,0,500000000,steady,0
candidate,1319,14655555409,500000000,late_window,early,425000000,295138,4722208,295139,4722224,9444432,0,500000000,steady,0
candidate,1320,14666666520,500000000,late_window,early,425000000,295138,4722208,295139,4722224,9444432,0,500000000,steady,0
candidate,1321,14677777631,500000000,late_window,early,425000000,295138,4722208,295139,4722224,9444432,0,500000000,steady,0
candidate,1322,14688888742,500000000,late_window,early,425000000,295138,4722208,295139,4722224,9444432,0,500000000,steady,0
candidate,1323,14699999853,500000000,late_window,early,425000000,295138,4722208,295139,4722224,9444432,0,500000000,steady,0
candidate,1324,14711110964,500000000,late_window,early,425000000,295138,4722208,295139,4722224,9444432,0,500000000,steady,0
candidate,1325,14722222075,500000000,late_window,early,425000000,295138,4722208,295139,4722224,9444432,0,500000000,steady,0
candidate,1326,14733333186,500000000,late_window,early,425000000,295138,4722208,295139,4722224,9444432,0,500000000,steady,0
candidate,1327,14744444297,500000000,late_window,early,425000000,295138,4722208,295139,4722224,9444432,0,500000000,steady,0
candidate,1328,14755555408,500000000,late_window,early,425000000,295138,4722208,295139,4722224,9444432,0,500000000,steady,0
candidate,1329,14766666519,500000000,late_window,early,425000000,295138,4722208,295139,4722224,9444432,0,500000000,steady,0
candidate,1330,14777777630,500000000,late_window,early,425000000,295138,4722208,295139,4722224,9444432,0,500000000,steady,0
candidate,1331,14788888741,500000000,late_window,early,425000000,295138,4722208,295139,4722224,9444432,0,500000000,steady,0
candidate,1332,14799999852,500000000,late_window,early,425000000,295138,4722208,295139,4722224,9444432,0,500000000,steady,0
candidate,1333,14811110963,500000000,late_window,early,425000000,295138,4722208,295139,4722224,9444432,0,500000000,steady,0
candidate,1334,14822222074,500000000,late_window,early,425000000,295138,4722208,295139,4722224,9444432,0,500000000,steady,0
candidate,1335,14833333185,500000000,late_window,early,425000000,295138,4722208,295139,4722224,9444432,0,500000000,steady,0
candidate,1336,14844444296,500000000,late_window,early,425000000,295138,4722208,295139,4722224,9444432,0,500000000,steady,0
candidate,1337,14855555407,500000000,late_window,early,425000000,295138,4722208,295139,4722224,9444432,0,500000000,steady,0
candidate,1338,14866666518,500000000,late_window,early,425000000,295138,4722208,295139,4722224,9444432,0,500000000,steady,0
candidate,1339,14877777629,500000000,late_window,early,425000000,295138,4722208,295139,4722224,9444432,0,500000000,steady,0
candidate,1340,14888888740,500000000,late_window,early,425000000,295138,4722208,295139,4722224,9444432,0,500000000,steady,0
candidate,1341,14899999851,500000000,late_window,early,425000000,295138,4722208,295139,4722224,9444432,0,500000000,steady,0
candidate,1342,14911110962,500000000,late_window,early,425000000,295138,4722208,295139,4722224,9444432,0,500000000,steady,0
candidate,1343,14922222073,500000000,late_window,early,425000000,295138,4722208,295139,4722224,9444432,0,500000000,steady,0
candidate,1344,14933333184,500000000,late_window,early,425000000,295138,4722208,295139,4722224,9444432,0,500000000,steady,0
candidate,1345,14944444295,500000000,late_window,early,425000000,295138,4722208,295139,4722224,9444432,0,500000000,steady,0
candidate,1346,14955555406,500000000,late_window,early,425000000,295138,4722208,295139,4722224,9444432,0,500000000,steady,0
candidate,1347,14966666517,500000000,late_window,early,425000000,295138,4722208,295139,4722224,9444432,0,500000000,steady,0
candidate,1348,14977777628,500000000,late_window,early,425000000,295138,4722208,295139,4722224,9444432,0,500000000,steady,0
candidate,1349,14988888739,500000000,late_window,early,425000000,295138,4722208,295139,4722224,9444432,0,500000000,steady,0
candidate,1350,14999999850,500000000,late_window,early,425000000,295138,4722208,295139,4722224,9444432,0,500000000,steady,0
candidate,1351,15011110961,500000000,late_window,early,425000000,295138,4722208,295139,4722224,9444432,0,500000000,steady,0
candidate,1352,15022222072,500000000,late_window,early,425000000,295138,4722208,295139,4722224,9444432,0,500000000,steady,0
candidate,1353,15033333183,500000000,late_window,early,425000000,295138,4722208,295139,4722224,9444432,0,500000000,steady,0
candidate,1354,15044444294,500000000,late_window,early,425000000,295138,4722208,295139,4722224,9444432,0,500000000,steady,0
candidate,1355,15055555405,500000000,late_window,early,425000000,295138,4722208,295139,4722224,9444432,0,500000000,steady,0
candidate,1356,15066666516,500000000,late_window,early,425000000,295138,4722208,295139,4722224,9444432,0,500000000,steady,0
candidate,1357,15077777627,500000000,late_window,early,425000000,295138,4722208,295139,4722224,9444432,0,500000000,steady,0
candidate,1358,15088888738,500000000,late_window,early,425000000,295138,4722208,295139,4722224,9444432,0,500000000,steady,0
candidate,1359,15099999849,500000000,late_window,early,425000000,295138,4722208,295139,4722224,9444432,0,500000000,steady,0
candidate,1360,15111110960,500000000,late_window,early,425000000,295138,4722208,295139,4722224,9444432,0,500000000,steady,0
candidate,1361,15122222071,500000000,late_window,early,425000000,295138,4722208,295139,4722224,9444432,0,500000000,steady,0
candidate,1362,15133333182,500000000,late_window,early,425000000,295138,4722208,295139,4722224,9444432,0,500000000,steady,0
candidate,1363,15144444293,500000000,late_window,early,425000000,295138,4722208,295139,4722224,9444432,0,500000000,steady,0
candidate,1364,15155555404,500000000,late_window,early,425000000,295138,4722208,295139,4722224,9444432,0,500000000,steady,0
candidate,1365,15166666515,500000000,late_window,early,425000000,295138,4722208,295139,4722224,9444432,0,500000000,steady,0
candidate,1366,15177777626,500000000,late_window,early,425000000,295138,4722208,295139,4722224,9444432,0,500000000,steady,0
candidate,1367,15188888737,500000000,late_window,early,425000000,295138,4722208,295139,4722224,9444432,0,500000000,steady,0
candidate,1368,15199999848,500000000,late_window,early,425000000,295138,4722208,295139,4722224,9444432,0,500000000,steady,0
candidate,1369,15211110959,500000000,late_window,early,425000000,295138,4722208,295139,4722224,9444432,0,500000000,steady,0
candidate,1370,15222222070,500000000,late_window,early,425000000,295138,4722208,295139,4722224,9444432,0,500000000,steady,0
candidate,1371,15233333181,500000000,late_window,early,425000000,295138,4722208,295139,4722224,9444432,0,500000000,steady,0
candidate,1372,15244444292,500000000,late_window,early,425000000,295138,4722208,295139,4722224,9444432,0,500000000,steady,0
candidate,1373,15255555403,500000000,late_window,early,425000000,295138,4722208,295139,4722224,9444432,0,500000000,steady,0
candidate,1374,15266666514,500000000,late_window,early,425000000,295138,4722208,295139,4722224,9444432,0,500000000,steady,0
candidate,1375,15277777625,500000000,late_window,early,425000000,295138,4722208,295139,4722224,9444432,0,500000000,steady,0
candidate,1376,15288888736,500000000,late_window,early,425000000,295138,4722208,295139,4722224,9444432,0,500000000,steady,0
candidate,1377,15299999847,500000000,late_window,early,425000000,295138,4722208,295139,4722224,9444432,0,500000000,steady,0
candidate,1378,15311110958,500000000,late_window,early,425000000,295138,4722208,295139,4722224,9444432,0,500000000,steady,0
candidate,1379,15322222069,500000000,late_window,early,425000000,295138,4722208,295139,4722224,9444432,0,500000000,steady,0
candidate,1380,15333333180,500000000,late_window,early,425000000,295138,4722208,295139,4722224,9444432,0,500000000,steady,0
candidate,1381,15344444291,500000000,late_window,early,425000000,295138,4722208,295139,4722224,9444432,0,500000000,steady,0
candidate,1382,15355555402,500000000,late_window,early,425000000,295138,4722208,295139,4722224,9444432,0,500000000,steady,0
candidate,1383,15366666513,500000000,late_window,early,425000000,295138,4722208,295139,4722224,9444432,0,500000000,steady,0
candidate,1384,15377777624,500000000,late_window,early,425000000,295138,4722208,295139,4722224,9444432,0,500000000,steady,0
candidate,1385,15388888735,500000000,late_window,early,425000000,295138,4722208,295139,4722224,9444432,0,500000000,steady,0
candidate,1386,15399999846,500000000,late_window,early,425000000,295138,4722208,295139,4722224,9444432,0,500000000,steady,0
candidate,1387,15411110957,500000000,late_window,early,425000000,295138,4722208,295139,4722224,9444432,0,500000000,steady,0
candidate,1388,15422222068,500000000,late_window,early,425000000,295138,4722208,295139,4722224,9444432,0,500000000,steady,0
candidate,1389,15433333179,500000000,late_window,early,425000000,295138,4722208,295139,4722224,9444432,0,500000000,steady,0
candidate,1390,15444444290,500000000,late_window,early,425000000,295138,4722208,295139,4722224,9444432,0,500000000,steady,0
candidate,1391,15455555401,500000000,late_window,early,425000000,295138,4722208,295139,4722224,9444432,0,500000000,steady,0
candidate,1392,15466666512,500000000,late_window,early,425000000,295138,4722208,295139,4722224,9444432,0,500000000,steady,0
candidate,1393,15477777623,500000000,late_window,early,425000000,295138,4722208,295139,4722224,9444432,0,500000000,steady,0
candidate,1394,15488888734,500000000,late_window,early,425000000,295138,4722208,295139,4722224,9444432,0,500000000,steady,0
candidate,1395,15499999845,500000000,late_window,early,425000000,295138,4722208,295139,4722224,9444432,0,500000000,steady,0
candidate,1396,15511110956,500000000,late_window,early,425000000,295138,4722208,295139,4722224,9444432,0,500000000,steady,0
candidate,1397,15522222067,500000000,late_window,early,425000000,295138,4722208,295139,4722224,9444432,0,500000000,steady,0
candidate,1398,15533333178,500000000,late_window,early,425000000,295138,4722208,295139,4722224,9444432,0,500000000,steady,0
candidate,1399,15544444289,500000000,late_window,early,425000000,295138,4722208,295139,4722224,9444432,0,500000000,steady,0
candidate,1400,15555555400,500000000,late_window,early,425000000,295138,4722208,295139,4722224,9444432,0,500000000,steady,0
candidate,1401,15566666511,500000000,late_window,early,425000000,295138,4722208,295139,4722224,9444432,0,500000000,steady,0
candidate,1402,15577777622,500000000,late_window,early,425000000,295138,4722208,295139,4722224,9444432,0,500000000,steady,0
candidate,1403,15588888733,500000000,late_window,early,425000000,295138,4722208,295139,4722224,9444432,0,500000000,steady,0
candidate,1404,15599999844,500000000,late_window,early,425000000,295138,4722208,295139,4722224,9444432,0,500000000,steady,0
candidate,1405,15611110955,500000000,late_window,early,425000000,295138,4722208,295139,4722224,9444432,0,500000000,steady,0
candidate,1406,15622222066,500000000,late_window,early,425000000,295138,4722208,295139,4722224,9444432,0,500000000,steady,0
candidate,1407,15633333177,500000000,late_window,early,425000000,295138,4722208,295139,4722224,9444432,0,500000000,steady,0
candidate,1408,15644444288,500000000,late_window,early,425000000,295138,4722208,295139,4722224,9444432,0,500000000,steady,0
candidate,1409,15655555399,500000000,late_window,early,425000000,295138,4722208,295139,4722224,9444432,0,500000000,steady,0
candidate,1410,15666666510,500000000,late_window,early,425000000,295138,4722208,295139,4722224,9444432,0,500000000,steady,0
candidate,1411,15677777621,500000000,late_window,early,425000000,295138,4722208,295139,4722224,9444432,0,500000000,steady,0
candidate,1412,15688888732,500000000,late_window,early,425000000,295138,4722208,295139,4722224,9444432,0,500000000,steady,0
candidate,1413,15699999843,500000000,late_window,early,425000000,295138,4722208,295139,4722224,9444432,0,500000000,steady,0
candidate,1414,15711110954,500000000,late_window,early,425000000,295138,4722208,295139,4722224,9444432,0,500000000,steady,0
candidate,1415,15722222065,500000000,late_window,early,425000000,295138,4722208,295139,4722224,9444432,0,500000000,steady,0
candidate,1416,15733333176,500000000,late_window,early,425000000,295138,4722208,295139,4722224,9444432,0,500000000,steady,0
candidate,1417,15744444287,500000000,late_window,early,425000000,295138,4722208,295139,4722224,9444432,0,500000000,steady,0
candidate,1418,15755555398,500000000,late_window,early,425000000,295138,4722208,295139,4722224,9444432,0,500000000,steady,0
candidate,1419,15766666509,500000000,late_window,early,425000000,295138,4722208,295139,4722224,9444432,0,500000000,steady,0
candidate,1420,15777777620,500000000,late_window,early,425000000,295138,4722208,295139,4722224,9444432,0,500000000,steady,0
candidate,1421,15788888731,500000000,late_window,early,425000000,295138,4722208,295139,4722224,9444432,0,500000000,steady,0
candidate,1422,15799999842,500000000,late_window,early,425000000,295138,4722208,295139,4722224,9444432,0,500000000,steady,0
candidate,1423,15811110953,500000000,late_window,early,425000000,295138,4722208,295139,4722224,9444432,0,500000000,steady,0
candidate,1424,15822222064,500000000,late_window,early,425000000,295138,4722208,295139,4722224,9444432,0,500000000,steady,0
candidate,1425,15833333175,500000000,late_window,early,425000000,295138,4722208,295139,4722224,9444432,0,500000000,steady,0
candidate,1426,15844444286,500000000,late_window,early,425000000,295138,4722208,295139,4722224,9444432,0,500000000,steady,0
candidate,1427,15855555397,500000000,late_window,early,425000000,295138,4722208,295139,4722224,9444432,0,500000000,steady,0
candidate,1428,15866666508,500000000,late_window,early,425000000,295138,4722208,295139,4722224,9444432,0,500000000,steady,0
candidate,1429,15877777619,500000000,late_window,early,425000000,295138,4722208,295139,4722224,9444432,0,500000000,steady,0
candidate,1430,15888888730,500000000,late_window,early,425000000,295138,4722208,295139,4722224,9444432,0,500000000,steady,0
candidate,1431,15899999841,500000000,late_window,early,425000000,295138,4722208,295139,4722224,9444432,0,500000000,steady,0
candidate,1432,15911110952,500000000,late_window,early,425000000,295138,4722208,295139,4722224,9444432,0,500000000,steady,0
candidate,1433,15922222063,500000000,late_window,early,425000000,295138,4722208,295139,4722224,9444432,0,500000000,steady,0
candidate,1434,15933333174,500000000,late_window,early,425000000,295138,4722208,295139,4722224,9444432,0,500000000,steady,0
candidate,1435,15944444285,500000000,late_window,early,425000000,295138,4722208,295139,4722224,9444432,0,500000000,steady,0
candidate,1436,15955555396,500000000,late_window,early,425000000,295138,4722208,295139,4722224,9444432,0,500000000,steady,0
candidate,1437,15966666507,500000000,late_window,early,425000000,295138,4722208,295139,4722224,9444432,0,500000000,steady,0
candidate,1438,15977777618,500000000,late_window,early,425000000,295138,4722208,295139,4722224,9444432,0,500000000,steady,0
candidate,1439,15988888729,500000000,late_window,early,425000000,295138,4722208,295139,4722224,9444432,0,500000000,steady,0
candidate,1440,15999999840,500000000,late_window,early,425000000,295138,4722208,295139,4722224,9444432,0,500000000,steady,0
candidate,1441,16011110951,500000000,late_window,early,425000000,295138,4722208,295139,4722224,9444432,0,500000000,steady,0
candidate,1442,16022222062,500000000,late_window,early,425000000,295138,4722208,295139,4722224,9444432,0,500000000,steady,0
candidate,1443,16033333173,500000000,late_window,early,425000000,295138,4722208,295139,4722224,9444432,0,500000000,steady,0
candidate,1444,16044444284,500000000,late_window,early,425000000,295138,4722208,295139,4722224,9444432,0,500000000,steady,0
candidate,1445,16055555395,500000000,late_window,early,425000000,295138,4722208,295139,4722224,9444432,0,500000000,steady,0
candidate,1446,16066666506,500000000,late_window,early,425000000,295138,4722208,295139,4722224,9444432,0,500000000,steady,0
candidate,1447,16077777617,500000000,late_window,early,425000000,295138,4722208,295139,4722224,9444432,0,500000000,steady,0
candidate,1448,16088888728,500000000,late_window,early,425000000,295138,4722208,295139,4722224,9444432,0,500000000,steady,0
candidate,1449,16099999839,500000000,late_window,early,425000000,295138,4722208,295139,4722224,9444432,0,500000000,steady,0
candidate,1450,16111110950,500000000,late_window,early,425000000,295138,4722208,295139,4722224,9444432,0,500000000,steady,0
candidate,1451,16122222061,500000000,late_window,early,425000000,295138,4722208,295139,4722224,9444432,0,500000000,steady,0
candidate,1452,16133333172,500000000,late_window,early,425000000,295138,4722208,295139,4722224,9444432,0,500000000,steady,0
candidate,1453,16144444283,500000000,late_window,early,425000000,295138,4722208,295139,4722224,9444432,0,500000000,steady,0
candidate,1454,16155555394,500000000,late_window,early,425000000,295138,4722208,295139,4722224,9444432,0,500000000,steady,0
candidate,1455,16166666505,500000000,late_window,early,425000000,295138,4722208,295139,4722224,9444432,0,500000000,steady,0
candidate,1456,16177777616,500000000,late_window,early,425000000,295138,4722208,295139,4722224,9444432,0,500000000,steady,0
candidate,1457,16188888727,500000000,late_window,early,425000000,295138,4722208,295139,4722224,9444432,0,500000000,steady,0
candidate,1458,16199999838,500000000,late_window,early,425000000,295138,4722208,295139,4722224,9444432,0,500000000,steady,0
candidate,1459,16211110949,500000000,late_window,early,425000000,295138,4722208,295139,4722224,9444432,0,500000000,steady,0
candidate,1460,16222222060,500000000,late_window,early,425000000,295138,4722208,295139,4722224,9444432,0,500000000,steady,0
candidate,1461,16233333171,500000000,late_window,early,425000000,295138,4722208,295139,4722224,9444432,0,500000000,steady,0
candidate,1462,16244444282,500000000,late_window,early,425000000,295138,4722208,295139,4722224,9444432,0,500000000,steady,0
candidate,1463,16255555393,500000000,late_window,early,425000000,295138,4722208,295139,4722224,9444432,0,500000000,steady,0
candidate,1464,16266666504,500000000,late_window,early,425000000,295138,4722208,295139,4722224,9444432,0,500000000,steady,0
candidate,1465,16277777615,500000000,late_window,early,425000000,295138,4722208,295139,4722224,9444432,0,500000000,steady,0
candidate,1466,16288888726,500000000,late_window,early,425000000,295138,4722208,295139,4722224,9444432,0,500000000,steady,0
candidate,1467,16299999837,500000000,late_window,early,425000000,295138,4722208,295139,4722224,9444432,0,500000000,steady,0
candidate,1468,16311110948,500000000,late_window,early,425000000,295138,4722208,295139,4722224,9444432,0,500000000,steady,0
candidate,1469,16322222059,500000000,late_window,early,425000000,295138,4722208,295139,4722224,9444432,0,500000000,steady,0
candidate,1470,16333333170,500000000,late_window,early,425000000,295138,4722208,295139,4722224,9444432,0,500000000,steady,0
candidate,1471,16344444281,500000000,late_window,early,425000000,295138,4722208,295139,4722224,9444432,0,500000000,steady,0
candidate,1472,16355555392,500000000,late_window,early,425000000,295138,4722208,295139,4722224,9444432,0,500000000,steady,0
candidate,1473,16366666503,500000000,late_window,early,425000000,295138,4722208,295139,4722224,9444432,0,500000000,steady,0
candidate,1474,16377777614,500000000,late_window,early,425000000,295138,4722208,295139,4722224,9444432,0,500000000,steady,0
candidate,1475,16388888725,500000000,late_window,early,425000000,295138,4722208,295139,4722224,9444432,0,500000000,steady,0
candidate,1476,16399999836,500000000,late_window,early,425000000,295138,4722208,295139,4722224,9444432,0,500000000,steady,0
candidate,1477,16411110947,500000000,late_window,early,425000000,295138,4722208,295139,4722224,9444432,0,500000000,steady,0
candidate,1478,16422222058,500000000,late_window,early,425000000,295138,4722208,295139,4722224,9444432,0,500000000,steady,0
candidate,1479,16433333169,500000000,late_window,early,425000000,295138,4722208,295139,4722224,9444432,0,500000000,steady,0
candidate,1480,16444444280,500000000,late_window,early,425000000,295138,4722208,295139,4722224,9444432,0,500000000,steady,0
candidate,1481,16455555391,500000000,late_window,early,425000000,295138,4722208,295139,4722224,9444432,0,500000000,steady,0
candidate,1482,16466666502,500000000,late_window,early,425000000,295138,4722208,295139,4722224,9444432,0,500000000,steady,0
candidate,1483,16477777613,500000000,late_window,early,425000000,295138,4722208,295139,4722224,9444432,0,500000000,steady,0
candidate,1484,16488888724,500000000,late_window,early,425000000,295138,4722208,295139,4722224,9444432,0,500000000,steady,0
candidate,1485,16499999835,500000000,late_window,early,425000000,295138,4722208,295139,4722224,9444432,0,500000000,steady,0
candidate,1486,16511110946,500000000,late_window,early,425000000,295138,4722208,295139,4722224,9444432,0,500000000,steady,0
candidate,1487,16522222057,500000000,late_window,early,425000000,295138,4722208,295139,4722224,9444432,0,500000000,steady,0
candidate,1488,16533333168,500000000,late_window,early,425000000,295138,4722208,295139,4722224,9444432,0,500000000,steady,0
candidate,1489,16544444279,500000000,late_window,early,425000000,295138,4722208,295139,4722224,9444432,0,500000000,steady,0
candidate,1490,16555555390,500000000,late_window,early,425000000,295138,4722208,295139,4722224,9444432,0,500000000,steady,0
candidate,1491,16566666501,500000000,late_window,early,425000000,295138,4722208,295139,4722224,9444432,0,500000000,steady,0
candidate,1492,16577777612,500000000,late_window,early,425000000,295138,4722208,295139,4722224,9444432,0,500000000,steady,0
candidate,1493,16588888723,500000000,late_window,early,425000000,295138,4722208,295139,4722224,9444432,0,500000000,steady,0
candidate,1494,16599999834,500000000,late_window,early,425000000,295138,4722208,295139,4722224,9444432,0,500000000,steady,0
candidate,1495,16611110945,500000000,late_window,early,425000000,295138,4722208,295139,4722224,9444432,0,500000000,steady,0
candidate,1496,16622222056,500000000,late_window,early,425000000,295138,4722208,295139,4722224,9444432,0,500000000,steady,0
candidate,1497,16633333167,500000000,late_window,early,425000000,295138,4722208,295139,4722224,9444432,0,500000000,steady,0
candidate,1498,16644444278,500000000,late_window,early,425000000,295138,4722208,295139,4722224,9444432,0,500000000,steady,0
candidate,1499,16655555389,500000000,late_window,early,425000000,295138,4722208,295139,4722224,9444432,0,500000000,steady,0
candidate,1500,16666666500,500000000,late_window,early,425000000,295138,4722208,295139,4722224,9444432,0,500000000,steady,0
candidate,1501,16677777611,500000000,late_window,early,425000000,295138,4722208,295139,4722224,9444432,0,500000000,steady,0
candidate,1502,16688888722,500000000,late_window,early,425000000,295138,4722208,295139,4722224,9444432,0,500000000,steady,0
candidate,1503,16699999833,500000000,late_window,early,425000000,295138,4722208,295139,4722224,9444432,0,500000000,steady,0
candidate,1504,16711110944,500000000,late_window,early,425000000,295138,4722208,295139,4722224,9444432,0,500000000,steady,0
candidate,1505,16722222055,500000000,late_window,early,425000000,295138,4722208,295139,4722224,9444432,0,500000000,steady,0
candidate,1506,16733333166,500000000,late_window,early,425000000,295138,4722208,295139,4722224,9444432,0,500000000,steady,0
candidate,1507,16744444277,500000000,late_window,early,425000000,295138,4722208,295139,4722224,9444432,0,500000000,steady,0
candidate,1508,16755555388,500000000,late_window,early,425000000,295138,4722208,295139,4722224,9444432,0,500000000,steady,0
candidate,1509,16766666499,500000000,late_window,early,425000000,295138,4722208,295139,4722224,9444432,0,500000000,steady,0
candidate,1510,16777777610,500000000,late_window,early,425000000,295138,4722208,295139,4722224,9444432,0,500000000,steady,0
candidate,1511,16788888721,500000000,late_window,early,425000000,295138,4722208,295139,4722224,9444432,0,500000000,steady,0
candidate,1512,16799999832,500000000,late_window,early,425000000,295138,4722208,295139,4722224,9444432,0,500000000,steady,0
candidate,1513,16811110943,500000000,late_window,early,425000000,295138,4722208,295139,4722224,9444432,0,500000000,steady,0
candidate,1514,16822222054,500000000,late_window,early,425000000,295138,4722208,295139,4722224,9444432,0,500000000,steady,0
candidate,1515,16833333165,500000000,late_window,early,425000000,295138,4722208,295139,4722224,9444432,0,500000000,steady,0
candidate,1516,16844444276,500000000,late_window,early,425000000,295138,4722208,295139,4722224,9444432,0,500000000,steady,0
candidate,1517,16855555387,500000000,late_window,early,425000000,295138,4722208,295139,4722224,9444432,0,500000000,steady,0
candidate,1518,16866666498,500000000,late_window,early,425000000,295138,4722208,295139,4722224,9444432,0,500000000,steady,0
candidate,1519,16877777609,500000000,late_window,early,425000000,295138,4722208,295139,4722224,9444432,0,500000000,steady,0
candidate,1520,16888888720,500000000,late_window,early,425000000,295138,4722208,295139,4722224,9444432,0,500000000,steady,0
candidate,1521,16899999831,500000000,late_window,early,425000000,295138,4722208,295139,4722224,9444432,0,500000000,steady,0
candidate,1522,16911110942,500000000,late_window,early,425000000,295138,4722208,295139,4722224,9444432,0,500000000,steady,0
candidate,1523,16922222053,500000000,late_window,early,425000000,295138,4722208,295139,4722224,9444432,0,500000000,steady,0
candidate,1524,16933333164,500000000,late_window,early,425000000,295138,4722208,295139,4722224,9444432,0,500000000,steady,0
candidate,1525,16944444275,500000000,late_window,early,425000000,295138,4722208,295139,4722224,9444432,0,500000000,steady,0
candidate,1526,16955555386,500000000,late_window,early,425000000,295138,4722208,295139,4722224,9444432,0,500000000,steady,0
candidate,1527,16966666497,500000000,late_window,early,425000000,295138,4722208,295139,4722224,9444432,0,500000000,steady,0
candidate,1528,16977777608,500000000,late_window,early,425000000,295138,4722208,295139,4722224,9444432,0,500000000,steady,0
candidate,1529,16988888719,500000000,late_window,early,425000000,295138,4722208,295139,4722224,9444432,0,500000000,steady,0
candidate,1530,16999999830,500000000,late_window,early,425000000,295138,4722208,295139,4722224,9444432,0,500000000,steady,0
candidate,1531,17011110941,500000000,late_window,early,425000000,295138,4722208,295139,4722224,9444432,0,500000000,steady,0
candidate,1532,17022222052,500000000,late_window,early,425000000,295138,4722208,295139,4722224,9444432,0,500000000,steady,0
candidate,1533,17033333163,500000000,late_window,early,425000000,295138,4722208,295139,4722224,9444432,0,500000000,steady,0
candidate,1534,17044444274,500000000,late_window,early,425000000,295138,4722208,295139,4722224,9444432,0,500000000,steady,0
candidate,1535,17055555385,500000000,late_window,early,425000000,295138,4722208,295139,4722224,9444432,0,500000000,steady,0
candidate,1536,17066666496,500000000,late_window,early,425000000,295138,4722208,295139,4722224,9444432,0,500000000,steady,0
candidate,1537,17077777607,500000000,late_window,early,425000000,295138,4722208,295139,4722224,9444432,0,500000000,steady,0
candidate,1538,17088888718,500000000,late_window,early,425000000,295138,4722208,295139,4722224,9444432,0,500000000,steady,0
candidate,1539,17099999829,500000000,late_window,early,425000000,295138,4722208,295139,4722224,9444432,0,500000000,steady,0
candidate,1540,17111110940,500000000,late_window,early,425000000,295138,4722208,295139,4722224,9444432,0,500000000,steady,0
candidate,1541,17122222051,500000000,late_window,early,425000000,295138,4722208,295139,4722224,9444432,0,500000000,steady,0
candidate,1542,17133333162,500000000,late_window,early,425000000,295138,4722208,295139,4722224,9444432,0,500000000,steady,0
candidate,1543,17144444273,500000000,late_window,early,425000000,295138,4722208,295139,4722224,9444432,0,500000000,steady,0
candidate,1544,17155555384,500000000,late_window,early,425000000,295138,4722208,295139,4722224,9444432,0,500000000,steady,0
candidate,1545,17166666495,500000000,late_window,early,425000000,295138,4722208,295139,4722224,9444432,0,500000000,steady,0
candidate,1546,17177777606,500000000,late_window,early,425000000,295138,4722208,295139,4722224,9444432,0,500000000,steady,0
candidate,1547,17188888717,500000000,late_window,early,425000000,295138,4722208,295139,4722224,9444432,0,500000000,steady,0
candidate,1548,17199999828,500000000,late_window,early,425000000,295138,4722208,295139,4722224,9444432,0,500000000,steady,0
candidate,1549,17211110939,500000000,late_window,early,425000000,295138,4722208,295139,4722224,9444432,0,500000000,steady,0
candidate,1550,17222222050,500000000,late_window,early,425000000,295138,4722208,295139,4722224,9444432,0,500000000,steady,0
candidate,1551,17233333161,500000000,late_window,early,425000000,295138,4722208,295139,4722224,9444432,0,500000000,steady,0
candidate,1552,17244444272,500000000,late_window,early,425000000,295138,4722208,295139,4722224,9444432,0,500000000,steady,0
candidate,1553,17255555383,500000000,late_window,early,425000000,295138,4722208,295139,4722224,9444432,0,500000000,steady,0
candidate,1554,17266666494,500000000,late_window,early,425000000,295138,4722208,295139,4722224,9444432,0,500000000,steady,0
candidate,1555,17277777605,500000000,late_window,early,425000000,295138,4722208,295139,4722224,9444432,0,500000000,steady,0
candidate,1556,17288888716,500000000,late_window,early,425000000,295138,4722208,295139,4722224,9444432,0,500000000,steady,0
candidate,1557,17299999827,500000000,late_window,early,425000000,295138,4722208,295139,4722224,9444432,0,500000000,steady,0
candidate,1558,17311110938,500000000,late_window,early,425000000,295138,4722208,295139,4722224,9444432,0,500000000,steady,0
candidate,1559,17322222049,500000000,late_window,early,425000000,295138,4722208,295139,4722224,9444432,0,500000000,steady,0
candidate,1560,17333333160,500000000,late_window,early,425000000,295138,4722208,295139,4722224,9444432,0,500000000,steady,0
candidate,1561,17344444271,500000000,late_window,early,425000000,295138,4722208,295139,4722224,9444432,0,500000000,steady,0
candidate,1562,17355555382,500000000,late_window,early,425000000,295138,4722208,295139,4722224,9444432,0,500000000,steady,0
candidate,1563,17366666493,500000000,late_window,early,425000000,295138,4722208,295139,4722224,9444432,0,500000000,steady,0
candidate,1564,17377777604,500000000,late_window,early,425000000,295138,4722208,295139,4722224,9444432,0,500000000,steady,0
candidate,1565,17388888715,500000000,late_window,early,425000000,295138,4722208,295139,4722224,9444432,0,500000000,steady,0
candidate,1566,17399999826,500000000,late_window,early,425000000,295138,4722208,295139,4722224,9444432,0,500000000,steady,0
candidate,1567,17411110937,500000000,late_window,early,425000000,295138,4722208,295139,4722224,9444432,0,500000000,steady,0
candidate,1568,17422222048,500000000,late_window,early,425000000,295138,4722208,295139,4722224,9444432,0,500000000,steady,0
candidate,1569,17433333159,500000000,late_window,early,425000000,295138,4722208,295139,4722224,9444432,0,500000000,steady,0
candidate,1570,17444444270,500000000,late_window,early,425000000,295138,4722208,295139,4722224,9444432,0,500000000,steady,0
candidate,1571,17455555381,500000000,late_window,early,425000000,295138,4722208,295139,4722224,9444432,0,500000000,steady,0
candidate,1572,17466666492,500000000,late_window,early,425000000,295138,4722208,295139,4722224,9444432,0,500000000,steady,0
candidate,1573,17477777603,500000000,late_window,early,425000000,295138,4722208,295139,4722224,9444432,0,500000000,steady,0
candidate,1574,17488888714,500000000,late_window,early,425000000,295138,4722208,295139,4722224,9444432,0,500000000,steady,0
candidate,1575,17499999825,500000000,late_window,early,425000000,295138,4722208,295139,4722224,9444432,0,500000000,steady,0
candidate,1576,17511110936,500000000,late_window,early,425000000,295138,4722208,295139,4722224,9444432,0,500000000,steady,0
candidate,1577,17522222047,500000000,late_window,early,425000000,295138,4722208,295139,4722224,9444432,0,500000000,steady,0
candidate,1578,17533333158,500000000,late_window,early,425000000,295138,4722208,295139,4722224,9444432,0,500000000,steady,0
candidate,1579,17544444269,500000000,late_window,early,425000000,295138,4722208,295139,4722224,9444432,0,500000000,steady,0
candidate,1580,17555555380,500000000,late_window,early,425000000,295138,4722208,295139,4722224,9444432,0,500000000,steady,0
candidate,1581,17566666491,500000000,late_window,early,425000000,295138,4722208,295139,4722224,9444432,0,500000000,steady,0
candidate,1582,17577777602,500000000,late_window,early,425000000,295138,4722208,295139,4722224,9444432,0,500000000,steady,0
candidate,1583,17588888713,500000000,late_window,early,425000000,295138,4722208,295139,4722224,9444432,0,500000000,steady,0
candidate,1584,17599999824,500000000,late_window,early,425000000,295138,4722208,295139,4722224,9444432,0,500000000,steady,0
candidate,1585,17611110935,500000000,late_window,early,425000000,295138,4722208,295139,4722224,9444432,0,500000000,steady,0
candidate,1586,17622222046,500000000,late_window,early,425000000,295138,4722208,295139,4722224,9444432,0,500000000,steady,0
candidate,1587,17633333157,500000000,late_window,early,425000000,295138,4722208,295139,4722224,9444432,0,500000000,steady,0
candidate,1588,17644444268,500000000,late_window,early,425000000,295138,4722208,295139,4722224,9444432,0,500000000,steady,0
candidate,1589,17655555379,500000000,late_window,early,425000000,295138,4722208,295139,4722224,9444432,0,500000000,steady,0
candidate,1590,17666666490,500000000,late_window,early,425000000,295138,4722208,295139,4722224,9444432,0,500000000,steady,0
candidate,1591,17677777601,500000000,late_window,early,425000000,295138,4722208,295139,4722224,9444432,0,500000000,steady,0
candidate,1592,17688888712,500000000,late_window,early,425000000,295138,4722208,295139,4722224,9444432,0,500000000,steady,0
candidate,1593,17699999823,500000000,late_window,early,425000000,295138,4722208,295139,4722224,9444432,0,500000000,steady,0
candidate,1594,17711110934,500000000,late_window,early,425000000,295138,4722208,295139,4722224,9444432,0,500000000,steady,0
candidate,1595,17722222045,500000000,late_window,early,425000000,295138,4722208,295139,4722224,9444432,0,500000000,steady,0
candidate,1596,17733333156,500000000,late_window,early,425000000,295138,4722208,295139,4722224,9444432,0,500000000,steady,0
candidate,1597,17744444267,500000000,late_window,early,425000000,295138,4722208,295139,4722224,9444432,0,500000000,steady,0
candidate,1598,17755555378,500000000,late_window,early,425000000,295138,4722208,295139,4722224,9444432,0,500000000,steady,0
candidate,1599,17766666489,500000000,late_window,early,425000000,295138,4722208,295139,4722224,9444432,0,500000000,steady,0
candidate,1600,17777777600,500000000,late_window,early,425000000,295138,4722208,295139,4722224,9444432,0,500000000,steady,0
candidate,1601,17788888711,500000000,late_window,early,425000000,295138,4722208,295139,4722224,9444432,0,500000000,steady,0
candidate,1602,17799999822,500000000,late_window,early,425000000,295138,4722208,295139,4722224,9444432,0,500000000,steady,0
candidate,1603,17811110933,500000000,late_window,early,425000000,295138,4722208,295139,4722224,9444432,0,500000000,steady,0
candidate,1604,17822222044,500000000,late_window,early,425000000,295138,4722208,295139,4722224,9444432,0,500000000,steady,0
candidate,1605,17833333155,500000000,late_window,early,425000000,295138,4722208,295139,4722224,9444432,0,500000000,steady,0
candidate,1606,17844444266,500000000,late_window,early,425000000,295138,4722208,295139,4722224,9444432,0,500000000,steady,0
candidate,1607,17855555377,500000000,late_window,early,425000000,295138,4722208,295139,4722224,9444432,0,500000000,steady,0
candidate,1608,17866666488,500000000,late_window,early,425000000,295138,4722208,295139,4722224,9444432,0,500000000,steady,0
candidate,1609,17877777599,500000000,late_window,early,425000000,295138,4722208,295139,4722224,9444432,0,500000000,steady,0
candidate,1610,17888888710,500000000,late_window,early,425000000,295138,4722208,295139,4722224,9444432,0,500000000,steady,0
candidate,1611,17899999821,500000000,late_window,early,425000000,295138,4722208,295139,4722224,9444432,0,500000000,steady,0
candidate,1612,17911110932,500000000,late_window,early,425000000,295138,4722208,295139,4722224,9444432,0,500000000,steady,0
candidate,1613,17922222043,500000000,late_window,early,425000000,295138,4722208,295139,4722224,9444432,0,500000000,steady,0
candidate,1614,17933333154,500000000,late_window,early,425000000,295138,4722208,295139,4722224,9444432,0,500000000,steady,0
candidate,1615,17944444265,500000000,late_window,early,425000000,295138,4722208,295139,4722224,9444432,0,500000000,steady,0
candidate,1616,17955555376,500000000,late_window,early,425000000,295138,4722208,295139,4722224,9444432,0,500000000,steady,0
candidate,1617,17966666487,500000000,late_window,early,425000000,295138,4722208,295139,4722224,9444432,0,500000000,steady,0
candidate,1618,17977777598,500000000,late_window,early,425000000,295138,4722208,295139,4722224,9444432,0,500000000,steady,0
candidate,1619,17988888709,500000000,late_window,early,425000000,295138,4722208,295139,4722224,9444432,0,500000000,steady,0
candidate,1620,17999999820,500000000,late_window,early,425000000,295138,4722208,295139,4722224,9444432,0,500000000,steady,0
candidate,1621,18011110931,500000000,late_window,early,425000000,295138,4722208,295139,4722224,9444432,0,500000000,steady,0
candidate,1622,18022222042,500000000,late_window,early,425000000,295138,4722208,295139,4722224,9444432,0,500000000,steady,0
candidate,1623,18033333153,500000000,late_window,early,425000000,295138,4722208,295139,4722224,9444432,0,500000000,steady,0
candidate,1624,18044444264,500000000,late_window,early,425000000,295138,4722208,295139,4722224,9444432,0,500000000,steady,0
candidate,1625,18055555375,500000000,late_window,early,425000000,295138,4722208,295139,4722224,9444432,0,500000000,steady,0
candidate,1626,18066666486,500000000,late_window,early,425000000,295138,4722208,295139,4722224,9444432,0,500000000,steady,0
candidate,1627,18077777597,500000000,late_window,early,425000000,295138,4722208,295139,4722224,9444432,0,500000000,steady,0
candidate,1628,18088888708,500000000,late_window,early,425000000,295138,4722208,295139,4722224,9444432,0,500000000,steady,0
candidate,1629,18099999819,500000000,late_window,early,425000000,295138,4722208,295139,4722224,9444432,0,500000000,steady,0
candidate,1630,18111110930,500000000,late_window,early,425000000,295138,4722208,295139,4722224,9444432,0,500000000,steady,0
candidate,1631,18122222041,500000000,late_window,early,425000000,295138,4722208,295139,4722224,9444432,0,500000000,steady,0
candidate,1632,18133333152,500000000,late_window,early,425000000,295138,4722208,295139,4722224,9444432,0,500000000,steady,0
candidate,1633,18144444263,500000000,late_window,early,425000000,295138,4722208,295139,4722224,9444432,0,500000000,steady,0
candidate,1634,18155555374,500000000,late_window,early,425000000,295138,4722208,295139,4722224,9444432,0,500000000,steady,0
candidate,1635,18166666485,500000000,late_window,early,425000000,295138,4722208,295139,4722224,9444432,0,500000000,steady,0
candidate,1636,18177777596,500000000,late_window,early,425000000,295138,4722208,295139,4722224,9444432,0,500000000,steady,0
candidate,1637,18188888707,500000000,late_window,early,425000000,295138,4722208,295139,4722224,9444432,0,500000000,steady,0
candidate,1638,18199999818,500000000,late_window,early,425000000,295138,4722208,295139,4722224,9444432,0,500000000,steady,0
candidate,1639,18211110929,500000000,late_window,early,425000000,295138,4722208,295139,4722224,9444432,0,500000000,steady,0
candidate,1640,18222222040,500000000,late_window,early,425000000,295138,4722208,295139,4722224,9444432,0,500000000,steady,0
candidate,1641,18233333151,500000000,late_window,early,425000000,295138,4722208,295139,4722224,9444432,0,500000000,steady,0
candidate,1642,18244444262,500000000,late_window,early,425000000,295138,4722208,295139,4722224,9444432,0,500000000,steady,0
candidate,1643,18255555373,500000000,late_window,early,425000000,295138,4722208,295139,4722224,9444432,0,500000000,steady,0
candidate,1644,18266666484,500000000,late_window,early,425000000,295138,4722208,295139,4722224,9444432,0,500000000,steady,0
candidate,1645,18277777595,500000000,late_window,early,425000000,295138,4722208,295139,4722224,9444432,0,500000000,steady,0
candidate,1646,18288888706,500000000,late_window,early,425000000,295138,4722208,295139,4722224,9444432,0,500000000,steady,0
candidate,1647,18299999817,500000000,late_window,early,425000000,295138,4722208,295139,4722224,9444432,0,500000000,steady,0
candidate,1648,18311110928,500000000,late_window,early,425000000,295138,4722208,295139,4722224,9444432,0,500000000,steady,0
candidate,1649,18322222039,500000000,late_window,early,425000000,295138,4722208,295139,4722224,9444432,0,500000000,steady,0
candidate,1650,18333333150,500000000,late_window,early,425000000,295138,4722208,295139,4722224,9444432,0,500000000,steady,0
candidate,1651,18344444261,500000000,late_window,early,425000000,295138,4722208,295139,4722224,9444432,0,500000000,steady,0
candidate,1652,18355555372,500000000,late_window,early,425000000,295138,4722208,295139,4722224,9444432,0,500000000,steady,0
candidate,1653,18366666483,500000000,late_window,early,425000000,295138,4722208,295139,4722224,9444432,0,500000000,steady,0
candidate,1654,18377777594,500000000,late_window,early,425000000,295138,4722208,295139,4722224,9444432,0,500000000,steady,0
candidate,1655,18388888705,500000000,late_window,early,425000000,295138,4722208,295139,4722224,9444432,0,500000000,steady,0
candidate,1656,18399999816,500000000,late_window,early,425000000,295138,4722208,295139,4722224,9444432,0,500000000,steady,0
candidate,1657,18411110927,500000000,late_window,early,425000000,295138,4722208,295139,4722224,9444432,0,500000000,steady,0
candidate,1658,18422222038,500000000,late_window,early,425000000,295138,4722208,295139,4722224,9444432,0,500000000,steady,0
candidate,1659,18433333149,500000000,late_window,early,425000000,295138,4722208,295139,4722224,9444432,0,500000000,steady,0
candidate,1660,18444444260,500000000,late_window,early,425000000,295138,4722208,295139,4722224,9444432,0,500000000,steady,0
candidate,1661,18455555371,500000000,late_window,early,425000000,295138,4722208,295139,4722224,9444432,0,500000000,steady,0
candidate,1662,18466666482,500000000,late_window,early,425000000,295138,4722208,295139,4722224,9444432,0,500000000,steady,0
candidate,1663,18477777593,500000000,late_window,early,425000000,295138,4722208,295139,4722224,9444432,0,500000000,steady,0
candidate,1664,18488888704,500000000,late_window,early,425000000,295138,4722208,295139,4722224,9444432,0,500000000,steady,0
candidate,1665,18499999815,500000000,late_window,early,425000000,295138,4722208,295139,4722224,9444432,0,500000000,steady,0
candidate,1666,18511110926,500000000,late_window,early,425000000,295138,4722208,295139,4722224,9444432,0,500000000,steady,0
candidate,1667,18522222037,500000000,late_window,early,425000000,295138,4722208,295139,4722224,9444432,0,500000000,steady,0
candidate,1668,18533333148,500000000,late_window,early,425000000,295138,4722208,295139,4722224,9444432,0,500000000,steady,0
candidate,1669,18544444259,500000000,late_window,early,425000000,295138,4722208,295139,4722224,9444432,0,500000000,steady,0
candidate,1670,18555555370,500000000,late_window,early,425000000,295138,4722208,295139,4722224,9444432,0,500000000,steady,0
candidate,1671,18566666481,500000000,late_window,early,425000000,295138,4722208,295139,4722224,9444432,0,500000000,steady,0
candidate,1672,18577777592,500000000,late_window,early,425000000,295138,4722208,295139,4722224,9444432,0,500000000,steady,0
candidate,1673,18588888703,500000000,late_window,early,425000000,295138,4722208,295139,4722224,9444432,0,500000000,steady,0
candidate,1674,18599999814,500000000,late_window,early,425000000,295138,4722208,295139,4722224,9444432,0,500000000,steady,0
candidate,1675,18611110925,500000000,late_window,early,425000000,295138,4722208,295139,4722224,9444432,0,500000000,steady,0
candidate,1676,18622222036,500000000,late_window,early,425000000,295138,4722208,295139,4722224,9444432,0,500000000,steady,0
candidate,1677,18633333147,500000000,late_window,early,425000000,295138,4722208,295139,4722224,9444432,0,500000000,steady,0
candidate,1678,18644444258,500000000,late_window,early,425000000,295138,4722208,295139,4722224,9444432,0,500000000,steady,0
candidate,1679,18655555369,500000000,late_window,early,425000000,295138,4722208,295139,4722224,9444432,0,500000000,steady,0
candidate,1680,18666666480,500000000,late_window,early,425000000,295138,4722208,295139,4722224,9444432,0,500000000,steady,0
candidate,1681,18677777591,500000000,late_window,early,425000000,295138,4722208,295139,4722224,9444432,0,500000000,steady,0
candidate,1682,18688888702,500000000,late_window,early,425000000,295138,4722208,295139,4722224,9444432,0,500000000,steady,0
candidate,1683,18699999813,500000000,late_window,early,425000000,295138,4722208,295139,4722224,9444432,0,500000000,steady,0
candidate,1684,18711110924,500000000,late_window,early,425000000,295138,4722208,295139,4722224,9444432,0,500000000,steady,0
candidate,1685,18722222035,500000000,late_window,early,425000000,295138,4722208,295139,4722224,9444432,0,500000000,steady,0
candidate,1686,18733333146,500000000,late_window,early,425000000,295138,4722208,295139,4722224,9444432,0,500000000,steady,0
candidate,1687,18744444257,500000000,late_window,early,425000000,295138,4722208,295139,4722224,9444432,0,500000000,steady,0
candidate,1688,18755555368,500000000,late_window,early,425000000,295138,4722208,295139,4722224,9444432,0,500000000,steady,0
candidate,1689,18766666479,500000000,late_window,early,425000000,295138,4722208,295139,4722224,9444432,0,500000000,steady,0
candidate,1690,18777777590,500000000,late_window,early,425000000,295138,4722208,295139,4722224,9444432,0,500000000,steady,0
candidate,1691,18788888701,500000000,late_window,early,425000000,295138,4722208,295139,4722224,9444432,0,500000000,steady,0
candidate,1692,18799999812,500000000,late_window,early,425000000,295138,4722208,295139,4722224,9444432,0,500000000,steady,0
candidate,1693,18811110923,500000000,late_window,early,425000000,295138,4722208,295139,4722224,9444432,0,500000000,steady,0
candidate,1694,18822222034,500000000,late_window,early,425000000,295138,4722208,295139,4722224,9444432,0,500000000,steady,0
candidate,1695,18833333145,500000000,late_window,early,425000000,295138,4722208,295139,4722224,9444432,0,500000000,steady,0
candidate,1696,18844444256,500000000,late_window,early,425000000,295138,4722208,295139,4722224,9444432,0,500000000,steady,0
candidate,1697,18855555367,500000000,late_window,early,425000000,295138,4722208,295139,4722224,9444432,0,500000000,steady,0
candidate,1698,18866666478,500000000,late_window,early,425000000,295138,4722208,295139,4722224,9444432,0,500000000,steady,0
candidate,1699,18877777589,500000000,late_window,early,425000000,295138,4722208,295139,4722224,9444432,0,500000000,steady,0
candidate,1700,18888888700,500000000,late_window,early,425000000,295138,4722208,295139,4722224,9444432,0,500000000,steady,0
candidate,1701,18899999811,500000000,late_window,early,425000000,295138,4722208,295139,4722224,9444432,0,500000000,steady,0
candidate,1702,18911110922,500000000,late_window,early,425000000,295138,4722208,295139,4722224,9444432,0,500000000,steady,0
candidate,1703,18922222033,500000000,late_window,early,425000000,295138,4722208,295139,4722224,9444432,0,500000000,steady,0
candidate,1704,18933333144,500000000,late_window,early,425000000,295138,4722208,295139,4722224,9444432,0,500000000,steady,0
candidate,1705,18944444255,500000000,late_window,early,425000000,295138,4722208,295139,4722224,9444432,0,500000000,steady,0
candidate,1706,18955555366,500000000,late_window,early,425000000,295138,4722208,295139,4722224,9444432,0,500000000,steady,0
candidate,1707,18966666477,500000000,late_window,early,425000000,295138,4722208,295139,4722224,9444432,0,500000000,steady,0
candidate,1708,18977777588,500000000,late_window,early,425000000,295138,4722208,295139,4722224,9444432,0,500000000,steady,0
candidate,1709,18988888699,500000000,late_window,early,425000000,295138,4722208,295139,4722224,9444432,0,500000000,steady,0
candidate,1710,18999999810,500000000,late_window,early,425000000,295138,4722208,295139,4722224,9444432,0,500000000,steady,0
candidate,1711,19011110921,500000000,late_window,early,425000000,295138,4722208,295139,4722224,9444432,0,500000000,steady,0
candidate,1712,19022222032,500000000,late_window,early,425000000,295138,4722208,295139,4722224,9444432,0,500000000,steady,0
candidate,1713,19033333143,500000000,late_window,early,425000000,295138,4722208,295139,4722224,9444432,0,500000000,steady,0
candidate,1714,19044444254,500000000,late_window,early,425000000,295138,4722208,295139,4722224,9444432,0,500000000,steady,0
candidate,1715,19055555365,500000000,late_window,early,425000000,295138,4722208,295139,4722224,9444432,0,500000000,steady,0
candidate,1716,19066666476,500000000,late_window,early,425000000,295138,4722208,295139,4722224,9444432,0,500000000,steady,0
candidate,1717,19077777587,500000000,late_window,early,425000000,295138,4722208,295139,4722224,9444432,0,500000000,steady,0
candidate,1718,19088888698,500000000,late_window,early,425000000,295138,4722208,295139,4722224,9444432,0,500000000,steady,0
candidate,1719,19099999809,500000000,late_window,early,425000000,295138,4722208,295139,4722224,9444432,0,500000000,steady,0
candidate,1720,19111110920,500000000,late_window,early,425000000,295138,4722208,295139,4722224,9444432,0,500000000,steady,0
candidate,1721,19122222031,500000000,late_window,early,425000000,295138,4722208,295139,4722224,9444432,0,500000000,steady,0
candidate,1722,19133333142,500000000,late_window,early,425000000,295138,4722208,295139,4722224,9444432,0,500000000,steady,0
candidate,1723,19144444253,500000000,late_window,early,425000000,295138,4722208,295139,4722224,9444432,0,500000000,steady,0
candidate,1724,19155555364,500000000,late_window,early,425000000,295138,4722208,295139,4722224,9444432,0,500000000,steady,0
candidate,1725,19166666475,500000000,late_window,early,425000000,295138,4722208,295139,4722224,9444432,0,500000000,steady,0
candidate,1726,19177777586,500000000,late_window,early,425000000,295138,4722208,295139,4722224,9444432,0,500000000,steady,0
candidate,1727,19188888697,500000000,late_window,early,425000000,295138,4722208,295139,4722224,9444432,0,500000000,steady,0
candidate,1728,19199999808,500000000,late_window,early,425000000,295138,4722208,295139,4722224,9444432,0,500000000,steady,0
candidate,1729,19211110919,500000000,late_window,early,425000000,295138,4722208,295139,4722224,9444432,0,500000000,steady,0
candidate,1730,19222222030,500000000,late_window,early,425000000,295138,4722208,295139,4722224,9444432,0,500000000,steady,0
candidate,1731,19233333141,500000000,late_window,early,425000000,295138,4722208,295139,4722224,9444432,0,500000000,steady,0
candidate,1732,19244444252,500000000,late_window,early,425000000,295138,4722208,295139,4722224,9444432,0,500000000,steady,0
candidate,1733,19255555363,500000000,late_window,early,425000000,295138,4722208,295139,4722224,9444432,0,500000000,steady,0
candidate,1734,19266666474,500000000,late_window,early,425000000,295138,4722208,295139,4722224,9444432,0,500000000,steady,0
candidate,1735,19277777585,500000000,late_window,early,425000000,295138,4722208,295139,4722224,9444432,0,500000000,probe,1
candidate,1736,19288888696,500000000,late_window,early,550000000,381944,6111104,381944,6111104,12222208,0,500000000,probe,0
candidate,1737,19299999807,500000000,late_window,early,550000000,381944,6111104,381944,6111104,12222208,1111097,500000000,probe,0
candidate,1738,19311110918,500000000,late_window,early,550000000,381944,6111104,381944,6111104,12222208,2222194,500000000,probe,0
candidate,1739,19322222029,500000000,late_window,early,550000000,381944,6111104,381944,6111104,12222208,3333291,500000000,probe,0
candidate,1740,19333333140,500000000,late_window,early,550000000,381944,6111104,381944,6111104,12222208,4444388,500000000,probe,0
candidate,1741,19344444251,500000000,late_window,early,550000000,381944,6111104,381944,6111104,12222208,5555485,500000000,probe,0
candidate,1742,19355555362,500000000,late_window,early,550000000,381944,6111104,381944,6111104,12222208,6666582,500000000,probe,0
candidate,1743,19366666473,500000000,late_window,early,550000000,381944,6111104,381944,6111104,12222208,7777679,500000000,probe,0
candidate,1744,19377777584,500000000,late_window,early,550000000,381944,6111104,381944,6111104,12222208,8888776,500000000,probe,0
candidate,1745,19388888695,500000000,late_window,early,550000000,381944,6111104,381944,6111104,12222208,9999873,500000000,probe,0
candidate,1746,19399999806,500000000,late_window,early,550000000,381944,6111104,381944,6111104,12222208,11110970,500000000,probe,0
candidate,1747,19411110917,500000000,late_window,early,550000000,381944,6111104,381944,6111104,12222208,12222067,500000000,probe,0
candidate,1748,19422222028,500000000,late_window,early,550000000,381944,6111104,381944,6111104,12222208,13333164,500000000,probe,0
candidate,1749,19433333139,500000000,late_window,early,550000000,381944,6111104,381944,6111104,12222208,14444261,500000000,probe,0
candidate,1750,19444444250,500000000,late_window,early,550000000,381944,6111104,381944,6111104,12222208,15555358,500000000,probe,0
candidate,1751,19455555361,500000000,late_window,early,550000000,381944,6111104,381944,6111104,12222208,16666455,500000000,probe,0
candidate,1752,19466666472,500000000,late_window,early,550000000,381944,6111104,381944,6111104,12222208,17777552,500000000,probe,0
candidate,1753,19477777583,500000000,late_window,early,550000000,381944,6111104,381944,6111104,12222208,18888649,500000000,probe,0
candidate,1754,19488888694,500000000,late_window,early,550000000,381944,6111104,381944,6111104,12222208,19999746,500000000,probe,0
candidate,1755,19499999805,500000000,late_window,early,550000000,381944,6111104,381944,6111104,12222208,21110843,500000000,probe,0
candidate,1756,19511110916,500000000,late_window,early,550000000,381944,6111104,381944,6111104,12222208,22221940,500000000,probe,0
candidate,1757,19522222027,500000000,late_window,early,550000000,381944,6111104,381944,6111104,12222208,23333037,500000000,probe,0
candidate,1758,19533333138,500000000,late_window,early,550000000,381944,6111104,381944,6111104,12222208,24444134,500000000,probe,0
candidate,1759,19544444249,500000000,late_window,early,550000000,381944,6111104,381944,6111104,12222208,25555231,500000000,probe,0
candidate,1760,19555555360,500000000,late_window,early,550000000,381944,6111104,381944,6111104,12222208,26666328,500000000,probe,0
candidate,1761,19566666471,500000000,late_window,early,550000000,381944,6111104,381944,6111104,12222208,27777425,500000000,probe,0
candidate,1762,19577777582,500000000,late_window,early,550000000,381944,6111104,381944,6111104,12222208,28888522,500000000,probe,0
candidate,1763,19588888693,500000000,late_window,early,550000000,381944,6111104,381944,6111104,12222208,29999619,500000000,probe,0
candidate,1764,19599999804,500000000,late_window,early,550000000,381944,6111104,381944,6111104,12222208,31110716,500000000,probe,0
candidate,1765,19611110915,500000000,late_window,early,550000000,381944,6111104,381944,6111104,12222208,32221813,500000000,probe,0
candidate,1766,19622222026,500000000,late_window,early,550000000,381944,6111104,381944,6111104,12222208,33332910,500000000,probe,0
candidate,1767,19633333137,500000000,late_window,early,550000000,381944,6111104,381944,6111104,12222208,34444007,500000000,probe,0
candidate,1768,19644444248,500000000,late_window,early,550000000,381944,6111104,381944,6111104,12222208,35555104,500000000,probe,0
candidate,1769,19655555359,500000000,late_window,early,550000000,381944,6111104,381944,6111104,12222208,36666201,500000000,probe,0
candidate,1770,19666666470,500000000,late_window,early,550000000,381944,6111104,381944,6111104,12222208,37777298,500000000,probe,0
candidate,1771,19677777581,500000000,late_window,early,550000000,381944,6111104,381944,6111104,12222208,38888395,500000000,probe,0
candidate,1772,19688888692,500000000,late_window,early,550000000,381944,6111104,381944,6111104,12222208,39999492,500000000,probe,0
candidate,1773,19699999803,500000000,late_window,early,550000000,381944,6111104,381944,6111104,12222208,41110589,500000000,probe,0
candidate,1774,19711110914,500000000,late_window,early,550000000,381944,6111104,381944,6111104,12222208,42221686,500000000,probe,0
candidate,1775,19722222025,500000000,late_window,early,550000000,381944,6111104,381944,6111104,12222208,43332783,500000000,probe,0
candidate,1776,19733333136,500000000,late_window,early,550000000,381944,6111104,381944,6111104,12222208,44443880,500000000,probe,0
candidate,1777,19744444247,500000000,late_window,early,550000000,381944,6111104,381944,6111104,12222208,45554977,500000000,steady,0
candidate,1778,19755555358,500000000,late_window,early,425000000,295138,4722208,295139,4722224,9444432,46666074,500000000,steady,0
candidate,1779,19766666469,500000000,late_window,early,425000000,295138,4722208,295139,4722224,9444432,44999395,500000000,steady,0
candidate,1780,19777777580,500000000,late_window,early,425000000,295138,4722208,295139,4722224,9444432,43332716,500000000,steady,0
candidate,1781,19788888691,500000000,late_window,early,425000000,295138,4722208,295139,4722224,9444432,41666037,500000000,steady,0
candidate,1782,19799999802,500000000,late_window,early,425000000,295138,4722208,295139,4722224,9444432,39999358,500000000,steady,0
candidate,1783,19811110913,500000000,late_window,early,425000000,295138,4722208,295139,4722224,9444432,38332679,500000000,steady,0
candidate,1784,19822222024,500000000,late_window,early,425000000,295138,4722208,295139,4722224,9444432,36666000,500000000,steady,0
candidate,1785,19833333135,500000000,late_window,early,425000000,295138,4722208,295139,4722224,9444432,34999321,500000000,steady,0
candidate,1786,19844444246,500000000,late_window,early,425000000,295138,4722208,295139,4722224,9444432,33332642,500000000,steady,0
candidate,1787,19855555357,500000000,late_window,early,425000000,295138,4722208,295139,4722224,9444432,31665963,500000000,steady,0
candidate,1788,19866666468,500000000,late_window,early,425000000,295138,4722208,295139,4722224,9444432,29999284,500000000,steady,0
candidate,1789,19877777579,500000000,late_window,early,425000000,295138,4722208,295139,4722224,9444432,28332605,500000000,steady,0
candidate,1790,19888888690,500000000,late_window,early,425000000,295138,4722208,295139,4722224,9444432,26665926,500000000,steady,0
candidate,1791,19899999801,500000000,late_window,early,425000000,295138,4722208,295139,4722224,9444432,24999247,500000000,steady,0
candidate,1792,19911110912,500000000,late_window,early,425000000,295138,4722208,295139,4722224,9444432,23332568,500000000,steady,0
candidate,1793,19922222023,500000000,late_window,early,425000000,295138,4722208,295139,4722224,9444432,21665889,500000000,steady,0
candidate,1794,19933333134,500000000,late_window,early,425000000,295138,4722208,295139,4722224,9444432,19999210,500000000,steady,0
candidate,1795,19944444245,500000000,late_window,early,425000000,295138,4722208,295139,4722224,9444432,18332531,500000000,steady,0
candidate,1796,19955555356,500000000,late_window,early,425000000,295138,4722208,295139,4722224,9444432,16665852,500000000,steady,0
candidate,1797,19966666467,500000000,late_window,early,425000000,295138,4722208,295139,4722224,9444432,14999173,500000000,steady,0
candidate,1798,19977777578,500000000,late_window,early,425000000,295138,4722208,295139,4722224,9444432,13332494,500000000,steady,0
candidate,1799,19988888689,500000000,late_window,early,425000000,295138,4722208,295139,4722224,9444432,11665815,500000000,steady,0
candidate,1800,19999999800,500000000,late_window,early,425000000,295138,4722208,295139,4722224,9444432,9999136,500000000,steady,0
candidate,1801,20011110911,1000000000,recovery,early,425000000,295138,2361104,295139,2361112,4722216,8332457,500000000,steady,0
candidate,1802,20022222022,1000000000,recovery,early,425000000,295138,2361104,295139,4444444,6805548,1943562,500000000,steady,0
candidate,1803,20033333133,1000000000,recovery,early,425000000,295138,2361104,295139,2361112,4722216,0,500000000,steady,0
candidate,1804,20044444244,1000000000,recovery,early,425000000,295138,2361104,295139,2361112,4722216,0,500000000,steady,0
candidate,1805,20055555355,1000000000,recovery,early,425000000,295138,2361104,295139,2361112,4722216,0,500000000,steady,0
candidate,1806,20066666466,1000000000,recovery,early,425000000,295138,2361104,295139,2361112,4722216,0,500000000,steady,0
candidate,1807,20077777577,1000000000,recovery,early,425000000,295138,2361104,295139,2361112,4722216,0,500000000,steady,0
candidate,1808,20088888688,1000000000,recovery,early,425000000,295138,2361104,295139,2361112,4722216,0,500000000,steady,0
candidate,1809,20099999799,1000000000,recovery,early,425000000,295138,2361104,295139,2361112,4722216,0,500000000,steady,0
candidate,1810,20111110910,1000000000,recovery,early,425000000,295138,2361104,295139,2361112,4722216,0,500000000,steady,0
candidate,1811,20122222021,1000000000,recovery,early,425000000,295138,2361104,295139,2361112,4722216,0,500000000,steady,0
candidate,1812,20133333132,1000000000,recovery,early,425000000,295138,2361104,295139,2361112,4722216,0,500000000,steady,0
candidate,1813,20144444243,1000000000,recovery,early,425000000,295138,2361104,295139,2361112,4722216,0,500000000,steady,0
candidate,1814,20155555354,1000000000,recovery,early,425000000,295138,2361104,295139,2361112,4722216,0,500000000,steady,0
candidate,1815,20166666465,1000000000,recovery,early,425000000,295138,2361104,295139,2361112,4722216,0,500000000,steady,0
candidate,1816,20177777576,1000000000,recovery,early,425000000,295138,2361104,295139,2361112,4722216,0,500000000,steady,0
candidate,1817,20188888687,1000000000,recovery,early,425000000,295138,2361104,295139,2361112,4722216,0,1000000000,steady,0
candidate,1818,20199999798,1000000000,recovery,early,425000000,295138,2361104,295139,2361112,4722216,0,1000000000,steady,0
candidate,1819,20211110909,1000000000,recovery,early,425000000,295138,2361104,295139,2361112,4722216,0,1000000000,steady,0
candidate,1820,20222222020,1000000000,recovery,early,425000000,295138,2361104,295139,2361112,4722216,0,1000000000,steady,0
candidate,1821,20233333131,1000000000,recovery,early,425000000,295138,2361104,295139,2361112,4722216,0,1000000000,steady,0
candidate,1822,20244444242,1000000000,recovery,early,425000000,295138,2361104,295139,2361112,4722216,0,1000000000,steady,0
candidate,1823,20255555353,1000000000,recovery,early,425000000,295138,2361104,295139,2361112,4722216,0,1000000000,steady,0
candidate,1824,20266666464,1000000000,recovery,early,425000000,295138,2361104,295139,2361112,4722216,0,1000000000,steady,0
candidate,1825,20277777575,1000000000,recovery,early,425000000,295138,2361104,295139,2361112,4722216,0,1000000000,steady,0
candidate,1826,20288888686,1000000000,recovery,early,425000000,295138,2361104,295139,2361112,4722216,0,1000000000,steady,0
candidate,1827,20299999797,1000000000,recovery,early,425000000,295138,2361104,295139,2361112,4722216,0,1000000000,steady,0
candidate,1828,20311110908,1000000000,recovery,early,425000000,295138,2361104,295139,2361112,4722216,0,1000000000,steady,0
candidate,1829,20322222019,1000000000,recovery,early,425000000,295138,2361104,295139,2361112,4722216,0,1000000000,steady,0
candidate,1830,20333333130,1000000000,recovery,early,425000000,295138,2361104,295139,2361112,4722216,0,1000000000,steady,0
candidate,1831,20344444241,1000000000,recovery,early,425000000,295138,2361104,295139,2361112,4722216,0,1000000000,steady,0
candidate,1832,20355555352,1000000000,recovery,early,425000000,295138,2361104,295139,2361112,4722216,0,1000000000,steady,0
candidate,1833,20366666463,1000000000,recovery,early,425000000,295138,2361104,295139,2361112,4722216,0,1000000000,steady,0
candidate,1834,20377777574,1000000000,recovery,early,425000000,295138,2361104,295139,2361112,4722216,0,1000000000,steady,0
candidate,1835,20388888685,1000000000,recovery,early,425000000,295138,2361104,295139,2361112,4722216,0,1000000000,steady,0
candidate,1836,20399999796,1000000000,recovery,early,425000000,295138,2361104,295139,2361112,4722216,0,1000000000,steady,0
candidate,1837,20411110907,1000000000,recovery,early,425000000,295138,2361104,295139,2361112,4722216,0,1000000000,steady,0
candidate,1838,20422222018,1000000000,recovery,early,425000000,295138,2361104,295139,2361112,4722216,0,1000000000,steady,0
candidate,1839,20433333129,1000000000,recovery,early,425000000,295138,2361104,295139,2361112,4722216,0,1000000000,steady,0
candidate,1840,20444444240,1000000000,recovery,early,425000000,295138,2361104,295139,2361112,4722216,0,1000000000,steady,0
candidate,1841,20455555351,1000000000,recovery,early,425000000,295138,2361104,295139,2361112,4722216,0,1000000000,steady,0
candidate,1842,20466666462,1000000000,recovery,early,425000000,295138,2361104,295139,2361112,4722216,0,1000000000,steady,0
candidate,1843,20477777573,1000000000,recovery,early,425000000,295138,2361104,295139,2361112,4722216,0,1000000000,steady,0
candidate,1844,20488888684,1000000000,recovery,early,425000000,295138,2361104,295139,2361112,4722216,0,1000000000,steady,0
candidate,1845,20499999795,1000000000,recovery,early,425000000,295138,2361104,295139,2361112,4722216,0,1000000000,steady,0
candidate,1846,20511110906,1000000000,recovery,early,425000000,295138,2361104,295139,2361112,4722216,0,1000000000,steady,0
candidate,1847,20522222017,1000000000,recovery,early,425000000,295138,2361104,295139,2361112,4722216,0,1000000000,steady,0
candidate,1848,20533333128,1000000000,recovery,early,425000000,295138,2361104,295139,2361112,4722216,0,1000000000,steady,0
candidate,1849,20544444239,1000000000,recovery,early,425000000,295138,2361104,295139,2361112,4722216,0,1000000000,steady,0
candidate,1850,20555555350,1000000000,recovery,early,425000000,295138,2361104,295139,2361112,4722216,0,1000000000,steady,0
candidate,1851,20566666461,1000000000,recovery,early,425000000,295138,2361104,295139,2361112,4722216,0,1000000000,steady,0
candidate,1852,20577777572,1000000000,recovery,early,425000000,295138,2361104,295139,2361112,4722216,0,1000000000,steady,0
candidate,1853,20588888683,1000000000,recovery,early,425000000,295138,2361104,295139,2361112,4722216,0,1000000000,steady,0
candidate,1854,20599999794,1000000000,recovery,early,425000000,295138,2361104,295139,2361112,4722216,0,1000000000,steady,0
candidate,1855,20611110905,1000000000,recovery,early,425000000,295138,2361104,295139,2361112,4722216,0,1000000000,steady,0
candidate,1856,20622222016,1000000000,recovery,early,425000000,295138,2361104,295139,2361112,4722216,0,1000000000,steady,0
candidate,1857,20633333127,1000000000,recovery,early,425000000,295138,2361104,295139,2361112,4722216,0,1000000000,steady,0
candidate,1858,20644444238,1000000000,recovery,early,425000000,295138,2361104,295139,2361112,4722216,0,1000000000,steady,0
candidate,1859,20655555349,1000000000,recovery,early,425000000,295138,2361104,295139,2361112,4722216,0,1000000000,steady,0
candidate,1860,20666666460,1000000000,recovery,early,425000000,295138,2361104,295139,2361112,4722216,0,1000000000,steady,0
candidate,1861,20677777571,1000000000,recovery,early,425000000,295138,2361104,295139,2361112,4722216,0,1000000000,steady,0
candidate,1862,20688888682,1000000000,recovery,early,425000000,295138,2361104,295139,2361112,4722216,0,1000000000,steady,0
candidate,1863,20699999793,1000000000,recovery,early,425000000,295138,2361104,295139,2361112,4722216,0,1000000000,steady,0
candidate,1864,20711110904,1000000000,recovery,early,425000000,295138,2361104,295139,2361112,4722216,0,1000000000,steady,0
candidate,1865,20722222015,1000000000,recovery,early,425000000,295138,2361104,295139,2361112,4722216,0,1000000000,steady,0
candidate,1866,20733333126,1000000000,recovery,early,425000000,295138,2361104,295139,2361112,4722216,0,1000000000,steady,0
candidate,1867,20744444237,1000000000,recovery,early,425000000,295138,2361104,295139,2361112,4722216,0,1000000000,steady,0
candidate,1868,20755555348,1000000000,recovery,early,425000000,295138,2361104,295139,2361112,4722216,0,1000000000,steady,0
candidate,1869,20766666459,1000000000,recovery,early,425000000,295138,2361104,295139,2361112,4722216,0,1000000000,steady,0
candidate,1870,20777777570,1000000000,recovery,early,425000000,295138,2361104,295139,2361112,4722216,0,1000000000,steady,0
candidate,1871,20788888681,1000000000,recovery,early,425000000,295138,2361104,295139,2361112,4722216,0,1000000000,steady,0
candidate,1872,20799999792,1000000000,recovery,early,425000000,295138,2361104,295139,2361112,4722216,0,1000000000,steady,0
candidate,1873,20811110903,1000000000,recovery,early,425000000,295138,2361104,295139,2361112,4722216,0,1000000000,steady,0
candidate,1874,20822222014,1000000000,recovery,early,425000000,295138,2361104,295139,2361112,4722216,0,1000000000,steady,0
candidate,1875,20833333125,1000000000,recovery,early,850000000,590277,4722216,590278,4722224,9444440,0,1000000000,steady,0
candidate,1876,20844444236,1000000000,recovery,early,850000000,590277,4722216,590278,4722224,9444440,0,1000000000,steady,0
candidate,1877,20855555347,1000000000,recovery,early,850000000,590277,4722216,590278,4722224,9444440,0,1000000000,steady,0
candidate,1878,20866666458,1000000000,recovery,early,850000000,590277,4722216,590278,4722224,9444440,0,1000000000,steady,0
candidate,1879,20877777569,1000000000,recovery,early,850000000,590277,4722216,590278,4722224,9444440,0,1000000000,steady,0
candidate,1880,20888888680,1000000000,recovery,early,850000000,590277,4722216,590278,4722224,9444440,0,1000000000,steady,0
candidate,1881,20899999791,1000000000,recovery,early,850000000,590277,4722216,590278,4722224,9444440,0,1000000000,steady,0
candidate,1882,20911110902,1000000000,recovery,early,850000000,590277,4722216,590278,4722224,9444440,0,1000000000,steady,0
candidate,1883,20922222013,1000000000,recovery,early,850000000,590277,4722216,590278,4722224,9444440,0,1000000000,steady,0
candidate,1884,20933333124,1000000000,recovery,early,850000000,590277,4722216,590278,4722224,9444440,0,1000000000,steady,0
candidate,1885,20944444235,1000000000,recovery,early,850000000,590277,4722216,590278,4722224,9444440,0,1000000000,steady,0
candidate,1886,20955555346,1000000000,recovery,early,850000000,590277,4722216,590278,4722224,9444440,0,1000000000,steady,0
candidate,1887,20966666457,1000000000,recovery,early,850000000,590277,4722216,590278,4722224,9444440,0,1000000000,steady,0
candidate,1888,20977777568,1000000000,recovery,early,850000000,590277,4722216,590278,4722224,9444440,0,1000000000,steady,0
candidate,1889,20988888679,1000000000,recovery,early,850000000,590277,4722216,590278,4722224,9444440,0,1000000000,steady,0
candidate,1890,20999999790,1000000000,recovery,early,850000000,590277,4722216,590278,4722224,9444440,0,1000000000,steady,0
candidate,1891,21011110901,1000000000,recovery,early,850000000,590277,4722216,590278,4722224,9444440,0,1000000000,steady,0
candidate,1892,21022222012,1000000000,recovery,early,850000000,590277,4722216,590278,4722224,9444440,0,1000000000,steady,0
candidate,1893,21033333123,1000000000,recovery,early,850000000,590277,4722216,590278,4722224,9444440,0,1000000000,steady,0
candidate,1894,21044444234,1000000000,recovery,early,850000000,590277,4722216,590278,4722224,9444440,0,1000000000,steady,0
candidate,1895,21055555345,1000000000,recovery,early,850000000,590277,4722216,590278,4722224,9444440,0,1000000000,steady,0
candidate,1896,21066666456,1000000000,recovery,early,850000000,590277,4722216,590278,4722224,9444440,0,1000000000,steady,0
candidate,1897,21077777567,1000000000,recovery,early,850000000,590277,4722216,590278,4722224,9444440,0,1000000000,steady,0
candidate,1898,21088888678,1000000000,recovery,early,850000000,590277,4722216,590278,4722224,9444440,0,1000000000,steady,0
candidate,1899,21099999789,1000000000,recovery,early,850000000,590277,4722216,590278,4722224,9444440,0,1000000000,steady,0
candidate,1900,21111110900,1000000000,recovery,early,850000000,590277,4722216,590278,4722224,9444440,0,1000000000,steady,0
candidate,1901,21122222011,1000000000,recovery,early,850000000,590277,4722216,590278,4722224,9444440,0,1000000000,steady,0
candidate,1902,21133333122,1000000000,recovery,early,850000000,590277,4722216,590278,4722224,9444440,0,1000000000,steady,0
candidate,1903,21144444233,1000000000,recovery,early,850000000,590277,4722216,590278,4722224,9444440,0,1000000000,steady,0
candidate,1904,21155555344,1000000000,recovery,early,850000000,590277,4722216,590278,4722224,9444440,0,1000000000,steady,0
candidate,1905,21166666455,1000000000,recovery,early,850000000,590277,4722216,590278,4722224,9444440,0,1000000000,steady,0
candidate,1906,21177777566,1000000000,recovery,early,850000000,590277,4722216,590278,4722224,9444440,0,1000000000,steady,0
candidate,1907,21188888677,1000000000,recovery,early,850000000,590277,4722216,590278,4722224,9444440,0,1000000000,steady,0
candidate,1908,21199999788,1000000000,recovery,early,850000000,590277,4722216,590278,4722224,9444440,0,1000000000,steady,0
candidate,1909,21211110899,1000000000,recovery,early,850000000,590277,4722216,590278,4722224,9444440,0,1000000000,steady,0
candidate,1910,21222222010,1000000000,recovery,early,850000000,590277,4722216,590278,4722224,9444440,0,1000000000,steady,0
candidate,1911,21233333121,1000000000,recovery,early,850000000,590277,4722216,590278,4722224,9444440,0,1000000000,steady,0
candidate,1912,21244444232,1000000000,recovery,early,850000000,590277,4722216,590278,4722224,9444440,0,1000000000,steady,0
candidate,1913,21255555343,1000000000,recovery,early,850000000,590277,4722216,590278,4722224,9444440,0,1000000000,steady,0
candidate,1914,21266666454,1000000000,recovery,early,850000000,590277,4722216,590278,4722224,9444440,0,1000000000,steady,0
candidate,1915,21277777565,1000000000,recovery,early,850000000,590277,4722216,590278,4722224,9444440,0,1000000000,steady,0
candidate,1916,21288888676,1000000000,recovery,early,850000000,590277,4722216,590278,4722224,9444440,0,1000000000,steady,0
candidate,1917,21299999787,1000000000,recovery,early,850000000,590277,4722216,590278,4722224,9444440,0,1000000000,steady,0
candidate,1918,21311110898,1000000000,recovery,early,850000000,590277,4722216,590278,4722224,9444440,0,1000000000,steady,0
candidate,1919,21322222009,1000000000,recovery,early,850000000,590277,4722216,590278,4722224,9444440,0,1000000000,steady,0
candidate,1920,21333333120,1000000000,recovery,early,850000000,590277,4722216,590278,4722224,9444440,0,1000000000,steady,0
candidate,1921,21344444231,1000000000,recovery,early,850000000,590277,4722216,590278,4722224,9444440,0,1000000000,steady,0
candidate,1922,21355555342,1000000000,recovery,early,850000000,590277,4722216,590278,4722224,9444440,0,1000000000,steady,0
candidate,1923,21366666453,1000000000,recovery,early,850000000,590277,4722216,590278,4722224,9444440,0,1000000000,steady,0
candidate,1924,21377777564,1000000000,recovery,early,850000000,590277,4722216,590278,4722224,9444440,0,1000000000,steady,0
candidate,1925,21388888675,1000000000,recovery,early,850000000,590277,4722216,590278,4722224,9444440,0,1000000000,steady,0
candidate,1926,21399999786,1000000000,recovery,early,850000000,590277,4722216,590278,4722224,9444440,0,1000000000,steady,0
candidate,1927,21411110897,1000000000,recovery,early,850000000,590277,4722216,590278,4722224,9444440,0,1000000000,steady,0
candidate,1928,21422222008,1000000000,recovery,early,850000000,590277,4722216,590278,4722224,9444440,0,1000000000,steady,0
candidate,1929,21433333119,1000000000,recovery,early,850000000,590277,4722216,590278,4722224,9444440,0,1000000000,steady,0
candidate,1930,21444444230,1000000000,recovery,early,850000000,590277,4722216,590278,4722224,9444440,0,1000000000,steady,0
candidate,1931,21455555341,1000000000,recovery,early,850000000,590277,4722216,590278,4722224,9444440,0,1000000000,steady,0
candidate,1932,21466666452,1000000000,recovery,early,850000000,590277,4722216,590278,4722224,9444440,0,1000000000,steady,0
candidate,1933,21477777563,1000000000,recovery,early,850000000,590277,4722216,590278,4722224,9444440,0,1000000000,steady,0
candidate,1934,21488888674,1000000000,recovery,early,850000000,590277,4722216,590278,4722224,9444440,0,1000000000,steady,0
candidate,1935,21499999785,1000000000,recovery,early,850000000,590277,4722216,590278,4722224,9444440,0,1000000000,steady,0
candidate,1936,21511110896,1000000000,recovery,early,850000000,590277,4722216,590278,4722224,9444440,0,1000000000,steady,0
candidate,1937,21522222007,1000000000,recovery,early,850000000,590277,4722216,590278,4722224,9444440,0,1000000000,steady,0
candidate,1938,21533333118,1000000000,recovery,early,850000000,590277,4722216,590278,4722224,9444440,0,1000000000,steady,0
candidate,1939,21544444229,1000000000,recovery,early,850000000,590277,4722216,590278,4722224,9444440,0,1000000000,steady,0
candidate,1940,21555555340,1000000000,recovery,early,850000000,590277,4722216,590278,4722224,9444440,0,1000000000,steady,0
candidate,1941,21566666451,1000000000,recovery,early,850000000,590277,4722216,590278,4722224,9444440,0,1000000000,steady,0
candidate,1942,21577777562,1000000000,recovery,early,850000000,590277,4722216,590278,4722224,9444440,0,1000000000,steady,0
candidate,1943,21588888673,1000000000,recovery,early,850000000,590277,4722216,590278,4722224,9444440,0,1000000000,steady,0
candidate,1944,21599999784,1000000000,recovery,early,850000000,590277,4722216,590278,4722224,9444440,0,1000000000,steady,0
candidate,1945,21611110895,1000000000,recovery,early,850000000,590277,4722216,590278,4722224,9444440,0,1000000000,steady,0
candidate,1946,21622222006,1000000000,recovery,early,850000000,590277,4722216,590278,4722224,9444440,0,1000000000,steady,0
candidate,1947,21633333117,1000000000,recovery,early,850000000,590277,4722216,590278,4722224,9444440,0,1000000000,steady,0
candidate,1948,21644444228,1000000000,recovery,early,850000000,590277,4722216,590278,4722224,9444440,0,1000000000,steady,0
candidate,1949,21655555339,1000000000,recovery,early,850000000,590277,4722216,590278,4722224,9444440,0,1000000000,steady,0
candidate,1950,21666666450,1000000000,recovery,early,850000000,590277,4722216,590278,4722224,9444440,0,1000000000,steady,0
candidate,1951,21677777561,1000000000,recovery,early,850000000,590277,4722216,590278,4722224,9444440,0,1000000000,steady,0
candidate,1952,21688888672,1000000000,recovery,early,850000000,590277,4722216,590278,4722224,9444440,0,1000000000,steady,0
candidate,1953,21699999783,1000000000,recovery,early,850000000,590277,4722216,590278,4722224,9444440,0,1000000000,steady,0
candidate,1954,21711110894,1000000000,recovery,early,850000000,590277,4722216,590278,4722224,9444440,0,1000000000,steady,0
candidate,1955,21722222005,1000000000,recovery,early,850000000,590277,4722216,590278,4722224,9444440,0,1000000000,steady,0
candidate,1956,21733333116,1000000000,recovery,early,850000000,590277,4722216,590278,4722224,9444440,0,1000000000,steady,0
candidate,1957,21744444227,1000000000,recovery,early,850000000,590277,4722216,590278,4722224,9444440,0,1000000000,steady,0
candidate,1958,21755555338,1000000000,recovery,early,850000000,590277,4722216,590278,4722224,9444440,0,1000000000,steady,0
candidate,1959,21766666449,1000000000,recovery,early,850000000,590277,4722216,590278,4722224,9444440,0,1000000000,steady,0
candidate,1960,21777777560,1000000000,recovery,early,850000000,590277,4722216,590278,4722224,9444440,0,1000000000,steady,0
candidate,1961,21788888671,1000000000,recovery,early,850000000,590277,4722216,590278,4722224,9444440,0,1000000000,steady,0
candidate,1962,21799999782,1000000000,recovery,early,850000000,590277,4722216,590278,4722224,9444440,0,1000000000,steady,0
candidate,1963,21811110893,1000000000,recovery,early,850000000,590277,4722216,590278,4722224,9444440,0,1000000000,steady,0
candidate,1964,21822222004,1000000000,recovery,early,850000000,590277,4722216,590278,4722224,9444440,0,1000000000,steady,0
candidate,1965,21833333115,1000000000,recovery,early,850000000,590277,4722216,590278,4722224,9444440,0,1000000000,steady,0
candidate,1966,21844444226,1000000000,recovery,early,850000000,590277,4722216,590278,4722224,9444440,0,1000000000,steady,0
candidate,1967,21855555337,1000000000,recovery,early,850000000,590277,4722216,590278,4722224,9444440,0,1000000000,steady,0
candidate,1968,21866666448,1000000000,recovery,early,850000000,590277,4722216,590278,4722224,9444440,0,1000000000,steady,0
candidate,1969,21877777559,1000000000,recovery,early,850000000,590277,4722216,590278,4722224,9444440,0,1000000000,steady,0
candidate,1970,21888888670,1000000000,recovery,early,850000000,590277,4722216,590278,4722224,9444440,0,1000000000,steady,0
candidate,1971,21899999781,1000000000,recovery,early,850000000,590277,4722216,590278,4722224,9444440,0,1000000000,steady,0
candidate,1972,21911110892,1000000000,recovery,early,850000000,590277,4722216,590278,4722224,9444440,0,1000000000,steady,0
candidate,1973,21922222003,1000000000,recovery,early,850000000,590277,4722216,590278,4722224,9444440,0,1000000000,steady,0
candidate,1974,21933333114,1000000000,recovery,early,850000000,590277,4722216,590278,4722224,9444440,0,1000000000,steady,0
candidate,1975,21944444225,1000000000,recovery,early,850000000,590277,4722216,590278,4722224,9444440,0,1000000000,steady,0
candidate,1976,21955555336,1000000000,recovery,early,850000000,590277,4722216,590278,4722224,9444440,0,1000000000,steady,0
candidate,1977,21966666447,1000000000,recovery,early,850000000,590277,4722216,590278,4722224,9444440,0,1000000000,steady,0
candidate,1978,21977777558,1000000000,recovery,early,850000000,590277,4722216,590278,4722224,9444440,0,1000000000,steady,0
candidate,1979,21988888669,1000000000,recovery,early,850000000,590277,4722216,590278,4722224,9444440,0,1000000000,steady,0
candidate,1980,21999999780,1000000000,recovery,early,850000000,590277,4722216,590278,4722224,9444440,0,1000000000,steady,0
candidate,1981,22011110891,1000000000,recovery,early,850000000,590277,4722216,590278,4722224,9444440,0,1000000000,steady,0
candidate,1982,22022222002,1000000000,recovery,early,850000000,590277,4722216,590278,4722224,9444440,0,1000000000,steady,0
candidate,1983,22033333113,1000000000,recovery,early,850000000,590277,4722216,590278,4722224,9444440,0,1000000000,steady,0
candidate,1984,22044444224,1000000000,recovery,early,850000000,590277,4722216,590278,4722224,9444440,0,1000000000,steady,0
candidate,1985,22055555335,1000000000,recovery,early,850000000,590277,4722216,590278,4722224,9444440,0,1000000000,steady,0
candidate,1986,22066666446,1000000000,recovery,early,850000000,590277,4722216,590278,4722224,9444440,0,1000000000,steady,0
candidate,1987,22077777557,1000000000,recovery,early,850000000,590277,4722216,590278,4722224,9444440,0,1000000000,steady,0
candidate,1988,22088888668,1000000000,recovery,early,850000000,590277,4722216,590278,4722224,9444440,0,1000000000,steady,0
candidate,1989,22099999779,1000000000,recovery,early,850000000,590277,4722216,590278,4722224,9444440,0,1000000000,steady,0
candidate,1990,22111110890,1000000000,recovery,early,850000000,590277,4722216,590278,4722224,9444440,0,1000000000,steady,0
candidate,1991,22122222001,1000000000,recovery,early,850000000,590277,4722216,590278,4722224,9444440,0,1000000000,steady,0
candidate,1992,22133333112,1000000000,recovery,early,850000000,590277,4722216,590278,4722224,9444440,0,1000000000,steady,0
candidate,1993,22144444223,1000000000,recovery,early,850000000,590277,4722216,590278,4722224,9444440,0,1000000000,steady,0
candidate,1994,22155555334,1000000000,recovery,early,850000000,590277,4722216,590278,4722224,9444440,0,1000000000,steady,0
candidate,1995,22166666445,1000000000,recovery,early,850000000,590277,4722216,590278,4722224,9444440,0,1000000000,steady,0
candidate,1996,22177777556,1000000000,recovery,early,850000000,590277,4722216,590278,4722224,9444440,0,1000000000,steady,0
candidate,1997,22188888667,1000000000,recovery,early,850000000,590277,4722216,590278,4722224,9444440,0,1000000000,steady,0
candidate,1998,22199999778,1000000000,recovery,early,850000000,590277,4722216,590278,4722224,9444440,0,1000000000,steady,0
candidate,1999,22211110889,1000000000,recovery,early,850000000,590277,4722216,590278,4722224,9444440,0,1000000000,steady,0
candidate,2000,22222222000,1000000000,recovery,early,850000000,590277,4722216,590278,4722224,9444440,0,1000000000,steady,0
candidate,2001,22233333111,1000000000,recovery,early,850000000,590277,4722216,590278,4722224,9444440,0,1000000000,steady,0
candidate,2002,22244444222,1000000000,recovery,early,850000000,590277,4722216,590278,4722224,9444440,0,1000000000,steady,0
candidate,2003,22255555333,1000000000,recovery,early,850000000,590277,4722216,590278,4722224,9444440,0,1000000000,steady,0
candidate,2004,22266666444,1000000000,recovery,early,850000000,590277,4722216,590278,4722224,9444440,0,1000000000,steady,0
candidate,2005,22277777555,1000000000,recovery,early,850000000,590277,4722216,590278,4722224,9444440,0,1000000000,steady,0
candidate,2006,22288888666,1000000000,recovery,early,850000000,590277,4722216,590278,4722224,9444440,0,1000000000,steady,0
candidate,2007,22299999777,1000000000,recovery,early,850000000,590277,4722216,590278,4722224,9444440,0,1000000000,steady,0
candidate,2008,22311110888,1000000000,recovery,early,850000000,590277,4722216,590278,4722224,9444440,0,1000000000,steady,0
candidate,2009,22322221999,1000000000,recovery,early,850000000,590277,4722216,590278,4722224,9444440,0,1000000000,steady,0
candidate,2010,22333333110,1000000000,recovery,early,850000000,590277,4722216,590278,4722224,9444440,0,1000000000,steady,0
candidate,2011,22344444221,1000000000,recovery,early,850000000,590277,4722216,590278,4722224,9444440,0,1000000000,steady,0
candidate,2012,22355555332,1000000000,recovery,early,850000000,590277,4722216,590278,4722224,9444440,0,1000000000,steady,0
candidate,2013,22366666443,1000000000,recovery,early,850000000,590277,4722216,590278,4722224,9444440,0,1000000000,steady,0
candidate,2014,22377777554,1000000000,recovery,early,850000000,590277,4722216,590278,4722224,9444440,0,1000000000,steady,0
candidate,2015,22388888665,1000000000,recovery,early,850000000,590277,4722216,590278,4722224,9444440,0,1000000000,steady,0
candidate,2016,22399999776,1000000000,recovery,early,850000000,590277,4722216,590278,4722224,9444440,0,1000000000,steady,0
candidate,2017,22411110887,1000000000,recovery,early,850000000,590277,4722216,590278,4722224,9444440,0,1000000000,steady,0
candidate,2018,22422221998,1000000000,recovery,early,850000000,590277,4722216,590278,4722224,9444440,0,1000000000,steady,0
candidate,2019,22433333109,1000000000,recovery,early,850000000,590277,4722216,590278,4722224,9444440,0,1000000000,steady,0
candidate,2020,22444444220,1000000000,recovery,early,850000000,590277,4722216,590278,4722224,9444440,0,1000000000,steady,0
candidate,2021,22455555331,1000000000,recovery,early,850000000,590277,4722216,590278,4722224,9444440,0,1000000000,steady,0
candidate,2022,22466666442,1000000000,recovery,early,850000000,590277,4722216,590278,4722224,9444440,0,1000000000,steady,0
candidate,2023,22477777553,1000000000,recovery,early,850000000,590277,4722216,590278,4722224,9444440,0,1000000000,steady,0
candidate,2024,22488888664,1000000000,recovery,early,850000000,590277,4722216,590278,4722224,9444440,0,1000000000,steady,0
candidate,2025,22499999775,1000000000,recovery,early,850000000,590277,4722216,590278,4722224,9444440,0,1000000000,steady,0
candidate,2026,22511110886,1000000000,recovery,early,850000000,590277,4722216,590278,4722224,9444440,0,1000000000,steady,0
candidate,2027,22522221997,1000000000,recovery,early,850000000,590277,4722216,590278,4722224,9444440,0,1000000000,steady,0
candidate,2028,22533333108,1000000000,recovery,early,850000000,590277,4722216,590278,4722224,9444440,0,1000000000,steady,0
candidate,2029,22544444219,1000000000,recovery,early,850000000,590277,4722216,590278,4722224,9444440,0,1000000000,steady,0
candidate,2030,22555555330,1000000000,recovery,early,850000000,590277,4722216,590278,4722224,9444440,0,1000000000,steady,0
candidate,2031,22566666441,1000000000,recovery,early,850000000,590277,4722216,590278,4722224,9444440,0,1000000000,steady,0
candidate,2032,22577777552,1000000000,recovery,early,850000000,590277,4722216,590278,4722224,9444440,0,1000000000,steady,0
candidate,2033,22588888663,1000000000,recovery,early,850000000,590277,4722216,590278,4722224,9444440,0,1000000000,steady,0
candidate,2034,22599999774,1000000000,recovery,early,850000000,590277,4722216,590278,4722224,9444440,0,1000000000,steady,0
candidate,2035,22611110885,1000000000,recovery,early,850000000,590277,4722216,590278,4722224,9444440,0,1000000000,steady,0
candidate,2036,22622221996,1000000000,recovery,early,850000000,590277,4722216,590278,4722224,9444440,0,1000000000,steady,0
candidate,2037,22633333107,1000000000,recovery,early,850000000,590277,4722216,590278,4722224,9444440,0,1000000000,steady,0
candidate,2038,22644444218,1000000000,recovery,early,850000000,590277,4722216,590278,4722224,9444440,0,1000000000,steady,0
candidate,2039,22655555329,1000000000,recovery,early,850000000,590277,4722216,590278,4722224,9444440,0,1000000000,steady,0
candidate,2040,22666666440,1000000000,recovery,early,850000000,590277,4722216,590278,4722224,9444440,0,1000000000,steady,0
candidate,2041,22677777551,1000000000,recovery,early,850000000,590277,4722216,590278,4722224,9444440,0,1000000000,steady,0
candidate,2042,22688888662,1000000000,recovery,early,850000000,590277,4722216,590278,4722224,9444440,0,1000000000,steady,0
candidate,2043,22699999773,1000000000,recovery,early,850000000,590277,4722216,590278,4722224,9444440,0,1000000000,steady,0
candidate,2044,22711110884,1000000000,recovery,early,850000000,590277,4722216,590278,4722224,9444440,0,1000000000,steady,0
candidate,2045,22722221995,1000000000,recovery,early,850000000,590277,4722216,590278,4722224,9444440,0,1000000000,steady,0
candidate,2046,22733333106,1000000000,recovery,early,850000000,590277,4722216,590278,4722224,9444440,0,1000000000,steady,0
candidate,2047,22744444217,1000000000,recovery,early,850000000,590277,4722216,590278,4722224,9444440,0,1000000000,steady,0
candidate,2048,22755555328,1000000000,recovery,early,850000000,590277,4722216,590278,4722224,9444440,0,1000000000,steady,0
candidate,2049,22766666439,1000000000,recovery,early,850000000,590277,4722216,590278,4722224,9444440,0,1000000000,steady,0
candidate,2050,22777777550,1000000000,recovery,early,850000000,590277,4722216,590278,4722224,9444440,0,1000000000,steady,0
candidate,2051,22788888661,1000000000,recovery,early,850000000,590277,4722216,590278,4722224,9444440,0,1000000000,steady,0
candidate,2052,22799999772,1000000000,recovery,early,850000000,590277,4722216,590278,4722224,9444440,0,1000000000,steady,0
candidate,2053,22811110883,1000000000,recovery,early,850000000,590277,4722216,590278,4722224,9444440,0,1000000000,steady,0
candidate,2054,22822221994,1000000000,recovery,early,850000000,590277,4722216,590278,4722224,9444440,0,1000000000,steady,0
candidate,2055,22833333105,1000000000,recovery,early,850000000,590277,4722216,590278,4722224,9444440,0,1000000000,steady,0
candidate,2056,22844444216,1000000000,recovery,early,850000000,590277,4722216,590278,4722224,9444440,0,1000000000,steady,0
candidate,2057,22855555327,1000000000,recovery,early,850000000,590277,4722216,590278,4722224,9444440,0,1000000000,steady,0
candidate,2058,22866666438,1000000000,recovery,early,850000000,590277,4722216,590278,4722224,9444440,0,1000000000,steady,0
candidate,2059,22877777549,1000000000,recovery,early,850000000,590277,4722216,590278,4722224,9444440,0,1000000000,steady,0
candidate,2060,22888888660,1000000000,recovery,early,850000000,590277,4722216,590278,4722224,9444440,0,1000000000,steady,0
candidate,2061,22899999771,1000000000,recovery,early,850000000,590277,4722216,590278,4722224,9444440,0,1000000000,steady,0
candidate,2062,22911110882,1000000000,recovery,early,850000000,590277,4722216,590278,4722224,9444440,0,1000000000,steady,0
candidate,2063,22922221993,1000000000,recovery,early,850000000,590277,4722216,590278,4722224,9444440,0,1000000000,steady,0
candidate,2064,22933333104,1000000000,recovery,early,850000000,590277,4722216,590278,4722224,9444440,0,1000000000,steady,0
candidate,2065,22944444215,1000000000,recovery,early,850000000,590277,4722216,590278,4722224,9444440,0,1000000000,steady,0
candidate,2066,22955555326,1000000000,recovery,early,850000000,590277,4722216,590278,4722224,9444440,0,1000000000,steady,0
candidate,2067,22966666437,1000000000,recovery,early,850000000,590277,4722216,590278,4722224,9444440,0,1000000000,steady,0
candidate,2068,22977777548,1000000000,recovery,early,850000000,590277,4722216,590278,4722224,9444440,0,1000000000,steady,0
candidate,2069,22988888659,1000000000,recovery,early,850000000,590277,4722216,590278,4722224,9444440,0,1000000000,steady,0
candidate,2070,22999999770,1000000000,recovery,early,850000000,590277,4722216,590278,4722224,9444440,0,1000000000,steady,0
candidate,2071,23011110881,1000000000,recovery,early,850000000,590277,4722216,590278,4722224,9444440,0,1000000000,steady,0
candidate,2072,23022221992,1000000000,recovery,early,850000000,590277,4722216,590278,4722224,9444440,0,1000000000,steady,0
candidate,2073,23033333103,1000000000,recovery,early,850000000,590277,4722216,590278,4722224,9444440,0,1000000000,steady,0
candidate,2074,23044444214,1000000000,recovery,early,850000000,590277,4722216,590278,4722224,9444440,0,1000000000,steady,0
candidate,2075,23055555325,1000000000,recovery,early,850000000,590277,4722216,590278,4722224,9444440,0,1000000000,steady,0
candidate,2076,23066666436,1000000000,recovery,early,850000000,590277,4722216,590278,4722224,9444440,0,1000000000,steady,0
candidate,2077,23077777547,1000000000,recovery,early,850000000,590277,4722216,590278,4722224,9444440,0,1000000000,steady,0
candidate,2078,23088888658,1000000000,recovery,early,850000000,590277,4722216,590278,4722224,9444440,0,1000000000,steady,0
candidate,2079,23099999769,1000000000,recovery,early,850000000,590277,4722216,590278,4722224,9444440,0,1000000000,steady,0
candidate,2080,23111110880,1000000000,recovery,early,850000000,590277,4722216,590278,4722224,9444440,0,1000000000,steady,0
candidate,2081,23122221991,1000000000,recovery,early,850000000,590277,4722216,590278,4722224,9444440,0,1000000000,steady,0
candidate,2082,23133333102,1000000000,recovery,early,850000000,590277,4722216,590278,4722224,9444440,0,1000000000,steady,0
candidate,2083,23144444213,1000000000,recovery,early,850000000,590277,4722216,590278,4722224,9444440,0,1000000000,steady,0
candidate,2084,23155555324,1000000000,recovery,early,850000000,590277,4722216,590278,4722224,9444440,0,1000000000,steady,0
candidate,2085,23166666435,1000000000,recovery,early,850000000,590277,4722216,590278,4722224,9444440,0,1000000000,steady,0
candidate,2086,23177777546,1000000000,recovery,early,850000000,590277,4722216,590278,4722224,9444440,0,1000000000,steady,0
candidate,2087,23188888657,1000000000,recovery,early,850000000,590277,4722216,590278,4722224,9444440,0,1000000000,steady,0
candidate,2088,23199999768,1000000000,recovery,early,850000000,590277,4722216,590278,4722224,9444440,0,1000000000,steady,0
candidate,2089,23211110879,1000000000,recovery,early,850000000,590277,4722216,590278,4722224,9444440,0,1000000000,steady,0
candidate,2090,23222221990,1000000000,recovery,early,850000000,590277,4722216,590278,4722224,9444440,0,1000000000,steady,0
candidate,2091,23233333101,1000000000,recovery,early,850000000,590277,4722216,590278,4722224,9444440,0,1000000000,steady,0
candidate,2092,23244444212,1000000000,recovery,early,850000000,590277,4722216,590278,4722224,9444440,0,1000000000,steady,0
candidate,2093,23255555323,1000000000,recovery,early,850000000,590277,4722216,590278,4722224,9444440,0,1000000000,steady,0
candidate,2094,23266666434,1000000000,recovery,early,850000000,590277,4722216,590278,4722224,9444440,0,1000000000,steady,0
candidate,2095,23277777545,1000000000,recovery,early,850000000,590277,4722216,590278,4722224,9444440,0,1000000000,steady,0
candidate,2096,23288888656,1000000000,recovery,early,850000000,590277,4722216,590278,4722224,9444440,0,1000000000,steady,0
candidate,2097,23299999767,1000000000,recovery,early,850000000,590277,4722216,590278,4722224,9444440,0,1000000000,steady,0
candidate,2098,23311110878,1000000000,recovery,early,850000000,590277,4722216,590278,4722224,9444440,0,1000000000,steady,0
candidate,2099,23322221989,1000000000,recovery,early,850000000,590277,4722216,590278,4722224,9444440,0,1000000000,steady,0
candidate,2100,23333333100,1000000000,recovery,early,850000000,590277,4722216,590278,4722224,9444440,0,1000000000,steady,0
candidate,2101,23344444211,1000000000,recovery,early,850000000,590277,4722216,590278,4722224,9444440,0,1000000000,steady,0
candidate,2102,23355555322,1000000000,recovery,early,850000000,590277,4722216,590278,4722224,9444440,0,1000000000,steady,0
candidate,2103,23366666433,1000000000,recovery,early,850000000,590277,4722216,590278,4722224,9444440,0,1000000000,steady,0
candidate,2104,23377777544,1000000000,recovery,early,850000000,590277,4722216,590278,4722224,9444440,0,1000000000,steady,0
candidate,2105,23388888655,1000000000,recovery,early,850000000,590277,4722216,590278,4722224,9444440,0,1000000000,steady,0
candidate,2106,23399999766,1000000000,recovery,early,850000000,590277,4722216,590278,4722224,9444440,0,1000000000,steady,0
candidate,2107,23411110877,1000000000,recovery,early,850000000,590277,4722216,590278,4722224,9444440,0,1000000000,steady,0
candidate,2108,23422221988,1000000000,recovery,early,850000000,590277,4722216,590278,4722224,9444440,0,1000000000,steady,0
candidate,2109,23433333099,1000000000,recovery,early,850000000,590277,4722216,590278,4722224,9444440,0,1000000000,steady,0
candidate,2110,23444444210,1000000000,recovery,early,850000000,590277,4722216,590278,4722224,9444440,0,1000000000,steady,0
candidate,2111,23455555321,1000000000,recovery,early,850000000,590277,4722216,590278,4722224,9444440,0,1000000000,steady,0
candidate,2112,23466666432,1000000000,recovery,early,850000000,590277,4722216,590278,4722224,9444440,0,1000000000,steady,0
candidate,2113,23477777543,1000000000,recovery,early,850000000,590277,4722216,590278,4722224,9444440,0,1000000000,steady,0
candidate,2114,23488888654,1000000000,recovery,early,850000000,590277,4722216,590278,4722224,9444440,0,1000000000,steady,0
candidate,2115,23499999765,1000000000,recovery,early,850000000,590277,4722216,590278,4722224,9444440,0,1000000000,steady,0
candidate,2116,23511110876,1000000000,recovery,early,850000000,590277,4722216,590278,4722224,9444440,0,1000000000,steady,0
candidate,2117,23522221987,1000000000,recovery,early,850000000,590277,4722216,590278,4722224,9444440,0,1000000000,steady,0
candidate,2118,23533333098,1000000000,recovery,early,850000000,590277,4722216,590278,4722224,9444440,0,1000000000,steady,0
candidate,2119,23544444209,1000000000,recovery,early,850000000,590277,4722216,590278,4722224,9444440,0,1000000000,steady,0
candidate,2120,23555555320,1000000000,recovery,early,850000000,590277,4722216,590278,4722224,9444440,0,1000000000,steady,0
candidate,2121,23566666431,1000000000,recovery,early,850000000,590277,4722216,590278,4722224,9444440,0,1000000000,steady,0
candidate,2122,23577777542,1000000000,recovery,early,850000000,590277,4722216,590278,4722224,9444440,0,1000000000,steady,0
candidate,2123,23588888653,1000000000,recovery,early,850000000,590277,4722216,590278,4722224,9444440,0,1000000000,steady,0
candidate,2124,23599999764,1000000000,recovery,early,850000000,590277,4722216,590278,4722224,9444440,0,1000000000,steady,0
candidate,2125,23611110875,1000000000,recovery,early,850000000,590277,4722216,590278,4722224,9444440,0,1000000000,steady,0
candidate,2126,23622221986,1000000000,recovery,early,850000000,590277,4722216,590278,4722224,9444440,0,1000000000,steady,0
candidate,2127,23633333097,1000000000,recovery,early,850000000,590277,4722216,590278,4722224,9444440,0,1000000000,steady,0
candidate,2128,23644444208,1000000000,recovery,early,850000000,590277,4722216,590278,4722224,9444440,0,1000000000,steady,0
candidate,2129,23655555319,1000000000,recovery,early,850000000,590277,4722216,590278,4722224,9444440,0,1000000000,steady,0
candidate,2130,23666666430,1000000000,recovery,early,850000000,590277,4722216,590278,4722224,9444440,0,1000000000,steady,0
candidate,2131,23677777541,1000000000,recovery,early,850000000,590277,4722216,590278,4722224,9444440,0,1000000000,steady,0
candidate,2132,23688888652,1000000000,recovery,early,850000000,590277,4722216,590278,4722224,9444440,0,1000000000,steady,0
candidate,2133,23699999763,1000000000,recovery,early,850000000,590277,4722216,590278,4722224,9444440,0,1000000000,steady,0
candidate,2134,23711110874,1000000000,recovery,early,850000000,590277,4722216,590278,4722224,9444440,0,1000000000,steady,0
candidate,2135,23722221985,1000000000,recovery,early,850000000,590277,4722216,590278,4722224,9444440,0,1000000000,steady,0
candidate,2136,23733333096,1000000000,recovery,early,850000000,590277,4722216,590278,4722224,9444440,0,1000000000,steady,0
candidate,2137,23744444207,1000000000,recovery,early,850000000,590277,4722216,590278,4722224,9444440,0,1000000000,steady,0
candidate,2138,23755555318,1000000000,recovery,early,850000000,590277,4722216,590278,4722224,9444440,0,1000000000,steady,0
candidate,2139,23766666429,1000000000,recovery,early,850000000,590277,4722216,590278,4722224,9444440,0,1000000000,steady,0
candidate,2140,23777777540,1000000000,recovery,early,850000000,590277,4722216,590278,4722224,9444440,0,1000000000,steady,0
candidate,2141,23788888651,1000000000,recovery,early,850000000,590277,4722216,590278,4722224,9444440,0,1000000000,steady,0
candidate,2142,23799999762,1000000000,recovery,early,850000000,590277,4722216,590278,4722224,9444440,0,1000000000,steady,0
candidate,2143,23811110873,1000000000,recovery,early,850000000,590277,4722216,590278,4722224,9444440,0,1000000000,steady,0
candidate,2144,23822221984,1000000000,recovery,early,850000000,590277,4722216,590278,4722224,9444440,0,1000000000,steady,0
candidate,2145,23833333095,1000000000,recovery,early,850000000,590277,4722216,590278,4722224,9444440,0,1000000000,steady,0
candidate,2146,23844444206,1000000000,recovery,early,850000000,590277,4722216,590278,4722224,9444440,0,1000000000,steady,0
candidate,2147,23855555317,1000000000,recovery,early,850000000,590277,4722216,590278,4722224,9444440,0,1000000000,steady,0
candidate,2148,23866666428,1000000000,recovery,early,850000000,590277,4722216,590278,4722224,9444440,0,1000000000,steady,0
candidate,2149,23877777539,1000000000,recovery,early,850000000,590277,4722216,590278,4722224,9444440,0,1000000000,steady,0
candidate,2150,23888888650,1000000000,recovery,early,850000000,590277,4722216,590278,4722224,9444440,0,1000000000,steady,0
candidate,2151,23899999761,1000000000,recovery,early,850000000,590277,4722216,590278,4722224,9444440,0,1000000000,steady,0
candidate,2152,23911110872,1000000000,recovery,early,850000000,590277,4722216,590278,4722224,9444440,0,1000000000,steady,0
candidate,2153,23922221983,1000000000,recovery,early,850000000,590277,4722216,590278,4722224,9444440,0,1000000000,steady,0
candidate,2154,23933333094,1000000000,recovery,early,850000000,590277,4722216,590278,4722224,9444440,0,1000000000,steady,0
candidate,2155,23944444205,1000000000,recovery,early,850000000,590277,4722216,590278,4722224,9444440,0,1000000000,steady,0
candidate,2156,23955555316,1000000000,recovery,early,850000000,590277,4722216,590278,4722224,9444440,0,1000000000,steady,0
candidate,2157,23966666427,1000000000,recovery,early,850000000,590277,4722216,590278,4722224,9444440,0,1000000000,steady,0
candidate,2158,23977777538,1000000000,recovery,early,850000000,590277,4722216,590278,4722224,9444440,0,1000000000,steady,0
candidate,2159,23988888649,1000000000,recovery,early,850000000,590277,4722216,590278,4722224,9444440,0,1000000000,steady,0
candidate,2160,23999999760,1000000000,recovery,early,850000000,590277,4722216,590278,4722224,9444440,0,1000000000,steady,0
candidate,2161,24011110871,1000000000,recovery,early,850000000,590277,4722216,590278,4722224,9444440,0,1000000000,steady,0
candidate,2162,24022221982,1000000000,recovery,early,850000000,590277,4722216,590278,4722224,9444440,0,1000000000,steady,0
candidate,2163,24033333093,1000000000,recovery,early,850000000,590277,4722216,590278,4722224,9444440,0,1000000000,steady,0
candidate,2164,24044444204,1000000000,recovery,early,850000000,590277,4722216,590278,4722224,9444440,0,1000000000,steady,0
candidate,2165,24055555315,1000000000,recovery,early,850000000,590277,4722216,590278,4722224,9444440,0,1000000000,steady,0
candidate,2166,24066666426,1000000000,recovery,early,850000000,590277,4722216,590278,4722224,9444440,0,1000000000,steady,0
candidate,2167,24077777537,1000000000,recovery,early,850000000,590277,4722216,590278,4722224,9444440,0,1000000000,steady,0
candidate,2168,24088888648,1000000000,recovery,early,850000000,590277,4722216,590278,4722224,9444440,0,1000000000,steady,0
candidate,2169,24099999759,1000000000,recovery,early,850000000,590277,4722216,590278,4722224,9444440,0,1000000000,steady,0
candidate,2170,24111110870,1000000000,recovery,early,850000000,590277,4722216,590278,4722224,9444440,0,1000000000,steady,0
candidate,2171,24122221981,1000000000,recovery,early,850000000,590277,4722216,590278,4722224,9444440,0,1000000000,steady,0
candidate,2172,24133333092,1000000000,recovery,early,850000000,590277,4722216,590278,4722224,9444440,0,1000000000,steady,0
candidate,2173,24144444203,1000000000,recovery,early,850000000,590277,4722216,590278,4722224,9444440,0,1000000000,steady,0
candidate,2174,24155555314,1000000000,recovery,early,850000000,590277,4722216,590278,4722224,9444440,0,1000000000,steady,0
candidate,2175,24166666425,1000000000,recovery,early,850000000,590277,4722216,590278,4722224,9444440,0,1000000000,steady,0
candidate,2176,24177777536,1000000000,recovery,early,850000000,590277,4722216,590278,4722224,9444440,0,1000000000,steady,0
candidate,2177,24188888647,1000000000,recovery,early,850000000,590277,4722216,590278,4722224,9444440,0,1000000000,steady,0
candidate,2178,24199999758,1000000000,recovery,early,850000000,590277,4722216,590278,4722224,9444440,0,1000000000,steady,0
candidate,2179,24211110869,1000000000,recovery,early,850000000,590277,4722216,590278,4722224,9444440,0,1000000000,steady,0
candidate,2180,24222221980,1000000000,recovery,early,850000000,590277,4722216,590278,4722224,9444440,0,1000000000,steady,0
candidate,2181,24233333091,1000000000,recovery,early,850000000,590277,4722216,590278,4722224,9444440,0,1000000000,steady,0
candidate,2182,24244444202,1000000000,recovery,early,850000000,590277,4722216,590278,4722224,9444440,0,1000000000,steady,0
candidate,2183,24255555313,1000000000,recovery,early,850000000,590277,4722216,590278,4722224,9444440,0,1000000000,steady,0
candidate,2184,24266666424,1000000000,recovery,early,850000000,590277,4722216,590278,4722224,9444440,0,1000000000,steady,0
candidate,2185,24277777535,1000000000,recovery,early,850000000,590277,4722216,590278,4722224,9444440,0,1000000000,steady,0
candidate,2186,24288888646,1000000000,recovery,early,850000000,590277,4722216,590278,4722224,9444440,0,1000000000,steady,0
candidate,2187,24299999757,1000000000,recovery,early,850000000,590277,4722216,590278,4722224,9444440,0,1000000000,steady,0
candidate,2188,24311110868,1000000000,recovery,early,850000000,590277,4722216,590278,4722224,9444440,0,1000000000,steady,0
candidate,2189,24322221979,1000000000,recovery,early,850000000,590277,4722216,590278,4722224,9444440,0,1000000000,steady,0
candidate,2190,24333333090,1000000000,recovery,early,850000000,590277,4722216,590278,4722224,9444440,0,1000000000,steady,0
candidate,2191,24344444201,1000000000,recovery,early,850000000,590277,4722216,590278,4722224,9444440,0,1000000000,steady,0
candidate,2192,24355555312,1000000000,recovery,early,850000000,590277,4722216,590278,4722224,9444440,0,1000000000,steady,0
candidate,2193,24366666423,1000000000,recovery,early,850000000,590277,4722216,590278,4722224,9444440,0,1000000000,steady,0
candidate,2194,24377777534,1000000000,recovery,early,850000000,590277,4722216,590278,4722224,9444440,0,1000000000,steady,0
candidate,2195,24388888645,1000000000,recovery,early,850000000,590277,4722216,590278,4722224,9444440,0,1000000000,steady,0
candidate,2196,24399999756,1000000000,recovery,early,850000000,590277,4722216,590278,4722224,9444440,0,1000000000,steady,0
candidate,2197,24411110867,1000000000,recovery,early,850000000,590277,4722216,590278,4722224,9444440,0,1000000000,steady,0
candidate,2198,24422221978,1000000000,recovery,early,850000000,590277,4722216,590278,4722224,9444440,0,1000000000,steady,0
candidate,2199,24433333089,1000000000,recovery,early,850000000,590277,4722216,590278,4722224,9444440,0,1000000000,steady,0
candidate,2200,24444444200,1000000000,recovery,early,850000000,590277,4722216,590278,4722224,9444440,0,1000000000,steady,0
candidate,2201,24455555311,1000000000,recovery,early,850000000,590277,4722216,590278,4722224,9444440,0,1000000000,steady,0
candidate,2202,24466666422,1000000000,recovery,early,850000000,590277,4722216,590278,4722224,9444440,0,1000000000,steady,0
candidate,2203,24477777533,1000000000,recovery,early,850000000,590277,4722216,590278,4722224,9444440,0,1000000000,steady,0
candidate,2204,24488888644,1000000000,recovery,early,850000000,590277,4722216,590278,4722224,9444440,0,1000000000,steady,0
candidate,2205,24499999755,1000000000,recovery,early,850000000,590277,4722216,590278,4722224,9444440,0,1000000000,steady,0
candidate,2206,24511110866,1000000000,recovery,early,850000000,590277,4722216,590278,4722224,9444440,0,1000000000,steady,0
candidate,2207,24522221977,1000000000,recovery,early,850000000,590277,4722216,590278,4722224,9444440,0,1000000000,steady,0
candidate,2208,24533333088,1000000000,recovery,early,850000000,590277,4722216,590278,4722224,9444440,0,1000000000,steady,0
candidate,2209,24544444199,1000000000,recovery,early,850000000,590277,4722216,590278,4722224,9444440,0,1000000000,steady,0
candidate,2210,24555555310,1000000000,recovery,early,850000000,590277,4722216,590278,4722224,9444440,0,1000000000,steady,0
candidate,2211,24566666421,1000000000,recovery,early,850000000,590277,4722216,590278,4722224,9444440,0,1000000000,steady,0
candidate,2212,24577777532,1000000000,recovery,early,850000000,590277,4722216,590278,4722224,9444440,0,1000000000,steady,0
candidate,2213,24588888643,1000000000,recovery,early,850000000,590277,4722216,590278,4722224,9444440,0,1000000000,steady,0
candidate,2214,24599999754,1000000000,recovery,early,850000000,590277,4722216,590278,4722224,9444440,0,1000000000,steady,0
candidate,2215,24611110865,1000000000,recovery,early,850000000,590277,4722216,590278,4722224,9444440,0,1000000000,steady,0
candidate,2216,24622221976,1000000000,recovery,early,850000000,590277,4722216,590278,4722224,9444440,0,1000000000,steady,0
candidate,2217,24633333087,1000000000,recovery,early,850000000,590277,4722216,590278,4722224,9444440,0,1000000000,steady,0
candidate,2218,24644444198,1000000000,recovery,early,850000000,590277,4722216,590278,4722224,9444440,0,1000000000,steady,0
candidate,2219,24655555309,1000000000,recovery,early,850000000,590277,4722216,590278,4722224,9444440,0,1000000000,steady,0
candidate,2220,24666666420,1000000000,recovery,early,850000000,590277,4722216,590278,4722224,9444440,0,1000000000,steady,0
candidate,2221,24677777531,1000000000,recovery,early,850000000,590277,4722216,590278,4722224,9444440,0,1000000000,steady,0
candidate,2222,24688888642,1000000000,recovery,early,850000000,590277,4722216,590278,4722224,9444440,0,1000000000,steady,0
candidate,2223,24699999753,1000000000,recovery,early,850000000,590277,4722216,590278,4722224,9444440,0,1000000000,steady,0
candidate,2224,24711110864,1000000000,recovery,early,850000000,590277,4722216,590278,4722224,9444440,0,1000000000,steady,0
candidate,2225,24722221975,1000000000,recovery,early,850000000,590277,4722216,590278,4722224,9444440,0,1000000000,steady,0
candidate,2226,24733333086,1000000000,recovery,early,850000000,590277,4722216,590278,4722224,9444440,0,1000000000,steady,0
candidate,2227,24744444197,1000000000,recovery,early,850000000,590277,4722216,590278,4722224,9444440,0,1000000000,steady,0
candidate,2228,24755555308,1000000000,recovery,early,850000000,590277,4722216,590278,4722224,9444440,0,1000000000,steady,0
candidate,2229,24766666419,1000000000,recovery,early,850000000,590277,4722216,590278,4722224,9444440,0,1000000000,steady,0
candidate,2230,24777777530,1000000000,recovery,early,850000000,590277,4722216,590278,4722224,9444440,0,1000000000,steady,0
candidate,2231,24788888641,1000000000,recovery,early,850000000,590277,4722216,590278,4722224,9444440,0,1000000000,steady,0
candidate,2232,24799999752,1000000000,recovery,early,850000000,590277,4722216,590278,4722224,9444440,0,1000000000,steady,0
candidate,2233,24811110863,1000000000,recovery,early,850000000,590277,4722216,590278,4722224,9444440,0,1000000000,steady,0
candidate,2234,24822221974,1000000000,recovery,early,850000000,590277,4722216,590278,4722224,9444440,0,1000000000,steady,0
candidate,2235,24833333085,1000000000,recovery,early,850000000,590277,4722216,590278,4722224,9444440,0,1000000000,steady,0
candidate,2236,24844444196,1000000000,recovery,early,850000000,590277,4722216,590278,4722224,9444440,0,1000000000,steady,0
candidate,2237,24855555307,1000000000,recovery,early,850000000,590277,4722216,590278,4722224,9444440,0,1000000000,steady,0
candidate,2238,24866666418,1000000000,recovery,early,850000000,590277,4722216,590278,4722224,9444440,0,1000000000,steady,0
candidate,2239,24877777529,1000000000,recovery,early,850000000,590277,4722216,590278,4722224,9444440,0,1000000000,steady,0
candidate,2240,24888888640,1000000000,recovery,early,850000000,590277,4722216,590278,4722224,9444440,0,1000000000,steady,0
candidate,2241,24899999751,1000000000,recovery,early,850000000,590277,4722216,590278,4722224,9444440,0,1000000000,steady,0
candidate,2242,24911110862,1000000000,recovery,early,850000000,590277,4722216,590278,4722224,9444440,0,1000000000,steady,0
candidate,2243,24922221973,1000000000,recovery,early,850000000,590277,4722216,590278,4722224,9444440,0,1000000000,steady,0
candidate,2244,24933333084,1000000000,recovery,early,850000000,590277,4722216,590278,4722224,9444440,0,1000000000,steady,0
candidate,2245,24944444195,1000000000,recovery,early,850000000,590277,4722216,590278,4722224,9444440,0,1000000000,steady,0
candidate,2246,24955555306,1000000000,recovery,early,850000000,590277,4722216,590278,4722224,9444440,0,1000000000,steady,0
candidate,2247,24966666417,1000000000,recovery,early,850000000,590277,4722216,590278,4722224,9444440,0,1000000000,steady,0
candidate,2248,24977777528,1000000000,recovery,early,850000000,590277,4722216,590278,4722224,9444440,0,1000000000,steady,0
candidate,2249,24988888639,1000000000,recovery,early,850000000,590277,4722216,590278,4722224,9444440,0,1000000000,steady,0
candidate,2250,24999999750,1000000000,recovery,early,850000000,590277,4722216,590278,4722224,9444440,0,1000000000,steady,0
candidate,2251,25011110861,1000000000,recovery,early,850000000,590277,4722216,590278,4722224,9444440,0,1000000000,steady,0
candidate,2252,25022221972,1000000000,recovery,early,850000000,590277,4722216,590278,4722224,9444440,0,1000000000,steady,0
candidate,2253,25033333083,1000000000,recovery,early,850000000,590277,4722216,590278,4722224,9444440,0,1000000000,steady,0
candidate,2254,25044444194,1000000000,recovery,early,850000000,590277,4722216,590278,4722224,9444440,0,1000000000,steady,0
candidate,2255,25055555305,1000000000,recovery,early,850000000,590277,4722216,590278,4722224,9444440,0,1000000000,steady,0
candidate,2256,25066666416,1000000000,recovery,early,850000000,590277,4722216,590278,4722224,9444440,0,1000000000,steady,0
candidate,2257,25077777527,1000000000,recovery,early,850000000,590277,4722216,590278,4722224,9444440,0,1000000000,steady,0
candidate,2258,25088888638,1000000000,recovery,early,850000000,590277,4722216,590278,4722224,9444440,0,1000000000,steady,0
candidate,2259,25099999749,1000000000,recovery,early,850000000,590277,4722216,590278,4722224,9444440,0,1000000000,steady,0
candidate,2260,25111110860,1000000000,recovery,early,850000000,590277,4722216,590278,4722224,9444440,0,1000000000,steady,0
candidate,2261,25122221971,1000000000,recovery,early,850000000,590277,4722216,590278,4722224,9444440,0,1000000000,steady,0
candidate,2262,25133333082,1000000000,recovery,early,850000000,590277,4722216,590278,4722224,9444440,0,1000000000,steady,0
candidate,2263,25144444193,1000000000,recovery,early,850000000,590277,4722216,590278,4722224,9444440,0,1000000000,steady,0
candidate,2264,25155555304,1000000000,recovery,early,850000000,590277,4722216,590278,4722224,9444440,0,1000000000,steady,0
candidate,2265,25166666415,1000000000,recovery,early,850000000,590277,4722216,590278,4722224,9444440,0,1000000000,steady,0
candidate,2266,25177777526,1000000000,recovery,early,850000000,590277,4722216,590278,4722224,9444440,0,1000000000,steady,0
candidate,2267,25188888637,1000000000,recovery,early,850000000,590277,4722216,590278,4722224,9444440,0,1000000000,steady,0
candidate,2268,25199999748,1000000000,recovery,early,850000000,590277,4722216,590278,4722224,9444440,0,1000000000,steady,0
candidate,2269,25211110859,1000000000,recovery,early,850000000,590277,4722216,590278,4722224,9444440,0,1000000000,steady,0
candidate,2270,25222221970,1000000000,recovery,early,850000000,590277,4722216,590278,4722224,9444440,0,1000000000,steady,0
candidate,2271,25233333081,1000000000,recovery,early,850000000,590277,4722216,590278,4722224,9444440,0,1000000000,steady,0
candidate,2272,25244444192,1000000000,recovery,early,850000000,590277,4722216,590278,4722224,9444440,0,1000000000,steady,0
candidate,2273,25255555303,1000000000,recovery,early,850000000,590277,4722216,590278,4722224,9444440,0,1000000000,steady,0
candidate,2274,25266666414,1000000000,recovery,early,850000000,590277,4722216,590278,4722224,9444440,0,1000000000,steady,0
candidate,2275,25277777525,1000000000,recovery,early,850000000,590277,4722216,590278,4722224,9444440,0,1000000000,steady,0
candidate,2276,25288888636,1000000000,recovery,early,850000000,590277,4722216,590278,4722224,9444440,0,1000000000,steady,0
candidate,2277,25299999747,1000000000,recovery,early,850000000,590277,4722216,590278,4722224,9444440,0,1000000000,steady,0
candidate,2278,25311110858,1000000000,recovery,early,850000000,590277,4722216,590278,4722224,9444440,0,1000000000,steady,0
candidate,2279,25322221969,1000000000,recovery,early,850000000,590277,4722216,590278,4722224,9444440,0,1000000000,steady,0
candidate,2280,25333333080,1000000000,recovery,early,850000000,590277,4722216,590278,4722224,9444440,0,1000000000,steady,0
candidate,2281,25344444191,1000000000,recovery,early,850000000,590277,4722216,590278,4722224,9444440,0,1000000000,steady,0
candidate,2282,25355555302,1000000000,recovery,early,850000000,590277,4722216,590278,4722224,9444440,0,1000000000,steady,0
candidate,2283,25366666413,1000000000,recovery,early,850000000,590277,4722216,590278,4722224,9444440,0,1000000000,steady,0
candidate,2284,25377777524,1000000000,recovery,early,850000000,590277,4722216,590278,4722224,9444440,0,1000000000,steady,0
candidate,2285,25388888635,1000000000,recovery,early,850000000,590277,4722216,590278,4722224,9444440,0,1000000000,steady,0
candidate,2286,25399999746,1000000000,recovery,early,850000000,590277,4722216,590278,4722224,9444440,0,1000000000,steady,0
candidate,2287,25411110857,1000000000,recovery,early,850000000,590277,4722216,590278,4722224,9444440,0,1000000000,steady,0
candidate,2288,25422221968,1000000000,recovery,early,850000000,590277,4722216,590278,4722224,9444440,0,1000000000,steady,0
candidate,2289,25433333079,1000000000,recovery,early,850000000,590277,4722216,590278,4722224,9444440,0,1000000000,steady,0
candidate,2290,25444444190,1000000000,recovery,early,850000000,590277,4722216,590278,4722224,9444440,0,1000000000,steady,0
candidate,2291,25455555301,1000000000,recovery,early,850000000,590277,4722216,590278,4722224,9444440,0,1000000000,steady,0
candidate,2292,25466666412,1000000000,recovery,early,850000000,590277,4722216,590278,4722224,9444440,0,1000000000,steady,0
candidate,2293,25477777523,1000000000,recovery,early,850000000,590277,4722216,590278,4722224,9444440,0,1000000000,steady,0
candidate,2294,25488888634,1000000000,recovery,early,850000000,590277,4722216,590278,4722224,9444440,0,1000000000,steady,0
candidate,2295,25499999745,1000000000,recovery,early,850000000,590277,4722216,590278,4722224,9444440,0,1000000000,steady,0
candidate,2296,25511110856,1000000000,recovery,early,850000000,590277,4722216,590278,4722224,9444440,0,1000000000,steady,0
candidate,2297,25522221967,1000000000,recovery,early,850000000,590277,4722216,590278,4722224,9444440,0,1000000000,steady,0
candidate,2298,25533333078,1000000000,recovery,early,850000000,590277,4722216,590278,4722224,9444440,0,1000000000,steady,0
candidate,2299,25544444189,1000000000,recovery,early,850000000,590277,4722216,590278,4722224,9444440,0,1000000000,steady,0
candidate,2300,25555555300,1000000000,recovery,early,850000000,590277,4722216,590278,4722224,9444440,0,1000000000,steady,0
candidate,2301,25566666411,1000000000,recovery,early,850000000,590277,4722216,590278,4722224,9444440,0,1000000000,steady,0
candidate,2302,25577777522,1000000000,recovery,early,850000000,590277,4722216,590278,4722224,9444440,0,1000000000,steady,0
candidate,2303,25588888633,1000000000,recovery,early,850000000,590277,4722216,590278,4722224,9444440,0,1000000000,steady,0
candidate,2304,25599999744,1000000000,recovery,early,850000000,590277,4722216,590278,4722224,9444440,0,1000000000,steady,0
candidate,2305,25611110855,1000000000,recovery,early,850000000,590277,4722216,590278,4722224,9444440,0,1000000000,steady,0
candidate,2306,25622221966,1000000000,recovery,early,850000000,590277,4722216,590278,4722224,9444440,0,1000000000,steady,0
candidate,2307,25633333077,1000000000,recovery,early,850000000,590277,4722216,590278,4722224,9444440,0,1000000000,steady,0
candidate,2308,25644444188,1000000000,recovery,early,850000000,590277,4722216,590278,4722224,9444440,0,1000000000,steady,0
candidate,2309,25655555299,1000000000,recovery,early,850000000,590277,4722216,590278,4722224,9444440,0,1000000000,steady,0
candidate,2310,25666666410,1000000000,recovery,early,850000000,590277,4722216,590278,4722224,9444440,0,1000000000,steady,0
candidate,2311,25677777521,1000000000,recovery,early,850000000,590277,4722216,590278,4722224,9444440,0,1000000000,steady,0
candidate,2312,25688888632,1000000000,recovery,early,850000000,590277,4722216,590278,4722224,9444440,0,1000000000,steady,0
candidate,2313,25699999743,1000000000,recovery,early,850000000,590277,4722216,590278,4722224,9444440,0,1000000000,steady,0
candidate,2314,25711110854,1000000000,recovery,early,850000000,590277,4722216,590278,4722224,9444440,0,1000000000,steady,0
candidate,2315,25722221965,1000000000,recovery,early,850000000,590277,4722216,590278,4722224,9444440,0,1000000000,steady,0
candidate,2316,25733333076,1000000000,recovery,early,850000000,590277,4722216,590278,4722224,9444440,0,1000000000,steady,0
candidate,2317,25744444187,1000000000,recovery,early,850000000,590277,4722216,590278,4722224,9444440,0,1000000000,steady,0
candidate,2318,25755555298,1000000000,recovery,early,850000000,590277,4722216,590278,4722224,9444440,0,1000000000,steady,0
candidate,2319,25766666409,1000000000,recovery,early,850000000,590277,4722216,590278,4722224,9444440,0,1000000000,steady,0
candidate,2320,25777777520,1000000000,recovery,early,850000000,590277,4722216,590278,4722224,9444440,0,1000000000,steady,0
candidate,2321,25788888631,1000000000,recovery,early,850000000,590277,4722216,590278,4722224,9444440,0,1000000000,steady,0
candidate,2322,25799999742,1000000000,recovery,early,850000000,590277,4722216,590278,4722224,9444440,0,1000000000,steady,0
candidate,2323,25811110853,1000000000,recovery,early,850000000,590277,4722216,590278,4722224,9444440,0,1000000000,steady,0
candidate,2324,25822221964,1000000000,recovery,early,850000000,590277,4722216,590278,4722224,9444440,0,1000000000,steady,0
candidate,2325,25833333075,1000000000,recovery,early,850000000,590277,4722216,590278,4722224,9444440,0,1000000000,steady,0
candidate,2326,25844444186,1000000000,recovery,early,850000000,590277,4722216,590278,4722224,9444440,0,1000000000,steady,0
candidate,2327,25855555297,1000000000,recovery,early,850000000,590277,4722216,590278,4722224,9444440,0,1000000000,steady,0
candidate,2328,25866666408,1000000000,recovery,early,850000000,590277,4722216,590278,4722224,9444440,0,1000000000,steady,0
candidate,2329,25877777519,1000000000,recovery,early,850000000,590277,4722216,590278,4722224,9444440,0,1000000000,steady,0
candidate,2330,25888888630,1000000000,recovery,early,850000000,590277,4722216,590278,4722224,9444440,0,1000000000,steady,0
candidate,2331,25899999741,1000000000,recovery,early,850000000,590277,4722216,590278,4722224,9444440,0,1000000000,steady,0
candidate,2332,25911110852,1000000000,recovery,early,850000000,590277,4722216,590278,4722224,9444440,0,1000000000,steady,0
candidate,2333,25922221963,1000000000,recovery,early,850000000,590277,4722216,590278,4722224,9444440,0,1000000000,steady,0
candidate,2334,25933333074,1000000000,recovery,early,850000000,590277,4722216,590278,4722224,9444440,0,1000000000,steady,0
candidate,2335,25944444185,1000000000,recovery,early,850000000,590277,4722216,590278,4722224,9444440,0,1000000000,steady,0
candidate,2336,25955555296,1000000000,recovery,early,850000000,590277,4722216,590278,4722224,9444440,0,1000000000,steady,0
candidate,2337,25966666407,1000000000,recovery,early,850000000,590277,4722216,590278,4722224,9444440,0,1000000000,steady,0
candidate,2338,25977777518,1000000000,recovery,early,850000000,590277,4722216,590278,4722224,9444440,0,1000000000,steady,0
candidate,2339,25988888629,1000000000,recovery,early,850000000,590277,4722216,590278,4722224,9444440,0,1000000000,steady,0
candidate,2340,25999999740,1000000000,recovery,early,850000000,590277,4722216,590278,4722224,9444440,0,1000000000,steady,0
candidate,2341,26011110851,1000000000,recovery,early,850000000,590277,4722216,590278,4722224,9444440,0,1000000000,steady,0
candidate,2342,26022221962,1000000000,recovery,early,850000000,590277,4722216,590278,4722224,9444440,0,1000000000,steady,0
candidate,2343,26033333073,1000000000,recovery,early,850000000,590277,4722216,590278,4722224,9444440,0,1000000000,steady,0
candidate,2344,26044444184,1000000000,recovery,early,850000000,590277,4722216,590278,4722224,9444440,0,1000000000,steady,0
candidate,2345,26055555295,1000000000,recovery,early,850000000,590277,4722216,590278,4722224,9444440,0,1000000000,steady,0
candidate,2346,26066666406,1000000000,recovery,early,850000000,590277,4722216,590278,4722224,9444440,0,1000000000,steady,0
candidate,2347,26077777517,1000000000,recovery,early,850000000,590277,4722216,590278,4722224,9444440,0,1000000000,steady,0
candidate,2348,26088888628,1000000000,recovery,early,850000000,590277,4722216,590278,4722224,9444440,0,1000000000,steady,0
candidate,2349,26099999739,1000000000,recovery,early,850000000,590277,4722216,590278,4722224,9444440,0,1000000000,steady,0
candidate,2350,26111110850,1000000000,recovery,early,850000000,590277,4722216,590278,4722224,9444440,0,1000000000,steady,0
candidate,2351,26122221961,1000000000,recovery,early,850000000,590277,4722216,590278,4722224,9444440,0,1000000000,steady,0
candidate,2352,26133333072,1000000000,recovery,early,850000000,590277,4722216,590278,4722224,9444440,0,1000000000,steady,0
candidate,2353,26144444183,1000000000,recovery,early,850000000,590277,4722216,590278,4722224,9444440,0,1000000000,steady,0
candidate,2354,26155555294,1000000000,recovery,early,850000000,590277,4722216,590278,4722224,9444440,0,1000000000,steady,0
candidate,2355,26166666405,1000000000,recovery,early,850000000,590277,4722216,590278,4722224,9444440,0,1000000000,steady,0
candidate,2356,26177777516,1000000000,recovery,early,850000000,590277,4722216,590278,4722224,9444440,0,1000000000,steady,0
candidate,2357,26188888627,1000000000,recovery,early,850000000,590277,4722216,590278,4722224,9444440,0,1000000000,steady,0
candidate,2358,26199999738,1000000000,recovery,early,850000000,590277,4722216,590278,4722224,9444440,0,1000000000,steady,0
candidate,2359,26211110849,1000000000,recovery,early,850000000,590277,4722216,590278,4722224,9444440,0,1000000000,steady,0
candidate,2360,26222221960,1000000000,recovery,early,850000000,590277,4722216,590278,4722224,9444440,0,1000000000,steady,0
candidate,2361,26233333071,1000000000,recovery,early,850000000,590277,4722216,590278,4722224,9444440,0,1000000000,steady,0
candidate,2362,26244444182,1000000000,recovery,early,850000000,590277,4722216,590278,4722224,9444440,0,1000000000,steady,0
candidate,2363,26255555293,1000000000,recovery,early,850000000,590277,4722216,590278,4722224,9444440,0,1000000000,steady,0
candidate,2364,26266666404,1000000000,recovery,early,850000000,590277,4722216,590278,4722224,9444440,0,1000000000,steady,0
candidate,2365,26277777515,1000000000,recovery,early,850000000,590277,4722216,590278,4722224,9444440,0,1000000000,steady,0
candidate,2366,26288888626,1000000000,recovery,early,850000000,590277,4722216,590278,4722224,9444440,0,1000000000,steady,0
candidate,2367,26299999737,1000000000,recovery,early,850000000,590277,4722216,590278,4722224,9444440,0,1000000000,steady,0
candidate,2368,26311110848,1000000000,recovery,early,850000000,590277,4722216,590278,4722224,9444440,0,1000000000,steady,0
candidate,2369,26322221959,1000000000,recovery,early,850000000,590277,4722216,590278,4722224,9444440,0,1000000000,steady,0
candidate,2370,26333333070,1000000000,recovery,early,850000000,590277,4722216,590278,4722224,9444440,0,1000000000,steady,0
candidate,2371,26344444181,1000000000,recovery,early,850000000,590277,4722216,590278,4722224,9444440,0,1000000000,steady,0
candidate,2372,26355555292,1000000000,recovery,early,850000000,590277,4722216,590278,4722224,9444440,0,1000000000,steady,0
candidate,2373,26366666403,1000000000,recovery,early,850000000,590277,4722216,590278,4722224,9444440,0,1000000000,steady,0
candidate,2374,26377777514,1000000000,recovery,early,850000000,590277,4722216,590278,4722224,9444440,0,1000000000,steady,0
candidate,2375,26388888625,1000000000,recovery,early,850000000,590277,4722216,590278,4722224,9444440,0,1000000000,steady,0
candidate,2376,26399999736,1000000000,recovery,early,850000000,590277,4722216,590278,4722224,9444440,0,1000000000,steady,0
candidate,2377,26411110847,1000000000,recovery,early,850000000,590277,4722216,590278,4722224,9444440,0,1000000000,steady,0
candidate,2378,26422221958,1000000000,recovery,early,850000000,590277,4722216,590278,4722224,9444440,0,1000000000,steady,0
candidate,2379,26433333069,1000000000,recovery,early,850000000,590277,4722216,590278,4722224,9444440,0,1000000000,steady,0
candidate,2380,26444444180,1000000000,recovery,early,850000000,590277,4722216,590278,4722224,9444440,0,1000000000,steady,0
candidate,2381,26455555291,1000000000,recovery,early,850000000,590277,4722216,590278,4722224,9444440,0,1000000000,steady,0
candidate,2382,26466666402,1000000000,recovery,early,850000000,590277,4722216,590278,4722224,9444440,0,1000000000,steady,0
candidate,2383,26477777513,1000000000,recovery,early,850000000,590277,4722216,590278,4722224,9444440,0,1000000000,steady,0
candidate,2384,26488888624,1000000000,recovery,early,850000000,590277,4722216,590278,4722224,9444440,0,1000000000,steady,0
candidate,2385,26499999735,1000000000,recovery,early,850000000,590277,4722216,590278,4722224,9444440,0,1000000000,steady,0
candidate,2386,26511110846,1000000000,recovery,early,850000000,590277,4722216,590278,4722224,9444440,0,1000000000,steady,0
candidate,2387,26522221957,1000000000,recovery,early,850000000,590277,4722216,590278,4722224,9444440,0,1000000000,steady,0
candidate,2388,26533333068,1000000000,recovery,early,850000000,590277,4722216,590278,4722224,9444440,0,1000000000,steady,0
candidate,2389,26544444179,1000000000,recovery,early,850000000,590277,4722216,590278,4722224,9444440,0,1000000000,steady,0
candidate,2390,26555555290,1000000000,recovery,early,850000000,590277,4722216,590278,4722224,9444440,0,1000000000,steady,0
candidate,2391,26566666401,1000000000,recovery,early,850000000,590277,4722216,590278,4722224,9444440,0,1000000000,steady,0
candidate,2392,26577777512,1000000000,recovery,early,850000000,590277,4722216,590278,4722224,9444440,0,1000000000,steady,0
candidate,2393,26588888623,1000000000,recovery,early,850000000,590277,4722216,590278,4722224,9444440,0,1000000000,steady,0
candidate,2394,26599999734,1000000000,recovery,early,850000000,590277,4722216,590278,4722224,9444440,0,1000000000,steady,0
candidate,2395,26611110845,1000000000,recovery,early,850000000,590277,4722216,590278,4722224,9444440,0,1000000000,steady,0
candidate,2396,26622221956,1000000000,recovery,early,850000000,590277,4722216,590278,4722224,9444440,0,1000000000,steady,0
candidate,2397,26633333067,1000000000,recovery,early,850000000,590277,4722216,590278,4722224,9444440,0,1000000000,steady,0
candidate,2398,26644444178,1000000000,recovery,early,850000000,590277,4722216,590278,4722224,9444440,0,1000000000,steady,0
candidate,2399,26655555289,1000000000,recovery,early,850000000,590277,4722216,590278,4722224,9444440,0,1000000000,steady,0
candidate,2400,26666666400,1000000000,recovery,early,850000000,590277,4722216,590278,4722224,9444440,0,1000000000,steady,0
candidate,2401,26677777511,1000000000,recovery,early,850000000,590277,4722216,590278,4722224,9444440,0,1000000000,steady,0
candidate,2402,26688888622,1000000000,recovery,early,850000000,590277,4722216,590278,4722224,9444440,0,1000000000,steady,0
candidate,2403,26699999733,1000000000,recovery,early,850000000,590277,4722216,590278,4722224,9444440,0,1000000000,steady,0
candidate,2404,26711110844,1000000000,recovery,early,850000000,590277,4722216,590278,4722224,9444440,0,1000000000,steady,0
candidate,2405,26722221955,1000000000,recovery,early,850000000,590277,4722216,590278,4722224,9444440,0,1000000000,steady,0
candidate,2406,26733333066,1000000000,recovery,early,850000000,590277,4722216,590278,4722224,9444440,0,1000000000,steady,0
candidate,2407,26744444177,1000000000,recovery,early,850000000,590277,4722216,590278,4722224,9444440,0,1000000000,steady,0
candidate,2408,26755555288,1000000000,recovery,early,850000000,590277,4722216,590278,4722224,9444440,0,1000000000,steady,0
candidate,2409,26766666399,1000000000,recovery,early,850000000,590277,4722216,590278,4722224,9444440,0,1000000000,steady,0
candidate,2410,26777777510,1000000000,recovery,early,850000000,590277,4722216,590278,4722224,9444440,0,1000000000,steady,0
candidate,2411,26788888621,1000000000,recovery,early,850000000,590277,4722216,590278,4722224,9444440,0,1000000000,steady,0
candidate,2412,26799999732,1000000000,recovery,early,850000000,590277,4722216,590278,4722224,9444440,0,1000000000,steady,0
candidate,2413,26811110843,1000000000,recovery,early,850000000,590277,4722216,590278,4722224,9444440,0,1000000000,steady,0
candidate,2414,26822221954,1000000000,recovery,early,850000000,590277,4722216,590278,4722224,9444440,0,1000000000,steady,0
candidate,2415,26833333065,1000000000,recovery,early,850000000,590277,4722216,590278,4722224,9444440,0,1000000000,steady,0
candidate,2416,26844444176,1000000000,recovery,early,850000000,590277,4722216,590278,4722224,9444440,0,1000000000,steady,0
candidate,2417,26855555287,1000000000,recovery,early,850000000,590277,4722216,590278,4722224,9444440,0,1000000000,steady,0
candidate,2418,26866666398,1000000000,recovery,early,850000000,590277,4722216,590278,4722224,9444440,0,1000000000,steady,0
candidate,2419,26877777509,1000000000,recovery,early,850000000,590277,4722216,590278,4722224,9444440,0,1000000000,steady,0
candidate,2420,26888888620,1000000000,recovery,early,850000000,590277,4722216,590278,4722224,9444440,0,1000000000,steady,0
candidate,2421,26899999731,1000000000,recovery,early,850000000,590277,4722216,590278,4722224,9444440,0,1000000000,steady,0
candidate,2422,26911110842,1000000000,recovery,early,850000000,590277,4722216,590278,4722224,9444440,0,1000000000,steady,0
candidate,2423,26922221953,1000000000,recovery,early,850000000,590277,4722216,590278,4722224,9444440,0,1000000000,steady,0
candidate,2424,26933333064,1000000000,recovery,early,850000000,590277,4722216,590278,4722224,9444440,0,1000000000,steady,0
candidate,2425,26944444175,1000000000,recovery,early,850000000,590277,4722216,590278,4722224,9444440,0,1000000000,steady,0
candidate,2426,26955555286,1000000000,recovery,early,850000000,590277,4722216,590278,4722224,9444440,0,1000000000,steady,0
candidate,2427,26966666397,1000000000,recovery,early,850000000,590277,4722216,590278,4722224,9444440,0,1000000000,steady,0
candidate,2428,26977777508,1000000000,recovery,early,850000000,590277,4722216,590278,4722224,9444440,0,1000000000,steady,0
candidate,2429,26988888619,1000000000,recovery,early,850000000,590277,4722216,590278,4722224,9444440,0,1000000000,steady,0
candidate,2430,26999999730,1000000000,recovery,early,850000000,590277,4722216,590278,4722224,9444440,0,1000000000,steady,0
candidate,2431,27011110841,1000000000,recovery,early,850000000,590277,4722216,590278,4722224,9444440,0,1000000000,steady,0
candidate,2432,27022221952,1000000000,recovery,early,850000000,590277,4722216,590278,4722224,9444440,0,1000000000,steady,0
candidate,2433,27033333063,1000000000,recovery,early,850000000,590277,4722216,590278,4722224,9444440,0,1000000000,steady,0
candidate,2434,27044444174,1000000000,recovery,early,850000000,590277,4722216,590278,4722224,9444440,0,1000000000,steady,0
candidate,2435,27055555285,1000000000,recovery,early,850000000,590277,4722216,590278,4722224,9444440,0,1000000000,steady,0
candidate,2436,27066666396,1000000000,recovery,early,850000000,590277,4722216,590278,4722224,9444440,0,1000000000,steady,0
candidate,2437,27077777507,1000000000,recovery,early,850000000,590277,4722216,590278,4722224,9444440,0,1000000000,steady,0
candidate,2438,27088888618,1000000000,recovery,early,850000000,590277,4722216,590278,4722224,9444440,0,1000000000,steady,0
candidate,2439,27099999729,1000000000,recovery,early,850000000,590277,4722216,590278,4722224,9444440,0,1000000000,steady,0
candidate,2440,27111110840,1000000000,recovery,early,850000000,590277,4722216,590278,4722224,9444440,0,1000000000,steady,0
candidate,2441,27122221951,1000000000,recovery,early,850000000,590277,4722216,590278,4722224,9444440,0,1000000000,steady,0
candidate,2442,27133333062,1000000000,recovery,early,850000000,590277,4722216,590278,4722224,9444440,0,1000000000,steady,0
candidate,2443,27144444173,1000000000,recovery,early,850000000,590277,4722216,590278,4722224,9444440,0,1000000000,steady,0
candidate,2444,27155555284,1000000000,recovery,early,850000000,590277,4722216,590278,4722224,9444440,0,1000000000,steady,0
candidate,2445,27166666395,1000000000,recovery,early,850000000,590277,4722216,590278,4722224,9444440,0,1000000000,steady,0
candidate,2446,27177777506,1000000000,recovery,early,850000000,590277,4722216,590278,4722224,9444440,0,1000000000,steady,0
candidate,2447,27188888617,1000000000,recovery,early,850000000,590277,4722216,590278,4722224,9444440,0,1000000000,steady,0
candidate,2448,27199999728,1000000000,recovery,early,850000000,590277,4722216,590278,4722224,9444440,0,1000000000,steady,0
candidate,2449,27211110839,1000000000,recovery,early,850000000,590277,4722216,590278,4722224,9444440,0,1000000000,steady,0
candidate,2450,27222221950,1000000000,recovery,early,850000000,590277,4722216,590278,4722224,9444440,0,1000000000,steady,0
candidate,2451,27233333061,1000000000,recovery,early,850000000,590277,4722216,590278,4722224,9444440,0,1000000000,steady,0
candidate,2452,27244444172,1000000000,recovery,early,850000000,590277,4722216,590278,4722224,9444440,0,1000000000,steady,0
candidate,2453,27255555283,1000000000,recovery,early,850000000,590277,4722216,590278,4722224,9444440,0,1000000000,steady,0
candidate,2454,27266666394,1000000000,recovery,early,850000000,590277,4722216,590278,4722224,9444440,0,1000000000,steady,0
candidate,2455,27277777505,1000000000,recovery,early,850000000,590277,4722216,590278,4722224,9444440,0,1000000000,steady,0
candidate,2456,27288888616,1000000000,recovery,early,850000000,590277,4722216,590278,4722224,9444440,0,1000000000,steady,0
candidate,2457,27299999727,1000000000,recovery,early,850000000,590277,4722216,590278,4722224,9444440,0,1000000000,steady,0
candidate,2458,27311110838,1000000000,recovery,early,850000000,590277,4722216,590278,4722224,9444440,0,1000000000,steady,0
candidate,2459,27322221949,1000000000,recovery,early,850000000,590277,4722216,590278,4722224,9444440,0,1000000000,steady,0
candidate,2460,27333333060,1000000000,recovery,early,850000000,590277,4722216,590278,4722224,9444440,0,1000000000,steady,0
candidate,2461,27344444171,1000000000,recovery,early,850000000,590277,4722216,590278,4722224,9444440,0,1000000000,steady,0
candidate,2462,27355555282,1000000000,recovery,early,850000000,590277,4722216,590278,4722224,9444440,0,1000000000,steady,0
candidate,2463,27366666393,1000000000,recovery,early,850000000,590277,4722216,590278,4722224,9444440,0,1000000000,steady,0
candidate,2464,27377777504,1000000000,recovery,early,850000000,590277,4722216,590278,4722224,9444440,0,1000000000,steady,0
candidate,2465,27388888615,1000000000,recovery,early,850000000,590277,4722216,590278,4722224,9444440,0,1000000000,steady,0
candidate,2466,27399999726,1000000000,recovery,early,850000000,590277,4722216,590278,4722224,9444440,0,1000000000,steady,0
candidate,2467,27411110837,1000000000,recovery,early,850000000,590277,4722216,590278,4722224,9444440,0,1000000000,steady,0
candidate,2468,27422221948,1000000000,recovery,early,850000000,590277,4722216,590278,4722224,9444440,0,1000000000,steady,0
candidate,2469,27433333059,1000000000,recovery,early,850000000,590277,4722216,590278,4722224,9444440,0,1000000000,steady,0
candidate,2470,27444444170,1000000000,recovery,early,850000000,590277,4722216,590278,4722224,9444440,0,1000000000,steady,0
candidate,2471,27455555281,1000000000,recovery,early,850000000,590277,4722216,590278,4722224,9444440,0,1000000000,steady,0
candidate,2472,27466666392,1000000000,recovery,early,850000000,590277,4722216,590278,4722224,9444440,0,1000000000,steady,0
candidate,2473,27477777503,1000000000,recovery,early,850000000,590277,4722216,590278,4722224,9444440,0,1000000000,steady,0
candidate,2474,27488888614,1000000000,recovery,early,850000000,590277,4722216,590278,4722224,9444440,0,1000000000,steady,0
candidate,2475,27499999725,1000000000,recovery,early,850000000,590277,4722216,590278,4722224,9444440,0,1000000000,steady,0
candidate,2476,27511110836,1000000000,recovery,early,850000000,590277,4722216,590278,4722224,9444440,0,1000000000,steady,0
candidate,2477,27522221947,1000000000,recovery,early,850000000,590277,4722216,590278,4722224,9444440,0,1000000000,steady,0
candidate,2478,27533333058,1000000000,recovery,early,850000000,590277,4722216,590278,4722224,9444440,0,1000000000,steady,0
candidate,2479,27544444169,1000000000,recovery,early,850000000,590277,4722216,590278,4722224,9444440,0,1000000000,steady,0
candidate,2480,27555555280,1000000000,recovery,early,850000000,590277,4722216,590278,4722224,9444440,0,1000000000,steady,0
candidate,2481,27566666391,1000000000,recovery,early,850000000,590277,4722216,590278,4722224,9444440,0,1000000000,steady,0
candidate,2482,27577777502,1000000000,recovery,early,850000000,590277,4722216,590278,4722224,9444440,0,1000000000,steady,0
candidate,2483,27588888613,1000000000,recovery,early,850000000,590277,4722216,590278,4722224,9444440,0,1000000000,steady,0
candidate,2484,27599999724,1000000000,recovery,early,850000000,590277,4722216,590278,4722224,9444440,0,1000000000,steady,0
candidate,2485,27611110835,1000000000,recovery,early,850000000,590277,4722216,590278,4722224,9444440,0,1000000000,steady,0
candidate,2486,27622221946,1000000000,recovery,early,850000000,590277,4722216,590278,4722224,9444440,0,1000000000,steady,0
candidate,2487,27633333057,1000000000,recovery,early,850000000,590277,4722216,590278,4722224,9444440,0,1000000000,steady,0
candidate,2488,27644444168,1000000000,recovery,early,850000000,590277,4722216,590278,4722224,9444440,0,1000000000,steady,0
candidate,2489,27655555279,1000000000,recovery,early,850000000,590277,4722216,590278,4722224,9444440,0,1000000000,steady,0
candidate,2490,27666666390,1000000000,recovery,early,850000000,590277,4722216,590278,4722224,9444440,0,1000000000,steady,0
candidate,2491,27677777501,1000000000,recovery,early,850000000,590277,4722216,590278,4722224,9444440,0,1000000000,steady,0
candidate,2492,27688888612,1000000000,recovery,early,850000000,590277,4722216,590278,4722224,9444440,0,1000000000,steady,0
candidate,2493,27699999723,1000000000,recovery,early,850000000,590277,4722216,590278,4722224,9444440,0,1000000000,steady,0
candidate,2494,27711110834,1000000000,recovery,early,850000000,590277,4722216,590278,4722224,9444440,0,1000000000,steady,0
candidate,2495,27722221945,1000000000,recovery,early,850000000,590277,4722216,590278,4722224,9444440,0,1000000000,steady,0
candidate,2496,27733333056,1000000000,recovery,early,850000000,590277,4722216,590278,4722224,9444440,0,1000000000,steady,0
candidate,2497,27744444167,1000000000,recovery,early,850000000,590277,4722216,590278,4722224,9444440,0,1000000000,steady,0
candidate,2498,27755555278,1000000000,recovery,early,850000000,590277,4722216,590278,4722224,9444440,0,1000000000,steady,0
candidate,2499,27766666389,1000000000,recovery,early,850000000,590277,4722216,590278,4722224,9444440,0,1000000000,steady,0
candidate,2500,27777777500,1000000000,recovery,early,850000000,590277,4722216,590278,4722224,9444440,0,1000000000,steady,0
candidate,2501,27788888611,1000000000,recovery,early,850000000,590277,4722216,590278,4722224,9444440,0,1000000000,steady,0
candidate,2502,27799999722,1000000000,recovery,early,850000000,590277,4722216,590278,4722224,9444440,0,1000000000,steady,0
candidate,2503,27811110833,1000000000,recovery,early,850000000,590277,4722216,590278,4722224,9444440,0,1000000000,steady,0
candidate,2504,27822221944,1000000000,recovery,early,850000000,590277,4722216,590278,4722224,9444440,0,1000000000,steady,0
candidate,2505,27833333055,1000000000,recovery,early,850000000,590277,4722216,590278,4722224,9444440,0,1000000000,steady,0
candidate,2506,27844444166,1000000000,recovery,early,850000000,590277,4722216,590278,4722224,9444440,0,1000000000,steady,0
candidate,2507,27855555277,1000000000,recovery,early,850000000,590277,4722216,590278,4722224,9444440,0,1000000000,steady,0
candidate,2508,27866666388,1000000000,recovery,early,850000000,590277,4722216,590278,4722224,9444440,0,1000000000,steady,0
candidate,2509,27877777499,1000000000,recovery,early,850000000,590277,4722216,590278,4722224,9444440,0,1000000000,steady,0
candidate,2510,27888888610,1000000000,recovery,early,850000000,590277,4722216,590278,4722224,9444440,0,1000000000,steady,0
candidate,2511,27899999721,1000000000,recovery,early,850000000,590277,4722216,590278,4722224,9444440,0,1000000000,steady,0
candidate,2512,27911110832,1000000000,recovery,early,850000000,590277,4722216,590278,4722224,9444440,0,1000000000,steady,0
candidate,2513,27922221943,1000000000,recovery,early,850000000,590277,4722216,590278,4722224,9444440,0,1000000000,steady,0
candidate,2514,27933333054,1000000000,recovery,early,850000000,590277,4722216,590278,4722224,9444440,0,1000000000,steady,0
candidate,2515,27944444165,1000000000,recovery,early,850000000,590277,4722216,590278,4722224,9444440,0,1000000000,steady,0
candidate,2516,27955555276,1000000000,recovery,early,850000000,590277,4722216,590278,4722224,9444440,0,1000000000,steady,0
candidate,2517,27966666387,1000000000,recovery,early,850000000,590277,4722216,590278,4722224,9444440,0,1000000000,steady,0
candidate,2518,27977777498,1000000000,recovery,early,850000000,590277,4722216,590278,4722224,9444440,0,1000000000,probe,1
candidate,2519,27988888609,1000000000,recovery,early,1000000000,694444,5555552,694444,5555552,11111104,0,1000000000,probe,0
candidate,2520,27999999720,1000000000,recovery,early,1000000000,694444,5555552,694444,5555552,11111104,0,1000000000,probe,0
candidate,2521,28011110831,1000000000,recovery,early,1000000000,694444,5555552,694444,5555552,11111104,0,1000000000,probe,0
candidate,2522,28022221942,1000000000,recovery,early,1000000000,694444,5555552,694444,5555552,11111104,0,1000000000,probe,0
candidate,2523,28033333053,1000000000,recovery,early,1000000000,694444,5555552,694444,5555552,11111104,0,1000000000,probe,0
candidate,2524,28044444164,1000000000,recovery,early,1000000000,694444,5555552,694444,5555552,11111104,0,1000000000,probe,0
candidate,2525,28055555275,1000000000,recovery,early,1000000000,694444,5555552,694444,5555552,11111104,0,1000000000,probe,0
candidate,2526,28066666386,1000000000,recovery,early,1000000000,694444,5555552,694444,5555552,11111104,0,1000000000,probe,0
candidate,2527,28077777497,1000000000,recovery,early,1000000000,694444,5555552,694444,5555552,11111104,0,1000000000,probe,0
candidate,2528,28088888608,1000000000,recovery,early,1000000000,694444,5555552,694444,5555552,11111104,0,1000000000,probe,0
candidate,2529,28099999719,1000000000,recovery,early,1000000000,694444,5555552,694444,5555552,11111104,0,1000000000,probe,0
candidate,2530,28111110830,1000000000,recovery,early,1000000000,694444,5555552,694444,5555552,11111104,0,1000000000,probe,0
candidate,2531,28122221941,1000000000,recovery,early,1000000000,694444,5555552,694444,5555552,11111104,0,1000000000,probe,0
candidate,2532,28133333052,1000000000,recovery,early,1000000000,694444,5555552,694444,5555552,11111104,0,1000000000,probe,0
candidate,2533,28144444163,1000000000,recovery,early,1000000000,694444,5555552,694444,5555552,11111104,0,1000000000,probe,0
candidate,2534,28155555274,1000000000,recovery,early,1000000000,694444,5555552,694444,5555552,11111104,0,1000000000,probe,0
candidate,2535,28166666385,1000000000,recovery,early,1000000000,694444,5555552,694444,5555552,11111104,0,1000000000,probe,0
candidate,2536,28177777496,1000000000,recovery,early,1000000000,694444,5555552,694444,5555552,11111104,0,1000000000,probe,0
candidate,2537,28188888607,1000000000,recovery,early,1000000000,694444,5555552,694444,5555552,11111104,0,1000000000,probe,0
candidate,2538,28199999718,1000000000,recovery,early,1000000000,694444,5555552,694444,5555552,11111104,0,1000000000,probe,0
candidate,2539,28211110829,1000000000,recovery,early,1000000000,694444,5555552,694444,5555552,11111104,0,1000000000,probe,0
candidate,2540,28222221940,1000000000,recovery,early,1000000000,694444,5555552,694444,5555552,11111104,0,1000000000,probe,0
candidate,2541,28233333051,1000000000,recovery,early,1000000000,694444,5555552,694444,5555552,11111104,0,1000000000,probe,0
candidate,2542,28244444162,1000000000,recovery,early,1000000000,694444,5555552,694444,5555552,11111104,0,1000000000,probe,0
candidate,2543,28255555273,1000000000,recovery,early,1000000000,694444,5555552,694444,5555552,11111104,0,1000000000,probe,0
candidate,2544,28266666384,1000000000,recovery,early,1000000000,694444,5555552,694444,5555552,11111104,0,1000000000,probe,0
candidate,2545,28277777495,1000000000,recovery,early,1000000000,694444,5555552,694444,5555552,11111104,0,1000000000,probe,0
candidate,2546,28288888606,1000000000,recovery,early,1000000000,694444,5555552,694444,5555552,11111104,0,1000000000,probe,0
candidate,2547,28299999717,1000000000,recovery,early,1000000000,694444,5555552,694444,5555552,11111104,0,1000000000,probe,0
candidate,2548,28311110828,1000000000,recovery,early,1000000000,694444,5555552,694444,5555552,11111104,0,1000000000,probe,0
candidate,2549,28322221939,1000000000,recovery,early,1000000000,694444,5555552,694444,5555552,11111104,0,1000000000,probe,0
candidate,2550,28333333050,1000000000,recovery,early,1000000000,694444,5555552,694444,5555552,11111104,0,1000000000,probe,0
candidate,2551,28344444161,1000000000,recovery,early,1000000000,694444,5555552,694444,5555552,11111104,0,1000000000,probe,0
candidate,2552,28355555272,1000000000,recovery,early,1000000000,694444,5555552,694444,5555552,11111104,0,1000000000,probe,0
candidate,2553,28366666383,1000000000,recovery,early,1000000000,694444,5555552,694444,5555552,11111104,0,1000000000,probe,0
candidate,2554,28377777494,1000000000,recovery,early,1000000000,694444,5555552,694444,5555552,11111104,0,1000000000,probe,0
candidate,2555,28388888605,1000000000,recovery,early,1000000000,694444,5555552,694444,5555552,11111104,0,1000000000,probe,0
candidate,2556,28399999716,1000000000,recovery,early,1000000000,694444,5555552,694444,5555552,11111104,0,1000000000,probe,0
candidate,2557,28411110827,1000000000,recovery,early,1000000000,694444,5555552,694444,5555552,11111104,0,1000000000,probe,0
candidate,2558,28422221938,1000000000,recovery,early,1000000000,694444,5555552,694444,5555552,11111104,0,1000000000,probe,0
candidate,2559,28433333049,1000000000,recovery,early,1000000000,694444,5555552,694444,5555552,11111104,0,1000000000,probe,0
candidate,2560,28444444160,1000000000,recovery,early,1000000000,694444,5555552,694444,5555552,11111104,0,1000000000,probe,0
candidate,2561,28455555271,1000000000,recovery,early,1000000000,694444,5555552,694444,5555552,11111104,0,1000000000,probe,0
candidate,2562,28466666382,1000000000,recovery,early,1000000000,694444,5555552,694444,5555552,11111104,0,1000000000,probe,0
candidate,2563,28477777493,1000000000,recovery,early,1000000000,694444,5555552,694444,5555552,11111104,0,1000000000,probe,0
candidate,2564,28488888604,1000000000,recovery,early,1000000000,694444,5555552,694444,5555552,11111104,0,1000000000,steady,0
candidate,2565,28499999715,1000000000,recovery,early,850000000,590277,4722216,590278,4722224,9444440,0,1000000000,steady,0
candidate,2566,28511110826,1000000000,recovery,early,850000000,590277,4722216,590278,4722224,9444440,0,1000000000,steady,0
candidate,2567,28522221937,1000000000,recovery,early,850000000,590277,4722216,590278,4722224,9444440,0,1000000000,steady,0
candidate,2568,28533333048,1000000000,recovery,early,850000000,590277,4722216,590278,4722224,9444440,0,1000000000,steady,0
candidate,2569,28544444159,1000000000,recovery,early,850000000,590277,4722216,590278,4722224,9444440,0,1000000000,steady,0
candidate,2570,28555555270,1000000000,recovery,early,850000000,590277,4722216,590278,4722224,9444440,0,1000000000,steady,0
candidate,2571,28566666381,1000000000,recovery,early,850000000,590277,4722216,590278,4722224,9444440,0,1000000000,steady,0
candidate,2572,28577777492,1000000000,recovery,early,850000000,590277,4722216,590278,4722224,9444440,0,1000000000,steady,0
candidate,2573,28588888603,1000000000,recovery,early,850000000,590277,4722216,590278,4722224,9444440,0,1000000000,steady,0
candidate,2574,28599999714,1000000000,recovery,early,850000000,590277,4722216,590278,4722224,9444440,0,1000000000,steady,0
candidate,2575,28611110825,1000000000,recovery,early,850000000,590277,4722216,590278,4722224,9444440,0,1000000000,steady,0
candidate,2576,28622221936,1000000000,recovery,early,850000000,590277,4722216,590278,4722224,9444440,0,1000000000,steady,0
candidate,2577,28633333047,1000000000,recovery,early,850000000,590277,4722216,590278,4722224,9444440,0,1000000000,steady,0
candidate,2578,28644444158,1000000000,recovery,early,850000000,590277,4722216,590278,4722224,9444440,0,1000000000,steady,0
candidate,2579,28655555269,1000000000,recovery,early,850000000,590277,4722216,590278,4722224,9444440,0,1000000000,steady,0
candidate,2580,28666666380,1000000000,recovery,early,850000000,590277,4722216,590278,4722224,9444440,0,1000000000,steady,0
candidate,2581,28677777491,1000000000,recovery,early,850000000,590277,4722216,590278,4722224,9444440,0,1000000000,steady,0
candidate,2582,28688888602,1000000000,recovery,early,850000000,590277,4722216,590278,4722224,9444440,0,1000000000,steady,0
candidate,2583,28699999713,1000000000,recovery,early,850000000,590277,4722216,590278,4722224,9444440,0,1000000000,steady,0
candidate,2584,28711110824,1000000000,recovery,early,850000000,590277,4722216,590278,4722224,9444440,0,1000000000,steady,0
candidate,2585,28722221935,1000000000,recovery,early,850000000,590277,4722216,590278,4722224,9444440,0,1000000000,steady,0
candidate,2586,28733333046,1000000000,recovery,early,850000000,590277,4722216,590278,4722224,9444440,0,1000000000,steady,0
candidate,2587,28744444157,1000000000,recovery,early,850000000,590277,4722216,590278,4722224,9444440,0,1000000000,steady,0
candidate,2588,28755555268,1000000000,recovery,early,850000000,590277,4722216,590278,4722224,9444440,0,1000000000,steady,0
candidate,2589,28766666379,1000000000,recovery,early,850000000,590277,4722216,590278,4722224,9444440,0,1000000000,steady,0
candidate,2590,28777777490,1000000000,recovery,early,850000000,590277,4722216,590278,4722224,9444440,0,1000000000,steady,0
candidate,2591,28788888601,1000000000,recovery,early,850000000,590277,4722216,590278,4722224,9444440,0,1000000000,steady,0
candidate,2592,28799999712,1000000000,recovery,early,850000000,590277,4722216,590278,4722224,9444440,0,1000000000,steady,0
candidate,2593,28811110823,1000000000,recovery,early,850000000,590277,4722216,590278,4722224,9444440,0,1000000000,steady,0
candidate,2594,28822221934,1000000000,recovery,early,850000000,590277,4722216,590278,4722224,9444440,0,1000000000,steady,0
candidate,2595,28833333045,1000000000,recovery,early,850000000,590277,4722216,590278,4722224,9444440,0,1000000000,steady,0
candidate,2596,28844444156,1000000000,recovery,early,850000000,590277,4722216,590278,4722224,9444440,0,1000000000,steady,0
candidate,2597,28855555267,1000000000,recovery,early,850000000,590277,4722216,590278,4722224,9444440,0,1000000000,steady,0
candidate,2598,28866666378,1000000000,recovery,early,850000000,590277,4722216,590278,4722224,9444440,0,1000000000,steady,0
candidate,2599,28877777489,1000000000,recovery,early,850000000,590277,4722216,590278,4722224,9444440,0,1000000000,steady,0
candidate,2600,28888888600,1000000000,recovery,early,850000000,590277,4722216,590278,4722224,9444440,0,1000000000,steady,0
candidate,2601,28899999711,1000000000,recovery,early,850000000,590277,4722216,590278,4722224,9444440,0,1000000000,steady,0
candidate,2602,28911110822,1000000000,recovery,early,850000000,590277,4722216,590278,4722224,9444440,0,1000000000,steady,0
candidate,2603,28922221933,1000000000,recovery,early,850000000,590277,4722216,590278,4722224,9444440,0,1000000000,steady,0
candidate,2604,28933333044,1000000000,recovery,early,850000000,590277,4722216,590278,4722224,9444440,0,1000000000,steady,0
candidate,2605,28944444155,1000000000,recovery,early,850000000,590277,4722216,590278,4722224,9444440,0,1000000000,steady,0
candidate,2606,28955555266,1000000000,recovery,early,850000000,590277,4722216,590278,4722224,9444440,0,1000000000,steady,0
candidate,2607,28966666377,1000000000,recovery,early,850000000,590277,4722216,590278,4722224,9444440,0,1000000000,steady,0
candidate,2608,28977777488,1000000000,recovery,early,850000000,590277,4722216,590278,4722224,9444440,0,1000000000,steady,0
candidate,2609,28988888599,1000000000,recovery,early,850000000,590277,4722216,590278,4722224,9444440,0,1000000000,steady,0
candidate,2610,28999999710,1000000000,recovery,early,850000000,590277,4722216,590278,4722224,9444440,0,1000000000,steady,0
candidate,2611,29011110821,1000000000,recovery,early,850000000,590277,4722216,590278,4722224,9444440,0,1000000000,steady,0
candidate,2612,29022221932,1000000000,recovery,early,850000000,590277,4722216,590278,4722224,9444440,0,1000000000,steady,0
candidate,2613,29033333043,1000000000,recovery,early,850000000,590277,4722216,590278,4722224,9444440,0,1000000000,steady,0
candidate,2614,29044444154,1000000000,recovery,early,850000000,590277,4722216,590278,4722224,9444440,0,1000000000,steady,0
candidate,2615,29055555265,1000000000,recovery,early,850000000,590277,4722216,590278,4722224,9444440,0,1000000000,steady,0
candidate,2616,29066666376,1000000000,recovery,early,850000000,590277,4722216,590278,4722224,9444440,0,1000000000,steady,0
candidate,2617,29077777487,1000000000,recovery,early,850000000,590277,4722216,590278,4722224,9444440,0,1000000000,steady,0
candidate,2618,29088888598,1000000000,recovery,early,850000000,590277,4722216,590278,4722224,9444440,0,1000000000,steady,0
candidate,2619,29099999709,1000000000,recovery,early,850000000,590277,4722216,590278,4722224,9444440,0,1000000000,steady,0
candidate,2620,29111110820,1000000000,recovery,early,850000000,590277,4722216,590278,4722224,9444440,0,1000000000,steady,0
candidate,2621,29122221931,1000000000,recovery,early,850000000,590277,4722216,590278,4722224,9444440,0,1000000000,steady,0
candidate,2622,29133333042,1000000000,recovery,early,850000000,590277,4722216,590278,4722224,9444440,0,1000000000,steady,0
candidate,2623,29144444153,1000000000,recovery,early,850000000,590277,4722216,590278,4722224,9444440,0,1000000000,steady,0
candidate,2624,29155555264,1000000000,recovery,early,850000000,590277,4722216,590278,4722224,9444440,0,1000000000,steady,0
candidate,2625,29166666375,1000000000,recovery,early,850000000,590277,4722216,590278,4722224,9444440,0,1000000000,steady,0
candidate,2626,29177777486,1000000000,recovery,early,850000000,590277,4722216,590278,4722224,9444440,0,1000000000,steady,0
candidate,2627,29188888597,1000000000,recovery,early,850000000,590277,4722216,590278,4722224,9444440,0,1000000000,steady,0
candidate,2628,29199999708,1000000000,recovery,early,850000000,590277,4722216,590278,4722224,9444440,0,1000000000,steady,0
candidate,2629,29211110819,1000000000,recovery,early,850000000,590277,4722216,590278,4722224,9444440,0,1000000000,steady,0
candidate,2630,29222221930,1000000000,recovery,early,850000000,590277,4722216,590278,4722224,9444440,0,1000000000,steady,0
candidate,2631,29233333041,1000000000,recovery,early,850000000,590277,4722216,590278,4722224,9444440,0,1000000000,steady,0
candidate,2632,29244444152,1000000000,recovery,early,850000000,590277,4722216,590278,4722224,9444440,0,1000000000,steady,0
candidate,2633,29255555263,1000000000,recovery,early,850000000,590277,4722216,590278,4722224,9444440,0,1000000000,steady,0
candidate,2634,29266666374,1000000000,recovery,early,850000000,590277,4722216,590278,4722224,9444440,0,1000000000,steady,0
candidate,2635,29277777485,1000000000,recovery,early,850000000,590277,4722216,590278,4722224,9444440,0,1000000000,steady,0
candidate,2636,29288888596,1000000000,recovery,early,850000000,590277,4722216,590278,4722224,9444440,0,1000000000,steady,0
candidate,2637,29299999707,1000000000,recovery,early,850000000,590277,4722216,590278,4722224,9444440,0,1000000000,steady,0
candidate,2638,29311110818,1000000000,recovery,early,850000000,590277,4722216,590278,4722224,9444440,0,1000000000,steady,0
candidate,2639,29322221929,1000000000,recovery,early,850000000,590277,4722216,590278,4722224,9444440,0,1000000000,steady,0
candidate,2640,29333333040,1000000000,recovery,early,850000000,590277,4722216,590278,4722224,9444440,0,1000000000,steady,0
candidate,2641,29344444151,1000000000,recovery,early,850000000,590277,4722216,590278,4722224,9444440,0,1000000000,steady,0
candidate,2642,29355555262,1000000000,recovery,early,850000000,590277,4722216,590278,4722224,9444440,0,1000000000,steady,0
candidate,2643,29366666373,1000000000,recovery,early,850000000,590277,4722216,590278,4722224,9444440,0,1000000000,steady,0
candidate,2644,29377777484,1000000000,recovery,early,850000000,590277,4722216,590278,4722224,9444440,0,1000000000,steady,0
candidate,2645,29388888595,1000000000,recovery,early,850000000,590277,4722216,590278,4722224,9444440,0,1000000000,steady,0
candidate,2646,29399999706,1000000000,recovery,early,850000000,590277,4722216,590278,4722224,9444440,0,1000000000,steady,0
candidate,2647,29411110817,1000000000,recovery,early,850000000,590277,4722216,590278,4722224,9444440,0,1000000000,steady,0
candidate,2648,29422221928,1000000000,recovery,early,850000000,590277,4722216,590278,4722224,9444440,0,1000000000,steady,0
candidate,2649,29433333039,1000000000,recovery,early,850000000,590277,4722216,590278,4722224,9444440,0,1000000000,steady,0
candidate,2650,29444444150,1000000000,recovery,early,850000000,590277,4722216,590278,4722224,9444440,0,1000000000,steady,0
candidate,2651,29455555261,1000000000,recovery,early,850000000,590277,4722216,590278,4722224,9444440,0,1000000000,steady,0
candidate,2652,29466666372,1000000000,recovery,early,850000000,590277,4722216,590278,4722224,9444440,0,1000000000,steady,0
candidate,2653,29477777483,1000000000,recovery,early,850000000,590277,4722216,590278,4722224,9444440,0,1000000000,steady,0
candidate,2654,29488888594,1000000000,recovery,early,850000000,590277,4722216,590278,4722224,9444440,0,1000000000,steady,0
candidate,2655,29499999705,1000000000,recovery,early,850000000,590277,4722216,590278,4722224,9444440,0,1000000000,steady,0
candidate,2656,29511110816,1000000000,recovery,early,850000000,590277,4722216,590278,4722224,9444440,0,1000000000,steady,0
candidate,2657,29522221927,1000000000,recovery,early,850000000,590277,4722216,590278,4722224,9444440,0,1000000000,steady,0
candidate,2658,29533333038,1000000000,recovery,early,850000000,590277,4722216,590278,4722224,9444440,0,1000000000,steady,0
candidate,2659,29544444149,1000000000,recovery,early,850000000,590277,4722216,590278,4722224,9444440,0,1000000000,steady,0
candidate,2660,29555555260,1000000000,recovery,early,850000000,590277,4722216,590278,4722224,9444440,0,1000000000,steady,0
candidate,2661,29566666371,1000000000,recovery,early,850000000,590277,4722216,590278,4722224,9444440,0,1000000000,steady,0
candidate,2662,29577777482,1000000000,recovery,early,850000000,590277,4722216,590278,4722224,9444440,0,1000000000,steady,0
candidate,2663,29588888593,1000000000,recovery,early,850000000,590277,4722216,590278,4722224,9444440,0,1000000000,steady,0
candidate,2664,29599999704,1000000000,recovery,early,850000000,590277,4722216,590278,4722224,9444440,0,1000000000,steady,0
candidate,2665,29611110815,1000000000,recovery,early,850000000,590277,4722216,590278,4722224,9444440,0,1000000000,steady,0
candidate,2666,29622221926,1000000000,recovery,early,850000000,590277,4722216,590278,4722224,9444440,0,1000000000,steady,0
candidate,2667,29633333037,1000000000,recovery,early,850000000,590277,4722216,590278,4722224,9444440,0,1000000000,steady,0
candidate,2668,29644444148,1000000000,recovery,early,850000000,590277,4722216,590278,4722224,9444440,0,1000000000,steady,0
candidate,2669,29655555259,1000000000,recovery,early,850000000,590277,4722216,590278,4722224,9444440,0,1000000000,steady,0
candidate,2670,29666666370,1000000000,recovery,early,850000000,590277,4722216,590278,4722224,9444440,0,1000000000,steady,0
candidate,2671,29677777481,1000000000,recovery,early,850000000,590277,4722216,590278,4722224,9444440,0,1000000000,steady,0
candidate,2672,29688888592,1000000000,recovery,early,850000000,590277,4722216,590278,4722224,9444440,0,1000000000,steady,0
candidate,2673,29699999703,1000000000,recovery,early,850000000,590277,4722216,590278,4722224,9444440,0,1000000000,steady,0
candidate,2674,29711110814,1000000000,recovery,early,850000000,590277,4722216,590278,4722224,9444440,0,1000000000,steady,0
candidate,2675,29722221925,1000000000,recovery,early,850000000,590277,4722216,590278,4722224,9444440,0,1000000000,steady,0
candidate,2676,29733333036,1000000000,recovery,early,850000000,590277,4722216,590278,4722224,9444440,0,1000000000,steady,0
candidate,2677,29744444147,1000000000,recovery,early,850000000,590277,4722216,590278,4722224,9444440,0,1000000000,steady,0
candidate,2678,29755555258,1000000000,recovery,early,850000000,590277,4722216,590278,4722224,9444440,0,1000000000,steady,0
candidate,2679,29766666369,1000000000,recovery,early,850000000,590277,4722216,590278,4722224,9444440,0,1000000000,steady,0
candidate,2680,29777777480,1000000000,recovery,early,850000000,590277,4722216,590278,4722224,9444440,0,1000000000,steady,0
candidate,2681,29788888591,1000000000,recovery,early,850000000,590277,4722216,590278,4722224,9444440,0,1000000000,steady,0
candidate,2682,29799999702,1000000000,recovery,early,850000000,590277,4722216,590278,4722224,9444440,0,1000000000,steady,0
candidate,2683,29811110813,1000000000,recovery,early,850000000,590277,4722216,590278,4722224,9444440,0,1000000000,steady,0
candidate,2684,29822221924,1000000000,recovery,early,850000000,590277,4722216,590278,4722224,9444440,0,1000000000,steady,0
candidate,2685,29833333035,1000000000,recovery,early,850000000,590277,4722216,590278,4722224,9444440,0,1000000000,steady,0
candidate,2686,29844444146,1000000000,recovery,early,850000000,590277,4722216,590278,4722224,9444440,0,1000000000,steady,0
candidate,2687,29855555257,1000000000,recovery,early,850000000,590277,4722216,590278,4722224,9444440,0,1000000000,steady,0
candidate,2688,29866666368,1000000000,recovery,early,850000000,590277,4722216,590278,4722224,9444440,0,1000000000,steady,0
candidate,2689,29877777479,1000000000,recovery,early,850000000,590277,4722216,590278,4722224,9444440,0,1000000000,steady,0
candidate,2690,29888888590,1000000000,recovery,early,850000000,590277,4722216,590278,4722224,9444440,0,1000000000,steady,0
candidate,2691,29899999701,1000000000,recovery,early,850000000,590277,4722216,590278,4722224,9444440,0,1000000000,steady,0
candidate,2692,29911110812,1000000000,recovery,early,850000000,590277,4722216,590278,4722224,9444440,0,1000000000,steady,0
candidate,2693,29922221923,1000000000,recovery,early,850000000,590277,4722216,590278,4722224,9444440,0,1000000000,steady,0
candidate,2694,29933333034,1000000000,recovery,early,850000000,590277,4722216,590278,4722224,9444440,0,1000000000,steady,0
candidate,2695,29944444145,1000000000,recovery,early,850000000,590277,4722216,590278,4722224,9444440,0,1000000000,steady,0
candidate,2696,29955555256,1000000000,recovery,early,850000000,590277,4722216,590278,4722224,9444440,0,1000000000,steady,0
candidate,2697,29966666367,1000000000,recovery,early,850000000,590277,4722216,590278,4722224,9444440,0,1000000000,steady,0
candidate,2698,29977777478,1000000000,recovery,early,850000000,590277,4722216,590278,4722224,9444440,0,1000000000,steady,0
candidate,2699,29988888589,1000000000,recovery,early,850000000,590277,4722216,590278,4722224,9444440,0,1000000000,steady,0
candidate,2700,29999999700,1000000000,recovery,early,850000000,590277,4722216,590278,4722224,9444440,0,1000000000,steady,0
candidate,2701,30011110811,1000000000,recovery,early,850000000,590277,4722216,590278,4722224,9444440,0,1000000000,steady,0
candidate,2702,30022221922,1000000000,recovery,early,850000000,590277,4722216,590278,4722224,9444440,0,1000000000,steady,0
candidate,2703,30033333033,1000000000,recovery,early,850000000,590277,4722216,590278,4722224,9444440,0,1000000000,steady,0
candidate,2704,30044444144,1000000000,recovery,early,850000000,590277,4722216,590278,4722224,9444440,0,1000000000,steady,0
candidate,2705,30055555255,1000000000,recovery,early,850000000,590277,4722216,590278,4722224,9444440,0,1000000000,steady,0
candidate,2706,30066666366,1000000000,recovery,early,850000000,590277,4722216,590278,4722224,9444440,0,1000000000,steady,0
candidate,2707,30077777477,1000000000,recovery,early,850000000,590277,4722216,590278,4722224,9444440,0,1000000000,steady,0
candidate,2708,30088888588,1000000000,recovery,early,850000000,590277,4722216,590278,4722224,9444440,0,1000000000,steady,0
candidate,2709,30099999699,1000000000,recovery,early,850000000,590277,4722216,590278,4722224,9444440,0,1000000000,steady,0
candidate,2710,30111110810,1000000000,recovery,early,850000000,590277,4722216,590278,4722224,9444440,0,1000000000,steady,0
candidate,2711,30122221921,1000000000,recovery,early,850000000,590277,4722216,590278,4722224,9444440,0,1000000000,steady,0
candidate,2712,30133333032,1000000000,recovery,early,850000000,590277,4722216,590278,4722224,9444440,0,1000000000,steady,0
candidate,2713,30144444143,1000000000,recovery,early,850000000,590277,4722216,590278,4722224,9444440,0,1000000000,steady,0
candidate,2714,30155555254,1000000000,recovery,early,850000000,590277,4722216,590278,4722224,9444440,0,1000000000,steady,0
candidate,2715,30166666365,1000000000,recovery,early,850000000,590277,4722216,590278,4722224,9444440,0,1000000000,steady,0
candidate,2716,30177777476,1000000000,recovery,early,850000000,590277,4722216,590278,4722224,9444440,0,1000000000,steady,0
candidate,2717,30188888587,1000000000,recovery,early,850000000,590277,4722216,590278,4722224,9444440,0,1000000000,steady,0
candidate,2718,30199999698,1000000000,recovery,early,850000000,590277,4722216,590278,4722224,9444440,0,1000000000,steady,0
candidate,2719,30211110809,1000000000,recovery,early,850000000,590277,4722216,590278,4722224,9444440,0,1000000000,steady,0
candidate,2720,30222221920,1000000000,recovery,early,850000000,590277,4722216,590278,4722224,9444440,0,1000000000,steady,0
candidate,2721,30233333031,1000000000,recovery,early,850000000,590277,4722216,590278,4722224,9444440,0,1000000000,steady,0
candidate,2722,30244444142,1000000000,recovery,early,850000000,590277,4722216,590278,4722224,9444440,0,1000000000,steady,0
candidate,2723,30255555253,1000000000,recovery,early,850000000,590277,4722216,590278,4722224,9444440,0,1000000000,steady,0
candidate,2724,30266666364,1000000000,recovery,early,850000000,590277,4722216,590278,4722224,9444440,0,1000000000,steady,0
candidate,2725,30277777475,1000000000,recovery,early,850000000,590277,4722216,590278,4722224,9444440,0,1000000000,steady,0
candidate,2726,30288888586,1000000000,recovery,early,850000000,590277,4722216,590278,4722224,9444440,0,1000000000,steady,0
candidate,2727,30299999697,1000000000,recovery,early,850000000,590277,4722216,590278,4722224,9444440,0,1000000000,steady,0
candidate,2728,30311110808,1000000000,recovery,early,850000000,590277,4722216,590278,4722224,9444440,0,1000000000,steady,0
candidate,2729,30322221919,1000000000,recovery,early,850000000,590277,4722216,590278,4722224,9444440,0,1000000000,steady,0
candidate,2730,30333333030,1000000000,recovery,early,850000000,590277,4722216,590278,4722224,9444440,0,1000000000,steady,0
candidate,2731,30344444141,1000000000,recovery,early,850000000,590277,4722216,590278,4722224,9444440,0,1000000000,steady,0
candidate,2732,30355555252,1000000000,recovery,early,850000000,590277,4722216,590278,4722224,9444440,0,1000000000,steady,0
candidate,2733,30366666363,1000000000,recovery,early,850000000,590277,4722216,590278,4722224,9444440,0,1000000000,steady,0
candidate,2734,30377777474,1000000000,recovery,early,850000000,590277,4722216,590278,4722224,9444440,0,1000000000,steady,0
candidate,2735,30388888585,1000000000,recovery,early,850000000,590277,4722216,590278,4722224,9444440,0,1000000000,steady,0
candidate,2736,30399999696,1000000000,recovery,early,850000000,590277,4722216,590278,4722224,9444440,0,1000000000,steady,0
candidate,2737,30411110807,1000000000,recovery,early,850000000,590277,4722216,590278,4722224,9444440,0,1000000000,steady,0
candidate,2738,30422221918,1000000000,recovery,early,850000000,590277,4722216,590278,4722224,9444440,0,1000000000,steady,0
candidate,2739,30433333029,1000000000,recovery,early,850000000,590277,4722216,590278,4722224,9444440,0,1000000000,steady,0
candidate,2740,30444444140,1000000000,recovery,early,850000000,590277,4722216,590278,4722224,9444440,0,1000000000,steady,0
candidate,2741,30455555251,1000000000,recovery,early,850000000,590277,4722216,590278,4722224,9444440,0,1000000000,steady,0
candidate,2742,30466666362,1000000000,recovery,early,850000000,590277,4722216,590278,4722224,9444440,0,1000000000,steady,0
candidate,2743,30477777473,1000000000,recovery,early,850000000,590277,4722216,590278,4722224,9444440,0,1000000000,steady,0
candidate,2744,30488888584,1000000000,recovery,early,850000000,590277,4722216,590278,4722224,9444440,0,1000000000,steady,0
candidate,2745,30499999695,1000000000,recovery,early,850000000,590277,4722216,590278,4722224,9444440,0,1000000000,steady,0
candidate,2746,30511110806,1000000000,recovery,early,850000000,590277,4722216,590278,4722224,9444440,0,1000000000,steady,0
candidate,2747,30522221917,1000000000,recovery,early,850000000,590277,4722216,590278,4722224,9444440,0,1000000000,steady,0
candidate,2748,30533333028,1000000000,recovery,early,850000000,590277,4722216,590278,4722224,9444440,0,1000000000,steady,0
candidate,2749,30544444139,1000000000,recovery,early,850000000,590277,4722216,590278,4722224,9444440,0,1000000000,steady,0
candidate,2750,30555555250,1000000000,recovery,early,850000000,590277,4722216,590278,4722224,9444440,0,1000000000,steady,0
candidate,2751,30566666361,1000000000,recovery,early,850000000,590277,4722216,590278,4722224,9444440,0,1000000000,steady,0
candidate,2752,30577777472,1000000000,recovery,early,850000000,590277,4722216,590278,4722224,9444440,0,1000000000,steady,0
candidate,2753,30588888583,1000000000,recovery,early,850000000,590277,4722216,590278,4722224,9444440,0,1000000000,steady,0
candidate,2754,30599999694,1000000000,recovery,early,850000000,590277,4722216,590278,4722224,9444440,0,1000000000,steady,0
candidate,2755,30611110805,1000000000,recovery,early,850000000,590277,4722216,590278,4722224,9444440,0,1000000000,steady,0
candidate,2756,30622221916,1000000000,recovery,early,850000000,590277,4722216,590278,4722224,9444440,0,1000000000,steady,0
candidate,2757,30633333027,1000000000,recovery,early,850000000,590277,4722216,590278,4722224,9444440,0,1000000000,steady,0
candidate,2758,30644444138,1000000000,recovery,early,850000000,590277,4722216,590278,4722224,9444440,0,1000000000,steady,0
candidate,2759,30655555249,1000000000,recovery,early,850000000,590277,4722216,590278,4722224,9444440,0,1000000000,steady,0
candidate,2760,30666666360,1000000000,recovery,early,850000000,590277,4722216,590278,4722224,9444440,0,1000000000,steady,0
candidate,2761,30677777471,1000000000,recovery,early,850000000,590277,4722216,590278,4722224,9444440,0,1000000000,steady,0
candidate,2762,30688888582,1000000000,recovery,early,850000000,590277,4722216,590278,4722224,9444440,0,1000000000,steady,0
candidate,2763,30699999693,1000000000,recovery,early,850000000,590277,4722216,590278,4722224,9444440,0,1000000000,steady,0
candidate,2764,30711110804,1000000000,recovery,early,850000000,590277,4722216,590278,4722224,9444440,0,1000000000,steady,0
candidate,2765,30722221915,1000000000,recovery,early,850000000,590277,4722216,590278,4722224,9444440,0,1000000000,steady,0
candidate,2766,30733333026,1000000000,recovery,early,850000000,590277,4722216,590278,4722224,9444440,0,1000000000,steady,0
candidate,2767,30744444137,1000000000,recovery,early,850000000,590277,4722216,590278,4722224,9444440,0,1000000000,steady,0
candidate,2768,30755555248,1000000000,recovery,early,850000000,590277,4722216,590278,4722224,9444440,0,1000000000,steady,0
candidate,2769,30766666359,1000000000,recovery,early,850000000,590277,4722216,590278,4722224,9444440,0,1000000000,steady,0
candidate,2770,30777777470,1000000000,recovery,early,850000000,590277,4722216,590278,4722224,9444440,0,1000000000,steady,0
candidate,2771,30788888581,1000000000,recovery,early,850000000,590277,4722216,590278,4722224,9444440,0,1000000000,steady,0
candidate,2772,30799999692,1000000000,recovery,early,850000000,590277,4722216,590278,4722224,9444440,0,1000000000,steady,0
candidate,2773,30811110803,1000000000,recovery,early,850000000,590277,4722216,590278,4722224,9444440,0,1000000000,steady,0
candidate,2774,30822221914,1000000000,recovery,early,850000000,590277,4722216,590278,4722224,9444440,0,1000000000,steady,0
candidate,2775,30833333025,1000000000,recovery,early,850000000,590277,4722216,590278,4722224,9444440,0,1000000000,steady,0
candidate,2776,30844444136,1000000000,recovery,early,850000000,590277,4722216,590278,4722224,9444440,0,1000000000,steady,0
candidate,2777,30855555247,1000000000,recovery,early,850000000,590277,4722216,590278,4722224,9444440,0,1000000000,steady,0
candidate,2778,30866666358,1000000000,recovery,early,850000000,590277,4722216,590278,4722224,9444440,0,1000000000,steady,0
candidate,2779,30877777469,1000000000,recovery,early,850000000,590277,4722216,590278,4722224,9444440,0,1000000000,steady,0
candidate,2780,30888888580,1000000000,recovery,early,850000000,590277,4722216,590278,4722224,9444440,0,1000000000,steady,0
candidate,2781,30899999691,1000000000,recovery,early,850000000,590277,4722216,590278,4722224,9444440,0,1000000000,steady,0
candidate,2782,30911110802,1000000000,recovery,early,850000000,590277,4722216,590278,4722224,9444440,0,1000000000,steady,0
candidate,2783,30922221913,1000000000,recovery,early,850000000,590277,4722216,590278,4722224,9444440,0,1000000000,steady,0
candidate,2784,30933333024,1000000000,recovery,early,850000000,590277,4722216,590278,4722224,9444440,0,1000000000,steady,0
candidate,2785,30944444135,1000000000,recovery,early,850000000,590277,4722216,590278,4722224,9444440,0,1000000000,steady,0
candidate,2786,30955555246,1000000000,recovery,early,850000000,590277,4722216,590278,4722224,9444440,0,1000000000,steady,0
candidate,2787,30966666357,1000000000,recovery,early,850000000,590277,4722216,590278,4722224,9444440,0,1000000000,steady,0
candidate,2788,30977777468,1000000000,recovery,early,850000000,590277,4722216,590278,4722224,9444440,0,1000000000,steady,0
candidate,2789,30988888579,1000000000,recovery,early,850000000,590277,4722216,590278,4722224,9444440,0,1000000000,steady,0
candidate,2790,30999999690,1000000000,recovery,early,850000000,590277,4722216,590278,4722224,9444440,0,1000000000,steady,0
candidate,2791,31011110801,1000000000,recovery,early,850000000,590277,4722216,590278,4722224,9444440,0,1000000000,steady,0
candidate,2792,31022221912,1000000000,recovery,early,850000000,590277,4722216,590278,4722224,9444440,0,1000000000,steady,0
candidate,2793,31033333023,1000000000,recovery,early,850000000,590277,4722216,590278,4722224,9444440,0,1000000000,steady,0
candidate,2794,31044444134,1000000000,recovery,early,850000000,590277,4722216,590278,4722224,9444440,0,1000000000,steady,0
candidate,2795,31055555245,1000000000,recovery,early,850000000,590277,4722216,590278,4722224,9444440,0,1000000000,steady,0
candidate,2796,31066666356,1000000000,recovery,early,850000000,590277,4722216,590278,4722224,9444440,0,1000000000,steady,0
candidate,2797,31077777467,1000000000,recovery,early,850000000,590277,4722216,590278,4722224,9444440,0,1000000000,steady,0
candidate,2798,31088888578,1000000000,recovery,early,850000000,590277,4722216,590278,4722224,9444440,0,1000000000,steady,0
candidate,2799,31099999689,1000000000,recovery,early,850000000,590277,4722216,590278,4722224,9444440,0,1000000000,steady,0
candidate,2800,31111110800,1000000000,recovery,early,850000000,590277,4722216,590278,4722224,9444440,0,1000000000,steady,0
candidate,2801,31122221911,1000000000,recovery,early,850000000,590277,4722216,590278,4722224,9444440,0,1000000000,steady,0
candidate,2802,31133333022,1000000000,recovery,early,850000000,590277,4722216,590278,4722224,9444440,0,1000000000,steady,0
candidate,2803,31144444133,1000000000,recovery,early,850000000,590277,4722216,590278,4722224,9444440,0,1000000000,steady,0
candidate,2804,31155555244,1000000000,recovery,early,850000000,590277,4722216,590278,4722224,9444440,0,1000000000,steady,0
candidate,2805,31166666355,1000000000,recovery,early,850000000,590277,4722216,590278,4722224,9444440,0,1000000000,steady,0
candidate,2806,31177777466,1000000000,recovery,early,850000000,590277,4722216,590278,4722224,9444440,0,1000000000,steady,0
candidate,2807,31188888577,1000000000,recovery,early,850000000,590277,4722216,590278,4722224,9444440,0,1000000000,steady,0
candidate,2808,31199999688,1000000000,recovery,early,850000000,590277,4722216,590278,4722224,9444440,0,1000000000,steady,0
candidate,2809,31211110799,1000000000,recovery,early,850000000,590277,4722216,590278,4722224,9444440,0,1000000000,steady,0
candidate,2810,31222221910,1000000000,recovery,early,850000000,590277,4722216,590278,4722224,9444440,0,1000000000,steady,0
candidate,2811,31233333021,1000000000,recovery,early,850000000,590277,4722216,590278,4722224,9444440,0,1000000000,steady,0
candidate,2812,31244444132,1000000000,recovery,early,850000000,590277,4722216,590278,4722224,9444440,0,1000000000,steady,0
candidate,2813,31255555243,1000000000,recovery,early,850000000,590277,4722216,590278,4722224,9444440,0,1000000000,steady,0
candidate,2814,31266666354,1000000000,recovery,early,850000000,590277,4722216,590278,4722224,9444440,0,1000000000,steady,0
candidate,2815,31277777465,1000000000,recovery,early,850000000,590277,4722216,590278,4722224,9444440,0,1000000000,steady,0
candidate,2816,31288888576,1000000000,recovery,early,850000000,590277,4722216,590278,4722224,9444440,0,1000000000,steady,0
candidate,2817,31299999687,1000000000,recovery,early,850000000,590277,4722216,590278,4722224,9444440,0,1000000000,steady,0
candidate,2818,31311110798,1000000000,recovery,early,850000000,590277,4722216,590278,4722224,9444440,0,1000000000,steady,0
candidate,2819,31322221909,1000000000,recovery,early,850000000,590277,4722216,590278,4722224,9444440,0,1000000000,steady,0
candidate,2820,31333333020,1000000000,recovery,early,850000000,590277,4722216,590278,4722224,9444440,0,1000000000,steady,0
candidate,2821,31344444131,1000000000,recovery,early,850000000,590277,4722216,590278,4722224,9444440,0,1000000000,steady,0
candidate,2822,31355555242,1000000000,recovery,early,850000000,590277,4722216,590278,4722224,9444440,0,1000000000,steady,0
candidate,2823,31366666353,1000000000,recovery,early,850000000,590277,4722216,590278,4722224,9444440,0,1000000000,steady,0
candidate,2824,31377777464,1000000000,recovery,early,850000000,590277,4722216,590278,4722224,9444440,0,1000000000,steady,0
candidate,2825,31388888575,1000000000,recovery,early,850000000,590277,4722216,590278,4722224,9444440,0,1000000000,steady,0
candidate,2826,31399999686,1000000000,recovery,early,850000000,590277,4722216,590278,4722224,9444440,0,1000000000,steady,0
candidate,2827,31411110797,1000000000,recovery,early,850000000,590277,4722216,590278,4722224,9444440,0,1000000000,steady,0
candidate,2828,31422221908,1000000000,recovery,early,850000000,590277,4722216,590278,4722224,9444440,0,1000000000,steady,0
candidate,2829,31433333019,1000000000,recovery,early,850000000,590277,4722216,590278,4722224,9444440,0,1000000000,steady,0
candidate,2830,31444444130,1000000000,recovery,early,850000000,590277,4722216,590278,4722224,9444440,0,1000000000,steady,0
candidate,2831,31455555241,1000000000,recovery,early,850000000,590277,4722216,590278,4722224,9444440,0,1000000000,steady,0
candidate,2832,31466666352,1000000000,recovery,early,850000000,590277,4722216,590278,4722224,9444440,0,1000000000,steady,0
candidate,2833,31477777463,1000000000,recovery,early,850000000,590277,4722216,590278,4722224,9444440,0,1000000000,steady,0
candidate,2834,31488888574,1000000000,recovery,early,850000000,590277,4722216,590278,4722224,9444440,0,1000000000,steady,0
candidate,2835,31499999685,1000000000,recovery,early,850000000,590277,4722216,590278,4722224,9444440,0,1000000000,steady,0
candidate,2836,31511110796,1000000000,recovery,early,850000000,590277,4722216,590278,4722224,9444440,0,1000000000,steady,0
candidate,2837,31522221907,1000000000,recovery,early,850000000,590277,4722216,590278,4722224,9444440,0,1000000000,steady,0
candidate,2838,31533333018,1000000000,recovery,early,850000000,590277,4722216,590278,4722224,9444440,0,1000000000,steady,0
candidate,2839,31544444129,1000000000,recovery,early,850000000,590277,4722216,590278,4722224,9444440,0,1000000000,steady,0
candidate,2840,31555555240,1000000000,recovery,early,850000000,590277,4722216,590278,4722224,9444440,0,1000000000,steady,0
candidate,2841,31566666351,1000000000,recovery,early,850000000,590277,4722216,590278,4722224,9444440,0,1000000000,steady,0
candidate,2842,31577777462,1000000000,recovery,early,850000000,590277,4722216,590278,4722224,9444440,0,1000000000,steady,0
candidate,2843,31588888573,1000000000,recovery,early,850000000,590277,4722216,590278,4722224,9444440,0,1000000000,steady,0
candidate,2844,31599999684,1000000000,recovery,early,850000000,590277,4722216,590278,4722224,9444440,0,1000000000,steady,0
candidate,2845,31611110795,1000000000,recovery,early,850000000,590277,4722216,590278,4722224,9444440,0,1000000000,steady,0
candidate,2846,31622221906,1000000000,recovery,early,850000000,590277,4722216,590278,4722224,9444440,0,1000000000,steady,0
candidate,2847,31633333017,1000000000,recovery,early,850000000,590277,4722216,590278,4722224,9444440,0,1000000000,steady,0
candidate,2848,31644444128,1000000000,recovery,early,850000000,590277,4722216,590278,4722224,9444440,0,1000000000,steady,0
candidate,2849,31655555239,1000000000,recovery,early,850000000,590277,4722216,590278,4722224,9444440,0,1000000000,steady,0
candidate,2850,31666666350,1000000000,recovery,early,850000000,590277,4722216,590278,4722224,9444440,0,1000000000,steady,0
candidate,2851,31677777461,1000000000,recovery,early,850000000,590277,4722216,590278,4722224,9444440,0,1000000000,steady,0
candidate,2852,31688888572,1000000000,recovery,early,850000000,590277,4722216,590278,4722224,9444440,0,1000000000,steady,0
candidate,2853,31699999683,1000000000,recovery,early,850000000,590277,4722216,590278,4722224,9444440,0,1000000000,steady,0
candidate,2854,31711110794,1000000000,recovery,early,850000000,590277,4722216,590278,4722224,9444440,0,1000000000,steady,0
candidate,2855,31722221905,1000000000,recovery,early,850000000,590277,4722216,590278,4722224,9444440,0,1000000000,steady,0
candidate,2856,31733333016,1000000000,recovery,early,850000000,590277,4722216,590278,4722224,9444440,0,1000000000,steady,0
candidate,2857,31744444127,1000000000,recovery,early,850000000,590277,4722216,590278,4722224,9444440,0,1000000000,steady,0
candidate,2858,31755555238,1000000000,recovery,early,850000000,590277,4722216,590278,4722224,9444440,0,1000000000,steady,0
candidate,2859,31766666349,1000000000,recovery,early,850000000,590277,4722216,590278,4722224,9444440,0,1000000000,steady,0
candidate,2860,31777777460,1000000000,recovery,early,850000000,590277,4722216,590278,4722224,9444440,0,1000000000,steady,0
candidate,2861,31788888571,1000000000,recovery,early,850000000,590277,4722216,590278,4722224,9444440,0,1000000000,steady,0
candidate,2862,31799999682,1000000000,recovery,early,850000000,590277,4722216,590278,4722224,9444440,0,1000000000,steady,0
candidate,2863,31811110793,1000000000,recovery,early,850000000,590277,4722216,590278,4722224,9444440,0,1000000000,steady,0
candidate,2864,31822221904,1000000000,recovery,early,850000000,590277,4722216,590278,4722224,9444440,0,1000000000,steady,0
candidate,2865,31833333015,1000000000,recovery,early,850000000,590277,4722216,590278,4722224,9444440,0,1000000000,steady,0
candidate,2866,31844444126,1000000000,recovery,early,850000000,590277,4722216,590278,4722224,9444440,0,1000000000,steady,0
candidate,2867,31855555237,1000000000,recovery,early,850000000,590277,4722216,590278,4722224,9444440,0,1000000000,steady,0
candidate,2868,31866666348,1000000000,recovery,early,850000000,590277,4722216,590278,4722224,9444440,0,1000000000,steady,0
candidate,2869,31877777459,1000000000,recovery,early,850000000,590277,4722216,590278,4722224,9444440,0,1000000000,steady,0
candidate,2870,31888888570,1000000000,recovery,early,850000000,590277,4722216,590278,4722224,9444440,0,1000000000,steady,0
candidate,2871,31899999681,1000000000,recovery,early,850000000,590277,4722216,590278,4722224,9444440,0,1000000000,steady,0
candidate,2872,31911110792,1000000000,recovery,early,850000000,590277,4722216,590278,4722224,9444440,0,1000000000,steady,0
candidate,2873,31922221903,1000000000,recovery,early,850000000,590277,4722216,590278,4722224,9444440,0,1000000000,steady,0
candidate,2874,31933333014,1000000000,recovery,early,850000000,590277,4722216,590278,4722224,9444440,0,1000000000,steady,0
candidate,2875,31944444125,1000000000,recovery,early,850000000,590277,4722216,590278,4722224,9444440,0,1000000000,steady,0
candidate,2876,31955555236,1000000000,recovery,early,850000000,590277,4722216,590278,4722224,9444440,0,1000000000,steady,0
candidate,2877,31966666347,1000000000,recovery,early,850000000,590277,4722216,590278,4722224,9444440,0,1000000000,steady,0
candidate,2878,31977777458,1000000000,recovery,early,850000000,590277,4722216,590278,4722224,9444440,0,1000000000,steady,0
candidate,2879,31988888569,1000000000,recovery,early,850000000,590277,4722216,590278,4722224,9444440,0,1000000000,steady,0
candidate,2880,31999999680,1000000000,recovery,early,850000000,590277,4722216,590278,4722224,9444440,0,1000000000,steady,0
candidate,2881,32011110791,1000000000,recovery,early,850000000,590277,4722216,590278,4722224,9444440,0,1000000000,steady,0
candidate,2882,32022221902,1000000000,recovery,early,850000000,590277,4722216,590278,4722224,9444440,0,1000000000,steady,0
candidate,2883,32033333013,1000000000,recovery,early,850000000,590277,4722216,590278,4722224,9444440,0,1000000000,steady,0
candidate,2884,32044444124,1000000000,recovery,early,850000000,590277,4722216,590278,4722224,9444440,0,1000000000,steady,0
candidate,2885,32055555235,1000000000,recovery,early,850000000,590277,4722216,590278,4722224,9444440,0,1000000000,steady,0
candidate,2886,32066666346,1000000000,recovery,early,850000000,590277,4722216,590278,4722224,9444440,0,1000000000,steady,0
candidate,2887,32077777457,1000000000,recovery,early,850000000,590277,4722216,590278,4722224,9444440,0,1000000000,steady,0
candidate,2888,32088888568,1000000000,recovery,early,850000000,590277,4722216,590278,4722224,9444440,0,1000000000,steady,0
candidate,2889,32099999679,1000000000,recovery,early,850000000,590277,4722216,590278,4722224,9444440,0,1000000000,steady,0
candidate,2890,32111110790,1000000000,recovery,early,850000000,590277,4722216,590278,4722224,9444440,0,1000000000,steady,0
candidate,2891,32122221901,1000000000,recovery,early,850000000,590277,4722216,590278,4722224,9444440,0,1000000000,steady,0
candidate,2892,32133333012,1000000000,recovery,early,850000000,590277,4722216,590278,4722224,9444440,0,1000000000,steady,0
candidate,2893,32144444123,1000000000,recovery,early,850000000,590277,4722216,590278,4722224,9444440,0,1000000000,steady,0
candidate,2894,32155555234,1000000000,recovery,early,850000000,590277,4722216,590278,4722224,9444440,0,1000000000,steady,0
candidate,2895,32166666345,1000000000,recovery,early,850000000,590277,4722216,590278,4722224,9444440,0,1000000000,steady,0
candidate,2896,32177777456,1000000000,recovery,early,850000000,590277,4722216,590278,4722224,9444440,0,1000000000,steady,0
candidate,2897,32188888567,1000000000,recovery,early,850000000,590277,4722216,590278,4722224,9444440,0,1000000000,steady,0
candidate,2898,32199999678,1000000000,recovery,early,850000000,590277,4722216,590278,4722224,9444440,0,1000000000,steady,0
candidate,2899,32211110789,1000000000,recovery,early,850000000,590277,4722216,590278,4722224,9444440,0,1000000000,steady,0
candidate,2900,32222221900,1000000000,recovery,early,850000000,590277,4722216,590278,4722224,9444440,0,1000000000,steady,0
candidate,2901,32233333011,1000000000,recovery,early,850000000,590277,4722216,590278,4722224,9444440,0,1000000000,steady,0
candidate,2902,32244444122,1000000000,recovery,early,850000000,590277,4722216,590278,4722224,9444440,0,1000000000,steady,0
candidate,2903,32255555233,1000000000,recovery,early,850000000,590277,4722216,590278,4722224,9444440,0,1000000000,steady,0
candidate,2904,32266666344,1000000000,recovery,early,850000000,590277,4722216,590278,4722224,9444440,0,1000000000,steady,0
candidate,2905,32277777455,1000000000,recovery,early,850000000,590277,4722216,590278,4722224,9444440,0,1000000000,steady,0
candidate,2906,32288888566,1000000000,recovery,early,850000000,590277,4722216,590278,4722224,9444440,0,1000000000,steady,0
candidate,2907,32299999677,1000000000,recovery,early,850000000,590277,4722216,590278,4722224,9444440,0,1000000000,steady,0
candidate,2908,32311110788,1000000000,recovery,early,850000000,590277,4722216,590278,4722224,9444440,0,1000000000,steady,0
candidate,2909,32322221899,1000000000,recovery,early,850000000,590277,4722216,590278,4722224,9444440,0,1000000000,steady,0
candidate,2910,32333333010,1000000000,recovery,early,850000000,590277,4722216,590278,4722224,9444440,0,1000000000,steady,0
candidate,2911,32344444121,1000000000,recovery,early,850000000,590277,4722216,590278,4722224,9444440,0,1000000000,steady,0
candidate,2912,32355555232,1000000000,recovery,early,850000000,590277,4722216,590278,4722224,9444440,0,1000000000,steady,0
candidate,2913,32366666343,1000000000,recovery,early,850000000,590277,4722216,590278,4722224,9444440,0,1000000000,steady,0
candidate,2914,32377777454,1000000000,recovery,early,850000000,590277,4722216,590278,4722224,9444440,0,1000000000,steady,0
candidate,2915,32388888565,1000000000,recovery,early,850000000,590277,4722216,590278,4722224,9444440,0,1000000000,steady,0
candidate,2916,32399999676,1000000000,recovery,early,850000000,590277,4722216,590278,4722224,9444440,0,1000000000,steady,0
candidate,2917,32411110787,1000000000,recovery,early,850000000,590277,4722216,590278,4722224,9444440,0,1000000000,steady,0
candidate,2918,32422221898,1000000000,recovery,early,850000000,590277,4722216,590278,4722224,9444440,0,1000000000,steady,0
candidate,2919,32433333009,1000000000,recovery,early,850000000,590277,4722216,590278,4722224,9444440,0,1000000000,steady,0
candidate,2920,32444444120,1000000000,recovery,early,850000000,590277,4722216,590278,4722224,9444440,0,1000000000,steady,0
candidate,2921,32455555231,1000000000,recovery,early,850000000,590277,4722216,590278,4722224,9444440,0,1000000000,steady,0
candidate,2922,32466666342,1000000000,recovery,early,850000000,590277,4722216,590278,4722224,9444440,0,1000000000,steady,0
candidate,2923,32477777453,1000000000,recovery,early,850000000,590277,4722216,590278,4722224,9444440,0,1000000000,steady,0
candidate,2924,32488888564,1000000000,recovery,early,850000000,590277,4722216,590278,4722224,9444440,0,1000000000,steady,0
candidate,2925,32499999675,1000000000,recovery,early,850000000,590277,4722216,590278,4722224,9444440,0,1000000000,steady,0
candidate,2926,32511110786,1000000000,recovery,early,850000000,590277,4722216,590278,4722224,9444440,0,1000000000,steady,0
candidate,2927,32522221897,1000000000,recovery,early,850000000,590277,4722216,590278,4722224,9444440,0,1000000000,steady,0
candidate,2928,32533333008,1000000000,recovery,early,850000000,590277,4722216,590278,4722224,9444440,0,1000000000,steady,0
candidate,2929,32544444119,1000000000,recovery,early,850000000,590277,4722216,590278,4722224,9444440,0,1000000000,steady,0
candidate,2930,32555555230,1000000000,recovery,early,850000000,590277,4722216,590278,4722224,9444440,0,1000000000,steady,0
candidate,2931,32566666341,1000000000,recovery,early,850000000,590277,4722216,590278,4722224,9444440,0,1000000000,steady,0
candidate,2932,32577777452,1000000000,recovery,early,850000000,590277,4722216,590278,4722224,9444440,0,1000000000,steady,0
candidate,2933,32588888563,1000000000,recovery,early,850000000,590277,4722216,590278,4722224,9444440,0,1000000000,steady,0
candidate,2934,32599999674,1000000000,recovery,early,850000000,590277,4722216,590278,4722224,9444440,0,1000000000,steady,0
candidate,2935,32611110785,1000000000,recovery,early,850000000,590277,4722216,590278,4722224,9444440,0,1000000000,steady,0
candidate,2936,32622221896,1000000000,recovery,early,850000000,590277,4722216,590278,4722224,9444440,0,1000000000,steady,0
candidate,2937,32633333007,1000000000,recovery,early,850000000,590277,4722216,590278,4722224,9444440,0,1000000000,steady,0
candidate,2938,32644444118,1000000000,recovery,early,850000000,590277,4722216,590278,4722224,9444440,0,1000000000,steady,0
candidate,2939,32655555229,1000000000,recovery,early,850000000,590277,4722216,590278,4722224,9444440,0,1000000000,steady,0
candidate,2940,32666666340,1000000000,recovery,early,850000000,590277,4722216,590278,4722224,9444440,0,1000000000,steady,0
candidate,2941,32677777451,1000000000,recovery,early,850000000,590277,4722216,590278,4722224,9444440,0,1000000000,steady,0
candidate,2942,32688888562,1000000000,recovery,early,850000000,590277,4722216,590278,4722224,9444440,0,1000000000,steady,0
candidate,2943,32699999673,1000000000,recovery,early,850000000,590277,4722216,590278,4722224,9444440,0,1000000000,steady,0
candidate,2944,32711110784,1000000000,recovery,early,850000000,590277,4722216,590278,4722224,9444440,0,1000000000,steady,0
candidate,2945,32722221895,1000000000,recovery,early,850000000,590277,4722216,590278,4722224,9444440,0,1000000000,steady,0
candidate,2946,32733333006,1000000000,recovery,early,850000000,590277,4722216,590278,4722224,9444440,0,1000000000,steady,0
candidate,2947,32744444117,1000000000,recovery,early,850000000,590277,4722216,590278,4722224,9444440,0,1000000000,steady,0
candidate,2948,32755555228,1000000000,recovery,early,850000000,590277,4722216,590278,4722224,9444440,0,1000000000,steady,0
candidate,2949,32766666339,1000000000,recovery,early,850000000,590277,4722216,590278,4722224,9444440,0,1000000000,steady,0
candidate,2950,32777777450,1000000000,recovery,early,850000000,590277,4722216,590278,4722224,9444440,0,1000000000,steady,0
candidate,2951,32788888561,1000000000,recovery,early,850000000,590277,4722216,590278,4722224,9444440,0,1000000000,steady,0
candidate,2952,32799999672,1000000000,recovery,early,850000000,590277,4722216,590278,4722224,9444440,0,1000000000,steady,0
candidate,2953,32811110783,1000000000,recovery,early,850000000,590277,4722216,590278,4722224,9444440,0,1000000000,steady,0
candidate,2954,32822221894,1000000000,recovery,early,850000000,590277,4722216,590278,4722224,9444440,0,1000000000,steady,0
candidate,2955,32833333005,1000000000,recovery,early,850000000,590277,4722216,590278,4722224,9444440,0,1000000000,steady,0
candidate,2956,32844444116,1000000000,recovery,early,850000000,590277,4722216,590278,4722224,9444440,0,1000000000,steady,0
candidate,2957,32855555227,1000000000,recovery,early,850000000,590277,4722216,590278,4722224,9444440,0,1000000000,steady,0
candidate,2958,32866666338,1000000000,recovery,early,850000000,590277,4722216,590278,4722224,9444440,0,1000000000,steady,0
candidate,2959,32877777449,1000000000,recovery,early,850000000,590277,4722216,590278,4722224,9444440,0,1000000000,steady,0
candidate,2960,32888888560,1000000000,recovery,early,850000000,590277,4722216,590278,4722224,9444440,0,1000000000,steady,0
candidate,2961,32899999671,1000000000,recovery,early,850000000,590277,4722216,590278,4722224,9444440,0,1000000000,steady,0
candidate,2962,32911110782,1000000000,recovery,early,850000000,590277,4722216,590278,4722224,9444440,0,1000000000,steady,0
candidate,2963,32922221893,1000000000,recovery,early,850000000,590277,4722216,590278,4722224,9444440,0,1000000000,steady,0
candidate,2964,32933333004,1000000000,recovery,early,850000000,590277,4722216,590278,4722224,9444440,0,1000000000,steady,0
candidate,2965,32944444115,1000000000,recovery,early,850000000,590277,4722216,590278,4722224,9444440,0,1000000000,steady,0
candidate,2966,32955555226,1000000000,recovery,early,850000000,590277,4722216,590278,4722224,9444440,0,1000000000,steady,0
candidate,2967,32966666337,1000000000,recovery,early,850000000,590277,4722216,590278,4722224,9444440,0,1000000000,steady,0
candidate,2968,32977777448,1000000000,recovery,early,850000000,590277,4722216,590278,4722224,9444440,0,1000000000,steady,0
candidate,2969,32988888559,1000000000,recovery,early,850000000,590277,4722216,590278,4722224,9444440,0,1000000000,steady,0
candidate,2970,32999999670,1000000000,recovery,early,850000000,590277,4722216,590278,4722224,9444440,0,1000000000,steady,0
candidate,2971,33011110781,1000000000,recovery,early,850000000,590277,4722216,590278,4722224,9444440,0,1000000000,steady,0
candidate,2972,33022221892,1000000000,recovery,early,850000000,590277,4722216,590278,4722224,9444440,0,1000000000,steady,0
candidate,2973,33033333003,1000000000,recovery,early,850000000,590277,4722216,590278,4722224,9444440,0,1000000000,steady,0
candidate,2974,33044444114,1000000000,recovery,early,850000000,590277,4722216,590278,4722224,9444440,0,1000000000,steady,0
candidate,2975,33055555225,1000000000,recovery,early,850000000,590277,4722216,590278,4722224,9444440,0,1000000000,steady,0
candidate,2976,33066666336,1000000000,recovery,early,850000000,590277,4722216,590278,4722224,9444440,0,1000000000,steady,0
candidate,2977,33077777447,1000000000,recovery,early,850000000,590277,4722216,590278,4722224,9444440,0,1000000000,steady,0
candidate,2978,33088888558,1000000000,recovery,early,850000000,590277,4722216,590278,4722224,9444440,0,1000000000,steady,0
candidate,2979,33099999669,1000000000,recovery,early,850000000,590277,4722216,590278,4722224,9444440,0,1000000000,steady,0
candidate,2980,33111110780,1000000000,recovery,early,850000000,590277,4722216,590278,4722224,9444440,0,1000000000,steady,0
candidate,2981,33122221891,1000000000,recovery,early,850000000,590277,4722216,590278,4722224,9444440,0,1000000000,steady,0
candidate,2982,33133333002,1000000000,recovery,early,850000000,590277,4722216,590278,4722224,9444440,0,1000000000,steady,0
candidate,2983,33144444113,1000000000,recovery,early,850000000,590277,4722216,590278,4722224,9444440,0,1000000000,steady,0
candidate,2984,33155555224,1000000000,recovery,early,850000000,590277,4722216,590278,4722224,9444440,0,1000000000,steady,0
candidate,2985,33166666335,1000000000,recovery,early,850000000,590277,4722216,590278,4722224,9444440,0,1000000000,steady,0
candidate,2986,33177777446,1000000000,recovery,early,850000000,590277,4722216,590278,4722224,9444440,0,1000000000,steady,0
candidate,2987,33188888557,1000000000,recovery,early,850000000,590277,4722216,590278,4722224,9444440,0,1000000000,steady,0
candidate,2988,33199999668,1000000000,recovery,early,850000000,590277,4722216,590278,4722224,9444440,0,1000000000,steady,0
candidate,2989,33211110779,1000000000,recovery,early,850000000,590277,4722216,590278,4722224,9444440,0,1000000000,steady,0
candidate,2990,33222221890,1000000000,recovery,early,850000000,590277,4722216,590278,4722224,9444440,0,1000000000,steady,0
candidate,2991,33233333001,1000000000,recovery,early,850000000,590277,4722216,590278,4722224,9444440,0,1000000000,steady,0
candidate,2992,33244444112,1000000000,recovery,early,850000000,590277,4722216,590278,4722224,9444440,0,1000000000,steady,0
candidate,2993,33255555223,1000000000,recovery,early,850000000,590277,4722216,590278,4722224,9444440,0,1000000000,steady,0
candidate,2994,33266666334,1000000000,recovery,early,850000000,590277,4722216,590278,4722224,9444440,0,1000000000,steady,0
candidate,2995,33277777445,1000000000,recovery,early,850000000,590277,4722216,590278,4722224,9444440,0,1000000000,steady,0
candidate,2996,33288888556,1000000000,recovery,early,850000000,590277,4722216,590278,4722224,9444440,0,1000000000,steady,0
candidate,2997,33299999667,1000000000,recovery,early,850000000,590277,4722216,590278,4722224,9444440,0,1000000000,steady,0
candidate,2998,33311110778,1000000000,recovery,early,850000000,590277,4722216,590278,4722224,9444440,0,1000000000,steady,0
candidate,2999,33322221889,1000000000,recovery,early,850000000,590277,4722216,590278,4722224,9444440,0,1000000000,steady,0
candidate,3000,33333333000,1000000000,recovery,early,850000000,590277,4722216,590278,4722224,9444440,0,1000000000,steady,0
candidate,3001,33344444111,1000000000,recovery,early,850000000,590277,4722216,590278,4722224,9444440,0,1000000000,steady,0
candidate,3002,33355555222,1000000000,recovery,early,850000000,590277,4722216,590278,4722224,9444440,0,1000000000,steady,0
candidate,3003,33366666333,1000000000,recovery,early,850000000,590277,4722216,590278,4722224,9444440,0,1000000000,steady,0
candidate,3004,33377777444,1000000000,recovery,early,850000000,590277,4722216,590278,4722224,9444440,0,1000000000,steady,0
candidate,3005,33388888555,1000000000,recovery,early,850000000,590277,4722216,590278,4722224,9444440,0,1000000000,steady,0
candidate,3006,33399999666,1000000000,recovery,early,850000000,590277,4722216,590278,4722224,9444440,0,1000000000,steady,0
candidate,3007,33411110777,1000000000,recovery,early,850000000,590277,4722216,590278,4722224,9444440,0,1000000000,steady,0
candidate,3008,33422221888,1000000000,recovery,early,850000000,590277,4722216,590278,4722224,9444440,0,1000000000,steady,0
candidate,3009,33433332999,1000000000,recovery,early,850000000,590277,4722216,590278,4722224,9444440,0,1000000000,steady,0
candidate,3010,33444444110,1000000000,recovery,early,850000000,590277,4722216,590278,4722224,9444440,0,1000000000,steady,0
candidate,3011,33455555221,1000000000,recovery,early,850000000,590277,4722216,590278,4722224,9444440,0,1000000000,steady,0
candidate,3012,33466666332,1000000000,recovery,early,850000000,590277,4722216,590278,4722224,9444440,0,1000000000,steady,0
candidate,3013,33477777443,1000000000,recovery,early,850000000,590277,4722216,590278,4722224,9444440,0,1000000000,steady,0
candidate,3014,33488888554,1000000000,recovery,early,850000000,590277,4722216,590278,4722224,9444440,0,1000000000,steady,0
candidate,3015,33499999665,1000000000,recovery,early,850000000,590277,4722216,590278,4722224,9444440,0,1000000000,steady,0
candidate,3016,33511110776,1000000000,recovery,early,850000000,590277,4722216,590278,4722224,9444440,0,1000000000,steady,0
candidate,3017,33522221887,1000000000,recovery,early,850000000,590277,4722216,590278,4722224,9444440,0,1000000000,steady,0
candidate,3018,33533332998,1000000000,recovery,early,850000000,590277,4722216,590278,4722224,9444440,0,1000000000,steady,0
candidate,3019,33544444109,1000000000,recovery,early,850000000,590277,4722216,590278,4722224,9444440,0,1000000000,steady,0
candidate,3020,33555555220,1000000000,recovery,early,850000000,590277,4722216,590278,4722224,9444440,0,1000000000,steady,0
candidate,3021,33566666331,1000000000,recovery,early,850000000,590277,4722216,590278,4722224,9444440,0,1000000000,steady,0
candidate,3022,33577777442,1000000000,recovery,early,850000000,590277,4722216,590278,4722224,9444440,0,1000000000,steady,0
candidate,3023,33588888553,1000000000,recovery,early,850000000,590277,4722216,590278,4722224,9444440,0,1000000000,steady,0
candidate,3024,33599999664,1000000000,recovery,early,850000000,590277,4722216,590278,4722224,9444440,0,1000000000,steady,0
candidate,3025,33611110775,1000000000,recovery,early,850000000,590277,4722216,590278,4722224,9444440,0,1000000000,steady,0
candidate,3026,33622221886,1000000000,recovery,early,850000000,590277,4722216,590278,4722224,9444440,0,1000000000,steady,0
candidate,3027,33633332997,1000000000,recovery,early,850000000,590277,4722216,590278,4722224,9444440,0,1000000000,steady,0
candidate,3028,33644444108,1000000000,recovery,early,850000000,590277,4722216,590278,4722224,9444440,0,1000000000,steady,0
candidate,3029,33655555219,1000000000,recovery,early,850000000,590277,4722216,590278,4722224,9444440,0,1000000000,steady,0
candidate,3030,33666666330,1000000000,recovery,early,850000000,590277,4722216,590278,4722224,9444440,0,1000000000,steady,0
candidate,3031,33677777441,1000000000,recovery,early,850000000,590277,4722216,590278,4722224,9444440,0,1000000000,steady,0
candidate,3032,33688888552,1000000000,recovery,early,850000000,590277,4722216,590278,4722224,9444440,0,1000000000,steady,0
candidate,3033,33699999663,1000000000,recovery,early,850000000,590277,4722216,590278,4722224,9444440,0,1000000000,steady,0
candidate,3034,33711110774,1000000000,recovery,early,850000000,590277,4722216,590278,4722224,9444440,0,1000000000,steady,0
candidate,3035,33722221885,1000000000,recovery,early,850000000,590277,4722216,590278,4722224,9444440,0,1000000000,steady,0
candidate,3036,33733332996,1000000000,recovery,early,850000000,590277,4722216,590278,4722224,9444440,0,1000000000,steady,0
candidate,3037,33744444107,1000000000,recovery,early,850000000,590277,4722216,590278,4722224,9444440,0,1000000000,steady,0
candidate,3038,33755555218,1000000000,recovery,early,850000000,590277,4722216,590278,4722224,9444440,0,1000000000,steady,0
candidate,3039,33766666329,1000000000,recovery,early,850000000,590277,4722216,590278,4722224,9444440,0,1000000000,steady,0
candidate,3040,33777777440,1000000000,recovery,early,850000000,590277,4722216,590278,4722224,9444440,0,1000000000,steady,0
candidate,3041,33788888551,1000000000,recovery,early,850000000,590277,4722216,590278,4722224,9444440,0,1000000000,steady,0
candidate,3042,33799999662,1000000000,recovery,early,850000000,590277,4722216,590278,4722224,9444440,0,1000000000,steady,0
candidate,3043,33811110773,1000000000,recovery,early,850000000,590277,4722216,590278,4722224,9444440,0,1000000000,steady,0
candidate,3044,33822221884,1000000000,recovery,early,850000000,590277,4722216,590278,4722224,9444440,0,1000000000,steady,0
candidate,3045,33833332995,1000000000,recovery,early,850000000,590277,4722216,590278,4722224,9444440,0,1000000000,steady,0
candidate,3046,33844444106,1000000000,recovery,early,850000000,590277,4722216,590278,4722224,9444440,0,1000000000,steady,0
candidate,3047,33855555217,1000000000,recovery,early,850000000,590277,4722216,590278,4722224,9444440,0,1000000000,steady,0
candidate,3048,33866666328,1000000000,recovery,early,850000000,590277,4722216,590278,4722224,9444440,0,1000000000,steady,0
candidate,3049,33877777439,1000000000,recovery,early,850000000,590277,4722216,590278,4722224,9444440,0,1000000000,steady,0
candidate,3050,33888888550,1000000000,recovery,early,850000000,590277,4722216,590278,4722224,9444440,0,1000000000,steady,0
candidate,3051,33899999661,1000000000,recovery,early,850000000,590277,4722216,590278,4722224,9444440,0,1000000000,steady,0
candidate,3052,33911110772,1000000000,recovery,early,850000000,590277,4722216,590278,4722224,9444440,0,1000000000,steady,0
candidate,3053,33922221883,1000000000,recovery,early,850000000,590277,4722216,590278,4722224,9444440,0,1000000000,steady,0
candidate,3054,33933332994,1000000000,recovery,early,850000000,590277,4722216,590278,4722224,9444440,0,1000000000,steady,0
candidate,3055,33944444105,1000000000,recovery,early,850000000,590277,4722216,590278,4722224,9444440,0,1000000000,steady,0
candidate,3056,33955555216,1000000000,recovery,early,850000000,590277,4722216,590278,4722224,9444440,0,1000000000,steady,0
candidate,3057,33966666327,1000000000,recovery,early,850000000,590277,4722216,590278,4722224,9444440,0,1000000000,steady,0
candidate,3058,33977777438,1000000000,recovery,early,850000000,590277,4722216,590278,4722224,9444440,0,1000000000,steady,0
candidate,3059,33988888549,1000000000,recovery,early,850000000,590277,4722216,590278,4722224,9444440,0,1000000000,steady,0
candidate,3060,33999999660,1000000000,recovery,early,850000000,590277,4722216,590278,4722224,9444440,0,1000000000,steady,0
candidate,3061,34011110771,1000000000,recovery,early,850000000,590277,4722216,590278,4722224,9444440,0,1000000000,steady,0
candidate,3062,34022221882,1000000000,recovery,early,850000000,590277,4722216,590278,4722224,9444440,0,1000000000,steady,0
candidate,3063,34033332993,1000000000,recovery,early,850000000,590277,4722216,590278,4722224,9444440,0,1000000000,steady,0
candidate,3064,34044444104,1000000000,recovery,early,850000000,590277,4722216,590278,4722224,9444440,0,1000000000,steady,0
candidate,3065,34055555215,1000000000,recovery,early,850000000,590277,4722216,590278,4722224,9444440,0,1000000000,steady,0
candidate,3066,34066666326,1000000000,recovery,early,850000000,590277,4722216,590278,4722224,9444440,0,1000000000,steady,0
candidate,3067,34077777437,1000000000,recovery,early,850000000,590277,4722216,590278,4722224,9444440,0,1000000000,steady,0
candidate,3068,34088888548,1000000000,recovery,early,850000000,590277,4722216,590278,4722224,9444440,0,1000000000,steady,0
candidate,3069,34099999659,1000000000,recovery,early,850000000,590277,4722216,590278,4722224,9444440,0,1000000000,steady,0
candidate,3070,34111110770,1000000000,recovery,early,850000000,590277,4722216,590278,4722224,9444440,0,1000000000,steady,0
candidate,3071,34122221881,1000000000,recovery,early,850000000,590277,4722216,590278,4722224,9444440,0,1000000000,steady,0
candidate,3072,34133332992,1000000000,recovery,early,850000000,590277,4722216,590278,4722224,9444440,0,1000000000,steady,0
candidate,3073,34144444103,1000000000,recovery,early,850000000,590277,4722216,590278,4722224,9444440,0,1000000000,steady,0
candidate,3074,34155555214,1000000000,recovery,early,850000000,590277,4722216,590278,4722224,9444440,0,1000000000,steady,0
candidate,3075,34166666325,1000000000,recovery,early,850000000,590277,4722216,590278,4722224,9444440,0,1000000000,steady,0
candidate,3076,34177777436,1000000000,recovery,early,850000000,590277,4722216,590278,4722224,9444440,0,1000000000,steady,0
candidate,3077,34188888547,1000000000,recovery,early,850000000,590277,4722216,590278,4722224,9444440,0,1000000000,steady,0
candidate,3078,34199999658,1000000000,recovery,early,850000000,590277,4722216,590278,4722224,9444440,0,1000000000,steady,0
candidate,3079,34211110769,1000000000,recovery,early,850000000,590277,4722216,590278,4722224,9444440,0,1000000000,steady,0
candidate,3080,34222221880,1000000000,recovery,early,850000000,590277,4722216,590278,4722224,9444440,0,1000000000,steady,0
candidate,3081,34233332991,1000000000,recovery,early,850000000,590277,4722216,590278,4722224,9444440,0,1000000000,steady,0
candidate,3082,34244444102,1000000000,recovery,early,850000000,590277,4722216,590278,4722224,9444440,0,1000000000,steady,0
candidate,3083,34255555213,1000000000,recovery,early,850000000,590277,4722216,590278,4722224,9444440,0,1000000000,steady,0
candidate,3084,34266666324,1000000000,recovery,early,850000000,590277,4722216,590278,4722224,9444440,0,1000000000,steady,0
candidate,3085,34277777435,1000000000,recovery,early,850000000,590277,4722216,590278,4722224,9444440,0,1000000000,steady,0
candidate,3086,34288888546,1000000000,recovery,early,850000000,590277,4722216,590278,4722224,9444440,0,1000000000,steady,0
candidate,3087,34299999657,1000000000,recovery,early,850000000,590277,4722216,590278,4722224,9444440,0,1000000000,steady,0
candidate,3088,34311110768,1000000000,recovery,early,850000000,590277,4722216,590278,4722224,9444440,0,1000000000,steady,0
candidate,3089,34322221879,1000000000,recovery,early,850000000,590277,4722216,590278,4722224,9444440,0,1000000000,steady,0
candidate,3090,34333332990,1000000000,recovery,early,850000000,590277,4722216,590278,4722224,9444440,0,1000000000,steady,0
candidate,3091,34344444101,1000000000,recovery,early,850000000,590277,4722216,590278,4722224,9444440,0,1000000000,steady,0
candidate,3092,34355555212,1000000000,recovery,early,850000000,590277,4722216,590278,4722224,9444440,0,1000000000,steady,0
candidate,3093,34366666323,1000000000,recovery,early,850000000,590277,4722216,590278,4722224,9444440,0,1000000000,steady,0
candidate,3094,34377777434,1000000000,recovery,early,850000000,590277,4722216,590278,4722224,9444440,0,1000000000,steady,0
candidate,3095,34388888545,1000000000,recovery,early,850000000,590277,4722216,590278,4722224,9444440,0,1000000000,steady,0
candidate,3096,34399999656,1000000000,recovery,early,850000000,590277,4722216,590278,4722224,9444440,0,1000000000,steady,0
candidate,3097,34411110767,1000000000,recovery,early,850000000,590277,4722216,590278,4722224,9444440,0,1000000000,steady,0
candidate,3098,34422221878,1000000000,recovery,early,850000000,590277,4722216,590278,4722224,9444440,0,1000000000,steady,0
candidate,3099,34433332989,1000000000,recovery,early,850000000,590277,4722216,590278,4722224,9444440,0,1000000000,steady,0
candidate,3100,34444444100,1000000000,recovery,early,850000000,590277,4722216,590278,4722224,9444440,0,1000000000,steady,0
candidate,3101,34455555211,1000000000,recovery,early,850000000,590277,4722216,590278,4722224,9444440,0,1000000000,steady,0
candidate,3102,34466666322,1000000000,recovery,early,850000000,590277,4722216,590278,4722224,9444440,0,1000000000,steady,0
candidate,3103,34477777433,1000000000,recovery,early,850000000,590277,4722216,590278,4722224,9444440,0,1000000000,steady,0
candidate,3104,34488888544,1000000000,recovery,early,850000000,590277,4722216,590278,4722224,9444440,0,1000000000,steady,0
candidate,3105,34499999655,1000000000,recovery,early,850000000,590277,4722216,590278,4722224,9444440,0,1000000000,steady,0
candidate,3106,34511110766,1000000000,recovery,early,850000000,590277,4722216,590278,4722224,9444440,0,1000000000,steady,0
candidate,3107,34522221877,1000000000,recovery,early,850000000,590277,4722216,590278,4722224,9444440,0,1000000000,steady,0
candidate,3108,34533332988,1000000000,recovery,early,850000000,590277,4722216,590278,4722224,9444440,0,1000000000,steady,0
candidate,3109,34544444099,1000000000,recovery,early,850000000,590277,4722216,590278,4722224,9444440,0,1000000000,steady,0
candidate,3110,34555555210,1000000000,recovery,early,850000000,590277,4722216,590278,4722224,9444440,0,1000000000,steady,0
candidate,3111,34566666321,1000000000,recovery,early,850000000,590277,4722216,590278,4722224,9444440,0,1000000000,steady,0
candidate,3112,34577777432,1000000000,recovery,early,850000000,590277,4722216,590278,4722224,9444440,0,1000000000,steady,0
candidate,3113,34588888543,1000000000,recovery,early,850000000,590277,4722216,590278,4722224,9444440,0,1000000000,steady,0
candidate,3114,34599999654,1000000000,recovery,early,850000000,590277,4722216,590278,4722224,9444440,0,1000000000,steady,0
candidate,3115,34611110765,1000000000,recovery,early,850000000,590277,4722216,590278,4722224,9444440,0,1000000000,steady,0
candidate,3116,34622221876,1000000000,recovery,early,850000000,590277,4722216,590278,4722224,9444440,0,1000000000,steady,0
candidate,3117,34633332987,1000000000,recovery,early,850000000,590277,4722216,590278,4722224,9444440,0,1000000000,steady,0
candidate,3118,34644444098,1000000000,recovery,early,850000000,590277,4722216,590278,4722224,9444440,0,1000000000,steady,0
candidate,3119,34655555209,1000000000,recovery,early,850000000,590277,4722216,590278,4722224,9444440,0,1000000000,steady,0
candidate,3120,34666666320,1000000000,recovery,early,850000000,590277,4722216,590278,4722224,9444440,0,1000000000,steady,0
candidate,3121,34677777431,1000000000,recovery,early,850000000,590277,4722216,590278,4722224,9444440,0,1000000000,steady,0
candidate,3122,34688888542,1000000000,recovery,early,850000000,590277,4722216,590278,4722224,9444440,0,1000000000,steady,0
candidate,3123,34699999653,1000000000,recovery,early,850000000,590277,4722216,590278,4722224,9444440,0,1000000000,steady,0
candidate,3124,34711110764,1000000000,recovery,early,850000000,590277,4722216,590278,4722224,9444440,0,1000000000,steady,0
candidate,3125,34722221875,1000000000,recovery,early,850000000,590277,4722216,590278,4722224,9444440,0,1000000000,steady,0
candidate,3126,34733332986,1000000000,recovery,early,850000000,590277,4722216,590278,4722224,9444440,0,1000000000,steady,0
candidate,3127,34744444097,1000000000,recovery,early,850000000,590277,4722216,590278,4722224,9444440,0,1000000000,steady,0
candidate,3128,34755555208,1000000000,recovery,early,850000000,590277,4722216,590278,4722224,9444440,0,1000000000,steady,0
candidate,3129,34766666319,1000000000,recovery,early,850000000,590277,4722216,590278,4722224,9444440,0,1000000000,steady,0
candidate,3130,34777777430,1000000000,recovery,early,850000000,590277,4722216,590278,4722224,9444440,0,1000000000,steady,0
candidate,3131,34788888541,1000000000,recovery,early,850000000,590277,4722216,590278,4722224,9444440,0,1000000000,steady,0
candidate,3132,34799999652,1000000000,recovery,early,850000000,590277,4722216,590278,4722224,9444440,0,1000000000,steady,0
candidate,3133,34811110763,1000000000,recovery,early,850000000,590277,4722216,590278,4722224,9444440,0,1000000000,steady,0
candidate,3134,34822221874,1000000000,recovery,early,850000000,590277,4722216,590278,4722224,9444440,0,1000000000,steady,0
candidate,3135,34833332985,1000000000,recovery,early,850000000,590277,4722216,590278,4722224,9444440,0,1000000000,steady,0
candidate,3136,34844444096,1000000000,recovery,early,850000000,590277,4722216,590278,4722224,9444440,0,1000000000,steady,0
candidate,3137,34855555207,1000000000,recovery,early,850000000,590277,4722216,590278,4722224,9444440,0,1000000000,steady,0
candidate,3138,34866666318,1000000000,recovery,early,850000000,590277,4722216,590278,4722224,9444440,0,1000000000,steady,0
candidate,3139,34877777429,1000000000,recovery,early,850000000,590277,4722216,590278,4722224,9444440,0,1000000000,steady,0
candidate,3140,34888888540,1000000000,recovery,early,850000000,590277,4722216,590278,4722224,9444440,0,1000000000,steady,0
candidate,3141,34899999651,1000000000,recovery,early,850000000,590277,4722216,590278,4722224,9444440,0,1000000000,steady,0
candidate,3142,34911110762,1000000000,recovery,early,850000000,590277,4722216,590278,4722224,9444440,0,1000000000,steady,0
candidate,3143,34922221873,1000000000,recovery,early,850000000,590277,4722216,590278,4722224,9444440,0,1000000000,steady,0
candidate,3144,34933332984,1000000000,recovery,early,850000000,590277,4722216,590278,4722224,9444440,0,1000000000,steady,0
candidate,3145,34944444095,1000000000,recovery,early,850000000,590277,4722216,590278,4722224,9444440,0,1000000000,steady,0
candidate,3146,34955555206,1000000000,recovery,early,850000000,590277,4722216,590278,4722224,9444440,0,1000000000,steady,0
candidate,3147,34966666317,1000000000,recovery,early,850000000,590277,4722216,590278,4722224,9444440,0,1000000000,steady,0
candidate,3148,34977777428,1000000000,recovery,early,850000000,590277,4722216,590278,4722224,9444440,0,1000000000,steady,0
candidate,3149,34988888539,1000000000,recovery,early,850000000,590277,4722216,590278,4722224,9444440,0,1000000000,steady,0
candidate,3150,34999999650,1000000000,recovery,early,850000000,590277,4722216,590278,4722224,9444440,0,1000000000,steady,0
candidate,3151,35011110761,1000000000,recovery,early,850000000,590277,4722216,590278,4722224,9444440,0,1000000000,steady,0
candidate,3152,35022221872,1000000000,recovery,early,850000000,590277,4722216,590278,4722224,9444440,0,1000000000,steady,0
candidate,3153,35033332983,1000000000,recovery,early,850000000,590277,4722216,590278,4722224,9444440,0,1000000000,steady,0
candidate,3154,35044444094,1000000000,recovery,early,850000000,590277,4722216,590278,4722224,9444440,0,1000000000,steady,0
candidate,3155,35055555205,1000000000,recovery,early,850000000,590277,4722216,590278,4722224,9444440,0,1000000000,steady,0
candidate,3156,35066666316,1000000000,recovery,early,850000000,590277,4722216,590278,4722224,9444440,0,1000000000,steady,0
candidate,3157,35077777427,1000000000,recovery,early,850000000,590277,4722216,590278,4722224,9444440,0,1000000000,steady,0
candidate,3158,35088888538,1000000000,recovery,early,850000000,590277,4722216,590278,4722224,9444440,0,1000000000,steady,0
candidate,3159,35099999649,1000000000,recovery,early,850000000,590277,4722216,590278,4722224,9444440,0,1000000000,steady,0
candidate,3160,35111110760,1000000000,recovery,early,850000000,590277,4722216,590278,4722224,9444440,0,1000000000,steady,0
candidate,3161,35122221871,1000000000,recovery,early,850000000,590277,4722216,590278,4722224,9444440,0,1000000000,steady,0
candidate,3162,35133332982,1000000000,recovery,early,850000000,590277,4722216,590278,4722224,9444440,0,1000000000,steady,0
candidate,3163,35144444093,1000000000,recovery,early,850000000,590277,4722216,590278,4722224,9444440,0,1000000000,steady,0
candidate,3164,35155555204,1000000000,recovery,early,850000000,590277,4722216,590278,4722224,9444440,0,1000000000,steady,0
candidate,3165,35166666315,1000000000,recovery,early,850000000,590277,4722216,590278,4722224,9444440,0,1000000000,steady,0
candidate,3166,35177777426,1000000000,recovery,early,850000000,590277,4722216,590278,4722224,9444440,0,1000000000,steady,0
candidate,3167,35188888537,1000000000,recovery,early,850000000,590277,4722216,590278,4722224,9444440,0,1000000000,steady,0
candidate,3168,35199999648,1000000000,recovery,early,850000000,590277,4722216,590278,4722224,9444440,0,1000000000,steady,0
candidate,3169,35211110759,1000000000,recovery,early,850000000,590277,4722216,590278,4722224,9444440,0,1000000000,steady,0
candidate,3170,35222221870,1000000000,recovery,early,850000000,590277,4722216,590278,4722224,9444440,0,1000000000,steady,0
candidate,3171,35233332981,1000000000,recovery,early,850000000,590277,4722216,590278,4722224,9444440,0,1000000000,steady,0
candidate,3172,35244444092,1000000000,recovery,early,850000000,590277,4722216,590278,4722224,9444440,0,1000000000,steady,0
candidate,3173,35255555203,1000000000,recovery,early,850000000,590277,4722216,590278,4722224,9444440,0,1000000000,steady,0
candidate,3174,35266666314,1000000000,recovery,early,850000000,590277,4722216,590278,4722224,9444440,0,1000000000,steady,0
candidate,3175,35277777425,1000000000,recovery,early,850000000,590277,4722216,590278,4722224,9444440,0,1000000000,steady,0
candidate,3176,35288888536,1000000000,recovery,early,850000000,590277,4722216,590278,4722224,9444440,0,1000000000,steady,0
candidate,3177,35299999647,1000000000,recovery,early,850000000,590277,4722216,590278,4722224,9444440,0,1000000000,steady,0
candidate,3178,35311110758,1000000000,recovery,early,850000000,590277,4722216,590278,4722224,9444440,0,1000000000,steady,0
candidate,3179,35322221869,1000000000,recovery,early,850000000,590277,4722216,590278,4722224,9444440,0,1000000000,steady,0
candidate,3180,35333332980,1000000000,recovery,early,850000000,590277,4722216,590278,4722224,9444440,0,1000000000,steady,0
candidate,3181,35344444091,1000000000,recovery,early,850000000,590277,4722216,590278,4722224,9444440,0,1000000000,steady,0
candidate,3182,35355555202,1000000000,recovery,early,850000000,590277,4722216,590278,4722224,9444440,0,1000000000,steady,0
candidate,3183,35366666313,1000000000,recovery,early,850000000,590277,4722216,590278,4722224,9444440,0,1000000000,steady,0
candidate,3184,35377777424,1000000000,recovery,early,850000000,590277,4722216,590278,4722224,9444440,0,1000000000,steady,0
candidate,3185,35388888535,1000000000,recovery,early,850000000,590277,4722216,590278,4722224,9444440,0,1000000000,steady,0
candidate,3186,35399999646,1000000000,recovery,early,850000000,590277,4722216,590278,4722224,9444440,0,1000000000,steady,0
candidate,3187,35411110757,1000000000,recovery,early,850000000,590277,4722216,590278,4722224,9444440,0,1000000000,steady,0
candidate,3188,35422221868,1000000000,recovery,early,850000000,590277,4722216,590278,4722224,9444440,0,1000000000,steady,0
candidate,3189,35433332979,1000000000,recovery,early,850000000,590277,4722216,590278,4722224,9444440,0,1000000000,steady,0
candidate,3190,35444444090,1000000000,recovery,early,850000000,590277,4722216,590278,4722224,9444440,0,1000000000,steady,0
candidate,3191,35455555201,1000000000,recovery,early,850000000,590277,4722216,590278,4722224,9444440,0,1000000000,steady,0
candidate,3192,35466666312,1000000000,recovery,early,850000000,590277,4722216,590278,4722224,9444440,0,1000000000,steady,0
candidate,3193,35477777423,1000000000,recovery,early,850000000,590277,4722216,590278,4722224,9444440,0,1000000000,steady,0
candidate,3194,35488888534,1000000000,recovery,early,850000000,590277,4722216,590278,4722224,9444440,0,1000000000,steady,0
candidate,3195,35499999645,1000000000,recovery,early,850000000,590277,4722216,590278,4722224,9444440,0,1000000000,steady,0
candidate,3196,35511110756,1000000000,recovery,early,850000000,590277,4722216,590278,4722224,9444440,0,1000000000,steady,0
candidate,3197,35522221867,1000000000,recovery,early,850000000,590277,4722216,590278,4722224,9444440,0,1000000000,steady,0
candidate,3198,35533332978,1000000000,recovery,early,850000000,590277,4722216,590278,4722224,9444440,0,1000000000,steady,0
candidate,3199,35544444089,1000000000,recovery,early,850000000,590277,4722216,590278,4722224,9444440,0,1000000000,steady,0
candidate,3200,35555555200,1000000000,recovery,early,850000000,590277,4722216,590278,4722224,9444440,0,1000000000,steady,0
candidate,3201,35566666311,1000000000,recovery,early,850000000,590277,4722216,590278,4722224,9444440,0,1000000000,steady,0
candidate,3202,35577777422,1000000000,recovery,early,850000000,590277,4722216,590278,4722224,9444440,0,1000000000,steady,0
candidate,3203,35588888533,1000000000,recovery,early,850000000,590277,4722216,590278,4722224,9444440,0,1000000000,steady,0
candidate,3204,35599999644,1000000000,recovery,early,850000000,590277,4722216,590278,4722224,9444440,0,1000000000,steady,0
candidate,3205,35611110755,1000000000,recovery,early,850000000,590277,4722216,590278,4722224,9444440,0,1000000000,steady,0
candidate,3206,35622221866,1000000000,recovery,early,850000000,590277,4722216,590278,4722224,9444440,0,1000000000,steady,0
candidate,3207,35633332977,1000000000,recovery,early,850000000,590277,4722216,590278,4722224,9444440,0,1000000000,steady,0
candidate,3208,35644444088,1000000000,recovery,early,850000000,590277,4722216,590278,4722224,9444440,0,1000000000,steady,0
candidate,3209,35655555199,1000000000,recovery,early,850000000,590277,4722216,590278,4722224,9444440,0,1000000000,steady,0
candidate,3210,35666666310,1000000000,recovery,early,850000000,590277,4722216,590278,4722224,9444440,0,1000000000,steady,0
candidate,3211,35677777421,1000000000,recovery,early,850000000,590277,4722216,590278,4722224,9444440,0,1000000000,steady,0
candidate,3212,35688888532,1000000000,recovery,early,850000000,590277,4722216,590278,4722224,9444440,0,1000000000,steady,0
candidate,3213,35699999643,1000000000,recovery,early,850000000,590277,4722216,590278,4722224,9444440,0,1000000000,steady,0
candidate,3214,35711110754,1000000000,recovery,early,850000000,590277,4722216,590278,4722224,9444440,0,1000000000,steady,0
candidate,3215,35722221865,1000000000,recovery,early,850000000,590277,4722216,590278,4722224,9444440,0,1000000000,steady,0
candidate,3216,35733332976,1000000000,recovery,early,850000000,590277,4722216,590278,4722224,9444440,0,1000000000,steady,0
candidate,3217,35744444087,1000000000,recovery,early,850000000,590277,4722216,590278,4722224,9444440,0,1000000000,steady,0
candidate,3218,35755555198,1000000000,recovery,early,850000000,590277,4722216,590278,4722224,9444440,0,1000000000,steady,0
candidate,3219,35766666309,1000000000,recovery,early,850000000,590277,4722216,590278,4722224,9444440,0,1000000000,steady,0
candidate,3220,35777777420,1000000000,recovery,early,850000000,590277,4722216,590278,4722224,9444440,0,1000000000,steady,0
candidate,3221,35788888531,1000000000,recovery,early,850000000,590277,4722216,590278,4722224,9444440,0,1000000000,steady,0
candidate,3222,35799999642,1000000000,recovery,early,850000000,590277,4722216,590278,4722224,9444440,0,1000000000,steady,0
candidate,3223,35811110753,1000000000,recovery,early,850000000,590277,4722216,590278,4722224,9444440,0,1000000000,steady,0
candidate,3224,35822221864,1000000000,recovery,early,850000000,590277,4722216,590278,4722224,9444440,0,1000000000,steady,0
candidate,3225,35833332975,1000000000,recovery,early,850000000,590277,4722216,590278,4722224,9444440,0,1000000000,steady,0
candidate,3226,35844444086,1000000000,recovery,early,850000000,590277,4722216,590278,4722224,9444440,0,1000000000,steady,0
candidate,3227,35855555197,1000000000,recovery,early,850000000,590277,4722216,590278,4722224,9444440,0,1000000000,steady,0
candidate,3228,35866666308,1000000000,recovery,early,850000000,590277,4722216,590278,4722224,9444440,0,1000000000,steady,0
candidate,3229,35877777419,1000000000,recovery,early,850000000,590277,4722216,590278,4722224,9444440,0,1000000000,steady,0
candidate,3230,35888888530,1000000000,recovery,early,850000000,590277,4722216,590278,4722224,9444440,0,1000000000,steady,0
candidate,3231,35899999641,1000000000,recovery,early,850000000,590277,4722216,590278,4722224,9444440,0,1000000000,steady,0
candidate,3232,35911110752,1000000000,recovery,early,850000000,590277,4722216,590278,4722224,9444440,0,1000000000,steady,0
candidate,3233,35922221863,1000000000,recovery,early,850000000,590277,4722216,590278,4722224,9444440,0,1000000000,steady,0
candidate,3234,35933332974,1000000000,recovery,early,850000000,590277,4722216,590278,4722224,9444440,0,1000000000,steady,0
candidate,3235,35944444085,1000000000,recovery,early,850000000,590277,4722216,590278,4722224,9444440,0,1000000000,steady,0
candidate,3236,35955555196,1000000000,recovery,early,850000000,590277,4722216,590278,4722224,9444440,0,1000000000,steady,0
candidate,3237,35966666307,1000000000,recovery,early,850000000,590277,4722216,590278,4722224,9444440,0,1000000000,steady,0
candidate,3238,35977777418,1000000000,recovery,early,850000000,590277,4722216,590278,4722224,9444440,0,1000000000,steady,0
candidate,3239,35988888529,1000000000,recovery,early,850000000,590277,4722216,590278,4722224,9444440,0,1000000000,steady,0
candidate,3240,35999999640,1000000000,recovery,early,850000000,590277,4722216,590278,4722224,9444440,0,1000000000,steady,0
candidate,3241,36011110751,1000000000,recovery,early,850000000,590277,4722216,590278,4722224,9444440,0,1000000000,steady,0
candidate,3242,36022221862,1000000000,recovery,early,850000000,590277,4722216,590278,4722224,9444440,0,1000000000,steady,0
candidate,3243,36033332973,1000000000,recovery,early,850000000,590277,4722216,590278,4722224,9444440,0,1000000000,steady,0
candidate,3244,36044444084,1000000000,recovery,early,850000000,590277,4722216,590278,4722224,9444440,0,1000000000,steady,0
candidate,3245,36055555195,1000000000,recovery,early,850000000,590277,4722216,590278,4722224,9444440,0,1000000000,steady,0
candidate,3246,36066666306,1000000000,recovery,early,850000000,590277,4722216,590278,4722224,9444440,0,1000000000,steady,0
candidate,3247,36077777417,1000000000,recovery,early,850000000,590277,4722216,590278,4722224,9444440,0,1000000000,steady,0
candidate,3248,36088888528,1000000000,recovery,early,850000000,590277,4722216,590278,4722224,9444440,0,1000000000,steady,0
candidate,3249,36099999639,1000000000,recovery,early,850000000,590277,4722216,590278,4722224,9444440,0,1000000000,steady,0
candidate,3250,36111110750,1000000000,recovery,early,850000000,590277,4722216,590278,4722224,9444440,0,1000000000,steady,0
candidate,3251,36122221861,1000000000,recovery,early,850000000,590277,4722216,590278,4722224,9444440,0,1000000000,steady,0
candidate,3252,36133332972,1000000000,recovery,early,850000000,590277,4722216,590278,4722224,9444440,0,1000000000,steady,0
candidate,3253,36144444083,1000000000,recovery,early,850000000,590277,4722216,590278,4722224,9444440,0,1000000000,steady,0
candidate,3254,36155555194,1000000000,recovery,early,850000000,590277,4722216,590278,4722224,9444440,0,1000000000,steady,0
candidate,3255,36166666305,1000000000,recovery,early,850000000,590277,4722216,590278,4722224,9444440,0,1000000000,steady,0
candidate,3256,36177777416,1000000000,recovery,early,850000000,590277,4722216,590278,4722224,9444440,0,1000000000,steady,0
candidate,3257,36188888527,1000000000,recovery,early,850000000,590277,4722216,590278,4722224,9444440,0,1000000000,steady,0
candidate,3258,36199999638,1000000000,recovery,early,850000000,590277,4722216,590278,4722224,9444440,0,1000000000,steady,0
candidate,3259,36211110749,1000000000,recovery,early,850000000,590277,4722216,590278,4722224,9444440,0,1000000000,steady,0
candidate,3260,36222221860,1000000000,recovery,early,850000000,590277,4722216,590278,4722224,9444440,0,1000000000,steady,0
candidate,3261,36233332971,1000000000,recovery,early,850000000,590277,4722216,590278,4722224,9444440,0,1000000000,steady,0
candidate,3262,36244444082,1000000000,recovery,early,850000000,590277,4722216,590278,4722224,9444440,0,1000000000,steady,0
candidate,3263,36255555193,1000000000,recovery,early,850000000,590277,4722216,590278,4722224,9444440,0,1000000000,steady,0
candidate,3264,36266666304,1000000000,recovery,early,850000000,590277,4722216,590278,4722224,9444440,0,1000000000,steady,0
candidate,3265,36277777415,1000000000,recovery,early,850000000,590277,4722216,590278,4722224,9444440,0,1000000000,steady,0
candidate,3266,36288888526,1000000000,recovery,early,850000000,590277,4722216,590278,4722224,9444440,0,1000000000,steady,0
candidate,3267,36299999637,1000000000,recovery,early,850000000,590277,4722216,590278,4722224,9444440,0,1000000000,steady,0
candidate,3268,36311110748,1000000000,recovery,early,850000000,590277,4722216,590278,4722224,9444440,0,1000000000,steady,0
candidate,3269,36322221859,1000000000,recovery,early,850000000,590277,4722216,590278,4722224,9444440,0,1000000000,steady,0
candidate,3270,36333332970,1000000000,recovery,early,850000000,590277,4722216,590278,4722224,9444440,0,1000000000,steady,0
candidate,3271,36344444081,1000000000,recovery,early,850000000,590277,4722216,590278,4722224,9444440,0,1000000000,steady,0
candidate,3272,36355555192,1000000000,recovery,early,850000000,590277,4722216,590278,4722224,9444440,0,1000000000,steady,0
candidate,3273,36366666303,1000000000,recovery,early,850000000,590277,4722216,590278,4722224,9444440,0,1000000000,steady,0
candidate,3274,36377777414,1000000000,recovery,early,850000000,590277,4722216,590278,4722224,9444440,0,1000000000,steady,0
candidate,3275,36388888525,1000000000,recovery,early,850000000,590277,4722216,590278,4722224,9444440,0,1000000000,steady,0
candidate,3276,36399999636,1000000000,recovery,early,850000000,590277,4722216,590278,4722224,9444440,0,1000000000,steady,0
candidate,3277,36411110747,1000000000,recovery,early,850000000,590277,4722216,590278,4722224,9444440,0,1000000000,steady,0
candidate,3278,36422221858,1000000000,recovery,early,850000000,590277,4722216,590278,4722224,9444440,0,1000000000,steady,0
candidate,3279,36433332969,1000000000,recovery,early,850000000,590277,4722216,590278,4722224,9444440,0,1000000000,steady,0
candidate,3280,36444444080,1000000000,recovery,early,850000000,590277,4722216,590278,4722224,9444440,0,1000000000,steady,0
candidate,3281,36455555191,1000000000,recovery,early,850000000,590277,4722216,590278,4722224,9444440,0,1000000000,steady,0
candidate,3282,36466666302,1000000000,recovery,early,850000000,590277,4722216,590278,4722224,9444440,0,1000000000,steady,0
candidate,3283,36477777413,1000000000,recovery,early,850000000,590277,4722216,590278,4722224,9444440,0,1000000000,steady,0
candidate,3284,36488888524,1000000000,recovery,early,850000000,590277,4722216,590278,4722224,9444440,0,1000000000,steady,0
candidate,3285,36499999635,1000000000,recovery,early,850000000,590277,4722216,590278,4722224,9444440,0,1000000000,steady,0
candidate,3286,36511110746,1000000000,recovery,early,850000000,590277,4722216,590278,4722224,9444440,0,1000000000,steady,0
candidate,3287,36522221857,1000000000,recovery,early,850000000,590277,4722216,590278,4722224,9444440,0,1000000000,steady,0
candidate,3288,36533332968,1000000000,recovery,early,850000000,590277,4722216,590278,4722224,9444440,0,1000000000,steady,0
candidate,3289,36544444079,1000000000,recovery,early,850000000,590277,4722216,590278,4722224,9444440,0,1000000000,steady,0
candidate,3290,36555555190,1000000000,recovery,early,850000000,590277,4722216,590278,4722224,9444440,0,1000000000,steady,0
candidate,3291,36566666301,1000000000,recovery,early,850000000,590277,4722216,590278,4722224,9444440,0,1000000000,steady,0
candidate,3292,36577777412,1000000000,recovery,early,850000000,590277,4722216,590278,4722224,9444440,0,1000000000,steady,0
candidate,3293,36588888523,1000000000,recovery,early,850000000,590277,4722216,590278,4722224,9444440,0,1000000000,steady,0
candidate,3294,36599999634,1000000000,recovery,early,850000000,590277,4722216,590278,4722224,9444440,0,1000000000,steady,0
candidate,3295,36611110745,1000000000,recovery,early,850000000,590277,4722216,590278,4722224,9444440,0,1000000000,steady,0
candidate,3296,36622221856,1000000000,recovery,early,850000000,590277,4722216,590278,4722224,9444440,0,1000000000,steady,0
candidate,3297,36633332967,1000000000,recovery,early,850000000,590277,4722216,590278,4722224,9444440,0,1000000000,steady,0
candidate,3298,36644444078,1000000000,recovery,early,850000000,590277,4722216,590278,4722224,9444440,0,1000000000,steady,0
candidate,3299,36655555189,1000000000,recovery,early,850000000,590277,4722216,590278,4722224,9444440,0,1000000000,steady,0
candidate,3300,36666666300,1000000000,recovery,early,850000000,590277,4722216,590278,4722224,9444440,0,1000000000,probe,1
candidate,3301,36677777411,1000000000,recovery,early,1000000000,694444,5555552,694444,5555552,11111104,0,1000000000,probe,0
candidate,3302,36688888522,1000000000,recovery,early,1000000000,694444,5555552,694444,5555552,11111104,0,1000000000,probe,0
candidate,3303,36699999633,1000000000,recovery,early,1000000000,694444,5555552,694444,5555552,11111104,0,1000000000,probe,0
candidate,3304,36711110744,1000000000,recovery,early,1000000000,694444,5555552,694444,5555552,11111104,0,1000000000,probe,0
candidate,3305,36722221855,1000000000,recovery,early,1000000000,694444,5555552,694444,5555552,11111104,0,1000000000,probe,0
candidate,3306,36733332966,1000000000,recovery,early,1000000000,694444,5555552,694444,5555552,11111104,0,1000000000,probe,0
candidate,3307,36744444077,1000000000,recovery,early,1000000000,694444,5555552,694444,5555552,11111104,0,1000000000,probe,0
candidate,3308,36755555188,1000000000,recovery,early,1000000000,694444,5555552,694444,5555552,11111104,0,1000000000,probe,0
candidate,3309,36766666299,1000000000,recovery,early,1000000000,694444,5555552,694444,5555552,11111104,0,1000000000,probe,0
candidate,3310,36777777410,1000000000,recovery,early,1000000000,694444,5555552,694444,5555552,11111104,0,1000000000,probe,0
candidate,3311,36788888521,1000000000,recovery,early,1000000000,694444,5555552,694444,5555552,11111104,0,1000000000,probe,0
candidate,3312,36799999632,1000000000,recovery,early,1000000000,694444,5555552,694444,5555552,11111104,0,1000000000,probe,0
candidate,3313,36811110743,1000000000,recovery,early,1000000000,694444,5555552,694444,5555552,11111104,0,1000000000,probe,0
candidate,3314,36822221854,1000000000,recovery,early,1000000000,694444,5555552,694444,5555552,11111104,0,1000000000,probe,0
candidate,3315,36833332965,1000000000,recovery,early,1000000000,694444,5555552,694444,5555552,11111104,0,1000000000,probe,0
candidate,3316,36844444076,1000000000,recovery,early,1000000000,694444,5555552,694444,5555552,11111104,0,1000000000,probe,0
candidate,3317,36855555187,1000000000,recovery,early,1000000000,694444,5555552,694444,5555552,11111104,0,1000000000,probe,0
candidate,3318,36866666298,1000000000,recovery,early,1000000000,694444,5555552,694444,5555552,11111104,0,1000000000,probe,0
candidate,3319,36877777409,1000000000,recovery,early,1000000000,694444,5555552,694444,5555552,11111104,0,1000000000,probe,0
candidate,3320,36888888520,1000000000,recovery,early,1000000000,694444,5555552,694444,5555552,11111104,0,1000000000,probe,0
candidate,3321,36899999631,1000000000,recovery,early,1000000000,694444,5555552,694444,5555552,11111104,0,1000000000,probe,0
candidate,3322,36911110742,1000000000,recovery,early,1000000000,694444,5555552,694444,5555552,11111104,0,1000000000,probe,0
candidate,3323,36922221853,1000000000,recovery,early,1000000000,694444,5555552,694444,5555552,11111104,0,1000000000,probe,0
candidate,3324,36933332964,1000000000,recovery,early,1000000000,694444,5555552,694444,5555552,11111104,0,1000000000,probe,0
candidate,3325,36944444075,1000000000,recovery,early,1000000000,694444,5555552,694444,5555552,11111104,0,1000000000,probe,0
candidate,3326,36955555186,1000000000,recovery,early,1000000000,694444,5555552,694444,5555552,11111104,0,1000000000,probe,0
candidate,3327,36966666297,1000000000,recovery,early,1000000000,694444,5555552,694444,5555552,11111104,0,1000000000,probe,0
candidate,3328,36977777408,1000000000,recovery,early,1000000000,694444,5555552,694444,5555552,11111104,0,1000000000,probe,0
candidate,3329,36988888519,1000000000,recovery,early,1000000000,694444,5555552,694444,5555552,11111104,0,1000000000,probe,0
candidate,3330,36999999630,1000000000,recovery,early,1000000000,694444,5555552,694444,5555552,11111104,0,1000000000,probe,0
candidate,3331,37011110741,1000000000,recovery,early,1000000000,694444,5555552,694444,5555552,11111104,0,1000000000,probe,0
candidate,3332,37022221852,1000000000,recovery,early,1000000000,694444,5555552,694444,5555552,11111104,0,1000000000,probe,0
candidate,3333,37033332963,1000000000,recovery,early,1000000000,694444,5555552,694444,5555552,11111104,0,1000000000,probe,0
candidate,3334,37044444074,1000000000,recovery,early,1000000000,694444,5555552,694444,5555552,11111104,0,1000000000,probe,0
candidate,3335,37055555185,1000000000,recovery,early,1000000000,694444,5555552,694444,5555552,11111104,0,1000000000,probe,0
candidate,3336,37066666296,1000000000,recovery,early,1000000000,694444,5555552,694444,5555552,11111104,0,1000000000,probe,0
candidate,3337,37077777407,1000000000,recovery,early,1000000000,694444,5555552,694444,5555552,11111104,0,1000000000,probe,0
candidate,3338,37088888518,1000000000,recovery,early,1000000000,694444,5555552,694444,5555552,11111104,0,1000000000,probe,0
candidate,3339,37099999629,1000000000,recovery,early,1000000000,694444,5555552,694444,5555552,11111104,0,1000000000,probe,0
candidate,3340,37111110740,1000000000,recovery,early,1000000000,694444,5555552,694444,5555552,11111104,0,1000000000,probe,0
candidate,3341,37122221851,1000000000,recovery,early,1000000000,694444,5555552,694444,5555552,11111104,0,1000000000,probe,0
candidate,3342,37133332962,1000000000,recovery,early,1000000000,694444,5555552,694444,5555552,11111104,0,1000000000,probe,0
candidate,3343,37144444073,1000000000,recovery,early,1000000000,694444,5555552,694444,5555552,11111104,0,1000000000,probe,0
candidate,3344,37155555184,1000000000,recovery,early,1000000000,694444,5555552,694444,5555552,11111104,0,1000000000,probe,0
candidate,3345,37166666295,1000000000,recovery,early,1000000000,694444,5555552,694444,5555552,11111104,0,1000000000,probe,0
candidate,3346,37177777406,1000000000,recovery,early,1000000000,694444,5555552,694444,5555552,11111104,0,1000000000,steady,0
candidate,3347,37188888517,1000000000,recovery,early,850000000,590277,4722216,590278,4722224,9444440,0,1000000000,steady,0
candidate,3348,37199999628,1000000000,recovery,early,850000000,590277,4722216,590278,4722224,9444440,0,1000000000,steady,0
candidate,3349,37211110739,1000000000,recovery,early,850000000,590277,4722216,590278,4722224,9444440,0,1000000000,steady,0
candidate,3350,37222221850,1000000000,recovery,early,850000000,590277,4722216,590278,4722224,9444440,0,1000000000,steady,0
candidate,3351,37233332961,1000000000,recovery,early,850000000,590277,4722216,590278,4722224,9444440,0,1000000000,steady,0
candidate,3352,37244444072,1000000000,recovery,early,850000000,590277,4722216,590278,4722224,9444440,0,1000000000,steady,0
candidate,3353,37255555183,1000000000,recovery,early,850000000,590277,4722216,590278,4722224,9444440,0,1000000000,steady,0
candidate,3354,37266666294,1000000000,recovery,early,850000000,590277,4722216,590278,4722224,9444440,0,1000000000,steady,0
candidate,3355,37277777405,1000000000,recovery,early,850000000,590277,4722216,590278,4722224,9444440,0,1000000000,steady,0
candidate,3356,37288888516,1000000000,recovery,early,850000000,590277,4722216,590278,4722224,9444440,0,1000000000,steady,0
candidate,3357,37299999627,1000000000,recovery,early,850000000,590277,4722216,590278,4722224,9444440,0,1000000000,steady,0
candidate,3358,37311110738,1000000000,recovery,early,850000000,590277,4722216,590278,4722224,9444440,0,1000000000,steady,0
candidate,3359,37322221849,1000000000,recovery,early,850000000,590277,4722216,590278,4722224,9444440,0,1000000000,steady,0
candidate,3360,37333332960,1000000000,recovery,early,850000000,590277,4722216,590278,4722224,9444440,0,1000000000,steady,0
candidate,3361,37344444071,1000000000,recovery,early,850000000,590277,4722216,590278,4722224,9444440,0,1000000000,steady,0
candidate,3362,37355555182,1000000000,recovery,early,850000000,590277,4722216,590278,4722224,9444440,0,1000000000,steady,0
candidate,3363,37366666293,1000000000,recovery,early,850000000,590277,4722216,590278,4722224,9444440,0,1000000000,steady,0
candidate,3364,37377777404,1000000000,recovery,early,850000000,590277,4722216,590278,4722224,9444440,0,1000000000,steady,0
candidate,3365,37388888515,1000000000,recovery,early,850000000,590277,4722216,590278,4722224,9444440,0,1000000000,steady,0
candidate,3366,37399999626,1000000000,recovery,early,850000000,590277,4722216,590278,4722224,9444440,0,1000000000,steady,0
candidate,3367,37411110737,1000000000,recovery,early,850000000,590277,4722216,590278,4722224,9444440,0,1000000000,steady,0
candidate,3368,37422221848,1000000000,recovery,early,850000000,590277,4722216,590278,4722224,9444440,0,1000000000,steady,0
candidate,3369,37433332959,1000000000,recovery,early,850000000,590277,4722216,590278,4722224,9444440,0,1000000000,steady,0
candidate,3370,37444444070,1000000000,recovery,early,850000000,590277,4722216,590278,4722224,9444440,0,1000000000,steady,0
candidate,3371,37455555181,1000000000,recovery,early,850000000,590277,4722216,590278,4722224,9444440,0,1000000000,steady,0
candidate,3372,37466666292,1000000000,recovery,early,850000000,590277,4722216,590278,4722224,9444440,0,1000000000,steady,0
candidate,3373,37477777403,1000000000,recovery,early,850000000,590277,4722216,590278,4722224,9444440,0,1000000000,steady,0
candidate,3374,37488888514,1000000000,recovery,early,850000000,590277,4722216,590278,4722224,9444440,0,1000000000,steady,0
candidate,3375,37499999625,1000000000,recovery,early,850000000,590277,4722216,590278,4722224,9444440,0,1000000000,steady,0
candidate,3376,37511110736,1000000000,recovery,early,850000000,590277,4722216,590278,4722224,9444440,0,1000000000,steady,0
candidate,3377,37522221847,1000000000,recovery,early,850000000,590277,4722216,590278,4722224,9444440,0,1000000000,steady,0
candidate,3378,37533332958,1000000000,recovery,early,850000000,590277,4722216,590278,4722224,9444440,0,1000000000,steady,0
candidate,3379,37544444069,1000000000,recovery,early,850000000,590277,4722216,590278,4722224,9444440,0,1000000000,steady,0
candidate,3380,37555555180,1000000000,recovery,early,850000000,590277,4722216,590278,4722224,9444440,0,1000000000,steady,0
candidate,3381,37566666291,1000000000,recovery,early,850000000,590277,4722216,590278,4722224,9444440,0,1000000000,steady,0
candidate,3382,37577777402,1000000000,recovery,early,850000000,590277,4722216,590278,4722224,9444440,0,1000000000,steady,0
candidate,3383,37588888513,1000000000,recovery,early,850000000,590277,4722216,590278,4722224,9444440,0,1000000000,steady,0
candidate,3384,37599999624,1000000000,recovery,early,850000000,590277,4722216,590278,4722224,9444440,0,1000000000,steady,0
candidate,3385,37611110735,1000000000,recovery,early,850000000,590277,4722216,590278,4722224,9444440,0,1000000000,steady,0
candidate,3386,37622221846,1000000000,recovery,early,850000000,590277,4722216,590278,4722224,9444440,0,1000000000,steady,0
candidate,3387,37633332957,1000000000,recovery,early,850000000,590277,4722216,590278,4722224,9444440,0,1000000000,steady,0
candidate,3388,37644444068,1000000000,recovery,early,850000000,590277,4722216,590278,4722224,9444440,0,1000000000,steady,0
candidate,3389,37655555179,1000000000,recovery,early,850000000,590277,4722216,590278,4722224,9444440,0,1000000000,steady,0
candidate,3390,37666666290,1000000000,recovery,early,850000000,590277,4722216,590278,4722224,9444440,0,1000000000,steady,0
candidate,3391,37677777401,1000000000,recovery,early,850000000,590277,4722216,590278,4722224,9444440,0,1000000000,steady,0
candidate,3392,37688888512,1000000000,recovery,early,850000000,590277,4722216,590278,4722224,9444440,0,1000000000,steady,0
candidate,3393,37699999623,1000000000,recovery,early,850000000,590277,4722216,590278,4722224,9444440,0,1000000000,steady,0
candidate,3394,37711110734,1000000000,recovery,early,850000000,590277,4722216,590278,4722224,9444440,0,1000000000,steady,0
candidate,3395,37722221845,1000000000,recovery,early,850000000,590277,4722216,590278,4722224,9444440,0,1000000000,steady,0
candidate,3396,37733332956,1000000000,recovery,early,850000000,590277,4722216,590278,4722224,9444440,0,1000000000,steady,0
candidate,3397,37744444067,1000000000,recovery,early,850000000,590277,4722216,590278,4722224,9444440,0,1000000000,steady,0
candidate,3398,37755555178,1000000000,recovery,early,850000000,590277,4722216,590278,4722224,9444440,0,1000000000,steady,0
candidate,3399,37766666289,1000000000,recovery,early,850000000,590277,4722216,590278,4722224,9444440,0,1000000000,steady,0
candidate,3400,37777777400,1000000000,recovery,early,850000000,590277,4722216,590278,4722224,9444440,0,1000000000,steady,0
candidate,3401,37788888511,1000000000,recovery,early,850000000,590277,4722216,590278,4722224,9444440,0,1000000000,steady,0
candidate,3402,37799999622,1000000000,recovery,early,850000000,590277,4722216,590278,4722224,9444440,0,1000000000,steady,0
candidate,3403,37811110733,1000000000,recovery,early,850000000,590277,4722216,590278,4722224,9444440,0,1000000000,steady,0
candidate,3404,37822221844,1000000000,recovery,early,850000000,590277,4722216,590278,4722224,9444440,0,1000000000,steady,0
candidate,3405,37833332955,1000000000,recovery,early,850000000,590277,4722216,590278,4722224,9444440,0,1000000000,steady,0
candidate,3406,37844444066,1000000000,recovery,early,850000000,590277,4722216,590278,4722224,9444440,0,1000000000,steady,0
candidate,3407,37855555177,1000000000,recovery,early,850000000,590277,4722216,590278,4722224,9444440,0,1000000000,steady,0
candidate,3408,37866666288,1000000000,recovery,early,850000000,590277,4722216,590278,4722224,9444440,0,1000000000,steady,0
candidate,3409,37877777399,1000000000,recovery,early,850000000,590277,4722216,590278,4722224,9444440,0,1000000000,steady,0
candidate,3410,37888888510,1000000000,recovery,early,850000000,590277,4722216,590278,4722224,9444440,0,1000000000,steady,0
candidate,3411,37899999621,1000000000,recovery,early,850000000,590277,4722216,590278,4722224,9444440,0,1000000000,steady,0
candidate,3412,37911110732,1000000000,recovery,early,850000000,590277,4722216,590278,4722224,9444440,0,1000000000,steady,0
candidate,3413,37922221843,1000000000,recovery,early,850000000,590277,4722216,590278,4722224,9444440,0,1000000000,steady,0
candidate,3414,37933332954,1000000000,recovery,early,850000000,590277,4722216,590278,4722224,9444440,0,1000000000,steady,0
candidate,3415,37944444065,1000000000,recovery,early,850000000,590277,4722216,590278,4722224,9444440,0,1000000000,steady,0
candidate,3416,37955555176,1000000000,recovery,early,850000000,590277,4722216,590278,4722224,9444440,0,1000000000,steady,0
candidate,3417,37966666287,1000000000,recovery,early,850000000,590277,4722216,590278,4722224,9444440,0,1000000000,steady,0
candidate,3418,37977777398,1000000000,recovery,early,850000000,590277,4722216,590278,4722224,9444440,0,1000000000,steady,0
candidate,3419,37988888509,1000000000,recovery,early,850000000,590277,4722216,590278,4722224,9444440,0,1000000000,steady,0
candidate,3420,37999999620,1000000000,recovery,early,850000000,590277,4722216,590278,4722224,9444440,0,1000000000,steady,0
candidate,3421,38011110731,1000000000,recovery,early,850000000,590277,4722216,590278,4722224,9444440,0,1000000000,steady,0
candidate,3422,38022221842,1000000000,recovery,early,850000000,590277,4722216,590278,4722224,9444440,0,1000000000,steady,0
candidate,3423,38033332953,1000000000,recovery,early,850000000,590277,4722216,590278,4722224,9444440,0,1000000000,steady,0
candidate,3424,38044444064,1000000000,recovery,early,850000000,590277,4722216,590278,4722224,9444440,0,1000000000,steady,0
candidate,3425,38055555175,1000000000,recovery,early,850000000,590277,4722216,590278,4722224,9444440,0,1000000000,steady,0
candidate,3426,38066666286,1000000000,recovery,early,850000000,590277,4722216,590278,4722224,9444440,0,1000000000,steady,0
candidate,3427,38077777397,1000000000,recovery,early,850000000,590277,4722216,590278,4722224,9444440,0,1000000000,steady,0
candidate,3428,38088888508,1000000000,recovery,early,850000000,590277,4722216,590278,4722224,9444440,0,1000000000,steady,0
candidate,3429,38099999619,1000000000,recovery,early,850000000,590277,4722216,590278,4722224,9444440,0,1000000000,steady,0
candidate,3430,38111110730,1000000000,recovery,early,850000000,590277,4722216,590278,4722224,9444440,0,1000000000,steady,0
candidate,3431,38122221841,1000000000,recovery,early,850000000,590277,4722216,590278,4722224,9444440,0,1000000000,steady,0
candidate,3432,38133332952,1000000000,recovery,early,850000000,590277,4722216,590278,4722224,9444440,0,1000000000,steady,0
candidate,3433,38144444063,1000000000,recovery,early,850000000,590277,4722216,590278,4722224,9444440,0,1000000000,steady,0
candidate,3434,38155555174,1000000000,recovery,early,850000000,590277,4722216,590278,4722224,9444440,0,1000000000,steady,0
candidate,3435,38166666285,1000000000,recovery,early,850000000,590277,4722216,590278,4722224,9444440,0,1000000000,steady,0
candidate,3436,38177777396,1000000000,recovery,early,850000000,590277,4722216,590278,4722224,9444440,0,1000000000,steady,0
candidate,3437,38188888507,1000000000,recovery,early,850000000,590277,4722216,590278,4722224,9444440,0,1000000000,steady,0
candidate,3438,38199999618,1000000000,recovery,early,850000000,590277,4722216,590278,4722224,9444440,0,1000000000,steady,0
candidate,3439,38211110729,1000000000,recovery,early,850000000,590277,4722216,590278,4722224,9444440,0,1000000000,steady,0
candidate,3440,38222221840,1000000000,recovery,early,850000000,590277,4722216,590278,4722224,9444440,0,1000000000,steady,0
candidate,3441,38233332951,1000000000,recovery,early,850000000,590277,4722216,590278,4722224,9444440,0,1000000000,steady,0
candidate,3442,38244444062,1000000000,recovery,early,850000000,590277,4722216,590278,4722224,9444440,0,1000000000,steady,0
candidate,3443,38255555173,1000000000,recovery,early,850000000,590277,4722216,590278,4722224,9444440,0,1000000000,steady,0
candidate,3444,38266666284,1000000000,recovery,early,850000000,590277,4722216,590278,4722224,9444440,0,1000000000,steady,0
candidate,3445,38277777395,1000000000,recovery,early,850000000,590277,4722216,590278,4722224,9444440,0,1000000000,steady,0
candidate,3446,38288888506,1000000000,recovery,early,850000000,590277,4722216,590278,4722224,9444440,0,1000000000,steady,0
candidate,3447,38299999617,1000000000,recovery,early,850000000,590277,4722216,590278,4722224,9444440,0,1000000000,steady,0
candidate,3448,38311110728,1000000000,recovery,early,850000000,590277,4722216,590278,4722224,9444440,0,1000000000,steady,0
candidate,3449,38322221839,1000000000,recovery,early,850000000,590277,4722216,590278,4722224,9444440,0,1000000000,steady,0
candidate,3450,38333332950,1000000000,recovery,early,850000000,590277,4722216,590278,4722224,9444440,0,1000000000,steady,0
candidate,3451,38344444061,1000000000,recovery,early,850000000,590277,4722216,590278,4722224,9444440,0,1000000000,steady,0
candidate,3452,38355555172,1000000000,recovery,early,850000000,590277,4722216,590278,4722224,9444440,0,1000000000,steady,0
candidate,3453,38366666283,1000000000,recovery,early,850000000,590277,4722216,590278,4722224,9444440,0,1000000000,steady,0
candidate,3454,38377777394,1000000000,recovery,early,850000000,590277,4722216,590278,4722224,9444440,0,1000000000,steady,0
candidate,3455,38388888505,1000000000,recovery,early,850000000,590277,4722216,590278,4722224,9444440,0,1000000000,steady,0
candidate,3456,38399999616,1000000000,recovery,early,850000000,590277,4722216,590278,4722224,9444440,0,1000000000,steady,0
candidate,3457,38411110727,1000000000,recovery,early,850000000,590277,4722216,590278,4722224,9444440,0,1000000000,steady,0
candidate,3458,38422221838,1000000000,recovery,early,850000000,590277,4722216,590278,4722224,9444440,0,1000000000,steady,0
candidate,3459,38433332949,1000000000,recovery,early,850000000,590277,4722216,590278,4722224,9444440,0,1000000000,steady,0
candidate,3460,38444444060,1000000000,recovery,early,850000000,590277,4722216,590278,4722224,9444440,0,1000000000,steady,0
candidate,3461,38455555171,1000000000,recovery,early,850000000,590277,4722216,590278,4722224,9444440,0,1000000000,steady,0
candidate,3462,38466666282,1000000000,recovery,early,850000000,590277,4722216,590278,4722224,9444440,0,1000000000,steady,0
candidate,3463,38477777393,1000000000,recovery,early,850000000,590277,4722216,590278,4722224,9444440,0,1000000000,steady,0
candidate,3464,38488888504,1000000000,recovery,early,850000000,590277,4722216,590278,4722224,9444440,0,1000000000,steady,0
candidate,3465,38499999615,1000000000,recovery,early,850000000,590277,4722216,590278,4722224,9444440,0,1000000000,steady,0
candidate,3466,38511110726,1000000000,recovery,early,850000000,590277,4722216,590278,4722224,9444440,0,1000000000,steady,0
candidate,3467,38522221837,1000000000,recovery,early,850000000,590277,4722216,590278,4722224,9444440,0,1000000000,steady,0
candidate,3468,38533332948,1000000000,recovery,early,850000000,590277,4722216,590278,4722224,9444440,0,1000000000,steady,0
candidate,3469,38544444059,1000000000,recovery,early,850000000,590277,4722216,590278,4722224,9444440,0,1000000000,steady,0
candidate,3470,38555555170,1000000000,recovery,early,850000000,590277,4722216,590278,4722224,9444440,0,1000000000,steady,0
candidate,3471,38566666281,1000000000,recovery,early,850000000,590277,4722216,590278,4722224,9444440,0,1000000000,steady,0
candidate,3472,38577777392,1000000000,recovery,early,850000000,590277,4722216,590278,4722224,9444440,0,1000000000,steady,0
candidate,3473,38588888503,1000000000,recovery,early,850000000,590277,4722216,590278,4722224,9444440,0,1000000000,steady,0
candidate,3474,38599999614,1000000000,recovery,early,850000000,590277,4722216,590278,4722224,9444440,0,1000000000,steady,0
candidate,3475,38611110725,1000000000,recovery,early,850000000,590277,4722216,590278,4722224,9444440,0,1000000000,steady,0
candidate,3476,38622221836,1000000000,recovery,early,850000000,590277,4722216,590278,4722224,9444440,0,1000000000,steady,0
candidate,3477,38633332947,1000000000,recovery,early,850000000,590277,4722216,590278,4722224,9444440,0,1000000000,steady,0
candidate,3478,38644444058,1000000000,recovery,early,850000000,590277,4722216,590278,4722224,9444440,0,1000000000,steady,0
candidate,3479,38655555169,1000000000,recovery,early,850000000,590277,4722216,590278,4722224,9444440,0,1000000000,steady,0
candidate,3480,38666666280,1000000000,recovery,early,850000000,590277,4722216,590278,4722224,9444440,0,1000000000,steady,0
candidate,3481,38677777391,1000000000,recovery,early,850000000,590277,4722216,590278,4722224,9444440,0,1000000000,steady,0
candidate,3482,38688888502,1000000000,recovery,early,850000000,590277,4722216,590278,4722224,9444440,0,1000000000,steady,0
candidate,3483,38699999613,1000000000,recovery,early,850000000,590277,4722216,590278,4722224,9444440,0,1000000000,steady,0
candidate,3484,38711110724,1000000000,recovery,early,850000000,590277,4722216,590278,4722224,9444440,0,1000000000,steady,0
candidate,3485,38722221835,1000000000,recovery,early,850000000,590277,4722216,590278,4722224,9444440,0,1000000000,steady,0
candidate,3486,38733332946,1000000000,recovery,early,850000000,590277,4722216,590278,4722224,9444440,0,1000000000,steady,0
candidate,3487,38744444057,1000000000,recovery,early,850000000,590277,4722216,590278,4722224,9444440,0,1000000000,steady,0
candidate,3488,38755555168,1000000000,recovery,early,850000000,590277,4722216,590278,4722224,9444440,0,1000000000,steady,0
candidate,3489,38766666279,1000000000,recovery,early,850000000,590277,4722216,590278,4722224,9444440,0,1000000000,steady,0
candidate,3490,38777777390,1000000000,recovery,early,850000000,590277,4722216,590278,4722224,9444440,0,1000000000,steady,0
candidate,3491,38788888501,1000000000,recovery,early,850000000,590277,4722216,590278,4722224,9444440,0,1000000000,steady,0
candidate,3492,38799999612,1000000000,recovery,early,850000000,590277,4722216,590278,4722224,9444440,0,1000000000,steady,0
candidate,3493,38811110723,1000000000,recovery,early,850000000,590277,4722216,590278,4722224,9444440,0,1000000000,steady,0
candidate,3494,38822221834,1000000000,recovery,early,850000000,590277,4722216,590278,4722224,9444440,0,1000000000,steady,0
candidate,3495,38833332945,1000000000,recovery,early,850000000,590277,4722216,590278,4722224,9444440,0,1000000000,steady,0
candidate,3496,38844444056,1000000000,recovery,early,850000000,590277,4722216,590278,4722224,9444440,0,1000000000,steady,0
candidate,3497,38855555167,1000000000,recovery,early,850000000,590277,4722216,590278,4722224,9444440,0,1000000000,steady,0
candidate,3498,38866666278,1000000000,recovery,early,850000000,590277,4722216,590278,4722224,9444440,0,1000000000,steady,0
candidate,3499,38877777389,1000000000,recovery,early,850000000,590277,4722216,590278,4722224,9444440,0,1000000000,steady,0
candidate,3500,38888888500,1000000000,recovery,early,850000000,590277,4722216,590278,4722224,9444440,0,1000000000,steady,0
candidate,3501,38899999611,1000000000,recovery,early,850000000,590277,4722216,590278,4722224,9444440,0,1000000000,steady,0
candidate,3502,38911110722,1000000000,recovery,early,850000000,590277,4722216,590278,4722224,9444440,0,1000000000,steady,0
candidate,3503,38922221833,1000000000,recovery,early,850000000,590277,4722216,590278,4722224,9444440,0,1000000000,steady,0
candidate,3504,38933332944,1000000000,recovery,early,850000000,590277,4722216,590278,4722224,9444440,0,1000000000,steady,0
candidate,3505,38944444055,1000000000,recovery,early,850000000,590277,4722216,590278,4722224,9444440,0,1000000000,steady,0
candidate,3506,38955555166,1000000000,recovery,early,850000000,590277,4722216,590278,4722224,9444440,0,1000000000,steady,0
candidate,3507,38966666277,1000000000,recovery,early,850000000,590277,4722216,590278,4722224,9444440,0,1000000000,steady,0
candidate,3508,38977777388,1000000000,recovery,early,850000000,590277,4722216,590278,4722224,9444440,0,1000000000,steady,0
candidate,3509,38988888499,1000000000,recovery,early,850000000,590277,4722216,590278,4722224,9444440,0,1000000000,steady,0
candidate,3510,38999999610,1000000000,recovery,early,850000000,590277,4722216,590278,4722224,9444440,0,1000000000,steady,0
candidate,3511,39011110721,1000000000,recovery,early,850000000,590277,4722216,590278,4722224,9444440,0,1000000000,steady,0
candidate,3512,39022221832,1000000000,recovery,early,850000000,590277,4722216,590278,4722224,9444440,0,1000000000,steady,0
candidate,3513,39033332943,1000000000,recovery,early,850000000,590277,4722216,590278,4722224,9444440,0,1000000000,steady,0
candidate,3514,39044444054,1000000000,recovery,early,850000000,590277,4722216,590278,4722224,9444440,0,1000000000,steady,0
candidate,3515,39055555165,1000000000,recovery,early,850000000,590277,4722216,590278,4722224,9444440,0,1000000000,steady,0
candidate,3516,39066666276,1000000000,recovery,early,850000000,590277,4722216,590278,4722224,9444440,0,1000000000,steady,0
candidate,3517,39077777387,1000000000,recovery,early,850000000,590277,4722216,590278,4722224,9444440,0,1000000000,steady,0
candidate,3518,39088888498,1000000000,recovery,early,850000000,590277,4722216,590278,4722224,9444440,0,1000000000,steady,0
candidate,3519,39099999609,1000000000,recovery,early,850000000,590277,4722216,590278,4722224,9444440,0,1000000000,steady,0
candidate,3520,39111110720,1000000000,recovery,early,850000000,590277,4722216,590278,4722224,9444440,0,1000000000,steady,0
candidate,3521,39122221831,1000000000,recovery,early,850000000,590277,4722216,590278,4722224,9444440,0,1000000000,steady,0
candidate,3522,39133332942,1000000000,recovery,early,850000000,590277,4722216,590278,4722224,9444440,0,1000000000,steady,0
candidate,3523,39144444053,1000000000,recovery,early,850000000,590277,4722216,590278,4722224,9444440,0,1000000000,steady,0
candidate,3524,39155555164,1000000000,recovery,early,850000000,590277,4722216,590278,4722224,9444440,0,1000000000,steady,0
candidate,3525,39166666275,1000000000,recovery,early,850000000,590277,4722216,590278,4722224,9444440,0,1000000000,steady,0
candidate,3526,39177777386,1000000000,recovery,early,850000000,590277,4722216,590278,4722224,9444440,0,1000000000,steady,0
candidate,3527,39188888497,1000000000,recovery,early,850000000,590277,4722216,590278,4722224,9444440,0,1000000000,steady,0
candidate,3528,39199999608,1000000000,recovery,early,850000000,590277,4722216,590278,4722224,9444440,0,1000000000,steady,0
candidate,3529,39211110719,1000000000,recovery,early,850000000,590277,4722216,590278,4722224,9444440,0,1000000000,steady,0
candidate,3530,39222221830,1000000000,recovery,early,850000000,590277,4722216,590278,4722224,9444440,0,1000000000,steady,0
candidate,3531,39233332941,1000000000,recovery,early,850000000,590277,4722216,590278,4722224,9444440,0,1000000000,steady,0
candidate,3532,39244444052,1000000000,recovery,early,850000000,590277,4722216,590278,4722224,9444440,0,1000000000,steady,0
candidate,3533,39255555163,1000000000,recovery,early,850000000,590277,4722216,590278,4722224,9444440,0,1000000000,steady,0
candidate,3534,39266666274,1000000000,recovery,early,850000000,590277,4722216,590278,4722224,9444440,0,1000000000,steady,0
candidate,3535,39277777385,1000000000,recovery,early,850000000,590277,4722216,590278,4722224,9444440,0,1000000000,steady,0
candidate,3536,39288888496,1000000000,recovery,early,850000000,590277,4722216,590278,4722224,9444440,0,1000000000,steady,0
candidate,3537,39299999607,1000000000,recovery,early,850000000,590277,4722216,590278,4722224,9444440,0,1000000000,steady,0
candidate,3538,39311110718,1000000000,recovery,early,850000000,590277,4722216,590278,4722224,9444440,0,1000000000,steady,0
candidate,3539,39322221829,1000000000,recovery,early,850000000,590277,4722216,590278,4722224,9444440,0,1000000000,steady,0
candidate,3540,39333332940,1000000000,recovery,early,850000000,590277,4722216,590278,4722224,9444440,0,1000000000,steady,0
candidate,3541,39344444051,1000000000,recovery,early,850000000,590277,4722216,590278,4722224,9444440,0,1000000000,steady,0
candidate,3542,39355555162,1000000000,recovery,early,850000000,590277,4722216,590278,4722224,9444440,0,1000000000,steady,0
candidate,3543,39366666273,1000000000,recovery,early,850000000,590277,4722216,590278,4722224,9444440,0,1000000000,steady,0
candidate,3544,39377777384,1000000000,recovery,early,850000000,590277,4722216,590278,4722224,9444440,0,1000000000,steady,0
candidate,3545,39388888495,1000000000,recovery,early,850000000,590277,4722216,590278,4722224,9444440,0,1000000000,steady,0
candidate,3546,39399999606,1000000000,recovery,early,850000000,590277,4722216,590278,4722224,9444440,0,1000000000,steady,0
candidate,3547,39411110717,1000000000,recovery,early,850000000,590277,4722216,590278,4722224,9444440,0,1000000000,steady,0
candidate,3548,39422221828,1000000000,recovery,early,850000000,590277,4722216,590278,4722224,9444440,0,1000000000,steady,0
candidate,3549,39433332939,1000000000,recovery,early,850000000,590277,4722216,590278,4722224,9444440,0,1000000000,steady,0
candidate,3550,39444444050,1000000000,recovery,early,850000000,590277,4722216,590278,4722224,9444440,0,1000000000,steady,0
candidate,3551,39455555161,1000000000,recovery,early,850000000,590277,4722216,590278,4722224,9444440,0,1000000000,steady,0
candidate,3552,39466666272,1000000000,recovery,early,850000000,590277,4722216,590278,4722224,9444440,0,1000000000,steady,0
candidate,3553,39477777383,1000000000,recovery,early,850000000,590277,4722216,590278,4722224,9444440,0,1000000000,steady,0
candidate,3554,39488888494,1000000000,recovery,early,850000000,590277,4722216,590278,4722224,9444440,0,1000000000,steady,0
candidate,3555,39499999605,1000000000,recovery,early,850000000,590277,4722216,590278,4722224,9444440,0,1000000000,steady,0
candidate,3556,39511110716,1000000000,recovery,early,850000000,590277,4722216,590278,4722224,9444440,0,1000000000,steady,0
candidate,3557,39522221827,1000000000,recovery,early,850000000,590277,4722216,590278,4722224,9444440,0,1000000000,steady,0
candidate,3558,39533332938,1000000000,recovery,early,850000000,590277,4722216,590278,4722224,9444440,0,1000000000,steady,0
candidate,3559,39544444049,1000000000,recovery,early,850000000,590277,4722216,590278,4722224,9444440,0,1000000000,steady,0
candidate,3560,39555555160,1000000000,recovery,early,850000000,590277,4722216,590278,4722224,9444440,0,1000000000,steady,0
candidate,3561,39566666271,1000000000,recovery,early,850000000,590277,4722216,590278,4722224,9444440,0,1000000000,steady,0
candidate,3562,39577777382,1000000000,recovery,early,850000000,590277,4722216,590278,4722224,9444440,0,1000000000,steady,0
candidate,3563,39588888493,1000000000,recovery,early,850000000,590277,4722216,590278,4722224,9444440,0,1000000000,steady,0
candidate,3564,39599999604,1000000000,recovery,early,850000000,590277,4722216,590278,4722224,9444440,0,1000000000,steady,0
candidate,3565,39611110715,1000000000,recovery,early,850000000,590277,4722216,590278,4722224,9444440,0,1000000000,steady,0
candidate,3566,39622221826,1000000000,recovery,early,850000000,590277,4722216,590278,4722224,9444440,0,1000000000,steady,0
candidate,3567,39633332937,1000000000,recovery,early,850000000,590277,4722216,590278,4722224,9444440,0,1000000000,steady,0
candidate,3568,39644444048,1000000000,recovery,early,850000000,590277,4722216,590278,4722224,9444440,0,1000000000,steady,0
candidate,3569,39655555159,1000000000,recovery,early,850000000,590277,4722216,590278,4722224,9444440,0,1000000000,steady,0
candidate,3570,39666666270,1000000000,recovery,early,850000000,590277,4722216,590278,4722224,9444440,0,1000000000,steady,0
candidate,3571,39677777381,1000000000,recovery,early,850000000,590277,4722216,590278,4722224,9444440,0,1000000000,steady,0
candidate,3572,39688888492,1000000000,recovery,early,850000000,590277,4722216,590278,4722224,9444440,0,1000000000,steady,0
candidate,3573,39699999603,1000000000,recovery,early,850000000,590277,4722216,590278,4722224,9444440,0,1000000000,steady,0
candidate,3574,39711110714,1000000000,recovery,early,850000000,590277,4722216,590278,4722224,9444440,0,1000000000,steady,0
candidate,3575,39722221825,1000000000,recovery,early,850000000,590277,4722216,590278,4722224,9444440,0,1000000000,steady,0
candidate,3576,39733332936,1000000000,recovery,early,850000000,590277,4722216,590278,4722224,9444440,0,1000000000,steady,0
candidate,3577,39744444047,1000000000,recovery,early,850000000,590277,4722216,590278,4722224,9444440,0,1000000000,steady,0
candidate,3578,39755555158,1000000000,recovery,early,850000000,590277,4722216,590278,4722224,9444440,0,1000000000,steady,0
candidate,3579,39766666269,1000000000,recovery,early,850000000,590277,4722216,590278,4722224,9444440,0,1000000000,steady,0
candidate,3580,39777777380,1000000000,recovery,early,850000000,590277,4722216,590278,4722224,9444440,0,1000000000,steady,0
candidate,3581,39788888491,1000000000,recovery,early,850000000,590277,4722216,590278,4722224,9444440,0,1000000000,steady,0
candidate,3582,39799999602,1000000000,recovery,early,850000000,590277,4722216,590278,4722224,9444440,0,1000000000,steady,0
candidate,3583,39811110713,1000000000,recovery,early,850000000,590277,4722216,590278,4722224,9444440,0,1000000000,steady,0
candidate,3584,39822221824,1000000000,recovery,early,850000000,590277,4722216,590278,4722224,9444440,0,1000000000,steady,0
candidate,3585,39833332935,1000000000,recovery,early,850000000,590277,4722216,590278,4722224,9444440,0,1000000000,steady,0
candidate,3586,39844444046,1000000000,recovery,early,850000000,590277,4722216,590278,4722224,9444440,0,1000000000,steady,0
candidate,3587,39855555157,1000000000,recovery,early,850000000,590277,4722216,590278,4722224,9444440,0,1000000000,steady,0
candidate,3588,39866666268,1000000000,recovery,early,850000000,590277,4722216,590278,4722224,9444440,0,1000000000,steady,0
candidate,3589,39877777379,1000000000,recovery,early,850000000,590277,4722216,590278,4722224,9444440,0,1000000000,steady,0
candidate,3590,39888888490,1000000000,recovery,early,850000000,590277,4722216,590278,4722224,9444440,0,1000000000,steady,0
candidate,3591,39899999601,1000000000,recovery,early,850000000,590277,4722216,590278,4722224,9444440,0,1000000000,steady,0
candidate,3592,39911110712,1000000000,recovery,early,850000000,590277,4722216,590278,4722224,9444440,0,1000000000,steady,0
candidate,3593,39922221823,1000000000,recovery,early,850000000,590277,4722216,590278,4722224,9444440,0,1000000000,steady,0
candidate,3594,39933332934,1000000000,recovery,early,850000000,590277,4722216,590278,4722224,9444440,0,1000000000,steady,0
candidate,3595,39944444045,1000000000,recovery,early,850000000,590277,4722216,590278,4722224,9444440,0,1000000000,steady,0
candidate,3596,39955555156,1000000000,recovery,early,850000000,590277,4722216,590278,4722224,9444440,0,1000000000,steady,0
candidate,3597,39966666267,1000000000,recovery,early,850000000,590277,4722216,590278,4722224,9444440,0,1000000000,steady,0
candidate,3598,39977777378,1000000000,recovery,early,850000000,590277,4722216,590278,4722224,9444440,0,1000000000,steady,0
candidate,3599,39988888489,1000000000,recovery,early,850000000,590277,4722216,590278,4722224,9444440,0,1000000000,steady,0
