--------- beginning of main
--------- beginning of system
09-11 10:27:27.456 23789 29973 I WiVRn   : [2026-09-11 10:27:27.456] [WiVRn] [info] Starting WiVRn version nx-1.4.1-270-gb56d60e4 (b56d60e47ec79b91dccbffaff820ecbad227ba1d)
09-11 10:27:27.456 23789 29973 I WiVRn   : [2026-09-11 10:27:27.456] [WiVRn] [info] Started with intent wivrn://192.168.1.2
09-11 10:27:27.458 23789 29973 I WiVRn   : [2026-09-11 10:27:27.458] [WiVRn] [info] Guessing HMD model from:
09-11 10:27:27.458 23789 29973 I WiVRn   : [2026-09-11 10:27:27.458] [WiVRn] [info]     ro.product.device = "PICOA8110":
09-11 10:27:27.458 23789 29973 I WiVRn   : [2026-09-11 10:27:27.458] [WiVRn] [info]     ro.product.manufacturer = "Pico":
09-11 10:27:27.458 23789 29973 I WiVRn   : [2026-09-11 10:27:27.458] [WiVRn] [info]     ro.product.model = "A8110":
09-11 10:27:27.458 23789 29973 I WiVRn   : [2026-09-11 10:27:27.458] [WiVRn] [info]     pxr.vendorhw.product.model = "PICO 4":
09-11 10:27:27.458 23789 29973 I WiVRn   : [2026-09-11 10:27:27.458] [WiVRn] [info] HMD traits initialized
09-11 10:27:27.458 23789 29973 I WiVRn   : [2026-09-11 10:27:27.458] [WiVRn] [info] 	controller_profile: pico-4
09-11 10:27:27.458 23789 29973 I WiVRn   : [2026-09-11 10:27:27.458] [WiVRn] [info] 	controller_ray_model: assets://ray.glb
09-11 10:27:27.458 23789 29973 I WiVRn   : [2026-09-11 10:27:27.458] [WiVRn] [info] 	max_openxr_api_version: 1.1.58
09-11 10:27:27.458 23789 29973 I WiVRn   : [2026-09-11 10:27:27.458] [WiVRn] [info] 	panel_width_override: 2160
09-11 10:27:27.458 23789 29973 I WiVRn   : [2026-09-11 10:27:27.458] [WiVRn] [info] 	needs_srgb_conversion: true
09-11 10:27:27.458 23789 29973 I WiVRn   : [2026-09-11 10:27:27.458] [WiVRn] [info] 	nxwarp_atlas_speed: true
09-11 10:27:27.458 23789 29973 I WiVRn   : [2026-09-11 10:27:27.458] [WiVRn] [info] 	view_locate: false
09-11 10:27:27.458 23789 29973 I WiVRn   : [2026-09-11 10:27:27.458] [WiVRn] [info] 	vk_debug_ext_allowed: true
09-11 10:27:27.458 23789 29973 I WiVRn   : [2026-09-11 10:27:27.458] [WiVRn] [info] 	bind_simple_controller: true
09-11 10:27:27.458 23789 29973 I WiVRn   : [2026-09-11 10:27:27.458] [WiVRn] [info] 	hand_interaction_grip_surface: true
09-11 10:27:27.458 23789 29973 I WiVRn   : [2026-09-11 10:27:27.458] [WiVRn] [info] 	pico_face_tracker: false
09-11 10:27:27.458 23789 29973 I WiVRn   : [2026-09-11 10:27:27.458] [WiVRn] [info] 	discard_frame: false
09-11 10:27:27.475 23789 29973 I WiVRn   : [2026-09-11 10:27:27.475] [WiVRn] [info] Available OpenXR layers:
09-11 10:27:27.475 23789 29973 I WiVRn   : [2026-09-11 10:27:27.475] [WiVRn] [info] Available OpenXR extensions:
09-11 10:27:27.477 23789 29973 I WiVRn   : [2026-09-11 10:27:27.477] [WiVRn] [info]     XR_BD_body_tracking (version 1)
09-11 10:27:27.477 23789 29973 I WiVRn   : [2026-09-11 10:27:27.477] [WiVRn] [info]     XR_BD_controller_interaction (version 1)
09-11 10:27:27.477 23789 29973 I WiVRn   : [2026-09-11 10:27:27.477] [WiVRn] [info]     XR_EPIC_view_configuration_fov (version 2)
09-11 10:27:27.477 23789 29973 I WiVRn   : [2026-09-11 10:27:27.477] [WiVRn] [info]     XR_EXTX_overlay (version 5)
09-11 10:27:27.477 23789 29973 I WiVRn   : [2026-09-11 10:27:27.477] [WiVRn] [info]     XR_EXT_active_action_set_priority (version 1)
09-11 10:27:27.477 23789 29973 I WiVRn   : [2026-09-11 10:27:27.477] [WiVRn] [info]     XR_EXT_composition_layer_inverted_alpha (version 1)
09-11 10:27:27.477 23789 29973 I WiVRn   : [2026-09-11 10:27:27.477] [WiVRn] [info]     XR_EXT_debug_utils (version 5)
09-11 10:27:27.477 23789 29973 I WiVRn   : [2026-09-11 10:27:27.477] [WiVRn] [info]     XR_EXT_eye_gaze_interaction (version 2)
09-11 10:27:27.477 23789 29973 I WiVRn   : [2026-09-11 10:27:27.477] [WiVRn] [info]     XR_EXT_frame_synthesis (version 1)
09-11 10:27:27.477 23789 29973 I WiVRn   : [2026-09-11 10:27:27.477] [WiVRn] [info]     XR_EXT_hand_interaction (version 1)
09-11 10:27:27.477 23789 29973 I WiVRn   : [2026-09-11 10:27:27.477] [WiVRn] [info]     XR_EXT_hand_tracking (version 4)
09-11 10:27:27.477 23789 29973 I WiVRn   : [2026-09-11 10:27:27.477] [WiVRn] [info]     XR_EXT_local_floor (version 1)
09-11 10:27:27.477 23789 29973 I WiVRn   : [2026-09-11 10:27:27.477] [WiVRn] [info]     XR_EXT_palm_pose (version 3)
09-11 10:27:27.477 23789 29973 I WiVRn   : [2026-09-11 10:27:27.477] [WiVRn] [info]     XR_EXT_performance_settings (version 4)
09-11 10:27:27.477 23789 29973 I WiVRn   : [2026-09-11 10:27:27.477] [WiVRn] [info]     XR_EXT_user_presence (version 1)
09-11 10:27:27.477 23789 29973 I WiVRn   : [2026-09-11 10:27:27.477] [WiVRn] [info]     XR_EXT_uuid (version 1)
09-11 10:27:27.477 23789 29973 I WiVRn   : [2026-09-11 10:27:27.477] [WiVRn] [info]     XR_EXT_view_configuration_depth_range (version 1)
09-11 10:27:27.477 23789 29973 I WiVRn   : [2026-09-11 10:27:27.477] [WiVRn] [info]     XR_FB_composition_layer_alpha_blend (version 3)
09-11 10:27:27.477 23789 29973 I WiVRn   : [2026-09-11 10:27:27.477] [WiVRn] [info]     XR_FB_composition_layer_image_layout (version 1)
09-11 10:27:27.477 23789 29973 I WiVRn   : [2026-09-11 10:27:27.477] [WiVRn] [info]     XR_FB_composition_layer_secure_content (version 1)
09-11 10:27:27.477 23789 29973 I WiVRn   : [2026-09-11 10:27:27.477] [WiVRn] [info]     XR_FB_composition_layer_settings (version 1)
09-11 10:27:27.477 23789 29973 I WiVRn   : [2026-09-11 10:27:27.477] [WiVRn] [info]     XR_FB_display_refresh_rate (version 1)
09-11 10:27:27.477 23789 29973 I WiVRn   : [2026-09-11 10:27:27.477] [WiVRn] [info]     XR_FB_foveation (version 1)
09-11 10:27:27.477 23789 29973 I WiVRn   : [2026-09-11 10:27:27.477] [WiVRn] [info]     XR_FB_foveation_configuration (version 1)
09-11 10:27:27.477 23789 29973 I WiVRn   : [2026-09-11 10:27:27.477] [WiVRn] [info]     XR_FB_foveation_vulkan (version 1)
09-11 10:27:27.477 23789 29973 I WiVRn   : [2026-09-11 10:27:27.477] [WiVRn] [info]     XR_FB_passthrough (version 4)
09-11 10:27:27.477 23789 29973 I WiVRn   : [2026-09-11 10:27:27.477] [WiVRn] [info]     XR_FB_space_warp (version 2)
09-11 10:27:27.477 23789 29973 I WiVRn   : [2026-09-11 10:27:27.477] [WiVRn] [info]     XR_FB_swapchain_update_state (version 3)
09-11 10:27:27.477 23789 29973 I WiVRn   : [2026-09-11 10:27:27.477] [WiVRn] [info]     XR_FB_swapchain_update_state_android_surface (version 1)
09-11 10:27:27.477 23789 29973 I WiVRn   : [2026-09-11 10:27:27.477] [WiVRn] [info]     XR_FB_swapchain_update_state_opengl_es (version 1)
09-11 10:27:27.477 23789 29973 I WiVRn   : [2026-09-11 10:27:27.477] [WiVRn] [info]     XR_FB_swapchain_update_state_vulkan (version 1)
09-11 10:27:27.477 23789 29973 I WiVRn   : [2026-09-11 10:27:27.477] [WiVRn] [info]     XR_FB_triangle_mesh (version 2)
09-11 10:27:27.477 23789 29973 I WiVRn   : [2026-09-11 10:27:27.477] [WiVRn] [info]     XR_KHR_android_create_instance (version 3)
09-11 10:27:27.477 23789 29973 I WiVRn   : [2026-09-11 10:27:27.477] [WiVRn] [info]     XR_KHR_android_surface_swapchain (version 4)
09-11 10:27:27.477 23789 29973 I WiVRn   : [2026-09-11 10:27:27.477] [WiVRn] [info]     XR_KHR_android_thread_settings (version 6)
09-11 10:27:27.477 23789 29973 I WiVRn   : [2026-09-11 10:27:27.477] [WiVRn] [info]     XR_KHR_composition_layer_color_scale_bias (version 5)
09-11 10:27:27.477 23789 29973 I WiVRn   : [2026-09-11 10:27:27.477] [WiVRn] [info]     XR_KHR_composition_layer_cube (version 8)
09-11 10:27:27.477 23789 29973 I WiVRn   : [2026-09-11 10:27:27.477] [WiVRn] [info]     XR_KHR_composition_layer_cylinder (version 4)
09-11 10:27:27.477 23789 29973 I WiVRn   : [2026-09-11 10:27:27.477] [WiVRn] [info]     XR_KHR_composition_layer_depth (version 6)
09-11 10:27:27.477 23789 29973 I WiVRn   : [2026-09-11 10:27:27.477] [WiVRn] [info]     XR_KHR_composition_layer_equirect (version 3)
09-11 10:27:27.477 23789 29973 I WiVRn   : [2026-09-11 10:27:27.477] [WiVRn] [info]     XR_KHR_composition_layer_equirect2 (version 1)
09-11 10:27:27.477 23789 29973 I WiVRn   : [2026-09-11 10:27:27.477] [WiVRn] [info]     XR_KHR_convert_timespec_time (version 1)
09-11 10:27:27.477 23789 29973 I WiVRn   : [2026-09-11 10:27:27.477] [WiVRn] [info]     XR_KHR_loader_init (version 2)
09-11 10:27:27.477 23789 29973 I WiVRn   : [2026-09-11 10:27:27.477] [WiVRn] [info]     XR_KHR_loader_init_android (version 1)
09-11 10:27:27.477 23789 29973 I WiVRn   : [2026-09-11 10:27:27.477] [WiVRn] [info]     XR_KHR_locate_spaces (version 1)
09-11 10:27:27.477 23789 29973 I WiVRn   : [2026-09-11 10:27:27.477] [WiVRn] [info]     XR_KHR_maintenance1 (version 1)
09-11 10:27:27.477 23789 29973 I WiVRn   : [2026-09-11 10:27:27.477] [WiVRn] [info]     XR_KHR_opengl_es_enable (version 8)
09-11 10:27:27.477 23789 29973 I WiVRn   : [2026-09-11 10:27:27.477] [WiVRn] [info]     XR_KHR_vulkan_enable (version 8)
09-11 10:27:27.477 23789 29973 I WiVRn   : [2026-09-11 10:27:27.477] [WiVRn] [info]     XR_KHR_vulkan_enable2 (version 2)
09-11 10:27:27.477 23789 29973 I WiVRn   : [2026-09-11 10:27:27.477] [WiVRn] [info]     XR_KHR_vulkan_swapchain_format_list (version 5)
09-11 10:27:27.477 23789 29973 I WiVRn   : [2026-09-11 10:27:27.477] [WiVRn] [info]     XR_META_foveation_eye_tracked (version 1)
09-11 10:27:27.477 23789 29973 I WiVRn   : [2026-09-11 10:27:27.477] [WiVRn] [info]     XR_META_vulkan_swapchain_create_info (version 1)
09-11 10:27:27.477 23789 29973 I WiVRn   : [2026-09-11 10:27:27.477] [WiVRn] [info]     XR_MND_headless (version 2)
09-11 10:27:27.477 23789 29973 I WiVRn   : [2026-09-11 10:27:27.477] [WiVRn] [info]     XR_MSFT_composition_layer_reprojection (version 1)
09-11 10:27:27.477 23789 29973 I WiVRn   : [2026-09-11 10:27:27.477] [WiVRn] [info] Performance APIs: XR_EXT_performance_settings = available, vendor power/performance extensions = none
09-11 10:27:27.567 23789 23789 I WiVRn   : [2026-09-11 10:27:27.565] [WiVRn] [info] [pointer_capture] requestPointerCapture() invoked successfully
09-11 10:27:27.644 23789 29973 I WiVRn   : [2026-09-11 10:27:27.644] [WiVRn] [info] Using OpenXR extensions:
09-11 10:27:27.644 23789 29973 I WiVRn   : [2026-09-11 10:27:27.644] [WiVRn] [info]     XR_KHR_convert_timespec_time
09-11 10:27:27.644 23789 29973 I WiVRn   : [2026-09-11 10:27:27.644] [WiVRn] [info]     XR_BD_body_tracking
09-11 10:27:27.644 23789 29973 I WiVRn   : [2026-09-11 10:27:27.644] [WiVRn] [info]     XR_BD_controller_interaction
09-11 10:27:27.644 23789 29973 I WiVRn   : [2026-09-11 10:27:27.644] [WiVRn] [info]     XR_EXT_eye_gaze_interaction
09-11 10:27:27.644 23789 29973 I WiVRn   : [2026-09-11 10:27:27.644] [WiVRn] [info]     XR_EXT_hand_interaction
09-11 10:27:27.644 23789 29973 I WiVRn   : [2026-09-11 10:27:27.644] [WiVRn] [info]     XR_EXT_hand_tracking
09-11 10:27:27.644 23789 29973 I WiVRn   : [2026-09-11 10:27:27.644] [WiVRn] [info]     XR_EXT_performance_settings
09-11 10:27:27.644 23789 29973 I WiVRn   : [2026-09-11 10:27:27.644] [WiVRn] [info]     XR_EXT_user_presence
09-11 10:27:27.644 23789 29973 I WiVRn   : [2026-09-11 10:27:27.644] [WiVRn] [info]     XR_FB_composition_layer_settings
09-11 10:27:27.644 23789 29973 I WiVRn   : [2026-09-11 10:27:27.644] [WiVRn] [info]     XR_FB_display_refresh_rate
09-11 10:27:27.644 23789 29973 I WiVRn   : [2026-09-11 10:27:27.644] [WiVRn] [info]     XR_FB_passthrough
09-11 10:27:27.644 23789 29973 I WiVRn   : [2026-09-11 10:27:27.644] [WiVRn] [info]     XR_FB_swapchain_update_state
09-11 10:27:27.644 23789 29973 I WiVRn   : [2026-09-11 10:27:27.644] [WiVRn] [info]     XR_KHR_composition_layer_color_scale_bias
09-11 10:27:27.644 23789 29973 I WiVRn   : [2026-09-11 10:27:27.644] [WiVRn] [info]     XR_KHR_composition_layer_depth
09-11 10:27:27.644 23789 29973 I WiVRn   : [2026-09-11 10:27:27.644] [WiVRn] [info]     XR_KHR_vulkan_swapchain_format_list
09-11 10:27:27.644 23789 29973 I WiVRn   : [2026-09-11 10:27:27.644] [WiVRn] [info]     XR_EXT_palm_pose
09-11 10:27:27.644 23789 29973 I WiVRn   : [2026-09-11 10:27:27.644] [WiVRn] [info]     XR_KHR_locate_spaces
09-11 10:27:27.644 23789 29973 I WiVRn   : [2026-09-11 10:27:27.644] [WiVRn] [info]     XR_KHR_vulkan_enable2
09-11 10:27:27.644 23789 29973 I WiVRn   : [2026-09-11 10:27:27.644] [WiVRn] [info]     XR_KHR_android_create_instance
09-11 10:27:27.644 23789 29973 I WiVRn   : [2026-09-11 10:27:27.644] [WiVRn] [info]     XR_ML_ml2_controller_interaction
09-11 10:27:27.644 23789 29973 I WiVRn   : [2026-09-11 10:27:27.644] [WiVRn] [info]     XR_HTC_vive_cosmos_controller_interaction
09-11 10:27:27.644 23789 29973 I WiVRn   : [2026-09-11 10:27:27.644] [WiVRn] [info]     XR_EXT_uuid
09-11 10:27:27.644 23789 29973 I WiVRn   : [2026-09-11 10:27:27.644] [WiVRn] [info]     XR_EXT_local_floor
09-11 10:27:27.644 23789 29973 I WiVRn   : [2026-09-11 10:27:27.644] [WiVRn] [info]     XR_KHR_locate_spaces
09-11 10:27:27.644 23789 29973 I WiVRn   : [2026-09-11 10:27:27.644] [WiVRn] [info]     XR_EXT_samsung_odyssey_controller
09-11 10:27:27.644 23789 29973 I WiVRn   : [2026-09-11 10:27:27.644] [WiVRn] [info]     XR_EXT_palm_pose
09-11 10:27:27.644 23789 29973 I WiVRn   : [2026-09-11 10:27:27.644] [WiVRn] [info]     XR_HTC_vive_focus3_controller_interaction
09-11 10:27:27.644 23789 29973 I WiVRn   : [2026-09-11 10:27:27.644] [WiVRn] [info]     XR_EXT_hp_mixed_reality_controller
09-11 10:27:27.644 23789 29973 I WiVRn   : [2026-09-11 10:27:27.644] [WiVRn] [info]     XR_KHR_maintenance1
09-11 10:27:27.644 23789 29973 I WiVRn   : [2026-09-11 10:27:27.644] [WiVRn] [info]     XR_VARJO_quad_views
09-11 10:27:27.644 23789 29973 I WiVRn   : [2026-09-11 10:27:27.644] [WiVRn] [info]     XR_BD_controller_interaction
09-11 10:27:27.644 23789 29973 I WiVRn   : [2026-09-11 10:27:27.644] [WiVRn] [info] Created OpenXR instance, runtime Pico(XRT) by Pico et al '99d719953', version 3.0.1, API version 1.1.58
09-11 10:27:27.658 23789 29973 I WiVRn   : [2026-09-11 10:27:27.658] [WiVRn] [info] Created OpenXR system for form factor XR_FORM_FACTOR_HEAD_MOUNTED_DISPLAY
09-11 10:27:27.658 23789 29973 I WiVRn   : [2026-09-11 10:27:27.658] [WiVRn] [info] OpenXR system properties:
09-11 10:27:27.658 23789 29973 I WiVRn   : [2026-09-11 10:27:27.658] [WiVRn] [info]     Vendor ID: 0x2a
09-11 10:27:27.658 23789 29973 I WiVRn   : [2026-09-11 10:27:27.658] [WiVRn] [info]     System name: PICO 4 HMD
09-11 10:27:27.658 23789 29973 I WiVRn   : [2026-09-11 10:27:27.658] [WiVRn] [info]     Graphics properties:
09-11 10:27:27.658 23789 29973 I WiVRn   : [2026-09-11 10:27:27.658] [WiVRn] [info]         Maximum swapchain image size: 16384x16384
09-11 10:27:27.658 23789 29973 I WiVRn   : [2026-09-11 10:27:27.658] [WiVRn] [info]         Maximum layer count: 16
09-11 10:27:27.658 23789 29973 I WiVRn   : [2026-09-11 10:27:27.658] [WiVRn] [info]     Tracking properties:
09-11 10:27:27.658 23789 29973 I WiVRn   : [2026-09-11 10:27:27.658] [WiVRn] [info]         Orientation tracking: true
09-11 10:27:27.658 23789 29973 I WiVRn   : [2026-09-11 10:27:27.658] [WiVRn] [info]         Position tracking: true
09-11 10:27:27.658 23789 29973 I WiVRn   : [2026-09-11 10:27:27.658] [WiVRn] [info]     Hand tracking support: true
09-11 10:27:27.658 23789 29973 I WiVRn   : [2026-09-11 10:27:27.658] [WiVRn] [info]     Eye gaze support: false
09-11 10:27:27.658 23789 29973 I WiVRn   : [2026-09-11 10:27:27.658] [WiVRn] [info]     OpenXR post-processing extension support: true
09-11 10:27:27.658 23789 29973 I WiVRn   : [2026-09-11 10:27:27.658] [WiVRn] [info]     Passthrough: color
09-11 10:27:27.658 23789 29973 I WiVRn   : [2026-09-11 10:27:27.658] [WiVRn] [info]     Face tracker: none
09-11 10:27:27.658 23789 29973 I WiVRn   : [2026-09-11 10:27:27.658] [WiVRn] [info]     Body tracker: pico
09-11 10:27:27.658 23789 29973 I WiVRn   : [2026-09-11 10:27:27.658] [WiVRn] [info] View configuration XR_VIEW_CONFIGURATION_TYPE_PRIMARY_STEREO
09-11 10:27:27.658 23789 29973 I WiVRn   : [2026-09-11 10:27:27.658] [WiVRn] [info]     fovMutable: false
09-11 10:27:27.658 23789 29973 I WiVRn   : [2026-09-11 10:27:27.658] [WiVRn] [info]     View 1:
09-11 10:27:27.658 23789 29973 I WiVRn   : [2026-09-11 10:27:27.658] [WiVRn] [info]         Recommended: 1504x1504, 1 sample(s)
09-11 10:27:27.658 23789 29973 I WiVRn   : [2026-09-11 10:27:27.658] [WiVRn] [info]         Maximum:     2560x2560, 1 sample(s)
09-11 10:27:27.658 23789 29973 I WiVRn   : [2026-09-11 10:27:27.658] [WiVRn] [info]     View 2:
09-11 10:27:27.658 23789 29973 I WiVRn   : [2026-09-11 10:27:27.658] [WiVRn] [info]         Recommended: 1504x1504, 1 sample(s)
09-11 10:27:27.658 23789 29973 I WiVRn   : [2026-09-11 10:27:27.658] [WiVRn] [info]         Maximum:     2560x2560, 1 sample(s)
09-11 10:27:27.658 23789 29973 I WiVRn   : [2026-09-11 10:27:27.658] [WiVRn] [info]     Blend mode: XR_ENVIRONMENT_BLEND_MODE_OPAQUE
09-11 10:27:27.658 23789 29973 I WiVRn   : [2026-09-11 10:27:27.658] [WiVRn] [info]     Blend mode: XR_ENVIRONMENT_BLEND_MODE_ALPHA_BLEND
09-11 10:27:27.658 23789 29973 I WiVRn   : [2026-09-11 10:27:27.658] [WiVRn] [info] OpenXR runtime wants Vulkan 1.0.0
09-11 10:27:27.658 23789 29973 I WiVRn   : [2026-09-11 10:27:27.658] [WiVRn] [info] Requesting Vulkan 1.1.0
09-11 10:27:27.658 23789 29973 I WiVRn   : [2026-09-11 10:27:27.658] [WiVRn] [info] Available Vulkan layers:
09-11 10:27:27.661 23789 29973 I WiVRn   : [2026-09-11 10:27:27.661] [WiVRn] [info] Available Vulkan instance extensions:
09-11 10:27:27.661 23789 29973 I WiVRn   : [2026-09-11 10:27:27.661] [WiVRn] [info]     VK_EXT_debug_report (version 9)
09-11 10:27:27.661 23789 29973 I WiVRn   : [2026-09-11 10:27:27.661] [WiVRn] [info]     VK_EXT_debug_utils (version 2)
09-11 10:27:27.661 23789 29973 I WiVRn   : [2026-09-11 10:27:27.661] [WiVRn] [info]     VK_EXT_swapchain_colorspace (version 3)
09-11 10:27:27.661 23789 29973 I WiVRn   : [2026-09-11 10:27:27.661] [WiVRn] [info]     VK_KHR_android_surface (version 6)
09-11 10:27:27.661 23789 29973 I WiVRn   : [2026-09-11 10:27:27.661] [WiVRn] [info]     VK_KHR_device_group_creation (version 1)
09-11 10:27:27.661 23789 29973 I WiVRn   : [2026-09-11 10:27:27.661] [WiVRn] [info]     VK_KHR_external_fence_capabilities (version 1)
09-11 10:27:27.661 23789 29973 I WiVRn   : [2026-09-11 10:27:27.661] [WiVRn] [info]     VK_KHR_external_memory_capabilities (version 1)
09-11 10:27:27.661 23789 29973 I WiVRn   : [2026-09-11 10:27:27.661] [WiVRn] [info]     VK_KHR_external_semaphore_capabilities (version 1)
09-11 10:27:27.661 23789 29973 I WiVRn   : [2026-09-11 10:27:27.661] [WiVRn] [info]     VK_KHR_get_physical_device_properties2 (version 1)
09-11 10:27:27.661 23789 29973 I WiVRn   : [2026-09-11 10:27:27.661] [WiVRn] [info]     VK_KHR_get_surface_capabilities2 (version 1)
09-11 10:27:27.661 23789 29973 I WiVRn   : [2026-09-11 10:27:27.661] [WiVRn] [info]     VK_KHR_surface (version 25)
09-11 10:27:27.670 23789 29973 I WiVRn   : [2026-09-11 10:27:27.670] [WiVRn] [info] Available Vulkan device extensions:
09-11 10:27:27.670 23789 29973 I WiVRn   : [2026-09-11 10:27:27.670] [WiVRn] [info]     VK_ANDROID_external_memory_android_hardware_buffer (version 3)
09-11 10:27:27.670 23789 29973 I WiVRn   : [2026-09-11 10:27:27.670] [WiVRn] [info]     VK_EXT_astc_decode_mode (version 1)
09-11 10:27:27.670 23789 29973 I WiVRn   : [2026-09-11 10:27:27.670] [WiVRn] [info]     VK_EXT_blend_operation_advanced (version 1)
09-11 10:27:27.670 23789 29973 I WiVRn   : [2026-09-11 10:27:27.670] [WiVRn] [info]     VK_EXT_custom_border_color (version 12)
09-11 10:27:27.670 23789 29973 I WiVRn   : [2026-09-11 10:27:27.670] [WiVRn] [info]     VK_EXT_depth_clip_enable (version 1)
09-11 10:27:27.670 23789 29973 I WiVRn   : [2026-09-11 10:27:27.670] [WiVRn] [info]     VK_EXT_descriptor_indexing (version 2)
09-11 10:27:27.670 23789 29973 I WiVRn   : [2026-09-11 10:27:27.670] [WiVRn] [info]     VK_EXT_device_fault (version 1)
09-11 10:27:27.670 23789 29973 I WiVRn   : [2026-09-11 10:27:27.670] [WiVRn] [info]     VK_EXT_device_memory_report (version 2)
09-11 10:27:27.670 23789 29973 I WiVRn   : [2026-09-11 10:27:27.670] [WiVRn] [info]     VK_EXT_extended_dynamic_state (version 1)
09-11 10:27:27.670 23789 29973 I WiVRn   : [2026-09-11 10:27:27.670] [WiVRn] [info]     VK_EXT_filter_cubic (version 3)
09-11 10:27:27.670 23789 29973 I WiVRn   : [2026-09-11 10:27:27.670] [WiVRn] [info]     VK_EXT_fragment_density_map (version 1)
09-11 10:27:27.670 23789 29973 I WiVRn   : [2026-09-11 10:27:27.670] [WiVRn] [info]     VK_EXT_fragment_density_map2 (version 1)
09-11 10:27:27.670 23789 29973 I WiVRn   : [2026-09-11 10:27:27.670] [WiVRn] [info]     VK_EXT_global_priority (version 2)
09-11 10:27:27.670 23789 29973 I WiVRn   : [2026-09-11 10:27:27.670] [WiVRn] [info]     VK_EXT_global_priority_query (version 1)
09-11 10:27:27.670 23789 29973 I WiVRn   : [2026-09-11 10:27:27.670] [WiVRn] [info]     VK_EXT_hdr_metadata (version 1)
09-11 10:27:27.670 23789 29973 I WiVRn   : [2026-09-11 10:27:27.670] [WiVRn] [info]     VK_EXT_host_query_reset (version 1)
09-11 10:27:27.670 23789 29973 I WiVRn   : [2026-09-11 10:27:27.670] [WiVRn] [info]     VK_EXT_image_robustness (version 1)
09-11 10:27:27.670 23789 29973 I WiVRn   : [2026-09-11 10:27:27.670] [WiVRn] [info]     VK_EXT_index_type_uint8 (version 1)
09-11 10:27:27.670 23789 29973 I WiVRn   : [2026-09-11 10:27:27.670] [WiVRn] [info]     VK_EXT_line_rasterization (version 1)
09-11 10:27:27.670 23789 29973 I WiVRn   : [2026-09-11 10:27:27.670] [WiVRn] [info]     VK_EXT_pipeline_creation_cache_control (version 1)
09-11 10:27:27.670 23789 29973 I WiVRn   : [2026-09-11 10:27:27.670] [WiVRn] [info]     VK_EXT_pipeline_creation_feedback (version 1)
09-11 10:27:27.670 23789 29973 I WiVRn   : [2026-09-11 10:27:27.670] [WiVRn] [info]     VK_EXT_primitive_topology_list_restart (version 2)
09-11 10:27:27.670 23789 29973 I WiVRn   : [2026-09-11 10:27:27.670] [WiVRn] [info]     VK_EXT_private_data (version 1)
09-11 10:27:27.670 23789 29973 I WiVRn   : [2026-09-11 10:27:27.670] [WiVRn] [info]     VK_EXT_provoking_vertex (version 1)
09-11 10:27:27.670 23789 29973 I WiVRn   : [2026-09-11 10:27:27.670] [WiVRn] [info]     VK_EXT_queue_family_foreign (version 1)
09-11 10:27:27.670 23789 29973 I WiVRn   : [2026-09-11 10:27:27.670] [WiVRn] [info]     VK_EXT_robustness2 (version 1)
09-11 10:27:27.670 23789 29973 I WiVRn   : [2026-09-11 10:27:27.670] [WiVRn] [info]     VK_EXT_sample_locations (version 1)
09-11 10:27:27.670 23789 29973 I WiVRn   : [2026-09-11 10:27:27.670] [WiVRn] [info]     VK_EXT_sampler_filter_minmax (version 1)
09-11 10:27:27.670 23789 29973 I WiVRn   : [2026-09-11 10:27:27.670] [WiVRn] [info]     VK_EXT_scalar_block_layout (version 1)
09-11 10:27:27.670 23789 29973 I WiVRn   : [2026-09-11 10:27:27.670] [WiVRn] [info]     VK_EXT_separate_stencil_usage (version 1)
09-11 10:27:27.670 23789 29973 I WiVRn   : [2026-09-11 10:27:27.670] [WiVRn] [info]     VK_EXT_shader_demote_to_helper_invocation (version 1)
09-11 10:27:27.670 23789 29973 I WiVRn   : [2026-09-11 10:27:27.670] [WiVRn] [info]     VK_EXT_subgroup_size_control (version 2)
09-11 10:27:27.670 23789 29973 I WiVRn   : [2026-09-11 10:27:27.670] [WiVRn] [info]     VK_EXT_texture_compression_astc_hdr (version 1)
09-11 10:27:27.670 23789 29973 I WiVRn   : [2026-09-11 10:27:27.670] [WiVRn] [info]     VK_EXT_transform_feedback (version 1)
09-11 10:27:27.670 23789 29973 I WiVRn   : [2026-09-11 10:27:27.670] [WiVRn] [info]     VK_EXT_vertex_attribute_divisor (version 3)
09-11 10:27:27.670 23789 29973 I WiVRn   : [2026-09-11 10:27:27.670] [WiVRn] [info]     VK_EXT_vertex_input_dynamic_state (version 2)
09-11 10:27:27.670 23789 29973 I WiVRn   : [2026-09-11 10:27:27.670] [WiVRn] [info]     VK_GOOGLE_display_timing (version 1)
09-11 10:27:27.670 23789 29973 I WiVRn   : [2026-09-11 10:27:27.670] [WiVRn] [info]     VK_IMG_filter_cubic (version 1)
09-11 10:27:27.670 23789 29973 I WiVRn   : [2026-09-11 10:27:27.670] [WiVRn] [info]     VK_KHR_16bit_storage (version 1)
09-11 10:27:27.670 23789 29973 I WiVRn   : [2026-09-11 10:27:27.670] [WiVRn] [info]     VK_KHR_bind_memory2 (version 1)
09-11 10:27:27.670 23789 29973 I WiVRn   : [2026-09-11 10:27:27.670] [WiVRn] [info]     VK_KHR_buffer_device_address (version 1)
09-11 10:27:27.670 23789 29973 I WiVRn   : [2026-09-11 10:27:27.670] [WiVRn] [info]     VK_KHR_create_renderpass2 (version 1)
09-11 10:27:27.670 23789 29973 I WiVRn   : [2026-09-11 10:27:27.670] [WiVRn] [info]     VK_KHR_dedicated_allocation (version 1)
09-11 10:27:27.670 23789 29973 I WiVRn   : [2026-09-11 10:27:27.670] [WiVRn] [info]     VK_KHR_depth_stencil_resolve (version 1)
09-11 10:27:27.670 23789 29973 I WiVRn   : [2026-09-11 10:27:27.670] [WiVRn] [info]     VK_KHR_descriptor_update_template (version 1)
09-11 10:27:27.670 23789 29973 I WiVRn   : [2026-09-11 10:27:27.670] [WiVRn] [info]     VK_KHR_device_group (version 2)
09-11 10:27:27.670 23789 29973 I WiVRn   : [2026-09-11 10:27:27.670] [WiVRn] [info]     VK_KHR_draw_indirect_count (version 1)
09-11 10:27:27.670 23789 29973 I WiVRn   : [2026-09-11 10:27:27.670] [WiVRn] [info]     VK_KHR_driver_properties (version 1)
09-11 10:27:27.670 23789 29973 I WiVRn   : [2026-09-11 10:27:27.670] [WiVRn] [info]     VK_KHR_external_fence (version 1)
09-11 10:27:27.670 23789 29973 I WiVRn   : [2026-09-11 10:27:27.670] [WiVRn] [info]     VK_KHR_external_fence_fd (version 1)
09-11 10:27:27.670 23789 29973 I WiVRn   : [2026-09-11 10:27:27.670] [WiVRn] [info]     VK_KHR_external_memory (version 1)
09-11 10:27:27.670 23789 29973 I WiVRn   : [2026-09-11 10:27:27.670] [WiVRn] [info]     VK_KHR_external_memory_fd (version 1)
09-11 10:27:27.670 23789 29973 I WiVRn   : [2026-09-11 10:27:27.670] [WiVRn] [info]     VK_KHR_external_semaphore (version 1)
09-11 10:27:27.670 23789 29973 I WiVRn   : [2026-09-11 10:27:27.670] [WiVRn] [info]     VK_KHR_external_semaphore_fd (version 1)
09-11 10:27:27.670 23789 29973 I WiVRn   : [2026-09-11 10:27:27.670] [WiVRn] [info]     VK_KHR_get_memory_requirements2 (version 1)
09-11 10:27:27.670 23789 29973 I WiVRn   : [2026-09-11 10:27:27.670] [WiVRn] [info]     VK_KHR_image_format_list (version 1)
09-11 10:27:27.670 23789 29973 I WiVRn   : [2026-09-11 10:27:27.670] [WiVRn] [info]     VK_KHR_imageless_framebuffer (version 1)
09-11 10:27:27.670 23789 29973 I WiVRn   : [2026-09-11 10:27:27.670] [WiVRn] [info]     VK_KHR_incremental_present (version 1)
09-11 10:27:27.670 23789 29973 I WiVRn   : [2026-09-11 10:27:27.670] [WiVRn] [info]     VK_KHR_maintenance1 (version 1)
09-11 10:27:27.670 23789 29973 I WiVRn   : [2026-09-11 10:27:27.670] [WiVRn] [info]     VK_KHR_maintenance2 (version 1)
09-11 10:27:27.670 23789 29973 I WiVRn   : [2026-09-11 10:27:27.670] [WiVRn] [info]     VK_KHR_maintenance3 (version 1)
09-11 10:27:27.670 23789 29973 I WiVRn   : [2026-09-11 10:27:27.670] [WiVRn] [info]     VK_KHR_multiview (version 1)
09-11 10:27:27.670 23789 29973 I WiVRn   : [2026-09-11 10:27:27.670] [WiVRn] [info]     VK_KHR_pipeline_executable_properties (version 1)
09-11 10:27:27.670 23789 29973 I WiVRn   : [2026-09-11 10:27:27.670] [WiVRn] [info]     VK_KHR_push_descriptor (version 1)
09-11 10:27:27.670 23789 29973 I WiVRn   : [2026-09-11 10:27:27.670] [WiVRn] [info]     VK_KHR_relaxed_block_layout (version 1)
09-11 10:27:27.670 23789 29973 I WiVRn   : [2026-09-11 10:27:27.670] [WiVRn] [info]     VK_KHR_sampler_mirror_clamp_to_edge (version 1)
09-11 10:27:27.670 23789 29973 I WiVRn   : [2026-09-11 10:27:27.670] [WiVRn] [info]     VK_KHR_sampler_ycbcr_conversion (version 1)
09-11 10:27:27.670 23789 29973 I WiVRn   : [2026-09-11 10:27:27.670] [WiVRn] [info]     VK_KHR_separate_depth_stencil_layouts (version 1)
09-11 10:27:27.670 23789 29973 I WiVRn   : [2026-09-11 10:27:27.670] [WiVRn] [info]     VK_KHR_shader_draw_parameters (version 1)
09-11 10:27:27.670 23789 29973 I WiVRn   : [2026-09-11 10:27:27.670] [WiVRn] [info]     VK_KHR_shader_float16_int8 (version 1)
09-11 10:27:27.670 23789 29973 I WiVRn   : [2026-09-11 10:27:27.670] [WiVRn] [info]     VK_KHR_shader_float_controls (version 4)
09-11 10:27:27.670 23789 29973 I WiVRn   : [2026-09-11 10:27:27.670] [WiVRn] [info]     VK_KHR_shader_non_semantic_info (version 1)
09-11 10:27:27.670 23789 29973 I WiVRn   : [2026-09-11 10:27:27.670] [WiVRn] [info]     VK_KHR_shared_presentable_image (version 1)
09-11 10:27:27.670 23789 29973 I WiVRn   : [2026-09-11 10:27:27.670] [WiVRn] [info]     VK_KHR_spirv_1_4 (version 1)
09-11 10:27:27.670 23789 29973 I WiVRn   : [2026-09-11 10:27:27.670] [WiVRn] [info]     VK_KHR_storage_buffer_storage_class (version 1)
09-11 10:27:27.670 23789 29973 I WiVRn   : [2026-09-11 10:27:27.670] [WiVRn] [info]     VK_KHR_swapchain (version 70)
09-11 10:27:27.670 23789 29973 I WiVRn   : [2026-09-11 10:27:27.670] [WiVRn] [info]     VK_KHR_timeline_semaphore (version 2)
09-11 10:27:27.670 23789 29973 I WiVRn   : [2026-09-11 10:27:27.670] [WiVRn] [info]     VK_KHR_variable_pointers (version 1)
09-11 10:27:27.670 23789 29973 I WiVRn   : [2026-09-11 10:27:27.670] [WiVRn] [info]     VK_KHR_vulkan_memory_model (version 3)
09-11 10:27:27.670 23789 29973 I WiVRn   : [2026-09-11 10:27:27.670] [WiVRn] [info]     VK_QCOM_fragment_density_map_offset (version 1)
09-11 10:27:27.670 23789 29973 I WiVRn   : [2026-09-11 10:27:27.670] [WiVRn] [info]     VK_QCOM_render_pass_shader_resolve (version 4)
09-11 10:27:27.670 23789 29973 I WiVRn   : [2026-09-11 10:27:27.670] [WiVRn] [info]     VK_QCOM_render_pass_store_ops (version 2)
09-11 10:27:27.670 23789 29973 I WiVRn   : [2026-09-11 10:27:27.670] [WiVRn] [info]     VK_QCOM_render_pass_transform (version 3)
09-11 10:27:27.670 23789 29973 I WiVRn   : [2026-09-11 10:27:27.670] [WiVRn] [info]     VK_QCOM_tile_properties (version 1)
09-11 10:27:27.670 23789 29973 I WiVRn   : [2026-09-11 10:27:27.670] [WiVRn] [info] Initializing Vulkan with device Adreno (TM) 650
09-11 10:27:27.670 23789 29973 I WiVRn   : [2026-09-11 10:27:27.670] [WiVRn] [info]     Vendor ID: 0x5143
09-11 10:27:27.670 23789 29973 I WiVRn   : [2026-09-11 10:27:27.670] [WiVRn] [info]     Device ID: 0x6050002
09-11 10:27:27.670 23789 29973 I WiVRn   : [2026-09-11 10:27:27.670] [WiVRn] [info]     Driver version: 512.682.0
09-11 10:27:27.670 23789 29973 I WiVRn   : [2026-09-11 10:27:27.670] [WiVRn] [info]     maxPushConstantsSize: 128 bytes
09-11 10:27:27.670 23789 29973 I WiVRn   : [2026-09-11 10:27:27.670] [WiVRn] [info] NX queue priorities: render 0 decode 1 / 1 (3 queues)
09-11 10:27:27.670 23789 29973 I WiVRn   : [2026-09-11 10:27:27.670] [WiVRn] [info] Vulkan fragment density map enabled
09-11 10:27:27.671 23789 29973 I WiVRn   : [2026-09-11 10:27:27.671] [WiVRn] [info]     queue family 0 has 3 queues; decoding on queue 1 and queue 2 (one per eye)
09-11 10:27:27.695 23789 29973 I WiVRn   : [2026-09-11 10:27:27.695] [WiVRn] [info] 4 reference spaces
09-11 10:27:27.695 23789 29973 I WiVRn   : [2026-09-11 10:27:27.695] [WiVRn] [info]     XR_REFERENCE_SPACE_TYPE_VIEW
09-11 10:27:27.695 23789 29973 I WiVRn   : [2026-09-11 10:27:27.695] [WiVRn] [info]     XR_REFERENCE_SPACE_TYPE_LOCAL
09-11 10:27:27.695 23789 29973 I WiVRn   : [2026-09-11 10:27:27.695] [WiVRn] [info]     XR_REFERENCE_SPACE_TYPE_STAGE
09-11 10:27:27.695 23789 29973 I WiVRn   : [2026-09-11 10:27:27.695] [WiVRn] [info]     XR_REFERENCE_SPACE_TYPE_LOCAL_FLOOR
09-11 10:27:27.695 23789 29973 I WiVRn   : [2026-09-11 10:27:27.695] [WiVRn] [info] Adding grip_surface/pose for interaction profile /interaction_profiles/khr/simple_controller
09-11 10:27:27.695 23789 29973 I WiVRn   : [2026-09-11 10:27:27.695] [WiVRn] [info] Adding pinch_ext/pose for interaction profile /interaction_profiles/khr/simple_controller
09-11 10:27:27.695 23789 29973 I WiVRn   : [2026-09-11 10:27:27.695] [WiVRn] [info] Adding poke_ext/pose for interaction profile /interaction_profiles/khr/simple_controller
09-11 10:27:27.695 23789 29973 I WiVRn   : [2026-09-11 10:27:27.695] [WiVRn] [info] Adding grip_surface/pose for interaction profile /interaction_profiles/oculus/touch_controller
09-11 10:27:27.695 23789 29973 I WiVRn   : [2026-09-11 10:27:27.695] [WiVRn] [info] Adding pinch_ext/pose for interaction profile /interaction_profiles/oculus/touch_controller
09-11 10:27:27.695 23789 29973 I WiVRn   : [2026-09-11 10:27:27.695] [WiVRn] [info] Adding poke_ext/pose for interaction profile /interaction_profiles/oculus/touch_controller
09-11 10:27:27.695 23789 29973 I WiVRn   : [2026-09-11 10:27:27.695] [WiVRn] [info] Adding grip_surface/pose for interaction profile /interaction_profiles/meta/touch_pro_controller
09-11 10:27:27.695 23789 29973 I WiVRn   : [2026-09-11 10:27:27.695] [WiVRn] [info] Adding pinch_ext/pose for interaction profile /interaction_profiles/meta/touch_pro_controller
09-11 10:27:27.695 23789 29973 I WiVRn   : [2026-09-11 10:27:27.695] [WiVRn] [info] Adding poke_ext/pose for interaction profile /interaction_profiles/meta/touch_pro_controller
09-11 10:27:27.695 23789 29973 I WiVRn   : [2026-09-11 10:27:27.695] [WiVRn] [info] Adding grip_surface/pose for interaction profile /interaction_profiles/meta/touch_plus_controller
09-11 10:27:27.695 23789 29973 I WiVRn   : [2026-09-11 10:27:27.695] [WiVRn] [info] Adding pinch_ext/pose for interaction profile /interaction_profiles/meta/touch_plus_controller
09-11 10:27:27.695 23789 29973 I WiVRn   : [2026-09-11 10:27:27.695] [WiVRn] [info] Adding poke_ext/pose for interaction profile /interaction_profiles/meta/touch_plus_controller
09-11 10:27:27.695 23789 29973 I WiVRn   : [2026-09-11 10:27:27.695] [WiVRn] [info] Adding grip_surface/pose for interaction profile /interaction_profiles/bytedance/pico_neo3_controller
09-11 10:27:27.695 23789 29973 I WiVRn   : [2026-09-11 10:27:27.695] [WiVRn] [info] Adding pinch_ext/pose for interaction profile /interaction_profiles/bytedance/pico_neo3_controller
09-11 10:27:27.695 23789 29973 I WiVRn   : [2026-09-11 10:27:27.695] [WiVRn] [info] Adding poke_ext/pose for interaction profile /interaction_profiles/bytedance/pico_neo3_controller
09-11 10:27:27.695 23789 29973 I WiVRn   : [2026-09-11 10:27:27.695] [WiVRn] [info] Adding grip_surface/pose for interaction profile /interaction_profiles/bytedance/pico4_controller
09-11 10:27:27.695 23789 29973 I WiVRn   : [2026-09-11 10:27:27.695] [WiVRn] [info] Adding pinch_ext/pose for interaction profile /interaction_profiles/bytedance/pico4_controller
09-11 10:27:27.695 23789 29973 I WiVRn   : [2026-09-11 10:27:27.695] [WiVRn] [info] Adding poke_ext/pose for interaction profile /interaction_profiles/bytedance/pico4_controller
09-11 10:27:27.695 23789 29973 I WiVRn   : [2026-09-11 10:27:27.695] [WiVRn] [info] Adding grip_surface/pose for interaction profile /interaction_profiles/bytedance/pico4s_controller
09-11 10:27:27.695 23789 29973 I WiVRn   : [2026-09-11 10:27:27.695] [WiVRn] [info] Adding pinch_ext/pose for interaction profile /interaction_profiles/bytedance/pico4s_controller
09-11 10:27:27.695 23789 29973 I WiVRn   : [2026-09-11 10:27:27.695] [WiVRn] [info] Adding poke_ext/pose for interaction profile /interaction_profiles/bytedance/pico4s_controller
09-11 10:27:27.695 23789 29973 I WiVRn   : [2026-09-11 10:27:27.695] [WiVRn] [info] Adding grip_surface/pose for interaction profile /interaction_profiles/yvr/touch_controller_yvr
09-11 10:27:27.695 23789 29973 I WiVRn   : [2026-09-11 10:27:27.695] [WiVRn] [info] Adding pinch_ext/pose for interaction profile /interaction_profiles/yvr/touch_controller_yvr
09-11 10:27:27.695 23789 29973 I WiVRn   : [2026-09-11 10:27:27.695] [WiVRn] [info] Adding poke_ext/pose for interaction profile /interaction_profiles/yvr/touch_controller_yvr
09-11 10:27:27.695 23789 29973 I WiVRn   : [2026-09-11 10:27:27.695] [WiVRn] [info] Adding grip_surface/pose for interaction profile /interaction_profiles/htc/vive_focus3_controller
09-11 10:27:27.695 23789 29973 I WiVRn   : [2026-09-11 10:27:27.695] [WiVRn] [info] Adding pinch_ext/pose for interaction profile /interaction_profiles/htc/vive_focus3_controller
09-11 10:27:27.695 23789 29973 I WiVRn   : [2026-09-11 10:27:27.695] [WiVRn] [info] Adding poke_ext/pose for interaction profile /interaction_profiles/htc/vive_focus3_controller
09-11 10:27:27.695 23789 29973 I WiVRn   : [2026-09-11 10:27:27.695] [WiVRn] [info] Adding grip_surface/pose for interaction profile /interaction_profiles/ext/hand_interaction_ext
09-11 10:27:27.699 23789 29973 I WiVRn   : [2026-09-11 10:27:27.699] [WiVRn] [info] Current locale: language en, country GB, encoding UTF-8
09-11 10:27:27.700 23789 29973 I WiVRn   : [2026-09-11 10:27:27.700] [WiVRn] [info] Supported swapchain formats:
09-11 10:27:27.700 23789 29973 I WiVRn   : [2026-09-11 10:27:27.700] [WiVRn] [info]     R8G8B8A8Srgb
09-11 10:27:27.700 23789 29973 I WiVRn   : [2026-09-11 10:27:27.700] [WiVRn] [info]     R8Unorm
09-11 10:27:27.700 23789 29973 I WiVRn   : [2026-09-11 10:27:27.700] [WiVRn] [info]     R8G8Unorm
09-11 10:27:27.700 23789 29973 I WiVRn   : [2026-09-11 10:27:27.700] [WiVRn] [info]     R8G8B8A8Unorm
09-11 10:27:27.700 23789 29973 I WiVRn   : [2026-09-11 10:27:27.700] [WiVRn] [info]     R5G6B5UnormPack16
09-11 10:27:27.700 23789 29973 I WiVRn   : [2026-09-11 10:27:27.700] [WiVRn] [info]     A2B10G10R10UnormPack32
09-11 10:27:27.700 23789 29973 I WiVRn   : [2026-09-11 10:27:27.700] [WiVRn] [info]     R16Unorm
09-11 10:27:27.700 23789 29973 I WiVRn   : [2026-09-11 10:27:27.700] [WiVRn] [info]     R16G16Unorm
09-11 10:27:27.700 23789 29973 I WiVRn   : [2026-09-11 10:27:27.700] [WiVRn] [info]     R16G16B16A16Unorm
09-11 10:27:27.700 23789 29973 I WiVRn   : [2026-09-11 10:27:27.700] [WiVRn] [info]     R16Uint
09-11 10:27:27.700 23789 29973 I WiVRn   : [2026-09-11 10:27:27.700] [WiVRn] [info]     R16G16Uint
09-11 10:27:27.700 23789 29973 I WiVRn   : [2026-09-11 10:27:27.700] [WiVRn] [info]     R16G16B16A16Uint
09-11 10:27:27.700 23789 29973 I WiVRn   : [2026-09-11 10:27:27.700] [WiVRn] [info]     R16Sint
09-11 10:27:27.700 23789 29973 I WiVRn   : [2026-09-11 10:27:27.700] [WiVRn] [info]     R16G16Sint
09-11 10:27:27.700 23789 29973 I WiVRn   : [2026-09-11 10:27:27.700] [WiVRn] [info]     R16G16B16A16Sint
09-11 10:27:27.700 23789 29973 I WiVRn   : [2026-09-11 10:27:27.700] [WiVRn] [info]     R16Sfloat
09-11 10:27:27.700 23789 29973 I WiVRn   : [2026-09-11 10:27:27.700] [WiVRn] [info]     R16G16Sfloat
09-11 10:27:27.700 23789 29973 I WiVRn   : [2026-09-11 10:27:27.700] [WiVRn] [info]     R16G16B16A16Sfloat
09-11 10:27:27.700 23789 29973 I WiVRn   : [2026-09-11 10:27:27.700] [WiVRn] [info]     A1R5G5B5UnormPack16
09-11 10:27:27.700 23789 29973 I WiVRn   : [2026-09-11 10:27:27.700] [WiVRn] [info]     Etc2R8G8B8UnormBlock
09-11 10:27:27.700 23789 29973 I WiVRn   : [2026-09-11 10:27:27.700] [WiVRn] [info]     Etc2R8G8B8A1UnormBlock
09-11 10:27:27.700 23789 29973 I WiVRn   : [2026-09-11 10:27:27.700] [WiVRn] [info]     Etc2R8G8B8A8UnormBlock
09-11 10:27:27.700 23789 29973 I WiVRn   : [2026-09-11 10:27:27.700] [WiVRn] [info]     Etc2R8G8B8SrgbBlock
09-11 10:27:27.700 23789 29973 I WiVRn   : [2026-09-11 10:27:27.700] [WiVRn] [info]     Etc2R8G8B8A1SrgbBlock
09-11 10:27:27.700 23789 29973 I WiVRn   : [2026-09-11 10:27:27.700] [WiVRn] [info]     Etc2R8G8B8A8SrgbBlock
09-11 10:27:27.700 23789 29973 I WiVRn   : [2026-09-11 10:27:27.700] [WiVRn] [info]     EacR11UnormBlock
09-11 10:27:27.700 23789 29973 I WiVRn   : [2026-09-11 10:27:27.700] [WiVRn] [info]     EacR11G11UnormBlock
09-11 10:27:27.700 23789 29973 I WiVRn   : [2026-09-11 10:27:27.700] [WiVRn] [info]     EacR11SnormBlock
09-11 10:27:27.700 23789 29973 I WiVRn   : [2026-09-11 10:27:27.700] [WiVRn] [info]     EacR11G11SnormBlock
09-11 10:27:27.700 23789 29973 I WiVRn   : [2026-09-11 10:27:27.700] [WiVRn] [info]     Astc4x4UnormBlock
09-11 10:27:27.700 23789 29973 I WiVRn   : [2026-09-11 10:27:27.700] [WiVRn] [info]     Astc5x4UnormBlock
09-11 10:27:27.700 23789 29973 I WiVRn   : [2026-09-11 10:27:27.700] [WiVRn] [info]     Astc5x5UnormBlock
09-11 10:27:27.700 23789 29973 I WiVRn   : [2026-09-11 10:27:27.700] [WiVRn] [info]     Astc6x5UnormBlock
09-11 10:27:27.700 23789 29973 I WiVRn   : [2026-09-11 10:27:27.700] [WiVRn] [info]     Astc6x6UnormBlock
09-11 10:27:27.700 23789 29973 I WiVRn   : [2026-09-11 10:27:27.700] [WiVRn] [info]     Astc8x5UnormBlock
09-11 10:27:27.700 23789 29973 I WiVRn   : [2026-09-11 10:27:27.700] [WiVRn] [info]     Astc8x6UnormBlock
09-11 10:27:27.700 23789 29973 I WiVRn   : [2026-09-11 10:27:27.700] [WiVRn] [info]     Astc8x8UnormBlock
09-11 10:27:27.700 23789 29973 I WiVRn   : [2026-09-11 10:27:27.700] [WiVRn] [info]     Astc10x5UnormBlock
09-11 10:27:27.700 23789 29973 I WiVRn   : [2026-09-11 10:27:27.700] [WiVRn] [info]     Astc10x6UnormBlock
09-11 10:27:27.700 23789 29973 I WiVRn   : [2026-09-11 10:27:27.700] [WiVRn] [info]     Astc10x8UnormBlock
09-11 10:27:27.700 23789 29973 I WiVRn   : [2026-09-11 10:27:27.700] [WiVRn] [info]     Astc10x10UnormBlock
09-11 10:27:27.700 23789 29973 I WiVRn   : [2026-09-11 10:27:27.700] [WiVRn] [info]     Astc12x10UnormBlock
09-11 10:27:27.700 23789 29973 I WiVRn   : [2026-09-11 10:27:27.700] [WiVRn] [info]     Astc12x12UnormBlock
09-11 10:27:27.700 23789 29973 I WiVRn   : [2026-09-11 10:27:27.700] [WiVRn] [info]     Astc4x4SrgbBlock
09-11 10:27:27.700 23789 29973 I WiVRn   : [2026-09-11 10:27:27.700] [WiVRn] [info]     Astc5x4SrgbBlock
09-11 10:27:27.700 23789 29973 I WiVRn   : [2026-09-11 10:27:27.700] [WiVRn] [info]     Astc5x5SrgbBlock
09-11 10:27:27.700 23789 29973 I WiVRn   : [2026-09-11 10:27:27.700] [WiVRn] [info]     Astc6x5SrgbBlock
09-11 10:27:27.700 23789 29973 I WiVRn   : [2026-09-11 10:27:27.700] [WiVRn] [info]     Astc6x6SrgbBlock
09-11 10:27:27.700 23789 29973 I WiVRn   : [2026-09-11 10:27:27.700] [WiVRn] [info]     Astc8x5SrgbBlock
09-11 10:27:27.700 23789 29973 I WiVRn   : [2026-09-11 10:27:27.700] [WiVRn] [info]     Astc8x6SrgbBlock
09-11 10:27:27.700 23789 29973 I WiVRn   : [2026-09-11 10:27:27.700] [WiVRn] [info]     Astc8x8SrgbBlock
09-11 10:27:27.700 23789 29973 I WiVRn   : [2026-09-11 10:27:27.700] [WiVRn] [info]     Astc10x5SrgbBlock
09-11 10:27:27.700 23789 29973 I WiVRn   : [2026-09-11 10:27:27.700] [WiVRn] [info]     Astc10x6SrgbBlock
09-11 10:27:27.700 23789 29973 I WiVRn   : [2026-09-11 10:27:27.700] [WiVRn] [info]     Astc10x8SrgbBlock
09-11 10:27:27.700 23789 29973 I WiVRn   : [2026-09-11 10:27:27.700] [WiVRn] [info]     Astc10x10SrgbBlock
09-11 10:27:27.700 23789 29973 I WiVRn   : [2026-09-11 10:27:27.700] [WiVRn] [info]     Astc12x10SrgbBlock
09-11 10:27:27.700 23789 29973 I WiVRn   : [2026-09-11 10:27:27.700] [WiVRn] [info]     Astc12x12SrgbBlock
09-11 10:27:27.700 23789 29973 I WiVRn   : [2026-09-11 10:27:27.700] [WiVRn] [info]     D16Unorm
09-11 10:27:27.700 23789 29973 I WiVRn   : [2026-09-11 10:27:27.700] [WiVRn] [info]     X8D24UnormPack32
09-11 10:27:27.700 23789 29973 I WiVRn   : [2026-09-11 10:27:27.700] [WiVRn] [info]     D32Sfloat
09-11 10:27:27.700 23789 29973 I WiVRn   : [2026-09-11 10:27:27.700] [WiVRn] [info]     D24UnormS8Uint
09-11 10:27:27.700 23789 29973 I WiVRn   : [2026-09-11 10:27:27.700] [WiVRn] [info]     B8G8R8A8Unorm
09-11 10:27:27.700 23789 29973 I WiVRn   : [2026-09-11 10:27:27.700] [WiVRn] [info]     B8G8R8A8Srgb
09-11 10:27:27.719 23789 29973 I WiVRn   : [2026-09-11 10:27:27.719] [WiVRn] [info] Using formats R8G8B8A8Srgb and D32Sfloat
09-11 10:27:27.719 23789 29973 I WiVRn   : [2026-09-11 10:27:27.719] [WiVRn] [info] Composition layer depth test NOT supported
09-11 10:27:27.719 23789 29973 I WiVRn   : [2026-09-11 10:27:27.719] [WiVRn] [info] Composition layer color scale/bias supported
09-11 10:27:27.719 23789 29973 I WiVRn   : [2026-09-11 10:27:27.719] [WiVRn] [info] 0 known server(s):
09-11 10:27:27.721 23789 29996 I WiVRn   : [2026-09-11 10:27:27.721] [WiVRn] [info] Session state changed at timestamp 0: XR_SESSION_STATE_UNKNOWN => XR_SESSION_STATE_IDLE
09-11 10:27:27.721 23789 29996 I WiVRn   : [2026-09-11 10:27:27.721] [WiVRn] [info] Session state changed at timestamp 0: XR_SESSION_STATE_IDLE => XR_SESSION_STATE_READY
09-11 10:27:27.734 23789 29996 I WiVRn   : [2026-09-11 10:27:27.734] [WiVRn] [info] Received event type XR_TYPE_EVENT_DATA_USER_PRESENCE_CHANGED_EXT
09-11 10:27:27.734 23789 29996 I WiVRn   : [2026-09-11 10:27:27.734] [WiVRn] [info] Using panel size: 2160x2160
09-11 10:27:27.921 23789 29996 I WiVRn   : [2026-09-11 10:27:27.921] [WiVRn] [info] Loaded input profile pico-4
09-11 10:27:27.921 23789 29996 I WiVRn   : [2026-09-11 10:27:27.921] [WiVRn] [info] Initializing offset of space aim_left to (-5, 0, 20) mm, (0, -0, 0)°
09-11 10:27:27.921 23789 29996 I WiVRn   : [2026-09-11 10:27:27.921] [WiVRn] [info] Initializing offset of space aim_right to (5, 0, 20) mm, (0, -0, 0)°
09-11 10:27:27.921 23789 29996 I WiVRn   : [2026-09-11 10:27:27.921] [WiVRn] [info] Initializing offset of space grip_left to (0, -20, -50) mm, (-30.000002, -0, 0)°
09-11 10:27:27.921 23789 29996 I WiVRn   : [2026-09-11 10:27:27.921] [WiVRn] [info] Initializing offset of space grip_right to (0, -20, -50) mm, (-30.000002, -0, 0)°
09-11 10:27:27.929 23789 29996 I WiVRn   : [2026-09-11 10:27:27.929] [WiVRn] [info] Font for de /system/fonts/PICOSans.ttf
09-11 10:27:27.929 23789 29996 I WiVRn   : [2026-09-11 10:27:27.929] [WiVRn] [info] Font for es /system/fonts/PICOSans.ttf
09-11 10:27:27.929 23789 29996 I WiVRn   : [2026-09-11 10:27:27.929] [WiVRn] [info] Font for fr /system/fonts/PICOSans.ttf
09-11 10:27:27.929 23789 29996 I WiVRn   : [2026-09-11 10:27:27.929] [WiVRn] [info] Font for fr /system/fonts/Roboto-Regular.ttf
09-11 10:27:27.929 23789 29996 I WiVRn   : [2026-09-11 10:27:27.929] [WiVRn] [info] Font for it /system/fonts/PICOSans.ttf
09-11 10:27:27.929 23789 29996 I WiVRn   : [2026-09-11 10:27:27.929] [WiVRn] [info] Font for ja /system/fonts/PICOSans.ttf
09-11 10:27:27.929 23789 29996 I WiVRn   : [2026-09-11 10:27:27.929] [WiVRn] [info] Font for ja /system/fonts/PICOSansVFJP.ttf
09-11 10:27:27.929 23789 29996 I WiVRn   : [2026-09-11 10:27:27.929] [WiVRn] [info] Font for ka /system/fonts/PICOSans.ttf
09-11 10:27:27.929 23789 29996 I WiVRn   : [2026-09-11 10:27:27.929] [WiVRn] [info] Font for ka /system/fonts/NotoSansGeorgian-Regular.otf
09-11 10:27:27.929 23789 29996 I WiVRn   : [2026-09-11 10:27:27.929] [WiVRn] [info] Font for ka /system/fonts/PICOSans.ttf
09-11 10:27:27.929 23789 29996 I WiVRn   : [2026-09-11 10:27:27.929] [WiVRn] [info] Font for pl /system/fonts/PICOSans.ttf
09-11 10:27:27.929 23789 29996 I WiVRn   : [2026-09-11 10:27:27.929] [WiVRn] [info] Font for pl /system/fonts/Roboto-Regular.ttf
09-11 10:27:27.929 23789 29996 I WiVRn   : [2026-09-11 10:27:27.929] [WiVRn] [info] Font for pl /system/fonts/PICOSans.ttf
09-11 10:27:27.929 23789 29996 I WiVRn   : [2026-09-11 10:27:27.929] [WiVRn] [info] Font for pl /system/fonts/PICOSansSC-Regular.ttf
09-11 10:27:27.929 23789 29996 I WiVRn   : [2026-09-11 10:27:27.929] [WiVRn] [info] Font for pl /system/fonts/Roboto-Regular.ttf
09-11 10:27:27.929 23789 29996 I WiVRn   : [2026-09-11 10:27:27.929] [WiVRn] [info] Font for pl /system/fonts/PICOSans.ttf
09-11 10:27:27.929 23789 29996 I WiVRn   : [2026-09-11 10:27:27.929] [WiVRn] [info] Font for pt_BR /system/fonts/PICOSans.ttf
09-11 10:27:27.930 23789 29996 I WiVRn   : [2026-09-11 10:27:27.930] [WiVRn] [info] Font for ru /system/fonts/PICOSans.ttf
09-11 10:27:27.930 23789 29996 I WiVRn   : [2026-09-11 10:27:27.930] [WiVRn] [info] Font for ru /system/fonts/PICOSansSC-Regular.ttf
09-11 10:27:27.930 23789 29996 I WiVRn   : [2026-09-11 10:27:27.930] [WiVRn] [info] Font for ru /system/fonts/PICOSans.ttf
09-11 10:27:27.930 23789 29996 I WiVRn   : [2026-09-11 10:27:27.930] [WiVRn] [info] Font for sk /system/fonts/PICOSans.ttf
09-11 10:27:27.930 23789 29996 I WiVRn   : [2026-09-11 10:27:27.930] [WiVRn] [info] Font for sk /system/fonts/Roboto-Regular.ttf
09-11 10:27:27.930 23789 29996 I WiVRn   : [2026-09-11 10:27:27.930] [WiVRn] [info] Font for sk /system/fonts/PICOSansSC-Regular.ttf
09-11 10:27:27.930 23789 29996 I WiVRn   : [2026-09-11 10:27:27.930] [WiVRn] [info] Font for sk /system/fonts/PICOSans.ttf
09-11 10:27:27.930 23789 29996 I WiVRn   : [2026-09-11 10:27:27.930] [WiVRn] [info] Font for sk /system/fonts/Roboto-Regular.ttf
09-11 10:27:27.930 23789 29996 I WiVRn   : [2026-09-11 10:27:27.930] [WiVRn] [info] Font for sk /system/fonts/PICOSans.ttf
09-11 10:27:27.930 23789 29996 I WiVRn   : [2026-09-11 10:27:27.930] [WiVRn] [info] Font for tr /system/fonts/PICOSans.ttf
09-11 10:27:27.930 23789 29996 I WiVRn   : [2026-09-11 10:27:27.930] [WiVRn] [info] Font for tr /system/fonts/Roboto-Regular.ttf
09-11 10:27:27.930 23789 29996 I WiVRn   : [2026-09-11 10:27:27.930] [WiVRn] [info] Font for tr /system/fonts/PICOSans.ttf
09-11 10:27:27.930 23789 29996 I WiVRn   : [2026-09-11 10:27:27.930] [WiVRn] [info] Font for tr /system/fonts/Roboto-Regular.ttf
09-11 10:27:27.930 23789 29996 I WiVRn   : [2026-09-11 10:27:27.930] [WiVRn] [info] Font for tr /system/fonts/PICOSans.ttf
09-11 10:27:27.930 23789 29996 I WiVRn   : [2026-09-11 10:27:27.930] [WiVRn] [info] Font for zh_CN /system/fonts/PICOSans.ttf
09-11 10:27:27.930 23789 29996 I WiVRn   : [2026-09-11 10:27:27.930] [WiVRn] [info] Font for zh_CN /system/fonts/PICOSansSC-Regular.ttf
09-11 10:27:27.930 23789 29996 I WiVRn   : [2026-09-11 10:27:27.930] [WiVRn] [info] Font for zh_TW /system/fonts/PICOSans.ttf
09-11 10:27:27.930 23789 29996 I WiVRn   : [2026-09-11 10:27:27.930] [WiVRn] [info] Font for zh_TW /system/fonts/PICOSansSC-Regular.ttf
09-11 10:27:27.934 23789 29996 I WiVRn   : [2026-09-11 10:27:27.934] [WiVRn] [info] Using font /system/fonts/PICOSans.ttf
09-11 10:27:27.934 23789 29996 I WiVRn   : [2026-09-11 10:27:27.934] [WiVRn] [info] Using font /system/fonts/Roboto-Regular.ttf
09-11 10:27:27.934 23789 29996 I WiVRn   : [2026-09-11 10:27:27.934] [WiVRn] [info] Using font /system/fonts/PICOSansVFJP.ttf
09-11 10:27:27.942 23789 29996 I WiVRn   : [2026-09-11 10:27:27.942] [WiVRn] [info] Using font /system/fonts/NotoSansGeorgian-Regular.otf
09-11 10:27:27.942 23789 29996 I WiVRn   : [2026-09-11 10:27:27.942] [WiVRn] [info] Using font /system/fonts/PICOSansSC-Regular.ttf
09-11 10:27:28.014 23789 29996 I WiVRn   : [2026-09-11 10:27:28.014] [WiVRn] [info] MulticastLock acquired
09-11 10:27:28.014 23789 29996 I WiVRn   : [2026-09-11 10:27:28.014] [WiVRn] [info] Local IPv6 address: 2003:c2:3701:81fc:b3c8:aefc:7af2:8a5a
09-11 10:27:28.014 23789 29996 I WiVRn   : [2026-09-11 10:27:28.014] [WiVRn] [info] Local IPv6 address: 2003:c2:3701:81fc:616a:1ec4:5f3c:1dd5
09-11 10:27:28.014 23789 29996 I WiVRn   : [2026-09-11 10:27:28.014] [WiVRn] [info] Local IPv6 address: fd3c:3d87:86b7:0:c7ff:60cd:b757:e773
09-11 10:27:28.014 23789 29996 I WiVRn   : [2026-09-11 10:27:28.014] [WiVRn] [info] Local IPv6 address: fd3c:3d87:86b7:0:616a:1ec4:5f3c:1dd5
09-11 10:27:28.015 23789 29996 I WiVRn   : [2026-09-11 10:27:28.015] [WiVRn] [info] Local IPv4 address: 192.168.1.248
09-11 10:27:28.015 23789 29996 W WiVRn   : [2026-09-11 10:27:28.015] [WiVRn] [warning] unknown family 17
09-11 10:27:28.015 23789 30112 I WiVRn   : [2026-09-11 10:27:28.015] [WiVRn] [info] Sending query for _wivrn._tcp.local., type PTR
09-11 10:27:28.015 23789 29996 I WiVRn   : [2026-09-11 10:27:28.015] [WiVRn] [info] Performance level: CPU domain asked for sustained_high
09-11 10:27:28.015 23789 29996 I WiVRn   : [2026-09-11 10:27:28.015] [WiVRn] [info] Performance level: GPU domain asked for boost
09-11 10:27:28.021 23789 29996 I WiVRn   : [2026-09-11 10:27:28.021] [WiVRn] [info] Received event type XR_TYPE_EVENT_DATA_INTERACTION_PROFILE_CHANGED
09-11 10:27:28.021 23789 29996 I WiVRn   : [2026-09-11 10:27:28.021] [WiVRn] [info] Received event type XR_TYPE_EVENT_DATA_INTERACTION_PROFILE_CHANGED
09-11 10:27:28.021 23789 29996 I WiVRn   : [2026-09-11 10:27:28.021] [WiVRn] [info] Received event type XR_TYPE_EVENT_DATA_INTERACTION_PROFILE_CHANGED
09-11 10:27:28.021 23789 29996 I WiVRn   : [2026-09-11 10:27:28.021] [WiVRn] [info] Session state changed at timestamp 0: XR_SESSION_STATE_READY => XR_SESSION_STATE_SYNCHRONIZED
09-11 10:27:28.021 23789 29996 I WiVRn   : [2026-09-11 10:27:28.021] [WiVRn] [info] Refresh rate changed from 72 to 90
09-11 10:27:28.021 23789 29996 I WiVRn   : [2026-09-11 10:27:28.021] [WiVRn] [info] Session state changed at timestamp 0: XR_SESSION_STATE_SYNCHRONIZED => XR_SESSION_STATE_VISIBLE
09-11 10:27:28.021 23789 29996 I WiVRn   : [2026-09-11 10:27:28.021] [WiVRn] [info] Session state changed at timestamp 0: XR_SESSION_STATE_VISIBLE => XR_SESSION_STATE_FOCUSED
09-11 10:27:28.026 23789 30113 I WiVRn   : [2026-09-11 10:27:28.025] [WiVRn] [info] Using pin "000000"
09-11 10:27:28.032 23789 30113 I WiVRn   : [2026-09-11 10:27:28.032] [WiVRn] [info] Wi-Fi QoS marks enabled (uplink EF / AC_VO)
09-11 10:27:28.036 23789 29996 I WiVRn   : [2026-09-11 10:27:28.036] [WiVRn] [info] Creating new swapchain: eR8G8B8A8Srgb, 1504x1504, 1 sample(s), 2 level(s)
09-11 10:27:28.038 23789 29996 I WiVRn   : [2026-09-11 10:27:28.038] [WiVRn] [info] Created swapchain
09-11 10:27:28.039 23789 29996 I WiVRn   : [2026-09-11 10:27:28.039] [WiVRn] [info] Creating new swapchain: eR8G8B8A8Srgb, 1504x1504, 1 sample(s), 2 level(s)
09-11 10:27:28.040 23789 29996 I WiVRn   : [2026-09-11 10:27:28.040] [WiVRn] [info] Created swapchain
09-11 10:27:28.044 23789 29989 I PxrMetric: FPS=0/90,MTP=18.70ms,AppSW=off,FrmEarly=0,FrmLate=1,FrmCpu=3.06ms,FrmGpu=0.01ms,FrmTime=3.07ms,ATWGPU=0.00ms,VsyncDelay=0,GPU=0%/0Mhz,GPUTemp=0.0C,LayerCnt=0,Pkg=org.meumeu.wivrn.nx.warp,FrmId=2
09-11 10:27:28.047 23789 29996 I WiVRn   : [2026-09-11 10:27:28.047] [WiVRn] [info] Supported swapchain formats:
09-11 10:27:28.047 23789 29996 I WiVRn   : [2026-09-11 10:27:28.047] [WiVRn] [info]     R8G8B8A8Srgb
09-11 10:27:28.047 23789 29996 I WiVRn   : [2026-09-11 10:27:28.047] [WiVRn] [info]     R8Unorm
09-11 10:27:28.047 23789 29996 I WiVRn   : [2026-09-11 10:27:28.047] [WiVRn] [info]     R8G8Unorm
09-11 10:27:28.047 23789 29996 I WiVRn   : [2026-09-11 10:27:28.047] [WiVRn] [info]     R8G8B8A8Unorm
09-11 10:27:28.047 23789 29996 I WiVRn   : [2026-09-11 10:27:28.047] [WiVRn] [info]     R5G6B5UnormPack16
09-11 10:27:28.047 23789 29996 I WiVRn   : [2026-09-11 10:27:28.047] [WiVRn] [info]     A2B10G10R10UnormPack32
09-11 10:27:28.047 23789 29996 I WiVRn   : [2026-09-11 10:27:28.047] [WiVRn] [info]     R16Unorm
09-11 10:27:28.047 23789 29996 I WiVRn   : [2026-09-11 10:27:28.047] [WiVRn] [info]     R16G16Unorm
09-11 10:27:28.047 23789 29996 I WiVRn   : [2026-09-11 10:27:28.047] [WiVRn] [info]     R16G16B16A16Unorm
09-11 10:27:28.047 23789 29996 I WiVRn   : [2026-09-11 10:27:28.047] [WiVRn] [info]     R16Uint
09-11 10:27:28.047 23789 29996 I WiVRn   : [2026-09-11 10:27:28.047] [WiVRn] [info]     R16G16Uint
09-11 10:27:28.047 23789 29996 I WiVRn   : [2026-09-11 10:27:28.047] [WiVRn] [info]     R16G16B16A16Uint
09-11 10:27:28.047 23789 29996 I WiVRn   : [2026-09-11 10:27:28.047] [WiVRn] [info]     R16Sint
09-11 10:27:28.047 23789 29996 I WiVRn   : [2026-09-11 10:27:28.047] [WiVRn] [info]     R16G16Sint
09-11 10:27:28.047 23789 29996 I WiVRn   : [2026-09-11 10:27:28.047] [WiVRn] [info]     R16G16B16A16Sint
09-11 10:27:28.047 23789 29996 I WiVRn   : [2026-09-11 10:27:28.047] [WiVRn] [info]     R16Sfloat
09-11 10:27:28.047 23789 29996 I WiVRn   : [2026-09-11 10:27:28.047] [WiVRn] [info]     R16G16Sfloat
09-11 10:27:28.047 23789 29996 I WiVRn   : [2026-09-11 10:27:28.047] [WiVRn] [info]     R16G16B16A16Sfloat
09-11 10:27:28.047 23789 29996 I WiVRn   : [2026-09-11 10:27:28.047] [WiVRn] [info]     A1R5G5B5UnormPack16
09-11 10:27:28.047 23789 29996 I WiVRn   : [2026-09-11 10:27:28.047] [WiVRn] [info]     Etc2R8G8B8UnormBlock
09-11 10:27:28.047 23789 29996 I WiVRn   : [2026-09-11 10:27:28.047] [WiVRn] [info]     Etc2R8G8B8A1UnormBlock
09-11 10:27:28.047 23789 29996 I WiVRn   : [2026-09-11 10:27:28.047] [WiVRn] [info]     Etc2R8G8B8A8UnormBlock
09-11 10:27:28.047 23789 29996 I WiVRn   : [2026-09-11 10:27:28.047] [WiVRn] [info]     Etc2R8G8B8SrgbBlock
09-11 10:27:28.047 23789 29996 I WiVRn   : [2026-09-11 10:27:28.047] [WiVRn] [info]     Etc2R8G8B8A1SrgbBlock
09-11 10:27:28.047 23789 29996 I WiVRn   : [2026-09-11 10:27:28.047] [WiVRn] [info]     Etc2R8G8B8A8SrgbBlock
09-11 10:27:28.047 23789 29996 I WiVRn   : [2026-09-11 10:27:28.047] [WiVRn] [info]     EacR11UnormBlock
09-11 10:27:28.047 23789 29996 I WiVRn   : [2026-09-11 10:27:28.047] [WiVRn] [info]     EacR11G11UnormBlock
09-11 10:27:28.047 23789 29996 I WiVRn   : [2026-09-11 10:27:28.047] [WiVRn] [info]     EacR11SnormBlock
09-11 10:27:28.047 23789 29996 I WiVRn   : [2026-09-11 10:27:28.047] [WiVRn] [info]     EacR11G11SnormBlock
09-11 10:27:28.047 23789 29996 I WiVRn   : [2026-09-11 10:27:28.047] [WiVRn] [info]     Astc4x4UnormBlock
09-11 10:27:28.047 23789 29996 I WiVRn   : [2026-09-11 10:27:28.047] [WiVRn] [info]     Astc5x4UnormBlock
09-11 10:27:28.047 23789 29996 I WiVRn   : [2026-09-11 10:27:28.047] [WiVRn] [info]     Astc5x5UnormBlock
09-11 10:27:28.047 23789 29996 I WiVRn   : [2026-09-11 10:27:28.047] [WiVRn] [info]     Astc6x5UnormBlock
09-11 10:27:28.047 23789 29996 I WiVRn   : [2026-09-11 10:27:28.047] [WiVRn] [info]     Astc6x6UnormBlock
09-11 10:27:28.047 23789 29996 I WiVRn   : [2026-09-11 10:27:28.047] [WiVRn] [info]     Astc8x5UnormBlock
09-11 10:27:28.047 23789 29996 I WiVRn   : [2026-09-11 10:27:28.047] [WiVRn] [info]     Astc8x6UnormBlock
09-11 10:27:28.047 23789 29996 I WiVRn   : [2026-09-11 10:27:28.047] [WiVRn] [info]     Astc8x8UnormBlock
09-11 10:27:28.047 23789 29996 I WiVRn   : [2026-09-11 10:27:28.047] [WiVRn] [info]     Astc10x5UnormBlock
09-11 10:27:28.047 23789 29996 I WiVRn   : [2026-09-11 10:27:28.047] [WiVRn] [info]     Astc10x6UnormBlock
09-11 10:27:28.047 23789 29996 I WiVRn   : [2026-09-11 10:27:28.047] [WiVRn] [info]     Astc10x8UnormBlock
09-11 10:27:28.047 23789 29996 I WiVRn   : [2026-09-11 10:27:28.047] [WiVRn] [info]     Astc10x10UnormBlock
09-11 10:27:28.047 23789 29996 I WiVRn   : [2026-09-11 10:27:28.047] [WiVRn] [info]     Astc12x10UnormBlock
09-11 10:27:28.047 23789 29996 I WiVRn   : [2026-09-11 10:27:28.047] [WiVRn] [info]     Astc12x12UnormBlock
09-11 10:27:28.047 23789 29996 I WiVRn   : [2026-09-11 10:27:28.047] [WiVRn] [info]     Astc4x4SrgbBlock
09-11 10:27:28.047 23789 29996 I WiVRn   : [2026-09-11 10:27:28.047] [WiVRn] [info]     Astc5x4SrgbBlock
09-11 10:27:28.047 23789 29996 I WiVRn   : [2026-09-11 10:27:28.047] [WiVRn] [info]     Astc5x5SrgbBlock
09-11 10:27:28.047 23789 29996 I WiVRn   : [2026-09-11 10:27:28.047] [WiVRn] [info]     Astc6x5SrgbBlock
09-11 10:27:28.047 23789 29996 I WiVRn   : [2026-09-11 10:27:28.047] [WiVRn] [info]     Astc6x6SrgbBlock
09-11 10:27:28.047 23789 29996 I WiVRn   : [2026-09-11 10:27:28.047] [WiVRn] [info]     Astc8x5SrgbBlock
09-11 10:27:28.047 23789 29996 I WiVRn   : [2026-09-11 10:27:28.047] [WiVRn] [info]     Astc8x6SrgbBlock
09-11 10:27:28.047 23789 29996 I WiVRn   : [2026-09-11 10:27:28.047] [WiVRn] [info]     Astc8x8SrgbBlock
09-11 10:27:28.047 23789 29996 I WiVRn   : [2026-09-11 10:27:28.047] [WiVRn] [info]     Astc10x5SrgbBlock
09-11 10:27:28.047 23789 29996 I WiVRn   : [2026-09-11 10:27:28.047] [WiVRn] [info]     Astc10x6SrgbBlock
09-11 10:27:28.047 23789 29996 I WiVRn   : [2026-09-11 10:27:28.047] [WiVRn] [info]     Astc10x8SrgbBlock
09-11 10:27:28.047 23789 29996 I WiVRn   : [2026-09-11 10:27:28.047] [WiVRn] [info]     Astc10x10SrgbBlock
09-11 10:27:28.047 23789 29996 I WiVRn   : [2026-09-11 10:27:28.047] [WiVRn] [info]     Astc12x10SrgbBlock
09-11 10:27:28.047 23789 29996 I WiVRn   : [2026-09-11 10:27:28.047] [WiVRn] [info]     Astc12x12SrgbBlock
09-11 10:27:28.047 23789 29996 I WiVRn   : [2026-09-11 10:27:28.047] [WiVRn] [info]     D16Unorm
09-11 10:27:28.047 23789 29996 I WiVRn   : [2026-09-11 10:27:28.047] [WiVRn] [info]     X8D24UnormPack32
09-11 10:27:28.047 23789 29996 I WiVRn   : [2026-09-11 10:27:28.047] [WiVRn] [info]     D32Sfloat
09-11 10:27:28.047 23789 29996 I WiVRn   : [2026-09-11 10:27:28.047] [WiVRn] [info]     D24UnormS8Uint
09-11 10:27:28.047 23789 29996 I WiVRn   : [2026-09-11 10:27:28.047] [WiVRn] [info]     B8G8R8A8Unorm
09-11 10:27:28.047 23789 29996 I WiVRn   : [2026-09-11 10:27:28.047] [WiVRn] [info]     B8G8R8A8Srgb
09-11 10:27:28.048 23789 29996 I WiVRn   : [2026-09-11 10:27:28.048] [WiVRn] [info] Using panel size: 2160x2160
09-11 10:27:28.150 23789 29996 I WiVRn   : [2026-09-11 10:27:28.150] [WiVRn] [info] video codec av1: NOT supported
09-11 10:27:28.169 23789 29996 I WiVRn   : [2026-09-11 10:27:28.169] [WiVRn] [info] video codec h265: supported
09-11 10:27:28.186 23789 29996 I WiVRn   : [2026-09-11 10:27:28.186] [WiVRn] [info] video codec h264: supported
09-11 10:27:28.192 23789 29996 I WiVRn   : [2026-09-11 10:27:28.192] [WiVRn] [info] Using format R8G8B8A8Srgb
09-11 10:27:28.194 23789 29996 I WiVRn   : [2026-09-11 10:27:28.194] [WiVRn] [info] WifiLock low latency acquired
09-11 10:27:28.196 23789 29996 I WiVRn   : [2026-09-11 10:27:28.196] [WiVRn] [info] Received event type Unknown
09-11 10:27:28.248 23789 30159 I WiVRn   : [2026-09-11 10:27:28.248] [WiVRn] [info] setup, refresh rate 90
09-11 10:27:28.248 23789 30159 I WiVRn   : [2026-09-11 10:27:28.248] [WiVRn] [info] set refresh rate to 90Hz
09-11 10:27:28.249 23789 30159 I WiVRn   : [2026-09-11 10:27:28.249] [WiVRn] [info] Creating decoders, size 2688x2688
09-11 10:27:28.249 23789 30159 I WiVRn   : [2026-09-11 10:27:28.249] [WiVRn] [info] edge bleed: server overscan 5.0%, client ring 0.0% (fade)
09-11 10:27:28.249 23789 30159 I WiVRn   : [2026-09-11 10:27:28.249] [WiVRn] [info]   stream 0: role 0, 2688x2688
09-11 10:27:28.249 23789 30159 I WiVRn   : [2026-09-11 10:27:28.249] [WiVRn] [info] nxwarp: decoupled display on
09-11 10:27:28.249 23789 30159 I WiVRn   : [2026-09-11 10:27:28.249] [WiVRn] [info] nxwarp: ycbcr chroma filter linear
09-11 10:27:28.249 23789 30159 I WiVRn   : [2026-09-11 10:27:28.249] [WiVRn] [info] nxwarp[0]: decoupled display -- frames are published complete and the reprojection pass waits on nothing
09-11 10:27:28.249 23789 30159 I WiVRn   : [2026-09-11 10:27:28.249] [WiVRn] [info]   stream 2: role 1, 2688x1344
09-11 10:27:28.249 23789 30159 I WiVRn   : [2026-09-11 10:27:28.249] [WiVRn] [info] nxwarp: decoupled display on
09-11 10:27:28.249 23789 30159 I WiVRn   : [2026-09-11 10:27:28.249] [WiVRn] [info] nxwarp: ycbcr chroma filter linear
09-11 10:27:28.249 23789 30159 I WiVRn   : [2026-09-11 10:27:28.249] [WiVRn] [info] nxwarp[2]: decoupled display -- frames are published complete and the reprojection pass waits on nothing
09-11 10:27:28.250 23789 30166 I WiVRn   : [2026-09-11 10:27:28.250] [WiVRn] [info] Adding hand_interaction poses to device list
09-11 10:27:28.250 23789 30166 I WiVRn   : [2026-09-11 10:27:28.250] [WiVRn] [info] interaction profile for /user/hand/left: /interaction_profiles/ext/hand_interaction_ext
09-11 10:27:28.250 23789 30166 I WiVRn   : [2026-09-11 10:27:28.250] [WiVRn] [info] interaction profile for /user/hand/right: /interaction_profiles/ext/hand_interaction_ext
09-11 10:27:28.250 23789 30166 I WiVRn   : [2026-09-11 10:27:28.250] [WiVRn] [info] interaction profile for /user/gamepad: XR_NULL_PATH
09-11 10:27:28.250 23789 30166 W WiVRn   : [2026-09-11 10:27:28.250] [WiVRn] [warning] unknown interaction profile XR_NULL_PATH
09-11 10:27:28.250 23789 30166 I WiVRn   : [2026-09-11 10:27:28.250] [WiVRn] [info] Tracking pattern (5000µs):
09-11 10:27:28.250 23789 30166 I WiVRn   : [2026-09-11 10:27:28.250] [WiVRn] [info] 	t+5000µs HEAD (0µs)
09-11 10:27:28.371 23789 30159 I WiVRn   : [2026-09-11 10:27:28.371] [WiVRn] [info] Speaker stream started
09-11 10:27:28.371 23789 30159 I WiVRn   : [2026-09-11 10:27:28.371] [WiVRn] [info] setup, refresh rate 90
09-11 10:27:28.371 23789 30159 I WiVRn   : [2026-09-11 10:27:28.371] [WiVRn] [info] set refresh rate to 90Hz
09-11 10:27:29.048 23789 29989 I PxrMetric: FPS=0/90,MTP=30.61ms,AppSW=off,FrmEarly=12,FrmLate=1,FrmCpu=1.11ms,FrmGpu=1.57ms,FrmTime=2.70ms,ATWGPU=4.29ms,VsyncDelay=1,GPU=49%/587Mhz,GPUTemp=84.9C,LayerCnt=4,Pkg=org.meumeu.wivrn.nx.warp,FrmId=77
09-11 10:27:30.049 23789 29989 I PxrMetric: FPS=76/90,MTP=30.33ms,AppSW=off,FrmEarly=0,FrmLate=0,FrmCpu=1.11ms,FrmGpu=1.35ms,FrmTime=2.48ms,ATWGPU=4.14ms,VsyncDelay=1,GPU=50%/587Mhz,GPUTemp=85.7C,LayerCnt=4,Pkg=org.meumeu.wivrn.nx.warp,FrmId=167
09-11 10:27:30.841 23789 30159 I WiVRn   : [2026-09-11 10:27:30.841] [WiVRn] [info] nxwarp[0]: PLANAR centre mode requested; using generic mixed-frame decoder
09-11 10:27:30.851 23789 30159 I WiVRn   : [2026-09-11 10:27:30.851] [WiVRn] [info] nxwarp[0]: borrowed NV12 output enabled
09-11 10:27:30.851 23789 30159 I WiVRn   : [2026-09-11 10:27:30.851] [WiVRn] [info] nxwarp[0]: atlas borrowed-target dirty catchup enabled
09-11 10:27:30.851 23789 30159 I WiVRn   : [2026-09-11 10:27:30.851] [WiVRn] [info] nxwarp[0]: direct atlas targets false
09-11 10:27:30.851 23789 30159 I WiVRn   : [2026-09-11 10:27:30.851] [WiVRn] [info] nxwarp[0]: 2688x2688 per eye, 2 eyes, on Adreno (TM) 650, 84 x 42 tiles, 1166 bytes per tile
09-11 10:27:30.855 23789 30166 I WiVRn   : [2026-09-11 10:27:30.855] [WiVRn] [info] Tracking pattern (5000µs):
09-11 10:27:30.855 23789 30166 I WiVRn   : [2026-09-11 10:27:30.855] [WiVRn] [info] 	t+3720µs LEFT_GRIP (1279µs)
09-11 10:27:30.855 23789 30166 I WiVRn   : [2026-09-11 10:27:30.855] [WiVRn] [info] 	t+7793µs HEAD (-7793µs)
09-11 10:27:30.859 23789 30159 I WiVRn   : [2026-09-11 10:27:30.859] [WiVRn] [info] nxwarp[0] net: 1 frames closed in 2.6 s, 0 with a hole, 0 out-of-order datagrams, 0 frames completed late, 0 queued for the worker, 0 decoded so far, 0 stragglers dropped; last hole 0/0 chunks, first missing -1, short false, chunk 1166 B; worker phase idle
09-11 10:27:30.859 23789 30159 I WiVRn   : [2026-09-11 10:27:30.859] [WiVRn] [info] nxwarp[0] net: 0.029 ms per datagram over 167 datagrams (1.88 ms of every second)
09-11 10:27:30.859 23789 30159 I WiVRn   : [2026-09-11 10:27:30.859] [WiVRn] [info] nxwarp[0] sel: stride 1, arrival 0.0 ms, dropped-late 0, withheld 0, decoded 0
09-11 10:27:30.859 23789 30159 I WiVRn   : [2026-09-11 10:27:30.859] [WiVRn] [info] nxwarp[0] rx: 168 datagrams, placed 3528 (+3528), late 0 (+0), stale_frame 0, bad_range 0, bad_dir 0, bad_caps 0, bad_ver 0, auth_fail 0, replay 0, frozen 0, dup 0
09-11 10:27:31.059 23789 29989 I PxrMetric: FPS=90/90,MTP=30.69ms,AppSW=off,FrmEarly=0,FrmLate=0,FrmCpu=1.27ms,FrmGpu=1.64ms,FrmTime=2.93ms,ATWGPU=4.55ms,VsyncDelay=1,GPU=52%/587Mhz,GPUTemp=89.2C,LayerCnt=4,Pkg=org.meumeu.wivrn.nx.warp,FrmId=258
09-11 10:27:31.253 23789 30166 I WiVRn   : [2026-09-11 10:27:31.253] [WiVRn] [info] Tracking pattern (5000µs):
09-11 10:27:31.253 23789 30166 I WiVRn   : [2026-09-11 10:27:31.253] [WiVRn] [info] 	t+1000µs HEAD (9000µs)
09-11 10:27:31.253 23789 30166 I WiVRn   : [2026-09-11 10:27:31.253] [WiVRn] [info] 	t+1223µs LEFT_GRIP (3776µs)
09-11 10:27:31.253 23789 30166 I WiVRn   : [2026-09-11 10:27:31.253] [WiVRn] [info] 	t+1256µs RIGHT_GRIP (3743µs)
09-11 10:27:31.253 23789 30166 I WiVRn   : [2026-09-11 10:27:31.253] [WiVRn] [info] 	t+2000µs HEAD (3000µs)
09-11 10:27:31.253 23789 30166 I WiVRn   : [2026-09-11 10:27:31.253] [WiVRn] [info] 	t+3223µs LEFT_GRIP (6776µs)
09-11 10:27:31.253 23789 30166 I WiVRn   : [2026-09-11 10:27:31.253] [WiVRn] [info] 	t+3256µs RIGHT_GRIP (6743µs)
09-11 10:27:31.253 23789 30166 I WiVRn   : [2026-09-11 10:27:31.253] [WiVRn] [info] 	t+4000µs HEAD (6000µs)
09-11 10:27:31.253 23789 30166 I WiVRn   : [2026-09-11 10:27:31.253] [WiVRn] [info] 	t+5000µs HEAD (0µs)
09-11 10:27:32.071 23789 29989 I PxrMetric: FPS=90/90,MTP=30.94ms,AppSW=off,FrmEarly=0,FrmLate=0,FrmCpu=1.34ms,FrmGpu=1.65ms,FrmTime=3.02ms,ATWGPU=5.05ms,VsyncDelay=1,GPU=57%/587Mhz,GPUTemp=90.3C,LayerCnt=4,Pkg=org.meumeu.wivrn.nx.warp,FrmId=349
09-11 10:27:32.153 23789 30164 I WiVRn   : [2026-09-11 10:27:32.153] [WiVRn] [info] Stream scene ready at t=385080393263883
09-11 10:27:32.153 23789 30164 I WiVRn   : [2026-09-11 10:27:32.153] [WiVRn] [info] nxwarp[0]: 1 frames in 3.9 s: 133872 B/frame, wait-prev 0.0 ms, wall 1294.2 ms, nxvc passA 3.0 passB 7.2 gpu 10.1 ms; holes 38, refused 0
09-11 10:27:32.153 23789 30164 I WiVRn   : [2026-09-11 10:27:32.153] [WiVRn] [info] nxwarp[0] gpu duty 3 ms/s (0% of one GPU) for decode alone; the display pass is extra
09-11 10:27:32.153 23789 30164 I WiVRn   : [2026-09-11 10:27:32.153] [WiVRn] [info] nxwarp[0] passB 7.2 ms = warp 0.0 + skip 0.0 + coded 0.0 + dir 0.0 + other 7.2; tiles skip 0 / coded 3528 / dir 0 (eye pass 0)
09-11 10:27:32.153 23789 30164 I WiVRn   : [2026-09-11 10:27:32.153] [WiVRn] [info] nxwarp[0]: 63 frames dropped late (queue kept to 1)
09-11 10:27:32.153 23789 30164 I WiVRn   : [2026-09-11 10:27:32.153] [WiVRn] [info] nxwarp[0] stage: gap 0.0 | wait-prev 0.0 | submit 1283.9 (qlock 0.0 + codec 1283.9) | get_free 0.0 | fence-pre 0.0 | record 0.1 | qsubmit 0.0 | fence-post 10.0 | publish 0.1 ms; withheld 0, stride 1, arrival 20.1 ms
09-11 10:27:32.153 23789 30164 I WiVRn   : [2026-09-11 10:27:32.153] [WiVRn] [info] nxwarp[0] reassembly (network thread): 0.21 ms/frame over 103 frames, buffer 156 kB held for 156 kB of unit (1.0x)
09-11 10:27:32.153 23789 30164 I WiVRn   : [2026-09-11 10:27:32.153] [WiVRn] [info] nxwarp[0] fence-post 10.1 ms = nxvc gpu 10.1 + copy gpu 0.00 + queue -0.1 (over 1 frames with timestamps)
09-11 10:27:32.165 23789 29996 I WiVRn   : [2026-09-11 10:27:32.165] [WiVRn] [info] MulticastLock released
09-11 10:27:32.177 23789 29996 I WiVRn   : [2026-09-11 10:27:32.177] [WiVRn] [info] Loaded input profile pico-4
09-11 10:27:32.177 23789 29996 I WiVRn   : [2026-09-11 10:27:32.177] [WiVRn] [info] Initializing offset of space aim_left to (-5, 0, 20) mm, (0, -0, 0)°
09-11 10:27:32.177 23789 29996 I WiVRn   : [2026-09-11 10:27:32.177] [WiVRn] [info] Initializing offset of space aim_right to (5, 0, 20) mm, (0, -0, 0)°
09-11 10:27:32.177 23789 29996 I WiVRn   : [2026-09-11 10:27:32.177] [WiVRn] [info] Initializing offset of space grip_left to (0, -20, -50) mm, (-30.000002, -0, 0)°
09-11 10:27:32.177 23789 29996 I WiVRn   : [2026-09-11 10:27:32.177] [WiVRn] [info] Initializing offset of space grip_right to (0, -20, -50) mm, (-30.000002, -0, 0)°
09-11 10:27:32.198 23789 29996 I WiVRn   : [2026-09-11 10:27:32.198] [WiVRn] [info] Font for de /system/fonts/PICOSans.ttf
09-11 10:27:32.198 23789 29996 I WiVRn   : [2026-09-11 10:27:32.198] [WiVRn] [info] Font for es /system/fonts/PICOSans.ttf
09-11 10:27:32.198 23789 29996 I WiVRn   : [2026-09-11 10:27:32.198] [WiVRn] [info] Font for fr /system/fonts/PICOSans.ttf
09-11 10:27:32.198 23789 29996 I WiVRn   : [2026-09-11 10:27:32.198] [WiVRn] [info] Font for fr /system/fonts/Roboto-Regular.ttf
09-11 10:27:32.198 23789 29996 I WiVRn   : [2026-09-11 10:27:32.198] [WiVRn] [info] Font for it /system/fonts/PICOSans.ttf
09-11 10:27:32.198 23789 29996 I WiVRn   : [2026-09-11 10:27:32.198] [WiVRn] [info] Font for ja /system/fonts/PICOSans.ttf
09-11 10:27:32.198 23789 29996 I WiVRn   : [2026-09-11 10:27:32.198] [WiVRn] [info] Font for ja /system/fonts/PICOSansVFJP.ttf
09-11 10:27:32.198 23789 29996 I WiVRn   : [2026-09-11 10:27:32.198] [WiVRn] [info] Font for ka /system/fonts/PICOSans.ttf
09-11 10:27:32.198 23789 29996 I WiVRn   : [2026-09-11 10:27:32.198] [WiVRn] [info] Font for ka /system/fonts/NotoSansGeorgian-Regular.otf
09-11 10:27:32.198 23789 29996 I WiVRn   : [2026-09-11 10:27:32.198] [WiVRn] [info] Font for ka /system/fonts/PICOSans.ttf
09-11 10:27:32.198 23789 29996 I WiVRn   : [2026-09-11 10:27:32.198] [WiVRn] [info] Font for pl /system/fonts/PICOSans.ttf
09-11 10:27:32.199 23789 29996 I WiVRn   : [2026-09-11 10:27:32.199] [WiVRn] [info] Font for pl /system/fonts/Roboto-Regular.ttf
09-11 10:27:32.199 23789 29996 I WiVRn   : [2026-09-11 10:27:32.199] [WiVRn] [info] Font for pl /system/fonts/PICOSans.ttf
09-11 10:27:32.199 23789 29996 I WiVRn   : [2026-09-11 10:27:32.199] [WiVRn] [info] Font for pl /system/fonts/PICOSansSC-Regular.ttf
09-11 10:27:32.199 23789 29996 I WiVRn   : [2026-09-11 10:27:32.199] [WiVRn] [info] Font for pl /system/fonts/Roboto-Regular.ttf
09-11 10:27:32.199 23789 29996 I WiVRn   : [2026-09-11 10:27:32.199] [WiVRn] [info] Font for pl /system/fonts/PICOSans.ttf
09-11 10:27:32.199 23789 29996 I WiVRn   : [2026-09-11 10:27:32.199] [WiVRn] [info] Font for pt_BR /system/fonts/PICOSans.ttf
09-11 10:27:32.199 23789 29996 I WiVRn   : [2026-09-11 10:27:32.199] [WiVRn] [info] Font for ru /system/fonts/PICOSans.ttf
09-11 10:27:32.199 23789 29996 I WiVRn   : [2026-09-11 10:27:32.199] [WiVRn] [info] Font for ru /system/fonts/PICOSansSC-Regular.ttf
09-11 10:27:32.199 23789 29996 I WiVRn   : [2026-09-11 10:27:32.199] [WiVRn] [info] Font for ru /system/fonts/PICOSans.ttf
09-11 10:27:32.199 23789 29996 I WiVRn   : [2026-09-11 10:27:32.199] [WiVRn] [info] Font for sk /system/fonts/PICOSans.ttf
09-11 10:27:32.199 23789 29996 I WiVRn   : [2026-09-11 10:27:32.199] [WiVRn] [info] Font for sk /system/fonts/Roboto-Regular.ttf
09-11 10:27:32.199 23789 29996 I WiVRn   : [2026-09-11 10:27:32.199] [WiVRn] [info] Font for sk /system/fonts/PICOSansSC-Regular.ttf
09-11 10:27:32.199 23789 29996 I WiVRn   : [2026-09-11 10:27:32.199] [WiVRn] [info] Font for sk /system/fonts/PICOSans.ttf
09-11 10:27:32.199 23789 29996 I WiVRn   : [2026-09-11 10:27:32.199] [WiVRn] [info] Font for sk /system/fonts/Roboto-Regular.ttf
09-11 10:27:32.199 23789 29996 I WiVRn   : [2026-09-11 10:27:32.199] [WiVRn] [info] Font for sk /system/fonts/PICOSans.ttf
09-11 10:27:32.199 23789 29996 I WiVRn   : [2026-09-11 10:27:32.199] [WiVRn] [info] Font for tr /system/fonts/PICOSans.ttf
09-11 10:27:32.199 23789 29996 I WiVRn   : [2026-09-11 10:27:32.199] [WiVRn] [info] Font for tr /system/fonts/Roboto-Regular.ttf
09-11 10:27:32.199 23789 29996 I WiVRn   : [2026-09-11 10:27:32.199] [WiVRn] [info] Font for tr /system/fonts/PICOSans.ttf
09-11 10:27:32.199 23789 29996 I WiVRn   : [2026-09-11 10:27:32.199] [WiVRn] [info] Font for tr /system/fonts/Roboto-Regular.ttf
09-11 10:27:32.199 23789 29996 I WiVRn   : [2026-09-11 10:27:32.199] [WiVRn] [info] Font for tr /system/fonts/PICOSans.ttf
09-11 10:27:32.199 23789 29996 I WiVRn   : [2026-09-11 10:27:32.199] [WiVRn] [info] Font for zh_CN /system/fonts/PICOSans.ttf
09-11 10:27:32.199 23789 29996 I WiVRn   : [2026-09-11 10:27:32.199] [WiVRn] [info] Font for zh_CN /system/fonts/PICOSansSC-Regular.ttf
09-11 10:27:32.200 23789 29996 I WiVRn   : [2026-09-11 10:27:32.200] [WiVRn] [info] Font for zh_TW /system/fonts/PICOSans.ttf
09-11 10:27:32.200 23789 29996 I WiVRn   : [2026-09-11 10:27:32.200] [WiVRn] [info] Font for zh_TW /system/fonts/PICOSansSC-Regular.ttf
09-11 10:27:32.205 23789 29996 I WiVRn   : [2026-09-11 10:27:32.205] [WiVRn] [info] Using font /system/fonts/PICOSans.ttf
09-11 10:27:32.205 23789 29996 I WiVRn   : [2026-09-11 10:27:32.205] [WiVRn] [info] Using font /system/fonts/Roboto-Regular.ttf
09-11 10:27:32.206 23789 29996 I WiVRn   : [2026-09-11 10:27:32.206] [WiVRn] [info] Using font /system/fonts/PICOSansVFJP.ttf
09-11 10:27:32.226 23789 29996 I WiVRn   : [2026-09-11 10:27:32.226] [WiVRn] [info] Using font /system/fonts/NotoSansGeorgian-Regular.otf
09-11 10:27:32.226 23789 29996 I WiVRn   : [2026-09-11 10:27:32.226] [WiVRn] [info] Using font /system/fonts/PICOSansSC-Regular.ttf
09-11 10:27:32.235 23789 29996 I WiVRn   : [2026-09-11 10:27:32.235] [WiVRn] [info] Performance level: CPU domain asked for sustained_high
09-11 10:27:32.235 23789 29996 I WiVRn   : [2026-09-11 10:27:32.235] [WiVRn] [info] nxwarp: GPU performance level setting 2
09-11 10:27:32.236 23789 29996 I WiVRn   : [2026-09-11 10:27:32.236] [WiVRn] [info] Performance level: GPU domain asked for boost
09-11 10:27:32.246 23789 29996 I WiVRn   : [2026-09-11 10:27:32.246] [WiVRn] [info] swapchain setup, refresh rate 90
09-11 10:27:32.246 23789 29996 I WiVRn   : [2026-09-11 10:27:32.246] [WiVRn] [info] set refresh rate to 90Hz
09-11 10:27:32.252 23789 29996 W WiVRn   : [2026-09-11 10:27:32.252] [WiVRn] [warning] XR mutable swapchain request rejected (-2); retrying without format list
09-11 10:27:32.266 23789 30166 I WiVRn   : [2026-09-11 10:27:32.266] [WiVRn] [info] Tracking pattern (11109µs):
09-11 10:27:32.266 23789 30166 I WiVRn   : [2026-09-11 10:27:32.266] [WiVRn] [info] 	t+1867µs HEAD (9242µs)
09-11 10:27:32.266 23789 30166 I WiVRn   : [2026-09-11 10:27:32.266] [WiVRn] [info] 	t+1935µs LEFT_GRIP (9174µs)
09-11 10:27:32.266 23789 30166 I WiVRn   : [2026-09-11 10:27:32.266] [WiVRn] [info] 	t+1944µs RIGHT_GRIP (9165µs)
09-11 10:27:32.266 23789 30166 I WiVRn   : [2026-09-11 10:27:32.266] [WiVRn] [info] 	t+4867µs HEAD (6242µs)
09-11 10:27:32.266 23789 30166 I WiVRn   : [2026-09-11 10:27:32.266] [WiVRn] [info] 	t+4935µs LEFT_GRIP (6174µs)
09-11 10:27:32.266 23789 30166 I WiVRn   : [2026-09-11 10:27:32.266] [WiVRn] [info] 	t+4944µs RIGHT_GRIP (6165µs)
09-11 10:27:32.268 23789 29996 I WiVRn   : [2026-09-11 10:27:32.268] [WiVRn] [info] Created stream swapchain: 2688x2688
09-11 10:27:32.268 23789 29996 W WiVRn   : [2026-09-11 10:27:32.268] [WiVRn] [warning] Swapchain size larger than maximum 2560x2560
09-11 10:27:32.268 23789 29996 W WiVRn   : [2026-09-11 10:27:32.268] [WiVRn] [warning] Swapchain size larger than maximum 2560x2560
09-11 10:27:32.268 23789 29996 I WiVRn   : [2026-09-11 10:27:32.268] [WiVRn] [info] Initializing reprojector
09-11 10:27:32.269 23789 29996 I WiVRn   : [2026-09-11 10:27:32.269] [WiVRn] [info] Static FDM enabled: 168x168 map, texel 16x16
09-11 10:27:32.269 23789 29996 I WiVRn   : [2026-09-11 10:27:32.269] [WiVRn] [info] nxwarp atlas vertex warp enabled
09-11 10:27:32.270 23789 29996 I WiVRn   : [2026-09-11 10:27:32.270] [WiVRn] [info] Atlas UNORM attachment views ready
09-11 10:27:32.270 23789 29996 I WiVRn   : [2026-09-11 10:27:32.270] [WiVRn] [info] Atlas mutable swapchain enabled
09-11 10:27:32.270 23789 29996 I WiVRn   : [2026-09-11 10:27:32.270] [WiVRn] [info] NX static post compiled out
09-11 10:27:32.270 23789 29996 I WiVRn   : [2026-09-11 10:27:32.270] [WiVRn] [info] NX static bleed compiled out
09-11 10:27:32.270 23789 29996 I WiVRn   : [2026-09-11 10:27:32.270] [WiVRn] [info] NX peripheral smoothing mode 3
09-11 10:27:32.270 23789 29996 I WiVRn   : [2026-09-11 10:27:32.270] [WiVRn] [info] Atlas UNORM attachment path active
09-11 10:27:32.493 23789 29996 I WiVRn   : [2026-09-11 10:27:32.493] [WiVRn] [info] geometry[eye 0]: view_info fov L-53.34 R53.34 U53.34 D-53.34 | layer fov L-53.34 R53.34 U53.34 D-53.34 deg | layer rect 2688x2688 | defoveated 2688x2688 | scale 1.00
09-11 10:27:32.493 23789 29996 I WiVRn   : [2026-09-11 10:27:32.493] [WiVRn] [info] geometry[eye 1]: view_info fov L-53.34 R53.34 U53.34 D-53.34 | layer fov L-53.34 R53.34 U53.34 D-53.34 deg | layer rect 2688x2688 | defoveated 2688x2688 | scale 1.00
09-11 10:27:32.513 23789 29996 I WiVRn   : [2026-09-11 10:27:32.513] [WiVRn] [info] render: 1 iterations in 4.8 s (0.2/s), 1 submitted a layer, 1 new-source, 0 skipped by the repeat gate, 0 with nothing to show; display period 11.1 ms
09-11 10:27:32.513 23789 29996 I WiVRn   : [2026-09-11 10:27:32.513] [WiVRn] [info] render: ready wait attempts 0 success 0 total 0.000 ms | selected older than available 0
09-11 10:27:32.513 23789 29996 I WiVRn   : [2026-09-11 10:27:32.513] [WiVRn] [info] render: selected source transitions forward 0 backward 0 repeat 0, greatest forward gap 0
09-11 10:27:32.513 23789 29996 I WiVRn   : [2026-09-11 10:27:32.513] [WiVRn] [info] render: this app's own GPU pass 0.0 ms per iteration
09-11 10:27:32.513 23789 29996 I WiVRn   : [2026-09-11 10:27:32.513] [WiVRn] [info] render: defoveate 2688x2688 per eye x2 = 14.45 Mpx/frame at scale 1.00 atlas-prototype 0; 0 re-presented from the cache (reduce_gpu_load on)
09-11 10:27:32.513 23789 29996 I WiVRn   : [2026-09-11 10:27:32.513] [WiVRn] [info] render: shader path sharpness 0.00 fsr false alpha false motion false blend false glow 0.00 vignette 0.00 deband 0.00 lowpoly 0.00 levels 0 full-kernel false
09-11 10:27:32.513 23789 29996 I WiVRn   : [2026-09-11 10:27:32.513] [WiVRn] [info] render: per iteration fence 0.0 (worst 0.0) | queries 0.0 | submit 0.1 | whole render() 277.3 ms
09-11 10:27:32.513 23789 29996 I WiVRn   : [2026-09-11 10:27:32.513] [WiVRn] [info] render: selection-to-defoveate CPU 34.228 ms mean (max 34.228) over 1 actual defoveate calls; not GPU/photon latency
09-11 10:27:32.513 23789 29996 I WiVRn   : [2026-09-11 10:27:32.513] [WiVRn] [info] render: jit on | wake slack 29.9 ms | slept 0.0 ms mean (max 0.0, 0 of 1 iterations) | budget 1.0 = pass 0.0 + margin 1.0 | sleep cap 5.0 ms
09-11 10:27:32.513 23789 29996 I WiVRn   : [2026-09-11 10:27:32.513] [WiVRn] [info] render: source display-time offset 224.3 ms mean (worst 224.3) over 1 frames | submit lead 0.0 ms mean (worst 0.0) | misses: 0 overrun 0 late 0 skipped refresh
09-11 10:27:32.513 23789 29996 I WiVRn   : [2026-09-11 10:27:32.513] [WiVRn] [info] render: source->first 130.3 ms | wire 16.6 | queue 13.8 | decode 24.2 | decode->selection 9.7 | selection->predicted 29.7 | sum 224.3 over 1 selected frames (0 invalid)
09-11 10:27:32.513 23789 29996 I WiVRn   : [2026-09-11 10:27:32.513] [WiVRn] [info] Received event type XR_TYPE_EVENT_DATA_INTERACTION_PROFILE_CHANGED
09-11 10:27:32.513 23789 29996 I WiVRn   : [2026-09-11 10:27:32.513] [WiVRn] [info] interaction profile for /user/hand/left: /interaction_profiles/ext/hand_interaction_ext
09-11 10:27:32.513 23789 29996 I WiVRn   : [2026-09-11 10:27:32.513] [WiVRn] [info] interaction profile for /user/hand/right: /interaction_profiles/ext/hand_interaction_ext
09-11 10:27:32.513 23789 29996 I WiVRn   : [2026-09-11 10:27:32.513] [WiVRn] [info] interaction profile for /user/gamepad: XR_NULL_PATH
09-11 10:27:32.513 23789 29996 W WiVRn   : [2026-09-11 10:27:32.513] [WiVRn] [warning] unknown interaction profile XR_NULL_PATH
09-11 10:27:32.513 23789 29996 I WiVRn   : [2026-09-11 10:27:32.513] [WiVRn] [info] Received event type XR_TYPE_EVENT_DATA_INTERACTION_PROFILE_CHANGED
09-11 10:27:32.513 23789 29996 I WiVRn   : [2026-09-11 10:27:32.513] [WiVRn] [info] interaction profile for /user/hand/left: /interaction_profiles/ext/hand_interaction_ext
09-11 10:27:32.513 23789 29996 I WiVRn   : [2026-09-11 10:27:32.513] [WiVRn] [info] interaction profile for /user/hand/right: /interaction_profiles/ext/hand_interaction_ext
09-11 10:27:32.513 23789 29996 I WiVRn   : [2026-09-11 10:27:32.513] [WiVRn] [info] interaction profile for /user/gamepad: XR_NULL_PATH
09-11 10:27:32.513 23789 29996 W WiVRn   : [2026-09-11 10:27:32.513] [WiVRn] [warning] unknown interaction profile XR_NULL_PATH
09-11 10:27:32.513 23789 29996 I WiVRn   : [2026-09-11 10:27:32.513] [WiVRn] [info] Received event type XR_TYPE_EVENT_DATA_INTERACTION_PROFILE_CHANGED
09-11 10:27:32.513 23789 29996 I WiVRn   : [2026-09-11 10:27:32.513] [WiVRn] [info] interaction profile for /user/hand/left: /interaction_profiles/ext/hand_interaction_ext
09-11 10:27:32.513 23789 29996 I WiVRn   : [2026-09-11 10:27:32.513] [WiVRn] [info] interaction profile for /user/hand/right: /interaction_profiles/ext/hand_interaction_ext
09-11 10:27:32.513 23789 29996 I WiVRn   : [2026-09-11 10:27:32.513] [WiVRn] [info] interaction profile for /user/gamepad: XR_NULL_PATH
09-11 10:27:32.513 23789 29996 W WiVRn   : [2026-09-11 10:27:32.513] [WiVRn] [warning] unknown interaction profile XR_NULL_PATH
09-11 10:27:32.513 23789 29996 I WiVRn   : [2026-09-11 10:27:32.513] [WiVRn] [info] Received event type Unknown
09-11 10:27:32.859 23789 30159 I WiVRn   : [2026-09-11 10:27:32.859] [WiVRn] [info] nxwarp[0] net: 131 frames closed in 2.0 s, 42 with a hole, 0 out-of-order datagrams, 0 frames completed late, 0 queued for the worker, 21 decoded so far, 42 stragglers dropped; last hole 204/204 chunks, first missing -1, short false, chunk 1166 B; worker phase idle
09-11 10:27:32.859 23789 30159 I WiVRn   : [2026-09-11 10:27:32.859] [WiVRn] [info] nxwarp[0] net: 0.038 ms per datagram over 37022 datagrams (695.56 ms of every second)
09-11 10:27:32.859 23789 30159 I WiVRn   : [2026-09-11 10:27:32.859] [WiVRn] [info] nxwarp[0] sel: stride 1, arrival 35.6 ms, dropped-late 68, withheld 0, decoded 21
09-11 10:27:32.859 23789 30159 I WiVRn   : [2026-09-11 10:27:32.859] [WiVRn] [info] nxwarp[0] rx: 37190 datagrams, placed 323432 (+319904), late 139537 (+139537), stale_frame 0, bad_range 0, bad_dir 0, bad_caps 0, bad_ver 0, auth_fail 0, replay 0, frozen 0, dup 54
09-11 10:27:33.088 23789 29989 I PxrMetric: FPS=90/90,MTP=40.01ms,AppSW=off,FrmEarly=15,FrmLate=7,FrmCpu=1.39ms,FrmGpu=8.59ms,FrmTime=11.21ms,ATWGPU=4.27ms,VsyncDelay=2,GPU=68%/587Mhz,GPUTemp=89.6C,LayerCnt=2,Pkg=org.meumeu.wivrn.nx.warp,FrmId=411
09-11 10:27:33.255 23789 30166 I WiVRn   : [2026-09-11 10:27:33.255] [WiVRn] [info] Tracking pattern (11114µs):
09-11 10:27:33.255 23789 30166 I WiVRn   : [2026-09-11 10:27:33.255] [WiVRn] [info] 	t+4100µs HEAD (7013µs)
09-11 10:27:33.255 23789 30166 I WiVRn   : [2026-09-11 10:27:33.255] [WiVRn] [info] 	t+4188µs LEFT_GRIP (6925µs)
09-11 10:27:33.255 23789 30166 I WiVRn   : [2026-09-11 10:27:33.255] [WiVRn] [info] 	t+4208µs RIGHT_GRIP (6905µs)
09-11 10:27:33.255 23789 30166 I WiVRn   : [2026-09-11 10:27:33.255] [WiVRn] [info] 	t+7100µs HEAD (4013µs)
09-11 10:27:33.255 23789 30166 I WiVRn   : [2026-09-11 10:27:33.255] [WiVRn] [info] 	t+7188µs LEFT_GRIP (3925µs)
09-11 10:27:33.255 23789 30166 I WiVRn   : [2026-09-11 10:27:33.255] [WiVRn] [info] 	t+7208µs RIGHT_GRIP (3905µs)
09-11 10:27:34.092 23789 29989 I PxrMetric: FPS=61/90,MTP=37.95ms,AppSW=off,FrmEarly=10,FrmLate=13,FrmCpu=1.41ms,FrmGpu=8.74ms,FrmTime=15.69ms,ATWGPU=4.00ms,VsyncDelay=2,GPU=99%/587Mhz,GPUTemp=87.2C,LayerCnt=2,Pkg=org.meumeu.wivrn.nx.warp,FrmId=495
09-11 10:27:34.159 23789 30164 I WiVRn   : [2026-09-11 10:27:34.159] [WiVRn] [info] nxwarp[0]: 75 frames in 2.0 s: 272716 B/frame, wait-prev 0.0 ms, wall 20.2 ms, nxvc passA 5.8 passB 9.7 gpu 15.5 ms; holes 42, refused 0
09-11 10:27:34.159 23789 30164 I WiVRn   : [2026-09-11 10:27:34.159] [WiVRn] [info] nxwarp[0] gpu duty 581 ms/s (58% of one GPU) for decode alone; the display pass is extra
09-11 10:27:34.159 23789 30164 I WiVRn   : [2026-09-11 10:27:34.159] [WiVRn] [info] nxwarp[0] passB 9.7 ms = warp 0.0 + skip 0.0 + coded 0.0 + dir 0.0 + other 9.7; tiles skip 0 / coded 3528 / dir 0 (eye pass 0)
09-11 10:27:34.159 23789 30164 I WiVRn   : [2026-09-11 10:27:34.159] [WiVRn] [info] nxwarp[0]: 68 frames dropped late (queue kept to 1)
09-11 10:27:34.159 23789 30164 I WiVRn   : [2026-09-11 10:27:34.159] [WiVRn] [info] nxwarp[0] stage: gap 6.5 | wait-prev 0.0 | submit 2.0 (qlock 0.0 + codec 2.0) | get_free 0.0 | fence-pre 0.0 | record 0.0 | qsubmit 0.0 | fence-post 18.1 | publish 0.1 ms; withheld 0, stride 1, arrival 22.9 ms
09-11 10:27:34.159 23789 30164 I WiVRn   : [2026-09-11 10:27:34.159] [WiVRn] [info] nxwarp[0] reassembly (network thread): 0.19 ms/frame over 84 frames, buffer 253 kB held for 253 kB of unit (1.0x)
09-11 10:27:34.159 23789 30164 I WiVRn   : [2026-09-11 10:27:34.159] [WiVRn] [info] nxwarp[0] fence-post 18.1 ms = nxvc gpu 15.5 + copy gpu 0.00 + queue 2.5 (over 75 frames with timestamps)
09-11 10:27:34.252 23789 29996 I WiVRn   : [2026-09-11 10:27:34.252] [WiVRn] [info] render: 148 iterations in 2.0 s (73.5/s), 148 submitted a layer, 69 new-source, 0 skipped by the repeat gate, 0 with nothing to show; display period 13.7 ms
09-11 10:27:34.252 23789 29996 I WiVRn   : [2026-09-11 10:27:34.252] [WiVRn] [info] render: ready wait attempts 98 success 19 total 84.564 ms | selected older than available 0
09-11 10:27:34.252 23789 29996 I WiVRn   : [2026-09-11 10:27:34.252] [WiVRn] [info] render: selected source transitions forward 69 backward 0 repeat 79, greatest forward gap 15
09-11 10:27:34.252 23789 29996 I WiVRn   : [2026-09-11 10:27:34.252] [WiVRn] [info] render: this app's own GPU pass 2.8 ms per iteration
09-11 10:27:34.252 23789 29996 I WiVRn   : [2026-09-11 10:27:34.252] [WiVRn] [info] render: defoveate 2688x2688 per eye x2 = 14.45 Mpx/frame at scale 1.00 atlas-prototype 0; 79 re-presented from the cache (reduce_gpu_load on)
09-11 10:27:34.252 23789 29996 I WiVRn   : [2026-09-11 10:27:34.252] [WiVRn] [info] render: shader path sharpness 0.00 fsr false alpha false motion false blend false glow 0.00 vignette 0.00 deband 0.00 lowpoly 0.00 levels 0 full-kernel false
09-11 10:27:34.252 23789 29996 I WiVRn   : [2026-09-11 10:27:34.252] [WiVRn] [info] render: per iteration fence 1.8 (worst 19.0) | queries 0.0 | submit 0.0 | whole render() 3.2 ms
09-11 10:27:34.252 23789 29996 I WiVRn   : [2026-09-11 10:27:34.252] [WiVRn] [info] render: selection-to-defoveate CPU 0.057 ms mean (max 0.180) over 69 actual defoveate calls; not GPU/photon latency
09-11 10:27:34.252 23789 29996 I WiVRn   : [2026-09-11 10:27:34.252] [WiVRn] [info] render: jit on | wake slack 41.5 ms | slept 2.0 ms mean (max 5.0, 58 of 148 iterations) | budget 26.0 = pass 25.0 + margin 1.0 | sleep cap 5.0 ms
09-11 10:27:34.252 23789 29996 I WiVRn   : [2026-09-11 10:27:34.252] [WiVRn] [info] render: source display-time offset 82.6 ms mean (worst 113.2) over 148 frames | submit lead 34.3 ms mean (worst -247.5) | misses: 0 overrun 0 late 0 skipped refresh
09-11 10:27:34.252 23789 29996 I WiVRn   : [2026-09-11 10:27:34.252] [WiVRn] [info] render: source->first 7.1 ms | wire 9.7 | queue 0.6 | decode 19.5 | decode->selection 8.5 | selection->predicted 37.2 | sum 82.6 over 148 selected frames (0 invalid)
09-11 10:27:34.255 23789 30166 I WiVRn   : [2026-09-11 10:27:34.255] [WiVRn] [info] Tracking pattern (11112µs):
09-11 10:27:34.255 23789 30166 I WiVRn   : [2026-09-11 10:27:34.255] [WiVRn] [info] 	t+2773µs HEAD (8339µs)
09-11 10:27:34.255 23789 30166 I WiVRn   : [2026-09-11 10:27:34.255] [WiVRn] [info] 	t+2848µs LEFT_GRIP (8264µs)
09-11 10:27:34.255 23789 30166 I WiVRn   : [2026-09-11 10:27:34.255] [WiVRn] [info] 	t+2859µs RIGHT_GRIP (8253µs)
09-11 10:27:34.255 23789 30166 I WiVRn   : [2026-09-11 10:27:34.255] [WiVRn] [info] 	t+5773µs HEAD (5339µs)
09-11 10:27:34.255 23789 30166 I WiVRn   : [2026-09-11 10:27:34.255] [WiVRn] [info] 	t+5848µs LEFT_GRIP (5264µs)
09-11 10:27:34.255 23789 30166 I WiVRn   : [2026-09-11 10:27:34.255] [WiVRn] [info] 	t+5859µs RIGHT_GRIP (5253µs)
09-11 10:27:34.860 23789 30159 I WiVRn   : [2026-09-11 10:27:34.860] [WiVRn] [info] nxwarp[0] net: 85 frames closed in 2.0 s, 0 with a hole, 0 out-of-order datagrams, 0 frames completed late, 0 queued for the worker, 106 decoded so far, 129 stragglers dropped; last hole 204/204 chunks, first missing -1, short false, chunk 1166 B; worker phase idle
09-11 10:27:34.860 23789 30159 I WiVRn   : [2026-09-11 10:27:34.860] [WiVRn] [info] nxwarp[0] net: 0.026 ms per datagram over 27642 datagrams (364.22 ms of every second)
09-11 10:27:34.860 23789 30159 I WiVRn   : [2026-09-11 10:27:34.860] [WiVRn] [info] nxwarp[0] sel: stride 1, arrival 25.1 ms, dropped-late 68, withheld 0, decoded 106
09-11 10:27:34.860 23789 30159 I WiVRn   : [2026-09-11 10:27:34.860] [WiVRn] [info] nxwarp[0] rx: 64832 datagrams, placed 485286 (+161854), late 154837 (+15300), stale_frame 0, bad_range 0, bad_dir 0, bad_caps 0, bad_ver 0, auth_fail 0, replay 0, frozen 0, dup 64
09-11 10:27:35.107 23789 29989 I PxrMetric: FPS=83/90,MTP=38.40ms,AppSW=off,FrmEarly=18,FrmLate=14,FrmCpu=1.01ms,FrmGpu=18.50ms,FrmTime=27.60ms,ATWGPU=4.25ms,VsyncDelay=3,GPU=99%/587Mhz,GPUTemp=86.4C,LayerCnt=2,Pkg=org.meumeu.wivrn.nx.warp,FrmId=555
09-11 10:27:35.255 23789 30166 I WiVRn   : [2026-09-11 10:27:35.255] [WiVRn] [info] Tracking pattern (11112µs):
09-11 10:27:35.255 23789 30166 I WiVRn   : [2026-09-11 10:27:35.255] [WiVRn] [info] 	t+3752µs HEAD (7360µs)
09-11 10:27:35.255 23789 30166 I WiVRn   : [2026-09-11 10:27:35.255] [WiVRn] [info] 	t+3875µs LEFT_GRIP (7237µs)
09-11 10:27:35.255 23789 30166 I WiVRn   : [2026-09-11 10:27:35.255] [WiVRn] [info] 	t+3893µs RIGHT_GRIP (7218µs)
09-11 10:27:35.255 23789 30166 I WiVRn   : [2026-09-11 10:27:35.255] [WiVRn] [info] 	t+6752µs HEAD (4360µs)
09-11 10:27:35.255 23789 30166 I WiVRn   : [2026-09-11 10:27:35.255] [WiVRn] [info] 	t+6875µs LEFT_GRIP (4237µs)
09-11 10:27:35.255 23789 30166 I WiVRn   : [2026-09-11 10:27:35.255] [WiVRn] [info] 	t+6893µs RIGHT_GRIP (4218µs)
09-11 10:27:36.126 23789 29989 I PxrMetric: FPS=59/90,MTP=27.08ms,AppSW=off,FrmEarly=23,FrmLate=14,FrmCpu=0.86ms,FrmGpu=15.13ms,FrmTime=23.23ms,ATWGPU=4.37ms,VsyncDelay=2,GPU=99%/587Mhz,GPUTemp=86.4C,LayerCnt=1,Pkg=org.meumeu.wivrn.nx.warp,FrmId=621
09-11 10:27:36.170 23789 30164 I WiVRn   : [2026-09-11 10:27:36.170] [WiVRn] [info] nxwarp[0]: 88 frames in 2.0 s: 289618 B/frame, wait-prev 0.0 ms, wall 19.9 ms, nxvc passA 5.9 passB 9.5 gpu 15.4 ms; holes 42, refused 0
09-11 10:27:36.170 23789 30164 I WiVRn   : [2026-09-11 10:27:36.170] [WiVRn] [info] nxwarp[0] gpu duty 676 ms/s (68% of one GPU) for decode alone; the display pass is extra
09-11 10:27:36.170 23789 30164 I WiVRn   : [2026-09-11 10:27:36.170] [WiVRn] [info] nxwarp[0] passB 9.5 ms = warp 0.0 + skip 0.0 + coded 0.0 + dir 0.0 + other 9.5; tiles skip 0 / coded 3528 / dir 0 (eye pass 0)
09-11 10:27:36.170 23789 30164 I WiVRn   : [2026-09-11 10:27:36.170] [WiVRn] [info] nxwarp[0]: 68 frames dropped late (queue kept to 1)
09-11 10:27:36.170 23789 30164 I WiVRn   : [2026-09-11 10:27:36.170] [WiVRn] [info] nxwarp[0] stage: gap 3.0 | wait-prev 0.0 | submit 1.6 (qlock 0.0 + codec 1.6) | get_free 0.0 | fence-pre 0.0 | record 0.0 | qsubmit 0.0 | fence-post 18.2 | publish 0.0 ms; withheld 0, stride 1, arrival 21.8 ms
09-11 10:27:36.170 23789 30164 I WiVRn   : [2026-09-11 10:27:36.170] [WiVRn] [info] nxwarp[0] reassembly (network thread): 0.19 ms/frame over 88 frames, buffer 283 kB held for 283 kB of unit (1.0x)
09-11 10:27:36.170 23789 30164 I WiVRn   : [2026-09-11 10:27:36.170] [WiVRn] [info] nxwarp[0] fence-post 18.2 ms = nxvc gpu 15.4 + copy gpu 0.00 + queue 2.7 (over 88 frames with timestamps)
09-11 10:27:36.255 23789 30166 I WiVRn   : [2026-09-11 10:27:36.255] [WiVRn] [info] Tracking pattern (11111µs):
09-11 10:27:36.255 23789 30166 I WiVRn   : [2026-09-11 10:27:36.255] [WiVRn] [info] 	t+3351µs HEAD (7759µs)
09-11 10:27:36.255 23789 30166 I WiVRn   : [2026-09-11 10:27:36.255] [WiVRn] [info] 	t+3589µs LEFT_GRIP (7521µs)
09-11 10:27:36.255 23789 30166 I WiVRn   : [2026-09-11 10:27:36.255] [WiVRn] [info] 	t+3599µs RIGHT_GRIP (7512µs)
09-11 10:27:36.255 23789 30166 I WiVRn   : [2026-09-11 10:27:36.255] [WiVRn] [info] 	t+6351µs HEAD (4759µs)
09-11 10:27:36.255 23789 30166 I WiVRn   : [2026-09-11 10:27:36.255] [WiVRn] [info] 	t+6589µs LEFT_GRIP (4521µs)
09-11 10:27:36.255 23789 30166 I WiVRn   : [2026-09-11 10:27:36.255] [WiVRn] [info] 	t+6599µs RIGHT_GRIP (4512µs)
09-11 10:27:36.259 23789 29996 I WiVRn   : [2026-09-11 10:27:36.259] [WiVRn] [info] render: 124 iterations in 2.0 s (61.9/s), 124 submitted a layer, 86 new-source, 0 skipped by the repeat gate, 0 with nothing to show; display period 16.1 ms
09-11 10:27:36.259 23789 29996 I WiVRn   : [2026-09-11 10:27:36.259] [WiVRn] [info] render: ready wait attempts 46 success 8 total 41.395 ms | selected older than available 0
09-11 10:27:36.259 23789 29996 I WiVRn   : [2026-09-11 10:27:36.259] [WiVRn] [info] render: selected source transitions forward 86 backward 0 repeat 38, greatest forward gap 2
09-11 10:27:36.259 23789 29996 I WiVRn   : [2026-09-11 10:27:36.259] [WiVRn] [info] render: this app's own GPU pass 4.0 ms per iteration
09-11 10:27:36.259 23789 29996 I WiVRn   : [2026-09-11 10:27:36.259] [WiVRn] [info] render: defoveate 2688x2688 per eye x2 = 14.45 Mpx/frame at scale 1.00 atlas-prototype 0; 38 re-presented from the cache (reduce_gpu_load on)
09-11 10:27:36.259 23789 29996 I WiVRn   : [2026-09-11 10:27:36.259] [WiVRn] [info] render: shader path sharpness 0.00 fsr false alpha false motion false blend false glow 0.00 vignette 0.00 deband 0.00 lowpoly 0.00 levels 0 full-kernel false
09-11 10:27:36.259 23789 29996 I WiVRn   : [2026-09-11 10:27:36.259] [WiVRn] [info] render: per iteration fence 3.3 (worst 16.6) | queries 0.0 | submit 0.0 | whole render() 4.5 ms
09-11 10:27:36.259 23789 29996 I WiVRn   : [2026-09-11 10:27:36.259] [WiVRn] [info] render: selection-to-defoveate CPU 0.061 ms mean (max 0.176) over 86 actual defoveate calls; not GPU/photon latency
09-11 10:27:36.259 23789 29996 I WiVRn   : [2026-09-11 10:27:36.259] [WiVRn] [info] render: jit on | wake slack 51.3 ms | slept 5.0 ms mean (max 5.0, 124 of 124 iterations) | budget 22.2 = pass 21.2 + margin 1.0 | sleep cap 5.0 ms
09-11 10:27:36.259 23789 29996 I WiVRn   : [2026-09-11 10:27:36.259] [WiVRn] [info] render: source display-time offset 88.0 ms mean (worst 113.2) over 124 frames | submit lead 41.8 ms mean (worst 22.8) | misses: 0 overrun 0 late 0 skipped refresh
09-11 10:27:36.259 23789 29996 I WiVRn   : [2026-09-11 10:27:36.259] [WiVRn] [info] render: source->first 7.3 ms | wire 9.5 | queue 0.8 | decode 19.6 | decode->selection 8.3 | selection->predicted 42.6 | sum 88.0 over 124 selected frames (0 invalid)
09-11 10:27:36.880 23789 30159 I WiVRn   : [2026-09-11 10:27:36.880] [WiVRn] [info] nxwarp[0] net: 90 frames closed in 2.0 s, 0 with a hole, 0 out-of-order datagrams, 0 frames completed late, 0 queued for the worker, 196 decoded so far, 228 stragglers dropped; last hole 204/204 chunks, first missing -1, short false, chunk 1166 B; worker phase idle
09-11 10:27:36.880 23789 30159 I WiVRn   : [2026-09-11 10:27:36.880] [WiVRn] [info] nxwarp[0] net: 0.027 ms per datagram over 28266 datagrams (379.16 ms of every second)
09-11 10:27:36.880 23789 30159 I WiVRn   : [2026-09-11 10:27:36.880] [WiVRn] [info] nxwarp[0] sel: stride 1, arrival 23.2 ms, dropped-late 68, withheld 0, decoded 196
09-11 10:27:36.880 23789 30159 I WiVRn   : [2026-09-11 10:27:36.880] [WiVRn] [info] nxwarp[0] rx: 93098 datagrams, placed 589355 (+104069), late 174234 (+19397), stale_frame 0, bad_range 0, bad_dir 0, bad_caps 0, bad_ver 0, auth_fail 0, replay 0, frozen 0, dup 75
09-11 10:27:37.134 23789 29989 I PxrMetric: FPS=65/90,MTP=41.62ms,AppSW=off,FrmEarly=45,FrmLate=6,FrmCpu=1.07ms,FrmGpu=8.86ms,FrmTime=15.20ms,ATWGPU=3.42ms,VsyncDelay=2,GPU=87%/587Mhz,GPUTemp=83.7C,LayerCnt=1,Pkg=org.meumeu.wivrn.nx.warp,FrmId=699
09-11 10:27:37.255 23789 30166 I WiVRn   : [2026-09-11 10:27:37.255] [WiVRn] [info] Tracking pattern (11109µs):
09-11 10:27:37.255 23789 30166 I WiVRn   : [2026-09-11 10:27:37.255] [WiVRn] [info] 	t+3715µs HEAD (7394µs)
09-11 10:27:37.255 23789 30166 I WiVRn   : [2026-09-11 10:27:37.255] [WiVRn] [info] 	t+3878µs LEFT_GRIP (7231µs)
09-11 10:27:37.255 23789 30166 I WiVRn   : [2026-09-11 10:27:37.255] [WiVRn] [info] 	t+3886µs RIGHT_GRIP (7222µs)
09-11 10:27:37.255 23789 30166 I WiVRn   : [2026-09-11 10:27:37.255] [WiVRn] [info] 	t+6715µs HEAD (4394µs)
09-11 10:27:37.255 23789 30166 I WiVRn   : [2026-09-11 10:27:37.255] [WiVRn] [info] 	t+6878µs LEFT_GRIP (4231µs)
09-11 10:27:37.255 23789 30166 I WiVRn   : [2026-09-11 10:27:37.255] [WiVRn] [info] 	t+6886µs RIGHT_GRIP (4222µs)
09-11 10:27:38.144 23789 29989 I PxrMetric: FPS=78/90,MTP=31.82ms,AppSW=off,FrmEarly=23,FrmLate=17,FrmCpu=0.73ms,FrmGpu=15.85ms,FrmTime=26.58ms,ATWGPU=3.67ms,VsyncDelay=2,GPU=99%/587Mhz,GPUTemp=83.3C,LayerCnt=1,Pkg=org.meumeu.wivrn.nx.warp,FrmId=763
09-11 10:27:38.181 23789 30164 I WiVRn   : [2026-09-11 10:27:38.181] [WiVRn] [info] nxwarp[0]: 92 frames in 2.0 s: 268248 B/frame, wait-prev 0.0 ms, wall 18.9 ms, nxvc passA 5.4 passB 9.1 gpu 14.5 ms; holes 42, refused 0
09-11 10:27:38.181 23789 30164 I WiVRn   : [2026-09-11 10:27:38.181] [WiVRn] [info] nxwarp[0] gpu duty 665 ms/s (67% of one GPU) for decode alone; the display pass is extra
09-11 10:27:38.181 23789 30164 I WiVRn   : [2026-09-11 10:27:38.181] [WiVRn] [info] nxwarp[0] passB 9.1 ms = warp 0.0 + skip 0.0 + coded 0.0 + dir 0.0 + other 9.1; tiles skip 0 / coded 3528 / dir 0 (eye pass 0)
09-11 10:27:38.181 23789 30164 I WiVRn   : [2026-09-11 10:27:38.181] [WiVRn] [info] nxwarp[0]: 68 frames dropped late (queue kept to 1)
09-11 10:27:38.181 23789 30164 I WiVRn   : [2026-09-11 10:27:38.181] [WiVRn] [info] nxwarp[0] stage: gap 3.0 | wait-prev 0.0 | submit 1.5 (qlock 0.0 + codec 1.5) | get_free 0.0 | fence-pre 0.0 | record 0.0 | qsubmit 0.0 | fence-post 17.3 | publish 0.0 ms; withheld 0, stride 1, arrival 21.2 ms
09-11 10:27:38.181 23789 30164 I WiVRn   : [2026-09-11 10:27:38.181] [WiVRn] [info] nxwarp[0] reassembly (network thread): 0.24 ms/frame over 92 frames, buffer 262 kB held for 262 kB of unit (1.0x)
09-11 10:27:38.181 23789 30164 I WiVRn   : [2026-09-11 10:27:38.181] [WiVRn] [info] nxwarp[0] fence-post 17.3 ms = nxvc gpu 14.5 + copy gpu 0.00 + queue 2.7 (over 92 frames with timestamps)
09-11 10:27:38.255 23789 30166 I WiVRn   : [2026-09-11 10:27:38.255] [WiVRn] [info] Tracking pattern (11110µs):
09-11 10:27:38.255 23789 30166 I WiVRn   : [2026-09-11 10:27:38.255] [WiVRn] [info] 	t+3274µs HEAD (7835µs)
09-11 10:27:38.255 23789 30166 I WiVRn   : [2026-09-11 10:27:38.255] [WiVRn] [info] 	t+3407µs LEFT_GRIP (7703µs)
09-11 10:27:38.255 23789 30166 I WiVRn   : [2026-09-11 10:27:38.255] [WiVRn] [info] 	t+3416µs RIGHT_GRIP (7694µs)
09-11 10:27:38.255 23789 30166 I WiVRn   : [2026-09-11 10:27:38.255] [WiVRn] [info] 	t+6274µs HEAD (4835µs)
09-11 10:27:38.255 23789 30166 I WiVRn   : [2026-09-11 10:27:38.255] [WiVRn] [info] 	t+6407µs LEFT_GRIP (4703µs)
09-11 10:27:38.255 23789 30166 I WiVRn   : [2026-09-11 10:27:38.255] [WiVRn] [info] 	t+6416µs RIGHT_GRIP (4694µs)
09-11 10:27:38.271 23789 29996 I WiVRn   : [2026-09-11 10:27:38.271] [WiVRn] [info] render: 140 iterations in 2.0 s (69.8/s), 140 submitted a layer, 92 new-source, 0 skipped by the repeat gate, 0 with nothing to show; display period 14.4 ms
09-11 10:27:38.271 23789 29996 I WiVRn   : [2026-09-11 10:27:38.271] [WiVRn] [info] render: ready wait attempts 58 success 10 total 51.151 ms | selected older than available 0
09-11 10:27:38.271 23789 29996 I WiVRn   : [2026-09-11 10:27:38.271] [WiVRn] [info] render: selected source transitions forward 92 backward 0 repeat 48, greatest forward gap 1
09-11 10:27:38.271 23789 29996 I WiVRn   : [2026-09-11 10:27:38.271] [WiVRn] [info] render: this app's own GPU pass 3.7 ms per iteration
09-11 10:27:38.271 23789 29996 I WiVRn   : [2026-09-11 10:27:38.271] [WiVRn] [info] render: defoveate 2688x2688 per eye x2 = 14.45 Mpx/frame at scale 1.00 atlas-prototype 0; 48 re-presented from the cache (reduce_gpu_load on)
09-11 10:27:38.271 23789 29996 I WiVRn   : [2026-09-11 10:27:38.271] [WiVRn] [info] render: shader path sharpness 0.00 fsr false alpha false motion false blend false glow 0.00 vignette 0.00 deband 0.00 lowpoly 0.00 levels 0 full-kernel false
09-11 10:27:38.271 23789 29996 I WiVRn   : [2026-09-11 10:27:38.271] [WiVRn] [info] render: per iteration fence 3.3 (worst 16.0) | queries 0.0 | submit 0.0 | whole render() 4.3 ms
09-11 10:27:38.271 23789 29996 I WiVRn   : [2026-09-11 10:27:38.271] [WiVRn] [info] render: selection-to-defoveate CPU 0.057 ms mean (max 0.129) over 92 actual defoveate calls; not GPU/photon latency
09-11 10:27:38.271 23789 29996 I WiVRn   : [2026-09-11 10:27:38.271] [WiVRn] [info] render: jit on | wake slack 49.4 ms | slept 5.0 ms mean (max 5.0, 140 of 140 iterations) | budget 20.8 = pass 19.8 + margin 1.0 | sleep cap 5.0 ms
09-11 10:27:38.271 23789 29996 I WiVRn   : [2026-09-11 10:27:38.271] [WiVRn] [info] render: source display-time offset 84.3 ms mean (worst 102.2) over 140 frames | submit lead 40.0 ms mean (worst 23.8) | misses: 0 overrun 0 late 0 skipped refresh
09-11 10:27:38.271 23789 29996 I WiVRn   : [2026-09-11 10:27:38.271] [WiVRn] [info] render: source->first 6.8 ms | wire 8.7 | queue 1.3 | decode 18.9 | decode->selection 7.9 | selection->predicted 40.7 | sum 84.3 over 140 selected frames (0 invalid)
09-11 10:27:38.902 23789 30159 I WiVRn   : [2026-09-11 10:27:38.902] [WiVRn] [info] nxwarp[0] net: 93 frames closed in 2.0 s, 0 with a hole, 0 out-of-order datagrams, 0 frames completed late, 0 queued for the worker, 289 decoded so far, 326 stragglers dropped; last hole 204/204 chunks, first missing -1, short false, chunk 1166 B; worker phase idle
09-11 10:27:38.902 23789 30159 I WiVRn   : [2026-09-11 10:27:38.902] [WiVRn] [info] nxwarp[0] net: 0.027 ms per datagram over 28549 datagrams (374.65 ms of every second)
09-11 10:27:38.902 23789 30159 I WiVRn   : [2026-09-11 10:27:38.902] [WiVRn] [info] nxwarp[0] sel: stride 1, arrival 21.8 ms, dropped-late 68, withheld 0, decoded 289
09-11 10:27:38.902 23789 30159 I WiVRn   : [2026-09-11 10:27:38.902] [WiVRn] [info] nxwarp[0] rx: 121647 datagrams, placed 778878 (+189523), late 185856 (+11622), stale_frame 0, bad_range 0, bad_dir 0, bad_caps 0, bad_ver 0, auth_fail 0, replay 0, frozen 0, dup 79
09-11 10:27:39.163 23789 29989 I PxrMetric: FPS=63/90,MTP=34.15ms,AppSW=off,FrmEarly=20,FrmLate=20,FrmCpu=0.77ms,FrmGpu=17.32ms,FrmTime=29.50ms,ATWGPU=3.82ms,VsyncDelay=3,GPU=94%/587Mhz,GPUTemp=83.0C,LayerCnt=1,Pkg=org.meumeu.wivrn.nx.warp,FrmId=821
09-11 10:27:39.255 23789 30166 I WiVRn   : [2026-09-11 10:27:39.255] [WiVRn] [info] Tracking pattern (11112µs):
09-11 10:27:39.255 23789 30166 I WiVRn   : [2026-09-11 10:27:39.255] [WiVRn] [info] 	t+3409µs HEAD (7703µs)
09-11 10:27:39.255 23789 30166 I WiVRn   : [2026-09-11 10:27:39.255] [WiVRn] [info] 	t+3447µs LEFT_GRIP (7665µs)
09-11 10:27:39.255 23789 30166 I WiVRn   : [2026-09-11 10:27:39.255] [WiVRn] [info] 	t+3454µs RIGHT_GRIP (7658µs)
09-11 10:27:39.255 23789 30166 I WiVRn   : [2026-09-11 10:27:39.255] [WiVRn] [info] 	t+6409µs HEAD (4703µs)
09-11 10:27:39.255 23789 30166 I WiVRn   : [2026-09-11 10:27:39.255] [WiVRn] [info] 	t+6447µs LEFT_GRIP (4665µs)
09-11 10:27:39.255 23789 30166 I WiVRn   : [2026-09-11 10:27:39.255] [WiVRn] [info] 	t+6454µs RIGHT_GRIP (4658µs)
09-11 10:27:40.178 23789 29989 I PxrMetric: FPS=57/90,MTP=48.76ms,AppSW=off,FrmEarly=30,FrmLate=12,FrmCpu=0.75ms,FrmGpu=14.15ms,FrmTime=23.73ms,ATWGPU=3.62ms,VsyncDelay=3,GPU=94%/587Mhz,GPUTemp=84.1C,LayerCnt=1,Pkg=org.meumeu.wivrn.nx.warp,FrmId=886
09-11 10:27:40.200 23789 30164 I WiVRn   : [2026-09-11 10:27:40.200] [WiVRn] [info] nxwarp[0]: 93 frames in 2.0 s: 262872 B/frame, wait-prev 0.0 ms, wall 18.7 ms, nxvc passA 5.2 passB 9.5 gpu 14.6 ms; holes 42, refused 0
09-11 10:27:40.200 23789 30164 I WiVRn   : [2026-09-11 10:27:40.200] [WiVRn] [info] nxwarp[0] gpu duty 674 ms/s (67% of one GPU) for decode alone; the display pass is extra
09-11 10:27:40.200 23789 30164 I WiVRn   : [2026-09-11 10:27:40.200] [WiVRn] [info] nxwarp[0] passB 9.5 ms = warp 0.0 + skip 0.0 + coded 0.0 + dir 0.0 + other 9.5; tiles skip 0 / coded 3528 / dir 0 (eye pass 0)
09-11 10:27:40.200 23789 30164 I WiVRn   : [2026-09-11 10:27:40.200] [WiVRn] [info] nxwarp[0]: 68 frames dropped late (queue kept to 1)
09-11 10:27:40.200 23789 30164 I WiVRn   : [2026-09-11 10:27:40.200] [WiVRn] [info] nxwarp[0] stage: gap 3.0 | wait-prev 0.0 | submit 1.5 (qlock 0.0 + codec 1.5) | get_free 0.0 | fence-pre 0.0 | record 0.0 | qsubmit 0.0 | fence-post 17.1 | publish 0.0 ms; withheld 0, stride 1, arrival 22.2 ms
09-11 10:27:40.200 23789 30164 I WiVRn   : [2026-09-11 10:27:40.200] [WiVRn] [info] nxwarp[0] reassembly (network thread): 0.28 ms/frame over 92 frames, buffer 257 kB held for 257 kB of unit (1.0x)
09-11 10:27:40.200 23789 30164 I WiVRn   : [2026-09-11 10:27:40.200] [WiVRn] [info] nxwarp[0] fence-post 17.1 ms = nxvc gpu 14.6 + copy gpu 0.00 + queue 2.5 (over 93 frames with timestamps)
09-11 10:27:40.255 23789 30166 I WiVRn   : [2026-09-11 10:27:40.255] [WiVRn] [info] Tracking pattern (11104µs):
09-11 10:27:40.255 23789 30166 I WiVRn   : [2026-09-11 10:27:40.255] [WiVRn] [info] 	t+3225µs HEAD (7878µs)
09-11 10:27:40.255 23789 30166 I WiVRn   : [2026-09-11 10:27:40.255] [WiVRn] [info] 	t+3309µs LEFT_GRIP (7794µs)
09-11 10:27:40.255 23789 30166 I WiVRn   : [2026-09-11 10:27:40.255] [WiVRn] [info] 	t+3330µs RIGHT_GRIP (7773µs)
09-11 10:27:40.255 23789 30166 I WiVRn   : [2026-09-11 10:27:40.255] [WiVRn] [info] 	t+6225µs HEAD (4878µs)
09-11 10:27:40.255 23789 30166 I WiVRn   : [2026-09-11 10:27:40.255] [WiVRn] [info] 	t+6309µs LEFT_GRIP (4794µs)
09-11 10:27:40.255 23789 30166 I WiVRn   : [2026-09-11 10:27:40.255] [WiVRn] [info] 	t+6330µs RIGHT_GRIP (4773µs)
09-11 10:27:40.270 23789 29996 I WiVRn   : [2026-09-11 10:27:40.270] [WiVRn] [info] render: 124 iterations in 2.0 s (61.7/s), 124 submitted a layer, 92 new-source, 0 skipped by the repeat gate, 0 with nothing to show; display period 16.0 ms
09-11 10:27:40.270 23789 29996 I WiVRn   : [2026-09-11 10:27:40.270] [WiVRn] [info] render: ready wait attempts 35 success 3 total 34.013 ms | selected older than available 0
09-11 10:27:40.270 23789 29996 I WiVRn   : [2026-09-11 10:27:40.270] [WiVRn] [info] render: selected source transitions forward 92 backward 0 repeat 32, greatest forward gap 1
09-11 10:27:40.270 23789 29996 I WiVRn   : [2026-09-11 10:27:40.270] [WiVRn] [info] render: this app's own GPU pass 4.2 ms per iteration
09-11 10:27:40.270 23789 29996 I WiVRn   : [2026-09-11 10:27:40.270] [WiVRn] [info] render: defoveate 2688x2688 per eye x2 = 14.45 Mpx/frame at scale 1.00 atlas-prototype 0; 32 re-presented from the cache (reduce_gpu_load on)
09-11 10:27:40.270 23789 29996 I WiVRn   : [2026-09-11 10:27:40.270] [WiVRn] [info] render: shader path sharpness 0.00 fsr false alpha false motion false blend false glow 0.00 vignette 0.00 deband 0.00 lowpoly 0.00 levels 0 full-kernel false
09-11 10:27:40.270 23789 29996 I WiVRn   : [2026-09-11 10:27:40.270] [WiVRn] [info] render: per iteration fence 3.9 (worst 16.4) | queries 0.0 | submit 0.0 | whole render() 4.9 ms
09-11 10:27:40.270 23789 29996 I WiVRn   : [2026-09-11 10:27:40.270] [WiVRn] [info] render: selection-to-defoveate CPU 0.057 ms mean (max 0.185) over 92 actual defoveate calls; not GPU/photon latency
09-11 10:27:40.270 23789 29996 I WiVRn   : [2026-09-11 10:27:40.270] [WiVRn] [info] render: jit on | wake slack 51.0 ms | slept 5.0 ms mean (max 5.0, 124 of 124 iterations) | budget 19.6 = pass 18.6 + margin 1.0 | sleep cap 5.0 ms
09-11 10:27:40.270 23789 29996 I WiVRn   : [2026-09-11 10:27:40.270] [WiVRn] [info] render: source display-time offset 85.6 ms mean (worst 113.3) over 124 frames | submit lead 41.2 ms mean (worst 23.4) | misses: 0 overrun 0 late 0 skipped refresh
09-11 10:27:40.270 23789 29996 I WiVRn   : [2026-09-11 10:27:40.270] [WiVRn] [info] render: source->first 6.7 ms | wire 9.1 | queue 1.0 | decode 18.6 | decode->selection 8.4 | selection->predicted 41.8 | sum 85.6 over 124 selected frames (0 invalid)
09-11 10:27:40.913 23789 30159 I WiVRn   : [2026-09-11 10:27:40.913] [WiVRn] [info] nxwarp[0] net: 93 frames closed in 2.0 s, 0 with a hole, 0 out-of-order datagrams, 0 frames completed late, 0 queued for the worker, 382 decoded so far, 419 stragglers dropped; last hole 204/204 chunks, first missing -1, short false, chunk 1166 B; worker phase idle
09-11 10:27:40.913 23789 30159 I WiVRn   : [2026-09-11 10:27:40.913] [WiVRn] [info] nxwarp[0] net: 0.026 ms per datagram over 30276 datagrams (389.62 ms of every second)
09-11 10:27:40.913 23789 30159 I WiVRn   : [2026-09-11 10:27:40.913] [WiVRn] [info] nxwarp[0] sel: stride 1, arrival 22.2 ms, dropped-late 68, withheld 0, decoded 382
09-11 10:27:40.913 23789 30159 I WiVRn   : [2026-09-11 10:27:40.913] [WiVRn] [info] nxwarp[0] rx: 151923 datagrams, placed 1054115 (+275237), late 196422 (+10566), stale_frame 0, bad_range 0, bad_dir 0, bad_caps 0, bad_ver 0, auth_fail 0, replay 0, frozen 0, dup 95
09-11 10:27:41.191 23789 29989 I PxrMetric: FPS=64/90,MTP=44.79ms,AppSW=off,FrmEarly=25,FrmLate=18,FrmCpu=0.83ms,FrmGpu=15.27ms,FrmTime=24.98ms,ATWGPU=3.56ms,VsyncDelay=3,GPU=99%/587Mhz,GPUTemp=83.3C,LayerCnt=1,Pkg=org.meumeu.wivrn.nx.warp,FrmId=950
09-11 10:27:41.255 23789 30166 I WiVRn   : [2026-09-11 10:27:41.255] [WiVRn] [info] Tracking pattern (11112µs):
09-11 10:27:41.255 23789 30166 I WiVRn   : [2026-09-11 10:27:41.255] [WiVRn] [info] 	t+3419µs HEAD (7692µs)
09-11 10:27:41.255 23789 30166 I WiVRn   : [2026-09-11 10:27:41.255] [WiVRn] [info] 	t+3468µs LEFT_GRIP (7643µs)
09-11 10:27:41.255 23789 30166 I WiVRn   : [2026-09-11 10:27:41.255] [WiVRn] [info] 	t+3478µs RIGHT_GRIP (7634µs)
09-11 10:27:41.255 23789 30166 I WiVRn   : [2026-09-11 10:27:41.255] [WiVRn] [info] 	t+6419µs HEAD (4692µs)
09-11 10:27:41.255 23789 30166 I WiVRn   : [2026-09-11 10:27:41.255] [WiVRn] [info] 	t+6468µs LEFT_GRIP (4643µs)
09-11 10:27:41.255 23789 30166 I WiVRn   : [2026-09-11 10:27:41.255] [WiVRn] [info] 	t+6478µs RIGHT_GRIP (4634µs)
09-11 10:27:42.204 23789 29989 I PxrMetric: FPS=63/90,MTP=48.39ms,AppSW=off,FrmEarly=17,FrmLate=15,FrmCpu=0.74ms,FrmGpu=15.30ms,FrmTime=24.30ms,ATWGPU=3.58ms,VsyncDelay=3,GPU=99%/587Mhz,GPUTemp=84.1C,LayerCnt=1,Pkg=org.meumeu.wivrn.nx.warp,FrmId=1001
09-11 10:27:42.226 23789 30164 I WiVRn   : [2026-09-11 10:27:42.226] [WiVRn] [info] nxwarp[0]: 94 frames in 2.0 s: 271189 B/frame, wait-prev 0.0 ms, wall 18.8 ms, nxvc passA 5.5 passB 9.3 gpu 14.9 ms; holes 42, refused 0
09-11 10:27:42.226 23789 30164 I WiVRn   : [2026-09-11 10:27:42.226] [WiVRn] [info] nxwarp[0] gpu duty 690 ms/s (69% of one GPU) for decode alone; the display pass is extra
09-11 10:27:42.226 23789 30164 I WiVRn   : [2026-09-11 10:27:42.226] [WiVRn] [info] nxwarp[0] passB 9.3 ms = warp 0.0 + skip 0.0 + coded 0.0 + dir 0.0 + other 9.3; tiles skip 0 / coded 3528 / dir 0 (eye pass 0)
09-11 10:27:42.226 23789 30164 I WiVRn   : [2026-09-11 10:27:42.226] [WiVRn] [info] nxwarp[0]: 68 frames dropped late (queue kept to 1)
09-11 10:27:42.226 23789 30164 I WiVRn   : [2026-09-11 10:27:42.226] [WiVRn] [info] nxwarp[0] stage: gap 2.7 | wait-prev 0.0 | submit 1.5 (qlock 0.0 + codec 1.5) | get_free 0.0 | fence-pre 0.0 | record 0.0 | qsubmit 0.0 | fence-post 17.2 | publish 0.0 ms; withheld 0, stride 1, arrival 22.1 ms
09-11 10:27:42.226 23789 30164 I WiVRn   : [2026-09-11 10:27:42.226] [WiVRn] [info] nxwarp[0] reassembly (network thread): 0.32 ms/frame over 95 frames, buffer 265 kB held for 265 kB of unit (1.0x)
09-11 10:27:42.226 23789 30164 I WiVRn   : [2026-09-11 10:27:42.226] [WiVRn] [info] nxwarp[0] fence-post 17.2 ms = nxvc gpu 14.9 + copy gpu 0.00 + queue 2.3 (over 94 frames with timestamps)
09-11 10:27:42.255 23789 30166 I WiVRn   : [2026-09-11 10:27:42.255] [WiVRn] [info] Tracking pattern (11111µs):
09-11 10:27:42.255 23789 30166 I WiVRn   : [2026-09-11 10:27:42.255] [WiVRn] [info] 	t+2887µs HEAD (8223µs)
09-11 10:27:42.255 23789 30166 I WiVRn   : [2026-09-11 10:27:42.255] [WiVRn] [info] 	t+2955µs LEFT_GRIP (8155µs)
09-11 10:27:42.255 23789 30166 I WiVRn   : [2026-09-11 10:27:42.255] [WiVRn] [info] 	t+2964µs RIGHT_GRIP (8146µs)
09-11 10:27:42.255 23789 30166 I WiVRn   : [2026-09-11 10:27:42.255] [WiVRn] [info] 	t+5887µs HEAD (5223µs)
09-11 10:27:42.255 23789 30166 I WiVRn   : [2026-09-11 10:27:42.255] [WiVRn] [info] 	t+5955µs LEFT_GRIP (5155µs)
09-11 10:27:42.255 23789 30166 I WiVRn   : [2026-09-11 10:27:42.255] [WiVRn] [info] 	t+5964µs RIGHT_GRIP (5146µs)
09-11 10:27:42.279 23789 29996 I WiVRn   : [2026-09-11 10:27:42.279] [WiVRn] [info] render: 113 iterations in 2.0 s (56.2/s), 113 submitted a layer, 93 new-source, 0 skipped by the repeat gate, 0 with nothing to show; display period 17.8 ms
09-11 10:27:42.279 23789 29996 I WiVRn   : [2026-09-11 10:27:42.279] [WiVRn] [info] render: ready wait attempts 22 success 2 total 21.319 ms | selected older than available 0
09-11 10:27:42.279 23789 29996 I WiVRn   : [2026-09-11 10:27:42.279] [WiVRn] [info] render: selected source transitions forward 93 backward 0 repeat 20, greatest forward gap 1
09-11 10:27:42.279 23789 29996 I WiVRn   : [2026-09-11 10:27:42.279] [WiVRn] [info] render: this app's own GPU pass 4.5 ms per iteration
09-11 10:27:42.279 23789 29996 I WiVRn   : [2026-09-11 10:27:42.279] [WiVRn] [info] render: defoveate 2688x2688 per eye x2 = 14.45 Mpx/frame at scale 1.00 atlas-prototype 0; 20 re-presented from the cache (reduce_gpu_load on)
09-11 10:27:42.279 23789 29996 I WiVRn   : [2026-09-11 10:27:42.279] [WiVRn] [info] render: shader path sharpness 0.00 fsr false alpha false motion false blend false glow 0.00 vignette 0.00 deband 0.00 lowpoly 0.00 levels 0 full-kernel false
09-11 10:27:42.279 23789 29996 I WiVRn   : [2026-09-11 10:27:42.279] [WiVRn] [info] render: per iteration fence 4.1 (worst 16.0) | queries 0.0 | submit 0.0 | whole render() 5.1 ms
09-11 10:27:42.279 23789 29996 I WiVRn   : [2026-09-11 10:27:42.279] [WiVRn] [info] render: selection-to-defoveate CPU 0.059 ms mean (max 0.173) over 93 actual defoveate calls; not GPU/photon latency
09-11 10:27:42.279 23789 29996 I WiVRn   : [2026-09-11 10:27:42.279] [WiVRn] [info] render: jit on | wake slack 51.9 ms | slept 5.0 ms mean (max 5.0, 113 of 113 iterations) | budget 18.4 = pass 17.4 + margin 1.0 | sleep cap 5.0 ms
09-11 10:27:42.279 23789 29996 I WiVRn   : [2026-09-11 10:27:42.279] [WiVRn] [info] render: source display-time offset 87.3 ms mean (worst 113.5) over 113 frames | submit lead 41.7 ms mean (worst 22.8) | misses: 0 overrun 0 late 0 skipped refresh
09-11 10:27:42.279 23789 29996 I WiVRn   : [2026-09-11 10:27:42.279] [WiVRn] [info] render: source->first 6.9 ms | wire 9.5 | queue 1.5 | decode 18.7 | decode->selection 8.3 | selection->predicted 42.4 | sum 87.3 over 113 selected frames (0 invalid)
09-11 10:27:42.926 23789 30159 I WiVRn   : [2026-09-11 10:27:42.926] [WiVRn] [info] nxwarp[0] net: 93 frames closed in 2.0 s, 0 with a hole, 0 out-of-order datagrams, 0 frames completed late, 0 queued for the worker, 475 decoded so far, 515 stragglers dropped; last hole 204/204 chunks, first missing -1, short false, chunk 1166 B; worker phase idle
09-11 10:27:42.926 23789 30159 I WiVRn   : [2026-09-11 10:27:42.926] [WiVRn] [info] nxwarp[0] net: 0.026 ms per datagram over 32554 datagrams (412.49 ms of every second)
09-11 10:27:42.926 23789 30159 I WiVRn   : [2026-09-11 10:27:42.926] [WiVRn] [info] nxwarp[0] sel: stride 1, arrival 22.2 ms, dropped-late 68, withheld 0, decoded 475
09-11 10:27:42.926 23789 30159 I WiVRn   : [2026-09-11 10:27:42.926] [WiVRn] [info] nxwarp[0] rx: 184477 datagrams, placed 1369066 (+314951), late 211184 (+14762), stale_frame 0, bad_range 0, bad_dir 0, bad_caps 0, bad_ver 0, auth_fail 0, replay 0, frozen 0, dup 120
09-11 10:27:43.208 23789 29989 I PxrMetric: FPS=50/90,MTP=34.30ms,AppSW=off,FrmEarly=14,FrmLate=15,FrmCpu=0.70ms,FrmGpu=18.35ms,FrmTime=33.17ms,ATWGPU=3.53ms,VsyncDelay=3,GPU=90%/587Mhz,GPUTemp=85.3C,LayerCnt=1,Pkg=org.meumeu.wivrn.nx.warp,FrmId=1055
09-11 10:27:43.255 23789 30166 I WiVRn   : [2026-09-11 10:27:43.255] [WiVRn] [info] Tracking pattern (11111µs):
09-11 10:27:43.255 23789 30166 I WiVRn   : [2026-09-11 10:27:43.255] [WiVRn] [info] 	t+3278µs HEAD (7832µs)
09-11 10:27:43.255 23789 30166 I WiVRn   : [2026-09-11 10:27:43.255] [WiVRn] [info] 	t+3337µs LEFT_GRIP (7773µs)
09-11 10:27:43.255 23789 30166 I WiVRn   : [2026-09-11 10:27:43.255] [WiVRn] [info] 	t+3347µs RIGHT_GRIP (7763µs)
09-11 10:27:43.255 23789 30166 I WiVRn   : [2026-09-11 10:27:43.255] [WiVRn] [info] 	t+6278µs HEAD (4832µs)
09-11 10:27:43.255 23789 30166 I WiVRn   : [2026-09-11 10:27:43.255] [WiVRn] [info] 	t+6337µs LEFT_GRIP (4773µs)
09-11 10:27:43.255 23789 30166 I WiVRn   : [2026-09-11 10:27:43.255] [WiVRn] [info] 	t+6347µs RIGHT_GRIP (4763µs)
09-11 10:27:44.213 23789 29989 I PxrMetric: FPS=54/90,MTP=39.86ms,AppSW=off,FrmEarly=37,FrmLate=12,FrmCpu=1.05ms,FrmGpu=7.97ms,FrmTime=14.43ms,ATWGPU=3.39ms,VsyncDelay=2,GPU=99%/587Mhz,GPUTemp=83.0C,LayerCnt=1,Pkg=org.meumeu.wivrn.nx.warp,FrmId=1122
09-11 10:27:44.241 23789 30164 I WiVRn   : [2026-09-11 10:27:44.241] [WiVRn] [info] nxwarp[0]: 93 frames in 2.0 s: 273051 B/frame, wait-prev 0.0 ms, wall 18.9 ms, nxvc passA 5.2 passB 9.5 gpu 14.7 ms; holes 42, refused 0
09-11 10:27:44.241 23789 30164 I WiVRn   : [2026-09-11 10:27:44.241] [WiVRn] [info] nxwarp[0] gpu duty 678 ms/s (68% of one GPU) for decode alone; the display pass is extra
09-11 10:27:44.241 23789 30164 I WiVRn   : [2026-09-11 10:27:44.241] [WiVRn] [info] nxwarp[0] passB 9.5 ms = warp 0.0 + skip 0.0 + coded 0.0 + dir 0.0 + other 9.5; tiles skip 0 / coded 3528 / dir 0 (eye pass 0)
09-11 10:27:44.241 23789 30164 I WiVRn   : [2026-09-11 10:27:44.241] [WiVRn] [info] nxwarp[0]: 68 frames dropped late (queue kept to 1)
09-11 10:27:44.241 23789 30164 I WiVRn   : [2026-09-11 10:27:44.241] [WiVRn] [info] nxwarp[0] stage: gap 2.8 | wait-prev 0.0 | submit 1.6 (qlock 0.0 + codec 1.6) | get_free 0.0 | fence-pre 0.0 | record 0.0 | qsubmit 0.0 | fence-post 17.2 | publish 0.0 ms; withheld 0, stride 1, arrival 22.1 ms
09-11 10:27:44.241 23789 30164 I WiVRn   : [2026-09-11 10:27:44.241] [WiVRn] [info] nxwarp[0] reassembly (network thread): 0.31 ms/frame over 92 frames, buffer 267 kB held for 267 kB of unit (1.0x)
09-11 10:27:44.241 23789 30164 I WiVRn   : [2026-09-11 10:27:44.241] [WiVRn] [info] nxwarp[0] fence-post 17.2 ms = nxvc gpu 14.7 + copy gpu 0.00 + queue 2.5 (over 93 frames with timestamps)
09-11 10:27:44.255 23789 30166 I WiVRn   : [2026-09-11 10:27:44.255] [WiVRn] [info] Tracking pattern (11109µs):
09-11 10:27:44.255 23789 30166 I WiVRn   : [2026-09-11 10:27:44.255] [WiVRn] [info] 	t+3324µs HEAD (7785µs)
09-11 10:27:44.255 23789 30166 I WiVRn   : [2026-09-11 10:27:44.255] [WiVRn] [info] 	t+3361µs LEFT_GRIP (7747µs)
09-11 10:27:44.255 23789 30166 I WiVRn   : [2026-09-11 10:27:44.255] [WiVRn] [info] 	t+3371µs RIGHT_GRIP (7737µs)
09-11 10:27:44.255 23789 30166 I WiVRn   : [2026-09-11 10:27:44.255] [WiVRn] [info] 	t+6324µs HEAD (4785µs)
09-11 10:27:44.255 23789 30166 I WiVRn   : [2026-09-11 10:27:44.255] [WiVRn] [info] 	t+6361µs LEFT_GRIP (4747µs)
09-11 10:27:44.255 23789 30166 I WiVRn   : [2026-09-11 10:27:44.255] [WiVRn] [info] 	t+6371µs RIGHT_GRIP (4737µs)
09-11 10:27:44.288 23789 29996 I WiVRn   : [2026-09-11 10:27:44.288] [WiVRn] [info] render: 122 iterations in 2.0 s (60.9/s), 122 submitted a layer, 92 new-source, 0 skipped by the repeat gate, 0 with nothing to show; display period 16.4 ms
09-11 10:27:44.288 23789 29996 I WiVRn   : [2026-09-11 10:27:44.288] [WiVRn] [info] render: ready wait attempts 32 success 2 total 31.871 ms | selected older than available 0
09-11 10:27:44.288 23789 29996 I WiVRn   : [2026-09-11 10:27:44.288] [WiVRn] [info] render: selected source transitions forward 92 backward 0 repeat 30, greatest forward gap 2
09-11 10:27:44.288 23789 29996 I WiVRn   : [2026-09-11 10:27:44.288] [WiVRn] [info] render: this app's own GPU pass 4.2 ms per iteration
09-11 10:27:44.288 23789 29996 I WiVRn   : [2026-09-11 10:27:44.288] [WiVRn] [info] render: defoveate 2688x2688 per eye x2 = 14.45 Mpx/frame at scale 1.00 atlas-prototype 0; 30 re-presented from the cache (reduce_gpu_load on)
09-11 10:27:44.288 23789 29996 I WiVRn   : [2026-09-11 10:27:44.288] [WiVRn] [info] render: shader path sharpness 0.00 fsr false alpha false motion false blend false glow 0.00 vignette 0.00 deband 0.00 lowpoly 0.00 levels 0 full-kernel false
09-11 10:27:44.288 23789 29996 I WiVRn   : [2026-09-11 10:27:44.288] [WiVRn] [info] render: per iteration fence 3.5 (worst 15.9) | queries 0.0 | submit 0.0 | whole render() 4.5 ms
09-11 10:27:44.288 23789 29996 I WiVRn   : [2026-09-11 10:27:44.288] [WiVRn] [info] render: selection-to-defoveate CPU 0.062 ms mean (max 0.143) over 92 actual defoveate calls; not GPU/photon latency
09-11 10:27:44.288 23789 29996 I WiVRn   : [2026-09-11 10:27:44.288] [WiVRn] [info] render: jit on | wake slack 50.2 ms | slept 5.0 ms mean (max 5.0, 122 of 122 iterations) | budget 17.2 = pass 16.2 + margin 1.0 | sleep cap 5.0 ms
09-11 10:27:44.288 23789 29996 I WiVRn   : [2026-09-11 10:27:44.288] [WiVRn] [info] render: source display-time offset 86.5 ms mean (worst 113.5) over 122 frames | submit lead 40.7 ms mean (worst 21.7) | misses: 0 overrun 0 late 0 skipped refresh
09-11 10:27:44.288 23789 29996 I WiVRn   : [2026-09-11 10:27:44.288] [WiVRn] [info] render: source->first 7.2 ms | wire 9.8 | queue 1.4 | decode 18.7 | decode->selection 8.1 | selection->predicted 41.4 | sum 86.5 over 122 selected frames (0 invalid)
09-11 10:27:44.934 23789 30159 I WiVRn   : [2026-09-11 10:27:44.934] [WiVRn] [info] nxwarp[0] net: 93 frames closed in 2.0 s, 0 with a hole, 0 out-of-order datagrams, 0 frames completed late, 0 queued for the worker, 568 decoded so far, 608 stragglers dropped; last hole 204/204 chunks, first missing -1, short false, chunk 1166 B; worker phase idle
09-11 10:27:44.934 23789 30159 I WiVRn   : [2026-09-11 10:27:44.934] [WiVRn] [info] nxwarp[0] net: 0.026 ms per datagram over 31477 datagrams (408.84 ms of every second)
09-11 10:27:44.934 23789 30159 I WiVRn   : [2026-09-11 10:27:44.934] [WiVRn] [info] nxwarp[0] sel: stride 1, arrival 21.7 ms, dropped-late 68, withheld 0, decoded 568
09-11 10:27:44.934 23789 30159 I WiVRn   : [2026-09-11 10:27:44.934] [WiVRn] [info] nxwarp[0] rx: 215954 datagrams, placed 1697170 (+328104), late 223575 (+12391), stale_frame 0, bad_range 0, bad_dir 0, bad_caps 0, bad_ver 0, auth_fail 0, replay 0, frozen 0, dup 144
09-11 10:27:45.218 23789 29989 I PxrMetric: FPS=67/90,MTP=37.83ms,AppSW=off,FrmEarly=20,FrmLate=0,FrmCpu=1.10ms,FrmGpu=11.45ms,FrmTime=18.75ms,ATWGPU=3.43ms,VsyncDelay=2,GPU=99%/587Mhz,GPUTemp=83.3C,LayerCnt=1,Pkg=org.meumeu.wivrn.nx.warp,FrmId=1212
09-11 10:27:45.255 23789 30166 I WiVRn   : [2026-09-11 10:27:45.255] [WiVRn] [info] Tracking pattern (11112µs):
09-11 10:27:45.255 23789 30166 I WiVRn   : [2026-09-11 10:27:45.255] [WiVRn] [info] 	t+3614µs HEAD (7498µs)
09-11 10:27:45.255 23789 30166 I WiVRn   : [2026-09-11 10:27:45.255] [WiVRn] [info] 	t+3743µs LEFT_GRIP (7368µs)
09-11 10:27:45.255 23789 30166 I WiVRn   : [2026-09-11 10:27:45.255] [WiVRn] [info] 	t+3758µs RIGHT_GRIP (7354µs)
09-11 10:27:45.255 23789 30166 I WiVRn   : [2026-09-11 10:27:45.255] [WiVRn] [info] 	t+6614µs HEAD (4498µs)
09-11 10:27:45.255 23789 30166 I WiVRn   : [2026-09-11 10:27:45.255] [WiVRn] [info] 	t+6743µs LEFT_GRIP (4368µs)
09-11 10:27:45.255 23789 30166 I WiVRn   : [2026-09-11 10:27:45.255] [WiVRn] [info] 	t+6758µs RIGHT_GRIP (4354µs)
09-11 10:27:46.224 23789 29989 I PxrMetric: FPS=89/90,MTP=39.24ms,AppSW=off,FrmEarly=29,FrmLate=8,FrmCpu=1.07ms,FrmGpu=8.13ms,FrmTime=14.61ms,ATWGPU=3.35ms,VsyncDelay=2,GPU=99%/587Mhz,GPUTemp=83.3C,LayerCnt=1,Pkg=org.meumeu.wivrn.nx.warp,FrmId=1290
09-11 10:27:46.255 23789 30166 I WiVRn   : [2026-09-11 10:27:46.255] [WiVRn] [info] Tracking pattern (11110µs):
09-11 10:27:46.255 23789 30166 I WiVRn   : [2026-09-11 10:27:46.255] [WiVRn] [info] 	t+3122µs HEAD (7988µs)
09-11 10:27:46.255 23789 30166 I WiVRn   : [2026-09-11 10:27:46.255] [WiVRn] [info] 	t+3158µs LEFT_GRIP (7952µs)
09-11 10:27:46.255 23789 30166 I WiVRn   : [2026-09-11 10:27:46.255] [WiVRn] [info] 	t+3163µs RIGHT_GRIP (7946µs)
09-11 10:27:46.255 23789 30166 I WiVRn   : [2026-09-11 10:27:46.255] [WiVRn] [info] 	t+6122µs HEAD (4988µs)
09-11 10:27:46.255 23789 30166 I WiVRn   : [2026-09-11 10:27:46.255] [WiVRn] [info] 	t+6158µs LEFT_GRIP (4952µs)
09-11 10:27:46.255 23789 30166 I WiVRn   : [2026-09-11 10:27:46.255] [WiVRn] [info] 	t+6163µs RIGHT_GRIP (4946µs)
09-11 10:27:46.260 23789 30164 I WiVRn   : [2026-09-11 10:27:46.260] [WiVRn] [info] nxwarp[0]: 94 frames in 2.0 s: 255084 B/frame, wait-prev 0.0 ms, wall 18.6 ms, nxvc passA 4.9 passB 9.4 gpu 14.3 ms; holes 42, refused 0
09-11 10:27:46.260 23789 30164 I WiVRn   : [2026-09-11 10:27:46.260] [WiVRn] [info] nxwarp[0] gpu duty 667 ms/s (67% of one GPU) for decode alone; the display pass is extra
09-11 10:27:46.260 23789 30164 I WiVRn   : [2026-09-11 10:27:46.260] [WiVRn] [info] nxwarp[0] passB 9.4 ms = warp 0.0 + skip 0.0 + coded 0.0 + dir 0.0 + other 9.4; tiles skip 0 / coded 3528 / dir 0 (eye pass 0)
09-11 10:27:46.260 23789 30164 I WiVRn   : [2026-09-11 10:27:46.260] [WiVRn] [info] nxwarp[0]: 68 frames dropped late (queue kept to 1)
09-11 10:27:46.260 23789 30164 I WiVRn   : [2026-09-11 10:27:46.260] [WiVRn] [info] nxwarp[0] stage: gap 2.9 | wait-prev 0.0 | submit 1.6 (qlock 0.0 + codec 1.5) | get_free 0.0 | fence-pre 0.0 | record 0.0 | qsubmit 0.0 | fence-post 17.0 | publish 0.0 ms; withheld 0, stride 1, arrival 20.6 ms
09-11 10:27:46.260 23789 30164 I WiVRn   : [2026-09-11 10:27:46.260] [WiVRn] [info] nxwarp[0] reassembly (network thread): 0.34 ms/frame over 95 frames, buffer 249 kB held for 249 kB of unit (1.0x)
09-11 10:27:46.260 23789 30164 I WiVRn   : [2026-09-11 10:27:46.260] [WiVRn] [info] nxwarp[0] fence-post 17.0 ms = nxvc gpu 14.3 + copy gpu 0.00 + queue 2.6 (over 94 frames with timestamps)
09-11 10:27:46.308 23789 29996 I WiVRn   : [2026-09-11 10:27:46.308] [WiVRn] [info] render: 166 iterations in 2.0 s (82.6/s), 166 submitted a layer, 94 new-source, 0 skipped by the repeat gate, 0 with nothing to show; display period 12.2 ms
09-11 10:27:46.309 23789 29996 I WiVRn   : [2026-09-11 10:27:46.309] [WiVRn] [info] render: ready wait attempts 114 success 42 total 77.342 ms | selected older than available 0
09-11 10:27:46.309 23789 29996 I WiVRn   : [2026-09-11 10:27:46.309] [WiVRn] [info] render: selected source transitions forward 94 backward 0 repeat 72, greatest forward gap 1
09-11 10:27:46.309 23789 29996 I WiVRn   : [2026-09-11 10:27:46.309] [WiVRn] [info] render: this app's own GPU pass 3.1 ms per iteration
09-11 10:27:46.309 23789 29996 I WiVRn   : [2026-09-11 10:27:46.309] [WiVRn] [info] render: defoveate 2688x2688 per eye x2 = 14.45 Mpx/frame at scale 1.00 atlas-prototype 0; 72 re-presented from the cache (reduce_gpu_load on)
09-11 10:27:46.309 23789 29996 I WiVRn   : [2026-09-11 10:27:46.309] [WiVRn] [info] render: shader path sharpness 0.00 fsr false alpha false motion false blend false glow 0.00 vignette 0.00 deband 0.00 lowpoly 0.00 levels 0 full-kernel false
09-11 10:27:46.309 23789 29996 I WiVRn   : [2026-09-11 10:27:46.309] [WiVRn] [info] render: per iteration fence 2.3 (worst 15.7) | queries 0.0 | submit 0.0 | whole render() 3.4 ms
09-11 10:27:46.309 23789 29996 I WiVRn   : [2026-09-11 10:27:46.309] [WiVRn] [info] render: selection-to-defoveate CPU 0.060 ms mean (max 0.148) over 94 actual defoveate calls; not GPU/photon latency
09-11 10:27:46.309 23789 29996 I WiVRn   : [2026-09-11 10:27:46.309] [WiVRn] [info] render: jit on | wake slack 45.4 ms | slept 5.0 ms mean (max 5.0, 166 of 166 iterations) | budget 17.5 = pass 16.5 + margin 1.0 | sleep cap 5.0 ms
09-11 10:27:46.309 23789 29996 I WiVRn   : [2026-09-11 10:27:46.309] [WiVRn] [info] render: source display-time offset 80.3 ms mean (worst 102.5) over 166 frames | submit lead 37.0 ms mean (worst 21.2) | misses: 0 overrun 0 late 0 skipped refresh
09-11 10:27:46.309 23789 29996 I WiVRn   : [2026-09-11 10:27:46.309] [WiVRn] [info] render: source->first 6.8 ms | wire 9.3 | queue 1.9 | decode 18.6 | decode->selection 6.0 | selection->predicted 37.6 | sum 80.3 over 166 selected frames (0 invalid)
09-11 10:27:46.935 23789 30159 I WiVRn   : [2026-09-11 10:27:46.935] [WiVRn] [info] nxwarp[0] net: 93 frames closed in 2.0 s, 0 with a hole, 0 out-of-order datagrams, 0 frames completed late, 0 queued for the worker, 660 decoded so far, 701 stragglers dropped; last hole 204/204 chunks, first missing -1, short false, chunk 1166 B; worker phase copy-fence-wait
09-11 10:27:46.935 23789 30159 I WiVRn   : [2026-09-11 10:27:46.935] [WiVRn] [info] nxwarp[0] net: 0.026 ms per datagram over 29931 datagrams (395.18 ms of every second)
09-11 10:27:46.935 23789 30159 I WiVRn   : [2026-09-11 10:27:46.935] [WiVRn] [info] nxwarp[0] sel: stride 1, arrival 19.8 ms, dropped-late 68, withheld 0, decoded 660
09-11 10:27:46.935 23789 30159 I WiVRn   : [2026-09-11 10:27:46.935] [WiVRn] [info] nxwarp[0] rx: 245885 datagrams, placed 2021971 (+324801), late 232147 (+8572), stale_frame 0, bad_range 0, bad_dir 0, bad_caps 0, bad_ver 0, auth_fail 0, replay 0, frozen 0, dup 154
09-11 10:27:47.236 23789 29989 I PxrMetric: FPS=78/90,MTP=44.79ms,AppSW=off,FrmEarly=24,FrmLate=8,FrmCpu=0.81ms,FrmGpu=14.50ms,FrmTime=27.71ms,ATWGPU=3.62ms,VsyncDelay=3,GPU=94%/587Mhz,GPUTemp=83.0C,LayerCnt=1,Pkg=org.meumeu.wivrn.nx.warp,FrmId=1370
09-11 10:27:47.255 23789 30166 I WiVRn   : [2026-09-11 10:27:47.255] [WiVRn] [info] Tracking pattern (11111µs):
09-11 10:27:47.255 23789 30166 I WiVRn   : [2026-09-11 10:27:47.255] [WiVRn] [info] 	t+3565µs HEAD (7545µs)
09-11 10:27:47.255 23789 30166 I WiVRn   : [2026-09-11 10:27:47.255] [WiVRn] [info] 	t+3603µs LEFT_GRIP (7507µs)
09-11 10:27:47.255 23789 30166 I WiVRn   : [2026-09-11 10:27:47.255] [WiVRn] [info] 	t+3612µs RIGHT_GRIP (7498µs)
09-11 10:27:47.255 23789 30166 I WiVRn   : [2026-09-11 10:27:47.255] [WiVRn] [info] 	t+6565µs HEAD (4545µs)
09-11 10:27:47.255 23789 30166 I WiVRn   : [2026-09-11 10:27:47.255] [WiVRn] [info] 	t+6603µs LEFT_GRIP (4507µs)
09-11 10:27:47.255 23789 30166 I WiVRn   : [2026-09-11 10:27:47.255] [WiVRn] [info] 	t+6612µs RIGHT_GRIP (4498µs)
09-11 10:27:48.235 23789 29989 I PxrMetric: FPS=79/90,MTP=40.98ms,AppSW=off,FrmEarly=41,FrmLate=0,FrmCpu=1.12ms,FrmGpu=9.47ms,FrmTime=16.23ms,ATWGPU=3.42ms,VsyncDelay=2,GPU=99%/587Mhz,GPUTemp=82.2C,LayerCnt=1,Pkg=org.meumeu.wivrn.nx.warp,FrmId=1456
09-11 10:27:48.255 23789 30166 I WiVRn   : [2026-09-11 10:27:48.255] [WiVRn] [info] Tracking pattern (11110µs):
09-11 10:27:48.255 23789 30166 I WiVRn   : [2026-09-11 10:27:48.255] [WiVRn] [info] 	t+3543µs HEAD (7566µs)
09-11 10:27:48.255 23789 30166 I WiVRn   : [2026-09-11 10:27:48.255] [WiVRn] [info] 	t+3583µs LEFT_GRIP (7527µs)
09-11 10:27:48.255 23789 30166 I WiVRn   : [2026-09-11 10:27:48.255] [WiVRn] [info] 	t+3598µs RIGHT_GRIP (7512µs)
09-11 10:27:48.255 23789 30166 I WiVRn   : [2026-09-11 10:27:48.255] [WiVRn] [info] 	t+6543µs HEAD (4566µs)
09-11 10:27:48.255 23789 30166 I WiVRn   : [2026-09-11 10:27:48.255] [WiVRn] [info] 	t+6583µs LEFT_GRIP (4527µs)
09-11 10:27:48.255 23789 30166 I WiVRn   : [2026-09-11 10:27:48.255] [WiVRn] [info] 	t+6598µs RIGHT_GRIP (4512µs)
09-11 10:27:48.277 23789 30164 I WiVRn   : [2026-09-11 10:27:48.277] [WiVRn] [info] nxwarp[0]: 93 frames in 2.0 s: 255883 B/frame, wait-prev 0.0 ms, wall 19.0 ms, nxvc passA 4.7 passB 9.4 gpu 14.1 ms; holes 42, refused 0
09-11 10:27:48.277 23789 30164 I WiVRn   : [2026-09-11 10:27:48.277] [WiVRn] [info] nxwarp[0] gpu duty 651 ms/s (65% of one GPU) for decode alone; the display pass is extra
09-11 10:27:48.277 23789 30164 I WiVRn   : [2026-09-11 10:27:48.277] [WiVRn] [info] nxwarp[0] passB 9.4 ms = warp 0.0 + skip 0.0 + coded 0.0 + dir 0.0 + other 9.4; tiles skip 0 / coded 3528 / dir 0 (eye pass 0)
09-11 10:27:48.277 23789 30164 I WiVRn   : [2026-09-11 10:27:48.277] [WiVRn] [info] nxwarp[0]: 68 frames dropped late (queue kept to 1)
09-11 10:27:48.277 23789 30164 I WiVRn   : [2026-09-11 10:27:48.277] [WiVRn] [info] nxwarp[0] stage: gap 2.7 | wait-prev 0.0 | submit 1.5 (qlock 0.0 + codec 1.5) | get_free 0.0 | fence-pre 0.0 | record 0.0 | qsubmit 0.0 | fence-post 17.4 | publish 0.0 ms; withheld 0, stride 1, arrival 21.9 ms
09-11 10:27:48.277 23789 30164 I WiVRn   : [2026-09-11 10:27:48.277] [WiVRn] [info] nxwarp[0] reassembly (network thread): 0.32 ms/frame over 92 frames, buffer 250 kB held for 250 kB of unit (1.0x)
09-11 10:27:48.277 23789 30164 I WiVRn   : [2026-09-11 10:27:48.277] [WiVRn] [info] nxwarp[0] fence-post 17.4 ms = nxvc gpu 14.1 + copy gpu 0.00 + queue 3.2 (over 93 frames with timestamps)
09-11 10:27:48.299 23789 29996 I WiVRn   : [2026-09-11 10:27:48.299] [WiVRn] [info] render: 167 iterations in 2.0 s (83.5/s), 167 submitted a layer, 92 new-source, 0 skipped by the repeat gate, 0 with nothing to show; display period 11.9 ms
09-11 10:27:48.299 23789 29996 I WiVRn   : [2026-09-11 10:27:48.299] [WiVRn] [info] render: ready wait attempts 113 success 38 total 80.404 ms | selected older than available 0
09-11 10:27:48.299 23789 29996 I WiVRn   : [2026-09-11 10:27:48.299] [WiVRn] [info] render: selected source transitions forward 92 backward 0 repeat 75, greatest forward gap 1
09-11 10:27:48.299 23789 29996 I WiVRn   : [2026-09-11 10:27:48.299] [WiVRn] [info] render: this app's own GPU pass 3.1 ms per iteration
09-11 10:27:48.299 23789 29996 I WiVRn   : [2026-09-11 10:27:48.299] [WiVRn] [info] render: defoveate 2688x2688 per eye x2 = 14.45 Mpx/frame at scale 1.00 atlas-prototype 0; 75 re-presented from the cache (reduce_gpu_load on)
09-11 10:27:48.299 23789 29996 I WiVRn   : [2026-09-11 10:27:48.299] [WiVRn] [info] render: shader path sharpness 0.00 fsr false alpha false motion false blend false glow 0.00 vignette 0.00 deband 0.00 lowpoly 0.00 levels 0 full-kernel false
09-11 10:27:48.299 23789 29996 I WiVRn   : [2026-09-11 10:27:48.299] [WiVRn] [info] render: per iteration fence 1.9 (worst 15.1) | queries 0.0 | submit 0.0 | whole render() 3.0 ms
09-11 10:27:48.299 23789 29996 I WiVRn   : [2026-09-11 10:27:48.299] [WiVRn] [info] render: selection-to-defoveate CPU 0.064 ms mean (max 0.174) over 92 actual defoveate calls; not GPU/photon latency
09-11 10:27:48.299 23789 29996 I WiVRn   : [2026-09-11 10:27:48.299] [WiVRn] [info] render: jit on | wake slack 46.3 ms | slept 5.0 ms mean (max 5.0, 167 of 167 iterations) | budget 15.9 = pass 14.9 + margin 1.0 | sleep cap 5.0 ms
09-11 10:27:48.299 23789 29996 I WiVRn   : [2026-09-11 10:27:48.299] [WiVRn] [info] render: source display-time offset 81.1 ms mean (worst 102.5) over 167 frames | submit lead 38.3 ms mean (worst 22.5) | misses: 0 overrun 0 late 0 skipped refresh
09-11 10:27:48.299 23789 29996 I WiVRn   : [2026-09-11 10:27:48.299] [WiVRn] [info] render: source->first 6.9 ms | wire 9.2 | queue 1.3 | decode 18.9 | decode->selection 6.0 | selection->predicted 38.8 | sum 81.1 over 167 selected frames (0 invalid)
09-11 10:27:48.945 23789 30159 I WiVRn   : [2026-09-11 10:27:48.945] [WiVRn] [info] nxwarp[0] net: 93 frames closed in 2.0 s, 0 with a hole, 0 out-of-order datagrams, 0 frames completed late, 0 queued for the worker, 754 decoded so far, 794 stragglers dropped; last hole 204/204 chunks, first missing -1, short false, chunk 1166 B; worker phase idle
09-11 10:27:48.945 23789 30159 I WiVRn   : [2026-09-11 10:27:48.945] [WiVRn] [info] nxwarp[0] net: 0.027 ms per datagram over 29697 datagrams (391.79 ms of every second)
09-11 10:27:48.945 23789 30159 I WiVRn   : [2026-09-11 10:27:48.945] [WiVRn] [info] nxwarp[0] sel: stride 1, arrival 21.3 ms, dropped-late 68, withheld 0, decoded 754
09-11 10:27:48.945 23789 30159 I WiVRn   : [2026-09-11 10:27:48.945] [WiVRn] [info] nxwarp[0] rx: 275582 datagrams, placed 2336840 (+314869), late 237330 (+5183), stale_frame 0, bad_range 0, bad_dir 0, bad_caps 0, bad_ver 0, auth_fail 0, replay 0, frozen 0, dup 163
09-11 10:27:49.236 23789 29989 I PxrMetric: FPS=86/90,MTP=42.21ms,AppSW=off,FrmEarly=22,FrmLate=6,FrmCpu=0.95ms,FrmGpu=9.97ms,FrmTime=17.18ms,ATWGPU=4.10ms,VsyncDelay=3,GPU=99%/587Mhz,GPUTemp=82.2C,LayerCnt=1,Pkg=org.meumeu.wivrn.nx.warp,FrmId=1536
09-11 10:27:49.255 23789 30166 I WiVRn   : [2026-09-11 10:27:49.255] [WiVRn] [info] Tracking pattern (11112µs):
09-11 10:27:49.255 23789 30166 I WiVRn   : [2026-09-11 10:27:49.255] [WiVRn] [info] 	t+3708µs HEAD (7403µs)
09-11 10:27:49.255 23789 30166 I WiVRn   : [2026-09-11 10:27:49.255] [WiVRn] [info] 	t+3762µs LEFT_GRIP (7349µs)
09-11 10:27:49.255 23789 30166 I WiVRn   : [2026-09-11 10:27:49.255] [WiVRn] [info] 	t+3791µs RIGHT_GRIP (7321µs)
09-11 10:27:49.255 23789 30166 I WiVRn   : [2026-09-11 10:27:49.255] [WiVRn] [info] 	t+6708µs HEAD (4403µs)
09-11 10:27:49.255 23789 30166 I WiVRn   : [2026-09-11 10:27:49.255] [WiVRn] [info] 	t+6762µs LEFT_GRIP (4349µs)
09-11 10:27:49.255 23789 30166 I WiVRn   : [2026-09-11 10:27:49.255] [WiVRn] [info] 	t+6791µs RIGHT_GRIP (4321µs)
09-11 10:27:50.245 23789 29989 I PxrMetric: FPS=80/90,MTP=41.72ms,AppSW=off,FrmEarly=25,FrmLate=7,FrmCpu=0.78ms,FrmGpu=18.51ms,FrmTime=32.00ms,ATWGPU=3.99ms,VsyncDelay=3,GPU=98%/587Mhz,GPUTemp=81.8C,LayerCnt=1,Pkg=org.meumeu.wivrn.nx.warp,FrmId=1619
09-11 10:27:50.255 23789 30166 I WiVRn   : [2026-09-11 10:27:50.255] [WiVRn] [info] Tracking pattern (11111µs):
09-11 10:27:50.255 23789 30166 I WiVRn   : [2026-09-11 10:27:50.255] [WiVRn] [info] 	t+3411µs HEAD (7699µs)
09-11 10:27:50.255 23789 30166 I WiVRn   : [2026-09-11 10:27:50.255] [WiVRn] [info] 	t+3473µs LEFT_GRIP (7637µs)
09-11 10:27:50.255 23789 30166 I WiVRn   : [2026-09-11 10:27:50.255] [WiVRn] [info] 	t+3484µs RIGHT_GRIP (7627µs)
09-11 10:27:50.255 23789 30166 I WiVRn   : [2026-09-11 10:27:50.255] [WiVRn] [info] 	t+6411µs HEAD (4699µs)
09-11 10:27:50.255 23789 30166 I WiVRn   : [2026-09-11 10:27:50.255] [WiVRn] [info] 	t+6473µs LEFT_GRIP (4637µs)
09-11 10:27:50.255 23789 30166 I WiVRn   : [2026-09-11 10:27:50.255] [WiVRn] [info] 	t+6484µs RIGHT_GRIP (4627µs)
09-11 10:27:50.282 23789 30164 I WiVRn   : [2026-09-11 10:27:50.282] [WiVRn] [info] nxwarp[0]: 92 frames in 2.0 s: 264071 B/frame, wait-prev 0.0 ms, wall 18.9 ms, nxvc passA 5.1 passB 9.4 gpu 14.5 ms; holes 42, refused 0
09-11 10:27:50.282 23789 30164 I WiVRn   : [2026-09-11 10:27:50.282] [WiVRn] [info] nxwarp[0] gpu duty 665 ms/s (67% of one GPU) for decode alone; the display pass is extra
09-11 10:27:50.282 23789 30164 I WiVRn   : [2026-09-11 10:27:50.282] [WiVRn] [info] nxwarp[0] passB 9.4 ms = warp 0.0 + skip 0.0 + coded 0.0 + dir 0.0 + other 9.4; tiles skip 0 / coded 3528 / dir 0 (eye pass 0)
09-11 10:27:50.282 23789 30164 I WiVRn   : [2026-09-11 10:27:50.282] [WiVRn] [info] nxwarp[0]: 68 frames dropped late (queue kept to 1)
09-11 10:27:50.282 23789 30164 I WiVRn   : [2026-09-11 10:27:50.282] [WiVRn] [info] nxwarp[0] stage: gap 2.9 | wait-prev 0.0 | submit 1.6 (qlock 0.0 + codec 1.6) | get_free 0.0 | fence-pre 0.0 | record 0.0 | qsubmit 0.0 | fence-post 17.2 | publish 0.0 ms; withheld 0, stride 1, arrival 21.3 ms
09-11 10:27:50.282 23789 30164 I WiVRn   : [2026-09-11 10:27:50.282] [WiVRn] [info] nxwarp[0] reassembly (network thread): 0.32 ms/frame over 93 frames, buffer 258 kB held for 258 kB of unit (1.0x)
09-11 10:27:50.282 23789 30164 I WiVRn   : [2026-09-11 10:27:50.282] [WiVRn] [info] nxwarp[0] fence-post 17.2 ms = nxvc gpu 14.5 + copy gpu 0.00 + queue 2.7 (over 92 frames with timestamps)
09-11 10:27:50.310 23789 29996 I WiVRn   : [2026-09-11 10:27:50.310] [WiVRn] [info] render: 161 iterations in 2.0 s (80.0/s), 161 submitted a layer, 92 new-source, 0 skipped by the repeat gate, 0 with nothing to show; display period 12.6 ms
09-11 10:27:50.310 23789 29996 I WiVRn   : [2026-09-11 10:27:50.310] [WiVRn] [info] render: ready wait attempts 113 success 44 total 74.514 ms | selected older than available 0
09-11 10:27:50.310 23789 29996 I WiVRn   : [2026-09-11 10:27:50.310] [WiVRn] [info] render: selected source transitions forward 92 backward 0 repeat 69, greatest forward gap 1
09-11 10:27:50.310 23789 29996 I WiVRn   : [2026-09-11 10:27:50.310] [WiVRn] [info] render: this app's own GPU pass 3.1 ms per iteration
09-11 10:27:50.310 23789 29996 I WiVRn   : [2026-09-11 10:27:50.310] [WiVRn] [info] render: defoveate 2688x2688 per eye x2 = 14.45 Mpx/frame at scale 1.00 atlas-prototype 0; 69 re-presented from the cache (reduce_gpu_load on)
09-11 10:27:50.310 23789 29996 I WiVRn   : [2026-09-11 10:27:50.310] [WiVRn] [info] render: shader path sharpness 0.00 fsr false alpha false motion false blend false glow 0.00 vignette 0.00 deband 0.00 lowpoly 0.00 levels 0 full-kernel false
09-11 10:27:50.310 23789 29996 I WiVRn   : [2026-09-11 10:27:50.310] [WiVRn] [info] render: per iteration fence 2.5 (worst 15.6) | queries 0.0 | submit 0.0 | whole render() 3.6 ms
09-11 10:27:50.310 23789 29996 I WiVRn   : [2026-09-11 10:27:50.310] [WiVRn] [info] render: selection-to-defoveate CPU 0.061 ms mean (max 0.170) over 92 actual defoveate calls; not GPU/photon latency
09-11 10:27:50.310 23789 29996 I WiVRn   : [2026-09-11 10:27:50.310] [WiVRn] [info] render: jit on | wake slack 45.9 ms | slept 5.0 ms mean (max 5.0, 161 of 161 iterations) | budget 17.4 = pass 16.4 + margin 1.0 | sleep cap 5.0 ms
09-11 10:27:50.310 23789 29996 I WiVRn   : [2026-09-11 10:27:50.310] [WiVRn] [info] render: source display-time offset 80.1 ms mean (worst 102.6) over 161 frames | submit lead 37.2 ms mean (worst 21.4) | misses: 0 overrun 0 late 0 skipped refresh
09-11 10:27:50.310 23789 29996 I WiVRn   : [2026-09-11 10:27:50.310] [WiVRn] [info] render: source->first 6.8 ms | wire 9.3 | queue 1.4 | decode 18.7 | decode->selection 5.9 | selection->predicted 37.9 | sum 80.1 over 161 selected frames (0 invalid)
09-11 10:27:50.957 23789 30159 I WiVRn   : [2026-09-11 10:27:50.957] [WiVRn] [info] nxwarp[0] net: 92 frames closed in 2.0 s, 0 with a hole, 0 out-of-order datagrams, 0 frames completed late, 0 queued for the worker, 845 decoded so far, 889 stragglers dropped; last hole 204/204 chunks, first missing -1, short false, chunk 1166 B; worker phase copy-fence-wait
09-11 10:27:50.957 23789 30159 I WiVRn   : [2026-09-11 10:27:50.957] [WiVRn] [info] nxwarp[0] net: 0.027 ms per datagram over 29821 datagrams (395.36 ms of every second)
09-11 10:27:50.957 23789 30159 I WiVRn   : [2026-09-11 10:27:50.957] [WiVRn] [info] nxwarp[0] sel: stride 1, arrival 21.0 ms, dropped-late 68, withheld 0, decoded 845
09-11 10:27:50.957 23789 30159 I WiVRn   : [2026-09-11 10:27:50.957] [WiVRn] [info] nxwarp[0] rx: 305403 datagrams, placed 2546230 (+209390), late 252079 (+14749), stale_frame 0, bad_range 0, bad_dir 0, bad_caps 0, bad_ver 0, auth_fail 0, replay 0, frozen 0, dup 199
09-11 10:27:51.252 23789 29989 I PxrMetric: FPS=82/90,MTP=37.22ms,AppSW=off,FrmEarly=22,FrmLate=1,FrmCpu=1.11ms,FrmGpu=10.82ms,FrmTime=17.71ms,ATWGPU=3.96ms,VsyncDelay=2,GPU=99%/587Mhz,GPUTemp=83.7C,LayerCnt=1,Pkg=org.meumeu.wivrn.nx.warp,FrmId=1695
09-11 10:27:51.255 23789 30166 I WiVRn   : [2026-09-11 10:27:51.255] [WiVRn] [info] Tracking pattern (11111µs):
09-11 10:27:51.255 23789 30166 I WiVRn   : [2026-09-11 10:27:51.255] [WiVRn] [info] 	t+3489µs HEAD (7621µs)
09-11 10:27:51.255 23789 30166 I WiVRn   : [2026-09-11 10:27:51.255] [WiVRn] [info] 	t+3526µs LEFT_GRIP (7585µs)
09-11 10:27:51.255 23789 30166 I WiVRn   : [2026-09-11 10:27:51.255] [WiVRn] [info] 	t+3550µs RIGHT_GRIP (7561µs)
09-11 10:27:51.255 23789 30166 I WiVRn   : [2026-09-11 10:27:51.255] [WiVRn] [info] 	t+6489µs HEAD (4621µs)
09-11 10:27:51.255 23789 30166 I WiVRn   : [2026-09-11 10:27:51.255] [WiVRn] [info] 	t+6526µs LEFT_GRIP (4585µs)
09-11 10:27:51.255 23789 30166 I WiVRn   : [2026-09-11 10:27:51.255] [WiVRn] [info] 	t+6550µs RIGHT_GRIP (4561µs)
09-11 10:27:52.255 23789 30166 I WiVRn   : [2026-09-11 10:27:52.255] [WiVRn] [info] Tracking pattern (11111µs):
09-11 10:27:52.255 23789 30166 I WiVRn   : [2026-09-11 10:27:52.255] [WiVRn] [info] 	t+2926µs HEAD (8185µs)
09-11 10:27:52.255 23789 30166 I WiVRn   : [2026-09-11 10:27:52.255] [WiVRn] [info] 	t+3035µs LEFT_GRIP (8076µs)
09-11 10:27:52.255 23789 30166 I WiVRn   : [2026-09-11 10:27:52.255] [WiVRn] [info] 	t+3045µs RIGHT_GRIP (8065µs)
09-11 10:27:52.255 23789 30166 I WiVRn   : [2026-09-11 10:27:52.255] [WiVRn] [info] 	t+5926µs HEAD (5185µs)
09-11 10:27:52.255 23789 30166 I WiVRn   : [2026-09-11 10:27:52.255] [WiVRn] [info] 	t+6035µs LEFT_GRIP (5076µs)
09-11 10:27:52.255 23789 30166 I WiVRn   : [2026-09-11 10:27:52.255] [WiVRn] [info] 	t+6045µs RIGHT_GRIP (5065µs)
09-11 10:27:52.258 23789 29989 I PxrMetric: FPS=75/90,MTP=47.82ms,AppSW=off,FrmEarly=23,FrmLate=12,FrmCpu=0.69ms,FrmGpu=13.38ms,FrmTime=25.17ms,ATWGPU=3.65ms,VsyncDelay=3,GPU=85%/587Mhz,GPUTemp=83.7C,LayerCnt=1,Pkg=org.meumeu.wivrn.nx.warp,FrmId=1765
09-11 10:27:52.309 23789 30164 I WiVRn   : [2026-09-11 10:27:52.309] [WiVRn] [info] nxwarp[0]: 92 frames in 2.0 s: 292140 B/frame, wait-prev 0.0 ms, wall 19.1 ms, nxvc passA 5.3 passB 9.6 gpu 14.8 ms; holes 42, refused 0
09-11 10:27:52.309 23789 30164 I WiVRn   : [2026-09-11 10:27:52.309] [WiVRn] [info] nxwarp[0] gpu duty 673 ms/s (67% of one GPU) for decode alone; the display pass is extra
09-11 10:27:52.309 23789 30164 I WiVRn   : [2026-09-11 10:27:52.309] [WiVRn] [info] nxwarp[0] passB 9.6 ms = warp 0.0 + skip 0.0 + coded 0.0 + dir 0.0 + other 9.6; tiles skip 0 / coded 3528 / dir 0 (eye pass 0)
09-11 10:27:52.309 23789 30164 I WiVRn   : [2026-09-11 10:27:52.309] [WiVRn] [info] nxwarp[0]: 68 frames dropped late (queue kept to 1)
09-11 10:27:52.309 23789 30164 I WiVRn   : [2026-09-11 10:27:52.309] [WiVRn] [info] nxwarp[0] stage: gap 3.0 | wait-prev 0.0 | submit 1.6 (qlock 0.0 + codec 1.6) | get_free 0.0 | fence-pre 0.0 | record 0.0 | qsubmit 0.0 | fence-post 17.3 | publish 0.0 ms; withheld 0, stride 1, arrival 24.4 ms
09-11 10:27:52.309 23789 30164 I WiVRn   : [2026-09-11 10:27:52.309] [WiVRn] [info] nxwarp[0] reassembly (network thread): 0.24 ms/frame over 91 frames, buffer 285 kB held for 285 kB of unit (1.0x)
09-11 10:27:52.309 23789 30164 I WiVRn   : [2026-09-11 10:27:52.309] [WiVRn] [info] nxwarp[0] fence-post 17.4 ms = nxvc gpu 14.8 + copy gpu 0.00 + queue 2.5 (over 92 frames with timestamps)
09-11 10:27:52.312 23789 29996 I WiVRn   : [2026-09-11 10:27:52.312] [WiVRn] [info] render: 146 iterations in 2.0 s (72.8/s), 146 submitted a layer, 91 new-source, 0 skipped by the repeat gate, 0 with nothing to show; display period 13.7 ms
09-11 10:27:52.312 23789 29996 I WiVRn   : [2026-09-11 10:27:52.312] [WiVRn] [info] render: ready wait attempts 87 success 32 total 59.210 ms | selected older than available 0
09-11 10:27:52.312 23789 29996 I WiVRn   : [2026-09-11 10:27:52.312] [WiVRn] [info] render: selected source transitions forward 91 backward 0 repeat 55, greatest forward gap 1
09-11 10:27:52.312 23789 29996 I WiVRn   : [2026-09-11 10:27:52.312] [WiVRn] [info] render: this app's own GPU pass 3.4 ms per iteration
09-11 10:27:52.312 23789 29996 I WiVRn   : [2026-09-11 10:27:52.312] [WiVRn] [info] render: defoveate 2688x2688 per eye x2 = 14.45 Mpx/frame at scale 1.00 atlas-prototype 0; 55 re-presented from the cache (reduce_gpu_load on)
09-11 10:27:52.312 23789 29996 I WiVRn   : [2026-09-11 10:27:52.312] [WiVRn] [info] render: shader path sharpness 0.00 fsr false alpha false motion false blend false glow 0.00 vignette 0.00 deband 0.00 lowpoly 0.00 levels 0 full-kernel false
09-11 10:27:52.312 23789 29996 I WiVRn   : [2026-09-11 10:27:52.312] [WiVRn] [info] render: per iteration fence 2.7 (worst 15.6) | queries 0.0 | submit 0.0 | whole render() 3.8 ms
09-11 10:27:52.312 23789 29996 I WiVRn   : [2026-09-11 10:27:52.312] [WiVRn] [info] render: selection-to-defoveate CPU 0.059 ms mean (max 0.168) over 91 actual defoveate calls; not GPU/photon latency
09-11 10:27:52.312 23789 29996 I WiVRn   : [2026-09-11 10:27:52.312] [WiVRn] [info] render: jit on | wake slack 47.0 ms | slept 5.0 ms mean (max 5.0, 146 of 146 iterations) | budget 17.2 = pass 16.2 + margin 1.0 | sleep cap 5.0 ms
09-11 10:27:52.312 23789 29996 I WiVRn   : [2026-09-11 10:27:52.312] [WiVRn] [info] render: source display-time offset 82.5 ms mean (worst 113.6) over 146 frames | submit lead 38.2 ms mean (worst 23.6) | misses: 0 overrun 0 late 0 skipped refresh
09-11 10:27:52.312 23789 29996 I WiVRn   : [2026-09-11 10:27:52.312] [WiVRn] [info] render: source->first 6.8 ms | wire 9.5 | queue 1.9 | decode 19.0 | decode->selection 6.5 | selection->predicted 38.8 | sum 82.5 over 146 selected frames (0 invalid)
09-11 10:27:52.969 23789 30159 I WiVRn   : [2026-09-11 10:27:52.969] [WiVRn] [info] nxwarp[0] net: 91 frames closed in 2.0 s, 0 with a hole, 0 out-of-order datagrams, 0 frames completed late, 0 queued for the worker, 936 decoded so far, 995 stragglers dropped; last hole 204/204 chunks, first missing -1, short false, chunk 1166 B; worker phase core-submit
09-11 10:27:52.969 23789 30159 I WiVRn   : [2026-09-11 10:27:52.969] [WiVRn] [info] nxwarp[0] net: 0.028 ms per datagram over 28113 datagrams (396.42 ms of every second)
09-11 10:27:52.969 23789 30159 I WiVRn   : [2026-09-11 10:27:52.969] [WiVRn] [info] nxwarp[0] sel: stride 1, arrival 19.9 ms, dropped-late 68, withheld 0, decoded 936
09-11 10:27:52.969 23789 30159 I WiVRn   : [2026-09-11 10:27:52.969] [WiVRn] [info] nxwarp[0] rx: 333516 datagrams, placed 2576165 (+29935), late 272020 (+19941), stale_frame 0, bad_range 0, bad_dir 0, bad_caps 0, bad_ver 0, auth_fail 0, replay 0, frozen 0, dup 209
09-11 10:27:53.255 23789 30166 I WiVRn   : [2026-09-11 10:27:53.255] [WiVRn] [info] Tracking pattern (11112µs):
09-11 10:27:53.255 23789 30166 I WiVRn   : [2026-09-11 10:27:53.255] [WiVRn] [info] 	t+3008µs HEAD (8103µs)
09-11 10:27:53.255 23789 30166 I WiVRn   : [2026-09-11 10:27:53.255] [WiVRn] [info] 	t+3075µs LEFT_GRIP (8036µs)
09-11 10:27:53.255 23789 30166 I WiVRn   : [2026-09-11 10:27:53.255] [WiVRn] [info] 	t+3085µs RIGHT_GRIP (8026µs)
09-11 10:27:53.255 23789 30166 I WiVRn   : [2026-09-11 10:27:53.255] [WiVRn] [info] 	t+6008µs HEAD (5103µs)
09-11 10:27:53.255 23789 30166 I WiVRn   : [2026-09-11 10:27:53.255] [WiVRn] [info] 	t+6075µs LEFT_GRIP (5036µs)
09-11 10:27:53.255 23789 30166 I WiVRn   : [2026-09-11 10:27:53.255] [WiVRn] [info] 	t+6085µs RIGHT_GRIP (5026µs)
09-11 10:27:53.263 23789 29989 I PxrMetric: FPS=70/90,MTP=46.41ms,AppSW=off,FrmEarly=19,FrmLate=6,FrmCpu=0.62ms,FrmGpu=20.12ms,FrmTime=30.47ms,ATWGPU=3.67ms,VsyncDelay=3,GPU=94%/587Mhz,GPUTemp=83.7C,LayerCnt=1,Pkg=org.meumeu.wivrn.nx.warp,FrmId=1841
09-11 10:27:54.255 23789 30166 I WiVRn   : [2026-09-11 10:27:54.255] [WiVRn] [info] Tracking pattern (11110µs):
09-11 10:27:54.255 23789 30166 I WiVRn   : [2026-09-11 10:27:54.255] [WiVRn] [info] 	t+2747µs HEAD (8363µs)
09-11 10:27:54.255 23789 30166 I WiVRn   : [2026-09-11 10:27:54.255] [WiVRn] [info] 	t+2859µs LEFT_GRIP (8251µs)
09-11 10:27:54.255 23789 30166 I WiVRn   : [2026-09-11 10:27:54.255] [WiVRn] [info] 	t+2865µs RIGHT_GRIP (8244µs)
09-11 10:27:54.255 23789 30166 I WiVRn   : [2026-09-11 10:27:54.255] [WiVRn] [info] 	t+5747µs HEAD (5363µs)
09-11 10:27:54.255 23789 30166 I WiVRn   : [2026-09-11 10:27:54.255] [WiVRn] [info] 	t+5859µs LEFT_GRIP (5251µs)
09-11 10:27:54.255 23789 30166 I WiVRn   : [2026-09-11 10:27:54.255] [WiVRn] [info] 	t+5865µs RIGHT_GRIP (5244µs)
09-11 10:27:54.269 23789 29989 I PxrMetric: FPS=75/90,MTP=39.34ms,AppSW=off,FrmEarly=31,FrmLate=8,FrmCpu=1.14ms,FrmGpu=8.86ms,FrmTime=15.37ms,ATWGPU=3.66ms,VsyncDelay=2,GPU=95%/587Mhz,GPUTemp=83.0C,LayerCnt=1,Pkg=org.meumeu.wivrn.nx.warp,FrmId=1910
09-11 10:27:54.321 23789 30164 I WiVRn   : [2026-09-11 10:27:54.321] [WiVRn] [info] nxwarp[0]: 91 frames in 2.0 s: 303304 B/frame, wait-prev 0.0 ms, wall 19.4 ms, nxvc passA 5.1 passB 9.5 gpu 14.6 ms; holes 42, refused 0
09-11 10:27:54.321 23789 30164 I WiVRn   : [2026-09-11 10:27:54.321] [WiVRn] [info] nxwarp[0] gpu duty 659 ms/s (66% of one GPU) for decode alone; the display pass is extra
09-11 10:27:54.321 23789 30164 I WiVRn   : [2026-09-11 10:27:54.321] [WiVRn] [info] nxwarp[0] passB 9.5 ms = warp 0.0 + skip 0.0 + coded 0.0 + dir 0.0 + other 9.5; tiles skip 0 / coded 3528 / dir 0 (eye pass 0)
09-11 10:27:54.321 23789 30164 I WiVRn   : [2026-09-11 10:27:54.321] [WiVRn] [info] nxwarp[0]: 68 frames dropped late (queue kept to 1)
09-11 10:27:54.321 23789 30164 I WiVRn   : [2026-09-11 10:27:54.321] [WiVRn] [info] nxwarp[0] stage: gap 2.7 | wait-prev 0.0 | submit 1.6 (qlock 0.0 + codec 1.6) | get_free 0.0 | fence-pre 0.0 | record 0.0 | qsubmit 0.0 | fence-post 17.7 | publish 0.0 ms; withheld 0, stride 1, arrival 24.6 ms
09-11 10:27:54.321 23789 30164 I WiVRn   : [2026-09-11 10:27:54.321] [WiVRn] [info] nxwarp[0] reassembly (network thread): 0.26 ms/frame over 91 frames, buffer 296 kB held for 296 kB of unit (1.0x)
09-11 10:27:54.321 23789 30164 I WiVRn   : [2026-09-11 10:27:54.321] [WiVRn] [info] nxwarp[0] fence-post 17.7 ms = nxvc gpu 14.6 + copy gpu 0.00 + queue 3.1 (over 91 frames with timestamps)
09-11 10:27:54.321 23789 29996 I WiVRn   : [2026-09-11 10:27:54.321] [WiVRn] [info] render: 146 iterations in 2.0 s (72.8/s), 146 submitted a layer, 91 new-source, 0 skipped by the repeat gate, 0 with nothing to show; display period 13.7 ms
09-11 10:27:54.321 23789 29996 I WiVRn   : [2026-09-11 10:27:54.321] [WiVRn] [info] render: ready wait attempts 79 success 24 total 58.882 ms | selected older than available 0
09-11 10:27:54.321 23789 29996 I WiVRn   : [2026-09-11 10:27:54.321] [WiVRn] [info] render: selected source transitions forward 91 backward 0 repeat 55, greatest forward gap 1
09-11 10:27:54.321 23789 29996 I WiVRn   : [2026-09-11 10:27:54.321] [WiVRn] [info] render: this app's own GPU pass 3.5 ms per iteration
09-11 10:27:54.321 23789 29996 I WiVRn   : [2026-09-11 10:27:54.321] [WiVRn] [info] render: defoveate 2688x2688 per eye x2 = 14.45 Mpx/frame at scale 1.00 atlas-prototype 0; 55 re-presented from the cache (reduce_gpu_load on)
09-11 10:27:54.321 23789 29996 I WiVRn   : [2026-09-11 10:27:54.321] [WiVRn] [info] render: shader path sharpness 0.00 fsr false alpha false motion false blend false glow 0.00 vignette 0.00 deband 0.00 lowpoly 0.00 levels 0 full-kernel false
09-11 10:27:54.321 23789 29996 I WiVRn   : [2026-09-11 10:27:54.321] [WiVRn] [info] render: per iteration fence 2.4 (worst 15.8) | queries 0.0 | submit 0.0 | whole render() 3.5 ms
09-11 10:27:54.321 23789 29996 I WiVRn   : [2026-09-11 10:27:54.321] [WiVRn] [info] render: selection-to-defoveate CPU 0.057 ms mean (max 0.135) over 91 actual defoveate calls; not GPU/photon latency
09-11 10:27:54.321 23789 29996 I WiVRn   : [2026-09-11 10:27:54.321] [WiVRn] [info] render: jit on | wake slack 46.5 ms | slept 5.0 ms mean (max 5.0, 146 of 146 iterations) | budget 16.7 = pass 15.7 + margin 1.0 | sleep cap 5.0 ms
09-11 10:27:54.321 23789 29996 I WiVRn   : [2026-09-11 10:27:54.321] [WiVRn] [info] render: source display-time offset 83.2 ms mean (worst 102.5) over 146 frames | submit lead 38.1 ms mean (worst 20.5) | misses: 0 overrun 0 late 0 skipped refresh
09-11 10:27:54.321 23789 29996 I WiVRn   : [2026-09-11 10:27:54.321] [WiVRn] [info] render: source->first 7.3 ms | wire 9.7 | queue 1.5 | decode 19.3 | decode->selection 6.8 | selection->predicted 38.6 | sum 83.2 over 146 selected frames (0 invalid)
09-11 10:27:54.982 23789 30159 I WiVRn   : [2026-09-11 10:27:54.982] [WiVRn] [info] nxwarp[0] net: 91 frames closed in 2.0 s, 0 with a hole, 0 out-of-order datagrams, 0 frames completed late, 0 queued for the worker, 1027 decoded so far, 1101 stragglers dropped; last hole 204/204 chunks, first missing -1, short false, chunk 1166 B; worker phase copy-fence-wait
09-11 10:27:54.982 23789 30159 I WiVRn   : [2026-09-11 10:27:54.982] [WiVRn] [info] nxwarp[0] net: 0.028 ms per datagram over 29350 datagrams (408.53 ms of every second)
09-11 10:27:54.982 23789 30159 I WiVRn   : [2026-09-11 10:27:54.982] [WiVRn] [info] nxwarp[0] sel: stride 1, arrival 21.0 ms, dropped-late 68, withheld 0, decoded 1027
09-11 10:27:54.982 23789 30159 I WiVRn   : [2026-09-11 10:27:54.982] [WiVRn] [info] nxwarp[0] rx: 362866 datagrams, placed 2639059 (+62894), late 297014 (+24994), stale_frame 0, bad_range 0, bad_dir 0, bad_caps 0, bad_ver 0, auth_fail 0, replay 0, frozen 0, dup 224
09-11 10:27:55.255 23789 30166 I WiVRn   : [2026-09-11 10:27:55.255] [WiVRn] [info] Tracking pattern (11111µs):
09-11 10:27:55.255 23789 30166 I WiVRn   : [2026-09-11 10:27:55.255] [WiVRn] [info] 	t+2803µs HEAD (8308µs)
09-11 10:27:55.255 23789 30166 I WiVRn   : [2026-09-11 10:27:55.255] [WiVRn] [info] 	t+2840µs LEFT_GRIP (8271µs)
09-11 10:27:55.255 23789 30166 I WiVRn   : [2026-09-11 10:27:55.255] [WiVRn] [info] 	t+2848µs RIGHT_GRIP (8263µs)
09-11 10:27:55.255 23789 30166 I WiVRn   : [2026-09-11 10:27:55.255] [WiVRn] [info] 	t+5803µs HEAD (5308µs)
09-11 10:27:55.255 23789 30166 I WiVRn   : [2026-09-11 10:27:55.255] [WiVRn] [info] 	t+5840µs LEFT_GRIP (5271µs)
09-11 10:27:55.255 23789 30166 I WiVRn   : [2026-09-11 10:27:55.255] [WiVRn] [info] 	t+5848µs RIGHT_GRIP (5263µs)
09-11 10:27:55.274 23789 29989 I PxrMetric: FPS=69/90,MTP=36.41ms,AppSW=off,FrmEarly=24,FrmLate=0,FrmCpu=1.12ms,FrmGpu=10.71ms,FrmTime=17.71ms,ATWGPU=3.89ms,VsyncDelay=2,GPU=99%/587Mhz,GPUTemp=83.0C,LayerCnt=1,Pkg=org.meumeu.wivrn.nx.warp,FrmId=1999
09-11 10:27:56.255 23789 30166 I WiVRn   : [2026-09-11 10:27:56.255] [WiVRn] [info] Tracking pattern (11111µs):
09-11 10:27:56.255 23789 30166 I WiVRn   : [2026-09-11 10:27:56.255] [WiVRn] [info] 	t+3166µs HEAD (7944µs)
09-11 10:27:56.255 23789 30166 I WiVRn   : [2026-09-11 10:27:56.255] [WiVRn] [info] 	t+3207µs LEFT_GRIP (7903µs)
09-11 10:27:56.255 23789 30166 I WiVRn   : [2026-09-11 10:27:56.255] [WiVRn] [info] 	t+3217µs RIGHT_GRIP (7893µs)
09-11 10:27:56.255 23789 30166 I WiVRn   : [2026-09-11 10:27:56.255] [WiVRn] [info] 	t+6166µs HEAD (4944µs)
09-11 10:27:56.255 23789 30166 I WiVRn   : [2026-09-11 10:27:56.255] [WiVRn] [info] 	t+6207µs LEFT_GRIP (4903µs)
09-11 10:27:56.255 23789 30166 I WiVRn   : [2026-09-11 10:27:56.255] [WiVRn] [info] 	t+6217µs RIGHT_GRIP (4893µs)
09-11 10:27:56.277 23789 29989 I PxrMetric: FPS=88/90,MTP=33.57ms,AppSW=off,FrmEarly=15,FrmLate=4,FrmCpu=0.95ms,FrmGpu=11.32ms,FrmTime=18.53ms,ATWGPU=4.01ms,VsyncDelay=2,GPU=98%/587Mhz,GPUTemp=82.2C,LayerCnt=1,Pkg=org.meumeu.wivrn.nx.warp,FrmId=2080
09-11 10:27:56.321 23789 30164 I WiVRn   : [2026-09-11 10:27:56.321] [WiVRn] [info] nxwarp[0]: 90 frames in 2.0 s: 295537 B/frame, wait-prev 0.0 ms, wall 19.1 ms, nxvc passA 5.0 passB 9.7 gpu 14.8 ms; holes 42, refused 0
09-11 10:27:56.321 23789 30164 I WiVRn   : [2026-09-11 10:27:56.321] [WiVRn] [info] nxwarp[0] gpu duty 665 ms/s (66% of one GPU) for decode alone; the display pass is extra
09-11 10:27:56.321 23789 30164 I WiVRn   : [2026-09-11 10:27:56.321] [WiVRn] [info] nxwarp[0] passB 9.7 ms = warp 0.0 + skip 0.0 + coded 0.0 + dir 0.0 + other 9.7; tiles skip 0 / coded 3528 / dir 0 (eye pass 0)
09-11 10:27:56.321 23789 30164 I WiVRn   : [2026-09-11 10:27:56.321] [WiVRn] [info] nxwarp[0]: 68 frames dropped late (queue kept to 1)
09-11 10:27:56.321 23789 30164 I WiVRn   : [2026-09-11 10:27:56.321] [WiVRn] [info] nxwarp[0] stage: gap 3.1 | wait-prev 0.0 | submit 1.5 (qlock 0.0 + codec 1.5) | get_free 0.0 | fence-pre 0.0 | record 0.0 | qsubmit 0.0 | fence-post 17.5 | publish 0.0 ms; withheld 0, stride 1, arrival 22.3 ms
09-11 10:27:56.321 23789 30164 I WiVRn   : [2026-09-11 10:27:56.321] [WiVRn] [info] nxwarp[0] reassembly (network thread): 0.31 ms/frame over 90 frames, buffer 289 kB held for 289 kB of unit (1.0x)
09-11 10:27:56.321 23789 30164 I WiVRn   : [2026-09-11 10:27:56.321] [WiVRn] [info] nxwarp[0] fence-post 17.5 ms = nxvc gpu 14.8 + copy gpu 0.00 + queue 2.7 (over 90 frames with timestamps)
09-11 10:27:56.322 23789 29996 I WiVRn   : [2026-09-11 10:27:56.322] [WiVRn] [info] render: 170 iterations in 2.0 s (84.8/s), 170 submitted a layer, 90 new-source, 0 skipped by the repeat gate, 0 with nothing to show; display period 11.8 ms
09-11 10:27:56.322 23789 29996 I WiVRn   : [2026-09-11 10:27:56.322] [WiVRn] [info] render: ready wait attempts 133 success 53 total 86.185 ms | selected older than available 0
09-11 10:27:56.322 23789 29996 I WiVRn   : [2026-09-11 10:27:56.322] [WiVRn] [info] render: selected source transitions forward 90 backward 0 repeat 80, greatest forward gap 1
09-11 10:27:56.322 23789 29996 I WiVRn   : [2026-09-11 10:27:56.322] [WiVRn] [info] render: this app's own GPU pass 3.1 ms per iteration
09-11 10:27:56.322 23789 29996 I WiVRn   : [2026-09-11 10:27:56.322] [WiVRn] [info] render: defoveate 2688x2688 per eye x2 = 14.45 Mpx/frame at scale 1.00 atlas-prototype 0; 80 re-presented from the cache (reduce_gpu_load on)
09-11 10:27:56.322 23789 29996 I WiVRn   : [2026-09-11 10:27:56.322] [WiVRn] [info] render: shader path sharpness 0.00 fsr false alpha false motion false blend false glow 0.00 vignette 0.00 deband 0.00 lowpoly 0.00 levels 0 full-kernel false
09-11 10:27:56.322 23789 29996 I WiVRn   : [2026-09-11 10:27:56.322] [WiVRn] [info] render: per iteration fence 2.0 (worst 10.5) | queries 0.0 | submit 0.0 | whole render() 3.1 ms
09-11 10:27:56.322 23789 29996 I WiVRn   : [2026-09-11 10:27:56.322] [WiVRn] [info] render: selection-to-defoveate CPU 0.056 ms mean (max 0.161) over 90 actual defoveate calls; not GPU/photon latency
09-11 10:27:56.322 23789 29996 I WiVRn   : [2026-09-11 10:27:56.322] [WiVRn] [info] render: jit on | wake slack 44.1 ms | slept 5.0 ms mean (max 5.0, 170 of 170 iterations) | budget 15.0 = pass 14.0 + margin 1.0 | sleep cap 5.0 ms
09-11 10:27:56.322 23789 29996 I WiVRn   : [2026-09-11 10:27:56.322] [WiVRn] [info] render: source display-time offset 80.4 ms mean (worst 91.7) over 170 frames | submit lead 36.0 ms mean (worst 24.8) | misses: 0 overrun 0 late 0 skipped refresh
09-11 10:27:56.322 23789 29996 I WiVRn   : [2026-09-11 10:27:56.322] [WiVRn] [info] render: source->first 6.8 ms | wire 10.1 | queue 2.2 | decode 19.1 | decode->selection 5.7 | selection->predicted 36.5 | sum 80.4 over 170 selected frames (0 invalid)
09-11 10:27:57.004 23789 30159 I WiVRn   : [2026-09-11 10:27:57.004] [WiVRn] [info] nxwarp[0] net: 90 frames closed in 2.0 s, 0 with a hole, 0 out-of-order datagrams, 0 frames completed late, 0 queued for the worker, 1118 decoded so far, 1194 stragglers dropped; last hole 204/204 chunks, first missing -1, short false, chunk 1166 B; worker phase idle
09-11 10:27:57.004 23789 30159 I WiVRn   : [2026-09-11 10:27:57.004] [WiVRn] [info] nxwarp[0] net: 0.026 ms per datagram over 32203 datagrams (410.77 ms of every second)
09-11 10:27:57.004 23789 30159 I WiVRn   : [2026-09-11 10:27:57.004] [WiVRn] [info] nxwarp[0] sel: stride 1, arrival 24.3 ms, dropped-late 68, withheld 0, decoded 1118
09-11 10:27:57.004 23789 30159 I WiVRn   : [2026-09-11 10:27:57.004] [WiVRn] [info] nxwarp[0] rx: 395069 datagrams, placed 2874635 (+235576), late 324007 (+26993), stale_frame 0, bad_range 0, bad_dir 0, bad_caps 0, bad_ver 0, auth_fail 0, replay 0, frozen 0, dup 242
09-11 10:27:57.255 23789 30166 I WiVRn   : [2026-09-11 10:27:57.255] [WiVRn] [info] Tracking pattern (11112µs):
09-11 10:27:57.255 23789 30166 I WiVRn   : [2026-09-11 10:27:57.255] [WiVRn] [info] 	t+2955µs HEAD (8156µs)
09-11 10:27:57.255 23789 30166 I WiVRn   : [2026-09-11 10:27:57.255] [WiVRn] [info] 	t+3002µs LEFT_GRIP (8109µs)
09-11 10:27:57.255 23789 30166 I WiVRn   : [2026-09-11 10:27:57.255] [WiVRn] [info] 	t+3013µs RIGHT_GRIP (8098µs)
09-11 10:27:57.255 23789 30166 I WiVRn   : [2026-09-11 10:27:57.255] [WiVRn] [info] 	t+5955µs HEAD (5156µs)
09-11 10:27:57.255 23789 30166 I WiVRn   : [2026-09-11 10:27:57.255] [WiVRn] [info] 	t+6002µs LEFT_GRIP (5109µs)
09-11 10:27:57.255 23789 30166 I WiVRn   : [2026-09-11 10:27:57.255] [WiVRn] [info] 	t+6013µs RIGHT_GRIP (5098µs)
09-11 10:27:57.286 23789 29989 I PxrMetric: FPS=81/90,MTP=38.32ms,AppSW=off,FrmEarly=9,FrmLate=0,FrmCpu=1.09ms,FrmGpu=11.46ms,FrmTime=19.26ms,ATWGPU=3.39ms,VsyncDelay=2,GPU=41%/587Mhz,GPUTemp=82.6C,LayerCnt=1,Pkg=org.meumeu.wivrn.nx.warp,FrmId=2171
09-11 10:27:58.255 23789 30166 I WiVRn   : [2026-09-11 10:27:58.255] [WiVRn] [info] Tracking pattern (11108µs):
09-11 10:27:58.255 23789 30166 I WiVRn   : [2026-09-11 10:27:58.255] [WiVRn] [info] 	t+3331µs HEAD (7776µs)
09-11 10:27:58.255 23789 30166 I WiVRn   : [2026-09-11 10:27:58.255] [WiVRn] [info] 	t+3373µs LEFT_GRIP (7735µs)
09-11 10:27:58.255 23789 30166 I WiVRn   : [2026-09-11 10:27:58.255] [WiVRn] [info] 	t+3381µs RIGHT_GRIP (7727µs)
09-11 10:27:58.255 23789 30166 I WiVRn   : [2026-09-11 10:27:58.255] [WiVRn] [info] 	t+6331µs HEAD (4776µs)
09-11 10:27:58.255 23789 30166 I WiVRn   : [2026-09-11 10:27:58.255] [WiVRn] [info] 	t+6373µs LEFT_GRIP (4735µs)
09-11 10:27:58.255 23789 30166 I WiVRn   : [2026-09-11 10:27:58.255] [WiVRn] [info] 	t+6381µs RIGHT_GRIP (4727µs)
09-11 10:27:58.287 23789 29989 I PxrMetric: FPS=90/90,MTP=37.72ms,AppSW=off,FrmEarly=31,FrmLate=4,FrmCpu=1.01ms,FrmGpu=10.83ms,FrmTime=19.34ms,ATWGPU=4.00ms,VsyncDelay=2,GPU=99%/587Mhz,GPUTemp=82.6C,LayerCnt=1,Pkg=org.meumeu.wivrn.nx.warp,FrmId=2254
09-11 10:27:58.331 23789 30164 I WiVRn   : [2026-09-11 10:27:58.331] [WiVRn] [info] nxwarp[0]: 90 frames in 2.0 s: 283210 B/frame, wait-prev 0.0 ms, wall 19.6 ms, nxvc passA 5.3 passB 9.7 gpu 15.0 ms; holes 42, refused 0
09-11 10:27:58.331 23789 30164 I WiVRn   : [2026-09-11 10:27:58.331] [WiVRn] [info] nxwarp[0] gpu duty 672 ms/s (67% of one GPU) for decode alone; the display pass is extra
09-11 10:27:58.331 23789 30164 I WiVRn   : [2026-09-11 10:27:58.331] [WiVRn] [info] nxwarp[0] passB 9.7 ms = warp 0.0 + skip 0.0 + coded 0.0 + dir 0.0 + other 9.7; tiles skip 0 / coded 3528 / dir 0 (eye pass 0)
09-11 10:27:58.331 23789 30164 I WiVRn   : [2026-09-11 10:27:58.331] [WiVRn] [info] nxwarp[0]: 68 frames dropped late (queue kept to 1)
09-11 10:27:58.331 23789 30164 I WiVRn   : [2026-09-11 10:27:58.331] [WiVRn] [info] nxwarp[0] stage: gap 2.7 | wait-prev 0.0 | submit 1.5 (qlock 0.0 + codec 1.5) | get_free 0.0 | fence-pre 0.0 | record 0.0 | qsubmit 0.0 | fence-post 18.1 | publish 0.0 ms; withheld 0, stride 1, arrival 22.4 ms
09-11 10:27:58.331 23789 30164 I WiVRn   : [2026-09-11 10:27:58.331] [WiVRn] [info] nxwarp[0] reassembly (network thread): 0.31 ms/frame over 90 frames, buffer 277 kB held for 277 kB of unit (1.0x)
09-11 10:27:58.331 23789 30164 I WiVRn   : [2026-09-11 10:27:58.331] [WiVRn] [info] nxwarp[0] fence-post 18.1 ms = nxvc gpu 15.0 + copy gpu 0.00 + queue 3.1 (over 90 frames with timestamps)
09-11 10:27:58.332 23789 29996 I WiVRn   : [2026-09-11 10:27:58.332] [WiVRn] [info] render: 174 iterations in 2.0 s (86.7/s), 174 submitted a layer, 90 new-source, 0 skipped by the repeat gate, 0 with nothing to show; display period 11.6 ms
09-11 10:27:58.332 23789 29996 I WiVRn   : [2026-09-11 10:27:58.332] [WiVRn] [info] render: ready wait attempts 139 success 55 total 90.526 ms | selected older than available 0
09-11 10:27:58.332 23789 29996 I WiVRn   : [2026-09-11 10:27:58.332] [WiVRn] [info] render: selected source transitions forward 90 backward 0 repeat 84, greatest forward gap 1
09-11 10:27:58.332 23789 29996 I WiVRn   : [2026-09-11 10:27:58.332] [WiVRn] [info] render: this app's own GPU pass 2.9 ms per iteration
09-11 10:27:58.332 23789 29996 I WiVRn   : [2026-09-11 10:27:58.332] [WiVRn] [info] render: defoveate 2688x2688 per eye x2 = 14.45 Mpx/frame at scale 1.00 atlas-prototype 0; 84 re-presented from the cache (reduce_gpu_load on)
09-11 10:27:58.332 23789 29996 I WiVRn   : [2026-09-11 10:27:58.332] [WiVRn] [info] render: shader path sharpness 0.00 fsr false alpha false motion false blend false glow 0.00 vignette 0.00 deband 0.00 lowpoly 0.00 levels 0 full-kernel false
09-11 10:27:58.332 23789 29996 I WiVRn   : [2026-09-11 10:27:58.332] [WiVRn] [info] render: per iteration fence 2.0 (worst 12.1) | queries 0.0 | submit 0.0 | whole render() 3.1 ms
09-11 10:27:58.332 23789 29996 I WiVRn   : [2026-09-11 10:27:58.332] [WiVRn] [info] render: selection-to-defoveate CPU 0.057 ms mean (max 0.119) over 90 actual defoveate calls; not GPU/photon latency
09-11 10:27:58.332 23789 29996 I WiVRn   : [2026-09-11 10:27:58.332] [WiVRn] [info] render: jit on | wake slack 44.7 ms | slept 5.0 ms mean (max 5.0, 174 of 174 iterations) | budget 13.3 = pass 12.3 + margin 1.0 | sleep cap 5.0 ms
09-11 10:27:58.332 23789 29996 I WiVRn   : [2026-09-11 10:27:58.332] [WiVRn] [info] render: source display-time offset 80.6 ms mean (worst 102.9) over 174 frames | submit lead 36.6 ms mean (worst 27.9) | misses: 0 overrun 0 late 0 skipped refresh
09-11 10:27:58.332 23789 29996 I WiVRn   : [2026-09-11 10:27:58.332] [WiVRn] [info] render: source->first 6.8 ms | wire 9.7 | queue 1.8 | decode 19.6 | decode->selection 5.6 | selection->predicted 37.2 | sum 80.6 over 174 selected frames (0 invalid)
09-11 10:27:59.035 23789 30159 I WiVRn   : [2026-09-11 10:27:59.035] [WiVRn] [info] nxwarp[0] net: 91 frames closed in 2.0 s, 0 with a hole, 0 out-of-order datagrams, 0 frames completed late, 0 queued for the worker, 1209 decoded so far, 1294 stragglers dropped; last hole 204/204 chunks, first missing -1, short false, chunk 1166 B; worker phase idle
09-11 10:27:59.035 23789 30159 I WiVRn   : [2026-09-11 10:27:59.035] [WiVRn] [info] nxwarp[0] net: 0.026 ms per datagram over 30588 datagrams (391.35 ms of every second)
09-11 10:27:59.035 23789 30159 I WiVRn   : [2026-09-11 10:27:59.035] [WiVRn] [info] nxwarp[0] sel: stride 1, arrival 21.9 ms, dropped-late 68, withheld 0, decoded 1209
09-11 10:27:59.035 23789 30159 I WiVRn   : [2026-09-11 10:27:59.035] [WiVRn] [info] nxwarp[0] rx: 425657 datagrams, placed 3087202 (+212567), late 338460 (+14453), stale_frame 0, bad_range 0, bad_dir 0, bad_caps 0, bad_ver 0, auth_fail 0, replay 0, frozen 0, dup 264
09-11 10:27:59.255 23789 30166 I WiVRn   : [2026-09-11 10:27:59.255] [WiVRn] [info] Tracking pattern (11111µs):
09-11 10:27:59.255 23789 30166 I WiVRn   : [2026-09-11 10:27:59.255] [WiVRn] [info] 	t+3389µs HEAD (7722µs)
09-11 10:27:59.255 23789 30166 I WiVRn   : [2026-09-11 10:27:59.255] [WiVRn] [info] 	t+3427µs LEFT_GRIP (7683µs)
09-11 10:27:59.255 23789 30166 I WiVRn   : [2026-09-11 10:27:59.255] [WiVRn] [info] 	t+3462µs RIGHT_GRIP (7648µs)
09-11 10:27:59.255 23789 30166 I WiVRn   : [2026-09-11 10:27:59.255] [WiVRn] [info] 	t+6389µs HEAD (4722µs)
09-11 10:27:59.255 23789 30166 I WiVRn   : [2026-09-11 10:27:59.255] [WiVRn] [info] 	t+6427µs LEFT_GRIP (4683µs)
09-11 10:27:59.255 23789 30166 I WiVRn   : [2026-09-11 10:27:59.255] [WiVRn] [info] 	t+6462µs RIGHT_GRIP (4648µs)
09-11 10:27:59.291 23789 29989 I PxrMetric: FPS=83/90,MTP=40.19ms,AppSW=off,FrmEarly=22,FrmLate=0,FrmCpu=1.07ms,FrmGpu=9.38ms,FrmTime=16.67ms,ATWGPU=3.81ms,VsyncDelay=2,GPU=94%/587Mhz,GPUTemp=84.1C,LayerCnt=1,Pkg=org.meumeu.wivrn.nx.warp,FrmId=2344
09-11 10:28:00.255 23789 30166 I WiVRn   : [2026-09-11 10:28:00.255] [WiVRn] [info] Tracking pattern (11110µs):
09-11 10:28:00.255 23789 30166 I WiVRn   : [2026-09-11 10:28:00.255] [WiVRn] [info] 	t+3401µs HEAD (7708µs)
09-11 10:28:00.255 23789 30166 I WiVRn   : [2026-09-11 10:28:00.255] [WiVRn] [info] 	t+3442µs LEFT_GRIP (7667µs)
09-11 10:28:00.255 23789 30166 I WiVRn   : [2026-09-11 10:28:00.255] [WiVRn] [info] 	t+3451µs RIGHT_GRIP (7658µs)
09-11 10:28:00.255 23789 30166 I WiVRn   : [2026-09-11 10:28:00.255] [WiVRn] [info] 	t+6401µs HEAD (4708µs)
09-11 10:28:00.255 23789 30166 I WiVRn   : [2026-09-11 10:28:00.255] [WiVRn] [info] 	t+6442µs LEFT_GRIP (4667µs)
09-11 10:28:00.255 23789 30166 I WiVRn   : [2026-09-11 10:28:00.255] [WiVRn] [info] 	t+6451µs RIGHT_GRIP (4658µs)
09-11 10:28:00.291 23789 29989 I PxrMetric: FPS=90/90,MTP=35.66ms,AppSW=off,FrmEarly=25,FrmLate=2,FrmCpu=1.06ms,FrmGpu=10.95ms,FrmTime=18.75ms,ATWGPU=3.48ms,VsyncDelay=2,GPU=95%/587Mhz,GPUTemp=83.3C,LayerCnt=1,Pkg=org.meumeu.wivrn.nx.warp,FrmId=2432
09-11 10:28:00.338 23789 29996 I WiVRn   : [2026-09-11 10:28:00.338] [WiVRn] [info] render: 178 iterations in 2.0 s (88.5/s), 178 submitted a layer, 90 new-source, 0 skipped by the repeat gate, 0 with nothing to show; display period 11.3 ms
09-11 10:28:00.338 23789 29996 I WiVRn   : [2026-09-11 10:28:00.338] [WiVRn] [info] render: ready wait attempts 141 success 53 total 94.831 ms | selected older than available 0
09-11 10:28:00.338 23789 29996 I WiVRn   : [2026-09-11 10:28:00.338] [WiVRn] [info] render: selected source transitions forward 90 backward 0 repeat 88, greatest forward gap 1
09-11 10:28:00.338 23789 29996 I WiVRn   : [2026-09-11 10:28:00.338] [WiVRn] [info] render: this app's own GPU pass 2.8 ms per iteration
09-11 10:28:00.338 23789 29996 I WiVRn   : [2026-09-11 10:28:00.338] [WiVRn] [info] render: defoveate 2688x2688 per eye x2 = 14.45 Mpx/frame at scale 1.00 atlas-prototype 0; 88 re-presented from the cache (reduce_gpu_load on)
09-11 10:28:00.338 23789 29996 I WiVRn   : [2026-09-11 10:28:00.338] [WiVRn] [info] render: shader path sharpness 0.00 fsr false alpha false motion false blend false glow 0.00 vignette 0.00 deband 0.00 lowpoly 0.00 levels 0 full-kernel false
09-11 10:28:00.338 23789 29996 I WiVRn   : [2026-09-11 10:28:00.338] [WiVRn] [info] render: per iteration fence 1.8 (worst 13.6) | queries 0.0 | submit 0.0 | whole render() 2.9 ms
09-11 10:28:00.338 23789 29996 I WiVRn   : [2026-09-11 10:28:00.338] [WiVRn] [info] render: selection-to-defoveate CPU 0.062 ms mean (max 0.155) over 90 actual defoveate calls; not GPU/photon latency
09-11 10:28:00.338 23789 29996 I WiVRn   : [2026-09-11 10:28:00.338] [WiVRn] [info] render: jit on | wake slack 44.6 ms | slept 5.0 ms mean (max 5.0, 178 of 178 iterations) | budget 14.8 = pass 13.8 + margin 1.0 | sleep cap 5.0 ms
09-11 10:28:00.338 23789 29996 I WiVRn   : [2026-09-11 10:28:00.338] [WiVRn] [info] render: source display-time offset 79.7 ms mean (worst 91.9) over 178 frames | submit lead 36.6 ms mean (worst 27.9) | misses: 0 overrun 0 late 0 skipped refresh
09-11 10:28:00.338 23789 29996 I WiVRn   : [2026-09-11 10:28:00.338] [WiVRn] [info] render: source->first 6.9 ms | wire 9.6 | queue 1.3 | decode 19.0 | decode->selection 5.7 | selection->predicted 37.2 | sum 79.7 over 178 selected frames (0 invalid)
09-11 10:28:00.346 23789 30164 I WiVRn   : [2026-09-11 10:28:00.346] [WiVRn] [info] nxwarp[0]: 91 frames in 2.0 s: 279696 B/frame, wait-prev 0.0 ms, wall 19.1 ms, nxvc passA 5.0 passB 9.6 gpu 14.5 ms; holes 42, refused 0
09-11 10:28:00.346 23789 30164 I WiVRn   : [2026-09-11 10:28:00.346] [WiVRn] [info] nxwarp[0] gpu duty 656 ms/s (66% of one GPU) for decode alone; the display pass is extra
09-11 10:28:00.346 23789 30164 I WiVRn   : [2026-09-11 10:28:00.346] [WiVRn] [info] nxwarp[0] passB 9.6 ms = warp 0.0 + skip 0.0 + coded 0.0 + dir 0.0 + other 9.6; tiles skip 0 / coded 3528 / dir 0 (eye pass 0)
09-11 10:28:00.346 23789 30164 I WiVRn   : [2026-09-11 10:28:00.346] [WiVRn] [info] nxwarp[0]: 68 frames dropped late (queue kept to 1)
09-11 10:28:00.346 23789 30164 I WiVRn   : [2026-09-11 10:28:00.346] [WiVRn] [info] nxwarp[0] stage: gap 3.1 | wait-prev 0.0 | submit 1.5 (qlock 0.0 + codec 1.5) | get_free 0.0 | fence-pre 0.0 | record 0.0 | qsubmit 0.0 | fence-post 17.4 | publish 0.0 ms; withheld 0, stride 1, arrival 20.9 ms
09-11 10:28:00.346 23789 30164 I WiVRn   : [2026-09-11 10:28:00.346] [WiVRn] [info] nxwarp[0] reassembly (network thread): 0.31 ms/frame over 91 frames, buffer 273 kB held for 273 kB of unit (1.0x)
09-11 10:28:00.346 23789 30164 I WiVRn   : [2026-09-11 10:28:00.346] [WiVRn] [info] nxwarp[0] fence-post 17.5 ms = nxvc gpu 14.5 + copy gpu 0.00 + queue 2.9 (over 91 frames with timestamps)
