label,frame,desired_ns,start_ns,capacity_bps,late_feedback,bitrate_bps,eye0_bytes,eye0_span_ns,eye1_bytes,eye1_span_ns,serial_ns,lag_ns,estimate_bps,state,probe_entry,down_event,previous_state
rise5-late,0,0,0,500000000,0,1000000000,694444,11111104,694444,11111104,22222208,0,0,startup,0,0,startup
rise5-late,1,11111111,22222208,500000000,0,1000000000,694444,11111104,694444,11111104,22222208,11111097,0,startup,0,0,startup
rise5-late,2,22222222,44444416,500000000,0,1000000000,694444,11111104,694444,11111104,22222208,22222194,0,startup,0,0,startup
rise5-late,3,33333333,66666624,500000000,0,1000000000,694444,11111104,694444,11111104,22222208,33333291,0,startup,0,0,startup
rise5-late,4,44444444,88888832,500000000,0,1000000000,694444,11111104,694444,11111104,22222208,44444388,0,startup,0,0,startup
rise5-late,5,55555555,111111040,500000000,0,1000000000,694444,11111104,694444,11111104,22222208,55555485,0,startup,0,0,startup
rise5-late,6,66666666,133333248,500000000,0,1000000000,694444,11111104,694444,11111104,22222208,66666582,0,startup,0,0,startup
rise5-late,7,77777777,155555456,500000000,0,1000000000,694444,11111104,694444,11111104,22222208,77777679,0,startup,0,0,startup
rise5-late,8,88888888,177777664,500000000,0,1000000000,694444,11111104,694444,11111104,22222208,88888776,0,startup,0,0,startup
rise5-late,9,99999999,199999872,500000000,0,1000000000,694444,11111104,694444,11111104,22222208,99999873,0,startup,0,0,startup
rise5-late,10,111111110,222222080,500000000,0,1000000000,694444,11111104,694444,11111104,22222208,111110970,0,startup,0,0,startup
rise5-late,11,122222221,244444288,500000000,0,1000000000,694444,11111104,694444,11111104,22222208,122222067,0,startup,0,0,startup
rise5-late,12,133333332,266666496,500000000,0,1000000000,694444,11111104,694444,11111104,22222208,133333164,0,startup,0,0,startup
rise5-late,13,144444443,288888704,500000000,0,1000000000,694444,11111104,694444,11111104,22222208,144444261,0,startup,0,0,startup
rise5-late,14,155555554,311110912,500000000,0,1000000000,694444,11111104,694444,11111104,22222208,155555358,0,startup,0,0,startup
rise5-late,15,166666665,333333120,500000000,0,1000000000,694444,11111104,694444,11111104,22222208,166666455,0,startup,0,0,startup
rise5-late,16,177777776,355555328,500000000,0,1000000000,694444,11111104,694444,11111104,22222208,177777552,0,startup,0,0,startup
rise5-late,17,188888887,377777536,500000000,0,1000000000,694444,11111104,694444,11111104,22222208,188888649,0,startup,0,0,startup
rise5-late,18,199999998,399999744,500000000,0,1000000000,694444,11111104,694444,11111104,22222208,199999746,0,startup,0,0,startup
rise5-late,19,211111109,422221952,500000000,0,1000000000,694444,11111104,694444,11111104,22222208,211110843,0,startup,0,0,startup
rise5-late,20,222222220,444444160,500000000,0,1000000000,694444,11111104,694444,11111104,22222208,222221940,0,startup,0,0,startup
rise5-late,21,233333331,466666368,500000000,0,1000000000,694444,11111104,694444,11111104,22222208,233333037,0,startup,0,0,startup
rise5-late,22,244444442,488888576,500000000,0,1000000000,694444,11111104,694444,11111104,22222208,244444134,0,startup,0,0,startup
rise5-late,23,255555553,511110784,500000000,0,1000000000,694444,11111104,694444,11111104,22222208,255555231,0,startup,0,0,startup
rise5-late,24,266666664,533332992,500000000,0,1000000000,694444,11111104,694444,11111104,22222208,266666328,0,startup,0,0,startup
rise5-late,25,277777775,555555200,500000000,0,1000000000,694444,11111104,694444,11111104,22222208,277777425,0,startup,0,0,startup
rise5-late,26,288888886,577777408,500000000,0,1000000000,694444,11111104,694444,11111104,22222208,288888522,0,startup,0,0,startup
rise5-late,27,299999997,599999616,500000000,0,1000000000,694444,11111104,694444,11111104,22222208,299999619,500000000,startup,0,0,startup
rise5-late,28,311111108,622221824,500000000,0,1000000000,694444,11111104,694444,11111104,22222208,311110716,500000000,startup,0,0,startup
rise5-late,29,322222219,644444032,500000000,0,1000000000,694444,11111104,694444,11111104,22222208,322221813,500000000,startup,0,0,startup
rise5-late,30,333333330,666666240,500000000,0,1000000000,694444,11111104,694444,11111104,22222208,333332910,500000000,startup,0,0,startup
rise5-late,31,344444441,688888448,500000000,0,1000000000,694444,11111104,694444,11111104,22222208,344444007,500000000,startup,0,0,startup
rise5-late,32,355555552,711110656,500000000,0,1000000000,694444,11111104,694444,11111104,22222208,355555104,500000000,startup,0,0,startup
rise5-late,33,366666663,733332864,500000000,0,1000000000,694444,11111104,694444,11111104,22222208,366666201,500000000,startup,0,0,startup
rise5-late,34,377777774,755555072,500000000,0,1000000000,694444,11111104,694444,11111104,22222208,377777298,500000000,startup,0,0,startup
rise5-late,35,388888885,777777280,500000000,0,1000000000,694444,11111104,694444,11111104,22222208,388888395,500000000,startup,0,0,startup
rise5-late,36,399999996,799999488,500000000,0,1000000000,694444,11111104,694444,11111104,22222208,399999492,500000000,startup,0,1,startup
rise5-late,37,411111107,822221696,500000000,0,625000000,434027,6944432,434028,6944448,13888880,411110589,500000000,startup,0,0,startup
rise5-late,38,422222218,836110576,500000000,0,625000000,434027,6944432,434028,6944448,13888880,413888358,500000000,startup,0,0,startup
rise5-late,39,433333329,849999456,500000000,0,625000000,434027,6944432,434028,6944448,13888880,416666127,500000000,startup,0,0,startup
rise5-late,40,444444440,863888336,500000000,0,625000000,434027,6944432,434028,6944448,13888880,419443896,500000000,startup,0,0,startup
rise5-late,41,455555551,877777216,500000000,0,625000000,434027,6944432,434028,6944448,13888880,422221665,500000000,startup,0,0,startup
rise5-late,42,466666662,891666096,500000000,0,625000000,434027,6944432,434028,6944448,13888880,424999434,500000000,startup,0,0,startup
rise5-late,43,477777773,905554976,500000000,0,625000000,434027,6944432,434028,6944448,13888880,427777203,500000000,startup,0,0,startup
rise5-late,44,488888884,919443856,500000000,0,625000000,434027,6944432,434028,6944448,13888880,430554972,500000000,startup,0,0,startup
rise5-late,45,499999995,933332736,500000000,0,625000000,434027,6944432,434028,6944448,13888880,433332741,500000000,startup,0,0,startup
rise5-late,46,511111106,947221616,500000000,0,625000000,434027,6944432,434028,6944448,13888880,436110510,500000000,startup,0,0,startup
rise5-late,47,522222217,961110496,500000000,0,625000000,434027,6944432,434028,6944448,13888880,438888279,500000000,startup,0,0,startup
rise5-late,48,533333328,974999376,500000000,0,625000000,434027,6944432,434028,6944448,13888880,441666048,500000000,startup,0,0,startup
rise5-late,49,544444439,988888256,500000000,0,625000000,434027,6944432,434028,6944448,13888880,444443817,500000000,startup,0,0,startup
rise5-late,50,555555550,1002777136,500000000,0,625000000,434027,6944432,434028,6944448,13888880,447221586,500000000,startup,0,0,startup
rise5-late,51,566666661,1016666016,500000000,0,625000000,434027,6944432,434028,6944448,13888880,449999355,500000000,startup,0,0,startup
rise5-late,52,577777772,1030554896,500000000,0,625000000,434027,6944432,434028,6944448,13888880,452777124,500000000,startup,0,0,startup
rise5-late,53,588888883,1044443776,500000000,0,625000000,434027,6944432,434028,6944448,13888880,455554893,500000000,startup,0,0,startup
rise5-late,54,599999994,1058332656,500000000,0,625000000,434027,6944432,434028,6944448,13888880,458332662,500000000,startup,0,0,startup
rise5-late,55,611111105,1072221536,500000000,0,625000000,434027,6944432,434028,6944448,13888880,461110431,500000000,startup,0,0,startup
rise5-late,56,622222216,1086110416,500000000,0,625000000,434027,6944432,434028,6944448,13888880,463888200,500000000,startup,0,0,startup
rise5-late,57,633333327,1099999296,500000000,0,625000000,434027,6944432,434028,6944448,13888880,466665969,500000000,startup,0,0,startup
rise5-late,58,644444438,1113888176,500000000,0,625000000,434027,6944432,434028,6944448,13888880,469443738,500000000,startup,0,0,startup
rise5-late,59,655555549,1127777056,500000000,0,625000000,434027,6944432,434028,6944448,13888880,472221507,500000000,startup,0,0,startup
rise5-late,60,666666660,1141665936,500000000,0,625000000,434027,6944432,434028,6944448,13888880,474999276,500000000,startup,0,0,startup
rise5-late,61,677777771,1155554816,500000000,0,625000000,434027,6944432,434028,6944448,13888880,477777045,500000000,startup,0,0,startup
rise5-late,62,688888882,1169443696,500000000,0,625000000,434027,6944432,434028,6944448,13888880,480554814,500000000,startup,0,0,startup
rise5-late,63,699999993,1183332576,500000000,0,625000000,434027,6944432,434028,6944448,13888880,483332583,500000000,startup,0,0,startup
rise5-late,64,711111104,1197221456,500000000,0,625000000,434027,6944432,434028,6944448,13888880,486110352,500000000,startup,0,0,startup
rise5-late,65,722222215,1211110336,500000000,0,625000000,434027,6944432,434028,6944448,13888880,488888121,500000000,startup,0,0,startup
rise5-late,66,733333326,1224999216,500000000,0,625000000,434027,6944432,434028,6944448,13888880,491665890,500000000,startup,0,0,startup
rise5-late,67,744444437,1238888096,500000000,0,625000000,434027,6944432,434028,6944448,13888880,494443659,500000000,startup,0,0,startup
rise5-late,68,755555548,1252776976,500000000,0,625000000,434027,6944432,434028,6944448,13888880,497221428,500000000,startup,0,0,startup
rise5-late,69,766666659,1266665856,500000000,0,625000000,434027,6944432,434028,6944448,13888880,499999197,500000000,startup,0,0,startup
rise5-late,70,777777770,1280554736,500000000,0,625000000,434027,6944432,434028,6944448,13888880,502776966,500000000,startup,0,0,startup
rise5-late,71,788888881,1294443616,500000000,0,625000000,434027,6944432,434028,6944448,13888880,505554735,500000000,startup,0,0,startup
rise5-late,72,799999992,1308332496,500000000,0,625000000,434027,6944432,434028,6944448,13888880,508332504,500000000,startup,0,0,startup
rise5-late,73,811111103,1322221376,500000000,0,625000000,434027,6944432,434028,6944448,13888880,511110273,500000000,startup,0,0,startup
rise5-late,74,822222214,1336110256,500000000,0,625000000,434027,6944432,434028,6944448,13888880,513888042,500000000,startup,0,0,startup
rise5-late,75,833333325,1349999136,500000000,0,625000000,434027,6944432,434028,6944448,13888880,516665811,500000000,startup,0,0,startup
rise5-late,76,844444436,1363888016,500000000,0,625000000,434027,6944432,434028,6944448,13888880,519443580,500000000,startup,0,0,startup
rise5-late,77,855555547,1377776896,500000000,0,625000000,434027,6944432,434028,6944448,13888880,522221349,500000000,startup,0,0,startup
rise5-late,78,866666658,1391665776,500000000,0,625000000,434027,6944432,434028,6944448,13888880,524999118,500000000,startup,0,0,startup
rise5-late,79,877777769,1405554656,500000000,0,625000000,434027,6944432,434028,6944448,13888880,527776887,500000000,startup,0,0,startup
rise5-late,80,888888880,1419443536,500000000,0,625000000,434027,6944432,434028,6944448,13888880,530554656,500000000,startup,0,0,startup
rise5-late,81,899999991,1433332416,500000000,0,625000000,434027,6944432,434028,6944448,13888880,533332425,500000000,startup,0,0,startup
rise5-late,82,911111102,1447221296,500000000,0,625000000,434027,6944432,434028,6944448,13888880,536110194,500000000,startup,0,0,startup
rise5-late,83,922222213,1461110176,500000000,0,625000000,434027,6944432,434028,6944448,13888880,538887963,500000000,startup,0,0,startup
rise5-late,84,933333324,1474999056,500000000,0,625000000,434027,6944432,434028,6944448,13888880,541665732,500000000,startup,0,0,startup
rise5-late,85,944444435,1488887936,500000000,0,625000000,434027,6944432,434028,6944448,13888880,544443501,500000000,startup,0,0,startup
rise5-late,86,955555546,1502776816,500000000,0,625000000,434027,6944432,434028,6944448,13888880,547221270,500000000,startup,0,0,startup
rise5-late,87,966666657,1516665696,500000000,0,625000000,434027,6944432,434028,6944448,13888880,549999039,500000000,startup,0,0,startup
rise5-late,88,977777768,1530554576,500000000,0,625000000,434027,6944432,434028,6944448,13888880,552776808,500000000,startup,0,0,startup
rise5-late,89,988888879,1544443456,500000000,0,625000000,434027,6944432,434028,6944448,13888880,555554577,500000000,startup,0,0,startup
rise5-late,90,999999990,1558332336,500000000,0,625000000,434027,6944432,434028,6944448,13888880,558332346,500000000,startup,0,0,startup
rise5-late,91,1011111101,1572221216,500000000,0,625000000,434027,6944432,434028,6944448,13888880,561110115,500000000,startup,0,0,startup
rise5-late,92,1022222212,1586110096,500000000,0,625000000,434027,6944432,434028,6944448,13888880,563887884,500000000,startup,0,0,startup
rise5-late,93,1033333323,1599998976,500000000,0,625000000,434027,6944432,434028,6944448,13888880,566665653,500000000,startup,0,0,startup
rise5-late,94,1044444434,1613887856,500000000,0,625000000,434027,6944432,434028,6944448,13888880,569443422,500000000,startup,0,0,startup
rise5-late,95,1055555545,1627776736,500000000,0,625000000,434027,6944432,434028,6944448,13888880,572221191,500000000,startup,0,0,startup
rise5-late,96,1066666656,1641665616,500000000,0,625000000,434027,6944432,434028,6944448,13888880,574998960,500000000,startup,0,0,startup
rise5-late,97,1077777767,1655554496,500000000,0,625000000,434027,6944432,434028,6944448,13888880,577776729,500000000,startup,0,0,startup
rise5-late,98,1088888878,1669443376,500000000,0,625000000,434027,6944432,434028,6944448,13888880,580554498,500000000,startup,0,0,startup
rise5-late,99,1099999989,1683332256,500000000,0,625000000,434027,6944432,434028,6944448,13888880,583332267,500000000,startup,0,0,startup
rise5-late,100,1111111100,1697221136,500000000,0,625000000,434027,6944432,434028,6944448,13888880,586110036,500000000,startup,0,0,startup
rise5-late,101,1122222211,1711110016,500000000,0,625000000,434027,6944432,434028,6944448,13888880,588887805,500000000,startup,0,0,startup
rise5-late,102,1133333322,1724998896,500000000,0,625000000,434027,6944432,434028,6944448,13888880,591665574,500000000,startup,0,0,startup
rise5-late,103,1144444433,1738887776,500000000,0,625000000,434027,6944432,434028,6944448,13888880,594443343,500000000,startup,0,0,startup
rise5-late,104,1155555544,1752776656,500000000,0,625000000,434027,6944432,434028,6944448,13888880,597221112,500000000,startup,0,0,startup
rise5-late,105,1166666655,1766665536,500000000,0,625000000,434027,6944432,434028,6944448,13888880,599998881,500000000,startup,0,0,startup
rise5-late,106,1177777766,1780554416,500000000,0,625000000,434027,6944432,434028,6944448,13888880,602776650,500000000,startup,0,0,startup
rise5-late,107,1188888877,1794443296,500000000,0,625000000,434027,6944432,434028,6944448,13888880,605554419,500000000,startup,0,0,startup
rise5-late,108,1199999988,1808332176,500000000,0,625000000,434027,6944432,434028,6944448,13888880,608332188,500000000,startup,0,0,startup
rise5-late,109,1211111099,1822221056,500000000,0,625000000,434027,6944432,434028,6944448,13888880,611109957,500000000,startup,0,0,startup
rise5-late,110,1222222210,1836109936,500000000,0,625000000,434027,6944432,434028,6944448,13888880,613887726,500000000,startup,0,0,startup
rise5-late,111,1233333321,1849998816,500000000,0,625000000,434027,6944432,434028,6944448,13888880,616665495,500000000,startup,0,0,startup
rise5-late,112,1244444432,1863887696,500000000,0,625000000,434027,6944432,434028,6944448,13888880,619443264,500000000,startup,0,0,startup
rise5-late,113,1255555543,1877776576,500000000,0,625000000,434027,6944432,434028,6944448,13888880,622221033,500000000,startup,0,0,startup
rise5-late,114,1266666654,1891665456,500000000,0,625000000,434027,6944432,434028,6944448,13888880,624998802,500000000,startup,0,0,startup
rise5-late,115,1277777765,1905554336,500000000,0,625000000,434027,6944432,434028,6944448,13888880,627776571,500000000,startup,0,0,startup
rise5-late,116,1288888876,1919443216,500000000,0,625000000,434027,6944432,434028,6944448,13888880,630554340,500000000,startup,0,0,startup
rise5-late,117,1299999987,1933332096,500000000,0,625000000,434027,6944432,434028,6944448,13888880,633332109,500000000,startup,0,0,startup
rise5-late,118,1311111098,1947220976,500000000,0,625000000,434027,6944432,434028,6944448,13888880,636109878,500000000,startup,0,0,startup
rise5-late,119,1322222209,1961109856,500000000,0,625000000,434027,6944432,434028,6944448,13888880,638887647,500000000,startup,0,0,startup
rise5-late,120,1333333320,1974998736,500000000,0,625000000,434027,6944432,434028,6944448,13888880,641665416,500000000,startup,0,0,startup
rise5-late,121,1344444431,1988887616,500000000,0,625000000,434027,6944432,434028,6944448,13888880,644443185,500000000,startup,0,0,startup
rise5-late,122,1355555542,2002776496,500000000,0,625000000,434027,6944432,434028,6944448,13888880,647220954,500000000,startup,0,0,startup
rise5-late,123,1366666653,2016665376,500000000,0,625000000,434027,6944432,434028,6944448,13888880,649998723,500000000,startup,0,0,startup
rise5-late,124,1377777764,2030554256,500000000,0,625000000,434027,6944432,434028,6944448,13888880,652776492,500000000,startup,0,0,startup
rise5-late,125,1388888875,2044443136,500000000,0,625000000,434027,6944432,434028,6944448,13888880,655554261,500000000,startup,0,0,startup
rise5-late,126,1399999986,2058332016,500000000,0,625000000,434027,6944432,434028,6944448,13888880,658332030,500000000,startup,0,0,startup
rise5-late,127,1411111097,2072220896,500000000,0,625000000,434027,6944432,434028,6944448,13888880,661109799,500000000,startup,0,0,startup
rise5-late,128,1422222208,2086109776,500000000,0,625000000,434027,6944432,434028,6944448,13888880,663887568,500000000,startup,0,0,startup
rise5-late,129,1433333319,2099998656,500000000,0,625000000,434027,6944432,434028,6944448,13888880,666665337,500000000,startup,0,0,startup
rise5-late,130,1444444430,2113887536,500000000,0,625000000,434027,6944432,434028,6944448,13888880,669443106,500000000,startup,0,0,startup
rise5-late,131,1455555541,2127776416,500000000,0,625000000,434027,6944432,434028,6944448,13888880,672220875,500000000,startup,0,0,startup
rise5-late,132,1466666652,2141665296,500000000,0,625000000,434027,6944432,434028,6944448,13888880,674998644,500000000,startup,0,0,startup
rise5-late,133,1477777763,2155554176,500000000,0,625000000,434027,6944432,434028,6944448,13888880,677776413,500000000,startup,0,0,startup
rise5-late,134,1488888874,2169443056,500000000,0,625000000,434027,6944432,434028,6944448,13888880,680554182,500000000,startup,0,0,startup
rise5-late,135,1499999985,2183331936,500000000,0,625000000,434027,6944432,434028,6944448,13888880,683331951,500000000,startup,0,0,startup
rise5-late,136,1511111096,2197220816,500000000,0,625000000,434027,6944432,434028,6944448,13888880,686109720,500000000,startup,0,0,startup
rise5-late,137,1522222207,2211109696,500000000,0,625000000,434027,6944432,434028,6944448,13888880,688887489,500000000,startup,0,0,startup
rise5-late,138,1533333318,2224998576,500000000,0,625000000,434027,6944432,434028,6944448,13888880,691665258,500000000,startup,0,0,startup
rise5-late,139,1544444429,2238887456,500000000,0,625000000,434027,6944432,434028,6944448,13888880,694443027,500000000,startup,0,0,startup
rise5-late,140,1555555540,2252776336,500000000,0,625000000,434027,6944432,434028,6944448,13888880,697220796,500000000,startup,0,0,startup
rise5-late,141,1566666651,2266665216,500000000,0,625000000,434027,6944432,434028,6944448,13888880,699998565,500000000,startup,0,0,startup
rise5-late,142,1577777762,2280554096,500000000,0,625000000,434027,6944432,434028,6944448,13888880,702776334,500000000,startup,0,0,startup
rise5-late,143,1588888873,2294442976,500000000,0,625000000,434027,6944432,434028,6944448,13888880,705554103,500000000,startup,0,0,startup
rise5-late,144,1599999984,2308331856,500000000,0,625000000,434027,6944432,434028,6944448,13888880,708331872,500000000,startup,0,0,startup
rise5-late,145,1611111095,2322220736,500000000,0,625000000,434027,6944432,434028,6944448,13888880,711109641,500000000,startup,0,0,startup
rise5-late,146,1622222206,2336109616,500000000,0,625000000,434027,6944432,434028,6944448,13888880,713887410,500000000,startup,0,0,startup
rise5-late,147,1633333317,2349998496,500000000,0,625000000,434027,6944432,434028,6944448,13888880,716665179,500000000,startup,0,0,startup
rise5-late,148,1644444428,2363887376,500000000,0,625000000,434027,6944432,434028,6944448,13888880,719442948,500000000,startup,0,0,startup
rise5-late,149,1655555539,2377776256,500000000,0,625000000,434027,6944432,434028,6944448,13888880,722220717,500000000,startup,0,0,startup
rise5-late,150,1666666650,2391665136,500000000,0,625000000,434027,6944432,434028,6944448,13888880,724998486,500000000,steady,0,0,startup
rise5-late,151,1677777761,2405554016,500000000,0,625000000,434027,6944432,434028,6944448,13888880,727776255,500000000,steady,0,0,steady
rise5-late,152,1688888872,2419442896,500000000,0,625000000,434027,6944432,434028,6944448,13888880,730554024,500000000,steady,0,0,steady
rise5-late,153,1699999983,2433331776,500000000,0,625000000,434027,6944432,434028,6944448,13888880,733331793,500000000,steady,0,0,steady
rise5-late,154,1711111094,2447220656,500000000,0,625000000,434027,6944432,434028,6944448,13888880,736109562,500000000,steady,0,0,steady
rise5-late,155,1722222205,2461109536,500000000,0,625000000,434027,6944432,434028,6944448,13888880,738887331,500000000,steady,0,0,steady
rise5-late,156,1733333316,2474998416,500000000,0,625000000,434027,6944432,434028,6944448,13888880,741665100,500000000,steady,0,0,steady
rise5-late,157,1744444427,2488887296,500000000,0,625000000,434027,6944432,434028,6944448,13888880,744442869,500000000,steady,0,0,steady
rise5-late,158,1755555538,2502776176,500000000,0,625000000,434027,6944432,434028,6944448,13888880,747220638,500000000,steady,0,0,steady
rise5-late,159,1766666649,2516665056,500000000,0,625000000,434027,6944432,434028,6944448,13888880,749998407,500000000,steady,0,0,steady
rise5-late,160,1777777760,2530553936,500000000,0,625000000,434027,6944432,434028,6944448,13888880,752776176,500000000,steady,0,0,steady
rise5-late,161,1788888871,2544442816,500000000,0,625000000,434027,6944432,434028,6944448,13888880,755553945,500000000,steady,0,0,steady
rise5-late,162,1799999982,2558331696,500000000,0,625000000,434027,6944432,434028,6944448,13888880,758331714,500000000,steady,0,0,steady
rise5-late,163,1811111093,2572220576,500000000,0,625000000,434027,6944432,434028,6944448,13888880,761109483,500000000,steady,0,0,steady
rise5-late,164,1822222204,2586109456,500000000,0,625000000,434027,6944432,434028,6944448,13888880,763887252,500000000,steady,0,0,steady
rise5-late,165,1833333315,2599998336,500000000,0,625000000,434027,6944432,434028,6944448,13888880,766665021,500000000,steady,0,0,steady
rise5-late,166,1844444426,2613887216,500000000,0,625000000,434027,6944432,434028,6944448,13888880,769442790,500000000,steady,0,0,steady
rise5-late,167,1855555537,2627776096,500000000,0,625000000,434027,6944432,434028,6944448,13888880,772220559,500000000,steady,0,0,steady
rise5-late,168,1866666648,2641664976,500000000,0,625000000,434027,6944432,434028,6944448,13888880,774998328,500000000,steady,0,0,steady
rise5-late,169,1877777759,2655553856,500000000,0,625000000,434027,6944432,434028,6944448,13888880,777776097,500000000,steady,0,0,steady
rise5-late,170,1888888870,2669442736,500000000,0,625000000,434027,6944432,434028,6944448,13888880,780553866,500000000,steady,0,0,steady
rise5-late,171,1899999981,2683331616,500000000,0,625000000,434027,6944432,434028,6944448,13888880,783331635,500000000,steady,0,0,steady
rise5-late,172,1911111092,2697220496,500000000,0,625000000,434027,6944432,434028,6944448,13888880,786109404,500000000,steady,0,0,steady
rise5-late,173,1922222203,2711109376,500000000,0,625000000,434027,6944432,434028,6944448,13888880,788887173,500000000,steady,0,0,steady
rise5-late,174,1933333314,2724998256,500000000,0,625000000,434027,6944432,434028,6944448,13888880,791664942,500000000,steady,0,0,steady
rise5-late,175,1944444425,2738887136,500000000,0,625000000,434027,6944432,434028,6944448,13888880,794442711,500000000,steady,0,0,steady
rise5-late,176,1955555536,2752776016,500000000,0,625000000,434027,6944432,434028,6944448,13888880,797220480,500000000,steady,0,0,steady
rise5-late,177,1966666647,2766664896,500000000,0,625000000,434027,6944432,434028,6944448,13888880,799998249,500000000,steady,0,0,steady
rise5-late,178,1977777758,2780553776,500000000,0,625000000,434027,6944432,434028,6944448,13888880,802776018,500000000,steady,0,0,steady
rise5-late,179,1988888869,2794442656,500000000,0,625000000,434027,6944432,434028,6944448,13888880,805553787,500000000,steady,0,0,steady
rise5-late,180,1999999980,2808331536,500000000,0,625000000,434027,6944432,434028,6944448,13888880,808331556,500000000,steady,0,0,steady
rise5-late,181,2011111091,2822220416,500000000,0,625000000,434027,6944432,434028,6944448,13888880,811109325,500000000,steady,0,0,steady
rise5-late,182,2022222202,2836109296,500000000,0,625000000,434027,6944432,434028,6944448,13888880,813887094,500000000,steady,0,0,steady
rise5-late,183,2033333313,2849998176,500000000,0,625000000,434027,6944432,434028,6944448,13888880,816664863,500000000,steady,0,0,steady
rise5-late,184,2044444424,2863887056,500000000,0,625000000,434027,6944432,434028,6944448,13888880,819442632,500000000,steady,0,0,steady
rise5-late,185,2055555535,2877775936,500000000,0,625000000,434027,6944432,434028,6944448,13888880,822220401,500000000,steady,0,0,steady
rise5-late,186,2066666646,2891664816,500000000,0,625000000,434027,6944432,434028,6944448,13888880,824998170,500000000,steady,0,0,steady
rise5-late,187,2077777757,2905553696,500000000,0,625000000,434027,6944432,434028,6944448,13888880,827775939,500000000,steady,0,0,steady
rise5-late,188,2088888868,2919442576,500000000,0,625000000,434027,6944432,434028,6944448,13888880,830553708,500000000,steady,0,0,steady
rise5-late,189,2099999979,2933331456,500000000,0,625000000,434027,6944432,434028,6944448,13888880,833331477,500000000,steady,0,0,steady
rise5-late,190,2111111090,2947220336,500000000,0,625000000,434027,6944432,434028,6944448,13888880,836109246,500000000,steady,0,0,steady
rise5-late,191,2122222201,2961109216,500000000,0,625000000,434027,6944432,434028,6944448,13888880,838887015,500000000,steady,0,0,steady
rise5-late,192,2133333312,2974998096,500000000,0,625000000,434027,6944432,434028,6944448,13888880,841664784,500000000,steady,0,0,steady
rise5-late,193,2144444423,2988886976,500000000,0,625000000,434027,6944432,434028,6944448,13888880,844442553,500000000,steady,0,0,steady
rise5-late,194,2155555534,3002775856,500000000,0,625000000,434027,6944432,434028,6944448,13888880,847220322,500000000,steady,0,0,steady
rise5-late,195,2166666645,3016664736,500000000,0,625000000,434027,6944432,434028,6944448,13888880,849998091,500000000,steady,0,0,steady
rise5-late,196,2177777756,3030553616,500000000,0,625000000,434027,6944432,434028,6944448,13888880,852775860,500000000,steady,0,0,steady
rise5-late,197,2188888867,3044442496,500000000,0,625000000,434027,6944432,434028,6944448,13888880,855553629,500000000,steady,0,0,steady
rise5-late,198,2199999978,3058331376,500000000,0,625000000,434027,6944432,434028,6944448,13888880,858331398,500000000,steady,0,0,steady
rise5-late,199,2211111089,3072220256,500000000,0,625000000,434027,6944432,434028,6944448,13888880,861109167,500000000,steady,0,0,steady
rise5-late,200,2222222200,3086109136,500000000,0,625000000,434027,6944432,434028,6944448,13888880,863886936,500000000,steady,0,0,steady
rise5-late,201,2233333311,3099998016,500000000,0,625000000,434027,6944432,434028,6944448,13888880,866664705,500000000,steady,0,0,steady
rise5-late,202,2244444422,3113886896,500000000,0,625000000,434027,6944432,434028,6944448,13888880,869442474,500000000,steady,0,0,steady
rise5-late,203,2255555533,3127775776,500000000,0,625000000,434027,6944432,434028,6944448,13888880,872220243,500000000,steady,0,0,steady
rise5-late,204,2266666644,3141664656,500000000,0,625000000,434027,6944432,434028,6944448,13888880,874998012,500000000,steady,0,0,steady
rise5-late,205,2277777755,3155553536,500000000,0,625000000,434027,6944432,434028,6944448,13888880,877775781,500000000,steady,0,0,steady
rise5-late,206,2288888866,3169442416,500000000,0,625000000,434027,6944432,434028,6944448,13888880,880553550,500000000,steady,0,0,steady
rise5-late,207,2299999977,3183331296,500000000,0,625000000,434027,6944432,434028,6944448,13888880,883331319,500000000,steady,0,1,steady
rise5-late,208,2311111088,3197220176,500000000,0,425000000,295138,4722208,295139,4722224,9444432,886109088,500000000,steady,0,0,steady
rise5-late,209,2322222199,3206664608,500000000,0,425000000,295138,4722208,295139,4722224,9444432,884442409,500000000,steady,0,0,steady
rise5-late,210,2333333310,3216109040,500000000,0,425000000,295138,4722208,295139,4722224,9444432,882775730,500000000,steady,0,0,steady
rise5-late,211,2344444421,3225553472,500000000,0,425000000,295138,4722208,295139,4722224,9444432,881109051,500000000,steady,0,0,steady
rise5-late,212,2355555532,3234997904,500000000,0,425000000,295138,4722208,295139,4722224,9444432,879442372,500000000,steady,0,0,steady
rise5-late,213,2366666643,3244442336,500000000,0,425000000,295138,4722208,295139,4722224,9444432,877775693,500000000,steady,0,0,steady
rise5-late,214,2377777754,3253886768,500000000,0,425000000,295138,4722208,295139,4722224,9444432,876109014,500000000,steady,0,0,steady
rise5-late,215,2388888865,3263331200,500000000,0,425000000,295138,4722208,295139,4722224,9444432,874442335,500000000,steady,0,0,steady
rise5-late,216,2399999976,3272775632,500000000,0,425000000,295138,4722208,295139,4722224,9444432,872775656,500000000,steady,0,0,steady
rise5-late,217,2411111087,3282220064,500000000,0,425000000,295138,4722208,295139,4722224,9444432,871108977,500000000,steady,0,0,steady
rise5-late,218,2422222198,3291664496,500000000,0,425000000,295138,4722208,295139,4722224,9444432,869442298,500000000,steady,0,0,steady
rise5-late,219,2433333309,3301108928,500000000,0,425000000,295138,4722208,295139,4722224,9444432,867775619,500000000,steady,0,0,steady
rise5-late,220,2444444420,3310553360,500000000,0,425000000,295138,4722208,295139,4722224,9444432,866108940,500000000,steady,0,0,steady
rise5-late,221,2455555531,3319997792,500000000,0,425000000,295138,4722208,295139,4722224,9444432,864442261,500000000,steady,0,0,steady
rise5-late,222,2466666642,3329442224,500000000,0,425000000,295138,4722208,295139,4722224,9444432,862775582,500000000,steady,0,0,steady
rise5-late,223,2477777753,3338886656,500000000,0,425000000,295138,4722208,295139,4722224,9444432,861108903,500000000,steady,0,0,steady
rise5-late,224,2488888864,3348331088,500000000,0,425000000,295138,4722208,295139,4722224,9444432,859442224,500000000,steady,0,0,steady
rise5-late,225,2499999975,3357775520,500000000,0,425000000,295138,4722208,295139,4722224,9444432,857775545,500000000,steady,0,0,steady
rise5-late,226,2511111086,3367219952,500000000,0,425000000,295138,4722208,295139,4722224,9444432,856108866,500000000,steady,0,0,steady
rise5-late,227,2522222197,3376664384,500000000,0,425000000,295138,4722208,295139,4722224,9444432,854442187,500000000,steady,0,0,steady
rise5-late,228,2533333308,3386108816,500000000,0,425000000,295138,4722208,295139,4722224,9444432,852775508,500000000,steady,0,0,steady
rise5-late,229,2544444419,3395553248,500000000,0,425000000,295138,4722208,295139,4722224,9444432,851108829,500000000,steady,0,0,steady
rise5-late,230,2555555530,3404997680,500000000,0,425000000,295138,4722208,295139,4722224,9444432,849442150,500000000,steady,0,0,steady
rise5-late,231,2566666641,3414442112,500000000,0,425000000,295138,4722208,295139,4722224,9444432,847775471,500000000,steady,0,0,steady
rise5-late,232,2577777752,3423886544,500000000,0,425000000,295138,4722208,295139,4722224,9444432,846108792,500000000,steady,0,0,steady
rise5-late,233,2588888863,3433330976,500000000,0,425000000,295138,4722208,295139,4722224,9444432,844442113,500000000,steady,0,0,steady
rise5-late,234,2599999974,3442775408,500000000,0,425000000,295138,4722208,295139,4722224,9444432,842775434,500000000,steady,0,0,steady
rise5-late,235,2611111085,3452219840,500000000,0,425000000,295138,4722208,295139,4722224,9444432,841108755,500000000,steady,0,0,steady
rise5-late,236,2622222196,3461664272,500000000,0,425000000,295138,4722208,295139,4722224,9444432,839442076,500000000,steady,0,0,steady
rise5-late,237,2633333307,3471108704,500000000,0,425000000,295138,4722208,295139,4722224,9444432,837775397,500000000,steady,0,0,steady
rise5-late,238,2644444418,3480553136,500000000,0,425000000,295138,4722208,295139,4722224,9444432,836108718,500000000,steady,0,0,steady
rise5-late,239,2655555529,3489997568,500000000,0,425000000,295138,4722208,295139,4722224,9444432,834442039,500000000,steady,0,0,steady
rise5-late,240,2666666640,3499442000,500000000,0,425000000,295138,4722208,295139,4722224,9444432,832775360,500000000,steady,0,0,steady
rise5-late,241,2677777751,3508886432,500000000,0,425000000,295138,4722208,295139,4722224,9444432,831108681,500000000,steady,0,0,steady
rise5-late,242,2688888862,3518330864,500000000,0,425000000,295138,4722208,295139,4722224,9444432,829442002,500000000,steady,0,0,steady
rise5-late,243,2699999973,3527775296,500000000,0,425000000,295138,4722208,295139,4722224,9444432,827775323,500000000,steady,0,0,steady
rise5-late,244,2711111084,3537219728,500000000,0,425000000,295138,4722208,295139,4722224,9444432,826108644,500000000,steady,0,0,steady
rise5-late,245,2722222195,3546664160,500000000,0,425000000,295138,4722208,295139,4722224,9444432,824441965,500000000,steady,0,0,steady
rise5-late,246,2733333306,3556108592,500000000,0,425000000,295138,4722208,295139,4722224,9444432,822775286,500000000,steady,0,0,steady
rise5-late,247,2744444417,3565553024,500000000,0,425000000,295138,4722208,295139,4722224,9444432,821108607,500000000,steady,0,0,steady
rise5-late,248,2755555528,3574997456,500000000,0,425000000,295138,4722208,295139,4722224,9444432,819441928,500000000,steady,0,0,steady
rise5-late,249,2766666639,3584441888,500000000,0,425000000,295138,4722208,295139,4722224,9444432,817775249,500000000,steady,0,0,steady
rise5-late,250,2777777750,3593886320,500000000,0,425000000,295138,4722208,295139,4722224,9444432,816108570,500000000,steady,0,0,steady
rise5-late,251,2788888861,3603330752,500000000,0,425000000,295138,4722208,295139,4722224,9444432,814441891,500000000,steady,0,0,steady
rise5-late,252,2799999972,3612775184,500000000,0,425000000,295138,4722208,295139,4722224,9444432,812775212,500000000,steady,0,0,steady
rise5-late,253,2811111083,3622219616,500000000,0,425000000,295138,4722208,295139,4722224,9444432,811108533,500000000,steady,0,0,steady
rise5-late,254,2822222194,3631664048,500000000,0,425000000,295138,4722208,295139,4722224,9444432,809441854,500000000,steady,0,0,steady
rise5-late,255,2833333305,3641108480,500000000,0,425000000,295138,4722208,295139,4722224,9444432,807775175,500000000,steady,0,0,steady
rise5-late,256,2844444416,3650552912,500000000,0,425000000,295138,4722208,295139,4722224,9444432,806108496,500000000,steady,0,0,steady
rise5-late,257,2855555527,3659997344,500000000,0,425000000,295138,4722208,295139,4722224,9444432,804441817,500000000,steady,0,0,steady
rise5-late,258,2866666638,3669441776,500000000,0,425000000,295138,4722208,295139,4722224,9444432,802775138,500000000,steady,0,0,steady
rise5-late,259,2877777749,3678886208,500000000,0,425000000,295138,4722208,295139,4722224,9444432,801108459,500000000,steady,0,0,steady
rise5-late,260,2888888860,3688330640,500000000,0,425000000,295138,4722208,295139,4722224,9444432,799441780,500000000,steady,0,0,steady
rise5-late,261,2899999971,3697775072,500000000,0,425000000,295138,4722208,295139,4722224,9444432,797775101,500000000,steady,0,0,steady
rise5-late,262,2911111082,3707219504,500000000,0,425000000,295138,4722208,295139,4722224,9444432,796108422,500000000,steady,0,0,steady
rise5-late,263,2922222193,3716663936,500000000,0,425000000,295138,4722208,295139,4722224,9444432,794441743,500000000,steady,0,0,steady
rise5-late,264,2933333304,3726108368,500000000,0,425000000,295138,4722208,295139,4722224,9444432,792775064,500000000,steady,0,0,steady
rise5-late,265,2944444415,3735552800,500000000,0,425000000,295138,4722208,295139,4722224,9444432,791108385,500000000,steady,0,0,steady
rise5-late,266,2955555526,3744997232,500000000,0,425000000,295138,4722208,295139,4722224,9444432,789441706,500000000,steady,0,0,steady
rise5-late,267,2966666637,3754441664,500000000,0,425000000,295138,4722208,295139,4722224,9444432,787775027,500000000,steady,0,0,steady
rise5-late,268,2977777748,3763886096,500000000,0,425000000,295138,4722208,295139,4722224,9444432,786108348,500000000,steady,0,0,steady
rise5-late,269,2988888859,3773330528,500000000,0,425000000,295138,4722208,295139,4722224,9444432,784441669,500000000,steady,0,0,steady
rise5-late,270,2999999970,3782774960,500000000,0,425000000,295138,4722208,295139,4722224,9444432,782774990,500000000,steady,0,0,steady
rise5-late,271,3011111081,3792219392,500000000,0,425000000,295138,4722208,295139,4722224,9444432,781108311,500000000,steady,0,0,steady
rise5-late,272,3022222192,3801663824,500000000,0,425000000,295138,4722208,295139,4722224,9444432,779441632,500000000,steady,0,0,steady
rise5-late,273,3033333303,3811108256,500000000,0,425000000,295138,4722208,295139,4722224,9444432,777774953,500000000,steady,0,0,steady
rise5-late,274,3044444414,3820552688,500000000,0,425000000,295138,4722208,295139,4722224,9444432,776108274,500000000,steady,0,0,steady
rise5-late,275,3055555525,3829997120,500000000,0,425000000,295138,4722208,295139,4722224,9444432,774441595,500000000,steady,0,0,steady
rise5-late,276,3066666636,3839441552,500000000,0,425000000,295138,4722208,295139,4722224,9444432,772774916,500000000,steady,0,0,steady
rise5-late,277,3077777747,3848885984,500000000,0,425000000,295138,4722208,295139,4722224,9444432,771108237,500000000,steady,0,0,steady
rise5-late,278,3088888858,3858330416,500000000,0,425000000,295138,4722208,295139,4722224,9444432,769441558,500000000,steady,0,0,steady
rise5-late,279,3099999969,3867774848,500000000,0,425000000,295138,4722208,295139,4722224,9444432,767774879,500000000,steady,0,0,steady
rise5-late,280,3111111080,3877219280,500000000,0,425000000,295138,4722208,295139,4722224,9444432,766108200,500000000,steady,0,0,steady
rise5-late,281,3122222191,3886663712,500000000,0,425000000,295138,4722208,295139,4722224,9444432,764441521,500000000,steady,0,0,steady
rise5-late,282,3133333302,3896108144,500000000,0,425000000,295138,4722208,295139,4722224,9444432,762774842,500000000,steady,0,0,steady
rise5-late,283,3144444413,3905552576,500000000,0,425000000,295138,4722208,295139,4722224,9444432,761108163,500000000,steady,0,0,steady
rise5-late,284,3155555524,3914997008,500000000,0,425000000,295138,4722208,295139,4722224,9444432,759441484,500000000,steady,0,0,steady
rise5-late,285,3166666635,3924441440,500000000,0,425000000,295138,4722208,295139,4722224,9444432,757774805,500000000,steady,0,0,steady
rise5-late,286,3177777746,3933885872,500000000,0,425000000,295138,4722208,295139,4722224,9444432,756108126,500000000,steady,0,0,steady
rise5-late,287,3188888857,3943330304,500000000,0,425000000,295138,4722208,295139,4722224,9444432,754441447,500000000,steady,0,0,steady
rise5-late,288,3199999968,3952774736,500000000,0,425000000,295138,4722208,295139,4722224,9444432,752774768,500000000,steady,0,0,steady
rise5-late,289,3211111079,3962219168,500000000,0,425000000,295138,4722208,295139,4722224,9444432,751108089,500000000,steady,0,0,steady
rise5-late,290,3222222190,3971663600,500000000,0,425000000,295138,4722208,295139,4722224,9444432,749441410,500000000,steady,0,0,steady
rise5-late,291,3233333301,3981108032,500000000,0,425000000,295138,4722208,295139,4722224,9444432,747774731,500000000,steady,0,0,steady
rise5-late,292,3244444412,3990552464,500000000,0,425000000,295138,4722208,295139,4722224,9444432,746108052,500000000,steady,0,0,steady
rise5-late,293,3255555523,3999996896,500000000,0,425000000,295138,4722208,295139,4722224,9444432,744441373,500000000,steady,0,0,steady
rise5-late,294,3266666634,4009441328,500000000,0,425000000,295138,4722208,295139,4722224,9444432,742774694,500000000,steady,0,0,steady
rise5-late,295,3277777745,4018885760,500000000,0,425000000,295138,4722208,295139,4722224,9444432,741108015,500000000,steady,0,0,steady
rise5-late,296,3288888856,4028330192,500000000,0,425000000,295138,4722208,295139,4722224,9444432,739441336,500000000,steady,0,0,steady
rise5-late,297,3299999967,4037774624,500000000,0,425000000,295138,4722208,295139,4722224,9444432,737774657,500000000,steady,0,0,steady
rise5-late,298,3311111078,4047219056,500000000,0,425000000,295138,4722208,295139,4722224,9444432,736107978,500000000,steady,0,0,steady
rise5-late,299,3322222189,4056663488,500000000,0,425000000,295138,4722208,295139,4722224,9444432,734441299,500000000,steady,0,0,steady
rise5-late,300,3333333300,4066107920,500000000,0,425000000,295138,4722208,295139,4722224,9444432,732774620,500000000,steady,0,0,steady
rise5-late,301,3344444411,4075552352,500000000,0,425000000,295138,4722208,295139,4722224,9444432,731107941,500000000,steady,0,0,steady
rise5-late,302,3355555522,4084996784,500000000,0,425000000,295138,4722208,295139,4722224,9444432,729441262,500000000,steady,0,0,steady
rise5-late,303,3366666633,4094441216,500000000,0,425000000,295138,4722208,295139,4722224,9444432,727774583,500000000,steady,0,0,steady
rise5-late,304,3377777744,4103885648,500000000,0,425000000,295138,4722208,295139,4722224,9444432,726107904,500000000,steady,0,0,steady
rise5-late,305,3388888855,4113330080,500000000,0,425000000,295138,4722208,295139,4722224,9444432,724441225,500000000,steady,0,0,steady
rise5-late,306,3399999966,4122774512,500000000,0,425000000,295138,4722208,295139,4722224,9444432,722774546,500000000,steady,0,0,steady
rise5-late,307,3411111077,4132218944,500000000,0,425000000,295138,4722208,295139,4722224,9444432,721107867,500000000,steady,0,0,steady
rise5-late,308,3422222188,4141663376,500000000,0,425000000,295138,4722208,295139,4722224,9444432,719441188,500000000,steady,0,0,steady
rise5-late,309,3433333299,4151107808,500000000,0,425000000,295138,4722208,295139,4722224,9444432,717774509,500000000,steady,0,0,steady
rise5-late,310,3444444410,4160552240,500000000,0,425000000,295138,4722208,295139,4722224,9444432,716107830,500000000,steady,0,0,steady
rise5-late,311,3455555521,4169996672,500000000,0,425000000,295138,4722208,295139,4722224,9444432,714441151,500000000,steady,0,0,steady
rise5-late,312,3466666632,4179441104,500000000,0,425000000,295138,4722208,295139,4722224,9444432,712774472,500000000,steady,0,0,steady
rise5-late,313,3477777743,4188885536,500000000,0,425000000,295138,4722208,295139,4722224,9444432,711107793,500000000,steady,0,0,steady
rise5-late,314,3488888854,4198329968,500000000,0,425000000,295138,4722208,295139,4722224,9444432,709441114,500000000,steady,0,0,steady
rise5-late,315,3499999965,4207774400,500000000,0,425000000,295138,4722208,295139,4722224,9444432,707774435,500000000,steady,0,0,steady
rise5-late,316,3511111076,4217218832,500000000,0,425000000,295138,4722208,295139,4722224,9444432,706107756,500000000,steady,0,0,steady
rise5-late,317,3522222187,4226663264,500000000,0,425000000,295138,4722208,295139,4722224,9444432,704441077,500000000,steady,0,0,steady
rise5-late,318,3533333298,4236107696,500000000,0,425000000,295138,4722208,295139,4722224,9444432,702774398,500000000,steady,0,0,steady
rise5-late,319,3544444409,4245552128,500000000,0,425000000,295138,4722208,295139,4722224,9444432,701107719,500000000,steady,0,0,steady
rise5-late,320,3555555520,4254996560,500000000,0,425000000,295138,4722208,295139,4722224,9444432,699441040,500000000,steady,0,0,steady
rise5-late,321,3566666631,4264440992,500000000,0,425000000,295138,4722208,295139,4722224,9444432,697774361,500000000,steady,0,0,steady
rise5-late,322,3577777742,4273885424,500000000,0,425000000,295138,4722208,295139,4722224,9444432,696107682,500000000,steady,0,0,steady
rise5-late,323,3588888853,4283329856,500000000,0,425000000,295138,4722208,295139,4722224,9444432,694441003,500000000,steady,0,0,steady
rise5-late,324,3599999964,4292774288,500000000,0,425000000,295138,4722208,295139,4722224,9444432,692774324,500000000,steady,0,0,steady
rise5-late,325,3611111075,4302218720,500000000,0,425000000,295138,4722208,295139,4722224,9444432,691107645,500000000,steady,0,0,steady
rise5-late,326,3622222186,4311663152,500000000,0,425000000,295138,4722208,295139,4722224,9444432,689440966,500000000,steady,0,0,steady
rise5-late,327,3633333297,4321107584,500000000,0,425000000,295138,4722208,295139,4722224,9444432,687774287,500000000,steady,0,0,steady
rise5-late,328,3644444408,4330552016,500000000,0,425000000,295138,4722208,295139,4722224,9444432,686107608,500000000,steady,0,0,steady
rise5-late,329,3655555519,4339996448,500000000,0,425000000,295138,4722208,295139,4722224,9444432,684440929,500000000,steady,0,0,steady
rise5-late,330,3666666630,4349440880,500000000,0,425000000,295138,4722208,295139,4722224,9444432,682774250,500000000,steady,0,0,steady
rise5-late,331,3677777741,4358885312,500000000,0,425000000,295138,4722208,295139,4722224,9444432,681107571,500000000,steady,0,0,steady
rise5-late,332,3688888852,4368329744,500000000,0,425000000,295138,4722208,295139,4722224,9444432,679440892,500000000,steady,0,0,steady
rise5-late,333,3699999963,4377774176,500000000,0,425000000,295138,4722208,295139,4722224,9444432,677774213,500000000,steady,0,0,steady
rise5-late,334,3711111074,4387218608,500000000,0,425000000,295138,4722208,295139,4722224,9444432,676107534,500000000,steady,0,0,steady
rise5-late,335,3722222185,4396663040,500000000,0,425000000,295138,4722208,295139,4722224,9444432,674440855,500000000,steady,0,0,steady
rise5-late,336,3733333296,4406107472,500000000,0,425000000,295138,4722208,295139,4722224,9444432,672774176,500000000,steady,0,0,steady
rise5-late,337,3744444407,4415551904,500000000,0,425000000,295138,4722208,295139,4722224,9444432,671107497,500000000,steady,0,0,steady
rise5-late,338,3755555518,4424996336,500000000,0,425000000,295138,4722208,295139,4722224,9444432,669440818,500000000,steady,0,0,steady
rise5-late,339,3766666629,4434440768,500000000,0,425000000,295138,4722208,295139,4722224,9444432,667774139,500000000,steady,0,0,steady
rise5-late,340,3777777740,4443885200,500000000,0,425000000,295138,4722208,295139,4722224,9444432,666107460,500000000,steady,0,0,steady
rise5-late,341,3788888851,4453329632,500000000,0,425000000,295138,4722208,295139,4722224,9444432,664440781,500000000,steady,0,0,steady
rise5-late,342,3799999962,4462774064,500000000,0,425000000,295138,4722208,295139,4722224,9444432,662774102,500000000,steady,0,0,steady
rise5-late,343,3811111073,4472218496,500000000,0,425000000,295138,4722208,295139,4722224,9444432,661107423,500000000,steady,0,0,steady
rise5-late,344,3822222184,4481662928,500000000,0,425000000,295138,4722208,295139,4722224,9444432,659440744,500000000,steady,0,0,steady
rise5-late,345,3833333295,4491107360,500000000,0,425000000,295138,4722208,295139,4722224,9444432,657774065,500000000,steady,0,0,steady
rise5-late,346,3844444406,4500551792,500000000,0,425000000,295138,4722208,295139,4722224,9444432,656107386,500000000,steady,0,0,steady
rise5-late,347,3855555517,4509996224,500000000,0,425000000,295138,4722208,295139,4722224,9444432,654440707,500000000,steady,0,0,steady
rise5-late,348,3866666628,4519440656,500000000,0,425000000,295138,4722208,295139,4722224,9444432,652774028,500000000,steady,0,0,steady
rise5-late,349,3877777739,4528885088,500000000,0,425000000,295138,4722208,295139,4722224,9444432,651107349,500000000,steady,0,0,steady
rise5-late,350,3888888850,4538329520,500000000,0,425000000,295138,4722208,295139,4722224,9444432,649440670,500000000,steady,0,0,steady
rise5-late,351,3899999961,4547773952,500000000,0,425000000,295138,4722208,295139,4722224,9444432,647773991,500000000,steady,0,0,steady
rise5-late,352,3911111072,4557218384,500000000,0,425000000,295138,4722208,295139,4722224,9444432,646107312,500000000,steady,0,0,steady
rise5-late,353,3922222183,4566662816,500000000,0,425000000,295138,4722208,295139,4722224,9444432,644440633,500000000,steady,0,0,steady
rise5-late,354,3933333294,4576107248,500000000,0,425000000,295138,4722208,295139,4722224,9444432,642773954,500000000,steady,0,0,steady
rise5-late,355,3944444405,4585551680,500000000,0,425000000,295138,4722208,295139,4722224,9444432,641107275,500000000,steady,0,0,steady
rise5-late,356,3955555516,4594996112,500000000,0,425000000,295138,4722208,295139,4722224,9444432,639440596,500000000,steady,0,0,steady
rise5-late,357,3966666627,4604440544,500000000,0,425000000,295138,4722208,295139,4722224,9444432,637773917,500000000,steady,0,0,steady
rise5-late,358,3977777738,4613884976,500000000,0,425000000,295138,4722208,295139,4722224,9444432,636107238,500000000,steady,0,0,steady
rise5-late,359,3988888849,4623329408,500000000,0,425000000,295138,4722208,295139,4722224,9444432,634440559,500000000,steady,0,0,steady
rise5-late,360,3999999960,4632773840,500000000,0,425000000,295138,4722208,295139,4722224,9444432,632773880,500000000,steady,0,0,steady
rise5-late,361,4011111071,4642218272,500000000,0,425000000,295138,4722208,295139,4722224,9444432,631107201,500000000,steady,0,0,steady
rise5-late,362,4022222182,4651662704,500000000,0,425000000,295138,4722208,295139,4722224,9444432,629440522,500000000,steady,0,0,steady
rise5-late,363,4033333293,4661107136,500000000,0,425000000,295138,4722208,295139,4722224,9444432,627773843,500000000,steady,0,0,steady
rise5-late,364,4044444404,4670551568,500000000,0,425000000,295138,4722208,295139,4722224,9444432,626107164,500000000,steady,0,0,steady
rise5-late,365,4055555515,4679996000,500000000,0,425000000,295138,4722208,295139,4722224,9444432,624440485,500000000,steady,0,0,steady
rise5-late,366,4066666626,4689440432,500000000,0,425000000,295138,4722208,295139,4722224,9444432,622773806,500000000,steady,0,0,steady
rise5-late,367,4077777737,4698884864,500000000,0,425000000,295138,4722208,295139,4722224,9444432,621107127,500000000,steady,0,0,steady
rise5-late,368,4088888848,4708329296,500000000,0,425000000,295138,4722208,295139,4722224,9444432,619440448,500000000,steady,0,0,steady
rise5-late,369,4099999959,4717773728,500000000,0,425000000,295138,4722208,295139,4722224,9444432,617773769,500000000,steady,0,0,steady
rise5-late,370,4111111070,4727218160,500000000,0,425000000,295138,4722208,295139,4722224,9444432,616107090,500000000,steady,0,0,steady
rise5-late,371,4122222181,4736662592,500000000,0,425000000,295138,4722208,295139,4722224,9444432,614440411,500000000,steady,0,0,steady
rise5-late,372,4133333292,4746107024,500000000,0,425000000,295138,4722208,295139,4722224,9444432,612773732,500000000,steady,0,0,steady
rise5-late,373,4144444403,4755551456,500000000,0,425000000,295138,4722208,295139,4722224,9444432,611107053,500000000,steady,0,0,steady
rise5-late,374,4155555514,4764995888,500000000,0,425000000,295138,4722208,295139,4722224,9444432,609440374,500000000,steady,0,0,steady
rise5-late,375,4166666625,4774440320,500000000,0,425000000,295138,4722208,295139,4722224,9444432,607773695,500000000,steady,0,0,steady
rise5-late,376,4177777736,4783884752,500000000,0,425000000,295138,4722208,295139,4722224,9444432,606107016,500000000,steady,0,0,steady
rise5-late,377,4188888847,4793329184,500000000,0,425000000,295138,4722208,295139,4722224,9444432,604440337,500000000,steady,0,0,steady
rise5-late,378,4199999958,4802773616,500000000,0,425000000,295138,4722208,295139,4722224,9444432,602773658,500000000,steady,0,0,steady
rise5-late,379,4211111069,4812218048,500000000,0,425000000,295138,4722208,295139,4722224,9444432,601106979,500000000,steady,0,0,steady
rise5-late,380,4222222180,4821662480,500000000,0,425000000,295138,4722208,295139,4722224,9444432,599440300,500000000,steady,0,0,steady
rise5-late,381,4233333291,4831106912,500000000,0,425000000,295138,4722208,295139,4722224,9444432,597773621,500000000,steady,0,0,steady
rise5-late,382,4244444402,4840551344,500000000,0,425000000,295138,4722208,295139,4722224,9444432,596106942,500000000,steady,0,0,steady
rise5-late,383,4255555513,4849995776,500000000,0,425000000,295138,4722208,295139,4722224,9444432,594440263,500000000,steady,0,0,steady
rise5-late,384,4266666624,4859440208,500000000,0,425000000,295138,4722208,295139,4722224,9444432,592773584,500000000,steady,0,0,steady
rise5-late,385,4277777735,4868884640,500000000,0,425000000,295138,4722208,295139,4722224,9444432,591106905,500000000,steady,0,0,steady
rise5-late,386,4288888846,4878329072,500000000,0,425000000,295138,4722208,295139,4722224,9444432,589440226,500000000,steady,0,0,steady
rise5-late,387,4299999957,4887773504,500000000,0,425000000,295138,4722208,295139,4722224,9444432,587773547,500000000,steady,0,0,steady
rise5-late,388,4311111068,4897217936,500000000,0,425000000,295138,4722208,295139,4722224,9444432,586106868,500000000,steady,0,0,steady
rise5-late,389,4322222179,4906662368,500000000,0,425000000,295138,4722208,295139,4722224,9444432,584440189,500000000,steady,0,0,steady
rise5-late,390,4333333290,4916106800,500000000,0,425000000,295138,4722208,295139,4722224,9444432,582773510,500000000,steady,0,0,steady
rise5-late,391,4344444401,4925551232,500000000,0,425000000,295138,4722208,295139,4722224,9444432,581106831,500000000,steady,0,0,steady
rise5-late,392,4355555512,4934995664,500000000,0,425000000,295138,4722208,295139,4722224,9444432,579440152,500000000,steady,0,0,steady
rise5-late,393,4366666623,4944440096,500000000,0,425000000,295138,4722208,295139,4722224,9444432,577773473,500000000,steady,0,0,steady
rise5-late,394,4377777734,4953884528,500000000,0,425000000,295138,4722208,295139,4722224,9444432,576106794,500000000,steady,0,0,steady
rise5-late,395,4388888845,4963328960,500000000,0,425000000,295138,4722208,295139,4722224,9444432,574440115,500000000,steady,0,0,steady
rise5-late,396,4399999956,4972773392,500000000,0,425000000,295138,4722208,295139,4722224,9444432,572773436,500000000,steady,0,0,steady
rise5-late,397,4411111067,4982217824,500000000,0,425000000,295138,4722208,295139,4722224,9444432,571106757,500000000,steady,0,0,steady
rise5-late,398,4422222178,4991662256,500000000,0,425000000,295138,4722208,295139,4722224,9444432,569440078,500000000,steady,0,0,steady
rise5-late,399,4433333289,5001106688,1000000000,0,425000000,295138,2361104,295139,2361112,4722216,567773399,500000000,steady,0,0,steady
rise5-late,400,4444444400,5005828904,1000000000,0,425000000,295138,2361104,295139,4444444,6805548,561384504,500000000,steady,0,0,steady
rise5-late,401,4455555511,5012634452,1000000000,0,425000000,295138,2361104,295139,2361112,4722216,557078941,500000000,steady,0,0,steady
rise5-late,402,4466666622,5017356668,1000000000,0,425000000,295138,2361104,295139,4444444,6805548,550690046,500000000,steady,0,0,steady
rise5-late,403,4477777733,5024162216,1000000000,0,425000000,295138,2361104,295139,2361112,4722216,546384483,500000000,steady,0,0,steady
rise5-late,404,4488888844,5028884432,1000000000,0,425000000,295138,2361104,295139,4444444,6805548,539995588,500000000,steady,0,0,steady
rise5-late,405,4499999955,5035689980,1000000000,0,425000000,295138,2361104,295139,2361112,4722216,535690025,500000000,steady,0,0,steady
rise5-late,406,4511111066,5040412196,1000000000,0,425000000,295138,2361104,295139,4444444,6805548,529301130,500000000,steady,0,0,steady
rise5-late,407,4522222177,5047217744,1000000000,0,425000000,295138,2361104,295139,2361112,4722216,524995567,500000000,steady,0,0,steady
rise5-late,408,4533333288,5051939960,1000000000,0,425000000,295138,2361104,295139,4444444,6805548,518606672,500000000,steady,0,0,steady
rise5-late,409,4544444399,5058745508,1000000000,0,425000000,295138,2361104,295139,2361112,4722216,514301109,500000000,steady,0,0,steady
rise5-late,410,4555555510,5063467724,1000000000,0,425000000,295138,2361104,295139,4444444,6805548,507912214,500000000,steady,0,0,steady
rise5-late,411,4566666621,5070273272,1000000000,0,425000000,295138,2361104,295139,2361112,4722216,503606651,500000000,steady,0,0,steady
rise5-late,412,4577777732,5074995488,1000000000,0,425000000,295138,2361104,295139,4444444,6805548,497217756,500000000,steady,0,0,steady
rise5-late,413,4588888843,5081801036,1000000000,0,425000000,295138,2361104,295139,2361112,4722216,492912193,500000000,steady,0,0,steady
rise5-late,414,4599999954,5086523252,1000000000,0,425000000,295138,2361104,295139,4444444,6805548,486523298,500000000,steady,0,0,steady
rise5-late,415,4611111065,5093328800,1000000000,0,425000000,295138,2361104,295139,2361112,4722216,482217735,1000000000,steady,0,0,steady
rise5-late,416,4622222176,5098051016,1000000000,0,425000000,295138,2361104,295139,4444444,6805548,475828840,1000000000,steady,0,0,steady
rise5-late,417,4633333287,5104856564,1000000000,0,425000000,295138,2361104,295139,2361112,4722216,471523277,1000000000,steady,0,0,steady
rise5-late,418,4644444398,5109578780,1000000000,0,425000000,295138,2361104,295139,4444444,6805548,465134382,1000000000,steady,0,0,steady
rise5-late,419,4655555509,5116384328,1000000000,0,425000000,295138,2361104,295139,2361112,4722216,460828819,1000000000,steady,0,0,steady
rise5-late,420,4666666620,5121106544,1000000000,0,425000000,295138,2361104,295139,4444444,6805548,454439924,1000000000,steady,0,0,steady
rise5-late,421,4677777731,5127912092,1000000000,0,425000000,295138,2361104,295139,2361112,4722216,450134361,1000000000,steady,0,0,steady
rise5-late,422,4688888842,5132634308,1000000000,0,425000000,295138,2361104,295139,4444444,6805548,443745466,1000000000,steady,0,0,steady
rise5-late,423,4699999953,5139439856,1000000000,0,425000000,295138,2361104,295139,2361112,4722216,439439903,1000000000,steady,0,0,steady
rise5-late,424,4711111064,5144162072,1000000000,0,425000000,295138,2361104,295139,4444444,6805548,433051008,1000000000,steady,0,0,steady
rise5-late,425,4722222175,5150967620,1000000000,0,425000000,295138,2361104,295139,2361112,4722216,428745445,1000000000,steady,0,0,steady
rise5-late,426,4733333286,5155689836,1000000000,0,425000000,295138,2361104,295139,4444444,6805548,422356550,1000000000,steady,0,0,steady
rise5-late,427,4744444397,5162495384,1000000000,0,425000000,295138,2361104,295139,2361112,4722216,418050987,1000000000,steady,0,0,steady
rise5-late,428,4755555508,5167217600,1000000000,0,425000000,295138,2361104,295139,4444444,6805548,411662092,1000000000,steady,0,0,steady
rise5-late,429,4766666619,5174023148,1000000000,0,425000000,295138,2361104,295139,2361112,4722216,407356529,1000000000,steady,0,0,steady
rise5-late,430,4777777730,5178745364,1000000000,0,425000000,295138,2361104,295139,4444444,6805548,400967634,1000000000,steady,0,0,steady
rise5-late,431,4788888841,5185550912,1000000000,0,425000000,295138,2361104,295139,2361112,4722216,396662071,1000000000,steady,0,0,steady
rise5-late,432,4799999952,5190273128,1000000000,0,425000000,295138,2361104,295139,4444444,6805548,390273176,1000000000,steady,0,0,steady
rise5-late,433,4811111063,5197078676,1000000000,0,425000000,295138,2361104,295139,2361112,4722216,385967613,1000000000,steady,0,0,steady
rise5-late,434,4822222174,5201800892,1000000000,0,425000000,295138,2361104,295139,4444444,6805548,379578718,1000000000,steady,0,0,steady
rise5-late,435,4833333285,5208606440,1000000000,0,425000000,295138,2361104,295139,2361112,4722216,375273155,1000000000,steady,0,0,steady
rise5-late,436,4844444396,5213328656,1000000000,0,425000000,295138,2361104,295139,4444444,6805548,368884260,1000000000,steady,0,0,steady
rise5-late,437,4855555507,5220134204,1000000000,0,425000000,295138,2361104,295139,2361112,4722216,364578697,1000000000,steady,0,0,steady
rise5-late,438,4866666618,5224856420,1000000000,0,425000000,295138,2361104,295139,4444444,6805548,358189802,1000000000,steady,0,0,steady
rise5-late,439,4877777729,5231661968,1000000000,0,425000000,295138,2361104,295139,2361112,4722216,353884239,1000000000,steady,0,0,steady
rise5-late,440,4888888840,5236384184,1000000000,0,850000000,590277,4722216,590278,4722224,9444440,347495344,1000000000,steady,0,0,steady
rise5-late,441,4899999951,5245828624,1000000000,0,850000000,590277,4722216,590278,4722224,9444440,345828673,1000000000,steady,0,0,steady
rise5-late,442,4911111062,5255273064,1000000000,0,850000000,590277,4722216,590278,4722224,9444440,344162002,1000000000,steady,0,0,steady
rise5-late,443,4922222173,5264717504,1000000000,0,850000000,590277,4722216,590278,4722224,9444440,342495331,1000000000,steady,0,0,steady
rise5-late,444,4933333284,5274161944,1000000000,0,850000000,590277,4722216,590278,4722224,9444440,340828660,1000000000,steady,0,0,steady
rise5-late,445,4944444395,5283606384,1000000000,0,850000000,590277,4722216,590278,4722224,9444440,339161989,1000000000,steady,0,0,steady
rise5-late,446,4955555506,5293050824,1000000000,0,850000000,590277,4722216,590278,4722224,9444440,337495318,1000000000,steady,0,0,steady
rise5-late,447,4966666617,5302495264,1000000000,0,850000000,590277,4722216,590278,4722224,9444440,335828647,1000000000,steady,0,0,steady
rise5-late,448,4977777728,5311939704,1000000000,0,850000000,590277,4722216,590278,4722224,9444440,334161976,1000000000,steady,0,0,steady
rise5-late,449,4988888839,5321384144,1000000000,0,850000000,590277,4722216,590278,4722224,9444440,332495305,1000000000,steady,0,0,steady
rise5-late,450,4999999950,5330828584,1000000000,0,850000000,590277,4722216,590278,4722224,9444440,330828634,1000000000,steady,0,0,steady
rise5-late,451,5011111061,5340273024,1000000000,0,850000000,590277,4722216,590278,4722224,9444440,329161963,1000000000,steady,0,0,steady
rise5-late,452,5022222172,5349717464,1000000000,0,850000000,590277,4722216,590278,4722224,9444440,327495292,1000000000,steady,0,0,steady
rise5-late,453,5033333283,5359161904,1000000000,0,850000000,590277,4722216,590278,4722224,9444440,325828621,1000000000,steady,0,0,steady
rise5-late,454,5044444394,5368606344,1000000000,0,850000000,590277,4722216,590278,4722224,9444440,324161950,1000000000,steady,0,0,steady
rise5-late,455,5055555505,5378050784,1000000000,0,850000000,590277,4722216,590278,4722224,9444440,322495279,1000000000,steady,0,0,steady
rise5-late,456,5066666616,5387495224,1000000000,0,850000000,590277,4722216,590278,4722224,9444440,320828608,1000000000,steady,0,0,steady
rise5-late,457,5077777727,5396939664,1000000000,0,850000000,590277,4722216,590278,4722224,9444440,319161937,1000000000,steady,0,0,steady
rise5-late,458,5088888838,5406384104,1000000000,0,850000000,590277,4722216,590278,4722224,9444440,317495266,1000000000,steady,0,0,steady
rise5-late,459,5099999949,5415828544,1000000000,0,850000000,590277,4722216,590278,4722224,9444440,315828595,1000000000,steady,0,0,steady
rise5-late,460,5111111060,5425272984,1000000000,0,850000000,590277,4722216,590278,4722224,9444440,314161924,1000000000,steady,0,0,steady
rise5-late,461,5122222171,5434717424,1000000000,0,850000000,590277,4722216,590278,4722224,9444440,312495253,1000000000,steady,0,0,steady
rise5-late,462,5133333282,5444161864,1000000000,0,850000000,590277,4722216,590278,4722224,9444440,310828582,1000000000,steady,0,0,steady
rise5-late,463,5144444393,5453606304,1000000000,0,850000000,590277,4722216,590278,4722224,9444440,309161911,1000000000,steady,0,0,steady
rise5-late,464,5155555504,5463050744,1000000000,0,850000000,590277,4722216,590278,4722224,9444440,307495240,1000000000,steady,0,0,steady
rise5-late,465,5166666615,5472495184,1000000000,0,850000000,590277,4722216,590278,4722224,9444440,305828569,1000000000,steady,0,0,steady
rise5-late,466,5177777726,5481939624,1000000000,0,850000000,590277,4722216,590278,4722224,9444440,304161898,1000000000,steady,0,0,steady
rise5-late,467,5188888837,5491384064,1000000000,0,850000000,590277,4722216,590278,4722224,9444440,302495227,1000000000,steady,0,0,steady
rise5-late,468,5199999948,5500828504,1000000000,0,850000000,590277,4722216,590278,4722224,9444440,300828556,1000000000,steady,0,0,steady
rise5-late,469,5211111059,5510272944,1000000000,0,850000000,590277,4722216,590278,4722224,9444440,299161885,1000000000,steady,0,0,steady
rise5-late,470,5222222170,5519717384,1000000000,0,850000000,590277,4722216,590278,4722224,9444440,297495214,1000000000,steady,0,0,steady
rise5-late,471,5233333281,5529161824,1000000000,0,850000000,590277,4722216,590278,4722224,9444440,295828543,1000000000,steady,0,0,steady
rise5-late,472,5244444392,5538606264,1000000000,0,850000000,590277,4722216,590278,4722224,9444440,294161872,1000000000,steady,0,0,steady
rise5-late,473,5255555503,5548050704,1000000000,0,850000000,590277,4722216,590278,4722224,9444440,292495201,1000000000,steady,0,0,steady
rise5-late,474,5266666614,5557495144,1000000000,0,850000000,590277,4722216,590278,4722224,9444440,290828530,1000000000,steady,0,0,steady
rise5-late,475,5277777725,5566939584,1000000000,0,850000000,590277,4722216,590278,4722224,9444440,289161859,1000000000,steady,0,0,steady
rise5-late,476,5288888836,5576384024,1000000000,0,850000000,590277,4722216,590278,4722224,9444440,287495188,1000000000,steady,0,0,steady
rise5-late,477,5299999947,5585828464,1000000000,0,850000000,590277,4722216,590278,4722224,9444440,285828517,1000000000,steady,0,0,steady
rise5-late,478,5311111058,5595272904,1000000000,0,850000000,590277,4722216,590278,4722224,9444440,284161846,1000000000,steady,0,0,steady
rise5-late,479,5322222169,5604717344,1000000000,0,850000000,590277,4722216,590278,4722224,9444440,282495175,1000000000,steady,0,0,steady
rise5-late,480,5333333280,5614161784,1000000000,0,850000000,590277,4722216,590278,4722224,9444440,280828504,1000000000,steady,0,0,steady
rise5-late,481,5344444391,5623606224,1000000000,0,850000000,590277,4722216,590278,4722224,9444440,279161833,1000000000,steady,0,0,steady
rise5-late,482,5355555502,5633050664,1000000000,0,850000000,590277,4722216,590278,4722224,9444440,277495162,1000000000,steady,0,0,steady
rise5-late,483,5366666613,5642495104,1000000000,0,850000000,590277,4722216,590278,4722224,9444440,275828491,1000000000,steady,0,0,steady
rise5-late,484,5377777724,5651939544,1000000000,0,850000000,590277,4722216,590278,4722224,9444440,274161820,1000000000,steady,0,0,steady
rise5-late,485,5388888835,5661383984,1000000000,0,850000000,590277,4722216,590278,4722224,9444440,272495149,1000000000,steady,0,0,steady
rise5-late,486,5399999946,5670828424,1000000000,0,850000000,590277,4722216,590278,4722224,9444440,270828478,1000000000,steady,0,0,steady
rise5-late,487,5411111057,5680272864,1000000000,0,850000000,590277,4722216,590278,4722224,9444440,269161807,1000000000,steady,0,0,steady
rise5-late,488,5422222168,5689717304,1000000000,0,850000000,590277,4722216,590278,4722224,9444440,267495136,1000000000,steady,0,0,steady
rise5-late,489,5433333279,5699161744,1000000000,0,850000000,590277,4722216,590278,4722224,9444440,265828465,1000000000,steady,0,0,steady
rise5-late,490,5444444390,5708606184,1000000000,0,850000000,590277,4722216,590278,4722224,9444440,264161794,1000000000,steady,0,0,steady
rise5-late,491,5455555501,5718050624,1000000000,0,850000000,590277,4722216,590278,4722224,9444440,262495123,1000000000,steady,0,0,steady
rise5-late,492,5466666612,5727495064,1000000000,0,850000000,590277,4722216,590278,4722224,9444440,260828452,1000000000,steady,0,0,steady
rise5-late,493,5477777723,5736939504,1000000000,0,850000000,590277,4722216,590278,4722224,9444440,259161781,1000000000,steady,0,0,steady
rise5-late,494,5488888834,5746383944,1000000000,0,850000000,590277,4722216,590278,4722224,9444440,257495110,1000000000,steady,0,0,steady
rise5-late,495,5499999945,5755828384,1000000000,0,850000000,590277,4722216,590278,4722224,9444440,255828439,1000000000,steady,0,0,steady
rise5-late,496,5511111056,5765272824,1000000000,0,850000000,590277,4722216,590278,4722224,9444440,254161768,1000000000,steady,0,0,steady
rise5-late,497,5522222167,5774717264,1000000000,0,850000000,590277,4722216,590278,4722224,9444440,252495097,1000000000,steady,0,0,steady
rise5-late,498,5533333278,5784161704,1000000000,0,850000000,590277,4722216,590278,4722224,9444440,250828426,1000000000,steady,0,0,steady
rise5-late,499,5544444389,5793606144,1000000000,0,850000000,590277,4722216,590278,4722224,9444440,249161755,1000000000,steady,0,0,steady
rise5-late,500,5555555500,5803050584,1000000000,0,850000000,590277,4722216,590278,4722224,9444440,247495084,1000000000,steady,0,0,steady
rise5-late,501,5566666611,5812495024,1000000000,0,850000000,590277,4722216,590278,4722224,9444440,245828413,1000000000,steady,0,0,steady
rise5-late,502,5577777722,5821939464,1000000000,0,850000000,590277,4722216,590278,4722224,9444440,244161742,1000000000,steady,0,0,steady
rise5-late,503,5588888833,5831383904,1000000000,0,850000000,590277,4722216,590278,4722224,9444440,242495071,1000000000,steady,0,0,steady
rise5-late,504,5599999944,5840828344,1000000000,0,850000000,590277,4722216,590278,4722224,9444440,240828400,1000000000,steady,0,0,steady
rise5-late,505,5611111055,5850272784,1000000000,0,850000000,590277,4722216,590278,4722224,9444440,239161729,1000000000,steady,0,0,steady
rise5-late,506,5622222166,5859717224,1000000000,0,850000000,590277,4722216,590278,4722224,9444440,237495058,1000000000,steady,0,0,steady
rise5-late,507,5633333277,5869161664,1000000000,0,850000000,590277,4722216,590278,4722224,9444440,235828387,1000000000,steady,0,0,steady
rise5-late,508,5644444388,5878606104,1000000000,0,850000000,590277,4722216,590278,4722224,9444440,234161716,1000000000,steady,0,0,steady
rise5-late,509,5655555499,5888050544,1000000000,0,850000000,590277,4722216,590278,4722224,9444440,232495045,1000000000,steady,0,0,steady
rise5-late,510,5666666610,5897494984,1000000000,0,850000000,590277,4722216,590278,4722224,9444440,230828374,1000000000,steady,0,0,steady
rise5-late,511,5677777721,5906939424,1000000000,0,850000000,590277,4722216,590278,4722224,9444440,229161703,1000000000,steady,0,0,steady
rise5-late,512,5688888832,5916383864,1000000000,0,850000000,590277,4722216,590278,4722224,9444440,227495032,1000000000,steady,0,0,steady
rise5-late,513,5699999943,5925828304,1000000000,0,850000000,590277,4722216,590278,4722224,9444440,225828361,1000000000,steady,0,0,steady
rise5-late,514,5711111054,5935272744,1000000000,0,850000000,590277,4722216,590278,4722224,9444440,224161690,1000000000,steady,0,0,steady
rise5-late,515,5722222165,5944717184,1000000000,0,850000000,590277,4722216,590278,4722224,9444440,222495019,1000000000,steady,0,0,steady
rise5-late,516,5733333276,5954161624,1000000000,0,850000000,590277,4722216,590278,4722224,9444440,220828348,1000000000,steady,0,0,steady
rise5-late,517,5744444387,5963606064,1000000000,0,850000000,590277,4722216,590278,4722224,9444440,219161677,1000000000,steady,0,0,steady
rise5-late,518,5755555498,5973050504,1000000000,0,850000000,590277,4722216,590278,4722224,9444440,217495006,1000000000,steady,0,0,steady
rise5-late,519,5766666609,5982494944,1000000000,0,850000000,590277,4722216,590278,4722224,9444440,215828335,1000000000,steady,0,0,steady
rise5-late,520,5777777720,5991939384,1000000000,0,850000000,590277,4722216,590278,4722224,9444440,214161664,1000000000,steady,0,0,steady
rise5-late,521,5788888831,6001383824,1000000000,0,850000000,590277,4722216,590278,4722224,9444440,212494993,1000000000,steady,0,0,steady
rise5-late,522,5799999942,6010828264,1000000000,0,850000000,590277,4722216,590278,4722224,9444440,210828322,1000000000,steady,0,0,steady
rise5-late,523,5811111053,6020272704,1000000000,0,850000000,590277,4722216,590278,4722224,9444440,209161651,1000000000,steady,0,0,steady
rise5-late,524,5822222164,6029717144,1000000000,0,850000000,590277,4722216,590278,4722224,9444440,207494980,1000000000,steady,0,0,steady
rise5-late,525,5833333275,6039161584,1000000000,0,850000000,590277,4722216,590278,4722224,9444440,205828309,1000000000,steady,0,0,steady
rise5-late,526,5844444386,6048606024,1000000000,0,850000000,590277,4722216,590278,4722224,9444440,204161638,1000000000,steady,0,0,steady
rise5-late,527,5855555497,6058050464,1000000000,0,850000000,590277,4722216,590278,4722224,9444440,202494967,1000000000,steady,0,0,steady
rise5-late,528,5866666608,6067494904,1000000000,0,850000000,590277,4722216,590278,4722224,9444440,200828296,1000000000,steady,0,0,steady
rise5-late,529,5877777719,6076939344,1000000000,0,850000000,590277,4722216,590278,4722224,9444440,199161625,1000000000,steady,0,0,steady
rise5-late,530,5888888830,6086383784,1000000000,0,850000000,590277,4722216,590278,4722224,9444440,197494954,1000000000,steady,0,0,steady
rise5-late,531,5899999941,6095828224,1000000000,0,850000000,590277,4722216,590278,4722224,9444440,195828283,1000000000,steady,0,0,steady
rise5-late,532,5911111052,6105272664,1000000000,0,850000000,590277,4722216,590278,4722224,9444440,194161612,1000000000,steady,0,0,steady
rise5-late,533,5922222163,6114717104,1000000000,0,850000000,590277,4722216,590278,4722224,9444440,192494941,1000000000,steady,0,0,steady
rise5-late,534,5933333274,6124161544,1000000000,0,850000000,590277,4722216,590278,4722224,9444440,190828270,1000000000,steady,0,0,steady
rise5-late,535,5944444385,6133605984,1000000000,0,850000000,590277,4722216,590278,4722224,9444440,189161599,1000000000,steady,0,0,steady
rise5-late,536,5955555496,6143050424,1000000000,0,850000000,590277,4722216,590278,4722224,9444440,187494928,1000000000,steady,0,0,steady
rise5-late,537,5966666607,6152494864,1000000000,0,850000000,590277,4722216,590278,4722224,9444440,185828257,1000000000,steady,0,0,steady
rise5-late,538,5977777718,6161939304,1000000000,0,850000000,590277,4722216,590278,4722224,9444440,184161586,1000000000,steady,0,0,steady
rise5-late,539,5988888829,6171383744,1000000000,0,850000000,590277,4722216,590278,4722224,9444440,182494915,1000000000,steady,0,0,steady
rise5-late,540,5999999940,6180828184,1000000000,0,850000000,590277,4722216,590278,4722224,9444440,180828244,1000000000,steady,0,0,steady
rise5-late,541,6011111051,6190272624,1000000000,0,850000000,590277,4722216,590278,4722224,9444440,179161573,1000000000,steady,0,0,steady
rise5-late,542,6022222162,6199717064,1000000000,0,850000000,590277,4722216,590278,4722224,9444440,177494902,1000000000,steady,0,0,steady
rise5-late,543,6033333273,6209161504,1000000000,0,850000000,590277,4722216,590278,4722224,9444440,175828231,1000000000,steady,0,0,steady
rise5-late,544,6044444384,6218605944,1000000000,0,850000000,590277,4722216,590278,4722224,9444440,174161560,1000000000,steady,0,0,steady
rise5-late,545,6055555495,6228050384,1000000000,0,850000000,590277,4722216,590278,4722224,9444440,172494889,1000000000,steady,0,0,steady
rise5-late,546,6066666606,6237494824,1000000000,0,850000000,590277,4722216,590278,4722224,9444440,170828218,1000000000,steady,0,0,steady
rise5-late,547,6077777717,6246939264,1000000000,0,850000000,590277,4722216,590278,4722224,9444440,169161547,1000000000,steady,0,0,steady
rise5-late,548,6088888828,6256383704,1000000000,0,850000000,590277,4722216,590278,4722224,9444440,167494876,1000000000,steady,0,0,steady
rise5-late,549,6099999939,6265828144,1000000000,0,850000000,590277,4722216,590278,4722224,9444440,165828205,1000000000,steady,0,0,steady
rise5-late,550,6111111050,6275272584,1000000000,0,850000000,590277,4722216,590278,4722224,9444440,164161534,1000000000,steady,0,0,steady
rise5-late,551,6122222161,6284717024,1000000000,0,850000000,590277,4722216,590278,4722224,9444440,162494863,1000000000,steady,0,0,steady
rise5-late,552,6133333272,6294161464,1000000000,0,850000000,590277,4722216,590278,4722224,9444440,160828192,1000000000,steady,0,0,steady
rise5-late,553,6144444383,6303605904,1000000000,0,850000000,590277,4722216,590278,4722224,9444440,159161521,1000000000,steady,0,0,steady
rise5-late,554,6155555494,6313050344,1000000000,0,850000000,590277,4722216,590278,4722224,9444440,157494850,1000000000,steady,0,0,steady
rise5-late,555,6166666605,6322494784,1000000000,0,850000000,590277,4722216,590278,4722224,9444440,155828179,1000000000,steady,0,0,steady
rise5-late,556,6177777716,6331939224,1000000000,0,850000000,590277,4722216,590278,4722224,9444440,154161508,1000000000,steady,0,0,steady
rise5-late,557,6188888827,6341383664,1000000000,0,850000000,590277,4722216,590278,4722224,9444440,152494837,1000000000,steady,0,0,steady
rise5-late,558,6199999938,6350828104,1000000000,0,850000000,590277,4722216,590278,4722224,9444440,150828166,1000000000,steady,0,0,steady
rise5-late,559,6211111049,6360272544,1000000000,0,850000000,590277,4722216,590278,4722224,9444440,149161495,1000000000,steady,0,0,steady
rise5-late,560,6222222160,6369716984,1000000000,0,850000000,590277,4722216,590278,4722224,9444440,147494824,1000000000,steady,0,0,steady
rise5-late,561,6233333271,6379161424,1000000000,0,850000000,590277,4722216,590278,4722224,9444440,145828153,1000000000,steady,0,0,steady
rise5-late,562,6244444382,6388605864,1000000000,0,850000000,590277,4722216,590278,4722224,9444440,144161482,1000000000,steady,0,0,steady
rise5-late,563,6255555493,6398050304,1000000000,0,850000000,590277,4722216,590278,4722224,9444440,142494811,1000000000,steady,0,0,steady
rise5-late,564,6266666604,6407494744,1000000000,0,850000000,590277,4722216,590278,4722224,9444440,140828140,1000000000,steady,0,0,steady
rise5-late,565,6277777715,6416939184,1000000000,0,850000000,590277,4722216,590278,4722224,9444440,139161469,1000000000,steady,0,0,steady
rise5-late,566,6288888826,6426383624,1000000000,0,850000000,590277,4722216,590278,4722224,9444440,137494798,1000000000,steady,0,0,steady
rise5-late,567,6299999937,6435828064,1000000000,0,850000000,590277,4722216,590278,4722224,9444440,135828127,1000000000,steady,0,0,steady
rise5-late,568,6311111048,6445272504,1000000000,0,850000000,590277,4722216,590278,4722224,9444440,134161456,1000000000,steady,0,0,steady
rise5-late,569,6322222159,6454716944,1000000000,0,850000000,590277,4722216,590278,4722224,9444440,132494785,1000000000,steady,0,0,steady
rise5-late,570,6333333270,6464161384,1000000000,0,850000000,590277,4722216,590278,4722224,9444440,130828114,1000000000,steady,0,0,steady
rise5-late,571,6344444381,6473605824,1000000000,0,850000000,590277,4722216,590278,4722224,9444440,129161443,1000000000,steady,0,0,steady
rise5-late,572,6355555492,6483050264,1000000000,0,850000000,590277,4722216,590278,4722224,9444440,127494772,1000000000,steady,0,0,steady
rise5-late,573,6366666603,6492494704,1000000000,0,850000000,590277,4722216,590278,4722224,9444440,125828101,1000000000,steady,0,0,steady
rise5-late,574,6377777714,6501939144,1000000000,0,850000000,590277,4722216,590278,4722224,9444440,124161430,1000000000,steady,0,0,steady
rise5-late,575,6388888825,6511383584,1000000000,0,850000000,590277,4722216,590278,4722224,9444440,122494759,1000000000,steady,0,0,steady
rise5-late,576,6399999936,6520828024,1000000000,0,850000000,590277,4722216,590278,4722224,9444440,120828088,1000000000,steady,0,0,steady
rise5-late,577,6411111047,6530272464,1000000000,0,850000000,590277,4722216,590278,4722224,9444440,119161417,1000000000,steady,0,0,steady
rise5-late,578,6422222158,6539716904,1000000000,0,850000000,590277,4722216,590278,4722224,9444440,117494746,1000000000,steady,0,0,steady
rise5-late,579,6433333269,6549161344,1000000000,0,850000000,590277,4722216,590278,4722224,9444440,115828075,1000000000,steady,0,0,steady
rise5-late,580,6444444380,6558605784,1000000000,0,850000000,590277,4722216,590278,4722224,9444440,114161404,1000000000,steady,0,0,steady
rise5-late,581,6455555491,6568050224,1000000000,0,850000000,590277,4722216,590278,4722224,9444440,112494733,1000000000,steady,0,0,steady
rise5-late,582,6466666602,6577494664,1000000000,0,850000000,590277,4722216,590278,4722224,9444440,110828062,1000000000,steady,0,0,steady
rise5-late,583,6477777713,6586939104,1000000000,0,850000000,590277,4722216,590278,4722224,9444440,109161391,1000000000,steady,0,0,steady
rise5-late,584,6488888824,6596383544,1000000000,0,850000000,590277,4722216,590278,4722224,9444440,107494720,1000000000,steady,0,0,steady
rise5-late,585,6499999935,6605827984,1000000000,0,850000000,590277,4722216,590278,4722224,9444440,105828049,1000000000,steady,0,0,steady
rise5-late,586,6511111046,6615272424,1000000000,0,850000000,590277,4722216,590278,4722224,9444440,104161378,1000000000,steady,0,0,steady
rise5-late,587,6522222157,6624716864,1000000000,0,850000000,590277,4722216,590278,4722224,9444440,102494707,1000000000,steady,0,0,steady
rise5-late,588,6533333268,6634161304,1000000000,0,850000000,590277,4722216,590278,4722224,9444440,100828036,1000000000,steady,0,0,steady
rise5-late,589,6544444379,6643605744,1000000000,0,850000000,590277,4722216,590278,4722224,9444440,99161365,1000000000,steady,0,0,steady
rise5-late,590,6555555490,6653050184,1000000000,0,850000000,590277,4722216,590278,4722224,9444440,97494694,1000000000,steady,0,0,steady
rise5-late,591,6566666601,6662494624,1000000000,0,850000000,590277,4722216,590278,4722224,9444440,95828023,1000000000,steady,0,0,steady
rise5-late,592,6577777712,6671939064,1000000000,0,850000000,590277,4722216,590278,4722224,9444440,94161352,1000000000,steady,0,0,steady
rise5-late,593,6588888823,6681383504,1000000000,0,850000000,590277,4722216,590278,4722224,9444440,92494681,1000000000,steady,0,0,steady
rise5-late,594,6599999934,6690827944,1000000000,0,850000000,590277,4722216,590278,4722224,9444440,90828010,1000000000,steady,0,0,steady
rise5-late,595,6611111045,6700272384,1000000000,0,850000000,590277,4722216,590278,4722224,9444440,89161339,1000000000,steady,0,0,steady
rise5-late,596,6622222156,6709716824,1000000000,0,850000000,590277,4722216,590278,4722224,9444440,87494668,1000000000,steady,0,0,steady
rise5-late,597,6633333267,6719161264,1000000000,0,850000000,590277,4722216,590278,4722224,9444440,85827997,1000000000,steady,0,0,steady
rise5-late,598,6644444378,6728605704,1000000000,0,850000000,590277,4722216,590278,4722224,9444440,84161326,1000000000,steady,0,0,steady
rise5-late,599,6655555489,6738050144,1000000000,0,850000000,590277,4722216,590278,4722224,9444440,82494655,1000000000,steady,0,0,steady
rise5-late,600,6666666600,6747494584,1000000000,0,850000000,590277,4722216,590278,4722224,9444440,80827984,1000000000,steady,0,0,steady
rise5-late,601,6677777711,6756939024,1000000000,0,850000000,590277,4722216,590278,4722224,9444440,79161313,1000000000,steady,0,0,steady
rise5-late,602,6688888822,6766383464,1000000000,0,850000000,590277,4722216,590278,4722224,9444440,77494642,1000000000,steady,0,0,steady
rise5-late,603,6699999933,6775827904,1000000000,0,850000000,590277,4722216,590278,4722224,9444440,75827971,1000000000,steady,0,0,steady
rise5-late,604,6711111044,6785272344,1000000000,0,850000000,590277,4722216,590278,4722224,9444440,74161300,1000000000,steady,0,0,steady
rise5-late,605,6722222155,6794716784,1000000000,0,850000000,590277,4722216,590278,4722224,9444440,72494629,1000000000,steady,0,0,steady
rise5-late,606,6733333266,6804161224,1000000000,0,850000000,590277,4722216,590278,4722224,9444440,70827958,1000000000,steady,0,0,steady
rise5-late,607,6744444377,6813605664,1000000000,0,850000000,590277,4722216,590278,4722224,9444440,69161287,1000000000,steady,0,0,steady
rise5-late,608,6755555488,6823050104,1000000000,0,850000000,590277,4722216,590278,4722224,9444440,67494616,1000000000,steady,0,0,steady
rise5-late,609,6766666599,6832494544,1000000000,0,850000000,590277,4722216,590278,4722224,9444440,65827945,1000000000,steady,0,0,steady
rise5-late,610,6777777710,6841938984,1000000000,0,850000000,590277,4722216,590278,4722224,9444440,64161274,1000000000,steady,0,0,steady
rise5-late,611,6788888821,6851383424,1000000000,0,850000000,590277,4722216,590278,4722224,9444440,62494603,1000000000,steady,0,0,steady
rise5-late,612,6799999932,6860827864,1000000000,0,850000000,590277,4722216,590278,4722224,9444440,60827932,1000000000,steady,0,0,steady
rise5-late,613,6811111043,6870272304,1000000000,0,850000000,590277,4722216,590278,4722224,9444440,59161261,1000000000,steady,0,0,steady
rise5-late,614,6822222154,6879716744,1000000000,0,850000000,590277,4722216,590278,4722224,9444440,57494590,1000000000,steady,0,0,steady
rise5-late,615,6833333265,6889161184,1000000000,0,850000000,590277,4722216,590278,4722224,9444440,55827919,1000000000,steady,0,0,steady
rise5-late,616,6844444376,6898605624,1000000000,0,850000000,590277,4722216,590278,4722224,9444440,54161248,1000000000,steady,0,0,steady
rise5-late,617,6855555487,6908050064,1000000000,0,850000000,590277,4722216,590278,4722224,9444440,52494577,1000000000,steady,0,0,steady
rise5-late,618,6866666598,6917494504,1000000000,0,850000000,590277,4722216,590278,4722224,9444440,50827906,1000000000,steady,0,0,steady
rise5-late,619,6877777709,6926938944,1000000000,0,850000000,590277,4722216,590278,4722224,9444440,49161235,1000000000,steady,0,0,steady
rise5-late,620,6888888820,6936383384,1000000000,0,850000000,590277,4722216,590278,4722224,9444440,47494564,1000000000,steady,0,0,steady
rise5-late,621,6899999931,6945827824,1000000000,0,850000000,590277,4722216,590278,4722224,9444440,45827893,1000000000,steady,0,0,steady
rise5-late,622,6911111042,6955272264,1000000000,0,850000000,590277,4722216,590278,4722224,9444440,44161222,1000000000,steady,0,0,steady
rise5-late,623,6922222153,6964716704,1000000000,0,850000000,590277,4722216,590278,4722224,9444440,42494551,1000000000,steady,0,0,steady
rise5-late,624,6933333264,6974161144,1000000000,0,850000000,590277,4722216,590278,4722224,9444440,40827880,1000000000,steady,0,0,steady
rise5-late,625,6944444375,6983605584,1000000000,0,850000000,590277,4722216,590278,4722224,9444440,39161209,1000000000,steady,0,0,steady
rise5-late,626,6955555486,6993050024,1000000000,0,850000000,590277,4722216,590278,4722224,9444440,37494538,1000000000,steady,0,0,steady
rise5-late,627,6966666597,7002494464,1000000000,0,850000000,590277,4722216,590278,4722224,9444440,35827867,1000000000,steady,0,0,steady
rise5-late,628,6977777708,7011938904,1000000000,0,850000000,590277,4722216,590278,4722224,9444440,34161196,1000000000,steady,0,0,steady
rise5-late,629,6988888819,7021383344,1000000000,0,850000000,590277,4722216,590278,4722224,9444440,32494525,1000000000,steady,0,0,steady
rise5-late,630,6999999930,7030827784,1000000000,0,850000000,590277,4722216,590278,4722224,9444440,30827854,1000000000,steady,0,0,steady
rise5-late,631,7011111041,7040272224,1000000000,0,850000000,590277,4722216,590278,4722224,9444440,29161183,1000000000,steady,0,0,steady
rise5-late,632,7022222152,7049716664,1000000000,0,850000000,590277,4722216,590278,4722224,9444440,27494512,1000000000,steady,0,0,steady
rise5-late,633,7033333263,7059161104,1000000000,0,850000000,590277,4722216,590278,4722224,9444440,25827841,1000000000,steady,0,0,steady
rise5-late,634,7044444374,7068605544,1000000000,0,850000000,590277,4722216,590278,4722224,9444440,24161170,1000000000,steady,0,0,steady
rise5-late,635,7055555485,7078049984,1000000000,0,850000000,590277,4722216,590278,4722224,9444440,22494499,1000000000,steady,0,0,steady
rise5-late,636,7066666596,7087494424,1000000000,0,850000000,590277,4722216,590278,4722224,9444440,20827828,1000000000,steady,0,0,steady
rise5-late,637,7077777707,7096938864,1000000000,0,850000000,590277,4722216,590278,4722224,9444440,19161157,1000000000,steady,0,0,steady
rise5-late,638,7088888818,7106383304,1000000000,0,850000000,590277,4722216,590278,4722224,9444440,17494486,1000000000,steady,0,0,steady
rise5-late,639,7099999929,7115827744,1000000000,0,850000000,590277,4722216,590278,4722224,9444440,15827815,1000000000,steady,0,0,steady
rise5-late,640,7111111040,7125272184,1000000000,0,850000000,590277,4722216,590278,4722224,9444440,14161144,1000000000,steady,0,0,steady
rise5-late,641,7122222151,7134716624,1000000000,0,850000000,590277,4722216,590278,4722224,9444440,12494473,1000000000,steady,0,0,steady
rise5-late,642,7133333262,7144161064,1000000000,0,850000000,590277,4722216,590278,4722224,9444440,10827802,1000000000,steady,0,0,steady
rise5-late,643,7144444373,7153605504,1000000000,0,850000000,590277,4722216,590278,4722224,9444440,9161131,1000000000,steady,0,0,steady
rise5-late,644,7155555484,7163049944,1000000000,0,850000000,590277,4722216,590278,4722224,9444440,7494460,1000000000,steady,0,0,steady
rise5-late,645,7166666595,7172494384,1000000000,0,850000000,590277,4722216,590278,4722224,9444440,5827789,1000000000,steady,0,0,steady
rise5-late,646,7177777706,7181938824,1000000000,0,850000000,590277,4722216,590278,4722224,9444440,4161118,1000000000,steady,0,0,steady
rise5-late,647,7188888817,7191383264,1000000000,0,850000000,590277,4722216,590278,4722224,9444440,2494447,1000000000,steady,0,0,steady
rise5-late,648,7199999928,7200827704,1000000000,0,850000000,590277,4722216,590278,4722224,9444440,827776,1000000000,steady,0,0,steady
rise5-late,649,7211111039,7211111039,1000000000,0,850000000,590277,4722216,590278,4722224,9444440,0,1000000000,steady,0,0,steady
rise5-late,650,7222222150,7222222150,1000000000,0,850000000,590277,4722216,590278,4722224,9444440,0,1000000000,steady,0,0,steady
rise5-late,651,7233333261,7233333261,1000000000,0,850000000,590277,4722216,590278,4722224,9444440,0,1000000000,steady,0,0,steady
rise5-late,652,7244444372,7244444372,1000000000,0,850000000,590277,4722216,590278,4722224,9444440,0,1000000000,steady,0,0,steady
rise5-late,653,7255555483,7255555483,1000000000,0,850000000,590277,4722216,590278,4722224,9444440,0,1000000000,steady,0,0,steady
rise5-late,654,7266666594,7266666594,1000000000,0,850000000,590277,4722216,590278,4722224,9444440,0,1000000000,steady,0,0,steady
rise5-late,655,7277777705,7277777705,1000000000,0,850000000,590277,4722216,590278,4722224,9444440,0,1000000000,steady,0,0,steady
rise5-late,656,7288888816,7288888816,1000000000,0,850000000,590277,4722216,590278,4722224,9444440,0,1000000000,steady,0,0,steady
rise5-late,657,7299999927,7299999927,1000000000,0,850000000,590277,4722216,590278,4722224,9444440,0,1000000000,steady,0,0,steady
rise5-late,658,7311111038,7311111038,1000000000,0,850000000,590277,4722216,590278,4722224,9444440,0,1000000000,steady,0,0,steady
rise5-late,659,7322222149,7322222149,1000000000,0,850000000,590277,4722216,590278,4722224,9444440,0,1000000000,steady,0,0,steady
rise5-late,660,7333333260,7333333260,1000000000,0,850000000,590277,4722216,590278,4722224,9444440,0,1000000000,steady,0,0,steady
rise5-late,661,7344444371,7344444371,1000000000,0,850000000,590277,4722216,590278,4722224,9444440,0,1000000000,steady,0,0,steady
rise5-late,662,7355555482,7355555482,1000000000,0,850000000,590277,4722216,590278,4722224,9444440,0,1000000000,steady,0,0,steady
rise5-late,663,7366666593,7366666593,1000000000,0,850000000,590277,4722216,590278,4722224,9444440,0,1000000000,steady,0,0,steady
rise5-late,664,7377777704,7377777704,1000000000,0,850000000,590277,4722216,590278,4722224,9444440,0,1000000000,steady,0,0,steady
rise5-late,665,7388888815,7388888815,1000000000,0,850000000,590277,4722216,590278,4722224,9444440,0,1000000000,steady,0,0,steady
rise5-late,666,7399999926,7399999926,1000000000,0,850000000,590277,4722216,590278,4722224,9444440,0,1000000000,steady,0,0,steady
rise5-late,667,7411111037,7411111037,1000000000,0,850000000,590277,4722216,590278,4722224,9444440,0,1000000000,steady,0,0,steady
rise5-late,668,7422222148,7422222148,1000000000,0,850000000,590277,4722216,590278,4722224,9444440,0,1000000000,steady,0,0,steady
rise5-late,669,7433333259,7433333259,1000000000,0,850000000,590277,4722216,590278,4722224,9444440,0,1000000000,steady,0,0,steady
rise5-late,670,7444444370,7444444370,1000000000,0,850000000,590277,4722216,590278,4722224,9444440,0,1000000000,steady,0,0,steady
rise5-late,671,7455555481,7455555481,1000000000,0,850000000,590277,4722216,590278,4722224,9444440,0,1000000000,steady,0,0,steady
rise5-late,672,7466666592,7466666592,1000000000,0,850000000,590277,4722216,590278,4722224,9444440,0,1000000000,steady,0,0,steady
rise5-late,673,7477777703,7477777703,1000000000,0,850000000,590277,4722216,590278,4722224,9444440,0,1000000000,steady,0,0,steady
rise5-late,674,7488888814,7488888814,1000000000,0,850000000,590277,4722216,590278,4722224,9444440,0,1000000000,steady,0,0,steady
rise5-late,675,7499999925,7499999925,1000000000,0,850000000,590277,4722216,590278,4722224,9444440,0,1000000000,steady,0,0,steady
rise5-late,676,7511111036,7511111036,1000000000,0,850000000,590277,4722216,590278,4722224,9444440,0,1000000000,steady,0,0,steady
rise5-late,677,7522222147,7522222147,1000000000,0,850000000,590277,4722216,590278,4722224,9444440,0,1000000000,steady,0,0,steady
rise5-late,678,7533333258,7533333258,1000000000,0,850000000,590277,4722216,590278,4722224,9444440,0,1000000000,steady,0,0,steady
rise5-late,679,7544444369,7544444369,1000000000,0,850000000,590277,4722216,590278,4722224,9444440,0,1000000000,steady,0,0,steady
rise5-late,680,7555555480,7555555480,1000000000,0,850000000,590277,4722216,590278,4722224,9444440,0,1000000000,steady,0,0,steady
rise5-late,681,7566666591,7566666591,1000000000,0,850000000,590277,4722216,590278,4722224,9444440,0,1000000000,steady,0,0,steady
rise5-late,682,7577777702,7577777702,1000000000,0,850000000,590277,4722216,590278,4722224,9444440,0,1000000000,steady,0,0,steady
rise5-late,683,7588888813,7588888813,1000000000,0,850000000,590277,4722216,590278,4722224,9444440,0,1000000000,steady,0,0,steady
rise5-late,684,7599999924,7599999924,1000000000,0,850000000,590277,4722216,590278,4722224,9444440,0,1000000000,steady,0,0,steady
rise5-late,685,7611111035,7611111035,1000000000,0,850000000,590277,4722216,590278,4722224,9444440,0,1000000000,steady,0,0,steady
rise5-late,686,7622222146,7622222146,1000000000,0,850000000,590277,4722216,590278,4722224,9444440,0,1000000000,steady,0,0,steady
rise5-late,687,7633333257,7633333257,1000000000,0,850000000,590277,4722216,590278,4722224,9444440,0,1000000000,steady,0,0,steady
rise5-late,688,7644444368,7644444368,1000000000,0,850000000,590277,4722216,590278,4722224,9444440,0,1000000000,steady,0,0,steady
rise5-late,689,7655555479,7655555479,1000000000,0,850000000,590277,4722216,590278,4722224,9444440,0,1000000000,steady,0,0,steady
rise5-late,690,7666666590,7666666590,1000000000,0,850000000,590277,4722216,590278,4722224,9444440,0,1000000000,steady,0,0,steady
rise5-late,691,7677777701,7677777701,1000000000,0,850000000,590277,4722216,590278,4722224,9444440,0,1000000000,steady,0,0,steady
rise5-late,692,7688888812,7688888812,1000000000,0,850000000,590277,4722216,590278,4722224,9444440,0,1000000000,steady,0,0,steady
rise5-late,693,7699999923,7699999923,1000000000,0,850000000,590277,4722216,590278,4722224,9444440,0,1000000000,steady,0,0,steady
rise5-late,694,7711111034,7711111034,1000000000,0,850000000,590277,4722216,590278,4722224,9444440,0,1000000000,steady,0,0,steady
rise5-late,695,7722222145,7722222145,1000000000,0,850000000,590277,4722216,590278,4722224,9444440,0,1000000000,steady,0,0,steady
rise5-late,696,7733333256,7733333256,1000000000,0,850000000,590277,4722216,590278,4722224,9444440,0,1000000000,steady,0,0,steady
rise5-late,697,7744444367,7744444367,1000000000,0,850000000,590277,4722216,590278,4722224,9444440,0,1000000000,steady,0,0,steady
rise5-late,698,7755555478,7755555478,1000000000,0,850000000,590277,4722216,590278,4722224,9444440,0,1000000000,steady,0,0,steady
rise5-late,699,7766666589,7766666589,1000000000,0,850000000,590277,4722216,590278,4722224,9444440,0,1000000000,steady,0,0,steady
rise5-late,700,7777777700,7777777700,1000000000,0,850000000,590277,4722216,590278,4722224,9444440,0,1000000000,steady,0,0,steady
rise5-late,701,7788888811,7788888811,1000000000,0,850000000,590277,4722216,590278,4722224,9444440,0,1000000000,steady,0,0,steady
rise5-late,702,7799999922,7799999922,1000000000,0,850000000,590277,4722216,590278,4722224,9444440,0,1000000000,steady,0,0,steady
rise5-late,703,7811111033,7811111033,1000000000,0,850000000,590277,4722216,590278,4722224,9444440,0,1000000000,steady,0,0,steady
rise5-late,704,7822222144,7822222144,1000000000,0,850000000,590277,4722216,590278,4722224,9444440,0,1000000000,steady,0,0,steady
rise5-late,705,7833333255,7833333255,1000000000,0,850000000,590277,4722216,590278,4722224,9444440,0,1000000000,steady,0,0,steady
rise5-late,706,7844444366,7844444366,1000000000,0,850000000,590277,4722216,590278,4722224,9444440,0,1000000000,steady,0,0,steady
rise5-late,707,7855555477,7855555477,1000000000,0,850000000,590277,4722216,590278,4722224,9444440,0,1000000000,steady,0,0,steady
rise5-late,708,7866666588,7866666588,1000000000,0,850000000,590277,4722216,590278,4722224,9444440,0,1000000000,steady,0,0,steady
rise5-late,709,7877777699,7877777699,1000000000,0,850000000,590277,4722216,590278,4722224,9444440,0,1000000000,steady,0,0,steady
rise5-late,710,7888888810,7888888810,1000000000,0,850000000,590277,4722216,590278,4722224,9444440,0,1000000000,steady,0,0,steady
rise5-late,711,7899999921,7899999921,1000000000,0,850000000,590277,4722216,590278,4722224,9444440,0,1000000000,steady,0,0,steady
rise5-late,712,7911111032,7911111032,1000000000,0,850000000,590277,4722216,590278,4722224,9444440,0,1000000000,steady,0,0,steady
rise5-late,713,7922222143,7922222143,1000000000,0,850000000,590277,4722216,590278,4722224,9444440,0,1000000000,steady,0,0,steady
rise5-late,714,7933333254,7933333254,1000000000,0,850000000,590277,4722216,590278,4722224,9444440,0,1000000000,steady,0,0,steady
rise5-late,715,7944444365,7944444365,1000000000,0,850000000,590277,4722216,590278,4722224,9444440,0,1000000000,steady,0,0,steady
rise5-late,716,7955555476,7955555476,1000000000,0,850000000,590277,4722216,590278,4722224,9444440,0,1000000000,steady,0,0,steady
rise5-late,717,7966666587,7966666587,1000000000,0,850000000,590277,4722216,590278,4722224,9444440,0,1000000000,steady,0,0,steady
rise5-late,718,7977777698,7977777698,1000000000,0,850000000,590277,4722216,590278,4722224,9444440,0,1000000000,steady,0,0,steady
rise5-late,719,7988888809,7988888809,1000000000,0,850000000,590277,4722216,590278,4722224,9444440,0,1000000000,steady,0,0,steady
rise5-late,720,7999999920,7999999920,1000000000,0,850000000,590277,4722216,590278,4722224,9444440,0,1000000000,steady,0,0,steady
rise5-late,721,8011111031,8011111031,1000000000,0,850000000,590277,4722216,590278,4722224,9444440,0,1000000000,steady,0,0,steady
rise5-late,722,8022222142,8022222142,1000000000,0,850000000,590277,4722216,590278,4722224,9444440,0,1000000000,steady,0,0,steady
rise5-late,723,8033333253,8033333253,1000000000,0,850000000,590277,4722216,590278,4722224,9444440,0,1000000000,steady,0,0,steady
rise5-late,724,8044444364,8044444364,1000000000,0,850000000,590277,4722216,590278,4722224,9444440,0,1000000000,steady,0,0,steady
rise5-late,725,8055555475,8055555475,1000000000,0,850000000,590277,4722216,590278,4722224,9444440,0,1000000000,steady,0,0,steady
rise5-late,726,8066666586,8066666586,1000000000,0,850000000,590277,4722216,590278,4722224,9444440,0,1000000000,steady,0,0,steady
rise5-late,727,8077777697,8077777697,1000000000,0,850000000,590277,4722216,590278,4722224,9444440,0,1000000000,steady,0,0,steady
rise5-late,728,8088888808,8088888808,1000000000,0,850000000,590277,4722216,590278,4722224,9444440,0,1000000000,steady,0,0,steady
rise5-late,729,8099999919,8099999919,1000000000,0,850000000,590277,4722216,590278,4722224,9444440,0,1000000000,steady,0,0,steady
rise5-late,730,8111111030,8111111030,1000000000,0,850000000,590277,4722216,590278,4722224,9444440,0,1000000000,steady,0,0,steady
rise5-late,731,8122222141,8122222141,1000000000,0,850000000,590277,4722216,590278,4722224,9444440,0,1000000000,steady,0,0,steady
rise5-late,732,8133333252,8133333252,1000000000,0,850000000,590277,4722216,590278,4722224,9444440,0,1000000000,steady,0,0,steady
rise5-late,733,8144444363,8144444363,1000000000,0,850000000,590277,4722216,590278,4722224,9444440,0,1000000000,steady,0,0,steady
rise5-late,734,8155555474,8155555474,1000000000,0,850000000,590277,4722216,590278,4722224,9444440,0,1000000000,steady,0,0,steady
rise5-late,735,8166666585,8166666585,1000000000,0,850000000,590277,4722216,590278,4722224,9444440,0,1000000000,steady,0,0,steady
rise5-late,736,8177777696,8177777696,1000000000,0,850000000,590277,4722216,590278,4722224,9444440,0,1000000000,steady,0,0,steady
rise5-late,737,8188888807,8188888807,1000000000,0,850000000,590277,4722216,590278,4722224,9444440,0,1000000000,steady,0,0,steady
rise5-late,738,8199999918,8199999918,1000000000,0,850000000,590277,4722216,590278,4722224,9444440,0,1000000000,steady,0,0,steady
rise5-late,739,8211111029,8211111029,1000000000,0,850000000,590277,4722216,590278,4722224,9444440,0,1000000000,steady,0,0,steady
rise5-late,740,8222222140,8222222140,1000000000,0,850000000,590277,4722216,590278,4722224,9444440,0,1000000000,steady,0,0,steady
rise5-late,741,8233333251,8233333251,1000000000,0,850000000,590277,4722216,590278,4722224,9444440,0,1000000000,steady,0,0,steady
rise5-late,742,8244444362,8244444362,1000000000,0,850000000,590277,4722216,590278,4722224,9444440,0,1000000000,steady,0,0,steady
rise5-late,743,8255555473,8255555473,1000000000,0,850000000,590277,4722216,590278,4722224,9444440,0,1000000000,steady,0,0,steady
rise5-late,744,8266666584,8266666584,1000000000,0,850000000,590277,4722216,590278,4722224,9444440,0,1000000000,steady,0,0,steady
rise5-late,745,8277777695,8277777695,1000000000,0,850000000,590277,4722216,590278,4722224,9444440,0,1000000000,steady,0,0,steady
rise5-late,746,8288888806,8288888806,1000000000,0,850000000,590277,4722216,590278,4722224,9444440,0,1000000000,steady,0,0,steady
rise5-late,747,8299999917,8299999917,1000000000,0,850000000,590277,4722216,590278,4722224,9444440,0,1000000000,steady,0,0,steady
rise5-late,748,8311111028,8311111028,1000000000,0,850000000,590277,4722216,590278,4722224,9444440,0,1000000000,steady,0,0,steady
rise5-late,749,8322222139,8322222139,1000000000,0,850000000,590277,4722216,590278,4722224,9444440,0,1000000000,steady,0,0,steady
rise5-late,750,8333333250,8333333250,1000000000,0,850000000,590277,4722216,590278,4722224,9444440,0,1000000000,steady,0,0,steady
rise5-late,751,8344444361,8344444361,1000000000,0,850000000,590277,4722216,590278,4722224,9444440,0,1000000000,steady,0,0,steady
rise5-late,752,8355555472,8355555472,1000000000,0,850000000,590277,4722216,590278,4722224,9444440,0,1000000000,steady,0,0,steady
rise5-late,753,8366666583,8366666583,1000000000,0,850000000,590277,4722216,590278,4722224,9444440,0,1000000000,steady,0,0,steady
rise5-late,754,8377777694,8377777694,1000000000,0,850000000,590277,4722216,590278,4722224,9444440,0,1000000000,steady,0,0,steady
rise5-late,755,8388888805,8388888805,1000000000,0,850000000,590277,4722216,590278,4722224,9444440,0,1000000000,steady,0,0,steady
rise5-late,756,8399999916,8399999916,1000000000,0,850000000,590277,4722216,590278,4722224,9444440,0,1000000000,steady,0,0,steady
rise5-late,757,8411111027,8411111027,1000000000,0,850000000,590277,4722216,590278,4722224,9444440,0,1000000000,steady,0,0,steady
rise5-late,758,8422222138,8422222138,1000000000,0,850000000,590277,4722216,590278,4722224,9444440,0,1000000000,steady,0,0,steady
rise5-late,759,8433333249,8433333249,1000000000,0,850000000,590277,4722216,590278,4722224,9444440,0,1000000000,steady,0,0,steady
rise5-late,760,8444444360,8444444360,1000000000,0,850000000,590277,4722216,590278,4722224,9444440,0,1000000000,steady,0,0,steady
rise5-late,761,8455555471,8455555471,1000000000,0,850000000,590277,4722216,590278,4722224,9444440,0,1000000000,steady,0,0,steady
rise5-late,762,8466666582,8466666582,1000000000,0,850000000,590277,4722216,590278,4722224,9444440,0,1000000000,steady,0,0,steady
rise5-late,763,8477777693,8477777693,1000000000,0,850000000,590277,4722216,590278,4722224,9444440,0,1000000000,steady,0,0,steady
rise5-late,764,8488888804,8488888804,1000000000,0,850000000,590277,4722216,590278,4722224,9444440,0,1000000000,steady,0,0,steady
rise5-late,765,8499999915,8499999915,1000000000,0,850000000,590277,4722216,590278,4722224,9444440,0,1000000000,steady,0,0,steady
rise5-late,766,8511111026,8511111026,1000000000,0,850000000,590277,4722216,590278,4722224,9444440,0,1000000000,steady,0,0,steady
rise5-late,767,8522222137,8522222137,1000000000,0,850000000,590277,4722216,590278,4722224,9444440,0,1000000000,steady,0,0,steady
rise5-late,768,8533333248,8533333248,1000000000,0,850000000,590277,4722216,590278,4722224,9444440,0,1000000000,steady,0,0,steady
rise5-late,769,8544444359,8544444359,1000000000,0,850000000,590277,4722216,590278,4722224,9444440,0,1000000000,steady,0,0,steady
rise5-late,770,8555555470,8555555470,1000000000,0,850000000,590277,4722216,590278,4722224,9444440,0,1000000000,steady,0,0,steady
rise5-late,771,8566666581,8566666581,1000000000,0,850000000,590277,4722216,590278,4722224,9444440,0,1000000000,steady,0,0,steady
rise5-late,772,8577777692,8577777692,1000000000,0,850000000,590277,4722216,590278,4722224,9444440,0,1000000000,steady,0,0,steady
rise5-late,773,8588888803,8588888803,1000000000,0,850000000,590277,4722216,590278,4722224,9444440,0,1000000000,steady,0,0,steady
rise5-late,774,8599999914,8599999914,1000000000,0,850000000,590277,4722216,590278,4722224,9444440,0,1000000000,steady,0,0,steady
rise5-late,775,8611111025,8611111025,1000000000,0,850000000,590277,4722216,590278,4722224,9444440,0,1000000000,steady,0,0,steady
rise5-late,776,8622222136,8622222136,1000000000,0,850000000,590277,4722216,590278,4722224,9444440,0,1000000000,steady,0,0,steady
rise5-late,777,8633333247,8633333247,1000000000,0,850000000,590277,4722216,590278,4722224,9444440,0,1000000000,steady,0,0,steady
rise5-late,778,8644444358,8644444358,1000000000,0,850000000,590277,4722216,590278,4722224,9444440,0,1000000000,steady,0,0,steady
rise5-late,779,8655555469,8655555469,1000000000,0,850000000,590277,4722216,590278,4722224,9444440,0,1000000000,steady,0,0,steady
rise5-late,780,8666666580,8666666580,1000000000,0,850000000,590277,4722216,590278,4722224,9444440,0,1000000000,steady,0,0,steady
rise5-late,781,8677777691,8677777691,1000000000,0,850000000,590277,4722216,590278,4722224,9444440,0,1000000000,steady,0,0,steady
rise5-late,782,8688888802,8688888802,1000000000,0,850000000,590277,4722216,590278,4722224,9444440,0,1000000000,steady,0,0,steady
rise5-late,783,8699999913,8699999913,1000000000,0,850000000,590277,4722216,590278,4722224,9444440,0,1000000000,steady,0,0,steady
rise5-late,784,8711111024,8711111024,1000000000,0,850000000,590277,4722216,590278,4722224,9444440,0,1000000000,steady,0,0,steady
rise5-late,785,8722222135,8722222135,1000000000,0,850000000,590277,4722216,590278,4722224,9444440,0,1000000000,steady,0,0,steady
rise5-late,786,8733333246,8733333246,1000000000,0,850000000,590277,4722216,590278,4722224,9444440,0,1000000000,steady,0,0,steady
rise5-late,787,8744444357,8744444357,1000000000,0,850000000,590277,4722216,590278,4722224,9444440,0,1000000000,steady,0,0,steady
rise5-late,788,8755555468,8755555468,1000000000,0,850000000,590277,4722216,590278,4722224,9444440,0,1000000000,steady,0,0,steady
rise5-late,789,8766666579,8766666579,1000000000,0,850000000,590277,4722216,590278,4722224,9444440,0,1000000000,steady,0,0,steady
rise5-late,790,8777777690,8777777690,1000000000,0,850000000,590277,4722216,590278,4722224,9444440,0,1000000000,steady,0,0,steady
rise5-late,791,8788888801,8788888801,1000000000,0,850000000,590277,4722216,590278,4722224,9444440,0,1000000000,steady,0,0,steady
rise5-late,792,8799999912,8799999912,1000000000,0,850000000,590277,4722216,590278,4722224,9444440,0,1000000000,steady,0,0,steady
rise5-late,793,8811111023,8811111023,1000000000,0,850000000,590277,4722216,590278,4722224,9444440,0,1000000000,steady,0,0,steady
rise5-late,794,8822222134,8822222134,1000000000,0,850000000,590277,4722216,590278,4722224,9444440,0,1000000000,steady,0,0,steady
rise5-late,795,8833333245,8833333245,1000000000,0,850000000,590277,4722216,590278,4722224,9444440,0,1000000000,steady,0,0,steady
rise5-late,796,8844444356,8844444356,1000000000,0,850000000,590277,4722216,590278,4722224,9444440,0,1000000000,steady,0,0,steady
rise5-late,797,8855555467,8855555467,1000000000,0,850000000,590277,4722216,590278,4722224,9444440,0,1000000000,steady,0,0,steady
rise5-late,798,8866666578,8866666578,1000000000,0,850000000,590277,4722216,590278,4722224,9444440,0,1000000000,steady,0,0,steady
rise5-late,799,8877777689,8877777689,1000000000,0,850000000,590277,4722216,590278,4722224,9444440,0,1000000000,steady,0,0,steady
rise5-late,800,8888888800,8888888800,1000000000,0,850000000,590277,4722216,590278,4722224,9444440,0,1000000000,steady,0,0,steady
rise5-late,801,8899999911,8899999911,1000000000,0,850000000,590277,4722216,590278,4722224,9444440,0,1000000000,steady,0,0,steady
rise5-late,802,8911111022,8911111022,1000000000,0,850000000,590277,4722216,590278,4722224,9444440,0,1000000000,steady,0,0,steady
rise5-late,803,8922222133,8922222133,1000000000,0,850000000,590277,4722216,590278,4722224,9444440,0,1000000000,steady,0,0,steady
rise5-late,804,8933333244,8933333244,1000000000,0,850000000,590277,4722216,590278,4722224,9444440,0,1000000000,steady,0,0,steady
rise5-late,805,8944444355,8944444355,1000000000,0,850000000,590277,4722216,590278,4722224,9444440,0,1000000000,steady,0,0,steady
rise5-late,806,8955555466,8955555466,1000000000,0,850000000,590277,4722216,590278,4722224,9444440,0,1000000000,steady,0,0,steady
rise5-late,807,8966666577,8966666577,1000000000,0,850000000,590277,4722216,590278,4722224,9444440,0,1000000000,steady,0,0,steady
rise5-late,808,8977777688,8977777688,1000000000,0,850000000,590277,4722216,590278,4722224,9444440,0,1000000000,steady,0,0,steady
rise5-late,809,8988888799,8988888799,1000000000,0,850000000,590277,4722216,590278,4722224,9444440,0,1000000000,steady,0,0,steady
rise5-late,810,8999999910,8999999910,1000000000,0,850000000,590277,4722216,590278,4722224,9444440,0,1000000000,steady,0,0,steady
rise5-late,811,9011111021,9011111021,1000000000,0,850000000,590277,4722216,590278,4722224,9444440,0,1000000000,steady,0,0,steady
rise5-late,812,9022222132,9022222132,1000000000,0,850000000,590277,4722216,590278,4722224,9444440,0,1000000000,steady,0,0,steady
rise5-late,813,9033333243,9033333243,1000000000,0,850000000,590277,4722216,590278,4722224,9444440,0,1000000000,steady,0,0,steady
rise5-late,814,9044444354,9044444354,1000000000,0,850000000,590277,4722216,590278,4722224,9444440,0,1000000000,steady,0,0,steady
rise5-late,815,9055555465,9055555465,1000000000,0,850000000,590277,4722216,590278,4722224,9444440,0,1000000000,steady,0,0,steady
rise5-late,816,9066666576,9066666576,1000000000,0,850000000,590277,4722216,590278,4722224,9444440,0,1000000000,steady,0,0,steady
rise5-late,817,9077777687,9077777687,1000000000,0,850000000,590277,4722216,590278,4722224,9444440,0,1000000000,steady,0,0,steady
rise5-late,818,9088888798,9088888798,1000000000,0,850000000,590277,4722216,590278,4722224,9444440,0,1000000000,steady,0,0,steady
rise5-late,819,9099999909,9099999909,1000000000,0,850000000,590277,4722216,590278,4722224,9444440,0,1000000000,steady,0,0,steady
rise5-late,820,9111111020,9111111020,1000000000,0,850000000,590277,4722216,590278,4722224,9444440,0,1000000000,steady,0,0,steady
rise5-late,821,9122222131,9122222131,1000000000,0,850000000,590277,4722216,590278,4722224,9444440,0,1000000000,steady,0,0,steady
rise5-late,822,9133333242,9133333242,1000000000,0,850000000,590277,4722216,590278,4722224,9444440,0,1000000000,steady,0,0,steady
rise5-late,823,9144444353,9144444353,1000000000,0,850000000,590277,4722216,590278,4722224,9444440,0,1000000000,steady,0,0,steady
rise5-late,824,9155555464,9155555464,1000000000,0,850000000,590277,4722216,590278,4722224,9444440,0,1000000000,steady,0,0,steady
rise5-late,825,9166666575,9166666575,1000000000,0,850000000,590277,4722216,590278,4722224,9444440,0,1000000000,steady,0,0,steady
rise5-late,826,9177777686,9177777686,1000000000,0,850000000,590277,4722216,590278,4722224,9444440,0,1000000000,steady,0,0,steady
rise5-late,827,9188888797,9188888797,1000000000,0,850000000,590277,4722216,590278,4722224,9444440,0,1000000000,steady,0,0,steady
rise5-late,828,9199999908,9199999908,1000000000,0,850000000,590277,4722216,590278,4722224,9444440,0,1000000000,steady,0,0,steady
rise5-late,829,9211111019,9211111019,1000000000,0,850000000,590277,4722216,590278,4722224,9444440,0,1000000000,steady,0,0,steady
rise5-late,830,9222222130,9222222130,1000000000,0,850000000,590277,4722216,590278,4722224,9444440,0,1000000000,steady,0,0,steady
rise5-late,831,9233333241,9233333241,1000000000,0,850000000,590277,4722216,590278,4722224,9444440,0,1000000000,steady,0,0,steady
rise5-late,832,9244444352,9244444352,1000000000,0,850000000,590277,4722216,590278,4722224,9444440,0,1000000000,steady,0,0,steady
rise5-late,833,9255555463,9255555463,1000000000,0,850000000,590277,4722216,590278,4722224,9444440,0,1000000000,steady,0,0,steady
rise5-late,834,9266666574,9266666574,1000000000,0,850000000,590277,4722216,590278,4722224,9444440,0,1000000000,steady,0,0,steady
rise5-late,835,9277777685,9277777685,1000000000,0,850000000,590277,4722216,590278,4722224,9444440,0,1000000000,steady,0,0,steady
rise5-late,836,9288888796,9288888796,1000000000,0,850000000,590277,4722216,590278,4722224,9444440,0,1000000000,steady,0,0,steady
rise5-late,837,9299999907,9299999907,1000000000,0,850000000,590277,4722216,590278,4722224,9444440,0,1000000000,steady,0,0,steady
rise5-late,838,9311111018,9311111018,1000000000,0,850000000,590277,4722216,590278,4722224,9444440,0,1000000000,steady,0,0,steady
rise5-late,839,9322222129,9322222129,1000000000,0,850000000,590277,4722216,590278,4722224,9444440,0,1000000000,steady,0,0,steady
rise5-late,840,9333333240,9333333240,1000000000,0,850000000,590277,4722216,590278,4722224,9444440,0,1000000000,steady,0,0,steady
rise5-late,841,9344444351,9344444351,1000000000,0,850000000,590277,4722216,590278,4722224,9444440,0,1000000000,steady,0,0,steady
rise5-late,842,9355555462,9355555462,1000000000,0,850000000,590277,4722216,590278,4722224,9444440,0,1000000000,steady,0,0,steady
rise5-late,843,9366666573,9366666573,1000000000,0,850000000,590277,4722216,590278,4722224,9444440,0,1000000000,steady,0,0,steady
rise5-late,844,9377777684,9377777684,1000000000,0,850000000,590277,4722216,590278,4722224,9444440,0,1000000000,steady,0,0,steady
rise5-late,845,9388888795,9388888795,1000000000,0,850000000,590277,4722216,590278,4722224,9444440,0,1000000000,steady,0,0,steady
rise5-late,846,9399999906,9399999906,1000000000,0,850000000,590277,4722216,590278,4722224,9444440,0,1000000000,steady,0,0,steady
rise5-late,847,9411111017,9411111017,1000000000,0,850000000,590277,4722216,590278,4722224,9444440,0,1000000000,steady,0,0,steady
rise5-late,848,9422222128,9422222128,1000000000,0,850000000,590277,4722216,590278,4722224,9444440,0,1000000000,steady,0,0,steady
rise5-late,849,9433333239,9433333239,1000000000,0,850000000,590277,4722216,590278,4722224,9444440,0,1000000000,steady,0,0,steady
rise5-late,850,9444444350,9444444350,1000000000,0,850000000,590277,4722216,590278,4722224,9444440,0,1000000000,steady,0,0,steady
rise5-late,851,9455555461,9455555461,1000000000,0,850000000,590277,4722216,590278,4722224,9444440,0,1000000000,steady,0,0,steady
rise5-late,852,9466666572,9466666572,1000000000,0,850000000,590277,4722216,590278,4722224,9444440,0,1000000000,steady,0,0,steady
rise5-late,853,9477777683,9477777683,1000000000,0,850000000,590277,4722216,590278,4722224,9444440,0,1000000000,steady,0,0,steady
rise5-late,854,9488888794,9488888794,1000000000,0,850000000,590277,4722216,590278,4722224,9444440,0,1000000000,steady,0,0,steady
rise5-late,855,9499999905,9499999905,1000000000,0,850000000,590277,4722216,590278,4722224,9444440,0,1000000000,steady,0,0,steady
rise5-late,856,9511111016,9511111016,1000000000,0,850000000,590277,4722216,590278,4722224,9444440,0,1000000000,steady,0,0,steady
rise5-late,857,9522222127,9522222127,1000000000,0,850000000,590277,4722216,590278,4722224,9444440,0,1000000000,steady,0,0,steady
rise5-late,858,9533333238,9533333238,1000000000,0,850000000,590277,4722216,590278,4722224,9444440,0,1000000000,steady,0,0,steady
rise5-late,859,9544444349,9544444349,1000000000,0,850000000,590277,4722216,590278,4722224,9444440,0,1000000000,steady,0,0,steady
rise5-late,860,9555555460,9555555460,1000000000,0,850000000,590277,4722216,590278,4722224,9444440,0,1000000000,steady,0,0,steady
rise5-late,861,9566666571,9566666571,1000000000,0,850000000,590277,4722216,590278,4722224,9444440,0,1000000000,steady,0,0,steady
rise5-late,862,9577777682,9577777682,1000000000,0,850000000,590277,4722216,590278,4722224,9444440,0,1000000000,steady,0,0,steady
rise5-late,863,9588888793,9588888793,1000000000,0,850000000,590277,4722216,590278,4722224,9444440,0,1000000000,steady,0,0,steady
rise5-late,864,9599999904,9599999904,1000000000,0,850000000,590277,4722216,590278,4722224,9444440,0,1000000000,steady,0,0,steady
rise5-late,865,9611111015,9611111015,1000000000,0,850000000,590277,4722216,590278,4722224,9444440,0,1000000000,steady,0,0,steady
rise5-late,866,9622222126,9622222126,1000000000,0,850000000,590277,4722216,590278,4722224,9444440,0,1000000000,steady,0,0,steady
rise5-late,867,9633333237,9633333237,1000000000,0,850000000,590277,4722216,590278,4722224,9444440,0,1000000000,steady,0,0,steady
rise5-late,868,9644444348,9644444348,1000000000,0,850000000,590277,4722216,590278,4722224,9444440,0,1000000000,steady,0,0,steady
rise5-late,869,9655555459,9655555459,1000000000,0,850000000,590277,4722216,590278,4722224,9444440,0,1000000000,steady,0,0,steady
rise5-late,870,9666666570,9666666570,1000000000,0,850000000,590277,4722216,590278,4722224,9444440,0,1000000000,steady,0,0,steady
rise5-late,871,9677777681,9677777681,1000000000,0,850000000,590277,4722216,590278,4722224,9444440,0,1000000000,steady,0,0,steady
rise5-late,872,9688888792,9688888792,1000000000,0,850000000,590277,4722216,590278,4722224,9444440,0,1000000000,steady,0,0,steady
rise5-late,873,9699999903,9699999903,1000000000,0,850000000,590277,4722216,590278,4722224,9444440,0,1000000000,steady,0,0,steady
rise5-late,874,9711111014,9711111014,1000000000,0,850000000,590277,4722216,590278,4722224,9444440,0,1000000000,steady,0,0,steady
rise5-late,875,9722222125,9722222125,1000000000,0,850000000,590277,4722216,590278,4722224,9444440,0,1000000000,steady,0,0,steady
rise5-late,876,9733333236,9733333236,1000000000,0,850000000,590277,4722216,590278,4722224,9444440,0,1000000000,steady,0,0,steady
rise5-late,877,9744444347,9744444347,1000000000,0,850000000,590277,4722216,590278,4722224,9444440,0,1000000000,steady,0,0,steady
rise5-late,878,9755555458,9755555458,1000000000,0,850000000,590277,4722216,590278,4722224,9444440,0,1000000000,steady,0,0,steady
rise5-late,879,9766666569,9766666569,1000000000,0,850000000,590277,4722216,590278,4722224,9444440,0,1000000000,steady,0,0,steady
rise5-late,880,9777777680,9777777680,1000000000,0,850000000,590277,4722216,590278,4722224,9444440,0,1000000000,steady,0,0,steady
rise5-late,881,9788888791,9788888791,1000000000,0,850000000,590277,4722216,590278,4722224,9444440,0,1000000000,steady,0,0,steady
rise5-late,882,9799999902,9799999902,1000000000,0,850000000,590277,4722216,590278,4722224,9444440,0,1000000000,steady,0,0,steady
rise5-late,883,9811111013,9811111013,1000000000,0,850000000,590277,4722216,590278,4722224,9444440,0,1000000000,steady,0,0,steady
rise5-late,884,9822222124,9822222124,1000000000,0,850000000,590277,4722216,590278,4722224,9444440,0,1000000000,steady,0,0,steady
rise5-late,885,9833333235,9833333235,1000000000,0,850000000,590277,4722216,590278,4722224,9444440,0,1000000000,steady,0,0,steady
rise5-late,886,9844444346,9844444346,1000000000,0,850000000,590277,4722216,590278,4722224,9444440,0,1000000000,steady,0,0,steady
rise5-late,887,9855555457,9855555457,1000000000,0,850000000,590277,4722216,590278,4722224,9444440,0,1000000000,steady,0,0,steady
rise5-late,888,9866666568,9866666568,1000000000,0,850000000,590277,4722216,590278,4722224,9444440,0,1000000000,steady,0,0,steady
rise5-late,889,9877777679,9877777679,1000000000,0,850000000,590277,4722216,590278,4722224,9444440,0,1000000000,steady,0,0,steady
rise5-late,890,9888888790,9888888790,1000000000,0,850000000,590277,4722216,590278,4722224,9444440,0,1000000000,steady,0,0,steady
rise5-late,891,9899999901,9899999901,1000000000,0,850000000,590277,4722216,590278,4722224,9444440,0,1000000000,steady,0,0,steady
rise5-late,892,9911111012,9911111012,1000000000,0,850000000,590277,4722216,590278,4722224,9444440,0,1000000000,steady,0,0,steady
rise5-late,893,9922222123,9922222123,1000000000,0,850000000,590277,4722216,590278,4722224,9444440,0,1000000000,steady,0,0,steady
rise5-late,894,9933333234,9933333234,1000000000,0,850000000,590277,4722216,590278,4722224,9444440,0,1000000000,steady,0,0,steady
rise5-late,895,9944444345,9944444345,1000000000,0,850000000,590277,4722216,590278,4722224,9444440,0,1000000000,steady,0,0,steady
rise5-late,896,9955555456,9955555456,1000000000,0,850000000,590277,4722216,590278,4722224,9444440,0,1000000000,steady,0,0,steady
rise5-late,897,9966666567,9966666567,1000000000,0,850000000,590277,4722216,590278,4722224,9444440,0,1000000000,steady,0,0,steady
rise5-late,898,9977777678,9977777678,1000000000,0,850000000,590277,4722216,590278,4722224,9444440,0,1000000000,steady,0,0,steady
rise5-late,899,9988888789,9988888789,1000000000,0,850000000,590277,4722216,590278,4722224,9444440,0,1000000000,steady,0,0,steady
rise5-late,900,9999999900,9999999900,1000000000,0,850000000,590277,4722216,590278,4722224,9444440,0,1000000000,steady,0,0,steady
rise5-late,901,10011111011,10011111011,1000000000,0,850000000,590277,4722216,590278,4722224,9444440,0,1000000000,steady,0,0,steady
rise5-late,902,10022222122,10022222122,1000000000,0,850000000,590277,4722216,590278,4722224,9444440,0,1000000000,steady,0,0,steady
rise5-late,903,10033333233,10033333233,1000000000,0,850000000,590277,4722216,590278,4722224,9444440,0,1000000000,steady,0,0,steady
rise5-late,904,10044444344,10044444344,1000000000,0,850000000,590277,4722216,590278,4722224,9444440,0,1000000000,steady,0,0,steady
rise5-late,905,10055555455,10055555455,1000000000,0,850000000,590277,4722216,590278,4722224,9444440,0,1000000000,steady,0,0,steady
rise5-late,906,10066666566,10066666566,1000000000,0,850000000,590277,4722216,590278,4722224,9444440,0,1000000000,steady,0,0,steady
rise5-late,907,10077777677,10077777677,1000000000,0,850000000,590277,4722216,590278,4722224,9444440,0,1000000000,steady,0,0,steady
rise5-late,908,10088888788,10088888788,1000000000,0,850000000,590277,4722216,590278,4722224,9444440,0,1000000000,steady,0,0,steady
rise5-late,909,10099999899,10099999899,1000000000,0,850000000,590277,4722216,590278,4722224,9444440,0,1000000000,steady,0,0,steady
rise5-late,910,10111111010,10111111010,1000000000,0,850000000,590277,4722216,590278,4722224,9444440,0,1000000000,steady,0,0,steady
rise5-late,911,10122222121,10122222121,1000000000,0,850000000,590277,4722216,590278,4722224,9444440,0,1000000000,steady,0,0,steady
rise5-late,912,10133333232,10133333232,1000000000,0,850000000,590277,4722216,590278,4722224,9444440,0,1000000000,steady,0,0,steady
rise5-late,913,10144444343,10144444343,1000000000,0,850000000,590277,4722216,590278,4722224,9444440,0,1000000000,steady,0,0,steady
rise5-late,914,10155555454,10155555454,1000000000,0,850000000,590277,4722216,590278,4722224,9444440,0,1000000000,steady,0,0,steady
rise5-late,915,10166666565,10166666565,1000000000,0,850000000,590277,4722216,590278,4722224,9444440,0,1000000000,steady,0,0,steady
rise5-late,916,10177777676,10177777676,1000000000,0,850000000,590277,4722216,590278,4722224,9444440,0,1000000000,steady,0,0,steady
rise5-late,917,10188888787,10188888787,1000000000,0,850000000,590277,4722216,590278,4722224,9444440,0,1000000000,steady,0,0,steady
rise5-late,918,10199999898,10199999898,1000000000,0,850000000,590277,4722216,590278,4722224,9444440,0,1000000000,steady,0,0,steady
rise5-late,919,10211111009,10211111009,1000000000,0,850000000,590277,4722216,590278,4722224,9444440,0,1000000000,steady,0,0,steady
rise5-late,920,10222222120,10222222120,1000000000,0,850000000,590277,4722216,590278,4722224,9444440,0,1000000000,steady,0,0,steady
rise5-late,921,10233333231,10233333231,1000000000,0,850000000,590277,4722216,590278,4722224,9444440,0,1000000000,steady,0,0,steady
rise5-late,922,10244444342,10244444342,1000000000,0,850000000,590277,4722216,590278,4722224,9444440,0,1000000000,steady,0,0,steady
rise5-late,923,10255555453,10255555453,1000000000,0,850000000,590277,4722216,590278,4722224,9444440,0,1000000000,steady,0,0,steady
rise5-late,924,10266666564,10266666564,1000000000,0,850000000,590277,4722216,590278,4722224,9444440,0,1000000000,steady,0,0,steady
rise5-late,925,10277777675,10277777675,1000000000,0,850000000,590277,4722216,590278,4722224,9444440,0,1000000000,steady,0,0,steady
rise5-late,926,10288888786,10288888786,1000000000,0,850000000,590277,4722216,590278,4722224,9444440,0,1000000000,steady,0,0,steady
rise5-late,927,10299999897,10299999897,1000000000,0,850000000,590277,4722216,590278,4722224,9444440,0,1000000000,steady,0,0,steady
rise5-late,928,10311111008,10311111008,1000000000,0,850000000,590277,4722216,590278,4722224,9444440,0,1000000000,steady,0,0,steady
rise5-late,929,10322222119,10322222119,1000000000,0,850000000,590277,4722216,590278,4722224,9444440,0,1000000000,steady,0,0,steady
rise5-late,930,10333333230,10333333230,1000000000,0,850000000,590277,4722216,590278,4722224,9444440,0,1000000000,steady,0,0,steady
rise5-late,931,10344444341,10344444341,1000000000,0,850000000,590277,4722216,590278,4722224,9444440,0,1000000000,steady,0,0,steady
rise5-late,932,10355555452,10355555452,1000000000,0,850000000,590277,4722216,590278,4722224,9444440,0,1000000000,steady,0,0,steady
rise5-late,933,10366666563,10366666563,1000000000,0,850000000,590277,4722216,590278,4722224,9444440,0,1000000000,steady,0,0,steady
rise5-late,934,10377777674,10377777674,1000000000,0,850000000,590277,4722216,590278,4722224,9444440,0,1000000000,steady,0,0,steady
rise5-late,935,10388888785,10388888785,1000000000,0,850000000,590277,4722216,590278,4722224,9444440,0,1000000000,steady,0,0,steady
rise5-late,936,10399999896,10399999896,1000000000,0,850000000,590277,4722216,590278,4722224,9444440,0,1000000000,steady,0,0,steady
rise5-late,937,10411111007,10411111007,1000000000,0,850000000,590277,4722216,590278,4722224,9444440,0,1000000000,steady,0,0,steady
rise5-late,938,10422222118,10422222118,1000000000,0,850000000,590277,4722216,590278,4722224,9444440,0,1000000000,steady,0,0,steady
rise5-late,939,10433333229,10433333229,1000000000,0,850000000,590277,4722216,590278,4722224,9444440,0,1000000000,steady,0,0,steady
rise5-late,940,10444444340,10444444340,1000000000,0,850000000,590277,4722216,590278,4722224,9444440,0,1000000000,steady,0,0,steady
rise5-late,941,10455555451,10455555451,1000000000,0,850000000,590277,4722216,590278,4722224,9444440,0,1000000000,steady,0,0,steady
rise5-late,942,10466666562,10466666562,1000000000,0,850000000,590277,4722216,590278,4722224,9444440,0,1000000000,steady,0,0,steady
rise5-late,943,10477777673,10477777673,1000000000,0,850000000,590277,4722216,590278,4722224,9444440,0,1000000000,steady,0,0,steady
rise5-late,944,10488888784,10488888784,1000000000,0,850000000,590277,4722216,590278,4722224,9444440,0,1000000000,steady,0,0,steady
rise5-late,945,10499999895,10499999895,1000000000,0,850000000,590277,4722216,590278,4722224,9444440,0,1000000000,steady,0,0,steady
rise5-late,946,10511111006,10511111006,1000000000,0,850000000,590277,4722216,590278,4722224,9444440,0,1000000000,steady,0,0,steady
rise5-late,947,10522222117,10522222117,1000000000,0,850000000,590277,4722216,590278,4722224,9444440,0,1000000000,steady,0,0,steady
rise5-late,948,10533333228,10533333228,1000000000,0,850000000,590277,4722216,590278,4722224,9444440,0,1000000000,steady,0,0,steady
rise5-late,949,10544444339,10544444339,1000000000,0,850000000,590277,4722216,590278,4722224,9444440,0,1000000000,steady,0,0,steady
rise5-late,950,10555555450,10555555450,1000000000,0,850000000,590277,4722216,590278,4722224,9444440,0,1000000000,steady,0,0,steady
rise5-late,951,10566666561,10566666561,1000000000,0,850000000,590277,4722216,590278,4722224,9444440,0,1000000000,steady,0,0,steady
rise5-late,952,10577777672,10577777672,1000000000,0,850000000,590277,4722216,590278,4722224,9444440,0,1000000000,steady,0,0,steady
rise5-late,953,10588888783,10588888783,1000000000,0,850000000,590277,4722216,590278,4722224,9444440,0,1000000000,probe,1,0,steady
rise5-late,954,10599999894,10599999894,1000000000,0,1000000000,694444,5555552,694444,5555552,11111104,0,1000000000,probe,0,0,probe
rise5-late,955,10611111005,10611111005,1000000000,0,1000000000,694444,5555552,694444,5555552,11111104,0,1000000000,probe,0,0,probe
rise5-late,956,10622222116,10622222116,1000000000,0,1000000000,694444,5555552,694444,5555552,11111104,0,1000000000,probe,0,0,probe
rise5-late,957,10633333227,10633333227,1000000000,0,1000000000,694444,5555552,694444,5555552,11111104,0,1000000000,probe,0,0,probe
rise5-late,958,10644444338,10644444338,1000000000,0,1000000000,694444,5555552,694444,5555552,11111104,0,1000000000,probe,0,0,probe
rise5-late,959,10655555449,10655555449,1000000000,0,1000000000,694444,5555552,694444,5555552,11111104,0,1000000000,probe,0,0,probe
rise5-late,960,10666666560,10666666560,1000000000,0,1000000000,694444,5555552,694444,5555552,11111104,0,1000000000,probe,0,0,probe
rise5-late,961,10677777671,10677777671,1000000000,0,1000000000,694444,5555552,694444,5555552,11111104,0,1000000000,probe,0,0,probe
rise5-late,962,10688888782,10688888782,1000000000,0,1000000000,694444,5555552,694444,5555552,11111104,0,1000000000,probe,0,0,probe
rise5-late,963,10699999893,10699999893,1000000000,0,1000000000,694444,5555552,694444,5555552,11111104,0,1000000000,probe,0,0,probe
rise5-late,964,10711111004,10711111004,1000000000,0,1000000000,694444,5555552,694444,5555552,11111104,0,1000000000,probe,0,0,probe
rise5-late,965,10722222115,10722222115,1000000000,0,1000000000,694444,5555552,694444,5555552,11111104,0,1000000000,probe,0,0,probe
rise5-late,966,10733333226,10733333226,1000000000,0,1000000000,694444,5555552,694444,5555552,11111104,0,1000000000,probe,0,0,probe
rise5-late,967,10744444337,10744444337,1000000000,0,1000000000,694444,5555552,694444,5555552,11111104,0,1000000000,probe,0,0,probe
rise5-late,968,10755555448,10755555448,1000000000,0,1000000000,694444,5555552,694444,5555552,11111104,0,1000000000,probe,0,0,probe
rise5-late,969,10766666559,10766666559,1000000000,0,1000000000,694444,5555552,694444,5555552,11111104,0,1000000000,probe,0,0,probe
rise5-late,970,10777777670,10777777670,1000000000,0,1000000000,694444,5555552,694444,5555552,11111104,0,1000000000,probe,0,0,probe
rise5-late,971,10788888781,10788888781,1000000000,0,1000000000,694444,5555552,694444,5555552,11111104,0,1000000000,probe,0,0,probe
rise5-late,972,10799999892,10799999892,1000000000,0,1000000000,694444,5555552,694444,5555552,11111104,0,1000000000,probe,0,0,probe
rise5-late,973,10811111003,10811111003,1000000000,0,1000000000,694444,5555552,694444,5555552,11111104,0,1000000000,probe,0,0,probe
rise5-late,974,10822222114,10822222114,1000000000,0,1000000000,694444,5555552,694444,5555552,11111104,0,1000000000,probe,0,0,probe
rise5-late,975,10833333225,10833333225,1000000000,0,1000000000,694444,5555552,694444,5555552,11111104,0,1000000000,probe,0,0,probe
rise5-late,976,10844444336,10844444336,1000000000,0,1000000000,694444,5555552,694444,5555552,11111104,0,1000000000,probe,0,0,probe
rise5-late,977,10855555447,10855555447,1000000000,0,1000000000,694444,5555552,694444,5555552,11111104,0,1000000000,probe,0,0,probe
rise5-late,978,10866666558,10866666558,1000000000,0,1000000000,694444,5555552,694444,5555552,11111104,0,1000000000,probe,0,0,probe
rise5-late,979,10877777669,10877777669,1000000000,0,1000000000,694444,5555552,694444,5555552,11111104,0,1000000000,probe,0,0,probe
rise5-late,980,10888888780,10888888780,1000000000,0,1000000000,694444,5555552,694444,5555552,11111104,0,1000000000,probe,0,0,probe
rise5-late,981,10899999891,10899999891,1000000000,0,1000000000,694444,5555552,694444,5555552,11111104,0,1000000000,probe,0,0,probe
rise5-late,982,10911111002,10911111002,1000000000,0,1000000000,694444,5555552,694444,5555552,11111104,0,1000000000,probe,0,0,probe
rise5-late,983,10922222113,10922222113,1000000000,0,1000000000,694444,5555552,694444,5555552,11111104,0,1000000000,probe,0,0,probe
rise5-late,984,10933333224,10933333224,1000000000,0,1000000000,694444,5555552,694444,5555552,11111104,0,1000000000,probe,0,0,probe
rise5-late,985,10944444335,10944444335,1000000000,0,1000000000,694444,5555552,694444,5555552,11111104,0,1000000000,probe,0,0,probe
rise5-late,986,10955555446,10955555446,1000000000,0,1000000000,694444,5555552,694444,5555552,11111104,0,1000000000,probe,0,0,probe
rise5-late,987,10966666557,10966666557,1000000000,0,1000000000,694444,5555552,694444,5555552,11111104,0,1000000000,probe,0,0,probe
rise5-late,988,10977777668,10977777668,1000000000,0,1000000000,694444,5555552,694444,5555552,11111104,0,1000000000,probe,0,0,probe
rise5-late,989,10988888779,10988888779,1000000000,0,1000000000,694444,5555552,694444,5555552,11111104,0,1000000000,probe,0,0,probe
rise5-late,990,10999999890,10999999890,1000000000,0,1000000000,694444,5555552,694444,5555552,11111104,0,1000000000,probe,0,0,probe
rise5-late,991,11011111001,11011111001,1000000000,0,1000000000,694444,5555552,694444,5555552,11111104,0,1000000000,probe,0,0,probe
rise5-late,992,11022222112,11022222112,1000000000,0,1000000000,694444,5555552,694444,5555552,11111104,0,1000000000,probe,0,0,probe
rise5-late,993,11033333223,11033333223,1000000000,0,1000000000,694444,5555552,694444,5555552,11111104,0,1000000000,probe,0,0,probe
rise5-late,994,11044444334,11044444334,1000000000,0,1000000000,694444,5555552,694444,5555552,11111104,0,1000000000,probe,0,0,probe
rise5-late,995,11055555445,11055555445,1000000000,0,1000000000,694444,5555552,694444,5555552,11111104,0,1000000000,probe,0,0,probe
rise5-late,996,11066666556,11066666556,1000000000,0,1000000000,694444,5555552,694444,5555552,11111104,0,1000000000,probe,0,0,probe
rise5-late,997,11077777667,11077777667,1000000000,0,1000000000,694444,5555552,694444,5555552,11111104,0,1000000000,probe,0,0,probe
rise5-late,998,11088888778,11088888778,1000000000,0,1000000000,694444,5555552,694444,5555552,11111104,0,1000000000,probe,0,0,probe
rise5-late,999,11099999889,11099999889,1000000000,0,1000000000,694444,5555552,694444,5555552,11111104,0,1000000000,steady,0,1,probe
rise5-late,1000,11111111000,11111111000,1000000000,0,850000000,590277,4722216,590278,4722224,9444440,0,1000000000,steady,0,0,steady
rise5-late,1001,11122222111,11122222111,1000000000,0,850000000,590277,4722216,590278,4722224,9444440,0,1000000000,steady,0,0,steady
rise5-late,1002,11133333222,11133333222,1000000000,0,850000000,590277,4722216,590278,4722224,9444440,0,1000000000,steady,0,0,steady
rise5-late,1003,11144444333,11144444333,1000000000,0,850000000,590277,4722216,590278,4722224,9444440,0,1000000000,steady,0,0,steady
rise5-late,1004,11155555444,11155555444,1000000000,0,850000000,590277,4722216,590278,4722224,9444440,0,1000000000,steady,0,0,steady
rise5-late,1005,11166666555,11166666555,1000000000,0,850000000,590277,4722216,590278,4722224,9444440,0,1000000000,steady,0,0,steady
rise5-late,1006,11177777666,11177777666,1000000000,0,850000000,590277,4722216,590278,4722224,9444440,0,1000000000,steady,0,0,steady
rise5-late,1007,11188888777,11188888777,1000000000,0,850000000,590277,4722216,590278,4722224,9444440,0,1000000000,steady,0,0,steady
rise5-late,1008,11199999888,11199999888,1000000000,0,850000000,590277,4722216,590278,4722224,9444440,0,1000000000,steady,0,0,steady
rise5-late,1009,11211110999,11211110999,1000000000,0,850000000,590277,4722216,590278,4722224,9444440,0,1000000000,steady,0,0,steady
rise5-late,1010,11222222110,11222222110,1000000000,0,850000000,590277,4722216,590278,4722224,9444440,0,1000000000,steady,0,0,steady
rise5-late,1011,11233333221,11233333221,1000000000,0,850000000,590277,4722216,590278,4722224,9444440,0,1000000000,steady,0,0,steady
rise5-late,1012,11244444332,11244444332,1000000000,0,850000000,590277,4722216,590278,4722224,9444440,0,1000000000,steady,0,0,steady
rise5-late,1013,11255555443,11255555443,1000000000,0,850000000,590277,4722216,590278,4722224,9444440,0,1000000000,steady,0,0,steady
rise5-late,1014,11266666554,11266666554,1000000000,0,850000000,590277,4722216,590278,4722224,9444440,0,1000000000,steady,0,0,steady
rise5-late,1015,11277777665,11277777665,1000000000,0,850000000,590277,4722216,590278,4722224,9444440,0,1000000000,steady,0,0,steady
rise5-late,1016,11288888776,11288888776,1000000000,0,850000000,590277,4722216,590278,4722224,9444440,0,1000000000,steady,0,0,steady
rise5-late,1017,11299999887,11299999887,1000000000,0,850000000,590277,4722216,590278,4722224,9444440,0,1000000000,steady,0,0,steady
rise5-late,1018,11311110998,11311110998,1000000000,0,850000000,590277,4722216,590278,4722224,9444440,0,1000000000,steady,0,0,steady
rise5-late,1019,11322222109,11322222109,1000000000,0,850000000,590277,4722216,590278,4722224,9444440,0,1000000000,steady,0,0,steady
rise5-late,1020,11333333220,11333333220,1000000000,0,850000000,590277,4722216,590278,4722224,9444440,0,1000000000,steady,0,0,steady
rise5-late,1021,11344444331,11344444331,1000000000,0,850000000,590277,4722216,590278,4722224,9444440,0,1000000000,steady,0,0,steady
rise5-late,1022,11355555442,11355555442,1000000000,0,850000000,590277,4722216,590278,4722224,9444440,0,1000000000,steady,0,0,steady
rise5-late,1023,11366666553,11366666553,1000000000,0,850000000,590277,4722216,590278,4722224,9444440,0,1000000000,steady,0,0,steady
rise5-late,1024,11377777664,11377777664,1000000000,0,850000000,590277,4722216,590278,4722224,9444440,0,1000000000,steady,0,0,steady
rise5-late,1025,11388888775,11388888775,1000000000,0,850000000,590277,4722216,590278,4722224,9444440,0,1000000000,steady,0,0,steady
rise5-late,1026,11399999886,11399999886,1000000000,0,850000000,590277,4722216,590278,4722224,9444440,0,1000000000,steady,0,0,steady
rise5-late,1027,11411110997,11411110997,1000000000,0,850000000,590277,4722216,590278,4722224,9444440,0,1000000000,steady,0,0,steady
rise5-late,1028,11422222108,11422222108,1000000000,0,850000000,590277,4722216,590278,4722224,9444440,0,1000000000,steady,0,0,steady
rise5-late,1029,11433333219,11433333219,1000000000,0,850000000,590277,4722216,590278,4722224,9444440,0,1000000000,steady,0,0,steady
rise5-late,1030,11444444330,11444444330,1000000000,0,850000000,590277,4722216,590278,4722224,9444440,0,1000000000,steady,0,0,steady
rise5-late,1031,11455555441,11455555441,1000000000,0,850000000,590277,4722216,590278,4722224,9444440,0,1000000000,steady,0,0,steady
rise5-late,1032,11466666552,11466666552,1000000000,0,850000000,590277,4722216,590278,4722224,9444440,0,1000000000,steady,0,0,steady
rise5-late,1033,11477777663,11477777663,1000000000,0,850000000,590277,4722216,590278,4722224,9444440,0,1000000000,steady,0,0,steady
rise5-late,1034,11488888774,11488888774,1000000000,0,850000000,590277,4722216,590278,4722224,9444440,0,1000000000,steady,0,0,steady
rise5-late,1035,11499999885,11499999885,1000000000,0,850000000,590277,4722216,590278,4722224,9444440,0,1000000000,steady,0,0,steady
rise5-late,1036,11511110996,11511110996,1000000000,0,850000000,590277,4722216,590278,4722224,9444440,0,1000000000,steady,0,0,steady
rise5-late,1037,11522222107,11522222107,1000000000,0,850000000,590277,4722216,590278,4722224,9444440,0,1000000000,steady,0,0,steady
rise5-late,1038,11533333218,11533333218,1000000000,0,850000000,590277,4722216,590278,4722224,9444440,0,1000000000,steady,0,0,steady
rise5-late,1039,11544444329,11544444329,1000000000,0,850000000,590277,4722216,590278,4722224,9444440,0,1000000000,steady,0,0,steady
rise5-late,1040,11555555440,11555555440,1000000000,0,850000000,590277,4722216,590278,4722224,9444440,0,1000000000,steady,0,0,steady
rise5-late,1041,11566666551,11566666551,1000000000,0,850000000,590277,4722216,590278,4722224,9444440,0,1000000000,steady,0,0,steady
rise5-late,1042,11577777662,11577777662,1000000000,0,850000000,590277,4722216,590278,4722224,9444440,0,1000000000,steady,0,0,steady
rise5-late,1043,11588888773,11588888773,1000000000,0,850000000,590277,4722216,590278,4722224,9444440,0,1000000000,steady,0,0,steady
rise5-late,1044,11599999884,11599999884,1000000000,0,850000000,590277,4722216,590278,4722224,9444440,0,1000000000,steady,0,0,steady
rise5-late,1045,11611110995,11611110995,1000000000,0,850000000,590277,4722216,590278,4722224,9444440,0,1000000000,steady,0,0,steady
rise5-late,1046,11622222106,11622222106,1000000000,0,850000000,590277,4722216,590278,4722224,9444440,0,1000000000,steady,0,0,steady
rise5-late,1047,11633333217,11633333217,1000000000,0,850000000,590277,4722216,590278,4722224,9444440,0,1000000000,steady,0,0,steady
rise5-late,1048,11644444328,11644444328,1000000000,0,850000000,590277,4722216,590278,4722224,9444440,0,1000000000,steady,0,0,steady
rise5-late,1049,11655555439,11655555439,1000000000,0,850000000,590277,4722216,590278,4722224,9444440,0,1000000000,steady,0,0,steady
rise5-late,1050,11666666550,11666666550,1000000000,0,850000000,590277,4722216,590278,4722224,9444440,0,1000000000,steady,0,0,steady
rise5-late,1051,11677777661,11677777661,1000000000,0,850000000,590277,4722216,590278,4722224,9444440,0,1000000000,steady,0,0,steady
rise5-late,1052,11688888772,11688888772,1000000000,0,850000000,590277,4722216,590278,4722224,9444440,0,1000000000,steady,0,0,steady
rise5-late,1053,11699999883,11699999883,1000000000,0,850000000,590277,4722216,590278,4722224,9444440,0,1000000000,steady,0,0,steady
rise5-late,1054,11711110994,11711110994,1000000000,0,850000000,590277,4722216,590278,4722224,9444440,0,1000000000,steady,0,0,steady
rise5-late,1055,11722222105,11722222105,1000000000,0,850000000,590277,4722216,590278,4722224,9444440,0,1000000000,steady,0,0,steady
rise5-late,1056,11733333216,11733333216,1000000000,0,850000000,590277,4722216,590278,4722224,9444440,0,1000000000,steady,0,0,steady
rise5-late,1057,11744444327,11744444327,1000000000,0,850000000,590277,4722216,590278,4722224,9444440,0,1000000000,steady,0,0,steady
rise5-late,1058,11755555438,11755555438,1000000000,0,850000000,590277,4722216,590278,4722224,9444440,0,1000000000,steady,0,0,steady
rise5-late,1059,11766666549,11766666549,1000000000,0,850000000,590277,4722216,590278,4722224,9444440,0,1000000000,steady,0,0,steady
rise5-late,1060,11777777660,11777777660,1000000000,0,850000000,590277,4722216,590278,4722224,9444440,0,1000000000,steady,0,0,steady
rise5-late,1061,11788888771,11788888771,1000000000,0,850000000,590277,4722216,590278,4722224,9444440,0,1000000000,steady,0,0,steady
rise5-late,1062,11799999882,11799999882,1000000000,0,850000000,590277,4722216,590278,4722224,9444440,0,1000000000,steady,0,0,steady
rise5-late,1063,11811110993,11811110993,1000000000,0,850000000,590277,4722216,590278,4722224,9444440,0,1000000000,steady,0,0,steady
rise5-late,1064,11822222104,11822222104,1000000000,0,850000000,590277,4722216,590278,4722224,9444440,0,1000000000,steady,0,0,steady
rise5-late,1065,11833333215,11833333215,1000000000,0,850000000,590277,4722216,590278,4722224,9444440,0,1000000000,steady,0,0,steady
rise5-late,1066,11844444326,11844444326,1000000000,0,850000000,590277,4722216,590278,4722224,9444440,0,1000000000,steady,0,0,steady
rise5-late,1067,11855555437,11855555437,1000000000,0,850000000,590277,4722216,590278,4722224,9444440,0,1000000000,steady,0,0,steady
rise5-late,1068,11866666548,11866666548,1000000000,0,850000000,590277,4722216,590278,4722224,9444440,0,1000000000,steady,0,0,steady
rise5-late,1069,11877777659,11877777659,1000000000,0,850000000,590277,4722216,590278,4722224,9444440,0,1000000000,steady,0,0,steady
rise5-late,1070,11888888770,11888888770,1000000000,0,850000000,590277,4722216,590278,4722224,9444440,0,1000000000,steady,0,0,steady
rise5-late,1071,11899999881,11899999881,1000000000,0,850000000,590277,4722216,590278,4722224,9444440,0,1000000000,steady,0,0,steady
rise5-late,1072,11911110992,11911110992,1000000000,0,850000000,590277,4722216,590278,4722224,9444440,0,1000000000,steady,0,0,steady
rise5-late,1073,11922222103,11922222103,1000000000,0,850000000,590277,4722216,590278,4722224,9444440,0,1000000000,steady,0,0,steady
rise5-late,1074,11933333214,11933333214,1000000000,0,850000000,590277,4722216,590278,4722224,9444440,0,1000000000,steady,0,0,steady
rise5-late,1075,11944444325,11944444325,1000000000,0,850000000,590277,4722216,590278,4722224,9444440,0,1000000000,steady,0,0,steady
rise5-late,1076,11955555436,11955555436,1000000000,0,850000000,590277,4722216,590278,4722224,9444440,0,1000000000,steady,0,0,steady
rise5-late,1077,11966666547,11966666547,1000000000,0,850000000,590277,4722216,590278,4722224,9444440,0,1000000000,steady,0,0,steady
rise5-late,1078,11977777658,11977777658,1000000000,0,850000000,590277,4722216,590278,4722224,9444440,0,1000000000,steady,0,0,steady
rise5-late,1079,11988888769,11988888769,1000000000,0,850000000,590277,4722216,590278,4722224,9444440,0,1000000000,steady,0,0,steady
rise5-late,1080,11999999880,11999999880,1000000000,0,850000000,590277,4722216,590278,4722224,9444440,0,1000000000,steady,0,0,steady
rise5-late,1081,12011110991,12011110991,1000000000,0,850000000,590277,4722216,590278,4722224,9444440,0,1000000000,steady,0,0,steady
rise5-late,1082,12022222102,12022222102,1000000000,0,850000000,590277,4722216,590278,4722224,9444440,0,1000000000,steady,0,0,steady
rise5-late,1083,12033333213,12033333213,1000000000,0,850000000,590277,4722216,590278,4722224,9444440,0,1000000000,steady,0,0,steady
rise5-late,1084,12044444324,12044444324,1000000000,0,850000000,590277,4722216,590278,4722224,9444440,0,1000000000,steady,0,0,steady
rise5-late,1085,12055555435,12055555435,1000000000,0,850000000,590277,4722216,590278,4722224,9444440,0,1000000000,steady,0,0,steady
rise5-late,1086,12066666546,12066666546,1000000000,0,850000000,590277,4722216,590278,4722224,9444440,0,1000000000,steady,0,0,steady
rise5-late,1087,12077777657,12077777657,1000000000,0,850000000,590277,4722216,590278,4722224,9444440,0,1000000000,steady,0,0,steady
rise5-late,1088,12088888768,12088888768,1000000000,0,850000000,590277,4722216,590278,4722224,9444440,0,1000000000,steady,0,0,steady
rise5-late,1089,12099999879,12099999879,1000000000,0,850000000,590277,4722216,590278,4722224,9444440,0,1000000000,steady,0,0,steady
rise5-late,1090,12111110990,12111110990,1000000000,0,850000000,590277,4722216,590278,4722224,9444440,0,1000000000,steady,0,0,steady
rise5-late,1091,12122222101,12122222101,1000000000,0,850000000,590277,4722216,590278,4722224,9444440,0,1000000000,steady,0,0,steady
rise5-late,1092,12133333212,12133333212,1000000000,0,850000000,590277,4722216,590278,4722224,9444440,0,1000000000,steady,0,0,steady
rise5-late,1093,12144444323,12144444323,1000000000,0,850000000,590277,4722216,590278,4722224,9444440,0,1000000000,steady,0,0,steady
rise5-late,1094,12155555434,12155555434,1000000000,0,850000000,590277,4722216,590278,4722224,9444440,0,1000000000,steady,0,0,steady
rise5-late,1095,12166666545,12166666545,1000000000,0,850000000,590277,4722216,590278,4722224,9444440,0,1000000000,steady,0,0,steady
rise5-late,1096,12177777656,12177777656,1000000000,0,850000000,590277,4722216,590278,4722224,9444440,0,1000000000,steady,0,0,steady
rise5-late,1097,12188888767,12188888767,1000000000,0,850000000,590277,4722216,590278,4722224,9444440,0,1000000000,steady,0,0,steady
rise5-late,1098,12199999878,12199999878,1000000000,0,850000000,590277,4722216,590278,4722224,9444440,0,1000000000,steady,0,0,steady
rise5-late,1099,12211110989,12211110989,1000000000,0,850000000,590277,4722216,590278,4722224,9444440,0,1000000000,steady,0,0,steady
rise5-late,1100,12222222100,12222222100,1000000000,0,850000000,590277,4722216,590278,4722224,9444440,0,1000000000,steady,0,0,steady
rise5-late,1101,12233333211,12233333211,1000000000,0,850000000,590277,4722216,590278,4722224,9444440,0,1000000000,steady,0,0,steady
rise5-late,1102,12244444322,12244444322,1000000000,0,850000000,590277,4722216,590278,4722224,9444440,0,1000000000,steady,0,0,steady
rise5-late,1103,12255555433,12255555433,1000000000,0,850000000,590277,4722216,590278,4722224,9444440,0,1000000000,steady,0,0,steady
rise5-late,1104,12266666544,12266666544,1000000000,0,850000000,590277,4722216,590278,4722224,9444440,0,1000000000,steady,0,0,steady
rise5-late,1105,12277777655,12277777655,1000000000,0,850000000,590277,4722216,590278,4722224,9444440,0,1000000000,steady,0,0,steady
rise5-late,1106,12288888766,12288888766,1000000000,0,850000000,590277,4722216,590278,4722224,9444440,0,1000000000,steady,0,0,steady
rise5-late,1107,12299999877,12299999877,1000000000,0,850000000,590277,4722216,590278,4722224,9444440,0,1000000000,steady,0,0,steady
rise5-late,1108,12311110988,12311110988,1000000000,0,850000000,590277,4722216,590278,4722224,9444440,0,1000000000,steady,0,0,steady
rise5-late,1109,12322222099,12322222099,1000000000,0,850000000,590277,4722216,590278,4722224,9444440,0,1000000000,steady,0,0,steady
rise5-late,1110,12333333210,12333333210,1000000000,0,850000000,590277,4722216,590278,4722224,9444440,0,1000000000,steady,0,0,steady
rise5-late,1111,12344444321,12344444321,1000000000,0,850000000,590277,4722216,590278,4722224,9444440,0,1000000000,steady,0,0,steady
rise5-late,1112,12355555432,12355555432,1000000000,0,850000000,590277,4722216,590278,4722224,9444440,0,1000000000,steady,0,0,steady
rise5-late,1113,12366666543,12366666543,1000000000,0,850000000,590277,4722216,590278,4722224,9444440,0,1000000000,steady,0,0,steady
rise5-late,1114,12377777654,12377777654,1000000000,0,850000000,590277,4722216,590278,4722224,9444440,0,1000000000,steady,0,0,steady
rise5-late,1115,12388888765,12388888765,1000000000,0,850000000,590277,4722216,590278,4722224,9444440,0,1000000000,steady,0,0,steady
rise5-late,1116,12399999876,12399999876,1000000000,0,850000000,590277,4722216,590278,4722224,9444440,0,1000000000,steady,0,0,steady
rise5-late,1117,12411110987,12411110987,1000000000,0,850000000,590277,4722216,590278,4722224,9444440,0,1000000000,steady,0,0,steady
rise5-late,1118,12422222098,12422222098,1000000000,0,850000000,590277,4722216,590278,4722224,9444440,0,1000000000,steady,0,0,steady
rise5-late,1119,12433333209,12433333209,1000000000,0,850000000,590277,4722216,590278,4722224,9444440,0,1000000000,steady,0,0,steady
rise5-late,1120,12444444320,12444444320,1000000000,0,850000000,590277,4722216,590278,4722224,9444440,0,1000000000,steady,0,0,steady
rise5-late,1121,12455555431,12455555431,1000000000,0,850000000,590277,4722216,590278,4722224,9444440,0,1000000000,steady,0,0,steady
rise5-late,1122,12466666542,12466666542,1000000000,0,850000000,590277,4722216,590278,4722224,9444440,0,1000000000,steady,0,0,steady
rise5-late,1123,12477777653,12477777653,1000000000,0,850000000,590277,4722216,590278,4722224,9444440,0,1000000000,steady,0,0,steady
rise5-late,1124,12488888764,12488888764,1000000000,0,850000000,590277,4722216,590278,4722224,9444440,0,1000000000,steady,0,0,steady
rise5-late,1125,12499999875,12499999875,1000000000,0,850000000,590277,4722216,590278,4722224,9444440,0,1000000000,steady,0,0,steady
rise5-late,1126,12511110986,12511110986,1000000000,0,850000000,590277,4722216,590278,4722224,9444440,0,1000000000,steady,0,0,steady
rise5-late,1127,12522222097,12522222097,1000000000,0,850000000,590277,4722216,590278,4722224,9444440,0,1000000000,steady,0,0,steady
rise5-late,1128,12533333208,12533333208,1000000000,0,850000000,590277,4722216,590278,4722224,9444440,0,1000000000,steady,0,0,steady
rise5-late,1129,12544444319,12544444319,1000000000,0,850000000,590277,4722216,590278,4722224,9444440,0,1000000000,steady,0,0,steady
rise5-late,1130,12555555430,12555555430,1000000000,0,850000000,590277,4722216,590278,4722224,9444440,0,1000000000,steady,0,0,steady
rise5-late,1131,12566666541,12566666541,1000000000,0,850000000,590277,4722216,590278,4722224,9444440,0,1000000000,steady,0,0,steady
rise5-late,1132,12577777652,12577777652,1000000000,0,850000000,590277,4722216,590278,4722224,9444440,0,1000000000,steady,0,0,steady
rise5-late,1133,12588888763,12588888763,1000000000,0,850000000,590277,4722216,590278,4722224,9444440,0,1000000000,steady,0,0,steady
rise5-late,1134,12599999874,12599999874,1000000000,0,850000000,590277,4722216,590278,4722224,9444440,0,1000000000,steady,0,0,steady
rise5-late,1135,12611110985,12611110985,1000000000,0,850000000,590277,4722216,590278,4722224,9444440,0,1000000000,steady,0,0,steady
rise5-late,1136,12622222096,12622222096,1000000000,0,850000000,590277,4722216,590278,4722224,9444440,0,1000000000,steady,0,0,steady
rise5-late,1137,12633333207,12633333207,1000000000,0,850000000,590277,4722216,590278,4722224,9444440,0,1000000000,steady,0,0,steady
rise5-late,1138,12644444318,12644444318,1000000000,0,850000000,590277,4722216,590278,4722224,9444440,0,1000000000,steady,0,0,steady
rise5-late,1139,12655555429,12655555429,1000000000,0,850000000,590277,4722216,590278,4722224,9444440,0,1000000000,steady,0,0,steady
rise5-late,1140,12666666540,12666666540,1000000000,0,850000000,590277,4722216,590278,4722224,9444440,0,1000000000,steady,0,0,steady
rise5-late,1141,12677777651,12677777651,1000000000,0,850000000,590277,4722216,590278,4722224,9444440,0,1000000000,steady,0,0,steady
rise5-late,1142,12688888762,12688888762,1000000000,0,850000000,590277,4722216,590278,4722224,9444440,0,1000000000,steady,0,0,steady
rise5-late,1143,12699999873,12699999873,1000000000,0,850000000,590277,4722216,590278,4722224,9444440,0,1000000000,steady,0,0,steady
rise5-late,1144,12711110984,12711110984,1000000000,0,850000000,590277,4722216,590278,4722224,9444440,0,1000000000,steady,0,0,steady
rise5-late,1145,12722222095,12722222095,1000000000,0,850000000,590277,4722216,590278,4722224,9444440,0,1000000000,steady,0,0,steady
rise5-late,1146,12733333206,12733333206,1000000000,0,850000000,590277,4722216,590278,4722224,9444440,0,1000000000,steady,0,0,steady
rise5-late,1147,12744444317,12744444317,1000000000,0,850000000,590277,4722216,590278,4722224,9444440,0,1000000000,steady,0,0,steady
rise5-late,1148,12755555428,12755555428,1000000000,0,850000000,590277,4722216,590278,4722224,9444440,0,1000000000,steady,0,0,steady
rise5-late,1149,12766666539,12766666539,1000000000,0,850000000,590277,4722216,590278,4722224,9444440,0,1000000000,steady,0,0,steady
rise5-late,1150,12777777650,12777777650,1000000000,0,850000000,590277,4722216,590278,4722224,9444440,0,1000000000,steady,0,0,steady
rise5-late,1151,12788888761,12788888761,1000000000,0,850000000,590277,4722216,590278,4722224,9444440,0,1000000000,steady,0,0,steady
rise5-late,1152,12799999872,12799999872,1000000000,0,850000000,590277,4722216,590278,4722224,9444440,0,1000000000,steady,0,0,steady
rise5-late,1153,12811110983,12811110983,1000000000,0,850000000,590277,4722216,590278,4722224,9444440,0,1000000000,steady,0,0,steady
rise5-late,1154,12822222094,12822222094,1000000000,0,850000000,590277,4722216,590278,4722224,9444440,0,1000000000,steady,0,0,steady
rise5-late,1155,12833333205,12833333205,1000000000,0,850000000,590277,4722216,590278,4722224,9444440,0,1000000000,steady,0,0,steady
rise5-late,1156,12844444316,12844444316,1000000000,0,850000000,590277,4722216,590278,4722224,9444440,0,1000000000,steady,0,0,steady
rise5-late,1157,12855555427,12855555427,1000000000,0,850000000,590277,4722216,590278,4722224,9444440,0,1000000000,steady,0,0,steady
rise5-late,1158,12866666538,12866666538,1000000000,0,850000000,590277,4722216,590278,4722224,9444440,0,1000000000,steady,0,0,steady
rise5-late,1159,12877777649,12877777649,1000000000,0,850000000,590277,4722216,590278,4722224,9444440,0,1000000000,steady,0,0,steady
rise5-late,1160,12888888760,12888888760,1000000000,0,850000000,590277,4722216,590278,4722224,9444440,0,1000000000,steady,0,0,steady
rise5-late,1161,12899999871,12899999871,1000000000,0,850000000,590277,4722216,590278,4722224,9444440,0,1000000000,steady,0,0,steady
rise5-late,1162,12911110982,12911110982,1000000000,0,850000000,590277,4722216,590278,4722224,9444440,0,1000000000,steady,0,0,steady
rise5-late,1163,12922222093,12922222093,1000000000,0,850000000,590277,4722216,590278,4722224,9444440,0,1000000000,steady,0,0,steady
rise5-late,1164,12933333204,12933333204,1000000000,0,850000000,590277,4722216,590278,4722224,9444440,0,1000000000,steady,0,0,steady
rise5-late,1165,12944444315,12944444315,1000000000,0,850000000,590277,4722216,590278,4722224,9444440,0,1000000000,steady,0,0,steady
rise5-late,1166,12955555426,12955555426,1000000000,0,850000000,590277,4722216,590278,4722224,9444440,0,1000000000,steady,0,0,steady
rise5-late,1167,12966666537,12966666537,1000000000,0,850000000,590277,4722216,590278,4722224,9444440,0,1000000000,steady,0,0,steady
rise5-late,1168,12977777648,12977777648,1000000000,0,850000000,590277,4722216,590278,4722224,9444440,0,1000000000,steady,0,0,steady
rise5-late,1169,12988888759,12988888759,1000000000,0,850000000,590277,4722216,590278,4722224,9444440,0,1000000000,steady,0,0,steady
rise5-late,1170,12999999870,12999999870,1000000000,0,850000000,590277,4722216,590278,4722224,9444440,0,1000000000,steady,0,0,steady
rise5-late,1171,13011110981,13011110981,1000000000,0,850000000,590277,4722216,590278,4722224,9444440,0,1000000000,steady,0,0,steady
rise5-late,1172,13022222092,13022222092,1000000000,0,850000000,590277,4722216,590278,4722224,9444440,0,1000000000,steady,0,0,steady
rise5-late,1173,13033333203,13033333203,1000000000,0,850000000,590277,4722216,590278,4722224,9444440,0,1000000000,steady,0,0,steady
rise5-late,1174,13044444314,13044444314,1000000000,0,850000000,590277,4722216,590278,4722224,9444440,0,1000000000,steady,0,0,steady
rise5-late,1175,13055555425,13055555425,1000000000,0,850000000,590277,4722216,590278,4722224,9444440,0,1000000000,steady,0,0,steady
rise5-late,1176,13066666536,13066666536,1000000000,0,850000000,590277,4722216,590278,4722224,9444440,0,1000000000,steady,0,0,steady
rise5-late,1177,13077777647,13077777647,1000000000,0,850000000,590277,4722216,590278,4722224,9444440,0,1000000000,steady,0,0,steady
rise5-late,1178,13088888758,13088888758,1000000000,0,850000000,590277,4722216,590278,4722224,9444440,0,1000000000,steady,0,0,steady
rise5-late,1179,13099999869,13099999869,1000000000,0,850000000,590277,4722216,590278,4722224,9444440,0,1000000000,steady,0,0,steady
rise5-late,1180,13111110980,13111110980,1000000000,0,850000000,590277,4722216,590278,4722224,9444440,0,1000000000,steady,0,0,steady
rise5-late,1181,13122222091,13122222091,1000000000,0,850000000,590277,4722216,590278,4722224,9444440,0,1000000000,steady,0,0,steady
rise5-late,1182,13133333202,13133333202,1000000000,0,850000000,590277,4722216,590278,4722224,9444440,0,1000000000,steady,0,0,steady
rise5-late,1183,13144444313,13144444313,1000000000,0,850000000,590277,4722216,590278,4722224,9444440,0,1000000000,steady,0,0,steady
rise5-late,1184,13155555424,13155555424,1000000000,0,850000000,590277,4722216,590278,4722224,9444440,0,1000000000,steady,0,0,steady
rise5-late,1185,13166666535,13166666535,1000000000,0,850000000,590277,4722216,590278,4722224,9444440,0,1000000000,steady,0,0,steady
rise5-late,1186,13177777646,13177777646,1000000000,0,850000000,590277,4722216,590278,4722224,9444440,0,1000000000,steady,0,0,steady
rise5-late,1187,13188888757,13188888757,1000000000,0,850000000,590277,4722216,590278,4722224,9444440,0,1000000000,steady,0,0,steady
rise5-late,1188,13199999868,13199999868,1000000000,0,850000000,590277,4722216,590278,4722224,9444440,0,1000000000,steady,0,0,steady
rise5-late,1189,13211110979,13211110979,1000000000,0,850000000,590277,4722216,590278,4722224,9444440,0,1000000000,steady,0,0,steady
rise5-late,1190,13222222090,13222222090,1000000000,0,850000000,590277,4722216,590278,4722224,9444440,0,1000000000,steady,0,0,steady
rise5-late,1191,13233333201,13233333201,1000000000,0,850000000,590277,4722216,590278,4722224,9444440,0,1000000000,steady,0,0,steady
rise5-late,1192,13244444312,13244444312,1000000000,0,850000000,590277,4722216,590278,4722224,9444440,0,1000000000,steady,0,0,steady
rise5-late,1193,13255555423,13255555423,1000000000,0,850000000,590277,4722216,590278,4722224,9444440,0,1000000000,steady,0,0,steady
rise5-late,1194,13266666534,13266666534,1000000000,0,850000000,590277,4722216,590278,4722224,9444440,0,1000000000,steady,0,0,steady
rise5-late,1195,13277777645,13277777645,1000000000,0,850000000,590277,4722216,590278,4722224,9444440,0,1000000000,steady,0,0,steady
rise5-late,1196,13288888756,13288888756,1000000000,0,850000000,590277,4722216,590278,4722224,9444440,0,1000000000,steady,0,0,steady
rise5-late,1197,13299999867,13299999867,1000000000,0,850000000,590277,4722216,590278,4722224,9444440,0,1000000000,steady,0,0,steady
rise5-late,1198,13311110978,13311110978,1000000000,0,850000000,590277,4722216,590278,4722224,9444440,0,1000000000,steady,0,0,steady
rise5-late,1199,13322222089,13322222089,1000000000,0,850000000,590277,4722216,590278,4722224,9444440,0,1000000000,steady,0,0,steady
rise5-late,1200,13333333200,13333333200,1000000000,0,850000000,590277,4722216,590278,4722224,9444440,0,1000000000,steady,0,0,steady
rise5-late,1201,13344444311,13344444311,1000000000,0,850000000,590277,4722216,590278,4722224,9444440,0,1000000000,steady,0,0,steady
rise5-late,1202,13355555422,13355555422,1000000000,0,850000000,590277,4722216,590278,4722224,9444440,0,1000000000,steady,0,0,steady
rise5-late,1203,13366666533,13366666533,1000000000,0,850000000,590277,4722216,590278,4722224,9444440,0,1000000000,steady,0,0,steady
rise5-late,1204,13377777644,13377777644,1000000000,0,850000000,590277,4722216,590278,4722224,9444440,0,1000000000,steady,0,0,steady
rise5-late,1205,13388888755,13388888755,1000000000,0,850000000,590277,4722216,590278,4722224,9444440,0,1000000000,steady,0,0,steady
rise5-late,1206,13399999866,13399999866,1000000000,0,850000000,590277,4722216,590278,4722224,9444440,0,1000000000,steady,0,0,steady
rise5-late,1207,13411110977,13411110977,1000000000,0,850000000,590277,4722216,590278,4722224,9444440,0,1000000000,steady,0,0,steady
rise5-late,1208,13422222088,13422222088,1000000000,0,850000000,590277,4722216,590278,4722224,9444440,0,1000000000,steady,0,0,steady
rise5-late,1209,13433333199,13433333199,1000000000,0,850000000,590277,4722216,590278,4722224,9444440,0,1000000000,steady,0,0,steady
rise5-late,1210,13444444310,13444444310,1000000000,0,850000000,590277,4722216,590278,4722224,9444440,0,1000000000,steady,0,0,steady
rise5-late,1211,13455555421,13455555421,1000000000,0,850000000,590277,4722216,590278,4722224,9444440,0,1000000000,steady,0,0,steady
rise5-late,1212,13466666532,13466666532,1000000000,0,850000000,590277,4722216,590278,4722224,9444440,0,1000000000,steady,0,0,steady
rise5-late,1213,13477777643,13477777643,1000000000,0,850000000,590277,4722216,590278,4722224,9444440,0,1000000000,steady,0,0,steady
rise5-late,1214,13488888754,13488888754,1000000000,0,850000000,590277,4722216,590278,4722224,9444440,0,1000000000,steady,0,0,steady
rise5-late,1215,13499999865,13499999865,1000000000,0,850000000,590277,4722216,590278,4722224,9444440,0,1000000000,steady,0,0,steady
rise5-late,1216,13511110976,13511110976,1000000000,0,850000000,590277,4722216,590278,4722224,9444440,0,1000000000,steady,0,0,steady
rise5-late,1217,13522222087,13522222087,1000000000,0,850000000,590277,4722216,590278,4722224,9444440,0,1000000000,steady,0,0,steady
rise5-late,1218,13533333198,13533333198,1000000000,0,850000000,590277,4722216,590278,4722224,9444440,0,1000000000,steady,0,0,steady
rise5-late,1219,13544444309,13544444309,1000000000,0,850000000,590277,4722216,590278,4722224,9444440,0,1000000000,steady,0,0,steady
rise5-late,1220,13555555420,13555555420,1000000000,0,850000000,590277,4722216,590278,4722224,9444440,0,1000000000,steady,0,0,steady
rise5-late,1221,13566666531,13566666531,1000000000,0,850000000,590277,4722216,590278,4722224,9444440,0,1000000000,steady,0,0,steady
rise5-late,1222,13577777642,13577777642,1000000000,0,850000000,590277,4722216,590278,4722224,9444440,0,1000000000,steady,0,0,steady
rise5-late,1223,13588888753,13588888753,1000000000,0,850000000,590277,4722216,590278,4722224,9444440,0,1000000000,steady,0,0,steady
rise5-late,1224,13599999864,13599999864,1000000000,0,850000000,590277,4722216,590278,4722224,9444440,0,1000000000,steady,0,0,steady
rise5-late,1225,13611110975,13611110975,1000000000,0,850000000,590277,4722216,590278,4722224,9444440,0,1000000000,steady,0,0,steady
rise5-late,1226,13622222086,13622222086,1000000000,0,850000000,590277,4722216,590278,4722224,9444440,0,1000000000,steady,0,0,steady
rise5-late,1227,13633333197,13633333197,1000000000,0,850000000,590277,4722216,590278,4722224,9444440,0,1000000000,steady,0,0,steady
rise5-late,1228,13644444308,13644444308,1000000000,0,850000000,590277,4722216,590278,4722224,9444440,0,1000000000,steady,0,0,steady
rise5-late,1229,13655555419,13655555419,1000000000,0,850000000,590277,4722216,590278,4722224,9444440,0,1000000000,steady,0,0,steady
rise5-late,1230,13666666530,13666666530,1000000000,0,850000000,590277,4722216,590278,4722224,9444440,0,1000000000,steady,0,0,steady
rise5-late,1231,13677777641,13677777641,1000000000,0,850000000,590277,4722216,590278,4722224,9444440,0,1000000000,steady,0,0,steady
rise5-late,1232,13688888752,13688888752,1000000000,0,850000000,590277,4722216,590278,4722224,9444440,0,1000000000,steady,0,0,steady
rise5-late,1233,13699999863,13699999863,1000000000,0,850000000,590277,4722216,590278,4722224,9444440,0,1000000000,steady,0,0,steady
rise5-late,1234,13711110974,13711110974,1000000000,0,850000000,590277,4722216,590278,4722224,9444440,0,1000000000,steady,0,0,steady
rise5-late,1235,13722222085,13722222085,1000000000,0,850000000,590277,4722216,590278,4722224,9444440,0,1000000000,steady,0,0,steady
rise5-late,1236,13733333196,13733333196,1000000000,0,850000000,590277,4722216,590278,4722224,9444440,0,1000000000,steady,0,0,steady
rise5-late,1237,13744444307,13744444307,1000000000,0,850000000,590277,4722216,590278,4722224,9444440,0,1000000000,steady,0,0,steady
rise5-late,1238,13755555418,13755555418,1000000000,0,850000000,590277,4722216,590278,4722224,9444440,0,1000000000,steady,0,0,steady
rise5-late,1239,13766666529,13766666529,1000000000,0,850000000,590277,4722216,590278,4722224,9444440,0,1000000000,steady,0,0,steady
rise5-late,1240,13777777640,13777777640,1000000000,0,850000000,590277,4722216,590278,4722224,9444440,0,1000000000,steady,0,0,steady
rise5-late,1241,13788888751,13788888751,1000000000,0,850000000,590277,4722216,590278,4722224,9444440,0,1000000000,steady,0,0,steady
rise5-late,1242,13799999862,13799999862,1000000000,0,850000000,590277,4722216,590278,4722224,9444440,0,1000000000,steady,0,0,steady
rise5-late,1243,13811110973,13811110973,1000000000,0,850000000,590277,4722216,590278,4722224,9444440,0,1000000000,steady,0,0,steady
rise5-late,1244,13822222084,13822222084,1000000000,0,850000000,590277,4722216,590278,4722224,9444440,0,1000000000,steady,0,0,steady
rise5-late,1245,13833333195,13833333195,1000000000,0,850000000,590277,4722216,590278,4722224,9444440,0,1000000000,steady,0,0,steady
rise5-late,1246,13844444306,13844444306,1000000000,0,850000000,590277,4722216,590278,4722224,9444440,0,1000000000,steady,0,0,steady
rise5-late,1247,13855555417,13855555417,1000000000,0,850000000,590277,4722216,590278,4722224,9444440,0,1000000000,steady,0,0,steady
rise5-late,1248,13866666528,13866666528,1000000000,0,850000000,590277,4722216,590278,4722224,9444440,0,1000000000,steady,0,0,steady
rise5-late,1249,13877777639,13877777639,1000000000,0,850000000,590277,4722216,590278,4722224,9444440,0,1000000000,steady,0,0,steady
rise5-late,1250,13888888750,13888888750,1000000000,0,850000000,590277,4722216,590278,4722224,9444440,0,1000000000,steady,0,0,steady
rise5-late,1251,13899999861,13899999861,1000000000,0,850000000,590277,4722216,590278,4722224,9444440,0,1000000000,steady,0,0,steady
rise5-late,1252,13911110972,13911110972,1000000000,0,850000000,590277,4722216,590278,4722224,9444440,0,1000000000,steady,0,0,steady
rise5-late,1253,13922222083,13922222083,1000000000,0,850000000,590277,4722216,590278,4722224,9444440,0,1000000000,steady,0,0,steady
rise5-late,1254,13933333194,13933333194,1000000000,0,850000000,590277,4722216,590278,4722224,9444440,0,1000000000,steady,0,0,steady
rise5-late,1255,13944444305,13944444305,1000000000,0,850000000,590277,4722216,590278,4722224,9444440,0,1000000000,steady,0,0,steady
rise5-late,1256,13955555416,13955555416,1000000000,0,850000000,590277,4722216,590278,4722224,9444440,0,1000000000,steady,0,0,steady
rise5-late,1257,13966666527,13966666527,1000000000,0,850000000,590277,4722216,590278,4722224,9444440,0,1000000000,steady,0,0,steady
rise5-late,1258,13977777638,13977777638,1000000000,0,850000000,590277,4722216,590278,4722224,9444440,0,1000000000,steady,0,0,steady
rise5-late,1259,13988888749,13988888749,1000000000,0,850000000,590277,4722216,590278,4722224,9444440,0,1000000000,steady,0,0,steady
rise5-late,1260,13999999860,13999999860,1000000000,0,850000000,590277,4722216,590278,4722224,9444440,0,1000000000,steady,0,0,steady
rise5-late,1261,14011110971,14011110971,1000000000,0,850000000,590277,4722216,590278,4722224,9444440,0,1000000000,steady,0,0,steady
rise5-late,1262,14022222082,14022222082,1000000000,0,850000000,590277,4722216,590278,4722224,9444440,0,1000000000,steady,0,0,steady
rise5-late,1263,14033333193,14033333193,1000000000,0,850000000,590277,4722216,590278,4722224,9444440,0,1000000000,steady,0,0,steady
rise5-late,1264,14044444304,14044444304,1000000000,0,850000000,590277,4722216,590278,4722224,9444440,0,1000000000,steady,0,0,steady
rise5-late,1265,14055555415,14055555415,1000000000,0,850000000,590277,4722216,590278,4722224,9444440,0,1000000000,steady,0,0,steady
rise5-late,1266,14066666526,14066666526,1000000000,0,850000000,590277,4722216,590278,4722224,9444440,0,1000000000,steady,0,0,steady
rise5-late,1267,14077777637,14077777637,1000000000,0,850000000,590277,4722216,590278,4722224,9444440,0,1000000000,steady,0,0,steady
rise5-late,1268,14088888748,14088888748,1000000000,0,850000000,590277,4722216,590278,4722224,9444440,0,1000000000,steady,0,0,steady
rise5-late,1269,14099999859,14099999859,1000000000,0,850000000,590277,4722216,590278,4722224,9444440,0,1000000000,steady,0,0,steady
rise5-late,1270,14111110970,14111110970,1000000000,0,850000000,590277,4722216,590278,4722224,9444440,0,1000000000,steady,0,0,steady
rise5-late,1271,14122222081,14122222081,1000000000,0,850000000,590277,4722216,590278,4722224,9444440,0,1000000000,steady,0,0,steady
rise5-late,1272,14133333192,14133333192,1000000000,0,850000000,590277,4722216,590278,4722224,9444440,0,1000000000,steady,0,0,steady
rise5-late,1273,14144444303,14144444303,1000000000,0,850000000,590277,4722216,590278,4722224,9444440,0,1000000000,steady,0,0,steady
rise5-late,1274,14155555414,14155555414,1000000000,0,850000000,590277,4722216,590278,4722224,9444440,0,1000000000,steady,0,0,steady
rise5-late,1275,14166666525,14166666525,1000000000,0,850000000,590277,4722216,590278,4722224,9444440,0,1000000000,steady,0,0,steady
rise5-late,1276,14177777636,14177777636,1000000000,0,850000000,590277,4722216,590278,4722224,9444440,0,1000000000,steady,0,0,steady
rise5-late,1277,14188888747,14188888747,1000000000,0,850000000,590277,4722216,590278,4722224,9444440,0,1000000000,steady,0,0,steady
rise5-late,1278,14199999858,14199999858,1000000000,0,850000000,590277,4722216,590278,4722224,9444440,0,1000000000,steady,0,0,steady
rise5-late,1279,14211110969,14211110969,1000000000,0,850000000,590277,4722216,590278,4722224,9444440,0,1000000000,steady,0,0,steady
rise5-late,1280,14222222080,14222222080,1000000000,0,850000000,590277,4722216,590278,4722224,9444440,0,1000000000,steady,0,0,steady
rise5-late,1281,14233333191,14233333191,1000000000,0,850000000,590277,4722216,590278,4722224,9444440,0,1000000000,steady,0,0,steady
rise5-late,1282,14244444302,14244444302,1000000000,0,850000000,590277,4722216,590278,4722224,9444440,0,1000000000,steady,0,0,steady
rise5-late,1283,14255555413,14255555413,1000000000,0,850000000,590277,4722216,590278,4722224,9444440,0,1000000000,steady,0,0,steady
rise5-late,1284,14266666524,14266666524,1000000000,0,850000000,590277,4722216,590278,4722224,9444440,0,1000000000,steady,0,0,steady
rise5-late,1285,14277777635,14277777635,1000000000,0,850000000,590277,4722216,590278,4722224,9444440,0,1000000000,steady,0,0,steady
rise5-late,1286,14288888746,14288888746,1000000000,0,850000000,590277,4722216,590278,4722224,9444440,0,1000000000,steady,0,0,steady
rise5-late,1287,14299999857,14299999857,1000000000,0,850000000,590277,4722216,590278,4722224,9444440,0,1000000000,steady,0,0,steady
rise5-late,1288,14311110968,14311110968,1000000000,0,850000000,590277,4722216,590278,4722224,9444440,0,1000000000,steady,0,0,steady
rise5-late,1289,14322222079,14322222079,1000000000,0,850000000,590277,4722216,590278,4722224,9444440,0,1000000000,steady,0,0,steady
rise5-late,1290,14333333190,14333333190,1000000000,0,850000000,590277,4722216,590278,4722224,9444440,0,1000000000,steady,0,0,steady
rise5-late,1291,14344444301,14344444301,1000000000,0,850000000,590277,4722216,590278,4722224,9444440,0,1000000000,steady,0,0,steady
rise5-late,1292,14355555412,14355555412,1000000000,0,850000000,590277,4722216,590278,4722224,9444440,0,1000000000,steady,0,0,steady
rise5-late,1293,14366666523,14366666523,1000000000,0,850000000,590277,4722216,590278,4722224,9444440,0,1000000000,steady,0,0,steady
rise5-late,1294,14377777634,14377777634,1000000000,0,850000000,590277,4722216,590278,4722224,9444440,0,1000000000,steady,0,0,steady
rise5-late,1295,14388888745,14388888745,1000000000,0,850000000,590277,4722216,590278,4722224,9444440,0,1000000000,steady,0,0,steady
rise5-late,1296,14399999856,14399999856,1000000000,0,850000000,590277,4722216,590278,4722224,9444440,0,1000000000,steady,0,0,steady
rise5-late,1297,14411110967,14411110967,1000000000,0,850000000,590277,4722216,590278,4722224,9444440,0,1000000000,steady,0,0,steady
rise5-late,1298,14422222078,14422222078,1000000000,0,850000000,590277,4722216,590278,4722224,9444440,0,1000000000,steady,0,0,steady
rise5-late,1299,14433333189,14433333189,1000000000,0,850000000,590277,4722216,590278,4722224,9444440,0,1000000000,steady,0,0,steady
rise5-late,1300,14444444300,14444444300,1000000000,0,850000000,590277,4722216,590278,4722224,9444440,0,1000000000,steady,0,0,steady
rise5-late,1301,14455555411,14455555411,1000000000,0,850000000,590277,4722216,590278,4722224,9444440,0,1000000000,steady,0,0,steady
rise5-late,1302,14466666522,14466666522,1000000000,0,850000000,590277,4722216,590278,4722224,9444440,0,1000000000,steady,0,0,steady
rise5-late,1303,14477777633,14477777633,1000000000,0,850000000,590277,4722216,590278,4722224,9444440,0,1000000000,steady,0,0,steady
rise5-late,1304,14488888744,14488888744,1000000000,0,850000000,590277,4722216,590278,4722224,9444440,0,1000000000,steady,0,0,steady
rise5-late,1305,14499999855,14499999855,1000000000,0,850000000,590277,4722216,590278,4722224,9444440,0,1000000000,steady,0,0,steady
rise5-late,1306,14511110966,14511110966,1000000000,0,850000000,590277,4722216,590278,4722224,9444440,0,1000000000,steady,0,0,steady
rise5-late,1307,14522222077,14522222077,1000000000,0,850000000,590277,4722216,590278,4722224,9444440,0,1000000000,steady,0,0,steady
rise5-late,1308,14533333188,14533333188,1000000000,0,850000000,590277,4722216,590278,4722224,9444440,0,1000000000,steady,0,0,steady
rise5-late,1309,14544444299,14544444299,1000000000,0,850000000,590277,4722216,590278,4722224,9444440,0,1000000000,steady,0,0,steady
rise5-late,1310,14555555410,14555555410,1000000000,0,850000000,590277,4722216,590278,4722224,9444440,0,1000000000,steady,0,0,steady
rise5-late,1311,14566666521,14566666521,1000000000,0,850000000,590277,4722216,590278,4722224,9444440,0,1000000000,steady,0,0,steady
rise5-late,1312,14577777632,14577777632,1000000000,0,850000000,590277,4722216,590278,4722224,9444440,0,1000000000,steady,0,0,steady
rise5-late,1313,14588888743,14588888743,1000000000,0,850000000,590277,4722216,590278,4722224,9444440,0,1000000000,steady,0,0,steady
rise5-late,1314,14599999854,14599999854,1000000000,0,850000000,590277,4722216,590278,4722224,9444440,0,1000000000,steady,0,0,steady
rise5-late,1315,14611110965,14611110965,1000000000,0,850000000,590277,4722216,590278,4722224,9444440,0,1000000000,steady,0,0,steady
rise5-late,1316,14622222076,14622222076,1000000000,0,850000000,590277,4722216,590278,4722224,9444440,0,1000000000,steady,0,0,steady
rise5-late,1317,14633333187,14633333187,1000000000,0,850000000,590277,4722216,590278,4722224,9444440,0,1000000000,steady,0,0,steady
rise5-late,1318,14644444298,14644444298,1000000000,0,850000000,590277,4722216,590278,4722224,9444440,0,1000000000,steady,0,0,steady
rise5-late,1319,14655555409,14655555409,1000000000,0,850000000,590277,4722216,590278,4722224,9444440,0,1000000000,steady,0,0,steady
rise5-late,1320,14666666520,14666666520,1000000000,0,850000000,590277,4722216,590278,4722224,9444440,0,1000000000,steady,0,0,steady
rise5-late,1321,14677777631,14677777631,1000000000,0,850000000,590277,4722216,590278,4722224,9444440,0,1000000000,steady,0,0,steady
rise5-late,1322,14688888742,14688888742,1000000000,0,850000000,590277,4722216,590278,4722224,9444440,0,1000000000,steady,0,0,steady
rise5-late,1323,14699999853,14699999853,1000000000,0,850000000,590277,4722216,590278,4722224,9444440,0,1000000000,steady,0,0,steady
rise5-late,1324,14711110964,14711110964,1000000000,0,850000000,590277,4722216,590278,4722224,9444440,0,1000000000,steady,0,0,steady
rise5-late,1325,14722222075,14722222075,1000000000,0,850000000,590277,4722216,590278,4722224,9444440,0,1000000000,steady,0,0,steady
rise5-late,1326,14733333186,14733333186,1000000000,0,850000000,590277,4722216,590278,4722224,9444440,0,1000000000,steady,0,0,steady
rise5-late,1327,14744444297,14744444297,1000000000,0,850000000,590277,4722216,590278,4722224,9444440,0,1000000000,steady,0,0,steady
rise5-late,1328,14755555408,14755555408,1000000000,0,850000000,590277,4722216,590278,4722224,9444440,0,1000000000,steady,0,0,steady
rise5-late,1329,14766666519,14766666519,1000000000,0,850000000,590277,4722216,590278,4722224,9444440,0,1000000000,steady,0,0,steady
rise5-late,1330,14777777630,14777777630,1000000000,0,850000000,590277,4722216,590278,4722224,9444440,0,1000000000,steady,0,0,steady
rise5-late,1331,14788888741,14788888741,1000000000,0,850000000,590277,4722216,590278,4722224,9444440,0,1000000000,steady,0,0,steady
rise5-late,1332,14799999852,14799999852,1000000000,0,850000000,590277,4722216,590278,4722224,9444440,0,1000000000,steady,0,0,steady
rise5-late,1333,14811110963,14811110963,1000000000,0,850000000,590277,4722216,590278,4722224,9444440,0,1000000000,steady,0,0,steady
rise5-late,1334,14822222074,14822222074,1000000000,0,850000000,590277,4722216,590278,4722224,9444440,0,1000000000,steady,0,0,steady
rise5-late,1335,14833333185,14833333185,1000000000,0,850000000,590277,4722216,590278,4722224,9444440,0,1000000000,steady,0,0,steady
rise5-late,1336,14844444296,14844444296,1000000000,0,850000000,590277,4722216,590278,4722224,9444440,0,1000000000,steady,0,0,steady
rise5-late,1337,14855555407,14855555407,1000000000,0,850000000,590277,4722216,590278,4722224,9444440,0,1000000000,steady,0,0,steady
rise5-late,1338,14866666518,14866666518,1000000000,0,850000000,590277,4722216,590278,4722224,9444440,0,1000000000,steady,0,0,steady
rise5-late,1339,14877777629,14877777629,1000000000,0,850000000,590277,4722216,590278,4722224,9444440,0,1000000000,steady,0,0,steady
rise5-late,1340,14888888740,14888888740,1000000000,0,850000000,590277,4722216,590278,4722224,9444440,0,1000000000,steady,0,0,steady
rise5-late,1341,14899999851,14899999851,1000000000,0,850000000,590277,4722216,590278,4722224,9444440,0,1000000000,steady,0,0,steady
rise5-late,1342,14911110962,14911110962,1000000000,0,850000000,590277,4722216,590278,4722224,9444440,0,1000000000,steady,0,0,steady
rise5-late,1343,14922222073,14922222073,1000000000,0,850000000,590277,4722216,590278,4722224,9444440,0,1000000000,steady,0,0,steady
rise5-late,1344,14933333184,14933333184,1000000000,0,850000000,590277,4722216,590278,4722224,9444440,0,1000000000,steady,0,0,steady
rise5-late,1345,14944444295,14944444295,1000000000,0,850000000,590277,4722216,590278,4722224,9444440,0,1000000000,steady,0,0,steady
rise5-late,1346,14955555406,14955555406,1000000000,0,850000000,590277,4722216,590278,4722224,9444440,0,1000000000,steady,0,0,steady
rise5-late,1347,14966666517,14966666517,1000000000,0,850000000,590277,4722216,590278,4722224,9444440,0,1000000000,steady,0,0,steady
rise5-late,1348,14977777628,14977777628,1000000000,0,850000000,590277,4722216,590278,4722224,9444440,0,1000000000,steady,0,0,steady
rise5-late,1349,14988888739,14988888739,1000000000,0,850000000,590277,4722216,590278,4722224,9444440,0,1000000000,steady,0,0,steady
rise5-late,1350,14999999850,14999999850,1000000000,0,850000000,590277,4722216,590278,4722224,9444440,0,1000000000,steady,0,0,steady
rise5-late,1351,15011110961,15011110961,1000000000,0,850000000,590277,4722216,590278,4722224,9444440,0,1000000000,steady,0,0,steady
rise5-late,1352,15022222072,15022222072,1000000000,0,850000000,590277,4722216,590278,4722224,9444440,0,1000000000,steady,0,0,steady
rise5-late,1353,15033333183,15033333183,1000000000,0,850000000,590277,4722216,590278,4722224,9444440,0,1000000000,steady,0,0,steady
rise5-late,1354,15044444294,15044444294,1000000000,0,850000000,590277,4722216,590278,4722224,9444440,0,1000000000,steady,0,0,steady
rise5-late,1355,15055555405,15055555405,1000000000,0,850000000,590277,4722216,590278,4722224,9444440,0,1000000000,steady,0,0,steady
rise5-late,1356,15066666516,15066666516,1000000000,0,850000000,590277,4722216,590278,4722224,9444440,0,1000000000,steady,0,0,steady
rise5-late,1357,15077777627,15077777627,1000000000,0,850000000,590277,4722216,590278,4722224,9444440,0,1000000000,steady,0,0,steady
rise5-late,1358,15088888738,15088888738,1000000000,0,850000000,590277,4722216,590278,4722224,9444440,0,1000000000,steady,0,0,steady
rise5-late,1359,15099999849,15099999849,1000000000,0,850000000,590277,4722216,590278,4722224,9444440,0,1000000000,steady,0,0,steady
rise5-late,1360,15111110960,15111110960,1000000000,0,850000000,590277,4722216,590278,4722224,9444440,0,1000000000,steady,0,0,steady
rise5-late,1361,15122222071,15122222071,1000000000,0,850000000,590277,4722216,590278,4722224,9444440,0,1000000000,steady,0,0,steady
rise5-late,1362,15133333182,15133333182,1000000000,0,850000000,590277,4722216,590278,4722224,9444440,0,1000000000,steady,0,0,steady
rise5-late,1363,15144444293,15144444293,1000000000,0,850000000,590277,4722216,590278,4722224,9444440,0,1000000000,steady,0,0,steady
rise5-late,1364,15155555404,15155555404,1000000000,0,850000000,590277,4722216,590278,4722224,9444440,0,1000000000,steady,0,0,steady
rise5-late,1365,15166666515,15166666515,1000000000,0,850000000,590277,4722216,590278,4722224,9444440,0,1000000000,steady,0,0,steady
rise5-late,1366,15177777626,15177777626,1000000000,0,850000000,590277,4722216,590278,4722224,9444440,0,1000000000,steady,0,0,steady
rise5-late,1367,15188888737,15188888737,1000000000,0,850000000,590277,4722216,590278,4722224,9444440,0,1000000000,steady,0,0,steady
rise5-late,1368,15199999848,15199999848,1000000000,0,850000000,590277,4722216,590278,4722224,9444440,0,1000000000,steady,0,0,steady
rise5-late,1369,15211110959,15211110959,1000000000,0,850000000,590277,4722216,590278,4722224,9444440,0,1000000000,steady,0,0,steady
rise5-late,1370,15222222070,15222222070,1000000000,0,850000000,590277,4722216,590278,4722224,9444440,0,1000000000,steady,0,0,steady
rise5-late,1371,15233333181,15233333181,1000000000,0,850000000,590277,4722216,590278,4722224,9444440,0,1000000000,steady,0,0,steady
rise5-late,1372,15244444292,15244444292,1000000000,0,850000000,590277,4722216,590278,4722224,9444440,0,1000000000,steady,0,0,steady
rise5-late,1373,15255555403,15255555403,1000000000,0,850000000,590277,4722216,590278,4722224,9444440,0,1000000000,steady,0,0,steady
rise5-late,1374,15266666514,15266666514,1000000000,0,850000000,590277,4722216,590278,4722224,9444440,0,1000000000,steady,0,0,steady
rise5-late,1375,15277777625,15277777625,1000000000,0,850000000,590277,4722216,590278,4722224,9444440,0,1000000000,steady,0,0,steady
rise5-late,1376,15288888736,15288888736,1000000000,0,850000000,590277,4722216,590278,4722224,9444440,0,1000000000,steady,0,0,steady
rise5-late,1377,15299999847,15299999847,1000000000,0,850000000,590277,4722216,590278,4722224,9444440,0,1000000000,steady,0,0,steady
rise5-late,1378,15311110958,15311110958,1000000000,0,850000000,590277,4722216,590278,4722224,9444440,0,1000000000,steady,0,0,steady
rise5-late,1379,15322222069,15322222069,1000000000,0,850000000,590277,4722216,590278,4722224,9444440,0,1000000000,steady,0,0,steady
rise5-late,1380,15333333180,15333333180,1000000000,0,850000000,590277,4722216,590278,4722224,9444440,0,1000000000,steady,0,0,steady
rise5-late,1381,15344444291,15344444291,1000000000,0,850000000,590277,4722216,590278,4722224,9444440,0,1000000000,steady,0,0,steady
rise5-late,1382,15355555402,15355555402,1000000000,0,850000000,590277,4722216,590278,4722224,9444440,0,1000000000,steady,0,0,steady
rise5-late,1383,15366666513,15366666513,1000000000,0,850000000,590277,4722216,590278,4722224,9444440,0,1000000000,steady,0,0,steady
rise5-late,1384,15377777624,15377777624,1000000000,0,850000000,590277,4722216,590278,4722224,9444440,0,1000000000,steady,0,0,steady
rise5-late,1385,15388888735,15388888735,1000000000,0,850000000,590277,4722216,590278,4722224,9444440,0,1000000000,steady,0,0,steady
rise5-late,1386,15399999846,15399999846,1000000000,0,850000000,590277,4722216,590278,4722224,9444440,0,1000000000,steady,0,0,steady
rise5-late,1387,15411110957,15411110957,1000000000,0,850000000,590277,4722216,590278,4722224,9444440,0,1000000000,steady,0,0,steady
rise5-late,1388,15422222068,15422222068,1000000000,0,850000000,590277,4722216,590278,4722224,9444440,0,1000000000,steady,0,0,steady
rise5-late,1389,15433333179,15433333179,1000000000,0,850000000,590277,4722216,590278,4722224,9444440,0,1000000000,steady,0,0,steady
rise5-late,1390,15444444290,15444444290,1000000000,0,850000000,590277,4722216,590278,4722224,9444440,0,1000000000,steady,0,0,steady
rise5-late,1391,15455555401,15455555401,1000000000,0,850000000,590277,4722216,590278,4722224,9444440,0,1000000000,steady,0,0,steady
rise5-late,1392,15466666512,15466666512,1000000000,0,850000000,590277,4722216,590278,4722224,9444440,0,1000000000,steady,0,0,steady
rise5-late,1393,15477777623,15477777623,1000000000,0,850000000,590277,4722216,590278,4722224,9444440,0,1000000000,steady,0,0,steady
rise5-late,1394,15488888734,15488888734,1000000000,0,850000000,590277,4722216,590278,4722224,9444440,0,1000000000,steady,0,0,steady
rise5-late,1395,15499999845,15499999845,1000000000,0,850000000,590277,4722216,590278,4722224,9444440,0,1000000000,steady,0,0,steady
rise5-late,1396,15511110956,15511110956,1000000000,0,850000000,590277,4722216,590278,4722224,9444440,0,1000000000,steady,0,0,steady
rise5-late,1397,15522222067,15522222067,1000000000,0,850000000,590277,4722216,590278,4722224,9444440,0,1000000000,steady,0,0,steady
rise5-late,1398,15533333178,15533333178,1000000000,0,850000000,590277,4722216,590278,4722224,9444440,0,1000000000,steady,0,0,steady
rise5-late,1399,15544444289,15544444289,1000000000,0,850000000,590277,4722216,590278,4722224,9444440,0,1000000000,steady,0,0,steady
rise5-late,1400,15555555400,15555555400,1000000000,0,850000000,590277,4722216,590278,4722224,9444440,0,1000000000,steady,0,0,steady
rise5-late,1401,15566666511,15566666511,1000000000,0,850000000,590277,4722216,590278,4722224,9444440,0,1000000000,steady,0,0,steady
rise5-late,1402,15577777622,15577777622,1000000000,0,850000000,590277,4722216,590278,4722224,9444440,0,1000000000,steady,0,0,steady
rise5-late,1403,15588888733,15588888733,1000000000,0,850000000,590277,4722216,590278,4722224,9444440,0,1000000000,steady,0,0,steady
rise5-late,1404,15599999844,15599999844,1000000000,0,850000000,590277,4722216,590278,4722224,9444440,0,1000000000,steady,0,0,steady
rise5-late,1405,15611110955,15611110955,1000000000,0,850000000,590277,4722216,590278,4722224,9444440,0,1000000000,steady,0,0,steady
rise5-late,1406,15622222066,15622222066,1000000000,0,850000000,590277,4722216,590278,4722224,9444440,0,1000000000,steady,0,0,steady
rise5-late,1407,15633333177,15633333177,1000000000,0,850000000,590277,4722216,590278,4722224,9444440,0,1000000000,steady,0,0,steady
rise5-late,1408,15644444288,15644444288,1000000000,0,850000000,590277,4722216,590278,4722224,9444440,0,1000000000,steady,0,0,steady
rise5-late,1409,15655555399,15655555399,1000000000,0,850000000,590277,4722216,590278,4722224,9444440,0,1000000000,steady,0,0,steady
rise5-late,1410,15666666510,15666666510,1000000000,0,850000000,590277,4722216,590278,4722224,9444440,0,1000000000,steady,0,0,steady
rise5-late,1411,15677777621,15677777621,1000000000,0,850000000,590277,4722216,590278,4722224,9444440,0,1000000000,steady,0,0,steady
rise5-late,1412,15688888732,15688888732,1000000000,0,850000000,590277,4722216,590278,4722224,9444440,0,1000000000,steady,0,0,steady
rise5-late,1413,15699999843,15699999843,1000000000,0,850000000,590277,4722216,590278,4722224,9444440,0,1000000000,steady,0,0,steady
rise5-late,1414,15711110954,15711110954,1000000000,0,850000000,590277,4722216,590278,4722224,9444440,0,1000000000,steady,0,0,steady
rise5-late,1415,15722222065,15722222065,1000000000,0,850000000,590277,4722216,590278,4722224,9444440,0,1000000000,steady,0,0,steady
rise5-late,1416,15733333176,15733333176,1000000000,0,850000000,590277,4722216,590278,4722224,9444440,0,1000000000,steady,0,0,steady
rise5-late,1417,15744444287,15744444287,1000000000,0,850000000,590277,4722216,590278,4722224,9444440,0,1000000000,steady,0,0,steady
rise5-late,1418,15755555398,15755555398,1000000000,0,850000000,590277,4722216,590278,4722224,9444440,0,1000000000,steady,0,0,steady
rise5-late,1419,15766666509,15766666509,1000000000,0,850000000,590277,4722216,590278,4722224,9444440,0,1000000000,steady,0,0,steady
rise5-late,1420,15777777620,15777777620,1000000000,0,850000000,590277,4722216,590278,4722224,9444440,0,1000000000,steady,0,0,steady
rise5-late,1421,15788888731,15788888731,1000000000,0,850000000,590277,4722216,590278,4722224,9444440,0,1000000000,steady,0,0,steady
rise5-late,1422,15799999842,15799999842,1000000000,0,850000000,590277,4722216,590278,4722224,9444440,0,1000000000,steady,0,0,steady
rise5-late,1423,15811110953,15811110953,1000000000,0,850000000,590277,4722216,590278,4722224,9444440,0,1000000000,steady,0,0,steady
rise5-late,1424,15822222064,15822222064,1000000000,0,850000000,590277,4722216,590278,4722224,9444440,0,1000000000,steady,0,0,steady
rise5-late,1425,15833333175,15833333175,1000000000,0,850000000,590277,4722216,590278,4722224,9444440,0,1000000000,steady,0,0,steady
rise5-late,1426,15844444286,15844444286,1000000000,0,850000000,590277,4722216,590278,4722224,9444440,0,1000000000,steady,0,0,steady
rise5-late,1427,15855555397,15855555397,1000000000,0,850000000,590277,4722216,590278,4722224,9444440,0,1000000000,steady,0,0,steady
rise5-late,1428,15866666508,15866666508,1000000000,0,850000000,590277,4722216,590278,4722224,9444440,0,1000000000,steady,0,0,steady
rise5-late,1429,15877777619,15877777619,1000000000,0,850000000,590277,4722216,590278,4722224,9444440,0,1000000000,steady,0,0,steady
rise5-late,1430,15888888730,15888888730,1000000000,0,850000000,590277,4722216,590278,4722224,9444440,0,1000000000,steady,0,0,steady
rise5-late,1431,15899999841,15899999841,1000000000,0,850000000,590277,4722216,590278,4722224,9444440,0,1000000000,steady,0,0,steady
rise5-late,1432,15911110952,15911110952,1000000000,0,850000000,590277,4722216,590278,4722224,9444440,0,1000000000,steady,0,0,steady
rise5-late,1433,15922222063,15922222063,1000000000,0,850000000,590277,4722216,590278,4722224,9444440,0,1000000000,steady,0,0,steady
rise5-late,1434,15933333174,15933333174,1000000000,0,850000000,590277,4722216,590278,4722224,9444440,0,1000000000,steady,0,0,steady
rise5-late,1435,15944444285,15944444285,1000000000,0,850000000,590277,4722216,590278,4722224,9444440,0,1000000000,steady,0,0,steady
rise5-late,1436,15955555396,15955555396,1000000000,0,850000000,590277,4722216,590278,4722224,9444440,0,1000000000,steady,0,0,steady
rise5-late,1437,15966666507,15966666507,1000000000,0,850000000,590277,4722216,590278,4722224,9444440,0,1000000000,steady,0,0,steady
rise5-late,1438,15977777618,15977777618,1000000000,0,850000000,590277,4722216,590278,4722224,9444440,0,1000000000,steady,0,0,steady
rise5-late,1439,15988888729,15988888729,1000000000,0,850000000,590277,4722216,590278,4722224,9444440,0,1000000000,steady,0,0,steady
rise5-late,1440,15999999840,15999999840,1000000000,0,850000000,590277,4722216,590278,4722224,9444440,0,1000000000,steady,0,0,steady
rise5-late,1441,16011110951,16011110951,1000000000,0,850000000,590277,4722216,590278,4722224,9444440,0,1000000000,steady,0,0,steady
rise5-late,1442,16022222062,16022222062,1000000000,0,850000000,590277,4722216,590278,4722224,9444440,0,1000000000,steady,0,0,steady
rise5-late,1443,16033333173,16033333173,1000000000,0,850000000,590277,4722216,590278,4722224,9444440,0,1000000000,steady,0,0,steady
rise5-late,1444,16044444284,16044444284,1000000000,0,850000000,590277,4722216,590278,4722224,9444440,0,1000000000,steady,0,0,steady
rise5-late,1445,16055555395,16055555395,1000000000,0,850000000,590277,4722216,590278,4722224,9444440,0,1000000000,steady,0,0,steady
rise5-late,1446,16066666506,16066666506,1000000000,0,850000000,590277,4722216,590278,4722224,9444440,0,1000000000,steady,0,0,steady
rise5-late,1447,16077777617,16077777617,1000000000,0,850000000,590277,4722216,590278,4722224,9444440,0,1000000000,steady,0,0,steady
rise5-late,1448,16088888728,16088888728,1000000000,0,850000000,590277,4722216,590278,4722224,9444440,0,1000000000,steady,0,0,steady
rise5-late,1449,16099999839,16099999839,1000000000,0,850000000,590277,4722216,590278,4722224,9444440,0,1000000000,steady,0,0,steady
rise5-late,1450,16111110950,16111110950,1000000000,0,850000000,590277,4722216,590278,4722224,9444440,0,1000000000,steady,0,0,steady
rise5-late,1451,16122222061,16122222061,1000000000,0,850000000,590277,4722216,590278,4722224,9444440,0,1000000000,steady,0,0,steady
rise5-late,1452,16133333172,16133333172,1000000000,0,850000000,590277,4722216,590278,4722224,9444440,0,1000000000,steady,0,0,steady
rise5-late,1453,16144444283,16144444283,1000000000,0,850000000,590277,4722216,590278,4722224,9444440,0,1000000000,steady,0,0,steady
rise5-late,1454,16155555394,16155555394,1000000000,0,850000000,590277,4722216,590278,4722224,9444440,0,1000000000,steady,0,0,steady
rise5-late,1455,16166666505,16166666505,1000000000,0,850000000,590277,4722216,590278,4722224,9444440,0,1000000000,steady,0,0,steady
rise5-late,1456,16177777616,16177777616,1000000000,0,850000000,590277,4722216,590278,4722224,9444440,0,1000000000,steady,0,0,steady
rise5-late,1457,16188888727,16188888727,1000000000,0,850000000,590277,4722216,590278,4722224,9444440,0,1000000000,steady,0,0,steady
rise5-late,1458,16199999838,16199999838,1000000000,0,850000000,590277,4722216,590278,4722224,9444440,0,1000000000,steady,0,0,steady
rise5-late,1459,16211110949,16211110949,1000000000,0,850000000,590277,4722216,590278,4722224,9444440,0,1000000000,steady,0,0,steady
rise5-late,1460,16222222060,16222222060,1000000000,0,850000000,590277,4722216,590278,4722224,9444440,0,1000000000,steady,0,0,steady
rise5-late,1461,16233333171,16233333171,1000000000,0,850000000,590277,4722216,590278,4722224,9444440,0,1000000000,steady,0,0,steady
rise5-late,1462,16244444282,16244444282,1000000000,0,850000000,590277,4722216,590278,4722224,9444440,0,1000000000,steady,0,0,steady
rise5-late,1463,16255555393,16255555393,1000000000,0,850000000,590277,4722216,590278,4722224,9444440,0,1000000000,steady,0,0,steady
rise5-late,1464,16266666504,16266666504,1000000000,0,850000000,590277,4722216,590278,4722224,9444440,0,1000000000,steady,0,0,steady
rise5-late,1465,16277777615,16277777615,1000000000,0,850000000,590277,4722216,590278,4722224,9444440,0,1000000000,steady,0,0,steady
rise5-late,1466,16288888726,16288888726,1000000000,0,850000000,590277,4722216,590278,4722224,9444440,0,1000000000,steady,0,0,steady
rise5-late,1467,16299999837,16299999837,1000000000,0,850000000,590277,4722216,590278,4722224,9444440,0,1000000000,steady,0,0,steady
rise5-late,1468,16311110948,16311110948,1000000000,0,850000000,590277,4722216,590278,4722224,9444440,0,1000000000,steady,0,0,steady
rise5-late,1469,16322222059,16322222059,1000000000,0,850000000,590277,4722216,590278,4722224,9444440,0,1000000000,steady,0,0,steady
rise5-late,1470,16333333170,16333333170,1000000000,0,850000000,590277,4722216,590278,4722224,9444440,0,1000000000,steady,0,0,steady
rise5-late,1471,16344444281,16344444281,1000000000,0,850000000,590277,4722216,590278,4722224,9444440,0,1000000000,steady,0,0,steady
rise5-late,1472,16355555392,16355555392,1000000000,0,850000000,590277,4722216,590278,4722224,9444440,0,1000000000,steady,0,0,steady
rise5-late,1473,16366666503,16366666503,1000000000,0,850000000,590277,4722216,590278,4722224,9444440,0,1000000000,steady,0,0,steady
rise5-late,1474,16377777614,16377777614,1000000000,0,850000000,590277,4722216,590278,4722224,9444440,0,1000000000,steady,0,0,steady
rise5-late,1475,16388888725,16388888725,1000000000,0,850000000,590277,4722216,590278,4722224,9444440,0,1000000000,steady,0,0,steady
rise5-late,1476,16399999836,16399999836,1000000000,0,850000000,590277,4722216,590278,4722224,9444440,0,1000000000,steady,0,0,steady
rise5-late,1477,16411110947,16411110947,1000000000,0,850000000,590277,4722216,590278,4722224,9444440,0,1000000000,steady,0,0,steady
rise5-late,1478,16422222058,16422222058,1000000000,0,850000000,590277,4722216,590278,4722224,9444440,0,1000000000,steady,0,0,steady
rise5-late,1479,16433333169,16433333169,1000000000,0,850000000,590277,4722216,590278,4722224,9444440,0,1000000000,steady,0,0,steady
rise5-late,1480,16444444280,16444444280,1000000000,0,850000000,590277,4722216,590278,4722224,9444440,0,1000000000,steady,0,0,steady
rise5-late,1481,16455555391,16455555391,1000000000,0,850000000,590277,4722216,590278,4722224,9444440,0,1000000000,steady,0,0,steady
rise5-late,1482,16466666502,16466666502,1000000000,0,850000000,590277,4722216,590278,4722224,9444440,0,1000000000,steady,0,0,steady
rise5-late,1483,16477777613,16477777613,1000000000,0,850000000,590277,4722216,590278,4722224,9444440,0,1000000000,steady,0,0,steady
rise5-late,1484,16488888724,16488888724,1000000000,0,850000000,590277,4722216,590278,4722224,9444440,0,1000000000,steady,0,0,steady
rise5-late,1485,16499999835,16499999835,1000000000,0,850000000,590277,4722216,590278,4722224,9444440,0,1000000000,steady,0,0,steady
rise5-late,1486,16511110946,16511110946,1000000000,0,850000000,590277,4722216,590278,4722224,9444440,0,1000000000,steady,0,0,steady
rise5-late,1487,16522222057,16522222057,1000000000,0,850000000,590277,4722216,590278,4722224,9444440,0,1000000000,steady,0,0,steady
rise5-late,1488,16533333168,16533333168,1000000000,0,850000000,590277,4722216,590278,4722224,9444440,0,1000000000,steady,0,0,steady
rise5-late,1489,16544444279,16544444279,1000000000,0,850000000,590277,4722216,590278,4722224,9444440,0,1000000000,steady,0,0,steady
rise5-late,1490,16555555390,16555555390,1000000000,0,850000000,590277,4722216,590278,4722224,9444440,0,1000000000,steady,0,0,steady
rise5-late,1491,16566666501,16566666501,1000000000,0,850000000,590277,4722216,590278,4722224,9444440,0,1000000000,steady,0,0,steady
rise5-late,1492,16577777612,16577777612,1000000000,0,850000000,590277,4722216,590278,4722224,9444440,0,1000000000,steady,0,0,steady
rise5-late,1493,16588888723,16588888723,1000000000,0,850000000,590277,4722216,590278,4722224,9444440,0,1000000000,steady,0,0,steady
rise5-late,1494,16599999834,16599999834,1000000000,0,850000000,590277,4722216,590278,4722224,9444440,0,1000000000,steady,0,0,steady
rise5-late,1495,16611110945,16611110945,1000000000,0,850000000,590277,4722216,590278,4722224,9444440,0,1000000000,steady,0,0,steady
rise5-late,1496,16622222056,16622222056,1000000000,0,850000000,590277,4722216,590278,4722224,9444440,0,1000000000,steady,0,0,steady
rise5-late,1497,16633333167,16633333167,1000000000,0,850000000,590277,4722216,590278,4722224,9444440,0,1000000000,steady,0,0,steady
rise5-late,1498,16644444278,16644444278,1000000000,0,850000000,590277,4722216,590278,4722224,9444440,0,1000000000,steady,0,0,steady
rise5-late,1499,16655555389,16655555389,1000000000,0,850000000,590277,4722216,590278,4722224,9444440,0,1000000000,steady,0,0,steady
rise5-late,1500,16666666500,16666666500,1000000000,0,850000000,590277,4722216,590278,4722224,9444440,0,1000000000,steady,0,0,steady
rise5-late,1501,16677777611,16677777611,1000000000,0,850000000,590277,4722216,590278,4722224,9444440,0,1000000000,steady,0,0,steady
rise5-late,1502,16688888722,16688888722,1000000000,0,850000000,590277,4722216,590278,4722224,9444440,0,1000000000,steady,0,0,steady
rise5-late,1503,16699999833,16699999833,1000000000,0,850000000,590277,4722216,590278,4722224,9444440,0,1000000000,steady,0,0,steady
rise5-late,1504,16711110944,16711110944,1000000000,0,850000000,590277,4722216,590278,4722224,9444440,0,1000000000,steady,0,0,steady
rise5-late,1505,16722222055,16722222055,1000000000,0,850000000,590277,4722216,590278,4722224,9444440,0,1000000000,steady,0,0,steady
rise5-late,1506,16733333166,16733333166,1000000000,0,850000000,590277,4722216,590278,4722224,9444440,0,1000000000,steady,0,0,steady
rise5-late,1507,16744444277,16744444277,1000000000,0,850000000,590277,4722216,590278,4722224,9444440,0,1000000000,steady,0,0,steady
rise5-late,1508,16755555388,16755555388,1000000000,0,850000000,590277,4722216,590278,4722224,9444440,0,1000000000,steady,0,0,steady
rise5-late,1509,16766666499,16766666499,1000000000,0,850000000,590277,4722216,590278,4722224,9444440,0,1000000000,steady,0,0,steady
rise5-late,1510,16777777610,16777777610,1000000000,0,850000000,590277,4722216,590278,4722224,9444440,0,1000000000,steady,0,0,steady
rise5-late,1511,16788888721,16788888721,1000000000,0,850000000,590277,4722216,590278,4722224,9444440,0,1000000000,steady,0,0,steady
rise5-late,1512,16799999832,16799999832,1000000000,0,850000000,590277,4722216,590278,4722224,9444440,0,1000000000,steady,0,0,steady
rise5-late,1513,16811110943,16811110943,1000000000,0,850000000,590277,4722216,590278,4722224,9444440,0,1000000000,steady,0,0,steady
rise5-late,1514,16822222054,16822222054,1000000000,0,850000000,590277,4722216,590278,4722224,9444440,0,1000000000,steady,0,0,steady
rise5-late,1515,16833333165,16833333165,1000000000,0,850000000,590277,4722216,590278,4722224,9444440,0,1000000000,steady,0,0,steady
rise5-late,1516,16844444276,16844444276,1000000000,0,850000000,590277,4722216,590278,4722224,9444440,0,1000000000,steady,0,0,steady
rise5-late,1517,16855555387,16855555387,1000000000,0,850000000,590277,4722216,590278,4722224,9444440,0,1000000000,steady,0,0,steady
rise5-late,1518,16866666498,16866666498,1000000000,0,850000000,590277,4722216,590278,4722224,9444440,0,1000000000,steady,0,0,steady
rise5-late,1519,16877777609,16877777609,1000000000,0,850000000,590277,4722216,590278,4722224,9444440,0,1000000000,steady,0,0,steady
rise5-late,1520,16888888720,16888888720,1000000000,0,850000000,590277,4722216,590278,4722224,9444440,0,1000000000,steady,0,0,steady
rise5-late,1521,16899999831,16899999831,1000000000,0,850000000,590277,4722216,590278,4722224,9444440,0,1000000000,steady,0,0,steady
rise5-late,1522,16911110942,16911110942,1000000000,0,850000000,590277,4722216,590278,4722224,9444440,0,1000000000,steady,0,0,steady
rise5-late,1523,16922222053,16922222053,1000000000,0,850000000,590277,4722216,590278,4722224,9444440,0,1000000000,steady,0,0,steady
rise5-late,1524,16933333164,16933333164,1000000000,0,850000000,590277,4722216,590278,4722224,9444440,0,1000000000,steady,0,0,steady
rise5-late,1525,16944444275,16944444275,1000000000,0,850000000,590277,4722216,590278,4722224,9444440,0,1000000000,steady,0,0,steady
rise5-late,1526,16955555386,16955555386,1000000000,0,850000000,590277,4722216,590278,4722224,9444440,0,1000000000,steady,0,0,steady
rise5-late,1527,16966666497,16966666497,1000000000,0,850000000,590277,4722216,590278,4722224,9444440,0,1000000000,steady,0,0,steady
rise5-late,1528,16977777608,16977777608,1000000000,0,850000000,590277,4722216,590278,4722224,9444440,0,1000000000,steady,0,0,steady
rise5-late,1529,16988888719,16988888719,1000000000,0,850000000,590277,4722216,590278,4722224,9444440,0,1000000000,steady,0,0,steady
rise5-late,1530,16999999830,16999999830,1000000000,0,850000000,590277,4722216,590278,4722224,9444440,0,1000000000,steady,0,0,steady
rise5-late,1531,17011110941,17011110941,1000000000,0,850000000,590277,4722216,590278,4722224,9444440,0,1000000000,steady,0,0,steady
rise5-late,1532,17022222052,17022222052,1000000000,0,850000000,590277,4722216,590278,4722224,9444440,0,1000000000,steady,0,0,steady
rise5-late,1533,17033333163,17033333163,1000000000,0,850000000,590277,4722216,590278,4722224,9444440,0,1000000000,steady,0,0,steady
rise5-late,1534,17044444274,17044444274,1000000000,0,850000000,590277,4722216,590278,4722224,9444440,0,1000000000,steady,0,0,steady
rise5-late,1535,17055555385,17055555385,1000000000,0,850000000,590277,4722216,590278,4722224,9444440,0,1000000000,steady,0,0,steady
rise5-late,1536,17066666496,17066666496,1000000000,0,850000000,590277,4722216,590278,4722224,9444440,0,1000000000,steady,0,0,steady
rise5-late,1537,17077777607,17077777607,1000000000,0,850000000,590277,4722216,590278,4722224,9444440,0,1000000000,steady,0,0,steady
rise5-late,1538,17088888718,17088888718,1000000000,0,850000000,590277,4722216,590278,4722224,9444440,0,1000000000,steady,0,0,steady
rise5-late,1539,17099999829,17099999829,1000000000,0,850000000,590277,4722216,590278,4722224,9444440,0,1000000000,steady,0,0,steady
rise5-late,1540,17111110940,17111110940,1000000000,0,850000000,590277,4722216,590278,4722224,9444440,0,1000000000,steady,0,0,steady
rise5-late,1541,17122222051,17122222051,1000000000,0,850000000,590277,4722216,590278,4722224,9444440,0,1000000000,steady,0,0,steady
rise5-late,1542,17133333162,17133333162,1000000000,0,850000000,590277,4722216,590278,4722224,9444440,0,1000000000,steady,0,0,steady
rise5-late,1543,17144444273,17144444273,1000000000,0,850000000,590277,4722216,590278,4722224,9444440,0,1000000000,steady,0,0,steady
rise5-late,1544,17155555384,17155555384,1000000000,0,850000000,590277,4722216,590278,4722224,9444440,0,1000000000,steady,0,0,steady
rise5-late,1545,17166666495,17166666495,1000000000,0,850000000,590277,4722216,590278,4722224,9444440,0,1000000000,steady,0,0,steady
rise5-late,1546,17177777606,17177777606,1000000000,0,850000000,590277,4722216,590278,4722224,9444440,0,1000000000,steady,0,0,steady
rise5-late,1547,17188888717,17188888717,1000000000,0,850000000,590277,4722216,590278,4722224,9444440,0,1000000000,steady,0,0,steady
rise5-late,1548,17199999828,17199999828,1000000000,0,850000000,590277,4722216,590278,4722224,9444440,0,1000000000,steady,0,0,steady
rise5-late,1549,17211110939,17211110939,1000000000,0,850000000,590277,4722216,590278,4722224,9444440,0,1000000000,steady,0,0,steady
rise5-late,1550,17222222050,17222222050,1000000000,0,850000000,590277,4722216,590278,4722224,9444440,0,1000000000,steady,0,0,steady
rise5-late,1551,17233333161,17233333161,1000000000,0,850000000,590277,4722216,590278,4722224,9444440,0,1000000000,steady,0,0,steady
rise5-late,1552,17244444272,17244444272,1000000000,0,850000000,590277,4722216,590278,4722224,9444440,0,1000000000,steady,0,0,steady
rise5-late,1553,17255555383,17255555383,1000000000,0,850000000,590277,4722216,590278,4722224,9444440,0,1000000000,steady,0,0,steady
rise5-late,1554,17266666494,17266666494,1000000000,0,850000000,590277,4722216,590278,4722224,9444440,0,1000000000,steady,0,0,steady
rise5-late,1555,17277777605,17277777605,1000000000,0,850000000,590277,4722216,590278,4722224,9444440,0,1000000000,steady,0,0,steady
rise5-late,1556,17288888716,17288888716,1000000000,0,850000000,590277,4722216,590278,4722224,9444440,0,1000000000,steady,0,0,steady
rise5-late,1557,17299999827,17299999827,1000000000,0,850000000,590277,4722216,590278,4722224,9444440,0,1000000000,steady,0,0,steady
rise5-late,1558,17311110938,17311110938,1000000000,0,850000000,590277,4722216,590278,4722224,9444440,0,1000000000,steady,0,0,steady
rise5-late,1559,17322222049,17322222049,1000000000,0,850000000,590277,4722216,590278,4722224,9444440,0,1000000000,steady,0,0,steady
rise5-late,1560,17333333160,17333333160,1000000000,0,850000000,590277,4722216,590278,4722224,9444440,0,1000000000,steady,0,0,steady
rise5-late,1561,17344444271,17344444271,1000000000,0,850000000,590277,4722216,590278,4722224,9444440,0,1000000000,steady,0,0,steady
rise5-late,1562,17355555382,17355555382,1000000000,0,850000000,590277,4722216,590278,4722224,9444440,0,1000000000,steady,0,0,steady
rise5-late,1563,17366666493,17366666493,1000000000,0,850000000,590277,4722216,590278,4722224,9444440,0,1000000000,steady,0,0,steady
rise5-late,1564,17377777604,17377777604,1000000000,0,850000000,590277,4722216,590278,4722224,9444440,0,1000000000,steady,0,0,steady
rise5-late,1565,17388888715,17388888715,1000000000,0,850000000,590277,4722216,590278,4722224,9444440,0,1000000000,steady,0,0,steady
rise5-late,1566,17399999826,17399999826,1000000000,0,850000000,590277,4722216,590278,4722224,9444440,0,1000000000,steady,0,0,steady
rise5-late,1567,17411110937,17411110937,1000000000,0,850000000,590277,4722216,590278,4722224,9444440,0,1000000000,steady,0,0,steady
rise5-late,1568,17422222048,17422222048,1000000000,0,850000000,590277,4722216,590278,4722224,9444440,0,1000000000,steady,0,0,steady
rise5-late,1569,17433333159,17433333159,1000000000,0,850000000,590277,4722216,590278,4722224,9444440,0,1000000000,steady,0,0,steady
rise5-late,1570,17444444270,17444444270,1000000000,0,850000000,590277,4722216,590278,4722224,9444440,0,1000000000,steady,0,0,steady
rise5-late,1571,17455555381,17455555381,1000000000,0,850000000,590277,4722216,590278,4722224,9444440,0,1000000000,steady,0,0,steady
rise5-late,1572,17466666492,17466666492,1000000000,0,850000000,590277,4722216,590278,4722224,9444440,0,1000000000,steady,0,0,steady
rise5-late,1573,17477777603,17477777603,1000000000,0,850000000,590277,4722216,590278,4722224,9444440,0,1000000000,steady,0,0,steady
rise5-late,1574,17488888714,17488888714,1000000000,0,850000000,590277,4722216,590278,4722224,9444440,0,1000000000,steady,0,0,steady
rise5-late,1575,17499999825,17499999825,1000000000,0,850000000,590277,4722216,590278,4722224,9444440,0,1000000000,steady,0,0,steady
rise5-late,1576,17511110936,17511110936,1000000000,0,850000000,590277,4722216,590278,4722224,9444440,0,1000000000,steady,0,0,steady
rise5-late,1577,17522222047,17522222047,1000000000,0,850000000,590277,4722216,590278,4722224,9444440,0,1000000000,steady,0,0,steady
rise5-late,1578,17533333158,17533333158,1000000000,0,850000000,590277,4722216,590278,4722224,9444440,0,1000000000,steady,0,0,steady
rise5-late,1579,17544444269,17544444269,1000000000,0,850000000,590277,4722216,590278,4722224,9444440,0,1000000000,steady,0,0,steady
rise5-late,1580,17555555380,17555555380,1000000000,0,850000000,590277,4722216,590278,4722224,9444440,0,1000000000,steady,0,0,steady
rise5-late,1581,17566666491,17566666491,1000000000,0,850000000,590277,4722216,590278,4722224,9444440,0,1000000000,steady,0,0,steady
rise5-late,1582,17577777602,17577777602,1000000000,0,850000000,590277,4722216,590278,4722224,9444440,0,1000000000,steady,0,0,steady
rise5-late,1583,17588888713,17588888713,1000000000,0,850000000,590277,4722216,590278,4722224,9444440,0,1000000000,steady,0,0,steady
rise5-late,1584,17599999824,17599999824,1000000000,0,850000000,590277,4722216,590278,4722224,9444440,0,1000000000,steady,0,0,steady
rise5-late,1585,17611110935,17611110935,1000000000,0,850000000,590277,4722216,590278,4722224,9444440,0,1000000000,steady,0,0,steady
rise5-late,1586,17622222046,17622222046,1000000000,0,850000000,590277,4722216,590278,4722224,9444440,0,1000000000,steady,0,0,steady
rise5-late,1587,17633333157,17633333157,1000000000,0,850000000,590277,4722216,590278,4722224,9444440,0,1000000000,steady,0,0,steady
rise5-late,1588,17644444268,17644444268,1000000000,0,850000000,590277,4722216,590278,4722224,9444440,0,1000000000,steady,0,0,steady
rise5-late,1589,17655555379,17655555379,1000000000,0,850000000,590277,4722216,590278,4722224,9444440,0,1000000000,steady,0,0,steady
rise5-late,1590,17666666490,17666666490,1000000000,0,850000000,590277,4722216,590278,4722224,9444440,0,1000000000,steady,0,0,steady
rise5-late,1591,17677777601,17677777601,1000000000,0,850000000,590277,4722216,590278,4722224,9444440,0,1000000000,steady,0,0,steady
rise5-late,1592,17688888712,17688888712,1000000000,0,850000000,590277,4722216,590278,4722224,9444440,0,1000000000,steady,0,0,steady
rise5-late,1593,17699999823,17699999823,1000000000,0,850000000,590277,4722216,590278,4722224,9444440,0,1000000000,steady,0,0,steady
rise5-late,1594,17711110934,17711110934,1000000000,0,850000000,590277,4722216,590278,4722224,9444440,0,1000000000,steady,0,0,steady
rise5-late,1595,17722222045,17722222045,1000000000,0,850000000,590277,4722216,590278,4722224,9444440,0,1000000000,steady,0,0,steady
rise5-late,1596,17733333156,17733333156,1000000000,0,850000000,590277,4722216,590278,4722224,9444440,0,1000000000,steady,0,0,steady
rise5-late,1597,17744444267,17744444267,1000000000,0,850000000,590277,4722216,590278,4722224,9444440,0,1000000000,steady,0,0,steady
rise5-late,1598,17755555378,17755555378,1000000000,0,850000000,590277,4722216,590278,4722224,9444440,0,1000000000,steady,0,0,steady
rise5-late,1599,17766666489,17766666489,1000000000,0,850000000,590277,4722216,590278,4722224,9444440,0,1000000000,steady,0,0,steady
rise5-late,1600,17777777600,17777777600,1000000000,0,850000000,590277,4722216,590278,4722224,9444440,0,1000000000,steady,0,0,steady
rise5-late,1601,17788888711,17788888711,1000000000,0,850000000,590277,4722216,590278,4722224,9444440,0,1000000000,steady,0,0,steady
rise5-late,1602,17799999822,17799999822,1000000000,0,850000000,590277,4722216,590278,4722224,9444440,0,1000000000,steady,0,0,steady
rise5-late,1603,17811110933,17811110933,1000000000,0,850000000,590277,4722216,590278,4722224,9444440,0,1000000000,steady,0,0,steady
rise5-late,1604,17822222044,17822222044,1000000000,0,850000000,590277,4722216,590278,4722224,9444440,0,1000000000,steady,0,0,steady
rise5-late,1605,17833333155,17833333155,1000000000,0,850000000,590277,4722216,590278,4722224,9444440,0,1000000000,steady,0,0,steady
rise5-late,1606,17844444266,17844444266,1000000000,0,850000000,590277,4722216,590278,4722224,9444440,0,1000000000,steady,0,0,steady
rise5-late,1607,17855555377,17855555377,1000000000,0,850000000,590277,4722216,590278,4722224,9444440,0,1000000000,steady,0,0,steady
rise5-late,1608,17866666488,17866666488,1000000000,0,850000000,590277,4722216,590278,4722224,9444440,0,1000000000,steady,0,0,steady
rise5-late,1609,17877777599,17877777599,1000000000,0,850000000,590277,4722216,590278,4722224,9444440,0,1000000000,steady,0,0,steady
rise5-late,1610,17888888710,17888888710,1000000000,0,850000000,590277,4722216,590278,4722224,9444440,0,1000000000,steady,0,0,steady
rise5-late,1611,17899999821,17899999821,1000000000,0,850000000,590277,4722216,590278,4722224,9444440,0,1000000000,steady,0,0,steady
rise5-late,1612,17911110932,17911110932,1000000000,0,850000000,590277,4722216,590278,4722224,9444440,0,1000000000,steady,0,0,steady
rise5-late,1613,17922222043,17922222043,1000000000,0,850000000,590277,4722216,590278,4722224,9444440,0,1000000000,steady,0,0,steady
rise5-late,1614,17933333154,17933333154,1000000000,0,850000000,590277,4722216,590278,4722224,9444440,0,1000000000,steady,0,0,steady
rise5-late,1615,17944444265,17944444265,1000000000,0,850000000,590277,4722216,590278,4722224,9444440,0,1000000000,steady,0,0,steady
rise5-late,1616,17955555376,17955555376,1000000000,0,850000000,590277,4722216,590278,4722224,9444440,0,1000000000,steady,0,0,steady
rise5-late,1617,17966666487,17966666487,1000000000,0,850000000,590277,4722216,590278,4722224,9444440,0,1000000000,steady,0,0,steady
rise5-late,1618,17977777598,17977777598,1000000000,0,850000000,590277,4722216,590278,4722224,9444440,0,1000000000,steady,0,0,steady
rise5-late,1619,17988888709,17988888709,1000000000,0,850000000,590277,4722216,590278,4722224,9444440,0,1000000000,steady,0,0,steady
rise5-late,1620,17999999820,17999999820,1000000000,0,850000000,590277,4722216,590278,4722224,9444440,0,1000000000,steady,0,0,steady
rise5-late,1621,18011110931,18011110931,1000000000,0,850000000,590277,4722216,590278,4722224,9444440,0,1000000000,steady,0,0,steady
rise5-late,1622,18022222042,18022222042,1000000000,0,850000000,590277,4722216,590278,4722224,9444440,0,1000000000,steady,0,0,steady
rise5-late,1623,18033333153,18033333153,1000000000,0,850000000,590277,4722216,590278,4722224,9444440,0,1000000000,steady,0,0,steady
rise5-late,1624,18044444264,18044444264,1000000000,0,850000000,590277,4722216,590278,4722224,9444440,0,1000000000,steady,0,0,steady
rise5-late,1625,18055555375,18055555375,1000000000,0,850000000,590277,4722216,590278,4722224,9444440,0,1000000000,steady,0,0,steady
rise5-late,1626,18066666486,18066666486,1000000000,0,850000000,590277,4722216,590278,4722224,9444440,0,1000000000,steady,0,0,steady
rise5-late,1627,18077777597,18077777597,1000000000,0,850000000,590277,4722216,590278,4722224,9444440,0,1000000000,steady,0,0,steady
rise5-late,1628,18088888708,18088888708,1000000000,0,850000000,590277,4722216,590278,4722224,9444440,0,1000000000,steady,0,0,steady
rise5-late,1629,18099999819,18099999819,1000000000,0,850000000,590277,4722216,590278,4722224,9444440,0,1000000000,steady,0,0,steady
rise5-late,1630,18111110930,18111110930,1000000000,0,850000000,590277,4722216,590278,4722224,9444440,0,1000000000,steady,0,0,steady
rise5-late,1631,18122222041,18122222041,1000000000,0,850000000,590277,4722216,590278,4722224,9444440,0,1000000000,steady,0,0,steady
rise5-late,1632,18133333152,18133333152,1000000000,0,850000000,590277,4722216,590278,4722224,9444440,0,1000000000,steady,0,0,steady
rise5-late,1633,18144444263,18144444263,1000000000,0,850000000,590277,4722216,590278,4722224,9444440,0,1000000000,steady,0,0,steady
rise5-late,1634,18155555374,18155555374,1000000000,0,850000000,590277,4722216,590278,4722224,9444440,0,1000000000,steady,0,0,steady
rise5-late,1635,18166666485,18166666485,1000000000,0,850000000,590277,4722216,590278,4722224,9444440,0,1000000000,steady,0,0,steady
rise5-late,1636,18177777596,18177777596,1000000000,0,850000000,590277,4722216,590278,4722224,9444440,0,1000000000,steady,0,0,steady
rise5-late,1637,18188888707,18188888707,1000000000,0,850000000,590277,4722216,590278,4722224,9444440,0,1000000000,steady,0,0,steady
rise5-late,1638,18199999818,18199999818,1000000000,0,850000000,590277,4722216,590278,4722224,9444440,0,1000000000,steady,0,0,steady
rise5-late,1639,18211110929,18211110929,1000000000,0,850000000,590277,4722216,590278,4722224,9444440,0,1000000000,steady,0,0,steady
rise5-late,1640,18222222040,18222222040,1000000000,0,850000000,590277,4722216,590278,4722224,9444440,0,1000000000,steady,0,0,steady
rise5-late,1641,18233333151,18233333151,1000000000,0,850000000,590277,4722216,590278,4722224,9444440,0,1000000000,steady,0,0,steady
rise5-late,1642,18244444262,18244444262,1000000000,0,850000000,590277,4722216,590278,4722224,9444440,0,1000000000,steady,0,0,steady
rise5-late,1643,18255555373,18255555373,1000000000,0,850000000,590277,4722216,590278,4722224,9444440,0,1000000000,steady,0,0,steady
rise5-late,1644,18266666484,18266666484,1000000000,0,850000000,590277,4722216,590278,4722224,9444440,0,1000000000,steady,0,0,steady
rise5-late,1645,18277777595,18277777595,1000000000,0,850000000,590277,4722216,590278,4722224,9444440,0,1000000000,steady,0,0,steady
rise5-late,1646,18288888706,18288888706,1000000000,0,850000000,590277,4722216,590278,4722224,9444440,0,1000000000,steady,0,0,steady
rise5-late,1647,18299999817,18299999817,1000000000,0,850000000,590277,4722216,590278,4722224,9444440,0,1000000000,steady,0,0,steady
rise5-late,1648,18311110928,18311110928,1000000000,0,850000000,590277,4722216,590278,4722224,9444440,0,1000000000,steady,0,0,steady
rise5-late,1649,18322222039,18322222039,1000000000,0,850000000,590277,4722216,590278,4722224,9444440,0,1000000000,steady,0,0,steady
rise5-late,1650,18333333150,18333333150,1000000000,0,850000000,590277,4722216,590278,4722224,9444440,0,1000000000,steady,0,0,steady
rise5-late,1651,18344444261,18344444261,1000000000,0,850000000,590277,4722216,590278,4722224,9444440,0,1000000000,steady,0,0,steady
rise5-late,1652,18355555372,18355555372,1000000000,0,850000000,590277,4722216,590278,4722224,9444440,0,1000000000,steady,0,0,steady
rise5-late,1653,18366666483,18366666483,1000000000,0,850000000,590277,4722216,590278,4722224,9444440,0,1000000000,steady,0,0,steady
rise5-late,1654,18377777594,18377777594,1000000000,0,850000000,590277,4722216,590278,4722224,9444440,0,1000000000,steady,0,0,steady
rise5-late,1655,18388888705,18388888705,1000000000,0,850000000,590277,4722216,590278,4722224,9444440,0,1000000000,steady,0,0,steady
rise5-late,1656,18399999816,18399999816,1000000000,0,850000000,590277,4722216,590278,4722224,9444440,0,1000000000,steady,0,0,steady
rise5-late,1657,18411110927,18411110927,1000000000,0,850000000,590277,4722216,590278,4722224,9444440,0,1000000000,steady,0,0,steady
rise5-late,1658,18422222038,18422222038,1000000000,0,850000000,590277,4722216,590278,4722224,9444440,0,1000000000,steady,0,0,steady
rise5-late,1659,18433333149,18433333149,1000000000,0,850000000,590277,4722216,590278,4722224,9444440,0,1000000000,steady,0,0,steady
rise5-late,1660,18444444260,18444444260,1000000000,0,850000000,590277,4722216,590278,4722224,9444440,0,1000000000,steady,0,0,steady
rise5-late,1661,18455555371,18455555371,1000000000,0,850000000,590277,4722216,590278,4722224,9444440,0,1000000000,steady,0,0,steady
rise5-late,1662,18466666482,18466666482,1000000000,0,850000000,590277,4722216,590278,4722224,9444440,0,1000000000,steady,0,0,steady
rise5-late,1663,18477777593,18477777593,1000000000,0,850000000,590277,4722216,590278,4722224,9444440,0,1000000000,steady,0,0,steady
rise5-late,1664,18488888704,18488888704,1000000000,0,850000000,590277,4722216,590278,4722224,9444440,0,1000000000,steady,0,0,steady
rise5-late,1665,18499999815,18499999815,1000000000,0,850000000,590277,4722216,590278,4722224,9444440,0,1000000000,steady,0,0,steady
rise5-late,1666,18511110926,18511110926,1000000000,0,850000000,590277,4722216,590278,4722224,9444440,0,1000000000,steady,0,0,steady
rise5-late,1667,18522222037,18522222037,1000000000,0,850000000,590277,4722216,590278,4722224,9444440,0,1000000000,steady,0,0,steady
rise5-late,1668,18533333148,18533333148,1000000000,0,850000000,590277,4722216,590278,4722224,9444440,0,1000000000,steady,0,0,steady
rise5-late,1669,18544444259,18544444259,1000000000,0,850000000,590277,4722216,590278,4722224,9444440,0,1000000000,steady,0,0,steady
rise5-late,1670,18555555370,18555555370,1000000000,0,850000000,590277,4722216,590278,4722224,9444440,0,1000000000,steady,0,0,steady
rise5-late,1671,18566666481,18566666481,1000000000,0,850000000,590277,4722216,590278,4722224,9444440,0,1000000000,steady,0,0,steady
rise5-late,1672,18577777592,18577777592,1000000000,0,850000000,590277,4722216,590278,4722224,9444440,0,1000000000,steady,0,0,steady
rise5-late,1673,18588888703,18588888703,1000000000,0,850000000,590277,4722216,590278,4722224,9444440,0,1000000000,steady,0,0,steady
rise5-late,1674,18599999814,18599999814,1000000000,0,850000000,590277,4722216,590278,4722224,9444440,0,1000000000,steady,0,0,steady
rise5-late,1675,18611110925,18611110925,1000000000,0,850000000,590277,4722216,590278,4722224,9444440,0,1000000000,steady,0,0,steady
rise5-late,1676,18622222036,18622222036,1000000000,0,850000000,590277,4722216,590278,4722224,9444440,0,1000000000,steady,0,0,steady
rise5-late,1677,18633333147,18633333147,1000000000,0,850000000,590277,4722216,590278,4722224,9444440,0,1000000000,steady,0,0,steady
rise5-late,1678,18644444258,18644444258,1000000000,0,850000000,590277,4722216,590278,4722224,9444440,0,1000000000,steady,0,0,steady
rise5-late,1679,18655555369,18655555369,1000000000,0,850000000,590277,4722216,590278,4722224,9444440,0,1000000000,steady,0,0,steady
rise5-late,1680,18666666480,18666666480,1000000000,0,850000000,590277,4722216,590278,4722224,9444440,0,1000000000,steady,0,0,steady
rise5-late,1681,18677777591,18677777591,1000000000,0,850000000,590277,4722216,590278,4722224,9444440,0,1000000000,steady,0,0,steady
rise5-late,1682,18688888702,18688888702,1000000000,0,850000000,590277,4722216,590278,4722224,9444440,0,1000000000,steady,0,0,steady
rise5-late,1683,18699999813,18699999813,1000000000,0,850000000,590277,4722216,590278,4722224,9444440,0,1000000000,steady,0,0,steady
rise5-late,1684,18711110924,18711110924,1000000000,0,850000000,590277,4722216,590278,4722224,9444440,0,1000000000,steady,0,0,steady
rise5-late,1685,18722222035,18722222035,1000000000,0,850000000,590277,4722216,590278,4722224,9444440,0,1000000000,steady,0,0,steady
rise5-late,1686,18733333146,18733333146,1000000000,0,850000000,590277,4722216,590278,4722224,9444440,0,1000000000,steady,0,0,steady
rise5-late,1687,18744444257,18744444257,1000000000,0,850000000,590277,4722216,590278,4722224,9444440,0,1000000000,steady,0,0,steady
rise5-late,1688,18755555368,18755555368,1000000000,0,850000000,590277,4722216,590278,4722224,9444440,0,1000000000,steady,0,0,steady
rise5-late,1689,18766666479,18766666479,1000000000,0,850000000,590277,4722216,590278,4722224,9444440,0,1000000000,steady,0,0,steady
rise5-late,1690,18777777590,18777777590,1000000000,0,850000000,590277,4722216,590278,4722224,9444440,0,1000000000,steady,0,0,steady
rise5-late,1691,18788888701,18788888701,1000000000,0,850000000,590277,4722216,590278,4722224,9444440,0,1000000000,steady,0,0,steady
rise5-late,1692,18799999812,18799999812,1000000000,0,850000000,590277,4722216,590278,4722224,9444440,0,1000000000,steady,0,0,steady
rise5-late,1693,18811110923,18811110923,1000000000,0,850000000,590277,4722216,590278,4722224,9444440,0,1000000000,steady,0,0,steady
rise5-late,1694,18822222034,18822222034,1000000000,0,850000000,590277,4722216,590278,4722224,9444440,0,1000000000,steady,0,0,steady
rise5-late,1695,18833333145,18833333145,1000000000,0,850000000,590277,4722216,590278,4722224,9444440,0,1000000000,steady,0,0,steady
rise5-late,1696,18844444256,18844444256,1000000000,0,850000000,590277,4722216,590278,4722224,9444440,0,1000000000,steady,0,0,steady
rise5-late,1697,18855555367,18855555367,1000000000,0,850000000,590277,4722216,590278,4722224,9444440,0,1000000000,steady,0,0,steady
rise5-late,1698,18866666478,18866666478,1000000000,0,850000000,590277,4722216,590278,4722224,9444440,0,1000000000,steady,0,0,steady
rise5-late,1699,18877777589,18877777589,1000000000,0,850000000,590277,4722216,590278,4722224,9444440,0,1000000000,steady,0,0,steady
rise5-late,1700,18888888700,18888888700,1000000000,0,850000000,590277,4722216,590278,4722224,9444440,0,1000000000,steady,0,0,steady
rise5-late,1701,18899999811,18899999811,1000000000,0,850000000,590277,4722216,590278,4722224,9444440,0,1000000000,steady,0,0,steady
rise5-late,1702,18911110922,18911110922,1000000000,0,850000000,590277,4722216,590278,4722224,9444440,0,1000000000,steady,0,0,steady
rise5-late,1703,18922222033,18922222033,1000000000,0,850000000,590277,4722216,590278,4722224,9444440,0,1000000000,steady,0,0,steady
rise5-late,1704,18933333144,18933333144,1000000000,0,850000000,590277,4722216,590278,4722224,9444440,0,1000000000,steady,0,0,steady
rise5-late,1705,18944444255,18944444255,1000000000,0,850000000,590277,4722216,590278,4722224,9444440,0,1000000000,steady,0,0,steady
rise5-late,1706,18955555366,18955555366,1000000000,0,850000000,590277,4722216,590278,4722224,9444440,0,1000000000,steady,0,0,steady
rise5-late,1707,18966666477,18966666477,1000000000,0,850000000,590277,4722216,590278,4722224,9444440,0,1000000000,steady,0,0,steady
rise5-late,1708,18977777588,18977777588,1000000000,0,850000000,590277,4722216,590278,4722224,9444440,0,1000000000,steady,0,0,steady
rise5-late,1709,18988888699,18988888699,1000000000,0,850000000,590277,4722216,590278,4722224,9444440,0,1000000000,steady,0,0,steady
rise5-late,1710,18999999810,18999999810,1000000000,0,850000000,590277,4722216,590278,4722224,9444440,0,1000000000,steady,0,0,steady
rise5-late,1711,19011110921,19011110921,1000000000,0,850000000,590277,4722216,590278,4722224,9444440,0,1000000000,steady,0,0,steady
rise5-late,1712,19022222032,19022222032,1000000000,0,850000000,590277,4722216,590278,4722224,9444440,0,1000000000,steady,0,0,steady
rise5-late,1713,19033333143,19033333143,1000000000,0,850000000,590277,4722216,590278,4722224,9444440,0,1000000000,steady,0,0,steady
rise5-late,1714,19044444254,19044444254,1000000000,0,850000000,590277,4722216,590278,4722224,9444440,0,1000000000,steady,0,0,steady
rise5-late,1715,19055555365,19055555365,1000000000,0,850000000,590277,4722216,590278,4722224,9444440,0,1000000000,steady,0,0,steady
rise5-late,1716,19066666476,19066666476,1000000000,0,850000000,590277,4722216,590278,4722224,9444440,0,1000000000,steady,0,0,steady
rise5-late,1717,19077777587,19077777587,1000000000,0,850000000,590277,4722216,590278,4722224,9444440,0,1000000000,steady,0,0,steady
rise5-late,1718,19088888698,19088888698,1000000000,0,850000000,590277,4722216,590278,4722224,9444440,0,1000000000,steady,0,0,steady
rise5-late,1719,19099999809,19099999809,1000000000,0,850000000,590277,4722216,590278,4722224,9444440,0,1000000000,steady,0,0,steady
rise5-late,1720,19111110920,19111110920,1000000000,0,850000000,590277,4722216,590278,4722224,9444440,0,1000000000,steady,0,0,steady
rise5-late,1721,19122222031,19122222031,1000000000,0,850000000,590277,4722216,590278,4722224,9444440,0,1000000000,steady,0,0,steady
rise5-late,1722,19133333142,19133333142,1000000000,0,850000000,590277,4722216,590278,4722224,9444440,0,1000000000,steady,0,0,steady
rise5-late,1723,19144444253,19144444253,1000000000,0,850000000,590277,4722216,590278,4722224,9444440,0,1000000000,steady,0,0,steady
rise5-late,1724,19155555364,19155555364,1000000000,0,850000000,590277,4722216,590278,4722224,9444440,0,1000000000,steady,0,0,steady
rise5-late,1725,19166666475,19166666475,1000000000,0,850000000,590277,4722216,590278,4722224,9444440,0,1000000000,steady,0,0,steady
rise5-late,1726,19177777586,19177777586,1000000000,0,850000000,590277,4722216,590278,4722224,9444440,0,1000000000,steady,0,0,steady
rise5-late,1727,19188888697,19188888697,1000000000,0,850000000,590277,4722216,590278,4722224,9444440,0,1000000000,steady,0,0,steady
rise5-late,1728,19199999808,19199999808,1000000000,0,850000000,590277,4722216,590278,4722224,9444440,0,1000000000,steady,0,0,steady
rise5-late,1729,19211110919,19211110919,1000000000,0,850000000,590277,4722216,590278,4722224,9444440,0,1000000000,steady,0,0,steady
rise5-late,1730,19222222030,19222222030,1000000000,0,850000000,590277,4722216,590278,4722224,9444440,0,1000000000,steady,0,0,steady
rise5-late,1731,19233333141,19233333141,1000000000,0,850000000,590277,4722216,590278,4722224,9444440,0,1000000000,steady,0,0,steady
rise5-late,1732,19244444252,19244444252,1000000000,0,850000000,590277,4722216,590278,4722224,9444440,0,1000000000,steady,0,0,steady
rise5-late,1733,19255555363,19255555363,1000000000,0,850000000,590277,4722216,590278,4722224,9444440,0,1000000000,steady,0,0,steady
rise5-late,1734,19266666474,19266666474,1000000000,0,850000000,590277,4722216,590278,4722224,9444440,0,1000000000,steady,0,0,steady
rise5-late,1735,19277777585,19277777585,1000000000,0,850000000,590277,4722216,590278,4722224,9444440,0,1000000000,probe,1,0,steady
rise5-late,1736,19288888696,19288888696,1000000000,0,1000000000,694444,5555552,694444,5555552,11111104,0,1000000000,probe,0,0,probe
rise5-late,1737,19299999807,19299999807,1000000000,0,1000000000,694444,5555552,694444,5555552,11111104,0,1000000000,probe,0,0,probe
rise5-late,1738,19311110918,19311110918,1000000000,0,1000000000,694444,5555552,694444,5555552,11111104,0,1000000000,probe,0,0,probe
rise5-late,1739,19322222029,19322222029,1000000000,0,1000000000,694444,5555552,694444,5555552,11111104,0,1000000000,probe,0,0,probe
rise5-late,1740,19333333140,19333333140,1000000000,0,1000000000,694444,5555552,694444,5555552,11111104,0,1000000000,probe,0,0,probe
rise5-late,1741,19344444251,19344444251,1000000000,0,1000000000,694444,5555552,694444,5555552,11111104,0,1000000000,probe,0,0,probe
rise5-late,1742,19355555362,19355555362,1000000000,0,1000000000,694444,5555552,694444,5555552,11111104,0,1000000000,probe,0,0,probe
rise5-late,1743,19366666473,19366666473,1000000000,0,1000000000,694444,5555552,694444,5555552,11111104,0,1000000000,probe,0,0,probe
rise5-late,1744,19377777584,19377777584,1000000000,0,1000000000,694444,5555552,694444,5555552,11111104,0,1000000000,probe,0,0,probe
rise5-late,1745,19388888695,19388888695,1000000000,0,1000000000,694444,5555552,694444,5555552,11111104,0,1000000000,probe,0,0,probe
rise5-late,1746,19399999806,19399999806,1000000000,0,1000000000,694444,5555552,694444,5555552,11111104,0,1000000000,probe,0,0,probe
rise5-late,1747,19411110917,19411110917,1000000000,0,1000000000,694444,5555552,694444,5555552,11111104,0,1000000000,probe,0,0,probe
rise5-late,1748,19422222028,19422222028,1000000000,0,1000000000,694444,5555552,694444,5555552,11111104,0,1000000000,probe,0,0,probe
rise5-late,1749,19433333139,19433333139,1000000000,0,1000000000,694444,5555552,694444,5555552,11111104,0,1000000000,probe,0,0,probe
rise5-late,1750,19444444250,19444444250,1000000000,0,1000000000,694444,5555552,694444,5555552,11111104,0,1000000000,probe,0,0,probe
rise5-late,1751,19455555361,19455555361,1000000000,0,1000000000,694444,5555552,694444,5555552,11111104,0,1000000000,probe,0,0,probe
rise5-late,1752,19466666472,19466666472,1000000000,0,1000000000,694444,5555552,694444,5555552,11111104,0,1000000000,probe,0,0,probe
rise5-late,1753,19477777583,19477777583,1000000000,0,1000000000,694444,5555552,694444,5555552,11111104,0,1000000000,probe,0,0,probe
rise5-late,1754,19488888694,19488888694,1000000000,0,1000000000,694444,5555552,694444,5555552,11111104,0,1000000000,probe,0,0,probe
rise5-late,1755,19499999805,19499999805,1000000000,0,1000000000,694444,5555552,694444,5555552,11111104,0,1000000000,probe,0,0,probe
rise5-late,1756,19511110916,19511110916,1000000000,0,1000000000,694444,5555552,694444,5555552,11111104,0,1000000000,probe,0,0,probe
rise5-late,1757,19522222027,19522222027,1000000000,0,1000000000,694444,5555552,694444,5555552,11111104,0,1000000000,probe,0,0,probe
rise5-late,1758,19533333138,19533333138,1000000000,0,1000000000,694444,5555552,694444,5555552,11111104,0,1000000000,probe,0,0,probe
rise5-late,1759,19544444249,19544444249,1000000000,0,1000000000,694444,5555552,694444,5555552,11111104,0,1000000000,probe,0,0,probe
rise5-late,1760,19555555360,19555555360,1000000000,0,1000000000,694444,5555552,694444,5555552,11111104,0,1000000000,probe,0,0,probe
rise5-late,1761,19566666471,19566666471,1000000000,0,1000000000,694444,5555552,694444,5555552,11111104,0,1000000000,probe,0,0,probe
rise5-late,1762,19577777582,19577777582,1000000000,0,1000000000,694444,5555552,694444,5555552,11111104,0,1000000000,probe,0,0,probe
rise5-late,1763,19588888693,19588888693,1000000000,0,1000000000,694444,5555552,694444,5555552,11111104,0,1000000000,probe,0,0,probe
rise5-late,1764,19599999804,19599999804,1000000000,0,1000000000,694444,5555552,694444,5555552,11111104,0,1000000000,probe,0,0,probe
rise5-late,1765,19611110915,19611110915,1000000000,0,1000000000,694444,5555552,694444,5555552,11111104,0,1000000000,probe,0,0,probe
rise5-late,1766,19622222026,19622222026,1000000000,0,1000000000,694444,5555552,694444,5555552,11111104,0,1000000000,probe,0,0,probe
rise5-late,1767,19633333137,19633333137,1000000000,0,1000000000,694444,5555552,694444,5555552,11111104,0,1000000000,probe,0,0,probe
rise5-late,1768,19644444248,19644444248,1000000000,0,1000000000,694444,5555552,694444,5555552,11111104,0,1000000000,probe,0,0,probe
rise5-late,1769,19655555359,19655555359,1000000000,0,1000000000,694444,5555552,694444,5555552,11111104,0,1000000000,probe,0,0,probe
rise5-late,1770,19666666470,19666666470,1000000000,0,1000000000,694444,5555552,694444,5555552,11111104,0,1000000000,probe,0,0,probe
rise5-late,1771,19677777581,19677777581,1000000000,0,1000000000,694444,5555552,694444,5555552,11111104,0,1000000000,probe,0,0,probe
rise5-late,1772,19688888692,19688888692,1000000000,0,1000000000,694444,5555552,694444,5555552,11111104,0,1000000000,probe,0,0,probe
rise5-late,1773,19699999803,19699999803,1000000000,0,1000000000,694444,5555552,694444,5555552,11111104,0,1000000000,probe,0,0,probe
rise5-late,1774,19711110914,19711110914,1000000000,0,1000000000,694444,5555552,694444,5555552,11111104,0,1000000000,probe,0,0,probe
rise5-late,1775,19722222025,19722222025,1000000000,0,1000000000,694444,5555552,694444,5555552,11111104,0,1000000000,probe,0,0,probe
rise5-late,1776,19733333136,19733333136,1000000000,0,1000000000,694444,5555552,694444,5555552,11111104,0,1000000000,probe,0,0,probe
rise5-late,1777,19744444247,19744444247,1000000000,0,1000000000,694444,5555552,694444,5555552,11111104,0,1000000000,probe,0,0,probe
rise5-late,1778,19755555358,19755555358,1000000000,0,1000000000,694444,5555552,694444,5555552,11111104,0,1000000000,probe,0,0,probe
rise5-late,1779,19766666469,19766666469,1000000000,0,1000000000,694444,5555552,694444,5555552,11111104,0,1000000000,probe,0,0,probe
rise5-late,1780,19777777580,19777777580,1000000000,0,1000000000,694444,5555552,694444,5555552,11111104,0,1000000000,probe,0,0,probe
rise5-late,1781,19788888691,19788888691,1000000000,0,1000000000,694444,5555552,694444,5555552,11111104,0,1000000000,steady,0,1,probe
rise5-late,1782,19799999802,19799999802,1000000000,0,850000000,590277,4722216,590278,4722224,9444440,0,1000000000,steady,0,0,steady
rise5-late,1783,19811110913,19811110913,1000000000,0,850000000,590277,4722216,590278,4722224,9444440,0,1000000000,steady,0,0,steady
rise5-late,1784,19822222024,19822222024,1000000000,0,850000000,590277,4722216,590278,4722224,9444440,0,1000000000,steady,0,0,steady
rise5-late,1785,19833333135,19833333135,1000000000,0,850000000,590277,4722216,590278,4722224,9444440,0,1000000000,steady,0,0,steady
rise5-late,1786,19844444246,19844444246,1000000000,0,850000000,590277,4722216,590278,4722224,9444440,0,1000000000,steady,0,0,steady
rise5-late,1787,19855555357,19855555357,1000000000,0,850000000,590277,4722216,590278,4722224,9444440,0,1000000000,steady,0,0,steady
rise5-late,1788,19866666468,19866666468,1000000000,0,850000000,590277,4722216,590278,4722224,9444440,0,1000000000,steady,0,0,steady
rise5-late,1789,19877777579,19877777579,1000000000,0,850000000,590277,4722216,590278,4722224,9444440,0,1000000000,steady,0,0,steady
rise5-late,1790,19888888690,19888888690,1000000000,0,850000000,590277,4722216,590278,4722224,9444440,0,1000000000,steady,0,0,steady
rise5-late,1791,19899999801,19899999801,1000000000,0,850000000,590277,4722216,590278,4722224,9444440,0,1000000000,steady,0,0,steady
rise5-late,1792,19911110912,19911110912,1000000000,0,850000000,590277,4722216,590278,4722224,9444440,0,1000000000,steady,0,0,steady
rise5-late,1793,19922222023,19922222023,1000000000,0,850000000,590277,4722216,590278,4722224,9444440,0,1000000000,steady,0,0,steady
rise5-late,1794,19933333134,19933333134,1000000000,0,850000000,590277,4722216,590278,4722224,9444440,0,1000000000,steady,0,0,steady
rise5-late,1795,19944444245,19944444245,1000000000,0,850000000,590277,4722216,590278,4722224,9444440,0,1000000000,steady,0,0,steady
rise5-late,1796,19955555356,19955555356,1000000000,0,850000000,590277,4722216,590278,4722224,9444440,0,1000000000,steady,0,0,steady
rise5-late,1797,19966666467,19966666467,1000000000,0,850000000,590277,4722216,590278,4722224,9444440,0,1000000000,steady,0,0,steady
rise5-late,1798,19977777578,19977777578,1000000000,0,850000000,590277,4722216,590278,4722224,9444440,0,1000000000,steady,0,0,steady
rise5-late,1799,19988888689,19988888689,1000000000,0,850000000,590277,4722216,590278,4722224,9444440,0,1000000000,steady,0,0,steady
rise5-late,1800,19999999800,19999999800,1000000000,0,850000000,590277,4722216,590278,4722224,9444440,0,1000000000,steady,0,0,steady
rise5-late,1801,20011110911,20011110911,1000000000,0,850000000,590277,4722216,590278,4722224,9444440,0,1000000000,steady,0,0,steady
rise5-late,1802,20022222022,20022222022,1000000000,0,850000000,590277,4722216,590278,4722224,9444440,0,1000000000,steady,0,0,steady
rise5-late,1803,20033333133,20033333133,1000000000,0,850000000,590277,4722216,590278,4722224,9444440,0,1000000000,steady,0,0,steady
rise5-late,1804,20044444244,20044444244,1000000000,0,850000000,590277,4722216,590278,4722224,9444440,0,1000000000,steady,0,0,steady
rise5-late,1805,20055555355,20055555355,1000000000,0,850000000,590277,4722216,590278,4722224,9444440,0,1000000000,steady,0,0,steady
rise5-late,1806,20066666466,20066666466,1000000000,0,850000000,590277,4722216,590278,4722224,9444440,0,1000000000,steady,0,0,steady
rise5-late,1807,20077777577,20077777577,1000000000,0,850000000,590277,4722216,590278,4722224,9444440,0,1000000000,steady,0,0,steady
rise5-late,1808,20088888688,20088888688,1000000000,0,850000000,590277,4722216,590278,4722224,9444440,0,1000000000,steady,0,0,steady
rise5-late,1809,20099999799,20099999799,1000000000,0,850000000,590277,4722216,590278,4722224,9444440,0,1000000000,steady,0,0,steady
rise5-late,1810,20111110910,20111110910,1000000000,0,850000000,590277,4722216,590278,4722224,9444440,0,1000000000,steady,0,0,steady
rise5-late,1811,20122222021,20122222021,1000000000,0,850000000,590277,4722216,590278,4722224,9444440,0,1000000000,steady,0,0,steady
rise5-late,1812,20133333132,20133333132,1000000000,0,850000000,590277,4722216,590278,4722224,9444440,0,1000000000,steady,0,0,steady
rise5-late,1813,20144444243,20144444243,1000000000,0,850000000,590277,4722216,590278,4722224,9444440,0,1000000000,steady,0,0,steady
rise5-late,1814,20155555354,20155555354,1000000000,0,850000000,590277,4722216,590278,4722224,9444440,0,1000000000,steady,0,0,steady
rise5-late,1815,20166666465,20166666465,1000000000,0,850000000,590277,4722216,590278,4722224,9444440,0,1000000000,steady,0,0,steady
rise5-late,1816,20177777576,20177777576,1000000000,0,850000000,590277,4722216,590278,4722224,9444440,0,1000000000,steady,0,0,steady
rise5-late,1817,20188888687,20188888687,1000000000,0,850000000,590277,4722216,590278,4722224,9444440,0,1000000000,steady,0,0,steady
rise5-late,1818,20199999798,20199999798,1000000000,0,850000000,590277,4722216,590278,4722224,9444440,0,1000000000,steady,0,0,steady
rise5-late,1819,20211110909,20211110909,1000000000,0,850000000,590277,4722216,590278,4722224,9444440,0,1000000000,steady,0,0,steady
rise5-late,1820,20222222020,20222222020,1000000000,0,850000000,590277,4722216,590278,4722224,9444440,0,1000000000,steady,0,0,steady
rise5-late,1821,20233333131,20233333131,1000000000,0,850000000,590277,4722216,590278,4722224,9444440,0,1000000000,steady,0,0,steady
rise5-late,1822,20244444242,20244444242,1000000000,0,850000000,590277,4722216,590278,4722224,9444440,0,1000000000,steady,0,0,steady
rise5-late,1823,20255555353,20255555353,1000000000,0,850000000,590277,4722216,590278,4722224,9444440,0,1000000000,steady,0,0,steady
rise5-late,1824,20266666464,20266666464,1000000000,0,850000000,590277,4722216,590278,4722224,9444440,0,1000000000,steady,0,0,steady
rise5-late,1825,20277777575,20277777575,1000000000,0,850000000,590277,4722216,590278,4722224,9444440,0,1000000000,steady,0,0,steady
rise5-late,1826,20288888686,20288888686,1000000000,0,850000000,590277,4722216,590278,4722224,9444440,0,1000000000,steady,0,0,steady
rise5-late,1827,20299999797,20299999797,1000000000,0,850000000,590277,4722216,590278,4722224,9444440,0,1000000000,steady,0,0,steady
rise5-late,1828,20311110908,20311110908,1000000000,0,850000000,590277,4722216,590278,4722224,9444440,0,1000000000,steady,0,0,steady
rise5-late,1829,20322222019,20322222019,1000000000,0,850000000,590277,4722216,590278,4722224,9444440,0,1000000000,steady,0,0,steady
rise5-late,1830,20333333130,20333333130,1000000000,0,850000000,590277,4722216,590278,4722224,9444440,0,1000000000,steady,0,0,steady
rise5-late,1831,20344444241,20344444241,1000000000,0,850000000,590277,4722216,590278,4722224,9444440,0,1000000000,steady,0,0,steady
rise5-late,1832,20355555352,20355555352,1000000000,0,850000000,590277,4722216,590278,4722224,9444440,0,1000000000,steady,0,0,steady
rise5-late,1833,20366666463,20366666463,1000000000,0,850000000,590277,4722216,590278,4722224,9444440,0,1000000000,steady,0,0,steady
rise5-late,1834,20377777574,20377777574,1000000000,0,850000000,590277,4722216,590278,4722224,9444440,0,1000000000,steady,0,0,steady
rise5-late,1835,20388888685,20388888685,1000000000,0,850000000,590277,4722216,590278,4722224,9444440,0,1000000000,steady,0,0,steady
rise5-late,1836,20399999796,20399999796,1000000000,0,850000000,590277,4722216,590278,4722224,9444440,0,1000000000,steady,0,0,steady
rise5-late,1837,20411110907,20411110907,1000000000,0,850000000,590277,4722216,590278,4722224,9444440,0,1000000000,steady,0,0,steady
rise5-late,1838,20422222018,20422222018,1000000000,0,850000000,590277,4722216,590278,4722224,9444440,0,1000000000,steady,0,0,steady
rise5-late,1839,20433333129,20433333129,1000000000,0,850000000,590277,4722216,590278,4722224,9444440,0,1000000000,steady,0,0,steady
rise5-late,1840,20444444240,20444444240,1000000000,0,850000000,590277,4722216,590278,4722224,9444440,0,1000000000,steady,0,0,steady
rise5-late,1841,20455555351,20455555351,1000000000,0,850000000,590277,4722216,590278,4722224,9444440,0,1000000000,steady,0,0,steady
rise5-late,1842,20466666462,20466666462,1000000000,0,850000000,590277,4722216,590278,4722224,9444440,0,1000000000,steady,0,0,steady
rise5-late,1843,20477777573,20477777573,1000000000,0,850000000,590277,4722216,590278,4722224,9444440,0,1000000000,steady,0,0,steady
rise5-late,1844,20488888684,20488888684,1000000000,0,850000000,590277,4722216,590278,4722224,9444440,0,1000000000,steady,0,0,steady
rise5-late,1845,20499999795,20499999795,1000000000,0,850000000,590277,4722216,590278,4722224,9444440,0,1000000000,steady,0,0,steady
rise5-late,1846,20511110906,20511110906,1000000000,0,850000000,590277,4722216,590278,4722224,9444440,0,1000000000,steady,0,0,steady
rise5-late,1847,20522222017,20522222017,1000000000,0,850000000,590277,4722216,590278,4722224,9444440,0,1000000000,steady,0,0,steady
rise5-late,1848,20533333128,20533333128,1000000000,0,850000000,590277,4722216,590278,4722224,9444440,0,1000000000,steady,0,0,steady
rise5-late,1849,20544444239,20544444239,1000000000,0,850000000,590277,4722216,590278,4722224,9444440,0,1000000000,steady,0,0,steady
rise5-late,1850,20555555350,20555555350,1000000000,0,850000000,590277,4722216,590278,4722224,9444440,0,1000000000,steady,0,0,steady
rise5-late,1851,20566666461,20566666461,1000000000,0,850000000,590277,4722216,590278,4722224,9444440,0,1000000000,steady,0,0,steady
rise5-late,1852,20577777572,20577777572,1000000000,0,850000000,590277,4722216,590278,4722224,9444440,0,1000000000,steady,0,0,steady
rise5-late,1853,20588888683,20588888683,1000000000,0,850000000,590277,4722216,590278,4722224,9444440,0,1000000000,steady,0,0,steady
rise5-late,1854,20599999794,20599999794,1000000000,0,850000000,590277,4722216,590278,4722224,9444440,0,1000000000,steady,0,0,steady
rise5-late,1855,20611110905,20611110905,1000000000,0,850000000,590277,4722216,590278,4722224,9444440,0,1000000000,steady,0,0,steady
rise5-late,1856,20622222016,20622222016,1000000000,0,850000000,590277,4722216,590278,4722224,9444440,0,1000000000,steady,0,0,steady
rise5-late,1857,20633333127,20633333127,1000000000,0,850000000,590277,4722216,590278,4722224,9444440,0,1000000000,steady,0,0,steady
rise5-late,1858,20644444238,20644444238,1000000000,0,850000000,590277,4722216,590278,4722224,9444440,0,1000000000,steady,0,0,steady
rise5-late,1859,20655555349,20655555349,1000000000,0,850000000,590277,4722216,590278,4722224,9444440,0,1000000000,steady,0,0,steady
rise5-late,1860,20666666460,20666666460,1000000000,0,850000000,590277,4722216,590278,4722224,9444440,0,1000000000,steady,0,0,steady
rise5-late,1861,20677777571,20677777571,1000000000,0,850000000,590277,4722216,590278,4722224,9444440,0,1000000000,steady,0,0,steady
rise5-late,1862,20688888682,20688888682,1000000000,0,850000000,590277,4722216,590278,4722224,9444440,0,1000000000,steady,0,0,steady
rise5-late,1863,20699999793,20699999793,1000000000,0,850000000,590277,4722216,590278,4722224,9444440,0,1000000000,steady,0,0,steady
rise5-late,1864,20711110904,20711110904,1000000000,0,850000000,590277,4722216,590278,4722224,9444440,0,1000000000,steady,0,0,steady
rise5-late,1865,20722222015,20722222015,1000000000,0,850000000,590277,4722216,590278,4722224,9444440,0,1000000000,steady,0,0,steady
rise5-late,1866,20733333126,20733333126,1000000000,0,850000000,590277,4722216,590278,4722224,9444440,0,1000000000,steady,0,0,steady
rise5-late,1867,20744444237,20744444237,1000000000,0,850000000,590277,4722216,590278,4722224,9444440,0,1000000000,steady,0,0,steady
rise5-late,1868,20755555348,20755555348,1000000000,0,850000000,590277,4722216,590278,4722224,9444440,0,1000000000,steady,0,0,steady
rise5-late,1869,20766666459,20766666459,1000000000,0,850000000,590277,4722216,590278,4722224,9444440,0,1000000000,steady,0,0,steady
rise5-late,1870,20777777570,20777777570,1000000000,0,850000000,590277,4722216,590278,4722224,9444440,0,1000000000,steady,0,0,steady
rise5-late,1871,20788888681,20788888681,1000000000,0,850000000,590277,4722216,590278,4722224,9444440,0,1000000000,steady,0,0,steady
rise5-late,1872,20799999792,20799999792,1000000000,0,850000000,590277,4722216,590278,4722224,9444440,0,1000000000,steady,0,0,steady
rise5-late,1873,20811110903,20811110903,1000000000,0,850000000,590277,4722216,590278,4722224,9444440,0,1000000000,steady,0,0,steady
rise5-late,1874,20822222014,20822222014,1000000000,0,850000000,590277,4722216,590278,4722224,9444440,0,1000000000,steady,0,0,steady
rise5-late,1875,20833333125,20833333125,1000000000,0,850000000,590277,4722216,590278,4722224,9444440,0,1000000000,steady,0,0,steady
rise5-late,1876,20844444236,20844444236,1000000000,0,850000000,590277,4722216,590278,4722224,9444440,0,1000000000,steady,0,0,steady
rise5-late,1877,20855555347,20855555347,1000000000,0,850000000,590277,4722216,590278,4722224,9444440,0,1000000000,steady,0,0,steady
rise5-late,1878,20866666458,20866666458,1000000000,0,850000000,590277,4722216,590278,4722224,9444440,0,1000000000,steady,0,0,steady
rise5-late,1879,20877777569,20877777569,1000000000,0,850000000,590277,4722216,590278,4722224,9444440,0,1000000000,steady,0,0,steady
rise5-late,1880,20888888680,20888888680,1000000000,0,850000000,590277,4722216,590278,4722224,9444440,0,1000000000,steady,0,0,steady
rise5-late,1881,20899999791,20899999791,1000000000,0,850000000,590277,4722216,590278,4722224,9444440,0,1000000000,steady,0,0,steady
rise5-late,1882,20911110902,20911110902,1000000000,0,850000000,590277,4722216,590278,4722224,9444440,0,1000000000,steady,0,0,steady
rise5-late,1883,20922222013,20922222013,1000000000,0,850000000,590277,4722216,590278,4722224,9444440,0,1000000000,steady,0,0,steady
rise5-late,1884,20933333124,20933333124,1000000000,0,850000000,590277,4722216,590278,4722224,9444440,0,1000000000,steady,0,0,steady
rise5-late,1885,20944444235,20944444235,1000000000,0,850000000,590277,4722216,590278,4722224,9444440,0,1000000000,steady,0,0,steady
rise5-late,1886,20955555346,20955555346,1000000000,0,850000000,590277,4722216,590278,4722224,9444440,0,1000000000,steady,0,0,steady
rise5-late,1887,20966666457,20966666457,1000000000,0,850000000,590277,4722216,590278,4722224,9444440,0,1000000000,steady,0,0,steady
rise5-late,1888,20977777568,20977777568,1000000000,0,850000000,590277,4722216,590278,4722224,9444440,0,1000000000,steady,0,0,steady
rise5-late,1889,20988888679,20988888679,1000000000,0,850000000,590277,4722216,590278,4722224,9444440,0,1000000000,steady,0,0,steady
rise5-late,1890,20999999790,20999999790,1000000000,0,850000000,590277,4722216,590278,4722224,9444440,0,1000000000,steady,0,0,steady
rise5-late,1891,21011110901,21011110901,1000000000,0,850000000,590277,4722216,590278,4722224,9444440,0,1000000000,steady,0,0,steady
rise5-late,1892,21022222012,21022222012,1000000000,0,850000000,590277,4722216,590278,4722224,9444440,0,1000000000,steady,0,0,steady
rise5-late,1893,21033333123,21033333123,1000000000,0,850000000,590277,4722216,590278,4722224,9444440,0,1000000000,steady,0,0,steady
rise5-late,1894,21044444234,21044444234,1000000000,0,850000000,590277,4722216,590278,4722224,9444440,0,1000000000,steady,0,0,steady
rise5-late,1895,21055555345,21055555345,1000000000,0,850000000,590277,4722216,590278,4722224,9444440,0,1000000000,steady,0,0,steady
rise5-late,1896,21066666456,21066666456,1000000000,0,850000000,590277,4722216,590278,4722224,9444440,0,1000000000,steady,0,0,steady
rise5-late,1897,21077777567,21077777567,1000000000,0,850000000,590277,4722216,590278,4722224,9444440,0,1000000000,steady,0,0,steady
rise5-late,1898,21088888678,21088888678,1000000000,0,850000000,590277,4722216,590278,4722224,9444440,0,1000000000,steady,0,0,steady
rise5-late,1899,21099999789,21099999789,1000000000,0,850000000,590277,4722216,590278,4722224,9444440,0,1000000000,steady,0,0,steady
rise5-late,1900,21111110900,21111110900,1000000000,0,850000000,590277,4722216,590278,4722224,9444440,0,1000000000,steady,0,0,steady
rise5-late,1901,21122222011,21122222011,1000000000,0,850000000,590277,4722216,590278,4722224,9444440,0,1000000000,steady,0,0,steady
rise5-late,1902,21133333122,21133333122,1000000000,0,850000000,590277,4722216,590278,4722224,9444440,0,1000000000,steady,0,0,steady
rise5-late,1903,21144444233,21144444233,1000000000,0,850000000,590277,4722216,590278,4722224,9444440,0,1000000000,steady,0,0,steady
rise5-late,1904,21155555344,21155555344,1000000000,0,850000000,590277,4722216,590278,4722224,9444440,0,1000000000,steady,0,0,steady
rise5-late,1905,21166666455,21166666455,1000000000,0,850000000,590277,4722216,590278,4722224,9444440,0,1000000000,steady,0,0,steady
rise5-late,1906,21177777566,21177777566,1000000000,0,850000000,590277,4722216,590278,4722224,9444440,0,1000000000,steady,0,0,steady
rise5-late,1907,21188888677,21188888677,1000000000,0,850000000,590277,4722216,590278,4722224,9444440,0,1000000000,steady,0,0,steady
rise5-late,1908,21199999788,21199999788,1000000000,0,850000000,590277,4722216,590278,4722224,9444440,0,1000000000,steady,0,0,steady
rise5-late,1909,21211110899,21211110899,1000000000,0,850000000,590277,4722216,590278,4722224,9444440,0,1000000000,steady,0,0,steady
rise5-late,1910,21222222010,21222222010,1000000000,0,850000000,590277,4722216,590278,4722224,9444440,0,1000000000,steady,0,0,steady
rise5-late,1911,21233333121,21233333121,1000000000,0,850000000,590277,4722216,590278,4722224,9444440,0,1000000000,steady,0,0,steady
rise5-late,1912,21244444232,21244444232,1000000000,0,850000000,590277,4722216,590278,4722224,9444440,0,1000000000,steady,0,0,steady
rise5-late,1913,21255555343,21255555343,1000000000,0,850000000,590277,4722216,590278,4722224,9444440,0,1000000000,steady,0,0,steady
rise5-late,1914,21266666454,21266666454,1000000000,0,850000000,590277,4722216,590278,4722224,9444440,0,1000000000,steady,0,0,steady
rise5-late,1915,21277777565,21277777565,1000000000,0,850000000,590277,4722216,590278,4722224,9444440,0,1000000000,steady,0,0,steady
rise5-late,1916,21288888676,21288888676,1000000000,0,850000000,590277,4722216,590278,4722224,9444440,0,1000000000,steady,0,0,steady
rise5-late,1917,21299999787,21299999787,1000000000,0,850000000,590277,4722216,590278,4722224,9444440,0,1000000000,steady,0,0,steady
rise5-late,1918,21311110898,21311110898,1000000000,0,850000000,590277,4722216,590278,4722224,9444440,0,1000000000,steady,0,0,steady
rise5-late,1919,21322222009,21322222009,1000000000,0,850000000,590277,4722216,590278,4722224,9444440,0,1000000000,steady,0,0,steady
rise5-late,1920,21333333120,21333333120,1000000000,0,850000000,590277,4722216,590278,4722224,9444440,0,1000000000,steady,0,0,steady
rise5-late,1921,21344444231,21344444231,1000000000,0,850000000,590277,4722216,590278,4722224,9444440,0,1000000000,steady,0,0,steady
rise5-late,1922,21355555342,21355555342,1000000000,0,850000000,590277,4722216,590278,4722224,9444440,0,1000000000,steady,0,0,steady
rise5-late,1923,21366666453,21366666453,1000000000,0,850000000,590277,4722216,590278,4722224,9444440,0,1000000000,steady,0,0,steady
rise5-late,1924,21377777564,21377777564,1000000000,0,850000000,590277,4722216,590278,4722224,9444440,0,1000000000,steady,0,0,steady
rise5-late,1925,21388888675,21388888675,1000000000,0,850000000,590277,4722216,590278,4722224,9444440,0,1000000000,steady,0,0,steady
rise5-late,1926,21399999786,21399999786,1000000000,0,850000000,590277,4722216,590278,4722224,9444440,0,1000000000,steady,0,0,steady
rise5-late,1927,21411110897,21411110897,1000000000,0,850000000,590277,4722216,590278,4722224,9444440,0,1000000000,steady,0,0,steady
rise5-late,1928,21422222008,21422222008,1000000000,0,850000000,590277,4722216,590278,4722224,9444440,0,1000000000,steady,0,0,steady
rise5-late,1929,21433333119,21433333119,1000000000,0,850000000,590277,4722216,590278,4722224,9444440,0,1000000000,steady,0,0,steady
rise5-late,1930,21444444230,21444444230,1000000000,0,850000000,590277,4722216,590278,4722224,9444440,0,1000000000,steady,0,0,steady
rise5-late,1931,21455555341,21455555341,1000000000,0,850000000,590277,4722216,590278,4722224,9444440,0,1000000000,steady,0,0,steady
rise5-late,1932,21466666452,21466666452,1000000000,0,850000000,590277,4722216,590278,4722224,9444440,0,1000000000,steady,0,0,steady
rise5-late,1933,21477777563,21477777563,1000000000,0,850000000,590277,4722216,590278,4722224,9444440,0,1000000000,steady,0,0,steady
rise5-late,1934,21488888674,21488888674,1000000000,0,850000000,590277,4722216,590278,4722224,9444440,0,1000000000,steady,0,0,steady
rise5-late,1935,21499999785,21499999785,1000000000,0,850000000,590277,4722216,590278,4722224,9444440,0,1000000000,steady,0,0,steady
rise5-late,1936,21511110896,21511110896,1000000000,0,850000000,590277,4722216,590278,4722224,9444440,0,1000000000,steady,0,0,steady
rise5-late,1937,21522222007,21522222007,1000000000,0,850000000,590277,4722216,590278,4722224,9444440,0,1000000000,steady,0,0,steady
rise5-late,1938,21533333118,21533333118,1000000000,0,850000000,590277,4722216,590278,4722224,9444440,0,1000000000,steady,0,0,steady
rise5-late,1939,21544444229,21544444229,1000000000,0,850000000,590277,4722216,590278,4722224,9444440,0,1000000000,steady,0,0,steady
rise5-late,1940,21555555340,21555555340,1000000000,0,850000000,590277,4722216,590278,4722224,9444440,0,1000000000,steady,0,0,steady
rise5-late,1941,21566666451,21566666451,1000000000,0,850000000,590277,4722216,590278,4722224,9444440,0,1000000000,steady,0,0,steady
rise5-late,1942,21577777562,21577777562,1000000000,0,850000000,590277,4722216,590278,4722224,9444440,0,1000000000,steady,0,0,steady
rise5-late,1943,21588888673,21588888673,1000000000,0,850000000,590277,4722216,590278,4722224,9444440,0,1000000000,steady,0,0,steady
rise5-late,1944,21599999784,21599999784,1000000000,0,850000000,590277,4722216,590278,4722224,9444440,0,1000000000,steady,0,0,steady
rise5-late,1945,21611110895,21611110895,1000000000,0,850000000,590277,4722216,590278,4722224,9444440,0,1000000000,steady,0,0,steady
rise5-late,1946,21622222006,21622222006,1000000000,0,850000000,590277,4722216,590278,4722224,9444440,0,1000000000,steady,0,0,steady
rise5-late,1947,21633333117,21633333117,1000000000,0,850000000,590277,4722216,590278,4722224,9444440,0,1000000000,steady,0,0,steady
rise5-late,1948,21644444228,21644444228,1000000000,0,850000000,590277,4722216,590278,4722224,9444440,0,1000000000,steady,0,0,steady
rise5-late,1949,21655555339,21655555339,1000000000,0,850000000,590277,4722216,590278,4722224,9444440,0,1000000000,steady,0,0,steady
rise5-late,1950,21666666450,21666666450,1000000000,0,850000000,590277,4722216,590278,4722224,9444440,0,1000000000,steady,0,0,steady
rise5-late,1951,21677777561,21677777561,1000000000,0,850000000,590277,4722216,590278,4722224,9444440,0,1000000000,steady,0,0,steady
rise5-late,1952,21688888672,21688888672,1000000000,0,850000000,590277,4722216,590278,4722224,9444440,0,1000000000,steady,0,0,steady
rise5-late,1953,21699999783,21699999783,1000000000,0,850000000,590277,4722216,590278,4722224,9444440,0,1000000000,steady,0,0,steady
rise5-late,1954,21711110894,21711110894,1000000000,0,850000000,590277,4722216,590278,4722224,9444440,0,1000000000,steady,0,0,steady
rise5-late,1955,21722222005,21722222005,1000000000,0,850000000,590277,4722216,590278,4722224,9444440,0,1000000000,steady,0,0,steady
rise5-late,1956,21733333116,21733333116,1000000000,0,850000000,590277,4722216,590278,4722224,9444440,0,1000000000,steady,0,0,steady
rise5-late,1957,21744444227,21744444227,1000000000,0,850000000,590277,4722216,590278,4722224,9444440,0,1000000000,steady,0,0,steady
rise5-late,1958,21755555338,21755555338,1000000000,0,850000000,590277,4722216,590278,4722224,9444440,0,1000000000,steady,0,0,steady
rise5-late,1959,21766666449,21766666449,1000000000,0,850000000,590277,4722216,590278,4722224,9444440,0,1000000000,steady,0,0,steady
rise5-late,1960,21777777560,21777777560,1000000000,0,850000000,590277,4722216,590278,4722224,9444440,0,1000000000,steady,0,0,steady
rise5-late,1961,21788888671,21788888671,1000000000,0,850000000,590277,4722216,590278,4722224,9444440,0,1000000000,steady,0,0,steady
rise5-late,1962,21799999782,21799999782,1000000000,0,850000000,590277,4722216,590278,4722224,9444440,0,1000000000,steady,0,0,steady
rise5-late,1963,21811110893,21811110893,1000000000,0,850000000,590277,4722216,590278,4722224,9444440,0,1000000000,steady,0,0,steady
rise5-late,1964,21822222004,21822222004,1000000000,0,850000000,590277,4722216,590278,4722224,9444440,0,1000000000,steady,0,0,steady
rise5-late,1965,21833333115,21833333115,1000000000,0,850000000,590277,4722216,590278,4722224,9444440,0,1000000000,steady,0,0,steady
rise5-late,1966,21844444226,21844444226,1000000000,0,850000000,590277,4722216,590278,4722224,9444440,0,1000000000,steady,0,0,steady
rise5-late,1967,21855555337,21855555337,1000000000,0,850000000,590277,4722216,590278,4722224,9444440,0,1000000000,steady,0,0,steady
rise5-late,1968,21866666448,21866666448,1000000000,0,850000000,590277,4722216,590278,4722224,9444440,0,1000000000,steady,0,0,steady
rise5-late,1969,21877777559,21877777559,1000000000,0,850000000,590277,4722216,590278,4722224,9444440,0,1000000000,steady,0,0,steady
rise5-late,1970,21888888670,21888888670,1000000000,0,850000000,590277,4722216,590278,4722224,9444440,0,1000000000,steady,0,0,steady
rise5-late,1971,21899999781,21899999781,1000000000,0,850000000,590277,4722216,590278,4722224,9444440,0,1000000000,steady,0,0,steady
rise5-late,1972,21911110892,21911110892,1000000000,0,850000000,590277,4722216,590278,4722224,9444440,0,1000000000,steady,0,0,steady
rise5-late,1973,21922222003,21922222003,1000000000,0,850000000,590277,4722216,590278,4722224,9444440,0,1000000000,steady,0,0,steady
rise5-late,1974,21933333114,21933333114,1000000000,0,850000000,590277,4722216,590278,4722224,9444440,0,1000000000,steady,0,0,steady
rise5-late,1975,21944444225,21944444225,1000000000,0,850000000,590277,4722216,590278,4722224,9444440,0,1000000000,steady,0,0,steady
rise5-late,1976,21955555336,21955555336,1000000000,0,850000000,590277,4722216,590278,4722224,9444440,0,1000000000,steady,0,0,steady
rise5-late,1977,21966666447,21966666447,1000000000,0,850000000,590277,4722216,590278,4722224,9444440,0,1000000000,steady,0,0,steady
rise5-late,1978,21977777558,21977777558,1000000000,0,850000000,590277,4722216,590278,4722224,9444440,0,1000000000,steady,0,0,steady
rise5-late,1979,21988888669,21988888669,1000000000,0,850000000,590277,4722216,590278,4722224,9444440,0,1000000000,steady,0,0,steady
rise5-late,1980,21999999780,21999999780,1000000000,0,850000000,590277,4722216,590278,4722224,9444440,0,1000000000,steady,0,0,steady
rise5-late,1981,22011110891,22011110891,1000000000,0,850000000,590277,4722216,590278,4722224,9444440,0,1000000000,steady,0,0,steady
rise5-late,1982,22022222002,22022222002,1000000000,0,850000000,590277,4722216,590278,4722224,9444440,0,1000000000,steady,0,0,steady
rise5-late,1983,22033333113,22033333113,1000000000,0,850000000,590277,4722216,590278,4722224,9444440,0,1000000000,steady,0,0,steady
rise5-late,1984,22044444224,22044444224,1000000000,0,850000000,590277,4722216,590278,4722224,9444440,0,1000000000,steady,0,0,steady
rise5-late,1985,22055555335,22055555335,1000000000,0,850000000,590277,4722216,590278,4722224,9444440,0,1000000000,steady,0,0,steady
rise5-late,1986,22066666446,22066666446,1000000000,0,850000000,590277,4722216,590278,4722224,9444440,0,1000000000,steady,0,0,steady
rise5-late,1987,22077777557,22077777557,1000000000,0,850000000,590277,4722216,590278,4722224,9444440,0,1000000000,steady,0,0,steady
rise5-late,1988,22088888668,22088888668,1000000000,0,850000000,590277,4722216,590278,4722224,9444440,0,1000000000,steady,0,0,steady
rise5-late,1989,22099999779,22099999779,1000000000,0,850000000,590277,4722216,590278,4722224,9444440,0,1000000000,steady,0,0,steady
rise5-late,1990,22111110890,22111110890,1000000000,0,850000000,590277,4722216,590278,4722224,9444440,0,1000000000,steady,0,0,steady
rise5-late,1991,22122222001,22122222001,1000000000,0,850000000,590277,4722216,590278,4722224,9444440,0,1000000000,steady,0,0,steady
rise5-late,1992,22133333112,22133333112,1000000000,0,850000000,590277,4722216,590278,4722224,9444440,0,1000000000,steady,0,0,steady
rise5-late,1993,22144444223,22144444223,1000000000,0,850000000,590277,4722216,590278,4722224,9444440,0,1000000000,steady,0,0,steady
rise5-late,1994,22155555334,22155555334,1000000000,0,850000000,590277,4722216,590278,4722224,9444440,0,1000000000,steady,0,0,steady
rise5-late,1995,22166666445,22166666445,1000000000,0,850000000,590277,4722216,590278,4722224,9444440,0,1000000000,steady,0,0,steady
rise5-late,1996,22177777556,22177777556,1000000000,0,850000000,590277,4722216,590278,4722224,9444440,0,1000000000,steady,0,0,steady
rise5-late,1997,22188888667,22188888667,1000000000,0,850000000,590277,4722216,590278,4722224,9444440,0,1000000000,steady,0,0,steady
rise5-late,1998,22199999778,22199999778,1000000000,0,850000000,590277,4722216,590278,4722224,9444440,0,1000000000,steady,0,0,steady
rise5-late,1999,22211110889,22211110889,1000000000,0,850000000,590277,4722216,590278,4722224,9444440,0,1000000000,steady,0,0,steady
rise5-late,2000,22222222000,22222222000,1000000000,0,850000000,590277,4722216,590278,4722224,9444440,0,1000000000,steady,0,0,steady
rise5-late,2001,22233333111,22233333111,1000000000,0,850000000,590277,4722216,590278,4722224,9444440,0,1000000000,steady,0,0,steady
rise5-late,2002,22244444222,22244444222,1000000000,0,850000000,590277,4722216,590278,4722224,9444440,0,1000000000,steady,0,0,steady
rise5-late,2003,22255555333,22255555333,1000000000,0,850000000,590277,4722216,590278,4722224,9444440,0,1000000000,steady,0,0,steady
rise5-late,2004,22266666444,22266666444,1000000000,0,850000000,590277,4722216,590278,4722224,9444440,0,1000000000,steady,0,0,steady
rise5-late,2005,22277777555,22277777555,1000000000,0,850000000,590277,4722216,590278,4722224,9444440,0,1000000000,steady,0,0,steady
rise5-late,2006,22288888666,22288888666,1000000000,0,850000000,590277,4722216,590278,4722224,9444440,0,1000000000,steady,0,0,steady
rise5-late,2007,22299999777,22299999777,1000000000,0,850000000,590277,4722216,590278,4722224,9444440,0,1000000000,steady,0,0,steady
rise5-late,2008,22311110888,22311110888,1000000000,0,850000000,590277,4722216,590278,4722224,9444440,0,1000000000,steady,0,0,steady
rise5-late,2009,22322221999,22322221999,1000000000,0,850000000,590277,4722216,590278,4722224,9444440,0,1000000000,steady,0,0,steady
rise5-late,2010,22333333110,22333333110,1000000000,0,850000000,590277,4722216,590278,4722224,9444440,0,1000000000,steady,0,0,steady
rise5-late,2011,22344444221,22344444221,1000000000,0,850000000,590277,4722216,590278,4722224,9444440,0,1000000000,steady,0,0,steady
rise5-late,2012,22355555332,22355555332,1000000000,0,850000000,590277,4722216,590278,4722224,9444440,0,1000000000,steady,0,0,steady
rise5-late,2013,22366666443,22366666443,1000000000,0,850000000,590277,4722216,590278,4722224,9444440,0,1000000000,steady,0,0,steady
rise5-late,2014,22377777554,22377777554,1000000000,0,850000000,590277,4722216,590278,4722224,9444440,0,1000000000,steady,0,0,steady
rise5-late,2015,22388888665,22388888665,1000000000,0,850000000,590277,4722216,590278,4722224,9444440,0,1000000000,steady,0,0,steady
rise5-late,2016,22399999776,22399999776,1000000000,0,850000000,590277,4722216,590278,4722224,9444440,0,1000000000,steady,0,0,steady
rise5-late,2017,22411110887,22411110887,1000000000,0,850000000,590277,4722216,590278,4722224,9444440,0,1000000000,steady,0,0,steady
rise5-late,2018,22422221998,22422221998,1000000000,0,850000000,590277,4722216,590278,4722224,9444440,0,1000000000,steady,0,0,steady
rise5-late,2019,22433333109,22433333109,1000000000,0,850000000,590277,4722216,590278,4722224,9444440,0,1000000000,steady,0,0,steady
rise5-late,2020,22444444220,22444444220,1000000000,0,850000000,590277,4722216,590278,4722224,9444440,0,1000000000,steady,0,0,steady
rise5-late,2021,22455555331,22455555331,1000000000,0,850000000,590277,4722216,590278,4722224,9444440,0,1000000000,steady,0,0,steady
rise5-late,2022,22466666442,22466666442,1000000000,0,850000000,590277,4722216,590278,4722224,9444440,0,1000000000,steady,0,0,steady
rise5-late,2023,22477777553,22477777553,1000000000,0,850000000,590277,4722216,590278,4722224,9444440,0,1000000000,steady,0,0,steady
rise5-late,2024,22488888664,22488888664,1000000000,0,850000000,590277,4722216,590278,4722224,9444440,0,1000000000,steady,0,0,steady
rise5-late,2025,22499999775,22499999775,1000000000,0,850000000,590277,4722216,590278,4722224,9444440,0,1000000000,steady,0,0,steady
rise5-late,2026,22511110886,22511110886,1000000000,0,850000000,590277,4722216,590278,4722224,9444440,0,1000000000,steady,0,0,steady
rise5-late,2027,22522221997,22522221997,1000000000,0,850000000,590277,4722216,590278,4722224,9444440,0,1000000000,steady,0,0,steady
rise5-late,2028,22533333108,22533333108,1000000000,0,850000000,590277,4722216,590278,4722224,9444440,0,1000000000,steady,0,0,steady
rise5-late,2029,22544444219,22544444219,1000000000,0,850000000,590277,4722216,590278,4722224,9444440,0,1000000000,steady,0,0,steady
rise5-late,2030,22555555330,22555555330,1000000000,0,850000000,590277,4722216,590278,4722224,9444440,0,1000000000,steady,0,0,steady
rise5-late,2031,22566666441,22566666441,1000000000,0,850000000,590277,4722216,590278,4722224,9444440,0,1000000000,steady,0,0,steady
rise5-late,2032,22577777552,22577777552,1000000000,0,850000000,590277,4722216,590278,4722224,9444440,0,1000000000,steady,0,0,steady
rise5-late,2033,22588888663,22588888663,1000000000,0,850000000,590277,4722216,590278,4722224,9444440,0,1000000000,steady,0,0,steady
rise5-late,2034,22599999774,22599999774,1000000000,0,850000000,590277,4722216,590278,4722224,9444440,0,1000000000,steady,0,0,steady
rise5-late,2035,22611110885,22611110885,1000000000,0,850000000,590277,4722216,590278,4722224,9444440,0,1000000000,steady,0,0,steady
rise5-late,2036,22622221996,22622221996,1000000000,0,850000000,590277,4722216,590278,4722224,9444440,0,1000000000,steady,0,0,steady
rise5-late,2037,22633333107,22633333107,1000000000,0,850000000,590277,4722216,590278,4722224,9444440,0,1000000000,steady,0,0,steady
rise5-late,2038,22644444218,22644444218,1000000000,0,850000000,590277,4722216,590278,4722224,9444440,0,1000000000,steady,0,0,steady
rise5-late,2039,22655555329,22655555329,1000000000,0,850000000,590277,4722216,590278,4722224,9444440,0,1000000000,steady,0,0,steady
rise5-late,2040,22666666440,22666666440,1000000000,0,850000000,590277,4722216,590278,4722224,9444440,0,1000000000,steady,0,0,steady
rise5-late,2041,22677777551,22677777551,1000000000,0,850000000,590277,4722216,590278,4722224,9444440,0,1000000000,steady,0,0,steady
rise5-late,2042,22688888662,22688888662,1000000000,0,850000000,590277,4722216,590278,4722224,9444440,0,1000000000,steady,0,0,steady
rise5-late,2043,22699999773,22699999773,1000000000,0,850000000,590277,4722216,590278,4722224,9444440,0,1000000000,steady,0,0,steady
rise5-late,2044,22711110884,22711110884,1000000000,0,850000000,590277,4722216,590278,4722224,9444440,0,1000000000,steady,0,0,steady
rise5-late,2045,22722221995,22722221995,1000000000,0,850000000,590277,4722216,590278,4722224,9444440,0,1000000000,steady,0,0,steady
rise5-late,2046,22733333106,22733333106,1000000000,0,850000000,590277,4722216,590278,4722224,9444440,0,1000000000,steady,0,0,steady
rise5-late,2047,22744444217,22744444217,1000000000,0,850000000,590277,4722216,590278,4722224,9444440,0,1000000000,steady,0,0,steady
rise5-late,2048,22755555328,22755555328,1000000000,0,850000000,590277,4722216,590278,4722224,9444440,0,1000000000,steady,0,0,steady
rise5-late,2049,22766666439,22766666439,1000000000,0,850000000,590277,4722216,590278,4722224,9444440,0,1000000000,steady,0,0,steady
rise5-late,2050,22777777550,22777777550,1000000000,0,850000000,590277,4722216,590278,4722224,9444440,0,1000000000,steady,0,0,steady
rise5-late,2051,22788888661,22788888661,1000000000,0,850000000,590277,4722216,590278,4722224,9444440,0,1000000000,steady,0,0,steady
rise5-late,2052,22799999772,22799999772,1000000000,0,850000000,590277,4722216,590278,4722224,9444440,0,1000000000,steady,0,0,steady
rise5-late,2053,22811110883,22811110883,1000000000,0,850000000,590277,4722216,590278,4722224,9444440,0,1000000000,steady,0,0,steady
rise5-late,2054,22822221994,22822221994,1000000000,0,850000000,590277,4722216,590278,4722224,9444440,0,1000000000,steady,0,0,steady
rise5-late,2055,22833333105,22833333105,1000000000,0,850000000,590277,4722216,590278,4722224,9444440,0,1000000000,steady,0,0,steady
rise5-late,2056,22844444216,22844444216,1000000000,0,850000000,590277,4722216,590278,4722224,9444440,0,1000000000,steady,0,0,steady
rise5-late,2057,22855555327,22855555327,1000000000,0,850000000,590277,4722216,590278,4722224,9444440,0,1000000000,steady,0,0,steady
rise5-late,2058,22866666438,22866666438,1000000000,0,850000000,590277,4722216,590278,4722224,9444440,0,1000000000,steady,0,0,steady
rise5-late,2059,22877777549,22877777549,1000000000,0,850000000,590277,4722216,590278,4722224,9444440,0,1000000000,steady,0,0,steady
rise5-late,2060,22888888660,22888888660,1000000000,0,850000000,590277,4722216,590278,4722224,9444440,0,1000000000,steady,0,0,steady
rise5-late,2061,22899999771,22899999771,1000000000,0,850000000,590277,4722216,590278,4722224,9444440,0,1000000000,steady,0,0,steady
rise5-late,2062,22911110882,22911110882,1000000000,0,850000000,590277,4722216,590278,4722224,9444440,0,1000000000,steady,0,0,steady
rise5-late,2063,22922221993,22922221993,1000000000,0,850000000,590277,4722216,590278,4722224,9444440,0,1000000000,steady,0,0,steady
rise5-late,2064,22933333104,22933333104,1000000000,0,850000000,590277,4722216,590278,4722224,9444440,0,1000000000,steady,0,0,steady
rise5-late,2065,22944444215,22944444215,1000000000,0,850000000,590277,4722216,590278,4722224,9444440,0,1000000000,steady,0,0,steady
rise5-late,2066,22955555326,22955555326,1000000000,0,850000000,590277,4722216,590278,4722224,9444440,0,1000000000,steady,0,0,steady
rise5-late,2067,22966666437,22966666437,1000000000,0,850000000,590277,4722216,590278,4722224,9444440,0,1000000000,steady,0,0,steady
rise5-late,2068,22977777548,22977777548,1000000000,0,850000000,590277,4722216,590278,4722224,9444440,0,1000000000,steady,0,0,steady
rise5-late,2069,22988888659,22988888659,1000000000,0,850000000,590277,4722216,590278,4722224,9444440,0,1000000000,steady,0,0,steady
rise5-late,2070,22999999770,22999999770,1000000000,0,850000000,590277,4722216,590278,4722224,9444440,0,1000000000,steady,0,0,steady
rise5-late,2071,23011110881,23011110881,1000000000,0,850000000,590277,4722216,590278,4722224,9444440,0,1000000000,steady,0,0,steady
rise5-late,2072,23022221992,23022221992,1000000000,0,850000000,590277,4722216,590278,4722224,9444440,0,1000000000,steady,0,0,steady
rise5-late,2073,23033333103,23033333103,1000000000,0,850000000,590277,4722216,590278,4722224,9444440,0,1000000000,steady,0,0,steady
rise5-late,2074,23044444214,23044444214,1000000000,0,850000000,590277,4722216,590278,4722224,9444440,0,1000000000,steady,0,0,steady
rise5-late,2075,23055555325,23055555325,1000000000,0,850000000,590277,4722216,590278,4722224,9444440,0,1000000000,steady,0,0,steady
rise5-late,2076,23066666436,23066666436,1000000000,0,850000000,590277,4722216,590278,4722224,9444440,0,1000000000,steady,0,0,steady
rise5-late,2077,23077777547,23077777547,1000000000,0,850000000,590277,4722216,590278,4722224,9444440,0,1000000000,steady,0,0,steady
rise5-late,2078,23088888658,23088888658,1000000000,0,850000000,590277,4722216,590278,4722224,9444440,0,1000000000,steady,0,0,steady
rise5-late,2079,23099999769,23099999769,1000000000,0,850000000,590277,4722216,590278,4722224,9444440,0,1000000000,steady,0,0,steady
rise5-late,2080,23111110880,23111110880,1000000000,0,850000000,590277,4722216,590278,4722224,9444440,0,1000000000,steady,0,0,steady
rise5-late,2081,23122221991,23122221991,1000000000,0,850000000,590277,4722216,590278,4722224,9444440,0,1000000000,steady,0,0,steady
rise5-late,2082,23133333102,23133333102,1000000000,0,850000000,590277,4722216,590278,4722224,9444440,0,1000000000,steady,0,0,steady
rise5-late,2083,23144444213,23144444213,1000000000,0,850000000,590277,4722216,590278,4722224,9444440,0,1000000000,steady,0,0,steady
rise5-late,2084,23155555324,23155555324,1000000000,0,850000000,590277,4722216,590278,4722224,9444440,0,1000000000,steady,0,0,steady
rise5-late,2085,23166666435,23166666435,1000000000,0,850000000,590277,4722216,590278,4722224,9444440,0,1000000000,steady,0,0,steady
rise5-late,2086,23177777546,23177777546,1000000000,0,850000000,590277,4722216,590278,4722224,9444440,0,1000000000,steady,0,0,steady
rise5-late,2087,23188888657,23188888657,1000000000,0,850000000,590277,4722216,590278,4722224,9444440,0,1000000000,steady,0,0,steady
rise5-late,2088,23199999768,23199999768,1000000000,0,850000000,590277,4722216,590278,4722224,9444440,0,1000000000,steady,0,0,steady
rise5-late,2089,23211110879,23211110879,1000000000,0,850000000,590277,4722216,590278,4722224,9444440,0,1000000000,steady,0,0,steady
rise5-late,2090,23222221990,23222221990,1000000000,0,850000000,590277,4722216,590278,4722224,9444440,0,1000000000,steady,0,0,steady
rise5-late,2091,23233333101,23233333101,1000000000,0,850000000,590277,4722216,590278,4722224,9444440,0,1000000000,steady,0,0,steady
rise5-late,2092,23244444212,23244444212,1000000000,0,850000000,590277,4722216,590278,4722224,9444440,0,1000000000,steady,0,0,steady
rise5-late,2093,23255555323,23255555323,1000000000,0,850000000,590277,4722216,590278,4722224,9444440,0,1000000000,steady,0,0,steady
rise5-late,2094,23266666434,23266666434,1000000000,0,850000000,590277,4722216,590278,4722224,9444440,0,1000000000,steady,0,0,steady
rise5-late,2095,23277777545,23277777545,1000000000,0,850000000,590277,4722216,590278,4722224,9444440,0,1000000000,steady,0,0,steady
rise5-late,2096,23288888656,23288888656,1000000000,0,850000000,590277,4722216,590278,4722224,9444440,0,1000000000,steady,0,0,steady
rise5-late,2097,23299999767,23299999767,1000000000,0,850000000,590277,4722216,590278,4722224,9444440,0,1000000000,steady,0,0,steady
rise5-late,2098,23311110878,23311110878,1000000000,0,850000000,590277,4722216,590278,4722224,9444440,0,1000000000,steady,0,0,steady
rise5-late,2099,23322221989,23322221989,1000000000,0,850000000,590277,4722216,590278,4722224,9444440,0,1000000000,steady,0,0,steady
rise5-late,2100,23333333100,23333333100,1000000000,0,850000000,590277,4722216,590278,4722224,9444440,0,1000000000,steady,0,0,steady
rise5-late,2101,23344444211,23344444211,1000000000,0,850000000,590277,4722216,590278,4722224,9444440,0,1000000000,steady,0,0,steady
rise5-late,2102,23355555322,23355555322,1000000000,0,850000000,590277,4722216,590278,4722224,9444440,0,1000000000,steady,0,0,steady
rise5-late,2103,23366666433,23366666433,1000000000,0,850000000,590277,4722216,590278,4722224,9444440,0,1000000000,steady,0,0,steady
rise5-late,2104,23377777544,23377777544,1000000000,0,850000000,590277,4722216,590278,4722224,9444440,0,1000000000,steady,0,0,steady
rise5-late,2105,23388888655,23388888655,1000000000,0,850000000,590277,4722216,590278,4722224,9444440,0,1000000000,steady,0,0,steady
rise5-late,2106,23399999766,23399999766,1000000000,0,850000000,590277,4722216,590278,4722224,9444440,0,1000000000,steady,0,0,steady
rise5-late,2107,23411110877,23411110877,1000000000,0,850000000,590277,4722216,590278,4722224,9444440,0,1000000000,steady,0,0,steady
rise5-late,2108,23422221988,23422221988,1000000000,0,850000000,590277,4722216,590278,4722224,9444440,0,1000000000,steady,0,0,steady
rise5-late,2109,23433333099,23433333099,1000000000,0,850000000,590277,4722216,590278,4722224,9444440,0,1000000000,steady,0,0,steady
rise5-late,2110,23444444210,23444444210,1000000000,0,850000000,590277,4722216,590278,4722224,9444440,0,1000000000,steady,0,0,steady
rise5-late,2111,23455555321,23455555321,1000000000,0,850000000,590277,4722216,590278,4722224,9444440,0,1000000000,steady,0,0,steady
rise5-late,2112,23466666432,23466666432,1000000000,0,850000000,590277,4722216,590278,4722224,9444440,0,1000000000,steady,0,0,steady
rise5-late,2113,23477777543,23477777543,1000000000,0,850000000,590277,4722216,590278,4722224,9444440,0,1000000000,steady,0,0,steady
rise5-late,2114,23488888654,23488888654,1000000000,0,850000000,590277,4722216,590278,4722224,9444440,0,1000000000,steady,0,0,steady
rise5-late,2115,23499999765,23499999765,1000000000,0,850000000,590277,4722216,590278,4722224,9444440,0,1000000000,steady,0,0,steady
rise5-late,2116,23511110876,23511110876,1000000000,0,850000000,590277,4722216,590278,4722224,9444440,0,1000000000,steady,0,0,steady
rise5-late,2117,23522221987,23522221987,1000000000,0,850000000,590277,4722216,590278,4722224,9444440,0,1000000000,steady,0,0,steady
rise5-late,2118,23533333098,23533333098,1000000000,0,850000000,590277,4722216,590278,4722224,9444440,0,1000000000,steady,0,0,steady
rise5-late,2119,23544444209,23544444209,1000000000,0,850000000,590277,4722216,590278,4722224,9444440,0,1000000000,steady,0,0,steady
rise5-late,2120,23555555320,23555555320,1000000000,0,850000000,590277,4722216,590278,4722224,9444440,0,1000000000,steady,0,0,steady
rise5-late,2121,23566666431,23566666431,1000000000,0,850000000,590277,4722216,590278,4722224,9444440,0,1000000000,steady,0,0,steady
rise5-late,2122,23577777542,23577777542,1000000000,0,850000000,590277,4722216,590278,4722224,9444440,0,1000000000,steady,0,0,steady
rise5-late,2123,23588888653,23588888653,1000000000,0,850000000,590277,4722216,590278,4722224,9444440,0,1000000000,steady,0,0,steady
rise5-late,2124,23599999764,23599999764,1000000000,0,850000000,590277,4722216,590278,4722224,9444440,0,1000000000,steady,0,0,steady
rise5-late,2125,23611110875,23611110875,1000000000,0,850000000,590277,4722216,590278,4722224,9444440,0,1000000000,steady,0,0,steady
rise5-late,2126,23622221986,23622221986,1000000000,0,850000000,590277,4722216,590278,4722224,9444440,0,1000000000,steady,0,0,steady
rise5-late,2127,23633333097,23633333097,1000000000,0,850000000,590277,4722216,590278,4722224,9444440,0,1000000000,steady,0,0,steady
rise5-late,2128,23644444208,23644444208,1000000000,0,850000000,590277,4722216,590278,4722224,9444440,0,1000000000,steady,0,0,steady
rise5-late,2129,23655555319,23655555319,1000000000,0,850000000,590277,4722216,590278,4722224,9444440,0,1000000000,steady,0,0,steady
rise5-late,2130,23666666430,23666666430,1000000000,0,850000000,590277,4722216,590278,4722224,9444440,0,1000000000,steady,0,0,steady
rise5-late,2131,23677777541,23677777541,1000000000,0,850000000,590277,4722216,590278,4722224,9444440,0,1000000000,steady,0,0,steady
rise5-late,2132,23688888652,23688888652,1000000000,0,850000000,590277,4722216,590278,4722224,9444440,0,1000000000,steady,0,0,steady
rise5-late,2133,23699999763,23699999763,1000000000,0,850000000,590277,4722216,590278,4722224,9444440,0,1000000000,steady,0,0,steady
rise5-late,2134,23711110874,23711110874,1000000000,0,850000000,590277,4722216,590278,4722224,9444440,0,1000000000,steady,0,0,steady
rise5-late,2135,23722221985,23722221985,1000000000,0,850000000,590277,4722216,590278,4722224,9444440,0,1000000000,steady,0,0,steady
rise5-late,2136,23733333096,23733333096,1000000000,0,850000000,590277,4722216,590278,4722224,9444440,0,1000000000,steady,0,0,steady
rise5-late,2137,23744444207,23744444207,1000000000,0,850000000,590277,4722216,590278,4722224,9444440,0,1000000000,steady,0,0,steady
rise5-late,2138,23755555318,23755555318,1000000000,0,850000000,590277,4722216,590278,4722224,9444440,0,1000000000,steady,0,0,steady
rise5-late,2139,23766666429,23766666429,1000000000,0,850000000,590277,4722216,590278,4722224,9444440,0,1000000000,steady,0,0,steady
rise5-late,2140,23777777540,23777777540,1000000000,0,850000000,590277,4722216,590278,4722224,9444440,0,1000000000,steady,0,0,steady
rise5-late,2141,23788888651,23788888651,1000000000,0,850000000,590277,4722216,590278,4722224,9444440,0,1000000000,steady,0,0,steady
rise5-late,2142,23799999762,23799999762,1000000000,0,850000000,590277,4722216,590278,4722224,9444440,0,1000000000,steady,0,0,steady
rise5-late,2143,23811110873,23811110873,1000000000,0,850000000,590277,4722216,590278,4722224,9444440,0,1000000000,steady,0,0,steady
rise5-late,2144,23822221984,23822221984,1000000000,0,850000000,590277,4722216,590278,4722224,9444440,0,1000000000,steady,0,0,steady
rise5-late,2145,23833333095,23833333095,1000000000,0,850000000,590277,4722216,590278,4722224,9444440,0,1000000000,steady,0,0,steady
rise5-late,2146,23844444206,23844444206,1000000000,0,850000000,590277,4722216,590278,4722224,9444440,0,1000000000,steady,0,0,steady
rise5-late,2147,23855555317,23855555317,1000000000,0,850000000,590277,4722216,590278,4722224,9444440,0,1000000000,steady,0,0,steady
rise5-late,2148,23866666428,23866666428,1000000000,0,850000000,590277,4722216,590278,4722224,9444440,0,1000000000,steady,0,0,steady
rise5-late,2149,23877777539,23877777539,1000000000,0,850000000,590277,4722216,590278,4722224,9444440,0,1000000000,steady,0,0,steady
rise5-late,2150,23888888650,23888888650,1000000000,0,850000000,590277,4722216,590278,4722224,9444440,0,1000000000,steady,0,0,steady
rise5-late,2151,23899999761,23899999761,1000000000,0,850000000,590277,4722216,590278,4722224,9444440,0,1000000000,steady,0,0,steady
rise5-late,2152,23911110872,23911110872,1000000000,0,850000000,590277,4722216,590278,4722224,9444440,0,1000000000,steady,0,0,steady
rise5-late,2153,23922221983,23922221983,1000000000,0,850000000,590277,4722216,590278,4722224,9444440,0,1000000000,steady,0,0,steady
rise5-late,2154,23933333094,23933333094,1000000000,0,850000000,590277,4722216,590278,4722224,9444440,0,1000000000,steady,0,0,steady
rise5-late,2155,23944444205,23944444205,1000000000,0,850000000,590277,4722216,590278,4722224,9444440,0,1000000000,steady,0,0,steady
rise5-late,2156,23955555316,23955555316,1000000000,0,850000000,590277,4722216,590278,4722224,9444440,0,1000000000,steady,0,0,steady
rise5-late,2157,23966666427,23966666427,1000000000,0,850000000,590277,4722216,590278,4722224,9444440,0,1000000000,steady,0,0,steady
rise5-late,2158,23977777538,23977777538,1000000000,0,850000000,590277,4722216,590278,4722224,9444440,0,1000000000,steady,0,0,steady
rise5-late,2159,23988888649,23988888649,1000000000,0,850000000,590277,4722216,590278,4722224,9444440,0,1000000000,steady,0,0,steady
rise5-late,2160,23999999760,23999999760,1000000000,0,850000000,590277,4722216,590278,4722224,9444440,0,1000000000,steady,0,0,steady
rise5-late,2161,24011110871,24011110871,1000000000,0,850000000,590277,4722216,590278,4722224,9444440,0,1000000000,steady,0,0,steady
rise5-late,2162,24022221982,24022221982,1000000000,0,850000000,590277,4722216,590278,4722224,9444440,0,1000000000,steady,0,0,steady
rise5-late,2163,24033333093,24033333093,1000000000,0,850000000,590277,4722216,590278,4722224,9444440,0,1000000000,steady,0,0,steady
rise5-late,2164,24044444204,24044444204,1000000000,0,850000000,590277,4722216,590278,4722224,9444440,0,1000000000,steady,0,0,steady
rise5-late,2165,24055555315,24055555315,1000000000,0,850000000,590277,4722216,590278,4722224,9444440,0,1000000000,steady,0,0,steady
rise5-late,2166,24066666426,24066666426,1000000000,0,850000000,590277,4722216,590278,4722224,9444440,0,1000000000,steady,0,0,steady
rise5-late,2167,24077777537,24077777537,1000000000,0,850000000,590277,4722216,590278,4722224,9444440,0,1000000000,steady,0,0,steady
rise5-late,2168,24088888648,24088888648,1000000000,0,850000000,590277,4722216,590278,4722224,9444440,0,1000000000,steady,0,0,steady
rise5-late,2169,24099999759,24099999759,1000000000,0,850000000,590277,4722216,590278,4722224,9444440,0,1000000000,steady,0,0,steady
rise5-late,2170,24111110870,24111110870,1000000000,0,850000000,590277,4722216,590278,4722224,9444440,0,1000000000,steady,0,0,steady
rise5-late,2171,24122221981,24122221981,1000000000,0,850000000,590277,4722216,590278,4722224,9444440,0,1000000000,steady,0,0,steady
rise5-late,2172,24133333092,24133333092,1000000000,0,850000000,590277,4722216,590278,4722224,9444440,0,1000000000,steady,0,0,steady
rise5-late,2173,24144444203,24144444203,1000000000,0,850000000,590277,4722216,590278,4722224,9444440,0,1000000000,steady,0,0,steady
rise5-late,2174,24155555314,24155555314,1000000000,0,850000000,590277,4722216,590278,4722224,9444440,0,1000000000,steady,0,0,steady
rise5-late,2175,24166666425,24166666425,1000000000,0,850000000,590277,4722216,590278,4722224,9444440,0,1000000000,steady,0,0,steady
rise5-late,2176,24177777536,24177777536,1000000000,0,850000000,590277,4722216,590278,4722224,9444440,0,1000000000,steady,0,0,steady
rise5-late,2177,24188888647,24188888647,1000000000,0,850000000,590277,4722216,590278,4722224,9444440,0,1000000000,steady,0,0,steady
rise5-late,2178,24199999758,24199999758,1000000000,0,850000000,590277,4722216,590278,4722224,9444440,0,1000000000,steady,0,0,steady
rise5-late,2179,24211110869,24211110869,1000000000,0,850000000,590277,4722216,590278,4722224,9444440,0,1000000000,steady,0,0,steady
rise5-late,2180,24222221980,24222221980,1000000000,0,850000000,590277,4722216,590278,4722224,9444440,0,1000000000,steady,0,0,steady
rise5-late,2181,24233333091,24233333091,1000000000,0,850000000,590277,4722216,590278,4722224,9444440,0,1000000000,steady,0,0,steady
rise5-late,2182,24244444202,24244444202,1000000000,0,850000000,590277,4722216,590278,4722224,9444440,0,1000000000,steady,0,0,steady
rise5-late,2183,24255555313,24255555313,1000000000,0,850000000,590277,4722216,590278,4722224,9444440,0,1000000000,steady,0,0,steady
rise5-late,2184,24266666424,24266666424,1000000000,0,850000000,590277,4722216,590278,4722224,9444440,0,1000000000,steady,0,0,steady
rise5-late,2185,24277777535,24277777535,1000000000,0,850000000,590277,4722216,590278,4722224,9444440,0,1000000000,steady,0,0,steady
rise5-late,2186,24288888646,24288888646,1000000000,0,850000000,590277,4722216,590278,4722224,9444440,0,1000000000,steady,0,0,steady
rise5-late,2187,24299999757,24299999757,1000000000,0,850000000,590277,4722216,590278,4722224,9444440,0,1000000000,steady,0,0,steady
rise5-late,2188,24311110868,24311110868,1000000000,0,850000000,590277,4722216,590278,4722224,9444440,0,1000000000,steady,0,0,steady
rise5-late,2189,24322221979,24322221979,1000000000,0,850000000,590277,4722216,590278,4722224,9444440,0,1000000000,steady,0,0,steady
rise5-late,2190,24333333090,24333333090,1000000000,0,850000000,590277,4722216,590278,4722224,9444440,0,1000000000,steady,0,0,steady
rise5-late,2191,24344444201,24344444201,1000000000,0,850000000,590277,4722216,590278,4722224,9444440,0,1000000000,steady,0,0,steady
rise5-late,2192,24355555312,24355555312,1000000000,0,850000000,590277,4722216,590278,4722224,9444440,0,1000000000,steady,0,0,steady
rise5-late,2193,24366666423,24366666423,1000000000,0,850000000,590277,4722216,590278,4722224,9444440,0,1000000000,steady,0,0,steady
rise5-late,2194,24377777534,24377777534,1000000000,0,850000000,590277,4722216,590278,4722224,9444440,0,1000000000,steady,0,0,steady
rise5-late,2195,24388888645,24388888645,1000000000,0,850000000,590277,4722216,590278,4722224,9444440,0,1000000000,steady,0,0,steady
rise5-late,2196,24399999756,24399999756,1000000000,0,850000000,590277,4722216,590278,4722224,9444440,0,1000000000,steady,0,0,steady
rise5-late,2197,24411110867,24411110867,1000000000,0,850000000,590277,4722216,590278,4722224,9444440,0,1000000000,steady,0,0,steady
rise5-late,2198,24422221978,24422221978,1000000000,0,850000000,590277,4722216,590278,4722224,9444440,0,1000000000,steady,0,0,steady
rise5-late,2199,24433333089,24433333089,1000000000,0,850000000,590277,4722216,590278,4722224,9444440,0,1000000000,steady,0,0,steady
rise5-late,2200,24444444200,24444444200,1000000000,0,850000000,590277,4722216,590278,4722224,9444440,0,1000000000,steady,0,0,steady
rise5-late,2201,24455555311,24455555311,1000000000,0,850000000,590277,4722216,590278,4722224,9444440,0,1000000000,steady,0,0,steady
rise5-late,2202,24466666422,24466666422,1000000000,0,850000000,590277,4722216,590278,4722224,9444440,0,1000000000,steady,0,0,steady
rise5-late,2203,24477777533,24477777533,1000000000,0,850000000,590277,4722216,590278,4722224,9444440,0,1000000000,steady,0,0,steady
rise5-late,2204,24488888644,24488888644,1000000000,0,850000000,590277,4722216,590278,4722224,9444440,0,1000000000,steady,0,0,steady
rise5-late,2205,24499999755,24499999755,1000000000,0,850000000,590277,4722216,590278,4722224,9444440,0,1000000000,steady,0,0,steady
rise5-late,2206,24511110866,24511110866,1000000000,0,850000000,590277,4722216,590278,4722224,9444440,0,1000000000,steady,0,0,steady
rise5-late,2207,24522221977,24522221977,1000000000,0,850000000,590277,4722216,590278,4722224,9444440,0,1000000000,steady,0,0,steady
rise5-late,2208,24533333088,24533333088,1000000000,0,850000000,590277,4722216,590278,4722224,9444440,0,1000000000,steady,0,0,steady
rise5-late,2209,24544444199,24544444199,1000000000,0,850000000,590277,4722216,590278,4722224,9444440,0,1000000000,steady,0,0,steady
rise5-late,2210,24555555310,24555555310,1000000000,0,850000000,590277,4722216,590278,4722224,9444440,0,1000000000,steady,0,0,steady
rise5-late,2211,24566666421,24566666421,1000000000,0,850000000,590277,4722216,590278,4722224,9444440,0,1000000000,steady,0,0,steady
rise5-late,2212,24577777532,24577777532,1000000000,0,850000000,590277,4722216,590278,4722224,9444440,0,1000000000,steady,0,0,steady
rise5-late,2213,24588888643,24588888643,1000000000,0,850000000,590277,4722216,590278,4722224,9444440,0,1000000000,steady,0,0,steady
rise5-late,2214,24599999754,24599999754,1000000000,0,850000000,590277,4722216,590278,4722224,9444440,0,1000000000,steady,0,0,steady
rise5-late,2215,24611110865,24611110865,1000000000,0,850000000,590277,4722216,590278,4722224,9444440,0,1000000000,steady,0,0,steady
rise5-late,2216,24622221976,24622221976,1000000000,0,850000000,590277,4722216,590278,4722224,9444440,0,1000000000,steady,0,0,steady
rise5-late,2217,24633333087,24633333087,1000000000,0,850000000,590277,4722216,590278,4722224,9444440,0,1000000000,steady,0,0,steady
rise5-late,2218,24644444198,24644444198,1000000000,0,850000000,590277,4722216,590278,4722224,9444440,0,1000000000,steady,0,0,steady
rise5-late,2219,24655555309,24655555309,1000000000,0,850000000,590277,4722216,590278,4722224,9444440,0,1000000000,steady,0,0,steady
rise5-late,2220,24666666420,24666666420,1000000000,0,850000000,590277,4722216,590278,4722224,9444440,0,1000000000,steady,0,0,steady
rise5-late,2221,24677777531,24677777531,1000000000,0,850000000,590277,4722216,590278,4722224,9444440,0,1000000000,steady,0,0,steady
rise5-late,2222,24688888642,24688888642,1000000000,0,850000000,590277,4722216,590278,4722224,9444440,0,1000000000,steady,0,0,steady
rise5-late,2223,24699999753,24699999753,1000000000,0,850000000,590277,4722216,590278,4722224,9444440,0,1000000000,steady,0,0,steady
rise5-late,2224,24711110864,24711110864,1000000000,0,850000000,590277,4722216,590278,4722224,9444440,0,1000000000,steady,0,0,steady
rise5-late,2225,24722221975,24722221975,1000000000,0,850000000,590277,4722216,590278,4722224,9444440,0,1000000000,steady,0,0,steady
rise5-late,2226,24733333086,24733333086,1000000000,0,850000000,590277,4722216,590278,4722224,9444440,0,1000000000,steady,0,0,steady
rise5-late,2227,24744444197,24744444197,1000000000,0,850000000,590277,4722216,590278,4722224,9444440,0,1000000000,steady,0,0,steady
rise5-late,2228,24755555308,24755555308,1000000000,0,850000000,590277,4722216,590278,4722224,9444440,0,1000000000,steady,0,0,steady
rise5-late,2229,24766666419,24766666419,1000000000,0,850000000,590277,4722216,590278,4722224,9444440,0,1000000000,steady,0,0,steady
rise5-late,2230,24777777530,24777777530,1000000000,0,850000000,590277,4722216,590278,4722224,9444440,0,1000000000,steady,0,0,steady
rise5-late,2231,24788888641,24788888641,1000000000,0,850000000,590277,4722216,590278,4722224,9444440,0,1000000000,steady,0,0,steady
rise5-late,2232,24799999752,24799999752,1000000000,0,850000000,590277,4722216,590278,4722224,9444440,0,1000000000,steady,0,0,steady
rise5-late,2233,24811110863,24811110863,1000000000,0,850000000,590277,4722216,590278,4722224,9444440,0,1000000000,steady,0,0,steady
rise5-late,2234,24822221974,24822221974,1000000000,0,850000000,590277,4722216,590278,4722224,9444440,0,1000000000,steady,0,0,steady
rise5-late,2235,24833333085,24833333085,1000000000,0,850000000,590277,4722216,590278,4722224,9444440,0,1000000000,steady,0,0,steady
rise5-late,2236,24844444196,24844444196,1000000000,0,850000000,590277,4722216,590278,4722224,9444440,0,1000000000,steady,0,0,steady
rise5-late,2237,24855555307,24855555307,1000000000,0,850000000,590277,4722216,590278,4722224,9444440,0,1000000000,steady,0,0,steady
rise5-late,2238,24866666418,24866666418,1000000000,0,850000000,590277,4722216,590278,4722224,9444440,0,1000000000,steady,0,0,steady
rise5-late,2239,24877777529,24877777529,1000000000,0,850000000,590277,4722216,590278,4722224,9444440,0,1000000000,steady,0,0,steady
rise5-late,2240,24888888640,24888888640,1000000000,0,850000000,590277,4722216,590278,4722224,9444440,0,1000000000,steady,0,0,steady
rise5-late,2241,24899999751,24899999751,1000000000,0,850000000,590277,4722216,590278,4722224,9444440,0,1000000000,steady,0,0,steady
rise5-late,2242,24911110862,24911110862,1000000000,0,850000000,590277,4722216,590278,4722224,9444440,0,1000000000,steady,0,0,steady
rise5-late,2243,24922221973,24922221973,1000000000,0,850000000,590277,4722216,590278,4722224,9444440,0,1000000000,steady,0,0,steady
rise5-late,2244,24933333084,24933333084,1000000000,0,850000000,590277,4722216,590278,4722224,9444440,0,1000000000,steady,0,0,steady
rise5-late,2245,24944444195,24944444195,1000000000,0,850000000,590277,4722216,590278,4722224,9444440,0,1000000000,steady,0,0,steady
rise5-late,2246,24955555306,24955555306,1000000000,0,850000000,590277,4722216,590278,4722224,9444440,0,1000000000,steady,0,0,steady
rise5-late,2247,24966666417,24966666417,1000000000,0,850000000,590277,4722216,590278,4722224,9444440,0,1000000000,steady,0,0,steady
rise5-late,2248,24977777528,24977777528,1000000000,0,850000000,590277,4722216,590278,4722224,9444440,0,1000000000,steady,0,0,steady
rise5-late,2249,24988888639,24988888639,1000000000,0,850000000,590277,4722216,590278,4722224,9444440,0,1000000000,steady,0,0,steady
rise5-late,2250,24999999750,24999999750,1000000000,0,850000000,590277,4722216,590278,4722224,9444440,0,1000000000,steady,0,0,steady
rise5-late,2251,25011110861,25011110861,1000000000,1,850000000,590277,4722216,590278,4722224,9444440,0,1000000000,steady,0,0,steady
rise5-late,2252,25022221972,25022221972,1000000000,1,850000000,590277,4722216,590278,4722224,9444440,0,1000000000,steady,0,0,steady
rise5-late,2253,25033333083,25033333083,1000000000,1,850000000,590277,4722216,590278,4722224,9444440,0,1000000000,steady,0,0,steady
rise5-late,2254,25044444194,25044444194,1000000000,1,850000000,590277,4722216,590278,4722224,9444440,0,1000000000,steady,0,0,steady
rise5-late,2255,25055555305,25055555305,1000000000,1,850000000,590277,4722216,590278,4722224,9444440,0,1000000000,steady,0,0,steady
rise5-late,2256,25066666416,25066666416,1000000000,1,850000000,590277,4722216,590278,4722224,9444440,0,1000000000,steady,0,0,steady
rise5-late,2257,25077777527,25077777527,1000000000,1,850000000,590277,4722216,590278,4722224,9444440,0,1000000000,steady,0,0,steady
rise5-late,2258,25088888638,25088888638,1000000000,1,850000000,590277,4722216,590278,4722224,9444440,0,1000000000,steady,0,0,steady
rise5-late,2259,25099999749,25099999749,1000000000,1,850000000,590277,4722216,590278,4722224,9444440,0,1000000000,steady,0,0,steady
rise5-late,2260,25111110860,25111110860,1000000000,1,850000000,590277,4722216,590278,4722224,9444440,0,1000000000,steady,0,0,steady
rise5-late,2261,25122221971,25122221971,1000000000,1,850000000,590277,4722216,590278,4722224,9444440,0,1000000000,steady,0,0,steady
rise5-late,2262,25133333082,25133333082,1000000000,1,850000000,590277,4722216,590278,4722224,9444440,0,1000000000,steady,0,0,steady
rise5-late,2263,25144444193,25144444193,1000000000,1,850000000,590277,4722216,590278,4722224,9444440,0,1000000000,steady,0,0,steady
rise5-late,2264,25155555304,25155555304,1000000000,1,850000000,590277,4722216,590278,4722224,9444440,0,1000000000,steady,0,0,steady
rise5-late,2265,25166666415,25166666415,1000000000,1,850000000,590277,4722216,590278,4722224,9444440,0,1000000000,steady,0,0,steady
rise5-late,2266,25177777526,25177777526,1000000000,1,850000000,590277,4722216,590278,4722224,9444440,0,1000000000,steady,0,0,steady
rise5-late,2267,25188888637,25188888637,1000000000,1,850000000,590277,4722216,590278,4722224,9444440,0,1000000000,steady,0,0,steady
rise5-late,2268,25199999748,25199999748,1000000000,1,850000000,590277,4722216,590278,4722224,9444440,0,1000000000,steady,0,0,steady
rise5-late,2269,25211110859,25211110859,1000000000,1,850000000,590277,4722216,590278,4722224,9444440,0,1000000000,steady,0,0,steady
rise5-late,2270,25222221970,25222221970,1000000000,1,850000000,590277,4722216,590278,4722224,9444440,0,1000000000,steady,0,0,steady
rise5-late,2271,25233333081,25233333081,1000000000,1,850000000,590277,4722216,590278,4722224,9444440,0,1000000000,steady,0,0,steady
rise5-late,2272,25244444192,25244444192,1000000000,1,850000000,590277,4722216,590278,4722224,9444440,0,1000000000,steady,0,0,steady
rise5-late,2273,25255555303,25255555303,1000000000,1,850000000,590277,4722216,590278,4722224,9444440,0,1000000000,steady,0,0,steady
rise5-late,2274,25266666414,25266666414,1000000000,1,850000000,590277,4722216,590278,4722224,9444440,0,1000000000,steady,0,0,steady
rise5-late,2275,25277777525,25277777525,1000000000,1,850000000,590277,4722216,590278,4722224,9444440,0,1000000000,steady,0,0,steady
rise5-late,2276,25288888636,25288888636,1000000000,1,850000000,590277,4722216,590278,4722224,9444440,0,1000000000,steady,0,0,steady
rise5-late,2277,25299999747,25299999747,1000000000,1,850000000,590277,4722216,590278,4722224,9444440,0,1000000000,steady,0,0,steady
rise5-late,2278,25311110858,25311110858,1000000000,1,850000000,590277,4722216,590278,4722224,9444440,0,1000000000,steady,0,0,steady
rise5-late,2279,25322221969,25322221969,1000000000,1,850000000,590277,4722216,590278,4722224,9444440,0,1000000000,steady,0,0,steady
rise5-late,2280,25333333080,25333333080,1000000000,1,850000000,590277,4722216,590278,4722224,9444440,0,1000000000,steady,0,0,steady
rise5-late,2281,25344444191,25344444191,1000000000,1,850000000,590277,4722216,590278,4722224,9444440,0,1000000000,steady,0,0,steady
rise5-late,2282,25355555302,25355555302,1000000000,1,850000000,590277,4722216,590278,4722224,9444440,0,1000000000,steady,0,0,steady
rise5-late,2283,25366666413,25366666413,1000000000,1,850000000,590277,4722216,590278,4722224,9444440,0,1000000000,steady,0,0,steady
rise5-late,2284,25377777524,25377777524,1000000000,1,850000000,590277,4722216,590278,4722224,9444440,0,1000000000,steady,0,0,steady
rise5-late,2285,25388888635,25388888635,1000000000,1,850000000,590277,4722216,590278,4722224,9444440,0,1000000000,steady,0,0,steady
rise5-late,2286,25399999746,25399999746,1000000000,1,850000000,590277,4722216,590278,4722224,9444440,0,1000000000,steady,0,0,steady
rise5-late,2287,25411110857,25411110857,1000000000,1,850000000,590277,4722216,590278,4722224,9444440,0,1000000000,steady,0,0,steady
rise5-late,2288,25422221968,25422221968,1000000000,1,850000000,590277,4722216,590278,4722224,9444440,0,1000000000,steady,0,0,steady
rise5-late,2289,25433333079,25433333079,1000000000,1,850000000,590277,4722216,590278,4722224,9444440,0,1000000000,steady,0,0,steady
rise5-late,2290,25444444190,25444444190,1000000000,1,850000000,590277,4722216,590278,4722224,9444440,0,1000000000,steady,0,0,steady
rise5-late,2291,25455555301,25455555301,1000000000,1,850000000,590277,4722216,590278,4722224,9444440,0,1000000000,steady,0,0,steady
rise5-late,2292,25466666412,25466666412,1000000000,1,850000000,590277,4722216,590278,4722224,9444440,0,1000000000,steady,0,0,steady
rise5-late,2293,25477777523,25477777523,1000000000,1,850000000,590277,4722216,590278,4722224,9444440,0,1000000000,steady,0,0,steady
rise5-late,2294,25488888634,25488888634,1000000000,1,850000000,590277,4722216,590278,4722224,9444440,0,1000000000,steady,0,0,steady
rise5-late,2295,25499999745,25499999745,1000000000,1,850000000,590277,4722216,590278,4722224,9444440,0,1000000000,steady,0,0,steady
rise5-late,2296,25511110856,25511110856,1000000000,1,850000000,590277,4722216,590278,4722224,9444440,0,1000000000,steady,0,0,steady
rise5-late,2297,25522221967,25522221967,1000000000,1,850000000,590277,4722216,590278,4722224,9444440,0,1000000000,steady,0,0,steady
rise5-late,2298,25533333078,25533333078,1000000000,1,850000000,590277,4722216,590278,4722224,9444440,0,1000000000,steady,0,0,steady
rise5-late,2299,25544444189,25544444189,1000000000,1,850000000,590277,4722216,590278,4722224,9444440,0,1000000000,steady,0,0,steady
rise5-late,2300,25555555300,25555555300,1000000000,1,850000000,590277,4722216,590278,4722224,9444440,0,1000000000,steady,0,0,steady
rise5-late,2301,25566666411,25566666411,1000000000,1,850000000,590277,4722216,590278,4722224,9444440,0,1000000000,steady,0,0,steady
rise5-late,2302,25577777522,25577777522,1000000000,1,850000000,590277,4722216,590278,4722224,9444440,0,1000000000,steady,0,0,steady
rise5-late,2303,25588888633,25588888633,1000000000,1,850000000,590277,4722216,590278,4722224,9444440,0,1000000000,steady,0,0,steady
rise5-late,2304,25599999744,25599999744,1000000000,1,850000000,590277,4722216,590278,4722224,9444440,0,1000000000,steady,0,0,steady
rise5-late,2305,25611110855,25611110855,1000000000,1,850000000,590277,4722216,590278,4722224,9444440,0,1000000000,steady,0,0,steady
rise5-late,2306,25622221966,25622221966,1000000000,1,850000000,590277,4722216,590278,4722224,9444440,0,1000000000,steady,0,0,steady
rise5-late,2307,25633333077,25633333077,1000000000,1,850000000,590277,4722216,590278,4722224,9444440,0,1000000000,steady,0,0,steady
rise5-late,2308,25644444188,25644444188,1000000000,1,850000000,590277,4722216,590278,4722224,9444440,0,1000000000,steady,0,0,steady
rise5-late,2309,25655555299,25655555299,1000000000,1,850000000,590277,4722216,590278,4722224,9444440,0,1000000000,steady,0,0,steady
rise5-late,2310,25666666410,25666666410,1000000000,1,850000000,590277,4722216,590278,4722224,9444440,0,1000000000,steady,0,0,steady
rise5-late,2311,25677777521,25677777521,1000000000,1,850000000,590277,4722216,590278,4722224,9444440,0,1000000000,steady,0,0,steady
rise5-late,2312,25688888632,25688888632,1000000000,1,850000000,590277,4722216,590278,4722224,9444440,0,1000000000,steady,0,0,steady
rise5-late,2313,25699999743,25699999743,1000000000,1,850000000,590277,4722216,590278,4722224,9444440,0,1000000000,steady,0,0,steady
rise5-late,2314,25711110854,25711110854,1000000000,1,850000000,590277,4722216,590278,4722224,9444440,0,1000000000,steady,0,0,steady
rise5-late,2315,25722221965,25722221965,1000000000,1,850000000,590277,4722216,590278,4722224,9444440,0,1000000000,steady,0,0,steady
rise5-late,2316,25733333076,25733333076,1000000000,1,850000000,590277,4722216,590278,4722224,9444440,0,1000000000,steady,0,0,steady
rise5-late,2317,25744444187,25744444187,1000000000,1,850000000,590277,4722216,590278,4722224,9444440,0,1000000000,steady,0,0,steady
rise5-late,2318,25755555298,25755555298,1000000000,1,850000000,590277,4722216,590278,4722224,9444440,0,1000000000,steady,0,0,steady
rise5-late,2319,25766666409,25766666409,1000000000,1,850000000,590277,4722216,590278,4722224,9444440,0,1000000000,steady,0,0,steady
rise5-late,2320,25777777520,25777777520,1000000000,1,850000000,590277,4722216,590278,4722224,9444440,0,1000000000,steady,0,0,steady
rise5-late,2321,25788888631,25788888631,1000000000,1,850000000,590277,4722216,590278,4722224,9444440,0,1000000000,steady,0,0,steady
rise5-late,2322,25799999742,25799999742,1000000000,1,850000000,590277,4722216,590278,4722224,9444440,0,1000000000,steady,0,0,steady
rise5-late,2323,25811110853,25811110853,1000000000,1,850000000,590277,4722216,590278,4722224,9444440,0,1000000000,steady,0,0,steady
rise5-late,2324,25822221964,25822221964,1000000000,1,850000000,590277,4722216,590278,4722224,9444440,0,1000000000,steady,0,0,steady
rise5-late,2325,25833333075,25833333075,1000000000,1,850000000,590277,4722216,590278,4722224,9444440,0,1000000000,steady,0,0,steady
rise5-late,2326,25844444186,25844444186,1000000000,1,850000000,590277,4722216,590278,4722224,9444440,0,1000000000,steady,0,0,steady
rise5-late,2327,25855555297,25855555297,1000000000,1,850000000,590277,4722216,590278,4722224,9444440,0,1000000000,steady,0,0,steady
rise5-late,2328,25866666408,25866666408,1000000000,1,850000000,590277,4722216,590278,4722224,9444440,0,1000000000,steady,0,0,steady
rise5-late,2329,25877777519,25877777519,1000000000,1,850000000,590277,4722216,590278,4722224,9444440,0,1000000000,steady,0,0,steady
rise5-late,2330,25888888630,25888888630,1000000000,1,850000000,590277,4722216,590278,4722224,9444440,0,1000000000,steady,0,0,steady
rise5-late,2331,25899999741,25899999741,1000000000,1,850000000,590277,4722216,590278,4722224,9444440,0,1000000000,steady,0,0,steady
rise5-late,2332,25911110852,25911110852,1000000000,1,850000000,590277,4722216,590278,4722224,9444440,0,1000000000,steady,0,0,steady
rise5-late,2333,25922221963,25922221963,1000000000,1,850000000,590277,4722216,590278,4722224,9444440,0,1000000000,steady,0,0,steady
rise5-late,2334,25933333074,25933333074,1000000000,1,850000000,590277,4722216,590278,4722224,9444440,0,1000000000,steady,0,0,steady
rise5-late,2335,25944444185,25944444185,1000000000,1,850000000,590277,4722216,590278,4722224,9444440,0,1000000000,steady,0,0,steady
rise5-late,2336,25955555296,25955555296,1000000000,1,850000000,590277,4722216,590278,4722224,9444440,0,1000000000,steady,0,0,steady
rise5-late,2337,25966666407,25966666407,1000000000,1,850000000,590277,4722216,590278,4722224,9444440,0,1000000000,steady,0,0,steady
rise5-late,2338,25977777518,25977777518,1000000000,1,850000000,590277,4722216,590278,4722224,9444440,0,1000000000,steady,0,0,steady
rise5-late,2339,25988888629,25988888629,1000000000,1,850000000,590277,4722216,590278,4722224,9444440,0,1000000000,steady,0,0,steady
rise5-late,2340,25999999740,25999999740,1000000000,1,850000000,590277,4722216,590278,4722224,9444440,0,1000000000,steady,0,0,steady
rise5-late,2341,26011110851,26011110851,1000000000,1,850000000,590277,4722216,590278,4722224,9444440,0,1000000000,steady,0,0,steady
rise5-late,2342,26022221962,26022221962,1000000000,1,850000000,590277,4722216,590278,4722224,9444440,0,1000000000,steady,0,0,steady
rise5-late,2343,26033333073,26033333073,1000000000,1,850000000,590277,4722216,590278,4722224,9444440,0,1000000000,steady,0,0,steady
rise5-late,2344,26044444184,26044444184,1000000000,1,850000000,590277,4722216,590278,4722224,9444440,0,1000000000,steady,0,0,steady
rise5-late,2345,26055555295,26055555295,1000000000,1,850000000,590277,4722216,590278,4722224,9444440,0,1000000000,steady,0,0,steady
rise5-late,2346,26066666406,26066666406,1000000000,1,850000000,590277,4722216,590278,4722224,9444440,0,1000000000,steady,0,0,steady
rise5-late,2347,26077777517,26077777517,1000000000,1,850000000,590277,4722216,590278,4722224,9444440,0,1000000000,steady,0,0,steady
rise5-late,2348,26088888628,26088888628,1000000000,1,850000000,590277,4722216,590278,4722224,9444440,0,1000000000,steady,0,0,steady
rise5-late,2349,26099999739,26099999739,1000000000,1,850000000,590277,4722216,590278,4722224,9444440,0,1000000000,steady,0,0,steady
rise5-late,2350,26111110850,26111110850,1000000000,1,850000000,590277,4722216,590278,4722224,9444440,0,1000000000,steady,0,0,steady
rise5-late,2351,26122221961,26122221961,1000000000,1,850000000,590277,4722216,590278,4722224,9444440,0,1000000000,steady,0,0,steady
rise5-late,2352,26133333072,26133333072,1000000000,1,850000000,590277,4722216,590278,4722224,9444440,0,1000000000,steady,0,0,steady
rise5-late,2353,26144444183,26144444183,1000000000,1,850000000,590277,4722216,590278,4722224,9444440,0,1000000000,steady,0,0,steady
rise5-late,2354,26155555294,26155555294,1000000000,1,850000000,590277,4722216,590278,4722224,9444440,0,1000000000,steady,0,0,steady
rise5-late,2355,26166666405,26166666405,1000000000,1,850000000,590277,4722216,590278,4722224,9444440,0,1000000000,steady,0,0,steady
rise5-late,2356,26177777516,26177777516,1000000000,1,850000000,590277,4722216,590278,4722224,9444440,0,1000000000,steady,0,0,steady
rise5-late,2357,26188888627,26188888627,1000000000,1,850000000,590277,4722216,590278,4722224,9444440,0,1000000000,steady,0,0,steady
rise5-late,2358,26199999738,26199999738,1000000000,1,850000000,590277,4722216,590278,4722224,9444440,0,1000000000,steady,0,0,steady
rise5-late,2359,26211110849,26211110849,1000000000,1,850000000,590277,4722216,590278,4722224,9444440,0,1000000000,steady,0,0,steady
rise5-late,2360,26222221960,26222221960,1000000000,1,850000000,590277,4722216,590278,4722224,9444440,0,1000000000,steady,0,0,steady
rise5-late,2361,26233333071,26233333071,1000000000,1,850000000,590277,4722216,590278,4722224,9444440,0,1000000000,steady,0,0,steady
rise5-late,2362,26244444182,26244444182,1000000000,1,850000000,590277,4722216,590278,4722224,9444440,0,1000000000,steady,0,0,steady
rise5-late,2363,26255555293,26255555293,1000000000,1,850000000,590277,4722216,590278,4722224,9444440,0,1000000000,steady,0,0,steady
rise5-late,2364,26266666404,26266666404,1000000000,1,850000000,590277,4722216,590278,4722224,9444440,0,1000000000,steady,0,0,steady
rise5-late,2365,26277777515,26277777515,1000000000,1,850000000,590277,4722216,590278,4722224,9444440,0,1000000000,steady,0,0,steady
rise5-late,2366,26288888626,26288888626,1000000000,1,850000000,590277,4722216,590278,4722224,9444440,0,1000000000,steady,0,0,steady
rise5-late,2367,26299999737,26299999737,1000000000,1,850000000,590277,4722216,590278,4722224,9444440,0,1000000000,steady,0,0,steady
rise5-late,2368,26311110848,26311110848,1000000000,1,850000000,590277,4722216,590278,4722224,9444440,0,1000000000,steady,0,0,steady
rise5-late,2369,26322221959,26322221959,1000000000,1,850000000,590277,4722216,590278,4722224,9444440,0,1000000000,steady,0,0,steady
rise5-late,2370,26333333070,26333333070,1000000000,1,850000000,590277,4722216,590278,4722224,9444440,0,1000000000,steady,0,0,steady
rise5-late,2371,26344444181,26344444181,1000000000,1,850000000,590277,4722216,590278,4722224,9444440,0,1000000000,steady,0,0,steady
rise5-late,2372,26355555292,26355555292,1000000000,1,850000000,590277,4722216,590278,4722224,9444440,0,1000000000,steady,0,0,steady
rise5-late,2373,26366666403,26366666403,1000000000,1,850000000,590277,4722216,590278,4722224,9444440,0,1000000000,steady,0,0,steady
rise5-late,2374,26377777514,26377777514,1000000000,1,850000000,590277,4722216,590278,4722224,9444440,0,1000000000,steady,0,0,steady
rise5-late,2375,26388888625,26388888625,1000000000,1,850000000,590277,4722216,590278,4722224,9444440,0,1000000000,steady,0,0,steady
rise5-late,2376,26399999736,26399999736,1000000000,1,850000000,590277,4722216,590278,4722224,9444440,0,1000000000,steady,0,0,steady
rise5-late,2377,26411110847,26411110847,1000000000,1,850000000,590277,4722216,590278,4722224,9444440,0,1000000000,steady,0,0,steady
rise5-late,2378,26422221958,26422221958,1000000000,1,850000000,590277,4722216,590278,4722224,9444440,0,1000000000,steady,0,0,steady
rise5-late,2379,26433333069,26433333069,1000000000,1,850000000,590277,4722216,590278,4722224,9444440,0,1000000000,steady,0,0,steady
rise5-late,2380,26444444180,26444444180,1000000000,1,850000000,590277,4722216,590278,4722224,9444440,0,1000000000,steady,0,0,steady
rise5-late,2381,26455555291,26455555291,1000000000,1,850000000,590277,4722216,590278,4722224,9444440,0,1000000000,steady,0,0,steady
rise5-late,2382,26466666402,26466666402,1000000000,1,850000000,590277,4722216,590278,4722224,9444440,0,1000000000,steady,0,0,steady
rise5-late,2383,26477777513,26477777513,1000000000,1,850000000,590277,4722216,590278,4722224,9444440,0,1000000000,steady,0,0,steady
rise5-late,2384,26488888624,26488888624,1000000000,1,850000000,590277,4722216,590278,4722224,9444440,0,1000000000,steady,0,0,steady
rise5-late,2385,26499999735,26499999735,1000000000,1,850000000,590277,4722216,590278,4722224,9444440,0,1000000000,steady,0,0,steady
rise5-late,2386,26511110846,26511110846,1000000000,1,850000000,590277,4722216,590278,4722224,9444440,0,1000000000,steady,0,0,steady
rise5-late,2387,26522221957,26522221957,1000000000,1,850000000,590277,4722216,590278,4722224,9444440,0,1000000000,steady,0,0,steady
rise5-late,2388,26533333068,26533333068,1000000000,1,850000000,590277,4722216,590278,4722224,9444440,0,1000000000,steady,0,0,steady
rise5-late,2389,26544444179,26544444179,1000000000,1,850000000,590277,4722216,590278,4722224,9444440,0,1000000000,steady,0,0,steady
rise5-late,2390,26555555290,26555555290,1000000000,1,850000000,590277,4722216,590278,4722224,9444440,0,1000000000,steady,0,0,steady
rise5-late,2391,26566666401,26566666401,1000000000,1,850000000,590277,4722216,590278,4722224,9444440,0,1000000000,steady,0,0,steady
rise5-late,2392,26577777512,26577777512,1000000000,1,850000000,590277,4722216,590278,4722224,9444440,0,1000000000,steady,0,0,steady
rise5-late,2393,26588888623,26588888623,1000000000,1,850000000,590277,4722216,590278,4722224,9444440,0,1000000000,steady,0,0,steady
rise5-late,2394,26599999734,26599999734,1000000000,1,850000000,590277,4722216,590278,4722224,9444440,0,1000000000,steady,0,0,steady
rise5-late,2395,26611110845,26611110845,1000000000,1,850000000,590277,4722216,590278,4722224,9444440,0,1000000000,steady,0,0,steady
rise5-late,2396,26622221956,26622221956,1000000000,1,850000000,590277,4722216,590278,4722224,9444440,0,1000000000,steady,0,0,steady
rise5-late,2397,26633333067,26633333067,1000000000,1,850000000,590277,4722216,590278,4722224,9444440,0,1000000000,steady,0,0,steady
rise5-late,2398,26644444178,26644444178,1000000000,1,850000000,590277,4722216,590278,4722224,9444440,0,1000000000,steady,0,0,steady
rise5-late,2399,26655555289,26655555289,1000000000,1,850000000,590277,4722216,590278,4722224,9444440,0,1000000000,steady,0,0,steady
rise5-late,2400,26666666400,26666666400,1000000000,1,850000000,590277,4722216,590278,4722224,9444440,0,1000000000,steady,0,0,steady
rise5-late,2401,26677777511,26677777511,1000000000,1,850000000,590277,4722216,590278,4722224,9444440,0,1000000000,steady,0,0,steady
rise5-late,2402,26688888622,26688888622,1000000000,1,850000000,590277,4722216,590278,4722224,9444440,0,1000000000,steady,0,0,steady
rise5-late,2403,26699999733,26699999733,1000000000,1,850000000,590277,4722216,590278,4722224,9444440,0,1000000000,steady,0,0,steady
rise5-late,2404,26711110844,26711110844,1000000000,1,850000000,590277,4722216,590278,4722224,9444440,0,1000000000,steady,0,0,steady
rise5-late,2405,26722221955,26722221955,1000000000,1,850000000,590277,4722216,590278,4722224,9444440,0,1000000000,steady,0,0,steady
rise5-late,2406,26733333066,26733333066,1000000000,1,850000000,590277,4722216,590278,4722224,9444440,0,1000000000,steady,0,0,steady
rise5-late,2407,26744444177,26744444177,1000000000,1,850000000,590277,4722216,590278,4722224,9444440,0,1000000000,steady,0,0,steady
rise5-late,2408,26755555288,26755555288,1000000000,1,850000000,590277,4722216,590278,4722224,9444440,0,1000000000,steady,0,0,steady
rise5-late,2409,26766666399,26766666399,1000000000,1,850000000,590277,4722216,590278,4722224,9444440,0,1000000000,steady,0,0,steady
rise5-late,2410,26777777510,26777777510,1000000000,1,850000000,590277,4722216,590278,4722224,9444440,0,1000000000,steady,0,0,steady
rise5-late,2411,26788888621,26788888621,1000000000,1,850000000,590277,4722216,590278,4722224,9444440,0,1000000000,steady,0,0,steady
rise5-late,2412,26799999732,26799999732,1000000000,1,850000000,590277,4722216,590278,4722224,9444440,0,1000000000,steady,0,0,steady
rise5-late,2413,26811110843,26811110843,1000000000,1,850000000,590277,4722216,590278,4722224,9444440,0,1000000000,steady,0,0,steady
rise5-late,2414,26822221954,26822221954,1000000000,1,850000000,590277,4722216,590278,4722224,9444440,0,1000000000,steady,0,0,steady
rise5-late,2415,26833333065,26833333065,1000000000,1,850000000,590277,4722216,590278,4722224,9444440,0,1000000000,steady,0,0,steady
rise5-late,2416,26844444176,26844444176,1000000000,1,850000000,590277,4722216,590278,4722224,9444440,0,1000000000,steady,0,0,steady
rise5-late,2417,26855555287,26855555287,1000000000,1,850000000,590277,4722216,590278,4722224,9444440,0,1000000000,steady,0,0,steady
rise5-late,2418,26866666398,26866666398,1000000000,1,850000000,590277,4722216,590278,4722224,9444440,0,1000000000,steady,0,0,steady
rise5-late,2419,26877777509,26877777509,1000000000,1,850000000,590277,4722216,590278,4722224,9444440,0,1000000000,steady,0,0,steady
rise5-late,2420,26888888620,26888888620,1000000000,1,850000000,590277,4722216,590278,4722224,9444440,0,1000000000,steady,0,0,steady
rise5-late,2421,26899999731,26899999731,1000000000,1,850000000,590277,4722216,590278,4722224,9444440,0,1000000000,steady,0,0,steady
rise5-late,2422,26911110842,26911110842,1000000000,1,850000000,590277,4722216,590278,4722224,9444440,0,1000000000,steady,0,0,steady
rise5-late,2423,26922221953,26922221953,1000000000,1,850000000,590277,4722216,590278,4722224,9444440,0,1000000000,steady,0,0,steady
rise5-late,2424,26933333064,26933333064,1000000000,1,850000000,590277,4722216,590278,4722224,9444440,0,1000000000,steady,0,0,steady
rise5-late,2425,26944444175,26944444175,1000000000,1,850000000,590277,4722216,590278,4722224,9444440,0,1000000000,steady,0,0,steady
rise5-late,2426,26955555286,26955555286,1000000000,1,850000000,590277,4722216,590278,4722224,9444440,0,1000000000,steady,0,0,steady
rise5-late,2427,26966666397,26966666397,1000000000,1,850000000,590277,4722216,590278,4722224,9444440,0,1000000000,steady,0,0,steady
rise5-late,2428,26977777508,26977777508,1000000000,1,850000000,590277,4722216,590278,4722224,9444440,0,1000000000,steady,0,0,steady
rise5-late,2429,26988888619,26988888619,1000000000,1,850000000,590277,4722216,590278,4722224,9444440,0,1000000000,steady,0,0,steady
rise5-late,2430,26999999730,26999999730,1000000000,1,850000000,590277,4722216,590278,4722224,9444440,0,1000000000,steady,0,0,steady
rise5-late,2431,27011110841,27011110841,1000000000,1,850000000,590277,4722216,590278,4722224,9444440,0,1000000000,steady,0,0,steady
rise5-late,2432,27022221952,27022221952,1000000000,1,850000000,590277,4722216,590278,4722224,9444440,0,1000000000,steady,0,0,steady
rise5-late,2433,27033333063,27033333063,1000000000,1,850000000,590277,4722216,590278,4722224,9444440,0,1000000000,steady,0,0,steady
rise5-late,2434,27044444174,27044444174,1000000000,1,850000000,590277,4722216,590278,4722224,9444440,0,1000000000,steady,0,0,steady
rise5-late,2435,27055555285,27055555285,1000000000,1,850000000,590277,4722216,590278,4722224,9444440,0,1000000000,steady,0,0,steady
rise5-late,2436,27066666396,27066666396,1000000000,1,850000000,590277,4722216,590278,4722224,9444440,0,1000000000,steady,0,0,steady
rise5-late,2437,27077777507,27077777507,1000000000,1,850000000,590277,4722216,590278,4722224,9444440,0,1000000000,steady,0,0,steady
rise5-late,2438,27088888618,27088888618,1000000000,1,850000000,590277,4722216,590278,4722224,9444440,0,1000000000,steady,0,0,steady
rise5-late,2439,27099999729,27099999729,1000000000,1,850000000,590277,4722216,590278,4722224,9444440,0,1000000000,steady,0,0,steady
rise5-late,2440,27111110840,27111110840,1000000000,1,850000000,590277,4722216,590278,4722224,9444440,0,1000000000,steady,0,0,steady
rise5-late,2441,27122221951,27122221951,1000000000,1,850000000,590277,4722216,590278,4722224,9444440,0,1000000000,steady,0,0,steady
rise5-late,2442,27133333062,27133333062,1000000000,1,850000000,590277,4722216,590278,4722224,9444440,0,1000000000,steady,0,0,steady
rise5-late,2443,27144444173,27144444173,1000000000,1,850000000,590277,4722216,590278,4722224,9444440,0,1000000000,steady,0,0,steady
rise5-late,2444,27155555284,27155555284,1000000000,1,850000000,590277,4722216,590278,4722224,9444440,0,1000000000,steady,0,0,steady
rise5-late,2445,27166666395,27166666395,1000000000,1,850000000,590277,4722216,590278,4722224,9444440,0,1000000000,steady,0,0,steady
rise5-late,2446,27177777506,27177777506,1000000000,1,850000000,590277,4722216,590278,4722224,9444440,0,1000000000,steady,0,0,steady
rise5-late,2447,27188888617,27188888617,1000000000,1,850000000,590277,4722216,590278,4722224,9444440,0,1000000000,steady,0,0,steady
rise5-late,2448,27199999728,27199999728,1000000000,1,850000000,590277,4722216,590278,4722224,9444440,0,1000000000,steady,0,0,steady
rise5-late,2449,27211110839,27211110839,1000000000,1,850000000,590277,4722216,590278,4722224,9444440,0,1000000000,steady,0,0,steady
rise5-late,2450,27222221950,27222221950,1000000000,1,850000000,590277,4722216,590278,4722224,9444440,0,1000000000,steady,0,0,steady
rise5-late,2451,27233333061,27233333061,1000000000,1,850000000,590277,4722216,590278,4722224,9444440,0,1000000000,steady,0,0,steady
rise5-late,2452,27244444172,27244444172,1000000000,1,850000000,590277,4722216,590278,4722224,9444440,0,1000000000,steady,0,0,steady
rise5-late,2453,27255555283,27255555283,1000000000,1,850000000,590277,4722216,590278,4722224,9444440,0,1000000000,steady,0,0,steady
rise5-late,2454,27266666394,27266666394,1000000000,1,850000000,590277,4722216,590278,4722224,9444440,0,1000000000,steady,0,0,steady
rise5-late,2455,27277777505,27277777505,1000000000,1,850000000,590277,4722216,590278,4722224,9444440,0,1000000000,steady,0,0,steady
rise5-late,2456,27288888616,27288888616,1000000000,1,850000000,590277,4722216,590278,4722224,9444440,0,1000000000,steady,0,0,steady
rise5-late,2457,27299999727,27299999727,1000000000,1,850000000,590277,4722216,590278,4722224,9444440,0,1000000000,steady,0,0,steady
rise5-late,2458,27311110838,27311110838,1000000000,1,850000000,590277,4722216,590278,4722224,9444440,0,1000000000,steady,0,0,steady
rise5-late,2459,27322221949,27322221949,1000000000,1,850000000,590277,4722216,590278,4722224,9444440,0,1000000000,steady,0,0,steady
rise5-late,2460,27333333060,27333333060,1000000000,1,850000000,590277,4722216,590278,4722224,9444440,0,1000000000,steady,0,0,steady
rise5-late,2461,27344444171,27344444171,1000000000,1,850000000,590277,4722216,590278,4722224,9444440,0,1000000000,steady,0,0,steady
rise5-late,2462,27355555282,27355555282,1000000000,1,850000000,590277,4722216,590278,4722224,9444440,0,1000000000,steady,0,0,steady
rise5-late,2463,27366666393,27366666393,1000000000,1,850000000,590277,4722216,590278,4722224,9444440,0,1000000000,steady,0,0,steady
rise5-late,2464,27377777504,27377777504,1000000000,1,850000000,590277,4722216,590278,4722224,9444440,0,1000000000,steady,0,0,steady
rise5-late,2465,27388888615,27388888615,1000000000,1,850000000,590277,4722216,590278,4722224,9444440,0,1000000000,steady,0,0,steady
rise5-late,2466,27399999726,27399999726,1000000000,1,850000000,590277,4722216,590278,4722224,9444440,0,1000000000,steady,0,0,steady
rise5-late,2467,27411110837,27411110837,1000000000,1,850000000,590277,4722216,590278,4722224,9444440,0,1000000000,steady,0,0,steady
rise5-late,2468,27422221948,27422221948,1000000000,1,850000000,590277,4722216,590278,4722224,9444440,0,1000000000,steady,0,0,steady
rise5-late,2469,27433333059,27433333059,1000000000,1,850000000,590277,4722216,590278,4722224,9444440,0,1000000000,steady,0,0,steady
rise5-late,2470,27444444170,27444444170,1000000000,1,850000000,590277,4722216,590278,4722224,9444440,0,1000000000,steady,0,0,steady
rise5-late,2471,27455555281,27455555281,1000000000,1,850000000,590277,4722216,590278,4722224,9444440,0,1000000000,steady,0,0,steady
rise5-late,2472,27466666392,27466666392,1000000000,1,850000000,590277,4722216,590278,4722224,9444440,0,1000000000,steady,0,0,steady
rise5-late,2473,27477777503,27477777503,1000000000,1,850000000,590277,4722216,590278,4722224,9444440,0,1000000000,steady,0,0,steady
rise5-late,2474,27488888614,27488888614,1000000000,1,850000000,590277,4722216,590278,4722224,9444440,0,1000000000,steady,0,0,steady
rise5-late,2475,27499999725,27499999725,1000000000,1,850000000,590277,4722216,590278,4722224,9444440,0,1000000000,steady,0,0,steady
rise5-late,2476,27511110836,27511110836,1000000000,1,850000000,590277,4722216,590278,4722224,9444440,0,1000000000,steady,0,0,steady
rise5-late,2477,27522221947,27522221947,1000000000,1,850000000,590277,4722216,590278,4722224,9444440,0,1000000000,steady,0,0,steady
rise5-late,2478,27533333058,27533333058,1000000000,1,850000000,590277,4722216,590278,4722224,9444440,0,1000000000,steady,0,0,steady
rise5-late,2479,27544444169,27544444169,1000000000,1,850000000,590277,4722216,590278,4722224,9444440,0,1000000000,steady,0,0,steady
rise5-late,2480,27555555280,27555555280,1000000000,1,850000000,590277,4722216,590278,4722224,9444440,0,1000000000,steady,0,0,steady
rise5-late,2481,27566666391,27566666391,1000000000,1,850000000,590277,4722216,590278,4722224,9444440,0,1000000000,steady,0,0,steady
rise5-late,2482,27577777502,27577777502,1000000000,1,850000000,590277,4722216,590278,4722224,9444440,0,1000000000,steady,0,0,steady
rise5-late,2483,27588888613,27588888613,1000000000,1,850000000,590277,4722216,590278,4722224,9444440,0,1000000000,steady,0,0,steady
rise5-late,2484,27599999724,27599999724,1000000000,1,850000000,590277,4722216,590278,4722224,9444440,0,1000000000,steady,0,0,steady
rise5-late,2485,27611110835,27611110835,1000000000,1,850000000,590277,4722216,590278,4722224,9444440,0,1000000000,steady,0,0,steady
rise5-late,2486,27622221946,27622221946,1000000000,1,850000000,590277,4722216,590278,4722224,9444440,0,1000000000,steady,0,0,steady
rise5-late,2487,27633333057,27633333057,1000000000,1,850000000,590277,4722216,590278,4722224,9444440,0,1000000000,steady,0,0,steady
rise5-late,2488,27644444168,27644444168,1000000000,1,850000000,590277,4722216,590278,4722224,9444440,0,1000000000,steady,0,0,steady
rise5-late,2489,27655555279,27655555279,1000000000,1,850000000,590277,4722216,590278,4722224,9444440,0,1000000000,steady,0,0,steady
rise5-late,2490,27666666390,27666666390,1000000000,1,850000000,590277,4722216,590278,4722224,9444440,0,1000000000,steady,0,0,steady
rise5-late,2491,27677777501,27677777501,1000000000,1,850000000,590277,4722216,590278,4722224,9444440,0,1000000000,steady,0,0,steady
rise5-late,2492,27688888612,27688888612,1000000000,1,850000000,590277,4722216,590278,4722224,9444440,0,1000000000,steady,0,0,steady
rise5-late,2493,27699999723,27699999723,1000000000,1,850000000,590277,4722216,590278,4722224,9444440,0,1000000000,steady,0,0,steady
rise5-late,2494,27711110834,27711110834,1000000000,1,850000000,590277,4722216,590278,4722224,9444440,0,1000000000,steady,0,0,steady
rise5-late,2495,27722221945,27722221945,1000000000,1,850000000,590277,4722216,590278,4722224,9444440,0,1000000000,steady,0,0,steady
rise5-late,2496,27733333056,27733333056,1000000000,1,850000000,590277,4722216,590278,4722224,9444440,0,1000000000,steady,0,0,steady
rise5-late,2497,27744444167,27744444167,1000000000,1,850000000,590277,4722216,590278,4722224,9444440,0,1000000000,steady,0,0,steady
rise5-late,2498,27755555278,27755555278,1000000000,1,850000000,590277,4722216,590278,4722224,9444440,0,1000000000,steady,0,0,steady
rise5-late,2499,27766666389,27766666389,1000000000,1,850000000,590277,4722216,590278,4722224,9444440,0,1000000000,steady,0,0,steady
rise5-late,2500,27777777500,27777777500,1000000000,1,850000000,590277,4722216,590278,4722224,9444440,0,1000000000,steady,0,0,steady
rise5-late,2501,27788888611,27788888611,1000000000,1,850000000,590277,4722216,590278,4722224,9444440,0,1000000000,steady,0,0,steady
rise5-late,2502,27799999722,27799999722,1000000000,1,850000000,590277,4722216,590278,4722224,9444440,0,1000000000,steady,0,0,steady
rise5-late,2503,27811110833,27811110833,1000000000,1,850000000,590277,4722216,590278,4722224,9444440,0,1000000000,steady,0,0,steady
rise5-late,2504,27822221944,27822221944,1000000000,1,850000000,590277,4722216,590278,4722224,9444440,0,1000000000,steady,0,0,steady
rise5-late,2505,27833333055,27833333055,1000000000,1,850000000,590277,4722216,590278,4722224,9444440,0,1000000000,steady,0,0,steady
rise5-late,2506,27844444166,27844444166,1000000000,1,850000000,590277,4722216,590278,4722224,9444440,0,1000000000,steady,0,0,steady
rise5-late,2507,27855555277,27855555277,1000000000,1,850000000,590277,4722216,590278,4722224,9444440,0,1000000000,steady,0,0,steady
rise5-late,2508,27866666388,27866666388,1000000000,1,850000000,590277,4722216,590278,4722224,9444440,0,1000000000,steady,0,0,steady
rise5-late,2509,27877777499,27877777499,1000000000,1,850000000,590277,4722216,590278,4722224,9444440,0,1000000000,steady,0,0,steady
rise5-late,2510,27888888610,27888888610,1000000000,1,850000000,590277,4722216,590278,4722224,9444440,0,1000000000,steady,0,0,steady
rise5-late,2511,27899999721,27899999721,1000000000,1,850000000,590277,4722216,590278,4722224,9444440,0,1000000000,steady,0,0,steady
rise5-late,2512,27911110832,27911110832,1000000000,1,850000000,590277,4722216,590278,4722224,9444440,0,1000000000,steady,0,0,steady
rise5-late,2513,27922221943,27922221943,1000000000,1,850000000,590277,4722216,590278,4722224,9444440,0,1000000000,steady,0,0,steady
rise5-late,2514,27933333054,27933333054,1000000000,1,850000000,590277,4722216,590278,4722224,9444440,0,1000000000,steady,0,0,steady
rise5-late,2515,27944444165,27944444165,1000000000,1,850000000,590277,4722216,590278,4722224,9444440,0,1000000000,steady,0,0,steady
rise5-late,2516,27955555276,27955555276,1000000000,1,850000000,590277,4722216,590278,4722224,9444440,0,1000000000,steady,0,0,steady
rise5-late,2517,27966666387,27966666387,1000000000,1,850000000,590277,4722216,590278,4722224,9444440,0,1000000000,probe,1,0,steady
rise5-late,2518,27977777498,27977777498,1000000000,1,1000000000,694444,5555552,694444,5555552,11111104,0,1000000000,probe,0,0,probe
rise5-late,2519,27988888609,27988888609,1000000000,1,1000000000,694444,5555552,694444,5555552,11111104,0,1000000000,probe,0,0,probe
rise5-late,2520,27999999720,27999999720,1000000000,1,1000000000,694444,5555552,694444,5555552,11111104,0,1000000000,probe,0,0,probe
rise5-late,2521,28011110831,28011110831,1000000000,1,1000000000,694444,5555552,694444,5555552,11111104,0,1000000000,probe,0,0,probe
rise5-late,2522,28022221942,28022221942,1000000000,1,1000000000,694444,5555552,694444,5555552,11111104,0,1000000000,probe,0,0,probe
rise5-late,2523,28033333053,28033333053,1000000000,1,1000000000,694444,5555552,694444,5555552,11111104,0,1000000000,probe,0,0,probe
rise5-late,2524,28044444164,28044444164,1000000000,1,1000000000,694444,5555552,694444,5555552,11111104,0,1000000000,probe,0,0,probe
rise5-late,2525,28055555275,28055555275,1000000000,1,1000000000,694444,5555552,694444,5555552,11111104,0,1000000000,probe,0,0,probe
rise5-late,2526,28066666386,28066666386,1000000000,1,1000000000,694444,5555552,694444,5555552,11111104,0,1000000000,probe,0,0,probe
rise5-late,2527,28077777497,28077777497,1000000000,1,1000000000,694444,5555552,694444,5555552,11111104,0,1000000000,probe,0,0,probe
rise5-late,2528,28088888608,28088888608,1000000000,1,1000000000,694444,5555552,694444,5555552,11111104,0,1000000000,probe,0,0,probe
rise5-late,2529,28099999719,28099999719,1000000000,1,1000000000,694444,5555552,694444,5555552,11111104,0,1000000000,probe,0,0,probe
rise5-late,2530,28111110830,28111110830,1000000000,1,1000000000,694444,5555552,694444,5555552,11111104,0,1000000000,probe,0,0,probe
rise5-late,2531,28122221941,28122221941,1000000000,1,1000000000,694444,5555552,694444,5555552,11111104,0,1000000000,probe,0,0,probe
rise5-late,2532,28133333052,28133333052,1000000000,1,1000000000,694444,5555552,694444,5555552,11111104,0,1000000000,probe,0,0,probe
rise5-late,2533,28144444163,28144444163,1000000000,1,1000000000,694444,5555552,694444,5555552,11111104,0,1000000000,probe,0,0,probe
rise5-late,2534,28155555274,28155555274,1000000000,1,1000000000,694444,5555552,694444,5555552,11111104,0,1000000000,probe,0,0,probe
rise5-late,2535,28166666385,28166666385,1000000000,1,1000000000,694444,5555552,694444,5555552,11111104,0,1000000000,probe,0,0,probe
rise5-late,2536,28177777496,28177777496,1000000000,1,1000000000,694444,5555552,694444,5555552,11111104,0,1000000000,probe,0,0,probe
rise5-late,2537,28188888607,28188888607,1000000000,1,1000000000,694444,5555552,694444,5555552,11111104,0,1000000000,probe,0,0,probe
rise5-late,2538,28199999718,28199999718,1000000000,1,1000000000,694444,5555552,694444,5555552,11111104,0,1000000000,probe,0,0,probe
rise5-late,2539,28211110829,28211110829,1000000000,1,1000000000,694444,5555552,694444,5555552,11111104,0,1000000000,probe,0,0,probe
rise5-late,2540,28222221940,28222221940,1000000000,1,1000000000,694444,5555552,694444,5555552,11111104,0,1000000000,probe,0,0,probe
rise5-late,2541,28233333051,28233333051,1000000000,1,1000000000,694444,5555552,694444,5555552,11111104,0,1000000000,probe,0,0,probe
rise5-late,2542,28244444162,28244444162,1000000000,1,1000000000,694444,5555552,694444,5555552,11111104,0,1000000000,probe,0,0,probe
rise5-late,2543,28255555273,28255555273,1000000000,1,1000000000,694444,5555552,694444,5555552,11111104,0,1000000000,probe,0,0,probe
rise5-late,2544,28266666384,28266666384,1000000000,1,1000000000,694444,5555552,694444,5555552,11111104,0,1000000000,probe,0,0,probe
rise5-late,2545,28277777495,28277777495,1000000000,1,1000000000,694444,5555552,694444,5555552,11111104,0,1000000000,probe,0,0,probe
rise5-late,2546,28288888606,28288888606,1000000000,1,1000000000,694444,5555552,694444,5555552,11111104,0,1000000000,probe,0,0,probe
rise5-late,2547,28299999717,28299999717,1000000000,1,1000000000,694444,5555552,694444,5555552,11111104,0,1000000000,probe,0,0,probe
rise5-late,2548,28311110828,28311110828,1000000000,1,1000000000,694444,5555552,694444,5555552,11111104,0,1000000000,probe,0,0,probe
rise5-late,2549,28322221939,28322221939,1000000000,1,1000000000,694444,5555552,694444,5555552,11111104,0,1000000000,probe,0,0,probe
rise5-late,2550,28333333050,28333333050,1000000000,1,1000000000,694444,5555552,694444,5555552,11111104,0,1000000000,probe,0,0,probe
rise5-late,2551,28344444161,28344444161,1000000000,1,1000000000,694444,5555552,694444,5555552,11111104,0,1000000000,probe,0,0,probe
rise5-late,2552,28355555272,28355555272,1000000000,1,1000000000,694444,5555552,694444,5555552,11111104,0,1000000000,probe,0,0,probe
rise5-late,2553,28366666383,28366666383,1000000000,1,1000000000,694444,5555552,694444,5555552,11111104,0,1000000000,probe,0,0,probe
rise5-late,2554,28377777494,28377777494,1000000000,1,1000000000,694444,5555552,694444,5555552,11111104,0,1000000000,probe,0,0,probe
rise5-late,2555,28388888605,28388888605,1000000000,1,1000000000,694444,5555552,694444,5555552,11111104,0,1000000000,probe,0,0,probe
rise5-late,2556,28399999716,28399999716,1000000000,1,1000000000,694444,5555552,694444,5555552,11111104,0,1000000000,probe,0,0,probe
rise5-late,2557,28411110827,28411110827,1000000000,1,1000000000,694444,5555552,694444,5555552,11111104,0,1000000000,probe,0,0,probe
rise5-late,2558,28422221938,28422221938,1000000000,1,1000000000,694444,5555552,694444,5555552,11111104,0,1000000000,probe,0,0,probe
rise5-late,2559,28433333049,28433333049,1000000000,1,1000000000,694444,5555552,694444,5555552,11111104,0,1000000000,probe,0,0,probe
rise5-late,2560,28444444160,28444444160,1000000000,1,1000000000,694444,5555552,694444,5555552,11111104,0,1000000000,probe,0,0,probe
rise5-late,2561,28455555271,28455555271,1000000000,1,1000000000,694444,5555552,694444,5555552,11111104,0,1000000000,probe,0,0,probe
rise5-late,2562,28466666382,28466666382,1000000000,1,1000000000,694444,5555552,694444,5555552,11111104,0,1000000000,probe,0,0,probe
rise5-late,2563,28477777493,28477777493,1000000000,1,1000000000,694444,5555552,694444,5555552,11111104,0,1000000000,steady,0,1,probe
rise5-late,2564,28488888604,28488888604,1000000000,1,850000000,590277,4722216,590278,4722224,9444440,0,1000000000,steady,0,0,steady
rise5-late,2565,28499999715,28499999715,1000000000,1,850000000,590277,4722216,590278,4722224,9444440,0,1000000000,steady,0,0,steady
rise5-late,2566,28511110826,28511110826,1000000000,1,850000000,590277,4722216,590278,4722224,9444440,0,1000000000,steady,0,0,steady
rise5-late,2567,28522221937,28522221937,1000000000,1,850000000,590277,4722216,590278,4722224,9444440,0,1000000000,steady,0,0,steady
rise5-late,2568,28533333048,28533333048,1000000000,1,850000000,590277,4722216,590278,4722224,9444440,0,1000000000,steady,0,0,steady
rise5-late,2569,28544444159,28544444159,1000000000,1,850000000,590277,4722216,590278,4722224,9444440,0,1000000000,steady,0,0,steady
rise5-late,2570,28555555270,28555555270,1000000000,1,850000000,590277,4722216,590278,4722224,9444440,0,1000000000,steady,0,0,steady
rise5-late,2571,28566666381,28566666381,1000000000,1,850000000,590277,4722216,590278,4722224,9444440,0,1000000000,steady,0,0,steady
rise5-late,2572,28577777492,28577777492,1000000000,1,850000000,590277,4722216,590278,4722224,9444440,0,1000000000,steady,0,0,steady
rise5-late,2573,28588888603,28588888603,1000000000,1,850000000,590277,4722216,590278,4722224,9444440,0,1000000000,steady,0,0,steady
rise5-late,2574,28599999714,28599999714,1000000000,1,850000000,590277,4722216,590278,4722224,9444440,0,1000000000,steady,0,0,steady
rise5-late,2575,28611110825,28611110825,1000000000,1,850000000,590277,4722216,590278,4722224,9444440,0,1000000000,steady,0,0,steady
rise5-late,2576,28622221936,28622221936,1000000000,1,850000000,590277,4722216,590278,4722224,9444440,0,1000000000,steady,0,0,steady
rise5-late,2577,28633333047,28633333047,1000000000,1,850000000,590277,4722216,590278,4722224,9444440,0,1000000000,steady,0,0,steady
rise5-late,2578,28644444158,28644444158,1000000000,1,850000000,590277,4722216,590278,4722224,9444440,0,1000000000,steady,0,0,steady
rise5-late,2579,28655555269,28655555269,1000000000,1,850000000,590277,4722216,590278,4722224,9444440,0,1000000000,steady,0,0,steady
rise5-late,2580,28666666380,28666666380,1000000000,1,850000000,590277,4722216,590278,4722224,9444440,0,1000000000,steady,0,0,steady
rise5-late,2581,28677777491,28677777491,1000000000,1,850000000,590277,4722216,590278,4722224,9444440,0,1000000000,steady,0,0,steady
rise5-late,2582,28688888602,28688888602,1000000000,1,850000000,590277,4722216,590278,4722224,9444440,0,1000000000,steady,0,0,steady
rise5-late,2583,28699999713,28699999713,1000000000,1,850000000,590277,4722216,590278,4722224,9444440,0,1000000000,steady,0,0,steady
rise5-late,2584,28711110824,28711110824,1000000000,1,850000000,590277,4722216,590278,4722224,9444440,0,1000000000,steady,0,0,steady
rise5-late,2585,28722221935,28722221935,1000000000,1,850000000,590277,4722216,590278,4722224,9444440,0,1000000000,steady,0,0,steady
rise5-late,2586,28733333046,28733333046,1000000000,1,850000000,590277,4722216,590278,4722224,9444440,0,1000000000,steady,0,0,steady
rise5-late,2587,28744444157,28744444157,1000000000,1,850000000,590277,4722216,590278,4722224,9444440,0,1000000000,steady,0,0,steady
rise5-late,2588,28755555268,28755555268,1000000000,1,850000000,590277,4722216,590278,4722224,9444440,0,1000000000,steady,0,0,steady
rise5-late,2589,28766666379,28766666379,1000000000,1,850000000,590277,4722216,590278,4722224,9444440,0,1000000000,steady,0,0,steady
rise5-late,2590,28777777490,28777777490,1000000000,1,850000000,590277,4722216,590278,4722224,9444440,0,1000000000,steady,0,0,steady
rise5-late,2591,28788888601,28788888601,1000000000,1,850000000,590277,4722216,590278,4722224,9444440,0,1000000000,steady,0,0,steady
rise5-late,2592,28799999712,28799999712,1000000000,1,850000000,590277,4722216,590278,4722224,9444440,0,1000000000,steady,0,0,steady
rise5-late,2593,28811110823,28811110823,1000000000,1,850000000,590277,4722216,590278,4722224,9444440,0,1000000000,steady,0,0,steady
rise5-late,2594,28822221934,28822221934,1000000000,1,850000000,590277,4722216,590278,4722224,9444440,0,1000000000,steady,0,0,steady
rise5-late,2595,28833333045,28833333045,1000000000,1,850000000,590277,4722216,590278,4722224,9444440,0,1000000000,steady,0,0,steady
rise5-late,2596,28844444156,28844444156,1000000000,1,850000000,590277,4722216,590278,4722224,9444440,0,1000000000,steady,0,0,steady
rise5-late,2597,28855555267,28855555267,1000000000,1,850000000,590277,4722216,590278,4722224,9444440,0,1000000000,steady,0,0,steady
rise5-late,2598,28866666378,28866666378,1000000000,1,850000000,590277,4722216,590278,4722224,9444440,0,1000000000,steady,0,0,steady
rise5-late,2599,28877777489,28877777489,1000000000,1,850000000,590277,4722216,590278,4722224,9444440,0,1000000000,steady,0,0,steady
rise5-late,2600,28888888600,28888888600,1000000000,1,850000000,590277,4722216,590278,4722224,9444440,0,1000000000,steady,0,0,steady
rise5-late,2601,28899999711,28899999711,1000000000,1,850000000,590277,4722216,590278,4722224,9444440,0,1000000000,steady,0,0,steady
rise5-late,2602,28911110822,28911110822,1000000000,1,850000000,590277,4722216,590278,4722224,9444440,0,1000000000,steady,0,0,steady
rise5-late,2603,28922221933,28922221933,1000000000,1,850000000,590277,4722216,590278,4722224,9444440,0,1000000000,steady,0,0,steady
rise5-late,2604,28933333044,28933333044,1000000000,1,850000000,590277,4722216,590278,4722224,9444440,0,1000000000,steady,0,0,steady
rise5-late,2605,28944444155,28944444155,1000000000,1,850000000,590277,4722216,590278,4722224,9444440,0,1000000000,steady,0,0,steady
rise5-late,2606,28955555266,28955555266,1000000000,1,850000000,590277,4722216,590278,4722224,9444440,0,1000000000,steady,0,0,steady
rise5-late,2607,28966666377,28966666377,1000000000,1,850000000,590277,4722216,590278,4722224,9444440,0,1000000000,steady,0,0,steady
rise5-late,2608,28977777488,28977777488,1000000000,1,850000000,590277,4722216,590278,4722224,9444440,0,1000000000,steady,0,0,steady
rise5-late,2609,28988888599,28988888599,1000000000,1,850000000,590277,4722216,590278,4722224,9444440,0,1000000000,steady,0,0,steady
rise5-late,2610,28999999710,28999999710,1000000000,1,850000000,590277,4722216,590278,4722224,9444440,0,1000000000,steady,0,0,steady
rise5-late,2611,29011110821,29011110821,1000000000,1,850000000,590277,4722216,590278,4722224,9444440,0,1000000000,steady,0,0,steady
rise5-late,2612,29022221932,29022221932,1000000000,1,850000000,590277,4722216,590278,4722224,9444440,0,1000000000,steady,0,0,steady
rise5-late,2613,29033333043,29033333043,1000000000,1,850000000,590277,4722216,590278,4722224,9444440,0,1000000000,steady,0,0,steady
rise5-late,2614,29044444154,29044444154,1000000000,1,850000000,590277,4722216,590278,4722224,9444440,0,1000000000,steady,0,0,steady
rise5-late,2615,29055555265,29055555265,1000000000,1,850000000,590277,4722216,590278,4722224,9444440,0,1000000000,steady,0,0,steady
rise5-late,2616,29066666376,29066666376,1000000000,1,850000000,590277,4722216,590278,4722224,9444440,0,1000000000,steady,0,0,steady
rise5-late,2617,29077777487,29077777487,1000000000,1,850000000,590277,4722216,590278,4722224,9444440,0,1000000000,steady,0,0,steady
rise5-late,2618,29088888598,29088888598,1000000000,1,850000000,590277,4722216,590278,4722224,9444440,0,1000000000,steady,0,0,steady
rise5-late,2619,29099999709,29099999709,1000000000,1,850000000,590277,4722216,590278,4722224,9444440,0,1000000000,steady,0,0,steady
rise5-late,2620,29111110820,29111110820,1000000000,1,850000000,590277,4722216,590278,4722224,9444440,0,1000000000,steady,0,0,steady
rise5-late,2621,29122221931,29122221931,1000000000,1,850000000,590277,4722216,590278,4722224,9444440,0,1000000000,steady,0,0,steady
rise5-late,2622,29133333042,29133333042,1000000000,1,850000000,590277,4722216,590278,4722224,9444440,0,1000000000,steady,0,0,steady
rise5-late,2623,29144444153,29144444153,1000000000,1,850000000,590277,4722216,590278,4722224,9444440,0,1000000000,steady,0,0,steady
rise5-late,2624,29155555264,29155555264,1000000000,1,850000000,590277,4722216,590278,4722224,9444440,0,1000000000,steady,0,0,steady
rise5-late,2625,29166666375,29166666375,1000000000,1,850000000,590277,4722216,590278,4722224,9444440,0,1000000000,steady,0,0,steady
rise5-late,2626,29177777486,29177777486,1000000000,1,850000000,590277,4722216,590278,4722224,9444440,0,1000000000,steady,0,0,steady
rise5-late,2627,29188888597,29188888597,1000000000,1,850000000,590277,4722216,590278,4722224,9444440,0,1000000000,steady,0,0,steady
rise5-late,2628,29199999708,29199999708,1000000000,1,850000000,590277,4722216,590278,4722224,9444440,0,1000000000,steady,0,0,steady
rise5-late,2629,29211110819,29211110819,1000000000,1,850000000,590277,4722216,590278,4722224,9444440,0,1000000000,steady,0,0,steady
rise5-late,2630,29222221930,29222221930,1000000000,1,850000000,590277,4722216,590278,4722224,9444440,0,1000000000,steady,0,0,steady
rise5-late,2631,29233333041,29233333041,1000000000,1,850000000,590277,4722216,590278,4722224,9444440,0,1000000000,steady,0,0,steady
rise5-late,2632,29244444152,29244444152,1000000000,1,850000000,590277,4722216,590278,4722224,9444440,0,1000000000,steady,0,0,steady
rise5-late,2633,29255555263,29255555263,1000000000,1,850000000,590277,4722216,590278,4722224,9444440,0,1000000000,steady,0,0,steady
rise5-late,2634,29266666374,29266666374,1000000000,1,850000000,590277,4722216,590278,4722224,9444440,0,1000000000,steady,0,0,steady
rise5-late,2635,29277777485,29277777485,1000000000,1,850000000,590277,4722216,590278,4722224,9444440,0,1000000000,steady,0,0,steady
rise5-late,2636,29288888596,29288888596,1000000000,1,850000000,590277,4722216,590278,4722224,9444440,0,1000000000,steady,0,0,steady
rise5-late,2637,29299999707,29299999707,1000000000,1,850000000,590277,4722216,590278,4722224,9444440,0,1000000000,steady,0,0,steady
rise5-late,2638,29311110818,29311110818,1000000000,1,850000000,590277,4722216,590278,4722224,9444440,0,1000000000,steady,0,0,steady
rise5-late,2639,29322221929,29322221929,1000000000,1,850000000,590277,4722216,590278,4722224,9444440,0,1000000000,steady,0,0,steady
rise5-late,2640,29333333040,29333333040,1000000000,1,850000000,590277,4722216,590278,4722224,9444440,0,1000000000,steady,0,0,steady
rise5-late,2641,29344444151,29344444151,1000000000,1,850000000,590277,4722216,590278,4722224,9444440,0,1000000000,steady,0,0,steady
rise5-late,2642,29355555262,29355555262,1000000000,1,850000000,590277,4722216,590278,4722224,9444440,0,1000000000,steady,0,0,steady
rise5-late,2643,29366666373,29366666373,1000000000,1,850000000,590277,4722216,590278,4722224,9444440,0,1000000000,steady,0,0,steady
rise5-late,2644,29377777484,29377777484,1000000000,1,850000000,590277,4722216,590278,4722224,9444440,0,1000000000,steady,0,0,steady
rise5-late,2645,29388888595,29388888595,1000000000,1,850000000,590277,4722216,590278,4722224,9444440,0,1000000000,steady,0,0,steady
rise5-late,2646,29399999706,29399999706,1000000000,1,850000000,590277,4722216,590278,4722224,9444440,0,1000000000,steady,0,0,steady
rise5-late,2647,29411110817,29411110817,1000000000,1,850000000,590277,4722216,590278,4722224,9444440,0,1000000000,steady,0,0,steady
rise5-late,2648,29422221928,29422221928,1000000000,1,850000000,590277,4722216,590278,4722224,9444440,0,1000000000,steady,0,0,steady
rise5-late,2649,29433333039,29433333039,1000000000,1,850000000,590277,4722216,590278,4722224,9444440,0,1000000000,steady,0,0,steady
rise5-late,2650,29444444150,29444444150,1000000000,1,850000000,590277,4722216,590278,4722224,9444440,0,1000000000,steady,0,0,steady
rise5-late,2651,29455555261,29455555261,1000000000,1,850000000,590277,4722216,590278,4722224,9444440,0,1000000000,steady,0,0,steady
rise5-late,2652,29466666372,29466666372,1000000000,1,850000000,590277,4722216,590278,4722224,9444440,0,1000000000,steady,0,0,steady
rise5-late,2653,29477777483,29477777483,1000000000,1,850000000,590277,4722216,590278,4722224,9444440,0,1000000000,steady,0,0,steady
rise5-late,2654,29488888594,29488888594,1000000000,1,850000000,590277,4722216,590278,4722224,9444440,0,1000000000,steady,0,0,steady
rise5-late,2655,29499999705,29499999705,1000000000,1,850000000,590277,4722216,590278,4722224,9444440,0,1000000000,steady,0,0,steady
rise5-late,2656,29511110816,29511110816,1000000000,1,850000000,590277,4722216,590278,4722224,9444440,0,1000000000,steady,0,0,steady
rise5-late,2657,29522221927,29522221927,1000000000,1,850000000,590277,4722216,590278,4722224,9444440,0,1000000000,steady,0,0,steady
rise5-late,2658,29533333038,29533333038,1000000000,1,850000000,590277,4722216,590278,4722224,9444440,0,1000000000,steady,0,0,steady
rise5-late,2659,29544444149,29544444149,1000000000,1,850000000,590277,4722216,590278,4722224,9444440,0,1000000000,steady,0,0,steady
rise5-late,2660,29555555260,29555555260,1000000000,1,850000000,590277,4722216,590278,4722224,9444440,0,1000000000,steady,0,0,steady
rise5-late,2661,29566666371,29566666371,1000000000,1,850000000,590277,4722216,590278,4722224,9444440,0,1000000000,steady,0,0,steady
rise5-late,2662,29577777482,29577777482,1000000000,1,850000000,590277,4722216,590278,4722224,9444440,0,1000000000,steady,0,0,steady
rise5-late,2663,29588888593,29588888593,1000000000,1,850000000,590277,4722216,590278,4722224,9444440,0,1000000000,steady,0,0,steady
rise5-late,2664,29599999704,29599999704,1000000000,1,850000000,590277,4722216,590278,4722224,9444440,0,1000000000,steady,0,0,steady
rise5-late,2665,29611110815,29611110815,1000000000,1,850000000,590277,4722216,590278,4722224,9444440,0,1000000000,steady,0,0,steady
rise5-late,2666,29622221926,29622221926,1000000000,1,850000000,590277,4722216,590278,4722224,9444440,0,1000000000,steady,0,0,steady
rise5-late,2667,29633333037,29633333037,1000000000,1,850000000,590277,4722216,590278,4722224,9444440,0,1000000000,steady,0,0,steady
rise5-late,2668,29644444148,29644444148,1000000000,1,850000000,590277,4722216,590278,4722224,9444440,0,1000000000,steady,0,0,steady
rise5-late,2669,29655555259,29655555259,1000000000,1,850000000,590277,4722216,590278,4722224,9444440,0,1000000000,steady,0,0,steady
rise5-late,2670,29666666370,29666666370,1000000000,1,850000000,590277,4722216,590278,4722224,9444440,0,1000000000,steady,0,0,steady
rise5-late,2671,29677777481,29677777481,1000000000,1,850000000,590277,4722216,590278,4722224,9444440,0,1000000000,steady,0,0,steady
rise5-late,2672,29688888592,29688888592,1000000000,1,850000000,590277,4722216,590278,4722224,9444440,0,1000000000,steady,0,0,steady
rise5-late,2673,29699999703,29699999703,1000000000,1,850000000,590277,4722216,590278,4722224,9444440,0,1000000000,steady,0,0,steady
rise5-late,2674,29711110814,29711110814,1000000000,1,850000000,590277,4722216,590278,4722224,9444440,0,1000000000,steady,0,0,steady
rise5-late,2675,29722221925,29722221925,1000000000,1,850000000,590277,4722216,590278,4722224,9444440,0,1000000000,steady,0,0,steady
rise5-late,2676,29733333036,29733333036,1000000000,1,850000000,590277,4722216,590278,4722224,9444440,0,1000000000,steady,0,0,steady
rise5-late,2677,29744444147,29744444147,1000000000,1,850000000,590277,4722216,590278,4722224,9444440,0,1000000000,steady,0,0,steady
rise5-late,2678,29755555258,29755555258,1000000000,1,850000000,590277,4722216,590278,4722224,9444440,0,1000000000,steady,0,0,steady
rise5-late,2679,29766666369,29766666369,1000000000,1,850000000,590277,4722216,590278,4722224,9444440,0,1000000000,steady,0,0,steady
rise5-late,2680,29777777480,29777777480,1000000000,1,850000000,590277,4722216,590278,4722224,9444440,0,1000000000,steady,0,0,steady
rise5-late,2681,29788888591,29788888591,1000000000,1,850000000,590277,4722216,590278,4722224,9444440,0,1000000000,steady,0,0,steady
rise5-late,2682,29799999702,29799999702,1000000000,1,850000000,590277,4722216,590278,4722224,9444440,0,1000000000,steady,0,0,steady
rise5-late,2683,29811110813,29811110813,1000000000,1,850000000,590277,4722216,590278,4722224,9444440,0,1000000000,steady,0,0,steady
rise5-late,2684,29822221924,29822221924,1000000000,1,850000000,590277,4722216,590278,4722224,9444440,0,1000000000,steady,0,0,steady
rise5-late,2685,29833333035,29833333035,1000000000,1,850000000,590277,4722216,590278,4722224,9444440,0,1000000000,steady,0,0,steady
rise5-late,2686,29844444146,29844444146,1000000000,1,850000000,590277,4722216,590278,4722224,9444440,0,1000000000,steady,0,0,steady
rise5-late,2687,29855555257,29855555257,1000000000,1,850000000,590277,4722216,590278,4722224,9444440,0,1000000000,steady,0,0,steady
rise5-late,2688,29866666368,29866666368,1000000000,1,850000000,590277,4722216,590278,4722224,9444440,0,1000000000,steady,0,0,steady
rise5-late,2689,29877777479,29877777479,1000000000,1,850000000,590277,4722216,590278,4722224,9444440,0,1000000000,steady,0,0,steady
rise5-late,2690,29888888590,29888888590,1000000000,1,850000000,590277,4722216,590278,4722224,9444440,0,1000000000,steady,0,0,steady
rise5-late,2691,29899999701,29899999701,1000000000,1,850000000,590277,4722216,590278,4722224,9444440,0,1000000000,steady,0,0,steady
rise5-late,2692,29911110812,29911110812,1000000000,1,850000000,590277,4722216,590278,4722224,9444440,0,1000000000,steady,0,0,steady
rise5-late,2693,29922221923,29922221923,1000000000,1,850000000,590277,4722216,590278,4722224,9444440,0,1000000000,steady,0,0,steady
rise5-late,2694,29933333034,29933333034,1000000000,1,850000000,590277,4722216,590278,4722224,9444440,0,1000000000,steady,0,0,steady
rise5-late,2695,29944444145,29944444145,1000000000,1,850000000,590277,4722216,590278,4722224,9444440,0,1000000000,steady,0,0,steady
rise5-late,2696,29955555256,29955555256,1000000000,1,850000000,590277,4722216,590278,4722224,9444440,0,1000000000,steady,0,0,steady
rise5-late,2697,29966666367,29966666367,1000000000,1,850000000,590277,4722216,590278,4722224,9444440,0,1000000000,steady,0,0,steady
rise5-late,2698,29977777478,29977777478,1000000000,1,850000000,590277,4722216,590278,4722224,9444440,0,1000000000,steady,0,0,steady
rise5-late,2699,29988888589,29988888589,1000000000,1,850000000,590277,4722216,590278,4722224,9444440,0,1000000000,steady,0,0,steady
rise5-late,2700,29999999700,29999999700,1000000000,1,850000000,590277,4722216,590278,4722224,9444440,0,1000000000,steady,0,0,steady
rise5-late,2701,30011110811,30011110811,1000000000,1,850000000,590277,4722216,590278,4722224,9444440,0,1000000000,steady,0,0,steady
rise5-late,2702,30022221922,30022221922,1000000000,1,850000000,590277,4722216,590278,4722224,9444440,0,1000000000,steady,0,0,steady
rise5-late,2703,30033333033,30033333033,1000000000,1,850000000,590277,4722216,590278,4722224,9444440,0,1000000000,steady,0,0,steady
rise5-late,2704,30044444144,30044444144,1000000000,1,850000000,590277,4722216,590278,4722224,9444440,0,1000000000,steady,0,0,steady
rise5-late,2705,30055555255,30055555255,1000000000,1,850000000,590277,4722216,590278,4722224,9444440,0,1000000000,steady,0,0,steady
rise5-late,2706,30066666366,30066666366,1000000000,1,850000000,590277,4722216,590278,4722224,9444440,0,1000000000,steady,0,0,steady
rise5-late,2707,30077777477,30077777477,1000000000,1,850000000,590277,4722216,590278,4722224,9444440,0,1000000000,steady,0,0,steady
rise5-late,2708,30088888588,30088888588,1000000000,1,850000000,590277,4722216,590278,4722224,9444440,0,1000000000,steady,0,0,steady
rise5-late,2709,30099999699,30099999699,1000000000,1,850000000,590277,4722216,590278,4722224,9444440,0,1000000000,steady,0,0,steady
rise5-late,2710,30111110810,30111110810,1000000000,1,850000000,590277,4722216,590278,4722224,9444440,0,1000000000,steady,0,0,steady
rise5-late,2711,30122221921,30122221921,1000000000,1,850000000,590277,4722216,590278,4722224,9444440,0,1000000000,steady,0,0,steady
rise5-late,2712,30133333032,30133333032,1000000000,1,850000000,590277,4722216,590278,4722224,9444440,0,1000000000,steady,0,0,steady
rise5-late,2713,30144444143,30144444143,1000000000,1,850000000,590277,4722216,590278,4722224,9444440,0,1000000000,steady,0,0,steady
rise5-late,2714,30155555254,30155555254,1000000000,1,850000000,590277,4722216,590278,4722224,9444440,0,1000000000,steady,0,0,steady
rise5-late,2715,30166666365,30166666365,1000000000,1,850000000,590277,4722216,590278,4722224,9444440,0,1000000000,steady,0,0,steady
rise5-late,2716,30177777476,30177777476,1000000000,1,850000000,590277,4722216,590278,4722224,9444440,0,1000000000,steady,0,0,steady
rise5-late,2717,30188888587,30188888587,1000000000,1,850000000,590277,4722216,590278,4722224,9444440,0,1000000000,steady,0,0,steady
rise5-late,2718,30199999698,30199999698,1000000000,1,850000000,590277,4722216,590278,4722224,9444440,0,1000000000,steady,0,0,steady
rise5-late,2719,30211110809,30211110809,1000000000,1,850000000,590277,4722216,590278,4722224,9444440,0,1000000000,steady,0,0,steady
rise5-late,2720,30222221920,30222221920,1000000000,1,850000000,590277,4722216,590278,4722224,9444440,0,1000000000,steady,0,0,steady
rise5-late,2721,30233333031,30233333031,1000000000,1,850000000,590277,4722216,590278,4722224,9444440,0,1000000000,steady,0,0,steady
rise5-late,2722,30244444142,30244444142,1000000000,1,850000000,590277,4722216,590278,4722224,9444440,0,1000000000,steady,0,0,steady
rise5-late,2723,30255555253,30255555253,1000000000,1,850000000,590277,4722216,590278,4722224,9444440,0,1000000000,steady,0,0,steady
rise5-late,2724,30266666364,30266666364,1000000000,1,850000000,590277,4722216,590278,4722224,9444440,0,1000000000,steady,0,0,steady
rise5-late,2725,30277777475,30277777475,1000000000,1,850000000,590277,4722216,590278,4722224,9444440,0,1000000000,steady,0,0,steady
rise5-late,2726,30288888586,30288888586,1000000000,1,850000000,590277,4722216,590278,4722224,9444440,0,1000000000,steady,0,0,steady
rise5-late,2727,30299999697,30299999697,1000000000,1,850000000,590277,4722216,590278,4722224,9444440,0,1000000000,steady,0,0,steady
rise5-late,2728,30311110808,30311110808,1000000000,1,850000000,590277,4722216,590278,4722224,9444440,0,1000000000,steady,0,0,steady
rise5-late,2729,30322221919,30322221919,1000000000,1,850000000,590277,4722216,590278,4722224,9444440,0,1000000000,steady,0,0,steady
rise5-late,2730,30333333030,30333333030,1000000000,1,850000000,590277,4722216,590278,4722224,9444440,0,1000000000,steady,0,0,steady
rise5-late,2731,30344444141,30344444141,1000000000,1,850000000,590277,4722216,590278,4722224,9444440,0,1000000000,steady,0,0,steady
rise5-late,2732,30355555252,30355555252,1000000000,1,850000000,590277,4722216,590278,4722224,9444440,0,1000000000,steady,0,0,steady
rise5-late,2733,30366666363,30366666363,1000000000,1,850000000,590277,4722216,590278,4722224,9444440,0,1000000000,steady,0,0,steady
rise5-late,2734,30377777474,30377777474,1000000000,1,850000000,590277,4722216,590278,4722224,9444440,0,1000000000,steady,0,0,steady
rise5-late,2735,30388888585,30388888585,1000000000,1,850000000,590277,4722216,590278,4722224,9444440,0,1000000000,steady,0,0,steady
rise5-late,2736,30399999696,30399999696,1000000000,1,850000000,590277,4722216,590278,4722224,9444440,0,1000000000,steady,0,0,steady
rise5-late,2737,30411110807,30411110807,1000000000,1,850000000,590277,4722216,590278,4722224,9444440,0,1000000000,steady,0,0,steady
rise5-late,2738,30422221918,30422221918,1000000000,1,850000000,590277,4722216,590278,4722224,9444440,0,1000000000,steady,0,0,steady
rise5-late,2739,30433333029,30433333029,1000000000,1,850000000,590277,4722216,590278,4722224,9444440,0,1000000000,steady,0,0,steady
rise5-late,2740,30444444140,30444444140,1000000000,1,850000000,590277,4722216,590278,4722224,9444440,0,1000000000,steady,0,0,steady
rise5-late,2741,30455555251,30455555251,1000000000,1,850000000,590277,4722216,590278,4722224,9444440,0,1000000000,steady,0,0,steady
rise5-late,2742,30466666362,30466666362,1000000000,1,850000000,590277,4722216,590278,4722224,9444440,0,1000000000,steady,0,0,steady
rise5-late,2743,30477777473,30477777473,1000000000,1,850000000,590277,4722216,590278,4722224,9444440,0,1000000000,steady,0,0,steady
rise5-late,2744,30488888584,30488888584,1000000000,1,850000000,590277,4722216,590278,4722224,9444440,0,1000000000,steady,0,0,steady
rise5-late,2745,30499999695,30499999695,1000000000,1,850000000,590277,4722216,590278,4722224,9444440,0,1000000000,steady,0,0,steady
rise5-late,2746,30511110806,30511110806,1000000000,1,850000000,590277,4722216,590278,4722224,9444440,0,1000000000,steady,0,0,steady
rise5-late,2747,30522221917,30522221917,1000000000,1,850000000,590277,4722216,590278,4722224,9444440,0,1000000000,steady,0,0,steady
rise5-late,2748,30533333028,30533333028,1000000000,1,850000000,590277,4722216,590278,4722224,9444440,0,1000000000,steady,0,0,steady
rise5-late,2749,30544444139,30544444139,1000000000,1,850000000,590277,4722216,590278,4722224,9444440,0,1000000000,steady,0,0,steady
rise5-late,2750,30555555250,30555555250,1000000000,1,850000000,590277,4722216,590278,4722224,9444440,0,1000000000,steady,0,0,steady
rise5-late,2751,30566666361,30566666361,1000000000,1,850000000,590277,4722216,590278,4722224,9444440,0,1000000000,steady,0,0,steady
rise5-late,2752,30577777472,30577777472,1000000000,1,850000000,590277,4722216,590278,4722224,9444440,0,1000000000,steady,0,0,steady
rise5-late,2753,30588888583,30588888583,1000000000,1,850000000,590277,4722216,590278,4722224,9444440,0,1000000000,steady,0,0,steady
rise5-late,2754,30599999694,30599999694,1000000000,1,850000000,590277,4722216,590278,4722224,9444440,0,1000000000,steady,0,0,steady
rise5-late,2755,30611110805,30611110805,1000000000,1,850000000,590277,4722216,590278,4722224,9444440,0,1000000000,steady,0,0,steady
rise5-late,2756,30622221916,30622221916,1000000000,1,850000000,590277,4722216,590278,4722224,9444440,0,1000000000,steady,0,0,steady
rise5-late,2757,30633333027,30633333027,1000000000,1,850000000,590277,4722216,590278,4722224,9444440,0,1000000000,steady,0,0,steady
rise5-late,2758,30644444138,30644444138,1000000000,1,850000000,590277,4722216,590278,4722224,9444440,0,1000000000,steady,0,0,steady
rise5-late,2759,30655555249,30655555249,1000000000,1,850000000,590277,4722216,590278,4722224,9444440,0,1000000000,steady,0,0,steady
rise5-late,2760,30666666360,30666666360,1000000000,1,850000000,590277,4722216,590278,4722224,9444440,0,1000000000,steady,0,0,steady
rise5-late,2761,30677777471,30677777471,1000000000,1,850000000,590277,4722216,590278,4722224,9444440,0,1000000000,steady,0,0,steady
rise5-late,2762,30688888582,30688888582,1000000000,1,850000000,590277,4722216,590278,4722224,9444440,0,1000000000,steady,0,0,steady
rise5-late,2763,30699999693,30699999693,1000000000,1,850000000,590277,4722216,590278,4722224,9444440,0,1000000000,steady,0,0,steady
rise5-late,2764,30711110804,30711110804,1000000000,1,850000000,590277,4722216,590278,4722224,9444440,0,1000000000,steady,0,0,steady
rise5-late,2765,30722221915,30722221915,1000000000,1,850000000,590277,4722216,590278,4722224,9444440,0,1000000000,steady,0,0,steady
rise5-late,2766,30733333026,30733333026,1000000000,1,850000000,590277,4722216,590278,4722224,9444440,0,1000000000,steady,0,0,steady
rise5-late,2767,30744444137,30744444137,1000000000,1,850000000,590277,4722216,590278,4722224,9444440,0,1000000000,steady,0,0,steady
rise5-late,2768,30755555248,30755555248,1000000000,1,850000000,590277,4722216,590278,4722224,9444440,0,1000000000,steady,0,0,steady
rise5-late,2769,30766666359,30766666359,1000000000,1,850000000,590277,4722216,590278,4722224,9444440,0,1000000000,steady,0,0,steady
rise5-late,2770,30777777470,30777777470,1000000000,1,850000000,590277,4722216,590278,4722224,9444440,0,1000000000,steady,0,0,steady
rise5-late,2771,30788888581,30788888581,1000000000,1,850000000,590277,4722216,590278,4722224,9444440,0,1000000000,steady,0,0,steady
rise5-late,2772,30799999692,30799999692,1000000000,1,850000000,590277,4722216,590278,4722224,9444440,0,1000000000,steady,0,0,steady
rise5-late,2773,30811110803,30811110803,1000000000,1,850000000,590277,4722216,590278,4722224,9444440,0,1000000000,steady,0,0,steady
rise5-late,2774,30822221914,30822221914,1000000000,1,850000000,590277,4722216,590278,4722224,9444440,0,1000000000,steady,0,0,steady
rise5-late,2775,30833333025,30833333025,1000000000,1,850000000,590277,4722216,590278,4722224,9444440,0,1000000000,steady,0,0,steady
rise5-late,2776,30844444136,30844444136,1000000000,1,850000000,590277,4722216,590278,4722224,9444440,0,1000000000,steady,0,0,steady
rise5-late,2777,30855555247,30855555247,1000000000,1,850000000,590277,4722216,590278,4722224,9444440,0,1000000000,steady,0,0,steady
rise5-late,2778,30866666358,30866666358,1000000000,1,850000000,590277,4722216,590278,4722224,9444440,0,1000000000,steady,0,0,steady
rise5-late,2779,30877777469,30877777469,1000000000,1,850000000,590277,4722216,590278,4722224,9444440,0,1000000000,steady,0,0,steady
rise5-late,2780,30888888580,30888888580,1000000000,1,850000000,590277,4722216,590278,4722224,9444440,0,1000000000,steady,0,0,steady
rise5-late,2781,30899999691,30899999691,1000000000,1,850000000,590277,4722216,590278,4722224,9444440,0,1000000000,steady,0,0,steady
rise5-late,2782,30911110802,30911110802,1000000000,1,850000000,590277,4722216,590278,4722224,9444440,0,1000000000,steady,0,0,steady
rise5-late,2783,30922221913,30922221913,1000000000,1,850000000,590277,4722216,590278,4722224,9444440,0,1000000000,steady,0,0,steady
rise5-late,2784,30933333024,30933333024,1000000000,1,850000000,590277,4722216,590278,4722224,9444440,0,1000000000,steady,0,0,steady
rise5-late,2785,30944444135,30944444135,1000000000,1,850000000,590277,4722216,590278,4722224,9444440,0,1000000000,steady,0,0,steady
rise5-late,2786,30955555246,30955555246,1000000000,1,850000000,590277,4722216,590278,4722224,9444440,0,1000000000,steady,0,0,steady
rise5-late,2787,30966666357,30966666357,1000000000,1,850000000,590277,4722216,590278,4722224,9444440,0,1000000000,steady,0,0,steady
rise5-late,2788,30977777468,30977777468,1000000000,1,850000000,590277,4722216,590278,4722224,9444440,0,1000000000,steady,0,0,steady
rise5-late,2789,30988888579,30988888579,1000000000,1,850000000,590277,4722216,590278,4722224,9444440,0,1000000000,steady,0,0,steady
rise5-late,2790,30999999690,30999999690,1000000000,1,850000000,590277,4722216,590278,4722224,9444440,0,1000000000,steady,0,0,steady
rise5-late,2791,31011110801,31011110801,1000000000,1,850000000,590277,4722216,590278,4722224,9444440,0,1000000000,steady,0,0,steady
rise5-late,2792,31022221912,31022221912,1000000000,1,850000000,590277,4722216,590278,4722224,9444440,0,1000000000,steady,0,0,steady
rise5-late,2793,31033333023,31033333023,1000000000,1,850000000,590277,4722216,590278,4722224,9444440,0,1000000000,steady,0,0,steady
rise5-late,2794,31044444134,31044444134,1000000000,1,850000000,590277,4722216,590278,4722224,9444440,0,1000000000,steady,0,0,steady
rise5-late,2795,31055555245,31055555245,1000000000,1,850000000,590277,4722216,590278,4722224,9444440,0,1000000000,steady,0,0,steady
rise5-late,2796,31066666356,31066666356,1000000000,1,850000000,590277,4722216,590278,4722224,9444440,0,1000000000,steady,0,0,steady
rise5-late,2797,31077777467,31077777467,1000000000,1,850000000,590277,4722216,590278,4722224,9444440,0,1000000000,steady,0,0,steady
rise5-late,2798,31088888578,31088888578,1000000000,1,850000000,590277,4722216,590278,4722224,9444440,0,1000000000,steady,0,0,steady
rise5-late,2799,31099999689,31099999689,1000000000,1,850000000,590277,4722216,590278,4722224,9444440,0,1000000000,steady,0,0,steady
rise5-late,2800,31111110800,31111110800,1000000000,1,850000000,590277,4722216,590278,4722224,9444440,0,1000000000,steady,0,0,steady
rise5-late,2801,31122221911,31122221911,1000000000,1,850000000,590277,4722216,590278,4722224,9444440,0,1000000000,steady,0,0,steady
rise5-late,2802,31133333022,31133333022,1000000000,1,850000000,590277,4722216,590278,4722224,9444440,0,1000000000,steady,0,0,steady
rise5-late,2803,31144444133,31144444133,1000000000,1,850000000,590277,4722216,590278,4722224,9444440,0,1000000000,steady,0,0,steady
rise5-late,2804,31155555244,31155555244,1000000000,1,850000000,590277,4722216,590278,4722224,9444440,0,1000000000,steady,0,0,steady
rise5-late,2805,31166666355,31166666355,1000000000,1,850000000,590277,4722216,590278,4722224,9444440,0,1000000000,steady,0,0,steady
rise5-late,2806,31177777466,31177777466,1000000000,1,850000000,590277,4722216,590278,4722224,9444440,0,1000000000,steady,0,0,steady
rise5-late,2807,31188888577,31188888577,1000000000,1,850000000,590277,4722216,590278,4722224,9444440,0,1000000000,steady,0,0,steady
rise5-late,2808,31199999688,31199999688,1000000000,1,850000000,590277,4722216,590278,4722224,9444440,0,1000000000,steady,0,0,steady
rise5-late,2809,31211110799,31211110799,1000000000,1,850000000,590277,4722216,590278,4722224,9444440,0,1000000000,steady,0,0,steady
rise5-late,2810,31222221910,31222221910,1000000000,1,850000000,590277,4722216,590278,4722224,9444440,0,1000000000,steady,0,0,steady
rise5-late,2811,31233333021,31233333021,1000000000,1,850000000,590277,4722216,590278,4722224,9444440,0,1000000000,steady,0,0,steady
rise5-late,2812,31244444132,31244444132,1000000000,1,850000000,590277,4722216,590278,4722224,9444440,0,1000000000,steady,0,0,steady
rise5-late,2813,31255555243,31255555243,1000000000,1,850000000,590277,4722216,590278,4722224,9444440,0,1000000000,steady,0,0,steady
rise5-late,2814,31266666354,31266666354,1000000000,1,850000000,590277,4722216,590278,4722224,9444440,0,1000000000,steady,0,0,steady
rise5-late,2815,31277777465,31277777465,1000000000,1,850000000,590277,4722216,590278,4722224,9444440,0,1000000000,steady,0,0,steady
rise5-late,2816,31288888576,31288888576,1000000000,1,850000000,590277,4722216,590278,4722224,9444440,0,1000000000,steady,0,0,steady
rise5-late,2817,31299999687,31299999687,1000000000,1,850000000,590277,4722216,590278,4722224,9444440,0,1000000000,steady,0,0,steady
rise5-late,2818,31311110798,31311110798,1000000000,1,850000000,590277,4722216,590278,4722224,9444440,0,1000000000,steady,0,0,steady
rise5-late,2819,31322221909,31322221909,1000000000,1,850000000,590277,4722216,590278,4722224,9444440,0,1000000000,steady,0,0,steady
rise5-late,2820,31333333020,31333333020,1000000000,1,850000000,590277,4722216,590278,4722224,9444440,0,1000000000,steady,0,0,steady
rise5-late,2821,31344444131,31344444131,1000000000,1,850000000,590277,4722216,590278,4722224,9444440,0,1000000000,steady,0,0,steady
rise5-late,2822,31355555242,31355555242,1000000000,1,850000000,590277,4722216,590278,4722224,9444440,0,1000000000,steady,0,0,steady
rise5-late,2823,31366666353,31366666353,1000000000,1,850000000,590277,4722216,590278,4722224,9444440,0,1000000000,steady,0,0,steady
rise5-late,2824,31377777464,31377777464,1000000000,1,850000000,590277,4722216,590278,4722224,9444440,0,1000000000,steady,0,0,steady
rise5-late,2825,31388888575,31388888575,1000000000,1,850000000,590277,4722216,590278,4722224,9444440,0,1000000000,steady,0,0,steady
rise5-late,2826,31399999686,31399999686,1000000000,1,850000000,590277,4722216,590278,4722224,9444440,0,1000000000,steady,0,0,steady
rise5-late,2827,31411110797,31411110797,1000000000,1,850000000,590277,4722216,590278,4722224,9444440,0,1000000000,steady,0,0,steady
rise5-late,2828,31422221908,31422221908,1000000000,1,850000000,590277,4722216,590278,4722224,9444440,0,1000000000,steady,0,0,steady
rise5-late,2829,31433333019,31433333019,1000000000,1,850000000,590277,4722216,590278,4722224,9444440,0,1000000000,steady,0,0,steady
rise5-late,2830,31444444130,31444444130,1000000000,1,850000000,590277,4722216,590278,4722224,9444440,0,1000000000,steady,0,0,steady
rise5-late,2831,31455555241,31455555241,1000000000,1,850000000,590277,4722216,590278,4722224,9444440,0,1000000000,steady,0,0,steady
rise5-late,2832,31466666352,31466666352,1000000000,1,850000000,590277,4722216,590278,4722224,9444440,0,1000000000,steady,0,0,steady
rise5-late,2833,31477777463,31477777463,1000000000,1,850000000,590277,4722216,590278,4722224,9444440,0,1000000000,steady,0,0,steady
rise5-late,2834,31488888574,31488888574,1000000000,1,850000000,590277,4722216,590278,4722224,9444440,0,1000000000,steady,0,0,steady
rise5-late,2835,31499999685,31499999685,1000000000,1,850000000,590277,4722216,590278,4722224,9444440,0,1000000000,steady,0,0,steady
rise5-late,2836,31511110796,31511110796,1000000000,1,850000000,590277,4722216,590278,4722224,9444440,0,1000000000,steady,0,0,steady
rise5-late,2837,31522221907,31522221907,1000000000,1,850000000,590277,4722216,590278,4722224,9444440,0,1000000000,steady,0,0,steady
rise5-late,2838,31533333018,31533333018,1000000000,1,850000000,590277,4722216,590278,4722224,9444440,0,1000000000,steady,0,0,steady
rise5-late,2839,31544444129,31544444129,1000000000,1,850000000,590277,4722216,590278,4722224,9444440,0,1000000000,steady,0,0,steady
rise5-late,2840,31555555240,31555555240,1000000000,1,850000000,590277,4722216,590278,4722224,9444440,0,1000000000,steady,0,0,steady
rise5-late,2841,31566666351,31566666351,1000000000,1,850000000,590277,4722216,590278,4722224,9444440,0,1000000000,steady,0,0,steady
rise5-late,2842,31577777462,31577777462,1000000000,1,850000000,590277,4722216,590278,4722224,9444440,0,1000000000,steady,0,0,steady
rise5-late,2843,31588888573,31588888573,1000000000,1,850000000,590277,4722216,590278,4722224,9444440,0,1000000000,steady,0,0,steady
rise5-late,2844,31599999684,31599999684,1000000000,1,850000000,590277,4722216,590278,4722224,9444440,0,1000000000,steady,0,0,steady
rise5-late,2845,31611110795,31611110795,1000000000,1,850000000,590277,4722216,590278,4722224,9444440,0,1000000000,steady,0,0,steady
rise5-late,2846,31622221906,31622221906,1000000000,1,850000000,590277,4722216,590278,4722224,9444440,0,1000000000,steady,0,0,steady
rise5-late,2847,31633333017,31633333017,1000000000,1,850000000,590277,4722216,590278,4722224,9444440,0,1000000000,steady,0,0,steady
rise5-late,2848,31644444128,31644444128,1000000000,1,850000000,590277,4722216,590278,4722224,9444440,0,1000000000,steady,0,0,steady
rise5-late,2849,31655555239,31655555239,1000000000,1,850000000,590277,4722216,590278,4722224,9444440,0,1000000000,steady,0,0,steady
rise5-late,2850,31666666350,31666666350,1000000000,1,850000000,590277,4722216,590278,4722224,9444440,0,1000000000,steady,0,0,steady
rise5-late,2851,31677777461,31677777461,1000000000,1,850000000,590277,4722216,590278,4722224,9444440,0,1000000000,steady,0,0,steady
rise5-late,2852,31688888572,31688888572,1000000000,1,850000000,590277,4722216,590278,4722224,9444440,0,1000000000,steady,0,0,steady
rise5-late,2853,31699999683,31699999683,1000000000,1,850000000,590277,4722216,590278,4722224,9444440,0,1000000000,steady,0,0,steady
rise5-late,2854,31711110794,31711110794,1000000000,1,850000000,590277,4722216,590278,4722224,9444440,0,1000000000,steady,0,0,steady
rise5-late,2855,31722221905,31722221905,1000000000,1,850000000,590277,4722216,590278,4722224,9444440,0,1000000000,steady,0,0,steady
rise5-late,2856,31733333016,31733333016,1000000000,1,850000000,590277,4722216,590278,4722224,9444440,0,1000000000,steady,0,0,steady
rise5-late,2857,31744444127,31744444127,1000000000,1,850000000,590277,4722216,590278,4722224,9444440,0,1000000000,steady,0,0,steady
rise5-late,2858,31755555238,31755555238,1000000000,1,850000000,590277,4722216,590278,4722224,9444440,0,1000000000,steady,0,0,steady
rise5-late,2859,31766666349,31766666349,1000000000,1,850000000,590277,4722216,590278,4722224,9444440,0,1000000000,steady,0,0,steady
rise5-late,2860,31777777460,31777777460,1000000000,1,850000000,590277,4722216,590278,4722224,9444440,0,1000000000,steady,0,0,steady
rise5-late,2861,31788888571,31788888571,1000000000,1,850000000,590277,4722216,590278,4722224,9444440,0,1000000000,steady,0,0,steady
rise5-late,2862,31799999682,31799999682,1000000000,1,850000000,590277,4722216,590278,4722224,9444440,0,1000000000,steady,0,0,steady
rise5-late,2863,31811110793,31811110793,1000000000,1,850000000,590277,4722216,590278,4722224,9444440,0,1000000000,steady,0,0,steady
rise5-late,2864,31822221904,31822221904,1000000000,1,850000000,590277,4722216,590278,4722224,9444440,0,1000000000,steady,0,0,steady
rise5-late,2865,31833333015,31833333015,1000000000,1,850000000,590277,4722216,590278,4722224,9444440,0,1000000000,steady,0,0,steady
rise5-late,2866,31844444126,31844444126,1000000000,1,850000000,590277,4722216,590278,4722224,9444440,0,1000000000,steady,0,0,steady
rise5-late,2867,31855555237,31855555237,1000000000,1,850000000,590277,4722216,590278,4722224,9444440,0,1000000000,steady,0,0,steady
rise5-late,2868,31866666348,31866666348,1000000000,1,850000000,590277,4722216,590278,4722224,9444440,0,1000000000,steady,0,0,steady
rise5-late,2869,31877777459,31877777459,1000000000,1,850000000,590277,4722216,590278,4722224,9444440,0,1000000000,steady,0,0,steady
rise5-late,2870,31888888570,31888888570,1000000000,1,850000000,590277,4722216,590278,4722224,9444440,0,1000000000,steady,0,0,steady
rise5-late,2871,31899999681,31899999681,1000000000,1,850000000,590277,4722216,590278,4722224,9444440,0,1000000000,steady,0,0,steady
rise5-late,2872,31911110792,31911110792,1000000000,1,850000000,590277,4722216,590278,4722224,9444440,0,1000000000,steady,0,0,steady
rise5-late,2873,31922221903,31922221903,1000000000,1,850000000,590277,4722216,590278,4722224,9444440,0,1000000000,steady,0,0,steady
rise5-late,2874,31933333014,31933333014,1000000000,1,850000000,590277,4722216,590278,4722224,9444440,0,1000000000,steady,0,0,steady
rise5-late,2875,31944444125,31944444125,1000000000,1,850000000,590277,4722216,590278,4722224,9444440,0,1000000000,steady,0,0,steady
rise5-late,2876,31955555236,31955555236,1000000000,1,850000000,590277,4722216,590278,4722224,9444440,0,1000000000,steady,0,0,steady
rise5-late,2877,31966666347,31966666347,1000000000,1,850000000,590277,4722216,590278,4722224,9444440,0,1000000000,steady,0,0,steady
rise5-late,2878,31977777458,31977777458,1000000000,1,850000000,590277,4722216,590278,4722224,9444440,0,1000000000,steady,0,0,steady
rise5-late,2879,31988888569,31988888569,1000000000,1,850000000,590277,4722216,590278,4722224,9444440,0,1000000000,steady,0,0,steady
rise5-late,2880,31999999680,31999999680,1000000000,1,850000000,590277,4722216,590278,4722224,9444440,0,1000000000,steady,0,0,steady
rise5-late,2881,32011110791,32011110791,1000000000,1,850000000,590277,4722216,590278,4722224,9444440,0,1000000000,steady,0,0,steady
rise5-late,2882,32022221902,32022221902,1000000000,1,850000000,590277,4722216,590278,4722224,9444440,0,1000000000,steady,0,0,steady
rise5-late,2883,32033333013,32033333013,1000000000,1,850000000,590277,4722216,590278,4722224,9444440,0,1000000000,steady,0,0,steady
rise5-late,2884,32044444124,32044444124,1000000000,1,850000000,590277,4722216,590278,4722224,9444440,0,1000000000,steady,0,0,steady
rise5-late,2885,32055555235,32055555235,1000000000,1,850000000,590277,4722216,590278,4722224,9444440,0,1000000000,steady,0,0,steady
rise5-late,2886,32066666346,32066666346,1000000000,1,850000000,590277,4722216,590278,4722224,9444440,0,1000000000,steady,0,0,steady
rise5-late,2887,32077777457,32077777457,1000000000,1,850000000,590277,4722216,590278,4722224,9444440,0,1000000000,steady,0,0,steady
rise5-late,2888,32088888568,32088888568,1000000000,1,850000000,590277,4722216,590278,4722224,9444440,0,1000000000,steady,0,0,steady
rise5-late,2889,32099999679,32099999679,1000000000,1,850000000,590277,4722216,590278,4722224,9444440,0,1000000000,steady,0,0,steady
rise5-late,2890,32111110790,32111110790,1000000000,1,850000000,590277,4722216,590278,4722224,9444440,0,1000000000,steady,0,0,steady
rise5-late,2891,32122221901,32122221901,1000000000,1,850000000,590277,4722216,590278,4722224,9444440,0,1000000000,steady,0,0,steady
rise5-late,2892,32133333012,32133333012,1000000000,1,850000000,590277,4722216,590278,4722224,9444440,0,1000000000,steady,0,0,steady
rise5-late,2893,32144444123,32144444123,1000000000,1,850000000,590277,4722216,590278,4722224,9444440,0,1000000000,steady,0,0,steady
rise5-late,2894,32155555234,32155555234,1000000000,1,850000000,590277,4722216,590278,4722224,9444440,0,1000000000,steady,0,0,steady
rise5-late,2895,32166666345,32166666345,1000000000,1,850000000,590277,4722216,590278,4722224,9444440,0,1000000000,steady,0,0,steady
rise5-late,2896,32177777456,32177777456,1000000000,1,850000000,590277,4722216,590278,4722224,9444440,0,1000000000,steady,0,0,steady
rise5-late,2897,32188888567,32188888567,1000000000,1,850000000,590277,4722216,590278,4722224,9444440,0,1000000000,steady,0,0,steady
rise5-late,2898,32199999678,32199999678,1000000000,1,850000000,590277,4722216,590278,4722224,9444440,0,1000000000,steady,0,0,steady
rise5-late,2899,32211110789,32211110789,1000000000,1,850000000,590277,4722216,590278,4722224,9444440,0,1000000000,steady,0,0,steady
rise5-late,2900,32222221900,32222221900,1000000000,1,850000000,590277,4722216,590278,4722224,9444440,0,1000000000,steady,0,0,steady
rise5-late,2901,32233333011,32233333011,1000000000,1,850000000,590277,4722216,590278,4722224,9444440,0,1000000000,steady,0,0,steady
rise5-late,2902,32244444122,32244444122,1000000000,1,850000000,590277,4722216,590278,4722224,9444440,0,1000000000,steady,0,0,steady
rise5-late,2903,32255555233,32255555233,1000000000,1,850000000,590277,4722216,590278,4722224,9444440,0,1000000000,steady,0,0,steady
rise5-late,2904,32266666344,32266666344,1000000000,1,850000000,590277,4722216,590278,4722224,9444440,0,1000000000,steady,0,0,steady
rise5-late,2905,32277777455,32277777455,1000000000,1,850000000,590277,4722216,590278,4722224,9444440,0,1000000000,steady,0,0,steady
rise5-late,2906,32288888566,32288888566,1000000000,1,850000000,590277,4722216,590278,4722224,9444440,0,1000000000,steady,0,0,steady
rise5-late,2907,32299999677,32299999677,1000000000,1,850000000,590277,4722216,590278,4722224,9444440,0,1000000000,steady,0,0,steady
rise5-late,2908,32311110788,32311110788,1000000000,1,850000000,590277,4722216,590278,4722224,9444440,0,1000000000,steady,0,0,steady
rise5-late,2909,32322221899,32322221899,1000000000,1,850000000,590277,4722216,590278,4722224,9444440,0,1000000000,steady,0,0,steady
rise5-late,2910,32333333010,32333333010,1000000000,1,850000000,590277,4722216,590278,4722224,9444440,0,1000000000,steady,0,0,steady
rise5-late,2911,32344444121,32344444121,1000000000,1,850000000,590277,4722216,590278,4722224,9444440,0,1000000000,steady,0,0,steady
rise5-late,2912,32355555232,32355555232,1000000000,1,850000000,590277,4722216,590278,4722224,9444440,0,1000000000,steady,0,0,steady
rise5-late,2913,32366666343,32366666343,1000000000,1,850000000,590277,4722216,590278,4722224,9444440,0,1000000000,steady,0,0,steady
rise5-late,2914,32377777454,32377777454,1000000000,1,850000000,590277,4722216,590278,4722224,9444440,0,1000000000,steady,0,0,steady
rise5-late,2915,32388888565,32388888565,1000000000,1,850000000,590277,4722216,590278,4722224,9444440,0,1000000000,steady,0,0,steady
rise5-late,2916,32399999676,32399999676,1000000000,1,850000000,590277,4722216,590278,4722224,9444440,0,1000000000,steady,0,0,steady
rise5-late,2917,32411110787,32411110787,1000000000,1,850000000,590277,4722216,590278,4722224,9444440,0,1000000000,steady,0,0,steady
rise5-late,2918,32422221898,32422221898,1000000000,1,850000000,590277,4722216,590278,4722224,9444440,0,1000000000,steady,0,0,steady
rise5-late,2919,32433333009,32433333009,1000000000,1,850000000,590277,4722216,590278,4722224,9444440,0,1000000000,steady,0,0,steady
rise5-late,2920,32444444120,32444444120,1000000000,1,850000000,590277,4722216,590278,4722224,9444440,0,1000000000,steady,0,0,steady
rise5-late,2921,32455555231,32455555231,1000000000,1,850000000,590277,4722216,590278,4722224,9444440,0,1000000000,steady,0,0,steady
rise5-late,2922,32466666342,32466666342,1000000000,1,850000000,590277,4722216,590278,4722224,9444440,0,1000000000,steady,0,0,steady
rise5-late,2923,32477777453,32477777453,1000000000,1,850000000,590277,4722216,590278,4722224,9444440,0,1000000000,steady,0,0,steady
rise5-late,2924,32488888564,32488888564,1000000000,1,850000000,590277,4722216,590278,4722224,9444440,0,1000000000,steady,0,0,steady
rise5-late,2925,32499999675,32499999675,1000000000,1,850000000,590277,4722216,590278,4722224,9444440,0,1000000000,steady,0,0,steady
rise5-late,2926,32511110786,32511110786,1000000000,1,850000000,590277,4722216,590278,4722224,9444440,0,1000000000,steady,0,0,steady
rise5-late,2927,32522221897,32522221897,1000000000,1,850000000,590277,4722216,590278,4722224,9444440,0,1000000000,steady,0,0,steady
rise5-late,2928,32533333008,32533333008,1000000000,1,850000000,590277,4722216,590278,4722224,9444440,0,1000000000,steady,0,0,steady
rise5-late,2929,32544444119,32544444119,1000000000,1,850000000,590277,4722216,590278,4722224,9444440,0,1000000000,steady,0,0,steady
rise5-late,2930,32555555230,32555555230,1000000000,1,850000000,590277,4722216,590278,4722224,9444440,0,1000000000,steady,0,0,steady
rise5-late,2931,32566666341,32566666341,1000000000,1,850000000,590277,4722216,590278,4722224,9444440,0,1000000000,steady,0,0,steady
rise5-late,2932,32577777452,32577777452,1000000000,1,850000000,590277,4722216,590278,4722224,9444440,0,1000000000,steady,0,0,steady
rise5-late,2933,32588888563,32588888563,1000000000,1,850000000,590277,4722216,590278,4722224,9444440,0,1000000000,steady,0,0,steady
rise5-late,2934,32599999674,32599999674,1000000000,1,850000000,590277,4722216,590278,4722224,9444440,0,1000000000,steady,0,0,steady
rise5-late,2935,32611110785,32611110785,1000000000,1,850000000,590277,4722216,590278,4722224,9444440,0,1000000000,steady,0,0,steady
rise5-late,2936,32622221896,32622221896,1000000000,1,850000000,590277,4722216,590278,4722224,9444440,0,1000000000,steady,0,0,steady
rise5-late,2937,32633333007,32633333007,1000000000,1,850000000,590277,4722216,590278,4722224,9444440,0,1000000000,steady,0,0,steady
rise5-late,2938,32644444118,32644444118,1000000000,1,850000000,590277,4722216,590278,4722224,9444440,0,1000000000,steady,0,0,steady
rise5-late,2939,32655555229,32655555229,1000000000,1,850000000,590277,4722216,590278,4722224,9444440,0,1000000000,steady,0,0,steady
rise5-late,2940,32666666340,32666666340,1000000000,1,850000000,590277,4722216,590278,4722224,9444440,0,1000000000,steady,0,0,steady
rise5-late,2941,32677777451,32677777451,1000000000,1,850000000,590277,4722216,590278,4722224,9444440,0,1000000000,steady,0,0,steady
rise5-late,2942,32688888562,32688888562,1000000000,1,850000000,590277,4722216,590278,4722224,9444440,0,1000000000,steady,0,0,steady
rise5-late,2943,32699999673,32699999673,1000000000,1,850000000,590277,4722216,590278,4722224,9444440,0,1000000000,steady,0,0,steady
rise5-late,2944,32711110784,32711110784,1000000000,1,850000000,590277,4722216,590278,4722224,9444440,0,1000000000,steady,0,0,steady
rise5-late,2945,32722221895,32722221895,1000000000,1,850000000,590277,4722216,590278,4722224,9444440,0,1000000000,steady,0,0,steady
rise5-late,2946,32733333006,32733333006,1000000000,1,850000000,590277,4722216,590278,4722224,9444440,0,1000000000,steady,0,0,steady
rise5-late,2947,32744444117,32744444117,1000000000,1,850000000,590277,4722216,590278,4722224,9444440,0,1000000000,steady,0,0,steady
rise5-late,2948,32755555228,32755555228,1000000000,1,850000000,590277,4722216,590278,4722224,9444440,0,1000000000,steady,0,0,steady
rise5-late,2949,32766666339,32766666339,1000000000,1,850000000,590277,4722216,590278,4722224,9444440,0,1000000000,steady,0,0,steady
rise5-late,2950,32777777450,32777777450,1000000000,1,850000000,590277,4722216,590278,4722224,9444440,0,1000000000,steady,0,0,steady
rise5-late,2951,32788888561,32788888561,1000000000,1,850000000,590277,4722216,590278,4722224,9444440,0,1000000000,steady,0,0,steady
rise5-late,2952,32799999672,32799999672,1000000000,1,850000000,590277,4722216,590278,4722224,9444440,0,1000000000,steady,0,0,steady
rise5-late,2953,32811110783,32811110783,1000000000,1,850000000,590277,4722216,590278,4722224,9444440,0,1000000000,steady,0,0,steady
rise5-late,2954,32822221894,32822221894,1000000000,1,850000000,590277,4722216,590278,4722224,9444440,0,1000000000,steady,0,0,steady
rise5-late,2955,32833333005,32833333005,1000000000,1,850000000,590277,4722216,590278,4722224,9444440,0,1000000000,steady,0,0,steady
rise5-late,2956,32844444116,32844444116,1000000000,1,850000000,590277,4722216,590278,4722224,9444440,0,1000000000,steady,0,0,steady
rise5-late,2957,32855555227,32855555227,1000000000,1,850000000,590277,4722216,590278,4722224,9444440,0,1000000000,steady,0,0,steady
rise5-late,2958,32866666338,32866666338,1000000000,1,850000000,590277,4722216,590278,4722224,9444440,0,1000000000,steady,0,0,steady
rise5-late,2959,32877777449,32877777449,1000000000,1,850000000,590277,4722216,590278,4722224,9444440,0,1000000000,steady,0,0,steady
rise5-late,2960,32888888560,32888888560,1000000000,1,850000000,590277,4722216,590278,4722224,9444440,0,1000000000,steady,0,0,steady
rise5-late,2961,32899999671,32899999671,1000000000,1,850000000,590277,4722216,590278,4722224,9444440,0,1000000000,steady,0,0,steady
rise5-late,2962,32911110782,32911110782,1000000000,1,850000000,590277,4722216,590278,4722224,9444440,0,1000000000,steady,0,0,steady
rise5-late,2963,32922221893,32922221893,1000000000,1,850000000,590277,4722216,590278,4722224,9444440,0,1000000000,steady,0,0,steady
rise5-late,2964,32933333004,32933333004,1000000000,1,850000000,590277,4722216,590278,4722224,9444440,0,1000000000,steady,0,0,steady
rise5-late,2965,32944444115,32944444115,1000000000,1,850000000,590277,4722216,590278,4722224,9444440,0,1000000000,steady,0,0,steady
rise5-late,2966,32955555226,32955555226,1000000000,1,850000000,590277,4722216,590278,4722224,9444440,0,1000000000,steady,0,0,steady
rise5-late,2967,32966666337,32966666337,1000000000,1,850000000,590277,4722216,590278,4722224,9444440,0,1000000000,steady,0,0,steady
rise5-late,2968,32977777448,32977777448,1000000000,1,850000000,590277,4722216,590278,4722224,9444440,0,1000000000,steady,0,0,steady
rise5-late,2969,32988888559,32988888559,1000000000,1,850000000,590277,4722216,590278,4722224,9444440,0,1000000000,steady,0,0,steady
rise5-late,2970,32999999670,32999999670,1000000000,1,850000000,590277,4722216,590278,4722224,9444440,0,1000000000,steady,0,0,steady
rise5-late,2971,33011110781,33011110781,1000000000,1,850000000,590277,4722216,590278,4722224,9444440,0,1000000000,steady,0,0,steady
rise5-late,2972,33022221892,33022221892,1000000000,1,850000000,590277,4722216,590278,4722224,9444440,0,1000000000,steady,0,0,steady
rise5-late,2973,33033333003,33033333003,1000000000,1,850000000,590277,4722216,590278,4722224,9444440,0,1000000000,steady,0,0,steady
rise5-late,2974,33044444114,33044444114,1000000000,1,850000000,590277,4722216,590278,4722224,9444440,0,1000000000,steady,0,0,steady
rise5-late,2975,33055555225,33055555225,1000000000,1,850000000,590277,4722216,590278,4722224,9444440,0,1000000000,steady,0,0,steady
rise5-late,2976,33066666336,33066666336,1000000000,1,850000000,590277,4722216,590278,4722224,9444440,0,1000000000,steady,0,0,steady
rise5-late,2977,33077777447,33077777447,1000000000,1,850000000,590277,4722216,590278,4722224,9444440,0,1000000000,steady,0,0,steady
rise5-late,2978,33088888558,33088888558,1000000000,1,850000000,590277,4722216,590278,4722224,9444440,0,1000000000,steady,0,0,steady
rise5-late,2979,33099999669,33099999669,1000000000,1,850000000,590277,4722216,590278,4722224,9444440,0,1000000000,steady,0,0,steady
rise5-late,2980,33111110780,33111110780,1000000000,1,850000000,590277,4722216,590278,4722224,9444440,0,1000000000,steady,0,0,steady
rise5-late,2981,33122221891,33122221891,1000000000,1,850000000,590277,4722216,590278,4722224,9444440,0,1000000000,steady,0,0,steady
rise5-late,2982,33133333002,33133333002,1000000000,1,850000000,590277,4722216,590278,4722224,9444440,0,1000000000,steady,0,0,steady
rise5-late,2983,33144444113,33144444113,1000000000,1,850000000,590277,4722216,590278,4722224,9444440,0,1000000000,steady,0,0,steady
rise5-late,2984,33155555224,33155555224,1000000000,1,850000000,590277,4722216,590278,4722224,9444440,0,1000000000,steady,0,0,steady
rise5-late,2985,33166666335,33166666335,1000000000,1,850000000,590277,4722216,590278,4722224,9444440,0,1000000000,steady,0,0,steady
rise5-late,2986,33177777446,33177777446,1000000000,1,850000000,590277,4722216,590278,4722224,9444440,0,1000000000,steady,0,0,steady
rise5-late,2987,33188888557,33188888557,1000000000,1,850000000,590277,4722216,590278,4722224,9444440,0,1000000000,steady,0,0,steady
rise5-late,2988,33199999668,33199999668,1000000000,1,850000000,590277,4722216,590278,4722224,9444440,0,1000000000,steady,0,0,steady
rise5-late,2989,33211110779,33211110779,1000000000,1,850000000,590277,4722216,590278,4722224,9444440,0,1000000000,steady,0,0,steady
rise5-late,2990,33222221890,33222221890,1000000000,1,850000000,590277,4722216,590278,4722224,9444440,0,1000000000,steady,0,0,steady
rise5-late,2991,33233333001,33233333001,1000000000,1,850000000,590277,4722216,590278,4722224,9444440,0,1000000000,steady,0,0,steady
rise5-late,2992,33244444112,33244444112,1000000000,1,850000000,590277,4722216,590278,4722224,9444440,0,1000000000,steady,0,0,steady
rise5-late,2993,33255555223,33255555223,1000000000,1,850000000,590277,4722216,590278,4722224,9444440,0,1000000000,steady,0,0,steady
rise5-late,2994,33266666334,33266666334,1000000000,1,850000000,590277,4722216,590278,4722224,9444440,0,1000000000,steady,0,0,steady
rise5-late,2995,33277777445,33277777445,1000000000,1,850000000,590277,4722216,590278,4722224,9444440,0,1000000000,steady,0,0,steady
rise5-late,2996,33288888556,33288888556,1000000000,1,850000000,590277,4722216,590278,4722224,9444440,0,1000000000,steady,0,0,steady
rise5-late,2997,33299999667,33299999667,1000000000,1,850000000,590277,4722216,590278,4722224,9444440,0,1000000000,steady,0,0,steady
rise5-late,2998,33311110778,33311110778,1000000000,1,850000000,590277,4722216,590278,4722224,9444440,0,1000000000,steady,0,0,steady
rise5-late,2999,33322221889,33322221889,1000000000,1,850000000,590277,4722216,590278,4722224,9444440,0,1000000000,steady,0,0,steady
rise5-late,3000,33333333000,33333333000,1000000000,1,850000000,590277,4722216,590278,4722224,9444440,0,1000000000,steady,0,0,steady
rise5-late,3001,33344444111,33344444111,1000000000,1,850000000,590277,4722216,590278,4722224,9444440,0,1000000000,steady,0,0,steady
rise5-late,3002,33355555222,33355555222,1000000000,1,850000000,590277,4722216,590278,4722224,9444440,0,1000000000,steady,0,0,steady
rise5-late,3003,33366666333,33366666333,1000000000,1,850000000,590277,4722216,590278,4722224,9444440,0,1000000000,steady,0,0,steady
rise5-late,3004,33377777444,33377777444,1000000000,1,850000000,590277,4722216,590278,4722224,9444440,0,1000000000,steady,0,0,steady
rise5-late,3005,33388888555,33388888555,1000000000,1,850000000,590277,4722216,590278,4722224,9444440,0,1000000000,steady,0,0,steady
rise5-late,3006,33399999666,33399999666,1000000000,1,850000000,590277,4722216,590278,4722224,9444440,0,1000000000,steady,0,0,steady
rise5-late,3007,33411110777,33411110777,1000000000,1,850000000,590277,4722216,590278,4722224,9444440,0,1000000000,steady,0,0,steady
rise5-late,3008,33422221888,33422221888,1000000000,1,850000000,590277,4722216,590278,4722224,9444440,0,1000000000,steady,0,0,steady
rise5-late,3009,33433332999,33433332999,1000000000,1,850000000,590277,4722216,590278,4722224,9444440,0,1000000000,steady,0,0,steady
rise5-late,3010,33444444110,33444444110,1000000000,1,850000000,590277,4722216,590278,4722224,9444440,0,1000000000,steady,0,0,steady
rise5-late,3011,33455555221,33455555221,1000000000,1,850000000,590277,4722216,590278,4722224,9444440,0,1000000000,steady,0,0,steady
rise5-late,3012,33466666332,33466666332,1000000000,1,850000000,590277,4722216,590278,4722224,9444440,0,1000000000,steady,0,0,steady
rise5-late,3013,33477777443,33477777443,1000000000,1,850000000,590277,4722216,590278,4722224,9444440,0,1000000000,steady,0,0,steady
rise5-late,3014,33488888554,33488888554,1000000000,1,850000000,590277,4722216,590278,4722224,9444440,0,1000000000,steady,0,0,steady
rise5-late,3015,33499999665,33499999665,1000000000,1,850000000,590277,4722216,590278,4722224,9444440,0,1000000000,steady,0,0,steady
rise5-late,3016,33511110776,33511110776,1000000000,1,850000000,590277,4722216,590278,4722224,9444440,0,1000000000,steady,0,0,steady
rise5-late,3017,33522221887,33522221887,1000000000,1,850000000,590277,4722216,590278,4722224,9444440,0,1000000000,steady,0,0,steady
rise5-late,3018,33533332998,33533332998,1000000000,1,850000000,590277,4722216,590278,4722224,9444440,0,1000000000,steady,0,0,steady
rise5-late,3019,33544444109,33544444109,1000000000,1,850000000,590277,4722216,590278,4722224,9444440,0,1000000000,steady,0,0,steady
rise5-late,3020,33555555220,33555555220,1000000000,1,850000000,590277,4722216,590278,4722224,9444440,0,1000000000,steady,0,0,steady
rise5-late,3021,33566666331,33566666331,1000000000,1,850000000,590277,4722216,590278,4722224,9444440,0,1000000000,steady,0,0,steady
rise5-late,3022,33577777442,33577777442,1000000000,1,850000000,590277,4722216,590278,4722224,9444440,0,1000000000,steady,0,0,steady
rise5-late,3023,33588888553,33588888553,1000000000,1,850000000,590277,4722216,590278,4722224,9444440,0,1000000000,steady,0,0,steady
rise5-late,3024,33599999664,33599999664,1000000000,1,850000000,590277,4722216,590278,4722224,9444440,0,1000000000,steady,0,0,steady
rise5-late,3025,33611110775,33611110775,1000000000,1,850000000,590277,4722216,590278,4722224,9444440,0,1000000000,steady,0,0,steady
rise5-late,3026,33622221886,33622221886,1000000000,1,850000000,590277,4722216,590278,4722224,9444440,0,1000000000,steady,0,0,steady
rise5-late,3027,33633332997,33633332997,1000000000,1,850000000,590277,4722216,590278,4722224,9444440,0,1000000000,steady,0,0,steady
rise5-late,3028,33644444108,33644444108,1000000000,1,850000000,590277,4722216,590278,4722224,9444440,0,1000000000,steady,0,0,steady
rise5-late,3029,33655555219,33655555219,1000000000,1,850000000,590277,4722216,590278,4722224,9444440,0,1000000000,steady,0,0,steady
rise5-late,3030,33666666330,33666666330,1000000000,1,850000000,590277,4722216,590278,4722224,9444440,0,1000000000,steady,0,0,steady
rise5-late,3031,33677777441,33677777441,1000000000,1,850000000,590277,4722216,590278,4722224,9444440,0,1000000000,steady,0,0,steady
rise5-late,3032,33688888552,33688888552,1000000000,1,850000000,590277,4722216,590278,4722224,9444440,0,1000000000,steady,0,0,steady
rise5-late,3033,33699999663,33699999663,1000000000,1,850000000,590277,4722216,590278,4722224,9444440,0,1000000000,steady,0,0,steady
rise5-late,3034,33711110774,33711110774,1000000000,1,850000000,590277,4722216,590278,4722224,9444440,0,1000000000,steady,0,0,steady
rise5-late,3035,33722221885,33722221885,1000000000,1,850000000,590277,4722216,590278,4722224,9444440,0,1000000000,steady,0,0,steady
rise5-late,3036,33733332996,33733332996,1000000000,1,850000000,590277,4722216,590278,4722224,9444440,0,1000000000,steady,0,0,steady
rise5-late,3037,33744444107,33744444107,1000000000,1,850000000,590277,4722216,590278,4722224,9444440,0,1000000000,steady,0,0,steady
rise5-late,3038,33755555218,33755555218,1000000000,1,850000000,590277,4722216,590278,4722224,9444440,0,1000000000,steady,0,0,steady
rise5-late,3039,33766666329,33766666329,1000000000,1,850000000,590277,4722216,590278,4722224,9444440,0,1000000000,steady,0,0,steady
rise5-late,3040,33777777440,33777777440,1000000000,1,850000000,590277,4722216,590278,4722224,9444440,0,1000000000,steady,0,0,steady
rise5-late,3041,33788888551,33788888551,1000000000,1,850000000,590277,4722216,590278,4722224,9444440,0,1000000000,steady,0,0,steady
rise5-late,3042,33799999662,33799999662,1000000000,1,850000000,590277,4722216,590278,4722224,9444440,0,1000000000,steady,0,0,steady
rise5-late,3043,33811110773,33811110773,1000000000,1,850000000,590277,4722216,590278,4722224,9444440,0,1000000000,steady,0,0,steady
rise5-late,3044,33822221884,33822221884,1000000000,1,850000000,590277,4722216,590278,4722224,9444440,0,1000000000,steady,0,0,steady
rise5-late,3045,33833332995,33833332995,1000000000,1,850000000,590277,4722216,590278,4722224,9444440,0,1000000000,steady,0,0,steady
rise5-late,3046,33844444106,33844444106,1000000000,1,850000000,590277,4722216,590278,4722224,9444440,0,1000000000,steady,0,0,steady
rise5-late,3047,33855555217,33855555217,1000000000,1,850000000,590277,4722216,590278,4722224,9444440,0,1000000000,steady,0,0,steady
rise5-late,3048,33866666328,33866666328,1000000000,1,850000000,590277,4722216,590278,4722224,9444440,0,1000000000,steady,0,0,steady
rise5-late,3049,33877777439,33877777439,1000000000,1,850000000,590277,4722216,590278,4722224,9444440,0,1000000000,steady,0,0,steady
rise5-late,3050,33888888550,33888888550,1000000000,1,850000000,590277,4722216,590278,4722224,9444440,0,1000000000,steady,0,0,steady
rise5-late,3051,33899999661,33899999661,1000000000,1,850000000,590277,4722216,590278,4722224,9444440,0,1000000000,steady,0,0,steady
rise5-late,3052,33911110772,33911110772,1000000000,1,850000000,590277,4722216,590278,4722224,9444440,0,1000000000,steady,0,0,steady
rise5-late,3053,33922221883,33922221883,1000000000,1,850000000,590277,4722216,590278,4722224,9444440,0,1000000000,steady,0,0,steady
rise5-late,3054,33933332994,33933332994,1000000000,1,850000000,590277,4722216,590278,4722224,9444440,0,1000000000,steady,0,0,steady
rise5-late,3055,33944444105,33944444105,1000000000,1,850000000,590277,4722216,590278,4722224,9444440,0,1000000000,steady,0,0,steady
rise5-late,3056,33955555216,33955555216,1000000000,1,850000000,590277,4722216,590278,4722224,9444440,0,1000000000,steady,0,0,steady
rise5-late,3057,33966666327,33966666327,1000000000,1,850000000,590277,4722216,590278,4722224,9444440,0,1000000000,steady,0,0,steady
rise5-late,3058,33977777438,33977777438,1000000000,1,850000000,590277,4722216,590278,4722224,9444440,0,1000000000,steady,0,0,steady
rise5-late,3059,33988888549,33988888549,1000000000,1,850000000,590277,4722216,590278,4722224,9444440,0,1000000000,steady,0,0,steady
rise5-late,3060,33999999660,33999999660,1000000000,1,850000000,590277,4722216,590278,4722224,9444440,0,1000000000,steady,0,0,steady
rise5-late,3061,34011110771,34011110771,1000000000,1,850000000,590277,4722216,590278,4722224,9444440,0,1000000000,steady,0,0,steady
rise5-late,3062,34022221882,34022221882,1000000000,1,850000000,590277,4722216,590278,4722224,9444440,0,1000000000,steady,0,0,steady
rise5-late,3063,34033332993,34033332993,1000000000,1,850000000,590277,4722216,590278,4722224,9444440,0,1000000000,steady,0,0,steady
rise5-late,3064,34044444104,34044444104,1000000000,1,850000000,590277,4722216,590278,4722224,9444440,0,1000000000,steady,0,0,steady
rise5-late,3065,34055555215,34055555215,1000000000,1,850000000,590277,4722216,590278,4722224,9444440,0,1000000000,steady,0,0,steady
rise5-late,3066,34066666326,34066666326,1000000000,1,850000000,590277,4722216,590278,4722224,9444440,0,1000000000,steady,0,0,steady
rise5-late,3067,34077777437,34077777437,1000000000,1,850000000,590277,4722216,590278,4722224,9444440,0,1000000000,steady,0,0,steady
rise5-late,3068,34088888548,34088888548,1000000000,1,850000000,590277,4722216,590278,4722224,9444440,0,1000000000,steady,0,0,steady
rise5-late,3069,34099999659,34099999659,1000000000,1,850000000,590277,4722216,590278,4722224,9444440,0,1000000000,steady,0,0,steady
rise5-late,3070,34111110770,34111110770,1000000000,1,850000000,590277,4722216,590278,4722224,9444440,0,1000000000,steady,0,0,steady
rise5-late,3071,34122221881,34122221881,1000000000,1,850000000,590277,4722216,590278,4722224,9444440,0,1000000000,steady,0,0,steady
rise5-late,3072,34133332992,34133332992,1000000000,1,850000000,590277,4722216,590278,4722224,9444440,0,1000000000,steady,0,0,steady
rise5-late,3073,34144444103,34144444103,1000000000,1,850000000,590277,4722216,590278,4722224,9444440,0,1000000000,steady,0,0,steady
rise5-late,3074,34155555214,34155555214,1000000000,1,850000000,590277,4722216,590278,4722224,9444440,0,1000000000,steady,0,0,steady
rise5-late,3075,34166666325,34166666325,1000000000,1,850000000,590277,4722216,590278,4722224,9444440,0,1000000000,steady,0,0,steady
rise5-late,3076,34177777436,34177777436,1000000000,1,850000000,590277,4722216,590278,4722224,9444440,0,1000000000,steady,0,0,steady
rise5-late,3077,34188888547,34188888547,1000000000,1,850000000,590277,4722216,590278,4722224,9444440,0,1000000000,steady,0,0,steady
rise5-late,3078,34199999658,34199999658,1000000000,1,850000000,590277,4722216,590278,4722224,9444440,0,1000000000,steady,0,0,steady
rise5-late,3079,34211110769,34211110769,1000000000,1,850000000,590277,4722216,590278,4722224,9444440,0,1000000000,steady,0,0,steady
rise5-late,3080,34222221880,34222221880,1000000000,1,850000000,590277,4722216,590278,4722224,9444440,0,1000000000,steady,0,0,steady
rise5-late,3081,34233332991,34233332991,1000000000,1,850000000,590277,4722216,590278,4722224,9444440,0,1000000000,steady,0,0,steady
rise5-late,3082,34244444102,34244444102,1000000000,1,850000000,590277,4722216,590278,4722224,9444440,0,1000000000,steady,0,0,steady
rise5-late,3083,34255555213,34255555213,1000000000,1,850000000,590277,4722216,590278,4722224,9444440,0,1000000000,steady,0,0,steady
rise5-late,3084,34266666324,34266666324,1000000000,1,850000000,590277,4722216,590278,4722224,9444440,0,1000000000,steady,0,0,steady
rise5-late,3085,34277777435,34277777435,1000000000,1,850000000,590277,4722216,590278,4722224,9444440,0,1000000000,steady,0,0,steady
rise5-late,3086,34288888546,34288888546,1000000000,1,850000000,590277,4722216,590278,4722224,9444440,0,1000000000,steady,0,0,steady
rise5-late,3087,34299999657,34299999657,1000000000,1,850000000,590277,4722216,590278,4722224,9444440,0,1000000000,steady,0,0,steady
rise5-late,3088,34311110768,34311110768,1000000000,1,850000000,590277,4722216,590278,4722224,9444440,0,1000000000,steady,0,0,steady
rise5-late,3089,34322221879,34322221879,1000000000,1,850000000,590277,4722216,590278,4722224,9444440,0,1000000000,steady,0,0,steady
rise5-late,3090,34333332990,34333332990,1000000000,1,850000000,590277,4722216,590278,4722224,9444440,0,1000000000,steady,0,0,steady
rise5-late,3091,34344444101,34344444101,1000000000,1,850000000,590277,4722216,590278,4722224,9444440,0,1000000000,steady,0,0,steady
rise5-late,3092,34355555212,34355555212,1000000000,1,850000000,590277,4722216,590278,4722224,9444440,0,1000000000,steady,0,0,steady
rise5-late,3093,34366666323,34366666323,1000000000,1,850000000,590277,4722216,590278,4722224,9444440,0,1000000000,steady,0,0,steady
rise5-late,3094,34377777434,34377777434,1000000000,1,850000000,590277,4722216,590278,4722224,9444440,0,1000000000,steady,0,0,steady
rise5-late,3095,34388888545,34388888545,1000000000,1,850000000,590277,4722216,590278,4722224,9444440,0,1000000000,steady,0,0,steady
rise5-late,3096,34399999656,34399999656,1000000000,1,850000000,590277,4722216,590278,4722224,9444440,0,1000000000,steady,0,0,steady
rise5-late,3097,34411110767,34411110767,1000000000,1,850000000,590277,4722216,590278,4722224,9444440,0,1000000000,steady,0,0,steady
rise5-late,3098,34422221878,34422221878,1000000000,1,850000000,590277,4722216,590278,4722224,9444440,0,1000000000,steady,0,0,steady
rise5-late,3099,34433332989,34433332989,1000000000,1,850000000,590277,4722216,590278,4722224,9444440,0,1000000000,steady,0,0,steady
rise5-late,3100,34444444100,34444444100,1000000000,1,850000000,590277,4722216,590278,4722224,9444440,0,1000000000,steady,0,0,steady
rise5-late,3101,34455555211,34455555211,1000000000,1,850000000,590277,4722216,590278,4722224,9444440,0,1000000000,steady,0,0,steady
rise5-late,3102,34466666322,34466666322,1000000000,1,850000000,590277,4722216,590278,4722224,9444440,0,1000000000,steady,0,0,steady
rise5-late,3103,34477777433,34477777433,1000000000,1,850000000,590277,4722216,590278,4722224,9444440,0,1000000000,steady,0,0,steady
rise5-late,3104,34488888544,34488888544,1000000000,1,850000000,590277,4722216,590278,4722224,9444440,0,1000000000,steady,0,0,steady
rise5-late,3105,34499999655,34499999655,1000000000,1,850000000,590277,4722216,590278,4722224,9444440,0,1000000000,steady,0,0,steady
rise5-late,3106,34511110766,34511110766,1000000000,1,850000000,590277,4722216,590278,4722224,9444440,0,1000000000,steady,0,0,steady
rise5-late,3107,34522221877,34522221877,1000000000,1,850000000,590277,4722216,590278,4722224,9444440,0,1000000000,steady,0,0,steady
rise5-late,3108,34533332988,34533332988,1000000000,1,850000000,590277,4722216,590278,4722224,9444440,0,1000000000,steady,0,0,steady
rise5-late,3109,34544444099,34544444099,1000000000,1,850000000,590277,4722216,590278,4722224,9444440,0,1000000000,steady,0,0,steady
rise5-late,3110,34555555210,34555555210,1000000000,1,850000000,590277,4722216,590278,4722224,9444440,0,1000000000,steady,0,0,steady
rise5-late,3111,34566666321,34566666321,1000000000,1,850000000,590277,4722216,590278,4722224,9444440,0,1000000000,steady,0,0,steady
rise5-late,3112,34577777432,34577777432,1000000000,1,850000000,590277,4722216,590278,4722224,9444440,0,1000000000,steady,0,0,steady
rise5-late,3113,34588888543,34588888543,1000000000,1,850000000,590277,4722216,590278,4722224,9444440,0,1000000000,steady,0,0,steady
rise5-late,3114,34599999654,34599999654,1000000000,1,850000000,590277,4722216,590278,4722224,9444440,0,1000000000,steady,0,0,steady
rise5-late,3115,34611110765,34611110765,1000000000,1,850000000,590277,4722216,590278,4722224,9444440,0,1000000000,steady,0,0,steady
rise5-late,3116,34622221876,34622221876,1000000000,1,850000000,590277,4722216,590278,4722224,9444440,0,1000000000,steady,0,0,steady
rise5-late,3117,34633332987,34633332987,1000000000,1,850000000,590277,4722216,590278,4722224,9444440,0,1000000000,steady,0,0,steady
rise5-late,3118,34644444098,34644444098,1000000000,1,850000000,590277,4722216,590278,4722224,9444440,0,1000000000,steady,0,0,steady
rise5-late,3119,34655555209,34655555209,1000000000,1,850000000,590277,4722216,590278,4722224,9444440,0,1000000000,steady,0,0,steady
rise5-late,3120,34666666320,34666666320,1000000000,1,850000000,590277,4722216,590278,4722224,9444440,0,1000000000,steady,0,0,steady
rise5-late,3121,34677777431,34677777431,1000000000,1,850000000,590277,4722216,590278,4722224,9444440,0,1000000000,steady,0,0,steady
rise5-late,3122,34688888542,34688888542,1000000000,1,850000000,590277,4722216,590278,4722224,9444440,0,1000000000,steady,0,0,steady
rise5-late,3123,34699999653,34699999653,1000000000,1,850000000,590277,4722216,590278,4722224,9444440,0,1000000000,steady,0,0,steady
rise5-late,3124,34711110764,34711110764,1000000000,1,850000000,590277,4722216,590278,4722224,9444440,0,1000000000,steady,0,0,steady
rise5-late,3125,34722221875,34722221875,1000000000,1,850000000,590277,4722216,590278,4722224,9444440,0,1000000000,steady,0,0,steady
rise5-late,3126,34733332986,34733332986,1000000000,1,850000000,590277,4722216,590278,4722224,9444440,0,1000000000,steady,0,0,steady
rise5-late,3127,34744444097,34744444097,1000000000,1,850000000,590277,4722216,590278,4722224,9444440,0,1000000000,steady,0,0,steady
rise5-late,3128,34755555208,34755555208,1000000000,1,850000000,590277,4722216,590278,4722224,9444440,0,1000000000,steady,0,0,steady
rise5-late,3129,34766666319,34766666319,1000000000,1,850000000,590277,4722216,590278,4722224,9444440,0,1000000000,steady,0,0,steady
rise5-late,3130,34777777430,34777777430,1000000000,1,850000000,590277,4722216,590278,4722224,9444440,0,1000000000,steady,0,0,steady
rise5-late,3131,34788888541,34788888541,1000000000,1,850000000,590277,4722216,590278,4722224,9444440,0,1000000000,steady,0,0,steady
rise5-late,3132,34799999652,34799999652,1000000000,1,850000000,590277,4722216,590278,4722224,9444440,0,1000000000,steady,0,0,steady
rise5-late,3133,34811110763,34811110763,1000000000,1,850000000,590277,4722216,590278,4722224,9444440,0,1000000000,steady,0,0,steady
rise5-late,3134,34822221874,34822221874,1000000000,1,850000000,590277,4722216,590278,4722224,9444440,0,1000000000,steady,0,0,steady
rise5-late,3135,34833332985,34833332985,1000000000,1,850000000,590277,4722216,590278,4722224,9444440,0,1000000000,steady,0,0,steady
rise5-late,3136,34844444096,34844444096,1000000000,1,850000000,590277,4722216,590278,4722224,9444440,0,1000000000,steady,0,0,steady
rise5-late,3137,34855555207,34855555207,1000000000,1,850000000,590277,4722216,590278,4722224,9444440,0,1000000000,steady,0,0,steady
rise5-late,3138,34866666318,34866666318,1000000000,1,850000000,590277,4722216,590278,4722224,9444440,0,1000000000,steady,0,0,steady
rise5-late,3139,34877777429,34877777429,1000000000,1,850000000,590277,4722216,590278,4722224,9444440,0,1000000000,steady,0,0,steady
rise5-late,3140,34888888540,34888888540,1000000000,1,850000000,590277,4722216,590278,4722224,9444440,0,1000000000,steady,0,0,steady
rise5-late,3141,34899999651,34899999651,1000000000,1,850000000,590277,4722216,590278,4722224,9444440,0,1000000000,steady,0,0,steady
rise5-late,3142,34911110762,34911110762,1000000000,1,850000000,590277,4722216,590278,4722224,9444440,0,1000000000,steady,0,0,steady
rise5-late,3143,34922221873,34922221873,1000000000,1,850000000,590277,4722216,590278,4722224,9444440,0,1000000000,steady,0,0,steady
rise5-late,3144,34933332984,34933332984,1000000000,1,850000000,590277,4722216,590278,4722224,9444440,0,1000000000,steady,0,0,steady
rise5-late,3145,34944444095,34944444095,1000000000,1,850000000,590277,4722216,590278,4722224,9444440,0,1000000000,steady,0,0,steady
rise5-late,3146,34955555206,34955555206,1000000000,1,850000000,590277,4722216,590278,4722224,9444440,0,1000000000,steady,0,0,steady
rise5-late,3147,34966666317,34966666317,1000000000,1,850000000,590277,4722216,590278,4722224,9444440,0,1000000000,steady,0,0,steady
rise5-late,3148,34977777428,34977777428,1000000000,1,850000000,590277,4722216,590278,4722224,9444440,0,1000000000,steady,0,0,steady
rise5-late,3149,34988888539,34988888539,1000000000,1,850000000,590277,4722216,590278,4722224,9444440,0,1000000000,steady,0,0,steady
rise5-late,3150,34999999650,34999999650,1000000000,1,850000000,590277,4722216,590278,4722224,9444440,0,1000000000,steady,0,0,steady
rise5-late,3151,35011110761,35011110761,1000000000,1,850000000,590277,4722216,590278,4722224,9444440,0,1000000000,steady,0,0,steady
rise5-late,3152,35022221872,35022221872,1000000000,1,850000000,590277,4722216,590278,4722224,9444440,0,1000000000,steady,0,0,steady
rise5-late,3153,35033332983,35033332983,1000000000,1,850000000,590277,4722216,590278,4722224,9444440,0,1000000000,steady,0,0,steady
rise5-late,3154,35044444094,35044444094,1000000000,1,850000000,590277,4722216,590278,4722224,9444440,0,1000000000,steady,0,0,steady
rise5-late,3155,35055555205,35055555205,1000000000,1,850000000,590277,4722216,590278,4722224,9444440,0,1000000000,steady,0,0,steady
rise5-late,3156,35066666316,35066666316,1000000000,1,850000000,590277,4722216,590278,4722224,9444440,0,1000000000,steady,0,0,steady
rise5-late,3157,35077777427,35077777427,1000000000,1,850000000,590277,4722216,590278,4722224,9444440,0,1000000000,steady,0,0,steady
rise5-late,3158,35088888538,35088888538,1000000000,1,850000000,590277,4722216,590278,4722224,9444440,0,1000000000,steady,0,0,steady
rise5-late,3159,35099999649,35099999649,1000000000,1,850000000,590277,4722216,590278,4722224,9444440,0,1000000000,steady,0,0,steady
rise5-late,3160,35111110760,35111110760,1000000000,1,850000000,590277,4722216,590278,4722224,9444440,0,1000000000,steady,0,0,steady
rise5-late,3161,35122221871,35122221871,1000000000,1,850000000,590277,4722216,590278,4722224,9444440,0,1000000000,steady,0,0,steady
rise5-late,3162,35133332982,35133332982,1000000000,1,850000000,590277,4722216,590278,4722224,9444440,0,1000000000,steady,0,0,steady
rise5-late,3163,35144444093,35144444093,1000000000,1,850000000,590277,4722216,590278,4722224,9444440,0,1000000000,steady,0,0,steady
rise5-late,3164,35155555204,35155555204,1000000000,1,850000000,590277,4722216,590278,4722224,9444440,0,1000000000,steady,0,0,steady
rise5-late,3165,35166666315,35166666315,1000000000,1,850000000,590277,4722216,590278,4722224,9444440,0,1000000000,steady,0,0,steady
rise5-late,3166,35177777426,35177777426,1000000000,1,850000000,590277,4722216,590278,4722224,9444440,0,1000000000,steady,0,0,steady
rise5-late,3167,35188888537,35188888537,1000000000,1,850000000,590277,4722216,590278,4722224,9444440,0,1000000000,steady,0,0,steady
rise5-late,3168,35199999648,35199999648,1000000000,1,850000000,590277,4722216,590278,4722224,9444440,0,1000000000,steady,0,0,steady
rise5-late,3169,35211110759,35211110759,1000000000,1,850000000,590277,4722216,590278,4722224,9444440,0,1000000000,steady,0,0,steady
rise5-late,3170,35222221870,35222221870,1000000000,1,850000000,590277,4722216,590278,4722224,9444440,0,1000000000,steady,0,0,steady
rise5-late,3171,35233332981,35233332981,1000000000,1,850000000,590277,4722216,590278,4722224,9444440,0,1000000000,steady,0,0,steady
rise5-late,3172,35244444092,35244444092,1000000000,1,850000000,590277,4722216,590278,4722224,9444440,0,1000000000,steady,0,0,steady
rise5-late,3173,35255555203,35255555203,1000000000,1,850000000,590277,4722216,590278,4722224,9444440,0,1000000000,steady,0,0,steady
rise5-late,3174,35266666314,35266666314,1000000000,1,850000000,590277,4722216,590278,4722224,9444440,0,1000000000,steady,0,0,steady
rise5-late,3175,35277777425,35277777425,1000000000,1,850000000,590277,4722216,590278,4722224,9444440,0,1000000000,steady,0,0,steady
rise5-late,3176,35288888536,35288888536,1000000000,1,850000000,590277,4722216,590278,4722224,9444440,0,1000000000,steady,0,0,steady
rise5-late,3177,35299999647,35299999647,1000000000,1,850000000,590277,4722216,590278,4722224,9444440,0,1000000000,steady,0,0,steady
rise5-late,3178,35311110758,35311110758,1000000000,1,850000000,590277,4722216,590278,4722224,9444440,0,1000000000,steady,0,0,steady
rise5-late,3179,35322221869,35322221869,1000000000,1,850000000,590277,4722216,590278,4722224,9444440,0,1000000000,steady,0,0,steady
rise5-late,3180,35333332980,35333332980,1000000000,1,850000000,590277,4722216,590278,4722224,9444440,0,1000000000,steady,0,0,steady
rise5-late,3181,35344444091,35344444091,1000000000,1,850000000,590277,4722216,590278,4722224,9444440,0,1000000000,steady,0,0,steady
rise5-late,3182,35355555202,35355555202,1000000000,1,850000000,590277,4722216,590278,4722224,9444440,0,1000000000,steady,0,0,steady
rise5-late,3183,35366666313,35366666313,1000000000,1,850000000,590277,4722216,590278,4722224,9444440,0,1000000000,steady,0,0,steady
rise5-late,3184,35377777424,35377777424,1000000000,1,850000000,590277,4722216,590278,4722224,9444440,0,1000000000,steady,0,0,steady
rise5-late,3185,35388888535,35388888535,1000000000,1,850000000,590277,4722216,590278,4722224,9444440,0,1000000000,steady,0,0,steady
rise5-late,3186,35399999646,35399999646,1000000000,1,850000000,590277,4722216,590278,4722224,9444440,0,1000000000,steady,0,0,steady
rise5-late,3187,35411110757,35411110757,1000000000,1,850000000,590277,4722216,590278,4722224,9444440,0,1000000000,steady,0,0,steady
rise5-late,3188,35422221868,35422221868,1000000000,1,850000000,590277,4722216,590278,4722224,9444440,0,1000000000,steady,0,0,steady
rise5-late,3189,35433332979,35433332979,1000000000,1,850000000,590277,4722216,590278,4722224,9444440,0,1000000000,steady,0,0,steady
rise5-late,3190,35444444090,35444444090,1000000000,1,850000000,590277,4722216,590278,4722224,9444440,0,1000000000,steady,0,0,steady
rise5-late,3191,35455555201,35455555201,1000000000,1,850000000,590277,4722216,590278,4722224,9444440,0,1000000000,steady,0,0,steady
rise5-late,3192,35466666312,35466666312,1000000000,1,850000000,590277,4722216,590278,4722224,9444440,0,1000000000,steady,0,0,steady
rise5-late,3193,35477777423,35477777423,1000000000,1,850000000,590277,4722216,590278,4722224,9444440,0,1000000000,steady,0,0,steady
rise5-late,3194,35488888534,35488888534,1000000000,1,850000000,590277,4722216,590278,4722224,9444440,0,1000000000,steady,0,0,steady
rise5-late,3195,35499999645,35499999645,1000000000,1,850000000,590277,4722216,590278,4722224,9444440,0,1000000000,steady,0,0,steady
rise5-late,3196,35511110756,35511110756,1000000000,1,850000000,590277,4722216,590278,4722224,9444440,0,1000000000,steady,0,0,steady
rise5-late,3197,35522221867,35522221867,1000000000,1,850000000,590277,4722216,590278,4722224,9444440,0,1000000000,steady,0,0,steady
rise5-late,3198,35533332978,35533332978,1000000000,1,850000000,590277,4722216,590278,4722224,9444440,0,1000000000,steady,0,0,steady
rise5-late,3199,35544444089,35544444089,1000000000,1,850000000,590277,4722216,590278,4722224,9444440,0,1000000000,steady,0,0,steady
rise5-late,3200,35555555200,35555555200,1000000000,1,850000000,590277,4722216,590278,4722224,9444440,0,1000000000,steady,0,0,steady
rise5-late,3201,35566666311,35566666311,1000000000,1,850000000,590277,4722216,590278,4722224,9444440,0,1000000000,steady,0,0,steady
rise5-late,3202,35577777422,35577777422,1000000000,1,850000000,590277,4722216,590278,4722224,9444440,0,1000000000,steady,0,0,steady
rise5-late,3203,35588888533,35588888533,1000000000,1,850000000,590277,4722216,590278,4722224,9444440,0,1000000000,steady,0,0,steady
rise5-late,3204,35599999644,35599999644,1000000000,1,850000000,590277,4722216,590278,4722224,9444440,0,1000000000,steady,0,0,steady
rise5-late,3205,35611110755,35611110755,1000000000,1,850000000,590277,4722216,590278,4722224,9444440,0,1000000000,steady,0,0,steady
rise5-late,3206,35622221866,35622221866,1000000000,1,850000000,590277,4722216,590278,4722224,9444440,0,1000000000,steady,0,0,steady
rise5-late,3207,35633332977,35633332977,1000000000,1,850000000,590277,4722216,590278,4722224,9444440,0,1000000000,steady,0,0,steady
rise5-late,3208,35644444088,35644444088,1000000000,1,850000000,590277,4722216,590278,4722224,9444440,0,1000000000,steady,0,0,steady
rise5-late,3209,35655555199,35655555199,1000000000,1,850000000,590277,4722216,590278,4722224,9444440,0,1000000000,steady,0,0,steady
rise5-late,3210,35666666310,35666666310,1000000000,1,850000000,590277,4722216,590278,4722224,9444440,0,1000000000,steady,0,0,steady
rise5-late,3211,35677777421,35677777421,1000000000,1,850000000,590277,4722216,590278,4722224,9444440,0,1000000000,steady,0,0,steady
rise5-late,3212,35688888532,35688888532,1000000000,1,850000000,590277,4722216,590278,4722224,9444440,0,1000000000,steady,0,0,steady
rise5-late,3213,35699999643,35699999643,1000000000,1,850000000,590277,4722216,590278,4722224,9444440,0,1000000000,steady,0,0,steady
rise5-late,3214,35711110754,35711110754,1000000000,1,850000000,590277,4722216,590278,4722224,9444440,0,1000000000,steady,0,0,steady
rise5-late,3215,35722221865,35722221865,1000000000,1,850000000,590277,4722216,590278,4722224,9444440,0,1000000000,steady,0,0,steady
rise5-late,3216,35733332976,35733332976,1000000000,1,850000000,590277,4722216,590278,4722224,9444440,0,1000000000,steady,0,0,steady
rise5-late,3217,35744444087,35744444087,1000000000,1,850000000,590277,4722216,590278,4722224,9444440,0,1000000000,steady,0,0,steady
rise5-late,3218,35755555198,35755555198,1000000000,1,850000000,590277,4722216,590278,4722224,9444440,0,1000000000,steady,0,0,steady
rise5-late,3219,35766666309,35766666309,1000000000,1,850000000,590277,4722216,590278,4722224,9444440,0,1000000000,steady,0,0,steady
rise5-late,3220,35777777420,35777777420,1000000000,1,850000000,590277,4722216,590278,4722224,9444440,0,1000000000,steady,0,0,steady
rise5-late,3221,35788888531,35788888531,1000000000,1,850000000,590277,4722216,590278,4722224,9444440,0,1000000000,steady,0,0,steady
rise5-late,3222,35799999642,35799999642,1000000000,1,850000000,590277,4722216,590278,4722224,9444440,0,1000000000,steady,0,0,steady
rise5-late,3223,35811110753,35811110753,1000000000,1,850000000,590277,4722216,590278,4722224,9444440,0,1000000000,steady,0,0,steady
rise5-late,3224,35822221864,35822221864,1000000000,1,850000000,590277,4722216,590278,4722224,9444440,0,1000000000,steady,0,0,steady
rise5-late,3225,35833332975,35833332975,1000000000,1,850000000,590277,4722216,590278,4722224,9444440,0,1000000000,steady,0,0,steady
rise5-late,3226,35844444086,35844444086,1000000000,1,850000000,590277,4722216,590278,4722224,9444440,0,1000000000,steady,0,0,steady
rise5-late,3227,35855555197,35855555197,1000000000,1,850000000,590277,4722216,590278,4722224,9444440,0,1000000000,steady,0,0,steady
rise5-late,3228,35866666308,35866666308,1000000000,1,850000000,590277,4722216,590278,4722224,9444440,0,1000000000,steady,0,0,steady
rise5-late,3229,35877777419,35877777419,1000000000,1,850000000,590277,4722216,590278,4722224,9444440,0,1000000000,steady,0,0,steady
rise5-late,3230,35888888530,35888888530,1000000000,1,850000000,590277,4722216,590278,4722224,9444440,0,1000000000,steady,0,0,steady
rise5-late,3231,35899999641,35899999641,1000000000,1,850000000,590277,4722216,590278,4722224,9444440,0,1000000000,steady,0,0,steady
rise5-late,3232,35911110752,35911110752,1000000000,1,850000000,590277,4722216,590278,4722224,9444440,0,1000000000,steady,0,0,steady
rise5-late,3233,35922221863,35922221863,1000000000,1,850000000,590277,4722216,590278,4722224,9444440,0,1000000000,steady,0,0,steady
rise5-late,3234,35933332974,35933332974,1000000000,1,850000000,590277,4722216,590278,4722224,9444440,0,1000000000,steady,0,0,steady
rise5-late,3235,35944444085,35944444085,1000000000,1,850000000,590277,4722216,590278,4722224,9444440,0,1000000000,steady,0,0,steady
rise5-late,3236,35955555196,35955555196,1000000000,1,850000000,590277,4722216,590278,4722224,9444440,0,1000000000,steady,0,0,steady
rise5-late,3237,35966666307,35966666307,1000000000,1,850000000,590277,4722216,590278,4722224,9444440,0,1000000000,steady,0,0,steady
rise5-late,3238,35977777418,35977777418,1000000000,1,850000000,590277,4722216,590278,4722224,9444440,0,1000000000,steady,0,0,steady
rise5-late,3239,35988888529,35988888529,1000000000,1,850000000,590277,4722216,590278,4722224,9444440,0,1000000000,steady,0,0,steady
rise5-late,3240,35999999640,35999999640,1000000000,1,850000000,590277,4722216,590278,4722224,9444440,0,1000000000,steady,0,0,steady
rise5-late,3241,36011110751,36011110751,1000000000,1,850000000,590277,4722216,590278,4722224,9444440,0,1000000000,steady,0,0,steady
rise5-late,3242,36022221862,36022221862,1000000000,1,850000000,590277,4722216,590278,4722224,9444440,0,1000000000,steady,0,0,steady
rise5-late,3243,36033332973,36033332973,1000000000,1,850000000,590277,4722216,590278,4722224,9444440,0,1000000000,steady,0,0,steady
rise5-late,3244,36044444084,36044444084,1000000000,1,850000000,590277,4722216,590278,4722224,9444440,0,1000000000,steady,0,0,steady
rise5-late,3245,36055555195,36055555195,1000000000,1,850000000,590277,4722216,590278,4722224,9444440,0,1000000000,steady,0,0,steady
rise5-late,3246,36066666306,36066666306,1000000000,1,850000000,590277,4722216,590278,4722224,9444440,0,1000000000,steady,0,0,steady
rise5-late,3247,36077777417,36077777417,1000000000,1,850000000,590277,4722216,590278,4722224,9444440,0,1000000000,steady,0,0,steady
rise5-late,3248,36088888528,36088888528,1000000000,1,850000000,590277,4722216,590278,4722224,9444440,0,1000000000,steady,0,0,steady
rise5-late,3249,36099999639,36099999639,1000000000,1,850000000,590277,4722216,590278,4722224,9444440,0,1000000000,steady,0,0,steady
rise5-late,3250,36111110750,36111110750,1000000000,1,850000000,590277,4722216,590278,4722224,9444440,0,1000000000,steady,0,0,steady
rise5-late,3251,36122221861,36122221861,1000000000,1,850000000,590277,4722216,590278,4722224,9444440,0,1000000000,steady,0,0,steady
rise5-late,3252,36133332972,36133332972,1000000000,1,850000000,590277,4722216,590278,4722224,9444440,0,1000000000,steady,0,0,steady
rise5-late,3253,36144444083,36144444083,1000000000,1,850000000,590277,4722216,590278,4722224,9444440,0,1000000000,steady,0,0,steady
rise5-late,3254,36155555194,36155555194,1000000000,1,850000000,590277,4722216,590278,4722224,9444440,0,1000000000,steady,0,0,steady
rise5-late,3255,36166666305,36166666305,1000000000,1,850000000,590277,4722216,590278,4722224,9444440,0,1000000000,steady,0,0,steady
rise5-late,3256,36177777416,36177777416,1000000000,1,850000000,590277,4722216,590278,4722224,9444440,0,1000000000,steady,0,0,steady
rise5-late,3257,36188888527,36188888527,1000000000,1,850000000,590277,4722216,590278,4722224,9444440,0,1000000000,steady,0,0,steady
rise5-late,3258,36199999638,36199999638,1000000000,1,850000000,590277,4722216,590278,4722224,9444440,0,1000000000,steady,0,0,steady
rise5-late,3259,36211110749,36211110749,1000000000,1,850000000,590277,4722216,590278,4722224,9444440,0,1000000000,steady,0,0,steady
rise5-late,3260,36222221860,36222221860,1000000000,1,850000000,590277,4722216,590278,4722224,9444440,0,1000000000,steady,0,0,steady
rise5-late,3261,36233332971,36233332971,1000000000,1,850000000,590277,4722216,590278,4722224,9444440,0,1000000000,steady,0,0,steady
rise5-late,3262,36244444082,36244444082,1000000000,1,850000000,590277,4722216,590278,4722224,9444440,0,1000000000,steady,0,0,steady
rise5-late,3263,36255555193,36255555193,1000000000,1,850000000,590277,4722216,590278,4722224,9444440,0,1000000000,steady,0,0,steady
rise5-late,3264,36266666304,36266666304,1000000000,1,850000000,590277,4722216,590278,4722224,9444440,0,1000000000,steady,0,0,steady
rise5-late,3265,36277777415,36277777415,1000000000,1,850000000,590277,4722216,590278,4722224,9444440,0,1000000000,steady,0,0,steady
rise5-late,3266,36288888526,36288888526,1000000000,1,850000000,590277,4722216,590278,4722224,9444440,0,1000000000,steady,0,0,steady
rise5-late,3267,36299999637,36299999637,1000000000,1,850000000,590277,4722216,590278,4722224,9444440,0,1000000000,steady,0,0,steady
rise5-late,3268,36311110748,36311110748,1000000000,1,850000000,590277,4722216,590278,4722224,9444440,0,1000000000,steady,0,0,steady
rise5-late,3269,36322221859,36322221859,1000000000,1,850000000,590277,4722216,590278,4722224,9444440,0,1000000000,steady,0,0,steady
rise5-late,3270,36333332970,36333332970,1000000000,1,850000000,590277,4722216,590278,4722224,9444440,0,1000000000,steady,0,0,steady
rise5-late,3271,36344444081,36344444081,1000000000,1,850000000,590277,4722216,590278,4722224,9444440,0,1000000000,steady,0,0,steady
rise5-late,3272,36355555192,36355555192,1000000000,1,850000000,590277,4722216,590278,4722224,9444440,0,1000000000,steady,0,0,steady
rise5-late,3273,36366666303,36366666303,1000000000,1,850000000,590277,4722216,590278,4722224,9444440,0,1000000000,steady,0,0,steady
rise5-late,3274,36377777414,36377777414,1000000000,1,850000000,590277,4722216,590278,4722224,9444440,0,1000000000,steady,0,0,steady
rise5-late,3275,36388888525,36388888525,1000000000,1,850000000,590277,4722216,590278,4722224,9444440,0,1000000000,steady,0,0,steady
rise5-late,3276,36399999636,36399999636,1000000000,1,850000000,590277,4722216,590278,4722224,9444440,0,1000000000,steady,0,0,steady
rise5-late,3277,36411110747,36411110747,1000000000,1,850000000,590277,4722216,590278,4722224,9444440,0,1000000000,steady,0,0,steady
rise5-late,3278,36422221858,36422221858,1000000000,1,850000000,590277,4722216,590278,4722224,9444440,0,1000000000,steady,0,0,steady
rise5-late,3279,36433332969,36433332969,1000000000,1,850000000,590277,4722216,590278,4722224,9444440,0,1000000000,steady,0,0,steady
rise5-late,3280,36444444080,36444444080,1000000000,1,850000000,590277,4722216,590278,4722224,9444440,0,1000000000,steady,0,0,steady
rise5-late,3281,36455555191,36455555191,1000000000,1,850000000,590277,4722216,590278,4722224,9444440,0,1000000000,steady,0,0,steady
rise5-late,3282,36466666302,36466666302,1000000000,1,850000000,590277,4722216,590278,4722224,9444440,0,1000000000,steady,0,0,steady
rise5-late,3283,36477777413,36477777413,1000000000,1,850000000,590277,4722216,590278,4722224,9444440,0,1000000000,steady,0,0,steady
rise5-late,3284,36488888524,36488888524,1000000000,1,850000000,590277,4722216,590278,4722224,9444440,0,1000000000,steady,0,0,steady
rise5-late,3285,36499999635,36499999635,1000000000,1,850000000,590277,4722216,590278,4722224,9444440,0,1000000000,steady,0,0,steady
rise5-late,3286,36511110746,36511110746,1000000000,1,850000000,590277,4722216,590278,4722224,9444440,0,1000000000,steady,0,0,steady
rise5-late,3287,36522221857,36522221857,1000000000,1,850000000,590277,4722216,590278,4722224,9444440,0,1000000000,steady,0,0,steady
rise5-late,3288,36533332968,36533332968,1000000000,1,850000000,590277,4722216,590278,4722224,9444440,0,1000000000,steady,0,0,steady
rise5-late,3289,36544444079,36544444079,1000000000,1,850000000,590277,4722216,590278,4722224,9444440,0,1000000000,steady,0,0,steady
rise5-late,3290,36555555190,36555555190,1000000000,1,850000000,590277,4722216,590278,4722224,9444440,0,1000000000,steady,0,0,steady
rise5-late,3291,36566666301,36566666301,1000000000,1,850000000,590277,4722216,590278,4722224,9444440,0,1000000000,steady,0,0,steady
rise5-late,3292,36577777412,36577777412,1000000000,1,850000000,590277,4722216,590278,4722224,9444440,0,1000000000,steady,0,0,steady
rise5-late,3293,36588888523,36588888523,1000000000,1,850000000,590277,4722216,590278,4722224,9444440,0,1000000000,steady,0,0,steady
rise5-late,3294,36599999634,36599999634,1000000000,1,850000000,590277,4722216,590278,4722224,9444440,0,1000000000,steady,0,0,steady
rise5-late,3295,36611110745,36611110745,1000000000,1,850000000,590277,4722216,590278,4722224,9444440,0,1000000000,steady,0,0,steady
rise5-late,3296,36622221856,36622221856,1000000000,1,850000000,590277,4722216,590278,4722224,9444440,0,1000000000,steady,0,0,steady
rise5-late,3297,36633332967,36633332967,1000000000,1,850000000,590277,4722216,590278,4722224,9444440,0,1000000000,steady,0,0,steady
rise5-late,3298,36644444078,36644444078,1000000000,1,850000000,590277,4722216,590278,4722224,9444440,0,1000000000,steady,0,0,steady
rise5-late,3299,36655555189,36655555189,1000000000,1,850000000,590277,4722216,590278,4722224,9444440,0,1000000000,probe,1,0,steady
rise5-late,3300,36666666300,36666666300,1000000000,1,1000000000,694444,5555552,694444,5555552,11111104,0,1000000000,probe,0,0,probe
rise5-late,3301,36677777411,36677777411,1000000000,1,1000000000,694444,5555552,694444,5555552,11111104,0,1000000000,probe,0,0,probe
rise5-late,3302,36688888522,36688888522,1000000000,1,1000000000,694444,5555552,694444,5555552,11111104,0,1000000000,probe,0,0,probe
rise5-late,3303,36699999633,36699999633,1000000000,1,1000000000,694444,5555552,694444,5555552,11111104,0,1000000000,probe,0,0,probe
rise5-late,3304,36711110744,36711110744,1000000000,1,1000000000,694444,5555552,694444,5555552,11111104,0,1000000000,probe,0,0,probe
rise5-late,3305,36722221855,36722221855,1000000000,1,1000000000,694444,5555552,694444,5555552,11111104,0,1000000000,probe,0,0,probe
rise5-late,3306,36733332966,36733332966,1000000000,1,1000000000,694444,5555552,694444,5555552,11111104,0,1000000000,probe,0,0,probe
rise5-late,3307,36744444077,36744444077,1000000000,1,1000000000,694444,5555552,694444,5555552,11111104,0,1000000000,probe,0,0,probe
rise5-late,3308,36755555188,36755555188,1000000000,1,1000000000,694444,5555552,694444,5555552,11111104,0,1000000000,probe,0,0,probe
rise5-late,3309,36766666299,36766666299,1000000000,1,1000000000,694444,5555552,694444,5555552,11111104,0,1000000000,probe,0,0,probe
rise5-late,3310,36777777410,36777777410,1000000000,1,1000000000,694444,5555552,694444,5555552,11111104,0,1000000000,probe,0,0,probe
rise5-late,3311,36788888521,36788888521,1000000000,1,1000000000,694444,5555552,694444,5555552,11111104,0,1000000000,probe,0,0,probe
rise5-late,3312,36799999632,36799999632,1000000000,1,1000000000,694444,5555552,694444,5555552,11111104,0,1000000000,probe,0,0,probe
rise5-late,3313,36811110743,36811110743,1000000000,1,1000000000,694444,5555552,694444,5555552,11111104,0,1000000000,probe,0,0,probe
rise5-late,3314,36822221854,36822221854,1000000000,1,1000000000,694444,5555552,694444,5555552,11111104,0,1000000000,probe,0,0,probe
rise5-late,3315,36833332965,36833332965,1000000000,1,1000000000,694444,5555552,694444,5555552,11111104,0,1000000000,probe,0,0,probe
rise5-late,3316,36844444076,36844444076,1000000000,1,1000000000,694444,5555552,694444,5555552,11111104,0,1000000000,probe,0,0,probe
rise5-late,3317,36855555187,36855555187,1000000000,1,1000000000,694444,5555552,694444,5555552,11111104,0,1000000000,probe,0,0,probe
rise5-late,3318,36866666298,36866666298,1000000000,1,1000000000,694444,5555552,694444,5555552,11111104,0,1000000000,probe,0,0,probe
rise5-late,3319,36877777409,36877777409,1000000000,1,1000000000,694444,5555552,694444,5555552,11111104,0,1000000000,probe,0,0,probe
rise5-late,3320,36888888520,36888888520,1000000000,1,1000000000,694444,5555552,694444,5555552,11111104,0,1000000000,probe,0,0,probe
rise5-late,3321,36899999631,36899999631,1000000000,1,1000000000,694444,5555552,694444,5555552,11111104,0,1000000000,probe,0,0,probe
rise5-late,3322,36911110742,36911110742,1000000000,1,1000000000,694444,5555552,694444,5555552,11111104,0,1000000000,probe,0,0,probe
rise5-late,3323,36922221853,36922221853,1000000000,1,1000000000,694444,5555552,694444,5555552,11111104,0,1000000000,probe,0,0,probe
rise5-late,3324,36933332964,36933332964,1000000000,1,1000000000,694444,5555552,694444,5555552,11111104,0,1000000000,probe,0,0,probe
rise5-late,3325,36944444075,36944444075,1000000000,1,1000000000,694444,5555552,694444,5555552,11111104,0,1000000000,probe,0,0,probe
rise5-late,3326,36955555186,36955555186,1000000000,1,1000000000,694444,5555552,694444,5555552,11111104,0,1000000000,probe,0,0,probe
rise5-late,3327,36966666297,36966666297,1000000000,1,1000000000,694444,5555552,694444,5555552,11111104,0,1000000000,probe,0,0,probe
rise5-late,3328,36977777408,36977777408,1000000000,1,1000000000,694444,5555552,694444,5555552,11111104,0,1000000000,probe,0,0,probe
rise5-late,3329,36988888519,36988888519,1000000000,1,1000000000,694444,5555552,694444,5555552,11111104,0,1000000000,probe,0,0,probe
rise5-late,3330,36999999630,36999999630,1000000000,1,1000000000,694444,5555552,694444,5555552,11111104,0,1000000000,probe,0,0,probe
rise5-late,3331,37011110741,37011110741,1000000000,1,1000000000,694444,5555552,694444,5555552,11111104,0,1000000000,probe,0,0,probe
rise5-late,3332,37022221852,37022221852,1000000000,1,1000000000,694444,5555552,694444,5555552,11111104,0,1000000000,probe,0,0,probe
rise5-late,3333,37033332963,37033332963,1000000000,1,1000000000,694444,5555552,694444,5555552,11111104,0,1000000000,probe,0,0,probe
rise5-late,3334,37044444074,37044444074,1000000000,1,1000000000,694444,5555552,694444,5555552,11111104,0,1000000000,probe,0,0,probe
rise5-late,3335,37055555185,37055555185,1000000000,1,1000000000,694444,5555552,694444,5555552,11111104,0,1000000000,probe,0,0,probe
rise5-late,3336,37066666296,37066666296,1000000000,1,1000000000,694444,5555552,694444,5555552,11111104,0,1000000000,probe,0,0,probe
rise5-late,3337,37077777407,37077777407,1000000000,1,1000000000,694444,5555552,694444,5555552,11111104,0,1000000000,probe,0,0,probe
rise5-late,3338,37088888518,37088888518,1000000000,1,1000000000,694444,5555552,694444,5555552,11111104,0,1000000000,probe,0,0,probe
rise5-late,3339,37099999629,37099999629,1000000000,1,1000000000,694444,5555552,694444,5555552,11111104,0,1000000000,probe,0,0,probe
rise5-late,3340,37111110740,37111110740,1000000000,1,1000000000,694444,5555552,694444,5555552,11111104,0,1000000000,probe,0,0,probe
rise5-late,3341,37122221851,37122221851,1000000000,1,1000000000,694444,5555552,694444,5555552,11111104,0,1000000000,probe,0,0,probe
rise5-late,3342,37133332962,37133332962,1000000000,1,1000000000,694444,5555552,694444,5555552,11111104,0,1000000000,probe,0,0,probe
rise5-late,3343,37144444073,37144444073,1000000000,1,1000000000,694444,5555552,694444,5555552,11111104,0,1000000000,probe,0,0,probe
rise5-late,3344,37155555184,37155555184,1000000000,1,1000000000,694444,5555552,694444,5555552,11111104,0,1000000000,probe,0,0,probe
rise5-late,3345,37166666295,37166666295,1000000000,1,1000000000,694444,5555552,694444,5555552,11111104,0,1000000000,steady,0,1,probe
rise5-late,3346,37177777406,37177777406,1000000000,1,850000000,590277,4722216,590278,4722224,9444440,0,1000000000,steady,0,0,steady
rise5-late,3347,37188888517,37188888517,1000000000,1,850000000,590277,4722216,590278,4722224,9444440,0,1000000000,steady,0,0,steady
rise5-late,3348,37199999628,37199999628,1000000000,1,850000000,590277,4722216,590278,4722224,9444440,0,1000000000,steady,0,0,steady
rise5-late,3349,37211110739,37211110739,1000000000,1,850000000,590277,4722216,590278,4722224,9444440,0,1000000000,steady,0,0,steady
rise5-late,3350,37222221850,37222221850,1000000000,1,850000000,590277,4722216,590278,4722224,9444440,0,1000000000,steady,0,0,steady
rise5-late,3351,37233332961,37233332961,1000000000,1,850000000,590277,4722216,590278,4722224,9444440,0,1000000000,steady,0,0,steady
rise5-late,3352,37244444072,37244444072,1000000000,1,850000000,590277,4722216,590278,4722224,9444440,0,1000000000,steady,0,0,steady
rise5-late,3353,37255555183,37255555183,1000000000,1,850000000,590277,4722216,590278,4722224,9444440,0,1000000000,steady,0,0,steady
rise5-late,3354,37266666294,37266666294,1000000000,1,850000000,590277,4722216,590278,4722224,9444440,0,1000000000,steady,0,0,steady
rise5-late,3355,37277777405,37277777405,1000000000,1,850000000,590277,4722216,590278,4722224,9444440,0,1000000000,steady,0,0,steady
rise5-late,3356,37288888516,37288888516,1000000000,1,850000000,590277,4722216,590278,4722224,9444440,0,1000000000,steady,0,0,steady
rise5-late,3357,37299999627,37299999627,1000000000,1,850000000,590277,4722216,590278,4722224,9444440,0,1000000000,steady,0,0,steady
rise5-late,3358,37311110738,37311110738,1000000000,1,850000000,590277,4722216,590278,4722224,9444440,0,1000000000,steady,0,0,steady
rise5-late,3359,37322221849,37322221849,1000000000,1,850000000,590277,4722216,590278,4722224,9444440,0,1000000000,steady,0,0,steady
rise5-late,3360,37333332960,37333332960,1000000000,1,850000000,590277,4722216,590278,4722224,9444440,0,1000000000,steady,0,0,steady
rise5-late,3361,37344444071,37344444071,1000000000,1,850000000,590277,4722216,590278,4722224,9444440,0,1000000000,steady,0,0,steady
rise5-late,3362,37355555182,37355555182,1000000000,1,850000000,590277,4722216,590278,4722224,9444440,0,1000000000,steady,0,0,steady
rise5-late,3363,37366666293,37366666293,1000000000,1,850000000,590277,4722216,590278,4722224,9444440,0,1000000000,steady,0,0,steady
rise5-late,3364,37377777404,37377777404,1000000000,1,850000000,590277,4722216,590278,4722224,9444440,0,1000000000,steady,0,0,steady
rise5-late,3365,37388888515,37388888515,1000000000,1,850000000,590277,4722216,590278,4722224,9444440,0,1000000000,steady,0,0,steady
rise5-late,3366,37399999626,37399999626,1000000000,1,850000000,590277,4722216,590278,4722224,9444440,0,1000000000,steady,0,0,steady
rise5-late,3367,37411110737,37411110737,1000000000,1,850000000,590277,4722216,590278,4722224,9444440,0,1000000000,steady,0,0,steady
rise5-late,3368,37422221848,37422221848,1000000000,1,850000000,590277,4722216,590278,4722224,9444440,0,1000000000,steady,0,0,steady
rise5-late,3369,37433332959,37433332959,1000000000,1,850000000,590277,4722216,590278,4722224,9444440,0,1000000000,steady,0,0,steady
rise5-late,3370,37444444070,37444444070,1000000000,1,850000000,590277,4722216,590278,4722224,9444440,0,1000000000,steady,0,0,steady
rise5-late,3371,37455555181,37455555181,1000000000,1,850000000,590277,4722216,590278,4722224,9444440,0,1000000000,steady,0,0,steady
rise5-late,3372,37466666292,37466666292,1000000000,1,850000000,590277,4722216,590278,4722224,9444440,0,1000000000,steady,0,0,steady
rise5-late,3373,37477777403,37477777403,1000000000,1,850000000,590277,4722216,590278,4722224,9444440,0,1000000000,steady,0,0,steady
rise5-late,3374,37488888514,37488888514,1000000000,1,850000000,590277,4722216,590278,4722224,9444440,0,1000000000,steady,0,0,steady
rise5-late,3375,37499999625,37499999625,1000000000,1,850000000,590277,4722216,590278,4722224,9444440,0,1000000000,steady,0,0,steady
rise5-late,3376,37511110736,37511110736,1000000000,1,850000000,590277,4722216,590278,4722224,9444440,0,1000000000,steady,0,0,steady
rise5-late,3377,37522221847,37522221847,1000000000,1,850000000,590277,4722216,590278,4722224,9444440,0,1000000000,steady,0,0,steady
rise5-late,3378,37533332958,37533332958,1000000000,1,850000000,590277,4722216,590278,4722224,9444440,0,1000000000,steady,0,0,steady
rise5-late,3379,37544444069,37544444069,1000000000,1,850000000,590277,4722216,590278,4722224,9444440,0,1000000000,steady,0,0,steady
rise5-late,3380,37555555180,37555555180,1000000000,1,850000000,590277,4722216,590278,4722224,9444440,0,1000000000,steady,0,0,steady
rise5-late,3381,37566666291,37566666291,1000000000,1,850000000,590277,4722216,590278,4722224,9444440,0,1000000000,steady,0,0,steady
rise5-late,3382,37577777402,37577777402,1000000000,1,850000000,590277,4722216,590278,4722224,9444440,0,1000000000,steady,0,0,steady
rise5-late,3383,37588888513,37588888513,1000000000,1,850000000,590277,4722216,590278,4722224,9444440,0,1000000000,steady,0,0,steady
rise5-late,3384,37599999624,37599999624,1000000000,1,850000000,590277,4722216,590278,4722224,9444440,0,1000000000,steady,0,0,steady
rise5-late,3385,37611110735,37611110735,1000000000,1,850000000,590277,4722216,590278,4722224,9444440,0,1000000000,steady,0,0,steady
rise5-late,3386,37622221846,37622221846,1000000000,1,850000000,590277,4722216,590278,4722224,9444440,0,1000000000,steady,0,0,steady
rise5-late,3387,37633332957,37633332957,1000000000,1,850000000,590277,4722216,590278,4722224,9444440,0,1000000000,steady,0,0,steady
rise5-late,3388,37644444068,37644444068,1000000000,1,850000000,590277,4722216,590278,4722224,9444440,0,1000000000,steady,0,0,steady
rise5-late,3389,37655555179,37655555179,1000000000,1,850000000,590277,4722216,590278,4722224,9444440,0,1000000000,steady,0,0,steady
rise5-late,3390,37666666290,37666666290,1000000000,1,850000000,590277,4722216,590278,4722224,9444440,0,1000000000,steady,0,0,steady
rise5-late,3391,37677777401,37677777401,1000000000,1,850000000,590277,4722216,590278,4722224,9444440,0,1000000000,steady,0,0,steady
rise5-late,3392,37688888512,37688888512,1000000000,1,850000000,590277,4722216,590278,4722224,9444440,0,1000000000,steady,0,0,steady
rise5-late,3393,37699999623,37699999623,1000000000,1,850000000,590277,4722216,590278,4722224,9444440,0,1000000000,steady,0,0,steady
rise5-late,3394,37711110734,37711110734,1000000000,1,850000000,590277,4722216,590278,4722224,9444440,0,1000000000,steady,0,0,steady
rise5-late,3395,37722221845,37722221845,1000000000,1,850000000,590277,4722216,590278,4722224,9444440,0,1000000000,steady,0,0,steady
rise5-late,3396,37733332956,37733332956,1000000000,1,850000000,590277,4722216,590278,4722224,9444440,0,1000000000,steady,0,0,steady
rise5-late,3397,37744444067,37744444067,1000000000,1,850000000,590277,4722216,590278,4722224,9444440,0,1000000000,steady,0,0,steady
rise5-late,3398,37755555178,37755555178,1000000000,1,850000000,590277,4722216,590278,4722224,9444440,0,1000000000,steady,0,0,steady
rise5-late,3399,37766666289,37766666289,1000000000,1,850000000,590277,4722216,590278,4722224,9444440,0,1000000000,steady,0,0,steady
rise5-late,3400,37777777400,37777777400,1000000000,1,850000000,590277,4722216,590278,4722224,9444440,0,1000000000,steady,0,0,steady
rise5-late,3401,37788888511,37788888511,1000000000,1,850000000,590277,4722216,590278,4722224,9444440,0,1000000000,steady,0,0,steady
rise5-late,3402,37799999622,37799999622,1000000000,1,850000000,590277,4722216,590278,4722224,9444440,0,1000000000,steady,0,0,steady
rise5-late,3403,37811110733,37811110733,1000000000,1,850000000,590277,4722216,590278,4722224,9444440,0,1000000000,steady,0,0,steady
rise5-late,3404,37822221844,37822221844,1000000000,1,850000000,590277,4722216,590278,4722224,9444440,0,1000000000,steady,0,0,steady
rise5-late,3405,37833332955,37833332955,1000000000,1,850000000,590277,4722216,590278,4722224,9444440,0,1000000000,steady,0,0,steady
rise5-late,3406,37844444066,37844444066,1000000000,1,850000000,590277,4722216,590278,4722224,9444440,0,1000000000,steady,0,0,steady
rise5-late,3407,37855555177,37855555177,1000000000,1,850000000,590277,4722216,590278,4722224,9444440,0,1000000000,steady,0,0,steady
rise5-late,3408,37866666288,37866666288,1000000000,1,850000000,590277,4722216,590278,4722224,9444440,0,1000000000,steady,0,0,steady
rise5-late,3409,37877777399,37877777399,1000000000,1,850000000,590277,4722216,590278,4722224,9444440,0,1000000000,steady,0,0,steady
rise5-late,3410,37888888510,37888888510,1000000000,1,850000000,590277,4722216,590278,4722224,9444440,0,1000000000,steady,0,0,steady
rise5-late,3411,37899999621,37899999621,1000000000,1,850000000,590277,4722216,590278,4722224,9444440,0,1000000000,steady,0,0,steady
rise5-late,3412,37911110732,37911110732,1000000000,1,850000000,590277,4722216,590278,4722224,9444440,0,1000000000,steady,0,0,steady
rise5-late,3413,37922221843,37922221843,1000000000,1,850000000,590277,4722216,590278,4722224,9444440,0,1000000000,steady,0,0,steady
rise5-late,3414,37933332954,37933332954,1000000000,1,850000000,590277,4722216,590278,4722224,9444440,0,1000000000,steady,0,0,steady
rise5-late,3415,37944444065,37944444065,1000000000,1,850000000,590277,4722216,590278,4722224,9444440,0,1000000000,steady,0,0,steady
rise5-late,3416,37955555176,37955555176,1000000000,1,850000000,590277,4722216,590278,4722224,9444440,0,1000000000,steady,0,0,steady
rise5-late,3417,37966666287,37966666287,1000000000,1,850000000,590277,4722216,590278,4722224,9444440,0,1000000000,steady,0,0,steady
rise5-late,3418,37977777398,37977777398,1000000000,1,850000000,590277,4722216,590278,4722224,9444440,0,1000000000,steady,0,0,steady
rise5-late,3419,37988888509,37988888509,1000000000,1,850000000,590277,4722216,590278,4722224,9444440,0,1000000000,steady,0,0,steady
rise5-late,3420,37999999620,37999999620,1000000000,1,850000000,590277,4722216,590278,4722224,9444440,0,1000000000,steady,0,0,steady
rise5-late,3421,38011110731,38011110731,1000000000,1,850000000,590277,4722216,590278,4722224,9444440,0,1000000000,steady,0,0,steady
rise5-late,3422,38022221842,38022221842,1000000000,1,850000000,590277,4722216,590278,4722224,9444440,0,1000000000,steady,0,0,steady
rise5-late,3423,38033332953,38033332953,1000000000,1,850000000,590277,4722216,590278,4722224,9444440,0,1000000000,steady,0,0,steady
rise5-late,3424,38044444064,38044444064,1000000000,1,850000000,590277,4722216,590278,4722224,9444440,0,1000000000,steady,0,0,steady
rise5-late,3425,38055555175,38055555175,1000000000,1,850000000,590277,4722216,590278,4722224,9444440,0,1000000000,steady,0,0,steady
rise5-late,3426,38066666286,38066666286,1000000000,1,850000000,590277,4722216,590278,4722224,9444440,0,1000000000,steady,0,0,steady
rise5-late,3427,38077777397,38077777397,1000000000,1,850000000,590277,4722216,590278,4722224,9444440,0,1000000000,steady,0,0,steady
rise5-late,3428,38088888508,38088888508,1000000000,1,850000000,590277,4722216,590278,4722224,9444440,0,1000000000,steady,0,0,steady
rise5-late,3429,38099999619,38099999619,1000000000,1,850000000,590277,4722216,590278,4722224,9444440,0,1000000000,steady,0,0,steady
rise5-late,3430,38111110730,38111110730,1000000000,1,850000000,590277,4722216,590278,4722224,9444440,0,1000000000,steady,0,0,steady
rise5-late,3431,38122221841,38122221841,1000000000,1,850000000,590277,4722216,590278,4722224,9444440,0,1000000000,steady,0,0,steady
rise5-late,3432,38133332952,38133332952,1000000000,1,850000000,590277,4722216,590278,4722224,9444440,0,1000000000,steady,0,0,steady
rise5-late,3433,38144444063,38144444063,1000000000,1,850000000,590277,4722216,590278,4722224,9444440,0,1000000000,steady,0,0,steady
rise5-late,3434,38155555174,38155555174,1000000000,1,850000000,590277,4722216,590278,4722224,9444440,0,1000000000,steady,0,0,steady
rise5-late,3435,38166666285,38166666285,1000000000,1,850000000,590277,4722216,590278,4722224,9444440,0,1000000000,steady,0,0,steady
rise5-late,3436,38177777396,38177777396,1000000000,1,850000000,590277,4722216,590278,4722224,9444440,0,1000000000,steady,0,0,steady
rise5-late,3437,38188888507,38188888507,1000000000,1,850000000,590277,4722216,590278,4722224,9444440,0,1000000000,steady,0,0,steady
rise5-late,3438,38199999618,38199999618,1000000000,1,850000000,590277,4722216,590278,4722224,9444440,0,1000000000,steady,0,0,steady
rise5-late,3439,38211110729,38211110729,1000000000,1,850000000,590277,4722216,590278,4722224,9444440,0,1000000000,steady,0,0,steady
rise5-late,3440,38222221840,38222221840,1000000000,1,850000000,590277,4722216,590278,4722224,9444440,0,1000000000,steady,0,0,steady
rise5-late,3441,38233332951,38233332951,1000000000,1,850000000,590277,4722216,590278,4722224,9444440,0,1000000000,steady,0,0,steady
rise5-late,3442,38244444062,38244444062,1000000000,1,850000000,590277,4722216,590278,4722224,9444440,0,1000000000,steady,0,0,steady
rise5-late,3443,38255555173,38255555173,1000000000,1,850000000,590277,4722216,590278,4722224,9444440,0,1000000000,steady,0,0,steady
rise5-late,3444,38266666284,38266666284,1000000000,1,850000000,590277,4722216,590278,4722224,9444440,0,1000000000,steady,0,0,steady
rise5-late,3445,38277777395,38277777395,1000000000,1,850000000,590277,4722216,590278,4722224,9444440,0,1000000000,steady,0,0,steady
rise5-late,3446,38288888506,38288888506,1000000000,1,850000000,590277,4722216,590278,4722224,9444440,0,1000000000,steady,0,0,steady
rise5-late,3447,38299999617,38299999617,1000000000,1,850000000,590277,4722216,590278,4722224,9444440,0,1000000000,steady,0,0,steady
rise5-late,3448,38311110728,38311110728,1000000000,1,850000000,590277,4722216,590278,4722224,9444440,0,1000000000,steady,0,0,steady
rise5-late,3449,38322221839,38322221839,1000000000,1,850000000,590277,4722216,590278,4722224,9444440,0,1000000000,steady,0,0,steady
rise5-late,3450,38333332950,38333332950,1000000000,1,850000000,590277,4722216,590278,4722224,9444440,0,1000000000,steady,0,0,steady
rise5-late,3451,38344444061,38344444061,1000000000,1,850000000,590277,4722216,590278,4722224,9444440,0,1000000000,steady,0,0,steady
rise5-late,3452,38355555172,38355555172,1000000000,1,850000000,590277,4722216,590278,4722224,9444440,0,1000000000,steady,0,0,steady
rise5-late,3453,38366666283,38366666283,1000000000,1,850000000,590277,4722216,590278,4722224,9444440,0,1000000000,steady,0,0,steady
rise5-late,3454,38377777394,38377777394,1000000000,1,850000000,590277,4722216,590278,4722224,9444440,0,1000000000,steady,0,0,steady
rise5-late,3455,38388888505,38388888505,1000000000,1,850000000,590277,4722216,590278,4722224,9444440,0,1000000000,steady,0,0,steady
rise5-late,3456,38399999616,38399999616,1000000000,1,850000000,590277,4722216,590278,4722224,9444440,0,1000000000,steady,0,0,steady
rise5-late,3457,38411110727,38411110727,1000000000,1,850000000,590277,4722216,590278,4722224,9444440,0,1000000000,steady,0,0,steady
rise5-late,3458,38422221838,38422221838,1000000000,1,850000000,590277,4722216,590278,4722224,9444440,0,1000000000,steady,0,0,steady
rise5-late,3459,38433332949,38433332949,1000000000,1,850000000,590277,4722216,590278,4722224,9444440,0,1000000000,steady,0,0,steady
rise5-late,3460,38444444060,38444444060,1000000000,1,850000000,590277,4722216,590278,4722224,9444440,0,1000000000,steady,0,0,steady
rise5-late,3461,38455555171,38455555171,1000000000,1,850000000,590277,4722216,590278,4722224,9444440,0,1000000000,steady,0,0,steady
rise5-late,3462,38466666282,38466666282,1000000000,1,850000000,590277,4722216,590278,4722224,9444440,0,1000000000,steady,0,0,steady
rise5-late,3463,38477777393,38477777393,1000000000,1,850000000,590277,4722216,590278,4722224,9444440,0,1000000000,steady,0,0,steady
rise5-late,3464,38488888504,38488888504,1000000000,1,850000000,590277,4722216,590278,4722224,9444440,0,1000000000,steady,0,0,steady
rise5-late,3465,38499999615,38499999615,1000000000,1,850000000,590277,4722216,590278,4722224,9444440,0,1000000000,steady,0,0,steady
rise5-late,3466,38511110726,38511110726,1000000000,1,850000000,590277,4722216,590278,4722224,9444440,0,1000000000,steady,0,0,steady
rise5-late,3467,38522221837,38522221837,1000000000,1,850000000,590277,4722216,590278,4722224,9444440,0,1000000000,steady,0,0,steady
rise5-late,3468,38533332948,38533332948,1000000000,1,850000000,590277,4722216,590278,4722224,9444440,0,1000000000,steady,0,0,steady
rise5-late,3469,38544444059,38544444059,1000000000,1,850000000,590277,4722216,590278,4722224,9444440,0,1000000000,steady,0,0,steady
rise5-late,3470,38555555170,38555555170,1000000000,1,850000000,590277,4722216,590278,4722224,9444440,0,1000000000,steady,0,0,steady
rise5-late,3471,38566666281,38566666281,1000000000,1,850000000,590277,4722216,590278,4722224,9444440,0,1000000000,steady,0,0,steady
rise5-late,3472,38577777392,38577777392,1000000000,1,850000000,590277,4722216,590278,4722224,9444440,0,1000000000,steady,0,0,steady
rise5-late,3473,38588888503,38588888503,1000000000,1,850000000,590277,4722216,590278,4722224,9444440,0,1000000000,steady,0,0,steady
rise5-late,3474,38599999614,38599999614,1000000000,1,850000000,590277,4722216,590278,4722224,9444440,0,1000000000,steady,0,0,steady
rise5-late,3475,38611110725,38611110725,1000000000,1,850000000,590277,4722216,590278,4722224,9444440,0,1000000000,steady,0,0,steady
rise5-late,3476,38622221836,38622221836,1000000000,1,850000000,590277,4722216,590278,4722224,9444440,0,1000000000,steady,0,0,steady
rise5-late,3477,38633332947,38633332947,1000000000,1,850000000,590277,4722216,590278,4722224,9444440,0,1000000000,steady,0,0,steady
rise5-late,3478,38644444058,38644444058,1000000000,1,850000000,590277,4722216,590278,4722224,9444440,0,1000000000,steady,0,0,steady
rise5-late,3479,38655555169,38655555169,1000000000,1,850000000,590277,4722216,590278,4722224,9444440,0,1000000000,steady,0,0,steady
rise5-late,3480,38666666280,38666666280,1000000000,1,850000000,590277,4722216,590278,4722224,9444440,0,1000000000,steady,0,0,steady
rise5-late,3481,38677777391,38677777391,1000000000,1,850000000,590277,4722216,590278,4722224,9444440,0,1000000000,steady,0,0,steady
rise5-late,3482,38688888502,38688888502,1000000000,1,850000000,590277,4722216,590278,4722224,9444440,0,1000000000,steady,0,0,steady
rise5-late,3483,38699999613,38699999613,1000000000,1,850000000,590277,4722216,590278,4722224,9444440,0,1000000000,steady,0,0,steady
rise5-late,3484,38711110724,38711110724,1000000000,1,850000000,590277,4722216,590278,4722224,9444440,0,1000000000,steady,0,0,steady
rise5-late,3485,38722221835,38722221835,1000000000,1,850000000,590277,4722216,590278,4722224,9444440,0,1000000000,steady,0,0,steady
rise5-late,3486,38733332946,38733332946,1000000000,1,850000000,590277,4722216,590278,4722224,9444440,0,1000000000,steady,0,0,steady
rise5-late,3487,38744444057,38744444057,1000000000,1,850000000,590277,4722216,590278,4722224,9444440,0,1000000000,steady,0,0,steady
rise5-late,3488,38755555168,38755555168,1000000000,1,850000000,590277,4722216,590278,4722224,9444440,0,1000000000,steady,0,0,steady
rise5-late,3489,38766666279,38766666279,1000000000,1,850000000,590277,4722216,590278,4722224,9444440,0,1000000000,steady,0,0,steady
rise5-late,3490,38777777390,38777777390,1000000000,1,850000000,590277,4722216,590278,4722224,9444440,0,1000000000,steady,0,0,steady
rise5-late,3491,38788888501,38788888501,1000000000,1,850000000,590277,4722216,590278,4722224,9444440,0,1000000000,steady,0,0,steady
rise5-late,3492,38799999612,38799999612,1000000000,1,850000000,590277,4722216,590278,4722224,9444440,0,1000000000,steady,0,0,steady
rise5-late,3493,38811110723,38811110723,1000000000,1,850000000,590277,4722216,590278,4722224,9444440,0,1000000000,steady,0,0,steady
rise5-late,3494,38822221834,38822221834,1000000000,1,850000000,590277,4722216,590278,4722224,9444440,0,1000000000,steady,0,0,steady
rise5-late,3495,38833332945,38833332945,1000000000,1,850000000,590277,4722216,590278,4722224,9444440,0,1000000000,steady,0,0,steady
rise5-late,3496,38844444056,38844444056,1000000000,1,850000000,590277,4722216,590278,4722224,9444440,0,1000000000,steady,0,0,steady
rise5-late,3497,38855555167,38855555167,1000000000,1,850000000,590277,4722216,590278,4722224,9444440,0,1000000000,steady,0,0,steady
rise5-late,3498,38866666278,38866666278,1000000000,1,850000000,590277,4722216,590278,4722224,9444440,0,1000000000,steady,0,0,steady
rise5-late,3499,38877777389,38877777389,1000000000,1,850000000,590277,4722216,590278,4722224,9444440,0,1000000000,steady,0,0,steady
rise5-late,3500,38888888500,38888888500,1000000000,1,850000000,590277,4722216,590278,4722224,9444440,0,1000000000,steady,0,0,steady
rise5-late,3501,38899999611,38899999611,1000000000,1,850000000,590277,4722216,590278,4722224,9444440,0,1000000000,steady,0,0,steady
rise5-late,3502,38911110722,38911110722,1000000000,1,850000000,590277,4722216,590278,4722224,9444440,0,1000000000,steady,0,0,steady
rise5-late,3503,38922221833,38922221833,1000000000,1,850000000,590277,4722216,590278,4722224,9444440,0,1000000000,steady,0,0,steady
rise5-late,3504,38933332944,38933332944,1000000000,1,850000000,590277,4722216,590278,4722224,9444440,0,1000000000,steady,0,0,steady
rise5-late,3505,38944444055,38944444055,1000000000,1,850000000,590277,4722216,590278,4722224,9444440,0,1000000000,steady,0,0,steady
rise5-late,3506,38955555166,38955555166,1000000000,1,850000000,590277,4722216,590278,4722224,9444440,0,1000000000,steady,0,0,steady
rise5-late,3507,38966666277,38966666277,1000000000,1,850000000,590277,4722216,590278,4722224,9444440,0,1000000000,steady,0,0,steady
rise5-late,3508,38977777388,38977777388,1000000000,1,850000000,590277,4722216,590278,4722224,9444440,0,1000000000,steady,0,0,steady
rise5-late,3509,38988888499,38988888499,1000000000,1,850000000,590277,4722216,590278,4722224,9444440,0,1000000000,steady,0,0,steady
rise5-late,3510,38999999610,38999999610,1000000000,1,850000000,590277,4722216,590278,4722224,9444440,0,1000000000,steady,0,0,steady
rise5-late,3511,39011110721,39011110721,1000000000,1,850000000,590277,4722216,590278,4722224,9444440,0,1000000000,steady,0,0,steady
rise5-late,3512,39022221832,39022221832,1000000000,1,850000000,590277,4722216,590278,4722224,9444440,0,1000000000,steady,0,0,steady
rise5-late,3513,39033332943,39033332943,1000000000,1,850000000,590277,4722216,590278,4722224,9444440,0,1000000000,steady,0,0,steady
rise5-late,3514,39044444054,39044444054,1000000000,1,850000000,590277,4722216,590278,4722224,9444440,0,1000000000,steady,0,0,steady
rise5-late,3515,39055555165,39055555165,1000000000,1,850000000,590277,4722216,590278,4722224,9444440,0,1000000000,steady,0,0,steady
rise5-late,3516,39066666276,39066666276,1000000000,1,850000000,590277,4722216,590278,4722224,9444440,0,1000000000,steady,0,0,steady
rise5-late,3517,39077777387,39077777387,1000000000,1,850000000,590277,4722216,590278,4722224,9444440,0,1000000000,steady,0,0,steady
rise5-late,3518,39088888498,39088888498,1000000000,1,850000000,590277,4722216,590278,4722224,9444440,0,1000000000,steady,0,0,steady
rise5-late,3519,39099999609,39099999609,1000000000,1,850000000,590277,4722216,590278,4722224,9444440,0,1000000000,steady,0,0,steady
rise5-late,3520,39111110720,39111110720,1000000000,1,850000000,590277,4722216,590278,4722224,9444440,0,1000000000,steady,0,0,steady
rise5-late,3521,39122221831,39122221831,1000000000,1,850000000,590277,4722216,590278,4722224,9444440,0,1000000000,steady,0,0,steady
rise5-late,3522,39133332942,39133332942,1000000000,1,850000000,590277,4722216,590278,4722224,9444440,0,1000000000,steady,0,0,steady
rise5-late,3523,39144444053,39144444053,1000000000,1,850000000,590277,4722216,590278,4722224,9444440,0,1000000000,steady,0,0,steady
rise5-late,3524,39155555164,39155555164,1000000000,1,850000000,590277,4722216,590278,4722224,9444440,0,1000000000,steady,0,0,steady
rise5-late,3525,39166666275,39166666275,1000000000,1,850000000,590277,4722216,590278,4722224,9444440,0,1000000000,steady,0,0,steady
rise5-late,3526,39177777386,39177777386,1000000000,1,850000000,590277,4722216,590278,4722224,9444440,0,1000000000,steady,0,0,steady
rise5-late,3527,39188888497,39188888497,1000000000,1,850000000,590277,4722216,590278,4722224,9444440,0,1000000000,steady,0,0,steady
rise5-late,3528,39199999608,39199999608,1000000000,1,850000000,590277,4722216,590278,4722224,9444440,0,1000000000,steady,0,0,steady
rise5-late,3529,39211110719,39211110719,1000000000,1,850000000,590277,4722216,590278,4722224,9444440,0,1000000000,steady,0,0,steady
rise5-late,3530,39222221830,39222221830,1000000000,1,850000000,590277,4722216,590278,4722224,9444440,0,1000000000,steady,0,0,steady
rise5-late,3531,39233332941,39233332941,1000000000,1,850000000,590277,4722216,590278,4722224,9444440,0,1000000000,steady,0,0,steady
rise5-late,3532,39244444052,39244444052,1000000000,1,850000000,590277,4722216,590278,4722224,9444440,0,1000000000,steady,0,0,steady
rise5-late,3533,39255555163,39255555163,1000000000,1,850000000,590277,4722216,590278,4722224,9444440,0,1000000000,steady,0,0,steady
rise5-late,3534,39266666274,39266666274,1000000000,1,850000000,590277,4722216,590278,4722224,9444440,0,1000000000,steady,0,0,steady
rise5-late,3535,39277777385,39277777385,1000000000,1,850000000,590277,4722216,590278,4722224,9444440,0,1000000000,steady,0,0,steady
rise5-late,3536,39288888496,39288888496,1000000000,1,850000000,590277,4722216,590278,4722224,9444440,0,1000000000,steady,0,0,steady
rise5-late,3537,39299999607,39299999607,1000000000,1,850000000,590277,4722216,590278,4722224,9444440,0,1000000000,steady,0,0,steady
rise5-late,3538,39311110718,39311110718,1000000000,1,850000000,590277,4722216,590278,4722224,9444440,0,1000000000,steady,0,0,steady
rise5-late,3539,39322221829,39322221829,1000000000,1,850000000,590277,4722216,590278,4722224,9444440,0,1000000000,steady,0,0,steady
rise5-late,3540,39333332940,39333332940,1000000000,1,850000000,590277,4722216,590278,4722224,9444440,0,1000000000,steady,0,0,steady
rise5-late,3541,39344444051,39344444051,1000000000,1,850000000,590277,4722216,590278,4722224,9444440,0,1000000000,steady,0,0,steady
rise5-late,3542,39355555162,39355555162,1000000000,1,850000000,590277,4722216,590278,4722224,9444440,0,1000000000,steady,0,0,steady
rise5-late,3543,39366666273,39366666273,1000000000,1,850000000,590277,4722216,590278,4722224,9444440,0,1000000000,steady,0,0,steady
rise5-late,3544,39377777384,39377777384,1000000000,1,850000000,590277,4722216,590278,4722224,9444440,0,1000000000,steady,0,0,steady
rise5-late,3545,39388888495,39388888495,1000000000,1,850000000,590277,4722216,590278,4722224,9444440,0,1000000000,steady,0,0,steady
rise5-late,3546,39399999606,39399999606,1000000000,1,850000000,590277,4722216,590278,4722224,9444440,0,1000000000,steady,0,0,steady
rise5-late,3547,39411110717,39411110717,1000000000,1,850000000,590277,4722216,590278,4722224,9444440,0,1000000000,steady,0,0,steady
rise5-late,3548,39422221828,39422221828,1000000000,1,850000000,590277,4722216,590278,4722224,9444440,0,1000000000,steady,0,0,steady
rise5-late,3549,39433332939,39433332939,1000000000,1,850000000,590277,4722216,590278,4722224,9444440,0,1000000000,steady,0,0,steady
rise5-late,3550,39444444050,39444444050,1000000000,1,850000000,590277,4722216,590278,4722224,9444440,0,1000000000,steady,0,0,steady
rise5-late,3551,39455555161,39455555161,1000000000,1,850000000,590277,4722216,590278,4722224,9444440,0,1000000000,steady,0,0,steady
rise5-late,3552,39466666272,39466666272,1000000000,1,850000000,590277,4722216,590278,4722224,9444440,0,1000000000,steady,0,0,steady
rise5-late,3553,39477777383,39477777383,1000000000,1,850000000,590277,4722216,590278,4722224,9444440,0,1000000000,steady,0,0,steady
rise5-late,3554,39488888494,39488888494,1000000000,1,850000000,590277,4722216,590278,4722224,9444440,0,1000000000,steady,0,0,steady
rise5-late,3555,39499999605,39499999605,1000000000,1,850000000,590277,4722216,590278,4722224,9444440,0,1000000000,steady,0,0,steady
rise5-late,3556,39511110716,39511110716,1000000000,1,850000000,590277,4722216,590278,4722224,9444440,0,1000000000,steady,0,0,steady
rise5-late,3557,39522221827,39522221827,1000000000,1,850000000,590277,4722216,590278,4722224,9444440,0,1000000000,steady,0,0,steady
rise5-late,3558,39533332938,39533332938,1000000000,1,850000000,590277,4722216,590278,4722224,9444440,0,1000000000,steady,0,0,steady
rise5-late,3559,39544444049,39544444049,1000000000,1,850000000,590277,4722216,590278,4722224,9444440,0,1000000000,steady,0,0,steady
rise5-late,3560,39555555160,39555555160,1000000000,1,850000000,590277,4722216,590278,4722224,9444440,0,1000000000,steady,0,0,steady
rise5-late,3561,39566666271,39566666271,1000000000,1,850000000,590277,4722216,590278,4722224,9444440,0,1000000000,steady,0,0,steady
rise5-late,3562,39577777382,39577777382,1000000000,1,850000000,590277,4722216,590278,4722224,9444440,0,1000000000,steady,0,0,steady
rise5-late,3563,39588888493,39588888493,1000000000,1,850000000,590277,4722216,590278,4722224,9444440,0,1000000000,steady,0,0,steady
rise5-late,3564,39599999604,39599999604,1000000000,1,850000000,590277,4722216,590278,4722224,9444440,0,1000000000,steady,0,0,steady
rise5-late,3565,39611110715,39611110715,1000000000,1,850000000,590277,4722216,590278,4722224,9444440,0,1000000000,steady,0,0,steady
rise5-late,3566,39622221826,39622221826,1000000000,1,850000000,590277,4722216,590278,4722224,9444440,0,1000000000,steady,0,0,steady
rise5-late,3567,39633332937,39633332937,1000000000,1,850000000,590277,4722216,590278,4722224,9444440,0,1000000000,steady,0,0,steady
rise5-late,3568,39644444048,39644444048,1000000000,1,850000000,590277,4722216,590278,4722224,9444440,0,1000000000,steady,0,0,steady
rise5-late,3569,39655555159,39655555159,1000000000,1,850000000,590277,4722216,590278,4722224,9444440,0,1000000000,steady,0,0,steady
rise5-late,3570,39666666270,39666666270,1000000000,1,850000000,590277,4722216,590278,4722224,9444440,0,1000000000,steady,0,0,steady
rise5-late,3571,39677777381,39677777381,1000000000,1,850000000,590277,4722216,590278,4722224,9444440,0,1000000000,steady,0,0,steady
rise5-late,3572,39688888492,39688888492,1000000000,1,850000000,590277,4722216,590278,4722224,9444440,0,1000000000,steady,0,0,steady
rise5-late,3573,39699999603,39699999603,1000000000,1,850000000,590277,4722216,590278,4722224,9444440,0,1000000000,steady,0,0,steady
rise5-late,3574,39711110714,39711110714,1000000000,1,850000000,590277,4722216,590278,4722224,9444440,0,1000000000,steady,0,0,steady
rise5-late,3575,39722221825,39722221825,1000000000,1,850000000,590277,4722216,590278,4722224,9444440,0,1000000000,steady,0,0,steady
rise5-late,3576,39733332936,39733332936,1000000000,1,850000000,590277,4722216,590278,4722224,9444440,0,1000000000,steady,0,0,steady
rise5-late,3577,39744444047,39744444047,1000000000,1,850000000,590277,4722216,590278,4722224,9444440,0,1000000000,steady,0,0,steady
rise5-late,3578,39755555158,39755555158,1000000000,1,850000000,590277,4722216,590278,4722224,9444440,0,1000000000,steady,0,0,steady
rise5-late,3579,39766666269,39766666269,1000000000,1,850000000,590277,4722216,590278,4722224,9444440,0,1000000000,steady,0,0,steady
rise5-late,3580,39777777380,39777777380,1000000000,1,850000000,590277,4722216,590278,4722224,9444440,0,1000000000,steady,0,0,steady
rise5-late,3581,39788888491,39788888491,1000000000,1,850000000,590277,4722216,590278,4722224,9444440,0,1000000000,steady,0,0,steady
rise5-late,3582,39799999602,39799999602,1000000000,1,850000000,590277,4722216,590278,4722224,9444440,0,1000000000,steady,0,0,steady
rise5-late,3583,39811110713,39811110713,1000000000,1,850000000,590277,4722216,590278,4722224,9444440,0,1000000000,steady,0,0,steady
rise5-late,3584,39822221824,39822221824,1000000000,1,850000000,590277,4722216,590278,4722224,9444440,0,1000000000,steady,0,0,steady
rise5-late,3585,39833332935,39833332935,1000000000,1,850000000,590277,4722216,590278,4722224,9444440,0,1000000000,steady,0,0,steady
rise5-late,3586,39844444046,39844444046,1000000000,1,850000000,590277,4722216,590278,4722224,9444440,0,1000000000,steady,0,0,steady
rise5-late,3587,39855555157,39855555157,1000000000,1,850000000,590277,4722216,590278,4722224,9444440,0,1000000000,steady,0,0,steady
rise5-late,3588,39866666268,39866666268,1000000000,1,850000000,590277,4722216,590278,4722224,9444440,0,1000000000,steady,0,0,steady
rise5-late,3589,39877777379,39877777379,1000000000,1,850000000,590277,4722216,590278,4722224,9444440,0,1000000000,steady,0,0,steady
rise5-late,3590,39888888490,39888888490,1000000000,1,850000000,590277,4722216,590278,4722224,9444440,0,1000000000,steady,0,0,steady
rise5-late,3591,39899999601,39899999601,1000000000,1,850000000,590277,4722216,590278,4722224,9444440,0,1000000000,steady,0,0,steady
rise5-late,3592,39911110712,39911110712,1000000000,1,850000000,590277,4722216,590278,4722224,9444440,0,1000000000,steady,0,0,steady
rise5-late,3593,39922221823,39922221823,1000000000,1,850000000,590277,4722216,590278,4722224,9444440,0,1000000000,steady,0,0,steady
rise5-late,3594,39933332934,39933332934,1000000000,1,850000000,590277,4722216,590278,4722224,9444440,0,1000000000,steady,0,0,steady
rise5-late,3595,39944444045,39944444045,1000000000,1,850000000,590277,4722216,590278,4722224,9444440,0,1000000000,steady,0,0,steady
rise5-late,3596,39955555156,39955555156,1000000000,1,850000000,590277,4722216,590278,4722224,9444440,0,1000000000,steady,0,0,steady
rise5-late,3597,39966666267,39966666267,1000000000,1,850000000,590277,4722216,590278,4722224,9444440,0,1000000000,steady,0,0,steady
rise5-late,3598,39977777378,39977777378,1000000000,1,850000000,590277,4722216,590278,4722224,9444440,0,1000000000,steady,0,0,steady
rise5-late,3599,39988888489,39988888489,1000000000,1,850000000,590277,4722216,590278,4722224,9444440,0,1000000000,steady,0,0,steady
