frame,render_index,decode_ms,render_ms,total_ms
0,0,611.296,76.8095,688.106
0,1,0,1.91458,1.91458
0,2,0,1.75193,1.75193
0,3,0,1.75719,1.75719
1,0,66.9136,3.2712,70.1848
1,1,0,4.51922,4.51922
1,2,0,2.06276,2.06276
1,3,0,1.74818,1.74818
2,0,0.3425,3.22531,3.56781
2,1,0,2.62625,2.62625
2,2,0,2.79083,2.79083
2,3,0,1.91031,1.91031
3,0,0.334218,3.24391,3.57812
3,1,0,2.57708,2.57708
3,2,0,1.89276,1.89276
3,3,0,1.7638,1.7638
4,0,0.316042,3.48391,3.79995
4,1,0,2.47219,2.47219
4,2,0,2.65943,2.65943
4,3,0,2.36792,2.36792
5,0,0.371302,3.40443,3.77573
5,1,0,1.86891,1.86891
5,2,0,2.47745,2.47745
5,3,0,3.10542,3.10542
6,0,0.720729,4.02281,4.74354
6,1,0,1.96792,1.96792
6,2,0,1.83828,1.83828
6,3,0,1.80052,1.80052
7,0,0.649062,3.86386,4.51292
7,1,0,2.58797,2.58797
7,2,0,1.99438,1.99438
7,3,0,1.83474,1.83474
8,0,0.641406,4.1712,4.8126
8,1,0,2.11323,2.11323
8,2,0,1.91562,1.91562
8,3,0,1.96109,1.96109
9,0,1.35521,3.22583,4.58104
9,1,0,1.84203,1.84203
9,2,0,1.8651,1.8651
9,3,0,2.63557,2.63557
10,0,1.11151,3.34974,4.46125
10,1,0,2.02557,2.02557
10,2,0,2.05047,2.05047
10,3,0,1.83932,1.83932
11,0,0.922708,3.25604,4.17875
11,1,0,1.82359,1.82359
11,2,0,2.02854,2.02854
11,3,0,1.83865,1.83865
12,0,0.856615,3.68896,4.54557
12,1,0,2.17599,2.17599
12,2,0,1.83833,1.83833
12,3,0,1.90323,1.90323
13,0,1.05349,3.27307,4.32656
13,1,0,1.94063,1.94063
13,2,0,1.8838,1.8838
13,3,0,2.00104,2.00104
14,0,1.0362,3.34625,4.38245
14,1,0,1.85948,1.85948
14,2,0,2.00193,2.00193
14,3,0,1.85469,1.85469
15,0,0.885417,3.20198,4.0874
15,1,0,1.96307,1.96307
15,2,0,1.83411,1.83411
15,3,0,1.83224,1.83224
16,0,0.856666,3.19995,4.05661
16,1,0,2.00953,2.00953
16,2,0,1.93323,1.93323
16,3,0,2.25646,2.25646
17,0,1.29307,3.18438,4.47745
17,1,0,2.1137,2.1137
17,2,0,2.04266,2.04266
17,3,0,2.08844,2.08844
18,0,1.17203,3.53979,4.71182
18,1,0,1.83156,1.83156
18,2,0,2.11958,2.11958
18,3,0,1.9074,1.9074
19,0,0.929375,3.13359,4.06297
19,1,0,1.83505,1.83505
19,2,0,1.89984,1.89984
19,3,0,1.85271,1.85271
20,0,1.83614,3.2549,5.09104
20,1,0,1.9013,1.9013
20,2,0,1.83818,1.83818
20,3,0,1.83214,1.83214
21,0,0.979636,3.2676,4.24724
21,1,0,1.86646,1.86646
21,2,0,2.08891,2.08891
21,3,0,1.92875,1.92875
22,0,1.05026,3.27823,4.32849
22,1,0,1.97604,1.97604
22,2,0,1.97719,1.97719
22,3,0,1.97812,1.97812
23,0,0.918281,3.47557,4.39385
23,1,0,1.83302,1.83302
23,2,0,1.84286,1.84286
23,3,0,1.97151,1.97151
24,0,1.1724,3.57849,4.75089
24,1,0,1.87448,1.87448
24,2,0,1.83359,1.83359
24,3,0,1.89828,1.89828
25,0,0.915781,3.34943,4.26521
25,1,0,2.05844,2.05844
25,2,0,2.0337,2.0337
25,3,0,1.83443,1.83443
26,0,1.13896,3.18698,4.32594
26,1,0,1.94068,1.94068
26,2,0,1.91885,1.91885
26,3,0,1.82531,1.82531
27,0,0.874271,3.71891,4.59318
27,1,0,1.86135,1.86135
27,2,0,1.85984,1.85984
27,3,0,1.89922,1.89922
28,0,1.15302,3.24714,4.40016
28,1,0,1.86302,1.86302
28,2,0,2.04729,2.04729
28,3,0,1.95385,1.95385
29,0,0.898698,3.2499,4.14859
29,1,0,2.07766,2.07766
29,2,0,2.02328,2.02328
29,3,0,1.84932,1.84932
30,0,1.02609,3.14073,4.16682
30,1,0,1.96828,1.96828
30,2,0,1.84115,1.84115
30,3,0,1.82563,1.82563
31,0,0.849427,3.18979,4.03922
31,1,0,1.82839,1.82839
31,2,0,1.83974,1.83974
31,3,0,2.18875,2.18875
32,0,1.12885,3.24938,4.37823
32,1,0,1.85901,1.85901
32,2,0,1.83312,1.83312
32,3,0,1.8375,1.8375
33,0,0.88776,3.42776,4.31552
33,1,0,2.20568,2.20568
33,2,0,2.03896,2.03896
33,3,0,1.84391,1.84391
34,0,1.05563,3.18458,4.24021
34,1,0,1.87469,1.87469
34,2,0,1.82375,1.82375
34,3,0,1.82104,1.82104
35,0,0.819322,3.2875,4.10682
35,1,0,1.85703,1.85703
35,2,0,1.83615,1.83615
35,3,0,1.8613,1.8613
36,0,1.09953,3.22458,4.32411
36,1,0,1.83859,1.83859
36,2,0,1.83312,1.83312
36,3,0,1.82255,1.82255
37,0,0.881198,3.4351,4.3163
37,1,0,2.03037,2.03037
37,2,0,2.16198,2.16198
37,3,0,1.8512,1.8512
38,0,1.04609,3.5101,4.5562
38,1,0,1.8401,1.8401
38,2,0,2.07229,2.07229
38,3,0,1.8312,1.8312
39,0,0.917396,3.21333,4.13073
39,1,0,1.83344,1.83344
39,2,0,1.8299,1.8299
39,3,0,1.9037,1.9037
40,0,1.0826,3.16307,4.24568
40,1,0,1.8526,1.8526
40,2,0,2.00386,2.00386
40,3,0,1.85865,1.85865
41,0,0.915729,3.27714,4.19286
41,1,0,2.03276,2.03276
41,2,0,2.03089,2.03089
41,3,0,1.83734,1.83734
42,0,1.07208,3.46448,4.53656
42,1,0,1.93073,1.93073
42,2,0,2.06234,2.06234
42,3,0,1.82271,1.82271
43,0,0.871979,3.30406,4.17604
43,1,0,2.06906,2.06906
43,2,0,1.93177,1.93177
43,3,0,1.9437,1.9437
44,0,1.30115,3.18859,4.48974
44,1,0,1.85057,1.85057
44,2,0,1.93969,1.93969
44,3,0,1.83344,1.83344
45,0,0.871875,3.34588,4.21776
45,1,0,2.16995,2.16995
45,2,0,2.01646,2.01646
45,3,0,1.93776,1.93776
46,0,1.09495,3.38427,4.47922
46,1,0,1.83307,1.83307
46,2,0,1.86927,1.86927
46,3,0,1.82984,1.82984
47,0,0.870521,3.31578,4.1863
47,1,0,1.83927,1.83927
47,2,0,2.20172,2.20172
47,3,0,2.05016,2.05016
48,0,1.44036,3.33875,4.77912
48,1,0,1.85755,1.85755
48,2,0,1.8276,1.8276
48,3,0,1.81807,1.81807
49,0,1.42958,3.10068,4.53026
49,1,0,2.16005,2.16005
49,2,0,1.94969,1.94969
49,3,0,1.88755,1.88755
50,0,1.10464,3.13438,4.23901
50,1,0,1.84036,1.84036
50,2,0,1.83615,1.83615
50,3,0,1.83125,1.83125
51,0,0.865886,3.31484,4.18073
51,1,0,1.83844,1.83844
51,2,0,1.90135,1.90135
51,3,0,1.88833,1.88833
52,0,1.32318,3.21271,4.53589
52,1,0,1.8349,1.8349
52,2,0,1.82484,1.82484
52,3,0,1.84385,1.84385
53,0,1.30734,3.82417,5.13151
53,1,0,1.96422,1.96422
53,2,0,1.85292,1.85292
53,3,0,1.85766,1.85766
54,0,1.10797,3.15313,4.26109
54,1,0,1.82443,1.82443
54,2,0,1.82927,1.82927
54,3,0,1.82146,1.82146
55,0,0.890052,3.23427,4.12432
55,1,0,1.87021,1.87021
55,2,0,1.88391,1.88391
55,3,0,1.88464,1.88464
56,0,1.34354,3.16286,4.50641
56,1,0,1.83833,1.83833
56,2,0,1.82703,1.82703
56,3,0,1.81588,1.81588
57,0,1.36693,3.63677,5.0037
57,1,0,1.93213,1.93213
57,2,0,1.85281,1.85281
57,3,0,1.87698,1.87698
58,0,1.05489,3.13828,4.19318
58,1,0,1.83552,1.83552
58,2,0,1.82495,1.82495
58,3,0,1.8263,1.8263
59,0,0.886666,3.20104,4.08771
59,1,0,2.21385,2.21385
59,2,0,1.96088,1.96088
59,3,0,3.17719,3.17719
60,0,0.978802,3.02203,4.00083
60,1,0,2.10713,2.10713
60,2,0,1.82276,1.82276
60,3,0,1.89589,1.89589
61,0,1.66245,3.5076,5.17005
61,1,0,2.04719,2.04719
61,2,0,1.86885,1.86885
61,3,0,1.83104,1.83104
62,0,0.837031,3.27662,4.11365
62,1,0,1.82917,1.82917
62,2,0,2.14438,2.14438
62,3,0,1.82833,1.82833
63,0,0.778386,3.17464,3.95302
63,1,0,1.98219,1.98219
63,2,0,2.32547,2.32547
63,3,0,1.97516,1.97516
64,0,0.988698,3.13297,4.12167
64,1,0,1.84104,1.84104
64,2,0,2.1163,2.1163
64,3,0,2.34557,2.34557
65,0,1.24521,3.18807,4.43328
65,1,0,1.98031,1.98031
65,2,0,1.85062,1.85062
65,3,0,1.82297,1.82297
66,0,0.833385,3.28516,4.11854
66,1,0,1.83739,1.83739
66,2,0,1.8274,1.8274
66,3,0,1.83693,1.83693
67,0,0.803646,4.00656,4.81021
67,1,0,2.03151,2.03151
67,2,0,1.88724,1.88724
67,3,0,1.85245,1.85245
68,0,1.01672,3.46911,4.48583
68,1,0,1.83271,1.83271
68,2,0,2.0013,2.0013
68,3,0,1.98031,1.98031
69,0,1.12875,3.17479,4.30354
69,1,0,1.85401,1.85401
69,2,0,1.87823,1.87823
69,3,0,1.83828,1.83828
70,0,0.958125,3.08224,4.04037
70,1,0,1.9625,1.9625
70,2,0,1.91464,1.91464
70,3,0,1.83224,1.83224
71,0,0.876511,3.31979,4.1963
71,1,0,1.88943,1.88943
71,2,0,1.87906,1.87906
71,3,0,1.83365,1.83365
72,0,1.01109,3.42255,4.43365
72,1,0,1.82203,1.82203
72,2,0,1.84057,1.84057
72,3,0,1.89953,1.89953
73,0,1.58364,3.42151,5.00516
73,1,0,1.87417,1.87417
73,2,0,1.85031,1.85031
73,3,0,1.82656,1.82656
74,0,0.879323,3.2901,4.16943
74,1,0,1.83724,1.83724
74,2,0,1.83568,1.83568
74,3,0,1.92365,1.92365
75,0,0.798177,3.32375,4.12193
75,1,0,1.89813,1.89813
75,2,0,2.09761,2.09761
75,3,0,1.82797,1.82797
76,0,1.18255,3.6962,4.87875
76,1,0,1.82807,1.82807
76,2,0,1.97609,1.97609
76,3,0,1.95151,1.95151
77,0,1.14287,3.22792,4.37078
77,1,0,2.18875,2.18875
77,2,0,1.91151,1.91151
77,3,0,2.54182,2.54182
78,0,1.03844,3.12703,4.16547
78,1,0,1.82865,1.82865
78,2,0,1.82521,1.82521
78,3,0,1.92396,1.92396
79,0,0.955261,3.24219,4.19745
79,1,0,2.04266,2.04266
79,2,0,1.83073,1.83073
79,3,0,1.82833,1.82833
80,0,1.31141,3.18495,4.49635
80,1,0,1.85042,1.85042
80,2,0,1.8874,1.8874
80,3,0,2.0026,2.0026
81,0,1.09891,3.27026,4.36917
81,1,0,1.86677,1.86677
81,2,0,1.82943,1.82943
81,3,0,1.83729,1.83729
82,0,0.846146,3.35578,4.20193
82,1,0,1.81859,1.81859
82,2,0,1.81625,1.81625
82,3,0,1.82875,1.82875
83,0,0.796094,3.1676,3.9637
83,1,0,2.20323,2.20323
83,2,0,2.03656,2.03656
83,3,0,1.84531,1.84531
84,0,1.3313,3.22745,4.55875
84,1,0,1.85245,1.85245
84,2,0,1.87583,1.87583
84,3,0,1.9512,1.9512
85,0,1.07766,3.23635,4.31401
85,1,0,1.92422,1.92422
85,2,0,1.82745,1.82745
85,3,0,1.82521,1.82521
86,0,0.814739,3.22823,4.04297
86,1,0,1.82344,1.82344
86,2,0,1.95646,1.95646
86,3,0,1.83818,1.83818
87,0,0.817656,5.92719,6.74484
87,1,0,2.16547,2.16547
87,2,0,1.85021,1.85021
87,3,0,1.82635,1.82635
88,0,0.989219,4.03052,5.01974
88,1,0,2.0299,2.0299
88,2,0,2.0275,2.0275
88,3,0,1.83713,1.83713
89,0,1.13906,3.22995,4.36901
89,1,0,1.82646,1.82646
89,2,0,1.82995,1.82995
89,3,0,1.83797,1.83797
90,0,0.85,3.26557,4.11557
90,1,0,1.81828,1.81828
90,2,0,1.82406,1.82406
90,3,0,1.85755,1.85755
91,0,0.977448,3.50906,4.48651
91,1,0,1.84146,1.84146
91,2,0,1.83344,1.83344
91,3,0,1.85427,1.85427
92,0,0.999427,3.73932,4.73875
92,1,0,2.04641,2.04641
92,2,0,2.02448,2.02448
92,3,0,1.85427,1.85427
93,0,1.10427,3.22385,4.32812
93,1,0,1.93255,1.93255
93,2,0,1.84354,1.84354
93,3,0,1.83312,1.83312
94,0,0.925416,3.14406,4.06948
94,1,0,1.85167,1.85167
94,2,0,1.85865,1.85865
94,3,0,1.88484,1.88484
95,0,1.19625,3.25156,4.44781
95,1,0,1.88213,1.88213
95,2,0,1.85193,1.85193
95,3,0,1.83891,1.83891
96,0,1.1575,3.33646,4.49396
96,1,0,2.11286,2.11286
96,2,0,2.01641,2.01641
96,3,0,3.96281,3.96281
97,0,1.19823,3.26094,4.45917
97,1,0,1.86625,1.86625
97,2,0,1.83187,1.83187
97,3,0,2.03193,2.03193
98,0,1.26656,3.15052,4.41708
98,1,0,2.18839,2.18839
98,2,0,2.47583,2.47583
98,3,0,2.07172,2.07172
99,0,1.22188,3.09078,4.31266
99,1,0,1.83354,1.83354
99,2,0,1.83688,1.83688
99,3,0,1.88958,1.88958
100,0,1.37771,3.36271,4.74042
100,1,0,1.86635,1.86635
100,2,0,1.85865,1.85865
100,3,0,1.83922,1.83922
101,0,0.969583,3.24042,4.21
101,1,0,1.87318,1.87318
101,2,0,1.82021,1.82021
101,3,0,1.82422,1.82422
102,0,0.935365,3.52963,4.465
102,1,0,2.01156,2.01156
102,2,0,2.12823,2.12823
102,3,0,1.89854,1.89854
103,0,1.39083,3.22599,4.61682
103,1,0,1.8849,1.8849
103,2,0,3.20745,3.20745
103,3,0,2.74724,2.74724
104,0,1.05891,3.3363,4.39521
104,1,0,2.5788,2.5788
104,2,0,2.20766,2.20766
104,3,0,2.39276,2.39276
105,0,1.11734,3.83604,4.95339
105,1,0,2.16338,2.16338
105,2,0,2.06636,2.06636
105,3,0,2.18125,2.18125
106,0,0.909323,3.7076,4.61693
106,1,0,2.29047,2.29047
106,2,0,2.34453,2.34453
106,3,0,2.0199,2.0199
107,0,0.837708,3.68328,4.52099
107,1,0,2.58672,2.58672
107,2,0,2.2362,2.2362
107,3,0,1.99479,1.99479
108,0,0.861667,3.30339,4.16505
108,1,0,2.86354,2.86354
108,2,0,2.49198,2.49198
108,3,0,2.58422,2.58422
109,0,1.31693,3.27734,4.59427
109,1,0,2.57964,2.57964
109,2,0,2.43495,2.43495
109,3,0,2.41766,2.41766
110,0,1.02948,3.62667,4.65615
110,1,0,2.70688,2.70688
110,2,0,2.34302,2.34302
110,3,0,2.49818,2.49818
111,0,1.37625,3.43849,4.81474
111,1,0,1.84146,1.84146
111,2,0,1.81385,1.81385
111,3,0,1.81818,1.81818
112,0,0.780938,3.69068,4.47161
112,1,0,2.33839,2.33839
112,2,0,1.97349,1.97349
112,3,0,5.2876,5.2876
113,0,1.27599,7.6588,8.93479
113,1,0,2.93802,2.93802
113,2,0,2.33641,2.33641
113,3,0,2.65047,2.65047
114,0,1.1388,3.72979,4.86859
114,1,0,4.67443,4.67443
114,2,0,2.78135,2.78135
114,3,0,2.05953,2.05953
115,0,0.396354,3.32156,3.71792
115,1,0,1.945,1.945
115,2,0,2.71021,2.71021
115,3,0,2.52479,2.52479
116,0,0.374531,3.24094,3.61547
116,1,0,2.21104,2.21104
116,2,0,3.00713,3.00713
116,3,0,1.98385,1.98385
117,0,0.564323,4.32526,4.88958
117,1,0,1.95365,1.95365
117,2,0,1.95156,1.95156
117,3,0,1.85406,1.85406
118,0,0.39625,3.56891,3.96516
118,1,0,2.4476,2.4476
118,2,0,1.85328,1.85328
118,3,0,1.81156,1.81156
119,0,0.353438,3.85062,4.20406
119,1,0,1.99792,1.99792
119,2,0,4.2512,4.2512
119,3,0,1.85948,1.85948
120,0,0.368698,3.35911,3.72781
120,1,0,2.80203,2.80203
120,2,0,2.19177,2.19177
120,3,0,2.47588,2.47588
121,0,0.397604,3.48464,3.88224
121,1,0,4.22011,4.22011
121,2,0,2.16344,2.16344
121,3,0,1.85453,1.85453
122,0,0.370157,5.63849,6.00865
122,1,0,1.91865,1.91865
122,2,0,2.76526,2.76526
122,3,0,2.05469,2.05469
123,0,0.439531,5.26344,5.70297
123,1,0,1.84016,1.84016
123,2,0,1.84625,1.84625
123,3,0,2.66849,2.66849
124,0,0.43026,4.13516,4.56542
124,1,0,3.9026,3.9026
124,2,0,2.10635,2.10635
124,3,0,1.79,1.79
125,0,0.485208,3.62062,4.10583
125,1,0,4.56302,4.56302
125,2,0,1.85391,1.85391
125,3,0,1.85151,1.85151
126,0,0.473125,3.9513,4.42443
126,1,0,2.4199,2.4199
126,2,0,3.91182,3.91182
126,3,0,2.28031,2.28031
127,0,0.577136,4.18995,4.76708
127,1,0,1.8849,1.8849
127,2,0,4.6575,4.6575
127,3,0,1.99354,1.99354
128,0,0.483386,3.73875,4.22214
128,1,0,2,2
128,2,0,4.50432,4.50432
128,3,0,1.89911,1.89911
129,0,0.546875,3.41135,3.95823
129,1,0,2.77635,2.77635
129,2,0,2.50089,2.50089
129,3,0,4.09391,4.09391
130,0,0.517968,3.28547,3.80344
130,1,0,2.58276,2.58276
130,2,0,1.88578,1.88578
130,3,0,2.45818,2.45818
131,0,0.391771,4.81995,5.21172
131,1,0,1.76089,1.76089
131,2,0,2.44667,2.44667
131,3,0,1.7837,1.7837
132,0,0.584062,6.17531,6.75938
132,1,0,1.92865,1.92865
132,2,0,2.13276,2.13276
132,3,0,2.41625,2.41625
133,0,0.37927,3.88271,4.26198
133,1,0,4.20474,4.20474
133,2,0,1.79641,1.79641
133,3,0,2.46625,2.46625
134,0,0.378593,3.90568,4.28427
134,1,0,4.1699,4.1699
134,2,0,1.82505,1.82505
134,3,0,2.12427,2.12427
135,0,0.365,3.22781,3.59281
135,1,0,4.74026,4.74026
135,2,0,2.36469,2.36469
135,3,0,2.06734,2.06734
136,0,0.364114,4.11193,4.47604
136,1,0,2.4751,2.4751
136,2,0,4.27526,4.27526
136,3,0,2.08448,2.08448
137,0,0.363333,3.95682,4.32016
137,1,0,2.67437,2.67437
137,2,0,3.62422,3.62422
137,3,0,1.77609,1.77609
138,0,0.390781,4.00469,4.39547
138,1,0,1.82583,1.82583
138,2,0,2.53505,2.53505
138,3,0,3.84354,3.84354
139,0,0.521562,3.22885,3.75042
139,1,0,2.46682,2.46682
139,2,0,1.81401,1.81401
139,3,0,2.48094,2.48094
140,0,0.555938,5.28437,5.84031
140,1,0,2.44271,2.44271
140,2,0,1.90276,1.90276
140,3,0,2.40943,2.40943
141,0,0.403177,5.19005,5.59323
141,1,0,2.29297,2.29297
141,2,0,2.81016,2.81016
141,3,0,1.97068,1.97068
142,0,0.541719,5.5401,6.08182
142,1,0,1.96828,1.96828
142,2,0,2.65771,2.65771
142,3,0,1.85099,1.85099
143,0,0.584583,4.01526,4.59984
143,1,0,3.92516,3.92516
143,2,0,1.77812,1.77812
143,3,0,2.46432,2.46432
144,0,0.39474,3.83641,4.23115
144,1,0,3.87844,3.87844
144,2,0,1.76375,1.76375
144,3,0,1.77469,1.77469
145,0,1.09505,3.45057,4.54563
145,1,0,4.9063,4.9063
145,2,0,2.04578,2.04578
145,3,0,1.83146,1.83146
146,0,0.465052,4.27932,4.74437
146,1,0,2.61755,2.61755
146,2,0,4.13771,4.13771
146,3,0,1.79135,1.79135
147,0,0.358646,3.92786,4.28651
147,1,0,2.58802,2.58802
147,2,0,4.03911,4.03911
147,3,0,1.99302,1.99302
148,0,0.478021,4.07021,4.54823
148,1,0,1.90359,1.90359
148,2,0,2.41672,2.41672
148,3,0,3.91161,3.91161
149,0,0.365313,3.36281,3.72812
149,1,0,2.66938,2.66938
149,2,0,2.48349,2.48349
149,3,0,3.90073,3.90073
150,0,0.357604,3.23208,3.58969
150,1,0,2.48922,2.48922
150,2,0,1.81401,1.81401
150,3,0,2.40432,2.40432
151,0,0.391771,5.13745,5.52922
151,1,0,1.8624,1.8624
151,2,0,2.50328,2.50328
151,3,0,1.82323,1.82323
152,0,0.37599,4.02661,4.4026
152,1,0,4.13656,4.13656
152,2,0,2.24844,2.24844
152,3,0,1.90057,1.90057
153,0,0.36724,4.00302,4.37026
153,1,0,4.37287,4.37287
153,2,0,1.8526,1.8526
153,3,0,1.80229,1.80229
154,0,0.459063,3.27958,3.73865
154,1,0,2.39646,2.39646
154,2,0,1.81927,1.81927
154,3,0,4.65359,4.65359
155,0,0.398594,3.59672,3.99531
155,1,0,2.58844,2.58844
155,2,0,1.82755,1.82755
155,3,0,2.70417,2.70417
156,0,0.514635,4.94224,5.45688
156,1,0,1.80677,1.80677
156,2,0,2.59693,2.59693
156,3,0,1.81854,1.81854
157,0,0.762187,5.53656,6.29875
157,1,0,1.78302,1.78302
157,2,0,1.77448,1.77448
157,3,0,2.47964,2.47964
158,0,0.373021,3.98078,4.3538
158,1,0,3.88891,3.88891
158,2,0,1.80073,1.80073
158,3,0,2.54562,2.54562
159,0,0.481406,4.4049,4.8863
159,1,0,4.06208,4.06208
159,2,0,1.84943,1.84943
159,3,0,1.79318,1.79318
160,0,0.506979,3.52854,4.03552
160,1,0,2.59568,2.59568
160,2,0,3.91969,3.91969
160,3,0,1.7925,1.7925
161,0,0.49125,4.36594,4.85719
161,1,0,2.72078,2.72078
161,2,0,3.885,3.885
161,3,0,1.80688,1.80688
162,0,0.457083,3.97281,4.4299
162,1,0,1.84474,1.84474
162,2,0,2.88505,2.88505
162,3,0,4.00875,4.00875
163,0,0.549531,3.82016,4.36969
163,1,0,1.82391,1.82391
163,2,0,2.5912,2.5912
163,3,0,3.9113,3.9113
164,0,0.523854,3.21203,3.73589
164,1,0,2.65318,2.65318
164,2,0,1.86214,1.86214
164,3,0,2.59667,2.59667
165,0,0.532761,4.86531,5.39807
165,1,0,1.87943,1.87943
165,2,0,2.66912,2.66912
165,3,0,2.93938,2.93938
166,0,0.575052,5.18161,5.75667
166,1,0,1.80583,1.80583
166,2,0,2.55833,2.55833
166,3,0,1.78656,1.78656
167,0,0.47,4.13307,4.60307
167,1,0,3.9062,3.9062
167,2,0,2.93469,2.93469
167,3,0,1.84172,1.84172
168,0,0.504375,4.06104,4.56542
168,1,0,3.85771,3.85771
168,2,0,1.83615,1.83615
168,3,0,2.93427,2.93427
169,0,0.461666,3.98661,4.44828
169,1,0,3.96547,3.96547
169,2,0,1.78172,1.78172
169,3,0,2.67073,2.67073
170,0,0.380416,4.28687,4.66729
170,1,0,3.94016,3.94016
170,2,0,1.89344,1.89344
170,3,0,1.85839,1.85839
171,0,0.646979,3.59266,4.23964
171,1,0,4.76703,4.76703
171,2,0,2.06255,2.06255
171,3,0,1.94531,1.94531
172,0,0.677083,4.23557,4.91266
172,1,0,2.67667,2.67667
172,2,0,3.92234,3.92234
172,3,0,1.79182,1.79182
173,0,0.35526,3.99214,4.3474
173,1,0,2.65813,2.65813
173,2,0,3.95995,3.95995
173,3,0,1.87906,1.87906
174,0,0.502031,4.20521,4.70724
174,1,0,1.82422,1.82422
174,2,0,4.87135,4.87135
174,3,0,2.28037,2.28037
175,0,0.457032,5.13891,5.59594
175,1,0,2.67141,2.67141
175,2,0,3.895,3.895
175,3,0,1.78073,1.78073
176,0,0.35349,4.06125,4.41474
176,1,0,1.80526,1.80526
176,2,0,2.59797,2.59797
176,3,0,3.98729,3.98729
177,0,1.26208,3.87281,5.1349
177,1,0,1.90677,1.90677
177,2,0,2.57068,2.57068
177,3,0,3.98599,3.98599
178,0,0.614844,3.31297,3.92781
178,1,0,2.73083,2.73083
178,2,0,1.89995,1.89995
178,3,0,2.35088,2.35088
179,0,0.468229,4.86339,5.33161
179,1,0,1.76599,1.76599
179,2,0,2.57604,2.57604
179,3,0,1.84885,1.84885
180,0,0.596511,5.5763,6.17281
180,1,0,1.82,1.82
180,2,0,2.55479,2.55479
180,3,0,1.79604,1.79604
181,0,0.589375,4.49115,5.08052
181,1,0,4.10031,4.10031
181,2,0,1.84104,1.84104
181,3,0,2.59771,2.59771
182,0,0.488542,3.97016,4.4587
182,1,0,3.93745,3.93745
182,2,0,1.79948,1.79948
182,3,0,2.59323,2.59323
183,0,0.642864,4.02187,4.66474
183,1,0,3.90781,3.90781
183,2,0,1.8025,1.8025
183,3,0,1.7737,1.7737
184,0,0.464948,3.84229,4.30724
184,1,0,5.34573,5.34573
184,2,0,1.82281,1.82281
184,3,0,1.78031,1.78031
185,0,0.378073,4.33823,4.7163
185,1,0,2.59661,2.59661
185,2,0,3.91068,3.91068
185,3,0,1.765,1.765
186,0,0.355729,4.01245,4.36818
186,1,0,3.68786,3.68786
186,2,0,2.88625,2.88625
186,3,0,1.79479,1.79479
187,0,0.35698,4.12536,4.48234
187,1,0,2.00271,2.00271
187,2,0,2.89365,2.89365
187,3,0,4.01578,4.01578
188,0,0.41052,3.19693,3.60745
188,1,0,2.33953,2.33953
188,2,0,1.80714,1.80714
188,3,0,2.41812,2.41812
189,0,0.519219,5.06354,5.58276
189,1,0,2.685,2.685
189,2,0,1.88979,1.88979
189,3,0,2.60234,2.60234
190,0,0.51,4.78354,5.29354
190,1,0,1.78995,1.78995
190,2,0,2.61172,2.61172
190,3,0,1.93656,1.93656
191,0,0.556042,4.16083,4.71687
191,1,0,3.96339,3.96339
191,2,0,1.79354,1.79354
191,3,0,2.59057,2.59057
192,0,0.477135,3.92412,4.40125
192,1,0,3.94453,3.94453
192,2,0,1.79469,1.79469
192,3,0,2.66557,2.66557
193,0,0.513125,3.93135,4.44448
193,1,0,3.9126,3.9126
193,2,0,1.80083,1.80083
193,3,0,1.79,1.79
194,0,0.817396,3.96875,4.78615
194,1,0,2.48849,2.48849
194,2,0,3.95406,3.95406
194,3,0,1.81406,1.81406
195,0,0.461042,4.04312,4.50417
195,1,0,2.60365,2.60365
195,2,0,3.88531,3.88531
195,3,0,1.81271,1.81271
196,0,0.863021,4.05156,4.91458
196,1,0,1.83255,1.83255
196,2,0,2.3974,2.3974
196,3,0,3.91922,3.91922
197,0,0.584844,4.2774,4.86224
197,1,0,1.86073,1.86073
197,2,0,2.6837,2.6837
197,3,0,3.9213,3.9213
198,0,0.500104,3.14781,3.64792
198,1,0,3.01901,3.01901
198,2,0,2.90943,2.90943
198,3,0,3.92422,3.92422
199,0,0.564843,3.17615,3.74099
199,1,0,2.59302,2.59302
199,2,0,1.76401,1.76401
199,3,0,2.58573,2.58573
200,0,0.391458,5.31245,5.70391
200,1,0,2.90917,2.90917
200,2,0,2.46031,2.46031
200,3,0,2.85786,2.85786
201,0,0.53625,5.76687,6.30312
201,1,0,2.59453,2.59453
201,2,0,1.80917,1.80917
201,3,0,2.67557,2.67557
202,0,0.603229,5.87537,6.47859
202,1,0,2.91172,2.91172
202,2,0,1.81448,1.81448
202,3,0,2.59505,2.59505
203,0,0.728646,5.57292,6.30156
203,1,0,1.84641,1.84641
203,2,0,2.42891,2.42891
203,3,0,2.57344,2.57344
204,0,0.469427,5.77099,6.24042
204,1,0,1.80917,1.80917
204,2,0,2.54328,2.54328
204,3,0,1.7925,1.7925
205,0,0.365156,4.96177,5.32693
205,1,0,3.91677,3.91677
205,2,0,2.55448,2.55448
205,3,0,1.78438,1.78438
206,0,0.372761,5.03286,5.40562
206,1,0,4.01083,4.01083
206,2,0,2.66261,2.66261
206,3,0,1.78708,1.78708
207,0,0.446822,4.7324,5.17922
207,1,0,3.90724,3.90724
207,2,0,2.53708,2.53708
207,3,0,1.79016,1.79016
208,0,0.437136,4.13182,4.56896
208,1,0,4.66297,4.66297
208,2,0,1.79109,1.79109
208,3,0,2.43531,2.43531
209,0,0.378385,4.08365,4.46203
209,1,0,4.82521,4.82521
209,2,0,1.82859,1.82859
209,3,0,2.5913,2.5913
210,0,0.420416,4.27208,4.6925
210,1,0,4.6163,4.6163
210,2,0,1.7724,1.7724
210,3,0,2.55135,2.55135
211,0,0.388593,4.00417,4.39276
211,1,0,4.4775,4.4775
211,2,0,1.7812,1.7812
211,3,0,2.89854,2.89854
212,0,1.15969,4.65838,5.81807
212,1,0,4.68339,4.68339
212,2,0,1.82125,1.82125
212,3,0,2.84948,2.84948
213,0,0.469011,6.81844,7.28745
213,1,0,1.80776,1.80776
213,2,0,1.765,1.765
213,3,0,3.08698,3.08698
214,0,0.534948,7.14865,7.68359
214,1,0,1.80177,1.80177
214,2,0,2.97042,2.97042
214,3,0,1.87224,1.87224
215,0,0.508125,7.40422,7.91234
215,1,0,1.79495,1.79495
215,2,0,2.91281,2.91281
215,3,0,1.79125,1.79125
216,0,0.710156,6.85932,7.56948
216,1,0,1.83219,1.83219
216,2,0,3.05359,3.05359
216,3,0,3.05615,3.05615
217,0,0.394167,5.64917,6.04333
217,1,0,1.81844,1.81844
217,2,0,3.23208,3.23208
217,3,0,3.15849,3.15849
218,0,0.481719,5.76594,6.24766
218,1,0,1.78802,1.78802
218,2,0,2.80073,2.80073
218,3,0,2.92443,2.92443
219,0,0.413021,6.22615,6.63917
219,1,0,2.98375,2.98375
219,2,0,1.88182,1.88182
219,3,0,2.99448,2.99448
220,0,0.391302,5.58724,5.97854
220,1,0,3.26349,3.26349
220,2,0,2.00141,2.00141
220,3,0,3.02958,3.02958
221,0,0.48698,5.54849,6.03547
221,1,0,2.92406,2.92406
221,2,0,1.79344,1.79344
221,3,0,2.9362,2.9362
222,0,0.457968,5.5787,6.03667
222,1,0,2.98417,2.98417
222,2,0,1.81104,1.81104
222,3,0,2.94047,2.94047
223,0,0.43375,6.00266,6.43641
223,1,0,3.19302,3.19302
223,2,0,1.85057,1.85057
223,3,0,3.0313,3.0313
224,0,0.399635,5.58615,5.98578
224,1,0,2.98188,2.98188
224,2,0,1.79859,1.79859
224,3,0,5.97521,5.97521
225,0,0.427604,3.24526,3.67286
225,1,0,2.92213,2.92213
225,2,0,2.90578,2.90578
225,3,0,4.76213,4.76213
226,0,0.538385,5.37052,5.90891
226,1,0,1.8499,1.8499
226,2,0,2.76385,2.76385
226,3,0,4.60438,4.60438
227,0,0.360886,4.22135,4.58224
227,1,0,2.17484,2.17484
227,2,0,5.56443,5.56443
227,3,0,1.84208,1.84208
228,0,0.364844,4.47375,4.83859
228,1,0,2.91219,2.91219
228,2,0,4.97932,4.97932
228,3,0,1.8338,1.8338
229,0,0.385,4.45177,4.83677
229,1,0,2.96026,2.96026
229,2,0,4.61474,4.61474
229,3,0,1.77651,1.77651
230,0,0.361094,4.51531,4.87641
230,1,0,3.04729,3.04729
230,2,0,4.60021,4.60021
230,3,0,1.8001,1.8001
231,0,0.349583,4.27677,4.62635
231,1,0,6.30703,6.30703
231,2,0,1.85641,1.85641
231,3,0,1.81552,1.81552
232,0,0.459427,5.07453,5.53396
232,1,0,4.71427,4.71427
232,2,0,1.79036,1.79036
232,3,0,1.75516,1.75516
233,0,0.41276,3.89193,4.30469
233,1,0,5.77797,5.77797
233,2,0,1.79667,1.79667
233,3,0,1.74463,1.74463
234,0,0.355833,5.72703,6.08286
234,1,0,4.78484,4.78484
234,2,0,1.82849,1.82849
234,3,0,2.90714,2.90714
235,0,0.3575,4.37177,4.72927
235,1,0,4.60213,4.60213
235,2,0,1.79375,1.79375
235,3,0,2.97354,2.97354
236,0,0.450573,4.3762,4.82677
236,1,0,4.61937,4.61937
236,2,0,1.78615,1.78615
236,3,0,2.95323,2.95323
237,0,0.563594,4.67141,5.235
237,1,0,4.68286,4.68286
237,2,0,1.78505,1.78505
237,3,0,3.05453,3.05453
238,0,0.376927,4.5226,4.89953
238,1,0,4.62068,4.62068
238,2,0,1.82677,1.82677
238,3,0,2.88922,2.88922
239,0,0.456146,4.60016,5.0563
239,1,0,4.72682,4.72682
239,2,0,2.9812,2.9812
239,3,0,2.0837,2.0837
240,0,0.857552,6.51635,7.37391
240,1,0,1.76677,1.76677
240,2,0,2.94297,2.94297
240,3,0,1.79224,1.79224
241,0,0.694844,6.60635,7.3012
241,1,0,1.84739,1.84739
241,2,0,3.01458,3.01458
241,3,0,1.80958,1.80958
242,0,0.440677,6.94766,7.38833
242,1,0,1.84448,1.84448
242,2,0,3.29885,3.29885
242,3,0,3.10354,3.10354
243,0,0.553542,5.65708,6.21063
243,1,0,1.79146,1.79146
243,2,0,2.77495,2.77495
243,3,0,2.93818,2.93818
244,0,0.405937,5.83333,6.23927
244,1,0,1.83458,1.83458
244,2,0,2.97406,2.97406
244,3,0,2.9499,2.9499
245,0,0.415156,5.79552,6.21068
245,1,0,2.06146,2.06146
245,2,0,2.89349,2.89349
245,3,0,3.05792,3.05792
246,0,0.439114,5.83505,6.27417
246,1,0,2.93656,2.93656
246,2,0,1.79245,1.79245
246,3,0,2.92578,2.92578
247,0,0.405364,5.8637,6.26906
247,1,0,2.98104,2.98104
247,2,0,1.80391,1.80391
247,3,0,2.91234,2.91234
248,0,0.439114,6.05365,6.49276
248,1,0,3.05667,3.05667
248,2,0,1.88708,1.88708
248,3,0,2.9575,2.9575
249,0,0.516458,5.72016,6.23661
249,1,0,2.90484,2.90484
249,2,0,1.81995,1.81995
249,3,0,3.21047,3.21047
250,0,0.862709,4.89297,5.75568
250,1,0,2.95385,2.95385
250,2,0,1.81432,1.81432
250,3,0,2.94162,2.94162
251,0,1.21432,5.21349,6.42781
251,1,0,3.04161,3.04161
251,2,0,2.13484,2.13484
251,3,0,2.51984,2.51984
252,0,0.485573,5.48995,5.97552
252,1,0,2.91526,2.91526
252,2,0,1.81062,1.81062
252,3,0,3.04641,3.04641
253,0,0.56776,5.7601,6.32786
253,1,0,2.96031,2.96031
253,2,0,1.78359,1.78359
253,3,0,2.99802,2.99802
254,0,0.584011,5.69693,6.28094
254,1,0,2.99672,2.99672
254,2,0,1.8112,1.8112
254,3,0,5.78484,5.78484
255,0,0.385416,3.16818,3.55359
255,1,0,2.9338,2.9338
255,2,0,2.99828,2.99828
255,3,0,4.70859,4.70859
256,0,0.37151,3.17547,3.54698
256,1,0,2.94755,2.94755
256,2,0,3.00995,3.00995
256,3,0,4.92214,4.92214
257,0,0.387813,4.41609,4.80391
257,1,0,1.80849,1.80849
257,2,0,2.92344,2.92344
257,3,0,4.61724,4.61724
258,0,0.358541,4.37901,4.73755
258,1,0,2.15313,2.15313
258,2,0,2.87318,2.87318
258,3,0,4.59604,4.59604
259,0,0.362552,4.46141,4.82396
259,1,0,3.19365,3.19365
259,2,0,4.82677,4.82677
259,3,0,1.78844,1.78844
260,0,0.357031,4.32729,4.68432
260,1,0,2.93932,2.93932
260,2,0,4.71255,4.71255
260,3,0,1.77432,1.77432
261,0,0.36427,4.47333,4.8376
261,1,0,2.99276,2.99276
261,2,0,4.60828,4.60828
261,3,0,1.76448,1.76448
262,0,0.381511,4.43135,4.81287
262,1,0,3.15672,3.15672
262,2,0,4.67234,4.67234
262,3,0,1.78057,1.78057
263,0,0.368073,4.25661,4.62469
263,1,0,2.77167,2.77167
263,2,0,4.63542,4.63542
263,3,0,1.81161,1.81161
264,0,0.39974,5.81344,6.21318
264,1,0,4.6813,4.6813
264,2,0,1.81318,1.81318
264,3,0,1.84526,1.84526
265,0,0.473125,5.09781,5.57094
265,1,0,4.75432,4.75432
265,2,0,1.78734,1.78734
265,3,0,2.92068,2.92068
266,0,0.374531,4.35333,4.72787
266,1,0,4.71036,4.71036
266,2,0,1.875,1.875
266,3,0,2.96839,2.96839
267,0,0.378958,4.49604,4.875
267,1,0,4.63625,4.63625
267,2,0,1.83193,1.83193
267,3,0,3.28568,3.28568
268,0,0.391667,4.68094,5.0726
268,1,0,4.56396,4.56396
268,2,0,1.76495,1.76495
268,3,0,2.92917,2.92917
269,0,0.404427,4.4274,4.83182
269,1,0,4.70781,4.70781
269,2,0,2.95328,2.95328
269,3,0,1.7824,1.7824
270,0,0.449271,4.40635,4.85562
270,1,0,4.9063,4.9063
270,2,0,1.91828,1.91828
270,3,0,2.8125,2.8125
271,0,0.958958,3.69323,4.65219
271,1,0,4.72594,4.72594
271,2,0,2.9476,2.9476
271,3,0,1.78708,1.78708
272,0,0.883698,6.6712,7.5549
272,1,0,1.8126,1.8126
272,2,0,2.92786,2.92786
272,3,0,2.93693,2.93693
273,0,0.390417,5.96125,6.35167
273,1,0,1.83844,1.83844
273,2,0,3.29245,3.29245
273,3,0,2.94646,2.94646
274,0,0.539479,5.8462,6.38568
274,1,0,2.90354,2.90354
274,2,0,1.80203,1.80203
274,3,0,3.08349,3.08349
275,0,1.04682,4.97042,6.01724
275,1,0,2.94745,2.94745
275,2,0,1.77417,1.77417
275,3,0,2.97755,2.97755
276,0,0.490104,5.83016,6.32026
276,1,0,3.05927,3.05927
276,2,0,1.7976,1.7976
276,3,0,2.94281,2.94281
277,0,0.393802,5.71099,6.10479
277,1,0,2.9087,2.9087
277,2,0,1.78229,1.78229
277,3,0,3.01583,3.01583
278,0,0.516927,5.60703,6.12396
278,1,0,2.94542,2.94542
278,2,0,1.79188,1.79188
278,3,0,2.97307,2.97307
279,0,0.452188,6.23375,6.68594
279,1,0,3.01552,3.01552
279,2,0,1.81932,1.81932
279,3,0,2.9401,2.9401
280,0,0.483334,5.86078,6.34412
280,1,0,2.93005,2.93005
280,2,0,1.88312,1.88312
280,3,0,3.0474,3.0474
281,0,0.411458,5.59026,6.00172
281,1,0,2.94859,2.94859
281,2,0,1.87359,1.87359
281,3,0,3.25964,3.25964
282,0,0.431094,5.68047,6.11156
282,1,0,2.93208,2.93208
282,2,0,1.81115,1.81115
282,3,0,2.69563,2.69563
283,0,0.448854,5.92365,6.3725
283,1,0,3.02422,3.02422
283,2,0,1.83422,1.83422
283,3,0,2.72995,2.72995
284,0,0.409479,5.66156,6.07104
284,1,0,2.98974,2.98974
284,2,0,1.96276,1.96276
284,3,0,2.99688,2.99688
285,0,0.449219,5.63713,6.08635
285,1,0,2.92787,2.92787
285,2,0,1.78547,1.78547
285,3,0,3.02255,3.02255
286,0,0.380937,5.46969,5.85062
286,1,0,3.03563,3.03563
286,2,0,1.83281,1.83281
286,3,0,2.97167,2.97167
287,0,0.399271,5.92464,6.32391
287,1,0,3.21172,3.21172
287,2,0,3.15458,3.15458
287,3,0,4.71651,4.71651
288,0,0.361458,4.35891,4.72036
288,1,0,1.76901,1.76901
288,2,0,2.88802,2.88802
288,3,0,4.69208,4.69208
289,0,0.353282,4.47255,4.82583
289,1,0,1.83302,1.83302
289,2,0,2.99141,2.99141
289,3,0,4.72031,4.72031
290,0,0.481979,4.58688,5.06885
290,1,0,1.8562,1.8562
290,2,0,2.95359,2.95359
290,3,0,4.57688,4.57688
291,0,0.35349,4.19948,4.55297
291,1,0,1.77349,1.77349
291,2,0,2.98667,2.98667
291,3,0,4.6424,4.6424
292,0,0.369323,4.42016,4.78948
292,1,0,2.92906,2.92906
292,2,0,4.75396,4.75396
292,3,0,1.82719,1.82719
293,0,0.601458,4.52531,5.12677
293,1,0,3.08078,3.08078
293,2,0,4.6851,4.6851
293,3,0,1.78875,1.78875
294,0,0.35901,4.57703,4.93604
294,1,0,2.96521,2.96521
294,2,0,4.69734,4.69734
294,3,0,1.84563,1.84563
295,0,0.369375,5.56333,5.93271
295,1,0,4.73865,4.73865
295,2,0,2.02474,2.02474
295,3,0,3.00776,3.00776
296,0,0.363281,4.42844,4.79172
296,1,0,4.70328,4.70328
296,2,0,1.77948,1.77948
296,3,0,2.91172,2.91172
297,0,0.354844,4.31094,4.66578
297,1,0,4.78109,4.78109
297,2,0,1.78865,1.78865
297,3,0,2.90234,2.90234
298,0,0.346354,4.57943,4.92578
298,1,0,4.83188,4.83188
298,2,0,1.81375,1.81375
298,3,0,3.06708,3.06708
299,0,0.383906,4.38115,4.76505
299,1,0,4.60562,4.60562
299,2,0,1.78062,1.78062
299,3,0,2.94844,2.94844
300,0,0.374792,4.54651,4.9213
300,1,0,4.57859,4.57859
300,2,0,2.9375,2.9375
300,3,0,1.77333,1.77333
301,0,0.417604,4.58312,5.00073
301,1,0,4.71646,4.71646
301,2,0,2.9762,2.9762
301,3,0,1.7687,1.7687
302,0,0.426979,4.3625,4.78948
302,1,0,4.695,4.695
302,2,0,2.93261,2.93261
302,3,0,1.8276,1.8276
303,0,0.433282,3.93989,4.37318
303,1,0,4.77125,4.77125
303,2,0,2.93172,2.93172
303,3,0,1.83547,1.83547
304,0,0.537916,7.07323,7.61115
304,1,0,1.85135,1.85135
304,2,0,2.98057,2.98057
304,3,0,2.95635,2.95635
305,0,0.410729,5.655,6.06573
305,1,0,1.79646,1.79646
305,2,0,3.47583,3.47583
305,3,0,3.16479,3.16479
306,0,0.421823,5.79401,6.21583
306,1,0,3.58104,3.58104
306,2,0,2.13776,2.13776
306,3,0,2.99323,2.99323
307,0,0.402604,5.65714,6.05974
307,1,0,2.98682,2.98682
307,2,0,2.99906,2.99906
307,3,0,4.66323,4.66323
308,0,0.372708,3.28854,3.66125
308,1,0,3.07463,3.07463
308,2,0,2.94656,2.94656
308,3,0,4.71432,4.71432
309,0,0.365677,4.58167,4.94734
309,1,0,2.06521,2.06521
309,2,0,3.10724,3.10724
309,3,0,4.67568,4.67568
310,0,0.350261,4.39068,4.74094
310,1,0,2.9501,2.9501
310,2,0,4.68177,4.68177
310,3,0,1.80396,1.80396
311,0,0.477708,4.38734,4.86505
311,1,0,2.94979,2.94979
311,2,0,4.69026,4.69026
311,3,0,1.81411,1.81411
312,0,0.390209,4.7425,5.13271
312,1,0,3.02677,3.02677
312,2,0,4.64542,4.64542
312,3,0,1.77906,1.77906
313,0,0.355938,4.73474,5.09068
313,1,0,2.7013,2.7013
313,2,0,4.6913,4.6913
313,3,0,1.80537,1.80537
314,0,0.396406,5.70385,6.10026
314,1,0,4.69781,4.69781
314,2,0,1.88088,1.88088
314,3,0,3.27255,3.27255
315,0,0.387031,4.73156,5.11859
315,1,0,4.57052,4.57052
315,2,0,1.77146,1.77146
315,3,0,2.89474,2.89474
316,0,0.384115,4.28719,4.6713
316,1,0,4.76412,4.76412
316,2,0,1.80349,1.80349
316,3,0,2.93135,2.93135
317,0,0.378802,4.57932,4.95812
317,1,0,4.88,4.88
317,2,0,1.91026,1.91026
317,3,0,2.80292,2.80292
318,0,0.427917,4.4774,4.90531
318,1,0,4.60354,4.60354
318,2,0,2.91943,2.91943
318,3,0,1.78432,1.78432
319,0,0.359531,4.43344,4.79297
319,1,0,4.60104,4.60104
319,2,0,2.94891,2.94891
319,3,0,1.77068,1.77068
320,0,0.360885,4.32005,4.68094
320,1,0,4.81339,4.81339
320,2,0,3.05266,3.05266
320,3,0,1.9463,1.9463
321,0,0.41625,3.88552,4.30177
321,1,0,4.7237,4.7237
321,2,0,2.9387,2.9387
321,3,0,1.79156,1.79156
322,0,0.761563,6.745,7.50656
322,1,0,1.81193,1.81193
322,2,0,2.91474,2.91474
322,3,0,1.98333,1.98333
323,0,1.22203,6.17031,7.39234
323,1,0,1.82995,1.82995
323,2,0,2.98656,2.98656
323,3,0,2.94698,2.94698
324,0,0.389635,5.74474,6.13438
324,1,0,1.75479,1.75479
324,2,0,2.92891,2.92891
324,3,0,3.03625,3.03625
325,0,0.528959,5.56745,6.09641
325,1,0,1.8063,1.8063
325,2,0,2.90193,2.90193
325,3,0,3.03151,3.03151
326,0,0.517708,5.68094,6.19864
326,1,0,1.84047,1.84047
326,2,0,2.91953,2.91953
326,3,0,2.94115,2.94115
327,0,0.516875,5.63521,6.15208
327,1,0,1.77932,1.77932
327,2,0,2.98536,2.98536
327,3,0,3.5075,3.5075
328,0,0.434167,5.37141,5.80557
328,1,0,1.77641,1.77641
328,2,0,2.95859,2.95859
328,3,0,3.18057,3.18057
329,0,0.523958,5.83646,6.36042
329,1,0,1.79729,1.79729
329,2,0,2.77948,2.77948
329,3,0,2.91302,2.91302
330,0,0.412031,5.76635,6.17838
330,1,0,1.78693,1.78693
330,2,0,3.00385,3.00385
330,3,0,2.94474,2.94474
331,0,0.428281,5.88037,6.30865
331,1,0,1.79505,1.79505
331,2,0,3.04062,3.04062
331,3,0,2.01354,2.01354
332,0,0.508698,4.73625,5.24495
332,1,0,5.03349,5.03349
332,2,0,1.77802,1.77802
332,3,0,2.99896,2.99896
333,0,0.451771,5.69974,6.15151
333,1,0,3.05213,3.05213
333,2,0,1.81385,1.81385
333,3,0,3.08375,3.08375
334,0,0.401093,5.79115,6.19224
334,1,0,3.13167,3.13167
334,2,0,1.96516,1.96516
334,3,0,3.12052,3.12052
335,0,0.487708,5.52927,6.01698
335,1,0,2.91068,2.91068
335,2,0,1.78411,1.78411
335,3,0,2.92255,2.92255
336,0,0.495989,5.92349,6.41948
336,1,0,3.00573,3.00573
336,2,0,2.0325,2.0325
336,3,0,2.54646,2.54646
337,0,0.470885,5.74182,6.21271
337,1,0,3.34578,3.34578
337,2,0,3.06578,3.06578
337,3,0,1.86984,1.86984
338,0,0.396302,5.89917,6.29547
338,1,0,2.96677,2.96677
338,2,0,2.94417,2.94417
338,3,0,4.74823,4.74823
339,0,0.414479,5.2001,5.61458
339,1,0,2.07099,2.07099
339,2,0,2.50286,2.50286
339,3,0,4.80198,4.80198
340,0,0.56625,4.52463,5.09089
340,1,0,3.00469,3.00469
340,2,0,1.84458,1.84458
340,3,0,4.58255,4.58255
341,0,0.367292,4.49224,4.85953
341,1,0,2.94443,2.94443
341,2,0,4.8137,4.8137
341,3,0,1.85271,1.85271
342,0,0.347708,4.41156,4.75927
342,1,0,2.93031,2.93031
342,2,0,4.98094,4.98094
342,3,0,1.82943,1.82943
343,0,0.884427,5.40474,6.28917
343,1,0,4.67958,4.67958
343,2,0,1.78698,1.78698
343,3,0,1.74401,1.74401
344,0,0.415677,5.1824,5.59807
344,1,0,4.77531,4.77531
344,2,0,1.81333,1.81333
344,3,0,1.76156,1.76156
345,0,0.428489,5.17781,5.6063
345,1,0,5.18599,5.18599
345,2,0,1.83281,1.83281
345,3,0,2.98505,2.98505
346,0,0.344531,4.46276,4.80729
346,1,0,4.70323,4.70323
346,2,0,1.78214,1.78214
346,3,0,2.93969,2.93969
347,0,0.345416,4.8626,5.20802
347,1,0,4.60219,4.60219
347,2,0,1.78583,1.78583
347,3,0,2.91755,2.91755
348,0,0.351198,4.72651,5.07771
348,1,0,4.6924,4.6924
348,2,0,2.97875,2.97875
348,3,0,1.80057,1.80057
349,0,0.356927,4.32078,4.67771
349,1,0,4.58453,4.58453
349,2,0,2.93922,2.93922
349,3,0,1.86224,1.86224
350,0,0.455416,5.87214,6.32755
350,1,0,3.90729,3.90729
350,2,0,2.97948,2.97948
350,3,0,3.21125,3.21125
351,0,0.666979,5.86245,6.52943
351,1,0,2.93099,2.93099
351,2,0,1.78839,1.78839
351,3,0,2.93359,2.93359
352,0,0.408073,5.77104,6.17912
352,1,0,3.02297,3.02297
352,2,0,1.84589,1.84589
352,3,0,2.95589,2.95589
353,0,0.412917,5.66422,6.07714
353,1,0,2.9788,2.9788
353,2,0,1.83917,1.83917
353,3,0,3.29719,3.29719
354,0,0.444375,5.70422,6.14859
354,1,0,2.89625,2.89625
354,2,0,1.79349,1.79349
354,3,0,2.82844,2.82844
355,0,0.529531,5.59594,6.12547
355,1,0,3.04516,3.04516
355,2,0,1.83885,1.83885
355,3,0,3.03755,3.03755
356,0,0.401875,5.77948,6.18135
356,1,0,3.15672,3.15672
356,2,0,3.1313,3.1313
356,3,0,1.86932,1.86932
357,0,0.523073,5.48375,6.00682
357,1,0,2.92927,2.92927
357,2,0,2.92333,2.92333
357,3,0,3.9801,3.9801
358,0,0.367448,3.5288,3.89625
358,1,0,2.98078,2.98078
358,2,0,2.96292,2.96292
358,3,0,1.87016,1.87016
359,0,0.382917,5.57469,5.9576
359,1,0,3.30406,3.30406
359,2,0,3.03531,3.03531
359,3,0,1.92766,1.92766
360,0,0.402344,5.55135,5.9537
360,1,0,2.96385,2.96385
360,2,0,2.92213,2.92213
360,3,0,1.8325,1.8325
361,0,0.409792,5.71693,6.12672
361,1,0,3.11724,3.11724
361,2,0,3.06448,3.06448
361,3,0,3.82,3.82
362,0,0.507656,4.33828,4.84594
362,1,0,2.77463,2.77463
362,2,0,3.04094,3.04094
362,3,0,4.685,4.685
363,0,0.362864,4.32339,4.68625
363,1,0,1.78651,1.78651
363,2,0,2.95906,2.95906
363,3,0,4.79016,4.79016
364,0,0.375312,4.3649,4.74021
364,1,0,1.77427,1.77427
364,2,0,2.94094,2.94094
364,3,0,4.9587,4.9587
365,0,0.435417,4.43891,4.87432
365,1,0,2.92667,2.92667
365,2,0,1.84156,1.84156
365,3,0,4.57802,4.57802
366,0,0.351198,4.5674,4.91859
366,1,0,3.05021,3.05021
366,2,0,4.65526,4.65526
366,3,0,1.81328,1.81328
367,0,0.357708,4.21906,4.57677
367,1,0,3.01974,3.01974
367,2,0,4.98385,4.98385
367,3,0,1.82865,1.82865
368,0,0.367395,5.57292,5.94031
368,1,0,1.84802,1.84802
368,2,0,4.66797,4.66797
368,3,0,1.77208,1.77208
369,0,0.338542,5.55302,5.89156
369,1,0,1.89052,1.89052
369,2,0,4.5951,4.5951
369,3,0,1.78661,1.78661
370,0,0.345833,5.60188,5.94771
370,1,0,2.30599,2.30599
370,2,0,4.7637,4.7637
370,3,0,2.98396,2.98396
371,0,0.337031,4.32938,4.66641
371,1,0,4.70937,4.70937
371,2,0,1.7662,1.7662
371,3,0,2.90339,2.90339
372,0,0.342396,4.54979,4.89219
372,1,0,4.60391,4.60391
372,2,0,1.76599,1.76599
372,3,0,2.90833,2.90833
373,0,0.409114,4.8101,5.21922
373,1,0,4.68391,4.68391
373,2,0,1.76578,1.76578
373,3,0,2.91542,2.91542
374,0,0.336146,4.43474,4.77089
374,1,0,4.60672,4.60672
374,2,0,2.99594,2.99594
374,3,0,1.81557,1.81557
375,0,0.351042,4.48516,4.8362
375,1,0,4.5849,4.5849
375,2,0,2.95312,2.95312
375,3,0,1.81963,1.81963
376,0,1.15172,3.56906,4.72078
376,1,0,4.63104,4.63104
376,2,0,2.93646,2.93646
376,3,0,1.80604,1.80604
377,0,0.469479,3.95151,4.42099
377,1,0,4.6375,4.6375
377,2,0,3.00531,3.00531
377,3,0,1.82255,1.82255
378,0,0.493542,3.58771,4.08125
378,1,0,4.59505,4.59505
378,2,0,3.02792,3.02792
378,3,0,2.02724,2.02724
379,0,0.537656,4.20802,4.74568
379,1,0,4.62057,4.62057
379,2,0,2.91328,2.91328
379,3,0,2.94885,2.94885
380,0,0.531614,5.52917,6.06078
380,1,0,1.85625,1.85625
380,2,0,2.99531,2.99531
380,3,0,2.97042,2.97042
381,0,0.412552,6.02943,6.44198
381,1,0,1.85594,1.85594
381,2,0,3.27292,3.27292
381,3,0,3.04635,3.04635
382,0,0.509167,5.65542,6.16458
382,1,0,1.77042,1.77042
382,2,0,2.9101,2.9101
382,3,0,2.93724,2.93724
383,0,0.40974,5.76989,6.17964
383,1,0,1.84828,1.84828
383,2,0,2.99771,2.99771
383,3,0,2.97141,2.97141
384,0,0.407969,5.76318,6.17115
384,1,0,2.05938,2.05938
384,2,0,3.05505,3.05505
384,3,0,3.0349,3.0349
385,0,0.457344,5.94776,6.4051
385,1,0,2.93083,2.93083
385,2,0,1.75422,1.75422
385,3,0,2.93963,2.93963
386,0,0.409532,5.70068,6.11021
386,1,0,1.79438,1.79438
386,2,0,2.74651,2.74651
386,3,0,2.93557,2.93557
387,0,0.393229,6.07167,6.4649
387,1,0,1.82531,1.82531
387,2,0,2.84234,2.84234
387,3,0,2.97969,2.97969
388,0,0.432396,5.75146,6.18385
388,1,0,1.78463,1.78463
388,2,0,2.75193,2.75193
388,3,0,2.94422,2.94422
389,0,0.386979,6.09063,6.4776
389,1,0,2.96958,2.96958
389,2,0,1.7926,1.7926
389,3,0,2.94307,2.94307
390,0,0.754948,5.98333,6.73828
390,1,0,3.06823,3.06823
390,2,0,2.96583,2.96583
390,3,0,1.84276,1.84276
391,0,0.39125,5.68005,6.0713
391,1,0,2.91328,2.91328
391,2,0,2.98505,2.98505
391,3,0,1.89193,1.89193
392,0,0.412188,6.08844,6.50063
392,1,0,2.94547,2.94547
392,2,0,2.96734,2.96734
392,3,0,1.95844,1.95844
393,0,0.64151,5.54422,6.18573
393,1,0,2.97573,2.97573
393,2,0,2.92792,2.92792
393,3,0,1.85125,1.85125
394,0,0.392032,5.63823,6.03026
394,1,0,2.94635,2.94635
394,2,0,2.98906,2.98906
394,3,0,1.86328,1.86328
395,0,0.412448,5.60594,6.01839
395,1,0,2.93865,2.93865
395,2,0,3.03588,3.03588
395,3,0,2.20901,2.20901
396,0,0.450833,5.80573,6.25656
396,1,0,2.93552,2.93552
396,2,0,2.93583,2.93583
396,3,0,1.80354,1.80354
397,0,0.40302,5.56547,5.96849
397,1,0,3.02641,3.02641
397,2,0,3.01349,3.01349
397,3,0,1.94667,1.94667
398,0,0.416563,5.66219,6.07875
398,1,0,3.04833,3.04833
398,2,0,3.26787,3.26787
398,3,0,1.87969,1.87969
399,0,0.479584,6.83656,7.31615
399,1,0,1.79547,1.79547
399,2,0,2.91667,2.91667
399,3,0,4.72266,4.72266
400,0,0.384271,4.64948,5.03375
400,1,0,2.98057,2.98057
400,2,0,1.88505,1.88505
400,3,0,4.69266,4.69266
401,0,0.352917,4.50411,4.85703
401,1,0,3.17724,3.17724
401,2,0,1.8549,1.8549
401,3,0,4.63781,4.63781
402,0,0.370781,4.54589,4.91667
402,1,0,2.99807,2.99807
402,2,0,4.68932,4.68932
402,3,0,1.86391,1.86391
403,0,0.391979,4.2162,4.60818
403,1,0,2.71682,2.71682
403,2,0,4.70229,4.70229
403,3,0,1.79417,1.79417
404,0,0.404062,5.84104,6.2451
404,1,0,1.92911,1.92911
404,2,0,4.69208,4.69208
404,3,0,1.77401,1.77401
405,0,0.349167,5.74964,6.0988
405,1,0,1.82323,1.82323
405,2,0,4.69172,4.69172
405,3,0,1.91708,1.91708
406,0,0.430677,4.99401,5.42469
406,1,0,1.82766,1.82766
406,2,0,4.6699,4.6699
406,3,0,2.04281,2.04281
407,0,0.530364,5.28234,5.81271
407,1,0,1.8626,1.8626
407,2,0,4.62802,4.62802
407,3,0,2.97193,2.97193
408,0,0.354218,4.67636,5.03057
408,1,0,4.73318,4.73318
408,2,0,1.81802,1.81802
408,3,0,2.94198,2.94198
409,0,0.3375,4.3563,4.6938
409,1,0,4.85135,4.85135
409,2,0,1.96505,1.96505
409,3,0,3.01844,3.01844
410,0,0.361667,4.48354,4.84521
410,1,0,4.57443,4.57443
410,2,0,2.94724,2.94724
410,3,0,1.78109,1.78109
411,0,0.36427,4.38198,4.74625
411,1,0,4.60906,4.60906
411,2,0,2.96839,2.96839
411,3,0,1.80198,1.80198
412,0,0.39125,3.86063,4.25188
412,1,0,4.84781,4.84781
412,2,0,3.10516,3.10516
412,3,0,2.99323,2.99323
413,0,0.393854,3.27401,3.66786
413,1,0,4.59693,4.59693
413,2,0,2.94568,2.94568
413,3,0,2.92578,2.92578
414,0,1.19917,6.01656,7.21573
414,1,0,1.8451,1.8451
414,2,0,2.8388,2.8388
414,3,0,3.04203,3.04203
415,0,0.816771,6.16,6.97677
415,1,0,3.2651,3.2651
415,2,0,3.17198,3.17198
415,3,0,2.03078,2.03078
416,0,0.428594,5.56302,5.99162
416,1,0,3.03573,3.03573
416,2,0,3.0549,3.0549
416,3,0,1.98427,1.98427
417,0,0.476458,5.66052,6.13698
417,1,0,3.00823,3.00823
417,2,0,3.07891,3.07891
417,3,0,2.04932,2.04932
418,0,0.612708,5.55318,6.16589
418,1,0,2.77995,2.77995
418,2,0,3.02979,3.02979
418,3,0,4.66964,4.66964
419,0,0.365417,4.27229,4.63771
419,1,0,3.11193,3.11193
419,2,0,1.92818,1.92818
419,3,0,4.86177,4.86177
420,0,0.522031,4.45031,4.97234
420,1,0,3.10016,3.10016
420,2,0,1.97859,1.97859
420,3,0,4.82271,4.82271
421,0,0.398385,5.51677,5.91516
421,1,0,1.83818,1.83818
421,2,0,4.70182,4.70182
421,3,0,1.78411,1.78411
422,0,0.333073,5.55786,5.89094
422,1,0,1.82641,1.82641
422,2,0,4.70698,4.70698
422,3,0,1.76583,1.76583
423,0,0.359844,5.84917,6.20901
423,1,0,1.86359,1.86359
423,2,0,4.67578,4.67578
423,3,0,1.76625,1.76625
424,0,0.343542,5.33958,5.68313
424,1,0,4.70052,4.70052
424,2,0,1.79917,1.79917
424,3,0,1.83661,1.83661
425,0,0.389011,5.08964,5.47865
425,1,0,4.8399,4.8399
425,2,0,1.79599,1.79599
425,3,0,1.81594,1.81594
426,0,0.444583,5.56458,6.00917
426,1,0,4.75078,4.75078
426,2,0,1.76729,1.76729
426,3,0,2.88245,2.88245
427,0,0.364948,4.41932,4.78427
427,1,0,4.73917,4.73917
427,2,0,1.85516,1.85516
427,3,0,2.96162,2.96162
428,0,0.370937,4.44203,4.81297
428,1,0,4.66625,4.66625
428,2,0,1.87896,1.87896
428,3,0,3.28875,3.28875
429,0,0.391823,4.49078,4.8826
429,1,0,4.59125,4.59125
429,2,0,1.77396,1.77396
429,3,0,2.92094,2.92094
430,0,0.355781,4.26974,4.62552
430,1,0,4.65891,4.65891
430,2,0,1.81094,1.81094
430,3,0,2.80703,2.80703
431,0,0.34625,3.96021,4.30646
431,1,0,4.85448,4.85448
431,2,0,1.98823,1.98823
431,3,0,2.81198,2.81198
432,0,0.409532,4.03135,4.44089
432,1,0,4.57036,4.57036
432,2,0,1.77073,1.77073
432,3,0,2.90245,2.90245
433,0,0.320416,4.48484,4.80526
433,1,0,4.59302,4.59302
433,2,0,1.82812,1.82812
433,3,0,2.76552,2.76552
434,0,0.3375,4.21432,4.55182
434,1,0,4.83312,4.83312
434,2,0,1.81031,1.81031
434,3,0,2.86948,2.86948
435,0,0.388281,3.85448,4.24276
435,1,0,4.60198,4.60198
435,2,0,1.78266,1.78266
435,3,0,3.06052,3.06052
436,0,0.682552,3.96526,4.64781
436,1,0,4.57974,4.57974
436,2,0,1.7863,1.7863
436,3,0,2.92135,2.92135
437,0,0.354062,4.26802,4.62208
437,1,0,4.76146,4.76146
437,2,0,1.84281,1.84281
437,3,0,2.8476,2.8476
438,0,0.386615,3.82229,4.20891
438,1,0,4.55781,4.55781
438,2,0,1.7662,1.7662
438,3,0,2.92396,2.92396
439,0,0.338334,4.47989,4.81823
439,1,0,4.59229,4.59229
439,2,0,1.78552,1.78552
439,3,0,2.90724,2.90724
440,0,0.374688,4.46964,4.84432
440,1,0,4.68313,4.68313
440,2,0,2.96615,2.96615
440,3,0,2.92573,2.92573
441,0,0.388177,3.43239,3.82057
441,1,0,4.61802,4.61802
441,2,0,2.93979,2.93979
441,3,0,3.03323,3.03323
442,0,0.468438,3.21292,3.68135
442,1,0,4.59089,4.59089
442,2,0,2.9649,2.9649
442,3,0,3.19437,3.19437
443,0,0.565208,6.13802,6.70323
443,1,0,1.79464,1.79464
443,2,0,2.92208,2.92208
443,3,0,2.85667,2.85667
444,0,0.402343,5.76687,6.16922
444,1,0,1.78776,1.78776
444,2,0,3.02677,3.02677
444,3,0,3.01021,3.01021
445,0,0.418697,5.97943,6.39813
445,1,0,1.7675,1.7675
445,2,0,4.32526,4.32526
445,3,0,1.94271,1.94271
446,0,0.40849,5.78401,6.1925
446,1,0,2.93135,2.93135
446,2,0,2.91823,2.91823
446,3,0,1.83104,1.83104
447,0,0.380521,5.7562,6.13672
447,1,0,3.00891,3.00891
447,2,0,2.94526,2.94526
447,3,0,1.83474,1.83474
448,0,0.392031,5.69656,6.08859
448,1,0,2.99437,2.99437
448,2,0,3.29323,3.29323
448,3,0,1.88271,1.88271
449,0,0.540416,5.81052,6.35094
449,1,0,2.93021,2.93021
449,2,0,2.93557,2.93557
449,3,0,1.81099,1.81099
450,0,0.415625,5.88891,6.30453
450,1,0,3.00188,3.00188
450,2,0,2.95286,2.95286
450,3,0,1.84641,1.84641
451,0,0.417708,5.74406,6.16177
451,1,0,3.32609,3.32609
451,2,0,3.1451,3.1451
451,3,0,1.83307,1.83307
452,0,0.410312,7.54432,7.95463
452,1,0,2.94146,2.94146
452,2,0,1.8287,1.8287
452,3,0,4.79505,4.79505
453,0,0.362552,4.28443,4.64698
453,1,0,2.96656,2.96656
453,2,0,1.81703,1.81703
453,3,0,4.75396,4.75396
454,0,0.601719,4.27031,4.87203
454,1,0,3.01823,3.01823
454,2,0,1.81125,1.81125
454,3,0,4.61609,4.61609
455,0,0.41474,4.24083,4.65557
455,1,0,3.03422,3.03422
455,2,0,1.8563,1.8563
455,3,0,4.62734,4.62734
456,0,0.355104,5.73714,6.09224
456,1,0,1.81109,1.81109
456,2,0,4.97786,4.97786
456,3,0,1.86719,1.86719
457,0,0.373281,5.55865,5.93193
457,1,0,1.81698,1.81698
457,2,0,4.60635,4.60635
457,3,0,1.78016,1.78016
458,0,0.990313,4.88813,5.87844
458,1,0,1.90312,1.90312
458,2,0,4.59417,4.59417
458,3,0,1.78979,1.78979
459,0,0.353541,5.31167,5.66521
459,1,0,2.01193,2.01193
459,2,0,4.78562,4.78562
459,3,0,1.82641,1.82641
460,0,0.419688,5.21646,5.63615
460,1,0,1.81974,1.81974
460,2,0,4.6051,4.6051
460,3,0,2.93328,2.93328
461,0,0.35125,4.51109,4.86234
461,1,0,1.86469,1.86469
461,2,0,4.56661,4.56661
461,3,0,2.91974,2.91974
462,0,0.370729,4.46057,4.8313
462,1,0,4.96438,4.96438
462,2,0,1.84021,1.84021
462,3,0,2.9301,2.9301
463,0,0.352396,4.38281,4.73521
463,1,0,4.60401,4.60401
463,2,0,1.78224,1.78224
463,3,0,2.99516,2.99516
464,0,0.420886,4.53375,4.95464
464,1,0,4.58917,4.58917
464,2,0,1.77792,1.77792
464,3,0,2.94854,2.94854
465,0,0.457865,4.02641,4.48427
465,1,0,4.65651,4.65651
465,2,0,1.80109,1.80109
465,3,0,4.48516,4.48516
466,0,0.456406,3.47474,3.93115
466,1,0,4.49313,4.49313
466,2,0,3.01443,3.01443
466,3,0,3.12182,3.12182
467,0,0.39224,3.08203,3.47427
467,1,0,4.60479,4.60479
467,2,0,3.03802,3.03802
467,3,0,3.35781,3.35781
468,0,0.550417,5.93354,6.48396
468,1,0,1.76911,1.76911
468,2,0,2.80516,2.80516
468,3,0,2.80943,2.80943
469,0,0.589271,5.53302,6.12229
469,1,0,1.87844,1.87844
469,2,0,3.07745,3.07745
469,3,0,2.95088,2.95088
470,0,0.432344,5.58,6.01234
470,1,0,1.83349,1.83349
470,2,0,4.65443,4.65443
470,3,0,1.88219,1.88219
471,0,0.507187,5.58495,6.09213
471,1,0,2.99052,2.99052
471,2,0,2.92682,2.92682
471,3,0,1.80359,1.80359
472,0,0.418594,6.01224,6.43083
472,1,0,2.99005,2.99005
472,2,0,2.96016,2.96016
472,3,0,1.83214,1.83214
473,0,0.408229,5.88359,6.29182
473,1,0,3.28422,3.28422
473,2,0,3.0376,3.0376
473,3,0,1.895,1.895
474,0,0.461927,5.6424,6.10432
474,1,0,2.94734,2.94734
474,2,0,2.93703,2.93703
474,3,0,1.8274,1.8274
475,0,0.42,5.98714,6.40714
475,1,0,2.97172,2.97172
475,2,0,2.91109,2.91109
475,3,0,1.80114,1.80114
476,0,0.384636,6.13094,6.51557
476,1,0,4.22979,4.22979
476,2,0,1.83229,1.83229
476,3,0,1.78338,1.78338
477,0,0.389688,5.66234,6.05203
477,1,0,2.94693,2.94693
477,2,0,2.71589,2.71589
477,3,0,1.84167,1.84167
478,0,0.509167,5.81859,6.32776
478,1,0,2.96984,2.96984
478,2,0,2.74667,2.74667
478,3,0,1.86885,1.86885
479,0,0.589531,6.00964,6.59917
479,1,0,4.04391,4.04391
479,2,0,1.80818,1.80818
479,3,0,1.78526,1.78526
480,0,0.456822,5.61261,6.06943
480,1,0,4.0899,4.0899
480,2,0,1.84375,1.84375
480,3,0,1.8812,1.8812
481,0,0.496094,5.50682,6.00292
481,1,0,2.97037,2.97037
481,2,0,2.72109,2.72109
481,3,0,1.8801,1.8801
482,0,0.456511,5.72349,6.18
482,1,0,3.01953,3.01953
482,2,0,2.97427,2.97427
482,3,0,1.80219,1.80219
483,0,0.370573,5.60484,5.97542
483,1,0,2.93542,2.93542
483,2,0,3.01453,3.01453
483,3,0,1.87859,1.87859
484,0,0.394114,5.76557,6.15969
484,1,0,2.92422,2.92422
484,2,0,3.04151,3.04151
484,3,0,1.93865,1.93865
485,0,0.552656,5.63953,6.19219
485,1,0,4.07568,4.07568
485,2,0,1.80807,1.80807
485,3,0,1.78333,1.78333
486,0,0.410886,5.54307,5.95396
486,1,0,2.93729,2.93729
486,2,0,2.99995,2.99995
486,3,0,1.86245,1.86245
487,0,0.412031,5.60016,6.01219
487,1,0,2.9574,2.9574
487,2,0,3.07203,3.07203
487,3,0,2.30266,2.30266
488,0,0.432709,5.65802,6.09073
488,1,0,3.96932,3.96932
488,2,0,1.81151,1.81151
488,3,0,1.76755,1.76755
489,0,0.389271,5.57208,5.96135
489,1,0,3.36214,3.36214
489,2,0,2.50312,2.50312
489,3,0,1.89088,1.89088
490,0,0.411823,5.8349,6.24672
490,1,0,4.4849,4.4849
490,2,0,1.97375,1.97375
490,3,0,4.80422,4.80422
491,0,0.372552,4.3474,4.71995
491,1,0,2.92859,2.92859
491,2,0,1.8062,1.8062
491,3,0,4.7099,4.7099
492,0,0.380625,4.49375,4.87437
492,1,0,2.98641,2.98641
492,2,0,1.87729,1.87729
492,3,0,4.62365,4.62365
493,0,0.372813,5.86401,6.23682
493,1,0,1.88531,1.88531
493,2,0,1.83953,1.83953
493,3,0,4.62641,4.62641
494,0,0.36401,5.77161,6.13563
494,1,0,1.8287,1.8287
494,2,0,4.70286,4.70286
494,3,0,1.81859,1.81859
495,0,0.377292,5.42396,5.80125
495,1,0,1.82583,1.82583
495,2,0,4.76818,4.76818
495,3,0,1.88031,1.88031
496,0,1.27557,5.03172,6.30729
496,1,0,1.8925,1.8925
496,2,0,4.55354,4.55354
496,3,0,2.91516,2.91516
497,0,0.366667,4.46401,4.83068
497,1,0,4.77385,4.77385
497,2,0,1.83323,1.83323
497,3,0,2.90115,2.90115
498,0,0.349375,4.61026,4.95964
498,1,0,4.73224,4.73224
498,2,0,1.9851,1.9851
498,3,0,3.06062,3.06062
499,0,0.387448,3.89609,4.28354
499,1,0,4.59849,4.59849
499,2,0,1.76135,1.76135
499,3,0,2.90411,2.90411
500,0,0.332656,4.42552,4.75818
500,1,0,4.85583,4.85583
500,2,0,1.81385,1.81385
500,3,0,4.04427,4.04427
501,0,0.324947,3.41573,3.74068
501,1,0,4.89984,4.89984
501,2,0,3.0551,3.0551
501,3,0,3.01698,3.01698
502,0,0.380781,3.36469,3.74547
502,1,0,4.5612,4.5612
502,2,0,2.92,2.92
502,3,0,2.97068,2.97068
503,0,0.40125,3.39359,3.79484
503,1,0,4.68969,4.68969
503,2,0,2.96005,2.96005
503,3,0,2.84458,2.84458
504,0,1.46526,5.61859,7.08385
504,1,0,3.06531,3.06531
504,2,0,2.97406,2.97406
504,3,0,1.82536,1.82536
505,0,0.403907,5.90151,6.30542
505,1,0,2.92094,2.92094
505,2,0,3.19833,3.19833
505,3,0,1.97307,1.97307
506,0,0.551302,5.40396,5.95526
506,1,0,2.94568,2.94568
506,2,0,3.19021,3.19021
506,3,0,1.97974,1.97974
507,0,0.630729,5.83156,6.46229
507,1,0,4.335,4.335
507,2,0,1.81573,1.81573
507,3,0,1.79417,1.79417
508,0,0.407188,5.61563,6.02281
508,1,0,4.14141,4.14141
508,2,0,1.88042,1.88042
508,3,0,1.83505,1.83505
509,0,0.418177,5.91609,6.33427
509,1,0,3.87646,3.87646
509,2,0,1.87901,1.87901
509,3,0,2.02375,2.02375
510,0,0.446667,6.98854,7.43521
510,1,0,2.92708,2.92708
510,2,0,1.84297,1.84297
510,3,0,4.69245,4.69245
511,0,0.338438,4.41917,4.7576
511,1,0,3.3687,3.3687
511,2,0,1.96224,1.96224
511,3,0,4.61089,4.61089
512,0,0.358385,4.41896,4.77734
512,1,0,2.78208,2.78208
512,2,0,1.87339,1.87339
512,3,0,4.65854,4.65854
513,0,0.345938,5.7538,6.09974
513,1,0,1.81281,1.81281
513,2,0,4.73276,4.73276
513,3,0,1.77995,1.77995
514,0,0.327604,5.59677,5.92438
514,1,0,1.96229,1.96229
514,2,0,4.59089,4.59089
514,3,0,1.76672,1.76672
515,0,0.429323,5.83411,6.26344
515,1,0,1.84729,1.84729
515,2,0,4.68427,4.68427
515,3,0,2.93214,2.93214
516,0,0.370052,4.21609,4.58615
516,1,0,1.81161,1.81161
516,2,0,4.66672,4.66672
516,3,0,2.9987,2.9987
517,0,0.378698,4.38213,4.76083
517,1,0,4.69,4.69
517,2,0,1.79313,1.79313
517,3,0,3.13453,3.13453
518,0,0.398334,4.32588,4.72422
518,1,0,4.72349,4.72349
518,2,0,1.76964,1.76964
518,3,0,2.90901,2.90901
519,0,0.333698,4.36214,4.69583
519,1,0,4.75797,4.75797
519,2,0,1.83344,1.83344
519,3,0,2.93786,2.93786
520,0,0.387865,4.05938,4.44724
520,1,0,4.64453,4.64453
520,2,0,1.91328,1.91328
520,3,0,4.37432,4.37432
521,0,0.398281,3.32313,3.72141
521,1,0,4.60495,4.60495
521,2,0,2.91912,2.91912
521,3,0,2.92698,2.92698
522,0,0.656407,3.25646,3.91287
522,1,0,4.69943,4.69943
522,2,0,2.93672,2.93672
522,3,0,2.91094,2.91094
523,0,0.400625,3.24818,3.6488
523,1,0,4.93536,4.93536
523,2,0,3.00599,3.00599
523,3,0,2.88089,2.88089
524,0,0.404896,4.76583,5.17073
524,1,0,5.07948,5.07948
524,2,0,2.92151,2.92151
524,3,0,1.80688,1.80688
525,0,0.444427,5.85083,6.29526
525,1,0,2.93568,2.93568
525,2,0,3.06495,3.06495
525,3,0,1.92589,1.92589
526,0,0.903698,5.31927,6.22297
526,1,0,3.03313,3.03313
526,2,0,2.95792,2.95792
526,3,0,1.84099,1.84099
527,0,0.399375,5.63708,6.03646
527,1,0,2.93875,2.93875
527,2,0,2.95187,2.95187
527,3,0,2.11,2.11
528,0,0.446198,5.91609,6.36229
528,1,0,4.33266,4.33266
528,2,0,1.86604,1.86604
528,3,0,5.08542,5.08542
529,0,0.381562,4.50943,4.89099
529,1,0,2.96135,2.96135
529,2,0,1.81922,1.81922
529,3,0,4.70417,4.70417
530,0,0.406303,4.27146,4.67776
530,1,0,3.03136,3.03136
530,2,0,1.89594,1.89594
530,3,0,4.58339,4.58339
531,0,0.344531,4.33094,4.67547
531,1,0,3.035,3.035
531,2,0,2.11146,2.11146
531,3,0,4.71672,4.71672
532,0,0.382865,5.52688,5.90974
532,1,0,1.83234,1.83234
532,2,0,4.70885,4.70885
532,3,0,1.77026,1.77026
533,0,0.588073,5.6026,6.19068
533,1,0,1.86437,1.86437
533,2,0,4.59453,4.59453
533,3,0,1.76453,1.76453
534,0,0.340938,5.70479,6.04573
534,1,0,1.94708,1.94708
534,2,0,4.65354,4.65354
534,3,0,1.83333,1.83333
535,0,0.373594,4.97552,5.34912
535,1,0,1.81031,1.81031
535,2,0,4.62781,4.62781
535,3,0,1.76344,1.76344
536,0,0.335782,5.90474,6.24052
536,1,0,1.80719,1.80719
536,2,0,4.60224,4.60224
536,3,0,1.77641,1.77641
537,0,0.483385,5.34537,5.82875
537,1,0,1.82521,1.82521
537,2,0,4.66521,4.66521
537,3,0,2.91063,2.91063
538,0,0.333385,4.39609,4.72948
538,1,0,4.69745,4.69745
538,2,0,1.8126,1.8126
538,3,0,2.98245,2.98245
539,0,0.350417,4.67109,5.02151
539,1,0,4.69599,4.69599
539,2,0,1.7974,1.7974
539,3,0,4.38599,4.38599
540,0,0.406562,3.30812,3.71469
540,1,0,4.58245,4.58245
540,2,0,1.78281,1.78281
540,3,0,4.07604,4.07604
541,0,0.378698,3.23646,3.61516
541,1,0,4.70005,4.70005
541,2,0,2.99234,2.99234
541,3,0,2.98318,2.98318
542,0,0.420729,3.50635,3.92708
542,1,0,4.70891,4.70891
542,2,0,3.25021,3.25021
542,3,0,3.02458,3.02458
543,0,0.413855,4.23771,4.65156
543,1,0,5.06135,5.06135
543,2,0,2.93651,2.93651
543,3,0,1.80495,1.80495
544,0,0.488073,5.65276,6.14083
544,1,0,1.80635,1.80635
544,2,0,3.94463,3.94463
544,3,0,1.88802,1.88802
545,0,0.392187,5.8587,6.25089
545,1,0,1.99453,1.99453
545,2,0,3.98162,3.98162
545,3,0,1.86042,1.86042
546,0,0.400937,5.61307,6.01401
546,1,0,1.75615,1.75615
546,2,0,4.0763,4.0763
546,3,0,1.83047,1.83047
547,0,0.426198,5.72239,6.14859
547,1,0,1.82688,1.82688
547,2,0,4.08333,4.08333
547,3,0,1.84422,1.84422
548,0,0.410365,5.99422,6.40458
548,1,0,3.06229,3.06229
548,2,0,2.97932,2.97932
548,3,0,1.83614,1.83614
549,0,0.402292,5.73375,6.13604
549,1,0,2.93063,2.93063
549,2,0,2.92667,2.92667
549,3,0,1.87281,1.87281
550,0,0.503958,5.63125,6.13521
550,1,0,2.94208,2.94208
550,2,0,2.96552,2.96552
550,3,0,1.89865,1.89865
551,0,0.460417,6.40974,6.87016
551,1,0,3.03833,3.03833
551,2,0,2.90068,2.90068
551,3,0,1.85813,1.85813
552,0,0.370052,5.65078,6.02083
552,1,0,2.9288,2.9288
552,2,0,3.00354,3.00354
552,3,0,1.8599,1.8599
553,0,0.396146,5.50953,5.90568
553,1,0,2.93391,2.93391
553,2,0,3.00224,3.00224
553,3,0,1.91536,1.91536
554,0,0.670833,5.93823,6.60906
554,1,0,4.05307,4.05307
554,2,0,1.81818,1.81818
554,3,0,1.93427,1.93427
555,0,0.3925,5.7138,6.1063
555,1,0,4.13656,4.13656
555,2,0,2.50182,2.50182
555,3,0,1.9088,1.9088
556,0,0.404636,6.85938,7.26401
556,1,0,2.99313,2.99313
556,2,0,2.04036,2.04036
556,3,0,1.91375,1.91375
557,0,0.456823,6.80391,7.26073
557,1,0,2.9975,2.9975
557,2,0,1.82672,1.82672
557,3,0,4.68896,4.68896
558,0,0.607709,6.33891,6.94662
558,1,0,1.91323,1.91323
558,2,0,4.69849,4.69849
558,3,0,1.75937,1.75937
559,0,0.36099,5.60323,5.96422
559,1,0,1.93542,1.93542
559,2,0,4.78401,4.78401
559,3,0,1.77651,1.77651
560,0,0.914219,5.15896,6.07318
560,1,0,1.81151,1.81151
560,2,0,4.61021,4.61021
560,3,0,1.81297,1.81297
561,0,0.380625,5.25281,5.63344
561,1,0,1.80365,1.80365
561,2,0,4.61328,4.61328
561,3,0,1.82609,1.82609
562,0,0.435416,5.63734,6.07276
562,1,0,1.85635,1.85635
562,2,0,4.65698,4.65698
562,3,0,2.92068,2.92068
563,0,0.348542,4.39016,4.7387
563,1,0,4.90682,4.90682
563,2,0,1.88865,1.88865
563,3,0,2.9863,2.9863
564,0,0.764531,3.87312,4.63766
564,1,0,4.74906,4.74906
564,2,0,1.83271,1.83271
564,3,0,4.45162,4.45162
565,0,0.411458,4.01588,4.42734
565,1,0,4.61328,4.61328
565,2,0,2.91891,2.91891
565,3,0,2.92787,2.92787
566,0,0.458073,3.25479,3.71286
566,1,0,4.77463,4.77463
566,2,0,4.13693,4.13693
566,3,0,1.8249,1.8249
567,0,0.384531,3.21031,3.59484
567,1,0,5.10109,5.10109
567,2,0,4.02036,4.02036
567,3,0,2.21651,2.21651
568,0,0.41151,5.65818,6.06969
568,1,0,2.93094,2.93094
568,2,0,2.97609,2.97609
568,3,0,1.92391,1.92391
569,0,0.413229,6.11328,6.52651
569,1,0,2.95615,2.95615
569,2,0,2.96609,2.96609
569,3,0,1.82099,1.82099
570,0,1.28693,4.9476,6.23453
570,1,0,3.0288,3.0288
570,2,0,3.03203,3.03203
570,3,0,1.8775,1.8775
571,0,0.380781,5.89448,6.27526
571,1,0,4.09115,4.09115
571,2,0,1.81573,1.81573
571,3,0,1.88526,1.88526
572,0,0.437656,5.53641,5.97406
572,1,0,2.97229,2.97229
572,2,0,2.71568,2.71568
572,3,0,1.88339,1.88339
573,0,0.465365,6.26359,6.72896
573,1,0,4.1974,4.1974
573,2,0,1.83042,1.83042
573,3,0,4.74937,4.74937
574,0,0.36776,4.36037,4.72813
574,1,0,3.02229,3.02229
574,2,0,2.30922,2.30922
574,3,0,4.67755,4.67755
575,0,0.354844,4.26073,4.61557
575,1,0,2.98469,2.98469
575,2,0,1.9826,1.9826
575,3,0,4.78396,4.78396
576,0,0.406459,5.49635,5.90281
576,1,0,1.8463,1.8463
576,2,0,1.77953,1.77953
576,3,0,4.62167,4.62167
577,0,0.370417,6.00172,6.37214
577,1,0,1.87302,1.87302
577,2,0,4.77802,4.77802
577,3,0,1.79693,1.79693
578,0,0.359583,5.6949,6.05448
578,1,0,2.08969,2.08969
578,2,0,4.67276,4.67276
578,3,0,1.81099,1.81099
579,0,0.401094,5.07521,5.4763
579,1,0,1.78354,1.78354
579,2,0,4.61167,4.61167
579,3,0,1.78302,1.78302
580,0,0.350886,5.42438,5.77526
580,1,0,1.85948,1.85948
580,2,0,4.60187,4.60187
580,3,0,1.81839,1.81839
581,0,0.39651,5.44526,5.84177
581,1,0,1.85844,1.85844
581,2,0,4.66448,4.66448
581,3,0,2.9237,2.9237
582,0,0.374219,4.26,4.63422
582,1,0,4.75104,4.75104
582,2,0,1.79422,1.79422
582,3,0,2.97594,2.97594
583,0,0.371927,4.38109,4.75302
583,1,0,4.69177,4.69177
583,2,0,1.76891,1.76891
583,3,0,2.98479,2.98479
584,0,0.385781,4.47146,4.85724
584,1,0,4.77562,4.77562
584,2,0,1.77135,1.77135
584,3,0,2.89208,2.89208
585,0,0.367396,3.88875,4.25615
585,1,0,4.81609,4.81609
585,2,0,1.84156,1.84156
585,3,0,2.98656,2.98656
586,0,0.378698,3.84953,4.22823
586,1,0,4.70552,4.70552
586,2,0,1.82693,1.82693
586,3,0,3.19167,3.19167
587,0,0.43901,3.87224,4.31125
587,1,0,1.84849,1.84849
587,2,0,4.61177,4.61177
587,3,0,2.92672,2.92672
588,0,0.690052,3.77974,4.46979
588,1,0,1.7876,1.7876
588,2,0,4.81286,4.81286
588,3,0,2.96599,2.96599
589,0,0.374167,3.81536,4.18953
589,1,0,4.85635,4.85635
589,2,0,1.9663,1.9663
589,3,0,4.30547,4.30547
590,0,0.446927,3.30542,3.75234
590,1,0,4.60417,4.60417
590,2,0,1.78146,1.78146
590,3,0,4.05172,4.05172
591,0,0.598177,3.21344,3.81161
591,1,0,4.69797,4.69797
591,2,0,2.94661,2.94661
591,3,0,2.92859,2.92859
592,0,0.385104,3.65094,4.03604
592,1,0,4.9338,4.9338
592,2,0,4.23031,4.23031
592,3,0,1.82115,1.82115
593,0,0.36052,3.97422,4.33474
593,1,0,3.93073,3.93073
593,2,0,3.93901,3.93901
593,3,0,1.80729,1.80729
594,0,0.42125,5.76938,6.19062
594,1,0,1.86521,1.86521
594,2,0,4.06479,4.06479
594,3,0,1.82161,1.82161
595,0,0.502656,5.71672,6.21938
595,1,0,1.82375,1.82375
595,2,0,4.16917,4.16917
595,3,0,1.82417,1.82417
596,0,0.433334,5.76208,6.19542
596,1,0,1.79573,1.79573
596,2,0,3.93333,3.93333
596,3,0,1.85563,1.85563
597,0,0.414792,6.22964,6.64443
597,1,0,2.94667,2.94667
597,2,0,2.97646,2.97646
597,3,0,1.92312,1.92312
598,0,0.450833,6.44224,6.89307
598,1,0,4.17172,4.17172
598,2,0,1.83766,1.83766
598,3,0,1.80792,1.80792
599,0,0.411615,5.60828,6.0199
599,1,0,4.15469,4.15469
599,2,0,1.86854,1.86854
599,3,0,1.93526,1.93526
600,0,0.4125,5.79474,6.20724
600,1,0,4.11229,4.11229
600,2,0,1.89943,1.89943
600,3,0,2.04401,2.04401
601,0,0.475104,5.66781,6.14292
601,1,0,4.09224,4.09224
601,2,0,1.81239,1.81239
601,3,0,1.79885,1.79885
602,0,0.39526,5.70312,6.09839
602,1,0,4.1562,4.1562
602,2,0,1.84365,1.84365
602,3,0,1.80125,1.80125
603,0,0.415938,5.91396,6.3299
603,1,0,4.05,4.05
603,2,0,2.48984,2.48984
603,3,0,4.83474,4.83474
604,0,0.378698,5.63349,6.01219
604,1,0,1.80828,1.80828
604,2,0,1.78656,1.78656
604,3,0,4.62578,4.62578
605,0,0.348385,5.65005,5.99844
605,1,0,1.85823,1.85823
605,2,0,1.82849,1.82849
605,3,0,4.58776,4.58776
606,0,0.352188,6.08089,6.43307
606,1,0,1.88849,1.88849
606,2,0,4.7738,4.7738
606,3,0,1.78609,1.78609
607,0,0.353854,5.86318,6.21703
607,1,0,1.81229,1.81229
607,2,0,4.64224,4.64224
607,3,0,1.86187,1.86187
608,0,0.455937,5.19885,5.65479
608,1,0,1.80365,1.80365
608,2,0,4.62937,4.62937
608,3,0,1.84214,1.84214
609,0,0.483021,5.3249,5.80792
609,1,0,1.86995,1.86995
609,2,0,4.60099,4.60099
609,3,0,2.91203,2.91203
610,0,0.336927,4.36948,4.70641
610,1,0,1.7951,1.7951
610,2,0,4.6825,4.6825
610,3,0,2.96745,2.96745
611,0,0.352292,4.55078,4.90307
611,1,0,4.73146,4.73146
611,2,0,1.85318,1.85318
611,3,0,4.18708,4.18708
612,0,0.353281,3.27745,3.63073
612,1,0,4.65911,4.65911
612,2,0,1.80698,1.80698
612,3,0,4.07396,4.07396
613,0,0.367187,3.27833,3.64552
613,1,0,4.84104,4.84104
613,2,0,1.83771,1.83771
613,3,0,3.89219,3.89219
614,0,0.425104,3.18234,3.60745
614,1,0,4.88057,4.88057
614,2,0,3.09542,3.09542
614,3,0,3.00177,3.00177
615,0,0.481041,3.19385,3.67489
615,1,0,4.59474,4.59474
615,2,0,2.9249,2.9249
615,3,0,2.92469,2.92469
616,0,0.395885,3.28531,3.6812
616,1,0,4.60609,4.60609
616,2,0,2.9513,2.9513
616,3,0,2.71161,2.71161
617,0,0.486406,3.14073,3.62714
617,1,0,4.78917,4.78917
617,2,0,4.19594,4.19594
617,3,0,1.83349,1.83349
618,0,0.380886,6.35083,6.73172
618,1,0,1.77714,1.77714
618,2,0,3.8687,3.8687
618,3,0,3.05214,3.05214
619,0,0.475052,4.57641,5.05146
619,1,0,1.80125,1.80125
619,2,0,3.97042,3.97042
619,3,0,1.8726,1.8726
620,0,0.4825,6.28818,6.77068
620,1,0,3.03688,3.03688
620,2,0,2.92828,2.92828
620,3,0,1.85557,1.85557
621,0,0.39099,5.755,6.14599
621,1,0,2.93979,2.93979
621,2,0,2.97318,2.97318
621,3,0,1.87172,1.87172
622,0,1.39641,5.07453,6.47094
622,1,0,1.7812,1.7812
622,2,0,3.93927,3.93927
622,3,0,1.96339,1.96339
623,0,0.533542,5.71224,6.24578
623,1,0,2.92901,2.92901
623,2,0,2.76802,2.76802
623,3,0,1.7974,1.7974
624,0,0.398385,5.75901,6.1574
624,1,0,2.93911,2.93911
624,2,0,3.01578,3.01578
624,3,0,1.84339,1.84339
625,0,0.435781,5.83313,6.26891
625,1,0,2.94578,2.94578
625,2,0,3.13313,3.13313
625,3,0,2.07604,2.07604
626,0,0.462448,5.90292,6.36536
626,1,0,4.06547,4.06547
626,2,0,1.81224,1.81224
626,3,0,1.80286,1.80286
627,0,0.408282,5.66427,6.07255
627,1,0,4.18135,4.18135
627,2,0,1.86224,1.86224
627,3,0,1.82568,1.82568
628,0,0.408541,5.61979,6.02833
628,1,0,4.31026,4.31026
628,2,0,1.9824,1.9824
628,3,0,1.84859,1.84859
629,0,0.515885,5.70052,6.21641
629,1,0,3.82927,3.82927
629,2,0,1.80875,1.80875
629,3,0,1.80005,1.80005
630,0,0.395417,5.69807,6.09349
630,1,0,4.14365,4.14365
630,2,0,1.81323,1.81323
630,3,0,1.78833,1.78833
631,0,0.407083,5.68766,6.09474
631,1,0,4.38172,4.38172
631,2,0,1.87156,1.87156
631,3,0,1.8401,1.8401
632,0,0.543334,5.52422,6.06755
632,1,0,4.08839,4.08839
632,2,0,1.82026,1.82026
632,3,0,1.79021,1.79021
633,0,0.674271,5.62172,6.29599
633,1,0,3.93781,3.93781
633,2,0,1.84646,1.84646
633,3,0,1.79078,1.79078
634,0,0.399219,5.71792,6.11714
634,1,0,4.39281,4.39281
634,2,0,1.86474,1.86474
634,3,0,1.80198,1.80198
635,0,0.395781,6.99234,7.38812
635,1,0,2.96245,2.96245
635,2,0,1.80078,1.80078
635,3,0,4.77562,4.77562
636,0,0.404375,4.33167,4.73604
636,1,0,2.96437,2.96437
636,2,0,1.82536,1.82536
636,3,0,4.76964,4.76964
637,0,0.564375,5.99083,6.55521
637,1,0,1.90109,1.90109
637,2,0,1.79557,1.79557
637,3,0,4.60922,4.60922
638,0,0.362031,5.57568,5.93771
638,1,0,1.82073,1.82073
638,2,0,4.89719,4.89719
638,3,0,1.81203,1.81203
639,0,0.350365,5.47391,5.82427
639,1,0,1.84146,1.84146
639,2,0,4.98823,4.98823
639,3,0,1.87417,1.87417
640,0,0.362448,5.58521,5.94766
640,1,0,1.7901,1.7901
640,2,0,4.61719,4.61719
640,3,0,2.14807,2.14807
641,0,0.396406,5.2576,5.65401
641,1,0,1.94359,1.94359
641,2,0,4.5912,4.5912
641,3,0,2.95562,2.95562
642,0,0.365989,4.45943,4.82542
642,1,0,1.90688,1.90688
642,2,0,4.88125,4.88125
642,3,0,4.18005,4.18005
643,0,0.365313,3.25302,3.61833
643,1,0,4.61224,4.61224
643,2,0,1.76578,1.76578
643,3,0,4.07937,4.07937
644,0,0.886145,3.28703,4.17318
644,1,0,4.55464,4.55464
644,2,0,2.93505,2.93505
644,3,0,3.05927,3.05927
645,0,0.560677,3.32583,3.88651
645,1,0,4.72203,4.72203
645,2,0,4.10594,4.10594
645,3,0,1.85146,1.85146
646,0,0.38125,3.06896,3.45021
646,1,0,4.69693,4.69693
646,2,0,4.15365,4.15365
646,3,0,1.88151,1.88151
647,0,0.419427,3.16724,3.58667
647,1,0,4.75677,4.75677
647,2,0,4.13724,4.13724
647,3,0,2.39969,2.39969
648,0,0.511354,5.73141,6.24276
648,1,0,2.91786,2.91786
648,2,0,2.92729,2.92729
648,3,0,1.80479,1.80479
649,0,0.398698,5.78807,6.18677
649,1,0,3.03177,3.03177
649,2,0,3.00401,3.00401
649,3,0,1.88422,1.88422
650,0,0.406979,5.71193,6.11891
650,1,0,2.97177,2.97177
650,2,0,3.28099,3.28099
650,3,0,1.86854,1.86854
651,0,0.428646,5.73495,6.16359
651,1,0,4.05661,4.05661
651,2,0,1.82281,1.82281
651,3,0,1.78042,1.78042
652,0,0.445625,5.91083,6.35646
652,1,0,4.17589,4.17589
652,2,0,1.82625,1.82625
652,3,0,1.80672,1.80672
653,0,0.39599,5.66328,6.05927
653,1,0,4.3426,4.3426
653,2,0,1.86385,1.86385
653,3,0,1.85786,1.85786
654,0,0.46776,5.63036,6.09812
654,1,0,4.06099,4.06099
654,2,0,1.82068,1.82068
654,3,0,1.78526,1.78526
655,0,0.408802,5.72927,6.13807
655,1,0,4.13661,4.13661
655,2,0,1.83912,1.83912
655,3,0,1.79411,1.79411
656,0,0.425,6.66781,7.09281
656,1,0,3.94042,3.94042
656,2,0,1.89339,1.89339
656,3,0,1.81917,1.81917
657,0,0.383021,6.85271,7.23573
657,1,0,2.95349,2.95349
657,2,0,1.83229,1.83229
657,3,0,4.73802,4.73802
658,0,0.386667,4.21661,4.60328
658,1,0,2.92969,2.92969
658,2,0,1.81828,1.81828
658,3,0,3.93214,3.93214
659,0,0.394219,4.80828,5.2025
659,1,0,3.03865,3.03865
659,2,0,1.85104,1.85104
659,3,0,4.69354,4.69354
660,0,0.410938,5.56932,5.98026
660,1,0,1.80787,1.80787
660,2,0,1.79089,1.79089
660,3,0,4.80266,4.80266
661,0,0.419167,5.51484,5.93401
661,1,0,1.83604,1.83604
661,2,0,1.81672,1.81672
661,3,0,4.94896,4.94896
662,0,0.389427,5.62958,6.01901
662,1,0,1.80995,1.80995
662,2,0,1.79349,1.79349
662,3,0,4.60547,4.60547
663,0,0.350937,5.49943,5.85036
663,1,0,1.94333,1.94333
663,2,0,4.71974,4.71974
663,3,0,1.80708,1.80708
664,0,0.353906,5.81495,6.16885
664,1,0,1.89766,1.89766
664,2,0,4.81958,4.81958
664,3,0,1.82594,1.82594
665,0,0.489688,5.08505,5.57474
665,1,0,1.79964,1.79964
665,2,0,4.62016,4.62016
665,3,0,1.76521,1.76521
666,0,0.381875,5.16828,5.55016
666,1,0,1.92068,1.92068
666,2,0,4.60156,4.60156
666,3,0,1.76833,1.76833
667,0,0.385886,5.49651,5.8824
667,1,0,1.90557,1.90557
667,2,0,4.77833,4.77833
667,3,0,3.00307,3.00307
668,0,0.7725,3.85464,4.62713
668,1,0,4.71193,4.71193
668,2,0,1.76979,1.76979
668,3,0,2.95771,2.95771
669,0,0.713542,3.71651,4.43005
669,1,0,4.75042,4.75042
669,2,0,1.80193,1.80193
669,3,0,2.90255,2.90255
670,0,0.404167,4.48521,4.88938
670,1,0,1.9213,1.9213
670,2,0,4.6776,4.6776
670,3,0,4.08411,4.08411
671,0,0.365885,3.49344,3.85932
671,1,0,4.58526,4.58526
671,2,0,1.75901,1.75901
671,3,0,4.11859,4.11859
672,0,0.618855,3.12328,3.74214
672,1,0,4.60734,4.60734
672,2,0,2.97292,2.97292
672,3,0,3.13573,3.13573
673,0,0.584375,3.27906,3.86344
673,1,0,4.67542,4.67542
673,2,0,2.94745,2.94745
673,3,0,2.6725,2.6725
674,0,0.414323,3.30229,3.71662
674,1,0,4.63057,4.63057
674,2,0,3.96693,3.96693
674,3,0,1.89708,1.89708
675,0,0.453854,3.41266,3.86651
675,1,0,4.81682,4.81682
675,2,0,4.405,4.405
675,3,0,1.85146,1.85146
676,0,0.517032,5.74364,6.26068
676,1,0,2.92771,2.92771
676,2,0,2.91365,2.91365
676,3,0,1.79313,1.79313
677,0,0.396354,5.79083,6.18719
677,1,0,2.99865,2.99865
677,2,0,2.97708,2.97708
677,3,0,1.81078,1.81078
678,0,0.42698,6.58437,7.01136
678,1,0,4.44078,4.44078
678,2,0,1.8874,1.8874
678,3,0,1.85589,1.85589
679,0,0.395885,5.66651,6.0624
679,1,0,3.07885,3.07885
679,2,0,2.74677,2.74677
679,3,0,1.83312,1.83312
680,0,0.437187,5.62344,6.06062
680,1,0,4.11057,4.11057
680,2,0,1.81427,1.81427
680,3,0,1.79427,1.79427
681,0,0.380729,5.81099,6.19172
681,1,0,4.35865,4.35865
681,2,0,1.90531,1.90531
681,3,0,1.78818,1.78818
682,0,0.407291,5.89448,6.30177
682,1,0,3.94813,3.94813
682,2,0,1.80787,1.80787
682,3,0,4.81818,4.81818
683,0,0.47875,4.53766,5.01641
683,1,0,2.97589,2.97589
683,2,0,1.89057,1.89057
683,3,0,3.99912,3.99912
684,0,0.496302,4.64787,5.14417
684,1,0,2.9237,2.9237
684,2,0,1.80214,1.80214
684,3,0,4.70656,4.70656
685,0,0.355104,5.61479,5.9699
685,1,0,1.8074,1.8074
685,2,0,1.81083,1.81083
685,3,0,4.69578,4.69578
686,0,0.39849,4.6438,5.04229
686,1,0,2.73901,2.73901
686,2,0,1.88995,1.88995
686,3,0,4.82516,4.82516
687,0,0.384948,5.4601,5.84505
687,1,0,1.82167,1.82167
687,2,0,1.77432,1.77432
687,3,0,4.60885,4.60885
688,0,0.37,5.54151,5.91151
688,1,0,1.89391,1.89391
688,2,0,1.85875,1.85875
688,3,0,4.60766,4.60766
689,0,0.3675,5.55604,5.92354
689,1,0,1.92938,1.92938
689,2,0,5.1438,5.1438
689,3,0,1.85703,1.85703
690,0,0.462709,5.46505,5.92776
690,1,0,1.84037,1.84037
690,2,0,4.57245,4.57245
690,3,0,2.94943,2.94943
691,0,0.353541,4.39557,4.74911
691,1,0,1.82516,1.82516
691,2,0,4.61224,4.61224
691,3,0,2.94729,2.94729
692,0,0.384114,4.45161,4.83573
692,1,0,2.05859,2.05859
692,2,0,4.67323,4.67323
692,3,0,4.07318,4.07318
693,0,0.373229,3.42651,3.79974
693,1,0,4.59406,4.59406
693,2,0,1.78323,1.78323
693,3,0,4.14641,4.14641
694,0,0.539062,3.30573,3.84479
694,1,0,4.5988,4.5988
694,2,0,1.77484,1.77484
694,3,0,3.99318,3.99318
695,0,0.431302,3.39344,3.82474
695,1,0,4.67896,4.67896
695,2,0,2.93073,2.93073
695,3,0,2.94687,2.94687
696,0,0.461666,3.19818,3.65984
696,1,0,4.62458,4.62458
696,2,0,3.05224,3.05224
696,3,0,2.71385,2.71385
697,0,0.476719,3.14276,3.61948
697,1,0,4.61693,4.61693
697,2,0,3.00047,3.00047
697,3,0,2.95094,2.95094
698,0,0.459271,3.25453,3.7138
698,1,0,4.6388,4.6388
698,2,0,4.08188,4.08188
698,3,0,1.8512,1.8512
699,0,0.464479,7.00615,7.47063
699,1,0,3.93599,3.93599
699,2,0,1.94833,1.94833
699,3,0,1.85,1.85
700,0,0.400781,5.71484,6.11562
700,1,0,3.13417,3.13417
700,2,0,2.96443,2.96443
700,3,0,1.87391,1.87391
701,0,0.507292,5.89927,6.40656
701,1,0,4.11516,4.11516
701,2,0,1.84047,1.84047
701,3,0,1.81818,1.81818
702,0,0.417969,5.70661,6.12458
702,1,0,4.1501,4.1501
702,2,0,1.84672,1.84672
702,3,0,1.79865,1.79865
703,0,0.435209,5.72281,6.15802
703,1,0,4.4687,4.4687
703,2,0,1.91021,1.91021
703,3,0,4.79552,4.79552
704,0,0.421302,4.39667,4.81797
704,1,0,2.95708,2.95708
704,2,0,1.83937,1.83937
704,3,0,4.71885,4.71885
705,0,0.402292,5.96005,6.36234
705,1,0,1.96141,1.96141
705,2,0,1.83125,1.83125
705,3,0,4.83344,4.83344
706,0,0.57625,5.80432,6.38057
706,1,0,1.90344,1.90344
706,2,0,1.85521,1.85521
706,3,0,4.68901,4.68901
707,0,0.445677,5.65948,6.10516
707,1,0,1.90651,1.90651
707,2,0,4.73792,4.73792
707,3,0,1.81745,1.81745
708,0,0.39875,5.18865,5.5874
708,1,0,1.90031,1.90031
708,2,0,4.89271,4.89271
708,3,0,3.03818,3.03818
709,0,0.434219,4.34865,4.78287
709,1,0,4.72818,4.72818
709,2,0,1.83818,1.83818
709,3,0,2.9499,2.9499
710,0,0.3975,3.71016,4.10766
710,1,0,4.78833,4.78833
710,2,0,1.81104,1.81104
710,3,0,2.97073,2.97073
711,0,0.384271,4.12083,4.50511
711,1,0,2.05531,2.05531
711,2,0,4.85641,4.85641
711,3,0,4.03969,4.03969
712,0,0.456823,3.07781,3.53464
712,1,0,1.83656,1.83656
712,2,0,4.74396,4.74396
712,3,0,4.11474,4.11474
713,0,0.788178,3.24838,4.03656
713,1,0,4.55177,4.55177
713,2,0,2.92526,2.92526
713,3,0,2.96469,2.96469
714,0,0.392916,3.35865,3.75156
714,1,0,4.74651,4.74651
714,2,0,2.95453,2.95453
714,3,0,2.8251,2.8251
715,0,0.464427,3.16427,3.6287
715,1,0,4.6151,4.6151
715,2,0,2.96349,2.96349
715,3,0,2.79427,2.79427
716,0,0.471979,3.34698,3.81896
716,1,0,4.70563,4.70563
716,2,0,4.15974,4.15974
716,3,0,1.98552,1.98552
717,0,0.534167,5.99729,6.53146
717,1,0,1.76948,1.76948
717,2,0,2.94073,2.94073
717,3,0,2.72984,2.72984
718,0,0.408438,5.70714,6.11557
718,1,0,1.77776,1.77776
718,2,0,4.2212,4.2212
718,3,0,2.12365,2.12365
719,0,0.407604,5.6412,6.0488
719,1,0,1.76937,1.76937
719,2,0,4.31937,4.31937
719,3,0,1.95828,1.95828
720,0,0.462552,6.06193,6.52448
720,1,0,2.91958,2.91958
720,2,0,2.94427,2.94427
720,3,0,1.86896,1.86896
721,0,0.411406,5.8037,6.2151
721,1,0,3.02229,3.02229
721,2,0,2.79375,2.79375
721,3,0,1.88875,1.88875
722,0,0.407813,5.5813,5.98911
722,1,0,2.98719,2.98719
722,2,0,3.22724,3.22724
722,3,0,1.94724,1.94724
723,0,0.47776,5.53365,6.01141
723,1,0,2.99255,2.99255
723,2,0,2.66677,2.66677
723,3,0,1.78438,1.78438
724,0,0.438489,6.16365,6.60213
724,1,0,3.85875,3.85875
724,2,0,1.82927,1.82927
724,3,0,1.79,1.79
725,0,0.413958,5.67464,6.08859
725,1,0,3.27589,3.27589
725,2,0,2.75057,2.75057
725,3,0,1.84151,1.84151
726,0,0.439219,5.81312,6.25234
726,1,0,2.95297,2.95297
726,2,0,2.68063,2.68063
726,3,0,1.90057,1.90057
727,0,0.687396,5.47906,6.16646
727,1,0,2.9737,2.9737
727,2,0,2.98609,2.98609
727,3,0,1.79323,1.79323
728,0,0.405364,6.52885,6.93422
728,1,0,4.51333,4.51333
728,2,0,1.85589,1.85589
728,3,0,1.79729,1.79729
729,0,0.424271,5.56443,5.9887
729,1,0,3.97771,3.97771
729,2,0,1.80713,1.80713
729,3,0,1.78984,1.78984
730,0,0.510469,5.54245,6.05292
730,1,0,4.09458,4.09458
730,2,0,1.82136,1.82136
730,3,0,1.80214,1.80214
731,0,0.52375,5.935,6.45875
731,1,0,3.99672,3.99672
731,2,0,1.80766,1.80766
731,3,0,1.78083,1.78083
732,0,0.400833,5.64833,6.04917
732,1,0,4.22604,4.22604
732,2,0,1.79703,1.79703
732,3,0,1.86219,1.86219
733,0,0.431042,5.61688,6.04792
733,1,0,4.07729,4.07729
733,2,0,1.78781,1.78781
733,3,0,1.89521,1.89521
734,0,0.479479,5.99599,6.47547
734,1,0,4.01208,4.01208
734,2,0,1.79672,1.79672
734,3,0,1.79266,1.79266
735,0,0.402708,5.88474,6.28745
735,1,0,3.88537,3.88537
735,2,0,1.96401,1.96401
735,3,0,1.85964,1.85964
736,0,0.456354,5.61838,6.07474
736,1,0,4.07021,4.07021
736,2,0,1.87359,1.87359
736,3,0,1.93958,1.93958
737,0,0.54948,5.67906,6.22854
737,1,0,3.93823,3.93823
737,2,0,1.79651,1.79651
737,3,0,1.77839,1.77839
738,0,0.397292,5.58849,5.98578
738,1,0,2.94672,2.94672
738,2,0,2.81016,2.81016
738,3,0,1.83005,1.83005
739,0,0.421771,6.105,6.52677
739,1,0,4.09849,4.09849
739,2,0,2.01568,2.01568
739,3,0,1.96844,1.96844
740,0,0.443489,7.08318,7.52667
740,1,0,2.95031,2.95031
740,2,0,1.87073,1.87073
740,3,0,4.71297,4.71297
741,0,0.391719,5.63276,6.02448
741,1,0,1.86635,1.86635
741,2,0,1.81667,1.81667
741,3,0,4.62344,4.62344
742,0,0.365104,5.44901,5.81412
742,1,0,2.14922,2.14922
742,2,0,1.83286,1.83286
742,3,0,4.66859,4.66859
743,0,0.37099,5.48599,5.85698
743,1,0,1.8174,1.8174
743,2,0,1.77453,1.77453
743,3,0,4.63615,4.63615
744,0,0.371979,5.63037,6.00234
744,1,0,1.84563,1.84563
744,2,0,4.695,4.695
744,3,0,1.77802,1.77802
745,0,1.53594,5.01411,6.55005
745,1,0,1.87187,1.87187
745,2,0,4.6399,4.6399
745,3,0,1.77948,1.77948
746,0,0.390261,5.24938,5.63964
746,1,0,1.79266,1.79266
746,2,0,4.69849,4.69849
746,3,0,1.86693,1.86693
747,0,0.412187,4.97417,5.38635
747,1,0,1.80589,1.80589
747,2,0,4.64687,4.64687
747,3,0,1.81187,1.81187
748,0,0.50099,5.47516,5.97615
748,1,0,1.85203,1.85203
748,2,0,4.60339,4.60339
748,3,0,2.91104,2.91104
749,0,0.355261,4.44323,4.79849
749,1,0,4.74255,4.74255
749,2,0,1.84484,1.84484
749,3,0,2.92906,2.92906
750,0,0.396302,4.2126,4.60891
750,1,0,4.71281,4.71281
750,2,0,1.91511,1.91511
750,3,0,4.4151,4.4151
751,0,0.427031,3.05516,3.48219
751,1,0,4.60286,4.60286
751,2,0,1.76542,1.76542
751,3,0,4.05542,4.05542
752,0,0.365157,3.24281,3.60797
752,1,0,4.70146,4.70146
752,2,0,1.81755,1.81755
752,3,0,4.06542,4.06542
753,0,0.48651,3.28599,3.7725
753,1,0,4.93151,4.93151
753,2,0,3.38026,3.38026
753,3,0,2.66891,2.66891
754,0,0.43625,3.44937,3.88563
754,1,0,4.69963,4.69963
754,2,0,4.07042,4.07042
754,3,0,1.80766,1.80766
755,0,0.379479,3.25828,3.63776
755,1,0,4.79297,4.79297
755,2,0,4.09016,4.09016
755,3,0,1.80573,1.80573
756,0,1.46474,5.17354,6.63828
756,1,0,3.03563,3.03563
756,2,0,2.97661,2.97661
756,3,0,1.8201,1.8201
757,0,0.40651,5.53734,5.94385
757,1,0,2.94521,2.94521
757,2,0,2.95922,2.95922
757,3,0,1.92714,1.92714
758,0,0.510625,5.74812,6.25875
758,1,0,2.91943,2.91943
758,2,0,3.06224,3.06224
758,3,0,2.60172,2.60172
759,0,0.50375,5.87234,6.37609
759,1,0,4.09578,4.09578
759,2,0,1.83187,1.83187
759,3,0,1.82859,1.82859
760,0,0.412344,5.53104,5.94339
760,1,0,4.15172,4.15172
760,2,0,1.87411,1.87411
760,3,0,1.89432,1.89432
761,0,0.411771,5.45094,5.86271
761,1,0,4.16443,4.16443
761,2,0,1.87891,1.87891
761,3,0,2.0713,2.0713
762,0,0.456198,5.63224,6.08844
762,1,0,4.08349,4.08349
762,2,0,1.82787,1.82787
762,3,0,1.78229,1.78229
763,0,0.423542,5.74755,6.17109
763,1,0,4.16771,4.16771
763,2,0,1.96505,1.96505
763,3,0,1.81104,1.81104
764,0,0.397604,5.56562,5.96323
764,1,0,4.20406,4.20406
764,2,0,2.09516,2.09516
764,3,0,1.87469,1.87469
765,0,0.499844,7.00328,7.50312
765,1,0,2.96115,2.96115
765,2,0,1.81083,1.81083
765,3,0,4.68906,4.68906
766,0,0.600157,5.3688,5.96896
766,1,0,2.84187,2.84187
766,2,0,1.79635,1.79635
766,3,0,4.62391,4.62391
767,0,0.38625,5.85177,6.23802
767,1,0,1.92672,1.92672
767,2,0,4.76417,4.76417
767,3,0,1.7662,1.7662
768,0,0.360521,5.6412,6.00172
768,1,0,1.80219,1.80219
768,2,0,4.71328,4.71328
768,3,0,1.86156,1.86156
769,0,0.427552,6.01615,6.4437
769,1,0,4.83224,4.83224
769,2,0,1.81745,1.81745
769,3,0,4.12411,4.12411
770,0,0.389322,3.31,3.69932
770,1,0,4.74287,4.74287
770,2,0,1.7588,1.7588
770,3,0,4.05276,4.05276
771,0,0.370156,3.18385,3.55401
771,1,0,4.77984,4.77984
771,2,0,1.84734,1.84734
771,3,0,4.07719,4.07719
772,0,0.386459,3.14286,3.52932
772,1,0,4.66979,4.66979
772,2,0,1.96802,1.96802
772,3,0,3.98198,3.98198
773,0,0.404167,3.25656,3.66073
773,1,0,4.59849,4.59849
773,2,0,1.76578,1.76578
773,3,0,3.89802,3.89802
774,0,0.364375,3.1437,3.50807
774,1,0,4.65693,4.65693
774,2,0,1.79906,1.79906
774,3,0,3.83042,3.83042
775,0,0.368073,3.14125,3.50932
775,1,0,4.91771,4.91771
775,2,0,3.1424,3.1424
775,3,0,3.08375,3.08375
776,0,0.408437,3.09604,3.50448
776,1,0,4.61891,4.61891
776,2,0,2.95161,2.95161
776,3,0,2.68422,2.68422
777,0,0.450729,3.29646,3.74719
777,1,0,4.58802,4.58802
777,2,0,3.83729,3.83729
777,3,0,1.84073,1.84073
778,0,0.385208,3.27339,3.65859
778,1,0,4.82224,4.82224
778,2,0,3.92776,3.92776
778,3,0,1.81776,1.81776
779,0,0.377448,3.17188,3.54932
779,1,0,4.70344,4.70344
779,2,0,4.09927,4.09927
779,3,0,1.83787,1.83787
780,0,0.624688,3.31057,3.93526
780,1,0,5.93854,5.93854
780,2,0,2.9426,2.9426
780,3,0,1.84135,1.84135
781,0,0.734167,5.75344,6.48761
781,1,0,3.10771,3.10771
781,2,0,2.68495,2.68495
781,3,0,1.81172,1.81172
782,0,0.420834,5.75969,6.18052
782,1,0,2.93255,2.93255
782,2,0,2.96927,2.96927
782,3,0,1.93401,1.93401
783,0,0.453854,5.61583,6.06969
783,1,0,2.9349,2.9349
783,2,0,2.98474,2.98474
783,3,0,1.93813,1.93813
784,0,0.746302,6.33542,7.08172
784,1,0,4.13073,4.13073
784,2,0,1.82802,1.82802
784,3,0,1.78588,1.78588
785,0,0.392344,5.61812,6.01047
785,1,0,4.17328,4.17328
785,2,0,1.88229,1.88229
785,3,0,1.83896,1.83896
786,0,0.411354,5.5076,5.91896
786,1,0,4.11719,4.11719
786,2,0,1.93938,1.93938
786,3,0,2.1051,2.1051
787,0,0.440157,5.58661,6.02677
787,1,0,4.07469,4.07469
787,2,0,1.81208,1.81208
787,3,0,1.78271,1.78271
788,0,0.401823,5.94417,6.34599
788,1,0,4.40859,4.40859
788,2,0,1.8975,1.8975
788,3,0,4.69245,4.69245
789,0,0.424063,4.35635,4.78042
789,1,0,3.13656,3.13656
789,2,0,1.83349,1.83349
789,3,0,4.79031,4.79031
790,0,0.39875,5.43088,5.82963
790,1,0,1.80141,1.80141
790,2,0,1.77547,1.77547
790,3,0,4.65047,4.65047
791,0,0.373489,6.38844,6.76193
791,1,0,1.90448,1.90448
791,2,0,4.76292,4.76292
791,3,0,1.81083,1.81083
792,0,0.421041,5.93797,6.35901
792,1,0,1.87177,1.87177
792,2,0,4.6326,4.6326
792,3,0,1.79318,1.79318
793,0,0.373489,5.21021,5.5837
793,1,0,1.79901,1.79901
793,2,0,4.69062,4.69062
793,3,0,1.84182,1.84182
794,0,0.376458,5.35797,5.73443
794,1,0,1.79359,1.79359
794,2,0,4.66219,4.66219
794,3,0,1.87963,1.87963
795,0,0.521458,5.69198,6.21344
795,1,0,1.83229,1.83229
795,2,0,4.61094,4.61094
795,3,0,2.93052,2.93052
796,0,0.408281,3.7601,4.16838
796,1,0,1.79677,1.79677
796,2,0,4.67578,4.67578
796,3,0,2.96062,2.96062
797,0,0.408542,4.05073,4.45927
797,1,0,1.82635,1.82635
797,2,0,4.78979,4.78979
797,3,0,3.15703,3.15703
798,0,0.496407,3.96703,4.46344
798,1,0,1.81,1.81
798,2,0,4.6237,4.6237
798,3,0,2.94698,2.94698
799,0,0.415364,3.97484,4.39021
799,1,0,4.75635,4.75635
799,2,0,1.8549,1.8549
799,3,0,2.9237,2.9237
800,0,0.399583,3.7901,4.18969
800,1,0,4.86755,4.86755
800,2,0,1.97188,1.97188
800,3,0,3.94344,3.94344
801,0,0.364948,3.30068,3.66562
801,1,0,4.71995,4.71995
801,2,0,1.77,1.77
801,3,0,3.78844,3.78844
802,0,0.369427,3.25432,3.62375
802,1,0,4.7275,4.7275
802,2,0,1.79396,1.79396
802,3,0,3.7788,3.7788
803,0,0.362031,3.44453,3.80656
803,1,0,1.92276,1.92276
803,2,0,4.80276,4.80276
803,3,0,3.03208,3.03208
804,0,0.414167,4.03443,4.44859
804,1,0,4.61073,4.61073
804,2,0,1.75969,1.75969
804,3,0,4.07047,4.07047
805,0,0.584427,3.33255,3.91698
805,1,0,4.59167,4.59167
805,2,0,1.78906,1.78906
805,3,0,3.86583,3.86583
806,0,0.61974,3.28792,3.90766
806,1,0,4.71229,4.71229
806,2,0,3.23656,3.23656
806,3,0,2.51031,2.51031
807,0,0.484895,3.28443,3.76932
807,1,0,4.61667,4.61667
807,2,0,3.85266,3.85266
807,3,0,1.9076,1.9076
808,0,0.49927,3.19042,3.68969
808,1,0,4.60552,4.60552
808,2,0,3.84411,3.84411
808,3,0,2.00469,2.00469
809,0,0.603229,3.24807,3.8513
809,1,0,4.87823,4.87823
809,2,0,3.84141,3.84141
809,3,0,2.04948,2.04948
810,0,0.440052,5.76161,6.20167
810,1,0,1.77354,1.77354
810,2,0,3.94365,3.94365
810,3,0,1.85406,1.85406
811,0,0.418541,6.26198,6.68052
811,1,0,1.78979,1.78979
811,2,0,4.08953,4.08953
811,3,0,1.98807,1.98807
812,0,0.433698,5.96234,6.39604
812,1,0,2.94109,2.94109
812,2,0,2.76302,2.76302
812,3,0,1.79453,1.79453
813,0,0.389063,5.66849,6.05755
813,1,0,1.85099,1.85099
813,2,0,3.92927,3.92927
813,3,0,1.9538,1.9538
814,0,0.458594,6.19193,6.65052
814,1,0,4.09698,4.09698
814,2,0,1.91833,1.91833
814,3,0,1.84177,1.84177
815,0,0.54224,5.49833,6.04057
815,1,0,2.94213,2.94213
815,2,0,2.74406,2.74406
815,3,0,1.81839,1.81839
816,0,0.403073,6.17901,6.58208
816,1,0,3.88193,3.88193
816,2,0,1.82141,1.82141
816,3,0,1.77984,1.77984
817,0,0.415208,6.01203,6.42724
817,1,0,4.13948,4.13948
817,2,0,1.85719,1.85719
817,3,0,1.83755,1.83755
818,0,0.484479,6.0137,6.49818
818,1,0,4.07302,4.07302
818,2,0,1.82891,1.82891
818,3,0,1.94859,1.94859
819,0,0.426563,5.61099,6.03755
819,1,0,4.14115,4.14115
819,2,0,1.82099,1.82099
819,3,0,1.77927,1.77927
820,0,0.397969,6.01531,6.41328
820,1,0,4.02104,4.02104
820,2,0,1.84885,1.84885
820,3,0,1.7801,1.7801
821,0,0.391302,5.39052,5.78182
821,1,0,4.07031,4.07031
821,2,0,1.97365,1.97365
821,3,0,1.87854,1.87854
822,0,0.418802,5.90089,6.31969
822,1,0,3.75307,3.75307
822,2,0,1.82094,1.82094
822,3,0,1.82703,1.82703
823,0,1.09505,5.1212,6.21625
823,1,0,3.93885,3.93885
823,2,0,1.7963,1.7963
823,3,0,1.77823,1.77823
824,0,0.41552,5.64057,6.05609
824,1,0,2.92115,2.92115
824,2,0,2.72792,2.72792
824,3,0,1.87198,1.87198
825,0,0.501719,5.55021,6.05193
825,1,0,4.10667,4.10667
825,2,0,1.83276,1.83276
825,3,0,1.83734,1.83734
826,0,0.590729,5.84917,6.4399
826,1,0,4.14776,4.14776
826,2,0,1.87922,1.87922
826,3,0,1.91922,1.91922
827,0,0.542708,6.39719,6.9399
827,1,0,8.8262,8.8262
827,2,0,2.49,2.49
827,3,0,1.80406,1.80406
828,0,0.328802,3.70635,4.03516
828,1,0,1.79385,1.79385
828,2,0,2.79562,2.79562
828,3,0,1.87297,1.87297
829,0,0.434323,3.49698,3.9313
829,1,0,1.81042,1.81042
829,2,0,1.80073,1.80073
829,3,0,1.80375,1.80375
830,0,0.889583,3.74271,4.63229
830,1,0,1.84885,1.84885
830,2,0,1.84177,1.84177
830,3,0,1.82787,1.82787
831,0,0.782552,3.56156,4.34412
831,1,0,2.52427,2.52427
831,2,0,1.83599,1.83599
831,3,0,1.81307,1.81307
832,0,0.663906,3.18026,3.84417
832,1,0,2.54531,2.54531
832,2,0,2.81276,2.81276
832,3,0,1.82151,1.82151
833,0,0.83651,3.72729,4.5638
833,1,0,1.81802,1.81802
833,2,0,1.78036,1.78036
833,3,0,1.79016,1.79016
834,0,0.652031,3.93865,4.59068
834,1,0,1.80682,1.80682
834,2,0,1.7813,1.7813
834,3,0,1.84776,1.84776
835,0,0.854219,3.26437,4.11859
835,1,0,2.68203,2.68203
835,2,0,1.82807,1.82807
835,3,0,1.80802,1.80802
836,0,0.749375,3.33974,4.08911
836,1,0,2.32542,2.32542
836,2,0,2.7049,2.7049
836,3,0,1.92432,1.92432
837,0,0.812083,3.44974,4.26182
837,1,0,1.82807,1.82807
837,2,0,1.88979,1.88979
837,3,0,1.80375,1.80375
838,0,0.743021,3.95833,4.70135
838,1,0,1.84656,1.84656
838,2,0,1.94114,1.94114
838,3,0,1.87411,1.87411
839,0,0.842761,3.22771,4.07047
839,1,0,2.66375,2.66375
839,2,0,1.85245,1.85245
839,3,0,1.82906,1.82906
840,0,0.821927,3.14052,3.96245
840,1,0,2.00448,2.00448
840,2,0,1.83865,1.83865
840,3,0,2.72568,2.72568
841,0,0.714844,3.21052,3.92537
841,1,0,1.81958,1.81958
841,2,0,1.8038,1.8038
841,3,0,1.77448,1.77448
842,0,0.621041,4.0138,4.63484
842,1,0,1.87219,1.87219
842,2,0,1.85047,1.85047
842,3,0,1.86281,1.86281
843,0,0.850469,3.27094,4.12141
843,1,0,2.61505,2.61505
843,2,0,1.87386,1.87386
843,3,0,1.82906,1.82906
844,0,0.815781,3.45547,4.27125
844,1,0,1.90396,1.90396
844,2,0,1.81599,1.81599
844,3,0,2.61734,2.61734
845,0,0.821823,3.24943,4.07125
845,1,0,1.81802,1.81802
845,2,0,1.79484,1.79484
845,3,0,1.83823,1.83823
846,0,0.74724,4.03635,4.78359
846,1,0,1.82588,1.82588
846,2,0,1.85713,1.85713
846,3,0,1.81714,1.81714
847,0,0.894583,3.20635,4.10094
847,1,0,1.84323,1.84323
847,2,0,2.60609,2.60609
847,3,0,1.84,1.84
848,0,0.879062,3.69787,4.57693
848,1,0,1.86797,1.86797
848,2,0,1.85672,1.85672
848,3,0,2.61698,2.61698
849,0,0.828697,3.24261,4.0713
849,1,0,1.80828,1.80828
849,2,0,1.83385,1.83385
849,3,0,1.82911,1.82911
850,0,0.731927,3.86964,4.60156
850,1,0,1.85698,1.85698
850,2,0,1.82099,1.82099
850,3,0,1.82729,1.82729
851,0,0.773594,3.08396,3.85755
851,1,0,1.79458,1.79458
851,2,0,2.58307,2.58307
851,3,0,1.85948,1.85948
852,0,0.784427,3.5476,4.33203
852,1,0,1.82359,1.82359
852,2,0,1.81604,1.81604
852,3,0,1.82245,1.82245
853,0,0.738333,4.10776,4.84609
853,1,0,1.83161,1.83161
853,2,0,1.8201,1.8201
853,3,0,1.8399,1.8399
854,0,0.769271,3.37245,4.14172
854,1,0,2.64745,2.64745
854,2,0,1.87964,1.87964
854,3,0,1.82948,1.82948
855,0,0.772188,3.08979,3.86198
855,1,0,1.78958,1.78958
855,2,0,1.84958,1.84958
855,3,0,2.67474,2.67474
856,0,0.804375,3.43318,4.23755
856,1,0,1.80771,1.80771
856,2,0,1.80354,1.80354
856,3,0,1.77792,1.77792
857,0,0.630573,4.12719,4.75776
857,1,0,1.80958,1.80958
857,2,0,1.85094,1.85094
857,3,0,2.22896,2.22896
858,0,0.816406,3.91167,4.72807
858,1,0,3.53359,3.53359
858,2,0,2.19568,2.19568
858,3,0,2.22339,2.22339
859,0,1.50901,7.49917,9.00818
859,1,0,2.71542,2.71542
859,2,0,2.14229,2.14229
859,3,0,2.54594,2.54594
860,0,1.13646,3.26719,4.40365
860,1,0,2.45797,2.45797
860,2,0,2.65495,2.65495
860,3,0,2.18912,2.18912
861,0,1.35891,4.61599,5.9749
861,1,0,2.23286,2.23286
861,2,0,2.11469,2.11469
861,3,0,2.15359,2.15359
862,0,1.32906,4.1213,5.45036
862,1,0,2.19625,2.19625
862,2,0,3.39401,3.39401
862,3,0,1.97016,1.97016
863,0,1.27698,4.25182,5.5288
863,1,0,2.10401,2.10401
863,2,0,1.93635,1.93635
863,3,0,1.97807,1.97807
864,0,1.91427,3.24287,5.15714
864,1,0,2.15172,2.15172
864,2,0,2.4012,2.4012
864,3,0,1.95115,1.95115
865,0,1.07625,3.28302,4.35927
865,1,0,1.98703,1.98703
865,2,0,2.09083,2.09083
865,3,0,2.44401,2.44401
866,0,1.35818,3.32906,4.68724
866,1,0,1.89443,1.89443
866,2,0,1.9024,1.9024
866,3,0,1.94396,1.94396
867,0,1.29255,3.43885,4.73141
867,1,0,1.92953,1.92953
867,2,0,2.27266,2.27266
867,3,0,1.8449,1.8449
868,0,1.14391,3.58505,4.72896
868,1,0,2.07323,2.07323
868,2,0,1.83719,1.83719
868,3,0,1.82828,1.82828
869,0,1.06385,3.45193,4.51578
869,1,0,2.62073,2.62073
869,2,0,2.04193,2.04193
869,3,0,2.09068,2.09068
870,0,1.06161,3.4075,4.46912
870,1,0,1.91865,1.91865
870,2,0,1.99953,1.99953
870,3,0,1.85193,1.85193
871,0,1.10677,3.29172,4.39849
871,1,0,1.82333,1.82333
871,2,0,1.86594,1.86594
871,3,0,1.90302,1.90302
872,0,1.62167,3.36599,4.98766
872,1,0,1.85115,1.85115
872,2,0,1.85151,1.85151
872,3,0,1.82547,1.82547
873,0,0.977187,3.31089,4.28807
873,1,0,1.88641,1.88641
873,2,0,1.99479,1.99479
873,3,0,2.00807,2.00807
874,0,1.15302,4.00083,5.15385
874,1,0,1.93833,1.93833
874,2,0,1.82745,1.82745
874,3,0,1.82594,1.82594
875,0,0.863489,3.15703,4.02052
875,1,0,1.83813,1.83813
875,2,0,1.85162,1.85162
875,3,0,2.67646,2.67646
876,0,1.11547,3.23807,4.35354
876,1,0,1.84391,1.84391
876,2,0,1.82563,1.82563
876,3,0,1.82094,1.82094
877,0,0.883021,3.38703,4.27005
877,1,0,2.16391,2.16391
877,2,0,1.94193,1.94193
877,3,0,1.85339,1.85339
878,0,1.07578,3.54937,4.62516
878,1,0,1.88245,1.88245
878,2,0,1.87068,1.87068
878,3,0,1.83172,1.83172
879,0,0.987187,3.07703,4.06422
879,1,0,1.85099,1.85099
879,2,0,1.87458,1.87458
879,3,0,1.86359,1.86359
880,0,1.06807,3.21213,4.28021
880,1,0,1.84094,1.84094
880,2,0,1.83234,1.83234
880,3,0,1.82057,1.82057
881,0,0.983646,3.68797,4.67162
881,1,0,2.19453,2.19453
881,2,0,1.9376,1.9376
881,3,0,1.86037,1.86037
882,0,1.06588,3.51115,4.57703
882,1,0,1.82927,1.82927
882,2,0,1.8276,1.8276
882,3,0,1.84078,1.84078
883,0,0.873594,3.29229,4.16589
883,1,0,1.87677,1.87677
883,2,0,1.84141,1.84141
883,3,0,1.95177,1.95177
884,0,1.14245,3.25599,4.39844
884,1,0,1.84708,1.84708
884,2,0,1.85057,1.85057
884,3,0,2.0376,2.0376
885,0,0.859584,3.14292,4.0025
885,1,0,2.17026,2.17026
885,2,0,1.9438,1.9438
885,3,0,1.84542,1.84542
886,0,1.06198,3.15333,4.21531
886,1,0,1.86641,1.86641
886,2,0,1.84172,1.84172
886,3,0,1.82594,1.82594
887,0,0.943646,3.29911,4.24276
887,1,0,1.83458,1.83458
887,2,0,1.975,1.975
887,3,0,1.89766,1.89766
888,0,1.07958,3.27667,4.35625
888,1,0,1.83984,1.83984
888,2,0,1.82536,1.82536
888,3,0,1.84307,1.84307
889,0,0.882239,3.13922,4.02146
889,1,0,1.98349,1.98349
889,2,0,2.13901,2.13901
889,3,0,1.96193,1.96193
890,0,1.07057,3.25797,4.32854
890,1,0,1.8713,1.8713
890,2,0,1.82667,1.82667
890,3,0,1.89026,1.89026
891,0,0.859687,3.36724,4.22693
891,1,0,1.82219,1.82219
891,2,0,1.84057,1.84057
891,3,0,1.8838,1.8838
892,0,1.1149,3.12917,4.24406
892,1,0,1.86266,1.86266
892,2,0,1.8424,1.8424
892,3,0,1.82495,1.82495
893,0,0.910157,3.65714,4.56729
893,1,0,2.3212,2.3212
893,2,0,2.21859,2.21859
893,3,0,1.86724,1.86724
894,0,1.07234,3.21354,4.28589
894,1,0,1.83177,1.83177
894,2,0,1.82802,1.82802
894,3,0,1.89198,1.89198
895,0,0.832969,3.23713,4.0701
895,1,0,1.87375,1.87375
895,2,0,1.85037,1.85037
895,3,0,1.86677,1.86677
896,0,1.05964,3.27745,4.33708
896,1,0,1.84865,1.84865
896,2,0,1.84672,1.84672
896,3,0,1.82948,1.82948
897,0,0.913281,3.67109,4.58437
897,1,0,1.97354,1.97354
897,2,0,2.08255,2.08255
897,3,0,1.87615,1.87615
898,0,1.05838,3.29588,4.35427
898,1,0,1.86427,1.86427
898,2,0,4.62333,4.62333
898,3,0,1.92568,1.92568
899,0,0.902916,3.16443,4.06734
899,1,0,1.86318,1.86318
899,2,0,2.43833,2.43833
899,3,0,1.8838,1.8838
900,0,1.04911,3.39562,4.44474
900,1,0,1.83167,1.83167
900,2,0,1.81635,1.81635
900,3,0,1.91094,1.91094
901,0,1.34047,3.57281,4.91328
901,1,0,1.84542,1.84542
901,2,0,1.87,1.87
901,3,0,1.89703,1.89703
902,0,0.904063,3.22917,4.13323
902,1,0,1.8376,1.8376
902,2,0,1.82708,1.82708
902,3,0,1.91807,1.91807
903,0,0.792396,3.5,4.2924
903,1,0,1.91318,1.91318
903,2,0,1.97625,1.97625
903,3,0,2.02,2.02
904,0,1.1162,4.15318,5.26938
904,1,0,1.83677,1.83677
904,2,0,2.37792,2.37792
904,3,0,2.23281,2.23281
905,0,1.14437,3.25781,4.40219
905,1,0,1.85713,1.85713
905,2,0,1.85635,1.85635
905,3,0,1.98984,1.98984
906,0,0.880677,3.12401,4.00469
906,1,0,1.83464,1.83464
906,2,0,1.82339,1.82339
906,3,0,2.1124,2.1124
907,0,0.840364,3.36437,4.20474
907,1,0,2.03745,2.03745
907,2,0,1.88714,1.88714
907,3,0,1.83724,1.83724
908,0,1.00219,3.48255,4.48474
908,1,0,1.83474,1.83474
908,2,0,2.20526,2.20526
908,3,0,1.9449,1.9449
909,0,1.1576,3.19443,4.35203
909,1,0,1.86104,1.86104
909,2,0,1.84818,1.84818
909,3,0,1.9263,1.9263
910,0,0.922552,3.19838,4.12094
910,1,0,1.83818,1.83818
910,2,0,1.82104,1.82104
910,3,0,2.28812,2.28812
911,0,2.01651,3.29526,5.31177
911,1,0,2.08693,2.08693
911,2,0,2.01562,2.01562
911,3,0,1.85547,1.85547
912,0,0.990573,3.43391,4.42448
912,1,0,2.3913,2.3913
912,2,0,2.35109,2.35109
912,3,0,2.13026,2.13026
913,0,1.15625,3.34719,4.50344
913,1,0,1.89625,1.89625
913,2,0,1.82542,1.82542
913,3,0,1.81526,1.81526
914,0,1.06078,3.12656,4.18734
914,1,0,1.88401,1.88401
914,2,0,1.82995,1.82995
914,3,0,1.84083,1.84083
915,0,1.77531,3.24693,5.02224
915,1,0,1.84807,1.84807
915,2,0,1.93693,1.93693
915,3,0,1.92698,1.92698
916,0,0.943542,4.14516,5.0887
916,1,0,2.12875,2.12875
916,2,0,2.00828,2.00828
916,3,0,1.84411,1.84411
917,0,1.06047,3.20109,4.26156
917,1,0,1.97505,1.97505
917,2,0,1.93661,1.93661
917,3,0,1.83068,1.83068
918,0,0.975104,3.18458,4.15969
918,1,0,1.84766,1.84766
918,2,0,1.84198,1.84198
918,3,0,1.88948,1.88948
919,0,1.1299,3.19458,4.32448
919,1,0,1.84958,1.84958
919,2,0,1.86036,1.86036
919,3,0,1.82458,1.82458
920,0,0.911302,3.94365,4.85495
920,1,0,2.23438,2.23438
920,2,0,1.89823,1.89823
920,3,0,1.84401,1.84401
921,0,1.13052,3.28776,4.41828
921,1,0,1.83297,1.83297
921,2,0,1.94422,1.94422
921,3,0,1.8462,1.8462
922,0,0.880052,3.24177,4.12182
922,1,0,1.85094,1.85094
922,2,0,1.95422,1.95422
922,3,0,1.99927,1.99927
923,0,1.10182,3.1275,4.22932
923,1,0,1.84,1.84
923,2,0,1.95203,1.95203
923,3,0,1.83531,1.83531
924,0,0.864583,3.28943,4.15401
924,1,0,2.06901,2.06901
924,2,0,1.97078,1.97078
924,3,0,1.85281,1.85281
925,0,1.05828,3.16682,4.2251
925,1,0,1.83708,1.83708
925,2,0,1.94979,1.94979
925,3,0,1.83573,1.83573
926,0,0.831875,3.44208,4.27396
926,1,0,1.96646,1.96646
926,2,0,2.02484,2.02484
926,3,0,2.31521,2.31521
927,0,1.01078,3.43245,4.44323
927,1,0,1.96208,1.96208
927,2,0,1.83573,1.83573
927,3,0,1.81854,1.81854
928,0,0.926771,3.36323,4.29
928,1,0,2.27448,2.27448
928,2,0,1.8613,1.8613
928,3,0,1.84885,1.84885
929,0,1.06031,3.25776,4.31807
929,1,0,1.8363,1.8363
929,2,0,1.89026,1.89026
929,3,0,1.83094,1.83094
930,0,0.825677,3.25427,4.07995
930,1,0,1.90839,1.90839
930,2,0,1.85604,1.85604
930,3,0,1.87667,1.87667
931,0,1.05458,3.35589,4.41047
931,1,0,1.88042,1.88042
931,2,0,1.825,1.825
931,3,0,1.83167,1.83167
932,0,0.832968,3.46437,4.29734
932,1,0,2.1387,2.1387
932,2,0,1.87875,1.87875
932,3,0,1.84583,1.84583
933,0,1.04031,3.26432,4.30464
933,1,0,1.83104,1.83104
933,2,0,2.11474,2.11474
933,3,0,1.92229,1.92229
934,0,0.83625,3.14021,3.97646
934,1,0,1.86021,1.86021
934,2,0,1.85464,1.85464
934,3,0,1.98776,1.98776
935,0,1.03479,3.24844,4.28323
935,1,0,1.84333,1.84333
935,2,0,1.82677,1.82677
935,3,0,1.8388,1.8388
936,0,0.887656,3.25854,4.1462
936,1,0,2.0675,2.0675
936,2,0,1.91083,1.91083
936,3,0,1.84682,1.84682
937,0,1.02839,3.13745,4.16583
937,1,0,1.84167,1.84167
937,2,0,1.95557,1.95557
937,3,0,1.83974,1.83974
938,0,0.869532,3.1487,4.01823
938,1,0,1.8424,1.8424
938,2,0,1.97271,1.97271
938,3,0,1.91609,1.91609
939,0,1.06948,3.31146,4.38094
939,1,0,1.86193,1.86193
939,2,0,2.04255,2.04255
939,3,0,1.90057,1.90057
940,0,0.886354,3.21083,4.09719
940,1,0,2.04828,2.04828
940,2,0,2.02698,2.02698
940,3,0,1.90552,1.90552
941,0,1.04448,3.17333,4.21781
941,1,0,1.83177,1.83177
941,2,0,1.82354,1.82354
941,3,0,1.82625,1.82625
942,0,0.851094,3.46901,4.3201
942,1,0,1.82349,1.82349
942,2,0,1.8638,1.8638
942,3,0,1.98146,1.98146
943,0,1.12922,3.17458,4.3038
943,1,0,1.83786,1.83786
943,2,0,1.95687,1.95687
943,3,0,1.82458,1.82458
944,0,0.841094,3.24396,4.08505
944,1,0,2.02203,2.02203
944,2,0,2.02276,2.02276
944,3,0,1.85156,1.85156
945,0,1.06641,3.29458,4.36099
945,1,0,1.82823,1.82823
945,2,0,1.85667,1.85667
945,3,0,1.82464,1.82464
946,0,0.837447,3.44151,4.27896
946,1,0,1.82318,1.82318
946,2,0,1.8488,1.8488
946,3,0,1.87328,1.87328
947,0,1.05885,3.24422,4.30307
947,1,0,1.91979,1.91979
947,2,0,1.84484,1.84484
947,3,0,1.83057,1.83057
948,0,0.883281,3.26193,4.14521
948,1,0,1.92083,1.92083
948,2,0,2.0675,2.0675
948,3,0,1.88865,1.88865
949,0,1.05609,3.11859,4.17469
949,1,0,1.82698,1.82698
949,2,0,1.86047,1.86047
949,3,0,1.82349,1.82349
950,0,0.844271,3.44323,4.2875
950,1,0,1.82151,1.82151
950,2,0,1.83016,1.83016
950,3,0,1.99677,1.99677
951,0,0.972343,3.28859,4.26094
951,1,0,1.96573,1.96573
951,2,0,1.83161,1.83161
951,3,0,1.82917,1.82917
952,0,0.910782,3.35213,4.26292
952,1,0,2.25448,2.25448
952,2,0,2.09828,2.09828
952,3,0,1.86057,1.86057
953,0,1.04547,3.14583,4.1913
953,1,0,1.83526,1.83526
953,2,0,1.83047,1.83047
953,3,0,1.83422,1.83422
954,0,0.820104,3.12823,3.94833
954,1,0,1.83385,1.83385
954,2,0,1.83609,1.83609
954,3,0,1.85604,1.85604
955,0,1.71292,3.42203,5.13495
955,1,0,1.84052,1.84052
955,2,0,2.01255,2.01255
955,3,0,1.83599,1.83599
956,0,0.894063,3.35979,4.25385
956,1,0,2.0449,2.0449
956,2,0,1.98995,1.98995
956,3,0,1.84281,1.84281
957,0,1.0262,3.4763,4.5025
957,1,0,1.83062,1.83062
957,2,0,1.82854,1.82854
957,3,0,1.81948,1.81948
958,0,0.882188,3.21693,4.09912
958,1,0,1.83318,1.83318
958,2,0,1.84302,1.84302
958,3,0,2.2775,2.2775
959,0,1.06406,3.30297,4.36703
959,1,0,1.84807,1.84807
959,2,0,1.83312,1.83312
959,3,0,1.83302,1.83302
960,0,0.877084,3.3838,4.26089
960,1,0,4.13948,4.13948
960,2,0,1.92151,1.92151
960,3,0,1.97552,1.97552
961,0,1.29203,3.64047,4.9325
961,1,0,2.26036,2.26036
961,2,0,1.92094,1.92094
961,3,0,1.82969,1.82969
962,0,0.848125,3.25891,4.10703
962,1,0,2.76703,2.76703
962,2,0,2.09714,2.09714
962,3,0,1.84891,1.84891
963,0,1.20396,3.27365,4.4776
963,1,0,1.82943,1.82943
963,2,0,2.32406,2.32406
963,3,0,2.26193,2.26193
964,0,3.3075,3.31536,6.62286
964,1,0,1.86969,1.86969
964,2,0,1.9475,1.9475
964,3,0,1.83521,1.83521
965,0,0.874167,3.43963,4.3138
965,1,0,1.8288,1.8288
965,2,0,1.83963,1.83963
965,3,0,1.82859,1.82859
966,0,0.860729,3.30083,4.16156
966,1,0,2.1724,2.1724
966,2,0,1.8313,1.8313
966,3,0,2.09458,2.09458
967,0,1.01323,3.5575,4.57073
967,1,0,2.07193,2.07193
967,2,0,1.89906,1.89906
967,3,0,2.08458,2.08458
968,0,1.03521,3.10412,4.13932
968,1,0,2.23526,2.23526
968,2,0,1.83776,1.83776
968,3,0,1.83068,1.83068
969,0,0.903282,3.26458,4.16786
969,1,0,1.85312,1.85312
969,2,0,1.83708,1.83708
969,3,0,1.84677,1.84677
970,0,0.915209,3.30927,4.22448
970,1,0,2.0476,2.0476
970,2,0,1.85583,1.85583
970,3,0,1.83651,1.83651
971,0,1.01625,3.21469,4.23094
971,1,0,2.41068,2.41068
971,2,0,2.07016,2.07016
971,3,0,2.05172,2.05172
972,0,1.04849,3.5349,4.58338
972,1,0,1.8401,1.8401
972,2,0,2.01906,2.01906
972,3,0,1.84875,1.84875
973,0,1.14859,3.35979,4.50839
973,1,0,2.20839,2.20839
973,2,0,2.00891,2.00891
973,3,0,2.07682,2.07682
974,0,1.20276,3.28057,4.48333
974,1,0,2.00859,2.00859
974,2,0,1.84682,1.84682
974,3,0,1.81662,1.81662
975,0,0.973958,3.31328,4.28724
975,1,0,2.14927,2.14927
975,2,0,2.09219,2.09219
975,3,0,1.84005,1.84005
976,0,1.12318,3.5249,4.64807
976,1,0,1.89187,1.89187
976,2,0,1.85318,1.85318
976,3,0,1.82307,1.82307
977,0,0.973906,3.27662,4.25052
977,1,0,1.84073,1.84073
977,2,0,1.83614,1.83614
977,3,0,1.90646,1.90646
978,0,1.18724,3.08802,4.27526
978,1,0,1.83052,1.83052
978,2,0,1.8412,1.8412
978,3,0,1.81802,1.81802
979,0,0.893855,3.24026,4.13412
979,1,0,2.34172,2.34172
979,2,0,2.08359,2.08359
979,3,0,1.83713,1.83713
980,0,1.15594,3.59833,4.75427
980,1,0,1.85713,1.85713
980,2,0,1.82713,1.82713
980,3,0,1.81807,1.81807
981,0,0.885521,3.18615,4.07167
981,1,0,1.83438,1.83438
981,2,0,1.83302,1.83302
981,3,0,2.0499,2.0499
982,0,1.19896,3.29979,4.49875
982,1,0,1.84969,1.84969
982,2,0,1.8413,1.8413
982,3,0,1.8413,1.8413
983,0,0.935885,3.25698,4.19287
983,1,0,2.00859,2.00859
983,2,0,1.97167,1.97167
983,3,0,1.84536,1.84536
984,0,1.11031,3.18625,4.29656
984,1,0,2.00245,2.00245
984,2,0,1.85589,1.85589
984,3,0,1.83031,1.83031
985,0,0.915834,3.27078,4.18661
985,1,0,1.84031,1.84031
985,2,0,1.83386,1.83386
985,3,0,2.09672,2.09672
986,0,1.15594,3.32563,4.48156
986,1,0,1.84292,1.84292
986,2,0,1.84589,1.84589
986,3,0,1.86312,1.86312
987,0,0.898802,3.24688,4.14568
987,1,0,2.15687,2.15687
987,2,0,1.94609,1.94609
987,3,0,1.8425,1.8425
988,0,1.0874,3.24313,4.33052
988,1,0,1.86224,1.86224
988,2,0,1.83099,1.83099
988,3,0,1.83693,1.83693
989,0,0.964896,3.26125,4.22615
989,1,0,2.07463,2.07463
989,2,0,1.9087,1.9087
989,3,0,1.89838,1.89838
990,0,1.21672,3.58568,4.80239
990,1,0,2.01037,2.01037
990,2,0,1.82719,1.82719
990,3,0,2.02667,2.02667
991,0,0.956875,3.55755,4.51443
991,1,0,2.26974,2.26974
991,2,0,1.84078,1.84078
991,3,0,2.06016,2.06016
992,0,1.10781,3.34703,4.45484
992,1,0,1.83906,1.83906
992,2,0,1.82411,1.82411
992,3,0,1.97568,1.97568
993,0,0.893073,3.42505,4.31813
993,1,0,1.94635,1.94635
993,2,0,2.18318,2.18318
993,3,0,2.0274,2.0274
994,0,1.70896,3.3587,5.06766
994,1,0,1.87245,1.87245
994,2,0,1.81953,1.81953
994,3,0,2.32802,2.32802
995,0,1.30854,3.5587,4.86724
995,1,0,1.85411,1.85411
995,2,0,1.85422,1.85422
995,3,0,2.1225,2.1225
996,0,0.91724,3.39917,4.31641
996,1,0,1.83594,1.83594
996,2,0,1.82109,1.82109
996,3,0,1.94641,1.94641
997,0,0.812083,3.24912,4.0612
997,1,0,1.88708,1.88708
997,2,0,1.99307,1.99307
997,3,0,1.87495,1.87495
998,0,1.01547,3.2438,4.25927
998,1,0,1.83844,1.83844
998,2,0,1.82151,1.82151
998,3,0,1.84016,1.84016
999,0,1.31489,3.50719,4.82208
999,1,0,1.85276,1.85276
999,2,0,1.84849,1.84849
999,3,0,1.83833,1.83833
1000,0,1.08688,3.23984,4.32672
1000,1,0,1.83953,1.83953
1000,2,0,1.82698,1.82698
1000,3,0,1.83135,1.83135
1001,0,0.791458,3.17573,3.96719
1001,1,0,2.65354,2.65354
1001,2,0,2.04781,2.04781
1001,3,0,1.83995,1.83995
1002,0,1.03083,3.2849,4.31573
1002,1,0,1.94854,1.94854
1002,2,0,2.24187,2.24187
1002,3,0,1.93203,1.93203
1003,0,1.02912,3.29453,4.32365
1003,1,0,1.86104,1.86104
1003,2,0,1.85266,1.85266
1003,3,0,1.83187,1.83187
1004,0,0.922969,3.2588,4.18177
1004,1,0,1.83057,1.83057
1004,2,0,1.82588,1.82588
1004,3,0,1.84229,1.84229
1005,0,0.814271,3.22531,4.03958
1005,1,0,1.9862,1.9862
1005,2,0,2.03625,2.03625
1005,3,0,1.83823,1.83823
1006,0,1.04396,3.56052,4.60448
1006,1,0,1.83693,1.83693
1006,2,0,2.06984,2.06984
1006,3,0,2.18229,2.18229
1007,0,1.04682,3.11458,4.16141
1007,1,0,1.87677,1.87677
1007,2,0,1.8575,1.8575
1007,3,0,1.88136,1.88136
1008,0,0.866563,3.3237,4.19026
1008,1,0,2.07708,2.07708
1008,2,0,1.92063,1.92063
1008,3,0,1.82547,1.82547
1009,0,0.843073,4.14344,4.98651
1009,1,0,2.11271,2.11271
1009,2,0,1.89042,1.89042
1009,3,0,1.83703,1.83703
1010,0,1.01057,3.53203,4.5426
1010,1,0,1.82339,1.82339
1010,2,0,2.13589,2.13589
1010,3,0,2.15922,2.15922
1011,0,1.13099,3.30641,4.4374
1011,1,0,1.85495,1.85495
1011,2,0,1.83141,1.83141
1011,3,0,1.83302,1.83302
1012,0,0.961146,3.15516,4.1163
1012,1,0,1.82615,1.82615
1012,2,0,1.91953,1.91953
1012,3,0,1.83297,1.83297
1013,0,1.26844,3.17745,4.44588
1013,1,0,2.04406,2.04406
1013,2,0,1.84255,1.84255
1013,3,0,1.96338,1.96338
1014,0,1.01818,3.43448,4.45266
1014,1,0,2.0362,2.0362
1014,2,0,2.1575,2.1575
1014,3,0,1.9387,1.9387
1015,0,1.09995,3.2426,4.34255
1015,1,0,2.10552,2.10552
1015,2,0,1.8849,1.8849
1015,3,0,1.82943,1.82943
1016,0,0.827031,3.36333,4.19036
1016,1,0,1.83161,1.83161
1016,2,0,1.82662,1.82662
1016,3,0,1.87224,1.87224
1017,0,0.818594,4.1774,4.99599
1017,1,0,1.94094,1.94094
1017,2,0,1.83937,1.83937
1017,3,0,1.83297,1.83297
1018,0,1.00521,3.32844,4.33365
1018,1,0,1.8525,1.8525
1018,2,0,2.8524,2.8524
1018,3,0,2.25693,2.25693
1019,0,1.0263,3.6124,4.6387
1019,1,0,1.87411,1.87411
1019,2,0,1.82974,1.82974
1019,3,0,1.8263,1.8263
1020,0,1.15271,3.18563,4.33833
1020,1,0,1.85464,1.85464
1020,2,0,1.84031,1.84031
1020,3,0,2.09135,2.09135
1021,0,1.43099,3.43427,4.86526
1021,1,0,1.84563,1.84563
1021,2,0,1.92615,1.92615
1021,3,0,1.83349,1.83349
1022,0,0.901458,3.23505,4.13651
1022,1,0,1.90135,1.90135
1022,2,0,2.02432,2.02432
1022,3,0,1.89042,1.89042
1023,0,1.02927,3.43818,4.46745
1023,1,0,1.82713,1.82713
1023,2,0,1.82604,1.82604
1023,3,0,2.10281,2.10281
1024,0,0.845937,3.25573,4.10167
1024,1,0,1.82068,1.82068
1024,2,0,1.82776,1.82776
1024,3,0,1.84354,1.84354
1025,0,0.975417,3.6651,4.64052
1025,1,0,1.84641,1.84641
1025,2,0,1.87328,1.87328
1025,3,0,1.82146,1.82146
1026,0,0.887709,3.30891,4.19662
1026,1,0,1.9425,1.9425
1026,2,0,2.02375,2.02375
1026,3,0,1.88677,1.88677
1027,0,1.03229,3.36261,4.3949
1027,1,0,1.84052,1.84052
1027,2,0,1.83266,1.83266
1027,3,0,1.95448,1.95448
1028,0,0.854739,3.28932,4.14406
1028,1,0,1.82323,1.82323
1028,2,0,1.83609,1.83609
1028,3,0,1.85318,1.85318
1029,0,1.87547,3.52589,5.40135
1029,1,0,1.84536,1.84536
1029,2,0,1.83161,1.83161
1029,3,0,1.82599,1.82599
1030,0,0.867709,3.64432,4.51203
1030,1,0,2.05995,2.05995
1030,2,0,2.0013,2.0013
1030,3,0,1.98427,1.98427
1031,0,1.04234,3.41,4.45234
1031,1,0,1.83359,1.83359
1031,2,0,1.82479,1.82479
1031,3,0,1.84177,1.84177
1032,0,0.833438,3.17687,4.01031
1032,1,0,1.82698,1.82698
1032,2,0,1.84089,1.84089
1032,3,0,1.87099,1.87099
1033,0,1.05286,3.30359,4.35646
1033,1,0,1.84339,1.84339
1033,2,0,1.94823,1.94823
1033,3,0,1.94234,1.94234
1034,0,0.890833,3.34875,4.23958
1034,1,0,1.95052,1.95052
1034,2,0,2.02536,2.02536
1034,3,0,1.83422,1.83422
1035,0,1.06005,3.33641,4.39646
1035,1,0,1.90135,1.90135
1035,2,0,1.84552,1.84552
1035,3,0,1.82833,1.82833
1036,0,0.878438,3.05901,3.93745
1036,1,0,1.83182,1.83182
1036,2,0,1.94693,1.94693
1036,3,0,1.92229,1.92229
1037,0,1.24531,3.25552,4.50083
1037,1,0,1.86448,1.86448
1037,2,0,1.83146,1.83146
1037,3,0,1.94995,1.94995
1038,0,0.871979,3.61151,4.48349
1038,1,0,2.08599,2.08599
1038,2,0,2.10854,2.10854
1038,3,0,1.85427,1.85427
1039,0,1.0312,3.47281,4.50401
1039,1,0,2.14286,2.14286
1039,2,0,1.8275,1.8275
1039,3,0,1.81859,1.81859
1040,0,0.879895,3.66146,4.54135
1040,1,0,2.21615,2.21615
1040,2,0,2.7288,2.7288
1040,3,0,2.05578,2.05578
1041,0,1.39865,3.26161,4.66026
1041,1,0,1.9876,1.9876
1041,2,0,1.97073,1.97073
1041,3,0,2.36943,2.36943
1042,0,1.79146,3.2437,5.03516
1042,1,0,1.86396,1.86396
1042,2,0,1.85651,1.85651
1042,3,0,2.29974,2.29974
1043,0,1.38724,3.26943,4.65667
1043,1,0,1.82229,1.82229
1043,2,0,1.82182,1.82182
1043,3,0,1.82963,1.82963
1044,0,0.937813,3.5001,4.43792
1044,1,0,1.8912,1.8912
1044,2,0,2.2799,2.2799
1044,3,0,1.94531,1.94531
1045,0,1.22521,3.3399,4.5651
1045,1,0,1.83526,1.83526
1045,2,0,1.87672,1.87672
1045,3,0,1.88963,1.88963
1046,0,1.40339,3.46141,4.86479
1046,1,0,1.93672,1.93672
1046,2,0,1.98,1.98
1046,3,0,1.85031,1.85031
1047,0,1.10901,3.31823,4.42724
1047,1,0,1.83151,1.83151
1047,2,0,1.81906,1.81906
1047,3,0,1.81536,1.81536
1048,0,1.04745,4.0262,5.07365
1048,1,0,2.31344,2.31344
1048,2,0,2.00604,2.00604
1048,3,0,1.82828,1.82828
1049,0,1.02865,3.19896,4.2276
1049,1,0,1.84245,1.84245
1049,2,0,1.90922,1.90922
1049,3,0,1.96687,1.96687
1050,0,1.14609,3.42578,4.57188
1050,1,0,1.85286,1.85286
1050,2,0,1.81729,1.81729
1050,3,0,1.83635,1.83635
1051,0,0.87151,3.0576,3.92911
1051,1,0,1.82432,1.82432
1051,2,0,1.94969,1.94969
1051,3,0,1.83875,1.83875
1052,0,1.12646,3.31083,4.43729
1052,1,0,2.05281,2.05281
1052,2,0,1.92,1.92
1052,3,0,1.83495,1.83495
1053,0,1.03463,3.47318,4.50781
1053,1,0,1.95984,1.95984
1053,2,0,2.19219,2.19219
1053,3,0,2.06896,2.06896
1054,0,1.04547,3.48438,4.52984
1054,1,0,1.86443,1.86443
1054,2,0,1.86037,1.86037
1054,3,0,1.81943,1.81943
1055,0,0.841719,3.44156,4.28328
1055,1,0,1.82563,1.82563
1055,2,0,2.02859,2.02859
1055,3,0,1.8299,1.8299
1056,0,0.831406,3.2449,4.0763
1056,1,0,2.0663,2.0663
1056,2,0,2.11109,2.11109
1056,3,0,1.84854,1.84854
1057,0,1.02479,3.23391,4.2587
1057,1,0,1.87766,1.87766
1057,2,0,2.52161,2.52161
1057,3,0,2.1376,2.1376
1058,0,1.07787,3.28698,4.36484
1058,1,0,1.89078,1.89078
1058,2,0,1.87062,1.87062
1058,3,0,1.86078,1.86078
1059,0,1.34495,3.48333,4.82828
1059,1,0,2.00427,2.00427
1059,2,0,1.86844,1.86844
1059,3,0,1.83958,1.83958
1060,0,1.66198,3.40396,5.06594
1060,1,0,1.87078,1.87078
1060,2,0,1.85615,1.85615
1060,3,0,2.0362,2.0362
1061,0,0.951041,3.40021,4.35125
1061,1,0,2.35516,2.35516
1061,2,0,2.04417,2.04417
1061,3,0,1.87844,1.87844
1062,0,1.07557,3.19172,4.26729
1062,1,0,1.84948,1.84948
1062,2,0,1.83807,1.83807
1062,3,0,1.83344,1.83344
1063,0,0.984375,3.66495,4.64932
1063,1,0,2.045,2.045
1063,2,0,1.9124,1.9124
1063,3,0,1.92386,1.92386
1064,0,1.18656,3.21917,4.40573
1064,1,0,1.9075,1.9075
1064,2,0,1.90344,1.90344
1064,3,0,1.86938,1.86938
1065,0,1.00026,3.26318,4.26344
1065,1,0,2.31599,2.31599
1065,2,0,1.87219,1.87219
1065,3,0,2.00885,2.00885
1066,0,1.06292,4.09948,5.1624
1066,1,0,1.94063,1.94063
1066,2,0,1.86792,1.86792
1066,3,0,1.86198,1.86198
1067,0,1.21297,3.31385,4.52682
1067,1,0,2.28526,2.28526
1067,2,0,2.35151,2.35151
1067,3,0,2.19766,2.19766
1068,0,1.12417,3.3599,4.48406
1068,1,0,2.03234,2.03234
1068,2,0,1.9826,1.9826
1068,3,0,2.15437,2.15437
1069,0,1.21292,3.38083,4.59375
1069,1,0,2.01427,2.01427
1069,2,0,2.20141,2.20141
1069,3,0,2.19401,2.19401
1070,0,1.11615,4.1262,5.24234
1070,1,0,1.9787,1.9787
1070,2,0,2.26625,2.26625
1070,3,0,1.94609,1.94609
1071,0,1.24333,5.02099,6.26432
1071,1,0,2.75964,2.75964
1071,2,0,1.89568,1.89568
1071,3,0,1.95094,1.95094
1072,0,1.36615,3.37708,4.74323
1072,1,0,2.20984,2.20984
1072,2,0,1.95729,1.95729
1072,3,0,1.89859,1.89859
1073,0,1.07838,3.20828,4.28667
1073,1,0,1.98114,1.98114
1073,2,0,2.84448,2.84448
1073,3,0,1.97776,1.97776
1074,0,1.11813,4.42938,5.5475
1074,1,0,3.12573,3.12573
1074,2,0,3.08755,3.08755
1074,3,0,2.10604,2.10604
1075,0,1.36599,3.31318,4.67917
1075,1,0,3.53203,3.53203
1075,2,0,4.11849,4.11849
1075,3,0,2.39755,2.39755
1076,0,0.556146,3.27963,3.83578
1076,1,0,1.94412,1.94412
1076,2,0,1.90448,1.90448
1076,3,0,2.13318,2.13318
1077,0,0.388958,3.09604,3.485
1077,1,0,2.49839,2.49839
1077,2,0,1.89734,1.89734
1077,3,0,1.9424,1.9424
1078,0,0.457761,4.2162,4.67396
1078,1,0,1.93516,1.93516
1078,2,0,2.45568,2.45568
1078,3,0,1.83193,1.83193
1079,0,0.448698,3.25198,3.70068
1079,1,0,2.00724,2.00724
1079,2,0,2.76797,2.76797
1079,3,0,2.42932,2.42932
1080,0,0.905781,3.36432,4.2701
1080,1,0,2.27786,2.27786
1080,2,0,1.82526,1.82526
1080,3,0,2.46927,2.46927
1081,0,0.519114,3.51063,4.02974
1081,1,0,1.84604,1.84604
1081,2,0,1.92807,1.92807
1081,3,0,1.97156,1.97156
1082,0,1.51115,4.22531,5.73646
1082,1,0,2.59672,2.59672
1082,2,0,2.18646,2.18646
1082,3,0,2.30177,2.30177
1083,0,0.545833,3.28838,3.83422
1083,1,0,2.50339,2.50339
1083,2,0,1.86031,1.86031
1083,3,0,2.43948,2.43948
1084,0,0.379635,3.18474,3.56438
1084,1,0,1.84609,1.84609
1084,2,0,1.83156,1.83156
1084,3,0,2.52583,2.52583
1085,0,0.3975,4.63599,5.03349
1085,1,0,3.32833,3.32833
1085,2,0,1.82828,1.82828
1085,3,0,2.47156,2.47156
1086,0,0.38026,3.78182,4.16208
1086,1,0,4.23313,4.23313
1086,2,0,2.13563,2.13563
1086,3,0,1.76406,1.76406
1087,0,0.369636,4.04625,4.41589
1087,1,0,2.41667,2.41667
1087,2,0,3.72198,3.72198
1087,3,0,1.7524,1.7524
1088,0,0.363645,3.89073,4.25437
1088,1,0,1.77406,1.77406
1088,2,0,2.54448,2.54448
1088,3,0,3.79073,3.79073
1089,0,0.374063,4.22885,4.60292
1089,1,0,1.76797,1.76797
1089,2,0,2.37703,2.37703
1089,3,0,1.87932,1.87932
1090,0,0.482812,4.9776,5.46042
1090,1,0,2.47167,2.47167
1090,2,0,1.98443,1.98443
1090,3,0,2.35922,2.35922
1091,0,0.391563,4.91995,5.31151
1091,1,0,1.96266,1.96266
1091,2,0,2.72417,2.72417
1091,3,0,1.80505,1.80505
1092,0,0.54599,3.81031,4.3563
1092,1,0,3.85276,3.85276
1092,2,0,1.76271,1.76271
1092,3,0,2.42964,2.42964
1093,0,1.1662,4.27339,5.43958
1093,1,0,3.93958,3.93958
1093,2,0,1.81635,1.81635
1093,3,0,2.46641,2.46641
1094,0,0.368542,3.69198,4.06052
1094,1,0,3.90495,3.90495
1094,2,0,1.79703,1.79703
1094,3,0,1.79448,1.79448
1095,0,0.36526,4.11531,4.48057
1095,1,0,2.42526,2.42526
1095,2,0,3.88036,3.88036
1095,3,0,1.77635,1.77635
1096,0,0.350886,3.78266,4.13354
1096,1,0,1.90745,1.90745
1096,2,0,2.82537,2.82537
1096,3,0,3.70208,3.70208
1097,0,0.372239,3.5325,3.90474
1097,1,0,2.68359,2.68359
1097,2,0,2.63255,2.63255
1097,3,0,3.65339,3.65339
1098,0,0.380261,3.14781,3.52807
1098,1,0,2.52214,2.52214
1098,2,0,1.86385,1.86385
1098,3,0,2.45266,2.45266
1099,0,0.410313,4.87552,5.28583
1099,1,0,1.78448,1.78448
1099,2,0,2.78187,2.78187
1099,3,0,2.37948,2.37948
1100,0,0.446823,3.25172,3.69854
1100,1,0,4.10536,4.10536
1100,2,0,2.87109,2.87109
1100,3,0,1.82995,1.82995
1101,0,0.424844,3.97875,4.40359
1101,1,0,3.70562,3.70562
1101,2,0,1.85328,1.85328
1101,3,0,2.51219,2.51219
1102,0,0.430417,3.74719,4.1776
1102,1,0,3.87432,3.87432
1102,2,0,1.80484,1.80484
1102,3,0,2.08458,2.08458
1103,0,0.430885,4.25526,4.68615
1103,1,0,2.33573,2.33573
1103,2,0,4.04807,4.04807
1103,3,0,1.94318,1.94318
1104,0,0.381562,4.21193,4.59349
1104,1,0,2.39302,2.39302
1104,2,0,3.88344,3.88344
1104,3,0,1.8287,1.8287
1105,0,0.422656,4.01588,4.43854
1105,1,0,1.7974,1.7974
1105,2,0,2.37422,2.37422
1105,3,0,4.08427,4.08427
1106,0,0.402813,3.5062,3.90901
1106,1,0,2.75422,2.75422
1106,2,0,2.6126,2.6126
1106,3,0,3.86787,3.86787
1107,0,0.368177,3.145,3.51318
1107,1,0,2.43427,2.43427
1107,2,0,1.77948,1.77948
1107,3,0,2.52984,2.52984
1108,0,0.420677,4.95323,5.37391
1108,1,0,2.10281,2.10281
1108,2,0,2.44984,2.44984
1108,3,0,1.77125,1.77125
1109,0,0.370729,3.84375,4.21448
1109,1,0,4.08203,4.08203
1109,2,0,2.0876,2.0876
1109,3,0,2.56302,2.56302
1110,0,0.401355,4.22745,4.6288
1110,1,0,3.43651,3.43651
1110,2,0,1.77948,1.77948
1110,3,0,2.43177,2.43177
1111,0,0.485937,3.85057,4.33651
1111,1,0,3.99943,3.99943
1111,2,0,2.64828,2.64828
1111,3,0,2.24302,2.24302
1112,0,0.486823,3.11094,3.59776
1112,1,0,2.45057,2.45057
1112,2,0,4.08406,4.08406
1112,3,0,1.85609,1.85609
1113,0,0.366823,4.05411,4.42094
1113,1,0,2.38937,2.38937
1113,2,0,2.60969,2.60969
1113,3,0,4.48995,4.48995
1114,0,0.406562,3.32229,3.72885
1114,1,0,1.76833,1.76833
1114,2,0,1.81594,1.81594
1114,3,0,5.34099,5.34099
1115,0,0.398125,3.07646,3.47458
1115,1,0,1.7776,1.7776
1115,2,0,1.74787,1.74787
1115,3,0,2.66708,2.66708
1116,0,0.647292,3.92651,4.5738
1116,1,0,3.97984,3.97984
1116,2,0,1.8076,1.8076
1116,3,0,1.75412,1.75412
1117,0,0.349739,3.94552,4.29526
1117,1,0,2.5601,2.5601
1117,2,0,3.93438,3.93438
1117,3,0,1.84844,1.84844
1118,0,0.867552,4.3363,5.20385
1118,1,0,2.59906,2.59906
1118,2,0,1.85266,1.85266
1118,3,0,3.93911,3.93911
1119,0,0.421563,4.6074,5.02896
1119,1,0,2.71099,2.71099
1119,2,0,1.89172,1.89172
1119,3,0,3.8726,3.8726
1120,0,0.357552,3.93833,4.29589
1120,1,0,1.80187,1.80187
1120,2,0,2.59078,2.59078
1120,3,0,3.99719,3.99719
1121,0,0.908073,4.1638,5.07188
1121,1,0,1.8174,1.8174
1121,2,0,2.57224,2.57224
1121,3,0,1.82797,1.82797
1122,0,0.409583,5.24839,5.65797
1122,1,0,2.73375,2.73375
1122,2,0,1.85641,1.85641
1122,3,0,2.60792,2.60792
1123,0,0.396042,5.19656,5.5926
1123,1,0,1.77297,1.77297
1123,2,0,2.56375,2.56375
1123,3,0,1.78604,1.78604
1124,0,1.04828,3.53521,4.58349
1124,1,0,3.90292,3.90292
1124,2,0,2.57437,2.57437
1124,3,0,1.77656,1.77656
1125,0,0.356198,4.21406,4.57026
1125,1,0,4.13812,4.13812
1125,2,0,1.88047,1.88047
1125,3,0,2.6425,2.6425
1126,0,0.397761,3.94422,4.34198
1126,1,0,3.9087,3.9087
1126,2,0,1.81156,1.81156
1126,3,0,2.5588,2.5588
1127,0,0.400521,4.21354,4.61406
1127,1,0,4.19641,4.19641
1127,2,0,1.91031,1.91031
1127,3,0,1.77625,1.77625
1128,0,0.747448,3.59089,4.33833
1128,1,0,2.62708,2.62708
1128,2,0,4.28505,4.28505
1128,3,0,1.80578,1.80578
1129,0,0.351666,4.02932,4.38099
1129,1,0,2.56177,2.56177
1129,2,0,3.90172,3.90172
1129,3,0,1.76859,1.76859
1130,0,0.351094,4.81146,5.16255
1130,1,0,2.65401,2.65401
1130,2,0,1.88318,1.88318
1130,3,0,3.90068,3.90068
1131,0,0.369115,3.97146,4.34057
1131,1,0,1.78151,1.78151
1131,2,0,1.79208,1.79208
1131,3,0,2.38833,2.38833
1132,0,0.770209,4.83052,5.60073
1132,1,0,2.63182,2.63182
1132,2,0,1.77052,1.77052
1132,3,0,2.55411,2.55411
1133,0,0.40349,4.9974,5.40089
1133,1,0,1.76818,1.76818
1133,2,0,2.58146,2.58146
1133,3,0,1.89807,1.89807
1134,0,0.432083,4.12844,4.56052
1134,1,0,3.91682,3.91682
1134,2,0,2.62594,2.62594
1134,3,0,1.95437,1.95437
1135,0,0.570313,4.17422,4.74453
1135,1,0,3.95172,3.95172
1135,2,0,1.83255,1.83255
1135,3,0,2.54568,2.54568
1136,0,0.367031,3.94203,4.30906
1136,1,0,3.91838,3.91838
1136,2,0,1.81911,1.81911
1136,3,0,2.58599,2.58599
1137,0,0.459792,4.00766,4.46745
1137,1,0,3.92792,3.92792
1137,2,0,1.78255,1.78255
1137,3,0,1.74349,1.74349
1138,0,0.366146,4.55214,4.91828
1138,1,0,2.8637,2.8637
1138,2,0,3.97349,3.97349
1138,3,0,1.78432,1.78432
1139,0,0.372291,3.99005,4.36234
1139,1,0,2.55906,2.55906
1139,2,0,3.90292,3.90292
1139,3,0,1.795,1.795
1140,0,0.371875,4.0488,4.42068
1140,1,0,1.80849,1.80849
1140,2,0,2.61047,2.61047
1140,3,0,3.89141,3.89141
1141,0,0.374427,3.11208,3.48651
1141,1,0,2.72604,2.72604
1141,2,0,2.83547,2.83547
1141,3,0,1.84984,1.84984
1142,0,0.536823,5.09979,5.63661
1142,1,0,2.57625,2.57625
1142,2,0,1.80016,1.80016
1142,3,0,2.5999,2.5999
1143,0,0.402292,4.79755,5.19984
1143,1,0,1.86651,1.86651
1143,2,0,2.63911,2.63911
1143,3,0,1.8037,1.8037
1144,0,0.38,4.02625,4.40625
1144,1,0,3.88849,3.88849
1144,2,0,1.86953,1.86953
1144,3,0,2.89677,2.89677
1145,0,0.38099,4.08026,4.46125
1145,1,0,3.87161,3.87161
1145,2,0,1.78495,1.78495
1145,3,0,2.53661,2.53661
1146,0,0.371822,3.97318,4.345
1146,1,0,3.93719,3.93719
1146,2,0,1.92385,1.92385
1146,3,0,1.79781,1.79781
1147,0,0.421615,3.58766,4.00927
1147,1,0,2.56667,2.56667
1147,2,0,3.94984,3.94984
1147,3,0,1.84599,1.84599
1148,0,0.519427,4.00193,4.52135
1148,1,0,2.64401,2.64401
1148,2,0,1.81365,1.81365
1148,3,0,3.87833,3.87833
1149,0,0.36125,3.80427,4.16552
1149,1,0,1.75583,1.75583
1149,2,0,2.56526,2.56526
1149,3,0,1.82713,1.82713
1150,0,0.408594,4.96083,5.36943
1150,1,0,2.59651,2.59651
1150,2,0,1.77286,1.77286
1150,3,0,2.56745,2.56745
1151,0,0.420625,5.13302,5.55365
1151,1,0,1.94719,1.94719
1151,2,0,2.62656,2.62656
1151,3,0,1.81713,1.81713
1152,0,0.533177,3.6624,4.19557
1152,1,0,3.87276,3.87276
1152,2,0,1.77609,1.77609
1152,3,0,2.43073,2.43073
1153,0,0.362969,4.51542,4.87839
1153,1,0,3.91844,3.91844
1153,2,0,1.81542,1.81542
1153,3,0,2.5224,2.5224
1154,0,0.349896,4.08047,4.43037
1154,1,0,4.15609,4.15609
1154,2,0,1.89807,1.89807
1154,3,0,1.77974,1.77974
1155,0,0.487032,3.53313,4.02016
1155,1,0,2.55714,2.55714
1155,2,0,3.90786,3.90786
1155,3,0,1.77114,1.77114
1156,0,0.356667,4.07844,4.4351
1156,1,0,2.64391,2.64391
1156,2,0,1.90198,1.90198
1156,3,0,3.86969,3.86969
1157,0,0.397188,4.31588,4.71307
1157,1,0,1.76234,1.76234
1157,2,0,2.63094,2.63094
1157,3,0,4.16573,4.16573
1158,0,0.395261,4.01125,4.40651
1158,1,0,1.77969,1.77969
1158,2,0,2.53828,2.53828
1158,3,0,1.85193,1.85193
1159,0,0.404479,5.06875,5.47323
1159,1,0,2.55729,2.55729
1159,2,0,1.78516,1.78516
1159,3,0,2.665,2.665
1160,0,0.404583,5.34703,5.75161
1160,1,0,1.88656,1.88656
1160,2,0,2.80911,2.80911
1160,3,0,3.26672,3.26672
1161,0,0.64776,3.27724,3.925
1161,1,0,3.97948,3.97948
1161,2,0,2.56099,2.56099
1161,3,0,1.7688,1.7688
1162,0,0.708542,3.36396,4.0725
1162,1,0,3.89224,3.89224
1162,2,0,1.83359,1.83359
1162,3,0,3.12646,3.12646
1163,0,0.444323,4.07214,4.51646
1163,1,0,4.59979,4.59979
1163,2,0,2.58771,2.58771
1163,3,0,1.85297,1.85297
1164,0,0.43677,4.27646,4.71323
1164,1,0,4.92083,4.92083
1164,2,0,1.94401,1.94401
1164,3,0,2.43151,2.43151
1165,0,0.522917,4.91563,5.43854
1165,1,0,3.86865,3.86865
1165,2,0,1.81094,1.81094
1165,3,0,2.46646,2.46646
1166,0,0.362135,4.31823,4.68036
1166,1,0,4.2537,4.2537
1166,2,0,1.75109,1.75109
1166,3,0,2.60625,2.60625
1167,0,0.374427,4.2125,4.58693
1167,1,0,4.67792,4.67792
1167,2,0,1.7913,1.7913
1167,3,0,2.57115,2.57115
1168,0,0.362917,4.28349,4.64641
1168,1,0,4.61042,4.61042
1168,2,0,1.84448,1.84448
1168,3,0,2.62839,2.62839
1169,0,0.44724,4.08651,4.53375
1169,1,0,4.60083,4.60083
1169,2,0,1.81073,1.81073
1169,3,0,2.74724,2.74724
1170,0,0.470208,4.01526,4.48547
1170,1,0,4.69927,4.69927
1170,2,0,1.77531,1.77531
1170,3,0,2.53896,2.53896
1171,0,0.377968,4.0238,4.40177
1171,1,0,4.71885,4.71885
1171,2,0,1.88995,1.88995
1171,3,0,1.81583,1.81583
1172,0,0.489531,3.77078,4.26031
1172,1,0,2.42641,2.42641
1172,2,0,4.62781,4.62781
1172,3,0,1.87411,1.87411
1173,0,0.979635,4.35135,5.33099
1173,1,0,2.14526,2.14526
1173,2,0,4.60349,4.60349
1173,3,0,1.75427,1.75427
1174,0,0.341094,4.28562,4.62672
1174,1,0,2.95891,2.95891
1174,2,0,4.66563,4.66563
1174,3,0,1.83245,1.83245
1175,0,0.376094,4.38411,4.76021
1175,1,0,2.85729,2.85729
1175,2,0,4.77292,4.77292
1175,3,0,2.04109,2.04109
1176,0,0.420104,5.42068,5.84078
1176,1,0,4.68766,4.68766
1176,2,0,1.79281,1.79281
1176,3,0,1.78214,1.78214
1177,0,0.414271,3.70635,4.12063
1177,1,0,2.83922,2.83922
1177,2,0,4.63042,4.63042
1177,3,0,1.79849,1.79849
1178,0,0.361146,5.5537,5.91484
1178,1,0,4.83161,4.83161
1178,2,0,1.95406,1.95406
1178,3,0,1.81838,1.81838
1179,0,0.447448,4.82047,5.26792
1179,1,0,4.69344,4.69344
1179,2,0,1.78943,1.78943
1179,3,0,1.88917,1.88917
1180,0,0.392708,5.13297,5.52568
1180,1,0,4.75464,4.75464
1180,2,0,1.8099,1.8099
1180,3,0,1.75896,1.75896
1181,0,0.40927,5.40969,5.81896
1181,1,0,4.96984,4.96984
1181,2,0,1.80588,1.80588
1181,3,0,3.00448,3.00448
1182,0,0.377604,4.66188,5.03948
1182,1,0,4.60365,4.60365
1182,2,0,1.7601,1.7601
1182,3,0,1.76901,1.76901
1183,0,0.473958,5.16479,5.63875
1183,1,0,4.6175,4.6175
1183,2,0,1.79917,1.79917
1183,3,0,2.90661,2.90661
1184,0,0.358594,4.73245,5.09104
1184,1,0,4.66599,4.66599
1184,2,0,1.8013,1.8013
1184,3,0,2.91552,2.91552
1185,0,0.354115,4.48698,4.84109
1185,1,0,4.5962,4.5962
1185,2,0,1.78463,1.78463
1185,3,0,2.97047,2.97047
1186,0,0.393125,4.52677,4.9199
1186,1,0,4.55406,4.55406
1186,2,0,2.94792,2.94792
1186,3,0,1.85193,1.85193
1187,0,0.430782,4.81229,5.24307
1187,1,0,4.63604,4.63604
1187,2,0,2.92292,2.92292
1187,3,0,1.76297,1.76297
1188,0,0.784323,4.76328,5.5476
1188,1,0,3.92636,3.92636
1188,2,0,3.05203,3.05203
1188,3,0,3.00745,3.00745
1189,0,0.424271,5.71739,6.14167
1189,1,0,1.77172,1.77172
1189,2,0,3.04906,3.04906
1189,3,0,3.27953,3.27953
1190,0,0.469791,5.72187,6.19167
1190,1,0,1.79932,1.79932
1190,2,0,2.80156,2.80156
1190,3,0,2.92208,2.92208
1191,0,0.400104,5.95339,6.35349
1191,1,0,1.83781,1.83781
1191,2,0,2.86563,2.86563
1191,3,0,2.95203,2.95203
1192,0,0.452187,5.73464,6.18682
1192,1,0,1.82682,1.82682
1192,2,0,3.27969,3.27969
1192,3,0,3.04521,3.04521
1193,0,0.541302,5.47797,6.01927
1193,1,0,2.95161,2.95161
1193,2,0,1.80266,1.80266
1193,3,0,2.91099,2.91099
1194,0,0.404896,5.84214,6.24703
1194,1,0,3.01146,3.01146
1194,2,0,1.8087,1.8087
1194,3,0,2.97323,2.97323
1195,0,0.413594,5.81453,6.22813
1195,1,0,3.31505,3.31505
1195,2,0,1.82411,1.82411
1195,3,0,3.02672,3.02672
1196,0,0.55151,5.53208,6.08359
1196,1,0,2.89635,2.89635
1196,2,0,1.77662,1.77662
1196,3,0,2.94172,2.94172
1197,0,0.49849,5.63052,6.12901
1197,1,0,3.02771,3.02771
1197,2,0,1.81886,1.81886
1197,3,0,2.93724,2.93724
1198,0,0.43125,6.16177,6.59302
1198,1,0,3.10167,3.10167
1198,2,0,3.06037,3.06037
1198,3,0,3.99396,3.99396
1199,0,0.404896,3.25078,3.65568
1199,1,0,2.92422,2.92422
1199,2,0,1.75677,1.75677
1199,3,0,2.91698,2.91698
