frame,render_index,decode_ms,render_ms,total_ms
0,0,703.786,69.9796,773.766
0,1,0,10.2129,10.2129
0,2,0,8.0725,8.0725
0,3,0,4.28099,4.28099
1,0,79.2602,5.5338,84.794
1,1,0,3.27505,3.27505
1,2,0,3.23198,3.23198
1,3,0,2.84484,2.84484
2,0,0.381875,3.67734,4.05922
2,1,0,3.44974,3.44974
2,2,0,3.31219,3.31219
2,3,0,2.86594,2.86594
3,0,0.383906,6.75974,7.14365
3,1,0,3.21865,3.21865
3,2,0,2.83875,2.83875
3,3,0,2.0212,2.0212
4,0,0.408281,5.05573,5.46401
4,1,0,3.25922,3.25922
4,2,0,5.11219,5.11219
4,3,0,2.06271,2.06271
5,0,0.386771,4.50104,4.88781
5,1,0,3.02531,3.02531
5,2,0,2.62969,2.62969
5,3,0,3.88766,3.88766
6,0,0.368854,4.18615,4.555
6,1,0,2.9475,2.9475
6,2,0,2.69901,2.69901
6,3,0,4.01255,4.01255
7,0,0.35849,5.44396,5.80245
7,1,0,1.81271,1.81271
7,2,0,2.64729,2.64729
7,3,0,2.09214,2.09214
8,0,0.495104,7.46219,7.95729
8,1,0,2.61146,2.61146
8,2,0,1.79766,1.79766
8,3,0,1.79474,1.79474
9,0,0.413542,7.33964,7.75318
9,1,0,2.71807,2.71807
9,2,0,1.81094,1.81094
9,3,0,1.80531,1.80531
10,0,0.439219,7.82865,8.26787
10,1,0,2.8025,2.8025
10,2,0,1.86182,1.86182
10,3,0,1.80391,1.80391
11,0,0.458333,5.59432,6.05266
11,1,0,4.59927,4.59927
11,2,0,1.79328,1.79328
11,3,0,1.77062,1.77062
12,0,0.386667,6.06958,6.45625
12,1,0,4.59438,4.59438
12,2,0,1.80463,1.80463
12,3,0,1.78646,1.78646
13,0,0.479688,8.32573,8.80542
13,1,0,1.82057,1.82057
13,2,0,1.80677,1.80677
13,3,0,1.80677,1.80677
14,0,0.659427,7.75406,8.41349
14,1,0,1.77807,1.77807
14,2,0,1.74417,1.74417
14,3,0,1.78141,1.78141
15,0,0.532343,7.98906,8.52141
15,1,0,1.795,1.795
15,2,0,1.74229,1.74229
15,3,0,1.76417,1.76417
16,0,0.425625,5.38719,5.81281
16,1,0,4.69271,4.69271
16,2,0,1.83136,1.83136
16,3,0,1.77385,1.77385
17,0,0.526719,4.84453,5.37125
17,1,0,4.6124,4.6124
17,2,0,1.81594,1.81594
17,3,0,1.82792,1.82792
18,0,0.673177,5.46146,6.13464
18,1,0,4.60214,4.60214
18,2,0,1.81203,1.81203
18,3,0,1.82698,1.82698
19,0,0.774323,7.7999,8.57422
19,1,0,1.85885,1.85885
19,2,0,1.79229,1.79229
19,3,0,3.02234,3.02234
20,0,0.422865,6.76714,7.19
20,1,0,1.81792,1.81792
20,2,0,1.82917,1.82917
20,3,0,3.70984,3.70984
21,0,0.429427,6.21172,6.64115
21,1,0,1.8688,1.8688
21,2,0,1.82776,1.82776
21,3,0,3.24266,3.24266
22,0,0.545625,6.81187,7.3575
22,1,0,1.81224,1.81224
22,2,0,1.76865,1.76865
22,3,0,2.9401,2.9401
23,0,0.427969,6.86193,7.2899
23,1,0,2.25276,2.25276
23,2,0,1.91396,1.91396
23,3,0,2.98875,2.98875
24,0,0.464375,6.92458,7.38896
24,1,0,1.88385,1.88385
24,2,0,2.04365,2.04365
24,3,0,3.19411,3.19411
25,0,0.811458,6.53068,7.34213
25,1,0,1.77333,1.77333
25,2,0,2.96354,2.96354
25,3,0,1.80995,1.80995
26,0,0.403594,6.9937,7.39729
26,1,0,1.83854,1.83854
26,2,0,2.98219,2.98219
26,3,0,1.82208,1.82208
27,0,0.409479,7.17031,7.57979
27,1,0,2.09,2.09
27,2,0,3.09479,3.09479
27,3,0,3.05812,3.05812
28,0,0.410781,5.59912,6.0099
28,1,0,1.7799,1.7799
28,2,0,2.96219,2.96219
28,3,0,5.78714,5.78714
29,0,0.41,3.11505,3.52505
29,1,0,1.77323,1.77323
29,2,0,2.92875,2.92875
29,3,0,5.78359,5.78359
30,0,0.428281,3.37271,3.80099
30,1,0,1.77052,1.77052
30,2,0,3.10052,3.10052
30,3,0,5.79583,5.79583
31,0,0.367708,3.14516,3.51286
31,1,0,1.76438,1.76438
31,2,0,2.96219,2.96219
31,3,0,5.91437,5.91437
32,0,0.433698,3.12703,3.56073
32,1,0,2.92359,2.92359
32,2,0,1.78193,1.78193
32,3,0,6.04797,6.04797
33,0,0.435052,3.27958,3.71463
33,1,0,3.00521,3.00521
33,2,0,2.9725,2.9725
33,3,0,4.58406,4.58406
34,0,0.347083,3.09656,3.44365
34,1,0,1.75422,1.75422
34,2,0,3.96104,3.96104
34,3,0,4.63812,4.63812
35,0,0.373542,3.05604,3.42958
35,1,0,2.93719,2.93719
35,2,0,2.97266,2.97266
35,3,0,4.79078,4.79078
36,0,0.374167,3.20078,3.57495
36,1,0,2.96432,2.96432
36,2,0,2.93214,2.93214
36,3,0,4.61198,4.61198
37,0,0.348386,3.15224,3.50062
37,1,0,3.0076,3.0076
37,2,0,3.07313,3.07313
37,3,0,4.56797,4.56797
38,0,0.374375,3.46786,3.84224
38,1,0,2.8137,2.8137
38,2,0,6.08344,6.08344
38,3,0,1.84203,1.84203
39,0,0.44625,4.40526,4.85151
39,1,0,2.98062,2.98062
39,2,0,4.58338,4.58338
39,3,0,1.77719,1.77719
40,0,0.351719,4.4974,4.84911
40,1,0,3.03771,3.03771
40,2,0,4.57818,4.57818
40,3,0,1.78443,1.78443
41,0,0.340365,4.42557,4.76594
41,1,0,3.18651,3.18651
41,2,0,4.70969,4.70969
41,3,0,1.79021,1.79021
42,0,0.360313,4.52516,4.88547
42,1,0,5.75234,5.75234
42,2,0,1.79339,1.79339
42,3,0,1.77901,1.77901
43,0,0.428021,5.6288,6.05682
43,1,0,4.57948,4.57948
43,2,0,1.77906,1.77906
43,3,0,1.78255,1.78255
44,0,0.380833,5.82917,6.21
44,1,0,4.64635,4.64635
44,2,0,1.78385,1.78385
44,3,0,1.75886,1.75886
45,0,0.364166,5.55271,5.91688
45,1,0,4.60229,4.60229
45,2,0,1.85286,1.85286
45,3,0,1.83682,1.83682
46,0,0.372604,5.74005,6.11266
46,1,0,4.61432,4.61432
46,2,0,1.83505,1.83505
46,3,0,1.99052,1.99052
47,0,0.676302,5.20312,5.87943
47,1,0,4.535,4.535
47,2,0,1.76516,1.76516
47,3,0,2.91146,2.91146
48,0,0.583594,6.88443,7.46802
48,1,0,1.86724,1.86724
48,2,0,1.82786,1.82786
48,3,0,3.00203,3.00203
49,0,0.418125,6.71333,7.13146
49,1,0,1.85766,1.85766
49,2,0,1.96224,1.96224
49,3,0,3.10552,3.10552
50,0,0.42625,7.23911,7.66536
50,1,0,1.79354,1.79354
50,2,0,1.74354,1.74354
50,3,0,2.9449,2.9449
51,0,0.409063,6.77266,7.18172
51,1,0,1.83156,1.83156
51,2,0,1.79917,1.79917
51,3,0,2.92969,2.92969
52,0,0.390573,5.19125,5.58182
52,1,0,4.20391,4.20391
52,2,0,1.80943,1.80943
52,3,0,3.09563,3.09563
53,0,0.726042,7.38818,8.11422
53,1,0,1.79427,1.79427
53,2,0,2.92859,2.92859
53,3,0,2.96057,2.96057
54,0,0.395781,5.90995,6.30573
54,1,0,1.82323,1.82323
54,2,0,2.92974,2.92974
54,3,0,2.92417,2.92417
55,0,0.463698,5.93776,6.40146
55,1,0,1.82557,1.82557
55,2,0,2.98641,2.98641
55,3,0,2.94599,2.94599
56,0,0.390417,5.56187,5.95229
56,1,0,1.76234,1.76234
56,2,0,2.91677,2.91677
56,3,0,3.00583,3.00583
57,0,0.450209,5.8824,6.33261
57,1,0,1.77797,1.77797
57,2,0,2.92604,2.92604
57,3,0,2.99953,2.99953
58,0,0.53099,5.6275,6.15849
58,1,0,1.84495,1.84495
58,2,0,2.93552,2.93552
58,3,0,2.97026,2.97026
59,0,0.387344,5.56974,5.95708
59,1,0,1.75323,1.75323
59,2,0,2.93151,2.93151
59,3,0,3.00344,3.00344
60,0,0.408593,5.58412,5.99271
60,1,0,1.76797,1.76797
60,2,0,2.91536,2.91536
60,3,0,3.02693,3.02693
61,0,0.581771,5.87208,6.45385
61,1,0,1.80646,1.80646
61,2,0,2.91943,2.91943
61,3,0,2.93021,2.93021
62,0,0.371146,5.77755,6.1487
62,1,0,1.77505,1.77505
62,2,0,3.2613,3.2613
62,3,0,1.92833,1.92833
63,0,0.460572,6.57151,7.03208
63,1,0,1.77792,1.77792
63,2,0,3.09219,3.09219
63,3,0,3.2125,3.2125
64,0,0.466563,5.3351,5.80167
64,1,0,1.77807,1.77807
64,2,0,2.92766,2.92766
64,3,0,2.94286,2.94286
65,0,0.382604,5.57838,5.96099
65,1,0,1.76854,1.76854
65,2,0,3.05026,3.05026
65,3,0,2.99266,2.99266
66,0,0.407552,5.71698,6.12453
66,1,0,1.81099,1.81099
66,2,0,3.05948,3.05948
66,3,0,3.28677,3.28677
67,0,0.439323,5.67797,6.11729
67,1,0,1.76594,1.76594
67,2,0,2.92458,2.92458
67,3,0,5.80469,5.80469
68,0,0.362916,3.36802,3.73094
68,1,0,1.82115,1.82115
68,2,0,2.99958,2.99958
68,3,0,5.70667,5.70667
69,0,0.377292,3.11708,3.49437
69,1,0,1.84333,1.84333
69,2,0,3.28479,3.28479
69,3,0,6.00542,6.00542
70,0,0.362135,3.03542,3.39755
70,1,0,1.7574,1.7574
70,2,0,2.84198,2.84198
70,3,0,5.9251,5.9251
71,0,0.353959,3.1888,3.54276
71,1,0,1.78156,1.78156
71,2,0,2.76338,2.76338
71,3,0,5.81115,5.81115
72,0,0.427448,3.67641,4.10385
72,1,0,3.10469,3.10469
72,2,0,3.04766,3.04766
72,3,0,4.61234,4.61234
73,0,0.342969,3.21026,3.55323
73,1,0,2.94401,2.94401
73,2,0,2.93948,2.93948
73,3,0,4.70307,4.70307
74,0,0.365157,3.21297,3.57812
74,1,0,2.96719,2.96719
74,2,0,6.05719,6.05719
74,3,0,1.96833,1.96833
75,0,0.443281,4.4462,4.88948
75,1,0,3.00042,3.00042
75,2,0,4.59802,4.59802
75,3,0,1.77771,1.77771
76,0,0.355364,4.8376,5.19297
76,1,0,2.95885,2.95885
76,2,0,4.69896,4.69896
76,3,0,1.80214,1.80214
77,0,0.362656,4.4863,4.84896
77,1,0,6.02641,6.02641
77,2,0,2.0912,2.0912
77,3,0,1.78167,1.78167
78,0,0.377396,5.65818,6.03557
78,1,0,4.59177,4.59177
78,2,0,1.77115,1.77115
78,3,0,1.73792,1.73792
79,0,0.353021,5.46656,5.81958
79,1,0,4.64552,4.64552
79,2,0,1.80328,1.80328
79,3,0,1.75823,1.75823
80,0,0.35,5.58333,5.93333
80,1,0,4.79729,4.79729
80,2,0,1.80594,1.80594
80,3,0,1.79776,1.79776
81,0,0.931354,5.0775,6.00885
81,1,0,4.56937,4.56937
81,2,0,1.79688,1.79688
81,3,0,1.78609,1.78609
82,0,0.366406,5.68219,6.04859
82,1,0,4.59224,4.59224
82,2,0,1.77406,1.77406
82,3,0,1.74651,1.74651
83,0,0.372188,4.95568,5.32787
83,1,0,4.76224,4.76224
83,2,0,1.8187,1.8187
83,3,0,1.7638,1.7638
84,0,0.426875,5.16714,5.59401
84,1,0,4.60401,4.60401
84,2,0,1.78203,1.78203
84,3,0,1.98318,1.98318
85,0,0.389844,5.47797,5.86781
85,1,0,4.57547,4.57547
85,2,0,1.78818,1.78818
85,3,0,1.78552,1.78552
86,0,0.461562,5.31333,5.7749
86,1,0,4.66786,4.66786
86,2,0,1.78505,1.78505
86,3,0,1.77406,1.77406
87,0,0.488594,5.06255,5.55115
87,1,0,4.62385,4.62385
87,2,0,1.79214,1.79214
87,3,0,1.81177,1.81177
88,0,0.509896,5.44016,5.95005
88,1,0,4.56438,4.56438
88,2,0,1.75927,1.75927
88,3,0,1.81141,1.81141
89,0,0.571458,4.96146,5.53292
89,1,0,4.63557,4.63557
89,2,0,1.76682,1.76682
89,3,0,1.77443,1.77443
90,0,0.521928,4.94088,5.46281
90,1,0,4.62479,4.62479
90,2,0,1.79089,1.79089
90,3,0,1.82354,1.82354
91,0,0.445156,5.61531,6.06047
91,1,0,4.5737,4.5737
91,2,0,1.80286,1.80286
91,3,0,1.91568,1.91568
92,0,0.644271,4.97641,5.62068
92,1,0,4.6026,4.6026
92,2,0,1.76958,1.76958
92,3,0,1.77026,1.77026
93,0,0.468334,4.82854,5.29688
93,1,0,4.71271,4.71271
93,2,0,1.8201,1.8201
93,3,0,1.78391,1.78391
94,0,1.79557,6.59568,8.39125
94,1,0,1.79974,1.79974
94,2,0,1.7899,1.7899
94,3,0,2.07714,2.07714
95,0,0.53375,5.27953,5.81328
95,1,0,4.58219,4.58219
95,2,0,1.76188,1.76188
95,3,0,1.76615,1.76615
96,0,0.484792,5.08656,5.57135
96,1,0,4.6037,4.6037
96,2,0,1.82604,1.82604
96,3,0,2.22255,2.22255
97,0,0.455364,4.79698,5.25234
97,1,0,4.67141,4.67141
97,2,0,2.15687,2.15687
97,3,0,3.10427,3.10427
98,0,0.523958,6.63552,7.15948
98,1,0,1.79094,1.79094
98,2,0,1.7638,1.7638
98,3,0,2.97609,2.97609
99,0,0.451666,6.62911,7.08078
99,1,0,1.83787,1.83787
99,2,0,1.77406,1.77406
99,3,0,1.81651,1.81651
100,0,0.492344,5.00104,5.49339
100,1,0,4.90266,4.90266
100,2,0,1.88437,1.88437
100,3,0,1.8424,1.8424
101,0,0.556511,4.85271,5.40922
101,1,0,4.59156,4.59156
101,2,0,1.79385,1.79385
101,3,0,1.83307,1.83307
102,0,0.43849,5.57958,6.01807
102,1,0,4.3999,4.3999
102,2,0,1.80672,1.80672
102,3,0,1.79188,1.79188
103,0,0.439323,5.01297,5.45229
103,1,0,4.7638,4.7638
103,2,0,1.93078,1.93078
103,3,0,1.93677,1.93677
104,0,0.494739,4.96802,5.46276
104,1,0,4.53047,4.53047
104,2,0,1.85766,1.85766
104,3,0,2.18682,2.18682
105,0,1.93609,6.2988,8.2349
105,1,0,1.8424,1.8424
105,2,0,1.83125,1.83125
105,3,0,3.06562,3.06562
106,0,0.408958,7.35469,7.76365
106,1,0,1.91177,1.91177
106,2,0,1.99776,1.99776
106,3,0,3.18302,3.18302
107,0,0.395365,7.02062,7.41599
107,1,0,1.80005,1.80005
107,2,0,1.7826,1.7826
107,3,0,3.08036,3.08036
108,0,0.45276,6.73208,7.18484
108,1,0,1.80224,1.80224
108,2,0,1.78698,1.78698
108,3,0,3.06958,3.06958
109,0,0.789323,6.87214,7.66146
109,1,0,1.86896,1.86896
109,2,0,1.81755,1.81755
109,3,0,4.07604,4.07604
110,0,0.734375,5.66609,6.40047
110,1,0,1.82953,1.82953
110,2,0,1.90766,1.90766
110,3,0,4.02891,4.02891
111,0,0.410834,5.85854,6.26938
111,1,0,1.78047,1.78047
111,2,0,2.99901,2.99901
111,3,0,3.24172,3.24172
112,0,0.38026,5.6437,6.02396
112,1,0,1.75745,1.75745
112,2,0,2.92281,2.92281
112,3,0,2.94589,2.94589
113,0,0.411354,6.45437,6.86573
113,1,0,2.03172,2.03172
113,2,0,4.1726,4.1726
113,3,0,4.67151,4.67151
114,0,0.362969,3.20729,3.57026
114,1,0,1.83599,1.83599
114,2,0,4.44135,4.44135
114,3,0,4.77979,4.77979
115,0,0.384323,3.24266,3.62698
115,1,0,2.93042,2.93042
115,2,0,2.94234,2.94234
115,3,0,4.62667,4.62667
116,0,0.33573,3.22661,3.56234
116,1,0,2.94365,2.94365
116,2,0,2.93792,2.93792
116,3,0,4.62349,4.62349
117,0,0.431823,3.98943,4.42125
117,1,0,4.34031,4.34031
117,2,0,4.69328,4.69328
117,3,0,1.7762,1.7762
118,0,0.356197,4.45583,4.81203
118,1,0,5.07688,5.07688
118,2,0,2.63219,2.63219
118,3,0,1.82349,1.82349
119,0,0.37375,3.29281,3.66656
119,1,0,3.83927,3.83927
119,2,0,4.68568,4.68568
119,3,0,1.94453,1.94453
120,0,0.507448,5.81073,6.31818
120,1,0,4.68547,4.68547
120,2,0,1.77266,1.77266
120,3,0,1.7413,1.7413
121,0,0.355573,5.81693,6.1725
121,1,0,4.76542,4.76542
121,2,0,1.83193,1.83193
121,3,0,1.78984,1.78984
122,0,0.365834,5.47094,5.83677
122,1,0,4.82167,4.82167
122,2,0,2.03375,2.03375
122,3,0,1.77328,1.77328
123,0,0.995365,5.08547,6.08083
123,1,0,4.57969,4.57969
123,2,0,1.77078,1.77078
123,3,0,1.80354,1.80354
124,0,0.386406,5.26729,5.6537
124,1,0,4.62984,4.62984
124,2,0,1.79682,1.79682
124,3,0,2.21359,2.21359
125,0,0.419375,5.08495,5.50432
125,1,0,4.75667,4.75667
125,2,0,1.8125,1.8125
125,3,0,1.83057,1.83057
126,0,0.563698,4.87906,5.44276
126,1,0,4.57906,4.57906
126,2,0,1.75557,1.75557
126,3,0,1.74505,1.74505
127,0,0.449375,5.18823,5.6376
127,1,0,4.59792,4.59792
127,2,0,1.76656,1.76656
127,3,0,1.73901,1.73901
128,0,0.503855,5.21578,5.71964
128,1,0,4.78484,4.78484
128,2,0,1.81729,1.81729
128,3,0,1.78703,1.78703
129,0,0.439323,5.07448,5.5138
129,1,0,4.58672,4.58672
129,2,0,1.75989,1.75989
129,3,0,1.77172,1.77172
130,0,0.973645,4.82828,5.80193
130,1,0,4.57062,4.57062
130,2,0,1.76031,1.76031
130,3,0,1.74995,1.74995
131,0,0.963854,5.18104,6.1449
131,1,0,4.65401,4.65401
131,2,0,1.78719,1.78719
131,3,0,1.78114,1.78114
132,0,0.464323,4.82625,5.29057
132,1,0,4.59057,4.59057
132,2,0,1.76969,1.76969
132,3,0,1.76172,1.76172
133,0,0.583906,5.48932,6.07323
133,1,0,4.59234,4.59234
133,2,0,1.7588,1.7588
133,3,0,1.77969,1.77969
134,0,0.579948,5.26286,5.84281
134,1,0,4.66786,4.66786
134,2,0,1.75823,1.75823
134,3,0,1.74964,1.74964
135,0,0.453333,4.85927,5.3126
135,1,0,4.60573,4.60573
135,2,0,1.75484,1.75484
135,3,0,1.82995,1.82995
136,0,0.539948,5.61505,6.155
136,1,0,4.58864,4.58864
136,2,0,1.78552,1.78552
136,3,0,1.80958,1.80958
137,0,0.548854,5.19745,5.7463
137,1,0,4.64094,4.64094
137,2,0,1.76057,1.76057
137,3,0,1.91823,1.91823
138,0,0.49448,7.66833,8.16281
138,1,0,1.84958,1.84958
138,2,0,1.89349,1.89349
138,3,0,1.83984,1.83984
139,0,0.466979,7.86,8.32698
139,1,0,1.81417,1.81417
139,2,0,1.83401,1.83401
139,3,0,2.05073,2.05073
140,0,0.568958,5.38516,5.95411
140,1,0,4.59641,4.59641
140,2,0,1.76214,1.76214
140,3,0,2.92156,2.92156
141,0,0.378593,6.81984,7.19844
141,1,0,1.83516,1.83516
141,2,0,1.77385,1.77385
141,3,0,2.93969,2.93969
142,0,0.381354,6.79391,7.17526
142,1,0,1.86187,1.86187
142,2,0,1.98615,1.98615
142,3,0,3.06448,3.06448
143,0,0.427969,6.82432,7.25229
143,1,0,1.77979,1.77979
143,2,0,1.74109,1.74109
143,3,0,2.91401,2.91401
144,0,0.363438,6.96844,7.33188
144,1,0,1.86177,1.86177
144,2,0,1.79469,1.79469
144,3,0,2.94813,2.94813
145,0,0.379896,7.15526,7.53516
145,1,0,2.02844,2.02844
145,2,0,1.8313,1.8313
145,3,0,3.06641,3.06641
146,0,0.455052,7.10609,7.56114
146,1,0,1.77583,1.77583
146,2,0,1.74458,1.74458
146,3,0,2.92292,2.92292
147,0,0.416302,6.86698,7.28328
147,1,0,1.80104,1.80104
147,2,0,1.76766,1.76766
147,3,0,2.93011,2.93011
148,0,0.439114,7.09385,7.53297
148,1,0,1.81719,1.81719
148,2,0,1.79526,1.79526
148,3,0,2.98469,2.98469
149,0,0.450886,6.75401,7.2049
149,1,0,1.80349,1.80349
149,2,0,1.74188,1.74188
149,3,0,2.97182,2.97182
150,0,0.410833,3.82234,4.23318
150,1,0,4.60255,4.60255
150,2,0,1.76937,1.76937
150,3,0,2.91385,2.91385
151,0,0.740781,4.41599,5.15677
151,1,0,4.72943,4.72943
151,2,0,1.805,1.805
151,3,0,4.08625,4.08625
152,0,0.404635,5.94349,6.34812
152,1,0,1.79484,1.79484
152,2,0,1.76776,1.76776
152,3,0,4.14885,4.14885
153,0,0.429792,5.81354,6.24333
153,1,0,1.76396,1.76396
153,2,0,1.74188,1.74188
153,3,0,4.16339,4.16339
154,0,0.465209,5.90021,6.36542
154,1,0,1.79859,1.79859
154,2,0,1.75583,1.75583
154,3,0,4.07099,4.07099
155,0,0.402708,6.12776,6.53047
155,1,0,1.76865,1.76865
155,2,0,1.76042,1.76042
155,3,0,4.08297,4.08297
156,0,0.422292,5.78047,6.20276
156,1,0,1.77229,1.77229
156,2,0,1.77125,1.77125
156,3,0,3.07745,3.07745
157,0,0.622969,6.73708,7.36005
157,1,0,1.77906,1.77906
157,2,0,2.92234,2.92234
157,3,0,2.96078,2.96078
158,0,0.429896,5.63771,6.0676
158,1,0,1.77589,1.77589
158,2,0,1.8251,1.8251
158,3,0,4.06953,4.06953
159,0,0.409166,6.04635,6.45552
159,1,0,1.77526,1.77526
159,2,0,1.86328,1.86328
159,3,0,4.16771,4.16771
160,0,0.403541,5.80547,6.20901
160,1,0,1.76438,1.76438
160,2,0,2.9049,2.9049
160,3,0,2.93448,2.93448
161,0,0.392917,5.82292,6.21583
161,1,0,1.8449,1.8449
161,2,0,2.96229,2.96229
161,3,0,2.96078,2.96078
162,0,0.375261,5.74026,6.11552
162,1,0,1.85984,1.85984
162,2,0,3.22891,3.22891
162,3,0,3.0513,3.0513
163,0,0.638646,5.46479,6.10344
163,1,0,1.77912,1.77912
163,2,0,2.92151,2.92151
163,3,0,2.98255,2.98255
164,0,0.522031,5.70234,6.22438
164,1,0,1.87599,1.87599
164,2,0,2.9837,2.9837
164,3,0,3.01464,3.01464
165,0,0.440468,5.76323,6.2037
165,1,0,2.08625,2.08625
165,2,0,4.34604,4.34604
165,3,0,1.95083,1.95083
166,0,0.414479,5.95104,6.36552
166,1,0,1.82354,1.82354
166,2,0,4.10068,4.10068
166,3,0,4.02234,4.02234
167,0,0.875209,3.28901,4.16422
167,1,0,1.80422,1.80422
167,2,0,3.95562,3.95562
167,3,0,3.90948,3.90948
168,0,0.416875,4.00948,4.42635
168,1,0,3.02552,3.02552
168,2,0,2.98474,2.98474
168,3,0,4.72068,4.72068
169,0,0.385208,3.09958,3.48479
169,1,0,2.90401,2.90401
169,2,0,2.97271,2.97271
169,3,0,4.7824,4.7824
170,0,0.378386,3.4824,3.86078
170,1,0,4.0851,4.0851
170,2,0,1.8776,1.8776
170,3,0,4.90318,4.90318
171,0,0.377553,3.3862,3.76375
171,1,0,3.99099,3.99099
171,2,0,4.77531,4.77531
171,3,0,1.79432,1.79432
172,0,0.330209,4.36302,4.69323
172,1,0,2.99047,2.99047
172,2,0,4.78333,4.78333
172,3,0,1.82245,1.82245
173,0,0.328281,4.4,4.72828
173,1,0,2.80016,2.80016
173,2,0,5.08396,5.08396
173,3,0,1.82958,1.82958
174,0,0.353125,5.74667,6.09979
174,1,0,1.81443,1.81443
174,2,0,4.58505,4.58505
174,3,0,1.76281,1.76281
175,0,0.36526,6.66083,7.02609
175,1,0,4.55021,4.55021
175,2,0,1.7849,1.7849
175,3,0,1.74568,1.74568
176,0,0.353594,5.73807,6.09167
176,1,0,4.71792,4.71792
176,2,0,1.80234,1.80234
176,3,0,1.7674,1.7674
177,0,0.457344,4.98396,5.4413
177,1,0,4.58375,4.58375
177,2,0,1.78135,1.78135
177,3,0,1.7612,1.7612
178,0,0.328802,5.72474,6.05354
178,1,0,4.59203,4.59203
178,2,0,1.77052,1.77052
178,3,0,1.7588,1.7588
179,0,0.429688,5.52115,5.95083
179,1,0,4.67115,4.67115
179,2,0,1.80531,1.80531
179,3,0,1.77937,1.77937
180,0,0.369844,5.02328,5.39313
180,1,0,4.6962,4.6962
180,2,0,1.7825,1.7825
180,3,0,1.78615,1.78615
181,0,0.380105,5.70193,6.08203
181,1,0,4.58594,4.58594
181,2,0,1.7538,1.7538
181,3,0,1.84167,1.84167
182,0,0.465573,5.09162,5.55719
182,1,0,4.64708,4.64708
182,2,0,1.75859,1.75859
182,3,0,1.76401,1.76401
183,0,0.366354,4.95187,5.31823
183,1,0,4.69297,4.69297
183,2,0,1.82479,1.82479
183,3,0,3.10234,3.10234
184,0,0.389635,4.47516,4.86479
184,1,0,4.60974,4.60974
184,2,0,1.82734,1.82734
184,3,0,3.25615,3.25615
185,0,0.485625,4.09833,4.58396
185,1,0,4.59495,4.59495
185,2,0,1.76104,1.76104
185,3,0,2.91396,2.91396
186,0,0.734011,3.55193,4.28594
186,1,0,4.69328,4.69328
186,2,0,1.81937,1.81937
186,3,0,2.91958,2.91958
187,0,0.457604,4.29208,4.74969
187,1,0,4.65672,4.65672
187,2,0,1.99588,1.99588
187,3,0,4.03979,4.03979
188,0,0.673438,3.14115,3.81458
188,1,0,4.5887,4.5887
188,2,0,1.75245,1.75245
188,3,0,4.06062,4.06062
189,0,0.370625,6.11255,6.48318
189,1,0,1.81333,1.81333
189,2,0,1.75984,1.75984
189,3,0,4.09,4.09
190,0,0.3975,5.74849,6.14599
190,1,0,2.03844,2.03844
190,2,0,1.81943,1.81943
190,3,0,4.24911,4.24911
191,0,0.396094,5.71172,6.10781
191,1,0,1.76526,1.76526
191,2,0,1.74839,1.74839
191,3,0,4.10594,4.10594
192,0,0.415885,5.70906,6.12495
192,1,0,1.81062,1.81062
192,2,0,1.76333,1.76333
192,3,0,4.26016,4.26016
193,0,0.399635,5.93927,6.33891
193,1,0,1.82531,1.82531
193,2,0,1.81552,1.81552
193,3,0,4.18682,4.18682
194,0,0.392917,5.73969,6.1326
194,1,0,1.77234,1.77234
194,2,0,1.7526,1.7526
194,3,0,3.87125,3.87125
195,0,1.16844,5.03609,6.20453
195,1,0,1.79781,1.79781
195,2,0,1.75693,1.75693
195,3,0,4.21083,4.21083
196,0,1.06036,5.1587,6.21906
196,1,0,1.8151,1.8151
196,2,0,1.80281,1.80281
196,3,0,2.91495,2.91495
197,0,0.42026,6.76026,7.18052
197,1,0,1.77339,1.77339
197,2,0,1.74078,1.74078
197,3,0,4.37401,4.37401
198,0,0.442864,5.29854,5.74141
198,1,0,1.79854,1.79854
198,2,0,1.74792,1.74792
198,3,0,4.13448,4.13448
199,0,0.55375,5.84073,6.39448
199,1,0,1.81953,1.81953
199,2,0,1.75745,1.75745
199,3,0,4.07792,4.07792
200,0,0.427135,5.89245,6.31958
200,1,0,1.77536,1.77536
200,2,0,1.76687,1.76687
200,3,0,4.35729,4.35729
201,0,1.36094,4.69354,6.05448
201,1,0,1.78198,1.78198
201,2,0,1.76286,1.76286
201,3,0,4.2812,4.2812
202,0,0.509584,6.33583,6.84542
202,1,0,1.78641,1.78641
202,2,0,2.92104,2.92104
202,3,0,2.95177,2.95177
203,0,0.395833,5.71729,6.11313
203,1,0,1.78588,1.78588
203,2,0,2.99073,2.99073
203,3,0,2.9913,2.9913
204,0,0.457552,5.77484,6.2324
204,1,0,1.77646,1.77646
204,2,0,2.98854,2.98854
204,3,0,3.32698,3.32698
205,0,0.445,5.69396,6.13896
205,1,0,1.76396,1.76396
205,2,0,4.06521,4.06521
205,3,0,1.82698,1.82698
206,0,0.397813,5.72328,6.12109
206,1,0,1.84589,1.84589
206,2,0,4.53609,4.53609
206,3,0,1.93198,1.93198
207,0,0.403125,5.72526,6.12838
207,1,0,1.87026,1.87026
207,2,0,4.44229,4.44229
207,3,0,1.88234,1.88234
208,0,0.508438,5.57589,6.08432
208,1,0,2.92036,2.92036
208,2,0,2.94932,2.94932
208,3,0,4.8476,4.8476
209,0,0.349011,3.31052,3.65953
209,1,0,2.9637,2.9637
209,2,0,2.97464,2.97464
209,3,0,4.67188,4.67188
210,0,0.430937,3.66599,4.09693
210,1,0,4.27844,4.27844
210,2,0,1.90469,1.90469
210,3,0,4.6974,4.6974
211,0,0.343593,3.01094,3.35453
211,1,0,4.06745,4.06745
211,2,0,1.81359,1.81359
211,3,0,4.6626,4.6626
212,0,0.360989,3.25474,3.61573
212,1,0,3.86594,3.86594
212,2,0,1.82406,1.82406
212,3,0,4.81891,4.81891
213,0,0.623855,4.55781,5.18167
213,1,0,2.82063,2.82063
213,2,0,4.65583,4.65583
213,3,0,1.78167,1.78167
214,0,0.331303,4.47969,4.81099
214,1,0,2.56854,2.56854
214,2,0,5.58234,5.58234
214,3,0,1.8801,1.8801
215,0,0.361406,5.74953,6.11094
215,1,0,4.75266,4.75266
215,2,0,2.11734,2.11734
215,3,0,1.77302,1.77302
216,0,0.375052,5.9663,6.34135
216,1,0,4.68193,4.68193
216,2,0,1.77719,1.77719
216,3,0,1.7562,1.7562
217,0,0.353593,5.21604,5.56963
217,1,0,4.72016,4.72016
217,2,0,1.8425,1.8425
217,3,0,1.78271,1.78271
218,0,0.402552,5.22073,5.62328
218,1,0,4.98354,4.98354
218,2,0,1.83328,1.83328
218,3,0,3.00307,3.00307
219,0,0.339427,4.79349,5.13292
219,1,0,4.56365,4.56365
219,2,0,1.76479,1.76479
219,3,0,2.92807,2.92807
220,0,0.399583,3.7824,4.18198
220,1,0,4.55995,4.55995
220,2,0,1.77036,1.77036
220,3,0,2.8962,2.8962
221,0,0.537656,4.23021,4.76786
221,1,0,4.71865,4.71865
221,2,0,1.82375,1.82375
221,3,0,2.91635,2.91635
222,0,0.704114,3.57708,4.2812
222,1,0,4.59495,4.59495
222,2,0,1.75984,1.75984
222,3,0,3.01063,3.01063
223,0,1.71891,3.5363,5.25521
223,1,0,4.60714,4.60714
223,2,0,1.77521,1.77521
223,3,0,4.13599,4.13599
224,0,0.508437,6.03568,6.54411
224,1,0,1.80229,1.80229
224,2,0,1.75297,1.75297
224,3,0,4.07849,4.07849
225,0,0.432343,5.74281,6.17516
225,1,0,1.77484,1.77484
225,2,0,1.7676,1.7676
225,3,0,4.18386,4.18386
226,0,0.469896,6.46828,6.93818
226,1,0,1.75667,1.75667
226,2,0,1.77198,1.77198
226,3,0,4.14557,4.14557
227,0,0.498021,5.61885,6.11688
227,1,0,1.77141,1.77141
227,2,0,2.90974,2.90974
227,3,0,2.93135,2.93135
228,0,0.393854,5.75443,6.14828
228,1,0,1.81396,1.81396
228,2,0,1.91068,1.91068
228,3,0,3.89432,3.89432
229,0,0.385573,5.78901,6.17458
229,1,0,1.81297,1.81297
229,2,0,1.83787,1.83787
229,3,0,4.20724,4.20724
230,0,0.532865,5.80672,6.33958
230,1,0,1.76115,1.76115
230,2,0,2.90193,2.90193
230,3,0,2.94104,2.94104
231,0,0.478646,5.62167,6.10031
231,1,0,1.87182,1.87182
231,2,0,2.98229,2.98229
231,3,0,2.98464,2.98464
232,0,0.49401,5.7062,6.20021
232,1,0,1.86099,1.86099
232,2,0,3.25078,3.25078
232,3,0,2.85849,2.85849
233,0,0.52125,5.58953,6.11078
233,1,0,1.77146,1.77146
233,2,0,2.90016,2.90016
233,3,0,2.9313,2.9313
234,0,0.412344,6.04089,6.45323
234,1,0,1.80557,1.80557
234,2,0,2.93922,2.93922
234,3,0,2.98969,2.98969
235,0,0.409635,5.84505,6.25469
235,1,0,2.12448,2.12448
235,2,0,4.20354,4.20354
235,3,0,1.86427,1.86427
236,0,0.410052,5.70714,6.11719
236,1,0,1.75974,1.75974
236,2,0,4.10958,4.10958
236,3,0,1.8462,1.8462
237,0,0.423385,5.84693,6.27031
237,1,0,1.80484,1.80484
237,2,0,4.09547,4.09547
237,3,0,1.8301,1.8301
238,0,0.417917,6.13297,6.55089
238,1,0,1.84052,1.84052
238,2,0,3.95594,3.95594
238,3,0,1.82563,1.82563
239,0,0.421458,5.83698,6.25844
239,1,0,1.76432,1.76432
239,2,0,3.04062,3.04062
239,3,0,2.69391,2.69391
240,0,0.53151,5.59776,6.12927
240,1,0,1.7837,1.7837
240,2,0,4.05917,4.05917
240,3,0,1.99781,1.99781
241,0,0.466719,5.54911,6.01583
241,1,0,1.83458,1.83458
241,2,0,4.10417,4.10417
241,3,0,1.83464,1.83464
242,0,0.378906,5.76427,6.14318
242,1,0,1.77016,1.77016
242,2,0,4.12344,4.12344
242,3,0,1.93792,1.93792
243,0,0.458542,5.57479,6.03333
243,1,0,1.76427,1.76427
243,2,0,4.13526,4.13526
243,3,0,1.90521,1.90521
244,0,0.45,5.84068,6.29068
244,1,0,1.85802,1.85802
244,2,0,2.95109,2.95109
244,3,0,2.72031,2.72031
245,0,0.3975,5.79932,6.19682
245,1,0,1.76776,1.76776
245,2,0,4.14281,4.14281
245,3,0,1.92224,1.92224
246,0,0.452084,5.74042,6.1925
246,1,0,1.7612,1.7612
246,2,0,4.35844,4.35844
246,3,0,2.08807,2.08807
247,0,0.44401,5.76151,6.20552
247,1,0,2.91354,2.91354
247,2,0,2.91401,2.91401
247,3,0,3.91547,3.91547
248,0,0.34573,3.58641,3.93214
248,1,0,1.75833,1.75833
248,2,0,4.33063,4.33063
248,3,0,3.55964,3.55964
249,0,0.383177,4.27167,4.65484
249,1,0,2.99964,2.99964
249,2,0,3.34813,3.34813
249,3,0,4.7637,4.7637
250,0,0.37901,3.13286,3.51187
250,1,0,4.09307,4.09307
250,2,0,1.83568,1.83568
250,3,0,4.68047,4.68047
251,0,0.376875,3.4788,3.85568
251,1,0,3.91812,3.91812
251,2,0,1.8262,1.8262
251,3,0,4.69526,4.69526
252,0,0.361511,3.22615,3.58766
252,1,0,4.24896,4.24896
252,2,0,1.84365,1.84365
252,3,0,4.65219,4.65219
253,0,0.34875,4.6237,4.97245
253,1,0,2.7001,2.7001
253,2,0,4.70338,4.70338
253,3,0,1.83036,1.83036
254,0,0.445104,4.4187,4.8638
254,1,0,2.78313,2.78313
254,2,0,4.61406,4.61406
254,3,0,1.81219,1.81219
255,0,0.3825,5.87109,6.25359
255,1,0,2.21047,2.21047
255,2,0,4.71495,4.71495
255,3,0,1.76536,1.76536
256,0,0.334011,5.41495,5.74896
256,1,0,3.9174,3.9174
256,2,0,2.43859,2.43859
256,3,0,1.79083,1.79083
257,0,0.333073,5.54833,5.88141
257,1,0,4.71724,4.71724
257,2,0,1.84073,1.84073
257,3,0,1.99521,1.99521
258,0,0.361302,5.74,6.1013
258,1,0,4.66437,4.66437
258,2,0,1.79568,1.79568
258,3,0,1.75812,1.75812
259,0,0.886094,5.04542,5.93151
259,1,0,4.73964,4.73964
259,2,0,1.82443,1.82443
259,3,0,1.83432,1.83432
260,0,0.391146,5.03828,5.42943
260,1,0,4.72234,4.72234
260,2,0,2.1099,2.1099
260,3,0,1.77219,1.77219
261,0,0.399323,5.15307,5.5524
261,1,0,4.67271,4.67271
261,2,0,1.76516,1.76516
261,3,0,1.74172,1.74172
262,0,0.36,5.01781,5.37781
262,1,0,4.78057,4.78057
262,2,0,1.80734,1.80734
262,3,0,1.76917,1.76917
263,0,0.356094,5.20568,5.56177
263,1,0,4.95318,4.95318
263,2,0,1.82396,1.82396
263,3,0,1.78026,1.78026
264,0,0.421354,5.51823,5.93958
264,1,0,4.67547,4.67547
264,2,0,1.75604,1.75604
264,3,0,2.91146,2.91146
265,0,0.337812,4.49583,4.83365
265,1,0,4.58885,4.58885
265,2,0,1.78094,1.78094
265,3,0,2.89339,2.89339
266,0,0.357969,4.11537,4.47333
266,1,0,4.83833,4.83833
266,2,0,1.78729,1.78729
266,3,0,2.91646,2.91646
267,0,0.419271,3.86083,4.2801
267,1,0,4.60531,4.60531
267,2,0,1.75557,1.75557
267,3,0,2.91344,2.91344
268,0,0.335261,4.59135,4.92661
268,1,0,4.59312,4.59312
268,2,0,1.76526,1.76526
268,3,0,2.89536,2.89536
269,0,0.395364,4.03281,4.42818
269,1,0,4.65823,4.65823
269,2,0,1.81547,1.81547
269,3,0,2.91432,2.91432
270,0,0.712396,3.62219,4.33458
270,1,0,4.68885,4.68885
270,2,0,1.76849,1.76849
270,3,0,2.99068,2.99068
271,0,1.32589,3.28838,4.61427
271,1,0,4.68323,4.68323
271,2,0,1.77682,1.77682
271,3,0,2.98052,2.98052
272,0,1.06604,3.54802,4.61406
272,1,0,4.67172,4.67172
272,2,0,1.78281,1.78281
272,3,0,2.93333,2.93333
273,0,0.531875,3.6188,4.15068
273,1,0,4.6899,4.6899
273,2,0,1.7774,1.7774
273,3,0,2.98625,2.98625
274,0,0.3775,4.3963,4.7738
274,1,0,4.57281,4.57281
274,2,0,1.77708,1.77708
274,3,0,2.97219,2.97219
275,0,0.812604,3.49099,4.30359
275,1,0,4.79318,4.79318
275,2,0,1.77812,1.77812
275,3,0,2.9138,2.9138
276,0,0.564063,3.79964,4.3637
276,1,0,4.6824,4.6824
276,2,0,1.80422,1.80422
276,3,0,3.67328,3.67328
277,0,0.436875,3.32078,3.75766
277,1,0,4.69088,4.69088
277,2,0,1.81865,1.81865
277,3,0,3.20984,3.20984
278,0,0.535521,3.7312,4.26672
278,1,0,4.70495,4.70495
278,2,0,1.76474,1.76474
278,3,0,2.90682,2.90682
279,0,0.630989,3.91344,4.54443
279,1,0,4.77568,4.77568
279,2,0,1.84912,1.84912
279,3,0,3.09432,3.09432
280,0,0.440052,3.86021,4.30026
280,1,0,4.67177,4.67177
280,2,0,1.90437,1.90437
280,3,0,4.09938,4.09938
281,0,0.440677,3.19573,3.63641
281,1,0,4.59521,4.59521
281,2,0,1.7662,1.7662
281,3,0,3.82505,3.82505
282,0,0.363542,3.22771,3.59125
282,1,0,4.69365,4.69365
282,2,0,1.79698,1.79698
282,3,0,3.81448,3.81448
283,0,0.405053,5.53995,5.945
283,1,0,2.80771,2.80771
283,2,0,1.8751,1.8751
283,3,0,4.18755,4.18755
284,0,0.389427,5.77203,6.16146
284,1,0,1.76854,1.76854
284,2,0,1.74422,1.74422
284,3,0,2.91073,2.91073
285,0,0.391927,3.78844,4.18036
285,1,0,4.62188,4.62188
285,2,0,1.78557,1.78557
285,3,0,4.05646,4.05646
286,0,0.678073,5.92068,6.59875
286,1,0,1.90719,1.90719
286,2,0,1.78125,1.78125
286,3,0,3.92537,3.92537
287,0,0.456875,5.89906,6.35594
287,1,0,1.77896,1.77896
287,2,0,1.74453,1.74453
287,3,0,2.91688,2.91688
288,0,0.459427,3.74401,4.20344
288,1,0,4.57963,4.57963
288,2,0,1.78318,1.78318
288,3,0,3.80427,3.80427
289,0,0.418073,3.34776,3.76583
289,1,0,4.81786,4.81786
289,2,0,1.83365,1.83365
289,3,0,4.06099,4.06099
290,0,0.495052,5.55599,6.05104
290,1,0,1.77599,1.77599
290,2,0,1.74537,1.74537
290,3,0,4.24411,4.24411
291,0,1.03896,5.01687,6.05583
291,1,0,1.79844,1.79844
291,2,0,1.74594,1.74594
291,3,0,4.12333,4.12333
292,0,0.46,3.54693,4.00693
292,1,0,4.67838,4.67838
292,2,0,1.7751,1.7751
292,3,0,3.84521,3.84521
293,0,0.420937,5.78604,6.20698
293,1,0,1.77724,1.77724
293,2,0,1.78224,1.78224
293,3,0,4.22063,4.22063
294,0,1.51802,4.83432,6.35234
294,1,0,1.79094,1.79094
294,2,0,1.74385,1.74385
294,3,0,3.97672,3.97672
295,0,0.733073,6.04359,6.77667
295,1,0,1.76516,1.76516
295,2,0,2.91917,2.91917
295,3,0,2.95109,2.95109
296,0,0.485261,5.63651,6.12177
296,1,0,1.76781,1.76781
296,2,0,1.84417,1.84417
296,3,0,4.05922,4.05922
297,0,0.489375,5.52453,6.01391
297,1,0,1.76734,1.76734
297,2,0,1.78797,1.78797
297,3,0,4.15646,4.15646
298,0,0.504167,3.48755,3.99172
298,1,0,4.71734,4.71734
298,2,0,3.79922,3.79922
298,3,0,1.83849,1.83849
299,0,0.401927,5.75432,6.15625
299,1,0,1.82984,1.82984
299,2,0,4.37302,4.37302
299,3,0,1.83708,1.83708
300,0,0.432604,5.75125,6.18385
300,1,0,1.84958,1.84958
300,2,0,4.15401,4.15401
300,3,0,1.86781,1.86781
301,0,0.485833,5.69177,6.1776
301,1,0,1.75901,1.75901
301,2,0,3.80266,3.80266
301,3,0,1.83828,1.83828
302,0,0.391406,6.08099,6.4724
302,1,0,1.81969,1.81969
302,2,0,3.84115,3.84115
302,3,0,1.83047,1.83047
303,0,0.429584,5.93099,6.36057
303,1,0,1.85609,1.85609
303,2,0,4.4438,4.4438
303,3,0,1.94005,1.94005
304,0,0.42974,5.82281,6.25255
304,1,0,1.76682,1.76682
304,2,0,2.91333,2.91333
304,3,0,2.72354,2.72354
305,0,0.430365,5.64547,6.07583
305,1,0,1.79349,1.79349
305,2,0,3.81937,3.81937
305,3,0,1.82865,1.82865
306,0,0.388125,5.79042,6.17854
306,1,0,2.10625,2.10625
306,2,0,4.20911,4.20911
306,3,0,1.86734,1.86734
307,0,0.380417,5.77557,6.15599
307,1,0,1.77016,1.77016
307,2,0,4.05573,4.05573
307,3,0,1.82464,1.82464
308,0,0.420364,5.77016,6.19052
308,1,0,1.80167,1.80167
308,2,0,4.06609,4.06609
308,3,0,1.82979,1.82979
309,0,0.421927,6.06307,6.485
309,1,0,1.82802,1.82802
309,2,0,3.89807,3.89807
309,3,0,1.82406,1.82406
310,0,0.402448,5.74771,6.15016
310,1,0,1.76844,1.76844
310,2,0,4.08261,4.08261
310,3,0,1.90031,1.90031
311,0,0.605364,5.60896,6.21432
311,1,0,1.76438,1.76438
311,2,0,4.04245,4.04245
311,3,0,1.86417,1.86417
312,0,0.455782,6.26063,6.71641
312,1,0,1.8349,1.8349
312,2,0,3.84443,3.84443
312,3,0,1.80172,1.80172
313,0,0.379948,6.025,6.40495
313,1,0,1.78807,1.78807
313,2,0,4.01547,4.01547
313,3,0,1.87156,1.87156
314,0,0.404688,5.85911,6.2638
314,1,0,1.80937,1.80937
314,2,0,3.97229,3.97229
314,3,0,1.8938,1.8938
315,0,0.837344,5.98974,6.82708
315,1,0,3.81078,3.81078
315,2,0,1.84344,1.84344
315,3,0,1.82984,1.82984
316,0,0.378438,5.66812,6.04656
316,1,0,2.92755,2.92755
316,2,0,3.06438,3.06438
316,3,0,1.83599,1.83599
317,0,0.414114,6.00271,6.41682
317,1,0,3.86703,3.86703
317,2,0,1.90005,1.90005
317,3,0,2.13781,2.13781
318,0,0.456927,5.69818,6.1551
318,1,0,3.79005,3.79005
318,2,0,1.8312,1.8312
318,3,0,1.78526,1.78526
319,0,0.397396,5.75453,6.15193
319,1,0,2.99,2.99
319,2,0,2.76599,2.76599
319,3,0,1.81224,1.81224
320,0,0.375312,5.60787,5.98318
320,1,0,1.77344,1.77344
320,2,0,4.25172,4.25172
320,3,0,1.93427,1.93427
321,0,0.404896,5.84729,6.25219
321,1,0,2.93547,2.93547
321,2,0,2.69109,2.69109
321,3,0,1.80901,1.80901
322,0,0.366615,5.78599,6.1526
322,1,0,3.0212,3.0212
322,2,0,3.01766,3.01766
322,3,0,1.83141,1.83141
323,0,0.411718,5.7901,6.20182
323,1,0,3.12312,3.12312
323,2,0,2.87562,2.87562
323,3,0,1.96177,1.96177
324,0,0.453489,5.73229,6.18578
324,1,0,3.80516,3.80516
324,2,0,1.81255,1.81255
324,3,0,1.80672,1.80672
325,0,0.388177,5.79151,6.17969
325,1,0,2.98875,2.98875
325,2,0,2.81583,2.81583
325,3,0,1.79703,1.79703
326,0,0.371562,5.70937,6.08094
326,1,0,3.26594,3.26594
326,2,0,2.78229,2.78229
326,3,0,1.8801,1.8801
327,0,0.398438,5.69969,6.09812
327,1,0,2.92302,2.92302
327,2,0,3.05245,3.05245
327,3,0,1.82828,1.82828
328,0,0.428334,5.9426,6.37094
328,1,0,3.85224,3.85224
328,2,0,1.8338,1.8338
328,3,0,1.78151,1.78151
329,0,0.387136,6.02281,6.40995
329,1,0,4.00167,4.00167
329,2,0,1.88432,1.88432
329,3,0,1.78896,1.78896
330,0,0.448542,5.70359,6.15214
330,1,0,2.92792,2.92792
330,2,0,2.67766,2.67766
330,3,0,1.8187,1.8187
331,0,0.405625,5.79005,6.19568
331,1,0,2.94203,2.94203
331,2,0,2.94344,2.94344
331,3,0,1.82135,1.82135
332,0,0.374584,6.09646,6.47104
332,1,0,3.9762,3.9762
332,2,0,1.8974,1.8974
332,3,0,1.80438,1.80438
333,0,0.376875,5.78359,6.16047
333,1,0,2.91,2.91
333,2,0,2.7438,2.7438
333,3,0,1.87344,1.87344
334,0,0.522344,5.60588,6.12823
334,1,0,2.95333,2.95333
334,2,0,3.01766,3.01766
334,3,0,1.87615,1.87615
335,0,0.500364,5.86386,6.36422
335,1,0,3.93312,3.93312
335,2,0,1.85099,1.85099
335,3,0,1.79297,1.79297
336,0,0.363906,6.0263,6.39021
336,1,0,3.83859,3.83859
336,2,0,1.85938,1.85938
336,3,0,1.94818,1.94818
337,0,0.412395,5.76312,6.17552
337,1,0,3.7974,3.7974
337,2,0,1.90187,1.90187
337,3,0,1.87573,1.87573
338,0,0.673542,6.0062,6.67974
338,1,0,3.8349,3.8349
338,2,0,1.82563,1.82563
338,3,0,3.97495,3.97495
339,0,0.380052,4.36323,4.74328
339,1,0,3.93365,3.93365
339,2,0,1.8787,1.8787
339,3,0,4.67042,4.67042
340,0,0.34776,3.21271,3.56047
340,1,0,3.88792,3.88792
340,2,0,2.01448,2.01448
340,3,0,1.93786,1.93786
341,0,0.419323,5.80187,6.2212
341,1,0,3.84307,3.84307
341,2,0,1.81141,1.81141
341,3,0,4.66078,4.66078
342,0,0.353334,3.29214,3.64547
342,1,0,4.10552,4.10552
342,2,0,1.98641,1.98641
342,3,0,4.63292,4.63292
343,0,0.344375,5.49891,5.84328
343,1,0,2.06776,2.06776
343,2,0,1.89016,1.89016
343,3,0,4.78781,4.78781
344,0,0.397552,5.43109,5.82864
344,1,0,1.81125,1.81125
344,2,0,4.69135,4.69135
344,3,0,1.79891,1.79891
345,0,0.342708,5.43349,5.7762
345,1,0,1.84057,1.84057
345,2,0,4.68,4.68
345,3,0,1.78099,1.78099
346,0,0.399063,5.65885,6.05792
346,1,0,1.88193,1.88193
346,2,0,4.75781,4.75781
346,3,0,1.7737,1.7737
347,0,0.385573,5.88714,6.27271
347,1,0,1.79839,1.79839
347,2,0,4.75359,4.75359
347,3,0,1.84599,1.84599
348,0,1.91693,4.47979,6.39672
348,1,0,4.71458,4.71458
348,2,0,1.83734,1.83734
348,3,0,1.87688,1.87688
349,0,0.693594,4.97427,5.66786
349,1,0,4.68896,4.68896
349,2,0,1.79865,1.79865
349,3,0,2.91016,2.91016
350,0,0.368593,4.75583,5.12443
350,1,0,4.7563,4.7563
350,2,0,1.81141,1.81141
350,3,0,4.10307,4.10307
351,0,0.463177,3.51807,3.98125
351,1,0,4.69365,4.69365
351,2,0,3.32568,3.32568
351,3,0,2.83328,2.83328
352,0,0.542605,3.22135,3.76396
352,1,0,4.5975,4.5975
352,2,0,3.79479,3.79479
352,3,0,1.80984,1.80984
353,0,0.379479,3.28005,3.65953
353,1,0,4.61068,4.61068
353,2,0,3.81729,3.81729
353,3,0,1.83906,1.83906
354,0,0.394271,3.25125,3.64552
354,1,0,4.92161,4.92161
354,2,0,3.9687,3.9687
354,3,0,1.85703,1.85703
355,0,0.412917,5.64802,6.06094
355,1,0,1.76188,1.76188
355,2,0,3.79005,3.79005
355,3,0,1.8362,1.8362
356,0,0.40901,5.76437,6.17338
356,1,0,1.80911,1.80911
356,2,0,2.90667,2.90667
356,3,0,2.6913,2.6913
357,0,0.389062,6.46833,6.8574
357,1,0,1.8425,1.8425
357,2,0,3.91161,3.91161
357,3,0,1.8249,1.8249
358,0,0.408646,5.67125,6.0799
358,1,0,1.75083,1.75083
358,2,0,2.9301,2.9301
358,3,0,2.72557,2.72557
359,0,0.529375,3.23818,3.76755
359,1,0,4.59401,4.59401
359,2,0,3.79771,3.79771
359,3,0,1.84937,1.84937
360,0,0.53099,3.47672,4.00771
360,1,0,4.77797,4.77797
360,2,0,4.09693,4.09693
360,3,0,1.82578,1.82578
361,0,0.372604,5.63687,6.00948
361,1,0,1.76229,1.76229
361,2,0,3.89432,3.89432
361,3,0,1.90453,1.90453
362,0,0.53224,5.81625,6.34849
362,1,0,1.78891,1.78891
362,2,0,4.23224,4.23224
362,3,0,1.91531,1.91531
363,0,0.708646,5.59813,6.30677
363,1,0,1.78286,1.78286
363,2,0,3.80287,3.80287
363,3,0,1.85214,1.85214
364,0,0.378907,5.68068,6.05958
364,1,0,1.77505,1.77505
364,2,0,3.92854,3.92854
364,3,0,1.85042,1.85042
365,0,0.41474,5.8613,6.27604
365,1,0,1.7675,1.7675
365,2,0,3.87276,3.87276
365,3,0,2.12214,2.12214
366,0,0.416094,3.48568,3.90177
366,1,0,4.76104,4.76104
366,2,0,3.81802,3.81802
366,3,0,1.8188,1.8188
367,0,0.394948,5.5424,5.93734
367,1,0,1.79057,1.79057
367,2,0,3.02698,3.02698
367,3,0,2.90469,2.90469
368,0,0.423386,5.6175,6.04089
368,1,0,1.79776,1.79776
368,2,0,4.08401,4.08401
368,3,0,1.91599,1.91599
369,0,0.419688,5.71089,6.13057
369,1,0,1.77469,1.77469
369,2,0,4.06427,4.06427
369,3,0,1.80969,1.80969
370,0,0.372396,5.8838,6.2562
370,1,0,1.85417,1.85417
370,2,0,4.13802,4.13802
370,3,0,1.85229,1.85229
371,0,0.377136,5.80797,6.18511
371,1,0,1.88026,1.88026
371,2,0,4.22943,4.22943
371,3,0,1.85224,1.85224
372,0,0.542968,5.66224,6.20521
372,1,0,1.7575,1.7575
372,2,0,3.79479,3.79479
372,3,0,1.81281,1.81281
373,0,0.456511,5.83438,6.29089
373,1,0,1.8337,1.8337
373,2,0,3.86271,3.86271
373,3,0,1.81807,1.81807
374,0,0.40224,5.78141,6.18365
374,1,0,1.94958,1.94958
374,2,0,4.01339,4.01339
374,3,0,1.87901,1.87901
375,0,0.424948,5.96276,6.38771
375,1,0,1.77672,1.77672
375,2,0,3.80578,3.80578
375,3,0,1.82224,1.82224
376,0,0.484375,5.68427,6.16865
376,1,0,1.78391,1.78391
376,2,0,4.08557,4.08557
376,3,0,1.83578,1.83578
377,0,0.415105,6.25927,6.67438
377,1,0,1.8976,1.8976
377,2,0,3.91833,3.91833
377,3,0,1.82016,1.82016
378,0,0.444583,5.60307,6.04766
378,1,0,1.76417,1.76417
378,2,0,3.79688,3.79688
378,3,0,1.81427,1.81427
379,0,0.519427,6.45937,6.9788
379,1,0,1.83177,1.83177
379,2,0,3.93312,3.93312
379,3,0,1.82604,1.82604
380,0,1.20188,5.07339,6.27526
380,1,0,1.82375,1.82375
380,2,0,3.90281,3.90281
380,3,0,1.79417,1.79417
381,0,0.406094,5.99193,6.39802
381,1,0,1.76172,1.76172
381,2,0,3.94922,3.94922
381,3,0,1.8812,1.8812
382,0,0.460572,6.05109,6.51167
382,1,0,2.93776,2.93776
382,2,0,2.75146,2.75146
382,3,0,1.87255,1.87255
383,0,0.539062,6.29297,6.83203
383,1,0,3.90437,3.90437
383,2,0,1.83547,1.83547
383,3,0,1.79839,1.79839
384,0,0.394219,5.69688,6.09109
384,1,0,3.83224,3.83224
384,2,0,1.87245,1.87245
384,3,0,1.86969,1.86969
385,0,0.409531,5.90755,6.31708
385,1,0,3.84245,3.84245
385,2,0,1.84963,1.84963
385,3,0,2.01083,2.01083
386,0,0.559427,5.84068,6.4001
386,1,0,3.81037,3.81037
386,2,0,1.82359,1.82359
386,3,0,1.78151,1.78151
387,0,0.41,6.00073,6.41073
387,1,0,3.87562,3.87562
387,2,0,1.87083,1.87083
387,3,0,1.80771,1.80771
388,0,0.380729,5.62031,6.00104
388,1,0,3.15354,3.15354
388,2,0,2.60969,2.60969
388,3,0,2.0149,2.0149
389,0,0.498594,5.97531,6.47391
389,1,0,3.81021,3.81021
389,2,0,1.80734,1.80734
389,3,0,1.77599,1.77599
390,0,0.36901,5.62781,5.99682
390,1,0,1.80396,1.80396
390,2,0,4.05818,4.05818
390,3,0,1.88958,1.88958
391,0,0.410156,5.53151,5.94167
391,1,0,1.78188,1.78188
391,2,0,4.08781,4.08781
391,3,0,1.96344,1.96344
392,0,0.409896,6.31182,6.72172
392,1,0,3.82844,3.82844
392,2,0,1.82917,1.82917
392,3,0,1.78391,1.78391
393,0,0.391198,5.83109,6.22229
393,1,0,3.90458,3.90458
393,2,0,1.82885,1.82885
393,3,0,1.8113,1.8113
394,0,0.399427,5.72786,6.12729
394,1,0,1.86911,1.86911
394,2,0,4.14417,4.14417
394,3,0,1.95115,1.95115
395,0,0.50901,5.82005,6.32906
395,1,0,3.81802,3.81802
395,2,0,1.8224,1.8224
395,3,0,1.79156,1.79156
396,0,0.389114,5.94208,6.3312
396,1,0,3.86943,3.86943
396,2,0,1.91943,1.91943
396,3,0,1.81109,1.81109
397,0,0.392344,5.74859,6.14094
397,1,0,4.20141,4.20141
397,2,0,1.87094,1.87094
397,3,0,1.86713,1.86713
398,0,0.452239,5.90422,6.35646
398,1,0,3.80526,3.80526
398,2,0,1.81573,1.81573
398,3,0,1.8174,1.8174
399,0,0.413438,5.76604,6.17948
399,1,0,3.84755,3.84755
399,2,0,1.81802,1.81802
399,3,0,1.93526,1.93526
400,0,0.41026,5.93271,6.34297
400,1,0,4.07583,4.07583
400,2,0,1.88797,1.88797
400,3,0,1.89156,1.89156
401,0,0.386458,5.67682,6.06328
401,1,0,3.84026,3.84026
401,2,0,1.86495,1.86495
401,3,0,1.85792,1.85792
402,0,0.57625,6.1876,6.76385
402,1,0,4.20396,4.20396
402,2,0,1.89807,1.89807
402,3,0,1.94891,1.94891
403,0,0.544427,5.58188,6.1263
403,1,0,4.10656,4.10656
403,2,0,1.83401,1.83401
403,3,0,1.82276,1.82276
404,0,0.486563,5.67109,6.15766
404,1,0,4.22349,4.22349
404,2,0,2.05078,2.05078
404,3,0,1.91578,1.91578
405,0,0.446823,5.88203,6.32885
405,1,0,3.90625,3.90625
405,2,0,1.92792,1.92792
405,3,0,2.17495,2.17495
406,0,0.52724,7.87958,8.40682
406,1,0,1.85391,1.85391
406,2,0,1.86375,1.86375
406,3,0,4.69682,4.69682
407,0,0.342292,6.04844,6.39073
407,1,0,2.00896,2.00896
407,2,0,3.98333,3.98333
407,3,0,2.88786,2.88786
408,0,0.378542,5.84474,6.22328
408,1,0,1.97203,1.97203
408,2,0,4.89938,4.89938
408,3,0,1.84516,1.84516
409,0,0.361146,5.52484,5.88599
409,1,0,4.6913,4.6913
409,2,0,1.76271,1.76271
409,3,0,1.74161,1.74161
410,0,0.367604,5.48266,5.85026
410,1,0,4.69703,4.69703
410,2,0,1.76484,1.76484
410,3,0,1.74599,1.74599
411,0,0.385,5.62344,6.00844
411,1,0,4.8801,4.8801
411,2,0,1.79838,1.79838
411,3,0,3.78073,3.78073
412,0,0.333958,3.25375,3.58771
412,1,0,4.68802,4.68802
412,2,0,1.77662,1.77662
412,3,0,3.88437,3.88437
413,0,0.37026,3.24323,3.61349
413,1,0,4.68969,4.68969
413,2,0,1.75562,1.75562
413,3,0,3.84203,3.84203
414,0,0.405416,3.49375,3.89917
414,1,0,4.67266,4.67266
414,2,0,1.77068,1.77068
414,3,0,3.77739,3.77739
415,0,0.329271,3.47427,3.80354
415,1,0,4.59292,4.59292
415,2,0,1.81578,1.81578
415,3,0,3.84479,3.84479
416,0,0.629375,3.1887,3.81807
416,1,0,4.61516,4.61516
416,2,0,1.7938,1.7938
416,3,0,1.81875,1.81875
417,0,0.659375,4.70089,5.36026
417,1,0,4.61604,4.61604
417,2,0,1.76609,1.76609
417,3,0,3.79167,3.79167
418,0,0.684271,3.2163,3.90057
418,1,0,4.73281,4.73281
418,2,0,1.82771,1.82771
418,3,0,3.86187,3.86187
419,0,0.395208,3.12703,3.52224
419,1,0,4.66417,4.66417
419,2,0,1.84521,1.84521
419,3,0,4.15823,4.15823
420,0,0.402395,3.25693,3.65932
420,1,0,4.60057,4.60057
420,2,0,1.76755,1.76755
420,3,0,3.88713,3.88713
421,0,0.379687,3.21542,3.5951
421,1,0,4.65052,4.65052
421,2,0,1.82172,1.82172
421,3,0,3.83625,3.83625
422,0,0.442917,3.17516,3.61807
422,1,0,4.87479,4.87479
422,2,0,3.21167,3.21167
422,3,0,2.79797,2.79797
423,0,0.424792,3.21547,3.64026
423,1,0,4.58177,4.58177
423,2,0,3.79599,3.79599
423,3,0,1.91896,1.91896
424,0,0.640729,5.52818,6.16891
424,1,0,1.8026,1.8026
424,2,0,2.9001,2.9001
424,3,0,2.8,2.8
425,0,0.509063,5.67797,6.18703
425,1,0,2.02828,2.02828
425,2,0,1.81208,1.81208
425,3,0,3.98974,3.98974
426,0,0.426354,6.11396,6.54031
426,1,0,1.77479,1.77479
426,2,0,3.78036,3.78036
426,3,0,1.80219,1.80219
427,0,0.391615,3.28089,3.6725
427,1,0,4.62516,4.62516
427,2,0,3.83484,3.83484
427,3,0,1.80844,1.80844
428,0,0.389791,3.27932,3.66911
428,1,0,4.81224,4.81224
428,2,0,3.92021,3.92021
428,3,0,1.8238,1.8238
429,0,0.406094,5.66401,6.0701
429,1,0,1.77656,1.77656
429,2,0,2.90948,2.90948
429,3,0,2.77297,2.77297
430,0,0.730833,5.83672,6.56755
430,1,0,1.77401,1.77401
430,2,0,3.78464,3.78464
430,3,0,1.99313,1.99313
431,0,0.48651,6.08339,6.5699
431,1,0,1.80792,1.80792
431,2,0,3.81547,3.81547
431,3,0,1.8062,1.8062
432,0,0.393855,5.9349,6.32875
432,1,0,1.75672,1.75672
432,2,0,3.79713,3.79713
432,3,0,2.09495,2.09495
433,0,0.496615,3.175,3.67162
433,1,0,4.60193,4.60193
433,2,0,3.8488,3.8488
433,3,0,1.89276,1.89276
434,0,0.547916,3.32583,3.87375
434,1,0,4.85135,4.85135
434,2,0,3.85114,3.85114
434,3,0,1.80583,1.80583
435,0,0.396198,5.71432,6.11052
435,1,0,1.77198,1.77198
435,2,0,4.22703,4.22703
435,3,0,1.89677,1.89677
436,0,0.424844,5.76437,6.18922
436,1,0,1.78615,1.78615
436,2,0,3.93651,3.93651
436,3,0,2.18094,2.18094
437,0,0.437656,5.82391,6.26156
437,1,0,1.76729,1.76729
437,2,0,4.21865,4.21865
437,3,0,1.82073,1.82073
438,0,0.399011,5.7176,6.11662
438,1,0,1.83365,1.83365
438,2,0,3.88885,3.88885
438,3,0,1.82771,1.82771
439,0,0.427761,5.69479,6.12255
439,1,0,1.8176,1.8176
439,2,0,4.1188,4.1188
439,3,0,1.8737,1.8737
440,0,0.509896,5.60182,6.11172
440,1,0,1.76896,1.76896
440,2,0,3.81469,3.81469
440,3,0,1.81604,1.81604
441,0,0.404948,6.06083,6.46578
441,1,0,1.84234,1.84234
441,2,0,3.88078,3.88078
441,3,0,1.83042,1.83042
442,0,0.410157,5.7526,6.16276
442,1,0,1.83932,1.83932
442,2,0,4.10974,4.10974
442,3,0,1.83422,1.83422
443,0,0.490364,6.17797,6.66833
443,1,0,1.78031,1.78031
443,2,0,3.82469,3.82469
443,3,0,1.80802,1.80802
444,0,0.406771,5.65062,6.0574
444,1,0,1.82547,1.82547
444,2,0,3.88437,3.88437
444,3,0,1.80438,1.80438
445,0,0.398906,6.19589,6.59479
445,1,0,2.02516,2.02516
445,2,0,3.93958,3.93958
445,3,0,1.84047,1.84047
446,0,0.428282,6.0526,6.48089
446,1,0,2.97109,2.97109
446,2,0,2.67073,2.67073
446,3,0,1.80896,1.80896
447,0,0.402291,5.96698,6.36927
447,1,0,1.82958,1.82958
447,2,0,3.9051,3.9051
447,3,0,1.86646,1.86646
448,0,0.405937,6.09099,6.49693
448,1,0,3.97672,3.97672
448,2,0,1.86703,1.86703
448,3,0,1.80229,1.80229
449,0,0.391823,5.95578,6.3476
449,1,0,3.80182,3.80182
449,2,0,1.82438,1.82438
449,3,0,1.80453,1.80453
450,0,1.04766,5.28766,6.33531
450,1,0,3.84198,3.84198
450,2,0,1.84516,1.84516
450,3,0,1.8037,1.8037
451,0,0.478229,6.20516,6.68339
451,1,0,3.92667,3.92667
451,2,0,1.81693,1.81693
451,3,0,1.83641,1.83641
452,0,0.377917,6.51135,6.88927
452,1,0,3.84734,3.84734
452,2,0,1.96969,1.96969
452,3,0,1.94656,1.94656
453,0,0.524792,5.44349,5.96828
453,1,0,2.98245,2.98245
453,2,0,2.94365,2.94365
453,3,0,1.97786,1.97786
454,0,0.508177,5.61261,6.12078
454,1,0,3.87417,3.87417
454,2,0,1.81448,1.81448
454,3,0,1.77865,1.77865
455,0,0.39849,5.72318,6.12167
455,1,0,3.82302,3.82302
455,2,0,1.90521,1.90521
455,3,0,1.94255,1.94255
456,0,0.420938,5.78396,6.2049
456,1,0,3.83568,3.83568
456,2,0,1.88474,1.88474
456,3,0,2.05323,2.05323
457,0,0.550417,5.74812,6.29854
457,1,0,2.94823,2.94823
457,2,0,2.71839,2.71839
457,3,0,1.78401,1.78401
458,0,0.400625,5.69313,6.09375
458,1,0,3.87182,3.87182
458,2,0,1.87536,1.87536
458,3,0,1.87135,1.87135
459,0,0.435365,5.69562,6.13099
459,1,0,3.84323,3.84323
459,2,0,1.89912,1.89912
459,3,0,2.08229,2.08229
460,0,0.447969,6.0699,6.51786
460,1,0,2.94344,2.94344
460,2,0,2.71656,2.71656
460,3,0,1.78125,1.78125
461,0,0.386614,5.67307,6.05969
461,1,0,3.89615,3.89615
461,2,0,1.84563,1.84563
461,3,0,1.79734,1.79734
462,0,0.411354,5.66047,6.07182
462,1,0,3.88042,3.88042
462,2,0,2.01865,2.01865
462,3,0,1.84396,1.84396
463,0,0.46427,5.96297,6.42724
463,1,0,3.81849,3.81849
463,2,0,1.81115,1.81115
463,3,0,1.77266,1.77266
464,0,0.393646,6.08547,6.47912
464,1,0,3.90281,3.90281
464,2,0,1.83677,1.83677
464,3,0,1.79974,1.79974
465,0,0.39875,5.79682,6.19557
465,1,0,4.1313,4.1313
465,2,0,1.86271,1.86271
465,3,0,1.84026,1.84026
466,0,0.442136,5.99526,6.4374
466,1,0,3.8037,3.8037
466,2,0,1.80646,1.80646
466,3,0,1.7813,1.7813
467,0,0.42,5.64422,6.06422
467,1,0,3.85906,3.85906
467,2,0,1.85672,1.85672
467,3,0,1.78974,1.78974
468,0,0.414011,5.85969,6.2737
468,1,0,4.14203,4.14203
468,2,0,1.88437,1.88437
468,3,0,1.83411,1.83411
469,0,0.383021,6.15443,6.53745
469,1,0,3.81292,3.81292
469,2,0,1.81047,1.81047
469,3,0,1.77875,1.77875
470,0,0.533646,5.69875,6.2324
470,1,0,3.85615,3.85615
470,2,0,1.82682,1.82682
470,3,0,1.7812,1.7812
471,0,0.416771,6.09469,6.51146
471,1,0,3.97073,3.97073
471,2,0,1.8587,1.8587
471,3,0,1.79406,1.79406
472,0,0.396354,6.10536,6.50172
472,1,0,3.81516,3.81516
472,2,0,1.81203,1.81203
472,3,0,1.77823,1.77823
473,0,0.981094,5.42766,6.40875
473,1,0,3.83266,3.83266
473,2,0,1.80781,1.80781
473,3,0,1.79401,1.79401
474,0,0.574167,6.06937,6.64354
474,1,0,3.95156,3.95156
474,2,0,1.79375,1.79375
474,3,0,1.78578,1.78578
475,0,0.394479,5.94141,6.33589
475,1,0,4.08354,4.08354
475,2,0,1.83427,1.83427
475,3,0,1.85885,1.85885
476,0,0.488854,5.91839,6.40724
476,1,0,3.81818,3.81818
476,2,0,2.17151,2.17151
476,3,0,1.91724,1.91724
477,0,0.486042,5.82865,6.31469
477,1,0,3.86818,3.86818
477,2,0,1.79229,1.79229
477,3,0,1.82396,1.82396
478,0,0.391614,5.85375,6.24536
478,1,0,3.83594,3.83594
478,2,0,1.86125,1.86125
478,3,0,1.88521,1.88521
479,0,0.411407,5.89594,6.30734
479,1,0,3.87042,3.87042
479,2,0,1.89255,1.89255
479,3,0,2.10568,2.10568
480,0,0.553333,5.51391,6.06724
480,1,0,3.80672,3.80672
480,2,0,1.80125,1.80125
480,3,0,1.78125,1.78125
481,0,0.396979,5.62604,6.02302
481,1,0,4.13698,4.13698
481,2,0,1.87156,1.87156
481,3,0,1.82136,1.82136
482,0,0.457917,5.51719,5.9751
482,1,0,4.12167,4.12167
482,2,0,2.00786,2.00786
482,3,0,1.97224,1.97224
483,0,0.434531,5.56188,5.99641
483,1,0,3.80391,3.80391
483,2,0,1.80552,1.80552
483,3,0,1.77786,1.77786
484,0,0.382657,5.85198,6.23464
484,1,0,3.88552,3.88552
484,2,0,1.85604,1.85604
484,3,0,1.81891,1.81891
485,0,0.420208,5.68177,6.10198
485,1,0,3.90729,3.90729
485,2,0,2.05026,2.05026
485,3,0,1.88088,1.88088
486,0,0.513593,5.59458,6.10818
486,1,0,3.84057,3.84057
486,2,0,1.83042,1.83042
486,3,0,1.78969,1.78969
487,0,0.389427,5.76604,6.15547
487,1,0,4.12943,4.12943
487,2,0,1.81745,1.81745
487,3,0,1.79427,1.79427
488,0,0.395156,5.80422,6.19937
488,1,0,4.08708,4.08708
488,2,0,1.85641,1.85641
488,3,0,1.90208,1.90208
489,0,0.51901,5.58719,6.1062
489,1,0,3.81719,3.81719
489,2,0,1.81484,1.81484
489,3,0,1.79005,1.79005
490,0,0.420989,6.00042,6.42141
490,1,0,3.85516,3.85516
490,2,0,1.84151,1.84151
490,3,0,1.81286,1.81286
491,0,0.436562,5.77427,6.21083
491,1,0,4.16229,4.16229
491,2,0,1.86411,1.86411
491,3,0,1.84854,1.84854
492,0,0.42375,6.02005,6.4438
492,1,0,3.80948,3.80948
492,2,0,1.91599,1.91599
492,3,0,1.80854,1.80854
493,0,0.403645,5.76625,6.1699
493,1,0,3.86094,3.86094
493,2,0,1.81708,1.81708
493,3,0,1.79229,1.79229
494,0,0.396303,6.30688,6.70318
494,1,0,1.87932,1.87932
494,2,0,3.72182,3.72182
494,3,0,1.78828,1.78828
495,0,0.429531,5.52698,5.95651
495,1,0,3.79224,3.79224
495,2,0,1.78917,1.78917
495,3,0,1.79573,1.79573
496,0,0.420208,6.31953,6.73974
496,1,0,3.83016,3.83016
496,2,0,1.83542,1.83542
496,3,0,1.79917,1.79917
497,0,0.3925,6.10844,6.50094
497,1,0,3.98714,3.98714
497,2,0,1.8275,1.8275
497,3,0,1.78448,1.78448
498,0,0.404062,6.0326,6.43667
498,1,0,3.79818,3.79818
498,2,0,2.05646,2.05646
498,3,0,1.84224,1.84224
499,0,0.913802,5.43276,6.34656
499,1,0,2.96437,2.96437
499,2,0,2.70526,2.70526
499,3,0,1.85651,1.85651
500,0,0.47125,6.19625,6.6675
500,1,0,3.92229,3.92229
500,2,0,1.81005,1.81005
500,3,0,1.78224,1.78224
501,0,0.390938,5.85068,6.24162
501,1,0,3.8237,3.8237
501,2,0,1.83844,1.83844
501,3,0,1.84521,1.84521
502,0,1.20989,5.05984,6.26974
502,1,0,2.92391,2.92391
502,2,0,2.7749,2.7749
502,3,0,1.8799,1.8799
503,0,0.756823,5.78625,6.54307
503,1,0,3.83229,3.83229
503,2,0,1.79531,1.79531
503,3,0,1.76729,1.76729
504,0,0.388073,5.72063,6.1087
504,1,0,3.89724,3.89724
504,2,0,1.86771,1.86771
504,3,0,1.83271,1.83271
505,0,0.413594,5.95969,6.37328
505,1,0,2.96401,2.96401
505,2,0,2.79396,2.79396
505,3,0,2.14526,2.14526
506,0,0.435417,5.73734,6.17276
506,1,0,3.81474,3.81474
506,2,0,1.81328,1.81328
506,3,0,1.78443,1.78443
507,0,0.389636,5.9438,6.33344
507,1,0,4.16271,4.16271
507,2,0,1.83489,1.83489
507,3,0,1.80984,1.80984
508,0,0.407813,5.66437,6.07219
508,1,0,2.97885,2.97885
508,2,0,3.00193,3.00193
508,3,0,1.82797,1.82797
509,0,0.428854,6.12448,6.55333
509,1,0,3.81109,3.81109
509,2,0,1.78917,1.78917
509,3,0,1.76401,1.76401
510,0,0.386407,5.79516,6.18156
510,1,0,3.92115,3.92115
510,2,0,1.82016,1.82016
510,3,0,1.78573,1.78573
511,0,0.382865,5.95641,6.33927
511,1,0,4.12792,4.12792
511,2,0,1.86286,1.86286
511,3,0,1.85016,1.85016
512,0,0.467396,5.62844,6.09583
512,1,0,3.80646,3.80646
512,2,0,1.79182,1.79182
512,3,0,1.76542,1.76542
513,0,0.392604,6.0913,6.48391
513,1,0,3.87526,3.87526
513,2,0,1.82203,1.82203
513,3,0,1.77922,1.77922
514,0,0.38901,5.76208,6.15109
514,1,0,4.12312,4.12312
514,2,0,1.85307,1.85307
514,3,0,1.84807,1.84807
515,0,0.408802,5.79656,6.20536
515,1,0,2.91422,2.91422
515,2,0,2.70781,2.70781
515,3,0,1.76599,1.76599
516,0,0.644167,5.4138,6.05797
516,1,0,3.85417,3.85417
516,2,0,1.81141,1.81141
516,3,0,1.78833,1.78833
517,0,0.400678,5.98568,6.38636
517,1,0,4.09245,4.09245
517,2,0,1.85266,1.85266
517,3,0,1.79792,1.79792
518,0,0.423385,5.79432,6.21771
518,1,0,3.79568,3.79568
518,2,0,1.78214,1.78214
518,3,0,1.77495,1.77495
519,0,0.372084,4.01193,4.38401
519,1,0,5.92401,5.92401
519,2,0,1.91354,1.91354
519,3,0,1.76026,1.76026
520,0,0.371302,4.2976,4.66891
520,1,0,6.16625,6.16625
520,2,0,1.8249,1.8249
520,3,0,1.79521,1.79521
521,0,0.392813,5.88703,6.27984
521,1,0,4.07375,4.07375
521,2,0,2.05359,2.05359
521,3,0,3.96312,3.96312
522,0,0.400677,3.35125,3.75193
522,1,0,3.8013,3.8013
522,2,0,1.80875,1.80875
522,3,0,1.815,1.815
523,0,0.477708,5.83297,6.31068
523,1,0,3.9201,3.9201
523,2,0,1.83641,1.83641
523,3,0,1.77859,1.77859
524,0,0.412969,6.52443,6.9374
524,1,0,3.85839,3.85839
524,2,0,1.87271,1.87271
524,3,0,4.87437,4.87437
525,0,0.399115,3.16802,3.56714
525,1,0,3.8213,3.8213
525,2,0,1.85536,1.85536
525,3,0,5.03776,5.03776
526,0,0.506666,5.41859,5.92526
526,1,0,1.86521,1.86521
526,2,0,1.89203,1.89203
526,3,0,4.71333,4.71333
527,0,0.439218,4.3962,4.83542
527,1,0,2.79458,2.79458
527,2,0,3.79578,3.79578
527,3,0,2.0776,2.0776
528,0,0.744844,3.50281,4.24766
528,1,0,1.83484,1.83484
528,2,0,2.4413,2.4413
528,3,0,2.02594,2.02594
529,0,0.680365,3.28297,3.96333
529,1,0,1.86516,1.86516
529,2,0,1.7925,1.7925
529,3,0,1.81552,1.81552
530,0,0.689531,3.07427,3.7638
530,1,0,1.81135,1.81135
530,2,0,1.79531,1.79531
530,3,0,1.78807,1.78807
531,0,0.457605,3.26781,3.72542
531,1,0,1.91927,1.91927
531,2,0,1.85005,1.85005
531,3,0,1.86203,1.86203
532,0,0.42349,4.72667,5.15016
532,1,0,5.75891,5.75891
532,2,0,2.93312,2.93312
532,3,0,2.83516,2.83516
533,0,0.445677,3.34141,3.78708
533,1,0,1.82943,1.82943
533,2,0,1.80208,1.80208
533,3,0,1.79797,1.79797
534,0,0.352865,3.17453,3.5274
534,1,0,1.82104,1.82104
534,2,0,1.78781,1.78781
534,3,0,1.83609,1.83609
535,0,0.375625,3.83594,4.21156
535,1,0,1.90255,1.90255
535,2,0,1.92536,1.92536
535,3,0,1.78401,1.78401
536,0,0.677812,3.44583,4.12365
536,1,0,1.91088,1.91088
536,2,0,1.90604,1.90604
536,3,0,2.57755,2.57755
537,0,0.482344,3.14088,3.62323
537,1,0,1.77286,1.77286
537,2,0,1.77344,1.77344
537,3,0,1.75495,1.75495
538,0,0.405052,3.19901,3.60406
538,1,0,2.54995,2.54995
538,2,0,1.79583,1.79583
538,3,0,1.77516,1.77516
539,0,0.50151,3.50969,4.0112
539,1,0,1.77885,1.77885
539,2,0,1.765,1.765
539,3,0,1.75708,1.75708
540,0,0.407708,4.17599,4.5837
540,1,0,1.80635,1.80635
540,2,0,1.93391,1.93391
540,3,0,1.79875,1.79875
541,0,0.429323,3.26766,3.69698
541,1,0,1.75781,1.75781
541,2,0,2.55505,2.55505
541,3,0,1.77552,1.77552
542,0,0.394114,3.43354,3.82766
542,1,0,1.75615,1.75615
542,2,0,1.74891,1.74891
542,3,0,1.75588,1.75588
543,0,0.360677,4.21172,4.5724
543,1,0,1.82286,1.82286
543,2,0,1.79458,1.79458
543,3,0,1.77891,1.77891
544,0,0.426093,3.16276,3.58885
544,1,0,1.78948,1.78948
544,2,0,1.80667,1.80667
544,3,0,2.7549,2.7549
545,0,0.460365,3.26479,3.72516
545,1,0,1.82828,1.82828
545,2,0,1.77818,1.77818
545,3,0,1.77969,1.77969
546,0,0.715625,3.12328,3.83891
546,1,0,2.62062,2.62062
546,2,0,1.79568,1.79568
546,3,0,1.78745,1.78745
547,0,0.382604,3.20766,3.59026
547,1,0,1.7987,1.7987
547,2,0,1.78005,1.78005
547,3,0,1.78109,1.78109
548,0,0.438697,3.5724,4.01109
548,1,0,1.80156,1.80156
548,2,0,1.79812,1.79812
548,3,0,1.8125,1.8125
549,0,0.537396,3.2812,3.81859
549,1,0,2.59563,2.59563
549,2,0,1.79568,1.79568
549,3,0,1.77083,1.77083
550,0,0.410156,3.15838,3.56854
550,1,0,1.76063,1.76063
550,2,0,1.76063,1.76063
550,3,0,1.75901,1.75901
551,0,0.383906,3.99193,4.37583
551,1,0,1.80385,1.80385
551,2,0,1.79062,1.79062
551,3,0,1.78286,1.78286
552,0,0.428907,3.24432,3.67323
552,1,0,1.75755,1.75755
552,2,0,2.57693,2.57693
552,3,0,1.7887,1.7887
553,0,0.485886,3.2325,3.71839
553,1,0,1.79484,1.79484
553,2,0,1.78812,1.78812
553,3,0,1.78901,1.78901
554,0,0.399948,4.24385,4.6438
554,1,0,1.77443,1.77443
554,2,0,1.75193,1.75193
554,3,0,1.74927,1.74927
555,0,0.397188,3.26453,3.66172
555,1,0,1.78406,1.78406
555,2,0,2.64818,2.64818
555,3,0,1.82182,1.82182
556,0,0.47401,3.22271,3.69672
556,1,0,1.76844,1.76844
556,2,0,1.75177,1.75177
556,3,0,1.74625,1.74625
557,0,0.394115,4.0801,4.47422
557,1,0,1.96562,1.96562
557,2,0,1.78828,1.78828
557,3,0,1.77995,1.77995
558,0,0.459218,3.36287,3.82208
558,1,0,2.56219,2.56219
558,2,0,1.77896,1.77896
558,3,0,1.75599,1.75599
559,0,0.405052,3.20224,3.60729
559,1,0,4.51661,4.51661
559,2,0,3.58578,3.58578
559,3,0,2.06365,2.06365
560,0,1.0901,3.24224,4.33234
560,1,0,1.89302,1.89302
560,2,0,2.43802,2.43802
560,3,0,2.77396,2.77396
561,0,1.54964,4.86073,6.41036
561,1,0,2.08583,2.08583
561,2,0,2.69656,2.69656
561,3,0,2.88802,2.88802
562,0,1.26115,6.50453,7.76568
562,1,0,2.93667,2.93667
562,2,0,2.06167,2.06167
562,3,0,1.93656,1.93656
563,0,1.03833,3.55,4.58833
563,1,0,2.36609,2.36609
563,2,0,4.47396,4.47396
563,3,0,2.24115,2.24115
564,0,1.0775,3.53333,4.61083
564,1,0,2.38547,2.38547
564,2,0,1.87614,1.87614
564,3,0,1.8762,1.8762
565,0,1.14344,4.10938,5.25281
565,1,0,2.09219,2.09219
565,2,0,2.90833,2.90833
565,3,0,2.12641,2.12641
566,0,1.52667,3.66979,5.19646
566,1,0,2.06042,2.06042
566,2,0,1.91026,1.91026
566,3,0,1.90417,1.90417
567,0,1.84698,3.32557,5.17255
567,1,0,1.97807,1.97807
567,2,0,2.07339,2.07339
567,3,0,1.87969,1.87969
568,0,1.09818,3.22375,4.32193
568,1,0,1.8412,1.8412
568,2,0,1.85625,1.85625
568,3,0,1.84771,1.84771
569,0,1.18537,3.63521,4.82057
569,1,0,1.9663,1.9663
569,2,0,1.88208,1.88208
569,3,0,1.9201,1.9201
570,0,1.02792,3.1675,4.19542
570,1,0,1.83745,1.83745
570,2,0,2.15136,2.15136
570,3,0,2.2787,2.2787
571,0,1.15021,3.47349,4.6237
571,1,0,1.84797,1.84797
571,2,0,1.95953,1.95953
571,3,0,1.84255,1.84255
572,0,0.900105,3.17401,4.07411
572,1,0,1.86943,1.86943
572,2,0,1.82979,1.82979
572,3,0,1.83573,1.83573
573,0,0.957657,4.1076,5.06526
573,1,0,2.08083,2.08083
573,2,0,1.93854,1.93854
573,3,0,1.85172,1.85172
574,0,0.991979,3.2576,4.24958
574,1,0,1.90562,1.90562
574,2,0,2.08344,2.08344
574,3,0,2.18016,2.18016
575,0,1.07719,3.2151,4.29229
575,1,0,1.85146,1.85146
575,2,0,1.83089,1.83089
575,3,0,1.84838,1.84838
576,0,0.911927,3.18781,4.09974
576,1,0,1.82667,1.82667
576,2,0,1.96927,1.96927
576,3,0,1.88594,1.88594
577,0,0.798802,3.74849,4.54729
577,1,0,2.15052,2.15052
577,2,0,2.125,2.125
577,3,0,1.99229,1.99229
578,0,0.999427,3.2988,4.29823
578,1,0,2.09156,2.09156
578,2,0,2.84151,2.84151
578,3,0,1.97812,1.97812
579,0,1.17948,3.2774,4.45688
579,1,0,1.82932,1.82932
579,2,0,1.85844,1.85844
579,3,0,1.83896,1.83896
580,0,0.938854,3.13667,4.07552
580,1,0,1.84135,1.84135
580,2,0,1.83448,1.83448
580,3,0,1.83614,1.83614
581,0,0.902083,3.2512,4.15328
581,1,0,2.07307,2.07307
581,2,0,1.85031,1.85031
581,3,0,1.85219,1.85219
582,0,1.00995,3.23167,4.24161
582,1,0,1.86318,1.86318
582,2,0,1.91037,1.91037
582,3,0,2.1337,2.1337
583,0,1.05792,3.27917,4.33708
583,1,0,1.84542,1.84542
583,2,0,1.84448,1.84448
583,3,0,1.85443,1.85443
584,0,0.816302,3.19672,4.01302
584,1,0,1.82255,1.82255
584,2,0,1.82042,1.82042
584,3,0,1.8301,1.8301
585,0,0.809323,3.37385,4.18318
585,1,0,2.07542,2.07542
585,2,0,1.84937,1.84937
585,3,0,1.83578,1.83578
586,0,1.01901,3.14047,4.15948
586,1,0,2.02755,2.02755
586,2,0,2.2174,2.2174
586,3,0,2.04479,2.04479
587,0,1.04443,3.32563,4.37005
587,1,0,2.22078,2.22078
587,2,0,1.90719,1.90719
587,3,0,1.83844,1.83844
588,0,0.843125,3.32932,4.17245
588,1,0,1.83495,1.83495
588,2,0,1.84125,1.84125
588,3,0,1.83333,1.83333
589,0,0.894323,3.27083,4.16516
589,1,0,2.02786,2.02786
589,2,0,1.84583,1.84583
589,3,0,1.82656,1.82656
590,0,1.01464,3.27651,4.29115
590,1,0,1.84182,1.84182
590,2,0,2.0887,2.0887
590,3,0,2.03214,2.03214
591,0,1.07443,3.27245,4.34687
591,1,0,1.86031,1.86031
591,2,0,1.83563,1.83563
591,3,0,1.83979,1.83979
592,0,0.874688,3.52729,4.40198
592,1,0,1.83776,1.83776
592,2,0,1.8212,1.8212
592,3,0,1.83432,1.83432
593,0,0.842084,3.30432,4.14641
593,1,0,2.02891,2.02891
593,2,0,1.85193,1.85193
593,3,0,1.83328,1.83328
594,0,1.00484,3.07057,4.07542
594,1,0,1.83563,1.83563
594,2,0,1.91135,1.91135
594,3,0,2.01588,2.01588
595,0,1.06838,3.14412,4.2125
595,1,0,1.92349,1.92349
595,2,0,1.98521,1.98521
595,3,0,1.86042,1.86042
596,0,0.855937,3.20667,4.0626
596,1,0,1.8538,1.8538
596,2,0,1.82333,1.82333
596,3,0,2.90604,2.90604
597,0,0.914323,3.3799,4.29422
597,1,0,1.9874,1.9874
597,2,0,1.83547,1.83547
597,3,0,1.83328,1.83328
598,0,0.992761,3.32505,4.31781
598,1,0,2.28588,2.28588
598,2,0,2.04453,2.04453
598,3,0,2.36573,2.36573
599,0,1.05453,3.1063,4.16083
599,1,0,1.93193,1.93193
599,2,0,1.93245,1.93245
599,3,0,1.92776,1.92776
600,0,0.918281,3.4774,4.39568
600,1,0,4.28963,4.28963
600,2,0,2.27125,2.27125
600,3,0,2.35125,2.35125
601,0,1.21646,3.20464,4.42109
601,1,0,1.83948,1.83948
601,2,0,1.82042,1.82042
601,3,0,1.82089,1.82089
602,0,1.94995,3.28583,5.23578
602,1,0,1.96573,1.96573
602,2,0,1.94287,1.94287
602,3,0,1.8713,1.8713
603,0,2.04463,3.43859,5.48323
603,1,0,1.88656,1.88656
603,2,0,2.05391,2.05391
603,3,0,1.89385,1.89385
604,0,0.919792,3.24448,4.16427
604,1,0,1.89917,1.89917
604,2,0,1.9913,1.9913
604,3,0,1.8463,1.8463
605,0,1.17412,3.23635,4.41047
605,1,0,1.82656,1.82656
605,2,0,1.8249,1.8249
605,3,0,2.10849,2.10849
606,0,1.18401,3.5663,4.75031
606,1,0,2.00193,2.00193
606,2,0,2.92271,2.92271
606,3,0,2.0624,2.0624
607,0,0.885365,3.4987,4.38406
607,1,0,1.92458,1.92458
607,2,0,1.95484,1.95484
607,3,0,1.82432,1.82432
608,0,1.08427,3.32963,4.41391
608,1,0,2.04635,2.04635
608,2,0,2.27286,2.27286
608,3,0,1.8312,1.8312
609,0,0.996562,3.18578,4.18234
609,1,0,2.3651,2.3651
609,2,0,1.98677,1.98677
609,3,0,2.00859,2.00859
610,0,1.05313,3.22057,4.2737
610,1,0,1.86979,1.86979
610,2,0,1.83953,1.83953
610,3,0,1.84365,1.84365
611,0,0.88151,3.40818,4.28969
611,1,0,1.82797,1.82797
611,2,0,1.84583,1.84583
611,3,0,1.84411,1.84411
612,0,0.816354,3.37958,4.19594
612,1,0,2.0701,2.0701
612,2,0,1.86281,1.86281
612,3,0,1.94214,1.94214
613,0,1.03599,3.20198,4.23797
613,1,0,1.84318,1.84318
613,2,0,1.87318,1.87318
613,3,0,1.96599,1.96599
614,0,1.05349,3.19167,4.24516
614,1,0,1.87047,1.87047
614,2,0,1.83312,1.83312
614,3,0,1.85297,1.85297
615,0,0.85276,3.24203,4.09479
615,1,0,1.82948,1.82948
615,2,0,1.81995,1.81995
615,3,0,1.82187,1.82187
616,0,0.789791,3.22812,4.01792
616,1,0,1.99745,1.99745
616,2,0,1.86016,1.86016
616,3,0,1.83516,1.83516
617,0,1.00776,3.18099,4.18875
617,1,0,1.82797,1.82797
617,2,0,1.86927,1.86927
617,3,0,2.36948,2.36948
618,0,1.14604,3.49651,4.64255
618,1,0,1.8601,1.8601
618,2,0,1.94776,1.94776
618,3,0,1.9712,1.9712
619,0,0.85474,3.23891,4.09365
619,1,0,1.82198,1.82198
619,2,0,1.82391,1.82391
619,3,0,1.83354,1.83354
620,0,0.810417,3.37188,4.18229
620,1,0,2.05385,2.05385
620,2,0,2.23021,2.23021
620,3,0,1.83026,1.83026
621,0,1.01391,3.24292,4.25682
621,1,0,2.52589,2.52589
621,2,0,1.99828,1.99828
621,3,0,2.00365,2.00365
622,0,1.05693,3.49604,4.55297
622,1,0,1.94365,1.94365
622,2,0,1.85411,1.85411
622,3,0,1.83953,1.83953
623,0,0.863229,3.19625,4.05948
623,1,0,1.86286,1.86286
623,2,0,1.82109,1.82109
623,3,0,1.83516,1.83516
624,0,0.83349,3.24865,4.08214
624,1,0,1.96318,1.96318
624,2,0,1.85859,1.85859
624,3,0,1.8526,1.8526
625,0,1.01125,3.25417,4.26542
625,1,0,2.1188,2.1188
625,2,0,1.96354,1.96354
625,3,0,3.70557,3.70557
626,0,1.06542,3.57989,4.64531
626,1,0,1.90281,1.90281
626,2,0,1.84271,1.84271
626,3,0,1.82651,1.82651
627,0,0.986771,3.26396,4.25073
627,1,0,1.82042,1.82042
627,2,0,1.82948,1.82948
627,3,0,1.85094,1.85094
628,0,1.33927,3.2937,4.63297
628,1,0,1.84844,1.84844
628,2,0,1.86917,1.86917
628,3,0,1.82167,1.82167
629,0,0.971302,3.71052,4.68182
629,1,0,2.03177,2.03177
629,2,0,2.23182,2.23182
629,3,0,1.87599,1.87599
630,0,1.08432,3.23604,4.32036
630,1,0,1.82776,1.82776
630,2,0,1.82464,1.82464
630,3,0,1.82484,1.82484
631,0,0.858385,3.24385,4.10224
631,1,0,2.1162,2.1162
631,2,0,1.83208,1.83208
631,3,0,1.87552,1.87552
632,0,1.03891,3.19948,4.23839
632,1,0,1.86187,1.86187
632,2,0,1.85604,1.85604
632,3,0,1.93646,1.93646
633,0,0.959948,3.90146,4.86141
633,1,0,2.31323,2.31323
633,2,0,1.97328,1.97328
633,3,0,1.84161,1.84161
634,0,1.06031,3.17167,4.23198
634,1,0,1.84724,1.84724
634,2,0,1.84849,1.84849
634,3,0,1.85677,1.85677
635,0,0.965052,3.44604,4.41109
635,1,0,1.86333,1.86333
635,2,0,2.23641,2.23641
635,3,0,1.98677,1.98677
636,0,1.10339,3.19693,4.30031
636,1,0,1.83573,1.83573
636,2,0,1.8288,1.8288
636,3,0,1.85938,1.85938
637,0,0.886927,3.55708,4.44401
637,1,0,2.14505,2.14505
637,2,0,1.88609,1.88609
637,3,0,1.9862,1.9862
638,0,1.03672,3.20073,4.23745
638,1,0,1.83813,1.83813
638,2,0,1.82307,1.82307
638,3,0,1.81948,1.81948
639,0,0.846511,3.20359,4.05011
639,1,0,1.8263,1.8263
639,2,0,1.83682,1.83682
639,3,0,1.8525,1.8525
640,0,1.07271,3.27557,4.34828
640,1,0,1.84557,1.84557
640,2,0,1.82797,1.82797
640,3,0,1.82224,1.82224
641,0,0.902812,3.70563,4.60844
641,1,0,2.09187,2.09187
641,2,0,1.91953,1.91953
641,3,0,1.84875,1.84875
642,0,1.11786,3.18271,4.30057
642,1,0,1.83276,1.83276
642,2,0,1.87224,1.87224
642,3,0,2.08635,2.08635
643,0,0.863281,3.22156,4.08484
643,1,0,1.82479,1.82479
643,2,0,1.82464,1.82464
643,3,0,1.98125,1.98125
644,0,1.1651,3.31724,4.48234
644,1,0,1.86422,1.86422
644,2,0,1.82422,1.82422
644,3,0,1.97542,1.97542
645,0,0.93526,3.28807,4.22333
645,1,0,2.6487,2.6487
645,2,0,1.97354,1.97354
645,3,0,1.87552,1.87552
646,0,1.04979,3.12234,4.17213
646,1,0,1.83151,1.83151
646,2,0,1.96245,1.96245
646,3,0,1.82453,1.82453
647,0,0.831458,3.16302,3.99448
647,1,0,2.24766,2.24766
647,2,0,1.95328,1.95328
647,3,0,1.9426,1.9426
648,0,1.02292,3.21042,4.23333
648,1,0,1.83359,1.83359
648,2,0,1.81536,1.81536
648,3,0,1.83328,1.83328
649,0,0.859271,3.38229,4.24156
649,1,0,2.20438,2.20438
649,2,0,1.88896,1.88896
649,3,0,1.96031,1.96031
650,0,1.00125,3.25859,4.25984
650,1,0,1.84234,1.84234
650,2,0,2.53245,2.53245
650,3,0,1.92094,1.92094
651,0,0.842813,3.18552,4.02833
651,1,0,1.92948,1.92948
651,2,0,2.24927,2.24927
651,3,0,2.02937,2.02937
652,0,1.26818,3.35219,4.62036
652,1,0,2.18542,2.18542
652,2,0,1.83443,1.83443
652,3,0,2.57396,2.57396
653,0,1.4813,3.40339,4.88469
653,1,0,1.83979,1.83979
653,2,0,1.8449,1.8449
653,3,0,1.85635,1.85635
654,0,0.977969,3.3238,4.30177
654,1,0,1.83813,1.83813
654,2,0,1.82401,1.82401
654,3,0,1.82125,1.82125
655,0,0.792292,3.37099,4.16328
655,1,0,1.97562,1.97562
655,2,0,1.90792,1.90792
655,3,0,1.87349,1.87349
656,0,1.00609,3.665,4.67109
656,1,0,1.84068,1.84068
656,2,0,1.92484,1.92484
656,3,0,2.7851,2.7851
657,0,1.24505,3.33578,4.58083
657,1,0,1.85932,1.85932
657,2,0,2.1288,2.1288
657,3,0,1.90198,1.90198
658,0,0.850208,3.17781,4.02802
658,1,0,1.96042,1.96042
658,2,0,2.07083,2.07083
658,3,0,1.92755,1.92755
659,0,0.775156,3.98771,4.76286
659,1,0,2.10854,2.10854
659,2,0,1.84787,1.84787
659,3,0,1.83089,1.83089
660,0,1.03005,3.22104,4.25109
660,1,0,1.81443,1.81443
660,2,0,1.85031,1.85031
660,3,0,1.98729,1.98729
661,0,1.21677,3.20182,4.41859
661,1,0,1.87948,1.87948
661,2,0,2.07297,2.07297
661,3,0,1.93594,1.93594
662,0,0.996875,3.26115,4.25802
662,1,0,1.83479,1.83479
662,2,0,1.84224,1.84224
662,3,0,1.82604,1.82604
663,0,0.867604,3.14818,4.01578
663,1,0,1.88656,1.88656
663,2,0,1.89427,1.89427
663,3,0,1.83333,1.83333
664,0,1.03875,3.4875,4.52625
664,1,0,1.82245,1.82245
664,2,0,1.84286,1.84286
664,3,0,2.34005,2.34005
665,0,1.15672,3.24208,4.3988
665,1,0,1.90755,1.90755
665,2,0,1.84062,1.84062
665,3,0,1.8337,1.8337
666,0,1.35292,3.25026,4.60318
666,1,0,1.82177,1.82177
666,2,0,1.82531,1.82531
666,3,0,1.84677,1.84677
667,0,0.844271,3.87922,4.72349
667,1,0,2.28995,2.28995
667,2,0,1.95463,1.95463
667,3,0,1.92224,1.92224
668,0,0.995468,3.21286,4.20833
668,1,0,2.24693,2.24693
668,2,0,1.8913,1.8913
668,3,0,2.04927,2.04927
669,0,1.05677,3.25276,4.30953
669,1,0,2.72609,2.72609
669,2,0,2.26036,2.26036
669,3,0,2.02401,2.02401
670,0,1.03234,3.45432,4.48667
670,1,0,1.93427,1.93427
670,2,0,1.82807,1.82807
670,3,0,1.94792,1.94792
671,0,1.94365,3.44536,5.38901
671,1,0,2.02427,2.02427
671,2,0,1.83255,1.83255
671,3,0,1.82099,1.82099
672,0,0.898282,3.57542,4.4737
672,1,0,2.0424,2.0424
672,2,0,2.01047,2.01047
672,3,0,1.89849,1.89849
673,0,1.06771,3.32276,4.39047
673,1,0,2.21693,2.21693
673,2,0,1.82807,1.82807
673,3,0,1.82136,1.82136
674,0,0.845469,3.28135,4.12682
674,1,0,1.84021,1.84021
674,2,0,1.83609,1.83609
674,3,0,1.8763,1.8763
675,0,1.07193,3.4662,4.53812
675,1,0,2.0174,2.0174
675,2,0,2.00906,2.00906
675,3,0,1.82995,1.82995
676,0,0.906562,3.35839,4.26495
676,1,0,2.15224,2.15224
676,2,0,2.01802,2.01802
676,3,0,2.04203,2.04203
677,0,1.06458,3.26511,4.32969
677,1,0,1.83005,1.83005
677,2,0,1.82578,1.82578
677,3,0,2.77891,2.77891
678,0,0.839531,4.15984,4.99937
678,1,0,1.84823,1.84823
678,2,0,1.91469,1.91469
678,3,0,2.10677,2.10677
679,0,1.16552,3.32901,4.49453
679,1,0,1.84115,1.84115
679,2,0,1.8151,1.8151
679,3,0,1.89016,1.89016
680,0,0.986041,3.36068,4.34672
680,1,0,2.12458,2.12458
680,2,0,1.94094,1.94094
680,3,0,1.84776,1.84776
681,0,0.924479,3.20938,4.13385
681,1,0,1.84318,1.84318
681,2,0,1.86318,1.86318
681,3,0,1.82844,1.82844
682,0,0.835052,3.55537,4.39042
682,1,0,1.88021,1.88021
682,2,0,2.81932,2.81932
682,3,0,1.85563,1.85563
683,0,1.21365,3.36214,4.57578
683,1,0,1.93562,1.93562
683,2,0,2.04917,2.04917
683,3,0,2.67995,2.67995
684,0,1.14443,3.38917,4.53359
684,1,0,1.88422,1.88422
684,2,0,1.85813,1.85813
684,3,0,1.84375,1.84375
685,0,0.912292,3.56104,4.47333
685,1,0,1.89557,1.89557
685,2,0,1.81521,1.81521
685,3,0,1.81677,1.81677
686,0,0.890573,3.79964,4.69021
686,1,0,2.12229,2.12229
686,2,0,1.89354,1.89354
686,3,0,1.84156,1.84156
687,0,1.00854,3.0663,4.07484
687,1,0,1.83037,1.83037
687,2,0,1.83307,1.83307
687,3,0,1.86172,1.86172
688,0,1.06781,3.43344,4.50125
688,1,0,1.84833,1.84833
688,2,0,1.84661,1.84661
688,3,0,1.84776,1.84776
689,0,0.888281,3.96271,4.85099
689,1,0,1.92125,1.92125
689,2,0,1.81802,1.81802
689,3,0,1.8299,1.8299
690,0,0.786406,3.72865,4.51505
690,1,0,2.04135,2.04135
690,2,0,1.84339,1.84339
690,3,0,1.83662,1.83662
691,0,1.17266,3.28833,4.46099
691,1,0,1.84734,1.84734
691,2,0,1.87286,1.87286
691,3,0,2.23687,2.23687
692,0,1.40562,3.35708,4.76271
692,1,0,1.87104,1.87104
692,2,0,1.82693,1.82693
692,3,0,2.09599,2.09599
693,0,0.839479,3.4375,4.27698
693,1,0,1.8249,1.8249
693,2,0,1.83078,1.83078
693,3,0,2.14854,2.14854
694,0,0.790782,3.30135,4.09214
694,1,0,2.03401,2.03401
694,2,0,1.84094,1.84094
694,3,0,2.02906,2.02906
695,0,0.998281,3.26979,4.26807
695,1,0,1.88464,1.88464
695,2,0,1.87208,1.87208
695,3,0,2.2738,2.2738
696,0,1.08969,3.45167,4.54135
696,1,0,2.30161,2.30161
696,2,0,1.905,1.905
696,3,0,2.14995,2.14995
697,0,0.830208,3.14406,3.97427
697,1,0,1.82578,1.82578
697,2,0,1.82245,1.82245
697,3,0,1.92104,1.92104
698,0,0.812396,3.27604,4.08844
698,1,0,2.0801,2.0801
698,2,0,1.8413,1.8413
698,3,0,1.93583,1.93583
699,0,1.02161,4.22203,5.24365
699,1,0,1.88724,1.88724
699,2,0,1.92864,1.92864
699,3,0,1.94484,1.94484
700,0,1.14912,3.13641,4.28552
700,1,0,1.83422,1.83422
700,2,0,1.83604,1.83604
700,3,0,1.81906,1.81906
701,0,1.05922,3.58182,4.64104
701,1,0,1.83078,1.83078
701,2,0,1.82557,1.82557
701,3,0,1.82948,1.82948
702,0,1.58854,3.26536,4.85391
702,1,0,1.84078,1.84078
702,2,0,1.84729,1.84729
702,3,0,1.82203,1.82203
703,0,0.923593,3.20677,4.13036
703,1,0,1.85755,1.85755
703,2,0,1.9413,1.9413
703,3,0,1.96521,1.96521
704,0,1.1374,3.24094,4.37833
704,1,0,1.97953,1.97953
704,2,0,1.88031,1.88031
704,3,0,2.15391,2.15391
705,0,0.993542,3.70323,4.69677
705,1,0,1.83781,1.83781
705,2,0,1.90839,1.90839
705,3,0,2.03135,2.03135
706,0,1.0749,3.27417,4.34906
706,1,0,1.85328,1.85328
706,2,0,1.84552,1.84552
706,3,0,1.82161,1.82161
707,0,0.926667,3.29333,4.22
707,1,0,2.6863,2.6863
707,2,0,2.00927,2.00927
707,3,0,1.8424,1.8424
708,0,1.02208,3.16922,4.1913
708,1,0,2.01469,2.01469
708,2,0,1.96474,1.96474
708,3,0,1.82255,1.82255
709,0,0.851562,3.19328,4.04484
709,1,0,1.82177,1.82177
709,2,0,1.83359,1.83359
709,3,0,1.89375,1.89375
710,0,1.07766,3.22187,4.29953
710,1,0,1.8376,1.8376
710,2,0,1.83755,1.83755
710,3,0,2.21396,2.21396
711,0,0.876355,3.2963,4.17266
711,1,0,2.00177,2.00177
711,2,0,2.59354,2.59354
711,3,0,1.92594,1.92594
712,0,1.03646,3.135,4.17146
712,1,0,1.83568,1.83568
712,2,0,1.9212,1.9212
712,3,0,1.83349,1.83349
713,0,0.833907,3.24724,4.08115
713,1,0,1.83068,1.83068
713,2,0,1.83719,1.83719
713,3,0,1.89573,1.89573
714,0,1.07974,3.15396,4.2337
714,1,0,1.88719,1.88719
714,2,0,1.83109,1.83109
714,3,0,1.82214,1.82214
715,0,0.899375,3.27568,4.17505
715,1,0,1.90854,1.90854
715,2,0,2.07458,2.07458
715,3,0,2.23589,2.23589
716,0,1.0113,3.39859,4.4099
716,1,0,1.8287,1.8287
716,2,0,1.82609,1.82609
716,3,0,1.84443,1.84443
717,0,0.813958,3.19255,4.00651
717,1,0,1.83875,1.83875
717,2,0,1.83781,1.83781
717,3,0,2.03021,2.03021
718,0,1.05542,3.25786,4.31328
718,1,0,1.84979,1.84979
718,2,0,1.83037,1.83037
718,3,0,1.85505,1.85505
719,0,0.92526,3.54276,4.46802
719,1,0,2.03125,2.03125
719,2,0,2.00349,2.00349
719,3,0,1.84396,1.84396
720,0,1.05177,3.65359,4.70536
720,1,0,1.83443,1.83443
720,2,0,1.8301,1.8301
720,3,0,1.83776,1.83776
721,0,0.843281,3.23781,4.08109
721,1,0,1.95859,1.95859
721,2,0,1.85333,1.85333
721,3,0,1.91224,1.91224
722,0,1.08187,3.12359,4.20547
722,1,0,1.90625,1.90625
722,2,0,1.82656,1.82656
722,3,0,1.82219,1.82219
723,0,0.892605,3.13068,4.02328
723,1,0,2.79078,2.79078
723,2,0,2.12719,2.12719
723,3,0,1.87151,1.87151
724,0,1.05448,3.50047,4.55495
724,1,0,1.83016,1.83016
724,2,0,2.23125,2.23125
724,3,0,2.35182,2.35182
725,0,0.852448,3.18464,4.03708
725,1,0,1.83037,1.83037
725,2,0,1.83661,1.83661
725,3,0,1.86068,1.86068
726,0,1.01438,3.21792,4.23229
726,1,0,1.83776,1.83776
726,2,0,1.82255,1.82255
726,3,0,1.82323,1.82323
727,0,0.844844,3.15823,4.00307
727,1,0,2.07625,2.07625
727,2,0,1.89839,1.89839
727,3,0,1.8463,1.8463
728,0,1.0574,3.3138,4.3712
728,1,0,1.87448,1.87448
728,2,0,1.87922,1.87922
728,3,0,2.0401,2.0401
729,0,0.834635,3.13636,3.97099
729,1,0,1.83224,1.83224
729,2,0,1.84052,1.84052
729,3,0,1.86573,1.86573
730,0,1.0387,3.21083,4.24953
730,1,0,1.84016,1.84016
730,2,0,1.82151,1.82151
730,3,0,2.03146,2.03146
731,0,0.906094,3.38542,4.29151
731,1,0,2.02031,2.02031
731,2,0,1.90875,1.90875
731,3,0,1.84276,1.84276
732,0,0.999166,3.26724,4.26641
732,1,0,1.83917,1.83917
732,2,0,1.84984,1.84984
732,3,0,1.84557,1.84557
733,0,0.907031,3.20818,4.11521
733,1,0,1.91,1.91
733,2,0,1.83208,1.83208
733,3,0,1.90099,1.90099
734,0,1.11651,3.48807,4.60458
734,1,0,1.89333,1.89333
734,2,0,1.83089,1.83089
734,3,0,1.82953,1.82953
735,0,0.839792,3.475,4.31479
735,1,0,2.01531,2.01531
735,2,0,1.92932,1.92932
735,3,0,1.85406,1.85406
736,0,1.02812,3.31266,4.34078
736,1,0,1.8312,1.8312
736,2,0,1.82609,1.82609
736,3,0,1.84146,1.84146
737,0,0.830886,3.19771,4.02859
737,1,0,1.86932,1.86932
737,2,0,1.8438,1.8438
737,3,0,1.88141,1.88141
738,0,1.0737,3.18729,4.26099
738,1,0,1.8424,1.8424
738,2,0,1.84813,1.84813
738,3,0,1.95448,1.95448
739,0,0.916354,3.56161,4.47797
739,1,0,2.20151,2.20151
739,2,0,1.94089,1.94089
739,3,0,1.84089,1.84089
740,0,1.08224,3.52667,4.60891
740,1,0,1.83849,1.83849
740,2,0,1.82464,1.82464
740,3,0,1.82688,1.82688
741,0,0.838854,3.23807,4.07693
741,1,0,1.85385,1.85385
741,2,0,1.84875,1.84875
741,3,0,2.04167,2.04167
742,0,1.09307,3.07115,4.16422
742,1,0,1.83891,1.83891
742,2,0,1.82755,1.82755
742,3,0,1.81557,1.81557
743,0,0.906146,3.53401,4.44016
743,1,0,1.99537,1.99537
743,2,0,2.07287,2.07287
743,3,0,1.85604,1.85604
744,0,1.06161,3.42505,4.48667
744,1,0,1.8337,1.8337
744,2,0,1.82229,1.82229
744,3,0,1.8351,1.8351
745,0,0.877344,3.0675,3.94484
745,1,0,1.82177,1.82177
745,2,0,1.82536,1.82536
745,3,0,2.46474,2.46474
746,0,1.10615,3.42818,4.53432
746,1,0,1.8351,1.8351
746,2,0,1.8263,1.8263
746,3,0,1.82349,1.82349
747,0,0.895937,3.31813,4.21406
747,1,0,2.30083,2.30083
747,2,0,1.90344,1.90344
747,3,0,1.85266,1.85266
748,0,1.02151,3.27266,4.29417
748,1,0,1.8612,1.8612
748,2,0,1.82708,1.82708
748,3,0,1.86109,1.86109
749,0,0.857396,3.26807,4.12547
749,1,0,1.91953,1.91953
749,2,0,1.84062,1.84062
749,3,0,1.92792,1.92792
750,0,1.11625,3.44734,4.56359
750,1,0,1.85844,1.85844
750,2,0,1.8312,1.8312
750,3,0,1.93599,1.93599
751,0,0.877239,3.50417,4.38141
751,1,0,2.05677,2.05677
751,2,0,1.94672,1.94672
751,3,0,1.83333,1.83333
752,0,1.09823,3.20651,4.30474
752,1,0,1.83078,1.83078
752,2,0,1.83052,1.83052
752,3,0,1.82042,1.82042
753,0,0.894948,3.30531,4.20026
753,1,0,1.81958,1.81958
753,2,0,1.8624,1.8624
753,3,0,1.9424,1.9424
754,0,1.17589,3.50208,4.67797
754,1,0,1.9362,1.9362
754,2,0,1.83214,1.83214
754,3,0,1.83896,1.83896
755,0,0.899895,3.19261,4.0925
755,1,0,2.11542,2.11542
755,2,0,1.90198,1.90198
755,3,0,2.02781,2.02781
756,0,1.09406,3.30193,4.39599
756,1,0,1.85615,1.85615
756,2,0,1.82963,1.82963
756,3,0,1.82531,1.82531
757,0,1.0874,3.0513,4.1387
757,1,0,1.86385,1.86385
757,2,0,2.48312,2.48312
757,3,0,1.97568,1.97568
758,0,1.12312,3.27927,4.4024
758,1,0,2.05938,2.05938
758,2,0,2.16833,2.16833
758,3,0,1.92813,1.92813
759,0,1.55136,3.46526,5.01661
759,1,0,2.10495,2.10495
759,2,0,1.84958,1.84958
759,3,0,1.86724,1.86724
760,0,1.03198,3.24823,4.28021
760,1,0,1.84276,1.84276
760,2,0,5.15859,5.15859
760,3,0,1.92287,1.92287
761,0,1.12604,3.13057,4.25662
761,1,0,2.04641,2.04641
761,2,0,1.90932,1.90932
761,3,0,1.87167,1.87167
762,0,1.08068,3.13927,4.21995
762,1,0,1.82438,1.82438
762,2,0,1.88354,1.88354
762,3,0,1.96823,1.96823
763,0,1.17615,3.44854,4.62469
763,1,0,1.93906,1.93906
763,2,0,1.83745,1.83745
763,3,0,1.82969,1.82969
764,0,1.12328,3.12302,4.2463
764,1,0,1.83286,1.83286
764,2,0,1.83646,1.83646
764,3,0,1.84469,1.84469
765,0,1.30318,3.68787,4.99104
765,1,0,2.35338,2.35338
765,2,0,2.00677,2.00677
765,3,0,1.96484,1.96484
766,0,1.04125,3.23047,4.27172
766,1,0,2.51771,2.51771
766,2,0,2.13651,2.13651
766,3,0,2.06719,2.06719
767,0,1.10708,3.28714,4.39422
767,1,0,1.9499,1.9499
767,2,0,2.16792,2.16792
767,3,0,1.97135,1.97135
768,0,1.81078,3.39047,5.20125
768,1,0,2.15516,2.15516
768,2,0,2.23542,2.23542
768,3,0,2.13521,2.13521
769,0,1.28359,3.57245,4.85604
769,1,0,1.95146,1.95146
769,2,0,1.93281,1.93281
769,3,0,1.87766,1.87766
770,0,1.36099,3.61745,4.97844
770,1,0,2.88557,2.88557
770,2,0,2.1138,2.1138
770,3,0,2.01427,2.01427
771,0,1.22287,3.36557,4.58844
771,1,0,2.25823,2.25823
771,2,0,2.01167,2.01167
771,3,0,1.85818,1.85818
772,0,1.49911,3.00901,4.50812
772,1,0,6.57969,6.57969
772,2,0,2.07391,2.07391
772,3,0,1.91766,1.91766
773,0,0.967448,3.51083,4.47828
773,1,0,2.06859,2.06859
773,2,0,2.26333,2.26333
773,3,0,1.9699,1.9699
774,0,1.09083,3.21037,4.3012
774,1,0,2.25844,2.25844
774,2,0,1.95214,1.95214
774,3,0,2.6462,2.6462
775,0,1.11307,4.38281,5.49589
775,1,0,2.73193,2.73193
775,2,0,2.29865,2.29865
775,3,0,2.78094,2.78094
776,0,1.27323,4.21953,5.49276
776,1,0,2.15302,2.15302
776,2,0,2.23479,2.23479
776,3,0,3.40875,3.40875
777,0,2.75391,5.06479,7.8187
777,1,0,2.0674,2.0674
777,2,0,2.37448,2.37448
777,3,0,3.86948,3.86948
778,0,1.43661,3.22042,4.65703
778,1,0,1.90776,1.90776
778,2,0,1.96969,1.96969
778,3,0,2.22281,2.22281
779,0,0.412448,3.265,3.67745
779,1,0,2.62641,2.62641
779,2,0,1.82698,1.82698
779,3,0,1.94839,1.94839
780,0,0.488594,4.94443,5.43302
780,1,0,1.96875,1.96875
780,2,0,2.55354,2.55354
780,3,0,1.83495,1.83495
781,0,0.382136,3.20604,3.58818
781,1,0,1.8163,1.8163
781,2,0,2.5388,2.5388
781,3,0,1.77844,1.77844
782,0,0.329219,3.37125,3.70047
782,1,0,1.99167,1.99167
782,2,0,2.03339,2.03339
782,3,0,1.92307,1.92307
783,0,0.375156,6.08641,6.46156
783,1,0,1.96385,1.96385
783,2,0,2.17875,2.17875
783,3,0,2.08505,2.08505
784,0,0.359792,4.26177,4.62156
784,1,0,2.42755,2.42755
784,2,0,1.84292,1.84292
784,3,0,1.88229,1.88229
785,0,0.502552,3.09615,3.5987
785,1,0,2.49599,2.49599
785,2,0,1.84708,1.84708
785,3,0,2.63036,2.63036
786,0,1.16599,3.16458,4.33057
786,1,0,1.78667,1.78667
786,2,0,2.48094,2.48094
786,3,0,1.78338,1.78338
787,0,0.422969,3.8562,4.27917
787,1,0,1.91766,1.91766
787,2,0,2.15448,2.15448
787,3,0,4.50245,4.50245
788,0,0.417447,4.12365,4.54109
788,1,0,1.80604,1.80604
788,2,0,1.81234,1.81234
788,3,0,3.89458,3.89458
789,0,0.351458,3.41651,3.76797
789,1,0,2.42547,2.42547
789,2,0,2.13823,2.13823
789,3,0,1.88005,1.88005
790,0,0.369895,3.18271,3.5526
790,1,0,4.45109,4.45109
790,2,0,2.17432,2.17432
790,3,0,1.96526,1.96526
791,0,0.404792,4.13042,4.53521
791,1,0,4.51031,4.51031
791,2,0,2.40229,2.40229
791,3,0,1.79078,1.79078
792,0,0.382604,3.38245,3.76505
792,1,0,1.77708,1.77708
792,2,0,2.71625,2.71625
792,3,0,4.33417,4.33417
793,0,0.393334,3.18677,3.58011
793,1,0,1.76193,1.76193
793,2,0,1.78875,1.78875
793,3,0,5.37208,5.37208
794,0,0.580469,3.47849,4.05896
794,1,0,1.79005,1.79005
794,2,0,1.76901,1.76901
794,3,0,3.70958,3.70958
795,0,0.44875,4.3876,4.83635
795,1,0,1.7762,1.7762
795,2,0,1.74,1.74
795,3,0,1.78307,1.78307
796,0,0.385989,4.10375,4.48974
796,1,0,4.52375,4.52375
796,2,0,2.07776,2.07776
796,3,0,1.74682,1.74682
797,0,0.364271,4.17578,4.54005
797,1,0,4.61453,4.61453
797,2,0,1.82016,1.82016
797,3,0,1.93859,1.93859
798,0,0.373125,4.18281,4.55594
798,1,0,4.51589,4.51589
798,2,0,1.77333,1.77333
798,3,0,1.7474,1.7474
799,0,0.348125,3.6126,3.96073
799,1,0,2.56115,2.56115
799,2,0,5.02094,5.02094
799,3,0,1.78859,1.78859
800,0,0.377448,3.2474,3.62484
800,1,0,2.80323,2.80323
800,2,0,2.1137,2.1137
800,3,0,4.47255,4.47255
801,0,0.416042,3.2388,3.65484
801,1,0,1.77083,1.77083
801,2,0,2.51531,2.51531
801,3,0,2.07927,2.07927
802,0,0.391614,5.35656,5.74818
802,1,0,1.82359,1.82359
802,2,0,1.80797,1.80797
802,3,0,2.51219,2.51219
803,0,0.401823,3.97099,4.37281
803,1,0,3.88083,3.88083
803,2,0,1.77318,1.77318
803,3,0,1.82807,1.82807
804,0,0.786927,4.18604,4.97297
804,1,0,3.93172,3.93172
804,2,0,1.76734,1.76734
804,3,0,1.74698,1.74698
805,0,0.350781,3.87359,4.22438
805,1,0,4.64125,4.64125
805,2,0,1.90963,1.90963
805,3,0,1.84547,1.84547
806,0,0.408073,3.80505,4.21312
806,1,0,1.85818,1.85818
806,2,0,4.38063,4.38063
806,3,0,1.94266,1.94266
807,0,0.392761,3.43302,3.82578
807,1,0,2.57161,2.57161
807,2,0,1.85641,1.85641
807,3,0,4.55021,4.55021
808,0,0.369792,3.1801,3.5499
808,1,0,2.43297,2.43297
808,2,0,1.77766,1.77766
808,3,0,2.39557,2.39557
809,0,0.40651,4.8876,5.29411
809,1,0,1.8187,1.8187
809,2,0,2.0925,2.0925
809,3,0,2.13964,2.13964
810,0,0.435208,5.86927,6.30448
810,1,0,2.07255,2.07255
810,2,0,2.48719,2.48719
810,3,0,2.72859,2.72859
811,0,0.452135,3.85531,4.30745
811,1,0,4.00833,4.00833
811,2,0,2.03479,2.03479
811,3,0,2.50083,2.50083
812,0,0.474687,3.76427,4.23896
812,1,0,3.94865,3.94865
812,2,0,1.80422,1.80422
812,3,0,1.78755,1.78755
813,0,0.387865,3.85495,4.24281
813,1,0,4.42693,4.42693
813,2,0,1.85151,1.85151
813,3,0,1.99547,1.99547
814,0,0.36724,4.15099,4.51823
814,1,0,2.87266,2.87266
814,2,0,3.89188,3.89188
814,3,0,1.82245,1.82245
815,0,0.367031,3.82901,4.19604
815,1,0,1.97953,1.97953
815,2,0,4.44443,4.44443
815,3,0,1.81646,1.81646
816,0,0.382708,3.30323,3.68594
816,1,0,2.4487,2.4487
816,2,0,1.80307,1.80307
816,3,0,4.50854,4.50854
817,0,0.534271,3.32537,3.85964
817,1,0,1.81589,1.81589
817,2,0,2.62641,2.62641
817,3,0,2.67891,2.67891
818,0,0.408021,5.16583,5.57385
818,1,0,1.80693,1.80693
818,2,0,2.59542,2.59542
818,3,0,1.83464,1.83464
819,0,0.525938,3.99005,4.51599
819,1,0,3.84203,3.84203
819,2,0,1.77912,1.77912
819,3,0,2.56635,2.56635
820,0,0.372656,4.19984,4.5725
820,1,0,4.05073,4.05073
820,2,0,1.82203,1.82203
820,3,0,2.56745,2.56745
821,0,0.532188,3.88266,4.41484
821,1,0,3.87057,3.87057
821,2,0,1.78463,1.78463
821,3,0,1.7474,1.7474
822,0,0.367864,4.12099,4.48885
822,1,0,4.73984,4.73984
822,2,0,1.82526,1.82526
822,3,0,1.76307,1.76307
823,0,0.360781,4.11146,4.47224
823,1,0,1.875,1.875
823,2,0,4.89193,4.89193
823,3,0,1.81698,1.81698
824,0,0.399479,4.08536,4.48484
824,1,0,1.83464,1.83464
824,2,0,4.55208,4.55208
824,3,0,1.80214,1.80214
825,0,0.371771,3.08682,3.45859
825,1,0,2.67755,2.67755
825,2,0,2.72552,2.72552
825,3,0,3.81792,3.81792
826,0,0.396667,3.15708,3.55375
826,1,0,1.78708,1.78708
826,2,0,2.56724,2.56724
826,3,0,2.93338,2.93338
827,0,0.465573,4.99953,5.4651
827,1,0,1.78359,1.78359
827,2,0,2.56495,2.56495
827,3,0,1.8075,1.8075
828,0,0.423802,5.68766,6.11146
828,1,0,1.78359,1.78359
828,2,0,1.8024,1.8024
828,3,0,2.5987,2.5987
829,0,0.440208,4.28406,4.72427
829,1,0,3.89172,3.89172
829,2,0,1.81922,1.81922
829,3,0,1.84385,1.84385
830,0,0.50401,3.63479,4.1388
830,1,0,4.81807,4.81807
830,2,0,1.79656,1.79656
830,3,0,1.79229,1.79229
831,0,0.39526,4.0637,4.45896
831,1,0,2.60073,2.60073
831,2,0,3.90818,3.90818
831,3,0,1.84141,1.84141
832,0,0.439688,4.04427,4.48396
832,1,0,1.82755,1.82755
832,2,0,4.75161,4.75161
832,3,0,1.81912,1.81912
833,0,0.47724,4.73135,5.20859
833,1,0,1.86781,1.86781
833,2,0,2.66896,2.66896
833,3,0,3.89307,3.89307
834,0,0.365885,3.28339,3.64927
834,1,0,2.40964,2.40964
834,2,0,1.80318,1.80318
834,3,0,4.68167,4.68167
835,0,0.517291,3.24198,3.75927
835,1,0,2.60141,2.60141
835,2,0,1.81318,1.81318
835,3,0,4.70042,4.70042
836,0,0.377135,3.24031,3.61745
836,1,0,2.11224,2.11224
836,2,0,2.65932,2.65932
836,3,0,1.92099,1.92099
837,0,0.504948,5.75865,6.26359
837,1,0,1.77849,1.77849
837,2,0,2.53495,2.53495
837,3,0,1.78359,1.78359
838,0,0.451198,4.05875,4.50995
838,1,0,3.98057,3.98057
838,2,0,1.83969,1.83969
838,3,0,2.57891,2.57891
839,0,0.396875,4.01313,4.41
839,1,0,3.9812,3.9812
839,2,0,2.04375,2.04375
839,3,0,2.66177,2.66177
840,0,0.578073,3.93068,4.50875
840,1,0,3.89609,3.89609
840,2,0,1.7837,1.7837
840,3,0,1.75125,1.75125
841,0,0.34724,4.14286,4.4901
841,1,0,4.63422,4.63422
841,2,0,1.82234,1.82234
841,3,0,1.77974,1.77974
842,0,0.360781,3.97865,4.33943
842,1,0,1.78865,1.78865
842,2,0,4.94802,4.94802
842,3,0,1.96609,1.96609
843,0,0.363281,4.22609,4.58938
843,1,0,1.78542,1.78542
843,2,0,4.6775,4.6775
843,3,0,1.78714,1.78714
844,0,0.348959,3.26469,3.61365
844,1,0,2.59708,2.59708
844,2,0,1.82818,1.82818
844,3,0,4.83432,4.83432
845,0,0.379323,3.22052,3.59984
845,1,0,2.55885,2.55885
845,2,0,1.89078,1.89078
845,3,0,2.5813,2.5813
846,0,0.551042,4.97932,5.53036
846,1,0,1.84667,1.84667
846,2,0,2.63172,2.63172
846,3,0,1.8388,1.8388
847,0,0.420104,5.65562,6.07573
847,1,0,1.82812,1.82812
847,2,0,1.84052,1.84052
847,3,0,2.62427,2.62427
848,0,0.515416,4.39271,4.90813
848,1,0,3.87474,3.87474
848,2,0,1.78521,1.78521
848,3,0,2.54193,2.54193
849,0,0.382604,4.22755,4.61016
849,1,0,3.99099,3.99099
849,2,0,1.84187,1.84187
849,3,0,1.75276,1.75276
850,0,0.768385,3.39922,4.1676
850,1,0,4.68521,4.68521
850,2,0,1.80365,1.80365
850,3,0,1.76917,1.76917
851,0,0.382552,4.07318,4.45573
851,1,0,2.66625,2.66625
851,2,0,3.88479,3.88479
851,3,0,1.78833,1.78833
852,0,0.356302,4.41547,4.77177
852,1,0,1.9076,1.9076
852,2,0,2.92682,2.92682
852,3,0,4.01224,4.01224
853,0,0.410886,4.03193,4.44281
853,1,0,1.81464,1.81464
853,2,0,4.70234,4.70234
853,3,0,1.7851,1.7851
854,0,0.357864,3.29562,3.65349
854,1,0,2.69495,2.69495
854,2,0,1.84099,1.84099
854,3,0,4.6912,4.6912
855,0,0.377604,3.1413,3.51891
855,1,0,1.81365,1.81365
855,2,0,2.71625,2.71625
855,3,0,2.76729,2.76729
856,0,0.484427,5.06719,5.55161
856,1,0,1.7774,1.7774
856,2,0,2.55625,2.55625
856,3,0,1.81802,1.81802
857,0,0.395625,5.68599,6.08161
857,1,0,1.80839,1.80839
857,2,0,1.82203,1.82203
857,3,0,2.60177,2.60177
858,0,0.51375,4.02109,4.53484
858,1,0,3.91281,3.91281
858,2,0,1.80422,1.80422
858,3,0,1.83448,1.83448
859,0,0.585469,4.66099,5.24646
859,1,0,3.98797,3.98797
859,2,0,1.80979,1.80979
859,3,0,1.77062,1.77062
860,0,0.351198,4.02542,4.37662
860,1,0,4.64766,4.64766
860,2,0,1.81937,1.81937
860,3,0,1.8599,1.8599
861,0,0.400052,4.13203,4.53208
861,1,0,1.84255,1.84255
861,2,0,4.7849,4.7849
861,3,0,2.08156,2.08156
862,0,0.791042,4.74995,5.54099
862,1,0,2.74943,2.74943
862,2,0,3.87812,3.87812
862,3,0,1.75318,1.75318
863,0,0.351197,4.38323,4.73443
863,1,0,1.85146,1.85146
863,2,0,4.59568,4.59568
863,3,0,1.92755,1.92755
864,0,0.397812,4.92865,5.32646
864,1,0,1.86745,1.86745
864,2,0,5.47984,5.47984
864,3,0,1.90677,1.90677
865,0,0.650416,4.2451,4.89552
865,1,0,2.00271,2.00271
865,2,0,3.2575,3.2575
865,3,0,3.90141,3.90141
866,0,0.685313,4.12922,4.81453
866,1,0,1.86542,1.86542
866,2,0,6.02167,6.02167
866,3,0,2.14667,2.14667
867,0,0.407865,4.29604,4.70391
867,1,0,2.63964,2.63964
867,2,0,4.98989,4.98989
867,3,0,1.89094,1.89094
868,0,0.384792,4.35729,4.74208
868,1,0,5.35354,5.35354
868,2,0,1.78865,1.78865
868,3,0,1.74516,1.74516
869,0,0.363698,4.14849,4.51219
869,1,0,2.69036,2.69036
869,2,0,4.61667,4.61667
869,3,0,1.78719,1.78719
870,0,0.352813,4.00979,4.36261
870,1,0,1.90859,1.90859
870,2,0,5.70812,5.70812
870,3,0,1.82307,1.82307
871,0,0.36849,4.15365,4.52214
871,1,0,1.79745,1.79745
871,2,0,5.4213,5.4213
871,3,0,1.78354,1.78354
872,0,0.358282,4.08615,4.44443
872,1,0,1.81766,1.81766
872,2,0,5.31672,5.31672
872,3,0,1.80875,1.80875
873,0,0.349791,3.9862,4.33599
873,1,0,1.8112,1.8112
873,2,0,5.79469,5.79469
873,3,0,1.85088,1.85088
874,0,0.416667,5.1476,5.56427
874,1,0,1.82245,1.82245
874,2,0,5.73604,5.73604
874,3,0,1.79578,1.79578
875,0,0.359427,4.48161,4.84104
875,1,0,3.00141,3.00141
875,2,0,4.7001,4.7001
875,3,0,1.7788,1.7788
876,0,0.368698,4.47109,4.83979
876,1,0,3.19354,3.19354
876,2,0,4.79984,4.79984
876,3,0,1.8863,1.8863
877,0,0.378281,4.42396,4.80224
877,1,0,5.82771,5.82771
877,2,0,1.79365,1.79365
877,3,0,1.7538,1.7538
878,0,0.449063,5.77943,6.22849
878,1,0,4.60479,4.60479
878,2,0,1.76766,1.76766
878,3,0,1.78932,1.78932
879,0,0.437864,5.38365,5.82151
879,1,0,4.66365,4.66365
879,2,0,1.78198,1.78198
879,3,0,1.75224,1.75224
880,0,0.446771,3.76844,4.21521
880,1,0,5.68401,5.68401
880,2,0,1.79901,1.79901
880,3,0,1.81318,1.81318
881,0,0.415416,5.62078,6.0362
881,1,0,4.60042,4.60042
881,2,0,1.81677,1.81677
881,3,0,1.83599,1.83599
882,0,0.548594,5.58458,6.13318
882,1,0,4.66526,4.66526
882,2,0,1.77198,1.77198
882,3,0,2.93302,2.93302
883,0,0.454843,6.85182,7.30667
883,1,0,1.83484,1.83484
883,2,0,1.81886,1.81886
883,3,0,2.97063,2.97063
884,0,0.441718,7.20719,7.64891
884,1,0,1.8388,1.8388
884,2,0,1.9225,1.9225
884,3,0,3.23766,3.23766
885,0,0.466771,6.7224,7.18917
885,1,0,1.79714,1.79714
885,2,0,1.75734,1.75734
885,3,0,2.94208,2.94208
886,0,0.415469,6.70766,7.12312
886,1,0,1.8662,1.8662
886,2,0,1.77031,1.77031
886,3,0,2.92703,2.92703
887,0,0.394948,5.11229,5.50724
887,1,0,4.13417,4.13417
887,2,0,2.01703,2.01703
887,3,0,3.04448,3.04448
888,0,0.506719,6.97083,7.47755
888,1,0,1.79354,1.79354
888,2,0,1.75833,1.75833
888,3,0,2.80953,2.80953
889,0,0.408542,6.64255,7.05109
889,1,0,1.81359,1.81359
889,2,0,1.76167,1.76167
889,3,0,2.93469,2.93469
890,0,0.419531,6.89828,7.31781
890,1,0,2.05344,2.05344
890,2,0,1.84073,1.84073
890,3,0,3.10641,3.10641
891,0,0.467343,7.06922,7.53656
891,1,0,1.80682,1.80682
891,2,0,2.92255,2.92255
891,3,0,2.00797,2.00797
892,0,0.400989,6.88396,7.28495
892,1,0,1.84614,1.84614
892,2,0,2.90719,2.90719
892,3,0,1.81901,1.81901
893,0,0.4,7.15073,7.55073
893,1,0,1.83177,1.83177
893,2,0,2.9737,2.9737
893,3,0,1.78615,1.78615
894,0,0.39401,6.67245,7.06646
894,1,0,1.76568,1.76568
894,2,0,3.18552,3.18552
894,3,0,1.96953,1.96953
895,0,0.67849,6.62245,7.30094
895,1,0,1.80875,1.80875
895,2,0,2.94979,2.94979
895,3,0,1.88068,1.88068
896,0,0.467604,6.89609,7.3637
896,1,0,1.85328,1.85328
896,2,0,2.91443,2.91443
896,3,0,1.78974,1.78974
897,0,0.400261,7.13661,7.53688
897,1,0,1.78677,1.78677
897,2,0,2.99948,2.99948
897,3,0,1.87203,1.87203
898,0,0.408646,6.88063,7.28927
898,1,0,1.79563,1.79563
898,2,0,3.03641,3.03641
898,3,0,1.9076,1.9076
899,0,0.508177,6.92286,7.43104
899,1,0,1.77844,1.77844
899,2,0,2.93703,2.93703
899,3,0,2.92589,2.92589
900,0,0.388854,5.6588,6.04766
900,1,0,1.76588,1.76588
900,2,0,3.05807,3.05807
900,3,0,1.84568,1.84568
901,0,0.437344,6.97125,7.40859
901,1,0,1.785,1.785
901,2,0,3.00813,3.00813
901,3,0,3.22203,3.22203
902,0,0.483386,5.4924,5.97578
902,1,0,1.7776,1.7776
902,2,0,2.94911,2.94911
902,3,0,5.72953,5.72953
903,0,0.371354,3.31349,3.68484
903,1,0,1.84599,1.84599
903,2,0,3.02974,3.02974
903,3,0,5.72531,5.72531
904,0,0.389792,3.99328,4.38307
904,1,0,3.26255,3.26255
904,2,0,3.12406,3.12406
904,3,0,4.65088,4.65088
905,0,0.388906,3.12151,3.51042
905,1,0,2.96271,2.96271
905,2,0,5.73688,5.73688
905,3,0,1.79052,1.79052
906,0,0.838073,4.42802,5.26609
906,1,0,1.84625,1.84625
906,2,0,5.63448,5.63448
906,3,0,1.83177,1.83177
907,0,0.407187,4.73359,5.14078
907,1,0,1.84703,1.84703
907,2,0,5.86984,5.86984
907,3,0,1.77536,1.77536
908,0,0.357917,4.58182,4.93974
908,1,0,5.72099,5.72099
908,2,0,1.86182,1.86182
908,3,0,1.82859,1.82859
909,0,0.389375,4.3851,4.77448
909,1,0,5.85219,5.85219
909,2,0,2.23359,2.23359
909,3,0,1.97521,1.97521
910,0,0.406198,4.52088,4.92708
910,1,0,5.7426,5.7426
910,2,0,1.78411,1.78411
910,3,0,1.74401,1.74401
911,0,0.889167,4.99922,5.88839
911,1,0,4.67115,4.67115
911,2,0,2.73901,2.73901
911,3,0,3.03422,3.03422
912,0,0.394583,5.41193,5.80651
912,1,0,4.22427,4.22427
912,2,0,1.82266,1.82266
912,3,0,3.08812,3.08812
913,0,0.447865,6.84417,7.29203
913,1,0,1.77021,1.77021
913,2,0,1.75167,1.75167
913,3,0,2.80448,2.80448
914,0,0.645209,6.49427,7.13948
914,1,0,1.815,1.815
914,2,0,1.7574,1.7574
914,3,0,2.93786,2.93786
915,0,0.443437,7.02708,7.47052
915,1,0,1.84719,1.84719
915,2,0,1.80339,1.80339
915,3,0,2.99021,2.99021
916,0,0.415937,7.15021,7.56614
916,1,0,1.77917,1.77917
916,2,0,1.75417,1.75417
916,3,0,2.82984,2.82984
917,0,0.403489,6.90208,7.30557
917,1,0,1.79646,1.79646
917,2,0,1.74729,1.74729
917,3,0,2.9274,2.9274
918,0,0.425834,6.99552,7.42136
918,1,0,1.85495,1.85495
918,2,0,1.80823,1.80823
918,3,0,2.96667,2.96667
919,0,0.4325,7.09547,7.52797
919,1,0,1.79552,1.79552
919,2,0,1.80609,1.80609
919,3,0,2.78531,2.78531
920,0,0.468281,5.18594,5.65422
920,1,0,3.8763,3.8763
920,2,0,2.91328,2.91328
920,3,0,1.86745,1.86745
921,0,0.498021,6.94734,7.44536
921,1,0,1.83161,1.83161
921,2,0,2.91516,2.91516
921,3,0,1.78016,1.78016
922,0,0.389948,6.75177,7.14172
922,1,0,1.76771,1.76771
922,2,0,3.03271,3.03271
922,3,0,1.88771,1.88771
923,0,1.8149,5.0513,6.8662
923,1,0,1.76917,1.76917
923,2,0,1.74901,1.74901
923,3,0,3.06729,3.06729
924,0,0.5125,7.2424,7.7549
924,1,0,1.79766,1.79766
924,2,0,2.95792,2.95792
924,3,0,1.83922,1.83922
925,0,0.443646,6.68875,7.1324
925,1,0,1.80089,1.80089
925,2,0,3.0213,3.0213
925,3,0,1.82609,1.82609
926,0,0.415208,7.07755,7.49276
926,1,0,1.78521,1.78521
926,2,0,3.11365,3.11365
926,3,0,2.19203,2.19203
927,0,0.742292,6.75505,7.49734
927,1,0,1.77292,1.77292
927,2,0,2.92188,2.92188
927,3,0,1.81047,1.81047
928,0,0.68875,6.52016,7.20891
928,1,0,1.8862,1.8862
928,2,0,2.9887,2.9887
928,3,0,1.79823,1.79823
929,0,0.407604,6.84563,7.25323
929,1,0,1.84698,1.84698
929,2,0,3.33615,3.33615
929,3,0,3.03094,3.03094
930,0,0.510052,5.55161,6.06167
930,1,0,1.77161,1.77161
930,2,0,2.93182,2.93182
930,3,0,5.73385,5.73385
931,0,0.374688,3.38464,3.75932
931,1,0,1.81922,1.81922
931,2,0,2.98818,2.98818
931,3,0,5.74167,5.74167
932,0,0.416197,3.44661,3.86281
932,1,0,3.165,3.165
932,2,0,1.98526,1.98526
932,3,0,5.88786,5.88786
933,0,0.376302,3.22953,3.60583
933,1,0,2.93,2.93
933,2,0,1.78438,1.78438
933,3,0,5.83047,5.83047
934,0,0.408333,3.11109,3.51943
934,1,0,2.95104,2.95104
934,2,0,5.76276,5.76276
934,3,0,1.84604,1.84604
935,0,0.51474,3.35172,3.86646
935,1,0,2.88901,2.88901
935,2,0,5.87292,5.87292
935,3,0,1.79073,1.79073
936,0,0.360782,4.43984,4.80063
936,1,0,1.91396,1.91396
936,2,0,5.81849,5.81849
936,3,0,1.8074,1.8074
937,0,0.366563,4.27234,4.63891
937,1,0,1.79057,1.79057
937,2,0,6.04,6.04
937,3,0,1.95651,1.95651
938,0,0.371927,4.47708,4.84901
938,1,0,2.93963,2.93963
938,2,0,4.57552,4.57552
938,3,0,1.78552,1.78552
939,0,0.360834,4.44672,4.80755
939,1,0,3.00005,3.00005
939,2,0,4.63708,4.63708
939,3,0,1.80698,1.80698
940,0,0.368698,4.29271,4.66141
940,1,0,6.03646,6.03646
940,2,0,1.84516,1.84516
940,3,0,1.80964,1.80964
941,0,0.400625,4.44755,4.84818
941,1,0,5.72646,5.72646
941,2,0,1.79396,1.79396
941,3,0,1.74557,1.74557
942,0,0.35974,4.7238,5.08354
942,1,0,5.75786,5.75786
942,2,0,1.78662,1.78662
942,3,0,1.74943,1.74943
943,0,0.382344,5.48729,5.86964
943,1,0,4.76854,4.76854
943,2,0,1.82693,1.82693
943,3,0,1.76932,1.76932
944,0,0.423542,5.06891,5.49245
944,1,0,4.58172,4.58172
944,2,0,1.77609,1.77609
944,3,0,1.76109,1.76109
945,0,0.370625,5.49589,5.86651
945,1,0,4.59448,4.59448
945,2,0,1.79469,1.79469
945,3,0,1.75172,1.75172
946,0,0.543021,5.54984,6.09286
946,1,0,4.66802,4.66802
946,2,0,1.81193,1.81193
946,3,0,2.93828,2.93828
947,0,0.388333,3.20453,3.59286
947,1,0,5.73026,5.73026
947,2,0,1.79042,1.79042
947,3,0,3.03521,3.03521
948,0,0.520156,5.14557,5.66573
948,1,0,3.90146,3.90146
948,2,0,1.76109,1.76109
948,3,0,3.08219,3.08219
949,0,0.692708,6.82063,7.51333
949,1,0,1.81812,1.81812
949,2,0,1.78141,1.78141
949,3,0,3.01573,3.01573
950,0,0.416354,7.05349,7.46984
950,1,0,1.82172,1.82172
950,2,0,2.3787,2.3787
950,3,0,2.73312,2.73312
951,0,0.416041,6.88052,7.29656
951,1,0,1.84849,1.84849
951,2,0,1.86151,1.86151
951,3,0,3.28667,3.28667
952,0,0.437135,6.95136,7.38849
952,1,0,1.82604,1.82604
952,2,0,2.9838,2.9838
952,3,0,1.82036,1.82036
953,0,0.400416,6.61453,7.01495
953,1,0,1.83568,1.83568
953,2,0,2.95932,2.95932
953,3,0,1.86208,1.86208
954,0,0.40724,6.64667,7.05391
954,1,0,1.82583,1.82583
954,2,0,3.32052,3.32052
954,3,0,1.84672,1.84672
955,0,0.52,6.84286,7.36287
955,1,0,1.78005,1.78005
955,2,0,2.9225,2.9225
955,3,0,1.79104,1.79104
956,0,0.398802,6.7424,7.1412
956,1,0,1.81266,1.81266
956,2,0,2.96745,2.96745
956,3,0,1.82031,1.82031
957,0,0.387292,7.13495,7.52224
957,1,0,2.12432,2.12432
957,2,0,3.05901,3.05901
957,3,0,1.87813,1.87813
958,0,0.420885,6.82135,7.24224
958,1,0,1.77203,1.77203
958,2,0,2.91828,2.91828
958,3,0,1.77964,1.77964
959,0,0.424687,6.84156,7.26625
959,1,0,1.80818,1.80818
959,2,0,2.92609,2.92609
959,3,0,1.82323,1.82323
960,0,0.392865,7.14917,7.54203
960,1,0,1.84698,1.84698
960,2,0,3.08885,3.08885
960,3,0,1.80297,1.80297
961,0,0.47849,7.2225,7.70099
961,1,0,1.77443,1.77443
961,2,0,2.96266,2.96266
961,3,0,5.85297,5.85297
962,0,0.432708,3.26349,3.6962
962,1,0,1.79948,1.79948
962,2,0,2.73662,2.73662
962,3,0,6.05089,6.05089
963,0,0.420834,3.26568,3.68651
963,1,0,3.05995,3.05995
963,2,0,1.81474,1.81474
963,3,0,5.64865,5.64865
964,0,0.370781,3.1526,3.52339
964,1,0,2.95599,2.95599
964,2,0,1.8674,1.8674
964,3,0,5.64109,5.64109
965,0,0.385937,3.40714,3.79307
965,1,0,2.92885,2.92885
965,2,0,6.08328,6.08328
965,3,0,1.85344,1.85344
966,0,0.39224,3.17083,3.56307
966,1,0,2.96719,2.96719
966,2,0,5.75391,5.75391
966,3,0,1.79099,1.79099
967,0,0.358386,4.6313,4.98969
967,1,0,1.93953,1.93953
967,2,0,5.62542,5.62542
967,3,0,1.80443,1.80443
968,0,0.352552,4.21958,4.57214
968,1,0,1.8763,1.8763
968,2,0,5.90813,5.90813
968,3,0,1.85359,1.85359
969,0,0.404063,4.42625,4.83031
969,1,0,1.84365,1.84365
969,2,0,5.80537,5.80537
969,3,0,1.78406,1.78406
970,0,0.365677,4.53156,4.89724
970,1,0,3.04266,3.04266
970,2,0,4.55641,4.55641
970,3,0,1.79859,1.79859
971,0,0.354167,4.53271,4.88687
971,1,0,3.21839,3.21839
971,2,0,4.75875,4.75875
971,3,0,1.78719,1.78719
972,0,0.364114,4.58125,4.94536
972,1,0,5.74088,5.74088
972,2,0,1.80021,1.80021
972,3,0,1.83443,1.83443
973,0,0.4175,4.41839,4.83589
973,1,0,5.73672,5.73672
973,2,0,1.78307,1.78307
973,3,0,1.80339,1.80339
974,0,0.431979,5.85672,6.2887
974,1,0,4.62094,4.62094
974,2,0,1.77547,1.77547
974,3,0,1.76646,1.76646
975,0,0.434636,4.92719,5.36182
975,1,0,4.59245,4.59245
975,2,0,1.87948,1.87948
975,3,0,1.83771,1.83771
976,0,0.711771,5.24766,5.95943
976,1,0,4.6,4.6
976,2,0,1.8737,1.8737
976,3,0,1.9675,1.9675
977,0,0.603698,5.10651,5.71021
977,1,0,4.62484,4.62484
977,2,0,1.77448,1.77448
977,3,0,2.88589,2.88589
978,0,0.450938,6.77463,7.22557
978,1,0,1.84552,1.84552
978,2,0,1.80089,1.80089
978,3,0,2.95125,2.95125
979,0,0.387396,7.31995,7.70734
979,1,0,1.85755,1.85755
979,2,0,2.00536,2.00536
979,3,0,3.07234,3.07234
980,0,0.457812,7.19323,7.65104
980,1,0,1.79161,1.79161
980,2,0,1.75484,1.75484
980,3,0,2.93438,2.93438
981,0,0.416875,6.8725,7.28937
981,1,0,1.82302,1.82302
981,2,0,1.80552,1.80552
981,3,0,2.94719,2.94719
982,0,0.423281,6.82891,7.25219
982,1,0,2.05833,2.05833
982,2,0,1.79854,1.79854
982,3,0,3.07911,3.07911
983,0,0.415885,5.08552,5.50141
983,1,0,3.90484,3.90484
983,2,0,1.77516,1.77516
983,3,0,2.82901,2.82901
984,0,0.66724,6.6826,7.34984
984,1,0,1.80823,1.80823
984,2,0,1.76724,1.76724
984,3,0,2.94682,2.94682
985,0,0.424687,7.04141,7.46609
985,1,0,1.82927,1.82927
985,2,0,1.78844,1.78844
985,3,0,3.00099,3.00099
986,0,0.40849,6.76073,7.16922
986,1,0,1.78552,1.78552
986,2,0,1.75089,1.75089
986,3,0,2.98599,2.98599
987,0,0.455625,6.6326,7.08823
987,1,0,1.79802,1.79802
987,2,0,1.74745,1.74745
987,3,0,2.94734,2.94734
988,0,0.402552,7.1288,7.53135
988,1,0,1.86526,1.86526
988,2,0,1.79365,1.79365
988,3,0,2.95323,2.95323
989,0,0.386667,7.22583,7.6125
989,1,0,1.79302,1.79302
989,2,0,1.77489,1.77489
989,3,0,2.91094,2.91094
990,0,0.95,7.14614,8.09614
990,1,0,1.80276,1.80276
990,2,0,2.94198,2.94198
990,3,0,1.89328,1.89328
991,0,0.87448,6.85963,7.73412
991,1,0,1.78365,1.78365
991,2,0,2.92713,2.92713
991,3,0,1.81797,1.81797
992,0,0.422448,6.66776,7.09021
992,1,0,1.79495,1.79495
992,2,0,3.07297,3.07297
992,3,0,1.86292,1.86292
993,0,0.4775,6.70563,7.18313
993,1,0,1.77193,1.77193
993,2,0,1.79573,1.79573
993,3,0,2.95104,2.95104
994,0,0.588541,6.79672,7.38526
994,1,0,1.77927,1.77927
994,2,0,2.92833,2.92833
994,3,0,1.77886,1.77886
995,0,0.399062,7.11802,7.51708
995,1,0,1.81125,1.81125
995,2,0,3.83281,3.83281
995,3,0,5.67292,5.67292
996,0,0.384479,3.46104,3.84552
996,1,0,3.18385,3.18385
996,2,0,2.0812,2.0812
996,3,0,5.86344,5.86344
997,0,0.375469,3.24859,3.62406
997,1,0,2.95307,2.95307
997,2,0,2.94859,2.94859
997,3,0,4.60948,4.60948
998,0,0.362083,3.15667,3.51875
998,1,0,3.00964,3.00964
998,2,0,5.83255,5.83255
998,3,0,1.78469,1.78469
999,0,0.417031,3.36484,3.78187
999,1,0,3.00062,3.00062
999,2,0,5.81766,5.81766
999,3,0,1.79177,1.79177
1000,0,0.350625,4.39734,4.74797
1000,1,0,1.7912,1.7912
1000,2,0,5.64385,5.64385
1000,3,0,1.83828,1.83828
1001,0,0.407239,4.31516,4.72239
1001,1,0,1.80677,1.80677
1001,2,0,5.84031,5.84031
1001,3,0,1.87333,1.87333
1002,0,0.43599,4.41849,4.85448
1002,1,0,3.10906,3.10906
1002,2,0,4.5513,4.5513
1002,3,0,1.79906,1.79906
1003,0,0.367447,4.35141,4.71885
1003,1,0,2.92797,2.92797
1003,2,0,4.70026,4.70026
1003,3,0,1.80484,1.80484
1004,0,0.366458,4.44344,4.8099
1004,1,0,5.77099,5.77099
1004,2,0,1.87661,1.87661
1004,3,0,2.02031,2.02031
1005,0,0.367865,4.58443,4.95229
1005,1,0,5.71271,5.71271
1005,2,0,1.79943,1.79943
1005,3,0,1.74745,1.74745
1006,0,0.358385,4.58636,4.94474
1006,1,0,5.88109,5.88109
1006,2,0,1.83297,1.83297
1006,3,0,1.75375,1.75375
1007,0,0.368281,4.1687,4.53698
1007,1,0,5.99422,5.99422
1007,2,0,1.87885,1.87885
1007,3,0,1.78713,1.78713
1008,0,0.596198,4.98214,5.57833
1008,1,0,4.59385,4.59385
1008,2,0,1.77547,1.77547
1008,3,0,1.76021,1.76021
1009,0,0.430782,5.24328,5.67406
1009,1,0,4.63203,4.63203
1009,2,0,1.7999,1.7999
1009,3,0,1.76104,1.76104
1010,0,0.448229,5.5275,5.97573
1010,1,0,4.8663,4.8663
1010,2,0,1.83396,1.83396
1010,3,0,3.00141,3.00141
1011,0,0.450885,4.39193,4.84281
1011,1,0,4.72146,4.72146
1011,2,0,1.75943,1.75943
1011,3,0,2.93047,2.93047
1012,0,0.442084,6.91125,7.35333
1012,1,0,1.79974,1.79974
1012,2,0,1.75234,1.75234
1012,3,0,2.9349,2.9349
1013,0,0.415729,7.06495,7.48068
1013,1,0,1.84557,1.84557
1013,2,0,1.78568,1.78568
1013,3,0,2.93094,2.93094
1014,0,0.48802,7.07636,7.56438
1014,1,0,1.7751,1.7751
1014,2,0,1.75906,1.75906
1014,3,0,3.01083,3.01083
1015,0,0.924584,6.73057,7.65516
1015,1,0,1.80828,1.80828
1015,2,0,1.7499,1.7499
1015,3,0,3.02047,3.02047
1016,0,0.508229,7.25219,7.76042
1016,1,0,1.8463,1.8463
1016,2,0,1.78458,1.78458
1016,3,0,2.79568,2.79568
1017,0,0.419583,7.60224,8.02182
1017,1,0,1.78411,1.78411
1017,2,0,3.1275,3.1275
1017,3,0,1.8776,1.8776
1018,0,0.42,6.72682,7.14682
1018,1,0,1.77359,1.77359
1018,2,0,3.00083,3.00083
1018,3,0,2.09802,2.09802
1019,0,0.502083,7.07313,7.57521
1019,1,0,1.7738,1.7738
1019,2,0,2.92302,2.92302
1019,3,0,1.76719,1.76719
1020,0,0.404427,6.72948,7.13391
1020,1,0,1.81865,1.81865
1020,2,0,3.00563,3.00563
1020,3,0,1.81896,1.81896
1021,0,0.736875,6.74771,7.48458
1021,1,0,1.83516,1.83516
1021,2,0,3.41875,3.41875
1021,3,0,3.00823,3.00823
1022,0,0.518542,5.60865,6.12719
1022,1,0,1.77375,1.77375
1022,2,0,2.96,2.96
1022,3,0,5.71599,5.71599
1023,0,0.37802,3.31693,3.69495
1023,1,0,1.82068,1.82068
1023,2,0,2.89208,2.89208
1023,3,0,5.72266,5.72266
1024,0,0.373906,3.29943,3.67333
1024,1,0,3.35188,3.35188
1024,2,0,1.88375,1.88375
1024,3,0,5.90036,5.90036
1025,0,0.364167,3.9276,4.29177
1025,1,0,2.73401,2.73401
1025,2,0,5.84583,5.84583
1025,3,0,1.84552,1.84552
1026,0,0.398541,4.54859,4.94714
1026,1,0,1.85682,1.85682
1026,2,0,5.69323,5.69323
1026,3,0,1.83719,1.83719
1027,0,0.57599,4.51063,5.08662
1027,1,0,1.8674,1.8674
1027,2,0,5.74563,5.74563
1027,3,0,1.7801,1.7801
1028,0,0.357396,4.38115,4.73854
1028,1,0,2.9901,2.9901
1028,2,0,4.65693,4.65693
1028,3,0,1.82432,1.82432
1029,0,0.392344,4.74682,5.13917
1029,1,0,5.665,5.665
1029,2,0,2.03948,2.03948
1029,3,0,1.82354,1.82354
1030,0,0.365104,4.44484,4.80995
1030,1,0,5.7299,5.7299
1030,2,0,1.79151,1.79151
1030,3,0,1.74036,1.74036
1031,0,0.34724,4.57286,4.9201
1031,1,0,5.94135,5.94135
1031,2,0,1.80896,1.80896
1031,3,0,1.75948,1.75948
1032,0,0.800938,5.18161,5.98255
1032,1,0,4.86354,4.86354
1032,2,0,1.81729,1.81729
1032,3,0,1.82625,1.82625
1033,0,0.419844,5.37125,5.79109
1033,1,0,4.59667,4.59667
1033,2,0,1.77422,1.77422
1033,3,0,1.75599,1.75599
1034,0,0.422292,5.19667,5.61896
1034,1,0,4.59432,4.59432
1034,2,0,1.79182,1.79182
1034,3,0,1.75115,1.75115
1035,0,0.417291,5.22443,5.64172
1035,1,0,4.80031,4.80031
1035,2,0,1.8263,1.8263
1035,3,0,1.77172,1.77172
1036,0,0.377136,4.86333,5.24047
1036,1,0,4.57927,4.57927
1036,2,0,1.78766,1.78766
1036,3,0,1.76859,1.76859
1037,0,0.3575,5.65068,6.00818
1037,1,0,4.56115,4.56115
1037,2,0,1.79682,1.79682
1037,3,0,1.74604,1.74604
1038,0,0.356302,5.75927,6.11557
1038,1,0,4.67599,4.67599
1038,2,0,1.81292,1.81292
1038,3,0,2.92474,2.92474
1039,0,0.40224,4.32828,4.73052
1039,1,0,4.77281,4.77281
1039,2,0,1.79953,1.79953
1039,3,0,3.035,3.035
1040,0,0.448177,5.37,5.81818
1040,1,0,3.88297,3.88297
1040,2,0,1.77521,1.77521
1040,3,0,3.12219,3.12219
1041,0,0.58125,7.47292,8.05417
1041,1,0,1.795,1.795
1041,2,0,2.92172,2.92172
1041,3,0,1.80448,1.80448
1042,0,0.372708,6.73885,7.11156
1042,1,0,1.84052,1.84052
1042,2,0,1.88344,1.88344
1042,3,0,2.89214,2.89214
1043,0,0.425209,6.76495,7.19016
1043,1,0,1.80474,1.80474
1043,2,0,1.82333,1.82333
1043,3,0,3.3574,3.3574
1044,0,0.44625,7.10771,7.55396
1044,1,0,1.79911,1.79911
1044,2,0,2.94708,2.94708
1044,3,0,1.80604,1.80604
1045,0,0.687031,6.64375,7.33078
1045,1,0,1.85255,1.85255
1045,2,0,2.97979,2.97979
1045,3,0,1.82156,1.82156
1046,0,0.745157,6.61141,7.35656
1046,1,0,1.84484,1.84484
1046,2,0,3.24469,3.24469
1046,3,0,3.05287,3.05287
1047,0,0.514323,5.47401,5.98833
1047,1,0,1.77453,1.77453
1047,2,0,2.91828,2.91828
1047,3,0,1.80385,1.80385
1048,0,0.429167,7.49083,7.92
1048,1,0,1.81505,1.81505
1048,2,0,2.95458,2.95458
1048,3,0,2.95151,2.95151
1049,0,0.437292,5.66562,6.10292
1049,1,0,2.02604,2.02604
1049,2,0,3.05417,3.05417
1049,3,0,2.98911,2.98911
1050,0,0.514271,5.54219,6.05646
1050,1,0,2.05292,2.05292
1050,2,0,2.75005,2.75005
1050,3,0,5.79427,5.79427
1051,0,0.407083,3.10922,3.5163
1051,1,0,1.81724,1.81724
1051,2,0,2.88443,2.88443
1051,3,0,4.95714,4.95714
1052,0,0.465365,3.65656,4.12193
1052,1,0,1.77911,1.77911
1052,2,0,3.06849,3.06849
1052,3,0,2.94167,2.94167
1053,0,0.449947,5.62688,6.07682
1053,1,0,1.77156,1.77156
1053,2,0,2.95609,2.95609
1053,3,0,3.08198,3.08198
1054,0,0.489844,5.75438,6.24422
1054,1,0,1.78912,1.78912
1054,2,0,2.96115,2.96115
1054,3,0,5.9149,5.9149
1055,0,0.418125,3.59135,4.00948
1055,1,0,2.97661,2.97661
1055,2,0,1.82349,1.82349
1055,3,0,5.62625,5.62625
1056,0,0.364219,3.16323,3.52745
1056,1,0,3.0037,3.0037
1056,2,0,2.99229,2.99229
1056,3,0,4.60292,4.60292
1057,0,0.379167,3.21052,3.58969
1057,1,0,2.93599,2.93599
1057,2,0,3.01745,3.01745
1057,3,0,4.78521,4.78521
1058,0,0.39677,3.3376,3.73438
1058,1,0,2.93214,2.93214
1058,2,0,2.94719,2.94719
1058,3,0,4.61505,4.61505
1059,0,0.371354,4.64401,5.01536
1059,1,0,1.85755,1.85755
1059,2,0,5.9288,5.9288
1059,3,0,1.80516,1.80516
1060,0,0.360781,4.60833,4.96911
1060,1,0,3.18443,3.18443
1060,2,0,4.71531,4.71531
1060,3,0,1.79974,1.79974
1061,0,0.357553,4.39917,4.75672
1061,1,0,5.88479,5.88479
1061,2,0,1.80432,1.80432
1061,3,0,1.76661,1.76661
1062,0,0.365365,5.21865,5.58401
1062,1,0,5.22438,5.22438
1062,2,0,1.78646,1.78646
1062,3,0,1.75573,1.75573
1063,0,0.372032,6.10474,6.47677
1063,1,0,4.66568,4.66568
1063,2,0,1.78255,1.78255
1063,3,0,1.76594,1.76594
1064,0,0.785365,5.17427,5.95964
1064,1,0,4.61667,4.61667
1064,2,0,1.79349,1.79349
1064,3,0,1.82214,1.82214
1065,0,0.453177,5.23885,5.69203
1065,1,0,4.55859,4.55859
1065,2,0,1.78182,1.78182
1065,3,0,1.79489,1.79489
1066,0,0.417396,5.56313,5.98052
1066,1,0,4.64635,4.64635
1066,2,0,1.7638,1.7638
1066,3,0,1.7413,1.7413
1067,0,0.39125,4.95974,5.35099
1067,1,0,4.61578,4.61578
1067,2,0,1.83891,1.83891
1067,3,0,1.7913,1.7913
1068,0,0.369323,5.38578,5.7551
1068,1,0,4.60245,4.60245
1068,2,0,1.8537,1.8537
1068,3,0,1.92359,1.92359
1069,0,0.501875,5.29458,5.79646
1069,1,0,4.61083,4.61083
1069,2,0,1.80484,1.80484
1069,3,0,1.7549,1.7549
1070,0,0.38375,5.22333,5.60708
1070,1,0,4.69385,4.69385
1070,2,0,1.83047,1.83047
1070,3,0,1.78641,1.78641
1071,0,0.413177,5.01307,5.42625
1071,1,0,4.63042,4.63042
1071,2,0,1.94516,1.94516
1071,3,0,2.04151,2.04151
1072,0,0.43474,5.20135,5.63609
1072,1,0,4.56635,4.56635
1072,2,0,1.82234,1.82234
1072,3,0,1.7925,1.7925
1073,0,0.414323,4.89229,5.30661
1073,1,0,4.66995,4.66995
1073,2,0,1.81812,1.81812
1073,3,0,1.77396,1.77396
1074,0,0.402291,5.57781,5.9801
1074,1,0,4.77463,4.77463
1074,2,0,1.97693,1.97693
1074,3,0,3.05443,3.05443
1075,0,0.509583,4.36406,4.87365
1075,1,0,4.58609,4.58609
1075,2,0,1.78458,1.78458
1075,3,0,2.93338,2.93338
1076,0,0.463125,4.51068,4.9738
1076,1,0,4.78891,4.78891
1076,2,0,1.82167,1.82167
1076,3,0,2.97318,2.97318
1077,0,0.461303,6.92198,7.38328
1077,1,0,1.83891,1.83891
1077,2,0,1.81146,1.81146
1077,3,0,3.02573,3.02573
1078,0,0.470938,6.99109,7.46203
1078,1,0,1.80234,1.80234
1078,2,0,1.77182,1.77182
1078,3,0,2.98927,2.98927
1079,0,0.564427,7.38239,7.94682
1079,1,0,1.88755,1.88755
1079,2,0,3.09776,3.09776
1079,3,0,3.16552,3.16552
1080,0,0.63125,5.82771,6.45896
1080,1,0,1.91849,1.91849
1080,2,0,3.07328,3.07328
1080,3,0,3.05911,3.05911
1081,0,0.419531,5.51891,5.93844
1081,1,0,1.85547,1.85547
1081,2,0,3.24109,3.24109
1081,3,0,3.37917,3.37917
1082,0,0.482395,5.61167,6.09406
1082,1,0,3.03672,3.03672
1082,2,0,1.88109,1.88109
1082,3,0,3.23385,3.23385
1083,0,0.56802,5.47787,6.04589
1083,1,0,3.01484,3.01484
1083,2,0,3.02932,3.02932
1083,3,0,4.65807,4.65807
1084,0,0.379792,3.12828,3.50807
1084,1,0,3.24646,3.24646
1084,2,0,3.29802,3.29802
1084,3,0,4.64031,4.64031
1085,0,0.3875,3.43427,3.82177
1085,1,0,2.89182,2.89182
1085,2,0,3.31573,3.31573
1085,3,0,4.64781,4.64781
1086,0,0.305,4.31094,4.61594
1086,1,0,2.98958,2.98958
1086,2,0,4.58161,4.58161
1086,3,0,1.77365,1.77365
1087,0,0.363073,4.49177,4.85484
1087,1,0,2.99057,2.99057
1087,2,0,4.58594,4.58594
1087,3,0,1.75693,1.75693
1088,0,0.355052,4.69771,5.05276
1088,1,0,3.14359,3.14359
1088,2,0,4.63057,4.63057
1088,3,0,1.77745,1.77745
1089,0,0.37125,4.77677,5.14802
1089,1,0,5.87917,5.87917
1089,2,0,1.7913,1.7913
1089,3,0,1.83031,1.83031
1090,0,0.402292,5.48875,5.89104
1090,1,0,4.68594,4.68594
1090,2,0,1.80432,1.80432
1090,3,0,1.80609,1.80609
1091,0,0.401823,5.77891,6.18073
1091,1,0,4.59781,4.59781
1091,2,0,1.78557,1.78557
1091,3,0,1.75479,1.75479
1092,0,0.393334,5.38391,5.77724
1092,1,0,4.65484,4.65484
1092,2,0,1.84521,1.84521
1092,3,0,1.77109,1.77109
1093,0,0.378385,5.49964,5.87802
1093,1,0,4.64599,4.64599
1093,2,0,1.89245,1.89245
1093,3,0,3.23026,3.23026
1094,0,0.455209,4.34745,4.80266
1094,1,0,4.58984,4.58984
1094,2,0,1.75583,1.75583
1094,3,0,2.90948,2.90948
1095,0,0.379271,4.59568,4.97495
1095,1,0,4.65151,4.65151
1095,2,0,1.8363,1.8363
1095,3,0,2.93297,2.93297
1096,0,0.385781,4.29406,4.67984
1096,1,0,4.9075,4.9075
1096,2,0,1.90604,1.90604
1096,3,0,3.07698,3.07698
1097,0,0.427239,7.15198,7.57922
1097,1,0,1.77615,1.77615
1097,2,0,2.91,2.91
1097,3,0,1.77958,1.77958
1098,0,0.4325,6.93599,7.36849
1098,1,0,1.80328,1.80328
1098,2,0,1.75396,1.75396
1098,3,0,2.79729,2.79729
1099,0,0.416667,7.12448,7.54115
1099,1,0,1.83896,1.83896
1099,2,0,1.78719,1.78719
1099,3,0,2.90354,2.90354
1100,0,0.461303,6.96948,7.43078
1100,1,0,1.80651,1.80651
1100,2,0,1.75042,1.75042
1100,3,0,2.76266,2.76266
1101,0,0.388125,5.18281,5.57094
1101,1,0,3.8963,3.8963
1101,2,0,2.90864,2.90864
1101,3,0,1.77656,1.77656
1102,0,0.445625,7.08359,7.52922
1102,1,0,1.84573,1.84573
1102,2,0,2.94417,2.94417
1102,3,0,1.79906,1.79906
1103,0,0.441667,6.65401,7.09568
1103,1,0,1.76531,1.76531
1103,2,0,1.77365,1.77365
1103,3,0,2.81922,2.81922
1104,0,0.496041,5.28516,5.7812
1104,1,0,3.90162,3.90162
1104,2,0,2.93037,2.93037
1104,3,0,3.03505,3.03505
1105,0,0.454218,5.93745,6.39167
1105,1,0,1.81635,1.81635
1105,2,0,2.92563,2.92563
1105,3,0,3.02375,3.02375
1106,0,0.408021,5.52297,5.93099
1106,1,0,1.79677,1.79677
1106,2,0,3.04562,3.04562
1106,3,0,3.01948,3.01948
1107,0,0.411458,5.63323,6.04469
1107,1,0,1.78062,1.78062
1107,2,0,3.00094,3.00094
1107,3,0,3.19958,3.19958
1108,0,0.54974,6.01187,6.56161
1108,1,0,1.77036,1.77036
1108,2,0,2.92417,2.92417
1108,3,0,2.95682,2.95682
1109,0,0.404843,5.67203,6.07688
1109,1,0,1.81875,1.81875
1109,2,0,3.02036,3.02036
1109,3,0,2.95776,2.95776
1110,0,0.417187,5.62026,6.03745
1110,1,0,1.80099,1.80099
1110,2,0,3.11995,3.11995
1110,3,0,3.21333,3.21333
1111,0,0.440052,5.59953,6.03958
1111,1,0,1.79021,1.79021
1111,2,0,2.93505,2.93505
1111,3,0,2.96479,2.96479
1112,0,0.403854,5.47234,5.8762
1112,1,0,1.85953,1.85953
1112,2,0,2.99865,2.99865
1112,3,0,2.96292,2.96292
1113,0,0.411094,5.75875,6.16984
1113,1,0,1.86974,1.86974
1113,2,0,3.2901,3.2901
1113,3,0,3.02177,3.02177
1114,0,0.563386,5.5649,6.12828
1114,1,0,1.78641,1.78641
1114,2,0,2.93427,2.93427
1114,3,0,2.94516,2.94516
1115,0,0.395886,5.61167,6.00755
1115,1,0,1.83885,1.83885
1115,2,0,2.97187,2.97187
1115,3,0,2.94901,2.94901
1116,0,0.396145,5.73937,6.13552
1116,1,0,2.05604,2.05604
1116,2,0,3.03714,3.03714
1116,3,0,3.05245,3.05245
1117,0,0.499583,5.48573,5.98531
1117,1,0,1.79693,1.79693
1117,2,0,2.96937,2.96937
1117,3,0,3.02094,3.02094
1118,0,0.49526,5.84115,6.33641
1118,1,0,1.82594,1.82594
1118,2,0,2.96687,2.96687
1118,3,0,2.94229,2.94229
1119,0,0.425625,6.12729,6.55292
1119,1,0,3.01875,3.01875
1119,2,0,2.96948,2.96948
1119,3,0,4.74818,4.74818
1120,0,0.374323,3.14635,3.52068
1120,1,0,2.95271,2.95271
1120,2,0,2.97328,2.97328
1120,3,0,4.7774,4.7774
1121,0,0.401303,3.2399,3.6412
1121,1,0,2.93526,2.93526
1121,2,0,2.98536,2.98536
1121,3,0,4.90755,4.90755
1122,0,0.454531,3.31432,3.76885
1122,1,0,3.01167,3.01167
1122,2,0,2.95,2.95
1122,3,0,4.58443,4.58443
1123,0,0.379219,4.56401,4.94323
1123,1,0,2.98427,2.98427
1123,2,0,5.03547,5.03547
1123,3,0,1.8062,1.8062
1124,0,0.377344,4.53552,4.91287
1124,1,0,3.04609,3.04609
1124,2,0,4.89646,4.89646
1124,3,0,1.8337,1.8337
1125,0,0.42276,5.545,5.96776
1125,1,0,1.83224,1.83224
1125,2,0,4.58922,4.58922
1125,3,0,1.75641,1.75641
1126,0,0.356198,5.5862,5.9424
1126,1,0,1.90417,1.90417
1126,2,0,4.57568,4.57568
1126,3,0,1.77479,1.77479
1127,0,0.360104,5.90354,6.26365
1127,1,0,4.96312,4.96312
1127,2,0,1.87401,1.87401
1127,3,0,1.78182,1.78182
1128,0,0.458073,5.16287,5.62094
1128,1,0,4.61417,4.61417
1128,2,0,1.7799,1.7799
1128,3,0,1.7637,1.7637
1129,0,0.890052,4.81318,5.70323
1129,1,0,4.59427,4.59427
1129,2,0,1.7924,1.7924
1129,3,0,1.76063,1.76063
1130,0,1.67417,5.63714,7.3113
1130,1,0,4.65292,4.65292
1130,2,0,1.77203,1.77203
1130,3,0,2.92365,2.92365
1131,0,0.404115,4.43411,4.83823
1131,1,0,4.78172,4.78172
1131,2,0,1.84568,1.84568
1131,3,0,2.95359,2.95359
1132,0,0.580104,3.7263,4.30641
1132,1,0,4.76724,4.76724
1132,2,0,1.80276,1.80276
1132,3,0,3.12302,3.12302
1133,0,0.537136,3.89167,4.4288
1133,1,0,4.81583,4.81583
1133,2,0,2.92104,2.92104
1133,3,0,2.94521,2.94521
1134,0,0.409896,5.83708,6.24698
1134,1,0,1.83833,1.83833
1134,2,0,3.5249,3.5249
1134,3,0,2.96031,2.96031
1135,0,0.420416,5.61234,6.03276
1135,1,0,1.83505,1.83505
1135,2,0,3.25182,3.25182
1135,3,0,3.01719,3.01719
1136,0,0.505208,5.67479,6.18
1136,1,0,1.765,1.765
1136,2,0,2.90776,2.90776
1136,3,0,2.91562,2.91562
1137,0,0.426719,5.85417,6.28089
1137,1,0,1.82932,1.82932
1137,2,0,2.93104,2.93104
1137,3,0,2.95453,2.95453
1138,0,0.409792,6.05708,6.46687
1138,1,0,2.01182,2.01182
1138,2,0,3.05526,3.05526
1138,3,0,3.08167,3.08167
1139,0,0.426614,5.66104,6.08766
1139,1,0,1.7724,1.7724
1139,2,0,2.94276,2.94276
1139,3,0,2.91318,2.91318
1140,0,0.494062,5.5801,6.07417
1140,1,0,2.40141,2.40141
1140,2,0,2.86198,2.86198
1140,3,0,2.51849,2.51849
1141,0,0.481562,5.91583,6.3974
1141,1,0,1.89615,1.89615
1141,2,0,2.89906,2.89906
1141,3,0,2.90057,2.90057
1142,0,0.499219,5.6987,6.19792
1142,1,0,1.78687,1.78687
1142,2,0,2.81073,2.81073
1142,3,0,2.97537,2.97537
1143,0,0.418177,5.75125,6.16943
1143,1,0,1.81026,1.81026
1143,2,0,2.91797,2.91797
1143,3,0,2.93104,2.93104
1144,0,0.507343,5.89927,6.40661
1144,1,0,1.84229,1.84229
1144,2,0,4.1576,4.1576
1144,3,0,1.82922,1.82922
1145,0,0.403177,5.52234,5.92552
1145,1,0,1.77062,1.77062
1145,2,0,2.91021,2.91021
1145,3,0,3.07557,3.07557
1146,0,0.488906,5.54516,6.03406
1146,1,0,1.78682,1.78682
1146,2,0,2.91495,2.91495
1146,3,0,3.02062,3.02062
1147,0,0.490261,5.62411,6.11437
1147,1,0,1.83573,1.83573
1147,2,0,2.95047,2.95047
1147,3,0,2.92573,2.92573
1148,0,0.436042,5.52781,5.96385
1148,1,0,1.76063,1.76063
1148,2,0,2.92703,2.92703
1148,3,0,3.03787,3.03787
1149,0,0.609427,5.44115,6.05057
1149,1,0,1.79974,1.79974
1149,2,0,2.92354,2.92354
1149,3,0,3.02406,3.02406
1150,0,0.581094,5.90792,6.48901
1150,1,0,1.84135,1.84135
1150,2,0,2.93016,2.93016
1150,3,0,2.93911,2.93911
1151,0,0.442917,5.57417,6.01708
1151,1,0,1.76984,1.76984
1151,2,0,2.9775,2.9775
1151,3,0,3.02167,3.02167
1152,0,0.495833,5.49708,5.99292
1152,1,0,1.77662,1.77662
1152,2,0,2.99266,2.99266
1152,3,0,3.29953,3.29953
1153,0,0.518021,6.08849,6.60651
1153,1,0,2.94375,2.94375
1153,2,0,2.93474,2.93474
1153,3,0,1.83161,1.83161
1154,0,0.417344,5.68687,6.10422
1154,1,0,1.84365,1.84365
1154,2,0,3.90953,3.90953
1154,3,0,1.88375,1.88375
1155,0,0.409896,5.56385,5.97375
1155,1,0,1.82161,1.82161
1155,2,0,4.40042,4.40042
1155,3,0,1.92656,1.92656
1156,0,0.435208,5.68484,6.12005
1156,1,0,2.92943,2.92943
1156,2,0,2.94036,2.94036
1156,3,0,1.87703,1.87703
1157,0,0.395469,5.88281,6.27828
1157,1,0,3.01787,3.01787
1157,2,0,2.96385,2.96385
1157,3,0,1.89651,1.89651
1158,0,0.433541,5.5301,5.96364
1158,1,0,3.14641,3.14641
1158,2,0,3.11187,3.11187
1158,3,0,1.88068,1.88068
1159,0,0.51125,5.73287,6.24411
1159,1,0,2.93625,2.93625
1159,2,0,2.92682,2.92682
1159,3,0,1.83182,1.83182
1160,0,0.450261,5.53443,5.98469
1160,1,0,2.96635,2.96635
1160,2,0,2.96276,2.96276
1160,3,0,1.83495,1.83495
1161,0,0.415052,5.69781,6.11287
1161,1,0,3.28401,3.28401
1161,2,0,3.05177,3.05177
1161,3,0,4.84974,4.84974
1162,0,0.366146,3.58312,3.94927
1162,1,0,2.59594,2.59594
1162,2,0,2.92734,2.92734
1162,3,0,4.76938,4.76938
1163,0,0.495417,4.36365,4.85906
1163,1,0,2.94823,2.94823
1163,2,0,1.83021,1.83021
1163,3,0,4.69036,4.69036
1164,0,0.510416,4.4125,4.92292
1164,1,0,3.07047,3.07047
1164,2,0,2.13917,2.13917
1164,3,0,4.59625,4.59625
1165,0,0.377187,4.35443,4.73161
1165,1,0,2.9751,2.9751
1165,2,0,4.73755,4.73755
1165,3,0,1.79849,1.79849
1166,0,0.368958,4.33609,4.70505
1166,1,0,2.71302,2.71302
1166,2,0,4.87656,4.87656
1166,3,0,1.98203,1.98203
1167,0,0.368855,5.65766,6.02651
1167,1,0,1.84667,1.84667
1167,2,0,4.56276,4.56276
1167,3,0,1.7625,1.7625
1168,0,0.367396,5.86839,6.23578
1168,1,0,4.88401,4.88401
1168,2,0,1.81495,1.81495
1168,3,0,1.76953,1.76953
1169,0,0.926667,5.07859,6.00526
1169,1,0,5.08224,5.08224
1169,2,0,1.83396,1.83396
1169,3,0,3.02224,3.02224
1170,0,0.363229,4.23427,4.5975
1170,1,0,4.60047,4.60047
1170,2,0,1.78615,1.78615
1170,3,0,2.92885,2.92885
1171,0,0.357291,4.42401,4.7813
1171,1,0,4.57156,4.57156
1171,2,0,1.775,1.775
1171,3,0,2.89641,2.89641
1172,0,0.357917,4.86292,5.22083
1172,1,0,4.73714,4.73714
1172,2,0,1.81818,1.81818
1172,3,0,2.93479,2.93479
1173,0,0.38901,3.99406,4.38307
1173,1,0,4.58646,4.58646
1173,2,0,1.79021,1.79021
1173,3,0,2.97068,2.97068
1174,0,0.459219,4.09328,4.5525
1174,1,0,4.57677,4.57677
1174,2,0,1.78016,1.78016
1174,3,0,2.96766,2.96766
1175,0,0.900833,3.81802,4.71885
1175,1,0,4.67391,4.67391
1175,2,0,2.21094,2.21094
1175,3,0,2.59896,2.59896
1176,0,0.420052,3.83766,4.25771
1176,1,0,4.59187,4.59187
1176,2,0,1.78891,1.78891
1176,3,0,3.03245,3.03245
1177,0,0.457604,3.94141,4.39901
1177,1,0,4.57328,4.57328
1177,2,0,1.77083,1.77083
1177,3,0,2.97797,2.97797
1178,0,0.946198,3.84641,4.79261
1178,1,0,4.67016,4.67016
1178,2,0,1.76229,1.76229
1178,3,0,4.235,4.235
1179,0,0.380208,3.0587,3.43891
1179,1,0,4.61458,4.61458
1179,2,0,1.84542,1.84542
1179,3,0,4.16078,4.16078
1180,0,0.39224,3.35037,3.74261
1180,1,0,4.80552,4.80552
1180,2,0,3.11411,3.11411
1180,3,0,3.1451,3.1451
1181,0,0.506875,5.68516,6.19203
1181,1,0,1.76932,1.76932
1181,2,0,2.9288,2.9288
1181,3,0,2.9262,2.9262
1182,0,0.420677,6.00911,6.42979
1182,1,0,1.84036,1.84036
1182,2,0,2.96734,2.96734
1182,3,0,2.97891,2.97891
1183,0,0.511667,5.91698,6.42865
1183,1,0,1.86464,1.86464
1183,2,0,4.65885,4.65885
1183,3,0,1.90849,1.90849
1184,0,0.422761,5.65932,6.08208
1184,1,0,2.93505,2.93505
1184,2,0,2.92385,2.92385
1184,3,0,1.81432,1.81432
1185,0,0.438021,5.69302,6.13104
1185,1,0,2.96146,2.96146
1185,2,0,2.93302,2.93302
1185,3,0,1.82281,1.82281
1186,0,0.407864,6.02625,6.43411
1186,1,0,3.09813,3.09813
1186,2,0,3.07927,3.07927
1186,3,0,5.18318,5.18318
1187,0,0.385052,3.39896,3.78401
1187,1,0,4.07906,4.07906
1187,2,0,1.83661,1.83661
1187,3,0,4.74578,4.74578
1188,0,0.396198,4.57495,4.97115
1188,1,0,2.93714,2.93714
1188,2,0,1.89672,1.89672
1188,3,0,4.87354,4.87354
1189,0,0.456198,4.51734,4.97354
1189,1,0,2.9437,2.9437
1189,2,0,4.75229,4.75229
1189,3,0,1.77807,1.77807
1190,0,0.397604,5.52984,5.92745
1190,1,0,1.92037,1.92037
1190,2,0,4.6987,4.6987
1190,3,0,1.80557,1.80557
1191,0,0.370625,5.75099,6.12161
1191,1,0,1.89698,1.89698
1191,2,0,4.78729,4.78729
1191,3,0,1.80323,1.80323
1192,0,0.39177,5.62427,6.01604
1192,1,0,1.91766,1.91766
1192,2,0,4.59448,4.59448
1192,3,0,1.77781,1.77781
1193,0,0.914635,5.05234,5.96698
1193,1,0,4.86688,4.86688
1193,2,0,1.80177,1.80177
1193,3,0,1.79177,1.79177
1194,0,0.437552,5.04229,5.47984
1194,1,0,2.06891,2.06891
1194,2,0,4.73057,4.73057
1194,3,0,2.94859,2.94859
1195,0,0.435052,4.43786,4.87292
1195,1,0,4.56906,4.56906
1195,2,0,1.76406,1.76406
1195,3,0,2.92115,2.92115
1196,0,0.363125,4.52932,4.89245
1196,1,0,4.56849,4.56849
1196,2,0,1.7751,1.7751
1196,3,0,2.92052,2.92052
1197,0,0.458386,4.6724,5.13078
1197,1,0,4.65901,4.65901
1197,2,0,1.77115,1.77115
1197,3,0,2.90599,2.90599
1198,0,0.407812,4.21646,4.62427
1198,1,0,4.57698,4.57698
1198,2,0,1.78552,1.78552
1198,3,0,3.03818,3.03818
1199,0,0.447135,3.66182,4.10896
1199,1,0,4.59109,4.59109
1199,2,0,1.76198,1.76198
1199,3,0,2.9924,2.9924
1200,0,0.45401,4.41042,4.86443
1200,1,0,4.64521,4.64521
1200,2,0,1.79333,1.79333
1200,3,0,2.92083,2.92083
1201,0,0.523803,3.6849,4.2087
1201,1,0,4.58359,4.58359
1201,2,0,1.80984,1.80984
1201,3,0,3.03787,3.03787
1202,0,0.474896,4.53995,5.01484
1202,1,0,4.56557,4.56557
1202,2,0,1.82385,1.82385
1202,3,0,4.45703,4.45703
1203,0,0.519479,3.25948,3.77896
1203,1,0,4.60927,4.60927
1203,2,0,2.91943,2.91943
1203,3,0,2.92406,2.92406
1204,0,0.432344,5.76219,6.19453
1204,1,0,1.86021,1.86021
1204,2,0,2.99281,2.99281
1204,3,0,3.03823,3.03823
1205,0,0.405781,5.50344,5.90922
1205,1,0,1.83891,1.83891
1205,2,0,3.28099,3.28099
1205,3,0,3.00109,3.00109
1206,0,0.551771,5.92588,6.47766
1206,1,0,1.7712,1.7712
1206,2,0,2.91109,2.91109
1206,3,0,2.94307,2.94307
1207,0,0.4475,5.85068,6.29818
1207,1,0,1.83411,1.83411
1207,2,0,2.96062,2.96062
1207,3,0,2.93047,2.93047
1208,0,0.472031,5.75286,6.2249
1208,1,0,2.0575,2.0575
1208,2,0,4.24547,4.24547
1208,3,0,1.84901,1.84901
1209,0,0.422291,5.75693,6.17922
1209,1,0,1.80979,1.80979
1209,2,0,4.05182,4.05182
1209,3,0,1.8112,1.8112
1210,0,0.415417,5.96938,6.38479
1210,1,0,1.79797,1.79797
1210,2,0,4.0788,4.0788
1210,3,0,1.80974,1.80974
1211,0,0.416094,5.95932,6.37542
1211,1,0,3.06172,3.06172
1211,2,0,2.99354,2.99354
1211,3,0,1.92797,1.92797
1212,0,0.403021,5.55182,5.95484
1212,1,0,2.95167,2.95167
1212,2,0,2.96896,2.96896
1212,3,0,1.90167,1.90167
1213,0,1.32516,4.52484,5.85
1213,1,0,1.80588,1.80588
1213,2,0,3.95146,3.95146
1213,3,0,1.82005,1.82005
1214,0,0.892604,6.07521,6.96781
1214,1,0,3.05656,3.05656
1214,2,0,2.96344,2.96344
1214,3,0,1.80688,1.80688
1215,0,0.3975,5.64141,6.03891
1215,1,0,2.92583,2.92583
1215,2,0,3.04594,3.04594
1215,3,0,2.19286,2.19286
1216,0,0.426823,5.43328,5.8601
1216,1,0,2.94651,2.94651
1216,2,0,2.97359,2.97359
1216,3,0,1.97495,1.97495
1217,0,0.514948,6.17911,6.69406
1217,1,0,4.12505,4.12505
1217,2,0,1.81932,1.81932
1217,3,0,1.7637,1.7637
1218,0,0.408906,5.6262,6.0351
1218,1,0,2.9451,2.9451
1218,2,0,2.91427,2.91427
1218,3,0,1.8362,1.8362
1219,0,0.416823,5.65489,6.07172
1219,1,0,2.9576,2.9576
1219,2,0,3.23052,3.23052
1219,3,0,2.10792,2.10792
1220,0,0.470156,5.71078,6.18094
1220,1,0,4.08609,4.08609
1220,2,0,1.81979,1.81979
1220,3,0,4.67734,4.67734
1221,0,0.35052,4.68276,5.03328
1221,1,0,3.03328,3.03328
1221,2,0,1.87276,1.87276
1221,3,0,4.58901,4.58901
1222,0,0.362396,4.44219,4.80458
1222,1,0,3.28281,3.28281
1222,2,0,1.89349,1.89349
1222,3,0,4.66401,4.66401
1223,0,0.374323,6.54187,6.9162
1223,1,0,1.82224,1.82224
1223,2,0,4.61339,4.61339
1223,3,0,1.79438,1.79438
1224,0,0.480416,5.43594,5.91635
1224,1,0,1.84401,1.84401
1224,2,0,4.60229,4.60229
1224,3,0,1.79401,1.79401
1225,0,0.394427,5.75682,6.15125
1225,1,0,4.75943,4.75943
1225,2,0,1.77167,1.77167
1225,3,0,2.91797,2.91797
1226,0,0.365209,4.46052,4.82573
1226,1,0,4.68828,4.68828
1226,2,0,1.85703,1.85703
1226,3,0,2.97906,2.97906
1227,0,0.343489,4.40542,4.74891
1227,1,0,4.63078,4.63078
1227,2,0,1.82417,1.82417
1227,3,0,3.23307,3.23307
1228,0,0.44224,3.8213,4.26354
1228,1,0,4.64187,4.64187
1228,2,0,1.78937,1.78937
1228,3,0,2.91359,2.91359
1229,0,0.59125,4.375,4.96625
1229,1,0,4.6624,4.6624
1229,2,0,1.8425,1.8425
1229,3,0,4.10208,4.10208
1230,0,0.379479,3.22943,3.60891
1230,1,0,4.68641,4.68641
1230,2,0,2.07339,2.07339
1230,3,0,4.09922,4.09922
1231,0,0.506615,3.08672,3.59333
1231,1,0,4.59104,4.59104
1231,2,0,2.9163,2.9163
1231,3,0,2.92984,2.92984
1232,0,0.38875,3.62307,4.01182
1232,1,0,4.61896,4.61896
1232,2,0,2.92964,2.92964
1232,3,0,2.95281,2.95281
1233,0,0.498959,6.25734,6.7563
1233,1,0,1.99964,1.99964
1233,2,0,4.22979,4.22979
1233,3,0,1.87411,1.87411
1234,0,0.405104,5.69193,6.09703
1234,1,0,1.75703,1.75703
1234,2,0,4.07287,4.07287
1234,3,0,1.81521,1.81521
1235,0,0.400105,5.8351,6.23521
1235,1,0,1.84859,1.84859
1235,2,0,3.93995,3.93995
1235,3,0,1.81943,1.81943
1236,0,0.46151,6.08807,6.54958
1236,1,0,3.0638,3.0638
1236,2,0,2.97432,2.97432
1236,3,0,1.81594,1.81594
1237,0,0.405782,5.64328,6.04906
1237,1,0,2.91422,2.91422
1237,2,0,2.93198,2.93198
1237,3,0,1.8938,1.8938
1238,0,0.455885,5.72964,6.18552
1238,1,0,2.92786,2.92786
1238,2,0,2.97604,2.97604
1238,3,0,2.48813,2.48813
1239,0,0.527917,5.67068,6.19859
1239,1,0,2.96672,2.96672
1239,2,0,2.95786,2.95786
1239,3,0,1.81453,1.81453
1240,0,0.400209,5.69292,6.09312
1240,1,0,2.94729,2.94729
1240,2,0,3.03052,3.03052
1240,3,0,1.8451,1.8451
1241,0,0.4075,5.67583,6.08333
1241,1,0,1.81354,1.81354
1241,2,0,3.95083,3.95083
1241,3,0,2.05583,2.05583
1242,0,0.539687,5.68651,6.2262
1242,1,0,2.97135,2.97135
1242,2,0,2.95609,2.95609
1242,3,0,1.82755,1.82755
1243,0,0.417448,6.36917,6.78662
1243,1,0,4.04271,4.04271
1243,2,0,1.84854,1.84854
1243,3,0,4.68693,4.68693
1244,0,0.371511,4.39833,4.76984
1244,1,0,3.1412,3.1412
1244,2,0,2.00797,2.00797
1244,3,0,4.6937,4.6937
1245,0,0.366146,4.31464,4.68078
1245,1,0,2.94328,2.94328
1245,2,0,1.80812,1.80812
1245,3,0,4.60365,4.60365
1246,0,0.374063,4.38911,4.76318
1246,1,0,2.9851,2.9851
1246,2,0,1.81385,1.81385
1246,3,0,4.58328,4.58328
1247,0,0.395937,5.96755,6.36349
1247,1,0,1.94323,1.94323
1247,2,0,4.75521,4.75521
1247,3,0,1.77745,1.77745
1248,0,0.395417,5.49787,5.89328
1248,1,0,1.81859,1.81859
1248,2,0,4.60859,4.60859
1248,3,0,1.8326,1.8326
1249,0,1.60443,4.92088,6.52531
1249,1,0,1.81344,1.81344
1249,2,0,4.62542,4.62542
1249,3,0,2.25167,2.25167
1250,0,0.504428,4.91177,5.4162
1250,1,0,1.86464,1.86464
1250,2,0,4.62307,4.62307
1250,3,0,2.93026,2.93026
1251,0,0.37474,4.60255,4.97729
1251,1,0,4.75135,4.75135
1251,2,0,1.85391,1.85391
1251,3,0,2.96344,2.96344
1252,0,0.851563,4.02198,4.87354
1252,1,0,4.62161,4.62161
1252,2,0,1.87859,1.87859
1252,3,0,4.37646,4.37646
1253,0,0.429479,3.2487,3.67818
1253,1,0,4.60276,4.60276
1253,2,0,1.78276,1.78276
1253,3,0,4.08344,4.08344
1254,0,0.425677,3.17875,3.60443
1254,1,0,4.69922,4.69922
1254,2,0,2.96719,2.96719
1254,3,0,2.95312,2.95312
1255,0,0.4075,3.48474,3.89224
1255,1,0,4.94088,4.94088
1255,2,0,3.02755,3.02755
1255,3,0,2.8438,2.8438
1256,0,0.37375,6.2449,6.61865
1256,1,0,1.76885,1.76885
1256,2,0,4.04406,4.04406
1256,3,0,1.86182,1.86182
1257,0,0.375,5.85922,6.23422
1257,1,0,1.80172,1.80172
1257,2,0,4.07068,4.07068
1257,3,0,1.82625,1.82625
1258,0,0.425833,6.07245,6.49828
1258,1,0,1.85401,1.85401
1258,2,0,4.1588,4.1588
1258,3,0,1.90229,1.90229
1259,0,0.393542,5.70526,6.0988
1259,1,0,1.75167,1.75167
1259,2,0,3.86432,3.86432
1259,3,0,1.85885,1.85885
1260,0,0.558854,5.81943,6.37828
1260,1,0,1.77505,1.77505
1260,2,0,4.06318,4.06318
1260,3,0,1.85583,1.85583
1261,0,0.469167,6.40604,6.87521
1261,1,0,3.01255,3.01255
1261,2,0,2.97781,2.97781
1261,3,0,1.82781,1.82781
1262,0,0.376875,5.48963,5.86651
1262,1,0,2.93448,2.93448
1262,2,0,2.99771,2.99771
1262,3,0,2.78974,2.78974
1263,0,0.422969,4.55495,4.97792
1263,1,0,2.94208,2.94208
1263,2,0,3.02354,3.02354
1263,3,0,1.94594,1.94594
1264,0,0.524844,6.20479,6.72964
1264,1,0,2.95141,2.95141
1264,2,0,2.73859,2.73859
1264,3,0,1.84109,1.84109
1265,0,0.382291,5.64755,6.02984
1265,1,0,2.92667,2.92667
1265,2,0,3.03536,3.03536
1265,3,0,1.85375,1.85375
1266,0,0.391667,5.93125,6.32292
1266,1,0,2.94646,2.94646
1266,2,0,3.11463,3.11463
1266,3,0,2.01375,2.01375
1267,0,0.410417,5.64974,6.06016
1267,1,0,4.07552,4.07552
1267,2,0,1.8062,1.8062
1267,3,0,1.79588,1.79588
1268,0,0.378646,5.63594,6.01458
1268,1,0,3.05807,3.05807
1268,2,0,2.75984,2.75984
1268,3,0,1.86609,1.86609
1269,0,0.382239,5.51073,5.89297
1269,1,0,2.95703,2.95703
1269,2,0,3.34193,3.34193
1269,3,0,1.91031,1.91031
1270,0,0.482969,5.86964,6.3526
1270,1,0,4.07182,4.07182
1270,2,0,1.81891,1.81891
1270,3,0,1.77583,1.77583
1271,0,0.383334,5.78229,6.16563
1271,1,0,4.16328,4.16328
1271,2,0,1.86042,1.86042
1271,3,0,1.80281,1.80281
1272,0,0.398281,5.65875,6.05703
1272,1,0,4.40495,4.40495
1272,2,0,1.87536,1.87536
1272,3,0,1.8338,1.8338
1273,0,0.512657,5.57286,6.08552
1273,1,0,4.07896,4.07896
1273,2,0,1.79906,1.79906
1273,3,0,4.77969,4.77969
1274,0,0.858855,4.35307,5.21193
1274,1,0,2.97083,2.97083
1274,2,0,1.83396,1.83396
1274,3,0,4.72786,4.72786
1275,0,0.469792,5.44047,5.91026
1275,1,0,1.87516,1.87516
1275,2,0,1.85245,1.85245
1275,3,0,4.58318,4.58318
1276,0,0.349115,5.4674,5.81651
1276,1,0,1.80078,1.80078
1276,2,0,1.81073,1.81073
1276,3,0,4.63917,4.63917
1277,0,0.358437,5.27839,5.63682
1277,1,0,1.80469,1.80469
1277,2,0,1.7976,1.7976
1277,3,0,4.72979,4.72979
1278,0,0.535104,5.6874,6.2225
1278,1,0,1.87667,1.87667
1278,2,0,4.68276,4.68276
1278,3,0,1.76531,1.76531
1279,0,0.379323,5.53146,5.91078
1279,1,0,1.85849,1.85849
1279,2,0,4.78156,4.78156
1279,3,0,1.80078,1.80078
1280,0,0.340312,5.61906,5.95937
1280,1,0,1.79854,1.79854
1280,2,0,4.91641,4.91641
1280,3,0,1.87766,1.87766
1281,0,0.446719,5.59719,6.04391
1281,1,0,4.73974,4.73974
1281,2,0,1.77646,1.77646
1281,3,0,2.91385,2.91385
1282,0,0.331406,4.51943,4.85083
1282,1,0,4.71641,4.71641
1282,2,0,1.79104,1.79104
1282,3,0,2.89469,2.89469
1283,0,0.333073,4.45292,4.78599
1283,1,0,4.79224,4.79224
1283,2,0,1.81385,1.81385
1283,3,0,4.18625,4.18625
1284,0,0.419323,3.2599,3.67922
1284,1,0,4.59886,4.59886
1284,2,0,1.88318,1.88318
1284,3,0,4.0649,4.0649
1285,0,0.573177,3.52635,4.09953
1285,1,0,4.59776,4.59776
1285,2,0,2.92448,2.92448
1285,3,0,2.98693,2.98693
1286,0,0.453177,3.42922,3.88239
1286,1,0,4.87578,4.87578
1286,2,0,4.10661,4.10661
1286,3,0,1.82635,1.82635
1287,0,0.37625,4.19547,4.57172
1287,1,0,3.92891,3.92891
1287,2,0,4.01792,4.01792
1287,3,0,2.37682,2.37682
1288,0,0.419896,5.09625,5.51615
1288,1,0,1.78964,1.78964
1288,2,0,4.1588,4.1588
1288,3,0,1.96391,1.96391
1289,0,0.616511,5.99953,6.61604
1289,1,0,2.93063,2.93063
1289,2,0,2.95203,2.95203
1289,3,0,1.81974,1.81974
1290,0,0.40177,5.83302,6.23479
1290,1,0,3.00312,3.00312
1290,2,0,3.01047,3.01047
1290,3,0,1.82422,1.82422
1291,0,0.402552,5.51208,5.91463
1291,1,0,3.00927,3.00927
1291,2,0,3.25349,3.25349
1291,3,0,1.90443,1.90443
1292,0,0.437031,5.48583,5.92286
1292,1,0,2.92078,2.92078
1292,2,0,2.94219,2.94219
1292,3,0,1.80469,1.80469
1293,0,0.399948,6.03229,6.43224
1293,1,0,3.01943,3.01943
1293,2,0,2.97807,2.97807
1293,3,0,1.8451,1.8451
1294,0,0.397813,5.6001,5.99792
1294,1,0,2.99682,2.99682
1294,2,0,3.27328,3.27328
1294,3,0,1.88542,1.88542
1295,0,0.489531,5.56838,6.05792
1295,1,0,2.98583,2.98583
1295,2,0,2.70979,2.70979
1295,3,0,1.8012,1.8012
1296,0,0.442865,6.00208,6.44495
1296,1,0,4.12917,4.12917
1296,2,0,1.85922,1.85922
1296,3,0,1.80089,1.80089
1297,0,0.370677,5.62859,5.99927
1297,1,0,4.15896,4.15896
1297,2,0,1.83583,1.83583
1297,3,0,1.87026,1.87026
1298,0,0.363698,5.63568,5.99937
1298,1,0,2.92792,2.92792
1298,2,0,2.82417,2.82417
1298,3,0,1.81708,1.81708
1299,0,0.389063,4.0051,4.39417
1299,1,0,6.19661,6.19661
1299,2,0,1.83813,1.83813
1299,3,0,1.79526,1.79526
1300,0,0.523645,5.93505,6.4587
1300,1,0,4.31474,4.31474
1300,2,0,1.85948,1.85948
1300,3,0,4.69307,4.69307
1301,0,0.382031,4.36375,4.74578
1301,1,0,2.9324,2.9324
1301,2,0,4.05073,4.05073
1301,3,0,2.62042,2.62042
1302,0,0.353698,4.39963,4.75333
1302,1,0,2.94354,2.94354
1302,2,0,3.9524,3.9524
1302,3,0,2.75427,2.75427
1303,0,0.496875,5.70651,6.20338
1303,1,0,1.83406,1.83406
1303,2,0,4.67203,4.67203
1303,3,0,1.8412,1.8412
1304,0,0.341875,5.60729,5.94917
1304,1,0,1.80224,1.80224
1304,2,0,4.80573,4.80573
1304,3,0,1.79745,1.79745
1305,0,0.375677,5.57849,5.95417
1305,1,0,1.8762,1.8762
1305,2,0,4.92484,4.92484
1305,3,0,1.81068,1.81068
1306,0,0.362552,5.74969,6.11224
1306,1,0,4.63458,4.63458
1306,2,0,1.78266,1.78266
1306,3,0,1.74266,1.74266
1307,0,0.370365,5.02844,5.3988
1307,1,0,4.92516,4.92516
1307,2,0,1.85203,1.85203
1307,3,0,1.78182,1.78182
1308,0,0.403594,5.15062,5.55422
1308,1,0,1.89125,1.89125
1308,2,0,4.81896,4.81896
1308,3,0,1.83239,1.83239
1309,0,0.480782,4.93901,5.41979
1309,1,0,1.7987,1.7987
1309,2,0,4.60615,4.60615
1309,3,0,1.76578,1.76578
1310,0,0.389271,5.1762,5.56547
1310,1,0,1.82313,1.82313
1310,2,0,4.57995,4.57995
1310,3,0,1.75667,1.75667
1311,0,0.342604,5.65094,5.99354
1311,1,0,5.09359,5.09359
1311,2,0,1.83578,1.83578
1311,3,0,2.92005,2.92005
1312,0,0.389843,4.45516,4.845
1312,1,0,4.6775,4.6775
1312,2,0,1.77438,1.77438
1312,3,0,2.99146,2.99146
1313,0,1.27385,3.35885,4.63271
1313,1,0,4.60073,4.60073
1313,2,0,1.77781,1.77781
1313,3,0,2.95245,2.95245
1314,0,0.836511,3.70474,4.54125
1314,1,0,4.63636,4.63636
1314,2,0,1.80286,1.80286
1314,3,0,2.9351,2.9351
1315,0,0.381511,4.10245,4.48396
1315,1,0,4.7351,4.7351
1315,2,0,1.79479,1.79479
1315,3,0,2.98323,2.98323
1316,0,0.426406,3.92401,4.35042
1316,1,0,4.68464,4.68464
1316,2,0,1.75891,1.75891
1316,3,0,2.96349,2.96349
1317,0,0.471771,4.05568,4.52745
1317,1,0,4.78943,4.78943
1317,2,0,1.77188,1.77188
1317,3,0,2.93182,2.93182
1318,0,0.348386,3.77344,4.12182
1318,1,0,4.68792,4.68792
1318,2,0,1.81719,1.81719
1318,3,0,2.97703,2.97703
1319,0,0.345416,4.51828,4.8637
1319,1,0,4.56839,4.56839
1319,2,0,1.80781,1.80781
1319,3,0,4.34401,4.34401
1320,0,0.398073,3.23844,3.63651
1320,1,0,4.62943,4.62943
1320,2,0,1.77536,1.77536
1320,3,0,4.07531,4.07531
1321,0,0.363438,3.19719,3.56062
1321,1,0,4.68974,4.68974
1321,2,0,1.82896,1.82896
1321,3,0,3.97338,3.97338
1322,0,0.428646,3.36156,3.79021
1322,1,0,4.66297,4.66297
1322,2,0,3.22448,3.22448
1322,3,0,3.0088,3.0088
1323,0,0.434896,3.17354,3.60844
1323,1,0,4.60672,4.60672
1323,2,0,2.91859,2.91859
1323,3,0,2.92724,2.92724
1324,0,0.396979,5.98568,6.38266
1324,1,0,3.92583,3.92583
1324,2,0,3.00417,3.00417
1324,3,0,1.82667,1.82667
1325,0,0.406198,6.0188,6.425
1325,1,0,3.03641,3.03641
1325,2,0,3.05792,3.05792
1325,3,0,1.84307,1.84307
1326,0,0.411823,5.72516,6.13698
1326,1,0,2.90573,2.90573
1326,2,0,2.95948,2.95948
1326,3,0,1.86474,1.86474
1327,0,0.5975,5.52615,6.12365
1327,1,0,2.94667,2.94667
1327,2,0,2.92818,2.92818
1327,3,0,1.84641,1.84641
1328,0,0.516355,5.77255,6.28891
1328,1,0,3.05641,3.05641
1328,2,0,2.93333,2.93333
1328,3,0,1.8062,1.8062
1329,0,0.36474,5.68552,6.05026
1329,1,0,2.91458,2.91458
1329,2,0,2.93854,2.93854
1329,3,0,1.91453,1.91453
1330,0,0.491198,5.88036,6.37156
1330,1,0,4.11979,4.11979
1330,2,0,1.87875,1.87875
1330,3,0,1.9287,1.9287
1331,0,0.47276,5.87406,6.34682
1331,1,0,4.10901,4.10901
1331,2,0,1.81771,1.81771
1331,3,0,4.67063,4.67063
1332,0,0.373177,3.17391,3.54708
1332,1,0,4.18849,4.18849
1332,2,0,1.93698,1.93698
1332,3,0,4.66099,4.66099
1333,0,0.378385,4.21182,4.59021
1333,1,0,3.02667,3.02667
1333,2,0,1.96188,1.96188
1333,3,0,4.84573,4.84573
1334,0,0.468281,5.74865,6.21693
1334,1,0,1.84568,1.84568
1334,2,0,4.78688,4.78688
1334,3,0,1.77578,1.77578
1335,0,0.364167,5.69062,6.05479
1335,1,0,1.94417,1.94417
1335,2,0,4.66896,4.66896
1335,3,0,1.77542,1.77542
1336,0,0.359844,5.7187,6.07854
1336,1,0,2.04406,2.04406
1336,2,0,4.63708,4.63708
1336,3,0,1.76661,1.76661
1337,0,0.359688,5.54422,5.90391
1337,1,0,1.83724,1.83724
1337,2,0,4.67776,4.67776
1337,3,0,1.79818,1.79818
1338,0,0.331614,5.71667,6.04828
1338,1,0,1.83849,1.83849
1338,2,0,4.5888,4.5888
1338,3,0,1.77172,1.77172
1339,0,0.451146,5.41828,5.86943
1339,1,0,1.85312,1.85312
1339,2,0,4.65516,4.65516
1339,3,0,1.75146,1.75146
1340,0,0.379115,4.86458,5.2437
1340,1,0,1.78818,1.78818
1340,2,0,4.59338,4.59338
1340,3,0,1.82198,1.82198
1341,0,0.35849,5.40792,5.76641
1341,1,0,1.86443,1.86443
1341,2,0,4.58885,4.58885
1341,3,0,1.83771,1.83771
1342,0,0.409947,5.63912,6.04906
1342,1,0,4.72974,4.72974
1342,2,0,1.78406,1.78406
1342,3,0,2.8938,2.8938
1343,0,0.327865,4.37083,4.6987
1343,1,0,4.71568,4.71568
1343,2,0,1.87281,1.87281
1343,3,0,2.92771,2.92771
1344,0,0.336979,4.37896,4.71594
1344,1,0,4.72448,4.72448
1344,2,0,1.85974,1.85974
1344,3,0,4.14224,4.14224
1345,0,0.358542,3.69068,4.04922
1345,1,0,4.59281,4.59281
1345,2,0,1.78109,1.78109
1345,3,0,4.06302,4.06302
1346,0,0.418385,3.28135,3.69974
1346,1,0,4.68448,4.68448
1346,2,0,1.80849,1.80849
1346,3,0,3.87911,3.87911
1347,0,0.399843,3.22354,3.62338
1347,1,0,4.8624,4.8624
1347,2,0,3.11089,3.11089
1347,3,0,3.18464,3.18464
1348,0,0.391406,3.26526,3.65667
1348,1,0,4.66719,4.66719
1348,2,0,4.07099,4.07099
1348,3,0,1.83391,1.83391
1349,0,0.409635,6.32198,6.73161
1349,1,0,1.81115,1.81115
1349,2,0,4.09406,4.09406
1349,3,0,1.87302,1.87302
1350,0,0.409114,5.90911,6.31823
1350,1,0,1.87208,1.87208
1350,2,0,3.96073,3.96073
1350,3,0,1.80078,1.80078
1351,0,0.400417,5.92948,6.3299
1351,1,0,2.92401,2.92401
1351,2,0,2.94318,2.94318
1351,3,0,1.85818,1.85818
1352,0,0.980729,5.04505,6.02578
1352,1,0,1.81094,1.81094
1352,2,0,3.93906,3.93906
1352,3,0,1.85917,1.85917
1353,0,0.477187,6.33016,6.80734
1353,1,0,3.02516,3.02516
1353,2,0,2.92443,2.92443
1353,3,0,1.79547,1.79547
1354,0,0.369688,5.71651,6.0862
1354,1,0,2.91458,2.91458
1354,2,0,2.9801,2.9801
1354,3,0,1.88224,1.88224
1355,0,0.432136,5.82672,6.25885
1355,1,0,2.9299,2.9299
1355,2,0,3.00604,3.00604
1355,3,0,2.04552,2.04552
1356,0,0.640521,6.36745,7.00797
1356,1,0,4.1013,4.1013
1356,2,0,1.79937,1.79937
1356,3,0,1.79854,1.79854
1357,0,0.392188,5.70182,6.09401
1357,1,0,4.14088,4.14088
1357,2,0,2.02151,2.02151
1357,3,0,1.92698,1.92698
1358,0,0.392239,5.59229,5.98453
1358,1,0,4.10708,4.10708
1358,2,0,2.0299,2.0299
1358,3,0,2.00599,2.00599
1359,0,0.427083,6.81307,7.24016
1359,1,0,2.95141,2.95141
1359,2,0,1.81391,1.81391
1359,3,0,4.68615,4.68615
1360,0,0.367552,4.71307,5.08063
1360,1,0,2.8712,2.8712
1360,2,0,1.80844,1.80844
1360,3,0,4.70599,4.70599
1361,0,0.362084,5.61547,5.97755
1361,1,0,2.05479,2.05479
1361,2,0,1.82099,1.82099
1361,3,0,4.65979,4.65979
1362,0,0.44875,5.49432,5.94307
1362,1,0,1.81708,1.81708
1362,2,0,4.69391,4.69391
1362,3,0,1.77745,1.77745
1363,0,0.844375,5.45458,6.29896
1363,1,0,1.84229,1.84229
1363,2,0,4.72896,4.72896
1363,3,0,1.78526,1.78526
1364,0,0.382864,6.03781,6.42068
1364,1,0,1.93219,1.93219
1364,2,0,4.59057,4.59057
1364,3,0,2.96917,2.96917
1365,0,0.355052,4.50297,4.85802
1365,1,0,4.66776,4.66776
1365,2,0,1.92385,1.92385
1365,3,0,2.96974,2.96974
1366,0,0.425052,3.86234,4.2874
1366,1,0,4.69943,4.69943
1366,2,0,1.85891,1.85891
1366,3,0,4.15167,4.15167
1367,0,0.36125,3.29328,3.65453
1367,1,0,4.70042,4.70042
1367,2,0,1.79792,1.79792
1367,3,0,4.07047,4.07047
1368,0,0.357083,3.34344,3.70052
1368,1,0,4.62005,4.62005
1368,2,0,1.83,1.83
1368,3,0,4.07917,4.07917
1369,0,0.742969,3.24385,3.98682
1369,1,0,4.87922,4.87922
1369,2,0,3.32292,3.32292
1369,3,0,4.46865,4.46865
1370,0,0.421511,5.51026,5.93177
1370,1,0,2.98734,2.98734
1370,2,0,2.98167,2.98167
1370,3,0,1.85333,1.85333
1371,0,0.444115,5.68583,6.12995
1371,1,0,3.03193,3.03193
1371,2,0,2.98208,2.98208
1371,3,0,1.86505,1.86505
1372,0,0.502708,6.47781,6.98052
1372,1,0,4.4888,4.4888
1372,2,0,1.91813,1.91813
1372,3,0,1.87651,1.87651
1373,0,0.451198,5.65099,6.10219
1373,1,0,4.16099,4.16099
1373,2,0,1.84005,1.84005
1373,3,0,4.97229,4.97229
1374,0,0.464584,4.32036,4.78495
1374,1,0,2.76156,2.76156
1374,2,0,1.86677,1.86677
1374,3,0,5.29511,5.29511
1375,0,0.3875,5.47422,5.86172
1375,1,0,1.9199,1.9199
1375,2,0,1.85073,1.85073
1375,3,0,4.58693,4.58693
1376,0,0.333698,5.59755,5.93125
1376,1,0,1.9299,1.9299
1376,2,0,1.93198,1.93198
1376,3,0,4.57391,4.57391
1377,0,0.355521,5.7475,6.10302
1377,1,0,1.91151,1.91151
1377,2,0,1.89995,1.89995
1377,3,0,4.89276,4.89276
1378,0,0.411927,5.69031,6.10224
1378,1,0,1.81005,1.81005
1378,2,0,4.64557,4.64557
1378,3,0,1.79719,1.79719
1379,0,0.423541,5.34516,5.7687
1379,1,0,4.65021,4.65021
1379,2,0,1.76911,1.76911
1379,3,0,2.88187,2.88187
1380,0,0.321041,4.92115,5.24219
1380,1,0,4.83604,4.83604
1380,2,0,1.83245,1.83245
1380,3,0,4.06703,4.06703
1381,0,0.375833,3.31698,3.69281
1381,1,0,4.57323,4.57323
1381,2,0,1.77344,1.77344
1381,3,0,4.18286,4.18286
1382,0,1.35156,3.25292,4.60448
1382,1,0,4.71359,4.71359
1382,2,0,3.89005,3.89005
1382,3,0,2.06031,2.06031
1383,0,0.432396,4.44,4.8724
1383,1,0,3.93849,3.93849
1383,2,0,3.92943,3.92943
1383,3,0,1.79901,1.79901
1384,0,0.415261,5.8563,6.27156
1384,1,0,1.8487,1.8487
1384,2,0,3.92427,3.92427
1384,3,0,1.82807,1.82807
1385,0,0.407083,5.65469,6.06177
1385,1,0,1.8137,1.8137
1385,2,0,4.63677,4.63677
1385,3,0,1.85766,1.85766
1386,0,0.477344,5.86484,6.34219
1386,1,0,2.9201,2.9201
1386,2,0,2.93208,2.93208
1386,3,0,1.80969,1.80969
1387,0,0.40224,5.97234,6.37458
1387,1,0,2.99396,2.99396
1387,2,0,2.82828,2.82828
1387,3,0,1.80948,1.80948
1388,0,0.400052,5.80313,6.20318
1388,1,0,3.24484,3.24484
1388,2,0,2.78333,2.78333
1388,3,0,1.84615,1.84615
1389,0,0.528125,5.75281,6.28094
1389,1,0,2.92578,2.92578
1389,2,0,2.68943,2.68943
1389,3,0,1.78583,1.78583
1390,0,0.386198,5.73604,6.12224
1390,1,0,5.01422,5.01422
1390,2,0,1.84714,1.84714
1390,3,0,1.78062,1.78062
1391,0,0.390886,5.75969,6.15057
1391,1,0,4.30573,4.30573
1391,2,0,1.90198,1.90198
1391,3,0,1.79344,1.79344
1392,0,0.471094,5.50802,5.97912
1392,1,0,4.08193,4.08193
1392,2,0,1.8749,1.8749
1392,3,0,1.80734,1.80734
1393,0,0.388541,5.8325,6.22104
1393,1,0,4.09771,4.09771
1393,2,0,1.82948,1.82948
1393,3,0,4.76479,4.76479
1394,0,0.577657,4.70276,5.28042
1394,1,0,3.04286,3.04286
1394,2,0,1.78849,1.78849
1394,3,0,4.69375,4.69375
1395,0,0.326875,5.58469,5.91156
1395,1,0,1.82135,1.82135
1395,2,0,1.86375,1.86375
1395,3,0,4.63333,4.63333
1396,0,0.381354,5.52927,5.91062
1396,1,0,1.8325,1.8325
1396,2,0,1.84568,1.84568
1396,3,0,4.83141,4.83141
1397,0,0.379167,5.44781,5.82698
1397,1,0,1.81187,1.81187
1397,2,0,4.71318,4.71318
1397,3,0,1.79177,1.79177
1398,0,0.364271,6.52391,6.88818
1398,1,0,1.91984,1.91984
1398,2,0,4.56714,4.56714
1398,3,0,1.76172,1.76172
1399,0,0.351302,5.20943,5.56073
1399,1,0,1.88802,1.88802
1399,2,0,4.86505,4.86505
1399,3,0,1.82557,1.82557
1400,0,0.474792,4.97479,5.44958
1400,1,0,1.84026,1.84026
1400,2,0,4.57198,4.57198
1400,3,0,1.76979,1.76979
1401,0,0.356302,5.27641,5.63271
1401,1,0,1.82391,1.82391
1401,2,0,4.59687,4.59687
1401,3,0,1.75438,1.75438
1402,0,0.342031,5.67401,6.01604
1402,1,0,5.17953,5.17953
1402,2,0,1.82021,1.82021
1402,3,0,2.9138,2.9138
1403,0,0.367968,3.70573,4.0737
1403,1,0,4.68052,4.68052
1403,2,0,1.76771,1.76771
1403,3,0,1.75208,1.75208
1404,0,0.361927,4.90662,5.26854
1404,1,0,1.81219,1.81219
1404,2,0,4.59786,4.59786
1404,3,0,1.76823,1.76823
1405,0,0.936562,4.88661,5.82318
1405,1,0,1.85948,1.85948
1405,2,0,4.66557,4.66557
1405,3,0,1.77776,1.77776
1406,0,0.383021,5.16016,5.54318
1406,1,0,1.8249,1.8249
1406,2,0,4.63766,4.63766
1406,3,0,1.81667,1.81667
1407,0,0.450782,5.35281,5.80359
1407,1,0,1.8137,1.8137
1407,2,0,4.6025,4.6025
1407,3,0,1.90661,1.90661
1408,0,0.470468,5.20469,5.67516
1408,1,0,4.77979,4.77979
1408,2,0,1.78583,1.78583
1408,3,0,2.8887,2.8887
1409,0,0.320104,4.5699,4.89
1409,1,0,4.72906,4.72906
1409,2,0,1.83037,1.83037
1409,3,0,4.64255,4.64255
1410,0,0.593386,3.24885,3.84224
1410,1,0,4.6426,4.6426
1410,2,0,1.8601,1.8601
1410,3,0,4.1513,4.1513
1411,0,0.37651,3.29214,3.66865
1411,1,0,4.60344,4.60344
1411,2,0,2.93005,2.93005
1411,3,0,2.93771,2.93771
1412,0,0.367708,3.17698,3.54469
1412,1,0,4.71443,4.71443
1412,2,0,2.95932,2.95932
1412,3,0,2.99838,2.99838
1413,0,0.36901,3.5226,3.89161
1413,1,0,4.80344,4.80344
1413,2,0,4.36188,4.36188
1413,3,0,1.92771,1.92771
1414,0,0.392916,5.59198,5.9849
1414,1,0,1.76625,1.76625
1414,2,0,4.08672,4.08672
1414,3,0,1.80854,1.80854
1415,0,0.650782,5.70115,6.35193
1415,1,0,1.80182,1.80182
1415,2,0,2.92672,2.92672
1415,3,0,2.89333,2.89333
1416,0,0.40599,5.54463,5.95062
1416,1,0,2.02703,2.02703
1416,2,0,2.98833,2.98833
1416,3,0,2.80958,2.80958
1417,0,0.412812,5.98937,6.40219
1417,1,0,1.76609,1.76609
1417,2,0,4.05552,4.05552
1417,3,0,1.79818,1.79818
1418,0,0.416771,5.92339,6.34016
1418,1,0,1.82479,1.82479
1418,2,0,3.91312,3.91312
1418,3,0,1.81484,1.81484
1419,0,0.396667,6.17193,6.56859
1419,1,0,3.06745,3.06745
1419,2,0,2.96714,2.96714
1419,3,0,1.85589,1.85589
1420,0,0.423229,5.49062,5.91385
1420,1,0,2.92927,2.92927
1420,2,0,2.96766,2.96766
1420,3,0,1.86906,1.86906
1421,0,0.97099,5.93698,6.90797
1421,1,0,4.13615,4.13615
1421,2,0,1.84458,1.84458
1421,3,0,1.91276,1.91276
1422,0,0.501928,5.77463,6.27656
1422,1,0,4.16641,4.16641
1422,2,0,1.8037,1.8037
1422,3,0,1.7738,1.7738
1423,0,0.36125,5.67042,6.03167
1423,1,0,4.04677,4.04677
1423,2,0,1.85932,1.85932
1423,3,0,1.8462,1.8462
1424,0,0.44875,5.81323,6.26198
1424,1,0,4.12896,4.12896
1424,2,0,1.88167,1.88167
1424,3,0,2.05161,2.05161
1425,0,0.442344,5.69005,6.1324
1425,1,0,4.08505,4.08505
1425,2,0,1.80339,1.80339
1425,3,0,1.77062,1.77062
1426,0,0.395364,5.60422,5.99958
1426,1,0,4.12344,4.12344
1426,2,0,1.89583,1.89583
1426,3,0,1.95693,1.95693
1427,0,0.418593,5.5512,5.96979
1427,1,0,4.11307,4.11307
1427,2,0,2.04271,2.04271
1427,3,0,1.99818,1.99818
1428,0,0.403906,5.83328,6.23719
1428,1,0,3.96755,3.96755
1428,2,0,1.80359,1.80359
1428,3,0,1.78104,1.78104
1429,0,0.409011,6.01323,6.42224
1429,1,0,4.05172,4.05172
1429,2,0,1.92479,1.92479
1429,3,0,4.69109,4.69109
1430,0,0.358385,4.40333,4.76172
1430,1,0,3.17448,3.17448
1430,2,0,1.85734,1.85734
1430,3,0,4.75656,4.75656
1431,0,0.365157,5.54812,5.91328
1431,1,0,1.82901,1.82901
1431,2,0,1.86177,1.86177
1431,3,0,4.65125,4.65125
1432,0,0.380833,5.61927,6.0001
1432,1,0,1.85573,1.85573
1432,2,0,1.80745,1.80745
1432,3,0,4.61208,4.61208
1433,0,0.81198,5.82906,6.64104
1433,1,0,1.87661,1.87661
1433,2,0,4.63875,4.63875
1433,3,0,1.77641,1.77641
1434,0,0.345104,5.50432,5.84943
1434,1,0,1.79062,1.79062
1434,2,0,4.68641,4.68641
1434,3,0,1.82776,1.82776
1435,0,0.358802,5.47875,5.83755
1435,1,0,1.79802,1.79802
1435,2,0,4.65146,4.65146
1435,3,0,1.92188,1.92188
1436,0,0.504635,5.38297,5.8876
1436,1,0,1.85802,1.85802
1436,2,0,4.58729,4.58729
1436,3,0,2.90651,2.90651
1437,0,0.327344,4.44542,4.77276
1437,1,0,4.72339,4.72339
1437,2,0,1.84745,1.84745
1437,3,0,2.93505,2.93505
1438,0,0.38375,3.83802,4.22177
1438,1,0,4.78776,4.78776
1438,2,0,1.93771,1.93771
1438,3,0,3.16318,3.16318
1439,0,0.47724,3.58766,4.0649
1439,1,0,1.81396,1.81396
1439,2,0,4.58719,4.58719
1439,3,0,2.91188,2.91188
1440,0,0.718229,3.98505,4.70328
1440,1,0,1.86589,1.86589
1440,2,0,4.61547,4.61547
1440,3,0,2.94771,2.94771
1441,0,0.388333,3.95724,4.34557
1441,1,0,4.98094,4.98094
1441,2,0,1.95521,1.95521
1441,3,0,3.94443,3.94443
1442,0,0.345885,3.20755,3.55344
1442,1,0,4.66125,4.66125
1442,2,0,1.79625,1.79625
1442,3,0,3.80469,3.80469
1443,0,0.370677,3.56057,3.93125
1443,1,0,4.69401,4.69401
1443,2,0,1.77802,1.77802
1443,3,0,4.0424,4.0424
1444,0,0.399323,3.45229,3.85161
1444,1,0,4.82115,4.82115
1444,2,0,1.81021,1.81021
1444,3,0,3.86177,3.86177
1445,0,0.343802,3.20641,3.55021
1445,1,0,4.59104,4.59104
1445,2,0,1.75687,1.75687
1445,3,0,3.84974,3.84974
1446,0,0.3875,3.24443,3.63193
1446,1,0,4.57552,4.57552
1446,2,0,1.76099,1.76099
1446,3,0,3.79589,3.79589
1447,0,2.60281,5.18604,7.78885
1447,1,0,1.84193,1.84193
1447,2,0,4.10141,4.10141
1447,3,0,1.81964,1.81964
1448,0,0.381458,3.20932,3.59078
1448,1,0,4.75182,4.75182
1448,2,0,3.94083,3.94083
1448,3,0,1.88443,1.88443
1449,0,0.42974,3.99464,4.42438
1449,1,0,3.89854,3.89854
1449,2,0,4.12391,4.12391
1449,3,0,2.10984,2.10984
1450,0,0.431093,6.52714,6.95823
1450,1,0,4.08755,4.08755
1450,2,0,1.81932,1.81932
1450,3,0,1.76609,1.76609
1451,0,0.39026,5.69912,6.08938
1451,1,0,3.90818,3.90818
1451,2,0,1.87094,1.87094
1451,3,0,1.87099,1.87099
1452,0,0.385469,5.66682,6.05229
1452,1,0,3.88333,3.88333
1452,2,0,2.06713,2.06713
1452,3,0,1.86734,1.86734
1453,0,0.463073,5.87281,6.33589
1453,1,0,4.08276,4.08276
1453,2,0,1.82021,1.82021
1453,3,0,1.78615,1.78615
1454,0,0.407083,5.5587,5.96578
1454,1,0,3.89844,3.89844
1454,2,0,1.87417,1.87417
1454,3,0,1.82042,1.82042
1455,0,0.411407,5.60536,6.01677
1455,1,0,3.05588,3.05588
1455,2,0,2.97578,2.97578
1455,3,0,1.84865,1.84865
1456,0,0.491093,5.87807,6.36917
1456,1,0,3.81255,3.81255
1456,2,0,1.80854,1.80854
1456,3,0,1.80745,1.80745
1457,0,0.375208,5.90453,6.27974
1457,1,0,3.87464,3.87464
1457,2,0,1.82557,1.82557
1457,3,0,1.79266,1.79266
1458,0,0.40776,6.02297,6.43073
1458,1,0,4.1212,4.1212
1458,2,0,1.86792,1.86792
1458,3,0,1.8475,1.8475
1459,0,0.545312,5.74787,6.29318
1459,1,0,4.0626,4.0626
1459,2,0,1.81198,1.81198
1459,3,0,1.80432,1.80432
1460,0,0.411407,5.77823,6.18964
1460,1,0,4.10656,4.10656
1460,2,0,1.80167,1.80167
1460,3,0,1.83167,1.83167
1461,0,0.372969,5.97349,6.34646
1461,1,0,4.27969,4.27969
1461,2,0,1.8662,1.8662
1461,3,0,1.78651,1.78651
1462,0,0.4225,5.77536,6.19787
1462,1,0,2.94109,2.94109
1462,2,0,2.78401,2.78401
1462,3,0,1.82156,1.82156
1463,0,0.386615,5.6399,6.02651
1463,1,0,4.09766,4.09766
1463,2,0,1.79708,1.79708
1463,3,0,1.77818,1.77818
1464,0,0.376979,6.08281,6.45979
1464,1,0,4.17516,4.17516
1464,2,0,1.82156,1.82156
1464,3,0,1.7788,1.7788
1465,0,0.387604,5.59354,5.98115
1465,1,0,4.04672,4.04672
1465,2,0,1.80276,1.80276
1465,3,0,1.84688,1.84688
1466,0,0.96224,5.24432,6.20656
1466,1,0,4.11432,4.11432
1466,2,0,1.80318,1.80318
1466,3,0,1.84427,1.84427
1467,0,0.444218,5.65839,6.1026
1467,1,0,4.17672,4.17672
1467,2,0,1.80937,1.80937
1467,3,0,1.77073,1.77073
1468,0,0.409114,5.60198,6.01109
1468,1,0,4.07328,4.07328
1468,2,0,1.84339,1.84339
1468,3,0,1.85474,1.85474
1469,0,0.420416,6.44234,6.86276
1469,1,0,3.95635,3.95635
1469,2,0,1.86354,1.86354
1469,3,0,1.8926,1.8926
1470,0,0.601614,5.69677,6.29838
1470,1,0,4.13516,4.13516
1470,2,0,1.80802,1.80802
1470,3,0,1.78776,1.78776
1471,0,0.421354,5.59276,6.01412
1471,1,0,4.0074,4.0074
1471,2,0,1.84865,1.84865
1471,3,0,1.80568,1.80568
1472,0,0.38526,5.61401,5.99927
1472,1,0,3.84463,3.84463
1472,2,0,1.86708,1.86708
1472,3,0,2.16578,2.16578
1473,0,0.442553,5.86437,6.30693
1473,1,0,3.87245,3.87245
1473,2,0,1.79917,1.79917
1473,3,0,1.77651,1.77651
1474,0,0.424844,5.56937,5.99422
1474,1,0,4.18719,4.18719
1474,2,0,1.85375,1.85375
1474,3,0,1.81214,1.81214
1475,0,0.398646,5.62323,6.02187
1475,1,0,4.21453,4.21453
1475,2,0,2.17646,2.17646
1475,3,0,1.81521,1.81521
1476,0,0.450104,5.65505,6.10516
1476,1,0,3.9151,3.9151
1476,2,0,1.84604,1.84604
1476,3,0,4.66714,4.66714
1477,0,0.399323,4.61599,5.01531
1477,1,0,2.99833,2.99833
1477,2,0,1.81484,1.81484
1477,3,0,4.68776,4.68776
1478,0,0.397031,5.41771,5.81474
1478,1,0,2.07354,2.07354
1478,2,0,1.81109,1.81109
1478,3,0,4.76172,4.76172
1479,0,0.372813,5.46031,5.83312
1479,1,0,1.80713,1.80713
1479,2,0,1.77151,1.77151
1479,3,0,4.66682,4.66682
1480,0,1.18375,5.52156,6.70531
1480,1,0,1.8426,1.8426
1480,2,0,4.67536,4.67536
1480,3,0,2.09307,2.09307
1481,0,1.26005,5.43266,6.69271
1481,1,0,1.86766,1.86766
1481,2,0,4.58005,4.58005
1481,3,0,2.93078,2.93078
1482,0,0.666094,3.64953,4.31562
1482,1,0,1.79927,1.79927
1482,2,0,4.68667,4.68667
1482,3,0,2.99057,2.99057
1483,0,0.815886,3.59385,4.40974
1483,1,0,1.79911,1.79911
1483,2,0,4.69047,4.69047
1483,3,0,3.31464,3.31464
1484,0,0.426615,3.74417,4.17078
1484,1,0,1.80896,1.80896
1484,2,0,4.58203,4.58203
1484,3,0,2.90901,2.90901
1485,0,0.344532,4.33687,4.68141
1485,1,0,4.73552,4.73552
1485,2,0,1.91677,1.91677
1485,3,0,2.96698,2.96698
1486,0,0.400365,3.77615,4.17651
1486,1,0,4.72422,4.72422
1486,2,0,2.05464,2.05464
1486,3,0,3.97625,3.97625
1487,0,0.415416,3.30359,3.71901
1487,1,0,4.67307,4.67307
1487,2,0,1.75922,1.75922
1487,3,0,3.79453,3.79453
1488,0,0.365261,3.10969,3.47495
1488,1,0,4.80391,4.80391
1488,2,0,1.80922,1.80922
1488,3,0,3.8251,3.8251
1489,0,0.349375,3.24375,3.59313
1489,1,0,4.95531,4.95531
1489,2,0,1.82484,1.82484
1489,3,0,4.16307,4.16307
1490,0,0.365104,3.22318,3.58828
1490,1,0,4.59552,4.59552
1490,2,0,1.75771,1.75771
1490,3,0,2.90693,2.90693
1491,0,0.38,3.72708,4.10708
1491,1,0,1.87781,1.87781
1491,2,0,4.59964,4.59964
1491,3,0,4.07302,4.07302
1492,0,0.348698,3.5512,3.8999
1492,1,0,4.89245,4.89245
1492,2,0,1.83057,1.83057
1492,3,0,3.86563,3.86563
1493,0,0.340469,3.40542,3.74588
1493,1,0,4.53677,4.53677
1493,2,0,1.78354,1.78354
1493,3,0,3.92068,3.92068
1494,0,1.07896,3.23156,4.31052
1494,1,0,4.61646,4.61646
1494,2,0,3.8151,3.8151
1494,3,0,2.565,2.565
1495,0,0.492812,4.15287,4.64568
1495,1,0,5.15302,5.15302
1495,2,0,2.95974,2.95974
1495,3,0,1.79865,1.79865
1496,0,0.415834,5.84594,6.26177
1496,1,0,2.93537,2.93537
1496,2,0,3.02583,3.02583
1496,3,0,1.87401,1.87401
1497,0,0.402448,5.75635,6.1588
1497,1,0,2.95276,2.95276
1497,2,0,3.07745,3.07745
1497,3,0,2.07885,2.07885
1498,0,0.483646,5.89448,6.37812
1498,1,0,3.80849,3.80849
1498,2,0,1.78714,1.78714
1498,3,0,1.7699,1.7699
1499,0,0.363854,5.73703,6.10088
1499,1,0,2.9863,2.9863
1499,2,0,2.70688,2.70688
1499,3,0,1.83672,1.83672
1500,0,0.398698,5.64125,6.03995
1500,1,0,1.78641,1.78641
1500,2,0,4.14578,4.14578
1500,3,0,1.93359,1.93359
1501,0,0.38224,6.25463,6.63687
1501,1,0,3.80516,3.80516
1501,2,0,1.7999,1.7999
1501,3,0,1.77766,1.77766
1502,0,0.401823,5.83062,6.23245
1502,1,0,3.01417,3.01417
1502,2,0,2.7138,2.7138
1502,3,0,1.79042,1.79042
1503,0,0.357968,6.0787,6.43667
1503,1,0,4.08453,4.08453
1503,2,0,1.86406,1.86406
1503,3,0,1.83271,1.83271
1504,0,0.413125,6.16672,6.57984
1504,1,0,4.0687,4.0687
1504,2,0,1.80953,1.80953
1504,3,0,1.77964,1.77964
1505,0,0.399583,5.7901,6.18969
1505,1,0,4.12536,4.12536
1505,2,0,1.8399,1.8399
1505,3,0,1.78807,1.78807
1506,0,0.432396,5.69505,6.12745
1506,1,0,4.49031,4.49031
1506,2,0,1.86208,1.86208
1506,3,0,1.81677,1.81677
1507,0,0.394271,5.97813,6.3724
1507,1,0,3.82797,3.82797
1507,2,0,1.78687,1.78687
1507,3,0,1.81062,1.81062
1508,0,0.406355,5.82271,6.22906
1508,1,0,3.85568,3.85568
1508,2,0,1.83349,1.83349
1508,3,0,1.78078,1.78078
1509,0,0.425937,6.02073,6.44667
1509,1,0,3.97047,3.97047
1509,2,0,1.85292,1.85292
1509,3,0,1.78948,1.78948
1510,0,0.409427,5.63656,6.04599
1510,1,0,4.07057,4.07057
1510,2,0,1.82646,1.82646
1510,3,0,2.02687,2.02687
1511,0,0.778438,5.4176,6.19604
1511,1,0,3.83089,3.83089
1511,2,0,1.79349,1.79349
1511,3,0,2.28104,2.28104
1512,0,0.451927,5.42062,5.87255
1512,1,0,3.97594,3.97594
1512,2,0,2.34182,2.34182
1512,3,0,1.88604,1.88604
1513,0,0.40849,5.59417,6.00266
1513,1,0,3.84479,3.84479
1513,2,0,1.81891,1.81891
1513,3,0,1.98604,1.98604
1514,0,0.465052,5.74693,6.21198
1514,1,0,3.83589,3.83589
1514,2,0,1.8475,1.8475
1514,3,0,2.22969,2.22969
1515,0,0.47849,7.34594,7.82443
1515,1,0,2.68661,2.68661
1515,2,0,2.11854,2.11854
1515,3,0,1.97411,1.97411
1516,0,0.567553,6.82297,7.39052
1516,1,0,2.05583,2.05583
1516,2,0,5.16109,5.16109
1516,3,0,4.42391,4.42391
1517,0,0.432031,4.1838,4.61583
1517,1,0,2.21724,2.21724
1517,2,0,2.70151,2.70151
1517,3,0,2.87406,2.87406
1518,0,0.402916,3.14984,3.55276
1518,1,0,1.81912,1.81912
1518,2,0,1.80234,1.80234
1518,3,0,1.77453,1.77453
1519,0,0.352552,3.90964,4.26219
1519,1,0,1.75865,1.75865
1519,2,0,1.74911,1.74911
1519,3,0,1.76615,1.76615
1520,0,0.363385,3.43125,3.79463
1520,1,0,1.88135,1.88135
1520,2,0,2.83391,2.83391
1520,3,0,1.80229,1.80229
1521,0,0.540833,3.3051,3.84594
1521,1,0,1.86505,1.86505
1521,2,0,2.01635,2.01635
1521,3,0,1.80734,1.80734
1522,0,0.566094,3.80042,4.36651
1522,1,0,1.81411,1.81411
1522,2,0,1.83151,1.83151
1522,3,0,1.88271,1.88271
1523,0,0.650781,3.2362,3.88698
1523,1,0,2.60396,2.60396
1523,2,0,1.80224,1.80224
1523,3,0,1.84083,1.84083
1524,0,1.54766,3.30443,4.85208
1524,1,0,1.86479,1.86479
1524,2,0,2.60891,2.60891
1524,3,0,1.82198,1.82198
1525,0,0.659531,3.23047,3.89
1525,1,0,2.09177,2.09177
1525,2,0,1.87557,1.87557
1525,3,0,1.81714,1.81714
1526,0,0.702969,4.2563,4.95927
1526,1,0,1.80703,1.80703
1526,2,0,1.79672,1.79672
1526,3,0,1.79109,1.79109
1527,0,0.765521,3.29797,4.06349
1527,1,0,2.69698,2.69698
1527,2,0,1.84146,1.84146
1527,3,0,1.8737,1.8737
1528,0,0.835521,3.31698,4.1525
1528,1,0,1.84453,1.84453
1528,2,0,1.8337,1.8337
1528,3,0,2.62729,2.62729
1529,0,1.43771,2.69537,4.13307
1529,1,0,1.97443,1.97443
1529,2,0,1.82339,1.82339
1529,3,0,1.83047,1.83047
1530,0,0.67125,4.32078,4.99203
1530,1,0,1.83286,1.83286
1530,2,0,1.80438,1.80438
1530,3,0,1.80844,1.80844
1531,0,0.693333,3.0951,3.78844
1531,1,0,2.60526,2.60526
1531,2,0,1.89078,1.89078
1531,3,0,1.89052,1.89052
1532,0,0.810416,3.16714,3.97755
1532,1,0,1.83469,1.83469
1532,2,0,1.85,1.85
1532,3,0,2.60266,2.60266
1533,0,0.866823,3.28786,4.15469
1533,1,0,1.88938,1.88938
1533,2,0,1.84385,1.84385
1533,3,0,1.86568,1.86568
1534,0,0.755885,4.02083,4.77672
1534,1,0,1.80958,1.80958
1534,2,0,1.81187,1.81187
1534,3,0,1.7925,1.7925
1535,0,0.744114,3.45479,4.19891
1535,1,0,1.92219,1.92219
1535,2,0,2.45287,2.45287
1535,3,0,1.99026,1.99026
1536,0,0.835365,3.25016,4.08552
1536,1,0,1.8238,1.8238
1536,2,0,1.80865,1.80865
1536,3,0,1.81833,1.81833
1537,0,0.885261,3.50542,4.39068
1537,1,0,1.88448,1.88448
1537,2,0,1.85302,1.85302
1537,3,0,1.85458,1.85458
1538,0,0.769688,3.17698,3.94667
1538,1,0,2.43547,2.43547
1538,2,0,1.84823,1.84823
1538,3,0,1.84745,1.84745
1539,0,0.84974,3.31036,4.1601
1539,1,0,1.81588,1.81588
1539,2,0,1.87911,1.87911
1539,3,0,2.6462,2.6462
1540,0,0.813646,3.28479,4.09844
1540,1,0,1.82313,1.82313
1540,2,0,1.80521,1.80521
1540,3,0,1.8175,1.8175
1541,0,0.740677,4.45448,5.19516
1541,1,0,1.86583,1.86583
1541,2,0,1.85552,1.85552
1541,3,0,1.83885,1.83885
1542,0,0.750677,3.21188,3.96255
1542,1,0,2.63443,2.63443
1542,2,0,1.80505,1.80505
1542,3,0,1.82359,1.82359
1543,0,0.706927,3.44349,4.15042
1543,1,0,1.81557,1.81557
1543,2,0,1.83026,1.83026
1543,3,0,2.65182,2.65182
1544,0,0.826146,3.31448,4.14062
1544,1,0,1.81364,1.81364
1544,2,0,1.80432,1.80432
1544,3,0,1.83453,1.83453
1545,0,0.842032,4.40552,5.24755
1545,1,0,1.8601,1.8601
1545,2,0,1.83375,1.83375
1545,3,0,1.81021,1.81021
1546,0,0.79974,3.26964,4.06937
1546,1,0,2.61734,2.61734
1546,2,0,1.83224,1.83224
1546,3,0,1.8213,1.8213
1547,0,0.74099,3.18208,3.92307
1547,1,0,1.83042,1.83042
1547,2,0,1.84573,1.84573
1547,3,0,2.81286,2.81286
1548,0,1.08339,3.17141,4.25479
1548,1,0,2.01859,2.01859
1548,2,0,2.10578,2.10578
1548,3,0,3.21031,3.21031
1549,0,1.17802,4.31042,5.48844
1549,1,0,2.12328,2.12328
1549,2,0,1.99687,1.99687
1549,3,0,1.9163,1.9163
1550,0,1.02313,4.65406,5.67719
1550,1,0,2.60047,2.60047
1550,2,0,2.49161,2.49161
1550,3,0,4.10292,4.10292
1551,0,1.07802,3.26766,4.34568
1551,1,0,1.94135,1.94135
1551,2,0,4.32568,4.32568
1551,3,0,2.08219,2.08219
1552,0,1.365,3.21745,4.58245
1552,1,0,2.03005,2.03005
1552,2,0,2.09979,2.09979
1552,3,0,1.97396,1.97396
1553,0,1.11688,3.37135,4.48823
1553,1,0,1.97266,1.97266
1553,2,0,2.03323,2.03323
1553,3,0,2.04516,2.04516
1554,0,1.09844,3.29338,4.39182
1554,1,0,2.06354,2.06354
1554,2,0,2.11042,2.11042
1554,3,0,1.99338,1.99338
1555,0,1.22786,3.34745,4.57531
1555,1,0,2.08266,2.08266
1555,2,0,2.8026,2.8026
1555,3,0,1.97938,1.97938
1556,0,1.29563,3.99281,5.28844
1556,1,0,1.99969,1.99969
1556,2,0,1.86682,1.86682
1556,3,0,1.8624,1.8624
1557,0,1.20948,3.39802,4.6075
1557,1,0,1.98281,1.98281
1557,2,0,1.87646,1.87646
1557,3,0,1.93786,1.93786
1558,0,1.11062,3.32604,4.43667
1558,1,0,1.89724,1.89724
1558,2,0,1.82547,1.82547
1558,3,0,1.81797,1.81797
1559,0,0.982292,3.52099,4.50328
1559,1,0,2.30864,2.30864
1559,2,0,1.93526,1.93526
1559,3,0,1.84656,1.84656
1560,0,1.05177,3.36458,4.41635
1560,1,0,1.83104,1.83104
1560,2,0,1.82286,1.82286
1560,3,0,1.82078,1.82078
1561,0,0.853594,3.3224,4.17599
1561,1,0,1.83656,1.83656
1561,2,0,1.92927,1.92927
1561,3,0,1.92745,1.92745
1562,0,1.3262,3.62203,4.94823
1562,1,0,1.95219,1.95219
1562,2,0,1.84203,1.84203
1562,3,0,1.83042,1.83042
1563,0,2.71885,2.06698,4.78583
1563,1,0,2.09313,2.09313
1563,2,0,1.83901,1.83901
1563,3,0,1.85609,1.85609
1564,0,1.01224,3.22719,4.23943
1564,1,0,1.83115,1.83115
1564,2,0,1.82411,1.82411
1564,3,0,1.82573,1.82573
1565,0,0.82526,3.24042,4.06568
1565,1,0,1.82974,1.82974
1565,2,0,1.91271,1.91271
1565,3,0,2.24542,2.24542
1566,0,1.35099,3.19344,4.54443
1566,1,0,1.85609,1.85609
1566,2,0,1.85563,1.85563
1566,3,0,1.86386,1.86386
1567,0,1.52651,3.38443,4.91094
1567,1,0,2.17807,2.17807
1567,2,0,1.89198,1.89198
1567,3,0,1.85938,1.85938
1568,0,0.995416,3.25161,4.24703
1568,1,0,1.83115,1.83115
1568,2,0,1.84708,1.84708
1568,3,0,1.8337,1.8337
1569,0,0.853281,3.31677,4.17005
1569,1,0,1.87792,1.87792
1569,2,0,2.08713,2.08713
1569,3,0,2.08604,2.08604
1570,0,1.16875,3.26573,4.43448
1570,1,0,1.84141,1.84141
1570,2,0,1.84219,1.84219
1570,3,0,2.64323,2.64323
1571,0,1.28125,3.67011,4.95136
1571,1,0,1.86104,1.86104
1571,2,0,1.87083,1.87083
1571,3,0,1.83854,1.83854
1572,0,0.970156,4.11427,5.08443
1572,1,0,1.83536,1.83536
1572,2,0,1.99797,1.99797
1572,3,0,1.85667,1.85667
1573,0,0.835521,3.57578,4.4113
1573,1,0,1.97781,1.97781
1573,2,0,1.87109,1.87109
1573,3,0,1.85568,1.85568
1574,0,1.12547,3.27229,4.39776
1574,1,0,1.83182,1.83182
1574,2,0,2.34786,2.34786
1574,3,0,2.5812,2.5812
1575,0,1.18458,3.55875,4.74333
1575,1,0,1.86208,1.86208
1575,2,0,1.83037,1.83037
1575,3,0,1.84578,1.84578
1576,0,0.866927,3.18188,4.0488
1576,1,0,1.8776,1.8776
1576,2,0,1.8513,1.8513
1576,3,0,1.82182,1.82182
1577,0,0.93401,3.32172,4.25573
1577,1,0,1.89938,1.89938
1577,2,0,1.95677,1.95677
1577,3,0,2.08026,2.08026
1578,0,1.18865,3.44698,4.63563
1578,1,0,1.96266,1.96266
1578,2,0,2.25385,2.25385
1578,3,0,2.06719,2.06719
1579,0,1.27703,3.47708,4.75411
1579,1,0,1.86963,1.86963
1579,2,0,2.23865,2.23865
1579,3,0,2.16698,2.16698
1580,0,1.00401,3.38682,4.39083
1580,1,0,1.8288,1.8288
1580,2,0,1.82458,1.82458
1580,3,0,1.95984,1.95984
1581,0,1.34214,3.58333,4.92547
1581,1,0,2.00188,2.00188
1581,2,0,1.83833,1.83833
1581,3,0,1.82786,1.82786
1582,0,0.997917,4.30516,5.30307
1582,1,0,1.93724,1.93724
1582,2,0,2.2012,2.2012
1582,3,0,1.98682,1.98682
1583,0,1.04411,3.2499,4.29401
1583,1,0,1.84011,1.84011
1583,2,0,1.9649,1.9649
1583,3,0,1.8349,1.8349
1584,0,0.837448,3.65604,4.49349
1584,1,0,1.91573,1.91573
1584,2,0,1.83547,1.83547
1584,3,0,1.87349,1.87349
1585,0,1.05838,3.30479,4.36318
1585,1,0,2.19958,2.19958
1585,2,0,1.8375,1.8375
1585,3,0,1.82823,1.82823
1586,0,0.892865,3.4525,4.34537
1586,1,0,2.18891,2.18891
1586,2,0,1.94151,1.94151
1586,3,0,1.97239,1.97239
1587,0,1.03214,3.23911,4.27125
1587,1,0,1.8351,1.8351
1587,2,0,1.85891,1.85891
1587,3,0,1.83614,1.83614
1588,0,0.836406,3.1674,4.0038
1588,1,0,1.89073,1.89073
1588,2,0,1.98255,1.98255
1588,3,0,1.88818,1.88818
1589,0,1.01807,3.22297,4.24104
1589,1,0,2.04339,2.04339
1589,2,0,1.94755,1.94755
1589,3,0,1.82979,1.82979
1590,0,0.89276,3.53281,4.42557
1590,1,0,2.17641,2.17641
1590,2,0,1.94484,1.94484
1590,3,0,3.83438,3.83438
1591,0,1.0349,3.25662,4.29151
1591,1,0,1.82708,1.82708
1591,2,0,1.82812,1.82812
1591,3,0,1.82417,1.82417
1592,0,0.893021,3.26005,4.15307
1592,1,0,1.84854,1.84854
1592,2,0,1.895,1.895
1592,3,0,1.98047,1.98047
1593,0,1.61073,3.42391,5.03463
1593,1,0,1.88922,1.88922
1593,2,0,1.82672,1.82672
1593,3,0,2.09156,2.09156
1594,0,1.3663,3.62641,4.99271
1594,1,0,1.95302,1.95302
1594,2,0,1.86448,1.86448
1594,3,0,1.83688,1.83688
1595,0,0.936927,3.10219,4.03911
1595,1,0,1.82891,1.82891
1595,2,0,1.83807,1.83807
1595,3,0,1.82401,1.82401
1596,0,1.08182,3.2526,4.33443
1596,1,0,1.85443,1.85443
1596,2,0,1.8662,1.8662
1596,3,0,1.85088,1.85088
1597,0,0.976719,3.34776,4.32448
1597,1,0,1.96182,1.96182
1597,2,0,1.83766,1.83766
1597,3,0,1.84156,1.84156
1598,0,1.29698,3.58318,4.88016
1598,1,0,1.99609,1.99609
1598,2,0,1.86255,1.86255
1598,3,0,1.84354,1.84354
1599,0,0.944479,3.40302,4.3475
1599,1,0,1.88719,1.88719
1599,2,0,1.83786,1.83786
1599,3,0,1.82333,1.82333
1600,0,0.797552,3.2,3.99755
1600,1,0,1.85266,1.85266
1600,2,0,1.86615,1.86615
1600,3,0,1.85693,1.85693
1601,0,0.973125,3.2874,4.26052
1601,1,0,2.05464,2.05464
1601,2,0,1.98646,1.98646
1601,3,0,2.66693,2.66693
1602,0,1.28469,3.28646,4.57115
1602,1,0,1.87432,1.87432
1602,2,0,1.86323,1.86323
1602,3,0,1.84604,1.84604
1603,0,0.946407,3.2013,4.14771
1603,1,0,1.82901,1.82901
1603,2,0,1.82792,1.82792
1603,3,0,1.83359,1.83359
1604,0,0.813698,3.21896,4.03266
1604,1,0,1.90016,1.90016
1604,2,0,1.95802,1.95802
1604,3,0,1.85745,1.85745
1605,0,1.0549,3.45677,4.51167
1605,1,0,1.8388,1.8388
1605,2,0,2.08359,2.08359
1605,3,0,1.95615,1.95615
1606,0,1.14411,3.28901,4.43313
1606,1,0,1.85458,1.85458
1606,2,0,1.85276,1.85276
1606,3,0,1.8251,1.8251
1607,0,0.944323,3.51547,4.45979
1607,1,0,1.82802,1.82802
1607,2,0,1.82042,1.82042
1607,3,0,1.84359,1.84359
1608,0,0.894115,3.14391,4.03802
1608,1,0,1.90208,1.90208
1608,2,0,1.99849,1.99849
1608,3,0,1.84917,1.84917
1609,0,1.20682,3.61266,4.81948
1609,1,0,1.83292,1.83292
1609,2,0,2.62844,2.62844
1609,3,0,1.98547,1.98547
1610,0,1.38818,3.23547,4.62365
1610,1,0,1.8624,1.8624
1610,2,0,2.22453,2.22453
1610,3,0,1.90531,1.90531
1611,0,0.850104,3.30719,4.15729
1611,1,0,1.83547,1.83547
1611,2,0,1.83115,1.83115
1611,3,0,1.82505,1.82505
1612,0,0.839896,3.58677,4.42667
1612,1,0,2.06255,2.06255
1612,2,0,1.84521,1.84521
1612,3,0,1.85115,1.85115
1613,0,1.03365,3.43974,4.47339
1613,1,0,1.82135,1.82135
1613,2,0,2.37323,2.37323
1613,3,0,2.00901,2.00901
1614,0,1.14115,3.26995,4.41109
1614,1,0,1.85464,1.85464
1614,2,0,1.82344,1.82344
1614,3,0,1.85,1.85
1615,0,0.86948,3.25562,4.1251
1615,1,0,1.8362,1.8362
1615,2,0,1.84729,1.84729
1615,3,0,1.82474,1.82474
1616,0,0.817344,3.17427,3.99161
1616,1,0,1.90375,1.90375
1616,2,0,1.90615,1.90615
1616,3,0,1.87068,1.87068
1617,0,1.01948,3.29443,4.31391
1617,1,0,1.83401,1.83401
1617,2,0,1.86729,1.86729
1617,3,0,2.25594,2.25594
1618,0,1.16412,3.28224,4.44635
1618,1,0,1.96375,1.96375
1618,2,0,1.83724,1.83724
1618,3,0,1.83281,1.83281
1619,0,0.853281,3.37599,4.22927
1619,1,0,1.82261,1.82261
1619,2,0,1.82625,1.82625
1619,3,0,1.82224,1.82224
1620,0,0.828542,3.5562,4.38474
1620,1,0,2.00547,2.00547
1620,2,0,1.88391,1.88391
1620,3,0,1.86599,1.86599
1621,0,1.04339,3.36036,4.40375
1621,1,0,1.90005,1.90005
1621,2,0,2.40838,2.40838
1621,3,0,2.10464,2.10464
1622,0,1.18516,3.21307,4.39823
1622,1,0,1.89625,1.89625
1622,2,0,1.83167,1.83167
1622,3,0,1.82729,1.82729
1623,0,0.899791,3.21573,4.11552
1623,1,0,1.83042,1.83042
1623,2,0,2.00687,2.00687
1623,3,0,1.83865,1.83865
1624,0,0.993178,3.48286,4.47604
1624,1,0,2.06469,2.06469
1624,2,0,1.83823,1.83823
1624,3,0,1.82755,1.82755
1625,0,1.00713,3.26672,4.27385
1625,1,0,1.91104,1.91104
1625,2,0,2.33281,2.33281
1625,3,0,2.00635,2.00635
1626,0,1.08536,3.24021,4.32557
1626,1,0,1.8476,1.8476
1626,2,0,1.86479,1.86479
1626,3,0,1.93412,1.93412
1627,0,0.884843,3.27229,4.15714
1627,1,0,1.83427,1.83427
1627,2,0,1.82026,1.82026
1627,3,0,1.86089,1.86089
1628,0,0.830781,3.53036,4.36115
1628,1,0,1.94167,1.94167
1628,2,0,1.83787,1.83787
1628,3,0,1.8312,1.8312
1629,0,0.980677,3.37552,4.3562
1629,1,0,1.84568,1.84568
1629,2,0,1.98302,1.98302
1629,3,0,2.04115,2.04115
1630,0,1.04427,3.15609,4.20036
1630,1,0,2.03276,2.03276
1630,2,0,1.85292,1.85292
1630,3,0,1.83271,1.83271
1631,0,0.887084,3.15401,4.04109
1631,1,0,2.00609,2.00609
1631,2,0,1.90323,1.90323
1631,3,0,1.83635,1.83635
1632,0,0.872031,3.25464,4.12667
1632,1,0,2.19703,2.19703
1632,2,0,1.9713,1.9713
1632,3,0,1.83427,1.83427
1633,0,0.999687,3.24802,4.24771
1633,1,0,1.84922,1.84922
1633,2,0,1.87255,1.87255
1633,3,0,1.92599,1.92599
1634,0,1.13281,3.28938,4.42219
1634,1,0,1.85656,1.85656
1634,2,0,1.83172,1.83172
1634,3,0,1.83198,1.83198
1635,0,0.892552,3.60995,4.5025
1635,1,0,1.84734,1.84734
1635,2,0,1.88776,1.88776
1635,3,0,1.8438,1.8438
1636,0,0.924323,3.35333,4.27766
1636,1,0,1.99505,1.99505
1636,2,0,1.86771,1.86771
1636,3,0,1.84495,1.84495
1637,0,1.07479,3.3301,4.4049
1637,1,0,1.84589,1.84589
1637,2,0,1.92088,1.92088
1637,3,0,2.05182,2.05182
1638,0,1.10995,3.24516,4.3551
1638,1,0,1.86896,1.86896
1638,2,0,1.82651,1.82651
1638,3,0,1.82922,1.82922
1639,0,0.983386,3.72864,4.71203
1639,1,0,1.86677,1.86677
1639,2,0,1.81651,1.81651
1639,3,0,1.85036,1.85036
1640,0,0.878282,3.3526,4.23089
1640,1,0,2.00047,2.00047
1640,2,0,1.83125,1.83125
1640,3,0,1.84047,1.84047
1641,0,1.06708,3.46823,4.53531
1641,1,0,2.21578,2.21578
1641,2,0,2.04604,2.04604
1641,3,0,2.07432,2.07432
1642,0,1.11641,3.77083,4.88724
1642,1,0,1.92698,1.92698
1642,2,0,1.84583,1.84583
1642,3,0,1.82708,1.82708
1643,0,0.936771,3.50349,4.44026
1643,1,0,1.84604,1.84604
1643,2,0,1.83021,1.83021
1643,3,0,1.82411,1.82411
1644,0,1.60276,3.29323,4.89599
1644,1,0,1.88344,1.88344
1644,2,0,1.85052,1.85052
1644,3,0,1.82755,1.82755
1645,0,1.01318,3.4337,4.44688
1645,1,0,2.55266,2.55266
1645,2,0,2.21781,2.21781
1645,3,0,1.88891,1.88891
1646,0,1.06688,3.17271,4.23958
1646,1,0,1.83526,1.83526
1646,2,0,1.82464,1.82464
1646,3,0,1.82359,1.82359
1647,0,0.853698,3.32417,4.17786
1647,1,0,1.82734,1.82734
1647,2,0,1.83443,1.83443
1647,3,0,2.05292,2.05292
1648,0,0.996979,3.5087,4.50568
1648,1,0,1.86833,1.86833
1648,2,0,1.8351,1.8351
1648,3,0,1.82568,1.82568
1649,0,0.929219,3.56172,4.49094
1649,1,0,2.03563,2.03563
1649,2,0,2.08896,2.08896
1649,3,0,1.8424,1.8424
1650,0,1.10052,3.46307,4.56359
1650,1,0,1.9325,1.9325
1650,2,0,1.82588,1.82588
1650,3,0,2.15729,2.15729
1651,0,0.943178,3.35505,4.29823
1651,1,0,1.85052,1.85052
1651,2,0,1.87641,1.87641
1651,3,0,1.85266,1.85266
1652,0,1.13854,3.22537,4.36391
1652,1,0,1.84708,1.84708
1652,2,0,1.83286,1.83286
1652,3,0,1.82417,1.82417
1653,0,0.910365,3.28474,4.1951
1653,1,0,2.12906,2.12906
1653,2,0,1.95682,1.95682
1653,3,0,2.05927,2.05927
1654,0,1.06438,3.47661,4.54099
1654,1,0,1.83615,1.83615
1654,2,0,1.85958,1.85958
1654,3,0,1.88172,1.88172
1655,0,0.844844,3.28667,4.13151
1655,1,0,1.88594,1.88594
1655,2,0,1.83109,1.83109
1655,3,0,1.93823,1.93823
1656,0,1.31682,3.20792,4.52474
1656,1,0,1.83859,1.83859
1656,2,0,1.83047,1.83047
1656,3,0,1.84016,1.84016
1657,0,0.859167,3.22203,4.0812
1657,1,0,2.13151,2.13151
1657,2,0,2.09193,2.09193
1657,3,0,1.84526,1.84526
1658,0,1.08297,3.53969,4.62266
1658,1,0,1.90323,1.90323
1658,2,0,1.9263,1.9263
1658,3,0,2.19948,2.19948
1659,0,0.898334,3.14906,4.0474
1659,1,0,1.84203,1.84203
1659,2,0,1.8562,1.8562
1659,3,0,1.95995,1.95995
1660,0,1.04563,3.18167,4.22729
1660,1,0,1.83297,1.83297
1660,2,0,1.83271,1.83271
1660,3,0,2.11927,2.11927
1661,0,0.854115,3.21922,4.07333
1661,1,0,2.10167,2.10167
1661,2,0,1.87563,1.87563
1661,3,0,1.84339,1.84339
1662,0,1.08151,3.22823,4.30974
1662,1,0,1.84292,1.84292
1662,2,0,1.82792,1.82792
1662,3,0,1.83141,1.83141
1663,0,0.91026,3.28052,4.19078
1663,1,0,1.83214,1.83214
1663,2,0,1.82641,1.82641
1663,3,0,1.85385,1.85385
1664,0,1.20839,3.24047,4.44885
1664,1,0,1.88109,1.88109
1664,2,0,1.83719,1.83719
1664,3,0,1.83615,1.83615
1665,0,0.935885,3.6713,4.60719
1665,1,0,2.22,2.22
1665,2,0,1.88318,1.88318
1665,3,0,1.84495,1.84495
1666,0,1.10146,3.18703,4.28849
1666,1,0,1.90443,1.90443
1666,2,0,1.84224,1.84224
1666,3,0,1.83927,1.83927
1667,0,0.923178,3.30713,4.23031
1667,1,0,1.84792,1.84792
1667,2,0,2.26302,2.26302
1667,3,0,1.94974,1.94974
1668,0,1.14172,3.29849,4.44021
1668,1,0,1.83963,1.83963
1668,2,0,1.8237,1.8237
1668,3,0,1.82318,1.82318
1669,0,0.929115,3.59604,4.52516
1669,1,0,2.19385,2.19385
1669,2,0,1.85969,1.85969
1669,3,0,1.86088,1.86088
1670,0,1.2412,3.24318,4.48438
1670,1,0,1.83104,1.83104
1670,2,0,1.84854,1.84854
1670,3,0,1.82672,1.82672
1671,0,0.919479,3.32495,4.24443
1671,1,0,1.86443,1.86443
1671,2,0,2.00578,2.00578
1671,3,0,1.95276,1.95276
1672,0,1.20708,3.23354,4.44062
1672,1,0,1.83891,1.83891
1672,2,0,1.83708,1.83708
1672,3,0,1.82,1.82
1673,0,1.35713,3.53203,4.88917
1673,1,0,1.98698,1.98698
1673,2,0,1.83536,1.83536
1673,3,0,1.86323,1.86323
1674,0,1.07313,3.26156,4.33469
1674,1,0,1.82365,1.82365
1674,2,0,1.85307,1.85307
1674,3,0,1.83536,1.83536
1675,0,0.96052,3.52339,4.48391
1675,1,0,1.91037,1.91037
1675,2,0,1.86609,1.86609
1675,3,0,2.05906,2.05906
1676,0,1.08453,3.27042,4.35495
1676,1,0,1.85573,1.85573
1676,2,0,1.82453,1.82453
1676,3,0,1.82135,1.82135
1677,0,1.27406,3.69906,4.97312
1677,1,0,1.94042,1.94042
1677,2,0,1.845,1.845
1677,3,0,1.86583,1.86583
1678,0,0.973125,3.20604,4.17917
1678,1,0,1.97313,1.97313
1678,2,0,1.82781,1.82781
1678,3,0,2.0149,2.0149
1679,0,0.817344,3.25891,4.07625
1679,1,0,1.83198,1.83198
1679,2,0,1.85323,1.85323
1679,3,0,1.88234,1.88234
1680,0,1.13161,3.10604,4.23766
1680,1,0,1.86531,1.86531
1680,2,0,1.82411,1.82411
1680,3,0,2.23406,2.23406
1681,0,1.52083,3.39854,4.91937
1681,1,0,1.86755,1.86755
1681,2,0,1.855,1.855
1681,3,0,1.84713,1.84713
1682,0,0.902552,3.32344,4.22599
1682,1,0,2.08365,2.08365
1682,2,0,1.89333,1.89333
1682,3,0,1.82135,1.82135
1683,0,0.862187,3.36115,4.22333
1683,1,0,2.7724,2.7724
1683,2,0,2.07156,2.07156
1683,3,0,1.84245,1.84245
1684,0,1.09099,3.41552,4.50651
1684,1,0,1.84943,1.84943
1684,2,0,2.24833,2.24833
1684,3,0,3.06875,3.06875
1685,0,1.18302,3.24427,4.42729
1685,1,0,1.85489,1.85489
1685,2,0,1.83813,1.83813
1685,3,0,1.84547,1.84547
1686,0,0.833594,3.27104,4.10464
1686,1,0,1.83484,1.83484
1686,2,0,1.84292,1.84292
1686,3,0,1.82599,1.82599
1687,0,0.89224,3.24214,4.13438
1687,1,0,1.90839,1.90839
1687,2,0,1.84958,1.84958
1687,3,0,1.83937,1.83937
1688,0,1.08146,3.39573,4.47719
1688,1,0,1.825,1.825
1688,2,0,1.85089,1.85089
1688,3,0,1.89021,1.89021
1689,0,1.08083,3.30938,4.39021
1689,1,0,1.85156,1.85156
1689,2,0,1.85609,1.85609
1689,3,0,1.94052,1.94052
1690,0,0.828229,3.1824,4.01063
1690,1,0,2.71391,2.71391
1690,2,0,1.82328,1.82328
1690,3,0,1.8563,1.8563
1691,0,0.799844,3.83547,4.63531
1691,1,0,2.08547,2.08547
1691,2,0,1.85755,1.85755
1691,3,0,1.84859,1.84859
1692,0,1.17422,3.39724,4.57146
1692,1,0,1.96484,1.96484
1692,2,0,2.15969,2.15969
1692,3,0,1.89786,1.89786
1693,0,1.07135,3.29297,4.36432
1693,1,0,1.84891,1.84891
1693,2,0,1.83635,1.83635
1693,3,0,1.8688,1.8688
1694,0,0.862188,3.0988,3.96099
1694,1,0,1.82807,1.82807
1694,2,0,1.82318,1.82318
1694,3,0,1.8574,1.8574
1695,0,1.06172,3.98385,5.04557
1695,1,0,2.06594,2.06594
1695,2,0,1.85792,1.85792
1695,3,0,1.82833,1.82833
1696,0,1.04662,3.26224,4.30885
1696,1,0,1.83401,1.83401
1696,2,0,1.93859,1.93859
1696,3,0,2.07745,2.07745
1697,0,1.06625,3.3262,4.39245
1697,1,0,2.0787,2.0787
1697,2,0,1.95114,1.95114
1697,3,0,1.83917,1.83917
1698,0,1.03969,3.19005,4.22974
1698,1,0,1.84193,1.84193
1698,2,0,1.8438,1.8438
1698,3,0,1.86661,1.86661
1699,0,0.955573,3.54859,4.50417
1699,1,0,1.99287,1.99287
1699,2,0,1.92198,1.92198
1699,3,0,1.85838,1.85838
1700,0,1.20672,3.08391,4.29063
1700,1,0,1.87526,1.87526
1700,2,0,2.23495,2.23495
1700,3,0,2.12182,2.12182
1701,0,1.03943,3.26469,4.30412
1701,1,0,1.88135,1.88135
1701,2,0,1.92031,1.92031
1701,3,0,1.84823,1.84823
1702,0,0.988959,3.23713,4.22609
1702,1,0,1.83359,1.83359
1702,2,0,1.82901,1.82901
1702,3,0,1.85979,1.85979
1703,0,0.918281,3.63849,4.55677
1703,1,0,2.02323,2.02323
1703,2,0,2.13745,2.13745
1703,3,0,1.84417,1.84417
1704,0,1.00526,3.56099,4.56625
1704,1,0,2.59813,2.59813
1704,2,0,2.1438,2.1438
1704,3,0,1.89474,1.89474
1705,0,1.01974,3.28047,4.30021
1705,1,0,1.8288,1.8288
1705,2,0,1.90396,1.90396
1705,3,0,1.83516,1.83516
1706,0,1.08349,3.52208,4.60557
1706,1,0,2.10484,2.10484
1706,2,0,1.87823,1.87823
1706,3,0,1.95615,1.95615
1707,0,1.05245,3.50156,4.55401
1707,1,0,1.89828,1.89828
1707,2,0,1.87547,1.87547
1707,3,0,1.87865,1.87865
1708,0,0.919219,3.34583,4.26505
1708,1,0,2.12177,2.12177
1708,2,0,2.09391,2.09391
1708,3,0,1.84255,1.84255
1709,0,1.02823,3.21823,4.24646
1709,1,0,1.83469,1.83469
1709,2,0,1.82568,1.82568
1709,3,0,1.82651,1.82651
1710,0,0.862968,3.17375,4.03672
1710,1,0,1.82224,1.82224
1710,2,0,1.83667,1.83667
1710,3,0,2.68542,2.68542
1711,0,1.1326,3.3051,4.43771
1711,1,0,1.83594,1.83594
1711,2,0,1.84786,1.84786
1711,3,0,1.82531,1.82531
1712,0,0.869323,3.90932,4.77865
1712,1,0,2.16651,2.16651
1712,2,0,1.90063,1.90063
1712,3,0,1.86557,1.86557
1713,0,1.03771,3.26766,4.30537
1713,1,0,1.83729,1.83729
1713,2,0,1.84375,1.84375
1713,3,0,2.28714,2.28714
1714,0,0.938073,3.10156,4.03963
1714,1,0,1.8525,1.8525
1714,2,0,1.9962,1.9962
1714,3,0,2.46036,2.46036
1715,0,1.27266,3.18755,4.46021
1715,1,0,1.86526,1.86526
1715,2,0,1.85146,1.85146
1715,3,0,1.84172,1.84172
1716,0,1.48536,3.35813,4.84349
1716,1,0,2.0149,2.0149
1716,2,0,1.84599,1.84599
1716,3,0,1.85885,1.85885
1717,0,1.04302,3.1851,4.22813
1717,1,0,2.00057,2.00057
1717,2,0,1.90109,1.90109
1717,3,0,1.83474,1.83474
1718,0,0.971302,3.43786,4.40917
1718,1,0,1.87089,1.87089
1718,2,0,2.1512,2.1512
1718,3,0,2.27255,2.27255
1719,0,1.06672,3.2324,4.29911
1719,1,0,1.84557,1.84557
1719,2,0,1.83292,1.83292
1719,3,0,2.86042,2.86042
1720,0,1.3324,3.46213,4.79453
1720,1,0,1.88453,1.88453
1720,2,0,1.86776,1.86776
1720,3,0,2.10859,2.10859
1721,0,1.19542,3.24323,4.43865
1721,1,0,1.82984,1.82984
1721,2,0,1.84568,1.84568
1721,3,0,1.81838,1.81838
1722,0,0.960261,3.51839,4.47865
1722,1,0,1.97526,1.97526
1722,2,0,2.12588,2.12588
1722,3,0,2.03213,2.03213
1723,0,1.1762,3.12057,4.29677
1723,1,0,1.94828,1.94828
1723,2,0,2.96281,2.96281
1723,3,0,2.2688,2.2688
1724,0,1.14964,3.29917,4.4488
1724,1,0,2.15146,2.15146
1724,2,0,1.92338,1.92338
1724,3,0,2.03615,2.03615
1725,0,1.02896,3.29625,4.32521
1725,1,0,2.1337,2.1337
1725,2,0,2.12229,2.12229
1725,3,0,2.7575,2.7575
1726,0,2.51802,3.44661,5.96464
1726,1,0,2.1563,2.1563
1726,2,0,2.35625,2.35625
1726,3,0,2.27984,2.27984
1727,0,1.30823,3.76859,5.07682
1727,1,0,2.33984,2.33984
1727,2,0,2.09646,2.09646
1727,3,0,1.96891,1.96891
1728,0,1.28995,3.29854,4.58849
1728,1,0,2.13094,2.13094
1728,2,0,2.06443,2.06443
1728,3,0,1.83833,1.83833
1729,0,1.08609,3.08885,4.17495
1729,1,0,2.73016,2.73016
1729,2,0,2.11661,2.11661
1729,3,0,1.94859,1.94859
1730,0,1.01302,3.22792,4.24094
1730,1,0,1.86214,1.86214
1730,2,0,1.93287,1.93287
1730,3,0,2.09078,2.09078
1731,0,1.1937,3.38745,4.58115
1731,1,0,1.96005,1.96005
1731,2,0,1.87037,1.87037
1731,3,0,1.84745,1.84745
1732,0,1.25141,3.665,4.91641
1732,1,0,3.7788,3.7788
1732,2,0,2.4325,2.4325
1732,3,0,2.43052,2.43052
1733,0,1.97359,3.55037,5.52396
1733,1,0,2.05516,2.05516
1733,2,0,3.52594,3.52594
1733,3,0,2.22698,2.22698
1734,0,0.571406,3.38443,3.95583
1734,1,0,2.93688,2.93688
1734,2,0,2.10156,2.10156
1734,3,0,2.34328,2.34328
1735,0,0.482552,3.46453,3.94708
1735,1,0,1.85292,1.85292
1735,2,0,2.52396,2.52396
1735,3,0,1.84328,1.84328
1736,0,0.333177,3.86698,4.20016
1736,1,0,2.04854,2.04854
1736,2,0,2.35547,2.35547
1736,3,0,2.67547,2.67547
1737,0,0.603906,5.40807,6.01198
1737,1,0,2.03224,2.03224
1737,2,0,2.18521,2.18521
1737,3,0,1.94568,1.94568
1738,0,0.470469,4.0374,4.50786
1738,1,0,2.80635,2.80635
1738,2,0,2.23849,2.23849
1738,3,0,1.84609,1.84609
1739,0,0.393229,3.33641,3.72964
1739,1,0,5.29641,5.29641
1739,2,0,2.31609,2.31609
1739,3,0,4.12922,4.12922
1740,0,0.40573,3.9475,4.35323
1740,1,0,1.84807,1.84807
1740,2,0,2.49349,2.49349
1740,3,0,3.92328,3.92328
1741,0,0.805833,4.55412,5.35995
1741,1,0,2.00739,2.00739
1741,2,0,2.69115,2.69115
1741,3,0,3.67412,3.67412
1742,0,0.355104,3.62505,3.98016
1742,1,0,2.15813,2.15813
1742,2,0,2.11536,2.11536
1742,3,0,4.45479,4.45479
1743,0,0.487709,3.26531,3.75302
1743,1,0,2.48188,2.48188
1743,2,0,1.80818,1.80818
1743,3,0,4.44401,4.44401
1744,0,0.437813,3.27255,3.71036
1744,1,0,1.84323,1.84323
1744,2,0,2.56062,2.56062
1744,3,0,1.90682,1.90682
1745,0,0.388959,5.44323,5.83219
1745,1,0,1.87531,1.87531
1745,2,0,1.7551,1.7551
1745,3,0,2.44672,2.44672
1746,0,0.424636,5.65208,6.07672
1746,1,0,2.10292,2.10292
1746,2,0,1.8563,1.8563
1746,3,0,1.75182,1.75182
1747,0,0.853021,4.98833,5.84135
1747,1,0,4.08906,4.08906
1747,2,0,2.20578,2.20578
1747,3,0,1.99203,1.99203
1748,0,0.916927,4.37219,5.28911
1748,1,0,3.74073,3.74073
1748,2,0,2.05146,2.05146
1748,3,0,1.80203,1.80203
1749,0,0.500365,4.17729,4.67766
1749,1,0,4.59599,4.59599
1749,2,0,2.06,2.06
1749,3,0,1.78708,1.78708
1750,0,0.463958,4.21167,4.67563
1750,1,0,4.8251,4.8251
1750,2,0,1.81651,1.81651
1750,3,0,1.7801,1.7801
1751,0,0.396719,3.97672,4.37344
1751,1,0,1.77661,1.77661
1751,2,0,4.38844,4.38844
1751,3,0,1.83766,1.83766
1752,0,0.569167,3.29385,3.86302
1752,1,0,2.19437,2.19437
1752,2,0,3.1549,3.1549
1752,3,0,3.84729,3.84729
1753,0,0.362552,3.27401,3.63656
1753,1,0,2.4888,2.4888
1753,2,0,1.89062,1.89062
1753,3,0,2.60573,2.60573
1754,0,0.435312,4.91786,5.35318
1754,1,0,1.7651,1.7651
1754,2,0,2.64891,2.64891
1754,3,0,1.90781,1.90781
1755,0,0.570156,5.64083,6.21099
1755,1,0,1.89458,1.89458
1755,2,0,1.8324,1.8324
1755,3,0,2.54547,2.54547
1756,0,1.29552,4.07911,5.37463
1756,1,0,3.88844,3.88844
1756,2,0,1.79443,1.79443
1756,3,0,2.55214,2.55214
1757,0,0.615365,3.96672,4.58208
1757,1,0,3.9163,3.9163
1757,2,0,1.76745,1.76745
1757,3,0,1.77036,1.77036
1758,0,0.482344,3.52432,4.00667
1758,1,0,4.16323,4.16323
1758,2,0,1.81953,1.81953
1758,3,0,1.81057,1.81057
1759,0,0.516146,3.82516,4.3413
1759,1,0,1.8288,1.8288
1759,2,0,4.57917,4.57917
1759,3,0,1.78583,1.78583
1760,0,0.589062,3.70146,4.29052
1760,1,0,2.24833,2.24833
1760,2,0,2.50047,2.50047
1760,3,0,3.91979,3.91979
1761,0,0.481302,3.24089,3.72219
1761,1,0,2.48526,2.48526
1761,2,0,1.7926,1.7926
1761,3,0,4.3951,4.3951
1762,0,0.365104,3.26349,3.62859
1762,1,0,1.895,1.895
1762,2,0,2.47729,2.47729
1762,3,0,1.83615,1.83615
1763,0,0.669375,5.67266,6.34203
1763,1,0,1.86823,1.86823
1763,2,0,2.69943,2.69943
1763,3,0,1.80911,1.80911
1764,0,0.407916,3.63948,4.0474
1764,1,0,3.88167,3.88167
1764,2,0,1.77177,1.77177
1764,3,0,2.41708,2.41708
1765,0,0.488437,3.85839,4.34682
1765,1,0,3.91193,3.91193
1765,2,0,1.83787,1.83787
1765,3,0,1.7937,1.7937
1766,0,0.390208,3.87932,4.26953
1766,1,0,4.59698,4.59698
1766,2,0,1.94286,1.94286
1766,3,0,1.99583,1.99583
1767,0,0.524062,4.25682,4.78088
1767,1,0,2.60391,2.60391
1767,2,0,3.71646,3.71646
1767,3,0,1.94042,1.94042
1768,0,0.36323,4.23864,4.60187
1768,1,0,2.27135,2.27135
1768,2,0,4.26276,4.26276
1768,3,0,1.95781,1.95781
1769,0,0.391094,3.60375,3.99484
1769,1,0,2.15375,2.15375
1769,2,0,2.34682,2.34682
1769,3,0,4.09995,4.09995
1770,0,0.666406,3.67406,4.34047
1770,1,0,2.53234,2.53234
1770,2,0,1.78896,1.78896
1770,3,0,2.40484,2.40484
1771,0,0.519948,5.61703,6.13698
1771,1,0,1.79062,1.79062
1771,2,0,2.18953,2.18953
1771,3,0,1.82391,1.82391
1772,0,0.549791,5.51917,6.06896
1772,1,0,1.88542,1.88542
1772,2,0,4.55297,4.55297
1772,3,0,1.86177,1.86177
1773,0,0.532656,3.42854,3.9612
1773,1,0,2.57443,2.57443
1773,2,0,1.83474,1.83474
1773,3,0,4.595,4.595
1774,0,0.380521,3.11031,3.49083
1774,1,0,1.76208,1.76208
1774,2,0,2.46417,2.46417
1774,3,0,1.81682,1.81682
1775,0,0.541562,5.56344,6.105
1775,1,0,1.83682,1.83682
1775,2,0,1.80438,1.80438
1775,3,0,2.34078,2.34078
1776,0,0.480677,4.23917,4.71984
1776,1,0,4.07719,4.07719
1776,2,0,2.02615,2.02615
1776,3,0,2.65865,2.65865
1777,0,0.576458,4.06193,4.63839
1777,1,0,3.91266,3.91266
1777,2,0,1.7863,1.7863
1777,3,0,2.54266,2.54266
1778,0,0.475365,3.90109,4.37646
1778,1,0,3.97198,3.97198
1778,2,0,1.82542,1.82542
1778,3,0,1.77662,1.77662
1779,0,0.449531,4.01463,4.46417
1779,1,0,4.63031,4.63031
1779,2,0,2.06375,2.06375
1779,3,0,1.85224,1.85224
1780,0,0.470261,4.12641,4.59667
1780,1,0,2.58338,2.58338
1780,2,0,3.91672,3.91672
1780,3,0,1.80146,1.80146
1781,0,0.445261,3.99104,4.4363
1781,1,0,1.83875,1.83875
1781,2,0,5.07437,5.07437
1781,3,0,1.89276,1.89276
1782,0,0.36625,4.41656,4.78281
1782,1,0,1.81474,1.81474
1782,2,0,2.59146,2.59146
1782,3,0,4.2649,4.2649
1783,0,0.378177,3.27682,3.655
1783,1,0,2.69443,2.69443
1783,2,0,2.57844,2.57844
1783,3,0,3.90854,3.90854
1784,0,0.382865,3.24188,3.62474
1784,1,0,2.57172,2.57172
1784,2,0,1.85839,1.85839
1784,3,0,2.74396,2.74396
1785,0,0.421302,4.9187,5.34
1785,1,0,1.79646,1.79646
1785,2,0,2.56891,2.56891
1785,3,0,1.83292,1.83292
1786,0,0.518333,6.07307,6.59141
1786,1,0,1.86016,1.86016
1786,2,0,1.83578,1.83578
1786,3,0,2.4662,2.4662
1787,0,0.384114,3.76313,4.14724
1787,1,0,3.93365,3.93365
1787,2,0,1.79208,1.79208
1787,3,0,2.60578,2.60578
1788,0,0.646094,4.0138,4.6599
1788,1,0,3.8887,3.8887
1788,2,0,1.81448,1.81448
1788,3,0,1.76745,1.76745
1789,0,0.36651,3.91312,4.27963
1789,1,0,4.9725,4.9725
1789,2,0,1.86182,1.86182
1789,3,0,1.79453,1.79453
1790,0,0.352344,4.0325,4.38484
1790,1,0,2.59583,2.59583
1790,2,0,3.9138,3.9138
1790,3,0,1.7824,1.7824
1791,0,0.367187,4.13068,4.49786
1791,1,0,1.89469,1.89469
1791,2,0,4.69339,4.69339
1791,3,0,1.7999,1.7999
1792,0,0.350834,3.22672,3.57755
1792,1,0,2.72287,2.72287
1792,2,0,2.91547,2.91547
1792,3,0,3.97672,3.97672
1793,0,0.387552,3.11318,3.50073
1793,1,0,2.60323,2.60323
1793,2,0,1.82453,1.82453
1793,3,0,2.58125,2.58125
1794,0,0.392188,4.88417,5.27635
1794,1,0,1.87484,1.87484
1794,2,0,2.66396,2.66396
1794,3,0,1.84547,1.84547
1795,0,0.453906,5.47573,5.92964
1795,1,0,1.82187,1.82187
1795,2,0,1.87,1.87
1795,3,0,3.02115,3.02115
1796,0,0.640886,4.08922,4.7301
1796,1,0,3.92401,3.92401
1796,2,0,1.80229,1.80229
1796,3,0,2.58797,2.58797
1797,0,0.642448,4.18625,4.8287
1797,1,0,3.99708,3.99708
1797,2,0,1.89651,1.89651
1797,3,0,2.63068,2.63068
1798,0,0.546198,3.95729,4.50349
1798,1,0,3.87984,3.87984
1798,2,0,1.84635,1.84635
1798,3,0,1.90531,1.90531
1799,0,0.564532,4.11151,4.67604
1799,1,0,4.80672,4.80672
1799,2,0,1.80255,1.80255
1799,3,0,1.76844,1.76844
1800,0,0.450781,4.0475,4.49828
1800,1,0,4.59714,4.59714
1800,2,0,2.03261,2.03261
1800,3,0,1.86458,1.86458
1801,0,0.461511,4.3051,4.76661
1801,1,0,2.10047,2.10047
1801,2,0,4.46828,4.46828
1801,3,0,1.85292,1.85292
1802,0,0.440885,4.1426,4.58349
1802,1,0,1.86573,1.86573
1802,2,0,2.60089,2.60089
1802,3,0,3.90979,3.90979
1803,0,0.369635,3.11068,3.48031
1803,1,0,2.56646,2.56646
1803,2,0,1.81229,1.81229
1803,3,0,4.76646,4.76646
1804,0,0.409584,3.21568,3.62526
1804,1,0,2.6463,2.6463
1804,2,0,1.82552,1.82552
1804,3,0,2.59339,2.59339
1805,0,0.397239,5.74823,6.14547
1805,1,0,1.85818,1.85818
1805,2,0,2.70922,2.70922
1805,3,0,1.80984,1.80984
1806,0,0.892135,5.25125,6.14339
1806,1,0,1.76151,1.76151
1806,2,0,1.75792,1.75792
1806,3,0,2.58745,2.58745
1807,0,0.509063,4.01219,4.52125
1807,1,0,3.92885,3.92885
1807,2,0,1.80792,1.80792
1807,3,0,2.56427,2.56427
1808,0,0.479583,4.92802,5.4076
1808,1,0,4.15344,4.15344
1808,2,0,1.81719,1.81719
1808,3,0,2.65667,2.65667
1809,0,0.475417,3.98927,4.46469
1809,1,0,3.91156,3.91156
1809,2,0,1.81417,1.81417
1809,3,0,1.77479,1.77479
1810,0,0.712917,3.66489,4.37781
1810,1,0,4.69333,4.69333
1810,2,0,1.82313,1.82313
1810,3,0,1.77286,1.77286
1811,0,0.351979,4.32365,4.67563
1811,1,0,4.75537,4.75537
1811,2,0,1.84984,1.84984
1811,3,0,1.80224,1.80224
1812,0,0.385104,4.1875,4.5726
1812,1,0,1.80005,1.80005
1812,2,0,4.77953,4.77953
1812,3,0,1.79438,1.79438
1813,0,0.381198,4.06958,4.45078
1813,1,0,2.27578,2.27578
1813,2,0,4.89417,4.89417
1813,3,0,1.85193,1.85193
1814,0,0.469688,3.28396,3.75365
1814,1,0,2.67146,2.67146
1814,2,0,1.85729,1.85729
1814,3,0,4.79339,4.79339
1815,0,0.496354,3.23823,3.73458
1815,1,0,2.58729,2.58729
1815,2,0,1.78219,1.78219
1815,3,0,4.59932,4.59932
1816,0,0.371302,3.43406,3.80536
1816,1,0,1.78901,1.78901
1816,2,0,2.69771,2.69771
1816,3,0,2.66208,2.66208
1817,0,0.404271,4.95813,5.3624
1817,1,0,1.83838,1.83838
1817,2,0,2.65271,2.65271
1817,3,0,1.98141,1.98141
1818,0,0.749063,6.54828,7.29734
1818,1,0,1.83516,1.83516
1818,2,0,3.19047,3.19047
1818,3,0,1.88948,1.88948
1819,0,0.504739,6.53563,7.04036
1819,1,0,1.83203,1.83203
1819,2,0,2.65937,2.65937
1819,3,0,1.8275,1.8275
1820,0,0.38448,6.44984,6.83432
1820,1,0,1.82516,1.82516
1820,2,0,1.85474,1.85474
1820,3,0,3.61385,3.61385
1821,0,0.427396,4.94828,5.37568
1821,1,0,4.09964,4.09964
1821,2,0,2.63547,2.63547
1821,3,0,1.81964,1.81964
1822,0,0.397083,6.84453,7.24162
1822,1,0,2.71739,2.71739
1822,2,0,2.81073,2.81073
1822,3,0,1.85896,1.85896
1823,0,0.896719,6.04359,6.94031
1823,1,0,1.84526,1.84526
1823,2,0,2.95109,2.95109
1823,3,0,1.84068,1.84068
1824,0,0.444844,6.51187,6.95672
1824,1,0,1.78641,1.78641
1824,2,0,2.54328,2.54328
1824,3,0,1.80161,1.80161
1825,0,0.421094,6.4075,6.82859
1825,1,0,1.85542,1.85542
1825,2,0,1.80229,1.80229
1825,3,0,2.61547,2.61547
1826,0,0.40901,3.97563,4.38464
1826,1,0,4.71161,4.71161
1826,2,0,2.01193,2.01193
1826,3,0,2.67682,2.67682
1827,0,0.427396,3.98,4.4074
1827,1,0,4.61365,4.61365
1827,2,0,1.76599,1.76599
1827,3,0,2.55516,2.55516
1828,0,0.4,4.00219,4.40219
1828,1,0,4.7013,4.7013
1828,2,0,1.82104,1.82104
1828,3,0,2.57776,2.57776
1829,0,0.52677,4.01406,4.54083
1829,1,0,4.83776,4.83776
1829,2,0,2.01037,2.01037
1829,3,0,2.64615,2.64615
1830,0,0.57724,4.00948,4.58672
1830,1,0,4.5988,4.5988
1830,2,0,1.76797,1.76797
1830,3,0,1.76036,1.76036
1831,0,0.461094,3.69224,4.15333
1831,1,0,5.60198,5.60198
1831,2,0,1.80458,1.80458
1831,3,0,1.75755,1.75755
1832,0,0.367136,4.41458,4.78172
1832,1,0,6.11224,6.11224
1832,2,0,1.83307,1.83307
1832,3,0,2.00417,2.00417
1833,0,0.526823,4.95573,5.48255
1833,1,0,4.6126,4.6126
1833,2,0,1.79146,1.79146
1833,3,0,1.7651,1.7651
1834,0,0.460313,5.3374,5.79771
1834,1,0,4.71031,4.71031
1834,2,0,1.80406,1.80406
1834,3,0,1.76922,1.76922
1835,0,0.425417,5.13062,5.55604
1835,1,0,4.92328,4.92328
1835,2,0,1.82422,1.82422
1835,3,0,2.95766,2.95766
1836,0,0.497865,7.26094,7.7588
1836,1,0,1.79599,1.79599
1836,2,0,1.75172,1.75172
1836,3,0,2.9749,2.9749
1837,0,1.01943,6.35099,7.37042
1837,1,0,1.8126,1.8126
1837,2,0,1.74865,1.74865
1837,3,0,2.95281,2.95281
1838,0,1.09911,6.68938,7.78849
1838,1,0,1.8487,1.8487
1838,2,0,1.7524,1.7524
1838,3,0,2.94651,2.94651
1839,0,0.42224,6.89297,7.31521
1839,1,0,1.78646,1.78646
1839,2,0,1.76318,1.76318
1839,3,0,3.11682,3.11682
1840,0,0.532813,7.31245,7.84526
1840,1,0,1.79969,1.79969
1840,2,0,1.75766,1.75766
1840,3,0,2.94437,2.94437
1841,0,0.615521,7.14542,7.76094
1841,1,0,1.78307,1.78307
1841,2,0,2.93318,2.93318
1841,3,0,1.89755,1.89755
1842,0,0.383333,6.69557,7.07891
1842,1,0,1.78833,1.78833
1842,2,0,3.02589,3.02589
1842,3,0,1.84318,1.84318
1843,0,0.404948,6.88573,7.29068
1843,1,0,1.84344,1.84344
1843,2,0,3.04729,3.04729
1843,3,0,2.19193,2.19193
1844,0,0.814115,6.51302,7.32714
1844,1,0,1.78833,1.78833
1844,2,0,2.92359,2.92359
1844,3,0,1.81255,1.81255
1845,0,0.414427,6.86979,7.28422
1845,1,0,1.85255,1.85255
1845,2,0,2.98687,2.98687
1845,3,0,1.81109,1.81109
1846,0,0.740157,7.00599,7.74615
1846,1,0,1.82849,1.82849
1846,2,0,3.29026,3.29026
1846,3,0,3.01021,3.01021
1847,0,0.46875,5.81375,6.2825
1847,1,0,1.77167,1.77167
1847,2,0,2.92641,2.92641
1847,3,0,2.92396,2.92396
1848,0,0.411459,5.77453,6.18599
1848,1,0,1.82323,1.82323
1848,2,0,2.97557,2.97557
1848,3,0,2.93886,2.93886
1849,0,0.415885,5.74161,6.1575
1849,1,0,2.1375,2.1375
1849,2,0,2.85229,2.85229
1849,3,0,3.00271,3.00271
1850,0,0.417708,5.95094,6.36865
1850,1,0,3.00318,3.00318
1850,2,0,1.82896,1.82896
1850,3,0,5.16703,5.16703
1851,0,0.52375,3.38427,3.90802
1851,1,0,2.9563,2.9563
1851,2,0,1.79886,1.79886
1851,3,0,4.99578,4.99578
1852,0,0.407864,4.0812,4.48906
1852,1,0,3.07943,3.07943
1852,2,0,1.84344,1.84344
1852,3,0,5.91943,5.91943
1853,0,0.365469,3.24635,3.61182
1853,1,0,2.92505,2.92505
1853,2,0,1.79484,1.79484
1853,3,0,5.79037,5.79037
1854,0,0.394531,3.46396,3.85849
1854,1,0,2.92401,2.92401
1854,2,0,2.95333,2.95333
1854,3,0,4.95094,4.95094
1855,0,0.395573,4.50375,4.89932
1855,1,0,1.81917,1.81917
1855,2,0,5.74245,5.74245
1855,3,0,1.79094,1.79094
1856,0,0.367552,4.42854,4.79609
1856,1,0,1.82734,1.82734
1856,2,0,6.02297,6.02297
1856,3,0,1.81099,1.81099
1857,0,0.386198,4.19167,4.57787
1857,1,0,3.01349,3.01349
1857,2,0,4.97385,4.97385
1857,3,0,1.82948,1.82948
1858,0,0.402761,4.39167,4.79443
1858,1,0,2.94495,2.94495
1858,2,0,4.61359,4.61359
1858,3,0,1.78833,1.78833
1859,0,0.356094,4.60385,4.95995
1859,1,0,5.7751,5.7751
1859,2,0,1.81635,1.81635
1859,3,0,1.74745,1.74745
1860,0,0.35302,4.39276,4.74578
1860,1,0,6.09682,6.09682
1860,2,0,1.85286,1.85286
1860,3,0,1.77656,1.77656
1861,0,0.384115,5.7476,6.13172
1861,1,0,4.70693,4.70693
1861,2,0,1.77474,1.77474
1861,3,0,3.00276,3.00276
1862,0,0.501979,4.32354,4.82552
1862,1,0,4.58078,4.58078
1862,2,0,1.77406,1.77406
1862,3,0,2.96854,2.96854
1863,0,0.523281,4.445,4.96828
1863,1,0,4.70406,4.70406
1863,2,0,1.77062,1.77062
1863,3,0,2.91333,2.91333
1864,0,0.453021,4.25365,4.70667
1864,1,0,4.62146,4.62146
1864,2,0,1.7725,1.7725
1864,3,0,3.05037,3.05037
1865,0,0.405989,4.71828,5.12427
1865,1,0,4.59302,4.59302
1865,2,0,1.80906,1.80906
1865,3,0,3.13755,3.13755
1866,0,0.595416,6.85693,7.45234
1866,1,0,1.78734,1.78734
1866,2,0,2.91224,2.91224
1866,3,0,1.80255,1.80255
1867,0,0.388438,6.8812,7.26964
1867,1,0,1.82177,1.82177
1867,2,0,1.84339,1.84339
1867,3,0,2.75266,2.75266
1868,0,0.421823,6.76125,7.18307
1868,1,0,1.80156,1.80156
1868,2,0,1.81344,1.81344
1868,3,0,3.3737,3.3737
1869,0,0.452083,7.17391,7.62599
1869,1,0,1.78359,1.78359
1869,2,0,2.91891,2.91891
1869,3,0,1.81458,1.81458
1870,0,0.415885,6.77213,7.18802
1870,1,0,1.86922,1.86922
1870,2,0,2.97578,2.97578
1870,3,0,1.88703,1.88703
1871,0,0.422031,6.76484,7.18687
1871,1,0,1.86359,1.86359
1871,2,0,3.32844,3.32844
1871,3,0,1.86484,1.86484
1872,0,0.516719,6.76708,7.2838
1872,1,0,1.78677,1.78677
1872,2,0,2.91969,2.91969
1872,3,0,1.7975,1.7975
1873,0,0.41448,7.09828,7.51276
1873,1,0,1.80755,1.80755
1873,2,0,2.9725,2.9725
1873,3,0,1.81094,1.81094
1874,0,0.735156,6.73057,7.46573
1874,1,0,1.9649,1.9649
1874,2,0,3.02552,3.02552
1874,3,0,2.9812,2.9812
1875,0,0.408229,5.87854,6.28677
1875,1,0,1.78734,1.78734
1875,2,0,2.93573,2.93573
1875,3,0,2.96213,2.96213
1876,0,0.387292,5.95594,6.34323
1876,1,0,1.81984,1.81984
1876,2,0,2.93057,2.93057
1876,3,0,2.92766,2.92766
1877,0,0.458177,5.92833,6.38651
1877,1,0,1.86047,1.86047
1877,2,0,2.88568,2.88568
1877,3,0,2.94349,2.94349
1878,0,0.445416,5.6775,6.12292
1878,1,0,1.7787,1.7787
1878,2,0,2.83932,2.83932
1878,3,0,3.02135,3.02135
1879,0,0.509636,5.70474,6.21438
1879,1,0,1.78953,1.78953
1879,2,0,2.9613,2.9613
1879,3,0,2.98349,2.98349
1880,0,0.550677,6.01948,6.57016
1880,1,0,2.99932,2.99932
1880,2,0,1.76943,1.76943
1880,3,0,4.9924,4.9924
1881,0,0.374114,3.51224,3.88635
1881,1,0,2.93917,2.93917
1881,2,0,1.79792,1.79792
1881,3,0,5.14271,5.14271
1882,0,0.382032,3.76208,4.14412
1882,1,0,2.92964,2.92964
1882,2,0,1.9737,1.9737
1882,3,0,3.10505,3.10505
1883,0,0.585834,5.56885,6.15469
1883,1,0,2.92458,2.92458
1883,2,0,1.78255,1.78255
1883,3,0,5.83974,5.83974
1884,0,0.375,3.46292,3.83792
1884,1,0,3.01078,3.01078
1884,2,0,1.89448,1.89448
1884,3,0,5.8126,5.8126
1885,0,0.382812,3.25932,3.64214
1885,1,0,3.00995,3.00995
1885,2,0,3.24427,3.24427
1885,3,0,4.84812,4.84812
1886,0,0.418906,4.25687,4.67578
1886,1,0,1.81089,1.81089
1886,2,0,5.79328,5.79328
1886,3,0,1.79417,1.79417
1887,0,0.380104,4.42427,4.80438
1887,1,0,1.87917,1.87917
1887,2,0,5.90437,5.90437
1887,3,0,1.79391,1.79391
1888,0,0.356094,4.48151,4.8376
1888,1,0,3.27833,3.27833
1888,2,0,4.77286,4.77286
1888,3,0,1.78208,1.78208
1889,0,0.369792,4.41792,4.78771
1889,1,0,2.93208,2.93208
1889,2,0,4.70021,4.70021
1889,3,0,1.82333,1.82333
1890,0,0.861094,4.72344,5.58453
1890,1,0,5.52672,5.52672
1890,2,0,1.84224,1.84224
1890,3,0,1.82682,1.82682
1891,0,0.454323,5.57073,6.02505
1891,1,0,4.7575,4.7575
1891,2,0,1.79964,1.79964
1891,3,0,2.90672,2.90672
1892,0,0.467344,4.26427,4.73161
1892,1,0,4.73469,4.73469
1892,2,0,1.8899,1.8899
1892,3,0,2.98604,2.98604
1893,0,0.380573,4.37573,4.7563
1893,1,0,4.64542,4.64542
1893,2,0,1.84375,1.84375
1893,3,0,3.23359,3.23359
1894,0,0.411771,4.60766,5.01943
1894,1,0,4.56922,4.56922
1894,2,0,1.7763,1.7763
1894,3,0,2.9349,2.9349
1895,0,0.38099,4.69813,5.07911
1895,1,0,4.66661,4.66661
1895,2,0,3.02953,3.02953
1895,3,0,1.81297,1.81297
1896,0,0.395833,6.9275,7.32333
1896,1,0,2.02005,2.02005
1896,2,0,3.0601,3.0601
1896,3,0,1.86635,1.86635
1897,0,0.822604,6.66495,7.48755
1897,1,0,1.77068,1.77068
1897,2,0,2.92115,2.92115
1897,3,0,1.78677,1.78677
1898,0,0.754218,6.96542,7.71964
1898,1,0,1.80995,1.80995
1898,2,0,2.94865,2.94865
1898,3,0,2.95172,2.95172
1899,0,0.401511,6.19807,6.59958
1899,1,0,1.85167,1.85167
1899,2,0,2.9813,2.9813
1899,3,0,2.97583,2.97583
1900,0,0.400312,5.73766,6.13797
1900,1,0,3.03984,3.03984
1900,2,0,1.82349,1.82349
1900,3,0,5.03641,5.03641
1901,0,1.22771,3.2151,4.44281
1901,1,0,2.9249,2.9249
1901,2,0,1.95656,1.95656
1901,3,0,5.16755,5.16755
1902,0,0.488281,3.63448,4.12276
1902,1,0,2.98083,2.98083
1902,2,0,1.8263,1.8263
1902,3,0,5.9175,5.9175
1903,0,0.387396,3.2049,3.59229
1903,1,0,2.94135,2.94135
1903,2,0,1.86984,1.86984
1903,3,0,5.84802,5.84802
1904,0,0.368229,3.35609,3.72432
1904,1,0,2.93599,2.93599
1904,2,0,3.01391,3.01391
1904,3,0,4.96599,4.96599
1905,0,0.388646,4.42818,4.81682
1905,1,0,1.79364,1.79364
1905,2,0,2.94307,2.94307
1905,3,0,4.60568,4.60568
1906,0,0.362812,4.24135,4.60417
1906,1,0,1.90151,1.90151
1906,2,0,2.98776,2.98776
1906,3,0,4.60714,4.60714
1907,0,0.392187,4.46797,4.86016
1907,1,0,1.88448,1.88448
1907,2,0,5.95115,5.95115
1907,3,0,1.86568,1.86568
1908,0,0.346614,4.38313,4.72974
1908,1,0,2.94604,2.94604
1908,2,0,4.70083,4.70083
1908,3,0,1.79,1.79
1909,0,0.384687,4.52953,4.91422
1909,1,0,2.99453,2.99453
1909,2,0,4.59172,4.59172
1909,3,0,1.75313,1.75313
1910,0,0.350313,6.40411,6.75443
1910,1,0,4.7626,4.7626
1910,2,0,1.7826,1.7826
1910,3,0,1.74844,1.74844
1911,0,0.37302,5.14646,5.51948
1911,1,0,4.66432,4.66432
1911,2,0,1.8049,1.8049
1911,3,0,1.81099,1.81099
1912,0,0.409063,5.18911,5.59818
1912,1,0,4.70677,4.70677
1912,2,0,1.77297,1.77297
1912,3,0,1.78542,1.78542
1913,0,0.45625,5.47938,5.93562
1913,1,0,4.80016,4.80016
1913,2,0,1.81276,1.81276
1913,3,0,2.93333,2.93333
1914,0,0.38651,4.62656,5.01307
1914,1,0,4.66042,4.66042
1914,2,0,1.84125,1.84125
1914,3,0,2.96995,2.96995
1915,0,0.371667,4.22656,4.59823
1915,1,0,4.63557,4.63557
1915,2,0,1.86109,1.86109
1915,3,0,3.31463,3.31463
1916,0,0.414635,4.48995,4.90458
1916,1,0,4.57411,4.57411
1916,2,0,1.77484,1.77484
1916,3,0,2.95365,2.95365
1917,0,0.402605,6.98984,7.39245
1917,1,0,1.84276,1.84276
1917,2,0,1.76276,1.76276
1917,3,0,2.96901,2.96901
1918,0,0.421094,7.10073,7.52182
1918,1,0,1.90984,1.90984
1918,2,0,3.26651,3.26651
1918,3,0,1.8776,1.8776
1919,0,0.796198,6.48635,7.28255
1919,1,0,1.77875,1.77875
1919,2,0,2.90042,2.90042
1919,3,0,1.81047,1.81047
1920,0,0.405261,6.86771,7.27297
1920,1,0,1.80917,1.80917
1920,2,0,2.95375,2.95375
1920,3,0,1.81599,1.81599
1921,0,0.415157,7.59984,8.015
1921,1,0,1.89365,1.89365
1921,2,0,3.04969,3.04969
1921,3,0,2.95021,2.95021
1922,0,0.419375,5.65693,6.0763
1922,1,0,1.76974,1.76974
1922,2,0,2.91792,2.91792
1922,3,0,1.83104,1.83104
1923,0,0.395573,6.91182,7.3074
1923,1,0,1.81463,1.81463
1923,2,0,2.94141,2.94141
1923,3,0,2.94943,2.94943
1924,0,0.438698,5.87516,6.31385
1924,1,0,1.83,1.83
1924,2,0,3.04542,3.04542
1924,3,0,2.93328,2.93328
1925,0,0.385,5.95594,6.34094
1925,1,0,1.78245,1.78245
1925,2,0,2.94521,2.94521
1925,3,0,3.0162,3.0162
1926,0,0.499531,5.58375,6.08328
1926,1,0,1.81214,1.81214
1926,2,0,2.93729,2.93729
1926,3,0,2.98828,2.98828
1927,0,0.511875,5.65078,6.16266
1927,1,0,1.81781,1.81781
1927,2,0,2.96885,2.96885
1927,3,0,2.93427,2.93427
1928,0,0.419532,5.60443,6.02396
1928,1,0,1.76458,1.76458
1928,2,0,3.1337,3.1337
1928,3,0,3.34578,3.34578
1929,0,0.497448,5.84594,6.34339
1929,1,0,2.91745,2.91745
1929,2,0,1.87719,1.87719
1929,3,0,3.30984,3.30984
1930,0,0.478333,5.71859,6.19693
1930,1,0,2.92781,2.92781
1930,2,0,1.78646,1.78646
1930,3,0,2.93391,2.93391
1931,0,0.500989,5.51219,6.01318
1931,1,0,3.00141,3.00141
1931,2,0,1.85161,1.85161
1931,3,0,2.95167,2.95167
1932,0,0.527969,5.62422,6.15219
1932,1,0,3.03948,3.03948
1932,2,0,1.90099,1.90099
1932,3,0,3.19807,3.19807
1933,0,0.52,6.02083,6.54083
1933,1,0,2.94156,2.94156
1933,2,0,2.93526,2.93526
1933,3,0,4.69963,4.69963
1934,0,0.399584,3.32458,3.72417
1934,1,0,3.05703,3.05703
1934,2,0,3.03573,3.03573
1934,3,0,4.68271,4.68271
1935,0,0.369635,4.40396,4.77359
1935,1,0,2.11838,2.11838
1935,2,0,3.01698,3.01698
1935,3,0,4.69354,4.69354
1936,0,0.38276,4.25969,4.64245
1936,1,0,1.79479,1.79479
1936,2,0,5.89328,5.89328
1936,3,0,1.80599,1.80599
1937,0,0.648333,4.41406,5.0624
1937,1,0,2.95995,2.95995
1937,2,0,4.69552,4.69552
1937,3,0,1.81521,1.81521
1938,0,0.408125,4.78042,5.18854
1938,1,0,3.0401,3.0401
1938,2,0,4.66495,4.66495
1938,3,0,1.78792,1.78792
1939,0,0.351145,5.69094,6.04208
1939,1,0,4.68667,4.68667
1939,2,0,1.91875,1.91875
1939,3,0,1.79557,1.79557
1940,0,0.426042,5.0688,5.49484
1940,1,0,4.69521,4.69521
1940,2,0,1.84719,1.84719
1940,3,0,2.02896,2.02896
1941,0,0.493281,5.16229,5.65557
1941,1,0,4.67177,4.67177
1941,2,0,1.79031,1.79031
1941,3,0,1.78151,1.78151
1942,0,0.392708,4.96333,5.35604
1942,1,0,4.76229,4.76229
1942,2,0,1.865,1.865
1942,3,0,1.78047,1.78047
1943,0,0.431615,5.12583,5.55745
1943,1,0,3.95818,3.95818
1943,2,0,2.65052,2.65052
1943,3,0,1.89208,1.89208
1944,0,0.401146,5.21859,5.61974
1944,1,0,4.67656,4.67656
1944,2,0,1.79052,1.79052
1944,3,0,2.91948,2.91948
1945,0,0.346875,4.57161,4.91849
1945,1,0,4.79734,4.79734
1945,2,0,1.81146,1.81146
1945,3,0,2.92682,2.92682
1946,0,0.393281,4.42781,4.82109
1946,1,0,4.91208,4.91208
1946,2,0,1.83078,1.83078
1946,3,0,3.03568,3.03568
1947,0,0.370052,4.48911,4.85917
1947,1,0,4.58469,4.58469
1947,2,0,1.75922,1.75922
1947,3,0,2.93224,2.93224
1948,0,0.386771,4.79865,5.18542
1948,1,0,4.59323,4.59323
1948,2,0,2.93307,2.93307
1948,3,0,1.77432,1.77432
1949,0,0.371094,4.55203,4.92312
1949,1,0,4.71583,4.71583
1949,2,0,2.96854,2.96854
1949,3,0,1.80964,1.80964
1950,0,0.739479,6.49224,7.23172
1950,1,0,1.79573,1.79573
1950,2,0,2.93969,2.93969
1950,3,0,1.82458,1.82458
1951,0,1.33229,5.85536,7.18766
1951,1,0,1.78714,1.78714
1951,2,0,2.90885,2.90885
1951,3,0,1.84896,1.84896
1952,0,0.511406,7.04323,7.55464
1952,1,0,1.84531,1.84531
1952,2,0,2.91281,2.91281
1952,3,0,1.80391,1.80391
1953,0,0.369271,6.91458,7.28385
1953,1,0,1.81365,1.81365
1953,2,0,3.00302,3.00302
1953,3,0,1.98703,1.98703
1954,0,0.452656,6.81146,7.26411
1954,1,0,1.78224,1.78224
1954,2,0,2.94563,2.94563
1954,3,0,1.83703,1.83703
1955,0,0.520989,7.14755,7.66854
1955,1,0,1.79198,1.79198
1955,2,0,2.91406,2.91406
1955,3,0,1.76375,1.76375
1956,0,0.390521,6.57672,6.96724
1956,1,0,1.77417,1.77417
1956,2,0,2.98042,2.98042
1956,3,0,1.95141,1.95141
1957,0,0.472188,6.88302,7.35521
1957,1,0,1.79156,1.79156
1957,2,0,3.08,3.08
1957,3,0,3.26588,3.26588
1958,0,0.48599,5.7363,6.22229
1958,1,0,1.79531,1.79531
1958,2,0,2.94781,2.94781
1958,3,0,2.92344,2.92344
1959,0,0.390937,5.92563,6.31656
1959,1,0,2.05401,2.05401
1959,2,0,2.78568,2.78568
1959,3,0,2.95109,2.95109
1960,0,0.398021,5.71422,6.11224
1960,1,0,1.83406,1.83406
1960,2,0,3.30026,3.30026
1960,3,0,3.04203,3.04203
1961,0,0.511719,5.77911,6.29083
1961,1,0,2.92828,2.92828
1961,2,0,1.7899,1.7899
1961,3,0,2.96068,2.96068
1962,0,0.369115,5.74151,6.11062
1962,1,0,2.95255,2.95255
1962,2,0,1.80089,1.80089
1962,3,0,2.92948,2.92948
1963,0,0.421146,5.96599,6.38714
1963,1,0,3.30005,3.30005
1963,2,0,1.85589,1.85589
1963,3,0,3.03448,3.03448
1964,0,0.41823,5.65078,6.06901
1964,1,0,1.7762,1.7762
1964,2,0,2.705,2.705
1964,3,0,2.93151,2.93151
1965,0,0.403334,5.82651,6.22984
1965,1,0,2.96927,2.96927
1965,2,0,1.81354,1.81354
1965,3,0,2.92703,2.92703
1966,0,0.485885,5.84917,6.33505
1966,1,0,3.10807,3.10807
1966,2,0,1.87448,1.87448
1966,3,0,3.02786,3.02786
1967,0,0.406875,5.78182,6.1887
1967,1,0,2.91042,2.91042
1967,2,0,1.79135,1.79135
1967,3,0,5.16036,5.16036
1968,0,0.510417,3.59219,4.1026
1968,1,0,2.96687,2.96687
1968,2,0,1.80047,1.80047
1968,3,0,2.79302,2.79302
1969,0,0.528594,5.72312,6.25172
1969,1,0,3.04948,3.04948
1969,2,0,1.78651,1.78651
1969,3,0,2.7238,2.7238
1970,0,0.44099,5.51432,5.95531
1970,1,0,2.90693,2.90693
1970,2,0,1.78474,1.78474
1970,3,0,3.01495,3.01495
1971,0,0.43276,5.73745,6.17021
1971,1,0,2.91891,2.91891
1971,2,0,1.76682,1.76682
1971,3,0,3.02266,3.02266
1972,0,0.546041,5.84693,6.39297
1972,1,0,2.99964,2.99964
1972,2,0,1.80865,1.80865
1972,3,0,2.92547,2.92547
1973,0,0.495104,5.52776,6.02286
1973,1,0,2.93531,2.93531
1973,2,0,1.82969,1.82969
1973,3,0,3.01641,3.01641
1974,0,0.447136,6.13948,6.58662
1974,1,0,2.93651,2.93651
1974,2,0,3.0075,3.0075
1974,3,0,4.94104,4.94104
1975,0,0.399844,4.42505,4.8249
1975,1,0,1.79651,1.79651
1975,2,0,2.94318,2.94318
1975,3,0,4.70854,4.70854
1976,0,0.37375,4.40318,4.77693
1976,1,0,1.91385,1.91385
1976,2,0,2.99656,2.99656
1976,3,0,4.71755,4.71755
1977,0,0.351302,4.42911,4.78042
1977,1,0,3.43146,3.43146
1977,2,0,4.80625,4.80625
1977,3,0,1.83068,1.83068
1978,0,0.371458,4.66318,5.03463
1978,1,0,2.97026,2.97026
1978,2,0,4.69469,4.69469
1978,3,0,1.79401,1.79401
1979,0,0.365417,4.42745,4.79286
1979,1,0,3.01755,3.01755
1979,2,0,4.61943,4.61943
1979,3,0,1.7625,1.7625
1980,0,0.336771,5.84828,6.18505
1980,1,0,4.77005,4.77005
1980,2,0,1.79021,1.79021
1980,3,0,1.77516,1.77516
1981,0,0.375052,3.85568,4.23073
1981,1,0,5.81901,5.81901
1981,2,0,1.8162,1.8162
1981,3,0,1.79844,1.79844
1982,0,0.375937,5.71073,6.08667
1982,1,0,4.69156,4.69156
1982,2,0,1.78115,1.78115
1982,3,0,1.81313,1.81313
1983,0,0.469792,4.97557,5.44536
1983,1,0,4.76297,4.76297
1983,2,0,1.78516,1.78516
1983,3,0,2.8876,2.8876
1984,0,0.337396,4.40641,4.7438
1984,1,0,4.69948,4.69948
1984,2,0,1.82745,1.82745
1984,3,0,2.96412,2.96412
1985,0,0.357709,4.13729,4.495
1985,1,0,4.73677,4.73677
1985,2,0,1.83552,1.83552
1985,3,0,3.23516,3.23516
1986,0,0.367083,4.42078,4.78786
1986,1,0,4.62651,4.62651
1986,2,0,1.77062,1.77062
1986,3,0,2.9113,2.9113
1987,0,0.340261,4.3562,4.69646
1987,1,0,4.65318,4.65318
1987,2,0,1.80661,1.80661
1987,3,0,2.93495,2.93495
1988,0,0.342396,4.3763,4.7187
1988,1,0,4.61974,4.61974
1988,2,0,2.03193,2.03193
1988,3,0,3.03281,3.03281
1989,0,0.4375,4.62375,5.06125
1989,1,0,4.59833,4.59833
1989,2,0,2.9288,2.9288
1989,3,0,1.80891,1.80891
1990,0,0.476146,4.45411,4.93026
1990,1,0,4.62057,4.62057
1990,2,0,2.93589,2.93589
1990,3,0,1.78396,1.78396
1991,0,0.370208,4.10042,4.47063
1991,1,0,4.89266,4.89266
1991,2,0,3.06115,3.06115
1991,3,0,1.86458,1.86458
1992,0,0.468646,6.67714,7.14578
1992,1,0,1.7687,1.7687
1992,2,0,2.9051,2.9051
1992,3,0,1.83328,1.83328
1993,0,0.374792,7.2874,7.66219
1993,1,0,1.81573,1.81573
1993,2,0,2.90099,2.90099
1993,3,0,2.90594,2.90594
1994,0,0.48125,5.86151,6.34276
1994,1,0,1.81792,1.81792
1994,2,0,3.01203,3.01203
1994,3,0,2.92599,2.92599
1995,0,0.40276,5.65662,6.05938
1995,1,0,1.77599,1.77599
1995,2,0,2.9499,2.9499
1995,3,0,2.99609,2.99609
1996,0,0.442708,5.74906,6.19177
1996,1,0,1.78521,1.78521
1996,2,0,2.93573,2.93573
1996,3,0,2.99807,2.99807
1997,0,0.446875,6.31609,6.76297
1997,1,0,1.85255,1.85255
1997,2,0,3.00412,3.00412
1997,3,0,2.95011,2.95011
1998,0,0.405,5.69365,6.09865
1998,1,0,1.77828,1.77828
1998,2,0,2.90318,2.90318
1998,3,0,3.06516,3.06516
1999,0,0.482865,5.64458,6.12745
1999,1,0,1.78531,1.78531
1999,2,0,2.85651,2.85651
1999,3,0,3.13255,3.13255
2000,0,0.550625,5.72411,6.27474
2000,1,0,2.93385,2.93385
2000,2,0,1.80151,1.80151
2000,3,0,3.07417,3.07417
2001,0,0.395729,5.83172,6.22745
2001,1,0,2.96677,2.96677
2001,2,0,1.88656,1.88656
2001,3,0,3.01823,3.01823
2002,0,0.52224,5.59797,6.12021
2002,1,0,3.00625,3.00625
2002,2,0,1.8825,1.8825
2002,3,0,3.19859,3.19859
2003,0,0.553021,5.9,6.45302
2003,1,0,2.95021,2.95021
2003,2,0,1.82177,1.82177
2003,3,0,2.68333,2.68333
2004,0,0.418229,5.69844,6.11667
2004,1,0,2.99427,2.99427
2004,2,0,1.82219,1.82219
2004,3,0,2.98708,2.98708
2005,0,0.410208,5.69974,6.10995
2005,1,0,3.01552,3.01552
2005,2,0,2.11,2.11
2005,3,0,2.81891,2.81891
2006,0,0.468802,5.71411,6.18292
2006,1,0,2.92891,2.92891
2006,2,0,1.76313,1.76313
2006,3,0,2.80495,2.80495
2007,0,0.469584,5.75057,6.22016
2007,1,0,3.00687,3.00687
2007,2,0,1.8213,1.8213
2007,3,0,2.85172,2.85172
2008,0,0.498855,6.03552,6.53437
2008,1,0,3.30719,3.30719
2008,2,0,3.02276,3.02276
2008,3,0,4.7251,4.7251
2009,0,0.352031,4.74385,5.09589
2009,1,0,1.78167,1.78167
2009,2,0,2.95427,2.95427
2009,3,0,4.72005,4.72005
2010,0,0.377708,4.34276,4.72047
2010,1,0,1.78073,1.78073
2010,2,0,2.93406,2.93406
2010,3,0,4.75922,4.75922
2011,0,0.450938,4.49745,4.94839
2011,1,0,3.06568,3.06568
2011,2,0,4.77469,4.77469
2011,3,0,1.80151,1.80151
2012,0,0.367084,4.66219,5.02927
2012,1,0,2.93573,2.93573
2012,2,0,4.78354,4.78354
2012,3,0,2.64755,2.64755
2013,0,0.862291,4.96854,5.83083
2013,1,0,4.03052,4.03052
2013,2,0,2.73594,2.73594
2013,3,0,1.86979,1.86979
2014,0,0.431459,4.78625,5.21771
2014,1,0,1.83135,1.83135
2014,2,0,4.59542,4.59542
2014,3,0,1.75661,1.75661
2015,0,0.337188,5.40505,5.74224
2015,1,0,1.8801,1.8801
2015,2,0,4.60333,4.60333
2015,3,0,1.83417,1.83417
2016,0,0.369115,5.12739,5.49651
2016,1,0,1.86187,1.86187
2016,2,0,4.85083,4.85083
2016,3,0,1.83927,1.83927
2017,0,0.424323,5.12682,5.55115
2017,1,0,4.66714,4.66714
2017,2,0,1.78417,1.78417
2017,3,0,1.74505,1.74505
2018,0,0.353542,5.23573,5.58927
2018,1,0,4.7474,4.7474
2018,2,0,1.83276,1.83276
2018,3,0,1.75703,1.75703
2019,0,0.372291,5.22693,5.59922
2019,1,0,1.91542,1.91542
2019,2,0,4.79682,4.79682
2019,3,0,1.83979,1.83979
2020,0,0.419635,4.89818,5.31781
2020,1,0,1.83161,1.83161
2020,2,0,4.58828,4.58828
2020,3,0,1.75089,1.75089
2021,0,0.348854,5.36755,5.71641
2021,1,0,1.87625,1.87625
2021,2,0,4.58292,4.58292
2021,3,0,1.76115,1.76115
2022,0,0.345573,5.42505,5.77062
2022,1,0,5.09443,5.09443
2022,2,0,1.85354,1.85354
2022,3,0,2.90797,2.90797
2023,0,0.357761,4.60745,4.96521
2023,1,0,4.7199,4.7199
2023,2,0,1.79177,1.79177
2023,3,0,3.01562,3.01562
2024,0,0.40573,4.38953,4.79526
2024,1,0,4.55453,4.55453
2024,2,0,1.78625,1.78625
2024,3,0,2.97453,2.97453
2025,0,0.425417,4.60411,5.02953
2025,1,0,4.65026,4.65026
2025,2,0,1.77328,1.77328
2025,3,0,2.92406,2.92406
2026,0,0.359375,4.25182,4.6112
2026,1,0,4.6188,4.6188
2026,2,0,1.85406,1.85406
2026,3,0,4.38776,4.38776
2027,0,0.488958,3.49688,3.98583
2027,1,0,4.62042,4.62042
2027,2,0,3.07531,3.07531
2027,3,0,3.3238,3.3238
2028,0,0.493958,5.79953,6.29349
2028,1,0,1.79182,1.79182
2028,2,0,2.90797,2.90797
2028,3,0,2.91599,2.91599
2029,0,0.407187,5.72474,6.13193
2029,1,0,1.85641,1.85641
2029,2,0,3.00526,3.00526
2029,3,0,2.95599,2.95599
2030,0,0.397083,5.74047,6.13755
2030,1,0,1.89667,1.89667
2030,2,0,3.32307,3.32307
2030,3,0,3.0287,3.0287
2031,0,0.516823,5.88036,6.39719
2031,1,0,2.93625,2.93625
2031,2,0,1.8088,1.8088
2031,3,0,3.06354,3.06354
2032,0,0.414427,5.90151,6.31594
2032,1,0,2.99005,2.99005
2032,2,0,1.85839,1.85839
2032,3,0,2.98964,2.98964
2033,0,0.389115,5.84745,6.23656
2033,1,0,3.36984,3.36984
2033,2,0,3.1351,3.1351
2033,3,0,1.89094,1.89094
2034,0,0.443958,7.78464,8.22859
2034,1,0,1.87917,1.87917
2034,2,0,3.03094,3.03094
2034,3,0,4.81719,4.81719
2035,0,0.370521,4.36474,4.73526
2035,1,0,2.97922,2.97922
2035,2,0,1.89276,1.89276
2035,3,0,4.96583,4.96583
2036,0,0.431354,4.47589,4.90724
2036,1,0,3.09797,3.09797
2036,2,0,4.58661,4.58661
2036,3,0,1.88729,1.88729
2037,0,0.432812,4.5325,4.96531
2037,1,0,2.74464,2.74464
2037,2,0,4.79964,4.79964
2037,3,0,1.82276,1.82276
2038,0,0.346719,5.96859,6.31531
2038,1,0,5.10089,5.10089
2038,2,0,1.97542,1.97542
2038,3,0,3.19146,3.19146
2039,0,0.434427,4.49443,4.92885
2039,1,0,4.64833,4.64833
2039,2,0,1.8113,1.8113
2039,3,0,2.96641,2.96641
2040,0,0.368334,4.51536,4.8837
2040,1,0,4.59068,4.59068
2040,2,0,1.76969,1.76969
2040,3,0,2.90016,2.90016
2041,0,0.312031,4.53219,4.84422
2041,1,0,4.7862,4.7862
2041,2,0,1.81463,1.81463
2041,3,0,2.91781,2.91781
2042,0,0.313958,4.77245,5.08641
2042,1,0,4.75844,4.75844
2042,2,0,2.92578,2.92578
2042,3,0,2.99052,2.99052
2043,0,0.438125,3.13719,3.57531
2043,1,0,4.71307,4.71307
2043,2,0,2.92328,2.92328
2043,3,0,2.99495,2.99495
2044,0,0.514636,6.51198,7.02661
2044,1,0,2.98323,2.98323
2044,2,0,1.80464,1.80464
2044,3,0,2.93151,2.93151
2045,0,0.485521,5.62391,6.10943
2045,1,0,1.79219,1.79219
2045,2,0,2.80469,2.80469
2045,3,0,2.99135,2.99135
2046,0,0.410833,6.0188,6.42964
2046,1,0,2.96115,2.96115
2046,2,0,2.27422,2.27422
2046,3,0,3.00573,3.00573
2047,0,0.439323,5.64823,6.08755
2047,1,0,2.93219,2.93219
2047,2,0,2.94359,2.94359
2047,3,0,1.81719,1.81719
2048,0,0.393646,5.86536,6.25901
2048,1,0,3.02177,3.02177
2048,2,0,2.99063,2.99063
2048,3,0,1.85417,1.85417
2049,0,0.386406,5.55615,5.94255
2049,1,0,3.00495,3.00495
2049,2,0,3.24964,3.24964
2049,3,0,1.87458,1.87458
2050,0,0.539791,5.52432,6.06411
2050,1,0,2.93693,2.93693
2050,2,0,2.94766,2.94766
2050,3,0,1.81849,1.81849
2051,0,0.396042,5.68542,6.08146
2051,1,0,3.00078,3.00078
2051,2,0,2.94932,2.94932
2051,3,0,1.82307,1.82307
2052,0,0.419427,5.61162,6.03104
2052,1,0,3.23745,3.23745
2052,2,0,3.04463,3.04463
2052,3,0,4.83729,4.83729
2053,0,0.346823,3.14615,3.49297
2053,1,0,2.9212,2.9212
2053,2,0,2.94427,2.94427
2053,3,0,4.70922,4.70922
2054,0,1.45255,3.18776,4.64031
2054,1,0,3.85114,3.85114
2054,2,0,1.84563,1.84563
2054,3,0,4.72135,4.72135
2055,0,0.419011,4.45922,4.87823
2055,1,0,3.1,3.1
2055,2,0,1.86797,1.86797
2055,3,0,4.58604,4.58604
2056,0,0.361718,4.41521,4.77693
2056,1,0,2.9638,2.9638
2056,2,0,4.75901,4.75901
2056,3,0,1.84162,1.84162
2057,0,0.406146,5.81339,6.21953
2057,1,0,1.83406,1.83406
2057,2,0,4.77958,4.77958
2057,3,0,2.12828,2.12828
2058,0,1.04208,5.13625,6.17833
2058,1,0,4.97156,4.97156
2058,2,0,1.80042,1.80042
2058,3,0,2.90182,2.90182
2059,0,0.395365,4.40818,4.80354
2059,1,0,4.7962,4.7962
2059,2,0,1.8113,1.8113
2059,3,0,2.92391,2.92391
2060,0,0.373333,4.48328,4.85661
2060,1,0,4.93089,4.93089
2060,2,0,1.83531,1.83531
2060,3,0,3.04057,3.04057
2061,0,0.383386,4.8412,5.22458
2061,1,0,4.58896,4.58896
2061,2,0,2.92443,2.92443
2061,3,0,1.82364,1.82364
2062,0,0.406354,3.87609,4.28245
2062,1,0,4.58005,4.58005
2062,2,0,2.93109,2.93109
2062,3,0,1.76307,1.76307
2063,0,0.335052,4.19807,4.53313
2063,1,0,4.76724,4.76724
2063,2,0,3.0149,3.0149
2063,3,0,1.76354,1.76354
2064,0,0.38125,3.7963,4.17755
2064,1,0,4.5962,4.5962
2064,2,0,1.76922,1.76922
2064,3,0,2.93375,2.93375
2065,0,0.323386,4.63432,4.95771
2065,1,0,4.58792,4.58792
2065,2,0,2.92286,2.92286
2065,3,0,1.77458,1.77458
2066,0,0.583021,4.08464,4.66766
2066,1,0,4.74141,4.74141
2066,2,0,2.97859,2.97859
2066,3,0,2.92932,2.92932
2067,0,0.381406,3.53917,3.92057
2067,1,0,4.69552,4.69552
2067,2,0,3.0024,3.0024
2067,3,0,3.49313,3.49313
2068,0,0.502708,4.95552,5.45823
2068,1,0,1.77583,1.77583
2068,2,0,2.94365,2.94365
2068,3,0,3.05766,3.05766
2069,0,0.694687,5.6976,6.39229
2069,1,0,1.78953,1.78953
2069,2,0,2.9249,2.9249
2069,3,0,1.78448,1.78448
2070,0,0.496198,3.69745,4.19365
2070,1,0,4.59448,4.59448
2070,2,0,3.01979,3.01979
2070,3,0,3.00401,3.00401
2071,0,0.64901,5.65521,6.30422
2071,1,0,1.75349,1.75349
2071,2,0,2.95812,2.95812
2071,3,0,3.29151,3.29151
2072,0,1.51943,5.0212,6.54063
2072,1,0,2.05401,2.05401
2072,2,0,2.75099,2.75099
2072,3,0,2.95651,2.95651
2073,0,0.501354,5.79573,6.29708
2073,1,0,3.9287,3.9287
2073,2,0,3.03036,3.03036
2073,3,0,4.79667,4.79667
2074,0,0.353177,3.30224,3.65542
2074,1,0,3.25937,3.25937
2074,2,0,2.99302,2.99302
2074,3,0,4.75958,4.75958
2075,0,0.354375,4.39198,4.74635
2075,1,0,2.9124,2.9124
2075,2,0,1.79948,1.79948
2075,3,0,4.76234,4.76234
2076,0,0.420729,4.70464,5.12537
2076,1,0,3.00312,3.00312
2076,2,0,1.81818,1.81818
2076,3,0,4.6549,4.6549
2077,0,0.421667,4.58708,5.00875
2077,1,0,3.13641,3.13641
2077,2,0,1.80896,1.80896
2077,3,0,4.5924,4.5924
2078,0,0.399948,5.46458,5.86453
2078,1,0,1.87552,1.87552
2078,2,0,4.72229,4.72229
2078,3,0,1.81958,1.81958
2079,0,0.342188,5.43083,5.77302
2079,1,0,1.86349,1.86349
2079,2,0,4.74443,4.74443
2079,3,0,2.10583,2.10583
2080,0,0.356354,6.00292,6.35927
2080,1,0,4.78161,4.78161
2080,2,0,1.76979,1.76979
2080,3,0,2.91104,2.91104
2081,0,0.400521,4.37896,4.77948
2081,1,0,4.78078,4.78078
2081,2,0,1.81344,1.81344
2081,3,0,2.93906,2.93906
2082,0,0.35875,4.44047,4.79922
2082,1,0,4.96641,4.96641
2082,2,0,1.825,1.825
2082,3,0,3.02104,3.02104
2083,0,0.335364,4.33745,4.67281
2083,1,0,4.58667,4.58667
2083,2,0,1.7701,1.7701
2083,3,0,2.90687,2.90687
2084,0,0.346146,4.33828,4.68443
2084,1,0,4.59448,4.59448
2084,2,0,1.77708,1.77708
2084,3,0,2.92172,2.92172
2085,0,0.334271,4.53838,4.87266
2085,1,0,4.78115,4.78115
2085,2,0,3.05948,3.05948
2085,3,0,2.93333,2.93333
2086,0,0.352813,3.27568,3.62849
2086,1,0,4.59698,4.59698
2086,2,0,2.91297,2.91297
2086,3,0,3.36604,3.36604
2087,0,0.453333,3.39849,3.85182
2087,1,0,4.7499,4.7499
2087,2,0,2.92792,2.92792
2087,3,0,3.01276,3.01276
2088,0,0.560938,6.30417,6.8651
2088,1,0,2.97953,2.97953
2088,2,0,2.98583,2.98583
2088,3,0,1.83182,1.83182
2089,0,0.415573,5.72536,6.14094
2089,1,0,2.92578,2.92578
2089,2,0,3.03313,3.03313
2089,3,0,1.96964,1.96964
2090,0,0.414844,5.52318,5.93802
2090,1,0,2.99042,2.99042
2090,2,0,3.66714,3.66714
2090,3,0,1.98901,1.98901
2091,0,0.435104,5.93547,6.37057
2091,1,0,2.94323,2.94323
2091,2,0,2.93974,2.93974
2091,3,0,4.68813,4.68813
2092,0,0.372552,4.46448,4.83703
2092,1,0,3.49698,3.49698
2092,2,0,1.85688,1.85688
2092,3,0,4.70271,4.70271
2093,0,0.355208,4.48839,4.84359
2093,1,0,3.27739,3.27739
2093,2,0,1.85912,1.85912
2093,3,0,4.65328,4.65328
2094,0,0.434844,5.56141,5.99625
2094,1,0,1.82219,1.82219
2094,2,0,4.71234,4.71234
2094,3,0,1.7987,1.7987
2095,0,0.508073,5.83604,6.34412
2095,1,0,1.87333,1.87333
2095,2,0,4.60354,4.60354
2095,3,0,1.79234,1.79234
2096,0,1.06099,6.29583,7.35682
2096,1,0,4.62646,4.62646
2096,2,0,1.77302,1.77302
2096,3,0,2.93495,2.93495
2097,0,0.343906,4.38323,4.72713
2097,1,0,4.74193,4.74193
2097,2,0,1.84885,1.84885
2097,3,0,2.93698,2.93698
2098,0,0.369375,4.22208,4.59146
2098,1,0,4.6225,4.6225
2098,2,0,1.83448,1.83448
2098,3,0,3.26276,3.26276
2099,0,0.364739,4.03229,4.39703
2099,1,0,4.5763,4.5763
2099,2,0,1.76323,1.76323
2099,3,0,2.90365,2.90365
2100,0,0.353542,4.06792,4.42146
2100,1,0,4.62964,4.62964
2100,2,0,1.80177,1.80177
2100,3,0,2.91073,2.91073
2101,0,0.350729,4.3849,4.73562
2101,1,0,4.66964,4.66964
2101,2,0,2.12156,2.12156
2101,3,0,4.03792,4.03792
2102,0,0.437032,3.62026,4.05729
2102,1,0,4.57698,4.57698
2102,2,0,2.91063,2.91063
2102,3,0,3.10885,3.10885
2103,0,0.420052,3.33646,3.75651
2103,1,0,4.59255,4.59255
2103,2,0,2.92604,2.92604
2103,3,0,2.91995,2.91995
2104,0,0.379583,6.00953,6.38911
2104,1,0,1.82578,1.82578
2104,2,0,3.01141,3.01141
2104,3,0,2.93943,2.93943
2105,0,0.401667,5.78755,6.18922
2105,1,0,1.76271,1.76271
2105,2,0,2.89599,2.89599
2105,3,0,2.94927,2.94927
2106,0,0.435469,6.02375,6.45922
2106,1,0,1.78422,1.78422
2106,2,0,2.89901,2.89901
2106,3,0,2.9362,2.9362
2107,0,0.552083,5.65479,6.20688
2107,1,0,1.80984,1.80984
2107,2,0,3.00896,3.00896
2107,3,0,2.94505,2.94505
2108,0,0.385573,5.81724,6.20281
2108,1,0,1.7725,1.7725
2108,2,0,2.94151,2.94151
2108,3,0,3.0837,3.0837
2109,0,0.485625,5.89,6.37563
2109,1,0,2.93011,2.93011
2109,2,0,2.98162,2.98162
2109,3,0,1.92094,1.92094
2110,0,0.468282,6.57469,7.04297
2110,1,0,2.9537,2.9537
2110,2,0,2.9125,2.9125
2110,3,0,1.79214,1.79214
2111,0,0.369792,5.62281,5.9926
2111,1,0,2.91109,2.91109
2111,2,0,2.99307,2.99307
2111,3,0,1.86,1.86
2112,0,0.395834,5.71292,6.10875
2112,1,0,2.91073,2.91073
2112,2,0,1.80771,1.80771
2112,3,0,3.01083,3.01083
2113,0,0.497083,5.81099,6.30807
2113,1,0,2.92583,2.92583
2113,2,0,2.94396,2.94396
2113,3,0,1.81422,1.81422
2114,0,0.409062,5.57245,5.98151
2114,1,0,3.04042,3.04042
2114,2,0,2.97359,2.97359
2114,3,0,1.83104,1.83104
2115,0,0.412395,5.74484,6.15724
2115,1,0,2.97354,2.97354
2115,2,0,3.28651,3.28651
2115,3,0,1.85948,1.85948
2116,0,0.459687,5.66302,6.12271
2116,1,0,2.93182,2.93182
2116,2,0,2.94687,2.94687
2116,3,0,1.82724,1.82724
2117,0,0.39875,5.57896,5.97771
2117,1,0,3.0374,3.0374
2117,2,0,2.94078,2.94078
2117,3,0,1.83615,1.83615
2118,0,0.392135,5.69849,6.09063
2118,1,0,1.83234,1.83234
2118,2,0,4.11172,4.11172
2118,3,0,1.91167,1.91167
2119,0,0.473229,5.5401,6.01333
2119,1,0,2.93198,2.93198
2119,2,0,2.92604,2.92604
2119,3,0,1.80516,1.80516
2120,0,0.472865,5.73885,6.21172
2120,1,0,3.00995,3.00995
2120,2,0,2.97063,2.97063
2120,3,0,1.84422,1.84422
2121,0,0.41448,5.97172,6.3862
2121,1,0,3.23307,3.23307
2121,2,0,2.87979,2.87979
2121,3,0,1.91385,1.91385
2122,0,0.3975,5.66677,6.06427
2122,1,0,2.94125,2.94125
2122,2,0,2.9325,2.9325
2122,3,0,1.92573,1.92573
2123,0,0.408542,5.68516,6.0937
2123,1,0,2.97453,2.97453
2123,2,0,2.9225,2.9225
2123,3,0,1.81979,1.81979
2124,0,0.372188,6.15588,6.52807
2124,1,0,4.24599,4.24599
2124,2,0,1.86318,1.86318
2124,3,0,4.67057,4.67057
2125,0,0.356875,4.4249,4.78177
2125,1,0,2.92833,2.92833
2125,2,0,1.98693,1.98693
2125,3,0,4.76599,4.76599
2126,0,0.407136,4.3574,4.76453
2126,1,0,2.91812,2.91812
2126,2,0,1.80849,1.80849
2126,3,0,4.96042,4.96042
2127,0,0.440105,5.59104,6.03115
2127,1,0,1.84542,1.84542
2127,2,0,4.73807,4.73807
2127,3,0,1.77089,1.77089
2128,0,0.328229,5.48536,5.81359
2128,1,0,1.99729,1.99729
2128,2,0,4.57234,4.57234
2128,3,0,1.80401,1.80401
2129,0,0.362864,5.55068,5.91354
2129,1,0,1.96818,1.96818
2129,2,0,4.88537,4.88537
2129,3,0,1.80224,1.80224
2130,0,1.05583,5.07516,6.13099
2130,1,0,1.80693,1.80693
2130,2,0,4.60229,4.60229
2130,3,0,1.77073,1.77073
2131,0,0.508073,5.39854,5.90662
2131,1,0,2.74588,2.74588
2131,2,0,3.75188,3.75188
2131,3,0,2.9224,2.9224
2132,0,0.3675,4.32495,4.69245
2132,1,0,1.98156,1.98156
2132,2,0,4.72739,4.72739
2132,3,0,2.95979,2.95979
2133,0,0.361562,4.50172,4.86328
2133,1,0,4.57995,4.57995
2133,2,0,1.76182,1.76182
2133,3,0,2.94979,2.94979
2134,0,0.324688,4.34953,4.67422
2134,1,0,4.67823,4.67823
2134,2,0,1.76161,1.76161
2134,3,0,2.89661,2.89661
2135,0,0.386511,4.81797,5.20448
2135,1,0,4.67333,4.67333
2135,2,0,1.78927,1.78927
2135,3,0,3.93271,3.93271
2136,0,0.35276,3.55089,3.90365
2136,1,0,4.60583,4.60583
2136,2,0,2.98844,2.98844
2136,3,0,3.12521,3.12521
2137,0,0.763021,3.44125,4.20427
2137,1,0,4.77802,4.77802
2137,2,0,2.99208,2.99208
2137,3,0,3.02318,3.02318
2138,0,0.445,4.07281,4.51781
2138,1,0,5.08016,5.08016
2138,2,0,2.92214,2.92214
2138,3,0,1.80865,1.80865
2139,0,0.384062,5.70729,6.09135
2139,1,0,1.80672,1.80672
2139,2,0,3.99526,3.99526
2139,3,0,1.83552,1.83552
2140,0,0.37448,6.01083,6.38531
2140,1,0,2.95594,2.95594
2140,2,0,3.25901,3.25901
2140,3,0,1.89813,1.89813
2141,0,0.466146,5.67781,6.14396
2141,1,0,2.9175,2.9175
2141,2,0,2.94276,2.94276
2141,3,0,1.82203,1.82203
2142,0,0.404636,5.77213,6.17677
2142,1,0,3.50802,3.50802
2142,2,0,3.00609,3.00609
2142,3,0,4.66344,4.66344
2143,0,0.336354,3.19667,3.53302
2143,1,0,4.71063,4.71063
2143,2,0,1.91656,1.91656
2143,3,0,4.70521,4.70521
2144,0,0.355625,4.5699,4.92552
2144,1,0,2.92531,2.92531
2144,2,0,1.81776,1.81776
2144,3,0,4.78021,4.78021
2145,0,0.387292,4.37656,4.76385
2145,1,0,2.94385,2.94385
2145,2,0,1.81047,1.81047
2145,3,0,4.65375,4.65375
2146,0,0.585781,5.73911,6.3249
2146,1,0,1.87042,1.87042
2146,2,0,4.73307,4.73307
2146,3,0,1.77182,1.77182
2147,0,0.367969,6.44781,6.81578
2147,1,0,4.02578,4.02578
2147,2,0,2.68542,2.68542
2147,3,0,3.0201,3.0201
2148,0,0.384844,4.26047,4.64531
2148,1,0,4.73016,4.73016
2148,2,0,2.13839,2.13839
2148,3,0,3.00448,3.00448
2149,0,0.369219,4.52922,4.89844
2149,1,0,4.59396,4.59396
2149,2,0,1.76771,1.76771
2149,3,0,2.90203,2.90203
2150,0,0.346823,4.20156,4.54838
2150,1,0,4.66443,4.66443
2150,2,0,1.80417,1.80417
2150,3,0,2.91,2.91
2151,0,0.33276,4.45354,4.7863
2151,1,0,4.86703,4.86703
2151,2,0,1.81344,1.81344
2151,3,0,4.16078,4.16078
2152,0,0.376614,3.19937,3.57599
2152,1,0,4.60255,4.60255
2152,2,0,2.91495,2.91495
2152,3,0,2.91802,2.91802
2153,0,0.666562,3.26349,3.93005
2153,1,0,4.60719,4.60719
2153,2,0,2.9113,2.9113
2153,3,0,2.92818,2.92818
2154,0,1.01479,3.29182,4.30661
2154,1,0,4.82146,4.82146
2154,2,0,4.13182,4.13182
2154,3,0,1.82104,1.82104
2155,0,0.388594,6.00662,6.39521
2155,1,0,2.95589,2.95589
2155,2,0,3.04193,3.04193
2155,3,0,1.95427,1.95427
2156,0,0.401771,5.75229,6.15406
2156,1,0,2.91385,2.91385
2156,2,0,3.02636,3.02636
2156,3,0,2.01943,2.01943
2157,0,0.545677,5.66542,6.21109
2157,1,0,2.93151,2.93151
2157,2,0,2.95401,2.95401
2157,3,0,1.81109,1.81109
2158,0,0.392396,5.75703,6.14943
2158,1,0,2.98943,2.98943
2158,2,0,3.97151,3.97151
2158,3,0,4.77901,4.77901
2159,0,0.374063,4.57682,4.95089
2159,1,0,1.85422,1.85422
2159,2,0,3.15682,3.15682
2159,3,0,4.71344,4.71344
2160,0,0.36651,4.50162,4.86813
2160,1,0,2.94219,2.94219
2160,2,0,1.80932,1.80932
2160,3,0,4.62057,4.62057
2161,0,0.41151,5.59615,6.00766
2161,1,0,1.9149,1.9149
2161,2,0,1.82464,1.82464
2161,3,0,4.59932,4.59932
2162,0,0.367864,5.6625,6.03036
2162,1,0,1.92766,1.92766
2162,2,0,1.81729,1.81729
2162,3,0,4.65719,4.65719
2163,0,0.365937,5.56479,5.93073
2163,1,0,1.83453,1.83453
2163,2,0,4.71078,4.71078
2163,3,0,1.83479,1.83479
2164,0,0.394635,5.61781,6.01245
2164,1,0,1.84089,1.84089
2164,2,0,4.62146,4.62146
2164,3,0,1.84177,1.84177
2165,0,0.433698,5.75859,6.19229
2165,1,0,1.8624,1.8624
2165,2,0,4.61823,4.61823
2165,3,0,2.95406,2.95406
2166,0,0.375782,4.48422,4.86
2166,1,0,4.73187,4.73187
2166,2,0,1.84755,1.84755
2166,3,0,3.04802,3.04802
2167,0,0.459271,4.38703,4.8463
2167,1,0,4.74036,4.74036
2167,2,0,1.91917,1.91917
2167,3,0,4.46349,4.46349
2168,0,0.410833,3.27708,3.68792
2168,1,0,4.51161,4.51161
2168,2,0,2.9238,2.9238
2168,3,0,2.91828,2.91828
2169,0,0.422344,3.21609,3.63844
2169,1,0,4.7062,4.7062
2169,2,0,2.96662,2.96662
2169,3,0,2.95005,2.95005
2170,0,0.396562,3.5663,3.96286
2170,1,0,4.9524,4.9524
2170,2,0,4.24568,4.24568
2170,3,0,1.8801,1.8801
2171,0,0.402552,5.60313,6.00568
2171,1,0,1.77958,1.77958
2171,2,0,4.06057,4.06057
2171,3,0,1.87026,1.87026
2172,0,0.384323,5.91641,6.30073
2172,1,0,1.78703,1.78703
2172,2,0,4.04281,4.04281
2172,3,0,1.83016,1.83016
2173,0,0.402552,5.93104,6.33359
2173,1,0,1.82885,1.82885
2173,2,0,4.20536,4.20536
2173,3,0,1.81698,1.81698
2174,0,0.387917,6.04167,6.42958
2174,1,0,2.91469,2.91469
2174,2,0,2.92776,2.92776
2174,3,0,1.8526,1.8526
2175,0,0.532657,5.72167,6.25432
2175,1,0,2.9375,2.9375
2175,2,0,2.91745,2.91745
2175,3,0,1.86838,1.86838
2176,0,0.486719,6.13724,6.62396
2176,1,0,3.03266,3.03266
2176,2,0,2.95562,2.95562
2176,3,0,1.82375,1.82375
2177,0,0.411042,5.46068,5.87172
2177,1,0,2.92313,2.92313
2177,2,0,3.15875,3.15875
2177,3,0,1.8937,1.8937
2178,0,1.26396,4.89146,6.15542
2178,1,0,2.93312,2.93312
2178,2,0,2.99286,2.99286
2178,3,0,1.96833,1.96833
2179,0,0.608073,5.6676,6.27568
2179,1,0,2.94693,2.94693
2179,2,0,2.92849,2.92849
2179,3,0,1.81161,1.81161
2180,0,0.380625,5.70786,6.08849
2180,1,0,2.96948,2.96948
2180,2,0,3.02495,3.02495
2180,3,0,1.89958,1.89958
2181,0,0.395312,5.57495,5.97026
2181,1,0,2.95177,2.95177
2181,2,0,3.06037,3.06037
2181,3,0,2.0562,2.0562
2182,0,0.420261,5.57635,5.99662
2182,1,0,2.94354,2.94354
2182,2,0,2.9463,2.9463
2182,3,0,1.84536,1.84536
2183,0,0.433177,5.5126,5.94578
2183,1,0,3.05521,3.05521
2183,2,0,3.01641,3.01641
2183,3,0,1.82625,1.82625
2184,0,0.397916,5.61651,6.01443
2184,1,0,3.01719,3.01719
2184,2,0,3.25464,3.25464
2184,3,0,1.83396,1.83396
2185,0,0.422917,5.90698,6.3299
2185,1,0,4.08641,4.08641
2185,2,0,1.81365,1.81365
2185,3,0,1.83406,1.83406
2186,0,0.38776,5.65099,6.03875
2186,1,0,4.16766,4.16766
2186,2,0,1.84203,1.84203
2186,3,0,1.80062,1.80062
2187,0,0.376719,5.70125,6.07797
2187,1,0,4.39297,4.39297
2187,2,0,1.86891,1.86891
2187,3,0,1.83604,1.83604
2188,0,0.538438,5.66625,6.20469
2188,1,0,3.94136,3.94136
2188,2,0,1.85828,1.85828
2188,3,0,4.74042,4.74042
2189,0,0.853334,4.59484,5.44818
2189,1,0,2.9874,2.9874
2189,2,0,1.82859,1.82859
2189,3,0,4.74031,4.74031
2190,0,0.48849,5.83,6.31849
2190,1,0,1.90323,1.90323
2190,2,0,1.81391,1.81391
2190,3,0,4.6013,4.6013
2191,0,0.35625,5.54698,5.90323
2191,1,0,1.83094,1.83094
2191,2,0,4.76417,4.76417
2191,3,0,1.84,1.84
2192,0,0.384428,5.5051,5.88953
2192,1,0,1.82787,1.82787
2192,2,0,4.74787,4.74787
2192,3,0,2.04266,2.04266
2193,0,1.02026,5.32135,6.34162
2193,1,0,1.81688,1.81688
2193,2,0,4.60234,4.60234
2193,3,0,2.91875,2.91875
2194,0,0.347084,4.44172,4.7888
2194,1,0,4.76156,4.76156
2194,2,0,1.80646,1.80646
2194,3,0,2.91375,2.91375
2195,0,0.336563,4.59177,4.92833
2195,1,0,4.92042,4.92042
2195,2,0,1.90037,1.90037
2195,3,0,4.1851,4.1851
2196,0,0.521615,3.12922,3.65083
2196,1,0,4.59927,4.59927
2196,2,0,1.78453,1.78453
2196,3,0,4.06703,4.06703
2197,0,0.804792,3.30339,4.10818
2197,1,0,4.58141,4.58141
2197,2,0,2.93401,2.93401
2197,3,0,2.93297,2.93297
2198,0,0.383072,3.34136,3.72443
2198,1,0,4.81505,4.81505
2198,2,0,3.06943,3.06943
2198,3,0,2.7537,2.7537
2199,0,0.442187,3.2426,3.68479
2199,1,0,4.77016,4.77016
2199,2,0,4.09698,4.09698
2199,3,0,2.02162,2.02162
2200,0,0.503073,6.21693,6.72
2200,1,0,2.95276,2.95276
2200,2,0,3.03787,3.03787
2200,3,0,1.91974,1.91974
2201,0,0.711146,5.86562,6.57677
2201,1,0,2.98463,2.98463
2201,2,0,2.93714,2.93714
2201,3,0,4.84719,4.84719
2202,0,0.353698,3.18292,3.53661
2202,1,0,4.14974,4.14974
2202,2,0,1.89974,1.89974
2202,3,0,4.80552,4.80552
2203,0,0.363594,4.40688,4.77047
2203,1,0,3.10656,3.10656
2203,2,0,2.07463,2.07463
2203,3,0,4.80594,4.80594
2204,0,0.392084,5.85203,6.24411
2204,1,0,1.82458,1.82458
2204,2,0,1.76729,1.76729
2204,3,0,4.625,4.625
2205,0,0.479063,6.06208,6.54115
2205,1,0,1.94974,1.94974
2205,2,0,4.65219,4.65219
2205,3,0,1.7601,1.7601
2206,0,0.360468,5.84729,6.20776
2206,1,0,1.87073,1.87073
2206,2,0,4.68234,4.68234
2206,3,0,1.7563,1.7563
2207,0,0.908645,4.79068,5.69932
2207,1,0,1.80068,1.80068
2207,2,0,4.63625,4.63625
2207,3,0,2.90661,2.90661
2208,0,0.427917,4.71089,5.1388
2208,1,0,4.76562,4.76562
2208,2,0,1.75771,1.75771
2208,3,0,3.13901,3.13901
2209,0,1.01375,3.98214,4.99589
2209,1,0,4.75307,4.75307
2209,2,0,1.76589,1.76589
2209,3,0,3.1488,3.1488
2210,0,0.412916,3.67594,4.08885
2210,1,0,4.73854,4.73854
2210,2,0,1.85484,1.85484
2210,3,0,2.95739,2.95739
2211,0,0.392917,3.68281,4.07573
2211,1,0,4.6824,4.6824
2211,2,0,1.83469,1.83469
2211,3,0,3.21521,3.21521
2212,0,0.410104,3.90969,4.31979
2212,1,0,1.85281,1.85281
2212,2,0,4.60292,4.60292
2212,3,0,2.91063,2.91063
2213,0,0.724375,3.90271,4.62708
2213,1,0,4.76443,4.76443
2213,2,0,1.83917,1.83917
2213,3,0,2.96479,2.96479
2214,0,0.386458,3.82057,4.20703
2214,1,0,4.73667,4.73667
2214,2,0,1.94162,1.94162
2214,3,0,4.29875,4.29875
2215,0,0.39276,3.48854,3.8813
2215,1,0,4.58542,4.58542
2215,2,0,1.82719,1.82719
2215,3,0,4.07208,4.07208
2216,0,2.51411,4.56339,7.0775
2216,1,0,1.79578,1.79578
2216,2,0,2.91677,2.91677
2216,3,0,2.94417,2.94417
2217,0,0.562865,3.20333,3.7662
2217,1,0,4.9088,4.9088
2217,2,0,4.19167,4.19167
2217,3,0,1.82,1.82
2218,0,0.53474,3.84594,4.38068
2218,1,0,3.92062,3.92062
2218,2,0,3.86,3.86
2218,3,0,1.795,1.795
2219,0,0.369583,6.71052,7.0801
2219,1,0,2.9749,2.9749
2219,2,0,2.95818,2.95818
2219,3,0,1.87536,1.87536
2220,0,0.482812,5.93667,6.41948
2220,1,0,4.20188,4.20188
2220,2,0,1.82302,1.82302
2220,3,0,1.83161,1.83161
2221,0,0.38776,5.55276,5.94052
2221,1,0,2.93177,2.93177
2221,2,0,2.96787,2.96787
2221,3,0,1.93464,1.93464
2222,0,0.524062,5.53375,6.05781
2222,1,0,2.96135,2.96135
2222,2,0,3.04729,3.04729
2222,3,0,1.91693,1.91693
2223,0,0.626146,5.81088,6.43703
2223,1,0,4.12255,4.12255
2223,2,0,1.82885,1.82885
2223,3,0,1.77286,1.77286
2224,0,0.410364,5.73349,6.14385
2224,1,0,4.16594,4.16594
2224,2,0,2.00708,2.00708
2224,3,0,5.14203,5.14203
2225,0,0.375416,4.4075,4.78292
2225,1,0,3.03323,3.03323
2225,2,0,2.08167,2.08167
2225,3,0,4.74484,4.74484
2226,0,0.451406,5.57193,6.02333
2226,1,0,1.83474,1.83474
2226,2,0,4.74068,4.74068
2226,3,0,1.78531,1.78531
2227,0,0.360261,5.59604,5.9563
2227,1,0,1.8612,1.8612
2227,2,0,4.69729,4.69729
2227,3,0,1.78203,1.78203
2228,0,0.461042,5.84297,6.30401
2228,1,0,2.00557,2.00557
2228,2,0,4.67896,4.67896
2228,3,0,1.78599,1.78599
2229,0,0.891146,4.99896,5.8901
2229,1,0,1.79052,1.79052
2229,2,0,4.61057,4.61057
2229,3,0,1.8426,1.8426
2230,0,0.45151,5.51115,5.96266
2230,1,0,1.83599,1.83599
2230,2,0,4.6151,4.6151
2230,3,0,1.79391,1.79391
2231,0,0.453021,5.18266,5.63568
2231,1,0,1.84885,1.84885
2231,2,0,4.64021,4.64021
2231,3,0,2.9149,2.9149
2232,0,0.334323,4.3926,4.72693
2232,1,0,4.80526,4.80526
2232,2,0,1.82302,1.82302
2232,3,0,2.97891,2.97891
2233,0,0.354063,4.41307,4.76714
2233,1,0,4.69328,4.69328
2233,2,0,1.80422,1.80422
2233,3,0,3.19849,3.19849
2234,0,0.437864,4.1175,4.55536
2234,1,0,4.70427,4.70427
2234,2,0,1.76427,1.76427
2234,3,0,4.0476,4.0476
2235,0,0.364114,3.12495,3.48906
2235,1,0,4.73286,4.73286
2235,2,0,1.82875,1.82875
2235,3,0,4.08901,4.08901
2236,0,0.365885,3.38672,3.7526
2236,1,0,4.66589,4.66589
2236,2,0,3.58099,3.58099
2236,3,0,3.0412,3.0412
2237,0,0.464219,3.23557,3.69979
2237,1,0,4.58969,4.58969
2237,2,0,2.95927,2.95927
2237,3,0,2.70526,2.70526
2238,0,0.479062,3.57276,4.05182
2238,1,0,4.63979,4.63979
2238,2,0,4.23375,4.23375
2238,3,0,1.81979,1.81979
2239,0,0.397292,6.03396,6.43125
2239,1,0,3.10365,3.10365
2239,2,0,3.04646,3.04646
2239,3,0,1.83797,1.83797
2240,0,0.433125,5.63521,6.06833
2240,1,0,2.91099,2.91099
2240,2,0,2.99682,2.99682
2240,3,0,1.81589,1.81589
2241,0,0.395521,5.91188,6.3074
2241,1,0,2.9651,2.9651
2241,2,0,2.92927,2.92927
2241,3,0,1.82714,1.82714
2242,0,0.551979,5.74922,6.3012
2242,1,0,3.05568,3.05568
2242,2,0,2.96536,2.96536
2242,3,0,1.80411,1.80411
2243,0,0.39526,5.70182,6.09708
2243,1,0,2.91719,2.91719
2243,2,0,2.92516,2.92516
2243,3,0,1.86859,1.86859
2244,0,0.472604,6.00943,6.48203
2244,1,0,2.9487,2.9487
2244,2,0,3.01859,3.01859
2244,3,0,1.88021,1.88021
2245,0,0.538698,5.84896,6.38766
2245,1,0,4.18604,4.18604
2245,2,0,1.82432,1.82432
2245,3,0,1.78729,1.78729
2246,0,0.388073,5.55521,5.94328
2246,1,0,4.09667,4.09667
2246,2,0,2.22177,2.22177
2246,3,0,1.86656,1.86656
2247,0,0.41948,5.52187,5.94135
2247,1,0,4.11229,4.11229
2247,2,0,1.91141,1.91141
2247,3,0,2.04,2.04
2248,0,0.451146,5.67193,6.12307
2248,1,0,4.09854,4.09854
2248,2,0,1.80984,1.80984
2248,3,0,1.80969,1.80969
2249,0,0.426093,5.87453,6.30063
2249,1,0,4.06146,4.06146
2249,2,0,1.87677,1.87677
2249,3,0,1.81021,1.81021
2250,0,0.396771,5.73932,6.13609
2250,1,0,4.00729,4.00729
2250,2,0,2.62812,2.62812
2250,3,0,4.86943,4.86943
2251,0,0.364114,5.62328,5.9874
2251,1,0,1.80823,1.80823
2251,2,0,1.78859,1.78859
2251,3,0,4.61422,4.61422
2252,0,0.35224,5.81932,6.17156
2252,1,0,1.91651,1.91651
2252,2,0,1.78713,1.78713
2252,3,0,4.61344,4.61344
2253,0,0.385312,5.95615,6.34146
2253,1,0,1.88464,1.88464
2253,2,0,4.77224,4.77224
2253,3,0,1.76781,1.76781
2254,0,0.350052,5.55042,5.90047
2254,1,0,1.79089,1.79089
2254,2,0,4.61354,4.61354
2254,3,0,1.83698,1.83698
2255,0,0.37026,5.63505,6.00531
2255,1,0,1.80833,1.80833
2255,2,0,4.62823,4.62823
2255,3,0,1.85614,1.85614
2256,0,0.498229,5.20177,5.7
2256,1,0,1.86755,1.86755
2256,2,0,4.62411,4.62411
2256,3,0,2.92891,2.92891
2257,0,0.358594,4.78589,5.14448
2257,1,0,4.69094,4.69094
2257,2,0,1.88219,1.88219
2257,3,0,2.96953,2.96953
2258,0,0.472136,3.85255,4.32469
2258,1,0,4.7401,4.7401
2258,2,0,1.85177,1.85177
2258,3,0,4.17219,4.17219
2259,0,0.395573,3.52203,3.9176
2259,1,0,4.61521,4.61521
2259,2,0,1.76552,1.76552
2259,3,0,4.17526,4.17526
2260,0,0.374896,4.09641,4.4713
2260,1,0,4.69786,4.69786
2260,2,0,3.24276,3.24276
2260,3,0,2.50208,2.50208
2261,0,0.472136,3.33365,3.80578
2261,1,0,4.97344,4.97344
2261,2,0,4.22531,4.22531
2261,3,0,1.84583,1.84583
2262,0,0.402395,5.91698,6.31937
2262,1,0,1.7787,1.7787
2262,2,0,3.86469,3.86469
2262,3,0,1.8449,1.8449
2263,0,0.411563,5.77302,6.18458
2263,1,0,1.81713,1.81713
2263,2,0,4.07651,4.07651
2263,3,0,1.8249,1.8249
2264,0,0.422136,6.20552,6.62766
2264,1,0,3.09016,3.09016
2264,2,0,3.01698,3.01698
2264,3,0,1.83125,1.83125
2265,0,0.416354,5.95776,6.37411
2265,1,0,2.92307,2.92307
2265,2,0,2.96328,2.96328
2265,3,0,1.89234,1.89234
2266,0,0.494114,5.68417,6.17828
2266,1,0,2.9237,2.9237
2266,2,0,2.9176,2.9176
2266,3,0,1.95396,1.95396
2267,0,0.5375,5.90026,6.43776
2267,1,0,4.20547,4.20547
2267,2,0,1.80292,1.80292
2267,3,0,1.78188,1.78188
2268,0,0.412188,5.89865,6.31083
2268,1,0,4.14531,4.14531
2268,2,0,1.90766,1.90766
2268,3,0,1.86448,1.86448
2269,0,0.478438,5.57589,6.05432
2269,1,0,4.06823,4.06823
2269,2,0,1.86203,1.86203
2269,3,0,2.07109,2.07109
2270,0,0.474428,5.6901,6.16453
2270,1,0,4.07807,4.07807
2270,2,0,1.93964,1.93964
2270,3,0,1.7788,1.7788
2271,0,0.413541,7.70026,8.1138
2271,1,0,3.09187,3.09187
2271,2,0,1.87667,1.87667
2271,3,0,4.69901,4.69901
2272,0,0.379271,5.78724,6.16651
2272,1,0,1.97432,1.97432
2272,2,0,2.015,2.015
2272,3,0,4.70401,4.70401
2273,0,0.373073,5.5637,5.93677
2273,1,0,1.89724,1.89724
2273,2,0,4.70146,4.70146
2273,3,0,1.77328,1.77328
2274,0,0.364896,5.76823,6.13312
2274,1,0,1.84125,1.84125
2274,2,0,4.59193,4.59193
2274,3,0,1.75932,1.75932
2275,0,1.55125,4.72339,6.27463
2275,1,0,1.8499,1.8499
2275,2,0,4.66182,4.66182
2275,3,0,2.94646,2.94646
2276,0,0.470521,4.22214,4.69266
2276,1,0,4.74484,4.74484
2276,2,0,1.81266,1.81266
2276,3,0,3.01391,3.01391
2277,0,0.370677,4.28026,4.65094
2277,1,0,4.69781,4.69781
2277,2,0,1.83854,1.83854
2277,3,0,3.06833,3.06833
2278,0,0.528177,3.8813,4.40948
2278,1,0,1.90068,1.90068
2278,2,0,4.60464,4.60464
2278,3,0,2.94396,2.94396
2279,0,0.396406,3.79057,4.18698
2279,1,0,1.80557,1.80557
2279,2,0,4.7012,4.7012
2279,3,0,2.97771,2.97771
2280,0,0.365625,4.12813,4.49375
2280,1,0,4.70427,4.70427
2280,2,0,1.88818,1.88818
2280,3,0,4.1775,4.1775
2281,0,0.369687,3.28927,3.65896
2281,1,0,4.69614,4.69614
2281,2,0,1.76484,1.76484
2281,3,0,4.04099,4.04099
2282,0,0.346562,3.07708,3.42365
2282,1,0,4.5987,4.5987
2282,2,0,1.80276,1.80276
2282,3,0,4.07568,4.07568
2283,0,0.355781,3.48177,3.83755
2283,1,0,4.68313,4.68313
2283,2,0,2.10708,2.10708
2283,3,0,3.97495,3.97495
2284,0,0.429271,3.215,3.64427
2284,1,0,4.5987,4.5987
2284,2,0,2.92104,2.92104
2284,3,0,2.95568,2.95568
2285,0,0.682031,2.91667,3.5987
2285,1,0,4.655,4.655
2285,2,0,2.94969,2.94969
2285,3,0,2.93156,2.93156
2286,0,0.51026,3.20615,3.71641
2286,1,0,4.88745,4.88745
2286,2,0,4.20162,4.20162
2286,3,0,1.80911,1.80911
2287,0,0.485469,4.25792,4.74339
2287,1,0,5.06745,5.06745
2287,2,0,2.93219,2.93219
2287,3,0,1.93443,1.93443
2288,0,0.549479,5.34573,5.89521
2288,1,0,1.79656,1.79656
2288,2,0,2.91458,2.91458
2288,3,0,2.78036,2.78036
2289,0,0.581197,5.74995,6.33115
2289,1,0,1.82297,1.82297
2289,2,0,4.14547,4.14547
2289,3,0,1.8024,1.8024
2290,0,0.544115,5.58083,6.12495
2290,1,0,1.76896,1.76896
2290,2,0,4.11031,4.11031
2290,3,0,2.01594,2.01594
2291,0,0.459635,6.23839,6.69802
2291,1,0,2.97255,2.97255
2291,2,0,3.00396,3.00396
2291,3,0,1.93516,1.93516
2292,0,0.671146,5.68964,6.36078
2292,1,0,4.13203,4.13203
2292,2,0,1.82615,1.82615
2292,3,0,1.78297,1.78297
2293,0,0.417761,5.71807,6.13583
2293,1,0,4.14813,4.14813
2293,2,0,2.36109,2.36109
2293,3,0,1.82333,1.82333
2294,0,0.401667,5.76672,6.16838
2294,1,0,4.12354,4.12354
2294,2,0,2.06031,2.06031
2294,3,0,2.04109,2.04109
2295,0,0.435677,6.79698,7.23266
2295,1,0,2.94839,2.94839
2295,2,0,1.80745,1.80745
2295,3,0,4.69844,4.69844
2296,0,0.364948,4.35333,4.71828
2296,1,0,3.49609,3.49609
2296,2,0,1.89312,1.89312
2296,3,0,4.6175,4.6175
2297,0,0.366927,5.69844,6.06536
2297,1,0,2.12234,2.12234
2297,2,0,1.83057,1.83057
2297,3,0,4.67214,4.67214
2298,0,0.388021,5.78,6.16802
2298,1,0,1.81828,1.81828
2298,2,0,4.71812,4.71812
2298,3,0,1.78359,1.78359
2299,0,0.508177,5.5651,6.07328
2299,1,0,1.82047,1.82047
2299,2,0,4.61766,4.61766
2299,3,0,1.78714,1.78714
2300,0,0.390989,6.10135,6.49234
2300,1,0,1.89943,1.89943
2300,2,0,4.60859,4.60859
2300,3,0,2.91844,2.91844
2301,0,0.351302,4.21354,4.56484
2301,1,0,4.71005,4.71005
2301,2,0,1.82026,1.82026
2301,3,0,2.96896,2.96896
2302,0,0.389844,4.33443,4.72427
2302,1,0,4.70115,4.70115
2302,2,0,1.81521,1.81521
2302,3,0,4.13766,4.13766
2303,0,0.365209,3.30573,3.67094
2303,1,0,4.69932,4.69932
2303,2,0,1.77682,1.77682
2303,3,0,4.04495,4.04495
2304,0,0.347552,3.26161,3.60917
2304,1,0,4.62969,4.62969
2304,2,0,1.83557,1.83557
2304,3,0,4.09338,4.09338
2305,0,0.400573,3.07229,3.47286
2305,1,0,4.66479,4.66479
2305,2,0,2.12261,2.12261
2305,3,0,4.02719,4.02719
2306,0,0.440781,3.45865,3.89943
2306,1,0,4.60099,4.60099
2306,2,0,2.92141,2.92141
2306,3,0,2.93662,2.93662
2307,0,0.486667,3.35568,3.84234
2307,1,0,4.63151,4.63151
2307,2,0,4.11896,4.11896
2307,3,0,1.83557,1.83557
2308,0,0.380521,3.23552,3.61604
2308,1,0,4.92167,4.92167
2308,2,0,4.25854,4.25854
2308,3,0,1.82667,1.82667
2309,0,0.496823,5.57495,6.07177
2309,1,0,1.77573,1.77573
2309,2,0,4.02568,4.02568
2309,3,0,1.89641,1.89641
2310,0,0.404218,5.73323,6.13745
2310,1,0,1.80568,1.80568
2310,2,0,2.92917,2.92917
2310,3,0,2.73016,2.73016
2311,0,0.468906,5.9474,6.4163
2311,1,0,1.85724,1.85724
2311,2,0,3.95203,3.95203
2311,3,0,1.80224,1.80224
2312,0,0.457552,5.78318,6.24073
2312,1,0,1.76917,1.76917
2312,2,0,4.07245,4.07245
2312,3,0,1.87547,1.87547
2313,0,0.866354,6.45318,7.31953
2313,1,0,4.10078,4.10078
2313,2,0,1.87484,1.87484
2313,3,0,1.86536,1.86536
2314,0,0.528854,5.76219,6.29104
2314,1,0,4.16198,4.16198
2314,2,0,1.81693,1.81693
2314,3,0,1.86349,1.86349
2315,0,0.409739,5.57562,5.98536
2315,1,0,4.17682,4.17682
2315,2,0,1.91615,1.91615
2315,3,0,1.85995,1.85995
2316,0,0.425261,5.57339,5.99865
2316,1,0,4.17104,4.17104
2316,2,0,1.95474,1.95474
2316,3,0,2.12125,2.12125
2317,0,0.490261,6.98109,7.47135
2317,1,0,2.96927,2.96927
2317,2,0,1.81297,1.81297
2317,3,0,1.7924,1.7924
2318,0,0.401875,5.63417,6.03604
2318,1,0,3.97411,3.97411
2318,2,0,1.87724,1.87724
2318,3,0,1.83182,1.83182
2319,0,0.425,5.6399,6.0649
2319,1,0,4.22109,4.22109
2319,2,0,2.33792,2.33792
2319,3,0,1.87354,1.87354
2320,0,0.471615,6.78495,7.25656
2320,1,0,2.98109,2.98109
2320,2,0,1.94177,1.94177
2320,3,0,4.59995,4.59995
2321,0,0.394948,5.90583,6.30078
2321,1,0,1.86875,1.86875
2321,2,0,1.89266,1.89266
2321,3,0,4.59938,4.59938
2322,0,0.503021,5.91495,6.41797
2322,1,0,1.87136,1.87136
2322,2,0,4.92693,4.92693
2322,3,0,1.79547,1.79547
2323,0,0.370208,5.79896,6.16917
2323,1,0,1.92271,1.92271
2323,2,0,4.7475,4.7475
2323,3,0,1.96338,1.96338
2324,0,0.472343,4.83651,5.30885
2324,1,0,1.89323,1.89323
2324,2,0,4.72562,4.72562
2324,3,0,1.93698,1.93698
2325,0,0.519635,5.27443,5.79406
2325,1,0,2.10469,2.10469
2325,2,0,4.67781,4.67781
2325,3,0,3.09864,3.09864
2326,0,0.465937,3.88526,4.3512
2326,1,0,1.84349,1.84349
2326,2,0,4.70338,4.70338
2326,3,0,3.09328,3.09328
2327,0,0.503073,3.73432,4.2374
2327,1,0,4.7751,4.7751
2327,2,0,1.90828,1.90828
2327,3,0,4.21875,4.21875
2328,0,0.407552,3.49745,3.905
2328,1,0,4.615,4.615
2328,2,0,1.81787,1.81787
2328,3,0,4.20104,4.20104
2329,0,1.06307,3.53339,4.59646
2329,1,0,4.61849,4.61849
2329,2,0,4.16786,4.16786
2329,3,0,1.85109,1.85109
2330,0,0.334011,3.4275,3.76151
2330,1,0,4.8351,4.8351
2330,2,0,3.9663,3.9663
2330,3,0,1.86255,1.86255
2331,0,0.397188,5.94193,6.33911
2331,1,0,1.78833,1.78833
2331,2,0,3.92724,3.92724
2331,3,0,1.84958,1.84958
2332,0,0.415417,6.10562,6.52104
2332,1,0,2.96557,2.96557
2332,2,0,2.92703,2.92703
2332,3,0,1.7888,1.7888
2333,0,0.643542,5.68583,6.32937
2333,1,0,3.03755,3.03755
2333,2,0,2.96208,2.96208
2333,3,0,1.80776,1.80776
2334,0,0.430156,5.61213,6.04229
2334,1,0,2.9074,2.9074
2334,2,0,2.95432,2.95432
2334,3,0,1.8599,1.8599
2335,0,0.913438,5.71484,6.62828
2335,1,0,2.96885,2.96885
2335,2,0,2.71036,2.71036
2335,3,0,1.87667,1.87667
2336,0,0.477916,6.5388,7.01672
2336,1,0,4.14458,4.14458
2336,2,0,1.82693,1.82693
2336,3,0,1.78135,1.78135
2337,0,0.389688,5.58781,5.9775
2337,1,0,4.09422,4.09422
2337,2,0,2.04568,2.04568
2337,3,0,1.88495,1.88495
2338,0,0.429792,5.50255,5.93234
2338,1,0,4.11464,4.11464
2338,2,0,1.86396,1.86396
2338,3,0,2.13917,2.13917
2339,0,0.550937,5.54219,6.09312
2339,1,0,2.92609,2.92609
2339,2,0,2.72385,2.72385
2339,3,0,1.78818,1.78818
2340,0,0.398854,5.52026,5.91911
2340,1,0,4.11615,4.11615
2340,2,0,2.48411,2.48411
2340,3,0,1.90578,1.90578
2341,0,0.39125,5.56948,5.96073
2341,1,0,2.97672,2.97672
2341,2,0,2.90469,2.90469
2341,3,0,1.97323,1.97323
2342,0,0.441979,5.69469,6.13667
2342,1,0,3.97443,3.97443
2342,2,0,1.80042,1.80042
2342,3,0,4.78521,4.78521
2343,0,0.368385,4.37859,4.74698
2343,1,0,3.01177,3.01177
2343,2,0,1.85943,1.85943
2343,3,0,4.66703,4.66703
2344,0,0.429531,4.51682,4.94635
2344,1,0,2.98021,2.98021
2344,2,0,1.86021,1.86021
2344,3,0,4.65974,4.65974
2345,0,0.352552,5.50604,5.85859
2345,1,0,1.82974,1.82974
2345,2,0,1.79146,1.79146
2345,3,0,4.62547,4.62547
2346,0,0.3875,5.4474,5.8349
2346,1,0,1.86948,1.86948
2346,2,0,1.83646,1.83646
2346,3,0,4.59292,4.59292
2347,0,0.515468,6.15214,6.6676
2347,1,0,1.8713,1.8713
2347,2,0,4.79823,4.79823
2347,3,0,1.78766,1.78766
2348,0,0.351927,5.48505,5.83698
2348,1,0,1.83484,1.83484
2348,2,0,4.64401,4.64401
2348,3,0,1.83531,1.83531
2349,0,0.377136,5.55906,5.9362
2349,1,0,1.80042,1.80042
2349,2,0,4.64193,4.64193
2349,3,0,1.91338,1.91338
2350,0,0.557188,5.27724,5.83443
2350,1,0,1.83224,1.83224
2350,2,0,4.60745,4.60745
2350,3,0,2.91177,2.91177
2351,0,0.346875,4.65891,5.00578
2351,1,0,4.7838,4.7838
2351,2,0,1.95099,1.95099
2351,3,0,3.84281,3.84281
2352,0,0.371042,3.11427,3.48531
2352,1,0,4.75063,4.75063
2352,2,0,2.01901,2.01901
2352,3,0,4.25271,4.25271
2353,0,0.425417,3.21568,3.64109
2353,1,0,4.59734,4.59734
2353,2,0,1.77615,1.77615
2353,3,0,4.0701,4.0701
2354,0,0.376928,3.23489,3.61182
2354,1,0,4.67661,4.67661
2354,2,0,1.81703,1.81703
2354,3,0,3.98094,3.98094
2355,0,0.371354,3.28979,3.66115
2355,1,0,4.92969,4.92969
2355,2,0,3.04141,3.04141
2355,3,0,3.03875,3.03875
2356,0,0.389584,3.2238,3.61339
2356,1,0,4.6038,4.6038
2356,2,0,3.80318,3.80318
2356,3,0,1.80917,1.80917
2357,0,0.454635,3.26417,3.7188
2357,1,0,4.61708,4.61708
2357,2,0,4.10318,4.10318
2357,3,0,1.81135,1.81135
2358,0,0.596666,3.57323,4.1699
2358,1,0,4.8249,4.8249
2358,2,0,3.95151,3.95151
2358,3,0,1.84328,1.84328
2359,0,0.437657,5.88495,6.32261
2359,1,0,2.93755,2.93755
2359,2,0,2.95031,2.95031
2359,3,0,1.90479,1.90479
2360,0,0.642604,5.5337,6.1763
2360,1,0,2.92755,2.92755
2360,2,0,2.9599,2.9599
2360,3,0,1.8476,1.8476
2361,0,0.453698,4.12208,4.57578
2361,1,0,6.05516,6.05516
2361,2,0,1.81755,1.81755
2361,3,0,1.83391,1.83391
2362,0,0.431614,4.29198,4.72359
2362,1,0,6.28635,6.28635
2362,2,0,1.9237,1.9237
2362,3,0,4.67594,4.67594
2363,0,0.362344,3.14349,3.50583
2363,1,0,3.95844,3.95844
2363,2,0,1.97833,1.97833
2363,3,0,4.82854,4.82854
2364,0,0.413021,4.59875,5.01177
2364,1,0,2.7099,2.7099
2364,2,0,3.90891,3.90891
2364,3,0,2.56344,2.56344
2365,0,0.349635,4.4262,4.77583
2365,1,0,2.77963,2.77963
2365,2,0,3.98693,3.98693
2365,3,0,2.57656,2.57656
2366,0,0.355365,5.93224,6.2876
2366,1,0,2.09651,2.09651
2366,2,0,4.75906,4.75906
2366,3,0,1.7862,1.7862
2367,0,0.390572,5.48844,5.87901
2367,1,0,1.81734,1.81734
2367,2,0,4.70453,4.70453
2367,3,0,1.76875,1.76875
2368,0,0.412604,5.76531,6.17792
2368,1,0,1.83573,1.83573
2368,2,0,4.61115,4.61115
2368,3,0,1.80516,1.80516
2369,0,0.428594,5.76104,6.18964
2369,1,0,4.89349,4.89349
2369,2,0,1.80703,1.80703
2369,3,0,1.76802,1.76802
2370,0,0.407135,5.22734,5.63448
2370,1,0,4.70818,4.70818
2370,2,0,1.84187,1.84187
2370,3,0,1.83438,1.83438
2371,0,0.419427,4.88938,5.3088
2371,1,0,4.65771,4.65771
2371,2,0,1.80693,1.80693
2371,3,0,1.86146,1.86146
2372,0,0.534323,5.44927,5.98359
2372,1,0,4.78083,4.78083
2372,2,0,1.78479,1.78479
2372,3,0,2.89943,2.89943
2373,0,0.748125,4.72063,5.46875
2373,1,0,4.65448,4.65448
2373,2,0,1.83531,1.83531
2373,3,0,4.07516,4.07516
2374,0,0.482292,3.12588,3.60818
2374,1,0,4.67031,4.67031
2374,2,0,2.04412,2.04412
2374,3,0,4.00026,4.00026
2375,0,0.466875,3.13656,3.60344
2375,1,0,4.53479,4.53479
2375,2,0,2.91406,2.91406
2375,3,0,2.93354,2.93354
2376,0,0.379479,3.21406,3.59354
2376,1,0,4.69505,4.69505
2376,2,0,2.95552,2.95552
2376,3,0,2.95635,2.95635
2377,0,0.479584,3.43917,3.91875
2377,1,0,4.96359,4.96359
2377,2,0,4.27417,4.27417
2377,3,0,1.83266,1.83266
2378,0,0.438698,5.70849,6.14719
2378,1,0,1.77188,1.77188
2378,2,0,4.06114,4.06114
2378,3,0,1.95568,1.95568
2379,0,0.411979,5.81865,6.23062
2379,1,0,1.80734,1.80734
2379,2,0,2.91859,2.91859
2379,3,0,2.75068,2.75068
2380,0,0.435416,5.9426,6.37802
2380,1,0,1.85047,1.85047
2380,2,0,3.01927,3.01927
2380,3,0,2.74479,2.74479
2381,0,0.451771,5.69688,6.14865
2381,1,0,1.76531,1.76531
2381,2,0,4.06141,4.06141
2381,3,0,1.85599,1.85599
2382,0,0.667083,5.76005,6.42714
2382,1,0,1.77937,1.77937
2382,2,0,2.9175,2.9175
2382,3,0,2.79474,2.79474
2383,0,0.436042,6.55802,6.99406
2383,1,0,3.01682,3.01682
2383,2,0,2.92594,2.92594
2383,3,0,1.7976,1.7976
2384,0,0.408542,5.80375,6.21229
2384,1,0,2.94339,2.94339
2384,2,0,3.06062,3.06062
2384,3,0,1.86859,1.86859
2385,0,0.446875,6.02781,6.47469
2385,1,0,4.11396,4.11396
2385,2,0,1.86958,1.86958
2385,3,0,2.44969,2.44969
2386,0,0.479583,5.66151,6.14109
2386,1,0,2.94896,2.94896
2386,2,0,2.81698,2.81698
2386,3,0,1.81422,1.81422
2387,0,0.413802,5.83823,6.25203
2387,1,0,4.18557,4.18557
2387,2,0,1.86891,1.86891
2387,3,0,4.76349,4.76349
2388,0,0.380937,4.39042,4.77135
2388,1,0,3.15568,3.15568
2388,2,0,2.22443,2.22443
2388,3,0,4.80104,4.80104
2389,0,0.381614,5.51833,5.89995
2389,1,0,1.85604,1.85604
2389,2,0,4.71932,4.71932
2389,3,0,1.80281,1.80281
2390,0,0.379115,5.38047,5.75958
2390,1,0,1.84745,1.84745
2390,2,0,1.8388,1.8388
2390,3,0,4.57443,4.57443
2391,0,0.366198,5.84833,6.21453
2391,1,0,1.87792,1.87792
2391,2,0,4.81604,4.81604
2391,3,0,1.76906,1.76906
2392,0,0.370104,5.475,5.8451
2392,1,0,1.81219,1.81219
2392,2,0,4.70359,4.70359
2392,3,0,1.85479,1.85479
2393,0,0.425156,5.77328,6.19844
2393,1,0,4.7849,4.7849
2393,2,0,1.81667,1.81667
2393,3,0,1.81161,1.81161
2394,0,0.465417,5.24745,5.71286
2394,1,0,1.87474,1.87474
2394,2,0,4.61838,4.61838
2394,3,0,2.92401,2.92401
2395,0,0.392761,4.4113,4.80406
2395,1,0,4.75625,4.75625
2395,2,0,1.85417,1.85417
2395,3,0,2.98995,2.98995
2396,0,0.478802,4.08885,4.56766
2396,1,0,4.75068,4.75068
2396,2,0,1.96224,1.96224
2396,3,0,4.39453,4.39453
2397,0,0.448645,3.37568,3.82432
2397,1,0,4.58078,4.58078
2397,2,0,1.79682,1.79682
2397,3,0,4.0037,4.0037
2398,0,0.482813,3.32213,3.80495
2398,1,0,4.68813,4.68813
2398,2,0,2.96755,2.96755
2398,3,0,2.9526,2.9526
2399,0,0.483854,3.9,4.38385
2399,1,0,4.58557,4.58557
2399,2,0,4.25563,4.25563
2399,3,0,1.86661,1.86661
2400,0,0.45198,6.155,6.60698
2400,1,0,2.9362,2.9362
2400,2,0,2.95594,2.95594
2400,3,0,1.82557,1.82557
2401,0,0.408021,5.81271,6.22073
2401,1,0,2.98844,2.98844
2401,2,0,2.96917,2.96917
2401,3,0,1.9713,1.9713
2402,0,1.05594,5.11552,6.17146
2402,1,0,3.06443,3.06443
2402,2,0,2.83224,2.83224
2402,3,0,1.82208,1.82208
2403,0,0.411927,5.6263,6.03823
2403,1,0,2.91047,2.91047
2403,2,0,2.94589,2.94589
2403,3,0,2.2424,2.2424
2404,0,0.456198,5.20776,5.66396
2404,1,0,2.9599,2.9599
2404,2,0,2.95885,2.95885
2404,3,0,1.88984,1.88984
2405,0,0.500365,6.00526,6.50563
2405,1,0,3.05437,3.05437
2405,2,0,2.68203,2.68203
2405,3,0,1.83776,1.83776
2406,0,0.427084,5.75859,6.18568
2406,1,0,2.93797,2.93797
2406,2,0,3.30958,3.30958
2406,3,0,2.03588,2.03588
2407,0,0.535677,5.43974,5.97542
2407,1,0,3.82224,3.82224
2407,2,0,1.86479,1.86479
2407,3,0,1.9837,1.9837
2408,0,0.61625,5.69505,6.3113
2408,1,0,3.82115,3.82115
2408,2,0,1.86453,1.86453
2408,3,0,1.7976,1.7976
2409,0,0.396719,5.75125,6.14797
2409,1,0,2.94099,2.94099
2409,2,0,2.80068,2.80068
2409,3,0,1.85162,1.85162
2410,0,0.418594,5.58995,6.00854
2410,1,0,2.96568,2.96568
2410,2,0,3.13557,3.13557
2410,3,0,2.30182,2.30182
2411,0,0.490885,6.00698,6.49786
2411,1,0,4.1187,4.1187
2411,2,0,1.91432,1.91432
2411,3,0,1.84443,1.84443
2412,0,0.427135,5.64776,6.07489
2412,1,0,3.05365,3.05365
2412,2,0,2.74979,2.74979
2412,3,0,1.99292,1.99292
2413,0,0.405104,5.6438,6.04891
2413,1,0,4.42568,4.42568
2413,2,0,1.98286,1.98286
2413,3,0,1.8824,1.8824
2414,0,0.529844,6.84521,7.37505
2414,1,0,2.98953,2.98953
2414,2,0,1.83573,1.83573
2414,3,0,4.71573,4.71573
2415,0,0.366719,5.47417,5.84089
2415,1,0,1.96161,1.96161
2415,2,0,1.83385,1.83385
2415,3,0,4.69734,4.69734
2416,0,1.03161,5.4624,6.49401
2416,1,0,1.87417,1.87417
2416,2,0,1.84484,1.84484
2416,3,0,4.60219,4.60219
2417,0,0.359063,5.52365,5.88271
2417,1,0,1.80943,1.80943
2417,2,0,4.78234,4.78234
2417,3,0,1.87583,1.87583
2418,0,0.381198,5.53641,5.9176
2418,1,0,1.80062,1.80062
2418,2,0,4.73641,4.73641
2418,3,0,1.84438,1.84438
2419,0,0.583177,6.05141,6.63458
2419,1,0,1.81792,1.81792
2419,2,0,4.59276,4.59276
2419,3,0,2.92365,2.92365
2420,0,0.754688,3.94177,4.69646
2420,1,0,4.79635,4.79635
2420,2,0,1.86089,1.86089
2420,3,0,2.94057,2.94057
2421,0,0.410469,3.86693,4.2774
2421,1,0,4.71318,4.71318
2421,2,0,2.07792,2.07792
2421,3,0,3.97057,3.97057
2422,0,0.428646,3.37797,3.80661
2422,1,0,4.60516,4.60516
2422,2,0,1.77083,1.77083
2422,3,0,4.06292,4.06292
2423,0,0.362865,3.25771,3.62057
2423,1,0,4.72578,4.72578
2423,2,0,1.81323,1.81323
2423,3,0,4.08427,4.08427
2424,0,0.346979,3.27458,3.62156
2424,1,0,4.94187,4.94187
2424,2,0,1.83125,1.83125
2424,3,0,3.99979,3.99979
2425,0,0.319479,3.25672,3.5762
2425,1,0,4.60302,4.60302
2425,2,0,2.93745,2.93745
2425,3,0,2.94109,2.94109
2426,0,0.466198,3.51313,3.97932
2426,1,0,4.61453,4.61453
2426,2,0,3.85526,3.85526
2426,3,0,1.9926,1.9926
2427,0,1.16292,6.36948,7.5324
2427,1,0,3.05594,3.05594
2427,2,0,2.95073,2.95073
2427,3,0,1.85536,1.85536
2428,0,0.395625,5.96995,6.36557
2428,1,0,2.93344,2.93344
2428,2,0,2.85839,2.85839
2428,3,0,2.04682,2.04682
2429,0,1.42052,4.66484,6.08536
2429,1,0,2.94713,2.94713
2429,2,0,2.74479,2.74479
2429,3,0,1.8399,1.8399
2430,0,0.573958,6.18708,6.76104
2430,1,0,4.14453,4.14453
2430,2,0,1.81547,1.81547
2430,3,0,1.79604,1.79604
2431,0,0.407292,5.70188,6.10917
2431,1,0,4.1413,4.1413
2431,2,0,1.90625,1.90625
2431,3,0,5.66203,5.66203
2432,0,0.408177,5.41333,5.82151
2432,1,0,1.90411,1.90411
2432,2,0,2.06417,2.06417
2432,3,0,4.79083,4.79083
2433,0,0.378073,5.45537,5.83344
2433,1,0,1.81516,1.81516
2433,2,0,1.7888,1.7888
2433,3,0,4.61844,4.61844
2434,0,0.385052,6.08839,6.47344
2434,1,0,1.99245,1.99245
2434,2,0,4.64917,4.64917
2434,3,0,1.80703,1.80703
2435,0,0.391614,5.88948,6.28109
2435,1,0,1.85109,1.85109
2435,2,0,4.69167,4.69167
2435,3,0,1.76651,1.76651
2436,0,0.946719,4.94339,5.89011
2436,1,0,1.80344,1.80344
2436,2,0,4.61281,4.61281
2436,3,0,1.83333,1.83333
2437,0,0.447604,5.04703,5.49463
2437,1,0,1.81208,1.81208
2437,2,0,4.60755,4.60755
2437,3,0,1.80886,1.80886
2438,0,1.14219,4.80922,5.95141
2438,1,0,1.86,1.86
2438,2,0,4.62073,4.62073
2438,3,0,1.78042,1.78042
2439,0,0.409219,4.75172,5.16094
2439,1,0,1.79432,1.79432
2439,2,0,4.66276,4.66276
2439,3,0,1.84891,1.84891
2440,0,0.391562,5.55453,5.94609
2440,1,0,4.71401,4.71401
2440,2,0,1.81011,1.81011
2440,3,0,1.83401,1.83401
2441,0,0.595417,5.32505,5.92047
2441,1,0,4.76417,4.76417
2441,2,0,1.79537,1.79537
2441,3,0,2.90578,2.90578
2442,0,0.410573,3.85771,4.26828
2442,1,0,4.84312,4.84312
2442,2,0,1.85286,1.85286
2442,3,0,2.91427,2.91427
2443,0,0.405833,3.88755,4.29338
2443,1,0,4.86266,4.86266
2443,2,0,1.92979,1.92979
2443,3,0,4.08651,4.08651
2444,0,0.393907,3.34776,3.74167
2444,1,0,4.69062,4.69062
2444,2,0,1.77927,1.77927
2444,3,0,3.78703,3.78703
2445,0,0.367135,4.10703,4.47417
2445,1,0,4.68219,4.68219
2445,2,0,1.79964,1.79964
2445,3,0,3.82266,3.82266
2446,0,0.3675,3.19854,3.56604
2446,1,0,4.97922,4.97922
2446,2,0,3.03693,3.03693
2446,3,0,2.91734,2.91734
2447,0,0.476302,3.19854,3.67484
2447,1,0,4.59844,4.59844
2447,2,0,2.96276,2.96276
2447,3,0,2.6937,2.6937
2448,0,0.469375,3.28104,3.75042
2448,1,0,4.58849,4.58849
2448,2,0,3.82458,3.82458
2448,3,0,1.82724,1.82724
2449,0,0.374427,3.65667,4.03109
2449,1,0,4.78594,4.78594
2449,2,0,3.04,3.04
2449,3,0,2.72495,2.72495
2450,0,0.392552,3.2438,3.63635
2450,1,0,4.78224,4.78224
2450,2,0,3.86224,3.86224
2450,3,0,1.89953,1.89953
2451,0,0.449011,3.13094,3.57995
2451,1,0,4.69932,4.69932
2451,2,0,3.83516,3.83516
2451,3,0,2.12865,2.12865
2452,0,0.521094,5.77266,6.29375
2452,1,0,1.84391,1.84391
2452,2,0,3.97068,3.97068
2452,3,0,1.81531,1.81531
2453,0,0.390261,5.78005,6.17031
2453,1,0,1.77641,1.77641
2453,2,0,4.09141,4.09141
2453,3,0,1.88641,1.88641
2454,0,0.490208,5.6899,6.1801
2454,1,0,1.7738,1.7738
2454,2,0,4.03031,4.03031
2454,3,0,2.08896,2.08896
2455,0,0.718281,5.79328,6.51156
2455,1,0,3.96385,3.96385
2455,2,0,3.65578,3.65578
2455,3,0,15.1734,15.1734
2456,0,0.365261,3.24995,3.61521
2456,1,0,1.85682,1.85682
2456,2,0,1.78385,1.78385
2456,3,0,1.80099,1.80099
2457,0,0.394843,3.51214,3.90698
2457,1,0,1.77568,1.77568
2457,2,0,1.78062,1.78062
2457,3,0,1.75656,1.75656
2458,0,0.302864,3.24734,3.55021
2458,1,0,1.88349,1.88349
2458,2,0,1.8187,1.8187
2458,3,0,1.77875,1.77875
2459,0,0.484636,3.2413,3.72594
2459,1,0,1.79787,1.79787
2459,2,0,1.81656,1.81656
2459,3,0,1.80219,1.80219
2460,0,0.567344,3.48599,4.05333
2460,1,0,1.87224,1.87224
2460,2,0,1.86005,1.86005
2460,3,0,3.20302,3.20302
2461,0,0.880156,3.4613,4.34146
2461,1,0,1.87432,1.87432
2461,2,0,1.86557,1.86557
2461,3,0,1.83469,1.83469
2462,0,0.75974,3.2338,3.99354
2462,1,0,1.81885,1.81885
2462,2,0,1.80812,1.80812
2462,3,0,1.83365,1.83365
2463,0,0.748177,3.90484,4.65302
2463,1,0,1.8199,1.8199
2463,2,0,1.85568,1.85568
2463,3,0,1.83479,1.83479
2464,0,0.839531,3.46406,4.30359
2464,1,0,1.83703,1.83703
2464,2,0,1.82005,1.82005
2464,3,0,1.81484,1.81484
2465,0,0.751719,4.13531,4.88703
2465,1,0,1.87917,1.87917
2465,2,0,1.81422,1.81422
2465,3,0,1.78859,1.78859
2466,0,0.437553,3.25198,3.68953
2466,1,0,1.87088,1.87088
2466,2,0,1.87234,1.87234
2466,3,0,1.83068,1.83068
2467,0,0.754479,4.03021,4.78469
2467,1,0,1.85651,1.85651
2467,2,0,1.84917,1.84917
2467,3,0,1.85068,1.85068
2468,0,0.909635,3.175,4.08463
2468,1,0,1.84625,1.84625
2468,2,0,1.84823,1.84823
2468,3,0,2.67172,2.67172
2469,0,0.811614,3.54719,4.3588
2469,1,0,1.88187,1.88187
2469,2,0,1.86729,1.86729
2469,3,0,1.83198,1.83198
2470,0,0.745938,3.24792,3.99385
2470,1,0,2.48292,2.48292
2470,2,0,1.95693,1.95693
2470,3,0,1.81573,1.81573
2471,0,0.64099,3.16609,3.80708
2471,1,0,1.82328,1.82328
2471,2,0,1.87891,1.87891
2471,3,0,1.90312,1.90312
2472,0,1.11099,3.26385,4.37484
2472,1,0,1.84354,1.84354
2472,2,0,1.83776,1.83776
2472,3,0,1.83078,1.83078
2473,0,0.753333,3.49115,4.24448
2473,1,0,2.71599,2.71599
2473,2,0,1.88031,1.88031
2473,3,0,1.82787,1.82787
2474,0,0.765729,3.13313,3.89885
2474,1,0,1.82922,1.82922
2474,2,0,1.81901,1.81901
2474,3,0,1.83125,1.83125
2475,0,0.641198,3.94625,4.58745
2475,1,0,1.81812,1.81812
2475,2,0,2.18745,2.18745
2475,3,0,1.87135,1.87135
2476,0,0.824271,3.16557,3.98984
2476,1,0,2.61115,2.61115
2476,2,0,1.85656,1.85656
2476,3,0,1.86688,1.86688
2477,0,0.857031,3.37937,4.23641
2477,1,0,1.8399,1.8399
2477,2,0,1.84057,1.84057
2477,3,0,2.64375,2.64375
2478,0,0.795625,3.17745,3.97307
2478,1,0,1.82187,1.82187
2478,2,0,1.80969,1.80969
2478,3,0,1.80427,1.80427
2479,0,0.727969,4.22781,4.95578
2479,1,0,1.87047,1.87047
2479,2,0,1.85953,1.85953
2479,3,0,1.83781,1.83781
2480,0,0.802813,3.06391,3.86672
2480,1,0,1.82036,1.82036
2480,2,0,1.82563,1.82563
2480,3,0,2.53266,2.53266
2481,0,0.802344,3.32776,4.1301
2481,1,0,1.81578,1.81578
2481,2,0,1.82724,1.82724
2481,3,0,1.82011,1.82011
2482,0,0.708282,4.07422,4.7825
2482,1,0,1.82849,1.82849
2482,2,0,1.80474,1.80474
2482,3,0,1.79505,1.79505
2483,0,0.723177,3.46828,4.19146
2483,1,0,1.8799,1.8799
2483,2,0,2.70656,2.70656
2483,3,0,1.85125,1.85125
2484,0,0.83849,3.23365,4.07214
2484,1,0,1.80229,1.80229
2484,2,0,1.80443,1.80443
2484,3,0,1.81922,1.81922
2485,0,0.795885,3.70432,4.50021
2485,1,0,1.89458,1.89458
2485,2,0,1.88224,1.88224
2485,3,0,1.82255,1.82255
2486,0,0.776615,4.85052,5.62713
2486,1,0,1.83797,1.83797
2486,2,0,2.10989,2.10989
2486,3,0,1.8438,1.8438
2487,0,0.813646,3.88193,4.69557
2487,1,0,2.18266,2.18266
2487,2,0,2.75125,2.75125
2487,3,0,1.9549,1.9549
2488,0,1.06401,3.24016,4.30417
2488,1,0,1.94094,1.94094
2488,2,0,2.49005,2.49005
2488,3,0,3.0776,3.0776
2489,0,1.1074,6.37349,7.48089
2489,1,0,2.12786,2.12786
2489,2,0,3.15891,3.15891
2489,3,0,2.26365,2.26365
2490,0,1.78755,3.51661,5.30417
2490,1,0,3.03495,3.03495
2490,2,0,2.90969,2.90969
2490,3,0,2.05734,2.05734
2491,0,1.17495,3.18839,4.36333
2491,1,0,2.74573,2.74573
2491,2,0,2.185,2.185
2491,3,0,2.38318,2.38318
2492,0,1.15193,4.03411,5.18604
2492,1,0,1.98891,1.98891
2492,2,0,1.92839,1.92839
2492,3,0,1.87729,1.87729
2493,0,0.980833,3.2112,4.19203
2493,1,0,2.02307,2.02307
2493,2,0,2.23031,2.23031
2493,3,0,1.98036,1.98036
2494,0,1.35589,4.05724,5.41312
2494,1,0,2.24052,2.24052
2494,2,0,1.94276,1.94276
2494,3,0,1.9187,1.9187
2495,0,2.82807,3.45031,6.27839
2495,1,0,2.80187,2.80187
2495,2,0,2.30443,2.30443
2495,3,0,2.27635,2.27635
2496,0,0.788906,3.3,4.08891
2496,1,0,5.3837,5.3837
2496,2,0,2.17307,2.17307
2496,3,0,2.63599,2.63599
2497,0,1.5138,3.28083,4.79464
2497,1,0,1.93167,1.93167
2497,2,0,1.84464,1.84464
2497,3,0,1.82594,1.82594
2498,0,1.04766,3.75823,4.80588
2498,1,0,2.27906,2.27906
2498,2,0,2.02896,2.02896
2498,3,0,1.92182,1.92182
2499,0,1.17896,3.30297,4.48193
2499,1,0,1.86141,1.86141
2499,2,0,1.83588,1.83588
2499,3,0,2.21547,2.21547
2500,0,0.957865,3.19724,4.1551
2500,1,0,1.88568,1.88568
2500,2,0,2.00635,2.00635
2500,3,0,2.24406,2.24406
2501,0,1.60531,3.15802,4.76333
2501,1,0,1.96042,1.96042
2501,2,0,1.92714,1.92714
2501,3,0,1.82641,1.82641
2502,0,2.31818,3.39432,5.7125
2502,1,0,1.86422,1.86422
2502,2,0,1.85125,1.85125
2502,3,0,1.84906,1.84906
2503,0,0.928906,3.11224,4.04115
2503,1,0,1.96943,1.96943
2503,2,0,1.93078,1.93078
2503,3,0,1.82802,1.82802
2504,0,0.828073,3.15682,3.9849
2504,1,0,1.98651,1.98651
2504,2,0,2.01109,2.01109
2504,3,0,1.89875,1.89875
2505,0,1.01714,3.14875,4.16589
2505,1,0,1.93823,1.93823
2505,2,0,1.84135,1.84135
2505,3,0,2.03849,2.03849
2506,0,2.23349,3.37948,5.61297
2506,1,0,1.85677,1.85677
2506,2,0,1.8699,1.8699
2506,3,0,1.86443,1.86443
2507,0,1.07958,3.24026,4.31984
2507,1,0,1.83682,1.83682
2507,2,0,1.92604,1.92604
2507,3,0,1.8237,1.8237
2508,0,1.18141,3.1887,4.3701
2508,1,0,1.99547,1.99547
2508,2,0,1.97839,1.97839
2508,3,0,2.02708,2.02708
2509,0,1.35625,3.09583,4.45208
2509,1,0,1.82755,1.82755
2509,2,0,1.9775,1.9775
2509,3,0,2.4638,2.4638
2510,0,1.25474,3.39708,4.65182
2510,1,0,1.85511,1.85511
2510,2,0,2.52615,2.52615
2510,3,0,1.90854,1.90854
2511,0,1.02344,3.29073,4.31417
2511,1,0,1.84573,1.84573
2511,2,0,1.81958,1.81958
2511,3,0,2.10849,2.10849
2512,0,0.798698,3.30469,4.10339
2512,1,0,1.97917,1.97917
2512,2,0,1.88031,1.88031
2512,3,0,1.85245,1.85245
2513,0,1.36333,3.61052,4.97385
2513,1,0,1.97755,1.97755
2513,2,0,2.09542,2.09542
2513,3,0,2.16198,2.16198
2514,0,1.13734,3.52099,4.65833
2514,1,0,2.03401,2.03401
2514,2,0,2.02839,2.02839
2514,3,0,2.01422,2.01422
2515,0,0.915782,3.42974,4.34552
2515,1,0,2.02208,2.02208
2515,2,0,2.03849,2.03849
2515,3,0,2.09234,2.09234
2516,0,1.88411,3.50516,5.38927
2516,1,0,2.05156,2.05156
2516,2,0,2.01271,2.01271
2516,3,0,2.01896,2.01896
2517,0,0.924375,3.98662,4.91099
2517,1,0,2.47995,2.47995
2517,2,0,2.15286,2.15286
2517,3,0,2.05568,2.05568
2518,0,1.06552,3.74438,4.8099
2518,1,0,2.03068,2.03068
2518,2,0,2.16359,2.16359
2518,3,0,2.05406,2.05406
2519,0,0.836771,3.5587,4.39547
2519,1,0,2.79635,2.79635
2519,2,0,2.25292,2.25292
2519,3,0,2.03969,2.03969
2520,0,1.23662,3.59703,4.83365
2520,1,0,2.12412,2.12412
2520,2,0,2.9575,2.9575
2520,3,0,2.30776,2.30776
2521,0,1.09802,3.91495,5.01297
2521,1,0,2.05,2.05
2521,2,0,2.01698,2.01698
2521,3,0,2.00651,2.00651
2522,0,0.841458,3.52713,4.36859
2522,1,0,2.01542,2.01542
2522,2,0,2.11729,2.11729
2522,3,0,2.18854,2.18854
2523,0,1.3525,3.57682,4.92932
2523,1,0,2.06193,2.06193
2523,2,0,2.02766,2.02766
2523,3,0,2.01969,2.01969
2524,0,1.03563,4.08239,5.11802
2524,1,0,2.60729,2.60729
2524,2,0,2.14344,2.14344
2524,3,0,2.03688,2.03688
2525,0,1.47302,3.605,5.07802
2525,1,0,2.02438,2.02438
2525,2,0,4.5737,4.5737
2525,3,0,2.12141,2.12141
2526,0,0.895104,3.5275,4.4226
2526,1,0,2.11271,2.11271
2526,2,0,2.2499,2.2499
2526,3,0,2.01432,2.01432
2527,0,0.994948,4.00807,5.00302
2527,1,0,2.55802,2.55802
2527,2,0,2.18755,2.18755
2527,3,0,2.17255,2.17255
2528,0,1.07516,3.86537,4.94052
2528,1,0,2.02188,2.02188
2528,2,0,2.21807,2.21807
2528,3,0,2.0099,2.0099
2529,0,1.0576,3.49599,4.55359
2529,1,0,2.01641,2.01641
2529,2,0,2.02203,2.02203
2529,3,0,2.5587,2.5587
2530,0,1.15307,3.67526,4.82833
2530,1,0,2.06391,2.06391
2530,2,0,2.11537,2.11537
2530,3,0,2.03115,2.03115
2531,0,0.914219,3.6651,4.57932
2531,1,0,2.39302,2.39302
2531,2,0,2.03542,2.03542
2531,3,0,2.03781,2.03781
2532,0,1.0574,3.80313,4.86052
2532,1,0,2.02286,2.02286
2532,2,0,2.00979,2.00979
2532,3,0,2.01896,2.01896
2533,0,0.905833,3.60838,4.51422
2533,1,0,2.39963,2.39963
2533,2,0,2.18703,2.18703
2533,3,0,2.09172,2.09172
2534,0,1.22562,3.65672,4.88234
2534,1,0,2.03896,2.03896
2534,2,0,2.43615,2.43615
2534,3,0,2.29078,2.29078
2535,0,1.23641,3.47781,4.71422
2535,1,0,2.07625,2.07625
2535,2,0,2.19505,2.19505
2535,3,0,2.03448,2.03448
2536,0,0.903125,3.59443,4.49755
2536,1,0,2.12266,2.12266
2536,2,0,2.03776,2.03776
2536,3,0,2.01932,2.01932
2537,0,0.878177,3.61484,4.49302
2537,1,0,2.44891,2.44891
2537,2,0,2.44016,2.44016
2537,3,0,2.01224,2.01224
2538,0,0.995156,3.37781,4.37297
2538,1,0,2.07042,2.07042
2538,2,0,2.16635,2.16635
2538,3,0,2.05287,2.05287
2539,0,1.03396,3.87453,4.90849
2539,1,0,2.04073,2.04073
2539,2,0,2.01125,2.01125
2539,3,0,2.20474,2.20474
2540,0,0.844479,3.92125,4.76573
2540,1,0,2.15151,2.15151
2540,2,0,2.27328,2.27328
2540,3,0,2.32729,2.32729
2541,0,1.37672,3.82068,5.1974
2541,1,0,2.15,2.15
2541,2,0,2.13474,2.13474
2541,3,0,2.78578,2.78578
2542,0,1.30026,3.84365,5.14391
2542,1,0,2.15979,2.15979
2542,2,0,2.145,2.145
2542,3,0,2.15578,2.15578
2543,0,0.950729,4.15349,5.10422
2543,1,0,2.14844,2.14844
2543,2,0,2.22505,2.22505
2543,3,0,2.15214,2.15214
2544,0,0.846042,3.69224,4.53828
2544,1,0,2.47219,2.47219
2544,2,0,2.17292,2.17292
2544,3,0,2.13651,2.13651
2545,0,1.05625,4.10162,5.15787
2545,1,0,2.34703,2.34703
2545,2,0,2.24854,2.24854
2545,3,0,2.14818,2.14818
2546,0,1.05364,3.82854,4.88219
2546,1,0,2.15141,2.15141
2546,2,0,2.16406,2.16406
2546,3,0,2.15255,2.15255
2547,0,1.00682,4.08281,5.08964
2547,1,0,2.48594,2.48594
2547,2,0,2.32677,2.32677
2547,3,0,2.20588,2.20588
2548,0,1.23026,3.78391,5.01417
2548,1,0,2.13922,2.13922
2548,2,0,2.60974,2.60974
2548,3,0,2.36943,2.36943
2549,0,1.08505,3.93239,5.01745
2549,1,0,2.24167,2.24167
2549,2,0,2.15995,2.15995
2549,3,0,2.13734,2.13734
2550,0,0.891563,3.90385,4.79542
2550,1,0,2.1387,2.1387
2550,2,0,2.1413,2.1413
2550,3,0,3.03677,3.03677
2551,0,1.28505,3.77719,5.06224
2551,1,0,2.18703,2.18703
2551,2,0,2.13463,2.13463
2551,3,0,2.23401,2.23401
2552,0,1.3488,3.87656,5.22536
2552,1,0,2.21833,2.21833
2552,2,0,2.1688,2.1688
2552,3,0,2.24948,2.24948
2553,0,1.10167,3.9224,5.02406
2553,1,0,2.14375,2.14375
2553,2,0,2.13615,2.13615
2553,3,0,2.13339,2.13339
2554,0,0.817917,4.11005,4.92797
2554,1,0,2.24026,2.24026
2554,2,0,2.96141,2.96141
2554,3,0,2.16323,2.16323
2555,0,0.997396,3.96453,4.96193
2555,1,0,2.55776,2.55776
2555,2,0,2.28344,2.28344
2555,3,0,2.15984,2.15984
2556,0,1.03422,4.07943,5.11365
2556,1,0,2.22526,2.22526
2556,2,0,2.15167,2.15167
2556,3,0,2.13557,2.13557
2557,0,0.906511,3.69458,4.60109
2557,1,0,2.34745,2.34745
2557,2,0,2.18641,2.18641
2557,3,0,2.2026,2.2026
2558,0,1.26307,4.32521,5.58828
2558,1,0,2.20542,2.20542
2558,2,0,2.35958,2.35958
2558,3,0,2.45161,2.45161
2559,0,1.41859,3.94339,5.36198
2559,1,0,2.19557,2.19557
2559,2,0,2.15927,2.15927
2559,3,0,2.14297,2.14297
2560,0,0.859375,3.74328,4.60266
2560,1,0,2.13396,2.13396
2560,2,0,2.13089,2.13089
2560,3,0,2.15386,2.15386
2561,0,0.905781,3.85589,4.76167
2561,1,0,2.55271,2.55271
2561,2,0,2.16833,2.16833
2561,3,0,2.12922,2.12922
2562,0,1.00224,4.41646,5.4187
2562,1,0,2.45797,2.45797
2562,2,0,2.18203,2.18203
2562,3,0,2.17818,2.17818
2563,0,1.04609,3.84167,4.88776
2563,1,0,2.1412,2.1412
2563,2,0,2.1412,2.1412
2563,3,0,2.13172,2.13172
2564,0,0.813333,3.8063,4.61963
2564,1,0,2.1988,2.1988
2564,2,0,2.36146,2.36146
2564,3,0,2.25078,2.25078
2565,0,1.11359,3.73849,4.85208
2565,1,0,2.13969,2.13969
2565,2,0,2.15761,2.15761
2565,3,0,2.56068,2.56068
2566,0,1.30052,3.76901,5.06953
2566,1,0,3.82432,3.82432
2566,2,0,2.22073,2.22073
2566,3,0,2.1351,2.1351
2567,0,0.905573,3.68708,4.59266
2567,1,0,2.13797,2.13797
2567,2,0,2.21917,2.21917
2567,3,0,2.34333,2.34333
2568,0,1.09443,3.78469,4.87911
2568,1,0,2.14318,2.14318
2568,2,0,2.12875,2.12875
2568,3,0,2.25099,2.25099
2569,0,1.47177,3.95057,5.42234
2569,1,0,2.18885,2.18885
2569,2,0,2.16302,2.16302
2569,3,0,2.14469,2.14469
2570,0,1.00865,3.80714,4.81578
2570,1,0,2.13583,2.13583
2570,2,0,2.13307,2.13307
2570,3,0,2.13016,2.13016
2571,0,0.854479,3.85463,4.70911
2571,1,0,2.34302,2.34302
2571,2,0,2.42667,2.42667
2571,3,0,2.14948,2.14948
2572,0,1.00854,3.89083,4.89938
2572,1,0,2.18,2.18
2572,2,0,2.40885,2.40885
2572,3,0,2.34693,2.34693
2573,0,1.06136,4.12505,5.18641
2573,1,0,2.15578,2.15578
2573,2,0,2.15078,2.15078
2573,3,0,2.13484,2.13484
2574,0,0.86724,3.86615,4.73339
2574,1,0,2.1449,2.1449
2574,2,0,2.21094,2.21094
2574,3,0,2.17906,2.17906
2575,0,1.35693,4.04146,5.39839
2575,1,0,2.16458,2.16458
2575,2,0,2.13531,2.13531
2575,3,0,2.16219,2.16219
2576,0,1.3287,3.92818,5.25687
2576,1,0,2.16979,2.16979
2576,2,0,2.16156,2.16156
2576,3,0,2.13677,2.13677
2577,0,0.912032,4.15052,5.06255
2577,1,0,2.23557,2.23557
2577,2,0,2.1438,2.1438
2577,3,0,2.13724,2.13724
2578,0,0.84776,3.96927,4.81703
2578,1,0,2.3725,2.3725
2578,2,0,2.16021,2.16021
2578,3,0,2.14135,2.14135
2579,0,1.03031,3.73146,4.76177
2579,1,0,2.18594,2.18594
2579,2,0,2.28661,2.28661
2579,3,0,2.36,2.36
2580,0,1.13729,3.71484,4.85213
2580,1,0,2.13047,2.13047
2580,2,0,2.24344,2.24344
2580,3,0,2.36151,2.36151
2581,0,0.86099,3.80901,4.67
2581,1,0,2.26406,2.26406
2581,2,0,2.38323,2.38323
2581,3,0,2.30922,2.30922
2582,0,1.01516,3.94755,4.96271
2582,1,0,2.14511,2.14511
2582,2,0,2.18078,2.18078
2582,3,0,2.93005,2.93005
2583,0,1.36261,3.96943,5.33203
2583,1,0,2.17391,2.17391
2583,2,0,2.17818,2.17818
2583,3,0,2.17162,2.17162
2584,0,0.888854,3.73828,4.62714
2584,1,0,2.1537,2.1537
2584,2,0,2.13865,2.13865
2584,3,0,2.14318,2.14318
2585,0,1.4075,4.11964,5.52714
2585,1,0,2.17719,2.17719
2585,2,0,2.1376,2.1376
2585,3,0,2.13286,2.13286
2586,0,0.997708,3.84911,4.84682
2586,1,0,2.41682,2.41682
2586,2,0,2.25031,2.25031
2586,3,0,2.16823,2.16823
2587,0,1.04537,3.83615,4.88151
2587,1,0,2.135,2.135
2587,2,0,2.43042,2.43042
2587,3,0,2.14161,2.14161
2588,0,0.805729,4.23328,5.03901
2588,1,0,2.20849,2.20849
2588,2,0,2.24755,2.24755
2588,3,0,2.20276,2.20276
2589,0,1.00557,3.91943,4.925
2589,1,0,2.33276,2.33276
2589,2,0,2.72307,2.72307
2589,3,0,2.29562,2.29562
2590,0,1.08797,4.04713,5.1351
2590,1,0,2.15359,2.15359
2590,2,0,2.13255,2.13255
2590,3,0,2.19693,2.19693
2591,0,1.02672,4.08589,5.1126
2591,1,0,2.19307,2.19307
2591,2,0,2.18099,2.18099
2591,3,0,2.18698,2.18698
2592,0,1.02859,4.14375,5.17234
2592,1,0,2.19854,2.19854
2592,2,0,2.12958,2.12958
2592,3,0,2.88979,2.88979
2593,0,1.41104,4.10448,5.51552
2593,1,0,2.23714,2.23714
2593,2,0,2.34969,2.34969
2593,3,0,2.19412,2.19412
2594,0,0.997448,3.82786,4.82531
2594,1,0,2.13135,2.13135
2594,2,0,2.14177,2.14177
2594,3,0,2.16521,2.16521
2595,0,0.835052,3.82958,4.66464
2595,1,0,2.4101,2.4101
2595,2,0,2.15734,2.15734
2595,3,0,2.1413,2.1413
2596,0,1.02682,4.09078,5.1176
2596,1,0,2.20208,2.20208
2596,2,0,2.29443,2.29443
2596,3,0,2.14958,2.14958
2597,0,1.06073,3.8737,4.93443
2597,1,0,2.16026,2.16026
2597,2,0,2.95495,2.95495
2597,3,0,2.2388,2.2388
2598,0,0.913645,3.80109,4.71474
2598,1,0,2.84193,2.84193
2598,2,0,2.29432,2.29432
2598,3,0,2.16912,2.16912
2599,0,1.13865,4.82437,5.96302
2599,1,0,2.25708,2.25708
2599,2,0,2.9337,2.9337
2599,3,0,2.35849,2.35849
2600,0,1.0388,3.79588,4.83469
2600,1,0,2.18396,2.18396
2600,2,0,2.19219,2.19219
2600,3,0,2.36708,2.36708
2601,0,0.888959,4.04099,4.92995
2601,1,0,2.13995,2.13995
2601,2,0,2.26359,2.26359
2601,3,0,2.23672,2.23672
2602,0,1.09682,3.6549,4.75172
2602,1,0,2.19083,2.19083
2602,2,0,2.13068,2.13068
2602,3,0,2.26557,2.26557
2603,0,1.71172,4.12969,5.84141
2603,1,0,2.17708,2.17708
2603,2,0,2.16344,2.16344
2603,3,0,2.18995,2.18995
2604,0,1.07802,3.84109,4.91911
2604,1,0,2.13667,2.13667
2604,2,0,2.13635,2.13635
2604,3,0,2.13484,2.13484
2605,0,0.864271,4.04286,4.90714
2605,1,0,2.24219,2.24219
2605,2,0,2.21328,2.21328
2605,3,0,2.14182,2.14182
2606,0,1.0151,3.86963,4.88474
2606,1,0,2.99146,2.99146
2606,2,0,2.45156,2.45156
2606,3,0,2.14984,2.14984
2607,0,1.03547,4.22682,5.26229
2607,1,0,2.14245,2.14245
2607,2,0,2.14302,2.14302
2607,3,0,2.2375,2.2375
2608,0,0.84599,3.6424,4.48839
2608,1,0,2.28073,2.28073
2608,2,0,2.1937,2.1937
2608,3,0,2.31266,2.31266
2609,0,1.08771,3.8751,4.96281
2609,1,0,2.15599,2.15599
2609,2,0,2.1312,2.1312
2609,3,0,2.21115,2.21115
2610,0,1.2,3.91464,5.11464
2610,1,0,2.17198,2.17198
2610,2,0,2.14474,2.14474
2610,3,0,2.14182,2.14182
2611,0,0.857552,4.31656,5.17411
2611,1,0,2.13964,2.13964
2611,2,0,2.14625,2.14625
2611,3,0,2.13906,2.13906
2612,0,0.823646,3.94349,4.76713
2612,1,0,2.50563,2.50563
2612,2,0,2.17453,2.17453
2612,3,0,2.2801,2.2801
2613,0,1.07495,3.92938,5.00432
2613,1,0,2.34984,2.34984
2613,2,0,2.17979,2.17979
2613,3,0,2.16146,2.16146
2614,0,1.0475,4.05885,5.10635
2614,1,0,2.14021,2.14021
2614,2,0,2.13687,2.13687
2614,3,0,2.16969,2.16969
2615,0,0.831823,3.78047,4.61229
2615,1,0,2.55339,2.55339
2615,2,0,2.34906,2.34906
2615,3,0,2.14917,2.14917
2616,0,1.14333,3.87807,5.02141
2616,1,0,2.13667,2.13667
2616,2,0,2.15443,2.15443
2616,3,0,2.5099,2.5099
2617,0,1.16286,3.88063,5.04349
2617,1,0,2.88766,2.88766
2617,2,0,2.37375,2.37375
2617,3,0,2.18547,2.18547
2618,0,0.992292,3.67135,4.66365
2618,1,0,2.13359,2.13359
2618,2,0,2.14714,2.14714
2618,3,0,2.21141,2.21141
2619,0,1.06672,3.87885,4.94557
2619,1,0,2.15787,2.15787
2619,2,0,2.13625,2.13625
2619,3,0,2.13297,2.13297
2620,0,0.9,5.19458,6.09458
2620,1,0,2.35245,2.35245
2620,2,0,2.15656,2.15656
2620,3,0,2.14203,2.14203
2621,0,1.05109,3.77021,4.8213
2621,1,0,2.13854,2.13854
2621,2,0,2.12922,2.12922
2621,3,0,2.12802,2.12802
2622,0,0.84974,4.14448,4.99422
2622,1,0,2.40687,2.40687
2622,2,0,2.3226,2.3226
2622,3,0,2.14078,2.14078
2623,0,1.01198,3.86667,4.87864
2623,1,0,2.33547,2.33547
2623,2,0,2.32271,2.32271
2623,3,0,2.19167,2.19167
2624,0,1.05255,3.94807,5.00063
2624,1,0,2.14693,2.14693
2624,2,0,2.1351,2.1351
2624,3,0,2.13641,2.13641
2625,0,0.851458,3.89057,4.74203
2625,1,0,2.13516,2.13516
2625,2,0,2.43615,2.43615
2625,3,0,2.25312,2.25312
2626,0,1.15464,4.43823,5.59286
2626,1,0,2.19531,2.19531
2626,2,0,2.13016,2.13016
2626,3,0,2.21604,2.21604
2627,0,1.20339,3.81651,5.0199
2627,1,0,2.16042,2.16042
2627,2,0,2.15958,2.15958
2627,3,0,2.13885,2.13885
2628,0,0.874583,3.79146,4.66604
2628,1,0,2.13193,2.13193
2628,2,0,2.12964,2.12964
2628,3,0,2.13292,2.13292
2629,0,0.886354,3.97818,4.86453
2629,1,0,2.3725,2.3725
2629,2,0,2.14656,2.14656
2629,3,0,2.14021,2.14021
2630,0,1.01401,3.81234,4.82635
2630,1,0,2.18375,2.18375
2630,2,0,2.26776,2.26776
2630,3,0,2.17792,2.17792
2631,0,1.04161,3.72031,4.76193
2631,1,0,2.27714,2.27714
2631,2,0,2.26417,2.26417
2631,3,0,2.32099,2.32099
2632,0,0.824791,3.71901,4.5438
2632,1,0,2.13927,2.13927
2632,2,0,2.17984,2.17984
2632,3,0,2.2049,2.2049
2633,0,1.18813,3.70922,4.89734
2633,1,0,2.14094,2.14094
2633,2,0,2.12708,2.12708
2633,3,0,2.14562,2.14562
2634,0,1.37771,4.01057,5.38828
2634,1,0,2.16453,2.16453
2634,2,0,2.15974,2.15974
2634,3,0,2.18391,2.18391
2635,0,0.944583,3.85172,4.7963
2635,1,0,2.16391,2.16391
2635,2,0,2.27953,2.27953
2635,3,0,2.27755,2.27755
2636,0,0.934166,4.08734,5.02151
2636,1,0,2.39917,2.39917
2636,2,0,2.15005,2.15005
2636,3,0,2.15328,2.15328
2637,0,1.00818,4.10542,5.11359
2637,1,0,2.96875,2.96875
2637,2,0,2.27214,2.27214
2637,3,0,2.16484,2.16484
2638,0,1.05182,3.88057,4.9324
2638,1,0,2.14526,2.14526
2638,2,0,2.13958,2.13958
2638,3,0,2.13708,2.13708
2639,0,1.34734,3.90037,5.24771
2639,1,0,2.21203,2.21203
2639,2,0,2.25854,2.25854
2639,3,0,2.18453,2.18453
2640,0,1.13661,3.86651,5.00312
2640,1,0,2.16031,2.16031
2640,2,0,2.16151,2.16151
2640,3,0,2.48016,2.48016
2641,0,1.15193,4.09453,5.24646
2641,1,0,2.15937,2.15937
2641,2,0,2.1388,2.1388
2641,3,0,2.13864,2.13864
2642,0,1.06984,3.79568,4.86552
2642,1,0,2.26964,2.26964
2642,2,0,2.17537,2.17537
2642,3,0,2.95943,2.95943
2643,0,1.29208,3.71422,5.0063
2643,1,0,2.1774,2.1774
2643,2,0,2.13,2.13
2643,3,0,2.13094,2.13094
2644,0,1.53021,3.76479,5.295
2644,1,0,2.2487,2.2487
2644,2,0,2.16271,2.16271
2644,3,0,2.33635,2.33635
2645,0,0.979323,4.25859,5.23792
2645,1,0,2.15932,2.15932
2645,2,0,2.26875,2.26875
2645,3,0,2.13328,2.13328
2646,0,0.80125,3.89823,4.69948
2646,1,0,2.29818,2.29818
2646,2,0,2.65458,2.65458
2646,3,0,2.13677,2.13677
2647,0,1.04583,3.94026,4.98609
2647,1,0,2.20901,2.20901
2647,2,0,2.41172,2.41172
2647,3,0,2.27365,2.27365
2648,0,1.1751,3.88802,5.06313
2648,1,0,2.44964,2.44964
2648,2,0,2.21698,2.21698
2648,3,0,2.14302,2.14302
2649,0,0.966667,4.2149,5.18156
2649,1,0,2.22359,2.22359
2649,2,0,2.21333,2.21333
2649,3,0,2.30516,2.30516
2650,0,1.09401,3.76037,4.85438
2650,1,0,2.26182,2.26182
2650,2,0,2.68797,2.68797
2650,3,0,3.01927,3.01927
2651,0,1.38693,3.74391,5.13083
2651,1,0,2.24057,2.24057
2651,2,0,2.90885,2.90885
2651,3,0,2.33828,2.33828
2652,0,1.24755,4.13125,5.3788
2652,1,0,2.21411,2.21411
2652,2,0,2.59213,2.59213
2652,3,0,2.42474,2.42474
2653,0,1.07797,3.78083,4.8588
2653,1,0,2.33698,2.33698
2653,2,0,2.14901,2.14901
2653,3,0,2.30714,2.30714
2654,0,1.72307,4.00885,5.73193
2654,1,0,2.20146,2.20146
2654,2,0,2.16203,2.16203
2654,3,0,2.24219,2.24219
2655,0,0.978177,4.04344,5.02161
2655,1,0,2.20057,2.20057
2655,2,0,2.31901,2.31901
2655,3,0,2.29109,2.29109
2656,0,1.05516,4.17635,5.23151
2656,1,0,2.3962,2.3962
2656,2,0,2.17687,2.17687
2656,3,0,2.63417,2.63417
2657,0,1.37365,4.24854,5.62219
2657,1,0,3.15193,3.15193
2657,2,0,2.56255,2.56255
2657,3,0,2.60286,2.60286
2658,0,1.17073,4.10589,5.27661
2658,1,0,2.4174,2.4174
2658,2,0,2.70818,2.70818
2658,3,0,2.5626,2.5626
2659,0,1.29349,3.93187,5.22537
2659,1,0,2.44453,2.44453
2659,2,0,2.77661,2.77661
2659,3,0,3.14073,3.14073
2660,0,2.16469,4.35188,6.51656
2660,1,0,2.49141,2.49141
2660,2,0,2.53292,2.53292
2660,3,0,2.30323,2.30323
2661,0,0.920364,4.43401,5.35438
2661,1,0,2.58802,2.58802
2661,2,0,2.2926,2.2926
2661,3,0,2.16531,2.16531
2662,0,1.03771,3.94594,4.98365
2662,1,0,2.3024,2.3024
2662,2,0,2.16802,2.16802
2662,3,0,2.15953,2.15953
2663,0,1.24349,3.89167,5.13516
2663,1,0,3.38323,3.38323
2663,2,0,2.85302,2.85302
2663,3,0,2.22146,2.22146
2664,0,1.23344,4.64677,5.88021
2664,1,0,7.42026,7.42026
2664,2,0,3.74318,3.74318
2664,3,0,2.74537,2.74537
2665,0,1.18974,4.63667,5.82641
2665,1,0,4.89562,4.89562
2665,2,0,5.51094,5.51094
2665,3,0,2.29062,2.29062
2666,0,0.452292,3.83984,4.29214
2666,1,0,3.06422,3.06422
2666,2,0,2.24578,2.24578
2666,3,0,2.95151,2.95151
2667,0,0.437605,4.04958,4.48719
2667,1,0,2.25302,2.25302
2667,2,0,3.36583,3.36583
2667,3,0,2.87391,2.87391
2668,0,0.595625,3.91937,4.515
2668,1,0,2.2724,2.2724
2668,2,0,3.36443,3.36443
2668,3,0,2.39349,2.39349
2669,0,0.920365,3.93745,4.85781
2669,1,0,2.62583,2.62583
2669,2,0,2.6375,2.6375
2669,3,0,2.47797,2.47797
2670,0,0.313594,4.5363,4.8499
2670,1,0,2.16724,2.16724
2670,2,0,5.23641,5.23641
2670,3,0,2.83266,2.83266
2671,0,1.2813,4.33146,5.61276
2671,1,0,2.1851,2.1851
2671,2,0,2.17213,2.17213
2671,3,0,3.29484,3.29484
2672,0,0.408646,4.3762,4.78484
2672,1,0,2.12281,2.12281
2672,2,0,2.08427,2.08427
2672,3,0,2.8687,2.8687
2673,0,0.410209,4.58193,4.99214
2673,1,0,4.45089,4.45089
2673,2,0,3.5249,3.5249
2673,3,0,2.59917,2.59917
2674,0,0.437865,4.50302,4.94088
2674,1,0,4.93896,4.93896
2674,2,0,3.35521,3.35521
2674,3,0,2.88927,2.88927
2675,0,0.409115,5.99245,6.40156
2675,1,0,1.95359,1.95359
2675,2,0,2.70432,2.70432
2675,3,0,2.62068,2.62068
2676,0,0.604479,5.26578,5.87026
2676,1,0,1.97667,1.97667
2676,2,0,2.68328,2.68328
2676,3,0,1.97661,1.97661
2677,0,0.51875,6.60641,7.12516
2677,1,0,2.38948,2.38948
2677,2,0,3.04693,3.04693
2677,3,0,2.0612,2.0612
2678,0,0.436198,5.99307,6.42927
2678,1,0,2.06214,2.06214
2678,2,0,2.42901,2.42901
2678,3,0,1.76833,1.76833
2679,0,0.371146,3.85781,4.22896
2679,1,0,3.86896,3.86896
2679,2,0,2.02958,2.02958
2679,3,0,2.5112,2.5112
2680,0,0.377708,4.25526,4.63297
2680,1,0,3.92807,3.92807
2680,2,0,1.85734,1.85734
2680,3,0,2.4375,2.4375
2681,0,0.404896,3.93615,4.34104
2681,1,0,3.86729,3.86729
2681,2,0,1.80156,1.80156
2681,3,0,1.74568,1.74568
2682,0,0.344948,3.84969,4.19464
2682,1,0,2.40578,2.40578
2682,2,0,3.92885,3.92885
2682,3,0,1.80859,1.80859
2683,0,0.360104,3.90964,4.26974
2683,1,0,1.82484,1.82484
2683,2,0,2.43792,2.43792
2683,3,0,4.14187,4.14187
2684,0,0.376615,3.83,4.20662
2684,1,0,2.47052,2.47052
2684,2,0,2.42188,2.42188
2684,3,0,3.8651,3.8651
2685,0,0.368906,3.11656,3.48547
2685,1,0,2.43182,2.43182
2685,2,0,1.78208,1.78208
2685,3,0,2.41792,2.41792
2686,0,0.440313,5.48615,5.92646
2686,1,0,2.02208,2.02208
2686,2,0,2.67271,2.67271
2686,3,0,1.87146,1.87146
2687,0,0.750365,3.87146,4.62182
2687,1,0,3.91234,3.91234
2687,2,0,2.46771,2.46771
2687,3,0,1.9787,1.9787
2688,0,0.387083,3.84734,4.23443
2688,1,0,3.88083,3.88083
2688,2,0,1.98547,1.98547
2688,3,0,2.97349,2.97349
2689,0,0.575833,3.71786,4.2937
2689,1,0,3.84469,3.84469
2689,2,0,1.78771,1.78771
2689,3,0,1.75104,1.75104
2690,0,0.375156,4.30349,4.67865
2690,1,0,2.43646,2.43646
2690,2,0,3.72135,3.72135
2690,3,0,1.7801,1.7801
2691,0,0.362865,3.92719,4.29005
2691,1,0,2.37391,2.37391
2691,2,0,3.875,3.875
2691,3,0,1.74875,1.74875
2692,0,0.567604,3.90203,4.46964
2692,1,0,2.15354,2.15354
2692,2,0,2.4975,2.4975
2692,3,0,3.87797,3.87797
2693,0,0.363333,3.50755,3.87088
2693,1,0,2.94667,2.94667
2693,2,0,2.6876,2.6876
2693,3,0,4.15833,4.15833
2694,0,0.39099,3.12172,3.51271
2694,1,0,2.66578,2.66578
2694,2,0,1.77984,1.77984
2694,3,0,2.39016,2.39016
2695,0,0.424115,4.96432,5.38844
2695,1,0,2.02802,2.02802
2695,2,0,2.72812,2.72812
2695,3,0,1.80958,1.80958
2696,0,0.409271,3.19625,3.60552
2696,1,0,4.12219,4.12219
2696,2,0,2.10365,2.10365
2696,3,0,2.4401,2.4401
2697,0,0.402969,3.75156,4.15453
2697,1,0,4.08,4.08
2697,2,0,1.8176,1.8176
2697,3,0,2.4675,2.4675
2698,0,0.35651,3.75583,4.11234
2698,1,0,3.99411,3.99411
2698,2,0,2.12453,2.12453
2698,3,0,1.90125,1.90125
2699,0,0.373698,3.86479,4.23849
2699,1,0,2.41063,2.41063
2699,2,0,4.10786,4.10786
2699,3,0,1.91964,1.91964
2700,0,0.424896,4.0101,4.435
2700,1,0,2.42932,2.42932
2700,2,0,1.82135,1.82135
2700,3,0,3.87229,3.87229
2701,0,0.371823,3.82932,4.20115
2701,1,0,2.6113,2.6113
2701,2,0,2.41391,2.41391
2701,3,0,3.92615,3.92615
2702,0,0.420938,3.23047,3.65141
2702,1,0,2.47516,2.47516
2702,2,0,1.8025,1.8025
2702,3,0,2.36703,2.36703
2703,0,0.388854,5.14318,5.53203
2703,1,0,1.89583,1.89583
2703,2,0,2.62276,2.62276
2703,3,0,1.85271,1.85271
2704,0,0.377292,4.09271,4.47
2704,1,0,3.86802,3.86802
2704,2,0,1.77349,1.77349
2704,3,0,2.54141,2.54141
2705,0,0.353854,4.39891,4.75276
2705,1,0,3.89729,3.89729
2705,2,0,1.81344,1.81344
2705,3,0,2.54552,2.54552
2706,0,0.360468,4.10083,4.4613
2706,1,0,4.16911,4.16911
2706,2,0,1.88963,1.88963
2706,3,0,1.79911,1.79911
2707,0,0.94349,3.24224,4.18573
2707,1,0,2.62354,2.62354
2707,2,0,3.89089,3.89089
2707,3,0,1.77589,1.77589
2708,0,0.365417,3.89792,4.26333
2708,1,0,2.68177,2.68177
2708,2,0,1.92448,1.92448
2708,3,0,3.90542,3.90542
2709,0,0.378542,4.33297,4.71151
2709,1,0,1.8162,1.8162
2709,2,0,2.67771,2.67771
2709,3,0,4.20396,4.20396
2710,0,0.393177,4.18281,4.57599
2710,1,0,1.79776,1.79776
2710,2,0,2.56271,2.56271
2710,3,0,3.90729,3.90729
2711,0,0.375573,3.28672,3.66229
2711,1,0,2.59578,2.59578
2711,2,0,1.88062,1.88062
2711,3,0,2.72516,2.72516
2712,0,0.424636,5.78052,6.20516
2712,1,0,2.55948,2.55948
2712,2,0,1.82479,1.82479
2712,3,0,2.75958,2.75958
2713,0,0.537239,5.08062,5.61786
2713,1,0,1.81104,1.81104
2713,2,0,2.5374,2.5374
2713,3,0,1.76229,1.76229
2714,0,0.366875,3.97344,4.34031
2714,1,0,3.86437,3.86437
2714,2,0,1.7874,1.7874
2714,3,0,2.5237,2.5237
2715,0,0.450521,4.00557,4.45609
2715,1,0,3.90578,3.90578
2715,2,0,1.7776,1.7776
2715,3,0,2.61063,2.61063
2716,0,0.406354,4.57182,4.97818
2716,1,0,3.97917,3.97917
2716,2,0,1.78568,1.78568
2716,3,0,1.76948,1.76948
2717,0,0.46224,3.38146,3.8437
2717,1,0,2.56984,2.56984
2717,2,0,3.94042,3.94042
2717,3,0,1.81849,1.81849
2718,0,0.360625,4.03297,4.39359
2718,1,0,2.65807,2.65807
2718,2,0,1.84943,1.84943
2718,3,0,3.90427,3.90427
2719,0,0.388646,4.40787,4.79651
2719,1,0,2.12161,2.12161
2719,2,0,2.65641,2.65641
2719,3,0,3.96198,3.96198
2720,0,0.392708,4.17813,4.57083
2720,1,0,1.77588,1.77588
2720,2,0,2.56719,2.56719
2720,3,0,3.95109,3.95109
2721,0,0.407917,3.27141,3.67932
2721,1,0,2.68698,2.68698
2721,2,0,1.80979,1.80979
2721,3,0,2.5987,2.5987
2722,0,0.39724,4.94484,5.34208
2722,1,0,1.88016,1.88016
2722,2,0,2.8888,2.8888
2722,3,0,2.65521,2.65521
2723,0,0.584219,5.25063,5.83484
2723,1,0,1.80266,1.80266
2723,2,0,2.54307,2.54307
2723,3,0,1.76141,1.76141
2724,0,0.469011,4.32875,4.79776
2724,1,0,3.95354,3.95354
2724,2,0,2.59365,2.59365
2724,3,0,1.78781,1.78781
2725,0,0.360625,4.30458,4.66521
2725,1,0,3.95693,3.95693
2725,2,0,1.97057,1.97057
2725,3,0,2.74656,2.74656
2726,0,0.410625,4.05807,4.4687
2726,1,0,3.91141,3.91141
2726,2,0,1.79641,1.79641
2726,3,0,2.53286,2.53286
2727,0,0.462865,4.00547,4.46833
2727,1,0,3.89307,3.89307
2727,2,0,1.85411,1.85411
2727,3,0,1.77667,1.77667
2728,0,0.364479,4.11479,4.47927
2728,1,0,2.59,2.59
2728,2,0,3.99193,3.99193
2728,3,0,2.0724,2.0724
2729,0,0.40198,4.11562,4.5176
2729,1,0,2.64057,2.64057
2729,2,0,1.82198,1.82198
2729,3,0,3.8949,3.8949
2730,0,0.365573,3.87005,4.23562
2730,1,0,1.77958,1.77958
2730,2,0,2.59469,2.59469
2730,3,0,4.01302,4.01302
2731,0,0.41526,3.15333,3.56859
2731,1,0,2.57313,2.57313
2731,2,0,1.7712,1.7712
2731,3,0,2.61177,2.61177
2732,0,0.47625,4.96687,5.44313
2732,1,0,1.84771,1.84771
2732,2,0,2.54167,2.54167
2732,3,0,2.5624,2.5624
2733,0,0.395,3.25771,3.65271
2733,1,0,3.89281,3.89281
2733,2,0,2.56276,2.56276
2733,3,0,1.78797,1.78797
2734,0,0.359896,4.05917,4.41906
2734,1,0,3.89469,3.89469
2734,2,0,1.81417,1.81417
2734,3,0,2.54688,2.54688
2735,0,0.369323,4.35125,4.72057
2735,1,0,4.16406,4.16406
2735,2,0,1.81812,1.81812
2735,3,0,2.60474,2.60474
2736,0,0.356771,3.84958,4.20635
2736,1,0,3.90729,3.90729
2736,2,0,1.77094,1.77094
2736,3,0,1.75344,1.75344
2737,0,0.351979,4.19995,4.55193
2737,1,0,2.62469,2.62469
2737,2,0,3.92599,3.92599
2737,3,0,1.79844,1.79844
2738,0,0.377344,4.11813,4.49547
2738,1,0,2.6388,2.6388
2738,2,0,2.0812,2.0812
2738,3,0,4.02104,4.02104
2739,0,0.432031,4.34354,4.77557
2739,1,0,1.77912,1.77912
2739,2,0,2.59,2.59
2739,3,0,3.8775,3.8775
2740,0,0.368177,3.96094,4.32911
2740,1,0,1.82729,1.82729
2740,2,0,2.72896,2.72896
2740,3,0,1.82984,1.82984
2741,0,0.504219,4.77286,5.27708
2741,1,0,2.62245,2.62245
2741,2,0,1.84542,1.84542
2741,3,0,2.92339,2.92339
2742,0,0.484167,4.83156,5.31573
2742,1,0,1.76875,1.76875
2742,2,0,2.5763,2.5763
2742,3,0,1.75495,1.75495
2743,0,0.436979,4.14792,4.5849
2743,1,0,3.87344,3.87344
2743,2,0,1.82146,1.82146
2743,3,0,2.5438,2.5438
2744,0,0.384896,3.97885,4.36375
2744,1,0,3.91927,3.91927
2744,2,0,1.76844,1.76844
2744,3,0,2.59036,2.59036
2745,0,0.428282,4.43583,4.86411
2745,1,0,3.97844,3.97844
2745,2,0,1.77713,1.77713
2745,3,0,1.77906,1.77906
2746,0,0.421927,3.36813,3.79005
2746,1,0,2.56391,2.56391
2746,2,0,3.92667,3.92667
2746,3,0,1.79974,1.79974
2747,0,0.485625,4.03151,4.51714
2747,1,0,2.57682,2.57682
2747,2,0,1.82615,1.82615
2747,3,0,3.99651,3.99651
2748,0,1.4312,4.29062,5.72182
2748,1,0,2.70266,2.70266
2748,2,0,1.89912,1.89912
2748,3,0,3.91401,3.91401
2749,0,0.373021,3.93979,4.31281
2749,1,0,1.78719,1.78719
2749,2,0,2.61099,2.61099
2749,3,0,3.91917,3.91917
2750,0,0.932448,5.13213,6.06458
2750,1,0,1.82651,1.82651
2750,2,0,3.41531,3.41531
2750,3,0,4.19698,4.19698
2751,0,0.430989,4.29083,4.72182
2751,1,0,3.33083,3.33083
2751,2,0,2.27833,2.27833
2751,3,0,3.97885,3.97885
2752,0,0.65599,4.07677,4.73276
2752,1,0,3.23156,3.23156
2752,2,0,3.96266,3.96266
2752,3,0,1.84151,1.84151
2753,0,0.429531,4.00943,4.43896
2753,1,0,2.55406,2.55406
2753,2,0,2.50036,2.50036
2753,3,0,4.07104,4.07104
2754,0,0.523229,4.48547,5.0087
2754,1,0,2.77922,2.77922
2754,2,0,2.33302,2.33302
2754,3,0,3.85818,3.85818
2755,0,0.373646,3.9337,4.30734
2755,1,0,1.7674,1.7674
2755,2,0,3.49703,3.49703
2755,3,0,3.70828,3.70828
2756,0,0.397968,3.95464,4.3526
2756,1,0,1.80932,1.80932
2756,2,0,3.36479,3.36479
2756,3,0,4.1774,4.1774
2757,0,0.465313,4.08953,4.55484
2757,1,0,1.79313,1.79313
2757,2,0,3.34375,3.34375
2757,3,0,3.91,3.91
2758,0,0.368958,4.19287,4.56182
2758,1,0,1.79401,1.79401
2758,2,0,2.64302,2.64302
2758,3,0,4.62906,4.62906
2759,0,0.38776,3.1712,3.55896
2759,1,0,2.33365,2.33365
2759,2,0,1.77563,1.77563
2759,3,0,3.24266,3.24266
2760,0,0.525,4.9687,5.4937
2760,1,0,2.97797,2.97797
2760,2,0,1.78552,1.78552
2760,3,0,3.74344,3.74344
2761,0,0.421666,4.82104,5.24271
2761,1,0,2.93365,2.93365
2761,2,0,1.79349,1.79349
2761,3,0,3.82484,3.82484
2762,0,0.435781,4.90963,5.34542
2762,1,0,2.92089,2.92089
2762,2,0,2.12865,2.12865
2762,3,0,4.0449,4.0449
2763,0,0.489687,4.9537,5.44339
2763,1,0,2.92661,2.92661
2763,2,0,2.98396,2.98396
2763,3,0,4.59885,4.59885
2764,0,0.377448,3.15682,3.53427
2764,1,0,3.24573,3.24573
2764,2,0,3.02052,3.02052
2764,3,0,4.72443,4.72443
2765,0,0.39125,4.36255,4.7538
2765,1,0,1.83896,1.83896
2765,2,0,4.03953,4.03953
2765,3,0,3.9649,3.9649
2766,0,0.381198,4.46161,4.84281
2766,1,0,1.76245,1.76245
2766,2,0,3.63036,3.63036
2766,3,0,3.90776,3.90776
2767,0,0.402083,4.50943,4.91151
2767,1,0,3.00083,3.00083
2767,2,0,4.58115,4.58115
2767,3,0,1.79463,1.79463
2768,0,0.366354,4.46068,4.82703
2768,1,0,3.26068,3.26068
2768,2,0,4.77172,4.77172
2768,3,0,1.78943,1.78943
2769,0,0.367031,4.5562,4.92323
2769,1,0,3.74063,3.74063
2769,2,0,3.90052,3.90052
2769,3,0,1.84771,1.84771
2770,0,0.424271,5.5862,6.01047
2770,1,0,4.62656,4.62656
2770,2,0,1.77568,1.77568
2770,3,0,1.81161,1.81161
2771,0,0.442604,5.4326,5.87521
2771,1,0,4.63396,4.63396
2771,2,0,1.79854,1.79854
2771,3,0,1.80958,1.80958
2772,0,0.39875,4.00323,4.40198
2772,1,0,3.31062,3.31062
2772,2,0,3.95927,3.95927
2772,3,0,1.83276,1.83276
2773,0,0.383229,5.91703,6.30026
2773,1,0,4.58849,4.58849
2773,2,0,2.35932,2.35932
2773,3,0,3.28943,3.28943
2774,0,0.390677,5.28771,5.67838
2774,1,0,3.90458,3.90458
2774,2,0,1.78651,1.78651
2774,3,0,2.94052,2.94052
2775,0,0.374427,5.2126,5.58703
2775,1,0,3.98583,3.98583
2775,2,0,2.9687,2.9687
2775,3,0,1.79995,1.79995
2776,0,0.374896,5.01677,5.39167
2776,1,0,4.11151,4.11151
2776,2,0,3.17849,3.17849
2776,3,0,1.86115,1.86115
2777,0,0.952135,4.69807,5.65021
2777,1,0,3.89708,3.89708
2777,2,0,2.91656,2.91656
2777,3,0,1.77812,1.77812
2778,0,0.435104,4.7075,5.1426
2778,1,0,3.96125,3.96125
2778,2,0,2.94516,2.94516
2778,3,0,1.76354,1.76354
2779,0,0.4125,4.77505,5.18755
2779,1,0,4.19047,4.19047
2779,2,0,3.0675,3.0675
2779,3,0,2.96385,2.96385
2780,0,0.402917,5.84104,6.24396
2780,1,0,1.77615,1.77615
2780,2,0,2.9188,2.9188
2780,3,0,2.91656,2.91656
2781,0,0.650677,5.54005,6.19073
2781,1,0,1.79922,1.79922
2781,2,0,2.92969,2.92969
2781,3,0,3.00182,3.00182
2782,0,0.506875,5.67292,6.17979
2782,1,0,1.84375,1.84375
2782,2,0,3.04766,3.04766
2782,3,0,2.91812,2.91812
2783,0,0.432448,5.79188,6.22432
2783,1,0,1.76198,1.76198
2783,2,0,2.95573,2.95573
2783,3,0,3.00375,3.00375
2784,0,0.522344,5.80182,6.32417
2784,1,0,1.78646,1.78646
2784,2,0,2.92755,2.92755
2784,3,0,2.98745,2.98745
2785,0,0.480416,5.76687,6.24729
2785,1,0,1.85365,1.85365
2785,2,0,2.81005,2.81005
2785,3,0,2.91422,2.91422
2786,0,0.431093,5.59526,6.02635
2786,1,0,1.7824,1.7824
2786,2,0,3.31386,3.31386
2786,3,0,3.12141,3.12141
2787,0,0.462657,5.53146,5.99411
2787,1,0,1.76229,1.76229
2787,2,0,2.78422,2.78422
2787,3,0,3.14057,3.14057
2788,0,0.587448,5.80682,6.39427
2788,1,0,2.95828,2.95828
2788,2,0,1.78714,1.78714
2788,3,0,2.92604,2.92604
2789,0,0.403698,6.04167,6.44536
2789,1,0,3.09656,3.09656
2789,2,0,1.8588,1.8588
2789,3,0,3.73615,3.73615
2790,0,0.421041,4.90146,5.3225
2790,1,0,2.99688,2.99688
2790,2,0,1.87333,1.87333
2790,3,0,4.04948,4.04948
2791,0,0.458645,4.99349,5.45214
2791,1,0,2.92469,2.92469
2791,2,0,1.75708,1.75708
2791,3,0,3.73312,3.73312
2792,0,0.448698,4.92089,5.36958
2792,1,0,3.0725,3.0725
2792,2,0,1.79948,1.79948
2792,3,0,3.59307,3.59307
2793,0,0.417448,4.96312,5.38057
2793,1,0,3.1512,3.1512
2793,2,0,3.20521,3.20521
2793,3,0,4.64896,4.64896
2794,0,0.377083,3.15125,3.52833
2794,1,0,2.94635,2.94635
2794,2,0,2.92469,2.92469
2794,3,0,4.60448,4.60448
2795,0,0.37974,5.18672,5.56646
2795,1,0,1.82943,1.82943
2795,2,0,3.75807,3.75807
2795,3,0,3.92703,3.92703
2796,0,0.421042,4.6874,5.10844
2796,1,0,3.05703,3.05703
2796,2,0,4.61776,4.61776
2796,3,0,1.7825,1.7825
2797,0,0.361666,4.36271,4.72438
2797,1,0,2.92958,2.92958
2797,2,0,4.67349,4.67349
2797,3,0,1.84266,1.84266
2798,0,0.3725,4.29234,4.66484
2798,1,0,2.93172,2.93172
2798,2,0,4.73708,4.73708
2798,3,0,1.86208,1.86208
2799,0,0.617083,6.05604,6.67312
2799,1,0,4.57885,4.57885
2799,2,0,1.78276,1.78276
2799,3,0,1.75583,1.75583
2800,0,0.40625,3.84422,4.25047
2800,1,0,3.75563,3.75563
2800,2,0,3.96886,3.96886
2800,3,0,1.80193,1.80193
2801,0,0.396459,5.64792,6.04437
2801,1,0,4.66479,4.66479
2801,2,0,2.0699,2.0699
2801,3,0,3.00937,3.00937
2802,0,0.399428,4.47344,4.87287
2802,1,0,4.64776,4.64776
2802,2,0,1.78641,1.78641
2802,3,0,2.90245,2.90245
2803,0,0.405885,4.75526,5.16115
2803,1,0,4.75406,4.75406
2803,2,0,1.78583,1.78583
2803,3,0,2.92354,2.92354
2804,0,0.494166,4.38344,4.8776
2804,1,0,4.81031,4.81031
2804,2,0,3.07302,3.07302
2804,3,0,1.78667,1.78667
2805,0,0.453438,5.21125,5.66469
2805,1,0,3.87677,3.87677
2805,2,0,2.91021,2.91021
2805,3,0,1.80261,1.80261
2806,0,0.379791,5.17932,5.55911
2806,1,0,3.87568,3.87568
2806,2,0,2.93719,2.93719
2806,3,0,1.78708,1.78708
2807,0,1.42286,6.14396,7.56682
2807,1,0,1.83693,1.83693
2807,2,0,2.96443,2.96443
2807,3,0,1.7999,1.7999
2808,0,0.480781,6.51719,6.99797
2808,1,0,1.76891,1.76891
2808,2,0,2.91167,2.91167
2808,3,0,1.8338,1.8338
2809,0,0.590834,4.96396,5.55479
2809,1,0,3.91651,3.91651
2809,2,0,2.93078,2.93078
2809,3,0,1.85083,1.85083
2810,0,0.582396,4.42495,5.00734
2810,1,0,3.96943,3.96943
2810,2,0,2.94484,2.94484
2810,3,0,1.77964,1.77964
2811,0,0.725364,6.56604,7.29141
2811,1,0,1.79771,1.79771
2811,2,0,3.42953,3.42953
2811,3,0,3.07932,3.07932
2812,0,0.420209,5.66432,6.08453
2812,1,0,1.79875,1.79875
2812,2,0,3.02109,3.02109
2812,3,0,3.21521,3.21521
2813,0,0.504635,5.54234,6.04698
2813,1,0,1.77604,1.77604
2813,2,0,2.94313,2.94313
2813,3,0,2.92609,2.92609
2814,0,0.400885,5.91406,6.31495
2814,1,0,1.84495,1.84495
2814,2,0,3.02297,3.02297
2814,3,0,2.94448,2.94448
2815,0,0.455781,5.54203,5.99781
2815,1,0,1.7975,1.7975
2815,2,0,3.06703,3.06703
2815,3,0,3.28151,3.28151
2816,0,0.52224,5.75776,6.28
2816,1,0,2.92089,2.92089
2816,2,0,1.94974,1.94974
2816,3,0,2.95365,2.95365
2817,0,0.406354,6.2887,6.69505
2817,1,0,3.08203,3.08203
2817,2,0,2.04917,2.04917
2817,3,0,3.34495,3.34495
2818,0,0.422761,5.91224,6.335
2818,1,0,3.04448,3.04448
2818,2,0,3.11807,3.11807
2818,3,0,4.67745,4.67745
2819,0,0.381459,4.38891,4.77036
2819,1,0,1.77474,1.77474
2819,2,0,3.7799,3.7799
2819,3,0,3.96432,3.96432
2820,0,0.3975,4.4038,4.8013
2820,1,0,1.78062,1.78062
2820,2,0,3.54964,3.54964
2820,3,0,3.96141,3.96141
2821,0,0.464479,4.51839,4.98286
2821,1,0,3.07938,3.07938
2821,2,0,4.58891,4.58891
2821,3,0,1.7713,1.7713
2822,0,0.36125,4.54458,4.90583
2822,1,0,1.79453,1.79453
2822,2,0,5.74115,5.74115
2822,3,0,1.91375,1.91375
2823,0,0.383958,4.28151,4.66547
2823,1,0,3.00255,3.00255
2823,2,0,4.89885,4.89885
2823,3,0,2.68302,2.68302
2824,0,0.452553,5.15974,5.61229
2824,1,0,4.57807,4.57807
2824,2,0,1.7974,1.7974
2824,3,0,1.75568,1.75568
2825,0,0.392917,5.78193,6.17484
2825,1,0,4.61646,4.61646
2825,2,0,1.84245,1.84245
2825,3,0,2.89703,2.89703
2826,0,0.361875,4.35088,4.71276
2826,1,0,4.92932,4.92932
2826,2,0,1.82307,1.82307
2826,3,0,3.03906,3.03906
2827,0,0.372292,5.17521,5.5475
2827,1,0,3.8963,3.8963
2827,2,0,1.77479,1.77479
2827,3,0,2.91688,2.91688
2828,0,0.381927,5.19734,5.57927
2828,1,0,3.90234,3.90234
2828,2,0,1.78901,1.78901
2828,3,0,2.91625,2.91625
2829,0,0.391979,5.72281,6.11479
2829,1,0,3.99875,3.99875
2829,2,0,3.00011,3.00011
2829,3,0,1.86542,1.86542
2830,0,0.462917,4.78599,5.24891
2830,1,0,3.89359,3.89359
2830,2,0,2.93307,2.93307
2830,3,0,1.80438,1.80438
2831,0,0.584895,4.78057,5.36547
2831,1,0,3.89047,3.89047
2831,2,0,2.91109,2.91109
2831,3,0,1.81359,1.81359
2832,0,0.906667,6.67792,7.58458
2832,1,0,1.8351,1.8351
2832,2,0,2.92016,2.92016
2832,3,0,2.93948,2.93948
2833,0,0.420521,5.92271,6.34323
2833,1,0,1.77375,1.77375
2833,2,0,3.01182,3.01182
2833,3,0,3.07083,3.07083
2834,0,0.440834,5.60646,6.04729
2834,1,0,1.79875,1.79875
2834,2,0,2.96286,2.96286
2834,3,0,3.17719,3.17719
2835,0,0.483542,5.57698,6.06052
2835,1,0,1.78339,1.78339
2835,2,0,2.94505,2.94505
2835,3,0,2.92578,2.92578
2836,0,0.390833,5.51938,5.91021
2836,1,0,1.76953,1.76953
2836,2,0,3.03635,3.03635
2836,3,0,2.99448,2.99448
2837,0,0.418854,5.91458,6.33344
2837,1,0,1.80068,1.80068
2837,2,0,3.02573,3.02573
2837,3,0,3.25948,3.25948
2838,0,0.490105,5.64281,6.13292
2838,1,0,1.77365,1.77365
2838,2,0,2.78458,2.78458
2838,3,0,2.91068,2.91068
2839,0,0.428125,5.62292,6.05104
2839,1,0,2.47646,2.47646
2839,2,0,2.56088,2.56088
2839,3,0,2.96719,2.96719
2840,0,0.419375,5.57109,5.99047
2840,1,0,1.84349,1.84349
2840,2,0,3.27177,3.27177
2840,3,0,3.0475,3.0475
2841,0,0.510937,5.49261,6.00354
2841,1,0,1.77917,1.77917
2841,2,0,2.74432,2.74432
2841,3,0,2.91391,2.91391
2842,0,0.401823,5.77312,6.17495
2842,1,0,1.83953,1.83953
2842,2,0,2.92865,2.92865
2842,3,0,2.91037,2.91037
2843,0,0.534531,5.58115,6.11568
2843,1,0,1.85162,1.85162
2843,2,0,3.27849,3.27849
2843,3,0,3.01094,3.01094
2844,0,0.827552,5.15531,5.98286
2844,1,0,1.78713,1.78713
2844,2,0,2.92651,2.92651
2844,3,0,2.90583,2.90583
2845,0,0.603802,5.55771,6.16151
2845,1,0,1.80641,1.80641
2845,2,0,2.92703,2.92703
2845,3,0,2.89844,2.89844
2846,0,0.424114,5.88682,6.31094
2846,1,0,2.05677,2.05677
2846,2,0,2.84187,2.84187
2846,3,0,2.95234,2.95234
2847,0,0.696406,6.18938,6.88578
2847,1,0,2.90995,2.90995
2847,2,0,1.76646,1.76646
2847,3,0,2.95812,2.95812
2848,0,0.400208,6.04708,6.44729
2848,1,0,2.97271,2.97271
2848,2,0,1.77406,1.77406
2848,3,0,2.96344,2.96344
2849,0,1.23406,5.05182,6.28589
2849,1,0,3.04818,3.04818
2849,2,0,1.82729,1.82729
2849,3,0,3.60312,3.60312
2850,0,0.40474,4.98042,5.38516
2850,1,0,2.93453,2.93453
2850,2,0,1.77047,1.77047
2850,3,0,3.01203,3.01203
2851,0,0.487291,5.68828,6.17557
2851,1,0,2.92651,2.92651
2851,2,0,1.76031,1.76031
2851,3,0,3.04427,3.04427
2852,0,0.55625,6.16833,6.72458
2852,1,0,3.0738,3.0738
2852,2,0,2.9226,2.9226
2852,3,0,2.62656,2.62656
2853,0,0.41349,5.05802,5.47151
2853,1,0,2.93844,2.93844
2853,2,0,2.96604,2.96604
2853,3,0,2.69328,2.69328
2854,0,0.410677,4.89636,5.30703
2854,1,0,2.81088,2.81088
2854,2,0,2.98839,2.98839
2854,3,0,2.76141,2.76141
2855,0,0.483802,4.89734,5.38115
2855,1,0,2.97672,2.97672
2855,2,0,2.92255,2.92255
2855,3,0,4.59495,4.59495
2856,0,0.386771,4.42651,4.81328
2856,1,0,1.82359,1.82359
2856,2,0,3.00406,3.00406
2856,3,0,4.76792,4.76792
2857,0,0.372448,4.42146,4.79391
2857,1,0,1.83328,1.83328
2857,2,0,4.0724,4.0724
2857,3,0,3.97615,3.97615
2858,0,0.385938,4.33708,4.72302
2858,1,0,2.91057,2.91057
2858,2,0,2.6149,2.6149
2858,3,0,3.93005,3.93005
2859,0,0.37474,4.35208,4.72682
2859,1,0,3.00578,3.00578
2859,2,0,4.57167,4.57167
2859,3,0,1.78484,1.78484
2860,0,0.355833,4.3801,4.73594
2860,1,0,3.32401,3.32401
2860,2,0,4.74016,4.74016
2860,3,0,1.76979,1.76979
2861,0,0.364479,4.4825,4.84698
2861,1,0,3.73766,3.73766
2861,2,0,3.92083,3.92083
2861,3,0,1.85891,1.85891
2862,0,1.42063,4.55745,5.97807
2862,1,0,1.83849,1.83849
2862,2,0,4.5875,4.5875
2862,3,0,1.80505,1.80505
2863,0,0.455104,5.56849,6.02359
2863,1,0,4.68589,4.68589
2863,2,0,1.77349,1.77349
2863,3,0,2.90609,2.90609
2864,0,0.425521,4.22719,4.65271
2864,1,0,4.78167,4.78167
2864,2,0,1.85838,1.85838
2864,3,0,2.99307,2.99307
2865,0,0.379635,5.16766,5.54729
2865,1,0,3.91547,3.91547
2865,2,0,1.87245,1.87245
2865,3,0,3.28411,3.28411
2866,0,0.377084,5.33437,5.71146
2866,1,0,3.89031,3.89031
2866,2,0,1.78453,1.78453
2866,3,0,2.71323,2.71323
2867,0,0.369114,5.52563,5.89474
2867,1,0,3.96412,3.96412
2867,2,0,2.96005,2.96005
2867,3,0,1.77521,1.77521
2868,0,0.380886,5.2975,5.67839
2868,1,0,3.97641,3.97641
2868,2,0,3.15276,3.15276
2868,3,0,3.07,3.07
2869,0,0.397084,3.98099,4.37807
2869,1,0,3.90198,3.90198
2869,2,0,2.93651,2.93651
2869,3,0,2.94963,2.94963
2870,0,0.434167,5.53656,5.97073
2870,1,0,1.80787,1.80787
2870,2,0,2.91005,2.91005
2870,3,0,2.93734,2.93734
2871,0,0.414791,6.14057,6.55536
2871,1,0,1.90948,1.90948
2871,2,0,2.94609,2.94609
2871,3,0,2.99797,2.99797
2872,0,0.411354,5.6912,6.10255
2872,1,0,1.8,1.8
2872,2,0,2.81104,2.81104
2872,3,0,2.95781,2.95781
2873,0,0.510104,5.5837,6.0938
2873,1,0,1.81359,1.81359
2873,2,0,2.95995,2.95995
2873,3,0,2.89287,2.89287
2874,0,1.48885,4.7287,6.21755
2874,1,0,1.8187,1.8187
2874,2,0,3.04396,3.04396
2874,3,0,2.91276,2.91276
2875,0,0.567761,5.55167,6.11943
2875,1,0,1.78594,1.78594
2875,2,0,2.93354,2.93354
2875,3,0,2.98687,2.98687
2876,0,0.560104,6.02307,6.58318
2876,1,0,2.93016,2.93016
2876,2,0,1.76422,1.76422
2876,3,0,2.98974,2.98974
2877,0,0.555,6.21042,6.76542
2877,1,0,2.98641,2.98641
2877,2,0,1.80182,1.80182
2877,3,0,3.71401,3.71401
2878,0,0.416719,5.10438,5.52109
2878,1,0,2.91719,2.91719
2878,2,0,1.80599,1.80599
2878,3,0,3.76109,3.76109
2879,0,0.424635,4.94505,5.36969
2879,1,0,2.925,2.925
2879,2,0,1.81557,1.81557
2879,3,0,4.02562,4.02562
2880,0,0.459531,4.95302,5.41255
2880,1,0,2.91833,2.91833
2880,2,0,1.78229,1.78229
2880,3,0,3.6413,3.6413
2881,0,0.405052,4.97615,5.3812
2881,1,0,3.00719,3.00719
2881,2,0,1.82552,1.82552
2881,3,0,3.74,3.74
2882,0,0.430104,5.29755,5.72766
2882,1,0,2.98807,2.98807
2882,2,0,3.17661,3.17661
2882,3,0,2.72719,2.72719
2883,0,0.485053,4.86427,5.34932
2883,1,0,2.93745,2.93745
2883,2,0,2.91896,2.91896
2883,3,0,2.59995,2.59995
2884,0,0.392864,4.96495,5.35781
2884,1,0,3.54901,3.54901
2884,2,0,3.04589,3.04589
2884,3,0,4.7312,4.7312
2885,0,0.378802,4.44323,4.82203
2885,1,0,3.32172,3.32172
2885,2,0,2.67349,2.67349
2885,3,0,3.93047,3.93047
2886,0,0.366198,4.53641,4.9026
2886,1,0,2.94188,2.94188
2886,2,0,4.70937,4.70937
2886,3,0,1.85302,1.85302
2887,0,0.855886,4.40854,5.26443
2887,1,0,3.77292,3.77292
2887,2,0,3.93417,3.93417
2887,3,0,1.83182,1.83182
2888,0,0.496355,5.97833,6.47469
2888,1,0,4.89339,4.89339
2888,2,0,1.80255,1.80255
2888,3,0,2.89953,2.89953
2889,0,0.346094,4.2838,4.6299
2889,1,0,4.77937,4.77937
2889,2,0,1.84135,1.84135
2889,3,0,2.94693,2.94693
2890,0,0.373958,5.20016,5.57411
2890,1,0,3.96344,3.96344
2890,2,0,1.94214,1.94214
2890,3,0,3.11578,3.11578
2891,0,0.395156,5.31932,5.71448
2891,1,0,3.87432,3.87432
2891,2,0,2.91792,2.91792
2891,3,0,1.75656,1.75656
2892,0,0.356771,5.29609,5.65287
2892,1,0,3.9163,3.9163
2892,2,0,2.95912,2.95912
2892,3,0,1.76698,1.76698
2893,0,0.370781,5.44849,5.81927
2893,1,0,4.23927,4.23927
2893,2,0,3.02401,3.02401
2893,3,0,2.96693,2.96693
2894,0,0.439896,6.0224,6.46229
2894,1,0,1.79698,1.79698
2894,2,0,2.71005,2.71005
2894,3,0,2.91922,2.91922
2895,0,0.432136,5.68359,6.11573
2895,1,0,1.81073,1.81073
2895,2,0,2.91932,2.91932
2895,3,0,2.90297,2.90297
2896,0,0.430417,6.07328,6.5037
2896,1,0,1.85953,1.85953
2896,2,0,3.0424,3.0424
2896,3,0,2.91573,2.91573
2897,0,0.757552,5.51146,6.26901
2897,1,0,2.90995,2.90995
2897,2,0,1.77177,1.77177
2897,3,0,2.96901,2.96901
2898,0,0.841666,5.43547,6.27714
2898,1,0,2.9462,2.9462
2898,2,0,1.76625,1.76625
2898,3,0,2.97469,2.97469
2899,0,0.512396,3.935,4.4474
2899,1,0,5.1312,5.1312
2899,2,0,1.90838,1.90838
2899,3,0,3.69786,3.69786
2900,0,0.426927,4.93766,5.36458
2900,1,0,2.95312,2.95312
2900,2,0,2.06161,2.06161
2900,3,0,3.85547,3.85547
2901,0,0.427136,5.24568,5.67281
2901,1,0,2.93266,2.93266
2901,2,0,2.99938,2.99938
2901,3,0,2.84526,2.84526
2902,0,0.45375,4.92328,5.37703
2902,1,0,3.07323,3.07323
2902,2,0,2.9276,2.9276
2902,3,0,4.61146,4.61146
2903,0,0.359219,3.19505,3.55427
2903,1,0,2.88552,2.88552
2903,2,0,3.02203,3.02203
2903,3,0,4.66026,4.66026
2904,0,0.379271,4.32271,4.70198
2904,1,0,1.81495,1.81495
2904,2,0,3.25609,3.25609
2904,3,0,4.82495,4.82495
2905,0,0.374167,4.23797,4.61214
2905,1,0,1.78354,1.78354
2905,2,0,3.7174,3.7174
2905,3,0,3.91292,3.91292
2906,0,0.377604,4.55734,4.93495
2906,1,0,2.99693,2.99693
2906,2,0,4.70354,4.70354
2906,3,0,1.7899,1.7899
2907,0,0.367657,4.46609,4.83375
2907,1,0,2.08323,2.08323
2907,2,0,3.59135,3.59135
2907,3,0,3.92375,3.92375
2908,0,0.369167,4.37115,4.74031
2908,1,0,2.94969,2.94969
2908,2,0,4.78589,4.78589
2908,3,0,1.82922,1.82922
2909,0,1.35984,5.25865,6.61849
2909,1,0,4.62818,4.62818
2909,2,0,1.79068,1.79068
2909,3,0,3.5526,3.5526
2910,0,0.468438,4.44401,4.91245
2910,1,0,4.7524,4.7524
2910,2,0,1.76505,1.76505
2910,3,0,2.91318,2.91318
2911,0,0.363281,5.45781,5.82109
2911,1,0,3.98073,3.98073
2911,2,0,1.83016,1.83016
2911,3,0,2.94167,2.94167
2912,0,0.363854,5.4763,5.84016
2912,1,0,3.96797,3.96797
2912,2,0,3.31943,3.31943
2912,3,0,2.31786,2.31786
2913,0,0.514636,4.17271,4.68734
2913,1,0,3.91651,3.91651
2913,2,0,2.92229,2.92229
2913,3,0,1.79865,1.79865
2914,0,0.705104,4.43557,5.14068
2914,1,0,3.99365,3.99365
2914,2,0,2.96573,2.96573
2914,3,0,1.80031,1.80031
2915,0,0.737656,4.41589,5.15354
2915,1,0,4.12266,4.12266
2915,2,0,3.06354,3.06354
2915,3,0,3.02594,3.02594
2916,0,0.38901,6.34865,6.73766
2916,1,0,1.79245,1.79245
2916,2,0,2.9299,2.9299
2916,3,0,2.97771,2.97771
2917,0,0.435521,5.84125,6.27677
2917,1,0,1.79776,1.79776
2917,2,0,2.90838,2.90838
2917,3,0,2.91063,2.91063
2918,0,0.431979,5.93771,6.36969
2918,1,0,1.82828,1.82828
2918,2,0,3.04052,3.04052
2918,3,0,2.95302,2.95302
2919,0,0.405573,5.54875,5.95432
2919,1,0,1.78021,1.78021
2919,2,0,2.9324,2.9324
2919,3,0,3.01974,3.01974
2920,0,0.514063,5.5288,6.04286
2920,1,0,1.81068,1.81068
2920,2,0,2.92656,2.92656
2920,3,0,2.99891,2.99891
2921,0,0.616354,5.85375,6.4701
2921,1,0,1.82885,1.82885
2921,2,0,2.86698,2.86698
2921,3,0,3.00937,3.00937
2922,0,0.429427,5.42182,5.85125
2922,1,0,1.76463,1.76463
2922,2,0,3.04557,3.04557
2922,3,0,3.01948,3.01948
2923,0,0.580052,5.92151,6.50156
2923,1,0,2.96385,2.96385
2923,2,0,1.81245,1.81245
2923,3,0,3.03578,3.03578
2924,0,0.825573,5.71406,6.53963
2924,1,0,2.95495,2.95495
2924,2,0,1.78641,1.78641
2924,3,0,2.9375,2.9375
2925,0,0.494687,5.73682,6.23151
2925,1,0,2.94,2.94
2925,2,0,1.9099,1.9099
2925,3,0,3.81386,3.81386
2926,0,0.451771,4.79828,5.25005
2926,1,0,2.95365,2.95365
2926,2,0,1.82688,1.82688
2926,3,0,4.04037,4.04037
2927,0,0.455208,5.20099,5.6562
2927,1,0,2.95948,2.95948
2927,2,0,2.91224,2.91224
2927,3,0,2.60469,2.60469
2928,0,0.405886,4.82818,5.23406
2928,1,0,3.04896,3.04896
2928,2,0,2.96698,2.96698
2928,3,0,2.62713,2.62713
2929,0,0.438385,4.86146,5.29984
2929,1,0,2.99443,2.99443
2929,2,0,3.21948,3.21948
2929,3,0,2.66333,2.66333
2930,0,0.494896,4.98271,5.4776
2930,1,0,3.00875,3.00875
2930,2,0,2.91766,2.91766
2930,3,0,2.63135,2.63135
2931,0,0.436094,5.31104,5.74714
2931,1,0,2.74531,2.74531
2931,2,0,2.99875,2.99875
2931,3,0,4.55167,4.55167
2932,0,0.372292,4.65078,5.02307
2932,1,0,1.99469,1.99469
2932,2,0,2.87969,2.87969
2932,3,0,4.82646,4.82646
2933,0,0.376094,4.42463,4.80073
2933,1,0,2.92745,2.92745
2933,2,0,2.60568,2.60568
2933,3,0,3.98391,3.98391
2934,0,0.415157,4.2813,4.69646
2934,1,0,2.9175,2.9175
2934,2,0,2.60729,2.60729
2934,3,0,3.9563,3.9563
2935,0,0.422917,4.79109,5.21401
2935,1,0,3.07167,3.07167
2935,2,0,4.66609,4.66609
2935,3,0,1.78912,1.78912
2936,0,0.376302,5.5625,5.9388
2936,1,0,1.83479,1.83479
2936,2,0,4.83984,4.83984
2936,3,0,1.82417,1.82417
2937,0,0.381719,5.59932,5.98104
2937,1,0,2.60927,2.60927
2937,2,0,4.07948,4.07948
2937,3,0,3.21323,3.21323
2938,0,0.392604,5.99521,6.38781
2938,1,0,3.90229,3.90229
2938,2,0,1.76698,1.76698
2938,3,0,2.90708,2.90708
2939,0,0.34651,5.14771,5.49422
2939,1,0,3.95276,3.95276
2939,2,0,1.79391,1.79391
2939,3,0,2.92599,2.92599
2940,0,0.360833,5.42052,5.78135
2940,1,0,4.17063,4.17063
2940,2,0,3.05406,3.05406
2940,3,0,2.96422,2.96422
2941,0,0.430261,4.01578,4.44604
2941,1,0,3.90609,3.90609
2941,2,0,2.94333,2.94333
2941,3,0,2.91724,2.91724
2942,0,0.827396,6.10401,6.93141
2942,1,0,1.80651,1.80651
2942,2,0,2.77724,2.77724
2942,3,0,3.06854,3.06854
2943,0,0.565729,5.53396,6.09969
2943,1,0,1.83349,1.83349
2943,2,0,2.99906,2.99906
2943,3,0,2.95984,2.95984
2944,0,0.397969,5.59036,5.98833
2944,1,0,1.81495,1.81495
2944,2,0,2.96021,2.96021
2944,3,0,3.06479,3.06479
2945,0,0.693802,5.84313,6.53693
2945,1,0,2.95078,2.95078
2945,2,0,1.78333,1.78333
2945,3,0,3.00646,3.00646
2946,0,0.63349,6.72365,7.35714
2946,1,0,2.9387,2.9387
2946,2,0,1.7851,1.7851
2946,3,0,3.50219,3.50219
2947,0,0.397917,5.04224,5.44016
2947,1,0,3.17318,3.17318
2947,2,0,3.58234,3.58234
2947,3,0,4.58495,4.58495
2948,0,0.373386,4.34302,4.71641
2948,1,0,1.99427,1.99427
2948,2,0,3.01146,3.01146
2948,3,0,2.72812,2.72812
2949,0,0.482188,6.04427,6.52646
2949,1,0,2.9151,2.9151
2949,2,0,1.85542,1.85542
2949,3,0,4.7288,4.7288
2950,0,0.40927,4.79943,5.2087
2950,1,0,3.00875,3.00875
2950,2,0,4.66495,4.66495
2950,3,0,1.78224,1.78224
2951,0,0.364895,4.45443,4.81932
2951,1,0,3.28589,3.28589
2951,2,0,4.87276,4.87276
2951,3,0,1.78073,1.78073
2952,0,0.383073,5.6988,6.08188
2952,1,0,2.61349,2.61349
2952,2,0,3.91755,3.91755
2952,3,0,1.82037,1.82037
2953,0,1.53937,4.29391,5.83328
2953,1,0,2.62708,2.62708
2953,2,0,3.90172,3.90172
2953,3,0,1.82135,1.82135
2954,0,0.469948,5.37906,5.84901
2954,1,0,2.71677,2.71677
2954,2,0,3.90932,3.90932
2954,3,0,2.92818,2.92818
2955,0,0.35849,4.46776,4.82625
2955,1,0,4.58052,4.58052
2955,2,0,1.86177,1.86177
2955,3,0,2.965,2.965
2956,0,0.370053,4.48167,4.85172
2956,1,0,4.7526,4.7526
2956,2,0,1.82766,1.82766
2956,3,0,3.29151,3.29151
2957,0,0.380208,5.19339,5.57359
2957,1,0,3.9063,3.9063
2957,2,0,1.81078,1.81078
2957,3,0,2.82198,2.82198
2958,0,0.36302,5.30193,5.66495
2958,1,0,4.00594,4.00594
2958,2,0,2.96339,2.96339
2958,3,0,1.80901,1.80901
2959,0,3.08094,5.47057,8.55151
2959,1,0,2.20224,2.20224
2959,2,0,2.77844,2.77844
2959,3,0,3.06865,3.06865
2960,0,0.630573,5.41437,6.04495
2960,1,0,1.83052,1.83052
2960,2,0,2.71969,2.71969
2960,3,0,2.96172,2.96172
2961,0,0.487656,6.40161,6.88927
2961,1,0,2.97458,2.97458
2961,2,0,2.96479,2.96479
2961,3,0,1.9063,1.9063
2962,0,0.452865,5.79422,6.24708
2962,1,0,3.08255,3.08255
2962,2,0,3.14193,3.14193
2962,3,0,1.89339,1.89339
2963,0,0.423958,5.5338,5.95776
2963,1,0,1.77865,1.77865
2963,2,0,3.87693,3.87693
2963,3,0,1.97146,1.97146
2964,0,0.582604,5.34474,5.92734
2964,1,0,3.0076,3.0076
2964,2,0,2.97208,2.97208
2964,3,0,1.87693,1.87693
2965,0,0.939375,6.0426,6.98198
2965,1,0,3.24089,3.24089
2965,2,0,3.06656,3.06656
2965,3,0,2.69963,2.69963
2966,0,0.506927,6.12167,6.62859
2966,1,0,3.21052,3.21052
2966,2,0,2.10094,2.10094
2966,3,0,2.77057,2.77057
2967,0,0.44198,6.22323,6.66521
2967,1,0,3.27813,3.27813
2967,2,0,2.77109,2.77109
2967,3,0,4.02417,4.02417
2968,0,0.420573,4.41057,4.83115
2968,1,0,2.7338,2.7338
2968,2,0,2.70422,2.70422
2968,3,0,3.92057,3.92057
2969,0,0.345104,6.40781,6.75292
2969,1,0,2.68088,2.68088
2969,2,0,3.87156,3.87156
2969,3,0,1.82661,1.82661
2970,0,0.410104,5.08854,5.49864
2970,1,0,2.28089,2.28089
2970,2,0,4.94771,4.94771
2970,3,0,2.97193,2.97193
2971,0,0.431563,4.43042,4.86198
2971,1,0,4.70255,4.70255
2971,2,0,1.79516,1.79516
2971,3,0,3.02687,3.02687
2972,0,0.412813,5.06844,5.48125
2972,1,0,3.88615,3.88615
2972,2,0,1.76047,1.76047
2972,3,0,3.01385,3.01385
2973,0,0.421979,5.52255,5.94453
2973,1,0,3.95146,3.95146
2973,2,0,2.92297,2.92297
2973,3,0,2.94354,2.94354
2974,0,0.396458,4.05161,4.44807
2974,1,0,3.87693,3.87693
2974,2,0,3.00646,3.00646
2974,3,0,2.97667,2.97667
2975,0,0.419583,6.34786,6.76745
2975,1,0,1.83953,1.83953
2975,2,0,3.17031,3.17031
2975,3,0,3.13047,3.13047
2976,0,0.555886,5.77213,6.32802
2976,1,0,1.78432,1.78432
2976,2,0,2.71359,2.71359
2976,3,0,2.94719,2.94719
2977,0,0.434948,5.69844,6.13338
2977,1,0,1.85062,1.85062
2977,2,0,2.96344,2.96344
2977,3,0,2.97495,2.97495
2978,0,0.510313,5.53906,6.04938
2978,1,0,1.87109,1.87109
2978,2,0,3.23708,3.23708
2978,3,0,3.00859,3.00859
2979,0,0.576875,5.54713,6.12401
2979,1,0,1.80036,1.80036
2979,2,0,2.75391,2.75391
2979,3,0,2.92213,2.92213
2980,0,0.482135,5.99521,6.47734
2980,1,0,2.97547,2.97547
2980,2,0,1.81688,1.81688
2980,3,0,2.79083,2.79083
2981,0,0.53125,5.95104,6.48229
2981,1,0,3.31594,3.31594
2981,2,0,3.06734,3.06734
2981,3,0,1.88146,1.88146
2982,0,0.410053,5.64432,6.05438
2982,1,0,2.9387,2.9387
2982,2,0,2.94271,2.94271
2982,3,0,1.84224,1.84224
2983,0,0.416667,5.66708,6.08375
2983,1,0,2.97052,2.97052
2983,2,0,2.95719,2.95719
2983,3,0,1.85083,1.85083
2984,0,0.511146,5.99734,6.50849
2984,1,0,3.06427,3.06427
2984,2,0,3.02318,3.02318
2984,3,0,1.84323,1.84323
2985,0,0.3975,5.80271,6.20021
2985,1,0,2.92469,2.92469
2985,2,0,2.99026,2.99026
2985,3,0,1.9026,1.9026
2986,0,0.889688,5.27719,6.16688
2986,1,0,2.9674,2.9674
2986,2,0,2.95063,2.95063
2986,3,0,1.89156,1.89156
2987,0,0.490886,5.8587,6.34958
2987,1,0,3.0462,3.0462
2987,2,0,2.92151,2.92151
2987,3,0,2.61797,2.61797
2988,0,0.427865,4.82891,5.25677
2988,1,0,2.9199,2.9199
2988,2,0,3.0201,3.0201
2988,3,0,2.71427,2.71427
2989,0,0.433229,4.83448,5.26771
2989,1,0,2.93953,2.93953
2989,2,0,3.02969,3.02969
2989,3,0,2.79412,2.79412
2990,0,0.565468,4.93458,5.50005
2990,1,0,2.79875,2.79875
2990,2,0,3.00438,3.00438
2990,3,0,4.67182,4.67182
2991,0,0.366302,4.6338,5.0001
2991,1,0,3.00573,3.00573
2991,2,0,2.13948,2.13948
2991,3,0,4.35818,4.35818
2992,0,0.368437,4.30724,4.67568
2992,1,0,3.00776,3.00776
2992,2,0,2.11901,2.11901
2992,3,0,4.77323,4.77323
2993,0,0.415781,4.3837,4.79948
2993,1,0,2.95042,2.95042
2993,2,0,2.60786,2.60786
2993,3,0,3.92552,3.92552
2994,0,0.402083,5.61833,6.02042
2994,1,0,1.87281,1.87281
2994,2,0,4.56542,4.56542
2994,3,0,1.77062,1.77062
2995,0,0.373646,6.04182,6.41547
2995,1,0,1.94031,1.94031
2995,2,0,4.84146,4.84146
2995,3,0,1.79286,1.79286
2996,0,0.416041,5.09661,5.51266
2996,1,0,1.83682,1.83682
2996,2,0,4.77234,4.77234
2996,3,0,1.82682,1.82682
2997,0,0.545313,5.13927,5.68458
2997,1,0,2.64037,2.64037
2997,2,0,3.89406,3.89406
2997,3,0,1.80557,1.80557
2998,0,0.482709,5.14292,5.62563
2998,1,0,1.87208,1.87208
2998,2,0,4.71687,4.71687
2998,3,0,2.92818,2.92818
2999,0,0.365,4.6275,4.9925
2999,1,0,4.60714,4.60714
2999,2,0,1.85854,1.85854
2999,3,0,2.99432,2.99432
3000,0,0.38849,4.43224,4.82073
3000,1,0,2.60677,2.60677
3000,2,0,3.9775,3.9775
3000,3,0,3.31474,3.31474
3001,0,0.848281,3.83526,4.68354
3001,1,0,4.66318,4.66318
3001,2,0,1.76948,1.76948
3001,3,0,2.93312,2.93312
3002,0,0.409062,3.73745,4.14651
3002,1,0,4.70625,4.70625
3002,2,0,1.84552,1.84552
3002,3,0,2.96396,2.96396
3003,0,0.394114,4.22625,4.62036
3003,1,0,4.75542,4.75542
3003,2,0,2.10969,2.10969
3003,3,0,2.81885,2.81885
3004,0,0.450261,3.74271,4.19297
3004,1,0,4.7537,4.7537
3004,2,0,1.7663,1.7663
3004,3,0,2.91521,2.91521
3005,0,0.37776,3.97802,4.35578
3005,1,0,4.79479,4.79479
3005,2,0,1.82568,1.82568
3005,3,0,2.92865,2.92865
3006,0,0.383958,4.16469,4.54865
3006,1,0,5.07401,5.07401
3006,2,0,3.14693,3.14693
3006,3,0,3.0313,3.0313
3007,0,0.525781,4.04531,4.57109
3007,1,0,3.89552,3.89552
3007,2,0,2.90636,2.90636
3007,3,0,2.92609,2.92609
3008,0,0.403385,6.11052,6.51391
3008,1,0,1.81271,1.81271
3008,2,0,2.93088,2.93088
3008,3,0,2.95031,2.95031
3009,0,0.492552,5.88792,6.38047
3009,1,0,1.85458,1.85458
3009,2,0,3.06438,3.06438
3009,3,0,2.94463,2.94463
3010,0,0.446562,6.05687,6.50344
3010,1,0,2.93083,2.93083
3010,2,0,3.08646,3.08646
3010,3,0,1.88167,1.88167
3011,0,0.494583,5.53885,6.03344
3011,1,0,2.93562,2.93562
3011,2,0,2.90766,2.90766
3011,3,0,1.89781,1.89781
3012,0,0.483177,5.96802,6.4512
3012,1,0,3.00911,3.00911
3012,2,0,2.9526,2.9526
3012,3,0,1.83094,1.83094
3013,0,0.40698,5.60083,6.00781
3013,1,0,2.94401,2.94401
3013,2,0,3.01573,3.01573
3013,3,0,1.91187,1.91187
3014,0,0.451927,5.84448,6.29641
3014,1,0,2.93057,2.93057
3014,2,0,2.98339,2.98339
3014,3,0,2.23036,2.23036
3015,0,0.602917,5.32729,5.93021
3015,1,0,1.80266,1.80266
3015,2,0,3.85401,3.85401
3015,3,0,1.82588,1.82588
3016,0,0.40427,5.81266,6.21693
3016,1,0,3.0062,3.0062
3016,2,0,3.57203,3.57203
3016,3,0,1.91458,1.91458
3017,0,0.46099,5.59187,6.05286
3017,1,0,2.98208,2.98208
3017,2,0,3.28693,3.28693
3017,3,0,1.8901,1.8901
3018,0,0.392969,5.68464,6.0776
3018,1,0,2.94594,2.94594
3018,2,0,2.81474,2.81474
3018,3,0,1.82588,1.82588
3019,0,0.41125,5.78714,6.19839
3019,1,0,3.02036,3.02036
3019,2,0,3.06057,3.06057
3019,3,0,1.80948,1.80948
3020,0,0.373906,5.75344,6.12734
3020,1,0,3.04344,3.04344
3020,2,0,3.0463,3.0463
3020,3,0,1.84307,1.84307
3021,0,0.407239,5.52635,5.93359
3021,1,0,2.94974,2.94974
3021,2,0,2.79995,2.79995
3021,3,0,1.83422,1.83422
3022,0,0.386979,5.81339,6.20036
3022,1,0,3.00828,3.00828
3022,2,0,2.95943,2.95943
3022,3,0,4.61255,4.61255
3023,0,0.393958,4.59922,4.99318
3023,1,0,3.15057,3.15057
3023,2,0,1.89797,1.89797
3023,3,0,4.61615,4.61615
3024,0,0.364895,4.32136,4.68625
3024,1,0,2.95052,2.95052
3024,2,0,1.83281,1.83281
3024,3,0,4.66255,4.66255
3025,0,0.841303,5.8313,6.6726
3025,1,0,1.92281,1.92281
3025,2,0,4.65958,4.65958
3025,3,0,1.87,1.87
3026,0,0.492709,5.76865,6.26135
3026,1,0,1.89203,1.89203
3026,2,0,4.59011,4.59011
3026,3,0,1.76828,1.76828
3027,0,0.360052,5.39641,5.75646
3027,1,0,1.83375,1.83375
3027,2,0,4.66682,4.66682
3027,3,0,1.81422,1.81422
3028,0,1.0462,4.80667,5.85287
3028,1,0,1.82536,1.82536
3028,2,0,4.80281,4.80281
3028,3,0,2.01474,2.01474
3029,0,0.468229,5.36656,5.83479
3029,1,0,1.81865,1.81865
3029,2,0,4.72573,4.72573
3029,3,0,2.91151,2.91151
3030,0,0.369219,4.46797,4.83719
3030,1,0,4.65219,4.65219
3030,2,0,1.81458,1.81458
3030,3,0,2.91438,2.91438
3031,0,0.366042,4.29411,4.66016
3031,1,0,4.89552,4.89552
3031,2,0,1.88688,1.88688
3031,3,0,3.00651,3.00651
3032,0,0.778229,3.95552,4.73375
3032,1,0,4.58511,4.58511
3032,2,0,1.76964,1.76964
3032,3,0,2.91786,2.91786
3033,0,0.3875,4.14385,4.53135
3033,1,0,4.58609,4.58609
3033,2,0,1.7762,1.7762
3033,3,0,2.89646,2.89646
3034,0,0.354792,4.43354,4.78833
3034,1,0,4.74839,4.74839
3034,2,0,1.81307,1.81307
3034,3,0,3.00792,3.00792
3035,0,0.374739,3.83443,4.20917
3035,1,0,4.58344,4.58344
3035,2,0,1.77364,1.77364
3035,3,0,2.92786,2.92786
3036,0,0.361511,4.24151,4.60302
3036,1,0,4.58713,4.58713
3036,2,0,1.80089,1.80089
3036,3,0,2.91359,2.91359
3037,0,0.359687,4.56833,4.92802
3037,1,0,4.72109,4.72109
3037,2,0,1.80026,1.80026
3037,3,0,2.79953,2.79953
3038,0,0.384219,3.78911,4.17333
3038,1,0,4.59213,4.59213
3038,2,0,1.78453,1.78453
3038,3,0,2.95359,2.95359
3039,0,0.455677,4.49089,4.94656
3039,1,0,4.57781,4.57781
3039,2,0,1.77364,1.77364
3039,3,0,2.96156,2.96156
3040,0,0.456458,4.09646,4.55292
3040,1,0,4.6737,4.6737
3040,2,0,1.76495,1.76495
3040,3,0,2.90703,2.90703
3041,0,0.380678,3.82953,4.21021
3041,1,0,4.60589,4.60589
3041,2,0,1.79062,1.79062
3041,3,0,3.05646,3.05646
3042,0,0.988698,3.45901,4.44771
3042,1,0,4.57073,4.57073
3042,2,0,1.77364,1.77364
3042,3,0,2.99974,2.99974
3043,0,1.05172,3.7937,4.84542
3043,1,0,4.65989,4.65989
3043,2,0,1.77656,1.77656
3043,3,0,2.93786,2.93786
3044,0,0.496458,3.84443,4.34089
3044,1,0,4.61609,4.61609
3044,2,0,1.82062,1.82062
3044,3,0,2.98156,2.98156
3045,0,0.416563,4.12109,4.53766
3045,1,0,4.56359,4.56359
3045,2,0,1.80943,1.80943
3045,3,0,3.12333,3.12333
3046,0,0.501198,3.79219,4.29339
3046,1,0,4.64266,4.64266
3046,2,0,1.7813,1.7813
3046,3,0,2.91656,2.91656
3047,0,0.388438,3.97917,4.36761
3047,1,0,4.63417,4.63417
3047,2,0,1.855,1.855
3047,3,0,2.94021,2.94021
3048,0,0.425469,4.33865,4.76412
3048,1,0,4.61182,4.61182
3048,2,0,1.87615,1.87615
3048,3,0,4.48219,4.48219
3049,0,0.504792,3.225,3.72979
3049,1,0,4.71896,4.71896
3049,2,0,2.92656,2.92656
3049,3,0,2.97745,2.97745
3050,0,0.436979,4.06896,4.50594
3050,1,0,3.95417,3.95417
3050,2,0,2.97958,2.97958
3050,3,0,2.94531,2.94531
3051,0,0.469218,7.29948,7.7687
3051,1,0,3.09802,3.09802
3051,2,0,3.07531,3.07531
3051,3,0,1.83912,1.83912
3052,0,0.465729,5.59641,6.06213
3052,1,0,2.92974,2.92974
3052,2,0,2.9601,2.9601
3052,3,0,1.82885,1.82885
3053,0,0.697865,5.4575,6.15536
3053,1,0,2.97573,2.97573
3053,2,0,2.94703,2.94703
3053,3,0,1.86651,1.86651
3054,0,0.527396,5.62906,6.15646
3054,1,0,3.03812,3.03812
3054,2,0,2.9387,2.9387
3054,3,0,1.81203,1.81203
3055,0,0.424323,5.92807,6.35239
3055,1,0,2.92573,2.92573
3055,2,0,2.93359,2.93359
3055,3,0,1.93031,1.93031
3056,0,0.483907,5.49068,5.97458
3056,1,0,2.94573,2.94573
3056,2,0,2.94656,2.94656
3056,3,0,1.89969,1.89969
3057,0,0.465833,5.74193,6.20776
3057,1,0,3.0424,3.0424
3057,2,0,2.99469,2.99469
3057,3,0,4.74365,4.74365
3058,0,0.368959,3.25021,3.61917
3058,1,0,3.9038,3.9038
3058,2,0,2.4388,2.4388
3058,3,0,4.59281,4.59281
3059,0,0.390365,4.66995,5.06031
3059,1,0,3.16729,3.16729
3059,2,0,1.99964,1.99964
3059,3,0,4.7237,4.7237
3060,0,0.456666,5.54516,6.00182
3060,1,0,1.8313,1.8313
3060,2,0,4.59151,4.59151
3060,3,0,1.75755,1.75755
3061,0,0.367813,5.59401,5.96182
3061,1,0,1.96172,1.96172
3061,2,0,4.51083,4.51083
3061,3,0,1.77859,1.77859
3062,0,0.357448,5.43943,5.79688
3062,1,0,2.04141,2.04141
3062,2,0,2.75052,2.75052
3062,3,0,3.97193,3.97193
3063,0,0.373177,5.79677,6.16995
3063,1,0,1.82109,1.82109
3063,2,0,4.6124,4.6124
3063,3,0,1.7912,1.7912
3064,0,0.413334,5.07646,5.48979
3064,1,0,1.83588,1.83588
3064,2,0,4.60885,4.60885
3064,3,0,1.75745,1.75745
3065,0,0.388958,5.58958,5.97854
3065,1,0,1.86047,1.86047
3065,2,0,4.64161,4.64161
3065,3,0,2.9387,2.9387
3066,0,0.366146,4.26219,4.62833
3066,1,0,4.61328,4.61328
3066,2,0,1.80167,1.80167
3066,3,0,1.83062,1.83062
3067,0,0.482969,4.78667,5.26964
3067,1,0,1.85062,1.85062
3067,2,0,4.57802,4.57802
3067,3,0,1.81401,1.81401
3068,0,0.483386,5.16818,5.65156
3068,1,0,1.86891,1.86891
3068,2,0,4.64052,4.64052
3068,3,0,1.8074,1.8074
3069,0,0.418177,4.94614,5.36432
3069,1,0,1.8625,1.8625
3069,2,0,4.62083,4.62083
3069,3,0,1.82984,1.82984
3070,0,0.385938,5.1288,5.51474
3070,1,0,1.83068,1.83068
3070,2,0,4.62349,4.62349
3070,3,0,1.82365,1.82365
3071,0,0.460625,5.73167,6.19229
3071,1,0,1.85458,1.85458
3071,2,0,4.59396,4.59396
3071,3,0,2.92219,2.92219
3072,0,0.367552,4.33531,4.70287
3072,1,0,4.7912,4.7912
3072,2,0,1.86234,1.86234
3072,3,0,2.91823,2.91823
3073,0,0.384063,4.38531,4.76938
3073,1,0,4.64292,4.64292
3073,2,0,1.95526,1.95526
3073,3,0,3.11937,3.11937
3074,0,0.419375,4.63859,5.05797
3074,1,0,4.59042,4.59042
3074,2,0,1.78594,1.78594
3074,3,0,4.04969,4.04969
3075,0,0.378542,3.37667,3.75521
3075,1,0,4.69922,4.69922
3075,2,0,2.96526,2.96526
3075,3,0,2.94833,2.94833
3076,0,0.805521,3.30453,4.11005
3076,1,0,4.99141,4.99141
3076,2,0,3.03328,3.03328
3076,3,0,2.76766,2.76766
3077,0,0.440313,6.02672,6.46703
3077,1,0,1.76818,1.76818
3077,2,0,4.06708,4.06708
3077,3,0,1.82755,1.82755
3078,0,0.414636,6.16739,6.58203
3078,1,0,2.95922,2.95922
3078,2,0,2.94521,2.94521
3078,3,0,1.87104,1.87104
3079,0,1.14511,5.16599,6.31109
3079,1,0,3.06182,3.06182
3079,2,0,2.96896,2.96896
3079,3,0,1.81693,1.81693
3080,0,0.397188,5.83448,6.23167
3080,1,0,2.9238,2.9238
3080,2,0,2.97276,2.97276
3080,3,0,1.9088,1.9088
3081,0,0.469011,5.71333,6.18234
3081,1,0,2.97068,2.97068
3081,2,0,3.17094,3.17094
3081,3,0,1.96984,1.96984
3082,0,0.530416,5.99844,6.52885
3082,1,0,3.25594,3.25594
3082,2,0,2.50083,2.50083
3082,3,0,1.8449,1.8449
3083,0,0.406094,5.53302,5.93912
3083,1,0,2.95667,2.95667
3083,2,0,3.01156,3.01156
3083,3,0,1.94911,1.94911
3084,0,0.433698,5.59208,6.02578
3084,1,0,2.94167,2.94167
3084,2,0,3.00547,3.00547
3084,3,0,2.0775,2.0775
3085,0,0.483541,5.57469,6.05823
3085,1,0,2.93979,2.93979
3085,2,0,2.94026,2.94026
3085,3,0,1.91714,1.91714
3086,0,0.385052,5.57911,5.96417
3086,1,0,3.1137,3.1137
3086,2,0,3.04109,3.04109
3086,3,0,2.12495,2.12495
3087,0,0.407917,5.58838,5.9963
3087,1,0,4.23682,4.23682
3087,2,0,2.13615,2.13615
3087,3,0,1.87417,1.87417
3088,0,0.476615,6.76219,7.2388
3088,1,0,2.92818,2.92818
3088,2,0,1.80057,1.80057
3088,3,0,4.69313,4.69313
3089,0,0.393281,4.75891,5.15219
3089,1,0,2.98083,2.98083
3089,2,0,1.82281,1.82281
3089,3,0,4.60677,4.60677
3090,0,0.386927,4.52213,4.90906
3090,1,0,3.2024,3.2024
3090,2,0,1.86807,1.86807
3090,3,0,4.64615,4.64615
3091,0,0.370365,5.30927,5.67964
3091,1,0,1.82875,1.82875
3091,2,0,1.77135,1.77135
3091,3,0,4.64823,4.64823
3092,0,0.462864,5.42943,5.89229
3092,1,0,1.85479,1.85479
3092,2,0,4.67172,4.67172
3092,3,0,1.79875,1.79875
3093,0,0.40651,6.12891,6.53542
3093,1,0,1.87323,1.87323
3093,2,0,4.63213,4.63213
3093,3,0,1.77588,1.77588
3094,0,0.906302,4.89693,5.80323
3094,1,0,1.88125,1.88125
3094,2,0,4.66781,4.66781
3094,3,0,1.89115,1.89115
3095,0,0.439375,5.05807,5.49745
3095,1,0,1.81661,1.81661
3095,2,0,4.65984,4.65984
3095,3,0,2.01276,2.01276
3096,0,0.465834,5.28214,5.74797
3096,1,0,1.80208,1.80208
3096,2,0,4.60839,4.60839
3096,3,0,1.78401,1.78401
3097,0,0.43401,5.03656,5.47057
3097,1,0,1.85125,1.85125
3097,2,0,4.6413,4.6413
3097,3,0,1.80542,1.80542
3098,0,0.459427,5.10078,5.56021
3098,1,0,1.84734,1.84734
3098,2,0,4.86245,4.86245
3098,3,0,3.09474,3.09474
3099,0,0.405729,4.50234,4.90807
3099,1,0,4.69625,4.69625
3099,2,0,1.78448,1.78448
3099,3,0,2.90474,2.90474
3100,0,0.354844,4.2075,4.56234
3100,1,0,4.64927,4.64927
3100,2,0,1.80672,1.80672
3100,3,0,2.92781,2.92781
3101,0,0.372761,4.43073,4.80349
3101,1,0,4.9263,4.9263
3101,2,0,1.83214,1.83214
3101,3,0,4.16177,4.16177
3102,0,0.325573,3.2862,3.61177
3102,1,0,4.59948,4.59948
3102,2,0,1.77703,1.77703
3102,3,0,4.09005,4.09005
3103,0,0.34125,3.5187,3.85995
3103,1,0,4.59323,4.59323
3103,2,0,2.92797,2.92797
3103,3,0,2.89943,2.89943
3104,0,0.472708,3.68516,4.15786
3104,1,0,4.79177,4.79177
3104,2,0,3.00005,3.00005
3104,3,0,2.95214,2.95214
3105,0,0.495261,3.96594,4.4612
3105,1,0,3.90818,3.90818
3105,2,0,4.38979,4.38979
3105,3,0,1.90146,1.90146
3106,0,1.29094,5.33531,6.62625
3106,1,0,2.94792,2.94792
3106,2,0,3.06562,3.06562
3106,3,0,2.02672,2.02672
3107,0,0.541198,5.73964,6.28083
3107,1,0,2.91094,2.91094
3107,2,0,2.95786,2.95786
3107,3,0,1.82026,1.82026
3108,0,0.416041,5.99125,6.40729
3108,1,0,2.97661,2.97661
3108,2,0,3.01964,3.01964
3108,3,0,2.01411,2.01411
3109,0,0.478855,5.74094,6.21979
3109,1,0,4.13682,4.13682
3109,2,0,2.07344,2.07344
3109,3,0,1.85141,1.85141
3110,0,0.459479,5.69188,6.15135
3110,1,0,3.94052,3.94052
3110,2,0,1.77573,1.77573
3110,3,0,4.7474,4.7474
3111,0,0.365729,4.5438,4.90953
3111,1,0,2.99766,2.99766
3111,2,0,1.84089,1.84089
3111,3,0,4.59063,4.59063
3112,0,0.359427,4.76375,5.12318
3112,1,0,3.27224,3.27224
3112,2,0,1.89536,1.89536
3112,3,0,4.6737,4.6737
3113,0,0.342083,5.56401,5.90609
3113,1,0,1.80266,1.80266
3113,2,0,1.77364,1.77364
3113,3,0,4.64687,4.64687
3114,0,0.486875,5.46031,5.94719
3114,1,0,1.82734,1.82734
3114,2,0,4.70776,4.70776
3114,3,0,1.81854,1.81854
3115,0,0.380938,5.82542,6.20636
3115,1,0,1.87615,1.87615
3115,2,0,4.6151,4.6151
3115,3,0,1.77787,1.77787
3116,0,0.329115,5.52219,5.8513
3116,1,0,1.79724,1.79724
3116,2,0,4.6574,4.6574
3116,3,0,1.8626,1.8626
3117,0,0.362188,5.58448,5.94667
3117,1,0,1.81693,1.81693
3117,2,0,4.65469,4.65469
3117,3,0,1.96708,1.96708
3118,0,0.507552,5.27333,5.78088
3118,1,0,1.84651,1.84651
3118,2,0,4.59896,4.59896
3118,3,0,2.90901,2.90901
3119,0,0.366042,4.65141,5.01745
3119,1,0,4.74505,4.74505
3119,2,0,1.82005,1.82005
3119,3,0,2.9101,2.9101
3120,0,0.344584,4.33276,4.67734
3120,1,0,4.80912,4.80912
3120,2,0,2.11984,2.11984
3120,3,0,4.19729,4.19729
3121,0,0.427344,3.23724,3.66458
3121,1,0,4.60651,4.60651
3121,2,0,1.76615,1.76615
3121,3,0,3.89786,3.89786
3122,0,0.350573,3.44599,3.79656
3122,1,0,4.57188,4.57188
3122,2,0,2.95135,2.95135
3122,3,0,2.91906,2.91906
3123,0,0.643334,3.53714,4.18047
3123,1,0,4.81385,4.81385
3123,2,0,3.04219,3.04219
3123,3,0,2.72531,2.72531
3124,0,0.48349,4.02328,4.50677
3124,1,0,3.86609,3.86609
3124,2,0,4.07609,4.07609
3124,3,0,1.83276,1.83276
3125,0,0.776666,5.90125,6.67792
3125,1,0,1.77625,1.77625
3125,2,0,3.89781,3.89781
3125,3,0,1.83312,1.83312
3126,0,0.488437,5.83662,6.32505
3126,1,0,1.82604,1.82604
3126,2,0,4.09026,4.09026
3126,3,0,1.82448,1.82448
3127,0,0.403855,6.02088,6.42474
3127,1,0,2.93068,2.93068
3127,2,0,2.98458,2.98458
3127,3,0,1.87807,1.87807
3128,0,0.437291,5.78557,6.22286
3128,1,0,2.92432,2.92432
3128,2,0,2.98333,2.98333
3128,3,0,1.89963,1.89963
3129,0,0.645208,6.12453,6.76974
3129,1,0,2.93594,2.93594
3129,2,0,2.80339,2.80339
3129,3,0,1.79771,1.79771
3130,0,0.389739,5.64953,6.03927
3130,1,0,2.925,2.925
3130,2,0,3.03797,3.03797
3130,3,0,2.84083,2.84083
3131,0,0.433229,6.87396,7.30719
3131,1,0,2.99156,2.99156
3131,2,0,2.13948,2.13948
3131,3,0,1.90979,1.90979
3132,0,0.445625,6.79724,7.24287
3132,1,0,3.01453,3.01453
3132,2,0,1.8224,1.8224
3132,3,0,4.60859,4.60859
3133,0,0.347032,4.37516,4.72219
3133,1,0,3.02328,3.02328
3133,2,0,1.82094,1.82094
3133,3,0,4.59464,4.59464
3134,0,0.356875,4.41703,4.77391
3134,1,0,3.26703,3.26703
3134,2,0,1.87062,1.87062
3134,3,0,4.65536,4.65536
3135,0,0.380104,5.4851,5.86521
3135,1,0,1.92932,1.92932
3135,2,0,4.84687,4.84687
3135,3,0,1.81646,1.81646
3136,0,0.519479,5.64354,6.16302
3136,1,0,1.87552,1.87552
3136,2,0,4.60516,4.60516
3136,3,0,1.80261,1.80261
3137,0,0.385573,5.84573,6.2313
3137,1,0,1.85255,1.85255
3137,2,0,4.62016,4.62016
3137,3,0,1.77552,1.77552
3138,0,0.384167,5.55505,5.93922
3138,1,0,1.80214,1.80214
3138,2,0,4.67984,4.67984
3138,3,0,2.99693,2.99693
3139,0,0.348438,4.37349,4.72193
3139,1,0,4.74974,4.74974
3139,2,0,1.84734,1.84734
3139,3,0,3.24521,3.24521
3140,0,0.362656,4.31078,4.67344
3140,1,0,4.59708,4.59708
3140,2,0,1.77359,1.77359
3140,3,0,2.90891,2.90891
3141,0,0.3525,4.15042,4.50292
3141,1,0,4.67786,4.67786
3141,2,0,1.82635,1.82635
3141,3,0,2.93172,2.93172
3142,0,0.37776,4.25625,4.63401
3142,1,0,4.6776,4.6776
3142,2,0,2.02698,2.02698
3142,3,0,4.22505,4.22505
3143,0,0.354687,3.24927,3.60396
3143,1,0,4.54766,4.54766
3143,2,0,1.77839,1.77839
3143,3,0,4.05422,4.05422
3144,0,0.387969,4.24766,4.63563
3144,1,0,4.60761,4.60761
3144,2,0,2.94609,2.94609
3144,3,0,2.7924,2.7924
3145,0,0.412083,3.14714,3.55922
3145,1,0,4.89547,4.89547
3145,2,0,4.18823,4.18823
3145,3,0,1.80302,1.80302
3146,0,0.401979,3.97552,4.3775
3146,1,0,3.9149,3.9149
3146,2,0,3.89969,3.89969
3146,3,0,1.8087,1.8087
3147,0,0.399375,6.0099,6.40927
3147,1,0,1.78937,1.78937
3147,2,0,3.9425,3.9425
3147,3,0,1.79891,1.79891
3148,0,0.577135,5.74901,6.32615
3148,1,0,1.81719,1.81719
3148,2,0,4.16031,4.16031
3148,3,0,1.79969,1.79969
3149,0,0.402187,5.63594,6.03812
3149,1,0,1.78062,1.78062
3149,2,0,4.0588,4.0588
3149,3,0,1.85583,1.85583
3150,0,0.394635,4.17844,4.57307
3150,1,0,5.04854,5.04854
3150,2,0,3.0299,3.0299
3150,3,0,1.90771,1.90771
3151,0,0.558594,6.15859,6.71719
3151,1,0,3.05922,3.05922
3151,2,0,2.73589,2.73589
3151,3,0,1.8401,1.8401
3152,0,0.385833,5.55458,5.94042
3152,1,0,2.94958,2.94958
3152,2,0,3.00948,3.00948
3152,3,0,1.94761,1.94761
3153,0,0.404167,5.86917,6.27333
3153,1,0,2.9212,2.9212
3153,2,0,3.05698,3.05698
3153,3,0,2.0975,2.0975
3154,0,0.480468,5.61703,6.0975
3154,1,0,4.06797,4.06797
3154,2,0,1.81859,1.81859
3154,3,0,1.77182,1.77182
3155,0,0.401146,5.60547,6.00662
3155,1,0,3.01443,3.01443
3155,2,0,2.73438,2.73438
3155,3,0,1.83359,1.83359
3156,0,0.411458,5.59328,6.00474
3156,1,0,2.98536,2.98536
3156,2,0,3.24812,3.24812
3156,3,0,1.96531,1.96531
3157,0,0.465729,5.96156,6.42729
3157,1,0,4.1138,4.1138
3157,2,0,1.83729,1.83729
3157,3,0,1.81672,1.81672
3158,0,0.400625,5.61141,6.01203
3158,1,0,4.19953,4.19953
3158,2,0,1.8774,1.8774
3158,3,0,4.7526,4.7526
3159,0,0.374479,3.15641,3.53089
3159,1,0,4.29531,4.29531
3159,2,0,1.97672,1.97672
3159,3,0,4.79432,4.79432
3160,0,0.35948,4.38167,4.74115
3160,1,0,2.98208,2.98208
3160,2,0,1.91552,1.91552
3160,3,0,4.59536,4.59536
3161,0,0.454062,5.62786,6.08193
3161,1,0,1.82698,1.82698
3161,2,0,1.7925,1.7925
3161,3,0,4.64224,4.64224
3162,0,0.370052,5.85,6.22005
3162,1,0,1.88943,1.88943
3162,2,0,4.82031,4.82031
3162,3,0,1.76687,1.76687
3163,0,0.361927,5.49948,5.86141
3163,1,0,1.81901,1.81901
3163,2,0,4.68333,4.68333
3163,3,0,1.82458,1.82458
3164,0,0.460521,6.41427,6.87479
3164,1,0,1.79958,1.79958
3164,2,0,4.73302,4.73302
3164,3,0,3.32687,3.32687
3165,0,0.780625,3.6688,4.44943
3165,1,0,4.70281,4.70281
3165,2,0,1.77484,1.77484
3165,3,0,2.90927,2.90927
3166,0,0.683593,3.68922,4.37281
3166,1,0,4.77047,4.77047
3166,2,0,1.80557,1.80557
3166,3,0,2.91865,2.91865
3167,0,0.341511,4.07938,4.42089
3167,1,0,4.81208,4.81208
3167,2,0,2.07161,2.07161
3167,3,0,4.18953,4.18953
3168,0,0.353021,3.42953,3.78255
3168,1,0,4.58771,4.58771
3168,2,0,1.7751,1.7751
3168,3,0,4.0537,4.0537
3169,0,0.43724,3.37453,3.81177
3169,1,0,4.62651,4.62651
3169,2,0,2.96813,2.96813
3169,3,0,3.0776,3.0776
3170,0,0.409583,3.33651,3.74609
3170,1,0,4.78937,4.78937
3170,2,0,3.05938,3.05938
3170,3,0,3.00411,3.00411
3171,0,0.410052,3.16604,3.57609
3171,1,0,4.57031,4.57031
3171,2,0,4.06193,4.06193
3171,3,0,1.89318,1.89318
3172,0,0.907813,4.37073,5.27854
3172,1,0,5.04526,5.04526
3172,2,0,2.96594,2.96594
3172,3,0,1.97651,1.97651
3173,0,0.458438,5.95849,6.41693
3173,1,0,4.15682,4.15682
3173,2,0,1.8488,1.8488
3173,3,0,4.64042,4.64042
3174,0,0.336458,3.28323,3.61969
3174,1,0,4.20865,4.20865
3174,2,0,1.86318,1.86318
3174,3,0,4.73016,4.73016
3175,0,0.371875,4.31776,4.68963
3175,1,0,2.99203,2.99203
3175,2,0,2.02391,2.02391
3175,3,0,4.84906,4.84906
3176,0,0.386666,5.74656,6.13323
3176,1,0,1.84208,1.84208
3176,2,0,1.79489,1.79489
3176,3,0,4.60047,4.60047
3177,0,0.33974,5.61724,5.95698
3177,1,0,1.89182,1.89182
3177,2,0,1.85734,1.85734
3177,3,0,4.5899,4.5899
3178,0,0.347865,5.65318,6.00104
3178,1,0,2.42136,2.42136
3178,2,0,4.80464,4.80464
3178,3,0,1.79276,1.79276
3179,0,0.370781,5.80537,6.17615
3179,1,0,1.80463,1.80463
3179,2,0,4.6099,4.6099
3179,3,0,1.76667,1.76667
3180,0,0.459323,5.71182,6.17115
3180,1,0,4.65745,4.65745
3180,2,0,1.77922,1.77922
3180,3,0,1.76557,1.76557
3181,0,0.456718,5.13281,5.58953
3181,1,0,1.83713,1.83713
3181,2,0,4.65396,4.65396
3181,3,0,2.91156,2.91156
3182,0,0.332239,4.38052,4.71276
3182,1,0,4.7038,4.7038
3182,2,0,1.8225,1.8225
3182,3,0,3.03979,3.03979
3183,0,0.406355,4.26823,4.67458
3183,1,0,4.69234,4.69234
3183,2,0,1.79297,1.79297
3183,3,0,3.22682,3.22682
3184,0,0.471459,3.68432,4.15578
3184,1,0,4.74,4.74
3184,2,0,1.77297,1.77297
3184,3,0,2.91287,2.91287
3185,0,0.729792,3.71656,4.44635
3185,1,0,4.76542,4.76542
3185,2,0,1.84026,1.84026
3185,3,0,2.9499,2.9499
3186,0,0.832916,3.54755,4.38047
3186,1,0,4.7262,4.7262
3186,2,0,1.8488,1.8488
3186,3,0,4.18781,4.18781
3187,0,0.394323,3.59391,3.98823
3187,1,0,4.59109,4.59109
3187,2,0,1.785,1.785
3187,3,0,4.06516,4.06516
3188,0,0.344583,3.3175,3.66208
3188,1,0,4.65859,4.65859
3188,2,0,1.83292,1.83292
3188,3,0,3.86625,3.86625
3189,0,0.448438,3.2388,3.68724
3189,1,0,4.90969,4.90969
3189,2,0,3.1025,3.1025
3189,3,0,3.0537,3.0537
3190,0,0.477969,3.06026,3.53823
3190,1,0,4.73052,4.73052
3190,2,0,2.92937,2.92937
3190,3,0,2.81885,2.81885
3191,0,0.412657,3.4849,3.89755
3191,1,0,4.76208,4.76208
3191,2,0,4.08266,4.08266
3191,3,0,1.80578,1.80578
3192,0,0.408594,6.2374,6.64599
3192,1,0,3.05568,3.05568
3192,2,0,2.94266,2.94266
3192,3,0,1.81714,1.81714
3193,0,0.404635,5.78984,6.19448
3193,1,0,2.9124,2.9124
3193,2,0,2.97901,2.97901
3193,3,0,1.91906,1.91906
3194,0,0.932604,5.17682,6.10943
3194,1,0,2.94432,2.94432
3194,2,0,2.9275,2.9275
3194,3,0,1.85432,1.85432
3195,0,0.487708,6.03682,6.52453
3195,1,0,3.00984,3.00984
3195,2,0,2.92432,2.92432
3195,3,0,1.79516,1.79516
3196,0,0.392292,5.62167,6.01396
3196,1,0,2.93307,2.93307
3196,2,0,3.04859,3.04859
3196,3,0,1.88333,1.88333
3197,0,0.436302,5.65031,6.08662
3197,1,0,2.9175,2.9175
3197,2,0,2.9863,2.9863
3197,3,0,1.93568,1.93568
3198,0,0.526093,5.86484,6.39094
3198,1,0,1.79781,1.79781
3198,2,0,3.86255,3.86255
3198,3,0,1.7975,1.7975
3199,0,0.378125,5.85844,6.23656
3199,1,0,2.93438,2.93438
3199,2,0,3.00167,3.00167
3199,3,0,1.83542,1.83542
3200,0,0.401458,5.71104,6.1125
3200,1,0,2.91984,2.91984
3200,2,0,3.06953,3.06953
3200,3,0,2.08198,2.08198
3201,0,0.441459,5.82885,6.27031
3201,1,0,4.06948,4.06948
3201,2,0,1.81995,1.81995
3201,3,0,1.77776,1.77776
3202,0,0.395365,6.11208,6.50745
3202,1,0,4.18224,4.18224
3202,2,0,1.90266,1.90266
3202,3,0,1.80609,1.80609
3203,0,0.502136,5.57963,6.08177
3203,1,0,4.30021,4.30021
3203,2,0,1.98359,1.98359
3203,3,0,1.85297,1.85297
3204,0,0.458855,6.84286,7.30172
3204,1,0,2.93422,2.93422
3204,2,0,1.83339,1.83339
3204,3,0,1.80292,1.80292
3205,0,0.397865,5.70635,6.10422
3205,1,0,4.0025,4.0025
3205,2,0,1.83599,1.83599
3205,3,0,1.79307,1.79307
3206,0,0.421875,5.93776,6.35964
3206,1,0,4.18448,4.18448
3206,2,0,1.84516,1.84516
3206,3,0,1.84813,1.84813
3207,0,0.40927,6.73922,7.14849
3207,1,0,2.93838,2.93838
3207,2,0,1.92557,1.92557
3207,3,0,4.73089,4.73089
3208,0,0.458125,4.48984,4.94797
3208,1,0,2.94661,2.94661
3208,2,0,1.88552,1.88552
3208,3,0,4.73937,4.73937
3209,0,0.477292,5.80411,6.28141
3209,1,0,1.89505,1.89505
3209,2,0,1.79594,1.79594
3209,3,0,4.59453,4.59453
3210,0,0.384271,5.74714,6.13141
3210,1,0,1.87656,1.87656
3210,2,0,4.75589,4.75589
3210,3,0,1.82266,1.82266
3211,0,0.381302,5.5125,5.8938
3211,1,0,1.88854,1.88854
3211,2,0,4.83229,4.83229
3211,3,0,2.13766,2.13766
3212,0,0.414323,5.37661,5.79094
3212,1,0,1.80542,1.80542
3212,2,0,4.59802,4.59802
3212,3,0,1.77708,1.77708
3213,0,0.374896,4.96594,5.34083
3213,1,0,1.81156,1.81156
3213,2,0,4.70109,4.70109
3213,3,0,1.80776,1.80776
3214,0,0.960312,4.96792,5.92823
3214,1,0,1.86229,1.86229
3214,2,0,4.94406,4.94406
3214,3,0,3.0137,3.0137
3215,0,0.369375,4.52688,4.89625
3215,1,0,4.68187,4.68187
3215,2,0,1.76906,1.76906
3215,3,0,2.89562,2.89562
3216,0,0.371666,3.97516,4.34682
3216,1,0,4.80833,4.80833
3216,2,0,1.80891,1.80891
3216,3,0,2.91797,2.91797
3217,0,0.703959,3.96896,4.67292
3217,1,0,5.00818,5.00818
3217,2,0,1.81281,1.81281
3217,3,0,4.15,4.15
3218,0,0.477448,3.18245,3.6599
3218,1,0,4.58625,4.58625
3218,2,0,1.75562,1.75562
3218,3,0,4.10807,4.10807
3219,0,0.572396,3.18984,3.76224
3219,1,0,4.57833,4.57833
3219,2,0,1.78844,1.78844
3219,3,0,3.92906,3.92906
3220,0,0.558542,3.29667,3.85521
3220,1,0,4.71604,4.71604
3220,2,0,2.95469,2.95469
3220,3,0,2.93281,2.93281
3221,0,0.478698,3.51354,3.99224
3221,1,0,4.67906,4.67906
3221,2,0,4.15495,4.15495
3221,3,0,1.8774,1.8774
3222,0,0.435,3.26021,3.69521
3222,1,0,4.57818,4.57818
3222,2,0,4.14432,4.14432
3222,3,0,1.96031,1.96031
3223,0,0.551145,4.06552,4.61667
3223,1,0,5.11526,5.11526
3223,2,0,2.93401,2.93401
3223,3,0,1.79531,1.79531
3224,0,0.375833,5.79531,6.17115
3224,1,0,3.01042,3.01042
3224,2,0,2.98375,2.98375
3224,3,0,1.82776,1.82776
3225,0,0.421718,5.8037,6.22542
3225,1,0,2.99838,2.99838
3225,2,0,3.30969,3.30969
3225,3,0,1.86411,1.86411
3226,0,0.478802,5.63656,6.11536
3226,1,0,4.07083,4.07083
3226,2,0,1.79807,1.79807
3226,3,0,1.76609,1.76609
3227,0,0.425208,5.6388,6.06401
3227,1,0,4.39219,4.39219
3227,2,0,1.82677,1.82677
3227,3,0,4.67839,4.67839
3228,0,0.342708,3.09063,3.43333
3228,1,0,4.38927,4.38927
3228,2,0,2.16365,2.16365
3228,3,0,4.74708,4.74708
3229,0,0.372969,4.36213,4.7351
3229,1,0,2.91578,2.91578
3229,2,0,1.83896,1.83896
3229,3,0,4.71729,4.71729
3230,0,0.467448,4.43552,4.90297
3230,1,0,2.73604,2.73604
3230,2,0,1.79984,1.79984
3230,3,0,4.73958,4.73958
3231,0,0.382084,5.83708,6.21917
3231,1,0,1.86995,1.86995
3231,2,0,1.8325,1.8325
3231,3,0,4.58391,4.58391
3232,0,0.369115,5.81177,6.18089
3232,1,0,1.81062,1.81062
3232,2,0,4.7488,4.7488
3232,3,0,1.82651,1.82651
3233,0,0.340052,5.50698,5.84703
3233,1,0,1.81073,1.81073
3233,2,0,4.75672,4.75672
3233,3,0,1.98729,1.98729
3234,0,0.401302,5.77177,6.17307
3234,1,0,1.79401,1.79401
3234,2,0,4.63083,4.63083
3234,3,0,1.76859,1.76859
3235,0,0.37125,5.21037,5.58162
3235,1,0,1.825,1.825
3235,2,0,4.69146,4.69146
3235,3,0,1.82271,1.82271
3236,0,0.39375,5.49823,5.89198
3236,1,0,4.82969,4.82969
3236,2,0,2.11901,2.11901
3236,3,0,3.01026,3.01026
3237,0,0.449167,4.12385,4.57302
3237,1,0,4.68208,4.68208
3237,2,0,1.76292,1.76292
3237,3,0,2.91224,2.91224
3238,0,0.388594,3.91875,4.30734
3238,1,0,4.78167,4.78167
3238,2,0,1.79177,1.79177
3238,3,0,2.90724,2.90724
3239,0,0.353906,4.20359,4.5575
3239,1,0,4.85901,4.85901
3239,2,0,1.82531,1.82531
3239,3,0,1.84703,1.84703
3240,0,0.488646,4.92448,5.41312
3240,1,0,4.71016,4.71016
3240,2,0,1.79661,1.79661
3240,3,0,3.18859,3.18859
3241,0,0.427709,3.62802,4.05573
3241,1,0,2.38479,2.38479
3241,2,0,4.07708,4.07708
3241,3,0,2.93146,2.93146
3242,0,0.697761,3.70838,4.40615
3242,1,0,2.01464,2.01464
3242,2,0,4.7437,4.7437
3242,3,0,3.00922,3.00922
3243,0,0.435678,3.87364,4.30932
3243,1,0,4.67099,4.67099
3243,2,0,1.75646,1.75646
3243,3,0,2.90755,2.90755
3244,0,0.395156,4.21162,4.60677
3244,1,0,4.50891,4.50891
3244,2,0,1.79224,1.79224
3244,3,0,2.93432,2.93432
3245,0,1.34854,3.48687,4.83542
3245,1,0,1.9349,1.9349
3245,2,0,4.75375,4.75375
3245,3,0,4.08448,4.08448
3246,0,0.345417,3.27391,3.61932
3246,1,0,4.58713,4.58713
3246,2,0,1.78802,1.78802
3246,3,0,4.16458,4.16458
3247,0,0.450416,3.19203,3.64245
3247,1,0,4.57849,4.57849
3247,2,0,1.7551,1.7551
3247,3,0,4.24667,4.24667
3248,0,0.528802,3.20125,3.73005
3248,1,0,4.66911,4.66911
3248,2,0,2.91214,2.91214
3248,3,0,2.94146,2.94146
3249,0,0.583021,3.21849,3.80151
3249,1,0,4.6226,4.6226
3249,2,0,3.05026,3.05026
3249,3,0,2.71177,2.71177
3250,0,0.497604,3.24922,3.74682
3250,1,0,4.63396,4.63396
3250,2,0,4.46005,4.46005
3250,3,0,1.93766,1.93766
3251,0,0.390573,6.5925,6.98307
3251,1,0,2.96328,2.96328
3251,2,0,2.94703,2.94703
3251,3,0,1.8188,1.8188
3252,0,0.386719,5.79917,6.18588
3252,1,0,3.1412,3.1412
3252,2,0,2.90474,2.90474
3252,3,0,1.84953,1.84953
3253,0,0.401667,5.84484,6.24651
3253,1,0,4.18969,4.18969
3253,2,0,1.92276,1.92276
3253,3,0,1.92562,1.92562
3254,0,0.550156,5.3613,5.91146
3254,1,0,4.0788,4.0788
3254,2,0,1.82193,1.82193
3254,3,0,1.83662,1.83662
3255,0,0.411041,6.06365,6.47469
3255,1,0,4.11661,4.11661
3255,2,0,1.95292,1.95292
3255,3,0,1.80818,1.80818
3256,0,0.378125,5.85505,6.23318
3256,1,0,4.43208,4.43208
3256,2,0,1.9688,1.9688
3256,3,0,1.86479,1.86479
3257,0,0.458646,5.53776,5.99641
3257,1,0,4.0138,4.0138
3257,2,0,1.93984,1.93984
3257,3,0,1.92005,1.92005
3258,0,0.526614,6.82386,7.35047
3258,1,0,3.00266,3.00266
3258,2,0,1.87135,1.87135
3258,3,0,4.88875,4.88875
3259,0,0.432813,5.54802,5.98083
3259,1,0,1.93177,1.93177
3259,2,0,1.81245,1.81245
3259,3,0,4.70734,4.70734
3260,0,0.348281,5.47901,5.82729
3260,1,0,1.87344,1.87344
3260,2,0,1.90682,1.90682
3260,3,0,4.695,4.695
3261,0,0.371094,5.61745,5.98854
3261,1,0,1.98562,1.98562
3261,2,0,5.00594,5.00594
3261,3,0,1.93599,1.93599
3262,0,0.363437,5.4824,5.84583
3262,1,0,1.96469,1.96469
3262,2,0,4.63687,4.63687
3262,3,0,1.81625,1.81625
3263,0,0.362135,5.62432,5.98646
3263,1,0,1.95766,1.95766
3263,2,0,4.59682,4.59682
3263,3,0,1.82245,1.82245
3264,0,0.382396,5.04432,5.42672
3264,1,0,1.87641,1.87641
3264,2,0,4.86703,4.86703
3264,3,0,1.79328,1.79328
3265,0,0.497032,4.9188,5.41583
3265,1,0,4.70802,4.70802
3265,2,0,1.78604,1.78604
3265,3,0,1.74047,1.74047
3266,0,0.375104,5.62266,5.99776
3266,1,0,4.76906,4.76906
3266,2,0,1.7876,1.7876
3266,3,0,2.90958,2.90958
3267,0,0.361198,4.49505,4.85625
3267,1,0,4.91026,4.91026
3267,2,0,1.83484,1.83484
3267,3,0,1.77146,1.77146
3268,0,0.362292,4.94854,5.31083
3268,1,0,4.68792,4.68792
3268,2,0,1.74937,1.74937
3268,3,0,2.91953,2.91953
3269,0,0.489844,4.04521,4.53505
3269,1,0,4.6675,4.6675
3269,2,0,1.76219,1.76219
3269,3,0,2.95448,2.95448
3270,0,0.445729,4.41432,4.86005
3270,1,0,1.8488,1.8488
3270,2,0,4.82271,4.82271
3270,3,0,4.05396,4.05396
3271,0,0.371459,3.14286,3.51432
3271,1,0,4.61182,4.61182
3271,2,0,1.76937,1.76937
3271,3,0,4.17213,4.17213
3272,0,2.65073,5.84286,8.49359
3272,1,0,1.7726,1.7726
3272,2,0,4.0525,4.0525
3272,3,0,1.94615,1.94615
3273,0,0.413229,3.96937,4.3826
3273,1,0,5.05875,5.05875
3273,2,0,2.92797,2.92797
3273,3,0,1.78625,1.78625
3274,0,0.434636,6.03547,6.4701
3274,1,0,3.0149,3.0149
3274,2,0,2.82552,2.82552
3274,3,0,1.90063,1.90063
3275,0,0.398802,5.84906,6.24787
3275,1,0,4.15964,4.15964
3275,2,0,1.85802,1.85802
3275,3,0,1.83578,1.83578
3276,0,0.456875,5.63568,6.09255
3276,1,0,2.94125,2.94125
3276,2,0,2.67693,2.67693
3276,3,0,1.8001,1.8001
3277,0,0.383229,6.41047,6.7937
3277,1,0,4.12292,4.12292
3277,2,0,1.82302,1.82302
3277,3,0,1.81875,1.81875
3278,0,0.365729,5.99724,6.36297
3278,1,0,4.4349,4.4349
3278,2,0,1.88349,1.88349
3278,3,0,1.78937,1.78937
3279,0,0.4025,5.74484,6.14734
3279,1,0,3.96141,3.96141
3279,2,0,1.80031,1.80031
3279,3,0,1.80146,1.80146
3280,0,0.400105,5.62812,6.02823
3280,1,0,4.40193,4.40193
3280,2,0,1.85011,1.85011
3280,3,0,3.92818,3.92818
3281,0,0.429948,3.79969,4.22964
3281,1,0,4.05432,4.05432
3281,2,0,1.8726,1.8726
3281,3,0,4.685,4.685
3282,0,0.372812,4.35307,4.72588
3282,1,0,2.99234,2.99234
3282,2,0,1.81609,1.81609
3282,3,0,4.81849,4.81849
3283,0,0.426458,5.52677,5.95323
3283,1,0,1.82859,1.82859
3283,2,0,1.80922,1.80922
3283,3,0,4.95177,4.95177
3284,0,0.394791,4.37354,4.76833
3284,1,0,2.74698,2.74698
3284,2,0,1.81849,1.81849
3284,3,0,4.59781,4.59781
3285,0,0.387031,5.80432,6.19135
3285,1,0,1.86427,1.86427
3285,2,0,1.88604,1.88604
3285,3,0,4.6137,4.6137
3286,0,0.375052,5.5413,5.91635
3286,1,0,1.88271,1.88271
3286,2,0,5.06214,5.06214
3286,3,0,1.81797,1.81797
3287,0,1.02089,5.13927,6.16016
3287,1,0,1.80203,1.80203
3287,2,0,4.59875,4.59875
3287,3,0,1.77646,1.77646
3288,0,0.423177,5.14568,5.56885
3288,1,0,1.86901,1.86901
3288,2,0,4.60677,4.60677
3288,3,0,1.7788,1.7788
3289,0,0.385781,5.28557,5.67135
3289,1,0,2.3674,2.3674
3289,2,0,4.72797,4.72797
3289,3,0,2.95557,2.95557
3290,0,0.445782,4.00948,4.45526
3290,1,0,4.6875,4.6875
3290,2,0,1.76219,1.76219
3290,3,0,2.90896,2.90896
3291,0,0.349688,4.16062,4.51031
3291,1,0,4.67125,4.67125
3291,2,0,1.78214,1.78214
3291,3,0,2.90151,2.90151
3292,0,0.3675,4.38672,4.75422
3292,1,0,5.02323,5.02323
3292,2,0,1.81099,1.81099
3292,3,0,4.07198,4.07198
3293,0,0.345729,3.27312,3.61885
3293,1,0,4.61052,4.61052
3293,2,0,1.78823,1.78823
3293,3,0,4.16427,4.16427
3294,0,0.36625,3.28443,3.65068
3294,1,0,4.60896,4.60896
3294,2,0,1.75474,1.75474
3294,3,0,4.34213,4.34213
3295,0,0.571823,3.22198,3.7938
3295,1,0,4.67766,4.67766
3295,2,0,2.93255,2.93255
3295,3,0,2.92021,2.92021
3296,0,0.42849,3.03557,3.46406
3296,1,0,4.62838,4.62838
3296,2,0,2.98969,2.98969
3296,3,0,3.01625,3.01625
3297,0,0.38849,3.26047,3.64896
3297,1,0,4.64385,4.64385
3297,2,0,4.08005,4.08005
3297,3,0,1.87104,1.87104
3298,0,0.427187,3.1738,3.60099
3298,1,0,4.69339,4.69339
3298,2,0,4.0626,4.0626
3298,3,0,1.84167,1.84167
3299,0,0.397552,5.92057,6.31813
3299,1,0,1.85266,1.85266
3299,2,0,4.08146,4.08146
3299,3,0,1.89838,1.89838
3300,0,0.39677,6.08583,6.4826
3300,1,0,1.90115,1.90115
3300,2,0,4.13083,4.13083
3300,3,0,1.92063,1.92063
3301,0,0.545261,5.87615,6.42141
3301,1,0,2.93411,2.93411
3301,2,0,3.2049,3.2049
3301,3,0,1.88474,1.88474
3302,0,0.438385,5.77391,6.21229
3302,1,0,4.14073,4.14073
3302,2,0,1.83859,1.83859
3302,3,0,1.79646,1.79646
3303,0,0.399896,6.32797,6.72787
3303,1,0,3.04526,3.04526
3303,2,0,2.81667,2.81667
3303,3,0,1.84141,1.84141
3304,0,0.403542,7.13776,7.5413
3304,1,0,2.96125,2.96125
3304,2,0,1.83453,1.83453
3304,3,0,4.80625,4.80625
3305,0,0.435208,4.40594,4.84115
3305,1,0,2.94599,2.94599
3305,2,0,1.80849,1.80849
3305,3,0,5.00365,5.00365
3306,0,0.431667,5.70406,6.13573
3306,1,0,1.86224,1.86224
3306,2,0,1.79286,1.79286
3306,3,0,4.58838,4.58838
3307,0,0.361146,5.7926,6.15375
3307,1,0,1.85422,1.85422
3307,2,0,4.82031,4.82031
3307,3,0,1.79656,1.79656
3308,0,0.343958,5.5738,5.91776
3308,1,0,1.9325,1.9325
3308,2,0,5.03026,5.03026
3308,3,0,1.81667,1.81667
3309,0,1.08656,4.81536,5.90193
3309,1,0,1.80448,1.80448
3309,2,0,4.60125,4.60125
3309,3,0,1.80698,1.80698
3310,0,0.406458,5.16203,5.56849
3310,1,0,1.89708,1.89708
3310,2,0,4.58859,4.58859
3310,3,0,1.80531,1.80531
3311,0,0.391458,5.14833,5.53979
3311,1,0,2.19484,2.19484
3311,2,0,4.82156,4.82156
3311,3,0,3.01844,3.01844
3312,0,0.72526,3.91412,4.63938
3312,1,0,4.68318,4.68318
3312,2,0,1.78031,1.78031
3312,3,0,2.92193,2.92193
3313,0,0.340052,4.33818,4.67823
3313,1,0,4.66396,4.66396
3313,2,0,1.7776,1.7776
3313,3,0,2.91839,2.91839
3314,0,0.373855,4.23589,4.60974
3314,1,0,2.00016,2.00016
3314,2,0,4.66719,4.66719
3314,3,0,4.06276,4.06276
3315,0,0.333593,3.49182,3.82542
3315,1,0,4.6087,4.6087
3315,2,0,1.78521,1.78521
3315,3,0,4.17583,4.17583
3316,0,0.418854,3.32333,3.74219
3316,1,0,4.59484,4.59484
3316,2,0,1.77401,1.77401
3316,3,0,4.21604,4.21604
3317,0,0.515468,3.40761,3.92307
3317,1,0,4.68271,4.68271
3317,2,0,2.92109,2.92109
3317,3,0,2.80411,2.80411
3318,0,0.462031,3.0751,3.53714
3318,1,0,4.6237,4.6237
3318,2,0,3.00797,3.00797
3318,3,0,2.99688,2.99688
3319,0,0.508386,4.84406,5.35245
3319,1,0,5.14755,5.14755
3319,2,0,3.25609,3.25609
3319,3,0,1.84911,1.84911
3320,0,0.466822,5.75422,6.22104
3320,1,0,2.94875,2.94875
3320,2,0,2.7474,2.7474
3320,3,0,1.80922,1.80922
3321,0,0.375886,5.78969,6.16557
3321,1,0,2.97708,2.97708
3321,2,0,2.97823,2.97823
3321,3,0,1.87208,1.87208
3322,0,0.395729,5.74338,6.13911
3322,1,0,3.22406,3.22406
3322,2,0,2.78537,2.78537
3322,3,0,1.86458,1.86458
3323,0,0.514063,5.76583,6.2799
3323,1,0,2.95031,2.95031
3323,2,0,2.71771,2.71771
3323,3,0,1.7826,1.7826
3324,0,0.384688,5.60448,5.98917
3324,1,0,2.9513,2.9513
3324,2,0,2.93901,2.93901
3324,3,0,1.79625,1.79625
3325,0,0.374427,5.7925,6.16693
3325,1,0,3.31599,3.31599
3325,2,0,2.80594,2.80594
3325,3,0,1.82838,1.82838
3326,0,0.379427,5.53344,5.91286
3326,1,0,2.91172,2.91172
3326,2,0,2.91177,2.91177
3326,3,0,1.79276,1.79276
3327,0,0.380782,5.76958,6.15036
3327,1,0,2.9613,2.9613
3327,2,0,2.93073,2.93073
3327,3,0,1.80313,1.80313
3328,0,0.412188,6.08646,6.49865
3328,1,0,3.03844,3.03844
3328,2,0,2.86599,2.86599
3328,3,0,1.85781,1.85781
3329,0,0.388907,5.76641,6.15531
3329,1,0,2.91953,2.91953
3329,2,0,2.93568,2.93568
3329,3,0,2.02115,2.02115
3330,0,1.68828,4.50932,6.1976
3330,1,0,2.97917,2.97917
3330,2,0,2.68568,2.68568
3330,3,0,1.83693,1.83693
3331,0,0.587916,5.9863,6.57422
3331,1,0,3.97406,3.97406
3331,2,0,1.7974,1.7974
3331,3,0,1.78682,1.78682
3332,0,0.38875,5.68432,6.07307
3332,1,0,2.91823,2.91823
3332,2,0,3.02443,3.02443
3332,3,0,1.8649,1.8649
3333,0,0.45625,4.00948,4.46573
3333,1,0,6.18427,6.18427
3333,2,0,1.85333,1.85333
3333,3,0,1.8576,1.8576
3334,0,0.454114,6.36974,6.82385
3334,1,0,4.02542,4.02542
3334,2,0,1.805,1.805
3334,3,0,4.67495,4.67495
3335,0,0.345,4.34063,4.68562
3335,1,0,3.01875,3.01875
3335,2,0,1.87646,1.87646
3335,3,0,4.70349,4.70349
3336,0,0.4175,5.47823,5.89573
3336,1,0,2.00219,2.00219
3336,2,0,1.97089,1.97089
3336,3,0,4.73328,4.73328
3337,0,0.411146,5.49844,5.90958
3337,1,0,1.85088,1.85088
3337,2,0,1.84698,1.84698
3337,3,0,4.58531,4.58531
3338,0,0.375364,5.82359,6.19896
3338,1,0,1.85427,1.85427
3338,2,0,4.69422,4.69422
3338,3,0,1.78313,1.78313
3339,0,0.360104,5.78042,6.14052
3339,1,0,1.99234,1.99234
3339,2,0,4.75281,4.75281
3339,3,0,1.75568,1.75568
3340,0,0.974688,5.00906,5.98375
3340,1,0,4.74854,4.74854
3340,2,0,1.78776,1.78776
3340,3,0,1.79594,1.79594
3341,0,0.530469,5.12016,5.65062
3341,1,0,4.72276,4.72276
3341,2,0,1.79266,1.79266
3341,3,0,1.77948,1.77948
3342,0,0.490417,5.59135,6.08177
3342,1,0,4.89859,4.89859
3342,2,0,1.80818,1.80818
3342,3,0,2.90104,2.90104
3343,0,0.369427,3.93396,4.30339
3343,1,0,4.66094,4.66094
3343,2,0,1.82604,1.82604
3343,3,0,3.00453,3.00453
3344,0,0.398593,3.99729,4.39588
3344,1,0,4.67052,4.67052
3344,2,0,1.81505,1.81505
3344,3,0,3.12427,3.12427
3345,0,0.491511,4.08484,4.57635
3345,1,0,1.88172,1.88172
3345,2,0,4.59349,4.59349
3345,3,0,2.92745,2.92745
3346,0,0.384271,3.73359,4.11787
3346,1,0,1.78787,1.78787
3346,2,0,4.68266,4.68266
3346,3,0,2.96901,2.96901
3347,0,0.357396,4.01662,4.37401
3347,1,0,4.72484,4.72484
3347,2,0,1.88042,1.88042
3347,3,0,3.24651,3.24651
3348,0,0.397395,3.77177,4.16917
3348,1,0,1.86276,1.86276
3348,2,0,4.59083,4.59083
3348,3,0,2.9099,2.9099
3349,0,0.345521,4.35042,4.69594
3349,1,0,4.71531,4.71531
3349,2,0,1.83745,1.83745
3349,3,0,2.93464,2.93464
3350,0,0.370781,3.84208,4.21286
3350,1,0,4.76693,4.76693
3350,2,0,2.04453,2.04453
3350,3,0,3.98792,3.98792
3351,0,0.427187,3.27005,3.69724
3351,1,0,4.67938,4.67938
3351,2,0,1.76349,1.76349
3351,3,0,3.78755,3.78755
3352,0,0.375417,3.2076,3.58302
3352,1,0,4.81135,4.81135
3352,2,0,1.81219,1.81219
3352,3,0,4.07578,4.07578
3353,0,0.373386,3.36526,3.73865
3353,1,0,4.88687,4.88687
3353,2,0,1.81693,1.81693
3353,3,0,3.92516,3.92516
3354,0,0.37099,3.21552,3.58651
3354,1,0,4.60406,4.60406
3354,2,0,1.77708,1.77708
3354,3,0,3.80537,3.80537
3355,0,0.364635,3.32724,3.69188
3355,1,0,4.59068,4.59068
3355,2,0,1.8162,1.8162
3355,3,0,3.83854,3.83854
3356,0,0.432657,3.20484,3.6375
3356,1,0,4.84578,4.84578
3356,2,0,1.84104,1.84104
3356,3,0,3.9887,3.9887
3357,0,0.37948,3.25125,3.63073
3357,1,0,4.56036,4.56036
3357,2,0,2.91609,2.91609
3357,3,0,2.97427,2.97427
3358,0,0.460938,3.28385,3.74479
3358,1,0,4.58286,4.58286
3358,2,0,2.95838,2.95838
3358,3,0,2.75917,2.75917
3359,0,0.465417,3.39755,3.86297
3359,1,0,4.77703,4.77703
3359,2,0,4.07448,4.07448
3359,3,0,1.83635,1.83635
3360,0,0.426094,5.57078,5.99688
3360,1,0,1.77276,1.77276
3360,2,0,3.89042,3.89042
3360,3,0,1.92656,1.92656
3361,0,0.424479,5.79448,6.21896
3361,1,0,1.7612,1.7612
3361,2,0,4.06963,4.06963
3361,3,0,1.88042,1.88042
3362,0,0.672968,3.23464,3.9076
3362,1,0,4.75328,4.75328
3362,2,0,3.84255,3.84255
3362,3,0,1.82031,1.82031
3363,0,0.409219,5.72208,6.1313
3363,1,0,1.77568,1.77568
3363,2,0,4.8251,4.8251
3363,3,0,1.90526,1.90526
3364,0,0.407135,5.99594,6.40307
3364,1,0,2.99448,2.99448
3364,2,0,2.91906,2.91906
3364,3,0,1.94391,1.94391
3365,0,0.413178,5.8775,6.29068
3365,1,0,3.81307,3.81307
3365,2,0,1.81979,1.81979
3365,3,0,1.79609,1.79609
3366,0,0.417968,5.83552,6.25349
3366,1,0,3.91224,3.91224
3366,2,0,1.83932,1.83932
3366,3,0,1.80958,1.80958
3367,0,0.374323,5.82484,6.19917
3367,1,0,3.08792,3.08792
3367,2,0,2.95281,2.95281
3367,3,0,1.85411,1.85411
3368,0,0.523021,5.92927,6.45229
3368,1,0,4.07724,4.07724
3368,2,0,1.81708,1.81708
3368,3,0,1.78401,1.78401
3369,0,0.376198,5.80156,6.17776
3369,1,0,3.84297,3.84297
3369,2,0,1.81854,1.81854
3369,3,0,1.78781,1.78781
3370,0,0.385885,5.9975,6.38338
3370,1,0,4.18771,4.18771
3370,2,0,1.87635,1.87635
3370,3,0,1.83729,1.83729
3371,0,0.401823,5.73297,6.13479
3371,1,0,4.06943,4.06943
3371,2,0,1.8063,1.8063
3371,3,0,1.78969,1.78969
3372,0,0.429219,5.78125,6.21047
3372,1,0,4.10797,4.10797
3372,2,0,1.84469,1.84469
3372,3,0,1.78979,1.78979
3373,0,0.392657,6.07047,6.46312
3373,1,0,3.04318,3.04318
3373,2,0,2.80052,2.80052
3373,3,0,1.86141,1.86141
3374,0,0.385625,5.66922,6.05484
3374,1,0,4.06573,4.06573
3374,2,0,1.82802,1.82802
3374,3,0,1.85813,1.85813
3375,0,0.484791,5.44875,5.93354
3375,1,0,3.16635,3.16635
3375,2,0,2.76365,2.76365
3375,3,0,1.97516,1.97516
3376,0,1.73422,5.98641,7.72063
3376,1,0,2.70042,2.70042
3376,2,0,1.99771,1.99771
3376,3,0,2.0626,2.0626
3377,0,0.433437,4.29198,4.72542
3377,1,0,1.81396,1.81396
3377,2,0,1.80245,1.80245
3377,3,0,1.77844,1.77844
3378,0,0.353177,3.32703,3.68021
3378,1,0,2.61104,2.61104
3378,2,0,1.86172,1.86172
3378,3,0,1.88088,1.88088
3379,0,0.590781,3.40885,3.99964
3379,1,0,1.82724,1.82724
3379,2,0,1.90688,1.90688
3379,3,0,2.78724,2.78724
3380,0,0.61401,3.21568,3.82969
3380,1,0,1.80036,1.80036
3380,2,0,1.89729,1.89729
3380,3,0,1.83031,1.83031
3381,0,0.639167,4.12641,4.76557
3381,1,0,1.80943,1.80943
3381,2,0,1.8012,1.8012
3381,3,0,1.84,1.84
3382,0,0.691354,3.27401,3.96536
3382,1,0,1.87922,1.87922
3382,2,0,2.6737,2.6737
3382,3,0,1.83583,1.83583
3383,0,0.677291,3.43891,4.1162
3383,1,0,1.83469,1.83469
3383,2,0,1.8774,1.8774
3383,3,0,2.0376,2.0376
3384,0,0.664844,3.5124,4.17724
3384,1,0,1.85292,1.85292
3384,2,0,1.80417,1.80417
3384,3,0,1.8063,1.8063
3385,0,0.60375,3.23859,3.84234
3385,1,0,2.6187,2.6187
3385,2,0,1.81354,1.81354
3385,3,0,1.81349,1.81349
3386,0,0.625104,3.32724,3.95234
3386,1,0,2.1825,2.1825
3386,2,0,1.86391,1.86391
3386,3,0,2.63787,2.63787
3387,0,0.681511,3.51927,4.20078
3387,1,0,1.89578,1.89578
3387,2,0,1.90099,1.90099
3387,3,0,2.01182,2.01182
3388,0,0.794584,3.88672,4.6813
3388,1,0,1.85156,1.85156
3388,2,0,1.83042,1.83042
3388,3,0,1.8162,1.8162
3389,0,0.771146,3.12698,3.89812
3389,1,0,2.61036,2.61036
3389,2,0,1.8162,1.8162
3389,3,0,1.80964,1.80964
3390,0,0.760833,4.10057,4.86141
3390,1,0,1.90474,1.90474
3390,2,0,1.85177,1.85177
3390,3,0,2.63391,2.63391
3391,0,0.67474,3.21193,3.88667
3391,1,0,1.86578,1.86578
3391,2,0,1.97818,1.97818
3391,3,0,1.80703,1.80703
3392,0,0.668541,4.11521,4.78375
3392,1,0,1.81828,1.81828
3392,2,0,1.79849,1.79849
3392,3,0,1.78552,1.78552
3393,0,0.754115,3.31609,4.07021
3393,1,0,2.59651,2.59651
3393,2,0,1.83417,1.83417
3393,3,0,1.84365,1.84365
3394,0,0.852396,3.33552,4.18792
3394,1,0,1.84776,1.84776
3394,2,0,1.84026,1.84026
3394,3,0,2.6113,2.6113
3395,0,0.769062,3.29547,4.06453
3395,1,0,1.93245,1.93245
3395,2,0,1.96797,1.96797
3395,3,0,1.83755,1.83755
3396,0,0.781771,4.13037,4.91214
3396,1,0,1.99948,1.99948
3396,2,0,1.8176,1.8176
3396,3,0,1.80365,1.80365
3397,0,0.662865,3.26948,3.93234
3397,1,0,1.85021,1.85021
3397,2,0,2.65521,2.65521
3397,3,0,1.86964,1.86964
3398,0,0.818333,3.51104,4.32937
3398,1,0,1.8476,1.8476
3398,2,0,1.80964,1.80964
3398,3,0,1.80828,1.80828
3399,0,0.763281,3.27984,4.04312
3399,1,0,2.00901,2.00901
3399,2,0,1.87713,1.87713
3399,3,0,1.82328,1.82328
3400,0,0.775052,4.24047,5.01552
3400,1,0,1.86391,1.86391
3400,2,0,1.83099,1.83099
3400,3,0,1.80734,1.80734
3401,0,0.764063,3.20281,3.96687
3401,1,0,1.89729,1.89729
3401,2,0,2.6638,2.6638
3401,3,0,1.9237,1.9237
3402,0,0.813021,3.545,4.35802
3402,1,0,1.82443,1.82443
3402,2,0,1.80724,1.80724
3402,3,0,1.8026,1.8026
3403,0,0.742448,4.17307,4.91552
3403,1,0,1.99318,1.99318
3403,2,0,1.8338,1.8338
3403,3,0,1.83198,1.83198
3404,0,0.773177,3.24359,4.01677
3404,1,0,2.63146,2.63146
3404,2,0,1.81854,1.81854
3404,3,0,1.8526,1.8526
3405,0,0.794011,3.13854,3.93255
3405,1,0,1.82359,1.82359
3405,2,0,1.8499,1.8499
3405,3,0,2.72104,2.72104
3406,0,0.932187,3.49411,4.4263
3406,1,0,2.23635,2.23635
3406,2,0,1.98172,1.98172
3406,3,0,1.89943,1.89943
3407,0,2.88469,3.40891,6.29359
3407,1,0,1.95792,1.95792
3407,2,0,1.98495,1.98495
3407,3,0,2.09776,2.09776
3408,0,1.07125,4.07547,5.14672
3408,1,0,2.07354,2.07354
3408,2,0,4.63703,4.63703
3408,3,0,2.85406,2.85406
3409,0,2.23792,3.69089,5.9288
3409,1,0,2.06125,2.06125
3409,2,0,2.44547,2.44547
3409,3,0,5.29411,5.29411
3410,0,1.32042,3.66245,4.98287
3410,1,0,2.40818,2.40818
3410,2,0,2.55854,2.55854
3410,3,0,3.22453,3.22453
3411,0,1.97646,3.26083,5.23729
3411,1,0,2.08849,2.08849
3411,2,0,2.05208,2.05208
3411,3,0,2.02354,2.02354
3412,0,1.34016,3.25823,4.59839
3412,1,0,1.95344,1.95344
3412,2,0,1.86339,1.86339
3412,3,0,1.88766,1.88766
3413,0,0.984011,3.53198,4.51599
3413,1,0,2.41453,2.41453
3413,2,0,1.97182,1.97182
3413,3,0,2.00615,2.00615
3414,0,1.18698,3.28604,4.47302
3414,1,0,1.92031,1.92031
3414,2,0,1.94307,1.94307
3414,3,0,1.88156,1.88156
3415,0,1.25313,4.01505,5.26818
3415,1,0,2.03906,2.03906
3415,2,0,2.69495,2.69495
3415,3,0,2.00937,2.00937
3416,0,1.36651,2.91302,4.27953
3416,1,0,3.27099,3.27099
3416,2,0,2.05271,2.05271
3416,3,0,2.32635,2.32635
3417,0,1.22547,3.35583,4.5813
3417,1,0,2.03474,2.03474
3417,2,0,1.96411,1.96411
3417,3,0,1.93672,1.93672
3418,0,1.18349,3.26734,4.45083
3418,1,0,1.85281,1.85281
3418,2,0,1.84891,1.84891
3418,3,0,1.90688,1.90688
3419,0,1.19214,3.27792,4.47005
3419,1,0,2.15156,2.15156
3419,2,0,2.2176,2.2176
3419,3,0,1.84328,1.84328
3420,0,1.03792,3.17146,4.20937
3420,1,0,2.27219,2.27219
3420,2,0,1.99578,1.99578
3420,3,0,2.06109,2.06109
3421,0,1.135,3.29349,4.42849
3421,1,0,1.89359,1.89359
3421,2,0,1.84964,1.84964
3421,3,0,1.84078,1.84078
3422,0,1.0313,3.18526,4.21656
3422,1,0,1.83536,1.83536
3422,2,0,1.84474,1.84474
3422,3,0,1.83448,1.83448
3423,0,1.00562,3.16094,4.16656
3423,1,0,2.07891,2.07891
3423,2,0,1.8625,1.8625
3423,3,0,1.84344,1.84344
3424,0,1.04859,3.05401,4.1026
3424,1,0,2.03557,2.03557
3424,2,0,2.01271,2.01271
3424,3,0,2.05932,2.05932
3425,0,1.05812,3.25688,4.315
3425,1,0,2.10818,2.10818
3425,2,0,1.92266,1.92266
3425,3,0,1.87083,1.87083
3426,0,1.02464,3.13505,4.15969
3426,1,0,1.85771,1.85771
3426,2,0,1.85365,1.85365
3426,3,0,1.87156,1.87156
3427,0,1.11963,5.93771,7.05734
3427,1,0,2.09182,2.09182
3427,2,0,1.89818,1.89818
3427,3,0,1.85615,1.85615
3428,0,1.07307,3.89021,4.96328
3428,1,0,2.22578,2.22578
3428,2,0,1.91636,1.91636
3428,3,0,1.8701,1.8701
3429,0,1.14182,3.465,4.60682
3429,1,0,1.85318,1.85318
3429,2,0,1.89891,1.89891
3429,3,0,1.88297,1.88297
3430,0,1.38677,3.29578,4.68255
3430,1,0,1.94698,1.94698
3430,2,0,2.41536,2.41536
3430,3,0,2.06922,2.06922
3431,0,1.68365,3.2837,4.96734
3431,1,0,1.9049,1.9049
3431,2,0,1.86328,1.86328
3431,3,0,1.89813,1.89813
3432,0,2.00458,3.49583,5.50042
3432,1,0,1.90396,1.90396
3432,2,0,2.25318,2.25318
3432,3,0,2.66979,2.66979
3433,0,1.26776,3.28338,4.55115
3433,1,0,1.88609,1.88609
3433,2,0,1.87849,1.87849
3433,3,0,1.84198,1.84198
3434,0,1.28417,3.2975,4.58167
3434,1,0,1.99021,1.99021
3434,2,0,1.8963,1.8963
3434,3,0,1.85276,1.85276
3435,0,1.08495,3.44927,4.53422
3435,1,0,2.12427,2.12427
3435,2,0,2.6137,2.6137
3435,3,0,2.20391,2.20391
3436,0,1.11125,3.56849,4.67974
3436,1,0,1.91708,1.91708
3436,2,0,1.90224,1.90224
3436,3,0,1.8813,1.8813
3437,0,1.00375,3.44193,4.44568
3437,1,0,2.09344,2.09344
3437,2,0,1.92995,1.92995
3437,3,0,1.91047,1.91047
3438,0,2.28042,3.20969,5.4901
3438,1,0,1.93542,1.93542
3438,2,0,1.91099,1.91099
3438,3,0,1.86938,1.86938
3439,0,1.21625,3.40089,4.61714
3439,1,0,2.1037,2.1037
3439,2,0,2.20531,2.20531
3439,3,0,1.93016,1.93016
3440,0,1.17349,3.2325,4.40599
3440,1,0,1.99172,1.99172
3440,2,0,1.87901,1.87901
3440,3,0,1.86489,1.86489
3441,0,1.00307,3.5913,4.59438
3441,1,0,1.9626,1.9626
3441,2,0,2.09213,2.09213
3441,3,0,2.13833,2.13833
3442,0,1.29042,3.48948,4.77989
3442,1,0,2.31636,2.31636
3442,2,0,2.09766,2.09766
3442,3,0,2.36813,2.36813
3443,0,2.19172,3.41708,5.6088
3443,1,0,1.94224,1.94224
3443,2,0,1.95495,1.95495
3443,3,0,1.96036,1.96036
3444,0,1.21208,3.32635,4.53844
3444,1,0,1.89307,1.89307
3444,2,0,1.90057,1.90057
3444,3,0,2.08167,2.08167
3445,0,1.63302,3.01667,4.64969
3445,1,0,2.37526,2.37526
3445,2,0,1.95682,1.95682
3445,3,0,2.11484,2.11484
3446,0,1.32359,3.22151,4.5451
3446,1,0,1.92307,1.92307
3446,2,0,4.31094,4.31094
3446,3,0,2.17229,2.17229
3447,0,1.4124,3.45708,4.86948
3447,1,0,1.88505,1.88505
3447,2,0,2.14651,2.14651
3447,3,0,1.87307,1.87307
3448,0,1.27797,3.32609,4.60406
3448,1,0,2.20812,2.20812
3448,2,0,1.9549,1.9549
3448,3,0,1.97823,1.97823
3449,0,1.34156,3.57542,4.91698
3449,1,0,2.02365,2.02365
3449,2,0,2.25104,2.25104
3449,3,0,1.8987,1.8987
3450,0,1.13297,3.22823,4.3612
3450,1,0,2.26943,2.26943
3450,2,0,2.32859,2.32859
3450,3,0,1.89453,1.89453
3451,0,7.62526,3.79688,11.4221
3451,1,0,2.08964,2.08964
3451,2,0,2.0888,2.0888
3451,3,0,2.655,2.655
3452,0,2.44386,3.20797,5.65182
3452,1,0,2.15391,2.15391
3452,2,0,2.085,2.085
3452,3,0,2.38682,2.38682
3453,0,2.41641,3.67688,6.09328
3453,1,0,2.11333,2.11333
3453,2,0,2.30365,2.30365
3453,3,0,2.1512,2.1512
3454,0,1.04261,3.39943,4.44203
3454,1,0,2.05318,2.05318
3454,2,0,2.0237,2.0237
3454,3,0,2.04625,2.04625
3455,0,1.1126,3.62495,4.73755
3455,1,0,2.25443,2.25443
3455,2,0,2.22797,2.22797
3455,3,0,2.18557,2.18557
3456,0,1.09083,3.85422,4.94505
3456,1,0,3.21698,3.21698
3456,2,0,2.58984,2.58984
3456,3,0,2.2299,2.2299
3457,0,1.1138,4.01229,5.12609
3457,1,0,2.29901,2.29901
3457,2,0,2.19677,2.19677
3457,3,0,2.18302,2.18302
3458,0,1.00286,4.03714,5.04
3458,1,0,2.64021,2.64021
3458,2,0,2.2651,2.2651
3458,3,0,2.20568,2.20568
3459,0,1.05958,3.85995,4.91953
3459,1,0,2.21495,2.21495
3459,2,0,2.46984,2.46984
3459,3,0,2.40469,2.40469
3460,0,1.10807,4.07463,5.18271
3460,1,0,2.42437,2.42437
3460,2,0,2.43682,2.43682
3460,3,0,2.69167,2.69167
3461,0,1.30391,4.12615,5.43005
3461,1,0,2.59516,2.59516
3461,2,0,2.85234,2.85234
3461,3,0,2.70115,2.70115
3462,0,3.38,4.65771,8.03771
3462,1,0,3.23734,3.23734
3462,2,0,4.98073,4.98073
3462,3,0,2.42677,2.42677
3463,0,1.32156,4.15422,5.47578
3463,1,0,2.55682,2.55682
3463,2,0,2.67614,2.67614
3463,3,0,2.42557,2.42557
3464,0,1.15688,4.39448,5.55136
3464,1,0,2.45802,2.45802
3464,2,0,2.83969,2.83969
3464,3,0,2.38682,2.38682
3465,0,1.05281,5.37438,6.42719
3465,1,0,2.73833,2.73833
3465,2,0,2.86724,2.86724
3465,3,0,2.49568,2.49568
3466,0,1.0563,4.52412,5.58042
3466,1,0,2.37427,2.37427
3466,2,0,2.46703,2.46703
3466,3,0,2.35323,2.35323
3467,0,1.52604,3.79068,5.31672
3467,1,0,2.80068,2.80068
3467,2,0,2.62511,2.62511
3467,3,0,2.40151,2.40151
3468,0,1.00948,4.28391,5.29339
3468,1,0,2.51016,2.51016
3468,2,0,2.64323,2.64323
3468,3,0,2.43172,2.43172
3469,0,1.09083,4.1962,5.28703
3469,1,0,2.62333,2.62333
3469,2,0,2.37542,2.37542
3469,3,0,2.35115,2.35115
3470,0,0.993906,4.66411,5.65802
3470,1,0,2.89495,2.89495
3470,2,0,2.52958,2.52958
3470,3,0,2.48297,2.48297
3471,0,1.04734,4.23677,5.28411
3471,1,0,3.7162,3.7162
3471,2,0,2.58703,2.58703
3471,3,0,2.72042,2.72042
3472,0,1.11286,4.25099,5.36385
3472,1,0,3.04583,3.04583
3472,2,0,2.7163,2.7163
3472,3,0,2.36969,2.36969
3473,0,1.16953,4.04469,5.21422
3473,1,0,2.87203,2.87203
3473,2,0,2.45516,2.45516
3473,3,0,2.42422,2.42422
3474,0,1.0425,4.94219,5.98469
3474,1,0,2.66995,2.66995
3474,2,0,2.63281,2.63281
3474,3,0,2.49537,2.49537
3475,0,1.05662,4.22786,5.28448
3475,1,0,2.4288,2.4288
3475,2,0,2.60375,2.60375
3475,3,0,2.47094,2.47094
3476,0,1.17906,4.16521,5.34427
3476,1,0,2.88083,2.88083
3476,2,0,2.67568,2.67568
3476,3,0,2.49359,2.49359
3477,0,0.995261,4.52911,5.52438
3477,1,0,2.97708,2.97708
3477,2,0,2.59453,2.59453
3477,3,0,2.42573,2.42573
3478,0,1.05953,4.25047,5.31
3478,1,0,2.48781,2.48781
3478,2,0,2.33385,2.33385
3478,3,0,2.32214,2.32214
3479,0,1.08828,4.66776,5.75604
3479,1,0,2.62833,2.62833
3479,2,0,2.78984,2.78984
3479,3,0,2.41682,2.41682
3480,0,1.05141,4.69703,5.74844
3480,1,0,2.55307,2.55307
3480,2,0,2.56042,2.56042
3480,3,0,2.39641,2.39641
3481,0,1.06339,4.36792,5.4313
3481,1,0,3.27724,3.27724
3481,2,0,2.38458,2.38458
3481,3,0,2.36854,2.36854
3482,0,0.997552,4.3174,5.31495
3482,1,0,2.44182,2.44182
3482,2,0,2.43662,2.43662
3482,3,0,2.36297,2.36297
3483,0,1.055,4.2874,5.3424
3483,1,0,2.98864,2.98864
3483,2,0,2.59844,2.59844
3483,3,0,2.41276,2.41276
3484,0,1.10292,4.0812,5.18412
3484,1,0,2.36021,2.36021
3484,2,0,2.34083,2.34083
3484,3,0,2.33766,2.33766
3485,0,0.92224,4.30635,5.22859
3485,1,0,2.45953,2.45953
3485,2,0,2.77995,2.77995
3485,3,0,2.43115,2.43115
3486,0,1.03953,4.26344,5.30297
3486,1,0,2.35432,2.35432
3486,2,0,2.40609,2.40609
3486,3,0,2.45578,2.45578
3487,0,1.03057,4.18037,5.21094
3487,1,0,2.35724,2.35724
3487,2,0,2.33662,2.33662
3487,3,0,2.33839,2.33839
3488,0,0.854479,3.96302,4.8175
3488,1,0,2.35609,2.35609
3488,2,0,2.66114,2.66114
3488,3,0,2.52323,2.52323
3489,0,1.22271,4.12896,5.35167
3489,1,0,2.34588,2.34588
3489,2,0,3.07198,3.07198
3489,3,0,2.73099,2.73099
3490,0,1.13729,4.34615,5.48344
3490,1,0,2.35844,2.35844
3490,2,0,2.53484,2.53484
3490,3,0,2.39161,2.39161
3491,0,0.924948,4.21787,5.14281
3491,1,0,2.48958,2.48958
3491,2,0,2.36917,2.36917
3491,3,0,2.50208,2.50208
3492,0,1.22729,4.6387,5.86599
3492,1,0,2.44208,2.44208
3492,2,0,2.33516,2.33516
3492,3,0,2.42125,2.42125
3493,0,1.18453,5.58875,6.77328
3493,1,0,2.4001,2.4001
3493,2,0,2.53437,2.53437
3493,3,0,2.46844,2.46844
3494,0,1.08161,4.24656,5.32818
3494,1,0,2.70135,2.70135
3494,2,0,2.75823,2.75823
3494,3,0,3.48724,3.48724
3495,0,1.09396,4.27396,5.36792
3495,1,0,2.36323,2.36323
3495,2,0,2.37516,2.37516
3495,3,0,2.37953,2.37953
3496,0,1.2413,4.83672,6.07802
3496,1,0,2.43979,2.43979
3496,2,0,2.34026,2.34026
3496,3,0,2.33844,2.33844
3497,0,0.942083,4.33714,5.27922
3497,1,0,2.39979,2.39979
3497,2,0,2.34984,2.34984
3497,3,0,2.62146,2.62146
3498,0,1.2224,4.26349,5.48589
3498,1,0,2.43922,2.43922
3498,2,0,2.32901,2.32901
3498,3,0,2.8812,2.8812
3499,0,1.2288,4.60604,5.83484
3499,1,0,2.37703,2.37703
3499,2,0,2.40526,2.40526
3499,3,0,2.45422,2.45422
3500,0,1.0037,4.53609,5.53979
3500,1,0,2.33229,2.33229
3500,2,0,2.34724,2.34724
3500,3,0,2.4376,2.4376
3501,0,1.09031,4.34927,5.43958
3501,1,0,2.47484,2.47484
3501,2,0,2.43734,2.43734
3501,3,0,2.92781,2.92781
3502,0,1.45943,4.13635,5.59578
3502,1,0,2.44151,2.44151
3502,2,0,2.35833,2.35833
3502,3,0,2.34677,2.34677
3503,0,0.943385,5.47266,6.41604
3503,1,0,2.36698,2.36698
3503,2,0,2.40828,2.40828
3503,3,0,3.11125,3.11125
3504,0,1.12594,4.15057,5.27651
3504,1,0,2.61141,2.61141
3504,2,0,2.44604,2.44604
3504,3,0,2.74979,2.74979
3505,0,1.40776,4.66531,6.07307
3505,1,0,2.39839,2.39839
3505,2,0,2.35682,2.35682
3505,3,0,2.35661,2.35661
3506,0,0.997813,4.2063,5.20411
3506,1,0,2.34339,2.34339
3506,2,0,2.33672,2.33672
3506,3,0,2.4263,2.4263
3507,0,1.44661,4.50391,5.95052
3507,1,0,2.38208,2.38208
3507,2,0,2.3538,2.3538
3507,3,0,2.35583,2.35583
3508,0,1.22125,4.35974,5.58099
3508,1,0,2.47328,2.47328
3508,2,0,2.38563,2.38563
3508,3,0,2.65156,2.65156
3509,0,0.995105,4.26114,5.25625
3509,1,0,2.44922,2.44922
3509,2,0,2.34906,2.34906
3509,3,0,2.3537,2.3537
3510,0,1.03583,4.15927,5.1951
3510,1,0,2.66359,2.66359
3510,2,0,2.37375,2.37375
3510,3,0,2.48036,2.48036
3511,0,1.01776,4.59391,5.61167
3511,1,0,2.68729,2.68729
3511,2,0,2.35995,2.35995
3511,3,0,2.36687,2.36687
3512,0,1.01719,4.19083,5.20802
3512,1,0,2.35005,2.35005
3512,2,0,2.54578,2.54578
3512,3,0,2.41719,2.41719
3513,0,0.870157,4.23974,5.1099
3513,1,0,2.44276,2.44276
3513,2,0,2.38255,2.38255
3513,3,0,2.37771,2.37771
3514,0,0.973281,4.31776,5.29104
3514,1,0,2.41287,2.41287
3514,2,0,2.49787,2.49787
3514,3,0,2.48557,2.48557
3515,0,1.0713,4.51,5.5813
3515,1,0,3.15984,3.15984
3515,2,0,2.55094,2.55094
3515,3,0,2.39953,2.39953
3516,0,0.932135,4.20563,5.13776
3516,1,0,2.53135,2.53135
3516,2,0,2.44563,2.44563
3516,3,0,2.43052,2.43052
3517,0,1.01917,4.25828,5.27745
3517,1,0,2.41911,2.41911
3517,2,0,2.68797,2.68797
3517,3,0,2.37662,2.37662
3518,0,1.02438,4.04969,5.07406
3518,1,0,2.37615,2.37615
3518,2,0,2.34443,2.34443
3518,3,0,2.44422,2.44422
3519,0,0.832812,4.14609,4.97891
3519,1,0,2.41672,2.41672
3519,2,0,2.6999,2.6999
3519,3,0,2.3849,2.3849
3520,0,1.13568,4.33234,5.46802
3520,1,0,2.43922,2.43922
3520,2,0,3.20333,3.20333
3520,3,0,2.65516,2.65516
3521,0,1.15703,4.34859,5.50563
3521,1,0,2.45021,2.45021
3521,2,0,2.50943,2.50943
3521,3,0,2.33557,2.33557
3522,0,0.837187,4.2376,5.07479
3522,1,0,2.44849,2.44849
3522,2,0,2.46052,2.46052
3522,3,0,2.58974,2.58974
3523,0,1.00807,4.23458,5.24266
3523,1,0,2.38547,2.38547
3523,2,0,2.38693,2.38693
3523,3,0,3.16245,3.16245
3524,0,1.09198,4.2474,5.33938
3524,1,0,2.36729,2.36729
3524,2,0,2.34938,2.34938
3524,3,0,2.48646,2.48646
3525,0,0.927344,4.28516,5.2125
3525,1,0,2.35052,2.35052
3525,2,0,3.10562,3.10562
3525,3,0,2.64573,2.64573
3526,0,1.12203,4.48427,5.6063
3526,1,0,2.38146,2.38146
3526,2,0,2.43333,2.43333
3526,3,0,2.51099,2.51099
3527,0,1.19807,4.28755,5.48562
3527,1,0,2.41198,2.41198
3527,2,0,2.3488,2.3488
3527,3,0,2.35406,2.35406
3528,0,1.1113,4.31203,5.42333
3528,1,0,3.15115,3.15115
3528,2,0,2.65344,2.65344
3528,3,0,2.66344,2.66344
3529,0,1.53438,4.20016,5.73453
3529,1,0,2.52734,2.52734
3529,2,0,2.90505,2.90505
3529,3,0,2.6324,2.6324
3530,0,1.21599,4.65417,5.87016
3530,1,0,2.37224,2.37224
3530,2,0,2.37333,2.37333
3530,3,0,2.35953,2.35953
3531,0,1.10104,4.4763,5.57734
3531,1,0,2.50042,2.50042
3531,2,0,2.64521,2.64521
3531,3,0,2.5212,2.5212
3532,0,1.69338,4.20891,5.90229
3532,1,0,2.34568,2.34568
3532,2,0,2.86099,2.86099
3532,3,0,2.54677,2.54677
3533,0,1.15922,4.28807,5.44729
3533,1,0,2.45833,2.45833
3533,2,0,2.49865,2.49865
3533,3,0,2.33219,2.33219
3534,0,1.16818,4.47094,5.63911
3534,1,0,3.26943,3.26943
3534,2,0,2.58713,2.58713
3534,3,0,3.08219,3.08219
3535,0,1.44125,4.69708,6.13833
3535,1,0,2.6851,2.6851
3535,2,0,2.63568,2.63568
3535,3,0,2.59224,2.59224
3536,0,1.09609,4.14177,5.23787
3536,1,0,2.3612,2.3612
3536,2,0,2.35094,2.35094
3536,3,0,2.34229,2.34229
3537,0,0.935677,4.1963,5.13198
3537,1,0,2.3562,2.3562
3537,2,0,2.54875,2.54875
3537,3,0,2.59057,2.59057
3538,0,1.18745,4.17604,5.36349
3538,1,0,2.76187,2.76187
3538,2,0,2.47318,2.47318
3538,3,0,2.94859,2.94859
3539,0,1.16307,4.32224,5.48531
3539,1,0,2.36839,2.36839
3539,2,0,2.34656,2.34656
3539,3,0,2.3338,2.3338
3540,0,0.892239,4.52203,5.41427
3540,1,0,2.49568,2.49568
3540,2,0,2.41312,2.41312
3540,3,0,2.45776,2.45776
3541,0,1.23484,4.43063,5.66547
3541,1,0,2.38646,2.38646
3541,2,0,2.33458,2.33458
3541,3,0,2.37135,2.37135
3542,0,1.20453,4.27255,5.47708
3542,1,0,2.38901,2.38901
3542,2,0,2.39078,2.39078
3542,3,0,2.45786,2.45786
3543,0,0.968594,4.31594,5.28453
3543,1,0,2.34958,2.34958
3543,2,0,2.33474,2.33474
3543,3,0,2.58615,2.58615
3544,0,1.6437,4.29469,5.93839
3544,1,0,2.40057,2.40057
3544,2,0,2.34016,2.34016
3544,3,0,2.92089,2.92089
3545,0,2.25594,4.46802,6.72396
3545,1,0,2.48213,2.48213
3545,2,0,2.34234,2.34234
3545,3,0,2.39292,2.39292
3546,0,0.928542,4.30338,5.23193
3546,1,0,2.34172,2.34172
3546,2,0,2.33312,2.33312
3546,3,0,2.5563,2.5563
3547,0,1.63229,4.20266,5.83495
3547,1,0,2.45318,2.45318
3547,2,0,2.46073,2.46073
3547,3,0,2.83412,2.83412
3548,0,2.57948,4.2201,6.79958
3548,1,0,2.47891,2.47891
3548,2,0,2.35271,2.35271
3548,3,0,2.34385,2.34385
3549,0,0.863438,4.68646,5.5499
3549,1,0,2.35844,2.35844
3549,2,0,2.37026,2.37026
3549,3,0,3.14016,3.14016
3550,0,1.14979,4.23198,5.38177
3550,1,0,2.36609,2.36609
3550,2,0,2.46188,2.46188
3550,3,0,2.83953,2.83953
3551,0,1.52083,4.11609,5.63693
3551,1,0,2.50969,2.50969
3551,2,0,2.41307,2.41307
3551,3,0,2.35354,2.35354
3552,0,0.957448,3.91,4.86745
3552,1,0,2.42625,2.42625
3552,2,0,2.57812,2.57812
3552,3,0,2.35823,2.35823
3553,0,1.92307,4.32792,6.25099
3553,1,0,2.35891,2.35891
3553,2,0,2.4399,2.4399
3553,3,0,2.47297,2.47297
3554,0,1.75646,4.39302,6.14948
3554,1,0,2.37802,2.37802
3554,2,0,2.38839,2.38839
3554,3,0,2.34297,2.34297
3555,0,0.968021,4.11495,5.08297
3555,1,0,2.4749,2.4749
3555,2,0,2.34708,2.34708
3555,3,0,2.46849,2.46849
3556,0,0.887813,4.63813,5.52594
3556,1,0,2.49766,2.49766
3556,2,0,2.38083,2.38083
3556,3,0,2.33214,2.33214
3557,0,1.02448,4.01151,5.03599
3557,1,0,2.54609,2.54609
3557,2,0,2.46698,2.46698
3557,3,0,2.48365,2.48365
3558,0,1.04458,4.19771,5.24229
3558,1,0,2.34391,2.34391
3558,2,0,2.33271,2.33271
3558,3,0,2.33396,2.33396
3559,0,0.810261,4.3301,5.14037
3559,1,0,2.46141,2.46141
3559,2,0,2.62734,2.62734
3559,3,0,2.36901,2.36901
3560,0,1.10349,4.59239,5.69588
3560,1,0,2.47797,2.47797
3560,2,0,2.52125,2.52125
3560,3,0,2.4838,2.4838
3561,0,1.06286,4.24823,5.31109
3561,1,0,2.36198,2.36198
3561,2,0,2.33859,2.33859
3561,3,0,2.33526,2.33526
3562,0,0.865781,4.40458,5.27036
3562,1,0,2.42266,2.42266
3562,2,0,2.58146,2.58146
3562,3,0,2.36437,2.36437
3563,0,1.04109,4.46135,5.50245
3563,1,0,2.3525,2.3525
3563,2,0,2.39536,2.39536
3563,3,0,2.66021,2.66021
3564,0,1.01011,4.54838,5.55849
3564,1,0,2.36323,2.36323
3564,2,0,2.3325,2.3325
3564,3,0,2.61318,2.61318
3565,0,0.871823,4.11,4.98182
3565,1,0,3.10568,3.10568
3565,2,0,2.50604,2.50604
3565,3,0,2.36281,2.36281
3566,0,1.28234,4.30609,5.58844
3566,1,0,2.99005,2.99005
3566,2,0,2.53599,2.53599
3566,3,0,2.75943,2.75943
3567,0,1.04026,4.04568,5.08594
3567,1,0,2.35771,2.35771
3567,2,0,2.49573,2.49573
3567,3,0,2.33646,2.33646
3568,0,0.912656,4.10349,5.01615
3568,1,0,2.34292,2.34292
3568,2,0,2.48594,2.48594
3568,3,0,2.50062,2.50062
3569,0,1.10146,4.52417,5.62563
3569,1,0,2.36208,2.36208
3569,2,0,2.37474,2.37474
3569,3,0,2.39604,2.39604
3570,0,1.14953,4.14271,5.29224
3570,1,0,2.37625,2.37625
3570,2,0,2.39635,2.39635
3570,3,0,2.34948,2.34948
3571,0,0.842344,4.40135,5.2437
3571,1,0,2.38719,2.38719
3571,2,0,2.36833,2.36833
3571,3,0,2.38125,2.38125
3572,0,1.30245,4.17401,5.47646
3572,1,0,2.40995,2.40995
3572,2,0,2.3601,2.3601
3572,3,0,3.37885,3.37885
3573,0,1.1813,4.34839,5.52969
3573,1,0,2.39724,2.39724
3573,2,0,2.79438,2.79438
3573,3,0,2.38896,2.38896
3574,0,1.04526,4.05651,5.10177
3574,1,0,2.40292,2.40292
3574,2,0,2.44687,2.44687
3574,3,0,2.77406,2.77406
3575,0,1.16641,4.58266,5.74906
3575,1,0,2.46693,2.46693
3575,2,0,2.36776,2.36776
3575,3,0,2.65224,2.65224
3576,0,1.21224,4.26734,5.47958
3576,1,0,2.47578,2.47578
3576,2,0,2.37792,2.37792
3576,3,0,2.34641,2.34641
3577,0,1.18635,4.23828,5.42464
3577,1,0,2.37208,2.37208
3577,2,0,2.34917,2.34917
3577,3,0,3.00896,3.00896
3578,0,1.5001,4.29365,5.79375
3578,1,0,2.43625,2.43625
3578,2,0,2.44188,2.44188
3578,3,0,2.65443,2.65443
3579,0,2.20776,4.63177,6.83953
3579,1,0,2.53026,2.53026
3579,2,0,2.40859,2.40859
3579,3,0,2.58542,2.58542
3580,0,1.00885,4.10495,5.1138
3580,1,0,2.83161,2.83161
3580,2,0,2.75208,2.75208
3580,3,0,2.74828,2.74828
3581,0,1.41276,4.26729,5.68005
3581,1,0,2.70271,2.70271
3581,2,0,2.63646,2.63646
3581,3,0,2.83984,2.83984
3582,0,1.29672,4.24625,5.54297
3582,1,0,2.63318,2.63318
3582,2,0,2.57719,2.57719
3582,3,0,2.7625,2.7625
3583,0,0.977344,4.25401,5.23135
3583,1,0,2.5713,2.5713
3583,2,0,2.49995,2.49995
3583,3,0,2.48651,2.48651
3584,0,1.27338,4.32198,5.59536
3584,1,0,2.66245,2.66245
3584,2,0,2.39307,2.39307
3584,3,0,2.42042,2.42042
3585,0,2.14411,4.18797,6.33208
3585,1,0,4.78115,4.78115
3585,2,0,2.54438,2.54438
3585,3,0,2.55135,2.55135
3586,0,4.22088,10.6824,14.9033
3586,1,0,2.77068,2.77068
3586,2,0,2.5151,2.5151
3586,3,0,2.90286,2.90286
3587,0,0.910417,6.07292,6.98333
3587,1,0,2.92604,2.92604
3587,2,0,2.84469,2.84469
3587,3,0,3.84213,3.84213
3588,0,1.15177,5.31651,6.46828
3588,1,0,3.69281,3.69281
3588,2,0,4.24708,4.24708
3588,3,0,2.5587,2.5587
3589,0,0.520989,4.23036,4.75135
3589,1,0,2.45688,2.45688
3589,2,0,2.81255,2.81255
3589,3,0,2.84536,2.84536
3590,0,0.42125,5.36083,5.78208
3590,1,0,3.55885,3.55885
3590,2,0,3.3424,3.3424
3590,3,0,3.14818,3.14818
3591,0,0.510261,4.1999,4.71016
3591,1,0,4.18224,4.18224
3591,2,0,2.61479,2.61479
3591,3,0,3.29969,3.29969
3592,0,0.384844,4.41463,4.79948
3592,1,0,5.82787,5.82787
3592,2,0,3.18714,3.18714
3592,3,0,2.43547,2.43547
3593,0,0.379688,4.10896,4.48865
3593,1,0,3.21208,3.21208
3593,2,0,3.12625,3.12625
3593,3,0,4.89938,4.89938
3594,0,0.386094,5.68818,6.07427
3594,1,0,5.18031,5.18031
3594,2,0,2.16073,2.16073
3594,3,0,2.29719,2.29719
3595,0,0.383281,4.52901,4.91229
3595,1,0,5.00766,5.00766
3595,2,0,2.42255,2.42255
3595,3,0,2.10688,2.10688
3596,0,0.409583,4.61818,5.02776
3596,1,0,5.43177,5.43177
3596,2,0,2.39573,2.39573
3596,3,0,2.90786,2.90786
3597,0,0.484427,4.89219,5.37661
3597,1,0,4.49292,4.49292
3597,2,0,2.185,2.185
3597,3,0,2.93026,2.93026
3598,0,0.538802,6.6074,7.1462
3598,1,0,1.98828,1.98828
3598,2,0,1.94318,1.94318
3598,3,0,2.75297,2.75297
3599,0,0.414791,5.91693,6.33172
3599,1,0,2.03344,2.03344
3599,2,0,2.01052,2.01052
3599,3,0,2.8587,2.8587
3600,0,0.385104,4.33401,4.71911
3600,1,0,4.42511,4.42511
3600,2,0,1.88219,1.88219
3600,3,0,2.61953,2.61953
3601,0,0.51573,3.73969,4.25542
3601,1,0,3.89771,3.89771
3601,2,0,1.8124,1.8124
3601,3,0,1.7751,1.7751
3602,0,0.358646,4.02948,4.38812
3602,1,0,4.44135,4.44135
3602,2,0,1.8301,1.8301
3602,3,0,1.98349,1.98349
3603,0,0.388854,3.81042,4.19927
3603,1,0,1.93052,1.93052
3603,2,0,4.72052,4.72052
3603,3,0,2.01464,2.01464
3604,0,0.575573,3.98391,4.55948
3604,1,0,1.96417,1.96417
3604,2,0,3.88969,3.88969
3604,3,0,2.67052,2.67052
3605,0,0.398333,3.47823,3.87656
3605,1,0,2.8774,2.8774
3605,2,0,4.66417,4.66417
3605,3,0,2.09083,2.09083
3606,0,0.37276,3.42089,3.79365
3606,1,0,2.55422,2.55422
3606,2,0,1.8975,1.8975
3606,3,0,4.62307,4.62307
3607,0,0.438281,3.35109,3.78938
3607,1,0,1.83026,1.83026
3607,2,0,2.55005,2.55005
3607,3,0,4.47083,4.47083
3608,0,0.382552,3.23849,3.62104
3608,1,0,2.04688,2.04688
3608,2,0,2.55911,2.55911
3608,3,0,2.13089,2.13089
3609,0,0.420937,5.6149,6.03583
3609,1,0,1.83443,1.83443
3609,2,0,2.09208,2.09208
3609,3,0,2.73755,2.73755
3610,0,0.547813,4.02042,4.56823
3610,1,0,3.82208,3.82208
3610,2,0,1.81932,1.81932
3610,3,0,2.7175,2.7175
3611,0,0.50526,3.87984,4.3851
3611,1,0,3.90516,3.90516
3611,2,0,1.86219,1.86219
3611,3,0,1.95708,1.95708
3612,0,0.37625,3.82422,4.20047
3612,1,0,4.4063,4.4063
3612,2,0,1.83068,1.83068
3612,3,0,1.80885,1.80885
3613,0,0.402552,4.59661,4.99917
3613,1,0,4.71354,4.71354
3613,2,0,2.1951,2.1951
3613,3,0,2.13125,2.13125
3614,0,0.392553,4.45161,4.84417
3614,1,0,4.64344,4.64344
3614,2,0,1.97792,1.97792
3614,3,0,1.93135,1.93135
3615,0,0.431823,3.88719,4.31901
3615,1,0,1.86427,1.86427
3615,2,0,4.69344,4.69344
3615,3,0,1.9237,1.9237
3616,0,0.475938,5.06948,5.54542
3616,1,0,2.4151,2.4151
3616,2,0,4.29875,4.29875
3616,3,0,1.8626,1.8626
3617,0,0.453437,3.91625,4.36969
3617,1,0,2.00109,2.00109
3617,2,0,2.45865,2.45865
3617,3,0,4.11448,4.11448
3618,0,0.412344,3.57672,3.98906
3618,1,0,2.54047,2.54047
3618,2,0,1.85406,1.85406
3618,3,0,4.57792,4.57792
3619,0,0.437188,3.82057,4.25776
3619,1,0,2.85672,2.85672
3619,2,0,1.89115,1.89115
3619,3,0,4.74885,4.74885
3620,0,0.490312,3.62224,4.11255
3620,1,0,2.54359,2.54359
3620,2,0,2.03177,2.03177
3620,3,0,5.25453,5.25453
3621,0,0.502552,3.14609,3.64865
3621,1,0,2.51812,2.51812
3621,2,0,1.8612,1.8612
3621,3,0,2.62042,2.62042
3622,0,0.767448,4.68287,5.45031
3622,1,0,1.85536,1.85536
3622,2,0,1.86391,1.86391
3622,3,0,2.68609,2.68609
3623,0,0.415,6.17833,6.59333
3623,1,0,1.83661,1.83661
3623,2,0,1.81031,1.81031
3623,3,0,2.80583,2.80583
3624,0,0.42125,4.5175,4.93875
3624,1,0,3.86849,3.86849
3624,2,0,1.845,1.845
3624,3,0,1.82135,1.82135
3625,0,0.451354,3.48609,3.93745
3625,1,0,5.10052,5.10052
3625,2,0,1.84714,1.84714
3625,3,0,1.80849,1.80849
3626,0,0.342292,4.08458,4.42687
3626,1,0,2.625,2.625
3626,2,0,3.89917,3.89917
3626,3,0,1.82807,1.82807
3627,0,0.455052,4.27359,4.72865
3627,1,0,2.69859,2.69859
3627,2,0,3.88729,3.88729
3627,3,0,1.8213,1.8213
3628,0,0.453542,4.23151,4.68505
3628,1,0,1.8726,1.8726
3628,2,0,2.90953,2.90953
3628,3,0,4.01057,4.01057
3629,0,0.510156,4.07328,4.58344
3629,1,0,1.82198,1.82198
3629,2,0,2.60542,2.60542
3629,3,0,3.91193,3.91193
3630,0,0.528333,3.18662,3.71495
3630,1,0,2.72104,2.72104
3630,2,0,1.97885,1.97885
3630,3,0,2.63563,2.63563
3631,0,0.5725,4.70224,5.27474
3631,1,0,1.79885,1.79885
3631,2,0,2.71859,2.71859
3631,3,0,2.95849,2.95849
3632,0,0.535313,4.80937,5.34469
3632,1,0,1.82703,1.82703
3632,2,0,2.61693,2.61693
3632,3,0,1.80474,1.80474
3633,0,0.384635,5.94083,6.32547
3633,1,0,2.02328,2.02328
3633,2,0,1.83489,1.83489
3633,3,0,2.84646,2.84646
3634,0,0.404531,4.00375,4.40828
3634,1,0,3.90505,3.90505
3634,2,0,1.81818,1.81818
3634,3,0,2.74625,2.74625
3635,0,0.732969,4.01318,4.74615
3635,1,0,3.93198,3.93198
3635,2,0,1.80563,1.80563
3635,3,0,2.01193,2.01193
3636,0,0.444323,3.44542,3.88974
3636,1,0,4.79505,4.79505
3636,2,0,1.80172,1.80172
3636,3,0,1.8537,1.8537
3637,0,0.431979,4.14234,4.57432
3637,1,0,2.61365,2.61365
3637,2,0,3.89766,3.89766
3637,3,0,1.80635,1.80635
3638,0,0.42974,4.44932,4.87906
3638,1,0,1.93385,1.93385
3638,2,0,4.72979,4.72979
3638,3,0,1.79583,1.79583
3639,0,0.452031,4.28766,4.73969
3639,1,0,1.81068,1.81068
3639,2,0,4.63193,4.63193
3639,3,0,1.85943,1.85943
3640,0,0.50875,3.27906,3.78781
3640,1,0,2.61141,2.61141
3640,2,0,2.59427,2.59427
3640,3,0,3.9288,3.9288
3641,0,0.52,3.47464,3.99464
3641,1,0,1.90292,1.90292
3641,2,0,2.44786,2.44786
3641,3,0,2.62146,2.62146
3642,0,0.407864,5.09099,5.49885
3642,1,0,1.80781,1.80781
3642,2,0,2.60323,2.60323
3642,3,0,1.82359,1.82359
3643,0,0.50349,5.99255,6.49604
3643,1,0,1.85536,1.85536
3643,2,0,2.62969,2.62969
3643,3,0,1.82943,1.82943
3644,0,0.388333,5.98943,6.37776
3644,1,0,2.0637,2.0637
3644,2,0,1.89979,1.89979
3644,3,0,2.68073,2.68073
3645,0,0.415468,4.02234,4.43781
3645,1,0,3.91865,3.91865
3645,2,0,1.77141,1.77141
3645,3,0,1.7725,1.7725
3646,0,0.530834,3.38911,3.91995
3646,1,0,4.67563,4.67563
3646,2,0,2.6424,2.6424
3646,3,0,1.76521,1.76521
3647,0,0.352656,4.16594,4.51859
3647,1,0,4.7112,4.7112
3647,2,0,2.16156,2.16156
3647,3,0,1.78453,1.78453
3648,0,0.361667,4.21469,4.57635
3648,1,0,2.58302,2.58302
3648,2,0,3.90276,3.90276
3648,3,0,1.77073,1.77073
3649,0,0.345885,4.1263,4.47219
3649,1,0,1.80865,1.80865
3649,2,0,4.81474,4.81474
3649,3,0,1.82495,1.82495
3650,0,0.349791,3.09068,3.44047
3650,1,0,2.60526,2.60526
3650,2,0,1.87104,1.87104
3650,3,0,5.04458,5.04458
3651,0,0.503386,3.26557,3.76896
3651,1,0,2.6438,2.6438
3651,2,0,1.84005,1.84005
3651,3,0,4.61219,4.61219
3652,0,0.480625,3.30667,3.78729
3652,1,0,1.84807,1.84807
3652,2,0,2.45448,2.45448
3652,3,0,2.73854,2.73854
3653,0,0.434166,4.92781,5.36198
3653,1,0,1.79542,1.79542
3653,2,0,2.58073,2.58073
3653,3,0,1.96031,1.96031
3654,0,0.465573,4.39771,4.86328
3654,1,0,3.95938,3.95938
3654,2,0,1.97932,1.97932
3654,3,0,2.37484,2.37484
3655,0,0.359115,3.95937,4.31849
3655,1,0,3.94031,3.94031
3655,2,0,1.7975,1.7975
3655,3,0,2.8,2.8
3656,0,0.892448,4.11031,5.00276
3656,1,0,3.91615,3.91615
3656,2,0,1.78573,1.78573
3656,3,0,1.77328,1.77328
3657,0,0.849427,3.44677,4.2962
3657,1,0,4.91974,4.91974
3657,2,0,1.86563,1.86563
3657,3,0,1.7726,1.7726
3658,0,0.456719,4.34688,4.80359
3658,1,0,4.58349,4.58349
3658,2,0,1.86964,1.86964
3658,3,0,1.79365,1.79365
3659,0,0.459166,4.49391,4.95307
3659,1,0,2.69724,2.69724
3659,2,0,3.89214,3.89214
3659,3,0,1.7949,1.7949
3660,0,0.348229,4.21766,4.56589
3660,1,0,2.41406,2.41406
3660,2,0,4.4838,4.4838
3660,3,0,1.77969,1.77969
3661,0,0.390521,4.03021,4.42073
3661,1,0,1.91995,1.91995
3661,2,0,4.57453,4.57453
3661,3,0,1.82057,1.82057
3662,0,0.488542,3.77542,4.26396
3662,1,0,2.51542,2.51542
3662,2,0,2.63302,2.63302
3662,3,0,3.90583,3.90583
3663,0,0.372083,3.33271,3.70479
3663,1,0,2.95609,2.95609
3663,2,0,1.92604,1.92604
3663,3,0,4.82885,4.82885
3664,0,0.397552,3.2149,3.61245
3664,1,0,1.82807,1.82807
3664,2,0,2.37292,2.37292
3664,3,0,2.56724,2.56724
3665,0,0.398907,4.87333,5.27224
3665,1,0,1.85182,1.85182
3665,2,0,1.81755,1.81755
3665,3,0,2.35797,2.35797
3666,0,0.487604,4.01276,4.50036
3666,1,0,3.97453,3.97453
3666,2,0,1.95661,1.95661
3666,3,0,2.79901,2.79901
3667,0,0.511094,4.05125,4.56234
3667,1,0,3.88583,3.88583
3667,2,0,1.79719,1.79719
3667,3,0,1.78635,1.78635
3668,0,0.536302,5.14698,5.68328
3668,1,0,4.01021,4.01021
3668,2,0,1.85969,1.85969
3668,3,0,1.80047,1.80047
3669,0,0.471719,4.30552,4.77724
3669,1,0,4.74203,4.74203
3669,2,0,1.92354,1.92354
3669,3,0,2.31188,2.31188
3670,0,1.44995,4.00193,5.45188
3670,1,0,4.44443,4.44443
3670,2,0,1.81438,1.81438
3670,3,0,1.74573,1.74573
3671,0,0.345261,4.11083,4.45609
3671,1,0,4.67594,4.67594
3671,2,0,1.88021,1.88021
3671,3,0,1.82838,1.82838
3672,0,0.56625,4.70698,5.27323
3672,1,0,4.64995,4.64995
3672,2,0,2.7751,2.7751
3672,3,0,2.01974,2.01974
3673,0,0.493334,4.32745,4.82078
3673,1,0,2.63917,2.63917
3673,2,0,4.76979,4.76979
3673,3,0,1.92203,1.92203
3674,0,0.566459,4.13187,4.69833
3674,1,0,5.50229,5.50229
3674,2,0,1.82354,1.82354
3674,3,0,1.77323,1.77323
3675,0,0.327188,4.01844,4.34563
3675,1,0,5.57958,5.57958
3675,2,0,1.9076,1.9076
3675,3,0,1.77911,1.77911
3676,0,0.365417,4.25255,4.61797
3676,1,0,5.25521,5.25521
3676,2,0,1.80688,1.80688
3676,3,0,1.75505,1.75505
3677,0,0.34849,4.26667,4.61516
3677,1,0,2.6774,2.6774
3677,2,0,4.6075,4.6075
3677,3,0,1.80953,1.80953
3678,0,0.354948,4.01719,4.37214
3678,1,0,1.86568,1.86568
3678,2,0,5.78891,5.78891
3678,3,0,1.83865,1.83865
3679,0,0.397239,3.91047,4.30771
3679,1,0,1.79922,1.79922
3679,2,0,5.53568,5.53568
3679,3,0,1.77047,1.77047
3680,0,0.359323,3.9663,4.32562
3680,1,0,2.08141,2.08141
3680,2,0,5.71974,5.71974
3680,3,0,1.815,1.815
3681,0,0.463438,4.12156,4.585
3681,1,0,1.8774,1.8774
3681,2,0,2.91063,2.91063
3681,3,0,4.69656,4.69656
3682,0,0.482812,4.03339,4.5162
3682,1,0,1.82078,1.82078
3682,2,0,5.54786,5.54786
3682,3,0,1.82208,1.82208
3683,0,0.366458,4.47854,4.845
3683,1,0,1.88823,1.88823
3683,2,0,5.86807,5.86807
3683,3,0,1.81052,1.81052
3684,0,0.458334,4.95172,5.41005
3684,1,0,3.17948,3.17948
3684,2,0,4.65193,4.65193
3684,3,0,1.81745,1.81745
3685,0,0.45875,4.2675,4.72625
3685,1,0,5.81385,5.81385
3685,2,0,1.79635,1.79635
3685,3,0,1.82208,1.82208
3686,0,0.518021,5.61833,6.13635
3686,1,0,4.59193,4.59193
3686,2,0,1.83974,1.83974
3686,3,0,2.20703,2.20703
3687,0,0.778385,4.93922,5.7176
3687,1,0,4.63875,4.63875
3687,2,0,1.79302,1.79302
3687,3,0,2.92646,2.92646
3688,0,0.378698,4.62651,5.00521
3688,1,0,4.69177,4.69177
3688,2,0,1.85521,1.85521
3688,3,0,3.00156,3.00156
3689,0,0.470052,4.45568,4.92573
3689,1,0,4.59594,4.59594
3689,2,0,1.94036,1.94036
3689,3,0,3.40531,3.40531
3690,0,0.48276,6.81833,7.30109
3690,1,0,1.80234,1.80234
3690,2,0,1.77875,1.77875
3690,3,0,2.72318,2.72318
3691,0,0.514114,6.93458,7.4487
3691,1,0,1.92287,1.92287
3691,2,0,1.90167,1.90167
3691,3,0,2.69005,2.69005
3692,0,0.513125,6.90109,7.41422
3692,1,0,2.05589,2.05589
3692,2,0,3.13708,3.13708
3692,3,0,1.87802,1.87802
3693,0,0.525833,6.67958,7.20542
3693,1,0,1.77755,1.77755
3693,2,0,2.92875,2.92875
3693,3,0,1.82672,1.82672
3694,0,0.388802,6.75833,7.14713
3694,1,0,1.82714,1.82714
3694,2,0,2.92875,2.92875
3694,3,0,1.83943,1.83943
3695,0,0.391979,6.99094,7.38292
3695,1,0,1.89427,1.89427
3695,2,0,3.08391,3.08391
3695,3,0,1.90307,1.90307
3696,0,0.527969,6.51057,7.03854
3696,1,0,1.79682,1.79682
3696,2,0,2.92964,2.92964
3696,3,0,1.81062,1.81062
3697,0,0.420364,7.22943,7.64979
3697,1,0,1.88068,1.88068
3697,2,0,2.95823,2.95823
3697,3,0,1.85713,1.85713
3698,0,0.738854,6.81031,7.54917
3698,1,0,1.86781,1.86781
3698,2,0,2.99052,2.99052
3698,3,0,1.82391,1.82391
3699,0,0.725209,6.44438,7.16958
3699,1,0,1.78214,1.78214
3699,2,0,2.95141,2.95141
3699,3,0,1.85813,1.85813
3700,0,1.36042,6.12146,7.48187
3700,1,0,1.78802,1.78802
3700,2,0,2.92078,2.92078
3700,3,0,2.45318,2.45318
3701,0,0.613177,6.29307,6.90625
3701,1,0,1.84136,1.84136
3701,2,0,3.02802,3.02802
3701,3,0,2.98839,2.98839
3702,0,0.571771,5.66276,6.23453
3702,1,0,1.82094,1.82094
3702,2,0,3.03422,3.03422
3702,3,0,3.06026,3.06026
3703,0,0.609115,5.94755,6.55667
3703,1,0,3.03521,3.03521
3703,2,0,2.3588,2.3588
3703,3,0,3.24182,3.24182
3704,0,0.439948,5.6538,6.09375
3704,1,0,2.93635,2.93635
3704,2,0,1.79698,1.79698
3704,3,0,5.90818,5.90818
3705,0,0.361197,3.21974,3.58094
3705,1,0,3.2375,3.2375
3705,2,0,3.00073,3.00073
3705,3,0,4.68328,4.68328
3706,0,0.363854,4.4638,4.82766
3706,1,0,1.88312,1.88312
3706,2,0,3.2362,3.2362
3706,3,0,4.68187,4.68187
3707,0,0.362864,4.66937,5.03224
3707,1,0,2.96463,2.96463
3707,2,0,4.7063,4.7063
3707,3,0,1.80057,1.80057
3708,0,0.626198,4.32953,4.95573
3708,1,0,2.97448,2.97448
3708,2,0,4.68307,4.68307
3708,3,0,1.81193,1.81193
3709,0,0.511667,4.65724,5.16891
3709,1,0,6.12995,6.12995
3709,2,0,1.80146,1.80146
3709,3,0,1.75729,1.75729
3710,0,0.77625,3.80943,4.58568
3710,1,0,5.85172,5.85172
3710,2,0,1.88062,1.88062
3710,3,0,1.82896,1.82896
3711,0,0.562188,5.08365,5.64583
3711,1,0,4.68781,4.68781
3711,2,0,1.88266,1.88266
3711,3,0,1.97844,1.97844
3712,0,0.688542,5.11922,5.80776
3712,1,0,4.72594,4.72594
3712,2,0,1.79448,1.79448
3712,3,0,2.92573,2.92573
3713,0,0.480053,4.445,4.92505
3713,1,0,4.64818,4.64818
3713,2,0,1.82057,1.82057
3713,3,0,2.97187,2.97187
3714,0,0.502916,4.23792,4.74083
3714,1,0,4.71307,4.71307
3714,2,0,2.12391,2.12391
3714,3,0,3.03776,3.03776
3715,0,0.545416,4.36312,4.90854
3715,1,0,4.58745,4.58745
3715,2,0,2.94203,2.94203
3715,3,0,1.83146,1.83146
3716,0,0.439167,6.71771,7.15688
3716,1,0,1.84953,1.84953
3716,2,0,1.80219,1.80219
3716,3,0,2.85698,2.85698
3717,0,0.52375,6.76385,7.2876
3717,1,0,2.03958,2.03958
3717,2,0,1.84136,1.84136
3717,3,0,2.87729,2.87729
3718,0,0.559167,7.32563,7.88479
3718,1,0,1.81099,1.81099
3718,2,0,2.96214,2.96214
3718,3,0,1.85906,1.85906
3719,0,0.513229,6.68302,7.19625
3719,1,0,1.83078,1.83078
3719,2,0,2.94568,2.94568
3719,3,0,1.8126,1.8126
3720,0,0.496875,6.88162,7.37849
3720,1,0,1.83927,1.83927
3720,2,0,3.03604,3.03604
3720,3,0,1.85885,1.85885
3721,0,0.695886,6.49729,7.19318
3721,1,0,1.78021,1.78021
3721,2,0,2.95109,2.95109
3721,3,0,1.82078,1.82078
3722,0,1.07313,6.43875,7.51187
3722,1,0,1.80703,1.80703
3722,2,0,2.93958,2.93958
3722,3,0,1.96073,1.96073
3723,0,0.589896,7.01839,7.60828
3723,1,0,1.87245,1.87245
3723,2,0,2.97375,2.97375
3723,3,0,2.96755,2.96755
3724,0,0.413125,5.81906,6.23219
3724,1,0,1.8012,1.8012
3724,2,0,3.02323,3.02323
3724,3,0,3.09104,3.09104
3725,0,0.669375,5.40172,6.07109
3725,1,0,1.78526,1.78526
3725,2,0,3.01323,3.01323
3725,3,0,3.19417,3.19417
3726,0,0.507761,6.12094,6.6287
3726,1,0,2.94839,2.94839
3726,2,0,1.85771,1.85771
3726,3,0,5.82667,5.82667
3727,0,0.479948,3.23688,3.71682
3727,1,0,3.05578,3.05578
3727,2,0,1.84896,1.84896
3727,3,0,5.84656,5.84656
3728,0,0.49724,3.20328,3.70052
3728,1,0,3.05703,3.05703
3728,2,0,3.36297,3.36297
3728,3,0,4.68531,4.68531
3729,0,0.496979,5.22292,5.7199
3729,1,0,2.9313,2.9313
3729,2,0,4.72958,4.72958
3729,3,0,1.80745,1.80745
3730,0,0.475,4.3512,4.8262
3730,1,0,3.00344,3.00344
3730,2,0,4.59896,4.59896
3730,3,0,1.81526,1.81526
3731,0,0.587969,4.63812,5.22609
3731,1,0,3.03667,3.03667
3731,2,0,4.66115,4.66115
3731,3,0,1.80182,1.80182
3732,0,0.464271,5.68781,6.15208
3732,1,0,4.70542,4.70542
3732,2,0,1.85281,1.85281
3732,3,0,1.86005,1.86005
3733,0,0.55823,5.03615,5.59438
3733,1,0,4.67432,4.67432
3733,2,0,1.84161,1.84161
3733,3,0,1.95135,1.95135
3734,0,0.693021,5.02068,5.7137
3734,1,0,4.71255,4.71255
3734,2,0,1.80708,1.80708
3734,3,0,2.92458,2.92458
3735,0,0.540833,4.43224,4.97307
3735,1,0,4.70234,4.70234
3735,2,0,1.83401,1.83401
3735,3,0,2.97818,2.97818
3736,0,0.389896,4.375,4.7649
3736,1,0,4.67401,4.67401
3736,2,0,2.06797,2.06797
3736,3,0,3.12141,3.12141
3737,0,0.523803,4.63661,5.16042
3737,1,0,4.76047,4.76047
3737,2,0,2.96156,2.96156
3737,3,0,1.92427,1.92427
3738,0,0.693958,6.58703,7.28099
3738,1,0,1.83396,1.83396
3738,2,0,2.97646,2.97646
3738,3,0,1.80266,1.80266
3739,0,0.717708,6.92547,7.64318
3739,1,0,1.91052,1.91052
3739,2,0,3.06208,3.06208
3739,3,0,3.00859,3.00859
3740,0,0.434167,5.72193,6.15609
3740,1,0,1.77922,1.77922
3740,2,0,2.93078,2.93078
3740,3,0,2.98156,2.98156
3741,0,0.407812,6.15276,6.56057
3741,1,0,1.81719,1.81719
3741,2,0,2.80969,2.80969
3741,3,0,5.01391,5.01391
3742,0,0.442032,4.1913,4.63333
3742,1,0,3.09734,3.09734
3742,2,0,1.84005,1.84005
3742,3,0,4.92589,4.92589
3743,0,0.417605,3.25052,3.66812
3743,1,0,1.75297,1.75297
3743,2,0,2.79443,2.79443
3743,3,0,3.02344,3.02344
3744,0,0.477813,5.58641,6.06422
3744,1,0,1.78438,1.78438
3744,2,0,2.93286,2.93286
3744,3,0,2.98911,2.98911
3745,0,0.504584,5.87677,6.38136
3745,1,0,1.84411,1.84411
3745,2,0,2.9987,2.9987
3745,3,0,2.96156,2.96156
3746,0,0.426771,5.68661,6.11339
3746,1,0,1.77969,1.77969
3746,2,0,2.7999,2.7999
3746,3,0,3.04047,3.04047
3747,0,0.434167,5.75297,6.18713
3747,1,0,1.76729,1.76729
3747,2,0,2.97943,2.97943
3747,3,0,3.16766,3.16766
3748,0,0.593802,5.63307,6.22687
3748,1,0,2.94266,2.94266
3748,2,0,1.79047,1.79047
3748,3,0,4.95281,4.95281
3749,0,0.369687,3.8499,4.21958
3749,1,0,2.99479,2.99479
3749,2,0,1.93354,1.93354
3749,3,0,3.00781,3.00781
3750,0,0.402708,5.64682,6.04953
3750,1,0,2.99333,2.99333
3750,2,0,1.86161,1.86161
3750,3,0,3.23068,3.23068
3751,0,0.531198,5.53453,6.06573
3751,1,0,2.93526,2.93526
3751,2,0,1.83542,1.83542
3751,3,0,4.94318,4.94318
3752,0,0.381146,3.84531,4.22646
3752,1,0,3.01948,3.01948
3752,2,0,1.89693,1.89693
3752,3,0,5.82677,5.82677
3753,0,0.374687,3.33406,3.70875
3753,1,0,3.11682,3.11682
3753,2,0,3.34005,3.34005
3753,3,0,4.77505,4.77505
3754,0,0.375365,4.40463,4.78
3754,1,0,1.80333,1.80333
3754,2,0,4.95885,4.95885
3754,3,0,2.6013,2.6013
3755,0,0.387396,4.68917,5.07656
3755,1,0,1.83844,1.83844
3755,2,0,5.90719,5.90719
3755,3,0,1.79021,1.79021
3756,0,0.455938,4.90104,5.35698
3756,1,0,3.03953,3.03953
3756,2,0,4.73604,4.73604
3756,3,0,1.78005,1.78005
3757,0,0.360364,4.43505,4.79542
3757,1,0,2.95562,2.95562
3757,2,0,4.70401,4.70401
3757,3,0,1.83229,1.83229
3758,0,0.37151,4.41042,4.78193
3758,1,0,5.96417,5.96417
3758,2,0,1.90807,1.90807
3758,3,0,2.03536,2.03536
3759,0,0.454011,5.22755,5.68156
3759,1,0,4.71505,4.71505
3759,2,0,1.79604,1.79604
3759,3,0,1.76713,1.76713
3760,0,0.388437,3.77057,4.15901
3760,1,0,5.87594,5.87594
3760,2,0,1.85656,1.85656
3760,3,0,1.79417,1.79417
3761,0,0.389687,5.34479,5.73448
3761,1,0,4.75156,4.75156
3761,2,0,2.01432,2.01432
3761,3,0,3.05932,3.05932
3762,0,0.383958,4.50052,4.88448
3762,1,0,4.60203,4.60203
3762,2,0,1.77156,1.77156
3762,3,0,2.98411,2.98411
3763,0,0.376354,4.21271,4.58906
3763,1,0,4.72813,4.72813
3763,2,0,1.8051,1.8051
3763,3,0,2.91912,2.91912
3764,0,0.374062,4.34427,4.71833
3764,1,0,4.90458,4.90458
3764,2,0,1.82203,1.82203
3764,3,0,3.06792,3.06792
3765,0,0.385209,4.30651,4.69172
3765,1,0,4.60583,4.60583
3765,2,0,1.78453,1.78453
3765,3,0,2.9451,2.9451
3766,0,0.396927,4.55719,4.95411
3766,1,0,4.60922,4.60922
3766,2,0,2.95135,2.95135
3766,3,0,1.81641,1.81641
3767,0,0.406563,7.58739,7.99396
3767,1,0,1.87563,1.87563
3767,2,0,2.98198,2.98198
3767,3,0,1.8137,1.8137
3768,0,0.699115,6.53724,7.23635
3768,1,0,1.76807,1.76807
3768,2,0,2.97531,2.97531
3768,3,0,1.84396,1.84396
3769,0,1.33662,6.0475,7.38412
3769,1,0,1.79838,1.79838
3769,2,0,2.92,2.92
3769,3,0,2.32787,2.32787
3770,0,0.582187,6.62516,7.20734
3770,1,0,1.84823,1.84823
3770,2,0,2.94984,2.94984
3770,3,0,2.97099,2.97099
3771,0,0.427656,5.99365,6.4213
3771,1,0,1.7912,1.7912
3771,2,0,3.06323,3.06323
3771,3,0,3.00422,3.00422
3772,0,0.434479,5.59729,6.03177
3772,1,0,1.78979,1.78979
3772,2,0,3.01594,3.01594
3772,3,0,3.16349,3.16349
3773,0,0.495157,5.68938,6.18453
3773,1,0,1.7675,1.7675
3773,2,0,2.73385,2.73385
3773,3,0,2.92266,2.92266
3774,0,0.418021,5.6113,6.02932
3774,1,0,1.77464,1.77464
3774,2,0,3.04974,3.04974
3774,3,0,2.98797,2.98797
3775,0,0.474584,5.87859,6.35318
3775,1,0,1.78703,1.78703
3775,2,0,3.03057,3.03057
3775,3,0,3.2138,3.2138
3776,0,0.441042,5.74245,6.18349
3776,1,0,2.91297,2.91297
3776,2,0,1.76432,1.76432
3776,3,0,2.92203,2.92203
3777,0,0.387291,5.705,6.09229
3777,1,0,3.02156,3.02156
3777,2,0,1.80182,1.80182
3777,3,0,2.93016,2.93016
3778,0,0.416875,5.58099,5.99787
3778,1,0,1.85151,1.85151
3778,2,0,3.17099,3.17099
3778,3,0,3.06917,3.06917
3779,0,0.499844,5.58323,6.08307
3779,1,0,2.94479,2.94479
3779,2,0,1.79802,1.79802
3779,3,0,2.90771,2.90771
3780,0,0.48474,5.82713,6.31187
3780,1,0,2.99849,2.99849
3780,2,0,1.83172,1.83172
3780,3,0,2.96901,2.96901
3781,0,0.417344,5.70812,6.12547
3781,1,0,3.3937,3.3937
3781,2,0,1.85953,1.85953
3781,3,0,3.03781,3.03781
3782,0,0.485,5.80604,6.29104
3782,1,0,3.05818,3.05818
3782,2,0,1.9899,1.9899
3782,3,0,5.59833,5.59833
3783,0,0.40276,3.17974,3.5825
3783,1,0,2.94599,2.94599
3783,2,0,2.92568,2.92568
3783,3,0,4.7175,4.7175
3784,0,0.419375,3.25141,3.67078
3784,1,0,3.03568,3.03568
3784,2,0,2.99547,2.99547
3784,3,0,4.68875,4.68875
3785,0,0.363594,4.29385,4.65745
3785,1,0,1.78188,1.78188
3785,2,0,2.95391,2.95391
3785,3,0,4.82984,4.82984
3786,0,0.382187,4.59406,4.97625
3786,1,0,1.81542,1.81542
3786,2,0,2.9488,2.9488
3786,3,0,4.94995,4.94995
3787,0,0.415989,4.58724,5.00323
3787,1,0,2.95411,2.95411
3787,2,0,4.70094,4.70094
3787,3,0,1.76292,1.76292
3788,0,0.351563,4.4363,4.78787
3788,1,0,3.01156,3.01156
3788,2,0,4.76781,4.76781
3788,3,0,1.80734,1.80734
3789,0,0.362292,4.28792,4.65021
3789,1,0,3.06026,3.06026
3789,2,0,4.98193,4.98193
3789,3,0,1.81932,1.81932
3790,0,0.960677,5.33271,6.29339
3790,1,0,4.70552,4.70552
3790,2,0,1.79495,1.79495
3790,3,0,2.89333,2.89333
3791,0,0.36875,4.56812,4.93687
3791,1,0,4.69542,4.69542
3791,2,0,1.78292,1.78292
3791,3,0,2.92432,2.92432
3792,0,0.398646,4.49068,4.88932
3792,1,0,4.7726,4.7726
3792,2,0,1.82828,1.82828
3792,3,0,2.93896,2.93896
3793,0,0.377344,4.2875,4.66484
3793,1,0,4.58849,4.58849
3793,2,0,1.78333,1.78333
3793,3,0,3.03474,3.03474
3794,0,0.525573,4.46755,4.99313
3794,1,0,4.60286,4.60286
3794,2,0,2.93479,2.93479
3794,3,0,1.86802,1.86802
3795,0,0.449218,4.6737,5.12292
3795,1,0,4.76141,4.76141
3795,2,0,1.78974,1.78974
3795,3,0,2.72443,2.72443
3796,0,0.413593,6.92156,7.33516
3796,1,0,1.80073,1.80073
3796,2,0,3.12401,3.12401
3796,3,0,1.87484,1.87484
3797,0,0.493281,7.00115,7.49443
3797,1,0,1.78776,1.78776
3797,2,0,3.03026,3.03026
3797,3,0,3.26833,3.26833
3798,0,0.464583,5.73651,6.20109
3798,1,0,1.78047,1.78047
3798,2,0,3.10266,3.10266
3798,3,0,2.94401,2.94401
3799,0,0.403541,5.83969,6.24323
3799,1,0,1.84609,1.84609
3799,2,0,3.04797,3.04797
3799,3,0,3.02948,3.02948
3800,0,0.434323,5.8137,6.24802
3800,1,0,1.84292,1.84292
3800,2,0,3.02724,3.02724
3800,3,0,3.06427,3.06427
3801,0,0.508646,5.85161,6.36026
3801,1,0,2.95214,2.95214
3801,2,0,1.79385,1.79385
3801,3,0,5.01714,5.01714
3802,0,0.410104,3.7813,4.19141
3802,1,0,3.00031,3.00031
3802,2,0,1.82859,1.82859
3802,3,0,2.94115,2.94115
3803,0,0.430781,5.76156,6.19234
3803,1,0,3.26016,3.26016
3803,2,0,1.83448,1.83448
3803,3,0,3.02792,3.02792
3804,0,0.402396,5.74922,6.15161
3804,1,0,2.92578,2.92578
3804,2,0,1.7662,1.7662
3804,3,0,5.89844,5.89844
3805,0,0.444948,3.51948,3.96443
3805,1,0,2.95698,2.95698
3805,2,0,3.00995,3.00995
3805,3,0,4.73021,4.73021
3806,0,0.428437,4.55375,4.98219
3806,1,0,1.86156,1.86156
3806,2,0,3.01672,3.01672
3806,3,0,4.70625,4.70625
3807,0,0.373958,4.18187,4.55583
3807,1,0,1.80047,1.80047
3807,2,0,2.98443,2.98443
3807,3,0,4.84135,4.84135
3808,0,0.398021,4.28276,4.68078
3808,1,0,3.00656,3.00656
3808,2,0,3.96844,3.96844
3808,3,0,2.6576,2.6576
3809,0,0.420052,4.53615,4.9562
3809,1,0,2.99641,2.99641
3809,2,0,4.67432,4.67432
3809,3,0,1.77833,1.77833
3810,0,0.376354,4.36891,4.74526
3810,1,0,2.98245,2.98245
3810,2,0,4.78755,4.78755
3810,3,0,1.80812,1.80812
3811,0,0.367344,4.35213,4.71948
3811,1,0,5.34365,5.34365
3811,2,0,2.47703,2.47703
3811,3,0,1.79245,1.79245
3812,0,0.952343,4.90823,5.86057
3812,1,0,4.66833,4.66833
3812,2,0,1.77677,1.77677
3812,3,0,1.75557,1.75557
3813,0,0.377447,3.95698,4.33443
3813,1,0,2.91422,2.91422
3813,2,0,4.58276,4.58276
3813,3,0,1.7888,1.7888
3814,0,0.347969,5.65964,6.0076
3814,1,0,5.04385,5.04385
3814,2,0,1.83937,1.83937
3814,3,0,2.995,2.995
3815,0,0.397969,4.42755,4.82552
3815,1,0,4.70396,4.70396
3815,2,0,1.7588,1.7588
3815,3,0,2.93469,2.93469
3816,0,0.371822,4.84011,5.21193
3816,1,0,4.51594,4.51594
3816,2,0,1.77823,1.77823
3816,3,0,2.92948,2.92948
3817,0,0.96599,4.63021,5.5962
3817,1,0,4.65552,4.65552
3817,2,0,2.90245,2.90245
3817,3,0,1.79688,1.79688
3818,0,0.369791,4.475,4.84479
3818,1,0,4.69734,4.69734
3818,2,0,3.46271,3.46271
3818,3,0,3.08469,3.08469
3819,0,0.404687,5.94609,6.35078
3819,1,0,1.7874,1.7874
3819,2,0,3.06354,3.06354
3819,3,0,3.23427,3.23427
3820,0,0.464271,5.92516,6.38943
3820,1,0,2.9376,2.9376
3820,2,0,1.7876,1.7876
3820,3,0,2.91219,2.91219
3821,0,0.401771,5.75245,6.15422
3821,1,0,3.02526,3.02526
3821,2,0,1.85667,1.85667
3821,3,0,2.96391,2.96391
3822,0,0.382553,5.79516,6.17771
3822,1,0,3.00177,3.00177
3822,2,0,2.14182,2.14182
3822,3,0,3.12375,3.12375
3823,0,0.422969,5.69109,6.11406
3823,1,0,2.92849,2.92849
3823,2,0,1.76526,1.76526
3823,3,0,5.91208,5.91208
3824,0,0.359896,3.23396,3.59385
3824,1,0,2.99536,2.99536
3824,2,0,2.94234,2.94234
3824,3,0,4.68016,4.68016
3825,0,0.357396,3.44234,3.79974
3825,1,0,3.27589,3.27589
3825,2,0,3.02167,3.02167
3825,3,0,4.74083,4.74083
3826,0,0.354115,4.32411,4.67823
3826,1,0,1.77917,1.77917
3826,2,0,2.9287,2.9287
3826,3,0,4.75563,4.75563
3827,0,0.400468,4.32948,4.72995
3827,1,0,1.81057,1.81057
3827,2,0,6.00281,6.00281
3827,3,0,1.8776,1.8776
3828,0,0.465521,4.57287,5.03839
3828,1,0,2.99547,2.99547
3828,2,0,4.72969,4.72969
3828,3,0,1.81526,1.81526
3829,0,0.366875,4.3775,4.74437
3829,1,0,2.93234,2.93234
3829,2,0,4.79911,4.79911
3829,3,0,1.81026,1.81026
3830,0,0.368646,4.45073,4.81937
3830,1,0,2.96974,2.96974
3830,2,0,4.89271,4.89271
3830,3,0,2.00526,2.00526
3831,0,0.422812,5.70828,6.13109
3831,1,0,4.70781,4.70781
3831,2,0,1.79302,1.79302
3831,3,0,2.90463,2.90463
3832,0,0.343229,4.44401,4.78724
3832,1,0,4.75875,4.75875
3832,2,0,1.79479,1.79479
3832,3,0,2.9025,2.9025
3833,0,0.357969,4.51141,4.86937
3833,1,0,4.92479,4.92479
3833,2,0,1.81615,1.81615
3833,3,0,3.0449,3.0449
3834,0,0.403281,4.47698,4.88026
3834,1,0,4.58302,4.58302
3834,2,0,1.78062,1.78062
3834,3,0,2.73198,2.73198
3835,0,0.380312,4.7538,5.13411
3835,1,0,4.57448,4.57448
3835,2,0,2.96099,2.96099
3835,3,0,1.81115,1.81115
3836,0,0.388438,4.37781,4.76625
3836,1,0,4.71943,4.71943
3836,2,0,3.00474,3.00474
3836,3,0,1.8137,1.8137
3837,0,0.719791,6.81656,7.53635
3837,1,0,1.79547,1.79547
3837,2,0,2.94198,2.94198
3837,3,0,1.84099,1.84099
3838,0,1.3513,6.04031,7.39161
3838,1,0,1.83802,1.83802
3838,2,0,2.93984,2.93984
3838,3,0,1.85667,1.85667
3839,0,0.538542,7.25594,7.79448
3839,1,0,1.85526,1.85526
3839,2,0,2.96339,2.96339
3839,3,0,3.04792,3.04792
3840,0,0.412395,5.70297,6.11536
3840,1,0,1.79771,1.79771
3840,2,0,3.02635,3.02635
3840,3,0,3.00615,3.00615
3841,0,0.421771,5.69198,6.11375
3841,1,0,1.79182,1.79182
3841,2,0,2.85734,2.85734
3841,3,0,3.20141,3.20141
3842,0,0.456771,6.40083,6.8576
3842,1,0,2.92339,2.92339
3842,2,0,1.76599,1.76599
3842,3,0,2.92104,2.92104
3843,0,0.398594,5.70911,6.10771
3843,1,0,2.96823,2.96823
3843,2,0,2.70958,2.70958
3843,3,0,5.4213,5.4213
3844,0,0.377813,3.20641,3.58422
3844,1,0,3.03792,3.03792
3844,2,0,3.29953,3.29953
3844,3,0,4.77932,4.77932
3845,0,0.390104,4.3701,4.76021
3845,1,0,1.7975,1.7975
3845,2,0,2.93104,2.93104
3845,3,0,4.72312,4.72312
3846,0,0.402188,4.67292,5.0751
3846,1,0,1.81776,1.81776
3846,2,0,2.78313,2.78313
3846,3,0,4.62932,4.62932
3847,0,0.383177,4.69333,5.07651
3847,1,0,3.07766,3.07766
3847,2,0,4.74714,4.74714
3847,3,0,1.79557,1.79557
3848,0,0.351563,4.17198,4.52354
3848,1,0,2.93578,2.93578
3848,2,0,4.72818,4.72818
3848,3,0,1.91229,1.91229
3849,0,0.358698,4.31797,4.67667
3849,1,0,2.98396,2.98396
3849,2,0,4.71417,4.71417
3849,3,0,1.88573,1.88573
3850,0,0.433646,6.06073,6.49437
3850,1,0,4.74969,4.74969
3850,2,0,1.80672,1.80672
3850,3,0,1.76255,1.76255
3851,0,0.383229,5.09922,5.48245
3851,1,0,4.76875,4.76875
3851,2,0,1.83792,1.83792
3851,3,0,1.78089,1.78089
3852,0,0.429791,5.02953,5.45932
3852,1,0,4.70427,4.70427
3852,2,0,1.93458,1.93458
3852,3,0,2.03474,2.03474
3853,0,0.44099,4.93943,5.38042
3853,1,0,1.82901,1.82901
3853,2,0,4.59167,4.59167
3853,3,0,1.76396,1.76396
3854,0,0.412917,5.52589,5.9388
3854,1,0,4.77984,4.77984
3854,2,0,1.81563,1.81563
3854,3,0,2.91958,2.91958
3855,0,0.335677,4.5187,4.85438
3855,1,0,4.83781,4.83781
3855,2,0,1.86813,1.86813
3855,3,0,3.00875,3.00875
3856,0,0.387344,4.42193,4.80927
3856,1,0,4.58802,4.58802
3856,2,0,1.7649,1.7649
3856,3,0,2.92208,2.92208
3857,0,0.357604,4.47932,4.83693
3857,1,0,4.62583,4.62583
3857,2,0,2.18396,2.18396
3857,3,0,2.71099,2.71099
3858,0,0.360364,4.40531,4.76568
3858,1,0,4.83136,4.83136
3858,2,0,3.05828,3.05828
3858,3,0,1.80302,1.80302
3859,0,0.449166,4.33208,4.78125
3859,1,0,4.6088,4.6088
3859,2,0,2.93375,2.93375
3859,3,0,1.80792,1.80792
3860,0,0.509844,4.70167,5.21151
3860,1,0,4.7162,4.7162
3860,2,0,2.90224,2.90224
3860,3,0,2.99,2.99
3861,0,0.477864,5.69167,6.16953
3861,1,0,1.82234,1.82234
3861,2,0,2.91037,2.91037
3861,3,0,2.95635,2.95635
3862,0,0.412865,5.67901,6.09187
3862,1,0,1.78266,1.78266
3862,2,0,2.97203,2.97203
3862,3,0,3.07568,3.07568
3863,0,0.501927,5.64802,6.14995
3863,1,0,1.76781,1.76781
3863,2,0,2.93828,2.93828
3863,3,0,3.12375,3.12375
3864,0,0.567448,5.74625,6.3137
3864,1,0,1.77516,1.77516
3864,2,0,2.91573,2.91573
3864,3,0,2.90906,2.90906
3865,0,0.394428,5.91338,6.30781
3865,1,0,1.7726,1.7726
3865,2,0,3.02885,3.02885
3865,3,0,3.11339,3.11339
3866,0,0.427083,5.82761,6.25469
3866,1,0,2.98062,2.98062
3866,2,0,1.83302,1.83302
3866,3,0,3.27724,3.27724
3867,0,0.438334,5.74307,6.18141
3867,1,0,2.92313,2.92313
3867,2,0,1.75547,1.75547
3867,3,0,2.91219,2.91219
3868,0,0.380989,5.78438,6.16536
3868,1,0,3.02438,3.02438
3868,2,0,1.80286,1.80286
3868,3,0,3.04896,3.04896
3869,0,0.394948,6.18573,6.58068
3869,1,0,3.11885,3.11885
3869,2,0,3.16766,3.16766
3869,3,0,1.86302,1.86302
3870,0,0.479375,5.53448,6.01385
3870,1,0,2.92641,2.92641
3870,2,0,1.76036,1.76036
3870,3,0,2.78359,2.78359
3871,0,0.434687,5.80891,6.24359
3871,1,0,2.97286,2.97286
3871,2,0,1.77526,1.77526
3871,3,0,2.96427,2.96427
3872,0,0.40375,5.54146,5.94521
3872,1,0,3.29438,3.29438
3872,2,0,1.81776,1.81776
3872,3,0,2.87125,2.87125
3873,0,0.400625,5.61568,6.0163
3873,1,0,2.92927,2.92927
3873,2,0,1.76646,1.76646
3873,3,0,2.94443,2.94443
3874,0,0.489947,5.69448,6.18443
3874,1,0,2.96828,2.96828
3874,2,0,1.79896,1.79896
3874,3,0,2.95896,2.95896
3875,0,0.552344,5.87031,6.42266
3875,1,0,3.14875,3.14875
3875,2,0,3.08297,3.08297
3875,3,0,1.85932,1.85932
3876,0,0.463542,5.48943,5.95297
3876,1,0,2.96172,2.96172
3876,2,0,2.93797,2.93797
3876,3,0,4.0674,4.0674
3877,0,0.502083,3.43583,3.93792
3877,1,0,2.94354,2.94354
3877,2,0,2.92453,2.92453
3877,3,0,3.97698,3.97698
3878,0,0.452083,3.57859,4.03068
3878,1,0,3.04479,3.04479
3878,2,0,2.9801,2.9801
3878,3,0,4.75635,4.75635
3879,0,0.376927,3.13516,3.51208
3879,1,0,2.92146,2.92146
3879,2,0,2.90276,2.90276
3879,3,0,4.84286,4.84286
3880,0,0.392344,4.6587,5.05104
3880,1,0,1.82703,1.82703
3880,2,0,2.99193,2.99193
3880,3,0,5.02672,5.02672
3881,0,0.379219,4.4862,4.86542
3881,1,0,2.92328,2.92328
3881,2,0,1.84115,1.84115
3881,3,0,4.59344,4.59344
3882,0,0.362812,4.37312,4.73594
3882,1,0,3.07781,3.07781
3882,2,0,1.98057,1.98057
3882,3,0,4.63906,4.63906
3883,0,0.482239,4.42594,4.90818
3883,1,0,3.20422,3.20422
3883,2,0,2.0588,2.0588
3883,3,0,4.91661,4.91661
3884,0,0.4875,5.73208,6.21958
3884,1,0,4.77151,4.77151
3884,2,0,1.80906,1.80906
3884,3,0,3.0288,3.0288
3885,0,0.370833,4.53573,4.90656
3885,1,0,4.9312,4.9312
3885,2,0,1.81432,1.81432
3885,3,0,2.97094,2.97094
3886,0,0.528437,4.75365,5.28208
3886,1,0,4.68901,4.68901
3886,2,0,3.01974,3.01974
3886,3,0,1.83193,1.83193
3887,0,0.40974,4.34365,4.75339
3887,1,0,4.76813,4.76813
3887,2,0,3.09859,3.09859
3887,3,0,3.58927,3.58927
3888,0,0.401614,5.79292,6.19453
3888,1,0,3.36995,3.36995
3888,2,0,1.87859,1.87859
3888,3,0,3.41958,3.41958
3889,0,0.518698,5.81432,6.33302
3889,1,0,3.02536,3.02536
3889,2,0,1.79953,1.79953
3889,3,0,3.00578,3.00578
3890,0,0.400886,5.58208,5.98297
3890,1,0,3.03083,3.03083
3890,2,0,1.83688,1.83688
3890,3,0,3.07234,3.07234
3891,0,0.425781,5.47078,5.89656
3891,1,0,3.05766,3.05766
3891,2,0,2.13073,2.13073
3891,3,0,2.84344,2.84344
3892,0,0.507656,5.59193,6.09958
3892,1,0,2.99427,2.99427
3892,2,0,1.8374,1.8374
3892,3,0,2.78031,2.78031
3893,0,0.472917,5.59833,6.07125
3893,1,0,3.00984,3.00984
3893,2,0,1.80734,1.80734
3893,3,0,2.96354,2.96354
3894,0,0.417656,5.7875,6.20516
3894,1,0,3.26672,3.26672
3894,2,0,3.05495,3.05495
3894,3,0,4.74568,4.74568
3895,0,0.387188,4.77307,5.16026
3895,1,0,1.80672,1.80672
3895,2,0,2.95135,2.95135
3895,3,0,4.77318,4.77318
3896,0,0.396719,4.33594,4.73266
3896,1,0,1.79266,1.79266
3896,2,0,2.96156,2.96156
3896,3,0,4.64365,4.64365
3897,0,0.427605,4.60917,5.03677
3897,1,0,3.13177,3.13177
3897,2,0,4.66833,4.66833
3897,3,0,1.77427,1.77427
3898,0,0.362812,4.40443,4.76724
3898,1,0,2.94906,2.94906
3898,2,0,4.77542,4.77542
3898,3,0,1.81958,1.81958
3899,0,0.372135,4.6913,5.06344
3899,1,0,2.95578,2.95578
3899,2,0,4.87484,4.87484
3899,3,0,2.00745,2.00745
3900,0,0.368854,5.5751,5.94396
3900,1,0,4.67089,4.67089
3900,2,0,1.78729,1.78729
3900,3,0,1.76505,1.76505
3901,0,0.373438,3.96552,4.33896
3901,1,0,2.80172,2.80172
3901,2,0,4.61708,4.61708
3901,3,0,1.78787,1.78787
3902,0,0.339948,4.27589,4.61583
3902,1,0,2.90813,2.90813
3902,2,0,4.73474,4.73474
3902,3,0,1.80214,1.80214
3903,0,0.946823,5.23568,6.1825
3903,1,0,4.71266,4.71266
3903,2,0,1.77776,1.77776
3903,3,0,2.91776,2.91776
3904,0,0.366198,4.48141,4.8476
3904,1,0,4.70495,4.70495
3904,2,0,1.78755,1.78755
3904,3,0,2.89672,2.89672
3905,0,0.467187,4.48526,4.95245
3905,1,0,4.95745,4.95745
3905,2,0,1.8238,1.8238
3905,3,0,2.96214,2.96214
3906,0,0.342656,4.17172,4.51438
3906,1,0,4.5899,4.5899
3906,2,0,1.76609,1.76609
3906,3,0,2.94396,2.94396
3907,0,0.338333,4.46182,4.80016
3907,1,0,4.52115,4.52115
3907,2,0,1.76891,1.76891
3907,3,0,2.91354,2.91354
3908,0,0.394583,4.6651,5.05969
3908,1,0,4.67516,4.67516
3908,2,0,2.97292,2.97292
3908,3,0,1.82771,1.82771
3909,0,0.363333,4.4326,4.79594
3909,1,0,4.5899,4.5899
3909,2,0,2.92964,2.92964
3909,3,0,1.90938,1.90938
3910,0,0.458594,4.66245,5.12104
3910,1,0,4.77187,4.77187
3910,2,0,2.98021,2.98021
3910,3,0,3.23766,3.23766
3911,0,0.576459,5.54016,6.11662
3911,1,0,1.80026,1.80026
3911,2,0,2.95193,2.95193
3911,3,0,2.92177,2.92177
3912,0,0.389688,5.62302,6.01271
3912,1,0,1.7726,1.7726
3912,2,0,3.04109,3.04109
3912,3,0,2.99078,2.99078
3913,0,0.44802,5.60536,6.05338
3913,1,0,1.77172,1.77172
3913,2,0,3.15682,3.15682
3913,3,0,3.34594,3.34594
3914,0,0.486615,6.02162,6.50823
3914,1,0,2.94583,2.94583
3914,2,0,1.77255,1.77255
3914,3,0,2.92719,2.92719
3915,0,0.391354,5.75479,6.14615
3915,1,0,3.00464,3.00464
3915,2,0,1.81828,1.81828
3915,3,0,2.93307,2.93307
3916,0,0.379114,5.82406,6.20318
3916,1,0,3.14245,3.14245
3916,2,0,1.95141,1.95141
3916,3,0,3.0124,3.0124
3917,0,0.612292,5.65557,6.26786
3917,1,0,2.92813,2.92813
3917,2,0,1.78594,1.78594
3917,3,0,2.93891,2.93891
3918,0,0.486406,6.08156,6.56797
3918,1,0,2.98083,2.98083
3918,2,0,2.99609,2.99609
3918,3,0,4.6901,4.6901
3919,0,0.460573,3.46677,3.92734
3919,1,0,2.97656,2.97656
3919,2,0,3.18958,3.18958
3919,3,0,4.70411,4.70411
3920,0,0.39026,4.38198,4.77224
3920,1,0,1.7888,1.7888
3920,2,0,2.93865,2.93865
3920,3,0,4.80255,4.80255
3921,0,0.392813,4.32641,4.71922
3921,1,0,1.81318,1.81318
3921,2,0,2.77359,2.77359
3921,3,0,4.81813,4.81813
3922,0,0.526354,4.59875,5.1251
3922,1,0,2.98182,2.98182
3922,2,0,4.69443,4.69443
3922,3,0,1.7738,1.7738
3923,0,0.339115,4.45573,4.79484
3923,1,0,3.07859,3.07859
3923,2,0,4.80615,4.80615
3923,3,0,1.80469,1.80469
3924,0,0.384531,4.56677,4.9513
3924,1,0,2.84573,2.84573
3924,2,0,4.92078,4.92078
3924,3,0,1.81474,1.81474
3925,0,0.390312,5.26912,5.65943
3925,1,0,1.81974,1.81974
3925,2,0,4.60141,4.60141
3925,3,0,1.75792,1.75792
3926,0,0.341614,4.14438,4.48599
3926,1,0,2.81651,2.81651
3926,2,0,4.59125,4.59125
3926,3,0,1.77448,1.77448
3927,0,0.338333,5.61203,5.95036
3927,1,0,5.01344,5.01344
3927,2,0,1.84214,1.84214
3927,3,0,3.02427,3.02427
3928,0,0.379375,4.32062,4.7
3928,1,0,4.70307,4.70307
3928,2,0,1.76828,1.76828
3928,3,0,2.91052,2.91052
3929,0,0.382084,4.71172,5.0938
3929,1,0,4.70443,4.70443
3929,2,0,1.79646,1.79646
3929,3,0,2.90745,2.90745
3930,0,0.369844,4.90068,5.27052
3930,1,0,4.66568,4.66568
3930,2,0,1.81464,1.81464
3930,3,0,2.75438,2.75438
3931,0,0.345833,4.38104,4.72687
3931,1,0,4.59115,4.59115
3931,2,0,1.80854,1.80854
3931,3,0,3.03245,3.03245
3932,0,0.399896,4.4537,4.85359
3932,1,0,4.5912,4.5912
3932,2,0,2.89948,2.89948
3932,3,0,1.9813,1.9813
3933,0,0.395677,4.93625,5.33193
3933,1,0,4.81958,4.81958
3933,2,0,2.9213,2.9213
3933,3,0,2.91188,2.91188
3934,0,0.375156,5.7299,6.10505
3934,1,0,1.79141,1.79141
3934,2,0,3.0513,3.0513
3934,3,0,2.96406,2.96406
3935,0,0.387657,5.63021,6.01786
3935,1,0,1.76318,1.76318
3935,2,0,3.01292,3.01292
3935,3,0,3.26906,3.26906
3936,0,0.485625,5.55078,6.03641
3936,1,0,1.76604,1.76604
3936,2,0,2.92062,2.92062
3936,3,0,2.93016,2.93016
3937,0,0.395833,5.77667,6.1725
3937,1,0,1.83438,1.83438
3937,2,0,3.28354,3.28354
3937,3,0,2.96292,2.96292
3938,0,0.419114,5.76437,6.18349
3938,1,0,3.88146,3.88146
3938,2,0,1.97141,1.97141
3938,3,0,2.8238,2.8238
3939,0,0.474219,5.70932,6.18354
3939,1,0,2.91578,2.91578
3939,2,0,1.77713,1.77713
3939,3,0,2.94224,2.94224
3940,0,0.422708,5.77453,6.19724
3940,1,0,2.97047,2.97047
3940,2,0,1.79484,1.79484
3940,3,0,2.92672,2.92672
3941,0,0.408907,5.79115,6.20005
3941,1,0,3.28443,3.28443
3941,2,0,3.04771,3.04771
3941,3,0,1.87187,1.87187
3942,0,0.385104,5.6151,6.00021
3942,1,0,2.91323,2.91323
3942,2,0,2.92875,2.92875
3942,3,0,1.84734,1.84734
3943,0,0.408073,5.66292,6.07099
3943,1,0,2.99484,2.99484
3943,2,0,2.96349,2.96349
3943,3,0,1.8626,1.8626
3944,0,0.405104,6.28271,6.68781
3944,1,0,3.09984,3.09984
3944,2,0,3.00375,3.00375
3944,3,0,4.72505,4.72505
3945,0,0.366355,4.31526,4.68161
3945,1,0,1.80443,1.80443
3945,2,0,3.01385,3.01385
3945,3,0,4.82719,4.82719
3946,0,0.410469,4.45984,4.87031
3946,1,0,1.80141,1.80141
3946,2,0,2.82255,2.82255
3946,3,0,4.95937,4.95937
3947,0,0.394531,4.47484,4.86937
3947,1,0,2.93068,2.93068
3947,2,0,1.80937,1.80937
3947,3,0,4.58568,4.58568
3948,0,0.352864,4.63557,4.98844
3948,1,0,3.02557,3.02557
3948,2,0,4.75714,4.75714
3948,3,0,1.80479,1.80479
3949,0,0.365677,4.37651,4.74219
3949,1,0,3.01109,3.01109
3949,2,0,5.02141,5.02141
3949,3,0,1.82333,1.82333
3950,0,0.954532,5.21391,6.16844
3950,1,0,1.82818,1.82818
3950,2,0,4.59234,4.59234
3950,3,0,1.75672,1.75672
3951,0,0.3975,5.33135,5.72885
3951,1,0,1.89177,1.89177
3951,2,0,4.59484,4.59484
3951,3,0,1.77687,1.77687
3952,0,0.373854,5.32797,5.70182
3952,1,0,1.89589,1.89589
3952,2,0,4.80953,4.80953
3952,3,0,3.00609,3.00609
3953,0,0.340313,4.5249,4.86521
3953,1,0,4.69672,4.69672
3953,2,0,1.76625,1.76625
3953,3,0,2.91844,2.91844
3954,0,0.333229,4.42797,4.7612
3954,1,0,4.71312,4.71312
3954,2,0,1.76146,1.76146
3954,3,0,2.91984,2.91984
3955,0,0.421562,5.46083,5.88239
3955,1,0,4.66604,4.66604
3955,2,0,2.93776,2.93776
3955,3,0,1.79313,1.79313
3956,0,0.780469,3.88323,4.6637
3956,1,0,4.60734,4.60734
3956,2,0,3.02677,3.02677
3956,3,0,1.83865,1.83865
3957,0,1.66068,6.33552,7.9962
3957,1,0,1.7863,1.7863
3957,2,0,2.99792,2.99792
3957,3,0,3.24005,3.24005
3958,0,0.473021,5.80479,6.27781
3958,1,0,1.77646,1.77646
3958,2,0,2.80891,2.80891
3958,3,0,2.91943,2.91943
3959,0,0.406354,6.20958,6.61594
3959,1,0,2.99724,2.99724
3959,2,0,1.79375,1.79375
3959,3,0,2.92891,2.92891
3960,0,0.388125,5.7124,6.10052
3960,1,0,1.80281,1.80281
3960,2,0,3.03714,3.03714
3960,3,0,3.04167,3.04167
3961,0,0.547136,5.67964,6.22677
3961,1,0,2.9125,2.9125
3961,2,0,1.78922,1.78922
3961,3,0,2.95411,2.95411
3962,0,0.478958,5.65672,6.13568
3962,1,0,3.01531,3.01531
3962,2,0,1.84677,1.84677
3962,3,0,2.94922,2.94922
3963,0,0.504532,5.98239,6.48693
3963,1,0,3.28552,3.28552
3963,2,0,3.04229,3.04229
3963,3,0,1.89495,1.89495
3964,0,0.397396,5.5788,5.9762
3964,1,0,2.93865,2.93865
3964,2,0,2.91964,2.91964
3964,3,0,1.82182,1.82182
3965,0,0.428073,5.78812,6.2162
3965,1,0,2.95604,2.95604
3965,2,0,2.93583,2.93583
3965,3,0,1.81042,1.81042
3966,0,0.37474,5.94287,6.31761
3966,1,0,3.10333,3.10333
3966,2,0,2.99,2.99
3966,3,0,1.82182,1.82182
3967,0,0.38974,5.97224,6.36198
3967,1,0,2.91963,2.91963
3967,2,0,2.91849,2.91849
3967,3,0,1.84781,1.84781
3968,0,0.702656,5.31177,6.01443
3968,1,0,2.94573,2.94573
3968,2,0,2.93479,2.93479
3968,3,0,1.81818,1.81818
3969,0,1.22958,4.98865,6.21823
3969,1,0,3.04557,3.04557
3969,2,0,2.97344,2.97344
3969,3,0,1.93286,1.93286
3970,0,0.377084,5.56937,5.94646
3970,1,0,2.90932,2.90932
3970,2,0,2.89094,2.89094
3970,3,0,1.85292,1.85292
3971,0,0.471198,5.61417,6.08537
3971,1,0,2.93859,2.93859
3971,2,0,2.89391,2.89391
3971,3,0,1.85062,1.85062
3972,0,0.473958,5.90292,6.37688
3972,1,0,3.05807,3.05807
3972,2,0,2.89562,2.89562
3972,3,0,1.81563,1.81563
3973,0,0.384375,5.69005,6.07443
3973,1,0,2.92813,2.92813
3973,2,0,2.98958,2.98958
3973,3,0,1.87854,1.87854
3974,0,0.406875,5.59276,5.99964
3974,1,0,2.94198,2.94198
3974,2,0,2.98792,2.98792
3974,3,0,1.92536,1.92536
3975,0,0.684583,5.59307,6.27766
3975,1,0,3.01547,3.01547
3975,2,0,2.95432,2.95432
3975,3,0,1.96057,1.96057
3976,0,0.393282,5.56458,5.95786
3976,1,0,2.96156,2.96156
3976,2,0,3.05823,3.05823
3976,3,0,1.87422,1.87422
3977,0,0.414635,5.51167,5.9263
3977,1,0,2.94078,2.94078
3977,2,0,3.18708,3.18708
3977,3,0,2.24927,2.24927
3978,0,0.436822,6.9551,7.39193
3978,1,0,1.80031,1.80031
3978,2,0,2.93505,2.93505
3978,3,0,4.68203,4.68203
3979,0,0.441927,4.49865,4.94057
3979,1,0,3.52375,3.52375
3979,2,0,1.84828,1.84828
3979,3,0,4.58641,4.58641
3980,0,0.358385,4.52854,4.88693
3980,1,0,3.26063,3.26063
3980,2,0,4.87162,4.87162
3980,3,0,1.80094,1.80094
3981,0,0.41927,5.67667,6.09594
3981,1,0,1.83922,1.83922
3981,2,0,4.70797,4.70797
3981,3,0,1.7713,1.7713
3982,0,0.532396,5.95349,6.48588
3982,1,0,4.80438,4.80438
3982,2,0,1.78854,1.78854
3982,3,0,2.98662,2.98662
3983,0,0.458594,4.51219,4.97078
3983,1,0,4.77323,4.77323
3983,2,0,1.79208,1.79208
3983,3,0,2.94109,2.94109
3984,0,0.371771,4.43458,4.80635
3984,1,0,4.62151,4.62151
3984,2,0,1.88786,1.88786
3984,3,0,3.00036,3.00036
3985,0,0.352031,4.30687,4.65891
3985,1,0,4.60646,4.60646
3985,2,0,2.35531,2.35531
3985,3,0,3.02464,3.02464
3986,0,0.800417,3.74901,4.54943
3986,1,0,4.61406,4.61406
3986,2,0,2.93531,2.93531
3986,3,0,1.79104,1.79104
3987,0,0.71375,3.78937,4.50312
3987,1,0,4.6476,4.6476
3987,2,0,2.9413,2.9413
3987,3,0,1.92761,1.92761
3988,0,0.370312,4.29542,4.66573
3988,1,0,4.68568,4.68568
3988,2,0,3.29547,3.29547
3988,3,0,3.03313,3.03313
3989,0,0.43526,3.12089,3.55615
3989,1,0,4.6949,4.6949
3989,2,0,2.92016,2.92016
3989,3,0,2.90109,2.90109
3990,0,0.682343,5.52573,6.20807
3990,1,0,1.8026,1.8026
3990,2,0,2.92089,2.92089
3990,3,0,2.92771,2.92771
3991,0,0.4225,5.93167,6.35417
3991,1,0,1.92063,1.92063
3991,2,0,3.0125,3.0125
3991,3,0,3.01042,3.01042
3992,0,0.417343,5.84818,6.26552
3992,1,0,1.77599,1.77599
3992,2,0,2.89943,2.89943
3992,3,0,2.94474,2.94474
3993,0,0.407656,6.38031,6.78797
3993,1,0,2.96328,2.96328
3993,2,0,1.78646,1.78646
3993,3,0,3.56755,3.56755
3994,0,0.487292,5.45526,5.94255
3994,1,0,3.11698,3.11698
3994,2,0,2.95172,2.95172
3994,3,0,1.82734,1.82734
3995,0,0.39474,5.79938,6.19412
3995,1,0,2.9349,2.9349
3995,2,0,3.06135,3.06135
3995,3,0,1.88839,1.88839
3996,0,0.402656,5.72125,6.12391
3996,1,0,2.93115,2.93115
3996,2,0,2.95943,2.95943
3996,3,0,1.88677,1.88677
3997,0,0.766979,6.03609,6.80307
3997,1,0,2.98646,2.98646
3997,2,0,2.92833,2.92833
3997,3,0,1.80109,1.80109
3998,0,0.393645,5.89823,6.29188
3998,1,0,2.7351,2.7351
3998,2,0,3.0226,3.0226
3998,3,0,1.86922,1.86922
3999,0,0.424427,5.62125,6.04568
3999,1,0,2.95297,2.95297
3999,2,0,3.05849,3.05849
3999,3,0,2.14781,2.14781
4000,0,0.413594,6.78854,7.20214
4000,1,0,1.77552,1.77552
4000,2,0,2.91583,2.91583
4000,3,0,1.81609,1.81609
4001,0,0.368698,7.0987,7.4674
4001,1,0,1.87495,1.87495
4001,2,0,2.9913,2.9913
4001,3,0,4.73526,4.73526
4002,0,0.351406,4.49641,4.84781
4002,1,0,3.18734,3.18734
4002,2,0,1.96464,1.96464
4002,3,0,4.67766,4.67766
4003,0,0.393177,4.4325,4.82568
4003,1,0,2.94385,2.94385
4003,2,0,1.80875,1.80875
4003,3,0,4.61672,4.61672
4004,0,0.376406,4.29188,4.66828
4004,1,0,2.98229,2.98229
4004,2,0,1.83005,1.83005
4004,3,0,4.59839,4.59839
4005,0,0.360521,4.31885,4.67938
4005,1,0,3.11687,3.11687
4005,2,0,4.74281,4.74281
4005,3,0,1.78073,1.78073
4006,0,0.324895,5.55037,5.87526
4006,1,0,1.82526,1.82526
4006,2,0,4.70177,4.70177
4006,3,0,1.81943,1.81943
4007,0,0.362812,5.5763,5.93911
4007,1,0,1.83359,1.83359
4007,2,0,4.56448,4.56448
4007,3,0,1.83797,1.83797
4008,0,1.12979,5.73271,6.8625
4008,1,0,4.85385,4.85385
4008,2,0,1.77703,1.77703
4008,3,0,2.91266,2.91266
4009,0,0.367657,4.38661,4.75427
4009,1,0,4.79328,4.79328
4009,2,0,1.83516,1.83516
4009,3,0,2.93229,2.93229
4010,0,0.367188,4.49766,4.86484
4010,1,0,4.62031,4.62031
4010,2,0,1.9525,1.9525
4010,3,0,3.115,3.115
4011,0,0.784063,3.77198,4.55604
4011,1,0,4.58781,4.58781
4011,2,0,1.77547,1.77547
4011,3,0,2.93177,2.93177
4012,0,0.328646,4.7274,5.05604
4012,1,0,4.67964,4.67964
4012,2,0,2.95286,2.95286
4012,3,0,2.92979,2.92979
4013,0,0.393177,3.38052,3.7737
4013,1,0,4.9325,4.9325
4013,2,0,3.01213,3.01213
4013,3,0,2.98219,2.98219
4014,0,0.398385,3.1987,3.59708
4014,1,0,4.7125,4.7125
4014,2,0,2.92422,2.92422
4014,3,0,2.9563,2.9563
4015,0,0.488021,5.93552,6.42354
4015,1,0,1.83083,1.83083
4015,2,0,2.91672,2.91672
4015,3,0,2.93547,2.93547
4016,0,0.416459,6.16583,6.58229
4016,1,0,3.08828,3.08828
4016,2,0,2.98964,2.98964
4016,3,0,1.83302,1.83302
4017,0,0.425938,6.72948,7.15542
4017,1,0,2.94906,2.94906
4017,2,0,2.99458,2.99458
4017,3,0,1.92224,1.92224
4018,0,0.408802,5.64854,6.05734
4018,1,0,2.93635,2.93635
4018,2,0,2.98906,2.98906
4018,3,0,1.90927,1.90927
4019,0,0.709635,5.5149,6.22453
4019,1,0,2.96292,2.96292
4019,2,0,2.92911,2.92911
4019,3,0,4.83443,4.83443
4020,0,0.373177,4.36021,4.73339
4020,1,0,3.07063,3.07063
4020,2,0,2.00219,2.00219
4020,3,0,4.68458,4.68458
4021,0,0.35625,4.3149,4.67115
4021,1,0,2.9649,2.9649
4021,2,0,1.94057,1.94057
4021,3,0,4.79698,4.79698
4022,0,0.390469,4.37083,4.7613
4022,1,0,2.92313,2.92313
4022,2,0,1.81146,1.81146
4022,3,0,4.5888,4.5888
4023,0,0.349011,4.7624,5.11141
4023,1,0,2.77557,2.77557
4023,2,0,1.85531,1.85531
4023,3,0,4.58849,4.58849
4024,0,0.342604,4.32912,4.67172
4024,1,0,3.10359,3.10359
4024,2,0,1.84786,1.84786
4024,3,0,4.65313,4.65313
4025,0,0.347656,5.4575,5.80516
4025,1,0,1.81906,1.81906
4025,2,0,4.67865,4.67865
4025,3,0,1.78078,1.78078
4026,0,0.332657,5.75948,6.09214
4026,1,0,1.87781,1.87781
4026,2,0,4.61443,4.61443
4026,3,0,1.76438,1.76438
4027,0,1.2801,5.35115,6.63125
4027,1,0,4.79734,4.79734
4027,2,0,1.80432,1.80432
4027,3,0,2.90375,2.90375
4028,0,0.335208,4.3226,4.65781
4028,1,0,4.69661,4.69661
4028,2,0,1.8274,1.8274
4028,3,0,3.37766,3.37766
4029,0,0.487396,4.61838,5.10578
4029,1,0,4.64094,4.64094
4029,2,0,1.86542,1.86542
4029,3,0,4.29734,4.29734
4030,0,0.392344,3.19865,3.59099
4030,1,0,4.63927,4.63927
4030,2,0,2.9212,2.9212
4030,3,0,2.93479,2.93479
4031,0,0.396094,3.51495,3.91104
4031,1,0,4.69714,4.69714
4031,2,0,2.97812,2.97812
4031,3,0,2.99625,2.99625
4032,0,0.389896,3.21448,3.60438
4032,1,0,5.05172,5.05172
4032,2,0,4.38667,4.38667
4032,3,0,1.89547,1.89547
4033,0,0.408906,5.73557,6.14448
4033,1,0,2.96531,2.96531
4033,2,0,2.93109,2.93109
4033,3,0,1.82859,1.82859
4034,0,0.431875,5.71375,6.14562
4034,1,0,3.00641,3.00641
4034,2,0,2.94979,2.94979
4034,3,0,1.83406,1.83406
4035,0,0.408542,6.01344,6.42198
4035,1,0,3.10729,3.10729
4035,2,0,3.19214,3.19214
4035,3,0,1.87526,1.87526
4036,0,0.393125,5.54318,5.9363
4036,1,0,2.91401,2.91401
4036,2,0,2.92792,2.92792
4036,3,0,1.81193,1.81193
4037,0,0.429739,5.80677,6.23651
4037,1,0,2.98568,2.98568
4037,2,0,2.90479,2.90479
4037,3,0,2.44188,2.44188
4038,0,0.467709,5.36614,5.83385
4038,1,0,3.0826,3.0826
4038,2,0,2.94464,2.94464
4038,3,0,1.80573,1.80573
4039,0,0.37927,5.66297,6.04224
4039,1,0,2.92427,2.92427
4039,2,0,2.92839,2.92839
4039,3,0,1.95901,1.95901
4040,0,0.441979,5.47589,5.91786
4040,1,0,2.93021,2.93021
4040,2,0,3.02005,3.02005
4040,3,0,2.47844,2.47844
4041,0,0.511614,5.7575,6.26911
4041,1,0,3.00599,3.00599
4041,2,0,2.70682,2.70682
4041,3,0,4.74292,4.74292
4042,0,0.353177,4.61724,4.97042
4042,1,0,3.05865,3.05865
4042,2,0,1.93063,1.93063
4042,3,0,4.68187,4.68187
4043,0,0.378072,4.3863,4.76438
4043,1,0,3.20417,3.20417
4043,2,0,2.05693,2.05693
4043,3,0,4.73115,4.73115
4044,0,0.475312,4.35865,4.83396
4044,1,0,2.71969,2.71969
4044,2,0,1.87594,1.87594
4044,3,0,4.60792,4.60792
4045,0,0.359114,5.63917,5.99828
4045,1,0,1.88865,1.88865
4045,2,0,4.76271,4.76271
4045,3,0,1.77896,1.77896
4046,0,0.340625,5.88385,6.22448
4046,1,0,2.15641,2.15641
4046,2,0,4.67912,4.67912
4046,3,0,1.77089,1.77089
4047,0,0.979583,4.65495,5.63453
4047,1,0,1.82323,1.82323
4047,2,0,4.655,4.655
4047,3,0,1.77812,1.77812
4048,0,0.367865,5.49229,5.86016
4048,1,0,1.82313,1.82313
4048,2,0,4.59104,4.59104
4048,3,0,1.77359,1.77359
4049,0,0.435833,5.47672,5.91255
4049,1,0,1.87208,1.87208
4049,2,0,4.6413,4.6413
4049,3,0,3.02651,3.02651
4050,0,0.370261,4.47708,4.84734
4050,1,0,4.70427,4.70427
4050,2,0,2.04562,2.04562
4050,3,0,3.1051,3.1051
4051,0,0.397291,4.47583,4.87312
4051,1,0,4.60047,4.60047
4051,2,0,1.7975,1.7975
4051,3,0,3.23104,3.23104
4052,0,0.445781,4.07839,4.52417
4052,1,0,4.64516,4.64516
4052,2,0,1.76458,1.76458
4052,3,0,2.91391,2.91391
4053,0,0.36698,3.66557,4.03255
4053,1,0,4.74453,4.74453
4053,2,0,1.85104,1.85104
4053,3,0,2.94182,2.94182
4054,0,0.354844,4.36083,4.71568
4054,1,0,4.63885,4.63885
4054,2,0,1.86172,1.86172
4054,3,0,4.4825,4.4825
4055,0,0.456875,3.26542,3.72229
4055,1,0,4.6,4.6
4055,2,0,2.90896,2.90896
4055,3,0,3.51755,3.51755
4056,0,0.398646,3.25813,3.65677
4056,1,0,4.75672,4.75672
4056,2,0,2.97656,2.97656
4056,3,0,2.95453,2.95453
4057,0,0.54125,6.2424,6.78365
4057,1,0,3.39922,3.39922
4057,2,0,3.07568,3.07568
4057,3,0,1.88089,1.88089
4058,0,0.389792,5.82526,6.21505
4058,1,0,2.92276,2.92276
4058,2,0,2.94062,2.94062
4058,3,0,1.83885,1.83885
4059,0,0.372344,5.79484,6.16719
4059,1,0,2.96396,2.96396
4059,2,0,2.99125,2.99125
4059,3,0,1.82286,1.82286
4060,0,1.22844,5.1512,6.37964
4060,1,0,3.03948,3.03948
4060,2,0,2.96281,2.96281
4060,3,0,1.81781,1.81781
4061,0,0.40099,5.945,6.34599
4061,1,0,2.93912,2.93912
4061,2,0,2.95417,2.95417
4061,3,0,5.22713,5.22713
4062,0,0.38125,4.31557,4.69682
4062,1,0,2.95604,2.95604
4062,2,0,1.84271,1.84271
4062,3,0,5.04219,5.04219
4063,0,0.385313,4.38995,4.77526
4063,1,0,2.92807,2.92807
4063,2,0,1.79896,1.79896
4063,3,0,4.64755,4.64755
4064,0,0.38375,4.33578,4.71953
4064,1,0,3.06958,3.06958
4064,2,0,2.18146,2.18146
4064,3,0,4.59464,4.59464
4065,0,0.348021,5.91536,6.26339
4065,1,0,1.89417,1.89417
4065,2,0,2.13937,2.13937
4065,3,0,4.88307,4.88307
4066,0,0.371875,5.42417,5.79604
4066,1,0,1.88786,1.88786
4066,2,0,4.55323,4.55323
4066,3,0,1.77573,1.77573
4067,0,0.393646,5.39526,5.78891
4067,1,0,1.84484,1.84484
4067,2,0,4.58766,4.58766
4067,3,0,1.78464,1.78464
4068,0,0.399532,6.27016,6.66969
4068,1,0,4.84828,4.84828
4068,2,0,1.77719,1.77719
4068,3,0,2.92974,2.92974
4069,0,0.372344,4.17406,4.54641
4069,1,0,4.69641,4.69641
4069,2,0,1.78557,1.78557
4069,3,0,3.03787,3.03787
4070,0,0.93625,3.56708,4.50333
4070,1,0,4.58563,4.58563
4070,2,0,1.76135,1.76135
4070,3,0,3.00339,3.00339
4071,0,0.408021,4.41469,4.82271
4071,1,0,4.64083,4.64083
4071,2,0,1.76964,1.76964
4071,3,0,2.90125,2.90125
4072,0,0.363959,3.99833,4.36229
4072,1,0,4.63193,4.63193
4072,2,0,1.82875,1.82875
4072,3,0,2.99927,2.99927
4073,0,0.423229,3.92563,4.34885
4073,1,0,4.55646,4.55646
4073,2,0,1.77859,1.77859
4073,3,0,3.09984,3.09984
4074,0,0.460468,4.14464,4.6051
4074,1,0,4.66271,4.66271
4074,2,0,1.76479,1.76479
4074,3,0,2.89938,2.89938
4075,0,0.379844,3.9238,4.30365
4075,1,0,4.74422,4.74422
4075,2,0,1.84177,1.84177
4075,3,0,2.95328,2.95328
4076,0,0.359687,4.28682,4.64651
4076,1,0,4.63682,4.63682
4076,2,0,1.83963,1.83963
4076,3,0,4.41193,4.41193
4077,0,0.39474,3.32745,3.72219
4077,1,0,4.60901,4.60901
4077,2,0,2.92229,2.92229
4077,3,0,2.90437,2.90437
4078,0,0.434791,3.25328,3.68807
4078,1,0,4.66662,4.66662
4078,2,0,2.9837,2.9837
4078,3,0,2.95016,2.95016
4079,0,0.390261,3.19203,3.58229
4079,1,0,4.91214,4.91214
4079,2,0,4.59599,4.59599
4079,3,0,1.85432,1.85432
4080,0,0.376458,4.16875,4.54521
4080,1,0,5.06057,5.06057
4080,2,0,2.92786,2.92786
4080,3,0,1.8299,1.8299
4081,0,0.390677,5.90531,6.29599
4081,1,0,2.96776,2.96776
4081,2,0,2.98865,2.98865
4081,3,0,1.83677,1.83677
4082,0,0.403021,5.91516,6.31818
4082,1,0,3.05708,3.05708
4082,2,0,2.98958,2.98958
4082,3,0,1.82573,1.82573
4083,0,0.384011,5.6713,6.05531
4083,1,0,2.90302,2.90302
4083,2,0,2.96615,2.96615
4083,3,0,1.88578,1.88578
4084,0,1.08219,5.03937,6.12156
4084,1,0,2.96307,2.96307
4084,2,0,2.96969,2.96969
4084,3,0,1.89135,1.89135
4085,0,0.481198,5.81234,6.29354
4085,1,0,3.05073,3.05073
4085,2,0,2.95088,2.95088
4085,3,0,1.80927,1.80927
4086,0,0.379218,5.77349,6.15271
4086,1,0,2.92552,2.92552
4086,2,0,3.01979,3.01979
4086,3,0,1.91088,1.91088
4087,0,0.458697,5.66557,6.12427
4087,1,0,2.96323,2.96323
4087,2,0,3.01958,3.01958
4087,3,0,1.93161,1.93161
4088,0,0.711875,5.52594,6.23781
4088,1,0,2.97786,2.97786
4088,2,0,2.855,2.855
4088,3,0,1.88615,1.88615
4089,0,0.392135,5.67104,6.06318
4089,1,0,2.93057,2.93057
4089,2,0,3.09167,3.09167
4089,3,0,1.85401,1.85401
4090,0,0.419115,5.64609,6.06521
4090,1,0,2.9763,2.9763
4090,2,0,3.25151,3.25151
4090,3,0,2.31062,2.31062
4091,0,0.478334,6.93302,7.41136
4091,1,0,2.9626,2.9626
4091,2,0,1.80974,1.80974
4091,3,0,4.69161,4.69161
4092,0,0.364844,4.36057,4.72542
4092,1,0,3.0488,3.0488
4092,2,0,1.87443,1.87443
4092,3,0,4.68797,4.68797
4093,0,0.361354,4.70687,5.06823
4093,1,0,3.00453,3.00453
4093,2,0,1.82964,1.82964
4093,3,0,4.68193,4.68193
4094,0,0.366979,5.50255,5.86953
4094,1,0,1.81812,1.81812
4094,2,0,1.79333,1.79333
4094,3,0,4.60687,4.60687
4095,0,0.364427,5.92302,6.28745
4095,1,0,1.88385,1.88385
4095,2,0,4.67135,4.67135
4095,3,0,1.76297,1.76297
4096,0,0.465,5.79552,6.26052
4096,1,0,1.90714,1.90714
4096,2,0,4.63297,4.63297
4096,3,0,1.76255,1.76255
4097,0,0.351666,5.15776,5.50943
4097,1,0,1.7999,1.7999
4097,2,0,4.67031,4.67031
4097,3,0,1.89104,1.89104
4098,0,0.380886,5.23458,5.61547
4098,1,0,1.81495,1.81495
4098,2,0,4.64505,4.64505
4098,3,0,1.84568,1.84568
4099,0,0.50901,5.38109,5.8901
4099,1,0,1.8537,1.8537
4099,2,0,4.60682,4.60682
4099,3,0,2.90396,2.90396
4100,0,0.339844,4.35786,4.69771
4100,1,0,4.75359,4.75359
4100,2,0,1.83708,1.83708
4100,3,0,2.9112,2.9112
4101,0,0.367396,4.45031,4.81771
4101,1,0,4.7351,4.7351
4101,2,0,1.94266,1.94266
4101,3,0,3.10958,3.10958
4102,0,0.410729,3.82615,4.23688
4102,1,0,4.6951,4.6951
4102,2,0,1.77771,1.77771
4102,3,0,2.90412,2.90412
4103,0,0.344427,4.1724,4.51682
4103,1,0,4.75021,4.75021
4103,2,0,1.815,1.815
4103,3,0,2.92526,2.92526
4104,0,0.394167,3.82219,4.21635
4104,1,0,4.91344,4.91344
4104,2,0,2.03844,2.03844
4104,3,0,4.25464,4.25464
4105,0,0.371302,3.07198,3.44328
4105,1,0,4.61036,4.61036
4105,2,0,1.77266,1.77266
4105,3,0,4.05026,4.05026
4106,0,0.388281,3.6301,4.01839
4106,1,0,4.5625,4.5625
4106,2,0,2.95885,2.95885
4106,3,0,2.94599,2.94599
4107,0,0.389427,3.37167,3.76109
4107,1,0,4.76859,4.76859
4107,2,0,3.07255,3.07255
4107,3,0,2.94,2.94
4108,0,0.413281,3.16021,3.57349
4108,1,0,4.60453,4.60453
4108,2,0,2.91771,2.91771
4108,3,0,2.97792,2.97792
4109,0,0.511823,3.24687,3.7587
4109,1,0,4.77562,4.77562
4109,2,0,4.05938,4.05938
4109,3,0,1.98333,1.98333
4110,0,0.434062,4.3476,4.78167
4110,1,0,5.13865,5.13865
4110,2,0,2.95036,2.95036
4110,3,0,1.81276,1.81276
4111,0,0.424114,5.72651,6.15062
4111,1,0,2.94016,2.94016
4111,2,0,3.0587,3.0587
4111,3,0,1.96542,1.96542
4112,0,0.401407,5.54406,5.94547
4112,1,0,2.91167,2.91167
4112,2,0,2.9912,2.9912
4112,3,0,2.02109,2.02109
4113,0,0.499114,5.70198,6.20109
4113,1,0,2.94807,2.94807
4113,2,0,2.93891,2.93891
4113,3,0,4.76307,4.76307
4114,0,0.390157,3.4151,3.80526
4114,1,0,4.19979,4.19979
4114,2,0,1.87948,1.87948
4114,3,0,4.65776,4.65776
4115,0,0.368959,4.38193,4.75089
4115,1,0,3.15708,3.15708
4115,2,0,2.13057,2.13057
4115,3,0,4.7674,4.7674
4116,0,0.398646,5.7251,6.12375
4116,1,0,1.8274,1.8274
4116,2,0,4.8024,4.8024
4116,3,0,1.79156,1.79156
4117,0,0.343177,5.44026,5.78344
4117,1,0,1.83917,1.83917
4117,2,0,4.74078,4.74078
4117,3,0,1.77479,1.77479
4118,0,0.33849,5.8524,6.19089
4118,1,0,1.88302,1.88302
4118,2,0,4.77161,4.77161
4118,3,0,1.78094,1.78094
4119,0,0.356354,5.51323,5.86958
4119,1,0,1.80615,1.80615
4119,2,0,4.61828,4.61828
4119,3,0,1.86891,1.86891
4120,0,0.406771,5.48646,5.89323
4120,1,0,1.80781,1.80781
4120,2,0,4.59687,4.59687
4120,3,0,1.82005,1.82005
4121,0,0.446615,6.01094,6.45755
4121,1,0,1.8913,1.8913
4121,2,0,4.60516,4.60516
4121,3,0,2.90698,2.90698
4122,0,0.344323,4.62234,4.96667
4122,1,0,4.76802,4.76802
4122,2,0,1.81828,1.81828
4122,3,0,2.92859,2.92859
4123,0,0.401563,3.81844,4.22
4123,1,0,4.71073,4.71073
4123,2,0,1.85844,1.85844
4123,3,0,4.43677,4.43677
4124,0,0.376927,3.29406,3.67099
4124,1,0,4.59531,4.59531
4124,2,0,1.7588,1.7588
4124,3,0,4.05563,4.05563
4125,0,0.349688,3.55198,3.90167
4125,1,0,4.77849,4.77849
4125,2,0,2.96005,2.96005
4125,3,0,2.96573,2.96573
4126,0,0.412343,3.28005,3.6924
4126,1,0,4.89031,4.89031
4126,2,0,3.06859,3.06859
4126,3,0,3.02813,3.02813
4127,0,0.435677,3.20766,3.64333
4127,1,0,4.70761,4.70761
4127,2,0,4.09234,4.09234
4127,3,0,1.80838,1.80838
4128,0,0.415729,5.8174,6.23313
4128,1,0,1.79516,1.79516
4128,2,0,4.04833,4.04833
4128,3,0,1.84271,1.84271
4129,0,0.391354,6.17505,6.56641
4129,1,0,1.83,1.83
4129,2,0,4.02073,4.02073
4129,3,0,1.81453,1.81453
4130,0,0.393281,5.80479,6.19807
4130,1,0,1.7663,1.7663
4130,2,0,3.92953,3.92953
4130,3,0,1.88286,1.88286
4131,0,1.00573,5.38203,6.38776
4131,1,0,1.80417,1.80417
4131,2,0,3.84417,3.84417
4131,3,0,1.85495,1.85495
4132,0,0.446563,4.15917,4.60573
4132,1,0,5.18318,5.18318
4132,2,0,2.96036,2.96036
4132,3,0,1.81578,1.81578
4133,0,0.401093,5.50896,5.91005
4133,1,0,2.94906,2.94906
4133,2,0,3.09938,3.09938
4133,3,0,1.91125,1.91125
4134,0,1.34495,4.73203,6.07698
4134,1,0,2.93495,2.93495
4134,2,0,3.04531,3.04531
4134,3,0,1.98995,1.98995
4135,0,0.596094,5.61589,6.21198
4135,1,0,2.92297,2.92297
4135,2,0,2.95604,2.95604
4135,3,0,1.82172,1.82172
4136,0,0.397761,5.93266,6.33042
4136,1,0,2.9963,2.9963
4136,2,0,3.06016,3.06016
4136,3,0,1.82865,1.82865
4137,0,0.388073,5.65349,6.04156
4137,1,0,2.92828,2.92828
4137,2,0,3.14792,3.14792
4137,3,0,1.96193,1.96193
4138,0,0.423646,5.71292,6.13656
4138,1,0,4.07266,4.07266
4138,2,0,1.80724,1.80724
4138,3,0,1.77698,1.77698
4139,0,0.384687,5.56875,5.95344
4139,1,0,1.86823,1.86823
4139,2,0,3.92677,3.92677
4139,3,0,1.90328,1.90328
4140,0,0.425156,6.0099,6.43505
4140,1,0,4.1901,4.1901
4140,2,0,2.14828,2.14828
4140,3,0,1.83245,1.83245
4141,0,0.460104,5.71188,6.17198
4141,1,0,4.1087,4.1087
4141,2,0,1.81516,1.81516
4141,3,0,4.70563,4.70563
4142,0,0.37026,4.54193,4.91219
4142,1,0,3.01448,3.01448
4142,2,0,1.82891,1.82891
4142,3,0,4.73167,4.73167
4143,0,0.357448,4.55771,4.91516
4143,1,0,2.87521,2.87521
4143,2,0,1.86865,1.86865
4143,3,0,4.76625,4.76625
4144,0,0.415782,5.71125,6.12703
4144,1,0,1.82901,1.82901
4144,2,0,4.69531,4.69531
4144,3,0,1.8524,1.8524
4145,0,0.40724,5.68698,6.09422
4145,1,0,1.82417,1.82417
4145,2,0,4.74531,4.74531
4145,3,0,1.83797,1.83797
4146,0,0.439063,5.76885,6.20792
4146,1,0,1.86927,1.86927
4146,2,0,4.62307,4.62307
4146,3,0,1.77141,1.77141
4147,0,0.357865,5.60177,5.95963
4147,1,0,1.81432,1.81432
4147,2,0,4.6775,4.6775
4147,3,0,1.82292,1.82292
4148,0,0.386562,5.19995,5.58651
4148,1,0,1.81578,1.81578
4148,2,0,4.71052,4.71052
4148,3,0,2.04172,2.04172
4149,0,0.420312,5.19214,5.61245
4149,1,0,1.82089,1.82089
4149,2,0,4.58896,4.58896
4149,3,0,1.77135,1.77135
4150,0,0.389687,5.09885,5.48854
4150,1,0,4.90099,4.90099
4150,2,0,1.82812,1.82812
4150,3,0,1.79604,1.79604
4151,0,0.391615,5.15099,5.5426
4151,1,0,4.79802,4.79802
4151,2,0,1.97552,1.97552
4151,3,0,3.00583,3.00583
4152,0,0.395573,4.51063,4.9062
4152,1,0,4.69271,4.69271
4152,2,0,1.75771,1.75771
4152,3,0,2.90573,2.90573
4153,0,0.682813,3.78313,4.46594
4153,1,0,4.73865,4.73865
4153,2,0,1.85151,1.85151
4153,3,0,2.92281,2.92281
4154,0,0.655416,3.58198,4.2374
4154,1,0,1.86813,1.86813
4154,2,0,4.83573,4.83573
4154,3,0,3.05849,3.05849
4155,0,0.463385,3.94448,4.40786
4155,1,0,4.68104,4.68104
4155,2,0,1.76641,1.76641
4155,3,0,2.92724,2.92724
4156,0,0.3775,3.9749,4.3524
4156,1,0,4.57865,4.57865
4156,2,0,1.79906,1.79906
4156,3,0,2.91188,2.91188
4157,0,0.701979,4.01328,4.71526
4157,1,0,4.91276,4.91276
4157,2,0,1.84068,1.84068
4157,3,0,4.06016,4.06016
4158,0,0.390052,3.16891,3.55896
4158,1,0,4.6,4.6
4158,2,0,1.77651,1.77651
4158,3,0,4.13219,4.13219
4159,0,0.705573,3.54771,4.25328
4159,1,0,4.59354,4.59354
4159,2,0,2.91812,2.91812
4159,3,0,2.99714,2.99714
4160,0,0.533802,3.34021,3.87401
4160,1,0,4.69484,4.69484
4160,2,0,2.94578,2.94578
4160,3,0,2.69531,2.69531
4161,0,0.467187,3.20562,3.67281
4161,1,0,4.69062,4.69062
4161,2,0,5.11573,5.11573
4161,3,0,1.9174,1.9174
4162,0,0.459792,5.58057,6.04037
4162,1,0,3.00542,3.00542
4162,2,0,3.29984,3.29984
4162,3,0,1.91401,1.91401
4163,0,0.498646,5.61885,6.1175
4163,1,0,2.92203,2.92203
4163,2,0,2.94797,2.94797
4163,3,0,1.80578,1.80578
4164,0,0.387604,5.82651,6.21411
4164,1,0,3.00766,3.00766
4164,2,0,2.98786,2.98786
4164,3,0,1.88406,1.88406
4165,0,0.408646,5.78651,6.19516
4165,1,0,3.13516,3.13516
4165,2,0,2.87922,2.87922
4165,3,0,1.84974,1.84974
4166,0,0.471667,5.58922,6.06089
4166,1,0,2.98594,2.98594
4166,2,0,2.67469,2.67469
4166,3,0,1.83833,1.83833
4167,0,0.481094,5.71391,6.195
4167,1,0,3.02188,3.02188
4167,2,0,2.84417,2.84417
4167,3,0,1.86255,1.86255
4168,0,0.411823,5.70276,6.11458
4168,1,0,3.30828,3.30828
4168,2,0,2.79604,2.79604
4168,3,0,1.89057,1.89057
4169,0,0.410885,5.80281,6.2137
4169,1,0,4.08063,4.08063
4169,2,0,1.87094,1.87094
4169,3,0,1.81787,1.81787
4170,0,0.440469,5.97021,6.41068
4170,1,0,4.1137,4.1137
4170,2,0,1.85516,1.85516
4170,3,0,1.83573,1.83573
4171,0,0.401823,6.29495,6.69677
4171,1,0,4.13276,4.13276
4171,2,0,1.90885,1.90885
4171,3,0,4.8101,4.8101
4172,0,0.383177,4.45859,4.84177
4172,1,0,3.05344,3.05344
4172,2,0,1.96083,1.96083
4172,3,0,4.78594,4.78594
4173,0,0.377604,5.6125,5.9901
4173,1,0,1.87021,1.87021
4173,2,0,1.8525,1.8525
4173,3,0,4.98464,4.98464
4174,0,0.480469,5.95651,6.43698
4174,1,0,2.02609,2.02609
4174,2,0,4.67359,4.67359
4174,3,0,1.84974,1.84974
4175,0,0.395,5.495,5.89
4175,1,0,1.94979,1.94979
4175,2,0,4.70786,4.70786
4175,3,0,2.99761,2.99761
4176,0,0.366406,4.53266,4.89906
4176,1,0,1.91458,1.91458
4176,2,0,4.79859,4.79859
4176,3,0,4.01667,4.01667
4177,0,0.433906,3.14151,3.57542
4177,1,0,4.69891,4.69891
4177,2,0,1.80359,1.80359
4177,3,0,4.11651,4.11651
4178,0,0.428229,3.59,4.01823
4178,1,0,4.60771,4.60771
4178,2,0,1.80052,1.80052
4178,3,0,2.9525,2.9525
4179,0,0.391927,4.0551,4.44703
4179,1,0,5.16151,5.16151
4179,2,0,3.05411,3.05411
4179,3,0,2.98739,2.98739
4180,0,0.405312,3.53875,3.94406
4180,1,0,4.58333,4.58333
4180,2,0,4.18094,4.18094
4180,3,0,1.90464,1.90464
4181,0,0.420729,6.61411,7.03484
4181,1,0,2.92667,2.92667
4181,2,0,3.01932,3.01932
4181,3,0,2.02604,2.02604
4182,0,0.556979,5.75245,6.30943
4182,1,0,2.95932,2.95932
4182,2,0,2.8138,2.8138
4182,3,0,1.8074,1.8074
4183,0,0.402448,5.8062,6.20865
4183,1,0,3.02406,3.02406
4183,2,0,3.07276,3.07276
4183,3,0,1.81969,1.81969
4184,0,0.447916,5.58656,6.03448
4184,1,0,2.97031,2.97031
4184,2,0,3.30068,3.30068
4184,3,0,1.92266,1.92266
4185,0,0.516042,5.94016,6.4562
4185,1,0,4.10745,4.10745
4185,2,0,1.82833,1.82833
4185,3,0,4.69344,4.69344
4186,0,0.592135,4.69104,5.28318
4186,1,0,3.08786,3.08786
4186,2,0,1.94693,1.94693
4186,3,0,4.69099,4.69099
4187,0,0.390469,5.8226,6.21307
4187,1,0,2.02943,2.02943
4187,2,0,4.80703,4.80703
4187,3,0,1.77328,1.77328
4188,0,0.358281,5.63818,5.99646
4188,1,0,1.81807,1.81807
4188,2,0,4.69646,4.69646
4188,3,0,1.88287,1.88287
4189,0,0.394166,5.74302,6.13719
4189,1,0,1.80391,1.80391
4189,2,0,4.62568,4.62568
4189,3,0,1.86073,1.86073
4190,0,0.420729,6.00313,6.42385
4190,1,0,1.87037,1.87037
4190,2,0,4.59833,4.59833
4190,3,0,2.91911,2.91911
4191,0,0.363438,4.33672,4.70016
4191,1,0,4.7587,4.7587
4191,2,0,1.82094,1.82094
4191,3,0,2.91557,2.91557
4192,0,0.826354,4.68646,5.51281
4192,1,0,4.66396,4.66396
4192,2,0,2.07844,2.07844
4192,3,0,4.10521,4.10521
4193,0,0.407344,3.55031,3.95766
4193,1,0,4.60042,4.60042
4193,2,0,2.9213,2.9213
4193,3,0,2.93526,2.93526
4194,0,0.462136,3.18484,3.64698
4194,1,0,4.69854,4.69854
4194,2,0,4.12609,4.12609
4194,3,0,1.87271,1.87271
4195,0,0.407448,3.22755,3.635
4195,1,0,4.95203,4.95203
4195,2,0,3.03646,3.03646
4195,3,0,2.8149,2.8149
4196,0,0.527187,5.64099,6.16818
4196,1,0,1.77937,1.77937
4196,2,0,4.09104,4.09104
4196,3,0,1.89224,1.89224
4197,0,0.4275,5.6876,6.1151
4197,1,0,1.80734,1.80734
4197,2,0,4.05208,4.05208
4197,3,0,1.80729,1.80729
4198,0,0.446771,5.90656,6.35333
4198,1,0,1.83177,1.83177
4198,2,0,3.91068,3.91068
4198,3,0,2.06031,2.06031
4199,0,0.406198,5.6975,6.1037
4199,1,0,1.76891,1.76891
4199,2,0,2.91578,2.91578
4199,3,0,2.83542,2.83542
4200,0,0.493802,6.08495,6.57875
4200,1,0,2.94412,2.94412
4200,2,0,2.93521,2.93521
4200,3,0,2.1225,2.1225
4201,0,0.525885,5.93818,6.46406
4201,1,0,3.01297,3.01297
4201,2,0,2.79489,2.79489
4201,3,0,1.84219,1.84219
4202,0,0.42875,5.73052,6.15927
4202,1,0,2.93344,2.93344
4202,2,0,3.09458,3.09458
4202,3,0,1.87568,1.87568
4203,0,0.44375,5.50078,5.94453
4203,1,0,2.91963,2.91963
4203,2,0,3.00729,3.00729
4203,3,0,2.09443,2.09443
4204,0,0.545625,6.06479,6.61042
4204,1,0,4.09005,4.09005
4204,2,0,1.83547,1.83547
4204,3,0,1.79651,1.79651
4205,0,0.3975,5.69813,6.09563
4205,1,0,4.16474,4.16474
4205,2,0,1.86974,1.86974
4205,3,0,1.83339,1.83339
4206,0,0.455885,5.55115,6.00703
4206,1,0,4.16349,4.16349
4206,2,0,2.09162,2.09162
4206,3,0,1.87005,1.87005
4207,0,0.471198,5.68391,6.1551
4207,1,0,2.94635,2.94635
4207,2,0,2.90828,2.90828
4207,3,0,1.78833,1.78833
4208,0,0.408125,5.825,6.23313
4208,1,0,4.21917,4.21917
4208,2,0,1.84552,1.84552
4208,3,0,1.79089,1.79089
4209,0,0.415365,5.44187,5.85724
4209,1,0,4.65911,4.65911
4209,2,0,1.90125,1.90125
4209,3,0,1.81141,1.81141
4210,0,0.519583,6.67818,7.19776
4210,1,0,2.94271,2.94271
4210,2,0,1.82979,1.82979
4210,3,0,4.6851,4.6851
4211,0,0.36927,4.42844,4.79771
4211,1,0,2.99245,2.99245
4211,2,0,1.85651,1.85651
4211,3,0,4.67068,4.67068
4212,0,0.376406,5.56224,5.93865
4212,1,0,1.86667,1.86667
4212,2,0,1.85042,1.85042
4212,3,0,4.62422,4.62422
4213,0,0.367396,5.53969,5.90708
4213,1,0,1.82187,1.82187
4213,2,0,1.7662,1.7662
4213,3,0,4.73073,4.73073
4214,0,0.417448,4.40838,4.82583
4214,1,0,2.72443,2.72443
4214,2,0,1.79229,1.79229
4214,3,0,4.66943,4.66943
4215,0,0.430885,5.87641,6.30729
4215,1,0,1.88526,1.88526
4215,2,0,4.74703,4.74703
4215,3,0,1.76588,1.76588
4216,0,0.38099,5.5813,5.96229
4216,1,0,1.83359,1.83359
4216,2,0,4.7749,4.7749
4216,3,0,1.81917,1.81917
4217,0,0.36927,5.59823,5.9675
4217,1,0,1.79396,1.79396
4217,2,0,4.84953,4.84953
4217,3,0,3.16391,3.16391
4218,0,0.822656,3.87318,4.69583
4218,1,0,4.68635,4.68635
4218,2,0,1.76167,1.76167
4218,3,0,2.90484,2.90484
4219,0,0.370729,4.22719,4.59792
4219,1,0,4.79786,4.79786
4219,2,0,1.79969,1.79969
4219,3,0,2.91771,2.91771
4220,0,0.37125,3.79688,4.16812
4220,1,0,1.85594,1.85594
4220,2,0,4.8162,4.8162
4220,3,0,3.05068,3.05068
4221,0,0.537917,3.96443,4.50234
4221,1,0,4.77427,4.77427
4221,2,0,1.77755,1.77755
4221,3,0,2.91573,2.91573
4222,0,0.384792,3.80495,4.18974
4222,1,0,4.93125,4.93125
4222,2,0,1.81906,1.81906
4222,3,0,2.94089,2.94089
4223,0,0.416979,4.02677,4.44375
4223,1,0,1.96396,1.96396
4223,2,0,4.77651,4.77651
4223,3,0,4.21271,4.21271
4224,0,0.4125,3.17771,3.59021
4224,1,0,4.58276,4.58276
4224,2,0,1.76776,1.76776
4224,3,0,4.07036,4.07036
4225,0,3.03896,5.64776,8.68672
4225,1,0,2.90943,2.90943
4225,2,0,2.92391,2.92391
4225,3,0,1.87297,1.87297
4226,0,0.537031,4.06287,4.5999
4226,1,0,5.15984,5.15984
4226,2,0,2.67859,2.67859
4226,3,0,1.80708,1.80708
4227,0,0.446042,5.90875,6.35479
4227,1,0,2.92896,2.92896
4227,2,0,2.94906,2.94906
4227,3,0,1.84302,1.84302
4228,0,0.421302,5.76031,6.18161
4228,1,0,2.96927,2.96927
4228,2,0,3.0374,3.0374
4228,3,0,2.0649,2.0649
4229,0,0.480468,5.60245,6.08292
4229,1,0,3.8187,3.8187
4229,2,0,1.81812,1.81812
4229,3,0,1.78891,1.78891
4230,0,0.390104,5.76161,6.15172
4230,1,0,3.00339,3.00339
4230,2,0,2.86287,2.86287
4230,3,0,1.81161,1.81161
4231,0,0.501458,5.61458,6.11604
4231,1,0,3.00031,3.00031
4231,2,0,3.11974,3.11974
4231,3,0,1.84792,1.84792
4232,0,0.461511,5.57531,6.03682
4232,1,0,2.92021,2.92021
4232,2,0,2.73979,2.73979
4232,3,0,1.80891,1.80891
4233,0,0.411875,5.67667,6.08854
4233,1,0,3.00604,3.00604
4233,2,0,2.96563,2.96563
4233,3,0,1.92448,1.92448
4234,0,0.407032,6.01484,6.42188
4234,1,0,4.12328,4.12328
4234,2,0,1.88203,1.88203
4234,3,0,1.83365,1.83365
4235,0,0.487396,5.6837,6.17109
4235,1,0,3.80828,3.80828
4235,2,0,1.80974,1.80974
4235,3,0,1.78432,1.78432
4236,0,0.461354,5.82464,6.28599
4236,1,0,3.01391,3.01391
4236,2,0,2.68521,2.68521
4236,3,0,1.84302,1.84302
4237,0,0.414688,5.88432,6.29901
4237,1,0,4.18984,4.18984
4237,2,0,1.88932,1.88932
4237,3,0,1.86766,1.86766
4238,0,0.43448,5.72234,6.15682
4238,1,0,1.77599,1.77599
4238,2,0,3.88063,3.88063
4238,3,0,1.81391,1.81391
4239,0,0.442969,5.71167,6.15463
4239,1,0,2.9637,2.9637
4239,2,0,2.78938,2.78938
4239,3,0,1.81844,1.81844
4240,0,0.468437,5.86698,6.33542
4240,1,0,3.13786,3.13786
4240,2,0,2.79,2.79
4240,3,0,1.92443,1.92443
4241,0,0.409739,5.59495,6.00469
4241,1,0,2.92646,2.92646
4241,2,0,3.19161,3.19161
4241,3,0,1.86271,1.86271
4242,0,0.3975,6.06161,6.45911
4242,1,0,4.12328,4.12328
4242,2,0,1.84542,1.84542
4242,3,0,1.82083,1.82083
4243,0,0.639323,5.6299,6.26922
4243,1,0,4.24448,4.24448
4243,2,0,1.86599,1.86599
4243,3,0,2.02531,2.02531
4244,0,0.461459,5.76839,6.22984
4244,1,0,3.90359,3.90359
4244,2,0,2.01292,2.01292
4244,3,0,1.91693,1.91693
4245,0,0.547083,5.3412,5.88828
4245,1,0,2.95588,2.95588
4245,2,0,2.73797,2.73797
4245,3,0,1.94078,1.94078
4246,0,0.496666,5.84641,6.34307
4246,1,0,3.9674,3.9674
4246,2,0,1.80297,1.80297
4246,3,0,1.77818,1.77818
4247,0,0.411927,5.64234,6.05427
4247,1,0,4.18401,4.18401
4247,2,0,1.97646,1.97646
4247,3,0,1.87943,1.87943
4248,0,0.49526,5.46625,5.96151
4248,1,0,2.93771,2.93771
4248,2,0,2.77219,2.77219
4248,3,0,1.97042,1.97042
4249,0,0.566562,5.88453,6.45109
4249,1,0,3.9613,3.9613
4249,2,0,1.80323,1.80323
4249,3,0,4.68922,4.68922
4250,0,0.379218,4.56062,4.93984
4250,1,0,3.02,3.02
4250,2,0,1.91495,1.91495
4250,3,0,4.70729,4.70729
4251,0,0.407083,5.24458,5.65167
4251,1,0,1.89984,1.89984
4251,2,0,2.11917,2.11917
4251,3,0,4.70755,4.70755
4252,0,0.417448,5.51687,5.93432
4252,1,0,1.82271,1.82271
4252,2,0,1.77734,1.77734
4252,3,0,4.60906,4.60906
4253,0,0.571042,6.4012,6.97224
4253,1,0,1.91443,1.91443
4253,2,0,4.59193,4.59193
4253,3,0,1.75432,1.75432
4254,0,0.905625,5.50651,6.41214
4254,1,0,1.87818,1.87818
4254,2,0,4.67328,4.67328
4254,3,0,2.94365,2.94365
4255,0,0.375625,4.41042,4.78604
4255,1,0,4.69396,4.69396
4255,2,0,1.77141,1.77141
4255,3,0,2.9688,2.9688
4256,0,0.412031,4.06912,4.48115
4256,1,0,4.66052,4.66052
4256,2,0,1.77302,1.77302
4256,3,0,2.99177,2.99177
4257,0,0.679583,4.13526,4.81484
4257,1,0,4.75932,4.75932
4257,2,0,1.7751,1.7751
4257,3,0,4.05802,4.05802
4258,0,0.363958,3.24339,3.60734
4258,1,0,4.7375,4.7375
4258,2,0,1.88312,1.88312
4258,3,0,4.10339,4.10339
4259,0,0.76349,3.25036,4.01385
4259,1,0,4.63286,4.63286
4259,2,0,3.17958,3.17958
4259,3,0,3.09042,3.09042
4260,0,0.422916,3.19448,3.6174
4260,1,0,4.60406,4.60406
4260,2,0,3.82042,3.82042
4260,3,0,1.83266,1.83266
4261,0,0.506771,3.07005,3.57682
4261,1,0,4.6938,4.6938
4261,2,0,3.85391,3.85391
4261,3,0,1.84359,1.84359
4262,0,0.444635,3.17609,3.62073
4262,1,0,4.88599,4.88599
4262,2,0,4.3151,4.3151
4262,3,0,1.89214,1.89214
4263,0,0.426771,5.82943,6.2562
4263,1,0,1.77625,1.77625
4263,2,0,2.92651,2.92651
4263,3,0,2.7499,2.7499
4264,0,0.477708,5.65062,6.12833
4264,1,0,1.81563,1.81563
4264,2,0,4.08323,4.08323
4264,3,0,1.81536,1.81536
4265,0,0.39177,6.17552,6.56729
4265,1,0,1.9012,1.9012
4265,2,0,3.95266,3.95266
4265,3,0,1.81958,1.81958
4266,0,0.405157,5.83573,6.24089
4266,1,0,1.7663,1.7663
4266,2,0,3.81026,3.81026
4266,3,0,1.82661,1.82661
4267,0,0.409635,5.96995,6.37958
4267,1,0,1.81865,1.81865
4267,2,0,2.9151,2.9151
4267,3,0,2.74203,2.74203
4268,0,0.445885,3.58344,4.02932
4268,1,0,6.03411,6.03411
4268,2,0,3.04755,3.04755
4268,3,0,1.84995,1.84995
4269,0,0.43125,5.68625,6.1175
4269,1,0,2.91578,2.91578
4269,2,0,2.96766,2.96766
4269,3,0,1.92422,1.92422
4270,0,0.481719,5.59104,6.07276
4270,1,0,2.94927,2.94927
4270,2,0,2.82651,2.82651
4270,3,0,1.90271,1.90271
4271,0,0.540052,5.85323,6.39328
4271,1,0,3.94266,3.94266
4271,2,0,1.81875,1.81875
4271,3,0,1.77109,1.77109
4272,0,0.394688,6.01885,6.41354
4272,1,0,2.94599,2.94599
4272,2,0,2.7824,2.7824
4272,3,0,1.8663,1.8663
4273,0,0.481094,5.49865,5.97974
4273,1,0,2.92073,2.92073
4273,2,0,3.0912,3.0912
4273,3,0,2.04161,2.04161
4274,0,0.518177,5.76818,6.28635
4274,1,0,3.81651,3.81651
4274,2,0,1.83969,1.83969
4274,3,0,1.92703,1.92703
4275,0,0.395678,5.76583,6.16151
4275,1,0,3.91287,3.91287
4275,2,0,1.86625,1.86625
4275,3,0,1.86724,1.86724
4276,0,0.424375,5.68042,6.10479
4276,1,0,2.98307,2.98307
4276,2,0,2.88203,2.88203
4276,3,0,1.9625,1.9625
4277,0,0.452813,5.92047,6.37328
4277,1,0,3.81365,3.81365
4277,2,0,1.81838,1.81838
4277,3,0,1.77854,1.77854
4278,0,0.385417,5.84818,6.23359
4278,1,0,3.02495,3.02495
4278,2,0,2.73365,2.73365
4278,3,0,1.84359,1.84359
4279,0,0.44,5.81312,6.25312
4279,1,0,2.97849,2.97849
4279,2,0,2.99625,2.99625
4279,3,0,1.83719,1.83719
4280,0,0.501563,5.64734,6.14891
4280,1,0,2.94125,2.94125
4280,2,0,2.76073,2.76073
4280,3,0,1.77984,1.77984
4281,0,0.396822,5.81953,6.21635
4281,1,0,3.04318,3.04318
4281,2,0,2.72958,2.72958
4281,3,0,1.82052,1.82052
4282,0,0.422552,5.91219,6.33474
4282,1,0,4.19823,4.19823
4282,2,0,1.85453,1.85453
4282,3,0,1.84021,1.84021
4283,0,0.480417,6.27036,6.75078
4283,1,0,4.09412,4.09412
4283,2,0,1.81068,1.81068
4283,3,0,1.80193,1.80193
4284,0,0.478489,5.57182,6.05031
4284,1,0,4.11958,4.11958
4284,2,0,1.81521,1.81521
4284,3,0,1.78432,1.78432
4285,0,0.424115,5.9474,6.37151
4285,1,0,4.04531,4.04531
4285,2,0,1.87245,1.87245
4285,3,0,1.83896,1.83896
4286,0,0.419063,5.51812,5.93719
4286,1,0,4.05703,4.05703
4286,2,0,1.78969,1.78969
4286,3,0,1.79208,1.79208
4287,0,0.458385,5.98984,6.44823
4287,1,0,2.98172,2.98172
4287,2,0,2.73214,2.73214
4287,3,0,1.79474,1.79474
4288,0,0.390052,6.04568,6.43573
4288,1,0,4.25167,4.25167
4288,2,0,1.81911,1.81911
4288,3,0,1.77297,1.77297
4289,0,0.391354,5.6574,6.04875
4289,1,0,2.91839,2.91839
4289,2,0,2.73302,2.73302
4289,3,0,1.85693,1.85693
4290,0,0.571406,5.38531,5.95672
4290,1,0,4.09912,4.09912
4290,2,0,1.80792,1.80792
4290,3,0,1.81172,1.81172
4291,0,0.615572,6.00943,6.625
4291,1,0,3.95562,3.95562
4291,2,0,1.80453,1.80453
4291,3,0,1.78901,1.78901
4292,0,0.406407,5.6974,6.1038
4292,1,0,4.09505,4.09505
4292,2,0,1.83422,1.83422
4292,3,0,1.94078,1.94078
4293,0,0.545156,5.53682,6.08198
4293,1,0,4.11552,4.11552
4293,2,0,1.99802,1.99802
4293,3,0,1.88922,1.88922
4294,0,0.473646,8.7762,9.24984
4294,1,0,1.91182,1.91182
4294,2,0,1.80979,1.80979
4294,3,0,4.6863,4.6863
4295,0,0.370105,3.14531,3.51542
4295,1,0,3.69594,3.69594
4295,2,0,1.89354,1.89354
4295,3,0,4.68047,4.68047
4296,0,0.377604,4.21057,4.58818
4296,1,0,2.66401,2.66401
4296,2,0,1.93604,1.93604
4296,3,0,5.09016,5.09016
4297,0,0.429896,5.45526,5.88516
4297,1,0,1.82234,1.82234
4297,2,0,1.82375,1.82375
4297,3,0,4.59094,4.59094
4298,0,0.387135,5.5263,5.91344
4298,1,0,1.90229,1.90229
4298,2,0,1.82536,1.82536
4298,3,0,4.59156,4.59156
4299,0,0.382761,5.54161,5.92438
4299,1,0,2.02786,2.02786
4299,2,0,1.94635,1.94635
4299,3,0,4.70724,4.70724
4300,0,0.382032,5.45385,5.83589
4300,1,0,1.91786,1.91786
4300,2,0,4.71953,4.71953
4300,3,0,1.77547,1.77547
4301,0,0.381302,5.67786,6.05917
4301,1,0,1.8249,1.8249
4301,2,0,4.62302,4.62302
4301,3,0,1.79698,1.79698
4302,0,0.470312,5.70276,6.17307
4302,1,0,1.84953,1.84953
4302,2,0,4.65651,4.65651
4302,3,0,2.92937,2.92937
4303,0,0.689636,3.67885,4.36849
4303,1,0,4.68776,4.68776
4303,2,0,1.81688,1.81688
4303,3,0,3.03995,3.03995
4304,0,0.456042,4.00953,4.46557
4304,1,0,4.67938,4.67938
4304,2,0,1.82635,1.82635
4304,3,0,3.06755,3.06755
4305,0,0.522135,3.83703,4.35917
4305,1,0,4.81594,4.81594
4305,2,0,1.79537,1.79537
4305,3,0,2.92771,2.92771
4306,0,0.404062,4.06094,4.465
4306,1,0,4.72057,4.72057
4306,2,0,1.90104,1.90104
4306,3,0,2.97984,2.97984
4307,0,0.42375,3.79776,4.22151
4307,1,0,1.82031,1.82031
4307,2,0,4.65885,4.65885
4307,3,0,4.21104,4.21104
4308,0,0.415417,3.50755,3.92297
4308,1,0,4.6738,4.6738
4308,2,0,1.79151,1.79151
4308,3,0,4.05401,4.05401
4309,0,0.374844,3.16474,3.53958
4309,1,0,4.60391,4.60391
4309,2,0,1.80146,1.80146
4309,3,0,4.07995,4.07995
4310,0,1.31484,3.16547,4.48031
4310,1,0,4.91693,4.91693
4310,2,0,4.0375,4.0375
4310,3,0,1.88672,1.88672
4311,0,0.392656,3.26255,3.65521
4311,1,0,4.69469,4.69469
4311,2,0,4.07401,4.07401
4311,3,0,1.84682,1.84682
4312,0,0.410521,3.35276,3.76328
4312,1,0,4.7888,4.7888
4312,2,0,3.99359,3.99359
4312,3,0,1.80568,1.80568
4313,0,0.397083,6.02177,6.41885
4313,1,0,3.0526,3.0526
4313,2,0,3.04057,3.04057
4313,3,0,1.90604,1.90604
4314,0,0.405,5.93838,6.34338
4314,1,0,2.95875,2.95875
4314,2,0,2.68318,2.68318
4314,3,0,1.92182,1.92182
4315,0,0.958593,5.25745,6.21604
4315,1,0,3.01703,3.01703
4315,2,0,2.70724,2.70724
4315,3,0,2.11573,2.11573
4316,0,0.54224,5.79609,6.33833
4316,1,0,2.58104,2.58104
4316,2,0,2.81438,2.81438
4316,3,0,2.43604,2.43604
4317,0,0.560625,3.49927,4.0599
4317,1,0,1.86083,1.86083
4317,2,0,1.9312,1.9312
4317,3,0,2.2162,2.2162
4318,0,0.749948,3.28641,4.03636
4318,1,0,2.00672,2.00672
4318,2,0,1.88052,1.88052
4318,3,0,1.80349,1.80349
4319,0,0.711041,3.1538,3.86484
4319,1,0,1.85953,1.85953
4319,2,0,1.88312,1.88312
4319,3,0,2.00286,2.00286
4320,0,0.666562,3.43063,4.09719
4320,1,0,1.86875,1.86875
4320,2,0,1.84375,1.84375
4320,3,0,1.87635,1.87635
4321,0,0.91349,3.70974,4.62323
4321,1,0,2.66615,2.66615
4321,2,0,2.48505,2.48505
4321,3,0,3.92203,3.92203
4322,0,1.47562,3.23859,4.71422
4322,1,0,1.84458,1.84458
4322,2,0,1.8038,1.8038
4322,3,0,1.81276,1.81276
4323,0,0.758698,3.20646,3.96516
4323,1,0,3.21047,3.21047
4323,2,0,1.82115,1.82115
4323,3,0,1.82432,1.82432
4324,0,0.781041,3.13297,3.91401
4324,1,0,1.825,1.825
4324,2,0,1.86656,1.86656
4324,3,0,1.84766,1.84766
4325,0,0.798125,3.0851,3.88323
4325,1,0,1.82979,1.82979
4325,2,0,2.6175,2.6175
4325,3,0,1.90208,1.90208
4326,0,0.801927,3.24562,4.04755
4326,1,0,1.82901,1.82901
4326,2,0,1.80537,1.80537
4326,3,0,1.80635,1.80635
4327,0,0.734948,3.35786,4.09281
4327,1,0,2.9374,2.9374
4327,2,0,1.87693,1.87693
4327,3,0,1.86234,1.86234
4328,0,0.696458,3.15219,3.84865
4328,1,0,1.83583,1.83583
4328,2,0,1.81349,1.81349
4328,3,0,1.87037,1.87037
4329,0,0.792239,4.00396,4.7962
4329,1,0,1.84328,1.84328
4329,2,0,1.84162,1.84162
4329,3,0,1.85807,1.85807
4330,0,0.865572,3.21937,4.08495
4330,1,0,1.83151,1.83151
4330,2,0,1.81266,1.81266
4330,3,0,2.58016,2.58016
4331,0,1.50984,3.24156,4.75141
4331,1,0,1.87167,1.87167
4331,2,0,1.81937,1.81937
4331,3,0,1.83391,1.83391
4332,0,0.653021,4.26344,4.91646
4332,1,0,1.83302,1.83302
4332,2,0,1.82536,1.82536
4332,3,0,1.81672,1.81672
4333,0,0.685573,3.25672,3.94229
4333,1,0,1.84891,1.84891
4333,2,0,1.85536,1.85536
4333,3,0,2.72578,2.72578
4334,0,0.874635,3.22932,4.10396
4334,1,0,1.83307,1.83307
4334,2,0,1.795,1.795
4334,3,0,1.82203,1.82203
4335,0,0.925313,4.27656,5.20188
4335,1,0,1.8787,1.8787
4335,2,0,1.84542,1.84542
4335,3,0,1.83135,1.83135
4336,0,0.812344,3.55656,4.36891
4336,1,0,1.8725,1.8725
4336,2,0,2.6387,2.6387
4336,3,0,1.85708,1.85708
4337,0,0.775364,3.05677,3.83214
4337,1,0,1.83406,1.83406
4337,2,0,1.84042,1.84042
4337,3,0,1.84953,1.84953
4338,0,0.767188,4.10094,4.86813
4338,1,0,1.87964,1.87964
4338,2,0,1.82521,1.82521
4338,3,0,1.85088,1.85088
4339,0,0.81474,3.3375,4.15224
4339,1,0,1.85021,1.85021
4339,2,0,2.6563,2.6563
4339,3,0,1.80885,1.80885
4340,0,0.711875,3.51422,4.22609
4340,1,0,1.81187,1.81187
4340,2,0,1.78859,1.78859
4340,3,0,1.80219,1.80219
4341,0,0.637969,3.84677,4.48474
4341,1,0,1.87901,1.87901
4341,2,0,1.86958,1.86958
4341,3,0,1.84234,1.84234
4342,0,0.80375,3.19901,4.00276
4342,1,0,2.64188,2.64188
4342,2,0,1.83234,1.83234
4342,3,0,1.85099,1.85099
4343,0,0.880834,3.42802,4.30886
4343,1,0,1.84193,1.84193
4343,2,0,1.84052,1.84052
4343,3,0,2.62135,2.62135
4344,0,0.863698,3.36958,4.23328
4344,1,0,1.81469,1.81469
4344,2,0,1.80964,1.80964
4344,3,0,1.81141,1.81141
4345,0,0.805052,4.18708,4.99214
4345,1,0,1.86974,1.86974
4345,2,0,1.82729,1.82729
4345,3,0,1.83609,1.83609
4346,0,0.781875,3.2701,4.05198
4346,1,0,1.83984,1.83984
4346,2,0,2.65198,2.65198
4346,3,0,1.95896,1.95896
4347,0,0.903906,3.60172,4.50563
4347,1,0,1.84318,1.84318
4347,2,0,1.86385,1.86385
4347,3,0,1.89167,1.89167
4348,0,0.822188,3.24312,4.06531
4348,1,0,1.81609,1.81609
4348,2,0,1.80453,1.80453
4348,3,0,2.04453,2.04453
4349,0,1.79672,4.46823,6.26495
4349,1,0,3.1112,3.1112
4349,2,0,2.39484,2.39484
4349,3,0,2.72208,2.72208
4350,0,1.05927,4.32906,5.38833
4350,1,0,2.35224,2.35224
4350,2,0,1.92766,1.92766
4350,3,0,1.94703,1.94703
4351,0,1.13505,3.68703,4.82208
4351,1,0,4.10573,4.10573
4351,2,0,2.5025,2.5025
4351,3,0,2.3076,2.3076
4352,0,3.40734,3.38042,6.78776
4352,1,0,2.18182,2.18182
4352,2,0,2.1801,2.1801
4352,3,0,1.93703,1.93703
4353,0,1.05396,3.82208,4.87604
4353,1,0,2.38484,2.38484
4353,2,0,2.36339,2.36339
4353,3,0,1.97125,1.97125
4354,0,1.12724,3.17255,4.29979
4354,1,0,1.88339,1.88339
4354,2,0,1.86802,1.86802
4354,3,0,1.86,1.86
4355,0,0.981823,3.52406,4.50589
4355,1,0,1.87547,1.87547
4355,2,0,1.99609,1.99609
4355,3,0,1.95656,1.95656
4356,0,1.61318,3.35599,4.96917
4356,1,0,1.95109,1.95109
4356,2,0,1.87443,1.87443
4356,3,0,1.86693,1.86693
4357,0,1.0787,3.41703,4.49573
4357,1,0,2.27547,2.27547
4357,2,0,1.91698,1.91698
4357,3,0,1.87713,1.87713
4358,0,1.12563,3.16005,4.28568
4358,1,0,1.87312,1.87312
4358,2,0,1.8862,1.8862
4358,3,0,1.83917,1.83917
4359,0,0.981302,3.31047,4.29177
4359,1,0,1.8475,1.8475
4359,2,0,2.18698,2.18698
4359,3,0,2.05245,2.05245
4360,0,1.13693,3.11307,4.25
4360,1,0,1.83573,1.83573
4360,2,0,1.84557,1.84557
4360,3,0,1.82693,1.82693
4361,0,0.872344,3.24193,4.11427
4361,1,0,2.29859,2.29859
4361,2,0,1.88073,1.88073
4361,3,0,1.84833,1.84833
4362,0,1.04333,3.38286,4.4262
4362,1,0,1.93583,1.93583
4362,2,0,1.85385,1.85385
4362,3,0,1.86792,1.86792
4363,0,0.870105,3.30047,4.17057
4363,1,0,1.84198,1.84198
4363,2,0,2.39557,2.39557
4363,3,0,2.0788,2.0788
4364,0,1.18021,3.23458,4.41479
4364,1,0,2.18901,2.18901
4364,2,0,1.8275,1.8275
4364,3,0,2.19417,2.19417
4365,0,1.67614,3.61495,5.29109
4365,1,0,1.93453,1.93453
4365,2,0,1.85255,1.85255
4365,3,0,1.86411,1.86411
4366,0,0.959635,4.06411,5.02375
4366,1,0,1.83021,1.83021
4366,2,0,1.83807,1.83807
4366,3,0,1.81984,1.81984
4367,0,0.847031,3.26255,4.10958
4367,1,0,1.90229,1.90229
4367,2,0,1.99,1.99
4367,3,0,1.84411,1.84411
4368,0,1.05922,3.25589,4.3151
4368,1,0,1.84031,1.84031
4368,2,0,1.82375,1.82375
4368,3,0,1.8988,1.8988
4369,0,1.31234,3.28609,4.59844
4369,1,0,1.85646,1.85646
4369,2,0,1.8599,1.8599
4369,3,0,1.9825,1.9825
4370,0,0.927604,3.56682,4.49443
4370,1,0,1.83698,1.83698
4370,2,0,1.84193,1.84193
4370,3,0,1.8199,1.8199
4371,0,0.954687,3.34906,4.30375
4371,1,0,2.06526,2.06526
4371,2,0,2.51828,2.51828
4371,3,0,1.93359,1.93359
4372,0,1.07838,3.12401,4.2024
4372,1,0,1.85099,1.85099
4372,2,0,1.89979,1.89979
4372,3,0,1.86875,1.86875
4373,0,1.11833,3.25406,4.3724
4373,1,0,1.84833,1.84833
4373,2,0,2.00792,2.00792
4373,3,0,1.86292,1.86292
4374,0,0.832605,3.25864,4.09125
4374,1,0,1.91521,1.91521
4374,2,0,1.8501,1.8501
4374,3,0,1.83078,1.83078
4375,0,0.799167,3.305,4.10417
4375,1,0,1.91073,1.91073
4375,2,0,2.07349,2.07349
4375,3,0,1.85745,1.85745
4376,0,1.14099,3.19995,4.34094
4376,1,0,1.8337,1.8337
4376,2,0,1.8362,1.8362
4376,3,0,2.67745,2.67745
4377,0,1.11724,3.22932,4.34656
4377,1,0,1.8549,1.8549
4377,2,0,1.85599,1.85599
4377,3,0,1.84792,1.84792
4378,0,0.931823,3.44474,4.37656
4378,1,0,1.87219,1.87219
4378,2,0,1.89287,1.89287
4378,3,0,1.83588,1.83588
4379,0,0.978386,3.53438,4.51276
4379,1,0,2.0551,2.0551
4379,2,0,1.87448,1.87448
4379,3,0,1.85156,1.85156
4380,0,1.02412,3.15219,4.1763
4380,1,0,1.95818,1.95818
4380,2,0,2.30781,2.30781
4380,3,0,2.0851,2.0851
4381,0,1.18511,3.52724,4.71234
4381,1,0,1.85641,1.85641
4381,2,0,1.83891,1.83891
4381,3,0,1.84427,1.84427
4382,0,0.993959,3.2725,4.26646
4382,1,0,1.83542,1.83542
4382,2,0,1.82453,1.82453
4382,3,0,1.82375,1.82375
4383,0,0.77276,3.40698,4.17974
4383,1,0,2.03469,2.03469
4383,2,0,1.85557,1.85557
4383,3,0,1.83427,1.83427
4384,0,1.03005,3.4175,4.44755
4384,1,0,1.82646,1.82646
4384,2,0,1.93526,1.93526
4384,3,0,1.93255,1.93255
4385,0,1.1287,3.48995,4.61865
4385,1,0,1.8699,1.8699
4385,2,0,1.82828,1.82828
4385,3,0,1.82995,1.82995
4386,0,0.852917,3.21109,4.06401
4386,1,0,1.82609,1.82609
4386,2,0,1.82125,1.82125
4386,3,0,1.81912,1.81912
4387,0,0.781198,3.39302,4.17422
4387,1,0,2.24688,2.24688
4387,2,0,1.86396,1.86396
4387,3,0,1.84292,1.84292
4388,0,1.01984,3.2126,4.23245
4388,1,0,2.20016,2.20016
4388,2,0,2.8062,2.8062
4388,3,0,2.11505,2.11505
4389,0,1.05057,3.14599,4.19656
4389,1,0,2.05646,2.05646
4389,2,0,1.89984,1.89984
4389,3,0,1.83198,1.83198
4390,0,0.911354,3.1751,4.08646
4390,1,0,1.83802,1.83802
4390,2,0,1.83823,1.83823
4390,3,0,1.87901,1.87901
4391,0,0.895937,3.26542,4.16135
4391,1,0,1.94156,1.94156
4391,2,0,1.83339,1.83339
4391,3,0,1.92698,1.92698
4392,0,0.976875,3.06557,4.04245
4392,1,0,1.90396,1.90396
4392,2,0,2.4363,2.4363
4392,3,0,2.02958,2.02958
4393,0,1.03557,3.25672,4.29229
4393,1,0,1.87542,1.87542
4393,2,0,1.83505,1.83505
4393,3,0,1.85312,1.85312
4394,0,0.845365,3.25224,4.0976
4394,1,0,1.82443,1.82443
4394,2,0,1.82,1.82
4394,3,0,1.84625,1.84625
4395,0,0.826355,3.18328,4.00964
4395,1,0,2.09953,2.09953
4395,2,0,1.86422,1.86422
4395,3,0,1.83505,1.83505
4396,0,0.99849,3.61964,4.61813
4396,1,0,2.3499,2.3499
4396,2,0,1.98974,1.98974
4396,3,0,2.02052,2.02052
4397,0,1.08594,3.28219,4.36813
4397,1,0,2.09339,2.09339
4397,2,0,1.90437,1.90437
4397,3,0,1.8425,1.8425
4398,0,0.880729,3.20776,4.08849
4398,1,0,1.83401,1.83401
4398,2,0,1.82396,1.82396
4398,3,0,1.8337,1.8337
4399,0,0.832656,3.23359,4.06625
4399,1,0,1.98984,1.98984
4399,2,0,1.88766,1.88766
4399,3,0,1.86443,1.86443
4400,0,1.02193,3.4188,4.44073
4400,1,0,1.86339,1.86339
4400,2,0,1.94016,1.94016
4400,3,0,2.0188,2.0188
4401,0,1.0426,3.11094,4.15354
4401,1,0,1.86229,1.86229
4401,2,0,1.84932,1.84932
4401,3,0,1.83646,1.83646
4402,0,0.82198,3.28922,4.1112
4402,1,0,1.8237,1.8237
4402,2,0,1.82458,1.82458
4402,3,0,1.83937,1.83937
4403,0,0.787136,3.25333,4.04047
4403,1,0,2.44802,2.44802
4403,2,0,1.94667,1.94667
4403,3,0,1.83521,1.83521
4404,0,1.01969,3.42495,4.44463
4404,1,0,2.30021,2.30021
4404,2,0,2.04583,2.04583
4404,3,0,2.07838,2.07838
4405,0,1.02745,3.30625,4.3337
4405,1,0,1.85219,1.85219
4405,2,0,1.82781,1.82781
4405,3,0,1.82838,1.82838
4406,0,0.861406,3.2125,4.07391
4406,1,0,1.84635,1.84635
4406,2,0,1.82995,1.82995
4406,3,0,1.84354,1.84354
4407,0,0.849479,4.09401,4.94349
4407,1,0,2.00432,2.00432
4407,2,0,1.84755,1.84755
4407,3,0,1.83453,1.83453
4408,0,1.02578,3.36479,4.39057
4408,1,0,1.87031,1.87031
4408,2,0,1.89599,1.89599
4408,3,0,2.04578,2.04578
4409,0,1.03573,3.22917,4.2649
4409,1,0,2.1225,2.1225
4409,2,0,1.92536,1.92536
4409,3,0,1.88646,1.88646
4410,0,0.846875,3.24323,4.0901
4410,1,0,1.84354,1.84354
4410,2,0,1.92339,1.92339
4410,3,0,1.92141,1.92141
4411,0,1.60802,3.47635,5.08437
4411,1,0,1.90182,1.90182
4411,2,0,1.87062,1.87062
4411,3,0,1.83354,1.83354
4412,0,0.976563,3.5687,4.54526
4412,1,0,2.67828,2.67828
4412,2,0,3.13427,3.13427
4412,3,0,1.93984,1.93984
4413,0,1.07089,3.39198,4.46286
4413,1,0,1.85286,1.85286
4413,2,0,1.82677,1.82677
4413,3,0,1.89161,1.89161
4414,0,0.890052,3.14021,4.03026
4414,1,0,1.84057,1.84057
4414,2,0,2.18724,2.18724
4414,3,0,1.95026,1.95026
4415,0,1.01859,3.52813,4.54672
4415,1,0,2.01052,2.01052
4415,2,0,1.95552,1.95552
4415,3,0,1.82974,1.82974
4416,0,0.869792,3.355,4.22479
4416,1,0,2.19922,2.19922
4416,2,0,1.88802,1.88802
4416,3,0,1.84474,1.84474
4417,0,1.04896,3.28646,4.33542
4417,1,0,1.84302,1.84302
4417,2,0,1.83583,1.83583
4417,3,0,1.82563,1.82563
4418,0,0.893542,3.15646,4.05
4418,1,0,1.94042,1.94042
4418,2,0,2.6088,2.6088
4418,3,0,2.05073,2.05073
4419,0,1.21687,3.67578,4.89266
4419,1,0,1.87094,1.87094
4419,2,0,1.83406,1.83406
4419,3,0,1.83411,1.83411
4420,0,2.22927,3.33911,5.56839
4420,1,0,1.88328,1.88328
4420,2,0,1.85849,1.85849
4420,3,0,1.82667,1.82667
4421,0,0.882292,3.2776,4.1599
4421,1,0,1.84068,1.84068
4421,2,0,1.8275,1.8275
4421,3,0,1.82302,1.82302
4422,0,0.830469,3.18578,4.01625
4422,1,0,2.52552,2.52552
4422,2,0,1.99063,1.99063
4422,3,0,1.86328,1.86328
4423,0,1.01844,3.14344,4.16188
4423,1,0,1.85531,1.85531
4423,2,0,1.83266,1.83266
4423,3,0,1.85432,1.85432
4424,0,1.30229,3.38026,4.68255
4424,1,0,1.92047,1.92047
4424,2,0,1.92078,1.92078
4424,3,0,1.85677,1.85677
4425,0,0.988334,3.27088,4.25922
4425,1,0,1.82859,1.82859
4425,2,0,1.8274,1.8274
4425,3,0,1.8288,1.8288
4426,0,0.811042,3.1087,3.91974
4426,1,0,2.08854,2.08854
4426,2,0,1.97031,1.97031
4426,3,0,1.91469,1.91469
4427,0,0.979635,3.22037,4.2
4427,1,0,1.83276,1.83276
4427,2,0,2.19859,2.19859
4427,3,0,1.85073,1.85073
4428,0,1.3275,3.36318,4.69068
4428,1,0,1.8449,1.8449
4428,2,0,2.13458,2.13458
4428,3,0,1.89109,1.89109
4429,0,1.0763,3.2401,4.31641
4429,1,0,1.82932,1.82932
4429,2,0,2.02594,2.02594
4429,3,0,1.82156,1.82156
4430,0,0.80099,3.38599,4.18698
4430,1,0,1.88156,1.88156
4430,2,0,1.88255,1.88255
4430,3,0,1.85995,1.85995
4431,0,1.00547,3.24245,4.24792
4431,1,0,1.83464,1.83464
4431,2,0,1.82229,1.82229
4431,3,0,2.95208,2.95208
4432,0,1.36016,3.29958,4.65974
4432,1,0,1.86151,1.86151
4432,2,0,2.58453,2.58453
4432,3,0,1.9576,1.9576
4433,0,1.02219,3.26547,4.28766
4433,1,0,1.83375,1.83375
4433,2,0,1.82375,1.82375
4433,3,0,1.83714,1.83714
4434,0,0.900104,3.78276,4.68286
4434,1,0,2.10792,2.10792
4434,2,0,1.84271,1.84271
4434,3,0,1.86776,1.86776
4435,0,1.00089,3.15635,4.15724
4435,1,0,1.99411,1.99411
4435,2,0,1.8837,1.8837
4435,3,0,1.91135,1.91135
4436,0,1.11677,3.13115,4.24792
4436,1,0,1.85568,1.85568
4436,2,0,1.87052,1.87052
4436,3,0,1.83953,1.83953
4437,0,1.04375,3.18391,4.22766
4437,1,0,2.10422,2.10422
4437,2,0,1.82469,1.82469
4437,3,0,1.82115,1.82115
4438,0,0.885677,3.30995,4.19562
4438,1,0,2.04776,2.04776
4438,2,0,1.8399,1.8399
4438,3,0,1.83932,1.83932
4439,0,1.02396,3.19953,4.22349
4439,1,0,1.82844,1.82844
4439,2,0,1.85136,1.85136
4439,3,0,2.24948,2.24948
4440,0,1.13391,3.37469,4.50859
4440,1,0,1.85234,1.85234
4440,2,0,1.835,1.835
4440,3,0,2.02646,2.02646
4441,0,0.986041,3.12344,4.10948
4441,1,0,1.82656,1.82656
4441,2,0,1.82344,1.82344
4441,3,0,1.82318,1.82318
4442,0,0.868646,3.41495,4.28359
4442,1,0,2.01537,2.01537
4442,2,0,1.84708,1.84708
4442,3,0,1.88516,1.88516
4443,0,1.02161,3.24146,4.26307
4443,1,0,1.82682,1.82682
4443,2,0,1.84651,1.84651
4443,3,0,1.90187,1.90187
4444,0,1.26323,3.30037,4.56359
4444,1,0,1.8676,1.8676
4444,2,0,1.83995,1.83995
4444,3,0,1.82651,1.82651
4445,0,0.871823,3.44958,4.32141
4445,1,0,2.01562,2.01562
4445,2,0,1.82141,1.82141
4445,3,0,1.81776,1.81776
4446,0,0.8025,3.49937,4.30187
4446,1,0,2.01151,2.01151
4446,2,0,1.85708,1.85708
4446,3,0,1.84354,1.84354
4447,0,0.996927,3.28745,4.28437
4447,1,0,1.9413,1.9413
4447,2,0,2.29703,2.29703
4447,3,0,2.05115,2.05115
4448,0,1.44391,3.41911,4.86302
4448,1,0,1.84917,1.84917
4448,2,0,1.85141,1.85141
4448,3,0,1.84307,1.84307
4449,0,0.895365,3.68995,4.58531
4449,1,0,1.91109,1.91109
4449,2,0,1.94682,1.94682
4449,3,0,1.83344,1.83344
4450,0,0.866042,3.31854,4.18458
4450,1,0,2.06917,2.06917
4450,2,0,2.13766,2.13766
4450,3,0,1.88505,1.88505
4451,0,1.07833,3.16229,4.24062
4451,1,0,1.84151,1.84151
4451,2,0,2.2175,2.2175
4451,3,0,2.01609,2.01609
4452,0,1.23687,3.2588,4.49568
4452,1,0,1.84677,1.84677
4452,2,0,2.09953,2.09953
4452,3,0,1.83641,1.83641
4453,0,0.903282,3.45193,4.35521
4453,1,0,1.82281,1.82281
4453,2,0,2.18208,2.18208
4453,3,0,1.83391,1.83391
4454,0,1.86859,3.25766,5.12625
4454,1,0,1.90479,1.90479
4454,2,0,1.83187,1.83187
4454,3,0,1.82089,1.82089
4455,0,0.993594,3.22787,4.22146
4455,1,0,1.88688,1.88688
4455,2,0,2.04448,2.04448
4455,3,0,1.93135,1.93135
4456,0,1.00635,3.14484,4.1512
4456,1,0,1.85427,1.85427
4456,2,0,1.93641,1.93641
4456,3,0,2.02412,2.02412
4457,0,1.09719,3.14323,4.24042
4457,1,0,1.82214,1.82214
4457,2,0,1.86172,1.86172
4457,3,0,1.83,1.83
4458,0,1.49364,3.28083,4.77448
4458,1,0,1.88823,1.88823
4458,2,0,1.9712,1.9712
4458,3,0,1.9238,1.9238
4459,0,0.967709,3.09406,4.06177
4459,1,0,1.8675,1.8675
4459,2,0,1.9999,1.9999
4459,3,0,1.95677,1.95677
4460,0,1.02469,3.52667,4.55135
4460,1,0,1.83937,1.83937
4460,2,0,1.96844,1.96844
4460,3,0,1.92443,1.92443
4461,0,0.992552,3.22135,4.21391
4461,1,0,1.82781,1.82781
4461,2,0,1.83484,1.83484
4461,3,0,1.83062,1.83062
4462,0,1.97906,3.24495,5.22401
4462,1,0,1.84464,1.84464
4462,2,0,1.83339,1.83339
4462,3,0,1.99885,1.99885
4463,0,0.902709,3.32594,4.22865
4463,1,0,1.94615,1.94615
4463,2,0,2.0587,2.0587
4463,3,0,1.84198,1.84198
4464,0,1.0537,3.58854,4.64224
4464,1,0,2.3988,2.3988
4464,2,0,1.91323,1.91323
4464,3,0,1.89333,1.89333
4465,0,0.972761,3.0287,4.00146
4465,1,0,1.84552,1.84552
4465,2,0,5.28662,5.28662
4465,3,0,2.69469,2.69469
4466,0,1.3638,3.46281,4.82662
4466,1,0,1.99885,1.99885
4466,2,0,1.87042,1.87042
4466,3,0,1.87167,1.87167
4467,0,1.23953,3.29417,4.5337
4467,1,0,1.8776,1.8776
4467,2,0,1.8738,1.8738
4467,3,0,1.8524,1.8524
4468,0,0.920156,3.46339,4.38354
4468,1,0,1.91594,1.91594
4468,2,0,1.82547,1.82547
4468,3,0,1.82396,1.82396
4469,0,0.824584,3.88,4.70458
4469,1,0,2.22073,2.22073
4469,2,0,1.85047,1.85047
4469,3,0,1.84177,1.84177
4470,0,1.43771,3.24636,4.68406
4470,1,0,1.86557,1.86557
4470,2,0,2.27021,2.27021
4470,3,0,2.00146,2.00146
4471,0,1.05922,3.27979,4.33901
4471,1,0,1.85766,1.85766
4471,2,0,1.86401,1.86401
4471,3,0,1.93411,1.93411
4472,0,0.850417,3.18766,4.03807
4472,1,0,1.82698,1.82698
4472,2,0,1.83354,1.83354
4472,3,0,1.99344,1.99344
4473,0,0.847812,3.31615,4.16396
4473,1,0,2.16672,2.16672
4473,2,0,1.85646,1.85646
4473,3,0,1.82838,1.82838
4474,0,1.24562,3.23021,4.47583
4474,1,0,2.53901,2.53901
4474,2,0,2.00797,2.00797
4474,3,0,2.01943,2.01943
4475,0,1.16562,3.50125,4.66688
4475,1,0,1.84526,1.84526
4475,2,0,1.83719,1.83719
4475,3,0,1.83281,1.83281
4476,0,1.02896,3.18255,4.21151
4476,1,0,1.82854,1.82854
4476,2,0,1.82318,1.82318
4476,3,0,1.8376,1.8376
4477,0,0.927657,3.65088,4.57854
4477,1,0,2.09406,2.09406
4477,2,0,1.85255,1.85255
4477,3,0,1.83464,1.83464
4478,0,1.01448,3.12427,4.13875
4478,1,0,1.84734,1.84734
4478,2,0,3.08906,3.08906
4478,3,0,1.94849,1.94849
4479,0,1.03583,3.55073,4.58656
4479,1,0,1.83745,1.83745
4479,2,0,1.84432,1.84432
4479,3,0,1.82714,1.82714
4480,0,0.879011,3.33781,4.21682
4480,1,0,1.85474,1.85474
4480,2,0,2.05063,2.05063
4480,3,0,1.9025,1.9025
4481,0,1.80917,3.2675,5.07667
4481,1,0,1.86948,1.86948
4481,2,0,1.85516,1.85516
4481,3,0,1.8451,1.8451
4482,0,0.921041,3.21891,4.13995
4482,1,0,2.17167,2.17167
4482,2,0,2.06995,2.06995
4482,3,0,1.85432,1.85432
4483,0,1.0412,3.69021,4.73141
4483,1,0,1.98078,1.98078
4483,2,0,1.86948,1.86948
4483,3,0,1.82526,1.82526
4484,0,0.913594,3.48031,4.39391
4484,1,0,2.02365,2.02365
4484,2,0,1.84094,1.84094
4484,3,0,1.90302,1.90302
4485,0,1.11396,3.22927,4.34323
4485,1,0,1.92833,1.92833
4485,2,0,1.87917,1.87917
4485,3,0,1.83672,1.83672
4486,0,0.954844,3.2663,4.22115
4486,1,0,2.13745,2.13745
4486,2,0,1.94292,1.94292
4486,3,0,1.8649,1.8649
4487,0,1.12917,3.18745,4.31661
4487,1,0,2.10458,2.10458
4487,2,0,1.97167,1.97167
4487,3,0,1.88484,1.88484
4488,0,0.824375,3.07281,3.89719
4488,1,0,1.83135,1.83135
4488,2,0,1.84583,1.84583
4488,3,0,1.88693,1.88693
4489,0,1.10417,3.23312,4.33729
4489,1,0,1.84125,1.84125
4489,2,0,1.9262,1.9262
4489,3,0,1.92094,1.92094
4490,0,0.881719,3.30896,4.19068
4490,1,0,2.12333,2.12333
4490,2,0,1.9201,1.9201
4490,3,0,1.8487,1.8487
4491,0,1.30516,3.37318,4.67833
4491,1,0,1.84635,1.84635
4491,2,0,2.06073,2.06073
4491,3,0,1.9026,1.9026
4492,0,0.832865,3.14203,3.9749
4492,1,0,1.97557,1.97557
4492,2,0,1.95063,1.95063
4492,3,0,2.01495,2.01495
4493,0,1.10328,4.0376,5.14088
4493,1,0,2.03682,2.03682
4493,2,0,1.93063,1.93063
4493,3,0,1.83161,1.83161
4494,0,1.5188,3.45203,4.97083
4494,1,0,1.94885,1.94885
4494,2,0,1.84495,1.84495
4494,3,0,1.85021,1.85021
4495,0,1.31823,3.26708,4.58531
4495,1,0,1.9063,1.9063
4495,2,0,1.82979,1.82979
4495,3,0,1.82448,1.82448
4496,0,0.915208,3.44437,4.35958
4496,1,0,1.90917,1.90917
4496,2,0,1.86193,1.86193
4496,3,0,2.2013,2.2013
4497,0,1.92839,3.30969,5.23807
4497,1,0,1.84594,1.84594
4497,2,0,1.83344,1.83344
4497,3,0,1.84661,1.84661
4498,0,1.41786,3.63385,5.05172
4498,1,0,1.86146,1.86146
4498,2,0,1.84932,1.84932
4498,3,0,1.82438,1.82438
4499,0,1.06,3.23516,4.29516
4499,1,0,1.85104,1.85104
4499,2,0,1.82734,1.82734
4499,3,0,1.81625,1.81625
4500,0,0.778594,3.15391,3.9325
4500,1,0,2.17594,2.17594
4500,2,0,1.9937,1.9937
4500,3,0,1.86036,1.86036
4501,0,1.15505,3.27141,4.42646
4501,1,0,1.82849,1.82849
4501,2,0,2.04521,2.04521
4501,3,0,2.26917,2.26917
4502,0,1.32745,3.25995,4.58739
4502,1,0,1.8474,1.8474
4502,2,0,1.85698,1.85698
4502,3,0,1.81979,1.81979
4503,0,1.05359,3.29016,4.34375
4503,1,0,2.07745,2.07745
4503,2,0,1.90703,1.90703
4503,3,0,1.81927,1.81927
4504,0,0.916198,3.47995,4.39615
4504,1,0,2.07271,2.07271
4504,2,0,1.88333,1.88333
4504,3,0,1.92906,1.92906
4505,0,1.03646,3.2288,4.26526
4505,1,0,1.92849,1.92849
4505,2,0,1.93547,1.93547
4505,3,0,1.87385,1.87385
4506,0,1.08042,3.61901,4.69943
4506,1,0,1.86083,1.86083
4506,2,0,1.84172,1.84172
4506,3,0,2.19911,2.19911
4507,0,0.95099,3.24594,4.19693
4507,1,0,1.82609,1.82609
4507,2,0,1.84526,1.84526
4507,3,0,1.89495,1.89495
4508,0,1.05839,3.27677,4.33516
4508,1,0,1.89417,1.89417
4508,2,0,1.87214,1.87214
4508,3,0,1.83557,1.83557
4509,0,1.02198,3.68172,4.7037
4509,1,0,1.83927,1.83927
4509,2,0,2.16031,2.16031
4509,3,0,2.25542,2.25542
4510,0,1.19167,3.30599,4.49766
4510,1,0,1.87229,1.87229
4510,2,0,1.89182,1.89182
4510,3,0,1.90271,1.90271
4511,0,0.883803,3.26443,4.14823
4511,1,0,1.83031,1.83031
4511,2,0,1.81787,1.81787
4511,3,0,1.94589,1.94589
4512,0,0.850104,3.49318,4.34328
4512,1,0,1.94453,1.94453
4512,2,0,3.00828,3.00828
4512,3,0,1.97443,1.97443
4513,0,1.01365,3.56042,4.57406
4513,1,0,2.23995,2.23995
4513,2,0,2.05172,2.05172
4513,3,0,2.30213,2.30213
4514,0,1.03787,3.30323,4.34109
4514,1,0,3.1176,3.1176
4514,2,0,1.91896,1.91896
4514,3,0,2.0237,2.0237
4515,0,0.90875,3.26427,4.17302
4515,1,0,1.82411,1.82411
4515,2,0,1.83927,1.83927
4515,3,0,1.87906,1.87906
4516,0,1.03062,3.19412,4.22474
4516,1,0,1.87677,1.87677
4516,2,0,1.8588,1.8588
4516,3,0,1.83713,1.83713
4517,0,0.93927,3.69469,4.63396
4517,1,0,2.10995,2.10995
4517,2,0,2.15948,2.15948
4517,3,0,1.88234,1.88234
4518,0,1.13464,3.28021,4.41484
4518,1,0,1.91432,1.91432
4518,2,0,1.84333,1.84333
4518,3,0,2.23083,2.23083
4519,0,0.995989,3.29719,4.29318
4519,1,0,1.91833,1.91833
4519,2,0,2.11766,2.11766
4519,3,0,2.41281,2.41281
4520,0,1.36797,4.40901,5.77698
4520,1,0,2.20964,2.20964
4520,2,0,1.99495,1.99495
4520,3,0,2.40021,2.40021
4521,0,1.22422,3.35984,4.58406
4521,1,0,1.90781,1.90781
4521,2,0,2.09151,2.09151
4521,3,0,1.9349,1.9349
4522,0,1.17073,3.29708,4.46781
4522,1,0,1.84318,1.84318
4522,2,0,1.83912,1.83912
4522,3,0,1.87859,1.87859
4523,0,0.999427,3.16698,4.16641
4523,1,0,1.94693,1.94693
4523,2,0,2.23151,2.23151
4523,3,0,2.03016,2.03016
4524,0,1.12234,3.50838,4.63073
4524,1,0,1.90875,1.90875
4524,2,0,2.16167,2.16167
4524,3,0,2.09938,2.09938
4525,0,1.22531,3.39359,4.61891
4525,1,0,2.08536,2.08536
4525,2,0,1.84833,1.84833
4525,3,0,1.85042,1.85042
4526,0,1.00896,3.25286,4.26182
4526,1,0,1.88531,1.88531
4526,2,0,1.86589,1.86589
4526,3,0,1.97245,1.97245
4527,0,3.36891,3.43182,6.80073
4527,1,0,2.12656,2.12656
4527,2,0,2.04339,2.04339
4527,3,0,2.05177,2.05177
4528,0,1.14187,3.87458,5.01646
4528,1,0,2.21557,2.21557
4528,2,0,2.30776,2.30776
4528,3,0,1.9087,1.9087
4529,0,1.21057,3.24177,4.45234
4529,1,0,1.86589,1.86589
4529,2,0,2.09969,2.09969
4529,3,0,2.2401,2.2401
4530,0,0.989271,3.3362,4.32547
4530,1,0,1.85693,1.85693
4530,2,0,2.18865,2.18865
4530,3,0,2.07588,2.07588
4531,0,1.68823,3.27989,4.96812
4531,1,0,1.93484,1.93484
4531,2,0,1.84734,1.84734
4531,3,0,1.96213,1.96213
4532,0,2.03964,3.71224,5.75188
4532,1,0,1.93,1.93
4532,2,0,1.99787,1.99787
4532,3,0,1.87604,1.87604
4533,0,1.16542,3.23781,4.40323
4533,1,0,1.9062,1.9062
4533,2,0,1.87146,1.87146
4533,3,0,1.91411,1.91411
4534,0,1.2275,6.16135,7.38885
4534,1,0,3.62912,3.62912
4534,2,0,2.79557,2.79557
4534,3,0,2.0112,2.0112
4535,0,1.25609,3.6925,4.94859
4535,1,0,3.3663,3.3663
4535,2,0,2.7787,2.7787
4535,3,0,2.43443,2.43443
4536,0,6.01135,4.50312,10.5145
4536,1,0,2.74406,2.74406
4536,2,0,2.19135,2.19135
4536,3,0,2.37943,2.37943
4537,0,0.602032,4.91927,5.5213
4537,1,0,2.76698,2.76698
4537,2,0,2.07708,2.07708
4537,3,0,4.17828,4.17828
4538,0,0.436042,4.58958,5.02562
4538,1,0,2.72667,2.72667
4538,2,0,2.03255,2.03255
4538,3,0,2.06849,2.06849
4539,0,0.555886,3.4276,3.98349
4539,1,0,2.80625,2.80625
4539,2,0,2.95328,2.95328
4539,3,0,2.84234,2.84234
4540,0,0.362813,3.5301,3.89292
4540,1,0,2.04844,2.04844
4540,2,0,2.93417,2.93417
4540,3,0,2.83609,2.83609
4541,0,0.396041,5.32937,5.72542
4541,1,0,5.1937,5.1937
4541,2,0,2.81917,2.81917
4541,3,0,2.33609,2.33609
4542,0,0.345886,3.51313,3.85901
4542,1,0,1.99682,1.99682
4542,2,0,2.80406,2.80406
4542,3,0,2.91984,2.91984
4543,0,1.03854,3.80198,4.84052
4543,1,0,2.01745,2.01745
4543,2,0,2.73583,2.73583
4543,3,0,2.02062,2.02062
4544,0,0.379896,4.27547,4.65536
4544,1,0,2.61505,2.61505
4544,2,0,1.96948,1.96948
4544,3,0,2.7487,2.7487
4545,0,0.396666,4.20589,4.60255
4545,1,0,1.97359,1.97359
4545,2,0,1.9588,1.9588
4545,3,0,4.89927,4.89927
4546,0,0.480937,4.18396,4.6649
4546,1,0,2.00589,2.00589
4546,2,0,2.00188,2.00188
4546,3,0,5.03062,5.03062
4547,0,0.465677,5.01099,5.47667
4547,1,0,2.18245,2.18245
4547,2,0,1.95656,1.95656
4547,3,0,1.99365,1.99365
4548,0,0.405782,4.21625,4.62203
4548,1,0,4.24271,4.24271
4548,2,0,1.78839,1.78839
4548,3,0,1.75557,1.75557
4549,0,0.370573,3.91698,4.28755
4549,1,0,4.53094,4.53094
4549,2,0,1.95969,1.95969
4549,3,0,1.77432,1.77432
4550,0,0.363959,3.19703,3.56099
4550,1,0,2.53828,2.53828
4550,2,0,4.67172,4.67172
4550,3,0,1.81896,1.81896
4551,0,0.383542,3.20068,3.58422
4551,1,0,1.82406,1.82406
4551,2,0,2.74932,2.74932
4551,3,0,4.21344,4.21344
4552,0,0.373385,3.28932,3.66271
4552,1,0,2.2974,2.2974
4552,2,0,2.51839,2.51839
4552,3,0,4.51859,4.51859
4553,0,0.381562,3.13193,3.51349
4553,1,0,1.75479,1.75479
4553,2,0,1.76063,1.76063
4553,3,0,2.82703,2.82703
4554,0,0.484219,5.36786,5.85208
4554,1,0,2.04984,2.04984
4554,2,0,1.79849,1.79849
4554,3,0,1.79005,1.79005
4555,0,0.966875,3.25828,4.22516
4555,1,0,4.50469,4.50469
4555,2,0,1.80615,1.80615
4555,3,0,1.75708,1.75708
4556,0,0.400677,3.96344,4.36411
4556,1,0,4.38818,4.38818
4556,2,0,1.80432,1.80432
4556,3,0,1.74839,1.74839
4557,0,0.375782,3.41984,3.79562
4557,1,0,2.74776,2.74776
4557,2,0,4.48672,4.48672
4557,3,0,1.87333,1.87333
4558,0,0.385833,3.32854,3.71437
4558,1,0,2.44297,2.44297
4558,2,0,1.82802,1.82802
4558,3,0,4.61385,4.61385
4559,0,0.373333,3.40182,3.77516
4559,1,0,1.82219,1.82219
4559,2,0,2.46526,2.46526
4559,3,0,4.4025,4.4025
4560,0,0.376354,3.20365,3.58
4560,1,0,1.79292,1.79292
4560,2,0,1.87057,1.87057
4560,3,0,2.61943,2.61943
4561,0,0.498125,5.49401,5.99214
4561,1,0,1.81458,1.81458
4561,2,0,1.79172,1.79172
4561,3,0,1.75229,1.75229
4562,0,1.22,4.33245,5.55245
4562,1,0,3.80906,3.80906
4562,2,0,1.96766,1.96766
4562,3,0,2.03141,2.03141
4563,0,0.363906,3.9451,4.30901
4563,1,0,4.45516,4.45516
4563,2,0,1.94635,1.94635
4563,3,0,1.89521,1.89521
4564,0,0.433802,3.81349,4.24729
4564,1,0,2.45151,2.45151
4564,2,0,3.88849,3.88849
4564,3,0,1.77547,1.77547
4565,0,0.353281,3.71615,4.06943
4565,1,0,1.78948,1.78948
4565,2,0,4.50948,4.50948
4565,3,0,2.02438,2.02438
4566,0,0.413229,3.75698,4.17021
4566,1,0,2.57682,2.57682
4566,2,0,1.81552,1.81552
4566,3,0,4.41781,4.41781
4567,0,0.407448,3.40635,3.8138
4567,1,0,1.8075,1.8075
4567,2,0,2.52463,2.52463
4567,3,0,2.0263,2.0263
4568,0,0.381666,5.35599,5.73766
4568,1,0,1.76313,1.76313
4568,2,0,1.74745,1.74745
4568,3,0,2.45964,2.45964
4569,0,0.429843,3.86505,4.2949
4569,1,0,3.89344,3.89344
4569,2,0,1.785,1.785
4569,3,0,2.41349,2.41349
4570,0,0.415261,3.97198,4.38724
4570,1,0,4.29849,4.29849
4570,2,0,2.31698,2.31698
4570,3,0,2.84078,2.84078
4571,0,0.408333,3.88865,4.29698
4571,1,0,4.0774,4.0774
4571,2,0,1.82521,1.82521
4571,3,0,1.78026,1.78026
4572,0,0.356927,4.18531,4.54224
4572,1,0,4.35781,4.35781
4572,2,0,1.8149,1.8149
4572,3,0,1.79391,1.79391
4573,0,0.381875,3.45578,3.83766
4573,1,0,1.77589,1.77589
4573,2,0,4.83359,4.83359
4573,3,0,2.63307,2.63307
4574,0,0.388802,3.28187,3.67068
4574,1,0,1.83406,1.83406
4574,2,0,1.8362,1.8362
4574,3,0,5.40516,5.40516
4575,0,0.390729,3.25885,3.64958
4575,1,0,1.79969,1.79969
4575,2,0,1.81094,1.81094
4575,3,0,2.64333,2.64333
4576,0,0.454479,4.27745,4.73193
4576,1,0,3.91318,3.91318
4576,2,0,1.91271,1.91271
4576,3,0,3.22734,3.22734
4577,0,0.551511,4.30911,4.86062
4577,1,0,3.98583,3.98583
4577,2,0,1.80443,1.80443
4577,3,0,1.77427,1.77427
4578,0,0.450781,3.35438,3.80516
4578,1,0,4.72432,4.72432
4578,2,0,1.79167,1.79167
4578,3,0,1.80724,1.80724
4579,0,0.396562,4.12578,4.52234
4579,1,0,2.59698,2.59698
4579,2,0,3.89797,3.89797
4579,3,0,1.79349,1.79349
4580,0,0.386094,4.3101,4.6962
4580,1,0,1.85505,1.85505
4580,2,0,2.66307,2.66307
4580,3,0,3.90964,3.90964
4581,0,0.371719,4.22839,4.60011
4581,1,0,1.7876,1.7876
4581,2,0,2.5751,2.5751
4581,3,0,3.9788,3.9788
4582,0,0.494583,3.43974,3.93432
4582,1,0,2.59313,2.59313
4582,2,0,1.82474,1.82474
4582,3,0,4.58849,4.58849
4583,0,1.08208,3.41677,4.49885
4583,1,0,2.72599,2.72599
4583,2,0,1.93005,1.93005
4583,3,0,2.60703,2.60703
4584,0,0.383177,4.81406,5.19724
4584,1,0,1.78734,1.78734
4584,2,0,2.55193,2.55193
4584,3,0,1.78516,1.78516
4585,0,0.378282,5.74875,6.12703
4585,1,0,1.82854,1.82854
4585,2,0,1.7775,1.7775
4585,3,0,2.60177,2.60177
4586,0,0.405469,3.96609,4.37156
4586,1,0,4.1275,4.1275
4586,2,0,1.99953,1.99953
4586,3,0,2.7312,2.7312
4587,0,0.474167,4.02667,4.50083
4587,1,0,3.90255,3.90255
4587,2,0,1.76703,1.76703
4587,3,0,1.74292,1.74292
4588,0,0.665,3.95203,4.61703
4588,1,0,4.84047,4.84047
4588,2,0,1.82594,1.82594
4588,3,0,1.77333,1.77333
4589,0,0.365521,4.00536,4.37089
4589,1,0,4.69104,4.69104
4589,2,0,2.03734,2.03734
4589,3,0,1.82891,1.82891
4590,0,0.379896,4.17573,4.55563
4590,1,0,1.80094,1.80094
4590,2,0,4.7824,4.7824
4590,3,0,1.79167,1.79167
4591,0,0.35052,4.13682,4.48734
4591,1,0,1.84115,1.84115
4591,2,0,2.65302,2.65302
4591,3,0,3.90969,3.90969
4592,0,0.475313,3.46151,3.93682
4592,1,0,2.60979,2.60979
4592,2,0,1.85698,1.85698
4592,3,0,5.03641,5.03641
4593,0,0.397813,3.0824,3.48021
4593,1,0,2.63281,2.63281
4593,2,0,1.80141,1.80141
4593,3,0,2.54969,2.54969
4594,0,0.412969,4.90536,5.31833
4594,1,0,1.77979,1.77979
4594,2,0,2.59344,2.59344
4594,3,0,1.90286,1.90286
4595,0,0.439948,6.13698,6.57693
4595,1,0,1.77672,1.77672
4595,2,0,1.74724,1.74724
4595,3,0,2.58802,2.58802
4596,0,1.10391,6.53771,7.64161
4596,1,0,1.84745,1.84745
4596,2,0,1.7512,1.7512
4596,3,0,2.56771,2.56771
4597,0,0.382657,3.93651,4.31917
4597,1,0,3.91484,3.91484
4597,2,0,1.79979,1.79979
4597,3,0,2.70537,2.70537
4598,0,0.48073,3.99672,4.47745
4598,1,0,3.91031,3.91031
4598,2,0,1.78349,1.78349
4598,3,0,1.76234,1.76234
4599,0,0.377552,4.02807,4.40562
4599,1,0,5.06281,5.06281
4599,2,0,1.84984,1.84984
4599,3,0,1.75047,1.75047
4600,0,0.346979,4.10182,4.4488
4600,1,0,4.67099,4.67099
4600,2,0,1.78667,1.78667
4600,3,0,1.7799,1.7799
4601,0,0.359687,4.11766,4.47734
4601,1,0,1.95802,1.95802
4601,2,0,4.5888,4.5888
4601,3,0,1.79286,1.79286
4602,0,0.344531,3.22135,3.56589
4602,1,0,2.86255,2.86255
4602,2,0,2.79443,2.79443
4602,3,0,4.00479,4.00479
4603,0,0.369323,3.07641,3.44573
4603,1,0,2.60833,2.60833
4603,2,0,1.80333,1.80333
4603,3,0,2.55531,2.55531
4604,0,0.383229,4.99427,5.3775
4604,1,0,1.86469,1.86469
4604,2,0,2.63635,2.63635
4604,3,0,1.81615,1.81615
4605,0,0.467239,5.85797,6.32521
4605,1,0,1.80333,1.80333
4605,2,0,1.83833,1.83833
4605,3,0,2.95844,2.95844
4606,0,0.401145,3.99854,4.39969
4606,1,0,3.9025,3.9025
4606,2,0,1.77818,1.77818
4606,3,0,2.54427,2.54427
4607,0,0.395833,4.26912,4.66495
4607,1,0,3.92469,3.92469
4607,2,0,1.82906,1.82906
4607,3,0,1.78338,1.78338
4608,0,0.36125,3.91797,4.27922
4608,1,0,4.76698,4.76698
4608,2,0,1.8174,1.8174
4608,3,0,1.83229,1.83229
4609,0,0.523177,4.24969,4.77287
4609,1,0,1.88828,1.88828
4609,2,0,4.56896,4.56896
4609,3,0,1.77469,1.77469
4610,0,0.36125,4.00781,4.36906
4610,1,0,1.82245,1.82245
4610,2,0,4.72625,4.72625
4610,3,0,1.8449,1.8449
4611,0,1.20401,4.38672,5.59073
4611,1,0,1.81937,1.81937
4611,2,0,4.72724,4.72724
4611,3,0,1.88203,1.88203
4612,0,0.583542,4.04276,4.6263
4612,1,0,1.89667,1.89667
4612,2,0,2.60281,2.60281
4612,3,0,3.90271,3.90271
4613,0,0.368802,3.2401,3.60891
4613,1,0,2.57094,2.57094
4613,2,0,1.79937,1.79937
4613,3,0,4.67099,4.67099
4614,0,0.421823,3.17349,3.59531
4614,1,0,1.87807,1.87807
4614,2,0,2.44948,2.44948
4614,3,0,1.81036,1.81036
4615,0,0.439531,5.98422,6.42375
4615,1,0,1.84635,1.84635
4615,2,0,2.6938,2.6938
4615,3,0,1.8049,1.8049
4616,0,0.370209,3.92344,4.29365
4616,1,0,3.91099,3.91099
4616,2,0,1.78682,1.78682
4616,3,0,2.575,2.575
4617,0,0.467188,4.01677,4.48396
4617,1,0,3.9276,3.9276
4617,2,0,1.78849,1.78849
4617,3,0,1.75063,1.75063
4618,0,0.389167,3.49932,3.88849
4618,1,0,4.95958,4.95958
4618,2,0,1.92162,1.92162
4618,3,0,1.76734,1.76734
4619,0,0.384323,4.07859,4.46292
4619,1,0,4.73661,4.73661
4619,2,0,1.84781,1.84781
4619,3,0,2.6249,2.6249
4620,0,0.580572,4.24339,4.82396
4620,1,0,4.8925,4.8925
4620,2,0,1.83969,1.83969
4620,3,0,1.78563,1.78563
4621,0,0.34427,4.00776,4.35203
4621,1,0,1.86135,1.86135
4621,2,0,5.08688,5.08688
4621,3,0,1.89719,1.89719
4622,0,0.445416,4.98083,5.42625
4622,1,0,2.71891,2.71891
4622,2,0,4.9363,4.9363
4622,3,0,1.81396,1.81396
4623,0,0.415469,4.17026,4.58573
4623,1,0,3.37615,3.37615
4623,2,0,4.11958,4.11958
4623,3,0,1.87417,1.87417
4624,0,0.6375,4.17979,4.81729
4624,1,0,3.51193,3.51193
4624,2,0,4.03677,4.03677
4624,3,0,1.82547,1.82547
4625,0,0.335781,3.91505,4.25083
4625,1,0,2.56443,2.56443
4625,2,0,4.73573,4.73573
4625,3,0,1.80187,1.80187
4626,0,0.338178,4.41542,4.75359
4626,1,0,2.63177,2.63177
4626,2,0,4.74495,4.74495
4626,3,0,1.7875,1.7875
4627,0,0.355313,4.1401,4.49542
4627,1,0,2.87052,2.87052
4627,2,0,4.85177,4.85177
4627,3,0,1.78838,1.78838
4628,0,0.383229,3.90802,4.29125
4628,1,0,1.80161,1.80161
4628,2,0,5.45318,5.45318
4628,3,0,1.77787,1.77787
4629,0,0.860468,3.95193,4.8124
4629,1,0,1.83307,1.83307
4629,2,0,5.42547,5.42547
4629,3,0,1.81432,1.81432
4630,0,0.51526,4.73266,5.24792
4630,1,0,2.65344,2.65344
4630,2,0,4.67896,4.67896
4630,3,0,1.77661,1.77661
4631,0,0.361823,3.96125,4.32307
4631,1,0,5.49615,5.49615
4631,2,0,1.79766,1.79766
4631,3,0,1.81979,1.81979
4632,0,0.405885,4.45328,4.85917
4632,1,0,1.85026,1.85026
4632,2,0,5.74662,5.74662
4632,3,0,1.84521,1.84521
4633,0,0.463385,5.37458,5.83797
4633,1,0,5.80927,5.80927
4633,2,0,1.79589,1.79589
4633,3,0,1.74313,1.74313
4634,0,0.355677,4.8775,5.23318
4634,1,0,5.61547,5.61547
4634,2,0,1.87401,1.87401
4634,3,0,1.83615,1.83615
4635,0,0.429167,5.15448,5.58365
4635,1,0,4.66167,4.66167
4635,2,0,2.02521,2.02521
4635,3,0,1.85969,1.85969
4636,0,0.487292,5.06438,5.55167
4636,1,0,4.57297,4.57297
4636,2,0,1.79625,1.79625
4636,3,0,1.76078,1.76078
4637,0,0.408855,5.32026,5.72912
4637,1,0,4.66589,4.66589
4637,2,0,1.82568,1.82568
4637,3,0,1.77219,1.77219
4638,0,0.429584,5.07208,5.50167
4638,1,0,5.0438,5.0438
4638,2,0,1.88714,1.88714
4638,3,0,3.06005,3.06005
4639,0,0.46974,4.37792,4.84766
4639,1,0,4.79401,4.79401
4639,2,0,1.76068,1.76068
4639,3,0,2.92865,2.92865
4640,0,0.649115,6.80292,7.45203
4640,1,0,1.82266,1.82266
4640,2,0,1.77313,1.77313
4640,3,0,1.77094,1.77094
4641,0,0.622136,8.13427,8.75641
4641,1,0,1.85073,1.85073
4641,2,0,1.80359,1.80359
4641,3,0,2.9963,2.9963
4642,0,0.424114,6.78021,7.20432
4642,1,0,1.79281,1.79281
4642,2,0,1.74396,1.74396
4642,3,0,2.98161,2.98161
4643,0,0.420625,6.92609,7.34672
4643,1,0,1.82313,1.82313
4643,2,0,1.76682,1.76682
4643,3,0,2.99526,2.99526
4644,0,1.29036,6.02927,7.31964
4644,1,0,1.83875,1.83875
4644,2,0,1.78135,1.78135
4644,3,0,2.94401,2.94401
4645,0,0.4475,7.00516,7.45266
4645,1,0,1.79229,1.79229
4645,2,0,1.7688,1.7688
4645,3,0,3.0488,3.0488
4646,0,0.725156,7.15646,7.88162
4646,1,0,1.7925,1.7925
4646,2,0,1.77812,1.77812
4646,3,0,2.7851,2.7851
4647,0,0.45625,7.20865,7.6649
4647,1,0,1.8199,1.8199
4647,2,0,2.91354,2.91354
4647,3,0,1.81286,1.81286
4648,0,0.395625,6.67281,7.06844
4648,1,0,1.79161,1.79161
4648,2,0,1.76849,1.76849
4648,3,0,3.05313,3.05313
4649,0,0.457708,7.03896,7.49667
4649,1,0,1.79094,1.79094
4649,2,0,1.78188,1.78188
4649,3,0,2.87338,2.87338
4650,0,0.692761,7.55104,8.2438
4650,1,0,1.7987,1.7987
4650,2,0,2.93057,2.93057
4650,3,0,1.79505,1.79505
4651,0,0.710677,6.51828,7.22896
4651,1,0,1.84917,1.84917
4651,2,0,3.52078,3.52078
4651,3,0,2.96,2.96
4652,0,0.403021,5.54161,5.94463
4652,1,0,2.00432,2.00432
4652,2,0,3.54057,3.54057
4652,3,0,3.04422,3.04422
4653,0,0.533959,5.58688,6.12083
4653,1,0,2.96208,2.96208
4653,2,0,1.79635,1.79635
4653,3,0,5.77776,5.77776
4654,0,0.366823,3.22203,3.58886
4654,1,0,3.01313,3.01313
4654,2,0,1.81547,1.81547
4654,3,0,5.65458,5.65458
4655,0,0.377604,3.30037,3.67797
4655,1,0,3.32849,3.32849
4655,2,0,1.87682,1.87682
4655,3,0,5.69932,5.69932
4656,0,0.41625,3.47266,3.88891
4656,1,0,3.05938,3.05938
4656,2,0,5.69073,5.69073
4656,3,0,1.91922,1.91922
4657,0,0.420833,3.0624,3.48323
4657,1,0,2.73625,2.73625
4657,2,0,6.27901,6.27901
4657,3,0,1.95781,1.95781
4658,0,0.492761,4.58698,5.07974
4658,1,0,3.12412,3.12412
4658,2,0,4.60531,4.60531
4658,3,0,1.85234,1.85234
4659,0,0.36526,4.34844,4.7137
4659,1,0,5.85062,5.85062
4659,2,0,1.8237,1.8237
4659,3,0,1.75568,1.75568
4660,0,0.345209,4.59917,4.94437
4660,1,0,5.71672,5.71672
4660,2,0,2.02677,2.02677
4660,3,0,1.85948,1.85948
4661,0,0.397448,4.54896,4.94641
4661,1,0,5.81979,5.81979
4661,2,0,1.80349,1.80349
4661,3,0,1.74771,1.74771
4662,0,0.360416,5.65266,6.01307
4662,1,0,4.65318,4.65318
4662,2,0,1.81469,1.81469
4662,3,0,1.79208,1.79208
4663,0,0.382657,3.92979,4.31245
4663,1,0,6.16062,6.16062
4663,2,0,1.82411,1.82411
4663,3,0,1.79937,1.79937
4664,0,0.458438,5.15323,5.61167
4664,1,0,4.59604,4.59604
4664,2,0,1.78406,1.78406
4664,3,0,1.74885,1.74885
4665,0,0.399947,4.03026,4.43021
4665,1,0,5.77937,5.77937
4665,2,0,1.80125,1.80125
4665,3,0,2.10833,2.10833
4666,0,0.444271,4.96318,5.40745
4666,1,0,4.79234,4.79234
4666,2,0,1.8401,1.8401
4666,3,0,1.78713,1.78713
4667,0,0.549896,3.6299,4.17979
4667,1,0,5.71182,5.71182
4667,2,0,1.79182,1.79182
4667,3,0,1.76396,1.76396
4668,0,0.372031,5.62052,5.99255
4668,1,0,4.59047,4.59047
4668,2,0,1.79807,1.79807
4668,3,0,1.74656,1.74656
4669,0,0.42375,5.5476,5.97135
4669,1,0,4.7226,4.7226
4669,2,0,1.83734,1.83734
4669,3,0,2.9388,2.9388
4670,0,0.387813,4.27552,4.66333
4670,1,0,4.70828,4.70828
4670,2,0,1.77818,1.77818
4670,3,0,3.10927,3.10927
4671,0,0.48125,7.66792,8.14917
4671,1,0,1.79198,1.79198
4671,2,0,1.76036,1.76036
4671,3,0,3.14917,3.14917
4672,0,0.555729,6.99635,7.55208
4672,1,0,1.79849,1.79849
4672,2,0,1.78078,1.78078
4672,3,0,3.00458,3.00458
4673,0,0.405365,6.7251,7.13047
4673,1,0,1.79755,1.79755
4673,2,0,2.58203,2.58203
4673,3,0,2.32229,2.32229
4674,0,0.448646,6.70557,7.15422
4674,1,0,1.77818,1.77818
4674,2,0,1.81667,1.81667
4674,3,0,3.32063,3.32063
4675,0,0.507136,7.30177,7.80891
4675,1,0,1.79333,1.79333
4675,2,0,2.92854,2.92854
4675,3,0,1.83583,1.83583
4676,0,0.495468,6.57609,7.07156
4676,1,0,1.84682,1.84682
4676,2,0,3.06682,3.06682
4676,3,0,1.90375,1.90375
4677,0,0.422032,6.62172,7.04375
4677,1,0,1.84297,1.84297
4677,2,0,3.34271,3.34271
4677,3,0,1.95719,1.95719
4678,0,0.780937,6.57271,7.35365
4678,1,0,1.78,1.78
4678,2,0,2.96563,2.96563
4678,3,0,5.76375,5.76375
4679,0,0.391302,3.4201,3.81141
4679,1,0,1.78432,1.78432
4679,2,0,2.97026,2.97026
4679,3,0,5.72781,5.72781
4680,0,0.376458,3.27214,3.64859
4680,1,0,2.12292,2.12292
4680,2,0,2.86714,2.86714
4680,3,0,5.84531,5.84531
4681,0,0.383854,3.20198,3.58583
4681,1,0,2.93588,2.93588
4681,2,0,1.95203,1.95203
4681,3,0,5.75318,5.75318
4682,0,0.435938,3.05495,3.49089
4682,1,0,2.9724,2.9724
4682,2,0,1.815,1.815
4682,3,0,5.74026,5.74026
4683,0,0.470208,3.28219,3.7524
4683,1,0,3.06469,3.06469
4683,2,0,1.88162,1.88162
4683,3,0,5.72677,5.72677
4684,0,0.379739,3.22792,3.60766
4684,1,0,2.93568,2.93568
4684,2,0,2.93516,2.93516
4684,3,0,4.69437,4.69437
4685,0,0.38375,3.21563,3.59938
4685,1,0,2.98135,2.98135
4685,2,0,5.83177,5.83177
4685,3,0,2.09761,2.09761
4686,0,0.412136,4.62818,5.04031
4686,1,0,1.81563,1.81563
4686,2,0,5.76792,5.76792
4686,3,0,1.78651,1.78651
4687,0,0.38125,4.39849,4.77974
4687,1,0,1.79984,1.79984
4687,2,0,5.88661,5.88661
4687,3,0,1.81344,1.81344
4688,0,0.356146,4.40323,4.75938
4688,1,0,5.88641,5.88641
4688,2,0,1.90641,1.90641
4688,3,0,1.77969,1.77969
4689,0,0.388646,4.4812,4.86984
4689,1,0,5.76219,5.76219
4689,2,0,1.79245,1.79245
4689,3,0,1.76161,1.76161
4690,0,0.385104,4.68172,5.06682
4690,1,0,5.67099,5.67099
4690,2,0,1.81885,1.81885
4690,3,0,1.77109,1.77109
4691,0,0.350625,4.49078,4.84141
4691,1,0,5.97198,5.97198
4691,2,0,1.84156,1.84156
4691,3,0,1.76891,1.76891
4692,0,0.903281,3.92365,4.82693
4692,1,0,5.48745,5.48745
4692,2,0,1.78391,1.78391
4692,3,0,1.76453,1.76453
4693,0,0.84198,5.13667,5.97865
4693,1,0,4.56625,4.56625
4693,2,0,1.79417,1.79417
4693,3,0,1.76161,1.76161
4694,0,0.377709,5.84526,6.22297
4694,1,0,4.69073,4.69073
4694,2,0,1.78912,1.78912
4694,3,0,2.92974,2.92974
4695,0,0.439896,4.36088,4.80078
4695,1,0,4.73927,4.73927
4695,2,0,1.76943,1.76943
4695,3,0,3.04813,3.04813
4696,0,0.423438,5.12391,5.54734
4696,1,0,3.89552,3.89552
4696,2,0,1.80177,1.80177
4696,3,0,3.2099,3.2099
4697,0,0.608125,6.71083,7.31896
4697,1,0,1.80432,1.80432
4697,2,0,1.76724,1.76724
4697,3,0,2.96312,2.96312
4698,0,0.414844,6.98469,7.39953
4698,1,0,1.81427,1.81427
4698,2,0,1.87917,1.87917
4698,3,0,3.04052,3.04052
4699,0,0.42099,6.74828,7.16927
4699,1,0,1.82646,1.82646
4699,2,0,1.84604,1.84604
4699,3,0,3.53255,3.53255
4700,0,0.447656,6.86651,7.31417
4700,1,0,1.78635,1.78635
4700,2,0,2.92432,2.92432
4700,3,0,1.80036,1.80036
4701,0,0.388645,7.1149,7.50354
4701,1,0,1.84865,1.84865
4701,2,0,3.00094,3.00094
4701,3,0,1.84,1.84
4702,0,0.408021,6.76547,7.17349
4702,1,0,1.84672,1.84672
4702,2,0,3.27979,3.27979
4702,3,0,1.86333,1.86333
4703,0,0.879271,6.43005,7.30932
4703,1,0,1.77224,1.77224
4703,2,0,2.91812,2.91812
4703,3,0,1.80198,1.80198
4704,0,0.414843,7.05505,7.4699
4704,1,0,1.81661,1.81661
4704,2,0,2.96219,2.96219
4704,3,0,1.80651,1.80651
4705,0,0.702083,7.01912,7.7212
4705,1,0,1.9338,1.9338
4705,2,0,3.06646,3.06646
4705,3,0,5.93354,5.93354
4706,0,0.376927,3.27964,3.65656
4706,1,0,2.95625,2.95625
4706,2,0,1.82755,1.82755
4706,3,0,5.84786,5.84786
4707,0,1.23094,3.24031,4.47125
4707,1,0,2.96589,2.96589
4707,2,0,2.93797,2.93797
4707,3,0,4.945,4.945
4708,0,0.434427,4.64391,5.07833
4708,1,0,1.87427,1.87427
4708,2,0,5.67854,5.67854
4708,3,0,1.78844,1.78844
4709,0,0.35651,4.73927,5.09578
4709,1,0,1.84755,1.84755
4709,2,0,5.91656,5.91656
4709,3,0,1.80208,1.80208
4710,0,0.358594,4.69943,5.05802
4710,1,0,5.98156,5.98156
4710,2,0,1.87536,1.87536
4710,3,0,1.78484,1.78484
4711,0,0.409062,4.3949,4.80396
4711,1,0,5.65859,5.65859
4711,2,0,1.78578,1.78578
4711,3,0,1.74406,1.74406
4712,0,0.356614,4.47953,4.83615
4712,1,0,5.67193,5.67193
4712,2,0,1.79953,1.79953
4712,3,0,1.74906,1.74906
4713,0,0.361562,4.55885,4.92042
4713,1,0,5.98427,5.98427
4713,2,0,1.85078,1.85078
4713,3,0,1.77604,1.77604
4714,0,0.37,5.58766,5.95766
4714,1,0,4.6149,4.6149
4714,2,0,1.7738,1.7738
4714,3,0,1.76849,1.76849
4715,0,0.395677,4.01708,4.41276
4715,1,0,5.62578,5.62578
4715,2,0,1.7876,1.7876
4715,3,0,1.74344,1.74344
4716,0,0.363541,5.25635,5.61989
4716,1,0,5.89656,5.89656
4716,2,0,1.8238,1.8238
4716,3,0,2.92547,2.92547
4717,0,0.439115,6.9113,7.35042
4717,1,0,1.82984,1.82984
4717,2,0,1.77557,1.77557
4717,3,0,3.02693,3.02693
4718,0,0.439479,7.26656,7.70604
4718,1,0,1.79505,1.79505
4718,2,0,1.76083,1.76083
4718,3,0,3.02823,3.02823
4719,0,0.519843,7.26823,7.78807
4719,1,0,1.84406,1.84406
4719,2,0,1.7626,1.7626
4719,3,0,2.95656,2.95656
4720,0,0.412344,7.02917,7.44151
4720,1,0,1.78557,1.78557
4720,2,0,1.83776,1.83776
4720,3,0,3.03448,3.03448
4721,0,0.414532,6.50453,6.91906
4721,1,0,1.83464,1.83464
4721,2,0,1.8326,1.8326
4721,3,0,3.38083,3.38083
4722,0,0.508072,7.1037,7.61177
4722,1,0,1.8038,1.8038
4722,2,0,2.93396,2.93396
4722,3,0,1.8149,1.8149
4723,0,0.411406,6.69865,7.11005
4723,1,0,2.20328,2.20328
4723,2,0,3.02396,3.02396
4723,3,0,1.81755,1.81755
4724,0,0.395208,7.00427,7.39948
4724,1,0,1.86557,1.86557
4724,2,0,3.26922,3.26922
4724,3,0,1.86641,1.86641
4725,0,0.487709,6.78182,7.26953
4725,1,0,1.80729,1.80729
4725,2,0,2.9787,2.9787
4725,3,0,1.99302,1.99302
4726,0,0.486563,6.56031,7.04688
4726,1,0,1.81167,1.81167
4726,2,0,2.98609,2.98609
4726,3,0,1.82724,1.82724
4727,0,0.432864,6.72167,7.15453
4727,1,0,2.14333,2.14333
4727,2,0,3.06307,3.06307
4727,3,0,3.06646,3.06646
4728,0,0.447448,5.54089,5.98833
4728,1,0,1.76297,1.76297
4728,2,0,2.9225,2.9225
4728,3,0,5.81526,5.81526
4729,0,0.400156,3.19839,3.59854
4729,1,0,1.7612,1.7612
4729,2,0,2.93979,2.93979
4729,3,0,5.79115,5.79115
4730,0,0.419115,3.42036,3.83948
4730,1,0,1.77776,1.77776
4730,2,0,2.88167,2.88167
4730,3,0,5.80167,5.80167
4731,0,0.374896,3.05229,3.42719
4731,1,0,2.93063,2.93063
4731,2,0,1.85474,1.85474
4731,3,0,5.88724,5.88724
4732,0,0.400886,3.20828,3.60917
4732,1,0,2.9349,2.9349
4732,2,0,1.80927,1.80927
4732,3,0,5.96521,5.96521
4733,0,0.415782,3.4026,3.81839
4733,1,0,3.02943,3.02943
4733,2,0,2.95156,2.95156
4733,3,0,4.59224,4.59224
4734,0,0.382032,3.11479,3.49682
4734,1,0,2.96031,2.96031
4734,2,0,2.98365,2.98365
4734,3,0,4.63901,4.63901
4735,0,0.384739,3.33703,3.72177
4735,1,0,2.80109,2.80109
4735,2,0,6.04521,6.04521
4735,3,0,1.84214,1.84214
4736,0,0.389271,4.37224,4.76151
4736,1,0,1.87917,1.87917
4736,2,0,5.66224,5.66224
4736,3,0,1.77635,1.77635
4737,0,0.350677,4.39104,4.74172
4737,1,0,1.9026,1.9026
4737,2,0,5.66437,5.66437
4737,3,0,1.80651,1.80651
4738,0,0.353177,4.44547,4.79865
4738,1,0,1.9288,1.9288
4738,2,0,6.10729,6.10729
4738,3,0,1.85073,1.85073
4739,0,0.361094,4.82609,5.18719
4739,1,0,5.64432,5.64432
4739,2,0,1.78849,1.78849
4739,3,0,1.76406,1.76406
4740,0,0.360469,4.52385,4.88432
4740,1,0,5.65354,5.65354
4740,2,0,1.795,1.795
4740,3,0,1.75339,1.75339
4741,0,0.388645,4.72672,5.11536
4741,1,0,5.94245,5.94245
4741,2,0,1.79563,1.79563
4741,3,0,1.74287,1.74287
4742,0,0.777916,5.08156,5.85948
4742,1,0,4.58495,4.58495
4742,2,0,1.79833,1.79833
4742,3,0,1.81354,1.81354
4743,0,0.416875,5.54677,5.96365
4743,1,0,4.61656,4.61656
4743,2,0,1.79099,1.79099
4743,3,0,1.79828,1.79828
4744,0,0.501146,5.22974,5.73089
4744,1,0,4.65937,4.65937
4744,2,0,1.7974,1.7974
4744,3,0,1.77021,1.77021
4745,0,0.410052,5.09042,5.50047
4745,1,0,4.60417,4.60417
4745,2,0,1.86266,1.86266
4745,3,0,1.81365,1.81365
4746,0,0.461406,5.96427,6.42568
4746,1,0,4.78162,4.78162
4746,2,0,1.84615,1.84615
4746,3,0,3.35896,3.35896
4747,0,0.459792,7.25083,7.71063
4747,1,0,1.78229,1.78229
4747,2,0,1.77328,1.77328
4747,3,0,3.00865,3.00865
4748,0,0.416302,6.83333,7.24963
4748,1,0,1.84505,1.84505
4748,2,0,1.78068,1.78068
4748,3,0,2.97313,2.97313
4749,0,0.419792,6.705,7.12479
4749,1,0,1.83771,1.83771
4749,2,0,2.0049,2.0049
4749,3,0,3.08943,3.08943
4750,0,0.504375,6.9887,7.49307
4750,1,0,1.7888,1.7888
4750,2,0,2.94094,2.94094
4750,3,0,1.8124,1.8124
4751,0,0.390937,6.86021,7.25115
4751,1,0,2.68969,2.68969
4751,2,0,2.93568,2.93568
4751,3,0,1.80292,1.80292
4752,0,0.703958,6.81885,7.52281
4752,1,0,1.88536,1.88536
4752,2,0,3.0937,3.0937
4752,3,0,2.98406,2.98406
4753,0,0.508177,5.53411,6.04229
4753,1,0,1.77521,1.77521
4753,2,0,2.93714,2.93714
4753,3,0,1.81432,1.81432
4754,0,0.405364,7.08224,7.4876
4754,1,0,1.82729,1.82729
4754,2,0,2.96813,2.96813
4754,3,0,5.75349,5.75349
4755,0,0.622448,3.27578,3.89823
4755,1,0,1.81651,1.81651
4755,2,0,2.92474,2.92474
4755,3,0,5.78062,5.78062
4756,0,0.380208,3.09813,3.47833
4756,1,0,2.92417,2.92417
4756,2,0,1.81432,1.81432
4756,3,0,5.83479,5.83479
4757,0,0.389323,3.11479,3.50412
4757,1,0,2.93135,2.93135
4757,2,0,1.79724,1.79724
4757,3,0,6.0076,6.0076
4758,0,0.396198,3.53547,3.93167
4758,1,0,2.98198,2.98198
4758,2,0,2.98036,2.98036
4758,3,0,4.61547,4.61547
4759,0,0.383854,3.1887,3.57255
4759,1,0,3.05323,3.05323
4759,2,0,3.06948,3.06948
4759,3,0,4.59828,4.59828
4760,0,0.385469,4.35401,4.73948
4760,1,0,1.82568,1.82568
4760,2,0,5.94672,5.94672
4760,3,0,1.84307,1.84307
4761,0,0.399375,4.37755,4.77693
4761,1,0,1.7963,1.7963
4761,2,0,5.66755,5.66755
4761,3,0,1.77036,1.77036
4762,0,0.356979,4.40599,4.76297
4762,1,0,1.95995,1.95995
4762,2,0,5.67542,5.67542
4762,3,0,1.80125,1.80125
4763,0,0.350989,4.38151,4.7325
4763,1,0,1.90307,1.90307
4763,2,0,6.06588,6.06588
4763,3,0,1.84198,1.84198
4764,0,0.349219,4.36771,4.71693
4764,1,0,2.9362,2.9362
4764,2,0,4.61531,4.61531
4764,3,0,1.97151,1.97151
4765,0,0.351094,4.36109,4.71219
4765,1,0,5.7412,5.7412
4765,2,0,1.79297,1.79297
4765,3,0,1.75188,1.75188
4766,0,0.436875,4.87344,5.31031
4766,1,0,5.90495,5.90495
4766,2,0,1.79604,1.79604
4766,3,0,1.75318,1.75318
4767,0,0.74625,5.1688,5.91505
4767,1,0,4.60792,4.60792
4767,2,0,1.81401,1.81401
4767,3,0,1.85245,1.85245
4768,0,0.391823,5.51547,5.90729
4768,1,0,4.58964,4.58964
4768,2,0,1.80422,1.80422
4768,3,0,1.8387,1.8387
4769,0,0.635,5.4676,6.1026
4769,1,0,4.60531,4.60531
4769,2,0,1.79094,1.79094
4769,3,0,2.90245,2.90245
4770,0,0.38776,4.37068,4.75844
4770,1,0,4.87927,4.87927
4770,2,0,1.83099,1.83099
4770,3,0,2.9749,2.9749
4771,0,0.414166,7.30891,7.72307
4771,1,0,1.85172,1.85172
4771,2,0,1.94088,1.94088
4771,3,0,3.1613,3.1613
4772,0,0.480989,6.76458,7.24557
4772,1,0,1.78271,1.78271
4772,2,0,1.76463,1.76463
4772,3,0,2.93276,2.93276
4773,0,0.430261,7.00151,7.43177
4773,1,0,1.9299,1.9299
4773,2,0,1.8124,1.8124
4773,3,0,3.01151,3.01151
4774,0,0.412968,6.98005,7.39302
4774,1,0,2.04922,2.04922
4774,2,0,3.07359,3.07359
4774,3,0,1.91115,1.91115
4775,0,0.449219,6.67948,7.1287
4775,1,0,1.79094,1.79094
4775,2,0,2.90698,2.90698
4775,3,0,1.7875,1.7875
4776,0,0.41224,6.85484,7.26708
4776,1,0,1.8126,1.8126
4776,2,0,2.91927,2.91927
4776,3,0,1.78568,1.78568
4777,0,0.386458,7.03365,7.4201
4777,1,0,1.9087,1.9087
4777,2,0,3.07542,3.07542
4777,3,0,1.81771,1.81771
4778,0,0.441667,6.68552,7.12719
4778,1,0,1.77172,1.77172
4778,2,0,2.91859,2.91859
4778,3,0,1.80302,1.80302
4779,0,0.400573,7.09099,7.49156
4779,1,0,1.82969,1.82969
4779,2,0,2.93245,2.93245
4779,3,0,1.79375,1.79375
4780,0,0.434896,6.83536,7.27026
4780,1,0,1.83979,1.83979
4780,2,0,2.98573,2.98573
4780,3,0,1.82172,1.82172
4781,0,0.467657,6.71703,7.18469
4781,1,0,1.77599,1.77599
4781,2,0,2.94307,2.94307
4781,3,0,1.81901,1.81901
4782,0,0.554583,7.39479,7.94937
4782,1,0,1.79172,1.79172
4782,2,0,2.91943,2.91943
4782,3,0,1.84203,1.84203
4783,0,0.519271,7.1701,7.68938
4783,1,0,1.83115,1.83115
4783,2,0,2.92698,2.92698
4783,3,0,2.93672,2.93672
4784,0,0.408698,5.90854,6.31724
4784,1,0,1.77177,1.77177
4784,2,0,3.01995,3.01995
4784,3,0,3.53635,3.53635
4785,0,0.413802,5.5162,5.93
4785,1,0,1.79099,1.79099
4785,2,0,3.08115,3.08115
4785,3,0,3.23792,3.23792
4786,0,0.435364,5.64859,6.08396
4786,1,0,2.91875,2.91875
4786,2,0,1.91453,1.91453
4786,3,0,5.65432,5.65432
4787,0,0.38776,3.2399,3.62766
4787,1,0,3,3
4787,2,0,2.03385,2.03385
4787,3,0,5.59667,5.59667
4788,0,0.385625,3.48729,3.87292
4788,1,0,3.01068,3.01068
4788,2,0,3.28151,3.28151
4788,3,0,4.66005,4.66005
4789,0,0.384115,3.26838,3.6525
4789,1,0,2.80037,2.80037
4789,2,0,2.93573,2.93573
4789,3,0,4.6237,4.6237
4790,0,0.373125,3.29406,3.66719
4790,1,0,2.83589,2.83589
4790,2,0,2.95724,2.95724
4790,3,0,4.59922,4.59922
4791,0,0.364219,3.17224,3.53646
4791,1,0,3.21094,3.21094
4791,2,0,3.03302,3.03302
4791,3,0,4.79078,4.79078
4792,0,0.393333,4.60469,4.99802
4792,1,0,1.82187,1.82187
4792,2,0,5.6275,5.6275
4792,3,0,1.84162,1.84162
4793,0,0.407396,4.44083,4.84823
4793,1,0,2.94724,2.94724
4793,2,0,4.72615,4.72615
4793,3,0,2.26219,2.26219
4794,0,0.522396,4.68724,5.20963
4794,1,0,5.89443,5.89443
4794,2,0,1.82432,1.82432
4794,3,0,1.7925,1.7925
4795,0,0.375,4.20026,4.57526
4795,1,0,5.86089,5.86089
4795,2,0,1.84292,1.84292
4795,3,0,1.77167,1.77167
4796,0,0.368125,5.5151,5.88323
4796,1,0,4.66135,4.66135
4796,2,0,1.94542,1.94542
4796,3,0,1.93979,1.93979
4797,0,0.414948,5.28354,5.69849
4797,1,0,4.57589,4.57589
4797,2,0,1.7825,1.7825
4797,3,0,1.77151,1.77151
4798,0,0.414844,4.85328,5.26813
4798,1,0,4.66854,4.66854
4798,2,0,1.83031,1.83031
4798,3,0,1.79912,1.79912
4799,0,0.820781,5.09229,5.91307
4799,1,0,4.84182,4.84182
4799,2,0,1.92854,1.92854
4799,3,0,3.06021,3.06021
4800,0,0.437552,4.40776,4.84531
4800,1,0,4.7013,4.7013
4800,2,0,1.77484,1.77484
4800,3,0,2.94693,2.94693
4801,0,0.401667,4.43286,4.83453
4801,1,0,4.80917,4.80917
4801,2,0,1.79901,1.79901
4801,3,0,2.95146,2.95146
4802,0,0.451927,7.14135,7.59328
4802,1,0,1.84099,1.84099
4802,2,0,2.16911,2.16911
4802,3,0,2.825,2.825
4803,0,0.429115,7.19922,7.62833
4803,1,0,1.78563,1.78563
4803,2,0,2.97547,2.97547
4803,3,0,1.81964,1.81964
4804,0,0.549844,6.73734,7.28719
4804,1,0,1.79224,1.79224
4804,2,0,2.94365,2.94365
4804,3,0,1.82906,1.82906
4805,0,0.54,6.87214,7.41214
4805,1,0,1.82479,1.82479
4805,2,0,2.98396,2.98396
4805,3,0,1.80146,1.80146
4806,0,0.400989,6.78906,7.19005
4806,1,0,1.775,1.775
4806,2,0,2.92078,2.92078
4806,3,0,1.88088,1.88088
4807,0,0.445886,7.45911,7.905
4807,1,0,1.78385,1.78385
4807,2,0,3.07552,3.07552
4807,3,0,2.1549,2.1549
4808,0,0.6,6.50026,7.10026
4808,1,0,1.78849,1.78849
4808,2,0,2.9338,2.9338
4808,3,0,2.97141,2.97141
4809,0,0.399323,5.83292,6.23224
4809,1,0,1.80115,1.80115
4809,2,0,3.04234,3.04234
4809,3,0,2.97807,2.97807
4810,0,0.418177,5.38484,5.80302
4810,1,0,1.79161,1.79161
4810,2,0,2.98615,2.98615
4810,3,0,2.01208,2.01208
4811,0,0.586354,6.70807,7.29443
4811,1,0,1.7926,1.7926
4811,2,0,2.94729,2.94729
4811,3,0,1.79948,1.79948
4812,0,0.408907,6.7462,7.1551
4812,1,0,1.83037,1.83037
4812,2,0,3.10505,3.10505
4812,3,0,3.00135,3.00135
4813,0,0.411979,5.63406,6.04604
4813,1,0,1.8138,1.8138
4813,2,0,3.25354,3.25354
4813,3,0,3.07411,3.07411
4814,0,0.482865,5.84135,6.32422
4814,1,0,1.7987,1.7987
4814,2,0,2.9562,2.9562
4814,3,0,2.94349,2.94349
4815,0,0.408281,5.73578,6.14406
4815,1,0,1.8338,1.8338
4815,2,0,2.94391,2.94391
4815,3,0,2.9313,2.9313
4816,0,0.432344,5.62375,6.05609
4816,1,0,1.84109,1.84109
4816,2,0,3.33255,3.33255
4816,3,0,3.07938,3.07938
4817,0,0.511563,5.55099,6.06255
4817,1,0,1.77193,1.77193
4817,2,0,2.9574,2.9574
4817,3,0,2.92776,2.92776
4818,0,0.413281,5.95328,6.36656
4818,1,0,1.81526,1.81526
4818,2,0,2.96443,2.96443
4818,3,0,2.93917,2.93917
4819,0,0.399479,5.8162,6.21568
4819,1,0,1.99005,1.99005
4819,2,0,2.81552,2.81552
4819,3,0,3.02651,3.02651
4820,0,0.416875,5.44323,5.8601
4820,1,0,1.79036,1.79036
4820,2,0,2.95255,2.95255
4820,3,0,2.94469,2.94469
4821,0,0.430573,5.59958,6.03016
4821,1,0,1.80484,1.80484
4821,2,0,2.95203,2.95203
4821,3,0,2.93547,2.93547
4822,0,0.442188,6.1749,6.61708
4822,1,0,1.82891,1.82891
4822,2,0,2.98307,2.98307
4822,3,0,2.97838,2.97838
4823,0,0.39698,5.70526,6.10224
4823,1,0,1.80281,1.80281
4823,2,0,2.77469,2.77469
4823,3,0,5.94521,5.94521
4824,0,0.407187,3.21568,3.62286
4824,1,0,2.94432,2.94432
4824,2,0,1.94698,1.94698
4824,3,0,6.12651,6.12651
4825,0,0.450312,3.19068,3.64099
4825,1,0,3.07193,3.07193
4825,2,0,2.94328,2.94328
4825,3,0,4.6387,4.6387
4826,0,0.377395,3.12312,3.50052
4826,1,0,2.9838,2.9838
4826,2,0,3.01172,3.01172
4826,3,0,4.59854,4.59854
4827,0,0.386198,3.22906,3.61526
4827,1,0,2.98208,2.98208
4827,2,0,3.0674,3.0674
4827,3,0,4.76938,4.76938
4828,0,0.413854,4.45646,4.87031
4828,1,0,1.82406,1.82406
4828,2,0,5.89682,5.89682
4828,3,0,1.80573,1.80573
4829,0,0.356875,4.31703,4.67391
4829,1,0,1.91083,1.91083
4829,2,0,5.64614,5.64614
4829,3,0,1.80255,1.80255
4830,0,0.365208,4.39948,4.76469
4830,1,0,3.09776,3.09776
4830,2,0,4.79604,4.79604
4830,3,0,1.85484,1.85484
4831,0,0.370938,4.36385,4.73479
4831,1,0,1.81359,1.81359
4831,2,0,5.63276,5.63276
4831,3,0,1.79599,1.79599
4832,0,0.414219,4.81937,5.23359
4832,1,0,2.99802,2.99802
4832,2,0,4.61891,4.61891
4832,3,0,1.82469,1.82469
4833,0,0.372031,6.15698,6.52901
4833,1,0,4.70266,4.70266
4833,2,0,1.80688,1.80688
4833,3,0,1.76453,1.76453
4834,0,0.372917,5.25797,5.63089
4834,1,0,4.63703,4.63703
4834,2,0,1.83036,1.83036
4834,3,0,1.86062,1.86062
4835,0,0.451406,5.4199,5.8713
4835,1,0,4.71599,4.71599
4835,2,0,1.84297,1.84297
4835,3,0,1.89427,1.89427
4836,0,0.54724,5.25234,5.79958
4836,1,0,4.87083,4.87083
4836,2,0,1.84073,1.84073
4836,3,0,3.01833,3.01833
4837,0,0.528698,4.64641,5.1751
4837,1,0,4.74875,4.74875
4837,2,0,1.95714,1.95714
4837,3,0,3.07094,3.07094
4838,0,0.47125,5.5738,6.04505
4838,1,0,3.97391,3.97391
4838,2,0,3.36922,3.36922
4838,3,0,3.14229,3.14229
4839,0,0.559323,5.62266,6.18198
4839,1,0,1.81838,1.81838
4839,2,0,3.06198,3.06198
4839,3,0,5.72104,5.72104
4840,0,0.389687,3.21792,3.6076
4840,1,0,1.82422,1.82422
4840,2,0,3.03495,3.03495
4840,3,0,3.38463,3.38463
4841,0,0.595989,5.48672,6.08271
4841,1,0,3.53026,3.53026
4841,2,0,3.18068,3.18068
4841,3,0,4.58859,4.58859
4842,0,0.315573,3.27844,3.59401
4842,1,0,2.93057,2.93057
4842,2,0,5.80839,5.80839
4842,3,0,1.85807,1.85807
4843,0,0.334687,3.1587,3.49338
4843,1,0,2.98406,2.98406
4843,2,0,5.78943,5.78943
4843,3,0,1.89516,1.89516
4844,0,0.597239,4.4,4.99724
4844,1,0,1.8687,1.8687
4844,2,0,2.84177,2.84177
4844,3,0,4.61078,4.61078
4845,0,0.401146,4.3275,4.72865
4845,1,0,2.04813,2.04813
4845,2,0,5.73172,5.73172
4845,3,0,1.88328,1.88328
4846,0,0.364271,4.36703,4.7313
4846,1,0,2.93099,2.93099
4846,2,0,4.99495,4.99495
4846,3,0,1.87979,1.87979
4847,0,0.395625,4.51589,4.91151
4847,1,0,2.96828,2.96828
4847,2,0,4.61125,4.61125
4847,3,0,1.76443,1.76443
4848,0,0.356927,4.84667,5.20359
4848,1,0,5.78146,5.78146
4848,2,0,1.84849,1.84849
4848,3,0,1.75761,1.75761
4849,0,0.358333,5.42307,5.78141
4849,1,0,5.00719,5.00719
4849,2,0,1.82333,1.82333
4849,3,0,1.7924,1.7924
4850,0,1.02662,4.79229,5.81891
4850,1,0,4.57536,4.57536
4850,2,0,1.77516,1.77516
4850,3,0,1.75969,1.75969
4851,0,0.394531,5.61359,6.00812
4851,1,0,4.58422,4.58422
4851,2,0,1.78141,1.78141
4851,3,0,1.75953,1.75953
4852,0,0.397239,5.54912,5.94635
4852,1,0,4.70797,4.70797
4852,2,0,1.80203,1.80203
4852,3,0,2.91078,2.91078
4853,0,0.371771,4.39526,4.76703
4853,1,0,4.62911,4.62911
4853,2,0,1.77068,1.77068
4853,3,0,3.04984,3.04984
4854,0,0.525156,4.39203,4.91719
4854,1,0,4.69261,4.69261
4854,2,0,1.75833,1.75833
4854,3,0,2.99531,2.99531
4855,0,0.502656,5.30896,5.81161
4855,1,0,3.96349,3.96349
4855,2,0,1.76469,1.76469
4855,3,0,2.92417,2.92417
4856,0,0.3875,5.40427,5.79177
4856,1,0,3.93344,3.93344
4856,2,0,3.00406,3.00406
4856,3,0,1.88823,1.88823
4857,0,0.449479,6.74745,7.19693
4857,1,0,1.79219,1.79219
4857,2,0,3.08297,3.08297
4857,3,0,3.43161,3.43161
4858,0,0.462917,5.65182,6.11474
4858,1,0,1.77776,1.77776
4858,2,0,2.9174,2.9174
4858,3,0,2.93708,2.93708
4859,0,0.422291,6.49203,6.91432
4859,1,0,1.85552,1.85552
4859,2,0,2.99219,2.99219
4859,3,0,2.95896,2.95896
4860,0,0.492188,5.60495,6.09713
4860,1,0,1.85042,1.85042
4860,2,0,3.30531,3.30531
4860,3,0,3.05865,3.05865
4861,0,0.53177,5.62583,6.1576
4861,1,0,2.91974,2.91974
4861,2,0,1.92115,1.92115
4861,3,0,5.86828,5.86828
4862,0,0.421667,3.16625,3.58792
4862,1,0,2.96589,2.96589
4862,2,0,2.96245,2.96245
4862,3,0,4.71141,4.71141
4863,0,0.438437,3.56276,4.0012
4863,1,0,3.09115,3.09115
4863,2,0,3.07224,3.07224
4863,3,0,4.60443,4.60443
4864,0,0.381667,4.48698,4.86865
4864,1,0,1.79958,1.79958
4864,2,0,5.99354,5.99354
4864,3,0,1.82823,1.82823
4865,0,0.384271,4.46078,4.84505
4865,1,0,2.96807,2.96807
4865,2,0,4.76646,4.76646
4865,3,0,1.97656,1.97656
4866,0,0.418958,4.41797,4.83693
4866,1,0,3.00057,3.00057
4866,2,0,4.58745,4.58745
4866,3,0,1.77698,1.77698
4867,0,0.360834,6.11646,6.47729
4867,1,0,4.76187,4.76187
4867,2,0,2.69516,2.69516
4867,3,0,1.77068,1.77068
4868,0,0.416041,5.06912,5.48516
4868,1,0,5.02344,5.02344
4868,2,0,1.87661,1.87661
4868,3,0,1.79422,1.79422
4869,0,0.465052,5.05948,5.52453
4869,1,0,4.59932,4.59932
4869,2,0,1.7649,1.7649
4869,3,0,1.7524,1.7524
4870,0,0.398021,5.12193,5.51995
4870,1,0,4.63484,4.63484
4870,2,0,1.78776,1.78776
4870,3,0,1.75,1.75
4871,0,0.364844,5.7338,6.09865
4871,1,0,4.83703,4.83703
4871,2,0,1.81031,1.81031
4871,3,0,2.94417,2.94417
4872,0,0.362032,4.37521,4.73724
4872,1,0,4.57464,4.57464
4872,2,0,1.76047,1.76047
4872,3,0,2.92578,2.92578
4873,0,0.386198,4.65109,5.03729
4873,1,0,4.60062,4.60062
4873,2,0,1.79208,1.79208
4873,3,0,2.91208,2.91208
4874,0,1.05182,5.3774,6.42922
4874,1,0,3.9675,3.9675
4874,2,0,2.9475,2.9475
4874,3,0,2.96109,2.96109
4875,0,0.412032,5.76958,6.18161
4875,1,0,1.80125,1.80125
4875,2,0,3.03667,3.03667
4875,3,0,3.3612,3.3612
4876,0,0.431979,5.47323,5.90521
4876,1,0,1.77245,1.77245
4876,2,0,3.01964,3.01964
4876,3,0,3.22708,3.22708
4877,0,0.5275,5.68984,6.21734
4877,1,0,1.77885,1.77885
4877,2,0,2.92521,2.92521
4877,3,0,2.965,2.965
4878,0,0.438698,5.5374,5.97609
4878,1,0,1.79448,1.79448
4878,2,0,3.01797,3.01797
4878,3,0,3.0151,3.0151
4879,0,0.53698,5.66266,6.19964
4879,1,0,1.78771,1.78771
4879,2,0,3.01604,3.01604
4879,3,0,3.32578,3.32578
4880,0,0.451094,5.85068,6.30177
4880,1,0,1.77651,1.77651
4880,2,0,2.9537,2.9537
4880,3,0,2.9412,2.9412
4881,0,0.402188,5.70516,6.10734
4881,1,0,1.90115,1.90115
4881,2,0,3.02958,3.02958
4881,3,0,2.97589,2.97589
4882,0,0.40698,5.90609,6.31307
4882,1,0,1.8737,1.8737
4882,2,0,3.27739,3.27739
4882,3,0,2.99109,2.99109
4883,0,0.478594,5.65135,6.12995
4883,1,0,1.80964,1.80964
4883,2,0,2.71963,2.71963
4883,3,0,2.93125,2.93125
4884,0,0.511093,5.49141,6.0025
4884,1,0,2.51812,2.51812
4884,2,0,2.49714,2.49714
4884,3,0,2.94281,2.94281
4885,0,0.497343,5.55537,6.05271
4885,1,0,2.10099,2.10099
4885,2,0,2.92672,2.92672
4885,3,0,3.01203,3.01203
4886,0,0.410417,5.9251,6.33552
4886,1,0,2.92625,2.92625
4886,2,0,2.9113,2.9113
4886,3,0,1.81974,1.81974
4887,0,0.405885,5.7399,6.14578
4887,1,0,2.9776,2.9776
4887,2,0,1.81333,1.81333
4887,3,0,2.72583,2.72583
4888,0,0.436823,5.86104,6.29786
4888,1,0,1.9126,1.9126
4888,2,0,2.80432,2.80432
4888,3,0,3.01693,3.01693
4889,0,0.42875,5.58307,6.01182
4889,1,0,1.76911,1.76911
4889,2,0,2.94724,2.94724
4889,3,0,2.97302,2.97302
4890,0,0.511146,6.29531,6.80646
4890,1,0,2.97161,2.97161
4890,2,0,2.94432,2.94432
4890,3,0,1.87568,1.87568
4891,0,0.531407,5.70302,6.23443
4891,1,0,3.06953,3.06953
4891,2,0,2.97536,2.97536
4891,3,0,4.69573,4.69573
4892,0,0.373802,3.23391,3.60771
4892,1,0,2.93354,2.93354
4892,2,0,3.01927,3.01927
4892,3,0,4.7063,4.7063
4893,0,0.385677,3.09255,3.47823
4893,1,0,2.91547,2.91547
4893,2,0,3.04547,3.04547
4893,3,0,4.98547,4.98547
4894,0,0.389479,4.40484,4.79432
4894,1,0,2.96026,2.96026
4894,2,0,1.87563,1.87563
4894,3,0,4.5713,4.5713
4895,0,0.372761,4.36099,4.73375
4895,1,0,3.13484,3.13484
4895,2,0,1.89964,1.89964
4895,3,0,4.57927,4.57927
4896,0,0.373386,4.5551,4.92849
4896,1,0,3.00427,3.00427
4896,2,0,2.00646,2.00646
4896,3,0,4.82568,4.82568
4897,0,0.441355,5.78734,6.2287
4897,1,0,1.83484,1.83484
4897,2,0,4.60781,4.60781
4897,3,0,1.80906,1.80906
4898,0,0.384739,5.58599,5.97073
4898,1,0,4.8038,4.8038
4898,2,0,1.79974,1.79974
4898,3,0,1.75,1.75
4899,0,0.361875,5.84583,6.20771
4899,1,0,1.91427,1.91427
4899,2,0,4.82375,4.82375
4899,3,0,2.91896,2.91896
4900,0,0.373489,4.39667,4.77016
4900,1,0,4.60151,4.60151
4900,2,0,1.77818,1.77818
4900,3,0,3.07318,3.07318
4901,0,0.42625,4.67802,5.10427
4901,1,0,4.58224,4.58224
4901,2,0,1.76859,1.76859
4901,3,0,2.95302,2.95302
4902,0,0.406407,4.75135,5.15776
4902,1,0,4.7476,4.7476
4902,2,0,1.80646,1.80646
4902,3,0,2.93599,2.93599
4903,0,0.439271,3.91109,4.35037
4903,1,0,4.74672,4.74672
4903,2,0,1.8574,1.8574
4903,3,0,3.01526,3.01526
4904,0,0.456614,3.80214,4.25875
4904,1,0,4.70984,4.70984
4904,2,0,1.91073,1.91073
4904,3,0,4.46917,4.46917
4905,0,0.468802,6.1687,6.6375
4905,1,0,1.78536,1.78536
4905,2,0,2.92474,2.92474
4905,3,0,2.95521,2.95521
4906,0,0.413229,5.76635,6.17958
4906,1,0,1.85328,1.85328
4906,2,0,2.96432,2.96432
4906,3,0,2.98787,2.98787
4907,0,0.441146,5.73026,6.17141
4907,1,0,1.86026,1.86026
4907,2,0,3.24984,3.24984
4907,3,0,3.04885,3.04885
4908,0,0.564322,5.63948,6.2038
4908,1,0,1.77448,1.77448
4908,2,0,2.92339,2.92339
4908,3,0,2.93922,2.93922
4909,0,0.410105,5.77995,6.19005
4909,1,0,1.82474,1.82474
4909,2,0,2.95182,2.95182
4909,3,0,2.96682,2.96682
4910,0,0.408021,5.75385,6.16188
4910,1,0,2.10938,2.10938
4910,2,0,3.23427,3.23427
4910,3,0,2.91786,2.91786
4911,0,0.428229,5.64432,6.07255
4911,1,0,1.77839,1.77839
4911,2,0,2.94641,2.94641
4911,3,0,2.97359,2.97359
4912,0,0.456718,6.06047,6.51719
4912,1,0,3.00245,3.00245
4912,2,0,2.95943,2.95943
4912,3,0,1.86036,1.86036
4913,0,1.29688,4.94422,6.24109
4913,1,0,3.03057,3.03057
4913,2,0,2.96213,2.96213
4913,3,0,1.89047,1.89047
4914,0,0.417864,5.6726,6.09047
4914,1,0,2.92745,2.92745
4914,2,0,2.9449,2.9449
4914,3,0,1.86568,1.86568
4915,0,0.985312,4.99943,5.98474
4915,1,0,2.99677,2.99677
4915,2,0,2.93677,2.93677
4915,3,0,1.89589,1.89589
4916,0,0.462708,5.94036,6.40307
4916,1,0,3.07838,3.07838
4916,2,0,2.9674,2.9674
4916,3,0,1.93583,1.93583
4917,0,0.431302,5.65896,6.09026
4917,1,0,2.9688,2.9688
4917,2,0,3.03677,3.03677
4917,3,0,1.90047,1.90047
4918,0,0.46302,5.56667,6.02969
4918,1,0,2.94713,2.94713
4918,2,0,1.8275,1.8275
4918,3,0,2.84115,2.84115
4919,0,0.639219,5.4938,6.13302
4919,1,0,2.97333,2.97333
4919,2,0,2.94615,2.94615
4919,3,0,1.90771,1.90771
4920,0,0.446511,5.81213,6.25865
4920,1,0,3.25464,3.25464
4920,2,0,3.04474,3.04474
4920,3,0,4.77568,4.77568
4921,0,0.376927,3.23349,3.61042
4921,1,0,3.00359,3.00359
4921,2,0,3.06964,3.06964
4921,3,0,4.75406,4.75406
4922,0,0.439687,4.39536,4.83505
4922,1,0,2.92844,2.92844
4922,2,0,1.8312,1.8312
4922,3,0,4.60469,4.60469
4923,0,0.599479,4.25609,4.85557
4923,1,0,3.01698,3.01698
4923,2,0,1.85073,1.85073
4923,3,0,4.60729,4.60729
4924,0,0.360886,4.41625,4.77714
4924,1,0,3.29792,3.29792
4924,2,0,1.9325,1.9325
4924,3,0,4.6476,4.6476
4925,0,0.479584,5.35146,5.83104
4925,1,0,1.84458,1.84458
4925,2,0,4.63427,4.63427
4925,3,0,1.81385,1.81385
4926,0,0.529792,5.47766,6.00745
4926,1,0,1.84047,1.84047
4926,2,0,4.60833,4.60833
4926,3,0,1.8326,1.8326
4927,0,0.409375,5.89578,6.30516
4927,1,0,4.90953,4.90953
4927,2,0,1.7788,1.7788
4927,3,0,1.76589,1.76589
4928,0,0.399688,5.13781,5.5375
4928,1,0,4.73807,4.73807
4928,2,0,1.86615,1.86615
4928,3,0,1.8299,1.8299
4929,0,0.384479,5.33656,5.72104
4929,1,0,4.70302,4.70302
4929,2,0,1.83787,1.83787
4929,3,0,1.95703,1.95703
4930,0,0.523802,5.26682,5.79063
4930,1,0,4.55135,4.55135
4930,2,0,1.78922,1.78922
4930,3,0,2.90115,2.90115
4931,0,0.359583,4.98026,5.33984
4931,1,0,4.67755,4.67755
4931,2,0,1.82109,1.82109
4931,3,0,2.94886,2.94886
4932,0,0.365573,4.45385,4.81943
4932,1,0,4.73208,4.73208
4932,2,0,2.32781,2.32781
4932,3,0,4.06005,4.06005
4933,0,0.401042,3.1637,3.56474
4933,1,0,4.76917,4.76917
4933,2,0,2.93115,2.93115
4933,3,0,3.03469,3.03469
4934,0,0.517761,3.13448,3.65224
4934,1,0,4.78896,4.78896
4934,2,0,2.99078,2.99078
4934,3,0,2.95771,2.95771
4935,0,0.511979,6.39927,6.91125
4935,1,0,1.86234,1.86234
4935,2,0,4.2299,4.2299
4935,3,0,1.83625,1.83625
4936,0,0.433802,5.51953,5.95333
4936,1,0,1.76104,1.76104
4936,2,0,4.07089,4.07089
4936,3,0,1.85078,1.85078
4937,0,0.604062,5.81635,6.42042
4937,1,0,2.93573,2.93573
4937,2,0,2.91063,2.91063
4937,3,0,1.86047,1.86047
4938,0,0.466094,5.73177,6.19786
4938,1,0,1.85344,1.85344
4938,2,0,3.99604,3.99604
4938,3,0,1.82328,1.82328
4939,0,0.409635,5.60219,6.01182
4939,1,0,2.09526,2.09526
4939,2,0,3.73094,3.73094
4939,3,0,1.97469,1.97469
4940,0,0.456198,5.51912,5.97531
4940,1,0,1.79948,1.79948
4940,2,0,2.91115,2.91115
4940,3,0,2.89562,2.89562
4941,0,0.522291,6.33995,6.86224
4941,1,0,2.99151,2.99151
4941,2,0,2.95849,2.95849
4941,3,0,1.86359,1.86359
4942,0,0.420468,5.3712,5.79167
4942,1,0,1.7926,1.7926
4942,2,0,3.98307,3.98307
4942,3,0,1.99948,1.99948
4943,0,0.415156,5.41891,5.83406
4943,1,0,1.78401,1.78401
4943,2,0,4.15828,4.15828
4943,3,0,2.04698,2.04698
4944,0,0.5375,5.71078,6.24828
4944,1,0,2.95115,2.95115
4944,2,0,2.93818,2.93818
4944,3,0,1.81896,1.81896
4945,0,0.41599,5.67057,6.08656
4945,1,0,1.78729,1.78729
4945,2,0,4.01177,4.01177
4945,3,0,1.86875,1.86875
4946,0,0.474687,5.76437,6.23906
4946,1,0,1.78146,1.78146
4946,2,0,4.21812,4.21812
4946,3,0,1.94422,1.94422
4947,0,0.462395,5.69412,6.15651
4947,1,0,2.92651,2.92651
4947,2,0,2.93786,2.93786
4947,3,0,1.84682,1.84682
4948,0,0.393489,5.53526,5.92875
4948,1,0,1.85813,1.85813
4948,2,0,3.98521,3.98521
4948,3,0,1.83792,1.83792
4949,0,0.461823,5.70901,6.17083
4949,1,0,1.85776,1.85776
4949,2,0,4.31531,4.31531
4949,3,0,1.88375,1.88375
4950,0,0.511666,5.80687,6.31854
4950,1,0,2.93953,2.93953
4950,2,0,2.91396,2.91396
4950,3,0,2.0887,2.0887
4951,0,0.427343,5.64255,6.0699
4951,1,0,3.00156,3.00156
4951,2,0,2.95911,2.95911
4951,3,0,1.84162,1.84162
4952,0,0.418907,5.63495,6.05385
4952,1,0,3.27672,3.27672
4952,2,0,3.05818,3.05818
4952,3,0,1.9088,1.9088
4953,0,0.411146,5.61464,6.02578
4953,1,0,2.94797,2.94797
4953,2,0,2.94667,2.94667
4953,3,0,1.85615,1.85615
4954,0,0.423125,5.5262,5.94932
4954,1,0,2.98386,2.98386
4954,2,0,2.97156,2.97156
4954,3,0,1.82807,1.82807
4955,0,0.447344,5.95505,6.4024
4955,1,0,3.08,3.08
4955,2,0,3.0525,3.0525
4955,3,0,1.79578,1.79578
4956,0,0.439948,5.60693,6.04688
4956,1,0,2.91714,2.91714
4956,2,0,2.96,2.96
4956,3,0,1.84859,1.84859
4957,0,0.453854,5.51844,5.97229
4957,1,0,2.95875,2.95875
4957,2,0,2.92427,2.92427
4957,3,0,1.8175,1.8175
4958,0,0.491875,5.67708,6.16896
4958,1,0,3.04635,3.04635
4958,2,0,2.9512,2.9512
4958,3,0,4.03219,4.03219
4959,0,0.385937,3.34813,3.73406
4959,1,0,2.91297,2.91297
4959,2,0,2.95818,2.95818
4959,3,0,1.8787,1.8787
4960,0,0.475209,5.86146,6.33667
4960,1,0,2.92953,2.92953
4960,2,0,2.90193,2.90193
4960,3,0,1.88245,1.88245
4961,0,0.497761,5.92667,6.42443
4961,1,0,3.06453,3.06453
4961,2,0,2.73026,2.73026
4961,3,0,4.92838,4.92838
4962,0,0.398125,3.23531,3.63344
4962,1,0,3.94948,3.94948
4962,2,0,1.95578,1.95578
4962,3,0,4.64547,4.64547
4963,0,0.379896,4.3726,4.7525
4963,1,0,3.00656,3.00656
4963,2,0,2.09375,2.09375
4963,3,0,4.79979,4.79979
4964,0,0.410677,4.50583,4.91651
4964,1,0,2.94036,2.94036
4964,2,0,1.81953,1.81953
4964,3,0,4.61078,4.61078
4965,0,0.377136,5.85161,6.22875
4965,1,0,1.88844,1.88844
4965,2,0,4.66531,4.66531
4965,3,0,1.79062,1.79062
4966,0,0.382865,6.04333,6.4262
4966,1,0,2.23578,2.23578
4966,2,0,4.71667,4.71667
4966,3,0,1.8101,1.8101
4967,0,0.401459,5.28625,5.68771
4967,1,0,1.81172,1.81172
4967,2,0,4.60974,4.60974
4967,3,0,1.79234,1.79234
4968,0,0.437135,5.22349,5.66062
4968,1,0,1.83604,1.83604
4968,2,0,4.59172,4.59172
4968,3,0,1.80094,1.80094
4969,0,0.415937,5.86349,6.27943
4969,1,0,4.84141,4.84141
4969,2,0,1.78167,1.78167
4969,3,0,2.90135,2.90135
4970,0,0.356614,4.41578,4.7724
4970,1,0,4.62453,4.62453
4970,2,0,1.79109,1.79109
4970,3,0,3.00161,3.00161
4971,0,0.380885,4.43958,4.82047
4971,1,0,4.59469,4.59469
4971,2,0,1.79198,1.79198
4971,3,0,3.11641,3.11641
4972,0,0.497136,4.69036,5.1875
4972,1,0,4.63542,4.63542
4972,2,0,2.92953,2.92953
4972,3,0,2.93505,2.93505
4973,0,0.405782,3.31755,3.72333
4973,1,0,4.78344,4.78344
4973,2,0,2.99958,2.99958
4973,3,0,2.98526,2.98526
4974,0,0.419323,6.21927,6.63859
4974,1,0,1.86052,1.86052
4974,2,0,4.43177,4.43177
4974,3,0,1.86458,1.86458
4975,0,0.459583,5.68135,6.14094
4975,1,0,1.77099,1.77099
4975,2,0,4.07734,4.07734
4975,3,0,1.81927,1.81927
4976,0,0.41974,6.10005,6.51979
4976,1,0,1.85479,1.85479
4976,2,0,3.87625,3.87625
4976,3,0,1.83068,1.83068
4977,0,0.402135,5.7101,6.11224
4977,1,0,2.02719,2.02719
4977,2,0,4.08578,4.08578
4977,3,0,1.8599,1.8599
4978,0,0.408021,5.74292,6.15094
4978,1,0,2.9337,2.9337
4978,2,0,2.93219,2.93219
4978,3,0,1.83464,1.83464
4979,0,0.413854,5.79542,6.20927
4979,1,0,1.82208,1.82208
4979,2,0,3.86547,3.86547
4979,3,0,1.83302,1.83302
4980,0,0.407865,6.3525,6.76037
4980,1,0,3.05594,3.05594
4980,2,0,3.02453,3.02453
4980,3,0,1.82667,1.82667
4981,0,0.408177,5.60917,6.01734
4981,1,0,3.19427,3.19427
4981,2,0,2.96797,2.96797
4981,3,0,1.8512,1.8512
4982,0,0.54276,5.44141,5.98417
4982,1,0,2.93078,2.93078
4982,2,0,2.94172,2.94172
4982,3,0,1.89208,1.89208
4983,0,0.487761,5.51672,6.00448
4983,1,0,3.05542,3.05542
4983,2,0,2.97922,2.97922
4983,3,0,1.82932,1.82932
4984,0,0.406146,5.83885,6.245
4984,1,0,2.92344,2.92344
4984,2,0,2.96609,2.96609
4984,3,0,1.91073,1.91073
4985,0,0.449532,5.60708,6.05661
4985,1,0,2.92953,2.92953
4985,2,0,2.98656,2.98656
4985,3,0,1.8801,1.8801
4986,0,0.450156,5.81609,6.26625
4986,1,0,2.98911,2.98911
4986,2,0,2.93026,2.93026
4986,3,0,1.80589,1.80589
4987,0,0.428542,5.60755,6.03609
4987,1,0,2.92875,2.92875
4987,2,0,3.02542,3.02542
4987,3,0,2.09818,2.09818
4988,0,0.408177,5.40589,5.81406
4988,1,0,2.93771,2.93771
4988,2,0,3.02542,3.02542
4988,3,0,2.06521,2.06521
4989,0,0.482916,5.57776,6.06068
4989,1,0,2.93203,2.93203
4989,2,0,2.95552,2.95552
4989,3,0,1.84474,1.84474
4990,0,0.403906,5.65672,6.06062
4990,1,0,2.99437,2.99437
4990,2,0,3.13948,3.13948
4990,3,0,1.83937,1.83937
4991,0,0.411823,5.47104,5.88286
4991,1,0,2.94521,2.94521
4991,2,0,3.18406,3.18406
4991,3,0,1.93865,1.93865
4992,0,0.44,5.6399,6.0799
4992,1,0,2.95141,2.95141
4992,2,0,2.94531,2.94531
4992,3,0,1.81406,1.81406
4993,0,0.396041,5.63677,6.03281
4993,1,0,3.02193,3.02193
4993,2,0,2.99781,2.99781
4993,3,0,1.84224,1.84224
4994,0,0.39724,5.69896,6.0962
4994,1,0,2.99083,2.99083
4994,2,0,3.28396,3.28396
4994,3,0,1.84943,1.84943
4995,0,0.41948,6.14114,6.56062
4995,1,0,3.92578,3.92578
4995,2,0,1.81974,1.81974
4995,3,0,4.70036,4.70036
4996,0,0.372917,3.18885,3.56177
4996,1,0,3.9763,3.9763
4996,2,0,1.97318,1.97318
4996,3,0,4.71036,4.71036
4997,0,0.40151,4.56208,4.96359
4997,1,0,3.10713,3.10713
4997,2,0,1.88833,1.88833
4997,3,0,4.61339,4.61339
4998,0,0.350937,4.42964,4.78057
4998,1,0,2.78781,2.78781
4998,2,0,1.81104,1.81104
4998,3,0,4.68333,4.68333
4999,0,0.38901,5.80391,6.19292
4999,1,0,1.8376,1.8376
4999,2,0,4.78328,4.78328
4999,3,0,1.83224,1.83224
5000,0,0.409114,5.61745,6.02656
5000,1,0,1.87021,1.87021
5000,2,0,4.67943,4.67943
5000,3,0,1.76859,1.76859
5001,0,0.334479,5.66333,5.99781
5001,1,0,1.81073,1.81073
5001,2,0,4.68526,4.68526
5001,3,0,1.8075,1.8075
5002,0,0.352136,5.49682,5.84896
5002,1,0,1.8287,1.8287
5002,2,0,4.81396,4.81396
5002,3,0,1.9687,1.9687
5003,0,0.405573,5.27943,5.685
5003,1,0,1.83698,1.83698
5003,2,0,4.57833,4.57833
5003,3,0,1.77172,1.77172
5004,0,0.392135,5.10266,5.49479
5004,1,0,1.8576,1.8576
5004,2,0,4.6563,4.6563
5004,3,0,1.79615,1.79615
5005,0,0.352604,5.24812,5.60073
5005,1,0,1.82489,1.82489
5005,2,0,4.92854,4.92854
5005,3,0,1.81927,1.81927
5006,0,0.407031,5.05807,5.4651
5006,1,0,1.80766,1.80766
5006,2,0,4.57771,4.57771
5006,3,0,1.75662,1.75662
5007,0,0.339531,5.41323,5.75276
5007,1,0,2.0324,2.0324
5007,2,0,4.59594,4.59594
5007,3,0,1.80161,1.80161
5008,0,0.396146,5.0838,5.47995
5008,1,0,1.89047,1.89047
5008,2,0,4.8688,4.8688
5008,3,0,3.05224,3.05224
5009,0,0.370052,4.37453,4.74458
5009,1,0,4.68526,4.68526
5009,2,0,1.79229,1.79229
5009,3,0,2.94167,2.94167
5010,0,0.341303,4.73776,5.07906
5010,1,0,4.58135,4.58135
5010,2,0,1.76651,1.76651
5010,3,0,2.90432,2.90432
5011,0,0.383125,4.11698,4.5001
5011,1,0,4.72865,4.72865
5011,2,0,1.83443,1.83443
5011,3,0,2.91719,2.91719
5012,0,0.341875,3.90656,4.24844
5012,1,0,4.59693,4.59693
5012,2,0,1.7612,1.7612
5012,3,0,2.92333,2.92333
5013,0,0.43276,4.18672,4.61948
5013,1,0,4.66693,4.66693
5013,2,0,1.75542,1.75542
5013,3,0,2.96115,2.96115
5014,0,0.852604,4.06844,4.92104
5014,1,0,4.69292,4.69292
5014,2,0,1.75375,1.75375
5014,3,0,4.0674,4.0674
5015,0,0.381406,3.24401,3.62542
5015,1,0,4.60745,4.60745
5015,2,0,1.78333,1.78333
5015,3,0,4.36229,4.36229
5016,0,0.532864,3.10078,3.63365
5016,1,0,4.61578,4.61578
5016,2,0,1.79948,1.79948
5016,3,0,4.11047,4.11047
5017,0,0.742864,3.28708,4.02995
5017,1,0,4.76031,4.76031
5017,2,0,2.92286,2.92286
5017,3,0,2.94755,2.94755
5018,0,0.513229,6.03521,6.54844
5018,1,0,1.86115,1.86115
5018,2,0,4.13901,4.13901
5018,3,0,1.8588,1.8588
5019,0,0.410104,5.67531,6.08542
5019,1,0,1.87854,1.87854
5019,2,0,3.55396,3.55396
5019,3,0,2.78599,2.78599
5020,0,0.527917,5.76792,6.29583
5020,1,0,2.91385,2.91385
5020,2,0,1.78255,1.78255
5020,3,0,2.74026,2.74026
5021,0,0.399427,5.74896,6.14839
5021,1,0,1.83458,1.83458
5021,2,0,4.09323,4.09323
5021,3,0,1.8376,1.8376
5022,0,0.424896,5.90464,6.32953
5022,1,0,2.04401,2.04401
5022,2,0,4.03453,4.03453
5022,3,0,2.18281,2.18281
5023,0,0.41026,5.59646,6.00672
5023,1,0,2.93104,2.93104
5023,2,0,2.94292,2.94292
5023,3,0,1.8312,1.8312
5024,0,0.431667,6.11396,6.54563
5024,1,0,2.95635,2.95635
5024,2,0,2.92661,2.92661
5024,3,0,1.80995,1.80995
5025,0,0.377135,6.45005,6.82719
5025,1,0,4.26323,4.26323
5025,2,0,1.8675,1.8675
5025,3,0,1.82109,1.82109
5026,0,0.433021,5.62463,6.05766
5026,1,0,4.08625,4.08625
5026,2,0,1.98042,1.98042
5026,3,0,1.88125,1.88125
5027,0,0.509479,5.56125,6.07073
5027,1,0,3.96078,3.96078
5027,2,0,1.8224,1.8224
5027,3,0,1.83724,1.83724
5028,0,0.43474,5.78146,6.2162
5028,1,0,4.1899,4.1899
5028,2,0,1.78521,1.78521
5028,3,0,4.73948,4.73948
5029,0,0.383333,4.60547,4.9888
5029,1,0,2.95375,2.95375
5029,2,0,1.85844,1.85844
5029,3,0,4.73646,4.73646
5030,0,0.492448,5.75219,6.24464
5030,1,0,1.90771,1.90771
5030,2,0,2.31948,2.31948
5030,3,0,4.84812,4.84812
5031,0,0.388282,5.72875,6.11703
5031,1,0,1.82464,1.82464
5031,2,0,4.60734,4.60734
5031,3,0,1.77641,1.77641
5032,0,0.37625,6.01182,6.38807
5032,1,0,1.95932,1.95932
5032,2,0,4.56953,4.56953
5032,3,0,1.81661,1.81661
5033,0,0.407291,5.09859,5.50589
5033,1,0,2.02776,2.02776
5033,2,0,4.74885,4.74885
5033,3,0,2.9987,2.9987
5034,0,0.347448,4.44375,4.7912
5034,1,0,4.65979,4.65979
5034,2,0,1.75708,1.75708
5034,3,0,2.92036,2.92036
5035,0,0.327552,4.48443,4.81198
5035,1,0,4.6412,4.6412
5035,2,0,1.77349,1.77349
5035,3,0,2.89995,2.89995
5036,0,0.382187,4.5487,4.93088
5036,1,0,4.67453,4.67453
5036,2,0,1.75484,1.75484
5036,3,0,4.0724,4.0724
5037,0,0.362969,3.16177,3.52474
5037,1,0,4.6101,4.6101
5037,2,0,1.77505,1.77505
5037,3,0,4.19984,4.19984
5038,0,0.363855,3.27312,3.63698
5038,1,0,4.59193,4.59193
5038,2,0,1.76286,1.76286
5038,3,0,4.32276,4.32276
5039,0,0.468542,3.30365,3.77219
5039,1,0,4.66589,4.66589
5039,2,0,2.92937,2.92937
5039,3,0,2.96115,2.96115
5040,0,0.390677,3.50937,3.90005
5040,1,0,4.86359,4.86359
5040,2,0,4.21917,4.21917
5040,3,0,1.84667,1.84667
5041,0,0.418229,5.85651,6.27474
5041,1,0,2.41859,2.41859
5041,2,0,4.00115,4.00115
5041,3,0,1.87036,1.87036
5042,0,0.463645,5.77401,6.23766
5042,1,0,2.93948,2.93948
5042,2,0,2.96359,2.96359
5042,3,0,1.81948,1.81948
5043,0,0.397864,5.8262,6.22406
5043,1,0,2.99766,2.99766
5043,2,0,2.96432,2.96432
5043,3,0,1.81234,1.81234
5044,0,0.420469,6.04292,6.46338
5044,1,0,3.31604,3.31604
5044,2,0,2.73297,2.73297
5044,3,0,1.87781,1.87781
5045,0,0.383438,5.62708,6.01052
5045,1,0,2.93604,2.93604
5045,2,0,2.96042,2.96042
5045,3,0,1.83734,1.83734
5046,0,0.430104,5.58875,6.01885
5046,1,0,2.97115,2.97115
5046,2,0,2.93963,2.93963
5046,3,0,1.80115,1.80115
5047,0,0.38,5.82182,6.20182
5047,1,0,3.16323,3.16323
5047,2,0,3.05865,3.05865
5047,3,0,1.81026,1.81026
5048,0,0.402448,5.81037,6.21281
5048,1,0,3.1601,3.1601
5048,2,0,2.54656,2.54656
5048,3,0,2.16391,2.16391
5049,0,0.400104,5.76484,6.16495
5049,1,0,4.11672,4.11672
5049,2,0,1.81406,1.81406
5049,3,0,1.78875,1.78875
5050,0,1.20052,5.14099,6.34151
5050,1,0,4.18328,4.18328
5050,2,0,1.82927,1.82927
5050,3,0,1.78859,1.78859
5051,0,0.403333,5.61542,6.01875
5051,1,0,4.06667,4.06667
5051,2,0,1.81557,1.81557
5051,3,0,1.86557,1.86557
5052,0,0.460625,5.56135,6.02198
5052,1,0,4.08432,4.08432
5052,2,0,1.80536,1.80536
5052,3,0,1.84318,1.84318
5053,0,0.507083,5.67422,6.1813
5053,1,0,4.22214,4.22214
5053,2,0,1.83427,1.83427
5053,3,0,1.79974,1.79974
5054,0,0.416563,5.60396,6.02052
5054,1,0,4.075,4.075
5054,2,0,1.87047,1.87047
5054,3,0,2.58203,2.58203
5055,0,0.465885,5.45162,5.9175
5055,1,0,3.92,3.92
5055,2,0,1.99578,1.99578
5055,3,0,1.96583,1.96583
5056,0,0.547292,6.87005,7.41734
5056,1,0,2.97125,2.97125
5056,2,0,1.86391,1.86391
5056,3,0,4.69885,4.69885
5057,0,0.343021,4.33948,4.6825
5057,1,0,3.04062,3.04062
5057,2,0,1.88094,1.88094
5057,3,0,4.68167,4.68167
5058,0,0.342135,4.40412,4.74625
5058,1,0,2.89198,2.89198
5058,2,0,2.07,2.07
5058,3,0,4.70078,4.70078
5059,0,0.426302,6.08547,6.51177
5059,1,0,1.83281,1.83281
5059,2,0,4.70276,4.70276
5059,3,0,1.80609,1.80609
5060,0,0.395313,5.64453,6.03984
5060,1,0,1.92953,1.92953
5060,2,0,4.58745,4.58745
5060,3,0,1.76438,1.76438
5061,0,0.814167,5.53787,6.35203
5061,1,0,1.88844,1.88844
5061,2,0,4.68547,4.68547
5061,3,0,2.95406,2.95406
5062,0,0.395938,4.46823,4.86417
5062,1,0,4.79458,4.79458
5062,2,0,1.84682,1.84682
5062,3,0,3.07031,3.07031
5063,0,0.867968,3.72458,4.59255
5063,1,0,4.55771,4.55771
5063,2,0,1.7825,1.7825
5063,3,0,4.53219,4.53219
5064,0,0.444792,3.34396,3.78875
5064,1,0,4.63078,4.63078
5064,2,0,1.77635,1.77635
5064,3,0,4.0649,4.0649
5065,0,0.355937,4.18396,4.5399
5065,1,0,4.87203,4.87203
5065,2,0,4.15464,4.15464
5065,3,0,1.82625,1.82625
5066,0,0.396562,3.9237,4.32026
5066,1,0,3.97479,3.97479
5066,2,0,3.29297,3.29297
5066,3,0,2.77833,2.77833
5067,0,0.429166,6.13875,6.56792
5067,1,0,2.93,2.93
5067,2,0,2.92109,2.92109
5067,3,0,1.79401,1.79401
5068,0,0.372552,5.90182,6.27438
5068,1,0,2.95745,2.95745
5068,2,0,2.93865,2.93865
5068,3,0,1.80651,1.80651
5069,0,0.399271,5.82391,6.22318
5069,1,0,3.32094,3.32094
5069,2,0,3.11646,3.11646
5069,3,0,1.84083,1.84083
5070,0,0.386667,5.45489,5.84156
5070,1,0,2.94484,2.94484
5070,2,0,2.92937,2.92937
5070,3,0,1.81588,1.81588
5071,0,0.382969,6.0749,6.45786
5071,1,0,2.96323,2.96323
5071,2,0,2.75552,2.75552
5071,3,0,1.81969,1.81969
5072,0,0.372448,6.04781,6.42026
5072,1,0,4.24318,4.24318
5072,2,0,1.82208,1.82208
5072,3,0,1.83115,1.83115
5073,0,0.397292,5.60109,5.99839
5073,1,0,4.08167,4.08167
5073,2,0,1.83588,1.83588
5073,3,0,1.87281,1.87281
5074,0,0.48724,5.79078,6.27802
5074,1,0,4.10036,4.10036
5074,2,0,1.82969,1.82969
5074,3,0,1.84609,1.84609
5075,0,0.501823,5.72578,6.2276
5075,1,0,4.43641,4.43641
5075,2,0,1.83755,1.83755
5075,3,0,1.79224,1.79224
5076,0,0.385417,5.62047,6.00589
5076,1,0,4.09182,4.09182
5076,2,0,1.85875,1.85875
5076,3,0,1.93307,1.93307
5077,0,0.39474,5.5763,5.97104
5077,1,0,4.08844,4.08844
5077,2,0,1.85031,1.85031
5077,3,0,1.88068,1.88068
5078,0,0.5525,7.24964,7.80214
5078,1,0,2.95781,2.95781
5078,2,0,1.80792,1.80792
5078,3,0,4.69287,4.69287
5079,0,0.37974,4.38896,4.7687
5079,1,0,3.04995,3.04995
5079,2,0,1.90167,1.90167
5079,3,0,4.54729,4.54729
5080,0,0.364947,4.40021,4.76516
5080,1,0,2.83995,2.83995
5080,2,0,2.08995,2.08995
5080,3,0,4.75182,4.75182
5081,0,0.397448,5.54958,5.94703
5081,1,0,1.82177,1.82177
5081,2,0,1.87833,1.87833
5081,3,0,4.60375,4.60375
5082,0,0.712968,5.75646,6.46943
5082,1,0,1.84609,1.84609
5082,2,0,4.7088,4.7088
5082,3,0,1.79021,1.79021
5083,0,0.345989,5.84391,6.1899
5083,1,0,1.89813,1.89813
5083,2,0,4.66984,4.66984
5083,3,0,1.77969,1.77969
5084,0,0.392969,5.285,5.67797
5084,1,0,1.80979,1.80979
5084,2,0,4.62,4.62
5084,3,0,1.79792,1.79792
5085,0,0.589948,5.85193,6.44187
5085,1,0,4.71078,4.71078
5085,2,0,1.76417,1.76417
5085,3,0,2.98328,2.98328
5086,0,0.480729,4.09427,4.575
5086,1,0,4.77125,4.77125
5086,2,0,1.77641,1.77641
5086,3,0,2.90661,2.90661
5087,0,0.373646,3.89401,4.26766
5087,1,0,4.71078,4.71078
5087,2,0,1.85198,1.85198
5087,3,0,3.07844,3.07844
5088,0,0.393542,3.77724,4.17078
5088,1,0,1.80958,1.80958
5088,2,0,4.65766,4.65766
5088,3,0,3.17859,3.17859
5089,0,0.464584,4.13943,4.60401
5089,1,0,1.90412,1.90412
5089,2,0,4.67443,4.67443
5089,3,0,4.08292,4.08292
5090,0,0.365208,3.28812,3.65333
5090,1,0,4.68771,4.68771
5090,2,0,1.83359,1.83359
5090,3,0,4.07969,4.07969
5091,0,0.621511,3.03115,3.65266
5091,1,0,4.66021,4.66021
5091,2,0,2.00542,2.00542
5091,3,0,4.13349,4.13349
5092,0,0.425417,3.21937,3.64479
5092,1,0,4.61833,4.61833
5092,2,0,2.93875,2.93875
5092,3,0,2.93781,2.93781
5093,0,0.509844,3.46099,3.97083
5093,1,0,4.705,4.705
5093,2,0,4.10161,4.10161
5093,3,0,1.83328,1.83328
5094,0,0.382552,3.42443,3.80698
5094,1,0,4.95604,4.95604
5094,2,0,4.06677,4.06677
5094,3,0,1.8826,1.8826
5095,0,0.395729,5.77531,6.17104
5095,1,0,2.93438,2.93438
5095,2,0,2.94016,2.94016
5095,3,0,2.06495,2.06495
5096,0,0.425886,5.74073,6.16662
5096,1,0,2.96677,2.96677
5096,2,0,3.00292,3.00292
5096,3,0,1.82713,1.82713
5097,0,0.516146,6.14047,6.65662
5097,1,0,3.08349,3.08349
5097,2,0,2.75047,2.75047
5097,3,0,1.79969,1.79969
5098,0,0.419218,5.73193,6.15114
5098,1,0,2.92656,2.92656
5098,2,0,3.0224,3.0224
5098,3,0,1.86833,1.86833
5099,0,0.435729,5.83734,6.27307
5099,1,0,4.08479,4.08479
5099,2,0,2.05385,2.05385
5099,3,0,2.26667,2.26667
5100,0,0.516407,5.89604,6.41245
5100,1,0,3.93234,3.93234
5100,2,0,1.85031,1.85031
5100,3,0,1.8051,1.8051
5101,0,0.401823,5.62312,6.02495
5101,1,0,4.18724,4.18724
5101,2,0,1.92312,1.92312
5101,3,0,1.82458,1.82458
5102,0,0.420156,5.6937,6.11385
5102,1,0,3.95047,3.95047
5102,2,0,1.9887,1.9887
5102,3,0,2.08385,2.08385
5103,0,0.487344,6.77229,7.25964
5103,1,0,2.92427,2.92427
5103,2,0,1.79787,1.79787
5103,3,0,4.70745,4.70745
5104,0,0.331458,4.20927,4.54073
5104,1,0,3.03995,3.03995
5104,2,0,1.85667,1.85667
5104,3,0,4.68375,4.68375
5105,0,0.509427,4.28516,4.79458
5105,1,0,3.01771,3.01771
5105,2,0,2.19375,2.19375
5105,3,0,4.69292,4.69292
5106,0,0.371718,5.50099,5.87271
5106,1,0,1.82266,1.82266
5106,2,0,1.7837,1.7837
5106,3,0,4.61677,4.61677
5107,0,0.371198,5.80365,6.17484
5107,1,0,1.91338,1.91338
5107,2,0,4.67115,4.67115
5107,3,0,1.76073,1.76073
5108,0,0.387917,6.23062,6.61854
5108,1,0,1.86932,1.86932
5108,2,0,4.68844,4.68844
5108,3,0,1.79792,1.79792
5109,0,0.397552,5.00948,5.40703
5109,1,0,1.79625,1.79625
5109,2,0,4.63974,4.63974
5109,3,0,1.83161,1.83161
5110,0,0.382968,5.51328,5.89625
5110,1,0,1.80557,1.80557
5110,2,0,4.59083,4.59083
5110,3,0,1.81458,1.81458
5111,0,0.450729,5.2663,5.71703
5111,1,0,1.85813,1.85813
5111,2,0,4.63385,4.63385
5111,3,0,1.78552,1.78552
5112,0,0.3875,5.33177,5.71927
5112,1,0,1.79313,1.79313
5112,2,0,4.73583,4.73583
5112,3,0,1.86479,1.86479
5113,0,0.42,4.91427,5.33427
5113,1,0,1.82781,1.82781
5113,2,0,4.64042,4.64042
5113,3,0,1.91511,1.91511
5114,0,0.538802,5.35453,5.89333
5114,1,0,1.86,1.86
5114,2,0,4.60896,4.60896
5114,3,0,2.92391,2.92391
5115,0,0.347552,4.42219,4.76974
5115,1,0,4.71969,4.71969
5115,2,0,1.84943,1.84943
5115,3,0,2.94026,2.94026
5116,0,0.388281,3.89578,4.28406
5116,1,0,4.70583,4.70583
5116,2,0,2.02323,2.02323
5116,3,0,3.12182,3.12182
5117,0,0.45573,3.62443,4.08016
5117,1,0,4.79151,4.79151
5117,2,0,1.77401,1.77401
5117,3,0,2.91063,2.91063
5118,0,0.354219,3.96469,4.31891
5118,1,0,1.83552,1.83552
5118,2,0,4.67432,4.67432
5118,3,0,2.93458,2.93458
5119,0,0.339948,4.13125,4.4712
5119,1,0,1.8176,1.8176
5119,2,0,4.91786,4.91786
5119,3,0,3.04443,3.04443
5120,0,0.419218,3.81505,4.23427
5120,1,0,1.82885,1.82885
5120,2,0,4.60885,4.60885
5120,3,0,2.94083,2.94083
5121,0,0.428021,5.23406,5.66208
5121,1,0,4.35401,4.35401
5121,2,0,1.81214,1.81214
5121,3,0,4.08354,4.08354
5122,0,0.750313,3.25885,4.00917
5122,1,0,4.84948,4.84948
5122,2,0,3.07359,3.07359
5122,3,0,2.94995,2.94995
5123,0,0.47349,3.62516,4.09865
5123,1,0,4.79677,4.79677
5123,2,0,4.11463,4.11463
5123,3,0,1.89547,1.89547
5124,0,0.412813,4.0849,4.49771
5124,1,0,5.06604,5.06604
5124,2,0,3.02276,3.02276
5124,3,0,1.92708,1.92708
5125,0,0.497448,6.24094,6.73839
5125,1,0,4.16156,4.16156
5125,2,0,1.8488,1.8488
5125,3,0,1.81328,1.81328
5126,0,0.387448,5.6937,6.08115
5126,1,0,3.89349,3.89349
5126,2,0,1.93807,1.93807
5126,3,0,1.85271,1.85271
5127,0,0.39599,4.26484,4.66083
5127,1,0,6.5538,6.5538
5127,2,0,2.1788,2.1788
5127,3,0,5.03344,5.03344
5128,0,0.46901,5.5499,6.01891
5128,1,0,1.97266,1.97266
5128,2,0,4.75958,4.75958
5128,3,0,1.84901,1.84901
5129,0,0.42974,5.90838,6.33812
5129,1,0,4.06578,4.06578
5129,2,0,2.60531,2.60531
5129,3,0,1.81536,1.81536
5130,0,0.474688,5.76583,6.24052
5130,1,0,4.85604,4.85604
5130,2,0,1.95771,1.95771
5130,3,0,2.9576,2.9576
5131,0,0.372448,4.80563,5.17807
5131,1,0,4.72375,4.72375
5131,2,0,1.82807,1.82807
5131,3,0,3.92245,3.92245
5132,0,0.446563,3.15458,3.60115
5132,1,0,4.63141,4.63141
5132,2,0,1.81958,1.81958
5132,3,0,4.43875,4.43875
5133,0,1.23297,3.24063,4.47359
5133,1,0,4.69609,4.69609
5133,2,0,2.97901,2.97901
5133,3,0,2.73813,2.73813
5134,0,0.510938,5.86927,6.38021
5134,1,0,1.86536,1.86536
5134,2,0,2.99766,2.99766
5134,3,0,2.72364,2.72364
5135,0,0.498646,5.82344,6.32208
5135,1,0,1.80948,1.80948
5135,2,0,4.1476,4.1476
5135,3,0,1.94526,1.94526
5136,0,0.506198,5.60995,6.11615
5136,1,0,1.76307,1.76307
5136,2,0,2.92646,2.92646
5136,3,0,2.6913,2.6913
5137,0,0.455156,6.28557,6.74073
5137,1,0,1.91714,1.91714
5137,2,0,4.09464,4.09464
5137,3,0,1.82057,1.82057
5138,0,0.412084,6.03338,6.44547
5138,1,0,2.02505,2.02505
5138,2,0,3.98214,3.98214
5138,3,0,1.82693,1.82693
5139,0,0.383646,5.83911,6.22276
5139,1,0,1.77375,1.77375
5139,2,0,2.90844,2.90844
5139,3,0,2.73339,2.73339
5140,0,0.428854,6.10052,6.52937
5140,1,0,1.81448,1.81448
5140,2,0,4.11547,4.11547
5140,3,0,1.8013,1.8013
5141,0,0.418125,6.10198,6.5201
5141,1,0,3.03479,3.03479
5141,2,0,3.01771,3.01771
5141,3,0,1.82391,1.82391
5142,0,0.420886,5.96114,6.38203
5142,1,0,2.9213,2.9213
5142,2,0,2.99406,2.99406
5142,3,0,1.8451,1.8451
5143,0,0.533594,5.56281,6.09641
5143,1,0,2.95974,2.95974
5143,2,0,2.78891,2.78891
5143,3,0,1.88234,1.88234
5144,0,0.567812,5.86885,6.43667
5144,1,0,3.93771,3.93771
5144,2,0,1.85031,1.85031
5144,3,0,1.83323,1.83323
5145,0,0.423698,5.77984,6.20354
5145,1,0,2.94516,2.94516
5145,2,0,2.70063,2.70063
5145,3,0,1.88838,1.88838
5146,0,0.429791,4.13781,4.5676
5146,1,0,6.21302,6.21302
5146,2,0,1.85786,1.85786
5146,3,0,1.8812,1.8812
5147,0,0.666198,5.72297,6.38917
5147,1,0,4.12781,4.12781
5147,2,0,1.8474,1.8474
5147,3,0,4.65927,4.65927
5148,0,0.367969,3.21385,3.58182
5148,1,0,4.43922,4.43922
5148,2,0,1.95427,1.95427
5148,3,0,4.69182,4.69182
5149,0,0.347188,4.22141,4.56859
5149,1,0,3.04792,3.04792
5149,2,0,2.08005,2.08005
5149,3,0,4.74547,4.74547
5150,0,0.409479,5.58526,5.99474
5150,1,0,1.86526,1.86526
5150,2,0,4.65536,4.65536
5150,3,0,1.77693,1.77693
5151,0,0.3325,5.71891,6.05141
5151,1,0,1.86547,1.86547
5151,2,0,4.69141,4.69141
5151,3,0,1.77719,1.77719
5152,0,0.358541,5.78927,6.14781
5152,1,0,1.95427,1.95427
5152,2,0,4.76136,4.76136
5152,3,0,1.76427,1.76427
5153,0,1.10724,5.1925,6.29974
5153,1,0,4.66932,4.66932
5153,2,0,1.78563,1.78563
5153,3,0,1.82047,1.82047
5154,0,0.510573,5.125,5.63557
5154,1,0,4.60953,4.60953
5154,2,0,1.76906,1.76906
5154,3,0,1.76875,1.76875
5155,0,0.409219,5.4624,5.87162
5155,1,0,4.75302,4.75302
5155,2,0,1.78604,1.78604
5155,3,0,2.91443,2.91443
5156,0,0.359375,4.45995,4.81932
5156,1,0,4.70135,4.70135
5156,2,0,1.85823,1.85823
5156,3,0,4.6437,4.6437
5157,0,0.610573,3.53151,4.14208
5157,1,0,4.64854,4.64854
5157,2,0,1.8799,1.8799
5157,3,0,4.19286,4.19286
5158,0,0.471562,3.40443,3.87599
5158,1,0,4.60078,4.60078
5158,2,0,3.81766,3.81766
5158,3,0,1.8112,1.8112
5159,0,0.418229,3.30531,3.72354
5159,1,0,4.68635,4.68635
5159,2,0,4.84896,4.84896
5159,3,0,1.84167,1.84167
5160,0,0.407084,5.83927,6.24635
5160,1,0,3.37875,3.37875
5160,2,0,3.09849,3.09849
5160,3,0,1.85625,1.85625
5161,0,0.429688,5.95667,6.38635
5161,1,0,3.85146,3.85146
5161,2,0,1.81495,1.81495
5161,3,0,1.78573,1.78573
5162,0,0.41698,5.7112,6.12818
5162,1,0,2.97927,2.97927
5162,2,0,2.81536,2.81536
5162,3,0,4.09953,4.09953
5163,0,0.407187,4.30016,4.70734
5163,1,0,4.26875,4.26875
5163,2,0,1.83516,1.83516
5163,3,0,4.69891,4.69891
5164,0,0.362031,4.4851,4.84713
5164,1,0,3.03661,3.03661
5164,2,0,1.83823,1.83823
5164,3,0,4.77969,4.77969
5165,0,0.425,4.29188,4.71687
5165,1,0,2.81891,2.81891
5165,2,0,1.8188,1.8188
5165,3,0,4.98818,4.98818
5166,0,0.377135,5.68146,6.05859
5166,1,0,1.83146,1.83146
5166,2,0,4.67094,4.67094
5166,3,0,1.77578,1.77578
5167,0,0.328542,5.56427,5.89281
5167,1,0,1.87021,1.87021
5167,2,0,4.71125,4.71125
5167,3,0,1.80542,1.80542
5168,0,0.360469,5.42859,5.78906
5168,1,0,1.85833,1.85833
5168,2,0,5.09229,5.09229
5168,3,0,1.8162,1.8162
5169,0,0.411146,5.54167,5.95281
5169,1,0,1.80354,1.80354
5169,2,0,4.61589,4.61589
5169,3,0,1.74995,1.74995
5170,0,0.390417,5.58422,5.97464
5170,1,0,1.87969,1.87969
5170,2,0,4.57625,4.57625
5170,3,0,1.76849,1.76849
5171,0,0.338645,5.58656,5.92521
5171,1,0,2.20266,2.20266
5171,2,0,4.74802,4.74802
5171,3,0,2.97203,2.97203
5172,0,0.405521,4.4987,4.90422
5172,1,0,4.70031,4.70031
5172,2,0,1.75682,1.75682
5172,3,0,2.97578,2.97578
5173,0,0.487708,3.77807,4.26578
5173,1,0,4.67521,4.67521
5173,2,0,1.76266,1.76266
5173,3,0,2.91464,2.91464
5174,0,0.442136,4.30776,4.7499
5174,1,0,4.79906,4.79906
5174,2,0,1.77422,1.77422
5174,3,0,3.79521,3.79521
5175,0,0.326355,3.03828,3.36464
5175,1,0,4.70443,4.70443
5175,2,0,1.7674,1.7674
5175,3,0,2.99526,2.99526
5176,0,0.461927,3.96224,4.42417
5176,1,0,4.68729,4.68729
5176,2,0,1.75417,1.75417
5176,3,0,2.94276,2.94276
5177,0,0.483594,4.05161,4.53521
5177,1,0,4.68745,4.68745
5177,2,0,1.78964,1.78964
5177,3,0,2.9537,2.9537
5178,0,0.381094,3.8412,4.22229
5178,1,0,4.69688,4.69688
5178,2,0,1.85526,1.85526
5178,3,0,3.06474,3.06474
5179,0,0.39151,3.80844,4.19995
5179,1,0,4.665,4.665
5179,2,0,1.80969,1.80969
5179,3,0,3.08208,3.08208
5180,0,0.48625,3.91354,4.39979
5180,1,0,4.81109,4.81109
5180,2,0,1.77479,1.77479
5180,3,0,2.91125,2.91125
5181,0,0.367135,3.86151,4.22865
5181,1,0,4.78854,4.78854
5181,2,0,1.85135,1.85135
5181,3,0,2.95771,2.95771
5182,0,0.37125,4.05245,4.4237
5182,1,0,4.71953,4.71953
5182,2,0,1.84677,1.84677
5182,3,0,4.17411,4.17411
5183,0,0.358802,3.17328,3.53208
5183,1,0,4.71219,4.71219
5183,2,0,1.77563,1.77563
5183,3,0,2.89292,2.89292
5184,0,0.349011,3.94057,4.28958
5184,1,0,4.74484,4.74484
5184,2,0,1.84479,1.84479
5184,3,0,2.95995,2.95995
5185,0,0.380469,3.7476,4.12807
5185,1,0,4.82589,4.82589
5185,2,0,2.04865,2.04865
5185,3,0,4.00391,4.00391
5186,0,0.468542,3.23641,3.70495
5186,1,0,4.70495,4.70495
5186,2,0,1.78042,1.78042
5186,3,0,4.07755,4.07755
5187,0,0.353698,3.76432,4.11802
5187,1,0,4.65833,4.65833
5187,2,0,1.79089,1.79089
5187,3,0,3.95833,3.95833
5188,0,0.38052,3.22594,3.60646
5188,1,0,4.87875,4.87875
5188,2,0,3.02714,3.02714
5188,3,0,2.9701,2.9701
5189,0,0.464479,3.21745,3.68193
5189,1,0,4.61958,4.61958
5189,2,0,2.92833,2.92833
5189,3,0,2.7012,2.7012
5190,0,0.439636,3.23099,3.67062
5190,1,0,4.6176,4.6176
5190,2,0,3.82042,3.82042
5190,3,0,1.81734,1.81734
5191,0,0.471198,3.66292,4.13411
5191,1,0,4.70536,4.70536
5191,2,0,4.20688,4.20688
5191,3,0,1.92234,1.92234
5192,0,0.411875,5.72505,6.13693
5192,1,0,1.78344,1.78344
5192,2,0,4.31255,4.31255
5192,3,0,2.29354,2.29354
5193,0,0.46724,5.82672,6.29396
5193,1,0,3.19589,3.19589
5193,2,0,2.5951,2.5951
5193,3,0,1.96891,1.96891
5194,0,0.671875,5.58229,6.25417
5194,1,0,3.05422,3.05422
5194,2,0,2.61297,2.61297
5194,3,0,1.94953,1.94953
5195,0,0.380833,5.96365,6.34448
5195,1,0,2.92948,2.92948
5195,2,0,2.8387,2.8387
5195,3,0,2.16078,2.16078
5196,0,0.418802,5.71531,6.13412
5196,1,0,3.86906,3.86906
5196,2,0,1.91688,1.91688
5196,3,0,2.04682,2.04682
5197,0,0.432448,5.90026,6.33271
5197,1,0,4.08932,4.08932
5197,2,0,1.82224,1.82224
5197,3,0,4.67687,4.67687
5198,0,0.354167,5.08568,5.43984
5198,1,0,3.03729,3.03729
5198,2,0,1.81333,1.81333
5198,3,0,4.70927,4.70927
5199,0,0.34099,5.36146,5.70245
5199,1,0,2.04125,2.04125
5199,2,0,1.88208,1.88208
5199,3,0,4.65703,4.65703
5200,0,0.343021,5.53125,5.87427
5200,1,0,1.96885,1.96885
5200,2,0,4.55531,4.55531
5200,3,0,1.8037,1.8037
5201,0,0.333542,4.43458,4.76813
5201,1,0,2.77427,2.77427
5201,2,0,4.67172,4.67172
5201,3,0,1.76646,1.76646
5202,0,0.335729,6.07021,6.40594
5202,1,0,1.88365,1.88365
5202,2,0,4.78162,4.78162
5202,3,0,1.77141,1.77141
5203,0,0.332657,5.50719,5.83984
5203,1,0,1.80292,1.80292
5203,2,0,4.7351,4.7351
5203,3,0,1.85073,1.85073
5204,0,0.369584,5.45984,5.82943
5204,1,0,1.8062,1.8062
5204,2,0,4.65672,4.65672
5204,3,0,1.82266,1.82266
5205,0,0.394375,5.7376,6.13198
5205,1,0,4.75432,4.75432
5205,2,0,1.79224,1.79224
5205,3,0,2.90276,2.90276
5206,0,0.339688,4.7674,5.10708
5206,1,0,4.75792,4.75792
5206,2,0,1.81682,1.81682
5206,3,0,3.79578,3.79578
5207,0,0.332969,3.35078,3.68375
5207,1,0,4.75932,4.75932
5207,2,0,1.97432,1.97432
5207,3,0,4.26047,4.26047
5208,0,0.75052,3.19136,3.94188
5208,1,0,4.61234,4.61234
5208,2,0,2.92375,2.92375
5208,3,0,2.91573,2.91573
5209,0,0.400938,3.22271,3.62365
5209,1,0,4.64213,4.64213
5209,2,0,2.93693,2.93693
5209,3,0,2.92953,2.92953
5210,0,0.464948,3.39328,3.85823
5210,1,0,4.94885,4.94885
5210,2,0,4.2526,4.2526
5210,3,0,1.82276,1.82276
5211,0,0.397343,5.7488,6.14614
5211,1,0,1.76896,1.76896
5211,2,0,4.07339,4.07339
5211,3,0,1.88589,1.88589
5212,0,0.392031,5.80854,6.20057
5212,1,0,1.79391,1.79391
5212,2,0,4.06385,4.06385
5212,3,0,1.82771,1.82771
5213,0,0.440469,5.93687,6.37734
5213,1,0,1.8225,1.8225
5213,2,0,3.0137,3.0137
5213,3,0,2.75526,2.75526
5214,0,0.420364,5.6649,6.08526
5214,1,0,1.76135,1.76135
5214,2,0,4.05682,4.05682
5214,3,0,1.89005,1.89005
5215,0,0.542084,6.17484,6.71693
5215,1,0,1.77833,1.77833
5215,2,0,4.08208,4.08208
5215,3,0,1.87354,1.87354
5216,0,0.471875,6.13672,6.60859
5216,1,0,2.99427,2.99427
5216,2,0,3.01271,3.01271
5216,3,0,1.81526,1.81526
5217,0,0.392136,5.63901,6.03115
5217,1,0,2.94073,2.94073
5217,2,0,3.06833,3.06833
5217,3,0,1.84198,1.84198
5218,0,0.413958,5.75047,6.16443
5218,1,0,2.92188,2.92188
5218,2,0,3.03568,3.03568
5218,3,0,2.08578,2.08578
5219,0,0.480052,5.75807,6.23813
5219,1,0,3.83146,3.83146
5219,2,0,1.82042,1.82042
5219,3,0,1.78646,1.78646
5220,0,0.390729,5.80979,6.20052
5220,1,0,3.02927,3.02927
5220,2,0,3.07781,3.07781
5220,3,0,1.89037,1.89037
5221,0,0.467292,5.90969,6.37698
5221,1,0,4.16943,4.16943
5221,2,0,2.19932,2.19932
5221,3,0,1.85307,1.85307
5222,0,0.410677,5.92745,6.33812
5222,1,0,3.97609,3.97609
5222,2,0,1.81083,1.81083
5222,3,0,4.67797,4.67797
5223,0,0.593125,4.54026,5.13338
5223,1,0,2.7912,2.7912
5223,2,0,1.89427,1.89427
5223,3,0,4.71469,4.71469
5224,0,0.42026,5.58427,6.00453
5224,1,0,1.93031,1.93031
5224,2,0,1.82245,1.82245
5224,3,0,4.69505,4.69505
5225,0,0.405156,5.86693,6.27208
5225,1,0,1.81766,1.81766
5225,2,0,4.68115,4.68115
5225,3,0,1.84891,1.84891
5226,0,0.848542,5.57828,6.42682
5226,1,0,1.81271,1.81271
5226,2,0,4.735,4.735
5226,3,0,1.87615,1.87615
5227,0,0.399896,5.97938,6.37927
5227,1,0,4.73141,4.73141
5227,2,0,1.77974,1.77974
5227,3,0,2.9138,2.9138
5228,0,0.725833,3.92344,4.64927
5228,1,0,4.73375,4.73375
5228,2,0,1.84745,1.84745
5228,3,0,2.98229,2.98229
5229,0,0.45099,3.75583,4.20682
5229,1,0,4.75057,4.75057
5229,2,0,1.87052,1.87052
5229,3,0,4.19922,4.19922
5230,0,0.400521,3.29943,3.69995
5230,1,0,4.72656,4.72656
5230,2,0,1.78203,1.78203
5230,3,0,4.0637,4.0637
5231,0,0.333958,3.28948,3.62344
5231,1,0,4.77052,4.77052
5231,2,0,1.8076,1.8076
5231,3,0,4.0651,4.0651
5232,0,0.693854,3.15865,3.8525
5232,1,0,4.93938,4.93938
5232,2,0,3.07547,3.07547
5232,3,0,3.04776,3.04776
5233,0,0.425052,3.16135,3.58641
5233,1,0,4.61641,4.61641
5233,2,0,3.7899,3.7899
5233,3,0,1.79396,1.79396
5234,0,0.431093,3.29797,3.72906
5234,1,0,4.58573,4.58573
5234,2,0,3.82682,3.82682
5234,3,0,1.81521,1.81521
5235,0,0.370677,3.33979,3.71047
5235,1,0,4.785,4.785
5235,2,0,4.19792,4.19792
5235,3,0,1.82146,1.82146
5236,0,0.412708,5.99125,6.40396
5236,1,0,1.76323,1.76323
5236,2,0,4.08474,4.08474
5236,3,0,1.89219,1.89219
5237,0,0.489115,5.64109,6.13021
5237,1,0,1.77047,1.77047
5237,2,0,4.0587,4.0587
5237,3,0,1.84062,1.84062
5238,0,0.488385,5.90531,6.3937
5238,1,0,1.82495,1.82495
5238,2,0,3.83552,3.83552
5238,3,0,1.79021,1.79021
5239,0,0.3675,5.78958,6.15708
5239,1,0,1.75729,1.75729
5239,2,0,4.16739,4.16739
5239,3,0,1.92656,1.92656
5240,0,0.390365,7.1776,7.56797
5240,1,0,4.12922,4.12922
5240,2,0,1.8725,1.8725
5240,3,0,2.05422,2.05422
5241,0,0.479792,5.71125,6.19104
5241,1,0,4.06974,4.06974
5241,2,0,1.79974,1.79974
5241,3,0,1.77609,1.77609
5242,0,0.36349,5.6451,6.00859
5242,1,0,4.10213,4.10213
5242,2,0,2.42339,2.42339
5242,3,0,4.68875,4.68875
5243,0,0.379531,4.32589,4.70542
5243,1,0,3.07854,3.07854
5243,2,0,2.26458,2.26458
5243,3,0,4.8012,4.8012
5244,0,0.377709,5.70474,6.08245
5244,1,0,1.83073,1.83073
5244,2,0,1.78391,1.78391
5244,3,0,4.63297,4.63297
5245,0,0.372135,5.69047,6.0626
5245,1,0,1.92734,1.92734
5245,2,0,4.68693,4.68693
5245,3,0,1.76953,1.76953
5246,0,0.363855,5.71739,6.08125
5246,1,0,1.91766,1.91766
5246,2,0,4.79406,4.79406
5246,3,0,1.78297,1.78297
5247,0,0.360573,5.37167,5.73224
5247,1,0,1.82297,1.82297
5247,2,0,4.59057,4.59057
5247,3,0,1.86479,1.86479
5248,0,0.389063,5.56151,5.95057
5248,1,0,1.80438,1.80438
5248,2,0,4.59672,4.59672
5248,3,0,1.82359,1.82359
5249,0,0.398177,5.79224,6.19042
5249,1,0,1.88302,1.88302
5249,2,0,4.61865,4.61865
5249,3,0,2.92062,2.92062
5250,0,0.692709,3.73031,4.42302
5250,1,0,4.78859,4.78859
5250,2,0,1.89125,1.89125
5250,3,0,2.94505,2.94505
5251,0,0.386615,4.01208,4.3987
5251,1,0,4.66969,4.66969
5251,2,0,1.84563,1.84563
5251,3,0,4.15588,4.15588
5252,0,0.359271,3.36042,3.71969
5252,1,0,4.68167,4.68167
5252,2,0,1.75937,1.75937
5252,3,0,3.78833,3.78833
5253,0,0.331406,3.29276,3.62417
5253,1,0,4.77901,4.77901
5253,2,0,1.81401,1.81401
5253,3,0,3.79604,3.79604
5254,0,0.32849,3.25724,3.58573
5254,1,0,4.72406,4.72406
5254,2,0,2.03333,2.03333
5254,3,0,4.21724,4.21724
5255,0,0.435313,3.52958,3.9649
5255,1,0,4.63708,4.63708
5255,2,0,2.03849,2.03849
5255,3,0,3.76812,3.76812
5256,0,0.851823,3.30781,4.15964
5256,1,0,4.79656,4.79656
5256,2,0,3.98932,3.98932
5256,3,0,1.92281,1.92281
5257,0,0.376563,3.47922,3.85578
5257,1,0,1.9924,1.9924
5257,2,0,1.91203,1.91203
5257,3,0,1.81469,1.81469
5258,0,0.647136,3.13495,3.78208
5258,1,0,1.80812,1.80812
5258,2,0,1.79297,1.79297
5258,3,0,1.79411,1.79411
5259,0,0.673021,3.46104,4.13406
5259,1,0,1.79057,1.79057
5259,2,0,1.80245,1.80245
5259,3,0,1.82812,1.82812
5260,0,0.471458,3.26807,3.73953
5260,1,0,1.77943,1.77943
5260,2,0,1.79526,1.79526
5260,3,0,1.88755,1.88755
5261,0,0.76901,3.21078,3.97979
5261,1,0,1.87521,1.87521
5261,2,0,1.95427,1.95427
5261,3,0,1.99667,1.99667
5262,0,1.65938,3.1188,4.77818
5262,1,0,4.24214,4.24214
5262,2,0,2.01812,2.01812
5262,3,0,2.24568,2.24568
5263,0,0.707396,3.47672,4.18411
5263,1,0,1.90604,1.90604
5263,2,0,1.92068,1.92068
5263,3,0,2.68323,2.68323
5264,0,2.39016,3.2001,5.59026
5264,1,0,1.80114,1.80114
5264,2,0,1.79068,1.79068
5264,3,0,1.81917,1.81917
5265,0,0.464479,3.43427,3.89875
5265,1,0,1.80646,1.80646
5265,2,0,1.77083,1.77083
5265,3,0,1.78734,1.78734
5266,0,0.426458,4.22828,4.65474
5266,1,0,1.83969,1.83969
5266,2,0,1.82797,1.82797
5266,3,0,1.83557,1.83557
5267,0,0.774114,3.21781,3.99193
5267,1,0,1.82724,1.82724
5267,2,0,1.86359,1.86359
5267,3,0,2.64412,2.64412
5268,0,0.837344,3.1725,4.00984
5268,1,0,1.83208,1.83208
5268,2,0,1.8238,1.8238
5268,3,0,1.84719,1.84719
5269,0,0.796146,3.34302,4.13917
5269,1,0,1.89562,1.89562
5269,2,0,2.70161,2.70161
5269,3,0,1.85385,1.85385
5270,0,0.740885,3.41484,4.15573
5270,1,0,1.80948,1.80948
5270,2,0,1.81563,1.81563
5270,3,0,1.79229,1.79229
5271,0,0.595677,4.00625,4.60193
5271,1,0,1.86599,1.86599
5271,2,0,1.9362,1.9362
5271,3,0,1.85146,1.85146
5272,0,0.852552,3.26224,4.11479
5272,1,0,1.84302,1.84302
5272,2,0,2.62536,2.62536
5272,3,0,1.86089,1.86089
5273,0,0.818333,3.52427,4.3426
5273,1,0,1.86693,1.86693
5273,2,0,1.85469,1.85469
5273,3,0,1.82297,1.82297
5274,0,0.765677,4.13771,4.90339
5274,1,0,1.83568,1.83568
5274,2,0,1.82198,1.82198
5274,3,0,1.80578,1.80578
5275,0,0.742395,3.24417,3.98656
5275,1,0,1.82021,1.82021
5275,2,0,2.65656,2.65656
5275,3,0,1.92115,1.92115
5276,0,0.819791,3.21266,4.03245
5276,1,0,1.86844,1.86844
5276,2,0,1.85667,1.85667
5276,3,0,1.82911,1.82911
5277,0,0.821615,4.06604,4.88766
5277,1,0,1.87828,1.87828
5277,2,0,1.85255,1.85255
5277,3,0,1.80479,1.80479
5278,0,0.762657,3.2687,4.03135
5278,1,0,1.85557,1.85557
5278,2,0,2.65328,2.65328
5278,3,0,1.81542,1.81542
5279,0,0.639844,3.22516,3.865
5279,1,0,1.86557,1.86557
5279,2,0,1.86589,1.86589
5279,3,0,1.82245,1.82245
5280,0,0.789219,3.83271,4.62193
5280,1,0,1.84021,1.84021
5280,2,0,1.81984,1.81984
5280,3,0,1.85552,1.85552
5281,0,0.795104,3.26208,4.05719
5281,1,0,2.74984,2.74984
5281,2,0,1.87646,1.87646
5281,3,0,1.81667,1.81667
5282,0,0.773854,3.35057,4.12443
5282,1,0,1.81052,1.81052
5282,2,0,1.80391,1.80391
5282,3,0,2.60188,2.60188
5283,0,0.658281,3.21338,3.87167
5283,1,0,1.89656,1.89656
5283,2,0,1.86927,1.86927
5283,3,0,1.82151,1.82151
5284,0,0.777136,4.05359,4.83073
5284,1,0,1.82005,1.82005
5284,2,0,1.81766,1.81766
5284,3,0,1.87656,1.87656
5285,0,0.827135,3.53234,4.35948
5285,1,0,1.86047,1.86047
5285,2,0,2.68562,2.68562
5285,3,0,1.85927,1.85927
5286,0,0.782291,3.36323,4.14552
5286,1,0,1.82969,1.82969
5286,2,0,1.80708,1.80708
5286,3,0,1.80667,1.80667
5287,0,0.731458,4.1263,4.85776
5287,1,0,1.87776,1.87776
5287,2,0,1.83932,1.83932
5287,3,0,1.86552,1.86552
5288,0,2.6512,5.11828,7.76948
5288,1,0,3.31042,3.31042
5288,2,0,2.70177,2.70177
5288,3,0,2.25463,2.25463
5289,0,1.18948,4.32391,5.51339
5289,1,0,1.95432,1.95432
5289,2,0,2.76406,2.76406
5289,3,0,2.07979,2.07979
5290,0,1.04563,5.60172,6.64734
5290,1,0,2.51911,2.51911
5290,2,0,2.07104,2.07104
5290,3,0,2.11047,2.11047
5291,0,1.11516,3.44766,4.56281
5291,1,0,2.83495,2.83495
5291,2,0,4.37713,4.37713
5291,3,0,2.23219,2.23219
5292,0,1.23891,3.49089,4.72979
5292,1,0,2.10104,2.10104
5292,2,0,1.94635,1.94635
5292,3,0,1.89729,1.89729
5293,0,1.2024,3.71573,4.91812
5293,1,0,2.08068,2.08068
5293,2,0,2.00193,2.00193
5293,3,0,2.09484,2.09484
5294,0,1.87443,3.24042,5.11484
5294,1,0,1.96302,1.96302
5294,2,0,1.97109,1.97109
5294,3,0,2.17687,2.17687
5295,0,1.29563,3.41859,4.71422
5295,1,0,2.10068,2.10068
5295,2,0,2.06104,2.06104
5295,3,0,1.86198,1.86198
5296,0,1.0663,3.08156,4.14787
5296,1,0,2.26359,2.26359
5296,2,0,1.88234,1.88234
5296,3,0,1.90838,1.90838
5297,0,1.16839,3.23849,4.40688
5297,1,0,2.32557,2.32557
5297,2,0,2.02693,2.02693
5297,3,0,1.8601,1.8601
5298,0,1.0613,3.41094,4.47224
5298,1,0,1.98615,1.98615
5298,2,0,2.91307,2.91307
5298,3,0,2.2076,2.2076
5299,0,1.16271,3.36047,4.52318
5299,1,0,2.0324,2.0324
5299,2,0,1.85802,1.85802
5299,3,0,1.86557,1.86557
5300,0,1.06115,3.53807,4.59922
5300,1,0,1.94557,1.94557
5300,2,0,1.98635,1.98635
5300,3,0,1.82234,1.82234
5301,0,0.860937,3.30641,4.16734
5301,1,0,2.21412,2.21412
5301,2,0,1.86823,1.86823
5301,3,0,1.97474,1.97474
5302,0,1.03682,3.54338,4.58021
5302,1,0,2.17078,2.17078
5302,2,0,2.02693,2.02693
5302,3,0,1.92078,1.92078
5303,0,1.21839,3.27042,4.4888
5303,1,0,2.0338,2.0338
5303,2,0,1.93552,1.93552
5303,3,0,1.90667,1.90667
5304,0,1.00047,3.39198,4.39245
5304,1,0,1.85599,1.85599
5304,2,0,1.85135,1.85135
5304,3,0,1.90823,1.90823
5305,0,1.27271,3.31667,4.58938
5305,1,0,1.85844,1.85844
5305,2,0,1.84271,1.84271
5305,3,0,1.82427,1.82427
5306,0,0.922865,3.9075,4.83036
5306,1,0,2.11864,2.11864
5306,2,0,2.01891,2.01891
5306,3,0,2.00739,2.00739
5307,0,1.06578,3.24844,4.31422
5307,1,0,1.83875,1.83875
5307,2,0,1.83026,1.83026
5307,3,0,1.82531,1.82531
5308,0,0.836198,3.35354,4.18974
5308,1,0,2.13,2.13
5308,2,0,1.92078,1.92078
5308,3,0,1.91203,1.91203
5309,0,1.13365,3.09198,4.22562
5309,1,0,2.25083,2.25083
5309,2,0,1.82937,1.82937
5309,3,0,1.92641,1.92641
5310,0,0.93474,3.23609,4.17083
5310,1,0,2.2912,2.2912
5310,2,0,1.90911,1.90911
5310,3,0,1.95568,1.95568
5311,0,1.08083,4.06787,5.1487
5311,1,0,2.10635,2.10635
5311,2,0,1.82365,1.82365
5311,3,0,1.95234,1.95234
5312,0,0.859167,3.19396,4.05312
5312,1,0,1.8387,1.8387
5312,2,0,2.09469,2.09469
5312,3,0,2.03547,2.03547
5313,0,1.34333,3.24667,4.59
5313,1,0,1.97229,1.97229
5313,2,0,1.82036,1.82036
5313,3,0,1.88099,1.88099
5314,0,2.07917,3.12677,5.20594
5314,1,0,2.20828,2.20828
5314,2,0,1.86115,1.86115
5314,3,0,2.57401,2.57401
5315,0,1.15672,3.38557,4.54229
5315,1,0,1.84422,1.84422
5315,2,0,1.82823,1.82823
5315,3,0,1.82062,1.82062
5316,0,1.10021,3.26667,4.36688
5316,1,0,1.86771,1.86771
5316,2,0,1.96401,1.96401
5316,3,0,1.8562,1.8562
5317,0,1.09734,3.20797,4.30531
5317,1,0,1.84203,1.84203
5317,2,0,1.86302,1.86302
5317,3,0,1.95213,1.95213
5318,0,1.16516,3.30224,4.46739
5318,1,0,2.09432,2.09432
5318,2,0,2.5076,2.5076
5318,3,0,1.98005,1.98005
5319,0,0.946875,3.39823,4.34511
5319,1,0,1.83281,1.83281
5319,2,0,2.02318,2.02318
5319,3,0,1.82964,1.82964
5320,0,0.796458,4.10057,4.89703
5320,1,0,2.08224,2.08224
5320,2,0,2.23453,2.23453
5320,3,0,1.86505,1.86505
5321,0,1.03463,3.45609,4.49073
5321,1,0,2.10891,2.10891
5321,2,0,1.96667,1.96667
5321,3,0,1.92458,1.92458
5322,0,1.08818,3.21151,4.29969
5322,1,0,1.87292,1.87292
5322,2,0,1.82844,1.82844
5322,3,0,1.83479,1.83479
5323,0,0.844167,3.52151,4.36568
5323,1,0,1.84016,1.84016
5323,2,0,1.83698,1.83698
5323,3,0,1.84526,1.84526
5324,0,0.818854,3.33281,4.15167
5324,1,0,2.01578,2.01578
5324,2,0,1.90417,1.90417
5324,3,0,1.87406,1.87406
5325,0,1.00787,3.29802,4.30589
5325,1,0,2.27677,2.27677
5325,2,0,1.98974,1.98974
5325,3,0,2.05849,2.05849
5326,0,1.01583,3.13792,4.15375
5326,1,0,1.86005,1.86005
5326,2,0,1.8312,1.8312
5326,3,0,1.88203,1.88203
5327,0,0.824739,3.51891,4.34365
5327,1,0,1.84302,1.84302
5327,2,0,1.8363,1.8363
5327,3,0,2.03052,2.03052
5328,0,0.819011,3.32552,4.14453
5328,1,0,4.05338,4.05338
5328,2,0,1.94042,1.94042
5328,3,0,1.83016,1.83016
5329,0,1.00578,3.27588,4.28167
5329,1,0,1.90161,1.90161
5329,2,0,1.98734,1.98734
5329,3,0,1.90396,1.90396
5330,0,1.03161,3.20323,4.23484
5330,1,0,1.91094,1.91094
5330,2,0,1.89386,1.89386
5330,3,0,1.84542,1.84542
5331,0,0.927813,3.22062,4.14844
5331,1,0,1.87094,1.87094
5331,2,0,2.00073,2.00073
5331,3,0,2.16302,2.16302
5332,0,1.16391,3.15797,4.32188
5332,1,0,1.8388,1.8388
5332,2,0,1.84417,1.84417
5332,3,0,1.82328,1.82328
5333,0,0.906875,4.00792,4.91479
5333,1,0,2.00234,2.00234
5333,2,0,2.06932,2.06932
5333,3,0,1.84234,1.84234
5334,0,1.20656,3.4863,4.69286
5334,1,0,1.8363,1.8363
5334,2,0,1.93958,1.93958
5334,3,0,1.99365,1.99365
5335,0,0.892969,3.2162,4.10917
5335,1,0,1.93271,1.93271
5335,2,0,1.84693,1.84693
5335,3,0,1.92312,1.92312
5336,0,1.09568,3.25792,4.35359
5336,1,0,1.83838,1.83838
5336,2,0,1.82776,1.82776
5336,3,0,2.10958,2.10958
5337,0,0.871979,3.36104,4.23302
5337,1,0,1.95088,1.95088
5337,2,0,2.00417,2.00417
5337,3,0,1.8424,1.8424
5338,0,1.01932,3.97807,4.9974
5338,1,0,1.84526,1.84526
5338,2,0,1.96156,1.96156
5338,3,0,1.96198,1.96198
5339,0,0.928125,3.31016,4.23828
5339,1,0,1.85729,1.85729
5339,2,0,2.06854,2.06854
5339,3,0,1.95245,1.95245
5340,0,1.09099,3.27927,4.37026
5340,1,0,1.84703,1.84703
5340,2,0,1.82391,1.82391
5340,3,0,1.83198,1.83198
5341,0,0.857239,3.49729,4.35453
5341,1,0,2.29688,2.29688
5341,2,0,1.85792,1.85792
5341,3,0,1.94797,1.94797
5342,0,1.64484,3.19417,4.83901
5342,1,0,2.17214,2.17214
5342,2,0,1.83094,1.83094
5342,3,0,1.82651,1.82651
5343,0,0.924843,3.47656,4.40141
5343,1,0,2.02875,2.02875
5343,2,0,1.89578,1.89578
5343,3,0,1.99521,1.99521
5344,0,1.18865,3.21682,4.40547
5344,1,0,1.85531,1.85531
5344,2,0,1.82453,1.82453
5344,3,0,2.18703,2.18703
5345,0,1.58552,3.3362,4.92172
5345,1,0,1.85958,1.85958
5345,2,0,1.86818,1.86818
5345,3,0,1.85224,1.85224
5346,0,0.93349,3.2887,4.22219
5346,1,0,1.82792,1.82792
5346,2,0,1.87698,1.87698
5346,3,0,1.8249,1.8249
5347,0,0.792447,3.23802,4.03047
5347,1,0,2.1476,2.1476
5347,2,0,1.98849,1.98849
5347,3,0,4.0149,4.0149
5348,0,1.16422,3.26542,4.42964
5348,1,0,1.82135,1.82135
5348,2,0,1.84224,1.84224
5348,3,0,1.94323,1.94323
5349,0,1.15922,3.59917,4.75838
5349,1,0,1.85984,1.85984
5349,2,0,1.83766,1.83766
5349,3,0,1.82693,1.82693
5350,0,0.91151,3.39375,4.30526
5350,1,0,1.82521,1.82521
5350,2,0,1.82234,1.82234
5350,3,0,2.36109,2.36109
5351,0,0.829792,3.23208,4.06187
5351,1,0,1.91677,1.91677
5351,2,0,1.88432,1.88432
5351,3,0,1.82974,1.82974
5352,0,1.04031,3.23901,4.27932
5352,1,0,1.82937,1.82937
5352,2,0,1.84974,1.84974
5352,3,0,1.8863,1.8863
5353,0,1.40714,3.61979,5.02693
5353,1,0,1.8687,1.8687
5353,2,0,1.84599,1.84599
5353,3,0,1.82943,1.82943
5354,0,0.925364,3.3474,4.27276
5354,1,0,1.83224,1.83224
5354,2,0,1.82302,1.82302
5354,3,0,1.82219,1.82219
5355,0,0.79,3.29453,4.08453
5355,1,0,2.3074,2.3074
5355,2,0,1.9162,1.9162
5355,3,0,1.84438,1.84438
5356,0,1.0449,3.42927,4.47417
5356,1,0,2.02411,2.02411
5356,2,0,2.17932,2.17932
5356,3,0,2.04583,2.04583
5357,0,1.13198,3.53422,4.6662
5357,1,0,3.89016,3.89016
5357,2,0,1.83526,1.83526
5357,3,0,1.84167,1.84167
5358,0,0.994636,3.22953,4.22417
5358,1,0,1.84432,1.84432
5358,2,0,1.86229,1.86229
5358,3,0,1.97766,1.97766
5359,0,1.07229,3.41031,4.48261
5359,1,0,1.86828,1.86828
5359,2,0,1.925,1.925
5359,3,0,1.85011,1.85011
5360,0,0.922761,3.50547,4.42823
5360,1,0,1.98839,1.98839
5360,2,0,2.02438,2.02438
5360,3,0,1.88417,1.88417
5361,0,1.00896,3.24672,4.25568
5361,1,0,1.86479,1.86479
5361,2,0,1.8676,1.8676
5361,3,0,1.82922,1.82922
5362,0,0.981666,3.50687,4.48854
5362,1,0,1.83594,1.83594
5362,2,0,1.83234,1.83234
5362,3,0,1.86797,1.86797
5363,0,1.95724,3.22167,5.17891
5363,1,0,1.8738,1.8738
5363,2,0,1.84177,1.84177
5363,3,0,1.82943,1.82943
5364,0,0.921927,3.42979,4.35172
5364,1,0,1.93792,1.93792
5364,2,0,2.06193,2.06193
5364,3,0,1.84156,1.84156
5365,0,1.03766,3.25453,4.29219
5365,1,0,1.84667,1.84667
5365,2,0,1.83234,1.83234
5365,3,0,1.83193,1.83193
5366,0,0.835625,3.29469,4.13031
5366,1,0,1.83896,1.83896
5366,2,0,1.83672,1.83672
5366,3,0,1.96557,1.96557
5367,0,1.00505,3.19026,4.19531
5367,1,0,1.89667,1.89667
5367,2,0,1.83797,1.83797
5367,3,0,1.82474,1.82474
5368,0,0.94,3.4912,4.4312
5368,1,0,2.6688,2.6688
5368,2,0,2.17995,2.17995
5368,3,0,1.85052,1.85052
5369,0,1.06281,3.22099,4.2838
5369,1,0,1.8876,1.8876
5369,2,0,1.86865,1.86865
5369,3,0,1.83568,1.83568
5370,0,0.864843,3.24849,4.11333
5370,1,0,1.85094,1.85094
5370,2,0,1.8349,1.8349
5370,3,0,1.86036,1.86036
5371,0,1.01135,3.25875,4.2701
5371,1,0,1.84036,1.84036
5371,2,0,1.83104,1.83104
5371,3,0,1.82615,1.82615
5372,0,0.899322,3.88234,4.78167
5372,1,0,2.05625,2.05625
5372,2,0,2.01281,2.01281
5372,3,0,1.84963,1.84963
5373,0,1.06729,3.07839,4.14568
5373,1,0,1.83354,1.83354
5373,2,0,2.02073,2.02073
5373,3,0,1.83099,1.83099
5374,0,0.824635,3.18583,4.01047
5374,1,0,1.85609,1.85609
5374,2,0,1.84854,1.84854
5374,3,0,1.90495,1.90495
5375,0,1.0263,3.09417,4.12047
5375,1,0,1.84271,1.84271
5375,2,0,1.8251,1.8251
5375,3,0,1.83182,1.83182
5376,0,0.874479,3.21526,4.08974
5376,1,0,1.89474,1.89474
5376,2,0,2.0349,2.0349
5376,3,0,1.88734,1.88734
5377,0,1.02714,3.2976,4.32474
5377,1,0,1.85823,1.85823
5377,2,0,1.82932,1.82932
5377,3,0,1.99953,1.99953
5378,0,0.909739,3.27443,4.18417
5378,1,0,1.83297,1.83297
5378,2,0,1.83177,1.83177
5378,3,0,1.83219,1.83219
5379,0,1.38651,3.33313,4.71964
5379,1,0,1.87214,1.87214
5379,2,0,1.84604,1.84604
5379,3,0,1.83422,1.83422
5380,0,0.915521,3.19141,4.10693
5380,1,0,1.8888,1.8888
5380,2,0,2.02432,2.02432
5380,3,0,1.89917,1.89917
5381,0,1.04651,3.30089,4.3474
5381,1,0,1.86234,1.86234
5381,2,0,1.86297,1.86297
5381,3,0,1.83042,1.83042
5382,0,0.897604,3.21948,4.11708
5382,1,0,1.82844,1.82844
5382,2,0,1.83344,1.83344
5382,3,0,1.84818,1.84818
5383,0,1.87984,3.49568,5.37552
5383,1,0,1.85958,1.85958
5383,2,0,1.88411,1.88411
5383,3,0,1.83573,1.83573
5384,0,0.899635,3.73911,4.63875
5384,1,0,2.07302,2.07302
5384,2,0,2.02474,2.02474
5384,3,0,1.86458,1.86458
5385,0,1.04729,3.47568,4.52297
5385,1,0,1.85224,1.85224
5385,2,0,1.85667,1.85667
5385,3,0,1.87406,1.87406
5386,0,1.1299,3.06797,4.19787
5386,1,0,2.57719,2.57719
5386,2,0,2.72031,2.72031
5386,3,0,3.96026,3.96026
5387,0,1.08187,3.47328,4.55516
5387,1,0,1.85359,1.85359
5387,2,0,2.8413,2.8413
5387,3,0,2.16667,2.16667
5388,0,1.28125,3.30026,4.58151
5388,1,0,1.91568,1.91568
5388,2,0,2.10651,2.10651
5388,3,0,1.91172,1.91172
5389,0,1.11901,3.22906,4.34807
5389,1,0,1.85724,1.85724
5389,2,0,1.85099,1.85099
5389,3,0,1.84156,1.84156
5390,0,1.30693,3.32302,4.62995
5390,1,0,2.14599,2.14599
5390,2,0,2.72989,2.72989
5390,3,0,2.0375,2.0375
5391,0,1.14099,3.9,5.04099
5391,1,0,3.01089,3.01089
5391,2,0,2.2737,2.2737
5391,3,0,1.88339,1.88339
5392,0,1.24708,3.32849,4.57557
5392,1,0,3.91036,3.91036
5392,2,0,2.04255,2.04255
5392,3,0,1.97594,1.97594
5393,0,1.11771,5.46714,6.58484
5393,1,0,2.21927,2.21927
5393,2,0,2.13073,2.13073
5393,3,0,2.16547,2.16547
5394,0,1.07239,3.09776,4.17016
5394,1,0,2.29016,2.29016
5394,2,0,1.8988,1.8988
5394,3,0,2.65766,2.65766
5395,0,1.11714,3.37891,4.49604
5395,1,0,3.60083,3.60083
5395,2,0,1.92792,1.92792
5395,3,0,1.83927,1.83927
5396,0,0.989427,3.33328,4.32271
5396,1,0,1.82766,1.82766
5396,2,0,1.8963,1.8963
5396,3,0,1.83849,1.83849
5397,0,0.993854,3.16068,4.15453
5397,1,0,1.91234,1.91234
5397,2,0,1.83776,1.83776
5397,3,0,1.8424,1.8424
5398,0,0.999688,4.45557,5.45526
5398,1,0,2.15412,2.15412
5398,2,0,2.21021,2.21021
5398,3,0,1.85542,1.85542
5399,0,1.00906,3.29193,4.30099
5399,1,0,1.83016,1.83016
5399,2,0,1.83203,1.83203
5399,3,0,2.19359,2.19359
5400,0,0.883854,3.30609,4.18995
5400,1,0,1.8313,1.8313
5400,2,0,1.85906,1.85906
5400,3,0,2.30786,2.30786
5401,0,1.12734,3.2737,4.40104
5401,1,0,1.83068,1.83068
5401,2,0,1.82651,1.82651
5401,3,0,1.85146,1.85146
5402,0,1.1112,3.44151,4.55271
5402,1,0,2.07432,2.07432
5402,2,0,2.04536,2.04536
5402,3,0,1.85547,1.85547
5403,0,1.07453,3.28151,4.35604
5403,1,0,1.83094,1.83094
5403,2,0,1.98531,1.98531
5403,3,0,2.07802,2.07802
5404,0,1.3076,3.13469,4.44229
5404,1,0,1.84776,1.84776
5404,2,0,1.83568,1.83568
5404,3,0,1.88677,1.88677
5405,0,3.60802,3.20271,6.81073
5405,1,0,1.8276,1.8276
5405,2,0,1.93844,1.93844
5405,3,0,2.28057,2.28057
5406,0,1.36797,3.59156,4.95953
5406,1,0,1.84786,1.84786
5406,2,0,1.85276,1.85276
5406,3,0,1.93911,1.93911
5407,0,0.888177,3.33365,4.22182
5407,1,0,1.82885,1.82885
5407,2,0,1.85974,1.85974
5407,3,0,1.82464,1.82464
5408,0,1.20901,3.10083,4.30984
5408,1,0,2.06901,2.06901
5408,2,0,2.02432,2.02432
5408,3,0,1.86172,1.86172
5409,0,1.0712,3.08323,4.15443
5409,1,0,1.82547,1.82547
5409,2,0,1.92896,1.92896
5409,3,0,1.85349,1.85349
5410,0,3.32573,3.81443,7.14016
5410,1,0,2.13995,2.13995
5410,2,0,2.18797,2.18797
5410,3,0,2.20833,2.20833
5411,0,0.927239,3.57698,4.50422
5411,1,0,2.02078,2.02078
5411,2,0,2.02406,2.02406
5411,3,0,2.01958,2.01958
5412,0,1.86948,3.40833,5.27781
5412,1,0,2.07922,2.07922
5412,2,0,2.03255,2.03255
5412,3,0,2.28729,2.28729
5413,0,0.991563,4.0987,5.09026
5413,1,0,2.2674,2.2674
5413,2,0,2.07323,2.07323
5413,3,0,2.04438,2.04438
5414,0,1.32271,4.49146,5.81417
5414,1,0,2.01938,2.01938
5414,2,0,2.00713,2.00713
5414,3,0,2.00865,2.00865
5415,0,1.1149,3.6138,4.7287
5415,1,0,2.11333,2.11333
5415,2,0,2.75365,2.75365
5415,3,0,2.43187,2.43187
5416,0,1.11229,3.67198,4.78427
5416,1,0,2.00776,2.00776
5416,2,0,2.06276,2.06276
5416,3,0,2.92052,2.92052
5417,0,1.06974,3.94354,5.01328
5417,1,0,2.0263,2.0263
5417,2,0,2.02062,2.02062
5417,3,0,2.00891,2.00891
5418,0,0.841667,3.51016,4.35182
5418,1,0,2.01099,2.01099
5418,2,0,2.00479,2.00479
5418,3,0,2.03016,2.03016
5419,0,1.96802,3.63844,5.60646
5419,1,0,2.07432,2.07432
5419,2,0,2.02984,2.02984
5419,3,0,2.00896,2.00896
5420,0,1.03089,3.8824,4.91328
5420,1,0,2.35255,2.35255
5420,2,0,2.06536,2.06536
5420,3,0,2.03958,2.03958
5421,0,1.06708,3.96302,5.0301
5421,1,0,2.01213,2.01213
5421,2,0,2.00724,2.00724
5421,3,0,2.01938,2.01938
5422,0,0.842292,3.59505,4.43734
5422,1,0,2.04615,2.04615
5422,2,0,2.09859,2.09859
5422,3,0,3.42344,3.42344
5423,0,1.10833,3.54479,4.65313
5423,1,0,2.01844,2.01844
5423,2,0,2.03411,2.03411
5423,3,0,2.08786,2.08786
5424,0,1.10031,4.68255,5.78287
5424,1,0,2.39583,2.39583
5424,2,0,2.02177,2.02177
5424,3,0,2.01057,2.01057
5425,0,0.830417,3.45661,4.28703
5425,1,0,2.02839,2.02839
5425,2,0,2.01464,2.01464
5425,3,0,2.02495,2.02495
5426,0,0.832865,3.91177,4.74464
5426,1,0,3.92125,3.92125
5426,2,0,2.10448,2.10448
5426,3,0,2.00458,2.00458
5427,0,1.05594,3.57891,4.63484
5427,1,0,2.28766,2.28766
5427,2,0,2.04953,2.04953
5427,3,0,2.03401,2.03401
5428,0,1.06349,3.98286,5.04635
5428,1,0,2.02802,2.02802
5428,2,0,2.00583,2.00583
5428,3,0,2.005,2.005
5429,0,0.833854,3.67536,4.50922
5429,1,0,2.95151,2.95151
5429,2,0,2.24047,2.24047
5429,3,0,2.02953,2.02953
5430,0,1.12583,3.71297,4.8388
5430,1,0,2.01432,2.01432
5430,2,0,2.04047,2.04047
5430,3,0,2.05271,2.05271
5431,0,1.23401,3.54932,4.78333
5431,1,0,2.0449,2.0449
5431,2,0,2.0262,2.0262
5431,3,0,2.06714,2.06714
5432,0,0.948906,3.82307,4.77198
5432,1,0,2.00964,2.00964
5432,2,0,2.00865,2.00865
5432,3,0,2.08828,2.08828
5433,0,0.866146,3.62208,4.48823
5433,1,0,2.27208,2.27208
5433,2,0,2.02865,2.02865
5433,3,0,2.01427,2.01427
5434,0,1.05057,3.93214,4.98271
5434,1,0,2.41583,2.41583
5434,2,0,2.15521,2.15521
5434,3,0,2.055,2.055
5435,0,1.02161,3.61885,4.64047
5435,1,0,2.02115,2.02115
5435,2,0,2.00729,2.00729
5435,3,0,2.0099,2.0099
5436,0,0.822136,4.05526,4.8774
5436,1,0,2.10568,2.10568
5436,2,0,2.04734,2.04734
5436,3,0,2.54375,2.54375
5437,0,1.33734,3.36297,4.70031
5437,1,0,2.02302,2.02302
5437,2,0,2.00646,2.00646
5437,3,0,2.33849,2.33849
5438,0,1.41073,3.8863,5.29703
5438,1,0,2.05474,2.05474
5438,2,0,2.03667,2.03667
5438,3,0,2.02219,2.02219
5439,0,0.957031,3.61578,4.57281
5439,1,0,2.01964,2.01964
5439,2,0,2.00807,2.00807
5439,3,0,2.23203,2.23203
5440,0,0.811562,3.76682,4.57838
5440,1,0,2.2426,2.2426
5440,2,0,2.13875,2.13875
5440,3,0,2.09734,2.09734
5441,0,0.991093,3.60245,4.59354
5441,1,0,2.5475,2.5475
5441,2,0,2.17365,2.17365
5441,3,0,2.13094,2.13094
5442,0,1.05339,3.62568,4.67906
5442,1,0,2.0249,2.0249
5442,2,0,2.01219,2.01219
5442,3,0,2.05448,2.05448
5443,0,1.06469,3.48583,4.55052
5443,1,0,2.01068,2.01068
5443,2,0,2.1375,2.1375
5443,3,0,2.75599,2.75599
5444,0,1.04932,3.64588,4.69521
5444,1,0,2.1376,2.1376
5444,2,0,2.02219,2.02219
5444,3,0,2.00557,2.00557
5445,0,0.889218,3.62453,4.51375
5445,1,0,2.37724,2.37724
5445,2,0,2.06594,2.06594
5445,3,0,2.03167,2.03167
5446,0,1.09568,3.7251,4.82078
5446,1,0,2.26177,2.26177
5446,2,0,2.01781,2.01781
5446,3,0,2.05104,2.05104
5447,0,0.849115,3.89688,4.74599
5447,1,0,2.02974,2.02974
5447,2,0,2.04109,2.04109
5447,3,0,2.05016,2.05016
5448,0,1.0037,3.58719,4.59089
5448,1,0,2.13687,2.13687
5448,2,0,2.2324,2.2324
5448,3,0,2.57474,2.57474
5449,0,1.25823,3.8075,5.06573
5449,1,0,2.04375,2.04375
5449,2,0,2.02078,2.02078
5449,3,0,2.19885,2.19885
5450,0,0.877969,3.67693,4.5549
5450,1,0,2.05255,2.05255
5450,2,0,2.00818,2.00818
5450,3,0,2.01839,2.01839
5451,0,0.857604,3.89615,4.75375
5451,1,0,2.27432,2.27432
5451,2,0,2.02021,2.02021
5451,3,0,2.12547,2.12547
5452,0,1.00135,3.58865,4.59
5452,1,0,2.06401,2.06401
5452,2,0,2.2937,2.2937
5452,3,0,2.06719,2.06719
5453,0,1.02896,3.58859,4.61755
5453,1,0,2.01057,2.01057
5453,2,0,2.00979,2.00979
5453,3,0,2.01854,2.01854
5454,0,0.845937,3.51484,4.36078
5454,1,0,3.23047,3.23047
5454,2,0,2.12938,2.12938
5454,3,0,2.19536,2.19536
5455,0,1.29766,3.75094,5.04859
5455,1,0,2.02739,2.02739
5455,2,0,2.00495,2.00495
5455,3,0,2.02208,2.02208
5456,0,1.32089,3.68932,5.01021
5456,1,0,2.07896,2.07896
5456,2,0,2.17448,2.17448
5456,3,0,2.01109,2.01109
5457,0,0.979844,3.70865,4.68849
5457,1,0,2.01599,2.01599
5457,2,0,2.14229,2.14229
5457,3,0,2.02312,2.02312
5458,0,0.807084,3.85646,4.66354
5458,1,0,2.24693,2.24693
5458,2,0,2.03573,2.03573
5458,3,0,2.01896,2.01896
5459,0,1.01078,3.66042,4.6712
5459,1,0,2.53641,2.53641
5459,2,0,2.13187,2.13187
5459,3,0,2.15349,2.15349
5460,0,1.07729,3.49745,4.57474
5460,1,0,2.07135,2.07135
5460,2,0,2.00708,2.00708
5460,3,0,2.02438,2.02438
5461,0,1.10339,3.89713,5.00052
5461,1,0,2.13729,2.13729
5461,2,0,2.14271,2.14271
5461,3,0,2.18229,2.18229
5462,0,1.13865,4.17984,5.31849
5462,1,0,2.27208,2.27208
5462,2,0,2.22875,2.22875
5462,3,0,2.13724,2.13724
5463,0,1.49542,4.04386,5.53927
5463,1,0,2.18818,2.18818
5463,2,0,2.15745,2.15745
5463,3,0,2.15703,2.15703
5464,0,1.00448,3.91167,4.91615
5464,1,0,2.14323,2.14323
5464,2,0,2.12828,2.12828
5464,3,0,2.18161,2.18161
5465,0,0.856615,3.79792,4.65453
5465,1,0,2.38995,2.38995
5465,2,0,2.20995,2.20995
5465,3,0,2.19969,2.19969
5466,0,1.25151,4.06787,5.31937
5466,1,0,2.41323,2.41323
5466,2,0,2.40323,2.40323
5466,3,0,2.27901,2.27901
5467,0,1.05708,3.99344,5.05052
5467,1,0,2.16479,2.16479
5467,2,0,2.14359,2.14359
5467,3,0,2.18292,2.18292
5468,0,1.08813,3.84349,4.93161
5468,1,0,2.30854,2.30854
5468,2,0,2.26562,2.26562
5468,3,0,2.67271,2.67271
5469,0,1.14854,3.71036,4.85891
5469,1,0,2.16932,2.16932
5469,2,0,2.15214,2.15214
5469,3,0,2.37052,2.37052
5470,0,1.28396,4.14948,5.43344
5470,1,0,2.35724,2.35724
5470,2,0,2.14865,2.14865
5470,3,0,2.23073,2.23073
5471,0,0.998593,3.82203,4.82062
5471,1,0,2.25271,2.25271
5471,2,0,2.14182,2.14182
5471,3,0,2.16896,2.16896
5472,0,2.03036,3.16734,5.19771
5472,1,0,2.235,2.235
5472,2,0,2.20333,2.20333
5472,3,0,2.34823,2.34823
5473,0,1.02771,3.71833,4.74604
5473,1,0,2.62745,2.62745
5473,2,0,2.47109,2.47109
5473,3,0,2.19943,2.19943
5474,0,1.1188,3.82047,4.93927
5474,1,0,2.16266,2.16266
5474,2,0,2.42125,2.42125
5474,3,0,2.3301,2.3301
5475,0,2.21839,3.86365,6.08203
5475,1,0,2.70302,2.70302
5475,2,0,2.91396,2.91396
5475,3,0,2.65677,2.65677
5476,0,1.30708,4.22224,5.52932
5476,1,0,2.52948,2.52948
5476,2,0,2.56636,2.56636
5476,3,0,2.36141,2.36141
5477,0,1.09646,4.87036,5.96682
5477,1,0,2.60354,2.60354
5477,2,0,2.36427,2.36427
5477,3,0,2.29521,2.29521
5478,0,1.74068,3.9526,5.69328
5478,1,0,2.43812,2.43812
5478,2,0,2.70943,2.70943
5478,3,0,2.2801,2.2801
5479,0,1.02922,3.87989,4.90911
5479,1,0,2.17755,2.17755
5479,2,0,2.64578,2.64578
5479,3,0,2.48823,2.48823
5480,0,1.05271,3.96771,5.02042
5480,1,0,2.24094,2.24094
5480,2,0,2.25099,2.25099
5480,3,0,2.20458,2.20458
5481,0,1.09292,4.93943,6.03234
5481,1,0,3.12464,3.12464
5481,2,0,2.68516,2.68516
5481,3,0,3.2138,3.2138
5482,0,1.3312,5.37187,6.70307
5482,1,0,4.44068,4.44068
5482,2,0,2.66021,2.66021
5482,3,0,5.66422,5.66422
5483,0,0.564792,3.86547,4.43026
5483,1,0,2.47901,2.47901
5483,2,0,2.66469,2.66469
5483,3,0,2.62703,2.62703
5484,0,0.410052,4.82224,5.23229
5484,1,0,2.22016,2.22016
5484,2,0,2.18307,2.18307
5484,3,0,3.07229,3.07229
5485,0,0.365781,4.87401,5.23979
5485,1,0,2.40458,2.40458
5485,2,0,2.21875,2.21875
5485,3,0,2.25453,2.25453
5486,0,0.824792,4.48943,5.31422
5486,1,0,2.1988,2.1988
5486,2,0,2.11854,2.11854
5486,3,0,2.10135,2.10135
5487,0,0.406927,5.14036,5.54729
5487,1,0,2.87062,2.87062
5487,2,0,2.17036,2.17036
5487,3,0,2.77828,2.77828
5488,0,0.440833,6.36677,6.8076
5488,1,0,3.00297,3.00297
5488,2,0,2.14391,2.14391
5488,3,0,2.1424,2.1424
5489,0,0.383802,4.48,4.8638
5489,1,0,2.67286,2.67286
5489,2,0,1.99672,1.99672
5489,3,0,2.0001,2.0001
5490,0,0.388021,3.95974,4.34776
5490,1,0,2.84984,2.84984
5490,2,0,2.6926,2.6926
5490,3,0,2.03005,2.03005
5491,0,0.545625,3.64182,4.18745
5491,1,0,1.96156,1.96156
5491,2,0,2.75776,2.75776
5491,3,0,2.15234,2.15234
5492,0,0.555989,4.04599,4.60198
5492,1,0,2.13875,2.13875
5492,2,0,2.11172,2.11172
5492,3,0,4.72885,4.72885
5493,0,0.715104,3.65797,4.37307
5493,1,0,1.98292,1.98292
5493,2,0,1.99302,1.99302
5493,3,0,4.89604,4.89604
5494,0,0.389583,3.87307,4.26266
5494,1,0,1.80016,1.80016
5494,2,0,1.78099,1.78099
5494,3,0,1.84563,1.84563
5495,0,0.547031,6.00963,6.55667
5495,1,0,1.85219,1.85219
5495,2,0,1.78557,1.78557
5495,3,0,1.79286,1.79286
5496,0,0.371979,4.25448,4.62646
5496,1,0,4.46781,4.46781
5496,2,0,1.77313,1.77313
5496,3,0,1.99365,1.99365
5497,0,0.482969,3.21677,3.69974
5497,1,0,2.80422,2.80422
5497,2,0,4.20641,4.20641
5497,3,0,1.79281,1.79281
5498,0,0.461042,3.27797,3.73901
5498,1,0,2.78292,2.78292
5498,2,0,4.47365,4.47365
5498,3,0,1.8149,1.8149
5499,0,0.375416,3.34844,3.72385
5499,1,0,2.10151,2.10151
5499,2,0,2.49604,2.49604
5499,3,0,4.49901,4.49901
5500,0,0.501666,3.59979,4.10146
5500,1,0,1.86016,1.86016
5500,2,0,2.51938,2.51938
5500,3,0,4.52646,4.52646
5501,0,0.48375,3.50385,3.9876
5501,1,0,2.37823,2.37823
5501,2,0,2.76333,2.76333
5501,3,0,1.87203,1.87203
5502,0,0.491094,5.33771,5.8288
5502,1,0,1.98234,1.98234
5502,2,0,2.07021,2.07021
5502,3,0,2.44609,2.44609
5503,0,0.550521,5.38885,5.93938
5503,1,0,1.84458,1.84458
5503,2,0,1.86833,1.86833
5503,3,0,2.065,2.065
5504,0,0.385052,4.38943,4.77448
5504,1,0,4.48844,4.48844
5504,2,0,1.85479,1.85479
5504,3,0,2.04328,2.04328
5505,0,0.38875,3.97943,4.36818
5505,1,0,4.36802,4.36802
5505,2,0,1.79677,1.79677
5505,3,0,1.76063,1.76063
5506,0,0.367813,3.87364,4.24146
5506,1,0,1.82849,1.82849
5506,2,0,4.46219,4.46219
5506,3,0,1.84255,1.84255
5507,0,0.502813,3.06021,3.56302
5507,1,0,2.47635,2.47635
5507,2,0,2.03172,2.03172
5507,3,0,4.23438,4.23438
5508,0,0.497969,3.2974,3.79536
5508,1,0,1.83713,1.83713
5508,2,0,2.51182,2.51182
5508,3,0,1.82797,1.82797
5509,0,0.520104,5.26526,5.78536
5509,1,0,1.78537,1.78537
5509,2,0,1.7951,1.7951
5509,3,0,2.47016,2.47016
5510,0,0.495677,4.10609,4.60177
5510,1,0,3.67839,3.67839
5510,2,0,2.04432,2.04432
5510,3,0,1.75219,1.75219
5511,0,0.844687,3.89078,4.73547
5511,1,0,4.38797,4.38797
5511,2,0,1.84594,1.84594
5511,3,0,1.77932,1.77932
5512,0,0.409792,3.88411,4.29391
5512,1,0,4.42792,4.42792
5512,2,0,1.79292,1.79292
5512,3,0,1.76391,1.76391
5513,0,0.349791,4.10807,4.45786
5513,1,0,1.99229,1.99229
5513,2,0,4.36995,4.36995
5513,3,0,2.02583,2.02583
5514,0,0.367292,3.18833,3.55563
5514,1,0,2.45261,2.45261
5514,2,0,1.85672,1.85672
5514,3,0,4.92943,4.92943
5515,0,0.408281,3.52885,3.93714
5515,1,0,2.65255,2.65255
5515,2,0,1.94401,1.94401
5515,3,0,4.38177,4.38177
5516,0,0.390364,3.16719,3.55755
5516,1,0,1.77052,1.77052
5516,2,0,2.50969,2.50969
5516,3,0,1.88182,1.88182
5517,0,1.69359,4.26714,5.96073
5517,1,0,1.80078,1.80078
5517,2,0,1.80417,1.80417
5517,3,0,2.5349,2.5349
5518,0,0.4425,4.02443,4.46693
5518,1,0,3.94151,3.94151
5518,2,0,1.81229,1.81229
5518,3,0,1.95464,1.95464
5519,0,0.48099,3.57208,4.05307
5519,1,0,4.70875,4.70875
5519,2,0,2.0099,2.0099
5519,3,0,1.99766,1.99766
5520,0,0.58,3.94505,4.52505
5520,1,0,4.69328,4.69328
5520,2,0,2.2937,2.2937
5520,3,0,2.7649,2.7649
5521,0,0.509063,4.20911,4.71818
5521,1,0,3.9676,3.9676
5521,2,0,1.81417,1.81417
5521,3,0,1.75667,1.75667
5522,0,0.472291,3.95615,4.42844
5522,1,0,4.76786,4.76786
5522,2,0,1.83391,1.83391
5522,3,0,1.80552,1.80552
5523,0,0.460781,4.2112,4.67198
5523,1,0,2.67854,2.67854
5523,2,0,3.85135,3.85135
5523,3,0,1.82109,1.82109
5524,0,0.476406,4.11766,4.59406
5524,1,0,2.97229,2.97229
5524,2,0,3.96526,3.96526
5524,3,0,1.78984,1.78984
5525,0,0.461407,4.18682,4.64823
5525,1,0,1.80875,1.80875
5525,2,0,2.58219,2.58219
5525,3,0,3.93646,3.93646
5526,0,0.475313,3.50604,3.98135
5526,1,0,2.55099,2.55099
5526,2,0,2.61146,2.61146
5526,3,0,3.91807,3.91807
5527,0,0.49125,3.31734,3.80859
5527,1,0,2.98188,2.98188
5527,2,0,1.89781,1.89781
5527,3,0,2.65094,2.65094
5528,0,0.609375,4.82271,5.43208
5528,1,0,1.78229,1.78229
5528,2,0,2.56911,2.56911
5528,3,0,2.58911,2.58911
5529,0,0.393229,4.97354,5.36677
5529,1,0,1.86328,1.86328
5529,2,0,1.82688,1.82688
5529,3,0,2.42401,2.42401
5530,0,0.505833,4.14896,4.65479
5530,1,0,3.97786,3.97786
5530,2,0,1.97562,1.97562
5530,3,0,2.7951,2.7951
5531,0,0.438489,4.04266,4.48115
5531,1,0,3.94859,3.94859
5531,2,0,1.77787,1.77787
5531,3,0,1.77568,1.77568
5532,0,0.556719,3.26344,3.82016
5532,1,0,4.78766,4.78766
5532,2,0,1.88896,1.88896
5532,3,0,1.81646,1.81646
5533,0,0.456354,4.03531,4.49167
5533,1,0,2.6062,2.6062
5533,2,0,3.95766,3.95766
5533,3,0,1.99026,1.99026
5534,0,0.431875,4.41037,4.84224
5534,1,0,2.63458,2.63458
5534,2,0,3.91255,3.91255
5534,3,0,1.79302,1.79302
5535,0,0.366459,4.03505,4.40151
5535,1,0,1.80464,1.80464
5535,2,0,4.76745,4.76745
5535,3,0,1.8751,1.8751
5536,0,0.564896,3.04588,3.61078
5536,1,0,2.5888,2.5888
5536,2,0,1.8051,1.8051
5536,3,0,4.81531,4.81531
5537,0,0.607708,3.98922,4.59693
5537,1,0,2.69958,2.69958
5537,2,0,1.86625,1.86625
5537,3,0,4.73135,4.73135
5538,0,0.486719,3.21896,3.70568
5538,1,0,2.57641,2.57641
5538,2,0,1.82448,1.82448
5538,3,0,2.67604,2.67604
5539,0,0.537136,4.78391,5.32104
5539,1,0,1.82583,1.82583
5539,2,0,2.61453,2.61453
5539,3,0,1.82896,1.82896
5540,0,0.394167,4.38203,4.7762
5540,1,0,3.83464,3.83464
5540,2,0,1.8613,1.8613
5540,3,0,2.63708,2.63708
5541,0,0.468698,4.39583,4.86453
5541,1,0,3.85797,3.85797
5541,2,0,1.77156,1.77156
5541,3,0,2.57208,2.57208
5542,0,0.487708,3.93693,4.42464
5542,1,0,3.90089,3.90089
5542,2,0,1.8162,1.8162
5542,3,0,1.77615,1.77615
5543,0,0.482448,4.71599,5.19844
5543,1,0,4.1637,4.1637
5543,2,0,1.8374,1.8374
5543,3,0,1.81719,1.81719
5544,0,0.479583,4.00099,4.48057
5544,1,0,4.60948,4.60948
5544,2,0,1.80828,1.80828
5544,3,0,1.76859,1.76859
5545,0,0.459271,4.37099,4.83026
5545,1,0,2.70432,2.70432
5545,2,0,3.88016,3.88016
5545,3,0,1.79047,1.79047
5546,0,0.45776,4.21172,4.66948
5546,1,0,1.89333,1.89333
5546,2,0,5.00323,5.00323
5546,3,0,1.86495,1.86495
5547,0,0.512917,3.1875,3.70042
5547,1,0,2.41375,2.41375
5547,2,0,2.58688,2.58688
5547,3,0,3.91005,3.91005
5548,0,0.745261,3.49792,4.24318
5548,1,0,2.70776,2.70776
5548,2,0,2.64141,2.64141
5548,3,0,3.8962,3.8962
5549,0,0.372761,3.48943,3.86219
5549,1,0,2.65724,2.65724
5549,2,0,1.99578,1.99578
5549,3,0,5.06937,5.06937
5550,0,0.530989,3.28479,3.81578
5550,1,0,1.80547,1.80547
5550,2,0,2.44505,2.44505
5550,3,0,2.59292,2.59292
5551,0,0.410781,4.93292,5.3437
5551,1,0,1.82714,1.82714
5551,2,0,2.64495,2.64495
5551,3,0,1.84839,1.84839
5552,0,0.516823,4.02844,4.54526
5552,1,0,3.89703,3.89703
5552,2,0,1.84271,1.84271
5552,3,0,3.16698,3.16698
5553,0,0.407604,4.04724,4.45484
5553,1,0,3.9175,3.9175
5553,2,0,1.78151,1.78151
5553,3,0,2.58375,2.58375
5554,0,0.577656,4.24323,4.82088
5554,1,0,3.94745,3.94745
5554,2,0,1.86255,1.86255
5554,3,0,1.84089,1.84089
5555,0,0.803646,4.09865,4.90229
5555,1,0,3.87198,3.87198
5555,2,0,1.81177,1.81177
5555,3,0,1.85104,1.85104
5556,0,0.441562,4.21281,4.65437
5556,1,0,4.60073,4.60073
5556,2,0,1.82563,1.82563
5556,3,0,1.77859,1.77859
5557,0,0.451667,4.02865,4.48031
5557,1,0,1.83365,1.83365
5557,2,0,4.72281,4.72281
5557,3,0,1.87547,1.87547
5558,0,0.519791,3.17682,3.69661
5558,1,0,2.44687,2.44687
5558,2,0,2.5937,2.5937
5558,3,0,3.93464,3.93464
5559,0,0.509375,3.45724,3.96662
5559,1,0,2.6976,2.6976
5559,2,0,1.86724,1.86724
5559,3,0,4.73797,4.73797
5560,0,0.385261,3.42719,3.81245
5560,1,0,1.7888,1.7888
5560,2,0,2.3474,2.3474
5560,3,0,2.60974,2.60974
5561,0,0.507812,4.93406,5.44187
5561,1,0,1.83958,1.83958
5561,2,0,2.57896,2.57896
5561,3,0,1.86672,1.86672
5562,0,0.372448,6.33656,6.70901
5562,1,0,2.05401,2.05401
5562,2,0,1.78318,1.78318
5562,3,0,2.71109,2.71109
5563,0,0.390052,4.08833,4.47839
5563,1,0,3.85719,3.85719
5563,2,0,1.75562,1.75562
5563,3,0,2.57026,2.57026
5564,0,0.599062,4.29396,4.89302
5564,1,0,3.91667,3.91667
5564,2,0,1.80552,1.80552
5564,3,0,1.77844,1.77844
5565,0,0.465104,3.80422,4.26932
5565,1,0,4.82885,4.82885
5565,2,0,1.96557,1.96557
5565,3,0,1.80964,1.80964
5566,0,0.512396,4.20365,4.71604
5566,1,0,4.80338,4.80338
5566,2,0,1.91318,1.91318
5566,3,0,2.0276,2.0276
5567,0,0.783697,4.74542,5.52911
5567,1,0,4.37885,4.37885
5567,2,0,1.81568,1.81568
5567,3,0,1.76578,1.76578
5568,0,0.355364,4.05401,4.40937
5568,1,0,2.62089,2.62089
5568,2,0,2.00531,2.00531
5568,3,0,1.98672,1.98672
5569,0,0.403542,4.145,4.54854
5569,1,0,2.6413,2.6413
5569,2,0,2.79432,2.79432
5569,3,0,4.71844,4.71844
5570,0,0.383646,3.21536,3.59901
5570,1,0,2.82167,2.82167
5570,2,0,3.33453,3.33453
5570,3,0,4.17427,4.17427
5571,0,0.397187,3.48682,3.88401
5571,1,0,2.84646,2.84646
5571,2,0,3.52776,3.52776
5571,3,0,4.01781,4.01781
5572,0,0.41927,4.11469,4.53396
5572,1,0,1.92542,1.92542
5572,2,0,5.30141,5.30141
5572,3,0,1.8099,1.8099
5573,0,0.357343,3.2437,3.60104
5573,1,0,2.74557,2.74557
5573,2,0,5.39,5.39
5573,3,0,1.80599,1.80599
5574,0,0.362552,3.20875,3.5713
5574,1,0,2.67474,2.67474
5574,2,0,2.11229,2.11229
5574,3,0,5.67724,5.67724
5575,0,0.404896,3.4813,3.8862
5575,1,0,2.43969,2.43969
5575,2,0,1.80136,1.80136
5575,3,0,5.41859,5.41859
5576,0,0.402031,3.25969,3.66172
5576,1,0,2.66917,2.66917
5576,2,0,1.80891,1.80891
5576,3,0,5.3963,5.3963
5577,0,0.381927,3.42469,3.80661
5577,1,0,2.71052,2.71052
5577,2,0,2.13422,2.13422
5577,3,0,5.57859,5.57859
5578,0,0.388698,3.26703,3.65573
5578,1,0,2.56234,2.56234
5578,2,0,1.80359,1.80359
5578,3,0,5.30375,5.30375
5579,0,0.384115,3.58109,3.96521
5579,1,0,2.9937,2.9937
5579,2,0,1.84151,1.84151
5579,3,0,5.81005,5.81005
5580,0,0.37099,3.35938,3.73036
5580,1,0,3.40422,3.40422
5580,2,0,5.73521,5.73521
5580,3,0,1.79177,1.79177
5581,0,0.360677,4.37083,4.73151
5581,1,0,1.8625,1.8625
5581,2,0,5.64938,5.64938
5581,3,0,1.87193,1.87193
5582,0,0.421562,4.49974,4.9213
5582,1,0,1.85083,1.85083
5582,2,0,5.65422,5.65422
5582,3,0,1.86495,1.86495
5583,0,0.500625,4.97984,5.48047
5583,1,0,5.8326,5.8326
5583,2,0,1.78375,1.78375
5583,3,0,1.7488,1.7488
5584,0,0.354584,4.44661,4.8012
5584,1,0,5.82,5.82
5584,2,0,1.85005,1.85005
5584,3,0,1.76063,1.76063
5585,0,0.378489,4.41573,4.79422
5585,1,0,5.69615,5.69615
5585,2,0,1.96828,1.96828
5585,3,0,1.94536,1.94536
5586,0,0.387813,4.35625,4.74406
5586,1,0,5.76687,5.76687
5586,2,0,1.78031,1.78031
5586,3,0,1.76323,1.76323
5587,0,0.355052,4.53198,4.88703
5587,1,0,5.86641,5.86641
5587,2,0,1.80964,1.80964
5587,3,0,1.75146,1.75146
5588,0,0.370053,5.54031,5.91036
5588,1,0,4.92281,4.92281
5588,2,0,1.81708,1.81708
5588,3,0,1.82745,1.82745
5589,0,0.5175,6.76713,7.28463
5589,1,0,3.91078,3.91078
5589,2,0,1.75229,1.75229
5589,3,0,2.94547,2.94547
5590,0,0.446511,7.0799,7.52641
5590,1,0,1.80391,1.80391
5590,2,0,1.74792,1.74792
5590,3,0,2.95984,2.95984
5591,0,0.424739,7.08162,7.50635
5591,1,0,1.83479,1.83479
5591,2,0,1.79255,1.79255
5591,3,0,3.01193,3.01193
5592,0,0.41552,6.74568,7.1612
5592,1,0,1.77271,1.77271
5592,2,0,1.76761,1.76761
5592,3,0,2.95193,2.95193
5593,0,0.523958,6.765,7.28896
5593,1,0,1.78828,1.78828
5593,2,0,1.74854,1.74854
5593,3,0,2.94615,2.94615
5594,0,0.712865,7.37031,8.08318
5594,1,0,1.85151,1.85151
5594,2,0,1.75677,1.75677
5594,3,0,2.74297,2.74297
5595,0,0.415521,6.6924,7.10792
5595,1,0,1.8124,1.8124
5595,2,0,1.76161,1.76161
5595,3,0,3.01375,3.01375
5596,0,0.456771,5.18146,5.63823
5596,1,0,3.89984,3.89984
5596,2,0,1.75469,1.75469
5596,3,0,2.86073,2.86073
5597,0,0.617448,7.61995,8.2374
5597,1,0,1.79635,1.79635
5597,2,0,2.92844,2.92844
5597,3,0,1.80812,1.80812
5598,0,0.764271,6.6713,7.43557
5598,1,0,1.79875,1.79875
5598,2,0,3.03969,3.03969
5598,3,0,1.82661,1.82661
5599,0,0.421354,6.82401,7.24536
5599,1,0,1.79302,1.79302
5599,2,0,3.10271,3.10271
5599,3,0,3.2763,3.2763
5600,0,0.512343,5.5199,6.03224
5600,1,0,1.77193,1.77193
5600,2,0,2.94635,2.94635
5600,3,0,5.75906,5.75906
5601,0,0.376979,3.07266,3.44963
5601,1,0,1.84979,1.84979
5601,2,0,2.97875,2.97875
5601,3,0,5.7488,5.7488
5602,0,0.377916,3.20875,3.58667
5602,1,0,1.83536,1.83536
5602,2,0,3.28536,3.28536
5602,3,0,5.84391,5.84391
5603,0,0.361771,3.15614,3.51792
5603,1,0,2.94083,2.94083
5603,2,0,1.79984,1.79984
5603,3,0,5.78651,5.78651
5604,0,0.370625,3.29667,3.66729
5604,1,0,2.97568,2.97568
5604,2,0,1.84953,1.84953
5604,3,0,5.76375,5.76375
5605,0,0.513281,3.68037,4.19365
5605,1,0,3.1562,3.1562
5605,2,0,5.80677,5.80677
5605,3,0,1.79068,1.79068
5606,0,0.356979,4.29115,4.64813
5606,1,0,1.81349,1.81349
5606,2,0,6.28219,6.28219
5606,3,0,1.91693,1.91693
5607,0,0.396198,4.4313,4.8275
5607,1,0,1.81286,1.81286
5607,2,0,5.84323,5.84323
5607,3,0,2.03135,2.03135
5608,0,0.392552,4.57672,4.96927
5608,1,0,5.71359,5.71359
5608,2,0,1.84135,1.84135
5608,3,0,1.77099,1.77099
5609,0,0.358542,4.75453,5.11307
5609,1,0,5.72271,5.72271
5609,2,0,2.64984,2.64984
5609,3,0,1.80073,1.80073
5610,0,0.405937,5.19266,5.59859
5610,1,0,4.84068,4.84068
5610,2,0,1.9026,1.9026
5610,3,0,1.78328,1.78328
5611,0,0.441354,4.98542,5.42677
5611,1,0,4.58724,4.58724
5611,2,0,1.77505,1.77505
5611,3,0,1.7424,1.7424
5612,0,0.372031,5.50078,5.87281
5612,1,0,4.62057,4.62057
5612,2,0,1.79937,1.79937
5612,3,0,1.7701,1.7701
5613,0,0.396042,5.32495,5.72099
5613,1,0,4.83662,4.83662
5613,2,0,1.8324,1.8324
5613,3,0,1.84547,1.84547
5614,0,0.424895,4.96333,5.38823
5614,1,0,4.58594,4.58594
5614,2,0,1.77078,1.77078
5614,3,0,1.76,1.76
5615,0,0.57073,4.9487,5.51943
5615,1,0,4.61948,4.61948
5615,2,0,1.79073,1.79073
5615,3,0,1.75177,1.75177
5616,0,0.373698,5.39557,5.76927
5616,1,0,4.8063,4.8063
5616,2,0,1.83312,1.83312
5616,3,0,1.93297,1.93297
5617,0,0.443177,4.82229,5.26547
5617,1,0,4.57219,4.57219
5617,2,0,1.7624,1.7624
5617,3,0,1.76927,1.76927
5618,0,0.872917,5.29583,6.16875
5618,1,0,4.60047,4.60047
5618,2,0,1.79443,1.79443
5618,3,0,1.76307,1.76307
5619,0,0.508802,5.03068,5.53948
5619,1,0,4.71385,4.71385
5619,2,0,1.81286,1.81286
5619,3,0,1.76474,1.76474
5620,0,0.57125,3.58625,4.1575
5620,1,0,5.60224,5.60224
5620,2,0,1.77854,1.77854
5620,3,0,1.7601,1.7601
5621,0,0.553802,5.61323,6.16703
5621,1,0,4.60589,4.60589
5621,2,0,1.77563,1.77563
5621,3,0,1.77568,1.77568
5622,0,0.597656,5.28943,5.88708
5622,1,0,4.70865,4.70865
5622,2,0,1.78406,1.78406
5622,3,0,1.77193,1.77193
5623,0,0.458854,4.89026,5.34911
5623,1,0,4.5974,4.5974
5623,2,0,1.78099,1.78099
5623,3,0,1.85125,1.85125
5624,0,0.574532,5.61828,6.19281
5624,1,0,4.61156,4.61156
5624,2,0,1.795,1.795
5624,3,0,3.19932,3.19932
5625,0,0.534948,6.98865,7.52359
5625,1,0,1.79463,1.79463
5625,2,0,1.75818,1.75818
5625,3,0,2.93484,2.93484
5626,0,0.426406,6.89724,7.32365
5626,1,0,1.82427,1.82427
5626,2,0,1.83599,1.83599
5626,3,0,2.99568,2.99568
5627,0,0.423385,6.8649,7.28828
5627,1,0,1.85411,1.85411
5627,2,0,1.83547,1.83547
5627,3,0,3.31886,3.31886
5628,0,0.460364,7.02432,7.48469
5628,1,0,1.79307,1.79307
5628,2,0,1.74521,1.74521
5628,3,0,2.93625,2.93625
5629,0,0.416146,6.67464,7.09078
5629,1,0,2.35021,2.35021
5629,2,0,1.80724,1.80724
5629,3,0,2.96031,2.96031
5630,0,0.434479,6.75276,7.18724
5630,1,0,1.9213,1.9213
5630,2,0,1.97146,1.97146
5630,3,0,3.05172,3.05172
5631,0,0.502552,6.59651,7.09906
5631,1,0,1.77792,1.77792
5631,2,0,1.74521,1.74521
5631,3,0,2.94104,2.94104
5632,0,0.460677,6.76885,7.22953
5632,1,0,1.81729,1.81729
5632,2,0,1.76385,1.76385
5632,3,0,2.94563,2.94563
5633,0,0.444584,7.09229,7.53688
5633,1,0,2.03781,2.03781
5633,2,0,1.79568,1.79568
5633,3,0,3.06766,3.06766
5634,0,0.405468,6.92849,7.33396
5634,1,0,1.77922,1.77922
5634,2,0,1.74464,1.74464
5634,3,0,2.74588,2.74588
5635,0,0.414219,7.1501,7.56432
5635,1,0,1.81167,1.81167
5635,2,0,1.77193,1.77193
5635,3,0,2.77776,2.77776
5636,0,0.391041,5.27672,5.66776
5636,1,0,4.03599,4.03599
5636,2,0,3.01333,3.01333
5636,3,0,1.81979,1.81979
5637,0,0.457813,6.64521,7.10302
5637,1,0,1.77167,1.77167
5637,2,0,2.9438,2.9438
5637,3,0,1.80906,1.80906
5638,0,1.87052,5.41411,7.28463
5638,1,0,1.79156,1.79156
5638,2,0,2.9224,2.9224
5638,3,0,1.80047,1.80047
5639,0,1.5787,6.2149,7.79359
5639,1,0,1.83307,1.83307
5639,2,0,2.92693,2.92693
5639,3,0,1.91198,1.91198
5640,0,0.729687,6.30771,7.0374
5640,1,0,1.77104,1.77104
5640,2,0,2.9488,2.9488
5640,3,0,1.93984,1.93984
5641,0,0.421042,6.50745,6.92849
5641,1,0,1.78844,1.78844
5641,2,0,2.90526,2.90526
5641,3,0,1.8551,1.8551
5642,0,0.502812,7.07698,7.57979
5642,1,0,1.84526,1.84526
5642,2,0,3.00094,3.00094
5642,3,0,1.80838,1.80838
5643,0,0.387136,6.94854,7.33568
5643,1,0,1.80682,1.80682
5643,2,0,3.08464,3.08464
5643,3,0,1.91896,1.91896
5644,0,0.444375,6.7112,7.15557
5644,1,0,1.77438,1.77438
5644,2,0,3.01891,3.01891
5644,3,0,1.97776,1.97776
5645,0,0.53776,6.84708,7.38484
5645,1,0,1.79156,1.79156
5645,2,0,2.91615,2.91615
5645,3,0,1.83724,1.83724
5646,0,0.382708,6.75984,7.14255
5646,1,0,1.81167,1.81167
5646,2,0,3.06693,3.06693
5646,3,0,1.83552,1.83552
5647,0,0.75651,6.96516,7.72167
5647,1,0,1.8238,1.8238
5647,2,0,3.31719,3.31719
5647,3,0,3.08802,3.08802
5648,0,0.493906,5.58589,6.07979
5648,1,0,1.78719,1.78719
5648,2,0,2.99323,2.99323
5648,3,0,5.72917,5.72917
5649,0,0.386406,3.22287,3.60927
5649,1,0,1.82911,1.82911
5649,2,0,2.84016,2.84016
5649,3,0,5.7487,5.7487
5650,0,0.374322,4.0526,4.42693
5650,1,0,3.33505,3.33505
5650,2,0,6.00276,6.00276
5650,3,0,1.79245,1.79245
5651,0,0.363594,3.19385,3.55745
5651,1,0,2.78427,2.78427
5651,2,0,5.73714,5.73714
5651,3,0,1.85755,1.85755
5652,0,0.400834,3.19583,3.59667
5652,1,0,2.74339,2.74339
5652,2,0,2.94432,2.94432
5652,3,0,4.64297,4.64297
5653,0,0.432083,4.79312,5.22521
5653,1,0,1.86271,1.86271
5653,2,0,5.78891,5.78891
5653,3,0,1.77531,1.77531
5654,0,0.374583,4.48562,4.86021
5654,1,0,1.78792,1.78792
5654,2,0,5.90917,5.90917
5654,3,0,1.82391,1.82391
5655,0,0.380833,4.44958,4.83042
5655,1,0,2.97828,2.97828
5655,2,0,4.70057,4.70057
5655,3,0,2.1063,2.1063
5656,0,0.380573,4.51672,4.89729
5656,1,0,5.63016,5.63016
5656,2,0,1.80281,1.80281
5656,3,0,1.74969,1.74969
5657,0,0.340521,4.48203,4.82255
5657,1,0,5.83766,5.83766
5657,2,0,1.88823,1.88823
5657,3,0,1.75932,1.75932
5658,0,0.361406,4.61266,4.97406
5658,1,0,6.09594,6.09594
5658,2,0,1.83937,1.83937
5658,3,0,1.81922,1.81922
5659,0,0.427657,5.16932,5.59698
5659,1,0,4.61703,4.61703
5659,2,0,1.78167,1.78167
5659,3,0,1.75047,1.75047
5660,0,0.472865,5.13932,5.61219
5660,1,0,4.58807,4.58807
5660,2,0,1.78531,1.78531
5660,3,0,1.74656,1.74656
5661,0,0.351094,5.60271,5.9538
5661,1,0,4.75927,4.75927
5661,2,0,1.82667,1.82667
5661,3,0,1.80891,1.80891
5662,0,0.575677,5.17823,5.75391
5662,1,0,4.58849,4.58849
5662,2,0,1.77844,1.77844
5662,3,0,1.75536,1.75536
5663,0,0.410208,5.03469,5.4449
5663,1,0,4.60677,4.60677
5663,2,0,1.78146,1.78146
5663,3,0,1.74526,1.74526
5664,0,0.396354,5.33281,5.72917
5664,1,0,4.71656,4.71656
5664,2,0,1.84484,1.84484
5664,3,0,1.75911,1.75911
5665,0,0.453021,4.89609,5.34912
5665,1,0,4.60422,4.60422
5665,2,0,1.77234,1.77234
5665,3,0,1.7562,1.7562
5666,0,0.42224,5.68255,6.10479
5666,1,0,4.60177,4.60177
5666,2,0,1.78969,1.78969
5666,3,0,1.75432,1.75432
5667,0,0.583854,5.41203,5.99589
5667,1,0,4.6749,4.6749
5667,2,0,1.7774,1.7774
5667,3,0,2.93495,2.93495
5668,0,0.440677,6.98021,7.42089
5668,1,0,1.7763,1.7763
5668,2,0,1.77682,1.77682
5668,3,0,1.8399,1.8399
5669,0,0.513229,4.77677,5.29
5669,1,0,4.58219,4.58219
5669,2,0,1.76562,1.76562
5669,3,0,1.82005,1.82005
5670,0,0.564844,5.30349,5.86833
5670,1,0,4.65729,4.65729
5670,2,0,1.78672,1.78672
5670,3,0,1.85823,1.85823
5671,0,0.443229,4.93865,5.38187
5671,1,0,4.61802,4.61802
5671,2,0,1.83016,1.83016
5671,3,0,1.81776,1.81776
5672,0,0.480313,5.24745,5.72776
5672,1,0,4.60396,4.60396
5672,2,0,1.80578,1.80578
5672,3,0,1.88505,1.88505
5673,0,0.833646,5.4287,6.26234
5673,1,0,4.70635,4.70635
5673,2,0,1.77505,1.77505
5673,3,0,2.94594,2.94594
5674,0,0.416094,6.88135,7.29745
5674,1,0,1.8299,1.8299
5674,2,0,2.56833,2.56833
5674,3,0,3.05276,3.05276
5675,0,0.422136,6.90062,7.32276
5675,1,0,1.86005,1.86005
5675,2,0,2.04599,2.04599
5675,3,0,3.14448,3.14448
5676,0,0.456667,7.12036,7.57703
5676,1,0,1.78583,1.78583
5676,2,0,2.9424,2.9424
5676,3,0,5.07349,5.07349
5677,0,0.415729,3.59,4.00573
5677,1,0,2.6174,2.6174
5677,2,0,2.95828,2.95828
5677,3,0,5.76281,5.76281
5678,0,0.470625,3.42516,3.89578
5678,1,0,1.79995,1.79995
5678,2,0,3.12422,3.12422
5678,3,0,5.75453,5.75453
5679,0,0.367032,3.17719,3.54422
5679,1,0,1.76557,1.76557
5679,2,0,2.72531,2.72531
5679,3,0,5.8401,5.8401
5680,0,0.391563,3.18776,3.57932
5680,1,0,1.81073,1.81073
5680,2,0,2.72088,2.72088
5680,3,0,5.87828,5.87828
5681,0,0.5375,3.19745,3.73495
5681,1,0,3.07453,3.07453
5681,2,0,1.88078,1.88078
5681,3,0,5.83094,5.83094
5682,0,0.363229,3.28922,3.65245
5682,1,0,2.96411,2.96411
5682,2,0,3.01375,3.01375
5682,3,0,4.68047,4.68047
5683,0,0.424583,3.20047,3.62505
5683,1,0,2.95448,2.95448
5683,2,0,5.93313,5.93313
5683,3,0,1.88495,1.88495
5684,0,0.376198,3.21901,3.59521
5684,1,0,2.97161,2.97161
5684,2,0,5.7412,5.7412
5684,3,0,1.77672,1.77672
5685,0,0.342083,4.41177,4.75385
5685,1,0,1.86099,1.86099
5685,2,0,5.67604,5.67604
5685,3,0,1.78724,1.78724
5686,0,0.357187,4.34984,4.70703
5686,1,0,1.88411,1.88411
5686,2,0,5.89037,5.89037
5686,3,0,1.85068,1.85068
5687,0,0.387135,4.41578,4.80292
5687,1,0,1.86234,1.86234
5687,2,0,5.67083,5.67083
5687,3,0,1.78583,1.78583
5688,0,0.347083,4.9688,5.31588
5688,1,0,2.96927,2.96927
5688,2,0,4.62219,4.62219
5688,3,0,1.7649,1.7649
5689,0,0.349896,4.50833,4.85823
5689,1,0,6.05198,6.05198
5689,2,0,1.84651,1.84651
5689,3,0,1.74953,1.74953
5690,0,0.352188,4.51005,4.86224
5690,1,0,5.73318,5.73318
5690,2,0,1.79385,1.79385
5690,3,0,1.75609,1.75609
5691,0,0.384115,5.67906,6.06318
5691,1,0,4.61375,4.61375
5691,2,0,1.7751,1.7751
5691,3,0,1.76708,1.76708
5692,0,0.384687,6.02068,6.40536
5692,1,0,4.6562,4.6562
5692,2,0,1.7737,1.7737
5692,3,0,1.74807,1.74807
5693,0,0.419792,4.8762,5.29599
5693,1,0,4.60328,4.60328
5693,2,0,1.8025,1.8025
5693,3,0,1.89568,1.89568
5694,0,0.385938,5.41391,5.79984
5694,1,0,4.62911,4.62911
5694,2,0,1.84198,1.84198
5694,3,0,1.85828,1.85828
5695,0,0.531719,5.41063,5.94234
5695,1,0,4.62458,4.62458
5695,2,0,1.79964,1.79964
5695,3,0,2.93922,2.93922
5696,0,0.379323,4.61318,4.9925
5696,1,0,4.85089,4.85089
5696,2,0,1.81417,1.81417
5696,3,0,2.95068,2.95068
5697,0,0.466823,6.7375,7.20432
5697,1,0,1.84078,1.84078
5697,2,0,1.90922,1.90922
5697,3,0,3.24609,3.24609
5698,0,0.441094,6.77036,7.21146
5698,1,0,1.77385,1.77385
5698,2,0,1.74182,1.74182
5698,3,0,2.93922,2.93922
5699,0,0.389948,6.72146,7.11141
5699,1,0,1.83458,1.83458
5699,2,0,1.75755,1.75755
5699,3,0,2.96463,2.96463
5700,0,0.428645,6.77052,7.19917
5700,1,0,1.87167,1.87167
5700,2,0,2.05583,2.05583
5700,3,0,3.06193,3.06193
5701,0,0.531042,6.81474,7.34578
5701,1,0,1.79417,1.79417
5701,2,0,1.75016,1.75016
5701,3,0,2.93781,2.93781
5702,0,0.525052,6.68135,7.20641
5702,1,0,2.7213,2.7213
5702,2,0,1.77912,1.77912
5702,3,0,2.96766,2.96766
5703,0,0.403646,7.35328,7.75693
5703,1,0,1.87531,1.87531
5703,2,0,3.07401,3.07401
5703,3,0,2.09281,2.09281
5704,0,0.435469,6.51224,6.94771
5704,1,0,1.76781,1.76781
5704,2,0,2.91703,2.91703
5704,3,0,1.8175,1.8175
5705,0,0.715052,6.42026,7.13531
5705,1,0,1.8087,1.8087
5705,2,0,2.93307,2.93307
5705,3,0,1.85604,1.85604
5706,0,0.391406,7.08349,7.4749
5706,1,0,1.85224,1.85224
5706,2,0,2.96437,2.96437
5706,3,0,1.79922,1.79922
5707,0,0.408906,7.17635,7.58526
5707,1,0,1.81792,1.81792
5707,2,0,2.94594,2.94594
5707,3,0,2.9975,2.9975
5708,0,0.461823,5.56589,6.02771
5708,1,0,1.78021,1.78021
5708,2,0,2.91516,2.91516
5708,3,0,1.83865,1.83865
5709,0,0.482448,7.05787,7.54031
5709,1,0,1.84479,1.84479
5709,2,0,2.92271,2.92271
5709,3,0,2.93286,2.93286
5710,0,0.385625,5.65615,6.04177
5710,1,0,1.77984,1.77984
5710,2,0,3.01583,3.01583
5710,3,0,3.04714,3.04714
5711,0,0.447657,5.91776,6.36542
5711,1,0,1.78318,1.78318
5711,2,0,3.01052,3.01052
5711,3,0,3.20312,3.20312
5712,0,0.486563,5.73505,6.22161
5712,1,0,1.78026,1.78026
5712,2,0,2.96479,2.96479
5712,3,0,2.98198,2.98198
5713,0,0.414948,5.70453,6.11948
5713,1,0,1.81099,1.81099
5713,2,0,3.08047,3.08047
5713,3,0,5.8751,5.8751
5714,0,0.400469,3.18802,3.58849
5714,1,0,1.79141,1.79141
5714,2,0,3.10693,3.10693
5714,3,0,6.03453,6.03453
5715,0,0.439532,3.24943,3.68896
5715,1,0,2.92266,2.92266
5715,2,0,1.83594,1.83594
5715,3,0,5.64193,5.64193
5716,0,0.359063,3.28073,3.63979
5716,1,0,3.13599,3.13599
5716,2,0,2.96943,2.96943
5716,3,0,4.58995,4.58995
5717,0,0.376302,3.40505,3.78135
5717,1,0,3.37453,3.37453
5717,2,0,3.04109,3.04109
5717,3,0,4.63912,4.63912
5718,0,0.368542,4.52536,4.89391
5718,1,0,1.81802,1.81802
5718,2,0,5.79214,5.79214
5718,3,0,1.86474,1.86474
5719,0,0.818334,4.41583,5.23417
5719,1,0,5.895,5.895
5719,2,0,1.85323,1.85323
5719,3,0,1.82427,1.82427
5720,0,0.444479,4.57281,5.01729
5720,1,0,5.93891,5.93891
5720,2,0,1.77474,1.77474
5720,3,0,1.75391,1.75391
5721,0,0.450781,4.38307,4.83385
5721,1,0,5.68349,5.68349
5721,2,0,1.88094,1.88094
5721,3,0,1.76557,1.76557
5722,0,0.339687,5.7799,6.11958
5722,1,0,4.64375,4.64375
5722,2,0,1.90099,1.90099
5722,3,0,1.98099,1.98099
5723,0,0.359479,5.71359,6.07307
5723,1,0,4.62948,4.62948
5723,2,0,1.76599,1.76599
5723,3,0,1.74318,1.74318
5724,0,0.370781,4.99562,5.36641
5724,1,0,4.68057,4.68057
5724,2,0,1.8024,1.8024
5724,3,0,1.75213,1.75213
5725,0,0.34901,5.45276,5.80177
5725,1,0,4.80771,4.80771
5725,2,0,1.95219,1.95219
5725,3,0,1.77552,1.77552
5726,0,0.459532,5.4051,5.86464
5726,1,0,4.61328,4.61328
5726,2,0,1.77729,1.77729
5726,3,0,2.91219,2.91219
5727,0,0.414948,4.47786,4.89281
5727,1,0,4.62318,4.62318
5727,2,0,1.77563,1.77563
5727,3,0,2.93068,2.93068
5728,0,0.397657,7.34927,7.74693
5728,1,0,1.84411,1.84411
5728,2,0,1.79771,1.79771
5728,3,0,2.99641,2.99641
5729,0,0.423958,6.7312,7.15516
5729,1,0,1.78854,1.78854
5729,2,0,1.74198,1.74198
5729,3,0,2.93729,2.93729
5730,0,0.422396,6.90807,7.33047
5730,1,0,1.8074,1.8074
5730,2,0,1.77136,1.77136
5730,3,0,2.93667,2.93667
5731,0,0.382917,7.63104,8.01396
5731,1,0,1.84094,1.84094
5731,2,0,1.78771,1.78771
5731,3,0,2.94156,2.94156
5732,0,0.391563,7.0326,7.42417
5732,1,0,1.78755,1.78755
5732,2,0,1.76078,1.76078
5732,3,0,3.01859,3.01859
5733,0,0.503333,6.74375,7.24708
5733,1,0,1.77542,1.77542
5733,2,0,1.74401,1.74401
5733,3,0,3.02198,3.02198
5734,0,0.465313,5.24943,5.71474
5734,1,0,3.9613,3.9613
5734,2,0,1.77156,1.77156
5734,3,0,2.74646,2.74646
5735,0,0.671302,6.72839,7.39969
5735,1,0,1.81677,1.81677
5735,2,0,1.78463,1.78463
5735,3,0,3.05266,3.05266
5736,0,0.40401,7.09464,7.49864
5736,1,0,1.7751,1.7751
5736,2,0,1.7613,1.7613
5736,3,0,2.9376,2.9376
5737,0,0.680885,7.18464,7.86552
5737,1,0,1.77109,1.77109
5737,2,0,2.91266,2.91266
5737,3,0,2.93224,2.93224
5738,0,0.376458,5.71776,6.09422
5738,1,0,1.80787,1.80787
5738,2,0,2.99297,2.99297
5738,3,0,2.97432,2.97432
5739,0,0.403438,5.59375,5.99719
5739,1,0,1.81833,1.81833
5739,2,0,3.16198,3.16198
5739,3,0,3.16703,3.16703
5740,0,0.474011,5.84599,6.32
5740,1,0,1.78125,1.78125
5740,2,0,2.92162,2.92162
5740,3,0,2.94901,2.94901
5741,0,0.405,5.99073,6.39573
5741,1,0,1.90906,1.90906
5741,2,0,3.00344,3.00344
5741,3,0,5.92281,5.92281
5742,0,0.401198,3.23354,3.63474
5742,1,0,3.36104,3.36104
5742,2,0,3.05406,3.05406
5742,3,0,4.63318,4.63318
5743,0,0.358229,3.14542,3.50365
5743,1,0,2.92891,2.92891
5743,2,0,2.99672,2.99672
5743,3,0,4.67854,4.67854
5744,0,0.402188,3.16911,3.5713
5744,1,0,2.94167,2.94167
5744,2,0,2.95771,2.95771
5744,3,0,4.64016,4.64016
5745,0,0.434219,3.4449,3.87912
5745,1,0,3.10203,3.10203
5745,2,0,5.96932,5.96932
5745,3,0,1.79344,1.79344
5746,0,0.352969,4.53318,4.88615
5746,1,0,2.96833,2.96833
5746,2,0,4.68776,4.68776
5746,3,0,1.81047,1.81047
5747,0,0.400157,4.47651,4.87667
5747,1,0,2.98531,2.98531
5747,2,0,4.74688,4.74688
5747,3,0,2.03401,2.03401
5748,0,0.386302,4.42063,4.80693
5748,1,0,2.97057,2.97057
5748,2,0,4.60156,4.60156
5748,3,0,1.76958,1.76958
5749,0,0.351302,4.40662,4.75792
5749,1,0,5.96208,5.96208
5749,2,0,1.81094,1.81094
5749,3,0,1.77083,1.77083
5750,0,0.362656,5.54417,5.90682
5750,1,0,4.9387,4.9387
5750,2,0,1.89542,1.89542
5750,3,0,1.80271,1.80271
5751,0,1.0187,5.20099,6.21969
5751,1,0,4.60292,4.60292
5751,2,0,1.76125,1.76125
5751,3,0,1.75328,1.75328
5752,0,0.376771,5.73297,6.10974
5752,1,0,4.62484,4.62484
5752,2,0,1.77099,1.77099
5752,3,0,2.9149,2.9149
5753,0,0.460104,4.45156,4.91167
5753,1,0,4.78437,4.78437
5753,2,0,1.80594,1.80594
5753,3,0,2.93989,2.93989
5754,0,0.454166,5.14042,5.59458
5754,1,0,3.89766,3.89766
5754,2,0,1.75328,1.75328
5754,3,0,2.99354,2.99354
5755,0,0.551406,7.28255,7.83396
5755,1,0,1.79901,1.79901
5755,2,0,1.73875,1.73875
5755,3,0,2.96333,2.96333
5756,0,0.507291,7.45672,7.96401
5756,1,0,1.82266,1.82266
5756,2,0,2.92412,2.92412
5756,3,0,3.00953,3.00953
5757,0,0.363906,5.57568,5.93958
5757,1,0,1.77135,1.77135
5757,2,0,1.78651,1.78651
5757,3,0,2.84906,2.84906
5758,0,0.471562,7.05724,7.5288
5758,1,0,1.77156,1.77156
5758,2,0,1.75766,1.75766
5758,3,0,2.88313,2.88313
5759,0,0.513854,7.12021,7.63406
5759,1,0,1.81588,1.81588
5759,2,0,2.90568,2.90568
5759,3,0,2.9299,2.9299
5760,0,0.393177,6.03526,6.42844
5760,1,0,1.79333,1.79333
5760,2,0,3.00625,3.00625
5760,3,0,2.9987,2.9987
5761,0,0.385208,5.71964,6.10484
5761,1,0,1.77932,1.77932
5761,2,0,3.06318,3.06318
5761,3,0,3.32875,3.32875
5762,0,0.482448,5.67031,6.15276
5762,1,0,1.76953,1.76953
5762,2,0,2.91536,2.91536
5762,3,0,2.95526,2.95526
5763,0,0.399636,6.17828,6.57792
5763,1,0,1.83037,1.83037
5763,2,0,2.98016,2.98016
5763,3,0,2.96213,2.96213
5764,0,0.493281,5.56224,6.05552
5764,1,0,1.87672,1.87672
5764,2,0,3.27885,3.27885
5764,3,0,3.01719,3.01719
5765,0,0.746927,5.36948,6.11641
5765,1,0,1.77734,1.77734
5765,2,0,2.93912,2.93912
5765,3,0,2.93151,2.93151
5766,0,0.505104,5.53937,6.04448
5766,1,0,3.80849,3.80849
5766,2,0,2.98854,2.98854
5766,3,0,4.63328,4.63328
5767,0,0.411511,3.69641,4.10792
5767,1,0,3.03349,3.03349
5767,2,0,3.04026,3.04026
5767,3,0,4.61161,4.61161
5768,0,0.354427,3.13766,3.49208
5768,1,0,2.93719,2.93719
5768,2,0,2.94422,2.94422
5768,3,0,4.67896,4.67896
5769,0,0.376979,3.02161,3.39859
5769,1,0,2.96083,2.96083
5769,2,0,2.95214,2.95214
5769,3,0,4.78062,4.78062
5770,0,0.508229,4.43771,4.94594
5770,1,0,3.02526,3.02526
5770,2,0,4.71276,4.71276
5770,3,0,1.78375,1.78375
5771,0,0.356042,4.72401,5.08005
5771,1,0,2.96276,2.96276
5771,2,0,4.70302,4.70302
5771,3,0,1.8051,1.8051
5772,0,0.383438,4.36828,4.75172
5772,1,0,2.9913,2.9913
5772,2,0,4.92432,4.92432
5772,3,0,1.8226,1.8226
5773,0,0.372084,5.55953,5.93161
5773,1,0,4.70443,4.70443
5773,2,0,1.78083,1.78083
5773,3,0,1.75328,1.75328
5774,0,0.334011,5.68594,6.01995
5774,1,0,4.72057,4.72057
5774,2,0,1.80833,1.80833
5774,3,0,1.74906,1.74906
5775,0,0.356406,6.08641,6.44281
5775,1,0,4.86062,4.86062
5775,2,0,1.85052,1.85052
5775,3,0,1.8213,1.8213
5776,0,0.381719,4.98359,5.36531
5776,1,0,4.61448,4.61448
5776,2,0,1.79083,1.79083
5776,3,0,1.76115,1.76115
5777,0,0.381979,5.36813,5.7501
5777,1,0,4.60115,4.60115
5777,2,0,1.78693,1.78693
5777,3,0,1.7575,1.7575
5778,0,0.353803,5.30177,5.65557
5778,1,0,4.75432,4.75432
5778,2,0,1.86495,1.86495
5778,3,0,1.78787,1.78787
5779,0,0.440261,5.09807,5.53833
5779,1,0,4.61,4.61
5779,2,0,1.79755,1.79755
5779,3,0,1.93026,1.93026
5780,0,0.374896,5.40615,5.78104
5780,1,0,4.58875,4.58875
5780,2,0,1.84104,1.84104
5780,3,0,1.82469,1.82469
5781,0,0.505886,5.58641,6.09229
5781,1,0,4.66516,4.66516
5781,2,0,1.78901,1.78901
5781,3,0,2.9262,2.9262
5782,0,0.421719,4.21109,4.63281
5782,1,0,4.68922,4.68922
5782,2,0,1.83948,1.83948
5782,3,0,3.11036,3.11036
5783,0,0.730261,4.34224,5.0725
5783,1,0,4.65042,4.65042
5783,2,0,1.91604,1.91604
5783,3,0,4.60422,4.60422
5784,0,0.510208,5.81219,6.3224
5784,1,0,1.82193,1.82193
5784,2,0,3.00828,3.00828
5784,3,0,3.07115,3.07115
5785,0,0.646667,5.5924,6.23906
5785,1,0,1.86505,1.86505
5785,2,0,3.06844,3.06844
5785,3,0,2.9662,2.9662
5786,0,0.534844,5.71698,6.25182
5786,1,0,1.96188,1.96188
5786,2,0,3.30203,3.30203
5786,3,0,3.13318,3.13318
5787,0,0.464115,5.77953,6.24365
5787,1,0,1.80724,1.80724
5787,2,0,2.97323,2.97323
5787,3,0,2.76063,2.76063
5788,0,0.419063,5.74568,6.16474
5788,1,0,1.84292,1.84292
5788,2,0,3.10266,3.10266
5788,3,0,2.83823,2.83823
5789,0,0.520625,5.71911,6.23974
5789,1,0,2.10417,2.10417
5789,2,0,4.39542,4.39542
5789,3,0,4.71411,4.71411
5790,0,0.31125,3.4999,3.81115
5790,1,0,2.93443,2.93443
5790,2,0,2.96198,2.96198
5790,3,0,4.6749,4.6749
5791,0,0.364167,3.1849,3.54906
5791,1,0,2.91708,2.91708
5791,2,0,2.96667,2.96667
5791,3,0,4.75922,4.75922
5792,0,0.561354,3.19896,3.76031
5792,1,0,4.23667,4.23667
5792,2,0,4.70943,4.70943
5792,3,0,1.79453,1.79453
5793,0,0.321459,4.31943,4.64089
5793,1,0,2.95104,2.95104
5793,2,0,4.75708,4.75708
5793,3,0,1.80719,1.80719
5794,0,0.335417,4.32245,4.65787
5794,1,0,2.94708,2.94708
5794,2,0,4.89385,4.89385
5794,3,0,1.95703,1.95703
5795,0,0.394948,4.47375,4.8687
5795,1,0,2.96193,2.96193
5795,2,0,4.62286,4.62286
5795,3,0,1.76552,1.76552
5796,0,0.357395,4.37698,4.73438
5796,1,0,3.05766,3.05766
5796,2,0,4.60745,4.60745
5796,3,0,1.78927,1.78927
5797,0,0.393489,5.45906,5.85255
5797,1,0,4.97823,4.97823
5797,2,0,1.83823,1.83823
5797,3,0,1.78594,1.78594
5798,0,0.38526,5.52813,5.91338
5798,1,0,4.7137,4.7137
5798,2,0,1.78214,1.78214
5798,3,0,1.74297,1.74297
5799,0,0.374636,5.65021,6.02484
5799,1,0,4.61026,4.61026
5799,2,0,1.79646,1.79646
5799,3,0,1.74578,1.74578
5800,0,0.382656,5.59573,5.97839
5800,1,0,4.84068,4.84068
5800,2,0,1.82052,1.82052
5800,3,0,1.7725,1.7725
5801,0,0.878177,5.02042,5.89859
5801,1,0,4.58146,4.58146
5801,2,0,1.75948,1.75948
5801,3,0,1.91073,1.91073
5802,0,0.420313,5.15104,5.57135
5802,1,0,4.59943,4.59943
5802,2,0,1.76828,1.76828
5802,3,0,1.75042,1.75042
5803,0,0.353698,5.74682,6.10052
5803,1,0,4.65505,4.65505
5803,2,0,1.77224,1.77224
5803,3,0,2.91198,2.91198
5804,0,0.365209,4.22063,4.58583
5804,1,0,4.6275,4.6275
5804,2,0,1.78484,1.78484
5804,3,0,1.83031,1.83031
5805,0,0.61099,5.04838,5.65937
5805,1,0,4.58036,4.58036
5805,2,0,1.75865,1.75865
5805,3,0,1.7949,1.7949
5806,0,0.445312,5.14974,5.59505
5806,1,0,4.65953,4.65953
5806,2,0,1.78203,1.78203
5806,3,0,1.74828,1.74828
5807,0,0.353282,5.05453,5.40781
5807,1,0,4.59568,4.59568
5807,2,0,1.82156,1.82156
5807,3,0,1.82432,1.82432
5808,0,0.359635,5.40104,5.76068
5808,1,0,4.57516,4.57516
5808,2,0,1.81411,1.81411
5808,3,0,1.88115,1.88115
5809,0,0.43901,5.69005,6.12906
5809,1,0,4.6138,4.6138
5809,2,0,1.76297,1.76297
5809,3,0,2.89188,2.89188
5810,0,0.32448,4.57198,4.89646
5810,1,0,4.66516,4.66516
5810,2,0,1.81359,1.81359
5810,3,0,3.99229,3.99229
5811,0,0.611198,3.34016,3.95135
5811,1,0,4.64672,4.64672
5811,2,0,1.97891,1.97891
5811,3,0,4.30458,4.30458
5812,0,0.483125,5.65687,6.14
5812,1,0,1.77266,1.77266
5812,2,0,1.74542,1.74542
5812,3,0,2.91688,2.91688
5813,0,0.394011,3.79266,4.18667
5813,1,0,4.66662,4.66662
5813,2,0,1.8,1.8
5813,3,0,2.95083,2.95083
5814,0,0.759063,3.72161,4.48068
5814,1,0,4.88682,4.88682
5814,2,0,1.92307,1.92307
5814,3,0,4.23432,4.23432
5815,0,0.427031,5.65448,6.08151
5815,1,0,1.77313,1.77313
5815,2,0,1.75094,1.75094
5815,3,0,3.14568,3.14568
5816,0,0.49948,3.97057,4.47005
5816,1,0,4.61828,4.61828
5816,2,0,1.80635,1.80635
5816,3,0,4.2226,4.2226
5817,0,0.436458,6.05682,6.49328
5817,1,0,1.86354,1.86354
5817,2,0,1.84719,1.84719
5817,3,0,3.9599,3.9599
5818,0,0.480156,5.65667,6.13682
5818,1,0,1.78505,1.78505
5818,2,0,1.75318,1.75318
5818,3,0,4.11823,4.11823
5819,0,0.422031,5.76766,6.18969
5819,1,0,1.81302,1.81302
5819,2,0,1.76083,1.76083
5819,3,0,4.05474,4.05474
5820,0,1.13078,5.3874,6.51818
5820,1,0,1.82859,1.82859
5820,2,0,2.98036,2.98036
5820,3,0,3.09766,3.09766
5821,0,0.404114,5.51719,5.9213
5821,1,0,1.76401,1.76401
5821,2,0,2.93292,2.93292
5821,3,0,3.0299,3.0299
5822,0,0.753177,5.98787,6.74104
5822,1,0,1.77234,1.77234
5822,2,0,2.90276,2.90276
5822,3,0,3.01234,3.01234
5823,0,0.442292,6.20255,6.64484
5823,1,0,1.81156,1.81156
5823,2,0,2.9126,2.9126
5823,3,0,2.95104,2.95104
5824,0,0.387813,5.81646,6.20427
5824,1,0,1.77214,1.77214
5824,2,0,3.03328,3.03328
5824,3,0,3.20838,3.20838
5825,0,0.439375,5.41781,5.85719
5825,1,0,1.7813,1.7813
5825,2,0,2.96578,2.96578
5825,3,0,3.10443,3.10443
5826,0,0.48651,5.95969,6.4462
5826,1,0,1.755,1.755
5826,2,0,4.20031,4.20031
5826,3,0,1.81641,1.81641
5827,0,0.375,5.37568,5.75068
5827,1,0,1.76323,1.76323
5827,2,0,2.99682,2.99682
5827,3,0,2.79839,2.79839
5828,0,0.538177,5.55573,6.09391
5828,1,0,1.76365,1.76365
5828,2,0,2.98255,2.98255
5828,3,0,3.26688,3.26688
5829,0,0.4425,5.85146,6.29396
5829,1,0,1.79349,1.79349
5829,2,0,4.06937,4.06937
5829,3,0,1.86432,1.86432
5830,0,0.378177,5.59464,5.97281
5830,1,0,1.83401,1.83401
5830,2,0,2.97958,2.97958
5830,3,0,2.77036,2.77036
5831,0,0.509688,5.99224,6.50193
5831,1,0,1.8424,1.8424
5831,2,0,4.38307,4.38307
5831,3,0,1.87495,1.87495
5832,0,0.49474,5.52088,6.01562
5832,1,0,1.77594,1.77594
5832,2,0,4.05484,4.05484
5832,3,0,1.7951,1.7951
5833,0,0.372031,5.57708,5.94911
5833,1,0,1.83443,1.83443
5833,2,0,4.07224,4.07224
5833,3,0,1.87875,1.87875
5834,0,0.434427,5.54964,5.98406
5834,1,0,1.99547,1.99547
5834,2,0,4.33938,4.33938
5834,3,0,1.88771,1.88771
5835,0,0.415052,6.02729,6.44234
5835,1,0,1.78927,1.78927
5835,2,0,3.83662,3.83662
5835,3,0,1.88568,1.88568
5836,0,0.412761,5.71417,6.12693
5836,1,0,1.83729,1.83729
5836,2,0,4.0788,4.0788
5836,3,0,1.80474,1.80474
5837,0,0.387135,5.95172,6.33885
5837,1,0,1.88781,1.88781
5837,2,0,4.02167,4.02167
5837,3,0,1.8187,1.8187
5838,0,0.41875,5.61516,6.03391
5838,1,0,1.81005,1.81005
5838,2,0,4.09333,4.09333
5838,3,0,1.86453,1.86453
5839,0,0.388438,6.0701,6.45854
5839,1,0,2.94661,2.94661
5839,2,0,2.93906,2.93906
5839,3,0,1.83651,1.83651
5840,0,0.505416,5.69823,6.20365
5840,1,0,3.02193,3.02193
5840,2,0,3.00615,3.00615
5840,3,0,1.81609,1.81609
5841,0,0.407292,5.65599,6.06328
5841,1,0,2.92771,2.92771
5841,2,0,2.9376,2.9376
5841,3,0,1.88375,1.88375
5842,0,0.43526,5.49318,5.92844
5842,1,0,1.77432,1.77432
5842,2,0,4.09786,4.09786
5842,3,0,1.85901,1.85901
5843,0,0.472813,5.79646,6.26927
5843,1,0,3.03422,3.03422
5843,2,0,2.94109,2.94109
5843,3,0,1.81453,1.81453
5844,0,0.407187,5.59604,6.00323
5844,1,0,1.78146,1.78146
5844,2,0,4.03932,4.03932
5844,3,0,2.24354,2.24354
5845,0,1.23484,5.0088,6.24365
5845,1,0,2.9399,2.9399
5845,2,0,3.04979,3.04979
5845,3,0,1.9926,1.9926
5846,0,0.534687,5.60943,6.14411
5846,1,0,2.9262,2.9262
5846,2,0,2.96687,2.96687
5846,3,0,4.76984,4.76984
5847,0,0.371459,3.23271,3.60417
5847,1,0,2.98708,2.98708
5847,2,0,2.82953,2.82953
5847,3,0,4.73729,4.73729
5848,0,0.350417,3.20625,3.55667
5848,1,0,4.13932,4.13932
5848,2,0,2.04406,2.04406
5848,3,0,1.8888,1.8888
5849,0,0.416406,5.77115,6.18755
5849,1,0,4.08526,4.08526
5849,2,0,1.82557,1.82557
5849,3,0,4.57391,4.57391
5850,0,0.340364,4.61417,4.95453
5850,1,0,3.02927,3.02927
5850,2,0,1.83151,1.83151
5850,3,0,4.58833,4.58833
5851,0,0.343125,4.70375,5.04688
5851,1,0,3.28995,3.28995
5851,2,0,1.86521,1.86521
5851,3,0,4.65552,4.65552
5852,0,0.410886,5.47391,5.88479
5852,1,0,1.84339,1.84339
5852,2,0,4.6025,4.6025
5852,3,0,1.79339,1.79339
5853,0,0.488541,4.44917,4.93771
5853,1,0,2.72531,2.72531
5853,2,0,4.58073,4.58073
5853,3,0,1.79901,1.79901
5854,0,0.401719,6.14297,6.54469
5854,1,0,1.88229,1.88229
5854,2,0,4.64328,4.64328
5854,3,0,1.76359,1.76359
5855,0,0.371823,5.56943,5.94125
5855,1,0,4.6812,4.6812
5855,2,0,1.87234,1.87234
5855,3,0,1.83052,1.83052
5856,0,0.360573,5.39557,5.75615
5856,1,0,4.68932,4.68932
5856,2,0,1.82724,1.82724
5856,3,0,1.93594,1.93594
5857,0,0.469584,5.1763,5.64589
5857,1,0,4.61755,4.61755
5857,2,0,1.77401,1.77401
5857,3,0,1.73807,1.73807
5858,0,0.383803,5.07463,5.45844
5858,1,0,4.70792,4.70792
5858,2,0,1.83141,1.83141
5858,3,0,1.80339,1.80339
5859,0,0.353698,5.21349,5.56719
5859,1,0,4.74641,4.74641
5859,2,0,1.9451,1.9451
5859,3,0,1.96302,1.96302
5860,0,0.410886,5.22594,5.63682
5860,1,0,4.55724,4.55724
5860,2,0,1.78974,1.78974
5860,3,0,1.7725,1.7725
5861,0,0.382917,4.99609,5.37901
5861,1,0,4.92901,4.92901
5861,2,0,1.81313,1.81313
5861,3,0,1.76698,1.76698
5862,0,0.398594,4.98073,5.37932
5862,1,0,4.82281,4.82281
5862,2,0,2.02453,2.02453
5862,3,0,1.79969,1.79969
5863,0,0.410313,5.23552,5.64583
5863,1,0,4.59125,4.59125
5863,2,0,1.76573,1.76573
5863,3,0,1.74099,1.74099
5864,0,0.36401,5.12042,5.48443
5864,1,0,1.88432,1.88432
5864,2,0,4.69995,4.69995
5864,3,0,1.77974,1.77974
5865,0,0.395886,5.52531,5.9212
5865,1,0,4.93745,4.93745
5865,2,0,1.82974,1.82974
5865,3,0,3.01073,3.01073
5866,0,0.332969,4.33094,4.66391
5866,1,0,4.60521,4.60521
5866,2,0,1.76391,1.76391
5866,3,0,2.91828,2.91828
5867,0,0.341302,4.30182,4.64312
5867,1,0,4.59016,4.59016
5867,2,0,1.77297,1.77297
5867,3,0,2.89641,2.89641
5868,0,0.330052,4.18745,4.5175
5868,1,0,4.79292,4.79292
5868,2,0,1.81104,1.81104
5868,3,0,2.91297,2.91297
5869,0,0.397656,4.23375,4.63141
5869,1,0,4.60448,4.60448
5869,2,0,1.74662,1.74662
5869,3,0,2.91203,2.91203
5870,0,0.491302,4.00281,4.49411
5870,1,0,4.58312,4.58312
5870,2,0,1.75198,1.75198
5870,3,0,2.90536,2.90536
5871,0,0.397084,4.49818,4.89526
5871,1,0,4.65682,4.65682
5871,2,0,1.77375,1.77375
5871,3,0,2.90151,2.90151
5872,0,0.352813,3.76333,4.11615
5872,1,0,4.57984,4.57984
5872,2,0,1.78016,1.78016
5872,3,0,2.97307,2.97307
5873,0,0.355364,4.61766,4.97302
5873,1,0,4.57875,4.57875
5873,2,0,1.75677,1.75677
5873,3,0,2.94771,2.94771
5874,0,0.414427,4.11927,4.5337
5874,1,0,4.64109,4.64109
5874,2,0,1.76734,1.76734
5874,3,0,2.89912,2.89912
5875,0,0.360104,3.86932,4.22943
5875,1,0,4.60885,4.60885
5875,2,0,1.78188,1.78188
5875,3,0,2.9749,2.9749
5876,0,0.800104,4.71823,5.51833
5876,1,0,4.59557,4.59557
5876,2,0,1.80245,1.80245
5876,3,0,4.40625,4.40625
5877,0,0.407605,3.28245,3.69005
5877,1,0,4.70099,4.70099
5877,2,0,2.93349,2.93349
5877,3,0,2.94849,2.94849
5878,0,0.497552,5.8601,6.35766
5878,1,0,1.89297,1.89297
5878,2,0,2.94604,2.94604
5878,3,0,2.9324,2.9324
5879,0,0.435729,5.88906,6.32479
5879,1,0,1.86255,1.86255
5879,2,0,4.18948,4.18948
5879,3,0,1.88,1.88
5880,0,0.476771,6.30651,6.78328
5880,1,0,1.7638,1.7638
5880,2,0,4.2462,4.2462
5880,3,0,1.83214,1.83214
5881,0,0.386927,5.81245,6.19937
5881,1,0,1.80688,1.80688
5881,2,0,4.10318,4.10318
5881,3,0,1.82,1.82
5882,0,0.390052,5.68646,6.07651
5882,1,0,2.14963,2.14963
5882,2,0,3.96505,3.96505
5882,3,0,1.85297,1.85297
5883,0,0.400782,5.69052,6.0913
5883,1,0,1.77094,1.77094
5883,2,0,3.93469,3.93469
5883,3,0,1.82469,1.82469
5884,0,0.414792,6.03932,6.45411
5884,1,0,1.83536,1.83536
5884,2,0,3.86271,3.86271
5884,3,0,1.82964,1.82964
5885,0,0.384375,6.02333,6.40771
5885,1,0,1.87177,1.87177
5885,2,0,4.12662,4.12662
5885,3,0,1.80297,1.80297
5886,0,0.404323,5.64516,6.04948
5886,1,0,1.78547,1.78547
5886,2,0,3.91989,3.91989
5886,3,0,1.82401,1.82401
5887,0,0.658229,5.53401,6.19224
5887,1,0,1.78,1.78
5887,2,0,4.06917,4.06917
5887,3,0,1.8524,1.8524
5888,0,0.658698,6.02479,6.68349
5888,1,0,3.06875,3.06875
5888,2,0,2.92865,2.92865
5888,3,0,1.84995,1.84995
5889,0,0.389792,5.62958,6.01938
5889,1,0,2.9149,2.9149
5889,2,0,2.99167,2.99167
5889,3,0,1.86297,1.86297
5890,0,0.438177,5.89964,6.33781
5890,1,0,2.94437,2.94437
5890,2,0,3.01052,3.01052
5890,3,0,2.09708,2.09708
5891,0,0.694375,5.31307,6.00745
5891,1,0,2.96937,2.96937
5891,2,0,2.75276,2.75276
5891,3,0,1.79844,1.79844
5892,0,0.384895,5.62234,6.00724
5892,1,0,2.92385,2.92385
5892,2,0,3.01635,3.01635
5892,3,0,1.95886,1.95886
5893,0,0.427552,5.68677,6.11432
5893,1,0,2.92344,2.92344
5893,2,0,3.19167,3.19167
5893,3,0,2.10906,2.10906
5894,0,0.54448,5.60854,6.15302
5894,1,0,4.07719,4.07719
5894,2,0,1.82417,1.82417
5894,3,0,1.77677,1.77677
5895,0,0.421198,5.55719,5.97839
5895,1,0,3.04615,3.04615
5895,2,0,2.74411,2.74411
5895,3,0,1.80615,1.80615
5896,0,0.427292,5.50031,5.9276
5896,1,0,2.97083,2.97083
5896,2,0,3.25885,3.25885
5896,3,0,1.89193,1.89193
5897,0,0.440365,5.50781,5.94818
5897,1,0,2.9176,2.9176
5897,2,0,2.94698,2.94698
5897,3,0,1.81,1.81
5898,0,0.426562,5.5749,6.00146
5898,1,0,3.0138,3.0138
5898,2,0,3.07589,3.07589
5898,3,0,1.90516,1.90516
5899,0,0.414532,5.9113,6.32583
5899,1,0,4.1651,4.1651
5899,2,0,1.89453,1.89453
5899,3,0,1.84891,1.84891
5900,0,0.457968,5.60974,6.06771
5900,1,0,1.76193,1.76193
5900,2,0,3.95698,3.95698
5900,3,0,1.79615,1.79615
5901,0,0.392396,5.82359,6.21599
5901,1,0,3.01229,3.01229
5901,2,0,2.73885,2.73885
5901,3,0,1.84005,1.84005
5902,0,0.378386,5.83713,6.21552
5902,1,0,3.23328,3.23328
5902,2,0,2.7826,2.7826
5902,3,0,1.85245,1.85245
5903,0,0.484583,6.02094,6.50552
5903,1,0,4.0776,4.0776
5903,2,0,1.82391,1.82391
5903,3,0,4.75203,4.75203
5904,0,0.422969,3.1787,3.60167
5904,1,0,4.08406,4.08406
5904,2,0,1.82031,1.82031
5904,3,0,4.73609,4.73609
5905,0,0.454948,4.6238,5.07875
5905,1,0,3.07177,3.07177
5905,2,0,1.84906,1.84906
5905,3,0,4.595,4.595
5906,0,0.396458,4.34198,4.73844
5906,1,0,2.74912,2.74912
5906,2,0,1.82839,1.82839
5906,3,0,4.68021,4.68021
5907,0,0.373646,4.37865,4.75229
5907,1,0,2.7174,2.7174
5907,2,0,1.77401,1.77401
5907,3,0,4.90901,4.90901
5908,0,0.464375,5.65536,6.11974
5908,1,0,1.83594,1.83594
5908,2,0,4.77672,4.77672
5908,3,0,1.77755,1.77755
5909,0,0.36125,5.72344,6.08469
5909,1,0,1.8212,1.8212
5909,2,0,4.68609,4.68609
5909,3,0,1.80542,1.80542
5910,0,0.364844,5.30896,5.6738
5910,1,0,1.85427,1.85427
5910,2,0,4.91099,4.91099
5910,3,0,1.82281,1.82281
5911,0,0.372135,5.61719,5.98932
5911,1,0,1.79578,1.79578
5911,2,0,4.6063,4.6063
5911,3,0,1.75812,1.75812
5912,0,0.359115,5.61859,5.97771
5912,1,0,1.9449,1.9449
5912,2,0,4.54948,4.54948
5912,3,0,1.78177,1.78177
5913,0,0.343177,5.63057,5.97375
5913,1,0,1.87292,1.87292
5913,2,0,4.85385,4.85385
5913,3,0,3.01281,3.01281
5914,0,0.335469,4.6287,4.96417
5914,1,0,4.57729,4.57729
5914,2,0,1.77651,1.77651
5914,3,0,2.92839,2.92839
5915,0,0.368541,4.17578,4.54432
5915,1,0,4.56057,4.56057
5915,2,0,1.77073,1.77073
5915,3,0,2.90057,2.90057
5916,0,0.376927,4.2612,4.63812
5916,1,0,4.71271,4.71271
5916,2,0,1.81396,1.81396
5916,3,0,2.94448,2.94448
5917,0,0.39677,3.77818,4.17495
5917,1,0,4.54312,4.54312
5917,2,0,1.77547,1.77547
5917,3,0,2.98062,2.98062
5918,0,0.424947,4.5088,4.93375
5918,1,0,4.56714,4.56714
5918,2,0,1.75844,1.75844
5918,3,0,2.96109,2.96109
5919,0,0.421407,4.02208,4.44349
5919,1,0,4.68828,4.68828
5919,2,0,1.77953,1.77953
5919,3,0,2.90995,2.90995
5920,0,0.369688,3.80292,4.1726
5920,1,0,4.69271,4.69271
5920,2,0,1.77422,1.77422
5920,3,0,1.79552,1.79552
5921,0,0.466667,4.96615,5.43281
5921,1,0,4.68854,4.68854
5921,2,0,1.77849,1.77849
5921,3,0,1.81078,1.81078
5922,0,0.418281,5.59536,6.01365
5922,1,0,4.77818,4.77818
5922,2,0,1.78708,1.78708
5922,3,0,2.91599,2.91599
5923,0,0.366094,3.91219,4.27828
5923,1,0,4.71198,4.71198
5923,2,0,1.86031,1.86031
5923,3,0,3.01464,3.01464
5924,0,0.403542,4.00026,4.4038
5924,1,0,4.5662,4.5662
5924,2,0,1.81292,1.81292
5924,3,0,3.25505,3.25505
5925,0,0.469167,3.66651,4.13568
5925,1,0,1.87713,1.87713
5925,2,0,4.77948,4.77948
5925,3,0,2.91578,2.91578
5926,0,0.370416,3.80104,4.17146
5926,1,0,1.82484,1.82484
5926,2,0,4.68474,4.68474
5926,3,0,2.98526,2.98526
5927,0,0.8375,3.88838,4.72588
5927,1,0,4.61188,4.61188
5927,2,0,1.85953,1.85953
5927,3,0,4.15844,4.15844
5928,0,0.404271,3.2851,3.68938
5928,1,0,4.60297,4.60297
5928,2,0,1.79495,1.79495
5928,3,0,1.76349,1.76349
5929,0,0.407656,4.9425,5.35016
5929,1,0,4.77125,4.77125
5929,2,0,1.81688,1.81688
5929,3,0,2.97391,2.97391
5930,0,0.41599,3.75599,4.17198
5930,1,0,4.76344,4.76344
5930,2,0,2.09677,2.09677
5930,3,0,3.92349,3.92349
5931,0,0.363958,3.42557,3.78953
5931,1,0,4.57885,4.57885
5931,2,0,1.77146,1.77146
5931,3,0,4.05302,4.05302
5932,0,0.369688,3.11234,3.48203
5932,1,0,4.67797,4.67797
5932,2,0,1.80516,1.80516
5932,3,0,4.07516,4.07516
5933,0,0.376042,3.47057,3.84661
5933,1,0,4.88307,4.88307
5933,2,0,1.83312,1.83312
5933,3,0,4.04448,4.04448
5934,0,0.383958,3.23896,3.62292
5934,1,0,4.70458,4.70458
5934,2,0,2.91875,2.91875
5934,3,0,2.93599,2.93599
5935,0,0.480104,3.30531,3.78542
5935,1,0,4.76682,4.76682
5935,2,0,3.79932,3.79932
5935,3,0,1.81568,1.81568
5936,0,0.558386,3.50901,4.0674
5936,1,0,4.87427,4.87427
5936,2,0,2.94703,2.94703
5936,3,0,2.73505,2.73505
5937,0,0.381041,5.96375,6.34479
5937,1,0,1.75526,1.75526
5937,2,0,4.19271,4.19271
5937,3,0,1.94562,1.94562
5938,0,0.397709,6.66286,7.06057
5938,1,0,2.93792,2.93792
5938,2,0,2.79443,2.79443
5938,3,0,2.32328,2.32328
5939,0,0.472448,5.67167,6.14411
5939,1,0,4.0675,4.0675
5939,2,0,1.80448,1.80448
5939,3,0,4.70937,4.70937
5940,0,0.37,3.09557,3.46557
5940,1,0,4.15339,4.15339
5940,2,0,2.02135,2.02135
5940,3,0,4.55193,4.55193
5941,0,0.39823,3.24026,3.63849
5941,1,0,4.05083,4.05083
5941,2,0,2.12568,2.12568
5941,3,0,4.71161,4.71161
5942,0,0.391198,4.33203,4.72323
5942,1,0,2.92693,2.92693
5942,2,0,1.81974,1.81974
5942,3,0,4.60089,4.60089
5943,0,0.367448,4.38552,4.75297
5943,1,0,2.73172,2.73172
5943,2,0,1.90708,1.90708
5943,3,0,4.59693,4.59693
5944,0,0.40073,6.17687,6.5776
5944,1,0,2.03182,2.03182
5944,2,0,1.81948,1.81948
5944,3,0,4.64771,4.64771
5945,0,0.369896,5.53672,5.90662
5945,1,0,1.80906,1.80906
5945,2,0,4.72693,4.72693
5945,3,0,1.82531,1.82531
5946,0,0.854011,5.55391,6.40792
5946,1,0,1.81719,1.81719
5946,2,0,4.60943,4.60943
5946,3,0,1.94073,1.94073
5947,0,1.1937,4.8549,6.04859
5947,1,0,4.74365,4.74365
5947,2,0,1.84948,1.84948
5947,3,0,2.91016,2.91016
5948,0,0.337135,4.68724,5.02438
5948,1,0,4.66036,4.66036
5948,2,0,1.82339,1.82339
5948,3,0,2.95516,2.95516
5949,0,0.388333,3.6788,4.06714
5949,1,0,4.74682,4.74682
5949,2,0,1.8624,1.8624
5949,3,0,4.15146,4.15146
5950,0,0.359427,3.48115,3.84057
5950,1,0,4.58406,4.58406
5950,2,0,1.77844,1.77844
5950,3,0,4.08104,4.08104
5951,0,0.35875,3.18771,3.54646
5951,1,0,4.64161,4.64161
5951,2,0,1.79578,1.79578
5951,3,0,4.08948,4.08948
5952,0,0.390833,3.47865,3.86948
5952,1,0,4.7688,4.7688
5952,2,0,3.17255,3.17255
5952,3,0,3.05432,3.05432
5953,0,0.476719,3.23833,3.71505
5953,1,0,4.68182,4.68182
5953,2,0,2.9537,2.9537
5953,3,0,2.69417,2.69417
5954,0,0.43198,3.23219,3.66417
5954,1,0,4.62094,4.62094
5954,2,0,2.94661,2.94661
5954,3,0,2.72135,2.72135
5955,0,0.370104,3.19771,3.56781
5955,1,0,4.87349,4.87349
5955,2,0,1.8238,1.8238
5955,3,0,3.75208,3.75208
5956,0,0.415261,5.92172,6.33698
5956,1,0,1.7876,1.7876
5956,2,0,3.83385,3.83385
5956,3,0,1.85083,1.85083
5957,0,0.418229,5.82026,6.23849
5957,1,0,1.78724,1.78724
5957,2,0,2.89979,2.89979
5957,3,0,2.78078,2.78078
5958,0,0.420833,6.3112,6.73203
5958,1,0,1.82115,1.82115
5958,2,0,4.1574,4.1574
5958,3,0,1.79557,1.79557
5959,0,0.462292,5.73656,6.19885
5959,1,0,1.75615,1.75615
5959,2,0,4.05745,4.05745
5959,3,0,2.18984,2.18984
5960,0,0.457552,6.23359,6.69115
5960,1,0,1.81323,1.81323
5960,2,0,3.9351,3.9351
5960,3,0,1.93005,1.93005
5961,0,0.566042,5.94818,6.51422
5961,1,0,2.97651,2.97651
5961,2,0,2.94797,2.94797
5961,3,0,1.81229,1.81229
5962,0,0.416459,5.56203,5.97849
5962,1,0,2.93703,2.93703
5962,2,0,3.03672,3.03672
5962,3,0,1.8549,1.8549
5963,0,0.430209,6.03734,6.46755
5963,1,0,2.93912,2.93912
5963,2,0,2.92526,2.92526
5963,3,0,2.09089,2.09089
5964,0,0.504635,5.72115,6.22578
5964,1,0,3.82917,3.82917
5964,2,0,1.85052,1.85052
5964,3,0,1.81005,1.81005
5965,0,0.404843,5.63333,6.03818
5965,1,0,3.03537,3.03537
5965,2,0,2.81963,2.81963
5965,3,0,1.88427,1.88427
5966,0,0.432084,5.57531,6.0074
5966,1,0,2.95838,2.95838
5966,2,0,3.18021,3.18021
5966,3,0,1.97484,1.97484
5967,0,0.420937,5.89453,6.31547
5967,1,0,3.82344,3.82344
5967,2,0,1.82229,1.82229
5967,3,0,1.77792,1.77792
5968,0,0.392552,5.66432,6.05687
5968,1,0,3.05661,3.05661
5968,2,0,2.80995,2.80995
5968,3,0,1.92281,1.92281
5969,0,0.42625,5.64625,6.0725
5969,1,0,3.04995,3.04995
5969,2,0,3.03005,3.03005
5969,3,0,1.85193,1.85193
5970,0,0.535886,5.51078,6.04667
5970,1,0,2.93063,2.93063
5970,2,0,2.78833,2.78833
5970,3,0,1.80578,1.80578
5971,0,0.370573,5.78208,6.15266
5971,1,0,3.00703,3.00703
5971,2,0,2.94974,2.94974
5971,3,0,1.80812,1.80812
5972,0,0.401354,5.76323,6.16458
5972,1,0,3.27745,3.27745
5972,2,0,2.78255,2.78255
5972,3,0,1.86042,1.86042
5973,0,0.41948,6.2301,6.64958
5973,1,0,4.06813,4.06813
5973,2,0,1.81083,1.81083
5973,3,0,1.78521,1.78521
5974,0,0.416407,5.56062,5.97703
5974,1,0,3.87891,3.87891
5974,2,0,1.81536,1.81536
5974,3,0,1.78833,1.78833
5975,0,0.387291,5.86146,6.24875
5975,1,0,4.02464,4.02464
5975,2,0,1.86437,1.86437
5975,3,0,1.81547,1.81547
5976,0,0.39224,5.6076,5.99984
5976,1,0,2.92495,2.92495
5976,2,0,2.93677,2.93677
5976,3,0,1.83677,1.83677
5977,0,0.394531,5.7825,6.17703
5977,1,0,2.96891,2.96891
5977,2,0,2.83146,2.83146
5977,3,0,1.81396,1.81396
5978,0,0.42875,6.18026,6.60901
5978,1,0,3.99911,3.99911
5978,2,0,1.84151,1.84151
5978,3,0,1.78521,1.78521
5979,0,0.408802,5.87328,6.28208
5979,1,0,3.81073,3.81073
5979,2,0,1.81151,1.81151
5979,3,0,1.85557,1.85557
5980,0,0.595677,5.63359,6.22927
5980,1,0,2.94787,2.94787
5980,2,0,2.68771,2.68771
5980,3,0,1.84766,1.84766
5981,0,0.534948,6.24724,6.78219
5981,1,0,4.21172,4.21172
5981,2,0,1.86505,1.86505
5981,3,0,1.82354,1.82354
5982,0,0.390625,5.92026,6.31089
5982,1,0,4.07406,4.07406
5982,2,0,1.88495,1.88495
5982,3,0,1.88047,1.88047
5983,0,1.36109,4.69177,6.05286
5983,1,0,4.06984,4.06984
5983,2,0,1.88193,1.88193
5983,3,0,1.91016,1.91016
5984,0,0.653281,5.49979,6.15307
5984,1,0,4.35318,4.35318
5984,2,0,1.81391,1.81391
5984,3,0,1.77943,1.77943
5985,0,0.398282,5.56365,5.96193
5985,1,0,4.36276,4.36276
5985,2,0,1.8976,1.8976
5985,3,0,1.84396,1.84396
5986,0,0.390729,7.00463,7.39536
5986,1,0,2.97927,2.97927
5986,2,0,2.01604,2.01604
5986,3,0,1.95323,1.95323
5987,0,0.406198,6.88042,7.28661
5987,1,0,2.80104,2.80104
5987,2,0,1.79188,1.79188
5987,3,0,4.70172,4.70172
5988,0,0.359843,4.45438,4.81422
5988,1,0,2.82307,2.82307
5988,2,0,1.89984,1.89984
5988,3,0,4.66854,4.66854
5989,0,0.381041,6.62958,7.01063
5989,1,0,1.98391,1.98391
5989,2,0,1.84698,1.84698
5989,3,0,4.67422,4.67422
5990,0,0.390312,5.3299,5.72021
5990,1,0,1.82031,1.82031
5990,2,0,4.60839,4.60839
5990,3,0,1.81286,1.81286
5991,0,1.97104,4.63234,6.60339
5991,1,0,4.76865,4.76865
5991,2,0,1.80115,1.80115
5991,3,0,1.81365,1.81365
5992,0,0.466615,5.23318,5.69979
5992,1,0,4.8925,4.8925
5992,2,0,1.77677,1.77677
5992,3,0,2.90344,2.90344
5993,0,0.407657,4.10464,4.51229
5993,1,0,4.71208,4.71208
5993,2,0,1.83417,1.83417
5993,3,0,2.95792,2.95792
5994,0,0.379167,3.78297,4.16214
5994,1,0,1.80818,1.80818
5994,2,0,4.62932,4.62932
5994,3,0,1.88651,1.88651
5995,0,0.675156,5.01484,5.69
5995,1,0,1.86333,1.86333
5995,2,0,4.61964,4.61964
5995,3,0,2.93011,2.93011
5996,0,0.368333,3.91151,4.27984
5996,1,0,1.81484,1.81484
5996,2,0,4.69026,4.69026
5996,3,0,2.96885,2.96885
5997,0,0.350417,4.54443,4.89484
5997,1,0,4.72464,4.72464
5997,2,0,1.92359,1.92359
5997,3,0,4.1238,4.1238
5998,0,0.402553,3.30364,3.7062
5998,1,0,4.62411,4.62411
5998,2,0,1.76828,1.76828
5998,3,0,4.05677,4.05677
5999,0,0.368334,3.3001,3.66844
5999,1,0,4.70385,4.70385
5999,2,0,1.82573,1.82573
5999,3,0,4.08516,4.08516
