--------- beginning of main
--------- beginning of system
09-11 04:17:27.879   895 12512 I WiVRn   : [2026-09-11 04:17:27.879] [WiVRn] [info] Starting WiVRn version nx-1.4.1-270-gb56d60e4 (b56d60e47ec79b91dccbffaff820ecbad227ba1d)
09-11 04:17:27.880   895 12512 I WiVRn   : [2026-09-11 04:17:27.879] [WiVRn] [info] Started with intent wivrn://192.168.1.2
09-11 04:17:27.881   895 12512 I WiVRn   : [2026-09-11 04:17:27.881] [WiVRn] [info] Guessing HMD model from:
09-11 04:17:27.881   895 12512 I WiVRn   : [2026-09-11 04:17:27.881] [WiVRn] [info]     ro.product.device = "PICOA8110":
09-11 04:17:27.881   895 12512 I WiVRn   : [2026-09-11 04:17:27.881] [WiVRn] [info]     ro.product.manufacturer = "Pico":
09-11 04:17:27.881   895 12512 I WiVRn   : [2026-09-11 04:17:27.881] [WiVRn] [info]     ro.product.model = "A8110":
09-11 04:17:27.881   895 12512 I WiVRn   : [2026-09-11 04:17:27.881] [WiVRn] [info]     pxr.vendorhw.product.model = "PICO 4":
09-11 04:17:27.881   895 12512 I WiVRn   : [2026-09-11 04:17:27.881] [WiVRn] [info] HMD traits initialized
09-11 04:17:27.881   895 12512 I WiVRn   : [2026-09-11 04:17:27.881] [WiVRn] [info] 	controller_profile: pico-4
09-11 04:17:27.881   895 12512 I WiVRn   : [2026-09-11 04:17:27.881] [WiVRn] [info] 	controller_ray_model: assets://ray.glb
09-11 04:17:27.881   895 12512 I WiVRn   : [2026-09-11 04:17:27.881] [WiVRn] [info] 	max_openxr_api_version: 1.1.58
09-11 04:17:27.881   895 12512 I WiVRn   : [2026-09-11 04:17:27.881] [WiVRn] [info] 	panel_width_override: 2160
09-11 04:17:27.881   895 12512 I WiVRn   : [2026-09-11 04:17:27.881] [WiVRn] [info] 	needs_srgb_conversion: true
09-11 04:17:27.881   895 12512 I WiVRn   : [2026-09-11 04:17:27.881] [WiVRn] [info] 	nxwarp_atlas_speed: true
09-11 04:17:27.881   895 12512 I WiVRn   : [2026-09-11 04:17:27.881] [WiVRn] [info] 	view_locate: false
09-11 04:17:27.881   895 12512 I WiVRn   : [2026-09-11 04:17:27.881] [WiVRn] [info] 	vk_debug_ext_allowed: true
09-11 04:17:27.881   895 12512 I WiVRn   : [2026-09-11 04:17:27.881] [WiVRn] [info] 	bind_simple_controller: true
09-11 04:17:27.881   895 12512 I WiVRn   : [2026-09-11 04:17:27.881] [WiVRn] [info] 	hand_interaction_grip_surface: true
09-11 04:17:27.881   895 12512 I WiVRn   : [2026-09-11 04:17:27.881] [WiVRn] [info] 	pico_face_tracker: false
09-11 04:17:27.881   895 12512 I WiVRn   : [2026-09-11 04:17:27.881] [WiVRn] [info] 	discard_frame: false
09-11 04:17:27.894   895 12512 I WiVRn   : [2026-09-11 04:17:27.894] [WiVRn] [info] Available OpenXR layers:
09-11 04:17:27.894   895 12512 I WiVRn   : [2026-09-11 04:17:27.894] [WiVRn] [info] Available OpenXR extensions:
09-11 04:17:27.896   895 12512 I WiVRn   : [2026-09-11 04:17:27.896] [WiVRn] [info]     XR_BD_body_tracking (version 1)
09-11 04:17:27.896   895 12512 I WiVRn   : [2026-09-11 04:17:27.896] [WiVRn] [info]     XR_BD_controller_interaction (version 1)
09-11 04:17:27.896   895 12512 I WiVRn   : [2026-09-11 04:17:27.896] [WiVRn] [info]     XR_EPIC_view_configuration_fov (version 2)
09-11 04:17:27.896   895 12512 I WiVRn   : [2026-09-11 04:17:27.896] [WiVRn] [info]     XR_EXTX_overlay (version 5)
09-11 04:17:27.896   895 12512 I WiVRn   : [2026-09-11 04:17:27.896] [WiVRn] [info]     XR_EXT_active_action_set_priority (version 1)
09-11 04:17:27.896   895 12512 I WiVRn   : [2026-09-11 04:17:27.896] [WiVRn] [info]     XR_EXT_composition_layer_inverted_alpha (version 1)
09-11 04:17:27.896   895 12512 I WiVRn   : [2026-09-11 04:17:27.896] [WiVRn] [info]     XR_EXT_debug_utils (version 5)
09-11 04:17:27.896   895 12512 I WiVRn   : [2026-09-11 04:17:27.896] [WiVRn] [info]     XR_EXT_eye_gaze_interaction (version 2)
09-11 04:17:27.896   895 12512 I WiVRn   : [2026-09-11 04:17:27.896] [WiVRn] [info]     XR_EXT_frame_synthesis (version 1)
09-11 04:17:27.896   895 12512 I WiVRn   : [2026-09-11 04:17:27.896] [WiVRn] [info]     XR_EXT_hand_interaction (version 1)
09-11 04:17:27.896   895 12512 I WiVRn   : [2026-09-11 04:17:27.896] [WiVRn] [info]     XR_EXT_hand_tracking (version 4)
09-11 04:17:27.896   895 12512 I WiVRn   : [2026-09-11 04:17:27.896] [WiVRn] [info]     XR_EXT_local_floor (version 1)
09-11 04:17:27.896   895 12512 I WiVRn   : [2026-09-11 04:17:27.896] [WiVRn] [info]     XR_EXT_palm_pose (version 3)
09-11 04:17:27.896   895 12512 I WiVRn   : [2026-09-11 04:17:27.896] [WiVRn] [info]     XR_EXT_performance_settings (version 4)
09-11 04:17:27.896   895 12512 I WiVRn   : [2026-09-11 04:17:27.896] [WiVRn] [info]     XR_EXT_user_presence (version 1)
09-11 04:17:27.896   895 12512 I WiVRn   : [2026-09-11 04:17:27.896] [WiVRn] [info]     XR_EXT_uuid (version 1)
09-11 04:17:27.896   895 12512 I WiVRn   : [2026-09-11 04:17:27.896] [WiVRn] [info]     XR_EXT_view_configuration_depth_range (version 1)
09-11 04:17:27.896   895 12512 I WiVRn   : [2026-09-11 04:17:27.896] [WiVRn] [info]     XR_FB_composition_layer_alpha_blend (version 3)
09-11 04:17:27.896   895 12512 I WiVRn   : [2026-09-11 04:17:27.896] [WiVRn] [info]     XR_FB_composition_layer_image_layout (version 1)
09-11 04:17:27.896   895 12512 I WiVRn   : [2026-09-11 04:17:27.896] [WiVRn] [info]     XR_FB_composition_layer_secure_content (version 1)
09-11 04:17:27.896   895 12512 I WiVRn   : [2026-09-11 04:17:27.896] [WiVRn] [info]     XR_FB_composition_layer_settings (version 1)
09-11 04:17:27.896   895 12512 I WiVRn   : [2026-09-11 04:17:27.896] [WiVRn] [info]     XR_FB_display_refresh_rate (version 1)
09-11 04:17:27.896   895 12512 I WiVRn   : [2026-09-11 04:17:27.896] [WiVRn] [info]     XR_FB_foveation (version 1)
09-11 04:17:27.896   895 12512 I WiVRn   : [2026-09-11 04:17:27.896] [WiVRn] [info]     XR_FB_foveation_configuration (version 1)
09-11 04:17:27.896   895 12512 I WiVRn   : [2026-09-11 04:17:27.896] [WiVRn] [info]     XR_FB_foveation_vulkan (version 1)
09-11 04:17:27.896   895 12512 I WiVRn   : [2026-09-11 04:17:27.896] [WiVRn] [info]     XR_FB_passthrough (version 4)
09-11 04:17:27.896   895 12512 I WiVRn   : [2026-09-11 04:17:27.896] [WiVRn] [info]     XR_FB_space_warp (version 2)
09-11 04:17:27.896   895 12512 I WiVRn   : [2026-09-11 04:17:27.896] [WiVRn] [info]     XR_FB_swapchain_update_state (version 3)
09-11 04:17:27.896   895 12512 I WiVRn   : [2026-09-11 04:17:27.896] [WiVRn] [info]     XR_FB_swapchain_update_state_android_surface (version 1)
09-11 04:17:27.896   895 12512 I WiVRn   : [2026-09-11 04:17:27.896] [WiVRn] [info]     XR_FB_swapchain_update_state_opengl_es (version 1)
09-11 04:17:27.896   895 12512 I WiVRn   : [2026-09-11 04:17:27.896] [WiVRn] [info]     XR_FB_swapchain_update_state_vulkan (version 1)
09-11 04:17:27.896   895 12512 I WiVRn   : [2026-09-11 04:17:27.896] [WiVRn] [info]     XR_FB_triangle_mesh (version 2)
09-11 04:17:27.896   895 12512 I WiVRn   : [2026-09-11 04:17:27.896] [WiVRn] [info]     XR_KHR_android_create_instance (version 3)
09-11 04:17:27.896   895 12512 I WiVRn   : [2026-09-11 04:17:27.896] [WiVRn] [info]     XR_KHR_android_surface_swapchain (version 4)
09-11 04:17:27.896   895 12512 I WiVRn   : [2026-09-11 04:17:27.896] [WiVRn] [info]     XR_KHR_android_thread_settings (version 6)
09-11 04:17:27.896   895 12512 I WiVRn   : [2026-09-11 04:17:27.896] [WiVRn] [info]     XR_KHR_composition_layer_color_scale_bias (version 5)
09-11 04:17:27.896   895 12512 I WiVRn   : [2026-09-11 04:17:27.896] [WiVRn] [info]     XR_KHR_composition_layer_cube (version 8)
09-11 04:17:27.896   895 12512 I WiVRn   : [2026-09-11 04:17:27.896] [WiVRn] [info]     XR_KHR_composition_layer_cylinder (version 4)
09-11 04:17:27.896   895 12512 I WiVRn   : [2026-09-11 04:17:27.896] [WiVRn] [info]     XR_KHR_composition_layer_depth (version 6)
09-11 04:17:27.896   895 12512 I WiVRn   : [2026-09-11 04:17:27.896] [WiVRn] [info]     XR_KHR_composition_layer_equirect (version 3)
09-11 04:17:27.896   895 12512 I WiVRn   : [2026-09-11 04:17:27.896] [WiVRn] [info]     XR_KHR_composition_layer_equirect2 (version 1)
09-11 04:17:27.896   895 12512 I WiVRn   : [2026-09-11 04:17:27.896] [WiVRn] [info]     XR_KHR_convert_timespec_time (version 1)
09-11 04:17:27.896   895 12512 I WiVRn   : [2026-09-11 04:17:27.896] [WiVRn] [info]     XR_KHR_loader_init (version 2)
09-11 04:17:27.896   895 12512 I WiVRn   : [2026-09-11 04:17:27.896] [WiVRn] [info]     XR_KHR_loader_init_android (version 1)
09-11 04:17:27.896   895 12512 I WiVRn   : [2026-09-11 04:17:27.896] [WiVRn] [info]     XR_KHR_locate_spaces (version 1)
09-11 04:17:27.896   895 12512 I WiVRn   : [2026-09-11 04:17:27.896] [WiVRn] [info]     XR_KHR_maintenance1 (version 1)
09-11 04:17:27.896   895 12512 I WiVRn   : [2026-09-11 04:17:27.896] [WiVRn] [info]     XR_KHR_opengl_es_enable (version 8)
09-11 04:17:27.896   895 12512 I WiVRn   : [2026-09-11 04:17:27.896] [WiVRn] [info]     XR_KHR_vulkan_enable (version 8)
09-11 04:17:27.896   895 12512 I WiVRn   : [2026-09-11 04:17:27.896] [WiVRn] [info]     XR_KHR_vulkan_enable2 (version 2)
09-11 04:17:27.896   895 12512 I WiVRn   : [2026-09-11 04:17:27.896] [WiVRn] [info]     XR_KHR_vulkan_swapchain_format_list (version 5)
09-11 04:17:27.896   895 12512 I WiVRn   : [2026-09-11 04:17:27.896] [WiVRn] [info]     XR_META_foveation_eye_tracked (version 1)
09-11 04:17:27.896   895 12512 I WiVRn   : [2026-09-11 04:17:27.896] [WiVRn] [info]     XR_META_vulkan_swapchain_create_info (version 1)
09-11 04:17:27.896   895 12512 I WiVRn   : [2026-09-11 04:17:27.896] [WiVRn] [info]     XR_MND_headless (version 2)
09-11 04:17:27.896   895 12512 I WiVRn   : [2026-09-11 04:17:27.896] [WiVRn] [info]     XR_MSFT_composition_layer_reprojection (version 1)
09-11 04:17:27.896   895 12512 I WiVRn   : [2026-09-11 04:17:27.896] [WiVRn] [info] Performance APIs: XR_EXT_performance_settings = available, vendor power/performance extensions = none
09-11 04:17:27.980   895   895 I WiVRn   : [2026-09-11 04:17:27.980] [WiVRn] [info] [pointer_capture] requestPointerCapture() invoked successfully
09-11 04:17:28.060   895 12512 I WiVRn   : [2026-09-11 04:17:28.060] [WiVRn] [info] Using OpenXR extensions:
09-11 04:17:28.060   895 12512 I WiVRn   : [2026-09-11 04:17:28.060] [WiVRn] [info]     XR_KHR_convert_timespec_time
09-11 04:17:28.060   895 12512 I WiVRn   : [2026-09-11 04:17:28.060] [WiVRn] [info]     XR_BD_body_tracking
09-11 04:17:28.060   895 12512 I WiVRn   : [2026-09-11 04:17:28.060] [WiVRn] [info]     XR_BD_controller_interaction
09-11 04:17:28.060   895 12512 I WiVRn   : [2026-09-11 04:17:28.060] [WiVRn] [info]     XR_EXT_eye_gaze_interaction
09-11 04:17:28.060   895 12512 I WiVRn   : [2026-09-11 04:17:28.060] [WiVRn] [info]     XR_EXT_hand_interaction
09-11 04:17:28.060   895 12512 I WiVRn   : [2026-09-11 04:17:28.060] [WiVRn] [info]     XR_EXT_hand_tracking
09-11 04:17:28.060   895 12512 I WiVRn   : [2026-09-11 04:17:28.060] [WiVRn] [info]     XR_EXT_performance_settings
09-11 04:17:28.060   895 12512 I WiVRn   : [2026-09-11 04:17:28.060] [WiVRn] [info]     XR_EXT_user_presence
09-11 04:17:28.060   895 12512 I WiVRn   : [2026-09-11 04:17:28.060] [WiVRn] [info]     XR_FB_composition_layer_settings
09-11 04:17:28.060   895 12512 I WiVRn   : [2026-09-11 04:17:28.060] [WiVRn] [info]     XR_FB_display_refresh_rate
09-11 04:17:28.060   895 12512 I WiVRn   : [2026-09-11 04:17:28.060] [WiVRn] [info]     XR_FB_passthrough
09-11 04:17:28.060   895 12512 I WiVRn   : [2026-09-11 04:17:28.060] [WiVRn] [info]     XR_FB_swapchain_update_state
09-11 04:17:28.060   895 12512 I WiVRn   : [2026-09-11 04:17:28.060] [WiVRn] [info]     XR_KHR_composition_layer_color_scale_bias
09-11 04:17:28.060   895 12512 I WiVRn   : [2026-09-11 04:17:28.060] [WiVRn] [info]     XR_KHR_composition_layer_depth
09-11 04:17:28.060   895 12512 I WiVRn   : [2026-09-11 04:17:28.060] [WiVRn] [info]     XR_KHR_vulkan_swapchain_format_list
09-11 04:17:28.060   895 12512 I WiVRn   : [2026-09-11 04:17:28.060] [WiVRn] [info]     XR_EXT_palm_pose
09-11 04:17:28.060   895 12512 I WiVRn   : [2026-09-11 04:17:28.060] [WiVRn] [info]     XR_KHR_locate_spaces
09-11 04:17:28.060   895 12512 I WiVRn   : [2026-09-11 04:17:28.060] [WiVRn] [info]     XR_KHR_vulkan_enable2
09-11 04:17:28.060   895 12512 I WiVRn   : [2026-09-11 04:17:28.060] [WiVRn] [info]     XR_KHR_android_create_instance
09-11 04:17:28.060   895 12512 I WiVRn   : [2026-09-11 04:17:28.060] [WiVRn] [info]     XR_ML_ml2_controller_interaction
09-11 04:17:28.060   895 12512 I WiVRn   : [2026-09-11 04:17:28.060] [WiVRn] [info]     XR_HTC_vive_cosmos_controller_interaction
09-11 04:17:28.060   895 12512 I WiVRn   : [2026-09-11 04:17:28.060] [WiVRn] [info]     XR_EXT_uuid
09-11 04:17:28.060   895 12512 I WiVRn   : [2026-09-11 04:17:28.060] [WiVRn] [info]     XR_EXT_local_floor
09-11 04:17:28.060   895 12512 I WiVRn   : [2026-09-11 04:17:28.060] [WiVRn] [info]     XR_KHR_locate_spaces
09-11 04:17:28.060   895 12512 I WiVRn   : [2026-09-11 04:17:28.060] [WiVRn] [info]     XR_EXT_samsung_odyssey_controller
09-11 04:17:28.060   895 12512 I WiVRn   : [2026-09-11 04:17:28.060] [WiVRn] [info]     XR_EXT_palm_pose
09-11 04:17:28.060   895 12512 I WiVRn   : [2026-09-11 04:17:28.060] [WiVRn] [info]     XR_HTC_vive_focus3_controller_interaction
09-11 04:17:28.060   895 12512 I WiVRn   : [2026-09-11 04:17:28.060] [WiVRn] [info]     XR_EXT_hp_mixed_reality_controller
09-11 04:17:28.060   895 12512 I WiVRn   : [2026-09-11 04:17:28.060] [WiVRn] [info]     XR_KHR_maintenance1
09-11 04:17:28.060   895 12512 I WiVRn   : [2026-09-11 04:17:28.060] [WiVRn] [info]     XR_VARJO_quad_views
09-11 04:17:28.060   895 12512 I WiVRn   : [2026-09-11 04:17:28.060] [WiVRn] [info]     XR_BD_controller_interaction
09-11 04:17:28.060   895 12512 I WiVRn   : [2026-09-11 04:17:28.060] [WiVRn] [info] Created OpenXR instance, runtime Pico(XRT) by Pico et al '99d719953', version 3.0.1, API version 1.1.58
09-11 04:17:28.076   895 12512 I WiVRn   : [2026-09-11 04:17:28.076] [WiVRn] [info] Created OpenXR system for form factor XR_FORM_FACTOR_HEAD_MOUNTED_DISPLAY
09-11 04:17:28.076   895 12512 I WiVRn   : [2026-09-11 04:17:28.076] [WiVRn] [info] OpenXR system properties:
09-11 04:17:28.076   895 12512 I WiVRn   : [2026-09-11 04:17:28.076] [WiVRn] [info]     Vendor ID: 0x2a
09-11 04:17:28.076   895 12512 I WiVRn   : [2026-09-11 04:17:28.076] [WiVRn] [info]     System name: PICO 4 HMD
09-11 04:17:28.076   895 12512 I WiVRn   : [2026-09-11 04:17:28.076] [WiVRn] [info]     Graphics properties:
09-11 04:17:28.076   895 12512 I WiVRn   : [2026-09-11 04:17:28.076] [WiVRn] [info]         Maximum swapchain image size: 16384x16384
09-11 04:17:28.076   895 12512 I WiVRn   : [2026-09-11 04:17:28.076] [WiVRn] [info]         Maximum layer count: 16
09-11 04:17:28.076   895 12512 I WiVRn   : [2026-09-11 04:17:28.076] [WiVRn] [info]     Tracking properties:
09-11 04:17:28.076   895 12512 I WiVRn   : [2026-09-11 04:17:28.076] [WiVRn] [info]         Orientation tracking: true
09-11 04:17:28.076   895 12512 I WiVRn   : [2026-09-11 04:17:28.076] [WiVRn] [info]         Position tracking: true
09-11 04:17:28.076   895 12512 I WiVRn   : [2026-09-11 04:17:28.076] [WiVRn] [info]     Hand tracking support: true
09-11 04:17:28.076   895 12512 I WiVRn   : [2026-09-11 04:17:28.076] [WiVRn] [info]     Eye gaze support: false
09-11 04:17:28.076   895 12512 I WiVRn   : [2026-09-11 04:17:28.076] [WiVRn] [info]     OpenXR post-processing extension support: true
09-11 04:17:28.076   895 12512 I WiVRn   : [2026-09-11 04:17:28.076] [WiVRn] [info]     Passthrough: color
09-11 04:17:28.076   895 12512 I WiVRn   : [2026-09-11 04:17:28.076] [WiVRn] [info]     Face tracker: none
09-11 04:17:28.076   895 12512 I WiVRn   : [2026-09-11 04:17:28.076] [WiVRn] [info]     Body tracker: pico
09-11 04:17:28.076   895 12512 I WiVRn   : [2026-09-11 04:17:28.076] [WiVRn] [info] View configuration XR_VIEW_CONFIGURATION_TYPE_PRIMARY_STEREO
09-11 04:17:28.076   895 12512 I WiVRn   : [2026-09-11 04:17:28.076] [WiVRn] [info]     fovMutable: false
09-11 04:17:28.076   895 12512 I WiVRn   : [2026-09-11 04:17:28.076] [WiVRn] [info]     View 1:
09-11 04:17:28.076   895 12512 I WiVRn   : [2026-09-11 04:17:28.076] [WiVRn] [info]         Recommended: 1504x1504, 1 sample(s)
09-11 04:17:28.076   895 12512 I WiVRn   : [2026-09-11 04:17:28.076] [WiVRn] [info]         Maximum:     2560x2560, 1 sample(s)
09-11 04:17:28.076   895 12512 I WiVRn   : [2026-09-11 04:17:28.076] [WiVRn] [info]     View 2:
09-11 04:17:28.076   895 12512 I WiVRn   : [2026-09-11 04:17:28.076] [WiVRn] [info]         Recommended: 1504x1504, 1 sample(s)
09-11 04:17:28.076   895 12512 I WiVRn   : [2026-09-11 04:17:28.076] [WiVRn] [info]         Maximum:     2560x2560, 1 sample(s)
09-11 04:17:28.076   895 12512 I WiVRn   : [2026-09-11 04:17:28.076] [WiVRn] [info]     Blend mode: XR_ENVIRONMENT_BLEND_MODE_OPAQUE
09-11 04:17:28.076   895 12512 I WiVRn   : [2026-09-11 04:17:28.076] [WiVRn] [info]     Blend mode: XR_ENVIRONMENT_BLEND_MODE_ALPHA_BLEND
09-11 04:17:28.076   895 12512 I WiVRn   : [2026-09-11 04:17:28.076] [WiVRn] [info] OpenXR runtime wants Vulkan 1.0.0
09-11 04:17:28.076   895 12512 I WiVRn   : [2026-09-11 04:17:28.076] [WiVRn] [info] Requesting Vulkan 1.1.0
09-11 04:17:28.076   895 12512 I WiVRn   : [2026-09-11 04:17:28.076] [WiVRn] [info] Available Vulkan layers:
09-11 04:17:28.078   895 12512 I WiVRn   : [2026-09-11 04:17:28.078] [WiVRn] [info] Available Vulkan instance extensions:
09-11 04:17:28.078   895 12512 I WiVRn   : [2026-09-11 04:17:28.078] [WiVRn] [info]     VK_EXT_debug_report (version 9)
09-11 04:17:28.078   895 12512 I WiVRn   : [2026-09-11 04:17:28.078] [WiVRn] [info]     VK_EXT_debug_utils (version 2)
09-11 04:17:28.078   895 12512 I WiVRn   : [2026-09-11 04:17:28.078] [WiVRn] [info]     VK_EXT_swapchain_colorspace (version 3)
09-11 04:17:28.078   895 12512 I WiVRn   : [2026-09-11 04:17:28.078] [WiVRn] [info]     VK_KHR_android_surface (version 6)
09-11 04:17:28.078   895 12512 I WiVRn   : [2026-09-11 04:17:28.078] [WiVRn] [info]     VK_KHR_device_group_creation (version 1)
09-11 04:17:28.078   895 12512 I WiVRn   : [2026-09-11 04:17:28.078] [WiVRn] [info]     VK_KHR_external_fence_capabilities (version 1)
09-11 04:17:28.078   895 12512 I WiVRn   : [2026-09-11 04:17:28.078] [WiVRn] [info]     VK_KHR_external_memory_capabilities (version 1)
09-11 04:17:28.078   895 12512 I WiVRn   : [2026-09-11 04:17:28.078] [WiVRn] [info]     VK_KHR_external_semaphore_capabilities (version 1)
09-11 04:17:28.078   895 12512 I WiVRn   : [2026-09-11 04:17:28.078] [WiVRn] [info]     VK_KHR_get_physical_device_properties2 (version 1)
09-11 04:17:28.078   895 12512 I WiVRn   : [2026-09-11 04:17:28.078] [WiVRn] [info]     VK_KHR_get_surface_capabilities2 (version 1)
09-11 04:17:28.078   895 12512 I WiVRn   : [2026-09-11 04:17:28.078] [WiVRn] [info]     VK_KHR_surface (version 25)
09-11 04:17:28.087   895 12512 I WiVRn   : [2026-09-11 04:17:28.087] [WiVRn] [info] Available Vulkan device extensions:
09-11 04:17:28.087   895 12512 I WiVRn   : [2026-09-11 04:17:28.087] [WiVRn] [info]     VK_ANDROID_external_memory_android_hardware_buffer (version 3)
09-11 04:17:28.087   895 12512 I WiVRn   : [2026-09-11 04:17:28.087] [WiVRn] [info]     VK_EXT_astc_decode_mode (version 1)
09-11 04:17:28.087   895 12512 I WiVRn   : [2026-09-11 04:17:28.087] [WiVRn] [info]     VK_EXT_blend_operation_advanced (version 1)
09-11 04:17:28.087   895 12512 I WiVRn   : [2026-09-11 04:17:28.087] [WiVRn] [info]     VK_EXT_custom_border_color (version 12)
09-11 04:17:28.087   895 12512 I WiVRn   : [2026-09-11 04:17:28.087] [WiVRn] [info]     VK_EXT_depth_clip_enable (version 1)
09-11 04:17:28.087   895 12512 I WiVRn   : [2026-09-11 04:17:28.087] [WiVRn] [info]     VK_EXT_descriptor_indexing (version 2)
09-11 04:17:28.087   895 12512 I WiVRn   : [2026-09-11 04:17:28.087] [WiVRn] [info]     VK_EXT_device_fault (version 1)
09-11 04:17:28.087   895 12512 I WiVRn   : [2026-09-11 04:17:28.087] [WiVRn] [info]     VK_EXT_device_memory_report (version 2)
09-11 04:17:28.087   895 12512 I WiVRn   : [2026-09-11 04:17:28.087] [WiVRn] [info]     VK_EXT_extended_dynamic_state (version 1)
09-11 04:17:28.087   895 12512 I WiVRn   : [2026-09-11 04:17:28.087] [WiVRn] [info]     VK_EXT_filter_cubic (version 3)
09-11 04:17:28.087   895 12512 I WiVRn   : [2026-09-11 04:17:28.087] [WiVRn] [info]     VK_EXT_fragment_density_map (version 1)
09-11 04:17:28.087   895 12512 I WiVRn   : [2026-09-11 04:17:28.087] [WiVRn] [info]     VK_EXT_fragment_density_map2 (version 1)
09-11 04:17:28.087   895 12512 I WiVRn   : [2026-09-11 04:17:28.087] [WiVRn] [info]     VK_EXT_global_priority (version 2)
09-11 04:17:28.087   895 12512 I WiVRn   : [2026-09-11 04:17:28.087] [WiVRn] [info]     VK_EXT_global_priority_query (version 1)
09-11 04:17:28.087   895 12512 I WiVRn   : [2026-09-11 04:17:28.087] [WiVRn] [info]     VK_EXT_hdr_metadata (version 1)
09-11 04:17:28.087   895 12512 I WiVRn   : [2026-09-11 04:17:28.087] [WiVRn] [info]     VK_EXT_host_query_reset (version 1)
09-11 04:17:28.087   895 12512 I WiVRn   : [2026-09-11 04:17:28.087] [WiVRn] [info]     VK_EXT_image_robustness (version 1)
09-11 04:17:28.087   895 12512 I WiVRn   : [2026-09-11 04:17:28.087] [WiVRn] [info]     VK_EXT_index_type_uint8 (version 1)
09-11 04:17:28.087   895 12512 I WiVRn   : [2026-09-11 04:17:28.087] [WiVRn] [info]     VK_EXT_line_rasterization (version 1)
09-11 04:17:28.087   895 12512 I WiVRn   : [2026-09-11 04:17:28.087] [WiVRn] [info]     VK_EXT_pipeline_creation_cache_control (version 1)
09-11 04:17:28.087   895 12512 I WiVRn   : [2026-09-11 04:17:28.087] [WiVRn] [info]     VK_EXT_pipeline_creation_feedback (version 1)
09-11 04:17:28.087   895 12512 I WiVRn   : [2026-09-11 04:17:28.087] [WiVRn] [info]     VK_EXT_primitive_topology_list_restart (version 2)
09-11 04:17:28.087   895 12512 I WiVRn   : [2026-09-11 04:17:28.087] [WiVRn] [info]     VK_EXT_private_data (version 1)
09-11 04:17:28.087   895 12512 I WiVRn   : [2026-09-11 04:17:28.087] [WiVRn] [info]     VK_EXT_provoking_vertex (version 1)
09-11 04:17:28.087   895 12512 I WiVRn   : [2026-09-11 04:17:28.087] [WiVRn] [info]     VK_EXT_queue_family_foreign (version 1)
09-11 04:17:28.087   895 12512 I WiVRn   : [2026-09-11 04:17:28.087] [WiVRn] [info]     VK_EXT_robustness2 (version 1)
09-11 04:17:28.087   895 12512 I WiVRn   : [2026-09-11 04:17:28.087] [WiVRn] [info]     VK_EXT_sample_locations (version 1)
09-11 04:17:28.087   895 12512 I WiVRn   : [2026-09-11 04:17:28.087] [WiVRn] [info]     VK_EXT_sampler_filter_minmax (version 1)
09-11 04:17:28.087   895 12512 I WiVRn   : [2026-09-11 04:17:28.087] [WiVRn] [info]     VK_EXT_scalar_block_layout (version 1)
09-11 04:17:28.087   895 12512 I WiVRn   : [2026-09-11 04:17:28.087] [WiVRn] [info]     VK_EXT_separate_stencil_usage (version 1)
09-11 04:17:28.087   895 12512 I WiVRn   : [2026-09-11 04:17:28.087] [WiVRn] [info]     VK_EXT_shader_demote_to_helper_invocation (version 1)
09-11 04:17:28.087   895 12512 I WiVRn   : [2026-09-11 04:17:28.087] [WiVRn] [info]     VK_EXT_subgroup_size_control (version 2)
09-11 04:17:28.087   895 12512 I WiVRn   : [2026-09-11 04:17:28.087] [WiVRn] [info]     VK_EXT_texture_compression_astc_hdr (version 1)
09-11 04:17:28.087   895 12512 I WiVRn   : [2026-09-11 04:17:28.087] [WiVRn] [info]     VK_EXT_transform_feedback (version 1)
09-11 04:17:28.087   895 12512 I WiVRn   : [2026-09-11 04:17:28.087] [WiVRn] [info]     VK_EXT_vertex_attribute_divisor (version 3)
09-11 04:17:28.087   895 12512 I WiVRn   : [2026-09-11 04:17:28.087] [WiVRn] [info]     VK_EXT_vertex_input_dynamic_state (version 2)
09-11 04:17:28.087   895 12512 I WiVRn   : [2026-09-11 04:17:28.087] [WiVRn] [info]     VK_GOOGLE_display_timing (version 1)
09-11 04:17:28.087   895 12512 I WiVRn   : [2026-09-11 04:17:28.087] [WiVRn] [info]     VK_IMG_filter_cubic (version 1)
09-11 04:17:28.087   895 12512 I WiVRn   : [2026-09-11 04:17:28.087] [WiVRn] [info]     VK_KHR_16bit_storage (version 1)
09-11 04:17:28.087   895 12512 I WiVRn   : [2026-09-11 04:17:28.087] [WiVRn] [info]     VK_KHR_bind_memory2 (version 1)
09-11 04:17:28.087   895 12512 I WiVRn   : [2026-09-11 04:17:28.087] [WiVRn] [info]     VK_KHR_buffer_device_address (version 1)
09-11 04:17:28.087   895 12512 I WiVRn   : [2026-09-11 04:17:28.087] [WiVRn] [info]     VK_KHR_create_renderpass2 (version 1)
09-11 04:17:28.087   895 12512 I WiVRn   : [2026-09-11 04:17:28.087] [WiVRn] [info]     VK_KHR_dedicated_allocation (version 1)
09-11 04:17:28.087   895 12512 I WiVRn   : [2026-09-11 04:17:28.087] [WiVRn] [info]     VK_KHR_depth_stencil_resolve (version 1)
09-11 04:17:28.087   895 12512 I WiVRn   : [2026-09-11 04:17:28.087] [WiVRn] [info]     VK_KHR_descriptor_update_template (version 1)
09-11 04:17:28.087   895 12512 I WiVRn   : [2026-09-11 04:17:28.087] [WiVRn] [info]     VK_KHR_device_group (version 2)
09-11 04:17:28.087   895 12512 I WiVRn   : [2026-09-11 04:17:28.087] [WiVRn] [info]     VK_KHR_draw_indirect_count (version 1)
09-11 04:17:28.087   895 12512 I WiVRn   : [2026-09-11 04:17:28.087] [WiVRn] [info]     VK_KHR_driver_properties (version 1)
09-11 04:17:28.087   895 12512 I WiVRn   : [2026-09-11 04:17:28.087] [WiVRn] [info]     VK_KHR_external_fence (version 1)
09-11 04:17:28.087   895 12512 I WiVRn   : [2026-09-11 04:17:28.087] [WiVRn] [info]     VK_KHR_external_fence_fd (version 1)
09-11 04:17:28.087   895 12512 I WiVRn   : [2026-09-11 04:17:28.087] [WiVRn] [info]     VK_KHR_external_memory (version 1)
09-11 04:17:28.087   895 12512 I WiVRn   : [2026-09-11 04:17:28.087] [WiVRn] [info]     VK_KHR_external_memory_fd (version 1)
09-11 04:17:28.087   895 12512 I WiVRn   : [2026-09-11 04:17:28.087] [WiVRn] [info]     VK_KHR_external_semaphore (version 1)
09-11 04:17:28.087   895 12512 I WiVRn   : [2026-09-11 04:17:28.087] [WiVRn] [info]     VK_KHR_external_semaphore_fd (version 1)
09-11 04:17:28.087   895 12512 I WiVRn   : [2026-09-11 04:17:28.087] [WiVRn] [info]     VK_KHR_get_memory_requirements2 (version 1)
09-11 04:17:28.087   895 12512 I WiVRn   : [2026-09-11 04:17:28.087] [WiVRn] [info]     VK_KHR_image_format_list (version 1)
09-11 04:17:28.087   895 12512 I WiVRn   : [2026-09-11 04:17:28.087] [WiVRn] [info]     VK_KHR_imageless_framebuffer (version 1)
09-11 04:17:28.087   895 12512 I WiVRn   : [2026-09-11 04:17:28.087] [WiVRn] [info]     VK_KHR_incremental_present (version 1)
09-11 04:17:28.087   895 12512 I WiVRn   : [2026-09-11 04:17:28.087] [WiVRn] [info]     VK_KHR_maintenance1 (version 1)
09-11 04:17:28.087   895 12512 I WiVRn   : [2026-09-11 04:17:28.087] [WiVRn] [info]     VK_KHR_maintenance2 (version 1)
09-11 04:17:28.087   895 12512 I WiVRn   : [2026-09-11 04:17:28.087] [WiVRn] [info]     VK_KHR_maintenance3 (version 1)
09-11 04:17:28.087   895 12512 I WiVRn   : [2026-09-11 04:17:28.087] [WiVRn] [info]     VK_KHR_multiview (version 1)
09-11 04:17:28.087   895 12512 I WiVRn   : [2026-09-11 04:17:28.087] [WiVRn] [info]     VK_KHR_pipeline_executable_properties (version 1)
09-11 04:17:28.087   895 12512 I WiVRn   : [2026-09-11 04:17:28.087] [WiVRn] [info]     VK_KHR_push_descriptor (version 1)
09-11 04:17:28.087   895 12512 I WiVRn   : [2026-09-11 04:17:28.087] [WiVRn] [info]     VK_KHR_relaxed_block_layout (version 1)
09-11 04:17:28.087   895 12512 I WiVRn   : [2026-09-11 04:17:28.087] [WiVRn] [info]     VK_KHR_sampler_mirror_clamp_to_edge (version 1)
09-11 04:17:28.087   895 12512 I WiVRn   : [2026-09-11 04:17:28.087] [WiVRn] [info]     VK_KHR_sampler_ycbcr_conversion (version 1)
09-11 04:17:28.087   895 12512 I WiVRn   : [2026-09-11 04:17:28.087] [WiVRn] [info]     VK_KHR_separate_depth_stencil_layouts (version 1)
09-11 04:17:28.087   895 12512 I WiVRn   : [2026-09-11 04:17:28.087] [WiVRn] [info]     VK_KHR_shader_draw_parameters (version 1)
09-11 04:17:28.087   895 12512 I WiVRn   : [2026-09-11 04:17:28.087] [WiVRn] [info]     VK_KHR_shader_float16_int8 (version 1)
09-11 04:17:28.087   895 12512 I WiVRn   : [2026-09-11 04:17:28.087] [WiVRn] [info]     VK_KHR_shader_float_controls (version 4)
09-11 04:17:28.087   895 12512 I WiVRn   : [2026-09-11 04:17:28.087] [WiVRn] [info]     VK_KHR_shader_non_semantic_info (version 1)
09-11 04:17:28.087   895 12512 I WiVRn   : [2026-09-11 04:17:28.087] [WiVRn] [info]     VK_KHR_shared_presentable_image (version 1)
09-11 04:17:28.087   895 12512 I WiVRn   : [2026-09-11 04:17:28.087] [WiVRn] [info]     VK_KHR_spirv_1_4 (version 1)
09-11 04:17:28.087   895 12512 I WiVRn   : [2026-09-11 04:17:28.087] [WiVRn] [info]     VK_KHR_storage_buffer_storage_class (version 1)
09-11 04:17:28.087   895 12512 I WiVRn   : [2026-09-11 04:17:28.087] [WiVRn] [info]     VK_KHR_swapchain (version 70)
09-11 04:17:28.087   895 12512 I WiVRn   : [2026-09-11 04:17:28.087] [WiVRn] [info]     VK_KHR_timeline_semaphore (version 2)
09-11 04:17:28.087   895 12512 I WiVRn   : [2026-09-11 04:17:28.087] [WiVRn] [info]     VK_KHR_variable_pointers (version 1)
09-11 04:17:28.087   895 12512 I WiVRn   : [2026-09-11 04:17:28.087] [WiVRn] [info]     VK_KHR_vulkan_memory_model (version 3)
09-11 04:17:28.087   895 12512 I WiVRn   : [2026-09-11 04:17:28.087] [WiVRn] [info]     VK_QCOM_fragment_density_map_offset (version 1)
09-11 04:17:28.087   895 12512 I WiVRn   : [2026-09-11 04:17:28.087] [WiVRn] [info]     VK_QCOM_render_pass_shader_resolve (version 4)
09-11 04:17:28.087   895 12512 I WiVRn   : [2026-09-11 04:17:28.087] [WiVRn] [info]     VK_QCOM_render_pass_store_ops (version 2)
09-11 04:17:28.087   895 12512 I WiVRn   : [2026-09-11 04:17:28.087] [WiVRn] [info]     VK_QCOM_render_pass_transform (version 3)
09-11 04:17:28.087   895 12512 I WiVRn   : [2026-09-11 04:17:28.087] [WiVRn] [info]     VK_QCOM_tile_properties (version 1)
09-11 04:17:28.087   895 12512 I WiVRn   : [2026-09-11 04:17:28.087] [WiVRn] [info] Initializing Vulkan with device Adreno (TM) 650
09-11 04:17:28.087   895 12512 I WiVRn   : [2026-09-11 04:17:28.087] [WiVRn] [info]     Vendor ID: 0x5143
09-11 04:17:28.087   895 12512 I WiVRn   : [2026-09-11 04:17:28.087] [WiVRn] [info]     Device ID: 0x6050002
09-11 04:17:28.087   895 12512 I WiVRn   : [2026-09-11 04:17:28.087] [WiVRn] [info]     Driver version: 512.682.0
09-11 04:17:28.087   895 12512 I WiVRn   : [2026-09-11 04:17:28.087] [WiVRn] [info]     maxPushConstantsSize: 128 bytes
09-11 04:17:28.087   895 12512 I WiVRn   : [2026-09-11 04:17:28.087] [WiVRn] [info] NX queue priorities: render 0 decode 1 / 1 (3 queues)
09-11 04:17:28.087   895 12512 I WiVRn   : [2026-09-11 04:17:28.087] [WiVRn] [info] Vulkan fragment density map enabled
09-11 04:17:28.089   895 12512 I WiVRn   : [2026-09-11 04:17:28.089] [WiVRn] [info]     queue family 0 has 3 queues; decoding on queue 1 and queue 2 (one per eye)
09-11 04:17:28.115   895 12512 I WiVRn   : [2026-09-11 04:17:28.115] [WiVRn] [info] 4 reference spaces
09-11 04:17:28.115   895 12512 I WiVRn   : [2026-09-11 04:17:28.115] [WiVRn] [info]     XR_REFERENCE_SPACE_TYPE_VIEW
09-11 04:17:28.115   895 12512 I WiVRn   : [2026-09-11 04:17:28.115] [WiVRn] [info]     XR_REFERENCE_SPACE_TYPE_LOCAL
09-11 04:17:28.115   895 12512 I WiVRn   : [2026-09-11 04:17:28.115] [WiVRn] [info]     XR_REFERENCE_SPACE_TYPE_STAGE
09-11 04:17:28.115   895 12512 I WiVRn   : [2026-09-11 04:17:28.115] [WiVRn] [info]     XR_REFERENCE_SPACE_TYPE_LOCAL_FLOOR
09-11 04:17:28.115   895 12512 I WiVRn   : [2026-09-11 04:17:28.115] [WiVRn] [info] Adding grip_surface/pose for interaction profile /interaction_profiles/khr/simple_controller
09-11 04:17:28.115   895 12512 I WiVRn   : [2026-09-11 04:17:28.115] [WiVRn] [info] Adding pinch_ext/pose for interaction profile /interaction_profiles/khr/simple_controller
09-11 04:17:28.115   895 12512 I WiVRn   : [2026-09-11 04:17:28.115] [WiVRn] [info] Adding poke_ext/pose for interaction profile /interaction_profiles/khr/simple_controller
09-11 04:17:28.115   895 12512 I WiVRn   : [2026-09-11 04:17:28.115] [WiVRn] [info] Adding grip_surface/pose for interaction profile /interaction_profiles/oculus/touch_controller
09-11 04:17:28.115   895 12512 I WiVRn   : [2026-09-11 04:17:28.115] [WiVRn] [info] Adding pinch_ext/pose for interaction profile /interaction_profiles/oculus/touch_controller
09-11 04:17:28.115   895 12512 I WiVRn   : [2026-09-11 04:17:28.115] [WiVRn] [info] Adding poke_ext/pose for interaction profile /interaction_profiles/oculus/touch_controller
09-11 04:17:28.115   895 12512 I WiVRn   : [2026-09-11 04:17:28.115] [WiVRn] [info] Adding grip_surface/pose for interaction profile /interaction_profiles/meta/touch_pro_controller
09-11 04:17:28.115   895 12512 I WiVRn   : [2026-09-11 04:17:28.115] [WiVRn] [info] Adding pinch_ext/pose for interaction profile /interaction_profiles/meta/touch_pro_controller
09-11 04:17:28.115   895 12512 I WiVRn   : [2026-09-11 04:17:28.115] [WiVRn] [info] Adding poke_ext/pose for interaction profile /interaction_profiles/meta/touch_pro_controller
09-11 04:17:28.115   895 12512 I WiVRn   : [2026-09-11 04:17:28.115] [WiVRn] [info] Adding grip_surface/pose for interaction profile /interaction_profiles/meta/touch_plus_controller
09-11 04:17:28.115   895 12512 I WiVRn   : [2026-09-11 04:17:28.115] [WiVRn] [info] Adding pinch_ext/pose for interaction profile /interaction_profiles/meta/touch_plus_controller
09-11 04:17:28.115   895 12512 I WiVRn   : [2026-09-11 04:17:28.115] [WiVRn] [info] Adding poke_ext/pose for interaction profile /interaction_profiles/meta/touch_plus_controller
09-11 04:17:28.115   895 12512 I WiVRn   : [2026-09-11 04:17:28.115] [WiVRn] [info] Adding grip_surface/pose for interaction profile /interaction_profiles/bytedance/pico_neo3_controller
09-11 04:17:28.115   895 12512 I WiVRn   : [2026-09-11 04:17:28.115] [WiVRn] [info] Adding pinch_ext/pose for interaction profile /interaction_profiles/bytedance/pico_neo3_controller
09-11 04:17:28.115   895 12512 I WiVRn   : [2026-09-11 04:17:28.115] [WiVRn] [info] Adding poke_ext/pose for interaction profile /interaction_profiles/bytedance/pico_neo3_controller
09-11 04:17:28.115   895 12512 I WiVRn   : [2026-09-11 04:17:28.115] [WiVRn] [info] Adding grip_surface/pose for interaction profile /interaction_profiles/bytedance/pico4_controller
09-11 04:17:28.115   895 12512 I WiVRn   : [2026-09-11 04:17:28.115] [WiVRn] [info] Adding pinch_ext/pose for interaction profile /interaction_profiles/bytedance/pico4_controller
09-11 04:17:28.115   895 12512 I WiVRn   : [2026-09-11 04:17:28.115] [WiVRn] [info] Adding poke_ext/pose for interaction profile /interaction_profiles/bytedance/pico4_controller
09-11 04:17:28.115   895 12512 I WiVRn   : [2026-09-11 04:17:28.115] [WiVRn] [info] Adding grip_surface/pose for interaction profile /interaction_profiles/bytedance/pico4s_controller
09-11 04:17:28.115   895 12512 I WiVRn   : [2026-09-11 04:17:28.115] [WiVRn] [info] Adding pinch_ext/pose for interaction profile /interaction_profiles/bytedance/pico4s_controller
09-11 04:17:28.115   895 12512 I WiVRn   : [2026-09-11 04:17:28.115] [WiVRn] [info] Adding poke_ext/pose for interaction profile /interaction_profiles/bytedance/pico4s_controller
09-11 04:17:28.115   895 12512 I WiVRn   : [2026-09-11 04:17:28.115] [WiVRn] [info] Adding grip_surface/pose for interaction profile /interaction_profiles/yvr/touch_controller_yvr
09-11 04:17:28.115   895 12512 I WiVRn   : [2026-09-11 04:17:28.115] [WiVRn] [info] Adding pinch_ext/pose for interaction profile /interaction_profiles/yvr/touch_controller_yvr
09-11 04:17:28.115   895 12512 I WiVRn   : [2026-09-11 04:17:28.115] [WiVRn] [info] Adding poke_ext/pose for interaction profile /interaction_profiles/yvr/touch_controller_yvr
09-11 04:17:28.115   895 12512 I WiVRn   : [2026-09-11 04:17:28.115] [WiVRn] [info] Adding grip_surface/pose for interaction profile /interaction_profiles/htc/vive_focus3_controller
09-11 04:17:28.115   895 12512 I WiVRn   : [2026-09-11 04:17:28.115] [WiVRn] [info] Adding pinch_ext/pose for interaction profile /interaction_profiles/htc/vive_focus3_controller
09-11 04:17:28.115   895 12512 I WiVRn   : [2026-09-11 04:17:28.115] [WiVRn] [info] Adding poke_ext/pose for interaction profile /interaction_profiles/htc/vive_focus3_controller
09-11 04:17:28.115   895 12512 I WiVRn   : [2026-09-11 04:17:28.115] [WiVRn] [info] Adding grip_surface/pose for interaction profile /interaction_profiles/ext/hand_interaction_ext
09-11 04:17:28.120   895 12512 I WiVRn   : [2026-09-11 04:17:28.120] [WiVRn] [info] Current locale: language en, country GB, encoding UTF-8
09-11 04:17:28.120   895 12512 I WiVRn   : [2026-09-11 04:17:28.120] [WiVRn] [info] Supported swapchain formats:
09-11 04:17:28.120   895 12512 I WiVRn   : [2026-09-11 04:17:28.120] [WiVRn] [info]     R8G8B8A8Srgb
09-11 04:17:28.120   895 12512 I WiVRn   : [2026-09-11 04:17:28.120] [WiVRn] [info]     R8Unorm
09-11 04:17:28.120   895 12512 I WiVRn   : [2026-09-11 04:17:28.120] [WiVRn] [info]     R8G8Unorm
09-11 04:17:28.120   895 12512 I WiVRn   : [2026-09-11 04:17:28.120] [WiVRn] [info]     R8G8B8A8Unorm
09-11 04:17:28.120   895 12512 I WiVRn   : [2026-09-11 04:17:28.120] [WiVRn] [info]     R5G6B5UnormPack16
09-11 04:17:28.120   895 12512 I WiVRn   : [2026-09-11 04:17:28.120] [WiVRn] [info]     A2B10G10R10UnormPack32
09-11 04:17:28.120   895 12512 I WiVRn   : [2026-09-11 04:17:28.120] [WiVRn] [info]     R16Unorm
09-11 04:17:28.120   895 12512 I WiVRn   : [2026-09-11 04:17:28.120] [WiVRn] [info]     R16G16Unorm
09-11 04:17:28.120   895 12512 I WiVRn   : [2026-09-11 04:17:28.120] [WiVRn] [info]     R16G16B16A16Unorm
09-11 04:17:28.120   895 12512 I WiVRn   : [2026-09-11 04:17:28.120] [WiVRn] [info]     R16Uint
09-11 04:17:28.120   895 12512 I WiVRn   : [2026-09-11 04:17:28.120] [WiVRn] [info]     R16G16Uint
09-11 04:17:28.120   895 12512 I WiVRn   : [2026-09-11 04:17:28.120] [WiVRn] [info]     R16G16B16A16Uint
09-11 04:17:28.120   895 12512 I WiVRn   : [2026-09-11 04:17:28.120] [WiVRn] [info]     R16Sint
09-11 04:17:28.120   895 12512 I WiVRn   : [2026-09-11 04:17:28.120] [WiVRn] [info]     R16G16Sint
09-11 04:17:28.120   895 12512 I WiVRn   : [2026-09-11 04:17:28.120] [WiVRn] [info]     R16G16B16A16Sint
09-11 04:17:28.120   895 12512 I WiVRn   : [2026-09-11 04:17:28.120] [WiVRn] [info]     R16Sfloat
09-11 04:17:28.120   895 12512 I WiVRn   : [2026-09-11 04:17:28.120] [WiVRn] [info]     R16G16Sfloat
09-11 04:17:28.120   895 12512 I WiVRn   : [2026-09-11 04:17:28.120] [WiVRn] [info]     R16G16B16A16Sfloat
09-11 04:17:28.120   895 12512 I WiVRn   : [2026-09-11 04:17:28.120] [WiVRn] [info]     A1R5G5B5UnormPack16
09-11 04:17:28.120   895 12512 I WiVRn   : [2026-09-11 04:17:28.120] [WiVRn] [info]     Etc2R8G8B8UnormBlock
09-11 04:17:28.120   895 12512 I WiVRn   : [2026-09-11 04:17:28.120] [WiVRn] [info]     Etc2R8G8B8A1UnormBlock
09-11 04:17:28.120   895 12512 I WiVRn   : [2026-09-11 04:17:28.120] [WiVRn] [info]     Etc2R8G8B8A8UnormBlock
09-11 04:17:28.120   895 12512 I WiVRn   : [2026-09-11 04:17:28.120] [WiVRn] [info]     Etc2R8G8B8SrgbBlock
09-11 04:17:28.120   895 12512 I WiVRn   : [2026-09-11 04:17:28.120] [WiVRn] [info]     Etc2R8G8B8A1SrgbBlock
09-11 04:17:28.120   895 12512 I WiVRn   : [2026-09-11 04:17:28.120] [WiVRn] [info]     Etc2R8G8B8A8SrgbBlock
09-11 04:17:28.120   895 12512 I WiVRn   : [2026-09-11 04:17:28.120] [WiVRn] [info]     EacR11UnormBlock
09-11 04:17:28.120   895 12512 I WiVRn   : [2026-09-11 04:17:28.120] [WiVRn] [info]     EacR11G11UnormBlock
09-11 04:17:28.120   895 12512 I WiVRn   : [2026-09-11 04:17:28.120] [WiVRn] [info]     EacR11SnormBlock
09-11 04:17:28.120   895 12512 I WiVRn   : [2026-09-11 04:17:28.120] [WiVRn] [info]     EacR11G11SnormBlock
09-11 04:17:28.120   895 12512 I WiVRn   : [2026-09-11 04:17:28.120] [WiVRn] [info]     Astc4x4UnormBlock
09-11 04:17:28.120   895 12512 I WiVRn   : [2026-09-11 04:17:28.120] [WiVRn] [info]     Astc5x4UnormBlock
09-11 04:17:28.120   895 12512 I WiVRn   : [2026-09-11 04:17:28.120] [WiVRn] [info]     Astc5x5UnormBlock
09-11 04:17:28.120   895 12512 I WiVRn   : [2026-09-11 04:17:28.120] [WiVRn] [info]     Astc6x5UnormBlock
09-11 04:17:28.120   895 12512 I WiVRn   : [2026-09-11 04:17:28.120] [WiVRn] [info]     Astc6x6UnormBlock
09-11 04:17:28.120   895 12512 I WiVRn   : [2026-09-11 04:17:28.120] [WiVRn] [info]     Astc8x5UnormBlock
09-11 04:17:28.120   895 12512 I WiVRn   : [2026-09-11 04:17:28.120] [WiVRn] [info]     Astc8x6UnormBlock
09-11 04:17:28.120   895 12512 I WiVRn   : [2026-09-11 04:17:28.120] [WiVRn] [info]     Astc8x8UnormBlock
09-11 04:17:28.120   895 12512 I WiVRn   : [2026-09-11 04:17:28.120] [WiVRn] [info]     Astc10x5UnormBlock
09-11 04:17:28.120   895 12512 I WiVRn   : [2026-09-11 04:17:28.120] [WiVRn] [info]     Astc10x6UnormBlock
09-11 04:17:28.120   895 12512 I WiVRn   : [2026-09-11 04:17:28.120] [WiVRn] [info]     Astc10x8UnormBlock
09-11 04:17:28.120   895 12512 I WiVRn   : [2026-09-11 04:17:28.120] [WiVRn] [info]     Astc10x10UnormBlock
09-11 04:17:28.120   895 12512 I WiVRn   : [2026-09-11 04:17:28.120] [WiVRn] [info]     Astc12x10UnormBlock
09-11 04:17:28.120   895 12512 I WiVRn   : [2026-09-11 04:17:28.120] [WiVRn] [info]     Astc12x12UnormBlock
09-11 04:17:28.120   895 12512 I WiVRn   : [2026-09-11 04:17:28.120] [WiVRn] [info]     Astc4x4SrgbBlock
09-11 04:17:28.120   895 12512 I WiVRn   : [2026-09-11 04:17:28.120] [WiVRn] [info]     Astc5x4SrgbBlock
09-11 04:17:28.120   895 12512 I WiVRn   : [2026-09-11 04:17:28.120] [WiVRn] [info]     Astc5x5SrgbBlock
09-11 04:17:28.120   895 12512 I WiVRn   : [2026-09-11 04:17:28.120] [WiVRn] [info]     Astc6x5SrgbBlock
09-11 04:17:28.120   895 12512 I WiVRn   : [2026-09-11 04:17:28.120] [WiVRn] [info]     Astc6x6SrgbBlock
09-11 04:17:28.120   895 12512 I WiVRn   : [2026-09-11 04:17:28.120] [WiVRn] [info]     Astc8x5SrgbBlock
09-11 04:17:28.120   895 12512 I WiVRn   : [2026-09-11 04:17:28.120] [WiVRn] [info]     Astc8x6SrgbBlock
09-11 04:17:28.120   895 12512 I WiVRn   : [2026-09-11 04:17:28.120] [WiVRn] [info]     Astc8x8SrgbBlock
09-11 04:17:28.120   895 12512 I WiVRn   : [2026-09-11 04:17:28.120] [WiVRn] [info]     Astc10x5SrgbBlock
09-11 04:17:28.120   895 12512 I WiVRn   : [2026-09-11 04:17:28.120] [WiVRn] [info]     Astc10x6SrgbBlock
09-11 04:17:28.120   895 12512 I WiVRn   : [2026-09-11 04:17:28.120] [WiVRn] [info]     Astc10x8SrgbBlock
09-11 04:17:28.120   895 12512 I WiVRn   : [2026-09-11 04:17:28.120] [WiVRn] [info]     Astc10x10SrgbBlock
09-11 04:17:28.120   895 12512 I WiVRn   : [2026-09-11 04:17:28.120] [WiVRn] [info]     Astc12x10SrgbBlock
09-11 04:17:28.120   895 12512 I WiVRn   : [2026-09-11 04:17:28.120] [WiVRn] [info]     Astc12x12SrgbBlock
09-11 04:17:28.120   895 12512 I WiVRn   : [2026-09-11 04:17:28.120] [WiVRn] [info]     D16Unorm
09-11 04:17:28.120   895 12512 I WiVRn   : [2026-09-11 04:17:28.120] [WiVRn] [info]     X8D24UnormPack32
09-11 04:17:28.120   895 12512 I WiVRn   : [2026-09-11 04:17:28.120] [WiVRn] [info]     D32Sfloat
09-11 04:17:28.120   895 12512 I WiVRn   : [2026-09-11 04:17:28.120] [WiVRn] [info]     D24UnormS8Uint
09-11 04:17:28.120   895 12512 I WiVRn   : [2026-09-11 04:17:28.120] [WiVRn] [info]     B8G8R8A8Unorm
09-11 04:17:28.120   895 12512 I WiVRn   : [2026-09-11 04:17:28.120] [WiVRn] [info]     B8G8R8A8Srgb
09-11 04:17:28.140   895 12512 I WiVRn   : [2026-09-11 04:17:28.140] [WiVRn] [info] Using formats R8G8B8A8Srgb and D32Sfloat
09-11 04:17:28.140   895 12512 I WiVRn   : [2026-09-11 04:17:28.140] [WiVRn] [info] Composition layer depth test NOT supported
09-11 04:17:28.140   895 12512 I WiVRn   : [2026-09-11 04:17:28.140] [WiVRn] [info] Composition layer color scale/bias supported
09-11 04:17:28.140   895 12512 I WiVRn   : [2026-09-11 04:17:28.140] [WiVRn] [info] 0 known server(s):
09-11 04:17:28.142   895 12537 I WiVRn   : [2026-09-11 04:17:28.142] [WiVRn] [info] Session state changed at timestamp 0: XR_SESSION_STATE_UNKNOWN => XR_SESSION_STATE_IDLE
09-11 04:17:28.142   895 12537 I WiVRn   : [2026-09-11 04:17:28.142] [WiVRn] [info] Session state changed at timestamp 0: XR_SESSION_STATE_IDLE => XR_SESSION_STATE_READY
09-11 04:17:28.161   895 12537 I WiVRn   : [2026-09-11 04:17:28.161] [WiVRn] [info] Received event type XR_TYPE_EVENT_DATA_USER_PRESENCE_CHANGED_EXT
09-11 04:17:28.161   895 12537 I WiVRn   : [2026-09-11 04:17:28.161] [WiVRn] [info] Using panel size: 2160x2160
09-11 04:17:28.347   895 12537 I WiVRn   : [2026-09-11 04:17:28.347] [WiVRn] [info] Loaded input profile pico-4
09-11 04:17:28.347   895 12537 I WiVRn   : [2026-09-11 04:17:28.347] [WiVRn] [info] Initializing offset of space aim_left to (-5, 0, 20) mm, (0, -0, 0)°
09-11 04:17:28.347   895 12537 I WiVRn   : [2026-09-11 04:17:28.347] [WiVRn] [info] Initializing offset of space aim_right to (5, 0, 20) mm, (0, -0, 0)°
09-11 04:17:28.347   895 12537 I WiVRn   : [2026-09-11 04:17:28.347] [WiVRn] [info] Initializing offset of space grip_left to (0, -20, -50) mm, (-30.000002, -0, 0)°
09-11 04:17:28.347   895 12537 I WiVRn   : [2026-09-11 04:17:28.347] [WiVRn] [info] Initializing offset of space grip_right to (0, -20, -50) mm, (-30.000002, -0, 0)°
09-11 04:17:28.356   895 12537 I WiVRn   : [2026-09-11 04:17:28.356] [WiVRn] [info] Font for de /system/fonts/PICOSans.ttf
09-11 04:17:28.356   895 12537 I WiVRn   : [2026-09-11 04:17:28.356] [WiVRn] [info] Font for es /system/fonts/PICOSans.ttf
09-11 04:17:28.356   895 12537 I WiVRn   : [2026-09-11 04:17:28.356] [WiVRn] [info] Font for fr /system/fonts/PICOSans.ttf
09-11 04:17:28.356   895 12537 I WiVRn   : [2026-09-11 04:17:28.356] [WiVRn] [info] Font for fr /system/fonts/Roboto-Regular.ttf
09-11 04:17:28.356   895 12537 I WiVRn   : [2026-09-11 04:17:28.356] [WiVRn] [info] Font for it /system/fonts/PICOSans.ttf
09-11 04:17:28.356   895 12537 I WiVRn   : [2026-09-11 04:17:28.356] [WiVRn] [info] Font for ja /system/fonts/PICOSans.ttf
09-11 04:17:28.356   895 12537 I WiVRn   : [2026-09-11 04:17:28.356] [WiVRn] [info] Font for ja /system/fonts/PICOSansVFJP.ttf
09-11 04:17:28.356   895 12537 I WiVRn   : [2026-09-11 04:17:28.356] [WiVRn] [info] Font for ka /system/fonts/PICOSans.ttf
09-11 04:17:28.356   895 12537 I WiVRn   : [2026-09-11 04:17:28.356] [WiVRn] [info] Font for ka /system/fonts/NotoSansGeorgian-Regular.otf
09-11 04:17:28.356   895 12537 I WiVRn   : [2026-09-11 04:17:28.356] [WiVRn] [info] Font for ka /system/fonts/PICOSans.ttf
09-11 04:17:28.356   895 12537 I WiVRn   : [2026-09-11 04:17:28.356] [WiVRn] [info] Font for pl /system/fonts/PICOSans.ttf
09-11 04:17:28.356   895 12537 I WiVRn   : [2026-09-11 04:17:28.356] [WiVRn] [info] Font for pl /system/fonts/Roboto-Regular.ttf
09-11 04:17:28.356   895 12537 I WiVRn   : [2026-09-11 04:17:28.356] [WiVRn] [info] Font for pl /system/fonts/PICOSans.ttf
09-11 04:17:28.356   895 12537 I WiVRn   : [2026-09-11 04:17:28.356] [WiVRn] [info] Font for pl /system/fonts/PICOSansSC-Regular.ttf
09-11 04:17:28.356   895 12537 I WiVRn   : [2026-09-11 04:17:28.356] [WiVRn] [info] Font for pl /system/fonts/Roboto-Regular.ttf
09-11 04:17:28.356   895 12537 I WiVRn   : [2026-09-11 04:17:28.356] [WiVRn] [info] Font for pl /system/fonts/PICOSans.ttf
09-11 04:17:28.356   895 12537 I WiVRn   : [2026-09-11 04:17:28.356] [WiVRn] [info] Font for pt_BR /system/fonts/PICOSans.ttf
09-11 04:17:28.356   895 12537 I WiVRn   : [2026-09-11 04:17:28.356] [WiVRn] [info] Font for ru /system/fonts/PICOSans.ttf
09-11 04:17:28.356   895 12537 I WiVRn   : [2026-09-11 04:17:28.356] [WiVRn] [info] Font for ru /system/fonts/PICOSansSC-Regular.ttf
09-11 04:17:28.356   895 12537 I WiVRn   : [2026-09-11 04:17:28.356] [WiVRn] [info] Font for ru /system/fonts/PICOSans.ttf
09-11 04:17:28.356   895 12537 I WiVRn   : [2026-09-11 04:17:28.356] [WiVRn] [info] Font for sk /system/fonts/PICOSans.ttf
09-11 04:17:28.356   895 12537 I WiVRn   : [2026-09-11 04:17:28.356] [WiVRn] [info] Font for sk /system/fonts/Roboto-Regular.ttf
09-11 04:17:28.356   895 12537 I WiVRn   : [2026-09-11 04:17:28.356] [WiVRn] [info] Font for sk /system/fonts/PICOSansSC-Regular.ttf
09-11 04:17:28.356   895 12537 I WiVRn   : [2026-09-11 04:17:28.356] [WiVRn] [info] Font for sk /system/fonts/PICOSans.ttf
09-11 04:17:28.356   895 12537 I WiVRn   : [2026-09-11 04:17:28.356] [WiVRn] [info] Font for sk /system/fonts/Roboto-Regular.ttf
09-11 04:17:28.356   895 12537 I WiVRn   : [2026-09-11 04:17:28.356] [WiVRn] [info] Font for sk /system/fonts/PICOSans.ttf
09-11 04:17:28.356   895 12537 I WiVRn   : [2026-09-11 04:17:28.356] [WiVRn] [info] Font for tr /system/fonts/PICOSans.ttf
09-11 04:17:28.356   895 12537 I WiVRn   : [2026-09-11 04:17:28.356] [WiVRn] [info] Font for tr /system/fonts/Roboto-Regular.ttf
09-11 04:17:28.356   895 12537 I WiVRn   : [2026-09-11 04:17:28.356] [WiVRn] [info] Font for tr /system/fonts/PICOSans.ttf
09-11 04:17:28.357   895 12537 I WiVRn   : [2026-09-11 04:17:28.357] [WiVRn] [info] Font for tr /system/fonts/Roboto-Regular.ttf
09-11 04:17:28.357   895 12537 I WiVRn   : [2026-09-11 04:17:28.357] [WiVRn] [info] Font for tr /system/fonts/PICOSans.ttf
09-11 04:17:28.357   895 12537 I WiVRn   : [2026-09-11 04:17:28.357] [WiVRn] [info] Font for zh_CN /system/fonts/PICOSans.ttf
09-11 04:17:28.357   895 12537 I WiVRn   : [2026-09-11 04:17:28.357] [WiVRn] [info] Font for zh_CN /system/fonts/PICOSansSC-Regular.ttf
09-11 04:17:28.357   895 12537 I WiVRn   : [2026-09-11 04:17:28.357] [WiVRn] [info] Font for zh_TW /system/fonts/PICOSans.ttf
09-11 04:17:28.357   895 12537 I WiVRn   : [2026-09-11 04:17:28.357] [WiVRn] [info] Font for zh_TW /system/fonts/PICOSansSC-Regular.ttf
09-11 04:17:28.361   895 12537 I WiVRn   : [2026-09-11 04:17:28.361] [WiVRn] [info] Using font /system/fonts/PICOSans.ttf
09-11 04:17:28.361   895 12537 I WiVRn   : [2026-09-11 04:17:28.361] [WiVRn] [info] Using font /system/fonts/Roboto-Regular.ttf
09-11 04:17:28.361   895 12537 I WiVRn   : [2026-09-11 04:17:28.361] [WiVRn] [info] Using font /system/fonts/PICOSansVFJP.ttf
09-11 04:17:28.368   895 12537 I WiVRn   : [2026-09-11 04:17:28.368] [WiVRn] [info] Using font /system/fonts/NotoSansGeorgian-Regular.otf
09-11 04:17:28.369   895 12537 I WiVRn   : [2026-09-11 04:17:28.369] [WiVRn] [info] Using font /system/fonts/PICOSansSC-Regular.ttf
09-11 04:17:28.453   895 12537 I WiVRn   : [2026-09-11 04:17:28.453] [WiVRn] [info] MulticastLock acquired
09-11 04:17:28.454   895 12537 I WiVRn   : [2026-09-11 04:17:28.454] [WiVRn] [info] Local IPv6 address: 2003:c2:3701:81fc:b3c8:aefc:7af2:8a5a
09-11 04:17:28.454   895 12537 I WiVRn   : [2026-09-11 04:17:28.454] [WiVRn] [info] Local IPv6 address: 2003:c2:3701:81fc:616a:1ec4:5f3c:1dd5
09-11 04:17:28.454   895 12537 I WiVRn   : [2026-09-11 04:17:28.454] [WiVRn] [info] Local IPv6 address: fd3c:3d87:86b7:0:c7ff:60cd:b757:e773
09-11 04:17:28.454   895 12537 I WiVRn   : [2026-09-11 04:17:28.454] [WiVRn] [info] Local IPv6 address: fd3c:3d87:86b7:0:616a:1ec4:5f3c:1dd5
09-11 04:17:28.454   895 12537 I WiVRn   : [2026-09-11 04:17:28.454] [WiVRn] [info] Local IPv4 address: 192.168.1.248
09-11 04:17:28.454   895 12537 W WiVRn   : [2026-09-11 04:17:28.454] [WiVRn] [warning] unknown family 17
09-11 04:17:28.454   895 12547 I WiVRn   : [2026-09-11 04:17:28.454] [WiVRn] [info] Sending query for _wivrn._tcp.local., type PTR
09-11 04:17:28.454   895 12537 I WiVRn   : [2026-09-11 04:17:28.454] [WiVRn] [info] Performance level: CPU domain asked for sustained_high
09-11 04:17:28.454   895 12537 I WiVRn   : [2026-09-11 04:17:28.454] [WiVRn] [info] Performance level: GPU domain asked for boost
09-11 04:17:28.461   895 12537 I WiVRn   : [2026-09-11 04:17:28.461] [WiVRn] [info] Received event type XR_TYPE_EVENT_DATA_INTERACTION_PROFILE_CHANGED
09-11 04:17:28.461   895 12537 I WiVRn   : [2026-09-11 04:17:28.461] [WiVRn] [info] Received event type XR_TYPE_EVENT_DATA_INTERACTION_PROFILE_CHANGED
09-11 04:17:28.461   895 12537 I WiVRn   : [2026-09-11 04:17:28.461] [WiVRn] [info] Session state changed at timestamp 0: XR_SESSION_STATE_READY => XR_SESSION_STATE_SYNCHRONIZED
09-11 04:17:28.461   895 12537 I WiVRn   : [2026-09-11 04:17:28.461] [WiVRn] [info] Refresh rate changed from 72 to 90
09-11 04:17:28.461   895 12537 I WiVRn   : [2026-09-11 04:17:28.461] [WiVRn] [info] Session state changed at timestamp 0: XR_SESSION_STATE_SYNCHRONIZED => XR_SESSION_STATE_VISIBLE
09-11 04:17:28.469   895 12548 I WiVRn   : [2026-09-11 04:17:28.469] [WiVRn] [info] Using pin "000000"
09-11 04:17:28.477   895 12548 I WiVRn   : [2026-09-11 04:17:28.477] [WiVRn] [info] Wi-Fi QoS marks enabled (uplink EF / AC_VO)
09-11 04:17:28.478   895 12537 I WiVRn   : [2026-09-11 04:17:28.478] [WiVRn] [info] Creating new swapchain: eR8G8B8A8Srgb, 1504x1504, 1 sample(s), 2 level(s)
09-11 04:17:28.480   895 12537 I WiVRn   : [2026-09-11 04:17:28.480] [WiVRn] [info] Created swapchain
09-11 04:17:28.481   895 12537 I WiVRn   : [2026-09-11 04:17:28.481] [WiVRn] [info] Creating new swapchain: eR8G8B8A8Srgb, 1504x1504, 1 sample(s), 2 level(s)
09-11 04:17:28.483   895 12537 I WiVRn   : [2026-09-11 04:17:28.483] [WiVRn] [info] Created swapchain
09-11 04:17:28.486   895 12532 I PxrMetric: FPS=0/90,MTP=17.91ms,AppSW=off,FrmEarly=0,FrmLate=1,FrmCpu=3.19ms,FrmGpu=0.01ms,FrmTime=3.20ms,ATWGPU=0.00ms,VsyncDelay=0,GPU=0%/0Mhz,GPUTemp=0.0C,LayerCnt=0,Pkg=org.meumeu.wivrn.nx.warp,FrmId=2
09-11 04:17:28.488   895 12537 I WiVRn   : [2026-09-11 04:17:28.488] [WiVRn] [info] Supported swapchain formats:
09-11 04:17:28.488   895 12537 I WiVRn   : [2026-09-11 04:17:28.488] [WiVRn] [info]     R8G8B8A8Srgb
09-11 04:17:28.488   895 12537 I WiVRn   : [2026-09-11 04:17:28.488] [WiVRn] [info]     R8Unorm
09-11 04:17:28.488   895 12537 I WiVRn   : [2026-09-11 04:17:28.488] [WiVRn] [info]     R8G8Unorm
09-11 04:17:28.488   895 12537 I WiVRn   : [2026-09-11 04:17:28.488] [WiVRn] [info]     R8G8B8A8Unorm
09-11 04:17:28.488   895 12537 I WiVRn   : [2026-09-11 04:17:28.488] [WiVRn] [info]     R5G6B5UnormPack16
09-11 04:17:28.488   895 12537 I WiVRn   : [2026-09-11 04:17:28.488] [WiVRn] [info]     A2B10G10R10UnormPack32
09-11 04:17:28.488   895 12537 I WiVRn   : [2026-09-11 04:17:28.488] [WiVRn] [info]     R16Unorm
09-11 04:17:28.488   895 12537 I WiVRn   : [2026-09-11 04:17:28.488] [WiVRn] [info]     R16G16Unorm
09-11 04:17:28.488   895 12537 I WiVRn   : [2026-09-11 04:17:28.488] [WiVRn] [info]     R16G16B16A16Unorm
09-11 04:17:28.488   895 12537 I WiVRn   : [2026-09-11 04:17:28.488] [WiVRn] [info]     R16Uint
09-11 04:17:28.488   895 12537 I WiVRn   : [2026-09-11 04:17:28.488] [WiVRn] [info]     R16G16Uint
09-11 04:17:28.488   895 12537 I WiVRn   : [2026-09-11 04:17:28.488] [WiVRn] [info]     R16G16B16A16Uint
09-11 04:17:28.488   895 12537 I WiVRn   : [2026-09-11 04:17:28.488] [WiVRn] [info]     R16Sint
09-11 04:17:28.488   895 12537 I WiVRn   : [2026-09-11 04:17:28.488] [WiVRn] [info]     R16G16Sint
09-11 04:17:28.488   895 12537 I WiVRn   : [2026-09-11 04:17:28.488] [WiVRn] [info]     R16G16B16A16Sint
09-11 04:17:28.488   895 12537 I WiVRn   : [2026-09-11 04:17:28.488] [WiVRn] [info]     R16Sfloat
09-11 04:17:28.488   895 12537 I WiVRn   : [2026-09-11 04:17:28.488] [WiVRn] [info]     R16G16Sfloat
09-11 04:17:28.488   895 12537 I WiVRn   : [2026-09-11 04:17:28.488] [WiVRn] [info]     R16G16B16A16Sfloat
09-11 04:17:28.488   895 12537 I WiVRn   : [2026-09-11 04:17:28.488] [WiVRn] [info]     A1R5G5B5UnormPack16
09-11 04:17:28.488   895 12537 I WiVRn   : [2026-09-11 04:17:28.488] [WiVRn] [info]     Etc2R8G8B8UnormBlock
09-11 04:17:28.488   895 12537 I WiVRn   : [2026-09-11 04:17:28.488] [WiVRn] [info]     Etc2R8G8B8A1UnormBlock
09-11 04:17:28.488   895 12537 I WiVRn   : [2026-09-11 04:17:28.488] [WiVRn] [info]     Etc2R8G8B8A8UnormBlock
09-11 04:17:28.488   895 12537 I WiVRn   : [2026-09-11 04:17:28.488] [WiVRn] [info]     Etc2R8G8B8SrgbBlock
09-11 04:17:28.488   895 12537 I WiVRn   : [2026-09-11 04:17:28.488] [WiVRn] [info]     Etc2R8G8B8A1SrgbBlock
09-11 04:17:28.488   895 12537 I WiVRn   : [2026-09-11 04:17:28.488] [WiVRn] [info]     Etc2R8G8B8A8SrgbBlock
09-11 04:17:28.488   895 12537 I WiVRn   : [2026-09-11 04:17:28.488] [WiVRn] [info]     EacR11UnormBlock
09-11 04:17:28.488   895 12537 I WiVRn   : [2026-09-11 04:17:28.488] [WiVRn] [info]     EacR11G11UnormBlock
09-11 04:17:28.488   895 12537 I WiVRn   : [2026-09-11 04:17:28.488] [WiVRn] [info]     EacR11SnormBlock
09-11 04:17:28.488   895 12537 I WiVRn   : [2026-09-11 04:17:28.488] [WiVRn] [info]     EacR11G11SnormBlock
09-11 04:17:28.488   895 12537 I WiVRn   : [2026-09-11 04:17:28.488] [WiVRn] [info]     Astc4x4UnormBlock
09-11 04:17:28.488   895 12537 I WiVRn   : [2026-09-11 04:17:28.488] [WiVRn] [info]     Astc5x4UnormBlock
09-11 04:17:28.488   895 12537 I WiVRn   : [2026-09-11 04:17:28.488] [WiVRn] [info]     Astc5x5UnormBlock
09-11 04:17:28.488   895 12537 I WiVRn   : [2026-09-11 04:17:28.488] [WiVRn] [info]     Astc6x5UnormBlock
09-11 04:17:28.488   895 12537 I WiVRn   : [2026-09-11 04:17:28.488] [WiVRn] [info]     Astc6x6UnormBlock
09-11 04:17:28.488   895 12537 I WiVRn   : [2026-09-11 04:17:28.488] [WiVRn] [info]     Astc8x5UnormBlock
09-11 04:17:28.488   895 12537 I WiVRn   : [2026-09-11 04:17:28.488] [WiVRn] [info]     Astc8x6UnormBlock
09-11 04:17:28.488   895 12537 I WiVRn   : [2026-09-11 04:17:28.488] [WiVRn] [info]     Astc8x8UnormBlock
09-11 04:17:28.488   895 12537 I WiVRn   : [2026-09-11 04:17:28.488] [WiVRn] [info]     Astc10x5UnormBlock
09-11 04:17:28.488   895 12537 I WiVRn   : [2026-09-11 04:17:28.488] [WiVRn] [info]     Astc10x6UnormBlock
09-11 04:17:28.488   895 12537 I WiVRn   : [2026-09-11 04:17:28.488] [WiVRn] [info]     Astc10x8UnormBlock
09-11 04:17:28.488   895 12537 I WiVRn   : [2026-09-11 04:17:28.488] [WiVRn] [info]     Astc10x10UnormBlock
09-11 04:17:28.488   895 12537 I WiVRn   : [2026-09-11 04:17:28.488] [WiVRn] [info]     Astc12x10UnormBlock
09-11 04:17:28.488   895 12537 I WiVRn   : [2026-09-11 04:17:28.488] [WiVRn] [info]     Astc12x12UnormBlock
09-11 04:17:28.488   895 12537 I WiVRn   : [2026-09-11 04:17:28.488] [WiVRn] [info]     Astc4x4SrgbBlock
09-11 04:17:28.488   895 12537 I WiVRn   : [2026-09-11 04:17:28.488] [WiVRn] [info]     Astc5x4SrgbBlock
09-11 04:17:28.488   895 12537 I WiVRn   : [2026-09-11 04:17:28.488] [WiVRn] [info]     Astc5x5SrgbBlock
09-11 04:17:28.488   895 12537 I WiVRn   : [2026-09-11 04:17:28.488] [WiVRn] [info]     Astc6x5SrgbBlock
09-11 04:17:28.488   895 12537 I WiVRn   : [2026-09-11 04:17:28.488] [WiVRn] [info]     Astc6x6SrgbBlock
09-11 04:17:28.488   895 12537 I WiVRn   : [2026-09-11 04:17:28.488] [WiVRn] [info]     Astc8x5SrgbBlock
09-11 04:17:28.488   895 12537 I WiVRn   : [2026-09-11 04:17:28.488] [WiVRn] [info]     Astc8x6SrgbBlock
09-11 04:17:28.488   895 12537 I WiVRn   : [2026-09-11 04:17:28.488] [WiVRn] [info]     Astc8x8SrgbBlock
09-11 04:17:28.488   895 12537 I WiVRn   : [2026-09-11 04:17:28.488] [WiVRn] [info]     Astc10x5SrgbBlock
09-11 04:17:28.488   895 12537 I WiVRn   : [2026-09-11 04:17:28.488] [WiVRn] [info]     Astc10x6SrgbBlock
09-11 04:17:28.488   895 12537 I WiVRn   : [2026-09-11 04:17:28.488] [WiVRn] [info]     Astc10x8SrgbBlock
09-11 04:17:28.488   895 12537 I WiVRn   : [2026-09-11 04:17:28.488] [WiVRn] [info]     Astc10x10SrgbBlock
09-11 04:17:28.488   895 12537 I WiVRn   : [2026-09-11 04:17:28.488] [WiVRn] [info]     Astc12x10SrgbBlock
09-11 04:17:28.488   895 12537 I WiVRn   : [2026-09-11 04:17:28.488] [WiVRn] [info]     Astc12x12SrgbBlock
09-11 04:17:28.488   895 12537 I WiVRn   : [2026-09-11 04:17:28.488] [WiVRn] [info]     D16Unorm
09-11 04:17:28.488   895 12537 I WiVRn   : [2026-09-11 04:17:28.488] [WiVRn] [info]     X8D24UnormPack32
09-11 04:17:28.488   895 12537 I WiVRn   : [2026-09-11 04:17:28.488] [WiVRn] [info]     D32Sfloat
09-11 04:17:28.488   895 12537 I WiVRn   : [2026-09-11 04:17:28.488] [WiVRn] [info]     D24UnormS8Uint
09-11 04:17:28.488   895 12537 I WiVRn   : [2026-09-11 04:17:28.488] [WiVRn] [info]     B8G8R8A8Unorm
09-11 04:17:28.488   895 12537 I WiVRn   : [2026-09-11 04:17:28.488] [WiVRn] [info]     B8G8R8A8Srgb
09-11 04:17:28.489   895 12537 I WiVRn   : [2026-09-11 04:17:28.489] [WiVRn] [info] Using panel size: 2160x2160
09-11 04:17:28.518   895 12537 I WiVRn   : [2026-09-11 04:17:28.518] [WiVRn] [info] video codec av1: NOT supported
09-11 04:17:28.531   895 12537 I WiVRn   : [2026-09-11 04:17:28.531] [WiVRn] [info] video codec h265: supported
09-11 04:17:28.543   895 12537 I WiVRn   : [2026-09-11 04:17:28.543] [WiVRn] [info] video codec h264: supported
09-11 04:17:28.547   895 12537 I WiVRn   : [2026-09-11 04:17:28.547] [WiVRn] [info] Using format R8G8B8A8Srgb
09-11 04:17:28.549   895 12537 I WiVRn   : [2026-09-11 04:17:28.549] [WiVRn] [info] WifiLock low latency acquired
09-11 04:17:28.600   895 12572 I WiVRn   : [2026-09-11 04:17:28.600] [WiVRn] [info] setup, refresh rate 90
09-11 04:17:28.600   895 12572 I WiVRn   : [2026-09-11 04:17:28.600] [WiVRn] [info] set refresh rate to 90Hz
09-11 04:17:28.601   895 12572 I WiVRn   : [2026-09-11 04:17:28.601] [WiVRn] [info] Creating decoders, size 2688x2688
09-11 04:17:28.601   895 12572 I WiVRn   : [2026-09-11 04:17:28.601] [WiVRn] [info] edge bleed: server overscan 5.0%, client ring 0.0% (fade)
09-11 04:17:28.601   895 12572 I WiVRn   : [2026-09-11 04:17:28.601] [WiVRn] [info]   stream 0: role 0, 2688x2688
09-11 04:17:28.601   895 12572 I WiVRn   : [2026-09-11 04:17:28.601] [WiVRn] [info] nxwarp: decoupled display on
09-11 04:17:28.601   895 12572 I WiVRn   : [2026-09-11 04:17:28.601] [WiVRn] [info] nxwarp: ycbcr chroma filter linear
09-11 04:17:28.601   895 12572 I WiVRn   : [2026-09-11 04:17:28.601] [WiVRn] [info] nxwarp[0]: decoupled display -- frames are published complete and the reprojection pass waits on nothing
09-11 04:17:28.601   895 12572 I WiVRn   : [2026-09-11 04:17:28.601] [WiVRn] [info]   stream 2: role 1, 2688x1344
09-11 04:17:28.601   895 12572 I WiVRn   : [2026-09-11 04:17:28.601] [WiVRn] [info] nxwarp: decoupled display on
09-11 04:17:28.601   895 12572 I WiVRn   : [2026-09-11 04:17:28.601] [WiVRn] [info] nxwarp: ycbcr chroma filter linear
09-11 04:17:28.601   895 12572 I WiVRn   : [2026-09-11 04:17:28.601] [WiVRn] [info] nxwarp[2]: decoupled display -- frames are published complete and the reprojection pass waits on nothing
09-11 04:17:28.602   895 12576 I WiVRn   : [2026-09-11 04:17:28.601] [WiVRn] [info] Adding hand_interaction poses to device list
09-11 04:17:28.602   895 12576 I WiVRn   : [2026-09-11 04:17:28.602] [WiVRn] [info] interaction profile for /user/hand/left: /interaction_profiles/ext/hand_interaction_ext
09-11 04:17:28.602   895 12576 I WiVRn   : [2026-09-11 04:17:28.602] [WiVRn] [info] interaction profile for /user/hand/right: /interaction_profiles/ext/hand_interaction_ext
09-11 04:17:28.602   895 12576 I WiVRn   : [2026-09-11 04:17:28.602] [WiVRn] [info] interaction profile for /user/gamepad: XR_NULL_PATH
09-11 04:17:28.602   895 12576 W WiVRn   : [2026-09-11 04:17:28.602] [WiVRn] [warning] unknown interaction profile XR_NULL_PATH
09-11 04:17:28.605   895 12576 I WiVRn   : [2026-09-11 04:17:28.605] [WiVRn] [info] Tracking pattern (5000µs):
09-11 04:17:28.605   895 12576 I WiVRn   : [2026-09-11 04:17:28.605] [WiVRn] [info] 	t+5000µs HEAD (0µs)
09-11 04:17:28.635   895 12572 I WiVRn   : [2026-09-11 04:17:28.635] [WiVRn] [info] Speaker stream started
09-11 04:17:28.635   895 12572 I WiVRn   : [2026-09-11 04:17:28.635] [WiVRn] [info] setup, refresh rate 90
09-11 04:17:28.635   895 12572 I WiVRn   : [2026-09-11 04:17:28.635] [WiVRn] [info] set refresh rate to 90Hz
09-11 04:17:29.490   895 12532 I PxrMetric: FPS=0/90,MTP=28.64ms,AppSW=off,FrmEarly=14,FrmLate=1,FrmCpu=0.76ms,FrmGpu=0.84ms,FrmTime=1.61ms,ATWGPU=1.60ms,VsyncDelay=1,GPU=27%/587Mhz,GPUTemp=63.2C,LayerCnt=5,Pkg=org.meumeu.wivrn.nx.warp,FrmId=85
09-11 04:17:30.491   895 12532 I PxrMetric: FPS=84/90,MTP=28.42ms,AppSW=off,FrmEarly=0,FrmLate=0,FrmCpu=0.90ms,FrmGpu=1.37ms,FrmTime=2.27ms,ATWGPU=1.60ms,VsyncDelay=1,GPU=29%/587Mhz,GPUTemp=60.8C,LayerCnt=5,Pkg=org.meumeu.wivrn.nx.warp,FrmId=175
09-11 04:17:31.249   895 12572 I WiVRn   : [2026-09-11 04:17:31.249] [WiVRn] [info] nxwarp[0]: PLANAR centre mode requested; using generic mixed-frame decoder
09-11 04:17:31.256   895 12572 I WiVRn   : [2026-09-11 04:17:31.256] [WiVRn] [info] nxwarp[0]: borrowed NV12 output enabled
09-11 04:17:31.256   895 12572 I WiVRn   : [2026-09-11 04:17:31.256] [WiVRn] [info] nxwarp[0]: atlas borrowed-target dirty catchup enabled
09-11 04:17:31.256   895 12572 I WiVRn   : [2026-09-11 04:17:31.256] [WiVRn] [info] nxwarp[0]: direct atlas targets false
09-11 04:17:31.256   895 12572 I WiVRn   : [2026-09-11 04:17:31.256] [WiVRn] [info] nxwarp[0]: 2688x2688 per eye, 2 eyes, on Adreno (TM) 650, 84 x 42 tiles, 1166 bytes per tile
09-11 04:17:31.260   895 12576 I WiVRn   : [2026-09-11 04:17:31.260] [WiVRn] [info] Tracking pattern (5000µs):
09-11 04:17:31.260   895 12576 I WiVRn   : [2026-09-11 04:17:31.260] [WiVRn] [info] 	t+3645µs LEFT_GRIP (1354µs)
09-11 04:17:31.260   895 12576 I WiVRn   : [2026-09-11 04:17:31.260] [WiVRn] [info] 	t+7290µs HEAD (-2290µs)
09-11 04:17:31.262   895 12572 I WiVRn   : [2026-09-11 04:17:31.262] [WiVRn] [info] nxwarp[0] net: 1 frames closed in 2.7 s, 0 with a hole, 0 out-of-order datagrams, 0 frames completed late, 0 queued for the worker, 0 decoded so far, 0 stragglers dropped; last hole 0/0 chunks, first missing -1, short false, chunk 1166 B; worker phase idle
09-11 04:17:31.262   895 12572 I WiVRn   : [2026-09-11 04:17:31.262] [WiVRn] [info] nxwarp[0] net: 0.026 ms per datagram over 167 datagrams (1.62 ms of every second)
09-11 04:17:31.262   895 12572 I WiVRn   : [2026-09-11 04:17:31.262] [WiVRn] [info] nxwarp[0] sel: stride 1, arrival 0.0 ms, dropped-late 0, withheld 0, decoded 0
09-11 04:17:31.262   895 12572 I WiVRn   : [2026-09-11 04:17:31.262] [WiVRn] [info] nxwarp[0] rx: 168 datagrams, placed 3528 (+3528), late 0 (+0), stale_frame 0, bad_range 0, bad_dir 0, bad_caps 0, bad_ver 0, auth_fail 0, replay 0, frozen 0, dup 0
09-11 04:17:31.491   895 12532 I PxrMetric: FPS=90/90,MTP=26.98ms,AppSW=off,FrmEarly=0,FrmLate=0,FrmCpu=0.87ms,FrmGpu=0.59ms,FrmTime=1.47ms,ATWGPU=1.59ms,VsyncDelay=1,GPU=28%/587Mhz,GPUTemp=62.8C,LayerCnt=5,Pkg=org.meumeu.wivrn.nx.warp,FrmId=265
09-11 04:17:31.603   895 12576 I WiVRn   : [2026-09-11 04:17:31.603] [WiVRn] [info] Tracking pattern (5000µs):
09-11 04:17:31.603   895 12576 I WiVRn   : [2026-09-11 04:17:31.603] [WiVRn] [info] 	t+1757µs LEFT_GRIP (3242µs)
09-11 04:17:31.603   895 12576 I WiVRn   : [2026-09-11 04:17:31.603] [WiVRn] [info] 	t+1789µs RIGHT_GRIP (3210µs)
09-11 04:17:31.603   895 12576 I WiVRn   : [2026-09-11 04:17:31.603] [WiVRn] [info] 	t+2000µs HEAD (3000µs)
09-11 04:17:31.603   895 12576 I WiVRn   : [2026-09-11 04:17:31.603] [WiVRn] [info] 	t+3757µs LEFT_GRIP (6242µs)
09-11 04:17:31.603   895 12576 I WiVRn   : [2026-09-11 04:17:31.603] [WiVRn] [info] 	t+3789µs RIGHT_GRIP (6210µs)
09-11 04:17:31.603   895 12576 I WiVRn   : [2026-09-11 04:17:31.603] [WiVRn] [info] 	t+4000µs HEAD (6000µs)
09-11 04:17:31.603   895 12576 I WiVRn   : [2026-09-11 04:17:31.603] [WiVRn] [info] 	t+5000µs HEAD (0µs)
09-11 04:17:32.062   895 12574 I WiVRn   : [2026-09-11 04:17:32.062] [WiVRn] [info] Stream scene ready at t=362880302198446
09-11 04:17:32.062   895 12574 I WiVRn   : [2026-09-11 04:17:32.062] [WiVRn] [info] nxwarp[0]: 1 frames in 3.5 s: 133872 B/frame, wait-prev 0.0 ms, wall 800.3 ms, nxvc passA 2.1 passB 4.3 gpu 6.5 ms; holes 3, refused 0
09-11 04:17:32.062   895 12574 I WiVRn   : [2026-09-11 04:17:32.062] [WiVRn] [info] nxwarp[0] gpu duty 2 ms/s (0% of one GPU) for decode alone; the display pass is extra
09-11 04:17:32.062   895 12574 I WiVRn   : [2026-09-11 04:17:32.062] [WiVRn] [info] nxwarp[0] passB 4.3 ms = warp 0.0 + skip 0.0 + coded 0.0 + dir 0.0 + other 4.3; tiles skip 0 / coded 3528 / dir 0 (eye pass 0)
09-11 04:17:32.062   895 12574 I WiVRn   : [2026-09-11 04:17:32.062] [WiVRn] [info] nxwarp[0]: 77 frames dropped late (queue kept to 1)
09-11 04:17:32.062   895 12574 I WiVRn   : [2026-09-11 04:17:32.062] [WiVRn] [info] nxwarp[0] stage: gap 0.0 | wait-prev 0.0 | submit 793.7 (qlock 0.0 + codec 793.7) | get_free 0.0 | fence-pre 0.0 | record 0.1 | qsubmit 0.0 | fence-post 6.5 | publish 0.1 ms; withheld 0, stride 1, arrival 11.0 ms
09-11 04:17:32.062   895 12574 I WiVRn   : [2026-09-11 04:17:32.062] [WiVRn] [info] nxwarp[0] reassembly (network thread): 0.11 ms/frame over 82 frames, buffer 237 kB held for 237 kB of unit (1.0x)
09-11 04:17:32.062   895 12574 I WiVRn   : [2026-09-11 04:17:32.062] [WiVRn] [info] nxwarp[0] fence-post 6.5 ms = nxvc gpu 6.5 + copy gpu 0.00 + queue 0.0 (over 1 frames with timestamps)
09-11 04:17:32.071   895 12537 I WiVRn   : [2026-09-11 04:17:32.071] [WiVRn] [info] MulticastLock released
09-11 04:17:32.079   895 12537 I WiVRn   : [2026-09-11 04:17:32.079] [WiVRn] [info] Loaded input profile pico-4
09-11 04:17:32.079   895 12537 I WiVRn   : [2026-09-11 04:17:32.079] [WiVRn] [info] Initializing offset of space aim_left to (-5, 0, 20) mm, (0, -0, 0)°
09-11 04:17:32.079   895 12537 I WiVRn   : [2026-09-11 04:17:32.079] [WiVRn] [info] Initializing offset of space aim_right to (5, 0, 20) mm, (0, -0, 0)°
09-11 04:17:32.079   895 12537 I WiVRn   : [2026-09-11 04:17:32.079] [WiVRn] [info] Initializing offset of space grip_left to (0, -20, -50) mm, (-30.000002, -0, 0)°
09-11 04:17:32.079   895 12537 I WiVRn   : [2026-09-11 04:17:32.079] [WiVRn] [info] Initializing offset of space grip_right to (0, -20, -50) mm, (-30.000002, -0, 0)°
09-11 04:17:32.092   895 12537 I WiVRn   : [2026-09-11 04:17:32.092] [WiVRn] [info] Font for de /system/fonts/PICOSans.ttf
09-11 04:17:32.092   895 12537 I WiVRn   : [2026-09-11 04:17:32.092] [WiVRn] [info] Font for es /system/fonts/PICOSans.ttf
09-11 04:17:32.092   895 12537 I WiVRn   : [2026-09-11 04:17:32.092] [WiVRn] [info] Font for fr /system/fonts/PICOSans.ttf
09-11 04:17:32.092   895 12537 I WiVRn   : [2026-09-11 04:17:32.092] [WiVRn] [info] Font for fr /system/fonts/Roboto-Regular.ttf
09-11 04:17:32.092   895 12537 I WiVRn   : [2026-09-11 04:17:32.092] [WiVRn] [info] Font for it /system/fonts/PICOSans.ttf
09-11 04:17:32.093   895 12537 I WiVRn   : [2026-09-11 04:17:32.093] [WiVRn] [info] Font for ja /system/fonts/PICOSans.ttf
09-11 04:17:32.093   895 12537 I WiVRn   : [2026-09-11 04:17:32.093] [WiVRn] [info] Font for ja /system/fonts/PICOSansVFJP.ttf
09-11 04:17:32.093   895 12537 I WiVRn   : [2026-09-11 04:17:32.093] [WiVRn] [info] Font for ka /system/fonts/PICOSans.ttf
09-11 04:17:32.093   895 12537 I WiVRn   : [2026-09-11 04:17:32.093] [WiVRn] [info] Font for ka /system/fonts/NotoSansGeorgian-Regular.otf
09-11 04:17:32.093   895 12537 I WiVRn   : [2026-09-11 04:17:32.093] [WiVRn] [info] Font for ka /system/fonts/PICOSans.ttf
09-11 04:17:32.093   895 12537 I WiVRn   : [2026-09-11 04:17:32.093] [WiVRn] [info] Font for pl /system/fonts/PICOSans.ttf
09-11 04:17:32.093   895 12537 I WiVRn   : [2026-09-11 04:17:32.093] [WiVRn] [info] Font for pl /system/fonts/Roboto-Regular.ttf
09-11 04:17:32.093   895 12537 I WiVRn   : [2026-09-11 04:17:32.093] [WiVRn] [info] Font for pl /system/fonts/PICOSans.ttf
09-11 04:17:32.093   895 12537 I WiVRn   : [2026-09-11 04:17:32.093] [WiVRn] [info] Font for pl /system/fonts/PICOSansSC-Regular.ttf
09-11 04:17:32.093   895 12537 I WiVRn   : [2026-09-11 04:17:32.093] [WiVRn] [info] Font for pl /system/fonts/Roboto-Regular.ttf
09-11 04:17:32.093   895 12537 I WiVRn   : [2026-09-11 04:17:32.093] [WiVRn] [info] Font for pl /system/fonts/PICOSans.ttf
09-11 04:17:32.093   895 12537 I WiVRn   : [2026-09-11 04:17:32.093] [WiVRn] [info] Font for pt_BR /system/fonts/PICOSans.ttf
09-11 04:17:32.093   895 12537 I WiVRn   : [2026-09-11 04:17:32.093] [WiVRn] [info] Font for ru /system/fonts/PICOSans.ttf
09-11 04:17:32.093   895 12537 I WiVRn   : [2026-09-11 04:17:32.093] [WiVRn] [info] Font for ru /system/fonts/PICOSansSC-Regular.ttf
09-11 04:17:32.093   895 12537 I WiVRn   : [2026-09-11 04:17:32.093] [WiVRn] [info] Font for ru /system/fonts/PICOSans.ttf
09-11 04:17:32.093   895 12537 I WiVRn   : [2026-09-11 04:17:32.093] [WiVRn] [info] Font for sk /system/fonts/PICOSans.ttf
09-11 04:17:32.093   895 12537 I WiVRn   : [2026-09-11 04:17:32.093] [WiVRn] [info] Font for sk /system/fonts/Roboto-Regular.ttf
09-11 04:17:32.093   895 12537 I WiVRn   : [2026-09-11 04:17:32.093] [WiVRn] [info] Font for sk /system/fonts/PICOSansSC-Regular.ttf
09-11 04:17:32.093   895 12537 I WiVRn   : [2026-09-11 04:17:32.093] [WiVRn] [info] Font for sk /system/fonts/PICOSans.ttf
09-11 04:17:32.093   895 12537 I WiVRn   : [2026-09-11 04:17:32.093] [WiVRn] [info] Font for sk /system/fonts/Roboto-Regular.ttf
09-11 04:17:32.093   895 12537 I WiVRn   : [2026-09-11 04:17:32.093] [WiVRn] [info] Font for sk /system/fonts/PICOSans.ttf
09-11 04:17:32.093   895 12537 I WiVRn   : [2026-09-11 04:17:32.093] [WiVRn] [info] Font for tr /system/fonts/PICOSans.ttf
09-11 04:17:32.093   895 12537 I WiVRn   : [2026-09-11 04:17:32.093] [WiVRn] [info] Font for tr /system/fonts/Roboto-Regular.ttf
09-11 04:17:32.093   895 12537 I WiVRn   : [2026-09-11 04:17:32.093] [WiVRn] [info] Font for tr /system/fonts/PICOSans.ttf
09-11 04:17:32.093   895 12537 I WiVRn   : [2026-09-11 04:17:32.093] [WiVRn] [info] Font for tr /system/fonts/Roboto-Regular.ttf
09-11 04:17:32.093   895 12537 I WiVRn   : [2026-09-11 04:17:32.093] [WiVRn] [info] Font for tr /system/fonts/PICOSans.ttf
09-11 04:17:32.093   895 12537 I WiVRn   : [2026-09-11 04:17:32.093] [WiVRn] [info] Font for zh_CN /system/fonts/PICOSans.ttf
09-11 04:17:32.093   895 12537 I WiVRn   : [2026-09-11 04:17:32.093] [WiVRn] [info] Font for zh_CN /system/fonts/PICOSansSC-Regular.ttf
09-11 04:17:32.093   895 12537 I WiVRn   : [2026-09-11 04:17:32.093] [WiVRn] [info] Font for zh_TW /system/fonts/PICOSans.ttf
09-11 04:17:32.094   895 12537 I WiVRn   : [2026-09-11 04:17:32.094] [WiVRn] [info] Font for zh_TW /system/fonts/PICOSansSC-Regular.ttf
09-11 04:17:32.097   895 12537 I WiVRn   : [2026-09-11 04:17:32.097] [WiVRn] [info] Using font /system/fonts/PICOSans.ttf
09-11 04:17:32.097   895 12537 I WiVRn   : [2026-09-11 04:17:32.097] [WiVRn] [info] Using font /system/fonts/Roboto-Regular.ttf
09-11 04:17:32.098   895 12537 I WiVRn   : [2026-09-11 04:17:32.098] [WiVRn] [info] Using font /system/fonts/PICOSansVFJP.ttf
09-11 04:17:32.110   895 12537 I WiVRn   : [2026-09-11 04:17:32.110] [WiVRn] [info] Using font /system/fonts/NotoSansGeorgian-Regular.otf
09-11 04:17:32.110   895 12537 I WiVRn   : [2026-09-11 04:17:32.110] [WiVRn] [info] Using font /system/fonts/PICOSansSC-Regular.ttf
09-11 04:17:32.118   895 12537 I WiVRn   : [2026-09-11 04:17:32.118] [WiVRn] [info] Performance level: CPU domain asked for sustained_high
09-11 04:17:32.118   895 12537 I WiVRn   : [2026-09-11 04:17:32.118] [WiVRn] [info] nxwarp: GPU performance level setting 2
09-11 04:17:32.118   895 12537 I WiVRn   : [2026-09-11 04:17:32.118] [WiVRn] [info] Performance level: GPU domain asked for boost
09-11 04:17:32.122   895 12537 I WiVRn   : [2026-09-11 04:17:32.122] [WiVRn] [info] swapchain setup, refresh rate 90
09-11 04:17:32.122   895 12537 I WiVRn   : [2026-09-11 04:17:32.122] [WiVRn] [info] set refresh rate to 90Hz
09-11 04:17:32.127   895 12537 W WiVRn   : [2026-09-11 04:17:32.127] [WiVRn] [warning] XR mutable swapchain request rejected (-2); retrying without format list
09-11 04:17:32.132   895 12537 I WiVRn   : [2026-09-11 04:17:32.132] [WiVRn] [info] Created stream swapchain: 2688x2688
09-11 04:17:32.132   895 12537 W WiVRn   : [2026-09-11 04:17:32.132] [WiVRn] [warning] Swapchain size larger than maximum 2560x2560
09-11 04:17:32.132   895 12537 W WiVRn   : [2026-09-11 04:17:32.132] [WiVRn] [warning] Swapchain size larger than maximum 2560x2560
09-11 04:17:32.132   895 12537 I WiVRn   : [2026-09-11 04:17:32.132] [WiVRn] [info] Initializing reprojector
09-11 04:17:32.132   895 12537 I WiVRn   : [2026-09-11 04:17:32.132] [WiVRn] [info] Static FDM enabled: 168x168 map, texel 16x16
09-11 04:17:32.132   895 12537 I WiVRn   : [2026-09-11 04:17:32.132] [WiVRn] [info] nxwarp atlas vertex warp enabled
09-11 04:17:32.133   895 12537 I WiVRn   : [2026-09-11 04:17:32.133] [WiVRn] [info] Atlas UNORM attachment views ready
09-11 04:17:32.133   895 12537 I WiVRn   : [2026-09-11 04:17:32.133] [WiVRn] [info] Atlas mutable swapchain enabled
09-11 04:17:32.133   895 12537 I WiVRn   : [2026-09-11 04:17:32.133] [WiVRn] [info] NX static post compiled out
09-11 04:17:32.133   895 12537 I WiVRn   : [2026-09-11 04:17:32.133] [WiVRn] [info] NX static bleed compiled out
09-11 04:17:32.133   895 12537 I WiVRn   : [2026-09-11 04:17:32.133] [WiVRn] [info] NX peripheral smoothing mode 3
09-11 04:17:32.133   895 12537 I WiVRn   : [2026-09-11 04:17:32.133] [WiVRn] [info] Atlas UNORM attachment path active
09-11 04:17:32.285   895 12537 I WiVRn   : [2026-09-11 04:17:32.285] [WiVRn] [info] geometry[eye 0]: view_info fov L-53.34 R53.34 U53.34 D-53.34 | layer fov L-53.34 R53.34 U53.34 D-53.34 deg | layer rect 2688x2688 | defoveated 2688x2688 | scale 1.00
09-11 04:17:32.285   895 12537 I WiVRn   : [2026-09-11 04:17:32.285] [WiVRn] [info] geometry[eye 1]: view_info fov L-53.34 R53.34 U53.34 D-53.34 | layer fov L-53.34 R53.34 U53.34 D-53.34 deg | layer rect 2688x2688 | defoveated 2688x2688 | scale 1.00
09-11 04:17:32.292   895 12537 I WiVRn   : [2026-09-11 04:17:32.292] [WiVRn] [info] render: 1 iterations in 4.3 s (0.2/s), 1 submitted a layer, 1 new-source, 0 skipped by the repeat gate, 0 with nothing to show; display period 11.1 ms
09-11 04:17:32.292   895 12537 I WiVRn   : [2026-09-11 04:17:32.292] [WiVRn] [info] render: ready wait attempts 0 success 0 total 0.000 ms | selected older than available 0
09-11 04:17:32.292   895 12537 I WiVRn   : [2026-09-11 04:17:32.292] [WiVRn] [info] render: selected source transitions forward 0 backward 0 repeat 0, greatest forward gap 0
09-11 04:17:32.292   895 12537 I WiVRn   : [2026-09-11 04:17:32.292] [WiVRn] [info] render: this app's own GPU pass 0.0 ms per iteration
09-11 04:17:32.292   895 12537 I WiVRn   : [2026-09-11 04:17:32.292] [WiVRn] [info] render: defoveate 2688x2688 per eye x2 = 14.45 Mpx/frame at scale 1.00 atlas-prototype 0; 0 re-presented from the cache (reduce_gpu_load on)
09-11 04:17:32.292   895 12537 I WiVRn   : [2026-09-11 04:17:32.292] [WiVRn] [info] render: shader path sharpness 0.00 fsr false alpha false motion false blend false glow 0.00 vignette 0.00 deband 0.00 lowpoly 0.00 levels 0 full-kernel false
09-11 04:17:32.292   895 12537 I WiVRn   : [2026-09-11 04:17:32.292] [WiVRn] [info] render: per iteration fence 0.0 (worst 0.0) | queries 0.0 | submit 0.0 | whole render() 169.8 ms
09-11 04:17:32.292   895 12537 I WiVRn   : [2026-09-11 04:17:32.292] [WiVRn] [info] render: selection-to-defoveate CPU 10.720 ms mean (max 10.720) over 1 actual defoveate calls; not GPU/photon latency
09-11 04:17:32.292   895 12537 I WiVRn   : [2026-09-11 04:17:32.292] [WiVRn] [info] render: jit on | wake slack 28.6 ms | slept 0.0 ms mean (max 0.0, 0 of 1 iterations) | budget 1.0 = pass 0.0 + margin 1.0 | sleep cap 5.0 ms
09-11 04:17:32.292   895 12537 I WiVRn   : [2026-09-11 04:17:32.292] [WiVRn] [info] render: source display-time offset 87.4 ms mean (worst 87.4) over 1 frames | submit lead 0.0 ms mean (worst 0.0) | misses: 0 overrun 0 late 0 skipped refresh
09-11 04:17:32.292   895 12537 I WiVRn   : [2026-09-11 04:17:32.292] [WiVRn] [info] render: source->first 4.8 ms | wire 9.5 | queue 14.2 | decode 14.4 | decode->selection 16.0 | selection->predicted 28.4 | sum 87.4 over 1 selected frames (0 invalid)
09-11 04:17:32.292   895 12537 I WiVRn   : [2026-09-11 04:17:32.292] [WiVRn] [info] Received event type XR_TYPE_EVENT_DATA_INTERACTION_PROFILE_CHANGED
09-11 04:17:32.292   895 12537 I WiVRn   : [2026-09-11 04:17:32.292] [WiVRn] [info] interaction profile for /user/hand/left: /interaction_profiles/ext/hand_interaction_ext
09-11 04:17:32.292   895 12537 I WiVRn   : [2026-09-11 04:17:32.292] [WiVRn] [info] interaction profile for /user/hand/right: /interaction_profiles/ext/hand_interaction_ext
09-11 04:17:32.292   895 12537 I WiVRn   : [2026-09-11 04:17:32.292] [WiVRn] [info] interaction profile for /user/gamepad: XR_NULL_PATH
09-11 04:17:32.292   895 12537 W WiVRn   : [2026-09-11 04:17:32.292] [WiVRn] [warning] unknown interaction profile XR_NULL_PATH
09-11 04:17:32.292   895 12537 I WiVRn   : [2026-09-11 04:17:32.292] [WiVRn] [info] Received event type XR_TYPE_EVENT_DATA_INTERACTION_PROFILE_CHANGED
09-11 04:17:32.292   895 12537 I WiVRn   : [2026-09-11 04:17:32.292] [WiVRn] [info] interaction profile for /user/hand/left: /interaction_profiles/ext/hand_interaction_ext
09-11 04:17:32.292   895 12537 I WiVRn   : [2026-09-11 04:17:32.292] [WiVRn] [info] interaction profile for /user/hand/right: /interaction_profiles/ext/hand_interaction_ext
09-11 04:17:32.292   895 12537 I WiVRn   : [2026-09-11 04:17:32.292] [WiVRn] [info] interaction profile for /user/gamepad: XR_NULL_PATH
09-11 04:17:32.292   895 12537 W WiVRn   : [2026-09-11 04:17:32.292] [WiVRn] [warning] unknown interaction profile XR_NULL_PATH
09-11 04:17:32.292   895 12537 I WiVRn   : [2026-09-11 04:17:32.292] [WiVRn] [info] Received event type XR_TYPE_EVENT_DATA_INTERACTION_PROFILE_CHANGED
09-11 04:17:32.292   895 12537 I WiVRn   : [2026-09-11 04:17:32.292] [WiVRn] [info] interaction profile for /user/hand/left: /interaction_profiles/ext/hand_interaction_ext
09-11 04:17:32.292   895 12537 I WiVRn   : [2026-09-11 04:17:32.292] [WiVRn] [info] interaction profile for /user/hand/right: /interaction_profiles/ext/hand_interaction_ext
09-11 04:17:32.292   895 12537 I WiVRn   : [2026-09-11 04:17:32.292] [WiVRn] [info] interaction profile for /user/gamepad: XR_NULL_PATH
09-11 04:17:32.292   895 12537 W WiVRn   : [2026-09-11 04:17:32.292] [WiVRn] [warning] unknown interaction profile XR_NULL_PATH
09-11 04:17:32.496   895 12532 I PxrMetric: FPS=90/90,MTP=29.80ms,AppSW=off,FrmEarly=0,FrmLate=4,FrmCpu=1.33ms,FrmGpu=5.17ms,FrmTime=6.53ms,ATWGPU=1.59ms,VsyncDelay=1,GPU=22%/587Mhz,GPUTemp=70.2C,LayerCnt=5,Pkg=org.meumeu.wivrn.nx.warp,FrmId=337
09-11 04:17:32.606   895 12576 I WiVRn   : [2026-09-11 04:17:32.606] [WiVRn] [info] Tracking pattern (11113µs):
09-11 04:17:32.606   895 12576 I WiVRn   : [2026-09-11 04:17:32.606] [WiVRn] [info] 	t+2572µs HEAD (8541µs)
09-11 04:17:32.606   895 12576 I WiVRn   : [2026-09-11 04:17:32.606] [WiVRn] [info] 	t+2611µs LEFT_GRIP (8501µs)
09-11 04:17:32.606   895 12576 I WiVRn   : [2026-09-11 04:17:32.606] [WiVRn] [info] 	t+2615µs RIGHT_GRIP (8497µs)
09-11 04:17:32.606   895 12576 I WiVRn   : [2026-09-11 04:17:32.606] [WiVRn] [info] 	t+5572µs HEAD (5541µs)
09-11 04:17:32.606   895 12576 I WiVRn   : [2026-09-11 04:17:32.606] [WiVRn] [info] 	t+5611µs LEFT_GRIP (5501µs)
09-11 04:17:32.606   895 12576 I WiVRn   : [2026-09-11 04:17:32.606] [WiVRn] [info] 	t+5615µs RIGHT_GRIP (5497µs)
09-11 04:17:33.270   895 12572 I WiVRn   : [2026-09-11 04:17:33.270] [WiVRn] [info] nxwarp[0] net: 125 frames closed in 2.0 s, 3 with a hole, 0 out-of-order datagrams, 0 frames completed late, 0 queued for the worker, 45 decoded so far, 122 stragglers dropped; last hole 2597/2825 chunks, first missing 2520, short false, chunk 1166 B; worker phase idle
09-11 04:17:33.270   895 12572 I WiVRn   : [2026-09-11 04:17:33.270] [WiVRn] [info] nxwarp[0] net: 0.026 ms per datagram over 39589 datagrams (520.23 ms of every second)
09-11 04:17:33.270   895 12572 I WiVRn   : [2026-09-11 04:17:33.270] [WiVRn] [info] nxwarp[0] sel: stride 1, arrival 19.4 ms, dropped-late 77, withheld 0, decoded 45
09-11 04:17:33.270   895 12572 I WiVRn   : [2026-09-11 04:17:33.270] [WiVRn] [info] nxwarp[0] rx: 39757 datagrams, placed 337353 (+333825), late 21490 (+21490), stale_frame 0, bad_range 0, bad_dir 0, bad_caps 0, bad_ver 0, auth_fail 0, replay 0, frozen 0, dup 18
09-11 04:17:33.501   895 12532 I PxrMetric: FPS=72/90,MTP=32.97ms,AppSW=off,FrmEarly=11,FrmLate=16,FrmCpu=0.94ms,FrmGpu=14.73ms,FrmTime=27.67ms,ATWGPU=1.59ms,VsyncDelay=3,GPU=99%/587Mhz,GPUTemp=67.8C,LayerCnt=4,Pkg=org.meumeu.wivrn.nx.warp,FrmId=422
09-11 04:17:33.606   895 12576 I WiVRn   : [2026-09-11 04:17:33.606] [WiVRn] [info] Tracking pattern (11120µs):
09-11 04:17:33.606   895 12576 I WiVRn   : [2026-09-11 04:17:33.606] [WiVRn] [info] 	t+4286µs HEAD (6834µs)
09-11 04:17:33.606   895 12576 I WiVRn   : [2026-09-11 04:17:33.606] [WiVRn] [info] 	t+4330µs LEFT_GRIP (6790µs)
09-11 04:17:33.606   895 12576 I WiVRn   : [2026-09-11 04:17:33.606] [WiVRn] [info] 	t+4339µs RIGHT_GRIP (6781µs)
09-11 04:17:33.606   895 12576 I WiVRn   : [2026-09-11 04:17:33.606] [WiVRn] [info] 	t+7286µs HEAD (3834µs)
09-11 04:17:33.606   895 12576 I WiVRn   : [2026-09-11 04:17:33.606] [WiVRn] [info] 	t+7330µs LEFT_GRIP (3790µs)
09-11 04:17:33.606   895 12576 I WiVRn   : [2026-09-11 04:17:33.606] [WiVRn] [info] 	t+7339µs RIGHT_GRIP (3781µs)
09-11 04:17:34.070   895 12574 I WiVRn   : [2026-09-11 04:17:34.070] [WiVRn] [info] nxwarp[0]: 86 frames in 2.0 s: 269473 B/frame, wait-prev 0.0 ms, wall 15.8 ms, nxvc passA 4.9 passB 7.9 gpu 12.8 ms; holes 3, refused 0
09-11 04:17:34.070   895 12574 I WiVRn   : [2026-09-11 04:17:34.070] [WiVRn] [info] nxwarp[0] gpu duty 548 ms/s (55% of one GPU) for decode alone; the display pass is extra
09-11 04:17:34.070   895 12574 I WiVRn   : [2026-09-11 04:17:34.070] [WiVRn] [info] nxwarp[0] passB 7.9 ms = warp 0.0 + skip 0.0 + coded 0.0 + dir 0.0 + other 7.9; tiles skip 0 / coded 3528 / dir 0 (eye pass 0)
09-11 04:17:34.070   895 12574 I WiVRn   : [2026-09-11 04:17:34.070] [WiVRn] [info] nxwarp[0]: 77 frames dropped late (queue kept to 1)
09-11 04:17:34.070   895 12574 I WiVRn   : [2026-09-11 04:17:34.070] [WiVRn] [info] nxwarp[0] stage: gap 7.5 | wait-prev 0.0 | submit 1.7 (qlock 0.0 + codec 1.7) | get_free 0.0 | fence-pre 0.0 | record 0.0 | qsubmit 0.0 | fence-post 14.0 | publish 0.0 ms; withheld 0, stride 1, arrival 18.8 ms
09-11 04:17:34.070   895 12574 I WiVRn   : [2026-09-11 04:17:34.070] [WiVRn] [info] nxwarp[0] reassembly (network thread): 0.17 ms/frame over 86 frames, buffer 263 kB held for 263 kB of unit (1.0x)
09-11 04:17:34.070   895 12574 I WiVRn   : [2026-09-11 04:17:34.070] [WiVRn] [info] nxwarp[0] fence-post 14.0 ms = nxvc gpu 12.8 + copy gpu 0.00 + queue 1.2 (over 86 frames with timestamps)
09-11 04:17:34.135   895 12537 I WiVRn   : [2026-09-11 04:17:34.135] [WiVRn] [info] render: 156 iterations in 2.0 s (77.7/s), 156 submitted a layer, 83 new-source, 0 skipped by the repeat gate, 0 with nothing to show; display period 13.0 ms
09-11 04:17:34.135   895 12537 I WiVRn   : [2026-09-11 04:17:34.135] [WiVRn] [info] render: ready wait attempts 88 success 15 total 78.075 ms | selected older than available 0
09-11 04:17:34.135   895 12537 I WiVRn   : [2026-09-11 04:17:34.135] [WiVRn] [info] render: selected source transitions forward 83 backward 0 repeat 73, greatest forward gap 3
09-11 04:17:34.135   895 12537 I WiVRn   : [2026-09-11 04:17:34.135] [WiVRn] [info] render: this app's own GPU pass 2.5 ms per iteration
09-11 04:17:34.135   895 12537 I WiVRn   : [2026-09-11 04:17:34.135] [WiVRn] [info] render: defoveate 2688x2688 per eye x2 = 14.45 Mpx/frame at scale 1.00 atlas-prototype 0; 73 re-presented from the cache (reduce_gpu_load on)
09-11 04:17:34.135   895 12537 I WiVRn   : [2026-09-11 04:17:34.135] [WiVRn] [info] render: shader path sharpness 0.00 fsr false alpha false motion false blend false glow 0.00 vignette 0.00 deband 0.00 lowpoly 0.00 levels 0 full-kernel false
09-11 04:17:34.135   895 12537 I WiVRn   : [2026-09-11 04:17:34.135] [WiVRn] [info] render: per iteration fence 1.9 (worst 17.0) | queries 0.0 | submit 0.0 | whole render() 3.2 ms
09-11 04:17:34.135   895 12537 I WiVRn   : [2026-09-11 04:17:34.135] [WiVRn] [info] render: selection-to-defoveate CPU 0.051 ms mean (max 0.084) over 83 actual defoveate calls; not GPU/photon latency
09-11 04:17:34.135   895 12537 I WiVRn   : [2026-09-11 04:17:34.135] [WiVRn] [info] render: jit on | wake slack 39.6 ms | slept 2.1 ms mean (max 5.0, 66 of 156 iterations) | budget 25.2 = pass 24.2 + margin 1.0 | sleep cap 5.0 ms
09-11 04:17:34.135   895 12537 I WiVRn   : [2026-09-11 04:17:34.135] [WiVRn] [info] render: source display-time offset 79.9 ms mean (worst 109.7) over 156 frames | submit lead 33.1 ms mean (worst -141.3) | misses: 0 overrun 0 late 0 skipped refresh
09-11 04:17:34.135   895 12537 I WiVRn   : [2026-09-11 04:17:34.135] [WiVRn] [info] render: source->first 7.1 ms | wire 10.6 | queue 1.4 | decode 15.5 | decode->selection 10.3 | selection->predicted 35.0 | sum 79.9 over 156 selected frames (0 invalid)
09-11 04:17:34.508   895 12532 I PxrMetric: FPS=85/90,MTP=37.77ms,AppSW=off,FrmEarly=21,FrmLate=10,FrmCpu=0.90ms,FrmGpu=13.99ms,FrmTime=21.96ms,ATWGPU=1.60ms,VsyncDelay=2,GPU=99%/587Mhz,GPUTemp=66.3C,LayerCnt=4,Pkg=org.meumeu.wivrn.nx.warp,FrmId=495
09-11 04:17:34.606   895 12576 I WiVRn   : [2026-09-11 04:17:34.606] [WiVRn] [info] Tracking pattern (11110µs):
09-11 04:17:34.606   895 12576 I WiVRn   : [2026-09-11 04:17:34.606] [WiVRn] [info] 	t+3408µs HEAD (7701µs)
09-11 04:17:34.606   895 12576 I WiVRn   : [2026-09-11 04:17:34.606] [WiVRn] [info] 	t+3472µs LEFT_GRIP (7637µs)
09-11 04:17:34.606   895 12576 I WiVRn   : [2026-09-11 04:17:34.606] [WiVRn] [info] 	t+3478µs RIGHT_GRIP (7631µs)
09-11 04:17:34.606   895 12576 I WiVRn   : [2026-09-11 04:17:34.606] [WiVRn] [info] 	t+6408µs HEAD (4701µs)
09-11 04:17:34.606   895 12576 I WiVRn   : [2026-09-11 04:17:34.606] [WiVRn] [info] 	t+6472µs LEFT_GRIP (4637µs)
09-11 04:17:34.606   895 12576 I WiVRn   : [2026-09-11 04:17:34.606] [WiVRn] [info] 	t+6478µs RIGHT_GRIP (4631µs)
09-11 04:17:35.293   895 12572 I WiVRn   : [2026-09-11 04:17:35.293] [WiVRn] [info] nxwarp[0] net: 106 frames closed in 2.0 s, 0 with a hole, 0 out-of-order datagrams, 0 frames completed late, 0 queued for the worker, 151 decoded so far, 231 stragglers dropped; last hole 2597/2825 chunks, first missing 2520, short false, chunk 1166 B; worker phase idle
09-11 04:17:35.293   895 12572 I WiVRn   : [2026-09-11 04:17:35.293] [WiVRn] [info] nxwarp[0] net: 0.028 ms per datagram over 34314 datagrams (480.93 ms of every second)
09-11 04:17:35.293   895 12572 I WiVRn   : [2026-09-11 04:17:35.293] [WiVRn] [info] nxwarp[0] sel: stride 1, arrival 18.4 ms, dropped-late 77, withheld 0, decoded 151
09-11 04:17:35.293   895 12572 I WiVRn   : [2026-09-11 04:17:35.293] [WiVRn] [info] nxwarp[0] rx: 74071 datagrams, placed 533852 (+196499), late 63355 (+41865), stale_frame 0, bad_range 0, bad_dir 0, bad_caps 0, bad_ver 0, auth_fail 0, replay 0, frozen 0, dup 56
09-11 04:17:35.528   895 12532 I PxrMetric: FPS=72/90,MTP=39.53ms,AppSW=off,FrmEarly=28,FrmLate=13,FrmCpu=0.85ms,FrmGpu=12.69ms,FrmTime=20.06ms,ATWGPU=1.59ms,VsyncDelay=2,GPU=99%/587Mhz,GPUTemp=67.1C,LayerCnt=4,Pkg=org.meumeu.wivrn.nx.warp,FrmId=571
09-11 04:17:35.606   895 12576 I WiVRn   : [2026-09-11 04:17:35.606] [WiVRn] [info] Tracking pattern (11110µs):
09-11 04:17:35.606   895 12576 I WiVRn   : [2026-09-11 04:17:35.606] [WiVRn] [info] 	t+3472µs HEAD (7638µs)
09-11 04:17:35.606   895 12576 I WiVRn   : [2026-09-11 04:17:35.606] [WiVRn] [info] 	t+3508µs LEFT_GRIP (7602µs)
09-11 04:17:35.606   895 12576 I WiVRn   : [2026-09-11 04:17:35.606] [WiVRn] [info] 	t+3514µs RIGHT_GRIP (7596µs)
09-11 04:17:35.606   895 12576 I WiVRn   : [2026-09-11 04:17:35.606] [WiVRn] [info] 	t+6472µs HEAD (4638µs)
09-11 04:17:35.606   895 12576 I WiVRn   : [2026-09-11 04:17:35.606] [WiVRn] [info] 	t+6508µs LEFT_GRIP (4602µs)
09-11 04:17:35.606   895 12576 I WiVRn   : [2026-09-11 04:17:35.606] [WiVRn] [info] 	t+6514µs RIGHT_GRIP (4596µs)
09-11 04:17:36.082   895 12574 I WiVRn   : [2026-09-11 04:17:36.082] [WiVRn] [info] nxwarp[0]: 105 frames in 2.0 s: 286526 B/frame, wait-prev 0.0 ms, wall 16.7 ms, nxvc passA 5.2 passB 8.1 gpu 13.3 ms; holes 3, refused 0
09-11 04:17:36.082   895 12574 I WiVRn   : [2026-09-11 04:17:36.082] [WiVRn] [info] nxwarp[0] gpu duty 692 ms/s (69% of one GPU) for decode alone; the display pass is extra
09-11 04:17:36.083   895 12574 I WiVRn   : [2026-09-11 04:17:36.083] [WiVRn] [info] nxwarp[0] passB 8.1 ms = warp 0.0 + skip 0.0 + coded 0.0 + dir 0.0 + other 8.1; tiles skip 0 / coded 3528 / dir 0 (eye pass 0)
09-11 04:17:36.083   895 12574 I WiVRn   : [2026-09-11 04:17:36.083] [WiVRn] [info] nxwarp[0]: 77 frames dropped late (queue kept to 1)
09-11 04:17:36.083   895 12574 I WiVRn   : [2026-09-11 04:17:36.083] [WiVRn] [info] nxwarp[0] stage: gap 2.5 | wait-prev 0.0 | submit 1.8 (qlock 0.0 + codec 1.8) | get_free 0.0 | fence-pre 0.0 | record 0.0 | qsubmit 0.0 | fence-post 14.8 | publish 0.0 ms; withheld 0, stride 1, arrival 19.0 ms
09-11 04:17:36.083   895 12574 I WiVRn   : [2026-09-11 04:17:36.083] [WiVRn] [info] nxwarp[0] reassembly (network thread): 0.18 ms/frame over 105 frames, buffer 280 kB held for 280 kB of unit (1.0x)
09-11 04:17:36.083   895 12574 I WiVRn   : [2026-09-11 04:17:36.083] [WiVRn] [info] nxwarp[0] fence-post 14.8 ms = nxvc gpu 13.3 + copy gpu 0.00 + queue 1.5 (over 105 frames with timestamps)
09-11 04:17:36.135   895 12537 I WiVRn   : [2026-09-11 04:17:36.135] [WiVRn] [info] render: 141 iterations in 2.0 s (70.4/s), 141 submitted a layer, 104 new-source, 0 skipped by the repeat gate, 0 with nothing to show; display period 14.2 ms
09-11 04:17:36.135   895 12537 I WiVRn   : [2026-09-11 04:17:36.135] [WiVRn] [info] render: ready wait attempts 43 success 6 total 40.290 ms | selected older than available 0
09-11 04:17:36.135   895 12537 I WiVRn   : [2026-09-11 04:17:36.135] [WiVRn] [info] render: selected source transitions forward 104 backward 0 repeat 37, greatest forward gap 1
09-11 04:17:36.135   895 12537 I WiVRn   : [2026-09-11 04:17:36.135] [WiVRn] [info] render: this app's own GPU pass 3.5 ms per iteration
09-11 04:17:36.135   895 12537 I WiVRn   : [2026-09-11 04:17:36.135] [WiVRn] [info] render: defoveate 2688x2688 per eye x2 = 14.45 Mpx/frame at scale 1.00 atlas-prototype 0; 37 re-presented from the cache (reduce_gpu_load on)
09-11 04:17:36.135   895 12537 I WiVRn   : [2026-09-11 04:17:36.135] [WiVRn] [info] render: shader path sharpness 0.00 fsr false alpha false motion false blend false glow 0.00 vignette 0.00 deband 0.00 lowpoly 0.00 levels 0 full-kernel false
09-11 04:17:36.135   895 12537 I WiVRn   : [2026-09-11 04:17:36.135] [WiVRn] [info] render: per iteration fence 3.5 (worst 13.4) | queries 0.0 | submit 0.0 | whole render() 4.5 ms
09-11 04:17:36.135   895 12537 I WiVRn   : [2026-09-11 04:17:36.135] [WiVRn] [info] render: selection-to-defoveate CPU 0.055 ms mean (max 0.145) over 104 actual defoveate calls; not GPU/photon latency
09-11 04:17:36.135   895 12537 I WiVRn   : [2026-09-11 04:17:36.135] [WiVRn] [info] render: jit on | wake slack 47.9 ms | slept 5.0 ms mean (max 5.0, 141 of 141 iterations) | budget 22.0 = pass 21.0 + margin 1.0 | sleep cap 5.0 ms
09-11 04:17:36.135   895 12537 I WiVRn   : [2026-09-11 04:17:36.135] [WiVRn] [info] render: source display-time offset 82.1 ms mean (worst 98.6) over 141 frames | submit lead 38.4 ms mean (worst 23.1) | misses: 0 overrun 0 late 0 skipped refresh
09-11 04:17:36.135   895 12537 I WiVRn   : [2026-09-11 04:17:36.135] [WiVRn] [info] render: source->first 7.1 ms | wire 10.4 | queue 1.9 | decode 16.6 | decode->selection 6.9 | selection->predicted 39.1 | sum 82.1 over 141 selected frames (0 invalid)
09-11 04:17:36.532   895 12532 I PxrMetric: FPS=74/90,MTP=37.81ms,AppSW=off,FrmEarly=27,FrmLate=12,FrmCpu=0.91ms,FrmGpu=11.20ms,FrmTime=18.75ms,ATWGPU=1.59ms,VsyncDelay=2,GPU=99%/587Mhz,GPUTemp=66.7C,LayerCnt=3,Pkg=org.meumeu.wivrn.nx.warp,FrmId=646
09-11 04:17:36.606   895 12576 I WiVRn   : [2026-09-11 04:17:36.606] [WiVRn] [info] Tracking pattern (11110µs):
09-11 04:17:36.606   895 12576 I WiVRn   : [2026-09-11 04:17:36.606] [WiVRn] [info] 	t+3373µs HEAD (7737µs)
09-11 04:17:36.606   895 12576 I WiVRn   : [2026-09-11 04:17:36.606] [WiVRn] [info] 	t+3422µs LEFT_GRIP (7687µs)
09-11 04:17:36.606   895 12576 I WiVRn   : [2026-09-11 04:17:36.606] [WiVRn] [info] 	t+3433µs RIGHT_GRIP (7677µs)
09-11 04:17:36.606   895 12576 I WiVRn   : [2026-09-11 04:17:36.606] [WiVRn] [info] 	t+6373µs HEAD (4737µs)
09-11 04:17:36.606   895 12576 I WiVRn   : [2026-09-11 04:17:36.606] [WiVRn] [info] 	t+6422µs LEFT_GRIP (4687µs)
09-11 04:17:36.606   895 12576 I WiVRn   : [2026-09-11 04:17:36.606] [WiVRn] [info] 	t+6433µs RIGHT_GRIP (4677µs)
09-11 04:17:37.313   895 12572 I WiVRn   : [2026-09-11 04:17:37.313] [WiVRn] [info] nxwarp[0] net: 105 frames closed in 2.0 s, 0 with a hole, 0 out-of-order datagrams, 0 frames completed late, 0 queued for the worker, 256 decoded so far, 344 stragglers dropped; last hole 2597/2825 chunks, first missing 2520, short false, chunk 1166 B; worker phase idle
09-11 04:17:37.313   895 12572 I WiVRn   : [2026-09-11 04:17:37.313] [WiVRn] [info] nxwarp[0] net: 0.030 ms per datagram over 33094 datagrams (489.97 ms of every second)
09-11 04:17:37.313   895 12572 I WiVRn   : [2026-09-11 04:17:37.313] [WiVRn] [info] nxwarp[0] sel: stride 1, arrival 19.3 ms, dropped-late 77, withheld 0, decoded 256
09-11 04:17:37.313   895 12572 I WiVRn   : [2026-09-11 04:17:37.313] [WiVRn] [info] nxwarp[0] rx: 107165 datagrams, placed 658031 (+124179), late 102887 (+39532), stale_frame 0, bad_range 0, bad_dir 0, bad_caps 0, bad_ver 0, auth_fail 0, replay 0, frozen 0, dup 92
09-11 04:17:37.531   895 12532 I PxrMetric: FPS=75/90,MTP=24.26ms,AppSW=off,FrmEarly=29,FrmLate=14,FrmCpu=0.82ms,FrmGpu=12.61ms,FrmTime=21.47ms,ATWGPU=1.59ms,VsyncDelay=2,GPU=94%/587Mhz,GPUTemp=67.1C,LayerCnt=3,Pkg=org.meumeu.wivrn.nx.warp,FrmId=721
09-11 04:17:37.606   895 12576 I WiVRn   : [2026-09-11 04:17:37.606] [WiVRn] [info] Tracking pattern (11110µs):
09-11 04:17:37.606   895 12576 I WiVRn   : [2026-09-11 04:17:37.606] [WiVRn] [info] 	t+3774µs HEAD (7335µs)
09-11 04:17:37.606   895 12576 I WiVRn   : [2026-09-11 04:17:37.606] [WiVRn] [info] 	t+3817µs LEFT_GRIP (7293µs)
09-11 04:17:37.606   895 12576 I WiVRn   : [2026-09-11 04:17:37.606] [WiVRn] [info] 	t+3823µs RIGHT_GRIP (7286µs)
09-11 04:17:37.606   895 12576 I WiVRn   : [2026-09-11 04:17:37.606] [WiVRn] [info] 	t+6774µs HEAD (4335µs)
09-11 04:17:37.606   895 12576 I WiVRn   : [2026-09-11 04:17:37.606] [WiVRn] [info] 	t+6817µs LEFT_GRIP (4293µs)
09-11 04:17:37.606   895 12576 I WiVRn   : [2026-09-11 04:17:37.606] [WiVRn] [info] 	t+6823µs RIGHT_GRIP (4286µs)
09-11 04:17:38.093   895 12574 I WiVRn   : [2026-09-11 04:17:38.093] [WiVRn] [info] nxwarp[0]: 105 frames in 2.0 s: 275682 B/frame, wait-prev 0.0 ms, wall 16.5 ms, nxvc passA 5.1 passB 8.1 gpu 13.2 ms; holes 3, refused 0
09-11 04:17:38.093   895 12574 I WiVRn   : [2026-09-11 04:17:38.093] [WiVRn] [info] nxwarp[0] gpu duty 689 ms/s (69% of one GPU) for decode alone; the display pass is extra
09-11 04:17:38.094   895 12574 I WiVRn   : [2026-09-11 04:17:38.094] [WiVRn] [info] nxwarp[0] passB 8.1 ms = warp 0.0 + skip 0.0 + coded 0.0 + dir 0.0 + other 8.1; tiles skip 0 / coded 3528 / dir 0 (eye pass 0)
09-11 04:17:38.094   895 12574 I WiVRn   : [2026-09-11 04:17:38.094] [WiVRn] [info] nxwarp[0]: 77 frames dropped late (queue kept to 1)
09-11 04:17:38.094   895 12574 I WiVRn   : [2026-09-11 04:17:38.094] [WiVRn] [info] nxwarp[0] stage: gap 2.7 | wait-prev 0.0 | submit 1.7 (qlock 0.0 + codec 1.6) | get_free 0.0 | fence-pre 0.0 | record 0.0 | qsubmit 0.0 | fence-post 14.8 | publish 0.0 ms; withheld 0, stride 1, arrival 18.8 ms
09-11 04:17:38.094   895 12574 I WiVRn   : [2026-09-11 04:17:38.094] [WiVRn] [info] nxwarp[0] reassembly (network thread): 0.15 ms/frame over 104 frames, buffer 269 kB held for 269 kB of unit (1.0x)
09-11 04:17:38.094   895 12574 I WiVRn   : [2026-09-11 04:17:38.094] [WiVRn] [info] nxwarp[0] fence-post 14.8 ms = nxvc gpu 13.2 + copy gpu 0.00 + queue 1.6 (over 105 frames with timestamps)
09-11 04:17:38.142   895 12537 I WiVRn   : [2026-09-11 04:17:38.142] [WiVRn] [info] render: 158 iterations in 2.0 s (78.8/s), 158 submitted a layer, 104 new-source, 0 skipped by the repeat gate, 0 with nothing to show; display period 12.7 ms
09-11 04:17:38.142   895 12537 I WiVRn   : [2026-09-11 04:17:38.142] [WiVRn] [info] render: ready wait attempts 65 success 11 total 57.727 ms | selected older than available 0
09-11 04:17:38.142   895 12537 I WiVRn   : [2026-09-11 04:17:38.142] [WiVRn] [info] render: selected source transitions forward 104 backward 0 repeat 54, greatest forward gap 2
09-11 04:17:38.142   895 12537 I WiVRn   : [2026-09-11 04:17:38.142] [WiVRn] [info] render: this app's own GPU pass 3.1 ms per iteration
09-11 04:17:38.142   895 12537 I WiVRn   : [2026-09-11 04:17:38.142] [WiVRn] [info] render: defoveate 2688x2688 per eye x2 = 14.45 Mpx/frame at scale 1.00 atlas-prototype 0; 54 re-presented from the cache (reduce_gpu_load on)
09-11 04:17:38.142   895 12537 I WiVRn   : [2026-09-11 04:17:38.142] [WiVRn] [info] render: shader path sharpness 0.00 fsr false alpha false motion false blend false glow 0.00 vignette 0.00 deband 0.00 lowpoly 0.00 levels 0 full-kernel false
09-11 04:17:38.142   895 12537 I WiVRn   : [2026-09-11 04:17:38.142] [WiVRn] [info] render: per iteration fence 2.6 (worst 13.1) | queries 0.0 | submit 0.0 | whole render() 3.6 ms
09-11 04:17:38.142   895 12537 I WiVRn   : [2026-09-11 04:17:38.142] [WiVRn] [info] render: selection-to-defoveate CPU 0.055 ms mean (max 0.149) over 104 actual defoveate calls; not GPU/photon latency
09-11 04:17:38.142   895 12537 I WiVRn   : [2026-09-11 04:17:38.142] [WiVRn] [info] render: jit on | wake slack 46.5 ms | slept 5.0 ms mean (max 5.0, 158 of 158 iterations) | budget 20.4 = pass 19.4 + margin 1.0 | sleep cap 5.0 ms
09-11 04:17:38.142   895 12537 I WiVRn   : [2026-09-11 04:17:38.142] [WiVRn] [info] render: source display-time offset 80.6 ms mean (worst 98.6) over 158 frames | submit lead 37.9 ms mean (worst 23.3) | misses: 0 overrun 0 late 0 skipped refresh
09-11 04:17:38.142   895 12537 I WiVRn   : [2026-09-11 04:17:38.142] [WiVRn] [info] render: source->first 6.7 ms | wire 10.1 | queue 1.9 | decode 16.5 | decode->selection 6.9 | selection->predicted 38.5 | sum 80.6 over 158 selected frames (0 invalid)
09-11 04:17:38.533   895 12532 I PxrMetric: FPS=75/90,MTP=40.39ms,AppSW=off,FrmEarly=36,FrmLate=8,FrmCpu=0.81ms,FrmGpu=13.00ms,FrmTime=23.32ms,ATWGPU=1.60ms,VsyncDelay=2,GPU=99%/587Mhz,GPUTemp=66.3C,LayerCnt=3,Pkg=org.meumeu.wivrn.nx.warp,FrmId=803
09-11 04:17:38.606   895 12576 I WiVRn   : [2026-09-11 04:17:38.606] [WiVRn] [info] Tracking pattern (11111µs):
09-11 04:17:38.606   895 12576 I WiVRn   : [2026-09-11 04:17:38.606] [WiVRn] [info] 	t+3013µs HEAD (8098µs)
09-11 04:17:38.606   895 12576 I WiVRn   : [2026-09-11 04:17:38.606] [WiVRn] [info] 	t+3060µs LEFT_GRIP (8051µs)
09-11 04:17:38.606   895 12576 I WiVRn   : [2026-09-11 04:17:38.606] [WiVRn] [info] 	t+3065µs RIGHT_GRIP (8046µs)
09-11 04:17:38.606   895 12576 I WiVRn   : [2026-09-11 04:17:38.606] [WiVRn] [info] 	t+6013µs HEAD (5098µs)
09-11 04:17:38.606   895 12576 I WiVRn   : [2026-09-11 04:17:38.606] [WiVRn] [info] 	t+6060µs LEFT_GRIP (5051µs)
09-11 04:17:38.606   895 12576 I WiVRn   : [2026-09-11 04:17:38.606] [WiVRn] [info] 	t+6065µs RIGHT_GRIP (5046µs)
09-11 04:17:39.314   895 12572 I WiVRn   : [2026-09-11 04:17:39.314] [WiVRn] [info] nxwarp[0] net: 104 frames closed in 2.0 s, 0 with a hole, 0 out-of-order datagrams, 0 frames completed late, 0 queued for the worker, 360 decoded so far, 452 stragglers dropped; last hole 2597/2825 chunks, first missing 2520, short false, chunk 1166 B; worker phase idle
09-11 04:17:39.314   895 12572 I WiVRn   : [2026-09-11 04:17:39.314] [WiVRn] [info] nxwarp[0] net: 0.030 ms per datagram over 31851 datagrams (480.39 ms of every second)
09-11 04:17:39.314   895 12572 I WiVRn   : [2026-09-11 04:17:39.314] [WiVRn] [info] nxwarp[0] sel: stride 1, arrival 21.2 ms, dropped-late 77, withheld 0, decoded 360
09-11 04:17:39.314   895 12572 I WiVRn   : [2026-09-11 04:17:39.314] [WiVRn] [info] nxwarp[0] rx: 139016 datagrams, placed 866573 (+208542), late 139157 (+36270), stale_frame 0, bad_range 0, bad_dir 0, bad_caps 0, bad_ver 0, auth_fail 0, replay 0, frozen 0, dup 118
09-11 04:17:39.536   895 12532 I PxrMetric: FPS=82/90,MTP=31.83ms,AppSW=off,FrmEarly=40,FrmLate=7,FrmCpu=0.96ms,FrmGpu=8.22ms,FrmTime=15.19ms,ATWGPU=1.59ms,VsyncDelay=2,GPU=99%/587Mhz,GPUTemp=68.6C,LayerCnt=3,Pkg=org.meumeu.wivrn.nx.warp,FrmId=886
09-11 04:17:39.606   895 12576 I WiVRn   : [2026-09-11 04:17:39.606] [WiVRn] [info] Tracking pattern (11112µs):
09-11 04:17:39.606   895 12576 I WiVRn   : [2026-09-11 04:17:39.606] [WiVRn] [info] 	t+3929µs HEAD (7182µs)
09-11 04:17:39.606   895 12576 I WiVRn   : [2026-09-11 04:17:39.606] [WiVRn] [info] 	t+4137µs LEFT_GRIP (6975µs)
09-11 04:17:39.606   895 12576 I WiVRn   : [2026-09-11 04:17:39.606] [WiVRn] [info] 	t+4236µs RIGHT_GRIP (6876µs)
09-11 04:17:39.606   895 12576 I WiVRn   : [2026-09-11 04:17:39.606] [WiVRn] [info] 	t+6929µs HEAD (4182µs)
09-11 04:17:39.606   895 12576 I WiVRn   : [2026-09-11 04:17:39.606] [WiVRn] [info] 	t+7137µs LEFT_GRIP (3975µs)
09-11 04:17:39.606   895 12576 I WiVRn   : [2026-09-11 04:17:39.606] [WiVRn] [info] 	t+7236µs RIGHT_GRIP (3876µs)
09-11 04:17:40.109   895 12574 I WiVRn   : [2026-09-11 04:17:40.109] [WiVRn] [info] nxwarp[0]: 99 frames in 2.0 s: 261858 B/frame, wait-prev 0.0 ms, wall 16.2 ms, nxvc passA 5.0 passB 8.0 gpu 13.0 ms; holes 3, refused 0
09-11 04:17:40.109   895 12574 I WiVRn   : [2026-09-11 04:17:40.109] [WiVRn] [info] nxwarp[0] gpu duty 638 ms/s (64% of one GPU) for decode alone; the display pass is extra
09-11 04:17:40.109   895 12574 I WiVRn   : [2026-09-11 04:17:40.109] [WiVRn] [info] nxwarp[0] passB 8.0 ms = warp 0.0 + skip 0.0 + coded 0.0 + dir 0.0 + other 8.0; tiles skip 0 / coded 3528 / dir 0 (eye pass 0)
09-11 04:17:40.109   895 12574 I WiVRn   : [2026-09-11 04:17:40.109] [WiVRn] [info] nxwarp[0]: 77 frames dropped late (queue kept to 1)
09-11 04:17:40.109   895 12574 I WiVRn   : [2026-09-11 04:17:40.109] [WiVRn] [info] nxwarp[0] stage: gap 4.1 | wait-prev 0.0 | submit 1.7 (qlock 0.0 + codec 1.7) | get_free 0.0 | fence-pre 0.0 | record 0.0 | qsubmit 0.0 | fence-post 14.4 | publish 0.0 ms; withheld 0, stride 1, arrival 22.1 ms
09-11 04:17:40.109   895 12574 I WiVRn   : [2026-09-11 04:17:40.109] [WiVRn] [info] nxwarp[0] reassembly (network thread): 0.21 ms/frame over 99 frames, buffer 256 kB held for 256 kB of unit (1.0x)
09-11 04:17:40.109   895 12574 I WiVRn   : [2026-09-11 04:17:40.109] [WiVRn] [info] nxwarp[0] fence-post 14.5 ms = nxvc gpu 13.0 + copy gpu 0.00 + queue 1.4 (over 99 frames with timestamps)
09-11 04:17:40.152   895 12537 I WiVRn   : [2026-09-11 04:17:40.152] [WiVRn] [info] render: 169 iterations in 2.0 s (84.2/s), 169 submitted a layer, 99 new-source, 0 skipped by the repeat gate, 0 with nothing to show; display period 11.8 ms
09-11 04:17:40.152   895 12537 I WiVRn   : [2026-09-11 04:17:40.152] [WiVRn] [info] render: ready wait attempts 78 success 8 total 74.426 ms | selected older than available 0
09-11 04:17:40.152   895 12537 I WiVRn   : [2026-09-11 04:17:40.152] [WiVRn] [info] render: selected source transitions forward 99 backward 0 repeat 70, greatest forward gap 1
09-11 04:17:40.152   895 12537 I WiVRn   : [2026-09-11 04:17:40.152] [WiVRn] [info] render: this app's own GPU pass 2.7 ms per iteration
09-11 04:17:40.152   895 12537 I WiVRn   : [2026-09-11 04:17:40.152] [WiVRn] [info] render: defoveate 2688x2688 per eye x2 = 14.45 Mpx/frame at scale 1.00 atlas-prototype 0; 70 re-presented from the cache (reduce_gpu_load on)
09-11 04:17:40.152   895 12537 I WiVRn   : [2026-09-11 04:17:40.152] [WiVRn] [info] render: shader path sharpness 0.00 fsr false alpha false motion false blend false glow 0.00 vignette 0.00 deband 0.00 lowpoly 0.00 levels 0 full-kernel false
09-11 04:17:40.152   895 12537 I WiVRn   : [2026-09-11 04:17:40.152] [WiVRn] [info] render: per iteration fence 1.8 (worst 12.7) | queries 0.0 | submit 0.0 | whole render() 2.8 ms
09-11 04:17:40.152   895 12537 I WiVRn   : [2026-09-11 04:17:40.152] [WiVRn] [info] render: selection-to-defoveate CPU 0.054 ms mean (max 0.090) over 99 actual defoveate calls; not GPU/photon latency
09-11 04:17:40.152   895 12537 I WiVRn   : [2026-09-11 04:17:40.152] [WiVRn] [info] render: jit on | wake slack 44.6 ms | slept 5.0 ms mean (max 5.0, 169 of 169 iterations) | budget 18.7 = pass 17.7 + margin 1.0 | sleep cap 5.0 ms
09-11 04:17:40.152   895 12537 I WiVRn   : [2026-09-11 04:17:40.152] [WiVRn] [info] render: source display-time offset 80.5 ms mean (worst 98.6) over 169 frames | submit lead 36.9 ms mean (worst 24.1) | misses: 0 overrun 0 late 0 skipped refresh
09-11 04:17:40.152   895 12537 I WiVRn   : [2026-09-11 04:17:40.152] [WiVRn] [info] render: source->first 6.7 ms | wire 10.4 | queue 1.5 | decode 16.1 | decode->selection 8.5 | selection->predicted 37.3 | sum 80.5 over 169 selected frames (0 invalid)
09-11 04:17:40.543   895 12532 I PxrMetric: FPS=83/90,MTP=38.36ms,AppSW=off,FrmEarly=61,FrmLate=4,FrmCpu=0.92ms,FrmGpu=7.25ms,FrmTime=13.62ms,ATWGPU=1.59ms,VsyncDelay=2,GPU=83%/587Mhz,GPUTemp=67.1C,LayerCnt=3,Pkg=org.meumeu.wivrn.nx.warp,FrmId=977
09-11 04:17:40.606   895 12576 I WiVRn   : [2026-09-11 04:17:40.606] [WiVRn] [info] Tracking pattern (11110µs):
09-11 04:17:40.606   895 12576 I WiVRn   : [2026-09-11 04:17:40.606] [WiVRn] [info] 	t+3200µs HEAD (7910µs)
09-11 04:17:40.606   895 12576 I WiVRn   : [2026-09-11 04:17:40.606] [WiVRn] [info] 	t+3240µs LEFT_GRIP (7870µs)
09-11 04:17:40.606   895 12576 I WiVRn   : [2026-09-11 04:17:40.606] [WiVRn] [info] 	t+3249µs RIGHT_GRIP (7861µs)
09-11 04:17:40.606   895 12576 I WiVRn   : [2026-09-11 04:17:40.606] [WiVRn] [info] 	t+6200µs HEAD (4910µs)
09-11 04:17:40.606   895 12576 I WiVRn   : [2026-09-11 04:17:40.606] [WiVRn] [info] 	t+6240µs LEFT_GRIP (4870µs)
09-11 04:17:40.606   895 12576 I WiVRn   : [2026-09-11 04:17:40.606] [WiVRn] [info] 	t+6249µs RIGHT_GRIP (4861µs)
09-11 04:17:41.315   895 12572 I WiVRn   : [2026-09-11 04:17:41.315] [WiVRn] [info] nxwarp[0] net: 90 frames closed in 2.0 s, 0 with a hole, 0 out-of-order datagrams, 0 frames completed late, 0 queued for the worker, 450 decoded so far, 543 stragglers dropped; last hole 2597/2825 chunks, first missing 2520, short false, chunk 1166 B; worker phase idle
09-11 04:17:41.315   895 12572 I WiVRn   : [2026-09-11 04:17:41.315] [WiVRn] [info] nxwarp[0] net: 0.031 ms per datagram over 29281 datagrams (446.31 ms of every second)
09-11 04:17:41.315   895 12572 I WiVRn   : [2026-09-11 04:17:41.315] [WiVRn] [info] nxwarp[0] sel: stride 1, arrival 21.6 ms, dropped-late 77, withheld 0, decoded 450
09-11 04:17:41.315   895 12572 I WiVRn   : [2026-09-11 04:17:41.315] [WiVRn] [info] nxwarp[0] rx: 168297 datagrams, placed 1131229 (+264656), late 201945 (+62788), stale_frame 0, bad_range 0, bad_dir 0, bad_caps 0, bad_ver 0, auth_fail 0, replay 0, frozen 0, dup 149
09-11 04:17:41.549   895 12532 I PxrMetric: FPS=91/90,MTP=35.25ms,AppSW=off,FrmEarly=28,FrmLate=6,FrmCpu=0.98ms,FrmGpu=10.24ms,FrmTime=17.07ms,ATWGPU=1.60ms,VsyncDelay=2,GPU=67%/587Mhz,GPUTemp=67.8C,LayerCnt=3,Pkg=org.meumeu.wivrn.nx.warp,FrmId=1067
09-11 04:17:41.606   895 12576 I WiVRn   : [2026-09-11 04:17:41.606] [WiVRn] [info] Tracking pattern (11109µs):
09-11 04:17:41.606   895 12576 I WiVRn   : [2026-09-11 04:17:41.606] [WiVRn] [info] 	t+3272µs HEAD (7837µs)
09-11 04:17:41.606   895 12576 I WiVRn   : [2026-09-11 04:17:41.606] [WiVRn] [info] 	t+3307µs LEFT_GRIP (7801µs)
09-11 04:17:41.606   895 12576 I WiVRn   : [2026-09-11 04:17:41.606] [WiVRn] [info] 	t+3387µs RIGHT_GRIP (7721µs)
09-11 04:17:41.606   895 12576 I WiVRn   : [2026-09-11 04:17:41.606] [WiVRn] [info] 	t+6272µs HEAD (4837µs)
09-11 04:17:41.606   895 12576 I WiVRn   : [2026-09-11 04:17:41.606] [WiVRn] [info] 	t+6307µs LEFT_GRIP (4801µs)
09-11 04:17:41.606   895 12576 I WiVRn   : [2026-09-11 04:17:41.606] [WiVRn] [info] 	t+6387µs RIGHT_GRIP (4721µs)
09-11 04:17:42.129   895 12574 I WiVRn   : [2026-09-11 04:17:42.129] [WiVRn] [info] nxwarp[0]: 91 frames in 2.0 s: 267585 B/frame, wait-prev 0.0 ms, wall 15.4 ms, nxvc passA 4.8 passB 8.2 gpu 13.0 ms; holes 3, refused 0
09-11 04:17:42.129   895 12574 I WiVRn   : [2026-09-11 04:17:42.129] [WiVRn] [info] nxwarp[0] gpu duty 584 ms/s (58% of one GPU) for decode alone; the display pass is extra
09-11 04:17:42.129   895 12574 I WiVRn   : [2026-09-11 04:17:42.129] [WiVRn] [info] nxwarp[0] passB 8.2 ms = warp 0.0 + skip 0.0 + coded 0.0 + dir 0.0 + other 8.2; tiles skip 0 / coded 3528 / dir 0 (eye pass 0)
09-11 04:17:42.129   895 12574 I WiVRn   : [2026-09-11 04:17:42.129] [WiVRn] [info] nxwarp[0]: 77 frames dropped late (queue kept to 1)
09-11 04:17:42.129   895 12574 I WiVRn   : [2026-09-11 04:17:42.129] [WiVRn] [info] nxwarp[0] stage: gap 6.8 | wait-prev 0.0 | submit 1.6 (qlock 0.0 + codec 1.6) | get_free 0.0 | fence-pre 0.0 | record 0.0 | qsubmit 0.0 | fence-post 13.7 | publish 0.0 ms; withheld 0, stride 1, arrival 22.0 ms
09-11 04:17:42.129   895 12574 I WiVRn   : [2026-09-11 04:17:42.129] [WiVRn] [info] nxwarp[0] reassembly (network thread): 0.23 ms/frame over 91 frames, buffer 261 kB held for 261 kB of unit (1.0x)
09-11 04:17:42.129   895 12574 I WiVRn   : [2026-09-11 04:17:42.129] [WiVRn] [info] nxwarp[0] fence-post 13.7 ms = nxvc gpu 13.0 + copy gpu 0.00 + queue 0.7 (over 91 frames with timestamps)
09-11 04:17:42.150   895 12537 I WiVRn   : [2026-09-11 04:17:42.150] [WiVRn] [info] render: 180 iterations in 2.0 s (89.9/s), 180 submitted a layer, 90 new-source, 0 skipped by the repeat gate, 0 with nothing to show; display period 11.1 ms
09-11 04:17:42.150   895 12537 I WiVRn   : [2026-09-11 04:17:42.150] [WiVRn] [info] render: ready wait attempts 127 success 37 total 96.481 ms | selected older than available 0
09-11 04:17:42.150   895 12537 I WiVRn   : [2026-09-11 04:17:42.150] [WiVRn] [info] render: selected source transitions forward 90 backward 0 repeat 90, greatest forward gap 1
09-11 04:17:42.150   895 12537 I WiVRn   : [2026-09-11 04:17:42.150] [WiVRn] [info] render: this app's own GPU pass 2.4 ms per iteration
09-11 04:17:42.150   895 12537 I WiVRn   : [2026-09-11 04:17:42.150] [WiVRn] [info] render: defoveate 2688x2688 per eye x2 = 14.45 Mpx/frame at scale 1.00 atlas-prototype 0; 90 re-presented from the cache (reduce_gpu_load on)
09-11 04:17:42.150   895 12537 I WiVRn   : [2026-09-11 04:17:42.150] [WiVRn] [info] render: shader path sharpness 0.00 fsr false alpha false motion false blend false glow 0.00 vignette 0.00 deband 0.00 lowpoly 0.00 levels 0 full-kernel false
09-11 04:17:42.150   895 12537 I WiVRn   : [2026-09-11 04:17:42.150] [WiVRn] [info] render: per iteration fence 1.0 (worst 7.2) | queries 0.0 | submit 0.0 | whole render() 2.1 ms
09-11 04:17:42.150   895 12537 I WiVRn   : [2026-09-11 04:17:42.150] [WiVRn] [info] render: selection-to-defoveate CPU 0.056 ms mean (max 0.168) over 90 actual defoveate calls; not GPU/photon latency
09-11 04:17:42.151   895 12537 I WiVRn   : [2026-09-11 04:17:42.150] [WiVRn] [info] render: jit on | wake slack 41.0 ms | slept 5.0 ms mean (max 5.0, 180 of 180 iterations) | budget 16.9 = pass 15.9 + margin 1.0 | sleep cap 5.0 ms
09-11 04:17:42.151   895 12537 I WiVRn   : [2026-09-11 04:17:42.151] [WiVRn] [info] render: source display-time offset 75.8 ms mean (worst 87.5) over 180 frames | submit lead 33.9 ms mean (worst 25.0) | misses: 0 overrun 0 late 0 skipped refresh
09-11 04:17:42.151   895 12537 I WiVRn   : [2026-09-11 04:17:42.151] [WiVRn] [info] render: source->first 6.8 ms | wire 11.0 | queue 0.4 | decode 15.1 | decode->selection 8.1 | selection->predicted 34.4 | sum 75.8 over 180 selected frames (0 invalid)
09-11 04:17:42.553   895 12532 I PxrMetric: FPS=89/90,MTP=32.79ms,AppSW=off,FrmEarly=13,FrmLate=8,FrmCpu=0.99ms,FrmGpu=10.37ms,FrmTime=17.02ms,ATWGPU=1.59ms,VsyncDelay=2,GPU=93%/587Mhz,GPUTemp=68.2C,LayerCnt=3,Pkg=org.meumeu.wivrn.nx.warp,FrmId=1157
09-11 04:17:42.606   895 12576 I WiVRn   : [2026-09-11 04:17:42.606] [WiVRn] [info] Tracking pattern (11109µs):
09-11 04:17:42.606   895 12576 I WiVRn   : [2026-09-11 04:17:42.606] [WiVRn] [info] 	t+3479µs HEAD (7630µs)
09-11 04:17:42.606   895 12576 I WiVRn   : [2026-09-11 04:17:42.606] [WiVRn] [info] 	t+3545µs LEFT_GRIP (7564µs)
09-11 04:17:42.606   895 12576 I WiVRn   : [2026-09-11 04:17:42.606] [WiVRn] [info] 	t+3552µs RIGHT_GRIP (7557µs)
09-11 04:17:42.606   895 12576 I WiVRn   : [2026-09-11 04:17:42.606] [WiVRn] [info] 	t+6479µs HEAD (4630µs)
09-11 04:17:42.606   895 12576 I WiVRn   : [2026-09-11 04:17:42.606] [WiVRn] [info] 	t+6545µs LEFT_GRIP (4564µs)
09-11 04:17:42.606   895 12576 I WiVRn   : [2026-09-11 04:17:42.606] [WiVRn] [info] 	t+6552µs RIGHT_GRIP (4557µs)
09-11 04:17:43.335   895 12572 I WiVRn   : [2026-09-11 04:17:43.335] [WiVRn] [info] nxwarp[0] net: 91 frames closed in 2.0 s, 0 with a hole, 0 out-of-order datagrams, 0 frames completed late, 0 queued for the worker, 541 decoded so far, 640 stragglers dropped; last hole 2597/2825 chunks, first missing 2520, short false, chunk 1166 B; worker phase idle
09-11 04:17:43.335   895 12572 I WiVRn   : [2026-09-11 04:17:43.335] [WiVRn] [info] nxwarp[0] net: 0.029 ms per datagram over 31584 datagrams (459.09 ms of every second)
09-11 04:17:43.335   895 12572 I WiVRn   : [2026-09-11 04:17:43.335] [WiVRn] [info] nxwarp[0] sel: stride 1, arrival 22.2 ms, dropped-late 77, withheld 0, decoded 541
09-11 04:17:43.335   895 12572 I WiVRn   : [2026-09-11 04:17:43.335] [WiVRn] [info] nxwarp[0] rx: 199881 datagrams, placed 1429260 (+298031), late 286257 (+84312), stale_frame 0, bad_range 0, bad_dir 0, bad_caps 0, bad_ver 0, auth_fail 0, replay 0, frozen 0, dup 199
09-11 04:17:43.559   895 12532 I PxrMetric: FPS=90/90,MTP=31.37ms,AppSW=off,FrmEarly=20,FrmLate=12,FrmCpu=0.92ms,FrmGpu=10.32ms,FrmTime=17.14ms,ATWGPU=1.59ms,VsyncDelay=2,GPU=97%/587Mhz,GPUTemp=68.2C,LayerCnt=3,Pkg=org.meumeu.wivrn.nx.warp,FrmId=1246
09-11 04:17:43.606   895 12576 I WiVRn   : [2026-09-11 04:17:43.606] [WiVRn] [info] Tracking pattern (11106µs):
09-11 04:17:43.606   895 12576 I WiVRn   : [2026-09-11 04:17:43.606] [WiVRn] [info] 	t+3018µs HEAD (8087µs)
09-11 04:17:43.606   895 12576 I WiVRn   : [2026-09-11 04:17:43.606] [WiVRn] [info] 	t+3057µs LEFT_GRIP (8048µs)
09-11 04:17:43.606   895 12576 I WiVRn   : [2026-09-11 04:17:43.606] [WiVRn] [info] 	t+3064µs RIGHT_GRIP (8041µs)
09-11 04:17:43.607   895 12576 I WiVRn   : [2026-09-11 04:17:43.607] [WiVRn] [info] 	t+6018µs HEAD (5087µs)
09-11 04:17:43.607   895 12576 I WiVRn   : [2026-09-11 04:17:43.607] [WiVRn] [info] 	t+6057µs LEFT_GRIP (5048µs)
09-11 04:17:43.607   895 12576 I WiVRn   : [2026-09-11 04:17:43.607] [WiVRn] [info] 	t+6064µs RIGHT_GRIP (5041µs)
09-11 04:17:44.152   895 12574 I WiVRn   : [2026-09-11 04:17:44.151] [WiVRn] [info] nxwarp[0]: 91 frames in 2.0 s: 276578 B/frame, wait-prev 0.0 ms, wall 15.8 ms, nxvc passA 5.0 passB 8.4 gpu 13.3 ms; holes 3, refused 0
09-11 04:17:44.152   895 12574 I WiVRn   : [2026-09-11 04:17:44.152] [WiVRn] [info] nxwarp[0] gpu duty 601 ms/s (60% of one GPU) for decode alone; the display pass is extra
09-11 04:17:44.152   895 12574 I WiVRn   : [2026-09-11 04:17:44.152] [WiVRn] [info] nxwarp[0] passB 8.4 ms = warp 0.0 + skip 0.0 + coded 0.0 + dir 0.0 + other 8.4; tiles skip 0 / coded 3528 / dir 0 (eye pass 0)
09-11 04:17:44.152   895 12574 I WiVRn   : [2026-09-11 04:17:44.152] [WiVRn] [info] nxwarp[0]: 77 frames dropped late (queue kept to 1)
09-11 04:17:44.152   895 12574 I WiVRn   : [2026-09-11 04:17:44.152] [WiVRn] [info] nxwarp[0] stage: gap 6.5 | wait-prev 0.0 | submit 1.6 (qlock 0.0 + codec 1.6) | get_free 0.0 | fence-pre 0.0 | record 0.0 | qsubmit 0.0 | fence-post 14.1 | publish 0.0 ms; withheld 0, stride 1, arrival 21.9 ms
09-11 04:17:44.152   895 12574 I WiVRn   : [2026-09-11 04:17:44.152] [WiVRn] [info] nxwarp[0] reassembly (network thread): 0.20 ms/frame over 91 frames, buffer 270 kB held for 270 kB of unit (1.0x)
09-11 04:17:44.152   895 12574 I WiVRn   : [2026-09-11 04:17:44.152] [WiVRn] [info] nxwarp[0] fence-post 14.1 ms = nxvc gpu 13.3 + copy gpu 0.00 + queue 0.7 (over 91 frames with timestamps)
09-11 04:17:44.153   895 12537 I WiVRn   : [2026-09-11 04:17:44.153] [WiVRn] [info] render: 178 iterations in 2.0 s (89.0/s), 178 submitted a layer, 90 new-source, 0 skipped by the repeat gate, 0 with nothing to show; display period 11.2 ms
09-11 04:17:44.153   895 12537 I WiVRn   : [2026-09-11 04:17:44.153] [WiVRn] [info] render: ready wait attempts 126 success 38 total 94.546 ms | selected older than available 0
09-11 04:17:44.153   895 12537 I WiVRn   : [2026-09-11 04:17:44.153] [WiVRn] [info] render: selected source transitions forward 90 backward 0 repeat 88, greatest forward gap 1
09-11 04:17:44.153   895 12537 I WiVRn   : [2026-09-11 04:17:44.153] [WiVRn] [info] render: this app's own GPU pass 2.5 ms per iteration
09-11 04:17:44.153   895 12537 I WiVRn   : [2026-09-11 04:17:44.153] [WiVRn] [info] render: defoveate 2688x2688 per eye x2 = 14.45 Mpx/frame at scale 1.00 atlas-prototype 0; 88 re-presented from the cache (reduce_gpu_load on)
09-11 04:17:44.153   895 12537 I WiVRn   : [2026-09-11 04:17:44.153] [WiVRn] [info] render: shader path sharpness 0.00 fsr false alpha false motion false blend false glow 0.00 vignette 0.00 deband 0.00 lowpoly 0.00 levels 0 full-kernel false
09-11 04:17:44.153   895 12537 I WiVRn   : [2026-09-11 04:17:44.153] [WiVRn] [info] render: per iteration fence 1.3 (worst 9.2) | queries 0.0 | submit 0.0 | whole render() 2.4 ms
09-11 04:17:44.153   895 12537 I WiVRn   : [2026-09-11 04:17:44.153] [WiVRn] [info] render: selection-to-defoveate CPU 0.054 ms mean (max 0.100) over 90 actual defoveate calls; not GPU/photon latency
09-11 04:17:44.153   895 12537 I WiVRn   : [2026-09-11 04:17:44.153] [WiVRn] [info] render: jit on | wake slack 40.1 ms | slept 5.0 ms mean (max 5.0, 178 of 178 iterations) | budget 15.1 = pass 14.1 + margin 1.0 | sleep cap 5.0 ms
09-11 04:17:44.153   895 12537 I WiVRn   : [2026-09-11 04:17:44.153] [WiVRn] [info] render: source display-time offset 74.9 ms mean (worst 87.6) over 178 frames | submit lead 32.7 ms mean (worst 25.2) | misses: 0 overrun 0 late 0 skipped refresh
09-11 04:17:44.153   895 12537 I WiVRn   : [2026-09-11 04:17:44.153] [WiVRn] [info] render: source->first 6.8 ms | wire 11.2 | queue 0.3 | decode 15.5 | decode->selection 8.0 | selection->predicted 33.1 | sum 74.9 over 178 selected frames (0 invalid)
09-11 04:17:44.574   895 12532 I PxrMetric: FPS=88/90,MTP=34.96ms,AppSW=off,FrmEarly=16,FrmLate=9,FrmCpu=1.06ms,FrmGpu=10.61ms,FrmTime=17.29ms,ATWGPU=1.58ms,VsyncDelay=2,GPU=66%/587Mhz,GPUTemp=66.3C,LayerCnt=3,Pkg=org.meumeu.wivrn.nx.warp,FrmId=1337
09-11 04:17:44.606   895 12576 I WiVRn   : [2026-09-11 04:17:44.606] [WiVRn] [info] Tracking pattern (11102µs):
09-11 04:17:44.606   895 12576 I WiVRn   : [2026-09-11 04:17:44.606] [WiVRn] [info] 	t+3334µs HEAD (7767µs)
09-11 04:17:44.607   895 12576 I WiVRn   : [2026-09-11 04:17:44.607] [WiVRn] [info] 	t+3384µs LEFT_GRIP (7718µs)
09-11 04:17:44.607   895 12576 I WiVRn   : [2026-09-11 04:17:44.607] [WiVRn] [info] 	t+3394µs RIGHT_GRIP (7708µs)
09-11 04:17:44.607   895 12576 I WiVRn   : [2026-09-11 04:17:44.607] [WiVRn] [info] 	t+6334µs HEAD (4767µs)
09-11 04:17:44.607   895 12576 I WiVRn   : [2026-09-11 04:17:44.607] [WiVRn] [info] 	t+6384µs LEFT_GRIP (4718µs)
09-11 04:17:44.607   895 12576 I WiVRn   : [2026-09-11 04:17:44.607] [WiVRn] [info] 	t+6394µs RIGHT_GRIP (4708µs)
09-11 04:17:45.347   895 12572 I WiVRn   : [2026-09-11 04:17:45.347] [WiVRn] [info] nxwarp[0] net: 90 frames closed in 2.0 s, 0 with a hole, 0 out-of-order datagrams, 0 frames completed late, 0 queued for the worker, 631 decoded so far, 730 stragglers dropped; last hole 2597/2825 chunks, first missing 2520, short false, chunk 1166 B; worker phase idle
09-11 04:17:45.347   895 12572 I WiVRn   : [2026-09-11 04:17:45.347] [WiVRn] [info] nxwarp[0] net: 0.030 ms per datagram over 30550 datagrams (454.03 ms of every second)
09-11 04:17:45.347   895 12572 I WiVRn   : [2026-09-11 04:17:45.347] [WiVRn] [info] nxwarp[0] sel: stride 1, arrival 22.2 ms, dropped-late 77, withheld 0, decoded 631
09-11 04:17:45.347   895 12572 I WiVRn   : [2026-09-11 04:17:45.347] [WiVRn] [info] nxwarp[0] rx: 230431 datagrams, placed 1746780 (+317520), late 370289 (+84032), stale_frame 0, bad_range 0, bad_dir 0, bad_caps 0, bad_ver 0, auth_fail 0, replay 0, frozen 0, dup 256
09-11 04:17:45.574   895 12532 I PxrMetric: FPS=90/90,MTP=33.97ms,AppSW=off,FrmEarly=16,FrmLate=6,FrmCpu=0.94ms,FrmGpu=10.38ms,FrmTime=16.97ms,ATWGPU=1.59ms,VsyncDelay=2,GPU=58%/587Mhz,GPUTemp=67.4C,LayerCnt=3,Pkg=org.meumeu.wivrn.nx.warp,FrmId=1426
09-11 04:17:45.606   895 12576 I WiVRn   : [2026-09-11 04:17:45.606] [WiVRn] [info] Tracking pattern (11109µs):
09-11 04:17:45.607   895 12576 I WiVRn   : [2026-09-11 04:17:45.607] [WiVRn] [info] 	t+3022µs HEAD (8087µs)
09-11 04:17:45.607   895 12576 I WiVRn   : [2026-09-11 04:17:45.607] [WiVRn] [info] 	t+3115µs LEFT_GRIP (7994µs)
09-11 04:17:45.607   895 12576 I WiVRn   : [2026-09-11 04:17:45.607] [WiVRn] [info] 	t+3126µs RIGHT_GRIP (7983µs)
09-11 04:17:45.607   895 12576 I WiVRn   : [2026-09-11 04:17:45.607] [WiVRn] [info] 	t+6022µs HEAD (5087µs)
09-11 04:17:45.607   895 12576 I WiVRn   : [2026-09-11 04:17:45.607] [WiVRn] [info] 	t+6115µs LEFT_GRIP (4994µs)
09-11 04:17:45.607   895 12576 I WiVRn   : [2026-09-11 04:17:45.607] [WiVRn] [info] 	t+6126µs RIGHT_GRIP (4983µs)
09-11 04:17:46.151   895 12537 I WiVRn   : [2026-09-11 04:17:46.151] [WiVRn] [info] render: 179 iterations in 2.0 s (89.5/s), 179 submitted a layer, 90 new-source, 0 skipped by the repeat gate, 0 with nothing to show; display period 11.2 ms
09-11 04:17:46.151   895 12537 I WiVRn   : [2026-09-11 04:17:46.151] [WiVRn] [info] render: ready wait attempts 132 success 43 total 96.069 ms | selected older than available 0
09-11 04:17:46.151   895 12537 I WiVRn   : [2026-09-11 04:17:46.151] [WiVRn] [info] render: selected source transitions forward 90 backward 0 repeat 89, greatest forward gap 1
09-11 04:17:46.151   895 12537 I WiVRn   : [2026-09-11 04:17:46.151] [WiVRn] [info] render: this app's own GPU pass 2.4 ms per iteration
09-11 04:17:46.151   895 12537 I WiVRn   : [2026-09-11 04:17:46.151] [WiVRn] [info] render: defoveate 2688x2688 per eye x2 = 14.45 Mpx/frame at scale 1.00 atlas-prototype 0; 89 re-presented from the cache (reduce_gpu_load on)
09-11 04:17:46.151   895 12537 I WiVRn   : [2026-09-11 04:17:46.151] [WiVRn] [info] render: shader path sharpness 0.00 fsr false alpha false motion false blend false glow 0.00 vignette 0.00 deband 0.00 lowpoly 0.00 levels 0 full-kernel false
09-11 04:17:46.151   895 12537 I WiVRn   : [2026-09-11 04:17:46.151] [WiVRn] [info] render: per iteration fence 0.9 (worst 7.8) | queries 0.0 | submit 0.0 | whole render() 2.0 ms
09-11 04:17:46.151   895 12537 I WiVRn   : [2026-09-11 04:17:46.151] [WiVRn] [info] render: selection-to-defoveate CPU 0.056 ms mean (max 0.126) over 90 actual defoveate calls; not GPU/photon latency
09-11 04:17:46.151   895 12537 I WiVRn   : [2026-09-11 04:17:46.151] [WiVRn] [info] render: jit on | wake slack 39.8 ms | slept 5.0 ms mean (max 5.0, 179 of 179 iterations) | budget 13.3 = pass 12.3 + margin 1.0 | sleep cap 5.0 ms
09-11 04:17:46.151   895 12537 I WiVRn   : [2026-09-11 04:17:46.151] [WiVRn] [info] render: source display-time offset 73.9 ms mean (worst 87.7) over 179 frames | submit lead 32.8 ms mean (worst 24.8) | misses: 0 overrun 0 late 0 skipped refresh
09-11 04:17:46.151   895 12537 I WiVRn   : [2026-09-11 04:17:46.151] [WiVRn] [info] render: source->first 6.6 ms | wire 11.0 | queue 0.3 | decode 15.0 | decode->selection 7.7 | selection->predicted 33.3 | sum 73.9 over 179 selected frames (0 invalid)
09-11 04:17:46.171   895 12574 I WiVRn   : [2026-09-11 04:17:46.171] [WiVRn] [info] nxwarp[0]: 91 frames in 2.0 s: 258436 B/frame, wait-prev 0.0 ms, wall 15.2 ms, nxvc passA 4.5 passB 8.3 gpu 12.9 ms; holes 3, refused 0
09-11 04:17:46.171   895 12574 I WiVRn   : [2026-09-11 04:17:46.171] [WiVRn] [info] nxwarp[0] gpu duty 579 ms/s (58% of one GPU) for decode alone; the display pass is extra
09-11 04:17:46.171   895 12574 I WiVRn   : [2026-09-11 04:17:46.171] [WiVRn] [info] nxwarp[0] passB 8.3 ms = warp 0.0 + skip 0.0 + coded 0.0 + dir 0.0 + other 8.3; tiles skip 0 / coded 3528 / dir 0 (eye pass 0)
09-11 04:17:46.171   895 12574 I WiVRn   : [2026-09-11 04:17:46.171] [WiVRn] [info] nxwarp[0]: 77 frames dropped late (queue kept to 1)
09-11 04:17:46.171   895 12574 I WiVRn   : [2026-09-11 04:17:46.171] [WiVRn] [info] nxwarp[0] stage: gap 7.0 | wait-prev 0.0 | submit 1.6 (qlock 0.0 + codec 1.6) | get_free 0.0 | fence-pre 0.0 | record 0.0 | qsubmit 0.0 | fence-post 13.6 | publish 0.0 ms; withheld 0, stride 1, arrival 19.4 ms
09-11 04:17:46.171   895 12574 I WiVRn   : [2026-09-11 04:17:46.171] [WiVRn] [info] nxwarp[0] reassembly (network thread): 0.21 ms/frame over 92 frames, buffer 252 kB held for 252 kB of unit (1.0x)
09-11 04:17:46.171   895 12574 I WiVRn   : [2026-09-11 04:17:46.171] [WiVRn] [info] nxwarp[0] fence-post 13.6 ms = nxvc gpu 12.9 + copy gpu 0.00 + queue 0.7 (over 91 frames with timestamps)
09-11 04:17:46.580   895 12532 I PxrMetric: FPS=89/90,MTP=32.85ms,AppSW=off,FrmEarly=19,FrmLate=13,FrmCpu=0.76ms,FrmGpu=13.61ms,FrmTime=24.63ms,ATWGPU=1.60ms,VsyncDelay=3,GPU=93%/587Mhz,GPUTemp=67.8C,LayerCnt=3,Pkg=org.meumeu.wivrn.nx.warp,FrmId=1509
09-11 04:17:46.607   895 12576 I WiVRn   : [2026-09-11 04:17:46.607] [WiVRn] [info] Tracking pattern (11112µs):
09-11 04:17:46.607   895 12576 I WiVRn   : [2026-09-11 04:17:46.607] [WiVRn] [info] 	t+3244µs HEAD (7868µs)
09-11 04:17:46.607   895 12576 I WiVRn   : [2026-09-11 04:17:46.607] [WiVRn] [info] 	t+3288µs LEFT_GRIP (7823µs)
09-11 04:17:46.607   895 12576 I WiVRn   : [2026-09-11 04:17:46.607] [WiVRn] [info] 	t+3296µs RIGHT_GRIP (7815µs)
09-11 04:17:46.607   895 12576 I WiVRn   : [2026-09-11 04:17:46.607] [WiVRn] [info] 	t+6244µs HEAD (4868µs)
09-11 04:17:46.607   895 12576 I WiVRn   : [2026-09-11 04:17:46.607] [WiVRn] [info] 	t+6288µs LEFT_GRIP (4823µs)
09-11 04:17:46.607   895 12576 I WiVRn   : [2026-09-11 04:17:46.607] [WiVRn] [info] 	t+6296µs RIGHT_GRIP (4815µs)
09-11 04:17:47.357   895 12572 I WiVRn   : [2026-09-11 04:17:47.357] [WiVRn] [info] nxwarp[0] net: 102 frames closed in 2.0 s, 0 with a hole, 0 out-of-order datagrams, 0 frames completed late, 0 queued for the worker, 732 decoded so far, 832 stragglers dropped; last hole 2597/2825 chunks, first missing 2520, short false, chunk 1166 B; worker phase copy-fence-wait
09-11 04:17:47.357   895 12572 I WiVRn   : [2026-09-11 04:17:47.357] [WiVRn] [info] nxwarp[0] net: 0.029 ms per datagram over 32803 datagrams (480.42 ms of every second)
09-11 04:17:47.357   895 12572 I WiVRn   : [2026-09-11 04:17:47.357] [WiVRn] [info] nxwarp[0] sel: stride 1, arrival 18.2 ms, dropped-late 77, withheld 0, decoded 732
09-11 04:17:47.357   895 12572 I WiVRn   : [2026-09-11 04:17:47.357] [WiVRn] [info] nxwarp[0] rx: 263234 datagrams, placed 2100028 (+353248), late 428264 (+57975), stale_frame 0, bad_range 0, bad_dir 0, bad_caps 0, bad_ver 0, auth_fail 0, replay 0, frozen 0, dup 299
09-11 04:17:47.589   895 12532 I PxrMetric: FPS=83/90,MTP=35.40ms,AppSW=off,FrmEarly=27,FrmLate=14,FrmCpu=0.86ms,FrmGpu=10.18ms,FrmTime=18.15ms,ATWGPU=1.59ms,VsyncDelay=2,GPU=95%/587Mhz,GPUTemp=68.2C,LayerCnt=3,Pkg=org.meumeu.wivrn.nx.warp,FrmId=1585
09-11 04:17:47.607   895 12576 I WiVRn   : [2026-09-11 04:17:47.607] [WiVRn] [info] Tracking pattern (11112µs):
09-11 04:17:47.607   895 12576 I WiVRn   : [2026-09-11 04:17:47.607] [WiVRn] [info] 	t+2782µs HEAD (8329µs)
09-11 04:17:47.607   895 12576 I WiVRn   : [2026-09-11 04:17:47.607] [WiVRn] [info] 	t+2822µs LEFT_GRIP (8289µs)
09-11 04:17:47.607   895 12576 I WiVRn   : [2026-09-11 04:17:47.607] [WiVRn] [info] 	t+2829µs RIGHT_GRIP (8282µs)
09-11 04:17:47.607   895 12576 I WiVRn   : [2026-09-11 04:17:47.607] [WiVRn] [info] 	t+5782µs HEAD (5329µs)
09-11 04:17:47.607   895 12576 I WiVRn   : [2026-09-11 04:17:47.607] [WiVRn] [info] 	t+5822µs LEFT_GRIP (5289µs)
09-11 04:17:47.607   895 12576 I WiVRn   : [2026-09-11 04:17:47.607] [WiVRn] [info] 	t+5829µs RIGHT_GRIP (5282µs)
09-11 04:17:48.162   895 12537 I WiVRn   : [2026-09-11 04:17:48.162] [WiVRn] [info] render: 149 iterations in 2.0 s (74.1/s), 149 submitted a layer, 107 new-source, 0 skipped by the repeat gate, 0 with nothing to show; display period 13.5 ms
09-11 04:17:48.162   895 12537 I WiVRn   : [2026-09-11 04:17:48.162] [WiVRn] [info] render: ready wait attempts 48 success 6 total 44.801 ms | selected older than available 0
09-11 04:17:48.162   895 12537 I WiVRn   : [2026-09-11 04:17:48.162] [WiVRn] [info] render: selected source transitions forward 107 backward 0 repeat 42, greatest forward gap 2
09-11 04:17:48.162   895 12537 I WiVRn   : [2026-09-11 04:17:48.162] [WiVRn] [info] render: this app's own GPU pass 3.4 ms per iteration
09-11 04:17:48.162   895 12537 I WiVRn   : [2026-09-11 04:17:48.162] [WiVRn] [info] render: defoveate 2688x2688 per eye x2 = 14.45 Mpx/frame at scale 1.00 atlas-prototype 0; 42 re-presented from the cache (reduce_gpu_load on)
09-11 04:17:48.162   895 12537 I WiVRn   : [2026-09-11 04:17:48.162] [WiVRn] [info] render: shader path sharpness 0.00 fsr false alpha false motion false blend false glow 0.00 vignette 0.00 deband 0.00 lowpoly 0.00 levels 0 full-kernel false
09-11 04:17:48.162   895 12537 I WiVRn   : [2026-09-11 04:17:48.162] [WiVRn] [info] render: per iteration fence 3.4 (worst 13.3) | queries 0.0 | submit 0.0 | whole render() 4.3 ms
09-11 04:17:48.162   895 12537 I WiVRn   : [2026-09-11 04:17:48.162] [WiVRn] [info] render: selection-to-defoveate CPU 0.053 ms mean (max 0.127) over 107 actual defoveate calls; not GPU/photon latency
09-11 04:17:48.162   895 12537 I WiVRn   : [2026-09-11 04:17:48.162] [WiVRn] [info] render: jit on | wake slack 45.2 ms | slept 5.0 ms mean (max 5.0, 149 of 149 iterations) | budget 14.8 = pass 13.8 + margin 1.0 | sleep cap 5.0 ms
09-11 04:17:48.162   895 12537 I WiVRn   : [2026-09-11 04:17:48.162] [WiVRn] [info] render: source display-time offset 78.2 ms mean (worst 98.8) over 149 frames | submit lead 35.8 ms mean (worst 21.3) | misses: 0 overrun 0 late 0 skipped refresh
09-11 04:17:48.162   895 12537 I WiVRn   : [2026-09-11 04:17:48.162] [WiVRn] [info] render: source->first 6.5 ms | wire 10.0 | queue 2.3 | decode 15.9 | decode->selection 7.1 | selection->predicted 36.4 | sum 78.2 over 149 selected frames (0 invalid)
09-11 04:17:48.174   895 12574 I WiVRn   : [2026-09-11 04:17:48.174] [WiVRn] [info] nxwarp[0]: 108 frames in 2.0 s: 255960 B/frame, wait-prev 0.0 ms, wall 16.0 ms, nxvc passA 4.8 passB 8.1 gpu 12.8 ms; holes 3, refused 0
09-11 04:17:48.174   895 12574 I WiVRn   : [2026-09-11 04:17:48.174] [WiVRn] [info] nxwarp[0] gpu duty 693 ms/s (69% of one GPU) for decode alone; the display pass is extra
09-11 04:17:48.174   895 12574 I WiVRn   : [2026-09-11 04:17:48.174] [WiVRn] [info] nxwarp[0] passB 8.1 ms = warp 0.0 + skip 0.0 + coded 0.0 + dir 0.0 + other 8.1; tiles skip 0 / coded 3528 / dir 0 (eye pass 0)
09-11 04:17:48.174   895 12574 I WiVRn   : [2026-09-11 04:17:48.174] [WiVRn] [info] nxwarp[0]: 77 frames dropped late (queue kept to 1)
09-11 04:17:48.174   895 12574 I WiVRn   : [2026-09-11 04:17:48.174] [WiVRn] [info] nxwarp[0] stage: gap 2.5 | wait-prev 0.0 | submit 1.7 (qlock 0.0 + codec 1.7) | get_free 0.0 | fence-pre 0.0 | record 0.0 | qsubmit 0.0 | fence-post 14.3 | publish 0.0 ms; withheld 0, stride 1, arrival 17.8 ms
09-11 04:17:48.174   895 12574 I WiVRn   : [2026-09-11 04:17:48.174] [WiVRn] [info] nxwarp[0] reassembly (network thread): 0.21 ms/frame over 108 frames, buffer 250 kB held for 250 kB of unit (1.0x)
09-11 04:17:48.174   895 12574 I WiVRn   : [2026-09-11 04:17:48.174] [WiVRn] [info] nxwarp[0] fence-post 14.3 ms = nxvc gpu 12.8 + copy gpu 0.00 + queue 1.5 (over 108 frames with timestamps)
09-11 04:17:48.604   895 12532 I PxrMetric: FPS=76/90,MTP=41.37ms,AppSW=off,FrmEarly=21,FrmLate=12,FrmCpu=0.88ms,FrmGpu=11.81ms,FrmTime=19.03ms,ATWGPU=1.60ms,VsyncDelay=3,GPU=95%/587Mhz,GPUTemp=67.8C,LayerCnt=3,Pkg=org.meumeu.wivrn.nx.warp,FrmId=1665
09-11 04:17:48.607   895 12576 I WiVRn   : [2026-09-11 04:17:48.607] [WiVRn] [info] Tracking pattern (11112µs):
09-11 04:17:48.607   895 12576 I WiVRn   : [2026-09-11 04:17:48.607] [WiVRn] [info] 	t+2941µs HEAD (8170µs)
09-11 04:17:48.607   895 12576 I WiVRn   : [2026-09-11 04:17:48.607] [WiVRn] [info] 	t+3081µs LEFT_GRIP (8030µs)
09-11 04:17:48.607   895 12576 I WiVRn   : [2026-09-11 04:17:48.607] [WiVRn] [info] 	t+3086µs RIGHT_GRIP (8025µs)
09-11 04:17:48.607   895 12576 I WiVRn   : [2026-09-11 04:17:48.607] [WiVRn] [info] 	t+5941µs HEAD (5170µs)
09-11 04:17:48.607   895 12576 I WiVRn   : [2026-09-11 04:17:48.607] [WiVRn] [info] 	t+6081µs LEFT_GRIP (5030µs)
09-11 04:17:48.607   895 12576 I WiVRn   : [2026-09-11 04:17:48.607] [WiVRn] [info] 	t+6086µs RIGHT_GRIP (5025µs)
09-11 04:17:49.370   895 12572 I WiVRn   : [2026-09-11 04:17:49.370] [WiVRn] [info] nxwarp[0] net: 108 frames closed in 2.0 s, 0 with a hole, 0 out-of-order datagrams, 0 frames completed late, 0 queued for the worker, 840 decoded so far, 940 stragglers dropped; last hole 2597/2825 chunks, first missing 2520, short false, chunk 1166 B; worker phase copy-fence-wait
09-11 04:17:49.370   895 12572 I WiVRn   : [2026-09-11 04:17:49.370] [WiVRn] [info] nxwarp[0] net: 0.028 ms per datagram over 34567 datagrams (485.33 ms of every second)
09-11 04:17:49.370   895 12572 I WiVRn   : [2026-09-11 04:17:49.370] [WiVRn] [info] nxwarp[0] sel: stride 1, arrival 17.7 ms, dropped-late 77, withheld 0, decoded 840
09-11 04:17:49.370   895 12572 I WiVRn   : [2026-09-11 04:17:49.370] [WiVRn] [info] nxwarp[0] rx: 297801 datagrams, placed 2471119 (+371091), late 474837 (+46573), stale_frame 0, bad_range 0, bad_dir 0, bad_caps 0, bad_ver 0, auth_fail 0, replay 0, frozen 0, dup 326
09-11 04:17:49.607   895 12576 I WiVRn   : [2026-09-11 04:17:49.607] [WiVRn] [info] Tracking pattern (11111µs):
09-11 04:17:49.607   895 12576 I WiVRn   : [2026-09-11 04:17:49.607] [WiVRn] [info] 	t+2989µs HEAD (8122µs)
09-11 04:17:49.607   895 12576 I WiVRn   : [2026-09-11 04:17:49.607] [WiVRn] [info] 	t+3023µs LEFT_GRIP (8087µs)
09-11 04:17:49.607   895 12576 I WiVRn   : [2026-09-11 04:17:49.607] [WiVRn] [info] 	t+3029µs RIGHT_GRIP (8081µs)
09-11 04:17:49.607   895 12576 I WiVRn   : [2026-09-11 04:17:49.607] [WiVRn] [info] 	t+5989µs HEAD (5122µs)
09-11 04:17:49.607   895 12576 I WiVRn   : [2026-09-11 04:17:49.607] [WiVRn] [info] 	t+6023µs LEFT_GRIP (5087µs)
09-11 04:17:49.607   895 12576 I WiVRn   : [2026-09-11 04:17:49.607] [WiVRn] [info] 	t+6029µs RIGHT_GRIP (5081µs)
09-11 04:17:49.614   895 12532 I PxrMetric: FPS=79/90,MTP=33.87ms,AppSW=off,FrmEarly=30,FrmLate=13,FrmCpu=0.71ms,FrmGpu=15.75ms,FrmTime=29.79ms,ATWGPU=1.59ms,VsyncDelay=3,GPU=98%/587Mhz,GPUTemp=69.8C,LayerCnt=3,Pkg=org.meumeu.wivrn.nx.warp,FrmId=1746
09-11 04:17:50.170   895 12537 I WiVRn   : [2026-09-11 04:17:50.170] [WiVRn] [info] render: 165 iterations in 2.0 s (82.2/s), 165 submitted a layer, 107 new-source, 0 skipped by the repeat gate, 0 with nothing to show; display period 12.2 ms
09-11 04:17:50.170   895 12537 I WiVRn   : [2026-09-11 04:17:50.170] [WiVRn] [info] render: ready wait attempts 74 success 16 total 62.051 ms | selected older than available 0
09-11 04:17:50.170   895 12537 I WiVRn   : [2026-09-11 04:17:50.170] [WiVRn] [info] render: selected source transitions forward 107 backward 0 repeat 58, greatest forward gap 1
09-11 04:17:50.170   895 12537 I WiVRn   : [2026-09-11 04:17:50.170] [WiVRn] [info] render: this app's own GPU pass 3.1 ms per iteration
09-11 04:17:50.170   895 12537 I WiVRn   : [2026-09-11 04:17:50.170] [WiVRn] [info] render: defoveate 2688x2688 per eye x2 = 14.45 Mpx/frame at scale 1.00 atlas-prototype 0; 58 re-presented from the cache (reduce_gpu_load on)
09-11 04:17:50.170   895 12537 I WiVRn   : [2026-09-11 04:17:50.170] [WiVRn] [info] render: shader path sharpness 0.00 fsr false alpha false motion false blend false glow 0.00 vignette 0.00 deband 0.00 lowpoly 0.00 levels 0 full-kernel false
09-11 04:17:50.170   895 12537 I WiVRn   : [2026-09-11 04:17:50.170] [WiVRn] [info] render: per iteration fence 2.2 (worst 12.8) | queries 0.0 | submit 0.0 | whole render() 3.2 ms
09-11 04:17:50.170   895 12537 I WiVRn   : [2026-09-11 04:17:50.170] [WiVRn] [info] render: selection-to-defoveate CPU 0.054 ms mean (max 0.111) over 107 actual defoveate calls; not GPU/photon latency
09-11 04:17:50.170   895 12537 I WiVRn   : [2026-09-11 04:17:50.170] [WiVRn] [info] render: jit on | wake slack 45.7 ms | slept 5.0 ms mean (max 5.0, 165 of 165 iterations) | budget 14.2 = pass 13.2 + margin 1.0 | sleep cap 5.0 ms
09-11 04:17:50.170   895 12537 I WiVRn   : [2026-09-11 04:17:50.170] [WiVRn] [info] render: source display-time offset 79.2 ms mean (worst 98.5) over 165 frames | submit lead 37.5 ms mean (worst 20.4) | misses: 0 overrun 0 late 0 skipped refresh
09-11 04:17:50.170   895 12537 I WiVRn   : [2026-09-11 04:17:50.170] [WiVRn] [info] render: source->first 6.2 ms | wire 10.0 | queue 2.2 | decode 16.2 | decode->selection 6.5 | selection->predicted 38.1 | sum 79.2 over 165 selected frames (0 invalid)
09-11 04:17:50.187   895 12574 I WiVRn   : [2026-09-11 04:17:50.187] [WiVRn] [info] nxwarp[0]: 107 frames in 2.0 s: 258787 B/frame, wait-prev 0.0 ms, wall 16.3 ms, nxvc passA 4.7 passB 8.1 gpu 12.8 ms; holes 3, refused 0
09-11 04:17:50.187   895 12574 I WiVRn   : [2026-09-11 04:17:50.187] [WiVRn] [info] nxwarp[0] gpu duty 679 ms/s (68% of one GPU) for decode alone; the display pass is extra
09-11 04:17:50.187   895 12574 I WiVRn   : [2026-09-11 04:17:50.187] [WiVRn] [info] nxwarp[0] passB 8.1 ms = warp 0.0 + skip 0.0 + coded 0.0 + dir 0.0 + other 8.1; tiles skip 0 / coded 3528 / dir 0 (eye pass 0)
09-11 04:17:50.187   895 12574 I WiVRn   : [2026-09-11 04:17:50.187] [WiVRn] [info] nxwarp[0]: 77 frames dropped late (queue kept to 1)
09-11 04:17:50.187   895 12574 I WiVRn   : [2026-09-11 04:17:50.187] [WiVRn] [info] nxwarp[0] stage: gap 2.5 | wait-prev 0.0 | submit 1.6 (qlock 0.0 + codec 1.6) | get_free 0.0 | fence-pre 0.0 | record 0.0 | qsubmit 0.0 | fence-post 14.6 | publish 0.0 ms; withheld 0, stride 1, arrival 18.2 ms
09-11 04:17:50.187   895 12574 I WiVRn   : [2026-09-11 04:17:50.187] [WiVRn] [info] nxwarp[0] reassembly (network thread): 0.20 ms/frame over 107 frames, buffer 253 kB held for 253 kB of unit (1.0x)
09-11 04:17:50.187   895 12574 I WiVRn   : [2026-09-11 04:17:50.187] [WiVRn] [info] nxwarp[0] fence-post 14.6 ms = nxvc gpu 12.8 + copy gpu 0.00 + queue 1.8 (over 107 frames with timestamps)
09-11 04:17:50.607   895 12576 I WiVRn   : [2026-09-11 04:17:50.607] [WiVRn] [info] Tracking pattern (11110µs):
09-11 04:17:50.607   895 12576 I WiVRn   : [2026-09-11 04:17:50.607] [WiVRn] [info] 	t+3165µs HEAD (7944µs)
09-11 04:17:50.607   895 12576 I WiVRn   : [2026-09-11 04:17:50.607] [WiVRn] [info] 	t+3208µs LEFT_GRIP (7902µs)
09-11 04:17:50.607   895 12576 I WiVRn   : [2026-09-11 04:17:50.607] [WiVRn] [info] 	t+3215µs RIGHT_GRIP (7895µs)
09-11 04:17:50.607   895 12576 I WiVRn   : [2026-09-11 04:17:50.607] [WiVRn] [info] 	t+6165µs HEAD (4944µs)
09-11 04:17:50.607   895 12576 I WiVRn   : [2026-09-11 04:17:50.607] [WiVRn] [info] 	t+6208µs LEFT_GRIP (4902µs)
09-11 04:17:50.607   895 12576 I WiVRn   : [2026-09-11 04:17:50.607] [WiVRn] [info] 	t+6215µs RIGHT_GRIP (4895µs)
09-11 04:17:50.622   895 12532 I PxrMetric: FPS=80/90,MTP=37.02ms,AppSW=off,FrmEarly=51,FrmLate=5,FrmCpu=0.98ms,FrmGpu=7.19ms,FrmTime=13.69ms,ATWGPU=1.59ms,VsyncDelay=2,GPU=99%/587Mhz,GPUTemp=69.0C,LayerCnt=3,Pkg=org.meumeu.wivrn.nx.warp,FrmId=1832
09-11 04:17:51.379   895 12572 I WiVRn   : [2026-09-11 04:17:51.379] [WiVRn] [info] nxwarp[0] net: 97 frames closed in 2.0 s, 0 with a hole, 0 out-of-order datagrams, 0 frames completed late, 0 queued for the worker, 938 decoded so far, 1044 stragglers dropped; last hole 2597/2825 chunks, first missing 2520, short false, chunk 1166 B; worker phase idle
09-11 04:17:51.379   895 12572 I WiVRn   : [2026-09-11 04:17:51.379] [WiVRn] [info] nxwarp[0] net: 0.030 ms per datagram over 31124 datagrams (462.72 ms of every second)
09-11 04:17:51.379   895 12572 I WiVRn   : [2026-09-11 04:17:51.379] [WiVRn] [info] nxwarp[0] sel: stride 1, arrival 22.1 ms, dropped-late 77, withheld 0, decoded 938
09-11 04:17:51.379   895 12572 I WiVRn   : [2026-09-11 04:17:51.379] [WiVRn] [info] nxwarp[0] rx: 328925 datagrams, placed 2681626 (+210507), late 524136 (+49299), stale_frame 0, bad_range 0, bad_dir 0, bad_caps 0, bad_ver 0, auth_fail 0, replay 0, frozen 0, dup 357
09-11 04:17:51.607   895 12576 I WiVRn   : [2026-09-11 04:17:51.607] [WiVRn] [info] Tracking pattern (11110µs):
09-11 04:17:51.607   895 12576 I WiVRn   : [2026-09-11 04:17:51.607] [WiVRn] [info] 	t+2935µs HEAD (8175µs)
09-11 04:17:51.607   895 12576 I WiVRn   : [2026-09-11 04:17:51.607] [WiVRn] [info] 	t+3027µs LEFT_GRIP (8083µs)
09-11 04:17:51.607   895 12576 I WiVRn   : [2026-09-11 04:17:51.607] [WiVRn] [info] 	t+3038µs RIGHT_GRIP (8072µs)
09-11 04:17:51.607   895 12576 I WiVRn   : [2026-09-11 04:17:51.607] [WiVRn] [info] 	t+5935µs HEAD (5175µs)
09-11 04:17:51.607   895 12576 I WiVRn   : [2026-09-11 04:17:51.607] [WiVRn] [info] 	t+6027µs LEFT_GRIP (5083µs)
09-11 04:17:51.607   895 12576 I WiVRn   : [2026-09-11 04:17:51.607] [WiVRn] [info] 	t+6038µs RIGHT_GRIP (5072µs)
09-11 04:17:51.622   895 12532 I PxrMetric: FPS=86/90,MTP=37.88ms,AppSW=off,FrmEarly=56,FrmLate=0,FrmCpu=1.00ms,FrmGpu=8.20ms,FrmTime=14.71ms,ATWGPU=1.58ms,VsyncDelay=2,GPU=99%/587Mhz,GPUTemp=67.8C,LayerCnt=3,Pkg=org.meumeu.wivrn.nx.warp,FrmId=1922
09-11 04:17:52.174   895 12537 I WiVRn   : [2026-09-11 04:17:52.174] [WiVRn] [info] render: 179 iterations in 2.0 s (89.3/s), 179 submitted a layer, 91 new-source, 0 skipped by the repeat gate, 0 with nothing to show; display period 11.2 ms
09-11 04:17:52.174   895 12537 I WiVRn   : [2026-09-11 04:17:52.174] [WiVRn] [info] render: ready wait attempts 109 success 21 total 93.943 ms | selected older than available 0
09-11 04:17:52.174   895 12537 I WiVRn   : [2026-09-11 04:17:52.174] [WiVRn] [info] render: selected source transitions forward 91 backward 0 repeat 88, greatest forward gap 1
09-11 04:17:52.174   895 12537 I WiVRn   : [2026-09-11 04:17:52.174] [WiVRn] [info] render: this app's own GPU pass 2.4 ms per iteration
09-11 04:17:52.174   895 12537 I WiVRn   : [2026-09-11 04:17:52.174] [WiVRn] [info] render: defoveate 2688x2688 per eye x2 = 14.45 Mpx/frame at scale 1.00 atlas-prototype 0; 88 re-presented from the cache (reduce_gpu_load on)
09-11 04:17:52.174   895 12537 I WiVRn   : [2026-09-11 04:17:52.174] [WiVRn] [info] render: shader path sharpness 0.00 fsr false alpha false motion false blend false glow 0.00 vignette 0.00 deband 0.00 lowpoly 0.00 levels 0 full-kernel false
09-11 04:17:52.174   895 12537 I WiVRn   : [2026-09-11 04:17:52.174] [WiVRn] [info] render: per iteration fence 0.8 (worst 10.3) | queries 0.0 | submit 0.0 | whole render() 1.9 ms
09-11 04:17:52.174   895 12537 I WiVRn   : [2026-09-11 04:17:52.174] [WiVRn] [info] render: selection-to-defoveate CPU 0.059 ms mean (max 0.135) over 91 actual defoveate calls; not GPU/photon latency
09-11 04:17:52.174   895 12537 I WiVRn   : [2026-09-11 04:17:52.174] [WiVRn] [info] render: jit on | wake slack 41.5 ms | slept 5.0 ms mean (max 5.0, 179 of 179 iterations) | budget 12.4 = pass 11.4 + margin 1.0 | sleep cap 5.0 ms
09-11 04:17:52.174   895 12537 I WiVRn   : [2026-09-11 04:17:52.174] [WiVRn] [info] render: source display-time offset 77.0 ms mean (worst 87.4) over 179 frames | submit lead 34.6 ms mean (worst 25.1) | misses: 0 overrun 0 late 0 skipped refresh
09-11 04:17:52.174   895 12537 I WiVRn   : [2026-09-11 04:17:52.174] [WiVRn] [info] render: source->first 6.1 ms | wire 10.8 | queue 0.3 | decode 15.8 | decode->selection 8.8 | selection->predicted 35.1 | sum 77.0 over 179 selected frames (0 invalid)
09-11 04:17:52.194   895 12574 I WiVRn   : [2026-09-11 04:17:52.194] [WiVRn] [info] nxwarp[0]: 91 frames in 2.0 s: 284171 B/frame, wait-prev 0.0 ms, wall 15.9 ms, nxvc passA 5.0 passB 8.1 gpu 13.1 ms; holes 3, refused 0
09-11 04:17:52.194   895 12574 I WiVRn   : [2026-09-11 04:17:52.194] [WiVRn] [info] nxwarp[0] gpu duty 595 ms/s (60% of one GPU) for decode alone; the display pass is extra
09-11 04:17:52.194   895 12574 I WiVRn   : [2026-09-11 04:17:52.194] [WiVRn] [info] nxwarp[0] passB 8.1 ms = warp 0.0 + skip 0.0 + coded 0.0 + dir 0.0 + other 8.1; tiles skip 0 / coded 3528 / dir 0 (eye pass 0)
09-11 04:17:52.194   895 12574 I WiVRn   : [2026-09-11 04:17:52.194] [WiVRn] [info] nxwarp[0]: 77 frames dropped late (queue kept to 1)
09-11 04:17:52.194   895 12574 I WiVRn   : [2026-09-11 04:17:52.194] [WiVRn] [info] nxwarp[0] stage: gap 6.1 | wait-prev 0.0 | submit 1.7 (qlock 0.0 + codec 1.7) | get_free 0.0 | fence-pre 0.0 | record 0.0 | qsubmit 0.0 | fence-post 14.1 | publish 0.0 ms; withheld 0, stride 1, arrival 22.0 ms
09-11 04:17:52.194   895 12574 I WiVRn   : [2026-09-11 04:17:52.194] [WiVRn] [info] nxwarp[0] reassembly (network thread): 0.20 ms/frame over 90 frames, buffer 278 kB held for 278 kB of unit (1.0x)
09-11 04:17:52.194   895 12574 I WiVRn   : [2026-09-11 04:17:52.194] [WiVRn] [info] nxwarp[0] fence-post 14.1 ms = nxvc gpu 13.1 + copy gpu 0.00 + queue 1.0 (over 91 frames with timestamps)
09-11 04:17:52.607   895 12576 I WiVRn   : [2026-09-11 04:17:52.607] [WiVRn] [info] Tracking pattern (11109µs):
09-11 04:17:52.607   895 12576 I WiVRn   : [2026-09-11 04:17:52.607] [WiVRn] [info] 	t+3369µs HEAD (7739µs)
09-11 04:17:52.607   895 12576 I WiVRn   : [2026-09-11 04:17:52.607] [WiVRn] [info] 	t+3420µs LEFT_GRIP (7689µs)
09-11 04:17:52.607   895 12576 I WiVRn   : [2026-09-11 04:17:52.607] [WiVRn] [info] 	t+3429µs RIGHT_GRIP (7680µs)
09-11 04:17:52.607   895 12576 I WiVRn   : [2026-09-11 04:17:52.607] [WiVRn] [info] 	t+6369µs HEAD (4739µs)
09-11 04:17:52.607   895 12576 I WiVRn   : [2026-09-11 04:17:52.607] [WiVRn] [info] 	t+6420µs LEFT_GRIP (4689µs)
09-11 04:17:52.607   895 12576 I WiVRn   : [2026-09-11 04:17:52.607] [WiVRn] [info] 	t+6429µs RIGHT_GRIP (4680µs)
09-11 04:17:52.622   895 12532 I PxrMetric: FPS=90/90,MTP=34.94ms,AppSW=off,FrmEarly=14,FrmLate=8,FrmCpu=1.06ms,FrmGpu=9.32ms,FrmTime=16.08ms,ATWGPU=1.59ms,VsyncDelay=2,GPU=67%/587Mhz,GPUTemp=68.2C,LayerCnt=3,Pkg=org.meumeu.wivrn.nx.warp,FrmId=2012
09-11 04:17:53.380   895 12572 I WiVRn   : [2026-09-11 04:17:53.380] [WiVRn] [info] nxwarp[0] net: 90 frames closed in 2.0 s, 0 with a hole, 0 out-of-order datagrams, 0 frames completed late, 0 queued for the worker, 1028 decoded so far, 1145 stragglers dropped; last hole 2597/2825 chunks, first missing 2520, short false, chunk 1166 B; worker phase idle
09-11 04:17:53.380   895 12572 I WiVRn   : [2026-09-11 04:17:53.380] [WiVRn] [info] nxwarp[0] net: 0.033 ms per datagram over 27951 datagrams (457.12 ms of every second)
09-11 04:17:53.380   895 12572 I WiVRn   : [2026-09-11 04:17:53.380] [WiVRn] [info] nxwarp[0] sel: stride 1, arrival 22.3 ms, dropped-late 77, withheld 0, decoded 1028
09-11 04:17:53.380   895 12572 I WiVRn   : [2026-09-11 04:17:53.380] [WiVRn] [info] nxwarp[0] rx: 356876 datagrams, placed 2717820 (+36194), late 548643 (+24507), stale_frame 0, bad_range 0, bad_dir 0, bad_caps 0, bad_ver 0, auth_fail 0, replay 0, frozen 0, dup 371
09-11 04:17:53.607   895 12576 I WiVRn   : [2026-09-11 04:17:53.607] [WiVRn] [info] Tracking pattern (11110µs):
09-11 04:17:53.607   895 12576 I WiVRn   : [2026-09-11 04:17:53.607] [WiVRn] [info] 	t+2436µs HEAD (8673µs)
09-11 04:17:53.607   895 12576 I WiVRn   : [2026-09-11 04:17:53.607] [WiVRn] [info] 	t+2479µs LEFT_GRIP (8631µs)
09-11 04:17:53.607   895 12576 I WiVRn   : [2026-09-11 04:17:53.607] [WiVRn] [info] 	t+2488µs RIGHT_GRIP (8621µs)
09-11 04:17:53.607   895 12576 I WiVRn   : [2026-09-11 04:17:53.607] [WiVRn] [info] 	t+5436µs HEAD (5673µs)
09-11 04:17:53.607   895 12576 I WiVRn   : [2026-09-11 04:17:53.607] [WiVRn] [info] 	t+5479µs LEFT_GRIP (5631µs)
09-11 04:17:53.607   895 12576 I WiVRn   : [2026-09-11 04:17:53.607] [WiVRn] [info] 	t+5488µs RIGHT_GRIP (5621µs)
09-11 04:17:53.645   895 12532 I PxrMetric: FPS=90/90,MTP=35.13ms,AppSW=off,FrmEarly=11,FrmLate=8,FrmCpu=0.96ms,FrmGpu=11.28ms,FrmTime=17.74ms,ATWGPU=1.60ms,VsyncDelay=2,GPU=49%/587Mhz,GPUTemp=67.4C,LayerCnt=3,Pkg=org.meumeu.wivrn.nx.warp,FrmId=2103
09-11 04:17:54.183   895 12537 I WiVRn   : [2026-09-11 04:17:54.183] [WiVRn] [info] render: 178 iterations in 2.0 s (88.5/s), 178 submitted a layer, 90 new-source, 0 skipped by the repeat gate, 0 with nothing to show; display period 11.3 ms
09-11 04:17:54.183   895 12537 I WiVRn   : [2026-09-11 04:17:54.183] [WiVRn] [info] render: ready wait attempts 140 success 52 total 94.941 ms | selected older than available 0
09-11 04:17:54.183   895 12537 I WiVRn   : [2026-09-11 04:17:54.183] [WiVRn] [info] render: selected source transitions forward 90 backward 0 repeat 88, greatest forward gap 1
09-11 04:17:54.183   895 12537 I WiVRn   : [2026-09-11 04:17:54.183] [WiVRn] [info] render: this app's own GPU pass 2.5 ms per iteration
09-11 04:17:54.183   895 12537 I WiVRn   : [2026-09-11 04:17:54.183] [WiVRn] [info] render: defoveate 2688x2688 per eye x2 = 14.45 Mpx/frame at scale 1.00 atlas-prototype 0; 88 re-presented from the cache (reduce_gpu_load on)
09-11 04:17:54.183   895 12537 I WiVRn   : [2026-09-11 04:17:54.183] [WiVRn] [info] render: shader path sharpness 0.00 fsr false alpha false motion false blend false glow 0.00 vignette 0.00 deband 0.00 lowpoly 0.00 levels 0 full-kernel false
09-11 04:17:54.183   895 12537 I WiVRn   : [2026-09-11 04:17:54.183] [WiVRn] [info] render: per iteration fence 1.1 (worst 8.9) | queries 0.0 | submit 0.0 | whole render() 2.2 ms
09-11 04:17:54.183   895 12537 I WiVRn   : [2026-09-11 04:17:54.183] [WiVRn] [info] render: selection-to-defoveate CPU 0.053 ms mean (max 0.098) over 90 actual defoveate calls; not GPU/photon latency
09-11 04:17:54.183   895 12537 I WiVRn   : [2026-09-11 04:17:54.183] [WiVRn] [info] render: jit on | wake slack 39.8 ms | slept 5.0 ms mean (max 5.0, 178 of 178 iterations) | budget 10.6 = pass 9.6 + margin 1.0 | sleep cap 5.0 ms
09-11 04:17:54.183   895 12537 I WiVRn   : [2026-09-11 04:17:54.183] [WiVRn] [info] render: source display-time offset 73.4 ms mean (worst 87.2) over 178 frames | submit lead 32.6 ms mean (worst 24.4) | misses: 0 overrun 0 late 0 skipped refresh
09-11 04:17:54.183   895 12537 I WiVRn   : [2026-09-11 04:17:54.183] [WiVRn] [info] render: source->first 6.0 ms | wire 11.1 | queue 0.3 | decode 15.7 | decode->selection 7.2 | selection->predicted 33.1 | sum 73.4 over 178 selected frames (0 invalid)
09-11 04:17:54.195   895 12574 I WiVRn   : [2026-09-11 04:17:54.195] [WiVRn] [info] nxwarp[0]: 90 frames in 2.0 s: 302018 B/frame, wait-prev 0.0 ms, wall 15.9 ms, nxvc passA 5.0 passB 8.4 gpu 13.4 ms; holes 3, refused 0
09-11 04:17:54.195   895 12574 I WiVRn   : [2026-09-11 04:17:54.195] [WiVRn] [info] nxwarp[0] gpu duty 604 ms/s (60% of one GPU) for decode alone; the display pass is extra
09-11 04:17:54.195   895 12574 I WiVRn   : [2026-09-11 04:17:54.195] [WiVRn] [info] nxwarp[0] passB 8.4 ms = warp 0.0 + skip 0.0 + coded 0.0 + dir 0.0 + other 8.4; tiles skip 0 / coded 3528 / dir 0 (eye pass 0)
09-11 04:17:54.195   895 12574 I WiVRn   : [2026-09-11 04:17:54.195] [WiVRn] [info] nxwarp[0]: 77 frames dropped late (queue kept to 1)
09-11 04:17:54.195   895 12574 I WiVRn   : [2026-09-11 04:17:54.195] [WiVRn] [info] nxwarp[0] stage: gap 6.3 | wait-prev 0.0 | submit 1.7 (qlock 0.0 + codec 1.7) | get_free 0.0 | fence-pre 0.0 | record 0.0 | qsubmit 0.0 | fence-post 14.2 | publish 0.0 ms; withheld 0, stride 1, arrival 21.8 ms
09-11 04:17:54.195   895 12574 I WiVRn   : [2026-09-11 04:17:54.195] [WiVRn] [info] nxwarp[0] reassembly (network thread): 0.14 ms/frame over 90 frames, buffer 295 kB held for 295 kB of unit (1.0x)
09-11 04:17:54.195   895 12574 I WiVRn   : [2026-09-11 04:17:54.195] [WiVRn] [info] nxwarp[0] fence-post 14.2 ms = nxvc gpu 13.4 + copy gpu 0.00 + queue 0.7 (over 90 frames with timestamps)
09-11 04:17:54.607   895 12576 I WiVRn   : [2026-09-11 04:17:54.607] [WiVRn] [info] Tracking pattern (11106µs):
09-11 04:17:54.607   895 12576 I WiVRn   : [2026-09-11 04:17:54.607] [WiVRn] [info] 	t+3084µs HEAD (8022µs)
09-11 04:17:54.607   895 12576 I WiVRn   : [2026-09-11 04:17:54.607] [WiVRn] [info] 	t+3158µs LEFT_GRIP (7948µs)
09-11 04:17:54.607   895 12576 I WiVRn   : [2026-09-11 04:17:54.607] [WiVRn] [info] 	t+3169µs RIGHT_GRIP (7937µs)
09-11 04:17:54.607   895 12576 I WiVRn   : [2026-09-11 04:17:54.607] [WiVRn] [info] 	t+6084µs HEAD (5022µs)
09-11 04:17:54.607   895 12576 I WiVRn   : [2026-09-11 04:17:54.607] [WiVRn] [info] 	t+6158µs LEFT_GRIP (4948µs)
09-11 04:17:54.607   895 12576 I WiVRn   : [2026-09-11 04:17:54.607] [WiVRn] [info] 	t+6169µs RIGHT_GRIP (4937µs)
09-11 04:17:54.656   895 12532 I PxrMetric: FPS=89/90,MTP=34.48ms,AppSW=off,FrmEarly=17,FrmLate=9,FrmCpu=1.05ms,FrmGpu=8.31ms,FrmTime=14.85ms,ATWGPU=1.61ms,VsyncDelay=2,GPU=48%/587Mhz,GPUTemp=68.2C,LayerCnt=3,Pkg=org.meumeu.wivrn.nx.warp,FrmId=2192
09-11 04:17:55.405   895 12572 I WiVRn   : [2026-09-11 04:17:55.405] [WiVRn] [info] nxwarp[0] net: 91 frames closed in 2.0 s, 0 with a hole, 0 out-of-order datagrams, 0 frames completed late, 0 queued for the worker, 1119 decoded so far, 1253 stragglers dropped; last hole 2597/2825 chunks, first missing 2520, short false, chunk 1166 B; worker phase idle
09-11 04:17:55.405   895 12572 I WiVRn   : [2026-09-11 04:17:55.405] [WiVRn] [info] nxwarp[0] net: 0.032 ms per datagram over 29373 datagrams (459.36 ms of every second)
09-11 04:17:55.405   895 12572 I WiVRn   : [2026-09-11 04:17:55.405] [WiVRn] [info] nxwarp[0] sel: stride 1, arrival 21.5 ms, dropped-late 77, withheld 0, decoded 1119
09-11 04:17:55.405   895 12572 I WiVRn   : [2026-09-11 04:17:55.405] [WiVRn] [info] nxwarp[0] rx: 386249 datagrams, placed 2780715 (+62895), late 583185 (+34542), stale_frame 0, bad_range 0, bad_dir 0, bad_caps 0, bad_ver 0, auth_fail 0, replay 0, frozen 0, dup 401
09-11 04:17:55.607   895 12576 I WiVRn   : [2026-09-11 04:17:55.607] [WiVRn] [info] Tracking pattern (11107µs):
09-11 04:17:55.607   895 12576 I WiVRn   : [2026-09-11 04:17:55.607] [WiVRn] [info] 	t+1880µs HEAD (9227µs)
09-11 04:17:55.607   895 12576 I WiVRn   : [2026-09-11 04:17:55.607] [WiVRn] [info] 	t+1943µs LEFT_GRIP (9164µs)
09-11 04:17:55.607   895 12576 I WiVRn   : [2026-09-11 04:17:55.607] [WiVRn] [info] 	t+1955µs RIGHT_GRIP (9151µs)
09-11 04:17:55.607   895 12576 I WiVRn   : [2026-09-11 04:17:55.607] [WiVRn] [info] 	t+4880µs HEAD (6227µs)
09-11 04:17:55.607   895 12576 I WiVRn   : [2026-09-11 04:17:55.607] [WiVRn] [info] 	t+4943µs LEFT_GRIP (6164µs)
09-11 04:17:55.607   895 12576 I WiVRn   : [2026-09-11 04:17:55.607] [WiVRn] [info] 	t+4955µs RIGHT_GRIP (6151µs)
09-11 04:17:55.667   895 12532 I PxrMetric: FPS=88/90,MTP=39.26ms,AppSW=off,FrmEarly=14,FrmLate=10,FrmCpu=0.93ms,FrmGpu=8.94ms,FrmTime=15.36ms,ATWGPU=1.61ms,VsyncDelay=2,GPU=56%/587Mhz,GPUTemp=67.8C,LayerCnt=3,Pkg=org.meumeu.wivrn.nx.warp,FrmId=2278
09-11 04:17:56.198   895 12537 I WiVRn   : [2026-09-11 04:17:56.198] [WiVRn] [info] render: 176 iterations in 2.0 s (87.6/s), 176 submitted a layer, 91 new-source, 0 skipped by the repeat gate, 0 with nothing to show; display period 11.4 ms
09-11 04:17:56.198   895 12537 I WiVRn   : [2026-09-11 04:17:56.198] [WiVRn] [info] render: ready wait attempts 118 success 33 total 91.227 ms | selected older than available 0
09-11 04:17:56.198   895 12537 I WiVRn   : [2026-09-11 04:17:56.198] [WiVRn] [info] render: selected source transitions forward 91 backward 0 repeat 85, greatest forward gap 1
09-11 04:17:56.198   895 12537 I WiVRn   : [2026-09-11 04:17:56.198] [WiVRn] [info] render: this app's own GPU pass 2.5 ms per iteration
09-11 04:17:56.198   895 12537 I WiVRn   : [2026-09-11 04:17:56.198] [WiVRn] [info] render: defoveate 2688x2688 per eye x2 = 14.45 Mpx/frame at scale 1.00 atlas-prototype 0; 85 re-presented from the cache (reduce_gpu_load on)
09-11 04:17:56.198   895 12537 I WiVRn   : [2026-09-11 04:17:56.198] [WiVRn] [info] render: shader path sharpness 0.00 fsr false alpha false motion false blend false glow 0.00 vignette 0.00 deband 0.00 lowpoly 0.00 levels 0 full-kernel false
09-11 04:17:56.198   895 12537 I WiVRn   : [2026-09-11 04:17:56.198] [WiVRn] [info] render: per iteration fence 1.1 (worst 8.5) | queries 0.0 | submit 0.0 | whole render() 2.1 ms
09-11 04:17:56.198   895 12537 I WiVRn   : [2026-09-11 04:17:56.198] [WiVRn] [info] render: selection-to-defoveate CPU 0.054 ms mean (max 0.098) over 91 actual defoveate calls; not GPU/photon latency
09-11 04:17:56.198   895 12537 I WiVRn   : [2026-09-11 04:17:56.198] [WiVRn] [info] render: jit on | wake slack 40.5 ms | slept 5.0 ms mean (max 5.0, 176 of 176 iterations) | budget 9.9 = pass 8.9 + margin 1.0 | sleep cap 5.0 ms
09-11 04:17:56.198   895 12537 I WiVRn   : [2026-09-11 04:17:56.198] [WiVRn] [info] render: source display-time offset 75.2 ms mean (worst 87.0) over 176 frames | submit lead 33.4 ms mean (worst 24.8) | misses: 0 overrun 0 late 0 skipped refresh
09-11 04:17:56.198   895 12537 I WiVRn   : [2026-09-11 04:17:56.198] [WiVRn] [info] render: source->first 5.8 ms | wire 11.1 | queue 0.4 | decode 15.9 | decode->selection 8.2 | selection->predicted 33.9 | sum 75.2 over 176 selected frames (0 invalid)
09-11 04:17:56.220   895 12574 I WiVRn   : [2026-09-11 04:17:56.219] [WiVRn] [info] nxwarp[0]: 91 frames in 2.0 s: 299398 B/frame, wait-prev 0.0 ms, wall 16.2 ms, nxvc passA 5.2 passB 8.3 gpu 13.4 ms; holes 3, refused 0
09-11 04:17:56.220   895 12574 I WiVRn   : [2026-09-11 04:17:56.220] [WiVRn] [info] nxwarp[0] gpu duty 604 ms/s (60% of one GPU) for decode alone; the display pass is extra
09-11 04:17:56.220   895 12574 I WiVRn   : [2026-09-11 04:17:56.220] [WiVRn] [info] nxwarp[0] passB 8.3 ms = warp 0.0 + skip 0.0 + coded 0.0 + dir 0.0 + other 8.3; tiles skip 0 / coded 3528 / dir 0 (eye pass 0)
09-11 04:17:56.220   895 12574 I WiVRn   : [2026-09-11 04:17:56.220] [WiVRn] [info] nxwarp[0]: 77 frames dropped late (queue kept to 1)
09-11 04:17:56.220   895 12574 I WiVRn   : [2026-09-11 04:17:56.220] [WiVRn] [info] nxwarp[0] stage: gap 6.1 | wait-prev 0.0 | submit 1.6 (qlock 0.0 + codec 1.6) | get_free 0.0 | fence-pre 0.0 | record 0.0 | qsubmit 0.0 | fence-post 14.5 | publish 0.0 ms; withheld 0, stride 1, arrival 22.5 ms
09-11 04:17:56.220   895 12574 I WiVRn   : [2026-09-11 04:17:56.220] [WiVRn] [info] nxwarp[0] reassembly (network thread): 0.18 ms/frame over 91 frames, buffer 292 kB held for 292 kB of unit (1.0x)
09-11 04:17:56.220   895 12574 I WiVRn   : [2026-09-11 04:17:56.220] [WiVRn] [info] nxwarp[0] fence-post 14.5 ms = nxvc gpu 13.4 + copy gpu 0.00 + queue 1.0 (over 91 frames with timestamps)
09-11 04:17:56.607   895 12576 I WiVRn   : [2026-09-11 04:17:56.607] [WiVRn] [info] Tracking pattern (11110µs):
09-11 04:17:56.607   895 12576 I WiVRn   : [2026-09-11 04:17:56.607] [WiVRn] [info] 	t+2816µs HEAD (8293µs)
09-11 04:17:56.607   895 12576 I WiVRn   : [2026-09-11 04:17:56.607] [WiVRn] [info] 	t+2889µs LEFT_GRIP (8221µs)
09-11 04:17:56.607   895 12576 I WiVRn   : [2026-09-11 04:17:56.607] [WiVRn] [info] 	t+2898µs RIGHT_GRIP (8212µs)
09-11 04:17:56.607   895 12576 I WiVRn   : [2026-09-11 04:17:56.607] [WiVRn] [info] 	t+5816µs HEAD (5293µs)
09-11 04:17:56.607   895 12576 I WiVRn   : [2026-09-11 04:17:56.607] [WiVRn] [info] 	t+5889µs LEFT_GRIP (5221µs)
09-11 04:17:56.607   895 12576 I WiVRn   : [2026-09-11 04:17:56.607] [WiVRn] [info] 	t+5898µs RIGHT_GRIP (5212µs)
09-11 04:17:56.671   895 12532 I PxrMetric: FPS=85/90,MTP=30.05ms,AppSW=off,FrmEarly=50,FrmLate=4,FrmCpu=0.91ms,FrmGpu=10.12ms,FrmTime=16.79ms,ATWGPU=1.61ms,VsyncDelay=2,GPU=66%/587Mhz,GPUTemp=67.8C,LayerCnt=3,Pkg=org.meumeu.wivrn.nx.warp,FrmId=2368
09-11 04:17:57.427   895 12572 I WiVRn   : [2026-09-11 04:17:57.427] [WiVRn] [info] nxwarp[0] net: 96 frames closed in 2.0 s, 0 with a hole, 0 out-of-order datagrams, 0 frames completed late, 0 queued for the worker, 1215 decoded so far, 1352 stragglers dropped; last hole 2597/2825 chunks, first missing 2520, short false, chunk 1166 B; worker phase idle
09-11 04:17:57.427   895 12572 I WiVRn   : [2026-09-11 04:17:57.427] [WiVRn] [info] nxwarp[0] net: 0.028 ms per datagram over 34503 datagrams (475.40 ms of every second)
09-11 04:17:57.427   895 12572 I WiVRn   : [2026-09-11 04:17:57.427] [WiVRn] [info] nxwarp[0] sel: stride 1, arrival 20.2 ms, dropped-late 77, withheld 0, decoded 1215
09-11 04:17:57.427   895 12572 I WiVRn   : [2026-09-11 04:17:57.427] [WiVRn] [info] nxwarp[0] rx: 420752 datagrams, placed 3037454 (+256739), late 648947 (+65762), stale_frame 0, bad_range 0, bad_dir 0, bad_caps 0, bad_ver 0, auth_fail 0, replay 0, frozen 0, dup 433
09-11 04:17:57.607   895 12576 I WiVRn   : [2026-09-11 04:17:57.607] [WiVRn] [info] Tracking pattern (11111µs):
09-11 04:17:57.607   895 12576 I WiVRn   : [2026-09-11 04:17:57.607] [WiVRn] [info] 	t+2665µs HEAD (8445µs)
09-11 04:17:57.607   895 12576 I WiVRn   : [2026-09-11 04:17:57.607] [WiVRn] [info] 	t+2705µs LEFT_GRIP (8406µs)
09-11 04:17:57.607   895 12576 I WiVRn   : [2026-09-11 04:17:57.607] [WiVRn] [info] 	t+2712µs RIGHT_GRIP (8398µs)
09-11 04:17:57.607   895 12576 I WiVRn   : [2026-09-11 04:17:57.607] [WiVRn] [info] 	t+5665µs HEAD (5445µs)
09-11 04:17:57.607   895 12576 I WiVRn   : [2026-09-11 04:17:57.607] [WiVRn] [info] 	t+5705µs LEFT_GRIP (5406µs)
09-11 04:17:57.607   895 12576 I WiVRn   : [2026-09-11 04:17:57.607] [WiVRn] [info] 	t+5712µs RIGHT_GRIP (5398µs)
09-11 04:17:57.677   895 12532 I PxrMetric: FPS=89/90,MTP=46.19ms,AppSW=off,FrmEarly=24,FrmLate=13,FrmCpu=0.84ms,FrmGpu=11.55ms,FrmTime=22.14ms,ATWGPU=1.59ms,VsyncDelay=3,GPU=84%/587Mhz,GPUTemp=69.8C,LayerCnt=3,Pkg=org.meumeu.wivrn.nx.warp,FrmId=2445
09-11 04:17:58.200   895 12537 I WiVRn   : [2026-09-11 04:17:58.200] [WiVRn] [info] render: 160 iterations in 2.0 s (79.8/s), 160 submitted a layer, 100 new-source, 0 skipped by the repeat gate, 0 with nothing to show; display period 12.6 ms
09-11 04:17:58.200   895 12537 I WiVRn   : [2026-09-11 04:17:58.200] [WiVRn] [info] render: ready wait attempts 76 success 16 total 64.764 ms | selected older than available 0
09-11 04:17:58.200   895 12537 I WiVRn   : [2026-09-11 04:17:58.200] [WiVRn] [info] render: selected source transitions forward 100 backward 0 repeat 60, greatest forward gap 1
09-11 04:17:58.200   895 12537 I WiVRn   : [2026-09-11 04:17:58.200] [WiVRn] [info] render: this app's own GPU pass 3.0 ms per iteration
09-11 04:17:58.200   895 12537 I WiVRn   : [2026-09-11 04:17:58.200] [WiVRn] [info] render: defoveate 2688x2688 per eye x2 = 14.45 Mpx/frame at scale 1.00 atlas-prototype 0; 60 re-presented from the cache (reduce_gpu_load on)
09-11 04:17:58.200   895 12537 I WiVRn   : [2026-09-11 04:17:58.200] [WiVRn] [info] render: shader path sharpness 0.00 fsr false alpha false motion false blend false glow 0.00 vignette 0.00 deband 0.00 lowpoly 0.00 levels 0 full-kernel false
09-11 04:17:58.200   895 12537 I WiVRn   : [2026-09-11 04:17:58.200] [WiVRn] [info] render: per iteration fence 2.2 (worst 13.2) | queries 0.0 | submit 0.0 | whole render() 3.2 ms
09-11 04:17:58.200   895 12537 I WiVRn   : [2026-09-11 04:17:58.200] [WiVRn] [info] render: selection-to-defoveate CPU 0.051 ms mean (max 0.108) over 100 actual defoveate calls; not GPU/photon latency
09-11 04:17:58.200   895 12537 I WiVRn   : [2026-09-11 04:17:58.200] [WiVRn] [info] render: jit on | wake slack 44.3 ms | slept 5.0 ms mean (max 5.0, 160 of 160 iterations) | budget 14.9 = pass 13.9 + margin 1.0 | sleep cap 5.0 ms
09-11 04:17:58.200   895 12537 I WiVRn   : [2026-09-11 04:17:58.200] [WiVRn] [info] render: source display-time offset 78.7 ms mean (worst 98.0) over 160 frames | submit lead 36.0 ms mean (worst 22.1) | misses: 0 overrun 0 late 0 skipped refresh
09-11 04:17:58.200   895 12537 I WiVRn   : [2026-09-11 04:17:58.200] [WiVRn] [info] render: source->first 5.7 ms | wire 10.8 | queue 1.7 | decode 16.4 | decode->selection 7.6 | selection->predicted 36.6 | sum 78.7 over 160 selected frames (0 invalid)
09-11 04:17:58.229   895 12574 I WiVRn   : [2026-09-11 04:17:58.229] [WiVRn] [info] nxwarp[0]: 101 frames in 2.0 s: 285820 B/frame, wait-prev 0.0 ms, wall 16.6 ms, nxvc passA 5.2 passB 8.2 gpu 13.4 ms; holes 3, refused 0
09-11 04:17:58.229   895 12574 I WiVRn   : [2026-09-11 04:17:58.229] [WiVRn] [info] nxwarp[0] gpu duty 673 ms/s (67% of one GPU) for decode alone; the display pass is extra
09-11 04:17:58.229   895 12574 I WiVRn   : [2026-09-11 04:17:58.229] [WiVRn] [info] nxwarp[0] passB 8.2 ms = warp 0.0 + skip 0.0 + coded 0.0 + dir 0.0 + other 8.2; tiles skip 0 / coded 3528 / dir 0 (eye pass 0)
09-11 04:17:58.229   895 12574 I WiVRn   : [2026-09-11 04:17:58.229] [WiVRn] [info] nxwarp[0]: 77 frames dropped late (queue kept to 1)
09-11 04:17:58.229   895 12574 I WiVRn   : [2026-09-11 04:17:58.229] [WiVRn] [info] nxwarp[0] stage: gap 3.3 | wait-prev 0.0 | submit 1.6 (qlock 0.0 + codec 1.6) | get_free 0.0 | fence-pre 0.0 | record 0.0 | qsubmit 0.0 | fence-post 14.9 | publish 0.0 ms; withheld 0, stride 1, arrival 19.7 ms
09-11 04:17:58.229   895 12574 I WiVRn   : [2026-09-11 04:17:58.229] [WiVRn] [info] nxwarp[0] reassembly (network thread): 0.21 ms/frame over 101 frames, buffer 279 kB held for 279 kB of unit (1.0x)
09-11 04:17:58.229   895 12574 I WiVRn   : [2026-09-11 04:17:58.229] [WiVRn] [info] nxwarp[0] fence-post 14.9 ms = nxvc gpu 13.4 + copy gpu 0.00 + queue 1.5 (over 101 frames with timestamps)
09-11 04:17:58.607   895 12576 I WiVRn   : [2026-09-11 04:17:58.607] [WiVRn] [info] Tracking pattern (11110µs):
09-11 04:17:58.607   895 12576 I WiVRn   : [2026-09-11 04:17:58.607] [WiVRn] [info] 	t+2475µs HEAD (8635µs)
09-11 04:17:58.607   895 12576 I WiVRn   : [2026-09-11 04:17:58.607] [WiVRn] [info] 	t+2510µs LEFT_GRIP (8600µs)
09-11 04:17:58.607   895 12576 I WiVRn   : [2026-09-11 04:17:58.607] [WiVRn] [info] 	t+2516µs RIGHT_GRIP (8594µs)
09-11 04:17:58.607   895 12576 I WiVRn   : [2026-09-11 04:17:58.607] [WiVRn] [info] 	t+5475µs HEAD (5635µs)
09-11 04:17:58.607   895 12576 I WiVRn   : [2026-09-11 04:17:58.607] [WiVRn] [info] 	t+5510µs LEFT_GRIP (5600µs)
09-11 04:17:58.607   895 12576 I WiVRn   : [2026-09-11 04:17:58.607] [WiVRn] [info] 	t+5516µs RIGHT_GRIP (5594µs)
09-11 04:17:58.688   895 12532 I PxrMetric: FPS=77/90,MTP=24.25ms,AppSW=off,FrmEarly=36,FrmLate=12,FrmCpu=0.73ms,FrmGpu=13.75ms,FrmTime=23.85ms,ATWGPU=1.59ms,VsyncDelay=2,GPU=99%/587Mhz,GPUTemp=70.9C,LayerCnt=3,Pkg=org.meumeu.wivrn.nx.warp,FrmId=2523
09-11 04:17:59.436   895 12572 I WiVRn   : [2026-09-11 04:17:59.436] [WiVRn] [info] nxwarp[0] net: 105 frames closed in 2.0 s, 0 with a hole, 0 out-of-order datagrams, 0 frames completed late, 0 queued for the worker, 1319 decoded so far, 1470 stragglers dropped; last hole 2597/2825 chunks, first missing 2520, short false, chunk 1166 B; worker phase copy-fence-wait
09-11 04:17:59.436   895 12572 I WiVRn   : [2026-09-11 04:17:59.436] [WiVRn] [info] nxwarp[0] net: 0.028 ms per datagram over 35464 datagrams (496.66 ms of every second)
09-11 04:17:59.436   895 12572 I WiVRn   : [2026-09-11 04:17:59.436] [WiVRn] [info] nxwarp[0] sel: stride 1, arrival 20.8 ms, dropped-late 77, withheld 0, decoded 1319
09-11 04:17:59.436   895 12572 I WiVRn   : [2026-09-11 04:17:59.436] [WiVRn] [info] nxwarp[0] rx: 456216 datagrams, placed 3289559 (+252105), late 694852 (+45905), stale_frame 0, bad_range 0, bad_dir 0, bad_caps 0, bad_ver 0, auth_fail 0, replay 0, frozen 0, dup 464
09-11 04:17:59.607   895 12576 I WiVRn   : [2026-09-11 04:17:59.607] [WiVRn] [info] Tracking pattern (11109µs):
09-11 04:17:59.607   895 12576 I WiVRn   : [2026-09-11 04:17:59.607] [WiVRn] [info] 	t+2478µs HEAD (8631µs)
09-11 04:17:59.607   895 12576 I WiVRn   : [2026-09-11 04:17:59.607] [WiVRn] [info] 	t+2513µs LEFT_GRIP (8595µs)
09-11 04:17:59.607   895 12576 I WiVRn   : [2026-09-11 04:17:59.607] [WiVRn] [info] 	t+2519µs RIGHT_GRIP (8590µs)
09-11 04:17:59.607   895 12576 I WiVRn   : [2026-09-11 04:17:59.607] [WiVRn] [info] 	t+5478µs HEAD (5631µs)
09-11 04:17:59.607   895 12576 I WiVRn   : [2026-09-11 04:17:59.607] [WiVRn] [info] 	t+5513µs LEFT_GRIP (5595µs)
09-11 04:17:59.607   895 12576 I WiVRn   : [2026-09-11 04:17:59.607] [WiVRn] [info] 	t+5519µs RIGHT_GRIP (5590µs)
09-11 04:17:59.692   895 12532 I PxrMetric: FPS=77/90,MTP=39.87ms,AppSW=off,FrmEarly=27,FrmLate=12,FrmCpu=0.81ms,FrmGpu=11.37ms,FrmTime=18.75ms,ATWGPU=1.58ms,VsyncDelay=2,GPU=99%/587Mhz,GPUTemp=69.4C,LayerCnt=3,Pkg=org.meumeu.wivrn.nx.warp,FrmId=2595
09-11 04:18:00.202   895 12537 I WiVRn   : [2026-09-11 04:18:00.202] [WiVRn] [info] render: 147 iterations in 2.0 s (73.4/s), 147 submitted a layer, 104 new-source, 0 skipped by the repeat gate, 0 with nothing to show; display period 13.6 ms
09-11 04:18:00.202   895 12537 I WiVRn   : [2026-09-11 04:18:00.202] [WiVRn] [info] render: ready wait attempts 50 success 7 total 46.966 ms | selected older than available 0
09-11 04:18:00.202   895 12537 I WiVRn   : [2026-09-11 04:18:00.202] [WiVRn] [info] render: selected source transitions forward 104 backward 0 repeat 43, greatest forward gap 2
09-11 04:18:00.202   895 12537 I WiVRn   : [2026-09-11 04:18:00.202] [WiVRn] [info] render: this app's own GPU pass 3.3 ms per iteration
09-11 04:18:00.202   895 12537 I WiVRn   : [2026-09-11 04:18:00.202] [WiVRn] [info] render: defoveate 2688x2688 per eye x2 = 14.45 Mpx/frame at scale 1.00 atlas-prototype 0; 43 re-presented from the cache (reduce_gpu_load on)
09-11 04:18:00.202   895 12537 I WiVRn   : [2026-09-11 04:18:00.202] [WiVRn] [info] render: shader path sharpness 0.00 fsr false alpha false motion false blend false glow 0.00 vignette 0.00 deband 0.00 lowpoly 0.00 levels 0 full-kernel false
09-11 04:18:00.202   895 12537 I WiVRn   : [2026-09-11 04:18:00.202] [WiVRn] [info] render: per iteration fence 3.3 (worst 13.9) | queries 0.0 | submit 0.0 | whole render() 4.2 ms
09-11 04:18:00.202   895 12537 I WiVRn   : [2026-09-11 04:18:00.202] [WiVRn] [info] render: selection-to-defoveate CPU 0.053 ms mean (max 0.100) over 104 actual defoveate calls; not GPU/photon latency
09-11 04:18:00.202   895 12537 I WiVRn   : [2026-09-11 04:18:00.202] [WiVRn] [info] render: jit on | wake slack 46.7 ms | slept 5.0 ms mean (max 5.0, 147 of 147 iterations) | budget 15.3 = pass 14.3 + margin 1.0 | sleep cap 5.0 ms
09-11 04:18:00.202   895 12537 I WiVRn   : [2026-09-11 04:18:00.202] [WiVRn] [info] render: source display-time offset 79.4 ms mean (worst 98.4) over 147 frames | submit lead 37.5 ms mean (worst 21.7) | misses: 0 overrun 0 late 0 skipped refresh
09-11 04:18:00.203   895 12537 I WiVRn   : [2026-09-11 04:18:00.203] [WiVRn] [info] render: source->first 5.6 ms | wire 10.4 | queue 2.0 | decode 16.3 | decode->selection 7.0 | selection->predicted 38.1 | sum 79.4 over 147 selected frames (0 invalid)
09-11 04:18:00.231   895 12574 I WiVRn   : [2026-09-11 04:18:00.231] [WiVRn] [info] nxwarp[0]: 105 frames in 2.0 s: 279610 B/frame, wait-prev 0.0 ms, wall 16.4 ms, nxvc passA 5.0 passB 8.2 gpu 13.2 ms; holes 3, refused 0
09-11 04:18:00.231   895 12574 I WiVRn   : [2026-09-11 04:18:00.231] [WiVRn] [info] nxwarp[0] gpu duty 694 ms/s (69% of one GPU) for decode alone; the display pass is extra
09-11 04:18:00.231   895 12574 I WiVRn   : [2026-09-11 04:18:00.231] [WiVRn] [info] nxwarp[0] passB 8.2 ms = warp 0.0 + skip 0.0 + coded 0.0 + dir 0.0 + other 8.2; tiles skip 0 / coded 3528 / dir 0 (eye pass 0)
09-11 04:18:00.231   895 12574 I WiVRn   : [2026-09-11 04:18:00.231] [WiVRn] [info] nxwarp[0]: 77 frames dropped late (queue kept to 1)
09-11 04:18:00.231   895 12574 I WiVRn   : [2026-09-11 04:18:00.231] [WiVRn] [info] nxwarp[0] stage: gap 2.6 | wait-prev 0.0 | submit 1.6 (qlock 0.0 + codec 1.6) | get_free 0.0 | fence-pre 0.0 | record 0.0 | qsubmit 0.0 | fence-post 14.7 | publish 0.0 ms; withheld 0, stride 1, arrival 18.6 ms
09-11 04:18:00.231   895 12574 I WiVRn   : [2026-09-11 04:18:00.231] [WiVRn] [info] nxwarp[0] reassembly (network thread): 0.20 ms/frame over 105 frames, buffer 273 kB held for 273 kB of unit (1.0x)
09-11 04:18:00.231   895 12574 I WiVRn   : [2026-09-11 04:18:00.231] [WiVRn] [info] nxwarp[0] fence-post 14.8 ms = nxvc gpu 13.2 + copy gpu 0.00 + queue 1.5 (over 105 frames with timestamps)
09-11 04:18:00.607   895 12576 I WiVRn   : [2026-09-11 04:18:00.607] [WiVRn] [info] Tracking pattern (11110µs):
09-11 04:18:00.607   895 12576 I WiVRn   : [2026-09-11 04:18:00.607] [WiVRn] [info] 	t+2507µs HEAD (8602µs)
09-11 04:18:00.607   895 12576 I WiVRn   : [2026-09-11 04:18:00.607] [WiVRn] [info] 	t+2544µs LEFT_GRIP (8566µs)
09-11 04:18:00.607   895 12576 I WiVRn   : [2026-09-11 04:18:00.607] [WiVRn] [info] 	t+2550µs RIGHT_GRIP (8560µs)
09-11 04:18:00.607   895 12576 I WiVRn   : [2026-09-11 04:18:00.607] [WiVRn] [info] 	t+5507µs HEAD (5602µs)
09-11 04:18:00.607   895 12576 I WiVRn   : [2026-09-11 04:18:00.607] [WiVRn] [info] 	t+5544µs LEFT_GRIP (5566µs)
09-11 04:18:00.607   895 12576 I WiVRn   : [2026-09-11 04:18:00.607] [WiVRn] [info] 	t+5550µs RIGHT_GRIP (5560µs)
09-11 04:18:00.693   895 12532 I PxrMetric: FPS=72/90,MTP=43.59ms,AppSW=off,FrmEarly=28,FrmLate=16,FrmCpu=0.70ms,FrmGpu=15.24ms,FrmTime=25.11ms,ATWGPU=1.61ms,VsyncDelay=3,GPU=99%/587Mhz,GPUTemp=69.8C,LayerCnt=3,Pkg=org.meumeu.wivrn.nx.warp,FrmId=2668
09-11 04:18:01.437   895 12572 I WiVRn   : [2026-09-11 04:18:01.437] [WiVRn] [info] nxwarp[0] net: 101 frames closed in 2.0 s, 0 with a hole, 0 out-of-order datagrams, 0 frames completed late, 0 queued for the worker, 1421 decoded so far, 1579 stragglers dropped; last hole 2597/2825 chunks, first missing 2520, short false, chunk 1166 B; worker phase idle
09-11 04:18:01.437   895 12572 I WiVRn   : [2026-09-11 04:18:01.437] [WiVRn] [info] nxwarp[0] net: 0.028 ms per datagram over 34579 datagrams (484.38 ms of every second)
09-11 04:18:01.437   895 12572 I WiVRn   : [2026-09-11 04:18:01.437] [WiVRn] [info] nxwarp[0] sel: stride 1, arrival 21.8 ms, dropped-late 77, withheld 0, decoded 1421
09-11 04:18:01.437   895 12572 I WiVRn   : [2026-09-11 04:18:01.437] [WiVRn] [info] nxwarp[0] rx: 490795 datagrams, placed 3553842 (+264283), late 751049 (+56197), stale_frame 0, bad_range 0, bad_dir 0, bad_caps 0, bad_ver 0, auth_fail 0, replay 0, frozen 0, dup 495
09-11 04:18:01.607   895 12576 I WiVRn   : [2026-09-11 04:18:01.607] [WiVRn] [info] Tracking pattern (11111µs):
09-11 04:18:01.607   895 12576 I WiVRn   : [2026-09-11 04:18:01.607] [WiVRn] [info] 	t+2829µs HEAD (8281µs)
09-11 04:18:01.607   895 12576 I WiVRn   : [2026-09-11 04:18:01.607] [WiVRn] [info] 	t+2866µs LEFT_GRIP (8245µs)
09-11 04:18:01.607   895 12576 I WiVRn   : [2026-09-11 04:18:01.607] [WiVRn] [info] 	t+2873µs RIGHT_GRIP (8237µs)
09-11 04:18:01.607   895 12576 I WiVRn   : [2026-09-11 04:18:01.607] [WiVRn] [info] 	t+5829µs HEAD (5281µs)
09-11 04:18:01.607   895 12576 I WiVRn   : [2026-09-11 04:18:01.607] [WiVRn] [info] 	t+5866µs LEFT_GRIP (5245µs)
09-11 04:18:01.607   895 12576 I WiVRn   : [2026-09-11 04:18:01.607] [WiVRn] [info] 	t+5873µs RIGHT_GRIP (5237µs)
09-11 04:18:01.700   895 12532 I PxrMetric: FPS=73/90,MTP=37.19ms,AppSW=off,FrmEarly=48,FrmLate=3,FrmCpu=0.99ms,FrmGpu=7.04ms,FrmTime=13.68ms,ATWGPU=1.59ms,VsyncDelay=2,GPU=90%/587Mhz,GPUTemp=69.0C,LayerCnt=3,Pkg=org.meumeu.wivrn.nx.warp,FrmId=2754
09-11 04:18:02.204   895 12537 I WiVRn   : [2026-09-11 04:18:02.204] [WiVRn] [info] render: 167 iterations in 2.0 s (83.5/s), 167 submitted a layer, 95 new-source, 0 skipped by the repeat gate, 0 with nothing to show; display period 12.0 ms
09-11 04:18:02.204   895 12537 I WiVRn   : [2026-09-11 04:18:02.204] [WiVRn] [info] render: ready wait attempts 82 success 10 total 76.819 ms | selected older than available 0
09-11 04:18:02.204   895 12537 I WiVRn   : [2026-09-11 04:18:02.204] [WiVRn] [info] render: selected source transitions forward 95 backward 0 repeat 72, greatest forward gap 1
09-11 04:18:02.204   895 12537 I WiVRn   : [2026-09-11 04:18:02.204] [WiVRn] [info] render: this app's own GPU pass 2.7 ms per iteration
09-11 04:18:02.204   895 12537 I WiVRn   : [2026-09-11 04:18:02.204] [WiVRn] [info] render: defoveate 2688x2688 per eye x2 = 14.45 Mpx/frame at scale 1.00 atlas-prototype 0; 72 re-presented from the cache (reduce_gpu_load on)
09-11 04:18:02.204   895 12537 I WiVRn   : [2026-09-11 04:18:02.204] [WiVRn] [info] render: shader path sharpness 0.00 fsr false alpha false motion false blend false glow 0.00 vignette 0.00 deband 0.00 lowpoly 0.00 levels 0 full-kernel false
09-11 04:18:02.204   895 12537 I WiVRn   : [2026-09-11 04:18:02.204] [WiVRn] [info] render: per iteration fence 1.7 (worst 14.0) | queries 0.0 | submit 0.0 | whole render() 2.7 ms
09-11 04:18:02.204   895 12537 I WiVRn   : [2026-09-11 04:18:02.204] [WiVRn] [info] render: selection-to-defoveate CPU 0.056 ms mean (max 0.164) over 95 actual defoveate calls; not GPU/photon latency
09-11 04:18:02.204   895 12537 I WiVRn   : [2026-09-11 04:18:02.204] [WiVRn] [info] render: jit on | wake slack 43.7 ms | slept 5.0 ms mean (max 5.0, 167 of 167 iterations) | budget 14.4 = pass 13.4 + margin 1.0 | sleep cap 5.0 ms
09-11 04:18:02.204   895 12537 I WiVRn   : [2026-09-11 04:18:02.204] [WiVRn] [info] render: source display-time offset 78.7 ms mean (worst 98.5) over 167 frames | submit lead 36.0 ms mean (worst 23.4) | misses: 0 overrun 0 late 0 skipped refresh
09-11 04:18:02.204   895 12537 I WiVRn   : [2026-09-11 04:18:02.204] [WiVRn] [info] render: source->first 5.9 ms | wire 10.8 | queue 0.8 | decode 15.9 | decode->selection 8.8 | selection->predicted 36.5 | sum 78.7 over 167 selected frames (0 invalid)
09-11 04:18:02.250   895 12574 I WiVRn   : [2026-09-11 04:18:02.250] [WiVRn] [info] nxwarp[0]: 96 frames in 2.0 s: 281853 B/frame, wait-prev 0.0 ms, wall 16.0 ms, nxvc passA 5.0 passB 8.1 gpu 13.1 ms; holes 3, refused 0
09-11 04:18:02.250   895 12574 I WiVRn   : [2026-09-11 04:18:02.250] [WiVRn] [info] nxwarp[0] gpu duty 621 ms/s (62% of one GPU) for decode alone; the display pass is extra
09-11 04:18:02.250   895 12574 I WiVRn   : [2026-09-11 04:18:02.250] [WiVRn] [info] nxwarp[0] passB 8.1 ms = warp 0.0 + skip 0.0 + coded 0.0 + dir 0.0 + other 8.1; tiles skip 0 / coded 3528 / dir 0 (eye pass 0)
09-11 04:18:02.250   895 12574 I WiVRn   : [2026-09-11 04:18:02.250] [WiVRn] [info] nxwarp[0]: 77 frames dropped late (queue kept to 1)
09-11 04:18:02.250   895 12574 I WiVRn   : [2026-09-11 04:18:02.250] [WiVRn] [info] nxwarp[0] stage: gap 5.0 | wait-prev 0.0 | submit 1.7 (qlock 0.0 + codec 1.7) | get_free 0.0 | fence-pre 0.0 | record 0.0 | qsubmit 0.0 | fence-post 14.3 | publish 0.0 ms; withheld 0, stride 1, arrival 22.1 ms
09-11 04:18:02.250   895 12574 I WiVRn   : [2026-09-11 04:18:02.250] [WiVRn] [info] nxwarp[0] reassembly (network thread): 0.21 ms/frame over 96 frames, buffer 275 kB held for 275 kB of unit (1.0x)
09-11 04:18:02.250   895 12574 I WiVRn   : [2026-09-11 04:18:02.250] [WiVRn] [info] nxwarp[0] fence-post 14.3 ms = nxvc gpu 13.1 + copy gpu 0.00 + queue 1.2 (over 96 frames with timestamps)
09-11 04:18:02.607   895 12576 I WiVRn   : [2026-09-11 04:18:02.607] [WiVRn] [info] Tracking pattern (11114µs):
09-11 04:18:02.607   895 12576 I WiVRn   : [2026-09-11 04:18:02.607] [WiVRn] [info] 	t+2952µs HEAD (8161µs)
09-11 04:18:02.607   895 12576 I WiVRn   : [2026-09-11 04:18:02.607] [WiVRn] [info] 	t+3010µs LEFT_GRIP (8103µs)
09-11 04:18:02.607   895 12576 I WiVRn   : [2026-09-11 04:18:02.607] [WiVRn] [info] 	t+3019µs RIGHT_GRIP (8094µs)
09-11 04:18:02.607   895 12576 I WiVRn   : [2026-09-11 04:18:02.607] [WiVRn] [info] 	t+5952µs HEAD (5161µs)
09-11 04:18:02.607   895 12576 I WiVRn   : [2026-09-11 04:18:02.607] [WiVRn] [info] 	t+6010µs LEFT_GRIP (5103µs)
09-11 04:18:02.607   895 12576 I WiVRn   : [2026-09-11 04:18:02.607] [WiVRn] [info] 	t+6019µs RIGHT_GRIP (5094µs)
09-11 04:18:02.701   895 12532 I PxrMetric: FPS=86/90,MTP=32.78ms,AppSW=off,FrmEarly=42,FrmLate=3,FrmCpu=1.02ms,FrmGpu=7.86ms,FrmTime=14.06ms,ATWGPU=1.60ms,VsyncDelay=2,GPU=84%/587Mhz,GPUTemp=68.6C,LayerCnt=3,Pkg=org.meumeu.wivrn.nx.warp,FrmId=2844
09-11 04:18:03.456   895 12572 I WiVRn   : [2026-09-11 04:18:03.456] [WiVRn] [info] nxwarp[0] net: 91 frames closed in 2.0 s, 0 with a hole, 0 out-of-order datagrams, 0 frames completed late, 0 queued for the worker, 1512 decoded so far, 1673 stragglers dropped; last hole 2597/2825 chunks, first missing 2520, short false, chunk 1166 B; worker phase idle
09-11 04:18:03.456   895 12572 I WiVRn   : [2026-09-11 04:18:03.456] [WiVRn] [info] nxwarp[0] net: 0.030 ms per datagram over 29807 datagrams (447.95 ms of every second)
09-11 04:18:03.456   895 12572 I WiVRn   : [2026-09-11 04:18:03.456] [WiVRn] [info] nxwarp[0] sel: stride 1, arrival 21.7 ms, dropped-late 77, withheld 0, decoded 1512
09-11 04:18:03.456   895 12572 I WiVRn   : [2026-09-11 04:18:03.456] [WiVRn] [info] nxwarp[0] rx: 520602 datagrams, placed 3782810 (+228968), late 804903 (+53854), stale_frame 0, bad_range 0, bad_dir 0, bad_caps 0, bad_ver 0, auth_fail 0, replay 0, frozen 0, dup 533
09-11 04:18:03.607   895 12576 I WiVRn   : [2026-09-11 04:18:03.607] [WiVRn] [info] Tracking pattern (11111µs):
09-11 04:18:03.607   895 12576 I WiVRn   : [2026-09-11 04:18:03.607] [WiVRn] [info] 	t+3209µs HEAD (7902µs)
09-11 04:18:03.607   895 12576 I WiVRn   : [2026-09-11 04:18:03.607] [WiVRn] [info] 	t+3316µs LEFT_GRIP (7795µs)
09-11 04:18:03.607   895 12576 I WiVRn   : [2026-09-11 04:18:03.607] [WiVRn] [info] 	t+3325µs RIGHT_GRIP (7786µs)
09-11 04:18:03.607   895 12576 I WiVRn   : [2026-09-11 04:18:03.607] [WiVRn] [info] 	t+6209µs HEAD (4902µs)
09-11 04:18:03.607   895 12576 I WiVRn   : [2026-09-11 04:18:03.607] [WiVRn] [info] 	t+6316µs LEFT_GRIP (4795µs)
09-11 04:18:03.607   895 12576 I WiVRn   : [2026-09-11 04:18:03.607] [WiVRn] [info] 	t+6325µs RIGHT_GRIP (4786µs)
09-11 04:18:03.704   895 12532 I PxrMetric: FPS=90/90,MTP=30.73ms,AppSW=off,FrmEarly=1,FrmLate=1,FrmCpu=0.95ms,FrmGpu=6.14ms,FrmTime=12.14ms,ATWGPU=1.59ms,VsyncDelay=2,GPU=95%/587Mhz,GPUTemp=67.4C,LayerCnt=3,Pkg=org.meumeu.wivrn.nx.warp,FrmId=2934
09-11 04:18:04.210   895 12537 I WiVRn   : [2026-09-11 04:18:04.210] [WiVRn] [info] render: 180 iterations in 2.0 s (89.7/s), 180 submitted a layer, 91 new-source, 0 skipped by the repeat gate, 0 with nothing to show; display period 11.1 ms
09-11 04:18:04.210   895 12537 I WiVRn   : [2026-09-11 04:18:04.210] [WiVRn] [info] render: ready wait attempts 100 success 11 total 94.829 ms | selected older than available 0
09-11 04:18:04.210   895 12537 I WiVRn   : [2026-09-11 04:18:04.210] [WiVRn] [info] render: selected source transitions forward 91 backward 0 repeat 89, greatest forward gap 1
09-11 04:18:04.210   895 12537 I WiVRn   : [2026-09-11 04:18:04.210] [WiVRn] [info] render: this app's own GPU pass 2.6 ms per iteration
09-11 04:18:04.210   895 12537 I WiVRn   : [2026-09-11 04:18:04.210] [WiVRn] [info] render: defoveate 2688x2688 per eye x2 = 14.45 Mpx/frame at scale 1.00 atlas-prototype 0; 89 re-presented from the cache (reduce_gpu_load on)
09-11 04:18:04.210   895 12537 I WiVRn   : [2026-09-11 04:18:04.210] [WiVRn] [info] render: shader path sharpness 0.00 fsr false alpha false motion false blend false glow 0.00 vignette 0.00 deband 0.00 lowpoly 0.00 levels 0 full-kernel false
09-11 04:18:04.210   895 12537 I WiVRn   : [2026-09-11 04:18:04.210] [WiVRn] [info] render: per iteration fence 0.2 (worst 6.1) | queries 0.0 | submit 0.0 | whole render() 1.3 ms
09-11 04:18:04.210   895 12537 I WiVRn   : [2026-09-11 04:18:04.210] [WiVRn] [info] render: selection-to-defoveate CPU 0.053 ms mean (max 0.097) over 91 actual defoveate calls; not GPU/photon latency
09-11 04:18:04.210   895 12537 I WiVRn   : [2026-09-11 04:18:04.210] [WiVRn] [info] render: jit on | wake slack 37.9 ms | slept 5.0 ms mean (max 5.0, 180 of 180 iterations) | budget 12.6 = pass 11.6 + margin 1.0 | sleep cap 5.0 ms
09-11 04:18:04.210   895 12537 I WiVRn   : [2026-09-11 04:18:04.210] [WiVRn] [info] render: source display-time offset 72.2 ms mean (worst 87.9) over 180 frames | submit lead 31.6 ms mean (worst 28.3) | misses: 0 overrun 0 late 0 skipped refresh
09-11 04:18:04.210   895 12537 I WiVRn   : [2026-09-11 04:18:04.210] [WiVRn] [info] render: source->first 6.1 ms | wire 10.9 | queue 0.3 | decode 14.4 | decode->selection 8.3 | selection->predicted 32.1 | sum 72.2 over 180 selected frames (0 invalid)
09-11 04:18:04.250   895 12574 I WiVRn   : [2026-09-11 04:18:04.250] [WiVRn] [info] nxwarp[0]: 90 frames in 2.0 s: 257072 B/frame, wait-prev 0.0 ms, wall 14.5 ms, nxvc passA 4.2 passB 8.1 gpu 12.3 ms; holes 3, refused 0
09-11 04:18:04.250   895 12574 I WiVRn   : [2026-09-11 04:18:04.250] [WiVRn] [info] nxwarp[0] gpu duty 552 ms/s (55% of one GPU) for decode alone; the display pass is extra
09-11 04:18:04.250   895 12574 I WiVRn   : [2026-09-11 04:18:04.250] [WiVRn] [info] nxwarp[0] passB 8.1 ms = warp 0.0 + skip 0.0 + coded 0.0 + dir 0.0 + other 8.1; tiles skip 0 / coded 3528 / dir 0 (eye pass 0)
09-11 04:18:04.250   895 12574 I WiVRn   : [2026-09-11 04:18:04.250] [WiVRn] [info] nxwarp[0]: 77 frames dropped late (queue kept to 1)
09-11 04:18:04.250   895 12574 I WiVRn   : [2026-09-11 04:18:04.250] [WiVRn] [info] nxwarp[0] stage: gap 7.8 | wait-prev 0.0 | submit 1.6 (qlock 0.0 + codec 1.6) | get_free 0.0 | fence-pre 0.0 | record 0.0 | qsubmit 0.0 | fence-post 12.8 | publish 0.0 ms; withheld 0, stride 1, arrival 22.1 ms
09-11 04:18:04.250   895 12574 I WiVRn   : [2026-09-11 04:18:04.250] [WiVRn] [info] nxwarp[0] reassembly (network thread): 0.22 ms/frame over 90 frames, buffer 251 kB held for 251 kB of unit (1.0x)
09-11 04:18:04.250   895 12574 I WiVRn   : [2026-09-11 04:18:04.250] [WiVRn] [info] nxwarp[0] fence-post 12.8 ms = nxvc gpu 12.3 + copy gpu 0.00 + queue 0.5 (over 90 frames with timestamps)
09-11 04:18:04.607   895 12576 I WiVRn   : [2026-09-11 04:18:04.607] [WiVRn] [info] Tracking pattern (11113µs):
09-11 04:18:04.607   895 12576 I WiVRn   : [2026-09-11 04:18:04.607] [WiVRn] [info] 	t+3397µs HEAD (7715µs)
09-11 04:18:04.607   895 12576 I WiVRn   : [2026-09-11 04:18:04.607] [WiVRn] [info] 	t+3449µs LEFT_GRIP (7663µs)
09-11 04:18:04.607   895 12576 I WiVRn   : [2026-09-11 04:18:04.607] [WiVRn] [info] 	t+3493µs RIGHT_GRIP (7619µs)
09-11 04:18:04.607   895 12576 I WiVRn   : [2026-09-11 04:18:04.607] [WiVRn] [info] 	t+6397µs HEAD (4715µs)
09-11 04:18:04.607   895 12576 I WiVRn   : [2026-09-11 04:18:04.607] [WiVRn] [info] 	t+6449µs LEFT_GRIP (4663µs)
09-11 04:18:04.607   895 12576 I WiVRn   : [2026-09-11 04:18:04.607] [WiVRn] [info] 	t+6493µs RIGHT_GRIP (4619µs)
09-11 04:18:04.704   895 12532 I PxrMetric: FPS=90/90,MTP=29.87ms,AppSW=off,FrmEarly=0,FrmLate=0,FrmCpu=0.96ms,FrmGpu=5.77ms,FrmTime=11.78ms,ATWGPU=1.60ms,VsyncDelay=2,GPU=96%/587Mhz,GPUTemp=67.4C,LayerCnt=3,Pkg=org.meumeu.wivrn.nx.warp,FrmId=3024
09-11 04:18:05.456   895 12572 I WiVRn   : [2026-09-11 04:18:05.456] [WiVRn] [info] nxwarp[0] net: 90 frames closed in 2.0 s, 0 with a hole, 0 out-of-order datagrams, 0 frames completed late, 0 queued for the worker, 1602 decoded so far, 1763 stragglers dropped; last hole 2597/2825 chunks, first missing 2520, short false, chunk 1166 B; worker phase idle
09-11 04:18:05.456   895 12572 I WiVRn   : [2026-09-11 04:18:05.456] [WiVRn] [info] nxwarp[0] net: 0.032 ms per datagram over 27373 datagrams (432.83 ms of every second)
09-11 04:18:05.456   895 12572 I WiVRn   : [2026-09-11 04:18:05.456] [WiVRn] [info] nxwarp[0] sel: stride 1, arrival 21.9 ms, dropped-late 77, withheld 0, decoded 1602
09-11 04:18:05.456   895 12572 I WiVRn   : [2026-09-11 04:18:05.456] [WiVRn] [info] nxwarp[0] rx: 547975 datagrams, placed 4097020 (+314210), late 850614 (+45711), stale_frame 0, bad_range 0, bad_dir 0, bad_caps 0, bad_ver 0, auth_fail 0, replay 0, frozen 0, dup 599
09-11 04:18:05.607   895 12576 I WiVRn   : [2026-09-11 04:18:05.607] [WiVRn] [info] Tracking pattern (11112µs):
09-11 04:18:05.607   895 12576 I WiVRn   : [2026-09-11 04:18:05.607] [WiVRn] [info] 	t+3449µs HEAD (7662µs)
09-11 04:18:05.607   895 12576 I WiVRn   : [2026-09-11 04:18:05.607] [WiVRn] [info] 	t+3522µs LEFT_GRIP (7590µs)
09-11 04:18:05.607   895 12576 I WiVRn   : [2026-09-11 04:18:05.607] [WiVRn] [info] 	t+3528µs RIGHT_GRIP (7583µs)
09-11 04:18:05.607   895 12576 I WiVRn   : [2026-09-11 04:18:05.607] [WiVRn] [info] 	t+6449µs HEAD (4662µs)
09-11 04:18:05.607   895 12576 I WiVRn   : [2026-09-11 04:18:05.607] [WiVRn] [info] 	t+6522µs LEFT_GRIP (4590µs)
09-11 04:18:05.607   895 12576 I WiVRn   : [2026-09-11 04:18:05.607] [WiVRn] [info] 	t+6528µs RIGHT_GRIP (4583µs)
09-11 04:18:05.717   895 12532 I PxrMetric: FPS=90/90,MTP=29.84ms,AppSW=off,FrmEarly=0,FrmLate=1,FrmCpu=1.01ms,FrmGpu=6.04ms,FrmTime=12.09ms,ATWGPU=1.59ms,VsyncDelay=2,GPU=99%/587Mhz,GPUTemp=67.8C,LayerCnt=3,Pkg=org.meumeu.wivrn.nx.warp,FrmId=3115
09-11 04:18:06.221   895 12537 I WiVRn   : [2026-09-11 04:18:06.221] [WiVRn] [info] render: 181 iterations in 2.0 s (90.0/s), 181 submitted a layer, 90 new-source, 0 skipped by the repeat gate, 0 with nothing to show; display period 11.1 ms
09-11 04:18:06.221   895 12537 I WiVRn   : [2026-09-11 04:18:06.221] [WiVRn] [info] render: ready wait attempts 92 success 1 total 96.564 ms | selected older than available 0
09-11 04:18:06.221   895 12537 I WiVRn   : [2026-09-11 04:18:06.221] [WiVRn] [info] render: selected source transitions forward 90 backward 0 repeat 91, greatest forward gap 1
09-11 04:18:06.221   895 12537 I WiVRn   : [2026-09-11 04:18:06.221] [WiVRn] [info] render: this app's own GPU pass 2.8 ms per iteration
09-11 04:18:06.221   895 12537 I WiVRn   : [2026-09-11 04:18:06.221] [WiVRn] [info] render: defoveate 2688x2688 per eye x2 = 14.45 Mpx/frame at scale 1.00 atlas-prototype 0; 91 re-presented from the cache (reduce_gpu_load on)
09-11 04:18:06.221   895 12537 I WiVRn   : [2026-09-11 04:18:06.221] [WiVRn] [info] render: shader path sharpness 0.00 fsr false alpha false motion false blend false glow 0.00 vignette 0.00 deband 0.00 lowpoly 0.00 levels 0 full-kernel false
09-11 04:18:06.221   895 12537 I WiVRn   : [2026-09-11 04:18:06.221] [WiVRn] [info] render: per iteration fence 0.0 (worst 2.4) | queries 0.0 | submit 0.0 | whole render() 1.1 ms
09-11 04:18:06.221   895 12537 I WiVRn   : [2026-09-11 04:18:06.221] [WiVRn] [info] render: selection-to-defoveate CPU 0.054 ms mean (max 0.096) over 90 actual defoveate calls; not GPU/photon latency
09-11 04:18:06.221   895 12537 I WiVRn   : [2026-09-11 04:18:06.221] [WiVRn] [info] render: jit on | wake slack 36.1 ms | slept 5.0 ms mean (max 5.0, 181 of 181 iterations) | budget 10.8 = pass 9.8 + margin 1.0 | sleep cap 5.0 ms
09-11 04:18:06.221   895 12537 I WiVRn   : [2026-09-11 04:18:06.221] [WiVRn] [info] render: source display-time offset 71.7 ms mean (worst 77.3) over 181 frames | submit lead 30.0 ms mean (worst 27.0) | misses: 0 overrun 0 late 0 skipped refresh
09-11 04:18:06.221   895 12537 I WiVRn   : [2026-09-11 04:18:06.221] [WiVRn] [info] render: source->first 6.1 ms | wire 10.4 | queue 0.4 | decode 14.9 | decode->selection 9.4 | selection->predicted 30.5 | sum 71.7 over 181 selected frames (0 invalid)
09-11 04:18:06.271   895 12574 I WiVRn   : [2026-09-11 04:18:06.271] [WiVRn] [info] nxwarp[0]: 91 frames in 2.0 s: 240342 B/frame, wait-prev 0.0 ms, wall 14.9 ms, nxvc passA 4.2 passB 8.0 gpu 12.2 ms; holes 3, refused 0
09-11 04:18:06.271   895 12574 I WiVRn   : [2026-09-11 04:18:06.271] [WiVRn] [info] nxwarp[0] gpu duty 551 ms/s (55% of one GPU) for decode alone; the display pass is extra
09-11 04:18:06.271   895 12574 I WiVRn   : [2026-09-11 04:18:06.271] [WiVRn] [info] nxwarp[0] passB 8.0 ms = warp 0.0 + skip 0.0 + coded 0.0 + dir 0.0 + other 8.0; tiles skip 0 / coded 3528 / dir 0 (eye pass 0)
09-11 04:18:06.271   895 12574 I WiVRn   : [2026-09-11 04:18:06.271] [WiVRn] [info] nxwarp[0]: 77 frames dropped late (queue kept to 1)
09-11 04:18:06.271   895 12574 I WiVRn   : [2026-09-11 04:18:06.271] [WiVRn] [info] nxwarp[0] stage: gap 7.3 | wait-prev 0.0 | submit 1.8 (qlock 0.0 + codec 1.8) | get_free 0.0 | fence-pre 0.0 | record 0.0 | qsubmit 0.0 | fence-post 13.1 | publish 0.0 ms; withheld 0, stride 1, arrival 21.9 ms
09-11 04:18:06.271   895 12574 I WiVRn   : [2026-09-11 04:18:06.271] [WiVRn] [info] nxwarp[0] reassembly (network thread): 0.28 ms/frame over 91 frames, buffer 235 kB held for 235 kB of unit (1.0x)
09-11 04:18:06.271   895 12574 I WiVRn   : [2026-09-11 04:18:06.271] [WiVRn] [info] nxwarp[0] fence-post 13.1 ms = nxvc gpu 12.2 + copy gpu 0.00 + queue 0.8 (over 91 frames with timestamps)
09-11 04:18:06.607   895 12576 I WiVRn   : [2026-09-11 04:18:06.607] [WiVRn] [info] Tracking pattern (11110µs):
09-11 04:18:06.607   895 12576 I WiVRn   : [2026-09-11 04:18:06.607] [WiVRn] [info] 	t+3555µs HEAD (7555µs)
09-11 04:18:06.607   895 12576 I WiVRn   : [2026-09-11 04:18:06.607] [WiVRn] [info] 	t+3607µs LEFT_GRIP (7503µs)
09-11 04:18:06.607   895 12576 I WiVRn   : [2026-09-11 04:18:06.607] [WiVRn] [info] 	t+3614µs RIGHT_GRIP (7495µs)
09-11 04:18:06.607   895 12576 I WiVRn   : [2026-09-11 04:18:06.607] [WiVRn] [info] 	t+6555µs HEAD (4555µs)
09-11 04:18:06.607   895 12576 I WiVRn   : [2026-09-11 04:18:06.607] [WiVRn] [info] 	t+6607µs LEFT_GRIP (4503µs)
09-11 04:18:06.607   895 12576 I WiVRn   : [2026-09-11 04:18:06.607] [WiVRn] [info] 	t+6614µs RIGHT_GRIP (4495µs)
09-11 04:18:06.717   895 12532 I PxrMetric: FPS=90/90,MTP=29.92ms,AppSW=off,FrmEarly=0,FrmLate=0,FrmCpu=1.01ms,FrmGpu=6.27ms,FrmTime=12.33ms,ATWGPU=1.60ms,VsyncDelay=2,GPU=97%/587Mhz,GPUTemp=67.1C,LayerCnt=3,Pkg=org.meumeu.wivrn.nx.warp,FrmId=3205
09-11 04:18:07.459   895 12572 I WiVRn   : [2026-09-11 04:18:07.459] [WiVRn] [info] nxwarp[0] net: 93 frames closed in 2.0 s, 0 with a hole, 0 out-of-order datagrams, 0 frames completed late, 0 queued for the worker, 1694 decoded so far, 1856 stragglers dropped; last hole 2597/2825 chunks, first missing 2520, short false, chunk 1166 B; worker phase copy-fence-wait
09-11 04:18:07.459   895 12572 I WiVRn   : [2026-09-11 04:18:07.459] [WiVRn] [info] nxwarp[0] net: 0.031 ms per datagram over 29273 datagrams (448.79 ms of every second)
09-11 04:18:07.459   895 12572 I WiVRn   : [2026-09-11 04:18:07.459] [WiVRn] [info] nxwarp[0] sel: stride 1, arrival 17.2 ms, dropped-late 77, withheld 0, decoded 1694
09-11 04:18:07.459   895 12572 I WiVRn   : [2026-09-11 04:18:07.459] [WiVRn] [info] nxwarp[0] rx: 577248 datagrams, placed 4425124 (+328104), late 909199 (+58585), stale_frame 0, bad_range 0, bad_dir 0, bad_caps 0, bad_ver 0, auth_fail 0, replay 0, frozen 0, dup 640
09-11 04:18:07.607   895 12576 I WiVRn   : [2026-09-11 04:18:07.607] [WiVRn] [info] Tracking pattern (11112µs):
09-11 04:18:07.607   895 12576 I WiVRn   : [2026-09-11 04:18:07.607] [WiVRn] [info] 	t+3273µs HEAD (7838µs)
09-11 04:18:07.607   895 12576 I WiVRn   : [2026-09-11 04:18:07.607] [WiVRn] [info] 	t+3333µs LEFT_GRIP (7779µs)
09-11 04:18:07.607   895 12576 I WiVRn   : [2026-09-11 04:18:07.607] [WiVRn] [info] 	t+3340µs RIGHT_GRIP (7772µs)
09-11 04:18:07.607   895 12576 I WiVRn   : [2026-09-11 04:18:07.607] [WiVRn] [info] 	t+6273µs HEAD (4838µs)
09-11 04:18:07.607   895 12576 I WiVRn   : [2026-09-11 04:18:07.607] [WiVRn] [info] 	t+6333µs LEFT_GRIP (4779µs)
09-11 04:18:07.607   895 12576 I WiVRn   : [2026-09-11 04:18:07.607] [WiVRn] [info] 	t+6340µs RIGHT_GRIP (4772µs)
09-11 04:18:07.731   895 12532 I PxrMetric: FPS=90/90,MTP=35.71ms,AppSW=off,FrmEarly=8,FrmLate=12,FrmCpu=0.78ms,FrmGpu=11.63ms,FrmTime=19.30ms,ATWGPU=1.59ms,VsyncDelay=2,GPU=93%/587Mhz,GPUTemp=69.4C,LayerCnt=3,Pkg=org.meumeu.wivrn.nx.warp,FrmId=3283
09-11 04:18:08.221   895 12537 I WiVRn   : [2026-09-11 04:18:08.221] [WiVRn] [info] render: 161 iterations in 2.0 s (80.5/s), 161 submitted a layer, 98 new-source, 0 skipped by the repeat gate, 0 with nothing to show; display period 12.5 ms
09-11 04:18:08.221   895 12537 I WiVRn   : [2026-09-11 04:18:08.221] [WiVRn] [info] render: ready wait attempts 75 success 12 total 67.418 ms | selected older than available 0
09-11 04:18:08.221   895 12537 I WiVRn   : [2026-09-11 04:18:08.221] [WiVRn] [info] render: selected source transitions forward 98 backward 0 repeat 63, greatest forward gap 1
09-11 04:18:08.221   895 12537 I WiVRn   : [2026-09-11 04:18:08.221] [WiVRn] [info] render: this app's own GPU pass 3.0 ms per iteration
09-11 04:18:08.221   895 12537 I WiVRn   : [2026-09-11 04:18:08.221] [WiVRn] [info] render: defoveate 2688x2688 per eye x2 = 14.45 Mpx/frame at scale 1.00 atlas-prototype 0; 63 re-presented from the cache (reduce_gpu_load on)
09-11 04:18:08.221   895 12537 I WiVRn   : [2026-09-11 04:18:08.221] [WiVRn] [info] render: shader path sharpness 0.00 fsr false alpha false motion false blend false glow 0.00 vignette 0.00 deband 0.00 lowpoly 0.00 levels 0 full-kernel false
09-11 04:18:08.221   895 12537 I WiVRn   : [2026-09-11 04:18:08.221] [WiVRn] [info] render: per iteration fence 1.8 (worst 13.6) | queries 0.0 | submit 0.0 | whole render() 2.8 ms
09-11 04:18:08.221   895 12537 I WiVRn   : [2026-09-11 04:18:08.221] [WiVRn] [info] render: selection-to-defoveate CPU 0.055 ms mean (max 0.100) over 98 actual defoveate calls; not GPU/photon latency
09-11 04:18:08.221   895 12537 I WiVRn   : [2026-09-11 04:18:08.221] [WiVRn] [info] render: jit on | wake slack 41.3 ms | slept 5.0 ms mean (max 5.0, 161 of 161 iterations) | budget 15.3 = pass 14.3 + margin 1.0 | sleep cap 5.0 ms
09-11 04:18:08.221   895 12537 I WiVRn   : [2026-09-11 04:18:08.221] [WiVRn] [info] render: source display-time offset 75.4 ms mean (worst 99.7) over 161 frames | submit lead 33.4 ms mean (worst 20.9) | misses: 0 overrun 0 late 0 skipped refresh
09-11 04:18:08.221   895 12537 I WiVRn   : [2026-09-11 04:18:08.221] [WiVRn] [info] render: source->first 6.6 ms | wire 10.6 | queue 1.2 | decode 15.6 | decode->selection 7.4 | selection->predicted 34.0 | sum 75.4 over 161 selected frames (0 invalid)
09-11 04:18:08.288   895 12574 I WiVRn   : [2026-09-11 04:18:08.288] [WiVRn] [info] nxwarp[0]: 99 frames in 2.0 s: 259934 B/frame, wait-prev 0.0 ms, wall 15.9 ms, nxvc passA 4.8 passB 8.3 gpu 13.0 ms; holes 3, refused 0
09-11 04:18:08.288   895 12574 I WiVRn   : [2026-09-11 04:18:08.288] [WiVRn] [info] nxwarp[0] gpu duty 640 ms/s (64% of one GPU) for decode alone; the display pass is extra
09-11 04:18:08.288   895 12574 I WiVRn   : [2026-09-11 04:18:08.288] [WiVRn] [info] nxwarp[0] passB 8.3 ms = warp 0.0 + skip 0.0 + coded 0.0 + dir 0.0 + other 8.3; tiles skip 0 / coded 3528 / dir 0 (eye pass 0)
09-11 04:18:08.288   895 12574 I WiVRn   : [2026-09-11 04:18:08.288] [WiVRn] [info] nxwarp[0]: 77 frames dropped late (queue kept to 1)
09-11 04:18:08.288   895 12574 I WiVRn   : [2026-09-11 04:18:08.288] [WiVRn] [info] nxwarp[0] stage: gap 4.5 | wait-prev 0.0 | submit 1.6 (qlock 0.0 + codec 1.6) | get_free 0.0 | fence-pre 0.0 | record 0.0 | qsubmit 0.0 | fence-post 14.2 | publish 0.0 ms; withheld 0, stride 1, arrival 18.6 ms
09-11 04:18:08.288   895 12574 I WiVRn   : [2026-09-11 04:18:08.288] [WiVRn] [info] nxwarp[0] reassembly (network thread): 0.21 ms/frame over 99 frames, buffer 254 kB held for 254 kB of unit (1.0x)
09-11 04:18:08.288   895 12574 I WiVRn   : [2026-09-11 04:18:08.288] [WiVRn] [info] nxwarp[0] fence-post 14.2 ms = nxvc gpu 13.0 + copy gpu 0.00 + queue 1.2 (over 99 frames with timestamps)
09-11 04:18:08.607   895 12576 I WiVRn   : [2026-09-11 04:18:08.607] [WiVRn] [info] Tracking pattern (11109µs):
09-11 04:18:08.607   895 12576 I WiVRn   : [2026-09-11 04:18:08.607] [WiVRn] [info] 	t+3177µs HEAD (7931µs)
09-11 04:18:08.607   895 12576 I WiVRn   : [2026-09-11 04:18:08.607] [WiVRn] [info] 	t+3235µs LEFT_GRIP (7873µs)
09-11 04:18:08.607   895 12576 I WiVRn   : [2026-09-11 04:18:08.607] [WiVRn] [info] 	t+3244µs RIGHT_GRIP (7865µs)
09-11 04:18:08.607   895 12576 I WiVRn   : [2026-09-11 04:18:08.607] [WiVRn] [info] 	t+6177µs HEAD (4931µs)
09-11 04:18:08.607   895 12576 I WiVRn   : [2026-09-11 04:18:08.607] [WiVRn] [info] 	t+6235µs LEFT_GRIP (4873µs)
09-11 04:18:08.607   895 12576 I WiVRn   : [2026-09-11 04:18:08.607] [WiVRn] [info] 	t+6244µs RIGHT_GRIP (4865µs)
09-11 04:18:08.750   895 12532 I PxrMetric: FPS=77/90,MTP=41.81ms,AppSW=off,FrmEarly=29,FrmLate=16,FrmCpu=0.72ms,FrmGpu=15.24ms,FrmTime=24.00ms,ATWGPU=1.61ms,VsyncDelay=3,GPU=99%/587Mhz,GPUTemp=68.6C,LayerCnt=3,Pkg=org.meumeu.wivrn.nx.warp,FrmId=3356
09-11 04:18:09.479   895 12572 I WiVRn   : [2026-09-11 04:18:09.479] [WiVRn] [info] nxwarp[0] net: 105 frames closed in 2.0 s, 0 with a hole, 0 out-of-order datagrams, 0 frames completed late, 0 queued for the worker, 1799 decoded so far, 1961 stragglers dropped; last hole 2597/2825 chunks, first missing 2520, short false, chunk 1166 B; worker phase copy-fence-wait
09-11 04:18:09.479   895 12572 I WiVRn   : [2026-09-11 04:18:09.479] [WiVRn] [info] nxwarp[0] net: 0.028 ms per datagram over 35239 datagrams (489.84 ms of every second)
09-11 04:18:09.479   895 12572 I WiVRn   : [2026-09-11 04:18:09.479] [WiVRn] [info] nxwarp[0] sel: stride 1, arrival 18.5 ms, dropped-late 77, withheld 0, decoded 1799
09-11 04:18:09.479   895 12572 I WiVRn   : [2026-09-11 04:18:09.479] [WiVRn] [info] nxwarp[0] rx: 612487 datagrams, placed 4765891 (+340767), late 965194 (+55995), stale_frame 0, bad_range 0, bad_dir 0, bad_caps 0, bad_ver 0, auth_fail 0, replay 0, frozen 0, dup 676
09-11 04:18:09.607   895 12576 I WiVRn   : [2026-09-11 04:18:09.607] [WiVRn] [info] Tracking pattern (11110µs):
09-11 04:18:09.607   895 12576 I WiVRn   : [2026-09-11 04:18:09.607] [WiVRn] [info] 	t+3171µs HEAD (7939µs)
09-11 04:18:09.607   895 12576 I WiVRn   : [2026-09-11 04:18:09.607] [WiVRn] [info] 	t+3241µs LEFT_GRIP (7869µs)
09-11 04:18:09.607   895 12576 I WiVRn   : [2026-09-11 04:18:09.607] [WiVRn] [info] 	t+3255µs RIGHT_GRIP (7855µs)
09-11 04:18:09.607   895 12576 I WiVRn   : [2026-09-11 04:18:09.607] [WiVRn] [info] 	t+6171µs HEAD (4939µs)
09-11 04:18:09.607   895 12576 I WiVRn   : [2026-09-11 04:18:09.607] [WiVRn] [info] 	t+6241µs LEFT_GRIP (4869µs)
09-11 04:18:09.607   895 12576 I WiVRn   : [2026-09-11 04:18:09.607] [WiVRn] [info] 	t+6255µs RIGHT_GRIP (4855µs)
09-11 04:18:09.756   895 12532 I PxrMetric: FPS=72/90,MTP=43.28ms,AppSW=off,FrmEarly=29,FrmLate=12,FrmCpu=0.76ms,FrmGpu=12.96ms,FrmTime=23.49ms,ATWGPU=1.60ms,VsyncDelay=3,GPU=94%/587Mhz,GPUTemp=69.8C,LayerCnt=3,Pkg=org.meumeu.wivrn.nx.warp,FrmId=3428
09-11 04:18:10.231   895 12537 I WiVRn   : [2026-09-11 04:18:10.231] [WiVRn] [info] render: 143 iterations in 2.0 s (71.5/s), 143 submitted a layer, 105 new-source, 0 skipped by the repeat gate, 0 with nothing to show; display period 14.0 ms
09-11 04:18:10.231   895 12537 I WiVRn   : [2026-09-11 04:18:10.231] [WiVRn] [info] render: ready wait attempts 41 success 3 total 40.359 ms | selected older than available 0
09-11 04:18:10.231   895 12537 I WiVRn   : [2026-09-11 04:18:10.231] [WiVRn] [info] render: selected source transitions forward 105 backward 0 repeat 38, greatest forward gap 1
09-11 04:18:10.231   895 12537 I WiVRn   : [2026-09-11 04:18:10.231] [WiVRn] [info] render: this app's own GPU pass 3.5 ms per iteration
09-11 04:18:10.231   895 12537 I WiVRn   : [2026-09-11 04:18:10.231] [WiVRn] [info] render: defoveate 2688x2688 per eye x2 = 14.45 Mpx/frame at scale 1.00 atlas-prototype 0; 38 re-presented from the cache (reduce_gpu_load on)
09-11 04:18:10.231   895 12537 I WiVRn   : [2026-09-11 04:18:10.231] [WiVRn] [info] render: shader path sharpness 0.00 fsr false alpha false motion false blend false glow 0.00 vignette 0.00 deband 0.00 lowpoly 0.00 levels 0 full-kernel false
09-11 04:18:10.231   895 12537 I WiVRn   : [2026-09-11 04:18:10.231] [WiVRn] [info] render: per iteration fence 3.4 (worst 13.9) | queries 0.0 | submit 0.0 | whole render() 4.3 ms
09-11 04:18:10.231   895 12537 I WiVRn   : [2026-09-11 04:18:10.231] [WiVRn] [info] render: selection-to-defoveate CPU 0.052 ms mean (max 0.125) over 105 actual defoveate calls; not GPU/photon latency
09-11 04:18:10.231   895 12537 I WiVRn   : [2026-09-11 04:18:10.231] [WiVRn] [info] render: jit on | wake slack 46.8 ms | slept 5.0 ms mean (max 5.0, 143 of 143 iterations) | budget 14.9 = pass 13.9 + margin 1.0 | sleep cap 5.0 ms
09-11 04:18:10.231   895 12537 I WiVRn   : [2026-09-11 04:18:10.231] [WiVRn] [info] render: source display-time offset 81.4 ms mean (worst 99.8) over 143 frames | submit lead 37.6 ms mean (worst 23.1) | misses: 0 overrun 0 late 0 skipped refresh
09-11 04:18:10.231   895 12537 I WiVRn   : [2026-09-11 04:18:10.231] [WiVRn] [info] render: source->first 7.0 ms | wire 10.3 | queue 1.9 | decode 16.5 | decode->selection 7.6 | selection->predicted 38.1 | sum 81.4 over 143 selected frames (0 invalid)
09-11 04:18:10.309   895 12574 I WiVRn   : [2026-09-11 04:18:10.309] [WiVRn] [info] nxwarp[0]: 105 frames in 2.0 s: 267905 B/frame, wait-prev 0.0 ms, wall 16.5 ms, nxvc passA 5.1 passB 8.2 gpu 13.3 ms; holes 3, refused 0
09-11 04:18:10.309   895 12574 I WiVRn   : [2026-09-11 04:18:10.309] [WiVRn] [info] nxwarp[0] gpu duty 690 ms/s (69% of one GPU) for decode alone; the display pass is extra
09-11 04:18:10.309   895 12574 I WiVRn   : [2026-09-11 04:18:10.309] [WiVRn] [info] nxwarp[0] passB 8.2 ms = warp 0.0 + skip 0.0 + coded 0.0 + dir 0.0 + other 8.2; tiles skip 0 / coded 3528 / dir 0 (eye pass 0)
09-11 04:18:10.309   895 12574 I WiVRn   : [2026-09-11 04:18:10.309] [WiVRn] [info] nxwarp[0]: 77 frames dropped late (queue kept to 1)
09-11 04:18:10.309   895 12574 I WiVRn   : [2026-09-11 04:18:10.309] [WiVRn] [info] nxwarp[0] stage: gap 2.8 | wait-prev 0.0 | submit 1.6 (qlock 0.0 + codec 1.6) | get_free 0.0 | fence-pre 0.0 | record 0.0 | qsubmit 0.0 | fence-post 14.8 | publish 0.0 ms; withheld 0, stride 1, arrival 17.8 ms
09-11 04:18:10.309   895 12574 I WiVRn   : [2026-09-11 04:18:10.309] [WiVRn] [info] nxwarp[0] reassembly (network thread): 0.21 ms/frame over 106 frames, buffer 262 kB held for 262 kB of unit (1.0x)
09-11 04:18:10.309   895 12574 I WiVRn   : [2026-09-11 04:18:10.309] [WiVRn] [info] nxwarp[0] fence-post 14.8 ms = nxvc gpu 13.3 + copy gpu 0.00 + queue 1.5 (over 105 frames with timestamps)
09-11 04:18:10.607   895 12576 I WiVRn   : [2026-09-11 04:18:10.607] [WiVRn] [info] Tracking pattern (11110µs):
09-11 04:18:10.607   895 12576 I WiVRn   : [2026-09-11 04:18:10.607] [WiVRn] [info] 	t+3108µs HEAD (8002µs)
09-11 04:18:10.607   895 12576 I WiVRn   : [2026-09-11 04:18:10.607] [WiVRn] [info] 	t+3150µs LEFT_GRIP (7960µs)
09-11 04:18:10.607   895 12576 I WiVRn   : [2026-09-11 04:18:10.607] [WiVRn] [info] 	t+3156µs RIGHT_GRIP (7954µs)
09-11 04:18:10.607   895 12576 I WiVRn   : [2026-09-11 04:18:10.607] [WiVRn] [info] 	t+6108µs HEAD (5002µs)
09-11 04:18:10.607   895 12576 I WiVRn   : [2026-09-11 04:18:10.607] [WiVRn] [info] 	t+6150µs LEFT_GRIP (4960µs)
09-11 04:18:10.607   895 12576 I WiVRn   : [2026-09-11 04:18:10.607] [WiVRn] [info] 	t+6156µs RIGHT_GRIP (4954µs)
09-11 04:18:10.767   895 12532 I PxrMetric: FPS=72/90,MTP=41.34ms,AppSW=off,FrmEarly=25,FrmLate=10,FrmCpu=0.83ms,FrmGpu=10.52ms,FrmTime=18.82ms,ATWGPU=1.60ms,VsyncDelay=3,GPU=87%/587Mhz,GPUTemp=69.8C,LayerCnt=3,Pkg=org.meumeu.wivrn.nx.warp,FrmId=3504
09-11 04:18:11.492   895 12572 I WiVRn   : [2026-09-11 04:18:11.492] [WiVRn] [info] nxwarp[0] net: 107 frames closed in 2.0 s, 0 with a hole, 0 out-of-order datagrams, 0 frames completed late, 0 queued for the worker, 1907 decoded so far, 2068 stragglers dropped; last hole 2597/2825 chunks, first missing 2520, short false, chunk 1166 B; worker phase idle
09-11 04:18:11.492   895 12572 I WiVRn   : [2026-09-11 04:18:11.492] [WiVRn] [info] nxwarp[0] net: 0.029 ms per datagram over 33755 datagrams (480.77 ms of every second)
09-11 04:18:11.492   895 12572 I WiVRn   : [2026-09-11 04:18:11.492] [WiVRn] [info] nxwarp[0] sel: stride 1, arrival 16.7 ms, dropped-late 77, withheld 0, decoded 1907
09-11 04:18:11.492   895 12572 I WiVRn   : [2026-09-11 04:18:11.492] [WiVRn] [info] nxwarp[0] rx: 646242 datagrams, placed 5120280 (+354389), late 998422 (+33228), stale_frame 0, bad_range 0, bad_dir 0, bad_caps 0, bad_ver 0, auth_fail 0, replay 0, frozen 0, dup 728
09-11 04:18:11.607   895 12576 I WiVRn   : [2026-09-11 04:18:11.607] [WiVRn] [info] Tracking pattern (11111µs):
09-11 04:18:11.607   895 12576 I WiVRn   : [2026-09-11 04:18:11.607] [WiVRn] [info] 	t+3379µs HEAD (7731µs)
09-11 04:18:11.607   895 12576 I WiVRn   : [2026-09-11 04:18:11.607] [WiVRn] [info] 	t+3480µs LEFT_GRIP (7630µs)
09-11 04:18:11.607   895 12576 I WiVRn   : [2026-09-11 04:18:11.607] [WiVRn] [info] 	t+3522µs RIGHT_GRIP (7588µs)
09-11 04:18:11.607   895 12576 I WiVRn   : [2026-09-11 04:18:11.607] [WiVRn] [info] 	t+6379µs HEAD (4731µs)
09-11 04:18:11.607   895 12576 I WiVRn   : [2026-09-11 04:18:11.607] [WiVRn] [info] 	t+6480µs LEFT_GRIP (4630µs)
09-11 04:18:11.607   895 12576 I WiVRn   : [2026-09-11 04:18:11.607] [WiVRn] [info] 	t+6522µs RIGHT_GRIP (4588µs)
09-11 04:18:11.765   895 12532 I PxrMetric: FPS=75/90,MTP=35.40ms,AppSW=off,FrmEarly=26,FrmLate=6,FrmCpu=0.84ms,FrmGpu=11.93ms,FrmTime=19.70ms,ATWGPU=1.62ms,VsyncDelay=2,GPU=99%/587Mhz,GPUTemp=70.9C,LayerCnt=3,Pkg=org.meumeu.wivrn.nx.warp,FrmId=3587
09-11 04:18:12.226   895 12537 I WiVRn   : [2026-09-11 04:18:12.226] [WiVRn] [info] render: 164 iterations in 2.0 s (81.9/s), 164 submitted a layer, 105 new-source, 0 skipped by the repeat gate, 0 with nothing to show; display period 12.2 ms
09-11 04:18:12.226   895 12537 I WiVRn   : [2026-09-11 04:18:12.226] [WiVRn] [info] render: ready wait attempts 75 success 16 total 63.627 ms | selected older than available 0
09-11 04:18:12.226   895 12537 I WiVRn   : [2026-09-11 04:18:12.226] [WiVRn] [info] render: selected source transitions forward 105 backward 0 repeat 59, greatest forward gap 1
09-11 04:18:12.226   895 12537 I WiVRn   : [2026-09-11 04:18:12.226] [WiVRn] [info] render: this app's own GPU pass 3.1 ms per iteration
09-11 04:18:12.226   895 12537 I WiVRn   : [2026-09-11 04:18:12.226] [WiVRn] [info] render: defoveate 2688x2688 per eye x2 = 14.45 Mpx/frame at scale 1.00 atlas-prototype 0; 59 re-presented from the cache (reduce_gpu_load on)
09-11 04:18:12.226   895 12537 I WiVRn   : [2026-09-11 04:18:12.226] [WiVRn] [info] render: shader path sharpness 0.00 fsr false alpha false motion false blend false glow 0.00 vignette 0.00 deband 0.00 lowpoly 0.00 levels 0 full-kernel false
09-11 04:18:12.226   895 12537 I WiVRn   : [2026-09-11 04:18:12.226] [WiVRn] [info] render: per iteration fence 2.3 (worst 13.2) | queries 0.0 | submit 0.0 | whole render() 3.3 ms
09-11 04:18:12.226   895 12537 I WiVRn   : [2026-09-11 04:18:12.226] [WiVRn] [info] render: selection-to-defoveate CPU 0.053 ms mean (max 0.101) over 105 actual defoveate calls; not GPU/photon latency
09-11 04:18:12.226   895 12537 I WiVRn   : [2026-09-11 04:18:12.226] [WiVRn] [info] render: jit on | wake slack 44.7 ms | slept 5.0 ms mean (max 5.0, 164 of 164 iterations) | budget 13.6 = pass 12.6 + margin 1.0 | sleep cap 5.0 ms
09-11 04:18:12.226   895 12537 I WiVRn   : [2026-09-11 04:18:12.226] [WiVRn] [info] render: source display-time offset 77.7 ms mean (worst 88.9) over 164 frames | submit lead 36.3 ms mean (worst 22.9) | misses: 0 overrun 0 late 0 skipped refresh
09-11 04:18:12.226   895 12537 I WiVRn   : [2026-09-11 04:18:12.226] [WiVRn] [info] render: source->first 6.5 ms | wire 9.8 | queue 1.9 | decode 15.6 | decode->selection 7.0 | selection->predicted 36.9 | sum 77.7 over 164 selected frames (0 invalid)
09-11 04:18:12.315   895 12574 I WiVRn   : [2026-09-11 04:18:12.315] [WiVRn] [info] nxwarp[0]: 105 frames in 2.0 s: 243106 B/frame, wait-prev 0.0 ms, wall 15.7 ms, nxvc passA 4.4 passB 8.1 gpu 12.5 ms; holes 3, refused 0
09-11 04:18:12.315   895 12574 I WiVRn   : [2026-09-11 04:18:12.315] [WiVRn] [info] nxwarp[0] gpu duty 657 ms/s (66% of one GPU) for decode alone; the display pass is extra
09-11 04:18:12.315   895 12574 I WiVRn   : [2026-09-11 04:18:12.315] [WiVRn] [info] nxwarp[0] passB 8.1 ms = warp 0.0 + skip 0.0 + coded 0.0 + dir 0.0 + other 8.1; tiles skip 0 / coded 3528 / dir 0 (eye pass 0)
09-11 04:18:12.315   895 12574 I WiVRn   : [2026-09-11 04:18:12.315] [WiVRn] [info] nxwarp[0]: 77 frames dropped late (queue kept to 1)
09-11 04:18:12.315   895 12574 I WiVRn   : [2026-09-11 04:18:12.315] [WiVRn] [info] nxwarp[0] stage: gap 3.4 | wait-prev 0.0 | submit 1.6 (qlock 0.0 + codec 1.6) | get_free 0.0 | fence-pre 0.0 | record 0.0 | qsubmit 0.0 | fence-post 14.1 | publish 0.0 ms; withheld 0, stride 1, arrival 22.2 ms
09-11 04:18:12.315   895 12574 I WiVRn   : [2026-09-11 04:18:12.315] [WiVRn] [info] nxwarp[0] reassembly (network thread): 0.22 ms/frame over 104 frames, buffer 237 kB held for 237 kB of unit (1.0x)
09-11 04:18:12.315   895 12574 I WiVRn   : [2026-09-11 04:18:12.315] [WiVRn] [info] nxwarp[0] fence-post 14.1 ms = nxvc gpu 12.5 + copy gpu 0.00 + queue 1.5 (over 105 frames with timestamps)
09-11 04:18:12.607   895 12576 I WiVRn   : [2026-09-11 04:18:12.607] [WiVRn] [info] Tracking pattern (11112µs):
09-11 04:18:12.607   895 12576 I WiVRn   : [2026-09-11 04:18:12.607] [WiVRn] [info] 	t+3716µs HEAD (7395µs)
09-11 04:18:12.607   895 12576 I WiVRn   : [2026-09-11 04:18:12.607] [WiVRn] [info] 	t+3758µs LEFT_GRIP (7353µs)
09-11 04:18:12.607   895 12576 I WiVRn   : [2026-09-11 04:18:12.607] [WiVRn] [info] 	t+3764µs RIGHT_GRIP (7347µs)
09-11 04:18:12.607   895 12576 I WiVRn   : [2026-09-11 04:18:12.607] [WiVRn] [info] 	t+6716µs HEAD (4395µs)
09-11 04:18:12.607   895 12576 I WiVRn   : [2026-09-11 04:18:12.607] [WiVRn] [info] 	t+6758µs LEFT_GRIP (4353µs)
09-11 04:18:12.607   895 12576 I WiVRn   : [2026-09-11 04:18:12.607] [WiVRn] [info] 	t+6764µs RIGHT_GRIP (4347µs)
09-11 04:18:12.778   895 12532 I PxrMetric: FPS=83/90,MTP=36.62ms,AppSW=off,FrmEarly=48,FrmLate=1,FrmCpu=0.94ms,FrmGpu=6.36ms,FrmTime=12.67ms,ATWGPU=1.61ms,VsyncDelay=2,GPU=93%/587Mhz,GPUTemp=68.6C,LayerCnt=3,Pkg=org.meumeu.wivrn.nx.warp,FrmId=3678
09-11 04:18:13.502   895 12572 I WiVRn   : [2026-09-11 04:18:13.502] [WiVRn] [info] nxwarp[0] net: 94 frames closed in 2.0 s, 0 with a hole, 0 out-of-order datagrams, 0 frames completed late, 0 queued for the worker, 2001 decoded so far, 2163 stragglers dropped; last hole 2597/2825 chunks, first missing 2520, short false, chunk 1166 B; worker phase idle
09-11 04:18:13.502   895 12572 I WiVRn   : [2026-09-11 04:18:13.502] [WiVRn] [info] nxwarp[0] net: 0.032 ms per datagram over 28236 datagrams (444.27 ms of every second)
09-11 04:18:13.502   895 12572 I WiVRn   : [2026-09-11 04:18:13.502] [WiVRn] [info] nxwarp[0] sel: stride 1, arrival 21.6 ms, dropped-late 77, withheld 0, decoded 2001
09-11 04:18:13.502   895 12572 I WiVRn   : [2026-09-11 04:18:13.502] [WiVRn] [info] nxwarp[0] rx: 674478 datagrams, placed 5412087 (+291807), late 1048207 (+49785), stale_frame 0, bad_range 0, bad_dir 0, bad_caps 0, bad_ver 0, auth_fail 0, replay 0, frozen 0, dup 762
09-11 04:18:13.607   895 12576 I WiVRn   : [2026-09-11 04:18:13.607] [WiVRn] [info] Tracking pattern (11112µs):
09-11 04:18:13.607   895 12576 I WiVRn   : [2026-09-11 04:18:13.607] [WiVRn] [info] 	t+3721µs HEAD (7391µs)
09-11 04:18:13.607   895 12576 I WiVRn   : [2026-09-11 04:18:13.607] [WiVRn] [info] 	t+3781µs LEFT_GRIP (7331µs)
09-11 04:18:13.607   895 12576 I WiVRn   : [2026-09-11 04:18:13.607] [WiVRn] [info] 	t+3786µs RIGHT_GRIP (7326µs)
09-11 04:18:13.607   895 12576 I WiVRn   : [2026-09-11 04:18:13.607] [WiVRn] [info] 	t+6721µs HEAD (4391µs)
09-11 04:18:13.607   895 12576 I WiVRn   : [2026-09-11 04:18:13.607] [WiVRn] [info] 	t+6781µs LEFT_GRIP (4331µs)
09-11 04:18:13.607   895 12576 I WiVRn   : [2026-09-11 04:18:13.607] [WiVRn] [info] 	t+6786µs RIGHT_GRIP (4326µs)
09-11 04:18:13.784   895 12532 I PxrMetric: FPS=90/90,MTP=30.12ms,AppSW=off,FrmEarly=10,FrmLate=1,FrmCpu=1.01ms,FrmGpu=6.32ms,FrmTime=12.39ms,ATWGPU=1.61ms,VsyncDelay=2,GPU=65%/587Mhz,GPUTemp=69.8C,LayerCnt=3,Pkg=org.meumeu.wivrn.nx.warp,FrmId=3768
09-11 04:18:14.232   895 12537 I WiVRn   : [2026-09-11 04:18:14.232] [WiVRn] [info] render: 180 iterations in 2.0 s (89.6/s), 180 submitted a layer, 90 new-source, 0 skipped by the repeat gate, 0 with nothing to show; display period 11.1 ms
09-11 04:18:14.232   895 12537 I WiVRn   : [2026-09-11 04:18:14.232] [WiVRn] [info] render: ready wait attempts 103 success 13 total 95.975 ms | selected older than available 0
09-11 04:18:14.232   895 12537 I WiVRn   : [2026-09-11 04:18:14.232] [WiVRn] [info] render: selected source transitions forward 90 backward 0 repeat 90, greatest forward gap 1
09-11 04:18:14.232   895 12537 I WiVRn   : [2026-09-11 04:18:14.232] [WiVRn] [info] render: this app's own GPU pass 2.6 ms per iteration
09-11 04:18:14.232   895 12537 I WiVRn   : [2026-09-11 04:18:14.232] [WiVRn] [info] render: defoveate 2688x2688 per eye x2 = 14.45 Mpx/frame at scale 1.00 atlas-prototype 0; 90 re-presented from the cache (reduce_gpu_load on)
09-11 04:18:14.232   895 12537 I WiVRn   : [2026-09-11 04:18:14.232] [WiVRn] [info] render: shader path sharpness 0.00 fsr false alpha false motion false blend false glow 0.00 vignette 0.00 deband 0.00 lowpoly 0.00 levels 0 full-kernel false
09-11 04:18:14.232   895 12537 I WiVRn   : [2026-09-11 04:18:14.232] [WiVRn] [info] render: per iteration fence 0.4 (worst 6.4) | queries 0.0 | submit 0.0 | whole render() 1.5 ms
09-11 04:18:14.232   895 12537 I WiVRn   : [2026-09-11 04:18:14.232] [WiVRn] [info] render: selection-to-defoveate CPU 0.054 ms mean (max 0.107) over 90 actual defoveate calls; not GPU/photon latency
09-11 04:18:14.232   895 12537 I WiVRn   : [2026-09-11 04:18:14.232] [WiVRn] [info] render: jit on | wake slack 39.4 ms | slept 5.0 ms mean (max 5.0, 180 of 180 iterations) | budget 11.8 = pass 10.8 + margin 1.0 | sleep cap 5.0 ms
09-11 04:18:14.232   895 12537 I WiVRn   : [2026-09-11 04:18:14.232] [WiVRn] [info] render: source display-time offset 75.0 ms mean (worst 88.9) over 180 frames | submit lead 32.9 ms mean (worst 28.7) | misses: 0 overrun 0 late 0 skipped refresh
09-11 04:18:14.232   895 12537 I WiVRn   : [2026-09-11 04:18:14.232] [WiVRn] [info] render: source->first 6.8 ms | wire 10.5 | queue 0.3 | decode 14.7 | decode->selection 9.2 | selection->predicted 33.4 | sum 75.0 over 180 selected frames (0 invalid)
09-11 04:18:14.318   895 12574 I WiVRn   : [2026-09-11 04:18:14.318] [WiVRn] [info] nxwarp[0]: 90 frames in 2.0 s: 250245 B/frame, wait-prev 0.0 ms, wall 14.8 ms, nxvc passA 4.2 passB 8.2 gpu 12.4 ms; holes 3, refused 0
09-11 04:18:14.318   895 12574 I WiVRn   : [2026-09-11 04:18:14.318] [WiVRn] [info] nxwarp[0] gpu duty 559 ms/s (56% of one GPU) for decode alone; the display pass is extra
09-11 04:18:14.318   895 12574 I WiVRn   : [2026-09-11 04:18:14.318] [WiVRn] [info] nxwarp[0] passB 8.2 ms = warp 0.0 + skip 0.0 + coded 0.0 + dir 0.0 + other 8.2; tiles skip 0 / coded 3528 / dir 0 (eye pass 0)
09-11 04:18:14.318   895 12574 I WiVRn   : [2026-09-11 04:18:14.318] [WiVRn] [info] nxwarp[0]: 77 frames dropped late (queue kept to 1)
09-11 04:18:14.318   895 12574 I WiVRn   : [2026-09-11 04:18:14.318] [WiVRn] [info] nxwarp[0] stage: gap 7.4 | wait-prev 0.0 | submit 1.7 (qlock 0.0 + codec 1.6) | get_free 0.0 | fence-pre 0.0 | record 0.0 | qsubmit 0.0 | fence-post 13.1 | publish 0.0 ms; withheld 0, stride 1, arrival 22.5 ms
09-11 04:18:14.318   895 12574 I WiVRn   : [2026-09-11 04:18:14.318] [WiVRn] [info] nxwarp[0] reassembly (network thread): 0.21 ms/frame over 90 frames, buffer 244 kB held for 244 kB of unit (1.0x)
09-11 04:18:14.318   895 12574 I WiVRn   : [2026-09-11 04:18:14.318] [WiVRn] [info] nxwarp[0] fence-post 13.1 ms = nxvc gpu 12.4 + copy gpu 0.00 + queue 0.7 (over 90 frames with timestamps)
09-11 04:18:14.607   895 12576 I WiVRn   : [2026-09-11 04:18:14.607] [WiVRn] [info] Tracking pattern (11116µs):
09-11 04:18:14.607   895 12576 I WiVRn   : [2026-09-11 04:18:14.607] [WiVRn] [info] 	t+3955µs HEAD (7160µs)
09-11 04:18:14.607   895 12576 I WiVRn   : [2026-09-11 04:18:14.607] [WiVRn] [info] 	t+4057µs LEFT_GRIP (7058µs)
09-11 04:18:14.607   895 12576 I WiVRn   : [2026-09-11 04:18:14.607] [WiVRn] [info] 	t+4062µs RIGHT_GRIP (7053µs)
09-11 04:18:14.607   895 12576 I WiVRn   : [2026-09-11 04:18:14.607] [WiVRn] [info] 	t+6955µs HEAD (4160µs)
09-11 04:18:14.607   895 12576 I WiVRn   : [2026-09-11 04:18:14.607] [WiVRn] [info] 	t+7057µs LEFT_GRIP (4058µs)
09-11 04:18:14.607   895 12576 I WiVRn   : [2026-09-11 04:18:14.607] [WiVRn] [info] 	t+7062µs RIGHT_GRIP (4053µs)
09-11 04:18:14.785   895 12532 I PxrMetric: FPS=89/90,MTP=29.87ms,AppSW=off,FrmEarly=0,FrmLate=2,FrmCpu=1.02ms,FrmGpu=6.40ms,FrmTime=12.47ms,ATWGPU=1.59ms,VsyncDelay=2,GPU=96%/587Mhz,GPUTemp=68.2C,LayerCnt=3,Pkg=org.meumeu.wivrn.nx.warp,FrmId=3858
09-11 04:18:15.502   895 12572 I WiVRn   : [2026-09-11 04:18:15.502] [WiVRn] [info] nxwarp[0] net: 90 frames closed in 2.0 s, 0 with a hole, 0 out-of-order datagrams, 0 frames completed late, 0 queued for the worker, 2091 decoded so far, 2258 stragglers dropped; last hole 2597/2825 chunks, first missing 2520, short false, chunk 1166 B; worker phase idle
09-11 04:18:15.502   895 12572 I WiVRn   : [2026-09-11 04:18:15.502] [WiVRn] [info] nxwarp[0] net: 0.033 ms per datagram over 26538 datagrams (432.61 ms of every second)
09-11 04:18:15.502   895 12572 I WiVRn   : [2026-09-11 04:18:15.502] [WiVRn] [info] nxwarp[0] sel: stride 1, arrival 22.2 ms, dropped-late 77, withheld 0, decoded 2091
09-11 04:18:15.502   895 12572 I WiVRn   : [2026-09-11 04:18:15.502] [WiVRn] [info] nxwarp[0] rx: 701016 datagrams, placed 5571007 (+158920), late 1084086 (+35879), stale_frame 0, bad_range 0, bad_dir 0, bad_caps 0, bad_ver 0, auth_fail 0, replay 0, frozen 0, dup 779
09-11 04:18:15.607   895 12576 I WiVRn   : [2026-09-11 04:18:15.607] [WiVRn] [info] Tracking pattern (11111µs):
09-11 04:18:15.607   895 12576 I WiVRn   : [2026-09-11 04:18:15.607] [WiVRn] [info] 	t+3634µs HEAD (7476µs)
09-11 04:18:15.607   895 12576 I WiVRn   : [2026-09-11 04:18:15.607] [WiVRn] [info] 	t+3704µs LEFT_GRIP (7407µs)
09-11 04:18:15.607   895 12576 I WiVRn   : [2026-09-11 04:18:15.607] [WiVRn] [info] 	t+3711µs RIGHT_GRIP (7399µs)
09-11 04:18:15.607   895 12576 I WiVRn   : [2026-09-11 04:18:15.607] [WiVRn] [info] 	t+6634µs HEAD (4476µs)
09-11 04:18:15.607   895 12576 I WiVRn   : [2026-09-11 04:18:15.607] [WiVRn] [info] 	t+6704µs LEFT_GRIP (4407µs)
09-11 04:18:15.607   895 12576 I WiVRn   : [2026-09-11 04:18:15.607] [WiVRn] [info] 	t+6711µs RIGHT_GRIP (4399µs)
09-11 04:18:15.786   895 12532 I PxrMetric: FPS=90/90,MTP=31.10ms,AppSW=off,FrmEarly=1,FrmLate=0,FrmCpu=1.04ms,FrmGpu=7.58ms,FrmTime=13.67ms,ATWGPU=1.60ms,VsyncDelay=2,GPU=82%/587Mhz,GPUTemp=68.2C,LayerCnt=3,Pkg=org.meumeu.wivrn.nx.warp,FrmId=3948
09-11 04:18:16.240   895 12537 I WiVRn   : [2026-09-11 04:18:16.240] [WiVRn] [info] render: 181 iterations in 2.0 s (90.2/s), 181 submitted a layer, 90 new-source, 0 skipped by the repeat gate, 0 with nothing to show; display period 11.1 ms
09-11 04:18:16.240   895 12537 I WiVRn   : [2026-09-11 04:18:16.240] [WiVRn] [info] render: ready wait attempts 105 success 14 total 96.972 ms | selected older than available 0
09-11 04:18:16.240   895 12537 I WiVRn   : [2026-09-11 04:18:16.240] [WiVRn] [info] render: selected source transitions forward 90 backward 0 repeat 91, greatest forward gap 1
09-11 04:18:16.240   895 12537 I WiVRn   : [2026-09-11 04:18:16.240] [WiVRn] [info] render: this app's own GPU pass 2.8 ms per iteration
09-11 04:18:16.240   895 12537 I WiVRn   : [2026-09-11 04:18:16.240] [WiVRn] [info] render: defoveate 2688x2688 per eye x2 = 14.45 Mpx/frame at scale 1.00 atlas-prototype 0; 91 re-presented from the cache (reduce_gpu_load on)
09-11 04:18:16.240   895 12537 I WiVRn   : [2026-09-11 04:18:16.240] [WiVRn] [info] render: shader path sharpness 0.00 fsr false alpha false motion false blend false glow 0.00 vignette 0.00 deband 0.00 lowpoly 0.00 levels 0 full-kernel false
09-11 04:18:16.240   895 12537 I WiVRn   : [2026-09-11 04:18:16.240] [WiVRn] [info] render: per iteration fence 0.2 (worst 6.3) | queries 0.0 | submit 0.0 | whole render() 1.3 ms
09-11 04:18:16.240   895 12537 I WiVRn   : [2026-09-11 04:18:16.240] [WiVRn] [info] render: selection-to-defoveate CPU 0.050 ms mean (max 0.092) over 90 actual defoveate calls; not GPU/photon latency
09-11 04:18:16.240   895 12537 I WiVRn   : [2026-09-11 04:18:16.240] [WiVRn] [info] render: jit on | wake slack 37.1 ms | slept 5.0 ms mean (max 5.0, 181 of 181 iterations) | budget 10.0 = pass 9.0 + margin 1.0 | sleep cap 5.0 ms
09-11 04:18:16.240   895 12537 I WiVRn   : [2026-09-11 04:18:16.240] [WiVRn] [info] render: source display-time offset 72.7 ms mean (worst 89.1) over 181 frames | submit lead 30.8 ms mean (worst 25.5) | misses: 0 overrun 0 late 0 skipped refresh
09-11 04:18:16.240   895 12537 I WiVRn   : [2026-09-11 04:18:16.240] [WiVRn] [info] render: source->first 6.9 ms | wire 10.7 | queue 0.3 | decode 15.0 | decode->selection 8.3 | selection->predicted 31.4 | sum 72.7 over 181 selected frames (0 invalid)
09-11 04:18:16.342   895 12574 I WiVRn   : [2026-09-11 04:18:16.342] [WiVRn] [info] nxwarp[0]: 91 frames in 2.0 s: 267378 B/frame, wait-prev 0.0 ms, wall 15.0 ms, nxvc passA 4.5 passB 8.3 gpu 12.8 ms; holes 3, refused 0
09-11 04:18:16.342   895 12574 I WiVRn   : [2026-09-11 04:18:16.342] [WiVRn] [info] nxwarp[0] gpu duty 574 ms/s (57% of one GPU) for decode alone; the display pass is extra
09-11 04:18:16.342   895 12574 I WiVRn   : [2026-09-11 04:18:16.342] [WiVRn] [info] nxwarp[0] passB 8.3 ms = warp 0.0 + skip 0.0 + coded 0.0 + dir 0.0 + other 8.3; tiles skip 0 / coded 3528 / dir 0 (eye pass 0)
09-11 04:18:16.342   895 12574 I WiVRn   : [2026-09-11 04:18:16.342] [WiVRn] [info] nxwarp[0]: 77 frames dropped late (queue kept to 1)
09-11 04:18:16.342   895 12574 I WiVRn   : [2026-09-11 04:18:16.342] [WiVRn] [info] nxwarp[0] stage: gap 7.2 | wait-prev 0.0 | submit 1.6 (qlock 0.0 + codec 1.6) | get_free 0.0 | fence-pre 0.0 | record 0.0 | qsubmit 0.0 | fence-post 13.3 | publish 0.0 ms; withheld 0, stride 1, arrival 22.5 ms
09-11 04:18:16.342   895 12574 I WiVRn   : [2026-09-11 04:18:16.342] [WiVRn] [info] nxwarp[0] reassembly (network thread): 0.19 ms/frame over 91 frames, buffer 261 kB held for 261 kB of unit (1.0x)
09-11 04:18:16.342   895 12574 I WiVRn   : [2026-09-11 04:18:16.342] [WiVRn] [info] nxwarp[0] fence-post 13.3 ms = nxvc gpu 12.8 + copy gpu 0.00 + queue 0.5 (over 91 frames with timestamps)
09-11 04:18:16.607   895 12576 I WiVRn   : [2026-09-11 04:18:16.607] [WiVRn] [info] Tracking pattern (11111µs):
09-11 04:18:16.607   895 12576 I WiVRn   : [2026-09-11 04:18:16.607] [WiVRn] [info] 	t+3792µs HEAD (7318µs)
09-11 04:18:16.607   895 12576 I WiVRn   : [2026-09-11 04:18:16.607] [WiVRn] [info] 	t+4895µs LEFT_GRIP (6215µs)
09-11 04:18:16.607   895 12576 I WiVRn   : [2026-09-11 04:18:16.607] [WiVRn] [info] 	t+4909µs RIGHT_GRIP (6201µs)
09-11 04:18:16.607   895 12576 I WiVRn   : [2026-09-11 04:18:16.607] [WiVRn] [info] 	t+6792µs HEAD (4318µs)
09-11 04:18:16.607   895 12576 I WiVRn   : [2026-09-11 04:18:16.607] [WiVRn] [info] 	t+7895µs LEFT_GRIP (3215µs)
09-11 04:18:16.607   895 12576 I WiVRn   : [2026-09-11 04:18:16.607] [WiVRn] [info] 	t+7909µs RIGHT_GRIP (3201µs)
09-11 04:18:16.791   895 12532 I PxrMetric: FPS=90/90,MTP=32.19ms,AppSW=off,FrmEarly=4,FrmLate=2,FrmCpu=1.03ms,FrmGpu=7.93ms,FrmTime=14.07ms,ATWGPU=1.60ms,VsyncDelay=2,GPU=88%/587Mhz,GPUTemp=68.2C,LayerCnt=3,Pkg=org.meumeu.wivrn.nx.warp,FrmId=4039
09-11 04:18:17.505   895 12572 I WiVRn   : [2026-09-11 04:18:17.505] [WiVRn] [info] nxwarp[0] net: 90 frames closed in 2.0 s, 0 with a hole, 0 out-of-order datagrams, 0 frames completed late, 0 queued for the worker, 2181 decoded so far, 2367 stragglers dropped; last hole 2597/2825 chunks, first missing 2520, short false, chunk 1166 B; worker phase idle
09-11 04:18:17.505   895 12572 I WiVRn   : [2026-09-11 04:18:17.505] [WiVRn] [info] nxwarp[0] net: 0.031 ms per datagram over 28436 datagrams (445.05 ms of every second)
09-11 04:18:17.505   895 12572 I WiVRn   : [2026-09-11 04:18:17.505] [WiVRn] [info] nxwarp[0] sel: stride 1, arrival 22.2 ms, dropped-late 77, withheld 0, decoded 2181
09-11 04:18:17.505   895 12572 I WiVRn   : [2026-09-11 04:18:17.505] [WiVRn] [info] nxwarp[0] rx: 729452 datagrams, placed 5688425 (+117418), late 1122751 (+38665), stale_frame 0, bad_range 0, bad_dir 0, bad_caps 0, bad_ver 0, auth_fail 0, replay 0, frozen 0, dup 805
09-11 04:18:17.607   895 12576 I WiVRn   : [2026-09-11 04:18:17.607] [WiVRn] [info] Tracking pattern (11112µs):
09-11 04:18:17.607   895 12576 I WiVRn   : [2026-09-11 04:18:17.607] [WiVRn] [info] 	t+3835µs HEAD (7277µs)
09-11 04:18:17.607   895 12576 I WiVRn   : [2026-09-11 04:18:17.607] [WiVRn] [info] 	t+3911µs LEFT_GRIP (7201µs)
09-11 04:18:17.607   895 12576 I WiVRn   : [2026-09-11 04:18:17.607] [WiVRn] [info] 	t+3918µs RIGHT_GRIP (7194µs)
09-11 04:18:17.607   895 12576 I WiVRn   : [2026-09-11 04:18:17.607] [WiVRn] [info] 	t+6835µs HEAD (4277µs)
09-11 04:18:17.607   895 12576 I WiVRn   : [2026-09-11 04:18:17.607] [WiVRn] [info] 	t+6911µs LEFT_GRIP (4201µs)
09-11 04:18:17.607   895 12576 I WiVRn   : [2026-09-11 04:18:17.607] [WiVRn] [info] 	t+6918µs RIGHT_GRIP (4194µs)
09-11 04:18:17.792   895 12532 I PxrMetric: FPS=91/90,MTP=31.63ms,AppSW=off,FrmEarly=1,FrmLate=1,FrmCpu=1.02ms,FrmGpu=7.50ms,FrmTime=13.56ms,ATWGPU=1.60ms,VsyncDelay=2,GPU=98%/587Mhz,GPUTemp=68.6C,LayerCnt=3,Pkg=org.meumeu.wivrn.nx.warp,FrmId=4129
09-11 04:18:18.241   895 12537 I WiVRn   : [2026-09-11 04:18:18.241] [WiVRn] [info] render: 180 iterations in 2.0 s (89.9/s), 180 submitted a layer, 90 new-source, 0 skipped by the repeat gate, 0 with nothing to show; display period 11.1 ms
09-11 04:18:18.241   895 12537 I WiVRn   : [2026-09-11 04:18:18.241] [WiVRn] [info] render: ready wait attempts 108 success 18 total 95.928 ms | selected older than available 0
09-11 04:18:18.241   895 12537 I WiVRn   : [2026-09-11 04:18:18.241] [WiVRn] [info] render: selected source transitions forward 90 backward 0 repeat 90, greatest forward gap 1
09-11 04:18:18.241   895 12537 I WiVRn   : [2026-09-11 04:18:18.241] [WiVRn] [info] render: this app's own GPU pass 2.7 ms per iteration
09-11 04:18:18.241   895 12537 I WiVRn   : [2026-09-11 04:18:18.241] [WiVRn] [info] render: defoveate 2688x2688 per eye x2 = 14.45 Mpx/frame at scale 1.00 atlas-prototype 0; 90 re-presented from the cache (reduce_gpu_load on)
09-11 04:18:18.241   895 12537 I WiVRn   : [2026-09-11 04:18:18.241] [WiVRn] [info] render: shader path sharpness 0.00 fsr false alpha false motion false blend false glow 0.00 vignette 0.00 deband 0.00 lowpoly 0.00 levels 0 full-kernel false
09-11 04:18:18.241   895 12537 I WiVRn   : [2026-09-11 04:18:18.241] [WiVRn] [info] render: per iteration fence 0.2 (worst 5.4) | queries 0.0 | submit 0.0 | whole render() 1.2 ms
09-11 04:18:18.241   895 12537 I WiVRn   : [2026-09-11 04:18:18.241] [WiVRn] [info] render: selection-to-defoveate CPU 0.053 ms mean (max 0.109) over 90 actual defoveate calls; not GPU/photon latency
09-11 04:18:18.241   895 12537 I WiVRn   : [2026-09-11 04:18:18.241] [WiVRn] [info] render: jit on | wake slack 37.9 ms | slept 5.0 ms mean (max 5.0, 180 of 180 iterations) | budget 8.2 = pass 7.2 + margin 1.0 | sleep cap 5.0 ms
09-11 04:18:18.241   895 12537 I WiVRn   : [2026-09-11 04:18:18.241] [WiVRn] [info] render: source display-time offset 72.7 ms mean (worst 89.1) over 180 frames | submit lead 31.6 ms mean (worst 25.9) | misses: 0 overrun 0 late 0 skipped refresh
09-11 04:18:18.241   895 12537 I WiVRn   : [2026-09-11 04:18:18.241] [WiVRn] [info] render: source->first 6.9 ms | wire 11.0 | queue 0.3 | decode 15.0 | decode->selection 7.5 | selection->predicted 32.1 | sum 72.7 over 180 selected frames (0 invalid)
09-11 04:18:18.362   895 12574 I WiVRn   : [2026-09-11 04:18:18.362] [WiVRn] [info] nxwarp[0]: 91 frames in 2.0 s: 291622 B/frame, wait-prev 0.0 ms, wall 15.0 ms, nxvc passA 4.7 passB 8.5 gpu 13.1 ms; holes 3, refused 0
09-11 04:18:18.362   895 12574 I WiVRn   : [2026-09-11 04:18:18.362] [WiVRn] [info] nxwarp[0] gpu duty 590 ms/s (59% of one GPU) for decode alone; the display pass is extra
09-11 04:18:18.363   895 12574 I WiVRn   : [2026-09-11 04:18:18.363] [WiVRn] [info] nxwarp[0] passB 8.5 ms = warp 0.0 + skip 0.0 + coded 0.0 + dir 0.0 + other 8.5; tiles skip 0 / coded 3528 / dir 0 (eye pass 0)
09-11 04:18:18.363   895 12574 I WiVRn   : [2026-09-11 04:18:18.363] [WiVRn] [info] nxwarp[0]: 77 frames dropped late (queue kept to 1)
09-11 04:18:18.363   895 12574 I WiVRn   : [2026-09-11 04:18:18.363] [WiVRn] [info] nxwarp[0] stage: gap 7.2 | wait-prev 0.0 | submit 1.6 (qlock 0.0 + codec 1.5) | get_free 0.0 | fence-pre 0.0 | record 0.0 | qsubmit 0.0 | fence-post 13.4 | publish 0.0 ms; withheld 0, stride 1, arrival 22.0 ms
09-11 04:18:18.363   895 12574 I WiVRn   : [2026-09-11 04:18:18.363] [WiVRn] [info] nxwarp[0] reassembly (network thread): 0.15 ms/frame over 91 frames, buffer 285 kB held for 285 kB of unit (1.0x)
09-11 04:18:18.363   895 12574 I WiVRn   : [2026-09-11 04:18:18.363] [WiVRn] [info] nxwarp[0] fence-post 13.4 ms = nxvc gpu 13.1 + copy gpu 0.00 + queue 0.3 (over 91 frames with timestamps)
09-11 04:18:18.607   895 12576 I WiVRn   : [2026-09-11 04:18:18.607] [WiVRn] [info] Tracking pattern (11111µs):
09-11 04:18:18.607   895 12576 I WiVRn   : [2026-09-11 04:18:18.607] [WiVRn] [info] 	t+3836µs HEAD (7275µs)
09-11 04:18:18.607   895 12576 I WiVRn   : [2026-09-11 04:18:18.607] [WiVRn] [info] 	t+3898µs LEFT_GRIP (7213µs)
09-11 04:18:18.607   895 12576 I WiVRn   : [2026-09-11 04:18:18.607] [WiVRn] [info] 	t+3914µs RIGHT_GRIP (7197µs)
09-11 04:18:18.607   895 12576 I WiVRn   : [2026-09-11 04:18:18.607] [WiVRn] [info] 	t+6836µs HEAD (4275µs)
09-11 04:18:18.607   895 12576 I WiVRn   : [2026-09-11 04:18:18.607] [WiVRn] [info] 	t+6898µs LEFT_GRIP (4213µs)
09-11 04:18:18.607   895 12576 I WiVRn   : [2026-09-11 04:18:18.607] [WiVRn] [info] 	t+6914µs RIGHT_GRIP (4197µs)
09-11 04:18:18.798   895 12532 I PxrMetric: FPS=90/90,MTP=35.19ms,AppSW=off,FrmEarly=7,FrmLate=11,FrmCpu=0.70ms,FrmGpu=12.80ms,FrmTime=20.00ms,ATWGPU=1.59ms,VsyncDelay=2,GPU=60%/587Mhz,GPUTemp=68.6C,LayerCnt=3,Pkg=org.meumeu.wivrn.nx.warp,FrmId=4207
09-11 04:18:19.515   895 12572 I WiVRn   : [2026-09-11 04:18:19.515] [WiVRn] [info] nxwarp[0] net: 99 frames closed in 2.0 s, 0 with a hole, 0 out-of-order datagrams, 0 frames completed late, 0 queued for the worker, 2279 decoded so far, 2470 stragglers dropped; last hole 2597/2825 chunks, first missing 2520, short false, chunk 1166 B; worker phase copy-fence-wait
09-11 04:18:19.515   895 12572 I WiVRn   : [2026-09-11 04:18:19.515] [WiVRn] [info] nxwarp[0] net: 0.032 ms per datagram over 29695 datagrams (467.01 ms of every second)
09-11 04:18:19.515   895 12572 I WiVRn   : [2026-09-11 04:18:19.515] [WiVRn] [info] nxwarp[0] sel: stride 1, arrival 20.4 ms, dropped-late 77, withheld 0, decoded 2279
09-11 04:18:19.515   895 12572 I WiVRn   : [2026-09-11 04:18:19.515] [WiVRn] [info] nxwarp[0] rx: 759147 datagrams, placed 5732510 (+44085), late 1148927 (+26176), stale_frame 0, bad_range 0, bad_dir 0, bad_caps 0, bad_ver 0, auth_fail 0, replay 0, frozen 0, dup 839
09-11 04:18:19.607   895 12576 I WiVRn   : [2026-09-11 04:18:19.607] [WiVRn] [info] Tracking pattern (11110µs):
09-11 04:18:19.607   895 12576 I WiVRn   : [2026-09-11 04:18:19.607] [WiVRn] [info] 	t+3760µs HEAD (7349µs)
09-11 04:18:19.607   895 12576 I WiVRn   : [2026-09-11 04:18:19.607] [WiVRn] [info] 	t+3834µs LEFT_GRIP (7275µs)
09-11 04:18:19.607   895 12576 I WiVRn   : [2026-09-11 04:18:19.607] [WiVRn] [info] 	t+3843µs RIGHT_GRIP (7266µs)
09-11 04:18:19.607   895 12576 I WiVRn   : [2026-09-11 04:18:19.607] [WiVRn] [info] 	t+6760µs HEAD (4349µs)
09-11 04:18:19.607   895 12576 I WiVRn   : [2026-09-11 04:18:19.607] [WiVRn] [info] 	t+6834µs LEFT_GRIP (4275µs)
09-11 04:18:19.607   895 12576 I WiVRn   : [2026-09-11 04:18:19.607] [WiVRn] [info] 	t+6843µs RIGHT_GRIP (4266µs)
09-11 04:18:19.809   895 12532 I PxrMetric: FPS=78/90,MTP=32.92ms,AppSW=off,FrmEarly=37,FrmLate=7,FrmCpu=0.91ms,FrmGpu=9.97ms,FrmTime=17.20ms,ATWGPU=1.59ms,VsyncDelay=2,GPU=99%/587Mhz,GPUTemp=69.0C,LayerCnt=3,Pkg=org.meumeu.wivrn.nx.warp,FrmId=4294
09-11 04:18:20.245   895 12537 I WiVRn   : [2026-09-11 04:18:20.245] [WiVRn] [info] render: 165 iterations in 2.0 s (82.4/s), 165 submitted a layer, 104 new-source, 0 skipped by the repeat gate, 0 with nothing to show; display period 12.2 ms
09-11 04:18:20.245   895 12537 I WiVRn   : [2026-09-11 04:18:20.245] [WiVRn] [info] render: ready wait attempts 82 success 21 total 65.232 ms | selected older than available 0
09-11 04:18:20.245   895 12537 I WiVRn   : [2026-09-11 04:18:20.245] [WiVRn] [info] render: selected source transitions forward 104 backward 0 repeat 61, greatest forward gap 1
09-11 04:18:20.245   895 12537 I WiVRn   : [2026-09-11 04:18:20.245] [WiVRn] [info] render: this app's own GPU pass 2.9 ms per iteration
09-11 04:18:20.245   895 12537 I WiVRn   : [2026-09-11 04:18:20.245] [WiVRn] [info] render: defoveate 2688x2688 per eye x2 = 14.45 Mpx/frame at scale 1.00 atlas-prototype 0; 61 re-presented from the cache (reduce_gpu_load on)
09-11 04:18:20.245   895 12537 I WiVRn   : [2026-09-11 04:18:20.245] [WiVRn] [info] render: shader path sharpness 0.00 fsr false alpha false motion false blend false glow 0.00 vignette 0.00 deband 0.00 lowpoly 0.00 levels 0 full-kernel false
09-11 04:18:20.245   895 12537 I WiVRn   : [2026-09-11 04:18:20.245] [WiVRn] [info] render: per iteration fence 2.0 (worst 12.5) | queries 0.0 | submit 0.0 | whole render() 3.0 ms
09-11 04:18:20.245   895 12537 I WiVRn   : [2026-09-11 04:18:20.245] [WiVRn] [info] render: selection-to-defoveate CPU 0.053 ms mean (max 0.117) over 104 actual defoveate calls; not GPU/photon latency
09-11 04:18:20.245   895 12537 I WiVRn   : [2026-09-11 04:18:20.245] [WiVRn] [info] render: jit on | wake slack 44.3 ms | slept 5.0 ms mean (max 5.0, 165 of 165 iterations) | budget 13.5 = pass 12.5 + margin 1.0 | sleep cap 5.0 ms
09-11 04:18:20.245   895 12537 I WiVRn   : [2026-09-11 04:18:20.245] [WiVRn] [info] render: source display-time offset 79.1 ms mean (worst 100.4) over 165 frames | submit lead 36.3 ms mean (worst 19.8) | misses: 0 overrun 0 late 0 skipped refresh
09-11 04:18:20.245   895 12537 I WiVRn   : [2026-09-11 04:18:20.245] [WiVRn] [info] render: source->first 6.6 ms | wire 10.0 | queue 2.3 | decode 16.6 | decode->selection 6.7 | selection->predicted 36.9 | sum 79.1 over 165 selected frames (0 invalid)
09-11 04:18:20.372   895 12574 I WiVRn   : [2026-09-11 04:18:20.372] [WiVRn] [info] nxwarp[0]: 105 frames in 2.0 s: 274967 B/frame, wait-prev 0.0 ms, wall 16.7 ms, nxvc passA 4.8 passB 8.2 gpu 13.0 ms; holes 3, refused 0
09-11 04:18:20.372   895 12574 I WiVRn   : [2026-09-11 04:18:20.372] [WiVRn] [info] nxwarp[0] gpu duty 679 ms/s (68% of one GPU) for decode alone; the display pass is extra
09-11 04:18:20.372   895 12574 I WiVRn   : [2026-09-11 04:18:20.372] [WiVRn] [info] nxwarp[0] passB 8.2 ms = warp 0.0 + skip 0.0 + coded 0.0 + dir 0.0 + other 8.2; tiles skip 0 / coded 3528 / dir 0 (eye pass 0)
09-11 04:18:20.372   895 12574 I WiVRn   : [2026-09-11 04:18:20.372] [WiVRn] [info] nxwarp[0]: 77 frames dropped late (queue kept to 1)
09-11 04:18:20.372   895 12574 I WiVRn   : [2026-09-11 04:18:20.372] [WiVRn] [info] nxwarp[0] stage: gap 2.5 | wait-prev 0.0 | submit 1.6 (qlock 0.0 + codec 1.6) | get_free 0.0 | fence-pre 0.0 | record 0.0 | qsubmit 0.0 | fence-post 15.0 | publish 0.0 ms; withheld 0, stride 1, arrival 18.4 ms
09-11 04:18:20.372   895 12574 I WiVRn   : [2026-09-11 04:18:20.372] [WiVRn] [info] nxwarp[0] reassembly (network thread): 0.12 ms/frame over 105 frames, buffer 269 kB held for 269 kB of unit (1.0x)
09-11 04:18:20.372   895 12574 I WiVRn   : [2026-09-11 04:18:20.372] [WiVRn] [info] nxwarp[0] fence-post 15.0 ms = nxvc gpu 13.0 + copy gpu 0.00 + queue 2.0 (over 105 frames with timestamps)
09-11 04:18:20.607   895 12576 I WiVRn   : [2026-09-11 04:18:20.607] [WiVRn] [info] Tracking pattern (11110µs):
09-11 04:18:20.607   895 12576 I WiVRn   : [2026-09-11 04:18:20.607] [WiVRn] [info] 	t+3754µs HEAD (7355µs)
09-11 04:18:20.607   895 12576 I WiVRn   : [2026-09-11 04:18:20.607] [WiVRn] [info] 	t+3803µs LEFT_GRIP (7307µs)
09-11 04:18:20.607   895 12576 I WiVRn   : [2026-09-11 04:18:20.607] [WiVRn] [info] 	t+3810µs RIGHT_GRIP (7300µs)
09-11 04:18:20.607   895 12576 I WiVRn   : [2026-09-11 04:18:20.607] [WiVRn] [info] 	t+6754µs HEAD (4355µs)
09-11 04:18:20.607   895 12576 I WiVRn   : [2026-09-11 04:18:20.607] [WiVRn] [info] 	t+6803µs LEFT_GRIP (4307µs)
09-11 04:18:20.607   895 12576 I WiVRn   : [2026-09-11 04:18:20.607] [WiVRn] [info] 	t+6810µs RIGHT_GRIP (4300µs)
09-11 04:18:20.825   895 12532 I PxrMetric: FPS=86/90,MTP=33.24ms,AppSW=off,FrmEarly=28,FrmLate=10,FrmCpu=0.78ms,FrmGpu=12.97ms,FrmTime=21.69ms,ATWGPU=1.59ms,VsyncDelay=2,GPU=93%/587Mhz,GPUTemp=70.2C,LayerCnt=3,Pkg=org.meumeu.wivrn.nx.warp,FrmId=4378
09-11 04:18:21.535   895 12572 I WiVRn   : [2026-09-11 04:18:21.535] [WiVRn] [info] nxwarp[0] net: 107 frames closed in 2.0 s, 0 with a hole, 0 out-of-order datagrams, 0 frames completed late, 0 queued for the worker, 2387 decoded so far, 2580 stragglers dropped; last hole 2597/2825 chunks, first missing 2520, short false, chunk 1166 B; worker phase idle
09-11 04:18:21.535   895 12572 I WiVRn   : [2026-09-11 04:18:21.535] [WiVRn] [info] nxwarp[0] net: 0.030 ms per datagram over 32795 datagrams (481.97 ms of every second)
09-11 04:18:21.535   895 12572 I WiVRn   : [2026-09-11 04:18:21.535] [WiVRn] [info] nxwarp[0] sel: stride 1, arrival 18.4 ms, dropped-late 77, withheld 0, decoded 2387
09-11 04:18:21.535   895 12572 I WiVRn   : [2026-09-11 04:18:21.535] [WiVRn] [info] nxwarp[0] rx: 791942 datagrams, placed 5935077 (+202567), late 1180441 (+31514), stale_frame 0, bad_range 0, bad_dir 0, bad_caps 0, bad_ver 0, auth_fail 0, replay 0, frozen 0, dup 866
09-11 04:18:21.607   895 12576 I WiVRn   : [2026-09-11 04:18:21.607] [WiVRn] [info] Tracking pattern (11111µs):
09-11 04:18:21.607   895 12576 I WiVRn   : [2026-09-11 04:18:21.607] [WiVRn] [info] 	t+3603µs HEAD (7507µs)
09-11 04:18:21.607   895 12576 I WiVRn   : [2026-09-11 04:18:21.607] [WiVRn] [info] 	t+3642µs LEFT_GRIP (7468µs)
09-11 04:18:21.607   895 12576 I WiVRn   : [2026-09-11 04:18:21.607] [WiVRn] [info] 	t+3649µs RIGHT_GRIP (7461µs)
09-11 04:18:21.607   895 12576 I WiVRn   : [2026-09-11 04:18:21.607] [WiVRn] [info] 	t+6603µs HEAD (4507µs)
09-11 04:18:21.607   895 12576 I WiVRn   : [2026-09-11 04:18:21.607] [WiVRn] [info] 	t+6642µs LEFT_GRIP (4468µs)
09-11 04:18:21.607   895 12576 I WiVRn   : [2026-09-11 04:18:21.607] [WiVRn] [info] 	t+6649µs RIGHT_GRIP (4461µs)
09-11 04:18:21.834   895 12532 I PxrMetric: FPS=83/90,MTP=46.15ms,AppSW=off,FrmEarly=22,FrmLate=13,FrmCpu=0.75ms,FrmGpu=13.97ms,FrmTime=26.80ms,ATWGPU=1.59ms,VsyncDelay=3,GPU=99%/587Mhz,GPUTemp=70.2C,LayerCnt=3,Pkg=org.meumeu.wivrn.nx.warp,FrmId=4458
09-11 04:18:22.259   895 12537 I WiVRn   : [2026-09-11 04:18:22.259] [WiVRn] [info] render: 155 iterations in 2.0 s (77.2/s), 155 submitted a layer, 107 new-source, 0 skipped by the repeat gate, 0 with nothing to show; display period 13.0 ms
09-11 04:18:22.259   895 12537 I WiVRn   : [2026-09-11 04:18:22.259] [WiVRn] [info] render: ready wait attempts 57 success 9 total 51.196 ms | selected older than available 0
09-11 04:18:22.259   895 12537 I WiVRn   : [2026-09-11 04:18:22.259] [WiVRn] [info] render: selected source transitions forward 107 backward 0 repeat 48, greatest forward gap 2
09-11 04:18:22.259   895 12537 I WiVRn   : [2026-09-11 04:18:22.259] [WiVRn] [info] render: this app's own GPU pass 3.3 ms per iteration
09-11 04:18:22.259   895 12537 I WiVRn   : [2026-09-11 04:18:22.259] [WiVRn] [info] render: defoveate 2688x2688 per eye x2 = 14.45 Mpx/frame at scale 1.00 atlas-prototype 0; 48 re-presented from the cache (reduce_gpu_load on)
09-11 04:18:22.259   895 12537 I WiVRn   : [2026-09-11 04:18:22.259] [WiVRn] [info] render: shader path sharpness 0.00 fsr false alpha false motion false blend false glow 0.00 vignette 0.00 deband 0.00 lowpoly 0.00 levels 0 full-kernel false
09-11 04:18:22.259   895 12537 I WiVRn   : [2026-09-11 04:18:22.259] [WiVRn] [info] render: per iteration fence 2.7 (worst 12.6) | queries 0.0 | submit 0.0 | whole render() 3.7 ms
09-11 04:18:22.259   895 12537 I WiVRn   : [2026-09-11 04:18:22.259] [WiVRn] [info] render: selection-to-defoveate CPU 0.051 ms mean (max 0.121) over 107 actual defoveate calls; not GPU/photon latency
09-11 04:18:22.259   895 12537 I WiVRn   : [2026-09-11 04:18:22.259] [WiVRn] [info] render: jit on | wake slack 44.1 ms | slept 5.0 ms mean (max 5.0, 155 of 155 iterations) | budget 14.0 = pass 13.0 + margin 1.0 | sleep cap 5.0 ms
09-11 04:18:22.259   895 12537 I WiVRn   : [2026-09-11 04:18:22.259] [WiVRn] [info] render: source display-time offset 78.0 ms mean (worst 100.4) over 155 frames | submit lead 35.4 ms mean (worst 19.7) | misses: 0 overrun 0 late 0 skipped refresh
09-11 04:18:22.259   895 12537 I WiVRn   : [2026-09-11 04:18:22.259] [WiVRn] [info] render: source->first 6.8 ms | wire 10.0 | queue 2.2 | decode 16.2 | decode->selection 7.0 | selection->predicted 36.0 | sum 78.0 over 155 selected frames (0 invalid)
09-11 04:18:22.375   895 12574 I WiVRn   : [2026-09-11 04:18:22.375] [WiVRn] [info] nxwarp[0]: 107 frames in 2.0 s: 266144 B/frame, wait-prev 0.0 ms, wall 16.1 ms, nxvc passA 4.6 passB 8.1 gpu 12.8 ms; holes 3, refused 0
09-11 04:18:22.375   895 12574 I WiVRn   : [2026-09-11 04:18:22.375] [WiVRn] [info] nxwarp[0] gpu duty 681 ms/s (68% of one GPU) for decode alone; the display pass is extra
09-11 04:18:22.375   895 12574 I WiVRn   : [2026-09-11 04:18:22.375] [WiVRn] [info] nxwarp[0] passB 8.1 ms = warp 0.0 + skip 0.0 + coded 0.0 + dir 0.0 + other 8.1; tiles skip 0 / coded 3528 / dir 0 (eye pass 0)
09-11 04:18:22.375   895 12574 I WiVRn   : [2026-09-11 04:18:22.375] [WiVRn] [info] nxwarp[0]: 77 frames dropped late (queue kept to 1)
09-11 04:18:22.375   895 12574 I WiVRn   : [2026-09-11 04:18:22.375] [WiVRn] [info] nxwarp[0] stage: gap 2.6 | wait-prev 0.0 | submit 1.6 (qlock 0.0 + codec 1.6) | get_free 0.0 | fence-pre 0.0 | record 0.0 | qsubmit 0.0 | fence-post 14.4 | publish 0.0 ms; withheld 0, stride 1, arrival 18.1 ms
09-11 04:18:22.375   895 12574 I WiVRn   : [2026-09-11 04:18:22.375] [WiVRn] [info] nxwarp[0] reassembly (network thread): 0.20 ms/frame over 108 frames, buffer 260 kB held for 260 kB of unit (1.0x)
09-11 04:18:22.375   895 12574 I WiVRn   : [2026-09-11 04:18:22.375] [WiVRn] [info] nxwarp[0] fence-post 14.5 ms = nxvc gpu 12.8 + copy gpu 0.00 + queue 1.7 (over 107 frames with timestamps)
09-11 04:18:22.607   895 12576 I WiVRn   : [2026-09-11 04:18:22.607] [WiVRn] [info] Tracking pattern (11111µs):
09-11 04:18:22.607   895 12576 I WiVRn   : [2026-09-11 04:18:22.607] [WiVRn] [info] 	t+3455µs HEAD (7656µs)
09-11 04:18:22.607   895 12576 I WiVRn   : [2026-09-11 04:18:22.607] [WiVRn] [info] 	t+3515µs LEFT_GRIP (7596µs)
09-11 04:18:22.607   895 12576 I WiVRn   : [2026-09-11 04:18:22.607] [WiVRn] [info] 	t+3525µs RIGHT_GRIP (7586µs)
09-11 04:18:22.607   895 12576 I WiVRn   : [2026-09-11 04:18:22.607] [WiVRn] [info] 	t+6455µs HEAD (4656µs)
09-11 04:18:22.607   895 12576 I WiVRn   : [2026-09-11 04:18:22.607] [WiVRn] [info] 	t+6515µs LEFT_GRIP (4596µs)
09-11 04:18:22.607   895 12576 I WiVRn   : [2026-09-11 04:18:22.607] [WiVRn] [info] 	t+6525µs RIGHT_GRIP (4586µs)
09-11 04:18:22.834   895 12532 I PxrMetric: FPS=80/90,MTP=40.55ms,AppSW=off,FrmEarly=30,FrmLate=9,FrmCpu=0.91ms,FrmGpu=9.61ms,FrmTime=16.53ms,ATWGPU=1.60ms,VsyncDelay=3,GPU=99%/587Mhz,GPUTemp=69.8C,LayerCnt=3,Pkg=org.meumeu.wivrn.nx.warp,FrmId=4536
09-11 04:18:23.557   895 12572 I WiVRn   : [2026-09-11 04:18:23.557] [WiVRn] [info] nxwarp[0] net: 103 frames closed in 2.0 s, 0 with a hole, 0 out-of-order datagrams, 0 frames completed late, 0 queued for the worker, 2490 decoded so far, 2685 stragglers dropped; last hole 2597/2825 chunks, first missing 2520, short false, chunk 1166 B; worker phase idle
09-11 04:18:23.557   895 12572 I WiVRn   : [2026-09-11 04:18:23.557] [WiVRn] [info] nxwarp[0] net: 0.028 ms per datagram over 34433 datagrams (478.66 ms of every second)
09-11 04:18:23.557   895 12572 I WiVRn   : [2026-09-11 04:18:23.557] [WiVRn] [info] nxwarp[0] sel: stride 1, arrival 21.5 ms, dropped-late 77, withheld 0, decoded 2490
09-11 04:18:23.557   895 12572 I WiVRn   : [2026-09-11 04:18:23.557] [WiVRn] [info] nxwarp[0] rx: 826375 datagrams, placed 6255593 (+320516), late 1228192 (+47751), stale_frame 0, bad_range 0, bad_dir 0, bad_caps 0, bad_ver 0, auth_fail 0, replay 0, frozen 0, dup 910
09-11 04:18:23.607   895 12576 I WiVRn   : [2026-09-11 04:18:23.607] [WiVRn] [info] Tracking pattern (11109µs):
09-11 04:18:23.607   895 12576 I WiVRn   : [2026-09-11 04:18:23.607] [WiVRn] [info] 	t+3938µs HEAD (7170µs)
09-11 04:18:23.607   895 12576 I WiVRn   : [2026-09-11 04:18:23.607] [WiVRn] [info] 	t+3993µs LEFT_GRIP (7115µs)
09-11 04:18:23.607   895 12576 I WiVRn   : [2026-09-11 04:18:23.607] [WiVRn] [info] 	t+4177µs RIGHT_GRIP (6931µs)
09-11 04:18:23.607   895 12576 I WiVRn   : [2026-09-11 04:18:23.607] [WiVRn] [info] 	t+6938µs HEAD (4170µs)
09-11 04:18:23.607   895 12576 I WiVRn   : [2026-09-11 04:18:23.607] [WiVRn] [info] 	t+6993µs LEFT_GRIP (4115µs)
09-11 04:18:23.607   895 12576 I WiVRn   : [2026-09-11 04:18:23.607] [WiVRn] [info] 	t+7177µs RIGHT_GRIP (3931µs)
09-11 04:18:23.845   895 12532 I PxrMetric: FPS=78/90,MTP=38.58ms,AppSW=off,FrmEarly=47,FrmLate=1,FrmCpu=1.01ms,FrmGpu=8.55ms,FrmTime=15.04ms,ATWGPU=1.64ms,VsyncDelay=2,GPU=92%/587Mhz,GPUTemp=69.8C,LayerCnt=3,Pkg=org.meumeu.wivrn.nx.warp,FrmId=4625
09-11 04:18:24.254   895 12537 I WiVRn   : [2026-09-11 04:18:24.254] [WiVRn] [info] render: 172 iterations in 2.0 s (85.9/s), 172 submitted a layer, 95 new-source, 0 skipped by the repeat gate, 0 with nothing to show; display period 11.6 ms
09-11 04:18:24.254   895 12537 I WiVRn   : [2026-09-11 04:18:24.254] [WiVRn] [info] render: ready wait attempts 93 success 16 total 82.823 ms | selected older than available 0
09-11 04:18:24.254   895 12537 I WiVRn   : [2026-09-11 04:18:24.254] [WiVRn] [info] render: selected source transitions forward 95 backward 0 repeat 77, greatest forward gap 1
09-11 04:18:24.254   895 12537 I WiVRn   : [2026-09-11 04:18:24.254] [WiVRn] [info] render: this app's own GPU pass 2.6 ms per iteration
09-11 04:18:24.254   895 12537 I WiVRn   : [2026-09-11 04:18:24.254] [WiVRn] [info] render: defoveate 2688x2688 per eye x2 = 14.45 Mpx/frame at scale 1.00 atlas-prototype 0; 77 re-presented from the cache (reduce_gpu_load on)
09-11 04:18:24.254   895 12537 I WiVRn   : [2026-09-11 04:18:24.254] [WiVRn] [info] render: shader path sharpness 0.00 fsr false alpha false motion false blend false glow 0.00 vignette 0.00 deband 0.00 lowpoly 0.00 levels 0 full-kernel false
09-11 04:18:24.254   895 12537 I WiVRn   : [2026-09-11 04:18:24.254] [WiVRn] [info] render: per iteration fence 1.3 (worst 13.5) | queries 0.0 | submit 0.0 | whole render() 2.4 ms
09-11 04:18:24.254   895 12537 I WiVRn   : [2026-09-11 04:18:24.254] [WiVRn] [info] render: selection-to-defoveate CPU 0.057 ms mean (max 0.147) over 95 actual defoveate calls; not GPU/photon latency
09-11 04:18:24.254   895 12537 I WiVRn   : [2026-09-11 04:18:24.254] [WiVRn] [info] render: jit on | wake slack 44.3 ms | slept 5.0 ms mean (max 5.0, 172 of 172 iterations) | budget 13.6 = pass 12.6 + margin 1.0 | sleep cap 5.0 ms
09-11 04:18:24.254   895 12537 I WiVRn   : [2026-09-11 04:18:24.254] [WiVRn] [info] render: source display-time offset 79.9 ms mean (worst 89.4) over 172 frames | submit lead 36.9 ms mean (worst 25.4) | misses: 0 overrun 0 late 0 skipped refresh
09-11 04:18:24.254   895 12537 I WiVRn   : [2026-09-11 04:18:24.254] [WiVRn] [info] render: source->first 6.7 ms | wire 10.5 | queue 1.0 | decode 15.8 | decode->selection 8.4 | selection->predicted 37.4 | sum 79.9 over 172 selected frames (0 invalid)
09-11 04:18:24.394   895 12574 I WiVRn   : [2026-09-11 04:18:24.394] [WiVRn] [info] nxwarp[0]: 96 frames in 2.0 s: 268364 B/frame, wait-prev 0.0 ms, wall 15.9 ms, nxvc passA 4.5 passB 8.3 gpu 12.9 ms; holes 3, refused 0
09-11 04:18:24.394   895 12574 I WiVRn   : [2026-09-11 04:18:24.394] [WiVRn] [info] nxwarp[0] gpu duty 612 ms/s (61% of one GPU) for decode alone; the display pass is extra
09-11 04:18:24.394   895 12574 I WiVRn   : [2026-09-11 04:18:24.394] [WiVRn] [info] nxwarp[0] passB 8.3 ms = warp 0.0 + skip 0.0 + coded 0.0 + dir 0.0 + other 8.3; tiles skip 0 / coded 3528 / dir 0 (eye pass 0)
09-11 04:18:24.394   895 12574 I WiVRn   : [2026-09-11 04:18:24.394] [WiVRn] [info] nxwarp[0]: 77 frames dropped late (queue kept to 1)
09-11 04:18:24.394   895 12574 I WiVRn   : [2026-09-11 04:18:24.394] [WiVRn] [info] nxwarp[0] stage: gap 5.1 | wait-prev 0.0 | submit 1.6 (qlock 0.0 + codec 1.6) | get_free 0.0 | fence-pre 0.0 | record 0.0 | qsubmit 0.0 | fence-post 14.2 | publish 0.0 ms; withheld 0, stride 1, arrival 22.1 ms
09-11 04:18:24.394   895 12574 I WiVRn   : [2026-09-11 04:18:24.394] [WiVRn] [info] nxwarp[0] reassembly (network thread): 0.18 ms/frame over 95 frames, buffer 262 kB held for 262 kB of unit (1.0x)
09-11 04:18:24.394   895 12574 I WiVRn   : [2026-09-11 04:18:24.394] [WiVRn] [info] nxwarp[0] fence-post 14.2 ms = nxvc gpu 12.9 + copy gpu 0.00 + queue 1.3 (over 96 frames with timestamps)
09-11 04:18:24.607   895 12576 I WiVRn   : [2026-09-11 04:18:24.607] [WiVRn] [info] Tracking pattern (11111µs):
09-11 04:18:24.607   895 12576 I WiVRn   : [2026-09-11 04:18:24.607] [WiVRn] [info] 	t+3270µs HEAD (7840µs)
09-11 04:18:24.607   895 12576 I WiVRn   : [2026-09-11 04:18:24.607] [WiVRn] [info] 	t+3330µs LEFT_GRIP (7781µs)
09-11 04:18:24.607   895 12576 I WiVRn   : [2026-09-11 04:18:24.607] [WiVRn] [info] 	t+3340µs RIGHT_GRIP (7771µs)
09-11 04:18:24.607   895 12576 I WiVRn   : [2026-09-11 04:18:24.607] [WiVRn] [info] 	t+6270µs HEAD (4840µs)
09-11 04:18:24.607   895 12576 I WiVRn   : [2026-09-11 04:18:24.607] [WiVRn] [info] 	t+6330µs LEFT_GRIP (4781µs)
09-11 04:18:24.607   895 12576 I WiVRn   : [2026-09-11 04:18:24.607] [WiVRn] [info] 	t+6340µs RIGHT_GRIP (4771µs)
09-11 04:18:24.850   895 12532 I PxrMetric: FPS=88/90,MTP=30.32ms,AppSW=off,FrmEarly=21,FrmLate=1,FrmCpu=0.93ms,FrmGpu=6.39ms,FrmTime=12.38ms,ATWGPU=1.65ms,VsyncDelay=2,GPU=99%/587Mhz,GPUTemp=68.6C,LayerCnt=3,Pkg=org.meumeu.wivrn.nx.warp,FrmId=4715
09-11 04:18:25.589   895 12572 I WiVRn   : [2026-09-11 04:18:25.589] [WiVRn] [info] nxwarp[0] net: 91 frames closed in 2.0 s, 0 with a hole, 0 out-of-order datagrams, 0 frames completed late, 0 queued for the worker, 2581 decoded so far, 2776 stragglers dropped; last hole 2597/2825 chunks, first missing 2520, short false, chunk 1166 B; worker phase idle
09-11 04:18:25.589   895 12572 I WiVRn   : [2026-09-11 04:18:25.589] [WiVRn] [info] nxwarp[0] net: 0.031 ms per datagram over 29209 datagrams (445.19 ms of every second)
09-11 04:18:25.589   895 12572 I WiVRn   : [2026-09-11 04:18:25.589] [WiVRn] [info] nxwarp[0] sel: stride 1, arrival 22.0 ms, dropped-late 77, withheld 0, decoded 2581
09-11 04:18:25.589   895 12572 I WiVRn   : [2026-09-11 04:18:25.589] [WiVRn] [info] nxwarp[0] rx: 855584 datagrams, placed 6484375 (+228782), late 1281506 (+53314), stale_frame 0, bad_range 0, bad_dir 0, bad_caps 0, bad_ver 0, auth_fail 0, replay 0, frozen 0, dup 953
09-11 04:18:25.607   895 12576 I WiVRn   : [2026-09-11 04:18:25.607] [WiVRn] [info] Tracking pattern (11111µs):
09-11 04:18:25.607   895 12576 I WiVRn   : [2026-09-11 04:18:25.607] [WiVRn] [info] 	t+3118µs HEAD (7993µs)
09-11 04:18:25.607   895 12576 I WiVRn   : [2026-09-11 04:18:25.607] [WiVRn] [info] 	t+3183µs LEFT_GRIP (7928µs)
09-11 04:18:25.607   895 12576 I WiVRn   : [2026-09-11 04:18:25.607] [WiVRn] [info] 	t+3189µs RIGHT_GRIP (7921µs)
09-11 04:18:25.607   895 12576 I WiVRn   : [2026-09-11 04:18:25.607] [WiVRn] [info] 	t+6118µs HEAD (4993µs)
09-11 04:18:25.607   895 12576 I WiVRn   : [2026-09-11 04:18:25.607] [WiVRn] [info] 	t+6183µs LEFT_GRIP (4928µs)
09-11 04:18:25.607   895 12576 I WiVRn   : [2026-09-11 04:18:25.607] [WiVRn] [info] 	t+6189µs RIGHT_GRIP (4921µs)
09-11 04:18:25.850   895 12532 I PxrMetric: FPS=89/90,MTP=30.22ms,AppSW=off,FrmEarly=0,FrmLate=1,FrmCpu=0.96ms,FrmGpu=6.10ms,FrmTime=12.11ms,ATWGPU=1.63ms,VsyncDelay=2,GPU=97%/587Mhz,GPUTemp=68.2C,LayerCnt=3,Pkg=org.meumeu.wivrn.nx.warp,FrmId=4805
09-11 04:18:26.255   895 12537 I WiVRn   : [2026-09-11 04:18:26.255] [WiVRn] [info] render: 180 iterations in 2.0 s (89.9/s), 180 submitted a layer, 90 new-source, 0 skipped by the repeat gate, 0 with nothing to show; display period 11.1 ms
09-11 04:18:26.255   895 12537 I WiVRn   : [2026-09-11 04:18:26.255] [WiVRn] [info] render: ready wait attempts 91 success 1 total 95.532 ms | selected older than available 0
09-11 04:18:26.255   895 12537 I WiVRn   : [2026-09-11 04:18:26.255] [WiVRn] [info] render: selected source transitions forward 90 backward 0 repeat 90, greatest forward gap 1
09-11 04:18:26.255   895 12537 I WiVRn   : [2026-09-11 04:18:26.255] [WiVRn] [info] render: this app's own GPU pass 2.8 ms per iteration
09-11 04:18:26.255   895 12537 I WiVRn   : [2026-09-11 04:18:26.255] [WiVRn] [info] render: defoveate 2688x2688 per eye x2 = 14.45 Mpx/frame at scale 1.00 atlas-prototype 0; 90 re-presented from the cache (reduce_gpu_load on)
09-11 04:18:26.255   895 12537 I WiVRn   : [2026-09-11 04:18:26.255] [WiVRn] [info] render: shader path sharpness 0.00 fsr false alpha false motion false blend false glow 0.00 vignette 0.00 deband 0.00 lowpoly 0.00 levels 0 full-kernel false
09-11 04:18:26.255   895 12537 I WiVRn   : [2026-09-11 04:18:26.255] [WiVRn] [info] render: per iteration fence 0.0 (worst 0.8) | queries 0.0 | submit 0.0 | whole render() 1.1 ms
09-11 04:18:26.255   895 12537 I WiVRn   : [2026-09-11 04:18:26.255] [WiVRn] [info] render: selection-to-defoveate CPU 0.051 ms mean (max 0.080) over 90 actual defoveate calls; not GPU/photon latency
09-11 04:18:26.255   895 12537 I WiVRn   : [2026-09-11 04:18:26.255] [WiVRn] [info] render: jit on | wake slack 36.2 ms | slept 5.0 ms mean (max 5.0, 180 of 180 iterations) | budget 11.8 = pass 10.8 + margin 1.0 | sleep cap 5.0 ms
09-11 04:18:26.255   895 12537 I WiVRn   : [2026-09-11 04:18:26.255] [WiVRn] [info] render: source display-time offset 73.1 ms mean (worst 89.5) over 180 frames | submit lead 30.1 ms mean (worst 28.8) | misses: 0 overrun 0 late 0 skipped refresh
09-11 04:18:26.255   895 12537 I WiVRn   : [2026-09-11 04:18:26.255] [WiVRn] [info] render: source->first 6.6 ms | wire 10.9 | queue 0.3 | decode 15.2 | decode->selection 9.4 | selection->predicted 30.6 | sum 73.1 over 180 selected frames (0 invalid)
09-11 04:18:26.397   895 12574 I WiVRn   : [2026-09-11 04:18:26.397] [WiVRn] [info] nxwarp[0]: 90 frames in 2.0 s: 265923 B/frame, wait-prev 0.0 ms, wall 15.3 ms, nxvc passA 4.4 passB 8.2 gpu 12.6 ms; holes 3, refused 0
09-11 04:18:26.397   895 12574 I WiVRn   : [2026-09-11 04:18:26.397] [WiVRn] [info] nxwarp[0] gpu duty 566 ms/s (57% of one GPU) for decode alone; the display pass is extra
09-11 04:18:26.397   895 12574 I WiVRn   : [2026-09-11 04:18:26.397] [WiVRn] [info] nxwarp[0] passB 8.2 ms = warp 0.0 + skip 0.0 + coded 0.0 + dir 0.0 + other 8.2; tiles skip 0 / coded 3528 / dir 0 (eye pass 0)
09-11 04:18:26.397   895 12574 I WiVRn   : [2026-09-11 04:18:26.397] [WiVRn] [info] nxwarp[0]: 77 frames dropped late (queue kept to 1)
09-11 04:18:26.397   895 12574 I WiVRn   : [2026-09-11 04:18:26.397] [WiVRn] [info] nxwarp[0] stage: gap 6.9 | wait-prev 0.0 | submit 1.7 (qlock 0.0 + codec 1.7) | get_free 0.0 | fence-pre 0.0 | record 0.0 | qsubmit 0.0 | fence-post 13.6 | publish 0.0 ms; withheld 0, stride 1, arrival 22.4 ms
09-11 04:18:26.397   895 12574 I WiVRn   : [2026-09-11 04:18:26.397] [WiVRn] [info] nxwarp[0] reassembly (network thread): 0.26 ms/frame over 90 frames, buffer 260 kB held for 260 kB of unit (1.0x)
09-11 04:18:26.397   895 12574 I WiVRn   : [2026-09-11 04:18:26.397] [WiVRn] [info] nxwarp[0] fence-post 13.6 ms = nxvc gpu 12.6 + copy gpu 0.00 + queue 1.0 (over 90 frames with timestamps)
09-11 04:18:26.607   895 12576 I WiVRn   : [2026-09-11 04:18:26.607] [WiVRn] [info] Tracking pattern (11109µs):
09-11 04:18:26.607   895 12576 I WiVRn   : [2026-09-11 04:18:26.607] [WiVRn] [info] 	t+3724µs HEAD (7385µs)
09-11 04:18:26.607   895 12576 I WiVRn   : [2026-09-11 04:18:26.607] [WiVRn] [info] 	t+3764µs LEFT_GRIP (7345µs)
09-11 04:18:26.608   895 12576 I WiVRn   : [2026-09-11 04:18:26.608] [WiVRn] [info] 	t+3771µs RIGHT_GRIP (7338µs)
09-11 04:18:26.608   895 12576 I WiVRn   : [2026-09-11 04:18:26.608] [WiVRn] [info] 	t+6724µs HEAD (4385µs)
09-11 04:18:26.608   895 12576 I WiVRn   : [2026-09-11 04:18:26.608] [WiVRn] [info] 	t+6764µs LEFT_GRIP (4345µs)
09-11 04:18:26.608   895 12576 I WiVRn   : [2026-09-11 04:18:26.608] [WiVRn] [info] 	t+6771µs RIGHT_GRIP (4338µs)
09-11 04:18:26.865   895 12532 I PxrMetric: FPS=90/90,MTP=30.13ms,AppSW=off,FrmEarly=0,FrmLate=1,FrmCpu=0.99ms,FrmGpu=6.74ms,FrmTime=12.77ms,ATWGPU=1.66ms,VsyncDelay=2,GPU=96%/587Mhz,GPUTemp=69.0C,LayerCnt=3,Pkg=org.meumeu.wivrn.nx.warp,FrmId=4896
09-11 04:18:27.603   895 12572 I WiVRn   : [2026-09-11 04:18:27.603] [WiVRn] [info] nxwarp[0] net: 91 frames closed in 2.0 s, 0 with a hole, 0 out-of-order datagrams, 0 frames completed late, 0 queued for the worker, 2672 decoded so far, 2867 stragglers dropped; last hole 2597/2825 chunks, first missing 2520, short false, chunk 1166 B; worker phase idle
09-11 04:18:27.603   895 12572 I WiVRn   : [2026-09-11 04:18:27.603] [WiVRn] [info] nxwarp[0] net: 0.029 ms per datagram over 31261 datagrams (447.16 ms of every second)
09-11 04:18:27.603   895 12572 I WiVRn   : [2026-09-11 04:18:27.603] [WiVRn] [info] nxwarp[0] sel: stride 1, arrival 22.3 ms, dropped-late 77, withheld 0, decoded 2672
09-11 04:18:27.603   895 12572 I WiVRn   : [2026-09-11 04:18:27.603] [WiVRn] [info] nxwarp[0] rx: 886845 datagrams, placed 6805423 (+321048), late 1345062 (+63556), stale_frame 0, bad_range 0, bad_dir 0, bad_caps 0, bad_ver 0, auth_fail 0, replay 0, frozen 0, dup 990
09-11 04:18:27.607   895 12576 I WiVRn   : [2026-09-11 04:18:27.607] [WiVRn] [info] Tracking pattern (11115µs):
09-11 04:18:27.608   895 12576 I WiVRn   : [2026-09-11 04:18:27.608] [WiVRn] [info] 	t+3806µs HEAD (7308µs)
09-11 04:18:27.608   895 12576 I WiVRn   : [2026-09-11 04:18:27.608] [WiVRn] [info] 	t+3851µs LEFT_GRIP (7263µs)
09-11 04:18:27.608   895 12576 I WiVRn   : [2026-09-11 04:18:27.608] [WiVRn] [info] 	t+3857µs RIGHT_GRIP (7257µs)
09-11 04:18:27.608   895 12576 I WiVRn   : [2026-09-11 04:18:27.608] [WiVRn] [info] 	t+6806µs HEAD (4308µs)
09-11 04:18:27.608   895 12576 I WiVRn   : [2026-09-11 04:18:27.608] [WiVRn] [info] 	t+6851µs LEFT_GRIP (4263µs)
09-11 04:18:27.608   895 12576 I WiVRn   : [2026-09-11 04:18:27.608] [WiVRn] [info] 	t+6857µs RIGHT_GRIP (4257µs)
09-11 04:18:27.870   895 12532 I PxrMetric: FPS=90/90,MTP=31.87ms,AppSW=off,FrmEarly=0,FrmLate=0,FrmCpu=1.00ms,FrmGpu=7.22ms,FrmTime=13.26ms,ATWGPU=1.63ms,VsyncDelay=2,GPU=85%/587Mhz,GPUTemp=69.4C,LayerCnt=3,Pkg=org.meumeu.wivrn.nx.warp,FrmId=4987
09-11 04:18:28.265   895 12537 I WiVRn   : [2026-09-11 04:18:28.265] [WiVRn] [info] render: 181 iterations in 2.0 s (90.2/s), 181 submitted a layer, 91 new-source, 0 skipped by the repeat gate, 0 with nothing to show; display period 11.1 ms
09-11 04:18:28.265   895 12537 I WiVRn   : [2026-09-11 04:18:28.265] [WiVRn] [info] render: ready wait attempts 99 success 9 total 95.730 ms | selected older than available 0
09-11 04:18:28.265   895 12537 I WiVRn   : [2026-09-11 04:18:28.265] [WiVRn] [info] render: selected source transitions forward 91 backward 0 repeat 90, greatest forward gap 1
09-11 04:18:28.265   895 12537 I WiVRn   : [2026-09-11 04:18:28.265] [WiVRn] [info] render: this app's own GPU pass 2.7 ms per iteration
09-11 04:18:28.265   895 12537 I WiVRn   : [2026-09-11 04:18:28.265] [WiVRn] [info] render: defoveate 2688x2688 per eye x2 = 14.45 Mpx/frame at scale 1.00 atlas-prototype 0; 90 re-presented from the cache (reduce_gpu_load on)
09-11 04:18:28.265   895 12537 I WiVRn   : [2026-09-11 04:18:28.265] [WiVRn] [info] render: shader path sharpness 0.00 fsr false alpha false motion false blend false glow 0.00 vignette 0.00 deband 0.00 lowpoly 0.00 levels 0 full-kernel false
09-11 04:18:28.265   895 12537 I WiVRn   : [2026-09-11 04:18:28.265] [WiVRn] [info] render: per iteration fence 0.1 (worst 5.0) | queries 0.0 | submit 0.0 | whole render() 1.2 ms
09-11 04:18:28.265   895 12537 I WiVRn   : [2026-09-11 04:18:28.265] [WiVRn] [info] render: selection-to-defoveate CPU 0.052 ms mean (max 0.098) over 91 actual defoveate calls; not GPU/photon latency
09-11 04:18:28.265   895 12537 I WiVRn   : [2026-09-11 04:18:28.265] [WiVRn] [info] render: jit on | wake slack 37.1 ms | slept 5.0 ms mean (max 5.0, 181 of 181 iterations) | budget 10.0 = pass 9.0 + margin 1.0 | sleep cap 5.0 ms
09-11 04:18:28.265   895 12537 I WiVRn   : [2026-09-11 04:18:28.265] [WiVRn] [info] render: source display-time offset 73.0 ms mean (worst 89.6) over 181 frames | submit lead 30.9 ms mean (worst 27.0) | misses: 0 overrun 0 late 0 skipped refresh
09-11 04:18:28.265   895 12537 I WiVRn   : [2026-09-11 04:18:28.265] [WiVRn] [info] render: source->first 6.8 ms | wire 11.0 | queue 0.3 | decode 15.1 | decode->selection 8.3 | selection->predicted 31.4 | sum 73.0 over 181 selected frames (0 invalid)
09-11 04:18:28.419   895 12574 I WiVRn   : [2026-09-11 04:18:28.419] [WiVRn] [info] nxwarp[0]: 91 frames in 2.0 s: 273535 B/frame, wait-prev 0.0 ms, wall 15.0 ms, nxvc passA 4.6 passB 8.2 gpu 12.8 ms; holes 3, refused 0
09-11 04:18:28.419   895 12574 I WiVRn   : [2026-09-11 04:18:28.419] [WiVRn] [info] nxwarp[0] gpu duty 576 ms/s (58% of one GPU) for decode alone; the display pass is extra
09-11 04:18:28.419   895 12574 I WiVRn   : [2026-09-11 04:18:28.419] [WiVRn] [info] nxwarp[0] passB 8.2 ms = warp 0.0 + skip 0.0 + coded 0.0 + dir 0.0 + other 8.2; tiles skip 0 / coded 3528 / dir 0 (eye pass 0)
09-11 04:18:28.419   895 12574 I WiVRn   : [2026-09-11 04:18:28.419] [WiVRn] [info] nxwarp[0]: 77 frames dropped late (queue kept to 1)
09-11 04:18:28.419   895 12574 I WiVRn   : [2026-09-11 04:18:28.419] [WiVRn] [info] nxwarp[0] stage: gap 7.2 | wait-prev 0.0 | submit 1.6 (qlock 0.0 + codec 1.6) | get_free 0.0 | fence-pre 0.0 | record 0.0 | qsubmit 0.0 | fence-post 13.4 | publish 0.0 ms; withheld 0, stride 1, arrival 22.4 ms
09-11 04:18:28.419   895 12574 I WiVRn   : [2026-09-11 04:18:28.419] [WiVRn] [info] nxwarp[0] reassembly (network thread): 0.26 ms/frame over 91 frames, buffer 267 kB held for 267 kB of unit (1.0x)
09-11 04:18:28.419   895 12574 I WiVRn   : [2026-09-11 04:18:28.419] [WiVRn] [info] nxwarp[0] fence-post 13.4 ms = nxvc gpu 12.8 + copy gpu 0.00 + queue 0.6 (over 91 frames with timestamps)
09-11 04:18:28.608   895 12576 I WiVRn   : [2026-09-11 04:18:28.607] [WiVRn] [info] Tracking pattern (11110µs):
09-11 04:18:28.608   895 12576 I WiVRn   : [2026-09-11 04:18:28.608] [WiVRn] [info] 	t+3847µs HEAD (7263µs)
09-11 04:18:28.608   895 12576 I WiVRn   : [2026-09-11 04:18:28.608] [WiVRn] [info] 	t+3887µs LEFT_GRIP (7223µs)
09-11 04:18:28.608   895 12576 I WiVRn   : [2026-09-11 04:18:28.608] [WiVRn] [info] 	t+3895µs RIGHT_GRIP (7214µs)
09-11 04:18:28.608   895 12576 I WiVRn   : [2026-09-11 04:18:28.608] [WiVRn] [info] 	t+6847µs HEAD (4263µs)
09-11 04:18:28.608   895 12576 I WiVRn   : [2026-09-11 04:18:28.608] [WiVRn] [info] 	t+6887µs LEFT_GRIP (4223µs)
09-11 04:18:28.608   895 12576 I WiVRn   : [2026-09-11 04:18:28.608] [WiVRn] [info] 	t+6895µs RIGHT_GRIP (4214µs)
09-11 04:18:28.871   895 12532 I PxrMetric: FPS=91/90,MTP=31.24ms,AppSW=off,FrmEarly=3,FrmLate=2,FrmCpu=1.01ms,FrmGpu=7.12ms,FrmTime=13.18ms,ATWGPU=1.59ms,VsyncDelay=2,GPU=86%/587Mhz,GPUTemp=70.5C,LayerCnt=3,Pkg=org.meumeu.wivrn.nx.warp,FrmId=5077
09-11 04:18:29.608   895 12576 I WiVRn   : [2026-09-11 04:18:29.608] [WiVRn] [info] Tracking pattern (11111µs):
09-11 04:18:29.608   895 12576 I WiVRn   : [2026-09-11 04:18:29.608] [WiVRn] [info] 	t+3579µs HEAD (7532µs)
09-11 04:18:29.608   895 12576 I WiVRn   : [2026-09-11 04:18:29.608] [WiVRn] [info] 	t+3627µs LEFT_GRIP (7484µs)
09-11 04:18:29.608   895 12576 I WiVRn   : [2026-09-11 04:18:29.608] [WiVRn] [info] 	t+3632µs RIGHT_GRIP (7479µs)
09-11 04:18:29.608   895 12576 I WiVRn   : [2026-09-11 04:18:29.608] [WiVRn] [info] 	t+6579µs HEAD (4532µs)
09-11 04:18:29.608   895 12576 I WiVRn   : [2026-09-11 04:18:29.608] [WiVRn] [info] 	t+6627µs LEFT_GRIP (4484µs)
09-11 04:18:29.608   895 12576 I WiVRn   : [2026-09-11 04:18:29.608] [WiVRn] [info] 	t+6632µs RIGHT_GRIP (4479µs)
09-11 04:18:29.615   895 12572 I WiVRn   : [2026-09-11 04:18:29.615] [WiVRn] [info] nxwarp[0] net: 93 frames closed in 2.0 s, 0 with a hole, 0 out-of-order datagrams, 0 frames completed late, 0 queued for the worker, 2764 decoded so far, 2960 stragglers dropped; last hole 2597/2825 chunks, first missing 2520, short false, chunk 1166 B; worker phase copy-fence-wait
09-11 04:18:29.615   895 12572 I WiVRn   : [2026-09-11 04:18:29.615] [WiVRn] [info] nxwarp[0] net: 0.030 ms per datagram over 31366 datagrams (461.52 ms of every second)
09-11 04:18:29.615   895 12572 I WiVRn   : [2026-09-11 04:18:29.615] [WiVRn] [info] nxwarp[0] sel: stride 1, arrival 19.2 ms, dropped-late 77, withheld 0, decoded 2764
09-11 04:18:29.615   895 12572 I WiVRn   : [2026-09-11 04:18:29.615] [WiVRn] [info] nxwarp[0] rx: 918211 datagrams, placed 7103863 (+298440), late 1422762 (+77700), stale_frame 0, bad_range 0, bad_dir 0, bad_caps 0, bad_ver 0, auth_fail 0, replay 0, frozen 0, dup 1025
09-11 04:18:29.890   895 12532 I PxrMetric: FPS=90/90,MTP=42.04ms,AppSW=off,FrmEarly=11,FrmLate=12,FrmCpu=0.83ms,FrmGpu=11.87ms,FrmTime=20.66ms,ATWGPU=1.59ms,VsyncDelay=3,GPU=81%/587Mhz,GPUTemp=70.9C,LayerCnt=3,Pkg=org.meumeu.wivrn.nx.warp,FrmId=5159
09-11 04:18:30.273   895 12537 I WiVRn   : [2026-09-11 04:18:30.273] [WiVRn] [info] render: 168 iterations in 2.0 s (83.6/s), 168 submitted a layer, 97 new-source, 0 skipped by the repeat gate, 0 with nothing to show; display period 12.0 ms
09-11 04:18:30.273   895 12537 I WiVRn   : [2026-09-11 04:18:30.273] [WiVRn] [info] render: ready wait attempts 85 success 14 total 75.717 ms | selected older than available 0
09-11 04:18:30.273   895 12537 I WiVRn   : [2026-09-11 04:18:30.273] [WiVRn] [info] render: selected source transitions forward 97 backward 0 repeat 71, greatest forward gap 1
09-11 04:18:30.273   895 12537 I WiVRn   : [2026-09-11 04:18:30.273] [WiVRn] [info] render: this app's own GPU pass 2.9 ms per iteration
09-11 04:18:30.273   895 12537 I WiVRn   : [2026-09-11 04:18:30.273] [WiVRn] [info] render: defoveate 2688x2688 per eye x2 = 14.45 Mpx/frame at scale 1.00 atlas-prototype 0; 71 re-presented from the cache (reduce_gpu_load on)
09-11 04:18:30.273   895 12537 I WiVRn   : [2026-09-11 04:18:30.273] [WiVRn] [info] render: shader path sharpness 0.00 fsr false alpha false motion false blend false glow 0.00 vignette 0.00 deband 0.00 lowpoly 0.00 levels 0 full-kernel false
09-11 04:18:30.273   895 12537 I WiVRn   : [2026-09-11 04:18:30.273] [WiVRn] [info] render: per iteration fence 1.3 (worst 13.5) | queries 0.0 | submit 0.0 | whole render() 2.4 ms
09-11 04:18:30.273   895 12537 I WiVRn   : [2026-09-11 04:18:30.273] [WiVRn] [info] render: selection-to-defoveate CPU 0.053 ms mean (max 0.101) over 97 actual defoveate calls; not GPU/photon latency
09-11 04:18:30.273   895 12537 I WiVRn   : [2026-09-11 04:18:30.273] [WiVRn] [info] render: jit on | wake slack 40.5 ms | slept 5.0 ms mean (max 5.0, 168 of 168 iterations) | budget 14.7 = pass 13.7 + margin 1.0 | sleep cap 5.0 ms
09-11 04:18:30.273   895 12537 I WiVRn   : [2026-09-11 04:18:30.273] [WiVRn] [info] render: source display-time offset 75.1 ms mean (worst 100.7) over 168 frames | submit lead 33.1 ms mean (worst 17.1) | misses: 0 overrun 0 late 0 skipped refresh
09-11 04:18:30.273   895 12537 I WiVRn   : [2026-09-11 04:18:30.273] [WiVRn] [info] render: source->first 6.7 ms | wire 10.7 | queue 1.1 | decode 15.4 | decode->selection 7.7 | selection->predicted 33.6 | sum 75.1 over 168 selected frames (0 invalid)
09-11 04:18:30.429   895 12574 I WiVRn   : [2026-09-11 04:18:30.429] [WiVRn] [info] nxwarp[0]: 99 frames in 2.0 s: 261347 B/frame, wait-prev 0.0 ms, wall 15.5 ms, nxvc passA 4.5 passB 8.3 gpu 12.7 ms; holes 3, refused 0
09-11 04:18:30.429   895 12574 I WiVRn   : [2026-09-11 04:18:30.429] [WiVRn] [info] nxwarp[0] gpu duty 627 ms/s (63% of one GPU) for decode alone; the display pass is extra
09-11 04:18:30.429   895 12574 I WiVRn   : [2026-09-11 04:18:30.429] [WiVRn] [info] nxwarp[0] passB 8.3 ms = warp 0.0 + skip 0.0 + coded 0.0 + dir 0.0 + other 8.3; tiles skip 0 / coded 3528 / dir 0 (eye pass 0)
09-11 04:18:30.429   895 12574 I WiVRn   : [2026-09-11 04:18:30.429] [WiVRn] [info] nxwarp[0]: 77 frames dropped late (queue kept to 1)
09-11 04:18:30.429   895 12574 I WiVRn   : [2026-09-11 04:18:30.429] [WiVRn] [info] nxwarp[0] stage: gap 4.8 | wait-prev 0.0 | submit 1.6 (qlock 0.0 + codec 1.6) | get_free 0.0 | fence-pre 0.0 | record 0.0 | qsubmit 0.0 | fence-post 13.9 | publish 0.0 ms; withheld 0, stride 1, arrival 17.5 ms
09-11 04:18:30.429   895 12574 I WiVRn   : [2026-09-11 04:18:30.429] [WiVRn] [info] nxwarp[0] reassembly (network thread): 0.22 ms/frame over 100 frames, buffer 255 kB held for 255 kB of unit (1.0x)
09-11 04:18:30.429   895 12574 I WiVRn   : [2026-09-11 04:18:30.429] [WiVRn] [info] nxwarp[0] fence-post 13.9 ms = nxvc gpu 12.7 + copy gpu 0.00 + queue 1.1 (over 99 frames with timestamps)
09-11 04:18:30.608   895 12576 I WiVRn   : [2026-09-11 04:18:30.608] [WiVRn] [info] Tracking pattern (11108µs):
09-11 04:18:30.608   895 12576 I WiVRn   : [2026-09-11 04:18:30.608] [WiVRn] [info] 	t+3434µs HEAD (7674µs)
09-11 04:18:30.608   895 12576 I WiVRn   : [2026-09-11 04:18:30.608] [WiVRn] [info] 	t+3501µs LEFT_GRIP (7607µs)
09-11 04:18:30.608   895 12576 I WiVRn   : [2026-09-11 04:18:30.608] [WiVRn] [info] 	t+3509µs RIGHT_GRIP (7599µs)
09-11 04:18:30.608   895 12576 I WiVRn   : [2026-09-11 04:18:30.608] [WiVRn] [info] 	t+6434µs HEAD (4674µs)
09-11 04:18:30.608   895 12576 I WiVRn   : [2026-09-11 04:18:30.608] [WiVRn] [info] 	t+6501µs LEFT_GRIP (4607µs)
09-11 04:18:30.608   895 12576 I WiVRn   : [2026-09-11 04:18:30.608] [WiVRn] [info] 	t+6509µs RIGHT_GRIP (4599µs)
09-11 04:18:30.890   895 12532 I PxrMetric: FPS=81/90,MTP=44.81ms,AppSW=off,FrmEarly=28,FrmLate=12,FrmCpu=0.77ms,FrmGpu=12.64ms,FrmTime=23.36ms,ATWGPU=1.59ms,VsyncDelay=3,GPU=99%/587Mhz,GPUTemp=70.2C,LayerCnt=3,Pkg=org.meumeu.wivrn.nx.warp,FrmId=5240
