label,frame,desired_ns,start_ns,capacity_bps,late_feedback,bitrate_bps,eye0_bytes,eye0_span_ns,eye1_bytes,eye1_span_ns,serial_ns,lag_ns,estimate_bps,state,probe_entry,down_event,previous_state
fall250-clean,0,0,0,500000000,0,1000000000,694444,11111104,694444,11111104,22222208,0,0,startup,0,0,startup
fall250-clean,1,11111111,22222208,500000000,0,1000000000,694444,11111104,694444,11111104,22222208,11111097,0,startup,0,0,startup
fall250-clean,2,22222222,44444416,500000000,0,1000000000,694444,11111104,694444,11111104,22222208,22222194,0,startup,0,0,startup
fall250-clean,3,33333333,66666624,500000000,0,1000000000,694444,11111104,694444,11111104,22222208,33333291,0,startup,0,0,startup
fall250-clean,4,44444444,88888832,500000000,0,1000000000,694444,11111104,694444,11111104,22222208,44444388,0,startup,0,0,startup
fall250-clean,5,55555555,111111040,500000000,0,1000000000,694444,11111104,694444,11111104,22222208,55555485,0,startup,0,0,startup
fall250-clean,6,66666666,133333248,500000000,0,1000000000,694444,11111104,694444,11111104,22222208,66666582,0,startup,0,0,startup
fall250-clean,7,77777777,155555456,500000000,0,1000000000,694444,11111104,694444,11111104,22222208,77777679,0,startup,0,0,startup
fall250-clean,8,88888888,177777664,500000000,0,1000000000,694444,11111104,694444,11111104,22222208,88888776,0,startup,0,0,startup
fall250-clean,9,99999999,199999872,500000000,0,1000000000,694444,11111104,694444,11111104,22222208,99999873,0,startup,0,0,startup
fall250-clean,10,111111110,222222080,500000000,0,1000000000,694444,11111104,694444,11111104,22222208,111110970,0,startup,0,0,startup
fall250-clean,11,122222221,244444288,500000000,0,1000000000,694444,11111104,694444,11111104,22222208,122222067,0,startup,0,0,startup
fall250-clean,12,133333332,266666496,500000000,0,1000000000,694444,11111104,694444,11111104,22222208,133333164,0,startup,0,0,startup
fall250-clean,13,144444443,288888704,500000000,0,1000000000,694444,11111104,694444,11111104,22222208,144444261,0,startup,0,0,startup
fall250-clean,14,155555554,311110912,500000000,0,1000000000,694444,11111104,694444,11111104,22222208,155555358,0,startup,0,0,startup
fall250-clean,15,166666665,333333120,500000000,0,1000000000,694444,11111104,694444,11111104,22222208,166666455,0,startup,0,0,startup
fall250-clean,16,177777776,355555328,500000000,0,1000000000,694444,11111104,694444,11111104,22222208,177777552,0,startup,0,0,startup
fall250-clean,17,188888887,377777536,500000000,0,1000000000,694444,11111104,694444,11111104,22222208,188888649,0,startup,0,0,startup
fall250-clean,18,199999998,399999744,500000000,0,1000000000,694444,11111104,694444,11111104,22222208,199999746,0,startup,0,0,startup
fall250-clean,19,211111109,422221952,500000000,0,1000000000,694444,11111104,694444,11111104,22222208,211110843,0,startup,0,0,startup
fall250-clean,20,222222220,444444160,500000000,0,1000000000,694444,11111104,694444,11111104,22222208,222221940,0,startup,0,0,startup
fall250-clean,21,233333331,466666368,500000000,0,1000000000,694444,11111104,694444,11111104,22222208,233333037,0,startup,0,0,startup
fall250-clean,22,244444442,488888576,500000000,0,1000000000,694444,11111104,694444,11111104,22222208,244444134,0,startup,0,0,startup
fall250-clean,23,255555553,511110784,500000000,0,1000000000,694444,11111104,694444,11111104,22222208,255555231,0,startup,0,0,startup
fall250-clean,24,266666664,533332992,500000000,0,1000000000,694444,11111104,694444,11111104,22222208,266666328,0,startup,0,0,startup
fall250-clean,25,277777775,555555200,500000000,0,1000000000,694444,11111104,694444,11111104,22222208,277777425,0,startup,0,0,startup
fall250-clean,26,288888886,577777408,500000000,0,1000000000,694444,11111104,694444,11111104,22222208,288888522,0,startup,0,0,startup
fall250-clean,27,299999997,599999616,500000000,0,1000000000,694444,11111104,694444,11111104,22222208,299999619,500000000,startup,0,0,startup
fall250-clean,28,311111108,622221824,500000000,0,1000000000,694444,11111104,694444,11111104,22222208,311110716,500000000,startup,0,0,startup
fall250-clean,29,322222219,644444032,500000000,0,1000000000,694444,11111104,694444,11111104,22222208,322221813,500000000,startup,0,0,startup
fall250-clean,30,333333330,666666240,500000000,0,1000000000,694444,11111104,694444,11111104,22222208,333332910,500000000,startup,0,0,startup
fall250-clean,31,344444441,688888448,500000000,0,1000000000,694444,11111104,694444,11111104,22222208,344444007,500000000,startup,0,0,startup
fall250-clean,32,355555552,711110656,500000000,0,1000000000,694444,11111104,694444,11111104,22222208,355555104,500000000,startup,0,0,startup
fall250-clean,33,366666663,733332864,500000000,0,1000000000,694444,11111104,694444,11111104,22222208,366666201,500000000,startup,0,0,startup
fall250-clean,34,377777774,755555072,500000000,0,1000000000,694444,11111104,694444,11111104,22222208,377777298,500000000,startup,0,0,startup
fall250-clean,35,388888885,777777280,500000000,0,1000000000,694444,11111104,694444,11111104,22222208,388888395,500000000,startup,0,0,startup
fall250-clean,36,399999996,799999488,500000000,0,1000000000,694444,11111104,694444,11111104,22222208,399999492,500000000,startup,0,1,startup
fall250-clean,37,411111107,822221696,500000000,0,625000000,434027,6944432,434028,6944448,13888880,411110589,500000000,startup,0,0,startup
fall250-clean,38,422222218,836110576,500000000,0,625000000,434027,6944432,434028,6944448,13888880,413888358,500000000,startup,0,0,startup
fall250-clean,39,433333329,849999456,500000000,0,625000000,434027,6944432,434028,6944448,13888880,416666127,500000000,startup,0,0,startup
fall250-clean,40,444444440,863888336,500000000,0,625000000,434027,6944432,434028,6944448,13888880,419443896,500000000,startup,0,0,startup
fall250-clean,41,455555551,877777216,500000000,0,625000000,434027,6944432,434028,6944448,13888880,422221665,500000000,startup,0,0,startup
fall250-clean,42,466666662,891666096,500000000,0,625000000,434027,6944432,434028,6944448,13888880,424999434,500000000,startup,0,0,startup
fall250-clean,43,477777773,905554976,500000000,0,625000000,434027,6944432,434028,6944448,13888880,427777203,500000000,startup,0,0,startup
fall250-clean,44,488888884,919443856,500000000,0,625000000,434027,6944432,434028,6944448,13888880,430554972,500000000,startup,0,0,startup
fall250-clean,45,499999995,933332736,500000000,0,625000000,434027,6944432,434028,6944448,13888880,433332741,500000000,startup,0,0,startup
fall250-clean,46,511111106,947221616,500000000,0,625000000,434027,6944432,434028,6944448,13888880,436110510,500000000,startup,0,0,startup
fall250-clean,47,522222217,961110496,500000000,0,625000000,434027,6944432,434028,6944448,13888880,438888279,500000000,startup,0,0,startup
fall250-clean,48,533333328,974999376,500000000,0,625000000,434027,6944432,434028,6944448,13888880,441666048,500000000,startup,0,0,startup
fall250-clean,49,544444439,988888256,500000000,0,625000000,434027,6944432,434028,6944448,13888880,444443817,500000000,startup,0,0,startup
fall250-clean,50,555555550,1002777136,500000000,0,625000000,434027,6944432,434028,6944448,13888880,447221586,500000000,startup,0,0,startup
fall250-clean,51,566666661,1016666016,500000000,0,625000000,434027,6944432,434028,6944448,13888880,449999355,500000000,startup,0,0,startup
fall250-clean,52,577777772,1030554896,500000000,0,625000000,434027,6944432,434028,6944448,13888880,452777124,500000000,startup,0,0,startup
fall250-clean,53,588888883,1044443776,500000000,0,625000000,434027,6944432,434028,6944448,13888880,455554893,500000000,startup,0,0,startup
fall250-clean,54,599999994,1058332656,500000000,0,625000000,434027,6944432,434028,6944448,13888880,458332662,500000000,startup,0,0,startup
fall250-clean,55,611111105,1072221536,500000000,0,625000000,434027,6944432,434028,6944448,13888880,461110431,500000000,startup,0,0,startup
fall250-clean,56,622222216,1086110416,500000000,0,625000000,434027,6944432,434028,6944448,13888880,463888200,500000000,startup,0,0,startup
fall250-clean,57,633333327,1099999296,500000000,0,625000000,434027,6944432,434028,6944448,13888880,466665969,500000000,startup,0,0,startup
fall250-clean,58,644444438,1113888176,500000000,0,625000000,434027,6944432,434028,6944448,13888880,469443738,500000000,startup,0,0,startup
fall250-clean,59,655555549,1127777056,500000000,0,625000000,434027,6944432,434028,6944448,13888880,472221507,500000000,startup,0,0,startup
fall250-clean,60,666666660,1141665936,500000000,0,625000000,434027,6944432,434028,6944448,13888880,474999276,500000000,startup,0,0,startup
fall250-clean,61,677777771,1155554816,500000000,0,625000000,434027,6944432,434028,6944448,13888880,477777045,500000000,startup,0,0,startup
fall250-clean,62,688888882,1169443696,500000000,0,625000000,434027,6944432,434028,6944448,13888880,480554814,500000000,startup,0,0,startup
fall250-clean,63,699999993,1183332576,500000000,0,625000000,434027,6944432,434028,6944448,13888880,483332583,500000000,startup,0,0,startup
fall250-clean,64,711111104,1197221456,500000000,0,625000000,434027,6944432,434028,6944448,13888880,486110352,500000000,startup,0,0,startup
fall250-clean,65,722222215,1211110336,500000000,0,625000000,434027,6944432,434028,6944448,13888880,488888121,500000000,startup,0,0,startup
fall250-clean,66,733333326,1224999216,500000000,0,625000000,434027,6944432,434028,6944448,13888880,491665890,500000000,startup,0,0,startup
fall250-clean,67,744444437,1238888096,500000000,0,625000000,434027,6944432,434028,6944448,13888880,494443659,500000000,startup,0,0,startup
fall250-clean,68,755555548,1252776976,500000000,0,625000000,434027,6944432,434028,6944448,13888880,497221428,500000000,startup,0,0,startup
fall250-clean,69,766666659,1266665856,500000000,0,625000000,434027,6944432,434028,6944448,13888880,499999197,500000000,startup,0,0,startup
fall250-clean,70,777777770,1280554736,500000000,0,625000000,434027,6944432,434028,6944448,13888880,502776966,500000000,startup,0,0,startup
fall250-clean,71,788888881,1294443616,500000000,0,625000000,434027,6944432,434028,6944448,13888880,505554735,500000000,startup,0,0,startup
fall250-clean,72,799999992,1308332496,500000000,0,625000000,434027,6944432,434028,6944448,13888880,508332504,500000000,startup,0,0,startup
fall250-clean,73,811111103,1322221376,500000000,0,625000000,434027,6944432,434028,6944448,13888880,511110273,500000000,startup,0,0,startup
fall250-clean,74,822222214,1336110256,500000000,0,625000000,434027,6944432,434028,6944448,13888880,513888042,500000000,startup,0,0,startup
fall250-clean,75,833333325,1349999136,500000000,0,625000000,434027,6944432,434028,6944448,13888880,516665811,500000000,startup,0,0,startup
fall250-clean,76,844444436,1363888016,500000000,0,625000000,434027,6944432,434028,6944448,13888880,519443580,500000000,startup,0,0,startup
fall250-clean,77,855555547,1377776896,500000000,0,625000000,434027,6944432,434028,6944448,13888880,522221349,500000000,startup,0,0,startup
fall250-clean,78,866666658,1391665776,500000000,0,625000000,434027,6944432,434028,6944448,13888880,524999118,500000000,startup,0,0,startup
fall250-clean,79,877777769,1405554656,500000000,0,625000000,434027,6944432,434028,6944448,13888880,527776887,500000000,startup,0,0,startup
fall250-clean,80,888888880,1419443536,500000000,0,625000000,434027,6944432,434028,6944448,13888880,530554656,500000000,startup,0,0,startup
fall250-clean,81,899999991,1433332416,500000000,0,625000000,434027,6944432,434028,6944448,13888880,533332425,500000000,startup,0,0,startup
fall250-clean,82,911111102,1447221296,500000000,0,625000000,434027,6944432,434028,6944448,13888880,536110194,500000000,startup,0,0,startup
fall250-clean,83,922222213,1461110176,500000000,0,625000000,434027,6944432,434028,6944448,13888880,538887963,500000000,startup,0,0,startup
fall250-clean,84,933333324,1474999056,500000000,0,625000000,434027,6944432,434028,6944448,13888880,541665732,500000000,startup,0,0,startup
fall250-clean,85,944444435,1488887936,500000000,0,625000000,434027,6944432,434028,6944448,13888880,544443501,500000000,startup,0,0,startup
fall250-clean,86,955555546,1502776816,500000000,0,625000000,434027,6944432,434028,6944448,13888880,547221270,500000000,startup,0,0,startup
fall250-clean,87,966666657,1516665696,500000000,0,625000000,434027,6944432,434028,6944448,13888880,549999039,500000000,startup,0,0,startup
fall250-clean,88,977777768,1530554576,500000000,0,625000000,434027,6944432,434028,6944448,13888880,552776808,500000000,startup,0,0,startup
fall250-clean,89,988888879,1544443456,500000000,0,625000000,434027,6944432,434028,6944448,13888880,555554577,500000000,startup,0,0,startup
fall250-clean,90,999999990,1558332336,500000000,0,625000000,434027,6944432,434028,6944448,13888880,558332346,500000000,startup,0,0,startup
fall250-clean,91,1011111101,1572221216,500000000,0,625000000,434027,6944432,434028,6944448,13888880,561110115,500000000,startup,0,0,startup
fall250-clean,92,1022222212,1586110096,500000000,0,625000000,434027,6944432,434028,6944448,13888880,563887884,500000000,startup,0,0,startup
fall250-clean,93,1033333323,1599998976,500000000,0,625000000,434027,6944432,434028,6944448,13888880,566665653,500000000,startup,0,0,startup
fall250-clean,94,1044444434,1613887856,500000000,0,625000000,434027,6944432,434028,6944448,13888880,569443422,500000000,startup,0,0,startup
fall250-clean,95,1055555545,1627776736,500000000,0,625000000,434027,6944432,434028,6944448,13888880,572221191,500000000,startup,0,0,startup
fall250-clean,96,1066666656,1641665616,500000000,0,625000000,434027,6944432,434028,6944448,13888880,574998960,500000000,startup,0,0,startup
fall250-clean,97,1077777767,1655554496,500000000,0,625000000,434027,6944432,434028,6944448,13888880,577776729,500000000,startup,0,0,startup
fall250-clean,98,1088888878,1669443376,500000000,0,625000000,434027,6944432,434028,6944448,13888880,580554498,500000000,startup,0,0,startup
fall250-clean,99,1099999989,1683332256,500000000,0,625000000,434027,6944432,434028,6944448,13888880,583332267,500000000,startup,0,0,startup
fall250-clean,100,1111111100,1697221136,500000000,0,625000000,434027,6944432,434028,6944448,13888880,586110036,500000000,startup,0,0,startup
fall250-clean,101,1122222211,1711110016,500000000,0,625000000,434027,6944432,434028,6944448,13888880,588887805,500000000,startup,0,0,startup
fall250-clean,102,1133333322,1724998896,500000000,0,625000000,434027,6944432,434028,6944448,13888880,591665574,500000000,startup,0,0,startup
fall250-clean,103,1144444433,1738887776,500000000,0,625000000,434027,6944432,434028,6944448,13888880,594443343,500000000,startup,0,0,startup
fall250-clean,104,1155555544,1752776656,500000000,0,625000000,434027,6944432,434028,6944448,13888880,597221112,500000000,startup,0,0,startup
fall250-clean,105,1166666655,1766665536,500000000,0,625000000,434027,6944432,434028,6944448,13888880,599998881,500000000,startup,0,0,startup
fall250-clean,106,1177777766,1780554416,500000000,0,625000000,434027,6944432,434028,6944448,13888880,602776650,500000000,startup,0,0,startup
fall250-clean,107,1188888877,1794443296,500000000,0,625000000,434027,6944432,434028,6944448,13888880,605554419,500000000,startup,0,0,startup
fall250-clean,108,1199999988,1808332176,500000000,0,625000000,434027,6944432,434028,6944448,13888880,608332188,500000000,startup,0,0,startup
fall250-clean,109,1211111099,1822221056,500000000,0,625000000,434027,6944432,434028,6944448,13888880,611109957,500000000,startup,0,0,startup
fall250-clean,110,1222222210,1836109936,500000000,0,625000000,434027,6944432,434028,6944448,13888880,613887726,500000000,startup,0,0,startup
fall250-clean,111,1233333321,1849998816,500000000,0,625000000,434027,6944432,434028,6944448,13888880,616665495,500000000,startup,0,0,startup
fall250-clean,112,1244444432,1863887696,500000000,0,625000000,434027,6944432,434028,6944448,13888880,619443264,500000000,startup,0,0,startup
fall250-clean,113,1255555543,1877776576,500000000,0,625000000,434027,6944432,434028,6944448,13888880,622221033,500000000,startup,0,0,startup
fall250-clean,114,1266666654,1891665456,500000000,0,625000000,434027,6944432,434028,6944448,13888880,624998802,500000000,startup,0,0,startup
fall250-clean,115,1277777765,1905554336,500000000,0,625000000,434027,6944432,434028,6944448,13888880,627776571,500000000,startup,0,0,startup
fall250-clean,116,1288888876,1919443216,500000000,0,625000000,434027,6944432,434028,6944448,13888880,630554340,500000000,startup,0,0,startup
fall250-clean,117,1299999987,1933332096,500000000,0,625000000,434027,6944432,434028,6944448,13888880,633332109,500000000,startup,0,0,startup
fall250-clean,118,1311111098,1947220976,500000000,0,625000000,434027,6944432,434028,6944448,13888880,636109878,500000000,startup,0,0,startup
fall250-clean,119,1322222209,1961109856,500000000,0,625000000,434027,6944432,434028,6944448,13888880,638887647,500000000,startup,0,0,startup
fall250-clean,120,1333333320,1974998736,500000000,0,625000000,434027,6944432,434028,6944448,13888880,641665416,500000000,startup,0,0,startup
fall250-clean,121,1344444431,1988887616,500000000,0,625000000,434027,6944432,434028,6944448,13888880,644443185,500000000,startup,0,0,startup
fall250-clean,122,1355555542,2002776496,500000000,0,625000000,434027,6944432,434028,6944448,13888880,647220954,500000000,startup,0,0,startup
fall250-clean,123,1366666653,2016665376,500000000,0,625000000,434027,6944432,434028,6944448,13888880,649998723,500000000,startup,0,0,startup
fall250-clean,124,1377777764,2030554256,500000000,0,625000000,434027,6944432,434028,6944448,13888880,652776492,500000000,startup,0,0,startup
fall250-clean,125,1388888875,2044443136,500000000,0,625000000,434027,6944432,434028,6944448,13888880,655554261,500000000,startup,0,0,startup
fall250-clean,126,1399999986,2058332016,500000000,0,625000000,434027,6944432,434028,6944448,13888880,658332030,500000000,startup,0,0,startup
fall250-clean,127,1411111097,2072220896,500000000,0,625000000,434027,6944432,434028,6944448,13888880,661109799,500000000,startup,0,0,startup
fall250-clean,128,1422222208,2086109776,500000000,0,625000000,434027,6944432,434028,6944448,13888880,663887568,500000000,startup,0,0,startup
fall250-clean,129,1433333319,2099998656,500000000,0,625000000,434027,6944432,434028,6944448,13888880,666665337,500000000,startup,0,0,startup
fall250-clean,130,1444444430,2113887536,500000000,0,625000000,434027,6944432,434028,6944448,13888880,669443106,500000000,startup,0,0,startup
fall250-clean,131,1455555541,2127776416,500000000,0,625000000,434027,6944432,434028,6944448,13888880,672220875,500000000,startup,0,0,startup
fall250-clean,132,1466666652,2141665296,500000000,0,625000000,434027,6944432,434028,6944448,13888880,674998644,500000000,startup,0,0,startup
fall250-clean,133,1477777763,2155554176,500000000,0,625000000,434027,6944432,434028,6944448,13888880,677776413,500000000,startup,0,0,startup
fall250-clean,134,1488888874,2169443056,500000000,0,625000000,434027,6944432,434028,6944448,13888880,680554182,500000000,startup,0,0,startup
fall250-clean,135,1499999985,2183331936,500000000,0,625000000,434027,6944432,434028,6944448,13888880,683331951,500000000,startup,0,0,startup
fall250-clean,136,1511111096,2197220816,500000000,0,625000000,434027,6944432,434028,6944448,13888880,686109720,500000000,startup,0,0,startup
fall250-clean,137,1522222207,2211109696,500000000,0,625000000,434027,6944432,434028,6944448,13888880,688887489,500000000,startup,0,0,startup
fall250-clean,138,1533333318,2224998576,500000000,0,625000000,434027,6944432,434028,6944448,13888880,691665258,500000000,startup,0,0,startup
fall250-clean,139,1544444429,2238887456,500000000,0,625000000,434027,6944432,434028,6944448,13888880,694443027,500000000,startup,0,0,startup
fall250-clean,140,1555555540,2252776336,500000000,0,625000000,434027,6944432,434028,6944448,13888880,697220796,500000000,startup,0,0,startup
fall250-clean,141,1566666651,2266665216,500000000,0,625000000,434027,6944432,434028,6944448,13888880,699998565,500000000,startup,0,0,startup
fall250-clean,142,1577777762,2280554096,500000000,0,625000000,434027,6944432,434028,6944448,13888880,702776334,500000000,startup,0,0,startup
fall250-clean,143,1588888873,2294442976,500000000,0,625000000,434027,6944432,434028,6944448,13888880,705554103,500000000,startup,0,0,startup
fall250-clean,144,1599999984,2308331856,500000000,0,625000000,434027,6944432,434028,6944448,13888880,708331872,500000000,startup,0,0,startup
fall250-clean,145,1611111095,2322220736,500000000,0,625000000,434027,6944432,434028,6944448,13888880,711109641,500000000,startup,0,0,startup
fall250-clean,146,1622222206,2336109616,500000000,0,625000000,434027,6944432,434028,6944448,13888880,713887410,500000000,startup,0,0,startup
fall250-clean,147,1633333317,2349998496,500000000,0,625000000,434027,6944432,434028,6944448,13888880,716665179,500000000,startup,0,0,startup
fall250-clean,148,1644444428,2363887376,500000000,0,625000000,434027,6944432,434028,6944448,13888880,719442948,500000000,startup,0,0,startup
fall250-clean,149,1655555539,2377776256,500000000,0,625000000,434027,6944432,434028,6944448,13888880,722220717,500000000,startup,0,0,startup
fall250-clean,150,1666666650,2391665136,500000000,0,625000000,434027,6944432,434028,6944448,13888880,724998486,500000000,steady,0,0,startup
fall250-clean,151,1677777761,2405554016,500000000,0,625000000,434027,6944432,434028,6944448,13888880,727776255,500000000,steady,0,0,steady
fall250-clean,152,1688888872,2419442896,500000000,0,625000000,434027,6944432,434028,6944448,13888880,730554024,500000000,steady,0,0,steady
fall250-clean,153,1699999983,2433331776,500000000,0,625000000,434027,6944432,434028,6944448,13888880,733331793,500000000,steady,0,0,steady
fall250-clean,154,1711111094,2447220656,500000000,0,625000000,434027,6944432,434028,6944448,13888880,736109562,500000000,steady,0,0,steady
fall250-clean,155,1722222205,2461109536,500000000,0,625000000,434027,6944432,434028,6944448,13888880,738887331,500000000,steady,0,0,steady
fall250-clean,156,1733333316,2474998416,500000000,0,625000000,434027,6944432,434028,6944448,13888880,741665100,500000000,steady,0,0,steady
fall250-clean,157,1744444427,2488887296,500000000,0,625000000,434027,6944432,434028,6944448,13888880,744442869,500000000,steady,0,0,steady
fall250-clean,158,1755555538,2502776176,500000000,0,625000000,434027,6944432,434028,6944448,13888880,747220638,500000000,steady,0,0,steady
fall250-clean,159,1766666649,2516665056,500000000,0,625000000,434027,6944432,434028,6944448,13888880,749998407,500000000,steady,0,0,steady
fall250-clean,160,1777777760,2530553936,500000000,0,625000000,434027,6944432,434028,6944448,13888880,752776176,500000000,steady,0,0,steady
fall250-clean,161,1788888871,2544442816,500000000,0,625000000,434027,6944432,434028,6944448,13888880,755553945,500000000,steady,0,0,steady
fall250-clean,162,1799999982,2558331696,500000000,0,625000000,434027,6944432,434028,6944448,13888880,758331714,500000000,steady,0,0,steady
fall250-clean,163,1811111093,2572220576,500000000,0,625000000,434027,6944432,434028,6944448,13888880,761109483,500000000,steady,0,0,steady
fall250-clean,164,1822222204,2586109456,500000000,0,625000000,434027,6944432,434028,6944448,13888880,763887252,500000000,steady,0,0,steady
fall250-clean,165,1833333315,2599998336,500000000,0,625000000,434027,6944432,434028,6944448,13888880,766665021,500000000,steady,0,0,steady
fall250-clean,166,1844444426,2613887216,500000000,0,625000000,434027,6944432,434028,6944448,13888880,769442790,500000000,steady,0,0,steady
fall250-clean,167,1855555537,2627776096,500000000,0,625000000,434027,6944432,434028,6944448,13888880,772220559,500000000,steady,0,0,steady
fall250-clean,168,1866666648,2641664976,500000000,0,625000000,434027,6944432,434028,6944448,13888880,774998328,500000000,steady,0,0,steady
fall250-clean,169,1877777759,2655553856,500000000,0,625000000,434027,6944432,434028,6944448,13888880,777776097,500000000,steady,0,0,steady
fall250-clean,170,1888888870,2669442736,500000000,0,625000000,434027,6944432,434028,6944448,13888880,780553866,500000000,steady,0,0,steady
fall250-clean,171,1899999981,2683331616,500000000,0,625000000,434027,6944432,434028,6944448,13888880,783331635,500000000,steady,0,0,steady
fall250-clean,172,1911111092,2697220496,500000000,0,625000000,434027,6944432,434028,6944448,13888880,786109404,500000000,steady,0,0,steady
fall250-clean,173,1922222203,2711109376,500000000,0,625000000,434027,6944432,434028,6944448,13888880,788887173,500000000,steady,0,0,steady
fall250-clean,174,1933333314,2724998256,500000000,0,625000000,434027,6944432,434028,6944448,13888880,791664942,500000000,steady,0,0,steady
fall250-clean,175,1944444425,2738887136,500000000,0,625000000,434027,6944432,434028,6944448,13888880,794442711,500000000,steady,0,0,steady
fall250-clean,176,1955555536,2752776016,500000000,0,625000000,434027,6944432,434028,6944448,13888880,797220480,500000000,steady,0,0,steady
fall250-clean,177,1966666647,2766664896,500000000,0,625000000,434027,6944432,434028,6944448,13888880,799998249,500000000,steady,0,0,steady
fall250-clean,178,1977777758,2780553776,500000000,0,625000000,434027,6944432,434028,6944448,13888880,802776018,500000000,steady,0,0,steady
fall250-clean,179,1988888869,2794442656,500000000,0,625000000,434027,6944432,434028,6944448,13888880,805553787,500000000,steady,0,0,steady
fall250-clean,180,1999999980,2808331536,500000000,0,625000000,434027,6944432,434028,6944448,13888880,808331556,500000000,steady,0,0,steady
fall250-clean,181,2011111091,2822220416,500000000,0,625000000,434027,6944432,434028,6944448,13888880,811109325,500000000,steady,0,0,steady
fall250-clean,182,2022222202,2836109296,500000000,0,625000000,434027,6944432,434028,6944448,13888880,813887094,500000000,steady,0,0,steady
fall250-clean,183,2033333313,2849998176,500000000,0,625000000,434027,6944432,434028,6944448,13888880,816664863,500000000,steady,0,0,steady
fall250-clean,184,2044444424,2863887056,500000000,0,625000000,434027,6944432,434028,6944448,13888880,819442632,500000000,steady,0,0,steady
fall250-clean,185,2055555535,2877775936,500000000,0,625000000,434027,6944432,434028,6944448,13888880,822220401,500000000,steady,0,0,steady
fall250-clean,186,2066666646,2891664816,500000000,0,625000000,434027,6944432,434028,6944448,13888880,824998170,500000000,steady,0,0,steady
fall250-clean,187,2077777757,2905553696,500000000,0,625000000,434027,6944432,434028,6944448,13888880,827775939,500000000,steady,0,0,steady
fall250-clean,188,2088888868,2919442576,500000000,0,625000000,434027,6944432,434028,6944448,13888880,830553708,500000000,steady,0,0,steady
fall250-clean,189,2099999979,2933331456,500000000,0,625000000,434027,6944432,434028,6944448,13888880,833331477,500000000,steady,0,0,steady
fall250-clean,190,2111111090,2947220336,500000000,0,625000000,434027,6944432,434028,6944448,13888880,836109246,500000000,steady,0,0,steady
fall250-clean,191,2122222201,2961109216,500000000,0,625000000,434027,6944432,434028,6944448,13888880,838887015,500000000,steady,0,0,steady
fall250-clean,192,2133333312,2974998096,500000000,0,625000000,434027,6944432,434028,6944448,13888880,841664784,500000000,steady,0,0,steady
fall250-clean,193,2144444423,2988886976,500000000,0,625000000,434027,6944432,434028,6944448,13888880,844442553,500000000,steady,0,0,steady
fall250-clean,194,2155555534,3002775856,500000000,0,625000000,434027,6944432,434028,6944448,13888880,847220322,500000000,steady,0,0,steady
fall250-clean,195,2166666645,3016664736,500000000,0,625000000,434027,6944432,434028,6944448,13888880,849998091,500000000,steady,0,0,steady
fall250-clean,196,2177777756,3030553616,500000000,0,625000000,434027,6944432,434028,6944448,13888880,852775860,500000000,steady,0,0,steady
fall250-clean,197,2188888867,3044442496,500000000,0,625000000,434027,6944432,434028,6944448,13888880,855553629,500000000,steady,0,0,steady
fall250-clean,198,2199999978,3058331376,500000000,0,625000000,434027,6944432,434028,6944448,13888880,858331398,500000000,steady,0,0,steady
fall250-clean,199,2211111089,3072220256,500000000,0,625000000,434027,6944432,434028,6944448,13888880,861109167,500000000,steady,0,0,steady
fall250-clean,200,2222222200,3086109136,500000000,0,625000000,434027,6944432,434028,6944448,13888880,863886936,500000000,steady,0,0,steady
fall250-clean,201,2233333311,3099998016,500000000,0,625000000,434027,6944432,434028,6944448,13888880,866664705,500000000,steady,0,0,steady
fall250-clean,202,2244444422,3113886896,500000000,0,625000000,434027,6944432,434028,6944448,13888880,869442474,500000000,steady,0,0,steady
fall250-clean,203,2255555533,3127775776,500000000,0,625000000,434027,6944432,434028,6944448,13888880,872220243,500000000,steady,0,0,steady
fall250-clean,204,2266666644,3141664656,500000000,0,625000000,434027,6944432,434028,6944448,13888880,874998012,500000000,steady,0,0,steady
fall250-clean,205,2277777755,3155553536,500000000,0,625000000,434027,6944432,434028,6944448,13888880,877775781,500000000,steady,0,0,steady
fall250-clean,206,2288888866,3169442416,500000000,0,625000000,434027,6944432,434028,6944448,13888880,880553550,500000000,steady,0,0,steady
fall250-clean,207,2299999977,3183331296,500000000,0,625000000,434027,6944432,434028,6944448,13888880,883331319,500000000,steady,0,1,steady
fall250-clean,208,2311111088,3197220176,500000000,0,425000000,295138,4722208,295139,4722224,9444432,886109088,500000000,steady,0,0,steady
fall250-clean,209,2322222199,3206664608,500000000,0,425000000,295138,4722208,295139,4722224,9444432,884442409,500000000,steady,0,0,steady
fall250-clean,210,2333333310,3216109040,500000000,0,425000000,295138,4722208,295139,4722224,9444432,882775730,500000000,steady,0,0,steady
fall250-clean,211,2344444421,3225553472,500000000,0,425000000,295138,4722208,295139,4722224,9444432,881109051,500000000,steady,0,0,steady
fall250-clean,212,2355555532,3234997904,500000000,0,425000000,295138,4722208,295139,4722224,9444432,879442372,500000000,steady,0,0,steady
fall250-clean,213,2366666643,3244442336,500000000,0,425000000,295138,4722208,295139,4722224,9444432,877775693,500000000,steady,0,0,steady
fall250-clean,214,2377777754,3253886768,500000000,0,425000000,295138,4722208,295139,4722224,9444432,876109014,500000000,steady,0,0,steady
fall250-clean,215,2388888865,3263331200,500000000,0,425000000,295138,4722208,295139,4722224,9444432,874442335,500000000,steady,0,0,steady
fall250-clean,216,2399999976,3272775632,500000000,0,425000000,295138,4722208,295139,4722224,9444432,872775656,500000000,steady,0,0,steady
fall250-clean,217,2411111087,3282220064,500000000,0,425000000,295138,4722208,295139,4722224,9444432,871108977,500000000,steady,0,0,steady
fall250-clean,218,2422222198,3291664496,500000000,0,425000000,295138,4722208,295139,4722224,9444432,869442298,500000000,steady,0,0,steady
fall250-clean,219,2433333309,3301108928,500000000,0,425000000,295138,4722208,295139,4722224,9444432,867775619,500000000,steady,0,0,steady
fall250-clean,220,2444444420,3310553360,500000000,0,425000000,295138,4722208,295139,4722224,9444432,866108940,500000000,steady,0,0,steady
fall250-clean,221,2455555531,3319997792,500000000,0,425000000,295138,4722208,295139,4722224,9444432,864442261,500000000,steady,0,0,steady
fall250-clean,222,2466666642,3329442224,500000000,0,425000000,295138,4722208,295139,4722224,9444432,862775582,500000000,steady,0,0,steady
fall250-clean,223,2477777753,3338886656,500000000,0,425000000,295138,4722208,295139,4722224,9444432,861108903,500000000,steady,0,0,steady
fall250-clean,224,2488888864,3348331088,500000000,0,425000000,295138,4722208,295139,4722224,9444432,859442224,500000000,steady,0,0,steady
fall250-clean,225,2499999975,3357775520,500000000,0,425000000,295138,4722208,295139,4722224,9444432,857775545,500000000,steady,0,0,steady
fall250-clean,226,2511111086,3367219952,500000000,0,425000000,295138,4722208,295139,4722224,9444432,856108866,500000000,steady,0,0,steady
fall250-clean,227,2522222197,3376664384,500000000,0,425000000,295138,4722208,295139,4722224,9444432,854442187,500000000,steady,0,0,steady
fall250-clean,228,2533333308,3386108816,500000000,0,425000000,295138,4722208,295139,4722224,9444432,852775508,500000000,steady,0,0,steady
fall250-clean,229,2544444419,3395553248,500000000,0,425000000,295138,4722208,295139,4722224,9444432,851108829,500000000,steady,0,0,steady
fall250-clean,230,2555555530,3404997680,500000000,0,425000000,295138,4722208,295139,4722224,9444432,849442150,500000000,steady,0,0,steady
fall250-clean,231,2566666641,3414442112,500000000,0,425000000,295138,4722208,295139,4722224,9444432,847775471,500000000,steady,0,0,steady
fall250-clean,232,2577777752,3423886544,500000000,0,425000000,295138,4722208,295139,4722224,9444432,846108792,500000000,steady,0,0,steady
fall250-clean,233,2588888863,3433330976,500000000,0,425000000,295138,4722208,295139,4722224,9444432,844442113,500000000,steady,0,0,steady
fall250-clean,234,2599999974,3442775408,500000000,0,425000000,295138,4722208,295139,4722224,9444432,842775434,500000000,steady,0,0,steady
fall250-clean,235,2611111085,3452219840,500000000,0,425000000,295138,4722208,295139,4722224,9444432,841108755,500000000,steady,0,0,steady
fall250-clean,236,2622222196,3461664272,500000000,0,425000000,295138,4722208,295139,4722224,9444432,839442076,500000000,steady,0,0,steady
fall250-clean,237,2633333307,3471108704,500000000,0,425000000,295138,4722208,295139,4722224,9444432,837775397,500000000,steady,0,0,steady
fall250-clean,238,2644444418,3480553136,500000000,0,425000000,295138,4722208,295139,4722224,9444432,836108718,500000000,steady,0,0,steady
fall250-clean,239,2655555529,3489997568,500000000,0,425000000,295138,4722208,295139,4722224,9444432,834442039,500000000,steady,0,0,steady
fall250-clean,240,2666666640,3499442000,500000000,0,425000000,295138,4722208,295139,4722224,9444432,832775360,500000000,steady,0,0,steady
fall250-clean,241,2677777751,3508886432,500000000,0,425000000,295138,4722208,295139,4722224,9444432,831108681,500000000,steady,0,0,steady
fall250-clean,242,2688888862,3518330864,500000000,0,425000000,295138,4722208,295139,4722224,9444432,829442002,500000000,steady,0,0,steady
fall250-clean,243,2699999973,3527775296,500000000,0,425000000,295138,4722208,295139,4722224,9444432,827775323,500000000,steady,0,0,steady
fall250-clean,244,2711111084,3537219728,500000000,0,425000000,295138,4722208,295139,4722224,9444432,826108644,500000000,steady,0,0,steady
fall250-clean,245,2722222195,3546664160,500000000,0,425000000,295138,4722208,295139,4722224,9444432,824441965,500000000,steady,0,0,steady
fall250-clean,246,2733333306,3556108592,500000000,0,425000000,295138,4722208,295139,4722224,9444432,822775286,500000000,steady,0,0,steady
fall250-clean,247,2744444417,3565553024,500000000,0,425000000,295138,4722208,295139,4722224,9444432,821108607,500000000,steady,0,0,steady
fall250-clean,248,2755555528,3574997456,500000000,0,425000000,295138,4722208,295139,4722224,9444432,819441928,500000000,steady,0,0,steady
fall250-clean,249,2766666639,3584441888,500000000,0,425000000,295138,4722208,295139,4722224,9444432,817775249,500000000,steady,0,0,steady
fall250-clean,250,2777777750,3593886320,500000000,0,425000000,295138,4722208,295139,4722224,9444432,816108570,500000000,steady,0,0,steady
fall250-clean,251,2788888861,3603330752,500000000,0,425000000,295138,4722208,295139,4722224,9444432,814441891,500000000,steady,0,0,steady
fall250-clean,252,2799999972,3612775184,500000000,0,425000000,295138,4722208,295139,4722224,9444432,812775212,500000000,steady,0,0,steady
fall250-clean,253,2811111083,3622219616,500000000,0,425000000,295138,4722208,295139,4722224,9444432,811108533,500000000,steady,0,0,steady
fall250-clean,254,2822222194,3631664048,500000000,0,425000000,295138,4722208,295139,4722224,9444432,809441854,500000000,steady,0,0,steady
fall250-clean,255,2833333305,3641108480,500000000,0,425000000,295138,4722208,295139,4722224,9444432,807775175,500000000,steady,0,0,steady
fall250-clean,256,2844444416,3650552912,500000000,0,425000000,295138,4722208,295139,4722224,9444432,806108496,500000000,steady,0,0,steady
fall250-clean,257,2855555527,3659997344,500000000,0,425000000,295138,4722208,295139,4722224,9444432,804441817,500000000,steady,0,0,steady
fall250-clean,258,2866666638,3669441776,500000000,0,425000000,295138,4722208,295139,4722224,9444432,802775138,500000000,steady,0,0,steady
fall250-clean,259,2877777749,3678886208,500000000,0,425000000,295138,4722208,295139,4722224,9444432,801108459,500000000,steady,0,0,steady
fall250-clean,260,2888888860,3688330640,500000000,0,425000000,295138,4722208,295139,4722224,9444432,799441780,500000000,steady,0,0,steady
fall250-clean,261,2899999971,3697775072,500000000,0,425000000,295138,4722208,295139,4722224,9444432,797775101,500000000,steady,0,0,steady
fall250-clean,262,2911111082,3707219504,500000000,0,425000000,295138,4722208,295139,4722224,9444432,796108422,500000000,steady,0,0,steady
fall250-clean,263,2922222193,3716663936,500000000,0,425000000,295138,4722208,295139,4722224,9444432,794441743,500000000,steady,0,0,steady
fall250-clean,264,2933333304,3726108368,500000000,0,425000000,295138,4722208,295139,4722224,9444432,792775064,500000000,steady,0,0,steady
fall250-clean,265,2944444415,3735552800,500000000,0,425000000,295138,4722208,295139,4722224,9444432,791108385,500000000,steady,0,0,steady
fall250-clean,266,2955555526,3744997232,500000000,0,425000000,295138,4722208,295139,4722224,9444432,789441706,500000000,steady,0,0,steady
fall250-clean,267,2966666637,3754441664,500000000,0,425000000,295138,4722208,295139,4722224,9444432,787775027,500000000,steady,0,0,steady
fall250-clean,268,2977777748,3763886096,500000000,0,425000000,295138,4722208,295139,4722224,9444432,786108348,500000000,steady,0,0,steady
fall250-clean,269,2988888859,3773330528,500000000,0,425000000,295138,4722208,295139,4722224,9444432,784441669,500000000,steady,0,0,steady
fall250-clean,270,2999999970,3782774960,500000000,0,425000000,295138,4722208,295139,4722224,9444432,782774990,500000000,steady,0,0,steady
fall250-clean,271,3011111081,3792219392,500000000,0,425000000,295138,4722208,295139,4722224,9444432,781108311,500000000,steady,0,0,steady
fall250-clean,272,3022222192,3801663824,500000000,0,425000000,295138,4722208,295139,4722224,9444432,779441632,500000000,steady,0,0,steady
fall250-clean,273,3033333303,3811108256,500000000,0,425000000,295138,4722208,295139,4722224,9444432,777774953,500000000,steady,0,0,steady
fall250-clean,274,3044444414,3820552688,500000000,0,425000000,295138,4722208,295139,4722224,9444432,776108274,500000000,steady,0,0,steady
fall250-clean,275,3055555525,3829997120,500000000,0,425000000,295138,4722208,295139,4722224,9444432,774441595,500000000,steady,0,0,steady
fall250-clean,276,3066666636,3839441552,500000000,0,425000000,295138,4722208,295139,4722224,9444432,772774916,500000000,steady,0,0,steady
fall250-clean,277,3077777747,3848885984,500000000,0,425000000,295138,4722208,295139,4722224,9444432,771108237,500000000,steady,0,0,steady
fall250-clean,278,3088888858,3858330416,500000000,0,425000000,295138,4722208,295139,4722224,9444432,769441558,500000000,steady,0,0,steady
fall250-clean,279,3099999969,3867774848,500000000,0,425000000,295138,4722208,295139,4722224,9444432,767774879,500000000,steady,0,0,steady
fall250-clean,280,3111111080,3877219280,500000000,0,425000000,295138,4722208,295139,4722224,9444432,766108200,500000000,steady,0,0,steady
fall250-clean,281,3122222191,3886663712,500000000,0,425000000,295138,4722208,295139,4722224,9444432,764441521,500000000,steady,0,0,steady
fall250-clean,282,3133333302,3896108144,500000000,0,425000000,295138,4722208,295139,4722224,9444432,762774842,500000000,steady,0,0,steady
fall250-clean,283,3144444413,3905552576,500000000,0,425000000,295138,4722208,295139,4722224,9444432,761108163,500000000,steady,0,0,steady
fall250-clean,284,3155555524,3914997008,500000000,0,425000000,295138,4722208,295139,4722224,9444432,759441484,500000000,steady,0,0,steady
fall250-clean,285,3166666635,3924441440,500000000,0,425000000,295138,4722208,295139,4722224,9444432,757774805,500000000,steady,0,0,steady
fall250-clean,286,3177777746,3933885872,500000000,0,425000000,295138,4722208,295139,4722224,9444432,756108126,500000000,steady,0,0,steady
fall250-clean,287,3188888857,3943330304,500000000,0,425000000,295138,4722208,295139,4722224,9444432,754441447,500000000,steady,0,0,steady
fall250-clean,288,3199999968,3952774736,500000000,0,425000000,295138,4722208,295139,4722224,9444432,752774768,500000000,steady,0,0,steady
fall250-clean,289,3211111079,3962219168,500000000,0,425000000,295138,4722208,295139,4722224,9444432,751108089,500000000,steady,0,0,steady
fall250-clean,290,3222222190,3971663600,500000000,0,425000000,295138,4722208,295139,4722224,9444432,749441410,500000000,steady,0,0,steady
fall250-clean,291,3233333301,3981108032,500000000,0,425000000,295138,4722208,295139,4722224,9444432,747774731,500000000,steady,0,0,steady
fall250-clean,292,3244444412,3990552464,500000000,0,425000000,295138,4722208,295139,4722224,9444432,746108052,500000000,steady,0,0,steady
fall250-clean,293,3255555523,3999996896,500000000,0,425000000,295138,4722208,295139,4722224,9444432,744441373,500000000,steady,0,0,steady
fall250-clean,294,3266666634,4009441328,500000000,0,425000000,295138,4722208,295139,4722224,9444432,742774694,500000000,steady,0,0,steady
fall250-clean,295,3277777745,4018885760,500000000,0,425000000,295138,4722208,295139,4722224,9444432,741108015,500000000,steady,0,0,steady
fall250-clean,296,3288888856,4028330192,500000000,0,425000000,295138,4722208,295139,4722224,9444432,739441336,500000000,steady,0,0,steady
fall250-clean,297,3299999967,4037774624,500000000,0,425000000,295138,4722208,295139,4722224,9444432,737774657,500000000,steady,0,0,steady
fall250-clean,298,3311111078,4047219056,500000000,0,425000000,295138,4722208,295139,4722224,9444432,736107978,500000000,steady,0,0,steady
fall250-clean,299,3322222189,4056663488,500000000,0,425000000,295138,4722208,295139,4722224,9444432,734441299,500000000,steady,0,0,steady
fall250-clean,300,3333333300,4066107920,500000000,0,425000000,295138,4722208,295139,4722224,9444432,732774620,500000000,steady,0,0,steady
fall250-clean,301,3344444411,4075552352,500000000,0,425000000,295138,4722208,295139,4722224,9444432,731107941,500000000,steady,0,0,steady
fall250-clean,302,3355555522,4084996784,500000000,0,425000000,295138,4722208,295139,4722224,9444432,729441262,500000000,steady,0,0,steady
fall250-clean,303,3366666633,4094441216,500000000,0,425000000,295138,4722208,295139,4722224,9444432,727774583,500000000,steady,0,0,steady
fall250-clean,304,3377777744,4103885648,500000000,0,425000000,295138,4722208,295139,4722224,9444432,726107904,500000000,steady,0,0,steady
fall250-clean,305,3388888855,4113330080,500000000,0,425000000,295138,4722208,295139,4722224,9444432,724441225,500000000,steady,0,0,steady
fall250-clean,306,3399999966,4122774512,500000000,0,425000000,295138,4722208,295139,4722224,9444432,722774546,500000000,steady,0,0,steady
fall250-clean,307,3411111077,4132218944,500000000,0,425000000,295138,4722208,295139,4722224,9444432,721107867,500000000,steady,0,0,steady
fall250-clean,308,3422222188,4141663376,500000000,0,425000000,295138,4722208,295139,4722224,9444432,719441188,500000000,steady,0,0,steady
fall250-clean,309,3433333299,4151107808,500000000,0,425000000,295138,4722208,295139,4722224,9444432,717774509,500000000,steady,0,0,steady
fall250-clean,310,3444444410,4160552240,500000000,0,425000000,295138,4722208,295139,4722224,9444432,716107830,500000000,steady,0,0,steady
fall250-clean,311,3455555521,4169996672,500000000,0,425000000,295138,4722208,295139,4722224,9444432,714441151,500000000,steady,0,0,steady
fall250-clean,312,3466666632,4179441104,500000000,0,425000000,295138,4722208,295139,4722224,9444432,712774472,500000000,steady,0,0,steady
fall250-clean,313,3477777743,4188885536,500000000,0,425000000,295138,4722208,295139,4722224,9444432,711107793,500000000,steady,0,0,steady
fall250-clean,314,3488888854,4198329968,500000000,0,425000000,295138,4722208,295139,4722224,9444432,709441114,500000000,steady,0,0,steady
fall250-clean,315,3499999965,4207774400,500000000,0,425000000,295138,4722208,295139,4722224,9444432,707774435,500000000,steady,0,0,steady
fall250-clean,316,3511111076,4217218832,500000000,0,425000000,295138,4722208,295139,4722224,9444432,706107756,500000000,steady,0,0,steady
fall250-clean,317,3522222187,4226663264,500000000,0,425000000,295138,4722208,295139,4722224,9444432,704441077,500000000,steady,0,0,steady
fall250-clean,318,3533333298,4236107696,500000000,0,425000000,295138,4722208,295139,4722224,9444432,702774398,500000000,steady,0,0,steady
fall250-clean,319,3544444409,4245552128,500000000,0,425000000,295138,4722208,295139,4722224,9444432,701107719,500000000,steady,0,0,steady
fall250-clean,320,3555555520,4254996560,500000000,0,425000000,295138,4722208,295139,4722224,9444432,699441040,500000000,steady,0,0,steady
fall250-clean,321,3566666631,4264440992,500000000,0,425000000,295138,4722208,295139,4722224,9444432,697774361,500000000,steady,0,0,steady
fall250-clean,322,3577777742,4273885424,500000000,0,425000000,295138,4722208,295139,4722224,9444432,696107682,500000000,steady,0,0,steady
fall250-clean,323,3588888853,4283329856,500000000,0,425000000,295138,4722208,295139,4722224,9444432,694441003,500000000,steady,0,0,steady
fall250-clean,324,3599999964,4292774288,500000000,0,425000000,295138,4722208,295139,4722224,9444432,692774324,500000000,steady,0,0,steady
fall250-clean,325,3611111075,4302218720,500000000,0,425000000,295138,4722208,295139,4722224,9444432,691107645,500000000,steady,0,0,steady
fall250-clean,326,3622222186,4311663152,500000000,0,425000000,295138,4722208,295139,4722224,9444432,689440966,500000000,steady,0,0,steady
fall250-clean,327,3633333297,4321107584,500000000,0,425000000,295138,4722208,295139,4722224,9444432,687774287,500000000,steady,0,0,steady
fall250-clean,328,3644444408,4330552016,500000000,0,425000000,295138,4722208,295139,4722224,9444432,686107608,500000000,steady,0,0,steady
fall250-clean,329,3655555519,4339996448,500000000,0,425000000,295138,4722208,295139,4722224,9444432,684440929,500000000,steady,0,0,steady
fall250-clean,330,3666666630,4349440880,500000000,0,425000000,295138,4722208,295139,4722224,9444432,682774250,500000000,steady,0,0,steady
fall250-clean,331,3677777741,4358885312,500000000,0,425000000,295138,4722208,295139,4722224,9444432,681107571,500000000,steady,0,0,steady
fall250-clean,332,3688888852,4368329744,500000000,0,425000000,295138,4722208,295139,4722224,9444432,679440892,500000000,steady,0,0,steady
fall250-clean,333,3699999963,4377774176,500000000,0,425000000,295138,4722208,295139,4722224,9444432,677774213,500000000,steady,0,0,steady
fall250-clean,334,3711111074,4387218608,500000000,0,425000000,295138,4722208,295139,4722224,9444432,676107534,500000000,steady,0,0,steady
fall250-clean,335,3722222185,4396663040,500000000,0,425000000,295138,4722208,295139,4722224,9444432,674440855,500000000,steady,0,0,steady
fall250-clean,336,3733333296,4406107472,500000000,0,425000000,295138,4722208,295139,4722224,9444432,672774176,500000000,steady,0,0,steady
fall250-clean,337,3744444407,4415551904,500000000,0,425000000,295138,4722208,295139,4722224,9444432,671107497,500000000,steady,0,0,steady
fall250-clean,338,3755555518,4424996336,500000000,0,425000000,295138,4722208,295139,4722224,9444432,669440818,500000000,steady,0,0,steady
fall250-clean,339,3766666629,4434440768,500000000,0,425000000,295138,4722208,295139,4722224,9444432,667774139,500000000,steady,0,0,steady
fall250-clean,340,3777777740,4443885200,500000000,0,425000000,295138,4722208,295139,4722224,9444432,666107460,500000000,steady,0,0,steady
fall250-clean,341,3788888851,4453329632,500000000,0,425000000,295138,4722208,295139,4722224,9444432,664440781,500000000,steady,0,0,steady
fall250-clean,342,3799999962,4462774064,500000000,0,425000000,295138,4722208,295139,4722224,9444432,662774102,500000000,steady,0,0,steady
fall250-clean,343,3811111073,4472218496,500000000,0,425000000,295138,4722208,295139,4722224,9444432,661107423,500000000,steady,0,0,steady
fall250-clean,344,3822222184,4481662928,500000000,0,425000000,295138,4722208,295139,4722224,9444432,659440744,500000000,steady,0,0,steady
fall250-clean,345,3833333295,4491107360,500000000,0,425000000,295138,4722208,295139,4722224,9444432,657774065,500000000,steady,0,0,steady
fall250-clean,346,3844444406,4500551792,500000000,0,425000000,295138,4722208,295139,4722224,9444432,656107386,500000000,steady,0,0,steady
fall250-clean,347,3855555517,4509996224,500000000,0,425000000,295138,4722208,295139,4722224,9444432,654440707,500000000,steady,0,0,steady
fall250-clean,348,3866666628,4519440656,500000000,0,425000000,295138,4722208,295139,4722224,9444432,652774028,500000000,steady,0,0,steady
fall250-clean,349,3877777739,4528885088,500000000,0,425000000,295138,4722208,295139,4722224,9444432,651107349,500000000,steady,0,0,steady
fall250-clean,350,3888888850,4538329520,500000000,0,425000000,295138,4722208,295139,4722224,9444432,649440670,500000000,steady,0,0,steady
fall250-clean,351,3899999961,4547773952,500000000,0,425000000,295138,4722208,295139,4722224,9444432,647773991,500000000,steady,0,0,steady
fall250-clean,352,3911111072,4557218384,500000000,0,425000000,295138,4722208,295139,4722224,9444432,646107312,500000000,steady,0,0,steady
fall250-clean,353,3922222183,4566662816,500000000,0,425000000,295138,4722208,295139,4722224,9444432,644440633,500000000,steady,0,0,steady
fall250-clean,354,3933333294,4576107248,500000000,0,425000000,295138,4722208,295139,4722224,9444432,642773954,500000000,steady,0,0,steady
fall250-clean,355,3944444405,4585551680,500000000,0,425000000,295138,4722208,295139,4722224,9444432,641107275,500000000,steady,0,0,steady
fall250-clean,356,3955555516,4594996112,500000000,0,425000000,295138,4722208,295139,4722224,9444432,639440596,500000000,steady,0,0,steady
fall250-clean,357,3966666627,4604440544,500000000,0,425000000,295138,4722208,295139,4722224,9444432,637773917,500000000,steady,0,0,steady
fall250-clean,358,3977777738,4613884976,500000000,0,425000000,295138,4722208,295139,4722224,9444432,636107238,500000000,steady,0,0,steady
fall250-clean,359,3988888849,4623329408,500000000,0,425000000,295138,4722208,295139,4722224,9444432,634440559,500000000,steady,0,0,steady
fall250-clean,360,3999999960,4632773840,500000000,0,425000000,295138,4722208,295139,4722224,9444432,632773880,500000000,steady,0,0,steady
fall250-clean,361,4011111071,4642218272,500000000,0,425000000,295138,4722208,295139,4722224,9444432,631107201,500000000,steady,0,0,steady
fall250-clean,362,4022222182,4651662704,500000000,0,425000000,295138,4722208,295139,4722224,9444432,629440522,500000000,steady,0,0,steady
fall250-clean,363,4033333293,4661107136,500000000,0,425000000,295138,4722208,295139,4722224,9444432,627773843,500000000,steady,0,0,steady
fall250-clean,364,4044444404,4670551568,500000000,0,425000000,295138,4722208,295139,4722224,9444432,626107164,500000000,steady,0,0,steady
fall250-clean,365,4055555515,4679996000,500000000,0,425000000,295138,4722208,295139,4722224,9444432,624440485,500000000,steady,0,0,steady
fall250-clean,366,4066666626,4689440432,500000000,0,425000000,295138,4722208,295139,4722224,9444432,622773806,500000000,steady,0,0,steady
fall250-clean,367,4077777737,4698884864,500000000,0,425000000,295138,4722208,295139,4722224,9444432,621107127,500000000,steady,0,0,steady
fall250-clean,368,4088888848,4708329296,500000000,0,425000000,295138,4722208,295139,4722224,9444432,619440448,500000000,steady,0,0,steady
fall250-clean,369,4099999959,4717773728,500000000,0,425000000,295138,4722208,295139,4722224,9444432,617773769,500000000,steady,0,0,steady
fall250-clean,370,4111111070,4727218160,500000000,0,425000000,295138,4722208,295139,4722224,9444432,616107090,500000000,steady,0,0,steady
fall250-clean,371,4122222181,4736662592,500000000,0,425000000,295138,4722208,295139,4722224,9444432,614440411,500000000,steady,0,0,steady
fall250-clean,372,4133333292,4746107024,500000000,0,425000000,295138,4722208,295139,4722224,9444432,612773732,500000000,steady,0,0,steady
fall250-clean,373,4144444403,4755551456,500000000,0,425000000,295138,4722208,295139,4722224,9444432,611107053,500000000,steady,0,0,steady
fall250-clean,374,4155555514,4764995888,500000000,0,425000000,295138,4722208,295139,4722224,9444432,609440374,500000000,steady,0,0,steady
fall250-clean,375,4166666625,4774440320,500000000,0,425000000,295138,4722208,295139,4722224,9444432,607773695,500000000,steady,0,0,steady
fall250-clean,376,4177777736,4783884752,500000000,0,425000000,295138,4722208,295139,4722224,9444432,606107016,500000000,steady,0,0,steady
fall250-clean,377,4188888847,4793329184,500000000,0,425000000,295138,4722208,295139,4722224,9444432,604440337,500000000,steady,0,0,steady
fall250-clean,378,4199999958,4802773616,500000000,0,425000000,295138,4722208,295139,4722224,9444432,602773658,500000000,steady,0,0,steady
fall250-clean,379,4211111069,4812218048,500000000,0,425000000,295138,4722208,295139,4722224,9444432,601106979,500000000,steady,0,0,steady
fall250-clean,380,4222222180,4821662480,500000000,0,425000000,295138,4722208,295139,4722224,9444432,599440300,500000000,steady,0,0,steady
fall250-clean,381,4233333291,4831106912,500000000,0,425000000,295138,4722208,295139,4722224,9444432,597773621,500000000,steady,0,0,steady
fall250-clean,382,4244444402,4840551344,500000000,0,425000000,295138,4722208,295139,4722224,9444432,596106942,500000000,steady,0,0,steady
fall250-clean,383,4255555513,4849995776,500000000,0,425000000,295138,4722208,295139,4722224,9444432,594440263,500000000,steady,0,0,steady
fall250-clean,384,4266666624,4859440208,500000000,0,425000000,295138,4722208,295139,4722224,9444432,592773584,500000000,steady,0,0,steady
fall250-clean,385,4277777735,4868884640,500000000,0,425000000,295138,4722208,295139,4722224,9444432,591106905,500000000,steady,0,0,steady
fall250-clean,386,4288888846,4878329072,500000000,0,425000000,295138,4722208,295139,4722224,9444432,589440226,500000000,steady,0,0,steady
fall250-clean,387,4299999957,4887773504,500000000,0,425000000,295138,4722208,295139,4722224,9444432,587773547,500000000,steady,0,0,steady
fall250-clean,388,4311111068,4897217936,500000000,0,425000000,295138,4722208,295139,4722224,9444432,586106868,500000000,steady,0,0,steady
fall250-clean,389,4322222179,4906662368,500000000,0,425000000,295138,4722208,295139,4722224,9444432,584440189,500000000,steady,0,0,steady
fall250-clean,390,4333333290,4916106800,500000000,0,425000000,295138,4722208,295139,4722224,9444432,582773510,500000000,steady,0,0,steady
fall250-clean,391,4344444401,4925551232,500000000,0,425000000,295138,4722208,295139,4722224,9444432,581106831,500000000,steady,0,0,steady
fall250-clean,392,4355555512,4934995664,500000000,0,425000000,295138,4722208,295139,4722224,9444432,579440152,500000000,steady,0,0,steady
fall250-clean,393,4366666623,4944440096,500000000,0,425000000,295138,4722208,295139,4722224,9444432,577773473,500000000,steady,0,0,steady
fall250-clean,394,4377777734,4953884528,500000000,0,425000000,295138,4722208,295139,4722224,9444432,576106794,500000000,steady,0,0,steady
fall250-clean,395,4388888845,4963328960,500000000,0,425000000,295138,4722208,295139,4722224,9444432,574440115,500000000,steady,0,0,steady
fall250-clean,396,4399999956,4972773392,500000000,0,425000000,295138,4722208,295139,4722224,9444432,572773436,500000000,steady,0,0,steady
fall250-clean,397,4411111067,4982217824,500000000,0,425000000,295138,4722208,295139,4722224,9444432,571106757,500000000,steady,0,0,steady
fall250-clean,398,4422222178,4991662256,500000000,0,425000000,295138,4722208,295139,4722224,9444432,569440078,500000000,steady,0,0,steady
fall250-clean,399,4433333289,5001106688,500000000,0,425000000,295138,4722208,295139,4722224,9444432,567773399,500000000,steady,0,0,steady
fall250-clean,400,4444444400,5010551120,500000000,0,425000000,295138,4722208,295139,4722224,9444432,566106720,500000000,steady,0,0,steady
fall250-clean,401,4455555511,5019995552,500000000,0,425000000,295138,4722208,295139,4722224,9444432,564440041,500000000,steady,0,0,steady
fall250-clean,402,4466666622,5029439984,500000000,0,425000000,295138,4722208,295139,4722224,9444432,562773362,500000000,steady,0,0,steady
fall250-clean,403,4477777733,5038884416,500000000,0,425000000,295138,4722208,295139,4722224,9444432,561106683,500000000,steady,0,0,steady
fall250-clean,404,4488888844,5048328848,500000000,0,425000000,295138,4722208,295139,4722224,9444432,559440004,500000000,steady,0,0,steady
fall250-clean,405,4499999955,5057773280,500000000,0,425000000,295138,4722208,295139,4722224,9444432,557773325,500000000,steady,0,0,steady
fall250-clean,406,4511111066,5067217712,500000000,0,425000000,295138,4722208,295139,4722224,9444432,556106646,500000000,steady,0,0,steady
fall250-clean,407,4522222177,5076662144,500000000,0,425000000,295138,4722208,295139,4722224,9444432,554439967,500000000,steady,0,0,steady
fall250-clean,408,4533333288,5086106576,500000000,0,425000000,295138,4722208,295139,4722224,9444432,552773288,500000000,steady,0,0,steady
fall250-clean,409,4544444399,5095551008,500000000,0,425000000,295138,4722208,295139,4722224,9444432,551106609,500000000,steady,0,0,steady
fall250-clean,410,4555555510,5104995440,500000000,0,425000000,295138,4722208,295139,4722224,9444432,549439930,500000000,steady,0,0,steady
fall250-clean,411,4566666621,5114439872,500000000,0,425000000,295138,4722208,295139,4722224,9444432,547773251,500000000,steady,0,0,steady
fall250-clean,412,4577777732,5123884304,500000000,0,425000000,295138,4722208,295139,4722224,9444432,546106572,500000000,steady,0,0,steady
fall250-clean,413,4588888843,5133328736,500000000,0,425000000,295138,4722208,295139,4722224,9444432,544439893,500000000,steady,0,0,steady
fall250-clean,414,4599999954,5142773168,500000000,0,425000000,295138,4722208,295139,4722224,9444432,542773214,500000000,steady,0,0,steady
fall250-clean,415,4611111065,5152217600,500000000,0,425000000,295138,4722208,295139,4722224,9444432,541106535,500000000,steady,0,0,steady
fall250-clean,416,4622222176,5161662032,500000000,0,425000000,295138,4722208,295139,4722224,9444432,539439856,500000000,steady,0,0,steady
fall250-clean,417,4633333287,5171106464,500000000,0,425000000,295138,4722208,295139,4722224,9444432,537773177,500000000,steady,0,0,steady
fall250-clean,418,4644444398,5180550896,500000000,0,425000000,295138,4722208,295139,4722224,9444432,536106498,500000000,steady,0,0,steady
fall250-clean,419,4655555509,5189995328,500000000,0,425000000,295138,4722208,295139,4722224,9444432,534439819,500000000,steady,0,0,steady
fall250-clean,420,4666666620,5199439760,500000000,0,425000000,295138,4722208,295139,4722224,9444432,532773140,500000000,steady,0,0,steady
fall250-clean,421,4677777731,5208884192,500000000,0,425000000,295138,4722208,295139,4722224,9444432,531106461,500000000,steady,0,0,steady
fall250-clean,422,4688888842,5218328624,500000000,0,425000000,295138,4722208,295139,4722224,9444432,529439782,500000000,steady,0,0,steady
fall250-clean,423,4699999953,5227773056,500000000,0,425000000,295138,4722208,295139,4722224,9444432,527773103,500000000,steady,0,0,steady
fall250-clean,424,4711111064,5237217488,500000000,0,425000000,295138,4722208,295139,4722224,9444432,526106424,500000000,steady,0,0,steady
fall250-clean,425,4722222175,5246661920,500000000,0,425000000,295138,4722208,295139,4722224,9444432,524439745,500000000,steady,0,0,steady
fall250-clean,426,4733333286,5256106352,500000000,0,425000000,295138,4722208,295139,4722224,9444432,522773066,500000000,steady,0,0,steady
fall250-clean,427,4744444397,5265550784,500000000,0,425000000,295138,4722208,295139,4722224,9444432,521106387,500000000,steady,0,0,steady
fall250-clean,428,4755555508,5274995216,500000000,0,425000000,295138,4722208,295139,4722224,9444432,519439708,500000000,steady,0,0,steady
fall250-clean,429,4766666619,5284439648,500000000,0,425000000,295138,4722208,295139,4722224,9444432,517773029,500000000,steady,0,0,steady
fall250-clean,430,4777777730,5293884080,500000000,0,425000000,295138,4722208,295139,4722224,9444432,516106350,500000000,steady,0,0,steady
fall250-clean,431,4788888841,5303328512,500000000,0,425000000,295138,4722208,295139,4722224,9444432,514439671,500000000,steady,0,0,steady
fall250-clean,432,4799999952,5312772944,500000000,0,425000000,295138,4722208,295139,4722224,9444432,512772992,500000000,steady,0,0,steady
fall250-clean,433,4811111063,5322217376,500000000,0,425000000,295138,4722208,295139,4722224,9444432,511106313,500000000,steady,0,0,steady
fall250-clean,434,4822222174,5331661808,500000000,0,425000000,295138,4722208,295139,4722224,9444432,509439634,500000000,steady,0,0,steady
fall250-clean,435,4833333285,5341106240,500000000,0,425000000,295138,4722208,295139,4722224,9444432,507772955,500000000,steady,0,0,steady
fall250-clean,436,4844444396,5350550672,500000000,0,425000000,295138,4722208,295139,4722224,9444432,506106276,500000000,steady,0,0,steady
fall250-clean,437,4855555507,5359995104,500000000,0,425000000,295138,4722208,295139,4722224,9444432,504439597,500000000,steady,0,0,steady
fall250-clean,438,4866666618,5369439536,500000000,0,425000000,295138,4722208,295139,4722224,9444432,502772918,500000000,steady,0,0,steady
fall250-clean,439,4877777729,5378883968,500000000,0,425000000,295138,4722208,295139,4722224,9444432,501106239,500000000,steady,0,0,steady
fall250-clean,440,4888888840,5388328400,500000000,0,425000000,295138,4722208,295139,4722224,9444432,499439560,500000000,steady,0,0,steady
fall250-clean,441,4899999951,5397772832,500000000,0,425000000,295138,4722208,295139,4722224,9444432,497772881,500000000,steady,0,0,steady
fall250-clean,442,4911111062,5407217264,500000000,0,425000000,295138,4722208,295139,4722224,9444432,496106202,500000000,steady,0,0,steady
fall250-clean,443,4922222173,5416661696,500000000,0,425000000,295138,4722208,295139,4722224,9444432,494439523,500000000,steady,0,0,steady
fall250-clean,444,4933333284,5426106128,500000000,0,425000000,295138,4722208,295139,4722224,9444432,492772844,500000000,steady,0,0,steady
fall250-clean,445,4944444395,5435550560,500000000,0,425000000,295138,4722208,295139,4722224,9444432,491106165,500000000,steady,0,0,steady
fall250-clean,446,4955555506,5444994992,500000000,0,425000000,295138,4722208,295139,4722224,9444432,489439486,500000000,steady,0,0,steady
fall250-clean,447,4966666617,5454439424,500000000,0,425000000,295138,4722208,295139,4722224,9444432,487772807,500000000,steady,0,0,steady
fall250-clean,448,4977777728,5463883856,500000000,0,425000000,295138,4722208,295139,4722224,9444432,486106128,500000000,steady,0,0,steady
fall250-clean,449,4988888839,5473328288,500000000,0,425000000,295138,4722208,295139,4722224,9444432,484439449,500000000,steady,0,0,steady
fall250-clean,450,4999999950,5482772720,500000000,0,425000000,295138,4722208,295139,4722224,9444432,482772770,500000000,steady,0,0,steady
fall250-clean,451,5011111061,5492217152,500000000,0,425000000,295138,4722208,295139,4722224,9444432,481106091,500000000,steady,0,0,steady
fall250-clean,452,5022222172,5501661584,500000000,0,425000000,295138,4722208,295139,4722224,9444432,479439412,500000000,steady,0,0,steady
fall250-clean,453,5033333283,5511106016,500000000,0,425000000,295138,4722208,295139,4722224,9444432,477772733,500000000,steady,0,0,steady
fall250-clean,454,5044444394,5520550448,500000000,0,425000000,295138,4722208,295139,4722224,9444432,476106054,500000000,steady,0,0,steady
fall250-clean,455,5055555505,5529994880,500000000,0,425000000,295138,4722208,295139,4722224,9444432,474439375,500000000,steady,0,0,steady
fall250-clean,456,5066666616,5539439312,500000000,0,425000000,295138,4722208,295139,4722224,9444432,472772696,500000000,steady,0,0,steady
fall250-clean,457,5077777727,5548883744,500000000,0,425000000,295138,4722208,295139,4722224,9444432,471106017,500000000,steady,0,0,steady
fall250-clean,458,5088888838,5558328176,500000000,0,425000000,295138,4722208,295139,4722224,9444432,469439338,500000000,steady,0,0,steady
fall250-clean,459,5099999949,5567772608,500000000,0,425000000,295138,4722208,295139,4722224,9444432,467772659,500000000,steady,0,0,steady
fall250-clean,460,5111111060,5577217040,500000000,0,425000000,295138,4722208,295139,4722224,9444432,466105980,500000000,steady,0,0,steady
fall250-clean,461,5122222171,5586661472,500000000,0,425000000,295138,4722208,295139,4722224,9444432,464439301,500000000,steady,0,0,steady
fall250-clean,462,5133333282,5596105904,500000000,0,425000000,295138,4722208,295139,4722224,9444432,462772622,500000000,steady,0,0,steady
fall250-clean,463,5144444393,5605550336,500000000,0,425000000,295138,4722208,295139,4722224,9444432,461105943,500000000,steady,0,0,steady
fall250-clean,464,5155555504,5614994768,500000000,0,425000000,295138,4722208,295139,4722224,9444432,459439264,500000000,steady,0,0,steady
fall250-clean,465,5166666615,5624439200,500000000,0,425000000,295138,4722208,295139,4722224,9444432,457772585,500000000,steady,0,0,steady
fall250-clean,466,5177777726,5633883632,500000000,0,425000000,295138,4722208,295139,4722224,9444432,456105906,500000000,steady,0,0,steady
fall250-clean,467,5188888837,5643328064,500000000,0,425000000,295138,4722208,295139,4722224,9444432,454439227,500000000,steady,0,0,steady
fall250-clean,468,5199999948,5652772496,500000000,0,425000000,295138,4722208,295139,4722224,9444432,452772548,500000000,steady,0,0,steady
fall250-clean,469,5211111059,5662216928,500000000,0,425000000,295138,4722208,295139,4722224,9444432,451105869,500000000,steady,0,0,steady
fall250-clean,470,5222222170,5671661360,500000000,0,425000000,295138,4722208,295139,4722224,9444432,449439190,500000000,steady,0,0,steady
fall250-clean,471,5233333281,5681105792,500000000,0,425000000,295138,4722208,295139,4722224,9444432,447772511,500000000,steady,0,0,steady
fall250-clean,472,5244444392,5690550224,500000000,0,425000000,295138,4722208,295139,4722224,9444432,446105832,500000000,steady,0,0,steady
fall250-clean,473,5255555503,5699994656,500000000,0,425000000,295138,4722208,295139,4722224,9444432,444439153,500000000,steady,0,0,steady
fall250-clean,474,5266666614,5709439088,500000000,0,425000000,295138,4722208,295139,4722224,9444432,442772474,500000000,steady,0,0,steady
fall250-clean,475,5277777725,5718883520,500000000,0,425000000,295138,4722208,295139,4722224,9444432,441105795,500000000,steady,0,0,steady
fall250-clean,476,5288888836,5728327952,500000000,0,425000000,295138,4722208,295139,4722224,9444432,439439116,500000000,steady,0,0,steady
fall250-clean,477,5299999947,5737772384,500000000,0,425000000,295138,4722208,295139,4722224,9444432,437772437,500000000,steady,0,0,steady
fall250-clean,478,5311111058,5747216816,500000000,0,425000000,295138,4722208,295139,4722224,9444432,436105758,500000000,steady,0,0,steady
fall250-clean,479,5322222169,5756661248,500000000,0,425000000,295138,4722208,295139,4722224,9444432,434439079,500000000,steady,0,0,steady
fall250-clean,480,5333333280,5766105680,500000000,0,425000000,295138,4722208,295139,4722224,9444432,432772400,500000000,steady,0,0,steady
fall250-clean,481,5344444391,5775550112,500000000,0,425000000,295138,4722208,295139,4722224,9444432,431105721,500000000,steady,0,0,steady
fall250-clean,482,5355555502,5784994544,500000000,0,425000000,295138,4722208,295139,4722224,9444432,429439042,500000000,steady,0,0,steady
fall250-clean,483,5366666613,5794438976,500000000,0,425000000,295138,4722208,295139,4722224,9444432,427772363,500000000,steady,0,0,steady
fall250-clean,484,5377777724,5803883408,500000000,0,425000000,295138,4722208,295139,4722224,9444432,426105684,500000000,steady,0,0,steady
fall250-clean,485,5388888835,5813327840,500000000,0,425000000,295138,4722208,295139,4722224,9444432,424439005,500000000,steady,0,0,steady
fall250-clean,486,5399999946,5822772272,500000000,0,425000000,295138,4722208,295139,4722224,9444432,422772326,500000000,steady,0,0,steady
fall250-clean,487,5411111057,5832216704,500000000,0,425000000,295138,4722208,295139,4722224,9444432,421105647,500000000,steady,0,0,steady
fall250-clean,488,5422222168,5841661136,500000000,0,425000000,295138,4722208,295139,4722224,9444432,419438968,500000000,steady,0,0,steady
fall250-clean,489,5433333279,5851105568,500000000,0,425000000,295138,4722208,295139,4722224,9444432,417772289,500000000,steady,0,0,steady
fall250-clean,490,5444444390,5860550000,500000000,0,425000000,295138,4722208,295139,4722224,9444432,416105610,500000000,steady,0,0,steady
fall250-clean,491,5455555501,5869994432,500000000,0,425000000,295138,4722208,295139,4722224,9444432,414438931,500000000,steady,0,0,steady
fall250-clean,492,5466666612,5879438864,500000000,0,425000000,295138,4722208,295139,4722224,9444432,412772252,500000000,steady,0,0,steady
fall250-clean,493,5477777723,5888883296,500000000,0,425000000,295138,4722208,295139,4722224,9444432,411105573,500000000,steady,0,0,steady
fall250-clean,494,5488888834,5898327728,500000000,0,425000000,295138,4722208,295139,4722224,9444432,409438894,500000000,steady,0,0,steady
fall250-clean,495,5499999945,5907772160,500000000,0,425000000,295138,4722208,295139,4722224,9444432,407772215,500000000,steady,0,0,steady
fall250-clean,496,5511111056,5917216592,500000000,0,425000000,295138,4722208,295139,4722224,9444432,406105536,500000000,steady,0,0,steady
fall250-clean,497,5522222167,5926661024,500000000,0,425000000,295138,4722208,295139,4722224,9444432,404438857,500000000,steady,0,0,steady
fall250-clean,498,5533333278,5936105456,500000000,0,425000000,295138,4722208,295139,4722224,9444432,402772178,500000000,steady,0,0,steady
fall250-clean,499,5544444389,5945549888,500000000,0,425000000,295138,4722208,295139,4722224,9444432,401105499,500000000,steady,0,0,steady
fall250-clean,500,5555555500,5954994320,500000000,0,425000000,295138,4722208,295139,4722224,9444432,399438820,500000000,steady,0,0,steady
fall250-clean,501,5566666611,5964438752,500000000,0,425000000,295138,4722208,295139,4722224,9444432,397772141,500000000,steady,0,0,steady
fall250-clean,502,5577777722,5973883184,500000000,0,425000000,295138,4722208,295139,4722224,9444432,396105462,500000000,steady,0,0,steady
fall250-clean,503,5588888833,5983327616,500000000,0,425000000,295138,4722208,295139,4722224,9444432,394438783,500000000,steady,0,0,steady
fall250-clean,504,5599999944,5992772048,500000000,0,425000000,295138,4722208,295139,4722224,9444432,392772104,500000000,steady,0,0,steady
fall250-clean,505,5611111055,6002216480,500000000,0,425000000,295138,4722208,295139,4722224,9444432,391105425,500000000,steady,0,0,steady
fall250-clean,506,5622222166,6011660912,500000000,0,425000000,295138,4722208,295139,4722224,9444432,389438746,500000000,steady,0,0,steady
fall250-clean,507,5633333277,6021105344,500000000,0,425000000,295138,4722208,295139,4722224,9444432,387772067,500000000,steady,0,0,steady
fall250-clean,508,5644444388,6030549776,500000000,0,425000000,295138,4722208,295139,4722224,9444432,386105388,500000000,steady,0,0,steady
fall250-clean,509,5655555499,6039994208,500000000,0,425000000,295138,4722208,295139,4722224,9444432,384438709,500000000,steady,0,0,steady
fall250-clean,510,5666666610,6049438640,500000000,0,425000000,295138,4722208,295139,4722224,9444432,382772030,500000000,steady,0,0,steady
fall250-clean,511,5677777721,6058883072,500000000,0,425000000,295138,4722208,295139,4722224,9444432,381105351,500000000,steady,0,0,steady
fall250-clean,512,5688888832,6068327504,500000000,0,425000000,295138,4722208,295139,4722224,9444432,379438672,500000000,steady,0,0,steady
fall250-clean,513,5699999943,6077771936,500000000,0,425000000,295138,4722208,295139,4722224,9444432,377771993,500000000,steady,0,0,steady
fall250-clean,514,5711111054,6087216368,500000000,0,425000000,295138,4722208,295139,4722224,9444432,376105314,500000000,steady,0,0,steady
fall250-clean,515,5722222165,6096660800,500000000,0,425000000,295138,4722208,295139,4722224,9444432,374438635,500000000,steady,0,0,steady
fall250-clean,516,5733333276,6106105232,500000000,0,425000000,295138,4722208,295139,4722224,9444432,372771956,500000000,steady,0,0,steady
fall250-clean,517,5744444387,6115549664,500000000,0,425000000,295138,4722208,295139,4722224,9444432,371105277,500000000,steady,0,0,steady
fall250-clean,518,5755555498,6124994096,500000000,0,425000000,295138,4722208,295139,4722224,9444432,369438598,500000000,steady,0,0,steady
fall250-clean,519,5766666609,6134438528,500000000,0,425000000,295138,4722208,295139,4722224,9444432,367771919,500000000,steady,0,0,steady
fall250-clean,520,5777777720,6143882960,500000000,0,425000000,295138,4722208,295139,4722224,9444432,366105240,500000000,steady,0,0,steady
fall250-clean,521,5788888831,6153327392,500000000,0,425000000,295138,4722208,295139,4722224,9444432,364438561,500000000,steady,0,0,steady
fall250-clean,522,5799999942,6162771824,500000000,0,425000000,295138,4722208,295139,4722224,9444432,362771882,500000000,steady,0,0,steady
fall250-clean,523,5811111053,6172216256,500000000,0,425000000,295138,4722208,295139,4722224,9444432,361105203,500000000,steady,0,0,steady
fall250-clean,524,5822222164,6181660688,500000000,0,425000000,295138,4722208,295139,4722224,9444432,359438524,500000000,steady,0,0,steady
fall250-clean,525,5833333275,6191105120,500000000,0,425000000,295138,4722208,295139,4722224,9444432,357771845,500000000,steady,0,0,steady
fall250-clean,526,5844444386,6200549552,500000000,0,425000000,295138,4722208,295139,4722224,9444432,356105166,500000000,steady,0,0,steady
fall250-clean,527,5855555497,6209993984,500000000,0,425000000,295138,4722208,295139,4722224,9444432,354438487,500000000,steady,0,0,steady
fall250-clean,528,5866666608,6219438416,500000000,0,425000000,295138,4722208,295139,4722224,9444432,352771808,500000000,steady,0,0,steady
fall250-clean,529,5877777719,6228882848,500000000,0,425000000,295138,4722208,295139,4722224,9444432,351105129,500000000,steady,0,0,steady
fall250-clean,530,5888888830,6238327280,500000000,0,425000000,295138,4722208,295139,4722224,9444432,349438450,500000000,steady,0,0,steady
fall250-clean,531,5899999941,6247771712,500000000,0,425000000,295138,4722208,295139,4722224,9444432,347771771,500000000,steady,0,0,steady
fall250-clean,532,5911111052,6257216144,500000000,0,425000000,295138,4722208,295139,4722224,9444432,346105092,500000000,steady,0,0,steady
fall250-clean,533,5922222163,6266660576,500000000,0,425000000,295138,4722208,295139,4722224,9444432,344438413,500000000,steady,0,0,steady
fall250-clean,534,5933333274,6276105008,500000000,0,425000000,295138,4722208,295139,4722224,9444432,342771734,500000000,steady,0,0,steady
fall250-clean,535,5944444385,6285549440,500000000,0,425000000,295138,4722208,295139,4722224,9444432,341105055,500000000,steady,0,0,steady
fall250-clean,536,5955555496,6294993872,500000000,0,425000000,295138,4722208,295139,4722224,9444432,339438376,500000000,steady,0,0,steady
fall250-clean,537,5966666607,6304438304,500000000,0,425000000,295138,4722208,295139,4722224,9444432,337771697,500000000,steady,0,0,steady
fall250-clean,538,5977777718,6313882736,500000000,0,425000000,295138,4722208,295139,4722224,9444432,336105018,500000000,steady,0,0,steady
fall250-clean,539,5988888829,6323327168,500000000,0,425000000,295138,4722208,295139,4722224,9444432,334438339,500000000,steady,0,0,steady
fall250-clean,540,5999999940,6332771600,500000000,0,425000000,295138,4722208,295139,4722224,9444432,332771660,500000000,steady,0,0,steady
fall250-clean,541,6011111051,6342216032,500000000,0,425000000,295138,4722208,295139,4722224,9444432,331104981,500000000,steady,0,0,steady
fall250-clean,542,6022222162,6351660464,500000000,0,425000000,295138,4722208,295139,4722224,9444432,329438302,500000000,steady,0,0,steady
fall250-clean,543,6033333273,6361104896,500000000,0,425000000,295138,4722208,295139,4722224,9444432,327771623,500000000,steady,0,0,steady
fall250-clean,544,6044444384,6370549328,500000000,0,425000000,295138,4722208,295139,4722224,9444432,326104944,500000000,steady,0,0,steady
fall250-clean,545,6055555495,6379993760,500000000,0,425000000,295138,4722208,295139,4722224,9444432,324438265,500000000,steady,0,0,steady
fall250-clean,546,6066666606,6389438192,500000000,0,425000000,295138,4722208,295139,4722224,9444432,322771586,500000000,steady,0,0,steady
fall250-clean,547,6077777717,6398882624,500000000,0,425000000,295138,4722208,295139,4722224,9444432,321104907,500000000,steady,0,0,steady
fall250-clean,548,6088888828,6408327056,500000000,0,425000000,295138,4722208,295139,4722224,9444432,319438228,500000000,steady,0,0,steady
fall250-clean,549,6099999939,6417771488,500000000,0,425000000,295138,4722208,295139,4722224,9444432,317771549,500000000,steady,0,0,steady
fall250-clean,550,6111111050,6427215920,500000000,0,425000000,295138,4722208,295139,4722224,9444432,316104870,500000000,steady,0,0,steady
fall250-clean,551,6122222161,6436660352,500000000,0,425000000,295138,4722208,295139,4722224,9444432,314438191,500000000,steady,0,0,steady
fall250-clean,552,6133333272,6446104784,500000000,0,425000000,295138,4722208,295139,4722224,9444432,312771512,500000000,steady,0,0,steady
fall250-clean,553,6144444383,6455549216,500000000,0,425000000,295138,4722208,295139,4722224,9444432,311104833,500000000,steady,0,0,steady
fall250-clean,554,6155555494,6464993648,500000000,0,425000000,295138,4722208,295139,4722224,9444432,309438154,500000000,steady,0,0,steady
fall250-clean,555,6166666605,6474438080,500000000,0,425000000,295138,4722208,295139,4722224,9444432,307771475,500000000,steady,0,0,steady
fall250-clean,556,6177777716,6483882512,500000000,0,425000000,295138,4722208,295139,4722224,9444432,306104796,500000000,steady,0,0,steady
fall250-clean,557,6188888827,6493326944,500000000,0,425000000,295138,4722208,295139,4722224,9444432,304438117,500000000,steady,0,0,steady
fall250-clean,558,6199999938,6502771376,500000000,0,425000000,295138,4722208,295139,4722224,9444432,302771438,500000000,steady,0,0,steady
fall250-clean,559,6211111049,6512215808,500000000,0,425000000,295138,4722208,295139,4722224,9444432,301104759,500000000,steady,0,0,steady
fall250-clean,560,6222222160,6521660240,500000000,0,425000000,295138,4722208,295139,4722224,9444432,299438080,500000000,steady,0,0,steady
fall250-clean,561,6233333271,6531104672,500000000,0,425000000,295138,4722208,295139,4722224,9444432,297771401,500000000,steady,0,0,steady
fall250-clean,562,6244444382,6540549104,500000000,0,425000000,295138,4722208,295139,4722224,9444432,296104722,500000000,steady,0,0,steady
fall250-clean,563,6255555493,6549993536,500000000,0,425000000,295138,4722208,295139,4722224,9444432,294438043,500000000,steady,0,0,steady
fall250-clean,564,6266666604,6559437968,500000000,0,425000000,295138,4722208,295139,4722224,9444432,292771364,500000000,steady,0,0,steady
fall250-clean,565,6277777715,6568882400,500000000,0,425000000,295138,4722208,295139,4722224,9444432,291104685,500000000,steady,0,0,steady
fall250-clean,566,6288888826,6578326832,500000000,0,425000000,295138,4722208,295139,4722224,9444432,289438006,500000000,steady,0,0,steady
fall250-clean,567,6299999937,6587771264,500000000,0,425000000,295138,4722208,295139,4722224,9444432,287771327,500000000,steady,0,0,steady
fall250-clean,568,6311111048,6597215696,500000000,0,425000000,295138,4722208,295139,4722224,9444432,286104648,500000000,steady,0,0,steady
fall250-clean,569,6322222159,6606660128,500000000,0,425000000,295138,4722208,295139,4722224,9444432,284437969,500000000,steady,0,0,steady
fall250-clean,570,6333333270,6616104560,500000000,0,425000000,295138,4722208,295139,4722224,9444432,282771290,500000000,steady,0,0,steady
fall250-clean,571,6344444381,6625548992,500000000,0,425000000,295138,4722208,295139,4722224,9444432,281104611,500000000,steady,0,0,steady
fall250-clean,572,6355555492,6634993424,500000000,0,425000000,295138,4722208,295139,4722224,9444432,279437932,500000000,steady,0,0,steady
fall250-clean,573,6366666603,6644437856,500000000,0,425000000,295138,4722208,295139,4722224,9444432,277771253,500000000,steady,0,0,steady
fall250-clean,574,6377777714,6653882288,500000000,0,425000000,295138,4722208,295139,4722224,9444432,276104574,500000000,steady,0,0,steady
fall250-clean,575,6388888825,6663326720,500000000,0,425000000,295138,4722208,295139,4722224,9444432,274437895,500000000,steady,0,0,steady
fall250-clean,576,6399999936,6672771152,500000000,0,425000000,295138,4722208,295139,4722224,9444432,272771216,500000000,steady,0,0,steady
fall250-clean,577,6411111047,6682215584,500000000,0,425000000,295138,4722208,295139,4722224,9444432,271104537,500000000,steady,0,0,steady
fall250-clean,578,6422222158,6691660016,500000000,0,425000000,295138,4722208,295139,4722224,9444432,269437858,500000000,steady,0,0,steady
fall250-clean,579,6433333269,6701104448,500000000,0,425000000,295138,4722208,295139,4722224,9444432,267771179,500000000,steady,0,0,steady
fall250-clean,580,6444444380,6710548880,500000000,0,425000000,295138,4722208,295139,4722224,9444432,266104500,500000000,steady,0,0,steady
fall250-clean,581,6455555491,6719993312,500000000,0,425000000,295138,4722208,295139,4722224,9444432,264437821,500000000,steady,0,0,steady
fall250-clean,582,6466666602,6729437744,500000000,0,425000000,295138,4722208,295139,4722224,9444432,262771142,500000000,steady,0,0,steady
fall250-clean,583,6477777713,6738882176,500000000,0,425000000,295138,4722208,295139,4722224,9444432,261104463,500000000,steady,0,0,steady
fall250-clean,584,6488888824,6748326608,500000000,0,425000000,295138,4722208,295139,4722224,9444432,259437784,500000000,steady,0,0,steady
fall250-clean,585,6499999935,6757771040,500000000,0,425000000,295138,4722208,295139,4722224,9444432,257771105,500000000,steady,0,0,steady
fall250-clean,586,6511111046,6767215472,500000000,0,425000000,295138,4722208,295139,4722224,9444432,256104426,500000000,steady,0,0,steady
fall250-clean,587,6522222157,6776659904,500000000,0,425000000,295138,4722208,295139,4722224,9444432,254437747,500000000,steady,0,0,steady
fall250-clean,588,6533333268,6786104336,500000000,0,425000000,295138,4722208,295139,4722224,9444432,252771068,500000000,steady,0,0,steady
fall250-clean,589,6544444379,6795548768,500000000,0,425000000,295138,4722208,295139,4722224,9444432,251104389,500000000,steady,0,0,steady
fall250-clean,590,6555555490,6804993200,500000000,0,425000000,295138,4722208,295139,4722224,9444432,249437710,500000000,steady,0,0,steady
fall250-clean,591,6566666601,6814437632,500000000,0,425000000,295138,4722208,295139,4722224,9444432,247771031,500000000,steady,0,0,steady
fall250-clean,592,6577777712,6823882064,500000000,0,425000000,295138,4722208,295139,4722224,9444432,246104352,500000000,steady,0,0,steady
fall250-clean,593,6588888823,6833326496,500000000,0,425000000,295138,4722208,295139,4722224,9444432,244437673,500000000,steady,0,0,steady
fall250-clean,594,6599999934,6842770928,500000000,0,425000000,295138,4722208,295139,4722224,9444432,242770994,500000000,steady,0,0,steady
fall250-clean,595,6611111045,6852215360,500000000,0,425000000,295138,4722208,295139,4722224,9444432,241104315,500000000,steady,0,0,steady
fall250-clean,596,6622222156,6861659792,500000000,0,425000000,295138,4722208,295139,4722224,9444432,239437636,500000000,steady,0,0,steady
fall250-clean,597,6633333267,6871104224,500000000,0,425000000,295138,4722208,295139,4722224,9444432,237770957,500000000,steady,0,0,steady
fall250-clean,598,6644444378,6880548656,500000000,0,425000000,295138,4722208,295139,4722224,9444432,236104278,500000000,steady,0,0,steady
fall250-clean,599,6655555489,6889993088,500000000,0,425000000,295138,4722208,295139,4722224,9444432,234437599,500000000,steady,0,0,steady
fall250-clean,600,6666666600,6899437520,500000000,0,425000000,295138,4722208,295139,4722224,9444432,232770920,500000000,steady,0,0,steady
fall250-clean,601,6677777711,6908881952,500000000,0,425000000,295138,4722208,295139,4722224,9444432,231104241,500000000,steady,0,0,steady
fall250-clean,602,6688888822,6918326384,500000000,0,425000000,295138,4722208,295139,4722224,9444432,229437562,500000000,steady,0,0,steady
fall250-clean,603,6699999933,6927770816,500000000,0,425000000,295138,4722208,295139,4722224,9444432,227770883,500000000,steady,0,0,steady
fall250-clean,604,6711111044,6937215248,500000000,0,425000000,295138,4722208,295139,4722224,9444432,226104204,500000000,steady,0,0,steady
fall250-clean,605,6722222155,6946659680,500000000,0,425000000,295138,4722208,295139,4722224,9444432,224437525,500000000,steady,0,0,steady
fall250-clean,606,6733333266,6956104112,500000000,0,425000000,295138,4722208,295139,4722224,9444432,222770846,500000000,steady,0,0,steady
fall250-clean,607,6744444377,6965548544,500000000,0,425000000,295138,4722208,295139,4722224,9444432,221104167,500000000,steady,0,0,steady
fall250-clean,608,6755555488,6974992976,500000000,0,425000000,295138,4722208,295139,4722224,9444432,219437488,500000000,steady,0,0,steady
fall250-clean,609,6766666599,6984437408,500000000,0,425000000,295138,4722208,295139,4722224,9444432,217770809,500000000,steady,0,0,steady
fall250-clean,610,6777777710,6993881840,500000000,0,425000000,295138,4722208,295139,4722224,9444432,216104130,500000000,steady,0,0,steady
fall250-clean,611,6788888821,7003326272,500000000,0,425000000,295138,4722208,295139,4722224,9444432,214437451,500000000,steady,0,0,steady
fall250-clean,612,6799999932,7012770704,500000000,0,425000000,295138,4722208,295139,4722224,9444432,212770772,500000000,steady,0,0,steady
fall250-clean,613,6811111043,7022215136,500000000,0,425000000,295138,4722208,295139,4722224,9444432,211104093,500000000,steady,0,0,steady
fall250-clean,614,6822222154,7031659568,500000000,0,425000000,295138,4722208,295139,4722224,9444432,209437414,500000000,steady,0,0,steady
fall250-clean,615,6833333265,7041104000,500000000,0,425000000,295138,4722208,295139,4722224,9444432,207770735,500000000,steady,0,0,steady
fall250-clean,616,6844444376,7050548432,500000000,0,425000000,295138,4722208,295139,4722224,9444432,206104056,500000000,steady,0,0,steady
fall250-clean,617,6855555487,7059992864,500000000,0,425000000,295138,4722208,295139,4722224,9444432,204437377,500000000,steady,0,0,steady
fall250-clean,618,6866666598,7069437296,500000000,0,425000000,295138,4722208,295139,4722224,9444432,202770698,500000000,steady,0,0,steady
fall250-clean,619,6877777709,7078881728,500000000,0,425000000,295138,4722208,295139,4722224,9444432,201104019,500000000,steady,0,0,steady
fall250-clean,620,6888888820,7088326160,500000000,0,425000000,295138,4722208,295139,4722224,9444432,199437340,500000000,steady,0,0,steady
fall250-clean,621,6899999931,7097770592,500000000,0,425000000,295138,4722208,295139,4722224,9444432,197770661,500000000,steady,0,0,steady
fall250-clean,622,6911111042,7107215024,500000000,0,425000000,295138,4722208,295139,4722224,9444432,196103982,500000000,steady,0,0,steady
fall250-clean,623,6922222153,7116659456,500000000,0,425000000,295138,4722208,295139,4722224,9444432,194437303,500000000,steady,0,0,steady
fall250-clean,624,6933333264,7126103888,500000000,0,425000000,295138,4722208,295139,4722224,9444432,192770624,500000000,steady,0,0,steady
fall250-clean,625,6944444375,7135548320,500000000,0,425000000,295138,4722208,295139,4722224,9444432,191103945,500000000,steady,0,0,steady
fall250-clean,626,6955555486,7144992752,500000000,0,425000000,295138,4722208,295139,4722224,9444432,189437266,500000000,steady,0,0,steady
fall250-clean,627,6966666597,7154437184,500000000,0,425000000,295138,4722208,295139,4722224,9444432,187770587,500000000,steady,0,0,steady
fall250-clean,628,6977777708,7163881616,500000000,0,425000000,295138,4722208,295139,4722224,9444432,186103908,500000000,steady,0,0,steady
fall250-clean,629,6988888819,7173326048,500000000,0,425000000,295138,4722208,295139,4722224,9444432,184437229,500000000,steady,0,0,steady
fall250-clean,630,6999999930,7182770480,500000000,0,425000000,295138,4722208,295139,4722224,9444432,182770550,500000000,steady,0,0,steady
fall250-clean,631,7011111041,7192214912,500000000,0,425000000,295138,4722208,295139,4722224,9444432,181103871,500000000,steady,0,0,steady
fall250-clean,632,7022222152,7201659344,500000000,0,425000000,295138,4722208,295139,4722224,9444432,179437192,500000000,steady,0,0,steady
fall250-clean,633,7033333263,7211103776,500000000,0,425000000,295138,4722208,295139,4722224,9444432,177770513,500000000,steady,0,0,steady
fall250-clean,634,7044444374,7220548208,500000000,0,425000000,295138,4722208,295139,4722224,9444432,176103834,500000000,steady,0,0,steady
fall250-clean,635,7055555485,7229992640,500000000,0,425000000,295138,4722208,295139,4722224,9444432,174437155,500000000,steady,0,0,steady
fall250-clean,636,7066666596,7239437072,500000000,0,425000000,295138,4722208,295139,4722224,9444432,172770476,500000000,steady,0,0,steady
fall250-clean,637,7077777707,7248881504,500000000,0,425000000,295138,4722208,295139,4722224,9444432,171103797,500000000,steady,0,0,steady
fall250-clean,638,7088888818,7258325936,500000000,0,425000000,295138,4722208,295139,4722224,9444432,169437118,500000000,steady,0,0,steady
fall250-clean,639,7099999929,7267770368,500000000,0,425000000,295138,4722208,295139,4722224,9444432,167770439,500000000,steady,0,0,steady
fall250-clean,640,7111111040,7277214800,500000000,0,425000000,295138,4722208,295139,4722224,9444432,166103760,500000000,steady,0,0,steady
fall250-clean,641,7122222151,7286659232,500000000,0,425000000,295138,4722208,295139,4722224,9444432,164437081,500000000,steady,0,0,steady
fall250-clean,642,7133333262,7296103664,500000000,0,425000000,295138,4722208,295139,4722224,9444432,162770402,500000000,steady,0,0,steady
fall250-clean,643,7144444373,7305548096,500000000,0,425000000,295138,4722208,295139,4722224,9444432,161103723,500000000,steady,0,0,steady
fall250-clean,644,7155555484,7314992528,500000000,0,425000000,295138,4722208,295139,4722224,9444432,159437044,500000000,steady,0,0,steady
fall250-clean,645,7166666595,7324436960,500000000,0,425000000,295138,4722208,295139,4722224,9444432,157770365,500000000,steady,0,0,steady
fall250-clean,646,7177777706,7333881392,500000000,0,425000000,295138,4722208,295139,4722224,9444432,156103686,500000000,steady,0,0,steady
fall250-clean,647,7188888817,7343325824,500000000,0,425000000,295138,4722208,295139,4722224,9444432,154437007,500000000,steady,0,0,steady
fall250-clean,648,7199999928,7352770256,500000000,0,425000000,295138,4722208,295139,4722224,9444432,152770328,500000000,steady,0,0,steady
fall250-clean,649,7211111039,7362214688,500000000,0,425000000,295138,4722208,295139,4722224,9444432,151103649,500000000,steady,0,0,steady
fall250-clean,650,7222222150,7371659120,500000000,0,425000000,295138,4722208,295139,4722224,9444432,149436970,500000000,steady,0,0,steady
fall250-clean,651,7233333261,7381103552,500000000,0,425000000,295138,4722208,295139,4722224,9444432,147770291,500000000,steady,0,0,steady
fall250-clean,652,7244444372,7390547984,500000000,0,425000000,295138,4722208,295139,4722224,9444432,146103612,500000000,steady,0,0,steady
fall250-clean,653,7255555483,7399992416,500000000,0,425000000,295138,4722208,295139,4722224,9444432,144436933,500000000,steady,0,0,steady
fall250-clean,654,7266666594,7409436848,500000000,0,425000000,295138,4722208,295139,4722224,9444432,142770254,500000000,steady,0,0,steady
fall250-clean,655,7277777705,7418881280,500000000,0,425000000,295138,4722208,295139,4722224,9444432,141103575,500000000,steady,0,0,steady
fall250-clean,656,7288888816,7428325712,500000000,0,425000000,295138,4722208,295139,4722224,9444432,139436896,500000000,steady,0,0,steady
fall250-clean,657,7299999927,7437770144,500000000,0,425000000,295138,4722208,295139,4722224,9444432,137770217,500000000,steady,0,0,steady
fall250-clean,658,7311111038,7447214576,500000000,0,425000000,295138,4722208,295139,4722224,9444432,136103538,500000000,steady,0,0,steady
fall250-clean,659,7322222149,7456659008,500000000,0,425000000,295138,4722208,295139,4722224,9444432,134436859,500000000,steady,0,0,steady
fall250-clean,660,7333333260,7466103440,500000000,0,425000000,295138,4722208,295139,4722224,9444432,132770180,500000000,steady,0,0,steady
fall250-clean,661,7344444371,7475547872,500000000,0,425000000,295138,4722208,295139,4722224,9444432,131103501,500000000,steady,0,0,steady
fall250-clean,662,7355555482,7484992304,500000000,0,425000000,295138,4722208,295139,4722224,9444432,129436822,500000000,steady,0,0,steady
fall250-clean,663,7366666593,7494436736,500000000,0,425000000,295138,4722208,295139,4722224,9444432,127770143,500000000,steady,0,0,steady
fall250-clean,664,7377777704,7503881168,500000000,0,425000000,295138,4722208,295139,4722224,9444432,126103464,500000000,steady,0,0,steady
fall250-clean,665,7388888815,7513325600,500000000,0,425000000,295138,4722208,295139,4722224,9444432,124436785,500000000,steady,0,0,steady
fall250-clean,666,7399999926,7522770032,500000000,0,425000000,295138,4722208,295139,4722224,9444432,122770106,500000000,steady,0,0,steady
fall250-clean,667,7411111037,7532214464,500000000,0,425000000,295138,4722208,295139,4722224,9444432,121103427,500000000,steady,0,0,steady
fall250-clean,668,7422222148,7541658896,500000000,0,425000000,295138,4722208,295139,4722224,9444432,119436748,500000000,steady,0,0,steady
fall250-clean,669,7433333259,7551103328,500000000,0,425000000,295138,4722208,295139,4722224,9444432,117770069,500000000,steady,0,0,steady
fall250-clean,670,7444444370,7560547760,500000000,0,425000000,295138,4722208,295139,4722224,9444432,116103390,500000000,steady,0,0,steady
fall250-clean,671,7455555481,7569992192,500000000,0,425000000,295138,4722208,295139,4722224,9444432,114436711,500000000,steady,0,0,steady
fall250-clean,672,7466666592,7579436624,500000000,0,425000000,295138,4722208,295139,4722224,9444432,112770032,500000000,steady,0,0,steady
fall250-clean,673,7477777703,7588881056,500000000,0,425000000,295138,4722208,295139,4722224,9444432,111103353,500000000,steady,0,0,steady
fall250-clean,674,7488888814,7598325488,500000000,0,425000000,295138,4722208,295139,4722224,9444432,109436674,500000000,steady,0,0,steady
fall250-clean,675,7499999925,7607769920,500000000,0,425000000,295138,4722208,295139,4722224,9444432,107769995,500000000,steady,0,0,steady
fall250-clean,676,7511111036,7617214352,500000000,0,425000000,295138,4722208,295139,4722224,9444432,106103316,500000000,steady,0,0,steady
fall250-clean,677,7522222147,7626658784,500000000,0,425000000,295138,4722208,295139,4722224,9444432,104436637,500000000,steady,0,0,steady
fall250-clean,678,7533333258,7636103216,500000000,0,425000000,295138,4722208,295139,4722224,9444432,102769958,500000000,steady,0,0,steady
fall250-clean,679,7544444369,7645547648,500000000,0,425000000,295138,4722208,295139,4722224,9444432,101103279,500000000,steady,0,0,steady
fall250-clean,680,7555555480,7654992080,500000000,0,425000000,295138,4722208,295139,4722224,9444432,99436600,500000000,steady,0,0,steady
fall250-clean,681,7566666591,7664436512,500000000,0,425000000,295138,4722208,295139,4722224,9444432,97769921,500000000,steady,0,0,steady
fall250-clean,682,7577777702,7673880944,500000000,0,425000000,295138,4722208,295139,4722224,9444432,96103242,500000000,steady,0,0,steady
fall250-clean,683,7588888813,7683325376,500000000,0,425000000,295138,4722208,295139,4722224,9444432,94436563,500000000,steady,0,0,steady
fall250-clean,684,7599999924,7692769808,500000000,0,425000000,295138,4722208,295139,4722224,9444432,92769884,500000000,steady,0,0,steady
fall250-clean,685,7611111035,7702214240,500000000,0,425000000,295138,4722208,295139,4722224,9444432,91103205,500000000,steady,0,0,steady
fall250-clean,686,7622222146,7711658672,500000000,0,425000000,295138,4722208,295139,4722224,9444432,89436526,500000000,steady,0,0,steady
fall250-clean,687,7633333257,7721103104,500000000,0,425000000,295138,4722208,295139,4722224,9444432,87769847,500000000,steady,0,0,steady
fall250-clean,688,7644444368,7730547536,500000000,0,425000000,295138,4722208,295139,4722224,9444432,86103168,500000000,steady,0,0,steady
fall250-clean,689,7655555479,7739991968,500000000,0,425000000,295138,4722208,295139,4722224,9444432,84436489,500000000,steady,0,0,steady
fall250-clean,690,7666666590,7749436400,500000000,0,425000000,295138,4722208,295139,4722224,9444432,82769810,500000000,steady,0,0,steady
fall250-clean,691,7677777701,7758880832,500000000,0,425000000,295138,4722208,295139,4722224,9444432,81103131,500000000,steady,0,0,steady
fall250-clean,692,7688888812,7768325264,500000000,0,425000000,295138,4722208,295139,4722224,9444432,79436452,500000000,steady,0,0,steady
fall250-clean,693,7699999923,7777769696,500000000,0,425000000,295138,4722208,295139,4722224,9444432,77769773,500000000,steady,0,0,steady
fall250-clean,694,7711111034,7787214128,500000000,0,425000000,295138,4722208,295139,4722224,9444432,76103094,500000000,steady,0,0,steady
fall250-clean,695,7722222145,7796658560,500000000,0,425000000,295138,4722208,295139,4722224,9444432,74436415,500000000,steady,0,0,steady
fall250-clean,696,7733333256,7806102992,500000000,0,425000000,295138,4722208,295139,4722224,9444432,72769736,500000000,steady,0,0,steady
fall250-clean,697,7744444367,7815547424,500000000,0,425000000,295138,4722208,295139,4722224,9444432,71103057,500000000,steady,0,0,steady
fall250-clean,698,7755555478,7824991856,500000000,0,425000000,295138,4722208,295139,4722224,9444432,69436378,500000000,steady,0,0,steady
fall250-clean,699,7766666589,7834436288,500000000,0,425000000,295138,4722208,295139,4722224,9444432,67769699,500000000,steady,0,0,steady
fall250-clean,700,7777777700,7843880720,500000000,0,425000000,295138,4722208,295139,4722224,9444432,66103020,500000000,steady,0,0,steady
fall250-clean,701,7788888811,7853325152,500000000,0,425000000,295138,4722208,295139,4722224,9444432,64436341,500000000,steady,0,0,steady
fall250-clean,702,7799999922,7862769584,500000000,0,425000000,295138,4722208,295139,4722224,9444432,62769662,500000000,steady,0,0,steady
fall250-clean,703,7811111033,7872214016,500000000,0,425000000,295138,4722208,295139,4722224,9444432,61102983,500000000,steady,0,0,steady
fall250-clean,704,7822222144,7881658448,500000000,0,425000000,295138,4722208,295139,4722224,9444432,59436304,500000000,steady,0,0,steady
fall250-clean,705,7833333255,7891102880,500000000,0,425000000,295138,4722208,295139,4722224,9444432,57769625,500000000,steady,0,0,steady
fall250-clean,706,7844444366,7900547312,500000000,0,425000000,295138,4722208,295139,4722224,9444432,56102946,500000000,steady,0,0,steady
fall250-clean,707,7855555477,7909991744,500000000,0,425000000,295138,4722208,295139,4722224,9444432,54436267,500000000,steady,0,0,steady
fall250-clean,708,7866666588,7919436176,500000000,0,425000000,295138,4722208,295139,4722224,9444432,52769588,500000000,steady,0,0,steady
fall250-clean,709,7877777699,7928880608,500000000,0,425000000,295138,4722208,295139,4722224,9444432,51102909,500000000,steady,0,0,steady
fall250-clean,710,7888888810,7938325040,500000000,0,425000000,295138,4722208,295139,4722224,9444432,49436230,500000000,steady,0,0,steady
fall250-clean,711,7899999921,7947769472,500000000,0,425000000,295138,4722208,295139,4722224,9444432,47769551,500000000,steady,0,0,steady
fall250-clean,712,7911111032,7957213904,500000000,0,425000000,295138,4722208,295139,4722224,9444432,46102872,500000000,steady,0,0,steady
fall250-clean,713,7922222143,7966658336,500000000,0,425000000,295138,4722208,295139,4722224,9444432,44436193,500000000,steady,0,0,steady
fall250-clean,714,7933333254,7976102768,500000000,0,425000000,295138,4722208,295139,4722224,9444432,42769514,500000000,steady,0,0,steady
fall250-clean,715,7944444365,7985547200,500000000,0,425000000,295138,4722208,295139,4722224,9444432,41102835,500000000,steady,0,0,steady
fall250-clean,716,7955555476,7994991632,500000000,0,425000000,295138,4722208,295139,4722224,9444432,39436156,500000000,steady,0,0,steady
fall250-clean,717,7966666587,8004436064,500000000,0,425000000,295138,4722208,295139,4722224,9444432,37769477,500000000,steady,0,0,steady
fall250-clean,718,7977777698,8013880496,500000000,0,425000000,295138,4722208,295139,4722224,9444432,36102798,500000000,steady,0,0,steady
fall250-clean,719,7988888809,8023324928,500000000,0,425000000,295138,4722208,295139,4722224,9444432,34436119,500000000,steady,0,0,steady
fall250-clean,720,7999999920,8032769360,500000000,0,425000000,295138,4722208,295139,4722224,9444432,32769440,500000000,steady,0,0,steady
fall250-clean,721,8011111031,8042213792,500000000,0,425000000,295138,4722208,295139,4722224,9444432,31102761,500000000,steady,0,0,steady
fall250-clean,722,8022222142,8051658224,500000000,0,425000000,295138,4722208,295139,4722224,9444432,29436082,500000000,steady,0,0,steady
fall250-clean,723,8033333253,8061102656,500000000,0,425000000,295138,4722208,295139,4722224,9444432,27769403,500000000,steady,0,0,steady
fall250-clean,724,8044444364,8070547088,500000000,0,425000000,295138,4722208,295139,4722224,9444432,26102724,500000000,steady,0,0,steady
fall250-clean,725,8055555475,8079991520,500000000,0,425000000,295138,4722208,295139,4722224,9444432,24436045,500000000,steady,0,0,steady
fall250-clean,726,8066666586,8089435952,500000000,0,425000000,295138,4722208,295139,4722224,9444432,22769366,500000000,steady,0,0,steady
fall250-clean,727,8077777697,8098880384,500000000,0,425000000,295138,4722208,295139,4722224,9444432,21102687,500000000,steady,0,0,steady
fall250-clean,728,8088888808,8108324816,500000000,0,425000000,295138,4722208,295139,4722224,9444432,19436008,500000000,steady,0,0,steady
fall250-clean,729,8099999919,8117769248,500000000,0,425000000,295138,4722208,295139,4722224,9444432,17769329,500000000,steady,0,0,steady
fall250-clean,730,8111111030,8127213680,500000000,0,425000000,295138,4722208,295139,4722224,9444432,16102650,500000000,steady,0,0,steady
fall250-clean,731,8122222141,8136658112,500000000,0,425000000,295138,4722208,295139,4722224,9444432,14435971,500000000,steady,0,0,steady
fall250-clean,732,8133333252,8146102544,500000000,0,425000000,295138,4722208,295139,4722224,9444432,12769292,500000000,steady,0,0,steady
fall250-clean,733,8144444363,8155546976,500000000,0,425000000,295138,4722208,295139,4722224,9444432,11102613,500000000,steady,0,0,steady
fall250-clean,734,8155555474,8164991408,500000000,0,425000000,295138,4722208,295139,4722224,9444432,9435934,500000000,steady,0,0,steady
fall250-clean,735,8166666585,8174435840,500000000,0,425000000,295138,4722208,295139,4722224,9444432,7769255,500000000,steady,0,0,steady
fall250-clean,736,8177777696,8183880272,500000000,0,425000000,295138,4722208,295139,4722224,9444432,6102576,500000000,steady,0,0,steady
fall250-clean,737,8188888807,8193324704,500000000,0,425000000,295138,4722208,295139,4722224,9444432,4435897,500000000,steady,0,0,steady
fall250-clean,738,8199999918,8202769136,500000000,0,425000000,295138,4722208,295139,4722224,9444432,2769218,500000000,steady,0,0,steady
fall250-clean,739,8211111029,8212213568,500000000,0,425000000,295138,4722208,295139,4722224,9444432,1102539,500000000,steady,0,0,steady
fall250-clean,740,8222222140,8222222140,500000000,0,425000000,295138,4722208,295139,4722224,9444432,0,500000000,steady,0,0,steady
fall250-clean,741,8233333251,8233333251,500000000,0,425000000,295138,4722208,295139,4722224,9444432,0,500000000,steady,0,0,steady
fall250-clean,742,8244444362,8244444362,500000000,0,425000000,295138,4722208,295139,4722224,9444432,0,500000000,steady,0,0,steady
fall250-clean,743,8255555473,8255555473,500000000,0,425000000,295138,4722208,295139,4722224,9444432,0,500000000,steady,0,0,steady
fall250-clean,744,8266666584,8266666584,500000000,0,425000000,295138,4722208,295139,4722224,9444432,0,500000000,steady,0,0,steady
fall250-clean,745,8277777695,8277777695,500000000,0,425000000,295138,4722208,295139,4722224,9444432,0,500000000,steady,0,0,steady
fall250-clean,746,8288888806,8288888806,500000000,0,425000000,295138,4722208,295139,4722224,9444432,0,500000000,steady,0,0,steady
fall250-clean,747,8299999917,8299999917,500000000,0,425000000,295138,4722208,295139,4722224,9444432,0,500000000,steady,0,0,steady
fall250-clean,748,8311111028,8311111028,500000000,0,425000000,295138,4722208,295139,4722224,9444432,0,500000000,steady,0,0,steady
fall250-clean,749,8322222139,8322222139,500000000,0,425000000,295138,4722208,295139,4722224,9444432,0,500000000,steady,0,0,steady
fall250-clean,750,8333333250,8333333250,500000000,0,425000000,295138,4722208,295139,4722224,9444432,0,500000000,steady,0,0,steady
fall250-clean,751,8344444361,8344444361,500000000,0,425000000,295138,4722208,295139,4722224,9444432,0,500000000,steady,0,0,steady
fall250-clean,752,8355555472,8355555472,500000000,0,425000000,295138,4722208,295139,4722224,9444432,0,500000000,steady,0,0,steady
fall250-clean,753,8366666583,8366666583,500000000,0,425000000,295138,4722208,295139,4722224,9444432,0,500000000,steady,0,0,steady
fall250-clean,754,8377777694,8377777694,500000000,0,425000000,295138,4722208,295139,4722224,9444432,0,500000000,steady,0,0,steady
fall250-clean,755,8388888805,8388888805,500000000,0,425000000,295138,4722208,295139,4722224,9444432,0,500000000,steady,0,0,steady
fall250-clean,756,8399999916,8399999916,500000000,0,425000000,295138,4722208,295139,4722224,9444432,0,500000000,steady,0,0,steady
fall250-clean,757,8411111027,8411111027,500000000,0,425000000,295138,4722208,295139,4722224,9444432,0,500000000,steady,0,0,steady
fall250-clean,758,8422222138,8422222138,500000000,0,425000000,295138,4722208,295139,4722224,9444432,0,500000000,steady,0,0,steady
fall250-clean,759,8433333249,8433333249,500000000,0,425000000,295138,4722208,295139,4722224,9444432,0,500000000,steady,0,0,steady
fall250-clean,760,8444444360,8444444360,500000000,0,425000000,295138,4722208,295139,4722224,9444432,0,500000000,steady,0,0,steady
fall250-clean,761,8455555471,8455555471,500000000,0,425000000,295138,4722208,295139,4722224,9444432,0,500000000,steady,0,0,steady
fall250-clean,762,8466666582,8466666582,500000000,0,425000000,295138,4722208,295139,4722224,9444432,0,500000000,steady,0,0,steady
fall250-clean,763,8477777693,8477777693,500000000,0,425000000,295138,4722208,295139,4722224,9444432,0,500000000,steady,0,0,steady
fall250-clean,764,8488888804,8488888804,500000000,0,425000000,295138,4722208,295139,4722224,9444432,0,500000000,steady,0,0,steady
fall250-clean,765,8499999915,8499999915,500000000,0,425000000,295138,4722208,295139,4722224,9444432,0,500000000,steady,0,0,steady
fall250-clean,766,8511111026,8511111026,500000000,0,425000000,295138,4722208,295139,4722224,9444432,0,500000000,steady,0,0,steady
fall250-clean,767,8522222137,8522222137,500000000,0,425000000,295138,4722208,295139,4722224,9444432,0,500000000,steady,0,0,steady
fall250-clean,768,8533333248,8533333248,500000000,0,425000000,295138,4722208,295139,4722224,9444432,0,500000000,steady,0,0,steady
fall250-clean,769,8544444359,8544444359,500000000,0,425000000,295138,4722208,295139,4722224,9444432,0,500000000,steady,0,0,steady
fall250-clean,770,8555555470,8555555470,500000000,0,425000000,295138,4722208,295139,4722224,9444432,0,500000000,steady,0,0,steady
fall250-clean,771,8566666581,8566666581,500000000,0,425000000,295138,4722208,295139,4722224,9444432,0,500000000,steady,0,0,steady
fall250-clean,772,8577777692,8577777692,500000000,0,425000000,295138,4722208,295139,4722224,9444432,0,500000000,steady,0,0,steady
fall250-clean,773,8588888803,8588888803,500000000,0,425000000,295138,4722208,295139,4722224,9444432,0,500000000,steady,0,0,steady
fall250-clean,774,8599999914,8599999914,500000000,0,425000000,295138,4722208,295139,4722224,9444432,0,500000000,steady,0,0,steady
fall250-clean,775,8611111025,8611111025,500000000,0,425000000,295138,4722208,295139,4722224,9444432,0,500000000,steady,0,0,steady
fall250-clean,776,8622222136,8622222136,500000000,0,425000000,295138,4722208,295139,4722224,9444432,0,500000000,steady,0,0,steady
fall250-clean,777,8633333247,8633333247,500000000,0,425000000,295138,4722208,295139,4722224,9444432,0,500000000,steady,0,0,steady
fall250-clean,778,8644444358,8644444358,500000000,0,425000000,295138,4722208,295139,4722224,9444432,0,500000000,steady,0,0,steady
fall250-clean,779,8655555469,8655555469,500000000,0,425000000,295138,4722208,295139,4722224,9444432,0,500000000,steady,0,0,steady
fall250-clean,780,8666666580,8666666580,500000000,0,425000000,295138,4722208,295139,4722224,9444432,0,500000000,steady,0,0,steady
fall250-clean,781,8677777691,8677777691,500000000,0,425000000,295138,4722208,295139,4722224,9444432,0,500000000,steady,0,0,steady
fall250-clean,782,8688888802,8688888802,500000000,0,425000000,295138,4722208,295139,4722224,9444432,0,500000000,steady,0,0,steady
fall250-clean,783,8699999913,8699999913,500000000,0,425000000,295138,4722208,295139,4722224,9444432,0,500000000,steady,0,0,steady
fall250-clean,784,8711111024,8711111024,500000000,0,425000000,295138,4722208,295139,4722224,9444432,0,500000000,steady,0,0,steady
fall250-clean,785,8722222135,8722222135,500000000,0,425000000,295138,4722208,295139,4722224,9444432,0,500000000,steady,0,0,steady
fall250-clean,786,8733333246,8733333246,500000000,0,425000000,295138,4722208,295139,4722224,9444432,0,500000000,steady,0,0,steady
fall250-clean,787,8744444357,8744444357,500000000,0,425000000,295138,4722208,295139,4722224,9444432,0,500000000,steady,0,0,steady
fall250-clean,788,8755555468,8755555468,500000000,0,425000000,295138,4722208,295139,4722224,9444432,0,500000000,steady,0,0,steady
fall250-clean,789,8766666579,8766666579,500000000,0,425000000,295138,4722208,295139,4722224,9444432,0,500000000,steady,0,0,steady
fall250-clean,790,8777777690,8777777690,500000000,0,425000000,295138,4722208,295139,4722224,9444432,0,500000000,steady,0,0,steady
fall250-clean,791,8788888801,8788888801,500000000,0,425000000,295138,4722208,295139,4722224,9444432,0,500000000,steady,0,0,steady
fall250-clean,792,8799999912,8799999912,500000000,0,425000000,295138,4722208,295139,4722224,9444432,0,500000000,steady,0,0,steady
fall250-clean,793,8811111023,8811111023,500000000,0,425000000,295138,4722208,295139,4722224,9444432,0,500000000,steady,0,0,steady
fall250-clean,794,8822222134,8822222134,500000000,0,425000000,295138,4722208,295139,4722224,9444432,0,500000000,steady,0,0,steady
fall250-clean,795,8833333245,8833333245,500000000,0,425000000,295138,4722208,295139,4722224,9444432,0,500000000,steady,0,0,steady
fall250-clean,796,8844444356,8844444356,500000000,0,425000000,295138,4722208,295139,4722224,9444432,0,500000000,steady,0,0,steady
fall250-clean,797,8855555467,8855555467,500000000,0,425000000,295138,4722208,295139,4722224,9444432,0,500000000,steady,0,0,steady
fall250-clean,798,8866666578,8866666578,500000000,0,425000000,295138,4722208,295139,4722224,9444432,0,500000000,steady,0,0,steady
fall250-clean,799,8877777689,8877777689,500000000,0,425000000,295138,4722208,295139,4722224,9444432,0,500000000,steady,0,0,steady
fall250-clean,800,8888888800,8888888800,500000000,0,425000000,295138,4722208,295139,4722224,9444432,0,500000000,steady,0,0,steady
fall250-clean,801,8899999911,8899999911,500000000,0,425000000,295138,4722208,295139,4722224,9444432,0,500000000,steady,0,0,steady
fall250-clean,802,8911111022,8911111022,500000000,0,425000000,295138,4722208,295139,4722224,9444432,0,500000000,steady,0,0,steady
fall250-clean,803,8922222133,8922222133,500000000,0,425000000,295138,4722208,295139,4722224,9444432,0,500000000,steady,0,0,steady
fall250-clean,804,8933333244,8933333244,500000000,0,425000000,295138,4722208,295139,4722224,9444432,0,500000000,steady,0,0,steady
fall250-clean,805,8944444355,8944444355,500000000,0,425000000,295138,4722208,295139,4722224,9444432,0,500000000,steady,0,0,steady
fall250-clean,806,8955555466,8955555466,500000000,0,425000000,295138,4722208,295139,4722224,9444432,0,500000000,steady,0,0,steady
fall250-clean,807,8966666577,8966666577,500000000,0,425000000,295138,4722208,295139,4722224,9444432,0,500000000,steady,0,0,steady
fall250-clean,808,8977777688,8977777688,500000000,0,425000000,295138,4722208,295139,4722224,9444432,0,500000000,steady,0,0,steady
fall250-clean,809,8988888799,8988888799,500000000,0,425000000,295138,4722208,295139,4722224,9444432,0,500000000,steady,0,0,steady
fall250-clean,810,8999999910,8999999910,500000000,0,425000000,295138,4722208,295139,4722224,9444432,0,500000000,steady,0,0,steady
fall250-clean,811,9011111021,9011111021,500000000,0,425000000,295138,4722208,295139,4722224,9444432,0,500000000,steady,0,0,steady
fall250-clean,812,9022222132,9022222132,500000000,0,425000000,295138,4722208,295139,4722224,9444432,0,500000000,steady,0,0,steady
fall250-clean,813,9033333243,9033333243,500000000,0,425000000,295138,4722208,295139,4722224,9444432,0,500000000,steady,0,0,steady
fall250-clean,814,9044444354,9044444354,500000000,0,425000000,295138,4722208,295139,4722224,9444432,0,500000000,steady,0,0,steady
fall250-clean,815,9055555465,9055555465,500000000,0,425000000,295138,4722208,295139,4722224,9444432,0,500000000,steady,0,0,steady
fall250-clean,816,9066666576,9066666576,500000000,0,425000000,295138,4722208,295139,4722224,9444432,0,500000000,steady,0,0,steady
fall250-clean,817,9077777687,9077777687,500000000,0,425000000,295138,4722208,295139,4722224,9444432,0,500000000,steady,0,0,steady
fall250-clean,818,9088888798,9088888798,500000000,0,425000000,295138,4722208,295139,4722224,9444432,0,500000000,steady,0,0,steady
fall250-clean,819,9099999909,9099999909,500000000,0,425000000,295138,4722208,295139,4722224,9444432,0,500000000,steady,0,0,steady
fall250-clean,820,9111111020,9111111020,500000000,0,425000000,295138,4722208,295139,4722224,9444432,0,500000000,steady,0,0,steady
fall250-clean,821,9122222131,9122222131,500000000,0,425000000,295138,4722208,295139,4722224,9444432,0,500000000,steady,0,0,steady
fall250-clean,822,9133333242,9133333242,500000000,0,425000000,295138,4722208,295139,4722224,9444432,0,500000000,steady,0,0,steady
fall250-clean,823,9144444353,9144444353,500000000,0,425000000,295138,4722208,295139,4722224,9444432,0,500000000,steady,0,0,steady
fall250-clean,824,9155555464,9155555464,500000000,0,425000000,295138,4722208,295139,4722224,9444432,0,500000000,steady,0,0,steady
fall250-clean,825,9166666575,9166666575,500000000,0,425000000,295138,4722208,295139,4722224,9444432,0,500000000,steady,0,0,steady
fall250-clean,826,9177777686,9177777686,500000000,0,425000000,295138,4722208,295139,4722224,9444432,0,500000000,steady,0,0,steady
fall250-clean,827,9188888797,9188888797,500000000,0,425000000,295138,4722208,295139,4722224,9444432,0,500000000,steady,0,0,steady
fall250-clean,828,9199999908,9199999908,500000000,0,425000000,295138,4722208,295139,4722224,9444432,0,500000000,steady,0,0,steady
fall250-clean,829,9211111019,9211111019,500000000,0,425000000,295138,4722208,295139,4722224,9444432,0,500000000,steady,0,0,steady
fall250-clean,830,9222222130,9222222130,500000000,0,425000000,295138,4722208,295139,4722224,9444432,0,500000000,steady,0,0,steady
fall250-clean,831,9233333241,9233333241,500000000,0,425000000,295138,4722208,295139,4722224,9444432,0,500000000,steady,0,0,steady
fall250-clean,832,9244444352,9244444352,500000000,0,425000000,295138,4722208,295139,4722224,9444432,0,500000000,steady,0,0,steady
fall250-clean,833,9255555463,9255555463,500000000,0,425000000,295138,4722208,295139,4722224,9444432,0,500000000,steady,0,0,steady
fall250-clean,834,9266666574,9266666574,500000000,0,425000000,295138,4722208,295139,4722224,9444432,0,500000000,steady,0,0,steady
fall250-clean,835,9277777685,9277777685,500000000,0,425000000,295138,4722208,295139,4722224,9444432,0,500000000,steady,0,0,steady
fall250-clean,836,9288888796,9288888796,500000000,0,425000000,295138,4722208,295139,4722224,9444432,0,500000000,steady,0,0,steady
fall250-clean,837,9299999907,9299999907,500000000,0,425000000,295138,4722208,295139,4722224,9444432,0,500000000,steady,0,0,steady
fall250-clean,838,9311111018,9311111018,500000000,0,425000000,295138,4722208,295139,4722224,9444432,0,500000000,steady,0,0,steady
fall250-clean,839,9322222129,9322222129,500000000,0,425000000,295138,4722208,295139,4722224,9444432,0,500000000,steady,0,0,steady
fall250-clean,840,9333333240,9333333240,500000000,0,425000000,295138,4722208,295139,4722224,9444432,0,500000000,steady,0,0,steady
fall250-clean,841,9344444351,9344444351,500000000,0,425000000,295138,4722208,295139,4722224,9444432,0,500000000,steady,0,0,steady
fall250-clean,842,9355555462,9355555462,500000000,0,425000000,295138,4722208,295139,4722224,9444432,0,500000000,steady,0,0,steady
fall250-clean,843,9366666573,9366666573,500000000,0,425000000,295138,4722208,295139,4722224,9444432,0,500000000,steady,0,0,steady
fall250-clean,844,9377777684,9377777684,500000000,0,425000000,295138,4722208,295139,4722224,9444432,0,500000000,steady,0,0,steady
fall250-clean,845,9388888795,9388888795,500000000,0,425000000,295138,4722208,295139,4722224,9444432,0,500000000,steady,0,0,steady
fall250-clean,846,9399999906,9399999906,500000000,0,425000000,295138,4722208,295139,4722224,9444432,0,500000000,steady,0,0,steady
fall250-clean,847,9411111017,9411111017,500000000,0,425000000,295138,4722208,295139,4722224,9444432,0,500000000,steady,0,0,steady
fall250-clean,848,9422222128,9422222128,500000000,0,425000000,295138,4722208,295139,4722224,9444432,0,500000000,steady,0,0,steady
fall250-clean,849,9433333239,9433333239,500000000,0,425000000,295138,4722208,295139,4722224,9444432,0,500000000,steady,0,0,steady
fall250-clean,850,9444444350,9444444350,500000000,0,425000000,295138,4722208,295139,4722224,9444432,0,500000000,steady,0,0,steady
fall250-clean,851,9455555461,9455555461,500000000,0,425000000,295138,4722208,295139,4722224,9444432,0,500000000,steady,0,0,steady
fall250-clean,852,9466666572,9466666572,500000000,0,425000000,295138,4722208,295139,4722224,9444432,0,500000000,steady,0,0,steady
fall250-clean,853,9477777683,9477777683,500000000,0,425000000,295138,4722208,295139,4722224,9444432,0,500000000,steady,0,0,steady
fall250-clean,854,9488888794,9488888794,500000000,0,425000000,295138,4722208,295139,4722224,9444432,0,500000000,steady,0,0,steady
fall250-clean,855,9499999905,9499999905,500000000,0,425000000,295138,4722208,295139,4722224,9444432,0,500000000,steady,0,0,steady
fall250-clean,856,9511111016,9511111016,500000000,0,425000000,295138,4722208,295139,4722224,9444432,0,500000000,steady,0,0,steady
fall250-clean,857,9522222127,9522222127,500000000,0,425000000,295138,4722208,295139,4722224,9444432,0,500000000,steady,0,0,steady
fall250-clean,858,9533333238,9533333238,500000000,0,425000000,295138,4722208,295139,4722224,9444432,0,500000000,steady,0,0,steady
fall250-clean,859,9544444349,9544444349,500000000,0,425000000,295138,4722208,295139,4722224,9444432,0,500000000,steady,0,0,steady
fall250-clean,860,9555555460,9555555460,500000000,0,425000000,295138,4722208,295139,4722224,9444432,0,500000000,steady,0,0,steady
fall250-clean,861,9566666571,9566666571,500000000,0,425000000,295138,4722208,295139,4722224,9444432,0,500000000,steady,0,0,steady
fall250-clean,862,9577777682,9577777682,500000000,0,425000000,295138,4722208,295139,4722224,9444432,0,500000000,steady,0,0,steady
fall250-clean,863,9588888793,9588888793,500000000,0,425000000,295138,4722208,295139,4722224,9444432,0,500000000,steady,0,0,steady
fall250-clean,864,9599999904,9599999904,500000000,0,425000000,295138,4722208,295139,4722224,9444432,0,500000000,steady,0,0,steady
fall250-clean,865,9611111015,9611111015,500000000,0,425000000,295138,4722208,295139,4722224,9444432,0,500000000,steady,0,0,steady
fall250-clean,866,9622222126,9622222126,500000000,0,425000000,295138,4722208,295139,4722224,9444432,0,500000000,steady,0,0,steady
fall250-clean,867,9633333237,9633333237,500000000,0,425000000,295138,4722208,295139,4722224,9444432,0,500000000,steady,0,0,steady
fall250-clean,868,9644444348,9644444348,500000000,0,425000000,295138,4722208,295139,4722224,9444432,0,500000000,steady,0,0,steady
fall250-clean,869,9655555459,9655555459,500000000,0,425000000,295138,4722208,295139,4722224,9444432,0,500000000,steady,0,0,steady
fall250-clean,870,9666666570,9666666570,500000000,0,425000000,295138,4722208,295139,4722224,9444432,0,500000000,steady,0,0,steady
fall250-clean,871,9677777681,9677777681,500000000,0,425000000,295138,4722208,295139,4722224,9444432,0,500000000,steady,0,0,steady
fall250-clean,872,9688888792,9688888792,500000000,0,425000000,295138,4722208,295139,4722224,9444432,0,500000000,steady,0,0,steady
fall250-clean,873,9699999903,9699999903,500000000,0,425000000,295138,4722208,295139,4722224,9444432,0,500000000,steady,0,0,steady
fall250-clean,874,9711111014,9711111014,500000000,0,425000000,295138,4722208,295139,4722224,9444432,0,500000000,steady,0,0,steady
fall250-clean,875,9722222125,9722222125,500000000,0,425000000,295138,4722208,295139,4722224,9444432,0,500000000,steady,0,0,steady
fall250-clean,876,9733333236,9733333236,500000000,0,425000000,295138,4722208,295139,4722224,9444432,0,500000000,steady,0,0,steady
fall250-clean,877,9744444347,9744444347,500000000,0,425000000,295138,4722208,295139,4722224,9444432,0,500000000,steady,0,0,steady
fall250-clean,878,9755555458,9755555458,500000000,0,425000000,295138,4722208,295139,4722224,9444432,0,500000000,steady,0,0,steady
fall250-clean,879,9766666569,9766666569,500000000,0,425000000,295138,4722208,295139,4722224,9444432,0,500000000,steady,0,0,steady
fall250-clean,880,9777777680,9777777680,500000000,0,425000000,295138,4722208,295139,4722224,9444432,0,500000000,steady,0,0,steady
fall250-clean,881,9788888791,9788888791,500000000,0,425000000,295138,4722208,295139,4722224,9444432,0,500000000,steady,0,0,steady
fall250-clean,882,9799999902,9799999902,500000000,0,425000000,295138,4722208,295139,4722224,9444432,0,500000000,steady,0,0,steady
fall250-clean,883,9811111013,9811111013,500000000,0,425000000,295138,4722208,295139,4722224,9444432,0,500000000,steady,0,0,steady
fall250-clean,884,9822222124,9822222124,500000000,0,425000000,295138,4722208,295139,4722224,9444432,0,500000000,steady,0,0,steady
fall250-clean,885,9833333235,9833333235,500000000,0,425000000,295138,4722208,295139,4722224,9444432,0,500000000,steady,0,0,steady
fall250-clean,886,9844444346,9844444346,500000000,0,425000000,295138,4722208,295139,4722224,9444432,0,500000000,steady,0,0,steady
fall250-clean,887,9855555457,9855555457,500000000,0,425000000,295138,4722208,295139,4722224,9444432,0,500000000,steady,0,0,steady
fall250-clean,888,9866666568,9866666568,500000000,0,425000000,295138,4722208,295139,4722224,9444432,0,500000000,steady,0,0,steady
fall250-clean,889,9877777679,9877777679,500000000,0,425000000,295138,4722208,295139,4722224,9444432,0,500000000,steady,0,0,steady
fall250-clean,890,9888888790,9888888790,500000000,0,425000000,295138,4722208,295139,4722224,9444432,0,500000000,steady,0,0,steady
fall250-clean,891,9899999901,9899999901,500000000,0,425000000,295138,4722208,295139,4722224,9444432,0,500000000,steady,0,0,steady
fall250-clean,892,9911111012,9911111012,500000000,0,425000000,295138,4722208,295139,4722224,9444432,0,500000000,steady,0,0,steady
fall250-clean,893,9922222123,9922222123,500000000,0,425000000,295138,4722208,295139,4722224,9444432,0,500000000,steady,0,0,steady
fall250-clean,894,9933333234,9933333234,500000000,0,425000000,295138,4722208,295139,4722224,9444432,0,500000000,steady,0,0,steady
fall250-clean,895,9944444345,9944444345,500000000,0,425000000,295138,4722208,295139,4722224,9444432,0,500000000,steady,0,0,steady
fall250-clean,896,9955555456,9955555456,500000000,0,425000000,295138,4722208,295139,4722224,9444432,0,500000000,steady,0,0,steady
fall250-clean,897,9966666567,9966666567,500000000,0,425000000,295138,4722208,295139,4722224,9444432,0,500000000,steady,0,0,steady
fall250-clean,898,9977777678,9977777678,500000000,0,425000000,295138,4722208,295139,4722224,9444432,0,500000000,steady,0,0,steady
fall250-clean,899,9988888789,9988888789,500000000,0,425000000,295138,4722208,295139,4722224,9444432,0,500000000,steady,0,0,steady
fall250-clean,900,9999999900,9999999900,500000000,0,425000000,295138,4722208,295139,4722224,9444432,0,500000000,steady,0,0,steady
fall250-clean,901,10011111011,10011111011,250000000,0,425000000,295138,9444416,295139,9444448,18888864,0,500000000,steady,0,0,steady
fall250-clean,902,10022222122,10029999875,250000000,0,425000000,295138,9444416,295139,9444448,18888864,7777753,500000000,steady,0,0,steady
fall250-clean,903,10033333233,10048888739,250000000,0,425000000,295138,9444416,295139,9444448,18888864,15555506,500000000,steady,0,0,steady
fall250-clean,904,10044444344,10067777603,250000000,0,425000000,295138,9444416,295139,9444448,18888864,23333259,500000000,steady,0,0,steady
fall250-clean,905,10055555455,10086666467,250000000,0,425000000,295138,9444416,295139,9444448,18888864,31111012,500000000,steady,0,0,steady
fall250-clean,906,10066666566,10105555331,250000000,0,425000000,295138,9444416,295139,9444448,18888864,38888765,500000000,steady,0,0,steady
fall250-clean,907,10077777677,10124444195,250000000,0,425000000,295138,9444416,295139,9444448,18888864,46666518,500000000,steady,0,0,steady
fall250-clean,908,10088888788,10143333059,250000000,0,425000000,295138,9444416,295139,9444448,18888864,54444271,500000000,steady,0,0,steady
fall250-clean,909,10099999899,10162221923,250000000,0,425000000,295138,9444416,295139,9444448,18888864,62222024,500000000,steady,0,0,steady
fall250-clean,910,10111111010,10181110787,250000000,0,425000000,295138,9444416,295139,9444448,18888864,69999777,500000000,steady,0,0,steady
fall250-clean,911,10122222121,10199999651,250000000,0,425000000,295138,9444416,295139,9444448,18888864,77777530,500000000,steady,0,0,steady
fall250-clean,912,10133333232,10218888515,250000000,0,425000000,295138,9444416,295139,9444448,18888864,85555283,500000000,steady,0,0,steady
fall250-clean,913,10144444343,10237777379,250000000,0,425000000,295138,9444416,295139,9444448,18888864,93333036,500000000,steady,0,0,steady
fall250-clean,914,10155555454,10256666243,250000000,0,425000000,295138,9444416,295139,9444448,18888864,101110789,500000000,steady,0,0,steady
fall250-clean,915,10166666565,10275555107,250000000,0,425000000,295138,9444416,295139,9444448,18888864,108888542,500000000,steady,0,0,steady
fall250-clean,916,10177777676,10294443971,250000000,0,425000000,295138,9444416,295139,9444448,18888864,116666295,500000000,steady,0,0,steady
fall250-clean,917,10188888787,10313332835,250000000,0,425000000,295138,9444416,295139,9444448,18888864,124444048,500000000,steady,0,0,steady
fall250-clean,918,10199999898,10332221699,250000000,0,425000000,295138,9444416,295139,9444448,18888864,132221801,500000000,steady,0,0,steady
fall250-clean,919,10211111009,10351110563,250000000,0,425000000,295138,9444416,295139,9444448,18888864,139999554,500000000,steady,0,0,steady
fall250-clean,920,10222222120,10369999427,250000000,0,425000000,295138,9444416,295139,9444448,18888864,147777307,500000000,steady,0,0,steady
fall250-clean,921,10233333231,10388888291,250000000,0,425000000,295138,9444416,295139,9444448,18888864,155555060,500000000,steady,0,0,steady
fall250-clean,922,10244444342,10407777155,250000000,0,425000000,295138,9444416,295139,9444448,18888864,163332813,500000000,steady,0,0,steady
fall250-clean,923,10255555453,10426666019,250000000,0,425000000,295138,9444416,295139,9444448,18888864,171110566,500000000,steady,0,0,steady
fall250-clean,924,10266666564,10445554883,250000000,0,425000000,295138,9444416,295139,9444448,18888864,178888319,500000000,steady,0,0,steady
fall250-clean,925,10277777675,10464443747,250000000,0,425000000,295138,9444416,295139,9444448,18888864,186666072,500000000,steady,0,0,steady
fall250-clean,926,10288888786,10483332611,250000000,0,425000000,295138,9444416,295139,9444448,18888864,194443825,500000000,steady,0,0,steady
fall250-clean,927,10299999897,10502221475,250000000,0,425000000,295138,9444416,295139,9444448,18888864,202221578,500000000,steady,0,0,steady
fall250-clean,928,10311111008,10521110339,250000000,0,425000000,295138,9444416,295139,9444448,18888864,209999331,500000000,steady,0,0,steady
fall250-clean,929,10322222119,10539999203,250000000,0,425000000,295138,9444416,295139,9444448,18888864,217777084,500000000,steady,0,0,steady
fall250-clean,930,10333333230,10558888067,250000000,0,425000000,295138,9444416,295139,9444448,18888864,225554837,500000000,steady,0,0,steady
fall250-clean,931,10344444341,10577776931,250000000,0,425000000,295138,9444416,295139,9444448,18888864,233332590,500000000,steady,0,0,steady
fall250-clean,932,10355555452,10596665795,250000000,0,425000000,295138,9444416,295139,9444448,18888864,241110343,500000000,probe,1,0,steady
fall250-clean,933,10366666563,10615554659,250000000,0,550000000,381944,12222208,381944,12222208,24444416,248888096,500000000,probe,0,0,probe
fall250-clean,934,10377777674,10639999075,250000000,0,550000000,381944,12222208,381944,12222208,24444416,262221401,500000000,probe,0,0,probe
fall250-clean,935,10388888785,10664443491,250000000,0,550000000,381944,12222208,381944,12222208,24444416,275554706,500000000,probe,0,0,probe
fall250-clean,936,10399999896,10688887907,250000000,0,550000000,381944,12222208,381944,12222208,24444416,288888011,500000000,probe,0,0,probe
fall250-clean,937,10411111007,10713332323,250000000,0,550000000,381944,12222208,381944,12222208,24444416,302221316,500000000,probe,0,0,probe
fall250-clean,938,10422222118,10737776739,250000000,0,550000000,381944,12222208,381944,12222208,24444416,315554621,500000000,probe,0,0,probe
fall250-clean,939,10433333229,10762221155,250000000,0,550000000,381944,12222208,381944,12222208,24444416,328887926,500000000,probe,0,0,probe
fall250-clean,940,10444444340,10786665571,250000000,0,550000000,381944,12222208,381944,12222208,24444416,342221231,500000000,probe,0,0,probe
fall250-clean,941,10455555451,10811109987,250000000,0,550000000,381944,12222208,381944,12222208,24444416,355554536,500000000,probe,0,0,probe
fall250-clean,942,10466666562,10835554403,250000000,0,550000000,381944,12222208,381944,12222208,24444416,368887841,500000000,probe,0,0,probe
fall250-clean,943,10477777673,10859998819,250000000,0,550000000,381944,12222208,381944,12222208,24444416,382221146,500000000,probe,0,0,probe
fall250-clean,944,10488888784,10884443235,250000000,0,550000000,381944,12222208,381944,12222208,24444416,395554451,500000000,probe,0,0,probe
fall250-clean,945,10499999895,10908887651,250000000,0,550000000,381944,12222208,381944,12222208,24444416,408887756,500000000,probe,0,0,probe
fall250-clean,946,10511111006,10933332067,250000000,0,550000000,381944,12222208,381944,12222208,24444416,422221061,500000000,probe,0,0,probe
fall250-clean,947,10522222117,10957776483,250000000,0,550000000,381944,12222208,381944,12222208,24444416,435554366,500000000,probe,0,0,probe
fall250-clean,948,10533333228,10982220899,250000000,0,550000000,381944,12222208,381944,12222208,24444416,448887671,500000000,probe,0,0,probe
fall250-clean,949,10544444339,11006665315,250000000,0,550000000,381944,12222208,381944,12222208,24444416,462220976,500000000,probe,0,0,probe
fall250-clean,950,10555555450,11031109731,250000000,0,550000000,381944,12222208,381944,12222208,24444416,475554281,500000000,probe,0,0,probe
fall250-clean,951,10566666561,11055554147,250000000,0,550000000,381944,12222208,381944,12222208,24444416,488887586,500000000,probe,0,0,probe
fall250-clean,952,10577777672,11079998563,250000000,0,550000000,381944,12222208,381944,12222208,24444416,502220891,500000000,probe,0,0,probe
fall250-clean,953,10588888783,11104442979,250000000,0,550000000,381944,12222208,381944,12222208,24444416,515554196,500000000,probe,0,0,probe
fall250-clean,954,10599999894,11128887395,250000000,0,550000000,381944,12222208,381944,12222208,24444416,528887501,500000000,probe,0,0,probe
fall250-clean,955,10611111005,11153331811,250000000,0,550000000,381944,12222208,381944,12222208,24444416,542220806,500000000,probe,0,0,probe
fall250-clean,956,10622222116,11177776227,250000000,0,550000000,381944,12222208,381944,12222208,24444416,555554111,500000000,probe,0,0,probe
fall250-clean,957,10633333227,11202220643,250000000,0,550000000,381944,12222208,381944,12222208,24444416,568887416,500000000,probe,0,0,probe
fall250-clean,958,10644444338,11226665059,250000000,0,550000000,381944,12222208,381944,12222208,24444416,582220721,500000000,probe,0,0,probe
fall250-clean,959,10655555449,11251109475,250000000,0,550000000,381944,12222208,381944,12222208,24444416,595554026,500000000,probe,0,0,probe
fall250-clean,960,10666666560,11275553891,250000000,0,550000000,381944,12222208,381944,12222208,24444416,608887331,500000000,probe,0,0,probe
fall250-clean,961,10677777671,11299998307,250000000,0,550000000,381944,12222208,381944,12222208,24444416,622220636,500000000,probe,0,0,probe
fall250-clean,962,10688888782,11324442723,250000000,0,550000000,381944,12222208,381944,12222208,24444416,635553941,500000000,probe,0,0,probe
fall250-clean,963,10699999893,11348887139,250000000,0,550000000,381944,12222208,381944,12222208,24444416,648887246,500000000,probe,0,0,probe
fall250-clean,964,10711111004,11373331555,250000000,0,550000000,381944,12222208,381944,12222208,24444416,662220551,500000000,probe,0,0,probe
fall250-clean,965,10722222115,11397775971,250000000,0,550000000,381944,12222208,381944,12222208,24444416,675553856,500000000,probe,0,0,probe
fall250-clean,966,10733333226,11422220387,250000000,0,550000000,381944,12222208,381944,12222208,24444416,688887161,500000000,probe,0,0,probe
fall250-clean,967,10744444337,11446664803,250000000,0,550000000,381944,12222208,381944,12222208,24444416,702220466,500000000,probe,0,0,probe
fall250-clean,968,10755555448,11471109219,250000000,0,550000000,381944,12222208,381944,12222208,24444416,715553771,500000000,probe,0,0,probe
fall250-clean,969,10766666559,11495553635,250000000,0,550000000,381944,12222208,381944,12222208,24444416,728887076,500000000,probe,0,0,probe
fall250-clean,970,10777777670,11519998051,250000000,0,550000000,381944,12222208,381944,12222208,24444416,742220381,500000000,probe,0,0,probe
fall250-clean,971,10788888781,11544442467,250000000,0,550000000,381944,12222208,381944,12222208,24444416,755553686,500000000,probe,0,0,probe
fall250-clean,972,10799999892,11568886883,250000000,0,550000000,381944,12222208,381944,12222208,24444416,768886991,500000000,probe,0,0,probe
fall250-clean,973,10811111003,11593331299,250000000,0,550000000,381944,12222208,381944,12222208,24444416,782220296,500000000,probe,0,0,probe
fall250-clean,974,10822222114,11617775715,250000000,0,550000000,381944,12222208,381944,12222208,24444416,795553601,500000000,probe,0,0,probe
fall250-clean,975,10833333225,11642220131,250000000,0,550000000,381944,12222208,381944,12222208,24444416,808886906,500000000,probe,0,0,probe
fall250-clean,976,10844444336,11666664547,250000000,0,550000000,381944,12222208,381944,12222208,24444416,822220211,500000000,steady,0,1,probe
fall250-clean,977,10855555447,11691108963,250000000,0,425000000,295138,9444416,295139,9444448,18888864,835553516,500000000,steady,0,0,steady
fall250-clean,978,10866666558,11709997827,250000000,0,425000000,295138,9444416,295139,9444448,18888864,843331269,500000000,steady,0,0,steady
fall250-clean,979,10877777669,11728886691,250000000,0,425000000,295138,9444416,295139,9444448,18888864,851109022,500000000,steady,0,0,steady
fall250-clean,980,10888888780,11747775555,250000000,0,425000000,295138,9444416,295139,9444448,18888864,858886775,500000000,steady,0,0,steady
fall250-clean,981,10899999891,11766664419,250000000,0,425000000,295138,9444416,295139,9444448,18888864,866664528,500000000,steady,0,0,steady
fall250-clean,982,10911111002,11785553283,250000000,0,425000000,295138,9444416,295139,9444448,18888864,874442281,500000000,steady,0,0,steady
fall250-clean,983,10922222113,11804442147,250000000,0,425000000,295138,9444416,295139,9444448,18888864,882220034,500000000,steady,0,0,steady
fall250-clean,984,10933333224,11823331011,250000000,0,425000000,295138,9444416,295139,9444448,18888864,889997787,500000000,steady,0,0,steady
fall250-clean,985,10944444335,11842219875,250000000,0,425000000,295138,9444416,295139,9444448,18888864,897775540,500000000,steady,0,0,steady
fall250-clean,986,10955555446,11861108739,250000000,0,425000000,295138,9444416,295139,9444448,18888864,905553293,500000000,steady,0,0,steady
fall250-clean,987,10966666557,11879997603,250000000,0,425000000,295138,9444416,295139,9444448,18888864,913331046,500000000,steady,0,0,steady
fall250-clean,988,10977777668,11898886467,250000000,0,425000000,295138,9444416,295139,9444448,18888864,921108799,500000000,steady,0,0,steady
fall250-clean,989,10988888779,11917775331,250000000,0,425000000,295138,9444416,295139,9444448,18888864,928886552,500000000,steady,0,0,steady
fall250-clean,990,10999999890,11936664195,250000000,0,425000000,295138,9444416,295139,9444448,18888864,936664305,500000000,steady,0,0,steady
fall250-clean,991,11011111001,11955553059,250000000,0,425000000,295138,9444416,295139,9444448,18888864,944442058,500000000,steady,0,0,steady
fall250-clean,992,11022222112,11974441923,250000000,0,425000000,295138,9444416,295139,9444448,18888864,952219811,500000000,steady,0,0,steady
fall250-clean,993,11033333223,11993330787,250000000,0,425000000,295138,9444416,295139,9444448,18888864,959997564,500000000,steady,0,0,steady
fall250-clean,994,11044444334,12012219651,250000000,0,425000000,295138,9444416,295139,9444448,18888864,967775317,500000000,steady,0,0,steady
fall250-clean,995,11055555445,12031108515,250000000,0,425000000,295138,9444416,295139,9444448,18888864,975553070,500000000,steady,0,0,steady
fall250-clean,996,11066666556,12049997379,250000000,0,425000000,295138,9444416,295139,9444448,18888864,983330823,500000000,steady,0,0,steady
fall250-clean,997,11077777667,12068886243,250000000,0,425000000,295138,9444416,295139,9444448,18888864,991108576,500000000,steady,0,0,steady
fall250-clean,998,11088888778,12087775107,250000000,0,425000000,295138,9444416,295139,9444448,18888864,998886329,500000000,steady,0,0,steady
fall250-clean,999,11099999889,12106663971,250000000,0,425000000,295138,9444416,295139,9444448,18888864,1006664082,500000000,steady,0,0,steady
fall250-clean,1000,11111111000,12125552835,250000000,0,425000000,295138,9444416,295139,9444448,18888864,1014441835,500000000,steady,0,0,steady
fall250-clean,1001,11122222111,12144441699,250000000,0,425000000,295138,9444416,295139,9444448,18888864,1022219588,500000000,steady,0,0,steady
fall250-clean,1002,11133333222,12163330563,250000000,0,425000000,295138,9444416,295139,9444448,18888864,1029997341,500000000,steady,0,0,steady
fall250-clean,1003,11144444333,12182219427,250000000,0,425000000,295138,9444416,295139,9444448,18888864,1037775094,500000000,steady,0,0,steady
fall250-clean,1004,11155555444,12201108291,250000000,0,425000000,295138,9444416,295139,9444448,18888864,1045552847,500000000,steady,0,0,steady
fall250-clean,1005,11166666555,12219997155,250000000,0,425000000,295138,9444416,295139,9444448,18888864,1053330600,500000000,steady,0,0,steady
fall250-clean,1006,11177777666,12238886019,250000000,0,425000000,295138,9444416,295139,9444448,18888864,1061108353,500000000,steady,0,0,steady
fall250-clean,1007,11188888777,12257774883,250000000,0,425000000,295138,9444416,295139,9444448,18888864,1068886106,500000000,steady,0,0,steady
fall250-clean,1008,11199999888,12276663747,250000000,0,425000000,295138,9444416,295139,9444448,18888864,1076663859,500000000,steady,0,0,steady
fall250-clean,1009,11211110999,12295552611,250000000,0,425000000,295138,9444416,295139,9444448,18888864,1084441612,500000000,steady,0,0,steady
fall250-clean,1010,11222222110,12314441475,250000000,0,425000000,295138,9444416,295139,9444448,18888864,1092219365,500000000,steady,0,0,steady
fall250-clean,1011,11233333221,12333330339,250000000,0,425000000,295138,9444416,295139,9444448,18888864,1099997118,500000000,steady,0,0,steady
fall250-clean,1012,11244444332,12352219203,250000000,0,425000000,295138,9444416,295139,9444448,18888864,1107774871,500000000,steady,0,0,steady
fall250-clean,1013,11255555443,12371108067,250000000,0,425000000,295138,9444416,295139,9444448,18888864,1115552624,500000000,steady,0,0,steady
fall250-clean,1014,11266666554,12389996931,250000000,0,425000000,295138,9444416,295139,9444448,18888864,1123330377,500000000,steady,0,0,steady
fall250-clean,1015,11277777665,12408885795,250000000,0,425000000,295138,9444416,295139,9444448,18888864,1131108130,500000000,steady,0,0,steady
fall250-clean,1016,11288888776,12427774659,250000000,0,425000000,295138,9444416,295139,9444448,18888864,1138885883,500000000,steady,0,0,steady
fall250-clean,1017,11299999887,12446663523,250000000,0,425000000,295138,9444416,295139,9444448,18888864,1146663636,500000000,steady,0,0,steady
fall250-clean,1018,11311110998,12465552387,250000000,0,425000000,295138,9444416,295139,9444448,18888864,1154441389,250000000,steady,0,1,steady
fall250-clean,1019,11322222109,12484441251,250000000,0,175000000,121527,3888864,121528,3888896,7777760,1162219142,250000000,steady,0,0,steady
fall250-clean,1020,11333333220,12492219011,250000000,0,175000000,121527,3888864,121528,4444444,8333308,1158885791,250000000,steady,0,0,steady
fall250-clean,1021,11344444331,12500552319,250000000,0,175000000,121527,3888864,121528,3888896,7777760,1156107988,250000000,steady,0,0,steady
fall250-clean,1022,11355555442,12508330079,250000000,0,175000000,121527,3888864,121528,3888896,7777760,1152774637,250000000,steady,0,0,steady
fall250-clean,1023,11366666553,12516107839,250000000,0,175000000,121527,3888864,121528,4444444,8333308,1149441286,250000000,steady,0,0,steady
fall250-clean,1024,11377777664,12524441147,250000000,0,175000000,121527,3888864,121528,3888896,7777760,1146663483,250000000,steady,0,0,steady
fall250-clean,1025,11388888775,12532218907,250000000,0,175000000,121527,3888864,121528,3888896,7777760,1143330132,250000000,steady,0,0,steady
fall250-clean,1026,11399999886,12539996667,250000000,0,175000000,121527,3888864,121528,4444444,8333308,1139996781,250000000,steady,0,0,steady
fall250-clean,1027,11411110997,12548329975,250000000,0,175000000,121527,3888864,121528,3888896,7777760,1137218978,250000000,steady,0,0,steady
fall250-clean,1028,11422222108,12556107735,250000000,0,175000000,121527,3888864,121528,3888896,7777760,1133885627,250000000,steady,0,0,steady
fall250-clean,1029,11433333219,12563885495,250000000,0,175000000,121527,3888864,121528,4444444,8333308,1130552276,250000000,steady,0,0,steady
fall250-clean,1030,11444444330,12572218803,250000000,0,175000000,121527,3888864,121528,3888896,7777760,1127774473,250000000,steady,0,0,steady
fall250-clean,1031,11455555441,12579996563,250000000,0,175000000,121527,3888864,121528,3888896,7777760,1124441122,250000000,steady,0,0,steady
fall250-clean,1032,11466666552,12587774323,250000000,0,175000000,121527,3888864,121528,4444444,8333308,1121107771,250000000,steady,0,0,steady
fall250-clean,1033,11477777663,12596107631,250000000,0,175000000,121527,3888864,121528,3888896,7777760,1118329968,250000000,steady,0,0,steady
fall250-clean,1034,11488888774,12603885391,250000000,0,175000000,121527,3888864,121528,3888896,7777760,1114996617,250000000,steady,0,0,steady
fall250-clean,1035,11499999885,12611663151,250000000,0,175000000,121527,3888864,121528,4444444,8333308,1111663266,250000000,steady,0,0,steady
fall250-clean,1036,11511110996,12619996459,250000000,0,175000000,121527,3888864,121528,3888896,7777760,1108885463,250000000,steady,0,0,steady
fall250-clean,1037,11522222107,12627774219,250000000,0,175000000,121527,3888864,121528,3888896,7777760,1105552112,250000000,steady,0,0,steady
fall250-clean,1038,11533333218,12635551979,250000000,0,175000000,121527,3888864,121528,4444444,8333308,1102218761,250000000,steady,0,0,steady
fall250-clean,1039,11544444329,12643885287,250000000,0,175000000,121527,3888864,121528,3888896,7777760,1099440958,250000000,steady,0,0,steady
fall250-clean,1040,11555555440,12651663047,250000000,0,175000000,121527,3888864,121528,3888896,7777760,1096107607,250000000,steady,0,0,steady
fall250-clean,1041,11566666551,12659440807,250000000,0,175000000,121527,3888864,121528,4444444,8333308,1092774256,250000000,steady,0,0,steady
fall250-clean,1042,11577777662,12667774115,250000000,0,175000000,121527,3888864,121528,3888896,7777760,1089996453,250000000,steady,0,0,steady
fall250-clean,1043,11588888773,12675551875,250000000,0,175000000,121527,3888864,121528,3888896,7777760,1086663102,250000000,steady,0,0,steady
fall250-clean,1044,11599999884,12683329635,250000000,0,175000000,121527,3888864,121528,4444444,8333308,1083329751,250000000,steady,0,0,steady
fall250-clean,1045,11611110995,12691662943,250000000,0,175000000,121527,3888864,121528,3888896,7777760,1080551948,250000000,steady,0,0,steady
fall250-clean,1046,11622222106,12699440703,250000000,0,175000000,121527,3888864,121528,3888896,7777760,1077218597,250000000,steady,0,0,steady
fall250-clean,1047,11633333217,12707218463,250000000,0,175000000,121527,3888864,121528,4444444,8333308,1073885246,250000000,steady,0,0,steady
fall250-clean,1048,11644444328,12715551771,250000000,0,175000000,121527,3888864,121528,3888896,7777760,1071107443,250000000,steady,0,0,steady
fall250-clean,1049,11655555439,12723329531,250000000,0,175000000,121527,3888864,121528,3888896,7777760,1067774092,250000000,steady,0,0,steady
fall250-clean,1050,11666666550,12731107291,250000000,0,175000000,121527,3888864,121528,4444444,8333308,1064440741,250000000,steady,0,0,steady
fall250-clean,1051,11677777661,12739440599,250000000,0,175000000,121527,3888864,121528,3888896,7777760,1061662938,250000000,steady,0,0,steady
fall250-clean,1052,11688888772,12747218359,250000000,0,175000000,121527,3888864,121528,3888896,7777760,1058329587,250000000,steady,0,0,steady
fall250-clean,1053,11699999883,12754996119,250000000,0,175000000,121527,3888864,121528,4444444,8333308,1054996236,250000000,steady,0,0,steady
fall250-clean,1054,11711110994,12763329427,250000000,0,175000000,121527,3888864,121528,3888896,7777760,1052218433,250000000,steady,0,0,steady
fall250-clean,1055,11722222105,12771107187,250000000,0,175000000,121527,3888864,121528,3888896,7777760,1048885082,250000000,steady,0,0,steady
fall250-clean,1056,11733333216,12778884947,250000000,0,175000000,121527,3888864,121528,4444444,8333308,1045551731,250000000,steady,0,0,steady
fall250-clean,1057,11744444327,12787218255,250000000,0,175000000,121527,3888864,121528,3888896,7777760,1042773928,250000000,steady,0,0,steady
fall250-clean,1058,11755555438,12794996015,250000000,0,175000000,121527,3888864,121528,3888896,7777760,1039440577,250000000,steady,0,0,steady
fall250-clean,1059,11766666549,12802773775,250000000,0,175000000,121527,3888864,121528,4444444,8333308,1036107226,250000000,steady,0,0,steady
fall250-clean,1060,11777777660,12811107083,250000000,0,175000000,121527,3888864,121528,3888896,7777760,1033329423,250000000,steady,0,0,steady
fall250-clean,1061,11788888771,12818884843,250000000,0,175000000,121527,3888864,121528,3888896,7777760,1029996072,250000000,steady,0,0,steady
fall250-clean,1062,11799999882,12826662603,250000000,0,175000000,121527,3888864,121528,4444444,8333308,1026662721,250000000,steady,0,0,steady
fall250-clean,1063,11811110993,12834995911,250000000,0,175000000,121527,3888864,121528,3888896,7777760,1023884918,250000000,steady,0,0,steady
fall250-clean,1064,11822222104,12842773671,250000000,0,175000000,121527,3888864,121528,3888896,7777760,1020551567,250000000,steady,0,0,steady
fall250-clean,1065,11833333215,12850551431,250000000,0,175000000,121527,3888864,121528,4444444,8333308,1017218216,250000000,steady,0,0,steady
fall250-clean,1066,11844444326,12858884739,250000000,0,175000000,121527,3888864,121528,3888896,7777760,1014440413,250000000,steady,0,0,steady
fall250-clean,1067,11855555437,12866662499,250000000,0,175000000,121527,3888864,121528,3888896,7777760,1011107062,250000000,steady,0,0,steady
fall250-clean,1068,11866666548,12874440259,250000000,0,175000000,121527,3888864,121528,4444444,8333308,1007773711,250000000,steady,0,0,steady
fall250-clean,1069,11877777659,12882773567,250000000,0,175000000,121527,3888864,121528,3888896,7777760,1004995908,250000000,steady,0,0,steady
fall250-clean,1070,11888888770,12890551327,250000000,0,175000000,121527,3888864,121528,3888896,7777760,1001662557,250000000,steady,0,0,steady
fall250-clean,1071,11899999881,12898329087,250000000,0,175000000,121527,3888864,121528,4444444,8333308,998329206,250000000,steady,0,0,steady
fall250-clean,1072,11911110992,12906662395,250000000,0,175000000,121527,3888864,121528,3888896,7777760,995551403,250000000,steady,0,0,steady
fall250-clean,1073,11922222103,12914440155,250000000,0,175000000,121527,3888864,121528,3888896,7777760,992218052,250000000,steady,0,0,steady
fall250-clean,1074,11933333214,12922217915,250000000,0,175000000,121527,3888864,121528,4444444,8333308,988884701,250000000,steady,0,0,steady
fall250-clean,1075,11944444325,12930551223,250000000,0,175000000,121527,3888864,121528,3888896,7777760,986106898,250000000,steady,0,0,steady
fall250-clean,1076,11955555436,12938328983,250000000,0,175000000,121527,3888864,121528,3888896,7777760,982773547,250000000,steady,0,0,steady
fall250-clean,1077,11966666547,12946106743,250000000,0,175000000,121527,3888864,121528,4444444,8333308,979440196,250000000,steady,0,0,steady
fall250-clean,1078,11977777658,12954440051,250000000,0,175000000,121527,3888864,121528,3888896,7777760,976662393,250000000,steady,0,0,steady
fall250-clean,1079,11988888769,12962217811,250000000,0,175000000,121527,3888864,121528,3888896,7777760,973329042,250000000,steady,0,0,steady
fall250-clean,1080,11999999880,12969995571,250000000,0,175000000,121527,3888864,121528,4444444,8333308,969995691,250000000,steady,0,0,steady
fall250-clean,1081,12011110991,12978328879,250000000,0,175000000,121527,3888864,121528,3888896,7777760,967217888,250000000,steady,0,0,steady
fall250-clean,1082,12022222102,12986106639,250000000,0,175000000,121527,3888864,121528,3888896,7777760,963884537,250000000,steady,0,0,steady
fall250-clean,1083,12033333213,12993884399,250000000,0,175000000,121527,3888864,121528,4444444,8333308,960551186,250000000,steady,0,0,steady
fall250-clean,1084,12044444324,13002217707,250000000,0,175000000,121527,3888864,121528,3888896,7777760,957773383,250000000,steady,0,0,steady
fall250-clean,1085,12055555435,13009995467,250000000,0,175000000,121527,3888864,121528,3888896,7777760,954440032,250000000,steady,0,0,steady
fall250-clean,1086,12066666546,13017773227,250000000,0,175000000,121527,3888864,121528,4444444,8333308,951106681,250000000,steady,0,0,steady
fall250-clean,1087,12077777657,13026106535,250000000,0,175000000,121527,3888864,121528,3888896,7777760,948328878,250000000,steady,0,0,steady
fall250-clean,1088,12088888768,13033884295,250000000,0,175000000,121527,3888864,121528,3888896,7777760,944995527,250000000,steady,0,0,steady
fall250-clean,1089,12099999879,13041662055,250000000,0,175000000,121527,3888864,121528,4444444,8333308,941662176,250000000,steady,0,0,steady
fall250-clean,1090,12111110990,13049995363,250000000,0,175000000,121527,3888864,121528,3888896,7777760,938884373,250000000,steady,0,0,steady
fall250-clean,1091,12122222101,13057773123,250000000,0,175000000,121527,3888864,121528,3888896,7777760,935551022,250000000,steady,0,0,steady
fall250-clean,1092,12133333212,13065550883,250000000,0,175000000,121527,3888864,121528,4444444,8333308,932217671,250000000,steady,0,0,steady
fall250-clean,1093,12144444323,13073884191,250000000,0,175000000,121527,3888864,121528,3888896,7777760,929439868,250000000,steady,0,0,steady
fall250-clean,1094,12155555434,13081661951,250000000,0,175000000,121527,3888864,121528,3888896,7777760,926106517,250000000,steady,0,0,steady
fall250-clean,1095,12166666545,13089439711,250000000,0,175000000,121527,3888864,121528,4444444,8333308,922773166,250000000,steady,0,0,steady
fall250-clean,1096,12177777656,13097773019,250000000,0,175000000,121527,3888864,121528,3888896,7777760,919995363,250000000,steady,0,0,steady
fall250-clean,1097,12188888767,13105550779,250000000,0,175000000,121527,3888864,121528,3888896,7777760,916662012,250000000,steady,0,0,steady
fall250-clean,1098,12199999878,13113328539,250000000,0,175000000,121527,3888864,121528,4444444,8333308,913328661,250000000,steady,0,0,steady
fall250-clean,1099,12211110989,13121661847,250000000,0,175000000,121527,3888864,121528,3888896,7777760,910550858,250000000,steady,0,0,steady
fall250-clean,1100,12222222100,13129439607,250000000,0,175000000,121527,3888864,121528,3888896,7777760,907217507,250000000,steady,0,0,steady
fall250-clean,1101,12233333211,13137217367,250000000,0,175000000,121527,3888864,121528,4444444,8333308,903884156,250000000,steady,0,0,steady
fall250-clean,1102,12244444322,13145550675,250000000,0,175000000,121527,3888864,121528,3888896,7777760,901106353,250000000,steady,0,0,steady
fall250-clean,1103,12255555433,13153328435,250000000,0,175000000,121527,3888864,121528,3888896,7777760,897773002,250000000,steady,0,0,steady
fall250-clean,1104,12266666544,13161106195,250000000,0,175000000,121527,3888864,121528,4444444,8333308,894439651,250000000,steady,0,0,steady
fall250-clean,1105,12277777655,13169439503,250000000,0,175000000,121527,3888864,121528,3888896,7777760,891661848,250000000,steady,0,0,steady
fall250-clean,1106,12288888766,13177217263,250000000,0,175000000,121527,3888864,121528,3888896,7777760,888328497,250000000,steady,0,0,steady
fall250-clean,1107,12299999877,13184995023,250000000,0,175000000,121527,3888864,121528,4444444,8333308,884995146,250000000,steady,0,0,steady
fall250-clean,1108,12311110988,13193328331,250000000,0,175000000,121527,3888864,121528,3888896,7777760,882217343,250000000,steady,0,0,steady
fall250-clean,1109,12322222099,13201106091,250000000,0,175000000,121527,3888864,121528,3888896,7777760,878883992,250000000,steady,0,0,steady
fall250-clean,1110,12333333210,13208883851,250000000,0,175000000,121527,3888864,121528,4444444,8333308,875550641,250000000,steady,0,0,steady
fall250-clean,1111,12344444321,13217217159,250000000,0,175000000,121527,3888864,121528,3888896,7777760,872772838,250000000,steady,0,0,steady
fall250-clean,1112,12355555432,13224994919,250000000,0,175000000,121527,3888864,121528,3888896,7777760,869439487,250000000,steady,0,0,steady
fall250-clean,1113,12366666543,13232772679,250000000,0,175000000,121527,3888864,121528,4444444,8333308,866106136,250000000,steady,0,0,steady
fall250-clean,1114,12377777654,13241105987,250000000,0,175000000,121527,3888864,121528,3888896,7777760,863328333,250000000,steady,0,0,steady
fall250-clean,1115,12388888765,13248883747,250000000,0,175000000,121527,3888864,121528,3888896,7777760,859994982,250000000,steady,0,0,steady
fall250-clean,1116,12399999876,13256661507,250000000,0,175000000,121527,3888864,121528,4444444,8333308,856661631,250000000,steady,0,0,steady
fall250-clean,1117,12411110987,13264994815,250000000,0,175000000,121527,3888864,121528,3888896,7777760,853883828,250000000,steady,0,0,steady
fall250-clean,1118,12422222098,13272772575,250000000,0,175000000,121527,3888864,121528,3888896,7777760,850550477,250000000,steady,0,0,steady
fall250-clean,1119,12433333209,13280550335,250000000,0,175000000,121527,3888864,121528,4444444,8333308,847217126,250000000,steady,0,0,steady
fall250-clean,1120,12444444320,13288883643,250000000,0,175000000,121527,3888864,121528,3888896,7777760,844439323,250000000,steady,0,0,steady
fall250-clean,1121,12455555431,13296661403,250000000,0,175000000,121527,3888864,121528,3888896,7777760,841105972,250000000,steady,0,0,steady
fall250-clean,1122,12466666542,13304439163,250000000,0,175000000,121527,3888864,121528,4444444,8333308,837772621,250000000,steady,0,0,steady
fall250-clean,1123,12477777653,13312772471,250000000,0,175000000,121527,3888864,121528,3888896,7777760,834994818,250000000,steady,0,0,steady
fall250-clean,1124,12488888764,13320550231,250000000,0,175000000,121527,3888864,121528,3888896,7777760,831661467,250000000,steady,0,0,steady
fall250-clean,1125,12499999875,13328327991,250000000,0,175000000,121527,3888864,121528,4444444,8333308,828328116,250000000,steady,0,0,steady
fall250-clean,1126,12511110986,13336661299,250000000,0,175000000,121527,3888864,121528,3888896,7777760,825550313,250000000,steady,0,0,steady
fall250-clean,1127,12522222097,13344439059,250000000,0,175000000,121527,3888864,121528,3888896,7777760,822216962,250000000,steady,0,0,steady
fall250-clean,1128,12533333208,13352216819,250000000,0,175000000,121527,3888864,121528,4444444,8333308,818883611,250000000,steady,0,0,steady
fall250-clean,1129,12544444319,13360550127,250000000,0,175000000,121527,3888864,121528,3888896,7777760,816105808,250000000,steady,0,0,steady
fall250-clean,1130,12555555430,13368327887,250000000,0,175000000,121527,3888864,121528,3888896,7777760,812772457,250000000,steady,0,0,steady
fall250-clean,1131,12566666541,13376105647,250000000,0,175000000,121527,3888864,121528,4444444,8333308,809439106,250000000,steady,0,0,steady
fall250-clean,1132,12577777652,13384438955,250000000,0,175000000,121527,3888864,121528,3888896,7777760,806661303,250000000,steady,0,0,steady
fall250-clean,1133,12588888763,13392216715,250000000,0,175000000,121527,3888864,121528,3888896,7777760,803327952,250000000,steady,0,0,steady
fall250-clean,1134,12599999874,13399994475,250000000,0,175000000,121527,3888864,121528,4444444,8333308,799994601,250000000,steady,0,0,steady
fall250-clean,1135,12611110985,13408327783,250000000,0,175000000,121527,3888864,121528,3888896,7777760,797216798,250000000,steady,0,0,steady
fall250-clean,1136,12622222096,13416105543,250000000,0,175000000,121527,3888864,121528,3888896,7777760,793883447,250000000,steady,0,0,steady
fall250-clean,1137,12633333207,13423883303,250000000,0,175000000,121527,3888864,121528,4444444,8333308,790550096,250000000,steady,0,0,steady
fall250-clean,1138,12644444318,13432216611,250000000,0,175000000,121527,3888864,121528,3888896,7777760,787772293,250000000,steady,0,0,steady
fall250-clean,1139,12655555429,13439994371,250000000,0,175000000,121527,3888864,121528,3888896,7777760,784438942,250000000,steady,0,0,steady
fall250-clean,1140,12666666540,13447772131,250000000,0,175000000,121527,3888864,121528,4444444,8333308,781105591,250000000,steady,0,0,steady
fall250-clean,1141,12677777651,13456105439,250000000,0,175000000,121527,3888864,121528,3888896,7777760,778327788,250000000,steady,0,0,steady
fall250-clean,1142,12688888762,13463883199,250000000,0,175000000,121527,3888864,121528,3888896,7777760,774994437,250000000,steady,0,0,steady
fall250-clean,1143,12699999873,13471660959,250000000,0,175000000,121527,3888864,121528,4444444,8333308,771661086,250000000,steady,0,0,steady
fall250-clean,1144,12711110984,13479994267,250000000,0,175000000,121527,3888864,121528,3888896,7777760,768883283,250000000,steady,0,0,steady
fall250-clean,1145,12722222095,13487772027,250000000,0,175000000,121527,3888864,121528,3888896,7777760,765549932,250000000,steady,0,0,steady
fall250-clean,1146,12733333206,13495549787,250000000,0,175000000,121527,3888864,121528,4444444,8333308,762216581,250000000,steady,0,0,steady
fall250-clean,1147,12744444317,13503883095,250000000,0,212500000,147569,4722208,147569,4722208,9444416,759438778,250000000,steady,0,0,steady
fall250-clean,1148,12755555428,13513327511,250000000,0,212500000,147569,4722208,147569,4722208,9444416,757772083,250000000,steady,0,0,steady
fall250-clean,1149,12766666539,13522771927,250000000,0,212500000,147569,4722208,147569,4722208,9444416,756105388,250000000,steady,0,0,steady
fall250-clean,1150,12777777650,13532216343,250000000,0,212500000,147569,4722208,147569,4722208,9444416,754438693,250000000,steady,0,0,steady
fall250-clean,1151,12788888761,13541660759,250000000,0,212500000,147569,4722208,147569,4722208,9444416,752771998,250000000,steady,0,0,steady
fall250-clean,1152,12799999872,13551105175,250000000,0,212500000,147569,4722208,147569,4722208,9444416,751105303,250000000,steady,0,0,steady
fall250-clean,1153,12811110983,13560549591,250000000,0,212500000,147569,4722208,147569,4722208,9444416,749438608,250000000,steady,0,0,steady
fall250-clean,1154,12822222094,13569994007,250000000,0,212500000,147569,4722208,147569,4722208,9444416,747771913,250000000,steady,0,0,steady
fall250-clean,1155,12833333205,13579438423,250000000,0,212500000,147569,4722208,147569,4722208,9444416,746105218,250000000,steady,0,0,steady
fall250-clean,1156,12844444316,13588882839,250000000,0,212500000,147569,4722208,147569,4722208,9444416,744438523,250000000,steady,0,0,steady
fall250-clean,1157,12855555427,13598327255,250000000,0,212500000,147569,4722208,147569,4722208,9444416,742771828,250000000,steady,0,0,steady
fall250-clean,1158,12866666538,13607771671,250000000,0,212500000,147569,4722208,147569,4722208,9444416,741105133,250000000,steady,0,0,steady
fall250-clean,1159,12877777649,13617216087,250000000,0,212500000,147569,4722208,147569,4722208,9444416,739438438,250000000,steady,0,0,steady
fall250-clean,1160,12888888760,13626660503,250000000,0,212500000,147569,4722208,147569,4722208,9444416,737771743,250000000,steady,0,0,steady
fall250-clean,1161,12899999871,13636104919,250000000,0,212500000,147569,4722208,147569,4722208,9444416,736105048,250000000,steady,0,0,steady
fall250-clean,1162,12911110982,13645549335,250000000,0,212500000,147569,4722208,147569,4722208,9444416,734438353,250000000,steady,0,0,steady
fall250-clean,1163,12922222093,13654993751,250000000,0,212500000,147569,4722208,147569,4722208,9444416,732771658,250000000,steady,0,0,steady
fall250-clean,1164,12933333204,13664438167,250000000,0,212500000,147569,4722208,147569,4722208,9444416,731104963,250000000,steady,0,0,steady
fall250-clean,1165,12944444315,13673882583,250000000,0,212500000,147569,4722208,147569,4722208,9444416,729438268,250000000,steady,0,0,steady
fall250-clean,1166,12955555426,13683326999,250000000,0,212500000,147569,4722208,147569,4722208,9444416,727771573,250000000,steady,0,0,steady
fall250-clean,1167,12966666537,13692771415,250000000,0,212500000,147569,4722208,147569,4722208,9444416,726104878,250000000,steady,0,0,steady
fall250-clean,1168,12977777648,13702215831,250000000,0,212500000,147569,4722208,147569,4722208,9444416,724438183,250000000,steady,0,0,steady
fall250-clean,1169,12988888759,13711660247,250000000,0,212500000,147569,4722208,147569,4722208,9444416,722771488,250000000,steady,0,0,steady
fall250-clean,1170,12999999870,13721104663,250000000,0,212500000,147569,4722208,147569,4722208,9444416,721104793,250000000,steady,0,0,steady
fall250-clean,1171,13011110981,13730549079,250000000,0,212500000,147569,4722208,147569,4722208,9444416,719438098,250000000,steady,0,0,steady
fall250-clean,1172,13022222092,13739993495,250000000,0,212500000,147569,4722208,147569,4722208,9444416,717771403,250000000,steady,0,0,steady
fall250-clean,1173,13033333203,13749437911,250000000,0,212500000,147569,4722208,147569,4722208,9444416,716104708,250000000,steady,0,0,steady
fall250-clean,1174,13044444314,13758882327,250000000,0,212500000,147569,4722208,147569,4722208,9444416,714438013,250000000,steady,0,0,steady
fall250-clean,1175,13055555425,13768326743,250000000,0,212500000,147569,4722208,147569,4722208,9444416,712771318,250000000,steady,0,0,steady
fall250-clean,1176,13066666536,13777771159,250000000,0,212500000,147569,4722208,147569,4722208,9444416,711104623,250000000,steady,0,0,steady
fall250-clean,1177,13077777647,13787215575,250000000,0,212500000,147569,4722208,147569,4722208,9444416,709437928,250000000,steady,0,0,steady
fall250-clean,1178,13088888758,13796659991,250000000,0,212500000,147569,4722208,147569,4722208,9444416,707771233,250000000,steady,0,0,steady
fall250-clean,1179,13099999869,13806104407,250000000,0,212500000,147569,4722208,147569,4722208,9444416,706104538,250000000,steady,0,0,steady
fall250-clean,1180,13111110980,13815548823,250000000,0,212500000,147569,4722208,147569,4722208,9444416,704437843,250000000,steady,0,0,steady
fall250-clean,1181,13122222091,13824993239,250000000,0,212500000,147569,4722208,147569,4722208,9444416,702771148,250000000,steady,0,0,steady
fall250-clean,1182,13133333202,13834437655,250000000,0,212500000,147569,4722208,147569,4722208,9444416,701104453,250000000,steady,0,0,steady
fall250-clean,1183,13144444313,13843882071,250000000,0,212500000,147569,4722208,147569,4722208,9444416,699437758,250000000,steady,0,0,steady
fall250-clean,1184,13155555424,13853326487,250000000,0,212500000,147569,4722208,147569,4722208,9444416,697771063,250000000,steady,0,0,steady
fall250-clean,1185,13166666535,13862770903,250000000,0,212500000,147569,4722208,147569,4722208,9444416,696104368,250000000,steady,0,0,steady
fall250-clean,1186,13177777646,13872215319,250000000,0,212500000,147569,4722208,147569,4722208,9444416,694437673,250000000,steady,0,0,steady
fall250-clean,1187,13188888757,13881659735,250000000,0,212500000,147569,4722208,147569,4722208,9444416,692770978,250000000,steady,0,0,steady
fall250-clean,1188,13199999868,13891104151,250000000,0,212500000,147569,4722208,147569,4722208,9444416,691104283,250000000,steady,0,0,steady
fall250-clean,1189,13211110979,13900548567,250000000,0,212500000,147569,4722208,147569,4722208,9444416,689437588,250000000,steady,0,0,steady
fall250-clean,1190,13222222090,13909992983,250000000,0,212500000,147569,4722208,147569,4722208,9444416,687770893,250000000,steady,0,0,steady
fall250-clean,1191,13233333201,13919437399,250000000,0,212500000,147569,4722208,147569,4722208,9444416,686104198,250000000,steady,0,0,steady
fall250-clean,1192,13244444312,13928881815,250000000,0,212500000,147569,4722208,147569,4722208,9444416,684437503,250000000,steady,0,0,steady
fall250-clean,1193,13255555423,13938326231,250000000,0,212500000,147569,4722208,147569,4722208,9444416,682770808,250000000,steady,0,0,steady
fall250-clean,1194,13266666534,13947770647,250000000,0,212500000,147569,4722208,147569,4722208,9444416,681104113,250000000,steady,0,0,steady
fall250-clean,1195,13277777645,13957215063,250000000,0,212500000,147569,4722208,147569,4722208,9444416,679437418,250000000,steady,0,0,steady
fall250-clean,1196,13288888756,13966659479,250000000,0,212500000,147569,4722208,147569,4722208,9444416,677770723,250000000,steady,0,0,steady
fall250-clean,1197,13299999867,13976103895,250000000,0,212500000,147569,4722208,147569,4722208,9444416,676104028,250000000,steady,0,0,steady
fall250-clean,1198,13311110978,13985548311,250000000,0,212500000,147569,4722208,147569,4722208,9444416,674437333,250000000,steady,0,0,steady
fall250-clean,1199,13322222089,13994992727,250000000,0,212500000,147569,4722208,147569,4722208,9444416,672770638,250000000,steady,0,0,steady
fall250-clean,1200,13333333200,14004437143,250000000,0,212500000,147569,4722208,147569,4722208,9444416,671103943,250000000,steady,0,0,steady
fall250-clean,1201,13344444311,14013881559,250000000,0,212500000,147569,4722208,147569,4722208,9444416,669437248,250000000,steady,0,0,steady
fall250-clean,1202,13355555422,14023325975,250000000,0,212500000,147569,4722208,147569,4722208,9444416,667770553,250000000,steady,0,0,steady
fall250-clean,1203,13366666533,14032770391,250000000,0,212500000,147569,4722208,147569,4722208,9444416,666103858,250000000,steady,0,0,steady
fall250-clean,1204,13377777644,14042214807,250000000,0,212500000,147569,4722208,147569,4722208,9444416,664437163,250000000,steady,0,0,steady
fall250-clean,1205,13388888755,14051659223,250000000,0,212500000,147569,4722208,147569,4722208,9444416,662770468,250000000,steady,0,0,steady
fall250-clean,1206,13399999866,14061103639,250000000,0,212500000,147569,4722208,147569,4722208,9444416,661103773,250000000,steady,0,0,steady
fall250-clean,1207,13411110977,14070548055,250000000,0,212500000,147569,4722208,147569,4722208,9444416,659437078,250000000,steady,0,0,steady
fall250-clean,1208,13422222088,14079992471,250000000,0,212500000,147569,4722208,147569,4722208,9444416,657770383,250000000,steady,0,0,steady
fall250-clean,1209,13433333199,14089436887,250000000,0,212500000,147569,4722208,147569,4722208,9444416,656103688,250000000,steady,0,0,steady
fall250-clean,1210,13444444310,14098881303,250000000,0,212500000,147569,4722208,147569,4722208,9444416,654436993,250000000,steady,0,0,steady
fall250-clean,1211,13455555421,14108325719,250000000,0,212500000,147569,4722208,147569,4722208,9444416,652770298,250000000,steady,0,0,steady
fall250-clean,1212,13466666532,14117770135,250000000,0,212500000,147569,4722208,147569,4722208,9444416,651103603,250000000,steady,0,0,steady
fall250-clean,1213,13477777643,14127214551,250000000,0,212500000,147569,4722208,147569,4722208,9444416,649436908,250000000,steady,0,0,steady
fall250-clean,1214,13488888754,14136658967,250000000,0,212500000,147569,4722208,147569,4722208,9444416,647770213,250000000,steady,0,0,steady
fall250-clean,1215,13499999865,14146103383,250000000,0,212500000,147569,4722208,147569,4722208,9444416,646103518,250000000,steady,0,0,steady
fall250-clean,1216,13511110976,14155547799,250000000,0,212500000,147569,4722208,147569,4722208,9444416,644436823,250000000,steady,0,0,steady
fall250-clean,1217,13522222087,14164992215,250000000,0,212500000,147569,4722208,147569,4722208,9444416,642770128,250000000,steady,0,0,steady
fall250-clean,1218,13533333198,14174436631,250000000,0,212500000,147569,4722208,147569,4722208,9444416,641103433,250000000,steady,0,0,steady
fall250-clean,1219,13544444309,14183881047,250000000,0,212500000,147569,4722208,147569,4722208,9444416,639436738,250000000,steady,0,0,steady
fall250-clean,1220,13555555420,14193325463,250000000,0,212500000,147569,4722208,147569,4722208,9444416,637770043,250000000,steady,0,0,steady
fall250-clean,1221,13566666531,14202769879,250000000,0,212500000,147569,4722208,147569,4722208,9444416,636103348,250000000,steady,0,0,steady
fall250-clean,1222,13577777642,14212214295,250000000,0,212500000,147569,4722208,147569,4722208,9444416,634436653,250000000,steady,0,0,steady
fall250-clean,1223,13588888753,14221658711,250000000,0,212500000,147569,4722208,147569,4722208,9444416,632769958,250000000,steady,0,0,steady
fall250-clean,1224,13599999864,14231103127,250000000,0,212500000,147569,4722208,147569,4722208,9444416,631103263,250000000,steady,0,0,steady
fall250-clean,1225,13611110975,14240547543,250000000,0,212500000,147569,4722208,147569,4722208,9444416,629436568,250000000,steady,0,0,steady
fall250-clean,1226,13622222086,14249991959,250000000,0,212500000,147569,4722208,147569,4722208,9444416,627769873,250000000,steady,0,0,steady
fall250-clean,1227,13633333197,14259436375,250000000,0,212500000,147569,4722208,147569,4722208,9444416,626103178,250000000,steady,0,0,steady
fall250-clean,1228,13644444308,14268880791,250000000,0,212500000,147569,4722208,147569,4722208,9444416,624436483,250000000,steady,0,0,steady
fall250-clean,1229,13655555419,14278325207,250000000,0,212500000,147569,4722208,147569,4722208,9444416,622769788,250000000,steady,0,0,steady
fall250-clean,1230,13666666530,14287769623,250000000,0,212500000,147569,4722208,147569,4722208,9444416,621103093,250000000,steady,0,0,steady
fall250-clean,1231,13677777641,14297214039,250000000,0,212500000,147569,4722208,147569,4722208,9444416,619436398,250000000,steady,0,0,steady
fall250-clean,1232,13688888752,14306658455,250000000,0,212500000,147569,4722208,147569,4722208,9444416,617769703,250000000,steady,0,0,steady
fall250-clean,1233,13699999863,14316102871,250000000,0,212500000,147569,4722208,147569,4722208,9444416,616103008,250000000,steady,0,0,steady
fall250-clean,1234,13711110974,14325547287,250000000,0,212500000,147569,4722208,147569,4722208,9444416,614436313,250000000,steady,0,0,steady
fall250-clean,1235,13722222085,14334991703,250000000,0,212500000,147569,4722208,147569,4722208,9444416,612769618,250000000,steady,0,0,steady
fall250-clean,1236,13733333196,14344436119,250000000,0,212500000,147569,4722208,147569,4722208,9444416,611102923,250000000,steady,0,0,steady
fall250-clean,1237,13744444307,14353880535,250000000,0,212500000,147569,4722208,147569,4722208,9444416,609436228,250000000,steady,0,0,steady
fall250-clean,1238,13755555418,14363324951,250000000,0,212500000,147569,4722208,147569,4722208,9444416,607769533,250000000,steady,0,0,steady
fall250-clean,1239,13766666529,14372769367,250000000,0,212500000,147569,4722208,147569,4722208,9444416,606102838,250000000,steady,0,0,steady
fall250-clean,1240,13777777640,14382213783,250000000,0,212500000,147569,4722208,147569,4722208,9444416,604436143,250000000,steady,0,0,steady
fall250-clean,1241,13788888751,14391658199,250000000,0,212500000,147569,4722208,147569,4722208,9444416,602769448,250000000,steady,0,0,steady
fall250-clean,1242,13799999862,14401102615,250000000,0,212500000,147569,4722208,147569,4722208,9444416,601102753,250000000,steady,0,0,steady
fall250-clean,1243,13811110973,14410547031,250000000,0,212500000,147569,4722208,147569,4722208,9444416,599436058,250000000,steady,0,0,steady
fall250-clean,1244,13822222084,14419991447,250000000,0,212500000,147569,4722208,147569,4722208,9444416,597769363,250000000,steady,0,0,steady
fall250-clean,1245,13833333195,14429435863,250000000,0,212500000,147569,4722208,147569,4722208,9444416,596102668,250000000,steady,0,0,steady
fall250-clean,1246,13844444306,14438880279,250000000,0,212500000,147569,4722208,147569,4722208,9444416,594435973,250000000,steady,0,0,steady
fall250-clean,1247,13855555417,14448324695,250000000,0,212500000,147569,4722208,147569,4722208,9444416,592769278,250000000,steady,0,0,steady
fall250-clean,1248,13866666528,14457769111,250000000,0,212500000,147569,4722208,147569,4722208,9444416,591102583,250000000,steady,0,0,steady
fall250-clean,1249,13877777639,14467213527,250000000,0,212500000,147569,4722208,147569,4722208,9444416,589435888,250000000,steady,0,0,steady
fall250-clean,1250,13888888750,14476657943,250000000,0,212500000,147569,4722208,147569,4722208,9444416,587769193,250000000,steady,0,0,steady
fall250-clean,1251,13899999861,14486102359,250000000,0,212500000,147569,4722208,147569,4722208,9444416,586102498,250000000,steady,0,0,steady
fall250-clean,1252,13911110972,14495546775,250000000,0,212500000,147569,4722208,147569,4722208,9444416,584435803,250000000,steady,0,0,steady
fall250-clean,1253,13922222083,14504991191,250000000,0,212500000,147569,4722208,147569,4722208,9444416,582769108,250000000,steady,0,0,steady
fall250-clean,1254,13933333194,14514435607,250000000,0,212500000,147569,4722208,147569,4722208,9444416,581102413,250000000,steady,0,0,steady
fall250-clean,1255,13944444305,14523880023,250000000,0,212500000,147569,4722208,147569,4722208,9444416,579435718,250000000,steady,0,0,steady
fall250-clean,1256,13955555416,14533324439,250000000,0,212500000,147569,4722208,147569,4722208,9444416,577769023,250000000,steady,0,0,steady
fall250-clean,1257,13966666527,14542768855,250000000,0,212500000,147569,4722208,147569,4722208,9444416,576102328,250000000,steady,0,0,steady
fall250-clean,1258,13977777638,14552213271,250000000,0,212500000,147569,4722208,147569,4722208,9444416,574435633,250000000,steady,0,0,steady
fall250-clean,1259,13988888749,14561657687,250000000,0,212500000,147569,4722208,147569,4722208,9444416,572768938,250000000,steady,0,0,steady
fall250-clean,1260,13999999860,14571102103,250000000,0,212500000,147569,4722208,147569,4722208,9444416,571102243,250000000,steady,0,0,steady
fall250-clean,1261,14011110971,14580546519,250000000,0,212500000,147569,4722208,147569,4722208,9444416,569435548,250000000,steady,0,0,steady
fall250-clean,1262,14022222082,14589990935,250000000,0,212500000,147569,4722208,147569,4722208,9444416,567768853,250000000,steady,0,0,steady
fall250-clean,1263,14033333193,14599435351,250000000,0,212500000,147569,4722208,147569,4722208,9444416,566102158,250000000,steady,0,0,steady
fall250-clean,1264,14044444304,14608879767,250000000,0,212500000,147569,4722208,147569,4722208,9444416,564435463,250000000,steady,0,0,steady
fall250-clean,1265,14055555415,14618324183,250000000,0,212500000,147569,4722208,147569,4722208,9444416,562768768,250000000,steady,0,0,steady
fall250-clean,1266,14066666526,14627768599,250000000,0,212500000,147569,4722208,147569,4722208,9444416,561102073,250000000,steady,0,0,steady
fall250-clean,1267,14077777637,14637213015,250000000,0,212500000,147569,4722208,147569,4722208,9444416,559435378,250000000,steady,0,0,steady
fall250-clean,1268,14088888748,14646657431,250000000,0,212500000,147569,4722208,147569,4722208,9444416,557768683,250000000,steady,0,0,steady
fall250-clean,1269,14099999859,14656101847,250000000,0,212500000,147569,4722208,147569,4722208,9444416,556101988,250000000,steady,0,0,steady
fall250-clean,1270,14111110970,14665546263,250000000,0,212500000,147569,4722208,147569,4722208,9444416,554435293,250000000,steady,0,0,steady
fall250-clean,1271,14122222081,14674990679,250000000,0,212500000,147569,4722208,147569,4722208,9444416,552768598,250000000,steady,0,0,steady
fall250-clean,1272,14133333192,14684435095,250000000,0,212500000,147569,4722208,147569,4722208,9444416,551101903,250000000,steady,0,0,steady
fall250-clean,1273,14144444303,14693879511,250000000,0,212500000,147569,4722208,147569,4722208,9444416,549435208,250000000,steady,0,0,steady
fall250-clean,1274,14155555414,14703323927,250000000,0,212500000,147569,4722208,147569,4722208,9444416,547768513,250000000,steady,0,0,steady
fall250-clean,1275,14166666525,14712768343,250000000,0,212500000,147569,4722208,147569,4722208,9444416,546101818,250000000,steady,0,0,steady
fall250-clean,1276,14177777636,14722212759,250000000,0,212500000,147569,4722208,147569,4722208,9444416,544435123,250000000,steady,0,0,steady
fall250-clean,1277,14188888747,14731657175,250000000,0,212500000,147569,4722208,147569,4722208,9444416,542768428,250000000,steady,0,0,steady
fall250-clean,1278,14199999858,14741101591,250000000,0,212500000,147569,4722208,147569,4722208,9444416,541101733,250000000,steady,0,0,steady
fall250-clean,1279,14211110969,14750546007,250000000,0,212500000,147569,4722208,147569,4722208,9444416,539435038,250000000,steady,0,0,steady
fall250-clean,1280,14222222080,14759990423,250000000,0,212500000,147569,4722208,147569,4722208,9444416,537768343,250000000,steady,0,0,steady
fall250-clean,1281,14233333191,14769434839,250000000,0,212500000,147569,4722208,147569,4722208,9444416,536101648,250000000,steady,0,0,steady
fall250-clean,1282,14244444302,14778879255,250000000,0,212500000,147569,4722208,147569,4722208,9444416,534434953,250000000,steady,0,0,steady
fall250-clean,1283,14255555413,14788323671,250000000,0,212500000,147569,4722208,147569,4722208,9444416,532768258,250000000,steady,0,0,steady
fall250-clean,1284,14266666524,14797768087,250000000,0,212500000,147569,4722208,147569,4722208,9444416,531101563,250000000,steady,0,0,steady
fall250-clean,1285,14277777635,14807212503,250000000,0,212500000,147569,4722208,147569,4722208,9444416,529434868,250000000,steady,0,0,steady
fall250-clean,1286,14288888746,14816656919,250000000,0,212500000,147569,4722208,147569,4722208,9444416,527768173,250000000,steady,0,0,steady
fall250-clean,1287,14299999857,14826101335,250000000,0,212500000,147569,4722208,147569,4722208,9444416,526101478,250000000,steady,0,0,steady
fall250-clean,1288,14311110968,14835545751,250000000,0,212500000,147569,4722208,147569,4722208,9444416,524434783,250000000,steady,0,0,steady
fall250-clean,1289,14322222079,14844990167,250000000,0,212500000,147569,4722208,147569,4722208,9444416,522768088,250000000,steady,0,0,steady
fall250-clean,1290,14333333190,14854434583,250000000,0,212500000,147569,4722208,147569,4722208,9444416,521101393,250000000,steady,0,0,steady
fall250-clean,1291,14344444301,14863878999,250000000,0,212500000,147569,4722208,147569,4722208,9444416,519434698,250000000,steady,0,0,steady
fall250-clean,1292,14355555412,14873323415,250000000,0,212500000,147569,4722208,147569,4722208,9444416,517768003,250000000,steady,0,0,steady
fall250-clean,1293,14366666523,14882767831,250000000,0,212500000,147569,4722208,147569,4722208,9444416,516101308,250000000,steady,0,0,steady
fall250-clean,1294,14377777634,14892212247,250000000,0,212500000,147569,4722208,147569,4722208,9444416,514434613,250000000,steady,0,0,steady
fall250-clean,1295,14388888745,14901656663,250000000,0,212500000,147569,4722208,147569,4722208,9444416,512767918,250000000,steady,0,0,steady
fall250-clean,1296,14399999856,14911101079,250000000,0,212500000,147569,4722208,147569,4722208,9444416,511101223,250000000,steady,0,0,steady
fall250-clean,1297,14411110967,14920545495,250000000,0,212500000,147569,4722208,147569,4722208,9444416,509434528,250000000,steady,0,0,steady
fall250-clean,1298,14422222078,14929989911,250000000,0,212500000,147569,4722208,147569,4722208,9444416,507767833,250000000,steady,0,0,steady
fall250-clean,1299,14433333189,14939434327,250000000,0,212500000,147569,4722208,147569,4722208,9444416,506101138,250000000,steady,0,0,steady
fall250-clean,1300,14444444300,14948878743,250000000,0,212500000,147569,4722208,147569,4722208,9444416,504434443,250000000,steady,0,0,steady
fall250-clean,1301,14455555411,14958323159,250000000,0,212500000,147569,4722208,147569,4722208,9444416,502767748,250000000,steady,0,0,steady
fall250-clean,1302,14466666522,14967767575,250000000,0,212500000,147569,4722208,147569,4722208,9444416,501101053,250000000,steady,0,0,steady
fall250-clean,1303,14477777633,14977211991,250000000,0,212500000,147569,4722208,147569,4722208,9444416,499434358,250000000,steady,0,0,steady
fall250-clean,1304,14488888744,14986656407,250000000,0,212500000,147569,4722208,147569,4722208,9444416,497767663,250000000,steady,0,0,steady
fall250-clean,1305,14499999855,14996100823,250000000,0,212500000,147569,4722208,147569,4722208,9444416,496100968,250000000,steady,0,0,steady
fall250-clean,1306,14511110966,15005545239,250000000,0,212500000,147569,4722208,147569,4722208,9444416,494434273,250000000,steady,0,0,steady
fall250-clean,1307,14522222077,15014989655,250000000,0,212500000,147569,4722208,147569,4722208,9444416,492767578,250000000,steady,0,0,steady
fall250-clean,1308,14533333188,15024434071,250000000,0,212500000,147569,4722208,147569,4722208,9444416,491100883,250000000,steady,0,0,steady
fall250-clean,1309,14544444299,15033878487,250000000,0,212500000,147569,4722208,147569,4722208,9444416,489434188,250000000,steady,0,0,steady
fall250-clean,1310,14555555410,15043322903,250000000,0,212500000,147569,4722208,147569,4722208,9444416,487767493,250000000,steady,0,0,steady
fall250-clean,1311,14566666521,15052767319,250000000,0,212500000,147569,4722208,147569,4722208,9444416,486100798,250000000,steady,0,0,steady
fall250-clean,1312,14577777632,15062211735,250000000,0,212500000,147569,4722208,147569,4722208,9444416,484434103,250000000,steady,0,0,steady
fall250-clean,1313,14588888743,15071656151,250000000,0,212500000,147569,4722208,147569,4722208,9444416,482767408,250000000,steady,0,0,steady
fall250-clean,1314,14599999854,15081100567,250000000,0,212500000,147569,4722208,147569,4722208,9444416,481100713,250000000,steady,0,0,steady
fall250-clean,1315,14611110965,15090544983,250000000,0,212500000,147569,4722208,147569,4722208,9444416,479434018,250000000,steady,0,0,steady
fall250-clean,1316,14622222076,15099989399,250000000,0,212500000,147569,4722208,147569,4722208,9444416,477767323,250000000,steady,0,0,steady
fall250-clean,1317,14633333187,15109433815,250000000,0,212500000,147569,4722208,147569,4722208,9444416,476100628,250000000,steady,0,0,steady
fall250-clean,1318,14644444298,15118878231,250000000,0,212500000,147569,4722208,147569,4722208,9444416,474433933,250000000,steady,0,0,steady
fall250-clean,1319,14655555409,15128322647,250000000,0,212500000,147569,4722208,147569,4722208,9444416,472767238,250000000,steady,0,0,steady
fall250-clean,1320,14666666520,15137767063,250000000,0,212500000,147569,4722208,147569,4722208,9444416,471100543,250000000,steady,0,0,steady
fall250-clean,1321,14677777631,15147211479,250000000,0,212500000,147569,4722208,147569,4722208,9444416,469433848,250000000,steady,0,0,steady
fall250-clean,1322,14688888742,15156655895,250000000,0,212500000,147569,4722208,147569,4722208,9444416,467767153,250000000,steady,0,0,steady
fall250-clean,1323,14699999853,15166100311,250000000,0,212500000,147569,4722208,147569,4722208,9444416,466100458,250000000,steady,0,0,steady
fall250-clean,1324,14711110964,15175544727,250000000,0,212500000,147569,4722208,147569,4722208,9444416,464433763,250000000,steady,0,0,steady
fall250-clean,1325,14722222075,15184989143,250000000,0,212500000,147569,4722208,147569,4722208,9444416,462767068,250000000,steady,0,0,steady
fall250-clean,1326,14733333186,15194433559,250000000,0,212500000,147569,4722208,147569,4722208,9444416,461100373,250000000,steady,0,0,steady
fall250-clean,1327,14744444297,15203877975,250000000,0,212500000,147569,4722208,147569,4722208,9444416,459433678,250000000,steady,0,0,steady
fall250-clean,1328,14755555408,15213322391,250000000,0,212500000,147569,4722208,147569,4722208,9444416,457766983,250000000,steady,0,0,steady
fall250-clean,1329,14766666519,15222766807,250000000,0,212500000,147569,4722208,147569,4722208,9444416,456100288,250000000,steady,0,0,steady
fall250-clean,1330,14777777630,15232211223,250000000,0,212500000,147569,4722208,147569,4722208,9444416,454433593,250000000,steady,0,0,steady
fall250-clean,1331,14788888741,15241655639,250000000,0,212500000,147569,4722208,147569,4722208,9444416,452766898,250000000,steady,0,0,steady
fall250-clean,1332,14799999852,15251100055,250000000,0,212500000,147569,4722208,147569,4722208,9444416,451100203,250000000,steady,0,0,steady
fall250-clean,1333,14811110963,15260544471,250000000,0,212500000,147569,4722208,147569,4722208,9444416,449433508,250000000,steady,0,0,steady
fall250-clean,1334,14822222074,15269988887,250000000,0,212500000,147569,4722208,147569,4722208,9444416,447766813,250000000,steady,0,0,steady
fall250-clean,1335,14833333185,15279433303,250000000,0,212500000,147569,4722208,147569,4722208,9444416,446100118,250000000,steady,0,0,steady
fall250-clean,1336,14844444296,15288877719,250000000,0,212500000,147569,4722208,147569,4722208,9444416,444433423,250000000,steady,0,0,steady
fall250-clean,1337,14855555407,15298322135,250000000,0,212500000,147569,4722208,147569,4722208,9444416,442766728,250000000,steady,0,0,steady
fall250-clean,1338,14866666518,15307766551,250000000,0,212500000,147569,4722208,147569,4722208,9444416,441100033,250000000,steady,0,0,steady
fall250-clean,1339,14877777629,15317210967,250000000,0,212500000,147569,4722208,147569,4722208,9444416,439433338,250000000,steady,0,0,steady
fall250-clean,1340,14888888740,15326655383,250000000,0,212500000,147569,4722208,147569,4722208,9444416,437766643,250000000,steady,0,0,steady
fall250-clean,1341,14899999851,15336099799,250000000,0,212500000,147569,4722208,147569,4722208,9444416,436099948,250000000,steady,0,0,steady
fall250-clean,1342,14911110962,15345544215,250000000,0,212500000,147569,4722208,147569,4722208,9444416,434433253,250000000,steady,0,0,steady
fall250-clean,1343,14922222073,15354988631,250000000,0,212500000,147569,4722208,147569,4722208,9444416,432766558,250000000,steady,0,0,steady
fall250-clean,1344,14933333184,15364433047,250000000,0,212500000,147569,4722208,147569,4722208,9444416,431099863,250000000,steady,0,0,steady
fall250-clean,1345,14944444295,15373877463,250000000,0,212500000,147569,4722208,147569,4722208,9444416,429433168,250000000,steady,0,0,steady
fall250-clean,1346,14955555406,15383321879,250000000,0,212500000,147569,4722208,147569,4722208,9444416,427766473,250000000,steady,0,0,steady
fall250-clean,1347,14966666517,15392766295,250000000,0,212500000,147569,4722208,147569,4722208,9444416,426099778,250000000,steady,0,0,steady
fall250-clean,1348,14977777628,15402210711,250000000,0,212500000,147569,4722208,147569,4722208,9444416,424433083,250000000,steady,0,0,steady
fall250-clean,1349,14988888739,15411655127,250000000,0,212500000,147569,4722208,147569,4722208,9444416,422766388,250000000,steady,0,0,steady
fall250-clean,1350,14999999850,15421099543,250000000,0,212500000,147569,4722208,147569,4722208,9444416,421099693,250000000,steady,0,0,steady
fall250-clean,1351,15011110961,15430543959,250000000,0,212500000,147569,4722208,147569,4722208,9444416,419432998,250000000,steady,0,0,steady
fall250-clean,1352,15022222072,15439988375,250000000,0,212500000,147569,4722208,147569,4722208,9444416,417766303,250000000,steady,0,0,steady
fall250-clean,1353,15033333183,15449432791,250000000,0,212500000,147569,4722208,147569,4722208,9444416,416099608,250000000,steady,0,0,steady
fall250-clean,1354,15044444294,15458877207,250000000,0,212500000,147569,4722208,147569,4722208,9444416,414432913,250000000,steady,0,0,steady
fall250-clean,1355,15055555405,15468321623,250000000,0,212500000,147569,4722208,147569,4722208,9444416,412766218,250000000,steady,0,0,steady
fall250-clean,1356,15066666516,15477766039,250000000,0,212500000,147569,4722208,147569,4722208,9444416,411099523,250000000,steady,0,0,steady
fall250-clean,1357,15077777627,15487210455,250000000,0,212500000,147569,4722208,147569,4722208,9444416,409432828,250000000,steady,0,0,steady
fall250-clean,1358,15088888738,15496654871,250000000,0,212500000,147569,4722208,147569,4722208,9444416,407766133,250000000,steady,0,0,steady
fall250-clean,1359,15099999849,15506099287,250000000,0,212500000,147569,4722208,147569,4722208,9444416,406099438,250000000,steady,0,0,steady
fall250-clean,1360,15111110960,15515543703,250000000,0,212500000,147569,4722208,147569,4722208,9444416,404432743,250000000,steady,0,0,steady
fall250-clean,1361,15122222071,15524988119,250000000,0,212500000,147569,4722208,147569,4722208,9444416,402766048,250000000,steady,0,0,steady
fall250-clean,1362,15133333182,15534432535,250000000,0,212500000,147569,4722208,147569,4722208,9444416,401099353,250000000,steady,0,0,steady
fall250-clean,1363,15144444293,15543876951,250000000,0,212500000,147569,4722208,147569,4722208,9444416,399432658,250000000,steady,0,0,steady
fall250-clean,1364,15155555404,15553321367,250000000,0,212500000,147569,4722208,147569,4722208,9444416,397765963,250000000,steady,0,0,steady
fall250-clean,1365,15166666515,15562765783,250000000,0,212500000,147569,4722208,147569,4722208,9444416,396099268,250000000,steady,0,0,steady
fall250-clean,1366,15177777626,15572210199,250000000,0,212500000,147569,4722208,147569,4722208,9444416,394432573,250000000,steady,0,0,steady
fall250-clean,1367,15188888737,15581654615,250000000,0,212500000,147569,4722208,147569,4722208,9444416,392765878,250000000,steady,0,0,steady
fall250-clean,1368,15199999848,15591099031,250000000,0,212500000,147569,4722208,147569,4722208,9444416,391099183,250000000,steady,0,0,steady
fall250-clean,1369,15211110959,15600543447,250000000,0,212500000,147569,4722208,147569,4722208,9444416,389432488,250000000,steady,0,0,steady
fall250-clean,1370,15222222070,15609987863,250000000,0,212500000,147569,4722208,147569,4722208,9444416,387765793,250000000,steady,0,0,steady
fall250-clean,1371,15233333181,15619432279,250000000,0,212500000,147569,4722208,147569,4722208,9444416,386099098,250000000,steady,0,0,steady
fall250-clean,1372,15244444292,15628876695,250000000,0,212500000,147569,4722208,147569,4722208,9444416,384432403,250000000,steady,0,0,steady
fall250-clean,1373,15255555403,15638321111,250000000,0,212500000,147569,4722208,147569,4722208,9444416,382765708,250000000,steady,0,0,steady
fall250-clean,1374,15266666514,15647765527,250000000,0,212500000,147569,4722208,147569,4722208,9444416,381099013,250000000,steady,0,0,steady
fall250-clean,1375,15277777625,15657209943,250000000,0,212500000,147569,4722208,147569,4722208,9444416,379432318,250000000,steady,0,0,steady
fall250-clean,1376,15288888736,15666654359,250000000,0,212500000,147569,4722208,147569,4722208,9444416,377765623,250000000,steady,0,0,steady
fall250-clean,1377,15299999847,15676098775,250000000,0,212500000,147569,4722208,147569,4722208,9444416,376098928,250000000,steady,0,0,steady
fall250-clean,1378,15311110958,15685543191,250000000,0,212500000,147569,4722208,147569,4722208,9444416,374432233,250000000,steady,0,0,steady
fall250-clean,1379,15322222069,15694987607,250000000,0,212500000,147569,4722208,147569,4722208,9444416,372765538,250000000,steady,0,0,steady
fall250-clean,1380,15333333180,15704432023,250000000,0,212500000,147569,4722208,147569,4722208,9444416,371098843,250000000,steady,0,0,steady
fall250-clean,1381,15344444291,15713876439,250000000,0,212500000,147569,4722208,147569,4722208,9444416,369432148,250000000,steady,0,0,steady
fall250-clean,1382,15355555402,15723320855,250000000,0,212500000,147569,4722208,147569,4722208,9444416,367765453,250000000,steady,0,0,steady
fall250-clean,1383,15366666513,15732765271,250000000,0,212500000,147569,4722208,147569,4722208,9444416,366098758,250000000,steady,0,0,steady
fall250-clean,1384,15377777624,15742209687,250000000,0,212500000,147569,4722208,147569,4722208,9444416,364432063,250000000,steady,0,0,steady
fall250-clean,1385,15388888735,15751654103,250000000,0,212500000,147569,4722208,147569,4722208,9444416,362765368,250000000,steady,0,0,steady
fall250-clean,1386,15399999846,15761098519,250000000,0,212500000,147569,4722208,147569,4722208,9444416,361098673,250000000,steady,0,0,steady
fall250-clean,1387,15411110957,15770542935,250000000,0,212500000,147569,4722208,147569,4722208,9444416,359431978,250000000,steady,0,0,steady
fall250-clean,1388,15422222068,15779987351,250000000,0,212500000,147569,4722208,147569,4722208,9444416,357765283,250000000,steady,0,0,steady
fall250-clean,1389,15433333179,15789431767,250000000,0,212500000,147569,4722208,147569,4722208,9444416,356098588,250000000,steady,0,0,steady
fall250-clean,1390,15444444290,15798876183,250000000,0,212500000,147569,4722208,147569,4722208,9444416,354431893,250000000,steady,0,0,steady
fall250-clean,1391,15455555401,15808320599,250000000,0,212500000,147569,4722208,147569,4722208,9444416,352765198,250000000,steady,0,0,steady
fall250-clean,1392,15466666512,15817765015,250000000,0,212500000,147569,4722208,147569,4722208,9444416,351098503,250000000,steady,0,0,steady
fall250-clean,1393,15477777623,15827209431,250000000,0,212500000,147569,4722208,147569,4722208,9444416,349431808,250000000,steady,0,0,steady
fall250-clean,1394,15488888734,15836653847,250000000,0,212500000,147569,4722208,147569,4722208,9444416,347765113,250000000,steady,0,0,steady
fall250-clean,1395,15499999845,15846098263,250000000,0,212500000,147569,4722208,147569,4722208,9444416,346098418,250000000,steady,0,0,steady
fall250-clean,1396,15511110956,15855542679,250000000,0,212500000,147569,4722208,147569,4722208,9444416,344431723,250000000,steady,0,0,steady
fall250-clean,1397,15522222067,15864987095,250000000,0,212500000,147569,4722208,147569,4722208,9444416,342765028,250000000,steady,0,0,steady
fall250-clean,1398,15533333178,15874431511,250000000,0,212500000,147569,4722208,147569,4722208,9444416,341098333,250000000,steady,0,0,steady
fall250-clean,1399,15544444289,15883875927,250000000,0,212500000,147569,4722208,147569,4722208,9444416,339431638,250000000,steady,0,0,steady
fall250-clean,1400,15555555400,15893320343,250000000,0,212500000,147569,4722208,147569,4722208,9444416,337764943,250000000,steady,0,0,steady
fall250-clean,1401,15566666511,15902764759,250000000,0,212500000,147569,4722208,147569,4722208,9444416,336098248,250000000,steady,0,0,steady
fall250-clean,1402,15577777622,15912209175,250000000,0,212500000,147569,4722208,147569,4722208,9444416,334431553,250000000,steady,0,0,steady
fall250-clean,1403,15588888733,15921653591,250000000,0,212500000,147569,4722208,147569,4722208,9444416,332764858,250000000,steady,0,0,steady
fall250-clean,1404,15599999844,15931098007,250000000,0,212500000,147569,4722208,147569,4722208,9444416,331098163,250000000,steady,0,0,steady
fall250-clean,1405,15611110955,15940542423,250000000,0,212500000,147569,4722208,147569,4722208,9444416,329431468,250000000,steady,0,0,steady
fall250-clean,1406,15622222066,15949986839,250000000,0,212500000,147569,4722208,147569,4722208,9444416,327764773,250000000,steady,0,0,steady
fall250-clean,1407,15633333177,15959431255,250000000,0,212500000,147569,4722208,147569,4722208,9444416,326098078,250000000,steady,0,0,steady
fall250-clean,1408,15644444288,15968875671,250000000,0,212500000,147569,4722208,147569,4722208,9444416,324431383,250000000,steady,0,0,steady
fall250-clean,1409,15655555399,15978320087,250000000,0,212500000,147569,4722208,147569,4722208,9444416,322764688,250000000,steady,0,0,steady
fall250-clean,1410,15666666510,15987764503,250000000,0,212500000,147569,4722208,147569,4722208,9444416,321097993,250000000,steady,0,0,steady
fall250-clean,1411,15677777621,15997208919,250000000,0,212500000,147569,4722208,147569,4722208,9444416,319431298,250000000,steady,0,0,steady
fall250-clean,1412,15688888732,16006653335,250000000,0,212500000,147569,4722208,147569,4722208,9444416,317764603,250000000,steady,0,0,steady
fall250-clean,1413,15699999843,16016097751,250000000,0,212500000,147569,4722208,147569,4722208,9444416,316097908,250000000,steady,0,0,steady
fall250-clean,1414,15711110954,16025542167,250000000,0,212500000,147569,4722208,147569,4722208,9444416,314431213,250000000,steady,0,0,steady
fall250-clean,1415,15722222065,16034986583,250000000,0,212500000,147569,4722208,147569,4722208,9444416,312764518,250000000,steady,0,0,steady
fall250-clean,1416,15733333176,16044430999,250000000,0,212500000,147569,4722208,147569,4722208,9444416,311097823,250000000,steady,0,0,steady
fall250-clean,1417,15744444287,16053875415,250000000,0,212500000,147569,4722208,147569,4722208,9444416,309431128,250000000,steady,0,0,steady
fall250-clean,1418,15755555398,16063319831,250000000,0,212500000,147569,4722208,147569,4722208,9444416,307764433,250000000,steady,0,0,steady
fall250-clean,1419,15766666509,16072764247,250000000,0,212500000,147569,4722208,147569,4722208,9444416,306097738,250000000,steady,0,0,steady
fall250-clean,1420,15777777620,16082208663,250000000,0,212500000,147569,4722208,147569,4722208,9444416,304431043,250000000,steady,0,0,steady
fall250-clean,1421,15788888731,16091653079,250000000,0,212500000,147569,4722208,147569,4722208,9444416,302764348,250000000,steady,0,0,steady
fall250-clean,1422,15799999842,16101097495,250000000,0,212500000,147569,4722208,147569,4722208,9444416,301097653,250000000,steady,0,0,steady
fall250-clean,1423,15811110953,16110541911,250000000,0,212500000,147569,4722208,147569,4722208,9444416,299430958,250000000,steady,0,0,steady
fall250-clean,1424,15822222064,16119986327,250000000,0,212500000,147569,4722208,147569,4722208,9444416,297764263,250000000,steady,0,0,steady
fall250-clean,1425,15833333175,16129430743,250000000,0,212500000,147569,4722208,147569,4722208,9444416,296097568,250000000,steady,0,0,steady
fall250-clean,1426,15844444286,16138875159,250000000,0,212500000,147569,4722208,147569,4722208,9444416,294430873,250000000,steady,0,0,steady
fall250-clean,1427,15855555397,16148319575,250000000,0,212500000,147569,4722208,147569,4722208,9444416,292764178,250000000,steady,0,0,steady
fall250-clean,1428,15866666508,16157763991,250000000,0,212500000,147569,4722208,147569,4722208,9444416,291097483,250000000,steady,0,0,steady
fall250-clean,1429,15877777619,16167208407,250000000,0,212500000,147569,4722208,147569,4722208,9444416,289430788,250000000,steady,0,0,steady
fall250-clean,1430,15888888730,16176652823,250000000,0,212500000,147569,4722208,147569,4722208,9444416,287764093,250000000,steady,0,0,steady
fall250-clean,1431,15899999841,16186097239,250000000,0,212500000,147569,4722208,147569,4722208,9444416,286097398,250000000,steady,0,0,steady
fall250-clean,1432,15911110952,16195541655,250000000,0,212500000,147569,4722208,147569,4722208,9444416,284430703,250000000,steady,0,0,steady
fall250-clean,1433,15922222063,16204986071,250000000,0,212500000,147569,4722208,147569,4722208,9444416,282764008,250000000,steady,0,0,steady
fall250-clean,1434,15933333174,16214430487,250000000,0,212500000,147569,4722208,147569,4722208,9444416,281097313,250000000,steady,0,0,steady
fall250-clean,1435,15944444285,16223874903,250000000,0,212500000,147569,4722208,147569,4722208,9444416,279430618,250000000,steady,0,0,steady
fall250-clean,1436,15955555396,16233319319,250000000,0,212500000,147569,4722208,147569,4722208,9444416,277763923,250000000,steady,0,0,steady
fall250-clean,1437,15966666507,16242763735,250000000,0,212500000,147569,4722208,147569,4722208,9444416,276097228,250000000,steady,0,0,steady
fall250-clean,1438,15977777618,16252208151,250000000,0,212500000,147569,4722208,147569,4722208,9444416,274430533,250000000,steady,0,0,steady
fall250-clean,1439,15988888729,16261652567,250000000,0,212500000,147569,4722208,147569,4722208,9444416,272763838,250000000,steady,0,0,steady
fall250-clean,1440,15999999840,16271096983,250000000,0,212500000,147569,4722208,147569,4722208,9444416,271097143,250000000,steady,0,0,steady
fall250-clean,1441,16011110951,16280541399,250000000,0,212500000,147569,4722208,147569,4722208,9444416,269430448,250000000,steady,0,0,steady
fall250-clean,1442,16022222062,16289985815,250000000,0,212500000,147569,4722208,147569,4722208,9444416,267763753,250000000,steady,0,0,steady
fall250-clean,1443,16033333173,16299430231,250000000,0,212500000,147569,4722208,147569,4722208,9444416,266097058,250000000,steady,0,0,steady
fall250-clean,1444,16044444284,16308874647,250000000,0,212500000,147569,4722208,147569,4722208,9444416,264430363,250000000,steady,0,0,steady
fall250-clean,1445,16055555395,16318319063,250000000,0,212500000,147569,4722208,147569,4722208,9444416,262763668,250000000,steady,0,0,steady
fall250-clean,1446,16066666506,16327763479,250000000,0,212500000,147569,4722208,147569,4722208,9444416,261096973,250000000,steady,0,0,steady
fall250-clean,1447,16077777617,16337207895,250000000,0,212500000,147569,4722208,147569,4722208,9444416,259430278,250000000,steady,0,0,steady
fall250-clean,1448,16088888728,16346652311,250000000,0,212500000,147569,4722208,147569,4722208,9444416,257763583,250000000,steady,0,0,steady
fall250-clean,1449,16099999839,16356096727,250000000,0,212500000,147569,4722208,147569,4722208,9444416,256096888,250000000,steady,0,0,steady
fall250-clean,1450,16111110950,16365541143,250000000,0,212500000,147569,4722208,147569,4722208,9444416,254430193,250000000,steady,0,0,steady
fall250-clean,1451,16122222061,16374985559,250000000,0,212500000,147569,4722208,147569,4722208,9444416,252763498,250000000,steady,0,0,steady
fall250-clean,1452,16133333172,16384429975,250000000,0,212500000,147569,4722208,147569,4722208,9444416,251096803,250000000,steady,0,0,steady
fall250-clean,1453,16144444283,16393874391,250000000,0,212500000,147569,4722208,147569,4722208,9444416,249430108,250000000,steady,0,0,steady
fall250-clean,1454,16155555394,16403318807,250000000,0,212500000,147569,4722208,147569,4722208,9444416,247763413,250000000,steady,0,0,steady
fall250-clean,1455,16166666505,16412763223,250000000,0,212500000,147569,4722208,147569,4722208,9444416,246096718,250000000,steady,0,0,steady
fall250-clean,1456,16177777616,16422207639,250000000,0,212500000,147569,4722208,147569,4722208,9444416,244430023,250000000,steady,0,0,steady
fall250-clean,1457,16188888727,16431652055,250000000,0,212500000,147569,4722208,147569,4722208,9444416,242763328,250000000,steady,0,0,steady
fall250-clean,1458,16199999838,16441096471,250000000,0,212500000,147569,4722208,147569,4722208,9444416,241096633,250000000,steady,0,0,steady
fall250-clean,1459,16211110949,16450540887,250000000,0,212500000,147569,4722208,147569,4722208,9444416,239429938,250000000,steady,0,0,steady
fall250-clean,1460,16222222060,16459985303,250000000,0,212500000,147569,4722208,147569,4722208,9444416,237763243,250000000,steady,0,0,steady
fall250-clean,1461,16233333171,16469429719,250000000,0,212500000,147569,4722208,147569,4722208,9444416,236096548,250000000,steady,0,0,steady
fall250-clean,1462,16244444282,16478874135,250000000,0,212500000,147569,4722208,147569,4722208,9444416,234429853,250000000,steady,0,0,steady
fall250-clean,1463,16255555393,16488318551,250000000,0,212500000,147569,4722208,147569,4722208,9444416,232763158,250000000,steady,0,0,steady
fall250-clean,1464,16266666504,16497762967,250000000,0,212500000,147569,4722208,147569,4722208,9444416,231096463,250000000,steady,0,0,steady
fall250-clean,1465,16277777615,16507207383,250000000,0,212500000,147569,4722208,147569,4722208,9444416,229429768,250000000,steady,0,0,steady
fall250-clean,1466,16288888726,16516651799,250000000,0,212500000,147569,4722208,147569,4722208,9444416,227763073,250000000,steady,0,0,steady
fall250-clean,1467,16299999837,16526096215,250000000,0,212500000,147569,4722208,147569,4722208,9444416,226096378,250000000,steady,0,0,steady
fall250-clean,1468,16311110948,16535540631,250000000,0,212500000,147569,4722208,147569,4722208,9444416,224429683,250000000,steady,0,0,steady
fall250-clean,1469,16322222059,16544985047,250000000,0,212500000,147569,4722208,147569,4722208,9444416,222762988,250000000,steady,0,0,steady
fall250-clean,1470,16333333170,16554429463,250000000,0,212500000,147569,4722208,147569,4722208,9444416,221096293,250000000,steady,0,0,steady
fall250-clean,1471,16344444281,16563873879,250000000,0,212500000,147569,4722208,147569,4722208,9444416,219429598,250000000,steady,0,0,steady
fall250-clean,1472,16355555392,16573318295,250000000,0,212500000,147569,4722208,147569,4722208,9444416,217762903,250000000,steady,0,0,steady
fall250-clean,1473,16366666503,16582762711,250000000,0,212500000,147569,4722208,147569,4722208,9444416,216096208,250000000,steady,0,0,steady
fall250-clean,1474,16377777614,16592207127,250000000,0,212500000,147569,4722208,147569,4722208,9444416,214429513,250000000,steady,0,0,steady
fall250-clean,1475,16388888725,16601651543,250000000,0,212500000,147569,4722208,147569,4722208,9444416,212762818,250000000,steady,0,0,steady
fall250-clean,1476,16399999836,16611095959,250000000,0,212500000,147569,4722208,147569,4722208,9444416,211096123,250000000,steady,0,0,steady
fall250-clean,1477,16411110947,16620540375,250000000,0,212500000,147569,4722208,147569,4722208,9444416,209429428,250000000,steady,0,0,steady
fall250-clean,1478,16422222058,16629984791,250000000,0,212500000,147569,4722208,147569,4722208,9444416,207762733,250000000,steady,0,0,steady
fall250-clean,1479,16433333169,16639429207,250000000,0,212500000,147569,4722208,147569,4722208,9444416,206096038,250000000,steady,0,0,steady
fall250-clean,1480,16444444280,16648873623,250000000,0,212500000,147569,4722208,147569,4722208,9444416,204429343,250000000,steady,0,0,steady
fall250-clean,1481,16455555391,16658318039,250000000,0,212500000,147569,4722208,147569,4722208,9444416,202762648,250000000,steady,0,0,steady
fall250-clean,1482,16466666502,16667762455,250000000,0,212500000,147569,4722208,147569,4722208,9444416,201095953,250000000,steady,0,0,steady
fall250-clean,1483,16477777613,16677206871,250000000,0,212500000,147569,4722208,147569,4722208,9444416,199429258,250000000,steady,0,0,steady
fall250-clean,1484,16488888724,16686651287,250000000,0,212500000,147569,4722208,147569,4722208,9444416,197762563,250000000,steady,0,0,steady
fall250-clean,1485,16499999835,16696095703,250000000,0,212500000,147569,4722208,147569,4722208,9444416,196095868,250000000,steady,0,0,steady
fall250-clean,1486,16511110946,16705540119,250000000,0,212500000,147569,4722208,147569,4722208,9444416,194429173,250000000,steady,0,0,steady
fall250-clean,1487,16522222057,16714984535,250000000,0,212500000,147569,4722208,147569,4722208,9444416,192762478,250000000,steady,0,0,steady
fall250-clean,1488,16533333168,16724428951,250000000,0,212500000,147569,4722208,147569,4722208,9444416,191095783,250000000,steady,0,0,steady
fall250-clean,1489,16544444279,16733873367,250000000,0,212500000,147569,4722208,147569,4722208,9444416,189429088,250000000,steady,0,0,steady
fall250-clean,1490,16555555390,16743317783,250000000,0,212500000,147569,4722208,147569,4722208,9444416,187762393,250000000,steady,0,0,steady
fall250-clean,1491,16566666501,16752762199,250000000,0,212500000,147569,4722208,147569,4722208,9444416,186095698,250000000,steady,0,0,steady
fall250-clean,1492,16577777612,16762206615,250000000,0,212500000,147569,4722208,147569,4722208,9444416,184429003,250000000,steady,0,0,steady
fall250-clean,1493,16588888723,16771651031,250000000,0,212500000,147569,4722208,147569,4722208,9444416,182762308,250000000,steady,0,0,steady
fall250-clean,1494,16599999834,16781095447,250000000,0,212500000,147569,4722208,147569,4722208,9444416,181095613,250000000,steady,0,0,steady
fall250-clean,1495,16611110945,16790539863,250000000,0,212500000,147569,4722208,147569,4722208,9444416,179428918,250000000,steady,0,0,steady
fall250-clean,1496,16622222056,16799984279,250000000,0,212500000,147569,4722208,147569,4722208,9444416,177762223,250000000,steady,0,0,steady
fall250-clean,1497,16633333167,16809428695,250000000,0,212500000,147569,4722208,147569,4722208,9444416,176095528,250000000,steady,0,0,steady
fall250-clean,1498,16644444278,16818873111,250000000,0,212500000,147569,4722208,147569,4722208,9444416,174428833,250000000,steady,0,0,steady
fall250-clean,1499,16655555389,16828317527,250000000,0,212500000,147569,4722208,147569,4722208,9444416,172762138,250000000,steady,0,0,steady
fall250-clean,1500,16666666500,16837761943,250000000,0,212500000,147569,4722208,147569,4722208,9444416,171095443,250000000,steady,0,0,steady
fall250-clean,1501,16677777611,16847206359,250000000,0,212500000,147569,4722208,147569,4722208,9444416,169428748,250000000,steady,0,0,steady
fall250-clean,1502,16688888722,16856650775,250000000,0,212500000,147569,4722208,147569,4722208,9444416,167762053,250000000,steady,0,0,steady
fall250-clean,1503,16699999833,16866095191,250000000,0,212500000,147569,4722208,147569,4722208,9444416,166095358,250000000,steady,0,0,steady
fall250-clean,1504,16711110944,16875539607,250000000,0,212500000,147569,4722208,147569,4722208,9444416,164428663,250000000,steady,0,0,steady
fall250-clean,1505,16722222055,16884984023,250000000,0,212500000,147569,4722208,147569,4722208,9444416,162761968,250000000,steady,0,0,steady
fall250-clean,1506,16733333166,16894428439,250000000,0,212500000,147569,4722208,147569,4722208,9444416,161095273,250000000,steady,0,0,steady
fall250-clean,1507,16744444277,16903872855,250000000,0,212500000,147569,4722208,147569,4722208,9444416,159428578,250000000,steady,0,0,steady
fall250-clean,1508,16755555388,16913317271,250000000,0,212500000,147569,4722208,147569,4722208,9444416,157761883,250000000,steady,0,0,steady
fall250-clean,1509,16766666499,16922761687,250000000,0,212500000,147569,4722208,147569,4722208,9444416,156095188,250000000,steady,0,0,steady
fall250-clean,1510,16777777610,16932206103,250000000,0,212500000,147569,4722208,147569,4722208,9444416,154428493,250000000,steady,0,0,steady
fall250-clean,1511,16788888721,16941650519,250000000,0,212500000,147569,4722208,147569,4722208,9444416,152761798,250000000,steady,0,0,steady
fall250-clean,1512,16799999832,16951094935,250000000,0,212500000,147569,4722208,147569,4722208,9444416,151095103,250000000,steady,0,0,steady
fall250-clean,1513,16811110943,16960539351,250000000,0,212500000,147569,4722208,147569,4722208,9444416,149428408,250000000,steady,0,0,steady
fall250-clean,1514,16822222054,16969983767,250000000,0,212500000,147569,4722208,147569,4722208,9444416,147761713,250000000,steady,0,0,steady
fall250-clean,1515,16833333165,16979428183,250000000,0,212500000,147569,4722208,147569,4722208,9444416,146095018,250000000,steady,0,0,steady
fall250-clean,1516,16844444276,16988872599,250000000,0,212500000,147569,4722208,147569,4722208,9444416,144428323,250000000,steady,0,0,steady
fall250-clean,1517,16855555387,16998317015,250000000,0,212500000,147569,4722208,147569,4722208,9444416,142761628,250000000,steady,0,0,steady
fall250-clean,1518,16866666498,17007761431,250000000,0,212500000,147569,4722208,147569,4722208,9444416,141094933,250000000,steady,0,0,steady
fall250-clean,1519,16877777609,17017205847,250000000,0,212500000,147569,4722208,147569,4722208,9444416,139428238,250000000,steady,0,0,steady
fall250-clean,1520,16888888720,17026650263,250000000,0,212500000,147569,4722208,147569,4722208,9444416,137761543,250000000,steady,0,0,steady
fall250-clean,1521,16899999831,17036094679,250000000,0,212500000,147569,4722208,147569,4722208,9444416,136094848,250000000,steady,0,0,steady
fall250-clean,1522,16911110942,17045539095,250000000,0,212500000,147569,4722208,147569,4722208,9444416,134428153,250000000,steady,0,0,steady
fall250-clean,1523,16922222053,17054983511,250000000,0,212500000,147569,4722208,147569,4722208,9444416,132761458,250000000,steady,0,0,steady
fall250-clean,1524,16933333164,17064427927,250000000,0,212500000,147569,4722208,147569,4722208,9444416,131094763,250000000,steady,0,0,steady
fall250-clean,1525,16944444275,17073872343,250000000,0,212500000,147569,4722208,147569,4722208,9444416,129428068,250000000,steady,0,0,steady
fall250-clean,1526,16955555386,17083316759,250000000,0,212500000,147569,4722208,147569,4722208,9444416,127761373,250000000,steady,0,0,steady
fall250-clean,1527,16966666497,17092761175,250000000,0,212500000,147569,4722208,147569,4722208,9444416,126094678,250000000,steady,0,0,steady
fall250-clean,1528,16977777608,17102205591,250000000,0,212500000,147569,4722208,147569,4722208,9444416,124427983,250000000,steady,0,0,steady
fall250-clean,1529,16988888719,17111650007,250000000,0,212500000,147569,4722208,147569,4722208,9444416,122761288,250000000,steady,0,0,steady
fall250-clean,1530,16999999830,17121094423,250000000,0,212500000,147569,4722208,147569,4722208,9444416,121094593,250000000,steady,0,0,steady
fall250-clean,1531,17011110941,17130538839,250000000,0,212500000,147569,4722208,147569,4722208,9444416,119427898,250000000,steady,0,0,steady
fall250-clean,1532,17022222052,17139983255,250000000,0,212500000,147569,4722208,147569,4722208,9444416,117761203,250000000,steady,0,0,steady
fall250-clean,1533,17033333163,17149427671,250000000,0,212500000,147569,4722208,147569,4722208,9444416,116094508,250000000,steady,0,0,steady
fall250-clean,1534,17044444274,17158872087,250000000,0,212500000,147569,4722208,147569,4722208,9444416,114427813,250000000,steady,0,0,steady
fall250-clean,1535,17055555385,17168316503,250000000,0,212500000,147569,4722208,147569,4722208,9444416,112761118,250000000,steady,0,0,steady
fall250-clean,1536,17066666496,17177760919,250000000,0,212500000,147569,4722208,147569,4722208,9444416,111094423,250000000,steady,0,0,steady
fall250-clean,1537,17077777607,17187205335,250000000,0,212500000,147569,4722208,147569,4722208,9444416,109427728,250000000,steady,0,0,steady
fall250-clean,1538,17088888718,17196649751,250000000,0,212500000,147569,4722208,147569,4722208,9444416,107761033,250000000,steady,0,0,steady
fall250-clean,1539,17099999829,17206094167,250000000,0,212500000,147569,4722208,147569,4722208,9444416,106094338,250000000,steady,0,0,steady
fall250-clean,1540,17111110940,17215538583,250000000,0,212500000,147569,4722208,147569,4722208,9444416,104427643,250000000,steady,0,0,steady
fall250-clean,1541,17122222051,17224982999,250000000,0,212500000,147569,4722208,147569,4722208,9444416,102760948,250000000,steady,0,0,steady
fall250-clean,1542,17133333162,17234427415,250000000,0,212500000,147569,4722208,147569,4722208,9444416,101094253,250000000,steady,0,0,steady
fall250-clean,1543,17144444273,17243871831,250000000,0,212500000,147569,4722208,147569,4722208,9444416,99427558,250000000,steady,0,0,steady
fall250-clean,1544,17155555384,17253316247,250000000,0,212500000,147569,4722208,147569,4722208,9444416,97760863,250000000,steady,0,0,steady
fall250-clean,1545,17166666495,17262760663,250000000,0,212500000,147569,4722208,147569,4722208,9444416,96094168,250000000,steady,0,0,steady
fall250-clean,1546,17177777606,17272205079,250000000,0,212500000,147569,4722208,147569,4722208,9444416,94427473,250000000,steady,0,0,steady
fall250-clean,1547,17188888717,17281649495,250000000,0,212500000,147569,4722208,147569,4722208,9444416,92760778,250000000,steady,0,0,steady
fall250-clean,1548,17199999828,17291093911,250000000,0,212500000,147569,4722208,147569,4722208,9444416,91094083,250000000,steady,0,0,steady
fall250-clean,1549,17211110939,17300538327,250000000,0,212500000,147569,4722208,147569,4722208,9444416,89427388,250000000,steady,0,0,steady
fall250-clean,1550,17222222050,17309982743,250000000,0,212500000,147569,4722208,147569,4722208,9444416,87760693,250000000,steady,0,0,steady
fall250-clean,1551,17233333161,17319427159,250000000,0,212500000,147569,4722208,147569,4722208,9444416,86093998,250000000,steady,0,0,steady
fall250-clean,1552,17244444272,17328871575,250000000,0,212500000,147569,4722208,147569,4722208,9444416,84427303,250000000,steady,0,0,steady
fall250-clean,1553,17255555383,17338315991,250000000,0,212500000,147569,4722208,147569,4722208,9444416,82760608,250000000,steady,0,0,steady
fall250-clean,1554,17266666494,17347760407,250000000,0,212500000,147569,4722208,147569,4722208,9444416,81093913,250000000,steady,0,0,steady
fall250-clean,1555,17277777605,17357204823,250000000,0,212500000,147569,4722208,147569,4722208,9444416,79427218,250000000,steady,0,0,steady
fall250-clean,1556,17288888716,17366649239,250000000,0,212500000,147569,4722208,147569,4722208,9444416,77760523,250000000,steady,0,0,steady
fall250-clean,1557,17299999827,17376093655,250000000,0,212500000,147569,4722208,147569,4722208,9444416,76093828,250000000,steady,0,0,steady
fall250-clean,1558,17311110938,17385538071,250000000,0,212500000,147569,4722208,147569,4722208,9444416,74427133,250000000,steady,0,0,steady
fall250-clean,1559,17322222049,17394982487,250000000,0,212500000,147569,4722208,147569,4722208,9444416,72760438,250000000,steady,0,0,steady
fall250-clean,1560,17333333160,17404426903,250000000,0,212500000,147569,4722208,147569,4722208,9444416,71093743,250000000,steady,0,0,steady
fall250-clean,1561,17344444271,17413871319,250000000,0,212500000,147569,4722208,147569,4722208,9444416,69427048,250000000,steady,0,0,steady
fall250-clean,1562,17355555382,17423315735,250000000,0,212500000,147569,4722208,147569,4722208,9444416,67760353,250000000,steady,0,0,steady
fall250-clean,1563,17366666493,17432760151,250000000,0,212500000,147569,4722208,147569,4722208,9444416,66093658,250000000,steady,0,0,steady
fall250-clean,1564,17377777604,17442204567,250000000,0,212500000,147569,4722208,147569,4722208,9444416,64426963,250000000,steady,0,0,steady
fall250-clean,1565,17388888715,17451648983,250000000,0,212500000,147569,4722208,147569,4722208,9444416,62760268,250000000,steady,0,0,steady
fall250-clean,1566,17399999826,17461093399,250000000,0,212500000,147569,4722208,147569,4722208,9444416,61093573,250000000,steady,0,0,steady
fall250-clean,1567,17411110937,17470537815,250000000,0,212500000,147569,4722208,147569,4722208,9444416,59426878,250000000,steady,0,0,steady
fall250-clean,1568,17422222048,17479982231,250000000,0,212500000,147569,4722208,147569,4722208,9444416,57760183,250000000,steady,0,0,steady
fall250-clean,1569,17433333159,17489426647,250000000,0,212500000,147569,4722208,147569,4722208,9444416,56093488,250000000,steady,0,0,steady
fall250-clean,1570,17444444270,17498871063,250000000,0,212500000,147569,4722208,147569,4722208,9444416,54426793,250000000,steady,0,0,steady
fall250-clean,1571,17455555381,17508315479,250000000,0,212500000,147569,4722208,147569,4722208,9444416,52760098,250000000,steady,0,0,steady
fall250-clean,1572,17466666492,17517759895,250000000,0,212500000,147569,4722208,147569,4722208,9444416,51093403,250000000,steady,0,0,steady
fall250-clean,1573,17477777603,17527204311,250000000,0,212500000,147569,4722208,147569,4722208,9444416,49426708,250000000,steady,0,0,steady
fall250-clean,1574,17488888714,17536648727,250000000,0,212500000,147569,4722208,147569,4722208,9444416,47760013,250000000,steady,0,0,steady
fall250-clean,1575,17499999825,17546093143,250000000,0,212500000,147569,4722208,147569,4722208,9444416,46093318,250000000,steady,0,0,steady
fall250-clean,1576,17511110936,17555537559,250000000,0,212500000,147569,4722208,147569,4722208,9444416,44426623,250000000,steady,0,0,steady
fall250-clean,1577,17522222047,17564981975,250000000,0,212500000,147569,4722208,147569,4722208,9444416,42759928,250000000,steady,0,0,steady
fall250-clean,1578,17533333158,17574426391,250000000,0,212500000,147569,4722208,147569,4722208,9444416,41093233,250000000,steady,0,0,steady
fall250-clean,1579,17544444269,17583870807,250000000,0,212500000,147569,4722208,147569,4722208,9444416,39426538,250000000,steady,0,0,steady
fall250-clean,1580,17555555380,17593315223,250000000,0,212500000,147569,4722208,147569,4722208,9444416,37759843,250000000,steady,0,0,steady
fall250-clean,1581,17566666491,17602759639,250000000,0,212500000,147569,4722208,147569,4722208,9444416,36093148,250000000,steady,0,0,steady
fall250-clean,1582,17577777602,17612204055,250000000,0,212500000,147569,4722208,147569,4722208,9444416,34426453,250000000,steady,0,0,steady
fall250-clean,1583,17588888713,17621648471,250000000,0,212500000,147569,4722208,147569,4722208,9444416,32759758,250000000,steady,0,0,steady
fall250-clean,1584,17599999824,17631092887,250000000,0,212500000,147569,4722208,147569,4722208,9444416,31093063,250000000,steady,0,0,steady
fall250-clean,1585,17611110935,17640537303,250000000,0,212500000,147569,4722208,147569,4722208,9444416,29426368,250000000,steady,0,0,steady
fall250-clean,1586,17622222046,17649981719,250000000,0,212500000,147569,4722208,147569,4722208,9444416,27759673,250000000,steady,0,0,steady
fall250-clean,1587,17633333157,17659426135,250000000,0,212500000,147569,4722208,147569,4722208,9444416,26092978,250000000,steady,0,0,steady
fall250-clean,1588,17644444268,17668870551,250000000,0,212500000,147569,4722208,147569,4722208,9444416,24426283,250000000,steady,0,0,steady
fall250-clean,1589,17655555379,17678314967,250000000,0,212500000,147569,4722208,147569,4722208,9444416,22759588,250000000,steady,0,0,steady
fall250-clean,1590,17666666490,17687759383,250000000,0,212500000,147569,4722208,147569,4722208,9444416,21092893,250000000,steady,0,0,steady
fall250-clean,1591,17677777601,17697203799,250000000,0,212500000,147569,4722208,147569,4722208,9444416,19426198,250000000,steady,0,0,steady
fall250-clean,1592,17688888712,17706648215,250000000,0,212500000,147569,4722208,147569,4722208,9444416,17759503,250000000,steady,0,0,steady
fall250-clean,1593,17699999823,17716092631,250000000,0,212500000,147569,4722208,147569,4722208,9444416,16092808,250000000,steady,0,0,steady
fall250-clean,1594,17711110934,17725537047,250000000,0,212500000,147569,4722208,147569,4722208,9444416,14426113,250000000,steady,0,0,steady
fall250-clean,1595,17722222045,17734981463,250000000,0,212500000,147569,4722208,147569,4722208,9444416,12759418,250000000,steady,0,0,steady
fall250-clean,1596,17733333156,17744425879,250000000,0,212500000,147569,4722208,147569,4722208,9444416,11092723,250000000,steady,0,0,steady
fall250-clean,1597,17744444267,17753870295,250000000,0,212500000,147569,4722208,147569,4722208,9444416,9426028,250000000,steady,0,0,steady
fall250-clean,1598,17755555378,17763314711,250000000,0,212500000,147569,4722208,147569,4722208,9444416,7759333,250000000,steady,0,0,steady
fall250-clean,1599,17766666489,17772759127,250000000,0,212500000,147569,4722208,147569,4722208,9444416,6092638,250000000,steady,0,0,steady
fall250-clean,1600,17777777600,17782203543,250000000,0,212500000,147569,4722208,147569,4722208,9444416,4425943,250000000,steady,0,0,steady
fall250-clean,1601,17788888711,17791647959,250000000,0,212500000,147569,4722208,147569,4722208,9444416,2759248,250000000,steady,0,0,steady
fall250-clean,1602,17799999822,17801092375,250000000,0,212500000,147569,4722208,147569,4722208,9444416,1092553,250000000,steady,0,0,steady
fall250-clean,1603,17811110933,17811110933,250000000,0,212500000,147569,4722208,147569,4722208,9444416,0,250000000,steady,0,0,steady
fall250-clean,1604,17822222044,17822222044,250000000,0,212500000,147569,4722208,147569,4722208,9444416,0,250000000,steady,0,0,steady
fall250-clean,1605,17833333155,17833333155,250000000,0,212500000,147569,4722208,147569,4722208,9444416,0,250000000,steady,0,0,steady
fall250-clean,1606,17844444266,17844444266,250000000,0,212500000,147569,4722208,147569,4722208,9444416,0,250000000,steady,0,0,steady
fall250-clean,1607,17855555377,17855555377,250000000,0,212500000,147569,4722208,147569,4722208,9444416,0,250000000,steady,0,0,steady
fall250-clean,1608,17866666488,17866666488,250000000,0,212500000,147569,4722208,147569,4722208,9444416,0,250000000,steady,0,0,steady
fall250-clean,1609,17877777599,17877777599,250000000,0,212500000,147569,4722208,147569,4722208,9444416,0,250000000,steady,0,0,steady
fall250-clean,1610,17888888710,17888888710,250000000,0,212500000,147569,4722208,147569,4722208,9444416,0,250000000,steady,0,0,steady
fall250-clean,1611,17899999821,17899999821,250000000,0,212500000,147569,4722208,147569,4722208,9444416,0,250000000,steady,0,0,steady
fall250-clean,1612,17911110932,17911110932,250000000,0,212500000,147569,4722208,147569,4722208,9444416,0,250000000,steady,0,0,steady
fall250-clean,1613,17922222043,17922222043,250000000,0,212500000,147569,4722208,147569,4722208,9444416,0,250000000,steady,0,0,steady
fall250-clean,1614,17933333154,17933333154,250000000,0,212500000,147569,4722208,147569,4722208,9444416,0,250000000,steady,0,0,steady
fall250-clean,1615,17944444265,17944444265,250000000,0,212500000,147569,4722208,147569,4722208,9444416,0,250000000,steady,0,0,steady
fall250-clean,1616,17955555376,17955555376,250000000,0,212500000,147569,4722208,147569,4722208,9444416,0,250000000,steady,0,0,steady
fall250-clean,1617,17966666487,17966666487,250000000,0,212500000,147569,4722208,147569,4722208,9444416,0,250000000,steady,0,0,steady
fall250-clean,1618,17977777598,17977777598,250000000,0,212500000,147569,4722208,147569,4722208,9444416,0,250000000,steady,0,0,steady
fall250-clean,1619,17988888709,17988888709,250000000,0,212500000,147569,4722208,147569,4722208,9444416,0,250000000,steady,0,0,steady
fall250-clean,1620,17999999820,17999999820,250000000,0,212500000,147569,4722208,147569,4722208,9444416,0,250000000,steady,0,0,steady
fall250-clean,1621,18011110931,18011110931,250000000,0,212500000,147569,4722208,147569,4722208,9444416,0,250000000,steady,0,0,steady
fall250-clean,1622,18022222042,18022222042,250000000,0,212500000,147569,4722208,147569,4722208,9444416,0,250000000,steady,0,0,steady
fall250-clean,1623,18033333153,18033333153,250000000,0,212500000,147569,4722208,147569,4722208,9444416,0,250000000,steady,0,0,steady
fall250-clean,1624,18044444264,18044444264,250000000,0,212500000,147569,4722208,147569,4722208,9444416,0,250000000,steady,0,0,steady
fall250-clean,1625,18055555375,18055555375,250000000,0,212500000,147569,4722208,147569,4722208,9444416,0,250000000,steady,0,0,steady
fall250-clean,1626,18066666486,18066666486,250000000,0,212500000,147569,4722208,147569,4722208,9444416,0,250000000,steady,0,0,steady
fall250-clean,1627,18077777597,18077777597,250000000,0,212500000,147569,4722208,147569,4722208,9444416,0,250000000,steady,0,0,steady
fall250-clean,1628,18088888708,18088888708,250000000,0,212500000,147569,4722208,147569,4722208,9444416,0,250000000,steady,0,0,steady
fall250-clean,1629,18099999819,18099999819,250000000,0,212500000,147569,4722208,147569,4722208,9444416,0,250000000,steady,0,0,steady
fall250-clean,1630,18111110930,18111110930,250000000,0,212500000,147569,4722208,147569,4722208,9444416,0,250000000,steady,0,0,steady
fall250-clean,1631,18122222041,18122222041,250000000,0,212500000,147569,4722208,147569,4722208,9444416,0,250000000,steady,0,0,steady
fall250-clean,1632,18133333152,18133333152,250000000,0,212500000,147569,4722208,147569,4722208,9444416,0,250000000,steady,0,0,steady
fall250-clean,1633,18144444263,18144444263,250000000,0,212500000,147569,4722208,147569,4722208,9444416,0,250000000,steady,0,0,steady
fall250-clean,1634,18155555374,18155555374,250000000,0,212500000,147569,4722208,147569,4722208,9444416,0,250000000,steady,0,0,steady
fall250-clean,1635,18166666485,18166666485,250000000,0,212500000,147569,4722208,147569,4722208,9444416,0,250000000,steady,0,0,steady
fall250-clean,1636,18177777596,18177777596,250000000,0,212500000,147569,4722208,147569,4722208,9444416,0,250000000,steady,0,0,steady
fall250-clean,1637,18188888707,18188888707,250000000,0,212500000,147569,4722208,147569,4722208,9444416,0,250000000,steady,0,0,steady
fall250-clean,1638,18199999818,18199999818,250000000,0,212500000,147569,4722208,147569,4722208,9444416,0,250000000,steady,0,0,steady
fall250-clean,1639,18211110929,18211110929,250000000,0,212500000,147569,4722208,147569,4722208,9444416,0,250000000,steady,0,0,steady
fall250-clean,1640,18222222040,18222222040,250000000,0,212500000,147569,4722208,147569,4722208,9444416,0,250000000,steady,0,0,steady
fall250-clean,1641,18233333151,18233333151,250000000,0,212500000,147569,4722208,147569,4722208,9444416,0,250000000,steady,0,0,steady
fall250-clean,1642,18244444262,18244444262,250000000,0,212500000,147569,4722208,147569,4722208,9444416,0,250000000,steady,0,0,steady
fall250-clean,1643,18255555373,18255555373,250000000,0,212500000,147569,4722208,147569,4722208,9444416,0,250000000,steady,0,0,steady
fall250-clean,1644,18266666484,18266666484,250000000,0,212500000,147569,4722208,147569,4722208,9444416,0,250000000,steady,0,0,steady
fall250-clean,1645,18277777595,18277777595,250000000,0,212500000,147569,4722208,147569,4722208,9444416,0,250000000,steady,0,0,steady
fall250-clean,1646,18288888706,18288888706,250000000,0,212500000,147569,4722208,147569,4722208,9444416,0,250000000,steady,0,0,steady
fall250-clean,1647,18299999817,18299999817,250000000,0,212500000,147569,4722208,147569,4722208,9444416,0,250000000,steady,0,0,steady
fall250-clean,1648,18311110928,18311110928,250000000,0,212500000,147569,4722208,147569,4722208,9444416,0,250000000,steady,0,0,steady
fall250-clean,1649,18322222039,18322222039,250000000,0,212500000,147569,4722208,147569,4722208,9444416,0,250000000,steady,0,0,steady
fall250-clean,1650,18333333150,18333333150,250000000,0,212500000,147569,4722208,147569,4722208,9444416,0,250000000,steady,0,0,steady
fall250-clean,1651,18344444261,18344444261,250000000,0,212500000,147569,4722208,147569,4722208,9444416,0,250000000,steady,0,0,steady
fall250-clean,1652,18355555372,18355555372,250000000,0,212500000,147569,4722208,147569,4722208,9444416,0,250000000,steady,0,0,steady
fall250-clean,1653,18366666483,18366666483,250000000,0,212500000,147569,4722208,147569,4722208,9444416,0,250000000,steady,0,0,steady
fall250-clean,1654,18377777594,18377777594,250000000,0,212500000,147569,4722208,147569,4722208,9444416,0,250000000,steady,0,0,steady
fall250-clean,1655,18388888705,18388888705,250000000,0,212500000,147569,4722208,147569,4722208,9444416,0,250000000,steady,0,0,steady
fall250-clean,1656,18399999816,18399999816,250000000,0,212500000,147569,4722208,147569,4722208,9444416,0,250000000,steady,0,0,steady
fall250-clean,1657,18411110927,18411110927,250000000,0,212500000,147569,4722208,147569,4722208,9444416,0,250000000,steady,0,0,steady
fall250-clean,1658,18422222038,18422222038,250000000,0,212500000,147569,4722208,147569,4722208,9444416,0,250000000,steady,0,0,steady
fall250-clean,1659,18433333149,18433333149,250000000,0,212500000,147569,4722208,147569,4722208,9444416,0,250000000,steady,0,0,steady
fall250-clean,1660,18444444260,18444444260,250000000,0,212500000,147569,4722208,147569,4722208,9444416,0,250000000,steady,0,0,steady
fall250-clean,1661,18455555371,18455555371,250000000,0,212500000,147569,4722208,147569,4722208,9444416,0,250000000,steady,0,0,steady
fall250-clean,1662,18466666482,18466666482,250000000,0,212500000,147569,4722208,147569,4722208,9444416,0,250000000,steady,0,0,steady
fall250-clean,1663,18477777593,18477777593,250000000,0,212500000,147569,4722208,147569,4722208,9444416,0,250000000,steady,0,0,steady
fall250-clean,1664,18488888704,18488888704,250000000,0,212500000,147569,4722208,147569,4722208,9444416,0,250000000,steady,0,0,steady
fall250-clean,1665,18499999815,18499999815,250000000,0,212500000,147569,4722208,147569,4722208,9444416,0,250000000,steady,0,0,steady
fall250-clean,1666,18511110926,18511110926,250000000,0,212500000,147569,4722208,147569,4722208,9444416,0,250000000,steady,0,0,steady
fall250-clean,1667,18522222037,18522222037,250000000,0,212500000,147569,4722208,147569,4722208,9444416,0,250000000,steady,0,0,steady
fall250-clean,1668,18533333148,18533333148,250000000,0,212500000,147569,4722208,147569,4722208,9444416,0,250000000,steady,0,0,steady
fall250-clean,1669,18544444259,18544444259,250000000,0,212500000,147569,4722208,147569,4722208,9444416,0,250000000,steady,0,0,steady
fall250-clean,1670,18555555370,18555555370,250000000,0,212500000,147569,4722208,147569,4722208,9444416,0,250000000,steady,0,0,steady
fall250-clean,1671,18566666481,18566666481,250000000,0,212500000,147569,4722208,147569,4722208,9444416,0,250000000,steady,0,0,steady
fall250-clean,1672,18577777592,18577777592,250000000,0,212500000,147569,4722208,147569,4722208,9444416,0,250000000,steady,0,0,steady
fall250-clean,1673,18588888703,18588888703,250000000,0,212500000,147569,4722208,147569,4722208,9444416,0,250000000,steady,0,0,steady
fall250-clean,1674,18599999814,18599999814,250000000,0,212500000,147569,4722208,147569,4722208,9444416,0,250000000,steady,0,0,steady
fall250-clean,1675,18611110925,18611110925,250000000,0,212500000,147569,4722208,147569,4722208,9444416,0,250000000,steady,0,0,steady
fall250-clean,1676,18622222036,18622222036,250000000,0,212500000,147569,4722208,147569,4722208,9444416,0,250000000,steady,0,0,steady
fall250-clean,1677,18633333147,18633333147,250000000,0,212500000,147569,4722208,147569,4722208,9444416,0,250000000,steady,0,0,steady
fall250-clean,1678,18644444258,18644444258,250000000,0,212500000,147569,4722208,147569,4722208,9444416,0,250000000,steady,0,0,steady
fall250-clean,1679,18655555369,18655555369,250000000,0,212500000,147569,4722208,147569,4722208,9444416,0,250000000,steady,0,0,steady
fall250-clean,1680,18666666480,18666666480,250000000,0,212500000,147569,4722208,147569,4722208,9444416,0,250000000,steady,0,0,steady
fall250-clean,1681,18677777591,18677777591,250000000,0,212500000,147569,4722208,147569,4722208,9444416,0,250000000,steady,0,0,steady
fall250-clean,1682,18688888702,18688888702,250000000,0,212500000,147569,4722208,147569,4722208,9444416,0,250000000,steady,0,0,steady
fall250-clean,1683,18699999813,18699999813,250000000,0,212500000,147569,4722208,147569,4722208,9444416,0,250000000,steady,0,0,steady
fall250-clean,1684,18711110924,18711110924,250000000,0,212500000,147569,4722208,147569,4722208,9444416,0,250000000,steady,0,0,steady
fall250-clean,1685,18722222035,18722222035,250000000,0,212500000,147569,4722208,147569,4722208,9444416,0,250000000,steady,0,0,steady
fall250-clean,1686,18733333146,18733333146,250000000,0,212500000,147569,4722208,147569,4722208,9444416,0,250000000,steady,0,0,steady
fall250-clean,1687,18744444257,18744444257,250000000,0,212500000,147569,4722208,147569,4722208,9444416,0,250000000,steady,0,0,steady
fall250-clean,1688,18755555368,18755555368,250000000,0,212500000,147569,4722208,147569,4722208,9444416,0,250000000,steady,0,0,steady
fall250-clean,1689,18766666479,18766666479,250000000,0,212500000,147569,4722208,147569,4722208,9444416,0,250000000,steady,0,0,steady
fall250-clean,1690,18777777590,18777777590,250000000,0,212500000,147569,4722208,147569,4722208,9444416,0,250000000,steady,0,0,steady
fall250-clean,1691,18788888701,18788888701,250000000,0,212500000,147569,4722208,147569,4722208,9444416,0,250000000,steady,0,0,steady
fall250-clean,1692,18799999812,18799999812,250000000,0,212500000,147569,4722208,147569,4722208,9444416,0,250000000,steady,0,0,steady
fall250-clean,1693,18811110923,18811110923,250000000,0,212500000,147569,4722208,147569,4722208,9444416,0,250000000,steady,0,0,steady
fall250-clean,1694,18822222034,18822222034,250000000,0,212500000,147569,4722208,147569,4722208,9444416,0,250000000,steady,0,0,steady
fall250-clean,1695,18833333145,18833333145,250000000,0,212500000,147569,4722208,147569,4722208,9444416,0,250000000,steady,0,0,steady
fall250-clean,1696,18844444256,18844444256,250000000,0,212500000,147569,4722208,147569,4722208,9444416,0,250000000,steady,0,0,steady
fall250-clean,1697,18855555367,18855555367,250000000,0,212500000,147569,4722208,147569,4722208,9444416,0,250000000,steady,0,0,steady
fall250-clean,1698,18866666478,18866666478,250000000,0,212500000,147569,4722208,147569,4722208,9444416,0,250000000,steady,0,0,steady
fall250-clean,1699,18877777589,18877777589,250000000,0,212500000,147569,4722208,147569,4722208,9444416,0,250000000,steady,0,0,steady
fall250-clean,1700,18888888700,18888888700,250000000,0,212500000,147569,4722208,147569,4722208,9444416,0,250000000,steady,0,0,steady
fall250-clean,1701,18899999811,18899999811,250000000,0,212500000,147569,4722208,147569,4722208,9444416,0,250000000,steady,0,0,steady
fall250-clean,1702,18911110922,18911110922,250000000,0,212500000,147569,4722208,147569,4722208,9444416,0,250000000,steady,0,0,steady
fall250-clean,1703,18922222033,18922222033,250000000,0,212500000,147569,4722208,147569,4722208,9444416,0,250000000,steady,0,0,steady
fall250-clean,1704,18933333144,18933333144,250000000,0,212500000,147569,4722208,147569,4722208,9444416,0,250000000,steady,0,0,steady
fall250-clean,1705,18944444255,18944444255,250000000,0,212500000,147569,4722208,147569,4722208,9444416,0,250000000,steady,0,0,steady
fall250-clean,1706,18955555366,18955555366,250000000,0,212500000,147569,4722208,147569,4722208,9444416,0,250000000,steady,0,0,steady
fall250-clean,1707,18966666477,18966666477,250000000,0,212500000,147569,4722208,147569,4722208,9444416,0,250000000,steady,0,0,steady
fall250-clean,1708,18977777588,18977777588,250000000,0,212500000,147569,4722208,147569,4722208,9444416,0,250000000,steady,0,0,steady
fall250-clean,1709,18988888699,18988888699,250000000,0,212500000,147569,4722208,147569,4722208,9444416,0,250000000,steady,0,0,steady
fall250-clean,1710,18999999810,18999999810,250000000,0,212500000,147569,4722208,147569,4722208,9444416,0,250000000,steady,0,0,steady
fall250-clean,1711,19011110921,19011110921,250000000,0,212500000,147569,4722208,147569,4722208,9444416,0,250000000,steady,0,0,steady
fall250-clean,1712,19022222032,19022222032,250000000,0,212500000,147569,4722208,147569,4722208,9444416,0,250000000,steady,0,0,steady
fall250-clean,1713,19033333143,19033333143,250000000,0,212500000,147569,4722208,147569,4722208,9444416,0,250000000,steady,0,0,steady
fall250-clean,1714,19044444254,19044444254,250000000,0,212500000,147569,4722208,147569,4722208,9444416,0,250000000,steady,0,0,steady
fall250-clean,1715,19055555365,19055555365,250000000,0,212500000,147569,4722208,147569,4722208,9444416,0,250000000,steady,0,0,steady
fall250-clean,1716,19066666476,19066666476,250000000,0,212500000,147569,4722208,147569,4722208,9444416,0,250000000,steady,0,0,steady
fall250-clean,1717,19077777587,19077777587,250000000,0,212500000,147569,4722208,147569,4722208,9444416,0,250000000,steady,0,0,steady
fall250-clean,1718,19088888698,19088888698,250000000,0,212500000,147569,4722208,147569,4722208,9444416,0,250000000,steady,0,0,steady
fall250-clean,1719,19099999809,19099999809,250000000,0,212500000,147569,4722208,147569,4722208,9444416,0,250000000,steady,0,0,steady
fall250-clean,1720,19111110920,19111110920,250000000,0,212500000,147569,4722208,147569,4722208,9444416,0,250000000,steady,0,0,steady
fall250-clean,1721,19122222031,19122222031,250000000,0,212500000,147569,4722208,147569,4722208,9444416,0,250000000,steady,0,0,steady
fall250-clean,1722,19133333142,19133333142,250000000,0,212500000,147569,4722208,147569,4722208,9444416,0,250000000,steady,0,0,steady
fall250-clean,1723,19144444253,19144444253,250000000,0,212500000,147569,4722208,147569,4722208,9444416,0,250000000,steady,0,0,steady
fall250-clean,1724,19155555364,19155555364,250000000,0,212500000,147569,4722208,147569,4722208,9444416,0,250000000,steady,0,0,steady
fall250-clean,1725,19166666475,19166666475,250000000,0,212500000,147569,4722208,147569,4722208,9444416,0,250000000,steady,0,0,steady
fall250-clean,1726,19177777586,19177777586,250000000,0,212500000,147569,4722208,147569,4722208,9444416,0,250000000,steady,0,0,steady
fall250-clean,1727,19188888697,19188888697,250000000,0,212500000,147569,4722208,147569,4722208,9444416,0,250000000,steady,0,0,steady
fall250-clean,1728,19199999808,19199999808,250000000,0,212500000,147569,4722208,147569,4722208,9444416,0,250000000,steady,0,0,steady
fall250-clean,1729,19211110919,19211110919,250000000,0,212500000,147569,4722208,147569,4722208,9444416,0,250000000,steady,0,0,steady
fall250-clean,1730,19222222030,19222222030,250000000,0,212500000,147569,4722208,147569,4722208,9444416,0,250000000,steady,0,0,steady
fall250-clean,1731,19233333141,19233333141,250000000,0,212500000,147569,4722208,147569,4722208,9444416,0,250000000,steady,0,0,steady
fall250-clean,1732,19244444252,19244444252,250000000,0,212500000,147569,4722208,147569,4722208,9444416,0,250000000,steady,0,0,steady
fall250-clean,1733,19255555363,19255555363,250000000,0,212500000,147569,4722208,147569,4722208,9444416,0,250000000,steady,0,0,steady
fall250-clean,1734,19266666474,19266666474,250000000,0,212500000,147569,4722208,147569,4722208,9444416,0,250000000,steady,0,0,steady
fall250-clean,1735,19277777585,19277777585,250000000,0,212500000,147569,4722208,147569,4722208,9444416,0,250000000,steady,0,0,steady
fall250-clean,1736,19288888696,19288888696,250000000,0,212500000,147569,4722208,147569,4722208,9444416,0,250000000,steady,0,0,steady
fall250-clean,1737,19299999807,19299999807,250000000,0,212500000,147569,4722208,147569,4722208,9444416,0,250000000,steady,0,0,steady
fall250-clean,1738,19311110918,19311110918,250000000,0,212500000,147569,4722208,147569,4722208,9444416,0,250000000,steady,0,0,steady
fall250-clean,1739,19322222029,19322222029,250000000,0,212500000,147569,4722208,147569,4722208,9444416,0,250000000,steady,0,0,steady
fall250-clean,1740,19333333140,19333333140,250000000,0,212500000,147569,4722208,147569,4722208,9444416,0,250000000,steady,0,0,steady
fall250-clean,1741,19344444251,19344444251,250000000,0,212500000,147569,4722208,147569,4722208,9444416,0,250000000,steady,0,0,steady
fall250-clean,1742,19355555362,19355555362,250000000,0,212500000,147569,4722208,147569,4722208,9444416,0,250000000,steady,0,0,steady
fall250-clean,1743,19366666473,19366666473,250000000,0,212500000,147569,4722208,147569,4722208,9444416,0,250000000,steady,0,0,steady
fall250-clean,1744,19377777584,19377777584,250000000,0,212500000,147569,4722208,147569,4722208,9444416,0,250000000,steady,0,0,steady
fall250-clean,1745,19388888695,19388888695,250000000,0,212500000,147569,4722208,147569,4722208,9444416,0,250000000,steady,0,0,steady
fall250-clean,1746,19399999806,19399999806,250000000,0,212500000,147569,4722208,147569,4722208,9444416,0,250000000,steady,0,0,steady
fall250-clean,1747,19411110917,19411110917,250000000,0,212500000,147569,4722208,147569,4722208,9444416,0,250000000,steady,0,0,steady
fall250-clean,1748,19422222028,19422222028,250000000,0,212500000,147569,4722208,147569,4722208,9444416,0,250000000,steady,0,0,steady
fall250-clean,1749,19433333139,19433333139,250000000,0,212500000,147569,4722208,147569,4722208,9444416,0,250000000,steady,0,0,steady
fall250-clean,1750,19444444250,19444444250,250000000,0,212500000,147569,4722208,147569,4722208,9444416,0,250000000,steady,0,0,steady
fall250-clean,1751,19455555361,19455555361,250000000,0,212500000,147569,4722208,147569,4722208,9444416,0,250000000,steady,0,0,steady
fall250-clean,1752,19466666472,19466666472,250000000,0,212500000,147569,4722208,147569,4722208,9444416,0,250000000,steady,0,0,steady
fall250-clean,1753,19477777583,19477777583,250000000,0,212500000,147569,4722208,147569,4722208,9444416,0,250000000,steady,0,0,steady
fall250-clean,1754,19488888694,19488888694,250000000,0,212500000,147569,4722208,147569,4722208,9444416,0,250000000,steady,0,0,steady
fall250-clean,1755,19499999805,19499999805,250000000,0,212500000,147569,4722208,147569,4722208,9444416,0,250000000,steady,0,0,steady
fall250-clean,1756,19511110916,19511110916,250000000,0,212500000,147569,4722208,147569,4722208,9444416,0,250000000,steady,0,0,steady
fall250-clean,1757,19522222027,19522222027,250000000,0,212500000,147569,4722208,147569,4722208,9444416,0,250000000,steady,0,0,steady
fall250-clean,1758,19533333138,19533333138,250000000,0,212500000,147569,4722208,147569,4722208,9444416,0,250000000,steady,0,0,steady
fall250-clean,1759,19544444249,19544444249,250000000,0,212500000,147569,4722208,147569,4722208,9444416,0,250000000,steady,0,0,steady
fall250-clean,1760,19555555360,19555555360,250000000,0,212500000,147569,4722208,147569,4722208,9444416,0,250000000,steady,0,0,steady
fall250-clean,1761,19566666471,19566666471,250000000,0,212500000,147569,4722208,147569,4722208,9444416,0,250000000,steady,0,0,steady
fall250-clean,1762,19577777582,19577777582,250000000,0,212500000,147569,4722208,147569,4722208,9444416,0,250000000,steady,0,0,steady
fall250-clean,1763,19588888693,19588888693,250000000,0,212500000,147569,4722208,147569,4722208,9444416,0,250000000,steady,0,0,steady
fall250-clean,1764,19599999804,19599999804,250000000,0,212500000,147569,4722208,147569,4722208,9444416,0,250000000,steady,0,0,steady
fall250-clean,1765,19611110915,19611110915,250000000,0,212500000,147569,4722208,147569,4722208,9444416,0,250000000,steady,0,0,steady
fall250-clean,1766,19622222026,19622222026,250000000,0,212500000,147569,4722208,147569,4722208,9444416,0,250000000,steady,0,0,steady
fall250-clean,1767,19633333137,19633333137,250000000,0,212500000,147569,4722208,147569,4722208,9444416,0,250000000,steady,0,0,steady
fall250-clean,1768,19644444248,19644444248,250000000,0,212500000,147569,4722208,147569,4722208,9444416,0,250000000,steady,0,0,steady
fall250-clean,1769,19655555359,19655555359,250000000,0,212500000,147569,4722208,147569,4722208,9444416,0,250000000,steady,0,0,steady
fall250-clean,1770,19666666470,19666666470,250000000,0,212500000,147569,4722208,147569,4722208,9444416,0,250000000,steady,0,0,steady
fall250-clean,1771,19677777581,19677777581,250000000,0,212500000,147569,4722208,147569,4722208,9444416,0,250000000,steady,0,0,steady
fall250-clean,1772,19688888692,19688888692,250000000,0,212500000,147569,4722208,147569,4722208,9444416,0,250000000,steady,0,0,steady
fall250-clean,1773,19699999803,19699999803,250000000,0,212500000,147569,4722208,147569,4722208,9444416,0,250000000,steady,0,0,steady
fall250-clean,1774,19711110914,19711110914,250000000,0,212500000,147569,4722208,147569,4722208,9444416,0,250000000,steady,0,0,steady
fall250-clean,1775,19722222025,19722222025,250000000,0,212500000,147569,4722208,147569,4722208,9444416,0,250000000,steady,0,0,steady
fall250-clean,1776,19733333136,19733333136,250000000,0,212500000,147569,4722208,147569,4722208,9444416,0,250000000,steady,0,0,steady
fall250-clean,1777,19744444247,19744444247,250000000,0,212500000,147569,4722208,147569,4722208,9444416,0,250000000,steady,0,0,steady
fall250-clean,1778,19755555358,19755555358,250000000,0,212500000,147569,4722208,147569,4722208,9444416,0,250000000,steady,0,0,steady
fall250-clean,1779,19766666469,19766666469,250000000,0,212500000,147569,4722208,147569,4722208,9444416,0,250000000,steady,0,0,steady
fall250-clean,1780,19777777580,19777777580,250000000,0,212500000,147569,4722208,147569,4722208,9444416,0,250000000,steady,0,0,steady
fall250-clean,1781,19788888691,19788888691,250000000,0,212500000,147569,4722208,147569,4722208,9444416,0,250000000,steady,0,0,steady
fall250-clean,1782,19799999802,19799999802,250000000,0,212500000,147569,4722208,147569,4722208,9444416,0,250000000,steady,0,0,steady
fall250-clean,1783,19811110913,19811110913,250000000,0,212500000,147569,4722208,147569,4722208,9444416,0,250000000,steady,0,0,steady
fall250-clean,1784,19822222024,19822222024,250000000,0,212500000,147569,4722208,147569,4722208,9444416,0,250000000,steady,0,0,steady
fall250-clean,1785,19833333135,19833333135,250000000,0,212500000,147569,4722208,147569,4722208,9444416,0,250000000,steady,0,0,steady
fall250-clean,1786,19844444246,19844444246,250000000,0,212500000,147569,4722208,147569,4722208,9444416,0,250000000,steady,0,0,steady
fall250-clean,1787,19855555357,19855555357,250000000,0,212500000,147569,4722208,147569,4722208,9444416,0,250000000,steady,0,0,steady
fall250-clean,1788,19866666468,19866666468,250000000,0,212500000,147569,4722208,147569,4722208,9444416,0,250000000,steady,0,0,steady
fall250-clean,1789,19877777579,19877777579,250000000,0,212500000,147569,4722208,147569,4722208,9444416,0,250000000,steady,0,0,steady
fall250-clean,1790,19888888690,19888888690,250000000,0,212500000,147569,4722208,147569,4722208,9444416,0,250000000,steady,0,0,steady
fall250-clean,1791,19899999801,19899999801,250000000,0,212500000,147569,4722208,147569,4722208,9444416,0,250000000,steady,0,0,steady
fall250-clean,1792,19911110912,19911110912,250000000,0,212500000,147569,4722208,147569,4722208,9444416,0,250000000,steady,0,0,steady
fall250-clean,1793,19922222023,19922222023,250000000,0,212500000,147569,4722208,147569,4722208,9444416,0,250000000,steady,0,0,steady
fall250-clean,1794,19933333134,19933333134,250000000,0,212500000,147569,4722208,147569,4722208,9444416,0,250000000,steady,0,0,steady
fall250-clean,1795,19944444245,19944444245,250000000,0,212500000,147569,4722208,147569,4722208,9444416,0,250000000,steady,0,0,steady
fall250-clean,1796,19955555356,19955555356,250000000,0,212500000,147569,4722208,147569,4722208,9444416,0,250000000,steady,0,0,steady
fall250-clean,1797,19966666467,19966666467,250000000,0,212500000,147569,4722208,147569,4722208,9444416,0,250000000,steady,0,0,steady
fall250-clean,1798,19977777578,19977777578,250000000,0,212500000,147569,4722208,147569,4722208,9444416,0,250000000,steady,0,0,steady
fall250-clean,1799,19988888689,19988888689,250000000,0,212500000,147569,4722208,147569,4722208,9444416,0,250000000,steady,0,0,steady
fall250-clean,1800,19999999800,19999999800,250000000,0,212500000,147569,4722208,147569,4722208,9444416,0,250000000,steady,0,0,steady
fall250-clean,1801,20011110911,20011110911,250000000,0,212500000,147569,4722208,147569,4722208,9444416,0,250000000,steady,0,0,steady
fall250-clean,1802,20022222022,20022222022,250000000,0,212500000,147569,4722208,147569,4722208,9444416,0,250000000,steady,0,0,steady
fall250-clean,1803,20033333133,20033333133,250000000,0,212500000,147569,4722208,147569,4722208,9444416,0,250000000,steady,0,0,steady
fall250-clean,1804,20044444244,20044444244,250000000,0,212500000,147569,4722208,147569,4722208,9444416,0,250000000,steady,0,0,steady
fall250-clean,1805,20055555355,20055555355,250000000,0,212500000,147569,4722208,147569,4722208,9444416,0,250000000,steady,0,0,steady
fall250-clean,1806,20066666466,20066666466,250000000,0,212500000,147569,4722208,147569,4722208,9444416,0,250000000,steady,0,0,steady
fall250-clean,1807,20077777577,20077777577,250000000,0,212500000,147569,4722208,147569,4722208,9444416,0,250000000,steady,0,0,steady
fall250-clean,1808,20088888688,20088888688,250000000,0,212500000,147569,4722208,147569,4722208,9444416,0,250000000,steady,0,0,steady
fall250-clean,1809,20099999799,20099999799,250000000,0,212500000,147569,4722208,147569,4722208,9444416,0,250000000,steady,0,0,steady
fall250-clean,1810,20111110910,20111110910,250000000,0,212500000,147569,4722208,147569,4722208,9444416,0,250000000,steady,0,0,steady
fall250-clean,1811,20122222021,20122222021,250000000,0,212500000,147569,4722208,147569,4722208,9444416,0,250000000,steady,0,0,steady
fall250-clean,1812,20133333132,20133333132,250000000,0,212500000,147569,4722208,147569,4722208,9444416,0,250000000,steady,0,0,steady
fall250-clean,1813,20144444243,20144444243,250000000,0,212500000,147569,4722208,147569,4722208,9444416,0,250000000,steady,0,0,steady
fall250-clean,1814,20155555354,20155555354,250000000,0,212500000,147569,4722208,147569,4722208,9444416,0,250000000,steady,0,0,steady
fall250-clean,1815,20166666465,20166666465,250000000,0,212500000,147569,4722208,147569,4722208,9444416,0,250000000,steady,0,0,steady
fall250-clean,1816,20177777576,20177777576,250000000,0,212500000,147569,4722208,147569,4722208,9444416,0,250000000,steady,0,0,steady
fall250-clean,1817,20188888687,20188888687,250000000,0,212500000,147569,4722208,147569,4722208,9444416,0,250000000,steady,0,0,steady
fall250-clean,1818,20199999798,20199999798,250000000,0,212500000,147569,4722208,147569,4722208,9444416,0,250000000,steady,0,0,steady
fall250-clean,1819,20211110909,20211110909,250000000,0,212500000,147569,4722208,147569,4722208,9444416,0,250000000,steady,0,0,steady
fall250-clean,1820,20222222020,20222222020,250000000,0,212500000,147569,4722208,147569,4722208,9444416,0,250000000,steady,0,0,steady
fall250-clean,1821,20233333131,20233333131,250000000,0,212500000,147569,4722208,147569,4722208,9444416,0,250000000,steady,0,0,steady
fall250-clean,1822,20244444242,20244444242,250000000,0,212500000,147569,4722208,147569,4722208,9444416,0,250000000,steady,0,0,steady
fall250-clean,1823,20255555353,20255555353,250000000,0,212500000,147569,4722208,147569,4722208,9444416,0,250000000,steady,0,0,steady
fall250-clean,1824,20266666464,20266666464,250000000,0,212500000,147569,4722208,147569,4722208,9444416,0,250000000,steady,0,0,steady
fall250-clean,1825,20277777575,20277777575,250000000,0,212500000,147569,4722208,147569,4722208,9444416,0,250000000,steady,0,0,steady
fall250-clean,1826,20288888686,20288888686,250000000,0,212500000,147569,4722208,147569,4722208,9444416,0,250000000,steady,0,0,steady
fall250-clean,1827,20299999797,20299999797,250000000,0,212500000,147569,4722208,147569,4722208,9444416,0,250000000,steady,0,0,steady
fall250-clean,1828,20311110908,20311110908,250000000,0,212500000,147569,4722208,147569,4722208,9444416,0,250000000,steady,0,0,steady
fall250-clean,1829,20322222019,20322222019,250000000,0,212500000,147569,4722208,147569,4722208,9444416,0,250000000,steady,0,0,steady
fall250-clean,1830,20333333130,20333333130,250000000,0,212500000,147569,4722208,147569,4722208,9444416,0,250000000,steady,0,0,steady
fall250-clean,1831,20344444241,20344444241,250000000,0,212500000,147569,4722208,147569,4722208,9444416,0,250000000,steady,0,0,steady
fall250-clean,1832,20355555352,20355555352,250000000,0,212500000,147569,4722208,147569,4722208,9444416,0,250000000,steady,0,0,steady
fall250-clean,1833,20366666463,20366666463,250000000,0,212500000,147569,4722208,147569,4722208,9444416,0,250000000,steady,0,0,steady
fall250-clean,1834,20377777574,20377777574,250000000,0,212500000,147569,4722208,147569,4722208,9444416,0,250000000,steady,0,0,steady
fall250-clean,1835,20388888685,20388888685,250000000,0,212500000,147569,4722208,147569,4722208,9444416,0,250000000,steady,0,0,steady
fall250-clean,1836,20399999796,20399999796,250000000,0,212500000,147569,4722208,147569,4722208,9444416,0,250000000,steady,0,0,steady
fall250-clean,1837,20411110907,20411110907,250000000,0,212500000,147569,4722208,147569,4722208,9444416,0,250000000,steady,0,0,steady
fall250-clean,1838,20422222018,20422222018,250000000,0,212500000,147569,4722208,147569,4722208,9444416,0,250000000,steady,0,0,steady
fall250-clean,1839,20433333129,20433333129,250000000,0,212500000,147569,4722208,147569,4722208,9444416,0,250000000,steady,0,0,steady
fall250-clean,1840,20444444240,20444444240,250000000,0,212500000,147569,4722208,147569,4722208,9444416,0,250000000,steady,0,0,steady
fall250-clean,1841,20455555351,20455555351,250000000,0,212500000,147569,4722208,147569,4722208,9444416,0,250000000,steady,0,0,steady
fall250-clean,1842,20466666462,20466666462,250000000,0,212500000,147569,4722208,147569,4722208,9444416,0,250000000,steady,0,0,steady
fall250-clean,1843,20477777573,20477777573,250000000,0,212500000,147569,4722208,147569,4722208,9444416,0,250000000,steady,0,0,steady
fall250-clean,1844,20488888684,20488888684,250000000,0,212500000,147569,4722208,147569,4722208,9444416,0,250000000,steady,0,0,steady
fall250-clean,1845,20499999795,20499999795,250000000,0,212500000,147569,4722208,147569,4722208,9444416,0,250000000,steady,0,0,steady
fall250-clean,1846,20511110906,20511110906,250000000,0,212500000,147569,4722208,147569,4722208,9444416,0,250000000,steady,0,0,steady
fall250-clean,1847,20522222017,20522222017,250000000,0,212500000,147569,4722208,147569,4722208,9444416,0,250000000,steady,0,0,steady
fall250-clean,1848,20533333128,20533333128,250000000,0,212500000,147569,4722208,147569,4722208,9444416,0,250000000,steady,0,0,steady
fall250-clean,1849,20544444239,20544444239,250000000,0,212500000,147569,4722208,147569,4722208,9444416,0,250000000,steady,0,0,steady
fall250-clean,1850,20555555350,20555555350,250000000,0,212500000,147569,4722208,147569,4722208,9444416,0,250000000,steady,0,0,steady
fall250-clean,1851,20566666461,20566666461,250000000,0,212500000,147569,4722208,147569,4722208,9444416,0,250000000,steady,0,0,steady
fall250-clean,1852,20577777572,20577777572,250000000,0,212500000,147569,4722208,147569,4722208,9444416,0,250000000,steady,0,0,steady
fall250-clean,1853,20588888683,20588888683,250000000,0,212500000,147569,4722208,147569,4722208,9444416,0,250000000,steady,0,0,steady
fall250-clean,1854,20599999794,20599999794,250000000,0,212500000,147569,4722208,147569,4722208,9444416,0,250000000,steady,0,0,steady
fall250-clean,1855,20611110905,20611110905,250000000,0,212500000,147569,4722208,147569,4722208,9444416,0,250000000,steady,0,0,steady
fall250-clean,1856,20622222016,20622222016,250000000,0,212500000,147569,4722208,147569,4722208,9444416,0,250000000,steady,0,0,steady
fall250-clean,1857,20633333127,20633333127,250000000,0,212500000,147569,4722208,147569,4722208,9444416,0,250000000,steady,0,0,steady
fall250-clean,1858,20644444238,20644444238,250000000,0,212500000,147569,4722208,147569,4722208,9444416,0,250000000,probe,1,0,steady
fall250-clean,1859,20655555349,20655555349,250000000,0,275000000,190972,6111104,190972,6111104,12222208,0,250000000,probe,0,0,probe
fall250-clean,1860,20666666460,20667777557,250000000,0,275000000,190972,6111104,190972,6111104,12222208,1111097,250000000,probe,0,0,probe
fall250-clean,1861,20677777571,20679999765,250000000,0,275000000,190972,6111104,190972,6111104,12222208,2222194,250000000,probe,0,0,probe
fall250-clean,1862,20688888682,20692221973,250000000,0,275000000,190972,6111104,190972,6111104,12222208,3333291,250000000,probe,0,0,probe
fall250-clean,1863,20699999793,20704444181,250000000,0,275000000,190972,6111104,190972,6111104,12222208,4444388,250000000,probe,0,0,probe
fall250-clean,1864,20711110904,20716666389,250000000,0,275000000,190972,6111104,190972,6111104,12222208,5555485,250000000,probe,0,0,probe
fall250-clean,1865,20722222015,20728888597,250000000,0,275000000,190972,6111104,190972,6111104,12222208,6666582,250000000,probe,0,0,probe
fall250-clean,1866,20733333126,20741110805,250000000,0,275000000,190972,6111104,190972,6111104,12222208,7777679,250000000,probe,0,0,probe
fall250-clean,1867,20744444237,20753333013,250000000,0,275000000,190972,6111104,190972,6111104,12222208,8888776,250000000,probe,0,0,probe
fall250-clean,1868,20755555348,20765555221,250000000,0,275000000,190972,6111104,190972,6111104,12222208,9999873,250000000,probe,0,0,probe
fall250-clean,1869,20766666459,20777777429,250000000,0,275000000,190972,6111104,190972,6111104,12222208,11110970,250000000,probe,0,0,probe
fall250-clean,1870,20777777570,20789999637,250000000,0,275000000,190972,6111104,190972,6111104,12222208,12222067,250000000,probe,0,0,probe
fall250-clean,1871,20788888681,20802221845,250000000,0,275000000,190972,6111104,190972,6111104,12222208,13333164,250000000,probe,0,0,probe
fall250-clean,1872,20799999792,20814444053,250000000,0,275000000,190972,6111104,190972,6111104,12222208,14444261,250000000,probe,0,0,probe
fall250-clean,1873,20811110903,20826666261,250000000,0,275000000,190972,6111104,190972,6111104,12222208,15555358,250000000,probe,0,0,probe
fall250-clean,1874,20822222014,20838888469,250000000,0,275000000,190972,6111104,190972,6111104,12222208,16666455,250000000,probe,0,0,probe
fall250-clean,1875,20833333125,20851110677,250000000,0,275000000,190972,6111104,190972,6111104,12222208,17777552,250000000,probe,0,0,probe
fall250-clean,1876,20844444236,20863332885,250000000,0,275000000,190972,6111104,190972,6111104,12222208,18888649,250000000,probe,0,0,probe
fall250-clean,1877,20855555347,20875555093,250000000,0,275000000,190972,6111104,190972,6111104,12222208,19999746,250000000,probe,0,0,probe
fall250-clean,1878,20866666458,20887777301,250000000,0,275000000,190972,6111104,190972,6111104,12222208,21110843,250000000,probe,0,0,probe
fall250-clean,1879,20877777569,20899999509,250000000,0,275000000,190972,6111104,190972,6111104,12222208,22221940,250000000,probe,0,0,probe
fall250-clean,1880,20888888680,20912221717,250000000,0,275000000,190972,6111104,190972,6111104,12222208,23333037,250000000,probe,0,0,probe
fall250-clean,1881,20899999791,20924443925,250000000,0,275000000,190972,6111104,190972,6111104,12222208,24444134,250000000,probe,0,0,probe
fall250-clean,1882,20911110902,20936666133,250000000,0,275000000,190972,6111104,190972,6111104,12222208,25555231,250000000,probe,0,0,probe
fall250-clean,1883,20922222013,20948888341,250000000,0,275000000,190972,6111104,190972,6111104,12222208,26666328,250000000,probe,0,0,probe
fall250-clean,1884,20933333124,20961110549,250000000,0,275000000,190972,6111104,190972,6111104,12222208,27777425,250000000,probe,0,0,probe
fall250-clean,1885,20944444235,20973332757,250000000,0,275000000,190972,6111104,190972,6111104,12222208,28888522,250000000,probe,0,0,probe
fall250-clean,1886,20955555346,20985554965,250000000,0,275000000,190972,6111104,190972,6111104,12222208,29999619,250000000,probe,0,0,probe
fall250-clean,1887,20966666457,20997777173,250000000,0,275000000,190972,6111104,190972,6111104,12222208,31110716,250000000,probe,0,0,probe
fall250-clean,1888,20977777568,21009999381,250000000,0,275000000,190972,6111104,190972,6111104,12222208,32221813,250000000,probe,0,0,probe
fall250-clean,1889,20988888679,21022221589,250000000,0,275000000,190972,6111104,190972,6111104,12222208,33332910,250000000,probe,0,0,probe
fall250-clean,1890,20999999790,21034443797,250000000,0,275000000,190972,6111104,190972,6111104,12222208,34444007,250000000,probe,0,0,probe
fall250-clean,1891,21011110901,21046666005,250000000,0,275000000,190972,6111104,190972,6111104,12222208,35555104,250000000,probe,0,0,probe
fall250-clean,1892,21022222012,21058888213,250000000,0,275000000,190972,6111104,190972,6111104,12222208,36666201,250000000,probe,0,0,probe
fall250-clean,1893,21033333123,21071110421,250000000,0,275000000,190972,6111104,190972,6111104,12222208,37777298,250000000,probe,0,0,probe
fall250-clean,1894,21044444234,21083332629,250000000,0,275000000,190972,6111104,190972,6111104,12222208,38888395,250000000,probe,0,0,probe
fall250-clean,1895,21055555345,21095554837,250000000,0,275000000,190972,6111104,190972,6111104,12222208,39999492,250000000,probe,0,0,probe
fall250-clean,1896,21066666456,21107777045,250000000,0,275000000,190972,6111104,190972,6111104,12222208,41110589,250000000,probe,0,0,probe
fall250-clean,1897,21077777567,21119999253,250000000,0,275000000,190972,6111104,190972,6111104,12222208,42221686,250000000,probe,0,0,probe
fall250-clean,1898,21088888678,21132221461,250000000,0,275000000,190972,6111104,190972,6111104,12222208,43332783,250000000,probe,0,0,probe
fall250-clean,1899,21099999789,21144443669,250000000,0,275000000,190972,6111104,190972,6111104,12222208,44443880,250000000,probe,0,0,probe
fall250-clean,1900,21111110900,21156665877,250000000,0,275000000,190972,6111104,190972,6111104,12222208,45554977,250000000,steady,0,1,probe
fall250-clean,1901,21122222011,21168888085,250000000,0,212500000,147569,4722208,147569,4722208,9444416,46666074,250000000,steady,0,0,steady
fall250-clean,1902,21133333122,21178332501,250000000,0,212500000,147569,4722208,147569,4722208,9444416,44999379,250000000,steady,0,0,steady
fall250-clean,1903,21144444233,21187776917,250000000,0,212500000,147569,4722208,147569,4722208,9444416,43332684,250000000,steady,0,0,steady
fall250-clean,1904,21155555344,21197221333,250000000,0,212500000,147569,4722208,147569,4722208,9444416,41665989,250000000,steady,0,0,steady
fall250-clean,1905,21166666455,21206665749,250000000,0,212500000,147569,4722208,147569,4722208,9444416,39999294,250000000,steady,0,0,steady
fall250-clean,1906,21177777566,21216110165,250000000,0,212500000,147569,4722208,147569,4722208,9444416,38332599,250000000,steady,0,0,steady
fall250-clean,1907,21188888677,21225554581,250000000,0,212500000,147569,4722208,147569,4722208,9444416,36665904,250000000,steady,0,0,steady
fall250-clean,1908,21199999788,21234998997,250000000,0,212500000,147569,4722208,147569,4722208,9444416,34999209,250000000,steady,0,0,steady
fall250-clean,1909,21211110899,21244443413,250000000,0,212500000,147569,4722208,147569,4722208,9444416,33332514,250000000,steady,0,0,steady
fall250-clean,1910,21222222010,21253887829,250000000,0,212500000,147569,4722208,147569,4722208,9444416,31665819,250000000,steady,0,0,steady
fall250-clean,1911,21233333121,21263332245,250000000,0,212500000,147569,4722208,147569,4722208,9444416,29999124,250000000,steady,0,0,steady
fall250-clean,1912,21244444232,21272776661,250000000,0,212500000,147569,4722208,147569,4722208,9444416,28332429,250000000,steady,0,0,steady
fall250-clean,1913,21255555343,21282221077,250000000,0,212500000,147569,4722208,147569,4722208,9444416,26665734,250000000,steady,0,0,steady
fall250-clean,1914,21266666454,21291665493,250000000,0,212500000,147569,4722208,147569,4722208,9444416,24999039,250000000,steady,0,0,steady
fall250-clean,1915,21277777565,21301109909,250000000,0,212500000,147569,4722208,147569,4722208,9444416,23332344,250000000,steady,0,0,steady
fall250-clean,1916,21288888676,21310554325,250000000,0,212500000,147569,4722208,147569,4722208,9444416,21665649,250000000,steady,0,0,steady
fall250-clean,1917,21299999787,21319998741,250000000,0,212500000,147569,4722208,147569,4722208,9444416,19998954,250000000,steady,0,0,steady
fall250-clean,1918,21311110898,21329443157,250000000,0,212500000,147569,4722208,147569,4722208,9444416,18332259,250000000,steady,0,0,steady
fall250-clean,1919,21322222009,21338887573,250000000,0,212500000,147569,4722208,147569,4722208,9444416,16665564,250000000,steady,0,0,steady
fall250-clean,1920,21333333120,21348331989,250000000,0,212500000,147569,4722208,147569,4722208,9444416,14998869,250000000,steady,0,0,steady
fall250-clean,1921,21344444231,21357776405,250000000,0,212500000,147569,4722208,147569,4722208,9444416,13332174,250000000,steady,0,0,steady
fall250-clean,1922,21355555342,21367220821,250000000,0,212500000,147569,4722208,147569,4722208,9444416,11665479,250000000,steady,0,0,steady
fall250-clean,1923,21366666453,21376665237,250000000,0,212500000,147569,4722208,147569,4722208,9444416,9998784,250000000,steady,0,0,steady
fall250-clean,1924,21377777564,21386109653,250000000,0,212500000,147569,4722208,147569,4722208,9444416,8332089,250000000,steady,0,0,steady
fall250-clean,1925,21388888675,21395554069,250000000,0,212500000,147569,4722208,147569,4722208,9444416,6665394,250000000,steady,0,0,steady
fall250-clean,1926,21399999786,21404998485,250000000,0,212500000,147569,4722208,147569,4722208,9444416,4998699,250000000,steady,0,0,steady
fall250-clean,1927,21411110897,21414442901,250000000,0,212500000,147569,4722208,147569,4722208,9444416,3332004,250000000,steady,0,0,steady
fall250-clean,1928,21422222008,21423887317,250000000,0,212500000,147569,4722208,147569,4722208,9444416,1665309,250000000,steady,0,0,steady
fall250-clean,1929,21433333119,21433333119,250000000,0,212500000,147569,4722208,147569,4722208,9444416,0,250000000,steady,0,0,steady
fall250-clean,1930,21444444230,21444444230,250000000,0,212500000,147569,4722208,147569,4722208,9444416,0,250000000,steady,0,0,steady
fall250-clean,1931,21455555341,21455555341,250000000,0,212500000,147569,4722208,147569,4722208,9444416,0,250000000,steady,0,0,steady
fall250-clean,1932,21466666452,21466666452,250000000,0,212500000,147569,4722208,147569,4722208,9444416,0,250000000,steady,0,0,steady
fall250-clean,1933,21477777563,21477777563,250000000,0,212500000,147569,4722208,147569,4722208,9444416,0,250000000,steady,0,0,steady
fall250-clean,1934,21488888674,21488888674,250000000,0,212500000,147569,4722208,147569,4722208,9444416,0,250000000,steady,0,0,steady
fall250-clean,1935,21499999785,21499999785,250000000,0,212500000,147569,4722208,147569,4722208,9444416,0,250000000,steady,0,0,steady
fall250-clean,1936,21511110896,21511110896,250000000,0,212500000,147569,4722208,147569,4722208,9444416,0,250000000,steady,0,0,steady
fall250-clean,1937,21522222007,21522222007,250000000,0,212500000,147569,4722208,147569,4722208,9444416,0,250000000,steady,0,0,steady
fall250-clean,1938,21533333118,21533333118,250000000,0,212500000,147569,4722208,147569,4722208,9444416,0,250000000,steady,0,0,steady
fall250-clean,1939,21544444229,21544444229,250000000,0,212500000,147569,4722208,147569,4722208,9444416,0,250000000,steady,0,0,steady
fall250-clean,1940,21555555340,21555555340,250000000,0,212500000,147569,4722208,147569,4722208,9444416,0,250000000,steady,0,0,steady
fall250-clean,1941,21566666451,21566666451,250000000,0,212500000,147569,4722208,147569,4722208,9444416,0,250000000,steady,0,0,steady
fall250-clean,1942,21577777562,21577777562,250000000,0,212500000,147569,4722208,147569,4722208,9444416,0,250000000,steady,0,0,steady
fall250-clean,1943,21588888673,21588888673,250000000,0,212500000,147569,4722208,147569,4722208,9444416,0,250000000,steady,0,0,steady
fall250-clean,1944,21599999784,21599999784,250000000,0,212500000,147569,4722208,147569,4722208,9444416,0,250000000,steady,0,0,steady
fall250-clean,1945,21611110895,21611110895,250000000,0,212500000,147569,4722208,147569,4722208,9444416,0,250000000,steady,0,0,steady
fall250-clean,1946,21622222006,21622222006,250000000,0,212500000,147569,4722208,147569,4722208,9444416,0,250000000,steady,0,0,steady
fall250-clean,1947,21633333117,21633333117,250000000,0,212500000,147569,4722208,147569,4722208,9444416,0,250000000,steady,0,0,steady
fall250-clean,1948,21644444228,21644444228,250000000,0,212500000,147569,4722208,147569,4722208,9444416,0,250000000,steady,0,0,steady
fall250-clean,1949,21655555339,21655555339,250000000,0,212500000,147569,4722208,147569,4722208,9444416,0,250000000,steady,0,0,steady
fall250-clean,1950,21666666450,21666666450,250000000,0,212500000,147569,4722208,147569,4722208,9444416,0,250000000,steady,0,0,steady
fall250-clean,1951,21677777561,21677777561,250000000,0,212500000,147569,4722208,147569,4722208,9444416,0,250000000,steady,0,0,steady
fall250-clean,1952,21688888672,21688888672,250000000,0,212500000,147569,4722208,147569,4722208,9444416,0,250000000,steady,0,0,steady
fall250-clean,1953,21699999783,21699999783,250000000,0,212500000,147569,4722208,147569,4722208,9444416,0,250000000,steady,0,0,steady
fall250-clean,1954,21711110894,21711110894,250000000,0,212500000,147569,4722208,147569,4722208,9444416,0,250000000,steady,0,0,steady
fall250-clean,1955,21722222005,21722222005,250000000,0,212500000,147569,4722208,147569,4722208,9444416,0,250000000,steady,0,0,steady
fall250-clean,1956,21733333116,21733333116,250000000,0,212500000,147569,4722208,147569,4722208,9444416,0,250000000,steady,0,0,steady
fall250-clean,1957,21744444227,21744444227,250000000,0,212500000,147569,4722208,147569,4722208,9444416,0,250000000,steady,0,0,steady
fall250-clean,1958,21755555338,21755555338,250000000,0,212500000,147569,4722208,147569,4722208,9444416,0,250000000,steady,0,0,steady
fall250-clean,1959,21766666449,21766666449,250000000,0,212500000,147569,4722208,147569,4722208,9444416,0,250000000,steady,0,0,steady
fall250-clean,1960,21777777560,21777777560,250000000,0,212500000,147569,4722208,147569,4722208,9444416,0,250000000,steady,0,0,steady
fall250-clean,1961,21788888671,21788888671,250000000,0,212500000,147569,4722208,147569,4722208,9444416,0,250000000,steady,0,0,steady
fall250-clean,1962,21799999782,21799999782,250000000,0,212500000,147569,4722208,147569,4722208,9444416,0,250000000,steady,0,0,steady
fall250-clean,1963,21811110893,21811110893,250000000,0,212500000,147569,4722208,147569,4722208,9444416,0,250000000,steady,0,0,steady
fall250-clean,1964,21822222004,21822222004,250000000,0,212500000,147569,4722208,147569,4722208,9444416,0,250000000,steady,0,0,steady
fall250-clean,1965,21833333115,21833333115,250000000,0,212500000,147569,4722208,147569,4722208,9444416,0,250000000,steady,0,0,steady
fall250-clean,1966,21844444226,21844444226,250000000,0,212500000,147569,4722208,147569,4722208,9444416,0,250000000,steady,0,0,steady
fall250-clean,1967,21855555337,21855555337,250000000,0,212500000,147569,4722208,147569,4722208,9444416,0,250000000,steady,0,0,steady
fall250-clean,1968,21866666448,21866666448,250000000,0,212500000,147569,4722208,147569,4722208,9444416,0,250000000,steady,0,0,steady
fall250-clean,1969,21877777559,21877777559,250000000,0,212500000,147569,4722208,147569,4722208,9444416,0,250000000,steady,0,0,steady
fall250-clean,1970,21888888670,21888888670,250000000,0,212500000,147569,4722208,147569,4722208,9444416,0,250000000,steady,0,0,steady
fall250-clean,1971,21899999781,21899999781,250000000,0,212500000,147569,4722208,147569,4722208,9444416,0,250000000,steady,0,0,steady
fall250-clean,1972,21911110892,21911110892,250000000,0,212500000,147569,4722208,147569,4722208,9444416,0,250000000,steady,0,0,steady
fall250-clean,1973,21922222003,21922222003,250000000,0,212500000,147569,4722208,147569,4722208,9444416,0,250000000,steady,0,0,steady
fall250-clean,1974,21933333114,21933333114,250000000,0,212500000,147569,4722208,147569,4722208,9444416,0,250000000,steady,0,0,steady
fall250-clean,1975,21944444225,21944444225,250000000,0,212500000,147569,4722208,147569,4722208,9444416,0,250000000,steady,0,0,steady
fall250-clean,1976,21955555336,21955555336,250000000,0,212500000,147569,4722208,147569,4722208,9444416,0,250000000,steady,0,0,steady
fall250-clean,1977,21966666447,21966666447,250000000,0,212500000,147569,4722208,147569,4722208,9444416,0,250000000,steady,0,0,steady
fall250-clean,1978,21977777558,21977777558,250000000,0,212500000,147569,4722208,147569,4722208,9444416,0,250000000,steady,0,0,steady
fall250-clean,1979,21988888669,21988888669,250000000,0,212500000,147569,4722208,147569,4722208,9444416,0,250000000,steady,0,0,steady
fall250-clean,1980,21999999780,21999999780,250000000,0,212500000,147569,4722208,147569,4722208,9444416,0,250000000,steady,0,0,steady
fall250-clean,1981,22011110891,22011110891,250000000,0,212500000,147569,4722208,147569,4722208,9444416,0,250000000,steady,0,0,steady
fall250-clean,1982,22022222002,22022222002,250000000,0,212500000,147569,4722208,147569,4722208,9444416,0,250000000,steady,0,0,steady
fall250-clean,1983,22033333113,22033333113,250000000,0,212500000,147569,4722208,147569,4722208,9444416,0,250000000,steady,0,0,steady
fall250-clean,1984,22044444224,22044444224,250000000,0,212500000,147569,4722208,147569,4722208,9444416,0,250000000,steady,0,0,steady
fall250-clean,1985,22055555335,22055555335,250000000,0,212500000,147569,4722208,147569,4722208,9444416,0,250000000,steady,0,0,steady
fall250-clean,1986,22066666446,22066666446,250000000,0,212500000,147569,4722208,147569,4722208,9444416,0,250000000,steady,0,0,steady
fall250-clean,1987,22077777557,22077777557,250000000,0,212500000,147569,4722208,147569,4722208,9444416,0,250000000,steady,0,0,steady
fall250-clean,1988,22088888668,22088888668,250000000,0,212500000,147569,4722208,147569,4722208,9444416,0,250000000,steady,0,0,steady
fall250-clean,1989,22099999779,22099999779,250000000,0,212500000,147569,4722208,147569,4722208,9444416,0,250000000,steady,0,0,steady
fall250-clean,1990,22111110890,22111110890,250000000,0,212500000,147569,4722208,147569,4722208,9444416,0,250000000,steady,0,0,steady
fall250-clean,1991,22122222001,22122222001,250000000,0,212500000,147569,4722208,147569,4722208,9444416,0,250000000,steady,0,0,steady
fall250-clean,1992,22133333112,22133333112,250000000,0,212500000,147569,4722208,147569,4722208,9444416,0,250000000,steady,0,0,steady
fall250-clean,1993,22144444223,22144444223,250000000,0,212500000,147569,4722208,147569,4722208,9444416,0,250000000,steady,0,0,steady
fall250-clean,1994,22155555334,22155555334,250000000,0,212500000,147569,4722208,147569,4722208,9444416,0,250000000,steady,0,0,steady
fall250-clean,1995,22166666445,22166666445,250000000,0,212500000,147569,4722208,147569,4722208,9444416,0,250000000,steady,0,0,steady
fall250-clean,1996,22177777556,22177777556,250000000,0,212500000,147569,4722208,147569,4722208,9444416,0,250000000,steady,0,0,steady
fall250-clean,1997,22188888667,22188888667,250000000,0,212500000,147569,4722208,147569,4722208,9444416,0,250000000,steady,0,0,steady
fall250-clean,1998,22199999778,22199999778,250000000,0,212500000,147569,4722208,147569,4722208,9444416,0,250000000,steady,0,0,steady
fall250-clean,1999,22211110889,22211110889,250000000,0,212500000,147569,4722208,147569,4722208,9444416,0,250000000,steady,0,0,steady
fall250-clean,2000,22222222000,22222222000,250000000,0,212500000,147569,4722208,147569,4722208,9444416,0,250000000,steady,0,0,steady
fall250-clean,2001,22233333111,22233333111,250000000,0,212500000,147569,4722208,147569,4722208,9444416,0,250000000,steady,0,0,steady
fall250-clean,2002,22244444222,22244444222,250000000,0,212500000,147569,4722208,147569,4722208,9444416,0,250000000,steady,0,0,steady
fall250-clean,2003,22255555333,22255555333,250000000,0,212500000,147569,4722208,147569,4722208,9444416,0,250000000,steady,0,0,steady
fall250-clean,2004,22266666444,22266666444,250000000,0,212500000,147569,4722208,147569,4722208,9444416,0,250000000,steady,0,0,steady
fall250-clean,2005,22277777555,22277777555,250000000,0,212500000,147569,4722208,147569,4722208,9444416,0,250000000,steady,0,0,steady
fall250-clean,2006,22288888666,22288888666,250000000,0,212500000,147569,4722208,147569,4722208,9444416,0,250000000,steady,0,0,steady
fall250-clean,2007,22299999777,22299999777,250000000,0,212500000,147569,4722208,147569,4722208,9444416,0,250000000,steady,0,0,steady
fall250-clean,2008,22311110888,22311110888,250000000,0,212500000,147569,4722208,147569,4722208,9444416,0,250000000,steady,0,0,steady
fall250-clean,2009,22322221999,22322221999,250000000,0,212500000,147569,4722208,147569,4722208,9444416,0,250000000,steady,0,0,steady
fall250-clean,2010,22333333110,22333333110,250000000,0,212500000,147569,4722208,147569,4722208,9444416,0,250000000,steady,0,0,steady
fall250-clean,2011,22344444221,22344444221,250000000,0,212500000,147569,4722208,147569,4722208,9444416,0,250000000,steady,0,0,steady
fall250-clean,2012,22355555332,22355555332,250000000,0,212500000,147569,4722208,147569,4722208,9444416,0,250000000,steady,0,0,steady
fall250-clean,2013,22366666443,22366666443,250000000,0,212500000,147569,4722208,147569,4722208,9444416,0,250000000,steady,0,0,steady
fall250-clean,2014,22377777554,22377777554,250000000,0,212500000,147569,4722208,147569,4722208,9444416,0,250000000,steady,0,0,steady
fall250-clean,2015,22388888665,22388888665,250000000,0,212500000,147569,4722208,147569,4722208,9444416,0,250000000,steady,0,0,steady
fall250-clean,2016,22399999776,22399999776,250000000,0,212500000,147569,4722208,147569,4722208,9444416,0,250000000,steady,0,0,steady
fall250-clean,2017,22411110887,22411110887,250000000,0,212500000,147569,4722208,147569,4722208,9444416,0,250000000,steady,0,0,steady
fall250-clean,2018,22422221998,22422221998,250000000,0,212500000,147569,4722208,147569,4722208,9444416,0,250000000,steady,0,0,steady
fall250-clean,2019,22433333109,22433333109,250000000,0,212500000,147569,4722208,147569,4722208,9444416,0,250000000,steady,0,0,steady
fall250-clean,2020,22444444220,22444444220,250000000,0,212500000,147569,4722208,147569,4722208,9444416,0,250000000,steady,0,0,steady
fall250-clean,2021,22455555331,22455555331,250000000,0,212500000,147569,4722208,147569,4722208,9444416,0,250000000,steady,0,0,steady
fall250-clean,2022,22466666442,22466666442,250000000,0,212500000,147569,4722208,147569,4722208,9444416,0,250000000,steady,0,0,steady
fall250-clean,2023,22477777553,22477777553,250000000,0,212500000,147569,4722208,147569,4722208,9444416,0,250000000,steady,0,0,steady
fall250-clean,2024,22488888664,22488888664,250000000,0,212500000,147569,4722208,147569,4722208,9444416,0,250000000,steady,0,0,steady
fall250-clean,2025,22499999775,22499999775,250000000,0,212500000,147569,4722208,147569,4722208,9444416,0,250000000,steady,0,0,steady
fall250-clean,2026,22511110886,22511110886,250000000,0,212500000,147569,4722208,147569,4722208,9444416,0,250000000,steady,0,0,steady
fall250-clean,2027,22522221997,22522221997,250000000,0,212500000,147569,4722208,147569,4722208,9444416,0,250000000,steady,0,0,steady
fall250-clean,2028,22533333108,22533333108,250000000,0,212500000,147569,4722208,147569,4722208,9444416,0,250000000,steady,0,0,steady
fall250-clean,2029,22544444219,22544444219,250000000,0,212500000,147569,4722208,147569,4722208,9444416,0,250000000,steady,0,0,steady
fall250-clean,2030,22555555330,22555555330,250000000,0,212500000,147569,4722208,147569,4722208,9444416,0,250000000,steady,0,0,steady
fall250-clean,2031,22566666441,22566666441,250000000,0,212500000,147569,4722208,147569,4722208,9444416,0,250000000,steady,0,0,steady
fall250-clean,2032,22577777552,22577777552,250000000,0,212500000,147569,4722208,147569,4722208,9444416,0,250000000,steady,0,0,steady
fall250-clean,2033,22588888663,22588888663,250000000,0,212500000,147569,4722208,147569,4722208,9444416,0,250000000,steady,0,0,steady
fall250-clean,2034,22599999774,22599999774,250000000,0,212500000,147569,4722208,147569,4722208,9444416,0,250000000,steady,0,0,steady
fall250-clean,2035,22611110885,22611110885,250000000,0,212500000,147569,4722208,147569,4722208,9444416,0,250000000,steady,0,0,steady
fall250-clean,2036,22622221996,22622221996,250000000,0,212500000,147569,4722208,147569,4722208,9444416,0,250000000,steady,0,0,steady
fall250-clean,2037,22633333107,22633333107,250000000,0,212500000,147569,4722208,147569,4722208,9444416,0,250000000,steady,0,0,steady
fall250-clean,2038,22644444218,22644444218,250000000,0,212500000,147569,4722208,147569,4722208,9444416,0,250000000,steady,0,0,steady
fall250-clean,2039,22655555329,22655555329,250000000,0,212500000,147569,4722208,147569,4722208,9444416,0,250000000,steady,0,0,steady
fall250-clean,2040,22666666440,22666666440,250000000,0,212500000,147569,4722208,147569,4722208,9444416,0,250000000,steady,0,0,steady
fall250-clean,2041,22677777551,22677777551,250000000,0,212500000,147569,4722208,147569,4722208,9444416,0,250000000,steady,0,0,steady
fall250-clean,2042,22688888662,22688888662,250000000,0,212500000,147569,4722208,147569,4722208,9444416,0,250000000,steady,0,0,steady
fall250-clean,2043,22699999773,22699999773,250000000,0,212500000,147569,4722208,147569,4722208,9444416,0,250000000,steady,0,0,steady
fall250-clean,2044,22711110884,22711110884,250000000,0,212500000,147569,4722208,147569,4722208,9444416,0,250000000,steady,0,0,steady
fall250-clean,2045,22722221995,22722221995,250000000,0,212500000,147569,4722208,147569,4722208,9444416,0,250000000,steady,0,0,steady
fall250-clean,2046,22733333106,22733333106,250000000,0,212500000,147569,4722208,147569,4722208,9444416,0,250000000,steady,0,0,steady
fall250-clean,2047,22744444217,22744444217,250000000,0,212500000,147569,4722208,147569,4722208,9444416,0,250000000,steady,0,0,steady
fall250-clean,2048,22755555328,22755555328,250000000,0,212500000,147569,4722208,147569,4722208,9444416,0,250000000,steady,0,0,steady
fall250-clean,2049,22766666439,22766666439,250000000,0,212500000,147569,4722208,147569,4722208,9444416,0,250000000,steady,0,0,steady
fall250-clean,2050,22777777550,22777777550,250000000,0,212500000,147569,4722208,147569,4722208,9444416,0,250000000,steady,0,0,steady
fall250-clean,2051,22788888661,22788888661,250000000,0,212500000,147569,4722208,147569,4722208,9444416,0,250000000,steady,0,0,steady
fall250-clean,2052,22799999772,22799999772,250000000,0,212500000,147569,4722208,147569,4722208,9444416,0,250000000,steady,0,0,steady
fall250-clean,2053,22811110883,22811110883,250000000,0,212500000,147569,4722208,147569,4722208,9444416,0,250000000,steady,0,0,steady
fall250-clean,2054,22822221994,22822221994,250000000,0,212500000,147569,4722208,147569,4722208,9444416,0,250000000,steady,0,0,steady
fall250-clean,2055,22833333105,22833333105,250000000,0,212500000,147569,4722208,147569,4722208,9444416,0,250000000,steady,0,0,steady
fall250-clean,2056,22844444216,22844444216,250000000,0,212500000,147569,4722208,147569,4722208,9444416,0,250000000,steady,0,0,steady
fall250-clean,2057,22855555327,22855555327,250000000,0,212500000,147569,4722208,147569,4722208,9444416,0,250000000,steady,0,0,steady
fall250-clean,2058,22866666438,22866666438,250000000,0,212500000,147569,4722208,147569,4722208,9444416,0,250000000,steady,0,0,steady
fall250-clean,2059,22877777549,22877777549,250000000,0,212500000,147569,4722208,147569,4722208,9444416,0,250000000,steady,0,0,steady
fall250-clean,2060,22888888660,22888888660,250000000,0,212500000,147569,4722208,147569,4722208,9444416,0,250000000,steady,0,0,steady
fall250-clean,2061,22899999771,22899999771,250000000,0,212500000,147569,4722208,147569,4722208,9444416,0,250000000,steady,0,0,steady
fall250-clean,2062,22911110882,22911110882,250000000,0,212500000,147569,4722208,147569,4722208,9444416,0,250000000,steady,0,0,steady
fall250-clean,2063,22922221993,22922221993,250000000,0,212500000,147569,4722208,147569,4722208,9444416,0,250000000,steady,0,0,steady
fall250-clean,2064,22933333104,22933333104,250000000,0,212500000,147569,4722208,147569,4722208,9444416,0,250000000,steady,0,0,steady
fall250-clean,2065,22944444215,22944444215,250000000,0,212500000,147569,4722208,147569,4722208,9444416,0,250000000,steady,0,0,steady
fall250-clean,2066,22955555326,22955555326,250000000,0,212500000,147569,4722208,147569,4722208,9444416,0,250000000,steady,0,0,steady
fall250-clean,2067,22966666437,22966666437,250000000,0,212500000,147569,4722208,147569,4722208,9444416,0,250000000,steady,0,0,steady
fall250-clean,2068,22977777548,22977777548,250000000,0,212500000,147569,4722208,147569,4722208,9444416,0,250000000,steady,0,0,steady
fall250-clean,2069,22988888659,22988888659,250000000,0,212500000,147569,4722208,147569,4722208,9444416,0,250000000,steady,0,0,steady
fall250-clean,2070,22999999770,22999999770,250000000,0,212500000,147569,4722208,147569,4722208,9444416,0,250000000,steady,0,0,steady
fall250-clean,2071,23011110881,23011110881,250000000,0,212500000,147569,4722208,147569,4722208,9444416,0,250000000,steady,0,0,steady
fall250-clean,2072,23022221992,23022221992,250000000,0,212500000,147569,4722208,147569,4722208,9444416,0,250000000,steady,0,0,steady
fall250-clean,2073,23033333103,23033333103,250000000,0,212500000,147569,4722208,147569,4722208,9444416,0,250000000,steady,0,0,steady
fall250-clean,2074,23044444214,23044444214,250000000,0,212500000,147569,4722208,147569,4722208,9444416,0,250000000,steady,0,0,steady
fall250-clean,2075,23055555325,23055555325,250000000,0,212500000,147569,4722208,147569,4722208,9444416,0,250000000,steady,0,0,steady
fall250-clean,2076,23066666436,23066666436,250000000,0,212500000,147569,4722208,147569,4722208,9444416,0,250000000,steady,0,0,steady
fall250-clean,2077,23077777547,23077777547,250000000,0,212500000,147569,4722208,147569,4722208,9444416,0,250000000,steady,0,0,steady
fall250-clean,2078,23088888658,23088888658,250000000,0,212500000,147569,4722208,147569,4722208,9444416,0,250000000,steady,0,0,steady
fall250-clean,2079,23099999769,23099999769,250000000,0,212500000,147569,4722208,147569,4722208,9444416,0,250000000,steady,0,0,steady
fall250-clean,2080,23111110880,23111110880,250000000,0,212500000,147569,4722208,147569,4722208,9444416,0,250000000,steady,0,0,steady
fall250-clean,2081,23122221991,23122221991,250000000,0,212500000,147569,4722208,147569,4722208,9444416,0,250000000,steady,0,0,steady
fall250-clean,2082,23133333102,23133333102,250000000,0,212500000,147569,4722208,147569,4722208,9444416,0,250000000,steady,0,0,steady
fall250-clean,2083,23144444213,23144444213,250000000,0,212500000,147569,4722208,147569,4722208,9444416,0,250000000,steady,0,0,steady
fall250-clean,2084,23155555324,23155555324,250000000,0,212500000,147569,4722208,147569,4722208,9444416,0,250000000,steady,0,0,steady
fall250-clean,2085,23166666435,23166666435,250000000,0,212500000,147569,4722208,147569,4722208,9444416,0,250000000,steady,0,0,steady
fall250-clean,2086,23177777546,23177777546,250000000,0,212500000,147569,4722208,147569,4722208,9444416,0,250000000,steady,0,0,steady
fall250-clean,2087,23188888657,23188888657,250000000,0,212500000,147569,4722208,147569,4722208,9444416,0,250000000,steady,0,0,steady
fall250-clean,2088,23199999768,23199999768,250000000,0,212500000,147569,4722208,147569,4722208,9444416,0,250000000,steady,0,0,steady
fall250-clean,2089,23211110879,23211110879,250000000,0,212500000,147569,4722208,147569,4722208,9444416,0,250000000,steady,0,0,steady
fall250-clean,2090,23222221990,23222221990,250000000,0,212500000,147569,4722208,147569,4722208,9444416,0,250000000,steady,0,0,steady
fall250-clean,2091,23233333101,23233333101,250000000,0,212500000,147569,4722208,147569,4722208,9444416,0,250000000,steady,0,0,steady
fall250-clean,2092,23244444212,23244444212,250000000,0,212500000,147569,4722208,147569,4722208,9444416,0,250000000,steady,0,0,steady
fall250-clean,2093,23255555323,23255555323,250000000,0,212500000,147569,4722208,147569,4722208,9444416,0,250000000,steady,0,0,steady
fall250-clean,2094,23266666434,23266666434,250000000,0,212500000,147569,4722208,147569,4722208,9444416,0,250000000,steady,0,0,steady
fall250-clean,2095,23277777545,23277777545,250000000,0,212500000,147569,4722208,147569,4722208,9444416,0,250000000,steady,0,0,steady
fall250-clean,2096,23288888656,23288888656,250000000,0,212500000,147569,4722208,147569,4722208,9444416,0,250000000,steady,0,0,steady
fall250-clean,2097,23299999767,23299999767,250000000,0,212500000,147569,4722208,147569,4722208,9444416,0,250000000,steady,0,0,steady
fall250-clean,2098,23311110878,23311110878,250000000,0,212500000,147569,4722208,147569,4722208,9444416,0,250000000,steady,0,0,steady
fall250-clean,2099,23322221989,23322221989,250000000,0,212500000,147569,4722208,147569,4722208,9444416,0,250000000,steady,0,0,steady
fall250-clean,2100,23333333100,23333333100,250000000,0,212500000,147569,4722208,147569,4722208,9444416,0,250000000,steady,0,0,steady
fall250-clean,2101,23344444211,23344444211,250000000,0,212500000,147569,4722208,147569,4722208,9444416,0,250000000,steady,0,0,steady
fall250-clean,2102,23355555322,23355555322,250000000,0,212500000,147569,4722208,147569,4722208,9444416,0,250000000,steady,0,0,steady
fall250-clean,2103,23366666433,23366666433,250000000,0,212500000,147569,4722208,147569,4722208,9444416,0,250000000,steady,0,0,steady
fall250-clean,2104,23377777544,23377777544,250000000,0,212500000,147569,4722208,147569,4722208,9444416,0,250000000,steady,0,0,steady
fall250-clean,2105,23388888655,23388888655,250000000,0,212500000,147569,4722208,147569,4722208,9444416,0,250000000,steady,0,0,steady
fall250-clean,2106,23399999766,23399999766,250000000,0,212500000,147569,4722208,147569,4722208,9444416,0,250000000,steady,0,0,steady
fall250-clean,2107,23411110877,23411110877,250000000,0,212500000,147569,4722208,147569,4722208,9444416,0,250000000,steady,0,0,steady
fall250-clean,2108,23422221988,23422221988,250000000,0,212500000,147569,4722208,147569,4722208,9444416,0,250000000,steady,0,0,steady
fall250-clean,2109,23433333099,23433333099,250000000,0,212500000,147569,4722208,147569,4722208,9444416,0,250000000,steady,0,0,steady
fall250-clean,2110,23444444210,23444444210,250000000,0,212500000,147569,4722208,147569,4722208,9444416,0,250000000,steady,0,0,steady
fall250-clean,2111,23455555321,23455555321,250000000,0,212500000,147569,4722208,147569,4722208,9444416,0,250000000,steady,0,0,steady
fall250-clean,2112,23466666432,23466666432,250000000,0,212500000,147569,4722208,147569,4722208,9444416,0,250000000,steady,0,0,steady
fall250-clean,2113,23477777543,23477777543,250000000,0,212500000,147569,4722208,147569,4722208,9444416,0,250000000,steady,0,0,steady
fall250-clean,2114,23488888654,23488888654,250000000,0,212500000,147569,4722208,147569,4722208,9444416,0,250000000,steady,0,0,steady
fall250-clean,2115,23499999765,23499999765,250000000,0,212500000,147569,4722208,147569,4722208,9444416,0,250000000,steady,0,0,steady
fall250-clean,2116,23511110876,23511110876,250000000,0,212500000,147569,4722208,147569,4722208,9444416,0,250000000,steady,0,0,steady
fall250-clean,2117,23522221987,23522221987,250000000,0,212500000,147569,4722208,147569,4722208,9444416,0,250000000,steady,0,0,steady
fall250-clean,2118,23533333098,23533333098,250000000,0,212500000,147569,4722208,147569,4722208,9444416,0,250000000,steady,0,0,steady
fall250-clean,2119,23544444209,23544444209,250000000,0,212500000,147569,4722208,147569,4722208,9444416,0,250000000,steady,0,0,steady
fall250-clean,2120,23555555320,23555555320,250000000,0,212500000,147569,4722208,147569,4722208,9444416,0,250000000,steady,0,0,steady
fall250-clean,2121,23566666431,23566666431,250000000,0,212500000,147569,4722208,147569,4722208,9444416,0,250000000,steady,0,0,steady
fall250-clean,2122,23577777542,23577777542,250000000,0,212500000,147569,4722208,147569,4722208,9444416,0,250000000,steady,0,0,steady
fall250-clean,2123,23588888653,23588888653,250000000,0,212500000,147569,4722208,147569,4722208,9444416,0,250000000,steady,0,0,steady
fall250-clean,2124,23599999764,23599999764,250000000,0,212500000,147569,4722208,147569,4722208,9444416,0,250000000,steady,0,0,steady
fall250-clean,2125,23611110875,23611110875,250000000,0,212500000,147569,4722208,147569,4722208,9444416,0,250000000,steady,0,0,steady
fall250-clean,2126,23622221986,23622221986,250000000,0,212500000,147569,4722208,147569,4722208,9444416,0,250000000,steady,0,0,steady
fall250-clean,2127,23633333097,23633333097,250000000,0,212500000,147569,4722208,147569,4722208,9444416,0,250000000,steady,0,0,steady
fall250-clean,2128,23644444208,23644444208,250000000,0,212500000,147569,4722208,147569,4722208,9444416,0,250000000,steady,0,0,steady
fall250-clean,2129,23655555319,23655555319,250000000,0,212500000,147569,4722208,147569,4722208,9444416,0,250000000,steady,0,0,steady
fall250-clean,2130,23666666430,23666666430,250000000,0,212500000,147569,4722208,147569,4722208,9444416,0,250000000,steady,0,0,steady
fall250-clean,2131,23677777541,23677777541,250000000,0,212500000,147569,4722208,147569,4722208,9444416,0,250000000,steady,0,0,steady
fall250-clean,2132,23688888652,23688888652,250000000,0,212500000,147569,4722208,147569,4722208,9444416,0,250000000,steady,0,0,steady
fall250-clean,2133,23699999763,23699999763,250000000,0,212500000,147569,4722208,147569,4722208,9444416,0,250000000,steady,0,0,steady
fall250-clean,2134,23711110874,23711110874,250000000,0,212500000,147569,4722208,147569,4722208,9444416,0,250000000,steady,0,0,steady
fall250-clean,2135,23722221985,23722221985,250000000,0,212500000,147569,4722208,147569,4722208,9444416,0,250000000,steady,0,0,steady
fall250-clean,2136,23733333096,23733333096,250000000,0,212500000,147569,4722208,147569,4722208,9444416,0,250000000,steady,0,0,steady
fall250-clean,2137,23744444207,23744444207,250000000,0,212500000,147569,4722208,147569,4722208,9444416,0,250000000,steady,0,0,steady
fall250-clean,2138,23755555318,23755555318,250000000,0,212500000,147569,4722208,147569,4722208,9444416,0,250000000,steady,0,0,steady
fall250-clean,2139,23766666429,23766666429,250000000,0,212500000,147569,4722208,147569,4722208,9444416,0,250000000,steady,0,0,steady
fall250-clean,2140,23777777540,23777777540,250000000,0,212500000,147569,4722208,147569,4722208,9444416,0,250000000,steady,0,0,steady
fall250-clean,2141,23788888651,23788888651,250000000,0,212500000,147569,4722208,147569,4722208,9444416,0,250000000,steady,0,0,steady
fall250-clean,2142,23799999762,23799999762,250000000,0,212500000,147569,4722208,147569,4722208,9444416,0,250000000,steady,0,0,steady
fall250-clean,2143,23811110873,23811110873,250000000,0,212500000,147569,4722208,147569,4722208,9444416,0,250000000,steady,0,0,steady
fall250-clean,2144,23822221984,23822221984,250000000,0,212500000,147569,4722208,147569,4722208,9444416,0,250000000,steady,0,0,steady
fall250-clean,2145,23833333095,23833333095,250000000,0,212500000,147569,4722208,147569,4722208,9444416,0,250000000,steady,0,0,steady
fall250-clean,2146,23844444206,23844444206,250000000,0,212500000,147569,4722208,147569,4722208,9444416,0,250000000,steady,0,0,steady
fall250-clean,2147,23855555317,23855555317,250000000,0,212500000,147569,4722208,147569,4722208,9444416,0,250000000,steady,0,0,steady
fall250-clean,2148,23866666428,23866666428,250000000,0,212500000,147569,4722208,147569,4722208,9444416,0,250000000,steady,0,0,steady
fall250-clean,2149,23877777539,23877777539,250000000,0,212500000,147569,4722208,147569,4722208,9444416,0,250000000,steady,0,0,steady
fall250-clean,2150,23888888650,23888888650,250000000,0,212500000,147569,4722208,147569,4722208,9444416,0,250000000,steady,0,0,steady
fall250-clean,2151,23899999761,23899999761,250000000,0,212500000,147569,4722208,147569,4722208,9444416,0,250000000,steady,0,0,steady
fall250-clean,2152,23911110872,23911110872,250000000,0,212500000,147569,4722208,147569,4722208,9444416,0,250000000,steady,0,0,steady
fall250-clean,2153,23922221983,23922221983,250000000,0,212500000,147569,4722208,147569,4722208,9444416,0,250000000,steady,0,0,steady
fall250-clean,2154,23933333094,23933333094,250000000,0,212500000,147569,4722208,147569,4722208,9444416,0,250000000,steady,0,0,steady
fall250-clean,2155,23944444205,23944444205,250000000,0,212500000,147569,4722208,147569,4722208,9444416,0,250000000,steady,0,0,steady
fall250-clean,2156,23955555316,23955555316,250000000,0,212500000,147569,4722208,147569,4722208,9444416,0,250000000,steady,0,0,steady
fall250-clean,2157,23966666427,23966666427,250000000,0,212500000,147569,4722208,147569,4722208,9444416,0,250000000,steady,0,0,steady
fall250-clean,2158,23977777538,23977777538,250000000,0,212500000,147569,4722208,147569,4722208,9444416,0,250000000,steady,0,0,steady
fall250-clean,2159,23988888649,23988888649,250000000,0,212500000,147569,4722208,147569,4722208,9444416,0,250000000,steady,0,0,steady
fall250-clean,2160,23999999760,23999999760,250000000,0,212500000,147569,4722208,147569,4722208,9444416,0,250000000,steady,0,0,steady
fall250-clean,2161,24011110871,24011110871,250000000,0,212500000,147569,4722208,147569,4722208,9444416,0,250000000,steady,0,0,steady
fall250-clean,2162,24022221982,24022221982,250000000,0,212500000,147569,4722208,147569,4722208,9444416,0,250000000,steady,0,0,steady
fall250-clean,2163,24033333093,24033333093,250000000,0,212500000,147569,4722208,147569,4722208,9444416,0,250000000,steady,0,0,steady
fall250-clean,2164,24044444204,24044444204,250000000,0,212500000,147569,4722208,147569,4722208,9444416,0,250000000,steady,0,0,steady
fall250-clean,2165,24055555315,24055555315,250000000,0,212500000,147569,4722208,147569,4722208,9444416,0,250000000,steady,0,0,steady
fall250-clean,2166,24066666426,24066666426,250000000,0,212500000,147569,4722208,147569,4722208,9444416,0,250000000,steady,0,0,steady
fall250-clean,2167,24077777537,24077777537,250000000,0,212500000,147569,4722208,147569,4722208,9444416,0,250000000,steady,0,0,steady
fall250-clean,2168,24088888648,24088888648,250000000,0,212500000,147569,4722208,147569,4722208,9444416,0,250000000,steady,0,0,steady
fall250-clean,2169,24099999759,24099999759,250000000,0,212500000,147569,4722208,147569,4722208,9444416,0,250000000,steady,0,0,steady
fall250-clean,2170,24111110870,24111110870,250000000,0,212500000,147569,4722208,147569,4722208,9444416,0,250000000,steady,0,0,steady
fall250-clean,2171,24122221981,24122221981,250000000,0,212500000,147569,4722208,147569,4722208,9444416,0,250000000,steady,0,0,steady
fall250-clean,2172,24133333092,24133333092,250000000,0,212500000,147569,4722208,147569,4722208,9444416,0,250000000,steady,0,0,steady
fall250-clean,2173,24144444203,24144444203,250000000,0,212500000,147569,4722208,147569,4722208,9444416,0,250000000,steady,0,0,steady
fall250-clean,2174,24155555314,24155555314,250000000,0,212500000,147569,4722208,147569,4722208,9444416,0,250000000,steady,0,0,steady
fall250-clean,2175,24166666425,24166666425,250000000,0,212500000,147569,4722208,147569,4722208,9444416,0,250000000,steady,0,0,steady
fall250-clean,2176,24177777536,24177777536,250000000,0,212500000,147569,4722208,147569,4722208,9444416,0,250000000,steady,0,0,steady
fall250-clean,2177,24188888647,24188888647,250000000,0,212500000,147569,4722208,147569,4722208,9444416,0,250000000,steady,0,0,steady
fall250-clean,2178,24199999758,24199999758,250000000,0,212500000,147569,4722208,147569,4722208,9444416,0,250000000,steady,0,0,steady
fall250-clean,2179,24211110869,24211110869,250000000,0,212500000,147569,4722208,147569,4722208,9444416,0,250000000,steady,0,0,steady
fall250-clean,2180,24222221980,24222221980,250000000,0,212500000,147569,4722208,147569,4722208,9444416,0,250000000,steady,0,0,steady
fall250-clean,2181,24233333091,24233333091,250000000,0,212500000,147569,4722208,147569,4722208,9444416,0,250000000,steady,0,0,steady
fall250-clean,2182,24244444202,24244444202,250000000,0,212500000,147569,4722208,147569,4722208,9444416,0,250000000,steady,0,0,steady
fall250-clean,2183,24255555313,24255555313,250000000,0,212500000,147569,4722208,147569,4722208,9444416,0,250000000,steady,0,0,steady
fall250-clean,2184,24266666424,24266666424,250000000,0,212500000,147569,4722208,147569,4722208,9444416,0,250000000,steady,0,0,steady
fall250-clean,2185,24277777535,24277777535,250000000,0,212500000,147569,4722208,147569,4722208,9444416,0,250000000,steady,0,0,steady
fall250-clean,2186,24288888646,24288888646,250000000,0,212500000,147569,4722208,147569,4722208,9444416,0,250000000,steady,0,0,steady
fall250-clean,2187,24299999757,24299999757,250000000,0,212500000,147569,4722208,147569,4722208,9444416,0,250000000,steady,0,0,steady
fall250-clean,2188,24311110868,24311110868,250000000,0,212500000,147569,4722208,147569,4722208,9444416,0,250000000,steady,0,0,steady
fall250-clean,2189,24322221979,24322221979,250000000,0,212500000,147569,4722208,147569,4722208,9444416,0,250000000,steady,0,0,steady
fall250-clean,2190,24333333090,24333333090,250000000,0,212500000,147569,4722208,147569,4722208,9444416,0,250000000,steady,0,0,steady
fall250-clean,2191,24344444201,24344444201,250000000,0,212500000,147569,4722208,147569,4722208,9444416,0,250000000,steady,0,0,steady
fall250-clean,2192,24355555312,24355555312,250000000,0,212500000,147569,4722208,147569,4722208,9444416,0,250000000,steady,0,0,steady
fall250-clean,2193,24366666423,24366666423,250000000,0,212500000,147569,4722208,147569,4722208,9444416,0,250000000,steady,0,0,steady
fall250-clean,2194,24377777534,24377777534,250000000,0,212500000,147569,4722208,147569,4722208,9444416,0,250000000,steady,0,0,steady
fall250-clean,2195,24388888645,24388888645,250000000,0,212500000,147569,4722208,147569,4722208,9444416,0,250000000,steady,0,0,steady
fall250-clean,2196,24399999756,24399999756,250000000,0,212500000,147569,4722208,147569,4722208,9444416,0,250000000,steady,0,0,steady
fall250-clean,2197,24411110867,24411110867,250000000,0,212500000,147569,4722208,147569,4722208,9444416,0,250000000,steady,0,0,steady
fall250-clean,2198,24422221978,24422221978,250000000,0,212500000,147569,4722208,147569,4722208,9444416,0,250000000,steady,0,0,steady
fall250-clean,2199,24433333089,24433333089,250000000,0,212500000,147569,4722208,147569,4722208,9444416,0,250000000,steady,0,0,steady
fall250-clean,2200,24444444200,24444444200,250000000,0,212500000,147569,4722208,147569,4722208,9444416,0,250000000,steady,0,0,steady
fall250-clean,2201,24455555311,24455555311,250000000,0,212500000,147569,4722208,147569,4722208,9444416,0,250000000,steady,0,0,steady
fall250-clean,2202,24466666422,24466666422,250000000,0,212500000,147569,4722208,147569,4722208,9444416,0,250000000,steady,0,0,steady
fall250-clean,2203,24477777533,24477777533,250000000,0,212500000,147569,4722208,147569,4722208,9444416,0,250000000,steady,0,0,steady
fall250-clean,2204,24488888644,24488888644,250000000,0,212500000,147569,4722208,147569,4722208,9444416,0,250000000,steady,0,0,steady
fall250-clean,2205,24499999755,24499999755,250000000,0,212500000,147569,4722208,147569,4722208,9444416,0,250000000,steady,0,0,steady
fall250-clean,2206,24511110866,24511110866,250000000,0,212500000,147569,4722208,147569,4722208,9444416,0,250000000,steady,0,0,steady
fall250-clean,2207,24522221977,24522221977,250000000,0,212500000,147569,4722208,147569,4722208,9444416,0,250000000,steady,0,0,steady
fall250-clean,2208,24533333088,24533333088,250000000,0,212500000,147569,4722208,147569,4722208,9444416,0,250000000,steady,0,0,steady
fall250-clean,2209,24544444199,24544444199,250000000,0,212500000,147569,4722208,147569,4722208,9444416,0,250000000,steady,0,0,steady
fall250-clean,2210,24555555310,24555555310,250000000,0,212500000,147569,4722208,147569,4722208,9444416,0,250000000,steady,0,0,steady
fall250-clean,2211,24566666421,24566666421,250000000,0,212500000,147569,4722208,147569,4722208,9444416,0,250000000,steady,0,0,steady
fall250-clean,2212,24577777532,24577777532,250000000,0,212500000,147569,4722208,147569,4722208,9444416,0,250000000,steady,0,0,steady
fall250-clean,2213,24588888643,24588888643,250000000,0,212500000,147569,4722208,147569,4722208,9444416,0,250000000,steady,0,0,steady
fall250-clean,2214,24599999754,24599999754,250000000,0,212500000,147569,4722208,147569,4722208,9444416,0,250000000,steady,0,0,steady
fall250-clean,2215,24611110865,24611110865,250000000,0,212500000,147569,4722208,147569,4722208,9444416,0,250000000,steady,0,0,steady
fall250-clean,2216,24622221976,24622221976,250000000,0,212500000,147569,4722208,147569,4722208,9444416,0,250000000,steady,0,0,steady
fall250-clean,2217,24633333087,24633333087,250000000,0,212500000,147569,4722208,147569,4722208,9444416,0,250000000,steady,0,0,steady
fall250-clean,2218,24644444198,24644444198,250000000,0,212500000,147569,4722208,147569,4722208,9444416,0,250000000,steady,0,0,steady
fall250-clean,2219,24655555309,24655555309,250000000,0,212500000,147569,4722208,147569,4722208,9444416,0,250000000,steady,0,0,steady
fall250-clean,2220,24666666420,24666666420,250000000,0,212500000,147569,4722208,147569,4722208,9444416,0,250000000,steady,0,0,steady
fall250-clean,2221,24677777531,24677777531,250000000,0,212500000,147569,4722208,147569,4722208,9444416,0,250000000,steady,0,0,steady
fall250-clean,2222,24688888642,24688888642,250000000,0,212500000,147569,4722208,147569,4722208,9444416,0,250000000,steady,0,0,steady
fall250-clean,2223,24699999753,24699999753,250000000,0,212500000,147569,4722208,147569,4722208,9444416,0,250000000,steady,0,0,steady
fall250-clean,2224,24711110864,24711110864,250000000,0,212500000,147569,4722208,147569,4722208,9444416,0,250000000,steady,0,0,steady
fall250-clean,2225,24722221975,24722221975,250000000,0,212500000,147569,4722208,147569,4722208,9444416,0,250000000,steady,0,0,steady
fall250-clean,2226,24733333086,24733333086,250000000,0,212500000,147569,4722208,147569,4722208,9444416,0,250000000,steady,0,0,steady
fall250-clean,2227,24744444197,24744444197,250000000,0,212500000,147569,4722208,147569,4722208,9444416,0,250000000,steady,0,0,steady
fall250-clean,2228,24755555308,24755555308,250000000,0,212500000,147569,4722208,147569,4722208,9444416,0,250000000,steady,0,0,steady
fall250-clean,2229,24766666419,24766666419,250000000,0,212500000,147569,4722208,147569,4722208,9444416,0,250000000,steady,0,0,steady
fall250-clean,2230,24777777530,24777777530,250000000,0,212500000,147569,4722208,147569,4722208,9444416,0,250000000,steady,0,0,steady
fall250-clean,2231,24788888641,24788888641,250000000,0,212500000,147569,4722208,147569,4722208,9444416,0,250000000,steady,0,0,steady
fall250-clean,2232,24799999752,24799999752,250000000,0,212500000,147569,4722208,147569,4722208,9444416,0,250000000,steady,0,0,steady
fall250-clean,2233,24811110863,24811110863,250000000,0,212500000,147569,4722208,147569,4722208,9444416,0,250000000,steady,0,0,steady
fall250-clean,2234,24822221974,24822221974,250000000,0,212500000,147569,4722208,147569,4722208,9444416,0,250000000,steady,0,0,steady
fall250-clean,2235,24833333085,24833333085,250000000,0,212500000,147569,4722208,147569,4722208,9444416,0,250000000,steady,0,0,steady
fall250-clean,2236,24844444196,24844444196,250000000,0,212500000,147569,4722208,147569,4722208,9444416,0,250000000,steady,0,0,steady
fall250-clean,2237,24855555307,24855555307,250000000,0,212500000,147569,4722208,147569,4722208,9444416,0,250000000,steady,0,0,steady
fall250-clean,2238,24866666418,24866666418,250000000,0,212500000,147569,4722208,147569,4722208,9444416,0,250000000,steady,0,0,steady
fall250-clean,2239,24877777529,24877777529,250000000,0,212500000,147569,4722208,147569,4722208,9444416,0,250000000,steady,0,0,steady
fall250-clean,2240,24888888640,24888888640,250000000,0,212500000,147569,4722208,147569,4722208,9444416,0,250000000,steady,0,0,steady
fall250-clean,2241,24899999751,24899999751,250000000,0,212500000,147569,4722208,147569,4722208,9444416,0,250000000,steady,0,0,steady
fall250-clean,2242,24911110862,24911110862,250000000,0,212500000,147569,4722208,147569,4722208,9444416,0,250000000,steady,0,0,steady
fall250-clean,2243,24922221973,24922221973,250000000,0,212500000,147569,4722208,147569,4722208,9444416,0,250000000,steady,0,0,steady
fall250-clean,2244,24933333084,24933333084,250000000,0,212500000,147569,4722208,147569,4722208,9444416,0,250000000,steady,0,0,steady
fall250-clean,2245,24944444195,24944444195,250000000,0,212500000,147569,4722208,147569,4722208,9444416,0,250000000,steady,0,0,steady
fall250-clean,2246,24955555306,24955555306,250000000,0,212500000,147569,4722208,147569,4722208,9444416,0,250000000,steady,0,0,steady
fall250-clean,2247,24966666417,24966666417,250000000,0,212500000,147569,4722208,147569,4722208,9444416,0,250000000,steady,0,0,steady
fall250-clean,2248,24977777528,24977777528,250000000,0,212500000,147569,4722208,147569,4722208,9444416,0,250000000,steady,0,0,steady
fall250-clean,2249,24988888639,24988888639,250000000,0,212500000,147569,4722208,147569,4722208,9444416,0,250000000,steady,0,0,steady
fall250-clean,2250,24999999750,24999999750,250000000,0,212500000,147569,4722208,147569,4722208,9444416,0,250000000,steady,0,0,steady
fall250-clean,2251,25011110861,25011110861,250000000,0,212500000,147569,4722208,147569,4722208,9444416,0,250000000,steady,0,0,steady
fall250-clean,2252,25022221972,25022221972,250000000,0,212500000,147569,4722208,147569,4722208,9444416,0,250000000,steady,0,0,steady
fall250-clean,2253,25033333083,25033333083,250000000,0,212500000,147569,4722208,147569,4722208,9444416,0,250000000,steady,0,0,steady
fall250-clean,2254,25044444194,25044444194,250000000,0,212500000,147569,4722208,147569,4722208,9444416,0,250000000,steady,0,0,steady
fall250-clean,2255,25055555305,25055555305,250000000,0,212500000,147569,4722208,147569,4722208,9444416,0,250000000,steady,0,0,steady
fall250-clean,2256,25066666416,25066666416,250000000,0,212500000,147569,4722208,147569,4722208,9444416,0,250000000,steady,0,0,steady
fall250-clean,2257,25077777527,25077777527,250000000,0,212500000,147569,4722208,147569,4722208,9444416,0,250000000,steady,0,0,steady
fall250-clean,2258,25088888638,25088888638,250000000,0,212500000,147569,4722208,147569,4722208,9444416,0,250000000,steady,0,0,steady
fall250-clean,2259,25099999749,25099999749,250000000,0,212500000,147569,4722208,147569,4722208,9444416,0,250000000,steady,0,0,steady
fall250-clean,2260,25111110860,25111110860,250000000,0,212500000,147569,4722208,147569,4722208,9444416,0,250000000,steady,0,0,steady
fall250-clean,2261,25122221971,25122221971,250000000,0,212500000,147569,4722208,147569,4722208,9444416,0,250000000,steady,0,0,steady
fall250-clean,2262,25133333082,25133333082,250000000,0,212500000,147569,4722208,147569,4722208,9444416,0,250000000,steady,0,0,steady
fall250-clean,2263,25144444193,25144444193,250000000,0,212500000,147569,4722208,147569,4722208,9444416,0,250000000,steady,0,0,steady
fall250-clean,2264,25155555304,25155555304,250000000,0,212500000,147569,4722208,147569,4722208,9444416,0,250000000,steady,0,0,steady
fall250-clean,2265,25166666415,25166666415,250000000,0,212500000,147569,4722208,147569,4722208,9444416,0,250000000,steady,0,0,steady
fall250-clean,2266,25177777526,25177777526,250000000,0,212500000,147569,4722208,147569,4722208,9444416,0,250000000,steady,0,0,steady
fall250-clean,2267,25188888637,25188888637,250000000,0,212500000,147569,4722208,147569,4722208,9444416,0,250000000,steady,0,0,steady
fall250-clean,2268,25199999748,25199999748,250000000,0,212500000,147569,4722208,147569,4722208,9444416,0,250000000,steady,0,0,steady
fall250-clean,2269,25211110859,25211110859,250000000,0,212500000,147569,4722208,147569,4722208,9444416,0,250000000,steady,0,0,steady
fall250-clean,2270,25222221970,25222221970,250000000,0,212500000,147569,4722208,147569,4722208,9444416,0,250000000,steady,0,0,steady
fall250-clean,2271,25233333081,25233333081,250000000,0,212500000,147569,4722208,147569,4722208,9444416,0,250000000,steady,0,0,steady
fall250-clean,2272,25244444192,25244444192,250000000,0,212500000,147569,4722208,147569,4722208,9444416,0,250000000,steady,0,0,steady
fall250-clean,2273,25255555303,25255555303,250000000,0,212500000,147569,4722208,147569,4722208,9444416,0,250000000,steady,0,0,steady
fall250-clean,2274,25266666414,25266666414,250000000,0,212500000,147569,4722208,147569,4722208,9444416,0,250000000,steady,0,0,steady
fall250-clean,2275,25277777525,25277777525,250000000,0,212500000,147569,4722208,147569,4722208,9444416,0,250000000,steady,0,0,steady
fall250-clean,2276,25288888636,25288888636,250000000,0,212500000,147569,4722208,147569,4722208,9444416,0,250000000,steady,0,0,steady
fall250-clean,2277,25299999747,25299999747,250000000,0,212500000,147569,4722208,147569,4722208,9444416,0,250000000,steady,0,0,steady
fall250-clean,2278,25311110858,25311110858,250000000,0,212500000,147569,4722208,147569,4722208,9444416,0,250000000,steady,0,0,steady
fall250-clean,2279,25322221969,25322221969,250000000,0,212500000,147569,4722208,147569,4722208,9444416,0,250000000,steady,0,0,steady
fall250-clean,2280,25333333080,25333333080,250000000,0,212500000,147569,4722208,147569,4722208,9444416,0,250000000,steady,0,0,steady
fall250-clean,2281,25344444191,25344444191,250000000,0,212500000,147569,4722208,147569,4722208,9444416,0,250000000,steady,0,0,steady
fall250-clean,2282,25355555302,25355555302,250000000,0,212500000,147569,4722208,147569,4722208,9444416,0,250000000,steady,0,0,steady
fall250-clean,2283,25366666413,25366666413,250000000,0,212500000,147569,4722208,147569,4722208,9444416,0,250000000,steady,0,0,steady
fall250-clean,2284,25377777524,25377777524,250000000,0,212500000,147569,4722208,147569,4722208,9444416,0,250000000,steady,0,0,steady
fall250-clean,2285,25388888635,25388888635,250000000,0,212500000,147569,4722208,147569,4722208,9444416,0,250000000,steady,0,0,steady
fall250-clean,2286,25399999746,25399999746,250000000,0,212500000,147569,4722208,147569,4722208,9444416,0,250000000,steady,0,0,steady
fall250-clean,2287,25411110857,25411110857,250000000,0,212500000,147569,4722208,147569,4722208,9444416,0,250000000,steady,0,0,steady
fall250-clean,2288,25422221968,25422221968,250000000,0,212500000,147569,4722208,147569,4722208,9444416,0,250000000,steady,0,0,steady
fall250-clean,2289,25433333079,25433333079,250000000,0,212500000,147569,4722208,147569,4722208,9444416,0,250000000,steady,0,0,steady
fall250-clean,2290,25444444190,25444444190,250000000,0,212500000,147569,4722208,147569,4722208,9444416,0,250000000,steady,0,0,steady
fall250-clean,2291,25455555301,25455555301,250000000,0,212500000,147569,4722208,147569,4722208,9444416,0,250000000,steady,0,0,steady
fall250-clean,2292,25466666412,25466666412,250000000,0,212500000,147569,4722208,147569,4722208,9444416,0,250000000,steady,0,0,steady
fall250-clean,2293,25477777523,25477777523,250000000,0,212500000,147569,4722208,147569,4722208,9444416,0,250000000,steady,0,0,steady
fall250-clean,2294,25488888634,25488888634,250000000,0,212500000,147569,4722208,147569,4722208,9444416,0,250000000,steady,0,0,steady
fall250-clean,2295,25499999745,25499999745,250000000,0,212500000,147569,4722208,147569,4722208,9444416,0,250000000,steady,0,0,steady
fall250-clean,2296,25511110856,25511110856,250000000,0,212500000,147569,4722208,147569,4722208,9444416,0,250000000,steady,0,0,steady
fall250-clean,2297,25522221967,25522221967,250000000,0,212500000,147569,4722208,147569,4722208,9444416,0,250000000,steady,0,0,steady
fall250-clean,2298,25533333078,25533333078,250000000,0,212500000,147569,4722208,147569,4722208,9444416,0,250000000,steady,0,0,steady
fall250-clean,2299,25544444189,25544444189,250000000,0,212500000,147569,4722208,147569,4722208,9444416,0,250000000,steady,0,0,steady
fall250-clean,2300,25555555300,25555555300,250000000,0,212500000,147569,4722208,147569,4722208,9444416,0,250000000,steady,0,0,steady
fall250-clean,2301,25566666411,25566666411,250000000,0,212500000,147569,4722208,147569,4722208,9444416,0,250000000,steady,0,0,steady
fall250-clean,2302,25577777522,25577777522,250000000,0,212500000,147569,4722208,147569,4722208,9444416,0,250000000,steady,0,0,steady
fall250-clean,2303,25588888633,25588888633,250000000,0,212500000,147569,4722208,147569,4722208,9444416,0,250000000,steady,0,0,steady
fall250-clean,2304,25599999744,25599999744,250000000,0,212500000,147569,4722208,147569,4722208,9444416,0,250000000,steady,0,0,steady
fall250-clean,2305,25611110855,25611110855,250000000,0,212500000,147569,4722208,147569,4722208,9444416,0,250000000,steady,0,0,steady
fall250-clean,2306,25622221966,25622221966,250000000,0,212500000,147569,4722208,147569,4722208,9444416,0,250000000,steady,0,0,steady
fall250-clean,2307,25633333077,25633333077,250000000,0,212500000,147569,4722208,147569,4722208,9444416,0,250000000,steady,0,0,steady
fall250-clean,2308,25644444188,25644444188,250000000,0,212500000,147569,4722208,147569,4722208,9444416,0,250000000,steady,0,0,steady
fall250-clean,2309,25655555299,25655555299,250000000,0,212500000,147569,4722208,147569,4722208,9444416,0,250000000,steady,0,0,steady
fall250-clean,2310,25666666410,25666666410,250000000,0,212500000,147569,4722208,147569,4722208,9444416,0,250000000,steady,0,0,steady
fall250-clean,2311,25677777521,25677777521,250000000,0,212500000,147569,4722208,147569,4722208,9444416,0,250000000,steady,0,0,steady
fall250-clean,2312,25688888632,25688888632,250000000,0,212500000,147569,4722208,147569,4722208,9444416,0,250000000,steady,0,0,steady
fall250-clean,2313,25699999743,25699999743,250000000,0,212500000,147569,4722208,147569,4722208,9444416,0,250000000,steady,0,0,steady
fall250-clean,2314,25711110854,25711110854,250000000,0,212500000,147569,4722208,147569,4722208,9444416,0,250000000,steady,0,0,steady
fall250-clean,2315,25722221965,25722221965,250000000,0,212500000,147569,4722208,147569,4722208,9444416,0,250000000,steady,0,0,steady
fall250-clean,2316,25733333076,25733333076,250000000,0,212500000,147569,4722208,147569,4722208,9444416,0,250000000,steady,0,0,steady
fall250-clean,2317,25744444187,25744444187,250000000,0,212500000,147569,4722208,147569,4722208,9444416,0,250000000,steady,0,0,steady
fall250-clean,2318,25755555298,25755555298,250000000,0,212500000,147569,4722208,147569,4722208,9444416,0,250000000,steady,0,0,steady
fall250-clean,2319,25766666409,25766666409,250000000,0,212500000,147569,4722208,147569,4722208,9444416,0,250000000,steady,0,0,steady
fall250-clean,2320,25777777520,25777777520,250000000,0,212500000,147569,4722208,147569,4722208,9444416,0,250000000,steady,0,0,steady
fall250-clean,2321,25788888631,25788888631,250000000,0,212500000,147569,4722208,147569,4722208,9444416,0,250000000,steady,0,0,steady
fall250-clean,2322,25799999742,25799999742,250000000,0,212500000,147569,4722208,147569,4722208,9444416,0,250000000,steady,0,0,steady
fall250-clean,2323,25811110853,25811110853,250000000,0,212500000,147569,4722208,147569,4722208,9444416,0,250000000,steady,0,0,steady
fall250-clean,2324,25822221964,25822221964,250000000,0,212500000,147569,4722208,147569,4722208,9444416,0,250000000,steady,0,0,steady
fall250-clean,2325,25833333075,25833333075,250000000,0,212500000,147569,4722208,147569,4722208,9444416,0,250000000,steady,0,0,steady
fall250-clean,2326,25844444186,25844444186,250000000,0,212500000,147569,4722208,147569,4722208,9444416,0,250000000,steady,0,0,steady
fall250-clean,2327,25855555297,25855555297,250000000,0,212500000,147569,4722208,147569,4722208,9444416,0,250000000,steady,0,0,steady
fall250-clean,2328,25866666408,25866666408,250000000,0,212500000,147569,4722208,147569,4722208,9444416,0,250000000,steady,0,0,steady
fall250-clean,2329,25877777519,25877777519,250000000,0,212500000,147569,4722208,147569,4722208,9444416,0,250000000,steady,0,0,steady
fall250-clean,2330,25888888630,25888888630,250000000,0,212500000,147569,4722208,147569,4722208,9444416,0,250000000,steady,0,0,steady
fall250-clean,2331,25899999741,25899999741,250000000,0,212500000,147569,4722208,147569,4722208,9444416,0,250000000,steady,0,0,steady
fall250-clean,2332,25911110852,25911110852,250000000,0,212500000,147569,4722208,147569,4722208,9444416,0,250000000,steady,0,0,steady
fall250-clean,2333,25922221963,25922221963,250000000,0,212500000,147569,4722208,147569,4722208,9444416,0,250000000,steady,0,0,steady
fall250-clean,2334,25933333074,25933333074,250000000,0,212500000,147569,4722208,147569,4722208,9444416,0,250000000,steady,0,0,steady
fall250-clean,2335,25944444185,25944444185,250000000,0,212500000,147569,4722208,147569,4722208,9444416,0,250000000,steady,0,0,steady
fall250-clean,2336,25955555296,25955555296,250000000,0,212500000,147569,4722208,147569,4722208,9444416,0,250000000,steady,0,0,steady
fall250-clean,2337,25966666407,25966666407,250000000,0,212500000,147569,4722208,147569,4722208,9444416,0,250000000,steady,0,0,steady
fall250-clean,2338,25977777518,25977777518,250000000,0,212500000,147569,4722208,147569,4722208,9444416,0,250000000,steady,0,0,steady
fall250-clean,2339,25988888629,25988888629,250000000,0,212500000,147569,4722208,147569,4722208,9444416,0,250000000,steady,0,0,steady
fall250-clean,2340,25999999740,25999999740,250000000,0,212500000,147569,4722208,147569,4722208,9444416,0,250000000,steady,0,0,steady
fall250-clean,2341,26011110851,26011110851,250000000,0,212500000,147569,4722208,147569,4722208,9444416,0,250000000,steady,0,0,steady
fall250-clean,2342,26022221962,26022221962,250000000,0,212500000,147569,4722208,147569,4722208,9444416,0,250000000,steady,0,0,steady
fall250-clean,2343,26033333073,26033333073,250000000,0,212500000,147569,4722208,147569,4722208,9444416,0,250000000,steady,0,0,steady
fall250-clean,2344,26044444184,26044444184,250000000,0,212500000,147569,4722208,147569,4722208,9444416,0,250000000,steady,0,0,steady
fall250-clean,2345,26055555295,26055555295,250000000,0,212500000,147569,4722208,147569,4722208,9444416,0,250000000,steady,0,0,steady
fall250-clean,2346,26066666406,26066666406,250000000,0,212500000,147569,4722208,147569,4722208,9444416,0,250000000,steady,0,0,steady
fall250-clean,2347,26077777517,26077777517,250000000,0,212500000,147569,4722208,147569,4722208,9444416,0,250000000,steady,0,0,steady
fall250-clean,2348,26088888628,26088888628,250000000,0,212500000,147569,4722208,147569,4722208,9444416,0,250000000,steady,0,0,steady
fall250-clean,2349,26099999739,26099999739,250000000,0,212500000,147569,4722208,147569,4722208,9444416,0,250000000,steady,0,0,steady
fall250-clean,2350,26111110850,26111110850,250000000,0,212500000,147569,4722208,147569,4722208,9444416,0,250000000,steady,0,0,steady
fall250-clean,2351,26122221961,26122221961,250000000,0,212500000,147569,4722208,147569,4722208,9444416,0,250000000,steady,0,0,steady
fall250-clean,2352,26133333072,26133333072,250000000,0,212500000,147569,4722208,147569,4722208,9444416,0,250000000,steady,0,0,steady
fall250-clean,2353,26144444183,26144444183,250000000,0,212500000,147569,4722208,147569,4722208,9444416,0,250000000,steady,0,0,steady
fall250-clean,2354,26155555294,26155555294,250000000,0,212500000,147569,4722208,147569,4722208,9444416,0,250000000,steady,0,0,steady
fall250-clean,2355,26166666405,26166666405,250000000,0,212500000,147569,4722208,147569,4722208,9444416,0,250000000,steady,0,0,steady
fall250-clean,2356,26177777516,26177777516,250000000,0,212500000,147569,4722208,147569,4722208,9444416,0,250000000,steady,0,0,steady
fall250-clean,2357,26188888627,26188888627,250000000,0,212500000,147569,4722208,147569,4722208,9444416,0,250000000,steady,0,0,steady
fall250-clean,2358,26199999738,26199999738,250000000,0,212500000,147569,4722208,147569,4722208,9444416,0,250000000,steady,0,0,steady
fall250-clean,2359,26211110849,26211110849,250000000,0,212500000,147569,4722208,147569,4722208,9444416,0,250000000,steady,0,0,steady
fall250-clean,2360,26222221960,26222221960,250000000,0,212500000,147569,4722208,147569,4722208,9444416,0,250000000,steady,0,0,steady
fall250-clean,2361,26233333071,26233333071,250000000,0,212500000,147569,4722208,147569,4722208,9444416,0,250000000,steady,0,0,steady
fall250-clean,2362,26244444182,26244444182,250000000,0,212500000,147569,4722208,147569,4722208,9444416,0,250000000,steady,0,0,steady
fall250-clean,2363,26255555293,26255555293,250000000,0,212500000,147569,4722208,147569,4722208,9444416,0,250000000,steady,0,0,steady
fall250-clean,2364,26266666404,26266666404,250000000,0,212500000,147569,4722208,147569,4722208,9444416,0,250000000,steady,0,0,steady
fall250-clean,2365,26277777515,26277777515,250000000,0,212500000,147569,4722208,147569,4722208,9444416,0,250000000,steady,0,0,steady
fall250-clean,2366,26288888626,26288888626,250000000,0,212500000,147569,4722208,147569,4722208,9444416,0,250000000,steady,0,0,steady
fall250-clean,2367,26299999737,26299999737,250000000,0,212500000,147569,4722208,147569,4722208,9444416,0,250000000,steady,0,0,steady
fall250-clean,2368,26311110848,26311110848,250000000,0,212500000,147569,4722208,147569,4722208,9444416,0,250000000,steady,0,0,steady
fall250-clean,2369,26322221959,26322221959,250000000,0,212500000,147569,4722208,147569,4722208,9444416,0,250000000,steady,0,0,steady
fall250-clean,2370,26333333070,26333333070,250000000,0,212500000,147569,4722208,147569,4722208,9444416,0,250000000,steady,0,0,steady
fall250-clean,2371,26344444181,26344444181,250000000,0,212500000,147569,4722208,147569,4722208,9444416,0,250000000,steady,0,0,steady
fall250-clean,2372,26355555292,26355555292,250000000,0,212500000,147569,4722208,147569,4722208,9444416,0,250000000,steady,0,0,steady
fall250-clean,2373,26366666403,26366666403,250000000,0,212500000,147569,4722208,147569,4722208,9444416,0,250000000,steady,0,0,steady
fall250-clean,2374,26377777514,26377777514,250000000,0,212500000,147569,4722208,147569,4722208,9444416,0,250000000,steady,0,0,steady
fall250-clean,2375,26388888625,26388888625,250000000,0,212500000,147569,4722208,147569,4722208,9444416,0,250000000,steady,0,0,steady
fall250-clean,2376,26399999736,26399999736,250000000,0,212500000,147569,4722208,147569,4722208,9444416,0,250000000,steady,0,0,steady
fall250-clean,2377,26411110847,26411110847,250000000,0,212500000,147569,4722208,147569,4722208,9444416,0,250000000,steady,0,0,steady
fall250-clean,2378,26422221958,26422221958,250000000,0,212500000,147569,4722208,147569,4722208,9444416,0,250000000,steady,0,0,steady
fall250-clean,2379,26433333069,26433333069,250000000,0,212500000,147569,4722208,147569,4722208,9444416,0,250000000,steady,0,0,steady
fall250-clean,2380,26444444180,26444444180,250000000,0,212500000,147569,4722208,147569,4722208,9444416,0,250000000,steady,0,0,steady
fall250-clean,2381,26455555291,26455555291,250000000,0,212500000,147569,4722208,147569,4722208,9444416,0,250000000,steady,0,0,steady
fall250-clean,2382,26466666402,26466666402,250000000,0,212500000,147569,4722208,147569,4722208,9444416,0,250000000,steady,0,0,steady
fall250-clean,2383,26477777513,26477777513,250000000,0,212500000,147569,4722208,147569,4722208,9444416,0,250000000,steady,0,0,steady
fall250-clean,2384,26488888624,26488888624,250000000,0,212500000,147569,4722208,147569,4722208,9444416,0,250000000,steady,0,0,steady
fall250-clean,2385,26499999735,26499999735,250000000,0,212500000,147569,4722208,147569,4722208,9444416,0,250000000,steady,0,0,steady
fall250-clean,2386,26511110846,26511110846,250000000,0,212500000,147569,4722208,147569,4722208,9444416,0,250000000,steady,0,0,steady
fall250-clean,2387,26522221957,26522221957,250000000,0,212500000,147569,4722208,147569,4722208,9444416,0,250000000,steady,0,0,steady
fall250-clean,2388,26533333068,26533333068,250000000,0,212500000,147569,4722208,147569,4722208,9444416,0,250000000,steady,0,0,steady
fall250-clean,2389,26544444179,26544444179,250000000,0,212500000,147569,4722208,147569,4722208,9444416,0,250000000,steady,0,0,steady
fall250-clean,2390,26555555290,26555555290,250000000,0,212500000,147569,4722208,147569,4722208,9444416,0,250000000,steady,0,0,steady
fall250-clean,2391,26566666401,26566666401,250000000,0,212500000,147569,4722208,147569,4722208,9444416,0,250000000,steady,0,0,steady
fall250-clean,2392,26577777512,26577777512,250000000,0,212500000,147569,4722208,147569,4722208,9444416,0,250000000,steady,0,0,steady
fall250-clean,2393,26588888623,26588888623,250000000,0,212500000,147569,4722208,147569,4722208,9444416,0,250000000,steady,0,0,steady
fall250-clean,2394,26599999734,26599999734,250000000,0,212500000,147569,4722208,147569,4722208,9444416,0,250000000,steady,0,0,steady
fall250-clean,2395,26611110845,26611110845,250000000,0,212500000,147569,4722208,147569,4722208,9444416,0,250000000,steady,0,0,steady
fall250-clean,2396,26622221956,26622221956,250000000,0,212500000,147569,4722208,147569,4722208,9444416,0,250000000,steady,0,0,steady
fall250-clean,2397,26633333067,26633333067,250000000,0,212500000,147569,4722208,147569,4722208,9444416,0,250000000,steady,0,0,steady
fall250-clean,2398,26644444178,26644444178,250000000,0,212500000,147569,4722208,147569,4722208,9444416,0,250000000,steady,0,0,steady
fall250-clean,2399,26655555289,26655555289,250000000,0,212500000,147569,4722208,147569,4722208,9444416,0,250000000,steady,0,0,steady
fall250-clean,2400,26666666400,26666666400,250000000,0,212500000,147569,4722208,147569,4722208,9444416,0,250000000,steady,0,0,steady
fall250-clean,2401,26677777511,26677777511,250000000,0,212500000,147569,4722208,147569,4722208,9444416,0,250000000,steady,0,0,steady
fall250-clean,2402,26688888622,26688888622,250000000,0,212500000,147569,4722208,147569,4722208,9444416,0,250000000,steady,0,0,steady
fall250-clean,2403,26699999733,26699999733,250000000,0,212500000,147569,4722208,147569,4722208,9444416,0,250000000,steady,0,0,steady
fall250-clean,2404,26711110844,26711110844,250000000,0,212500000,147569,4722208,147569,4722208,9444416,0,250000000,steady,0,0,steady
fall250-clean,2405,26722221955,26722221955,250000000,0,212500000,147569,4722208,147569,4722208,9444416,0,250000000,steady,0,0,steady
fall250-clean,2406,26733333066,26733333066,250000000,0,212500000,147569,4722208,147569,4722208,9444416,0,250000000,steady,0,0,steady
fall250-clean,2407,26744444177,26744444177,250000000,0,212500000,147569,4722208,147569,4722208,9444416,0,250000000,steady,0,0,steady
fall250-clean,2408,26755555288,26755555288,250000000,0,212500000,147569,4722208,147569,4722208,9444416,0,250000000,steady,0,0,steady
fall250-clean,2409,26766666399,26766666399,250000000,0,212500000,147569,4722208,147569,4722208,9444416,0,250000000,steady,0,0,steady
fall250-clean,2410,26777777510,26777777510,250000000,0,212500000,147569,4722208,147569,4722208,9444416,0,250000000,steady,0,0,steady
fall250-clean,2411,26788888621,26788888621,250000000,0,212500000,147569,4722208,147569,4722208,9444416,0,250000000,steady,0,0,steady
fall250-clean,2412,26799999732,26799999732,250000000,0,212500000,147569,4722208,147569,4722208,9444416,0,250000000,steady,0,0,steady
fall250-clean,2413,26811110843,26811110843,250000000,0,212500000,147569,4722208,147569,4722208,9444416,0,250000000,steady,0,0,steady
fall250-clean,2414,26822221954,26822221954,250000000,0,212500000,147569,4722208,147569,4722208,9444416,0,250000000,steady,0,0,steady
fall250-clean,2415,26833333065,26833333065,250000000,0,212500000,147569,4722208,147569,4722208,9444416,0,250000000,steady,0,0,steady
fall250-clean,2416,26844444176,26844444176,250000000,0,212500000,147569,4722208,147569,4722208,9444416,0,250000000,steady,0,0,steady
fall250-clean,2417,26855555287,26855555287,250000000,0,212500000,147569,4722208,147569,4722208,9444416,0,250000000,steady,0,0,steady
fall250-clean,2418,26866666398,26866666398,250000000,0,212500000,147569,4722208,147569,4722208,9444416,0,250000000,steady,0,0,steady
fall250-clean,2419,26877777509,26877777509,250000000,0,212500000,147569,4722208,147569,4722208,9444416,0,250000000,steady,0,0,steady
fall250-clean,2420,26888888620,26888888620,250000000,0,212500000,147569,4722208,147569,4722208,9444416,0,250000000,steady,0,0,steady
fall250-clean,2421,26899999731,26899999731,250000000,0,212500000,147569,4722208,147569,4722208,9444416,0,250000000,steady,0,0,steady
fall250-clean,2422,26911110842,26911110842,250000000,0,212500000,147569,4722208,147569,4722208,9444416,0,250000000,steady,0,0,steady
fall250-clean,2423,26922221953,26922221953,250000000,0,212500000,147569,4722208,147569,4722208,9444416,0,250000000,steady,0,0,steady
fall250-clean,2424,26933333064,26933333064,250000000,0,212500000,147569,4722208,147569,4722208,9444416,0,250000000,steady,0,0,steady
fall250-clean,2425,26944444175,26944444175,250000000,0,212500000,147569,4722208,147569,4722208,9444416,0,250000000,steady,0,0,steady
fall250-clean,2426,26955555286,26955555286,250000000,0,212500000,147569,4722208,147569,4722208,9444416,0,250000000,steady,0,0,steady
fall250-clean,2427,26966666397,26966666397,250000000,0,212500000,147569,4722208,147569,4722208,9444416,0,250000000,steady,0,0,steady
fall250-clean,2428,26977777508,26977777508,250000000,0,212500000,147569,4722208,147569,4722208,9444416,0,250000000,steady,0,0,steady
fall250-clean,2429,26988888619,26988888619,250000000,0,212500000,147569,4722208,147569,4722208,9444416,0,250000000,steady,0,0,steady
fall250-clean,2430,26999999730,26999999730,250000000,0,212500000,147569,4722208,147569,4722208,9444416,0,250000000,steady,0,0,steady
fall250-clean,2431,27011110841,27011110841,250000000,0,212500000,147569,4722208,147569,4722208,9444416,0,250000000,steady,0,0,steady
fall250-clean,2432,27022221952,27022221952,250000000,0,212500000,147569,4722208,147569,4722208,9444416,0,250000000,steady,0,0,steady
fall250-clean,2433,27033333063,27033333063,250000000,0,212500000,147569,4722208,147569,4722208,9444416,0,250000000,steady,0,0,steady
fall250-clean,2434,27044444174,27044444174,250000000,0,212500000,147569,4722208,147569,4722208,9444416,0,250000000,steady,0,0,steady
fall250-clean,2435,27055555285,27055555285,250000000,0,212500000,147569,4722208,147569,4722208,9444416,0,250000000,steady,0,0,steady
fall250-clean,2436,27066666396,27066666396,250000000,0,212500000,147569,4722208,147569,4722208,9444416,0,250000000,steady,0,0,steady
fall250-clean,2437,27077777507,27077777507,250000000,0,212500000,147569,4722208,147569,4722208,9444416,0,250000000,steady,0,0,steady
fall250-clean,2438,27088888618,27088888618,250000000,0,212500000,147569,4722208,147569,4722208,9444416,0,250000000,steady,0,0,steady
fall250-clean,2439,27099999729,27099999729,250000000,0,212500000,147569,4722208,147569,4722208,9444416,0,250000000,steady,0,0,steady
fall250-clean,2440,27111110840,27111110840,250000000,0,212500000,147569,4722208,147569,4722208,9444416,0,250000000,steady,0,0,steady
fall250-clean,2441,27122221951,27122221951,250000000,0,212500000,147569,4722208,147569,4722208,9444416,0,250000000,steady,0,0,steady
fall250-clean,2442,27133333062,27133333062,250000000,0,212500000,147569,4722208,147569,4722208,9444416,0,250000000,steady,0,0,steady
fall250-clean,2443,27144444173,27144444173,250000000,0,212500000,147569,4722208,147569,4722208,9444416,0,250000000,steady,0,0,steady
fall250-clean,2444,27155555284,27155555284,250000000,0,212500000,147569,4722208,147569,4722208,9444416,0,250000000,steady,0,0,steady
fall250-clean,2445,27166666395,27166666395,250000000,0,212500000,147569,4722208,147569,4722208,9444416,0,250000000,steady,0,0,steady
fall250-clean,2446,27177777506,27177777506,250000000,0,212500000,147569,4722208,147569,4722208,9444416,0,250000000,steady,0,0,steady
fall250-clean,2447,27188888617,27188888617,250000000,0,212500000,147569,4722208,147569,4722208,9444416,0,250000000,steady,0,0,steady
fall250-clean,2448,27199999728,27199999728,250000000,0,212500000,147569,4722208,147569,4722208,9444416,0,250000000,steady,0,0,steady
fall250-clean,2449,27211110839,27211110839,250000000,0,212500000,147569,4722208,147569,4722208,9444416,0,250000000,steady,0,0,steady
fall250-clean,2450,27222221950,27222221950,250000000,0,212500000,147569,4722208,147569,4722208,9444416,0,250000000,steady,0,0,steady
fall250-clean,2451,27233333061,27233333061,250000000,0,212500000,147569,4722208,147569,4722208,9444416,0,250000000,steady,0,0,steady
fall250-clean,2452,27244444172,27244444172,250000000,0,212500000,147569,4722208,147569,4722208,9444416,0,250000000,steady,0,0,steady
fall250-clean,2453,27255555283,27255555283,250000000,0,212500000,147569,4722208,147569,4722208,9444416,0,250000000,steady,0,0,steady
fall250-clean,2454,27266666394,27266666394,250000000,0,212500000,147569,4722208,147569,4722208,9444416,0,250000000,steady,0,0,steady
fall250-clean,2455,27277777505,27277777505,250000000,0,212500000,147569,4722208,147569,4722208,9444416,0,250000000,steady,0,0,steady
fall250-clean,2456,27288888616,27288888616,250000000,0,212500000,147569,4722208,147569,4722208,9444416,0,250000000,steady,0,0,steady
fall250-clean,2457,27299999727,27299999727,250000000,0,212500000,147569,4722208,147569,4722208,9444416,0,250000000,steady,0,0,steady
fall250-clean,2458,27311110838,27311110838,250000000,0,212500000,147569,4722208,147569,4722208,9444416,0,250000000,steady,0,0,steady
fall250-clean,2459,27322221949,27322221949,250000000,0,212500000,147569,4722208,147569,4722208,9444416,0,250000000,steady,0,0,steady
fall250-clean,2460,27333333060,27333333060,250000000,0,212500000,147569,4722208,147569,4722208,9444416,0,250000000,steady,0,0,steady
fall250-clean,2461,27344444171,27344444171,250000000,0,212500000,147569,4722208,147569,4722208,9444416,0,250000000,steady,0,0,steady
fall250-clean,2462,27355555282,27355555282,250000000,0,212500000,147569,4722208,147569,4722208,9444416,0,250000000,steady,0,0,steady
fall250-clean,2463,27366666393,27366666393,250000000,0,212500000,147569,4722208,147569,4722208,9444416,0,250000000,steady,0,0,steady
fall250-clean,2464,27377777504,27377777504,250000000,0,212500000,147569,4722208,147569,4722208,9444416,0,250000000,steady,0,0,steady
fall250-clean,2465,27388888615,27388888615,250000000,0,212500000,147569,4722208,147569,4722208,9444416,0,250000000,steady,0,0,steady
fall250-clean,2466,27399999726,27399999726,250000000,0,212500000,147569,4722208,147569,4722208,9444416,0,250000000,steady,0,0,steady
fall250-clean,2467,27411110837,27411110837,250000000,0,212500000,147569,4722208,147569,4722208,9444416,0,250000000,steady,0,0,steady
fall250-clean,2468,27422221948,27422221948,250000000,0,212500000,147569,4722208,147569,4722208,9444416,0,250000000,steady,0,0,steady
fall250-clean,2469,27433333059,27433333059,250000000,0,212500000,147569,4722208,147569,4722208,9444416,0,250000000,steady,0,0,steady
fall250-clean,2470,27444444170,27444444170,250000000,0,212500000,147569,4722208,147569,4722208,9444416,0,250000000,steady,0,0,steady
fall250-clean,2471,27455555281,27455555281,250000000,0,212500000,147569,4722208,147569,4722208,9444416,0,250000000,steady,0,0,steady
fall250-clean,2472,27466666392,27466666392,250000000,0,212500000,147569,4722208,147569,4722208,9444416,0,250000000,steady,0,0,steady
fall250-clean,2473,27477777503,27477777503,250000000,0,212500000,147569,4722208,147569,4722208,9444416,0,250000000,steady,0,0,steady
fall250-clean,2474,27488888614,27488888614,250000000,0,212500000,147569,4722208,147569,4722208,9444416,0,250000000,steady,0,0,steady
fall250-clean,2475,27499999725,27499999725,250000000,0,212500000,147569,4722208,147569,4722208,9444416,0,250000000,steady,0,0,steady
fall250-clean,2476,27511110836,27511110836,250000000,0,212500000,147569,4722208,147569,4722208,9444416,0,250000000,steady,0,0,steady
fall250-clean,2477,27522221947,27522221947,250000000,0,212500000,147569,4722208,147569,4722208,9444416,0,250000000,steady,0,0,steady
fall250-clean,2478,27533333058,27533333058,250000000,0,212500000,147569,4722208,147569,4722208,9444416,0,250000000,steady,0,0,steady
fall250-clean,2479,27544444169,27544444169,250000000,0,212500000,147569,4722208,147569,4722208,9444416,0,250000000,steady,0,0,steady
fall250-clean,2480,27555555280,27555555280,250000000,0,212500000,147569,4722208,147569,4722208,9444416,0,250000000,steady,0,0,steady
fall250-clean,2481,27566666391,27566666391,250000000,0,212500000,147569,4722208,147569,4722208,9444416,0,250000000,steady,0,0,steady
fall250-clean,2482,27577777502,27577777502,250000000,0,212500000,147569,4722208,147569,4722208,9444416,0,250000000,steady,0,0,steady
fall250-clean,2483,27588888613,27588888613,250000000,0,212500000,147569,4722208,147569,4722208,9444416,0,250000000,steady,0,0,steady
fall250-clean,2484,27599999724,27599999724,250000000,0,212500000,147569,4722208,147569,4722208,9444416,0,250000000,steady,0,0,steady
fall250-clean,2485,27611110835,27611110835,250000000,0,212500000,147569,4722208,147569,4722208,9444416,0,250000000,steady,0,0,steady
fall250-clean,2486,27622221946,27622221946,250000000,0,212500000,147569,4722208,147569,4722208,9444416,0,250000000,steady,0,0,steady
fall250-clean,2487,27633333057,27633333057,250000000,0,212500000,147569,4722208,147569,4722208,9444416,0,250000000,steady,0,0,steady
fall250-clean,2488,27644444168,27644444168,250000000,0,212500000,147569,4722208,147569,4722208,9444416,0,250000000,steady,0,0,steady
fall250-clean,2489,27655555279,27655555279,250000000,0,212500000,147569,4722208,147569,4722208,9444416,0,250000000,steady,0,0,steady
fall250-clean,2490,27666666390,27666666390,250000000,0,212500000,147569,4722208,147569,4722208,9444416,0,250000000,steady,0,0,steady
fall250-clean,2491,27677777501,27677777501,250000000,0,212500000,147569,4722208,147569,4722208,9444416,0,250000000,steady,0,0,steady
fall250-clean,2492,27688888612,27688888612,250000000,0,212500000,147569,4722208,147569,4722208,9444416,0,250000000,steady,0,0,steady
fall250-clean,2493,27699999723,27699999723,250000000,0,212500000,147569,4722208,147569,4722208,9444416,0,250000000,steady,0,0,steady
fall250-clean,2494,27711110834,27711110834,250000000,0,212500000,147569,4722208,147569,4722208,9444416,0,250000000,steady,0,0,steady
fall250-clean,2495,27722221945,27722221945,250000000,0,212500000,147569,4722208,147569,4722208,9444416,0,250000000,steady,0,0,steady
fall250-clean,2496,27733333056,27733333056,250000000,0,212500000,147569,4722208,147569,4722208,9444416,0,250000000,steady,0,0,steady
fall250-clean,2497,27744444167,27744444167,250000000,0,212500000,147569,4722208,147569,4722208,9444416,0,250000000,steady,0,0,steady
fall250-clean,2498,27755555278,27755555278,250000000,0,212500000,147569,4722208,147569,4722208,9444416,0,250000000,steady,0,0,steady
fall250-clean,2499,27766666389,27766666389,250000000,0,212500000,147569,4722208,147569,4722208,9444416,0,250000000,steady,0,0,steady
fall250-clean,2500,27777777500,27777777500,250000000,0,212500000,147569,4722208,147569,4722208,9444416,0,250000000,steady,0,0,steady
fall250-clean,2501,27788888611,27788888611,250000000,0,212500000,147569,4722208,147569,4722208,9444416,0,250000000,steady,0,0,steady
fall250-clean,2502,27799999722,27799999722,250000000,0,212500000,147569,4722208,147569,4722208,9444416,0,250000000,steady,0,0,steady
fall250-clean,2503,27811110833,27811110833,250000000,0,212500000,147569,4722208,147569,4722208,9444416,0,250000000,steady,0,0,steady
fall250-clean,2504,27822221944,27822221944,250000000,0,212500000,147569,4722208,147569,4722208,9444416,0,250000000,steady,0,0,steady
fall250-clean,2505,27833333055,27833333055,250000000,0,212500000,147569,4722208,147569,4722208,9444416,0,250000000,steady,0,0,steady
fall250-clean,2506,27844444166,27844444166,250000000,0,212500000,147569,4722208,147569,4722208,9444416,0,250000000,steady,0,0,steady
fall250-clean,2507,27855555277,27855555277,250000000,0,212500000,147569,4722208,147569,4722208,9444416,0,250000000,steady,0,0,steady
fall250-clean,2508,27866666388,27866666388,250000000,0,212500000,147569,4722208,147569,4722208,9444416,0,250000000,steady,0,0,steady
fall250-clean,2509,27877777499,27877777499,250000000,0,212500000,147569,4722208,147569,4722208,9444416,0,250000000,steady,0,0,steady
fall250-clean,2510,27888888610,27888888610,250000000,0,212500000,147569,4722208,147569,4722208,9444416,0,250000000,steady,0,0,steady
fall250-clean,2511,27899999721,27899999721,250000000,0,212500000,147569,4722208,147569,4722208,9444416,0,250000000,steady,0,0,steady
fall250-clean,2512,27911110832,27911110832,250000000,0,212500000,147569,4722208,147569,4722208,9444416,0,250000000,steady,0,0,steady
fall250-clean,2513,27922221943,27922221943,250000000,0,212500000,147569,4722208,147569,4722208,9444416,0,250000000,steady,0,0,steady
fall250-clean,2514,27933333054,27933333054,250000000,0,212500000,147569,4722208,147569,4722208,9444416,0,250000000,steady,0,0,steady
fall250-clean,2515,27944444165,27944444165,250000000,0,212500000,147569,4722208,147569,4722208,9444416,0,250000000,steady,0,0,steady
fall250-clean,2516,27955555276,27955555276,250000000,0,212500000,147569,4722208,147569,4722208,9444416,0,250000000,steady,0,0,steady
fall250-clean,2517,27966666387,27966666387,250000000,0,212500000,147569,4722208,147569,4722208,9444416,0,250000000,steady,0,0,steady
fall250-clean,2518,27977777498,27977777498,250000000,0,212500000,147569,4722208,147569,4722208,9444416,0,250000000,steady,0,0,steady
fall250-clean,2519,27988888609,27988888609,250000000,0,212500000,147569,4722208,147569,4722208,9444416,0,250000000,steady,0,0,steady
fall250-clean,2520,27999999720,27999999720,250000000,0,212500000,147569,4722208,147569,4722208,9444416,0,250000000,steady,0,0,steady
fall250-clean,2521,28011110831,28011110831,250000000,0,212500000,147569,4722208,147569,4722208,9444416,0,250000000,steady,0,0,steady
fall250-clean,2522,28022221942,28022221942,250000000,0,212500000,147569,4722208,147569,4722208,9444416,0,250000000,steady,0,0,steady
fall250-clean,2523,28033333053,28033333053,250000000,0,212500000,147569,4722208,147569,4722208,9444416,0,250000000,steady,0,0,steady
fall250-clean,2524,28044444164,28044444164,250000000,0,212500000,147569,4722208,147569,4722208,9444416,0,250000000,steady,0,0,steady
fall250-clean,2525,28055555275,28055555275,250000000,0,212500000,147569,4722208,147569,4722208,9444416,0,250000000,steady,0,0,steady
fall250-clean,2526,28066666386,28066666386,250000000,0,212500000,147569,4722208,147569,4722208,9444416,0,250000000,steady,0,0,steady
fall250-clean,2527,28077777497,28077777497,250000000,0,212500000,147569,4722208,147569,4722208,9444416,0,250000000,steady,0,0,steady
fall250-clean,2528,28088888608,28088888608,250000000,0,212500000,147569,4722208,147569,4722208,9444416,0,250000000,steady,0,0,steady
fall250-clean,2529,28099999719,28099999719,250000000,0,212500000,147569,4722208,147569,4722208,9444416,0,250000000,steady,0,0,steady
fall250-clean,2530,28111110830,28111110830,250000000,0,212500000,147569,4722208,147569,4722208,9444416,0,250000000,steady,0,0,steady
fall250-clean,2531,28122221941,28122221941,250000000,0,212500000,147569,4722208,147569,4722208,9444416,0,250000000,steady,0,0,steady
fall250-clean,2532,28133333052,28133333052,250000000,0,212500000,147569,4722208,147569,4722208,9444416,0,250000000,steady,0,0,steady
fall250-clean,2533,28144444163,28144444163,250000000,0,212500000,147569,4722208,147569,4722208,9444416,0,250000000,steady,0,0,steady
fall250-clean,2534,28155555274,28155555274,250000000,0,212500000,147569,4722208,147569,4722208,9444416,0,250000000,steady,0,0,steady
fall250-clean,2535,28166666385,28166666385,250000000,0,212500000,147569,4722208,147569,4722208,9444416,0,250000000,steady,0,0,steady
fall250-clean,2536,28177777496,28177777496,250000000,0,212500000,147569,4722208,147569,4722208,9444416,0,250000000,steady,0,0,steady
fall250-clean,2537,28188888607,28188888607,250000000,0,212500000,147569,4722208,147569,4722208,9444416,0,250000000,steady,0,0,steady
fall250-clean,2538,28199999718,28199999718,250000000,0,212500000,147569,4722208,147569,4722208,9444416,0,250000000,steady,0,0,steady
fall250-clean,2539,28211110829,28211110829,250000000,0,212500000,147569,4722208,147569,4722208,9444416,0,250000000,steady,0,0,steady
fall250-clean,2540,28222221940,28222221940,250000000,0,212500000,147569,4722208,147569,4722208,9444416,0,250000000,steady,0,0,steady
fall250-clean,2541,28233333051,28233333051,250000000,0,212500000,147569,4722208,147569,4722208,9444416,0,250000000,steady,0,0,steady
fall250-clean,2542,28244444162,28244444162,250000000,0,212500000,147569,4722208,147569,4722208,9444416,0,250000000,steady,0,0,steady
fall250-clean,2543,28255555273,28255555273,250000000,0,212500000,147569,4722208,147569,4722208,9444416,0,250000000,steady,0,0,steady
fall250-clean,2544,28266666384,28266666384,250000000,0,212500000,147569,4722208,147569,4722208,9444416,0,250000000,steady,0,0,steady
fall250-clean,2545,28277777495,28277777495,250000000,0,212500000,147569,4722208,147569,4722208,9444416,0,250000000,steady,0,0,steady
fall250-clean,2546,28288888606,28288888606,250000000,0,212500000,147569,4722208,147569,4722208,9444416,0,250000000,steady,0,0,steady
fall250-clean,2547,28299999717,28299999717,250000000,0,212500000,147569,4722208,147569,4722208,9444416,0,250000000,steady,0,0,steady
fall250-clean,2548,28311110828,28311110828,250000000,0,212500000,147569,4722208,147569,4722208,9444416,0,250000000,steady,0,0,steady
fall250-clean,2549,28322221939,28322221939,250000000,0,212500000,147569,4722208,147569,4722208,9444416,0,250000000,steady,0,0,steady
fall250-clean,2550,28333333050,28333333050,250000000,0,212500000,147569,4722208,147569,4722208,9444416,0,250000000,steady,0,0,steady
fall250-clean,2551,28344444161,28344444161,250000000,0,212500000,147569,4722208,147569,4722208,9444416,0,250000000,steady,0,0,steady
fall250-clean,2552,28355555272,28355555272,250000000,0,212500000,147569,4722208,147569,4722208,9444416,0,250000000,steady,0,0,steady
fall250-clean,2553,28366666383,28366666383,250000000,0,212500000,147569,4722208,147569,4722208,9444416,0,250000000,steady,0,0,steady
fall250-clean,2554,28377777494,28377777494,250000000,0,212500000,147569,4722208,147569,4722208,9444416,0,250000000,steady,0,0,steady
fall250-clean,2555,28388888605,28388888605,250000000,0,212500000,147569,4722208,147569,4722208,9444416,0,250000000,steady,0,0,steady
fall250-clean,2556,28399999716,28399999716,250000000,0,212500000,147569,4722208,147569,4722208,9444416,0,250000000,steady,0,0,steady
fall250-clean,2557,28411110827,28411110827,250000000,0,212500000,147569,4722208,147569,4722208,9444416,0,250000000,steady,0,0,steady
fall250-clean,2558,28422221938,28422221938,250000000,0,212500000,147569,4722208,147569,4722208,9444416,0,250000000,steady,0,0,steady
fall250-clean,2559,28433333049,28433333049,250000000,0,212500000,147569,4722208,147569,4722208,9444416,0,250000000,steady,0,0,steady
fall250-clean,2560,28444444160,28444444160,250000000,0,212500000,147569,4722208,147569,4722208,9444416,0,250000000,steady,0,0,steady
fall250-clean,2561,28455555271,28455555271,250000000,0,212500000,147569,4722208,147569,4722208,9444416,0,250000000,steady,0,0,steady
fall250-clean,2562,28466666382,28466666382,250000000,0,212500000,147569,4722208,147569,4722208,9444416,0,250000000,steady,0,0,steady
fall250-clean,2563,28477777493,28477777493,250000000,0,212500000,147569,4722208,147569,4722208,9444416,0,250000000,steady,0,0,steady
fall250-clean,2564,28488888604,28488888604,250000000,0,212500000,147569,4722208,147569,4722208,9444416,0,250000000,steady,0,0,steady
fall250-clean,2565,28499999715,28499999715,250000000,0,212500000,147569,4722208,147569,4722208,9444416,0,250000000,steady,0,0,steady
fall250-clean,2566,28511110826,28511110826,250000000,0,212500000,147569,4722208,147569,4722208,9444416,0,250000000,steady,0,0,steady
fall250-clean,2567,28522221937,28522221937,250000000,0,212500000,147569,4722208,147569,4722208,9444416,0,250000000,steady,0,0,steady
fall250-clean,2568,28533333048,28533333048,250000000,0,212500000,147569,4722208,147569,4722208,9444416,0,250000000,steady,0,0,steady
fall250-clean,2569,28544444159,28544444159,250000000,0,212500000,147569,4722208,147569,4722208,9444416,0,250000000,steady,0,0,steady
fall250-clean,2570,28555555270,28555555270,250000000,0,212500000,147569,4722208,147569,4722208,9444416,0,250000000,steady,0,0,steady
fall250-clean,2571,28566666381,28566666381,250000000,0,212500000,147569,4722208,147569,4722208,9444416,0,250000000,steady,0,0,steady
fall250-clean,2572,28577777492,28577777492,250000000,0,212500000,147569,4722208,147569,4722208,9444416,0,250000000,steady,0,0,steady
fall250-clean,2573,28588888603,28588888603,250000000,0,212500000,147569,4722208,147569,4722208,9444416,0,250000000,steady,0,0,steady
fall250-clean,2574,28599999714,28599999714,250000000,0,212500000,147569,4722208,147569,4722208,9444416,0,250000000,steady,0,0,steady
fall250-clean,2575,28611110825,28611110825,250000000,0,212500000,147569,4722208,147569,4722208,9444416,0,250000000,steady,0,0,steady
fall250-clean,2576,28622221936,28622221936,250000000,0,212500000,147569,4722208,147569,4722208,9444416,0,250000000,steady,0,0,steady
fall250-clean,2577,28633333047,28633333047,250000000,0,212500000,147569,4722208,147569,4722208,9444416,0,250000000,steady,0,0,steady
fall250-clean,2578,28644444158,28644444158,250000000,0,212500000,147569,4722208,147569,4722208,9444416,0,250000000,steady,0,0,steady
fall250-clean,2579,28655555269,28655555269,250000000,0,212500000,147569,4722208,147569,4722208,9444416,0,250000000,steady,0,0,steady
fall250-clean,2580,28666666380,28666666380,250000000,0,212500000,147569,4722208,147569,4722208,9444416,0,250000000,steady,0,0,steady
fall250-clean,2581,28677777491,28677777491,250000000,0,212500000,147569,4722208,147569,4722208,9444416,0,250000000,steady,0,0,steady
fall250-clean,2582,28688888602,28688888602,250000000,0,212500000,147569,4722208,147569,4722208,9444416,0,250000000,steady,0,0,steady
fall250-clean,2583,28699999713,28699999713,250000000,0,212500000,147569,4722208,147569,4722208,9444416,0,250000000,steady,0,0,steady
fall250-clean,2584,28711110824,28711110824,250000000,0,212500000,147569,4722208,147569,4722208,9444416,0,250000000,steady,0,0,steady
fall250-clean,2585,28722221935,28722221935,250000000,0,212500000,147569,4722208,147569,4722208,9444416,0,250000000,steady,0,0,steady
fall250-clean,2586,28733333046,28733333046,250000000,0,212500000,147569,4722208,147569,4722208,9444416,0,250000000,steady,0,0,steady
fall250-clean,2587,28744444157,28744444157,250000000,0,212500000,147569,4722208,147569,4722208,9444416,0,250000000,steady,0,0,steady
fall250-clean,2588,28755555268,28755555268,250000000,0,212500000,147569,4722208,147569,4722208,9444416,0,250000000,steady,0,0,steady
fall250-clean,2589,28766666379,28766666379,250000000,0,212500000,147569,4722208,147569,4722208,9444416,0,250000000,steady,0,0,steady
fall250-clean,2590,28777777490,28777777490,250000000,0,212500000,147569,4722208,147569,4722208,9444416,0,250000000,steady,0,0,steady
fall250-clean,2591,28788888601,28788888601,250000000,0,212500000,147569,4722208,147569,4722208,9444416,0,250000000,steady,0,0,steady
fall250-clean,2592,28799999712,28799999712,250000000,0,212500000,147569,4722208,147569,4722208,9444416,0,250000000,steady,0,0,steady
fall250-clean,2593,28811110823,28811110823,250000000,0,212500000,147569,4722208,147569,4722208,9444416,0,250000000,steady,0,0,steady
fall250-clean,2594,28822221934,28822221934,250000000,0,212500000,147569,4722208,147569,4722208,9444416,0,250000000,steady,0,0,steady
fall250-clean,2595,28833333045,28833333045,250000000,0,212500000,147569,4722208,147569,4722208,9444416,0,250000000,steady,0,0,steady
fall250-clean,2596,28844444156,28844444156,250000000,0,212500000,147569,4722208,147569,4722208,9444416,0,250000000,steady,0,0,steady
fall250-clean,2597,28855555267,28855555267,250000000,0,212500000,147569,4722208,147569,4722208,9444416,0,250000000,steady,0,0,steady
fall250-clean,2598,28866666378,28866666378,250000000,0,212500000,147569,4722208,147569,4722208,9444416,0,250000000,steady,0,0,steady
fall250-clean,2599,28877777489,28877777489,250000000,0,212500000,147569,4722208,147569,4722208,9444416,0,250000000,steady,0,0,steady
fall250-clean,2600,28888888600,28888888600,250000000,0,212500000,147569,4722208,147569,4722208,9444416,0,250000000,steady,0,0,steady
fall250-clean,2601,28899999711,28899999711,250000000,0,212500000,147569,4722208,147569,4722208,9444416,0,250000000,steady,0,0,steady
fall250-clean,2602,28911110822,28911110822,250000000,0,212500000,147569,4722208,147569,4722208,9444416,0,250000000,steady,0,0,steady
fall250-clean,2603,28922221933,28922221933,250000000,0,212500000,147569,4722208,147569,4722208,9444416,0,250000000,steady,0,0,steady
fall250-clean,2604,28933333044,28933333044,250000000,0,212500000,147569,4722208,147569,4722208,9444416,0,250000000,steady,0,0,steady
fall250-clean,2605,28944444155,28944444155,250000000,0,212500000,147569,4722208,147569,4722208,9444416,0,250000000,steady,0,0,steady
fall250-clean,2606,28955555266,28955555266,250000000,0,212500000,147569,4722208,147569,4722208,9444416,0,250000000,steady,0,0,steady
fall250-clean,2607,28966666377,28966666377,250000000,0,212500000,147569,4722208,147569,4722208,9444416,0,250000000,steady,0,0,steady
fall250-clean,2608,28977777488,28977777488,250000000,0,212500000,147569,4722208,147569,4722208,9444416,0,250000000,steady,0,0,steady
fall250-clean,2609,28988888599,28988888599,250000000,0,212500000,147569,4722208,147569,4722208,9444416,0,250000000,steady,0,0,steady
fall250-clean,2610,28999999710,28999999710,250000000,0,212500000,147569,4722208,147569,4722208,9444416,0,250000000,steady,0,0,steady
fall250-clean,2611,29011110821,29011110821,250000000,0,212500000,147569,4722208,147569,4722208,9444416,0,250000000,steady,0,0,steady
fall250-clean,2612,29022221932,29022221932,250000000,0,212500000,147569,4722208,147569,4722208,9444416,0,250000000,steady,0,0,steady
fall250-clean,2613,29033333043,29033333043,250000000,0,212500000,147569,4722208,147569,4722208,9444416,0,250000000,steady,0,0,steady
fall250-clean,2614,29044444154,29044444154,250000000,0,212500000,147569,4722208,147569,4722208,9444416,0,250000000,steady,0,0,steady
fall250-clean,2615,29055555265,29055555265,250000000,0,212500000,147569,4722208,147569,4722208,9444416,0,250000000,steady,0,0,steady
fall250-clean,2616,29066666376,29066666376,250000000,0,212500000,147569,4722208,147569,4722208,9444416,0,250000000,steady,0,0,steady
fall250-clean,2617,29077777487,29077777487,250000000,0,212500000,147569,4722208,147569,4722208,9444416,0,250000000,steady,0,0,steady
fall250-clean,2618,29088888598,29088888598,250000000,0,212500000,147569,4722208,147569,4722208,9444416,0,250000000,steady,0,0,steady
fall250-clean,2619,29099999709,29099999709,250000000,0,212500000,147569,4722208,147569,4722208,9444416,0,250000000,steady,0,0,steady
fall250-clean,2620,29111110820,29111110820,250000000,0,212500000,147569,4722208,147569,4722208,9444416,0,250000000,steady,0,0,steady
fall250-clean,2621,29122221931,29122221931,250000000,0,212500000,147569,4722208,147569,4722208,9444416,0,250000000,steady,0,0,steady
fall250-clean,2622,29133333042,29133333042,250000000,0,212500000,147569,4722208,147569,4722208,9444416,0,250000000,steady,0,0,steady
fall250-clean,2623,29144444153,29144444153,250000000,0,212500000,147569,4722208,147569,4722208,9444416,0,250000000,steady,0,0,steady
fall250-clean,2624,29155555264,29155555264,250000000,0,212500000,147569,4722208,147569,4722208,9444416,0,250000000,steady,0,0,steady
fall250-clean,2625,29166666375,29166666375,250000000,0,212500000,147569,4722208,147569,4722208,9444416,0,250000000,steady,0,0,steady
fall250-clean,2626,29177777486,29177777486,250000000,0,212500000,147569,4722208,147569,4722208,9444416,0,250000000,steady,0,0,steady
fall250-clean,2627,29188888597,29188888597,250000000,0,212500000,147569,4722208,147569,4722208,9444416,0,250000000,steady,0,0,steady
fall250-clean,2628,29199999708,29199999708,250000000,0,212500000,147569,4722208,147569,4722208,9444416,0,250000000,steady,0,0,steady
fall250-clean,2629,29211110819,29211110819,250000000,0,212500000,147569,4722208,147569,4722208,9444416,0,250000000,steady,0,0,steady
fall250-clean,2630,29222221930,29222221930,250000000,0,212500000,147569,4722208,147569,4722208,9444416,0,250000000,steady,0,0,steady
fall250-clean,2631,29233333041,29233333041,250000000,0,212500000,147569,4722208,147569,4722208,9444416,0,250000000,steady,0,0,steady
fall250-clean,2632,29244444152,29244444152,250000000,0,212500000,147569,4722208,147569,4722208,9444416,0,250000000,steady,0,0,steady
fall250-clean,2633,29255555263,29255555263,250000000,0,212500000,147569,4722208,147569,4722208,9444416,0,250000000,steady,0,0,steady
fall250-clean,2634,29266666374,29266666374,250000000,0,212500000,147569,4722208,147569,4722208,9444416,0,250000000,steady,0,0,steady
fall250-clean,2635,29277777485,29277777485,250000000,0,212500000,147569,4722208,147569,4722208,9444416,0,250000000,steady,0,0,steady
fall250-clean,2636,29288888596,29288888596,250000000,0,212500000,147569,4722208,147569,4722208,9444416,0,250000000,steady,0,0,steady
fall250-clean,2637,29299999707,29299999707,250000000,0,212500000,147569,4722208,147569,4722208,9444416,0,250000000,steady,0,0,steady
fall250-clean,2638,29311110818,29311110818,250000000,0,212500000,147569,4722208,147569,4722208,9444416,0,250000000,steady,0,0,steady
fall250-clean,2639,29322221929,29322221929,250000000,0,212500000,147569,4722208,147569,4722208,9444416,0,250000000,steady,0,0,steady
fall250-clean,2640,29333333040,29333333040,250000000,0,212500000,147569,4722208,147569,4722208,9444416,0,250000000,probe,1,0,steady
fall250-clean,2641,29344444151,29344444151,250000000,0,275000000,190972,6111104,190972,6111104,12222208,0,250000000,probe,0,0,probe
fall250-clean,2642,29355555262,29356666359,250000000,0,275000000,190972,6111104,190972,6111104,12222208,1111097,250000000,probe,0,0,probe
fall250-clean,2643,29366666373,29368888567,250000000,0,275000000,190972,6111104,190972,6111104,12222208,2222194,250000000,probe,0,0,probe
fall250-clean,2644,29377777484,29381110775,250000000,0,275000000,190972,6111104,190972,6111104,12222208,3333291,250000000,probe,0,0,probe
fall250-clean,2645,29388888595,29393332983,250000000,0,275000000,190972,6111104,190972,6111104,12222208,4444388,250000000,probe,0,0,probe
fall250-clean,2646,29399999706,29405555191,250000000,0,275000000,190972,6111104,190972,6111104,12222208,5555485,250000000,probe,0,0,probe
fall250-clean,2647,29411110817,29417777399,250000000,0,275000000,190972,6111104,190972,6111104,12222208,6666582,250000000,probe,0,0,probe
fall250-clean,2648,29422221928,29429999607,250000000,0,275000000,190972,6111104,190972,6111104,12222208,7777679,250000000,probe,0,0,probe
fall250-clean,2649,29433333039,29442221815,250000000,0,275000000,190972,6111104,190972,6111104,12222208,8888776,250000000,probe,0,0,probe
fall250-clean,2650,29444444150,29454444023,250000000,0,275000000,190972,6111104,190972,6111104,12222208,9999873,250000000,probe,0,0,probe
fall250-clean,2651,29455555261,29466666231,250000000,0,275000000,190972,6111104,190972,6111104,12222208,11110970,250000000,probe,0,0,probe
fall250-clean,2652,29466666372,29478888439,250000000,0,275000000,190972,6111104,190972,6111104,12222208,12222067,250000000,probe,0,0,probe
fall250-clean,2653,29477777483,29491110647,250000000,0,275000000,190972,6111104,190972,6111104,12222208,13333164,250000000,probe,0,0,probe
fall250-clean,2654,29488888594,29503332855,250000000,0,275000000,190972,6111104,190972,6111104,12222208,14444261,250000000,probe,0,0,probe
fall250-clean,2655,29499999705,29515555063,250000000,0,275000000,190972,6111104,190972,6111104,12222208,15555358,250000000,probe,0,0,probe
fall250-clean,2656,29511110816,29527777271,250000000,0,275000000,190972,6111104,190972,6111104,12222208,16666455,250000000,probe,0,0,probe
fall250-clean,2657,29522221927,29539999479,250000000,0,275000000,190972,6111104,190972,6111104,12222208,17777552,250000000,probe,0,0,probe
fall250-clean,2658,29533333038,29552221687,250000000,0,275000000,190972,6111104,190972,6111104,12222208,18888649,250000000,probe,0,0,probe
fall250-clean,2659,29544444149,29564443895,250000000,0,275000000,190972,6111104,190972,6111104,12222208,19999746,250000000,probe,0,0,probe
fall250-clean,2660,29555555260,29576666103,250000000,0,275000000,190972,6111104,190972,6111104,12222208,21110843,250000000,probe,0,0,probe
fall250-clean,2661,29566666371,29588888311,250000000,0,275000000,190972,6111104,190972,6111104,12222208,22221940,250000000,probe,0,0,probe
fall250-clean,2662,29577777482,29601110519,250000000,0,275000000,190972,6111104,190972,6111104,12222208,23333037,250000000,probe,0,0,probe
fall250-clean,2663,29588888593,29613332727,250000000,0,275000000,190972,6111104,190972,6111104,12222208,24444134,250000000,probe,0,0,probe
fall250-clean,2664,29599999704,29625554935,250000000,0,275000000,190972,6111104,190972,6111104,12222208,25555231,250000000,probe,0,0,probe
fall250-clean,2665,29611110815,29637777143,250000000,0,275000000,190972,6111104,190972,6111104,12222208,26666328,250000000,probe,0,0,probe
fall250-clean,2666,29622221926,29649999351,250000000,0,275000000,190972,6111104,190972,6111104,12222208,27777425,250000000,probe,0,0,probe
fall250-clean,2667,29633333037,29662221559,250000000,0,275000000,190972,6111104,190972,6111104,12222208,28888522,250000000,probe,0,0,probe
fall250-clean,2668,29644444148,29674443767,250000000,0,275000000,190972,6111104,190972,6111104,12222208,29999619,250000000,probe,0,0,probe
fall250-clean,2669,29655555259,29686665975,250000000,0,275000000,190972,6111104,190972,6111104,12222208,31110716,250000000,probe,0,0,probe
fall250-clean,2670,29666666370,29698888183,250000000,0,275000000,190972,6111104,190972,6111104,12222208,32221813,250000000,probe,0,0,probe
fall250-clean,2671,29677777481,29711110391,250000000,0,275000000,190972,6111104,190972,6111104,12222208,33332910,250000000,probe,0,0,probe
fall250-clean,2672,29688888592,29723332599,250000000,0,275000000,190972,6111104,190972,6111104,12222208,34444007,250000000,probe,0,0,probe
fall250-clean,2673,29699999703,29735554807,250000000,0,275000000,190972,6111104,190972,6111104,12222208,35555104,250000000,probe,0,0,probe
fall250-clean,2674,29711110814,29747777015,250000000,0,275000000,190972,6111104,190972,6111104,12222208,36666201,250000000,probe,0,0,probe
fall250-clean,2675,29722221925,29759999223,250000000,0,275000000,190972,6111104,190972,6111104,12222208,37777298,250000000,probe,0,0,probe
fall250-clean,2676,29733333036,29772221431,250000000,0,275000000,190972,6111104,190972,6111104,12222208,38888395,250000000,probe,0,0,probe
fall250-clean,2677,29744444147,29784443639,250000000,0,275000000,190972,6111104,190972,6111104,12222208,39999492,250000000,probe,0,0,probe
fall250-clean,2678,29755555258,29796665847,250000000,0,275000000,190972,6111104,190972,6111104,12222208,41110589,250000000,probe,0,0,probe
fall250-clean,2679,29766666369,29808888055,250000000,0,275000000,190972,6111104,190972,6111104,12222208,42221686,250000000,probe,0,0,probe
fall250-clean,2680,29777777480,29821110263,250000000,0,275000000,190972,6111104,190972,6111104,12222208,43332783,250000000,probe,0,0,probe
fall250-clean,2681,29788888591,29833332471,250000000,0,275000000,190972,6111104,190972,6111104,12222208,44443880,250000000,probe,0,0,probe
fall250-clean,2682,29799999702,29845554679,250000000,0,275000000,190972,6111104,190972,6111104,12222208,45554977,250000000,steady,0,1,probe
fall250-clean,2683,29811110813,29857776887,250000000,0,212500000,147569,4722208,147569,4722208,9444416,46666074,250000000,steady,0,0,steady
fall250-clean,2684,29822221924,29867221303,250000000,0,212500000,147569,4722208,147569,4722208,9444416,44999379,250000000,steady,0,0,steady
fall250-clean,2685,29833333035,29876665719,250000000,0,212500000,147569,4722208,147569,4722208,9444416,43332684,250000000,steady,0,0,steady
fall250-clean,2686,29844444146,29886110135,250000000,0,212500000,147569,4722208,147569,4722208,9444416,41665989,250000000,steady,0,0,steady
fall250-clean,2687,29855555257,29895554551,250000000,0,212500000,147569,4722208,147569,4722208,9444416,39999294,250000000,steady,0,0,steady
fall250-clean,2688,29866666368,29904998967,250000000,0,212500000,147569,4722208,147569,4722208,9444416,38332599,250000000,steady,0,0,steady
fall250-clean,2689,29877777479,29914443383,250000000,0,212500000,147569,4722208,147569,4722208,9444416,36665904,250000000,steady,0,0,steady
fall250-clean,2690,29888888590,29923887799,250000000,0,212500000,147569,4722208,147569,4722208,9444416,34999209,250000000,steady,0,0,steady
fall250-clean,2691,29899999701,29933332215,250000000,0,212500000,147569,4722208,147569,4722208,9444416,33332514,250000000,steady,0,0,steady
fall250-clean,2692,29911110812,29942776631,250000000,0,212500000,147569,4722208,147569,4722208,9444416,31665819,250000000,steady,0,0,steady
fall250-clean,2693,29922221923,29952221047,250000000,0,212500000,147569,4722208,147569,4722208,9444416,29999124,250000000,steady,0,0,steady
fall250-clean,2694,29933333034,29961665463,250000000,0,212500000,147569,4722208,147569,4722208,9444416,28332429,250000000,steady,0,0,steady
fall250-clean,2695,29944444145,29971109879,250000000,0,212500000,147569,4722208,147569,4722208,9444416,26665734,250000000,steady,0,0,steady
fall250-clean,2696,29955555256,29980554295,250000000,0,212500000,147569,4722208,147569,4722208,9444416,24999039,250000000,steady,0,0,steady
fall250-clean,2697,29966666367,29989998711,250000000,0,212500000,147569,4722208,147569,4722208,9444416,23332344,250000000,steady,0,0,steady
fall250-clean,2698,29977777478,29999443127,250000000,0,212500000,147569,4722208,147569,4722208,9444416,21665649,250000000,steady,0,0,steady
fall250-clean,2699,29988888589,30008887543,250000000,0,212500000,147569,4722208,147569,4722208,9444416,19998954,250000000,steady,0,0,steady
fall250-clean,2700,29999999700,30018331959,250000000,0,212500000,147569,4722208,147569,4722208,9444416,18332259,250000000,steady,0,0,steady
fall250-clean,2701,30011110811,30027776375,250000000,0,212500000,147569,4722208,147569,4722208,9444416,16665564,250000000,steady,0,0,steady
fall250-clean,2702,30022221922,30037220791,250000000,0,212500000,147569,4722208,147569,4722208,9444416,14998869,250000000,steady,0,0,steady
fall250-clean,2703,30033333033,30046665207,250000000,0,212500000,147569,4722208,147569,4722208,9444416,13332174,250000000,steady,0,0,steady
fall250-clean,2704,30044444144,30056109623,250000000,0,212500000,147569,4722208,147569,4722208,9444416,11665479,250000000,steady,0,0,steady
fall250-clean,2705,30055555255,30065554039,250000000,0,212500000,147569,4722208,147569,4722208,9444416,9998784,250000000,steady,0,0,steady
fall250-clean,2706,30066666366,30074998455,250000000,0,212500000,147569,4722208,147569,4722208,9444416,8332089,250000000,steady,0,0,steady
fall250-clean,2707,30077777477,30084442871,250000000,0,212500000,147569,4722208,147569,4722208,9444416,6665394,250000000,steady,0,0,steady
fall250-clean,2708,30088888588,30093887287,250000000,0,212500000,147569,4722208,147569,4722208,9444416,4998699,250000000,steady,0,0,steady
fall250-clean,2709,30099999699,30103331703,250000000,0,212500000,147569,4722208,147569,4722208,9444416,3332004,250000000,steady,0,0,steady
fall250-clean,2710,30111110810,30112776119,250000000,0,212500000,147569,4722208,147569,4722208,9444416,1665309,250000000,steady,0,0,steady
fall250-clean,2711,30122221921,30122221921,250000000,0,212500000,147569,4722208,147569,4722208,9444416,0,250000000,steady,0,0,steady
fall250-clean,2712,30133333032,30133333032,250000000,0,212500000,147569,4722208,147569,4722208,9444416,0,250000000,steady,0,0,steady
fall250-clean,2713,30144444143,30144444143,250000000,0,212500000,147569,4722208,147569,4722208,9444416,0,250000000,steady,0,0,steady
fall250-clean,2714,30155555254,30155555254,250000000,0,212500000,147569,4722208,147569,4722208,9444416,0,250000000,steady,0,0,steady
fall250-clean,2715,30166666365,30166666365,250000000,0,212500000,147569,4722208,147569,4722208,9444416,0,250000000,steady,0,0,steady
fall250-clean,2716,30177777476,30177777476,250000000,0,212500000,147569,4722208,147569,4722208,9444416,0,250000000,steady,0,0,steady
fall250-clean,2717,30188888587,30188888587,250000000,0,212500000,147569,4722208,147569,4722208,9444416,0,250000000,steady,0,0,steady
fall250-clean,2718,30199999698,30199999698,250000000,0,212500000,147569,4722208,147569,4722208,9444416,0,250000000,steady,0,0,steady
fall250-clean,2719,30211110809,30211110809,250000000,0,212500000,147569,4722208,147569,4722208,9444416,0,250000000,steady,0,0,steady
fall250-clean,2720,30222221920,30222221920,250000000,0,212500000,147569,4722208,147569,4722208,9444416,0,250000000,steady,0,0,steady
fall250-clean,2721,30233333031,30233333031,250000000,0,212500000,147569,4722208,147569,4722208,9444416,0,250000000,steady,0,0,steady
fall250-clean,2722,30244444142,30244444142,250000000,0,212500000,147569,4722208,147569,4722208,9444416,0,250000000,steady,0,0,steady
fall250-clean,2723,30255555253,30255555253,250000000,0,212500000,147569,4722208,147569,4722208,9444416,0,250000000,steady,0,0,steady
fall250-clean,2724,30266666364,30266666364,250000000,0,212500000,147569,4722208,147569,4722208,9444416,0,250000000,steady,0,0,steady
fall250-clean,2725,30277777475,30277777475,250000000,0,212500000,147569,4722208,147569,4722208,9444416,0,250000000,steady,0,0,steady
fall250-clean,2726,30288888586,30288888586,250000000,0,212500000,147569,4722208,147569,4722208,9444416,0,250000000,steady,0,0,steady
fall250-clean,2727,30299999697,30299999697,250000000,0,212500000,147569,4722208,147569,4722208,9444416,0,250000000,steady,0,0,steady
fall250-clean,2728,30311110808,30311110808,250000000,0,212500000,147569,4722208,147569,4722208,9444416,0,250000000,steady,0,0,steady
fall250-clean,2729,30322221919,30322221919,250000000,0,212500000,147569,4722208,147569,4722208,9444416,0,250000000,steady,0,0,steady
fall250-clean,2730,30333333030,30333333030,250000000,0,212500000,147569,4722208,147569,4722208,9444416,0,250000000,steady,0,0,steady
fall250-clean,2731,30344444141,30344444141,250000000,0,212500000,147569,4722208,147569,4722208,9444416,0,250000000,steady,0,0,steady
fall250-clean,2732,30355555252,30355555252,250000000,0,212500000,147569,4722208,147569,4722208,9444416,0,250000000,steady,0,0,steady
fall250-clean,2733,30366666363,30366666363,250000000,0,212500000,147569,4722208,147569,4722208,9444416,0,250000000,steady,0,0,steady
fall250-clean,2734,30377777474,30377777474,250000000,0,212500000,147569,4722208,147569,4722208,9444416,0,250000000,steady,0,0,steady
fall250-clean,2735,30388888585,30388888585,250000000,0,212500000,147569,4722208,147569,4722208,9444416,0,250000000,steady,0,0,steady
fall250-clean,2736,30399999696,30399999696,250000000,0,212500000,147569,4722208,147569,4722208,9444416,0,250000000,steady,0,0,steady
fall250-clean,2737,30411110807,30411110807,250000000,0,212500000,147569,4722208,147569,4722208,9444416,0,250000000,steady,0,0,steady
fall250-clean,2738,30422221918,30422221918,250000000,0,212500000,147569,4722208,147569,4722208,9444416,0,250000000,steady,0,0,steady
fall250-clean,2739,30433333029,30433333029,250000000,0,212500000,147569,4722208,147569,4722208,9444416,0,250000000,steady,0,0,steady
fall250-clean,2740,30444444140,30444444140,250000000,0,212500000,147569,4722208,147569,4722208,9444416,0,250000000,steady,0,0,steady
fall250-clean,2741,30455555251,30455555251,250000000,0,212500000,147569,4722208,147569,4722208,9444416,0,250000000,steady,0,0,steady
fall250-clean,2742,30466666362,30466666362,250000000,0,212500000,147569,4722208,147569,4722208,9444416,0,250000000,steady,0,0,steady
fall250-clean,2743,30477777473,30477777473,250000000,0,212500000,147569,4722208,147569,4722208,9444416,0,250000000,steady,0,0,steady
fall250-clean,2744,30488888584,30488888584,250000000,0,212500000,147569,4722208,147569,4722208,9444416,0,250000000,steady,0,0,steady
fall250-clean,2745,30499999695,30499999695,250000000,0,212500000,147569,4722208,147569,4722208,9444416,0,250000000,steady,0,0,steady
fall250-clean,2746,30511110806,30511110806,250000000,0,212500000,147569,4722208,147569,4722208,9444416,0,250000000,steady,0,0,steady
fall250-clean,2747,30522221917,30522221917,250000000,0,212500000,147569,4722208,147569,4722208,9444416,0,250000000,steady,0,0,steady
fall250-clean,2748,30533333028,30533333028,250000000,0,212500000,147569,4722208,147569,4722208,9444416,0,250000000,steady,0,0,steady
fall250-clean,2749,30544444139,30544444139,250000000,0,212500000,147569,4722208,147569,4722208,9444416,0,250000000,steady,0,0,steady
fall250-clean,2750,30555555250,30555555250,250000000,0,212500000,147569,4722208,147569,4722208,9444416,0,250000000,steady,0,0,steady
fall250-clean,2751,30566666361,30566666361,250000000,0,212500000,147569,4722208,147569,4722208,9444416,0,250000000,steady,0,0,steady
fall250-clean,2752,30577777472,30577777472,250000000,0,212500000,147569,4722208,147569,4722208,9444416,0,250000000,steady,0,0,steady
fall250-clean,2753,30588888583,30588888583,250000000,0,212500000,147569,4722208,147569,4722208,9444416,0,250000000,steady,0,0,steady
fall250-clean,2754,30599999694,30599999694,250000000,0,212500000,147569,4722208,147569,4722208,9444416,0,250000000,steady,0,0,steady
fall250-clean,2755,30611110805,30611110805,250000000,0,212500000,147569,4722208,147569,4722208,9444416,0,250000000,steady,0,0,steady
fall250-clean,2756,30622221916,30622221916,250000000,0,212500000,147569,4722208,147569,4722208,9444416,0,250000000,steady,0,0,steady
fall250-clean,2757,30633333027,30633333027,250000000,0,212500000,147569,4722208,147569,4722208,9444416,0,250000000,steady,0,0,steady
fall250-clean,2758,30644444138,30644444138,250000000,0,212500000,147569,4722208,147569,4722208,9444416,0,250000000,steady,0,0,steady
fall250-clean,2759,30655555249,30655555249,250000000,0,212500000,147569,4722208,147569,4722208,9444416,0,250000000,steady,0,0,steady
fall250-clean,2760,30666666360,30666666360,250000000,0,212500000,147569,4722208,147569,4722208,9444416,0,250000000,steady,0,0,steady
fall250-clean,2761,30677777471,30677777471,250000000,0,212500000,147569,4722208,147569,4722208,9444416,0,250000000,steady,0,0,steady
fall250-clean,2762,30688888582,30688888582,250000000,0,212500000,147569,4722208,147569,4722208,9444416,0,250000000,steady,0,0,steady
fall250-clean,2763,30699999693,30699999693,250000000,0,212500000,147569,4722208,147569,4722208,9444416,0,250000000,steady,0,0,steady
fall250-clean,2764,30711110804,30711110804,250000000,0,212500000,147569,4722208,147569,4722208,9444416,0,250000000,steady,0,0,steady
fall250-clean,2765,30722221915,30722221915,250000000,0,212500000,147569,4722208,147569,4722208,9444416,0,250000000,steady,0,0,steady
fall250-clean,2766,30733333026,30733333026,250000000,0,212500000,147569,4722208,147569,4722208,9444416,0,250000000,steady,0,0,steady
fall250-clean,2767,30744444137,30744444137,250000000,0,212500000,147569,4722208,147569,4722208,9444416,0,250000000,steady,0,0,steady
fall250-clean,2768,30755555248,30755555248,250000000,0,212500000,147569,4722208,147569,4722208,9444416,0,250000000,steady,0,0,steady
fall250-clean,2769,30766666359,30766666359,250000000,0,212500000,147569,4722208,147569,4722208,9444416,0,250000000,steady,0,0,steady
fall250-clean,2770,30777777470,30777777470,250000000,0,212500000,147569,4722208,147569,4722208,9444416,0,250000000,steady,0,0,steady
fall250-clean,2771,30788888581,30788888581,250000000,0,212500000,147569,4722208,147569,4722208,9444416,0,250000000,steady,0,0,steady
fall250-clean,2772,30799999692,30799999692,250000000,0,212500000,147569,4722208,147569,4722208,9444416,0,250000000,steady,0,0,steady
fall250-clean,2773,30811110803,30811110803,250000000,0,212500000,147569,4722208,147569,4722208,9444416,0,250000000,steady,0,0,steady
fall250-clean,2774,30822221914,30822221914,250000000,0,212500000,147569,4722208,147569,4722208,9444416,0,250000000,steady,0,0,steady
fall250-clean,2775,30833333025,30833333025,250000000,0,212500000,147569,4722208,147569,4722208,9444416,0,250000000,steady,0,0,steady
fall250-clean,2776,30844444136,30844444136,250000000,0,212500000,147569,4722208,147569,4722208,9444416,0,250000000,steady,0,0,steady
fall250-clean,2777,30855555247,30855555247,250000000,0,212500000,147569,4722208,147569,4722208,9444416,0,250000000,steady,0,0,steady
fall250-clean,2778,30866666358,30866666358,250000000,0,212500000,147569,4722208,147569,4722208,9444416,0,250000000,steady,0,0,steady
fall250-clean,2779,30877777469,30877777469,250000000,0,212500000,147569,4722208,147569,4722208,9444416,0,250000000,steady,0,0,steady
fall250-clean,2780,30888888580,30888888580,250000000,0,212500000,147569,4722208,147569,4722208,9444416,0,250000000,steady,0,0,steady
fall250-clean,2781,30899999691,30899999691,250000000,0,212500000,147569,4722208,147569,4722208,9444416,0,250000000,steady,0,0,steady
fall250-clean,2782,30911110802,30911110802,250000000,0,212500000,147569,4722208,147569,4722208,9444416,0,250000000,steady,0,0,steady
fall250-clean,2783,30922221913,30922221913,250000000,0,212500000,147569,4722208,147569,4722208,9444416,0,250000000,steady,0,0,steady
fall250-clean,2784,30933333024,30933333024,250000000,0,212500000,147569,4722208,147569,4722208,9444416,0,250000000,steady,0,0,steady
fall250-clean,2785,30944444135,30944444135,250000000,0,212500000,147569,4722208,147569,4722208,9444416,0,250000000,steady,0,0,steady
fall250-clean,2786,30955555246,30955555246,250000000,0,212500000,147569,4722208,147569,4722208,9444416,0,250000000,steady,0,0,steady
fall250-clean,2787,30966666357,30966666357,250000000,0,212500000,147569,4722208,147569,4722208,9444416,0,250000000,steady,0,0,steady
fall250-clean,2788,30977777468,30977777468,250000000,0,212500000,147569,4722208,147569,4722208,9444416,0,250000000,steady,0,0,steady
fall250-clean,2789,30988888579,30988888579,250000000,0,212500000,147569,4722208,147569,4722208,9444416,0,250000000,steady,0,0,steady
fall250-clean,2790,30999999690,30999999690,250000000,0,212500000,147569,4722208,147569,4722208,9444416,0,250000000,steady,0,0,steady
fall250-clean,2791,31011110801,31011110801,250000000,0,212500000,147569,4722208,147569,4722208,9444416,0,250000000,steady,0,0,steady
fall250-clean,2792,31022221912,31022221912,250000000,0,212500000,147569,4722208,147569,4722208,9444416,0,250000000,steady,0,0,steady
fall250-clean,2793,31033333023,31033333023,250000000,0,212500000,147569,4722208,147569,4722208,9444416,0,250000000,steady,0,0,steady
fall250-clean,2794,31044444134,31044444134,250000000,0,212500000,147569,4722208,147569,4722208,9444416,0,250000000,steady,0,0,steady
fall250-clean,2795,31055555245,31055555245,250000000,0,212500000,147569,4722208,147569,4722208,9444416,0,250000000,steady,0,0,steady
fall250-clean,2796,31066666356,31066666356,250000000,0,212500000,147569,4722208,147569,4722208,9444416,0,250000000,steady,0,0,steady
fall250-clean,2797,31077777467,31077777467,250000000,0,212500000,147569,4722208,147569,4722208,9444416,0,250000000,steady,0,0,steady
fall250-clean,2798,31088888578,31088888578,250000000,0,212500000,147569,4722208,147569,4722208,9444416,0,250000000,steady,0,0,steady
fall250-clean,2799,31099999689,31099999689,250000000,0,212500000,147569,4722208,147569,4722208,9444416,0,250000000,steady,0,0,steady
fall250-clean,2800,31111110800,31111110800,250000000,0,212500000,147569,4722208,147569,4722208,9444416,0,250000000,steady,0,0,steady
fall250-clean,2801,31122221911,31122221911,250000000,0,212500000,147569,4722208,147569,4722208,9444416,0,250000000,steady,0,0,steady
fall250-clean,2802,31133333022,31133333022,250000000,0,212500000,147569,4722208,147569,4722208,9444416,0,250000000,steady,0,0,steady
fall250-clean,2803,31144444133,31144444133,250000000,0,212500000,147569,4722208,147569,4722208,9444416,0,250000000,steady,0,0,steady
fall250-clean,2804,31155555244,31155555244,250000000,0,212500000,147569,4722208,147569,4722208,9444416,0,250000000,steady,0,0,steady
fall250-clean,2805,31166666355,31166666355,250000000,0,212500000,147569,4722208,147569,4722208,9444416,0,250000000,steady,0,0,steady
fall250-clean,2806,31177777466,31177777466,250000000,0,212500000,147569,4722208,147569,4722208,9444416,0,250000000,steady,0,0,steady
fall250-clean,2807,31188888577,31188888577,250000000,0,212500000,147569,4722208,147569,4722208,9444416,0,250000000,steady,0,0,steady
fall250-clean,2808,31199999688,31199999688,250000000,0,212500000,147569,4722208,147569,4722208,9444416,0,250000000,steady,0,0,steady
fall250-clean,2809,31211110799,31211110799,250000000,0,212500000,147569,4722208,147569,4722208,9444416,0,250000000,steady,0,0,steady
fall250-clean,2810,31222221910,31222221910,250000000,0,212500000,147569,4722208,147569,4722208,9444416,0,250000000,steady,0,0,steady
fall250-clean,2811,31233333021,31233333021,250000000,0,212500000,147569,4722208,147569,4722208,9444416,0,250000000,steady,0,0,steady
fall250-clean,2812,31244444132,31244444132,250000000,0,212500000,147569,4722208,147569,4722208,9444416,0,250000000,steady,0,0,steady
fall250-clean,2813,31255555243,31255555243,250000000,0,212500000,147569,4722208,147569,4722208,9444416,0,250000000,steady,0,0,steady
fall250-clean,2814,31266666354,31266666354,250000000,0,212500000,147569,4722208,147569,4722208,9444416,0,250000000,steady,0,0,steady
fall250-clean,2815,31277777465,31277777465,250000000,0,212500000,147569,4722208,147569,4722208,9444416,0,250000000,steady,0,0,steady
fall250-clean,2816,31288888576,31288888576,250000000,0,212500000,147569,4722208,147569,4722208,9444416,0,250000000,steady,0,0,steady
fall250-clean,2817,31299999687,31299999687,250000000,0,212500000,147569,4722208,147569,4722208,9444416,0,250000000,steady,0,0,steady
fall250-clean,2818,31311110798,31311110798,250000000,0,212500000,147569,4722208,147569,4722208,9444416,0,250000000,steady,0,0,steady
fall250-clean,2819,31322221909,31322221909,250000000,0,212500000,147569,4722208,147569,4722208,9444416,0,250000000,steady,0,0,steady
fall250-clean,2820,31333333020,31333333020,250000000,0,212500000,147569,4722208,147569,4722208,9444416,0,250000000,steady,0,0,steady
fall250-clean,2821,31344444131,31344444131,250000000,0,212500000,147569,4722208,147569,4722208,9444416,0,250000000,steady,0,0,steady
fall250-clean,2822,31355555242,31355555242,250000000,0,212500000,147569,4722208,147569,4722208,9444416,0,250000000,steady,0,0,steady
fall250-clean,2823,31366666353,31366666353,250000000,0,212500000,147569,4722208,147569,4722208,9444416,0,250000000,steady,0,0,steady
fall250-clean,2824,31377777464,31377777464,250000000,0,212500000,147569,4722208,147569,4722208,9444416,0,250000000,steady,0,0,steady
fall250-clean,2825,31388888575,31388888575,250000000,0,212500000,147569,4722208,147569,4722208,9444416,0,250000000,steady,0,0,steady
fall250-clean,2826,31399999686,31399999686,250000000,0,212500000,147569,4722208,147569,4722208,9444416,0,250000000,steady,0,0,steady
fall250-clean,2827,31411110797,31411110797,250000000,0,212500000,147569,4722208,147569,4722208,9444416,0,250000000,steady,0,0,steady
fall250-clean,2828,31422221908,31422221908,250000000,0,212500000,147569,4722208,147569,4722208,9444416,0,250000000,steady,0,0,steady
fall250-clean,2829,31433333019,31433333019,250000000,0,212500000,147569,4722208,147569,4722208,9444416,0,250000000,steady,0,0,steady
fall250-clean,2830,31444444130,31444444130,250000000,0,212500000,147569,4722208,147569,4722208,9444416,0,250000000,steady,0,0,steady
fall250-clean,2831,31455555241,31455555241,250000000,0,212500000,147569,4722208,147569,4722208,9444416,0,250000000,steady,0,0,steady
fall250-clean,2832,31466666352,31466666352,250000000,0,212500000,147569,4722208,147569,4722208,9444416,0,250000000,steady,0,0,steady
fall250-clean,2833,31477777463,31477777463,250000000,0,212500000,147569,4722208,147569,4722208,9444416,0,250000000,steady,0,0,steady
fall250-clean,2834,31488888574,31488888574,250000000,0,212500000,147569,4722208,147569,4722208,9444416,0,250000000,steady,0,0,steady
fall250-clean,2835,31499999685,31499999685,250000000,0,212500000,147569,4722208,147569,4722208,9444416,0,250000000,steady,0,0,steady
fall250-clean,2836,31511110796,31511110796,250000000,0,212500000,147569,4722208,147569,4722208,9444416,0,250000000,steady,0,0,steady
fall250-clean,2837,31522221907,31522221907,250000000,0,212500000,147569,4722208,147569,4722208,9444416,0,250000000,steady,0,0,steady
fall250-clean,2838,31533333018,31533333018,250000000,0,212500000,147569,4722208,147569,4722208,9444416,0,250000000,steady,0,0,steady
fall250-clean,2839,31544444129,31544444129,250000000,0,212500000,147569,4722208,147569,4722208,9444416,0,250000000,steady,0,0,steady
fall250-clean,2840,31555555240,31555555240,250000000,0,212500000,147569,4722208,147569,4722208,9444416,0,250000000,steady,0,0,steady
fall250-clean,2841,31566666351,31566666351,250000000,0,212500000,147569,4722208,147569,4722208,9444416,0,250000000,steady,0,0,steady
fall250-clean,2842,31577777462,31577777462,250000000,0,212500000,147569,4722208,147569,4722208,9444416,0,250000000,steady,0,0,steady
fall250-clean,2843,31588888573,31588888573,250000000,0,212500000,147569,4722208,147569,4722208,9444416,0,250000000,steady,0,0,steady
fall250-clean,2844,31599999684,31599999684,250000000,0,212500000,147569,4722208,147569,4722208,9444416,0,250000000,steady,0,0,steady
fall250-clean,2845,31611110795,31611110795,250000000,0,212500000,147569,4722208,147569,4722208,9444416,0,250000000,steady,0,0,steady
fall250-clean,2846,31622221906,31622221906,250000000,0,212500000,147569,4722208,147569,4722208,9444416,0,250000000,steady,0,0,steady
fall250-clean,2847,31633333017,31633333017,250000000,0,212500000,147569,4722208,147569,4722208,9444416,0,250000000,steady,0,0,steady
fall250-clean,2848,31644444128,31644444128,250000000,0,212500000,147569,4722208,147569,4722208,9444416,0,250000000,steady,0,0,steady
fall250-clean,2849,31655555239,31655555239,250000000,0,212500000,147569,4722208,147569,4722208,9444416,0,250000000,steady,0,0,steady
fall250-clean,2850,31666666350,31666666350,250000000,0,212500000,147569,4722208,147569,4722208,9444416,0,250000000,steady,0,0,steady
fall250-clean,2851,31677777461,31677777461,250000000,0,212500000,147569,4722208,147569,4722208,9444416,0,250000000,steady,0,0,steady
fall250-clean,2852,31688888572,31688888572,250000000,0,212500000,147569,4722208,147569,4722208,9444416,0,250000000,steady,0,0,steady
fall250-clean,2853,31699999683,31699999683,250000000,0,212500000,147569,4722208,147569,4722208,9444416,0,250000000,steady,0,0,steady
fall250-clean,2854,31711110794,31711110794,250000000,0,212500000,147569,4722208,147569,4722208,9444416,0,250000000,steady,0,0,steady
fall250-clean,2855,31722221905,31722221905,250000000,0,212500000,147569,4722208,147569,4722208,9444416,0,250000000,steady,0,0,steady
fall250-clean,2856,31733333016,31733333016,250000000,0,212500000,147569,4722208,147569,4722208,9444416,0,250000000,steady,0,0,steady
fall250-clean,2857,31744444127,31744444127,250000000,0,212500000,147569,4722208,147569,4722208,9444416,0,250000000,steady,0,0,steady
fall250-clean,2858,31755555238,31755555238,250000000,0,212500000,147569,4722208,147569,4722208,9444416,0,250000000,steady,0,0,steady
fall250-clean,2859,31766666349,31766666349,250000000,0,212500000,147569,4722208,147569,4722208,9444416,0,250000000,steady,0,0,steady
fall250-clean,2860,31777777460,31777777460,250000000,0,212500000,147569,4722208,147569,4722208,9444416,0,250000000,steady,0,0,steady
fall250-clean,2861,31788888571,31788888571,250000000,0,212500000,147569,4722208,147569,4722208,9444416,0,250000000,steady,0,0,steady
fall250-clean,2862,31799999682,31799999682,250000000,0,212500000,147569,4722208,147569,4722208,9444416,0,250000000,steady,0,0,steady
fall250-clean,2863,31811110793,31811110793,250000000,0,212500000,147569,4722208,147569,4722208,9444416,0,250000000,steady,0,0,steady
fall250-clean,2864,31822221904,31822221904,250000000,0,212500000,147569,4722208,147569,4722208,9444416,0,250000000,steady,0,0,steady
fall250-clean,2865,31833333015,31833333015,250000000,0,212500000,147569,4722208,147569,4722208,9444416,0,250000000,steady,0,0,steady
fall250-clean,2866,31844444126,31844444126,250000000,0,212500000,147569,4722208,147569,4722208,9444416,0,250000000,steady,0,0,steady
fall250-clean,2867,31855555237,31855555237,250000000,0,212500000,147569,4722208,147569,4722208,9444416,0,250000000,steady,0,0,steady
fall250-clean,2868,31866666348,31866666348,250000000,0,212500000,147569,4722208,147569,4722208,9444416,0,250000000,steady,0,0,steady
fall250-clean,2869,31877777459,31877777459,250000000,0,212500000,147569,4722208,147569,4722208,9444416,0,250000000,steady,0,0,steady
fall250-clean,2870,31888888570,31888888570,250000000,0,212500000,147569,4722208,147569,4722208,9444416,0,250000000,steady,0,0,steady
fall250-clean,2871,31899999681,31899999681,250000000,0,212500000,147569,4722208,147569,4722208,9444416,0,250000000,steady,0,0,steady
fall250-clean,2872,31911110792,31911110792,250000000,0,212500000,147569,4722208,147569,4722208,9444416,0,250000000,steady,0,0,steady
fall250-clean,2873,31922221903,31922221903,250000000,0,212500000,147569,4722208,147569,4722208,9444416,0,250000000,steady,0,0,steady
fall250-clean,2874,31933333014,31933333014,250000000,0,212500000,147569,4722208,147569,4722208,9444416,0,250000000,steady,0,0,steady
fall250-clean,2875,31944444125,31944444125,250000000,0,212500000,147569,4722208,147569,4722208,9444416,0,250000000,steady,0,0,steady
fall250-clean,2876,31955555236,31955555236,250000000,0,212500000,147569,4722208,147569,4722208,9444416,0,250000000,steady,0,0,steady
fall250-clean,2877,31966666347,31966666347,250000000,0,212500000,147569,4722208,147569,4722208,9444416,0,250000000,steady,0,0,steady
fall250-clean,2878,31977777458,31977777458,250000000,0,212500000,147569,4722208,147569,4722208,9444416,0,250000000,steady,0,0,steady
fall250-clean,2879,31988888569,31988888569,250000000,0,212500000,147569,4722208,147569,4722208,9444416,0,250000000,steady,0,0,steady
fall250-clean,2880,31999999680,31999999680,250000000,0,212500000,147569,4722208,147569,4722208,9444416,0,250000000,steady,0,0,steady
fall250-clean,2881,32011110791,32011110791,250000000,0,212500000,147569,4722208,147569,4722208,9444416,0,250000000,steady,0,0,steady
fall250-clean,2882,32022221902,32022221902,250000000,0,212500000,147569,4722208,147569,4722208,9444416,0,250000000,steady,0,0,steady
fall250-clean,2883,32033333013,32033333013,250000000,0,212500000,147569,4722208,147569,4722208,9444416,0,250000000,steady,0,0,steady
fall250-clean,2884,32044444124,32044444124,250000000,0,212500000,147569,4722208,147569,4722208,9444416,0,250000000,steady,0,0,steady
fall250-clean,2885,32055555235,32055555235,250000000,0,212500000,147569,4722208,147569,4722208,9444416,0,250000000,steady,0,0,steady
fall250-clean,2886,32066666346,32066666346,250000000,0,212500000,147569,4722208,147569,4722208,9444416,0,250000000,steady,0,0,steady
fall250-clean,2887,32077777457,32077777457,250000000,0,212500000,147569,4722208,147569,4722208,9444416,0,250000000,steady,0,0,steady
fall250-clean,2888,32088888568,32088888568,250000000,0,212500000,147569,4722208,147569,4722208,9444416,0,250000000,steady,0,0,steady
fall250-clean,2889,32099999679,32099999679,250000000,0,212500000,147569,4722208,147569,4722208,9444416,0,250000000,steady,0,0,steady
fall250-clean,2890,32111110790,32111110790,250000000,0,212500000,147569,4722208,147569,4722208,9444416,0,250000000,steady,0,0,steady
fall250-clean,2891,32122221901,32122221901,250000000,0,212500000,147569,4722208,147569,4722208,9444416,0,250000000,steady,0,0,steady
fall250-clean,2892,32133333012,32133333012,250000000,0,212500000,147569,4722208,147569,4722208,9444416,0,250000000,steady,0,0,steady
fall250-clean,2893,32144444123,32144444123,250000000,0,212500000,147569,4722208,147569,4722208,9444416,0,250000000,steady,0,0,steady
fall250-clean,2894,32155555234,32155555234,250000000,0,212500000,147569,4722208,147569,4722208,9444416,0,250000000,steady,0,0,steady
fall250-clean,2895,32166666345,32166666345,250000000,0,212500000,147569,4722208,147569,4722208,9444416,0,250000000,steady,0,0,steady
fall250-clean,2896,32177777456,32177777456,250000000,0,212500000,147569,4722208,147569,4722208,9444416,0,250000000,steady,0,0,steady
fall250-clean,2897,32188888567,32188888567,250000000,0,212500000,147569,4722208,147569,4722208,9444416,0,250000000,steady,0,0,steady
fall250-clean,2898,32199999678,32199999678,250000000,0,212500000,147569,4722208,147569,4722208,9444416,0,250000000,steady,0,0,steady
fall250-clean,2899,32211110789,32211110789,250000000,0,212500000,147569,4722208,147569,4722208,9444416,0,250000000,steady,0,0,steady
fall250-clean,2900,32222221900,32222221900,250000000,0,212500000,147569,4722208,147569,4722208,9444416,0,250000000,steady,0,0,steady
fall250-clean,2901,32233333011,32233333011,250000000,0,212500000,147569,4722208,147569,4722208,9444416,0,250000000,steady,0,0,steady
fall250-clean,2902,32244444122,32244444122,250000000,0,212500000,147569,4722208,147569,4722208,9444416,0,250000000,steady,0,0,steady
fall250-clean,2903,32255555233,32255555233,250000000,0,212500000,147569,4722208,147569,4722208,9444416,0,250000000,steady,0,0,steady
fall250-clean,2904,32266666344,32266666344,250000000,0,212500000,147569,4722208,147569,4722208,9444416,0,250000000,steady,0,0,steady
fall250-clean,2905,32277777455,32277777455,250000000,0,212500000,147569,4722208,147569,4722208,9444416,0,250000000,steady,0,0,steady
fall250-clean,2906,32288888566,32288888566,250000000,0,212500000,147569,4722208,147569,4722208,9444416,0,250000000,steady,0,0,steady
fall250-clean,2907,32299999677,32299999677,250000000,0,212500000,147569,4722208,147569,4722208,9444416,0,250000000,steady,0,0,steady
fall250-clean,2908,32311110788,32311110788,250000000,0,212500000,147569,4722208,147569,4722208,9444416,0,250000000,steady,0,0,steady
fall250-clean,2909,32322221899,32322221899,250000000,0,212500000,147569,4722208,147569,4722208,9444416,0,250000000,steady,0,0,steady
fall250-clean,2910,32333333010,32333333010,250000000,0,212500000,147569,4722208,147569,4722208,9444416,0,250000000,steady,0,0,steady
fall250-clean,2911,32344444121,32344444121,250000000,0,212500000,147569,4722208,147569,4722208,9444416,0,250000000,steady,0,0,steady
fall250-clean,2912,32355555232,32355555232,250000000,0,212500000,147569,4722208,147569,4722208,9444416,0,250000000,steady,0,0,steady
fall250-clean,2913,32366666343,32366666343,250000000,0,212500000,147569,4722208,147569,4722208,9444416,0,250000000,steady,0,0,steady
fall250-clean,2914,32377777454,32377777454,250000000,0,212500000,147569,4722208,147569,4722208,9444416,0,250000000,steady,0,0,steady
fall250-clean,2915,32388888565,32388888565,250000000,0,212500000,147569,4722208,147569,4722208,9444416,0,250000000,steady,0,0,steady
fall250-clean,2916,32399999676,32399999676,250000000,0,212500000,147569,4722208,147569,4722208,9444416,0,250000000,steady,0,0,steady
fall250-clean,2917,32411110787,32411110787,250000000,0,212500000,147569,4722208,147569,4722208,9444416,0,250000000,steady,0,0,steady
fall250-clean,2918,32422221898,32422221898,250000000,0,212500000,147569,4722208,147569,4722208,9444416,0,250000000,steady,0,0,steady
fall250-clean,2919,32433333009,32433333009,250000000,0,212500000,147569,4722208,147569,4722208,9444416,0,250000000,steady,0,0,steady
fall250-clean,2920,32444444120,32444444120,250000000,0,212500000,147569,4722208,147569,4722208,9444416,0,250000000,steady,0,0,steady
fall250-clean,2921,32455555231,32455555231,250000000,0,212500000,147569,4722208,147569,4722208,9444416,0,250000000,steady,0,0,steady
fall250-clean,2922,32466666342,32466666342,250000000,0,212500000,147569,4722208,147569,4722208,9444416,0,250000000,steady,0,0,steady
fall250-clean,2923,32477777453,32477777453,250000000,0,212500000,147569,4722208,147569,4722208,9444416,0,250000000,steady,0,0,steady
fall250-clean,2924,32488888564,32488888564,250000000,0,212500000,147569,4722208,147569,4722208,9444416,0,250000000,steady,0,0,steady
fall250-clean,2925,32499999675,32499999675,250000000,0,212500000,147569,4722208,147569,4722208,9444416,0,250000000,steady,0,0,steady
fall250-clean,2926,32511110786,32511110786,250000000,0,212500000,147569,4722208,147569,4722208,9444416,0,250000000,steady,0,0,steady
fall250-clean,2927,32522221897,32522221897,250000000,0,212500000,147569,4722208,147569,4722208,9444416,0,250000000,steady,0,0,steady
fall250-clean,2928,32533333008,32533333008,250000000,0,212500000,147569,4722208,147569,4722208,9444416,0,250000000,steady,0,0,steady
fall250-clean,2929,32544444119,32544444119,250000000,0,212500000,147569,4722208,147569,4722208,9444416,0,250000000,steady,0,0,steady
fall250-clean,2930,32555555230,32555555230,250000000,0,212500000,147569,4722208,147569,4722208,9444416,0,250000000,steady,0,0,steady
fall250-clean,2931,32566666341,32566666341,250000000,0,212500000,147569,4722208,147569,4722208,9444416,0,250000000,steady,0,0,steady
fall250-clean,2932,32577777452,32577777452,250000000,0,212500000,147569,4722208,147569,4722208,9444416,0,250000000,steady,0,0,steady
fall250-clean,2933,32588888563,32588888563,250000000,0,212500000,147569,4722208,147569,4722208,9444416,0,250000000,steady,0,0,steady
fall250-clean,2934,32599999674,32599999674,250000000,0,212500000,147569,4722208,147569,4722208,9444416,0,250000000,steady,0,0,steady
fall250-clean,2935,32611110785,32611110785,250000000,0,212500000,147569,4722208,147569,4722208,9444416,0,250000000,steady,0,0,steady
fall250-clean,2936,32622221896,32622221896,250000000,0,212500000,147569,4722208,147569,4722208,9444416,0,250000000,steady,0,0,steady
fall250-clean,2937,32633333007,32633333007,250000000,0,212500000,147569,4722208,147569,4722208,9444416,0,250000000,steady,0,0,steady
fall250-clean,2938,32644444118,32644444118,250000000,0,212500000,147569,4722208,147569,4722208,9444416,0,250000000,steady,0,0,steady
fall250-clean,2939,32655555229,32655555229,250000000,0,212500000,147569,4722208,147569,4722208,9444416,0,250000000,steady,0,0,steady
fall250-clean,2940,32666666340,32666666340,250000000,0,212500000,147569,4722208,147569,4722208,9444416,0,250000000,steady,0,0,steady
fall250-clean,2941,32677777451,32677777451,250000000,0,212500000,147569,4722208,147569,4722208,9444416,0,250000000,steady,0,0,steady
fall250-clean,2942,32688888562,32688888562,250000000,0,212500000,147569,4722208,147569,4722208,9444416,0,250000000,steady,0,0,steady
fall250-clean,2943,32699999673,32699999673,250000000,0,212500000,147569,4722208,147569,4722208,9444416,0,250000000,steady,0,0,steady
fall250-clean,2944,32711110784,32711110784,250000000,0,212500000,147569,4722208,147569,4722208,9444416,0,250000000,steady,0,0,steady
fall250-clean,2945,32722221895,32722221895,250000000,0,212500000,147569,4722208,147569,4722208,9444416,0,250000000,steady,0,0,steady
fall250-clean,2946,32733333006,32733333006,250000000,0,212500000,147569,4722208,147569,4722208,9444416,0,250000000,steady,0,0,steady
fall250-clean,2947,32744444117,32744444117,250000000,0,212500000,147569,4722208,147569,4722208,9444416,0,250000000,steady,0,0,steady
fall250-clean,2948,32755555228,32755555228,250000000,0,212500000,147569,4722208,147569,4722208,9444416,0,250000000,steady,0,0,steady
fall250-clean,2949,32766666339,32766666339,250000000,0,212500000,147569,4722208,147569,4722208,9444416,0,250000000,steady,0,0,steady
fall250-clean,2950,32777777450,32777777450,250000000,0,212500000,147569,4722208,147569,4722208,9444416,0,250000000,steady,0,0,steady
fall250-clean,2951,32788888561,32788888561,250000000,0,212500000,147569,4722208,147569,4722208,9444416,0,250000000,steady,0,0,steady
fall250-clean,2952,32799999672,32799999672,250000000,0,212500000,147569,4722208,147569,4722208,9444416,0,250000000,steady,0,0,steady
fall250-clean,2953,32811110783,32811110783,250000000,0,212500000,147569,4722208,147569,4722208,9444416,0,250000000,steady,0,0,steady
fall250-clean,2954,32822221894,32822221894,250000000,0,212500000,147569,4722208,147569,4722208,9444416,0,250000000,steady,0,0,steady
fall250-clean,2955,32833333005,32833333005,250000000,0,212500000,147569,4722208,147569,4722208,9444416,0,250000000,steady,0,0,steady
fall250-clean,2956,32844444116,32844444116,250000000,0,212500000,147569,4722208,147569,4722208,9444416,0,250000000,steady,0,0,steady
fall250-clean,2957,32855555227,32855555227,250000000,0,212500000,147569,4722208,147569,4722208,9444416,0,250000000,steady,0,0,steady
fall250-clean,2958,32866666338,32866666338,250000000,0,212500000,147569,4722208,147569,4722208,9444416,0,250000000,steady,0,0,steady
fall250-clean,2959,32877777449,32877777449,250000000,0,212500000,147569,4722208,147569,4722208,9444416,0,250000000,steady,0,0,steady
fall250-clean,2960,32888888560,32888888560,250000000,0,212500000,147569,4722208,147569,4722208,9444416,0,250000000,steady,0,0,steady
fall250-clean,2961,32899999671,32899999671,250000000,0,212500000,147569,4722208,147569,4722208,9444416,0,250000000,steady,0,0,steady
fall250-clean,2962,32911110782,32911110782,250000000,0,212500000,147569,4722208,147569,4722208,9444416,0,250000000,steady,0,0,steady
fall250-clean,2963,32922221893,32922221893,250000000,0,212500000,147569,4722208,147569,4722208,9444416,0,250000000,steady,0,0,steady
fall250-clean,2964,32933333004,32933333004,250000000,0,212500000,147569,4722208,147569,4722208,9444416,0,250000000,steady,0,0,steady
fall250-clean,2965,32944444115,32944444115,250000000,0,212500000,147569,4722208,147569,4722208,9444416,0,250000000,steady,0,0,steady
fall250-clean,2966,32955555226,32955555226,250000000,0,212500000,147569,4722208,147569,4722208,9444416,0,250000000,steady,0,0,steady
fall250-clean,2967,32966666337,32966666337,250000000,0,212500000,147569,4722208,147569,4722208,9444416,0,250000000,steady,0,0,steady
fall250-clean,2968,32977777448,32977777448,250000000,0,212500000,147569,4722208,147569,4722208,9444416,0,250000000,steady,0,0,steady
fall250-clean,2969,32988888559,32988888559,250000000,0,212500000,147569,4722208,147569,4722208,9444416,0,250000000,steady,0,0,steady
fall250-clean,2970,32999999670,32999999670,250000000,0,212500000,147569,4722208,147569,4722208,9444416,0,250000000,steady,0,0,steady
fall250-clean,2971,33011110781,33011110781,250000000,0,212500000,147569,4722208,147569,4722208,9444416,0,250000000,steady,0,0,steady
fall250-clean,2972,33022221892,33022221892,250000000,0,212500000,147569,4722208,147569,4722208,9444416,0,250000000,steady,0,0,steady
fall250-clean,2973,33033333003,33033333003,250000000,0,212500000,147569,4722208,147569,4722208,9444416,0,250000000,steady,0,0,steady
fall250-clean,2974,33044444114,33044444114,250000000,0,212500000,147569,4722208,147569,4722208,9444416,0,250000000,steady,0,0,steady
fall250-clean,2975,33055555225,33055555225,250000000,0,212500000,147569,4722208,147569,4722208,9444416,0,250000000,steady,0,0,steady
fall250-clean,2976,33066666336,33066666336,250000000,0,212500000,147569,4722208,147569,4722208,9444416,0,250000000,steady,0,0,steady
fall250-clean,2977,33077777447,33077777447,250000000,0,212500000,147569,4722208,147569,4722208,9444416,0,250000000,steady,0,0,steady
fall250-clean,2978,33088888558,33088888558,250000000,0,212500000,147569,4722208,147569,4722208,9444416,0,250000000,steady,0,0,steady
fall250-clean,2979,33099999669,33099999669,250000000,0,212500000,147569,4722208,147569,4722208,9444416,0,250000000,steady,0,0,steady
fall250-clean,2980,33111110780,33111110780,250000000,0,212500000,147569,4722208,147569,4722208,9444416,0,250000000,steady,0,0,steady
fall250-clean,2981,33122221891,33122221891,250000000,0,212500000,147569,4722208,147569,4722208,9444416,0,250000000,steady,0,0,steady
fall250-clean,2982,33133333002,33133333002,250000000,0,212500000,147569,4722208,147569,4722208,9444416,0,250000000,steady,0,0,steady
fall250-clean,2983,33144444113,33144444113,250000000,0,212500000,147569,4722208,147569,4722208,9444416,0,250000000,steady,0,0,steady
fall250-clean,2984,33155555224,33155555224,250000000,0,212500000,147569,4722208,147569,4722208,9444416,0,250000000,steady,0,0,steady
fall250-clean,2985,33166666335,33166666335,250000000,0,212500000,147569,4722208,147569,4722208,9444416,0,250000000,steady,0,0,steady
fall250-clean,2986,33177777446,33177777446,250000000,0,212500000,147569,4722208,147569,4722208,9444416,0,250000000,steady,0,0,steady
fall250-clean,2987,33188888557,33188888557,250000000,0,212500000,147569,4722208,147569,4722208,9444416,0,250000000,steady,0,0,steady
fall250-clean,2988,33199999668,33199999668,250000000,0,212500000,147569,4722208,147569,4722208,9444416,0,250000000,steady,0,0,steady
fall250-clean,2989,33211110779,33211110779,250000000,0,212500000,147569,4722208,147569,4722208,9444416,0,250000000,steady,0,0,steady
fall250-clean,2990,33222221890,33222221890,250000000,0,212500000,147569,4722208,147569,4722208,9444416,0,250000000,steady,0,0,steady
fall250-clean,2991,33233333001,33233333001,250000000,0,212500000,147569,4722208,147569,4722208,9444416,0,250000000,steady,0,0,steady
fall250-clean,2992,33244444112,33244444112,250000000,0,212500000,147569,4722208,147569,4722208,9444416,0,250000000,steady,0,0,steady
fall250-clean,2993,33255555223,33255555223,250000000,0,212500000,147569,4722208,147569,4722208,9444416,0,250000000,steady,0,0,steady
fall250-clean,2994,33266666334,33266666334,250000000,0,212500000,147569,4722208,147569,4722208,9444416,0,250000000,steady,0,0,steady
fall250-clean,2995,33277777445,33277777445,250000000,0,212500000,147569,4722208,147569,4722208,9444416,0,250000000,steady,0,0,steady
fall250-clean,2996,33288888556,33288888556,250000000,0,212500000,147569,4722208,147569,4722208,9444416,0,250000000,steady,0,0,steady
fall250-clean,2997,33299999667,33299999667,250000000,0,212500000,147569,4722208,147569,4722208,9444416,0,250000000,steady,0,0,steady
fall250-clean,2998,33311110778,33311110778,250000000,0,212500000,147569,4722208,147569,4722208,9444416,0,250000000,steady,0,0,steady
fall250-clean,2999,33322221889,33322221889,250000000,0,212500000,147569,4722208,147569,4722208,9444416,0,250000000,steady,0,0,steady
fall250-clean,3000,33333333000,33333333000,250000000,0,212500000,147569,4722208,147569,4722208,9444416,0,250000000,steady,0,0,steady
fall250-clean,3001,33344444111,33344444111,250000000,0,212500000,147569,4722208,147569,4722208,9444416,0,250000000,steady,0,0,steady
fall250-clean,3002,33355555222,33355555222,250000000,0,212500000,147569,4722208,147569,4722208,9444416,0,250000000,steady,0,0,steady
fall250-clean,3003,33366666333,33366666333,250000000,0,212500000,147569,4722208,147569,4722208,9444416,0,250000000,steady,0,0,steady
fall250-clean,3004,33377777444,33377777444,250000000,0,212500000,147569,4722208,147569,4722208,9444416,0,250000000,steady,0,0,steady
fall250-clean,3005,33388888555,33388888555,250000000,0,212500000,147569,4722208,147569,4722208,9444416,0,250000000,steady,0,0,steady
fall250-clean,3006,33399999666,33399999666,250000000,0,212500000,147569,4722208,147569,4722208,9444416,0,250000000,steady,0,0,steady
fall250-clean,3007,33411110777,33411110777,250000000,0,212500000,147569,4722208,147569,4722208,9444416,0,250000000,steady,0,0,steady
fall250-clean,3008,33422221888,33422221888,250000000,0,212500000,147569,4722208,147569,4722208,9444416,0,250000000,steady,0,0,steady
fall250-clean,3009,33433332999,33433332999,250000000,0,212500000,147569,4722208,147569,4722208,9444416,0,250000000,steady,0,0,steady
fall250-clean,3010,33444444110,33444444110,250000000,0,212500000,147569,4722208,147569,4722208,9444416,0,250000000,steady,0,0,steady
fall250-clean,3011,33455555221,33455555221,250000000,0,212500000,147569,4722208,147569,4722208,9444416,0,250000000,steady,0,0,steady
fall250-clean,3012,33466666332,33466666332,250000000,0,212500000,147569,4722208,147569,4722208,9444416,0,250000000,steady,0,0,steady
fall250-clean,3013,33477777443,33477777443,250000000,0,212500000,147569,4722208,147569,4722208,9444416,0,250000000,steady,0,0,steady
fall250-clean,3014,33488888554,33488888554,250000000,0,212500000,147569,4722208,147569,4722208,9444416,0,250000000,steady,0,0,steady
fall250-clean,3015,33499999665,33499999665,250000000,0,212500000,147569,4722208,147569,4722208,9444416,0,250000000,steady,0,0,steady
fall250-clean,3016,33511110776,33511110776,250000000,0,212500000,147569,4722208,147569,4722208,9444416,0,250000000,steady,0,0,steady
fall250-clean,3017,33522221887,33522221887,250000000,0,212500000,147569,4722208,147569,4722208,9444416,0,250000000,steady,0,0,steady
fall250-clean,3018,33533332998,33533332998,250000000,0,212500000,147569,4722208,147569,4722208,9444416,0,250000000,steady,0,0,steady
fall250-clean,3019,33544444109,33544444109,250000000,0,212500000,147569,4722208,147569,4722208,9444416,0,250000000,steady,0,0,steady
fall250-clean,3020,33555555220,33555555220,250000000,0,212500000,147569,4722208,147569,4722208,9444416,0,250000000,steady,0,0,steady
fall250-clean,3021,33566666331,33566666331,250000000,0,212500000,147569,4722208,147569,4722208,9444416,0,250000000,steady,0,0,steady
fall250-clean,3022,33577777442,33577777442,250000000,0,212500000,147569,4722208,147569,4722208,9444416,0,250000000,steady,0,0,steady
fall250-clean,3023,33588888553,33588888553,250000000,0,212500000,147569,4722208,147569,4722208,9444416,0,250000000,steady,0,0,steady
fall250-clean,3024,33599999664,33599999664,250000000,0,212500000,147569,4722208,147569,4722208,9444416,0,250000000,steady,0,0,steady
fall250-clean,3025,33611110775,33611110775,250000000,0,212500000,147569,4722208,147569,4722208,9444416,0,250000000,steady,0,0,steady
fall250-clean,3026,33622221886,33622221886,250000000,0,212500000,147569,4722208,147569,4722208,9444416,0,250000000,steady,0,0,steady
fall250-clean,3027,33633332997,33633332997,250000000,0,212500000,147569,4722208,147569,4722208,9444416,0,250000000,steady,0,0,steady
fall250-clean,3028,33644444108,33644444108,250000000,0,212500000,147569,4722208,147569,4722208,9444416,0,250000000,steady,0,0,steady
fall250-clean,3029,33655555219,33655555219,250000000,0,212500000,147569,4722208,147569,4722208,9444416,0,250000000,steady,0,0,steady
fall250-clean,3030,33666666330,33666666330,250000000,0,212500000,147569,4722208,147569,4722208,9444416,0,250000000,steady,0,0,steady
fall250-clean,3031,33677777441,33677777441,250000000,0,212500000,147569,4722208,147569,4722208,9444416,0,250000000,steady,0,0,steady
fall250-clean,3032,33688888552,33688888552,250000000,0,212500000,147569,4722208,147569,4722208,9444416,0,250000000,steady,0,0,steady
fall250-clean,3033,33699999663,33699999663,250000000,0,212500000,147569,4722208,147569,4722208,9444416,0,250000000,steady,0,0,steady
fall250-clean,3034,33711110774,33711110774,250000000,0,212500000,147569,4722208,147569,4722208,9444416,0,250000000,steady,0,0,steady
fall250-clean,3035,33722221885,33722221885,250000000,0,212500000,147569,4722208,147569,4722208,9444416,0,250000000,steady,0,0,steady
fall250-clean,3036,33733332996,33733332996,250000000,0,212500000,147569,4722208,147569,4722208,9444416,0,250000000,steady,0,0,steady
fall250-clean,3037,33744444107,33744444107,250000000,0,212500000,147569,4722208,147569,4722208,9444416,0,250000000,steady,0,0,steady
fall250-clean,3038,33755555218,33755555218,250000000,0,212500000,147569,4722208,147569,4722208,9444416,0,250000000,steady,0,0,steady
fall250-clean,3039,33766666329,33766666329,250000000,0,212500000,147569,4722208,147569,4722208,9444416,0,250000000,steady,0,0,steady
fall250-clean,3040,33777777440,33777777440,250000000,0,212500000,147569,4722208,147569,4722208,9444416,0,250000000,steady,0,0,steady
fall250-clean,3041,33788888551,33788888551,250000000,0,212500000,147569,4722208,147569,4722208,9444416,0,250000000,steady,0,0,steady
fall250-clean,3042,33799999662,33799999662,250000000,0,212500000,147569,4722208,147569,4722208,9444416,0,250000000,steady,0,0,steady
fall250-clean,3043,33811110773,33811110773,250000000,0,212500000,147569,4722208,147569,4722208,9444416,0,250000000,steady,0,0,steady
fall250-clean,3044,33822221884,33822221884,250000000,0,212500000,147569,4722208,147569,4722208,9444416,0,250000000,steady,0,0,steady
fall250-clean,3045,33833332995,33833332995,250000000,0,212500000,147569,4722208,147569,4722208,9444416,0,250000000,steady,0,0,steady
fall250-clean,3046,33844444106,33844444106,250000000,0,212500000,147569,4722208,147569,4722208,9444416,0,250000000,steady,0,0,steady
fall250-clean,3047,33855555217,33855555217,250000000,0,212500000,147569,4722208,147569,4722208,9444416,0,250000000,steady,0,0,steady
fall250-clean,3048,33866666328,33866666328,250000000,0,212500000,147569,4722208,147569,4722208,9444416,0,250000000,steady,0,0,steady
fall250-clean,3049,33877777439,33877777439,250000000,0,212500000,147569,4722208,147569,4722208,9444416,0,250000000,steady,0,0,steady
fall250-clean,3050,33888888550,33888888550,250000000,0,212500000,147569,4722208,147569,4722208,9444416,0,250000000,steady,0,0,steady
fall250-clean,3051,33899999661,33899999661,250000000,0,212500000,147569,4722208,147569,4722208,9444416,0,250000000,steady,0,0,steady
fall250-clean,3052,33911110772,33911110772,250000000,0,212500000,147569,4722208,147569,4722208,9444416,0,250000000,steady,0,0,steady
fall250-clean,3053,33922221883,33922221883,250000000,0,212500000,147569,4722208,147569,4722208,9444416,0,250000000,steady,0,0,steady
fall250-clean,3054,33933332994,33933332994,250000000,0,212500000,147569,4722208,147569,4722208,9444416,0,250000000,steady,0,0,steady
fall250-clean,3055,33944444105,33944444105,250000000,0,212500000,147569,4722208,147569,4722208,9444416,0,250000000,steady,0,0,steady
fall250-clean,3056,33955555216,33955555216,250000000,0,212500000,147569,4722208,147569,4722208,9444416,0,250000000,steady,0,0,steady
fall250-clean,3057,33966666327,33966666327,250000000,0,212500000,147569,4722208,147569,4722208,9444416,0,250000000,steady,0,0,steady
fall250-clean,3058,33977777438,33977777438,250000000,0,212500000,147569,4722208,147569,4722208,9444416,0,250000000,steady,0,0,steady
fall250-clean,3059,33988888549,33988888549,250000000,0,212500000,147569,4722208,147569,4722208,9444416,0,250000000,steady,0,0,steady
fall250-clean,3060,33999999660,33999999660,250000000,0,212500000,147569,4722208,147569,4722208,9444416,0,250000000,steady,0,0,steady
fall250-clean,3061,34011110771,34011110771,250000000,0,212500000,147569,4722208,147569,4722208,9444416,0,250000000,steady,0,0,steady
fall250-clean,3062,34022221882,34022221882,250000000,0,212500000,147569,4722208,147569,4722208,9444416,0,250000000,steady,0,0,steady
fall250-clean,3063,34033332993,34033332993,250000000,0,212500000,147569,4722208,147569,4722208,9444416,0,250000000,steady,0,0,steady
fall250-clean,3064,34044444104,34044444104,250000000,0,212500000,147569,4722208,147569,4722208,9444416,0,250000000,steady,0,0,steady
fall250-clean,3065,34055555215,34055555215,250000000,0,212500000,147569,4722208,147569,4722208,9444416,0,250000000,steady,0,0,steady
fall250-clean,3066,34066666326,34066666326,250000000,0,212500000,147569,4722208,147569,4722208,9444416,0,250000000,steady,0,0,steady
fall250-clean,3067,34077777437,34077777437,250000000,0,212500000,147569,4722208,147569,4722208,9444416,0,250000000,steady,0,0,steady
fall250-clean,3068,34088888548,34088888548,250000000,0,212500000,147569,4722208,147569,4722208,9444416,0,250000000,steady,0,0,steady
fall250-clean,3069,34099999659,34099999659,250000000,0,212500000,147569,4722208,147569,4722208,9444416,0,250000000,steady,0,0,steady
fall250-clean,3070,34111110770,34111110770,250000000,0,212500000,147569,4722208,147569,4722208,9444416,0,250000000,steady,0,0,steady
fall250-clean,3071,34122221881,34122221881,250000000,0,212500000,147569,4722208,147569,4722208,9444416,0,250000000,steady,0,0,steady
fall250-clean,3072,34133332992,34133332992,250000000,0,212500000,147569,4722208,147569,4722208,9444416,0,250000000,steady,0,0,steady
fall250-clean,3073,34144444103,34144444103,250000000,0,212500000,147569,4722208,147569,4722208,9444416,0,250000000,steady,0,0,steady
fall250-clean,3074,34155555214,34155555214,250000000,0,212500000,147569,4722208,147569,4722208,9444416,0,250000000,steady,0,0,steady
fall250-clean,3075,34166666325,34166666325,250000000,0,212500000,147569,4722208,147569,4722208,9444416,0,250000000,steady,0,0,steady
fall250-clean,3076,34177777436,34177777436,250000000,0,212500000,147569,4722208,147569,4722208,9444416,0,250000000,steady,0,0,steady
fall250-clean,3077,34188888547,34188888547,250000000,0,212500000,147569,4722208,147569,4722208,9444416,0,250000000,steady,0,0,steady
fall250-clean,3078,34199999658,34199999658,250000000,0,212500000,147569,4722208,147569,4722208,9444416,0,250000000,steady,0,0,steady
fall250-clean,3079,34211110769,34211110769,250000000,0,212500000,147569,4722208,147569,4722208,9444416,0,250000000,steady,0,0,steady
fall250-clean,3080,34222221880,34222221880,250000000,0,212500000,147569,4722208,147569,4722208,9444416,0,250000000,steady,0,0,steady
fall250-clean,3081,34233332991,34233332991,250000000,0,212500000,147569,4722208,147569,4722208,9444416,0,250000000,steady,0,0,steady
fall250-clean,3082,34244444102,34244444102,250000000,0,212500000,147569,4722208,147569,4722208,9444416,0,250000000,steady,0,0,steady
fall250-clean,3083,34255555213,34255555213,250000000,0,212500000,147569,4722208,147569,4722208,9444416,0,250000000,steady,0,0,steady
fall250-clean,3084,34266666324,34266666324,250000000,0,212500000,147569,4722208,147569,4722208,9444416,0,250000000,steady,0,0,steady
fall250-clean,3085,34277777435,34277777435,250000000,0,212500000,147569,4722208,147569,4722208,9444416,0,250000000,steady,0,0,steady
fall250-clean,3086,34288888546,34288888546,250000000,0,212500000,147569,4722208,147569,4722208,9444416,0,250000000,steady,0,0,steady
fall250-clean,3087,34299999657,34299999657,250000000,0,212500000,147569,4722208,147569,4722208,9444416,0,250000000,steady,0,0,steady
fall250-clean,3088,34311110768,34311110768,250000000,0,212500000,147569,4722208,147569,4722208,9444416,0,250000000,steady,0,0,steady
fall250-clean,3089,34322221879,34322221879,250000000,0,212500000,147569,4722208,147569,4722208,9444416,0,250000000,steady,0,0,steady
fall250-clean,3090,34333332990,34333332990,250000000,0,212500000,147569,4722208,147569,4722208,9444416,0,250000000,steady,0,0,steady
fall250-clean,3091,34344444101,34344444101,250000000,0,212500000,147569,4722208,147569,4722208,9444416,0,250000000,steady,0,0,steady
fall250-clean,3092,34355555212,34355555212,250000000,0,212500000,147569,4722208,147569,4722208,9444416,0,250000000,steady,0,0,steady
fall250-clean,3093,34366666323,34366666323,250000000,0,212500000,147569,4722208,147569,4722208,9444416,0,250000000,steady,0,0,steady
fall250-clean,3094,34377777434,34377777434,250000000,0,212500000,147569,4722208,147569,4722208,9444416,0,250000000,steady,0,0,steady
fall250-clean,3095,34388888545,34388888545,250000000,0,212500000,147569,4722208,147569,4722208,9444416,0,250000000,steady,0,0,steady
fall250-clean,3096,34399999656,34399999656,250000000,0,212500000,147569,4722208,147569,4722208,9444416,0,250000000,steady,0,0,steady
fall250-clean,3097,34411110767,34411110767,250000000,0,212500000,147569,4722208,147569,4722208,9444416,0,250000000,steady,0,0,steady
fall250-clean,3098,34422221878,34422221878,250000000,0,212500000,147569,4722208,147569,4722208,9444416,0,250000000,steady,0,0,steady
fall250-clean,3099,34433332989,34433332989,250000000,0,212500000,147569,4722208,147569,4722208,9444416,0,250000000,steady,0,0,steady
fall250-clean,3100,34444444100,34444444100,250000000,0,212500000,147569,4722208,147569,4722208,9444416,0,250000000,steady,0,0,steady
fall250-clean,3101,34455555211,34455555211,250000000,0,212500000,147569,4722208,147569,4722208,9444416,0,250000000,steady,0,0,steady
fall250-clean,3102,34466666322,34466666322,250000000,0,212500000,147569,4722208,147569,4722208,9444416,0,250000000,steady,0,0,steady
fall250-clean,3103,34477777433,34477777433,250000000,0,212500000,147569,4722208,147569,4722208,9444416,0,250000000,steady,0,0,steady
fall250-clean,3104,34488888544,34488888544,250000000,0,212500000,147569,4722208,147569,4722208,9444416,0,250000000,steady,0,0,steady
fall250-clean,3105,34499999655,34499999655,250000000,0,212500000,147569,4722208,147569,4722208,9444416,0,250000000,steady,0,0,steady
fall250-clean,3106,34511110766,34511110766,250000000,0,212500000,147569,4722208,147569,4722208,9444416,0,250000000,steady,0,0,steady
fall250-clean,3107,34522221877,34522221877,250000000,0,212500000,147569,4722208,147569,4722208,9444416,0,250000000,steady,0,0,steady
fall250-clean,3108,34533332988,34533332988,250000000,0,212500000,147569,4722208,147569,4722208,9444416,0,250000000,steady,0,0,steady
fall250-clean,3109,34544444099,34544444099,250000000,0,212500000,147569,4722208,147569,4722208,9444416,0,250000000,steady,0,0,steady
fall250-clean,3110,34555555210,34555555210,250000000,0,212500000,147569,4722208,147569,4722208,9444416,0,250000000,steady,0,0,steady
fall250-clean,3111,34566666321,34566666321,250000000,0,212500000,147569,4722208,147569,4722208,9444416,0,250000000,steady,0,0,steady
fall250-clean,3112,34577777432,34577777432,250000000,0,212500000,147569,4722208,147569,4722208,9444416,0,250000000,steady,0,0,steady
fall250-clean,3113,34588888543,34588888543,250000000,0,212500000,147569,4722208,147569,4722208,9444416,0,250000000,steady,0,0,steady
fall250-clean,3114,34599999654,34599999654,250000000,0,212500000,147569,4722208,147569,4722208,9444416,0,250000000,steady,0,0,steady
fall250-clean,3115,34611110765,34611110765,250000000,0,212500000,147569,4722208,147569,4722208,9444416,0,250000000,steady,0,0,steady
fall250-clean,3116,34622221876,34622221876,250000000,0,212500000,147569,4722208,147569,4722208,9444416,0,250000000,steady,0,0,steady
fall250-clean,3117,34633332987,34633332987,250000000,0,212500000,147569,4722208,147569,4722208,9444416,0,250000000,steady,0,0,steady
fall250-clean,3118,34644444098,34644444098,250000000,0,212500000,147569,4722208,147569,4722208,9444416,0,250000000,steady,0,0,steady
fall250-clean,3119,34655555209,34655555209,250000000,0,212500000,147569,4722208,147569,4722208,9444416,0,250000000,steady,0,0,steady
fall250-clean,3120,34666666320,34666666320,250000000,0,212500000,147569,4722208,147569,4722208,9444416,0,250000000,steady,0,0,steady
fall250-clean,3121,34677777431,34677777431,250000000,0,212500000,147569,4722208,147569,4722208,9444416,0,250000000,steady,0,0,steady
fall250-clean,3122,34688888542,34688888542,250000000,0,212500000,147569,4722208,147569,4722208,9444416,0,250000000,steady,0,0,steady
fall250-clean,3123,34699999653,34699999653,250000000,0,212500000,147569,4722208,147569,4722208,9444416,0,250000000,steady,0,0,steady
fall250-clean,3124,34711110764,34711110764,250000000,0,212500000,147569,4722208,147569,4722208,9444416,0,250000000,steady,0,0,steady
fall250-clean,3125,34722221875,34722221875,250000000,0,212500000,147569,4722208,147569,4722208,9444416,0,250000000,steady,0,0,steady
fall250-clean,3126,34733332986,34733332986,250000000,0,212500000,147569,4722208,147569,4722208,9444416,0,250000000,steady,0,0,steady
fall250-clean,3127,34744444097,34744444097,250000000,0,212500000,147569,4722208,147569,4722208,9444416,0,250000000,steady,0,0,steady
fall250-clean,3128,34755555208,34755555208,250000000,0,212500000,147569,4722208,147569,4722208,9444416,0,250000000,steady,0,0,steady
fall250-clean,3129,34766666319,34766666319,250000000,0,212500000,147569,4722208,147569,4722208,9444416,0,250000000,steady,0,0,steady
fall250-clean,3130,34777777430,34777777430,250000000,0,212500000,147569,4722208,147569,4722208,9444416,0,250000000,steady,0,0,steady
fall250-clean,3131,34788888541,34788888541,250000000,0,212500000,147569,4722208,147569,4722208,9444416,0,250000000,steady,0,0,steady
fall250-clean,3132,34799999652,34799999652,250000000,0,212500000,147569,4722208,147569,4722208,9444416,0,250000000,steady,0,0,steady
fall250-clean,3133,34811110763,34811110763,250000000,0,212500000,147569,4722208,147569,4722208,9444416,0,250000000,steady,0,0,steady
fall250-clean,3134,34822221874,34822221874,250000000,0,212500000,147569,4722208,147569,4722208,9444416,0,250000000,steady,0,0,steady
fall250-clean,3135,34833332985,34833332985,250000000,0,212500000,147569,4722208,147569,4722208,9444416,0,250000000,steady,0,0,steady
fall250-clean,3136,34844444096,34844444096,250000000,0,212500000,147569,4722208,147569,4722208,9444416,0,250000000,steady,0,0,steady
fall250-clean,3137,34855555207,34855555207,250000000,0,212500000,147569,4722208,147569,4722208,9444416,0,250000000,steady,0,0,steady
fall250-clean,3138,34866666318,34866666318,250000000,0,212500000,147569,4722208,147569,4722208,9444416,0,250000000,steady,0,0,steady
fall250-clean,3139,34877777429,34877777429,250000000,0,212500000,147569,4722208,147569,4722208,9444416,0,250000000,steady,0,0,steady
fall250-clean,3140,34888888540,34888888540,250000000,0,212500000,147569,4722208,147569,4722208,9444416,0,250000000,steady,0,0,steady
fall250-clean,3141,34899999651,34899999651,250000000,0,212500000,147569,4722208,147569,4722208,9444416,0,250000000,steady,0,0,steady
fall250-clean,3142,34911110762,34911110762,250000000,0,212500000,147569,4722208,147569,4722208,9444416,0,250000000,steady,0,0,steady
fall250-clean,3143,34922221873,34922221873,250000000,0,212500000,147569,4722208,147569,4722208,9444416,0,250000000,steady,0,0,steady
fall250-clean,3144,34933332984,34933332984,250000000,0,212500000,147569,4722208,147569,4722208,9444416,0,250000000,steady,0,0,steady
fall250-clean,3145,34944444095,34944444095,250000000,0,212500000,147569,4722208,147569,4722208,9444416,0,250000000,steady,0,0,steady
fall250-clean,3146,34955555206,34955555206,250000000,0,212500000,147569,4722208,147569,4722208,9444416,0,250000000,steady,0,0,steady
fall250-clean,3147,34966666317,34966666317,250000000,0,212500000,147569,4722208,147569,4722208,9444416,0,250000000,steady,0,0,steady
fall250-clean,3148,34977777428,34977777428,250000000,0,212500000,147569,4722208,147569,4722208,9444416,0,250000000,steady,0,0,steady
fall250-clean,3149,34988888539,34988888539,250000000,0,212500000,147569,4722208,147569,4722208,9444416,0,250000000,steady,0,0,steady
fall250-clean,3150,34999999650,34999999650,250000000,0,212500000,147569,4722208,147569,4722208,9444416,0,250000000,steady,0,0,steady
fall250-clean,3151,35011110761,35011110761,250000000,0,212500000,147569,4722208,147569,4722208,9444416,0,250000000,steady,0,0,steady
fall250-clean,3152,35022221872,35022221872,250000000,0,212500000,147569,4722208,147569,4722208,9444416,0,250000000,steady,0,0,steady
fall250-clean,3153,35033332983,35033332983,250000000,0,212500000,147569,4722208,147569,4722208,9444416,0,250000000,steady,0,0,steady
fall250-clean,3154,35044444094,35044444094,250000000,0,212500000,147569,4722208,147569,4722208,9444416,0,250000000,steady,0,0,steady
fall250-clean,3155,35055555205,35055555205,250000000,0,212500000,147569,4722208,147569,4722208,9444416,0,250000000,steady,0,0,steady
fall250-clean,3156,35066666316,35066666316,250000000,0,212500000,147569,4722208,147569,4722208,9444416,0,250000000,steady,0,0,steady
fall250-clean,3157,35077777427,35077777427,250000000,0,212500000,147569,4722208,147569,4722208,9444416,0,250000000,steady,0,0,steady
fall250-clean,3158,35088888538,35088888538,250000000,0,212500000,147569,4722208,147569,4722208,9444416,0,250000000,steady,0,0,steady
fall250-clean,3159,35099999649,35099999649,250000000,0,212500000,147569,4722208,147569,4722208,9444416,0,250000000,steady,0,0,steady
fall250-clean,3160,35111110760,35111110760,250000000,0,212500000,147569,4722208,147569,4722208,9444416,0,250000000,steady,0,0,steady
fall250-clean,3161,35122221871,35122221871,250000000,0,212500000,147569,4722208,147569,4722208,9444416,0,250000000,steady,0,0,steady
fall250-clean,3162,35133332982,35133332982,250000000,0,212500000,147569,4722208,147569,4722208,9444416,0,250000000,steady,0,0,steady
fall250-clean,3163,35144444093,35144444093,250000000,0,212500000,147569,4722208,147569,4722208,9444416,0,250000000,steady,0,0,steady
fall250-clean,3164,35155555204,35155555204,250000000,0,212500000,147569,4722208,147569,4722208,9444416,0,250000000,steady,0,0,steady
fall250-clean,3165,35166666315,35166666315,250000000,0,212500000,147569,4722208,147569,4722208,9444416,0,250000000,steady,0,0,steady
fall250-clean,3166,35177777426,35177777426,250000000,0,212500000,147569,4722208,147569,4722208,9444416,0,250000000,steady,0,0,steady
fall250-clean,3167,35188888537,35188888537,250000000,0,212500000,147569,4722208,147569,4722208,9444416,0,250000000,steady,0,0,steady
fall250-clean,3168,35199999648,35199999648,250000000,0,212500000,147569,4722208,147569,4722208,9444416,0,250000000,steady,0,0,steady
fall250-clean,3169,35211110759,35211110759,250000000,0,212500000,147569,4722208,147569,4722208,9444416,0,250000000,steady,0,0,steady
fall250-clean,3170,35222221870,35222221870,250000000,0,212500000,147569,4722208,147569,4722208,9444416,0,250000000,steady,0,0,steady
fall250-clean,3171,35233332981,35233332981,250000000,0,212500000,147569,4722208,147569,4722208,9444416,0,250000000,steady,0,0,steady
fall250-clean,3172,35244444092,35244444092,250000000,0,212500000,147569,4722208,147569,4722208,9444416,0,250000000,steady,0,0,steady
fall250-clean,3173,35255555203,35255555203,250000000,0,212500000,147569,4722208,147569,4722208,9444416,0,250000000,steady,0,0,steady
fall250-clean,3174,35266666314,35266666314,250000000,0,212500000,147569,4722208,147569,4722208,9444416,0,250000000,steady,0,0,steady
fall250-clean,3175,35277777425,35277777425,250000000,0,212500000,147569,4722208,147569,4722208,9444416,0,250000000,steady,0,0,steady
fall250-clean,3176,35288888536,35288888536,250000000,0,212500000,147569,4722208,147569,4722208,9444416,0,250000000,steady,0,0,steady
fall250-clean,3177,35299999647,35299999647,250000000,0,212500000,147569,4722208,147569,4722208,9444416,0,250000000,steady,0,0,steady
fall250-clean,3178,35311110758,35311110758,250000000,0,212500000,147569,4722208,147569,4722208,9444416,0,250000000,steady,0,0,steady
fall250-clean,3179,35322221869,35322221869,250000000,0,212500000,147569,4722208,147569,4722208,9444416,0,250000000,steady,0,0,steady
fall250-clean,3180,35333332980,35333332980,250000000,0,212500000,147569,4722208,147569,4722208,9444416,0,250000000,steady,0,0,steady
fall250-clean,3181,35344444091,35344444091,250000000,0,212500000,147569,4722208,147569,4722208,9444416,0,250000000,steady,0,0,steady
fall250-clean,3182,35355555202,35355555202,250000000,0,212500000,147569,4722208,147569,4722208,9444416,0,250000000,steady,0,0,steady
fall250-clean,3183,35366666313,35366666313,250000000,0,212500000,147569,4722208,147569,4722208,9444416,0,250000000,steady,0,0,steady
fall250-clean,3184,35377777424,35377777424,250000000,0,212500000,147569,4722208,147569,4722208,9444416,0,250000000,steady,0,0,steady
fall250-clean,3185,35388888535,35388888535,250000000,0,212500000,147569,4722208,147569,4722208,9444416,0,250000000,steady,0,0,steady
fall250-clean,3186,35399999646,35399999646,250000000,0,212500000,147569,4722208,147569,4722208,9444416,0,250000000,steady,0,0,steady
fall250-clean,3187,35411110757,35411110757,250000000,0,212500000,147569,4722208,147569,4722208,9444416,0,250000000,steady,0,0,steady
fall250-clean,3188,35422221868,35422221868,250000000,0,212500000,147569,4722208,147569,4722208,9444416,0,250000000,steady,0,0,steady
fall250-clean,3189,35433332979,35433332979,250000000,0,212500000,147569,4722208,147569,4722208,9444416,0,250000000,steady,0,0,steady
fall250-clean,3190,35444444090,35444444090,250000000,0,212500000,147569,4722208,147569,4722208,9444416,0,250000000,steady,0,0,steady
fall250-clean,3191,35455555201,35455555201,250000000,0,212500000,147569,4722208,147569,4722208,9444416,0,250000000,steady,0,0,steady
fall250-clean,3192,35466666312,35466666312,250000000,0,212500000,147569,4722208,147569,4722208,9444416,0,250000000,steady,0,0,steady
fall250-clean,3193,35477777423,35477777423,250000000,0,212500000,147569,4722208,147569,4722208,9444416,0,250000000,steady,0,0,steady
fall250-clean,3194,35488888534,35488888534,250000000,0,212500000,147569,4722208,147569,4722208,9444416,0,250000000,steady,0,0,steady
fall250-clean,3195,35499999645,35499999645,250000000,0,212500000,147569,4722208,147569,4722208,9444416,0,250000000,steady,0,0,steady
fall250-clean,3196,35511110756,35511110756,250000000,0,212500000,147569,4722208,147569,4722208,9444416,0,250000000,steady,0,0,steady
fall250-clean,3197,35522221867,35522221867,250000000,0,212500000,147569,4722208,147569,4722208,9444416,0,250000000,steady,0,0,steady
fall250-clean,3198,35533332978,35533332978,250000000,0,212500000,147569,4722208,147569,4722208,9444416,0,250000000,steady,0,0,steady
fall250-clean,3199,35544444089,35544444089,250000000,0,212500000,147569,4722208,147569,4722208,9444416,0,250000000,steady,0,0,steady
fall250-clean,3200,35555555200,35555555200,250000000,0,212500000,147569,4722208,147569,4722208,9444416,0,250000000,steady,0,0,steady
fall250-clean,3201,35566666311,35566666311,250000000,0,212500000,147569,4722208,147569,4722208,9444416,0,250000000,steady,0,0,steady
fall250-clean,3202,35577777422,35577777422,250000000,0,212500000,147569,4722208,147569,4722208,9444416,0,250000000,steady,0,0,steady
fall250-clean,3203,35588888533,35588888533,250000000,0,212500000,147569,4722208,147569,4722208,9444416,0,250000000,steady,0,0,steady
fall250-clean,3204,35599999644,35599999644,250000000,0,212500000,147569,4722208,147569,4722208,9444416,0,250000000,steady,0,0,steady
fall250-clean,3205,35611110755,35611110755,250000000,0,212500000,147569,4722208,147569,4722208,9444416,0,250000000,steady,0,0,steady
fall250-clean,3206,35622221866,35622221866,250000000,0,212500000,147569,4722208,147569,4722208,9444416,0,250000000,steady,0,0,steady
fall250-clean,3207,35633332977,35633332977,250000000,0,212500000,147569,4722208,147569,4722208,9444416,0,250000000,steady,0,0,steady
fall250-clean,3208,35644444088,35644444088,250000000,0,212500000,147569,4722208,147569,4722208,9444416,0,250000000,steady,0,0,steady
fall250-clean,3209,35655555199,35655555199,250000000,0,212500000,147569,4722208,147569,4722208,9444416,0,250000000,steady,0,0,steady
fall250-clean,3210,35666666310,35666666310,250000000,0,212500000,147569,4722208,147569,4722208,9444416,0,250000000,steady,0,0,steady
fall250-clean,3211,35677777421,35677777421,250000000,0,212500000,147569,4722208,147569,4722208,9444416,0,250000000,steady,0,0,steady
fall250-clean,3212,35688888532,35688888532,250000000,0,212500000,147569,4722208,147569,4722208,9444416,0,250000000,steady,0,0,steady
fall250-clean,3213,35699999643,35699999643,250000000,0,212500000,147569,4722208,147569,4722208,9444416,0,250000000,steady,0,0,steady
fall250-clean,3214,35711110754,35711110754,250000000,0,212500000,147569,4722208,147569,4722208,9444416,0,250000000,steady,0,0,steady
fall250-clean,3215,35722221865,35722221865,250000000,0,212500000,147569,4722208,147569,4722208,9444416,0,250000000,steady,0,0,steady
fall250-clean,3216,35733332976,35733332976,250000000,0,212500000,147569,4722208,147569,4722208,9444416,0,250000000,steady,0,0,steady
fall250-clean,3217,35744444087,35744444087,250000000,0,212500000,147569,4722208,147569,4722208,9444416,0,250000000,steady,0,0,steady
fall250-clean,3218,35755555198,35755555198,250000000,0,212500000,147569,4722208,147569,4722208,9444416,0,250000000,steady,0,0,steady
fall250-clean,3219,35766666309,35766666309,250000000,0,212500000,147569,4722208,147569,4722208,9444416,0,250000000,steady,0,0,steady
fall250-clean,3220,35777777420,35777777420,250000000,0,212500000,147569,4722208,147569,4722208,9444416,0,250000000,steady,0,0,steady
fall250-clean,3221,35788888531,35788888531,250000000,0,212500000,147569,4722208,147569,4722208,9444416,0,250000000,steady,0,0,steady
fall250-clean,3222,35799999642,35799999642,250000000,0,212500000,147569,4722208,147569,4722208,9444416,0,250000000,steady,0,0,steady
fall250-clean,3223,35811110753,35811110753,250000000,0,212500000,147569,4722208,147569,4722208,9444416,0,250000000,steady,0,0,steady
fall250-clean,3224,35822221864,35822221864,250000000,0,212500000,147569,4722208,147569,4722208,9444416,0,250000000,steady,0,0,steady
fall250-clean,3225,35833332975,35833332975,250000000,0,212500000,147569,4722208,147569,4722208,9444416,0,250000000,steady,0,0,steady
fall250-clean,3226,35844444086,35844444086,250000000,0,212500000,147569,4722208,147569,4722208,9444416,0,250000000,steady,0,0,steady
fall250-clean,3227,35855555197,35855555197,250000000,0,212500000,147569,4722208,147569,4722208,9444416,0,250000000,steady,0,0,steady
fall250-clean,3228,35866666308,35866666308,250000000,0,212500000,147569,4722208,147569,4722208,9444416,0,250000000,steady,0,0,steady
fall250-clean,3229,35877777419,35877777419,250000000,0,212500000,147569,4722208,147569,4722208,9444416,0,250000000,steady,0,0,steady
fall250-clean,3230,35888888530,35888888530,250000000,0,212500000,147569,4722208,147569,4722208,9444416,0,250000000,steady,0,0,steady
fall250-clean,3231,35899999641,35899999641,250000000,0,212500000,147569,4722208,147569,4722208,9444416,0,250000000,steady,0,0,steady
fall250-clean,3232,35911110752,35911110752,250000000,0,212500000,147569,4722208,147569,4722208,9444416,0,250000000,steady,0,0,steady
fall250-clean,3233,35922221863,35922221863,250000000,0,212500000,147569,4722208,147569,4722208,9444416,0,250000000,steady,0,0,steady
fall250-clean,3234,35933332974,35933332974,250000000,0,212500000,147569,4722208,147569,4722208,9444416,0,250000000,steady,0,0,steady
fall250-clean,3235,35944444085,35944444085,250000000,0,212500000,147569,4722208,147569,4722208,9444416,0,250000000,steady,0,0,steady
fall250-clean,3236,35955555196,35955555196,250000000,0,212500000,147569,4722208,147569,4722208,9444416,0,250000000,steady,0,0,steady
fall250-clean,3237,35966666307,35966666307,250000000,0,212500000,147569,4722208,147569,4722208,9444416,0,250000000,steady,0,0,steady
fall250-clean,3238,35977777418,35977777418,250000000,0,212500000,147569,4722208,147569,4722208,9444416,0,250000000,steady,0,0,steady
fall250-clean,3239,35988888529,35988888529,250000000,0,212500000,147569,4722208,147569,4722208,9444416,0,250000000,steady,0,0,steady
fall250-clean,3240,35999999640,35999999640,250000000,0,212500000,147569,4722208,147569,4722208,9444416,0,250000000,steady,0,0,steady
fall250-clean,3241,36011110751,36011110751,250000000,0,212500000,147569,4722208,147569,4722208,9444416,0,250000000,steady,0,0,steady
fall250-clean,3242,36022221862,36022221862,250000000,0,212500000,147569,4722208,147569,4722208,9444416,0,250000000,steady,0,0,steady
fall250-clean,3243,36033332973,36033332973,250000000,0,212500000,147569,4722208,147569,4722208,9444416,0,250000000,steady,0,0,steady
fall250-clean,3244,36044444084,36044444084,250000000,0,212500000,147569,4722208,147569,4722208,9444416,0,250000000,steady,0,0,steady
fall250-clean,3245,36055555195,36055555195,250000000,0,212500000,147569,4722208,147569,4722208,9444416,0,250000000,steady,0,0,steady
fall250-clean,3246,36066666306,36066666306,250000000,0,212500000,147569,4722208,147569,4722208,9444416,0,250000000,steady,0,0,steady
fall250-clean,3247,36077777417,36077777417,250000000,0,212500000,147569,4722208,147569,4722208,9444416,0,250000000,steady,0,0,steady
fall250-clean,3248,36088888528,36088888528,250000000,0,212500000,147569,4722208,147569,4722208,9444416,0,250000000,steady,0,0,steady
fall250-clean,3249,36099999639,36099999639,250000000,0,212500000,147569,4722208,147569,4722208,9444416,0,250000000,steady,0,0,steady
fall250-clean,3250,36111110750,36111110750,250000000,0,212500000,147569,4722208,147569,4722208,9444416,0,250000000,steady,0,0,steady
fall250-clean,3251,36122221861,36122221861,250000000,0,212500000,147569,4722208,147569,4722208,9444416,0,250000000,steady,0,0,steady
fall250-clean,3252,36133332972,36133332972,250000000,0,212500000,147569,4722208,147569,4722208,9444416,0,250000000,steady,0,0,steady
fall250-clean,3253,36144444083,36144444083,250000000,0,212500000,147569,4722208,147569,4722208,9444416,0,250000000,steady,0,0,steady
fall250-clean,3254,36155555194,36155555194,250000000,0,212500000,147569,4722208,147569,4722208,9444416,0,250000000,steady,0,0,steady
fall250-clean,3255,36166666305,36166666305,250000000,0,212500000,147569,4722208,147569,4722208,9444416,0,250000000,steady,0,0,steady
fall250-clean,3256,36177777416,36177777416,250000000,0,212500000,147569,4722208,147569,4722208,9444416,0,250000000,steady,0,0,steady
fall250-clean,3257,36188888527,36188888527,250000000,0,212500000,147569,4722208,147569,4722208,9444416,0,250000000,steady,0,0,steady
fall250-clean,3258,36199999638,36199999638,250000000,0,212500000,147569,4722208,147569,4722208,9444416,0,250000000,steady,0,0,steady
fall250-clean,3259,36211110749,36211110749,250000000,0,212500000,147569,4722208,147569,4722208,9444416,0,250000000,steady,0,0,steady
fall250-clean,3260,36222221860,36222221860,250000000,0,212500000,147569,4722208,147569,4722208,9444416,0,250000000,steady,0,0,steady
fall250-clean,3261,36233332971,36233332971,250000000,0,212500000,147569,4722208,147569,4722208,9444416,0,250000000,steady,0,0,steady
fall250-clean,3262,36244444082,36244444082,250000000,0,212500000,147569,4722208,147569,4722208,9444416,0,250000000,steady,0,0,steady
fall250-clean,3263,36255555193,36255555193,250000000,0,212500000,147569,4722208,147569,4722208,9444416,0,250000000,steady,0,0,steady
fall250-clean,3264,36266666304,36266666304,250000000,0,212500000,147569,4722208,147569,4722208,9444416,0,250000000,steady,0,0,steady
fall250-clean,3265,36277777415,36277777415,250000000,0,212500000,147569,4722208,147569,4722208,9444416,0,250000000,steady,0,0,steady
fall250-clean,3266,36288888526,36288888526,250000000,0,212500000,147569,4722208,147569,4722208,9444416,0,250000000,steady,0,0,steady
fall250-clean,3267,36299999637,36299999637,250000000,0,212500000,147569,4722208,147569,4722208,9444416,0,250000000,steady,0,0,steady
fall250-clean,3268,36311110748,36311110748,250000000,0,212500000,147569,4722208,147569,4722208,9444416,0,250000000,steady,0,0,steady
fall250-clean,3269,36322221859,36322221859,250000000,0,212500000,147569,4722208,147569,4722208,9444416,0,250000000,steady,0,0,steady
fall250-clean,3270,36333332970,36333332970,250000000,0,212500000,147569,4722208,147569,4722208,9444416,0,250000000,steady,0,0,steady
fall250-clean,3271,36344444081,36344444081,250000000,0,212500000,147569,4722208,147569,4722208,9444416,0,250000000,steady,0,0,steady
fall250-clean,3272,36355555192,36355555192,250000000,0,212500000,147569,4722208,147569,4722208,9444416,0,250000000,steady,0,0,steady
fall250-clean,3273,36366666303,36366666303,250000000,0,212500000,147569,4722208,147569,4722208,9444416,0,250000000,steady,0,0,steady
fall250-clean,3274,36377777414,36377777414,250000000,0,212500000,147569,4722208,147569,4722208,9444416,0,250000000,steady,0,0,steady
fall250-clean,3275,36388888525,36388888525,250000000,0,212500000,147569,4722208,147569,4722208,9444416,0,250000000,steady,0,0,steady
fall250-clean,3276,36399999636,36399999636,250000000,0,212500000,147569,4722208,147569,4722208,9444416,0,250000000,steady,0,0,steady
fall250-clean,3277,36411110747,36411110747,250000000,0,212500000,147569,4722208,147569,4722208,9444416,0,250000000,steady,0,0,steady
fall250-clean,3278,36422221858,36422221858,250000000,0,212500000,147569,4722208,147569,4722208,9444416,0,250000000,steady,0,0,steady
fall250-clean,3279,36433332969,36433332969,250000000,0,212500000,147569,4722208,147569,4722208,9444416,0,250000000,steady,0,0,steady
fall250-clean,3280,36444444080,36444444080,250000000,0,212500000,147569,4722208,147569,4722208,9444416,0,250000000,steady,0,0,steady
fall250-clean,3281,36455555191,36455555191,250000000,0,212500000,147569,4722208,147569,4722208,9444416,0,250000000,steady,0,0,steady
fall250-clean,3282,36466666302,36466666302,250000000,0,212500000,147569,4722208,147569,4722208,9444416,0,250000000,steady,0,0,steady
fall250-clean,3283,36477777413,36477777413,250000000,0,212500000,147569,4722208,147569,4722208,9444416,0,250000000,steady,0,0,steady
fall250-clean,3284,36488888524,36488888524,250000000,0,212500000,147569,4722208,147569,4722208,9444416,0,250000000,steady,0,0,steady
fall250-clean,3285,36499999635,36499999635,250000000,0,212500000,147569,4722208,147569,4722208,9444416,0,250000000,steady,0,0,steady
fall250-clean,3286,36511110746,36511110746,250000000,0,212500000,147569,4722208,147569,4722208,9444416,0,250000000,steady,0,0,steady
fall250-clean,3287,36522221857,36522221857,250000000,0,212500000,147569,4722208,147569,4722208,9444416,0,250000000,steady,0,0,steady
fall250-clean,3288,36533332968,36533332968,250000000,0,212500000,147569,4722208,147569,4722208,9444416,0,250000000,steady,0,0,steady
fall250-clean,3289,36544444079,36544444079,250000000,0,212500000,147569,4722208,147569,4722208,9444416,0,250000000,steady,0,0,steady
fall250-clean,3290,36555555190,36555555190,250000000,0,212500000,147569,4722208,147569,4722208,9444416,0,250000000,steady,0,0,steady
fall250-clean,3291,36566666301,36566666301,250000000,0,212500000,147569,4722208,147569,4722208,9444416,0,250000000,steady,0,0,steady
fall250-clean,3292,36577777412,36577777412,250000000,0,212500000,147569,4722208,147569,4722208,9444416,0,250000000,steady,0,0,steady
fall250-clean,3293,36588888523,36588888523,250000000,0,212500000,147569,4722208,147569,4722208,9444416,0,250000000,steady,0,0,steady
fall250-clean,3294,36599999634,36599999634,250000000,0,212500000,147569,4722208,147569,4722208,9444416,0,250000000,steady,0,0,steady
fall250-clean,3295,36611110745,36611110745,250000000,0,212500000,147569,4722208,147569,4722208,9444416,0,250000000,steady,0,0,steady
fall250-clean,3296,36622221856,36622221856,250000000,0,212500000,147569,4722208,147569,4722208,9444416,0,250000000,steady,0,0,steady
fall250-clean,3297,36633332967,36633332967,250000000,0,212500000,147569,4722208,147569,4722208,9444416,0,250000000,steady,0,0,steady
fall250-clean,3298,36644444078,36644444078,250000000,0,212500000,147569,4722208,147569,4722208,9444416,0,250000000,steady,0,0,steady
fall250-clean,3299,36655555189,36655555189,250000000,0,212500000,147569,4722208,147569,4722208,9444416,0,250000000,steady,0,0,steady
fall250-clean,3300,36666666300,36666666300,250000000,0,212500000,147569,4722208,147569,4722208,9444416,0,250000000,steady,0,0,steady
fall250-clean,3301,36677777411,36677777411,250000000,0,212500000,147569,4722208,147569,4722208,9444416,0,250000000,steady,0,0,steady
fall250-clean,3302,36688888522,36688888522,250000000,0,212500000,147569,4722208,147569,4722208,9444416,0,250000000,steady,0,0,steady
fall250-clean,3303,36699999633,36699999633,250000000,0,212500000,147569,4722208,147569,4722208,9444416,0,250000000,steady,0,0,steady
fall250-clean,3304,36711110744,36711110744,250000000,0,212500000,147569,4722208,147569,4722208,9444416,0,250000000,steady,0,0,steady
fall250-clean,3305,36722221855,36722221855,250000000,0,212500000,147569,4722208,147569,4722208,9444416,0,250000000,steady,0,0,steady
fall250-clean,3306,36733332966,36733332966,250000000,0,212500000,147569,4722208,147569,4722208,9444416,0,250000000,steady,0,0,steady
fall250-clean,3307,36744444077,36744444077,250000000,0,212500000,147569,4722208,147569,4722208,9444416,0,250000000,steady,0,0,steady
fall250-clean,3308,36755555188,36755555188,250000000,0,212500000,147569,4722208,147569,4722208,9444416,0,250000000,steady,0,0,steady
fall250-clean,3309,36766666299,36766666299,250000000,0,212500000,147569,4722208,147569,4722208,9444416,0,250000000,steady,0,0,steady
fall250-clean,3310,36777777410,36777777410,250000000,0,212500000,147569,4722208,147569,4722208,9444416,0,250000000,steady,0,0,steady
fall250-clean,3311,36788888521,36788888521,250000000,0,212500000,147569,4722208,147569,4722208,9444416,0,250000000,steady,0,0,steady
fall250-clean,3312,36799999632,36799999632,250000000,0,212500000,147569,4722208,147569,4722208,9444416,0,250000000,steady,0,0,steady
fall250-clean,3313,36811110743,36811110743,250000000,0,212500000,147569,4722208,147569,4722208,9444416,0,250000000,steady,0,0,steady
fall250-clean,3314,36822221854,36822221854,250000000,0,212500000,147569,4722208,147569,4722208,9444416,0,250000000,steady,0,0,steady
fall250-clean,3315,36833332965,36833332965,250000000,0,212500000,147569,4722208,147569,4722208,9444416,0,250000000,steady,0,0,steady
fall250-clean,3316,36844444076,36844444076,250000000,0,212500000,147569,4722208,147569,4722208,9444416,0,250000000,steady,0,0,steady
fall250-clean,3317,36855555187,36855555187,250000000,0,212500000,147569,4722208,147569,4722208,9444416,0,250000000,steady,0,0,steady
fall250-clean,3318,36866666298,36866666298,250000000,0,212500000,147569,4722208,147569,4722208,9444416,0,250000000,steady,0,0,steady
fall250-clean,3319,36877777409,36877777409,250000000,0,212500000,147569,4722208,147569,4722208,9444416,0,250000000,steady,0,0,steady
fall250-clean,3320,36888888520,36888888520,250000000,0,212500000,147569,4722208,147569,4722208,9444416,0,250000000,steady,0,0,steady
fall250-clean,3321,36899999631,36899999631,250000000,0,212500000,147569,4722208,147569,4722208,9444416,0,250000000,steady,0,0,steady
fall250-clean,3322,36911110742,36911110742,250000000,0,212500000,147569,4722208,147569,4722208,9444416,0,250000000,steady,0,0,steady
fall250-clean,3323,36922221853,36922221853,250000000,0,212500000,147569,4722208,147569,4722208,9444416,0,250000000,steady,0,0,steady
fall250-clean,3324,36933332964,36933332964,250000000,0,212500000,147569,4722208,147569,4722208,9444416,0,250000000,steady,0,0,steady
fall250-clean,3325,36944444075,36944444075,250000000,0,212500000,147569,4722208,147569,4722208,9444416,0,250000000,steady,0,0,steady
fall250-clean,3326,36955555186,36955555186,250000000,0,212500000,147569,4722208,147569,4722208,9444416,0,250000000,steady,0,0,steady
fall250-clean,3327,36966666297,36966666297,250000000,0,212500000,147569,4722208,147569,4722208,9444416,0,250000000,steady,0,0,steady
fall250-clean,3328,36977777408,36977777408,250000000,0,212500000,147569,4722208,147569,4722208,9444416,0,250000000,steady,0,0,steady
fall250-clean,3329,36988888519,36988888519,250000000,0,212500000,147569,4722208,147569,4722208,9444416,0,250000000,steady,0,0,steady
fall250-clean,3330,36999999630,36999999630,250000000,0,212500000,147569,4722208,147569,4722208,9444416,0,250000000,steady,0,0,steady
fall250-clean,3331,37011110741,37011110741,250000000,0,212500000,147569,4722208,147569,4722208,9444416,0,250000000,steady,0,0,steady
fall250-clean,3332,37022221852,37022221852,250000000,0,212500000,147569,4722208,147569,4722208,9444416,0,250000000,steady,0,0,steady
fall250-clean,3333,37033332963,37033332963,250000000,0,212500000,147569,4722208,147569,4722208,9444416,0,250000000,steady,0,0,steady
fall250-clean,3334,37044444074,37044444074,250000000,0,212500000,147569,4722208,147569,4722208,9444416,0,250000000,steady,0,0,steady
fall250-clean,3335,37055555185,37055555185,250000000,0,212500000,147569,4722208,147569,4722208,9444416,0,250000000,steady,0,0,steady
fall250-clean,3336,37066666296,37066666296,250000000,0,212500000,147569,4722208,147569,4722208,9444416,0,250000000,steady,0,0,steady
fall250-clean,3337,37077777407,37077777407,250000000,0,212500000,147569,4722208,147569,4722208,9444416,0,250000000,steady,0,0,steady
fall250-clean,3338,37088888518,37088888518,250000000,0,212500000,147569,4722208,147569,4722208,9444416,0,250000000,steady,0,0,steady
fall250-clean,3339,37099999629,37099999629,250000000,0,212500000,147569,4722208,147569,4722208,9444416,0,250000000,steady,0,0,steady
fall250-clean,3340,37111110740,37111110740,250000000,0,212500000,147569,4722208,147569,4722208,9444416,0,250000000,steady,0,0,steady
fall250-clean,3341,37122221851,37122221851,250000000,0,212500000,147569,4722208,147569,4722208,9444416,0,250000000,steady,0,0,steady
fall250-clean,3342,37133332962,37133332962,250000000,0,212500000,147569,4722208,147569,4722208,9444416,0,250000000,steady,0,0,steady
fall250-clean,3343,37144444073,37144444073,250000000,0,212500000,147569,4722208,147569,4722208,9444416,0,250000000,steady,0,0,steady
fall250-clean,3344,37155555184,37155555184,250000000,0,212500000,147569,4722208,147569,4722208,9444416,0,250000000,steady,0,0,steady
fall250-clean,3345,37166666295,37166666295,250000000,0,212500000,147569,4722208,147569,4722208,9444416,0,250000000,steady,0,0,steady
fall250-clean,3346,37177777406,37177777406,250000000,0,212500000,147569,4722208,147569,4722208,9444416,0,250000000,steady,0,0,steady
fall250-clean,3347,37188888517,37188888517,250000000,0,212500000,147569,4722208,147569,4722208,9444416,0,250000000,steady,0,0,steady
fall250-clean,3348,37199999628,37199999628,250000000,0,212500000,147569,4722208,147569,4722208,9444416,0,250000000,steady,0,0,steady
fall250-clean,3349,37211110739,37211110739,250000000,0,212500000,147569,4722208,147569,4722208,9444416,0,250000000,steady,0,0,steady
fall250-clean,3350,37222221850,37222221850,250000000,0,212500000,147569,4722208,147569,4722208,9444416,0,250000000,steady,0,0,steady
fall250-clean,3351,37233332961,37233332961,250000000,0,212500000,147569,4722208,147569,4722208,9444416,0,250000000,steady,0,0,steady
fall250-clean,3352,37244444072,37244444072,250000000,0,212500000,147569,4722208,147569,4722208,9444416,0,250000000,steady,0,0,steady
fall250-clean,3353,37255555183,37255555183,250000000,0,212500000,147569,4722208,147569,4722208,9444416,0,250000000,steady,0,0,steady
fall250-clean,3354,37266666294,37266666294,250000000,0,212500000,147569,4722208,147569,4722208,9444416,0,250000000,steady,0,0,steady
fall250-clean,3355,37277777405,37277777405,250000000,0,212500000,147569,4722208,147569,4722208,9444416,0,250000000,steady,0,0,steady
fall250-clean,3356,37288888516,37288888516,250000000,0,212500000,147569,4722208,147569,4722208,9444416,0,250000000,steady,0,0,steady
fall250-clean,3357,37299999627,37299999627,250000000,0,212500000,147569,4722208,147569,4722208,9444416,0,250000000,steady,0,0,steady
fall250-clean,3358,37311110738,37311110738,250000000,0,212500000,147569,4722208,147569,4722208,9444416,0,250000000,steady,0,0,steady
fall250-clean,3359,37322221849,37322221849,250000000,0,212500000,147569,4722208,147569,4722208,9444416,0,250000000,steady,0,0,steady
fall250-clean,3360,37333332960,37333332960,250000000,0,212500000,147569,4722208,147569,4722208,9444416,0,250000000,steady,0,0,steady
fall250-clean,3361,37344444071,37344444071,250000000,0,212500000,147569,4722208,147569,4722208,9444416,0,250000000,steady,0,0,steady
fall250-clean,3362,37355555182,37355555182,250000000,0,212500000,147569,4722208,147569,4722208,9444416,0,250000000,steady,0,0,steady
fall250-clean,3363,37366666293,37366666293,250000000,0,212500000,147569,4722208,147569,4722208,9444416,0,250000000,steady,0,0,steady
fall250-clean,3364,37377777404,37377777404,250000000,0,212500000,147569,4722208,147569,4722208,9444416,0,250000000,steady,0,0,steady
fall250-clean,3365,37388888515,37388888515,250000000,0,212500000,147569,4722208,147569,4722208,9444416,0,250000000,steady,0,0,steady
fall250-clean,3366,37399999626,37399999626,250000000,0,212500000,147569,4722208,147569,4722208,9444416,0,250000000,steady,0,0,steady
fall250-clean,3367,37411110737,37411110737,250000000,0,212500000,147569,4722208,147569,4722208,9444416,0,250000000,steady,0,0,steady
fall250-clean,3368,37422221848,37422221848,250000000,0,212500000,147569,4722208,147569,4722208,9444416,0,250000000,steady,0,0,steady
fall250-clean,3369,37433332959,37433332959,250000000,0,212500000,147569,4722208,147569,4722208,9444416,0,250000000,steady,0,0,steady
fall250-clean,3370,37444444070,37444444070,250000000,0,212500000,147569,4722208,147569,4722208,9444416,0,250000000,steady,0,0,steady
fall250-clean,3371,37455555181,37455555181,250000000,0,212500000,147569,4722208,147569,4722208,9444416,0,250000000,steady,0,0,steady
fall250-clean,3372,37466666292,37466666292,250000000,0,212500000,147569,4722208,147569,4722208,9444416,0,250000000,steady,0,0,steady
fall250-clean,3373,37477777403,37477777403,250000000,0,212500000,147569,4722208,147569,4722208,9444416,0,250000000,steady,0,0,steady
fall250-clean,3374,37488888514,37488888514,250000000,0,212500000,147569,4722208,147569,4722208,9444416,0,250000000,steady,0,0,steady
fall250-clean,3375,37499999625,37499999625,250000000,0,212500000,147569,4722208,147569,4722208,9444416,0,250000000,steady,0,0,steady
fall250-clean,3376,37511110736,37511110736,250000000,0,212500000,147569,4722208,147569,4722208,9444416,0,250000000,steady,0,0,steady
fall250-clean,3377,37522221847,37522221847,250000000,0,212500000,147569,4722208,147569,4722208,9444416,0,250000000,steady,0,0,steady
fall250-clean,3378,37533332958,37533332958,250000000,0,212500000,147569,4722208,147569,4722208,9444416,0,250000000,steady,0,0,steady
fall250-clean,3379,37544444069,37544444069,250000000,0,212500000,147569,4722208,147569,4722208,9444416,0,250000000,steady,0,0,steady
fall250-clean,3380,37555555180,37555555180,250000000,0,212500000,147569,4722208,147569,4722208,9444416,0,250000000,steady,0,0,steady
fall250-clean,3381,37566666291,37566666291,250000000,0,212500000,147569,4722208,147569,4722208,9444416,0,250000000,steady,0,0,steady
fall250-clean,3382,37577777402,37577777402,250000000,0,212500000,147569,4722208,147569,4722208,9444416,0,250000000,steady,0,0,steady
fall250-clean,3383,37588888513,37588888513,250000000,0,212500000,147569,4722208,147569,4722208,9444416,0,250000000,steady,0,0,steady
fall250-clean,3384,37599999624,37599999624,250000000,0,212500000,147569,4722208,147569,4722208,9444416,0,250000000,steady,0,0,steady
fall250-clean,3385,37611110735,37611110735,250000000,0,212500000,147569,4722208,147569,4722208,9444416,0,250000000,steady,0,0,steady
fall250-clean,3386,37622221846,37622221846,250000000,0,212500000,147569,4722208,147569,4722208,9444416,0,250000000,steady,0,0,steady
fall250-clean,3387,37633332957,37633332957,250000000,0,212500000,147569,4722208,147569,4722208,9444416,0,250000000,steady,0,0,steady
fall250-clean,3388,37644444068,37644444068,250000000,0,212500000,147569,4722208,147569,4722208,9444416,0,250000000,steady,0,0,steady
fall250-clean,3389,37655555179,37655555179,250000000,0,212500000,147569,4722208,147569,4722208,9444416,0,250000000,steady,0,0,steady
fall250-clean,3390,37666666290,37666666290,250000000,0,212500000,147569,4722208,147569,4722208,9444416,0,250000000,steady,0,0,steady
fall250-clean,3391,37677777401,37677777401,250000000,0,212500000,147569,4722208,147569,4722208,9444416,0,250000000,steady,0,0,steady
fall250-clean,3392,37688888512,37688888512,250000000,0,212500000,147569,4722208,147569,4722208,9444416,0,250000000,steady,0,0,steady
fall250-clean,3393,37699999623,37699999623,250000000,0,212500000,147569,4722208,147569,4722208,9444416,0,250000000,steady,0,0,steady
fall250-clean,3394,37711110734,37711110734,250000000,0,212500000,147569,4722208,147569,4722208,9444416,0,250000000,steady,0,0,steady
fall250-clean,3395,37722221845,37722221845,250000000,0,212500000,147569,4722208,147569,4722208,9444416,0,250000000,steady,0,0,steady
fall250-clean,3396,37733332956,37733332956,250000000,0,212500000,147569,4722208,147569,4722208,9444416,0,250000000,steady,0,0,steady
fall250-clean,3397,37744444067,37744444067,250000000,0,212500000,147569,4722208,147569,4722208,9444416,0,250000000,steady,0,0,steady
fall250-clean,3398,37755555178,37755555178,250000000,0,212500000,147569,4722208,147569,4722208,9444416,0,250000000,steady,0,0,steady
fall250-clean,3399,37766666289,37766666289,250000000,0,212500000,147569,4722208,147569,4722208,9444416,0,250000000,steady,0,0,steady
fall250-clean,3400,37777777400,37777777400,250000000,0,212500000,147569,4722208,147569,4722208,9444416,0,250000000,steady,0,0,steady
fall250-clean,3401,37788888511,37788888511,250000000,0,212500000,147569,4722208,147569,4722208,9444416,0,250000000,steady,0,0,steady
fall250-clean,3402,37799999622,37799999622,250000000,0,212500000,147569,4722208,147569,4722208,9444416,0,250000000,steady,0,0,steady
fall250-clean,3403,37811110733,37811110733,250000000,0,212500000,147569,4722208,147569,4722208,9444416,0,250000000,steady,0,0,steady
fall250-clean,3404,37822221844,37822221844,250000000,0,212500000,147569,4722208,147569,4722208,9444416,0,250000000,steady,0,0,steady
fall250-clean,3405,37833332955,37833332955,250000000,0,212500000,147569,4722208,147569,4722208,9444416,0,250000000,steady,0,0,steady
fall250-clean,3406,37844444066,37844444066,250000000,0,212500000,147569,4722208,147569,4722208,9444416,0,250000000,steady,0,0,steady
fall250-clean,3407,37855555177,37855555177,250000000,0,212500000,147569,4722208,147569,4722208,9444416,0,250000000,steady,0,0,steady
fall250-clean,3408,37866666288,37866666288,250000000,0,212500000,147569,4722208,147569,4722208,9444416,0,250000000,steady,0,0,steady
fall250-clean,3409,37877777399,37877777399,250000000,0,212500000,147569,4722208,147569,4722208,9444416,0,250000000,steady,0,0,steady
fall250-clean,3410,37888888510,37888888510,250000000,0,212500000,147569,4722208,147569,4722208,9444416,0,250000000,steady,0,0,steady
fall250-clean,3411,37899999621,37899999621,250000000,0,212500000,147569,4722208,147569,4722208,9444416,0,250000000,steady,0,0,steady
fall250-clean,3412,37911110732,37911110732,250000000,0,212500000,147569,4722208,147569,4722208,9444416,0,250000000,steady,0,0,steady
fall250-clean,3413,37922221843,37922221843,250000000,0,212500000,147569,4722208,147569,4722208,9444416,0,250000000,steady,0,0,steady
fall250-clean,3414,37933332954,37933332954,250000000,0,212500000,147569,4722208,147569,4722208,9444416,0,250000000,steady,0,0,steady
fall250-clean,3415,37944444065,37944444065,250000000,0,212500000,147569,4722208,147569,4722208,9444416,0,250000000,steady,0,0,steady
fall250-clean,3416,37955555176,37955555176,250000000,0,212500000,147569,4722208,147569,4722208,9444416,0,250000000,steady,0,0,steady
fall250-clean,3417,37966666287,37966666287,250000000,0,212500000,147569,4722208,147569,4722208,9444416,0,250000000,steady,0,0,steady
fall250-clean,3418,37977777398,37977777398,250000000,0,212500000,147569,4722208,147569,4722208,9444416,0,250000000,steady,0,0,steady
fall250-clean,3419,37988888509,37988888509,250000000,0,212500000,147569,4722208,147569,4722208,9444416,0,250000000,steady,0,0,steady
fall250-clean,3420,37999999620,37999999620,250000000,0,212500000,147569,4722208,147569,4722208,9444416,0,250000000,steady,0,0,steady
fall250-clean,3421,38011110731,38011110731,250000000,0,212500000,147569,4722208,147569,4722208,9444416,0,250000000,steady,0,0,steady
fall250-clean,3422,38022221842,38022221842,250000000,0,212500000,147569,4722208,147569,4722208,9444416,0,250000000,probe,1,0,steady
fall250-clean,3423,38033332953,38033332953,250000000,0,275000000,190972,6111104,190972,6111104,12222208,0,250000000,probe,0,0,probe
fall250-clean,3424,38044444064,38045555161,250000000,0,275000000,190972,6111104,190972,6111104,12222208,1111097,250000000,probe,0,0,probe
fall250-clean,3425,38055555175,38057777369,250000000,0,275000000,190972,6111104,190972,6111104,12222208,2222194,250000000,probe,0,0,probe
fall250-clean,3426,38066666286,38069999577,250000000,0,275000000,190972,6111104,190972,6111104,12222208,3333291,250000000,probe,0,0,probe
fall250-clean,3427,38077777397,38082221785,250000000,0,275000000,190972,6111104,190972,6111104,12222208,4444388,250000000,probe,0,0,probe
fall250-clean,3428,38088888508,38094443993,250000000,0,275000000,190972,6111104,190972,6111104,12222208,5555485,250000000,probe,0,0,probe
fall250-clean,3429,38099999619,38106666201,250000000,0,275000000,190972,6111104,190972,6111104,12222208,6666582,250000000,probe,0,0,probe
fall250-clean,3430,38111110730,38118888409,250000000,0,275000000,190972,6111104,190972,6111104,12222208,7777679,250000000,probe,0,0,probe
fall250-clean,3431,38122221841,38131110617,250000000,0,275000000,190972,6111104,190972,6111104,12222208,8888776,250000000,probe,0,0,probe
fall250-clean,3432,38133332952,38143332825,250000000,0,275000000,190972,6111104,190972,6111104,12222208,9999873,250000000,probe,0,0,probe
fall250-clean,3433,38144444063,38155555033,250000000,0,275000000,190972,6111104,190972,6111104,12222208,11110970,250000000,probe,0,0,probe
fall250-clean,3434,38155555174,38167777241,250000000,0,275000000,190972,6111104,190972,6111104,12222208,12222067,250000000,probe,0,0,probe
fall250-clean,3435,38166666285,38179999449,250000000,0,275000000,190972,6111104,190972,6111104,12222208,13333164,250000000,probe,0,0,probe
fall250-clean,3436,38177777396,38192221657,250000000,0,275000000,190972,6111104,190972,6111104,12222208,14444261,250000000,probe,0,0,probe
fall250-clean,3437,38188888507,38204443865,250000000,0,275000000,190972,6111104,190972,6111104,12222208,15555358,250000000,probe,0,0,probe
fall250-clean,3438,38199999618,38216666073,250000000,0,275000000,190972,6111104,190972,6111104,12222208,16666455,250000000,probe,0,0,probe
fall250-clean,3439,38211110729,38228888281,250000000,0,275000000,190972,6111104,190972,6111104,12222208,17777552,250000000,probe,0,0,probe
fall250-clean,3440,38222221840,38241110489,250000000,0,275000000,190972,6111104,190972,6111104,12222208,18888649,250000000,probe,0,0,probe
fall250-clean,3441,38233332951,38253332697,250000000,0,275000000,190972,6111104,190972,6111104,12222208,19999746,250000000,probe,0,0,probe
fall250-clean,3442,38244444062,38265554905,250000000,0,275000000,190972,6111104,190972,6111104,12222208,21110843,250000000,probe,0,0,probe
fall250-clean,3443,38255555173,38277777113,250000000,0,275000000,190972,6111104,190972,6111104,12222208,22221940,250000000,probe,0,0,probe
fall250-clean,3444,38266666284,38289999321,250000000,0,275000000,190972,6111104,190972,6111104,12222208,23333037,250000000,probe,0,0,probe
fall250-clean,3445,38277777395,38302221529,250000000,0,275000000,190972,6111104,190972,6111104,12222208,24444134,250000000,probe,0,0,probe
fall250-clean,3446,38288888506,38314443737,250000000,0,275000000,190972,6111104,190972,6111104,12222208,25555231,250000000,probe,0,0,probe
fall250-clean,3447,38299999617,38326665945,250000000,0,275000000,190972,6111104,190972,6111104,12222208,26666328,250000000,probe,0,0,probe
fall250-clean,3448,38311110728,38338888153,250000000,0,275000000,190972,6111104,190972,6111104,12222208,27777425,250000000,probe,0,0,probe
fall250-clean,3449,38322221839,38351110361,250000000,0,275000000,190972,6111104,190972,6111104,12222208,28888522,250000000,probe,0,0,probe
fall250-clean,3450,38333332950,38363332569,250000000,0,275000000,190972,6111104,190972,6111104,12222208,29999619,250000000,probe,0,0,probe
fall250-clean,3451,38344444061,38375554777,250000000,0,275000000,190972,6111104,190972,6111104,12222208,31110716,250000000,probe,0,0,probe
fall250-clean,3452,38355555172,38387776985,250000000,0,275000000,190972,6111104,190972,6111104,12222208,32221813,250000000,probe,0,0,probe
fall250-clean,3453,38366666283,38399999193,250000000,0,275000000,190972,6111104,190972,6111104,12222208,33332910,250000000,probe,0,0,probe
fall250-clean,3454,38377777394,38412221401,250000000,0,275000000,190972,6111104,190972,6111104,12222208,34444007,250000000,probe,0,0,probe
fall250-clean,3455,38388888505,38424443609,250000000,0,275000000,190972,6111104,190972,6111104,12222208,35555104,250000000,probe,0,0,probe
fall250-clean,3456,38399999616,38436665817,250000000,0,275000000,190972,6111104,190972,6111104,12222208,36666201,250000000,probe,0,0,probe
fall250-clean,3457,38411110727,38448888025,250000000,0,275000000,190972,6111104,190972,6111104,12222208,37777298,250000000,probe,0,0,probe
fall250-clean,3458,38422221838,38461110233,250000000,0,275000000,190972,6111104,190972,6111104,12222208,38888395,250000000,probe,0,0,probe
fall250-clean,3459,38433332949,38473332441,250000000,0,275000000,190972,6111104,190972,6111104,12222208,39999492,250000000,probe,0,0,probe
fall250-clean,3460,38444444060,38485554649,250000000,0,275000000,190972,6111104,190972,6111104,12222208,41110589,250000000,probe,0,0,probe
fall250-clean,3461,38455555171,38497776857,250000000,0,275000000,190972,6111104,190972,6111104,12222208,42221686,250000000,probe,0,0,probe
fall250-clean,3462,38466666282,38509999065,250000000,0,275000000,190972,6111104,190972,6111104,12222208,43332783,250000000,probe,0,0,probe
fall250-clean,3463,38477777393,38522221273,250000000,0,275000000,190972,6111104,190972,6111104,12222208,44443880,250000000,probe,0,0,probe
fall250-clean,3464,38488888504,38534443481,250000000,0,275000000,190972,6111104,190972,6111104,12222208,45554977,250000000,steady,0,1,probe
fall250-clean,3465,38499999615,38546665689,250000000,0,212500000,147569,4722208,147569,4722208,9444416,46666074,250000000,steady,0,0,steady
fall250-clean,3466,38511110726,38556110105,250000000,0,212500000,147569,4722208,147569,4722208,9444416,44999379,250000000,steady,0,0,steady
fall250-clean,3467,38522221837,38565554521,250000000,0,212500000,147569,4722208,147569,4722208,9444416,43332684,250000000,steady,0,0,steady
fall250-clean,3468,38533332948,38574998937,250000000,0,212500000,147569,4722208,147569,4722208,9444416,41665989,250000000,steady,0,0,steady
fall250-clean,3469,38544444059,38584443353,250000000,0,212500000,147569,4722208,147569,4722208,9444416,39999294,250000000,steady,0,0,steady
fall250-clean,3470,38555555170,38593887769,250000000,0,212500000,147569,4722208,147569,4722208,9444416,38332599,250000000,steady,0,0,steady
fall250-clean,3471,38566666281,38603332185,250000000,0,212500000,147569,4722208,147569,4722208,9444416,36665904,250000000,steady,0,0,steady
fall250-clean,3472,38577777392,38612776601,250000000,0,212500000,147569,4722208,147569,4722208,9444416,34999209,250000000,steady,0,0,steady
fall250-clean,3473,38588888503,38622221017,250000000,0,212500000,147569,4722208,147569,4722208,9444416,33332514,250000000,steady,0,0,steady
fall250-clean,3474,38599999614,38631665433,250000000,0,212500000,147569,4722208,147569,4722208,9444416,31665819,250000000,steady,0,0,steady
fall250-clean,3475,38611110725,38641109849,250000000,0,212500000,147569,4722208,147569,4722208,9444416,29999124,250000000,steady,0,0,steady
fall250-clean,3476,38622221836,38650554265,250000000,0,212500000,147569,4722208,147569,4722208,9444416,28332429,250000000,steady,0,0,steady
fall250-clean,3477,38633332947,38659998681,250000000,0,212500000,147569,4722208,147569,4722208,9444416,26665734,250000000,steady,0,0,steady
fall250-clean,3478,38644444058,38669443097,250000000,0,212500000,147569,4722208,147569,4722208,9444416,24999039,250000000,steady,0,0,steady
fall250-clean,3479,38655555169,38678887513,250000000,0,212500000,147569,4722208,147569,4722208,9444416,23332344,250000000,steady,0,0,steady
fall250-clean,3480,38666666280,38688331929,250000000,0,212500000,147569,4722208,147569,4722208,9444416,21665649,250000000,steady,0,0,steady
fall250-clean,3481,38677777391,38697776345,250000000,0,212500000,147569,4722208,147569,4722208,9444416,19998954,250000000,steady,0,0,steady
fall250-clean,3482,38688888502,38707220761,250000000,0,212500000,147569,4722208,147569,4722208,9444416,18332259,250000000,steady,0,0,steady
fall250-clean,3483,38699999613,38716665177,250000000,0,212500000,147569,4722208,147569,4722208,9444416,16665564,250000000,steady,0,0,steady
fall250-clean,3484,38711110724,38726109593,250000000,0,212500000,147569,4722208,147569,4722208,9444416,14998869,250000000,steady,0,0,steady
fall250-clean,3485,38722221835,38735554009,250000000,0,212500000,147569,4722208,147569,4722208,9444416,13332174,250000000,steady,0,0,steady
fall250-clean,3486,38733332946,38744998425,250000000,0,212500000,147569,4722208,147569,4722208,9444416,11665479,250000000,steady,0,0,steady
fall250-clean,3487,38744444057,38754442841,250000000,0,212500000,147569,4722208,147569,4722208,9444416,9998784,250000000,steady,0,0,steady
fall250-clean,3488,38755555168,38763887257,250000000,0,212500000,147569,4722208,147569,4722208,9444416,8332089,250000000,steady,0,0,steady
fall250-clean,3489,38766666279,38773331673,250000000,0,212500000,147569,4722208,147569,4722208,9444416,6665394,250000000,steady,0,0,steady
fall250-clean,3490,38777777390,38782776089,250000000,0,212500000,147569,4722208,147569,4722208,9444416,4998699,250000000,steady,0,0,steady
fall250-clean,3491,38788888501,38792220505,250000000,0,212500000,147569,4722208,147569,4722208,9444416,3332004,250000000,steady,0,0,steady
fall250-clean,3492,38799999612,38801664921,250000000,0,212500000,147569,4722208,147569,4722208,9444416,1665309,250000000,steady,0,0,steady
fall250-clean,3493,38811110723,38811110723,250000000,0,212500000,147569,4722208,147569,4722208,9444416,0,250000000,steady,0,0,steady
fall250-clean,3494,38822221834,38822221834,250000000,0,212500000,147569,4722208,147569,4722208,9444416,0,250000000,steady,0,0,steady
fall250-clean,3495,38833332945,38833332945,250000000,0,212500000,147569,4722208,147569,4722208,9444416,0,250000000,steady,0,0,steady
fall250-clean,3496,38844444056,38844444056,250000000,0,212500000,147569,4722208,147569,4722208,9444416,0,250000000,steady,0,0,steady
fall250-clean,3497,38855555167,38855555167,250000000,0,212500000,147569,4722208,147569,4722208,9444416,0,250000000,steady,0,0,steady
fall250-clean,3498,38866666278,38866666278,250000000,0,212500000,147569,4722208,147569,4722208,9444416,0,250000000,steady,0,0,steady
fall250-clean,3499,38877777389,38877777389,250000000,0,212500000,147569,4722208,147569,4722208,9444416,0,250000000,steady,0,0,steady
fall250-clean,3500,38888888500,38888888500,250000000,0,212500000,147569,4722208,147569,4722208,9444416,0,250000000,steady,0,0,steady
fall250-clean,3501,38899999611,38899999611,250000000,0,212500000,147569,4722208,147569,4722208,9444416,0,250000000,steady,0,0,steady
fall250-clean,3502,38911110722,38911110722,250000000,0,212500000,147569,4722208,147569,4722208,9444416,0,250000000,steady,0,0,steady
fall250-clean,3503,38922221833,38922221833,250000000,0,212500000,147569,4722208,147569,4722208,9444416,0,250000000,steady,0,0,steady
fall250-clean,3504,38933332944,38933332944,250000000,0,212500000,147569,4722208,147569,4722208,9444416,0,250000000,steady,0,0,steady
fall250-clean,3505,38944444055,38944444055,250000000,0,212500000,147569,4722208,147569,4722208,9444416,0,250000000,steady,0,0,steady
fall250-clean,3506,38955555166,38955555166,250000000,0,212500000,147569,4722208,147569,4722208,9444416,0,250000000,steady,0,0,steady
fall250-clean,3507,38966666277,38966666277,250000000,0,212500000,147569,4722208,147569,4722208,9444416,0,250000000,steady,0,0,steady
fall250-clean,3508,38977777388,38977777388,250000000,0,212500000,147569,4722208,147569,4722208,9444416,0,250000000,steady,0,0,steady
fall250-clean,3509,38988888499,38988888499,250000000,0,212500000,147569,4722208,147569,4722208,9444416,0,250000000,steady,0,0,steady
fall250-clean,3510,38999999610,38999999610,250000000,0,212500000,147569,4722208,147569,4722208,9444416,0,250000000,steady,0,0,steady
fall250-clean,3511,39011110721,39011110721,250000000,0,212500000,147569,4722208,147569,4722208,9444416,0,250000000,steady,0,0,steady
fall250-clean,3512,39022221832,39022221832,250000000,0,212500000,147569,4722208,147569,4722208,9444416,0,250000000,steady,0,0,steady
fall250-clean,3513,39033332943,39033332943,250000000,0,212500000,147569,4722208,147569,4722208,9444416,0,250000000,steady,0,0,steady
fall250-clean,3514,39044444054,39044444054,250000000,0,212500000,147569,4722208,147569,4722208,9444416,0,250000000,steady,0,0,steady
fall250-clean,3515,39055555165,39055555165,250000000,0,212500000,147569,4722208,147569,4722208,9444416,0,250000000,steady,0,0,steady
fall250-clean,3516,39066666276,39066666276,250000000,0,212500000,147569,4722208,147569,4722208,9444416,0,250000000,steady,0,0,steady
fall250-clean,3517,39077777387,39077777387,250000000,0,212500000,147569,4722208,147569,4722208,9444416,0,250000000,steady,0,0,steady
fall250-clean,3518,39088888498,39088888498,250000000,0,212500000,147569,4722208,147569,4722208,9444416,0,250000000,steady,0,0,steady
fall250-clean,3519,39099999609,39099999609,250000000,0,212500000,147569,4722208,147569,4722208,9444416,0,250000000,steady,0,0,steady
fall250-clean,3520,39111110720,39111110720,250000000,0,212500000,147569,4722208,147569,4722208,9444416,0,250000000,steady,0,0,steady
fall250-clean,3521,39122221831,39122221831,250000000,0,212500000,147569,4722208,147569,4722208,9444416,0,250000000,steady,0,0,steady
fall250-clean,3522,39133332942,39133332942,250000000,0,212500000,147569,4722208,147569,4722208,9444416,0,250000000,steady,0,0,steady
fall250-clean,3523,39144444053,39144444053,250000000,0,212500000,147569,4722208,147569,4722208,9444416,0,250000000,steady,0,0,steady
fall250-clean,3524,39155555164,39155555164,250000000,0,212500000,147569,4722208,147569,4722208,9444416,0,250000000,steady,0,0,steady
fall250-clean,3525,39166666275,39166666275,250000000,0,212500000,147569,4722208,147569,4722208,9444416,0,250000000,steady,0,0,steady
fall250-clean,3526,39177777386,39177777386,250000000,0,212500000,147569,4722208,147569,4722208,9444416,0,250000000,steady,0,0,steady
fall250-clean,3527,39188888497,39188888497,250000000,0,212500000,147569,4722208,147569,4722208,9444416,0,250000000,steady,0,0,steady
fall250-clean,3528,39199999608,39199999608,250000000,0,212500000,147569,4722208,147569,4722208,9444416,0,250000000,steady,0,0,steady
fall250-clean,3529,39211110719,39211110719,250000000,0,212500000,147569,4722208,147569,4722208,9444416,0,250000000,steady,0,0,steady
fall250-clean,3530,39222221830,39222221830,250000000,0,212500000,147569,4722208,147569,4722208,9444416,0,250000000,steady,0,0,steady
fall250-clean,3531,39233332941,39233332941,250000000,0,212500000,147569,4722208,147569,4722208,9444416,0,250000000,steady,0,0,steady
fall250-clean,3532,39244444052,39244444052,250000000,0,212500000,147569,4722208,147569,4722208,9444416,0,250000000,steady,0,0,steady
fall250-clean,3533,39255555163,39255555163,250000000,0,212500000,147569,4722208,147569,4722208,9444416,0,250000000,steady,0,0,steady
fall250-clean,3534,39266666274,39266666274,250000000,0,212500000,147569,4722208,147569,4722208,9444416,0,250000000,steady,0,0,steady
fall250-clean,3535,39277777385,39277777385,250000000,0,212500000,147569,4722208,147569,4722208,9444416,0,250000000,steady,0,0,steady
fall250-clean,3536,39288888496,39288888496,250000000,0,212500000,147569,4722208,147569,4722208,9444416,0,250000000,steady,0,0,steady
fall250-clean,3537,39299999607,39299999607,250000000,0,212500000,147569,4722208,147569,4722208,9444416,0,250000000,steady,0,0,steady
fall250-clean,3538,39311110718,39311110718,250000000,0,212500000,147569,4722208,147569,4722208,9444416,0,250000000,steady,0,0,steady
fall250-clean,3539,39322221829,39322221829,250000000,0,212500000,147569,4722208,147569,4722208,9444416,0,250000000,steady,0,0,steady
fall250-clean,3540,39333332940,39333332940,250000000,0,212500000,147569,4722208,147569,4722208,9444416,0,250000000,steady,0,0,steady
fall250-clean,3541,39344444051,39344444051,250000000,0,212500000,147569,4722208,147569,4722208,9444416,0,250000000,steady,0,0,steady
fall250-clean,3542,39355555162,39355555162,250000000,0,212500000,147569,4722208,147569,4722208,9444416,0,250000000,steady,0,0,steady
fall250-clean,3543,39366666273,39366666273,250000000,0,212500000,147569,4722208,147569,4722208,9444416,0,250000000,steady,0,0,steady
fall250-clean,3544,39377777384,39377777384,250000000,0,212500000,147569,4722208,147569,4722208,9444416,0,250000000,steady,0,0,steady
fall250-clean,3545,39388888495,39388888495,250000000,0,212500000,147569,4722208,147569,4722208,9444416,0,250000000,steady,0,0,steady
fall250-clean,3546,39399999606,39399999606,250000000,0,212500000,147569,4722208,147569,4722208,9444416,0,250000000,steady,0,0,steady
fall250-clean,3547,39411110717,39411110717,250000000,0,212500000,147569,4722208,147569,4722208,9444416,0,250000000,steady,0,0,steady
fall250-clean,3548,39422221828,39422221828,250000000,0,212500000,147569,4722208,147569,4722208,9444416,0,250000000,steady,0,0,steady
fall250-clean,3549,39433332939,39433332939,250000000,0,212500000,147569,4722208,147569,4722208,9444416,0,250000000,steady,0,0,steady
fall250-clean,3550,39444444050,39444444050,250000000,0,212500000,147569,4722208,147569,4722208,9444416,0,250000000,steady,0,0,steady
fall250-clean,3551,39455555161,39455555161,250000000,0,212500000,147569,4722208,147569,4722208,9444416,0,250000000,steady,0,0,steady
fall250-clean,3552,39466666272,39466666272,250000000,0,212500000,147569,4722208,147569,4722208,9444416,0,250000000,steady,0,0,steady
fall250-clean,3553,39477777383,39477777383,250000000,0,212500000,147569,4722208,147569,4722208,9444416,0,250000000,steady,0,0,steady
fall250-clean,3554,39488888494,39488888494,250000000,0,212500000,147569,4722208,147569,4722208,9444416,0,250000000,steady,0,0,steady
fall250-clean,3555,39499999605,39499999605,250000000,0,212500000,147569,4722208,147569,4722208,9444416,0,250000000,steady,0,0,steady
fall250-clean,3556,39511110716,39511110716,250000000,0,212500000,147569,4722208,147569,4722208,9444416,0,250000000,steady,0,0,steady
fall250-clean,3557,39522221827,39522221827,250000000,0,212500000,147569,4722208,147569,4722208,9444416,0,250000000,steady,0,0,steady
fall250-clean,3558,39533332938,39533332938,250000000,0,212500000,147569,4722208,147569,4722208,9444416,0,250000000,steady,0,0,steady
fall250-clean,3559,39544444049,39544444049,250000000,0,212500000,147569,4722208,147569,4722208,9444416,0,250000000,steady,0,0,steady
fall250-clean,3560,39555555160,39555555160,250000000,0,212500000,147569,4722208,147569,4722208,9444416,0,250000000,steady,0,0,steady
fall250-clean,3561,39566666271,39566666271,250000000,0,212500000,147569,4722208,147569,4722208,9444416,0,250000000,steady,0,0,steady
fall250-clean,3562,39577777382,39577777382,250000000,0,212500000,147569,4722208,147569,4722208,9444416,0,250000000,steady,0,0,steady
fall250-clean,3563,39588888493,39588888493,250000000,0,212500000,147569,4722208,147569,4722208,9444416,0,250000000,steady,0,0,steady
fall250-clean,3564,39599999604,39599999604,250000000,0,212500000,147569,4722208,147569,4722208,9444416,0,250000000,steady,0,0,steady
fall250-clean,3565,39611110715,39611110715,250000000,0,212500000,147569,4722208,147569,4722208,9444416,0,250000000,steady,0,0,steady
fall250-clean,3566,39622221826,39622221826,250000000,0,212500000,147569,4722208,147569,4722208,9444416,0,250000000,steady,0,0,steady
fall250-clean,3567,39633332937,39633332937,250000000,0,212500000,147569,4722208,147569,4722208,9444416,0,250000000,steady,0,0,steady
fall250-clean,3568,39644444048,39644444048,250000000,0,212500000,147569,4722208,147569,4722208,9444416,0,250000000,steady,0,0,steady
fall250-clean,3569,39655555159,39655555159,250000000,0,212500000,147569,4722208,147569,4722208,9444416,0,250000000,steady,0,0,steady
fall250-clean,3570,39666666270,39666666270,250000000,0,212500000,147569,4722208,147569,4722208,9444416,0,250000000,steady,0,0,steady
fall250-clean,3571,39677777381,39677777381,250000000,0,212500000,147569,4722208,147569,4722208,9444416,0,250000000,steady,0,0,steady
fall250-clean,3572,39688888492,39688888492,250000000,0,212500000,147569,4722208,147569,4722208,9444416,0,250000000,steady,0,0,steady
fall250-clean,3573,39699999603,39699999603,250000000,0,212500000,147569,4722208,147569,4722208,9444416,0,250000000,steady,0,0,steady
fall250-clean,3574,39711110714,39711110714,250000000,0,212500000,147569,4722208,147569,4722208,9444416,0,250000000,steady,0,0,steady
fall250-clean,3575,39722221825,39722221825,250000000,0,212500000,147569,4722208,147569,4722208,9444416,0,250000000,steady,0,0,steady
fall250-clean,3576,39733332936,39733332936,250000000,0,212500000,147569,4722208,147569,4722208,9444416,0,250000000,steady,0,0,steady
fall250-clean,3577,39744444047,39744444047,250000000,0,212500000,147569,4722208,147569,4722208,9444416,0,250000000,steady,0,0,steady
fall250-clean,3578,39755555158,39755555158,250000000,0,212500000,147569,4722208,147569,4722208,9444416,0,250000000,steady,0,0,steady
fall250-clean,3579,39766666269,39766666269,250000000,0,212500000,147569,4722208,147569,4722208,9444416,0,250000000,steady,0,0,steady
fall250-clean,3580,39777777380,39777777380,250000000,0,212500000,147569,4722208,147569,4722208,9444416,0,250000000,steady,0,0,steady
fall250-clean,3581,39788888491,39788888491,250000000,0,212500000,147569,4722208,147569,4722208,9444416,0,250000000,steady,0,0,steady
fall250-clean,3582,39799999602,39799999602,250000000,0,212500000,147569,4722208,147569,4722208,9444416,0,250000000,steady,0,0,steady
fall250-clean,3583,39811110713,39811110713,250000000,0,212500000,147569,4722208,147569,4722208,9444416,0,250000000,steady,0,0,steady
fall250-clean,3584,39822221824,39822221824,250000000,0,212500000,147569,4722208,147569,4722208,9444416,0,250000000,steady,0,0,steady
fall250-clean,3585,39833332935,39833332935,250000000,0,212500000,147569,4722208,147569,4722208,9444416,0,250000000,steady,0,0,steady
fall250-clean,3586,39844444046,39844444046,250000000,0,212500000,147569,4722208,147569,4722208,9444416,0,250000000,steady,0,0,steady
fall250-clean,3587,39855555157,39855555157,250000000,0,212500000,147569,4722208,147569,4722208,9444416,0,250000000,steady,0,0,steady
fall250-clean,3588,39866666268,39866666268,250000000,0,212500000,147569,4722208,147569,4722208,9444416,0,250000000,steady,0,0,steady
fall250-clean,3589,39877777379,39877777379,250000000,0,212500000,147569,4722208,147569,4722208,9444416,0,250000000,steady,0,0,steady
fall250-clean,3590,39888888490,39888888490,250000000,0,212500000,147569,4722208,147569,4722208,9444416,0,250000000,steady,0,0,steady
fall250-clean,3591,39899999601,39899999601,250000000,0,212500000,147569,4722208,147569,4722208,9444416,0,250000000,steady,0,0,steady
fall250-clean,3592,39911110712,39911110712,250000000,0,212500000,147569,4722208,147569,4722208,9444416,0,250000000,steady,0,0,steady
fall250-clean,3593,39922221823,39922221823,250000000,0,212500000,147569,4722208,147569,4722208,9444416,0,250000000,steady,0,0,steady
fall250-clean,3594,39933332934,39933332934,250000000,0,212500000,147569,4722208,147569,4722208,9444416,0,250000000,steady,0,0,steady
fall250-clean,3595,39944444045,39944444045,250000000,0,212500000,147569,4722208,147569,4722208,9444416,0,250000000,steady,0,0,steady
fall250-clean,3596,39955555156,39955555156,250000000,0,212500000,147569,4722208,147569,4722208,9444416,0,250000000,steady,0,0,steady
fall250-clean,3597,39966666267,39966666267,250000000,0,212500000,147569,4722208,147569,4722208,9444416,0,250000000,steady,0,0,steady
fall250-clean,3598,39977777378,39977777378,250000000,0,212500000,147569,4722208,147569,4722208,9444416,0,250000000,steady,0,0,steady
fall250-clean,3599,39988888489,39988888489,250000000,0,212500000,147569,4722208,147569,4722208,9444416,0,250000000,steady,0,0,steady
