--------- beginning of main
--------- beginning of system
09-11 05:02:55.257  9658 19737 I WiVRn   : [2026-09-11 05:02:55.256] [WiVRn] [info] Starting WiVRn version nx-1.4.1-270-gb56d60e4 (b56d60e47ec79b91dccbffaff820ecbad227ba1d)
09-11 05:02:55.257  9658 19737 I WiVRn   : [2026-09-11 05:02:55.257] [WiVRn] [info] Started with intent wivrn://192.168.1.2
09-11 05:02:55.259  9658 19737 I WiVRn   : [2026-09-11 05:02:55.259] [WiVRn] [info] Guessing HMD model from:
09-11 05:02:55.259  9658 19737 I WiVRn   : [2026-09-11 05:02:55.259] [WiVRn] [info]     ro.product.device = "PICOA8110":
09-11 05:02:55.259  9658 19737 I WiVRn   : [2026-09-11 05:02:55.259] [WiVRn] [info]     ro.product.manufacturer = "Pico":
09-11 05:02:55.259  9658 19737 I WiVRn   : [2026-09-11 05:02:55.259] [WiVRn] [info]     ro.product.model = "A8110":
09-11 05:02:55.259  9658 19737 I WiVRn   : [2026-09-11 05:02:55.259] [WiVRn] [info]     pxr.vendorhw.product.model = "PICO 4":
09-11 05:02:55.259  9658 19737 I WiVRn   : [2026-09-11 05:02:55.259] [WiVRn] [info] HMD traits initialized
09-11 05:02:55.260  9658 19737 I WiVRn   : [2026-09-11 05:02:55.260] [WiVRn] [info] 	controller_profile: pico-4
09-11 05:02:55.260  9658 19737 I WiVRn   : [2026-09-11 05:02:55.260] [WiVRn] [info] 	controller_ray_model: assets://ray.glb
09-11 05:02:55.260  9658 19737 I WiVRn   : [2026-09-11 05:02:55.260] [WiVRn] [info] 	max_openxr_api_version: 1.1.58
09-11 05:02:55.260  9658 19737 I WiVRn   : [2026-09-11 05:02:55.260] [WiVRn] [info] 	panel_width_override: 2160
09-11 05:02:55.260  9658 19737 I WiVRn   : [2026-09-11 05:02:55.260] [WiVRn] [info] 	needs_srgb_conversion: true
09-11 05:02:55.260  9658 19737 I WiVRn   : [2026-09-11 05:02:55.260] [WiVRn] [info] 	nxwarp_atlas_speed: true
09-11 05:02:55.260  9658 19737 I WiVRn   : [2026-09-11 05:02:55.260] [WiVRn] [info] 	view_locate: false
09-11 05:02:55.260  9658 19737 I WiVRn   : [2026-09-11 05:02:55.260] [WiVRn] [info] 	vk_debug_ext_allowed: true
09-11 05:02:55.260  9658 19737 I WiVRn   : [2026-09-11 05:02:55.260] [WiVRn] [info] 	bind_simple_controller: true
09-11 05:02:55.260  9658 19737 I WiVRn   : [2026-09-11 05:02:55.260] [WiVRn] [info] 	hand_interaction_grip_surface: true
09-11 05:02:55.260  9658 19737 I WiVRn   : [2026-09-11 05:02:55.260] [WiVRn] [info] 	pico_face_tracker: false
09-11 05:02:55.260  9658 19737 I WiVRn   : [2026-09-11 05:02:55.260] [WiVRn] [info] 	discard_frame: false
09-11 05:02:55.279  9658 19737 I WiVRn   : [2026-09-11 05:02:55.279] [WiVRn] [info] Available OpenXR layers:
09-11 05:02:55.279  9658 19737 I WiVRn   : [2026-09-11 05:02:55.279] [WiVRn] [info] Available OpenXR extensions:
09-11 05:02:55.282  9658 19737 I WiVRn   : [2026-09-11 05:02:55.282] [WiVRn] [info]     XR_BD_body_tracking (version 1)
09-11 05:02:55.282  9658 19737 I WiVRn   : [2026-09-11 05:02:55.282] [WiVRn] [info]     XR_BD_controller_interaction (version 1)
09-11 05:02:55.282  9658 19737 I WiVRn   : [2026-09-11 05:02:55.282] [WiVRn] [info]     XR_EPIC_view_configuration_fov (version 2)
09-11 05:02:55.282  9658 19737 I WiVRn   : [2026-09-11 05:02:55.282] [WiVRn] [info]     XR_EXTX_overlay (version 5)
09-11 05:02:55.282  9658 19737 I WiVRn   : [2026-09-11 05:02:55.282] [WiVRn] [info]     XR_EXT_active_action_set_priority (version 1)
09-11 05:02:55.282  9658 19737 I WiVRn   : [2026-09-11 05:02:55.282] [WiVRn] [info]     XR_EXT_composition_layer_inverted_alpha (version 1)
09-11 05:02:55.282  9658 19737 I WiVRn   : [2026-09-11 05:02:55.282] [WiVRn] [info]     XR_EXT_debug_utils (version 5)
09-11 05:02:55.282  9658 19737 I WiVRn   : [2026-09-11 05:02:55.282] [WiVRn] [info]     XR_EXT_eye_gaze_interaction (version 2)
09-11 05:02:55.282  9658 19737 I WiVRn   : [2026-09-11 05:02:55.282] [WiVRn] [info]     XR_EXT_frame_synthesis (version 1)
09-11 05:02:55.282  9658 19737 I WiVRn   : [2026-09-11 05:02:55.282] [WiVRn] [info]     XR_EXT_hand_interaction (version 1)
09-11 05:02:55.282  9658 19737 I WiVRn   : [2026-09-11 05:02:55.282] [WiVRn] [info]     XR_EXT_hand_tracking (version 4)
09-11 05:02:55.282  9658 19737 I WiVRn   : [2026-09-11 05:02:55.282] [WiVRn] [info]     XR_EXT_local_floor (version 1)
09-11 05:02:55.282  9658 19737 I WiVRn   : [2026-09-11 05:02:55.282] [WiVRn] [info]     XR_EXT_palm_pose (version 3)
09-11 05:02:55.282  9658 19737 I WiVRn   : [2026-09-11 05:02:55.282] [WiVRn] [info]     XR_EXT_performance_settings (version 4)
09-11 05:02:55.282  9658 19737 I WiVRn   : [2026-09-11 05:02:55.282] [WiVRn] [info]     XR_EXT_user_presence (version 1)
09-11 05:02:55.282  9658 19737 I WiVRn   : [2026-09-11 05:02:55.282] [WiVRn] [info]     XR_EXT_uuid (version 1)
09-11 05:02:55.282  9658 19737 I WiVRn   : [2026-09-11 05:02:55.282] [WiVRn] [info]     XR_EXT_view_configuration_depth_range (version 1)
09-11 05:02:55.282  9658 19737 I WiVRn   : [2026-09-11 05:02:55.282] [WiVRn] [info]     XR_FB_composition_layer_alpha_blend (version 3)
09-11 05:02:55.282  9658 19737 I WiVRn   : [2026-09-11 05:02:55.282] [WiVRn] [info]     XR_FB_composition_layer_image_layout (version 1)
09-11 05:02:55.282  9658 19737 I WiVRn   : [2026-09-11 05:02:55.282] [WiVRn] [info]     XR_FB_composition_layer_secure_content (version 1)
09-11 05:02:55.282  9658 19737 I WiVRn   : [2026-09-11 05:02:55.282] [WiVRn] [info]     XR_FB_composition_layer_settings (version 1)
09-11 05:02:55.282  9658 19737 I WiVRn   : [2026-09-11 05:02:55.282] [WiVRn] [info]     XR_FB_display_refresh_rate (version 1)
09-11 05:02:55.282  9658 19737 I WiVRn   : [2026-09-11 05:02:55.282] [WiVRn] [info]     XR_FB_foveation (version 1)
09-11 05:02:55.282  9658 19737 I WiVRn   : [2026-09-11 05:02:55.282] [WiVRn] [info]     XR_FB_foveation_configuration (version 1)
09-11 05:02:55.282  9658 19737 I WiVRn   : [2026-09-11 05:02:55.282] [WiVRn] [info]     XR_FB_foveation_vulkan (version 1)
09-11 05:02:55.282  9658 19737 I WiVRn   : [2026-09-11 05:02:55.282] [WiVRn] [info]     XR_FB_passthrough (version 4)
09-11 05:02:55.282  9658 19737 I WiVRn   : [2026-09-11 05:02:55.282] [WiVRn] [info]     XR_FB_space_warp (version 2)
09-11 05:02:55.282  9658 19737 I WiVRn   : [2026-09-11 05:02:55.282] [WiVRn] [info]     XR_FB_swapchain_update_state (version 3)
09-11 05:02:55.282  9658 19737 I WiVRn   : [2026-09-11 05:02:55.282] [WiVRn] [info]     XR_FB_swapchain_update_state_android_surface (version 1)
09-11 05:02:55.282  9658 19737 I WiVRn   : [2026-09-11 05:02:55.282] [WiVRn] [info]     XR_FB_swapchain_update_state_opengl_es (version 1)
09-11 05:02:55.282  9658 19737 I WiVRn   : [2026-09-11 05:02:55.282] [WiVRn] [info]     XR_FB_swapchain_update_state_vulkan (version 1)
09-11 05:02:55.282  9658 19737 I WiVRn   : [2026-09-11 05:02:55.282] [WiVRn] [info]     XR_FB_triangle_mesh (version 2)
09-11 05:02:55.282  9658 19737 I WiVRn   : [2026-09-11 05:02:55.282] [WiVRn] [info]     XR_KHR_android_create_instance (version 3)
09-11 05:02:55.282  9658 19737 I WiVRn   : [2026-09-11 05:02:55.282] [WiVRn] [info]     XR_KHR_android_surface_swapchain (version 4)
09-11 05:02:55.282  9658 19737 I WiVRn   : [2026-09-11 05:02:55.282] [WiVRn] [info]     XR_KHR_android_thread_settings (version 6)
09-11 05:02:55.282  9658 19737 I WiVRn   : [2026-09-11 05:02:55.282] [WiVRn] [info]     XR_KHR_composition_layer_color_scale_bias (version 5)
09-11 05:02:55.282  9658 19737 I WiVRn   : [2026-09-11 05:02:55.282] [WiVRn] [info]     XR_KHR_composition_layer_cube (version 8)
09-11 05:02:55.282  9658 19737 I WiVRn   : [2026-09-11 05:02:55.282] [WiVRn] [info]     XR_KHR_composition_layer_cylinder (version 4)
09-11 05:02:55.282  9658 19737 I WiVRn   : [2026-09-11 05:02:55.282] [WiVRn] [info]     XR_KHR_composition_layer_depth (version 6)
09-11 05:02:55.282  9658 19737 I WiVRn   : [2026-09-11 05:02:55.282] [WiVRn] [info]     XR_KHR_composition_layer_equirect (version 3)
09-11 05:02:55.282  9658 19737 I WiVRn   : [2026-09-11 05:02:55.282] [WiVRn] [info]     XR_KHR_composition_layer_equirect2 (version 1)
09-11 05:02:55.282  9658 19737 I WiVRn   : [2026-09-11 05:02:55.282] [WiVRn] [info]     XR_KHR_convert_timespec_time (version 1)
09-11 05:02:55.282  9658 19737 I WiVRn   : [2026-09-11 05:02:55.282] [WiVRn] [info]     XR_KHR_loader_init (version 2)
09-11 05:02:55.282  9658 19737 I WiVRn   : [2026-09-11 05:02:55.282] [WiVRn] [info]     XR_KHR_loader_init_android (version 1)
09-11 05:02:55.282  9658 19737 I WiVRn   : [2026-09-11 05:02:55.282] [WiVRn] [info]     XR_KHR_locate_spaces (version 1)
09-11 05:02:55.282  9658 19737 I WiVRn   : [2026-09-11 05:02:55.282] [WiVRn] [info]     XR_KHR_maintenance1 (version 1)
09-11 05:02:55.282  9658 19737 I WiVRn   : [2026-09-11 05:02:55.282] [WiVRn] [info]     XR_KHR_opengl_es_enable (version 8)
09-11 05:02:55.282  9658 19737 I WiVRn   : [2026-09-11 05:02:55.282] [WiVRn] [info]     XR_KHR_vulkan_enable (version 8)
09-11 05:02:55.282  9658 19737 I WiVRn   : [2026-09-11 05:02:55.282] [WiVRn] [info]     XR_KHR_vulkan_enable2 (version 2)
09-11 05:02:55.282  9658 19737 I WiVRn   : [2026-09-11 05:02:55.282] [WiVRn] [info]     XR_KHR_vulkan_swapchain_format_list (version 5)
09-11 05:02:55.282  9658 19737 I WiVRn   : [2026-09-11 05:02:55.282] [WiVRn] [info]     XR_META_foveation_eye_tracked (version 1)
09-11 05:02:55.282  9658 19737 I WiVRn   : [2026-09-11 05:02:55.282] [WiVRn] [info]     XR_META_vulkan_swapchain_create_info (version 1)
09-11 05:02:55.282  9658 19737 I WiVRn   : [2026-09-11 05:02:55.282] [WiVRn] [info]     XR_MND_headless (version 2)
09-11 05:02:55.282  9658 19737 I WiVRn   : [2026-09-11 05:02:55.282] [WiVRn] [info]     XR_MSFT_composition_layer_reprojection (version 1)
09-11 05:02:55.282  9658 19737 I WiVRn   : [2026-09-11 05:02:55.282] [WiVRn] [info] Performance APIs: XR_EXT_performance_settings = available, vendor power/performance extensions = none
09-11 05:02:55.373  9658  9658 I WiVRn   : [2026-09-11 05:02:55.373] [WiVRn] [info] [pointer_capture] requestPointerCapture() invoked successfully
09-11 05:02:55.458  9658 19737 I WiVRn   : [2026-09-11 05:02:55.458] [WiVRn] [info] Using OpenXR extensions:
09-11 05:02:55.458  9658 19737 I WiVRn   : [2026-09-11 05:02:55.458] [WiVRn] [info]     XR_KHR_convert_timespec_time
09-11 05:02:55.458  9658 19737 I WiVRn   : [2026-09-11 05:02:55.458] [WiVRn] [info]     XR_BD_body_tracking
09-11 05:02:55.458  9658 19737 I WiVRn   : [2026-09-11 05:02:55.458] [WiVRn] [info]     XR_BD_controller_interaction
09-11 05:02:55.458  9658 19737 I WiVRn   : [2026-09-11 05:02:55.458] [WiVRn] [info]     XR_EXT_eye_gaze_interaction
09-11 05:02:55.458  9658 19737 I WiVRn   : [2026-09-11 05:02:55.458] [WiVRn] [info]     XR_EXT_hand_interaction
09-11 05:02:55.458  9658 19737 I WiVRn   : [2026-09-11 05:02:55.458] [WiVRn] [info]     XR_EXT_hand_tracking
09-11 05:02:55.458  9658 19737 I WiVRn   : [2026-09-11 05:02:55.458] [WiVRn] [info]     XR_EXT_performance_settings
09-11 05:02:55.458  9658 19737 I WiVRn   : [2026-09-11 05:02:55.458] [WiVRn] [info]     XR_EXT_user_presence
09-11 05:02:55.458  9658 19737 I WiVRn   : [2026-09-11 05:02:55.458] [WiVRn] [info]     XR_FB_composition_layer_settings
09-11 05:02:55.458  9658 19737 I WiVRn   : [2026-09-11 05:02:55.458] [WiVRn] [info]     XR_FB_display_refresh_rate
09-11 05:02:55.458  9658 19737 I WiVRn   : [2026-09-11 05:02:55.458] [WiVRn] [info]     XR_FB_passthrough
09-11 05:02:55.458  9658 19737 I WiVRn   : [2026-09-11 05:02:55.458] [WiVRn] [info]     XR_FB_swapchain_update_state
09-11 05:02:55.458  9658 19737 I WiVRn   : [2026-09-11 05:02:55.458] [WiVRn] [info]     XR_KHR_composition_layer_color_scale_bias
09-11 05:02:55.458  9658 19737 I WiVRn   : [2026-09-11 05:02:55.458] [WiVRn] [info]     XR_KHR_composition_layer_depth
09-11 05:02:55.458  9658 19737 I WiVRn   : [2026-09-11 05:02:55.458] [WiVRn] [info]     XR_KHR_vulkan_swapchain_format_list
09-11 05:02:55.458  9658 19737 I WiVRn   : [2026-09-11 05:02:55.458] [WiVRn] [info]     XR_EXT_palm_pose
09-11 05:02:55.458  9658 19737 I WiVRn   : [2026-09-11 05:02:55.458] [WiVRn] [info]     XR_KHR_locate_spaces
09-11 05:02:55.458  9658 19737 I WiVRn   : [2026-09-11 05:02:55.458] [WiVRn] [info]     XR_KHR_vulkan_enable2
09-11 05:02:55.458  9658 19737 I WiVRn   : [2026-09-11 05:02:55.458] [WiVRn] [info]     XR_KHR_android_create_instance
09-11 05:02:55.458  9658 19737 I WiVRn   : [2026-09-11 05:02:55.458] [WiVRn] [info]     XR_ML_ml2_controller_interaction
09-11 05:02:55.458  9658 19737 I WiVRn   : [2026-09-11 05:02:55.458] [WiVRn] [info]     XR_HTC_vive_cosmos_controller_interaction
09-11 05:02:55.458  9658 19737 I WiVRn   : [2026-09-11 05:02:55.458] [WiVRn] [info]     XR_EXT_uuid
09-11 05:02:55.458  9658 19737 I WiVRn   : [2026-09-11 05:02:55.458] [WiVRn] [info]     XR_EXT_local_floor
09-11 05:02:55.458  9658 19737 I WiVRn   : [2026-09-11 05:02:55.458] [WiVRn] [info]     XR_KHR_locate_spaces
09-11 05:02:55.458  9658 19737 I WiVRn   : [2026-09-11 05:02:55.458] [WiVRn] [info]     XR_EXT_samsung_odyssey_controller
09-11 05:02:55.458  9658 19737 I WiVRn   : [2026-09-11 05:02:55.458] [WiVRn] [info]     XR_EXT_palm_pose
09-11 05:02:55.458  9658 19737 I WiVRn   : [2026-09-11 05:02:55.458] [WiVRn] [info]     XR_HTC_vive_focus3_controller_interaction
09-11 05:02:55.458  9658 19737 I WiVRn   : [2026-09-11 05:02:55.458] [WiVRn] [info]     XR_EXT_hp_mixed_reality_controller
09-11 05:02:55.458  9658 19737 I WiVRn   : [2026-09-11 05:02:55.458] [WiVRn] [info]     XR_KHR_maintenance1
09-11 05:02:55.458  9658 19737 I WiVRn   : [2026-09-11 05:02:55.458] [WiVRn] [info]     XR_VARJO_quad_views
09-11 05:02:55.458  9658 19737 I WiVRn   : [2026-09-11 05:02:55.458] [WiVRn] [info]     XR_BD_controller_interaction
09-11 05:02:55.458  9658 19737 I WiVRn   : [2026-09-11 05:02:55.458] [WiVRn] [info] Created OpenXR instance, runtime Pico(XRT) by Pico et al '99d719953', version 3.0.1, API version 1.1.58
09-11 05:02:55.471  9658 19737 I WiVRn   : [2026-09-11 05:02:55.471] [WiVRn] [info] Created OpenXR system for form factor XR_FORM_FACTOR_HEAD_MOUNTED_DISPLAY
09-11 05:02:55.471  9658 19737 I WiVRn   : [2026-09-11 05:02:55.471] [WiVRn] [info] OpenXR system properties:
09-11 05:02:55.471  9658 19737 I WiVRn   : [2026-09-11 05:02:55.471] [WiVRn] [info]     Vendor ID: 0x2a
09-11 05:02:55.471  9658 19737 I WiVRn   : [2026-09-11 05:02:55.471] [WiVRn] [info]     System name: PICO 4 HMD
09-11 05:02:55.471  9658 19737 I WiVRn   : [2026-09-11 05:02:55.471] [WiVRn] [info]     Graphics properties:
09-11 05:02:55.471  9658 19737 I WiVRn   : [2026-09-11 05:02:55.471] [WiVRn] [info]         Maximum swapchain image size: 16384x16384
09-11 05:02:55.471  9658 19737 I WiVRn   : [2026-09-11 05:02:55.471] [WiVRn] [info]         Maximum layer count: 16
09-11 05:02:55.471  9658 19737 I WiVRn   : [2026-09-11 05:02:55.471] [WiVRn] [info]     Tracking properties:
09-11 05:02:55.471  9658 19737 I WiVRn   : [2026-09-11 05:02:55.471] [WiVRn] [info]         Orientation tracking: true
09-11 05:02:55.471  9658 19737 I WiVRn   : [2026-09-11 05:02:55.471] [WiVRn] [info]         Position tracking: true
09-11 05:02:55.471  9658 19737 I WiVRn   : [2026-09-11 05:02:55.471] [WiVRn] [info]     Hand tracking support: true
09-11 05:02:55.471  9658 19737 I WiVRn   : [2026-09-11 05:02:55.471] [WiVRn] [info]     Eye gaze support: false
09-11 05:02:55.471  9658 19737 I WiVRn   : [2026-09-11 05:02:55.471] [WiVRn] [info]     OpenXR post-processing extension support: true
09-11 05:02:55.471  9658 19737 I WiVRn   : [2026-09-11 05:02:55.471] [WiVRn] [info]     Passthrough: color
09-11 05:02:55.471  9658 19737 I WiVRn   : [2026-09-11 05:02:55.471] [WiVRn] [info]     Face tracker: none
09-11 05:02:55.471  9658 19737 I WiVRn   : [2026-09-11 05:02:55.471] [WiVRn] [info]     Body tracker: pico
09-11 05:02:55.471  9658 19737 I WiVRn   : [2026-09-11 05:02:55.471] [WiVRn] [info] View configuration XR_VIEW_CONFIGURATION_TYPE_PRIMARY_STEREO
09-11 05:02:55.471  9658 19737 I WiVRn   : [2026-09-11 05:02:55.471] [WiVRn] [info]     fovMutable: false
09-11 05:02:55.471  9658 19737 I WiVRn   : [2026-09-11 05:02:55.471] [WiVRn] [info]     View 1:
09-11 05:02:55.471  9658 19737 I WiVRn   : [2026-09-11 05:02:55.471] [WiVRn] [info]         Recommended: 1504x1504, 1 sample(s)
09-11 05:02:55.471  9658 19737 I WiVRn   : [2026-09-11 05:02:55.471] [WiVRn] [info]         Maximum:     2560x2560, 1 sample(s)
09-11 05:02:55.471  9658 19737 I WiVRn   : [2026-09-11 05:02:55.471] [WiVRn] [info]     View 2:
09-11 05:02:55.471  9658 19737 I WiVRn   : [2026-09-11 05:02:55.471] [WiVRn] [info]         Recommended: 1504x1504, 1 sample(s)
09-11 05:02:55.471  9658 19737 I WiVRn   : [2026-09-11 05:02:55.471] [WiVRn] [info]         Maximum:     2560x2560, 1 sample(s)
09-11 05:02:55.471  9658 19737 I WiVRn   : [2026-09-11 05:02:55.471] [WiVRn] [info]     Blend mode: XR_ENVIRONMENT_BLEND_MODE_OPAQUE
09-11 05:02:55.471  9658 19737 I WiVRn   : [2026-09-11 05:02:55.471] [WiVRn] [info]     Blend mode: XR_ENVIRONMENT_BLEND_MODE_ALPHA_BLEND
09-11 05:02:55.471  9658 19737 I WiVRn   : [2026-09-11 05:02:55.471] [WiVRn] [info] OpenXR runtime wants Vulkan 1.0.0
09-11 05:02:55.471  9658 19737 I WiVRn   : [2026-09-11 05:02:55.471] [WiVRn] [info] Requesting Vulkan 1.1.0
09-11 05:02:55.471  9658 19737 I WiVRn   : [2026-09-11 05:02:55.471] [WiVRn] [info] Available Vulkan layers:
09-11 05:02:55.473  9658 19737 I WiVRn   : [2026-09-11 05:02:55.473] [WiVRn] [info] Available Vulkan instance extensions:
09-11 05:02:55.473  9658 19737 I WiVRn   : [2026-09-11 05:02:55.473] [WiVRn] [info]     VK_EXT_debug_report (version 9)
09-11 05:02:55.473  9658 19737 I WiVRn   : [2026-09-11 05:02:55.473] [WiVRn] [info]     VK_EXT_debug_utils (version 2)
09-11 05:02:55.473  9658 19737 I WiVRn   : [2026-09-11 05:02:55.473] [WiVRn] [info]     VK_EXT_swapchain_colorspace (version 3)
09-11 05:02:55.473  9658 19737 I WiVRn   : [2026-09-11 05:02:55.473] [WiVRn] [info]     VK_KHR_android_surface (version 6)
09-11 05:02:55.473  9658 19737 I WiVRn   : [2026-09-11 05:02:55.473] [WiVRn] [info]     VK_KHR_device_group_creation (version 1)
09-11 05:02:55.473  9658 19737 I WiVRn   : [2026-09-11 05:02:55.473] [WiVRn] [info]     VK_KHR_external_fence_capabilities (version 1)
09-11 05:02:55.473  9658 19737 I WiVRn   : [2026-09-11 05:02:55.473] [WiVRn] [info]     VK_KHR_external_memory_capabilities (version 1)
09-11 05:02:55.473  9658 19737 I WiVRn   : [2026-09-11 05:02:55.473] [WiVRn] [info]     VK_KHR_external_semaphore_capabilities (version 1)
09-11 05:02:55.473  9658 19737 I WiVRn   : [2026-09-11 05:02:55.473] [WiVRn] [info]     VK_KHR_get_physical_device_properties2 (version 1)
09-11 05:02:55.473  9658 19737 I WiVRn   : [2026-09-11 05:02:55.473] [WiVRn] [info]     VK_KHR_get_surface_capabilities2 (version 1)
09-11 05:02:55.473  9658 19737 I WiVRn   : [2026-09-11 05:02:55.473] [WiVRn] [info]     VK_KHR_surface (version 25)
09-11 05:02:55.481  9658 19737 I WiVRn   : [2026-09-11 05:02:55.481] [WiVRn] [info] Available Vulkan device extensions:
09-11 05:02:55.481  9658 19737 I WiVRn   : [2026-09-11 05:02:55.481] [WiVRn] [info]     VK_ANDROID_external_memory_android_hardware_buffer (version 3)
09-11 05:02:55.481  9658 19737 I WiVRn   : [2026-09-11 05:02:55.481] [WiVRn] [info]     VK_EXT_astc_decode_mode (version 1)
09-11 05:02:55.481  9658 19737 I WiVRn   : [2026-09-11 05:02:55.481] [WiVRn] [info]     VK_EXT_blend_operation_advanced (version 1)
09-11 05:02:55.481  9658 19737 I WiVRn   : [2026-09-11 05:02:55.481] [WiVRn] [info]     VK_EXT_custom_border_color (version 12)
09-11 05:02:55.481  9658 19737 I WiVRn   : [2026-09-11 05:02:55.481] [WiVRn] [info]     VK_EXT_depth_clip_enable (version 1)
09-11 05:02:55.481  9658 19737 I WiVRn   : [2026-09-11 05:02:55.481] [WiVRn] [info]     VK_EXT_descriptor_indexing (version 2)
09-11 05:02:55.481  9658 19737 I WiVRn   : [2026-09-11 05:02:55.481] [WiVRn] [info]     VK_EXT_device_fault (version 1)
09-11 05:02:55.481  9658 19737 I WiVRn   : [2026-09-11 05:02:55.481] [WiVRn] [info]     VK_EXT_device_memory_report (version 2)
09-11 05:02:55.481  9658 19737 I WiVRn   : [2026-09-11 05:02:55.481] [WiVRn] [info]     VK_EXT_extended_dynamic_state (version 1)
09-11 05:02:55.481  9658 19737 I WiVRn   : [2026-09-11 05:02:55.481] [WiVRn] [info]     VK_EXT_filter_cubic (version 3)
09-11 05:02:55.481  9658 19737 I WiVRn   : [2026-09-11 05:02:55.481] [WiVRn] [info]     VK_EXT_fragment_density_map (version 1)
09-11 05:02:55.481  9658 19737 I WiVRn   : [2026-09-11 05:02:55.481] [WiVRn] [info]     VK_EXT_fragment_density_map2 (version 1)
09-11 05:02:55.481  9658 19737 I WiVRn   : [2026-09-11 05:02:55.481] [WiVRn] [info]     VK_EXT_global_priority (version 2)
09-11 05:02:55.481  9658 19737 I WiVRn   : [2026-09-11 05:02:55.481] [WiVRn] [info]     VK_EXT_global_priority_query (version 1)
09-11 05:02:55.481  9658 19737 I WiVRn   : [2026-09-11 05:02:55.481] [WiVRn] [info]     VK_EXT_hdr_metadata (version 1)
09-11 05:02:55.481  9658 19737 I WiVRn   : [2026-09-11 05:02:55.481] [WiVRn] [info]     VK_EXT_host_query_reset (version 1)
09-11 05:02:55.481  9658 19737 I WiVRn   : [2026-09-11 05:02:55.481] [WiVRn] [info]     VK_EXT_image_robustness (version 1)
09-11 05:02:55.481  9658 19737 I WiVRn   : [2026-09-11 05:02:55.481] [WiVRn] [info]     VK_EXT_index_type_uint8 (version 1)
09-11 05:02:55.481  9658 19737 I WiVRn   : [2026-09-11 05:02:55.481] [WiVRn] [info]     VK_EXT_line_rasterization (version 1)
09-11 05:02:55.481  9658 19737 I WiVRn   : [2026-09-11 05:02:55.481] [WiVRn] [info]     VK_EXT_pipeline_creation_cache_control (version 1)
09-11 05:02:55.481  9658 19737 I WiVRn   : [2026-09-11 05:02:55.481] [WiVRn] [info]     VK_EXT_pipeline_creation_feedback (version 1)
09-11 05:02:55.481  9658 19737 I WiVRn   : [2026-09-11 05:02:55.481] [WiVRn] [info]     VK_EXT_primitive_topology_list_restart (version 2)
09-11 05:02:55.481  9658 19737 I WiVRn   : [2026-09-11 05:02:55.481] [WiVRn] [info]     VK_EXT_private_data (version 1)
09-11 05:02:55.481  9658 19737 I WiVRn   : [2026-09-11 05:02:55.481] [WiVRn] [info]     VK_EXT_provoking_vertex (version 1)
09-11 05:02:55.481  9658 19737 I WiVRn   : [2026-09-11 05:02:55.481] [WiVRn] [info]     VK_EXT_queue_family_foreign (version 1)
09-11 05:02:55.481  9658 19737 I WiVRn   : [2026-09-11 05:02:55.481] [WiVRn] [info]     VK_EXT_robustness2 (version 1)
09-11 05:02:55.481  9658 19737 I WiVRn   : [2026-09-11 05:02:55.481] [WiVRn] [info]     VK_EXT_sample_locations (version 1)
09-11 05:02:55.481  9658 19737 I WiVRn   : [2026-09-11 05:02:55.481] [WiVRn] [info]     VK_EXT_sampler_filter_minmax (version 1)
09-11 05:02:55.481  9658 19737 I WiVRn   : [2026-09-11 05:02:55.481] [WiVRn] [info]     VK_EXT_scalar_block_layout (version 1)
09-11 05:02:55.481  9658 19737 I WiVRn   : [2026-09-11 05:02:55.481] [WiVRn] [info]     VK_EXT_separate_stencil_usage (version 1)
09-11 05:02:55.481  9658 19737 I WiVRn   : [2026-09-11 05:02:55.481] [WiVRn] [info]     VK_EXT_shader_demote_to_helper_invocation (version 1)
09-11 05:02:55.481  9658 19737 I WiVRn   : [2026-09-11 05:02:55.481] [WiVRn] [info]     VK_EXT_subgroup_size_control (version 2)
09-11 05:02:55.481  9658 19737 I WiVRn   : [2026-09-11 05:02:55.481] [WiVRn] [info]     VK_EXT_texture_compression_astc_hdr (version 1)
09-11 05:02:55.481  9658 19737 I WiVRn   : [2026-09-11 05:02:55.481] [WiVRn] [info]     VK_EXT_transform_feedback (version 1)
09-11 05:02:55.481  9658 19737 I WiVRn   : [2026-09-11 05:02:55.481] [WiVRn] [info]     VK_EXT_vertex_attribute_divisor (version 3)
09-11 05:02:55.481  9658 19737 I WiVRn   : [2026-09-11 05:02:55.481] [WiVRn] [info]     VK_EXT_vertex_input_dynamic_state (version 2)
09-11 05:02:55.481  9658 19737 I WiVRn   : [2026-09-11 05:02:55.481] [WiVRn] [info]     VK_GOOGLE_display_timing (version 1)
09-11 05:02:55.481  9658 19737 I WiVRn   : [2026-09-11 05:02:55.481] [WiVRn] [info]     VK_IMG_filter_cubic (version 1)
09-11 05:02:55.481  9658 19737 I WiVRn   : [2026-09-11 05:02:55.481] [WiVRn] [info]     VK_KHR_16bit_storage (version 1)
09-11 05:02:55.481  9658 19737 I WiVRn   : [2026-09-11 05:02:55.481] [WiVRn] [info]     VK_KHR_bind_memory2 (version 1)
09-11 05:02:55.481  9658 19737 I WiVRn   : [2026-09-11 05:02:55.481] [WiVRn] [info]     VK_KHR_buffer_device_address (version 1)
09-11 05:02:55.481  9658 19737 I WiVRn   : [2026-09-11 05:02:55.481] [WiVRn] [info]     VK_KHR_create_renderpass2 (version 1)
09-11 05:02:55.481  9658 19737 I WiVRn   : [2026-09-11 05:02:55.481] [WiVRn] [info]     VK_KHR_dedicated_allocation (version 1)
09-11 05:02:55.481  9658 19737 I WiVRn   : [2026-09-11 05:02:55.481] [WiVRn] [info]     VK_KHR_depth_stencil_resolve (version 1)
09-11 05:02:55.481  9658 19737 I WiVRn   : [2026-09-11 05:02:55.481] [WiVRn] [info]     VK_KHR_descriptor_update_template (version 1)
09-11 05:02:55.481  9658 19737 I WiVRn   : [2026-09-11 05:02:55.481] [WiVRn] [info]     VK_KHR_device_group (version 2)
09-11 05:02:55.481  9658 19737 I WiVRn   : [2026-09-11 05:02:55.481] [WiVRn] [info]     VK_KHR_draw_indirect_count (version 1)
09-11 05:02:55.481  9658 19737 I WiVRn   : [2026-09-11 05:02:55.481] [WiVRn] [info]     VK_KHR_driver_properties (version 1)
09-11 05:02:55.481  9658 19737 I WiVRn   : [2026-09-11 05:02:55.481] [WiVRn] [info]     VK_KHR_external_fence (version 1)
09-11 05:02:55.481  9658 19737 I WiVRn   : [2026-09-11 05:02:55.481] [WiVRn] [info]     VK_KHR_external_fence_fd (version 1)
09-11 05:02:55.481  9658 19737 I WiVRn   : [2026-09-11 05:02:55.481] [WiVRn] [info]     VK_KHR_external_memory (version 1)
09-11 05:02:55.481  9658 19737 I WiVRn   : [2026-09-11 05:02:55.481] [WiVRn] [info]     VK_KHR_external_memory_fd (version 1)
09-11 05:02:55.481  9658 19737 I WiVRn   : [2026-09-11 05:02:55.481] [WiVRn] [info]     VK_KHR_external_semaphore (version 1)
09-11 05:02:55.481  9658 19737 I WiVRn   : [2026-09-11 05:02:55.481] [WiVRn] [info]     VK_KHR_external_semaphore_fd (version 1)
09-11 05:02:55.481  9658 19737 I WiVRn   : [2026-09-11 05:02:55.481] [WiVRn] [info]     VK_KHR_get_memory_requirements2 (version 1)
09-11 05:02:55.481  9658 19737 I WiVRn   : [2026-09-11 05:02:55.481] [WiVRn] [info]     VK_KHR_image_format_list (version 1)
09-11 05:02:55.481  9658 19737 I WiVRn   : [2026-09-11 05:02:55.481] [WiVRn] [info]     VK_KHR_imageless_framebuffer (version 1)
09-11 05:02:55.481  9658 19737 I WiVRn   : [2026-09-11 05:02:55.481] [WiVRn] [info]     VK_KHR_incremental_present (version 1)
09-11 05:02:55.481  9658 19737 I WiVRn   : [2026-09-11 05:02:55.481] [WiVRn] [info]     VK_KHR_maintenance1 (version 1)
09-11 05:02:55.481  9658 19737 I WiVRn   : [2026-09-11 05:02:55.481] [WiVRn] [info]     VK_KHR_maintenance2 (version 1)
09-11 05:02:55.481  9658 19737 I WiVRn   : [2026-09-11 05:02:55.481] [WiVRn] [info]     VK_KHR_maintenance3 (version 1)
09-11 05:02:55.481  9658 19737 I WiVRn   : [2026-09-11 05:02:55.481] [WiVRn] [info]     VK_KHR_multiview (version 1)
09-11 05:02:55.481  9658 19737 I WiVRn   : [2026-09-11 05:02:55.481] [WiVRn] [info]     VK_KHR_pipeline_executable_properties (version 1)
09-11 05:02:55.481  9658 19737 I WiVRn   : [2026-09-11 05:02:55.481] [WiVRn] [info]     VK_KHR_push_descriptor (version 1)
09-11 05:02:55.481  9658 19737 I WiVRn   : [2026-09-11 05:02:55.481] [WiVRn] [info]     VK_KHR_relaxed_block_layout (version 1)
09-11 05:02:55.481  9658 19737 I WiVRn   : [2026-09-11 05:02:55.481] [WiVRn] [info]     VK_KHR_sampler_mirror_clamp_to_edge (version 1)
09-11 05:02:55.481  9658 19737 I WiVRn   : [2026-09-11 05:02:55.481] [WiVRn] [info]     VK_KHR_sampler_ycbcr_conversion (version 1)
09-11 05:02:55.481  9658 19737 I WiVRn   : [2026-09-11 05:02:55.481] [WiVRn] [info]     VK_KHR_separate_depth_stencil_layouts (version 1)
09-11 05:02:55.481  9658 19737 I WiVRn   : [2026-09-11 05:02:55.481] [WiVRn] [info]     VK_KHR_shader_draw_parameters (version 1)
09-11 05:02:55.481  9658 19737 I WiVRn   : [2026-09-11 05:02:55.481] [WiVRn] [info]     VK_KHR_shader_float16_int8 (version 1)
09-11 05:02:55.481  9658 19737 I WiVRn   : [2026-09-11 05:02:55.481] [WiVRn] [info]     VK_KHR_shader_float_controls (version 4)
09-11 05:02:55.481  9658 19737 I WiVRn   : [2026-09-11 05:02:55.481] [WiVRn] [info]     VK_KHR_shader_non_semantic_info (version 1)
09-11 05:02:55.481  9658 19737 I WiVRn   : [2026-09-11 05:02:55.481] [WiVRn] [info]     VK_KHR_shared_presentable_image (version 1)
09-11 05:02:55.481  9658 19737 I WiVRn   : [2026-09-11 05:02:55.481] [WiVRn] [info]     VK_KHR_spirv_1_4 (version 1)
09-11 05:02:55.481  9658 19737 I WiVRn   : [2026-09-11 05:02:55.481] [WiVRn] [info]     VK_KHR_storage_buffer_storage_class (version 1)
09-11 05:02:55.481  9658 19737 I WiVRn   : [2026-09-11 05:02:55.481] [WiVRn] [info]     VK_KHR_swapchain (version 70)
09-11 05:02:55.481  9658 19737 I WiVRn   : [2026-09-11 05:02:55.481] [WiVRn] [info]     VK_KHR_timeline_semaphore (version 2)
09-11 05:02:55.481  9658 19737 I WiVRn   : [2026-09-11 05:02:55.481] [WiVRn] [info]     VK_KHR_variable_pointers (version 1)
09-11 05:02:55.481  9658 19737 I WiVRn   : [2026-09-11 05:02:55.481] [WiVRn] [info]     VK_KHR_vulkan_memory_model (version 3)
09-11 05:02:55.481  9658 19737 I WiVRn   : [2026-09-11 05:02:55.481] [WiVRn] [info]     VK_QCOM_fragment_density_map_offset (version 1)
09-11 05:02:55.481  9658 19737 I WiVRn   : [2026-09-11 05:02:55.481] [WiVRn] [info]     VK_QCOM_render_pass_shader_resolve (version 4)
09-11 05:02:55.481  9658 19737 I WiVRn   : [2026-09-11 05:02:55.481] [WiVRn] [info]     VK_QCOM_render_pass_store_ops (version 2)
09-11 05:02:55.481  9658 19737 I WiVRn   : [2026-09-11 05:02:55.481] [WiVRn] [info]     VK_QCOM_render_pass_transform (version 3)
09-11 05:02:55.481  9658 19737 I WiVRn   : [2026-09-11 05:02:55.481] [WiVRn] [info]     VK_QCOM_tile_properties (version 1)
09-11 05:02:55.481  9658 19737 I WiVRn   : [2026-09-11 05:02:55.481] [WiVRn] [info] Initializing Vulkan with device Adreno (TM) 650
09-11 05:02:55.481  9658 19737 I WiVRn   : [2026-09-11 05:02:55.481] [WiVRn] [info]     Vendor ID: 0x5143
09-11 05:02:55.481  9658 19737 I WiVRn   : [2026-09-11 05:02:55.481] [WiVRn] [info]     Device ID: 0x6050002
09-11 05:02:55.481  9658 19737 I WiVRn   : [2026-09-11 05:02:55.481] [WiVRn] [info]     Driver version: 512.682.0
09-11 05:02:55.481  9658 19737 I WiVRn   : [2026-09-11 05:02:55.481] [WiVRn] [info]     maxPushConstantsSize: 128 bytes
09-11 05:02:55.481  9658 19737 I WiVRn   : [2026-09-11 05:02:55.481] [WiVRn] [info] NX queue priorities: render 0 decode 1 / 1 (3 queues)
09-11 05:02:55.481  9658 19737 I WiVRn   : [2026-09-11 05:02:55.481] [WiVRn] [info] Vulkan fragment density map enabled
09-11 05:02:55.482  9658 19737 I WiVRn   : [2026-09-11 05:02:55.482] [WiVRn] [info]     queue family 0 has 3 queues; decoding on queue 1 and queue 2 (one per eye)
09-11 05:02:55.511  9658 19737 I WiVRn   : [2026-09-11 05:02:55.511] [WiVRn] [info] 4 reference spaces
09-11 05:02:55.511  9658 19737 I WiVRn   : [2026-09-11 05:02:55.511] [WiVRn] [info]     XR_REFERENCE_SPACE_TYPE_VIEW
09-11 05:02:55.511  9658 19737 I WiVRn   : [2026-09-11 05:02:55.511] [WiVRn] [info]     XR_REFERENCE_SPACE_TYPE_LOCAL
09-11 05:02:55.511  9658 19737 I WiVRn   : [2026-09-11 05:02:55.511] [WiVRn] [info]     XR_REFERENCE_SPACE_TYPE_STAGE
09-11 05:02:55.511  9658 19737 I WiVRn   : [2026-09-11 05:02:55.511] [WiVRn] [info]     XR_REFERENCE_SPACE_TYPE_LOCAL_FLOOR
09-11 05:02:55.511  9658 19737 I WiVRn   : [2026-09-11 05:02:55.511] [WiVRn] [info] Adding grip_surface/pose for interaction profile /interaction_profiles/khr/simple_controller
09-11 05:02:55.511  9658 19737 I WiVRn   : [2026-09-11 05:02:55.511] [WiVRn] [info] Adding pinch_ext/pose for interaction profile /interaction_profiles/khr/simple_controller
09-11 05:02:55.511  9658 19737 I WiVRn   : [2026-09-11 05:02:55.511] [WiVRn] [info] Adding poke_ext/pose for interaction profile /interaction_profiles/khr/simple_controller
09-11 05:02:55.511  9658 19737 I WiVRn   : [2026-09-11 05:02:55.511] [WiVRn] [info] Adding grip_surface/pose for interaction profile /interaction_profiles/oculus/touch_controller
09-11 05:02:55.511  9658 19737 I WiVRn   : [2026-09-11 05:02:55.511] [WiVRn] [info] Adding pinch_ext/pose for interaction profile /interaction_profiles/oculus/touch_controller
09-11 05:02:55.511  9658 19737 I WiVRn   : [2026-09-11 05:02:55.511] [WiVRn] [info] Adding poke_ext/pose for interaction profile /interaction_profiles/oculus/touch_controller
09-11 05:02:55.511  9658 19737 I WiVRn   : [2026-09-11 05:02:55.511] [WiVRn] [info] Adding grip_surface/pose for interaction profile /interaction_profiles/meta/touch_pro_controller
09-11 05:02:55.511  9658 19737 I WiVRn   : [2026-09-11 05:02:55.511] [WiVRn] [info] Adding pinch_ext/pose for interaction profile /interaction_profiles/meta/touch_pro_controller
09-11 05:02:55.511  9658 19737 I WiVRn   : [2026-09-11 05:02:55.511] [WiVRn] [info] Adding poke_ext/pose for interaction profile /interaction_profiles/meta/touch_pro_controller
09-11 05:02:55.511  9658 19737 I WiVRn   : [2026-09-11 05:02:55.511] [WiVRn] [info] Adding grip_surface/pose for interaction profile /interaction_profiles/meta/touch_plus_controller
09-11 05:02:55.511  9658 19737 I WiVRn   : [2026-09-11 05:02:55.511] [WiVRn] [info] Adding pinch_ext/pose for interaction profile /interaction_profiles/meta/touch_plus_controller
09-11 05:02:55.511  9658 19737 I WiVRn   : [2026-09-11 05:02:55.511] [WiVRn] [info] Adding poke_ext/pose for interaction profile /interaction_profiles/meta/touch_plus_controller
09-11 05:02:55.511  9658 19737 I WiVRn   : [2026-09-11 05:02:55.511] [WiVRn] [info] Adding grip_surface/pose for interaction profile /interaction_profiles/bytedance/pico_neo3_controller
09-11 05:02:55.511  9658 19737 I WiVRn   : [2026-09-11 05:02:55.511] [WiVRn] [info] Adding pinch_ext/pose for interaction profile /interaction_profiles/bytedance/pico_neo3_controller
09-11 05:02:55.511  9658 19737 I WiVRn   : [2026-09-11 05:02:55.511] [WiVRn] [info] Adding poke_ext/pose for interaction profile /interaction_profiles/bytedance/pico_neo3_controller
09-11 05:02:55.511  9658 19737 I WiVRn   : [2026-09-11 05:02:55.511] [WiVRn] [info] Adding grip_surface/pose for interaction profile /interaction_profiles/bytedance/pico4_controller
09-11 05:02:55.511  9658 19737 I WiVRn   : [2026-09-11 05:02:55.511] [WiVRn] [info] Adding pinch_ext/pose for interaction profile /interaction_profiles/bytedance/pico4_controller
09-11 05:02:55.511  9658 19737 I WiVRn   : [2026-09-11 05:02:55.511] [WiVRn] [info] Adding poke_ext/pose for interaction profile /interaction_profiles/bytedance/pico4_controller
09-11 05:02:55.511  9658 19737 I WiVRn   : [2026-09-11 05:02:55.511] [WiVRn] [info] Adding grip_surface/pose for interaction profile /interaction_profiles/bytedance/pico4s_controller
09-11 05:02:55.511  9658 19737 I WiVRn   : [2026-09-11 05:02:55.511] [WiVRn] [info] Adding pinch_ext/pose for interaction profile /interaction_profiles/bytedance/pico4s_controller
09-11 05:02:55.511  9658 19737 I WiVRn   : [2026-09-11 05:02:55.511] [WiVRn] [info] Adding poke_ext/pose for interaction profile /interaction_profiles/bytedance/pico4s_controller
09-11 05:02:55.511  9658 19737 I WiVRn   : [2026-09-11 05:02:55.511] [WiVRn] [info] Adding grip_surface/pose for interaction profile /interaction_profiles/yvr/touch_controller_yvr
09-11 05:02:55.511  9658 19737 I WiVRn   : [2026-09-11 05:02:55.511] [WiVRn] [info] Adding pinch_ext/pose for interaction profile /interaction_profiles/yvr/touch_controller_yvr
09-11 05:02:55.511  9658 19737 I WiVRn   : [2026-09-11 05:02:55.511] [WiVRn] [info] Adding poke_ext/pose for interaction profile /interaction_profiles/yvr/touch_controller_yvr
09-11 05:02:55.511  9658 19737 I WiVRn   : [2026-09-11 05:02:55.511] [WiVRn] [info] Adding grip_surface/pose for interaction profile /interaction_profiles/htc/vive_focus3_controller
09-11 05:02:55.511  9658 19737 I WiVRn   : [2026-09-11 05:02:55.511] [WiVRn] [info] Adding pinch_ext/pose for interaction profile /interaction_profiles/htc/vive_focus3_controller
09-11 05:02:55.511  9658 19737 I WiVRn   : [2026-09-11 05:02:55.511] [WiVRn] [info] Adding poke_ext/pose for interaction profile /interaction_profiles/htc/vive_focus3_controller
09-11 05:02:55.511  9658 19737 I WiVRn   : [2026-09-11 05:02:55.511] [WiVRn] [info] Adding grip_surface/pose for interaction profile /interaction_profiles/ext/hand_interaction_ext
09-11 05:02:55.516  9658 19737 I WiVRn   : [2026-09-11 05:02:55.516] [WiVRn] [info] Current locale: language en, country GB, encoding UTF-8
09-11 05:02:55.516  9658 19737 I WiVRn   : [2026-09-11 05:02:55.516] [WiVRn] [info] Supported swapchain formats:
09-11 05:02:55.516  9658 19737 I WiVRn   : [2026-09-11 05:02:55.516] [WiVRn] [info]     R8G8B8A8Srgb
09-11 05:02:55.516  9658 19737 I WiVRn   : [2026-09-11 05:02:55.516] [WiVRn] [info]     R8Unorm
09-11 05:02:55.516  9658 19737 I WiVRn   : [2026-09-11 05:02:55.516] [WiVRn] [info]     R8G8Unorm
09-11 05:02:55.516  9658 19737 I WiVRn   : [2026-09-11 05:02:55.516] [WiVRn] [info]     R8G8B8A8Unorm
09-11 05:02:55.516  9658 19737 I WiVRn   : [2026-09-11 05:02:55.516] [WiVRn] [info]     R5G6B5UnormPack16
09-11 05:02:55.516  9658 19737 I WiVRn   : [2026-09-11 05:02:55.516] [WiVRn] [info]     A2B10G10R10UnormPack32
09-11 05:02:55.516  9658 19737 I WiVRn   : [2026-09-11 05:02:55.516] [WiVRn] [info]     R16Unorm
09-11 05:02:55.516  9658 19737 I WiVRn   : [2026-09-11 05:02:55.516] [WiVRn] [info]     R16G16Unorm
09-11 05:02:55.516  9658 19737 I WiVRn   : [2026-09-11 05:02:55.516] [WiVRn] [info]     R16G16B16A16Unorm
09-11 05:02:55.516  9658 19737 I WiVRn   : [2026-09-11 05:02:55.516] [WiVRn] [info]     R16Uint
09-11 05:02:55.516  9658 19737 I WiVRn   : [2026-09-11 05:02:55.516] [WiVRn] [info]     R16G16Uint
09-11 05:02:55.516  9658 19737 I WiVRn   : [2026-09-11 05:02:55.516] [WiVRn] [info]     R16G16B16A16Uint
09-11 05:02:55.516  9658 19737 I WiVRn   : [2026-09-11 05:02:55.516] [WiVRn] [info]     R16Sint
09-11 05:02:55.516  9658 19737 I WiVRn   : [2026-09-11 05:02:55.516] [WiVRn] [info]     R16G16Sint
09-11 05:02:55.516  9658 19737 I WiVRn   : [2026-09-11 05:02:55.516] [WiVRn] [info]     R16G16B16A16Sint
09-11 05:02:55.516  9658 19737 I WiVRn   : [2026-09-11 05:02:55.516] [WiVRn] [info]     R16Sfloat
09-11 05:02:55.516  9658 19737 I WiVRn   : [2026-09-11 05:02:55.516] [WiVRn] [info]     R16G16Sfloat
09-11 05:02:55.516  9658 19737 I WiVRn   : [2026-09-11 05:02:55.516] [WiVRn] [info]     R16G16B16A16Sfloat
09-11 05:02:55.516  9658 19737 I WiVRn   : [2026-09-11 05:02:55.516] [WiVRn] [info]     A1R5G5B5UnormPack16
09-11 05:02:55.516  9658 19737 I WiVRn   : [2026-09-11 05:02:55.516] [WiVRn] [info]     Etc2R8G8B8UnormBlock
09-11 05:02:55.516  9658 19737 I WiVRn   : [2026-09-11 05:02:55.516] [WiVRn] [info]     Etc2R8G8B8A1UnormBlock
09-11 05:02:55.516  9658 19737 I WiVRn   : [2026-09-11 05:02:55.516] [WiVRn] [info]     Etc2R8G8B8A8UnormBlock
09-11 05:02:55.516  9658 19737 I WiVRn   : [2026-09-11 05:02:55.516] [WiVRn] [info]     Etc2R8G8B8SrgbBlock
09-11 05:02:55.516  9658 19737 I WiVRn   : [2026-09-11 05:02:55.516] [WiVRn] [info]     Etc2R8G8B8A1SrgbBlock
09-11 05:02:55.516  9658 19737 I WiVRn   : [2026-09-11 05:02:55.516] [WiVRn] [info]     Etc2R8G8B8A8SrgbBlock
09-11 05:02:55.516  9658 19737 I WiVRn   : [2026-09-11 05:02:55.516] [WiVRn] [info]     EacR11UnormBlock
09-11 05:02:55.516  9658 19737 I WiVRn   : [2026-09-11 05:02:55.516] [WiVRn] [info]     EacR11G11UnormBlock
09-11 05:02:55.516  9658 19737 I WiVRn   : [2026-09-11 05:02:55.516] [WiVRn] [info]     EacR11SnormBlock
09-11 05:02:55.516  9658 19737 I WiVRn   : [2026-09-11 05:02:55.516] [WiVRn] [info]     EacR11G11SnormBlock
09-11 05:02:55.516  9658 19737 I WiVRn   : [2026-09-11 05:02:55.516] [WiVRn] [info]     Astc4x4UnormBlock
09-11 05:02:55.516  9658 19737 I WiVRn   : [2026-09-11 05:02:55.516] [WiVRn] [info]     Astc5x4UnormBlock
09-11 05:02:55.516  9658 19737 I WiVRn   : [2026-09-11 05:02:55.516] [WiVRn] [info]     Astc5x5UnormBlock
09-11 05:02:55.516  9658 19737 I WiVRn   : [2026-09-11 05:02:55.516] [WiVRn] [info]     Astc6x5UnormBlock
09-11 05:02:55.516  9658 19737 I WiVRn   : [2026-09-11 05:02:55.516] [WiVRn] [info]     Astc6x6UnormBlock
09-11 05:02:55.516  9658 19737 I WiVRn   : [2026-09-11 05:02:55.516] [WiVRn] [info]     Astc8x5UnormBlock
09-11 05:02:55.516  9658 19737 I WiVRn   : [2026-09-11 05:02:55.516] [WiVRn] [info]     Astc8x6UnormBlock
09-11 05:02:55.516  9658 19737 I WiVRn   : [2026-09-11 05:02:55.516] [WiVRn] [info]     Astc8x8UnormBlock
09-11 05:02:55.516  9658 19737 I WiVRn   : [2026-09-11 05:02:55.516] [WiVRn] [info]     Astc10x5UnormBlock
09-11 05:02:55.516  9658 19737 I WiVRn   : [2026-09-11 05:02:55.516] [WiVRn] [info]     Astc10x6UnormBlock
09-11 05:02:55.516  9658 19737 I WiVRn   : [2026-09-11 05:02:55.516] [WiVRn] [info]     Astc10x8UnormBlock
09-11 05:02:55.516  9658 19737 I WiVRn   : [2026-09-11 05:02:55.516] [WiVRn] [info]     Astc10x10UnormBlock
09-11 05:02:55.516  9658 19737 I WiVRn   : [2026-09-11 05:02:55.516] [WiVRn] [info]     Astc12x10UnormBlock
09-11 05:02:55.516  9658 19737 I WiVRn   : [2026-09-11 05:02:55.516] [WiVRn] [info]     Astc12x12UnormBlock
09-11 05:02:55.516  9658 19737 I WiVRn   : [2026-09-11 05:02:55.516] [WiVRn] [info]     Astc4x4SrgbBlock
09-11 05:02:55.516  9658 19737 I WiVRn   : [2026-09-11 05:02:55.516] [WiVRn] [info]     Astc5x4SrgbBlock
09-11 05:02:55.516  9658 19737 I WiVRn   : [2026-09-11 05:02:55.516] [WiVRn] [info]     Astc5x5SrgbBlock
09-11 05:02:55.516  9658 19737 I WiVRn   : [2026-09-11 05:02:55.516] [WiVRn] [info]     Astc6x5SrgbBlock
09-11 05:02:55.516  9658 19737 I WiVRn   : [2026-09-11 05:02:55.516] [WiVRn] [info]     Astc6x6SrgbBlock
09-11 05:02:55.516  9658 19737 I WiVRn   : [2026-09-11 05:02:55.516] [WiVRn] [info]     Astc8x5SrgbBlock
09-11 05:02:55.516  9658 19737 I WiVRn   : [2026-09-11 05:02:55.516] [WiVRn] [info]     Astc8x6SrgbBlock
09-11 05:02:55.516  9658 19737 I WiVRn   : [2026-09-11 05:02:55.516] [WiVRn] [info]     Astc8x8SrgbBlock
09-11 05:02:55.516  9658 19737 I WiVRn   : [2026-09-11 05:02:55.516] [WiVRn] [info]     Astc10x5SrgbBlock
09-11 05:02:55.516  9658 19737 I WiVRn   : [2026-09-11 05:02:55.516] [WiVRn] [info]     Astc10x6SrgbBlock
09-11 05:02:55.516  9658 19737 I WiVRn   : [2026-09-11 05:02:55.516] [WiVRn] [info]     Astc10x8SrgbBlock
09-11 05:02:55.516  9658 19737 I WiVRn   : [2026-09-11 05:02:55.516] [WiVRn] [info]     Astc10x10SrgbBlock
09-11 05:02:55.516  9658 19737 I WiVRn   : [2026-09-11 05:02:55.516] [WiVRn] [info]     Astc12x10SrgbBlock
09-11 05:02:55.516  9658 19737 I WiVRn   : [2026-09-11 05:02:55.516] [WiVRn] [info]     Astc12x12SrgbBlock
09-11 05:02:55.516  9658 19737 I WiVRn   : [2026-09-11 05:02:55.516] [WiVRn] [info]     D16Unorm
09-11 05:02:55.516  9658 19737 I WiVRn   : [2026-09-11 05:02:55.516] [WiVRn] [info]     X8D24UnormPack32
09-11 05:02:55.516  9658 19737 I WiVRn   : [2026-09-11 05:02:55.516] [WiVRn] [info]     D32Sfloat
09-11 05:02:55.516  9658 19737 I WiVRn   : [2026-09-11 05:02:55.516] [WiVRn] [info]     D24UnormS8Uint
09-11 05:02:55.516  9658 19737 I WiVRn   : [2026-09-11 05:02:55.516] [WiVRn] [info]     B8G8R8A8Unorm
09-11 05:02:55.516  9658 19737 I WiVRn   : [2026-09-11 05:02:55.516] [WiVRn] [info]     B8G8R8A8Srgb
09-11 05:02:55.536  9658 19737 I WiVRn   : [2026-09-11 05:02:55.536] [WiVRn] [info] Using formats R8G8B8A8Srgb and D32Sfloat
09-11 05:02:55.536  9658 19737 I WiVRn   : [2026-09-11 05:02:55.536] [WiVRn] [info] Composition layer depth test NOT supported
09-11 05:02:55.536  9658 19737 I WiVRn   : [2026-09-11 05:02:55.536] [WiVRn] [info] Composition layer color scale/bias supported
09-11 05:02:55.536  9658 19737 I WiVRn   : [2026-09-11 05:02:55.536] [WiVRn] [info] 0 known server(s):
09-11 05:02:55.537  9658 19767 I WiVRn   : [2026-09-11 05:02:55.537] [WiVRn] [info] Session state changed at timestamp 0: XR_SESSION_STATE_UNKNOWN => XR_SESSION_STATE_IDLE
09-11 05:02:55.537  9658 19767 I WiVRn   : [2026-09-11 05:02:55.537] [WiVRn] [info] Session state changed at timestamp 0: XR_SESSION_STATE_IDLE => XR_SESSION_STATE_READY
09-11 05:02:55.558  9658 19767 I WiVRn   : [2026-09-11 05:02:55.558] [WiVRn] [info] Received event type XR_TYPE_EVENT_DATA_USER_PRESENCE_CHANGED_EXT
09-11 05:02:55.558  9658 19767 I WiVRn   : [2026-09-11 05:02:55.558] [WiVRn] [info] Using panel size: 2160x2160
09-11 05:02:55.745  9658 19767 I WiVRn   : [2026-09-11 05:02:55.745] [WiVRn] [info] Loaded input profile pico-4
09-11 05:02:55.745  9658 19767 I WiVRn   : [2026-09-11 05:02:55.745] [WiVRn] [info] Initializing offset of space aim_left to (-5, 0, 20) mm, (0, -0, 0)°
09-11 05:02:55.745  9658 19767 I WiVRn   : [2026-09-11 05:02:55.745] [WiVRn] [info] Initializing offset of space aim_right to (5, 0, 20) mm, (0, -0, 0)°
09-11 05:02:55.745  9658 19767 I WiVRn   : [2026-09-11 05:02:55.745] [WiVRn] [info] Initializing offset of space grip_left to (0, -20, -50) mm, (-30.000002, -0, 0)°
09-11 05:02:55.745  9658 19767 I WiVRn   : [2026-09-11 05:02:55.745] [WiVRn] [info] Initializing offset of space grip_right to (0, -20, -50) mm, (-30.000002, -0, 0)°
09-11 05:02:55.756  9658 19767 I WiVRn   : [2026-09-11 05:02:55.756] [WiVRn] [info] Font for de /system/fonts/PICOSans.ttf
09-11 05:02:55.756  9658 19767 I WiVRn   : [2026-09-11 05:02:55.756] [WiVRn] [info] Font for es /system/fonts/PICOSans.ttf
09-11 05:02:55.756  9658 19767 I WiVRn   : [2026-09-11 05:02:55.756] [WiVRn] [info] Font for fr /system/fonts/PICOSans.ttf
09-11 05:02:55.756  9658 19767 I WiVRn   : [2026-09-11 05:02:55.756] [WiVRn] [info] Font for fr /system/fonts/Roboto-Regular.ttf
09-11 05:02:55.756  9658 19767 I WiVRn   : [2026-09-11 05:02:55.756] [WiVRn] [info] Font for it /system/fonts/PICOSans.ttf
09-11 05:02:55.756  9658 19767 I WiVRn   : [2026-09-11 05:02:55.756] [WiVRn] [info] Font for ja /system/fonts/PICOSans.ttf
09-11 05:02:55.756  9658 19767 I WiVRn   : [2026-09-11 05:02:55.756] [WiVRn] [info] Font for ja /system/fonts/PICOSansVFJP.ttf
09-11 05:02:55.756  9658 19767 I WiVRn   : [2026-09-11 05:02:55.756] [WiVRn] [info] Font for ka /system/fonts/PICOSans.ttf
09-11 05:02:55.756  9658 19767 I WiVRn   : [2026-09-11 05:02:55.756] [WiVRn] [info] Font for ka /system/fonts/NotoSansGeorgian-Regular.otf
09-11 05:02:55.756  9658 19767 I WiVRn   : [2026-09-11 05:02:55.756] [WiVRn] [info] Font for ka /system/fonts/PICOSans.ttf
09-11 05:02:55.756  9658 19767 I WiVRn   : [2026-09-11 05:02:55.756] [WiVRn] [info] Font for pl /system/fonts/PICOSans.ttf
09-11 05:02:55.756  9658 19767 I WiVRn   : [2026-09-11 05:02:55.756] [WiVRn] [info] Font for pl /system/fonts/Roboto-Regular.ttf
09-11 05:02:55.756  9658 19767 I WiVRn   : [2026-09-11 05:02:55.756] [WiVRn] [info] Font for pl /system/fonts/PICOSans.ttf
09-11 05:02:55.756  9658 19767 I WiVRn   : [2026-09-11 05:02:55.756] [WiVRn] [info] Font for pl /system/fonts/PICOSansSC-Regular.ttf
09-11 05:02:55.756  9658 19767 I WiVRn   : [2026-09-11 05:02:55.756] [WiVRn] [info] Font for pl /system/fonts/Roboto-Regular.ttf
09-11 05:02:55.756  9658 19767 I WiVRn   : [2026-09-11 05:02:55.756] [WiVRn] [info] Font for pl /system/fonts/PICOSans.ttf
09-11 05:02:55.757  9658 19767 I WiVRn   : [2026-09-11 05:02:55.757] [WiVRn] [info] Font for pt_BR /system/fonts/PICOSans.ttf
09-11 05:02:55.757  9658 19767 I WiVRn   : [2026-09-11 05:02:55.757] [WiVRn] [info] Font for ru /system/fonts/PICOSans.ttf
09-11 05:02:55.757  9658 19767 I WiVRn   : [2026-09-11 05:02:55.757] [WiVRn] [info] Font for ru /system/fonts/PICOSansSC-Regular.ttf
09-11 05:02:55.757  9658 19767 I WiVRn   : [2026-09-11 05:02:55.757] [WiVRn] [info] Font for ru /system/fonts/PICOSans.ttf
09-11 05:02:55.757  9658 19767 I WiVRn   : [2026-09-11 05:02:55.757] [WiVRn] [info] Font for sk /system/fonts/PICOSans.ttf
09-11 05:02:55.757  9658 19767 I WiVRn   : [2026-09-11 05:02:55.757] [WiVRn] [info] Font for sk /system/fonts/Roboto-Regular.ttf
09-11 05:02:55.757  9658 19767 I WiVRn   : [2026-09-11 05:02:55.757] [WiVRn] [info] Font for sk /system/fonts/PICOSansSC-Regular.ttf
09-11 05:02:55.757  9658 19767 I WiVRn   : [2026-09-11 05:02:55.757] [WiVRn] [info] Font for sk /system/fonts/PICOSans.ttf
09-11 05:02:55.757  9658 19767 I WiVRn   : [2026-09-11 05:02:55.757] [WiVRn] [info] Font for sk /system/fonts/Roboto-Regular.ttf
09-11 05:02:55.757  9658 19767 I WiVRn   : [2026-09-11 05:02:55.757] [WiVRn] [info] Font for sk /system/fonts/PICOSans.ttf
09-11 05:02:55.757  9658 19767 I WiVRn   : [2026-09-11 05:02:55.757] [WiVRn] [info] Font for tr /system/fonts/PICOSans.ttf
09-11 05:02:55.757  9658 19767 I WiVRn   : [2026-09-11 05:02:55.757] [WiVRn] [info] Font for tr /system/fonts/Roboto-Regular.ttf
09-11 05:02:55.757  9658 19767 I WiVRn   : [2026-09-11 05:02:55.757] [WiVRn] [info] Font for tr /system/fonts/PICOSans.ttf
09-11 05:02:55.757  9658 19767 I WiVRn   : [2026-09-11 05:02:55.757] [WiVRn] [info] Font for tr /system/fonts/Roboto-Regular.ttf
09-11 05:02:55.757  9658 19767 I WiVRn   : [2026-09-11 05:02:55.757] [WiVRn] [info] Font for tr /system/fonts/PICOSans.ttf
09-11 05:02:55.757  9658 19767 I WiVRn   : [2026-09-11 05:02:55.757] [WiVRn] [info] Font for zh_CN /system/fonts/PICOSans.ttf
09-11 05:02:55.757  9658 19767 I WiVRn   : [2026-09-11 05:02:55.757] [WiVRn] [info] Font for zh_CN /system/fonts/PICOSansSC-Regular.ttf
09-11 05:02:55.757  9658 19767 I WiVRn   : [2026-09-11 05:02:55.757] [WiVRn] [info] Font for zh_TW /system/fonts/PICOSans.ttf
09-11 05:02:55.757  9658 19767 I WiVRn   : [2026-09-11 05:02:55.757] [WiVRn] [info] Font for zh_TW /system/fonts/PICOSansSC-Regular.ttf
09-11 05:02:55.761  9658 19767 I WiVRn   : [2026-09-11 05:02:55.761] [WiVRn] [info] Using font /system/fonts/PICOSans.ttf
09-11 05:02:55.761  9658 19767 I WiVRn   : [2026-09-11 05:02:55.761] [WiVRn] [info] Using font /system/fonts/Roboto-Regular.ttf
09-11 05:02:55.761  9658 19767 I WiVRn   : [2026-09-11 05:02:55.761] [WiVRn] [info] Using font /system/fonts/PICOSansVFJP.ttf
09-11 05:02:55.768  9658 19767 I WiVRn   : [2026-09-11 05:02:55.768] [WiVRn] [info] Using font /system/fonts/NotoSansGeorgian-Regular.otf
09-11 05:02:55.768  9658 19767 I WiVRn   : [2026-09-11 05:02:55.768] [WiVRn] [info] Using font /system/fonts/PICOSansSC-Regular.ttf
09-11 05:02:55.845  9658 19767 I WiVRn   : [2026-09-11 05:02:55.845] [WiVRn] [info] MulticastLock acquired
09-11 05:02:55.846  9658 19767 I WiVRn   : [2026-09-11 05:02:55.846] [WiVRn] [info] Local IPv6 address: 2003:c2:3701:81fc:b3c8:aefc:7af2:8a5a
09-11 05:02:55.846  9658 19767 I WiVRn   : [2026-09-11 05:02:55.846] [WiVRn] [info] Local IPv6 address: 2003:c2:3701:81fc:616a:1ec4:5f3c:1dd5
09-11 05:02:55.846  9658 19767 I WiVRn   : [2026-09-11 05:02:55.846] [WiVRn] [info] Local IPv6 address: fd3c:3d87:86b7:0:c7ff:60cd:b757:e773
09-11 05:02:55.846  9658 19767 I WiVRn   : [2026-09-11 05:02:55.846] [WiVRn] [info] Local IPv6 address: fd3c:3d87:86b7:0:616a:1ec4:5f3c:1dd5
09-11 05:02:55.846  9658 19767 I WiVRn   : [2026-09-11 05:02:55.846] [WiVRn] [info] Local IPv4 address: 192.168.1.248
09-11 05:02:55.846  9658 19767 W WiVRn   : [2026-09-11 05:02:55.846] [WiVRn] [warning] unknown family 17
09-11 05:02:55.846  9658 19783 I WiVRn   : [2026-09-11 05:02:55.846] [WiVRn] [info] Sending query for _wivrn._tcp.local., type PTR
09-11 05:02:55.846  9658 19767 I WiVRn   : [2026-09-11 05:02:55.846] [WiVRn] [info] Performance level: CPU domain asked for sustained_high
09-11 05:02:55.846  9658 19767 I WiVRn   : [2026-09-11 05:02:55.846] [WiVRn] [info] Performance level: GPU domain asked for boost
09-11 05:02:55.848  9658 19767 I WiVRn   : [2026-09-11 05:02:55.848] [WiVRn] [info] Received event type XR_TYPE_EVENT_DATA_INTERACTION_PROFILE_CHANGED
09-11 05:02:55.848  9658 19767 I WiVRn   : [2026-09-11 05:02:55.848] [WiVRn] [info] Received event type XR_TYPE_EVENT_DATA_INTERACTION_PROFILE_CHANGED
09-11 05:02:55.848  9658 19767 I WiVRn   : [2026-09-11 05:02:55.848] [WiVRn] [info] Session state changed at timestamp 0: XR_SESSION_STATE_READY => XR_SESSION_STATE_SYNCHRONIZED
09-11 05:02:55.848  9658 19767 I WiVRn   : [2026-09-11 05:02:55.848] [WiVRn] [info] Refresh rate changed from 72 to 90
09-11 05:02:55.848  9658 19767 I WiVRn   : [2026-09-11 05:02:55.848] [WiVRn] [info] Session state changed at timestamp 0: XR_SESSION_STATE_SYNCHRONIZED => XR_SESSION_STATE_VISIBLE
09-11 05:02:55.853  9658 19784 I WiVRn   : [2026-09-11 05:02:55.853] [WiVRn] [info] Using pin "000000"
09-11 05:02:55.859  9658 19784 I WiVRn   : [2026-09-11 05:02:55.859] [WiVRn] [info] Wi-Fi QoS marks enabled (uplink EF / AC_VO)
09-11 05:02:55.864  9658 19767 I WiVRn   : [2026-09-11 05:02:55.864] [WiVRn] [info] Creating new swapchain: eR8G8B8A8Srgb, 1504x1504, 1 sample(s), 2 level(s)
09-11 05:02:55.865  9658 19767 I WiVRn   : [2026-09-11 05:02:55.865] [WiVRn] [info] Created swapchain
09-11 05:02:55.866  9658 19767 I WiVRn   : [2026-09-11 05:02:55.866] [WiVRn] [info] Creating new swapchain: eR8G8B8A8Srgb, 1504x1504, 1 sample(s), 2 level(s)
09-11 05:02:55.868  9658 19767 I WiVRn   : [2026-09-11 05:02:55.868] [WiVRn] [info] Created swapchain
09-11 05:02:55.871  9658 19763 I PxrMetric: FPS=0/90,MTP=17.90ms,AppSW=off,FrmEarly=0,FrmLate=1,FrmCpu=2.99ms,FrmGpu=0.01ms,FrmTime=3.00ms,ATWGPU=0.00ms,VsyncDelay=0,GPU=0%/0Mhz,GPUTemp=0.0C,LayerCnt=0,Pkg=org.meumeu.wivrn.nx.warp,FrmId=2
09-11 05:02:55.874  9658 19767 I WiVRn   : [2026-09-11 05:02:55.874] [WiVRn] [info] Supported swapchain formats:
09-11 05:02:55.874  9658 19767 I WiVRn   : [2026-09-11 05:02:55.874] [WiVRn] [info]     R8G8B8A8Srgb
09-11 05:02:55.874  9658 19767 I WiVRn   : [2026-09-11 05:02:55.874] [WiVRn] [info]     R8Unorm
09-11 05:02:55.874  9658 19767 I WiVRn   : [2026-09-11 05:02:55.874] [WiVRn] [info]     R8G8Unorm
09-11 05:02:55.874  9658 19767 I WiVRn   : [2026-09-11 05:02:55.874] [WiVRn] [info]     R8G8B8A8Unorm
09-11 05:02:55.874  9658 19767 I WiVRn   : [2026-09-11 05:02:55.874] [WiVRn] [info]     R5G6B5UnormPack16
09-11 05:02:55.874  9658 19767 I WiVRn   : [2026-09-11 05:02:55.874] [WiVRn] [info]     A2B10G10R10UnormPack32
09-11 05:02:55.874  9658 19767 I WiVRn   : [2026-09-11 05:02:55.874] [WiVRn] [info]     R16Unorm
09-11 05:02:55.874  9658 19767 I WiVRn   : [2026-09-11 05:02:55.874] [WiVRn] [info]     R16G16Unorm
09-11 05:02:55.874  9658 19767 I WiVRn   : [2026-09-11 05:02:55.874] [WiVRn] [info]     R16G16B16A16Unorm
09-11 05:02:55.874  9658 19767 I WiVRn   : [2026-09-11 05:02:55.874] [WiVRn] [info]     R16Uint
09-11 05:02:55.874  9658 19767 I WiVRn   : [2026-09-11 05:02:55.874] [WiVRn] [info]     R16G16Uint
09-11 05:02:55.874  9658 19767 I WiVRn   : [2026-09-11 05:02:55.874] [WiVRn] [info]     R16G16B16A16Uint
09-11 05:02:55.874  9658 19767 I WiVRn   : [2026-09-11 05:02:55.874] [WiVRn] [info]     R16Sint
09-11 05:02:55.874  9658 19767 I WiVRn   : [2026-09-11 05:02:55.874] [WiVRn] [info]     R16G16Sint
09-11 05:02:55.874  9658 19767 I WiVRn   : [2026-09-11 05:02:55.874] [WiVRn] [info]     R16G16B16A16Sint
09-11 05:02:55.874  9658 19767 I WiVRn   : [2026-09-11 05:02:55.874] [WiVRn] [info]     R16Sfloat
09-11 05:02:55.874  9658 19767 I WiVRn   : [2026-09-11 05:02:55.874] [WiVRn] [info]     R16G16Sfloat
09-11 05:02:55.874  9658 19767 I WiVRn   : [2026-09-11 05:02:55.874] [WiVRn] [info]     R16G16B16A16Sfloat
09-11 05:02:55.874  9658 19767 I WiVRn   : [2026-09-11 05:02:55.874] [WiVRn] [info]     A1R5G5B5UnormPack16
09-11 05:02:55.874  9658 19767 I WiVRn   : [2026-09-11 05:02:55.874] [WiVRn] [info]     Etc2R8G8B8UnormBlock
09-11 05:02:55.874  9658 19767 I WiVRn   : [2026-09-11 05:02:55.874] [WiVRn] [info]     Etc2R8G8B8A1UnormBlock
09-11 05:02:55.874  9658 19767 I WiVRn   : [2026-09-11 05:02:55.874] [WiVRn] [info]     Etc2R8G8B8A8UnormBlock
09-11 05:02:55.874  9658 19767 I WiVRn   : [2026-09-11 05:02:55.874] [WiVRn] [info]     Etc2R8G8B8SrgbBlock
09-11 05:02:55.874  9658 19767 I WiVRn   : [2026-09-11 05:02:55.874] [WiVRn] [info]     Etc2R8G8B8A1SrgbBlock
09-11 05:02:55.874  9658 19767 I WiVRn   : [2026-09-11 05:02:55.874] [WiVRn] [info]     Etc2R8G8B8A8SrgbBlock
09-11 05:02:55.874  9658 19767 I WiVRn   : [2026-09-11 05:02:55.874] [WiVRn] [info]     EacR11UnormBlock
09-11 05:02:55.874  9658 19767 I WiVRn   : [2026-09-11 05:02:55.874] [WiVRn] [info]     EacR11G11UnormBlock
09-11 05:02:55.874  9658 19767 I WiVRn   : [2026-09-11 05:02:55.874] [WiVRn] [info]     EacR11SnormBlock
09-11 05:02:55.874  9658 19767 I WiVRn   : [2026-09-11 05:02:55.874] [WiVRn] [info]     EacR11G11SnormBlock
09-11 05:02:55.874  9658 19767 I WiVRn   : [2026-09-11 05:02:55.874] [WiVRn] [info]     Astc4x4UnormBlock
09-11 05:02:55.874  9658 19767 I WiVRn   : [2026-09-11 05:02:55.874] [WiVRn] [info]     Astc5x4UnormBlock
09-11 05:02:55.874  9658 19767 I WiVRn   : [2026-09-11 05:02:55.874] [WiVRn] [info]     Astc5x5UnormBlock
09-11 05:02:55.874  9658 19767 I WiVRn   : [2026-09-11 05:02:55.874] [WiVRn] [info]     Astc6x5UnormBlock
09-11 05:02:55.874  9658 19767 I WiVRn   : [2026-09-11 05:02:55.874] [WiVRn] [info]     Astc6x6UnormBlock
09-11 05:02:55.874  9658 19767 I WiVRn   : [2026-09-11 05:02:55.874] [WiVRn] [info]     Astc8x5UnormBlock
09-11 05:02:55.874  9658 19767 I WiVRn   : [2026-09-11 05:02:55.874] [WiVRn] [info]     Astc8x6UnormBlock
09-11 05:02:55.874  9658 19767 I WiVRn   : [2026-09-11 05:02:55.874] [WiVRn] [info]     Astc8x8UnormBlock
09-11 05:02:55.874  9658 19767 I WiVRn   : [2026-09-11 05:02:55.874] [WiVRn] [info]     Astc10x5UnormBlock
09-11 05:02:55.874  9658 19767 I WiVRn   : [2026-09-11 05:02:55.874] [WiVRn] [info]     Astc10x6UnormBlock
09-11 05:02:55.874  9658 19767 I WiVRn   : [2026-09-11 05:02:55.874] [WiVRn] [info]     Astc10x8UnormBlock
09-11 05:02:55.874  9658 19767 I WiVRn   : [2026-09-11 05:02:55.874] [WiVRn] [info]     Astc10x10UnormBlock
09-11 05:02:55.874  9658 19767 I WiVRn   : [2026-09-11 05:02:55.874] [WiVRn] [info]     Astc12x10UnormBlock
09-11 05:02:55.874  9658 19767 I WiVRn   : [2026-09-11 05:02:55.874] [WiVRn] [info]     Astc12x12UnormBlock
09-11 05:02:55.874  9658 19767 I WiVRn   : [2026-09-11 05:02:55.874] [WiVRn] [info]     Astc4x4SrgbBlock
09-11 05:02:55.874  9658 19767 I WiVRn   : [2026-09-11 05:02:55.874] [WiVRn] [info]     Astc5x4SrgbBlock
09-11 05:02:55.874  9658 19767 I WiVRn   : [2026-09-11 05:02:55.874] [WiVRn] [info]     Astc5x5SrgbBlock
09-11 05:02:55.874  9658 19767 I WiVRn   : [2026-09-11 05:02:55.874] [WiVRn] [info]     Astc6x5SrgbBlock
09-11 05:02:55.874  9658 19767 I WiVRn   : [2026-09-11 05:02:55.874] [WiVRn] [info]     Astc6x6SrgbBlock
09-11 05:02:55.874  9658 19767 I WiVRn   : [2026-09-11 05:02:55.874] [WiVRn] [info]     Astc8x5SrgbBlock
09-11 05:02:55.874  9658 19767 I WiVRn   : [2026-09-11 05:02:55.874] [WiVRn] [info]     Astc8x6SrgbBlock
09-11 05:02:55.874  9658 19767 I WiVRn   : [2026-09-11 05:02:55.874] [WiVRn] [info]     Astc8x8SrgbBlock
09-11 05:02:55.874  9658 19767 I WiVRn   : [2026-09-11 05:02:55.874] [WiVRn] [info]     Astc10x5SrgbBlock
09-11 05:02:55.874  9658 19767 I WiVRn   : [2026-09-11 05:02:55.874] [WiVRn] [info]     Astc10x6SrgbBlock
09-11 05:02:55.874  9658 19767 I WiVRn   : [2026-09-11 05:02:55.874] [WiVRn] [info]     Astc10x8SrgbBlock
09-11 05:02:55.874  9658 19767 I WiVRn   : [2026-09-11 05:02:55.874] [WiVRn] [info]     Astc10x10SrgbBlock
09-11 05:02:55.874  9658 19767 I WiVRn   : [2026-09-11 05:02:55.874] [WiVRn] [info]     Astc12x10SrgbBlock
09-11 05:02:55.874  9658 19767 I WiVRn   : [2026-09-11 05:02:55.874] [WiVRn] [info]     Astc12x12SrgbBlock
09-11 05:02:55.874  9658 19767 I WiVRn   : [2026-09-11 05:02:55.874] [WiVRn] [info]     D16Unorm
09-11 05:02:55.874  9658 19767 I WiVRn   : [2026-09-11 05:02:55.874] [WiVRn] [info]     X8D24UnormPack32
09-11 05:02:55.874  9658 19767 I WiVRn   : [2026-09-11 05:02:55.874] [WiVRn] [info]     D32Sfloat
09-11 05:02:55.874  9658 19767 I WiVRn   : [2026-09-11 05:02:55.874] [WiVRn] [info]     D24UnormS8Uint
09-11 05:02:55.874  9658 19767 I WiVRn   : [2026-09-11 05:02:55.874] [WiVRn] [info]     B8G8R8A8Unorm
09-11 05:02:55.874  9658 19767 I WiVRn   : [2026-09-11 05:02:55.874] [WiVRn] [info]     B8G8R8A8Srgb
09-11 05:02:55.877  9658 19767 I WiVRn   : [2026-09-11 05:02:55.877] [WiVRn] [info] Using panel size: 2160x2160
09-11 05:02:55.961  9658 19767 I WiVRn   : [2026-09-11 05:02:55.961] [WiVRn] [info] video codec av1: NOT supported
09-11 05:02:55.975  9658 19767 I WiVRn   : [2026-09-11 05:02:55.975] [WiVRn] [info] video codec h265: supported
09-11 05:02:55.990  9658 19767 I WiVRn   : [2026-09-11 05:02:55.990] [WiVRn] [info] video codec h264: supported
09-11 05:02:55.995  9658 19767 I WiVRn   : [2026-09-11 05:02:55.995] [WiVRn] [info] Using format R8G8B8A8Srgb
09-11 05:02:55.998  9658 19767 I WiVRn   : [2026-09-11 05:02:55.998] [WiVRn] [info] WifiLock low latency acquired
09-11 05:02:56.048  9658 19817 I WiVRn   : [2026-09-11 05:02:56.048] [WiVRn] [info] setup, refresh rate 90
09-11 05:02:56.048  9658 19817 I WiVRn   : [2026-09-11 05:02:56.048] [WiVRn] [info] set refresh rate to 90Hz
09-11 05:02:56.049  9658 19817 I WiVRn   : [2026-09-11 05:02:56.049] [WiVRn] [info] Creating decoders, size 2688x2688
09-11 05:02:56.049  9658 19817 I WiVRn   : [2026-09-11 05:02:56.049] [WiVRn] [info] edge bleed: server overscan 5.0%, client ring 0.0% (fade)
09-11 05:02:56.049  9658 19817 I WiVRn   : [2026-09-11 05:02:56.049] [WiVRn] [info]   stream 0: role 0, 2688x2688
09-11 05:02:56.049  9658 19817 I WiVRn   : [2026-09-11 05:02:56.049] [WiVRn] [info] nxwarp: decoupled display on
09-11 05:02:56.049  9658 19817 I WiVRn   : [2026-09-11 05:02:56.049] [WiVRn] [info] nxwarp: ycbcr chroma filter linear
09-11 05:02:56.049  9658 19817 I WiVRn   : [2026-09-11 05:02:56.049] [WiVRn] [info] nxwarp[0]: decoupled display -- frames are published complete and the reprojection pass waits on nothing
09-11 05:02:56.049  9658 19817 I WiVRn   : [2026-09-11 05:02:56.049] [WiVRn] [info]   stream 2: role 1, 2688x1344
09-11 05:02:56.049  9658 19817 I WiVRn   : [2026-09-11 05:02:56.049] [WiVRn] [info] nxwarp: decoupled display on
09-11 05:02:56.049  9658 19817 I WiVRn   : [2026-09-11 05:02:56.049] [WiVRn] [info] nxwarp: ycbcr chroma filter linear
09-11 05:02:56.049  9658 19817 I WiVRn   : [2026-09-11 05:02:56.049] [WiVRn] [info] nxwarp[2]: decoupled display -- frames are published complete and the reprojection pass waits on nothing
09-11 05:02:56.050  9658 19822 I WiVRn   : [2026-09-11 05:02:56.050] [WiVRn] [info] Adding hand_interaction poses to device list
09-11 05:02:56.050  9658 19822 I WiVRn   : [2026-09-11 05:02:56.050] [WiVRn] [info] interaction profile for /user/hand/left: /interaction_profiles/ext/hand_interaction_ext
09-11 05:02:56.050  9658 19822 I WiVRn   : [2026-09-11 05:02:56.050] [WiVRn] [info] interaction profile for /user/hand/right: /interaction_profiles/ext/hand_interaction_ext
09-11 05:02:56.050  9658 19822 I WiVRn   : [2026-09-11 05:02:56.050] [WiVRn] [info] interaction profile for /user/gamepad: XR_NULL_PATH
09-11 05:02:56.050  9658 19822 W WiVRn   : [2026-09-11 05:02:56.050] [WiVRn] [warning] unknown interaction profile XR_NULL_PATH
09-11 05:02:56.055  9658 19822 I WiVRn   : [2026-09-11 05:02:56.055] [WiVRn] [info] Tracking pattern (5000µs):
09-11 05:02:56.055  9658 19822 I WiVRn   : [2026-09-11 05:02:56.055] [WiVRn] [info] 	t+5000µs HEAD (0µs)
09-11 05:02:56.165  9658 19817 I WiVRn   : [2026-09-11 05:02:56.165] [WiVRn] [info] Speaker stream started
09-11 05:02:56.165  9658 19817 I WiVRn   : [2026-09-11 05:02:56.165] [WiVRn] [info] setup, refresh rate 90
09-11 05:02:56.165  9658 19817 I WiVRn   : [2026-09-11 05:02:56.165] [WiVRn] [info] set refresh rate to 90Hz
09-11 05:02:56.875  9658 19763 I PxrMetric: FPS=0/90,MTP=28.80ms,AppSW=off,FrmEarly=12,FrmLate=1,FrmCpu=0.76ms,FrmGpu=0.72ms,FrmTime=1.49ms,ATWGPU=1.59ms,VsyncDelay=1,GPU=27%/587Mhz,GPUTemp=70.5C,LayerCnt=5,Pkg=org.meumeu.wivrn.nx.warp,FrmId=79
09-11 05:02:57.876  9658 19763 I PxrMetric: FPS=78/90,MTP=28.17ms,AppSW=off,FrmEarly=0,FrmLate=0,FrmCpu=0.89ms,FrmGpu=1.37ms,FrmTime=2.27ms,ATWGPU=1.59ms,VsyncDelay=1,GPU=27%/587Mhz,GPUTemp=67.8C,LayerCnt=5,Pkg=org.meumeu.wivrn.nx.warp,FrmId=169
09-11 05:02:58.596  9658 19817 I WiVRn   : [2026-09-11 05:02:58.596] [WiVRn] [info] nxwarp[0]: PLANAR centre mode requested; using generic mixed-frame decoder
09-11 05:02:58.603  9658 19817 I WiVRn   : [2026-09-11 05:02:58.603] [WiVRn] [info] nxwarp[0]: borrowed NV12 output enabled
09-11 05:02:58.603  9658 19817 I WiVRn   : [2026-09-11 05:02:58.603] [WiVRn] [info] nxwarp[0]: atlas borrowed-target dirty catchup enabled
09-11 05:02:58.603  9658 19817 I WiVRn   : [2026-09-11 05:02:58.603] [WiVRn] [info] nxwarp[0]: direct atlas targets false
09-11 05:02:58.603  9658 19817 I WiVRn   : [2026-09-11 05:02:58.603] [WiVRn] [info] nxwarp[0]: 2688x2688 per eye, 2 eyes, on Adreno (TM) 650, 84 x 42 tiles, 1166 bytes per tile
09-11 05:02:58.605  9658 19822 I WiVRn   : [2026-09-11 05:02:58.605] [WiVRn] [info] Tracking pattern (5000µs):
09-11 05:02:58.605  9658 19822 I WiVRn   : [2026-09-11 05:02:58.605] [WiVRn] [info] 	t+3608µs LEFT_GRIP (1391µs)
09-11 05:02:58.605  9658 19822 I WiVRn   : [2026-09-11 05:02:58.605] [WiVRn] [info] 	t+9849µs HEAD (-9849µs)
09-11 05:02:58.608  9658 19817 I WiVRn   : [2026-09-11 05:02:58.608] [WiVRn] [info] nxwarp[0] net: 1 frames closed in 2.6 s, 0 with a hole, 0 out-of-order datagrams, 0 frames completed late, 0 queued for the worker, 0 decoded so far, 0 stragglers dropped; last hole 0/0 chunks, first missing -1, short false, chunk 1166 B; worker phase idle
09-11 05:02:58.608  9658 19817 I WiVRn   : [2026-09-11 05:02:58.608] [WiVRn] [info] nxwarp[0] net: 0.025 ms per datagram over 167 datagrams (1.65 ms of every second)
09-11 05:02:58.608  9658 19817 I WiVRn   : [2026-09-11 05:02:58.608] [WiVRn] [info] nxwarp[0] sel: stride 1, arrival 0.0 ms, dropped-late 0, withheld 0, decoded 0
09-11 05:02:58.608  9658 19817 I WiVRn   : [2026-09-11 05:02:58.608] [WiVRn] [info] nxwarp[0] rx: 168 datagrams, placed 3528 (+3528), late 0 (+0), stale_frame 0, bad_range 0, bad_dir 0, bad_caps 0, bad_ver 0, auth_fail 0, replay 0, frozen 0, dup 0
09-11 05:02:58.877  9658 19763 I PxrMetric: FPS=90/90,MTP=27.21ms,AppSW=off,FrmEarly=0,FrmLate=0,FrmCpu=0.90ms,FrmGpu=0.74ms,FrmTime=1.66ms,ATWGPU=1.60ms,VsyncDelay=1,GPU=28%/587Mhz,GPUTemp=66.7C,LayerCnt=5,Pkg=org.meumeu.wivrn.nx.warp,FrmId=259
09-11 05:02:59.050  9658 19822 I WiVRn   : [2026-09-11 05:02:59.050] [WiVRn] [info] Tracking pattern (5000µs):
09-11 05:02:59.050  9658 19822 I WiVRn   : [2026-09-11 05:02:59.050] [WiVRn] [info] 	t+868µs LEFT_GRIP (4131µs)
09-11 05:02:59.050  9658 19822 I WiVRn   : [2026-09-11 05:02:59.050] [WiVRn] [info] 	t+902µs RIGHT_GRIP (4097µs)
09-11 05:02:59.050  9658 19822 I WiVRn   : [2026-09-11 05:02:59.050] [WiVRn] [info] 	t+1000µs HEAD (9000µs)
09-11 05:02:59.050  9658 19822 I WiVRn   : [2026-09-11 05:02:59.050] [WiVRn] [info] 	t+2000µs HEAD (3000µs)
09-11 05:02:59.050  9658 19822 I WiVRn   : [2026-09-11 05:02:59.050] [WiVRn] [info] 	t+2868µs LEFT_GRIP (7131µs)
09-11 05:02:59.050  9658 19822 I WiVRn   : [2026-09-11 05:02:59.050] [WiVRn] [info] 	t+2902µs RIGHT_GRIP (7097µs)
09-11 05:02:59.050  9658 19822 I WiVRn   : [2026-09-11 05:02:59.050] [WiVRn] [info] 	t+4000µs HEAD (6000µs)
09-11 05:02:59.050  9658 19822 I WiVRn   : [2026-09-11 05:02:59.050] [WiVRn] [info] 	t+5000µs HEAD (0µs)
09-11 05:02:59.395  9658 19819 I WiVRn   : [2026-09-11 05:02:59.395] [WiVRn] [info] Stream scene ready at t=365607635547613
09-11 05:02:59.395  9658 19819 I WiVRn   : [2026-09-11 05:02:59.395] [WiVRn] [info] nxwarp[0]: 1 frames in 3.3 s: 133872 B/frame, wait-prev 0.0 ms, wall 787.1 ms, nxvc passA 1.1 passB 5.3 gpu 6.4 ms; holes 1, refused 0
09-11 05:02:59.395  9658 19819 I WiVRn   : [2026-09-11 05:02:59.395] [WiVRn] [info] nxwarp[0] gpu duty 2 ms/s (0% of one GPU) for decode alone; the display pass is extra
09-11 05:02:59.395  9658 19819 I WiVRn   : [2026-09-11 05:02:59.395] [WiVRn] [info] nxwarp[0] passB 5.3 ms = warp 0.0 + skip 0.0 + coded 0.0 + dir 0.0 + other 5.3; tiles skip 0 / coded 3528 / dir 0 (eye pass 0)
09-11 05:02:59.395  9658 19819 I WiVRn   : [2026-09-11 05:02:59.395] [WiVRn] [info] nxwarp[0]: 77 frames dropped late (queue kept to 1)
09-11 05:02:59.395  9658 19819 I WiVRn   : [2026-09-11 05:02:59.395] [WiVRn] [info] nxwarp[0] stage: gap 0.0 | wait-prev 0.0 | submit 780.2 (qlock 0.0 + codec 780.2) | get_free 0.0 | fence-pre 0.0 | record 0.1 | qsubmit 0.0 | fence-post 6.7 | publish 0.1 ms; withheld 0, stride 1, arrival 10.8 ms
09-11 05:02:59.395  9658 19819 I WiVRn   : [2026-09-11 05:02:59.395] [WiVRn] [info] nxwarp[0] reassembly (network thread): 0.11 ms/frame over 80 frames, buffer 245 kB held for 245 kB of unit (1.0x)
09-11 05:02:59.395  9658 19819 I WiVRn   : [2026-09-11 05:02:59.395] [WiVRn] [info] nxwarp[0] fence-post 6.8 ms = nxvc gpu 6.4 + copy gpu 0.00 + queue 0.4 (over 1 frames with timestamps)
09-11 05:02:59.400  9658 19767 I WiVRn   : [2026-09-11 05:02:59.400] [WiVRn] [info] MulticastLock released
09-11 05:02:59.426  9658 19767 I WiVRn   : [2026-09-11 05:02:59.426] [WiVRn] [info] Loaded input profile pico-4
09-11 05:02:59.426  9658 19767 I WiVRn   : [2026-09-11 05:02:59.426] [WiVRn] [info] Initializing offset of space aim_left to (-5, 0, 20) mm, (0, -0, 0)°
09-11 05:02:59.426  9658 19767 I WiVRn   : [2026-09-11 05:02:59.426] [WiVRn] [info] Initializing offset of space aim_right to (5, 0, 20) mm, (0, -0, 0)°
09-11 05:02:59.426  9658 19767 I WiVRn   : [2026-09-11 05:02:59.426] [WiVRn] [info] Initializing offset of space grip_left to (0, -20, -50) mm, (-30.000002, -0, 0)°
09-11 05:02:59.426  9658 19767 I WiVRn   : [2026-09-11 05:02:59.426] [WiVRn] [info] Initializing offset of space grip_right to (0, -20, -50) mm, (-30.000002, -0, 0)°
09-11 05:02:59.429  9658 19767 I WiVRn   : [2026-09-11 05:02:59.429] [WiVRn] [info] Font for de /system/fonts/PICOSans.ttf
09-11 05:02:59.429  9658 19767 I WiVRn   : [2026-09-11 05:02:59.429] [WiVRn] [info] Font for es /system/fonts/PICOSans.ttf
09-11 05:02:59.429  9658 19767 I WiVRn   : [2026-09-11 05:02:59.429] [WiVRn] [info] Font for fr /system/fonts/PICOSans.ttf
09-11 05:02:59.429  9658 19767 I WiVRn   : [2026-09-11 05:02:59.429] [WiVRn] [info] Font for fr /system/fonts/Roboto-Regular.ttf
09-11 05:02:59.429  9658 19767 I WiVRn   : [2026-09-11 05:02:59.429] [WiVRn] [info] Font for it /system/fonts/PICOSans.ttf
09-11 05:02:59.429  9658 19767 I WiVRn   : [2026-09-11 05:02:59.429] [WiVRn] [info] Font for ja /system/fonts/PICOSans.ttf
09-11 05:02:59.429  9658 19767 I WiVRn   : [2026-09-11 05:02:59.429] [WiVRn] [info] Font for ja /system/fonts/PICOSansVFJP.ttf
09-11 05:02:59.429  9658 19767 I WiVRn   : [2026-09-11 05:02:59.429] [WiVRn] [info] Font for ka /system/fonts/PICOSans.ttf
09-11 05:02:59.429  9658 19767 I WiVRn   : [2026-09-11 05:02:59.429] [WiVRn] [info] Font for ka /system/fonts/NotoSansGeorgian-Regular.otf
09-11 05:02:59.429  9658 19767 I WiVRn   : [2026-09-11 05:02:59.429] [WiVRn] [info] Font for ka /system/fonts/PICOSans.ttf
09-11 05:02:59.429  9658 19767 I WiVRn   : [2026-09-11 05:02:59.429] [WiVRn] [info] Font for pl /system/fonts/PICOSans.ttf
09-11 05:02:59.429  9658 19767 I WiVRn   : [2026-09-11 05:02:59.429] [WiVRn] [info] Font for pl /system/fonts/Roboto-Regular.ttf
09-11 05:02:59.429  9658 19767 I WiVRn   : [2026-09-11 05:02:59.429] [WiVRn] [info] Font for pl /system/fonts/PICOSans.ttf
09-11 05:02:59.429  9658 19767 I WiVRn   : [2026-09-11 05:02:59.429] [WiVRn] [info] Font for pl /system/fonts/PICOSansSC-Regular.ttf
09-11 05:02:59.429  9658 19767 I WiVRn   : [2026-09-11 05:02:59.429] [WiVRn] [info] Font for pl /system/fonts/Roboto-Regular.ttf
09-11 05:02:59.429  9658 19767 I WiVRn   : [2026-09-11 05:02:59.429] [WiVRn] [info] Font for pl /system/fonts/PICOSans.ttf
09-11 05:02:59.429  9658 19767 I WiVRn   : [2026-09-11 05:02:59.429] [WiVRn] [info] Font for pt_BR /system/fonts/PICOSans.ttf
09-11 05:02:59.429  9658 19767 I WiVRn   : [2026-09-11 05:02:59.429] [WiVRn] [info] Font for ru /system/fonts/PICOSans.ttf
09-11 05:02:59.429  9658 19767 I WiVRn   : [2026-09-11 05:02:59.429] [WiVRn] [info] Font for ru /system/fonts/PICOSansSC-Regular.ttf
09-11 05:02:59.429  9658 19767 I WiVRn   : [2026-09-11 05:02:59.429] [WiVRn] [info] Font for ru /system/fonts/PICOSans.ttf
09-11 05:02:59.429  9658 19767 I WiVRn   : [2026-09-11 05:02:59.429] [WiVRn] [info] Font for sk /system/fonts/PICOSans.ttf
09-11 05:02:59.429  9658 19767 I WiVRn   : [2026-09-11 05:02:59.429] [WiVRn] [info] Font for sk /system/fonts/Roboto-Regular.ttf
09-11 05:02:59.429  9658 19767 I WiVRn   : [2026-09-11 05:02:59.429] [WiVRn] [info] Font for sk /system/fonts/PICOSansSC-Regular.ttf
09-11 05:02:59.429  9658 19767 I WiVRn   : [2026-09-11 05:02:59.429] [WiVRn] [info] Font for sk /system/fonts/PICOSans.ttf
09-11 05:02:59.429  9658 19767 I WiVRn   : [2026-09-11 05:02:59.429] [WiVRn] [info] Font for sk /system/fonts/Roboto-Regular.ttf
09-11 05:02:59.429  9658 19767 I WiVRn   : [2026-09-11 05:02:59.429] [WiVRn] [info] Font for sk /system/fonts/PICOSans.ttf
09-11 05:02:59.429  9658 19767 I WiVRn   : [2026-09-11 05:02:59.429] [WiVRn] [info] Font for tr /system/fonts/PICOSans.ttf
09-11 05:02:59.429  9658 19767 I WiVRn   : [2026-09-11 05:02:59.429] [WiVRn] [info] Font for tr /system/fonts/Roboto-Regular.ttf
09-11 05:02:59.429  9658 19767 I WiVRn   : [2026-09-11 05:02:59.429] [WiVRn] [info] Font for tr /system/fonts/PICOSans.ttf
09-11 05:02:59.429  9658 19767 I WiVRn   : [2026-09-11 05:02:59.429] [WiVRn] [info] Font for tr /system/fonts/Roboto-Regular.ttf
09-11 05:02:59.429  9658 19767 I WiVRn   : [2026-09-11 05:02:59.429] [WiVRn] [info] Font for tr /system/fonts/PICOSans.ttf
09-11 05:02:59.430  9658 19767 I WiVRn   : [2026-09-11 05:02:59.430] [WiVRn] [info] Font for zh_CN /system/fonts/PICOSans.ttf
09-11 05:02:59.430  9658 19767 I WiVRn   : [2026-09-11 05:02:59.430] [WiVRn] [info] Font for zh_CN /system/fonts/PICOSansSC-Regular.ttf
09-11 05:02:59.430  9658 19767 I WiVRn   : [2026-09-11 05:02:59.430] [WiVRn] [info] Font for zh_TW /system/fonts/PICOSans.ttf
09-11 05:02:59.430  9658 19767 I WiVRn   : [2026-09-11 05:02:59.430] [WiVRn] [info] Font for zh_TW /system/fonts/PICOSansSC-Regular.ttf
09-11 05:02:59.434  9658 19767 I WiVRn   : [2026-09-11 05:02:59.434] [WiVRn] [info] Using font /system/fonts/PICOSans.ttf
09-11 05:02:59.434  9658 19767 I WiVRn   : [2026-09-11 05:02:59.434] [WiVRn] [info] Using font /system/fonts/Roboto-Regular.ttf
09-11 05:02:59.434  9658 19767 I WiVRn   : [2026-09-11 05:02:59.434] [WiVRn] [info] Using font /system/fonts/PICOSansVFJP.ttf
09-11 05:02:59.445  9658 19767 I WiVRn   : [2026-09-11 05:02:59.445] [WiVRn] [info] Using font /system/fonts/NotoSansGeorgian-Regular.otf
09-11 05:02:59.446  9658 19767 I WiVRn   : [2026-09-11 05:02:59.446] [WiVRn] [info] Using font /system/fonts/PICOSansSC-Regular.ttf
09-11 05:02:59.452  9658 19767 I WiVRn   : [2026-09-11 05:02:59.452] [WiVRn] [info] Performance level: CPU domain asked for sustained_high
09-11 05:02:59.452  9658 19767 I WiVRn   : [2026-09-11 05:02:59.452] [WiVRn] [info] nxwarp: GPU performance level setting 2
09-11 05:02:59.452  9658 19767 I WiVRn   : [2026-09-11 05:02:59.452] [WiVRn] [info] Performance level: GPU domain asked for boost
09-11 05:02:59.452  9658 19767 I WiVRn   : [2026-09-11 05:02:59.452] [WiVRn] [info] swapchain setup, refresh rate 90
09-11 05:02:59.452  9658 19767 I WiVRn   : [2026-09-11 05:02:59.452] [WiVRn] [info] set refresh rate to 90Hz
09-11 05:02:59.457  9658 19767 W WiVRn   : [2026-09-11 05:02:59.457] [WiVRn] [warning] XR mutable swapchain request rejected (-2); retrying without format list
09-11 05:02:59.462  9658 19767 I WiVRn   : [2026-09-11 05:02:59.462] [WiVRn] [info] Created stream swapchain: 2688x2688
09-11 05:02:59.462  9658 19767 W WiVRn   : [2026-09-11 05:02:59.462] [WiVRn] [warning] Swapchain size larger than maximum 2560x2560
09-11 05:02:59.462  9658 19767 W WiVRn   : [2026-09-11 05:02:59.462] [WiVRn] [warning] Swapchain size larger than maximum 2560x2560
09-11 05:02:59.462  9658 19767 I WiVRn   : [2026-09-11 05:02:59.462] [WiVRn] [info] Initializing reprojector
09-11 05:02:59.463  9658 19767 I WiVRn   : [2026-09-11 05:02:59.462] [WiVRn] [info] Static FDM enabled: 168x168 map, texel 16x16
09-11 05:02:59.463  9658 19767 I WiVRn   : [2026-09-11 05:02:59.463] [WiVRn] [info] nxwarp atlas vertex warp enabled
09-11 05:02:59.463  9658 19767 I WiVRn   : [2026-09-11 05:02:59.463] [WiVRn] [info] Atlas UNORM attachment views ready
09-11 05:02:59.463  9658 19767 I WiVRn   : [2026-09-11 05:02:59.463] [WiVRn] [info] Atlas mutable swapchain enabled
09-11 05:02:59.463  9658 19767 I WiVRn   : [2026-09-11 05:02:59.463] [WiVRn] [info] NX static post compiled out
09-11 05:02:59.463  9658 19767 I WiVRn   : [2026-09-11 05:02:59.463] [WiVRn] [info] NX static bleed compiled out
09-11 05:02:59.463  9658 19767 I WiVRn   : [2026-09-11 05:02:59.463] [WiVRn] [info] NX peripheral smoothing mode 3
09-11 05:02:59.463  9658 19767 I WiVRn   : [2026-09-11 05:02:59.463] [WiVRn] [info] Atlas UNORM attachment path active
09-11 05:02:59.617  9658 19767 I WiVRn   : [2026-09-11 05:02:59.617] [WiVRn] [info] geometry[eye 0]: view_info fov L-53.34 R53.34 U53.34 D-53.34 | layer fov L-53.34 R53.34 U53.34 D-53.34 deg | layer rect 2688x2688 | defoveated 2688x2688 | scale 1.00
09-11 05:02:59.617  9658 19767 I WiVRn   : [2026-09-11 05:02:59.617] [WiVRn] [info] geometry[eye 1]: view_info fov L-53.34 R53.34 U53.34 D-53.34 | layer fov L-53.34 R53.34 U53.34 D-53.34 deg | layer rect 2688x2688 | defoveated 2688x2688 | scale 1.00
09-11 05:02:59.623  9658 19767 I WiVRn   : [2026-09-11 05:02:59.623] [WiVRn] [info] render: 1 iterations in 4.2 s (0.2/s), 1 submitted a layer, 1 new-source, 0 skipped by the repeat gate, 0 with nothing to show; display period 11.1 ms
09-11 05:02:59.623  9658 19767 I WiVRn   : [2026-09-11 05:02:59.623] [WiVRn] [info] render: ready wait attempts 0 success 0 total 0.000 ms | selected older than available 0
09-11 05:02:59.623  9658 19767 I WiVRn   : [2026-09-11 05:02:59.623] [WiVRn] [info] render: selected source transitions forward 0 backward 0 repeat 0, greatest forward gap 0
09-11 05:02:59.623  9658 19767 I WiVRn   : [2026-09-11 05:02:59.623] [WiVRn] [info] render: this app's own GPU pass 0.0 ms per iteration
09-11 05:02:59.623  9658 19767 I WiVRn   : [2026-09-11 05:02:59.623] [WiVRn] [info] render: defoveate 2688x2688 per eye x2 = 14.45 Mpx/frame at scale 1.00 atlas-prototype 0; 0 re-presented from the cache (reduce_gpu_load on)
09-11 05:02:59.623  9658 19767 I WiVRn   : [2026-09-11 05:02:59.623] [WiVRn] [info] render: shader path sharpness 0.00 fsr false alpha false motion false blend false glow 0.00 vignette 0.00 deband 0.00 lowpoly 0.00 levels 0 full-kernel false
09-11 05:02:59.623  9658 19767 I WiVRn   : [2026-09-11 05:02:59.623] [WiVRn] [info] render: per iteration fence 0.0 (worst 0.0) | queries 0.0 | submit 0.0 | whole render() 170.6 ms
09-11 05:02:59.623  9658 19767 I WiVRn   : [2026-09-11 05:02:59.623] [WiVRn] [info] render: selection-to-defoveate CPU 11.184 ms mean (max 11.184) over 1 actual defoveate calls; not GPU/photon latency
09-11 05:02:59.623  9658 19767 I WiVRn   : [2026-09-11 05:02:59.623] [WiVRn] [info] render: jit on | wake slack 28.8 ms | slept 0.0 ms mean (max 0.0, 0 of 1 iterations) | budget 1.0 = pass 0.0 + margin 1.0 | sleep cap 5.0 ms
09-11 05:02:59.623  9658 19767 I WiVRn   : [2026-09-11 05:02:59.623] [WiVRn] [info] render: source display-time offset 88.0 ms mean (worst 88.0) over 1 frames | submit lead 0.0 ms mean (worst 0.0) | misses: 0 overrun 0 late 0 skipped refresh
09-11 05:02:59.623  9658 19767 I WiVRn   : [2026-09-11 05:02:59.623] [WiVRn] [info] render: source->first 4.7 ms | wire 8.7 | queue 4.0 | decode 15.0 | decode->selection 27.0 | selection->predicted 28.7 | sum 88.0 over 1 selected frames (0 invalid)
09-11 05:02:59.623  9658 19767 I WiVRn   : [2026-09-11 05:02:59.623] [WiVRn] [info] Received event type XR_TYPE_EVENT_DATA_INTERACTION_PROFILE_CHANGED
09-11 05:02:59.623  9658 19767 I WiVRn   : [2026-09-11 05:02:59.623] [WiVRn] [info] interaction profile for /user/hand/left: /interaction_profiles/ext/hand_interaction_ext
09-11 05:02:59.623  9658 19767 I WiVRn   : [2026-09-11 05:02:59.623] [WiVRn] [info] interaction profile for /user/hand/right: /interaction_profiles/ext/hand_interaction_ext
09-11 05:02:59.623  9658 19767 I WiVRn   : [2026-09-11 05:02:59.623] [WiVRn] [info] interaction profile for /user/gamepad: XR_NULL_PATH
09-11 05:02:59.623  9658 19767 W WiVRn   : [2026-09-11 05:02:59.623] [WiVRn] [warning] unknown interaction profile XR_NULL_PATH
09-11 05:02:59.623  9658 19767 I WiVRn   : [2026-09-11 05:02:59.623] [WiVRn] [info] Received event type XR_TYPE_EVENT_DATA_INTERACTION_PROFILE_CHANGED
09-11 05:02:59.623  9658 19767 I WiVRn   : [2026-09-11 05:02:59.623] [WiVRn] [info] interaction profile for /user/hand/left: /interaction_profiles/ext/hand_interaction_ext
09-11 05:02:59.623  9658 19767 I WiVRn   : [2026-09-11 05:02:59.623] [WiVRn] [info] interaction profile for /user/hand/right: /interaction_profiles/ext/hand_interaction_ext
09-11 05:02:59.623  9658 19767 I WiVRn   : [2026-09-11 05:02:59.623] [WiVRn] [info] interaction profile for /user/gamepad: XR_NULL_PATH
09-11 05:02:59.623  9658 19767 W WiVRn   : [2026-09-11 05:02:59.623] [WiVRn] [warning] unknown interaction profile XR_NULL_PATH
09-11 05:02:59.623  9658 19767 I WiVRn   : [2026-09-11 05:02:59.623] [WiVRn] [info] Received event type XR_TYPE_EVENT_DATA_INTERACTION_PROFILE_CHANGED
09-11 05:02:59.623  9658 19767 I WiVRn   : [2026-09-11 05:02:59.623] [WiVRn] [info] interaction profile for /user/hand/left: /interaction_profiles/ext/hand_interaction_ext
09-11 05:02:59.623  9658 19767 I WiVRn   : [2026-09-11 05:02:59.623] [WiVRn] [info] interaction profile for /user/hand/right: /interaction_profiles/ext/hand_interaction_ext
09-11 05:02:59.623  9658 19767 I WiVRn   : [2026-09-11 05:02:59.623] [WiVRn] [info] interaction profile for /user/gamepad: XR_NULL_PATH
09-11 05:02:59.623  9658 19767 W WiVRn   : [2026-09-11 05:02:59.623] [WiVRn] [warning] unknown interaction profile XR_NULL_PATH
09-11 05:02:59.880  9658 19763 I PxrMetric: FPS=90/90,MTP=28.32ms,AppSW=off,FrmEarly=0,FrmLate=3,FrmCpu=1.25ms,FrmGpu=3.14ms,FrmTime=4.41ms,ATWGPU=1.59ms,VsyncDelay=1,GPU=27%/587Mhz,GPUTemp=76.8C,LayerCnt=5,Pkg=org.meumeu.wivrn.nx.warp,FrmId=331
09-11 05:03:00.059  9658 19822 I WiVRn   : [2026-09-11 05:03:00.059] [WiVRn] [info] Tracking pattern (11112µs):
09-11 05:03:00.059  9658 19822 I WiVRn   : [2026-09-11 05:03:00.059] [WiVRn] [info] 	t+2237µs HEAD (8874µs)
09-11 05:03:00.059  9658 19822 I WiVRn   : [2026-09-11 05:03:00.059] [WiVRn] [info] 	t+2286µs LEFT_GRIP (8825µs)
09-11 05:03:00.059  9658 19822 I WiVRn   : [2026-09-11 05:03:00.059] [WiVRn] [info] 	t+2291µs RIGHT_GRIP (8820µs)
09-11 05:03:00.059  9658 19822 I WiVRn   : [2026-09-11 05:03:00.059] [WiVRn] [info] 	t+5237µs HEAD (5874µs)
09-11 05:03:00.059  9658 19822 I WiVRn   : [2026-09-11 05:03:00.059] [WiVRn] [info] 	t+5286µs LEFT_GRIP (5825µs)
09-11 05:03:00.059  9658 19822 I WiVRn   : [2026-09-11 05:03:00.059] [WiVRn] [info] 	t+5291µs RIGHT_GRIP (5820µs)
09-11 05:03:00.610  9658 19817 I WiVRn   : [2026-09-11 05:03:00.610] [WiVRn] [info] nxwarp[0] net: 121 frames closed in 2.0 s, 1 with a hole, 0 out-of-order datagrams, 0 frames completed late, 0 queued for the worker, 43 decoded so far, 124 stragglers dropped; last hole 1890/2016 chunks, first missing 1527, short false, chunk 1166 B; worker phase idle
09-11 05:03:00.610  9658 19817 I WiVRn   : [2026-09-11 05:03:00.610] [WiVRn] [info] nxwarp[0] net: 0.025 ms per datagram over 38529 datagrams (479.16 ms of every second)
09-11 05:03:00.610  9658 19817 I WiVRn   : [2026-09-11 05:03:00.610] [WiVRn] [info] nxwarp[0] sel: stride 1, arrival 18.9 ms, dropped-late 77, withheld 0, decoded 43
09-11 05:03:00.610  9658 19817 I WiVRn   : [2026-09-11 05:03:00.610] [WiVRn] [info] nxwarp[0] rx: 38697 datagrams, placed 333041 (+329513), late 10555 (+10555), stale_frame 0, bad_range 0, bad_dir 0, bad_caps 0, bad_ver 0, auth_fail 0, replay 0, frozen 0, dup 12
09-11 05:03:00.893  9658 19763 I PxrMetric: FPS=72/90,MTP=37.10ms,AppSW=off,FrmEarly=10,FrmLate=11,FrmCpu=0.88ms,FrmGpu=11.75ms,FrmTime=19.26ms,ATWGPU=1.62ms,VsyncDelay=2,GPU=99%/587Mhz,GPUTemp=73.3C,LayerCnt=4,Pkg=org.meumeu.wivrn.nx.warp,FrmId=417
09-11 05:03:01.059  9658 19822 I WiVRn   : [2026-09-11 05:03:01.059] [WiVRn] [info] Tracking pattern (11113µs):
09-11 05:03:01.059  9658 19822 I WiVRn   : [2026-09-11 05:03:01.059] [WiVRn] [info] 	t+4510µs HEAD (6602µs)
09-11 05:03:01.059  9658 19822 I WiVRn   : [2026-09-11 05:03:01.059] [WiVRn] [info] 	t+4551µs LEFT_GRIP (6562µs)
09-11 05:03:01.059  9658 19822 I WiVRn   : [2026-09-11 05:03:01.059] [WiVRn] [info] 	t+4560µs RIGHT_GRIP (6553µs)
09-11 05:03:01.059  9658 19822 I WiVRn   : [2026-09-11 05:03:01.059] [WiVRn] [info] 	t+7510µs HEAD (3602µs)
09-11 05:03:01.059  9658 19822 I WiVRn   : [2026-09-11 05:03:01.059] [WiVRn] [info] 	t+7551µs LEFT_GRIP (3562µs)
09-11 05:03:01.059  9658 19822 I WiVRn   : [2026-09-11 05:03:01.059] [WiVRn] [info] 	t+7560µs RIGHT_GRIP (3553µs)
09-11 05:03:01.405  9658 19819 I WiVRn   : [2026-09-11 05:03:01.405] [WiVRn] [info] nxwarp[0]: 84 frames in 2.0 s: 269756 B/frame, wait-prev 0.0 ms, wall 15.8 ms, nxvc passA 4.7 passB 8.1 gpu 12.9 ms; holes 1, refused 0
09-11 05:03:01.405  9658 19819 I WiVRn   : [2026-09-11 05:03:01.405] [WiVRn] [info] nxwarp[0] gpu duty 538 ms/s (54% of one GPU) for decode alone; the display pass is extra
09-11 05:03:01.405  9658 19819 I WiVRn   : [2026-09-11 05:03:01.405] [WiVRn] [info] nxwarp[0] passB 8.1 ms = warp 0.0 + skip 0.0 + coded 0.0 + dir 0.0 + other 8.1; tiles skip 0 / coded 3528 / dir 0 (eye pass 0)
09-11 05:03:01.405  9658 19819 I WiVRn   : [2026-09-11 05:03:01.405] [WiVRn] [info] nxwarp[0]: 77 frames dropped late (queue kept to 1)
09-11 05:03:01.405  9658 19819 I WiVRn   : [2026-09-11 05:03:01.405] [WiVRn] [info] nxwarp[0] stage: gap 8.1 | wait-prev 0.0 | submit 1.5 (qlock 0.0 + codec 1.5) | get_free 0.0 | fence-pre 0.0 | record 0.0 | qsubmit 0.0 | fence-post 14.2 | publish 0.0 ms; withheld 0, stride 1, arrival 17.9 ms
09-11 05:03:01.405  9658 19819 I WiVRn   : [2026-09-11 05:03:01.405] [WiVRn] [info] nxwarp[0] reassembly (network thread): 0.18 ms/frame over 83 frames, buffer 264 kB held for 264 kB of unit (1.0x)
09-11 05:03:01.405  9658 19819 I WiVRn   : [2026-09-11 05:03:01.405] [WiVRn] [info] nxwarp[0] fence-post 14.2 ms = nxvc gpu 12.9 + copy gpu 0.00 + queue 1.3 (over 84 frames with timestamps)
09-11 05:03:01.459  9658 19767 I WiVRn   : [2026-09-11 05:03:01.459] [WiVRn] [info] render: 161 iterations in 2.0 s (80.3/s), 161 submitted a layer, 82 new-source, 0 skipped by the repeat gate, 0 with nothing to show; display period 12.6 ms
09-11 05:03:01.459  9658 19767 I WiVRn   : [2026-09-11 05:03:01.459] [WiVRn] [info] render: ready wait attempts 84 success 5 total 84.036 ms | selected older than available 0
09-11 05:03:01.459  9658 19767 I WiVRn   : [2026-09-11 05:03:01.459] [WiVRn] [info] render: selected source transitions forward 82 backward 0 repeat 79, greatest forward gap 3
09-11 05:03:01.459  9658 19767 I WiVRn   : [2026-09-11 05:03:01.459] [WiVRn] [info] render: this app's own GPU pass 2.5 ms per iteration
09-11 05:03:01.459  9658 19767 I WiVRn   : [2026-09-11 05:03:01.459] [WiVRn] [info] render: defoveate 2688x2688 per eye x2 = 14.45 Mpx/frame at scale 1.00 atlas-prototype 0; 79 re-presented from the cache (reduce_gpu_load on)
09-11 05:03:01.459  9658 19767 I WiVRn   : [2026-09-11 05:03:01.459] [WiVRn] [info] render: shader path sharpness 0.00 fsr false alpha false motion false blend false glow 0.00 vignette 0.00 deband 0.00 lowpoly 0.00 levels 0 full-kernel false
09-11 05:03:01.459  9658 19767 I WiVRn   : [2026-09-11 05:03:01.459] [WiVRn] [info] render: per iteration fence 1.3 (worst 12.6) | queries 0.0 | submit 0.0 | whole render() 2.6 ms
09-11 05:03:01.459  9658 19767 I WiVRn   : [2026-09-11 05:03:01.459] [WiVRn] [info] render: selection-to-defoveate CPU 0.053 ms mean (max 0.086) over 82 actual defoveate calls; not GPU/photon latency
09-11 05:03:01.459  9658 19767 I WiVRn   : [2026-09-11 05:03:01.459] [WiVRn] [info] render: jit on | wake slack 37.6 ms | slept 2.2 ms mean (max 5.0, 71 of 161 iterations) | budget 24.8 = pass 23.8 + margin 1.0 | sleep cap 5.0 ms
09-11 05:03:01.459  9658 19767 I WiVRn   : [2026-09-11 05:03:01.459] [WiVRn] [info] render: source display-time offset 77.6 ms mean (worst 110.2) over 161 frames | submit lead 31.5 ms mean (worst -141.9) | misses: 0 overrun 0 late 0 skipped refresh
09-11 05:03:01.459  9658 19767 I WiVRn   : [2026-09-11 05:03:01.459] [WiVRn] [info] render: source->first 7.0 ms | wire 9.2 | queue 1.1 | decode 15.7 | decode->selection 11.2 | selection->predicted 33.4 | sum 77.6 over 161 selected frames (0 invalid)
09-11 05:03:01.906  9658 19763 I PxrMetric: FPS=85/90,MTP=39.53ms,AppSW=off,FrmEarly=30,FrmLate=7,FrmCpu=1.11ms,FrmGpu=10.51ms,FrmTime=17.68ms,ATWGPU=1.60ms,VsyncDelay=2,GPU=92%/587Mhz,GPUTemp=73.3C,LayerCnt=4,Pkg=org.meumeu.wivrn.nx.warp,FrmId=505
09-11 05:03:02.059  9658 19822 I WiVRn   : [2026-09-11 05:03:02.059] [WiVRn] [info] Tracking pattern (11102µs):
09-11 05:03:02.059  9658 19822 I WiVRn   : [2026-09-11 05:03:02.059] [WiVRn] [info] 	t+3523µs HEAD (7579µs)
09-11 05:03:02.059  9658 19822 I WiVRn   : [2026-09-11 05:03:02.059] [WiVRn] [info] 	t+3587µs LEFT_GRIP (7515µs)
09-11 05:03:02.059  9658 19822 I WiVRn   : [2026-09-11 05:03:02.059] [WiVRn] [info] 	t+3593µs RIGHT_GRIP (7509µs)
09-11 05:03:02.059  9658 19822 I WiVRn   : [2026-09-11 05:03:02.059] [WiVRn] [info] 	t+6523µs HEAD (4579µs)
09-11 05:03:02.059  9658 19822 I WiVRn   : [2026-09-11 05:03:02.059] [WiVRn] [info] 	t+6587µs LEFT_GRIP (4515µs)
09-11 05:03:02.059  9658 19822 I WiVRn   : [2026-09-11 05:03:02.059] [WiVRn] [info] 	t+6593µs RIGHT_GRIP (4509µs)
09-11 05:03:02.610  9658 19817 I WiVRn   : [2026-09-11 05:03:02.610] [WiVRn] [info] nxwarp[0] net: 105 frames closed in 2.0 s, 0 with a hole, 0 out-of-order datagrams, 0 frames completed late, 0 queued for the worker, 148 decoded so far, 233 stragglers dropped; last hole 1890/2016 chunks, first missing 1527, short false, chunk 1166 B; worker phase idle
09-11 05:03:02.610  9658 19817 I WiVRn   : [2026-09-11 05:03:02.610] [WiVRn] [info] nxwarp[0] net: 0.026 ms per datagram over 34284 datagrams (440.40 ms of every second)
09-11 05:03:02.610  9658 19817 I WiVRn   : [2026-09-11 05:03:02.610] [WiVRn] [info] nxwarp[0] sel: stride 1, arrival 18.2 ms, dropped-late 77, withheld 0, decoded 148
09-11 05:03:02.610  9658 19817 I WiVRn   : [2026-09-11 05:03:02.610] [WiVRn] [info] nxwarp[0] rx: 72981 datagrams, placed 542433 (+209392), late 31801 (+21246), stale_frame 0, bad_range 0, bad_dir 0, bad_caps 0, bad_ver 0, auth_fail 0, replay 0, frozen 0, dup 31
09-11 05:03:02.918  9658 19763 I PxrMetric: FPS=87/90,MTP=41.00ms,AppSW=off,FrmEarly=27,FrmLate=12,FrmCpu=0.76ms,FrmGpu=12.96ms,FrmTime=21.88ms,ATWGPU=1.59ms,VsyncDelay=2,GPU=89%/587Mhz,GPUTemp=74.0C,LayerCnt=4,Pkg=org.meumeu.wivrn.nx.warp,FrmId=578
09-11 05:03:03.059  9658 19822 I WiVRn   : [2026-09-11 05:03:03.059] [WiVRn] [info] Tracking pattern (11115µs):
09-11 05:03:03.059  9658 19822 I WiVRn   : [2026-09-11 05:03:03.059] [WiVRn] [info] 	t+3620µs HEAD (7495µs)
09-11 05:03:03.059  9658 19822 I WiVRn   : [2026-09-11 05:03:03.059] [WiVRn] [info] 	t+3813µs LEFT_GRIP (7301µs)
09-11 05:03:03.059  9658 19822 I WiVRn   : [2026-09-11 05:03:03.059] [WiVRn] [info] 	t+3823µs RIGHT_GRIP (7292µs)
09-11 05:03:03.059  9658 19822 I WiVRn   : [2026-09-11 05:03:03.059] [WiVRn] [info] 	t+6620µs HEAD (4495µs)
09-11 05:03:03.059  9658 19822 I WiVRn   : [2026-09-11 05:03:03.059] [WiVRn] [info] 	t+6813µs LEFT_GRIP (4301µs)
09-11 05:03:03.059  9658 19822 I WiVRn   : [2026-09-11 05:03:03.059] [WiVRn] [info] 	t+6823µs RIGHT_GRIP (4292µs)
09-11 05:03:03.414  9658 19819 I WiVRn   : [2026-09-11 05:03:03.414] [WiVRn] [info] nxwarp[0]: 105 frames in 2.0 s: 286597 B/frame, wait-prev 0.0 ms, wall 16.6 ms, nxvc passA 5.1 passB 8.2 gpu 13.3 ms; holes 1, refused 0
09-11 05:03:03.414  9658 19819 I WiVRn   : [2026-09-11 05:03:03.414] [WiVRn] [info] nxwarp[0] gpu duty 696 ms/s (70% of one GPU) for decode alone; the display pass is extra
09-11 05:03:03.414  9658 19819 I WiVRn   : [2026-09-11 05:03:03.414] [WiVRn] [info] nxwarp[0] passB 8.2 ms = warp 0.0 + skip 0.0 + coded 0.0 + dir 0.0 + other 8.2; tiles skip 0 / coded 3528 / dir 0 (eye pass 0)
09-11 05:03:03.414  9658 19819 I WiVRn   : [2026-09-11 05:03:03.414] [WiVRn] [info] nxwarp[0]: 77 frames dropped late (queue kept to 1)
09-11 05:03:03.414  9658 19819 I WiVRn   : [2026-09-11 05:03:03.414] [WiVRn] [info] nxwarp[0] stage: gap 2.5 | wait-prev 0.0 | submit 1.6 (qlock 0.0 + codec 1.6) | get_free 0.0 | fence-pre 0.0 | record 0.0 | qsubmit 0.0 | fence-post 15.0 | publish 0.0 ms; withheld 0, stride 1, arrival 19.2 ms
09-11 05:03:03.414  9658 19819 I WiVRn   : [2026-09-11 05:03:03.414] [WiVRn] [info] nxwarp[0] reassembly (network thread): 0.17 ms/frame over 105 frames, buffer 280 kB held for 280 kB of unit (1.0x)
09-11 05:03:03.414  9658 19819 I WiVRn   : [2026-09-11 05:03:03.414] [WiVRn] [info] nxwarp[0] fence-post 15.0 ms = nxvc gpu 13.3 + copy gpu 0.00 + queue 1.7 (over 105 frames with timestamps)
09-11 05:03:03.463  9658 19767 I WiVRn   : [2026-09-11 05:03:03.463] [WiVRn] [info] render: 154 iterations in 2.0 s (76.8/s), 154 submitted a layer, 105 new-source, 0 skipped by the repeat gate, 0 with nothing to show; display period 13.0 ms
09-11 05:03:03.463  9658 19767 I WiVRn   : [2026-09-11 05:03:03.463] [WiVRn] [info] render: ready wait attempts 59 success 10 total 52.191 ms | selected older than available 0
09-11 05:03:03.463  9658 19767 I WiVRn   : [2026-09-11 05:03:03.463] [WiVRn] [info] render: selected source transitions forward 105 backward 0 repeat 49, greatest forward gap 1
09-11 05:03:03.463  9658 19767 I WiVRn   : [2026-09-11 05:03:03.463] [WiVRn] [info] render: this app's own GPU pass 3.3 ms per iteration
09-11 05:03:03.463  9658 19767 I WiVRn   : [2026-09-11 05:03:03.463] [WiVRn] [info] render: defoveate 2688x2688 per eye x2 = 14.45 Mpx/frame at scale 1.00 atlas-prototype 0; 49 re-presented from the cache (reduce_gpu_load on)
09-11 05:03:03.463  9658 19767 I WiVRn   : [2026-09-11 05:03:03.463] [WiVRn] [info] render: shader path sharpness 0.00 fsr false alpha false motion false blend false glow 0.00 vignette 0.00 deband 0.00 lowpoly 0.00 levels 0 full-kernel false
09-11 05:03:03.463  9658 19767 I WiVRn   : [2026-09-11 05:03:03.463] [WiVRn] [info] render: per iteration fence 2.5 (worst 13.9) | queries 0.0 | submit 0.0 | whole render() 3.5 ms
09-11 05:03:03.463  9658 19767 I WiVRn   : [2026-09-11 05:03:03.463] [WiVRn] [info] render: selection-to-defoveate CPU 0.052 ms mean (max 0.128) over 105 actual defoveate calls; not GPU/photon latency
09-11 05:03:03.463  9658 19767 I WiVRn   : [2026-09-11 05:03:03.463] [WiVRn] [info] render: jit on | wake slack 47.1 ms | slept 5.0 ms mean (max 5.0, 154 of 154 iterations) | budget 21.8 = pass 20.8 + margin 1.0 | sleep cap 5.0 ms
09-11 05:03:03.463  9658 19767 I WiVRn   : [2026-09-11 05:03:03.463] [WiVRn] [info] render: source display-time offset 81.2 ms mean (worst 99.2) over 154 frames | submit lead 38.6 ms mean (worst 24.7) | misses: 0 overrun 0 late 0 skipped refresh
09-11 05:03:03.463  9658 19767 I WiVRn   : [2026-09-11 05:03:03.463] [WiVRn] [info] render: source->first 7.1 ms | wire 9.6 | queue 1.8 | decode 16.6 | decode->selection 6.8 | selection->predicted 39.3 | sum 81.2 over 154 selected frames (0 invalid)
09-11 05:03:03.933  9658 19763 I PxrMetric: FPS=72/90,MTP=32.71ms,AppSW=off,FrmEarly=28,FrmLate=12,FrmCpu=0.68ms,FrmGpu=15.07ms,FrmTime=25.12ms,ATWGPU=1.59ms,VsyncDelay=2,GPU=99%/587Mhz,GPUTemp=74.0C,LayerCnt=3,Pkg=org.meumeu.wivrn.nx.warp,FrmId=655
09-11 05:03:04.059  9658 19822 I WiVRn   : [2026-09-11 05:03:04.059] [WiVRn] [info] Tracking pattern (11107µs):
09-11 05:03:04.059  9658 19822 I WiVRn   : [2026-09-11 05:03:04.059] [WiVRn] [info] 	t+3571µs HEAD (7535µs)
09-11 05:03:04.059  9658 19822 I WiVRn   : [2026-09-11 05:03:04.059] [WiVRn] [info] 	t+3610µs LEFT_GRIP (7496µs)
09-11 05:03:04.059  9658 19822 I WiVRn   : [2026-09-11 05:03:04.059] [WiVRn] [info] 	t+3617µs RIGHT_GRIP (7490µs)
09-11 05:03:04.059  9658 19822 I WiVRn   : [2026-09-11 05:03:04.059] [WiVRn] [info] 	t+6571µs HEAD (4535µs)
09-11 05:03:04.059  9658 19822 I WiVRn   : [2026-09-11 05:03:04.059] [WiVRn] [info] 	t+6610µs LEFT_GRIP (4496µs)
09-11 05:03:04.059  9658 19822 I WiVRn   : [2026-09-11 05:03:04.059] [WiVRn] [info] 	t+6617µs RIGHT_GRIP (4490µs)
09-11 05:03:04.621  9658 19817 I WiVRn   : [2026-09-11 05:03:04.621] [WiVRn] [info] nxwarp[0] net: 105 frames closed in 2.0 s, 0 with a hole, 0 out-of-order datagrams, 0 frames completed late, 0 queued for the worker, 253 decoded so far, 347 stragglers dropped; last hole 1890/2016 chunks, first missing 1527, short false, chunk 1166 B; worker phase idle
09-11 05:03:04.621  9658 19817 I WiVRn   : [2026-09-11 05:03:04.621] [WiVRn] [info] nxwarp[0] net: 0.026 ms per datagram over 32901 datagrams (433.24 ms of every second)
09-11 05:03:04.621  9658 19817 I WiVRn   : [2026-09-11 05:03:04.621] [WiVRn] [info] nxwarp[0] sel: stride 1, arrival 19.6 ms, dropped-late 77, withheld 0, decoded 253
09-11 05:03:04.621  9658 19817 I WiVRn   : [2026-09-11 05:03:04.621] [WiVRn] [info] nxwarp[0] rx: 105882 datagrams, placed 656776 (+114343), late 56554 (+24753), stale_frame 0, bad_range 0, bad_dir 0, bad_caps 0, bad_ver 0, auth_fail 0, replay 0, frozen 0, dup 40
09-11 05:03:04.939  9658 19763 I PxrMetric: FPS=76/90,MTP=38.77ms,AppSW=off,FrmEarly=30,FrmLate=11,FrmCpu=0.79ms,FrmGpu=13.04ms,FrmTime=21.29ms,ATWGPU=1.59ms,VsyncDelay=3,GPU=99%/587Mhz,GPUTemp=73.3C,LayerCnt=3,Pkg=org.meumeu.wivrn.nx.warp,FrmId=728
09-11 05:03:05.059  9658 19822 I WiVRn   : [2026-09-11 05:03:05.059] [WiVRn] [info] Tracking pattern (11111µs):
09-11 05:03:05.059  9658 19822 I WiVRn   : [2026-09-11 05:03:05.059] [WiVRn] [info] 	t+3430µs HEAD (7680µs)
09-11 05:03:05.059  9658 19822 I WiVRn   : [2026-09-11 05:03:05.059] [WiVRn] [info] 	t+3467µs LEFT_GRIP (7644µs)
09-11 05:03:05.059  9658 19822 I WiVRn   : [2026-09-11 05:03:05.059] [WiVRn] [info] 	t+3473µs RIGHT_GRIP (7638µs)
09-11 05:03:05.059  9658 19822 I WiVRn   : [2026-09-11 05:03:05.059] [WiVRn] [info] 	t+6430µs HEAD (4680µs)
09-11 05:03:05.059  9658 19822 I WiVRn   : [2026-09-11 05:03:05.059] [WiVRn] [info] 	t+6467µs LEFT_GRIP (4644µs)
09-11 05:03:05.059  9658 19822 I WiVRn   : [2026-09-11 05:03:05.059] [WiVRn] [info] 	t+6473µs RIGHT_GRIP (4638µs)
09-11 05:03:05.415  9658 19819 I WiVRn   : [2026-09-11 05:03:05.415] [WiVRn] [info] nxwarp[0]: 105 frames in 2.0 s: 275734 B/frame, wait-prev 0.0 ms, wall 16.4 ms, nxvc passA 5.0 passB 8.2 gpu 13.2 ms; holes 1, refused 0
09-11 05:03:05.415  9658 19819 I WiVRn   : [2026-09-11 05:03:05.415] [WiVRn] [info] nxwarp[0] gpu duty 692 ms/s (69% of one GPU) for decode alone; the display pass is extra
09-11 05:03:05.415  9658 19819 I WiVRn   : [2026-09-11 05:03:05.415] [WiVRn] [info] nxwarp[0] passB 8.2 ms = warp 0.0 + skip 0.0 + coded 0.0 + dir 0.0 + other 8.2; tiles skip 0 / coded 3528 / dir 0 (eye pass 0)
09-11 05:03:05.415  9658 19819 I WiVRn   : [2026-09-11 05:03:05.415] [WiVRn] [info] nxwarp[0]: 77 frames dropped late (queue kept to 1)
09-11 05:03:05.415  9658 19819 I WiVRn   : [2026-09-11 05:03:05.415] [WiVRn] [info] nxwarp[0] stage: gap 2.7 | wait-prev 0.0 | submit 1.4 (qlock 0.0 + codec 1.4) | get_free 0.0 | fence-pre 0.0 | record 0.0 | qsubmit 0.0 | fence-post 14.9 | publish 0.0 ms; withheld 0, stride 1, arrival 17.5 ms
09-11 05:03:05.415  9658 19819 I WiVRn   : [2026-09-11 05:03:05.415] [WiVRn] [info] nxwarp[0] reassembly (network thread): 0.14 ms/frame over 106 frames, buffer 269 kB held for 269 kB of unit (1.0x)
09-11 05:03:05.415  9658 19819 I WiVRn   : [2026-09-11 05:03:05.415] [WiVRn] [info] nxwarp[0] fence-post 14.9 ms = nxvc gpu 13.2 + copy gpu 0.00 + queue 1.7 (over 105 frames with timestamps)
09-11 05:03:05.472  9658 19767 I WiVRn   : [2026-09-11 05:03:05.472] [WiVRn] [info] render: 148 iterations in 2.0 s (73.6/s), 148 submitted a layer, 106 new-source, 0 skipped by the repeat gate, 0 with nothing to show; display period 13.6 ms
09-11 05:03:05.473  9658 19767 I WiVRn   : [2026-09-11 05:03:05.473] [WiVRn] [info] render: ready wait attempts 52 success 10 total 45.759 ms | selected older than available 0
09-11 05:03:05.473  9658 19767 I WiVRn   : [2026-09-11 05:03:05.473] [WiVRn] [info] render: selected source transitions forward 106 backward 0 repeat 42, greatest forward gap 1
09-11 05:03:05.473  9658 19767 I WiVRn   : [2026-09-11 05:03:05.473] [WiVRn] [info] render: this app's own GPU pass 3.4 ms per iteration
09-11 05:03:05.473  9658 19767 I WiVRn   : [2026-09-11 05:03:05.473] [WiVRn] [info] render: defoveate 2688x2688 per eye x2 = 14.45 Mpx/frame at scale 1.00 atlas-prototype 0; 42 re-presented from the cache (reduce_gpu_load on)
09-11 05:03:05.473  9658 19767 I WiVRn   : [2026-09-11 05:03:05.473] [WiVRn] [info] render: shader path sharpness 0.00 fsr false alpha false motion false blend false glow 0.00 vignette 0.00 deband 0.00 lowpoly 0.00 levels 0 full-kernel false
09-11 05:03:05.473  9658 19767 I WiVRn   : [2026-09-11 05:03:05.473] [WiVRn] [info] render: per iteration fence 3.2 (worst 13.1) | queries 0.0 | submit 0.0 | whole render() 4.1 ms
09-11 05:03:05.473  9658 19767 I WiVRn   : [2026-09-11 05:03:05.473] [WiVRn] [info] render: selection-to-defoveate CPU 0.051 ms mean (max 0.136) over 106 actual defoveate calls; not GPU/photon latency
09-11 05:03:05.473  9658 19767 I WiVRn   : [2026-09-11 05:03:05.473] [WiVRn] [info] render: jit on | wake slack 47.7 ms | slept 5.0 ms mean (max 5.0, 148 of 148 iterations) | budget 20.3 = pass 19.3 + margin 1.0 | sleep cap 5.0 ms
09-11 05:03:05.473  9658 19767 I WiVRn   : [2026-09-11 05:03:05.473] [WiVRn] [info] render: source display-time offset 79.1 ms mean (worst 99.3) over 148 frames | submit lead 38.6 ms mean (worst 22.7) | misses: 0 overrun 0 late 0 skipped refresh
09-11 05:03:05.473  9658 19767 I WiVRn   : [2026-09-11 05:03:05.473] [WiVRn] [info] render: source->first 6.6 ms | wire 8.7 | queue 1.7 | decode 16.5 | decode->selection 6.5 | selection->predicted 39.2 | sum 79.1 over 148 selected frames (0 invalid)
09-11 05:03:05.944  9658 19763 I PxrMetric: FPS=73/90,MTP=35.11ms,AppSW=off,FrmEarly=18,FrmLate=7,FrmCpu=0.91ms,FrmGpu=10.34ms,FrmTime=17.68ms,ATWGPU=1.59ms,VsyncDelay=2,GPU=99%/587Mhz,GPUTemp=73.6C,LayerCnt=3,Pkg=org.meumeu.wivrn.nx.warp,FrmId=810
09-11 05:03:06.059  9658 19822 I WiVRn   : [2026-09-11 05:03:06.059] [WiVRn] [info] Tracking pattern (11120µs):
09-11 05:03:06.059  9658 19822 I WiVRn   : [2026-09-11 05:03:06.059] [WiVRn] [info] 	t+3196µs HEAD (7924µs)
09-11 05:03:06.059  9658 19822 I WiVRn   : [2026-09-11 05:03:06.059] [WiVRn] [info] 	t+3234µs LEFT_GRIP (7885µs)
09-11 05:03:06.059  9658 19822 I WiVRn   : [2026-09-11 05:03:06.059] [WiVRn] [info] 	t+3255µs RIGHT_GRIP (7865µs)
09-11 05:03:06.059  9658 19822 I WiVRn   : [2026-09-11 05:03:06.059] [WiVRn] [info] 	t+6196µs HEAD (4924µs)
09-11 05:03:06.059  9658 19822 I WiVRn   : [2026-09-11 05:03:06.059] [WiVRn] [info] 	t+6234µs LEFT_GRIP (4885µs)
09-11 05:03:06.059  9658 19822 I WiVRn   : [2026-09-11 05:03:06.059] [WiVRn] [info] 	t+6255µs RIGHT_GRIP (4865µs)
09-11 05:03:06.621  9658 19817 I WiVRn   : [2026-09-11 05:03:06.621] [WiVRn] [info] nxwarp[0] net: 106 frames closed in 2.0 s, 0 with a hole, 0 out-of-order datagrams, 0 frames completed late, 0 queued for the worker, 358 decoded so far, 459 stragglers dropped; last hole 1890/2016 chunks, first missing 1527, short false, chunk 1166 B; worker phase copy-fence-wait
09-11 05:03:06.621  9658 19817 I WiVRn   : [2026-09-11 05:03:06.621] [WiVRn] [info] nxwarp[0] net: 0.026 ms per datagram over 32523 datagrams (421.84 ms of every second)
09-11 05:03:06.621  9658 19817 I WiVRn   : [2026-09-11 05:03:06.621] [WiVRn] [info] nxwarp[0] sel: stride 1, arrival 17.9 ms, dropped-late 77, withheld 0, decoded 358
09-11 05:03:06.621  9658 19817 I WiVRn   : [2026-09-11 05:03:06.621] [WiVRn] [info] nxwarp[0] rx: 138405 datagrams, placed 872375 (+215599), late 69494 (+12940), stale_frame 0, bad_range 0, bad_dir 0, bad_caps 0, bad_ver 0, auth_fail 0, replay 0, frozen 0, dup 48
09-11 05:03:06.951  9658 19763 I PxrMetric: FPS=82/90,MTP=38.18ms,AppSW=off,FrmEarly=19,FrmLate=8,FrmCpu=0.84ms,FrmGpu=11.06ms,FrmTime=17.99ms,ATWGPU=1.60ms,VsyncDelay=3,GPU=99%/587Mhz,GPUTemp=73.6C,LayerCnt=3,Pkg=org.meumeu.wivrn.nx.warp,FrmId=894
09-11 05:03:07.059  9658 19822 I WiVRn   : [2026-09-11 05:03:07.059] [WiVRn] [info] Tracking pattern (11111µs):
09-11 05:03:07.059  9658 19822 I WiVRn   : [2026-09-11 05:03:07.059] [WiVRn] [info] 	t+3191µs HEAD (7920µs)
09-11 05:03:07.059  9658 19822 I WiVRn   : [2026-09-11 05:03:07.059] [WiVRn] [info] 	t+3250µs LEFT_GRIP (7861µs)
09-11 05:03:07.059  9658 19822 I WiVRn   : [2026-09-11 05:03:07.059] [WiVRn] [info] 	t+3261µs RIGHT_GRIP (7850µs)
09-11 05:03:07.059  9658 19822 I WiVRn   : [2026-09-11 05:03:07.059] [WiVRn] [info] 	t+6191µs HEAD (4920µs)
09-11 05:03:07.059  9658 19822 I WiVRn   : [2026-09-11 05:03:07.059] [WiVRn] [info] 	t+6250µs LEFT_GRIP (4861µs)
09-11 05:03:07.059  9658 19822 I WiVRn   : [2026-09-11 05:03:07.059] [WiVRn] [info] 	t+6261µs RIGHT_GRIP (4850µs)
09-11 05:03:07.427  9658 19819 I WiVRn   : [2026-09-11 05:03:07.427] [WiVRn] [info] nxwarp[0]: 107 frames in 2.0 s: 261824 B/frame, wait-prev 0.0 ms, wall 16.2 ms, nxvc passA 4.7 passB 8.2 gpu 13.0 ms; holes 1, refused 0
09-11 05:03:07.427  9658 19819 I WiVRn   : [2026-09-11 05:03:07.427] [WiVRn] [info] nxwarp[0] gpu duty 690 ms/s (69% of one GPU) for decode alone; the display pass is extra
09-11 05:03:07.427  9658 19819 I WiVRn   : [2026-09-11 05:03:07.427] [WiVRn] [info] nxwarp[0] passB 8.2 ms = warp 0.0 + skip 0.0 + coded 0.0 + dir 0.0 + other 8.2; tiles skip 0 / coded 3528 / dir 0 (eye pass 0)
09-11 05:03:07.427  9658 19819 I WiVRn   : [2026-09-11 05:03:07.427] [WiVRn] [info] nxwarp[0]: 77 frames dropped late (queue kept to 1)
09-11 05:03:07.427  9658 19819 I WiVRn   : [2026-09-11 05:03:07.427] [WiVRn] [info] nxwarp[0] stage: gap 2.6 | wait-prev 0.0 | submit 1.4 (qlock 0.0 + codec 1.4) | get_free 0.0 | fence-pre 0.0 | record 0.0 | qsubmit 0.0 | fence-post 14.7 | publish 0.0 ms; withheld 0, stride 1, arrival 18.1 ms
09-11 05:03:07.427  9658 19819 I WiVRn   : [2026-09-11 05:03:07.427] [WiVRn] [info] nxwarp[0] reassembly (network thread): 0.17 ms/frame over 107 frames, buffer 256 kB held for 256 kB of unit (1.0x)
09-11 05:03:07.427  9658 19819 I WiVRn   : [2026-09-11 05:03:07.427] [WiVRn] [info] nxwarp[0] fence-post 14.7 ms = nxvc gpu 13.0 + copy gpu 0.00 + queue 1.7 (over 107 frames with timestamps)
09-11 05:03:07.483  9658 19767 I WiVRn   : [2026-09-11 05:03:07.483] [WiVRn] [info] render: 164 iterations in 2.0 s (81.6/s), 164 submitted a layer, 107 new-source, 0 skipped by the repeat gate, 0 with nothing to show; display period 12.3 ms
09-11 05:03:07.483  9658 19767 I WiVRn   : [2026-09-11 05:03:07.483] [WiVRn] [info] render: ready wait attempts 72 success 15 total 60.955 ms | selected older than available 0
09-11 05:03:07.483  9658 19767 I WiVRn   : [2026-09-11 05:03:07.483] [WiVRn] [info] render: selected source transitions forward 107 backward 0 repeat 57, greatest forward gap 1
09-11 05:03:07.483  9658 19767 I WiVRn   : [2026-09-11 05:03:07.483] [WiVRn] [info] render: this app's own GPU pass 3.1 ms per iteration
09-11 05:03:07.483  9658 19767 I WiVRn   : [2026-09-11 05:03:07.483] [WiVRn] [info] render: defoveate 2688x2688 per eye x2 = 14.45 Mpx/frame at scale 1.00 atlas-prototype 0; 57 re-presented from the cache (reduce_gpu_load on)
09-11 05:03:07.483  9658 19767 I WiVRn   : [2026-09-11 05:03:07.483] [WiVRn] [info] render: shader path sharpness 0.00 fsr false alpha false motion false blend false glow 0.00 vignette 0.00 deband 0.00 lowpoly 0.00 levels 0 full-kernel false
09-11 05:03:07.483  9658 19767 I WiVRn   : [2026-09-11 05:03:07.483] [WiVRn] [info] render: per iteration fence 2.3 (worst 13.4) | queries 0.0 | submit 0.0 | whole render() 3.3 ms
09-11 05:03:07.483  9658 19767 I WiVRn   : [2026-09-11 05:03:07.483] [WiVRn] [info] render: selection-to-defoveate CPU 0.053 ms mean (max 0.123) over 107 actual defoveate calls; not GPU/photon latency
09-11 05:03:07.483  9658 19767 I WiVRn   : [2026-09-11 05:03:07.483] [WiVRn] [info] render: jit on | wake slack 45.2 ms | slept 5.0 ms mean (max 5.0, 164 of 164 iterations) | budget 18.7 = pass 17.7 + margin 1.0 | sleep cap 5.0 ms
09-11 05:03:07.483  9658 19767 I WiVRn   : [2026-09-11 05:03:07.483] [WiVRn] [info] render: source display-time offset 77.4 ms mean (worst 88.2) over 164 frames | submit lead 36.9 ms mean (worst 23.5) | misses: 0 overrun 0 late 0 skipped refresh
09-11 05:03:07.483  9658 19767 I WiVRn   : [2026-09-11 05:03:07.483] [WiVRn] [info] render: source->first 6.6 ms | wire 9.0 | queue 1.8 | decode 16.1 | decode->selection 6.5 | selection->predicted 37.5 | sum 77.4 over 164 selected frames (0 invalid)
09-11 05:03:07.963  9658 19763 I PxrMetric: FPS=84/90,MTP=42.67ms,AppSW=off,FrmEarly=36,FrmLate=14,FrmCpu=0.75ms,FrmGpu=13.62ms,FrmTime=23.27ms,ATWGPU=1.59ms,VsyncDelay=3,GPU=99%/587Mhz,GPUTemp=74.0C,LayerCnt=3,Pkg=org.meumeu.wivrn.nx.warp,FrmId=970
09-11 05:03:08.059  9658 19822 I WiVRn   : [2026-09-11 05:03:08.059] [WiVRn] [info] Tracking pattern (11122µs):
09-11 05:03:08.059  9658 19822 I WiVRn   : [2026-09-11 05:03:08.059] [WiVRn] [info] 	t+3411µs HEAD (7710µs)
09-11 05:03:08.059  9658 19822 I WiVRn   : [2026-09-11 05:03:08.059] [WiVRn] [info] 	t+3465µs LEFT_GRIP (7657µs)
09-11 05:03:08.059  9658 19822 I WiVRn   : [2026-09-11 05:03:08.059] [WiVRn] [info] 	t+3469µs RIGHT_GRIP (7652µs)
09-11 05:03:08.059  9658 19822 I WiVRn   : [2026-09-11 05:03:08.059] [WiVRn] [info] 	t+6411µs HEAD (4710µs)
09-11 05:03:08.059  9658 19822 I WiVRn   : [2026-09-11 05:03:08.059] [WiVRn] [info] 	t+6465µs LEFT_GRIP (4657µs)
09-11 05:03:08.059  9658 19822 I WiVRn   : [2026-09-11 05:03:08.059] [WiVRn] [info] 	t+6469µs RIGHT_GRIP (4652µs)
09-11 05:03:08.642  9658 19817 I WiVRn   : [2026-09-11 05:03:08.642] [WiVRn] [info] nxwarp[0] net: 107 frames closed in 2.0 s, 0 with a hole, 0 out-of-order datagrams, 0 frames completed late, 0 queued for the worker, 465 decoded so far, 567 stragglers dropped; last hole 1890/2016 chunks, first missing 1527, short false, chunk 1166 B; worker phase copy-fence-wait
09-11 05:03:08.642  9658 19817 I WiVRn   : [2026-09-11 05:03:08.642] [WiVRn] [info] nxwarp[0] net: 0.025 ms per datagram over 34599 datagrams (430.73 ms of every second)
09-11 05:03:08.642  9658 19817 I WiVRn   : [2026-09-11 05:03:08.642] [WiVRn] [info] nxwarp[0] sel: stride 1, arrival 18.0 ms, dropped-late 77, withheld 0, decoded 465
09-11 05:03:08.642  9658 19817 I WiVRn   : [2026-09-11 05:03:08.642] [WiVRn] [info] nxwarp[0] rx: 173004 datagrams, placed 1177183 (+304808), late 80406 (+10912), stale_frame 0, bad_range 0, bad_dir 0, bad_caps 0, bad_ver 0, auth_fail 0, replay 0, frozen 0, dup 62
09-11 05:03:08.969  9658 19763 I PxrMetric: FPS=75/90,MTP=40.12ms,AppSW=off,FrmEarly=26,FrmLate=6,FrmCpu=0.81ms,FrmGpu=11.77ms,FrmTime=18.61ms,ATWGPU=1.59ms,VsyncDelay=2,GPU=92%/587Mhz,GPUTemp=73.6C,LayerCnt=3,Pkg=org.meumeu.wivrn.nx.warp,FrmId=1052
09-11 05:03:09.059  9658 19822 I WiVRn   : [2026-09-11 05:03:09.059] [WiVRn] [info] Tracking pattern (11111µs):
09-11 05:03:09.059  9658 19822 I WiVRn   : [2026-09-11 05:03:09.059] [WiVRn] [info] 	t+2825µs HEAD (8285µs)
09-11 05:03:09.059  9658 19822 I WiVRn   : [2026-09-11 05:03:09.059] [WiVRn] [info] 	t+2879µs LEFT_GRIP (8232µs)
09-11 05:03:09.059  9658 19822 I WiVRn   : [2026-09-11 05:03:09.059] [WiVRn] [info] 	t+2890µs RIGHT_GRIP (8221µs)
09-11 05:03:09.059  9658 19822 I WiVRn   : [2026-09-11 05:03:09.059] [WiVRn] [info] 	t+5825µs HEAD (5285µs)
09-11 05:03:09.059  9658 19822 I WiVRn   : [2026-09-11 05:03:09.059] [WiVRn] [info] 	t+5879µs LEFT_GRIP (5232µs)
09-11 05:03:09.059  9658 19822 I WiVRn   : [2026-09-11 05:03:09.059] [WiVRn] [info] 	t+5890µs RIGHT_GRIP (5221µs)
09-11 05:03:09.437  9658 19819 I WiVRn   : [2026-09-11 05:03:09.437] [WiVRn] [info] nxwarp[0]: 106 frames in 2.0 s: 267436 B/frame, wait-prev 0.0 ms, wall 16.5 ms, nxvc passA 4.8 passB 8.2 gpu 13.1 ms; holes 1, refused 0
09-11 05:03:09.437  9658 19819 I WiVRn   : [2026-09-11 05:03:09.437] [WiVRn] [info] nxwarp[0] gpu duty 688 ms/s (69% of one GPU) for decode alone; the display pass is extra
09-11 05:03:09.437  9658 19819 I WiVRn   : [2026-09-11 05:03:09.437] [WiVRn] [info] nxwarp[0] passB 8.2 ms = warp 0.0 + skip 0.0 + coded 0.0 + dir 0.0 + other 8.2; tiles skip 0 / coded 3528 / dir 0 (eye pass 0)
09-11 05:03:09.437  9658 19819 I WiVRn   : [2026-09-11 05:03:09.437] [WiVRn] [info] nxwarp[0]: 77 frames dropped late (queue kept to 1)
09-11 05:03:09.437  9658 19819 I WiVRn   : [2026-09-11 05:03:09.437] [WiVRn] [info] nxwarp[0] stage: gap 2.5 | wait-prev 0.0 | submit 1.4 (qlock 0.0 + codec 1.4) | get_free 0.0 | fence-pre 0.0 | record 0.0 | qsubmit 0.0 | fence-post 15.0 | publish 0.0 ms; withheld 0, stride 1, arrival 19.2 ms
09-11 05:03:09.437  9658 19819 I WiVRn   : [2026-09-11 05:03:09.437] [WiVRn] [info] nxwarp[0] reassembly (network thread): 0.19 ms/frame over 105 frames, buffer 261 kB held for 261 kB of unit (1.0x)
09-11 05:03:09.437  9658 19819 I WiVRn   : [2026-09-11 05:03:09.437] [WiVRn] [info] nxwarp[0] fence-post 15.0 ms = nxvc gpu 13.1 + copy gpu 0.00 + queue 1.9 (over 106 frames with timestamps)
09-11 05:03:09.485  9658 19767 I WiVRn   : [2026-09-11 05:03:09.485] [WiVRn] [info] render: 158 iterations in 2.0 s (78.9/s), 158 submitted a layer, 105 new-source, 0 skipped by the repeat gate, 0 with nothing to show; display period 12.7 ms
09-11 05:03:09.485  9658 19767 I WiVRn   : [2026-09-11 05:03:09.485] [WiVRn] [info] render: ready wait attempts 63 success 10 total 56.463 ms | selected older than available 0
09-11 05:03:09.485  9658 19767 I WiVRn   : [2026-09-11 05:03:09.485] [WiVRn] [info] render: selected source transitions forward 105 backward 0 repeat 53, greatest forward gap 1
09-11 05:03:09.485  9658 19767 I WiVRn   : [2026-09-11 05:03:09.485] [WiVRn] [info] render: this app's own GPU pass 3.2 ms per iteration
09-11 05:03:09.485  9658 19767 I WiVRn   : [2026-09-11 05:03:09.485] [WiVRn] [info] render: defoveate 2688x2688 per eye x2 = 14.45 Mpx/frame at scale 1.00 atlas-prototype 0; 53 re-presented from the cache (reduce_gpu_load on)
09-11 05:03:09.485  9658 19767 I WiVRn   : [2026-09-11 05:03:09.485] [WiVRn] [info] render: shader path sharpness 0.00 fsr false alpha false motion false blend false glow 0.00 vignette 0.00 deband 0.00 lowpoly 0.00 levels 0 full-kernel false
09-11 05:03:09.485  9658 19767 I WiVRn   : [2026-09-11 05:03:09.485] [WiVRn] [info] render: per iteration fence 2.4 (worst 13.3) | queries 0.0 | submit 0.0 | whole render() 3.3 ms
09-11 05:03:09.485  9658 19767 I WiVRn   : [2026-09-11 05:03:09.485] [WiVRn] [info] render: selection-to-defoveate CPU 0.050 ms mean (max 0.117) over 105 actual defoveate calls; not GPU/photon latency
09-11 05:03:09.485  9658 19767 I WiVRn   : [2026-09-11 05:03:09.485] [WiVRn] [info] render: jit on | wake slack 46.2 ms | slept 5.0 ms mean (max 5.0, 158 of 158 iterations) | budget 17.1 = pass 16.1 + margin 1.0 | sleep cap 5.0 ms
09-11 05:03:09.485  9658 19767 I WiVRn   : [2026-09-11 05:03:09.485] [WiVRn] [info] render: source display-time offset 79.9 ms mean (worst 99.2) over 158 frames | submit lead 37.9 ms mean (worst 20.7) | misses: 0 overrun 0 late 0 skipped refresh
09-11 05:03:09.485  9658 19767 I WiVRn   : [2026-09-11 05:03:09.485] [WiVRn] [info] render: source->first 7.0 ms | wire 9.3 | queue 2.1 | decode 16.4 | decode->selection 6.6 | selection->predicted 38.5 | sum 79.9 over 158 selected frames (0 invalid)
09-11 05:03:09.980  9658 19763 I PxrMetric: FPS=81/90,MTP=41.47ms,AppSW=off,FrmEarly=23,FrmLate=12,FrmCpu=0.75ms,FrmGpu=14.46ms,FrmTime=21.61ms,ATWGPU=1.59ms,VsyncDelay=2,GPU=98%/587Mhz,GPUTemp=74.8C,LayerCnt=3,Pkg=org.meumeu.wivrn.nx.warp,FrmId=1129
09-11 05:03:10.059  9658 19822 I WiVRn   : [2026-09-11 05:03:10.059] [WiVRn] [info] Tracking pattern (11117µs):
09-11 05:03:10.059  9658 19822 I WiVRn   : [2026-09-11 05:03:10.059] [WiVRn] [info] 	t+3849µs HEAD (7267µs)
09-11 05:03:10.059  9658 19822 I WiVRn   : [2026-09-11 05:03:10.059] [WiVRn] [info] 	t+3885µs LEFT_GRIP (7231µs)
09-11 05:03:10.059  9658 19822 I WiVRn   : [2026-09-11 05:03:10.059] [WiVRn] [info] 	t+3891µs RIGHT_GRIP (7225µs)
09-11 05:03:10.059  9658 19822 I WiVRn   : [2026-09-11 05:03:10.059] [WiVRn] [info] 	t+6849µs HEAD (4267µs)
09-11 05:03:10.059  9658 19822 I WiVRn   : [2026-09-11 05:03:10.059] [WiVRn] [info] 	t+6885µs LEFT_GRIP (4231µs)
09-11 05:03:10.059  9658 19822 I WiVRn   : [2026-09-11 05:03:10.059] [WiVRn] [info] 	t+6891µs RIGHT_GRIP (4225µs)
09-11 05:03:10.663  9658 19817 I WiVRn   : [2026-09-11 05:03:10.663] [WiVRn] [info] nxwarp[0] net: 105 frames closed in 2.0 s, 0 with a hole, 0 out-of-order datagrams, 0 frames completed late, 0 queued for the worker, 571 decoded so far, 677 stragglers dropped; last hole 1890/2016 chunks, first missing 1527, short false, chunk 1166 B; worker phase idle
09-11 05:03:10.663  9658 19817 I WiVRn   : [2026-09-11 05:03:10.663] [WiVRn] [info] nxwarp[0] net: 0.025 ms per datagram over 36586 datagrams (448.81 ms of every second)
09-11 05:03:10.663  9658 19817 I WiVRn   : [2026-09-11 05:03:10.663] [WiVRn] [info] nxwarp[0] sel: stride 1, arrival 19.5 ms, dropped-late 77, withheld 0, decoded 571
09-11 05:03:10.663  9658 19817 I WiVRn   : [2026-09-11 05:03:10.663] [WiVRn] [info] nxwarp[0] rx: 209590 datagrams, placed 1527894 (+350711), late 95908 (+15502), stale_frame 0, bad_range 0, bad_dir 0, bad_caps 0, bad_ver 0, auth_fail 0, replay 0, frozen 0, dup 85
09-11 05:03:10.989  9658 19763 I PxrMetric: FPS=76/90,MTP=32.60ms,AppSW=off,FrmEarly=25,FrmLate=13,FrmCpu=0.83ms,FrmGpu=12.93ms,FrmTime=20.75ms,ATWGPU=1.63ms,VsyncDelay=2,GPU=99%/587Mhz,GPUTemp=73.3C,LayerCnt=3,Pkg=org.meumeu.wivrn.nx.warp,FrmId=1199
09-11 05:03:11.059  9658 19822 I WiVRn   : [2026-09-11 05:03:11.059] [WiVRn] [info] Tracking pattern (11110µs):
09-11 05:03:11.059  9658 19822 I WiVRn   : [2026-09-11 05:03:11.059] [WiVRn] [info] 	t+3339µs HEAD (7770µs)
09-11 05:03:11.059  9658 19822 I WiVRn   : [2026-09-11 05:03:11.059] [WiVRn] [info] 	t+3378µs LEFT_GRIP (7731µs)
09-11 05:03:11.059  9658 19822 I WiVRn   : [2026-09-11 05:03:11.059] [WiVRn] [info] 	t+3386µs RIGHT_GRIP (7723µs)
09-11 05:03:11.059  9658 19822 I WiVRn   : [2026-09-11 05:03:11.059] [WiVRn] [info] 	t+6339µs HEAD (4770µs)
09-11 05:03:11.059  9658 19822 I WiVRn   : [2026-09-11 05:03:11.059] [WiVRn] [info] 	t+6378µs LEFT_GRIP (4731µs)
09-11 05:03:11.059  9658 19822 I WiVRn   : [2026-09-11 05:03:11.059] [WiVRn] [info] 	t+6386µs RIGHT_GRIP (4723µs)
09-11 05:03:11.449  9658 19819 I WiVRn   : [2026-09-11 05:03:11.449] [WiVRn] [info] nxwarp[0]: 104 frames in 2.0 s: 276745 B/frame, wait-prev 0.0 ms, wall 16.6 ms, nxvc passA 5.1 passB 8.3 gpu 13.4 ms; holes 1, refused 0
09-11 05:03:11.449  9658 19819 I WiVRn   : [2026-09-11 05:03:11.449] [WiVRn] [info] nxwarp[0] gpu duty 691 ms/s (69% of one GPU) for decode alone; the display pass is extra
09-11 05:03:11.449  9658 19819 I WiVRn   : [2026-09-11 05:03:11.449] [WiVRn] [info] nxwarp[0] passB 8.3 ms = warp 0.0 + skip 0.0 + coded 0.0 + dir 0.0 + other 8.3; tiles skip 0 / coded 3528 / dir 0 (eye pass 0)
09-11 05:03:11.449  9658 19819 I WiVRn   : [2026-09-11 05:03:11.449] [WiVRn] [info] nxwarp[0]: 77 frames dropped late (queue kept to 1)
09-11 05:03:11.449  9658 19819 I WiVRn   : [2026-09-11 05:03:11.449] [WiVRn] [info] nxwarp[0] stage: gap 2.8 | wait-prev 0.0 | submit 1.5 (qlock 0.0 + codec 1.5) | get_free 0.0 | fence-pre 0.0 | record 0.0 | qsubmit 0.0 | fence-post 15.0 | publish 0.0 ms; withheld 0, stride 1, arrival 18.4 ms
09-11 05:03:11.449  9658 19819 I WiVRn   : [2026-09-11 05:03:11.449] [WiVRn] [info] nxwarp[0] reassembly (network thread): 0.20 ms/frame over 105 frames, buffer 270 kB held for 270 kB of unit (1.0x)
09-11 05:03:11.449  9658 19819 I WiVRn   : [2026-09-11 05:03:11.449] [WiVRn] [info] nxwarp[0] fence-post 15.0 ms = nxvc gpu 13.4 + copy gpu 0.00 + queue 1.6 (over 104 frames with timestamps)
09-11 05:03:11.506  9658 19767 I WiVRn   : [2026-09-11 05:03:11.506] [WiVRn] [info] render: 149 iterations in 2.0 s (74.2/s), 149 submitted a layer, 105 new-source, 0 skipped by the repeat gate, 0 with nothing to show; display period 13.5 ms
09-11 05:03:11.506  9658 19767 I WiVRn   : [2026-09-11 05:03:11.506] [WiVRn] [info] render: ready wait attempts 54 success 10 total 46.985 ms | selected older than available 0
09-11 05:03:11.506  9658 19767 I WiVRn   : [2026-09-11 05:03:11.506] [WiVRn] [info] render: selected source transitions forward 105 backward 0 repeat 44, greatest forward gap 1
09-11 05:03:11.506  9658 19767 I WiVRn   : [2026-09-11 05:03:11.506] [WiVRn] [info] render: this app's own GPU pass 3.4 ms per iteration
09-11 05:03:11.506  9658 19767 I WiVRn   : [2026-09-11 05:03:11.506] [WiVRn] [info] render: defoveate 2688x2688 per eye x2 = 14.45 Mpx/frame at scale 1.00 atlas-prototype 0; 44 re-presented from the cache (reduce_gpu_load on)
09-11 05:03:11.506  9658 19767 I WiVRn   : [2026-09-11 05:03:11.506] [WiVRn] [info] render: shader path sharpness 0.00 fsr false alpha false motion false blend false glow 0.00 vignette 0.00 deband 0.00 lowpoly 0.00 levels 0 full-kernel false
09-11 05:03:11.506  9658 19767 I WiVRn   : [2026-09-11 05:03:11.506] [WiVRn] [info] render: per iteration fence 2.9 (worst 13.5) | queries 0.0 | submit 0.0 | whole render() 3.8 ms
09-11 05:03:11.506  9658 19767 I WiVRn   : [2026-09-11 05:03:11.506] [WiVRn] [info] render: selection-to-defoveate CPU 0.052 ms mean (max 0.102) over 105 actual defoveate calls; not GPU/photon latency
09-11 05:03:11.506  9658 19767 I WiVRn   : [2026-09-11 05:03:11.506] [WiVRn] [info] render: jit on | wake slack 46.4 ms | slept 5.0 ms mean (max 5.0, 149 of 149 iterations) | budget 15.6 = pass 14.6 + margin 1.0 | sleep cap 5.0 ms
09-11 05:03:11.506  9658 19767 I WiVRn   : [2026-09-11 05:03:11.506] [WiVRn] [info] render: source display-time offset 79.6 ms mean (worst 99.1) over 149 frames | submit lead 37.7 ms mean (worst 24.3) | misses: 0 overrun 0 late 0 skipped refresh
09-11 05:03:11.506  9658 19767 I WiVRn   : [2026-09-11 05:03:11.506] [WiVRn] [info] render: source->first 6.9 ms | wire 9.9 | queue 1.4 | decode 16.6 | decode->selection 6.6 | selection->predicted 38.2 | sum 79.6 over 149 selected frames (0 invalid)
09-11 05:03:12.000  9658 19763 I PxrMetric: FPS=69/90,MTP=34.30ms,AppSW=off,FrmEarly=29,FrmLate=12,FrmCpu=0.88ms,FrmGpu=10.22ms,FrmTime=17.83ms,ATWGPU=1.63ms,VsyncDelay=2,GPU=99%/587Mhz,GPUTemp=73.6C,LayerCnt=3,Pkg=org.meumeu.wivrn.nx.warp,FrmId=1279
09-11 05:03:12.059  9658 19822 I WiVRn   : [2026-09-11 05:03:12.059] [WiVRn] [info] Tracking pattern (11112µs):
09-11 05:03:12.059  9658 19822 I WiVRn   : [2026-09-11 05:03:12.059] [WiVRn] [info] 	t+3302µs HEAD (7810µs)
09-11 05:03:12.059  9658 19822 I WiVRn   : [2026-09-11 05:03:12.059] [WiVRn] [info] 	t+3341µs LEFT_GRIP (7771µs)
09-11 05:03:12.059  9658 19822 I WiVRn   : [2026-09-11 05:03:12.059] [WiVRn] [info] 	t+3347µs RIGHT_GRIP (7765µs)
09-11 05:03:12.059  9658 19822 I WiVRn   : [2026-09-11 05:03:12.059] [WiVRn] [info] 	t+6302µs HEAD (4810µs)
09-11 05:03:12.059  9658 19822 I WiVRn   : [2026-09-11 05:03:12.059] [WiVRn] [info] 	t+6341µs LEFT_GRIP (4771µs)
09-11 05:03:12.059  9658 19822 I WiVRn   : [2026-09-11 05:03:12.059] [WiVRn] [info] 	t+6347µs RIGHT_GRIP (4765µs)
09-11 05:03:12.675  9658 19817 I WiVRn   : [2026-09-11 05:03:12.675] [WiVRn] [info] nxwarp[0] net: 106 frames closed in 2.0 s, 0 with a hole, 0 out-of-order datagrams, 0 frames completed late, 0 queued for the worker, 677 decoded so far, 783 stragglers dropped; last hole 1890/2016 chunks, first missing 1527, short false, chunk 1166 B; worker phase idle
09-11 05:03:12.675  9658 19817 I WiVRn   : [2026-09-11 05:03:12.675] [WiVRn] [info] nxwarp[0] net: 0.026 ms per datagram over 35962 datagrams (457.76 ms of every second)
09-11 05:03:12.675  9658 19817 I WiVRn   : [2026-09-11 05:03:12.675] [WiVRn] [info] nxwarp[0] sel: stride 1, arrival 18.7 ms, dropped-late 77, withheld 0, decoded 677
09-11 05:03:12.675  9658 19817 I WiVRn   : [2026-09-11 05:03:12.675] [WiVRn] [info] nxwarp[0] rx: 245552 datagrams, placed 1901862 (+373968), late 124240 (+28332), stale_frame 0, bad_range 0, bad_dir 0, bad_caps 0, bad_ver 0, auth_fail 0, replay 0, frozen 0, dup 106
09-11 05:03:13.008  9658 19763 I PxrMetric: FPS=79/90,MTP=45.76ms,AppSW=off,FrmEarly=18,FrmLate=19,FrmCpu=0.62ms,FrmGpu=16.50ms,FrmTime=28.97ms,ATWGPU=1.61ms,VsyncDelay=3,GPU=99%/587Mhz,GPUTemp=73.6C,LayerCnt=3,Pkg=org.meumeu.wivrn.nx.warp,FrmId=1349
09-11 05:03:13.059  9658 19822 I WiVRn   : [2026-09-11 05:03:13.059] [WiVRn] [info] Tracking pattern (11107µs):
09-11 05:03:13.059  9658 19822 I WiVRn   : [2026-09-11 05:03:13.059] [WiVRn] [info] 	t+3224µs HEAD (7883µs)
09-11 05:03:13.059  9658 19822 I WiVRn   : [2026-09-11 05:03:13.059] [WiVRn] [info] 	t+3263µs LEFT_GRIP (7844µs)
09-11 05:03:13.059  9658 19822 I WiVRn   : [2026-09-11 05:03:13.059] [WiVRn] [info] 	t+3266µs RIGHT_GRIP (7841µs)
09-11 05:03:13.059  9658 19822 I WiVRn   : [2026-09-11 05:03:13.059] [WiVRn] [info] 	t+6224µs HEAD (4883µs)
09-11 05:03:13.059  9658 19822 I WiVRn   : [2026-09-11 05:03:13.059] [WiVRn] [info] 	t+6263µs LEFT_GRIP (4844µs)
09-11 05:03:13.059  9658 19822 I WiVRn   : [2026-09-11 05:03:13.059] [WiVRn] [info] 	t+6266µs RIGHT_GRIP (4841µs)
09-11 05:03:13.458  9658 19819 I WiVRn   : [2026-09-11 05:03:13.458] [WiVRn] [info] nxwarp[0]: 107 frames in 2.0 s: 258764 B/frame, wait-prev 0.0 ms, wall 16.1 ms, nxvc passA 4.7 passB 8.1 gpu 12.9 ms; holes 1, refused 0
09-11 05:03:13.458  9658 19819 I WiVRn   : [2026-09-11 05:03:13.458] [WiVRn] [info] nxwarp[0] gpu duty 685 ms/s (68% of one GPU) for decode alone; the display pass is extra
09-11 05:03:13.458  9658 19819 I WiVRn   : [2026-09-11 05:03:13.458] [WiVRn] [info] nxwarp[0] passB 8.1 ms = warp 0.0 + skip 0.0 + coded 0.0 + dir 0.0 + other 8.1; tiles skip 0 / coded 3528 / dir 0 (eye pass 0)
09-11 05:03:13.458  9658 19819 I WiVRn   : [2026-09-11 05:03:13.458] [WiVRn] [info] nxwarp[0]: 77 frames dropped late (queue kept to 1)
09-11 05:03:13.458  9658 19819 I WiVRn   : [2026-09-11 05:03:13.458] [WiVRn] [info] nxwarp[0] stage: gap 2.6 | wait-prev 0.0 | submit 1.5 (qlock 0.0 + codec 1.5) | get_free 0.0 | fence-pre 0.0 | record 0.0 | qsubmit 0.0 | fence-post 14.6 | publish 0.0 ms; withheld 0, stride 1, arrival 17.8 ms
09-11 05:03:13.458  9658 19819 I WiVRn   : [2026-09-11 05:03:13.458] [WiVRn] [info] nxwarp[0] reassembly (network thread): 0.21 ms/frame over 107 frames, buffer 253 kB held for 253 kB of unit (1.0x)
09-11 05:03:13.458  9658 19819 I WiVRn   : [2026-09-11 05:03:13.458] [WiVRn] [info] nxwarp[0] fence-post 14.6 ms = nxvc gpu 12.9 + copy gpu 0.00 + queue 1.7 (over 107 frames with timestamps)
09-11 05:03:13.502  9658 19767 I WiVRn   : [2026-09-11 05:03:13.502] [WiVRn] [info] render: 150 iterations in 2.0 s (74.8/s), 150 submitted a layer, 106 new-source, 0 skipped by the repeat gate, 0 with nothing to show; display period 13.3 ms
09-11 05:03:13.502  9658 19767 I WiVRn   : [2026-09-11 05:03:13.502] [WiVRn] [info] render: ready wait attempts 51 success 7 total 46.845 ms | selected older than available 0
09-11 05:03:13.502  9658 19767 I WiVRn   : [2026-09-11 05:03:13.502] [WiVRn] [info] render: selected source transitions forward 106 backward 0 repeat 44, greatest forward gap 1
09-11 05:03:13.502  9658 19767 I WiVRn   : [2026-09-11 05:03:13.502] [WiVRn] [info] render: this app's own GPU pass 3.4 ms per iteration
09-11 05:03:13.502  9658 19767 I WiVRn   : [2026-09-11 05:03:13.502] [WiVRn] [info] render: defoveate 2688x2688 per eye x2 = 14.45 Mpx/frame at scale 1.00 atlas-prototype 0; 44 re-presented from the cache (reduce_gpu_load on)
09-11 05:03:13.502  9658 19767 I WiVRn   : [2026-09-11 05:03:13.502] [WiVRn] [info] render: shader path sharpness 0.00 fsr false alpha false motion false blend false glow 0.00 vignette 0.00 deband 0.00 lowpoly 0.00 levels 0 full-kernel false
09-11 05:03:13.502  9658 19767 I WiVRn   : [2026-09-11 05:03:13.502] [WiVRn] [info] render: per iteration fence 3.2 (worst 13.5) | queries 0.0 | submit 0.0 | whole render() 4.1 ms
09-11 05:03:13.502  9658 19767 I WiVRn   : [2026-09-11 05:03:13.502] [WiVRn] [info] render: selection-to-defoveate CPU 0.051 ms mean (max 0.092) over 106 actual defoveate calls; not GPU/photon latency
09-11 05:03:13.502  9658 19767 I WiVRn   : [2026-09-11 05:03:13.502] [WiVRn] [info] render: jit on | wake slack 45.6 ms | slept 5.0 ms mean (max 5.0, 150 of 150 iterations) | budget 14.8 = pass 13.8 + margin 1.0 | sleep cap 5.0 ms
09-11 05:03:13.502  9658 19767 I WiVRn   : [2026-09-11 05:03:13.502] [WiVRn] [info] render: source display-time offset 78.0 ms mean (worst 99.3) over 150 frames | submit lead 36.4 ms mean (worst 22.3) | misses: 0 overrun 0 late 0 skipped refresh
09-11 05:03:13.502  9658 19767 I WiVRn   : [2026-09-11 05:03:13.502] [WiVRn] [info] render: source->first 6.4 ms | wire 9.4 | queue 2.0 | decode 16.0 | decode->selection 7.2 | selection->predicted 37.0 | sum 78.0 over 150 selected frames (0 invalid)
09-11 05:03:14.012  9658 19763 I PxrMetric: FPS=69/90,MTP=35.72ms,AppSW=off,FrmEarly=26,FrmLate=2,FrmCpu=0.79ms,FrmGpu=11.85ms,FrmTime=20.21ms,ATWGPU=1.59ms,VsyncDelay=2,GPU=98%/587Mhz,GPUTemp=77.1C,LayerCnt=3,Pkg=org.meumeu.wivrn.nx.warp,FrmId=1434
09-11 05:03:14.048  9658 19822 I WiVRn   : [2026-09-11 05:03:14.048] [WiVRn] [info] Tracking pattern (11107µs):
09-11 05:03:14.048  9658 19822 I WiVRn   : [2026-09-11 05:03:14.048] [WiVRn] [info] 	t+3188µs HEAD (7919µs)
09-11 05:03:14.048  9658 19822 I WiVRn   : [2026-09-11 05:03:14.048] [WiVRn] [info] 	t+3240µs LEFT_GRIP (7866µs)
09-11 05:03:14.048  9658 19822 I WiVRn   : [2026-09-11 05:03:14.048] [WiVRn] [info] 	t+3245µs RIGHT_GRIP (7862µs)
09-11 05:03:14.048  9658 19822 I WiVRn   : [2026-09-11 05:03:14.048] [WiVRn] [info] 	t+6188µs HEAD (4919µs)
09-11 05:03:14.048  9658 19822 I WiVRn   : [2026-09-11 05:03:14.048] [WiVRn] [info] 	t+6240µs LEFT_GRIP (4866µs)
09-11 05:03:14.048  9658 19822 I WiVRn   : [2026-09-11 05:03:14.048] [WiVRn] [info] 	t+6245µs RIGHT_GRIP (4862µs)
09-11 05:03:14.676  9658 19817 I WiVRn   : [2026-09-11 05:03:14.676] [WiVRn] [info] nxwarp[0] net: 108 frames closed in 2.0 s, 0 with a hole, 0 out-of-order datagrams, 0 frames completed late, 0 queued for the worker, 785 decoded so far, 891 stragglers dropped; last hole 1890/2016 chunks, first missing 1527, short false, chunk 1166 B; worker phase idle
09-11 05:03:14.676  9658 19817 I WiVRn   : [2026-09-11 05:03:14.676] [WiVRn] [info] nxwarp[0] net: 0.026 ms per datagram over 34645 datagrams (445.06 ms of every second)
09-11 05:03:14.676  9658 19817 I WiVRn   : [2026-09-11 05:03:14.676] [WiVRn] [info] nxwarp[0] sel: stride 1, arrival 18.5 ms, dropped-late 77, withheld 0, decoded 785
09-11 05:03:14.676  9658 19817 I WiVRn   : [2026-09-11 05:03:14.676] [WiVRn] [info] nxwarp[0] rx: 280197 datagrams, placed 2272975 (+371113), late 131491 (+7251), stale_frame 0, bad_range 0, bad_dir 0, bad_caps 0, bad_ver 0, auth_fail 0, replay 0, frozen 0, dup 112
09-11 05:03:15.014  9658 19763 I PxrMetric: FPS=85/90,MTP=33.83ms,AppSW=off,FrmEarly=23,FrmLate=9,FrmCpu=0.85ms,FrmGpu=9.85ms,FrmTime=16.87ms,ATWGPU=1.59ms,VsyncDelay=2,GPU=99%/587Mhz,GPUTemp=78.3C,LayerCnt=3,Pkg=org.meumeu.wivrn.nx.warp,FrmId=1516
09-11 05:03:15.048  9658 19822 I WiVRn   : [2026-09-11 05:03:15.048] [WiVRn] [info] Tracking pattern (11109µs):
09-11 05:03:15.048  9658 19822 I WiVRn   : [2026-09-11 05:03:15.048] [WiVRn] [info] 	t+3354µs HEAD (7755µs)
09-11 05:03:15.048  9658 19822 I WiVRn   : [2026-09-11 05:03:15.048] [WiVRn] [info] 	t+3453µs LEFT_GRIP (7655µs)
09-11 05:03:15.048  9658 19822 I WiVRn   : [2026-09-11 05:03:15.048] [WiVRn] [info] 	t+3474µs RIGHT_GRIP (7635µs)
09-11 05:03:15.048  9658 19822 I WiVRn   : [2026-09-11 05:03:15.048] [WiVRn] [info] 	t+6354µs HEAD (4755µs)
09-11 05:03:15.048  9658 19822 I WiVRn   : [2026-09-11 05:03:15.048] [WiVRn] [info] 	t+6453µs LEFT_GRIP (4655µs)
09-11 05:03:15.048  9658 19822 I WiVRn   : [2026-09-11 05:03:15.048] [WiVRn] [info] 	t+6474µs RIGHT_GRIP (4635µs)
09-11 05:03:15.471  9658 19819 I WiVRn   : [2026-09-11 05:03:15.471] [WiVRn] [info] nxwarp[0]: 108 frames in 2.0 s: 255887 B/frame, wait-prev 0.0 ms, wall 16.1 ms, nxvc passA 4.5 passB 8.1 gpu 12.6 ms; holes 1, refused 0
09-11 05:03:15.471  9658 19819 I WiVRn   : [2026-09-11 05:03:15.471] [WiVRn] [info] nxwarp[0] gpu duty 676 ms/s (68% of one GPU) for decode alone; the display pass is extra
09-11 05:03:15.471  9658 19819 I WiVRn   : [2026-09-11 05:03:15.471] [WiVRn] [info] nxwarp[0] passB 8.1 ms = warp 0.0 + skip 0.0 + coded 0.0 + dir 0.0 + other 8.1; tiles skip 0 / coded 3528 / dir 0 (eye pass 0)
09-11 05:03:15.471  9658 19819 I WiVRn   : [2026-09-11 05:03:15.471] [WiVRn] [info] nxwarp[0]: 77 frames dropped late (queue kept to 1)
09-11 05:03:15.471  9658 19819 I WiVRn   : [2026-09-11 05:03:15.471] [WiVRn] [info] nxwarp[0] stage: gap 2.6 | wait-prev 0.0 | submit 1.4 (qlock 0.0 + codec 1.4) | get_free 0.0 | fence-pre 0.0 | record 0.0 | qsubmit 0.0 | fence-post 14.6 | publish 0.0 ms; withheld 0, stride 1, arrival 18.6 ms
09-11 05:03:15.471  9658 19819 I WiVRn   : [2026-09-11 05:03:15.471] [WiVRn] [info] nxwarp[0] reassembly (network thread): 0.19 ms/frame over 107 frames, buffer 250 kB held for 250 kB of unit (1.0x)
09-11 05:03:15.471  9658 19819 I WiVRn   : [2026-09-11 05:03:15.471] [WiVRn] [info] nxwarp[0] fence-post 14.6 ms = nxvc gpu 12.6 + copy gpu 0.00 + queue 2.0 (over 108 frames with timestamps)
09-11 05:03:15.514  9658 19767 I WiVRn   : [2026-09-11 05:03:15.514] [WiVRn] [info] render: 169 iterations in 2.0 s (84.0/s), 169 submitted a layer, 108 new-source, 0 skipped by the repeat gate, 0 with nothing to show; display period 11.9 ms
09-11 05:03:15.514  9658 19767 I WiVRn   : [2026-09-11 05:03:15.514] [WiVRn] [info] render: ready wait attempts 77 success 16 total 65.079 ms | selected older than available 0
09-11 05:03:15.514  9658 19767 I WiVRn   : [2026-09-11 05:03:15.514] [WiVRn] [info] render: selected source transitions forward 108 backward 0 repeat 61, greatest forward gap 1
09-11 05:03:15.514  9658 19767 I WiVRn   : [2026-09-11 05:03:15.514] [WiVRn] [info] render: this app's own GPU pass 3.0 ms per iteration
09-11 05:03:15.514  9658 19767 I WiVRn   : [2026-09-11 05:03:15.514] [WiVRn] [info] render: defoveate 2688x2688 per eye x2 = 14.45 Mpx/frame at scale 1.00 atlas-prototype 0; 61 re-presented from the cache (reduce_gpu_load on)
09-11 05:03:15.514  9658 19767 I WiVRn   : [2026-09-11 05:03:15.514] [WiVRn] [info] render: shader path sharpness 0.00 fsr false alpha false motion false blend false glow 0.00 vignette 0.00 deband 0.00 lowpoly 0.00 levels 0 full-kernel false
09-11 05:03:15.514  9658 19767 I WiVRn   : [2026-09-11 05:03:15.514] [WiVRn] [info] render: per iteration fence 2.2 (worst 13.1) | queries 0.0 | submit 0.0 | whole render() 3.1 ms
09-11 05:03:15.514  9658 19767 I WiVRn   : [2026-09-11 05:03:15.514] [WiVRn] [info] render: selection-to-defoveate CPU 0.051 ms mean (max 0.134) over 108 actual defoveate calls; not GPU/photon latency
09-11 05:03:15.514  9658 19767 I WiVRn   : [2026-09-11 05:03:15.514] [WiVRn] [info] render: jit on | wake slack 44.1 ms | slept 5.0 ms mean (max 5.0, 169 of 169 iterations) | budget 13.8 = pass 12.8 + margin 1.0 | sleep cap 5.0 ms
09-11 05:03:15.514  9658 19767 I WiVRn   : [2026-09-11 05:03:15.514] [WiVRn] [info] render: source display-time offset 76.1 ms mean (worst 88.3) over 169 frames | submit lead 36.0 ms mean (worst 24.9) | misses: 0 overrun 0 late 0 skipped refresh
09-11 05:03:15.514  9658 19767 I WiVRn   : [2026-09-11 05:03:15.514] [WiVRn] [info] render: source->first 6.4 ms | wire 9.0 | queue 1.8 | decode 15.9 | decode->selection 6.5 | selection->predicted 36.5 | sum 76.1 over 169 selected frames (0 invalid)
09-11 05:03:16.026  9658 19763 I PxrMetric: FPS=82/90,MTP=38.85ms,AppSW=off,FrmEarly=36,FrmLate=7,FrmCpu=0.75ms,FrmGpu=12.02ms,FrmTime=19.82ms,ATWGPU=1.60ms,VsyncDelay=3,GPU=88%/587Mhz,GPUTemp=74.4C,LayerCnt=3,Pkg=org.meumeu.wivrn.nx.warp,FrmId=1603
09-11 05:03:16.048  9658 19822 I WiVRn   : [2026-09-11 05:03:16.048] [WiVRn] [info] Tracking pattern (11109µs):
09-11 05:03:16.048  9658 19822 I WiVRn   : [2026-09-11 05:03:16.048] [WiVRn] [info] 	t+3205µs HEAD (7903µs)
09-11 05:03:16.048  9658 19822 I WiVRn   : [2026-09-11 05:03:16.048] [WiVRn] [info] 	t+3268µs LEFT_GRIP (7840µs)
09-11 05:03:16.048  9658 19822 I WiVRn   : [2026-09-11 05:03:16.048] [WiVRn] [info] 	t+3273µs RIGHT_GRIP (7835µs)
09-11 05:03:16.048  9658 19822 I WiVRn   : [2026-09-11 05:03:16.048] [WiVRn] [info] 	t+6205µs HEAD (4903µs)
09-11 05:03:16.048  9658 19822 I WiVRn   : [2026-09-11 05:03:16.048] [WiVRn] [info] 	t+6268µs LEFT_GRIP (4840µs)
09-11 05:03:16.048  9658 19822 I WiVRn   : [2026-09-11 05:03:16.048] [WiVRn] [info] 	t+6273µs RIGHT_GRIP (4835µs)
09-11 05:03:16.687  9658 19817 I WiVRn   : [2026-09-11 05:03:16.687] [WiVRn] [info] nxwarp[0] net: 108 frames closed in 2.0 s, 0 with a hole, 0 out-of-order datagrams, 0 frames completed late, 0 queued for the worker, 892 decoded so far, 999 stragglers dropped; last hole 1890/2016 chunks, first missing 1527, short false, chunk 1166 B; worker phase copy-fence-wait
09-11 05:03:16.687  9658 19817 I WiVRn   : [2026-09-11 05:03:16.687] [WiVRn] [info] nxwarp[0] net: 0.025 ms per datagram over 34576 datagrams (429.51 ms of every second)
09-11 05:03:16.687  9658 19817 I WiVRn   : [2026-09-11 05:03:16.687] [WiVRn] [info] nxwarp[0] sel: stride 1, arrival 19.8 ms, dropped-late 77, withheld 0, decoded 892
09-11 05:03:16.687  9658 19817 I WiVRn   : [2026-09-11 05:03:16.687] [WiVRn] [info] nxwarp[0] rx: 314773 datagrams, placed 2644066 (+371091), late 141159 (+9668), stale_frame 0, bad_range 0, bad_dir 0, bad_caps 0, bad_ver 0, auth_fail 0, replay 0, frozen 0, dup 123
09-11 05:03:17.040  9658 19763 I PxrMetric: FPS=86/90,MTP=23.70ms,AppSW=off,FrmEarly=23,FrmLate=11,FrmCpu=0.69ms,FrmGpu=14.03ms,FrmTime=23.61ms,ATWGPU=1.60ms,VsyncDelay=2,GPU=91%/587Mhz,GPUTemp=76.8C,LayerCnt=3,Pkg=org.meumeu.wivrn.nx.warp,FrmId=1685
09-11 05:03:17.059  9658 19822 I WiVRn   : [2026-09-11 05:03:17.059] [WiVRn] [info] Tracking pattern (11109µs):
09-11 05:03:17.059  9658 19822 I WiVRn   : [2026-09-11 05:03:17.059] [WiVRn] [info] 	t+2623µs HEAD (8485µs)
09-11 05:03:17.059  9658 19822 I WiVRn   : [2026-09-11 05:03:17.059] [WiVRn] [info] 	t+2701µs LEFT_GRIP (8407µs)
09-11 05:03:17.059  9658 19822 I WiVRn   : [2026-09-11 05:03:17.059] [WiVRn] [info] 	t+2711µs RIGHT_GRIP (8397µs)
09-11 05:03:17.059  9658 19822 I WiVRn   : [2026-09-11 05:03:17.059] [WiVRn] [info] 	t+5623µs HEAD (5485µs)
09-11 05:03:17.059  9658 19822 I WiVRn   : [2026-09-11 05:03:17.059] [WiVRn] [info] 	t+5701µs LEFT_GRIP (5407µs)
09-11 05:03:17.059  9658 19822 I WiVRn   : [2026-09-11 05:03:17.059] [WiVRn] [info] 	t+5711µs RIGHT_GRIP (5397µs)
09-11 05:03:17.490  9658 19819 I WiVRn   : [2026-09-11 05:03:17.490] [WiVRn] [info] nxwarp[0]: 109 frames in 2.0 s: 258686 B/frame, wait-prev 0.0 ms, wall 16.0 ms, nxvc passA 4.5 passB 8.2 gpu 12.6 ms; holes 1, refused 0
09-11 05:03:17.490  9658 19819 I WiVRn   : [2026-09-11 05:03:17.490] [WiVRn] [info] nxwarp[0] gpu duty 683 ms/s (68% of one GPU) for decode alone; the display pass is extra
09-11 05:03:17.490  9658 19819 I WiVRn   : [2026-09-11 05:03:17.490] [WiVRn] [info] nxwarp[0] passB 8.2 ms = warp 0.0 + skip 0.0 + coded 0.0 + dir 0.0 + other 8.2; tiles skip 0 / coded 3528 / dir 0 (eye pass 0)
09-11 05:03:17.490  9658 19819 I WiVRn   : [2026-09-11 05:03:17.490] [WiVRn] [info] nxwarp[0]: 77 frames dropped late (queue kept to 1)
09-11 05:03:17.490  9658 19819 I WiVRn   : [2026-09-11 05:03:17.490] [WiVRn] [info] nxwarp[0] stage: gap 2.6 | wait-prev 0.0 | submit 1.4 (qlock 0.0 + codec 1.4) | get_free 0.0 | fence-pre 0.0 | record 0.0 | qsubmit 0.0 | fence-post 14.5 | publish 0.0 ms; withheld 0, stride 1, arrival 18.7 ms
09-11 05:03:17.490  9658 19819 I WiVRn   : [2026-09-11 05:03:17.490] [WiVRn] [info] nxwarp[0] reassembly (network thread): 0.18 ms/frame over 110 frames, buffer 253 kB held for 253 kB of unit (1.0x)
09-11 05:03:17.490  9658 19819 I WiVRn   : [2026-09-11 05:03:17.490] [WiVRn] [info] nxwarp[0] fence-post 14.5 ms = nxvc gpu 12.6 + copy gpu 0.00 + queue 1.8 (over 109 frames with timestamps)
09-11 05:03:17.517  9658 19767 I WiVRn   : [2026-09-11 05:03:17.517] [WiVRn] [info] render: 164 iterations in 2.0 s (81.8/s), 164 submitted a layer, 108 new-source, 0 skipped by the repeat gate, 0 with nothing to show; display period 12.3 ms
09-11 05:03:17.517  9658 19767 I WiVRn   : [2026-09-11 05:03:17.517] [WiVRn] [info] render: ready wait attempts 72 success 16 total 59.786 ms | selected older than available 0
09-11 05:03:17.517  9658 19767 I WiVRn   : [2026-09-11 05:03:17.517] [WiVRn] [info] render: selected source transitions forward 108 backward 0 repeat 56, greatest forward gap 1
09-11 05:03:17.517  9658 19767 I WiVRn   : [2026-09-11 05:03:17.517] [WiVRn] [info] render: this app's own GPU pass 3.2 ms per iteration
09-11 05:03:17.517  9658 19767 I WiVRn   : [2026-09-11 05:03:17.517] [WiVRn] [info] render: defoveate 2688x2688 per eye x2 = 14.45 Mpx/frame at scale 1.00 atlas-prototype 0; 56 re-presented from the cache (reduce_gpu_load on)
09-11 05:03:17.517  9658 19767 I WiVRn   : [2026-09-11 05:03:17.517] [WiVRn] [info] render: shader path sharpness 0.00 fsr false alpha false motion false blend false glow 0.00 vignette 0.00 deband 0.00 lowpoly 0.00 levels 0 full-kernel false
09-11 05:03:17.517  9658 19767 I WiVRn   : [2026-09-11 05:03:17.517] [WiVRn] [info] render: per iteration fence 2.5 (worst 12.6) | queries 0.0 | submit 0.0 | whole render() 3.4 ms
09-11 05:03:17.517  9658 19767 I WiVRn   : [2026-09-11 05:03:17.517] [WiVRn] [info] render: selection-to-defoveate CPU 0.051 ms mean (max 0.114) over 108 actual defoveate calls; not GPU/photon latency
09-11 05:03:17.517  9658 19767 I WiVRn   : [2026-09-11 05:03:17.517] [WiVRn] [info] render: jit on | wake slack 44.6 ms | slept 5.0 ms mean (max 5.0, 164 of 164 iterations) | budget 14.2 = pass 13.2 + margin 1.0 | sleep cap 5.0 ms
09-11 05:03:17.517  9658 19767 I WiVRn   : [2026-09-11 05:03:17.517] [WiVRn] [info] render: source display-time offset 76.2 ms mean (worst 88.4) over 164 frames | submit lead 36.1 ms mean (worst 20.4) | misses: 0 overrun 0 late 0 skipped refresh
09-11 05:03:17.517  9658 19767 I WiVRn   : [2026-09-11 05:03:17.517] [WiVRn] [info] render: source->first 6.2 ms | wire 9.0 | queue 1.9 | decode 15.9 | decode->selection 6.5 | selection->predicted 36.7 | sum 76.2 over 164 selected frames (0 invalid)
09-11 05:03:18.048  9658 19822 I WiVRn   : [2026-09-11 05:03:18.048] [WiVRn] [info] Tracking pattern (11111µs):
09-11 05:03:18.048  9658 19822 I WiVRn   : [2026-09-11 05:03:18.048] [WiVRn] [info] 	t+3574µs HEAD (7536µs)
09-11 05:03:18.048  9658 19822 I WiVRn   : [2026-09-11 05:03:18.048] [WiVRn] [info] 	t+3635µs LEFT_GRIP (7475µs)
09-11 05:03:18.048  9658 19822 I WiVRn   : [2026-09-11 05:03:18.048] [WiVRn] [info] 	t+3640µs RIGHT_GRIP (7470µs)
09-11 05:03:18.048  9658 19822 I WiVRn   : [2026-09-11 05:03:18.048] [WiVRn] [info] 	t+6574µs HEAD (4536µs)
09-11 05:03:18.048  9658 19822 I WiVRn   : [2026-09-11 05:03:18.048] [WiVRn] [info] 	t+6635µs LEFT_GRIP (4475µs)
09-11 05:03:18.048  9658 19822 I WiVRn   : [2026-09-11 05:03:18.048] [WiVRn] [info] 	t+6640µs RIGHT_GRIP (4470µs)
09-11 05:03:18.052  9658 19763 I PxrMetric: FPS=81/90,MTP=23.64ms,AppSW=off,FrmEarly=33,FrmLate=11,FrmCpu=0.68ms,FrmGpu=14.01ms,FrmTime=25.02ms,ATWGPU=1.60ms,VsyncDelay=2,GPU=88%/587Mhz,GPUTemp=75.2C,LayerCnt=3,Pkg=org.meumeu.wivrn.nx.warp,FrmId=1763
09-11 05:03:18.709  9658 19817 I WiVRn   : [2026-09-11 05:03:18.709] [WiVRn] [info] nxwarp[0] net: 108 frames closed in 2.0 s, 0 with a hole, 0 out-of-order datagrams, 0 frames completed late, 0 queued for the worker, 1000 decoded so far, 1113 stragglers dropped; last hole 1890/2016 chunks, first missing 1527, short false, chunk 1166 B; worker phase copy-fence-wait
09-11 05:03:18.709  9658 19817 I WiVRn   : [2026-09-11 05:03:18.709] [WiVRn] [info] nxwarp[0] net: 0.026 ms per datagram over 34722 datagrams (443.09 ms of every second)
09-11 05:03:18.709  9658 19817 I WiVRn   : [2026-09-11 05:03:18.709] [WiVRn] [info] nxwarp[0] sel: stride 1, arrival 17.5 ms, dropped-late 77, withheld 0, decoded 1000
09-11 05:03:18.709  9658 19817 I WiVRn   : [2026-09-11 05:03:18.709] [WiVRn] [info] nxwarp[0] rx: 349495 datagrams, placed 2880252 (+236186), late 166398 (+25239), stale_frame 0, bad_range 0, bad_dir 0, bad_caps 0, bad_ver 0, auth_fail 0, replay 0, frozen 0, dup 144
09-11 05:03:19.058  9658 19763 I PxrMetric: FPS=77/90,MTP=29.53ms,AppSW=off,FrmEarly=32,FrmLate=13,FrmCpu=0.71ms,FrmGpu=11.40ms,FrmTime=19.38ms,ATWGPU=1.59ms,VsyncDelay=2,GPU=99%/587Mhz,GPUTemp=74.4C,LayerCnt=3,Pkg=org.meumeu.wivrn.nx.warp,FrmId=1833
09-11 05:03:19.059  9658 19822 I WiVRn   : [2026-09-11 05:03:19.059] [WiVRn] [info] Tracking pattern (11110µs):
09-11 05:03:19.059  9658 19822 I WiVRn   : [2026-09-11 05:03:19.059] [WiVRn] [info] 	t+3495µs HEAD (7614µs)
09-11 05:03:19.059  9658 19822 I WiVRn   : [2026-09-11 05:03:19.059] [WiVRn] [info] 	t+3530µs LEFT_GRIP (7579µs)
09-11 05:03:19.059  9658 19822 I WiVRn   : [2026-09-11 05:03:19.059] [WiVRn] [info] 	t+3536µs RIGHT_GRIP (7573µs)
09-11 05:03:19.059  9658 19822 I WiVRn   : [2026-09-11 05:03:19.059] [WiVRn] [info] 	t+6495µs HEAD (4614µs)
09-11 05:03:19.059  9658 19822 I WiVRn   : [2026-09-11 05:03:19.059] [WiVRn] [info] 	t+6530µs LEFT_GRIP (4579µs)
09-11 05:03:19.059  9658 19822 I WiVRn   : [2026-09-11 05:03:19.059] [WiVRn] [info] 	t+6536µs RIGHT_GRIP (4573µs)
09-11 05:03:19.493  9658 19819 I WiVRn   : [2026-09-11 05:03:19.493] [WiVRn] [info] nxwarp[0]: 106 frames in 2.0 s: 283691 B/frame, wait-prev 0.0 ms, wall 16.4 ms, nxvc passA 4.7 passB 8.3 gpu 13.0 ms; holes 1, refused 0
09-11 05:03:19.493  9658 19819 I WiVRn   : [2026-09-11 05:03:19.493] [WiVRn] [info] nxwarp[0] gpu duty 690 ms/s (69% of one GPU) for decode alone; the display pass is extra
09-11 05:03:19.493  9658 19819 I WiVRn   : [2026-09-11 05:03:19.493] [WiVRn] [info] nxwarp[0] passB 8.3 ms = warp 0.0 + skip 0.0 + coded 0.0 + dir 0.0 + other 8.3; tiles skip 0 / coded 3528 / dir 0 (eye pass 0)
09-11 05:03:19.493  9658 19819 I WiVRn   : [2026-09-11 05:03:19.493] [WiVRn] [info] nxwarp[0]: 77 frames dropped late (queue kept to 1)
09-11 05:03:19.493  9658 19819 I WiVRn   : [2026-09-11 05:03:19.493] [WiVRn] [info] nxwarp[0] stage: gap 2.5 | wait-prev 0.0 | submit 1.5 (qlock 0.0 + codec 1.5) | get_free 0.0 | fence-pre 0.0 | record 0.0 | qsubmit 0.0 | fence-post 14.8 | publish 0.0 ms; withheld 0, stride 1, arrival 19.1 ms
09-11 05:03:19.493  9658 19819 I WiVRn   : [2026-09-11 05:03:19.493] [WiVRn] [info] nxwarp[0] reassembly (network thread): 0.17 ms/frame over 105 frames, buffer 277 kB held for 277 kB of unit (1.0x)
09-11 05:03:19.493  9658 19819 I WiVRn   : [2026-09-11 05:03:19.493] [WiVRn] [info] nxwarp[0] fence-post 14.8 ms = nxvc gpu 13.0 + copy gpu 0.00 + queue 1.7 (over 106 frames with timestamps)
09-11 05:03:19.524  9658 19767 I WiVRn   : [2026-09-11 05:03:19.524] [WiVRn] [info] render: 148 iterations in 2.0 s (73.8/s), 148 submitted a layer, 106 new-source, 0 skipped by the repeat gate, 0 with nothing to show; display period 13.5 ms
09-11 05:03:19.524  9658 19767 I WiVRn   : [2026-09-11 05:03:19.524] [WiVRn] [info] render: ready wait attempts 49 success 7 total 44.754 ms | selected older than available 0
09-11 05:03:19.524  9658 19767 I WiVRn   : [2026-09-11 05:03:19.524] [WiVRn] [info] render: selected source transitions forward 106 backward 0 repeat 42, greatest forward gap 1
09-11 05:03:19.524  9658 19767 I WiVRn   : [2026-09-11 05:03:19.524] [WiVRn] [info] render: this app's own GPU pass 3.5 ms per iteration
09-11 05:03:19.524  9658 19767 I WiVRn   : [2026-09-11 05:03:19.524] [WiVRn] [info] render: defoveate 2688x2688 per eye x2 = 14.45 Mpx/frame at scale 1.00 atlas-prototype 0; 42 re-presented from the cache (reduce_gpu_load on)
09-11 05:03:19.524  9658 19767 I WiVRn   : [2026-09-11 05:03:19.524] [WiVRn] [info] render: shader path sharpness 0.00 fsr false alpha false motion false blend false glow 0.00 vignette 0.00 deband 0.00 lowpoly 0.00 levels 0 full-kernel false
09-11 05:03:19.524  9658 19767 I WiVRn   : [2026-09-11 05:03:19.524] [WiVRn] [info] render: per iteration fence 3.2 (worst 13.9) | queries 0.0 | submit 0.0 | whole render() 4.1 ms
09-11 05:03:19.524  9658 19767 I WiVRn   : [2026-09-11 05:03:19.524] [WiVRn] [info] render: selection-to-defoveate CPU 0.052 ms mean (max 0.122) over 106 actual defoveate calls; not GPU/photon latency
09-11 05:03:19.524  9658 19767 I WiVRn   : [2026-09-11 05:03:19.524] [WiVRn] [info] render: jit on | wake slack 45.9 ms | slept 5.0 ms mean (max 5.0, 148 of 148 iterations) | budget 15.6 = pass 14.6 + margin 1.0 | sleep cap 5.0 ms
09-11 05:03:19.524  9658 19767 I WiVRn   : [2026-09-11 05:03:19.524] [WiVRn] [info] render: source display-time offset 79.0 ms mean (worst 99.6) over 148 frames | submit lead 36.8 ms mean (worst 22.8) | misses: 0 overrun 0 late 0 skipped refresh
09-11 05:03:19.524  9658 19767 I WiVRn   : [2026-09-11 05:03:19.524] [WiVRn] [info] render: source->first 6.7 ms | wire 9.5 | queue 2.0 | decode 16.2 | decode->selection 7.2 | selection->predicted 37.4 | sum 79.0 over 148 selected frames (0 invalid)
09-11 05:03:20.059  9658 19822 I WiVRn   : [2026-09-11 05:03:20.059] [WiVRn] [info] Tracking pattern (11111µs):
09-11 05:03:20.059  9658 19822 I WiVRn   : [2026-09-11 05:03:20.059] [WiVRn] [info] 	t+3486µs HEAD (7624µs)
09-11 05:03:20.059  9658 19822 I WiVRn   : [2026-09-11 05:03:20.059] [WiVRn] [info] 	t+3519µs LEFT_GRIP (7592µs)
09-11 05:03:20.059  9658 19822 I WiVRn   : [2026-09-11 05:03:20.059] [WiVRn] [info] 	t+3522µs RIGHT_GRIP (7588µs)
09-11 05:03:20.059  9658 19822 I WiVRn   : [2026-09-11 05:03:20.059] [WiVRn] [info] 	t+6486µs HEAD (4624µs)
09-11 05:03:20.059  9658 19822 I WiVRn   : [2026-09-11 05:03:20.059] [WiVRn] [info] 	t+6519µs LEFT_GRIP (4592µs)
09-11 05:03:20.059  9658 19822 I WiVRn   : [2026-09-11 05:03:20.059] [WiVRn] [info] 	t+6522µs RIGHT_GRIP (4588µs)
09-11 05:03:20.063  9658 19763 I PxrMetric: FPS=70/90,MTP=37.99ms,AppSW=off,FrmEarly=19,FrmLate=13,FrmCpu=0.73ms,FrmGpu=11.89ms,FrmTime=20.31ms,ATWGPU=1.60ms,VsyncDelay=3,GPU=63%/587Mhz,GPUTemp=75.2C,LayerCnt=3,Pkg=org.meumeu.wivrn.nx.warp,FrmId=1911
09-11 05:03:20.709  9658 19817 I WiVRn   : [2026-09-11 05:03:20.709] [WiVRn] [info] nxwarp[0] net: 104 frames closed in 2.0 s, 0 with a hole, 0 out-of-order datagrams, 0 frames completed late, 0 queued for the worker, 1105 decoded so far, 1232 stragglers dropped; last hole 1890/2016 chunks, first missing 1527, short false, chunk 1166 B; worker phase idle
09-11 05:03:20.709  9658 19817 I WiVRn   : [2026-09-11 05:03:20.709] [WiVRn] [info] nxwarp[0] net: 0.028 ms per datagram over 31991 datagrams (441.36 ms of every second)
09-11 05:03:20.709  9658 19817 I WiVRn   : [2026-09-11 05:03:20.709] [WiVRn] [info] nxwarp[0] sel: stride 1, arrival 19.0 ms, dropped-late 77, withheld 0, decoded 1105
09-11 05:03:20.709  9658 19817 I WiVRn   : [2026-09-11 05:03:20.709] [WiVRn] [info] nxwarp[0] rx: 381486 datagrams, placed 2910225 (+29973), late 188828 (+22430), stale_frame 0, bad_range 0, bad_dir 0, bad_caps 0, bad_ver 0, auth_fail 0, replay 0, frozen 0, dup 150
09-11 05:03:21.059  9658 19822 I WiVRn   : [2026-09-11 05:03:21.059] [WiVRn] [info] Tracking pattern (11111µs):
09-11 05:03:21.059  9658 19822 I WiVRn   : [2026-09-11 05:03:21.059] [WiVRn] [info] 	t+3373µs HEAD (7738µs)
09-11 05:03:21.059  9658 19822 I WiVRn   : [2026-09-11 05:03:21.059] [WiVRn] [info] 	t+3437µs LEFT_GRIP (7674µs)
09-11 05:03:21.059  9658 19822 I WiVRn   : [2026-09-11 05:03:21.059] [WiVRn] [info] 	t+3444µs RIGHT_GRIP (7667µs)
09-11 05:03:21.059  9658 19822 I WiVRn   : [2026-09-11 05:03:21.059] [WiVRn] [info] 	t+6373µs HEAD (4738µs)
09-11 05:03:21.059  9658 19822 I WiVRn   : [2026-09-11 05:03:21.059] [WiVRn] [info] 	t+6437µs LEFT_GRIP (4674µs)
09-11 05:03:21.059  9658 19822 I WiVRn   : [2026-09-11 05:03:21.059] [WiVRn] [info] 	t+6444µs RIGHT_GRIP (4667µs)
09-11 05:03:21.075  9658 19763 I PxrMetric: FPS=78/90,MTP=44.30ms,AppSW=off,FrmEarly=29,FrmLate=11,FrmCpu=0.81ms,FrmGpu=12.85ms,FrmTime=21.71ms,ATWGPU=1.60ms,VsyncDelay=3,GPU=99%/587Mhz,GPUTemp=76.8C,LayerCnt=3,Pkg=org.meumeu.wivrn.nx.warp,FrmId=1987
09-11 05:03:21.512  9658 19819 I WiVRn   : [2026-09-11 05:03:21.512] [WiVRn] [info] nxwarp[0]: 105 frames in 2.0 s: 301929 B/frame, wait-prev 0.0 ms, wall 16.6 ms, nxvc passA 4.9 passB 8.4 gpu 13.4 ms; holes 1, refused 0
09-11 05:03:21.512  9658 19819 I WiVRn   : [2026-09-11 05:03:21.512] [WiVRn] [info] nxwarp[0] gpu duty 695 ms/s (70% of one GPU) for decode alone; the display pass is extra
09-11 05:03:21.512  9658 19819 I WiVRn   : [2026-09-11 05:03:21.512] [WiVRn] [info] nxwarp[0] passB 8.4 ms = warp 0.0 + skip 0.0 + coded 0.0 + dir 0.0 + other 8.4; tiles skip 0 / coded 3528 / dir 0 (eye pass 0)
09-11 05:03:21.512  9658 19819 I WiVRn   : [2026-09-11 05:03:21.512] [WiVRn] [info] nxwarp[0]: 77 frames dropped late (queue kept to 1)
09-11 05:03:21.512  9658 19819 I WiVRn   : [2026-09-11 05:03:21.512] [WiVRn] [info] nxwarp[0] stage: gap 2.6 | wait-prev 0.0 | submit 1.5 (qlock 0.0 + codec 1.5) | get_free 0.0 | fence-pre 0.0 | record 0.0 | qsubmit 0.0 | fence-post 15.1 | publish 0.0 ms; withheld 0, stride 1, arrival 19.2 ms
09-11 05:03:21.512  9658 19819 I WiVRn   : [2026-09-11 05:03:21.512] [WiVRn] [info] nxwarp[0] reassembly (network thread): 0.16 ms/frame over 106 frames, buffer 295 kB held for 295 kB of unit (1.0x)
09-11 05:03:21.512  9658 19819 I WiVRn   : [2026-09-11 05:03:21.512] [WiVRn] [info] nxwarp[0] fence-post 15.1 ms = nxvc gpu 13.4 + copy gpu 0.00 + queue 1.7 (over 105 frames with timestamps)
09-11 05:03:21.532  9658 19767 I WiVRn   : [2026-09-11 05:03:21.532] [WiVRn] [info] render: 152 iterations in 2.0 s (75.8/s), 152 submitted a layer, 105 new-source, 0 skipped by the repeat gate, 0 with nothing to show; display period 13.2 ms
09-11 05:03:21.532  9658 19767 I WiVRn   : [2026-09-11 05:03:21.532] [WiVRn] [info] render: ready wait attempts 56 success 9 total 50.003 ms | selected older than available 0
09-11 05:03:21.532  9658 19767 I WiVRn   : [2026-09-11 05:03:21.532] [WiVRn] [info] render: selected source transitions forward 105 backward 0 repeat 47, greatest forward gap 1
09-11 05:03:21.532  9658 19767 I WiVRn   : [2026-09-11 05:03:21.532] [WiVRn] [info] render: this app's own GPU pass 3.3 ms per iteration
09-11 05:03:21.532  9658 19767 I WiVRn   : [2026-09-11 05:03:21.532] [WiVRn] [info] render: defoveate 2688x2688 per eye x2 = 14.45 Mpx/frame at scale 1.00 atlas-prototype 0; 47 re-presented from the cache (reduce_gpu_load on)
09-11 05:03:21.532  9658 19767 I WiVRn   : [2026-09-11 05:03:21.532] [WiVRn] [info] render: shader path sharpness 0.00 fsr false alpha false motion false blend false glow 0.00 vignette 0.00 deband 0.00 lowpoly 0.00 levels 0 full-kernel false
09-11 05:03:21.532  9658 19767 I WiVRn   : [2026-09-11 05:03:21.532] [WiVRn] [info] render: per iteration fence 3.1 (worst 14.0) | queries 0.0 | submit 0.0 | whole render() 4.0 ms
09-11 05:03:21.532  9658 19767 I WiVRn   : [2026-09-11 05:03:21.532] [WiVRn] [info] render: selection-to-defoveate CPU 0.050 ms mean (max 0.123) over 105 actual defoveate calls; not GPU/photon latency
09-11 05:03:21.532  9658 19767 I WiVRn   : [2026-09-11 05:03:21.532] [WiVRn] [info] render: jit on | wake slack 46.7 ms | slept 5.0 ms mean (max 5.0, 152 of 152 iterations) | budget 14.5 = pass 13.5 + margin 1.0 | sleep cap 5.0 ms
09-11 05:03:21.532  9658 19767 I WiVRn   : [2026-09-11 05:03:21.532] [WiVRn] [info] render: source display-time offset 79.5 ms mean (worst 99.7) over 152 frames | submit lead 37.7 ms mean (worst 22.1) | misses: 0 overrun 0 late 0 skipped refresh
09-11 05:03:21.532  9658 19767 I WiVRn   : [2026-09-11 05:03:21.532] [WiVRn] [info] render: source->first 6.8 ms | wire 9.5 | queue 1.8 | decode 16.5 | decode->selection 6.6 | selection->predicted 38.3 | sum 79.5 over 152 selected frames (0 invalid)
09-11 05:03:22.059  9658 19822 I WiVRn   : [2026-09-11 05:03:22.059] [WiVRn] [info] Tracking pattern (11111µs):
09-11 05:03:22.059  9658 19822 I WiVRn   : [2026-09-11 05:03:22.059] [WiVRn] [info] 	t+3308µs HEAD (7802µs)
09-11 05:03:22.059  9658 19822 I WiVRn   : [2026-09-11 05:03:22.059] [WiVRn] [info] 	t+3356µs LEFT_GRIP (7754µs)
09-11 05:03:22.059  9658 19822 I WiVRn   : [2026-09-11 05:03:22.059] [WiVRn] [info] 	t+3520µs RIGHT_GRIP (7590µs)
09-11 05:03:22.059  9658 19822 I WiVRn   : [2026-09-11 05:03:22.059] [WiVRn] [info] 	t+6308µs HEAD (4802µs)
09-11 05:03:22.059  9658 19822 I WiVRn   : [2026-09-11 05:03:22.059] [WiVRn] [info] 	t+6356µs LEFT_GRIP (4754µs)
09-11 05:03:22.059  9658 19822 I WiVRn   : [2026-09-11 05:03:22.059] [WiVRn] [info] 	t+6520µs RIGHT_GRIP (4590µs)
09-11 05:03:22.078  9658 19763 I PxrMetric: FPS=75/90,MTP=41.61ms,AppSW=off,FrmEarly=30,FrmLate=9,FrmCpu=0.82ms,FrmGpu=11.72ms,FrmTime=19.24ms,ATWGPU=1.60ms,VsyncDelay=3,GPU=99%/587Mhz,GPUTemp=76.0C,LayerCnt=3,Pkg=org.meumeu.wivrn.nx.warp,FrmId=2066
09-11 05:03:22.733  9658 19817 I WiVRn   : [2026-09-11 05:03:22.733] [WiVRn] [info] nxwarp[0] net: 105 frames closed in 2.0 s, 0 with a hole, 0 out-of-order datagrams, 0 frames completed late, 0 queued for the worker, 1209 decoded so far, 1357 stragglers dropped; last hole 1890/2016 chunks, first missing 1527, short false, chunk 1166 B; worker phase copy-fence-wait
09-11 05:03:22.733  9658 19817 I WiVRn   : [2026-09-11 05:03:22.733] [WiVRn] [info] nxwarp[0] net: 0.027 ms per datagram over 33724 datagrams (449.66 ms of every second)
09-11 05:03:22.733  9658 19817 I WiVRn   : [2026-09-11 05:03:22.733] [WiVRn] [info] nxwarp[0] sel: stride 1, arrival 18.0 ms, dropped-late 77, withheld 0, decoded 1209
09-11 05:03:22.733  9658 19817 I WiVRn   : [2026-09-11 05:03:22.733] [WiVRn] [info] nxwarp[0] rx: 415210 datagrams, placed 2976763 (+66538), late 213256 (+24428), stale_frame 0, bad_range 0, bad_dir 0, bad_caps 0, bad_ver 0, auth_fail 0, replay 0, frozen 0, dup 161
09-11 05:03:23.048  9658 19822 I WiVRn   : [2026-09-11 05:03:23.048] [WiVRn] [info] Tracking pattern (11111µs):
09-11 05:03:23.048  9658 19822 I WiVRn   : [2026-09-11 05:03:23.048] [WiVRn] [info] 	t+3175µs HEAD (7935µs)
09-11 05:03:23.048  9658 19822 I WiVRn   : [2026-09-11 05:03:23.048] [WiVRn] [info] 	t+3236µs LEFT_GRIP (7874µs)
09-11 05:03:23.048  9658 19822 I WiVRn   : [2026-09-11 05:03:23.048] [WiVRn] [info] 	t+3242µs RIGHT_GRIP (7868µs)
09-11 05:03:23.048  9658 19822 I WiVRn   : [2026-09-11 05:03:23.048] [WiVRn] [info] 	t+6175µs HEAD (4935µs)
09-11 05:03:23.048  9658 19822 I WiVRn   : [2026-09-11 05:03:23.048] [WiVRn] [info] 	t+6236µs LEFT_GRIP (4874µs)
09-11 05:03:23.048  9658 19822 I WiVRn   : [2026-09-11 05:03:23.048] [WiVRn] [info] 	t+6242µs RIGHT_GRIP (4868µs)
09-11 05:03:23.087  9658 19763 I PxrMetric: FPS=79/90,MTP=40.23ms,AppSW=off,FrmEarly=23,FrmLate=16,FrmCpu=0.82ms,FrmGpu=12.18ms,FrmTime=20.53ms,ATWGPU=1.59ms,VsyncDelay=2,GPU=94%/587Mhz,GPUTemp=76.8C,LayerCnt=3,Pkg=org.meumeu.wivrn.nx.warp,FrmId=2138
09-11 05:03:23.524  9658 19819 I WiVRn   : [2026-09-11 05:03:23.524] [WiVRn] [info] nxwarp[0]: 104 frames in 2.0 s: 299584 B/frame, wait-prev 0.0 ms, wall 16.6 ms, nxvc passA 5.0 passB 8.5 gpu 13.5 ms; holes 1, refused 0
09-11 05:03:23.524  9658 19819 I WiVRn   : [2026-09-11 05:03:23.524] [WiVRn] [info] nxwarp[0] gpu duty 698 ms/s (70% of one GPU) for decode alone; the display pass is extra
09-11 05:03:23.524  9658 19819 I WiVRn   : [2026-09-11 05:03:23.524] [WiVRn] [info] nxwarp[0] passB 8.5 ms = warp 0.0 + skip 0.0 + coded 0.0 + dir 0.0 + other 8.5; tiles skip 0 / coded 3528 / dir 0 (eye pass 0)
09-11 05:03:23.525  9658 19819 I WiVRn   : [2026-09-11 05:03:23.525] [WiVRn] [info] nxwarp[0]: 77 frames dropped late (queue kept to 1)
09-11 05:03:23.525  9658 19819 I WiVRn   : [2026-09-11 05:03:23.525] [WiVRn] [info] nxwarp[0] stage: gap 2.7 | wait-prev 0.0 | submit 1.5 (qlock 0.0 + codec 1.4) | get_free 0.0 | fence-pre 0.0 | record 0.0 | qsubmit 0.0 | fence-post 15.1 | publish 0.0 ms; withheld 0, stride 1, arrival 18.7 ms
09-11 05:03:23.525  9658 19819 I WiVRn   : [2026-09-11 05:03:23.525] [WiVRn] [info] nxwarp[0] reassembly (network thread): 0.18 ms/frame over 103 frames, buffer 293 kB held for 293 kB of unit (1.0x)
09-11 05:03:23.525  9658 19819 I WiVRn   : [2026-09-11 05:03:23.525] [WiVRn] [info] nxwarp[0] fence-post 15.1 ms = nxvc gpu 13.5 + copy gpu 0.00 + queue 1.6 (over 104 frames with timestamps)
09-11 05:03:23.536  9658 19767 I WiVRn   : [2026-09-11 05:03:23.536] [WiVRn] [info] render: 151 iterations in 2.0 s (75.3/s), 151 submitted a layer, 102 new-source, 0 skipped by the repeat gate, 0 with nothing to show; display period 13.2 ms
09-11 05:03:23.536  9658 19767 I WiVRn   : [2026-09-11 05:03:23.536] [WiVRn] [info] render: ready wait attempts 61 success 12 total 52.825 ms | selected older than available 0
09-11 05:03:23.536  9658 19767 I WiVRn   : [2026-09-11 05:03:23.536] [WiVRn] [info] render: selected source transitions forward 102 backward 0 repeat 49, greatest forward gap 2
09-11 05:03:23.536  9658 19767 I WiVRn   : [2026-09-11 05:03:23.536] [WiVRn] [info] render: this app's own GPU pass 3.2 ms per iteration
09-11 05:03:23.536  9658 19767 I WiVRn   : [2026-09-11 05:03:23.536] [WiVRn] [info] render: defoveate 2688x2688 per eye x2 = 14.45 Mpx/frame at scale 1.00 atlas-prototype 0; 49 re-presented from the cache (reduce_gpu_load on)
09-11 05:03:23.536  9658 19767 I WiVRn   : [2026-09-11 05:03:23.536] [WiVRn] [info] render: shader path sharpness 0.00 fsr false alpha false motion false blend false glow 0.00 vignette 0.00 deband 0.00 lowpoly 0.00 levels 0 full-kernel false
09-11 05:03:23.536  9658 19767 I WiVRn   : [2026-09-11 05:03:23.536] [WiVRn] [info] render: per iteration fence 3.2 (worst 14.0) | queries 0.0 | submit 0.0 | whole render() 4.1 ms
09-11 05:03:23.536  9658 19767 I WiVRn   : [2026-09-11 05:03:23.536] [WiVRn] [info] render: selection-to-defoveate CPU 0.051 ms mean (max 0.103) over 102 actual defoveate calls; not GPU/photon latency
09-11 05:03:23.536  9658 19767 I WiVRn   : [2026-09-11 05:03:23.536] [WiVRn] [info] render: jit on | wake slack 46.5 ms | slept 5.0 ms mean (max 5.0, 151 of 151 iterations) | budget 15.3 = pass 14.3 + margin 1.0 | sleep cap 5.0 ms
09-11 05:03:23.536  9658 19767 I WiVRn   : [2026-09-11 05:03:23.536] [WiVRn] [info] render: source display-time offset 80.0 ms mean (worst 99.8) over 151 frames | submit lead 37.5 ms mean (worst 23.6) | misses: 0 overrun 0 late 0 skipped refresh
09-11 05:03:23.536  9658 19767 I WiVRn   : [2026-09-11 05:03:23.536] [WiVRn] [info] render: source->first 6.9 ms | wire 9.8 | queue 1.7 | decode 16.5 | decode->selection 7.1 | selection->predicted 38.0 | sum 80.0 over 151 selected frames (0 invalid)
09-11 05:03:24.048  9658 19822 I WiVRn   : [2026-09-11 05:03:24.048] [WiVRn] [info] Tracking pattern (11110µs):
09-11 05:03:24.048  9658 19822 I WiVRn   : [2026-09-11 05:03:24.048] [WiVRn] [info] 	t+3462µs HEAD (7647µs)
09-11 05:03:24.048  9658 19822 I WiVRn   : [2026-09-11 05:03:24.048] [WiVRn] [info] 	t+3524µs LEFT_GRIP (7585µs)
09-11 05:03:24.048  9658 19822 I WiVRn   : [2026-09-11 05:03:24.048] [WiVRn] [info] 	t+3547µs RIGHT_GRIP (7563µs)
09-11 05:03:24.048  9658 19822 I WiVRn   : [2026-09-11 05:03:24.048] [WiVRn] [info] 	t+6462µs HEAD (4647µs)
09-11 05:03:24.048  9658 19822 I WiVRn   : [2026-09-11 05:03:24.048] [WiVRn] [info] 	t+6524µs LEFT_GRIP (4585µs)
09-11 05:03:24.048  9658 19822 I WiVRn   : [2026-09-11 05:03:24.048] [WiVRn] [info] 	t+6547µs RIGHT_GRIP (4563µs)
09-11 05:03:24.097  9658 19763 I PxrMetric: FPS=71/90,MTP=42.94ms,AppSW=off,FrmEarly=27,FrmLate=10,FrmCpu=0.78ms,FrmGpu=12.59ms,FrmTime=22.27ms,ATWGPU=1.62ms,VsyncDelay=3,GPU=93%/587Mhz,GPUTemp=76.4C,LayerCnt=3,Pkg=org.meumeu.wivrn.nx.warp,FrmId=2218
09-11 05:03:24.745  9658 19817 I WiVRn   : [2026-09-11 05:03:24.745] [WiVRn] [info] nxwarp[0] net: 104 frames closed in 2.0 s, 0 with a hole, 0 out-of-order datagrams, 0 frames completed late, 0 queued for the worker, 1314 decoded so far, 1464 stragglers dropped; last hole 1890/2016 chunks, first missing 1527, short false, chunk 1166 B; worker phase idle
09-11 05:03:24.745  9658 19817 I WiVRn   : [2026-09-11 05:03:24.745] [WiVRn] [info] nxwarp[0] net: 0.025 ms per datagram over 37320 datagrams (462.10 ms of every second)
09-11 05:03:24.745  9658 19817 I WiVRn   : [2026-09-11 05:03:24.745] [WiVRn] [info] nxwarp[0] sel: stride 1, arrival 20.5 ms, dropped-late 77, withheld 0, decoded 1314
09-11 05:03:24.745  9658 19817 I WiVRn   : [2026-09-11 05:03:24.745] [WiVRn] [info] nxwarp[0] rx: 452530 datagrams, placed 3251899 (+275136), late 248224 (+34968), stale_frame 0, bad_range 0, bad_dir 0, bad_caps 0, bad_ver 0, auth_fail 0, replay 0, frozen 0, dup 193
09-11 05:03:25.048  9658 19822 I WiVRn   : [2026-09-11 05:03:25.048] [WiVRn] [info] Tracking pattern (11111µs):
09-11 05:03:25.048  9658 19822 I WiVRn   : [2026-09-11 05:03:25.048] [WiVRn] [info] 	t+3226µs HEAD (7884µs)
09-11 05:03:25.048  9658 19822 I WiVRn   : [2026-09-11 05:03:25.048] [WiVRn] [info] 	t+3267µs LEFT_GRIP (7844µs)
09-11 05:03:25.048  9658 19822 I WiVRn   : [2026-09-11 05:03:25.048] [WiVRn] [info] 	t+3272µs RIGHT_GRIP (7838µs)
09-11 05:03:25.048  9658 19822 I WiVRn   : [2026-09-11 05:03:25.048] [WiVRn] [info] 	t+6226µs HEAD (4884µs)
09-11 05:03:25.048  9658 19822 I WiVRn   : [2026-09-11 05:03:25.048] [WiVRn] [info] 	t+6267µs LEFT_GRIP (4844µs)
09-11 05:03:25.048  9658 19822 I WiVRn   : [2026-09-11 05:03:25.048] [WiVRn] [info] 	t+6272µs RIGHT_GRIP (4838µs)
09-11 05:03:25.091  9658 19763 I PxrMetric: FPS=80/90,MTP=27.45ms,AppSW=off,FrmEarly=24,FrmLate=11,FrmCpu=0.73ms,FrmGpu=13.39ms,FrmTime=24.75ms,ATWGPU=1.62ms,VsyncDelay=2,GPU=96%/587Mhz,GPUTemp=75.2C,LayerCnt=3,Pkg=org.meumeu.wivrn.nx.warp,FrmId=2296
09-11 05:03:25.528  9658 19819 I WiVRn   : [2026-09-11 05:03:25.528] [WiVRn] [info] nxwarp[0]: 104 frames in 2.0 s: 286118 B/frame, wait-prev 0.0 ms, wall 16.6 ms, nxvc passA 5.0 passB 8.3 gpu 13.3 ms; holes 1, refused 0
09-11 05:03:25.528  9658 19819 I WiVRn   : [2026-09-11 05:03:25.528] [WiVRn] [info] nxwarp[0] gpu duty 691 ms/s (69% of one GPU) for decode alone; the display pass is extra
09-11 05:03:25.528  9658 19819 I WiVRn   : [2026-09-11 05:03:25.528] [WiVRn] [info] nxwarp[0] passB 8.3 ms = warp 0.0 + skip 0.0 + coded 0.0 + dir 0.0 + other 8.3; tiles skip 0 / coded 3528 / dir 0 (eye pass 0)
09-11 05:03:25.528  9658 19819 I WiVRn   : [2026-09-11 05:03:25.528] [WiVRn] [info] nxwarp[0]: 77 frames dropped late (queue kept to 1)
09-11 05:03:25.528  9658 19819 I WiVRn   : [2026-09-11 05:03:25.528] [WiVRn] [info] nxwarp[0] stage: gap 2.6 | wait-prev 0.0 | submit 1.4 (qlock 0.0 + codec 1.4) | get_free 0.0 | fence-pre 0.0 | record 0.0 | qsubmit 0.0 | fence-post 15.1 | publish 0.0 ms; withheld 0, stride 1, arrival 17.5 ms
09-11 05:03:25.528  9658 19819 I WiVRn   : [2026-09-11 05:03:25.528] [WiVRn] [info] nxwarp[0] reassembly (network thread): 0.18 ms/frame over 105 frames, buffer 279 kB held for 279 kB of unit (1.0x)
09-11 05:03:25.528  9658 19819 I WiVRn   : [2026-09-11 05:03:25.528] [WiVRn] [info] nxwarp[0] fence-post 15.1 ms = nxvc gpu 13.3 + copy gpu 0.00 + queue 1.8 (over 104 frames with timestamps)
09-11 05:03:25.552  9658 19767 I WiVRn   : [2026-09-11 05:03:25.552] [WiVRn] [info] render: 160 iterations in 2.0 s (79.8/s), 160 submitted a layer, 105 new-source, 0 skipped by the repeat gate, 0 with nothing to show; display period 12.6 ms
09-11 05:03:25.552  9658 19767 I WiVRn   : [2026-09-11 05:03:25.552] [WiVRn] [info] render: ready wait attempts 67 success 12 total 58.565 ms | selected older than available 0
09-11 05:03:25.552  9658 19767 I WiVRn   : [2026-09-11 05:03:25.552] [WiVRn] [info] render: selected source transitions forward 105 backward 0 repeat 55, greatest forward gap 1
09-11 05:03:25.552  9658 19767 I WiVRn   : [2026-09-11 05:03:25.552] [WiVRn] [info] render: this app's own GPU pass 3.1 ms per iteration
09-11 05:03:25.552  9658 19767 I WiVRn   : [2026-09-11 05:03:25.552] [WiVRn] [info] render: defoveate 2688x2688 per eye x2 = 14.45 Mpx/frame at scale 1.00 atlas-prototype 0; 55 re-presented from the cache (reduce_gpu_load on)
09-11 05:03:25.552  9658 19767 I WiVRn   : [2026-09-11 05:03:25.552] [WiVRn] [info] render: shader path sharpness 0.00 fsr false alpha false motion false blend false glow 0.00 vignette 0.00 deband 0.00 lowpoly 0.00 levels 0 full-kernel false
09-11 05:03:25.552  9658 19767 I WiVRn   : [2026-09-11 05:03:25.552] [WiVRn] [info] render: per iteration fence 2.6 (worst 14.0) | queries 0.0 | submit 0.0 | whole render() 3.5 ms
09-11 05:03:25.552  9658 19767 I WiVRn   : [2026-09-11 05:03:25.552] [WiVRn] [info] render: selection-to-defoveate CPU 0.050 ms mean (max 0.096) over 105 actual defoveate calls; not GPU/photon latency
09-11 05:03:25.552  9658 19767 I WiVRn   : [2026-09-11 05:03:25.552] [WiVRn] [info] render: jit on | wake slack 45.5 ms | slept 5.0 ms mean (max 5.0, 160 of 160 iterations) | budget 14.5 = pass 13.5 + margin 1.0 | sleep cap 5.0 ms
09-11 05:03:25.552  9658 19767 I WiVRn   : [2026-09-11 05:03:25.552] [WiVRn] [info] render: source display-time offset 79.6 ms mean (worst 99.8) over 160 frames | submit lead 37.0 ms mean (worst 22.9) | misses: 0 overrun 0 late 0 skipped refresh
09-11 05:03:25.552  9658 19767 I WiVRn   : [2026-09-11 05:03:25.552] [WiVRn] [info] render: source->first 7.1 ms | wire 9.9 | queue 2.0 | decode 16.6 | decode->selection 6.6 | selection->predicted 37.5 | sum 79.6 over 160 selected frames (0 invalid)
09-11 05:03:26.048  9658 19822 I WiVRn   : [2026-09-11 05:03:26.048] [WiVRn] [info] Tracking pattern (11111µs):
09-11 05:03:26.048  9658 19822 I WiVRn   : [2026-09-11 05:03:26.048] [WiVRn] [info] 	t+3189µs HEAD (7921µs)
09-11 05:03:26.048  9658 19822 I WiVRn   : [2026-09-11 05:03:26.048] [WiVRn] [info] 	t+3246µs LEFT_GRIP (7864µs)
09-11 05:03:26.048  9658 19822 I WiVRn   : [2026-09-11 05:03:26.048] [WiVRn] [info] 	t+3252µs RIGHT_GRIP (7859µs)
09-11 05:03:26.048  9658 19822 I WiVRn   : [2026-09-11 05:03:26.048] [WiVRn] [info] 	t+6189µs HEAD (4921µs)
09-11 05:03:26.048  9658 19822 I WiVRn   : [2026-09-11 05:03:26.048] [WiVRn] [info] 	t+6246µs LEFT_GRIP (4864µs)
09-11 05:03:26.048  9658 19822 I WiVRn   : [2026-09-11 05:03:26.048] [WiVRn] [info] 	t+6252µs RIGHT_GRIP (4859µs)
09-11 05:03:26.100  9658 19763 I PxrMetric: FPS=78/90,MTP=33.79ms,AppSW=off,FrmEarly=30,FrmLate=8,FrmCpu=0.88ms,FrmGpu=10.84ms,FrmTime=18.48ms,ATWGPU=1.59ms,VsyncDelay=2,GPU=94%/587Mhz,GPUTemp=75.2C,LayerCnt=3,Pkg=org.meumeu.wivrn.nx.warp,FrmId=2375
09-11 05:03:26.752  9658 19817 I WiVRn   : [2026-09-11 05:03:26.752] [WiVRn] [info] nxwarp[0] net: 106 frames closed in 2.0 s, 0 with a hole, 0 out-of-order datagrams, 0 frames completed late, 0 queued for the worker, 1419 decoded so far, 1576 stragglers dropped; last hole 1890/2016 chunks, first missing 1527, short false, chunk 1166 B; worker phase copy-fence-wait
09-11 05:03:26.752  9658 19817 I WiVRn   : [2026-09-11 05:03:26.752] [WiVRn] [info] nxwarp[0] net: 0.025 ms per datagram over 36124 datagrams (451.98 ms of every second)
09-11 05:03:26.752  9658 19817 I WiVRn   : [2026-09-11 05:03:26.752] [WiVRn] [info] nxwarp[0] sel: stride 1, arrival 19.9 ms, dropped-late 77, withheld 0, decoded 1419
09-11 05:03:26.752  9658 19817 I WiVRn   : [2026-09-11 05:03:26.752] [WiVRn] [info] nxwarp[0] rx: 488654 datagrams, placed 3520681 (+268782), late 278613 (+30389), stale_frame 0, bad_range 0, bad_dir 0, bad_caps 0, bad_ver 0, auth_fail 0, replay 0, frozen 0, dup 227
09-11 05:03:27.048  9658 19822 I WiVRn   : [2026-09-11 05:03:27.048] [WiVRn] [info] Tracking pattern (11110µs):
09-11 05:03:27.048  9658 19822 I WiVRn   : [2026-09-11 05:03:27.048] [WiVRn] [info] 	t+2156µs HEAD (8953µs)
09-11 05:03:27.048  9658 19822 I WiVRn   : [2026-09-11 05:03:27.048] [WiVRn] [info] 	t+2239µs LEFT_GRIP (8870µs)
09-11 05:03:27.048  9658 19822 I WiVRn   : [2026-09-11 05:03:27.048] [WiVRn] [info] 	t+2250µs RIGHT_GRIP (8860µs)
09-11 05:03:27.048  9658 19822 I WiVRn   : [2026-09-11 05:03:27.048] [WiVRn] [info] 	t+5156µs HEAD (5953µs)
09-11 05:03:27.048  9658 19822 I WiVRn   : [2026-09-11 05:03:27.048] [WiVRn] [info] 	t+5239µs LEFT_GRIP (5870µs)
09-11 05:03:27.048  9658 19822 I WiVRn   : [2026-09-11 05:03:27.048] [WiVRn] [info] 	t+5250µs RIGHT_GRIP (5860µs)
09-11 05:03:27.109  9658 19763 I PxrMetric: FPS=78/90,MTP=45.50ms,AppSW=off,FrmEarly=24,FrmLate=17,FrmCpu=0.70ms,FrmGpu=12.75ms,FrmTime=21.66ms,ATWGPU=1.60ms,VsyncDelay=3,GPU=67%/587Mhz,GPUTemp=76.4C,LayerCnt=3,Pkg=org.meumeu.wivrn.nx.warp,FrmId=2443
09-11 05:03:27.539  9658 19819 I WiVRn   : [2026-09-11 05:03:27.539] [WiVRn] [info] nxwarp[0]: 106 frames in 2.0 s: 279565 B/frame, wait-prev 0.0 ms, wall 16.4 ms, nxvc passA 4.8 passB 8.2 gpu 13.0 ms; holes 1, refused 0
09-11 05:03:27.539  9658 19819 I WiVRn   : [2026-09-11 05:03:27.539] [WiVRn] [info] nxwarp[0] gpu duty 685 ms/s (68% of one GPU) for decode alone; the display pass is extra
09-11 05:03:27.539  9658 19819 I WiVRn   : [2026-09-11 05:03:27.539] [WiVRn] [info] nxwarp[0] passB 8.2 ms = warp 0.0 + skip 0.0 + coded 0.0 + dir 0.0 + other 8.2; tiles skip 0 / coded 3528 / dir 0 (eye pass 0)
09-11 05:03:27.539  9658 19819 I WiVRn   : [2026-09-11 05:03:27.539] [WiVRn] [info] nxwarp[0]: 77 frames dropped late (queue kept to 1)
09-11 05:03:27.539  9658 19819 I WiVRn   : [2026-09-11 05:03:27.539] [WiVRn] [info] nxwarp[0] stage: gap 2.6 | wait-prev 0.0 | submit 1.5 (qlock 0.0 + codec 1.5) | get_free 0.0 | fence-pre 0.0 | record 0.0 | qsubmit 0.0 | fence-post 14.8 | publish 0.0 ms; withheld 0, stride 1, arrival 19.3 ms
09-11 05:03:27.539  9658 19819 I WiVRn   : [2026-09-11 05:03:27.539] [WiVRn] [info] nxwarp[0] reassembly (network thread): 0.17 ms/frame over 105 frames, buffer 273 kB held for 273 kB of unit (1.0x)
09-11 05:03:27.539  9658 19819 I WiVRn   : [2026-09-11 05:03:27.539] [WiVRn] [info] nxwarp[0] fence-post 14.8 ms = nxvc gpu 13.0 + copy gpu 0.00 + queue 1.8 (over 106 frames with timestamps)
09-11 05:03:27.548  9658 19767 I WiVRn   : [2026-09-11 05:03:27.548] [WiVRn] [info] render: 139 iterations in 2.0 s (69.3/s), 139 submitted a layer, 104 new-source, 0 skipped by the repeat gate, 0 with nothing to show; display period 14.5 ms
09-11 05:03:27.548  9658 19767 I WiVRn   : [2026-09-11 05:03:27.548] [WiVRn] [info] render: ready wait attempts 40 success 5 total 37.187 ms | selected older than available 0
09-11 05:03:27.548  9658 19767 I WiVRn   : [2026-09-11 05:03:27.548] [WiVRn] [info] render: selected source transitions forward 104 backward 0 repeat 35, greatest forward gap 2
09-11 05:03:27.548  9658 19767 I WiVRn   : [2026-09-11 05:03:27.548] [WiVRn] [info] render: this app's own GPU pass 3.6 ms per iteration
09-11 05:03:27.548  9658 19767 I WiVRn   : [2026-09-11 05:03:27.548] [WiVRn] [info] render: defoveate 2688x2688 per eye x2 = 14.45 Mpx/frame at scale 1.00 atlas-prototype 0; 35 re-presented from the cache (reduce_gpu_load on)
09-11 05:03:27.548  9658 19767 I WiVRn   : [2026-09-11 05:03:27.548] [WiVRn] [info] render: shader path sharpness 0.00 fsr false alpha false motion false blend false glow 0.00 vignette 0.00 deband 0.00 lowpoly 0.00 levels 0 full-kernel false
09-11 05:03:27.548  9658 19767 I WiVRn   : [2026-09-11 05:03:27.548] [WiVRn] [info] render: per iteration fence 3.6 (worst 13.7) | queries 0.0 | submit 0.0 | whole render() 4.5 ms
09-11 05:03:27.548  9658 19767 I WiVRn   : [2026-09-11 05:03:27.548] [WiVRn] [info] render: selection-to-defoveate CPU 0.052 ms mean (max 0.114) over 104 actual defoveate calls; not GPU/photon latency
09-11 05:03:27.548  9658 19767 I WiVRn   : [2026-09-11 05:03:27.548] [WiVRn] [info] render: jit on | wake slack 47.4 ms | slept 5.0 ms mean (max 5.0, 139 of 139 iterations) | budget 14.8 = pass 13.8 + margin 1.0 | sleep cap 5.0 ms
09-11 05:03:27.548  9658 19767 I WiVRn   : [2026-09-11 05:03:27.548] [WiVRn] [info] render: source display-time offset 80.2 ms mean (worst 99.8) over 139 frames | submit lead 37.8 ms mean (worst 22.3) | misses: 0 overrun 0 late 0 skipped refresh
09-11 05:03:27.548  9658 19767 I WiVRn   : [2026-09-11 05:03:27.548] [WiVRn] [info] render: source->first 6.7 ms | wire 9.7 | queue 2.1 | decode 16.2 | decode->selection 7.0 | selection->predicted 38.5 | sum 80.2 over 139 selected frames (0 invalid)
09-11 05:03:28.048  9658 19822 I WiVRn   : [2026-09-11 05:03:28.048] [WiVRn] [info] Tracking pattern (11111µs):
09-11 05:03:28.048  9658 19822 I WiVRn   : [2026-09-11 05:03:28.048] [WiVRn] [info] 	t+2819µs HEAD (8292µs)
09-11 05:03:28.048  9658 19822 I WiVRn   : [2026-09-11 05:03:28.048] [WiVRn] [info] 	t+2863µs LEFT_GRIP (8248µs)
09-11 05:03:28.048  9658 19822 I WiVRn   : [2026-09-11 05:03:28.048] [WiVRn] [info] 	t+2869µs RIGHT_GRIP (8242µs)
09-11 05:03:28.048  9658 19822 I WiVRn   : [2026-09-11 05:03:28.048] [WiVRn] [info] 	t+5819µs HEAD (5292µs)
09-11 05:03:28.048  9658 19822 I WiVRn   : [2026-09-11 05:03:28.048] [WiVRn] [info] 	t+5863µs LEFT_GRIP (5248µs)
09-11 05:03:28.048  9658 19822 I WiVRn   : [2026-09-11 05:03:28.048] [WiVRn] [info] 	t+5869µs RIGHT_GRIP (5242µs)
09-11 05:03:28.113  9658 19763 I PxrMetric: FPS=67/90,MTP=32.44ms,AppSW=off,FrmEarly=27,FrmLate=17,FrmCpu=0.69ms,FrmGpu=14.14ms,FrmTime=25.48ms,ATWGPU=1.60ms,VsyncDelay=3,GPU=94%/587Mhz,GPUTemp=75.6C,LayerCnt=3,Pkg=org.meumeu.wivrn.nx.warp,FrmId=2511
09-11 05:03:28.754  9658 19817 I WiVRn   : [2026-09-11 05:03:28.754] [WiVRn] [info] nxwarp[0] net: 105 frames closed in 2.0 s, 0 with a hole, 0 out-of-order datagrams, 0 frames completed late, 0 queued for the worker, 1525 decoded so far, 1691 stragglers dropped; last hole 1890/2016 chunks, first missing 1527, short false, chunk 1166 B; worker phase idle
09-11 05:03:28.754  9658 19817 I WiVRn   : [2026-09-11 05:03:28.754] [WiVRn] [info] nxwarp[0] net: 0.025 ms per datagram over 35897 datagrams (447.92 ms of every second)
09-11 05:03:28.754  9658 19817 I WiVRn   : [2026-09-11 05:03:28.754] [WiVRn] [info] nxwarp[0] sel: stride 1, arrival 17.9 ms, dropped-late 77, withheld 0, decoded 1525
09-11 05:03:28.754  9658 19817 I WiVRn   : [2026-09-11 05:03:28.754] [WiVRn] [info] nxwarp[0] rx: 524551 datagrams, placed 3792492 (+271811), late 305180 (+26567), stale_frame 0, bad_range 0, bad_dir 0, bad_caps 0, bad_ver 0, auth_fail 0, replay 0, frozen 0, dup 261
09-11 05:03:29.048  9658 19822 I WiVRn   : [2026-09-11 05:03:29.048] [WiVRn] [info] Tracking pattern (11107µs):
09-11 05:03:29.048  9658 19822 I WiVRn   : [2026-09-11 05:03:29.048] [WiVRn] [info] 	t+2877µs HEAD (8230µs)
09-11 05:03:29.048  9658 19822 I WiVRn   : [2026-09-11 05:03:29.048] [WiVRn] [info] 	t+2925µs LEFT_GRIP (8182µs)
09-11 05:03:29.048  9658 19822 I WiVRn   : [2026-09-11 05:03:29.048] [WiVRn] [info] 	t+2933µs RIGHT_GRIP (8174µs)
09-11 05:03:29.048  9658 19822 I WiVRn   : [2026-09-11 05:03:29.048] [WiVRn] [info] 	t+5877µs HEAD (5230µs)
09-11 05:03:29.048  9658 19822 I WiVRn   : [2026-09-11 05:03:29.048] [WiVRn] [info] 	t+5925µs LEFT_GRIP (5182µs)
09-11 05:03:29.048  9658 19822 I WiVRn   : [2026-09-11 05:03:29.048] [WiVRn] [info] 	t+5933µs RIGHT_GRIP (5174µs)
09-11 05:03:29.113  9658 19763 I PxrMetric: FPS=68/90,MTP=35.51ms,AppSW=off,FrmEarly=21,FrmLate=10,FrmCpu=0.80ms,FrmGpu=11.77ms,FrmTime=20.17ms,ATWGPU=1.59ms,VsyncDelay=2,GPU=93%/587Mhz,GPUTemp=76.8C,LayerCnt=3,Pkg=org.meumeu.wivrn.nx.warp,FrmId=2590
09-11 05:03:29.542  9658 19819 I WiVRn   : [2026-09-11 05:03:29.542] [WiVRn] [info] nxwarp[0]: 106 frames in 2.0 s: 281948 B/frame, wait-prev 0.0 ms, wall 16.4 ms, nxvc passA 4.8 passB 8.3 gpu 13.1 ms; holes 1, refused 0
09-11 05:03:29.542  9658 19819 I WiVRn   : [2026-09-11 05:03:29.542] [WiVRn] [info] nxwarp[0] gpu duty 691 ms/s (69% of one GPU) for decode alone; the display pass is extra
09-11 05:03:29.542  9658 19819 I WiVRn   : [2026-09-11 05:03:29.542] [WiVRn] [info] nxwarp[0] passB 8.3 ms = warp 0.0 + skip 0.0 + coded 0.0 + dir 0.0 + other 8.3; tiles skip 0 / coded 3528 / dir 0 (eye pass 0)
09-11 05:03:29.542  9658 19819 I WiVRn   : [2026-09-11 05:03:29.542] [WiVRn] [info] nxwarp[0]: 77 frames dropped late (queue kept to 1)
09-11 05:03:29.542  9658 19819 I WiVRn   : [2026-09-11 05:03:29.542] [WiVRn] [info] nxwarp[0] stage: gap 2.5 | wait-prev 0.0 | submit 1.5 (qlock 0.0 + codec 1.5) | get_free 0.0 | fence-pre 0.0 | record 0.0 | qsubmit 0.0 | fence-post 14.8 | publish 0.0 ms; withheld 0, stride 1, arrival 18.6 ms
09-11 05:03:29.542  9658 19819 I WiVRn   : [2026-09-11 05:03:29.542] [WiVRn] [info] nxwarp[0] reassembly (network thread): 0.18 ms/frame over 107 frames, buffer 275 kB held for 275 kB of unit (1.0x)
09-11 05:03:29.542  9658 19819 I WiVRn   : [2026-09-11 05:03:29.542] [WiVRn] [info] nxwarp[0] fence-post 14.8 ms = nxvc gpu 13.1 + copy gpu 0.00 + queue 1.7 (over 106 frames with timestamps)
09-11 05:03:29.568  9658 19767 I WiVRn   : [2026-09-11 05:03:29.568] [WiVRn] [info] render: 152 iterations in 2.0 s (75.2/s), 152 submitted a layer, 107 new-source, 0 skipped by the repeat gate, 0 with nothing to show; display period 13.3 ms
09-11 05:03:29.569  9658 19767 I WiVRn   : [2026-09-11 05:03:29.569] [WiVRn] [info] render: ready wait attempts 55 success 10 total 48.006 ms | selected older than available 0
09-11 05:03:29.569  9658 19767 I WiVRn   : [2026-09-11 05:03:29.569] [WiVRn] [info] render: selected source transitions forward 107 backward 0 repeat 45, greatest forward gap 1
09-11 05:03:29.569  9658 19767 I WiVRn   : [2026-09-11 05:03:29.569] [WiVRn] [info] render: this app's own GPU pass 3.4 ms per iteration
09-11 05:03:29.569  9658 19767 I WiVRn   : [2026-09-11 05:03:29.569] [WiVRn] [info] render: defoveate 2688x2688 per eye x2 = 14.45 Mpx/frame at scale 1.00 atlas-prototype 0; 45 re-presented from the cache (reduce_gpu_load on)
09-11 05:03:29.569  9658 19767 I WiVRn   : [2026-09-11 05:03:29.569] [WiVRn] [info] render: shader path sharpness 0.00 fsr false alpha false motion false blend false glow 0.00 vignette 0.00 deband 0.00 lowpoly 0.00 levels 0 full-kernel false
09-11 05:03:29.569  9658 19767 I WiVRn   : [2026-09-11 05:03:29.569] [WiVRn] [info] render: per iteration fence 3.4 (worst 13.7) | queries 0.0 | submit 0.0 | whole render() 4.3 ms
09-11 05:03:29.569  9658 19767 I WiVRn   : [2026-09-11 05:03:29.569] [WiVRn] [info] render: selection-to-defoveate CPU 0.049 ms mean (max 0.112) over 107 actual defoveate calls; not GPU/photon latency
09-11 05:03:29.569  9658 19767 I WiVRn   : [2026-09-11 05:03:29.569] [WiVRn] [info] render: jit on | wake slack 45.6 ms | slept 5.0 ms mean (max 5.0, 152 of 152 iterations) | budget 15.0 = pass 14.0 + margin 1.0 | sleep cap 5.0 ms
09-11 05:03:29.569  9658 19767 I WiVRn   : [2026-09-11 05:03:29.569] [WiVRn] [info] render: source display-time offset 78.1 ms mean (worst 99.8) over 152 frames | submit lead 36.2 ms mean (worst 23.3) | misses: 0 overrun 0 late 0 skipped refresh
09-11 05:03:29.569  9658 19767 I WiVRn   : [2026-09-11 05:03:29.569] [WiVRn] [info] render: source->first 6.6 ms | wire 9.7 | queue 1.9 | decode 16.2 | decode->selection 6.9 | selection->predicted 36.8 | sum 78.1 over 152 selected frames (0 invalid)
09-11 05:03:30.048  9658 19822 I WiVRn   : [2026-09-11 05:03:30.048] [WiVRn] [info] Tracking pattern (11097µs):
09-11 05:03:30.048  9658 19822 I WiVRn   : [2026-09-11 05:03:30.048] [WiVRn] [info] 	t+3103µs HEAD (7994µs)
09-11 05:03:30.048  9658 19822 I WiVRn   : [2026-09-11 05:03:30.048] [WiVRn] [info] 	t+3174µs LEFT_GRIP (7923µs)
09-11 05:03:30.048  9658 19822 I WiVRn   : [2026-09-11 05:03:30.048] [WiVRn] [info] 	t+3182µs RIGHT_GRIP (7915µs)
09-11 05:03:30.048  9658 19822 I WiVRn   : [2026-09-11 05:03:30.048] [WiVRn] [info] 	t+6103µs HEAD (4994µs)
09-11 05:03:30.048  9658 19822 I WiVRn   : [2026-09-11 05:03:30.048] [WiVRn] [info] 	t+6174µs LEFT_GRIP (4923µs)
09-11 05:03:30.048  9658 19822 I WiVRn   : [2026-09-11 05:03:30.048] [WiVRn] [info] 	t+6182µs RIGHT_GRIP (4915µs)
09-11 05:03:30.116  9658 19763 I PxrMetric: FPS=79/90,MTP=32.20ms,AppSW=off,FrmEarly=21,FrmLate=10,FrmCpu=0.91ms,FrmGpu=10.77ms,FrmTime=17.59ms,ATWGPU=1.59ms,VsyncDelay=2,GPU=99%/587Mhz,GPUTemp=77.1C,LayerCnt=3,Pkg=org.meumeu.wivrn.nx.warp,FrmId=2671
09-11 05:03:30.763  9658 19817 I WiVRn   : [2026-09-11 05:03:30.763] [WiVRn] [info] nxwarp[0] net: 107 frames closed in 2.0 s, 0 with a hole, 0 out-of-order datagrams, 0 frames completed late, 0 queued for the worker, 1632 decoded so far, 1802 stragglers dropped; last hole 1890/2016 chunks, first missing 1527, short false, chunk 1166 B; worker phase idle
09-11 05:03:30.763  9658 19817 I WiVRn   : [2026-09-11 05:03:30.763] [WiVRn] [info] nxwarp[0] net: 0.025 ms per datagram over 35080 datagrams (443.32 ms of every second)
09-11 05:03:30.763  9658 19817 I WiVRn   : [2026-09-11 05:03:30.763] [WiVRn] [info] nxwarp[0] sel: stride 1, arrival 18.6 ms, dropped-late 77, withheld 0, decoded 1632
09-11 05:03:30.763  9658 19817 I WiVRn   : [2026-09-11 05:03:30.763] [WiVRn] [info] nxwarp[0] rx: 559631 datagrams, placed 4061461 (+268969), late 315800 (+10620), stale_frame 0, bad_range 0, bad_dir 0, bad_caps 0, bad_ver 0, auth_fail 0, replay 0, frozen 0, dup 274
09-11 05:03:31.048  9658 19822 I WiVRn   : [2026-09-11 05:03:31.048] [WiVRn] [info] Tracking pattern (11111µs):
09-11 05:03:31.048  9658 19822 I WiVRn   : [2026-09-11 05:03:31.048] [WiVRn] [info] 	t+3066µs HEAD (8044µs)
09-11 05:03:31.048  9658 19822 I WiVRn   : [2026-09-11 05:03:31.048] [WiVRn] [info] 	t+3102µs LEFT_GRIP (8008µs)
09-11 05:03:31.048  9658 19822 I WiVRn   : [2026-09-11 05:03:31.048] [WiVRn] [info] 	t+3108µs RIGHT_GRIP (8002µs)
09-11 05:03:31.048  9658 19822 I WiVRn   : [2026-09-11 05:03:31.048] [WiVRn] [info] 	t+6066µs HEAD (5044µs)
09-11 05:03:31.048  9658 19822 I WiVRn   : [2026-09-11 05:03:31.048] [WiVRn] [info] 	t+6102µs LEFT_GRIP (5008µs)
09-11 05:03:31.048  9658 19822 I WiVRn   : [2026-09-11 05:03:31.048] [WiVRn] [info] 	t+6108µs RIGHT_GRIP (5002µs)
09-11 05:03:31.131  9658 19763 I PxrMetric: FPS=81/90,MTP=42.16ms,AppSW=off,FrmEarly=28,FrmLate=7,FrmCpu=0.77ms,FrmGpu=11.05ms,FrmTime=17.39ms,ATWGPU=1.59ms,VsyncDelay=3,GPU=99%/587Mhz,GPUTemp=75.6C,LayerCnt=3,Pkg=org.meumeu.wivrn.nx.warp,FrmId=2759
09-11 05:03:31.557  9658 19819 I WiVRn   : [2026-09-11 05:03:31.557] [WiVRn] [info] nxwarp[0]: 108 frames in 2.0 s: 257492 B/frame, wait-prev 0.0 ms, wall 16.0 ms, nxvc passA 4.3 passB 8.2 gpu 12.5 ms; holes 1, refused 0
09-11 05:03:31.557  9658 19819 I WiVRn   : [2026-09-11 05:03:31.557] [WiVRn] [info] nxwarp[0] gpu duty 669 ms/s (67% of one GPU) for decode alone; the display pass is extra
09-11 05:03:31.557  9658 19819 I WiVRn   : [2026-09-11 05:03:31.557] [WiVRn] [info] nxwarp[0] passB 8.2 ms = warp 0.0 + skip 0.0 + coded 0.0 + dir 0.0 + other 8.2; tiles skip 0 / coded 3528 / dir 0 (eye pass 0)
09-11 05:03:31.557  9658 19819 I WiVRn   : [2026-09-11 05:03:31.557] [WiVRn] [info] nxwarp[0]: 77 frames dropped late (queue kept to 1)
09-11 05:03:31.557  9658 19819 I WiVRn   : [2026-09-11 05:03:31.557] [WiVRn] [info] nxwarp[0] stage: gap 2.7 | wait-prev 0.0 | submit 1.4 (qlock 0.0 + codec 1.4) | get_free 0.0 | fence-pre 0.0 | record 0.0 | qsubmit 0.0 | fence-post 14.5 | publish 0.0 ms; withheld 0, stride 1, arrival 18.6 ms
09-11 05:03:31.557  9658 19819 I WiVRn   : [2026-09-11 05:03:31.557] [WiVRn] [info] nxwarp[0] reassembly (network thread): 0.20 ms/frame over 107 frames, buffer 251 kB held for 251 kB of unit (1.0x)
09-11 05:03:31.557  9658 19819 I WiVRn   : [2026-09-11 05:03:31.557] [WiVRn] [info] nxwarp[0] fence-post 14.6 ms = nxvc gpu 12.5 + copy gpu 0.00 + queue 2.1 (over 108 frames with timestamps)
09-11 05:03:31.579  9658 19767 I WiVRn   : [2026-09-11 05:03:31.579] [WiVRn] [info] render: 173 iterations in 2.0 s (86.1/s), 173 submitted a layer, 108 new-source, 0 skipped by the repeat gate, 0 with nothing to show; display period 11.6 ms
09-11 05:03:31.579  9658 19767 I WiVRn   : [2026-09-11 05:03:31.579] [WiVRn] [info] render: ready wait attempts 88 success 23 total 69.501 ms | selected older than available 0
09-11 05:03:31.579  9658 19767 I WiVRn   : [2026-09-11 05:03:31.579] [WiVRn] [info] render: selected source transitions forward 108 backward 0 repeat 65, greatest forward gap 1
09-11 05:03:31.579  9658 19767 I WiVRn   : [2026-09-11 05:03:31.579] [WiVRn] [info] render: this app's own GPU pass 2.9 ms per iteration
09-11 05:03:31.579  9658 19767 I WiVRn   : [2026-09-11 05:03:31.579] [WiVRn] [info] render: defoveate 2688x2688 per eye x2 = 14.45 Mpx/frame at scale 1.00 atlas-prototype 0; 65 re-presented from the cache (reduce_gpu_load on)
09-11 05:03:31.579  9658 19767 I WiVRn   : [2026-09-11 05:03:31.579] [WiVRn] [info] render: shader path sharpness 0.00 fsr false alpha false motion false blend false glow 0.00 vignette 0.00 deband 0.00 lowpoly 0.00 levels 0 full-kernel false
09-11 05:03:31.579  9658 19767 I WiVRn   : [2026-09-11 05:03:31.579] [WiVRn] [info] render: per iteration fence 1.7 (worst 11.9) | queries 0.0 | submit 0.0 | whole render() 2.7 ms
09-11 05:03:31.579  9658 19767 I WiVRn   : [2026-09-11 05:03:31.579] [WiVRn] [info] render: selection-to-defoveate CPU 0.051 ms mean (max 0.094) over 108 actual defoveate calls; not GPU/photon latency
09-11 05:03:31.579  9658 19767 I WiVRn   : [2026-09-11 05:03:31.579] [WiVRn] [info] render: jit on | wake slack 43.8 ms | slept 5.0 ms mean (max 5.0, 173 of 173 iterations) | budget 13.3 = pass 12.3 + margin 1.0 | sleep cap 5.0 ms
09-11 05:03:31.579  9658 19767 I WiVRn   : [2026-09-11 05:03:31.579] [WiVRn] [info] render: source display-time offset 76.2 ms mean (worst 99.7) over 173 frames | submit lead 36.2 ms mean (worst 21.4) | misses: 0 overrun 0 late 0 skipped refresh
09-11 05:03:31.579  9658 19767 I WiVRn   : [2026-09-11 05:03:31.579] [WiVRn] [info] render: source->first 6.0 ms | wire 8.9 | queue 2.0 | decode 16.0 | decode->selection 6.8 | selection->predicted 36.7 | sum 76.2 over 173 selected frames (0 invalid)
09-11 05:03:32.048  9658 19822 I WiVRn   : [2026-09-11 05:03:32.048] [WiVRn] [info] Tracking pattern (11105µs):
09-11 05:03:32.048  9658 19822 I WiVRn   : [2026-09-11 05:03:32.048] [WiVRn] [info] 	t+3338µs HEAD (7767µs)
09-11 05:03:32.048  9658 19822 I WiVRn   : [2026-09-11 05:03:32.048] [WiVRn] [info] 	t+3404µs LEFT_GRIP (7701µs)
09-11 05:03:32.048  9658 19822 I WiVRn   : [2026-09-11 05:03:32.048] [WiVRn] [info] 	t+3416µs RIGHT_GRIP (7689µs)
09-11 05:03:32.048  9658 19822 I WiVRn   : [2026-09-11 05:03:32.048] [WiVRn] [info] 	t+6338µs HEAD (4767µs)
09-11 05:03:32.048  9658 19822 I WiVRn   : [2026-09-11 05:03:32.048] [WiVRn] [info] 	t+6404µs LEFT_GRIP (4701µs)
09-11 05:03:32.048  9658 19822 I WiVRn   : [2026-09-11 05:03:32.048] [WiVRn] [info] 	t+6416µs RIGHT_GRIP (4689µs)
09-11 05:03:32.141  9658 19763 I PxrMetric: FPS=87/90,MTP=47.21ms,AppSW=off,FrmEarly=29,FrmLate=7,FrmCpu=0.78ms,FrmGpu=12.98ms,FrmTime=24.29ms,ATWGPU=1.60ms,VsyncDelay=3,GPU=88%/587Mhz,GPUTemp=76.4C,LayerCnt=3,Pkg=org.meumeu.wivrn.nx.warp,FrmId=2846
09-11 05:03:32.763  9658 19817 I WiVRn   : [2026-09-11 05:03:32.763] [WiVRn] [info] nxwarp[0] net: 109 frames closed in 2.0 s, 0 with a hole, 0 out-of-order datagrams, 0 frames completed late, 0 queued for the worker, 1741 decoded so far, 1911 stragglers dropped; last hole 1890/2016 chunks, first missing 1527, short false, chunk 1166 B; worker phase idle
09-11 05:03:32.763  9658 19817 I WiVRn   : [2026-09-11 05:03:32.763] [WiVRn] [info] nxwarp[0] net: 0.025 ms per datagram over 33113 datagrams (415.42 ms of every second)
09-11 05:03:32.763  9658 19817 I WiVRn   : [2026-09-11 05:03:32.763] [WiVRn] [info] nxwarp[0] sel: stride 1, arrival 16.8 ms, dropped-late 77, withheld 0, decoded 1741
09-11 05:03:32.763  9658 19817 I WiVRn   : [2026-09-11 05:03:32.763] [WiVRn] [info] nxwarp[0] rx: 592744 datagrams, placed 4439393 (+377932), late 317137 (+1337), stale_frame 0, bad_range 0, bad_dir 0, bad_caps 0, bad_ver 0, auth_fail 0, replay 0, frozen 0, dup 276
09-11 05:03:33.048  9658 19822 I WiVRn   : [2026-09-11 05:03:33.048] [WiVRn] [info] Tracking pattern (11109µs):
09-11 05:03:33.048  9658 19822 I WiVRn   : [2026-09-11 05:03:33.048] [WiVRn] [info] 	t+3541µs HEAD (7567µs)
09-11 05:03:33.048  9658 19822 I WiVRn   : [2026-09-11 05:03:33.048] [WiVRn] [info] 	t+3590µs LEFT_GRIP (7518µs)
09-11 05:03:33.048  9658 19822 I WiVRn   : [2026-09-11 05:03:33.048] [WiVRn] [info] 	t+3597µs RIGHT_GRIP (7511µs)
09-11 05:03:33.048  9658 19822 I WiVRn   : [2026-09-11 05:03:33.048] [WiVRn] [info] 	t+6541µs HEAD (4567µs)
09-11 05:03:33.048  9658 19822 I WiVRn   : [2026-09-11 05:03:33.048] [WiVRn] [info] 	t+6590µs LEFT_GRIP (4518µs)
09-11 05:03:33.048  9658 19822 I WiVRn   : [2026-09-11 05:03:33.048] [WiVRn] [info] 	t+6597µs RIGHT_GRIP (4511µs)
09-11 05:03:33.146  9658 19763 I PxrMetric: FPS=86/90,MTP=30.73ms,AppSW=off,FrmEarly=22,FrmLate=11,FrmCpu=0.69ms,FrmGpu=12.71ms,FrmTime=22.53ms,ATWGPU=1.59ms,VsyncDelay=3,GPU=87%/587Mhz,GPUTemp=76.8C,LayerCnt=3,Pkg=org.meumeu.wivrn.nx.warp,FrmId=2923
09-11 05:03:33.557  9658 19819 I WiVRn   : [2026-09-11 05:03:33.557] [WiVRn] [info] nxwarp[0]: 109 frames in 2.0 s: 240113 B/frame, wait-prev 0.0 ms, wall 15.8 ms, nxvc passA 4.3 passB 8.1 gpu 12.4 ms; holes 1, refused 0
09-11 05:03:33.557  9658 19819 I WiVRn   : [2026-09-11 05:03:33.557] [WiVRn] [info] nxwarp[0] gpu duty 676 ms/s (68% of one GPU) for decode alone; the display pass is extra
09-11 05:03:33.557  9658 19819 I WiVRn   : [2026-09-11 05:03:33.557] [WiVRn] [info] nxwarp[0] passB 8.1 ms = warp 0.0 + skip 0.0 + coded 0.0 + dir 0.0 + other 8.1; tiles skip 0 / coded 3528 / dir 0 (eye pass 0)
09-11 05:03:33.557  9658 19819 I WiVRn   : [2026-09-11 05:03:33.557] [WiVRn] [info] nxwarp[0]: 77 frames dropped late (queue kept to 1)
09-11 05:03:33.557  9658 19819 I WiVRn   : [2026-09-11 05:03:33.557] [WiVRn] [info] nxwarp[0] stage: gap 2.5 | wait-prev 0.0 | submit 1.4 (qlock 0.0 + codec 1.4) | get_free 0.0 | fence-pre 0.0 | record 0.0 | qsubmit 0.0 | fence-post 14.4 | publish 0.0 ms; withheld 0, stride 1, arrival 18.1 ms
09-11 05:03:33.557  9658 19819 I WiVRn   : [2026-09-11 05:03:33.557] [WiVRn] [info] nxwarp[0] reassembly (network thread): 0.20 ms/frame over 110 frames, buffer 235 kB held for 235 kB of unit (1.0x)
09-11 05:03:33.557  9658 19819 I WiVRn   : [2026-09-11 05:03:33.557] [WiVRn] [info] nxwarp[0] fence-post 14.4 ms = nxvc gpu 12.4 + copy gpu 0.00 + queue 2.0 (over 109 frames with timestamps)
09-11 05:03:33.582  9658 19767 I WiVRn   : [2026-09-11 05:03:33.582] [WiVRn] [info] render: 162 iterations in 2.0 s (80.8/s), 162 submitted a layer, 109 new-source, 0 skipped by the repeat gate, 0 with nothing to show; display period 12.3 ms
09-11 05:03:33.582  9658 19767 I WiVRn   : [2026-09-11 05:03:33.582] [WiVRn] [info] render: ready wait attempts 63 success 10 total 56.382 ms | selected older than available 0
09-11 05:03:33.582  9658 19767 I WiVRn   : [2026-09-11 05:03:33.582] [WiVRn] [info] render: selected source transitions forward 109 backward 0 repeat 53, greatest forward gap 1
09-11 05:03:33.582  9658 19767 I WiVRn   : [2026-09-11 05:03:33.582] [WiVRn] [info] render: this app's own GPU pass 3.2 ms per iteration
09-11 05:03:33.582  9658 19767 I WiVRn   : [2026-09-11 05:03:33.582] [WiVRn] [info] render: defoveate 2688x2688 per eye x2 = 14.45 Mpx/frame at scale 1.00 atlas-prototype 0; 53 re-presented from the cache (reduce_gpu_load on)
09-11 05:03:33.582  9658 19767 I WiVRn   : [2026-09-11 05:03:33.582] [WiVRn] [info] render: shader path sharpness 0.00 fsr false alpha false motion false blend false glow 0.00 vignette 0.00 deband 0.00 lowpoly 0.00 levels 0 full-kernel false
09-11 05:03:33.582  9658 19767 I WiVRn   : [2026-09-11 05:03:33.582] [WiVRn] [info] render: per iteration fence 2.5 (worst 12.5) | queries 0.0 | submit 0.0 | whole render() 3.4 ms
09-11 05:03:33.582  9658 19767 I WiVRn   : [2026-09-11 05:03:33.582] [WiVRn] [info] render: selection-to-defoveate CPU 0.049 ms mean (max 0.101) over 109 actual defoveate calls; not GPU/photon latency
09-11 05:03:33.582  9658 19767 I WiVRn   : [2026-09-11 05:03:33.582] [WiVRn] [info] render: jit on | wake slack 44.8 ms | slept 5.0 ms mean (max 5.0, 162 of 162 iterations) | budget 13.9 = pass 12.9 + margin 1.0 | sleep cap 5.0 ms
09-11 05:03:33.582  9658 19767 I WiVRn   : [2026-09-11 05:03:33.582] [WiVRn] [info] render: source display-time offset 75.6 ms mean (worst 88.9) over 162 frames | submit lead 36.4 ms mean (worst 21.1) | misses: 0 overrun 0 late 0 skipped refresh
09-11 05:03:33.582  9658 19767 I WiVRn   : [2026-09-11 05:03:33.582] [WiVRn] [info] render: source->first 5.8 ms | wire 8.5 | queue 2.2 | decode 15.8 | decode->selection 6.5 | selection->predicted 36.9 | sum 75.6 over 162 selected frames (0 invalid)
09-11 05:03:34.048  9658 19822 I WiVRn   : [2026-09-11 05:03:34.048] [WiVRn] [info] Tracking pattern (11110µs):
09-11 05:03:34.048  9658 19822 I WiVRn   : [2026-09-11 05:03:34.048] [WiVRn] [info] 	t+3236µs HEAD (7873µs)
09-11 05:03:34.048  9658 19822 I WiVRn   : [2026-09-11 05:03:34.048] [WiVRn] [info] 	t+3274µs LEFT_GRIP (7835µs)
09-11 05:03:34.048  9658 19822 I WiVRn   : [2026-09-11 05:03:34.048] [WiVRn] [info] 	t+3281µs RIGHT_GRIP (7828µs)
09-11 05:03:34.048  9658 19822 I WiVRn   : [2026-09-11 05:03:34.048] [WiVRn] [info] 	t+6236µs HEAD (4873µs)
09-11 05:03:34.048  9658 19822 I WiVRn   : [2026-09-11 05:03:34.048] [WiVRn] [info] 	t+6274µs LEFT_GRIP (4835µs)
09-11 05:03:34.048  9658 19822 I WiVRn   : [2026-09-11 05:03:34.048] [WiVRn] [info] 	t+6281µs RIGHT_GRIP (4828µs)
09-11 05:03:34.155  9658 19763 I PxrMetric: FPS=76/90,MTP=33.72ms,AppSW=off,FrmEarly=16,FrmLate=12,FrmCpu=0.81ms,FrmGpu=11.95ms,FrmTime=18.81ms,ATWGPU=1.59ms,VsyncDelay=2,GPU=94%/587Mhz,GPUTemp=76.4C,LayerCnt=3,Pkg=org.meumeu.wivrn.nx.warp,FrmId=3007
09-11 05:03:34.776  9658 19817 I WiVRn   : [2026-09-11 05:03:34.776] [WiVRn] [info] nxwarp[0] net: 108 frames closed in 2.0 s, 0 with a hole, 0 out-of-order datagrams, 0 frames completed late, 0 queued for the worker, 1849 decoded so far, 2019 stragglers dropped; last hole 1890/2016 chunks, first missing 1527, short false, chunk 1166 B; worker phase idle
09-11 05:03:34.776  9658 19817 I WiVRn   : [2026-09-11 05:03:34.776] [WiVRn] [info] nxwarp[0] net: 0.025 ms per datagram over 33854 datagrams (424.86 ms of every second)
09-11 05:03:34.776  9658 19817 I WiVRn   : [2026-09-11 05:03:34.776] [WiVRn] [info] nxwarp[0] sel: stride 1, arrival 19.6 ms, dropped-late 77, withheld 0, decoded 1849
09-11 05:03:34.776  9658 19817 I WiVRn   : [2026-09-11 05:03:34.776] [WiVRn] [info] nxwarp[0] rx: 626598 datagrams, placed 4820417 (+381024), late 325730 (+8593), stale_frame 0, bad_range 0, bad_dir 0, bad_caps 0, bad_ver 0, auth_fail 0, replay 0, frozen 0, dup 289
09-11 05:03:35.048  9658 19822 I WiVRn   : [2026-09-11 05:03:35.048] [WiVRn] [info] Tracking pattern (11109µs):
09-11 05:03:35.048  9658 19822 I WiVRn   : [2026-09-11 05:03:35.048] [WiVRn] [info] 	t+3617µs HEAD (7491µs)
09-11 05:03:35.048  9658 19822 I WiVRn   : [2026-09-11 05:03:35.048] [WiVRn] [info] 	t+3675µs LEFT_GRIP (7434µs)
09-11 05:03:35.048  9658 19822 I WiVRn   : [2026-09-11 05:03:35.048] [WiVRn] [info] 	t+3681µs RIGHT_GRIP (7427µs)
09-11 05:03:35.048  9658 19822 I WiVRn   : [2026-09-11 05:03:35.048] [WiVRn] [info] 	t+6617µs HEAD (4491µs)
09-11 05:03:35.048  9658 19822 I WiVRn   : [2026-09-11 05:03:35.048] [WiVRn] [info] 	t+6675µs LEFT_GRIP (4434µs)
09-11 05:03:35.048  9658 19822 I WiVRn   : [2026-09-11 05:03:35.048] [WiVRn] [info] 	t+6681µs RIGHT_GRIP (4427µs)
09-11 05:03:35.170  9658 19763 I PxrMetric: FPS=83/90,MTP=39.12ms,AppSW=off,FrmEarly=24,FrmLate=15,FrmCpu=0.74ms,FrmGpu=12.93ms,FrmTime=19.58ms,ATWGPU=1.59ms,VsyncDelay=2,GPU=93%/587Mhz,GPUTemp=76.0C,LayerCnt=3,Pkg=org.meumeu.wivrn.nx.warp,FrmId=3083
09-11 05:03:35.559  9658 19819 I WiVRn   : [2026-09-11 05:03:35.559] [WiVRn] [info] nxwarp[0]: 107 frames in 2.0 s: 258889 B/frame, wait-prev 0.0 ms, wall 16.2 ms, nxvc passA 4.7 passB 8.3 gpu 13.0 ms; holes 1, refused 0
09-11 05:03:35.559  9658 19819 I WiVRn   : [2026-09-11 05:03:35.559] [WiVRn] [info] nxwarp[0] gpu duty 693 ms/s (69% of one GPU) for decode alone; the display pass is extra
09-11 05:03:35.559  9658 19819 I WiVRn   : [2026-09-11 05:03:35.559] [WiVRn] [info] nxwarp[0] passB 8.3 ms = warp 0.0 + skip 0.0 + coded 0.0 + dir 0.0 + other 8.3; tiles skip 0 / coded 3528 / dir 0 (eye pass 0)
09-11 05:03:35.559  9658 19819 I WiVRn   : [2026-09-11 05:03:35.559] [WiVRn] [info] nxwarp[0]: 77 frames dropped late (queue kept to 1)
09-11 05:03:35.559  9658 19819 I WiVRn   : [2026-09-11 05:03:35.559] [WiVRn] [info] nxwarp[0] stage: gap 2.5 | wait-prev 0.0 | submit 1.4 (qlock 0.0 + codec 1.4) | get_free 0.0 | fence-pre 0.0 | record 0.0 | qsubmit 0.0 | fence-post 14.7 | publish 0.0 ms; withheld 0, stride 1, arrival 19.2 ms
09-11 05:03:35.559  9658 19819 I WiVRn   : [2026-09-11 05:03:35.559] [WiVRn] [info] nxwarp[0] reassembly (network thread): 0.20 ms/frame over 106 frames, buffer 253 kB held for 253 kB of unit (1.0x)
09-11 05:03:35.559  9658 19819 I WiVRn   : [2026-09-11 05:03:35.559] [WiVRn] [info] nxwarp[0] fence-post 14.7 ms = nxvc gpu 13.0 + copy gpu 0.00 + queue 1.7 (over 107 frames with timestamps)
09-11 05:03:35.583  9658 19767 I WiVRn   : [2026-09-11 05:03:35.583] [WiVRn] [info] render: 150 iterations in 2.0 s (74.9/s), 150 submitted a layer, 107 new-source, 0 skipped by the repeat gate, 0 with nothing to show; display period 13.4 ms
09-11 05:03:35.583  9658 19767 I WiVRn   : [2026-09-11 05:03:35.583] [WiVRn] [info] render: ready wait attempts 51 success 8 total 45.755 ms | selected older than available 0
09-11 05:03:35.583  9658 19767 I WiVRn   : [2026-09-11 05:03:35.583] [WiVRn] [info] render: selected source transitions forward 107 backward 0 repeat 43, greatest forward gap 1
09-11 05:03:35.583  9658 19767 I WiVRn   : [2026-09-11 05:03:35.583] [WiVRn] [info] render: this app's own GPU pass 3.5 ms per iteration
09-11 05:03:35.583  9658 19767 I WiVRn   : [2026-09-11 05:03:35.583] [WiVRn] [info] render: defoveate 2688x2688 per eye x2 = 14.45 Mpx/frame at scale 1.00 atlas-prototype 0; 43 re-presented from the cache (reduce_gpu_load on)
09-11 05:03:35.583  9658 19767 I WiVRn   : [2026-09-11 05:03:35.583] [WiVRn] [info] render: shader path sharpness 0.00 fsr false alpha false motion false blend false glow 0.00 vignette 0.00 deband 0.00 lowpoly 0.00 levels 0 full-kernel false
09-11 05:03:35.583  9658 19767 I WiVRn   : [2026-09-11 05:03:35.583] [WiVRn] [info] render: per iteration fence 3.2 (worst 13.5) | queries 0.0 | submit 0.0 | whole render() 4.1 ms
09-11 05:03:35.583  9658 19767 I WiVRn   : [2026-09-11 05:03:35.583] [WiVRn] [info] render: selection-to-defoveate CPU 0.050 ms mean (max 0.104) over 107 actual defoveate calls; not GPU/photon latency
09-11 05:03:35.583  9658 19767 I WiVRn   : [2026-09-11 05:03:35.583] [WiVRn] [info] render: jit on | wake slack 45.1 ms | slept 5.0 ms mean (max 5.0, 150 of 150 iterations) | budget 14.6 = pass 13.6 + margin 1.0 | sleep cap 5.0 ms
09-11 05:03:35.583  9658 19767 I WiVRn   : [2026-09-11 05:03:35.583] [WiVRn] [info] render: source display-time offset 77.3 ms mean (worst 100.3) over 150 frames | submit lead 36.0 ms mean (worst 20.7) | misses: 0 overrun 0 late 0 skipped refresh
09-11 05:03:35.583  9658 19767 I WiVRn   : [2026-09-11 05:03:35.583] [WiVRn] [info] render: source->first 6.7 ms | wire 9.3 | queue 2.1 | decode 16.0 | decode->selection 6.7 | selection->predicted 36.6 | sum 77.3 over 150 selected frames (0 invalid)
09-11 05:03:36.060  9658 19822 I WiVRn   : [2026-09-11 05:03:36.060] [WiVRn] [info] Tracking pattern (11112µs):
09-11 05:03:36.060  9658 19822 I WiVRn   : [2026-09-11 05:03:36.060] [WiVRn] [info] 	t+3864µs HEAD (7247µs)
09-11 05:03:36.060  9658 19822 I WiVRn   : [2026-09-11 05:03:36.060] [WiVRn] [info] 	t+3922µs LEFT_GRIP (7189µs)
09-11 05:03:36.060  9658 19822 I WiVRn   : [2026-09-11 05:03:36.060] [WiVRn] [info] 	t+3929µs RIGHT_GRIP (7183µs)
09-11 05:03:36.060  9658 19822 I WiVRn   : [2026-09-11 05:03:36.060] [WiVRn] [info] 	t+6864µs HEAD (4247µs)
09-11 05:03:36.060  9658 19822 I WiVRn   : [2026-09-11 05:03:36.060] [WiVRn] [info] 	t+6922µs LEFT_GRIP (4189µs)
09-11 05:03:36.060  9658 19822 I WiVRn   : [2026-09-11 05:03:36.060] [WiVRn] [info] 	t+6929µs RIGHT_GRIP (4183µs)
09-11 05:03:36.173  9658 19763 I PxrMetric: FPS=75/90,MTP=25.59ms,AppSW=off,FrmEarly=22,FrmLate=16,FrmCpu=0.62ms,FrmGpu=15.71ms,FrmTime=29.45ms,ATWGPU=1.60ms,VsyncDelay=2,GPU=99%/587Mhz,GPUTemp=75.6C,LayerCnt=3,Pkg=org.meumeu.wivrn.nx.warp,FrmId=3154
09-11 05:03:36.798  9658 19817 I WiVRn   : [2026-09-11 05:03:36.798] [WiVRn] [info] nxwarp[0] net: 107 frames closed in 2.0 s, 0 with a hole, 0 out-of-order datagrams, 0 frames completed late, 0 queued for the worker, 1956 decoded so far, 2126 stragglers dropped; last hole 1890/2016 chunks, first missing 1527, short false, chunk 1166 B; worker phase idle
09-11 05:03:36.798  9658 19817 I WiVRn   : [2026-09-11 05:03:36.798] [WiVRn] [info] nxwarp[0] net: 0.025 ms per datagram over 35951 datagrams (443.34 ms of every second)
09-11 05:03:36.798  9658 19817 I WiVRn   : [2026-09-11 05:03:36.798] [WiVRn] [info] nxwarp[0] sel: stride 1, arrival 17.6 ms, dropped-late 77, withheld 0, decoded 1956
09-11 05:03:36.798  9658 19817 I WiVRn   : [2026-09-11 05:03:36.798] [WiVRn] [info] nxwarp[0] rx: 662549 datagrams, placed 5171537 (+351120), late 343168 (+17438), stale_frame 0, bad_range 0, bad_dir 0, bad_caps 0, bad_ver 0, auth_fail 0, replay 0, frozen 0, dup 300
09-11 05:03:37.048  9658 19822 I WiVRn   : [2026-09-11 05:03:37.048] [WiVRn] [info] Tracking pattern (11106µs):
09-11 05:03:37.049  9658 19822 I WiVRn   : [2026-09-11 05:03:37.049] [WiVRn] [info] 	t+3866µs HEAD (7239µs)
09-11 05:03:37.049  9658 19822 I WiVRn   : [2026-09-11 05:03:37.049] [WiVRn] [info] 	t+3936µs LEFT_GRIP (7169µs)
09-11 05:03:37.049  9658 19822 I WiVRn   : [2026-09-11 05:03:37.049] [WiVRn] [info] 	t+3944µs RIGHT_GRIP (7162µs)
09-11 05:03:37.049  9658 19822 I WiVRn   : [2026-09-11 05:03:37.049] [WiVRn] [info] 	t+6866µs HEAD (4239µs)
09-11 05:03:37.049  9658 19822 I WiVRn   : [2026-09-11 05:03:37.049] [WiVRn] [info] 	t+6936µs LEFT_GRIP (4169µs)
09-11 05:03:37.049  9658 19822 I WiVRn   : [2026-09-11 05:03:37.049] [WiVRn] [info] 	t+6944µs RIGHT_GRIP (4162µs)
09-11 05:03:37.181  9658 19763 I PxrMetric: FPS=71/90,MTP=39.49ms,AppSW=off,FrmEarly=21,FrmLate=12,FrmCpu=0.72ms,FrmGpu=14.37ms,FrmTime=21.82ms,ATWGPU=1.59ms,VsyncDelay=2,GPU=99%/587Mhz,GPUTemp=75.6C,LayerCnt=3,Pkg=org.meumeu.wivrn.nx.warp,FrmId=3223
09-11 05:03:37.576  9658 19819 I WiVRn   : [2026-09-11 05:03:37.576] [WiVRn] [info] nxwarp[0]: 106 frames in 2.0 s: 268219 B/frame, wait-prev 0.0 ms, wall 16.4 ms, nxvc passA 4.8 passB 8.3 gpu 13.2 ms; holes 1, refused 0
09-11 05:03:37.576  9658 19819 I WiVRn   : [2026-09-11 05:03:37.576] [WiVRn] [info] nxwarp[0] gpu duty 691 ms/s (69% of one GPU) for decode alone; the display pass is extra
09-11 05:03:37.576  9658 19819 I WiVRn   : [2026-09-11 05:03:37.576] [WiVRn] [info] nxwarp[0] passB 8.3 ms = warp 0.0 + skip 0.0 + coded 0.0 + dir 0.0 + other 8.3; tiles skip 0 / coded 3528 / dir 0 (eye pass 0)
09-11 05:03:37.576  9658 19819 I WiVRn   : [2026-09-11 05:03:37.576] [WiVRn] [info] nxwarp[0]: 77 frames dropped late (queue kept to 1)
09-11 05:03:37.576  9658 19819 I WiVRn   : [2026-09-11 05:03:37.576] [WiVRn] [info] nxwarp[0] stage: gap 2.6 | wait-prev 0.0 | submit 1.5 (qlock 0.0 + codec 1.4) | get_free 0.0 | fence-pre 0.0 | record 0.0 | qsubmit 0.0 | fence-post 14.9 | publish 0.0 ms; withheld 0, stride 1, arrival 18.9 ms
09-11 05:03:37.576  9658 19819 I WiVRn   : [2026-09-11 05:03:37.576] [WiVRn] [info] nxwarp[0] reassembly (network thread): 0.21 ms/frame over 107 frames, buffer 262 kB held for 262 kB of unit (1.0x)
09-11 05:03:37.576  9658 19819 I WiVRn   : [2026-09-11 05:03:37.576] [WiVRn] [info] nxwarp[0] fence-post 14.9 ms = nxvc gpu 13.2 + copy gpu 0.00 + queue 1.7 (over 106 frames with timestamps)
09-11 05:03:37.595  9658 19767 I WiVRn   : [2026-09-11 05:03:37.595] [WiVRn] [info] render: 144 iterations in 2.0 s (71.7/s), 144 submitted a layer, 106 new-source, 0 skipped by the repeat gate, 0 with nothing to show; display period 13.9 ms
09-11 05:03:37.595  9658 19767 I WiVRn   : [2026-09-11 05:03:37.595] [WiVRn] [info] render: ready wait attempts 44 success 6 total 40.424 ms | selected older than available 0
09-11 05:03:37.595  9658 19767 I WiVRn   : [2026-09-11 05:03:37.595] [WiVRn] [info] render: selected source transitions forward 106 backward 0 repeat 38, greatest forward gap 1
09-11 05:03:37.595  9658 19767 I WiVRn   : [2026-09-11 05:03:37.595] [WiVRn] [info] render: this app's own GPU pass 3.6 ms per iteration
09-11 05:03:37.595  9658 19767 I WiVRn   : [2026-09-11 05:03:37.595] [WiVRn] [info] render: defoveate 2688x2688 per eye x2 = 14.45 Mpx/frame at scale 1.00 atlas-prototype 0; 38 re-presented from the cache (reduce_gpu_load on)
09-11 05:03:37.595  9658 19767 I WiVRn   : [2026-09-11 05:03:37.595] [WiVRn] [info] render: shader path sharpness 0.00 fsr false alpha false motion false blend false glow 0.00 vignette 0.00 deband 0.00 lowpoly 0.00 levels 0 full-kernel false
09-11 05:03:37.595  9658 19767 I WiVRn   : [2026-09-11 05:03:37.595] [WiVRn] [info] render: per iteration fence 3.0 (worst 13.8) | queries 0.0 | submit 0.0 | whole render() 3.9 ms
09-11 05:03:37.595  9658 19767 I WiVRn   : [2026-09-11 05:03:37.595] [WiVRn] [info] render: selection-to-defoveate CPU 0.049 ms mean (max 0.121) over 106 actual defoveate calls; not GPU/photon latency
09-11 05:03:37.595  9658 19767 I WiVRn   : [2026-09-11 05:03:37.595] [WiVRn] [info] render: jit on | wake slack 46.5 ms | slept 5.0 ms mean (max 5.0, 144 of 144 iterations) | budget 14.4 = pass 13.4 + margin 1.0 | sleep cap 5.0 ms
09-11 05:03:37.595  9658 19767 I WiVRn   : [2026-09-11 05:03:37.595] [WiVRn] [info] render: source display-time offset 79.4 ms mean (worst 100.4) over 144 frames | submit lead 37.6 ms mean (worst 23.5) | misses: 0 overrun 0 late 0 skipped refresh
09-11 05:03:37.595  9658 19767 I WiVRn   : [2026-09-11 05:03:37.595] [WiVRn] [info] render: source->first 6.7 ms | wire 9.4 | queue 1.9 | decode 16.3 | decode->selection 6.9 | selection->predicted 38.1 | sum 79.4 over 144 selected frames (0 invalid)
09-11 05:03:38.048  9658 19822 I WiVRn   : [2026-09-11 05:03:38.048] [WiVRn] [info] Tracking pattern (11111µs):
09-11 05:03:38.049  9658 19822 I WiVRn   : [2026-09-11 05:03:38.049] [WiVRn] [info] 	t+3705µs HEAD (7406µs)
09-11 05:03:38.049  9658 19822 I WiVRn   : [2026-09-11 05:03:38.049] [WiVRn] [info] 	t+3770µs LEFT_GRIP (7341µs)
09-11 05:03:38.049  9658 19822 I WiVRn   : [2026-09-11 05:03:38.049] [WiVRn] [info] 	t+3777µs RIGHT_GRIP (7334µs)
09-11 05:03:38.049  9658 19822 I WiVRn   : [2026-09-11 05:03:38.049] [WiVRn] [info] 	t+6705µs HEAD (4406µs)
09-11 05:03:38.049  9658 19822 I WiVRn   : [2026-09-11 05:03:38.049] [WiVRn] [info] 	t+6770µs LEFT_GRIP (4341µs)
09-11 05:03:38.049  9658 19822 I WiVRn   : [2026-09-11 05:03:38.049] [WiVRn] [info] 	t+6777µs RIGHT_GRIP (4334µs)
09-11 05:03:38.189  9658 19763 I PxrMetric: FPS=68/90,MTP=39.38ms,AppSW=off,FrmEarly=28,FrmLate=2,FrmCpu=0.90ms,FrmGpu=9.72ms,FrmTime=16.13ms,ATWGPU=1.59ms,VsyncDelay=2,GPU=94%/587Mhz,GPUTemp=75.6C,LayerCnt=3,Pkg=org.meumeu.wivrn.nx.warp,FrmId=3308
09-11 05:03:38.818  9658 19817 I WiVRn   : [2026-09-11 05:03:38.818] [WiVRn] [info] nxwarp[0] net: 107 frames closed in 2.0 s, 0 with a hole, 0 out-of-order datagrams, 0 frames completed late, 0 queued for the worker, 2063 decoded so far, 2233 stragglers dropped; last hole 1890/2016 chunks, first missing 1527, short false, chunk 1166 B; worker phase idle
09-11 05:03:38.818  9658 19817 I WiVRn   : [2026-09-11 05:03:38.818] [WiVRn] [info] nxwarp[0] net: 0.025 ms per datagram over 33802 datagrams (423.27 ms of every second)
09-11 05:03:38.818  9658 19817 I WiVRn   : [2026-09-11 05:03:38.818] [WiVRn] [info] nxwarp[0] sel: stride 1, arrival 17.5 ms, dropped-late 77, withheld 0, decoded 2063
09-11 05:03:38.818  9658 19817 I WiVRn   : [2026-09-11 05:03:38.818] [WiVRn] [info] nxwarp[0] rx: 696351 datagrams, placed 5525926 (+354389), late 350877 (+7709), stale_frame 0, bad_range 0, bad_dir 0, bad_caps 0, bad_ver 0, auth_fail 0, replay 0, frozen 0, dup 310
09-11 05:03:39.048  9658 19822 I WiVRn   : [2026-09-11 05:03:39.048] [WiVRn] [info] Tracking pattern (11106µs):
09-11 05:03:39.049  9658 19822 I WiVRn   : [2026-09-11 05:03:39.049] [WiVRn] [info] 	t+3780µs HEAD (7325µs)
09-11 05:03:39.049  9658 19822 I WiVRn   : [2026-09-11 05:03:39.049] [WiVRn] [info] 	t+3818µs LEFT_GRIP (7287µs)
09-11 05:03:39.049  9658 19822 I WiVRn   : [2026-09-11 05:03:39.049] [WiVRn] [info] 	t+3825µs RIGHT_GRIP (7280µs)
09-11 05:03:39.049  9658 19822 I WiVRn   : [2026-09-11 05:03:39.049] [WiVRn] [info] 	t+6780µs HEAD (4325µs)
09-11 05:03:39.049  9658 19822 I WiVRn   : [2026-09-11 05:03:39.049] [WiVRn] [info] 	t+6818µs LEFT_GRIP (4287µs)
09-11 05:03:39.049  9658 19822 I WiVRn   : [2026-09-11 05:03:39.049] [WiVRn] [info] 	t+6825µs RIGHT_GRIP (4280µs)
09-11 05:03:39.189  9658 19763 I PxrMetric: FPS=84/90,MTP=37.90ms,AppSW=off,FrmEarly=34,FrmLate=7,FrmCpu=0.84ms,FrmGpu=10.72ms,FrmTime=18.00ms,ATWGPU=1.59ms,VsyncDelay=2,GPU=63%/587Mhz,GPUTemp=76.8C,LayerCnt=3,Pkg=org.meumeu.wivrn.nx.warp,FrmId=3392
09-11 05:03:39.578  9658 19819 I WiVRn   : [2026-09-11 05:03:39.578] [WiVRn] [info] nxwarp[0]: 107 frames in 2.0 s: 243475 B/frame, wait-prev 0.0 ms, wall 16.0 ms, nxvc passA 4.4 passB 8.2 gpu 12.6 ms; holes 1, refused 0
09-11 05:03:39.578  9658 19819 I WiVRn   : [2026-09-11 05:03:39.578] [WiVRn] [info] nxwarp[0] gpu duty 673 ms/s (67% of one GPU) for decode alone; the display pass is extra
09-11 05:03:39.578  9658 19819 I WiVRn   : [2026-09-11 05:03:39.578] [WiVRn] [info] nxwarp[0] passB 8.2 ms = warp 0.0 + skip 0.0 + coded 0.0 + dir 0.0 + other 8.2; tiles skip 0 / coded 3528 / dir 0 (eye pass 0)
09-11 05:03:39.578  9658 19819 I WiVRn   : [2026-09-11 05:03:39.578] [WiVRn] [info] nxwarp[0]: 77 frames dropped late (queue kept to 1)
09-11 05:03:39.578  9658 19819 I WiVRn   : [2026-09-11 05:03:39.578] [WiVRn] [info] nxwarp[0] stage: gap 2.7 | wait-prev 0.0 | submit 1.4 (qlock 0.0 + codec 1.4) | get_free 0.0 | fence-pre 0.0 | record 0.0 | qsubmit 0.0 | fence-post 14.6 | publish 0.0 ms; withheld 0, stride 1, arrival 17.4 ms
09-11 05:03:39.578  9658 19819 I WiVRn   : [2026-09-11 05:03:39.578] [WiVRn] [info] nxwarp[0] reassembly (network thread): 0.19 ms/frame over 107 frames, buffer 238 kB held for 238 kB of unit (1.0x)
09-11 05:03:39.578  9658 19819 I WiVRn   : [2026-09-11 05:03:39.578] [WiVRn] [info] nxwarp[0] fence-post 14.6 ms = nxvc gpu 12.6 + copy gpu 0.00 + queue 2.0 (over 107 frames with timestamps)
09-11 05:03:39.597  9658 19767 I WiVRn   : [2026-09-11 05:03:39.597] [WiVRn] [info] render: 173 iterations in 2.0 s (86.2/s), 173 submitted a layer, 107 new-source, 0 skipped by the repeat gate, 0 with nothing to show; display period 11.6 ms
09-11 05:03:39.598  9658 19767 I WiVRn   : [2026-09-11 05:03:39.598] [WiVRn] [info] render: ready wait attempts 89 success 23 total 70.686 ms | selected older than available 0
09-11 05:03:39.598  9658 19767 I WiVRn   : [2026-09-11 05:03:39.598] [WiVRn] [info] render: selected source transitions forward 107 backward 0 repeat 66, greatest forward gap 1
09-11 05:03:39.598  9658 19767 I WiVRn   : [2026-09-11 05:03:39.598] [WiVRn] [info] render: this app's own GPU pass 2.9 ms per iteration
09-11 05:03:39.598  9658 19767 I WiVRn   : [2026-09-11 05:03:39.598] [WiVRn] [info] render: defoveate 2688x2688 per eye x2 = 14.45 Mpx/frame at scale 1.00 atlas-prototype 0; 66 re-presented from the cache (reduce_gpu_load on)
09-11 05:03:39.598  9658 19767 I WiVRn   : [2026-09-11 05:03:39.598] [WiVRn] [info] render: shader path sharpness 0.00 fsr false alpha false motion false blend false glow 0.00 vignette 0.00 deband 0.00 lowpoly 0.00 levels 0 full-kernel false
09-11 05:03:39.598  9658 19767 I WiVRn   : [2026-09-11 05:03:39.598] [WiVRn] [info] render: per iteration fence 1.8 (worst 13.5) | queries 0.0 | submit 0.0 | whole render() 2.8 ms
09-11 05:03:39.598  9658 19767 I WiVRn   : [2026-09-11 05:03:39.598] [WiVRn] [info] render: selection-to-defoveate CPU 0.049 ms mean (max 0.094) over 107 actual defoveate calls; not GPU/photon latency
09-11 05:03:39.598  9658 19767 I WiVRn   : [2026-09-11 05:03:39.598] [WiVRn] [info] render: jit on | wake slack 45.3 ms | slept 5.0 ms mean (max 5.0, 173 of 173 iterations) | budget 14.8 = pass 13.8 + margin 1.0 | sleep cap 5.0 ms
09-11 05:03:39.598  9658 19767 I WiVRn   : [2026-09-11 05:03:39.598] [WiVRn] [info] render: source display-time offset 76.9 ms mean (worst 89.5) over 173 frames | submit lead 37.5 ms mean (worst 20.2) | misses: 0 overrun 0 late 0 skipped refresh
09-11 05:03:39.598  9658 19767 I WiVRn   : [2026-09-11 05:03:39.598] [WiVRn] [info] render: source->first 6.3 ms | wire 8.4 | queue 1.7 | decode 15.9 | decode->selection 6.5 | selection->predicted 38.0 | sum 76.9 over 173 selected frames (0 invalid)
09-11 05:03:40.060  9658 19822 I WiVRn   : [2026-09-11 05:03:40.060] [WiVRn] [info] Tracking pattern (11109µs):
09-11 05:03:40.060  9658 19822 I WiVRn   : [2026-09-11 05:03:40.060] [WiVRn] [info] 	t+3539µs HEAD (7570µs)
09-11 05:03:40.060  9658 19822 I WiVRn   : [2026-09-11 05:03:40.060] [WiVRn] [info] 	t+3582µs LEFT_GRIP (7527µs)
09-11 05:03:40.060  9658 19822 I WiVRn   : [2026-09-11 05:03:40.060] [WiVRn] [info] 	t+3590µs RIGHT_GRIP (7519µs)
09-11 05:03:40.060  9658 19822 I WiVRn   : [2026-09-11 05:03:40.060] [WiVRn] [info] 	t+6539µs HEAD (4570µs)
09-11 05:03:40.060  9658 19822 I WiVRn   : [2026-09-11 05:03:40.060] [WiVRn] [info] 	t+6582µs LEFT_GRIP (4527µs)
09-11 05:03:40.060  9658 19822 I WiVRn   : [2026-09-11 05:03:40.060] [WiVRn] [info] 	t+6590µs RIGHT_GRIP (4519µs)
09-11 05:03:40.197  9658 19763 I PxrMetric: FPS=84/90,MTP=37.21ms,AppSW=off,FrmEarly=29,FrmLate=2,FrmCpu=0.88ms,FrmGpu=9.96ms,FrmTime=16.86ms,ATWGPU=1.59ms,VsyncDelay=2,GPU=94%/587Mhz,GPUTemp=76.4C,LayerCnt=3,Pkg=org.meumeu.wivrn.nx.warp,FrmId=3481
09-11 05:03:40.830  9658 19817 I WiVRn   : [2026-09-11 05:03:40.830] [WiVRn] [info] nxwarp[0] net: 108 frames closed in 2.0 s, 0 with a hole, 0 out-of-order datagrams, 0 frames completed late, 0 queued for the worker, 2170 decoded so far, 2343 stragglers dropped; last hole 1890/2016 chunks, first missing 1527, short false, chunk 1166 B; worker phase copy-fence-wait
09-11 05:03:40.830  9658 19817 I WiVRn   : [2026-09-11 05:03:40.830] [WiVRn] [info] nxwarp[0] net: 0.025 ms per datagram over 32463 datagrams (409.20 ms of every second)
09-11 05:03:40.830  9658 19817 I WiVRn   : [2026-09-11 05:03:40.830] [WiVRn] [info] nxwarp[0] sel: stride 1, arrival 17.5 ms, dropped-late 77, withheld 0, decoded 2170
09-11 05:03:40.830  9658 19817 I WiVRn   : [2026-09-11 05:03:40.830] [WiVRn] [info] nxwarp[0] rx: 728814 datagrams, placed 5860479 (+334553), late 353354 (+2477), stale_frame 0, bad_range 0, bad_dir 0, bad_caps 0, bad_ver 0, auth_fail 0, replay 0, frozen 0, dup 312
09-11 05:03:41.049  9658 19822 I WiVRn   : [2026-09-11 05:03:41.049] [WiVRn] [info] Tracking pattern (11108µs):
09-11 05:03:41.049  9658 19822 I WiVRn   : [2026-09-11 05:03:41.049] [WiVRn] [info] 	t+3783µs HEAD (7324µs)
09-11 05:03:41.049  9658 19822 I WiVRn   : [2026-09-11 05:03:41.049] [WiVRn] [info] 	t+3846µs LEFT_GRIP (7261µs)
09-11 05:03:41.049  9658 19822 I WiVRn   : [2026-09-11 05:03:41.049] [WiVRn] [info] 	t+3854µs RIGHT_GRIP (7253µs)
09-11 05:03:41.049  9658 19822 I WiVRn   : [2026-09-11 05:03:41.049] [WiVRn] [info] 	t+6783µs HEAD (4324µs)
09-11 05:03:41.049  9658 19822 I WiVRn   : [2026-09-11 05:03:41.049] [WiVRn] [info] 	t+6846µs LEFT_GRIP (4261µs)
09-11 05:03:41.049  9658 19822 I WiVRn   : [2026-09-11 05:03:41.049] [WiVRn] [info] 	t+6854µs RIGHT_GRIP (4253µs)
09-11 05:03:41.200  9658 19763 I PxrMetric: FPS=89/90,MTP=31.85ms,AppSW=off,FrmEarly=33,FrmLate=10,FrmCpu=0.82ms,FrmGpu=11.47ms,FrmTime=18.70ms,ATWGPU=1.59ms,VsyncDelay=2,GPU=93%/587Mhz,GPUTemp=75.6C,LayerCnt=3,Pkg=org.meumeu.wivrn.nx.warp,FrmId=3565
09-11 05:03:41.592  9658 19819 I WiVRn   : [2026-09-11 05:03:41.592] [WiVRn] [info] nxwarp[0]: 107 frames in 2.0 s: 249746 B/frame, wait-prev 0.0 ms, wall 16.3 ms, nxvc passA 4.5 passB 8.2 gpu 12.7 ms; holes 1, refused 0
09-11 05:03:41.592  9658 19819 I WiVRn   : [2026-09-11 05:03:41.592] [WiVRn] [info] nxwarp[0] gpu duty 675 ms/s (68% of one GPU) for decode alone; the display pass is extra
09-11 05:03:41.592  9658 19819 I WiVRn   : [2026-09-11 05:03:41.592] [WiVRn] [info] nxwarp[0] passB 8.2 ms = warp 0.0 + skip 0.0 + coded 0.0 + dir 0.0 + other 8.2; tiles skip 0 / coded 3528 / dir 0 (eye pass 0)
09-11 05:03:41.592  9658 19819 I WiVRn   : [2026-09-11 05:03:41.592] [WiVRn] [info] nxwarp[0]: 77 frames dropped late (queue kept to 1)
09-11 05:03:41.592  9658 19819 I WiVRn   : [2026-09-11 05:03:41.592] [WiVRn] [info] nxwarp[0] stage: gap 2.5 | wait-prev 0.0 | submit 1.4 (qlock 0.0 + codec 1.4) | get_free 0.0 | fence-pre 0.0 | record 0.0 | qsubmit 0.0 | fence-post 14.9 | publish 0.0 ms; withheld 0, stride 1, arrival 19.8 ms
09-11 05:03:41.592  9658 19819 I WiVRn   : [2026-09-11 05:03:41.592] [WiVRn] [info] nxwarp[0] reassembly (network thread): 0.17 ms/frame over 106 frames, buffer 244 kB held for 244 kB of unit (1.0x)
09-11 05:03:41.592  9658 19819 I WiVRn   : [2026-09-11 05:03:41.592] [WiVRn] [info] nxwarp[0] fence-post 14.9 ms = nxvc gpu 12.7 + copy gpu 0.00 + queue 2.2 (over 107 frames with timestamps)
09-11 05:03:41.604  9658 19767 I WiVRn   : [2026-09-11 05:03:41.604] [WiVRn] [info] render: 173 iterations in 2.0 s (86.2/s), 173 submitted a layer, 106 new-source, 0 skipped by the repeat gate, 0 with nothing to show; display period 11.6 ms
09-11 05:03:41.604  9658 19767 I WiVRn   : [2026-09-11 05:03:41.604] [WiVRn] [info] render: ready wait attempts 91 success 24 total 71.744 ms | selected older than available 0
09-11 05:03:41.604  9658 19767 I WiVRn   : [2026-09-11 05:03:41.604] [WiVRn] [info] render: selected source transitions forward 106 backward 0 repeat 67, greatest forward gap 1
09-11 05:03:41.604  9658 19767 I WiVRn   : [2026-09-11 05:03:41.604] [WiVRn] [info] render: this app's own GPU pass 2.9 ms per iteration
09-11 05:03:41.604  9658 19767 I WiVRn   : [2026-09-11 05:03:41.604] [WiVRn] [info] render: defoveate 2688x2688 per eye x2 = 14.45 Mpx/frame at scale 1.00 atlas-prototype 0; 67 re-presented from the cache (reduce_gpu_load on)
09-11 05:03:41.604  9658 19767 I WiVRn   : [2026-09-11 05:03:41.604] [WiVRn] [info] render: shader path sharpness 0.00 fsr false alpha false motion false blend false glow 0.00 vignette 0.00 deband 0.00 lowpoly 0.00 levels 0 full-kernel false
09-11 05:03:41.604  9658 19767 I WiVRn   : [2026-09-11 05:03:41.604] [WiVRn] [info] render: per iteration fence 2.0 (worst 13.2) | queries 0.0 | submit 0.0 | whole render() 3.0 ms
09-11 05:03:41.604  9658 19767 I WiVRn   : [2026-09-11 05:03:41.604] [WiVRn] [info] render: selection-to-defoveate CPU 0.052 ms mean (max 0.111) over 106 actual defoveate calls; not GPU/photon latency
09-11 05:03:41.604  9658 19767 I WiVRn   : [2026-09-11 05:03:41.604] [WiVRn] [info] render: jit on | wake slack 44.4 ms | slept 5.0 ms mean (max 5.0, 173 of 173 iterations) | budget 14.8 = pass 13.8 + margin 1.0 | sleep cap 5.0 ms
09-11 05:03:41.604  9658 19767 I WiVRn   : [2026-09-11 05:03:41.604] [WiVRn] [info] render: source display-time offset 76.3 ms mean (worst 89.6) over 173 frames | submit lead 36.4 ms mean (worst 20.8) | misses: 0 overrun 0 late 0 skipped refresh
09-11 05:03:41.604  9658 19767 I WiVRn   : [2026-09-11 05:03:41.604] [WiVRn] [info] render: source->first 6.3 ms | wire 8.4 | queue 2.0 | decode 16.2 | decode->selection 6.4 | selection->predicted 36.9 | sum 76.3 over 173 selected frames (0 invalid)
09-11 05:03:42.049  9658 19822 I WiVRn   : [2026-09-11 05:03:42.049] [WiVRn] [info] Tracking pattern (11111µs):
09-11 05:03:42.049  9658 19822 I WiVRn   : [2026-09-11 05:03:42.049] [WiVRn] [info] 	t+3389µs HEAD (7722µs)
09-11 05:03:42.049  9658 19822 I WiVRn   : [2026-09-11 05:03:42.049] [WiVRn] [info] 	t+3426µs LEFT_GRIP (7685µs)
09-11 05:03:42.049  9658 19822 I WiVRn   : [2026-09-11 05:03:42.049] [WiVRn] [info] 	t+3447µs RIGHT_GRIP (7663µs)
09-11 05:03:42.049  9658 19822 I WiVRn   : [2026-09-11 05:03:42.049] [WiVRn] [info] 	t+6389µs HEAD (4722µs)
09-11 05:03:42.049  9658 19822 I WiVRn   : [2026-09-11 05:03:42.049] [WiVRn] [info] 	t+6426µs LEFT_GRIP (4685µs)
09-11 05:03:42.049  9658 19822 I WiVRn   : [2026-09-11 05:03:42.049] [WiVRn] [info] 	t+6447µs RIGHT_GRIP (4663µs)
09-11 05:03:42.201  9658 19763 I PxrMetric: FPS=84/90,MTP=37.55ms,AppSW=off,FrmEarly=36,FrmLate=4,FrmCpu=0.91ms,FrmGpu=10.85ms,FrmTime=17.74ms,ATWGPU=1.59ms,VsyncDelay=2,GPU=94%/587Mhz,GPUTemp=76.0C,LayerCnt=3,Pkg=org.meumeu.wivrn.nx.warp,FrmId=3651
09-11 05:03:42.841  9658 19817 I WiVRn   : [2026-09-11 05:03:42.841] [WiVRn] [info] nxwarp[0] net: 105 frames closed in 2.0 s, 0 with a hole, 0 out-of-order datagrams, 0 frames completed late, 0 queued for the worker, 2276 decoded so far, 2453 stragglers dropped; last hole 1890/2016 chunks, first missing 1527, short false, chunk 1166 B; worker phase idle
09-11 05:03:42.841  9658 19817 I WiVRn   : [2026-09-11 05:03:42.841] [WiVRn] [info] nxwarp[0] net: 0.026 ms per datagram over 31024 datagrams (403.20 ms of every second)
09-11 05:03:42.841  9658 19817 I WiVRn   : [2026-09-11 05:03:42.841] [WiVRn] [info] nxwarp[0] sel: stride 1, arrival 20.0 ms, dropped-late 77, withheld 0, decoded 2276
09-11 05:03:42.841  9658 19817 I WiVRn   : [2026-09-11 05:03:42.841] [WiVRn] [info] nxwarp[0] rx: 759838 datagrams, placed 6049181 (+188702), late 367059 (+13705), stale_frame 0, bad_range 0, bad_dir 0, bad_caps 0, bad_ver 0, auth_fail 0, replay 0, frozen 0, dup 325
09-11 05:03:43.049  9658 19822 I WiVRn   : [2026-09-11 05:03:43.049] [WiVRn] [info] Tracking pattern (11110µs):
09-11 05:03:43.049  9658 19822 I WiVRn   : [2026-09-11 05:03:43.049] [WiVRn] [info] 	t+3531µs HEAD (7579µs)
09-11 05:03:43.049  9658 19822 I WiVRn   : [2026-09-11 05:03:43.049] [WiVRn] [info] 	t+3667µs LEFT_GRIP (7443µs)
09-11 05:03:43.049  9658 19822 I WiVRn   : [2026-09-11 05:03:43.049] [WiVRn] [info] 	t+3672µs RIGHT_GRIP (7438µs)
09-11 05:03:43.049  9658 19822 I WiVRn   : [2026-09-11 05:03:43.049] [WiVRn] [info] 	t+6531µs HEAD (4579µs)
09-11 05:03:43.049  9658 19822 I WiVRn   : [2026-09-11 05:03:43.049] [WiVRn] [info] 	t+6667µs LEFT_GRIP (4443µs)
09-11 05:03:43.049  9658 19822 I WiVRn   : [2026-09-11 05:03:43.049] [WiVRn] [info] 	t+6672µs RIGHT_GRIP (4438µs)
09-11 05:03:43.217  9658 19763 I PxrMetric: FPS=86/90,MTP=37.56ms,AppSW=off,FrmEarly=32,FrmLate=3,FrmCpu=0.89ms,FrmGpu=11.47ms,FrmTime=18.14ms,ATWGPU=1.59ms,VsyncDelay=2,GPU=99%/587Mhz,GPUTemp=77.5C,LayerCnt=3,Pkg=org.meumeu.wivrn.nx.warp,FrmId=3741
09-11 05:03:43.600  9658 19819 I WiVRn   : [2026-09-11 05:03:43.600] [WiVRn] [info] nxwarp[0]: 105 frames in 2.0 s: 266255 B/frame, wait-prev 0.0 ms, wall 16.4 ms, nxvc passA 4.6 passB 8.4 gpu 13.0 ms; holes 1, refused 0
09-11 05:03:43.600  9658 19819 I WiVRn   : [2026-09-11 05:03:43.600] [WiVRn] [info] nxwarp[0] gpu duty 682 ms/s (68% of one GPU) for decode alone; the display pass is extra
09-11 05:03:43.600  9658 19819 I WiVRn   : [2026-09-11 05:03:43.600] [WiVRn] [info] nxwarp[0] passB 8.4 ms = warp 0.0 + skip 0.0 + coded 0.0 + dir 0.0 + other 8.4; tiles skip 0 / coded 3528 / dir 0 (eye pass 0)
09-11 05:03:43.600  9658 19819 I WiVRn   : [2026-09-11 05:03:43.600] [WiVRn] [info] nxwarp[0]: 77 frames dropped late (queue kept to 1)
09-11 05:03:43.600  9658 19819 I WiVRn   : [2026-09-11 05:03:43.600] [WiVRn] [info] nxwarp[0] stage: gap 2.7 | wait-prev 0.0 | submit 1.4 (qlock 0.0 + codec 1.4) | get_free 0.0 | fence-pre 0.0 | record 0.0 | qsubmit 0.0 | fence-post 15.0 | publish 0.0 ms; withheld 0, stride 1, arrival 19.0 ms
09-11 05:03:43.600  9658 19819 I WiVRn   : [2026-09-11 05:03:43.600] [WiVRn] [info] nxwarp[0] reassembly (network thread): 0.16 ms/frame over 106 frames, buffer 260 kB held for 260 kB of unit (1.0x)
09-11 05:03:43.600  9658 19819 I WiVRn   : [2026-09-11 05:03:43.600] [WiVRn] [info] nxwarp[0] fence-post 15.0 ms = nxvc gpu 13.0 + copy gpu 0.00 + queue 1.9 (over 105 frames with timestamps)
09-11 05:03:43.610  9658 19767 I WiVRn   : [2026-09-11 05:03:43.610] [WiVRn] [info] render: 176 iterations in 2.0 s (87.8/s), 176 submitted a layer, 105 new-source, 0 skipped by the repeat gate, 0 with nothing to show; display period 11.4 ms
09-11 05:03:43.610  9658 19767 I WiVRn   : [2026-09-11 05:03:43.610] [WiVRn] [info] render: ready wait attempts 103 success 32 total 76.179 ms | selected older than available 0
09-11 05:03:43.610  9658 19767 I WiVRn   : [2026-09-11 05:03:43.610] [WiVRn] [info] render: selected source transitions forward 105 backward 0 repeat 71, greatest forward gap 1
09-11 05:03:43.610  9658 19767 I WiVRn   : [2026-09-11 05:03:43.610] [WiVRn] [info] render: this app's own GPU pass 2.8 ms per iteration
09-11 05:03:43.610  9658 19767 I WiVRn   : [2026-09-11 05:03:43.610] [WiVRn] [info] render: defoveate 2688x2688 per eye x2 = 14.45 Mpx/frame at scale 1.00 atlas-prototype 0; 71 re-presented from the cache (reduce_gpu_load on)
09-11 05:03:43.610  9658 19767 I WiVRn   : [2026-09-11 05:03:43.610] [WiVRn] [info] render: shader path sharpness 0.00 fsr false alpha false motion false blend false glow 0.00 vignette 0.00 deband 0.00 lowpoly 0.00 levels 0 full-kernel false
09-11 05:03:43.610  9658 19767 I WiVRn   : [2026-09-11 05:03:43.610] [WiVRn] [info] render: per iteration fence 1.7 (worst 12.6) | queries 0.0 | submit 0.0 | whole render() 2.7 ms
09-11 05:03:43.610  9658 19767 I WiVRn   : [2026-09-11 05:03:43.610] [WiVRn] [info] render: selection-to-defoveate CPU 0.050 ms mean (max 0.098) over 105 actual defoveate calls; not GPU/photon latency
09-11 05:03:43.610  9658 19767 I WiVRn   : [2026-09-11 05:03:43.610] [WiVRn] [info] render: jit on | wake slack 43.4 ms | slept 5.0 ms mean (max 5.0, 176 of 176 iterations) | budget 13.4 = pass 12.4 + margin 1.0 | sleep cap 5.0 ms
09-11 05:03:43.610  9658 19767 I WiVRn   : [2026-09-11 05:03:43.610] [WiVRn] [info] render: source display-time offset 75.3 ms mean (worst 89.5) over 176 frames | submit lead 35.8 ms mean (worst 20.8) | misses: 0 overrun 0 late 0 skipped refresh
09-11 05:03:43.610  9658 19767 I WiVRn   : [2026-09-11 05:03:43.610] [WiVRn] [info] render: source->first 6.2 ms | wire 8.9 | queue 1.8 | decode 16.3 | decode->selection 5.9 | selection->predicted 36.2 | sum 75.3 over 176 selected frames (0 invalid)
09-11 05:03:44.049  9658 19822 I WiVRn   : [2026-09-11 05:03:44.049] [WiVRn] [info] Tracking pattern (11112µs):
09-11 05:03:44.049  9658 19822 I WiVRn   : [2026-09-11 05:03:44.049] [WiVRn] [info] 	t+3573µs HEAD (7538µs)
09-11 05:03:44.049  9658 19822 I WiVRn   : [2026-09-11 05:03:44.049] [WiVRn] [info] 	t+3616µs LEFT_GRIP (7495µs)
09-11 05:03:44.049  9658 19822 I WiVRn   : [2026-09-11 05:03:44.049] [WiVRn] [info] 	t+3622µs RIGHT_GRIP (7489µs)
09-11 05:03:44.049  9658 19822 I WiVRn   : [2026-09-11 05:03:44.049] [WiVRn] [info] 	t+6573µs HEAD (4538µs)
09-11 05:03:44.049  9658 19822 I WiVRn   : [2026-09-11 05:03:44.049] [WiVRn] [info] 	t+6616µs LEFT_GRIP (4495µs)
09-11 05:03:44.049  9658 19822 I WiVRn   : [2026-09-11 05:03:44.049] [WiVRn] [info] 	t+6622µs RIGHT_GRIP (4489µs)
09-11 05:03:44.220  9658 19763 I PxrMetric: FPS=89/90,MTP=32.32ms,AppSW=off,FrmEarly=19,FrmLate=12,FrmCpu=0.90ms,FrmGpu=9.24ms,FrmTime=16.39ms,ATWGPU=1.61ms,VsyncDelay=2,GPU=99%/587Mhz,GPUTemp=75.6C,LayerCnt=3,Pkg=org.meumeu.wivrn.nx.warp,FrmId=3825
09-11 05:03:44.855  9658 19817 I WiVRn   : [2026-09-11 05:03:44.855] [WiVRn] [info] nxwarp[0] net: 105 frames closed in 2.0 s, 0 with a hole, 0 out-of-order datagrams, 0 frames completed late, 0 queued for the worker, 2381 decoded so far, 2580 stragglers dropped; last hole 1890/2016 chunks, first missing 1527, short false, chunk 1166 B; worker phase idle
09-11 05:03:44.855  9658 19817 I WiVRn   : [2026-09-11 05:03:44.855] [WiVRn] [info] nxwarp[0] net: 0.026 ms per datagram over 33266 datagrams (433.07 ms of every second)
09-11 05:03:44.855  9658 19817 I WiVRn   : [2026-09-11 05:03:44.855] [WiVRn] [info] nxwarp[0] sel: stride 1, arrival 18.2 ms, dropped-late 77, withheld 0, decoded 2381
09-11 05:03:44.855  9658 19817 I WiVRn   : [2026-09-11 05:03:44.855] [WiVRn] [info] nxwarp[0] rx: 793104 datagrams, placed 6190013 (+140832), late 387097 (+20038), stale_frame 0, bad_range 0, bad_dir 0, bad_caps 0, bad_ver 0, auth_fail 0, replay 0, frozen 0, dup 336
09-11 05:03:45.049  9658 19822 I WiVRn   : [2026-09-11 05:03:45.049] [WiVRn] [info] Tracking pattern (11111µs):
09-11 05:03:45.049  9658 19822 I WiVRn   : [2026-09-11 05:03:45.049] [WiVRn] [info] 	t+3386µs HEAD (7725µs)
09-11 05:03:45.049  9658 19822 I WiVRn   : [2026-09-11 05:03:45.049] [WiVRn] [info] 	t+3422µs LEFT_GRIP (7689µs)
09-11 05:03:45.049  9658 19822 I WiVRn   : [2026-09-11 05:03:45.049] [WiVRn] [info] 	t+3429µs RIGHT_GRIP (7682µs)
09-11 05:03:45.049  9658 19822 I WiVRn   : [2026-09-11 05:03:45.049] [WiVRn] [info] 	t+6386µs HEAD (4725µs)
09-11 05:03:45.049  9658 19822 I WiVRn   : [2026-09-11 05:03:45.049] [WiVRn] [info] 	t+6422µs LEFT_GRIP (4689µs)
09-11 05:03:45.049  9658 19822 I WiVRn   : [2026-09-11 05:03:45.049] [WiVRn] [info] 	t+6429µs RIGHT_GRIP (4682µs)
09-11 05:03:45.231  9658 19763 I PxrMetric: FPS=84/90,MTP=41.25ms,AppSW=off,FrmEarly=31,FrmLate=13,FrmCpu=0.88ms,FrmGpu=9.83ms,FrmTime=18.20ms,ATWGPU=1.60ms,VsyncDelay=3,GPU=99%/587Mhz,GPUTemp=76.0C,LayerCnt=3,Pkg=org.meumeu.wivrn.nx.warp,FrmId=3901
09-11 05:03:45.615  9658 19819 I WiVRn   : [2026-09-11 05:03:45.615] [WiVRn] [info] nxwarp[0]: 104 frames in 2.0 s: 291272 B/frame, wait-prev 0.0 ms, wall 16.7 ms, nxvc passA 4.8 passB 8.5 gpu 13.3 ms; holes 1, refused 0
09-11 05:03:45.615  9658 19819 I WiVRn   : [2026-09-11 05:03:45.615] [WiVRn] [info] nxwarp[0] gpu duty 687 ms/s (69% of one GPU) for decode alone; the display pass is extra
09-11 05:03:45.615  9658 19819 I WiVRn   : [2026-09-11 05:03:45.615] [WiVRn] [info] nxwarp[0] passB 8.5 ms = warp 0.0 + skip 0.0 + coded 0.0 + dir 0.0 + other 8.5; tiles skip 0 / coded 3528 / dir 0 (eye pass 0)
09-11 05:03:45.615  9658 19819 I WiVRn   : [2026-09-11 05:03:45.615] [WiVRn] [info] nxwarp[0]: 77 frames dropped late (queue kept to 1)
09-11 05:03:45.615  9658 19819 I WiVRn   : [2026-09-11 05:03:45.615] [WiVRn] [info] nxwarp[0] stage: gap 2.6 | wait-prev 0.0 | submit 1.4 (qlock 0.0 + codec 1.4) | get_free 0.0 | fence-pre 0.0 | record 0.0 | qsubmit 0.0 | fence-post 15.3 | publish 0.0 ms; withheld 0, stride 1, arrival 19.7 ms
09-11 05:03:45.615  9658 19819 I WiVRn   : [2026-09-11 05:03:45.615] [WiVRn] [info] nxwarp[0] reassembly (network thread): 0.14 ms/frame over 103 frames, buffer 285 kB held for 285 kB of unit (1.0x)
09-11 05:03:45.615  9658 19819 I WiVRn   : [2026-09-11 05:03:45.615] [WiVRn] [info] nxwarp[0] fence-post 15.3 ms = nxvc gpu 13.3 + copy gpu 0.00 + queue 2.0 (over 104 frames with timestamps)
09-11 05:03:45.621  9658 19767 I WiVRn   : [2026-09-11 05:03:45.621] [WiVRn] [info] render: 159 iterations in 2.0 s (79.0/s), 159 submitted a layer, 104 new-source, 0 skipped by the repeat gate, 0 with nothing to show; display period 12.6 ms
09-11 05:03:45.621  9658 19767 I WiVRn   : [2026-09-11 05:03:45.621] [WiVRn] [info] render: ready wait attempts 73 success 18 total 58.830 ms | selected older than available 0
09-11 05:03:45.621  9658 19767 I WiVRn   : [2026-09-11 05:03:45.621] [WiVRn] [info] render: selected source transitions forward 104 backward 0 repeat 55, greatest forward gap 1
09-11 05:03:45.621  9658 19767 I WiVRn   : [2026-09-11 05:03:45.621] [WiVRn] [info] render: this app's own GPU pass 3.1 ms per iteration
09-11 05:03:45.621  9658 19767 I WiVRn   : [2026-09-11 05:03:45.621] [WiVRn] [info] render: defoveate 2688x2688 per eye x2 = 14.45 Mpx/frame at scale 1.00 atlas-prototype 0; 55 re-presented from the cache (reduce_gpu_load on)
09-11 05:03:45.621  9658 19767 I WiVRn   : [2026-09-11 05:03:45.621] [WiVRn] [info] render: shader path sharpness 0.00 fsr false alpha false motion false blend false glow 0.00 vignette 0.00 deband 0.00 lowpoly 0.00 levels 0 full-kernel false
09-11 05:03:45.621  9658 19767 I WiVRn   : [2026-09-11 05:03:45.621] [WiVRn] [info] render: per iteration fence 2.6 (worst 13.7) | queries 0.0 | submit 0.0 | whole render() 3.5 ms
09-11 05:03:45.621  9658 19767 I WiVRn   : [2026-09-11 05:03:45.621] [WiVRn] [info] render: selection-to-defoveate CPU 0.049 ms mean (max 0.101) over 104 actual defoveate calls; not GPU/photon latency
09-11 05:03:45.621  9658 19767 I WiVRn   : [2026-09-11 05:03:45.621] [WiVRn] [info] render: jit on | wake slack 45.6 ms | slept 5.0 ms mean (max 5.0, 159 of 159 iterations) | budget 14.9 = pass 13.9 + margin 1.0 | sleep cap 5.0 ms
09-11 05:03:45.621  9658 19767 I WiVRn   : [2026-09-11 05:03:45.621] [WiVRn] [info] render: source display-time offset 78.5 ms mean (worst 100.4) over 159 frames | submit lead 37.1 ms mean (worst 24.4) | misses: 0 overrun 0 late 0 skipped refresh
09-11 05:03:45.621  9658 19767 I WiVRn   : [2026-09-11 05:03:45.621] [WiVRn] [info] render: source->first 6.3 ms | wire 9.4 | queue 1.7 | decode 16.8 | decode->selection 6.7 | selection->predicted 37.6 | sum 78.5 over 159 selected frames (0 invalid)
09-11 05:03:46.049  9658 19822 I WiVRn   : [2026-09-11 05:03:46.049] [WiVRn] [info] Tracking pattern (11110µs):
09-11 05:03:46.049  9658 19822 I WiVRn   : [2026-09-11 05:03:46.049] [WiVRn] [info] 	t+3345µs HEAD (7764µs)
09-11 05:03:46.049  9658 19822 I WiVRn   : [2026-09-11 05:03:46.049] [WiVRn] [info] 	t+3515µs LEFT_GRIP (7594µs)
09-11 05:03:46.049  9658 19822 I WiVRn   : [2026-09-11 05:03:46.049] [WiVRn] [info] 	t+3525µs RIGHT_GRIP (7584µs)
09-11 05:03:46.049  9658 19822 I WiVRn   : [2026-09-11 05:03:46.049] [WiVRn] [info] 	t+6345µs HEAD (4764µs)
09-11 05:03:46.049  9658 19822 I WiVRn   : [2026-09-11 05:03:46.049] [WiVRn] [info] 	t+6515µs LEFT_GRIP (4594µs)
09-11 05:03:46.049  9658 19822 I WiVRn   : [2026-09-11 05:03:46.049] [WiVRn] [info] 	t+6525µs RIGHT_GRIP (4584µs)
09-11 05:03:46.228  9658 19763 I PxrMetric: FPS=76/90,MTP=27.33ms,AppSW=off,FrmEarly=19,FrmLate=12,FrmCpu=0.77ms,FrmGpu=12.54ms,FrmTime=20.22ms,ATWGPU=1.60ms,VsyncDelay=2,GPU=99%/587Mhz,GPUTemp=76.4C,LayerCnt=3,Pkg=org.meumeu.wivrn.nx.warp,FrmId=3978
09-11 05:03:46.863  9658 19817 I WiVRn   : [2026-09-11 05:03:46.863] [WiVRn] [info] nxwarp[0] net: 104 frames closed in 2.0 s, 0 with a hole, 0 out-of-order datagrams, 0 frames completed late, 0 queued for the worker, 2485 decoded so far, 2688 stragglers dropped; last hole 1890/2016 chunks, first missing 1527, short false, chunk 1166 B; worker phase idle
09-11 05:03:46.863  9658 19817 I WiVRn   : [2026-09-11 05:03:46.863] [WiVRn] [info] nxwarp[0] net: 0.027 ms per datagram over 31260 datagrams (423.56 ms of every second)
09-11 05:03:46.864  9658 19817 I WiVRn   : [2026-09-11 05:03:46.864] [WiVRn] [info] nxwarp[0] sel: stride 1, arrival 18.7 ms, dropped-late 77, withheld 0, decoded 2485
09-11 05:03:46.864  9658 19817 I WiVRn   : [2026-09-11 05:03:46.864] [WiVRn] [info] nxwarp[0] rx: 824364 datagrams, placed 6238621 (+48608), late 408165 (+21068), stale_frame 0, bad_range 0, bad_dir 0, bad_caps 0, bad_ver 0, auth_fail 0, replay 0, frozen 0, dup 350
09-11 05:03:47.049  9658 19822 I WiVRn   : [2026-09-11 05:03:47.049] [WiVRn] [info] Tracking pattern (11111µs):
09-11 05:03:47.049  9658 19822 I WiVRn   : [2026-09-11 05:03:47.049] [WiVRn] [info] 	t+3179µs HEAD (7931µs)
09-11 05:03:47.049  9658 19822 I WiVRn   : [2026-09-11 05:03:47.049] [WiVRn] [info] 	t+3226µs LEFT_GRIP (7885µs)
09-11 05:03:47.049  9658 19822 I WiVRn   : [2026-09-11 05:03:47.049] [WiVRn] [info] 	t+3231µs RIGHT_GRIP (7879µs)
09-11 05:03:47.049  9658 19822 I WiVRn   : [2026-09-11 05:03:47.049] [WiVRn] [info] 	t+6179µs HEAD (4931µs)
09-11 05:03:47.049  9658 19822 I WiVRn   : [2026-09-11 05:03:47.049] [WiVRn] [info] 	t+6226µs LEFT_GRIP (4885µs)
09-11 05:03:47.049  9658 19822 I WiVRn   : [2026-09-11 05:03:47.049] [WiVRn] [info] 	t+6231µs RIGHT_GRIP (4879µs)
09-11 05:03:47.241  9658 19763 I PxrMetric: FPS=77/90,MTP=43.79ms,AppSW=off,FrmEarly=19,FrmLate=13,FrmCpu=0.85ms,FrmGpu=11.03ms,FrmTime=19.34ms,ATWGPU=1.60ms,VsyncDelay=3,GPU=99%/587Mhz,GPUTemp=74.8C,LayerCnt=3,Pkg=org.meumeu.wivrn.nx.warp,FrmId=4060
09-11 05:03:47.625  9658 19819 I WiVRn   : [2026-09-11 05:03:47.625] [WiVRn] [info] nxwarp[0]: 105 frames in 2.0 s: 276205 B/frame, wait-prev 0.0 ms, wall 16.5 ms, nxvc passA 4.7 passB 8.4 gpu 13.0 ms; holes 1, refused 0
09-11 05:03:47.625  9658 19819 I WiVRn   : [2026-09-11 05:03:47.625] [WiVRn] [info] nxwarp[0] gpu duty 680 ms/s (68% of one GPU) for decode alone; the display pass is extra
09-11 05:03:47.625  9658 19819 I WiVRn   : [2026-09-11 05:03:47.625] [WiVRn] [info] nxwarp[0] passB 8.4 ms = warp 0.0 + skip 0.0 + coded 0.0 + dir 0.0 + other 8.4; tiles skip 0 / coded 3528 / dir 0 (eye pass 0)
09-11 05:03:47.625  9658 19819 I WiVRn   : [2026-09-11 05:03:47.625] [WiVRn] [info] nxwarp[0]: 77 frames dropped late (queue kept to 1)
09-11 05:03:47.625  9658 19819 I WiVRn   : [2026-09-11 05:03:47.625] [WiVRn] [info] nxwarp[0] stage: gap 2.7 | wait-prev 0.0 | submit 1.4 (qlock 0.0 + codec 1.4) | get_free 0.0 | fence-pre 0.0 | record 0.0 | qsubmit 0.0 | fence-post 15.0 | publish 0.0 ms; withheld 0, stride 1, arrival 18.0 ms
09-11 05:03:47.625  9658 19819 I WiVRn   : [2026-09-11 05:03:47.625] [WiVRn] [info] nxwarp[0] reassembly (network thread): 0.15 ms/frame over 106 frames, buffer 270 kB held for 270 kB of unit (1.0x)
09-11 05:03:47.625  9658 19819 I WiVRn   : [2026-09-11 05:03:47.625] [WiVRn] [info] nxwarp[0] fence-post 15.0 ms = nxvc gpu 13.0 + copy gpu 0.00 + queue 2.0 (over 105 frames with timestamps)
09-11 05:03:47.626  9658 19767 I WiVRn   : [2026-09-11 05:03:47.626] [WiVRn] [info] render: 159 iterations in 2.0 s (79.4/s), 159 submitted a layer, 105 new-source, 0 skipped by the repeat gate, 0 with nothing to show; display period 12.6 ms
09-11 05:03:47.626  9658 19767 I WiVRn   : [2026-09-11 05:03:47.626] [WiVRn] [info] render: ready wait attempts 70 success 16 total 57.730 ms | selected older than available 0
09-11 05:03:47.626  9658 19767 I WiVRn   : [2026-09-11 05:03:47.626] [WiVRn] [info] render: selected source transitions forward 105 backward 0 repeat 54, greatest forward gap 1
09-11 05:03:47.626  9658 19767 I WiVRn   : [2026-09-11 05:03:47.626] [WiVRn] [info] render: this app's own GPU pass 3.2 ms per iteration
09-11 05:03:47.626  9658 19767 I WiVRn   : [2026-09-11 05:03:47.626] [WiVRn] [info] render: defoveate 2688x2688 per eye x2 = 14.45 Mpx/frame at scale 1.00 atlas-prototype 0; 54 re-presented from the cache (reduce_gpu_load on)
09-11 05:03:47.626  9658 19767 I WiVRn   : [2026-09-11 05:03:47.626] [WiVRn] [info] render: shader path sharpness 0.00 fsr false alpha false motion false blend false glow 0.00 vignette 0.00 deband 0.00 lowpoly 0.00 levels 0 full-kernel false
09-11 05:03:47.626  9658 19767 I WiVRn   : [2026-09-11 05:03:47.626] [WiVRn] [info] render: per iteration fence 2.5 (worst 13.9) | queries 0.0 | submit 0.0 | whole render() 3.4 ms
09-11 05:03:47.626  9658 19767 I WiVRn   : [2026-09-11 05:03:47.626] [WiVRn] [info] render: selection-to-defoveate CPU 0.049 ms mean (max 0.102) over 105 actual defoveate calls; not GPU/photon latency
09-11 05:03:47.626  9658 19767 I WiVRn   : [2026-09-11 05:03:47.626] [WiVRn] [info] render: jit on | wake slack 43.7 ms | slept 5.0 ms mean (max 5.0, 159 of 159 iterations) | budget 14.1 = pass 13.1 + margin 1.0 | sleep cap 5.0 ms
09-11 05:03:47.626  9658 19767 I WiVRn   : [2026-09-11 05:03:47.626] [WiVRn] [info] render: source display-time offset 75.6 ms mean (worst 100.2) over 159 frames | submit lead 35.3 ms mean (worst 20.0) | misses: 0 overrun 0 late 0 skipped refresh
09-11 05:03:47.626  9658 19767 I WiVRn   : [2026-09-11 05:03:47.626] [WiVRn] [info] render: source->first 5.7 ms | wire 8.8 | queue 2.2 | decode 16.4 | decode->selection 6.6 | selection->predicted 35.8 | sum 75.6 over 159 selected frames (0 invalid)
09-11 05:03:48.049  9658 19822 I WiVRn   : [2026-09-11 05:03:48.049] [WiVRn] [info] Tracking pattern (11104µs):
09-11 05:03:48.049  9658 19822 I WiVRn   : [2026-09-11 05:03:48.049] [WiVRn] [info] 	t+2888µs HEAD (8216µs)
09-11 05:03:48.049  9658 19822 I WiVRn   : [2026-09-11 05:03:48.049] [WiVRn] [info] 	t+2939µs LEFT_GRIP (8165µs)
09-11 05:03:48.049  9658 19822 I WiVRn   : [2026-09-11 05:03:48.049] [WiVRn] [info] 	t+2952µs RIGHT_GRIP (8152µs)
09-11 05:03:48.049  9658 19822 I WiVRn   : [2026-09-11 05:03:48.049] [WiVRn] [info] 	t+5888µs HEAD (5216µs)
09-11 05:03:48.049  9658 19822 I WiVRn   : [2026-09-11 05:03:48.049] [WiVRn] [info] 	t+5939µs LEFT_GRIP (5165µs)
09-11 05:03:48.049  9658 19822 I WiVRn   : [2026-09-11 05:03:48.049] [WiVRn] [info] 	t+5952µs RIGHT_GRIP (5152µs)
09-11 05:03:48.243  9658 19763 I PxrMetric: FPS=81/90,MTP=37.65ms,AppSW=off,FrmEarly=40,FrmLate=2,FrmCpu=0.92ms,FrmGpu=9.91ms,FrmTime=17.03ms,ATWGPU=1.61ms,VsyncDelay=2,GPU=94%/587Mhz,GPUTemp=76.0C,LayerCnt=3,Pkg=org.meumeu.wivrn.nx.warp,FrmId=4148
09-11 05:03:48.864  9658 19817 I WiVRn   : [2026-09-11 05:03:48.864] [WiVRn] [info] nxwarp[0] net: 106 frames closed in 2.0 s, 0 with a hole, 0 out-of-order datagrams, 0 frames completed late, 0 queued for the worker, 2590 decoded so far, 2799 stragglers dropped; last hole 1890/2016 chunks, first missing 1527, short false, chunk 1166 B; worker phase copy-fence-wait
09-11 05:03:48.864  9658 19817 I WiVRn   : [2026-09-11 05:03:48.864] [WiVRn] [info] nxwarp[0] net: 0.026 ms per datagram over 32526 datagrams (421.97 ms of every second)
09-11 05:03:48.864  9658 19817 I WiVRn   : [2026-09-11 05:03:48.864] [WiVRn] [info] nxwarp[0] sel: stride 1, arrival 19.6 ms, dropped-late 77, withheld 0, decoded 2590
09-11 05:03:48.864  9658 19817 I WiVRn   : [2026-09-11 05:03:48.864] [WiVRn] [info] nxwarp[0] rx: 856890 datagrams, placed 6440972 (+202351), late 419315 (+11150), stale_frame 0, bad_range 0, bad_dir 0, bad_caps 0, bad_ver 0, auth_fail 0, replay 0, frozen 0, dup 359
09-11 05:03:49.049  9658 19822 I WiVRn   : [2026-09-11 05:03:49.049] [WiVRn] [info] Tracking pattern (11112µs):
09-11 05:03:49.049  9658 19822 I WiVRn   : [2026-09-11 05:03:49.049] [WiVRn] [info] 	t+2804µs HEAD (8308µs)
09-11 05:03:49.049  9658 19822 I WiVRn   : [2026-09-11 05:03:49.049] [WiVRn] [info] 	t+2864µs LEFT_GRIP (8248µs)
09-11 05:03:49.049  9658 19822 I WiVRn   : [2026-09-11 05:03:49.049] [WiVRn] [info] 	t+2869µs RIGHT_GRIP (8243µs)
09-11 05:03:49.049  9658 19822 I WiVRn   : [2026-09-11 05:03:49.049] [WiVRn] [info] 	t+5804µs HEAD (5308µs)
09-11 05:03:49.049  9658 19822 I WiVRn   : [2026-09-11 05:03:49.049] [WiVRn] [info] 	t+5864µs LEFT_GRIP (5248µs)
09-11 05:03:49.049  9658 19822 I WiVRn   : [2026-09-11 05:03:49.049] [WiVRn] [info] 	t+5869µs RIGHT_GRIP (5243µs)
09-11 05:03:49.251  9658 19763 I PxrMetric: FPS=88/90,MTP=35.12ms,AppSW=off,FrmEarly=30,FrmLate=2,FrmCpu=0.87ms,FrmGpu=10.78ms,FrmTime=17.26ms,ATWGPU=1.59ms,VsyncDelay=2,GPU=99%/587Mhz,GPUTemp=78.3C,LayerCnt=3,Pkg=org.meumeu.wivrn.nx.warp,FrmId=4237
09-11 05:03:49.628  9658 19767 I WiVRn   : [2026-09-11 05:03:49.628] [WiVRn] [info] render: 173 iterations in 2.0 s (86.5/s), 173 submitted a layer, 106 new-source, 0 skipped by the repeat gate, 0 with nothing to show; display period 11.6 ms
09-11 05:03:49.628  9658 19767 I WiVRn   : [2026-09-11 05:03:49.628] [WiVRn] [info] render: ready wait attempts 93 success 26 total 71.698 ms | selected older than available 0
09-11 05:03:49.628  9658 19767 I WiVRn   : [2026-09-11 05:03:49.628] [WiVRn] [info] render: selected source transitions forward 106 backward 0 repeat 67, greatest forward gap 1
09-11 05:03:49.628  9658 19767 I WiVRn   : [2026-09-11 05:03:49.628] [WiVRn] [info] render: this app's own GPU pass 2.9 ms per iteration
09-11 05:03:49.628  9658 19767 I WiVRn   : [2026-09-11 05:03:49.628] [WiVRn] [info] render: defoveate 2688x2688 per eye x2 = 14.45 Mpx/frame at scale 1.00 atlas-prototype 0; 67 re-presented from the cache (reduce_gpu_load on)
09-11 05:03:49.628  9658 19767 I WiVRn   : [2026-09-11 05:03:49.628] [WiVRn] [info] render: shader path sharpness 0.00 fsr false alpha false motion false blend false glow 0.00 vignette 0.00 deband 0.00 lowpoly 0.00 levels 0 full-kernel false
09-11 05:03:49.628  9658 19767 I WiVRn   : [2026-09-11 05:03:49.628] [WiVRn] [info] render: per iteration fence 1.7 (worst 13.2) | queries 0.0 | submit 0.0 | whole render() 2.7 ms
09-11 05:03:49.628  9658 19767 I WiVRn   : [2026-09-11 05:03:49.628] [WiVRn] [info] render: selection-to-defoveate CPU 0.052 ms mean (max 0.109) over 106 actual defoveate calls; not GPU/photon latency
09-11 05:03:49.628  9658 19767 I WiVRn   : [2026-09-11 05:03:49.628] [WiVRn] [info] render: jit on | wake slack 43.8 ms | slept 5.0 ms mean (max 5.0, 173 of 173 iterations) | budget 13.3 = pass 12.3 + margin 1.0 | sleep cap 5.0 ms
09-11 05:03:49.628  9658 19767 I WiVRn   : [2026-09-11 05:03:49.628] [WiVRn] [info] render: source display-time offset 75.4 ms mean (worst 88.8) over 173 frames | submit lead 36.1 ms mean (worst 25.7) | misses: 0 overrun 0 late 0 skipped refresh
09-11 05:03:49.628  9658 19767 I WiVRn   : [2026-09-11 05:03:49.628] [WiVRn] [info] render: source->first 5.7 ms | wire 9.1 | queue 1.7 | decode 16.1 | decode->selection 6.3 | selection->predicted 36.6 | sum 75.4 over 173 selected frames (0 invalid)
09-11 05:03:49.646  9658 19819 I WiVRn   : [2026-09-11 05:03:49.646] [WiVRn] [info] nxwarp[0]: 107 frames in 2.0 s: 265829 B/frame, wait-prev 0.0 ms, wall 16.2 ms, nxvc passA 4.5 passB 8.2 gpu 12.7 ms; holes 1, refused 0
09-11 05:03:49.646  9658 19819 I WiVRn   : [2026-09-11 05:03:49.646] [WiVRn] [info] nxwarp[0] gpu duty 672 ms/s (67% of one GPU) for decode alone; the display pass is extra
09-11 05:03:49.646  9658 19819 I WiVRn   : [2026-09-11 05:03:49.646] [WiVRn] [info] nxwarp[0] passB 8.2 ms = warp 0.0 + skip 0.0 + coded 0.0 + dir 0.0 + other 8.2; tiles skip 0 / coded 3528 / dir 0 (eye pass 0)
09-11 05:03:49.646  9658 19819 I WiVRn   : [2026-09-11 05:03:49.646] [WiVRn] [info] nxwarp[0]: 77 frames dropped late (queue kept to 1)
09-11 05:03:49.646  9658 19819 I WiVRn   : [2026-09-11 05:03:49.646] [WiVRn] [info] nxwarp[0] stage: gap 2.7 | wait-prev 0.0 | submit 1.4 (qlock 0.0 + codec 1.4) | get_free 0.0 | fence-pre 0.0 | record 0.0 | qsubmit 0.0 | fence-post 14.7 | publish 0.0 ms; withheld 0, stride 1, arrival 17.8 ms
09-11 05:03:49.646  9658 19819 I WiVRn   : [2026-09-11 05:03:49.646] [WiVRn] [info] nxwarp[0] reassembly (network thread): 0.17 ms/frame over 107 frames, buffer 260 kB held for 260 kB of unit (1.0x)
09-11 05:03:49.646  9658 19819 I WiVRn   : [2026-09-11 05:03:49.646] [WiVRn] [info] nxwarp[0] fence-post 14.7 ms = nxvc gpu 12.7 + copy gpu 0.00 + queue 2.0 (over 107 frames with timestamps)
09-11 05:03:50.049  9658 19822 I WiVRn   : [2026-09-11 05:03:50.049] [WiVRn] [info] Tracking pattern (11110µs):
09-11 05:03:50.049  9658 19822 I WiVRn   : [2026-09-11 05:03:50.049] [WiVRn] [info] 	t+2703µs HEAD (8407µs)
09-11 05:03:50.049  9658 19822 I WiVRn   : [2026-09-11 05:03:50.049] [WiVRn] [info] 	t+2746µs LEFT_GRIP (8363µs)
09-11 05:03:50.049  9658 19822 I WiVRn   : [2026-09-11 05:03:50.049] [WiVRn] [info] 	t+2754µs RIGHT_GRIP (8355µs)
09-11 05:03:50.049  9658 19822 I WiVRn   : [2026-09-11 05:03:50.049] [WiVRn] [info] 	t+5703µs HEAD (5407µs)
09-11 05:03:50.049  9658 19822 I WiVRn   : [2026-09-11 05:03:50.049] [WiVRn] [info] 	t+5746µs LEFT_GRIP (5363µs)
09-11 05:03:50.049  9658 19822 I WiVRn   : [2026-09-11 05:03:50.049] [WiVRn] [info] 	t+5754µs RIGHT_GRIP (5355µs)
09-11 05:03:50.257  9658 19763 I PxrMetric: FPS=88/90,MTP=36.51ms,AppSW=off,FrmEarly=14,FrmLate=8,FrmCpu=0.87ms,FrmGpu=10.55ms,FrmTime=17.61ms,ATWGPU=1.62ms,VsyncDelay=2,GPU=99%/587Mhz,GPUTemp=77.5C,LayerCnt=3,Pkg=org.meumeu.wivrn.nx.warp,FrmId=4320
09-11 05:03:50.884  9658 19817 I WiVRn   : [2026-09-11 05:03:50.884] [WiVRn] [info] nxwarp[0] net: 107 frames closed in 2.0 s, 0 with a hole, 0 out-of-order datagrams, 0 frames completed late, 0 queued for the worker, 2697 decoded so far, 2910 stragglers dropped; last hole 1890/2016 chunks, first missing 1527, short false, chunk 1166 B; worker phase copy-fence-wait
09-11 05:03:50.884  9658 19817 I WiVRn   : [2026-09-11 05:03:50.884] [WiVRn] [info] nxwarp[0] net: 0.025 ms per datagram over 35643 datagrams (436.89 ms of every second)
09-11 05:03:50.884  9658 19817 I WiVRn   : [2026-09-11 05:03:50.884] [WiVRn] [info] nxwarp[0] sel: stride 1, arrival 18.4 ms, dropped-late 77, withheld 0, decoded 2697
09-11 05:03:50.884  9658 19817 I WiVRn   : [2026-09-11 05:03:50.884] [WiVRn] [info] nxwarp[0] rx: 892533 datagrams, placed 6769002 (+328030), late 427962 (+8647), stale_frame 0, bad_range 0, bad_dir 0, bad_caps 0, bad_ver 0, auth_fail 0, replay 0, frozen 0, dup 363
09-11 05:03:51.049  9658 19822 I WiVRn   : [2026-09-11 05:03:51.049] [WiVRn] [info] Tracking pattern (11119µs):
09-11 05:03:51.049  9658 19822 I WiVRn   : [2026-09-11 05:03:51.049] [WiVRn] [info] 	t+2714µs HEAD (8405µs)
09-11 05:03:51.049  9658 19822 I WiVRn   : [2026-09-11 05:03:51.049] [WiVRn] [info] 	t+2776µs LEFT_GRIP (8343µs)
09-11 05:03:51.049  9658 19822 I WiVRn   : [2026-09-11 05:03:51.049] [WiVRn] [info] 	t+2781µs RIGHT_GRIP (8338µs)
09-11 05:03:51.049  9658 19822 I WiVRn   : [2026-09-11 05:03:51.049] [WiVRn] [info] 	t+5714µs HEAD (5405µs)
09-11 05:03:51.049  9658 19822 I WiVRn   : [2026-09-11 05:03:51.049] [WiVRn] [info] 	t+5776µs LEFT_GRIP (5343µs)
09-11 05:03:51.049  9658 19822 I WiVRn   : [2026-09-11 05:03:51.049] [WiVRn] [info] 	t+5781µs RIGHT_GRIP (5338µs)
09-11 05:03:51.263  9658 19763 I PxrMetric: FPS=83/90,MTP=33.65ms,AppSW=off,FrmEarly=25,FrmLate=8,FrmCpu=0.80ms,FrmGpu=11.72ms,FrmTime=19.30ms,ATWGPU=1.60ms,VsyncDelay=2,GPU=92%/587Mhz,GPUTemp=77.5C,LayerCnt=3,Pkg=org.meumeu.wivrn.nx.warp,FrmId=4403
09-11 05:03:51.625  9658 19767 I WiVRn   : [2026-09-11 05:03:51.625] [WiVRn] [info] render: 167 iterations in 2.0 s (83.5/s), 167 submitted a layer, 106 new-source, 0 skipped by the repeat gate, 0 with nothing to show; display period 12.0 ms
09-11 05:03:51.625  9658 19767 I WiVRn   : [2026-09-11 05:03:51.625] [WiVRn] [info] render: ready wait attempts 86 success 25 total 65.337 ms | selected older than available 0
09-11 05:03:51.625  9658 19767 I WiVRn   : [2026-09-11 05:03:51.625] [WiVRn] [info] render: selected source transitions forward 106 backward 0 repeat 61, greatest forward gap 1
09-11 05:03:51.625  9658 19767 I WiVRn   : [2026-09-11 05:03:51.625] [WiVRn] [info] render: this app's own GPU pass 3.0 ms per iteration
09-11 05:03:51.625  9658 19767 I WiVRn   : [2026-09-11 05:03:51.625] [WiVRn] [info] render: defoveate 2688x2688 per eye x2 = 14.45 Mpx/frame at scale 1.00 atlas-prototype 0; 61 re-presented from the cache (reduce_gpu_load on)
09-11 05:03:51.625  9658 19767 I WiVRn   : [2026-09-11 05:03:51.625] [WiVRn] [info] render: shader path sharpness 0.00 fsr false alpha false motion false blend false glow 0.00 vignette 0.00 deband 0.00 lowpoly 0.00 levels 0 full-kernel false
09-11 05:03:51.625  9658 19767 I WiVRn   : [2026-09-11 05:03:51.625] [WiVRn] [info] render: per iteration fence 2.2 (worst 13.0) | queries 0.0 | submit 0.0 | whole render() 3.1 ms
09-11 05:03:51.625  9658 19767 I WiVRn   : [2026-09-11 05:03:51.625] [WiVRn] [info] render: selection-to-defoveate CPU 0.050 ms mean (max 0.095) over 106 actual defoveate calls; not GPU/photon latency
09-11 05:03:51.625  9658 19767 I WiVRn   : [2026-09-11 05:03:51.625] [WiVRn] [info] render: jit on | wake slack 43.3 ms | slept 5.0 ms mean (max 5.0, 167 of 167 iterations) | budget 14.7 = pass 13.7 + margin 1.0 | sleep cap 5.0 ms
09-11 05:03:51.625  9658 19767 I WiVRn   : [2026-09-11 05:03:51.625] [WiVRn] [info] render: source display-time offset 75.2 ms mean (worst 89.1) over 167 frames | submit lead 35.2 ms mean (worst 20.3) | misses: 0 overrun 0 late 0 skipped refresh
09-11 05:03:51.625  9658 19767 I WiVRn   : [2026-09-11 05:03:51.625] [WiVRn] [info] render: source->first 5.8 ms | wire 9.0 | queue 2.0 | decode 16.3 | decode->selection 6.4 | selection->predicted 35.7 | sum 75.2 over 167 selected frames (0 invalid)
09-11 05:03:51.659  9658 19819 I WiVRn   : [2026-09-11 05:03:51.659] [WiVRn] [info] nxwarp[0]: 107 frames in 2.0 s: 268341 B/frame, wait-prev 0.0 ms, wall 16.4 ms, nxvc passA 4.5 passB 8.4 gpu 12.9 ms; holes 1, refused 0
09-11 05:03:51.659  9658 19819 I WiVRn   : [2026-09-11 05:03:51.659] [WiVRn] [info] nxwarp[0] gpu duty 685 ms/s (69% of one GPU) for decode alone; the display pass is extra
09-11 05:03:51.659  9658 19819 I WiVRn   : [2026-09-11 05:03:51.659] [WiVRn] [info] nxwarp[0] passB 8.4 ms = warp 0.0 + skip 0.0 + coded 0.0 + dir 0.0 + other 8.4; tiles skip 0 / coded 3528 / dir 0 (eye pass 0)
09-11 05:03:51.659  9658 19819 I WiVRn   : [2026-09-11 05:03:51.659] [WiVRn] [info] nxwarp[0]: 77 frames dropped late (queue kept to 1)
09-11 05:03:51.659  9658 19819 I WiVRn   : [2026-09-11 05:03:51.659] [WiVRn] [info] nxwarp[0] stage: gap 2.4 | wait-prev 0.0 | submit 1.4 (qlock 0.0 + codec 1.4) | get_free 0.0 | fence-pre 0.0 | record 0.0 | qsubmit 0.0 | fence-post 14.9 | publish 0.0 ms; withheld 0, stride 1, arrival 18.2 ms
09-11 05:03:51.659  9658 19819 I WiVRn   : [2026-09-11 05:03:51.659] [WiVRn] [info] nxwarp[0] reassembly (network thread): 0.16 ms/frame over 106 frames, buffer 262 kB held for 262 kB of unit (1.0x)
09-11 05:03:51.659  9658 19819 I WiVRn   : [2026-09-11 05:03:51.659] [WiVRn] [info] nxwarp[0] fence-post 15.0 ms = nxvc gpu 12.9 + copy gpu 0.00 + queue 2.0 (over 107 frames with timestamps)
09-11 05:03:52.049  9658 19822 I WiVRn   : [2026-09-11 05:03:52.049] [WiVRn] [info] Tracking pattern (11111µs):
09-11 05:03:52.049  9658 19822 I WiVRn   : [2026-09-11 05:03:52.049] [WiVRn] [info] 	t+2939µs HEAD (8171µs)
09-11 05:03:52.049  9658 19822 I WiVRn   : [2026-09-11 05:03:52.049] [WiVRn] [info] 	t+2978µs LEFT_GRIP (8132µs)
09-11 05:03:52.049  9658 19822 I WiVRn   : [2026-09-11 05:03:52.049] [WiVRn] [info] 	t+2986µs RIGHT_GRIP (8124µs)
09-11 05:03:52.049  9658 19822 I WiVRn   : [2026-09-11 05:03:52.049] [WiVRn] [info] 	t+5939µs HEAD (5171µs)
09-11 05:03:52.049  9658 19822 I WiVRn   : [2026-09-11 05:03:52.049] [WiVRn] [info] 	t+5978µs LEFT_GRIP (5132µs)
09-11 05:03:52.049  9658 19822 I WiVRn   : [2026-09-11 05:03:52.049] [WiVRn] [info] 	t+5986µs RIGHT_GRIP (5124µs)
09-11 05:03:52.276  9658 19763 I PxrMetric: FPS=82/90,MTP=37.11ms,AppSW=off,FrmEarly=25,FrmLate=9,FrmCpu=0.93ms,FrmGpu=9.83ms,FrmTime=16.94ms,ATWGPU=1.62ms,VsyncDelay=2,GPU=88%/587Mhz,GPUTemp=76.4C,LayerCnt=3,Pkg=org.meumeu.wivrn.nx.warp,FrmId=4491
09-11 05:03:52.886  9658 19817 I WiVRn   : [2026-09-11 05:03:52.886] [WiVRn] [info] nxwarp[0] net: 105 frames closed in 2.0 s, 0 with a hole, 0 out-of-order datagrams, 0 frames completed late, 0 queued for the worker, 2803 decoded so far, 3015 stragglers dropped; last hole 1890/2016 chunks, first missing 1527, short false, chunk 1166 B; worker phase idle
09-11 05:03:52.886  9658 19817 I WiVRn   : [2026-09-11 05:03:52.886] [WiVRn] [info] nxwarp[0] net: 0.025 ms per datagram over 33867 datagrams (429.84 ms of every second)
09-11 05:03:52.886  9658 19817 I WiVRn   : [2026-09-11 05:03:52.886] [WiVRn] [info] nxwarp[0] sel: stride 1, arrival 20.0 ms, dropped-late 77, withheld 0, decoded 2803
09-11 05:03:52.886  9658 19817 I WiVRn   : [2026-09-11 05:03:52.886] [WiVRn] [info] nxwarp[0] rx: 926400 datagrams, placed 7040590 (+271588), late 437810 (+9848), stale_frame 0, bad_range 0, bad_dir 0, bad_caps 0, bad_ver 0, auth_fail 0, replay 0, frozen 0, dup 370
09-11 05:03:53.049  9658 19822 I WiVRn   : [2026-09-11 05:03:53.049] [WiVRn] [info] Tracking pattern (11112µs):
09-11 05:03:53.049  9658 19822 I WiVRn   : [2026-09-11 05:03:53.049] [WiVRn] [info] 	t+2738µs HEAD (8374µs)
09-11 05:03:53.049  9658 19822 I WiVRn   : [2026-09-11 05:03:53.049] [WiVRn] [info] 	t+2832µs LEFT_GRIP (8279µs)
09-11 05:03:53.049  9658 19822 I WiVRn   : [2026-09-11 05:03:53.049] [WiVRn] [info] 	t+2838µs RIGHT_GRIP (8273µs)
09-11 05:03:53.049  9658 19822 I WiVRn   : [2026-09-11 05:03:53.049] [WiVRn] [info] 	t+5738µs HEAD (5374µs)
09-11 05:03:53.049  9658 19822 I WiVRn   : [2026-09-11 05:03:53.049] [WiVRn] [info] 	t+5832µs LEFT_GRIP (5279µs)
09-11 05:03:53.049  9658 19822 I WiVRn   : [2026-09-11 05:03:53.049] [WiVRn] [info] 	t+5838µs RIGHT_GRIP (5273µs)
09-11 05:03:53.286  9658 19763 I PxrMetric: FPS=87/90,MTP=41.84ms,AppSW=off,FrmEarly=37,FrmLate=4,FrmCpu=0.86ms,FrmGpu=10.92ms,FrmTime=18.51ms,ATWGPU=1.59ms,VsyncDelay=3,GPU=88%/587Mhz,GPUTemp=75.6C,LayerCnt=3,Pkg=org.meumeu.wivrn.nx.warp,FrmId=4577
09-11 05:03:53.631  9658 19767 I WiVRn   : [2026-09-11 05:03:53.631] [WiVRn] [info] render: 172 iterations in 2.0 s (85.9/s), 172 submitted a layer, 105 new-source, 0 skipped by the repeat gate, 0 with nothing to show; display period 11.7 ms
09-11 05:03:53.631  9658 19767 I WiVRn   : [2026-09-11 05:03:53.631] [WiVRn] [info] render: ready wait attempts 92 success 25 total 71.749 ms | selected older than available 0
09-11 05:03:53.631  9658 19767 I WiVRn   : [2026-09-11 05:03:53.631] [WiVRn] [info] render: selected source transitions forward 105 backward 0 repeat 67, greatest forward gap 1
09-11 05:03:53.631  9658 19767 I WiVRn   : [2026-09-11 05:03:53.631] [WiVRn] [info] render: this app's own GPU pass 2.9 ms per iteration
09-11 05:03:53.631  9658 19767 I WiVRn   : [2026-09-11 05:03:53.631] [WiVRn] [info] render: defoveate 2688x2688 per eye x2 = 14.45 Mpx/frame at scale 1.00 atlas-prototype 0; 67 re-presented from the cache (reduce_gpu_load on)
09-11 05:03:53.631  9658 19767 I WiVRn   : [2026-09-11 05:03:53.631] [WiVRn] [info] render: shader path sharpness 0.00 fsr false alpha false motion false blend false glow 0.00 vignette 0.00 deband 0.00 lowpoly 0.00 levels 0 full-kernel false
09-11 05:03:53.631  9658 19767 I WiVRn   : [2026-09-11 05:03:53.631] [WiVRn] [info] render: per iteration fence 1.9 (worst 14.0) | queries 0.0 | submit 0.0 | whole render() 2.9 ms
09-11 05:03:53.631  9658 19767 I WiVRn   : [2026-09-11 05:03:53.631] [WiVRn] [info] render: selection-to-defoveate CPU 0.051 ms mean (max 0.084) over 105 actual defoveate calls; not GPU/photon latency
09-11 05:03:53.631  9658 19767 I WiVRn   : [2026-09-11 05:03:53.631] [WiVRn] [info] render: jit on | wake slack 44.8 ms | slept 5.0 ms mean (max 5.0, 172 of 172 iterations) | budget 15.3 = pass 14.3 + margin 1.0 | sleep cap 5.0 ms
09-11 05:03:53.631  9658 19767 I WiVRn   : [2026-09-11 05:03:53.631] [WiVRn] [info] render: source display-time offset 76.8 ms mean (worst 89.5) over 172 frames | submit lead 36.8 ms mean (worst 24.3) | misses: 0 overrun 0 late 0 skipped refresh
09-11 05:03:53.631  9658 19767 I WiVRn   : [2026-09-11 05:03:53.631] [WiVRn] [info] render: source->first 5.8 ms | wire 9.2 | queue 1.7 | decode 16.4 | decode->selection 6.4 | selection->predicted 37.3 | sum 76.8 over 172 selected frames (0 invalid)
09-11 05:03:53.669  9658 19819 I WiVRn   : [2026-09-11 05:03:53.669] [WiVRn] [info] nxwarp[0]: 105 frames in 2.0 s: 265970 B/frame, wait-prev 0.0 ms, wall 16.5 ms, nxvc passA 4.5 passB 8.3 gpu 12.9 ms; holes 1, refused 0
09-11 05:03:53.670  9658 19819 I WiVRn   : [2026-09-11 05:03:53.670] [WiVRn] [info] nxwarp[0] gpu duty 672 ms/s (67% of one GPU) for decode alone; the display pass is extra
09-11 05:03:53.670  9658 19819 I WiVRn   : [2026-09-11 05:03:53.670] [WiVRn] [info] nxwarp[0] passB 8.3 ms = warp 0.0 + skip 0.0 + coded 0.0 + dir 0.0 + other 8.3; tiles skip 0 / coded 3528 / dir 0 (eye pass 0)
09-11 05:03:53.670  9658 19819 I WiVRn   : [2026-09-11 05:03:53.670] [WiVRn] [info] nxwarp[0]: 77 frames dropped late (queue kept to 1)
09-11 05:03:53.670  9658 19819 I WiVRn   : [2026-09-11 05:03:53.670] [WiVRn] [info] nxwarp[0] stage: gap 2.7 | wait-prev 0.0 | submit 1.4 (qlock 0.0 + codec 1.4) | get_free 0.0 | fence-pre 0.0 | record 0.0 | qsubmit 0.0 | fence-post 15.0 | publish 0.0 ms; withheld 0, stride 1, arrival 18.0 ms
09-11 05:03:53.670  9658 19819 I WiVRn   : [2026-09-11 05:03:53.670] [WiVRn] [info] nxwarp[0] reassembly (network thread): 0.20 ms/frame over 106 frames, buffer 260 kB held for 260 kB of unit (1.0x)
09-11 05:03:53.670  9658 19819 I WiVRn   : [2026-09-11 05:03:53.670] [WiVRn] [info] nxwarp[0] fence-post 15.0 ms = nxvc gpu 12.9 + copy gpu 0.00 + queue 2.1 (over 105 frames with timestamps)
09-11 05:03:54.049  9658 19822 I WiVRn   : [2026-09-11 05:03:54.049] [WiVRn] [info] Tracking pattern (11113µs):
09-11 05:03:54.049  9658 19822 I WiVRn   : [2026-09-11 05:03:54.049] [WiVRn] [info] 	t+3177µs HEAD (7935µs)
09-11 05:03:54.049  9658 19822 I WiVRn   : [2026-09-11 05:03:54.049] [WiVRn] [info] 	t+3220µs LEFT_GRIP (7892µs)
09-11 05:03:54.049  9658 19822 I WiVRn   : [2026-09-11 05:03:54.049] [WiVRn] [info] 	t+3228µs RIGHT_GRIP (7884µs)
09-11 05:03:54.049  9658 19822 I WiVRn   : [2026-09-11 05:03:54.049] [WiVRn] [info] 	t+6177µs HEAD (4935µs)
09-11 05:03:54.049  9658 19822 I WiVRn   : [2026-09-11 05:03:54.049] [WiVRn] [info] 	t+6220µs LEFT_GRIP (4892µs)
09-11 05:03:54.049  9658 19822 I WiVRn   : [2026-09-11 05:03:54.049] [WiVRn] [info] 	t+6228µs RIGHT_GRIP (4884µs)
09-11 05:03:54.286  9658 19763 I PxrMetric: FPS=85/90,MTP=34.50ms,AppSW=off,FrmEarly=24,FrmLate=10,FrmCpu=0.65ms,FrmGpu=16.41ms,FrmTime=26.59ms,ATWGPU=1.60ms,VsyncDelay=3,GPU=99%/587Mhz,GPUTemp=76.8C,LayerCnt=3,Pkg=org.meumeu.wivrn.nx.warp,FrmId=4656
09-11 05:03:54.898  9658 19817 I WiVRn   : [2026-09-11 05:03:54.898] [WiVRn] [info] nxwarp[0] net: 106 frames closed in 2.0 s, 0 with a hole, 0 out-of-order datagrams, 0 frames completed late, 0 queued for the worker, 2909 decoded so far, 3121 stragglers dropped; last hole 1890/2016 chunks, first missing 1527, short false, chunk 1166 B; worker phase idle
09-11 05:03:54.898  9658 19817 I WiVRn   : [2026-09-11 05:03:54.898] [WiVRn] [info] nxwarp[0] net: 0.025 ms per datagram over 36412 datagrams (444.61 ms of every second)
09-11 05:03:54.898  9658 19817 I WiVRn   : [2026-09-11 05:03:54.898] [WiVRn] [info] nxwarp[0] sel: stride 1, arrival 19.7 ms, dropped-late 77, withheld 0, decoded 2909
09-11 05:03:54.898  9658 19817 I WiVRn   : [2026-09-11 05:03:54.898] [WiVRn] [info] nxwarp[0] rx: 962812 datagrams, placed 7414558 (+373968), late 445234 (+7424), stale_frame 0, bad_range 0, bad_dir 0, bad_caps 0, bad_ver 0, auth_fail 0, replay 0, frozen 0, dup 382
09-11 05:03:55.049  9658 19822 I WiVRn   : [2026-09-11 05:03:55.049] [WiVRn] [info] Tracking pattern (11111µs):
09-11 05:03:55.049  9658 19822 I WiVRn   : [2026-09-11 05:03:55.049] [WiVRn] [info] 	t+3724µs HEAD (7386µs)
09-11 05:03:55.049  9658 19822 I WiVRn   : [2026-09-11 05:03:55.049] [WiVRn] [info] 	t+3770µs LEFT_GRIP (7340µs)
09-11 05:03:55.049  9658 19822 I WiVRn   : [2026-09-11 05:03:55.049] [WiVRn] [info] 	t+3776µs RIGHT_GRIP (7335µs)
09-11 05:03:55.049  9658 19822 I WiVRn   : [2026-09-11 05:03:55.049] [WiVRn] [info] 	t+6724µs HEAD (4386µs)
09-11 05:03:55.049  9658 19822 I WiVRn   : [2026-09-11 05:03:55.049] [WiVRn] [info] 	t+6770µs LEFT_GRIP (4340µs)
09-11 05:03:55.049  9658 19822 I WiVRn   : [2026-09-11 05:03:55.049] [WiVRn] [info] 	t+6776µs RIGHT_GRIP (4335µs)
09-11 05:03:55.292  9658 19763 I PxrMetric: FPS=79/90,MTP=34.75ms,AppSW=off,FrmEarly=14,FrmLate=13,FrmCpu=0.78ms,FrmGpu=12.05ms,FrmTime=20.42ms,ATWGPU=1.60ms,VsyncDelay=2,GPU=99%/587Mhz,GPUTemp=76.0C,LayerCnt=3,Pkg=org.meumeu.wivrn.nx.warp,FrmId=4738
09-11 05:03:55.654  9658 19767 I WiVRn   : [2026-09-11 05:03:55.654] [WiVRn] [info] render: 157 iterations in 2.0 s (77.9/s), 157 submitted a layer, 107 new-source, 0 skipped by the repeat gate, 0 with nothing to show; display period 12.8 ms
09-11 05:03:55.654  9658 19767 I WiVRn   : [2026-09-11 05:03:55.654] [WiVRn] [info] render: ready wait attempts 64 success 14 total 53.351 ms | selected older than available 0
09-11 05:03:55.654  9658 19767 I WiVRn   : [2026-09-11 05:03:55.654] [WiVRn] [info] render: selected source transitions forward 107 backward 0 repeat 50, greatest forward gap 1
09-11 05:03:55.654  9658 19767 I WiVRn   : [2026-09-11 05:03:55.654] [WiVRn] [info] render: this app's own GPU pass 3.3 ms per iteration
09-11 05:03:55.654  9658 19767 I WiVRn   : [2026-09-11 05:03:55.654] [WiVRn] [info] render: defoveate 2688x2688 per eye x2 = 14.45 Mpx/frame at scale 1.00 atlas-prototype 0; 50 re-presented from the cache (reduce_gpu_load on)
09-11 05:03:55.654  9658 19767 I WiVRn   : [2026-09-11 05:03:55.654] [WiVRn] [info] render: shader path sharpness 0.00 fsr false alpha false motion false blend false glow 0.00 vignette 0.00 deband 0.00 lowpoly 0.00 levels 0 full-kernel false
09-11 05:03:55.654  9658 19767 I WiVRn   : [2026-09-11 05:03:55.654] [WiVRn] [info] render: per iteration fence 2.8 (worst 12.8) | queries 0.0 | submit 0.0 | whole render() 3.7 ms
09-11 05:03:55.654  9658 19767 I WiVRn   : [2026-09-11 05:03:55.654] [WiVRn] [info] render: selection-to-defoveate CPU 0.051 ms mean (max 0.140) over 107 actual defoveate calls; not GPU/photon latency
09-11 05:03:55.654  9658 19767 I WiVRn   : [2026-09-11 05:03:55.654] [WiVRn] [info] render: jit on | wake slack 44.0 ms | slept 5.0 ms mean (max 5.0, 157 of 157 iterations) | budget 14.5 = pass 13.5 + margin 1.0 | sleep cap 5.0 ms
09-11 05:03:55.654  9658 19767 I WiVRn   : [2026-09-11 05:03:55.654] [WiVRn] [info] render: source display-time offset 76.5 ms mean (worst 100.9) over 157 frames | submit lead 35.4 ms mean (worst 19.7) | misses: 0 overrun 0 late 0 skipped refresh
09-11 05:03:55.654  9658 19767 I WiVRn   : [2026-09-11 05:03:55.654] [WiVRn] [info] render: source->first 6.4 ms | wire 9.5 | queue 1.9 | decode 16.3 | decode->selection 6.5 | selection->predicted 35.9 | sum 76.5 over 157 selected frames (0 invalid)
09-11 05:03:55.672  9658 19819 I WiVRn   : [2026-09-11 05:03:55.672] [WiVRn] [info] nxwarp[0]: 106 frames in 2.0 s: 273365 B/frame, wait-prev 0.0 ms, wall 16.3 ms, nxvc passA 4.6 passB 8.4 gpu 13.0 ms; holes 1, refused 0
09-11 05:03:55.673  9658 19819 I WiVRn   : [2026-09-11 05:03:55.673] [WiVRn] [info] nxwarp[0] gpu duty 689 ms/s (69% of one GPU) for decode alone; the display pass is extra
09-11 05:03:55.673  9658 19819 I WiVRn   : [2026-09-11 05:03:55.673] [WiVRn] [info] nxwarp[0] passB 8.4 ms = warp 0.0 + skip 0.0 + coded 0.0 + dir 0.0 + other 8.4; tiles skip 0 / coded 3528 / dir 0 (eye pass 0)
09-11 05:03:55.673  9658 19819 I WiVRn   : [2026-09-11 05:03:55.673] [WiVRn] [info] nxwarp[0]: 77 frames dropped late (queue kept to 1)
09-11 05:03:55.673  9658 19819 I WiVRn   : [2026-09-11 05:03:55.673] [WiVRn] [info] nxwarp[0] stage: gap 2.6 | wait-prev 0.0 | submit 1.4 (qlock 0.0 + codec 1.4) | get_free 0.0 | fence-pre 0.0 | record 0.0 | qsubmit 0.0 | fence-post 14.8 | publish 0.0 ms; withheld 0, stride 1, arrival 19.6 ms
09-11 05:03:55.673  9658 19819 I WiVRn   : [2026-09-11 05:03:55.673] [WiVRn] [info] nxwarp[0] reassembly (network thread): 0.18 ms/frame over 105 frames, buffer 267 kB held for 267 kB of unit (1.0x)
09-11 05:03:55.673  9658 19819 I WiVRn   : [2026-09-11 05:03:55.673] [WiVRn] [info] nxwarp[0] fence-post 14.9 ms = nxvc gpu 13.0 + copy gpu 0.00 + queue 1.8 (over 106 frames with timestamps)
09-11 05:03:56.049  9658 19822 I WiVRn   : [2026-09-11 05:03:56.049] [WiVRn] [info] Tracking pattern (11110µs):
09-11 05:03:56.049  9658 19822 I WiVRn   : [2026-09-11 05:03:56.049] [WiVRn] [info] 	t+3296µs HEAD (7814µs)
09-11 05:03:56.049  9658 19822 I WiVRn   : [2026-09-11 05:03:56.049] [WiVRn] [info] 	t+3365µs LEFT_GRIP (7745µs)
09-11 05:03:56.049  9658 19822 I WiVRn   : [2026-09-11 05:03:56.049] [WiVRn] [info] 	t+3372µs RIGHT_GRIP (7738µs)
09-11 05:03:56.049  9658 19822 I WiVRn   : [2026-09-11 05:03:56.049] [WiVRn] [info] 	t+6296µs HEAD (4814µs)
09-11 05:03:56.049  9658 19822 I WiVRn   : [2026-09-11 05:03:56.049] [WiVRn] [info] 	t+6365µs LEFT_GRIP (4745µs)
09-11 05:03:56.049  9658 19822 I WiVRn   : [2026-09-11 05:03:56.049] [WiVRn] [info] 	t+6372µs RIGHT_GRIP (4738µs)
09-11 05:03:56.309  9658 19763 I PxrMetric: FPS=81/90,MTP=39.41ms,AppSW=off,FrmEarly=28,FrmLate=10,FrmCpu=0.97ms,FrmGpu=8.67ms,FrmTime=15.31ms,ATWGPU=1.59ms,VsyncDelay=2,GPU=99%/587Mhz,GPUTemp=76.0C,LayerCnt=3,Pkg=org.meumeu.wivrn.nx.warp,FrmId=4818
09-11 05:03:56.908  9658 19817 I WiVRn   : [2026-09-11 05:03:56.908] [WiVRn] [info] nxwarp[0] net: 106 frames closed in 2.0 s, 0 with a hole, 0 out-of-order datagrams, 0 frames completed late, 0 queued for the worker, 3014 decoded so far, 3227 stragglers dropped; last hole 1890/2016 chunks, first missing 1527, short false, chunk 1166 B; worker phase copy-fence-wait
09-11 05:03:56.908  9658 19817 I WiVRn   : [2026-09-11 05:03:56.908] [WiVRn] [info] nxwarp[0] net: 0.025 ms per datagram over 35821 datagrams (442.02 ms of every second)
09-11 05:03:56.908  9658 19817 I WiVRn   : [2026-09-11 05:03:56.908] [WiVRn] [info] nxwarp[0] sel: stride 1, arrival 19.6 ms, dropped-late 77, withheld 0, decoded 3014
09-11 05:03:56.908  9658 19817 I WiVRn   : [2026-09-11 05:03:56.908] [WiVRn] [info] nxwarp[0] rx: 998633 datagrams, placed 7755570 (+341012), late 452374 (+7140), stale_frame 0, bad_range 0, bad_dir 0, bad_caps 0, bad_ver 0, auth_fail 0, replay 0, frozen 0, dup 396
09-11 05:03:57.049  9658 19822 I WiVRn   : [2026-09-11 05:03:57.049] [WiVRn] [info] Tracking pattern (11111µs):
09-11 05:03:57.049  9658 19822 I WiVRn   : [2026-09-11 05:03:57.049] [WiVRn] [info] 	t+3971µs HEAD (7139µs)
09-11 05:03:57.049  9658 19822 I WiVRn   : [2026-09-11 05:03:57.049] [WiVRn] [info] 	t+4038µs LEFT_GRIP (7072µs)
09-11 05:03:57.049  9658 19822 I WiVRn   : [2026-09-11 05:03:57.049] [WiVRn] [info] 	t+4045µs RIGHT_GRIP (7065µs)
09-11 05:03:57.049  9658 19822 I WiVRn   : [2026-09-11 05:03:57.049] [WiVRn] [info] 	t+6971µs HEAD (4139µs)
09-11 05:03:57.049  9658 19822 I WiVRn   : [2026-09-11 05:03:57.049] [WiVRn] [info] 	t+7038µs LEFT_GRIP (4072µs)
09-11 05:03:57.049  9658 19822 I WiVRn   : [2026-09-11 05:03:57.049] [WiVRn] [info] 	t+7045µs RIGHT_GRIP (4065µs)
09-11 05:03:57.318  9658 19763 I PxrMetric: FPS=79/90,MTP=35.37ms,AppSW=off,FrmEarly=31,FrmLate=4,FrmCpu=0.80ms,FrmGpu=10.75ms,FrmTime=17.43ms,ATWGPU=1.59ms,VsyncDelay=2,GPU=99%/587Mhz,GPUTemp=76.4C,LayerCnt=3,Pkg=org.meumeu.wivrn.nx.warp,FrmId=4905
09-11 05:03:57.658  9658 19767 I WiVRn   : [2026-09-11 05:03:57.658] [WiVRn] [info] render: 172 iterations in 2.0 s (85.4/s), 172 submitted a layer, 104 new-source, 0 skipped by the repeat gate, 0 with nothing to show; display period 11.7 ms
09-11 05:03:57.658  9658 19767 I WiVRn   : [2026-09-11 05:03:57.658] [WiVRn] [info] render: ready wait attempts 90 success 22 total 73.161 ms | selected older than available 0
09-11 05:03:57.658  9658 19767 I WiVRn   : [2026-09-11 05:03:57.658] [WiVRn] [info] render: selected source transitions forward 104 backward 0 repeat 68, greatest forward gap 1
09-11 05:03:57.658  9658 19767 I WiVRn   : [2026-09-11 05:03:57.658] [WiVRn] [info] render: this app's own GPU pass 2.9 ms per iteration
09-11 05:03:57.658  9658 19767 I WiVRn   : [2026-09-11 05:03:57.658] [WiVRn] [info] render: defoveate 2688x2688 per eye x2 = 14.45 Mpx/frame at scale 1.00 atlas-prototype 0; 68 re-presented from the cache (reduce_gpu_load on)
09-11 05:03:57.658  9658 19767 I WiVRn   : [2026-09-11 05:03:57.658] [WiVRn] [info] render: shader path sharpness 0.00 fsr false alpha false motion false blend false glow 0.00 vignette 0.00 deband 0.00 lowpoly 0.00 levels 0 full-kernel false
09-11 05:03:57.658  9658 19767 I WiVRn   : [2026-09-11 05:03:57.658] [WiVRn] [info] render: per iteration fence 1.8 (worst 13.1) | queries 0.0 | submit 0.0 | whole render() 2.7 ms
09-11 05:03:57.658  9658 19767 I WiVRn   : [2026-09-11 05:03:57.658] [WiVRn] [info] render: selection-to-defoveate CPU 0.053 ms mean (max 0.119) over 104 actual defoveate calls; not GPU/photon latency
09-11 05:03:57.658  9658 19767 I WiVRn   : [2026-09-11 05:03:57.658] [WiVRn] [info] render: jit on | wake slack 44.8 ms | slept 5.0 ms mean (max 5.0, 172 of 172 iterations) | budget 14.7 = pass 13.7 + margin 1.0 | sleep cap 5.0 ms
09-11 05:03:57.658  9658 19767 I WiVRn   : [2026-09-11 05:03:57.658] [WiVRn] [info] render: source display-time offset 78.1 ms mean (worst 90.2) over 172 frames | submit lead 37.0 ms mean (worst 20.6) | misses: 0 overrun 0 late 0 skipped refresh
09-11 05:03:57.658  9658 19767 I WiVRn   : [2026-09-11 05:03:57.658] [WiVRn] [info] render: source->first 6.6 ms | wire 9.1 | queue 2.0 | decode 16.5 | decode->selection 6.2 | selection->predicted 37.6 | sum 78.1 over 172 selected frames (0 invalid)
09-11 05:03:57.688  9658 19819 I WiVRn   : [2026-09-11 05:03:57.688] [WiVRn] [info] nxwarp[0]: 105 frames in 2.0 s: 262476 B/frame, wait-prev 0.0 ms, wall 16.5 ms, nxvc passA 4.6 passB 8.2 gpu 12.8 ms; holes 1, refused 0
09-11 05:03:57.688  9658 19819 I WiVRn   : [2026-09-11 05:03:57.688] [WiVRn] [info] nxwarp[0] gpu duty 669 ms/s (67% of one GPU) for decode alone; the display pass is extra
09-11 05:03:57.688  9658 19819 I WiVRn   : [2026-09-11 05:03:57.688] [WiVRn] [info] nxwarp[0] passB 8.2 ms = warp 0.0 + skip 0.0 + coded 0.0 + dir 0.0 + other 8.2; tiles skip 0 / coded 3528 / dir 0 (eye pass 0)
09-11 05:03:57.688  9658 19819 I WiVRn   : [2026-09-11 05:03:57.688] [WiVRn] [info] nxwarp[0]: 77 frames dropped late (queue kept to 1)
09-11 05:03:57.688  9658 19819 I WiVRn   : [2026-09-11 05:03:57.688] [WiVRn] [info] nxwarp[0] stage: gap 2.7 | wait-prev 0.0 | submit 1.4 (qlock 0.0 + codec 1.4) | get_free 0.0 | fence-pre 0.0 | record 0.0 | qsubmit 0.0 | fence-post 15.1 | publish 0.0 ms; withheld 0, stride 1, arrival 19.2 ms
09-11 05:03:57.688  9658 19819 I WiVRn   : [2026-09-11 05:03:57.688] [WiVRn] [info] nxwarp[0] reassembly (network thread): 0.19 ms/frame over 106 frames, buffer 256 kB held for 256 kB of unit (1.0x)
09-11 05:03:57.688  9658 19819 I WiVRn   : [2026-09-11 05:03:57.688] [WiVRn] [info] nxwarp[0] fence-post 15.1 ms = nxvc gpu 12.8 + copy gpu 0.00 + queue 2.2 (over 105 frames with timestamps)
09-11 05:03:58.049  9658 19822 I WiVRn   : [2026-09-11 05:03:58.049] [WiVRn] [info] Tracking pattern (11114µs):
09-11 05:03:58.049  9658 19822 I WiVRn   : [2026-09-11 05:03:58.049] [WiVRn] [info] 	t+3545µs HEAD (7568µs)
09-11 05:03:58.049  9658 19822 I WiVRn   : [2026-09-11 05:03:58.049] [WiVRn] [info] 	t+3633µs LEFT_GRIP (7481µs)
09-11 05:03:58.049  9658 19822 I WiVRn   : [2026-09-11 05:03:58.049] [WiVRn] [info] 	t+3639µs RIGHT_GRIP (7474µs)
09-11 05:03:58.049  9658 19822 I WiVRn   : [2026-09-11 05:03:58.049] [WiVRn] [info] 	t+6545µs HEAD (4568µs)
09-11 05:03:58.049  9658 19822 I WiVRn   : [2026-09-11 05:03:58.049] [WiVRn] [info] 	t+6633µs LEFT_GRIP (4481µs)
09-11 05:03:58.049  9658 19822 I WiVRn   : [2026-09-11 05:03:58.049] [WiVRn] [info] 	t+6639µs RIGHT_GRIP (4474µs)
09-11 05:03:58.324  9658 19763 I PxrMetric: FPS=86/90,MTP=35.53ms,AppSW=off,FrmEarly=26,FrmLate=5,FrmCpu=0.83ms,FrmGpu=12.07ms,FrmTime=21.38ms,ATWGPU=1.59ms,VsyncDelay=2,GPU=99%/587Mhz,GPUTemp=77.9C,LayerCnt=3,Pkg=org.meumeu.wivrn.nx.warp,FrmId=4993
09-11 05:03:58.916  9658 19817 I WiVRn   : [2026-09-11 05:03:58.916] [WiVRn] [info] nxwarp[0] net: 106 frames closed in 2.0 s, 0 with a hole, 0 out-of-order datagrams, 0 frames completed late, 0 queued for the worker, 3120 decoded so far, 3336 stragglers dropped; last hole 1890/2016 chunks, first missing 1527, short false, chunk 1166 B; worker phase copy-fence-wait
09-11 05:03:58.916  9658 19817 I WiVRn   : [2026-09-11 05:03:58.916] [WiVRn] [info] nxwarp[0] net: 0.025 ms per datagram over 32926 datagrams (416.26 ms of every second)
09-11 05:03:58.916  9658 19817 I WiVRn   : [2026-09-11 05:03:58.916] [WiVRn] [info] nxwarp[0] sel: stride 1, arrival 19.5 ms, dropped-late 77, withheld 0, decoded 3120
09-11 05:03:58.916  9658 19817 I WiVRn   : [2026-09-11 05:03:58.916] [WiVRn] [info] nxwarp[0] rx: 1031559 datagrams, placed 8056747 (+301177), late 457525 (+5151), stale_frame 0, bad_range 0, bad_dir 0, bad_caps 0, bad_ver 0, auth_fail 0, replay 0, frozen 0, dup 399
09-11 05:03:59.049  9658 19822 I WiVRn   : [2026-09-11 05:03:59.049] [WiVRn] [info] Tracking pattern (11111µs):
09-11 05:03:59.049  9658 19822 I WiVRn   : [2026-09-11 05:03:59.049] [WiVRn] [info] 	t+3196µs HEAD (7914µs)
09-11 05:03:59.049  9658 19822 I WiVRn   : [2026-09-11 05:03:59.049] [WiVRn] [info] 	t+3238µs LEFT_GRIP (7872µs)
09-11 05:03:59.049  9658 19822 I WiVRn   : [2026-09-11 05:03:59.049] [WiVRn] [info] 	t+3250µs RIGHT_GRIP (7860µs)
09-11 05:03:59.049  9658 19822 I WiVRn   : [2026-09-11 05:03:59.049] [WiVRn] [info] 	t+6196µs HEAD (4914µs)
09-11 05:03:59.049  9658 19822 I WiVRn   : [2026-09-11 05:03:59.049] [WiVRn] [info] 	t+6238µs LEFT_GRIP (4872µs)
09-11 05:03:59.049  9658 19822 I WiVRn   : [2026-09-11 05:03:59.049] [WiVRn] [info] 	t+6250µs RIGHT_GRIP (4860µs)
09-11 05:03:59.331  9658 19763 I PxrMetric: FPS=87/90,MTP=37.79ms,AppSW=off,FrmEarly=38,FrmLate=4,FrmCpu=0.86ms,FrmGpu=10.15ms,FrmTime=17.60ms,ATWGPU=1.59ms,VsyncDelay=2,GPU=99%/587Mhz,GPUTemp=76.8C,LayerCnt=3,Pkg=org.meumeu.wivrn.nx.warp,FrmId=5080
09-11 05:03:59.668  9658 19767 I WiVRn   : [2026-09-11 05:03:59.668] [WiVRn] [info] render: 173 iterations in 2.0 s (86.0/s), 173 submitted a layer, 108 new-source, 0 skipped by the repeat gate, 0 with nothing to show; display period 11.6 ms
09-11 05:03:59.668  9658 19767 I WiVRn   : [2026-09-11 05:03:59.668] [WiVRn] [info] render: ready wait attempts 88 success 23 total 69.489 ms | selected older than available 0
09-11 05:03:59.668  9658 19767 I WiVRn   : [2026-09-11 05:03:59.668] [WiVRn] [info] render: selected source transitions forward 108 backward 0 repeat 65, greatest forward gap 1
09-11 05:03:59.668  9658 19767 I WiVRn   : [2026-09-11 05:03:59.668] [WiVRn] [info] render: this app's own GPU pass 2.9 ms per iteration
09-11 05:03:59.668  9658 19767 I WiVRn   : [2026-09-11 05:03:59.668] [WiVRn] [info] render: defoveate 2688x2688 per eye x2 = 14.45 Mpx/frame at scale 1.00 atlas-prototype 0; 65 re-presented from the cache (reduce_gpu_load on)
09-11 05:03:59.668  9658 19767 I WiVRn   : [2026-09-11 05:03:59.668] [WiVRn] [info] render: shader path sharpness 0.00 fsr false alpha false motion false blend false glow 0.00 vignette 0.00 deband 0.00 lowpoly 0.00 levels 0 full-kernel false
09-11 05:03:59.668  9658 19767 I WiVRn   : [2026-09-11 05:03:59.668] [WiVRn] [info] render: per iteration fence 2.0 (worst 13.3) | queries 0.0 | submit 0.0 | whole render() 3.0 ms
09-11 05:03:59.668  9658 19767 I WiVRn   : [2026-09-11 05:03:59.668] [WiVRn] [info] render: selection-to-defoveate CPU 0.051 ms mean (max 0.099) over 108 actual defoveate calls; not GPU/photon latency
09-11 05:03:59.668  9658 19767 I WiVRn   : [2026-09-11 05:03:59.668] [WiVRn] [info] render: jit on | wake slack 44.6 ms | slept 5.0 ms mean (max 5.0, 173 of 173 iterations) | budget 14.6 = pass 13.6 + margin 1.0 | sleep cap 5.0 ms
09-11 05:03:59.668  9658 19767 I WiVRn   : [2026-09-11 05:03:59.668] [WiVRn] [info] render: source display-time offset 76.0 ms mean (worst 101.4) over 173 frames | submit lead 36.7 ms mean (worst 25.4) | misses: 0 overrun 0 late 0 skipped refresh
09-11 05:03:59.668  9658 19767 I WiVRn   : [2026-09-11 05:03:59.668] [WiVRn] [info] render: source->first 6.4 ms | wire 8.7 | queue 1.8 | decode 15.8 | decode->selection 6.0 | selection->predicted 37.2 | sum 76.0 over 173 selected frames (0 invalid)
09-11 05:03:59.696  9658 19819 I WiVRn   : [2026-09-11 05:03:59.696] [WiVRn] [info] nxwarp[0]: 108 frames in 2.0 s: 252850 B/frame, wait-prev 0.0 ms, wall 15.9 ms, nxvc passA 4.4 passB 8.2 gpu 12.6 ms; holes 1, refused 0
09-11 05:03:59.696  9658 19819 I WiVRn   : [2026-09-11 05:03:59.696] [WiVRn] [info] nxwarp[0] gpu duty 676 ms/s (68% of one GPU) for decode alone; the display pass is extra
09-11 05:03:59.696  9658 19819 I WiVRn   : [2026-09-11 05:03:59.696] [WiVRn] [info] nxwarp[0] passB 8.2 ms = warp 0.0 + skip 0.0 + coded 0.0 + dir 0.0 + other 8.2; tiles skip 0 / coded 3528 / dir 0 (eye pass 0)
09-11 05:03:59.696  9658 19819 I WiVRn   : [2026-09-11 05:03:59.696] [WiVRn] [info] nxwarp[0]: 77 frames dropped late (queue kept to 1)
09-11 05:03:59.696  9658 19819 I WiVRn   : [2026-09-11 05:03:59.696] [WiVRn] [info] nxwarp[0] stage: gap 2.7 | wait-prev 0.0 | submit 1.4 (qlock 0.0 + codec 1.4) | get_free 0.0 | fence-pre 0.0 | record 0.0 | qsubmit 0.0 | fence-post 14.5 | publish 0.0 ms; withheld 0, stride 1, arrival 18.3 ms
09-11 05:03:59.696  9658 19819 I WiVRn   : [2026-09-11 05:03:59.696] [WiVRn] [info] nxwarp[0] reassembly (network thread): 0.18 ms/frame over 108 frames, buffer 247 kB held for 247 kB of unit (1.0x)
09-11 05:03:59.696  9658 19819 I WiVRn   : [2026-09-11 05:03:59.696] [WiVRn] [info] nxwarp[0] fence-post 14.5 ms = nxvc gpu 12.6 + copy gpu 0.00 + queue 1.9 (over 108 frames with timestamps)
09-11 05:04:00.049  9658 19822 I WiVRn   : [2026-09-11 05:04:00.049] [WiVRn] [info] Tracking pattern (11110µs):
09-11 05:04:00.049  9658 19822 I WiVRn   : [2026-09-11 05:04:00.049] [WiVRn] [info] 	t+3069µs HEAD (8040µs)
09-11 05:04:00.049  9658 19822 I WiVRn   : [2026-09-11 05:04:00.049] [WiVRn] [info] 	t+3124µs LEFT_GRIP (7986µs)
09-11 05:04:00.049  9658 19822 I WiVRn   : [2026-09-11 05:04:00.049] [WiVRn] [info] 	t+3133µs RIGHT_GRIP (7976µs)
09-11 05:04:00.049  9658 19822 I WiVRn   : [2026-09-11 05:04:00.049] [WiVRn] [info] 	t+6069µs HEAD (5040µs)
09-11 05:04:00.049  9658 19822 I WiVRn   : [2026-09-11 05:04:00.049] [WiVRn] [info] 	t+6124µs LEFT_GRIP (4986µs)
09-11 05:04:00.049  9658 19822 I WiVRn   : [2026-09-11 05:04:00.049] [WiVRn] [info] 	t+6133µs RIGHT_GRIP (4976µs)
09-11 05:04:00.335  9658 19763 I PxrMetric: FPS=87/90,MTP=38.13ms,AppSW=off,FrmEarly=32,FrmLate=4,FrmCpu=0.94ms,FrmGpu=11.11ms,FrmTime=18.23ms,ATWGPU=1.61ms,VsyncDelay=2,GPU=95%/587Mhz,GPUTemp=77.1C,LayerCnt=3,Pkg=org.meumeu.wivrn.nx.warp,FrmId=5166
09-11 05:04:00.919  9658 19817 I WiVRn   : [2026-09-11 05:04:00.919] [WiVRn] [info] nxwarp[0] net: 107 frames closed in 2.0 s, 0 with a hole, 0 out-of-order datagrams, 0 frames completed late, 0 queued for the worker, 3227 decoded so far, 3443 stragglers dropped; last hole 1890/2016 chunks, first missing 1527, short false, chunk 1166 B; worker phase copy-fence-wait
09-11 05:04:00.919  9658 19817 I WiVRn   : [2026-09-11 05:04:00.919] [WiVRn] [info] nxwarp[0] net: 0.026 ms per datagram over 34630 datagrams (449.83 ms of every second)
09-11 05:04:00.919  9658 19817 I WiVRn   : [2026-09-11 05:04:00.919] [WiVRn] [info] nxwarp[0] sel: stride 1, arrival 18.1 ms, dropped-late 77, withheld 0, decoded 3227
09-11 05:04:00.919  9658 19817 I WiVRn   : [2026-09-11 05:04:00.919] [WiVRn] [info] nxwarp[0] rx: 1066189 datagrams, placed 8417689 (+360942), late 465573 (+8048), stale_frame 0, bad_range 0, bad_dir 0, bad_caps 0, bad_ver 0, auth_fail 0, replay 0, frozen 0, dup 427
09-11 05:04:01.049  9658 19822 I WiVRn   : [2026-09-11 05:04:01.049] [WiVRn] [info] Tracking pattern (11107µs):
09-11 05:04:01.049  9658 19822 I WiVRn   : [2026-09-11 05:04:01.049] [WiVRn] [info] 	t+3971µs HEAD (7136µs)
09-11 05:04:01.049  9658 19822 I WiVRn   : [2026-09-11 05:04:01.049] [WiVRn] [info] 	t+4011µs LEFT_GRIP (7096µs)
09-11 05:04:01.049  9658 19822 I WiVRn   : [2026-09-11 05:04:01.049] [WiVRn] [info] 	t+4017µs RIGHT_GRIP (7090µs)
09-11 05:04:01.049  9658 19822 I WiVRn   : [2026-09-11 05:04:01.049] [WiVRn] [info] 	t+6971µs HEAD (4136µs)
09-11 05:04:01.049  9658 19822 I WiVRn   : [2026-09-11 05:04:01.049] [WiVRn] [info] 	t+7011µs LEFT_GRIP (4096µs)
09-11 05:04:01.049  9658 19822 I WiVRn   : [2026-09-11 05:04:01.049] [WiVRn] [info] 	t+7017µs RIGHT_GRIP (4090µs)
09-11 05:04:01.351  9658 19763 I PxrMetric: FPS=86/90,MTP=38.07ms,AppSW=off,FrmEarly=34,FrmLate=3,FrmCpu=0.84ms,FrmGpu=10.89ms,FrmTime=17.65ms,ATWGPU=1.59ms,VsyncDelay=2,GPU=98%/587Mhz,GPUTemp=78.3C,LayerCnt=3,Pkg=org.meumeu.wivrn.nx.warp,FrmId=5255
09-11 05:04:01.672  9658 19767 I WiVRn   : [2026-09-11 05:04:01.672] [WiVRn] [info] render: 172 iterations in 2.0 s (85.8/s), 172 submitted a layer, 106 new-source, 0 skipped by the repeat gate, 0 with nothing to show; display period 11.7 ms
09-11 05:04:01.672  9658 19767 I WiVRn   : [2026-09-11 05:04:01.672] [WiVRn] [info] render: ready wait attempts 88 success 22 total 70.642 ms | selected older than available 0
09-11 05:04:01.672  9658 19767 I WiVRn   : [2026-09-11 05:04:01.672] [WiVRn] [info] render: selected source transitions forward 106 backward 0 repeat 66, greatest forward gap 1
09-11 05:04:01.672  9658 19767 I WiVRn   : [2026-09-11 05:04:01.672] [WiVRn] [info] render: this app's own GPU pass 2.9 ms per iteration
09-11 05:04:01.672  9658 19767 I WiVRn   : [2026-09-11 05:04:01.672] [WiVRn] [info] render: defoveate 2688x2688 per eye x2 = 14.45 Mpx/frame at scale 1.00 atlas-prototype 0; 66 re-presented from the cache (reduce_gpu_load on)
09-11 05:04:01.672  9658 19767 I WiVRn   : [2026-09-11 05:04:01.672] [WiVRn] [info] render: shader path sharpness 0.00 fsr false alpha false motion false blend false glow 0.00 vignette 0.00 deband 0.00 lowpoly 0.00 levels 0 full-kernel false
09-11 05:04:01.672  9658 19767 I WiVRn   : [2026-09-11 05:04:01.672] [WiVRn] [info] render: per iteration fence 2.1 (worst 13.1) | queries 0.0 | submit 0.0 | whole render() 3.1 ms
09-11 05:04:01.672  9658 19767 I WiVRn   : [2026-09-11 05:04:01.672] [WiVRn] [info] render: selection-to-defoveate CPU 0.054 ms mean (max 0.111) over 106 actual defoveate calls; not GPU/photon latency
09-11 05:04:01.672  9658 19767 I WiVRn   : [2026-09-11 05:04:01.672] [WiVRn] [info] render: jit on | wake slack 44.8 ms | slept 5.0 ms mean (max 5.0, 172 of 172 iterations) | budget 14.9 = pass 13.9 + margin 1.0 | sleep cap 5.0 ms
09-11 05:04:01.672  9658 19767 I WiVRn   : [2026-09-11 05:04:01.672] [WiVRn] [info] render: source display-time offset 78.1 ms mean (worst 90.4) over 172 frames | submit lead 36.6 ms mean (worst 22.5) | misses: 0 overrun 0 late 0 skipped refresh
09-11 05:04:01.672  9658 19767 I WiVRn   : [2026-09-11 05:04:01.672] [WiVRn] [info] render: source->first 6.6 ms | wire 9.7 | queue 1.8 | decode 16.3 | decode->selection 6.4 | selection->predicted 37.2 | sum 78.1 over 172 selected frames (0 invalid)
09-11 05:04:01.701  9658 19819 I WiVRn   : [2026-09-11 05:04:01.701] [WiVRn] [info] nxwarp[0]: 106 frames in 2.0 s: 263156 B/frame, wait-prev 0.0 ms, wall 16.3 ms, nxvc passA 4.5 passB 8.2 gpu 12.7 ms; holes 1, refused 0
09-11 05:04:01.701  9658 19819 I WiVRn   : [2026-09-11 05:04:01.701] [WiVRn] [info] nxwarp[0] gpu duty 671 ms/s (67% of one GPU) for decode alone; the display pass is extra
09-11 05:04:01.701  9658 19819 I WiVRn   : [2026-09-11 05:04:01.701] [WiVRn] [info] nxwarp[0] passB 8.2 ms = warp 0.0 + skip 0.0 + coded 0.0 + dir 0.0 + other 8.2; tiles skip 0 / coded 3528 / dir 0 (eye pass 0)
09-11 05:04:01.701  9658 19819 I WiVRn   : [2026-09-11 05:04:01.701] [WiVRn] [info] nxwarp[0]: 77 frames dropped late (queue kept to 1)
09-11 05:04:01.701  9658 19819 I WiVRn   : [2026-09-11 05:04:01.701] [WiVRn] [info] nxwarp[0] stage: gap 2.6 | wait-prev 0.0 | submit 1.5 (qlock 0.0 + codec 1.5) | get_free 0.0 | fence-pre 0.0 | record 0.0 | qsubmit 0.0 | fence-post 14.7 | publish 0.0 ms; withheld 0, stride 1, arrival 18.8 ms
09-11 05:04:01.701  9658 19819 I WiVRn   : [2026-09-11 05:04:01.701] [WiVRn] [info] nxwarp[0] reassembly (network thread): 0.22 ms/frame over 105 frames, buffer 257 kB held for 257 kB of unit (1.0x)
09-11 05:04:01.701  9658 19819 I WiVRn   : [2026-09-11 05:04:01.701] [WiVRn] [info] nxwarp[0] fence-post 14.8 ms = nxvc gpu 12.7 + copy gpu 0.00 + queue 2.0 (over 106 frames with timestamps)
09-11 05:04:02.049  9658 19822 I WiVRn   : [2026-09-11 05:04:02.049] [WiVRn] [info] Tracking pattern (11109µs):
09-11 05:04:02.049  9658 19822 I WiVRn   : [2026-09-11 05:04:02.049] [WiVRn] [info] 	t+2500µs HEAD (8609µs)
09-11 05:04:02.049  9658 19822 I WiVRn   : [2026-09-11 05:04:02.049] [WiVRn] [info] 	t+2564µs LEFT_GRIP (8545µs)
09-11 05:04:02.049  9658 19822 I WiVRn   : [2026-09-11 05:04:02.049] [WiVRn] [info] 	t+2571µs RIGHT_GRIP (8537µs)
09-11 05:04:02.049  9658 19822 I WiVRn   : [2026-09-11 05:04:02.049] [WiVRn] [info] 	t+5500µs HEAD (5609µs)
09-11 05:04:02.049  9658 19822 I WiVRn   : [2026-09-11 05:04:02.049] [WiVRn] [info] 	t+5564µs LEFT_GRIP (5545µs)
09-11 05:04:02.049  9658 19822 I WiVRn   : [2026-09-11 05:04:02.049] [WiVRn] [info] 	t+5571µs RIGHT_GRIP (5537µs)
09-11 05:04:02.364  9658 19763 I PxrMetric: FPS=88/90,MTP=39.49ms,AppSW=off,FrmEarly=23,FrmLate=11,FrmCpu=0.96ms,FrmGpu=9.67ms,FrmTime=16.86ms,ATWGPU=1.62ms,VsyncDelay=2,GPU=99%/587Mhz,GPUTemp=76.4C,LayerCnt=3,Pkg=org.meumeu.wivrn.nx.warp,FrmId=5337
09-11 05:04:02.920  9658 19817 I WiVRn   : [2026-09-11 05:04:02.920] [WiVRn] [info] nxwarp[0] net: 106 frames closed in 2.0 s, 0 with a hole, 0 out-of-order datagrams, 0 frames completed late, 0 queued for the worker, 3333 decoded so far, 3556 stragglers dropped; last hole 1890/2016 chunks, first missing 1527, short false, chunk 1166 B; worker phase copy-fence-wait
09-11 05:04:02.920  9658 19817 I WiVRn   : [2026-09-11 05:04:02.920] [WiVRn] [info] nxwarp[0] net: 0.027 ms per datagram over 34724 datagrams (471.49 ms of every second)
09-11 05:04:02.920  9658 19817 I WiVRn   : [2026-09-11 05:04:02.920] [WiVRn] [info] nxwarp[0] sel: stride 1, arrival 20.4 ms, dropped-late 77, withheld 0, decoded 3333
09-11 05:04:02.920  9658 19817 I WiVRn   : [2026-09-11 05:04:02.920] [WiVRn] [info] nxwarp[0] rx: 1100913 datagrams, placed 8719095 (+301406), late 498703 (+33130), stale_frame 0, bad_range 0, bad_dir 0, bad_caps 0, bad_ver 0, auth_fail 0, replay 0, frozen 0, dup 471
09-11 05:04:03.049  9658 19822 I WiVRn   : [2026-09-11 05:04:03.049] [WiVRn] [info] Tracking pattern (11112µs):
09-11 05:04:03.049  9658 19822 I WiVRn   : [2026-09-11 05:04:03.049] [WiVRn] [info] 	t+3839µs HEAD (7273µs)
09-11 05:04:03.049  9658 19822 I WiVRn   : [2026-09-11 05:04:03.049] [WiVRn] [info] 	t+3879µs LEFT_GRIP (7233µs)
09-11 05:04:03.049  9658 19822 I WiVRn   : [2026-09-11 05:04:03.049] [WiVRn] [info] 	t+3886µs RIGHT_GRIP (7226µs)
09-11 05:04:03.049  9658 19822 I WiVRn   : [2026-09-11 05:04:03.049] [WiVRn] [info] 	t+6839µs HEAD (4273µs)
09-11 05:04:03.049  9658 19822 I WiVRn   : [2026-09-11 05:04:03.049] [WiVRn] [info] 	t+6879µs LEFT_GRIP (4233µs)
09-11 05:04:03.049  9658 19822 I WiVRn   : [2026-09-11 05:04:03.049] [WiVRn] [info] 	t+6886µs RIGHT_GRIP (4226µs)
09-11 05:04:03.366  9658 19763 I PxrMetric: FPS=81/90,MTP=21.06ms,AppSW=off,FrmEarly=29,FrmLate=6,FrmCpu=0.77ms,FrmGpu=12.36ms,FrmTime=20.80ms,ATWGPU=1.59ms,VsyncDelay=2,GPU=93%/587Mhz,GPUTemp=76.0C,LayerCnt=3,Pkg=org.meumeu.wivrn.nx.warp,FrmId=5424
09-11 05:04:03.688  9658 19767 I WiVRn   : [2026-09-11 05:04:03.688] [WiVRn] [info] render: 169 iterations in 2.0 s (84.3/s), 169 submitted a layer, 107 new-source, 0 skipped by the repeat gate, 0 with nothing to show; display period 11.8 ms
09-11 05:04:03.688  9658 19767 I WiVRn   : [2026-09-11 05:04:03.688] [WiVRn] [info] render: ready wait attempts 82 success 20 total 66.467 ms | selected older than available 0
09-11 05:04:03.688  9658 19767 I WiVRn   : [2026-09-11 05:04:03.688] [WiVRn] [info] render: selected source transitions forward 107 backward 0 repeat 62, greatest forward gap 1
09-11 05:04:03.688  9658 19767 I WiVRn   : [2026-09-11 05:04:03.688] [WiVRn] [info] render: this app's own GPU pass 3.0 ms per iteration
09-11 05:04:03.688  9658 19767 I WiVRn   : [2026-09-11 05:04:03.688] [WiVRn] [info] render: defoveate 2688x2688 per eye x2 = 14.45 Mpx/frame at scale 1.00 atlas-prototype 0; 62 re-presented from the cache (reduce_gpu_load on)
09-11 05:04:03.688  9658 19767 I WiVRn   : [2026-09-11 05:04:03.688] [WiVRn] [info] render: shader path sharpness 0.00 fsr false alpha false motion false blend false glow 0.00 vignette 0.00 deband 0.00 lowpoly 0.00 levels 0 full-kernel false
09-11 05:04:03.688  9658 19767 I WiVRn   : [2026-09-11 05:04:03.688] [WiVRn] [info] render: per iteration fence 2.2 (worst 13.5) | queries 0.0 | submit 0.0 | whole render() 3.2 ms
09-11 05:04:03.688  9658 19767 I WiVRn   : [2026-09-11 05:04:03.688] [WiVRn] [info] render: selection-to-defoveate CPU 0.053 ms mean (max 0.109) over 107 actual defoveate calls; not GPU/photon latency
09-11 05:04:03.688  9658 19767 I WiVRn   : [2026-09-11 05:04:03.688] [WiVRn] [info] render: jit on | wake slack 44.0 ms | slept 5.0 ms mean (max 5.0, 169 of 169 iterations) | budget 15.0 = pass 14.0 + margin 1.0 | sleep cap 5.0 ms
09-11 05:04:03.688  9658 19767 I WiVRn   : [2026-09-11 05:04:03.688] [WiVRn] [info] render: source display-time offset 77.6 ms mean (worst 90.6) over 169 frames | submit lead 35.8 ms mean (worst 20.9) | misses: 0 overrun 0 late 0 skipped refresh
09-11 05:04:03.688  9658 19767 I WiVRn   : [2026-09-11 05:04:03.688] [WiVRn] [info] render: source->first 6.8 ms | wire 9.7 | queue 2.2 | decode 16.2 | decode->selection 6.5 | selection->predicted 36.3 | sum 77.6 over 169 selected frames (0 invalid)
09-11 05:04:03.705  9658 19819 I WiVRn   : [2026-09-11 05:04:03.705] [WiVRn] [info] nxwarp[0]: 106 frames in 2.0 s: 270566 B/frame, wait-prev 0.0 ms, wall 16.3 ms, nxvc passA 4.6 passB 8.2 gpu 12.8 ms; holes 1, refused 0
09-11 05:04:03.705  9658 19819 I WiVRn   : [2026-09-11 05:04:03.705] [WiVRn] [info] nxwarp[0] gpu duty 677 ms/s (68% of one GPU) for decode alone; the display pass is extra
09-11 05:04:03.705  9658 19819 I WiVRn   : [2026-09-11 05:04:03.705] [WiVRn] [info] nxwarp[0] passB 8.2 ms = warp 0.0 + skip 0.0 + coded 0.0 + dir 0.0 + other 8.2; tiles skip 0 / coded 3528 / dir 0 (eye pass 0)
09-11 05:04:03.705  9658 19819 I WiVRn   : [2026-09-11 05:04:03.705] [WiVRn] [info] nxwarp[0]: 77 frames dropped late (queue kept to 1)
09-11 05:04:03.705  9658 19819 I WiVRn   : [2026-09-11 05:04:03.705] [WiVRn] [info] nxwarp[0] stage: gap 2.6 | wait-prev 0.0 | submit 1.5 (qlock 0.0 + codec 1.5) | get_free 0.0 | fence-pre 0.0 | record 0.0 | qsubmit 0.0 | fence-post 14.8 | publish 0.0 ms; withheld 0, stride 1, arrival 17.5 ms
09-11 05:04:03.705  9658 19819 I WiVRn   : [2026-09-11 05:04:03.705] [WiVRn] [info] nxwarp[0] reassembly (network thread): 0.18 ms/frame over 107 frames, buffer 264 kB held for 264 kB of unit (1.0x)
09-11 05:04:03.705  9658 19819 I WiVRn   : [2026-09-11 05:04:03.705] [WiVRn] [info] nxwarp[0] fence-post 14.8 ms = nxvc gpu 12.8 + copy gpu 0.00 + queue 2.0 (over 106 frames with timestamps)
09-11 05:04:04.049  9658 19822 I WiVRn   : [2026-09-11 05:04:04.049] [WiVRn] [info] Tracking pattern (11109µs):
09-11 05:04:04.049  9658 19822 I WiVRn   : [2026-09-11 05:04:04.049] [WiVRn] [info] 	t+3406µs HEAD (7703µs)
09-11 05:04:04.049  9658 19822 I WiVRn   : [2026-09-11 05:04:04.049] [WiVRn] [info] 	t+3442µs LEFT_GRIP (7667µs)
09-11 05:04:04.049  9658 19822 I WiVRn   : [2026-09-11 05:04:04.049] [WiVRn] [info] 	t+3447µs RIGHT_GRIP (7662µs)
09-11 05:04:04.049  9658 19822 I WiVRn   : [2026-09-11 05:04:04.049] [WiVRn] [info] 	t+6406µs HEAD (4703µs)
09-11 05:04:04.049  9658 19822 I WiVRn   : [2026-09-11 05:04:04.049] [WiVRn] [info] 	t+6442µs LEFT_GRIP (4667µs)
09-11 05:04:04.049  9658 19822 I WiVRn   : [2026-09-11 05:04:04.049] [WiVRn] [info] 	t+6447µs RIGHT_GRIP (4662µs)
09-11 05:04:04.376  9658 19763 I PxrMetric: FPS=87/90,MTP=39.42ms,AppSW=off,FrmEarly=28,FrmLate=11,FrmCpu=0.96ms,FrmGpu=8.75ms,FrmTime=15.52ms,ATWGPU=1.59ms,VsyncDelay=2,GPU=99%/587Mhz,GPUTemp=77.1C,LayerCnt=3,Pkg=org.meumeu.wivrn.nx.warp,FrmId=5508
09-11 05:04:04.930  9658 19817 I WiVRn   : [2026-09-11 05:04:04.930] [WiVRn] [info] nxwarp[0] net: 105 frames closed in 2.0 s, 0 with a hole, 0 out-of-order datagrams, 0 frames completed late, 0 queued for the worker, 3439 decoded so far, 3667 stragglers dropped; last hole 1890/2016 chunks, first missing 1527, short false, chunk 1166 B; worker phase idle
09-11 05:04:04.930  9658 19817 I WiVRn   : [2026-09-11 05:04:04.930] [WiVRn] [info] nxwarp[0] net: 0.026 ms per datagram over 33696 datagrams (437.85 ms of every second)
09-11 05:04:04.930  9658 19817 I WiVRn   : [2026-09-11 05:04:04.930] [WiVRn] [info] nxwarp[0] sel: stride 1, arrival 18.5 ms, dropped-late 77, withheld 0, decoded 3439
09-11 05:04:04.930  9658 19817 I WiVRn   : [2026-09-11 05:04:04.930] [WiVRn] [info] nxwarp[0] rx: 1134609 datagrams, placed 8902118 (+183023), late 514700 (+15997), stale_frame 0, bad_range 0, bad_dir 0, bad_caps 0, bad_ver 0, auth_fail 0, replay 0, frozen 0, dup 497
09-11 05:04:05.049  9658 19822 I WiVRn   : [2026-09-11 05:04:05.049] [WiVRn] [info] Tracking pattern (11111µs):
09-11 05:04:05.049  9658 19822 I WiVRn   : [2026-09-11 05:04:05.049] [WiVRn] [info] 	t+3325µs HEAD (7785µs)
09-11 05:04:05.049  9658 19822 I WiVRn   : [2026-09-11 05:04:05.049] [WiVRn] [info] 	t+3361µs LEFT_GRIP (7749µs)
09-11 05:04:05.049  9658 19822 I WiVRn   : [2026-09-11 05:04:05.049] [WiVRn] [info] 	t+3367µs RIGHT_GRIP (7744µs)
09-11 05:04:05.049  9658 19822 I WiVRn   : [2026-09-11 05:04:05.049] [WiVRn] [info] 	t+6325µs HEAD (4785µs)
09-11 05:04:05.049  9658 19822 I WiVRn   : [2026-09-11 05:04:05.049] [WiVRn] [info] 	t+6361µs LEFT_GRIP (4749µs)
09-11 05:04:05.049  9658 19822 I WiVRn   : [2026-09-11 05:04:05.049] [WiVRn] [info] 	t+6367µs RIGHT_GRIP (4744µs)
09-11 05:04:05.386  9658 19763 I PxrMetric: FPS=84/90,MTP=41.29ms,AppSW=off,FrmEarly=26,FrmLate=10,FrmCpu=0.81ms,FrmGpu=11.38ms,FrmTime=20.93ms,ATWGPU=1.60ms,VsyncDelay=2,GPU=93%/587Mhz,GPUTemp=75.6C,LayerCnt=3,Pkg=org.meumeu.wivrn.nx.warp,FrmId=5593
09-11 05:04:05.679  9658 19767 I WiVRn   : [2026-09-11 05:04:05.679] [WiVRn] [info] render: 170 iterations in 2.0 s (84.9/s), 170 submitted a layer, 104 new-source, 0 skipped by the repeat gate, 0 with nothing to show; display period 11.8 ms
09-11 05:04:05.679  9658 19767 I WiVRn   : [2026-09-11 05:04:05.679] [WiVRn] [info] render: ready wait attempts 93 success 27 total 70.636 ms | selected older than available 0
09-11 05:04:05.679  9658 19767 I WiVRn   : [2026-09-11 05:04:05.679] [WiVRn] [info] render: selected source transitions forward 104 backward 0 repeat 66, greatest forward gap 1
09-11 05:04:05.679  9658 19767 I WiVRn   : [2026-09-11 05:04:05.679] [WiVRn] [info] render: this app's own GPU pass 2.9 ms per iteration
09-11 05:04:05.679  9658 19767 I WiVRn   : [2026-09-11 05:04:05.679] [WiVRn] [info] render: defoveate 2688x2688 per eye x2 = 14.45 Mpx/frame at scale 1.00 atlas-prototype 0; 66 re-presented from the cache (reduce_gpu_load on)
09-11 05:04:05.679  9658 19767 I WiVRn   : [2026-09-11 05:04:05.679] [WiVRn] [info] render: shader path sharpness 0.00 fsr false alpha false motion false blend false glow 0.00 vignette 0.00 deband 0.00 lowpoly 0.00 levels 0 full-kernel false
09-11 05:04:05.679  9658 19767 I WiVRn   : [2026-09-11 05:04:05.679] [WiVRn] [info] render: per iteration fence 2.0 (worst 13.6) | queries 0.0 | submit 0.0 | whole render() 3.0 ms
09-11 05:04:05.679  9658 19767 I WiVRn   : [2026-09-11 05:04:05.679] [WiVRn] [info] render: selection-to-defoveate CPU 0.050 ms mean (max 0.086) over 104 actual defoveate calls; not GPU/photon latency
09-11 05:04:05.679  9658 19767 I WiVRn   : [2026-09-11 05:04:05.679] [WiVRn] [info] render: jit on | wake slack 44.5 ms | slept 5.0 ms mean (max 5.0, 170 of 170 iterations) | budget 15.0 = pass 14.0 + margin 1.0 | sleep cap 5.0 ms
09-11 05:04:05.679  9658 19767 I WiVRn   : [2026-09-11 05:04:05.679] [WiVRn] [info] render: source display-time offset 77.4 ms mean (worst 101.6) over 170 frames | submit lead 36.5 ms mean (worst 20.3) | misses: 0 overrun 0 late 0 skipped refresh
09-11 05:04:05.679  9658 19767 I WiVRn   : [2026-09-11 05:04:05.679] [WiVRn] [info] render: source->first 6.5 ms | wire 9.3 | queue 1.8 | decode 16.4 | decode->selection 6.4 | selection->predicted 37.1 | sum 77.4 over 170 selected frames (0 invalid)
09-11 05:04:05.724  9658 19819 I WiVRn   : [2026-09-11 05:04:05.724] [WiVRn] [info] nxwarp[0]: 106 frames in 2.0 s: 275710 B/frame, wait-prev 0.0 ms, wall 16.4 ms, nxvc passA 4.6 passB 8.2 gpu 12.8 ms; holes 1, refused 0
09-11 05:04:05.725  9658 19819 I WiVRn   : [2026-09-11 05:04:05.725] [WiVRn] [info] nxwarp[0] gpu duty 673 ms/s (67% of one GPU) for decode alone; the display pass is extra
09-11 05:04:05.725  9658 19819 I WiVRn   : [2026-09-11 05:04:05.725] [WiVRn] [info] nxwarp[0] passB 8.2 ms = warp 0.0 + skip 0.0 + coded 0.0 + dir 0.0 + other 8.2; tiles skip 0 / coded 3528 / dir 0 (eye pass 0)
09-11 05:04:05.725  9658 19819 I WiVRn   : [2026-09-11 05:04:05.725] [WiVRn] [info] nxwarp[0]: 77 frames dropped late (queue kept to 1)
09-11 05:04:05.725  9658 19819 I WiVRn   : [2026-09-11 05:04:05.725] [WiVRn] [info] nxwarp[0] stage: gap 2.6 | wait-prev 0.0 | submit 1.4 (qlock 0.0 + codec 1.4) | get_free 0.0 | fence-pre 0.0 | record 0.0 | qsubmit 0.0 | fence-post 14.9 | publish 0.0 ms; withheld 0, stride 1, arrival 19.6 ms
09-11 05:04:05.725  9658 19819 I WiVRn   : [2026-09-11 05:04:05.725] [WiVRn] [info] nxwarp[0] reassembly (network thread): 0.17 ms/frame over 105 frames, buffer 269 kB held for 269 kB of unit (1.0x)
09-11 05:04:05.725  9658 19819 I WiVRn   : [2026-09-11 05:04:05.725] [WiVRn] [info] nxwarp[0] fence-post 14.9 ms = nxvc gpu 12.8 + copy gpu 0.00 + queue 2.1 (over 106 frames with timestamps)
09-11 05:04:06.049  9658 19822 I WiVRn   : [2026-09-11 05:04:06.049] [WiVRn] [info] Tracking pattern (11114µs):
09-11 05:04:06.049  9658 19822 I WiVRn   : [2026-09-11 05:04:06.049] [WiVRn] [info] 	t+3378µs HEAD (7736µs)
09-11 05:04:06.049  9658 19822 I WiVRn   : [2026-09-11 05:04:06.049] [WiVRn] [info] 	t+3413µs LEFT_GRIP (7700µs)
09-11 05:04:06.049  9658 19822 I WiVRn   : [2026-09-11 05:04:06.049] [WiVRn] [info] 	t+3421µs RIGHT_GRIP (7693µs)
09-11 05:04:06.049  9658 19822 I WiVRn   : [2026-09-11 05:04:06.049] [WiVRn] [info] 	t+6378µs HEAD (4736µs)
09-11 05:04:06.049  9658 19822 I WiVRn   : [2026-09-11 05:04:06.049] [WiVRn] [info] 	t+6413µs LEFT_GRIP (4700µs)
09-11 05:04:06.049  9658 19822 I WiVRn   : [2026-09-11 05:04:06.049] [WiVRn] [info] 	t+6421µs RIGHT_GRIP (4693µs)
09-11 05:04:06.399  9658 19763 I PxrMetric: FPS=84/90,MTP=36.74ms,AppSW=off,FrmEarly=29,FrmLate=3,FrmCpu=0.89ms,FrmGpu=9.79ms,FrmTime=17.39ms,ATWGPU=1.62ms,VsyncDelay=2,GPU=94%/587Mhz,GPUTemp=76.8C,LayerCnt=3,Pkg=org.meumeu.wivrn.nx.warp,FrmId=5683
09-11 05:04:06.942  9658 19817 I WiVRn   : [2026-09-11 05:04:06.942] [WiVRn] [info] nxwarp[0] net: 107 frames closed in 2.0 s, 0 with a hole, 0 out-of-order datagrams, 0 frames completed late, 0 queued for the worker, 3546 decoded so far, 3775 stragglers dropped; last hole 1890/2016 chunks, first missing 1527, short false, chunk 1166 B; worker phase idle
09-11 05:04:06.942  9658 19817 I WiVRn   : [2026-09-11 05:04:06.942] [WiVRn] [info] nxwarp[0] net: 0.025 ms per datagram over 35136 datagrams (434.33 ms of every second)
09-11 05:04:06.942  9658 19817 I WiVRn   : [2026-09-11 05:04:06.942] [WiVRn] [info] nxwarp[0] sel: stride 1, arrival 18.5 ms, dropped-late 77, withheld 0, decoded 3546
09-11 05:04:06.942  9658 19817 I WiVRn   : [2026-09-11 05:04:06.942] [WiVRn] [info] nxwarp[0] rx: 1169745 datagrams, placed 9220134 (+318016), late 523591 (+8891), stale_frame 0, bad_range 0, bad_dir 0, bad_caps 0, bad_ver 0, auth_fail 0, replay 0, frozen 0, dup 505
09-11 05:04:07.049  9658 19822 I WiVRn   : [2026-09-11 05:04:07.049] [WiVRn] [info] Tracking pattern (11112µs):
09-11 05:04:07.049  9658 19822 I WiVRn   : [2026-09-11 05:04:07.049] [WiVRn] [info] 	t+3114µs HEAD (7997µs)
09-11 05:04:07.049  9658 19822 I WiVRn   : [2026-09-11 05:04:07.049] [WiVRn] [info] 	t+3177µs LEFT_GRIP (7934µs)
09-11 05:04:07.049  9658 19822 I WiVRn   : [2026-09-11 05:04:07.049] [WiVRn] [info] 	t+3183µs RIGHT_GRIP (7928µs)
09-11 05:04:07.049  9658 19822 I WiVRn   : [2026-09-11 05:04:07.049] [WiVRn] [info] 	t+6114µs HEAD (4997µs)
09-11 05:04:07.049  9658 19822 I WiVRn   : [2026-09-11 05:04:07.049] [WiVRn] [info] 	t+6177µs LEFT_GRIP (4934µs)
09-11 05:04:07.049  9658 19822 I WiVRn   : [2026-09-11 05:04:07.049] [WiVRn] [info] 	t+6183µs RIGHT_GRIP (4928µs)
09-11 05:04:07.401  9658 19763 I PxrMetric: FPS=89/90,MTP=35.25ms,AppSW=off,FrmEarly=28,FrmLate=10,FrmCpu=0.76ms,FrmGpu=11.61ms,FrmTime=19.52ms,ATWGPU=1.60ms,VsyncDelay=2,GPU=81%/587Mhz,GPUTemp=75.6C,LayerCnt=3,Pkg=org.meumeu.wivrn.nx.warp,FrmId=5764
09-11 05:04:07.684  9658 19767 I WiVRn   : [2026-09-11 05:04:07.684] [WiVRn] [info] render: 169 iterations in 2.0 s (84.4/s), 169 submitted a layer, 108 new-source, 0 skipped by the repeat gate, 0 with nothing to show; display period 11.8 ms
09-11 05:04:07.684  9658 19767 I WiVRn   : [2026-09-11 05:04:07.684] [WiVRn] [info] render: ready wait attempts 83 success 22 total 65.313 ms | selected older than available 0
09-11 05:04:07.684  9658 19767 I WiVRn   : [2026-09-11 05:04:07.684] [WiVRn] [info] render: selected source transitions forward 108 backward 0 repeat 61, greatest forward gap 1
09-11 05:04:07.684  9658 19767 I WiVRn   : [2026-09-11 05:04:07.684] [WiVRn] [info] render: this app's own GPU pass 2.9 ms per iteration
09-11 05:04:07.684  9658 19767 I WiVRn   : [2026-09-11 05:04:07.684] [WiVRn] [info] render: defoveate 2688x2688 per eye x2 = 14.45 Mpx/frame at scale 1.00 atlas-prototype 0; 61 re-presented from the cache (reduce_gpu_load on)
09-11 05:04:07.684  9658 19767 I WiVRn   : [2026-09-11 05:04:07.684] [WiVRn] [info] render: shader path sharpness 0.00 fsr false alpha false motion false blend false glow 0.00 vignette 0.00 deband 0.00 lowpoly 0.00 levels 0 full-kernel false
09-11 05:04:07.684  9658 19767 I WiVRn   : [2026-09-11 05:04:07.684] [WiVRn] [info] render: per iteration fence 2.1 (worst 12.9) | queries 0.0 | submit 0.0 | whole render() 3.1 ms
09-11 05:04:07.684  9658 19767 I WiVRn   : [2026-09-11 05:04:07.684] [WiVRn] [info] render: selection-to-defoveate CPU 0.050 ms mean (max 0.111) over 108 actual defoveate calls; not GPU/photon latency
09-11 05:04:07.684  9658 19767 I WiVRn   : [2026-09-11 05:04:07.684] [WiVRn] [info] render: jit on | wake slack 44.6 ms | slept 5.0 ms mean (max 5.0, 169 of 169 iterations) | budget 14.3 = pass 13.3 + margin 1.0 | sleep cap 5.0 ms
09-11 05:04:07.684  9658 19767 I WiVRn   : [2026-09-11 05:04:07.684] [WiVRn] [info] render: source display-time offset 75.9 ms mean (worst 90.4) over 169 frames | submit lead 36.5 ms mean (worst 20.3) | misses: 0 overrun 0 late 0 skipped refresh
09-11 05:04:07.684  9658 19767 I WiVRn   : [2026-09-11 05:04:07.684] [WiVRn] [info] render: source->first 6.2 ms | wire 9.0 | queue 1.8 | decode 15.8 | decode->selection 6.1 | selection->predicted 37.0 | sum 75.9 over 169 selected frames (0 invalid)
09-11 05:04:07.735  9658 19819 I WiVRn   : [2026-09-11 05:04:07.735] [WiVRn] [info] nxwarp[0]: 108 frames in 2.0 s: 260608 B/frame, wait-prev 0.0 ms, wall 16.1 ms, nxvc passA 4.7 passB 8.1 gpu 12.8 ms; holes 1, refused 0
09-11 05:04:07.735  9658 19819 I WiVRn   : [2026-09-11 05:04:07.735] [WiVRn] [info] nxwarp[0] gpu duty 686 ms/s (69% of one GPU) for decode alone; the display pass is extra
09-11 05:04:07.735  9658 19819 I WiVRn   : [2026-09-11 05:04:07.735] [WiVRn] [info] nxwarp[0] passB 8.1 ms = warp 0.0 + skip 0.0 + coded 0.0 + dir 0.0 + other 8.1; tiles skip 0 / coded 3528 / dir 0 (eye pass 0)
09-11 05:04:07.735  9658 19819 I WiVRn   : [2026-09-11 05:04:07.735] [WiVRn] [info] nxwarp[0]: 77 frames dropped late (queue kept to 1)
09-11 05:04:07.735  9658 19819 I WiVRn   : [2026-09-11 05:04:07.735] [WiVRn] [info] nxwarp[0] stage: gap 2.6 | wait-prev 0.0 | submit 1.4 (qlock 0.0 + codec 1.4) | get_free 0.0 | fence-pre 0.0 | record 0.0 | qsubmit 0.0 | fence-post 14.6 | publish 0.0 ms; withheld 0, stride 1, arrival 17.2 ms
09-11 05:04:07.735  9658 19819 I WiVRn   : [2026-09-11 05:04:07.735] [WiVRn] [info] nxwarp[0] reassembly (network thread): 0.18 ms/frame over 109 frames, buffer 255 kB held for 255 kB of unit (1.0x)
09-11 05:04:07.735  9658 19819 I WiVRn   : [2026-09-11 05:04:07.735] [WiVRn] [info] nxwarp[0] fence-post 14.6 ms = nxvc gpu 12.8 + copy gpu 0.00 + queue 1.8 (over 108 frames with timestamps)
09-11 05:04:08.049  9658 19822 I WiVRn   : [2026-09-11 05:04:08.049] [WiVRn] [info] Tracking pattern (11112µs):
09-11 05:04:08.049  9658 19822 I WiVRn   : [2026-09-11 05:04:08.049] [WiVRn] [info] 	t+2554µs HEAD (8558µs)
09-11 05:04:08.049  9658 19822 I WiVRn   : [2026-09-11 05:04:08.049] [WiVRn] [info] 	t+2594µs LEFT_GRIP (8518µs)
09-11 05:04:08.049  9658 19822 I WiVRn   : [2026-09-11 05:04:08.049] [WiVRn] [info] 	t+2601µs RIGHT_GRIP (8511µs)
09-11 05:04:08.049  9658 19822 I WiVRn   : [2026-09-11 05:04:08.049] [WiVRn] [info] 	t+5554µs HEAD (5558µs)
09-11 05:04:08.049  9658 19822 I WiVRn   : [2026-09-11 05:04:08.049] [WiVRn] [info] 	t+5594µs LEFT_GRIP (5518µs)
09-11 05:04:08.049  9658 19822 I WiVRn   : [2026-09-11 05:04:08.049] [WiVRn] [info] 	t+5601µs RIGHT_GRIP (5511µs)
09-11 05:04:08.409  9658 19763 I PxrMetric: FPS=81/90,MTP=36.10ms,AppSW=off,FrmEarly=19,FrmLate=11,FrmCpu=0.82ms,FrmGpu=11.96ms,FrmTime=20.67ms,ATWGPU=1.61ms,VsyncDelay=2,GPU=93%/587Mhz,GPUTemp=77.1C,LayerCnt=3,Pkg=org.meumeu.wivrn.nx.warp,FrmId=5849
09-11 05:04:08.953  9658 19817 I WiVRn   : [2026-09-11 05:04:08.953] [WiVRn] [info] nxwarp[0] net: 106 frames closed in 2.0 s, 0 with a hole, 0 out-of-order datagrams, 0 frames completed late, 0 queued for the worker, 3652 decoded so far, 3885 stragglers dropped; last hole 1890/2016 chunks, first missing 1527, short false, chunk 1166 B; worker phase idle
09-11 05:04:08.953  9658 19817 I WiVRn   : [2026-09-11 05:04:08.953] [WiVRn] [info] nxwarp[0] net: 0.026 ms per datagram over 32177 datagrams (423.36 ms of every second)
09-11 05:04:08.953  9658 19817 I WiVRn   : [2026-09-11 05:04:08.953] [WiVRn] [info] nxwarp[0] sel: stride 1, arrival 20.5 ms, dropped-late 77, withheld 0, decoded 3652
09-11 05:04:08.953  9658 19817 I WiVRn   : [2026-09-11 05:04:08.953] [WiVRn] [info] nxwarp[0] rx: 1201922 datagrams, placed 9363791 (+143657), late 540243 (+16652), stale_frame 0, bad_range 0, bad_dir 0, bad_caps 0, bad_ver 0, auth_fail 0, replay 0, frozen 0, dup 513
09-11 05:04:09.049  9658 19822 I WiVRn   : [2026-09-11 05:04:09.049] [WiVRn] [info] Tracking pattern (11113µs):
09-11 05:04:09.049  9658 19822 I WiVRn   : [2026-09-11 05:04:09.049] [WiVRn] [info] 	t+3061µs HEAD (8051µs)
09-11 05:04:09.049  9658 19822 I WiVRn   : [2026-09-11 05:04:09.049] [WiVRn] [info] 	t+3097µs LEFT_GRIP (8015µs)
09-11 05:04:09.049  9658 19822 I WiVRn   : [2026-09-11 05:04:09.049] [WiVRn] [info] 	t+3103µs RIGHT_GRIP (8009µs)
09-11 05:04:09.049  9658 19822 I WiVRn   : [2026-09-11 05:04:09.049] [WiVRn] [info] 	t+6061µs HEAD (5051µs)
09-11 05:04:09.049  9658 19822 I WiVRn   : [2026-09-11 05:04:09.049] [WiVRn] [info] 	t+6097µs LEFT_GRIP (5015µs)
09-11 05:04:09.049  9658 19822 I WiVRn   : [2026-09-11 05:04:09.049] [WiVRn] [info] 	t+6103µs RIGHT_GRIP (5009µs)
09-11 05:04:09.414  9658 19763 I PxrMetric: FPS=85/90,MTP=35.75ms,AppSW=off,FrmEarly=25,FrmLate=4,FrmCpu=0.89ms,FrmGpu=10.72ms,FrmTime=17.87ms,ATWGPU=1.59ms,VsyncDelay=2,GPU=95%/587Mhz,GPUTemp=79.5C,LayerCnt=3,Pkg=org.meumeu.wivrn.nx.warp,FrmId=5934
09-11 05:04:09.690  9658 19767 I WiVRn   : [2026-09-11 05:04:09.690] [WiVRn] [info] render: 171 iterations in 2.0 s (85.1/s), 171 submitted a layer, 104 new-source, 0 skipped by the repeat gate, 0 with nothing to show; display period 11.8 ms
09-11 05:04:09.690  9658 19767 I WiVRn   : [2026-09-11 05:04:09.690] [WiVRn] [info] render: ready wait attempts 95 success 28 total 71.746 ms | selected older than available 0
09-11 05:04:09.690  9658 19767 I WiVRn   : [2026-09-11 05:04:09.690] [WiVRn] [info] render: selected source transitions forward 104 backward 0 repeat 67, greatest forward gap 1
09-11 05:04:09.690  9658 19767 I WiVRn   : [2026-09-11 05:04:09.690] [WiVRn] [info] render: this app's own GPU pass 2.9 ms per iteration
09-11 05:04:09.690  9658 19767 I WiVRn   : [2026-09-11 05:04:09.690] [WiVRn] [info] render: defoveate 2688x2688 per eye x2 = 14.45 Mpx/frame at scale 1.00 atlas-prototype 0; 67 re-presented from the cache (reduce_gpu_load on)
09-11 05:04:09.690  9658 19767 I WiVRn   : [2026-09-11 05:04:09.690] [WiVRn] [info] render: shader path sharpness 0.00 fsr false alpha false motion false blend false glow 0.00 vignette 0.00 deband 0.00 lowpoly 0.00 levels 0 full-kernel false
09-11 05:04:09.690  9658 19767 I WiVRn   : [2026-09-11 05:04:09.690] [WiVRn] [info] render: per iteration fence 2.0 (worst 13.0) | queries 0.0 | submit 0.0 | whole render() 3.0 ms
09-11 05:04:09.690  9658 19767 I WiVRn   : [2026-09-11 05:04:09.690] [WiVRn] [info] render: selection-to-defoveate CPU 0.050 ms mean (max 0.104) over 104 actual defoveate calls; not GPU/photon latency
09-11 05:04:09.690  9658 19767 I WiVRn   : [2026-09-11 05:04:09.690] [WiVRn] [info] render: jit on | wake slack 43.8 ms | slept 5.0 ms mean (max 5.0, 171 of 171 iterations) | budget 13.7 = pass 12.7 + margin 1.0 | sleep cap 5.0 ms
09-11 05:04:09.690  9658 19767 I WiVRn   : [2026-09-11 05:04:09.690] [WiVRn] [info] render: source display-time offset 76.2 ms mean (worst 90.4) over 171 frames | submit lead 35.7 ms mean (worst 20.3) | misses: 0 overrun 0 late 0 skipped refresh
09-11 05:04:09.690  9658 19767 I WiVRn   : [2026-09-11 05:04:09.690] [WiVRn] [info] render: source->first 6.3 ms | wire 9.1 | queue 1.8 | decode 16.7 | decode->selection 6.0 | selection->predicted 36.3 | sum 76.2 over 171 selected frames (0 invalid)
09-11 05:04:09.740  9658 19819 I WiVRn   : [2026-09-11 05:04:09.740] [WiVRn] [info] nxwarp[0]: 104 frames in 2.0 s: 285242 B/frame, wait-prev 0.0 ms, wall 16.7 ms, nxvc passA 4.9 passB 8.3 gpu 13.2 ms; holes 1, refused 0
09-11 05:04:09.740  9658 19819 I WiVRn   : [2026-09-11 05:04:09.740] [WiVRn] [info] nxwarp[0] gpu duty 683 ms/s (68% of one GPU) for decode alone; the display pass is extra
09-11 05:04:09.740  9658 19819 I WiVRn   : [2026-09-11 05:04:09.740] [WiVRn] [info] nxwarp[0] passB 8.3 ms = warp 0.0 + skip 0.0 + coded 0.0 + dir 0.0 + other 8.3; tiles skip 0 / coded 3528 / dir 0 (eye pass 0)
09-11 05:04:09.740  9658 19819 I WiVRn   : [2026-09-11 05:04:09.740] [WiVRn] [info] nxwarp[0]: 77 frames dropped late (queue kept to 1)
09-11 05:04:09.740  9658 19819 I WiVRn   : [2026-09-11 05:04:09.740] [WiVRn] [info] nxwarp[0] stage: gap 2.6 | wait-prev 0.0 | submit 1.4 (qlock 0.0 + codec 1.4) | get_free 0.0 | fence-pre 0.0 | record 0.0 | qsubmit 0.0 | fence-post 15.2 | publish 0.0 ms; withheld 0, stride 1, arrival 17.6 ms
09-11 05:04:09.740  9658 19819 I WiVRn   : [2026-09-11 05:04:09.740] [WiVRn] [info] nxwarp[0] reassembly (network thread): 0.15 ms/frame over 103 frames, buffer 279 kB held for 279 kB of unit (1.0x)
09-11 05:04:09.740  9658 19819 I WiVRn   : [2026-09-11 05:04:09.740] [WiVRn] [info] nxwarp[0] fence-post 15.2 ms = nxvc gpu 13.2 + copy gpu 0.00 + queue 2.1 (over 104 frames with timestamps)
09-11 05:04:10.049  9658 19822 I WiVRn   : [2026-09-11 05:04:10.049] [WiVRn] [info] Tracking pattern (11111µs):
09-11 05:04:10.049  9658 19822 I WiVRn   : [2026-09-11 05:04:10.049] [WiVRn] [info] 	t+3514µs HEAD (7596µs)
09-11 05:04:10.049  9658 19822 I WiVRn   : [2026-09-11 05:04:10.049] [WiVRn] [info] 	t+3550µs LEFT_GRIP (7560µs)
09-11 05:04:10.049  9658 19822 I WiVRn   : [2026-09-11 05:04:10.049] [WiVRn] [info] 	t+3554µs RIGHT_GRIP (7556µs)
09-11 05:04:10.049  9658 19822 I WiVRn   : [2026-09-11 05:04:10.049] [WiVRn] [info] 	t+6514µs HEAD (4596µs)
09-11 05:04:10.049  9658 19822 I WiVRn   : [2026-09-11 05:04:10.049] [WiVRn] [info] 	t+6550µs LEFT_GRIP (4560µs)
09-11 05:04:10.049  9658 19822 I WiVRn   : [2026-09-11 05:04:10.049] [WiVRn] [info] 	t+6554µs RIGHT_GRIP (4556µs)
09-11 05:04:10.420  9658 19763 I PxrMetric: FPS=84/90,MTP=32.69ms,AppSW=off,FrmEarly=28,FrmLate=7,FrmCpu=0.94ms,FrmGpu=9.33ms,FrmTime=16.29ms,ATWGPU=1.60ms,VsyncDelay=2,GPU=91%/587Mhz,GPUTemp=77.1C,LayerCnt=3,Pkg=org.meumeu.wivrn.nx.warp,FrmId=6018
09-11 05:04:10.976  9658 19817 I WiVRn   : [2026-09-11 05:04:10.976] [WiVRn] [info] nxwarp[0] net: 105 frames closed in 2.0 s, 0 with a hole, 0 out-of-order datagrams, 0 frames completed late, 0 queued for the worker, 3757 decoded so far, 3990 stragglers dropped; last hole 1890/2016 chunks, first missing 1527, short false, chunk 1166 B; worker phase idle
09-11 05:04:10.976  9658 19817 I WiVRn   : [2026-09-11 05:04:10.976] [WiVRn] [info] nxwarp[0] net: 0.028 ms per datagram over 31884 datagrams (434.26 ms of every second)
09-11 05:04:10.976  9658 19817 I WiVRn   : [2026-09-11 05:04:10.976] [WiVRn] [info] nxwarp[0] sel: stride 1, arrival 19.3 ms, dropped-late 77, withheld 0, decoded 3757
09-11 05:04:10.976  9658 19817 I WiVRn   : [2026-09-11 05:04:10.976] [WiVRn] [info] nxwarp[0] rx: 1233806 datagrams, placed 9390426 (+26635), late 562074 (+21831), stale_frame 0, bad_range 0, bad_dir 0, bad_caps 0, bad_ver 0, auth_fail 0, replay 0, frozen 0, dup 520
09-11 05:04:11.049  9658 19822 I WiVRn   : [2026-09-11 05:04:11.049] [WiVRn] [info] Tracking pattern (11109µs):
09-11 05:04:11.049  9658 19822 I WiVRn   : [2026-09-11 05:04:11.049] [WiVRn] [info] 	t+3010µs HEAD (8099µs)
09-11 05:04:11.049  9658 19822 I WiVRn   : [2026-09-11 05:04:11.049] [WiVRn] [info] 	t+3049µs LEFT_GRIP (8060µs)
09-11 05:04:11.049  9658 19822 I WiVRn   : [2026-09-11 05:04:11.049] [WiVRn] [info] 	t+3056µs RIGHT_GRIP (8052µs)
09-11 05:04:11.049  9658 19822 I WiVRn   : [2026-09-11 05:04:11.049] [WiVRn] [info] 	t+6010µs HEAD (5099µs)
09-11 05:04:11.049  9658 19822 I WiVRn   : [2026-09-11 05:04:11.049] [WiVRn] [info] 	t+6049µs LEFT_GRIP (5060µs)
09-11 05:04:11.049  9658 19822 I WiVRn   : [2026-09-11 05:04:11.049] [WiVRn] [info] 	t+6056µs RIGHT_GRIP (5052µs)
09-11 05:04:11.424  9658 19763 I PxrMetric: FPS=84/90,MTP=20.39ms,AppSW=off,FrmEarly=21,FrmLate=19,FrmCpu=0.72ms,FrmGpu=12.78ms,FrmTime=23.08ms,ATWGPU=1.59ms,VsyncDelay=2,GPU=87%/587Mhz,GPUTemp=76.4C,LayerCnt=3,Pkg=org.meumeu.wivrn.nx.warp,FrmId=6094
09-11 05:04:11.693  9658 19767 I WiVRn   : [2026-09-11 05:04:11.693] [WiVRn] [info] render: 157 iterations in 2.0 s (78.4/s), 157 submitted a layer, 104 new-source, 0 skipped by the repeat gate, 0 with nothing to show; display period 12.7 ms
09-11 05:04:11.693  9658 19767 I WiVRn   : [2026-09-11 05:04:11.693] [WiVRn] [info] render: ready wait attempts 68 success 15 total 56.499 ms | selected older than available 0
09-11 05:04:11.693  9658 19767 I WiVRn   : [2026-09-11 05:04:11.693] [WiVRn] [info] render: selected source transitions forward 104 backward 0 repeat 53, greatest forward gap 1
09-11 05:04:11.693  9658 19767 I WiVRn   : [2026-09-11 05:04:11.693] [WiVRn] [info] render: this app's own GPU pass 3.2 ms per iteration
09-11 05:04:11.693  9658 19767 I WiVRn   : [2026-09-11 05:04:11.693] [WiVRn] [info] render: defoveate 2688x2688 per eye x2 = 14.45 Mpx/frame at scale 1.00 atlas-prototype 0; 53 re-presented from the cache (reduce_gpu_load on)
09-11 05:04:11.693  9658 19767 I WiVRn   : [2026-09-11 05:04:11.693] [WiVRn] [info] render: shader path sharpness 0.00 fsr false alpha false motion false blend false glow 0.00 vignette 0.00 deband 0.00 lowpoly 0.00 levels 0 full-kernel false
09-11 05:04:11.693  9658 19767 I WiVRn   : [2026-09-11 05:04:11.693] [WiVRn] [info] render: per iteration fence 2.8 (worst 14.1) | queries 0.0 | submit 0.0 | whole render() 3.7 ms
09-11 05:04:11.693  9658 19767 I WiVRn   : [2026-09-11 05:04:11.693] [WiVRn] [info] render: selection-to-defoveate CPU 0.049 ms mean (max 0.122) over 104 actual defoveate calls; not GPU/photon latency
09-11 05:04:11.693  9658 19767 I WiVRn   : [2026-09-11 05:04:11.693] [WiVRn] [info] render: jit on | wake slack 45.1 ms | slept 5.0 ms mean (max 5.0, 157 of 157 iterations) | budget 15.7 = pass 14.7 + margin 1.0 | sleep cap 5.0 ms
09-11 05:04:11.693  9658 19767 I WiVRn   : [2026-09-11 05:04:11.693] [WiVRn] [info] render: source display-time offset 77.5 ms mean (worst 101.3) over 157 frames | submit lead 36.4 ms mean (worst 20.0) | misses: 0 overrun 0 late 0 skipped refresh
09-11 05:04:11.693  9658 19767 I WiVRn   : [2026-09-11 05:04:11.693] [WiVRn] [info] render: source->first 6.2 ms | wire 9.2 | queue 1.8 | decode 16.6 | decode->selection 6.8 | selection->predicted 36.9 | sum 77.5 over 157 selected frames (0 invalid)
09-11 05:04:11.746  9658 19819 I WiVRn   : [2026-09-11 05:04:11.746] [WiVRn] [info] nxwarp[0]: 104 frames in 2.0 s: 292108 B/frame, wait-prev 0.0 ms, wall 16.6 ms, nxvc passA 4.8 passB 8.5 gpu 13.3 ms; holes 1, refused 0
09-11 05:04:11.746  9658 19819 I WiVRn   : [2026-09-11 05:04:11.746] [WiVRn] [info] nxwarp[0] gpu duty 687 ms/s (69% of one GPU) for decode alone; the display pass is extra
09-11 05:04:11.746  9658 19819 I WiVRn   : [2026-09-11 05:04:11.746] [WiVRn] [info] nxwarp[0] passB 8.5 ms = warp 0.0 + skip 0.0 + coded 0.0 + dir 0.0 + other 8.5; tiles skip 0 / coded 3528 / dir 0 (eye pass 0)
09-11 05:04:11.746  9658 19819 I WiVRn   : [2026-09-11 05:04:11.746] [WiVRn] [info] nxwarp[0]: 77 frames dropped late (queue kept to 1)
09-11 05:04:11.746  9658 19819 I WiVRn   : [2026-09-11 05:04:11.746] [WiVRn] [info] nxwarp[0] stage: gap 2.6 | wait-prev 0.0 | submit 1.4 (qlock 0.0 + codec 1.4) | get_free 0.0 | fence-pre 0.0 | record 0.0 | qsubmit 0.0 | fence-post 15.2 | publish 0.0 ms; withheld 0, stride 1, arrival 20.0 ms
09-11 05:04:11.746  9658 19819 I WiVRn   : [2026-09-11 05:04:11.746] [WiVRn] [info] nxwarp[0] reassembly (network thread): 0.15 ms/frame over 104 frames, buffer 285 kB held for 285 kB of unit (1.0x)
09-11 05:04:11.746  9658 19819 I WiVRn   : [2026-09-11 05:04:11.746] [WiVRn] [info] nxwarp[0] fence-post 15.2 ms = nxvc gpu 13.3 + copy gpu 0.00 + queue 1.9 (over 104 frames with timestamps)
09-11 05:04:12.049  9658 19822 I WiVRn   : [2026-09-11 05:04:12.049] [WiVRn] [info] Tracking pattern (11113µs):
09-11 05:04:12.049  9658 19822 I WiVRn   : [2026-09-11 05:04:12.049] [WiVRn] [info] 	t+2789µs HEAD (8323µs)
09-11 05:04:12.049  9658 19822 I WiVRn   : [2026-09-11 05:04:12.049] [WiVRn] [info] 	t+2839µs LEFT_GRIP (8273µs)
09-11 05:04:12.049  9658 19822 I WiVRn   : [2026-09-11 05:04:12.049] [WiVRn] [info] 	t+2845µs RIGHT_GRIP (8267µs)
09-11 05:04:12.049  9658 19822 I WiVRn   : [2026-09-11 05:04:12.049] [WiVRn] [info] 	t+5789µs HEAD (5323µs)
09-11 05:04:12.049  9658 19822 I WiVRn   : [2026-09-11 05:04:12.049] [WiVRn] [info] 	t+5839µs LEFT_GRIP (5273µs)
09-11 05:04:12.049  9658 19822 I WiVRn   : [2026-09-11 05:04:12.049] [WiVRn] [info] 	t+5845µs RIGHT_GRIP (5267µs)
09-11 05:04:12.426  9658 19763 I PxrMetric: FPS=76/90,MTP=28.52ms,AppSW=off,FrmEarly=14,FrmLate=21,FrmCpu=0.71ms,FrmGpu=13.76ms,FrmTime=24.85ms,ATWGPU=1.60ms,VsyncDelay=2,GPU=98%/587Mhz,GPUTemp=78.3C,LayerCnt=3,Pkg=org.meumeu.wivrn.nx.warp,FrmId=6175
09-11 05:04:12.985  9658 19817 I WiVRn   : [2026-09-11 05:04:12.985] [WiVRn] [info] nxwarp[0] net: 106 frames closed in 2.0 s, 0 with a hole, 0 out-of-order datagrams, 0 frames completed late, 0 queued for the worker, 3862 decoded so far, 4100 stragglers dropped; last hole 1890/2016 chunks, first missing 1527, short false, chunk 1166 B; worker phase copy-fence-wait
09-11 05:04:12.985  9658 19817 I WiVRn   : [2026-09-11 05:04:12.985] [WiVRn] [info] nxwarp[0] net: 0.026 ms per datagram over 33490 datagrams (433.54 ms of every second)
09-11 05:04:12.985  9658 19817 I WiVRn   : [2026-09-11 05:04:12.985] [WiVRn] [info] nxwarp[0] sel: stride 1, arrival 19.8 ms, dropped-late 77, withheld 0, decoded 3862
09-11 05:04:12.985  9658 19817 I WiVRn   : [2026-09-11 05:04:12.985] [WiVRn] [info] nxwarp[0] rx: 1267296 datagrams, placed 9600190 (+209764), late 572809 (+10735), stale_frame 0, bad_range 0, bad_dir 0, bad_caps 0, bad_ver 0, auth_fail 0, replay 0, frozen 0, dup 527
09-11 05:04:13.049  9658 19822 I WiVRn   : [2026-09-11 05:04:13.049] [WiVRn] [info] Tracking pattern (11111µs):
09-11 05:04:13.049  9658 19822 I WiVRn   : [2026-09-11 05:04:13.049] [WiVRn] [info] 	t+3190µs HEAD (7920µs)
09-11 05:04:13.049  9658 19822 I WiVRn   : [2026-09-11 05:04:13.049] [WiVRn] [info] 	t+3239µs LEFT_GRIP (7871µs)
09-11 05:04:13.049  9658 19822 I WiVRn   : [2026-09-11 05:04:13.049] [WiVRn] [info] 	t+3246µs RIGHT_GRIP (7864µs)
09-11 05:04:13.049  9658 19822 I WiVRn   : [2026-09-11 05:04:13.049] [WiVRn] [info] 	t+6190µs HEAD (4920µs)
09-11 05:04:13.049  9658 19822 I WiVRn   : [2026-09-11 05:04:13.049] [WiVRn] [info] 	t+6239µs LEFT_GRIP (4871µs)
09-11 05:04:13.049  9658 19822 I WiVRn   : [2026-09-11 05:04:13.049] [WiVRn] [info] 	t+6246µs RIGHT_GRIP (4864µs)
09-11 05:04:13.432  9658 19763 I PxrMetric: FPS=81/90,MTP=34.28ms,AppSW=off,FrmEarly=22,FrmLate=5,FrmCpu=0.82ms,FrmGpu=12.42ms,FrmTime=19.98ms,ATWGPU=1.59ms,VsyncDelay=2,GPU=99%/587Mhz,GPUTemp=77.5C,LayerCnt=3,Pkg=org.meumeu.wivrn.nx.warp,FrmId=6254
09-11 05:04:13.703  9658 19767 I WiVRn   : [2026-09-11 05:04:13.703] [WiVRn] [info] render: 161 iterations in 2.0 s (80.1/s), 161 submitted a layer, 107 new-source, 0 skipped by the repeat gate, 0 with nothing to show; display period 12.5 ms
09-11 05:04:13.703  9658 19767 I WiVRn   : [2026-09-11 05:04:13.703] [WiVRn] [info] render: ready wait attempts 70 success 16 total 57.606 ms | selected older than available 0
09-11 05:04:13.703  9658 19767 I WiVRn   : [2026-09-11 05:04:13.703] [WiVRn] [info] render: selected source transitions forward 107 backward 0 repeat 54, greatest forward gap 1
09-11 05:04:13.703  9658 19767 I WiVRn   : [2026-09-11 05:04:13.703] [WiVRn] [info] render: this app's own GPU pass 3.2 ms per iteration
09-11 05:04:13.703  9658 19767 I WiVRn   : [2026-09-11 05:04:13.703] [WiVRn] [info] render: defoveate 2688x2688 per eye x2 = 14.45 Mpx/frame at scale 1.00 atlas-prototype 0; 54 re-presented from the cache (reduce_gpu_load on)
09-11 05:04:13.703  9658 19767 I WiVRn   : [2026-09-11 05:04:13.703] [WiVRn] [info] render: shader path sharpness 0.00 fsr false alpha false motion false blend false glow 0.00 vignette 0.00 deband 0.00 lowpoly 0.00 levels 0 full-kernel false
09-11 05:04:13.703  9658 19767 I WiVRn   : [2026-09-11 05:04:13.703] [WiVRn] [info] render: per iteration fence 2.4 (worst 13.7) | queries 0.0 | submit 0.0 | whole render() 3.4 ms
09-11 05:04:13.703  9658 19767 I WiVRn   : [2026-09-11 05:04:13.703] [WiVRn] [info] render: selection-to-defoveate CPU 0.051 ms mean (max 0.157) over 107 actual defoveate calls; not GPU/photon latency
09-11 05:04:13.703  9658 19767 I WiVRn   : [2026-09-11 05:04:13.703] [WiVRn] [info] render: jit on | wake slack 43.9 ms | slept 5.0 ms mean (max 5.0, 161 of 161 iterations) | budget 14.5 = pass 13.5 + margin 1.0 | sleep cap 5.0 ms
09-11 05:04:13.703  9658 19767 I WiVRn   : [2026-09-11 05:04:13.703] [WiVRn] [info] render: source display-time offset 75.0 ms mean (worst 90.4) over 161 frames | submit lead 35.5 ms mean (worst 20.4) | misses: 0 overrun 0 late 0 skipped refresh
09-11 05:04:13.703  9658 19767 I WiVRn   : [2026-09-11 05:04:13.703] [WiVRn] [info] render: source->first 5.9 ms | wire 8.9 | queue 1.8 | decode 15.9 | decode->selection 6.4 | selection->predicted 36.1 | sum 75.0 over 161 selected frames (0 invalid)
09-11 05:04:13.760  9658 19819 I WiVRn   : [2026-09-11 05:04:13.760] [WiVRn] [info] nxwarp[0]: 108 frames in 2.0 s: 257664 B/frame, wait-prev 0.0 ms, wall 16.0 ms, nxvc passA 4.5 passB 8.3 gpu 12.8 ms; holes 1, refused 0
09-11 05:04:13.760  9658 19819 I WiVRn   : [2026-09-11 05:04:13.760] [WiVRn] [info] nxwarp[0] gpu duty 685 ms/s (69% of one GPU) for decode alone; the display pass is extra
09-11 05:04:13.760  9658 19819 I WiVRn   : [2026-09-11 05:04:13.760] [WiVRn] [info] nxwarp[0] passB 8.3 ms = warp 0.0 + skip 0.0 + coded 0.0 + dir 0.0 + other 8.3; tiles skip 0 / coded 3528 / dir 0 (eye pass 0)
09-11 05:04:13.760  9658 19819 I WiVRn   : [2026-09-11 05:04:13.760] [WiVRn] [info] nxwarp[0]: 77 frames dropped late (queue kept to 1)
09-11 05:04:13.760  9658 19819 I WiVRn   : [2026-09-11 05:04:13.760] [WiVRn] [info] nxwarp[0] stage: gap 2.6 | wait-prev 0.0 | submit 1.4 (qlock 0.0 + codec 1.4) | get_free 0.0 | fence-pre 0.0 | record 0.0 | qsubmit 0.0 | fence-post 14.6 | publish 0.0 ms; withheld 0, stride 1, arrival 17.5 ms
09-11 05:04:13.760  9658 19819 I WiVRn   : [2026-09-11 05:04:13.760] [WiVRn] [info] nxwarp[0] reassembly (network thread): 0.21 ms/frame over 108 frames, buffer 252 kB held for 252 kB of unit (1.0x)
09-11 05:04:13.760  9658 19819 I WiVRn   : [2026-09-11 05:04:13.760] [WiVRn] [info] nxwarp[0] fence-post 14.6 ms = nxvc gpu 12.8 + copy gpu 0.00 + queue 1.8 (over 108 frames with timestamps)
09-11 05:04:14.049  9658 19822 I WiVRn   : [2026-09-11 05:04:14.049] [WiVRn] [info] Tracking pattern (11112µs):
09-11 05:04:14.049  9658 19822 I WiVRn   : [2026-09-11 05:04:14.049] [WiVRn] [info] 	t+3532µs HEAD (7580µs)
09-11 05:04:14.049  9658 19822 I WiVRn   : [2026-09-11 05:04:14.049] [WiVRn] [info] 	t+3568µs LEFT_GRIP (7544µs)
09-11 05:04:14.049  9658 19822 I WiVRn   : [2026-09-11 05:04:14.049] [WiVRn] [info] 	t+3574µs RIGHT_GRIP (7538µs)
09-11 05:04:14.049  9658 19822 I WiVRn   : [2026-09-11 05:04:14.049] [WiVRn] [info] 	t+6532µs HEAD (4580µs)
09-11 05:04:14.049  9658 19822 I WiVRn   : [2026-09-11 05:04:14.049] [WiVRn] [info] 	t+6568µs LEFT_GRIP (4544µs)
09-11 05:04:14.049  9658 19822 I WiVRn   : [2026-09-11 05:04:14.049] [WiVRn] [info] 	t+6574µs RIGHT_GRIP (4538µs)
09-11 05:04:14.442  9658 19763 I PxrMetric: FPS=79/90,MTP=39.49ms,AppSW=off,FrmEarly=31,FrmLate=7,FrmCpu=0.95ms,FrmGpu=9.99ms,FrmTime=16.94ms,ATWGPU=1.59ms,VsyncDelay=2,GPU=94%/587Mhz,GPUTemp=76.0C,LayerCnt=3,Pkg=org.meumeu.wivrn.nx.warp,FrmId=6341
09-11 05:04:14.986  9658 19817 I WiVRn   : [2026-09-11 05:04:14.986] [WiVRn] [info] nxwarp[0] net: 109 frames closed in 2.0 s, 0 with a hole, 0 out-of-order datagrams, 0 frames completed late, 0 queued for the worker, 3972 decoded so far, 4209 stragglers dropped; last hole 1890/2016 chunks, first missing 1527, short false, chunk 1166 B; worker phase idle
09-11 05:04:14.987  9658 19817 I WiVRn   : [2026-09-11 05:04:14.987] [WiVRn] [info] nxwarp[0] net: 0.026 ms per datagram over 32270 datagrams (411.57 ms of every second)
09-11 05:04:14.987  9658 19817 I WiVRn   : [2026-09-11 05:04:14.987] [WiVRn] [info] nxwarp[0] sel: stride 1, arrival 17.9 ms, dropped-late 77, withheld 0, decoded 3972
09-11 05:04:14.987  9658 19817 I WiVRn   : [2026-09-11 05:04:14.987] [WiVRn] [info] nxwarp[0] rx: 1299566 datagrams, placed 9984742 (+384552), late 574617 (+1808), stale_frame 0, bad_range 0, bad_dir 0, bad_caps 0, bad_ver 0, auth_fail 0, replay 0, frozen 0, dup 530
09-11 05:04:15.049  9658 19822 I WiVRn   : [2026-09-11 05:04:15.049] [WiVRn] [info] Tracking pattern (11109µs):
09-11 05:04:15.049  9658 19822 I WiVRn   : [2026-09-11 05:04:15.049] [WiVRn] [info] 	t+3371µs HEAD (7737µs)
09-11 05:04:15.049  9658 19822 I WiVRn   : [2026-09-11 05:04:15.049] [WiVRn] [info] 	t+3422µs LEFT_GRIP (7686µs)
09-11 05:04:15.049  9658 19822 I WiVRn   : [2026-09-11 05:04:15.049] [WiVRn] [info] 	t+3427µs RIGHT_GRIP (7681µs)
09-11 05:04:15.049  9658 19822 I WiVRn   : [2026-09-11 05:04:15.049] [WiVRn] [info] 	t+6371µs HEAD (4737µs)
09-11 05:04:15.049  9658 19822 I WiVRn   : [2026-09-11 05:04:15.049] [WiVRn] [info] 	t+6422µs LEFT_GRIP (4686µs)
09-11 05:04:15.049  9658 19822 I WiVRn   : [2026-09-11 05:04:15.049] [WiVRn] [info] 	t+6427µs RIGHT_GRIP (4681µs)
09-11 05:04:15.454  9658 19763 I PxrMetric: FPS=86/90,MTP=44.71ms,AppSW=off,FrmEarly=21,FrmLate=13,FrmCpu=0.69ms,FrmGpu=13.34ms,FrmTime=22.75ms,ATWGPU=1.59ms,VsyncDelay=3,GPU=94%/587Mhz,GPUTemp=76.4C,LayerCnt=3,Pkg=org.meumeu.wivrn.nx.warp,FrmId=6424
09-11 05:04:15.713  9658 19767 I WiVRn   : [2026-09-11 05:04:15.713] [WiVRn] [info] render: 168 iterations in 2.0 s (83.7/s), 168 submitted a layer, 111 new-source, 0 skipped by the repeat gate, 0 with nothing to show; display period 12.0 ms
09-11 05:04:15.713  9658 19767 I WiVRn   : [2026-09-11 05:04:15.713] [WiVRn] [info] render: ready wait attempts 71 success 14 total 60.853 ms | selected older than available 0
09-11 05:04:15.713  9658 19767 I WiVRn   : [2026-09-11 05:04:15.713] [WiVRn] [info] render: selected source transitions forward 111 backward 0 repeat 57, greatest forward gap 1
09-11 05:04:15.713  9658 19767 I WiVRn   : [2026-09-11 05:04:15.713] [WiVRn] [info] render: this app's own GPU pass 3.0 ms per iteration
09-11 05:04:15.713  9658 19767 I WiVRn   : [2026-09-11 05:04:15.713] [WiVRn] [info] render: defoveate 2688x2688 per eye x2 = 14.45 Mpx/frame at scale 1.00 atlas-prototype 0; 57 re-presented from the cache (reduce_gpu_load on)
09-11 05:04:15.713  9658 19767 I WiVRn   : [2026-09-11 05:04:15.713] [WiVRn] [info] render: shader path sharpness 0.00 fsr false alpha false motion false blend false glow 0.00 vignette 0.00 deband 0.00 lowpoly 0.00 levels 0 full-kernel false
09-11 05:04:15.713  9658 19767 I WiVRn   : [2026-09-11 05:04:15.713] [WiVRn] [info] render: per iteration fence 2.4 (worst 12.6) | queries 0.0 | submit 0.0 | whole render() 3.3 ms
09-11 05:04:15.713  9658 19767 I WiVRn   : [2026-09-11 05:04:15.713] [WiVRn] [info] render: selection-to-defoveate CPU 0.052 ms mean (max 0.096) over 111 actual defoveate calls; not GPU/photon latency
09-11 05:04:15.713  9658 19767 I WiVRn   : [2026-09-11 05:04:15.713] [WiVRn] [info] render: jit on | wake slack 44.7 ms | slept 5.0 ms mean (max 5.0, 168 of 168 iterations) | budget 14.0 = pass 13.0 + margin 1.0 | sleep cap 5.0 ms
09-11 05:04:15.713  9658 19767 I WiVRn   : [2026-09-11 05:04:15.713] [WiVRn] [info] render: source display-time offset 75.0 ms mean (worst 101.8) over 168 frames | submit lead 36.3 ms mean (worst 22.5) | misses: 0 overrun 0 late 0 skipped refresh
09-11 05:04:15.713  9658 19767 I WiVRn   : [2026-09-11 05:04:15.713] [WiVRn] [info] render: source->first 6.0 ms | wire 8.2 | queue 2.0 | decode 15.5 | decode->selection 6.5 | selection->predicted 36.8 | sum 75.0 over 168 selected frames (0 invalid)
09-11 05:04:15.767  9658 19819 I WiVRn   : [2026-09-11 05:04:15.767] [WiVRn] [info] nxwarp[0]: 110 frames in 2.0 s: 234235 B/frame, wait-prev 0.0 ms, wall 15.6 ms, nxvc passA 4.6 passB 7.9 gpu 12.6 ms; holes 1, refused 0
09-11 05:04:15.767  9658 19819 I WiVRn   : [2026-09-11 05:04:15.767] [WiVRn] [info] nxwarp[0] gpu duty 688 ms/s (69% of one GPU) for decode alone; the display pass is extra
09-11 05:04:15.768  9658 19819 I WiVRn   : [2026-09-11 05:04:15.768] [WiVRn] [info] nxwarp[0] passB 7.9 ms = warp 0.0 + skip 0.0 + coded 0.0 + dir 0.0 + other 7.9; tiles skip 0 / coded 3528 / dir 0 (eye pass 0)
09-11 05:04:15.768  9658 19819 I WiVRn   : [2026-09-11 05:04:15.768] [WiVRn] [info] nxwarp[0]: 77 frames dropped late (queue kept to 1)
09-11 05:04:15.768  9658 19819 I WiVRn   : [2026-09-11 05:04:15.768] [WiVRn] [info] nxwarp[0] stage: gap 2.6 | wait-prev 0.0 | submit 1.4 (qlock 0.0 + codec 1.4) | get_free 0.0 | fence-pre 0.0 | record 0.0 | qsubmit 0.0 | fence-post 14.2 | publish 0.0 ms; withheld 0, stride 1, arrival 17.8 ms
09-11 05:04:15.768  9658 19819 I WiVRn   : [2026-09-11 05:04:15.768] [WiVRn] [info] nxwarp[0] reassembly (network thread): 0.21 ms/frame over 111 frames, buffer 229 kB held for 229 kB of unit (1.0x)
09-11 05:04:15.768  9658 19819 I WiVRn   : [2026-09-11 05:04:15.768] [WiVRn] [info] nxwarp[0] fence-post 14.2 ms = nxvc gpu 12.6 + copy gpu 0.00 + queue 1.6 (over 110 frames with timestamps)
09-11 05:04:16.049  9658 19822 I WiVRn   : [2026-09-11 05:04:16.049] [WiVRn] [info] Tracking pattern (11113µs):
09-11 05:04:16.049  9658 19822 I WiVRn   : [2026-09-11 05:04:16.049] [WiVRn] [info] 	t+3447µs HEAD (7666µs)
09-11 05:04:16.049  9658 19822 I WiVRn   : [2026-09-11 05:04:16.049] [WiVRn] [info] 	t+3492µs LEFT_GRIP (7620µs)
09-11 05:04:16.049  9658 19822 I WiVRn   : [2026-09-11 05:04:16.049] [WiVRn] [info] 	t+3500µs RIGHT_GRIP (7612µs)
09-11 05:04:16.049  9658 19822 I WiVRn   : [2026-09-11 05:04:16.049] [WiVRn] [info] 	t+6447µs HEAD (4666µs)
09-11 05:04:16.049  9658 19822 I WiVRn   : [2026-09-11 05:04:16.049] [WiVRn] [info] 	t+6492µs LEFT_GRIP (4620µs)
09-11 05:04:16.049  9658 19822 I WiVRn   : [2026-09-11 05:04:16.049] [WiVRn] [info] 	t+6500µs RIGHT_GRIP (4612µs)
09-11 05:04:16.471  9658 19763 I PxrMetric: FPS=82/90,MTP=41.01ms,AppSW=off,FrmEarly=28,FrmLate=6,FrmCpu=0.78ms,FrmGpu=11.58ms,FrmTime=18.76ms,ATWGPU=1.59ms,VsyncDelay=2,GPU=94%/587Mhz,GPUTemp=76.8C,LayerCnt=3,Pkg=org.meumeu.wivrn.nx.warp,FrmId=6509
09-11 05:04:16.998  9658 19817 I WiVRn   : [2026-09-11 05:04:16.998] [WiVRn] [info] nxwarp[0] net: 109 frames closed in 2.0 s, 0 with a hole, 0 out-of-order datagrams, 0 frames completed late, 0 queued for the worker, 4081 decoded so far, 4318 stragglers dropped; last hole 1890/2016 chunks, first missing 1527, short false, chunk 1166 B; worker phase idle
09-11 05:04:16.998  9658 19817 I WiVRn   : [2026-09-11 05:04:16.998] [WiVRn] [info] nxwarp[0] net: 0.026 ms per datagram over 32385 datagrams (412.19 ms of every second)
09-11 05:04:16.998  9658 19817 I WiVRn   : [2026-09-11 05:04:16.998] [WiVRn] [info] nxwarp[0] sel: stride 1, arrival 17.8 ms, dropped-late 77, withheld 0, decoded 4081
09-11 05:04:16.998  9658 19817 I WiVRn   : [2026-09-11 05:04:16.998] [WiVRn] [info] nxwarp[0] rx: 1331951 datagrams, placed 10316149 (+331407), late 580539 (+5922), stale_frame 0, bad_range 0, bad_dir 0, bad_caps 0, bad_ver 0, auth_fail 0, replay 0, frozen 0, dup 535
09-11 05:04:17.049  9658 19822 I WiVRn   : [2026-09-11 05:04:17.049] [WiVRn] [info] Tracking pattern (11110µs):
09-11 05:04:17.049  9658 19822 I WiVRn   : [2026-09-11 05:04:17.049] [WiVRn] [info] 	t+3312µs HEAD (7797µs)
09-11 05:04:17.049  9658 19822 I WiVRn   : [2026-09-11 05:04:17.049] [WiVRn] [info] 	t+3359µs LEFT_GRIP (7751µs)
09-11 05:04:17.049  9658 19822 I WiVRn   : [2026-09-11 05:04:17.049] [WiVRn] [info] 	t+3365µs RIGHT_GRIP (7744µs)
09-11 05:04:17.049  9658 19822 I WiVRn   : [2026-09-11 05:04:17.049] [WiVRn] [info] 	t+6312µs HEAD (4797µs)
09-11 05:04:17.049  9658 19822 I WiVRn   : [2026-09-11 05:04:17.049] [WiVRn] [info] 	t+6359µs LEFT_GRIP (4751µs)
09-11 05:04:17.049  9658 19822 I WiVRn   : [2026-09-11 05:04:17.049] [WiVRn] [info] 	t+6365µs RIGHT_GRIP (4744µs)
09-11 05:04:17.479  9658 19763 I PxrMetric: FPS=84/90,MTP=35.44ms,AppSW=off,FrmEarly=35,FrmLate=8,FrmCpu=0.85ms,FrmGpu=9.71ms,FrmTime=16.98ms,ATWGPU=1.59ms,VsyncDelay=2,GPU=94%/587Mhz,GPUTemp=77.9C,LayerCnt=3,Pkg=org.meumeu.wivrn.nx.warp,FrmId=6593
09-11 05:04:17.713  9658 19767 I WiVRn   : [2026-09-11 05:04:17.713] [WiVRn] [info] render: 167 iterations in 2.0 s (83.4/s), 167 submitted a layer, 106 new-source, 0 skipped by the repeat gate, 0 with nothing to show; display period 12.0 ms
09-11 05:04:17.713  9658 19767 I WiVRn   : [2026-09-11 05:04:17.713] [WiVRn] [info] render: ready wait attempts 74 success 13 total 65.185 ms | selected older than available 0
09-11 05:04:17.713  9658 19767 I WiVRn   : [2026-09-11 05:04:17.713] [WiVRn] [info] render: selected source transitions forward 106 backward 0 repeat 61, greatest forward gap 1
09-11 05:04:17.713  9658 19767 I WiVRn   : [2026-09-11 05:04:17.713] [WiVRn] [info] render: this app's own GPU pass 3.0 ms per iteration
09-11 05:04:17.713  9658 19767 I WiVRn   : [2026-09-11 05:04:17.713] [WiVRn] [info] render: defoveate 2688x2688 per eye x2 = 14.45 Mpx/frame at scale 1.00 atlas-prototype 0; 61 re-presented from the cache (reduce_gpu_load on)
09-11 05:04:17.713  9658 19767 I WiVRn   : [2026-09-11 05:04:17.713] [WiVRn] [info] render: shader path sharpness 0.00 fsr false alpha false motion false blend false glow 0.00 vignette 0.00 deband 0.00 lowpoly 0.00 levels 0 full-kernel false
09-11 05:04:17.713  9658 19767 I WiVRn   : [2026-09-11 05:04:17.713] [WiVRn] [info] render: per iteration fence 2.2 (worst 13.3) | queries 0.0 | submit 0.0 | whole render() 3.1 ms
09-11 05:04:17.713  9658 19767 I WiVRn   : [2026-09-11 05:04:17.713] [WiVRn] [info] render: selection-to-defoveate CPU 0.050 ms mean (max 0.119) over 106 actual defoveate calls; not GPU/photon latency
09-11 05:04:17.713  9658 19767 I WiVRn   : [2026-09-11 05:04:17.713] [WiVRn] [info] render: jit on | wake slack 45.8 ms | slept 5.0 ms mean (max 5.0, 167 of 167 iterations) | budget 14.8 = pass 13.8 + margin 1.0 | sleep cap 5.0 ms
09-11 05:04:17.713  9658 19767 I WiVRn   : [2026-09-11 05:04:17.713] [WiVRn] [info] render: source display-time offset 78.0 ms mean (worst 90.8) over 167 frames | submit lead 37.7 ms mean (worst 22.9) | misses: 0 overrun 0 late 0 skipped refresh
09-11 05:04:17.713  9658 19767 I WiVRn   : [2026-09-11 05:04:17.713] [WiVRn] [info] render: source->first 6.2 ms | wire 8.6 | queue 2.0 | decode 16.2 | decode->selection 6.8 | selection->predicted 38.2 | sum 78.0 over 167 selected frames (0 invalid)
09-11 05:04:17.778  9658 19819 I WiVRn   : [2026-09-11 05:04:17.778] [WiVRn] [info] nxwarp[0]: 107 frames in 2.0 s: 250183 B/frame, wait-prev 0.0 ms, wall 16.3 ms, nxvc passA 4.6 passB 8.2 gpu 12.8 ms; holes 1, refused 0
09-11 05:04:17.778  9658 19819 I WiVRn   : [2026-09-11 05:04:17.778] [WiVRn] [info] nxwarp[0] gpu duty 681 ms/s (68% of one GPU) for decode alone; the display pass is extra
09-11 05:04:17.778  9658 19819 I WiVRn   : [2026-09-11 05:04:17.778] [WiVRn] [info] nxwarp[0] passB 8.2 ms = warp 0.0 + skip 0.0 + coded 0.0 + dir 0.0 + other 8.2; tiles skip 0 / coded 3528 / dir 0 (eye pass 0)
09-11 05:04:17.778  9658 19819 I WiVRn   : [2026-09-11 05:04:17.778] [WiVRn] [info] nxwarp[0]: 77 frames dropped late (queue kept to 1)
09-11 05:04:17.778  9658 19819 I WiVRn   : [2026-09-11 05:04:17.778] [WiVRn] [info] nxwarp[0] stage: gap 2.5 | wait-prev 0.0 | submit 1.4 (qlock 0.0 + codec 1.4) | get_free 0.0 | fence-pre 0.0 | record 0.0 | qsubmit 0.0 | fence-post 14.8 | publish 0.0 ms; withheld 0, stride 1, arrival 19.1 ms
09-11 05:04:17.778  9658 19819 I WiVRn   : [2026-09-11 05:04:17.778] [WiVRn] [info] nxwarp[0] reassembly (network thread): 0.20 ms/frame over 106 frames, buffer 244 kB held for 244 kB of unit (1.0x)
09-11 05:04:17.778  9658 19819 I WiVRn   : [2026-09-11 05:04:17.778] [WiVRn] [info] nxwarp[0] fence-post 14.8 ms = nxvc gpu 12.8 + copy gpu 0.00 + queue 2.0 (over 107 frames with timestamps)
09-11 05:04:18.049  9658 19822 I WiVRn   : [2026-09-11 05:04:18.049] [WiVRn] [info] Tracking pattern (11110µs):
09-11 05:04:18.049  9658 19822 I WiVRn   : [2026-09-11 05:04:18.049] [WiVRn] [info] 	t+3252µs HEAD (7857µs)
09-11 05:04:18.049  9658 19822 I WiVRn   : [2026-09-11 05:04:18.049] [WiVRn] [info] 	t+3297µs LEFT_GRIP (7812µs)
09-11 05:04:18.049  9658 19822 I WiVRn   : [2026-09-11 05:04:18.049] [WiVRn] [info] 	t+3305µs RIGHT_GRIP (7804µs)
09-11 05:04:18.049  9658 19822 I WiVRn   : [2026-09-11 05:04:18.049] [WiVRn] [info] 	t+6252µs HEAD (4857µs)
09-11 05:04:18.049  9658 19822 I WiVRn   : [2026-09-11 05:04:18.049] [WiVRn] [info] 	t+6297µs LEFT_GRIP (4812µs)
09-11 05:04:18.049  9658 19822 I WiVRn   : [2026-09-11 05:04:18.049] [WiVRn] [info] 	t+6305µs RIGHT_GRIP (4804µs)
09-11 05:04:18.494  9658 19763 I PxrMetric: FPS=83/90,MTP=38.68ms,AppSW=off,FrmEarly=36,FrmLate=4,FrmCpu=0.77ms,FrmGpu=11.49ms,FrmTime=18.82ms,ATWGPU=1.59ms,VsyncDelay=3,GPU=99%/587Mhz,GPUTemp=76.0C,LayerCnt=3,Pkg=org.meumeu.wivrn.nx.warp,FrmId=6680
09-11 05:04:19.008  9658 19817 I WiVRn   : [2026-09-11 05:04:19.008] [WiVRn] [info] nxwarp[0] net: 106 frames closed in 2.0 s, 0 with a hole, 0 out-of-order datagrams, 0 frames completed late, 0 queued for the worker, 4187 decoded so far, 4424 stragglers dropped; last hole 1890/2016 chunks, first missing 1527, short false, chunk 1166 B; worker phase idle
09-11 05:04:19.008  9658 19817 I WiVRn   : [2026-09-11 05:04:19.008] [WiVRn] [info] nxwarp[0] net: 0.025 ms per datagram over 34618 datagrams (431.99 ms of every second)
09-11 05:04:19.008  9658 19817 I WiVRn   : [2026-09-11 05:04:19.008] [WiVRn] [info] nxwarp[0] sel: stride 1, arrival 18.8 ms, dropped-late 77, withheld 0, decoded 4187
09-11 05:04:19.008  9658 19817 I WiVRn   : [2026-09-11 05:04:19.008] [WiVRn] [info] nxwarp[0] rx: 1366569 datagrams, placed 10673591 (+357442), late 588004 (+7465), stale_frame 0, bad_range 0, bad_dir 0, bad_caps 0, bad_ver 0, auth_fail 0, replay 0, frozen 0, dup 539
09-11 05:04:19.049  9658 19822 I WiVRn   : [2026-09-11 05:04:19.049] [WiVRn] [info] Tracking pattern (11120µs):
09-11 05:04:19.050  9658 19822 I WiVRn   : [2026-09-11 05:04:19.050] [WiVRn] [info] 	t+3148µs HEAD (7971µs)
09-11 05:04:19.050  9658 19822 I WiVRn   : [2026-09-11 05:04:19.050] [WiVRn] [info] 	t+3205µs LEFT_GRIP (7914µs)
09-11 05:04:19.050  9658 19822 I WiVRn   : [2026-09-11 05:04:19.050] [WiVRn] [info] 	t+3210µs RIGHT_GRIP (7909µs)
09-11 05:04:19.050  9658 19822 I WiVRn   : [2026-09-11 05:04:19.050] [WiVRn] [info] 	t+6148µs HEAD (4971µs)
09-11 05:04:19.050  9658 19822 I WiVRn   : [2026-09-11 05:04:19.050] [WiVRn] [info] 	t+6205µs LEFT_GRIP (4914µs)
09-11 05:04:19.050  9658 19822 I WiVRn   : [2026-09-11 05:04:19.050] [WiVRn] [info] 	t+6210µs RIGHT_GRIP (4909µs)
09-11 05:04:19.498  9658 19763 I PxrMetric: FPS=86/90,MTP=36.27ms,AppSW=off,FrmEarly=27,FrmLate=4,FrmCpu=0.92ms,FrmGpu=10.69ms,FrmTime=17.71ms,ATWGPU=1.59ms,VsyncDelay=2,GPU=99%/587Mhz,GPUTemp=76.4C,LayerCnt=3,Pkg=org.meumeu.wivrn.nx.warp,FrmId=6769
09-11 05:04:19.728  9658 19767 I WiVRn   : [2026-09-11 05:04:19.728] [WiVRn] [info] render: 177 iterations in 2.0 s (88.0/s), 177 submitted a layer, 106 new-source, 0 skipped by the repeat gate, 0 with nothing to show; display period 11.4 ms
09-11 05:04:19.728  9658 19767 I WiVRn   : [2026-09-11 05:04:19.728] [WiVRn] [info] render: ready wait attempts 103 success 32 total 76.363 ms | selected older than available 0
09-11 05:04:19.728  9658 19767 I WiVRn   : [2026-09-11 05:04:19.728] [WiVRn] [info] render: selected source transitions forward 106 backward 0 repeat 71, greatest forward gap 1
09-11 05:04:19.728  9658 19767 I WiVRn   : [2026-09-11 05:04:19.728] [WiVRn] [info] render: this app's own GPU pass 2.7 ms per iteration
09-11 05:04:19.728  9658 19767 I WiVRn   : [2026-09-11 05:04:19.728] [WiVRn] [info] render: defoveate 2688x2688 per eye x2 = 14.45 Mpx/frame at scale 1.00 atlas-prototype 0; 71 re-presented from the cache (reduce_gpu_load on)
09-11 05:04:19.728  9658 19767 I WiVRn   : [2026-09-11 05:04:19.728] [WiVRn] [info] render: shader path sharpness 0.00 fsr false alpha false motion false blend false glow 0.00 vignette 0.00 deband 0.00 lowpoly 0.00 levels 0 full-kernel false
09-11 05:04:19.728  9658 19767 I WiVRn   : [2026-09-11 05:04:19.728] [WiVRn] [info] render: per iteration fence 1.8 (worst 13.6) | queries 0.0 | submit 0.0 | whole render() 2.8 ms
09-11 05:04:19.728  9658 19767 I WiVRn   : [2026-09-11 05:04:19.728] [WiVRn] [info] render: selection-to-defoveate CPU 0.051 ms mean (max 0.121) over 106 actual defoveate calls; not GPU/photon latency
09-11 05:04:19.728  9658 19767 I WiVRn   : [2026-09-11 05:04:19.728] [WiVRn] [info] render: jit on | wake slack 44.5 ms | slept 5.0 ms mean (max 5.0, 177 of 177 iterations) | budget 14.5 = pass 13.5 + margin 1.0 | sleep cap 5.0 ms
09-11 05:04:19.728  9658 19767 I WiVRn   : [2026-09-11 05:04:19.728] [WiVRn] [info] render: source display-time offset 77.1 ms mean (worst 91.1) over 177 frames | submit lead 36.8 ms mean (worst 25.2) | misses: 0 overrun 0 late 0 skipped refresh
09-11 05:04:19.728  9658 19767 I WiVRn   : [2026-09-11 05:04:19.728] [WiVRn] [info] render: source->first 6.6 ms | wire 9.2 | queue 1.8 | decode 16.4 | decode->selection 5.8 | selection->predicted 37.2 | sum 77.1 over 177 selected frames (0 invalid)
09-11 05:04:19.786  9658 19819 I WiVRn   : [2026-09-11 05:04:19.786] [WiVRn] [info] nxwarp[0]: 105 frames in 2.0 s: 262122 B/frame, wait-prev 0.0 ms, wall 16.5 ms, nxvc passA 4.7 passB 8.3 gpu 13.0 ms; holes 1, refused 0
09-11 05:04:19.786  9658 19819 I WiVRn   : [2026-09-11 05:04:19.786] [WiVRn] [info] nxwarp[0] gpu duty 682 ms/s (68% of one GPU) for decode alone; the display pass is extra
09-11 05:04:19.786  9658 19819 I WiVRn   : [2026-09-11 05:04:19.786] [WiVRn] [info] nxwarp[0] passB 8.3 ms = warp 0.0 + skip 0.0 + coded 0.0 + dir 0.0 + other 8.3; tiles skip 0 / coded 3528 / dir 0 (eye pass 0)
09-11 05:04:19.786  9658 19819 I WiVRn   : [2026-09-11 05:04:19.786] [WiVRn] [info] nxwarp[0]: 77 frames dropped late (queue kept to 1)
09-11 05:04:19.786  9658 19819 I WiVRn   : [2026-09-11 05:04:19.786] [WiVRn] [info] nxwarp[0] stage: gap 2.6 | wait-prev 0.0 | submit 1.4 (qlock 0.0 + codec 1.4) | get_free 0.0 | fence-pre 0.0 | record 0.0 | qsubmit 0.0 | fence-post 15.1 | publish 0.0 ms; withheld 0, stride 1, arrival 17.7 ms
09-11 05:04:19.786  9658 19819 I WiVRn   : [2026-09-11 05:04:19.786] [WiVRn] [info] nxwarp[0] reassembly (network thread): 0.22 ms/frame over 106 frames, buffer 256 kB held for 256 kB of unit (1.0x)
09-11 05:04:19.786  9658 19819 I WiVRn   : [2026-09-11 05:04:19.786] [WiVRn] [info] nxwarp[0] fence-post 15.1 ms = nxvc gpu 13.0 + copy gpu 0.00 + queue 2.0 (over 105 frames with timestamps)
09-11 05:04:20.049  9658 19822 I WiVRn   : [2026-09-11 05:04:20.049] [WiVRn] [info] Tracking pattern (11110µs):
09-11 05:04:20.050  9658 19822 I WiVRn   : [2026-09-11 05:04:20.050] [WiVRn] [info] 	t+3162µs HEAD (7947µs)
09-11 05:04:20.050  9658 19822 I WiVRn   : [2026-09-11 05:04:20.050] [WiVRn] [info] 	t+3198µs LEFT_GRIP (7911µs)
09-11 05:04:20.050  9658 19822 I WiVRn   : [2026-09-11 05:04:20.050] [WiVRn] [info] 	t+3210µs RIGHT_GRIP (7899µs)
09-11 05:04:20.050  9658 19822 I WiVRn   : [2026-09-11 05:04:20.050] [WiVRn] [info] 	t+6162µs HEAD (4947µs)
09-11 05:04:20.050  9658 19822 I WiVRn   : [2026-09-11 05:04:20.050] [WiVRn] [info] 	t+6198µs LEFT_GRIP (4911µs)
09-11 05:04:20.050  9658 19822 I WiVRn   : [2026-09-11 05:04:20.050] [WiVRn] [info] 	t+6210µs RIGHT_GRIP (4899µs)
09-11 05:04:20.498  9658 19763 I PxrMetric: FPS=89/90,MTP=34.57ms,AppSW=off,FrmEarly=23,FrmLate=7,FrmCpu=0.84ms,FrmGpu=10.62ms,FrmTime=17.45ms,ATWGPU=1.60ms,VsyncDelay=3,GPU=97%/587Mhz,GPUTemp=77.9C,LayerCnt=3,Pkg=org.meumeu.wivrn.nx.warp,FrmId=6850
09-11 05:04:21.029  9658 19817 I WiVRn   : [2026-09-11 05:04:21.029] [WiVRn] [info] nxwarp[0] net: 106 frames closed in 2.0 s, 0 with a hole, 0 out-of-order datagrams, 0 frames completed late, 0 queued for the worker, 4293 decoded so far, 4540 stragglers dropped; last hole 1890/2016 chunks, first missing 1527, short false, chunk 1166 B; worker phase idle
09-11 05:04:21.030  9658 19817 I WiVRn   : [2026-09-11 05:04:21.030] [WiVRn] [info] nxwarp[0] net: 0.025 ms per datagram over 33153 datagrams (417.69 ms of every second)
09-11 05:04:21.030  9658 19817 I WiVRn   : [2026-09-11 05:04:21.030] [WiVRn] [info] nxwarp[0] sel: stride 1, arrival 17.4 ms, dropped-late 77, withheld 0, decoded 4293
09-11 05:04:21.030  9658 19817 I WiVRn   : [2026-09-11 05:04:21.030] [WiVRn] [info] nxwarp[0] rx: 1399722 datagrams, placed 10945062 (+271471), late 602502 (+14498), stale_frame 0, bad_range 0, bad_dir 0, bad_caps 0, bad_ver 0, auth_fail 0, replay 0, frozen 0, dup 547
09-11 05:04:21.050  9658 19822 I WiVRn   : [2026-09-11 05:04:21.049] [WiVRn] [info] Tracking pattern (11110µs):
09-11 05:04:21.050  9658 19822 I WiVRn   : [2026-09-11 05:04:21.050] [WiVRn] [info] 	t+3051µs HEAD (8059µs)
09-11 05:04:21.050  9658 19822 I WiVRn   : [2026-09-11 05:04:21.050] [WiVRn] [info] 	t+3102µs LEFT_GRIP (8008µs)
09-11 05:04:21.050  9658 19822 I WiVRn   : [2026-09-11 05:04:21.050] [WiVRn] [info] 	t+3107µs RIGHT_GRIP (8003µs)
09-11 05:04:21.050  9658 19822 I WiVRn   : [2026-09-11 05:04:21.050] [WiVRn] [info] 	t+6051µs HEAD (5059µs)
09-11 05:04:21.050  9658 19822 I WiVRn   : [2026-09-11 05:04:21.050] [WiVRn] [info] 	t+6102µs LEFT_GRIP (5008µs)
09-11 05:04:21.050  9658 19822 I WiVRn   : [2026-09-11 05:04:21.050] [WiVRn] [info] 	t+6107µs RIGHT_GRIP (5003µs)
09-11 05:04:21.499  9658 19763 I PxrMetric: FPS=81/90,MTP=39.69ms,AppSW=off,FrmEarly=29,FrmLate=3,FrmCpu=0.82ms,FrmGpu=11.87ms,FrmTime=20.28ms,ATWGPU=1.59ms,VsyncDelay=2,GPU=95%/587Mhz,GPUTemp=75.6C,LayerCnt=3,Pkg=org.meumeu.wivrn.nx.warp,FrmId=6937
09-11 05:04:21.727  9658 19767 I WiVRn   : [2026-09-11 05:04:21.726] [WiVRn] [info] render: 167 iterations in 2.0 s (83.4/s), 167 submitted a layer, 105 new-source, 0 skipped by the repeat gate, 0 with nothing to show; display period 12.0 ms
09-11 05:04:21.727  9658 19767 I WiVRn   : [2026-09-11 05:04:21.727] [WiVRn] [info] render: ready wait attempts 88 success 26 total 66.441 ms | selected older than available 0
09-11 05:04:21.727  9658 19767 I WiVRn   : [2026-09-11 05:04:21.727] [WiVRn] [info] render: selected source transitions forward 105 backward 0 repeat 62, greatest forward gap 2
09-11 05:04:21.727  9658 19767 I WiVRn   : [2026-09-11 05:04:21.727] [WiVRn] [info] render: this app's own GPU pass 2.8 ms per iteration
09-11 05:04:21.727  9658 19767 I WiVRn   : [2026-09-11 05:04:21.727] [WiVRn] [info] render: defoveate 2688x2688 per eye x2 = 14.45 Mpx/frame at scale 1.00 atlas-prototype 0; 62 re-presented from the cache (reduce_gpu_load on)
09-11 05:04:21.727  9658 19767 I WiVRn   : [2026-09-11 05:04:21.727] [WiVRn] [info] render: shader path sharpness 0.00 fsr false alpha false motion false blend false glow 0.00 vignette 0.00 deband 0.00 lowpoly 0.00 levels 0 full-kernel false
09-11 05:04:21.727  9658 19767 I WiVRn   : [2026-09-11 05:04:21.727] [WiVRn] [info] render: per iteration fence 2.0 (worst 13.5) | queries 0.0 | submit 0.0 | whole render() 3.0 ms
09-11 05:04:21.727  9658 19767 I WiVRn   : [2026-09-11 05:04:21.727] [WiVRn] [info] render: selection-to-defoveate CPU 0.051 ms mean (max 0.140) over 105 actual defoveate calls; not GPU/photon latency
09-11 05:04:21.727  9658 19767 I WiVRn   : [2026-09-11 05:04:21.727] [WiVRn] [info] render: jit on | wake slack 44.8 ms | slept 5.0 ms mean (max 5.0, 167 of 167 iterations) | budget 13.7 = pass 12.7 + margin 1.0 | sleep cap 5.0 ms
09-11 05:04:21.727  9658 19767 I WiVRn   : [2026-09-11 05:04:21.727] [WiVRn] [info] render: source display-time offset 76.0 ms mean (worst 91.1) over 167 frames | submit lead 36.8 ms mean (worst 20.9) | misses: 0 overrun 0 late 0 skipped refresh
09-11 05:04:21.727  9658 19767 I WiVRn   : [2026-09-11 05:04:21.727] [WiVRn] [info] render: source->first 6.3 ms | wire 8.5 | queue 1.7 | decode 16.1 | decode->selection 6.1 | selection->predicted 37.3 | sum 76.0 over 167 selected frames (0 invalid)
09-11 05:04:21.801  9658 19819 I WiVRn   : [2026-09-11 05:04:21.801] [WiVRn] [info] nxwarp[0]: 107 frames in 2.0 s: 255014 B/frame, wait-prev 0.0 ms, wall 16.1 ms, nxvc passA 4.7 passB 8.2 gpu 12.9 ms; holes 1, refused 0
09-11 05:04:21.801  9658 19819 I WiVRn   : [2026-09-11 05:04:21.801] [WiVRn] [info] nxwarp[0] gpu duty 687 ms/s (69% of one GPU) for decode alone; the display pass is extra
09-11 05:04:21.801  9658 19819 I WiVRn   : [2026-09-11 05:04:21.801] [WiVRn] [info] nxwarp[0] passB 8.2 ms = warp 0.0 + skip 0.0 + coded 0.0 + dir 0.0 + other 8.2; tiles skip 0 / coded 3528 / dir 0 (eye pass 0)
09-11 05:04:21.801  9658 19819 I WiVRn   : [2026-09-11 05:04:21.801] [WiVRn] [info] nxwarp[0]: 77 frames dropped late (queue kept to 1)
09-11 05:04:21.801  9658 19819 I WiVRn   : [2026-09-11 05:04:21.801] [WiVRn] [info] nxwarp[0] stage: gap 2.7 | wait-prev 0.0 | submit 1.4 (qlock 0.0 + codec 1.4) | get_free 0.0 | fence-pre 0.0 | record 0.0 | qsubmit 0.0 | fence-post 14.6 | publish 0.0 ms; withheld 0, stride 1, arrival 17.6 ms
09-11 05:04:21.801  9658 19819 I WiVRn   : [2026-09-11 05:04:21.801] [WiVRn] [info] nxwarp[0] reassembly (network thread): 0.16 ms/frame over 107 frames, buffer 249 kB held for 249 kB of unit (1.0x)
09-11 05:04:21.801  9658 19819 I WiVRn   : [2026-09-11 05:04:21.801] [WiVRn] [info] nxwarp[0] fence-post 14.6 ms = nxvc gpu 12.9 + copy gpu 0.00 + queue 1.7 (over 107 frames with timestamps)
09-11 05:04:22.050  9658 19822 I WiVRn   : [2026-09-11 05:04:22.050] [WiVRn] [info] Tracking pattern (11111µs):
09-11 05:04:22.050  9658 19822 I WiVRn   : [2026-09-11 05:04:22.050] [WiVRn] [info] 	t+3485µs HEAD (7626µs)
09-11 05:04:22.050  9658 19822 I WiVRn   : [2026-09-11 05:04:22.050] [WiVRn] [info] 	t+3523µs LEFT_GRIP (7588µs)
09-11 05:04:22.050  9658 19822 I WiVRn   : [2026-09-11 05:04:22.050] [WiVRn] [info] 	t+3528µs RIGHT_GRIP (7583µs)
09-11 05:04:22.050  9658 19822 I WiVRn   : [2026-09-11 05:04:22.050] [WiVRn] [info] 	t+6485µs HEAD (4626µs)
09-11 05:04:22.050  9658 19822 I WiVRn   : [2026-09-11 05:04:22.050] [WiVRn] [info] 	t+6523µs LEFT_GRIP (4588µs)
09-11 05:04:22.050  9658 19822 I WiVRn   : [2026-09-11 05:04:22.050] [WiVRn] [info] 	t+6528µs RIGHT_GRIP (4583µs)
09-11 05:04:22.515  9658 19763 I PxrMetric: FPS=87/90,MTP=37.48ms,AppSW=off,FrmEarly=29,FrmLate=6,FrmCpu=0.79ms,FrmGpu=11.39ms,FrmTime=19.29ms,ATWGPU=1.60ms,VsyncDelay=2,GPU=99%/587Mhz,GPUTemp=78.7C,LayerCnt=3,Pkg=org.meumeu.wivrn.nx.warp,FrmId=7025
09-11 05:04:23.061  9658 19822 I WiVRn   : [2026-09-11 05:04:23.061] [WiVRn] [info] Tracking pattern (11109µs):
09-11 05:04:23.061  9658 19822 I WiVRn   : [2026-09-11 05:04:23.061] [WiVRn] [info] 	t+3375µs HEAD (7734µs)
09-11 05:04:23.061  9658 19822 I WiVRn   : [2026-09-11 05:04:23.061] [WiVRn] [info] 	t+3427µs LEFT_GRIP (7682µs)
09-11 05:04:23.061  9658 19822 I WiVRn   : [2026-09-11 05:04:23.061] [WiVRn] [info] 	t+3435µs RIGHT_GRIP (7674µs)
09-11 05:04:23.061  9658 19822 I WiVRn   : [2026-09-11 05:04:23.061] [WiVRn] [info] 	t+6375µs HEAD (4734µs)
09-11 05:04:23.061  9658 19822 I WiVRn   : [2026-09-11 05:04:23.061] [WiVRn] [info] 	t+6427µs LEFT_GRIP (4682µs)
09-11 05:04:23.061  9658 19822 I WiVRn   : [2026-09-11 05:04:23.061] [WiVRn] [info] 	t+6435µs RIGHT_GRIP (4674µs)
09-11 05:04:23.061  9658 19817 I WiVRn   : [2026-09-11 05:04:23.061] [WiVRn] [info] nxwarp[0] net: 109 frames closed in 2.0 s, 0 with a hole, 0 out-of-order datagrams, 0 frames completed late, 0 queued for the worker, 4402 decoded so far, 4661 stragglers dropped; last hole 1890/2016 chunks, first missing 1527, short false, chunk 1166 B; worker phase idle
09-11 05:04:23.061  9658 19817 I WiVRn   : [2026-09-11 05:04:23.061] [WiVRn] [info] nxwarp[0] net: 0.027 ms per datagram over 30639 datagrams (399.91 ms of every second)
09-11 05:04:23.061  9658 19817 I WiVRn   : [2026-09-11 05:04:23.061] [WiVRn] [info] nxwarp[0] sel: stride 1, arrival 18.6 ms, dropped-late 77, withheld 0, decoded 4402
09-11 05:04:23.061  9658 19817 I WiVRn   : [2026-09-11 05:04:23.061] [WiVRn] [info] nxwarp[0] rx: 1430361 datagrams, placed 11111063 (+166001), late 615925 (+13423), stale_frame 0, bad_range 0, bad_dir 0, bad_caps 0, bad_ver 0, auth_fail 0, replay 0, frozen 0, dup 557
09-11 05:04:23.520  9658 19763 I PxrMetric: FPS=87/90,MTP=35.96ms,AppSW=off,FrmEarly=28,FrmLate=7,FrmCpu=0.81ms,FrmGpu=10.59ms,FrmTime=17.88ms,ATWGPU=1.60ms,VsyncDelay=2,GPU=99%/587Mhz,GPUTemp=76.4C,LayerCnt=3,Pkg=org.meumeu.wivrn.nx.warp,FrmId=7108
09-11 05:04:23.727  9658 19767 I WiVRn   : [2026-09-11 05:04:23.727] [WiVRn] [info] render: 169 iterations in 2.0 s (84.4/s), 169 submitted a layer, 108 new-source, 0 skipped by the repeat gate, 0 with nothing to show; display period 11.9 ms
09-11 05:04:23.727  9658 19767 I WiVRn   : [2026-09-11 05:04:23.727] [WiVRn] [info] render: ready wait attempts 81 success 20 total 65.722 ms | selected older than available 0
09-11 05:04:23.727  9658 19767 I WiVRn   : [2026-09-11 05:04:23.727] [WiVRn] [info] render: selected source transitions forward 108 backward 0 repeat 61, greatest forward gap 1
09-11 05:04:23.727  9658 19767 I WiVRn   : [2026-09-11 05:04:23.727] [WiVRn] [info] render: this app's own GPU pass 2.9 ms per iteration
09-11 05:04:23.727  9658 19767 I WiVRn   : [2026-09-11 05:04:23.727] [WiVRn] [info] render: defoveate 2688x2688 per eye x2 = 14.45 Mpx/frame at scale 1.00 atlas-prototype 0; 61 re-presented from the cache (reduce_gpu_load on)
09-11 05:04:23.727  9658 19767 I WiVRn   : [2026-09-11 05:04:23.727] [WiVRn] [info] render: shader path sharpness 0.00 fsr false alpha false motion false blend false glow 0.00 vignette 0.00 deband 0.00 lowpoly 0.00 levels 0 full-kernel false
09-11 05:04:23.727  9658 19767 I WiVRn   : [2026-09-11 05:04:23.727] [WiVRn] [info] render: per iteration fence 2.2 (worst 12.6) | queries 0.0 | submit 0.0 | whole render() 3.2 ms
09-11 05:04:23.727  9658 19767 I WiVRn   : [2026-09-11 05:04:23.727] [WiVRn] [info] render: selection-to-defoveate CPU 0.051 ms mean (max 0.096) over 108 actual defoveate calls; not GPU/photon latency
09-11 05:04:23.727  9658 19767 I WiVRn   : [2026-09-11 05:04:23.727] [WiVRn] [info] render: jit on | wake slack 45.1 ms | slept 5.0 ms mean (max 5.0, 169 of 169 iterations) | budget 14.0 = pass 13.0 + margin 1.0 | sleep cap 5.0 ms
09-11 05:04:23.727  9658 19767 I WiVRn   : [2026-09-11 05:04:23.727] [WiVRn] [info] render: source display-time offset 76.2 ms mean (worst 102.1) over 169 frames | submit lead 36.8 ms mean (worst 23.1) | misses: 0 overrun 0 late 0 skipped refresh
09-11 05:04:23.727  9658 19767 I WiVRn   : [2026-09-11 05:04:23.727] [WiVRn] [info] render: source->first 6.2 ms | wire 8.6 | queue 2.0 | decode 15.8 | decode->selection 6.2 | selection->predicted 37.4 | sum 76.2 over 169 selected frames (0 invalid)
09-11 05:04:23.812  9658 19819 I WiVRn   : [2026-09-11 05:04:23.812] [WiVRn] [info] nxwarp[0]: 109 frames in 2.0 s: 256450 B/frame, wait-prev 0.0 ms, wall 16.0 ms, nxvc passA 4.7 passB 8.1 gpu 12.8 ms; holes 1, refused 0
09-11 05:04:23.812  9658 19819 I WiVRn   : [2026-09-11 05:04:23.812] [WiVRn] [info] nxwarp[0] gpu duty 692 ms/s (69% of one GPU) for decode alone; the display pass is extra
09-11 05:04:23.812  9658 19819 I WiVRn   : [2026-09-11 05:04:23.812] [WiVRn] [info] nxwarp[0] passB 8.1 ms = warp 0.0 + skip 0.0 + coded 0.0 + dir 0.0 + other 8.1; tiles skip 0 / coded 3528 / dir 0 (eye pass 0)
09-11 05:04:23.812  9658 19819 I WiVRn   : [2026-09-11 05:04:23.812] [WiVRn] [info] nxwarp[0]: 77 frames dropped late (queue kept to 1)
09-11 05:04:23.812  9658 19819 I WiVRn   : [2026-09-11 05:04:23.812] [WiVRn] [info] nxwarp[0] stage: gap 2.5 | wait-prev 0.0 | submit 1.4 (qlock 0.0 + codec 1.4) | get_free 0.0 | fence-pre 0.0 | record 0.0 | qsubmit 0.0 | fence-post 14.5 | publish 0.0 ms; withheld 0, stride 1, arrival 18.9 ms
09-11 05:04:23.812  9658 19819 I WiVRn   : [2026-09-11 05:04:23.812] [WiVRn] [info] nxwarp[0] reassembly (network thread): 0.16 ms/frame over 108 frames, buffer 251 kB held for 251 kB of unit (1.0x)
09-11 05:04:23.812  9658 19819 I WiVRn   : [2026-09-11 05:04:23.812] [WiVRn] [info] nxwarp[0] fence-post 14.5 ms = nxvc gpu 12.8 + copy gpu 0.00 + queue 1.7 (over 109 frames with timestamps)
09-11 05:04:24.050  9658 19822 I WiVRn   : [2026-09-11 05:04:24.050] [WiVRn] [info] Tracking pattern (11111µs):
09-11 05:04:24.050  9658 19822 I WiVRn   : [2026-09-11 05:04:24.050] [WiVRn] [info] 	t+2896µs HEAD (8215µs)
09-11 05:04:24.050  9658 19822 I WiVRn   : [2026-09-11 05:04:24.050] [WiVRn] [info] 	t+2961µs LEFT_GRIP (8150µs)
09-11 05:04:24.050  9658 19822 I WiVRn   : [2026-09-11 05:04:24.050] [WiVRn] [info] 	t+2967µs RIGHT_GRIP (8143µs)
09-11 05:04:24.050  9658 19822 I WiVRn   : [2026-09-11 05:04:24.050] [WiVRn] [info] 	t+5896µs HEAD (5215µs)
09-11 05:04:24.050  9658 19822 I WiVRn   : [2026-09-11 05:04:24.050] [WiVRn] [info] 	t+5961µs LEFT_GRIP (5150µs)
09-11 05:04:24.050  9658 19822 I WiVRn   : [2026-09-11 05:04:24.050] [WiVRn] [info] 	t+5967µs RIGHT_GRIP (5143µs)
09-11 05:04:24.528  9658 19763 I PxrMetric: FPS=83/90,MTP=33.96ms,AppSW=off,FrmEarly=33,FrmLate=6,FrmCpu=0.87ms,FrmGpu=12.39ms,FrmTime=21.90ms,ATWGPU=1.59ms,VsyncDelay=2,GPU=93%/587Mhz,GPUTemp=77.1C,LayerCnt=3,Pkg=org.meumeu.wivrn.nx.warp,FrmId=7193
09-11 05:04:25.050  9658 19822 I WiVRn   : [2026-09-11 05:04:25.050] [WiVRn] [info] Tracking pattern (11111µs):
09-11 05:04:25.050  9658 19822 I WiVRn   : [2026-09-11 05:04:25.050] [WiVRn] [info] 	t+2521µs HEAD (8589µs)
09-11 05:04:25.050  9658 19822 I WiVRn   : [2026-09-11 05:04:25.050] [WiVRn] [info] 	t+2556µs LEFT_GRIP (8555µs)
09-11 05:04:25.050  9658 19822 I WiVRn   : [2026-09-11 05:04:25.050] [WiVRn] [info] 	t+2561µs RIGHT_GRIP (8550µs)
09-11 05:04:25.050  9658 19822 I WiVRn   : [2026-09-11 05:04:25.050] [WiVRn] [info] 	t+5521µs HEAD (5589µs)
09-11 05:04:25.050  9658 19822 I WiVRn   : [2026-09-11 05:04:25.050] [WiVRn] [info] 	t+5556µs LEFT_GRIP (5555µs)
09-11 05:04:25.050  9658 19822 I WiVRn   : [2026-09-11 05:04:25.050] [WiVRn] [info] 	t+5561µs RIGHT_GRIP (5550µs)
09-11 05:04:25.074  9658 19817 I WiVRn   : [2026-09-11 05:04:25.074] [WiVRn] [info] nxwarp[0] net: 106 frames closed in 2.0 s, 0 with a hole, 0 out-of-order datagrams, 0 frames completed late, 0 queued for the worker, 4508 decoded so far, 4769 stragglers dropped; last hole 1890/2016 chunks, first missing 1527, short false, chunk 1166 B; worker phase idle
09-11 05:04:25.074  9658 19817 I WiVRn   : [2026-09-11 05:04:25.074] [WiVRn] [info] nxwarp[0] net: 0.025 ms per datagram over 34377 datagrams (435.32 ms of every second)
09-11 05:04:25.074  9658 19817 I WiVRn   : [2026-09-11 05:04:25.074] [WiVRn] [info] nxwarp[0] sel: stride 1, arrival 19.8 ms, dropped-late 77, withheld 0, decoded 4508
09-11 05:04:25.074  9658 19817 I WiVRn   : [2026-09-11 05:04:25.074] [WiVRn] [info] nxwarp[0] rx: 1464738 datagrams, placed 11350283 (+239220), late 628236 (+12311), stale_frame 0, bad_range 0, bad_dir 0, bad_caps 0, bad_ver 0, auth_fail 0, replay 0, frozen 0, dup 565
09-11 05:04:25.535  9658 19763 I PxrMetric: FPS=84/90,MTP=36.89ms,AppSW=off,FrmEarly=29,FrmLate=7,FrmCpu=0.89ms,FrmGpu=10.52ms,FrmTime=17.83ms,ATWGPU=1.59ms,VsyncDelay=2,GPU=88%/587Mhz,GPUTemp=77.5C,LayerCnt=3,Pkg=org.meumeu.wivrn.nx.warp,FrmId=7280
09-11 05:04:25.735  9658 19767 I WiVRn   : [2026-09-11 05:04:25.735] [WiVRn] [info] render: 173 iterations in 2.0 s (86.2/s), 173 submitted a layer, 104 new-source, 0 skipped by the repeat gate, 0 with nothing to show; display period 11.6 ms
09-11 05:04:25.735  9658 19767 I WiVRn   : [2026-09-11 05:04:25.735] [WiVRn] [info] render: ready wait attempts 103 success 34 total 74.079 ms | selected older than available 0
09-11 05:04:25.735  9658 19767 I WiVRn   : [2026-09-11 05:04:25.735] [WiVRn] [info] render: selected source transitions forward 104 backward 0 repeat 69, greatest forward gap 1
09-11 05:04:25.735  9658 19767 I WiVRn   : [2026-09-11 05:04:25.735] [WiVRn] [info] render: this app's own GPU pass 2.7 ms per iteration
09-11 05:04:25.735  9658 19767 I WiVRn   : [2026-09-11 05:04:25.735] [WiVRn] [info] render: defoveate 2688x2688 per eye x2 = 14.45 Mpx/frame at scale 1.00 atlas-prototype 0; 69 re-presented from the cache (reduce_gpu_load on)
09-11 05:04:25.735  9658 19767 I WiVRn   : [2026-09-11 05:04:25.735] [WiVRn] [info] render: shader path sharpness 0.00 fsr false alpha false motion false blend false glow 0.00 vignette 0.00 deband 0.00 lowpoly 0.00 levels 0 full-kernel false
09-11 05:04:25.735  9658 19767 I WiVRn   : [2026-09-11 05:04:25.735] [WiVRn] [info] render: per iteration fence 1.9 (worst 13.0) | queries 0.0 | submit 0.0 | whole render() 2.8 ms
09-11 05:04:25.735  9658 19767 I WiVRn   : [2026-09-11 05:04:25.735] [WiVRn] [info] render: selection-to-defoveate CPU 0.049 ms mean (max 0.099) over 104 actual defoveate calls; not GPU/photon latency
09-11 05:04:25.735  9658 19767 I WiVRn   : [2026-09-11 05:04:25.735] [WiVRn] [info] render: jit on | wake slack 43.9 ms | slept 5.0 ms mean (max 5.0, 173 of 173 iterations) | budget 13.9 = pass 12.9 + margin 1.0 | sleep cap 5.0 ms
09-11 05:04:25.735  9658 19767 I WiVRn   : [2026-09-11 05:04:25.735] [WiVRn] [info] render: source display-time offset 76.1 ms mean (worst 90.9) over 173 frames | submit lead 36.1 ms mean (worst 20.1) | misses: 0 overrun 0 late 0 skipped refresh
09-11 05:04:25.735  9658 19767 I WiVRn   : [2026-09-11 05:04:25.735] [WiVRn] [info] render: source->first 6.3 ms | wire 9.2 | queue 1.6 | decode 16.6 | decode->selection 6.0 | selection->predicted 36.5 | sum 76.1 over 173 selected frames (0 invalid)
09-11 05:04:25.824  9658 19819 I WiVRn   : [2026-09-11 05:04:25.824] [WiVRn] [info] nxwarp[0]: 104 frames in 2.0 s: 283142 B/frame, wait-prev 0.0 ms, wall 16.7 ms, nxvc passA 4.9 passB 8.5 gpu 13.4 ms; holes 1, refused 0
09-11 05:04:25.824  9658 19819 I WiVRn   : [2026-09-11 05:04:25.824] [WiVRn] [info] nxwarp[0] gpu duty 694 ms/s (69% of one GPU) for decode alone; the display pass is extra
09-11 05:04:25.824  9658 19819 I WiVRn   : [2026-09-11 05:04:25.824] [WiVRn] [info] nxwarp[0] passB 8.5 ms = warp 0.0 + skip 0.0 + coded 0.0 + dir 0.0 + other 8.5; tiles skip 0 / coded 3528 / dir 0 (eye pass 0)
09-11 05:04:25.824  9658 19819 I WiVRn   : [2026-09-11 05:04:25.824] [WiVRn] [info] nxwarp[0]: 77 frames dropped late (queue kept to 1)
09-11 05:04:25.824  9658 19819 I WiVRn   : [2026-09-11 05:04:25.824] [WiVRn] [info] nxwarp[0] stage: gap 2.6 | wait-prev 0.0 | submit 1.4 (qlock 0.0 + codec 1.4) | get_free 0.0 | fence-pre 0.0 | record 0.0 | qsubmit 0.0 | fence-post 15.3 | publish 0.0 ms; withheld 0, stride 1, arrival 19.5 ms
09-11 05:04:25.824  9658 19819 I WiVRn   : [2026-09-11 05:04:25.824] [WiVRn] [info] nxwarp[0] reassembly (network thread): 0.16 ms/frame over 104 frames, buffer 277 kB held for 277 kB of unit (1.0x)
09-11 05:04:25.824  9658 19819 I WiVRn   : [2026-09-11 05:04:25.824] [WiVRn] [info] nxwarp[0] fence-post 15.3 ms = nxvc gpu 13.4 + copy gpu 0.00 + queue 1.8 (over 104 frames with timestamps)
09-11 05:04:26.050  9658 19822 I WiVRn   : [2026-09-11 05:04:26.050] [WiVRn] [info] Tracking pattern (11111µs):
09-11 05:04:26.050  9658 19822 I WiVRn   : [2026-09-11 05:04:26.050] [WiVRn] [info] 	t+3007µs HEAD (8104µs)
09-11 05:04:26.050  9658 19822 I WiVRn   : [2026-09-11 05:04:26.050] [WiVRn] [info] 	t+3048µs LEFT_GRIP (8063µs)
09-11 05:04:26.050  9658 19822 I WiVRn   : [2026-09-11 05:04:26.050] [WiVRn] [info] 	t+3057µs RIGHT_GRIP (8054µs)
09-11 05:04:26.050  9658 19822 I WiVRn   : [2026-09-11 05:04:26.050] [WiVRn] [info] 	t+6007µs HEAD (5104µs)
09-11 05:04:26.050  9658 19822 I WiVRn   : [2026-09-11 05:04:26.050] [WiVRn] [info] 	t+6048µs LEFT_GRIP (5063µs)
09-11 05:04:26.050  9658 19822 I WiVRn   : [2026-09-11 05:04:26.050] [WiVRn] [info] 	t+6057µs RIGHT_GRIP (5054µs)
09-11 05:04:26.552  9658 19763 I PxrMetric: FPS=86/90,MTP=38.11ms,AppSW=off,FrmEarly=27,FrmLate=6,FrmCpu=0.78ms,FrmGpu=12.81ms,FrmTime=20.79ms,ATWGPU=1.60ms,VsyncDelay=2,GPU=97%/587Mhz,GPUTemp=78.3C,LayerCnt=3,Pkg=org.meumeu.wivrn.nx.warp,FrmId=7367
09-11 05:04:27.050  9658 19822 I WiVRn   : [2026-09-11 05:04:27.050] [WiVRn] [info] Tracking pattern (11112µs):
09-11 05:04:27.050  9658 19822 I WiVRn   : [2026-09-11 05:04:27.050] [WiVRn] [info] 	t+2446µs HEAD (8665µs)
09-11 05:04:27.050  9658 19822 I WiVRn   : [2026-09-11 05:04:27.050] [WiVRn] [info] 	t+2485µs LEFT_GRIP (8627µs)
09-11 05:04:27.050  9658 19822 I WiVRn   : [2026-09-11 05:04:27.050] [WiVRn] [info] 	t+2491µs RIGHT_GRIP (8621µs)
09-11 05:04:27.050  9658 19822 I WiVRn   : [2026-09-11 05:04:27.050] [WiVRn] [info] 	t+5446µs HEAD (5665µs)
09-11 05:04:27.050  9658 19822 I WiVRn   : [2026-09-11 05:04:27.050] [WiVRn] [info] 	t+5485µs LEFT_GRIP (5627µs)
09-11 05:04:27.050  9658 19822 I WiVRn   : [2026-09-11 05:04:27.050] [WiVRn] [info] 	t+5491µs RIGHT_GRIP (5621µs)
09-11 05:04:27.086  9658 19817 I WiVRn   : [2026-09-11 05:04:27.086] [WiVRn] [info] nxwarp[0] net: 103 frames closed in 2.0 s, 0 with a hole, 0 out-of-order datagrams, 0 frames completed late, 0 queued for the worker, 4611 decoded so far, 4877 stragglers dropped; last hole 1890/2016 chunks, first missing 1527, short false, chunk 1166 B; worker phase idle
09-11 05:04:27.086  9658 19817 I WiVRn   : [2026-09-11 05:04:27.086] [WiVRn] [info] nxwarp[0] net: 0.026 ms per datagram over 34394 datagrams (446.17 ms of every second)
09-11 05:04:27.086  9658 19817 I WiVRn   : [2026-09-11 05:04:27.086] [WiVRn] [info] nxwarp[0] sel: stride 1, arrival 19.8 ms, dropped-late 77, withheld 0, decoded 4611
09-11 05:04:27.086  9658 19817 I WiVRn   : [2026-09-11 05:04:27.086] [WiVRn] [info] nxwarp[0] rx: 1499132 datagrams, placed 11494435 (+144152), late 653352 (+25116), stale_frame 0, bad_range 0, bad_dir 0, bad_caps 0, bad_ver 0, auth_fail 0, replay 0, frozen 0, dup 586
09-11 05:04:27.554  9658 19763 I PxrMetric: FPS=86/90,MTP=35.93ms,AppSW=off,FrmEarly=25,FrmLate=7,FrmCpu=0.87ms,FrmGpu=11.56ms,FrmTime=18.30ms,ATWGPU=1.61ms,VsyncDelay=2,GPU=94%/587Mhz,GPUTemp=77.1C,LayerCnt=3,Pkg=org.meumeu.wivrn.nx.warp,FrmId=7450
09-11 05:04:27.751  9658 19767 I WiVRn   : [2026-09-11 05:04:27.751] [WiVRn] [info] render: 170 iterations in 2.0 s (84.6/s), 170 submitted a layer, 103 new-source, 0 skipped by the repeat gate, 0 with nothing to show; display period 11.8 ms
09-11 05:04:27.751  9658 19767 I WiVRn   : [2026-09-11 05:04:27.751] [WiVRn] [info] render: ready wait attempts 89 success 22 total 71.591 ms | selected older than available 0
09-11 05:04:27.751  9658 19767 I WiVRn   : [2026-09-11 05:04:27.751] [WiVRn] [info] render: selected source transitions forward 103 backward 0 repeat 67, greatest forward gap 1
09-11 05:04:27.751  9658 19767 I WiVRn   : [2026-09-11 05:04:27.751] [WiVRn] [info] render: this app's own GPU pass 2.9 ms per iteration
09-11 05:04:27.751  9658 19767 I WiVRn   : [2026-09-11 05:04:27.751] [WiVRn] [info] render: defoveate 2688x2688 per eye x2 = 14.45 Mpx/frame at scale 1.00 atlas-prototype 0; 67 re-presented from the cache (reduce_gpu_load on)
09-11 05:04:27.752  9658 19767 I WiVRn   : [2026-09-11 05:04:27.752] [WiVRn] [info] render: shader path sharpness 0.00 fsr false alpha false motion false blend false glow 0.00 vignette 0.00 deband 0.00 lowpoly 0.00 levels 0 full-kernel false
09-11 05:04:27.752  9658 19767 I WiVRn   : [2026-09-11 05:04:27.752] [WiVRn] [info] render: per iteration fence 2.0 (worst 13.8) | queries 0.0 | submit 0.0 | whole render() 3.0 ms
09-11 05:04:27.752  9658 19767 I WiVRn   : [2026-09-11 05:04:27.752] [WiVRn] [info] render: selection-to-defoveate CPU 0.051 ms mean (max 0.105) over 103 actual defoveate calls; not GPU/photon latency
09-11 05:04:27.752  9658 19767 I WiVRn   : [2026-09-11 05:04:27.752] [WiVRn] [info] render: jit on | wake slack 44.3 ms | slept 5.0 ms mean (max 5.0, 170 of 170 iterations) | budget 14.6 = pass 13.6 + margin 1.0 | sleep cap 5.0 ms
09-11 05:04:27.752  9658 19767 I WiVRn   : [2026-09-11 05:04:27.752] [WiVRn] [info] render: source display-time offset 77.4 ms mean (worst 90.7) over 170 frames | submit lead 36.3 ms mean (worst 20.1) | misses: 0 overrun 0 late 0 skipped refresh
09-11 05:04:27.752  9658 19767 I WiVRn   : [2026-09-11 05:04:27.752] [WiVRn] [info] render: source->first 6.2 ms | wire 9.8 | queue 1.5 | decode 17.0 | decode->selection 6.1 | selection->predicted 36.7 | sum 77.4 over 170 selected frames (0 invalid)
09-11 05:04:27.824  9658 19819 I WiVRn   : [2026-09-11 05:04:27.824] [WiVRn] [info] nxwarp[0]: 102 frames in 2.0 s: 303036 B/frame, wait-prev 0.0 ms, wall 16.9 ms, nxvc passA 4.9 passB 8.5 gpu 13.4 ms; holes 1, refused 0
09-11 05:04:27.824  9658 19819 I WiVRn   : [2026-09-11 05:04:27.824] [WiVRn] [info] nxwarp[0] gpu duty 681 ms/s (68% of one GPU) for decode alone; the display pass is extra
09-11 05:04:27.824  9658 19819 I WiVRn   : [2026-09-11 05:04:27.824] [WiVRn] [info] nxwarp[0] passB 8.5 ms = warp 0.0 + skip 0.0 + coded 0.0 + dir 0.0 + other 8.5; tiles skip 0 / coded 3528 / dir 0 (eye pass 0)
09-11 05:04:27.824  9658 19819 I WiVRn   : [2026-09-11 05:04:27.824] [WiVRn] [info] nxwarp[0]: 77 frames dropped late (queue kept to 1)
09-11 05:04:27.824  9658 19819 I WiVRn   : [2026-09-11 05:04:27.824] [WiVRn] [info] nxwarp[0] stage: gap 2.7 | wait-prev 0.0 | submit 1.4 (qlock 0.0 + codec 1.4) | get_free 0.0 | fence-pre 0.0 | record 0.0 | qsubmit 0.0 | fence-post 15.4 | publish 0.0 ms; withheld 0, stride 1, arrival 19.1 ms
09-11 05:04:27.824  9658 19819 I WiVRn   : [2026-09-11 05:04:27.824] [WiVRn] [info] nxwarp[0] reassembly (network thread): 0.18 ms/frame over 102 frames, buffer 296 kB held for 296 kB of unit (1.0x)
09-11 05:04:27.824  9658 19819 I WiVRn   : [2026-09-11 05:04:27.824] [WiVRn] [info] nxwarp[0] fence-post 15.4 ms = nxvc gpu 13.4 + copy gpu 0.00 + queue 2.1 (over 102 frames with timestamps)
09-11 05:04:28.050  9658 19822 I WiVRn   : [2026-09-11 05:04:28.050] [WiVRn] [info] Tracking pattern (11111µs):
09-11 05:04:28.050  9658 19822 I WiVRn   : [2026-09-11 05:04:28.050] [WiVRn] [info] 	t+2007µs HEAD (9103µs)
09-11 05:04:28.050  9658 19822 I WiVRn   : [2026-09-11 05:04:28.050] [WiVRn] [info] 	t+2068µs LEFT_GRIP (9042µs)
09-11 05:04:28.050  9658 19822 I WiVRn   : [2026-09-11 05:04:28.050] [WiVRn] [info] 	t+2075µs RIGHT_GRIP (9035µs)
09-11 05:04:28.050  9658 19822 I WiVRn   : [2026-09-11 05:04:28.050] [WiVRn] [info] 	t+5007µs HEAD (6103µs)
09-11 05:04:28.050  9658 19822 I WiVRn   : [2026-09-11 05:04:28.050] [WiVRn] [info] 	t+5068µs LEFT_GRIP (6042µs)
09-11 05:04:28.050  9658 19822 I WiVRn   : [2026-09-11 05:04:28.050] [WiVRn] [info] 	t+5075µs RIGHT_GRIP (6035µs)
