--------- beginning of main
--------- beginning of system
09-11 05:06:02.873 12919 20693 I WiVRn   : [2026-09-11 05:06:02.872] [WiVRn] [info] Starting WiVRn version nx-1.4.1-270-gb56d60e4 (b56d60e47ec79b91dccbffaff820ecbad227ba1d)
09-11 05:06:02.874 12919 20693 I WiVRn   : [2026-09-11 05:06:02.874] [WiVRn] [info] Started with intent wivrn://192.168.1.2
09-11 05:06:02.875 12919 20693 I WiVRn   : [2026-09-11 05:06:02.875] [WiVRn] [info] Guessing HMD model from:
09-11 05:06:02.875 12919 20693 I WiVRn   : [2026-09-11 05:06:02.875] [WiVRn] [info]     ro.product.device = "PICOA8110":
09-11 05:06:02.875 12919 20693 I WiVRn   : [2026-09-11 05:06:02.875] [WiVRn] [info]     ro.product.manufacturer = "Pico":
09-11 05:06:02.875 12919 20693 I WiVRn   : [2026-09-11 05:06:02.875] [WiVRn] [info]     ro.product.model = "A8110":
09-11 05:06:02.875 12919 20693 I WiVRn   : [2026-09-11 05:06:02.875] [WiVRn] [info]     pxr.vendorhw.product.model = "PICO 4":
09-11 05:06:02.875 12919 20693 I WiVRn   : [2026-09-11 05:06:02.875] [WiVRn] [info] HMD traits initialized
09-11 05:06:02.875 12919 20693 I WiVRn   : [2026-09-11 05:06:02.875] [WiVRn] [info] 	controller_profile: pico-4
09-11 05:06:02.875 12919 20693 I WiVRn   : [2026-09-11 05:06:02.875] [WiVRn] [info] 	controller_ray_model: assets://ray.glb
09-11 05:06:02.875 12919 20693 I WiVRn   : [2026-09-11 05:06:02.875] [WiVRn] [info] 	max_openxr_api_version: 1.1.58
09-11 05:06:02.875 12919 20693 I WiVRn   : [2026-09-11 05:06:02.875] [WiVRn] [info] 	panel_width_override: 2160
09-11 05:06:02.875 12919 20693 I WiVRn   : [2026-09-11 05:06:02.875] [WiVRn] [info] 	needs_srgb_conversion: true
09-11 05:06:02.875 12919 20693 I WiVRn   : [2026-09-11 05:06:02.875] [WiVRn] [info] 	nxwarp_atlas_speed: true
09-11 05:06:02.875 12919 20693 I WiVRn   : [2026-09-11 05:06:02.875] [WiVRn] [info] 	view_locate: false
09-11 05:06:02.875 12919 20693 I WiVRn   : [2026-09-11 05:06:02.875] [WiVRn] [info] 	vk_debug_ext_allowed: true
09-11 05:06:02.875 12919 20693 I WiVRn   : [2026-09-11 05:06:02.875] [WiVRn] [info] 	bind_simple_controller: true
09-11 05:06:02.875 12919 20693 I WiVRn   : [2026-09-11 05:06:02.875] [WiVRn] [info] 	hand_interaction_grip_surface: true
09-11 05:06:02.875 12919 20693 I WiVRn   : [2026-09-11 05:06:02.875] [WiVRn] [info] 	pico_face_tracker: false
09-11 05:06:02.875 12919 20693 I WiVRn   : [2026-09-11 05:06:02.875] [WiVRn] [info] 	discard_frame: false
09-11 05:06:02.890 12919 20693 I WiVRn   : [2026-09-11 05:06:02.890] [WiVRn] [info] Available OpenXR layers:
09-11 05:06:02.891 12919 20693 I WiVRn   : [2026-09-11 05:06:02.891] [WiVRn] [info] Available OpenXR extensions:
09-11 05:06:02.894 12919 20693 I WiVRn   : [2026-09-11 05:06:02.894] [WiVRn] [info]     XR_BD_body_tracking (version 1)
09-11 05:06:02.894 12919 20693 I WiVRn   : [2026-09-11 05:06:02.894] [WiVRn] [info]     XR_BD_controller_interaction (version 1)
09-11 05:06:02.894 12919 20693 I WiVRn   : [2026-09-11 05:06:02.894] [WiVRn] [info]     XR_EPIC_view_configuration_fov (version 2)
09-11 05:06:02.894 12919 20693 I WiVRn   : [2026-09-11 05:06:02.894] [WiVRn] [info]     XR_EXTX_overlay (version 5)
09-11 05:06:02.894 12919 20693 I WiVRn   : [2026-09-11 05:06:02.894] [WiVRn] [info]     XR_EXT_active_action_set_priority (version 1)
09-11 05:06:02.894 12919 20693 I WiVRn   : [2026-09-11 05:06:02.894] [WiVRn] [info]     XR_EXT_composition_layer_inverted_alpha (version 1)
09-11 05:06:02.894 12919 20693 I WiVRn   : [2026-09-11 05:06:02.894] [WiVRn] [info]     XR_EXT_debug_utils (version 5)
09-11 05:06:02.894 12919 20693 I WiVRn   : [2026-09-11 05:06:02.894] [WiVRn] [info]     XR_EXT_eye_gaze_interaction (version 2)
09-11 05:06:02.894 12919 20693 I WiVRn   : [2026-09-11 05:06:02.894] [WiVRn] [info]     XR_EXT_frame_synthesis (version 1)
09-11 05:06:02.894 12919 20693 I WiVRn   : [2026-09-11 05:06:02.894] [WiVRn] [info]     XR_EXT_hand_interaction (version 1)
09-11 05:06:02.894 12919 20693 I WiVRn   : [2026-09-11 05:06:02.894] [WiVRn] [info]     XR_EXT_hand_tracking (version 4)
09-11 05:06:02.894 12919 20693 I WiVRn   : [2026-09-11 05:06:02.894] [WiVRn] [info]     XR_EXT_local_floor (version 1)
09-11 05:06:02.894 12919 20693 I WiVRn   : [2026-09-11 05:06:02.894] [WiVRn] [info]     XR_EXT_palm_pose (version 3)
09-11 05:06:02.894 12919 20693 I WiVRn   : [2026-09-11 05:06:02.894] [WiVRn] [info]     XR_EXT_performance_settings (version 4)
09-11 05:06:02.894 12919 20693 I WiVRn   : [2026-09-11 05:06:02.894] [WiVRn] [info]     XR_EXT_user_presence (version 1)
09-11 05:06:02.894 12919 20693 I WiVRn   : [2026-09-11 05:06:02.894] [WiVRn] [info]     XR_EXT_uuid (version 1)
09-11 05:06:02.894 12919 20693 I WiVRn   : [2026-09-11 05:06:02.894] [WiVRn] [info]     XR_EXT_view_configuration_depth_range (version 1)
09-11 05:06:02.894 12919 20693 I WiVRn   : [2026-09-11 05:06:02.894] [WiVRn] [info]     XR_FB_composition_layer_alpha_blend (version 3)
09-11 05:06:02.894 12919 20693 I WiVRn   : [2026-09-11 05:06:02.894] [WiVRn] [info]     XR_FB_composition_layer_image_layout (version 1)
09-11 05:06:02.894 12919 20693 I WiVRn   : [2026-09-11 05:06:02.894] [WiVRn] [info]     XR_FB_composition_layer_secure_content (version 1)
09-11 05:06:02.894 12919 20693 I WiVRn   : [2026-09-11 05:06:02.894] [WiVRn] [info]     XR_FB_composition_layer_settings (version 1)
09-11 05:06:02.894 12919 20693 I WiVRn   : [2026-09-11 05:06:02.894] [WiVRn] [info]     XR_FB_display_refresh_rate (version 1)
09-11 05:06:02.894 12919 20693 I WiVRn   : [2026-09-11 05:06:02.894] [WiVRn] [info]     XR_FB_foveation (version 1)
09-11 05:06:02.894 12919 20693 I WiVRn   : [2026-09-11 05:06:02.894] [WiVRn] [info]     XR_FB_foveation_configuration (version 1)
09-11 05:06:02.894 12919 20693 I WiVRn   : [2026-09-11 05:06:02.894] [WiVRn] [info]     XR_FB_foveation_vulkan (version 1)
09-11 05:06:02.894 12919 20693 I WiVRn   : [2026-09-11 05:06:02.894] [WiVRn] [info]     XR_FB_passthrough (version 4)
09-11 05:06:02.894 12919 20693 I WiVRn   : [2026-09-11 05:06:02.894] [WiVRn] [info]     XR_FB_space_warp (version 2)
09-11 05:06:02.894 12919 20693 I WiVRn   : [2026-09-11 05:06:02.894] [WiVRn] [info]     XR_FB_swapchain_update_state (version 3)
09-11 05:06:02.894 12919 20693 I WiVRn   : [2026-09-11 05:06:02.894] [WiVRn] [info]     XR_FB_swapchain_update_state_android_surface (version 1)
09-11 05:06:02.894 12919 20693 I WiVRn   : [2026-09-11 05:06:02.894] [WiVRn] [info]     XR_FB_swapchain_update_state_opengl_es (version 1)
09-11 05:06:02.894 12919 20693 I WiVRn   : [2026-09-11 05:06:02.894] [WiVRn] [info]     XR_FB_swapchain_update_state_vulkan (version 1)
09-11 05:06:02.894 12919 20693 I WiVRn   : [2026-09-11 05:06:02.894] [WiVRn] [info]     XR_FB_triangle_mesh (version 2)
09-11 05:06:02.894 12919 20693 I WiVRn   : [2026-09-11 05:06:02.894] [WiVRn] [info]     XR_KHR_android_create_instance (version 3)
09-11 05:06:02.894 12919 20693 I WiVRn   : [2026-09-11 05:06:02.894] [WiVRn] [info]     XR_KHR_android_surface_swapchain (version 4)
09-11 05:06:02.894 12919 20693 I WiVRn   : [2026-09-11 05:06:02.894] [WiVRn] [info]     XR_KHR_android_thread_settings (version 6)
09-11 05:06:02.894 12919 20693 I WiVRn   : [2026-09-11 05:06:02.894] [WiVRn] [info]     XR_KHR_composition_layer_color_scale_bias (version 5)
09-11 05:06:02.894 12919 20693 I WiVRn   : [2026-09-11 05:06:02.894] [WiVRn] [info]     XR_KHR_composition_layer_cube (version 8)
09-11 05:06:02.894 12919 20693 I WiVRn   : [2026-09-11 05:06:02.894] [WiVRn] [info]     XR_KHR_composition_layer_cylinder (version 4)
09-11 05:06:02.894 12919 20693 I WiVRn   : [2026-09-11 05:06:02.894] [WiVRn] [info]     XR_KHR_composition_layer_depth (version 6)
09-11 05:06:02.894 12919 20693 I WiVRn   : [2026-09-11 05:06:02.894] [WiVRn] [info]     XR_KHR_composition_layer_equirect (version 3)
09-11 05:06:02.894 12919 20693 I WiVRn   : [2026-09-11 05:06:02.894] [WiVRn] [info]     XR_KHR_composition_layer_equirect2 (version 1)
09-11 05:06:02.894 12919 20693 I WiVRn   : [2026-09-11 05:06:02.894] [WiVRn] [info]     XR_KHR_convert_timespec_time (version 1)
09-11 05:06:02.894 12919 20693 I WiVRn   : [2026-09-11 05:06:02.894] [WiVRn] [info]     XR_KHR_loader_init (version 2)
09-11 05:06:02.894 12919 20693 I WiVRn   : [2026-09-11 05:06:02.894] [WiVRn] [info]     XR_KHR_loader_init_android (version 1)
09-11 05:06:02.894 12919 20693 I WiVRn   : [2026-09-11 05:06:02.894] [WiVRn] [info]     XR_KHR_locate_spaces (version 1)
09-11 05:06:02.894 12919 20693 I WiVRn   : [2026-09-11 05:06:02.894] [WiVRn] [info]     XR_KHR_maintenance1 (version 1)
09-11 05:06:02.894 12919 20693 I WiVRn   : [2026-09-11 05:06:02.894] [WiVRn] [info]     XR_KHR_opengl_es_enable (version 8)
09-11 05:06:02.894 12919 20693 I WiVRn   : [2026-09-11 05:06:02.894] [WiVRn] [info]     XR_KHR_vulkan_enable (version 8)
09-11 05:06:02.894 12919 20693 I WiVRn   : [2026-09-11 05:06:02.894] [WiVRn] [info]     XR_KHR_vulkan_enable2 (version 2)
09-11 05:06:02.894 12919 20693 I WiVRn   : [2026-09-11 05:06:02.894] [WiVRn] [info]     XR_KHR_vulkan_swapchain_format_list (version 5)
09-11 05:06:02.894 12919 20693 I WiVRn   : [2026-09-11 05:06:02.894] [WiVRn] [info]     XR_META_foveation_eye_tracked (version 1)
09-11 05:06:02.894 12919 20693 I WiVRn   : [2026-09-11 05:06:02.894] [WiVRn] [info]     XR_META_vulkan_swapchain_create_info (version 1)
09-11 05:06:02.894 12919 20693 I WiVRn   : [2026-09-11 05:06:02.894] [WiVRn] [info]     XR_MND_headless (version 2)
09-11 05:06:02.894 12919 20693 I WiVRn   : [2026-09-11 05:06:02.894] [WiVRn] [info]     XR_MSFT_composition_layer_reprojection (version 1)
09-11 05:06:02.894 12919 20693 I WiVRn   : [2026-09-11 05:06:02.894] [WiVRn] [info] Performance APIs: XR_EXT_performance_settings = available, vendor power/performance extensions = none
09-11 05:06:02.991 12919 12919 I WiVRn   : [2026-09-11 05:06:02.991] [WiVRn] [info] [pointer_capture] requestPointerCapture() invoked successfully
09-11 05:06:03.089 12919 20693 I WiVRn   : [2026-09-11 05:06:03.089] [WiVRn] [info] Using OpenXR extensions:
09-11 05:06:03.089 12919 20693 I WiVRn   : [2026-09-11 05:06:03.089] [WiVRn] [info]     XR_KHR_convert_timespec_time
09-11 05:06:03.089 12919 20693 I WiVRn   : [2026-09-11 05:06:03.089] [WiVRn] [info]     XR_BD_body_tracking
09-11 05:06:03.089 12919 20693 I WiVRn   : [2026-09-11 05:06:03.089] [WiVRn] [info]     XR_BD_controller_interaction
09-11 05:06:03.089 12919 20693 I WiVRn   : [2026-09-11 05:06:03.089] [WiVRn] [info]     XR_EXT_eye_gaze_interaction
09-11 05:06:03.089 12919 20693 I WiVRn   : [2026-09-11 05:06:03.089] [WiVRn] [info]     XR_EXT_hand_interaction
09-11 05:06:03.089 12919 20693 I WiVRn   : [2026-09-11 05:06:03.089] [WiVRn] [info]     XR_EXT_hand_tracking
09-11 05:06:03.089 12919 20693 I WiVRn   : [2026-09-11 05:06:03.089] [WiVRn] [info]     XR_EXT_performance_settings
09-11 05:06:03.089 12919 20693 I WiVRn   : [2026-09-11 05:06:03.089] [WiVRn] [info]     XR_EXT_user_presence
09-11 05:06:03.089 12919 20693 I WiVRn   : [2026-09-11 05:06:03.089] [WiVRn] [info]     XR_FB_composition_layer_settings
09-11 05:06:03.089 12919 20693 I WiVRn   : [2026-09-11 05:06:03.089] [WiVRn] [info]     XR_FB_display_refresh_rate
09-11 05:06:03.089 12919 20693 I WiVRn   : [2026-09-11 05:06:03.089] [WiVRn] [info]     XR_FB_passthrough
09-11 05:06:03.089 12919 20693 I WiVRn   : [2026-09-11 05:06:03.089] [WiVRn] [info]     XR_FB_swapchain_update_state
09-11 05:06:03.089 12919 20693 I WiVRn   : [2026-09-11 05:06:03.089] [WiVRn] [info]     XR_KHR_composition_layer_color_scale_bias
09-11 05:06:03.089 12919 20693 I WiVRn   : [2026-09-11 05:06:03.089] [WiVRn] [info]     XR_KHR_composition_layer_depth
09-11 05:06:03.089 12919 20693 I WiVRn   : [2026-09-11 05:06:03.089] [WiVRn] [info]     XR_KHR_vulkan_swapchain_format_list
09-11 05:06:03.089 12919 20693 I WiVRn   : [2026-09-11 05:06:03.089] [WiVRn] [info]     XR_EXT_palm_pose
09-11 05:06:03.089 12919 20693 I WiVRn   : [2026-09-11 05:06:03.089] [WiVRn] [info]     XR_KHR_locate_spaces
09-11 05:06:03.089 12919 20693 I WiVRn   : [2026-09-11 05:06:03.089] [WiVRn] [info]     XR_KHR_vulkan_enable2
09-11 05:06:03.089 12919 20693 I WiVRn   : [2026-09-11 05:06:03.089] [WiVRn] [info]     XR_KHR_android_create_instance
09-11 05:06:03.089 12919 20693 I WiVRn   : [2026-09-11 05:06:03.089] [WiVRn] [info]     XR_ML_ml2_controller_interaction
09-11 05:06:03.089 12919 20693 I WiVRn   : [2026-09-11 05:06:03.089] [WiVRn] [info]     XR_HTC_vive_cosmos_controller_interaction
09-11 05:06:03.089 12919 20693 I WiVRn   : [2026-09-11 05:06:03.089] [WiVRn] [info]     XR_EXT_uuid
09-11 05:06:03.089 12919 20693 I WiVRn   : [2026-09-11 05:06:03.089] [WiVRn] [info]     XR_EXT_local_floor
09-11 05:06:03.089 12919 20693 I WiVRn   : [2026-09-11 05:06:03.089] [WiVRn] [info]     XR_KHR_locate_spaces
09-11 05:06:03.089 12919 20693 I WiVRn   : [2026-09-11 05:06:03.089] [WiVRn] [info]     XR_EXT_samsung_odyssey_controller
09-11 05:06:03.089 12919 20693 I WiVRn   : [2026-09-11 05:06:03.089] [WiVRn] [info]     XR_EXT_palm_pose
09-11 05:06:03.089 12919 20693 I WiVRn   : [2026-09-11 05:06:03.089] [WiVRn] [info]     XR_HTC_vive_focus3_controller_interaction
09-11 05:06:03.089 12919 20693 I WiVRn   : [2026-09-11 05:06:03.089] [WiVRn] [info]     XR_EXT_hp_mixed_reality_controller
09-11 05:06:03.089 12919 20693 I WiVRn   : [2026-09-11 05:06:03.089] [WiVRn] [info]     XR_KHR_maintenance1
09-11 05:06:03.089 12919 20693 I WiVRn   : [2026-09-11 05:06:03.089] [WiVRn] [info]     XR_VARJO_quad_views
09-11 05:06:03.089 12919 20693 I WiVRn   : [2026-09-11 05:06:03.089] [WiVRn] [info]     XR_BD_controller_interaction
09-11 05:06:03.089 12919 20693 I WiVRn   : [2026-09-11 05:06:03.089] [WiVRn] [info] Created OpenXR instance, runtime Pico(XRT) by Pico et al '99d719953', version 3.0.1, API version 1.1.58
09-11 05:06:03.104 12919 20693 I WiVRn   : [2026-09-11 05:06:03.104] [WiVRn] [info] Created OpenXR system for form factor XR_FORM_FACTOR_HEAD_MOUNTED_DISPLAY
09-11 05:06:03.104 12919 20693 I WiVRn   : [2026-09-11 05:06:03.104] [WiVRn] [info] OpenXR system properties:
09-11 05:06:03.104 12919 20693 I WiVRn   : [2026-09-11 05:06:03.104] [WiVRn] [info]     Vendor ID: 0x2a
09-11 05:06:03.104 12919 20693 I WiVRn   : [2026-09-11 05:06:03.104] [WiVRn] [info]     System name: PICO 4 HMD
09-11 05:06:03.104 12919 20693 I WiVRn   : [2026-09-11 05:06:03.104] [WiVRn] [info]     Graphics properties:
09-11 05:06:03.104 12919 20693 I WiVRn   : [2026-09-11 05:06:03.104] [WiVRn] [info]         Maximum swapchain image size: 16384x16384
09-11 05:06:03.104 12919 20693 I WiVRn   : [2026-09-11 05:06:03.104] [WiVRn] [info]         Maximum layer count: 16
09-11 05:06:03.104 12919 20693 I WiVRn   : [2026-09-11 05:06:03.104] [WiVRn] [info]     Tracking properties:
09-11 05:06:03.104 12919 20693 I WiVRn   : [2026-09-11 05:06:03.104] [WiVRn] [info]         Orientation tracking: true
09-11 05:06:03.104 12919 20693 I WiVRn   : [2026-09-11 05:06:03.104] [WiVRn] [info]         Position tracking: true
09-11 05:06:03.104 12919 20693 I WiVRn   : [2026-09-11 05:06:03.104] [WiVRn] [info]     Hand tracking support: true
09-11 05:06:03.104 12919 20693 I WiVRn   : [2026-09-11 05:06:03.104] [WiVRn] [info]     Eye gaze support: false
09-11 05:06:03.104 12919 20693 I WiVRn   : [2026-09-11 05:06:03.104] [WiVRn] [info]     OpenXR post-processing extension support: true
09-11 05:06:03.104 12919 20693 I WiVRn   : [2026-09-11 05:06:03.104] [WiVRn] [info]     Passthrough: color
09-11 05:06:03.104 12919 20693 I WiVRn   : [2026-09-11 05:06:03.104] [WiVRn] [info]     Face tracker: none
09-11 05:06:03.104 12919 20693 I WiVRn   : [2026-09-11 05:06:03.104] [WiVRn] [info]     Body tracker: pico
09-11 05:06:03.104 12919 20693 I WiVRn   : [2026-09-11 05:06:03.104] [WiVRn] [info] View configuration XR_VIEW_CONFIGURATION_TYPE_PRIMARY_STEREO
09-11 05:06:03.104 12919 20693 I WiVRn   : [2026-09-11 05:06:03.104] [WiVRn] [info]     fovMutable: false
09-11 05:06:03.104 12919 20693 I WiVRn   : [2026-09-11 05:06:03.104] [WiVRn] [info]     View 1:
09-11 05:06:03.104 12919 20693 I WiVRn   : [2026-09-11 05:06:03.104] [WiVRn] [info]         Recommended: 1504x1504, 1 sample(s)
09-11 05:06:03.104 12919 20693 I WiVRn   : [2026-09-11 05:06:03.104] [WiVRn] [info]         Maximum:     2560x2560, 1 sample(s)
09-11 05:06:03.104 12919 20693 I WiVRn   : [2026-09-11 05:06:03.104] [WiVRn] [info]     View 2:
09-11 05:06:03.104 12919 20693 I WiVRn   : [2026-09-11 05:06:03.104] [WiVRn] [info]         Recommended: 1504x1504, 1 sample(s)
09-11 05:06:03.104 12919 20693 I WiVRn   : [2026-09-11 05:06:03.104] [WiVRn] [info]         Maximum:     2560x2560, 1 sample(s)
09-11 05:06:03.104 12919 20693 I WiVRn   : [2026-09-11 05:06:03.104] [WiVRn] [info]     Blend mode: XR_ENVIRONMENT_BLEND_MODE_OPAQUE
09-11 05:06:03.104 12919 20693 I WiVRn   : [2026-09-11 05:06:03.104] [WiVRn] [info]     Blend mode: XR_ENVIRONMENT_BLEND_MODE_ALPHA_BLEND
09-11 05:06:03.104 12919 20693 I WiVRn   : [2026-09-11 05:06:03.104] [WiVRn] [info] OpenXR runtime wants Vulkan 1.0.0
09-11 05:06:03.104 12919 20693 I WiVRn   : [2026-09-11 05:06:03.104] [WiVRn] [info] Requesting Vulkan 1.1.0
09-11 05:06:03.104 12919 20693 I WiVRn   : [2026-09-11 05:06:03.104] [WiVRn] [info] Available Vulkan layers:
09-11 05:06:03.107 12919 20693 I WiVRn   : [2026-09-11 05:06:03.107] [WiVRn] [info] Available Vulkan instance extensions:
09-11 05:06:03.107 12919 20693 I WiVRn   : [2026-09-11 05:06:03.107] [WiVRn] [info]     VK_EXT_debug_report (version 9)
09-11 05:06:03.107 12919 20693 I WiVRn   : [2026-09-11 05:06:03.107] [WiVRn] [info]     VK_EXT_debug_utils (version 2)
09-11 05:06:03.107 12919 20693 I WiVRn   : [2026-09-11 05:06:03.107] [WiVRn] [info]     VK_EXT_swapchain_colorspace (version 3)
09-11 05:06:03.107 12919 20693 I WiVRn   : [2026-09-11 05:06:03.107] [WiVRn] [info]     VK_KHR_android_surface (version 6)
09-11 05:06:03.107 12919 20693 I WiVRn   : [2026-09-11 05:06:03.107] [WiVRn] [info]     VK_KHR_device_group_creation (version 1)
09-11 05:06:03.107 12919 20693 I WiVRn   : [2026-09-11 05:06:03.107] [WiVRn] [info]     VK_KHR_external_fence_capabilities (version 1)
09-11 05:06:03.107 12919 20693 I WiVRn   : [2026-09-11 05:06:03.107] [WiVRn] [info]     VK_KHR_external_memory_capabilities (version 1)
09-11 05:06:03.107 12919 20693 I WiVRn   : [2026-09-11 05:06:03.107] [WiVRn] [info]     VK_KHR_external_semaphore_capabilities (version 1)
09-11 05:06:03.107 12919 20693 I WiVRn   : [2026-09-11 05:06:03.107] [WiVRn] [info]     VK_KHR_get_physical_device_properties2 (version 1)
09-11 05:06:03.107 12919 20693 I WiVRn   : [2026-09-11 05:06:03.107] [WiVRn] [info]     VK_KHR_get_surface_capabilities2 (version 1)
09-11 05:06:03.107 12919 20693 I WiVRn   : [2026-09-11 05:06:03.107] [WiVRn] [info]     VK_KHR_surface (version 25)
09-11 05:06:03.116 12919 20693 I WiVRn   : [2026-09-11 05:06:03.116] [WiVRn] [info] Available Vulkan device extensions:
09-11 05:06:03.116 12919 20693 I WiVRn   : [2026-09-11 05:06:03.116] [WiVRn] [info]     VK_ANDROID_external_memory_android_hardware_buffer (version 3)
09-11 05:06:03.116 12919 20693 I WiVRn   : [2026-09-11 05:06:03.116] [WiVRn] [info]     VK_EXT_astc_decode_mode (version 1)
09-11 05:06:03.116 12919 20693 I WiVRn   : [2026-09-11 05:06:03.116] [WiVRn] [info]     VK_EXT_blend_operation_advanced (version 1)
09-11 05:06:03.116 12919 20693 I WiVRn   : [2026-09-11 05:06:03.116] [WiVRn] [info]     VK_EXT_custom_border_color (version 12)
09-11 05:06:03.116 12919 20693 I WiVRn   : [2026-09-11 05:06:03.116] [WiVRn] [info]     VK_EXT_depth_clip_enable (version 1)
09-11 05:06:03.116 12919 20693 I WiVRn   : [2026-09-11 05:06:03.116] [WiVRn] [info]     VK_EXT_descriptor_indexing (version 2)
09-11 05:06:03.116 12919 20693 I WiVRn   : [2026-09-11 05:06:03.116] [WiVRn] [info]     VK_EXT_device_fault (version 1)
09-11 05:06:03.116 12919 20693 I WiVRn   : [2026-09-11 05:06:03.116] [WiVRn] [info]     VK_EXT_device_memory_report (version 2)
09-11 05:06:03.116 12919 20693 I WiVRn   : [2026-09-11 05:06:03.116] [WiVRn] [info]     VK_EXT_extended_dynamic_state (version 1)
09-11 05:06:03.116 12919 20693 I WiVRn   : [2026-09-11 05:06:03.116] [WiVRn] [info]     VK_EXT_filter_cubic (version 3)
09-11 05:06:03.116 12919 20693 I WiVRn   : [2026-09-11 05:06:03.116] [WiVRn] [info]     VK_EXT_fragment_density_map (version 1)
09-11 05:06:03.116 12919 20693 I WiVRn   : [2026-09-11 05:06:03.116] [WiVRn] [info]     VK_EXT_fragment_density_map2 (version 1)
09-11 05:06:03.116 12919 20693 I WiVRn   : [2026-09-11 05:06:03.116] [WiVRn] [info]     VK_EXT_global_priority (version 2)
09-11 05:06:03.116 12919 20693 I WiVRn   : [2026-09-11 05:06:03.116] [WiVRn] [info]     VK_EXT_global_priority_query (version 1)
09-11 05:06:03.116 12919 20693 I WiVRn   : [2026-09-11 05:06:03.116] [WiVRn] [info]     VK_EXT_hdr_metadata (version 1)
09-11 05:06:03.116 12919 20693 I WiVRn   : [2026-09-11 05:06:03.116] [WiVRn] [info]     VK_EXT_host_query_reset (version 1)
09-11 05:06:03.116 12919 20693 I WiVRn   : [2026-09-11 05:06:03.116] [WiVRn] [info]     VK_EXT_image_robustness (version 1)
09-11 05:06:03.116 12919 20693 I WiVRn   : [2026-09-11 05:06:03.116] [WiVRn] [info]     VK_EXT_index_type_uint8 (version 1)
09-11 05:06:03.116 12919 20693 I WiVRn   : [2026-09-11 05:06:03.116] [WiVRn] [info]     VK_EXT_line_rasterization (version 1)
09-11 05:06:03.116 12919 20693 I WiVRn   : [2026-09-11 05:06:03.116] [WiVRn] [info]     VK_EXT_pipeline_creation_cache_control (version 1)
09-11 05:06:03.116 12919 20693 I WiVRn   : [2026-09-11 05:06:03.116] [WiVRn] [info]     VK_EXT_pipeline_creation_feedback (version 1)
09-11 05:06:03.116 12919 20693 I WiVRn   : [2026-09-11 05:06:03.116] [WiVRn] [info]     VK_EXT_primitive_topology_list_restart (version 2)
09-11 05:06:03.116 12919 20693 I WiVRn   : [2026-09-11 05:06:03.116] [WiVRn] [info]     VK_EXT_private_data (version 1)
09-11 05:06:03.116 12919 20693 I WiVRn   : [2026-09-11 05:06:03.116] [WiVRn] [info]     VK_EXT_provoking_vertex (version 1)
09-11 05:06:03.116 12919 20693 I WiVRn   : [2026-09-11 05:06:03.116] [WiVRn] [info]     VK_EXT_queue_family_foreign (version 1)
09-11 05:06:03.116 12919 20693 I WiVRn   : [2026-09-11 05:06:03.116] [WiVRn] [info]     VK_EXT_robustness2 (version 1)
09-11 05:06:03.116 12919 20693 I WiVRn   : [2026-09-11 05:06:03.116] [WiVRn] [info]     VK_EXT_sample_locations (version 1)
09-11 05:06:03.116 12919 20693 I WiVRn   : [2026-09-11 05:06:03.116] [WiVRn] [info]     VK_EXT_sampler_filter_minmax (version 1)
09-11 05:06:03.116 12919 20693 I WiVRn   : [2026-09-11 05:06:03.116] [WiVRn] [info]     VK_EXT_scalar_block_layout (version 1)
09-11 05:06:03.116 12919 20693 I WiVRn   : [2026-09-11 05:06:03.116] [WiVRn] [info]     VK_EXT_separate_stencil_usage (version 1)
09-11 05:06:03.116 12919 20693 I WiVRn   : [2026-09-11 05:06:03.116] [WiVRn] [info]     VK_EXT_shader_demote_to_helper_invocation (version 1)
09-11 05:06:03.116 12919 20693 I WiVRn   : [2026-09-11 05:06:03.116] [WiVRn] [info]     VK_EXT_subgroup_size_control (version 2)
09-11 05:06:03.116 12919 20693 I WiVRn   : [2026-09-11 05:06:03.116] [WiVRn] [info]     VK_EXT_texture_compression_astc_hdr (version 1)
09-11 05:06:03.116 12919 20693 I WiVRn   : [2026-09-11 05:06:03.116] [WiVRn] [info]     VK_EXT_transform_feedback (version 1)
09-11 05:06:03.116 12919 20693 I WiVRn   : [2026-09-11 05:06:03.116] [WiVRn] [info]     VK_EXT_vertex_attribute_divisor (version 3)
09-11 05:06:03.116 12919 20693 I WiVRn   : [2026-09-11 05:06:03.116] [WiVRn] [info]     VK_EXT_vertex_input_dynamic_state (version 2)
09-11 05:06:03.116 12919 20693 I WiVRn   : [2026-09-11 05:06:03.116] [WiVRn] [info]     VK_GOOGLE_display_timing (version 1)
09-11 05:06:03.116 12919 20693 I WiVRn   : [2026-09-11 05:06:03.116] [WiVRn] [info]     VK_IMG_filter_cubic (version 1)
09-11 05:06:03.116 12919 20693 I WiVRn   : [2026-09-11 05:06:03.116] [WiVRn] [info]     VK_KHR_16bit_storage (version 1)
09-11 05:06:03.116 12919 20693 I WiVRn   : [2026-09-11 05:06:03.116] [WiVRn] [info]     VK_KHR_bind_memory2 (version 1)
09-11 05:06:03.116 12919 20693 I WiVRn   : [2026-09-11 05:06:03.116] [WiVRn] [info]     VK_KHR_buffer_device_address (version 1)
09-11 05:06:03.116 12919 20693 I WiVRn   : [2026-09-11 05:06:03.116] [WiVRn] [info]     VK_KHR_create_renderpass2 (version 1)
09-11 05:06:03.116 12919 20693 I WiVRn   : [2026-09-11 05:06:03.116] [WiVRn] [info]     VK_KHR_dedicated_allocation (version 1)
09-11 05:06:03.116 12919 20693 I WiVRn   : [2026-09-11 05:06:03.116] [WiVRn] [info]     VK_KHR_depth_stencil_resolve (version 1)
09-11 05:06:03.116 12919 20693 I WiVRn   : [2026-09-11 05:06:03.116] [WiVRn] [info]     VK_KHR_descriptor_update_template (version 1)
09-11 05:06:03.116 12919 20693 I WiVRn   : [2026-09-11 05:06:03.116] [WiVRn] [info]     VK_KHR_device_group (version 2)
09-11 05:06:03.116 12919 20693 I WiVRn   : [2026-09-11 05:06:03.116] [WiVRn] [info]     VK_KHR_draw_indirect_count (version 1)
09-11 05:06:03.116 12919 20693 I WiVRn   : [2026-09-11 05:06:03.116] [WiVRn] [info]     VK_KHR_driver_properties (version 1)
09-11 05:06:03.116 12919 20693 I WiVRn   : [2026-09-11 05:06:03.116] [WiVRn] [info]     VK_KHR_external_fence (version 1)
09-11 05:06:03.116 12919 20693 I WiVRn   : [2026-09-11 05:06:03.116] [WiVRn] [info]     VK_KHR_external_fence_fd (version 1)
09-11 05:06:03.116 12919 20693 I WiVRn   : [2026-09-11 05:06:03.116] [WiVRn] [info]     VK_KHR_external_memory (version 1)
09-11 05:06:03.116 12919 20693 I WiVRn   : [2026-09-11 05:06:03.116] [WiVRn] [info]     VK_KHR_external_memory_fd (version 1)
09-11 05:06:03.116 12919 20693 I WiVRn   : [2026-09-11 05:06:03.116] [WiVRn] [info]     VK_KHR_external_semaphore (version 1)
09-11 05:06:03.116 12919 20693 I WiVRn   : [2026-09-11 05:06:03.116] [WiVRn] [info]     VK_KHR_external_semaphore_fd (version 1)
09-11 05:06:03.116 12919 20693 I WiVRn   : [2026-09-11 05:06:03.116] [WiVRn] [info]     VK_KHR_get_memory_requirements2 (version 1)
09-11 05:06:03.116 12919 20693 I WiVRn   : [2026-09-11 05:06:03.116] [WiVRn] [info]     VK_KHR_image_format_list (version 1)
09-11 05:06:03.116 12919 20693 I WiVRn   : [2026-09-11 05:06:03.116] [WiVRn] [info]     VK_KHR_imageless_framebuffer (version 1)
09-11 05:06:03.116 12919 20693 I WiVRn   : [2026-09-11 05:06:03.116] [WiVRn] [info]     VK_KHR_incremental_present (version 1)
09-11 05:06:03.116 12919 20693 I WiVRn   : [2026-09-11 05:06:03.116] [WiVRn] [info]     VK_KHR_maintenance1 (version 1)
09-11 05:06:03.116 12919 20693 I WiVRn   : [2026-09-11 05:06:03.116] [WiVRn] [info]     VK_KHR_maintenance2 (version 1)
09-11 05:06:03.116 12919 20693 I WiVRn   : [2026-09-11 05:06:03.116] [WiVRn] [info]     VK_KHR_maintenance3 (version 1)
09-11 05:06:03.116 12919 20693 I WiVRn   : [2026-09-11 05:06:03.116] [WiVRn] [info]     VK_KHR_multiview (version 1)
09-11 05:06:03.116 12919 20693 I WiVRn   : [2026-09-11 05:06:03.116] [WiVRn] [info]     VK_KHR_pipeline_executable_properties (version 1)
09-11 05:06:03.116 12919 20693 I WiVRn   : [2026-09-11 05:06:03.116] [WiVRn] [info]     VK_KHR_push_descriptor (version 1)
09-11 05:06:03.116 12919 20693 I WiVRn   : [2026-09-11 05:06:03.116] [WiVRn] [info]     VK_KHR_relaxed_block_layout (version 1)
09-11 05:06:03.116 12919 20693 I WiVRn   : [2026-09-11 05:06:03.116] [WiVRn] [info]     VK_KHR_sampler_mirror_clamp_to_edge (version 1)
09-11 05:06:03.116 12919 20693 I WiVRn   : [2026-09-11 05:06:03.116] [WiVRn] [info]     VK_KHR_sampler_ycbcr_conversion (version 1)
09-11 05:06:03.116 12919 20693 I WiVRn   : [2026-09-11 05:06:03.116] [WiVRn] [info]     VK_KHR_separate_depth_stencil_layouts (version 1)
09-11 05:06:03.116 12919 20693 I WiVRn   : [2026-09-11 05:06:03.116] [WiVRn] [info]     VK_KHR_shader_draw_parameters (version 1)
09-11 05:06:03.116 12919 20693 I WiVRn   : [2026-09-11 05:06:03.116] [WiVRn] [info]     VK_KHR_shader_float16_int8 (version 1)
09-11 05:06:03.116 12919 20693 I WiVRn   : [2026-09-11 05:06:03.116] [WiVRn] [info]     VK_KHR_shader_float_controls (version 4)
09-11 05:06:03.116 12919 20693 I WiVRn   : [2026-09-11 05:06:03.116] [WiVRn] [info]     VK_KHR_shader_non_semantic_info (version 1)
09-11 05:06:03.116 12919 20693 I WiVRn   : [2026-09-11 05:06:03.116] [WiVRn] [info]     VK_KHR_shared_presentable_image (version 1)
09-11 05:06:03.116 12919 20693 I WiVRn   : [2026-09-11 05:06:03.116] [WiVRn] [info]     VK_KHR_spirv_1_4 (version 1)
09-11 05:06:03.116 12919 20693 I WiVRn   : [2026-09-11 05:06:03.116] [WiVRn] [info]     VK_KHR_storage_buffer_storage_class (version 1)
09-11 05:06:03.116 12919 20693 I WiVRn   : [2026-09-11 05:06:03.116] [WiVRn] [info]     VK_KHR_swapchain (version 70)
09-11 05:06:03.116 12919 20693 I WiVRn   : [2026-09-11 05:06:03.116] [WiVRn] [info]     VK_KHR_timeline_semaphore (version 2)
09-11 05:06:03.116 12919 20693 I WiVRn   : [2026-09-11 05:06:03.116] [WiVRn] [info]     VK_KHR_variable_pointers (version 1)
09-11 05:06:03.116 12919 20693 I WiVRn   : [2026-09-11 05:06:03.116] [WiVRn] [info]     VK_KHR_vulkan_memory_model (version 3)
09-11 05:06:03.116 12919 20693 I WiVRn   : [2026-09-11 05:06:03.116] [WiVRn] [info]     VK_QCOM_fragment_density_map_offset (version 1)
09-11 05:06:03.116 12919 20693 I WiVRn   : [2026-09-11 05:06:03.116] [WiVRn] [info]     VK_QCOM_render_pass_shader_resolve (version 4)
09-11 05:06:03.116 12919 20693 I WiVRn   : [2026-09-11 05:06:03.116] [WiVRn] [info]     VK_QCOM_render_pass_store_ops (version 2)
09-11 05:06:03.116 12919 20693 I WiVRn   : [2026-09-11 05:06:03.116] [WiVRn] [info]     VK_QCOM_render_pass_transform (version 3)
09-11 05:06:03.116 12919 20693 I WiVRn   : [2026-09-11 05:06:03.116] [WiVRn] [info]     VK_QCOM_tile_properties (version 1)
09-11 05:06:03.116 12919 20693 I WiVRn   : [2026-09-11 05:06:03.116] [WiVRn] [info] Initializing Vulkan with device Adreno (TM) 650
09-11 05:06:03.116 12919 20693 I WiVRn   : [2026-09-11 05:06:03.116] [WiVRn] [info]     Vendor ID: 0x5143
09-11 05:06:03.116 12919 20693 I WiVRn   : [2026-09-11 05:06:03.116] [WiVRn] [info]     Device ID: 0x6050002
09-11 05:06:03.116 12919 20693 I WiVRn   : [2026-09-11 05:06:03.116] [WiVRn] [info]     Driver version: 512.682.0
09-11 05:06:03.116 12919 20693 I WiVRn   : [2026-09-11 05:06:03.116] [WiVRn] [info]     maxPushConstantsSize: 128 bytes
09-11 05:06:03.116 12919 20693 I WiVRn   : [2026-09-11 05:06:03.116] [WiVRn] [info] NX queue priorities: render 0 decode 0 / 0 (3 queues)
09-11 05:06:03.116 12919 20693 I WiVRn   : [2026-09-11 05:06:03.116] [WiVRn] [info] Vulkan fragment density map enabled
09-11 05:06:03.117 12919 20693 I WiVRn   : [2026-09-11 05:06:03.117] [WiVRn] [info]     queue family 0 has 3 queues; decoding on queue 1 and queue 2 (one per eye)
09-11 05:06:03.150 12919 20693 I WiVRn   : [2026-09-11 05:06:03.150] [WiVRn] [info] 4 reference spaces
09-11 05:06:03.150 12919 20693 I WiVRn   : [2026-09-11 05:06:03.150] [WiVRn] [info]     XR_REFERENCE_SPACE_TYPE_VIEW
09-11 05:06:03.150 12919 20693 I WiVRn   : [2026-09-11 05:06:03.150] [WiVRn] [info]     XR_REFERENCE_SPACE_TYPE_LOCAL
09-11 05:06:03.150 12919 20693 I WiVRn   : [2026-09-11 05:06:03.150] [WiVRn] [info]     XR_REFERENCE_SPACE_TYPE_STAGE
09-11 05:06:03.150 12919 20693 I WiVRn   : [2026-09-11 05:06:03.150] [WiVRn] [info]     XR_REFERENCE_SPACE_TYPE_LOCAL_FLOOR
09-11 05:06:03.150 12919 20693 I WiVRn   : [2026-09-11 05:06:03.150] [WiVRn] [info] Adding grip_surface/pose for interaction profile /interaction_profiles/khr/simple_controller
09-11 05:06:03.150 12919 20693 I WiVRn   : [2026-09-11 05:06:03.150] [WiVRn] [info] Adding pinch_ext/pose for interaction profile /interaction_profiles/khr/simple_controller
09-11 05:06:03.150 12919 20693 I WiVRn   : [2026-09-11 05:06:03.150] [WiVRn] [info] Adding poke_ext/pose for interaction profile /interaction_profiles/khr/simple_controller
09-11 05:06:03.150 12919 20693 I WiVRn   : [2026-09-11 05:06:03.150] [WiVRn] [info] Adding grip_surface/pose for interaction profile /interaction_profiles/oculus/touch_controller
09-11 05:06:03.150 12919 20693 I WiVRn   : [2026-09-11 05:06:03.150] [WiVRn] [info] Adding pinch_ext/pose for interaction profile /interaction_profiles/oculus/touch_controller
09-11 05:06:03.150 12919 20693 I WiVRn   : [2026-09-11 05:06:03.150] [WiVRn] [info] Adding poke_ext/pose for interaction profile /interaction_profiles/oculus/touch_controller
09-11 05:06:03.150 12919 20693 I WiVRn   : [2026-09-11 05:06:03.150] [WiVRn] [info] Adding grip_surface/pose for interaction profile /interaction_profiles/meta/touch_pro_controller
09-11 05:06:03.150 12919 20693 I WiVRn   : [2026-09-11 05:06:03.150] [WiVRn] [info] Adding pinch_ext/pose for interaction profile /interaction_profiles/meta/touch_pro_controller
09-11 05:06:03.150 12919 20693 I WiVRn   : [2026-09-11 05:06:03.150] [WiVRn] [info] Adding poke_ext/pose for interaction profile /interaction_profiles/meta/touch_pro_controller
09-11 05:06:03.150 12919 20693 I WiVRn   : [2026-09-11 05:06:03.150] [WiVRn] [info] Adding grip_surface/pose for interaction profile /interaction_profiles/meta/touch_plus_controller
09-11 05:06:03.150 12919 20693 I WiVRn   : [2026-09-11 05:06:03.150] [WiVRn] [info] Adding pinch_ext/pose for interaction profile /interaction_profiles/meta/touch_plus_controller
09-11 05:06:03.150 12919 20693 I WiVRn   : [2026-09-11 05:06:03.150] [WiVRn] [info] Adding poke_ext/pose for interaction profile /interaction_profiles/meta/touch_plus_controller
09-11 05:06:03.150 12919 20693 I WiVRn   : [2026-09-11 05:06:03.150] [WiVRn] [info] Adding grip_surface/pose for interaction profile /interaction_profiles/bytedance/pico_neo3_controller
09-11 05:06:03.150 12919 20693 I WiVRn   : [2026-09-11 05:06:03.150] [WiVRn] [info] Adding pinch_ext/pose for interaction profile /interaction_profiles/bytedance/pico_neo3_controller
09-11 05:06:03.150 12919 20693 I WiVRn   : [2026-09-11 05:06:03.150] [WiVRn] [info] Adding poke_ext/pose for interaction profile /interaction_profiles/bytedance/pico_neo3_controller
09-11 05:06:03.150 12919 20693 I WiVRn   : [2026-09-11 05:06:03.150] [WiVRn] [info] Adding grip_surface/pose for interaction profile /interaction_profiles/bytedance/pico4_controller
09-11 05:06:03.150 12919 20693 I WiVRn   : [2026-09-11 05:06:03.150] [WiVRn] [info] Adding pinch_ext/pose for interaction profile /interaction_profiles/bytedance/pico4_controller
09-11 05:06:03.150 12919 20693 I WiVRn   : [2026-09-11 05:06:03.150] [WiVRn] [info] Adding poke_ext/pose for interaction profile /interaction_profiles/bytedance/pico4_controller
09-11 05:06:03.150 12919 20693 I WiVRn   : [2026-09-11 05:06:03.150] [WiVRn] [info] Adding grip_surface/pose for interaction profile /interaction_profiles/bytedance/pico4s_controller
09-11 05:06:03.150 12919 20693 I WiVRn   : [2026-09-11 05:06:03.150] [WiVRn] [info] Adding pinch_ext/pose for interaction profile /interaction_profiles/bytedance/pico4s_controller
09-11 05:06:03.150 12919 20693 I WiVRn   : [2026-09-11 05:06:03.150] [WiVRn] [info] Adding poke_ext/pose for interaction profile /interaction_profiles/bytedance/pico4s_controller
09-11 05:06:03.150 12919 20693 I WiVRn   : [2026-09-11 05:06:03.150] [WiVRn] [info] Adding grip_surface/pose for interaction profile /interaction_profiles/yvr/touch_controller_yvr
09-11 05:06:03.150 12919 20693 I WiVRn   : [2026-09-11 05:06:03.150] [WiVRn] [info] Adding pinch_ext/pose for interaction profile /interaction_profiles/yvr/touch_controller_yvr
09-11 05:06:03.150 12919 20693 I WiVRn   : [2026-09-11 05:06:03.150] [WiVRn] [info] Adding poke_ext/pose for interaction profile /interaction_profiles/yvr/touch_controller_yvr
09-11 05:06:03.151 12919 20693 I WiVRn   : [2026-09-11 05:06:03.151] [WiVRn] [info] Adding grip_surface/pose for interaction profile /interaction_profiles/htc/vive_focus3_controller
09-11 05:06:03.151 12919 20693 I WiVRn   : [2026-09-11 05:06:03.151] [WiVRn] [info] Adding pinch_ext/pose for interaction profile /interaction_profiles/htc/vive_focus3_controller
09-11 05:06:03.151 12919 20693 I WiVRn   : [2026-09-11 05:06:03.151] [WiVRn] [info] Adding poke_ext/pose for interaction profile /interaction_profiles/htc/vive_focus3_controller
09-11 05:06:03.151 12919 20693 I WiVRn   : [2026-09-11 05:06:03.151] [WiVRn] [info] Adding grip_surface/pose for interaction profile /interaction_profiles/ext/hand_interaction_ext
09-11 05:06:03.156 12919 20693 I WiVRn   : [2026-09-11 05:06:03.156] [WiVRn] [info] Current locale: language en, country GB, encoding UTF-8
09-11 05:06:03.156 12919 20693 I WiVRn   : [2026-09-11 05:06:03.156] [WiVRn] [info] Supported swapchain formats:
09-11 05:06:03.156 12919 20693 I WiVRn   : [2026-09-11 05:06:03.156] [WiVRn] [info]     R8G8B8A8Srgb
09-11 05:06:03.156 12919 20693 I WiVRn   : [2026-09-11 05:06:03.156] [WiVRn] [info]     R8Unorm
09-11 05:06:03.156 12919 20693 I WiVRn   : [2026-09-11 05:06:03.156] [WiVRn] [info]     R8G8Unorm
09-11 05:06:03.156 12919 20693 I WiVRn   : [2026-09-11 05:06:03.156] [WiVRn] [info]     R8G8B8A8Unorm
09-11 05:06:03.156 12919 20693 I WiVRn   : [2026-09-11 05:06:03.156] [WiVRn] [info]     R5G6B5UnormPack16
09-11 05:06:03.156 12919 20693 I WiVRn   : [2026-09-11 05:06:03.156] [WiVRn] [info]     A2B10G10R10UnormPack32
09-11 05:06:03.156 12919 20693 I WiVRn   : [2026-09-11 05:06:03.156] [WiVRn] [info]     R16Unorm
09-11 05:06:03.156 12919 20693 I WiVRn   : [2026-09-11 05:06:03.156] [WiVRn] [info]     R16G16Unorm
09-11 05:06:03.156 12919 20693 I WiVRn   : [2026-09-11 05:06:03.156] [WiVRn] [info]     R16G16B16A16Unorm
09-11 05:06:03.156 12919 20693 I WiVRn   : [2026-09-11 05:06:03.156] [WiVRn] [info]     R16Uint
09-11 05:06:03.156 12919 20693 I WiVRn   : [2026-09-11 05:06:03.156] [WiVRn] [info]     R16G16Uint
09-11 05:06:03.156 12919 20693 I WiVRn   : [2026-09-11 05:06:03.156] [WiVRn] [info]     R16G16B16A16Uint
09-11 05:06:03.156 12919 20693 I WiVRn   : [2026-09-11 05:06:03.156] [WiVRn] [info]     R16Sint
09-11 05:06:03.156 12919 20693 I WiVRn   : [2026-09-11 05:06:03.156] [WiVRn] [info]     R16G16Sint
09-11 05:06:03.156 12919 20693 I WiVRn   : [2026-09-11 05:06:03.156] [WiVRn] [info]     R16G16B16A16Sint
09-11 05:06:03.156 12919 20693 I WiVRn   : [2026-09-11 05:06:03.156] [WiVRn] [info]     R16Sfloat
09-11 05:06:03.156 12919 20693 I WiVRn   : [2026-09-11 05:06:03.156] [WiVRn] [info]     R16G16Sfloat
09-11 05:06:03.156 12919 20693 I WiVRn   : [2026-09-11 05:06:03.156] [WiVRn] [info]     R16G16B16A16Sfloat
09-11 05:06:03.156 12919 20693 I WiVRn   : [2026-09-11 05:06:03.156] [WiVRn] [info]     A1R5G5B5UnormPack16
09-11 05:06:03.156 12919 20693 I WiVRn   : [2026-09-11 05:06:03.156] [WiVRn] [info]     Etc2R8G8B8UnormBlock
09-11 05:06:03.156 12919 20693 I WiVRn   : [2026-09-11 05:06:03.156] [WiVRn] [info]     Etc2R8G8B8A1UnormBlock
09-11 05:06:03.156 12919 20693 I WiVRn   : [2026-09-11 05:06:03.156] [WiVRn] [info]     Etc2R8G8B8A8UnormBlock
09-11 05:06:03.156 12919 20693 I WiVRn   : [2026-09-11 05:06:03.156] [WiVRn] [info]     Etc2R8G8B8SrgbBlock
09-11 05:06:03.156 12919 20693 I WiVRn   : [2026-09-11 05:06:03.156] [WiVRn] [info]     Etc2R8G8B8A1SrgbBlock
09-11 05:06:03.156 12919 20693 I WiVRn   : [2026-09-11 05:06:03.156] [WiVRn] [info]     Etc2R8G8B8A8SrgbBlock
09-11 05:06:03.156 12919 20693 I WiVRn   : [2026-09-11 05:06:03.156] [WiVRn] [info]     EacR11UnormBlock
09-11 05:06:03.156 12919 20693 I WiVRn   : [2026-09-11 05:06:03.156] [WiVRn] [info]     EacR11G11UnormBlock
09-11 05:06:03.156 12919 20693 I WiVRn   : [2026-09-11 05:06:03.156] [WiVRn] [info]     EacR11SnormBlock
09-11 05:06:03.156 12919 20693 I WiVRn   : [2026-09-11 05:06:03.156] [WiVRn] [info]     EacR11G11SnormBlock
09-11 05:06:03.156 12919 20693 I WiVRn   : [2026-09-11 05:06:03.156] [WiVRn] [info]     Astc4x4UnormBlock
09-11 05:06:03.156 12919 20693 I WiVRn   : [2026-09-11 05:06:03.156] [WiVRn] [info]     Astc5x4UnormBlock
09-11 05:06:03.156 12919 20693 I WiVRn   : [2026-09-11 05:06:03.156] [WiVRn] [info]     Astc5x5UnormBlock
09-11 05:06:03.156 12919 20693 I WiVRn   : [2026-09-11 05:06:03.156] [WiVRn] [info]     Astc6x5UnormBlock
09-11 05:06:03.156 12919 20693 I WiVRn   : [2026-09-11 05:06:03.156] [WiVRn] [info]     Astc6x6UnormBlock
09-11 05:06:03.156 12919 20693 I WiVRn   : [2026-09-11 05:06:03.156] [WiVRn] [info]     Astc8x5UnormBlock
09-11 05:06:03.156 12919 20693 I WiVRn   : [2026-09-11 05:06:03.156] [WiVRn] [info]     Astc8x6UnormBlock
09-11 05:06:03.156 12919 20693 I WiVRn   : [2026-09-11 05:06:03.156] [WiVRn] [info]     Astc8x8UnormBlock
09-11 05:06:03.156 12919 20693 I WiVRn   : [2026-09-11 05:06:03.156] [WiVRn] [info]     Astc10x5UnormBlock
09-11 05:06:03.156 12919 20693 I WiVRn   : [2026-09-11 05:06:03.156] [WiVRn] [info]     Astc10x6UnormBlock
09-11 05:06:03.156 12919 20693 I WiVRn   : [2026-09-11 05:06:03.156] [WiVRn] [info]     Astc10x8UnormBlock
09-11 05:06:03.156 12919 20693 I WiVRn   : [2026-09-11 05:06:03.156] [WiVRn] [info]     Astc10x10UnormBlock
09-11 05:06:03.156 12919 20693 I WiVRn   : [2026-09-11 05:06:03.156] [WiVRn] [info]     Astc12x10UnormBlock
09-11 05:06:03.156 12919 20693 I WiVRn   : [2026-09-11 05:06:03.156] [WiVRn] [info]     Astc12x12UnormBlock
09-11 05:06:03.156 12919 20693 I WiVRn   : [2026-09-11 05:06:03.156] [WiVRn] [info]     Astc4x4SrgbBlock
09-11 05:06:03.156 12919 20693 I WiVRn   : [2026-09-11 05:06:03.156] [WiVRn] [info]     Astc5x4SrgbBlock
09-11 05:06:03.156 12919 20693 I WiVRn   : [2026-09-11 05:06:03.156] [WiVRn] [info]     Astc5x5SrgbBlock
09-11 05:06:03.156 12919 20693 I WiVRn   : [2026-09-11 05:06:03.156] [WiVRn] [info]     Astc6x5SrgbBlock
09-11 05:06:03.156 12919 20693 I WiVRn   : [2026-09-11 05:06:03.156] [WiVRn] [info]     Astc6x6SrgbBlock
09-11 05:06:03.156 12919 20693 I WiVRn   : [2026-09-11 05:06:03.156] [WiVRn] [info]     Astc8x5SrgbBlock
09-11 05:06:03.156 12919 20693 I WiVRn   : [2026-09-11 05:06:03.156] [WiVRn] [info]     Astc8x6SrgbBlock
09-11 05:06:03.156 12919 20693 I WiVRn   : [2026-09-11 05:06:03.156] [WiVRn] [info]     Astc8x8SrgbBlock
09-11 05:06:03.156 12919 20693 I WiVRn   : [2026-09-11 05:06:03.156] [WiVRn] [info]     Astc10x5SrgbBlock
09-11 05:06:03.156 12919 20693 I WiVRn   : [2026-09-11 05:06:03.156] [WiVRn] [info]     Astc10x6SrgbBlock
09-11 05:06:03.156 12919 20693 I WiVRn   : [2026-09-11 05:06:03.156] [WiVRn] [info]     Astc10x8SrgbBlock
09-11 05:06:03.156 12919 20693 I WiVRn   : [2026-09-11 05:06:03.156] [WiVRn] [info]     Astc10x10SrgbBlock
09-11 05:06:03.156 12919 20693 I WiVRn   : [2026-09-11 05:06:03.156] [WiVRn] [info]     Astc12x10SrgbBlock
09-11 05:06:03.156 12919 20693 I WiVRn   : [2026-09-11 05:06:03.156] [WiVRn] [info]     Astc12x12SrgbBlock
09-11 05:06:03.156 12919 20693 I WiVRn   : [2026-09-11 05:06:03.156] [WiVRn] [info]     D16Unorm
09-11 05:06:03.156 12919 20693 I WiVRn   : [2026-09-11 05:06:03.156] [WiVRn] [info]     X8D24UnormPack32
09-11 05:06:03.156 12919 20693 I WiVRn   : [2026-09-11 05:06:03.156] [WiVRn] [info]     D32Sfloat
09-11 05:06:03.156 12919 20693 I WiVRn   : [2026-09-11 05:06:03.156] [WiVRn] [info]     D24UnormS8Uint
09-11 05:06:03.156 12919 20693 I WiVRn   : [2026-09-11 05:06:03.156] [WiVRn] [info]     B8G8R8A8Unorm
09-11 05:06:03.156 12919 20693 I WiVRn   : [2026-09-11 05:06:03.156] [WiVRn] [info]     B8G8R8A8Srgb
09-11 05:06:03.174 12919 20693 I WiVRn   : [2026-09-11 05:06:03.174] [WiVRn] [info] Using formats R8G8B8A8Srgb and D32Sfloat
09-11 05:06:03.174 12919 20693 I WiVRn   : [2026-09-11 05:06:03.174] [WiVRn] [info] Composition layer depth test NOT supported
09-11 05:06:03.174 12919 20693 I WiVRn   : [2026-09-11 05:06:03.174] [WiVRn] [info] Composition layer color scale/bias supported
09-11 05:06:03.174 12919 20693 I WiVRn   : [2026-09-11 05:06:03.174] [WiVRn] [info] 0 known server(s):
09-11 05:06:03.176 12919 20716 I WiVRn   : [2026-09-11 05:06:03.176] [WiVRn] [info] Session state changed at timestamp 0: XR_SESSION_STATE_UNKNOWN => XR_SESSION_STATE_IDLE
09-11 05:06:03.176 12919 20716 I WiVRn   : [2026-09-11 05:06:03.176] [WiVRn] [info] Session state changed at timestamp 0: XR_SESSION_STATE_IDLE => XR_SESSION_STATE_READY
09-11 05:06:03.194 12919 20716 I WiVRn   : [2026-09-11 05:06:03.194] [WiVRn] [info] Received event type XR_TYPE_EVENT_DATA_USER_PRESENCE_CHANGED_EXT
09-11 05:06:03.194 12919 20716 I WiVRn   : [2026-09-11 05:06:03.194] [WiVRn] [info] Using panel size: 2160x2160
09-11 05:06:03.383 12919 20716 I WiVRn   : [2026-09-11 05:06:03.383] [WiVRn] [info] Loaded input profile pico-4
09-11 05:06:03.383 12919 20716 I WiVRn   : [2026-09-11 05:06:03.383] [WiVRn] [info] Initializing offset of space aim_left to (-5, 0, 20) mm, (0, -0, 0)°
09-11 05:06:03.383 12919 20716 I WiVRn   : [2026-09-11 05:06:03.383] [WiVRn] [info] Initializing offset of space aim_right to (5, 0, 20) mm, (0, -0, 0)°
09-11 05:06:03.383 12919 20716 I WiVRn   : [2026-09-11 05:06:03.383] [WiVRn] [info] Initializing offset of space grip_left to (0, -20, -50) mm, (-30.000002, -0, 0)°
09-11 05:06:03.383 12919 20716 I WiVRn   : [2026-09-11 05:06:03.383] [WiVRn] [info] Initializing offset of space grip_right to (0, -20, -50) mm, (-30.000002, -0, 0)°
09-11 05:06:03.394 12919 20716 I WiVRn   : [2026-09-11 05:06:03.394] [WiVRn] [info] Font for de /system/fonts/PICOSans.ttf
09-11 05:06:03.395 12919 20716 I WiVRn   : [2026-09-11 05:06:03.395] [WiVRn] [info] Font for es /system/fonts/PICOSans.ttf
09-11 05:06:03.395 12919 20716 I WiVRn   : [2026-09-11 05:06:03.395] [WiVRn] [info] Font for fr /system/fonts/PICOSans.ttf
09-11 05:06:03.395 12919 20716 I WiVRn   : [2026-09-11 05:06:03.395] [WiVRn] [info] Font for fr /system/fonts/Roboto-Regular.ttf
09-11 05:06:03.395 12919 20716 I WiVRn   : [2026-09-11 05:06:03.395] [WiVRn] [info] Font for it /system/fonts/PICOSans.ttf
09-11 05:06:03.395 12919 20716 I WiVRn   : [2026-09-11 05:06:03.395] [WiVRn] [info] Font for ja /system/fonts/PICOSans.ttf
09-11 05:06:03.395 12919 20716 I WiVRn   : [2026-09-11 05:06:03.395] [WiVRn] [info] Font for ja /system/fonts/PICOSansVFJP.ttf
09-11 05:06:03.395 12919 20716 I WiVRn   : [2026-09-11 05:06:03.395] [WiVRn] [info] Font for ka /system/fonts/PICOSans.ttf
09-11 05:06:03.395 12919 20716 I WiVRn   : [2026-09-11 05:06:03.395] [WiVRn] [info] Font for ka /system/fonts/NotoSansGeorgian-Regular.otf
09-11 05:06:03.395 12919 20716 I WiVRn   : [2026-09-11 05:06:03.395] [WiVRn] [info] Font for ka /system/fonts/PICOSans.ttf
09-11 05:06:03.395 12919 20716 I WiVRn   : [2026-09-11 05:06:03.395] [WiVRn] [info] Font for pl /system/fonts/PICOSans.ttf
09-11 05:06:03.395 12919 20716 I WiVRn   : [2026-09-11 05:06:03.395] [WiVRn] [info] Font for pl /system/fonts/Roboto-Regular.ttf
09-11 05:06:03.395 12919 20716 I WiVRn   : [2026-09-11 05:06:03.395] [WiVRn] [info] Font for pl /system/fonts/PICOSans.ttf
09-11 05:06:03.395 12919 20716 I WiVRn   : [2026-09-11 05:06:03.395] [WiVRn] [info] Font for pl /system/fonts/PICOSansSC-Regular.ttf
09-11 05:06:03.395 12919 20716 I WiVRn   : [2026-09-11 05:06:03.395] [WiVRn] [info] Font for pl /system/fonts/Roboto-Regular.ttf
09-11 05:06:03.395 12919 20716 I WiVRn   : [2026-09-11 05:06:03.395] [WiVRn] [info] Font for pl /system/fonts/PICOSans.ttf
09-11 05:06:03.395 12919 20716 I WiVRn   : [2026-09-11 05:06:03.395] [WiVRn] [info] Font for pt_BR /system/fonts/PICOSans.ttf
09-11 05:06:03.395 12919 20716 I WiVRn   : [2026-09-11 05:06:03.395] [WiVRn] [info] Font for ru /system/fonts/PICOSans.ttf
09-11 05:06:03.395 12919 20716 I WiVRn   : [2026-09-11 05:06:03.395] [WiVRn] [info] Font for ru /system/fonts/PICOSansSC-Regular.ttf
09-11 05:06:03.395 12919 20716 I WiVRn   : [2026-09-11 05:06:03.395] [WiVRn] [info] Font for ru /system/fonts/PICOSans.ttf
09-11 05:06:03.395 12919 20716 I WiVRn   : [2026-09-11 05:06:03.395] [WiVRn] [info] Font for sk /system/fonts/PICOSans.ttf
09-11 05:06:03.395 12919 20716 I WiVRn   : [2026-09-11 05:06:03.395] [WiVRn] [info] Font for sk /system/fonts/Roboto-Regular.ttf
09-11 05:06:03.395 12919 20716 I WiVRn   : [2026-09-11 05:06:03.395] [WiVRn] [info] Font for sk /system/fonts/PICOSansSC-Regular.ttf
09-11 05:06:03.395 12919 20716 I WiVRn   : [2026-09-11 05:06:03.395] [WiVRn] [info] Font for sk /system/fonts/PICOSans.ttf
09-11 05:06:03.395 12919 20716 I WiVRn   : [2026-09-11 05:06:03.395] [WiVRn] [info] Font for sk /system/fonts/Roboto-Regular.ttf
09-11 05:06:03.395 12919 20716 I WiVRn   : [2026-09-11 05:06:03.395] [WiVRn] [info] Font for sk /system/fonts/PICOSans.ttf
09-11 05:06:03.395 12919 20716 I WiVRn   : [2026-09-11 05:06:03.395] [WiVRn] [info] Font for tr /system/fonts/PICOSans.ttf
09-11 05:06:03.395 12919 20716 I WiVRn   : [2026-09-11 05:06:03.395] [WiVRn] [info] Font for tr /system/fonts/Roboto-Regular.ttf
09-11 05:06:03.395 12919 20716 I WiVRn   : [2026-09-11 05:06:03.395] [WiVRn] [info] Font for tr /system/fonts/PICOSans.ttf
09-11 05:06:03.395 12919 20716 I WiVRn   : [2026-09-11 05:06:03.395] [WiVRn] [info] Font for tr /system/fonts/Roboto-Regular.ttf
09-11 05:06:03.395 12919 20716 I WiVRn   : [2026-09-11 05:06:03.395] [WiVRn] [info] Font for tr /system/fonts/PICOSans.ttf
09-11 05:06:03.395 12919 20716 I WiVRn   : [2026-09-11 05:06:03.395] [WiVRn] [info] Font for zh_CN /system/fonts/PICOSans.ttf
09-11 05:06:03.395 12919 20716 I WiVRn   : [2026-09-11 05:06:03.395] [WiVRn] [info] Font for zh_CN /system/fonts/PICOSansSC-Regular.ttf
09-11 05:06:03.396 12919 20716 I WiVRn   : [2026-09-11 05:06:03.396] [WiVRn] [info] Font for zh_TW /system/fonts/PICOSans.ttf
09-11 05:06:03.396 12919 20716 I WiVRn   : [2026-09-11 05:06:03.396] [WiVRn] [info] Font for zh_TW /system/fonts/PICOSansSC-Regular.ttf
09-11 05:06:03.399 12919 20716 I WiVRn   : [2026-09-11 05:06:03.399] [WiVRn] [info] Using font /system/fonts/PICOSans.ttf
09-11 05:06:03.400 12919 20716 I WiVRn   : [2026-09-11 05:06:03.400] [WiVRn] [info] Using font /system/fonts/Roboto-Regular.ttf
09-11 05:06:03.400 12919 20716 I WiVRn   : [2026-09-11 05:06:03.400] [WiVRn] [info] Using font /system/fonts/PICOSansVFJP.ttf
09-11 05:06:03.406 12919 20716 I WiVRn   : [2026-09-11 05:06:03.406] [WiVRn] [info] Using font /system/fonts/NotoSansGeorgian-Regular.otf
09-11 05:06:03.406 12919 20716 I WiVRn   : [2026-09-11 05:06:03.406] [WiVRn] [info] Using font /system/fonts/PICOSansSC-Regular.ttf
09-11 05:06:03.539 12919 20716 I WiVRn   : [2026-09-11 05:06:03.539] [WiVRn] [info] MulticastLock acquired
09-11 05:06:03.539 12919 20716 I WiVRn   : [2026-09-11 05:06:03.539] [WiVRn] [info] Local IPv6 address: 2003:c2:3701:81fc:b3c8:aefc:7af2:8a5a
09-11 05:06:03.539 12919 20716 I WiVRn   : [2026-09-11 05:06:03.539] [WiVRn] [info] Local IPv6 address: 2003:c2:3701:81fc:616a:1ec4:5f3c:1dd5
09-11 05:06:03.539 12919 20716 I WiVRn   : [2026-09-11 05:06:03.539] [WiVRn] [info] Local IPv6 address: fd3c:3d87:86b7:0:c7ff:60cd:b757:e773
09-11 05:06:03.539 12919 20716 I WiVRn   : [2026-09-11 05:06:03.539] [WiVRn] [info] Local IPv6 address: fd3c:3d87:86b7:0:616a:1ec4:5f3c:1dd5
09-11 05:06:03.539 12919 20716 I WiVRn   : [2026-09-11 05:06:03.539] [WiVRn] [info] Local IPv4 address: 192.168.1.248
09-11 05:06:03.539 12919 20716 W WiVRn   : [2026-09-11 05:06:03.539] [WiVRn] [warning] unknown family 17
09-11 05:06:03.539 12919 20731 I WiVRn   : [2026-09-11 05:06:03.539] [WiVRn] [info] Sending query for _wivrn._tcp.local., type PTR
09-11 05:06:03.539 12919 20716 I WiVRn   : [2026-09-11 05:06:03.539] [WiVRn] [info] Performance level: CPU domain asked for sustained_high
09-11 05:06:03.540 12919 20716 I WiVRn   : [2026-09-11 05:06:03.540] [WiVRn] [info] Performance level: GPU domain asked for boost
09-11 05:06:03.541 12919 20716 I WiVRn   : [2026-09-11 05:06:03.541] [WiVRn] [info] Received event type XR_TYPE_EVENT_DATA_INTERACTION_PROFILE_CHANGED
09-11 05:06:03.541 12919 20716 I WiVRn   : [2026-09-11 05:06:03.541] [WiVRn] [info] Received event type XR_TYPE_EVENT_DATA_INTERACTION_PROFILE_CHANGED
09-11 05:06:03.541 12919 20716 I WiVRn   : [2026-09-11 05:06:03.541] [WiVRn] [info] Session state changed at timestamp 0: XR_SESSION_STATE_READY => XR_SESSION_STATE_SYNCHRONIZED
09-11 05:06:03.541 12919 20716 I WiVRn   : [2026-09-11 05:06:03.541] [WiVRn] [info] Refresh rate changed from 72 to 90
09-11 05:06:03.541 12919 20716 I WiVRn   : [2026-09-11 05:06:03.541] [WiVRn] [info] Session state changed at timestamp 0: XR_SESSION_STATE_SYNCHRONIZED => XR_SESSION_STATE_VISIBLE
09-11 05:06:03.547 12919 20732 I WiVRn   : [2026-09-11 05:06:03.547] [WiVRn] [info] Using pin "000000"
09-11 05:06:03.555 12919 20732 I WiVRn   : [2026-09-11 05:06:03.555] [WiVRn] [info] Wi-Fi QoS marks enabled (uplink EF / AC_VO)
09-11 05:06:03.559 12919 20716 I WiVRn   : [2026-09-11 05:06:03.559] [WiVRn] [info] Creating new swapchain: eR8G8B8A8Srgb, 1504x1504, 1 sample(s), 2 level(s)
09-11 05:06:03.561 12919 20716 I WiVRn   : [2026-09-11 05:06:03.561] [WiVRn] [info] Created swapchain
09-11 05:06:03.562 12919 20716 I WiVRn   : [2026-09-11 05:06:03.562] [WiVRn] [info] Creating new swapchain: eR8G8B8A8Srgb, 1504x1504, 1 sample(s), 2 level(s)
09-11 05:06:03.564 12919 20716 I WiVRn   : [2026-09-11 05:06:03.564] [WiVRn] [info] Created swapchain
09-11 05:06:03.568 12919 20706 I PxrMetric: FPS=0/90,MTP=17.15ms,AppSW=off,FrmEarly=0,FrmLate=1,FrmCpu=4.12ms,FrmGpu=0.02ms,FrmTime=4.14ms,ATWGPU=0.00ms,VsyncDelay=0,GPU=0%/0Mhz,GPUTemp=0.0C,LayerCnt=0,Pkg=org.meumeu.wivrn.nx.warp,FrmId=2
09-11 05:06:03.568 12919 20716 I WiVRn   : [2026-09-11 05:06:03.568] [WiVRn] [info] Supported swapchain formats:
09-11 05:06:03.568 12919 20716 I WiVRn   : [2026-09-11 05:06:03.568] [WiVRn] [info]     R8G8B8A8Srgb
09-11 05:06:03.568 12919 20716 I WiVRn   : [2026-09-11 05:06:03.568] [WiVRn] [info]     R8Unorm
09-11 05:06:03.568 12919 20716 I WiVRn   : [2026-09-11 05:06:03.568] [WiVRn] [info]     R8G8Unorm
09-11 05:06:03.568 12919 20716 I WiVRn   : [2026-09-11 05:06:03.568] [WiVRn] [info]     R8G8B8A8Unorm
09-11 05:06:03.568 12919 20716 I WiVRn   : [2026-09-11 05:06:03.568] [WiVRn] [info]     R5G6B5UnormPack16
09-11 05:06:03.568 12919 20716 I WiVRn   : [2026-09-11 05:06:03.568] [WiVRn] [info]     A2B10G10R10UnormPack32
09-11 05:06:03.568 12919 20716 I WiVRn   : [2026-09-11 05:06:03.568] [WiVRn] [info]     R16Unorm
09-11 05:06:03.568 12919 20716 I WiVRn   : [2026-09-11 05:06:03.568] [WiVRn] [info]     R16G16Unorm
09-11 05:06:03.568 12919 20716 I WiVRn   : [2026-09-11 05:06:03.568] [WiVRn] [info]     R16G16B16A16Unorm
09-11 05:06:03.568 12919 20716 I WiVRn   : [2026-09-11 05:06:03.568] [WiVRn] [info]     R16Uint
09-11 05:06:03.568 12919 20716 I WiVRn   : [2026-09-11 05:06:03.568] [WiVRn] [info]     R16G16Uint
09-11 05:06:03.568 12919 20716 I WiVRn   : [2026-09-11 05:06:03.568] [WiVRn] [info]     R16G16B16A16Uint
09-11 05:06:03.568 12919 20716 I WiVRn   : [2026-09-11 05:06:03.568] [WiVRn] [info]     R16Sint
09-11 05:06:03.568 12919 20716 I WiVRn   : [2026-09-11 05:06:03.568] [WiVRn] [info]     R16G16Sint
09-11 05:06:03.568 12919 20716 I WiVRn   : [2026-09-11 05:06:03.568] [WiVRn] [info]     R16G16B16A16Sint
09-11 05:06:03.568 12919 20716 I WiVRn   : [2026-09-11 05:06:03.568] [WiVRn] [info]     R16Sfloat
09-11 05:06:03.568 12919 20716 I WiVRn   : [2026-09-11 05:06:03.568] [WiVRn] [info]     R16G16Sfloat
09-11 05:06:03.568 12919 20716 I WiVRn   : [2026-09-11 05:06:03.568] [WiVRn] [info]     R16G16B16A16Sfloat
09-11 05:06:03.568 12919 20716 I WiVRn   : [2026-09-11 05:06:03.568] [WiVRn] [info]     A1R5G5B5UnormPack16
09-11 05:06:03.568 12919 20716 I WiVRn   : [2026-09-11 05:06:03.568] [WiVRn] [info]     Etc2R8G8B8UnormBlock
09-11 05:06:03.568 12919 20716 I WiVRn   : [2026-09-11 05:06:03.568] [WiVRn] [info]     Etc2R8G8B8A1UnormBlock
09-11 05:06:03.568 12919 20716 I WiVRn   : [2026-09-11 05:06:03.568] [WiVRn] [info]     Etc2R8G8B8A8UnormBlock
09-11 05:06:03.568 12919 20716 I WiVRn   : [2026-09-11 05:06:03.568] [WiVRn] [info]     Etc2R8G8B8SrgbBlock
09-11 05:06:03.568 12919 20716 I WiVRn   : [2026-09-11 05:06:03.568] [WiVRn] [info]     Etc2R8G8B8A1SrgbBlock
09-11 05:06:03.568 12919 20716 I WiVRn   : [2026-09-11 05:06:03.568] [WiVRn] [info]     Etc2R8G8B8A8SrgbBlock
09-11 05:06:03.568 12919 20716 I WiVRn   : [2026-09-11 05:06:03.568] [WiVRn] [info]     EacR11UnormBlock
09-11 05:06:03.568 12919 20716 I WiVRn   : [2026-09-11 05:06:03.568] [WiVRn] [info]     EacR11G11UnormBlock
09-11 05:06:03.568 12919 20716 I WiVRn   : [2026-09-11 05:06:03.568] [WiVRn] [info]     EacR11SnormBlock
09-11 05:06:03.568 12919 20716 I WiVRn   : [2026-09-11 05:06:03.568] [WiVRn] [info]     EacR11G11SnormBlock
09-11 05:06:03.568 12919 20716 I WiVRn   : [2026-09-11 05:06:03.568] [WiVRn] [info]     Astc4x4UnormBlock
09-11 05:06:03.568 12919 20716 I WiVRn   : [2026-09-11 05:06:03.568] [WiVRn] [info]     Astc5x4UnormBlock
09-11 05:06:03.568 12919 20716 I WiVRn   : [2026-09-11 05:06:03.568] [WiVRn] [info]     Astc5x5UnormBlock
09-11 05:06:03.568 12919 20716 I WiVRn   : [2026-09-11 05:06:03.568] [WiVRn] [info]     Astc6x5UnormBlock
09-11 05:06:03.568 12919 20716 I WiVRn   : [2026-09-11 05:06:03.568] [WiVRn] [info]     Astc6x6UnormBlock
09-11 05:06:03.568 12919 20716 I WiVRn   : [2026-09-11 05:06:03.568] [WiVRn] [info]     Astc8x5UnormBlock
09-11 05:06:03.568 12919 20716 I WiVRn   : [2026-09-11 05:06:03.568] [WiVRn] [info]     Astc8x6UnormBlock
09-11 05:06:03.568 12919 20716 I WiVRn   : [2026-09-11 05:06:03.568] [WiVRn] [info]     Astc8x8UnormBlock
09-11 05:06:03.568 12919 20716 I WiVRn   : [2026-09-11 05:06:03.568] [WiVRn] [info]     Astc10x5UnormBlock
09-11 05:06:03.568 12919 20716 I WiVRn   : [2026-09-11 05:06:03.568] [WiVRn] [info]     Astc10x6UnormBlock
09-11 05:06:03.568 12919 20716 I WiVRn   : [2026-09-11 05:06:03.568] [WiVRn] [info]     Astc10x8UnormBlock
09-11 05:06:03.568 12919 20716 I WiVRn   : [2026-09-11 05:06:03.568] [WiVRn] [info]     Astc10x10UnormBlock
09-11 05:06:03.568 12919 20716 I WiVRn   : [2026-09-11 05:06:03.568] [WiVRn] [info]     Astc12x10UnormBlock
09-11 05:06:03.568 12919 20716 I WiVRn   : [2026-09-11 05:06:03.568] [WiVRn] [info]     Astc12x12UnormBlock
09-11 05:06:03.568 12919 20716 I WiVRn   : [2026-09-11 05:06:03.568] [WiVRn] [info]     Astc4x4SrgbBlock
09-11 05:06:03.568 12919 20716 I WiVRn   : [2026-09-11 05:06:03.568] [WiVRn] [info]     Astc5x4SrgbBlock
09-11 05:06:03.568 12919 20716 I WiVRn   : [2026-09-11 05:06:03.568] [WiVRn] [info]     Astc5x5SrgbBlock
09-11 05:06:03.568 12919 20716 I WiVRn   : [2026-09-11 05:06:03.568] [WiVRn] [info]     Astc6x5SrgbBlock
09-11 05:06:03.568 12919 20716 I WiVRn   : [2026-09-11 05:06:03.568] [WiVRn] [info]     Astc6x6SrgbBlock
09-11 05:06:03.568 12919 20716 I WiVRn   : [2026-09-11 05:06:03.568] [WiVRn] [info]     Astc8x5SrgbBlock
09-11 05:06:03.568 12919 20716 I WiVRn   : [2026-09-11 05:06:03.568] [WiVRn] [info]     Astc8x6SrgbBlock
09-11 05:06:03.568 12919 20716 I WiVRn   : [2026-09-11 05:06:03.568] [WiVRn] [info]     Astc8x8SrgbBlock
09-11 05:06:03.568 12919 20716 I WiVRn   : [2026-09-11 05:06:03.568] [WiVRn] [info]     Astc10x5SrgbBlock
09-11 05:06:03.568 12919 20716 I WiVRn   : [2026-09-11 05:06:03.568] [WiVRn] [info]     Astc10x6SrgbBlock
09-11 05:06:03.568 12919 20716 I WiVRn   : [2026-09-11 05:06:03.568] [WiVRn] [info]     Astc10x8SrgbBlock
09-11 05:06:03.568 12919 20716 I WiVRn   : [2026-09-11 05:06:03.568] [WiVRn] [info]     Astc10x10SrgbBlock
09-11 05:06:03.568 12919 20716 I WiVRn   : [2026-09-11 05:06:03.568] [WiVRn] [info]     Astc12x10SrgbBlock
09-11 05:06:03.568 12919 20716 I WiVRn   : [2026-09-11 05:06:03.568] [WiVRn] [info]     Astc12x12SrgbBlock
09-11 05:06:03.568 12919 20716 I WiVRn   : [2026-09-11 05:06:03.568] [WiVRn] [info]     D16Unorm
09-11 05:06:03.568 12919 20716 I WiVRn   : [2026-09-11 05:06:03.568] [WiVRn] [info]     X8D24UnormPack32
09-11 05:06:03.568 12919 20716 I WiVRn   : [2026-09-11 05:06:03.568] [WiVRn] [info]     D32Sfloat
09-11 05:06:03.568 12919 20716 I WiVRn   : [2026-09-11 05:06:03.568] [WiVRn] [info]     D24UnormS8Uint
09-11 05:06:03.568 12919 20716 I WiVRn   : [2026-09-11 05:06:03.568] [WiVRn] [info]     B8G8R8A8Unorm
09-11 05:06:03.568 12919 20716 I WiVRn   : [2026-09-11 05:06:03.568] [WiVRn] [info]     B8G8R8A8Srgb
09-11 05:06:03.570 12919 20716 I WiVRn   : [2026-09-11 05:06:03.570] [WiVRn] [info] Using panel size: 2160x2160
09-11 05:06:03.686 12919 20716 I WiVRn   : [2026-09-11 05:06:03.686] [WiVRn] [info] video codec av1: NOT supported
09-11 05:06:03.705 12919 20716 I WiVRn   : [2026-09-11 05:06:03.705] [WiVRn] [info] video codec h265: supported
09-11 05:06:03.719 12919 20716 I WiVRn   : [2026-09-11 05:06:03.719] [WiVRn] [info] video codec h264: supported
09-11 05:06:03.726 12919 20716 I WiVRn   : [2026-09-11 05:06:03.726] [WiVRn] [info] Using format R8G8B8A8Srgb
09-11 05:06:03.727 12919 20716 I WiVRn   : [2026-09-11 05:06:03.727] [WiVRn] [info] WifiLock low latency acquired
09-11 05:06:03.778 12919 20755 I WiVRn   : [2026-09-11 05:06:03.778] [WiVRn] [info] setup, refresh rate 90
09-11 05:06:03.778 12919 20755 I WiVRn   : [2026-09-11 05:06:03.778] [WiVRn] [info] set refresh rate to 90Hz
09-11 05:06:03.779 12919 20755 I WiVRn   : [2026-09-11 05:06:03.779] [WiVRn] [info] Creating decoders, size 2688x2688
09-11 05:06:03.779 12919 20755 I WiVRn   : [2026-09-11 05:06:03.779] [WiVRn] [info] edge bleed: server overscan 5.0%, client ring 0.0% (fade)
09-11 05:06:03.779 12919 20755 I WiVRn   : [2026-09-11 05:06:03.779] [WiVRn] [info]   stream 0: role 0, 2688x2688
09-11 05:06:03.779 12919 20755 I WiVRn   : [2026-09-11 05:06:03.779] [WiVRn] [info] nxwarp: decoupled display on
09-11 05:06:03.779 12919 20755 I WiVRn   : [2026-09-11 05:06:03.779] [WiVRn] [info] nxwarp: ycbcr chroma filter linear
09-11 05:06:03.779 12919 20755 I WiVRn   : [2026-09-11 05:06:03.779] [WiVRn] [info] nxwarp[0]: decoupled display -- frames are published complete and the reprojection pass waits on nothing
09-11 05:06:03.779 12919 20755 I WiVRn   : [2026-09-11 05:06:03.779] [WiVRn] [info]   stream 2: role 1, 2688x1344
09-11 05:06:03.779 12919 20755 I WiVRn   : [2026-09-11 05:06:03.779] [WiVRn] [info] nxwarp: decoupled display on
09-11 05:06:03.779 12919 20755 I WiVRn   : [2026-09-11 05:06:03.779] [WiVRn] [info] nxwarp: ycbcr chroma filter linear
09-11 05:06:03.779 12919 20755 I WiVRn   : [2026-09-11 05:06:03.779] [WiVRn] [info] nxwarp[2]: decoupled display -- frames are published complete and the reprojection pass waits on nothing
09-11 05:06:03.779 12919 20760 I WiVRn   : [2026-09-11 05:06:03.779] [WiVRn] [info] Adding hand_interaction poses to device list
09-11 05:06:03.780 12919 20760 I WiVRn   : [2026-09-11 05:06:03.780] [WiVRn] [info] interaction profile for /user/hand/left: /interaction_profiles/ext/hand_interaction_ext
09-11 05:06:03.780 12919 20760 I WiVRn   : [2026-09-11 05:06:03.780] [WiVRn] [info] interaction profile for /user/hand/right: /interaction_profiles/ext/hand_interaction_ext
09-11 05:06:03.780 12919 20760 I WiVRn   : [2026-09-11 05:06:03.780] [WiVRn] [info] interaction profile for /user/gamepad: XR_NULL_PATH
09-11 05:06:03.780 12919 20760 W WiVRn   : [2026-09-11 05:06:03.780] [WiVRn] [warning] unknown interaction profile XR_NULL_PATH
09-11 05:06:03.780 12919 20760 I WiVRn   : [2026-09-11 05:06:03.780] [WiVRn] [info] Tracking pattern (5000µs):
09-11 05:06:03.780 12919 20760 I WiVRn   : [2026-09-11 05:06:03.780] [WiVRn] [info] 	t+5000µs HEAD (0µs)
09-11 05:06:03.908 12919 20755 I WiVRn   : [2026-09-11 05:06:03.908] [WiVRn] [info] Speaker stream started
09-11 05:06:03.908 12919 20755 I WiVRn   : [2026-09-11 05:06:03.908] [WiVRn] [info] setup, refresh rate 90
09-11 05:06:03.908 12919 20755 I WiVRn   : [2026-09-11 05:06:03.908] [WiVRn] [info] set refresh rate to 90Hz
09-11 05:06:04.570 12919 20706 I PxrMetric: FPS=0/90,MTP=29.16ms,AppSW=off,FrmEarly=13,FrmLate=1,FrmCpu=0.77ms,FrmGpu=1.04ms,FrmTime=1.82ms,ATWGPU=1.60ms,VsyncDelay=1,GPU=28%/587Mhz,GPUTemp=77.5C,LayerCnt=5,Pkg=org.meumeu.wivrn.nx.warp,FrmId=76
09-11 05:06:05.581 12919 20706 I PxrMetric: FPS=75/90,MTP=28.59ms,AppSW=off,FrmEarly=0,FrmLate=0,FrmCpu=0.91ms,FrmGpu=1.32ms,FrmTime=2.24ms,ATWGPU=1.59ms,VsyncDelay=1,GPU=29%/587Mhz,GPUTemp=72.9C,LayerCnt=5,Pkg=org.meumeu.wivrn.nx.warp,FrmId=167
09-11 05:06:06.226 12919 20755 I WiVRn   : [2026-09-11 05:06:06.226] [WiVRn] [info] nxwarp[0]: PLANAR centre mode requested; using generic mixed-frame decoder
09-11 05:06:06.234 12919 20755 I WiVRn   : [2026-09-11 05:06:06.234] [WiVRn] [info] nxwarp[0]: borrowed NV12 output enabled
09-11 05:06:06.234 12919 20755 I WiVRn   : [2026-09-11 05:06:06.234] [WiVRn] [info] nxwarp[0]: atlas borrowed-target dirty catchup enabled
09-11 05:06:06.234 12919 20755 I WiVRn   : [2026-09-11 05:06:06.234] [WiVRn] [info] nxwarp[0]: direct atlas targets false
09-11 05:06:06.234 12919 20755 I WiVRn   : [2026-09-11 05:06:06.234] [WiVRn] [info] nxwarp[0]: 2688x2688 per eye, 2 eyes, on Adreno (TM) 650, 84 x 42 tiles, 1166 bytes per tile
09-11 05:06:06.235 12919 20760 I WiVRn   : [2026-09-11 05:06:06.235] [WiVRn] [info] Tracking pattern (5000µs):
09-11 05:06:06.235 12919 20760 I WiVRn   : [2026-09-11 05:06:06.235] [WiVRn] [info] 	t+3593µs LEFT_GRIP (1406µs)
09-11 05:06:06.235 12919 20760 I WiVRn   : [2026-09-11 05:06:06.235] [WiVRn] [info] 	t+8867µs HEAD (-8867µs)
09-11 05:06:06.239 12919 20755 I WiVRn   : [2026-09-11 05:06:06.239] [WiVRn] [info] nxwarp[0] net: 1 frames closed in 2.5 s, 0 with a hole, 0 out-of-order datagrams, 0 frames completed late, 0 queued for the worker, 0 decoded so far, 0 stragglers dropped; last hole 0/0 chunks, first missing -1, short false, chunk 1166 B; worker phase idle
09-11 05:06:06.239 12919 20755 I WiVRn   : [2026-09-11 05:06:06.239] [WiVRn] [info] nxwarp[0] net: 0.025 ms per datagram over 167 datagrams (1.73 ms of every second)
09-11 05:06:06.239 12919 20755 I WiVRn   : [2026-09-11 05:06:06.239] [WiVRn] [info] nxwarp[0] sel: stride 1, arrival 0.0 ms, dropped-late 0, withheld 0, decoded 0
09-11 05:06:06.239 12919 20755 I WiVRn   : [2026-09-11 05:06:06.239] [WiVRn] [info] nxwarp[0] rx: 168 datagrams, placed 3528 (+3528), late 0 (+0), stale_frame 0, bad_range 0, bad_dir 0, bad_caps 0, bad_ver 0, auth_fail 0, replay 0, frozen 0, dup 0
09-11 05:06:06.581 12919 20706 I PxrMetric: FPS=90/90,MTP=27.69ms,AppSW=off,FrmEarly=0,FrmLate=0,FrmCpu=0.91ms,FrmGpu=1.22ms,FrmTime=2.14ms,ATWGPU=1.60ms,VsyncDelay=1,GPU=28%/587Mhz,GPUTemp=74.4C,LayerCnt=5,Pkg=org.meumeu.wivrn.nx.warp,FrmId=257
09-11 05:06:06.779 12919 20760 I WiVRn   : [2026-09-11 05:06:06.779] [WiVRn] [info] Tracking pattern (5000µs):
09-11 05:06:06.779 12919 20760 I WiVRn   : [2026-09-11 05:06:06.779] [WiVRn] [info] 	t+1366µs LEFT_GRIP (3633µs)
09-11 05:06:06.779 12919 20760 I WiVRn   : [2026-09-11 05:06:06.779] [WiVRn] [info] 	t+1395µs RIGHT_GRIP (3604µs)
09-11 05:06:06.779 12919 20760 I WiVRn   : [2026-09-11 05:06:06.779] [WiVRn] [info] 	t+2000µs HEAD (3000µs)
09-11 05:06:06.779 12919 20760 I WiVRn   : [2026-09-11 05:06:06.779] [WiVRn] [info] 	t+3366µs LEFT_GRIP (6633µs)
09-11 05:06:06.779 12919 20760 I WiVRn   : [2026-09-11 05:06:06.779] [WiVRn] [info] 	t+3395µs RIGHT_GRIP (6604µs)
09-11 05:06:06.779 12919 20760 I WiVRn   : [2026-09-11 05:06:06.779] [WiVRn] [info] 	t+4000µs HEAD (6000µs)
09-11 05:06:06.779 12919 20760 I WiVRn   : [2026-09-11 05:06:06.779] [WiVRn] [info] 	t+5000µs HEAD (0µs)
09-11 05:06:07.037 12919 20758 I WiVRn   : [2026-09-11 05:06:07.037] [WiVRn] [info] Stream scene ready at t=365795277228584
09-11 05:06:07.037 12919 20758 I WiVRn   : [2026-09-11 05:06:07.037] [WiVRn] [info] nxwarp[0]: 1 frames in 3.3 s: 133872 B/frame, wait-prev 0.0 ms, wall 798.0 ms, nxvc passA 1.1 passB 5.6 gpu 6.7 ms; holes 1, refused 0
09-11 05:06:07.037 12919 20758 I WiVRn   : [2026-09-11 05:06:07.037] [WiVRn] [info] nxwarp[0] gpu duty 2 ms/s (0% of one GPU) for decode alone; the display pass is extra
09-11 05:06:07.037 12919 20758 I WiVRn   : [2026-09-11 05:06:07.037] [WiVRn] [info] nxwarp[0] passB 5.6 ms = warp 0.0 + skip 0.0 + coded 0.0 + dir 0.0 + other 5.6; tiles skip 0 / coded 3528 / dir 0 (eye pass 0)
09-11 05:06:07.037 12919 20758 I WiVRn   : [2026-09-11 05:06:07.037] [WiVRn] [info] nxwarp[0]: 77 frames dropped late (queue kept to 1)
09-11 05:06:07.037 12919 20758 I WiVRn   : [2026-09-11 05:06:07.037] [WiVRn] [info] nxwarp[0] stage: gap 0.0 | wait-prev 0.0 | submit 791.2 (qlock 0.0 + codec 791.2) | get_free 0.0 | fence-pre 0.0 | record 0.1 | qsubmit 0.0 | fence-post 6.7 | publish 0.1 ms; withheld 0, stride 1, arrival 10.9 ms
09-11 05:06:07.037 12919 20758 I WiVRn   : [2026-09-11 05:06:07.037] [WiVRn] [info] nxwarp[0] reassembly (network thread): 0.12 ms/frame over 80 frames, buffer 245 kB held for 245 kB of unit (1.0x)
09-11 05:06:07.037 12919 20758 I WiVRn   : [2026-09-11 05:06:07.037] [WiVRn] [info] nxwarp[0] fence-post 6.7 ms = nxvc gpu 6.7 + copy gpu 0.00 + queue 0.1 (over 1 frames with timestamps)
09-11 05:06:07.049 12919 20716 I WiVRn   : [2026-09-11 05:06:07.049] [WiVRn] [info] MulticastLock released
09-11 05:06:07.067 12919 20716 I WiVRn   : [2026-09-11 05:06:07.067] [WiVRn] [info] Loaded input profile pico-4
09-11 05:06:07.067 12919 20716 I WiVRn   : [2026-09-11 05:06:07.067] [WiVRn] [info] Initializing offset of space aim_left to (-5, 0, 20) mm, (0, -0, 0)°
09-11 05:06:07.067 12919 20716 I WiVRn   : [2026-09-11 05:06:07.067] [WiVRn] [info] Initializing offset of space aim_right to (5, 0, 20) mm, (0, -0, 0)°
09-11 05:06:07.067 12919 20716 I WiVRn   : [2026-09-11 05:06:07.067] [WiVRn] [info] Initializing offset of space grip_left to (0, -20, -50) mm, (-30.000002, -0, 0)°
09-11 05:06:07.067 12919 20716 I WiVRn   : [2026-09-11 05:06:07.067] [WiVRn] [info] Initializing offset of space grip_right to (0, -20, -50) mm, (-30.000002, -0, 0)°
09-11 05:06:07.070 12919 20716 I WiVRn   : [2026-09-11 05:06:07.070] [WiVRn] [info] Font for de /system/fonts/PICOSans.ttf
09-11 05:06:07.070 12919 20716 I WiVRn   : [2026-09-11 05:06:07.070] [WiVRn] [info] Font for es /system/fonts/PICOSans.ttf
09-11 05:06:07.070 12919 20716 I WiVRn   : [2026-09-11 05:06:07.070] [WiVRn] [info] Font for fr /system/fonts/PICOSans.ttf
09-11 05:06:07.070 12919 20716 I WiVRn   : [2026-09-11 05:06:07.070] [WiVRn] [info] Font for fr /system/fonts/Roboto-Regular.ttf
09-11 05:06:07.070 12919 20716 I WiVRn   : [2026-09-11 05:06:07.070] [WiVRn] [info] Font for it /system/fonts/PICOSans.ttf
09-11 05:06:07.071 12919 20716 I WiVRn   : [2026-09-11 05:06:07.071] [WiVRn] [info] Font for ja /system/fonts/PICOSans.ttf
09-11 05:06:07.071 12919 20716 I WiVRn   : [2026-09-11 05:06:07.071] [WiVRn] [info] Font for ja /system/fonts/PICOSansVFJP.ttf
09-11 05:06:07.071 12919 20716 I WiVRn   : [2026-09-11 05:06:07.071] [WiVRn] [info] Font for ka /system/fonts/PICOSans.ttf
09-11 05:06:07.071 12919 20716 I WiVRn   : [2026-09-11 05:06:07.071] [WiVRn] [info] Font for ka /system/fonts/NotoSansGeorgian-Regular.otf
09-11 05:06:07.071 12919 20716 I WiVRn   : [2026-09-11 05:06:07.071] [WiVRn] [info] Font for ka /system/fonts/PICOSans.ttf
09-11 05:06:07.071 12919 20716 I WiVRn   : [2026-09-11 05:06:07.071] [WiVRn] [info] Font for pl /system/fonts/PICOSans.ttf
09-11 05:06:07.071 12919 20716 I WiVRn   : [2026-09-11 05:06:07.071] [WiVRn] [info] Font for pl /system/fonts/Roboto-Regular.ttf
09-11 05:06:07.071 12919 20716 I WiVRn   : [2026-09-11 05:06:07.071] [WiVRn] [info] Font for pl /system/fonts/PICOSans.ttf
09-11 05:06:07.071 12919 20716 I WiVRn   : [2026-09-11 05:06:07.071] [WiVRn] [info] Font for pl /system/fonts/PICOSansSC-Regular.ttf
09-11 05:06:07.071 12919 20716 I WiVRn   : [2026-09-11 05:06:07.071] [WiVRn] [info] Font for pl /system/fonts/Roboto-Regular.ttf
09-11 05:06:07.071 12919 20716 I WiVRn   : [2026-09-11 05:06:07.071] [WiVRn] [info] Font for pl /system/fonts/PICOSans.ttf
09-11 05:06:07.071 12919 20716 I WiVRn   : [2026-09-11 05:06:07.071] [WiVRn] [info] Font for pt_BR /system/fonts/PICOSans.ttf
09-11 05:06:07.071 12919 20716 I WiVRn   : [2026-09-11 05:06:07.071] [WiVRn] [info] Font for ru /system/fonts/PICOSans.ttf
09-11 05:06:07.071 12919 20716 I WiVRn   : [2026-09-11 05:06:07.071] [WiVRn] [info] Font for ru /system/fonts/PICOSansSC-Regular.ttf
09-11 05:06:07.071 12919 20716 I WiVRn   : [2026-09-11 05:06:07.071] [WiVRn] [info] Font for ru /system/fonts/PICOSans.ttf
09-11 05:06:07.071 12919 20716 I WiVRn   : [2026-09-11 05:06:07.071] [WiVRn] [info] Font for sk /system/fonts/PICOSans.ttf
09-11 05:06:07.071 12919 20716 I WiVRn   : [2026-09-11 05:06:07.071] [WiVRn] [info] Font for sk /system/fonts/Roboto-Regular.ttf
09-11 05:06:07.071 12919 20716 I WiVRn   : [2026-09-11 05:06:07.071] [WiVRn] [info] Font for sk /system/fonts/PICOSansSC-Regular.ttf
09-11 05:06:07.071 12919 20716 I WiVRn   : [2026-09-11 05:06:07.071] [WiVRn] [info] Font for sk /system/fonts/PICOSans.ttf
09-11 05:06:07.071 12919 20716 I WiVRn   : [2026-09-11 05:06:07.071] [WiVRn] [info] Font for sk /system/fonts/Roboto-Regular.ttf
09-11 05:06:07.071 12919 20716 I WiVRn   : [2026-09-11 05:06:07.071] [WiVRn] [info] Font for sk /system/fonts/PICOSans.ttf
09-11 05:06:07.071 12919 20716 I WiVRn   : [2026-09-11 05:06:07.071] [WiVRn] [info] Font for tr /system/fonts/PICOSans.ttf
09-11 05:06:07.071 12919 20716 I WiVRn   : [2026-09-11 05:06:07.071] [WiVRn] [info] Font for tr /system/fonts/Roboto-Regular.ttf
09-11 05:06:07.071 12919 20716 I WiVRn   : [2026-09-11 05:06:07.071] [WiVRn] [info] Font for tr /system/fonts/PICOSans.ttf
09-11 05:06:07.071 12919 20716 I WiVRn   : [2026-09-11 05:06:07.071] [WiVRn] [info] Font for tr /system/fonts/Roboto-Regular.ttf
09-11 05:06:07.071 12919 20716 I WiVRn   : [2026-09-11 05:06:07.071] [WiVRn] [info] Font for tr /system/fonts/PICOSans.ttf
09-11 05:06:07.071 12919 20716 I WiVRn   : [2026-09-11 05:06:07.071] [WiVRn] [info] Font for zh_CN /system/fonts/PICOSans.ttf
09-11 05:06:07.071 12919 20716 I WiVRn   : [2026-09-11 05:06:07.071] [WiVRn] [info] Font for zh_CN /system/fonts/PICOSansSC-Regular.ttf
09-11 05:06:07.071 12919 20716 I WiVRn   : [2026-09-11 05:06:07.071] [WiVRn] [info] Font for zh_TW /system/fonts/PICOSans.ttf
09-11 05:06:07.071 12919 20716 I WiVRn   : [2026-09-11 05:06:07.071] [WiVRn] [info] Font for zh_TW /system/fonts/PICOSansSC-Regular.ttf
09-11 05:06:07.075 12919 20716 I WiVRn   : [2026-09-11 05:06:07.075] [WiVRn] [info] Using font /system/fonts/PICOSans.ttf
09-11 05:06:07.075 12919 20716 I WiVRn   : [2026-09-11 05:06:07.075] [WiVRn] [info] Using font /system/fonts/Roboto-Regular.ttf
09-11 05:06:07.075 12919 20716 I WiVRn   : [2026-09-11 05:06:07.075] [WiVRn] [info] Using font /system/fonts/PICOSansVFJP.ttf
09-11 05:06:07.087 12919 20716 I WiVRn   : [2026-09-11 05:06:07.087] [WiVRn] [info] Using font /system/fonts/NotoSansGeorgian-Regular.otf
09-11 05:06:07.087 12919 20716 I WiVRn   : [2026-09-11 05:06:07.087] [WiVRn] [info] Using font /system/fonts/PICOSansSC-Regular.ttf
09-11 05:06:07.093 12919 20716 I WiVRn   : [2026-09-11 05:06:07.093] [WiVRn] [info] Performance level: CPU domain asked for sustained_high
09-11 05:06:07.093 12919 20716 I WiVRn   : [2026-09-11 05:06:07.093] [WiVRn] [info] nxwarp: GPU performance level setting 2
09-11 05:06:07.093 12919 20716 I WiVRn   : [2026-09-11 05:06:07.093] [WiVRn] [info] Performance level: GPU domain asked for boost
09-11 05:06:07.093 12919 20716 I WiVRn   : [2026-09-11 05:06:07.093] [WiVRn] [info] swapchain setup, refresh rate 90
09-11 05:06:07.093 12919 20716 I WiVRn   : [2026-09-11 05:06:07.093] [WiVRn] [info] set refresh rate to 90Hz
09-11 05:06:07.097 12919 20716 W WiVRn   : [2026-09-11 05:06:07.097] [WiVRn] [warning] XR mutable swapchain request rejected (-2); retrying without format list
09-11 05:06:07.101 12919 20716 I WiVRn   : [2026-09-11 05:06:07.101] [WiVRn] [info] Created stream swapchain: 2688x2688
09-11 05:06:07.101 12919 20716 W WiVRn   : [2026-09-11 05:06:07.101] [WiVRn] [warning] Swapchain size larger than maximum 2560x2560
09-11 05:06:07.101 12919 20716 W WiVRn   : [2026-09-11 05:06:07.101] [WiVRn] [warning] Swapchain size larger than maximum 2560x2560
09-11 05:06:07.101 12919 20716 I WiVRn   : [2026-09-11 05:06:07.101] [WiVRn] [info] Initializing reprojector
09-11 05:06:07.102 12919 20716 I WiVRn   : [2026-09-11 05:06:07.102] [WiVRn] [info] Static FDM enabled: 168x168 map, texel 16x16
09-11 05:06:07.102 12919 20716 I WiVRn   : [2026-09-11 05:06:07.102] [WiVRn] [info] nxwarp atlas vertex warp enabled
09-11 05:06:07.103 12919 20716 I WiVRn   : [2026-09-11 05:06:07.103] [WiVRn] [info] Atlas UNORM attachment views ready
09-11 05:06:07.103 12919 20716 I WiVRn   : [2026-09-11 05:06:07.103] [WiVRn] [info] Atlas mutable swapchain enabled
09-11 05:06:07.103 12919 20716 I WiVRn   : [2026-09-11 05:06:07.103] [WiVRn] [info] NX static post compiled out
09-11 05:06:07.103 12919 20716 I WiVRn   : [2026-09-11 05:06:07.103] [WiVRn] [info] NX static bleed compiled out
09-11 05:06:07.103 12919 20716 I WiVRn   : [2026-09-11 05:06:07.103] [WiVRn] [info] NX peripheral smoothing mode 3
09-11 05:06:07.103 12919 20716 I WiVRn   : [2026-09-11 05:06:07.103] [WiVRn] [info] Atlas UNORM attachment path active
09-11 05:06:07.255 12919 20716 I WiVRn   : [2026-09-11 05:06:07.255] [WiVRn] [info] geometry[eye 0]: view_info fov L-53.34 R53.34 U53.34 D-53.34 | layer fov L-53.34 R53.34 U53.34 D-53.34 deg | layer rect 2688x2688 | defoveated 2688x2688 | scale 1.00
09-11 05:06:07.255 12919 20716 I WiVRn   : [2026-09-11 05:06:07.255] [WiVRn] [info] geometry[eye 1]: view_info fov L-53.34 R53.34 U53.34 D-53.34 | layer fov L-53.34 R53.34 U53.34 D-53.34 deg | layer rect 2688x2688 | defoveated 2688x2688 | scale 1.00
09-11 05:06:07.260 12919 20716 I WiVRn   : [2026-09-11 05:06:07.260] [WiVRn] [info] render: 1 iterations in 4.2 s (0.2/s), 1 submitted a layer, 1 new-source, 0 skipped by the repeat gate, 0 with nothing to show; display period 11.1 ms
09-11 05:06:07.260 12919 20716 I WiVRn   : [2026-09-11 05:06:07.260] [WiVRn] [info] render: ready wait attempts 0 success 0 total 0.000 ms | selected older than available 0
09-11 05:06:07.260 12919 20716 I WiVRn   : [2026-09-11 05:06:07.260] [WiVRn] [info] render: selected source transitions forward 0 backward 0 repeat 0, greatest forward gap 0
09-11 05:06:07.260 12919 20716 I WiVRn   : [2026-09-11 05:06:07.260] [WiVRn] [info] render: this app's own GPU pass 0.0 ms per iteration
09-11 05:06:07.260 12919 20716 I WiVRn   : [2026-09-11 05:06:07.260] [WiVRn] [info] render: defoveate 2688x2688 per eye x2 = 14.45 Mpx/frame at scale 1.00 atlas-prototype 0; 0 re-presented from the cache (reduce_gpu_load on)
09-11 05:06:07.260 12919 20716 I WiVRn   : [2026-09-11 05:06:07.260] [WiVRn] [info] render: shader path sharpness 0.00 fsr false alpha false motion false blend false glow 0.00 vignette 0.00 deband 0.00 lowpoly 0.00 levels 0 full-kernel false
09-11 05:06:07.260 12919 20716 I WiVRn   : [2026-09-11 05:06:07.260] [WiVRn] [info] render: per iteration fence 0.0 (worst 0.0) | queries 0.0 | submit 0.0 | whole render() 166.9 ms
09-11 05:06:07.260 12919 20716 I WiVRn   : [2026-09-11 05:06:07.260] [WiVRn] [info] render: selection-to-defoveate CPU 9.594 ms mean (max 9.594) over 1 actual defoveate calls; not GPU/photon latency
09-11 05:06:07.260 12919 20716 I WiVRn   : [2026-09-11 05:06:07.260] [WiVRn] [info] render: jit on | wake slack 25.2 ms | slept 0.0 ms mean (max 0.0, 0 of 1 iterations) | budget 1.0 = pass 0.0 + margin 1.0 | sleep cap 5.0 ms
09-11 05:06:07.260 12919 20716 I WiVRn   : [2026-09-11 05:06:07.260] [WiVRn] [info] render: source display-time offset 84.6 ms mean (worst 84.6) over 1 frames | submit lead 0.0 ms mean (worst 0.0) | misses: 0 overrun 0 late 0 skipped refresh
09-11 05:06:07.260 12919 20716 I WiVRn   : [2026-09-11 05:06:07.260] [WiVRn] [info] render: source->first 5.4 ms | wire 8.6 | queue 3.2 | decode 15.3 | decode->selection 26.9 | selection->predicted 25.1 | sum 84.6 over 1 selected frames (0 invalid)
09-11 05:06:07.260 12919 20716 I WiVRn   : [2026-09-11 05:06:07.260] [WiVRn] [info] Received event type XR_TYPE_EVENT_DATA_INTERACTION_PROFILE_CHANGED
09-11 05:06:07.260 12919 20716 I WiVRn   : [2026-09-11 05:06:07.260] [WiVRn] [info] interaction profile for /user/hand/left: /interaction_profiles/ext/hand_interaction_ext
09-11 05:06:07.260 12919 20716 I WiVRn   : [2026-09-11 05:06:07.260] [WiVRn] [info] interaction profile for /user/hand/right: /interaction_profiles/ext/hand_interaction_ext
09-11 05:06:07.260 12919 20716 I WiVRn   : [2026-09-11 05:06:07.260] [WiVRn] [info] interaction profile for /user/gamepad: XR_NULL_PATH
09-11 05:06:07.260 12919 20716 W WiVRn   : [2026-09-11 05:06:07.260] [WiVRn] [warning] unknown interaction profile XR_NULL_PATH
09-11 05:06:07.260 12919 20716 I WiVRn   : [2026-09-11 05:06:07.260] [WiVRn] [info] Received event type XR_TYPE_EVENT_DATA_INTERACTION_PROFILE_CHANGED
09-11 05:06:07.260 12919 20716 I WiVRn   : [2026-09-11 05:06:07.260] [WiVRn] [info] interaction profile for /user/hand/left: /interaction_profiles/ext/hand_interaction_ext
09-11 05:06:07.260 12919 20716 I WiVRn   : [2026-09-11 05:06:07.260] [WiVRn] [info] interaction profile for /user/hand/right: /interaction_profiles/ext/hand_interaction_ext
09-11 05:06:07.260 12919 20716 I WiVRn   : [2026-09-11 05:06:07.260] [WiVRn] [info] interaction profile for /user/gamepad: XR_NULL_PATH
09-11 05:06:07.260 12919 20716 W WiVRn   : [2026-09-11 05:06:07.260] [WiVRn] [warning] unknown interaction profile XR_NULL_PATH
09-11 05:06:07.260 12919 20716 I WiVRn   : [2026-09-11 05:06:07.260] [WiVRn] [info] Received event type XR_TYPE_EVENT_DATA_INTERACTION_PROFILE_CHANGED
09-11 05:06:07.260 12919 20716 I WiVRn   : [2026-09-11 05:06:07.260] [WiVRn] [info] interaction profile for /user/hand/left: /interaction_profiles/ext/hand_interaction_ext
09-11 05:06:07.260 12919 20716 I WiVRn   : [2026-09-11 05:06:07.260] [WiVRn] [info] interaction profile for /user/hand/right: /interaction_profiles/ext/hand_interaction_ext
09-11 05:06:07.260 12919 20716 I WiVRn   : [2026-09-11 05:06:07.260] [WiVRn] [info] interaction profile for /user/gamepad: XR_NULL_PATH
09-11 05:06:07.260 12919 20716 W WiVRn   : [2026-09-11 05:06:07.260] [WiVRn] [warning] unknown interaction profile XR_NULL_PATH
09-11 05:06:07.597 12919 20706 I PxrMetric: FPS=90/90,MTP=31.11ms,AppSW=off,FrmEarly=0,FrmLate=6,FrmCpu=1.33ms,FrmGpu=5.92ms,FrmTime=7.39ms,ATWGPU=1.59ms,VsyncDelay=1,GPU=21%/587Mhz,GPUTemp=78.3C,LayerCnt=5,Pkg=org.meumeu.wivrn.nx.warp,FrmId=331
09-11 05:06:07.785 12919 20760 I WiVRn   : [2026-09-11 05:06:07.785] [WiVRn] [info] Tracking pattern (11109µs):
09-11 05:06:07.785 12919 20760 I WiVRn   : [2026-09-11 05:06:07.785] [WiVRn] [info] 	t+3270µs HEAD (7838µs)
09-11 05:06:07.785 12919 20760 I WiVRn   : [2026-09-11 05:06:07.785] [WiVRn] [info] 	t+3343µs LEFT_GRIP (7766µs)
09-11 05:06:07.785 12919 20760 I WiVRn   : [2026-09-11 05:06:07.785] [WiVRn] [info] 	t+3350µs RIGHT_GRIP (7758µs)
09-11 05:06:07.785 12919 20760 I WiVRn   : [2026-09-11 05:06:07.785] [WiVRn] [info] 	t+6270µs HEAD (4838µs)
09-11 05:06:07.785 12919 20760 I WiVRn   : [2026-09-11 05:06:07.785] [WiVRn] [info] 	t+6343µs LEFT_GRIP (4766µs)
09-11 05:06:07.785 12919 20760 I WiVRn   : [2026-09-11 05:06:07.785] [WiVRn] [info] 	t+6350µs RIGHT_GRIP (4758µs)
09-11 05:06:08.252 12919 20755 I WiVRn   : [2026-09-11 05:06:08.252] [WiVRn] [info] nxwarp[0] net: 121 frames closed in 2.0 s, 1 with a hole, 0 out-of-order datagrams, 0 frames completed late, 0 queued for the worker, 42 decoded so far, 124 stragglers dropped; last hole 1877/2007 chunks, first missing 1534, short false, chunk 1166 B; worker phase idle
09-11 05:06:08.252 12919 20755 I WiVRn   : [2026-09-11 05:06:08.252] [WiVRn] [info] nxwarp[0] net: 0.026 ms per datagram over 38390 datagrams (499.82 ms of every second)
09-11 05:06:08.252 12919 20755 I WiVRn   : [2026-09-11 05:06:08.252] [WiVRn] [info] nxwarp[0] sel: stride 1, arrival 19.0 ms, dropped-late 78, withheld 0, decoded 42
09-11 05:06:08.252 12919 20755 I WiVRn   : [2026-09-11 05:06:08.252] [WiVRn] [info] nxwarp[0] rx: 38558 datagrams, placed 326419 (+322891), late 20178 (+20178), stale_frame 0, bad_range 0, bad_dir 0, bad_caps 0, bad_ver 0, auth_fail 0, replay 0, frozen 0, dup 5
09-11 05:06:08.597 12919 20706 I PxrMetric: FPS=73/90,MTP=38.10ms,AppSW=off,FrmEarly=12,FrmLate=17,FrmCpu=1.00ms,FrmGpu=11.45ms,FrmTime=18.53ms,ATWGPU=1.59ms,VsyncDelay=2,GPU=95%/587Mhz,GPUTemp=76.8C,LayerCnt=4,Pkg=org.meumeu.wivrn.nx.warp,FrmId=417
09-11 05:06:08.785 12919 20760 I WiVRn   : [2026-09-11 05:06:08.785] [WiVRn] [info] Tracking pattern (11108µs):
09-11 05:06:08.785 12919 20760 I WiVRn   : [2026-09-11 05:06:08.785] [WiVRn] [info] 	t+4443µs HEAD (6665µs)
09-11 05:06:08.785 12919 20760 I WiVRn   : [2026-09-11 05:06:08.785] [WiVRn] [info] 	t+4482µs LEFT_GRIP (6626µs)
09-11 05:06:08.785 12919 20760 I WiVRn   : [2026-09-11 05:06:08.785] [WiVRn] [info] 	t+4490µs RIGHT_GRIP (6618µs)
09-11 05:06:08.785 12919 20760 I WiVRn   : [2026-09-11 05:06:08.785] [WiVRn] [info] 	t+7443µs HEAD (3665µs)
09-11 05:06:08.785 12919 20760 I WiVRn   : [2026-09-11 05:06:08.785] [WiVRn] [info] 	t+7482µs LEFT_GRIP (3626µs)
09-11 05:06:08.785 12919 20760 I WiVRn   : [2026-09-11 05:06:08.785] [WiVRn] [info] 	t+7490µs RIGHT_GRIP (3618µs)
09-11 05:06:09.042 12919 20758 I WiVRn   : [2026-09-11 05:06:09.042] [WiVRn] [info] nxwarp[0]: 83 frames in 2.0 s: 269834 B/frame, wait-prev 0.0 ms, wall 15.8 ms, nxvc passA 4.9 passB 7.9 gpu 12.8 ms; holes 1, refused 0
09-11 05:06:09.042 12919 20758 I WiVRn   : [2026-09-11 05:06:09.042] [WiVRn] [info] nxwarp[0] gpu duty 529 ms/s (53% of one GPU) for decode alone; the display pass is extra
09-11 05:06:09.042 12919 20758 I WiVRn   : [2026-09-11 05:06:09.042] [WiVRn] [info] nxwarp[0] passB 7.9 ms = warp 0.0 + skip 0.0 + coded 0.0 + dir 0.0 + other 7.9; tiles skip 0 / coded 3528 / dir 0 (eye pass 0)
09-11 05:06:09.042 12919 20758 I WiVRn   : [2026-09-11 05:06:09.042] [WiVRn] [info] nxwarp[0]: 78 frames dropped late (queue kept to 1)
09-11 05:06:09.042 12919 20758 I WiVRn   : [2026-09-11 05:06:09.042] [WiVRn] [info] nxwarp[0] stage: gap 8.4 | wait-prev 0.0 | submit 1.6 (qlock 0.0 + codec 1.6) | get_free 0.0 | fence-pre 0.0 | record 0.0 | qsubmit 0.0 | fence-post 14.1 | publish 0.0 ms; withheld 0, stride 1, arrival 18.9 ms
09-11 05:06:09.042 12919 20758 I WiVRn   : [2026-09-11 05:06:09.042] [WiVRn] [info] nxwarp[0] reassembly (network thread): 0.16 ms/frame over 83 frames, buffer 264 kB held for 264 kB of unit (1.0x)
09-11 05:06:09.042 12919 20758 I WiVRn   : [2026-09-11 05:06:09.042] [WiVRn] [info] nxwarp[0] fence-post 14.1 ms = nxvc gpu 12.8 + copy gpu 0.00 + queue 1.3 (over 83 frames with timestamps)
09-11 05:06:09.109 12919 20716 I WiVRn   : [2026-09-11 05:06:09.109] [WiVRn] [info] render: 159 iterations in 2.0 s (78.9/s), 159 submitted a layer, 82 new-source, 0 skipped by the repeat gate, 0 with nothing to show; display period 12.8 ms
09-11 05:06:09.109 12919 20716 I WiVRn   : [2026-09-11 05:06:09.109] [WiVRn] [info] render: ready wait attempts 86 success 9 total 82.101 ms | selected older than available 0
09-11 05:06:09.109 12919 20716 I WiVRn   : [2026-09-11 05:06:09.109] [WiVRn] [info] render: selected source transitions forward 82 backward 0 repeat 77, greatest forward gap 3
09-11 05:06:09.109 12919 20716 I WiVRn   : [2026-09-11 05:06:09.109] [WiVRn] [info] render: this app's own GPU pass 2.4 ms per iteration
09-11 05:06:09.109 12919 20716 I WiVRn   : [2026-09-11 05:06:09.109] [WiVRn] [info] render: defoveate 2688x2688 per eye x2 = 14.45 Mpx/frame at scale 1.00 atlas-prototype 0; 77 re-presented from the cache (reduce_gpu_load on)
09-11 05:06:09.109 12919 20716 I WiVRn   : [2026-09-11 05:06:09.109] [WiVRn] [info] render: shader path sharpness 0.00 fsr false alpha false motion false blend false glow 0.00 vignette 0.00 deband 0.00 lowpoly 0.00 levels 0 full-kernel false
09-11 05:06:09.109 12919 20716 I WiVRn   : [2026-09-11 05:06:09.109] [WiVRn] [info] render: per iteration fence 1.4 (worst 14.6) | queries 0.0 | submit 0.0 | whole render() 2.7 ms
09-11 05:06:09.109 12919 20716 I WiVRn   : [2026-09-11 05:06:09.109] [WiVRn] [info] render: selection-to-defoveate CPU 0.052 ms mean (max 0.093) over 82 actual defoveate calls; not GPU/photon latency
09-11 05:06:09.109 12919 20716 I WiVRn   : [2026-09-11 05:06:09.109] [WiVRn] [info] render: jit on | wake slack 37.9 ms | slept 2.2 ms mean (max 5.0, 69 of 159 iterations) | budget 24.9 = pass 23.9 + margin 1.0 | sleep cap 5.0 ms
09-11 05:06:09.109 12919 20716 I WiVRn   : [2026-09-11 05:06:09.109] [WiVRn] [info] render: source display-time offset 77.2 ms mean (worst 106.9) over 159 frames | submit lead 31.8 ms mean (worst -141.8) | misses: 0 overrun 0 late 0 skipped refresh
09-11 05:06:09.109 12919 20716 I WiVRn   : [2026-09-11 05:06:09.109] [WiVRn] [info] render: source->first 6.7 ms | wire 9.9 | queue 1.0 | decode 15.6 | decode->selection 10.3 | selection->predicted 33.7 | sum 77.2 over 159 selected frames (0 invalid)
09-11 05:06:09.606 12919 20706 I PxrMetric: FPS=86/90,MTP=36.90ms,AppSW=off,FrmEarly=21,FrmLate=15,FrmCpu=0.97ms,FrmGpu=11.48ms,FrmTime=18.72ms,ATWGPU=1.59ms,VsyncDelay=2,GPU=99%/587Mhz,GPUTemp=76.4C,LayerCnt=4,Pkg=org.meumeu.wivrn.nx.warp,FrmId=493
09-11 05:06:09.785 12919 20760 I WiVRn   : [2026-09-11 05:06:09.785] [WiVRn] [info] Tracking pattern (11110µs):
09-11 05:06:09.785 12919 20760 I WiVRn   : [2026-09-11 05:06:09.785] [WiVRn] [info] 	t+4494µs HEAD (6615µs)
09-11 05:06:09.785 12919 20760 I WiVRn   : [2026-09-11 05:06:09.785] [WiVRn] [info] 	t+4559µs LEFT_GRIP (6550µs)
09-11 05:06:09.785 12919 20760 I WiVRn   : [2026-09-11 05:06:09.785] [WiVRn] [info] 	t+4566µs RIGHT_GRIP (6544µs)
09-11 05:06:09.785 12919 20760 I WiVRn   : [2026-09-11 05:06:09.785] [WiVRn] [info] 	t+7494µs HEAD (3615µs)
09-11 05:06:09.785 12919 20760 I WiVRn   : [2026-09-11 05:06:09.785] [WiVRn] [info] 	t+7559µs LEFT_GRIP (3550µs)
09-11 05:06:09.785 12919 20760 I WiVRn   : [2026-09-11 05:06:09.785] [WiVRn] [info] 	t+7566µs RIGHT_GRIP (3544µs)
09-11 05:06:10.273 12919 20755 I WiVRn   : [2026-09-11 05:06:10.273] [WiVRn] [info] nxwarp[0] net: 107 frames closed in 2.0 s, 0 with a hole, 0 out-of-order datagrams, 0 frames completed late, 0 queued for the worker, 148 decoded so far, 234 stragglers dropped; last hole 1877/2007 chunks, first missing 1534, short false, chunk 1166 B; worker phase copy-fence-wait
09-11 05:06:10.273 12919 20755 I WiVRn   : [2026-09-11 05:06:10.273] [WiVRn] [info] nxwarp[0] net: 0.026 ms per datagram over 34753 datagrams (452.53 ms of every second)
09-11 05:06:10.273 12919 20755 I WiVRn   : [2026-09-11 05:06:10.273] [WiVRn] [info] nxwarp[0] sel: stride 1, arrival 18.6 ms, dropped-late 78, withheld 0, decoded 148
09-11 05:06:10.273 12919 20755 I WiVRn   : [2026-09-11 05:06:10.273] [WiVRn] [info] nxwarp[0] rx: 73311 datagrams, placed 529738 (+203319), late 39428 (+19250), stale_frame 0, bad_range 0, bad_dir 0, bad_caps 0, bad_ver 0, auth_fail 0, replay 0, frozen 0, dup 24
09-11 05:06:10.611 12919 20706 I PxrMetric: FPS=75/90,MTP=35.95ms,AppSW=off,FrmEarly=23,FrmLate=14,FrmCpu=0.89ms,FrmGpu=11.18ms,FrmTime=18.67ms,ATWGPU=1.60ms,VsyncDelay=2,GPU=88%/587Mhz,GPUTemp=77.1C,LayerCnt=4,Pkg=org.meumeu.wivrn.nx.warp,FrmId=577
09-11 05:06:10.785 12919 20760 I WiVRn   : [2026-09-11 05:06:10.785] [WiVRn] [info] Tracking pattern (11111µs):
09-11 05:06:10.785 12919 20760 I WiVRn   : [2026-09-11 05:06:10.785] [WiVRn] [info] 	t+4635µs HEAD (6475µs)
09-11 05:06:10.785 12919 20760 I WiVRn   : [2026-09-11 05:06:10.785] [WiVRn] [info] 	t+4679µs LEFT_GRIP (6431µs)
09-11 05:06:10.785 12919 20760 I WiVRn   : [2026-09-11 05:06:10.785] [WiVRn] [info] 	t+4687µs RIGHT_GRIP (6423µs)
09-11 05:06:10.785 12919 20760 I WiVRn   : [2026-09-11 05:06:10.785] [WiVRn] [info] 	t+7635µs HEAD (3475µs)
09-11 05:06:10.785 12919 20760 I WiVRn   : [2026-09-11 05:06:10.785] [WiVRn] [info] 	t+7679µs LEFT_GRIP (3431µs)
09-11 05:06:10.785 12919 20760 I WiVRn   : [2026-09-11 05:06:10.785] [WiVRn] [info] 	t+7687µs RIGHT_GRIP (3423µs)
09-11 05:06:11.051 12919 20758 I WiVRn   : [2026-09-11 05:06:11.050] [WiVRn] [info] nxwarp[0]: 105 frames in 2.0 s: 286542 B/frame, wait-prev 0.0 ms, wall 16.6 ms, nxvc passA 5.2 passB 8.0 gpu 13.3 ms; holes 1, refused 0
09-11 05:06:11.051 12919 20758 I WiVRn   : [2026-09-11 05:06:11.051] [WiVRn] [info] nxwarp[0] gpu duty 693 ms/s (69% of one GPU) for decode alone; the display pass is extra
09-11 05:06:11.051 12919 20758 I WiVRn   : [2026-09-11 05:06:11.051] [WiVRn] [info] nxwarp[0] passB 8.0 ms = warp 0.0 + skip 0.0 + coded 0.0 + dir 0.0 + other 8.0; tiles skip 0 / coded 3528 / dir 0 (eye pass 0)
09-11 05:06:11.051 12919 20758 I WiVRn   : [2026-09-11 05:06:11.051] [WiVRn] [info] nxwarp[0]: 78 frames dropped late (queue kept to 1)
09-11 05:06:11.051 12919 20758 I WiVRn   : [2026-09-11 05:06:11.051] [WiVRn] [info] nxwarp[0] stage: gap 2.5 | wait-prev 0.0 | submit 1.6 (qlock 0.0 + codec 1.6) | get_free 0.0 | fence-pre 0.0 | record 0.0 | qsubmit 0.0 | fence-post 14.9 | publish 0.0 ms; withheld 0, stride 1, arrival 19.5 ms
09-11 05:06:11.051 12919 20758 I WiVRn   : [2026-09-11 05:06:11.051] [WiVRn] [info] nxwarp[0] reassembly (network thread): 0.17 ms/frame over 106 frames, buffer 280 kB held for 280 kB of unit (1.0x)
09-11 05:06:11.051 12919 20758 I WiVRn   : [2026-09-11 05:06:11.051] [WiVRn] [info] nxwarp[0] fence-post 14.9 ms = nxvc gpu 13.3 + copy gpu 0.00 + queue 1.7 (over 105 frames with timestamps)
09-11 05:06:11.129 12919 20716 I WiVRn   : [2026-09-11 05:06:11.129] [WiVRn] [info] render: 161 iterations in 2.0 s (80.2/s), 161 submitted a layer, 105 new-source, 0 skipped by the repeat gate, 0 with nothing to show; display period 12.4 ms
09-11 05:06:11.129 12919 20716 I WiVRn   : [2026-09-11 05:06:11.129] [WiVRn] [info] render: ready wait attempts 71 success 15 total 59.839 ms | selected older than available 0
09-11 05:06:11.129 12919 20716 I WiVRn   : [2026-09-11 05:06:11.129] [WiVRn] [info] render: selected source transitions forward 105 backward 0 repeat 56, greatest forward gap 2
09-11 05:06:11.129 12919 20716 I WiVRn   : [2026-09-11 05:06:11.129] [WiVRn] [info] render: this app's own GPU pass 3.0 ms per iteration
09-11 05:06:11.129 12919 20716 I WiVRn   : [2026-09-11 05:06:11.129] [WiVRn] [info] render: defoveate 2688x2688 per eye x2 = 14.45 Mpx/frame at scale 1.00 atlas-prototype 0; 56 re-presented from the cache (reduce_gpu_load on)
09-11 05:06:11.129 12919 20716 I WiVRn   : [2026-09-11 05:06:11.129] [WiVRn] [info] render: shader path sharpness 0.00 fsr false alpha false motion false blend false glow 0.00 vignette 0.00 deband 0.00 lowpoly 0.00 levels 0 full-kernel false
09-11 05:06:11.129 12919 20716 I WiVRn   : [2026-09-11 05:06:11.129] [WiVRn] [info] render: per iteration fence 2.3 (worst 13.1) | queries 0.0 | submit 0.0 | whole render() 3.4 ms
09-11 05:06:11.129 12919 20716 I WiVRn   : [2026-09-11 05:06:11.129] [WiVRn] [info] render: selection-to-defoveate CPU 0.054 ms mean (max 0.133) over 105 actual defoveate calls; not GPU/photon latency
09-11 05:06:11.129 12919 20716 I WiVRn   : [2026-09-11 05:06:11.129] [WiVRn] [info] render: jit on | wake slack 44.6 ms | slept 5.0 ms mean (max 5.0, 161 of 161 iterations) | budget 21.7 = pass 20.7 + margin 1.0 | sleep cap 5.0 ms
09-11 05:06:11.129 12919 20716 I WiVRn   : [2026-09-11 05:06:11.129] [WiVRn] [info] render: source display-time offset 78.4 ms mean (worst 106.8) over 161 frames | submit lead 36.4 ms mean (worst 22.6) | misses: 0 overrun 0 late 0 skipped refresh
09-11 05:06:11.129 12919 20716 I WiVRn   : [2026-09-11 05:06:11.129] [WiVRn] [info] render: source->first 6.9 ms | wire 9.5 | queue 1.7 | decode 16.8 | decode->selection 6.6 | selection->predicted 36.9 | sum 78.4 over 161 selected frames (0 invalid)
09-11 05:06:11.613 12919 20706 I PxrMetric: FPS=84/90,MTP=36.82ms,AppSW=off,FrmEarly=24,FrmLate=12,FrmCpu=0.87ms,FrmGpu=10.89ms,FrmTime=17.98ms,ATWGPU=1.59ms,VsyncDelay=2,GPU=99%/587Mhz,GPUTemp=77.1C,LayerCnt=3,Pkg=org.meumeu.wivrn.nx.warp,FrmId=660
09-11 05:06:11.785 12919 20760 I WiVRn   : [2026-09-11 05:06:11.785] [WiVRn] [info] Tracking pattern (11112µs):
09-11 05:06:11.785 12919 20760 I WiVRn   : [2026-09-11 05:06:11.785] [WiVRn] [info] 	t+4227µs HEAD (6885µs)
09-11 05:06:11.785 12919 20760 I WiVRn   : [2026-09-11 05:06:11.785] [WiVRn] [info] 	t+4264µs LEFT_GRIP (6848µs)
09-11 05:06:11.785 12919 20760 I WiVRn   : [2026-09-11 05:06:11.785] [WiVRn] [info] 	t+4270µs RIGHT_GRIP (6842µs)
09-11 05:06:11.785 12919 20760 I WiVRn   : [2026-09-11 05:06:11.785] [WiVRn] [info] 	t+7227µs HEAD (3885µs)
09-11 05:06:11.785 12919 20760 I WiVRn   : [2026-09-11 05:06:11.785] [WiVRn] [info] 	t+7264µs LEFT_GRIP (3848µs)
09-11 05:06:11.785 12919 20760 I WiVRn   : [2026-09-11 05:06:11.785] [WiVRn] [info] 	t+7270µs RIGHT_GRIP (3842µs)
09-11 05:06:12.285 12919 20755 I WiVRn   : [2026-09-11 05:06:12.285] [WiVRn] [info] nxwarp[0] net: 104 frames closed in 2.0 s, 0 with a hole, 0 out-of-order datagrams, 0 frames completed late, 0 queued for the worker, 253 decoded so far, 347 stragglers dropped; last hole 1877/2007 chunks, first missing 1534, short false, chunk 1166 B; worker phase idle
09-11 05:06:12.285 12919 20755 I WiVRn   : [2026-09-11 05:06:12.285] [WiVRn] [info] nxwarp[0] net: 0.028 ms per datagram over 32763 datagrams (448.48 ms of every second)
09-11 05:06:12.285 12919 20755 I WiVRn   : [2026-09-11 05:06:12.285] [WiVRn] [info] nxwarp[0] sel: stride 1, arrival 20.5 ms, dropped-late 78, withheld 0, decoded 253
09-11 05:06:12.285 12919 20755 I WiVRn   : [2026-09-11 05:06:12.285] [WiVRn] [info] nxwarp[0] rx: 106074 datagrams, placed 653689 (+123951), late 64673 (+25245), stale_frame 0, bad_range 0, bad_dir 0, bad_caps 0, bad_ver 0, auth_fail 0, replay 0, frozen 0, dup 39
09-11 05:06:12.630 12919 20706 I PxrMetric: FPS=83/90,MTP=41.63ms,AppSW=off,FrmEarly=30,FrmLate=14,FrmCpu=0.85ms,FrmGpu=12.31ms,FrmTime=19.07ms,ATWGPU=1.61ms,VsyncDelay=2,GPU=99%/587Mhz,GPUTemp=77.1C,LayerCnt=3,Pkg=org.meumeu.wivrn.nx.warp,FrmId=739
09-11 05:06:12.785 12919 20760 I WiVRn   : [2026-09-11 05:06:12.785] [WiVRn] [info] Tracking pattern (11111µs):
09-11 05:06:12.785 12919 20760 I WiVRn   : [2026-09-11 05:06:12.785] [WiVRn] [info] 	t+4532µs HEAD (6578µs)
09-11 05:06:12.785 12919 20760 I WiVRn   : [2026-09-11 05:06:12.785] [WiVRn] [info] 	t+4567µs LEFT_GRIP (6543µs)
09-11 05:06:12.785 12919 20760 I WiVRn   : [2026-09-11 05:06:12.785] [WiVRn] [info] 	t+4574µs RIGHT_GRIP (6536µs)
09-11 05:06:12.785 12919 20760 I WiVRn   : [2026-09-11 05:06:12.785] [WiVRn] [info] 	t+7532µs HEAD (3578µs)
09-11 05:06:12.785 12919 20760 I WiVRn   : [2026-09-11 05:06:12.785] [WiVRn] [info] 	t+7567µs LEFT_GRIP (3543µs)
09-11 05:06:12.785 12919 20760 I WiVRn   : [2026-09-11 05:06:12.785] [WiVRn] [info] 	t+7574µs RIGHT_GRIP (3536µs)
09-11 05:06:13.066 12919 20758 I WiVRn   : [2026-09-11 05:06:13.066] [WiVRn] [info] nxwarp[0]: 105 frames in 2.0 s: 275528 B/frame, wait-prev 0.0 ms, wall 16.4 ms, nxvc passA 5.1 passB 8.0 gpu 13.2 ms; holes 1, refused 0
09-11 05:06:13.066 12919 20758 I WiVRn   : [2026-09-11 05:06:13.066] [WiVRn] [info] nxwarp[0] gpu duty 686 ms/s (69% of one GPU) for decode alone; the display pass is extra
09-11 05:06:13.066 12919 20758 I WiVRn   : [2026-09-11 05:06:13.066] [WiVRn] [info] nxwarp[0] passB 8.0 ms = warp 0.0 + skip 0.0 + coded 0.0 + dir 0.0 + other 8.0; tiles skip 0 / coded 3528 / dir 0 (eye pass 0)
09-11 05:06:13.066 12919 20758 I WiVRn   : [2026-09-11 05:06:13.066] [WiVRn] [info] nxwarp[0]: 78 frames dropped late (queue kept to 1)
09-11 05:06:13.066 12919 20758 I WiVRn   : [2026-09-11 05:06:13.066] [WiVRn] [info] nxwarp[0] stage: gap 2.8 | wait-prev 0.0 | submit 1.5 (qlock 0.0 + codec 1.5) | get_free 0.0 | fence-pre 0.0 | record 0.0 | qsubmit 0.0 | fence-post 14.8 | publish 0.0 ms; withheld 0, stride 1, arrival 17.9 ms
09-11 05:06:13.066 12919 20758 I WiVRn   : [2026-09-11 05:06:13.066] [WiVRn] [info] nxwarp[0] reassembly (network thread): 0.14 ms/frame over 105 frames, buffer 269 kB held for 269 kB of unit (1.0x)
09-11 05:06:13.066 12919 20758 I WiVRn   : [2026-09-11 05:06:13.066] [WiVRn] [info] nxwarp[0] fence-post 14.8 ms = nxvc gpu 13.2 + copy gpu 0.00 + queue 1.7 (over 105 frames with timestamps)
09-11 05:06:13.124 12919 20716 I WiVRn   : [2026-09-11 05:06:13.124] [WiVRn] [info] render: 162 iterations in 2.0 s (80.7/s), 162 submitted a layer, 103 new-source, 0 skipped by the repeat gate, 0 with nothing to show; display period 12.4 ms
09-11 05:06:13.124 12919 20716 I WiVRn   : [2026-09-11 05:06:13.124] [WiVRn] [info] render: ready wait attempts 79 success 20 total 63.088 ms | selected older than available 0
09-11 05:06:13.124 12919 20716 I WiVRn   : [2026-09-11 05:06:13.124] [WiVRn] [info] render: selected source transitions forward 103 backward 0 repeat 59, greatest forward gap 2
09-11 05:06:13.124 12919 20716 I WiVRn   : [2026-09-11 05:06:13.124] [WiVRn] [info] render: this app's own GPU pass 3.0 ms per iteration
09-11 05:06:13.124 12919 20716 I WiVRn   : [2026-09-11 05:06:13.124] [WiVRn] [info] render: defoveate 2688x2688 per eye x2 = 14.45 Mpx/frame at scale 1.00 atlas-prototype 0; 59 re-presented from the cache (reduce_gpu_load on)
09-11 05:06:13.124 12919 20716 I WiVRn   : [2026-09-11 05:06:13.124] [WiVRn] [info] render: shader path sharpness 0.00 fsr false alpha false motion false blend false glow 0.00 vignette 0.00 deband 0.00 lowpoly 0.00 levels 0 full-kernel false
09-11 05:06:13.124 12919 20716 I WiVRn   : [2026-09-11 05:06:13.124] [WiVRn] [info] render: per iteration fence 2.4 (worst 13.7) | queries 0.0 | submit 0.0 | whole render() 3.3 ms
09-11 05:06:13.124 12919 20716 I WiVRn   : [2026-09-11 05:06:13.124] [WiVRn] [info] render: selection-to-defoveate CPU 0.051 ms mean (max 0.103) over 103 actual defoveate calls; not GPU/photon latency
09-11 05:06:13.124 12919 20716 I WiVRn   : [2026-09-11 05:06:13.124] [WiVRn] [info] render: jit on | wake slack 45.3 ms | slept 5.0 ms mean (max 5.0, 162 of 162 iterations) | budget 20.1 = pass 19.1 + margin 1.0 | sleep cap 5.0 ms
09-11 05:06:13.124 12919 20716 I WiVRn   : [2026-09-11 05:06:13.124] [WiVRn] [info] render: source display-time offset 77.9 ms mean (worst 95.8) over 162 frames | submit lead 36.8 ms mean (worst 23.0) | misses: 0 overrun 0 late 0 skipped refresh
09-11 05:06:13.124 12919 20716 I WiVRn   : [2026-09-11 05:06:13.124] [WiVRn] [info] render: source->first 6.6 ms | wire 9.3 | queue 1.8 | decode 16.3 | decode->selection 6.5 | selection->predicted 37.5 | sum 77.9 over 162 selected frames (0 invalid)
09-11 05:06:13.639 12919 20706 I PxrMetric: FPS=78/90,MTP=30.71ms,AppSW=off,FrmEarly=25,FrmLate=13,FrmCpu=0.65ms,FrmGpu=14.99ms,FrmTime=27.05ms,ATWGPU=1.61ms,VsyncDelay=3,GPU=99%/587Mhz,GPUTemp=77.1C,LayerCnt=3,Pkg=org.meumeu.wivrn.nx.warp,FrmId=817
09-11 05:06:13.785 12919 20760 I WiVRn   : [2026-09-11 05:06:13.785] [WiVRn] [info] Tracking pattern (11111µs):
09-11 05:06:13.785 12919 20760 I WiVRn   : [2026-09-11 05:06:13.785] [WiVRn] [info] 	t+4550µs HEAD (6561µs)
09-11 05:06:13.785 12919 20760 I WiVRn   : [2026-09-11 05:06:13.785] [WiVRn] [info] 	t+4585µs LEFT_GRIP (6525µs)
09-11 05:06:13.785 12919 20760 I WiVRn   : [2026-09-11 05:06:13.785] [WiVRn] [info] 	t+4592µs RIGHT_GRIP (6518µs)
09-11 05:06:13.785 12919 20760 I WiVRn   : [2026-09-11 05:06:13.785] [WiVRn] [info] 	t+7550µs HEAD (3561µs)
09-11 05:06:13.785 12919 20760 I WiVRn   : [2026-09-11 05:06:13.785] [WiVRn] [info] 	t+7585µs LEFT_GRIP (3525µs)
09-11 05:06:13.785 12919 20760 I WiVRn   : [2026-09-11 05:06:13.785] [WiVRn] [info] 	t+7592µs RIGHT_GRIP (3518µs)
09-11 05:06:14.293 12919 20755 I WiVRn   : [2026-09-11 05:06:14.293] [WiVRn] [info] nxwarp[0] net: 107 frames closed in 2.0 s, 0 with a hole, 0 out-of-order datagrams, 0 frames completed late, 0 queued for the worker, 360 decoded so far, 459 stragglers dropped; last hole 1877/2007 chunks, first missing 1534, short false, chunk 1166 B; worker phase idle
09-11 05:06:14.293 12919 20755 I WiVRn   : [2026-09-11 05:06:14.293] [WiVRn] [info] nxwarp[0] net: 0.027 ms per datagram over 32816 datagrams (447.77 ms of every second)
09-11 05:06:14.293 12919 20755 I WiVRn   : [2026-09-11 05:06:14.293] [WiVRn] [info] nxwarp[0] sel: stride 1, arrival 18.2 ms, dropped-late 78, withheld 0, decoded 360
09-11 05:06:14.293 12919 20755 I WiVRn   : [2026-09-11 05:06:14.293] [WiVRn] [info] nxwarp[0] rx: 138890 datagrams, placed 869520 (+215831), late 81656 (+16983), stale_frame 0, bad_range 0, bad_dir 0, bad_caps 0, bad_ver 0, auth_fail 0, replay 0, frozen 0, dup 49
09-11 05:06:14.640 12919 20706 I PxrMetric: FPS=77/90,MTP=39.05ms,AppSW=off,FrmEarly=33,FrmLate=7,FrmCpu=0.88ms,FrmGpu=11.43ms,FrmTime=18.15ms,ATWGPU=1.61ms,VsyncDelay=2,GPU=99%/587Mhz,GPUTemp=76.0C,LayerCnt=3,Pkg=org.meumeu.wivrn.nx.warp,FrmId=899
09-11 05:06:14.785 12919 20760 I WiVRn   : [2026-09-11 05:06:14.785] [WiVRn] [info] Tracking pattern (11109µs):
09-11 05:06:14.786 12919 20760 I WiVRn   : [2026-09-11 05:06:14.786] [WiVRn] [info] 	t+4451µs HEAD (6658µs)
09-11 05:06:14.786 12919 20760 I WiVRn   : [2026-09-11 05:06:14.786] [WiVRn] [info] 	t+4488µs LEFT_GRIP (6621µs)
09-11 05:06:14.786 12919 20760 I WiVRn   : [2026-09-11 05:06:14.786] [WiVRn] [info] 	t+4496µs RIGHT_GRIP (6613µs)
09-11 05:06:14.786 12919 20760 I WiVRn   : [2026-09-11 05:06:14.786] [WiVRn] [info] 	t+7451µs HEAD (3658µs)
09-11 05:06:14.786 12919 20760 I WiVRn   : [2026-09-11 05:06:14.786] [WiVRn] [info] 	t+7488µs LEFT_GRIP (3621µs)
09-11 05:06:14.786 12919 20760 I WiVRn   : [2026-09-11 05:06:14.786] [WiVRn] [info] 	t+7496µs RIGHT_GRIP (3613µs)
09-11 05:06:15.075 12919 20758 I WiVRn   : [2026-09-11 05:06:15.075] [WiVRn] [info] nxwarp[0]: 107 frames in 2.0 s: 261817 B/frame, wait-prev 0.0 ms, wall 16.2 ms, nxvc passA 5.1 passB 8.0 gpu 13.1 ms; holes 1, refused 0
09-11 05:06:15.075 12919 20758 I WiVRn   : [2026-09-11 05:06:15.075] [WiVRn] [info] nxwarp[0] gpu duty 697 ms/s (70% of one GPU) for decode alone; the display pass is extra
09-11 05:06:15.075 12919 20758 I WiVRn   : [2026-09-11 05:06:15.075] [WiVRn] [info] nxwarp[0] passB 8.0 ms = warp 0.0 + skip 0.0 + coded 0.0 + dir 0.0 + other 8.0; tiles skip 0 / coded 3528 / dir 0 (eye pass 0)
09-11 05:06:15.075 12919 20758 I WiVRn   : [2026-09-11 05:06:15.075] [WiVRn] [info] nxwarp[0]: 78 frames dropped late (queue kept to 1)
09-11 05:06:15.075 12919 20758 I WiVRn   : [2026-09-11 05:06:15.075] [WiVRn] [info] nxwarp[0] stage: gap 2.6 | wait-prev 0.0 | submit 1.5 (qlock 0.0 + codec 1.5) | get_free 0.0 | fence-pre 0.0 | record 0.0 | qsubmit 0.0 | fence-post 14.7 | publish 0.0 ms; withheld 0, stride 1, arrival 18.5 ms
09-11 05:06:15.075 12919 20758 I WiVRn   : [2026-09-11 05:06:15.075] [WiVRn] [info] nxwarp[0] reassembly (network thread): 0.22 ms/frame over 107 frames, buffer 256 kB held for 256 kB of unit (1.0x)
09-11 05:06:15.075 12919 20758 I WiVRn   : [2026-09-11 05:06:15.075] [WiVRn] [info] nxwarp[0] fence-post 14.7 ms = nxvc gpu 13.1 + copy gpu 0.00 + queue 1.6 (over 107 frames with timestamps)
09-11 05:06:15.134 12919 20716 I WiVRn   : [2026-09-11 05:06:15.134] [WiVRn] [info] render: 159 iterations in 2.0 s (79.1/s), 159 submitted a layer, 107 new-source, 0 skipped by the repeat gate, 0 with nothing to show; display period 12.6 ms
09-11 05:06:15.134 12919 20716 I WiVRn   : [2026-09-11 05:06:15.134] [WiVRn] [info] render: ready wait attempts 64 success 12 total 55.568 ms | selected older than available 0
09-11 05:06:15.134 12919 20716 I WiVRn   : [2026-09-11 05:06:15.134] [WiVRn] [info] render: selected source transitions forward 107 backward 0 repeat 52, greatest forward gap 1
09-11 05:06:15.134 12919 20716 I WiVRn   : [2026-09-11 05:06:15.134] [WiVRn] [info] render: this app's own GPU pass 3.1 ms per iteration
09-11 05:06:15.134 12919 20716 I WiVRn   : [2026-09-11 05:06:15.134] [WiVRn] [info] render: defoveate 2688x2688 per eye x2 = 14.45 Mpx/frame at scale 1.00 atlas-prototype 0; 52 re-presented from the cache (reduce_gpu_load on)
09-11 05:06:15.134 12919 20716 I WiVRn   : [2026-09-11 05:06:15.134] [WiVRn] [info] render: shader path sharpness 0.00 fsr false alpha false motion false blend false glow 0.00 vignette 0.00 deband 0.00 lowpoly 0.00 levels 0 full-kernel false
09-11 05:06:15.134 12919 20716 I WiVRn   : [2026-09-11 05:06:15.134] [WiVRn] [info] render: per iteration fence 2.6 (worst 13.8) | queries 0.0 | submit 0.0 | whole render() 3.5 ms
09-11 05:06:15.134 12919 20716 I WiVRn   : [2026-09-11 05:06:15.134] [WiVRn] [info] render: selection-to-defoveate CPU 0.053 ms mean (max 0.120) over 107 actual defoveate calls; not GPU/photon latency
09-11 05:06:15.134 12919 20716 I WiVRn   : [2026-09-11 05:06:15.134] [WiVRn] [info] render: jit on | wake slack 46.0 ms | slept 5.0 ms mean (max 5.0, 159 of 159 iterations) | budget 18.5 = pass 17.5 + margin 1.0 | sleep cap 5.0 ms
09-11 05:06:15.134 12919 20716 I WiVRn   : [2026-09-11 05:06:15.134] [WiVRn] [info] render: source display-time offset 78.7 ms mean (worst 95.9) over 159 frames | submit lead 37.5 ms mean (worst 24.1) | misses: 0 overrun 0 late 0 skipped refresh
09-11 05:06:15.134 12919 20716 I WiVRn   : [2026-09-11 05:06:15.134] [WiVRn] [info] render: source->first 6.6 ms | wire 9.2 | queue 2.0 | decode 16.3 | decode->selection 6.5 | selection->predicted 38.1 | sum 78.7 over 159 selected frames (0 invalid)
09-11 05:06:15.645 12919 20706 I PxrMetric: FPS=82/90,MTP=40.68ms,AppSW=off,FrmEarly=33,FrmLate=6,FrmCpu=0.96ms,FrmGpu=9.94ms,FrmTime=16.84ms,ATWGPU=1.60ms,VsyncDelay=2,GPU=90%/587Mhz,GPUTemp=76.0C,LayerCnt=3,Pkg=org.meumeu.wivrn.nx.warp,FrmId=983
09-11 05:06:15.785 12919 20760 I WiVRn   : [2026-09-11 05:06:15.785] [WiVRn] [info] Tracking pattern (11110µs):
09-11 05:06:15.786 12919 20760 I WiVRn   : [2026-09-11 05:06:15.786] [WiVRn] [info] 	t+4270µs HEAD (6839µs)
09-11 05:06:15.786 12919 20760 I WiVRn   : [2026-09-11 05:06:15.786] [WiVRn] [info] 	t+4325µs LEFT_GRIP (6784µs)
09-11 05:06:15.786 12919 20760 I WiVRn   : [2026-09-11 05:06:15.786] [WiVRn] [info] 	t+4332µs RIGHT_GRIP (6778µs)
09-11 05:06:15.786 12919 20760 I WiVRn   : [2026-09-11 05:06:15.786] [WiVRn] [info] 	t+7270µs HEAD (3839µs)
09-11 05:06:15.786 12919 20760 I WiVRn   : [2026-09-11 05:06:15.786] [WiVRn] [info] 	t+7325µs LEFT_GRIP (3784µs)
09-11 05:06:15.786 12919 20760 I WiVRn   : [2026-09-11 05:06:15.786] [WiVRn] [info] 	t+7332µs RIGHT_GRIP (3778µs)
09-11 05:06:16.307 12919 20755 I WiVRn   : [2026-09-11 05:06:16.307] [WiVRn] [info] nxwarp[0] net: 106 frames closed in 2.0 s, 0 with a hole, 0 out-of-order datagrams, 0 frames completed late, 0 queued for the worker, 466 decoded so far, 566 stragglers dropped; last hole 1877/2007 chunks, first missing 1534, short false, chunk 1166 B; worker phase idle
09-11 05:06:16.307 12919 20755 I WiVRn   : [2026-09-11 05:06:16.307] [WiVRn] [info] nxwarp[0] net: 0.026 ms per datagram over 34531 datagrams (449.77 ms of every second)
09-11 05:06:16.307 12919 20755 I WiVRn   : [2026-09-11 05:06:16.307] [WiVRn] [info] nxwarp[0] sel: stride 1, arrival 18.7 ms, dropped-late 78, withheld 0, decoded 466
09-11 05:06:16.307 12919 20755 I WiVRn   : [2026-09-11 05:06:16.307] [WiVRn] [info] nxwarp[0] rx: 173421 datagrams, placed 1184017 (+314497), late 94454 (+12798), stale_frame 0, bad_range 0, bad_dir 0, bad_caps 0, bad_ver 0, auth_fail 0, replay 0, frozen 0, dup 63
09-11 05:06:16.650 12919 20706 I PxrMetric: FPS=84/90,MTP=40.96ms,AppSW=off,FrmEarly=30,FrmLate=7,FrmCpu=0.74ms,FrmGpu=12.25ms,FrmTime=19.35ms,ATWGPU=1.60ms,VsyncDelay=2,GPU=99%/587Mhz,GPUTemp=76.4C,LayerCnt=3,Pkg=org.meumeu.wivrn.nx.warp,FrmId=1064
09-11 05:06:16.786 12919 20760 I WiVRn   : [2026-09-11 05:06:16.786] [WiVRn] [info] Tracking pattern (11111µs):
09-11 05:06:16.786 12919 20760 I WiVRn   : [2026-09-11 05:06:16.786] [WiVRn] [info] 	t+4437µs HEAD (6674µs)
09-11 05:06:16.786 12919 20760 I WiVRn   : [2026-09-11 05:06:16.786] [WiVRn] [info] 	t+4476µs LEFT_GRIP (6634µs)
09-11 05:06:16.786 12919 20760 I WiVRn   : [2026-09-11 05:06:16.786] [WiVRn] [info] 	t+4481µs RIGHT_GRIP (6630µs)
09-11 05:06:16.786 12919 20760 I WiVRn   : [2026-09-11 05:06:16.786] [WiVRn] [info] 	t+7437µs HEAD (3674µs)
09-11 05:06:16.786 12919 20760 I WiVRn   : [2026-09-11 05:06:16.786] [WiVRn] [info] 	t+7476µs LEFT_GRIP (3634µs)
09-11 05:06:16.786 12919 20760 I WiVRn   : [2026-09-11 05:06:16.786] [WiVRn] [info] 	t+7481µs RIGHT_GRIP (3630µs)
09-11 05:06:17.093 12919 20758 I WiVRn   : [2026-09-11 05:06:17.093] [WiVRn] [info] nxwarp[0]: 106 frames in 2.0 s: 267528 B/frame, wait-prev 0.0 ms, wall 16.4 ms, nxvc passA 5.1 passB 8.0 gpu 13.1 ms; holes 1, refused 0
09-11 05:06:17.093 12919 20758 I WiVRn   : [2026-09-11 05:06:17.093] [WiVRn] [info] nxwarp[0] gpu duty 688 ms/s (69% of one GPU) for decode alone; the display pass is extra
09-11 05:06:17.093 12919 20758 I WiVRn   : [2026-09-11 05:06:17.093] [WiVRn] [info] nxwarp[0] passB 8.0 ms = warp 0.0 + skip 0.0 + coded 0.0 + dir 0.0 + other 8.0; tiles skip 0 / coded 3528 / dir 0 (eye pass 0)
09-11 05:06:17.093 12919 20758 I WiVRn   : [2026-09-11 05:06:17.093] [WiVRn] [info] nxwarp[0]: 78 frames dropped late (queue kept to 1)
09-11 05:06:17.093 12919 20758 I WiVRn   : [2026-09-11 05:06:17.093] [WiVRn] [info] nxwarp[0] stage: gap 2.6 | wait-prev 0.0 | submit 1.5 (qlock 0.0 + codec 1.5) | get_free 0.0 | fence-pre 0.0 | record 0.0 | qsubmit 0.0 | fence-post 14.9 | publish 0.0 ms; withheld 0, stride 1, arrival 19.3 ms
09-11 05:06:17.093 12919 20758 I WiVRn   : [2026-09-11 05:06:17.093] [WiVRn] [info] nxwarp[0] reassembly (network thread): 0.24 ms/frame over 105 frames, buffer 261 kB held for 261 kB of unit (1.0x)
09-11 05:06:17.093 12919 20758 I WiVRn   : [2026-09-11 05:06:17.093] [WiVRn] [info] nxwarp[0] fence-post 14.9 ms = nxvc gpu 13.1 + copy gpu 0.00 + queue 1.8 (over 106 frames with timestamps)
09-11 05:06:17.151 12919 20716 I WiVRn   : [2026-09-11 05:06:17.151] [WiVRn] [info] render: 166 iterations in 2.0 s (82.8/s), 166 submitted a layer, 106 new-source, 0 skipped by the repeat gate, 0 with nothing to show; display period 12.0 ms
09-11 05:06:17.151 12919 20716 I WiVRn   : [2026-09-11 05:06:17.151] [WiVRn] [info] render: ready wait attempts 80 success 20 total 64.145 ms | selected older than available 0
09-11 05:06:17.151 12919 20716 I WiVRn   : [2026-09-11 05:06:17.151] [WiVRn] [info] render: selected source transitions forward 106 backward 0 repeat 60, greatest forward gap 1
09-11 05:06:17.151 12919 20716 I WiVRn   : [2026-09-11 05:06:17.151] [WiVRn] [info] render: this app's own GPU pass 2.9 ms per iteration
09-11 05:06:17.151 12919 20716 I WiVRn   : [2026-09-11 05:06:17.151] [WiVRn] [info] render: defoveate 2688x2688 per eye x2 = 14.45 Mpx/frame at scale 1.00 atlas-prototype 0; 60 re-presented from the cache (reduce_gpu_load on)
09-11 05:06:17.151 12919 20716 I WiVRn   : [2026-09-11 05:06:17.151] [WiVRn] [info] render: shader path sharpness 0.00 fsr false alpha false motion false blend false glow 0.00 vignette 0.00 deband 0.00 lowpoly 0.00 levels 0 full-kernel false
09-11 05:06:17.151 12919 20716 I WiVRn   : [2026-09-11 05:06:17.151] [WiVRn] [info] render: per iteration fence 2.2 (worst 13.9) | queries 0.0 | submit 0.0 | whole render() 3.2 ms
09-11 05:06:17.151 12919 20716 I WiVRn   : [2026-09-11 05:06:17.151] [WiVRn] [info] render: selection-to-defoveate CPU 0.051 ms mean (max 0.105) over 106 actual defoveate calls; not GPU/photon latency
09-11 05:06:17.151 12919 20716 I WiVRn   : [2026-09-11 05:06:17.151] [WiVRn] [info] render: jit on | wake slack 45.4 ms | slept 5.0 ms mean (max 5.0, 166 of 166 iterations) | budget 16.9 = pass 15.9 + margin 1.0 | sleep cap 5.0 ms
09-11 05:06:17.151 12919 20716 I WiVRn   : [2026-09-11 05:06:17.151] [WiVRn] [info] render: source display-time offset 79.0 ms mean (worst 96.0) over 166 frames | submit lead 37.4 ms mean (worst 23.5) | misses: 0 overrun 0 late 0 skipped refresh
09-11 05:06:17.151 12919 20716 I WiVRn   : [2026-09-11 05:06:17.151] [WiVRn] [info] render: source->first 6.9 ms | wire 9.6 | queue 1.7 | decode 16.5 | decode->selection 6.5 | selection->predicted 37.8 | sum 79.0 over 166 selected frames (0 invalid)
09-11 05:06:17.248 12919 20716 I WiVRn   : [2026-09-11 05:06:17.248] [WiVRn] [info] Received event type Unknown
09-11 05:06:17.662 12919 20706 I PxrMetric: FPS=80/90,MTP=41.20ms,AppSW=off,FrmEarly=22,FrmLate=11,FrmCpu=0.71ms,FrmGpu=14.02ms,FrmTime=21.69ms,ATWGPU=1.62ms,VsyncDelay=3,GPU=99%/587Mhz,GPUTemp=77.1C,LayerCnt=3,Pkg=org.meumeu.wivrn.nx.warp,FrmId=1145
09-11 05:06:17.786 12919 20760 I WiVRn   : [2026-09-11 05:06:17.786] [WiVRn] [info] Tracking pattern (11110µs):
09-11 05:06:17.786 12919 20760 I WiVRn   : [2026-09-11 05:06:17.786] [WiVRn] [info] 	t+4420µs HEAD (6690µs)
09-11 05:06:17.786 12919 20760 I WiVRn   : [2026-09-11 05:06:17.786] [WiVRn] [info] 	t+4483µs LEFT_GRIP (6627µs)
09-11 05:06:17.786 12919 20760 I WiVRn   : [2026-09-11 05:06:17.786] [WiVRn] [info] 	t+4489µs RIGHT_GRIP (6621µs)
09-11 05:06:17.786 12919 20760 I WiVRn   : [2026-09-11 05:06:17.786] [WiVRn] [info] 	t+7420µs HEAD (3690µs)
09-11 05:06:17.786 12919 20760 I WiVRn   : [2026-09-11 05:06:17.786] [WiVRn] [info] 	t+7483µs LEFT_GRIP (3627µs)
09-11 05:06:17.786 12919 20760 I WiVRn   : [2026-09-11 05:06:17.786] [WiVRn] [info] 	t+7489µs RIGHT_GRIP (3621µs)
09-11 05:06:18.317 12919 20755 I WiVRn   : [2026-09-11 05:06:18.317] [WiVRn] [info] nxwarp[0] net: 105 frames closed in 2.0 s, 0 with a hole, 0 out-of-order datagrams, 0 frames completed late, 0 queued for the worker, 571 decoded so far, 676 stragglers dropped; last hole 1877/2007 chunks, first missing 1534, short false, chunk 1166 B; worker phase idle
09-11 05:06:18.318 12919 20755 I WiVRn   : [2026-09-11 05:06:18.318] [WiVRn] [info] nxwarp[0] net: 0.026 ms per datagram over 36684 datagrams (465.53 ms of every second)
09-11 05:06:18.318 12919 20755 I WiVRn   : [2026-09-11 05:06:18.318] [WiVRn] [info] nxwarp[0] sel: stride 1, arrival 18.9 ms, dropped-late 78, withheld 0, decoded 571
09-11 05:06:18.318 12919 20755 I WiVRn   : [2026-09-11 05:06:18.318] [WiVRn] [info] nxwarp[0] rx: 210105 datagrams, placed 1538017 (+354000), late 119686 (+25232), stale_frame 0, bad_range 0, bad_dir 0, bad_caps 0, bad_ver 0, auth_fail 0, replay 0, frozen 0, dup 106
09-11 05:06:18.678 12919 20706 I PxrMetric: FPS=80/90,MTP=46.07ms,AppSW=off,FrmEarly=30,FrmLate=13,FrmCpu=0.73ms,FrmGpu=13.52ms,FrmTime=22.34ms,ATWGPU=1.59ms,VsyncDelay=3,GPU=99%/587Mhz,GPUTemp=77.5C,LayerCnt=3,Pkg=org.meumeu.wivrn.nx.warp,FrmId=1218
09-11 05:06:18.786 12919 20760 I WiVRn   : [2026-09-11 05:06:18.786] [WiVRn] [info] Tracking pattern (11111µs):
09-11 05:06:18.786 12919 20760 I WiVRn   : [2026-09-11 05:06:18.786] [WiVRn] [info] 	t+4315µs HEAD (6795µs)
09-11 05:06:18.786 12919 20760 I WiVRn   : [2026-09-11 05:06:18.786] [WiVRn] [info] 	t+4409µs LEFT_GRIP (6701µs)
09-11 05:06:18.786 12919 20760 I WiVRn   : [2026-09-11 05:06:18.786] [WiVRn] [info] 	t+4422µs RIGHT_GRIP (6688µs)
09-11 05:06:18.786 12919 20760 I WiVRn   : [2026-09-11 05:06:18.786] [WiVRn] [info] 	t+7315µs HEAD (3795µs)
09-11 05:06:18.786 12919 20760 I WiVRn   : [2026-09-11 05:06:18.786] [WiVRn] [info] 	t+7409µs LEFT_GRIP (3701µs)
09-11 05:06:18.786 12919 20760 I WiVRn   : [2026-09-11 05:06:18.786] [WiVRn] [info] 	t+7422µs RIGHT_GRIP (3688µs)
09-11 05:06:19.100 12919 20758 I WiVRn   : [2026-09-11 05:06:19.099] [WiVRn] [info] nxwarp[0]: 105 frames in 2.0 s: 276694 B/frame, wait-prev 0.0 ms, wall 16.5 ms, nxvc passA 5.2 passB 8.2 gpu 13.4 ms; holes 1, refused 0
09-11 05:06:19.100 12919 20758 I WiVRn   : [2026-09-11 05:06:19.100] [WiVRn] [info] nxwarp[0] gpu duty 700 ms/s (70% of one GPU) for decode alone; the display pass is extra
09-11 05:06:19.100 12919 20758 I WiVRn   : [2026-09-11 05:06:19.100] [WiVRn] [info] nxwarp[0] passB 8.2 ms = warp 0.0 + skip 0.0 + coded 0.0 + dir 0.0 + other 8.2; tiles skip 0 / coded 3528 / dir 0 (eye pass 0)
09-11 05:06:19.100 12919 20758 I WiVRn   : [2026-09-11 05:06:19.100] [WiVRn] [info] nxwarp[0]: 78 frames dropped late (queue kept to 1)
09-11 05:06:19.100 12919 20758 I WiVRn   : [2026-09-11 05:06:19.100] [WiVRn] [info] nxwarp[0] stage: gap 2.6 | wait-prev 0.0 | submit 1.4 (qlock 0.0 + codec 1.4) | get_free 0.0 | fence-pre 0.0 | record 0.0 | qsubmit 0.0 | fence-post 15.0 | publish 0.0 ms; withheld 0, stride 1, arrival 18.4 ms
09-11 05:06:19.100 12919 20758 I WiVRn   : [2026-09-11 05:06:19.100] [WiVRn] [info] nxwarp[0] reassembly (network thread): 0.25 ms/frame over 106 frames, buffer 270 kB held for 270 kB of unit (1.0x)
09-11 05:06:19.100 12919 20758 I WiVRn   : [2026-09-11 05:06:19.100] [WiVRn] [info] nxwarp[0] fence-post 15.1 ms = nxvc gpu 13.4 + copy gpu 0.00 + queue 1.6 (over 105 frames with timestamps)
09-11 05:06:19.145 12919 20716 I WiVRn   : [2026-09-11 05:06:19.145] [WiVRn] [info] render: 150 iterations in 2.0 s (74.8/s), 150 submitted a layer, 104 new-source, 0 skipped by the repeat gate, 0 with nothing to show; display period 13.4 ms
09-11 05:06:19.145 12919 20716 I WiVRn   : [2026-09-11 05:06:19.145] [WiVRn] [info] render: ready wait attempts 57 success 11 total 49.109 ms | selected older than available 0
09-11 05:06:19.145 12919 20716 I WiVRn   : [2026-09-11 05:06:19.145] [WiVRn] [info] render: selected source transitions forward 104 backward 0 repeat 46, greatest forward gap 1
09-11 05:06:19.145 12919 20716 I WiVRn   : [2026-09-11 05:06:19.145] [WiVRn] [info] render: this app's own GPU pass 3.2 ms per iteration
09-11 05:06:19.145 12919 20716 I WiVRn   : [2026-09-11 05:06:19.145] [WiVRn] [info] render: defoveate 2688x2688 per eye x2 = 14.45 Mpx/frame at scale 1.00 atlas-prototype 0; 46 re-presented from the cache (reduce_gpu_load on)
09-11 05:06:19.145 12919 20716 I WiVRn   : [2026-09-11 05:06:19.145] [WiVRn] [info] render: shader path sharpness 0.00 fsr false alpha false motion false blend false glow 0.00 vignette 0.00 deband 0.00 lowpoly 0.00 levels 0 full-kernel false
09-11 05:06:19.145 12919 20716 I WiVRn   : [2026-09-11 05:06:19.145] [WiVRn] [info] render: per iteration fence 2.8 (worst 13.9) | queries 0.0 | submit 0.0 | whole render() 3.7 ms
09-11 05:06:19.145 12919 20716 I WiVRn   : [2026-09-11 05:06:19.145] [WiVRn] [info] render: selection-to-defoveate CPU 0.048 ms mean (max 0.107) over 104 actual defoveate calls; not GPU/photon latency
09-11 05:06:19.145 12919 20716 I WiVRn   : [2026-09-11 05:06:19.145] [WiVRn] [info] render: jit on | wake slack 45.3 ms | slept 5.0 ms mean (max 5.0, 150 of 150 iterations) | budget 15.7 = pass 14.7 + margin 1.0 | sleep cap 5.0 ms
09-11 05:06:19.145 12919 20716 I WiVRn   : [2026-09-11 05:06:19.145] [WiVRn] [info] render: source display-time offset 79.4 ms mean (worst 96.0) over 150 frames | submit lead 36.5 ms mean (worst 20.9) | misses: 0 overrun 0 late 0 skipped refresh
09-11 05:06:19.145 12919 20716 I WiVRn   : [2026-09-11 05:06:19.145] [WiVRn] [info] render: source->first 7.1 ms | wire 9.8 | queue 2.0 | decode 16.6 | decode->selection 6.8 | selection->predicted 37.1 | sum 79.4 over 150 selected frames (0 invalid)
09-11 05:06:19.676 12919 20706 I PxrMetric: FPS=72/90,MTP=25.74ms,AppSW=off,FrmEarly=27,FrmLate=8,FrmCpu=0.78ms,FrmGpu=13.54ms,FrmTime=23.22ms,ATWGPU=1.60ms,VsyncDelay=2,GPU=87%/587Mhz,GPUTemp=77.9C,LayerCnt=3,Pkg=org.meumeu.wivrn.nx.warp,FrmId=1300
09-11 05:06:19.786 12919 20760 I WiVRn   : [2026-09-11 05:06:19.786] [WiVRn] [info] Tracking pattern (11110µs):
09-11 05:06:19.786 12919 20760 I WiVRn   : [2026-09-11 05:06:19.786] [WiVRn] [info] 	t+4415µs HEAD (6695µs)
09-11 05:06:19.786 12919 20760 I WiVRn   : [2026-09-11 05:06:19.786] [WiVRn] [info] 	t+4457µs LEFT_GRIP (6653µs)
09-11 05:06:19.786 12919 20760 I WiVRn   : [2026-09-11 05:06:19.786] [WiVRn] [info] 	t+4464µs RIGHT_GRIP (6646µs)
09-11 05:06:19.786 12919 20760 I WiVRn   : [2026-09-11 05:06:19.786] [WiVRn] [info] 	t+7415µs HEAD (3695µs)
09-11 05:06:19.786 12919 20760 I WiVRn   : [2026-09-11 05:06:19.786] [WiVRn] [info] 	t+7457µs LEFT_GRIP (3653µs)
09-11 05:06:19.786 12919 20760 I WiVRn   : [2026-09-11 05:06:19.786] [WiVRn] [info] 	t+7464µs RIGHT_GRIP (3646µs)
09-11 05:06:20.339 12919 20755 I WiVRn   : [2026-09-11 05:06:20.339] [WiVRn] [info] nxwarp[0] net: 106 frames closed in 2.0 s, 0 with a hole, 0 out-of-order datagrams, 0 frames completed late, 0 queued for the worker, 677 decoded so far, 782 stragglers dropped; last hole 1877/2007 chunks, first missing 1534, short false, chunk 1166 B; worker phase idle
09-11 05:06:20.339 12919 20755 I WiVRn   : [2026-09-11 05:06:20.339] [WiVRn] [info] nxwarp[0] net: 0.026 ms per datagram over 35931 datagrams (456.85 ms of every second)
09-11 05:06:20.339 12919 20755 I WiVRn   : [2026-09-11 05:06:20.339] [WiVRn] [info] nxwarp[0] sel: stride 1, arrival 18.5 ms, dropped-late 78, withheld 0, decoded 677
09-11 05:06:20.339 12919 20755 I WiVRn   : [2026-09-11 05:06:20.339] [WiVRn] [info] nxwarp[0] rx: 246036 datagrams, placed 1911985 (+373968), late 137529 (+17843), stale_frame 0, bad_range 0, bad_dir 0, bad_caps 0, bad_ver 0, auth_fail 0, replay 0, frozen 0, dup 124
09-11 05:06:20.689 12919 20706 I PxrMetric: FPS=82/90,MTP=43.79ms,AppSW=off,FrmEarly=28,FrmLate=8,FrmCpu=0.75ms,FrmGpu=12.86ms,FrmTime=19.75ms,ATWGPU=1.59ms,VsyncDelay=3,GPU=99%/587Mhz,GPUTemp=78.3C,LayerCnt=3,Pkg=org.meumeu.wivrn.nx.warp,FrmId=1380
09-11 05:06:20.786 12919 20760 I WiVRn   : [2026-09-11 05:06:20.786] [WiVRn] [info] Tracking pattern (11111µs):
09-11 05:06:20.786 12919 20760 I WiVRn   : [2026-09-11 05:06:20.786] [WiVRn] [info] 	t+4412µs HEAD (6699µs)
09-11 05:06:20.786 12919 20760 I WiVRn   : [2026-09-11 05:06:20.786] [WiVRn] [info] 	t+4463µs LEFT_GRIP (6647µs)
09-11 05:06:20.786 12919 20760 I WiVRn   : [2026-09-11 05:06:20.786] [WiVRn] [info] 	t+4469µs RIGHT_GRIP (6642µs)
09-11 05:06:20.786 12919 20760 I WiVRn   : [2026-09-11 05:06:20.786] [WiVRn] [info] 	t+7412µs HEAD (3699µs)
09-11 05:06:20.786 12919 20760 I WiVRn   : [2026-09-11 05:06:20.786] [WiVRn] [info] 	t+7463µs LEFT_GRIP (3647µs)
09-11 05:06:20.786 12919 20760 I WiVRn   : [2026-09-11 05:06:20.786] [WiVRn] [info] 	t+7469µs RIGHT_GRIP (3642µs)
09-11 05:06:21.109 12919 20758 I WiVRn   : [2026-09-11 05:06:21.109] [WiVRn] [info] nxwarp[0]: 107 frames in 2.0 s: 258520 B/frame, wait-prev 0.0 ms, wall 16.2 ms, nxvc passA 5.1 passB 8.0 gpu 13.1 ms; holes 1, refused 0
09-11 05:06:21.109 12919 20758 I WiVRn   : [2026-09-11 05:06:21.109] [WiVRn] [info] nxwarp[0] gpu duty 697 ms/s (70% of one GPU) for decode alone; the display pass is extra
09-11 05:06:21.109 12919 20758 I WiVRn   : [2026-09-11 05:06:21.109] [WiVRn] [info] nxwarp[0] passB 8.0 ms = warp 0.0 + skip 0.0 + coded 0.0 + dir 0.0 + other 8.0; tiles skip 0 / coded 3528 / dir 0 (eye pass 0)
09-11 05:06:21.109 12919 20758 I WiVRn   : [2026-09-11 05:06:21.109] [WiVRn] [info] nxwarp[0]: 78 frames dropped late (queue kept to 1)
09-11 05:06:21.109 12919 20758 I WiVRn   : [2026-09-11 05:06:21.109] [WiVRn] [info] nxwarp[0] stage: gap 2.6 | wait-prev 0.0 | submit 1.5 (qlock 0.0 + codec 1.5) | get_free 0.0 | fence-pre 0.0 | record 0.0 | qsubmit 0.0 | fence-post 14.6 | publish 0.0 ms; withheld 0, stride 1, arrival 19.0 ms
09-11 05:06:21.109 12919 20758 I WiVRn   : [2026-09-11 05:06:21.109] [WiVRn] [info] nxwarp[0] reassembly (network thread): 0.23 ms/frame over 106 frames, buffer 252 kB held for 252 kB of unit (1.0x)
09-11 05:06:21.109 12919 20758 I WiVRn   : [2026-09-11 05:06:21.109] [WiVRn] [info] nxwarp[0] fence-post 14.6 ms = nxvc gpu 13.1 + copy gpu 0.01 + queue 1.5 (over 107 frames with timestamps)
09-11 05:06:21.146 12919 20716 I WiVRn   : [2026-09-11 05:06:21.146] [WiVRn] [info] render: 157 iterations in 2.0 s (78.5/s), 157 submitted a layer, 106 new-source, 0 skipped by the repeat gate, 0 with nothing to show; display period 12.7 ms
09-11 05:06:21.146 12919 20716 I WiVRn   : [2026-09-11 05:06:21.146] [WiVRn] [info] render: ready wait attempts 64 success 13 total 54.379 ms | selected older than available 0
09-11 05:06:21.146 12919 20716 I WiVRn   : [2026-09-11 05:06:21.146] [WiVRn] [info] render: selected source transitions forward 106 backward 0 repeat 51, greatest forward gap 1
09-11 05:06:21.146 12919 20716 I WiVRn   : [2026-09-11 05:06:21.146] [WiVRn] [info] render: this app's own GPU pass 3.1 ms per iteration
09-11 05:06:21.146 12919 20716 I WiVRn   : [2026-09-11 05:06:21.146] [WiVRn] [info] render: defoveate 2688x2688 per eye x2 = 14.45 Mpx/frame at scale 1.00 atlas-prototype 0; 51 re-presented from the cache (reduce_gpu_load on)
09-11 05:06:21.146 12919 20716 I WiVRn   : [2026-09-11 05:06:21.146] [WiVRn] [info] render: shader path sharpness 0.00 fsr false alpha false motion false blend false glow 0.00 vignette 0.00 deband 0.00 lowpoly 0.00 levels 0 full-kernel false
09-11 05:06:21.146 12919 20716 I WiVRn   : [2026-09-11 05:06:21.146] [WiVRn] [info] render: per iteration fence 2.6 (worst 14.0) | queries 0.0 | submit 0.0 | whole render() 3.5 ms
09-11 05:06:21.146 12919 20716 I WiVRn   : [2026-09-11 05:06:21.146] [WiVRn] [info] render: selection-to-defoveate CPU 0.050 ms mean (max 0.117) over 106 actual defoveate calls; not GPU/photon latency
09-11 05:06:21.146 12919 20716 I WiVRn   : [2026-09-11 05:06:21.146] [WiVRn] [info] render: jit on | wake slack 45.7 ms | slept 5.0 ms mean (max 5.0, 157 of 157 iterations) | budget 15.1 = pass 14.1 + margin 1.0 | sleep cap 5.0 ms
09-11 05:06:21.146 12919 20716 I WiVRn   : [2026-09-11 05:06:21.146] [WiVRn] [info] render: source display-time offset 78.7 ms mean (worst 96.1) over 157 frames | submit lead 37.2 ms mean (worst 24.2) | misses: 0 overrun 0 late 0 skipped refresh
09-11 05:06:21.146 12919 20716 I WiVRn   : [2026-09-11 05:06:21.146] [WiVRn] [info] render: source->first 6.8 ms | wire 9.3 | queue 2.0 | decode 16.2 | decode->selection 6.6 | selection->predicted 37.8 | sum 78.7 over 157 selected frames (0 invalid)
09-11 05:06:21.693 12919 20706 I PxrMetric: FPS=79/90,MTP=32.43ms,AppSW=off,FrmEarly=27,FrmLate=12,FrmCpu=0.69ms,FrmGpu=14.35ms,FrmTime=22.50ms,ATWGPU=1.59ms,VsyncDelay=2,GPU=92%/587Mhz,GPUTemp=78.3C,LayerCnt=3,Pkg=org.meumeu.wivrn.nx.warp,FrmId=1455
09-11 05:06:21.786 12919 20760 I WiVRn   : [2026-09-11 05:06:21.786] [WiVRn] [info] Tracking pattern (11111µs):
09-11 05:06:21.786 12919 20760 I WiVRn   : [2026-09-11 05:06:21.786] [WiVRn] [info] 	t+4315µs HEAD (6796µs)
09-11 05:06:21.786 12919 20760 I WiVRn   : [2026-09-11 05:06:21.786] [WiVRn] [info] 	t+4359µs LEFT_GRIP (6752µs)
09-11 05:06:21.786 12919 20760 I WiVRn   : [2026-09-11 05:06:21.786] [WiVRn] [info] 	t+4366µs RIGHT_GRIP (6745µs)
09-11 05:06:21.786 12919 20760 I WiVRn   : [2026-09-11 05:06:21.786] [WiVRn] [info] 	t+7315µs HEAD (3796µs)
09-11 05:06:21.786 12919 20760 I WiVRn   : [2026-09-11 05:06:21.786] [WiVRn] [info] 	t+7359µs LEFT_GRIP (3752µs)
09-11 05:06:21.786 12919 20760 I WiVRn   : [2026-09-11 05:06:21.786] [WiVRn] [info] 	t+7366µs RIGHT_GRIP (3745µs)
09-11 05:06:22.350 12919 20755 I WiVRn   : [2026-09-11 05:06:22.350] [WiVRn] [info] nxwarp[0] net: 109 frames closed in 2.0 s, 0 with a hole, 0 out-of-order datagrams, 0 frames completed late, 0 queued for the worker, 785 decoded so far, 891 stragglers dropped; last hole 1877/2007 chunks, first missing 1534, short false, chunk 1166 B; worker phase copy-fence-wait
09-11 05:06:22.350 12919 20755 I WiVRn   : [2026-09-11 05:06:22.350] [WiVRn] [info] nxwarp[0] net: 0.025 ms per datagram over 35037 datagrams (443.82 ms of every second)
09-11 05:06:22.350 12919 20755 I WiVRn   : [2026-09-11 05:06:22.350] [WiVRn] [info] nxwarp[0] sel: stride 1, arrival 19.6 ms, dropped-late 78, withheld 0, decoded 785
09-11 05:06:22.350 12919 20755 I WiVRn   : [2026-09-11 05:06:22.350] [WiVRn] [info] nxwarp[0] rx: 281073 datagrams, placed 2289929 (+377944), late 139267 (+1738), stale_frame 0, bad_range 0, bad_dir 0, bad_caps 0, bad_ver 0, auth_fail 0, replay 0, frozen 0, dup 129
09-11 05:06:22.708 12919 20706 I PxrMetric: FPS=75/90,MTP=39.26ms,AppSW=off,FrmEarly=23,FrmLate=15,FrmCpu=0.73ms,FrmGpu=14.06ms,FrmTime=21.03ms,ATWGPU=1.59ms,VsyncDelay=2,GPU=99%/587Mhz,GPUTemp=78.7C,LayerCnt=3,Pkg=org.meumeu.wivrn.nx.warp,FrmId=1527
09-11 05:06:22.786 12919 20760 I WiVRn   : [2026-09-11 05:06:22.786] [WiVRn] [info] Tracking pattern (11112µs):
09-11 05:06:22.786 12919 20760 I WiVRn   : [2026-09-11 05:06:22.786] [WiVRn] [info] 	t+4309µs HEAD (6802µs)
09-11 05:06:22.786 12919 20760 I WiVRn   : [2026-09-11 05:06:22.786] [WiVRn] [info] 	t+4358µs LEFT_GRIP (6754µs)
09-11 05:06:22.786 12919 20760 I WiVRn   : [2026-09-11 05:06:22.786] [WiVRn] [info] 	t+4363µs RIGHT_GRIP (6748µs)
09-11 05:06:22.786 12919 20760 I WiVRn   : [2026-09-11 05:06:22.786] [WiVRn] [info] 	t+7309µs HEAD (3802µs)
09-11 05:06:22.786 12919 20760 I WiVRn   : [2026-09-11 05:06:22.786] [WiVRn] [info] 	t+7358µs LEFT_GRIP (3754µs)
09-11 05:06:22.786 12919 20760 I WiVRn   : [2026-09-11 05:06:22.786] [WiVRn] [info] 	t+7363µs RIGHT_GRIP (3748µs)
09-11 05:06:23.110 12919 20758 I WiVRn   : [2026-09-11 05:06:23.110] [WiVRn] [info] nxwarp[0]: 108 frames in 2.0 s: 255907 B/frame, wait-prev 0.0 ms, wall 15.9 ms, nxvc passA 4.9 passB 8.1 gpu 12.9 ms; holes 1, refused 0
09-11 05:06:23.110 12919 20758 I WiVRn   : [2026-09-11 05:06:23.110] [WiVRn] [info] nxwarp[0] gpu duty 698 ms/s (70% of one GPU) for decode alone; the display pass is extra
09-11 05:06:23.110 12919 20758 I WiVRn   : [2026-09-11 05:06:23.110] [WiVRn] [info] nxwarp[0] passB 8.1 ms = warp 0.0 + skip 0.0 + coded 0.0 + dir 0.0 + other 8.1; tiles skip 0 / coded 3528 / dir 0 (eye pass 0)
09-11 05:06:23.110 12919 20758 I WiVRn   : [2026-09-11 05:06:23.110] [WiVRn] [info] nxwarp[0]: 78 frames dropped late (queue kept to 1)
09-11 05:06:23.110 12919 20758 I WiVRn   : [2026-09-11 05:06:23.110] [WiVRn] [info] nxwarp[0] stage: gap 2.6 | wait-prev 0.0 | submit 1.5 (qlock 0.0 + codec 1.5) | get_free 0.0 | fence-pre 0.0 | record 0.0 | qsubmit 0.0 | fence-post 14.3 | publish 0.0 ms; withheld 0, stride 1, arrival 17.7 ms
09-11 05:06:23.110 12919 20758 I WiVRn   : [2026-09-11 05:06:23.110] [WiVRn] [info] nxwarp[0] reassembly (network thread): 0.23 ms/frame over 109 frames, buffer 250 kB held for 250 kB of unit (1.0x)
09-11 05:06:23.110 12919 20758 I WiVRn   : [2026-09-11 05:06:23.110] [WiVRn] [info] nxwarp[0] fence-post 14.3 ms = nxvc gpu 12.9 + copy gpu 0.00 + queue 1.4 (over 108 frames with timestamps)
09-11 05:06:23.156 12919 20716 I WiVRn   : [2026-09-11 05:06:23.155] [WiVRn] [info] render: 145 iterations in 2.0 s (72.2/s), 145 submitted a layer, 109 new-source, 0 skipped by the repeat gate, 0 with nothing to show; display period 13.9 ms
09-11 05:06:23.156 12919 20716 I WiVRn   : [2026-09-11 05:06:23.156] [WiVRn] [info] render: ready wait attempts 40 success 4 total 38.340 ms | selected older than available 0
09-11 05:06:23.156 12919 20716 I WiVRn   : [2026-09-11 05:06:23.156] [WiVRn] [info] render: selected source transitions forward 109 backward 0 repeat 36, greatest forward gap 1
09-11 05:06:23.156 12919 20716 I WiVRn   : [2026-09-11 05:06:23.156] [WiVRn] [info] render: this app's own GPU pass 3.5 ms per iteration
09-11 05:06:23.156 12919 20716 I WiVRn   : [2026-09-11 05:06:23.156] [WiVRn] [info] render: defoveate 2688x2688 per eye x2 = 14.45 Mpx/frame at scale 1.00 atlas-prototype 0; 36 re-presented from the cache (reduce_gpu_load on)
09-11 05:06:23.156 12919 20716 I WiVRn   : [2026-09-11 05:06:23.156] [WiVRn] [info] render: shader path sharpness 0.00 fsr false alpha false motion false blend false glow 0.00 vignette 0.00 deband 0.00 lowpoly 0.00 levels 0 full-kernel false
09-11 05:06:23.156 12919 20716 I WiVRn   : [2026-09-11 05:06:23.156] [WiVRn] [info] render: per iteration fence 3.0 (worst 13.4) | queries 0.0 | submit 0.0 | whole render() 3.9 ms
09-11 05:06:23.156 12919 20716 I WiVRn   : [2026-09-11 05:06:23.156] [WiVRn] [info] render: selection-to-defoveate CPU 0.048 ms mean (max 0.090) over 109 actual defoveate calls; not GPU/photon latency
09-11 05:06:23.156 12919 20716 I WiVRn   : [2026-09-11 05:06:23.156] [WiVRn] [info] render: jit on | wake slack 46.1 ms | slept 5.0 ms mean (max 5.0, 145 of 145 iterations) | budget 13.9 = pass 12.9 + margin 1.0 | sleep cap 5.0 ms
09-11 05:06:23.156 12919 20716 I WiVRn   : [2026-09-11 05:06:23.156] [WiVRn] [info] render: source display-time offset 77.6 ms mean (worst 96.1) over 145 frames | submit lead 37.1 ms mean (worst 21.4) | misses: 0 overrun 0 late 0 skipped refresh
09-11 05:06:23.156 12919 20716 I WiVRn   : [2026-09-11 05:06:23.156] [WiVRn] [info] render: source->first 6.5 ms | wire 8.8 | queue 2.0 | decode 15.8 | decode->selection 6.8 | selection->predicted 37.7 | sum 77.6 over 145 selected frames (0 invalid)
09-11 05:06:23.718 12919 20706 I PxrMetric: FPS=71/90,MTP=39.04ms,AppSW=off,FrmEarly=27,FrmLate=12,FrmCpu=0.75ms,FrmGpu=12.72ms,FrmTime=19.88ms,ATWGPU=1.59ms,VsyncDelay=2,GPU=99%/587Mhz,GPUTemp=78.3C,LayerCnt=3,Pkg=org.meumeu.wivrn.nx.warp,FrmId=1601
09-11 05:06:23.786 12919 20760 I WiVRn   : [2026-09-11 05:06:23.786] [WiVRn] [info] Tracking pattern (11108µs):
09-11 05:06:23.786 12919 20760 I WiVRn   : [2026-09-11 05:06:23.786] [WiVRn] [info] 	t+4365µs HEAD (6742µs)
09-11 05:06:23.786 12919 20760 I WiVRn   : [2026-09-11 05:06:23.786] [WiVRn] [info] 	t+4403µs LEFT_GRIP (6704µs)
09-11 05:06:23.786 12919 20760 I WiVRn   : [2026-09-11 05:06:23.786] [WiVRn] [info] 	t+4432µs RIGHT_GRIP (6676µs)
09-11 05:06:23.786 12919 20760 I WiVRn   : [2026-09-11 05:06:23.786] [WiVRn] [info] 	t+7365µs HEAD (3742µs)
09-11 05:06:23.786 12919 20760 I WiVRn   : [2026-09-11 05:06:23.786] [WiVRn] [info] 	t+7403µs LEFT_GRIP (3704µs)
09-11 05:06:23.786 12919 20760 I WiVRn   : [2026-09-11 05:06:23.786] [WiVRn] [info] 	t+7432µs RIGHT_GRIP (3676µs)
09-11 05:06:24.359 12919 20755 I WiVRn   : [2026-09-11 05:06:24.359] [WiVRn] [info] nxwarp[0] net: 109 frames closed in 2.0 s, 0 with a hole, 0 out-of-order datagrams, 0 frames completed late, 0 queued for the worker, 895 decoded so far, 1000 stragglers dropped; last hole 1877/2007 chunks, first missing 1534, short false, chunk 1166 B; worker phase idle
09-11 05:06:24.359 12919 20755 I WiVRn   : [2026-09-11 05:06:24.359] [WiVRn] [info] nxwarp[0] net: 0.025 ms per datagram over 34816 datagrams (435.84 ms of every second)
09-11 05:06:24.359 12919 20755 I WiVRn   : [2026-09-11 05:06:24.359] [WiVRn] [info] nxwarp[0] sel: stride 1, arrival 18.6 ms, dropped-late 78, withheld 0, decoded 895
09-11 05:06:24.359 12919 20755 I WiVRn   : [2026-09-11 05:06:24.359] [WiVRn] [info] nxwarp[0] rx: 315889 datagrams, placed 2661246 (+371317), late 140614 (+1347), stale_frame 0, bad_range 0, bad_dir 0, bad_caps 0, bad_ver 0, auth_fail 0, replay 0, frozen 0, dup 132
09-11 05:06:24.722 12919 20706 I PxrMetric: FPS=73/90,MTP=41.31ms,AppSW=off,FrmEarly=22,FrmLate=19,FrmCpu=0.74ms,FrmGpu=13.60ms,FrmTime=23.09ms,ATWGPU=1.59ms,VsyncDelay=3,GPU=93%/587Mhz,GPUTemp=77.1C,LayerCnt=3,Pkg=org.meumeu.wivrn.nx.warp,FrmId=1671
09-11 05:06:24.786 12919 20760 I WiVRn   : [2026-09-11 05:06:24.786] [WiVRn] [info] Tracking pattern (11110µs):
09-11 05:06:24.786 12919 20760 I WiVRn   : [2026-09-11 05:06:24.786] [WiVRn] [info] 	t+4313µs HEAD (6796µs)
09-11 05:06:24.786 12919 20760 I WiVRn   : [2026-09-11 05:06:24.786] [WiVRn] [info] 	t+4375µs LEFT_GRIP (6734µs)
09-11 05:06:24.786 12919 20760 I WiVRn   : [2026-09-11 05:06:24.786] [WiVRn] [info] 	t+4382µs RIGHT_GRIP (6727µs)
09-11 05:06:24.786 12919 20760 I WiVRn   : [2026-09-11 05:06:24.786] [WiVRn] [info] 	t+7313µs HEAD (3796µs)
09-11 05:06:24.786 12919 20760 I WiVRn   : [2026-09-11 05:06:24.786] [WiVRn] [info] 	t+7375µs LEFT_GRIP (3734µs)
09-11 05:06:24.786 12919 20760 I WiVRn   : [2026-09-11 05:06:24.786] [WiVRn] [info] 	t+7382µs RIGHT_GRIP (3727µs)
09-11 05:06:25.122 12919 20758 I WiVRn   : [2026-09-11 05:06:25.122] [WiVRn] [info] nxwarp[0]: 108 frames in 2.0 s: 258567 B/frame, wait-prev 0.0 ms, wall 16.1 ms, nxvc passA 4.9 passB 8.1 gpu 13.0 ms; holes 1, refused 0
09-11 05:06:25.122 12919 20758 I WiVRn   : [2026-09-11 05:06:25.122] [WiVRn] [info] nxwarp[0] gpu duty 697 ms/s (70% of one GPU) for decode alone; the display pass is extra
09-11 05:06:25.122 12919 20758 I WiVRn   : [2026-09-11 05:06:25.122] [WiVRn] [info] nxwarp[0] passB 8.1 ms = warp 0.0 + skip 0.0 + coded 0.0 + dir 0.0 + other 8.1; tiles skip 0 / coded 3528 / dir 0 (eye pass 0)
09-11 05:06:25.122 12919 20758 I WiVRn   : [2026-09-11 05:06:25.122] [WiVRn] [info] nxwarp[0]: 78 frames dropped late (queue kept to 1)
09-11 05:06:25.122 12919 20758 I WiVRn   : [2026-09-11 05:06:25.122] [WiVRn] [info] nxwarp[0] stage: gap 2.6 | wait-prev 0.0 | submit 1.5 (qlock 0.0 + codec 1.5) | get_free 0.0 | fence-pre 0.0 | record 0.0 | qsubmit 0.0 | fence-post 14.5 | publish 0.0 ms; withheld 0, stride 1, arrival 18.1 ms
09-11 05:06:25.122 12919 20758 I WiVRn   : [2026-09-11 05:06:25.122] [WiVRn] [info] nxwarp[0] reassembly (network thread): 0.21 ms/frame over 108 frames, buffer 253 kB held for 253 kB of unit (1.0x)
09-11 05:06:25.122 12919 20758 I WiVRn   : [2026-09-11 05:06:25.122] [WiVRn] [info] nxwarp[0] fence-post 14.5 ms = nxvc gpu 13.0 + copy gpu 0.00 + queue 1.5 (over 108 frames with timestamps)
09-11 05:06:25.160 12919 20716 I WiVRn   : [2026-09-11 05:06:25.160] [WiVRn] [info] render: 148 iterations in 2.0 s (73.9/s), 148 submitted a layer, 108 new-source, 0 skipped by the repeat gate, 0 with nothing to show; display period 13.5 ms
09-11 05:06:25.160 12919 20716 I WiVRn   : [2026-09-11 05:06:25.160] [WiVRn] [info] render: ready wait attempts 44 success 4 total 42.441 ms | selected older than available 0
09-11 05:06:25.160 12919 20716 I WiVRn   : [2026-09-11 05:06:25.160] [WiVRn] [info] render: selected source transitions forward 108 backward 0 repeat 40, greatest forward gap 1
09-11 05:06:25.160 12919 20716 I WiVRn   : [2026-09-11 05:06:25.160] [WiVRn] [info] render: this app's own GPU pass 3.4 ms per iteration
09-11 05:06:25.160 12919 20716 I WiVRn   : [2026-09-11 05:06:25.160] [WiVRn] [info] render: defoveate 2688x2688 per eye x2 = 14.45 Mpx/frame at scale 1.00 atlas-prototype 0; 40 re-presented from the cache (reduce_gpu_load on)
09-11 05:06:25.160 12919 20716 I WiVRn   : [2026-09-11 05:06:25.160] [WiVRn] [info] render: shader path sharpness 0.00 fsr false alpha false motion false blend false glow 0.00 vignette 0.00 deband 0.00 lowpoly 0.00 levels 0 full-kernel false
09-11 05:06:25.160 12919 20716 I WiVRn   : [2026-09-11 05:06:25.160] [WiVRn] [info] render: per iteration fence 3.1 (worst 14.1) | queries 0.0 | submit 0.0 | whole render() 4.0 ms
09-11 05:06:25.160 12919 20716 I WiVRn   : [2026-09-11 05:06:25.160] [WiVRn] [info] render: selection-to-defoveate CPU 0.049 ms mean (max 0.133) over 108 actual defoveate calls; not GPU/photon latency
09-11 05:06:25.160 12919 20716 I WiVRn   : [2026-09-11 05:06:25.160] [WiVRn] [info] render: jit on | wake slack 45.9 ms | slept 5.0 ms mean (max 5.0, 148 of 148 iterations) | budget 15.3 = pass 14.3 + margin 1.0 | sleep cap 5.0 ms
09-11 05:06:25.160 12919 20716 I WiVRn   : [2026-09-11 05:06:25.160] [WiVRn] [info] render: source display-time offset 77.9 ms mean (worst 96.1) over 148 frames | submit lead 36.9 ms mean (worst 22.3) | misses: 0 overrun 0 late 0 skipped refresh
09-11 05:06:25.160 12919 20716 I WiVRn   : [2026-09-11 05:06:25.160] [WiVRn] [info] render: source->first 6.7 ms | wire 8.7 | queue 2.0 | decode 16.1 | decode->selection 7.0 | selection->predicted 37.4 | sum 77.9 over 148 selected frames (0 invalid)
09-11 05:06:25.727 12919 20706 I PxrMetric: FPS=70/90,MTP=38.60ms,AppSW=off,FrmEarly=28,FrmLate=8,FrmCpu=0.73ms,FrmGpu=11.85ms,FrmTime=19.66ms,ATWGPU=1.59ms,VsyncDelay=2,GPU=99%/587Mhz,GPUTemp=77.1C,LayerCnt=3,Pkg=org.meumeu.wivrn.nx.warp,FrmId=1750
09-11 05:06:25.786 12919 20760 I WiVRn   : [2026-09-11 05:06:25.786] [WiVRn] [info] Tracking pattern (11111µs):
09-11 05:06:25.786 12919 20760 I WiVRn   : [2026-09-11 05:06:25.786] [WiVRn] [info] 	t+4392µs HEAD (6718µs)
09-11 05:06:25.786 12919 20760 I WiVRn   : [2026-09-11 05:06:25.786] [WiVRn] [info] 	t+4439µs LEFT_GRIP (6671µs)
09-11 05:06:25.786 12919 20760 I WiVRn   : [2026-09-11 05:06:25.786] [WiVRn] [info] 	t+4451µs RIGHT_GRIP (6660µs)
09-11 05:06:25.786 12919 20760 I WiVRn   : [2026-09-11 05:06:25.786] [WiVRn] [info] 	t+7392µs HEAD (3718µs)
09-11 05:06:25.786 12919 20760 I WiVRn   : [2026-09-11 05:06:25.786] [WiVRn] [info] 	t+7439µs LEFT_GRIP (3671µs)
09-11 05:06:25.786 12919 20760 I WiVRn   : [2026-09-11 05:06:25.786] [WiVRn] [info] 	t+7451µs RIGHT_GRIP (3660µs)
09-11 05:06:26.373 12919 20755 I WiVRn   : [2026-09-11 05:06:26.373] [WiVRn] [info] nxwarp[0] net: 106 frames closed in 2.0 s, 0 with a hole, 0 out-of-order datagrams, 0 frames completed late, 0 queued for the worker, 1001 decoded so far, 1112 stragglers dropped; last hole 1877/2007 chunks, first missing 1534, short false, chunk 1166 B; worker phase idle
09-11 05:06:26.373 12919 20755 I WiVRn   : [2026-09-11 05:06:26.373] [WiVRn] [info] nxwarp[0] net: 0.026 ms per datagram over 34149 datagrams (436.79 ms of every second)
09-11 05:06:26.373 12919 20755 I WiVRn   : [2026-09-11 05:06:26.373] [WiVRn] [info] nxwarp[0] sel: stride 1, arrival 19.7 ms, dropped-late 78, withheld 0, decoded 1001
09-11 05:06:26.373 12919 20755 I WiVRn   : [2026-09-11 05:06:26.373] [WiVRn] [info] nxwarp[0] rx: 350038 datagrams, placed 2893710 (+232464), late 154468 (+13854), stale_frame 0, bad_range 0, bad_dir 0, bad_caps 0, bad_ver 0, auth_fail 0, replay 0, frozen 0, dup 151
09-11 05:06:26.738 12919 20706 I PxrMetric: FPS=79/90,MTP=32.95ms,AppSW=off,FrmEarly=26,FrmLate=12,FrmCpu=0.75ms,FrmGpu=13.48ms,FrmTime=20.52ms,ATWGPU=1.59ms,VsyncDelay=2,GPU=95%/587Mhz,GPUTemp=78.3C,LayerCnt=3,Pkg=org.meumeu.wivrn.nx.warp,FrmId=1829
09-11 05:06:26.786 12919 20760 I WiVRn   : [2026-09-11 05:06:26.786] [WiVRn] [info] Tracking pattern (11112µs):
09-11 05:06:26.786 12919 20760 I WiVRn   : [2026-09-11 05:06:26.786] [WiVRn] [info] 	t+4367µs HEAD (6745µs)
09-11 05:06:26.786 12919 20760 I WiVRn   : [2026-09-11 05:06:26.786] [WiVRn] [info] 	t+4426µs LEFT_GRIP (6685µs)
09-11 05:06:26.786 12919 20760 I WiVRn   : [2026-09-11 05:06:26.786] [WiVRn] [info] 	t+4435µs RIGHT_GRIP (6677µs)
09-11 05:06:26.786 12919 20760 I WiVRn   : [2026-09-11 05:06:26.786] [WiVRn] [info] 	t+7367µs HEAD (3745µs)
09-11 05:06:26.786 12919 20760 I WiVRn   : [2026-09-11 05:06:26.786] [WiVRn] [info] 	t+7426µs LEFT_GRIP (3685µs)
09-11 05:06:26.786 12919 20760 I WiVRn   : [2026-09-11 05:06:26.786] [WiVRn] [info] 	t+7435µs RIGHT_GRIP (3677µs)
09-11 05:06:27.126 12919 20758 I WiVRn   : [2026-09-11 05:06:27.126] [WiVRn] [info] nxwarp[0]: 105 frames in 2.0 s: 283685 B/frame, wait-prev 0.0 ms, wall 16.7 ms, nxvc passA 5.3 passB 8.1 gpu 13.4 ms; holes 1, refused 0
09-11 05:06:27.126 12919 20758 I WiVRn   : [2026-09-11 05:06:27.126] [WiVRn] [info] nxwarp[0] gpu duty 700 ms/s (70% of one GPU) for decode alone; the display pass is extra
09-11 05:06:27.126 12919 20758 I WiVRn   : [2026-09-11 05:06:27.126] [WiVRn] [info] nxwarp[0] passB 8.1 ms = warp 0.0 + skip 0.0 + coded 0.0 + dir 0.0 + other 8.1; tiles skip 0 / coded 3528 / dir 0 (eye pass 0)
09-11 05:06:27.126 12919 20758 I WiVRn   : [2026-09-11 05:06:27.126] [WiVRn] [info] nxwarp[0]: 78 frames dropped late (queue kept to 1)
09-11 05:06:27.126 12919 20758 I WiVRn   : [2026-09-11 05:06:27.126] [WiVRn] [info] nxwarp[0] stage: gap 2.4 | wait-prev 0.0 | submit 1.5 (qlock 0.0 + codec 1.5) | get_free 0.0 | fence-pre 0.0 | record 0.0 | qsubmit 0.0 | fence-post 15.1 | publish 0.0 ms; withheld 0, stride 1, arrival 18.6 ms
09-11 05:06:27.126 12919 20758 I WiVRn   : [2026-09-11 05:06:27.126] [WiVRn] [info] nxwarp[0] reassembly (network thread): 0.19 ms/frame over 105 frames, buffer 277 kB held for 277 kB of unit (1.0x)
09-11 05:06:27.126 12919 20758 I WiVRn   : [2026-09-11 05:06:27.126] [WiVRn] [info] nxwarp[0] fence-post 15.1 ms = nxvc gpu 13.4 + copy gpu 0.00 + queue 1.7 (over 105 frames with timestamps)
09-11 05:06:27.183 12919 20716 I WiVRn   : [2026-09-11 05:06:27.183] [WiVRn] [info] render: 158 iterations in 2.0 s (78.5/s), 158 submitted a layer, 106 new-source, 0 skipped by the repeat gate, 0 with nothing to show; display period 12.7 ms
09-11 05:06:27.183 12919 20716 I WiVRn   : [2026-09-11 05:06:27.183] [WiVRn] [info] render: ready wait attempts 61 success 9 total 55.267 ms | selected older than available 0
09-11 05:06:27.183 12919 20716 I WiVRn   : [2026-09-11 05:06:27.183] [WiVRn] [info] render: selected source transitions forward 106 backward 0 repeat 52, greatest forward gap 1
09-11 05:06:27.183 12919 20716 I WiVRn   : [2026-09-11 05:06:27.183] [WiVRn] [info] render: this app's own GPU pass 3.1 ms per iteration
09-11 05:06:27.183 12919 20716 I WiVRn   : [2026-09-11 05:06:27.183] [WiVRn] [info] render: defoveate 2688x2688 per eye x2 = 14.45 Mpx/frame at scale 1.00 atlas-prototype 0; 52 re-presented from the cache (reduce_gpu_load on)
09-11 05:06:27.183 12919 20716 I WiVRn   : [2026-09-11 05:06:27.183] [WiVRn] [info] render: shader path sharpness 0.00 fsr false alpha false motion false blend false glow 0.00 vignette 0.00 deband 0.00 lowpoly 0.00 levels 0 full-kernel false
09-11 05:06:27.183 12919 20716 I WiVRn   : [2026-09-11 05:06:27.183] [WiVRn] [info] render: per iteration fence 2.7 (worst 13.8) | queries 0.0 | submit 0.0 | whole render() 3.6 ms
09-11 05:06:27.183 12919 20716 I WiVRn   : [2026-09-11 05:06:27.183] [WiVRn] [info] render: selection-to-defoveate CPU 0.050 ms mean (max 0.111) over 106 actual defoveate calls; not GPU/photon latency
09-11 05:06:27.183 12919 20716 I WiVRn   : [2026-09-11 05:06:27.183] [WiVRn] [info] render: jit on | wake slack 45.1 ms | slept 5.0 ms mean (max 5.0, 158 of 158 iterations) | budget 14.7 = pass 13.7 + margin 1.0 | sleep cap 5.0 ms
09-11 05:06:27.183 12919 20716 I WiVRn   : [2026-09-11 05:06:27.183] [WiVRn] [info] render: source display-time offset 78.6 ms mean (worst 96.3) over 158 frames | submit lead 36.5 ms mean (worst 24.1) | misses: 0 overrun 0 late 0 skipped refresh
09-11 05:06:27.183 12919 20716 I WiVRn   : [2026-09-11 05:06:27.183] [WiVRn] [info] render: source->first 6.9 ms | wire 9.3 | queue 2.1 | decode 16.6 | decode->selection 6.7 | selection->predicted 37.0 | sum 78.6 over 158 selected frames (0 invalid)
09-11 05:06:27.754 12919 20706 I PxrMetric: FPS=78/90,MTP=37.81ms,AppSW=off,FrmEarly=30,FrmLate=10,FrmCpu=0.81ms,FrmGpu=12.25ms,FrmTime=19.56ms,ATWGPU=1.59ms,VsyncDelay=2,GPU=99%/587Mhz,GPUTemp=77.1C,LayerCnt=3,Pkg=org.meumeu.wivrn.nx.warp,FrmId=1910
09-11 05:06:27.786 12919 20760 I WiVRn   : [2026-09-11 05:06:27.786] [WiVRn] [info] Tracking pattern (11109µs):
09-11 05:06:27.786 12919 20760 I WiVRn   : [2026-09-11 05:06:27.786] [WiVRn] [info] 	t+4333µs HEAD (6775µs)
09-11 05:06:27.786 12919 20760 I WiVRn   : [2026-09-11 05:06:27.786] [WiVRn] [info] 	t+4372µs LEFT_GRIP (6736µs)
09-11 05:06:27.786 12919 20760 I WiVRn   : [2026-09-11 05:06:27.786] [WiVRn] [info] 	t+4377µs RIGHT_GRIP (6732µs)
09-11 05:06:27.786 12919 20760 I WiVRn   : [2026-09-11 05:06:27.786] [WiVRn] [info] 	t+7333µs HEAD (3775µs)
09-11 05:06:27.786 12919 20760 I WiVRn   : [2026-09-11 05:06:27.786] [WiVRn] [info] 	t+7372µs LEFT_GRIP (3736µs)
09-11 05:06:27.786 12919 20760 I WiVRn   : [2026-09-11 05:06:27.786] [WiVRn] [info] 	t+7377µs RIGHT_GRIP (3732µs)
09-11 05:06:28.384 12919 20755 I WiVRn   : [2026-09-11 05:06:28.384] [WiVRn] [info] nxwarp[0] net: 104 frames closed in 2.0 s, 0 with a hole, 0 out-of-order datagrams, 0 frames completed late, 0 queued for the worker, 1104 decoded so far, 1230 stragglers dropped; last hole 1877/2007 chunks, first missing 1534, short false, chunk 1166 B; worker phase copy-fence-wait
09-11 05:06:28.384 12919 20755 I WiVRn   : [2026-09-11 05:06:28.384] [WiVRn] [info] nxwarp[0] net: 0.027 ms per datagram over 32111 datagrams (437.36 ms of every second)
09-11 05:06:28.384 12919 20755 I WiVRn   : [2026-09-11 05:06:28.384] [WiVRn] [info] nxwarp[0] sel: stride 1, arrival 20.1 ms, dropped-late 78, withheld 0, decoded 1104
09-11 05:06:28.384 12919 20755 I WiVRn   : [2026-09-11 05:06:28.384] [WiVRn] [info] nxwarp[0] rx: 382149 datagrams, placed 2926980 (+33270), late 176772 (+22304), stale_frame 0, bad_range 0, bad_dir 0, bad_caps 0, bad_ver 0, auth_fail 0, replay 0, frozen 0, dup 158
09-11 05:06:28.757 12919 20706 I PxrMetric: FPS=80/90,MTP=40.97ms,AppSW=off,FrmEarly=25,FrmLate=12,FrmCpu=0.80ms,FrmGpu=13.58ms,FrmTime=21.24ms,ATWGPU=1.59ms,VsyncDelay=3,GPU=99%/587Mhz,GPUTemp=77.5C,LayerCnt=3,Pkg=org.meumeu.wivrn.nx.warp,FrmId=1987
09-11 05:06:28.786 12919 20760 I WiVRn   : [2026-09-11 05:06:28.786] [WiVRn] [info] Tracking pattern (11111µs):
09-11 05:06:28.786 12919 20760 I WiVRn   : [2026-09-11 05:06:28.786] [WiVRn] [info] 	t+4633µs HEAD (6478µs)
09-11 05:06:28.786 12919 20760 I WiVRn   : [2026-09-11 05:06:28.786] [WiVRn] [info] 	t+4720µs LEFT_GRIP (6391µs)
09-11 05:06:28.786 12919 20760 I WiVRn   : [2026-09-11 05:06:28.786] [WiVRn] [info] 	t+4728µs RIGHT_GRIP (6383µs)
09-11 05:06:28.786 12919 20760 I WiVRn   : [2026-09-11 05:06:28.786] [WiVRn] [info] 	t+7633µs HEAD (3478µs)
09-11 05:06:28.786 12919 20760 I WiVRn   : [2026-09-11 05:06:28.786] [WiVRn] [info] 	t+7720µs LEFT_GRIP (3391µs)
09-11 05:06:28.786 12919 20760 I WiVRn   : [2026-09-11 05:06:28.786] [WiVRn] [info] 	t+7728µs RIGHT_GRIP (3383µs)
09-11 05:06:29.126 12919 20758 I WiVRn   : [2026-09-11 05:06:29.126] [WiVRn] [info] nxwarp[0]: 103 frames in 2.0 s: 301935 B/frame, wait-prev 0.0 ms, wall 16.6 ms, nxvc passA 5.6 passB 8.2 gpu 13.8 ms; holes 1, refused 0
09-11 05:06:29.126 12919 20758 I WiVRn   : [2026-09-11 05:06:29.126] [WiVRn] [info] nxwarp[0] gpu duty 709 ms/s (71% of one GPU) for decode alone; the display pass is extra
09-11 05:06:29.126 12919 20758 I WiVRn   : [2026-09-11 05:06:29.126] [WiVRn] [info] nxwarp[0] passB 8.2 ms = warp 0.0 + skip 0.0 + coded 0.0 + dir 0.0 + other 8.2; tiles skip 0 / coded 3528 / dir 0 (eye pass 0)
09-11 05:06:29.126 12919 20758 I WiVRn   : [2026-09-11 05:06:29.126] [WiVRn] [info] nxwarp[0]: 78 frames dropped late (queue kept to 1)
09-11 05:06:29.126 12919 20758 I WiVRn   : [2026-09-11 05:06:29.126] [WiVRn] [info] nxwarp[0] stage: gap 2.8 | wait-prev 0.0 | submit 1.5 (qlock 0.0 + codec 1.5) | get_free 0.0 | fence-pre 0.0 | record 0.0 | qsubmit 0.0 | fence-post 15.0 | publish 0.0 ms; withheld 0, stride 1, arrival 18.9 ms
09-11 05:06:29.126 12919 20758 I WiVRn   : [2026-09-11 05:06:29.126] [WiVRn] [info] nxwarp[0] reassembly (network thread): 0.16 ms/frame over 102 frames, buffer 295 kB held for 295 kB of unit (1.0x)
09-11 05:06:29.126 12919 20758 I WiVRn   : [2026-09-11 05:06:29.126] [WiVRn] [info] nxwarp[0] fence-post 15.0 ms = nxvc gpu 13.8 + copy gpu 0.00 + queue 1.2 (over 103 frames with timestamps)
09-11 05:06:29.182 12919 20716 I WiVRn   : [2026-09-11 05:06:29.181] [WiVRn] [info] render: 155 iterations in 2.0 s (77.1/s), 155 submitted a layer, 102 new-source, 0 skipped by the repeat gate, 0 with nothing to show; display period 13.0 ms
09-11 05:06:29.182 12919 20716 I WiVRn   : [2026-09-11 05:06:29.182] [WiVRn] [info] render: ready wait attempts 65 success 12 total 56.729 ms | selected older than available 0
09-11 05:06:29.182 12919 20716 I WiVRn   : [2026-09-11 05:06:29.182] [WiVRn] [info] render: selected source transitions forward 102 backward 0 repeat 53, greatest forward gap 1
09-11 05:06:29.182 12919 20716 I WiVRn   : [2026-09-11 05:06:29.182] [WiVRn] [info] render: this app's own GPU pass 3.0 ms per iteration
09-11 05:06:29.182 12919 20716 I WiVRn   : [2026-09-11 05:06:29.182] [WiVRn] [info] render: defoveate 2688x2688 per eye x2 = 14.45 Mpx/frame at scale 1.00 atlas-prototype 0; 53 re-presented from the cache (reduce_gpu_load on)
09-11 05:06:29.182 12919 20716 I WiVRn   : [2026-09-11 05:06:29.182] [WiVRn] [info] render: shader path sharpness 0.00 fsr false alpha false motion false blend false glow 0.00 vignette 0.00 deband 0.00 lowpoly 0.00 levels 0 full-kernel false
09-11 05:06:29.182 12919 20716 I WiVRn   : [2026-09-11 05:06:29.182] [WiVRn] [info] render: per iteration fence 2.5 (worst 13.5) | queries 0.0 | submit 0.0 | whole render() 3.5 ms
09-11 05:06:29.182 12919 20716 I WiVRn   : [2026-09-11 05:06:29.182] [WiVRn] [info] render: selection-to-defoveate CPU 0.049 ms mean (max 0.092) over 102 actual defoveate calls; not GPU/photon latency
09-11 05:06:29.182 12919 20716 I WiVRn   : [2026-09-11 05:06:29.182] [WiVRn] [info] render: jit on | wake slack 44.3 ms | slept 5.0 ms mean (max 5.0, 155 of 155 iterations) | budget 14.4 = pass 13.4 + margin 1.0 | sleep cap 5.0 ms
09-11 05:06:29.182 12919 20716 I WiVRn   : [2026-09-11 05:06:29.182] [WiVRn] [info] render: source display-time offset 77.3 ms mean (worst 96.4) over 155 frames | submit lead 35.7 ms mean (worst 23.7) | misses: 0 overrun 0 late 0 skipped refresh
09-11 05:06:29.182 12919 20716 I WiVRn   : [2026-09-11 05:06:29.182] [WiVRn] [info] render: source->first 6.8 ms | wire 9.3 | queue 1.4 | decode 16.7 | decode->selection 6.8 | selection->predicted 36.3 | sum 77.3 over 155 selected frames (0 invalid)
09-11 05:06:29.772 12919 20706 I PxrMetric: FPS=77/90,MTP=20.22ms,AppSW=off,FrmEarly=29,FrmLate=15,FrmCpu=0.77ms,FrmGpu=13.91ms,FrmTime=24.03ms,ATWGPU=1.60ms,VsyncDelay=2,GPU=84%/587Mhz,GPUTemp=79.9C,LayerCnt=3,Pkg=org.meumeu.wivrn.nx.warp,FrmId=2064
09-11 05:06:29.786 12919 20760 I WiVRn   : [2026-09-11 05:06:29.786] [WiVRn] [info] Tracking pattern (11112µs):
09-11 05:06:29.786 12919 20760 I WiVRn   : [2026-09-11 05:06:29.786] [WiVRn] [info] 	t+4378µs HEAD (6733µs)
09-11 05:06:29.786 12919 20760 I WiVRn   : [2026-09-11 05:06:29.786] [WiVRn] [info] 	t+4438µs LEFT_GRIP (6673µs)
09-11 05:06:29.786 12919 20760 I WiVRn   : [2026-09-11 05:06:29.786] [WiVRn] [info] 	t+4446µs RIGHT_GRIP (6665µs)
09-11 05:06:29.786 12919 20760 I WiVRn   : [2026-09-11 05:06:29.786] [WiVRn] [info] 	t+7378µs HEAD (3733µs)
09-11 05:06:29.786 12919 20760 I WiVRn   : [2026-09-11 05:06:29.786] [WiVRn] [info] 	t+7438µs LEFT_GRIP (3673µs)
09-11 05:06:29.786 12919 20760 I WiVRn   : [2026-09-11 05:06:29.786] [WiVRn] [info] 	t+7446µs RIGHT_GRIP (3665µs)
09-11 05:06:30.396 12919 20755 I WiVRn   : [2026-09-11 05:06:30.396] [WiVRn] [info] nxwarp[0] net: 103 frames closed in 2.0 s, 0 with a hole, 0 out-of-order datagrams, 0 frames completed late, 0 queued for the worker, 1208 decoded so far, 1353 stragglers dropped; last hole 1877/2007 chunks, first missing 1534, short false, chunk 1166 B; worker phase idle
09-11 05:06:30.396 12919 20755 I WiVRn   : [2026-09-11 05:06:30.396] [WiVRn] [info] nxwarp[0] net: 0.027 ms per datagram over 33173 datagrams (442.80 ms of every second)
09-11 05:06:30.396 12919 20755 I WiVRn   : [2026-09-11 05:06:30.396] [WiVRn] [info] nxwarp[0] sel: stride 1, arrival 18.8 ms, dropped-late 78, withheld 0, decoded 1208
09-11 05:06:30.396 12919 20755 I WiVRn   : [2026-09-11 05:06:30.396] [WiVRn] [info] nxwarp[0] rx: 415322 datagrams, placed 2996268 (+69288), late 199434 (+22662), stale_frame 0, bad_range 0, bad_dir 0, bad_caps 0, bad_ver 0, auth_fail 0, replay 0, frozen 0, dup 169
09-11 05:06:30.785 12919 20706 I PxrMetric: FPS=76/90,MTP=36.57ms,AppSW=off,FrmEarly=30,FrmLate=8,FrmCpu=0.79ms,FrmGpu=11.22ms,FrmTime=18.22ms,ATWGPU=1.59ms,VsyncDelay=2,GPU=94%/587Mhz,GPUTemp=79.5C,LayerCnt=3,Pkg=org.meumeu.wivrn.nx.warp,FrmId=2139
09-11 05:06:30.786 12919 20760 I WiVRn   : [2026-09-11 05:06:30.786] [WiVRn] [info] Tracking pattern (11111µs):
09-11 05:06:30.786 12919 20760 I WiVRn   : [2026-09-11 05:06:30.786] [WiVRn] [info] 	t+4153µs HEAD (6958µs)
09-11 05:06:30.786 12919 20760 I WiVRn   : [2026-09-11 05:06:30.786] [WiVRn] [info] 	t+4194µs LEFT_GRIP (6916µs)
09-11 05:06:30.786 12919 20760 I WiVRn   : [2026-09-11 05:06:30.786] [WiVRn] [info] 	t+4202µs RIGHT_GRIP (6909µs)
09-11 05:06:30.786 12919 20760 I WiVRn   : [2026-09-11 05:06:30.786] [WiVRn] [info] 	t+7153µs HEAD (3958µs)
09-11 05:06:30.786 12919 20760 I WiVRn   : [2026-09-11 05:06:30.786] [WiVRn] [info] 	t+7194µs LEFT_GRIP (3916µs)
09-11 05:06:30.786 12919 20760 I WiVRn   : [2026-09-11 05:06:30.786] [WiVRn] [info] 	t+7202µs RIGHT_GRIP (3909µs)
09-11 05:06:31.132 12919 20758 I WiVRn   : [2026-09-11 05:06:31.132] [WiVRn] [info] nxwarp[0]: 103 frames in 2.0 s: 299736 B/frame, wait-prev 0.0 ms, wall 16.7 ms, nxvc passA 5.4 passB 8.2 gpu 13.6 ms; holes 1, refused 0
09-11 05:06:31.132 12919 20758 I WiVRn   : [2026-09-11 05:06:31.132] [WiVRn] [info] nxwarp[0] gpu duty 699 ms/s (70% of one GPU) for decode alone; the display pass is extra
09-11 05:06:31.132 12919 20758 I WiVRn   : [2026-09-11 05:06:31.132] [WiVRn] [info] nxwarp[0] passB 8.2 ms = warp 0.0 + skip 0.0 + coded 0.0 + dir 0.0 + other 8.2; tiles skip 0 / coded 3528 / dir 0 (eye pass 0)
09-11 05:06:31.132 12919 20758 I WiVRn   : [2026-09-11 05:06:31.132] [WiVRn] [info] nxwarp[0]: 78 frames dropped late (queue kept to 1)
09-11 05:06:31.132 12919 20758 I WiVRn   : [2026-09-11 05:06:31.132] [WiVRn] [info] nxwarp[0] stage: gap 2.7 | wait-prev 0.0 | submit 1.5 (qlock 0.0 + codec 1.5) | get_free 0.0 | fence-pre 0.0 | record 0.0 | qsubmit 0.0 | fence-post 15.2 | publish 0.0 ms; withheld 0, stride 1, arrival 19.3 ms
09-11 05:06:31.132 12919 20758 I WiVRn   : [2026-09-11 05:06:31.132] [WiVRn] [info] nxwarp[0] reassembly (network thread): 0.19 ms/frame over 103 frames, buffer 293 kB held for 293 kB of unit (1.0x)
09-11 05:06:31.132 12919 20758 I WiVRn   : [2026-09-11 05:06:31.132] [WiVRn] [info] nxwarp[0] fence-post 15.2 ms = nxvc gpu 13.6 + copy gpu 0.00 + queue 1.6 (over 103 frames with timestamps)
09-11 05:06:31.183 12919 20716 I WiVRn   : [2026-09-11 05:06:31.183] [WiVRn] [info] render: 153 iterations in 2.0 s (76.4/s), 153 submitted a layer, 103 new-source, 0 skipped by the repeat gate, 0 with nothing to show; display period 13.1 ms
09-11 05:06:31.183 12919 20716 I WiVRn   : [2026-09-11 05:06:31.183] [WiVRn] [info] render: ready wait attempts 63 success 13 total 53.308 ms | selected older than available 0
09-11 05:06:31.183 12919 20716 I WiVRn   : [2026-09-11 05:06:31.183] [WiVRn] [info] render: selected source transitions forward 103 backward 0 repeat 50, greatest forward gap 1
09-11 05:06:31.183 12919 20716 I WiVRn   : [2026-09-11 05:06:31.183] [WiVRn] [info] render: this app's own GPU pass 3.1 ms per iteration
09-11 05:06:31.183 12919 20716 I WiVRn   : [2026-09-11 05:06:31.183] [WiVRn] [info] render: defoveate 2688x2688 per eye x2 = 14.45 Mpx/frame at scale 1.00 atlas-prototype 0; 50 re-presented from the cache (reduce_gpu_load on)
09-11 05:06:31.183 12919 20716 I WiVRn   : [2026-09-11 05:06:31.183] [WiVRn] [info] render: shader path sharpness 0.00 fsr false alpha false motion false blend false glow 0.00 vignette 0.00 deband 0.00 lowpoly 0.00 levels 0 full-kernel false
09-11 05:06:31.183 12919 20716 I WiVRn   : [2026-09-11 05:06:31.183] [WiVRn] [info] render: per iteration fence 2.8 (worst 13.7) | queries 0.0 | submit 0.0 | whole render() 3.8 ms
09-11 05:06:31.183 12919 20716 I WiVRn   : [2026-09-11 05:06:31.183] [WiVRn] [info] render: selection-to-defoveate CPU 0.051 ms mean (max 0.117) over 103 actual defoveate calls; not GPU/photon latency
09-11 05:06:31.183 12919 20716 I WiVRn   : [2026-09-11 05:06:31.183] [WiVRn] [info] render: jit on | wake slack 45.4 ms | slept 5.0 ms mean (max 5.0, 153 of 153 iterations) | budget 15.0 = pass 14.0 + margin 1.0 | sleep cap 5.0 ms
09-11 05:06:31.183 12919 20716 I WiVRn   : [2026-09-11 05:06:31.183] [WiVRn] [info] render: source display-time offset 79.6 ms mean (worst 96.5) over 153 frames | submit lead 36.6 ms mean (worst 20.1) | misses: 0 overrun 0 late 0 skipped refresh
09-11 05:06:31.183 12919 20716 I WiVRn   : [2026-09-11 05:06:31.183] [WiVRn] [info] render: source->first 7.4 ms | wire 9.7 | queue 1.6 | decode 16.8 | decode->selection 7.0 | selection->predicted 37.2 | sum 79.6 over 153 selected frames (0 invalid)
09-11 05:06:31.786 12919 20760 I WiVRn   : [2026-09-11 05:06:31.786] [WiVRn] [info] Tracking pattern (11110µs):
09-11 05:06:31.786 12919 20760 I WiVRn   : [2026-09-11 05:06:31.786] [WiVRn] [info] 	t+4414µs HEAD (6696µs)
09-11 05:06:31.786 12919 20760 I WiVRn   : [2026-09-11 05:06:31.786] [WiVRn] [info] 	t+4456µs LEFT_GRIP (6653µs)
09-11 05:06:31.786 12919 20760 I WiVRn   : [2026-09-11 05:06:31.786] [WiVRn] [info] 	t+4465µs RIGHT_GRIP (6644µs)
09-11 05:06:31.786 12919 20760 I WiVRn   : [2026-09-11 05:06:31.786] [WiVRn] [info] 	t+7414µs HEAD (3696µs)
09-11 05:06:31.786 12919 20760 I WiVRn   : [2026-09-11 05:06:31.786] [WiVRn] [info] 	t+7456µs LEFT_GRIP (3653µs)
09-11 05:06:31.786 12919 20760 I WiVRn   : [2026-09-11 05:06:31.786] [WiVRn] [info] 	t+7465µs RIGHT_GRIP (3644µs)
09-11 05:06:31.797 12919 20706 I PxrMetric: FPS=74/90,MTP=39.98ms,AppSW=off,FrmEarly=30,FrmLate=12,FrmCpu=0.87ms,FrmGpu=10.54ms,FrmTime=17.03ms,ATWGPU=1.61ms,VsyncDelay=2,GPU=95%/587Mhz,GPUTemp=77.9C,LayerCnt=3,Pkg=org.meumeu.wivrn.nx.warp,FrmId=2221
09-11 05:06:32.419 12919 20755 I WiVRn   : [2026-09-11 05:06:32.419] [WiVRn] [info] nxwarp[0] net: 104 frames closed in 2.0 s, 0 with a hole, 0 out-of-order datagrams, 0 frames completed late, 0 queued for the worker, 1312 decoded so far, 1459 stragglers dropped; last hole 1877/2007 chunks, first missing 1534, short false, chunk 1166 B; worker phase idle
09-11 05:06:32.419 12919 20755 I WiVRn   : [2026-09-11 05:06:32.419] [WiVRn] [info] nxwarp[0] net: 0.025 ms per datagram over 37369 datagrams (456.91 ms of every second)
09-11 05:06:32.419 12919 20755 I WiVRn   : [2026-09-11 05:06:32.419] [WiVRn] [info] nxwarp[0] sel: stride 1, arrival 18.3 ms, dropped-late 78, withheld 0, decoded 1312
09-11 05:06:32.419 12919 20755 I WiVRn   : [2026-09-11 05:06:32.419] [WiVRn] [info] nxwarp[0] rx: 452691 datagrams, placed 3274677 (+278409), late 218477 (+19043), stale_frame 0, bad_range 0, bad_dir 0, bad_caps 0, bad_ver 0, auth_fail 0, replay 0, frozen 0, dup 187
09-11 05:06:32.786 12919 20760 I WiVRn   : [2026-09-11 05:06:32.786] [WiVRn] [info] Tracking pattern (11111µs):
09-11 05:06:32.786 12919 20760 I WiVRn   : [2026-09-11 05:06:32.786] [WiVRn] [info] 	t+4316µs HEAD (6795µs)
09-11 05:06:32.786 12919 20760 I WiVRn   : [2026-09-11 05:06:32.786] [WiVRn] [info] 	t+4405µs LEFT_GRIP (6706µs)
09-11 05:06:32.786 12919 20760 I WiVRn   : [2026-09-11 05:06:32.786] [WiVRn] [info] 	t+4414µs RIGHT_GRIP (6696µs)
09-11 05:06:32.786 12919 20760 I WiVRn   : [2026-09-11 05:06:32.786] [WiVRn] [info] 	t+7316µs HEAD (3795µs)
09-11 05:06:32.786 12919 20760 I WiVRn   : [2026-09-11 05:06:32.786] [WiVRn] [info] 	t+7405µs LEFT_GRIP (3706µs)
09-11 05:06:32.786 12919 20760 I WiVRn   : [2026-09-11 05:06:32.786] [WiVRn] [info] 	t+7414µs RIGHT_GRIP (3696µs)
09-11 05:06:32.802 12919 20706 I PxrMetric: FPS=81/90,MTP=37.46ms,AppSW=off,FrmEarly=28,FrmLate=9,FrmCpu=0.77ms,FrmGpu=12.97ms,FrmTime=20.39ms,ATWGPU=1.60ms,VsyncDelay=2,GPU=99%/587Mhz,GPUTemp=77.5C,LayerCnt=3,Pkg=org.meumeu.wivrn.nx.warp,FrmId=2300
09-11 05:06:33.145 12919 20758 I WiVRn   : [2026-09-11 05:06:33.144] [WiVRn] [info] nxwarp[0]: 104 frames in 2.0 s: 286178 B/frame, wait-prev 0.0 ms, wall 16.8 ms, nxvc passA 5.4 passB 8.2 gpu 13.5 ms; holes 1, refused 0
09-11 05:06:33.145 12919 20758 I WiVRn   : [2026-09-11 05:06:33.145] [WiVRn] [info] nxwarp[0] gpu duty 698 ms/s (70% of one GPU) for decode alone; the display pass is extra
09-11 05:06:33.145 12919 20758 I WiVRn   : [2026-09-11 05:06:33.145] [WiVRn] [info] nxwarp[0] passB 8.2 ms = warp 0.0 + skip 0.0 + coded 0.0 + dir 0.0 + other 8.2; tiles skip 0 / coded 3528 / dir 0 (eye pass 0)
09-11 05:06:33.145 12919 20758 I WiVRn   : [2026-09-11 05:06:33.145] [WiVRn] [info] nxwarp[0]: 78 frames dropped late (queue kept to 1)
09-11 05:06:33.145 12919 20758 I WiVRn   : [2026-09-11 05:06:33.145] [WiVRn] [info] nxwarp[0] stage: gap 2.6 | wait-prev 0.0 | submit 1.5 (qlock 0.0 + codec 1.5) | get_free 0.0 | fence-pre 0.0 | record 0.0 | qsubmit 0.0 | fence-post 15.2 | publish 0.0 ms; withheld 0, stride 1, arrival 18.0 ms
09-11 05:06:33.145 12919 20758 I WiVRn   : [2026-09-11 05:06:33.145] [WiVRn] [info] nxwarp[0] reassembly (network thread): 0.21 ms/frame over 105 frames, buffer 279 kB held for 279 kB of unit (1.0x)
09-11 05:06:33.145 12919 20758 I WiVRn   : [2026-09-11 05:06:33.145] [WiVRn] [info] nxwarp[0] fence-post 15.2 ms = nxvc gpu 13.5 + copy gpu 0.00 + queue 1.7 (over 104 frames with timestamps)
09-11 05:06:33.194 12919 20716 I WiVRn   : [2026-09-11 05:06:33.194] [WiVRn] [info] render: 154 iterations in 2.0 s (76.6/s), 154 submitted a layer, 104 new-source, 0 skipped by the repeat gate, 0 with nothing to show; display period 13.1 ms
09-11 05:06:33.194 12919 20716 I WiVRn   : [2026-09-11 05:06:33.194] [WiVRn] [info] render: ready wait attempts 63 success 13 total 53.271 ms | selected older than available 0
09-11 05:06:33.194 12919 20716 I WiVRn   : [2026-09-11 05:06:33.194] [WiVRn] [info] render: selected source transitions forward 104 backward 0 repeat 50, greatest forward gap 1
09-11 05:06:33.194 12919 20716 I WiVRn   : [2026-09-11 05:06:33.194] [WiVRn] [info] render: this app's own GPU pass 3.1 ms per iteration
09-11 05:06:33.194 12919 20716 I WiVRn   : [2026-09-11 05:06:33.194] [WiVRn] [info] render: defoveate 2688x2688 per eye x2 = 14.45 Mpx/frame at scale 1.00 atlas-prototype 0; 50 re-presented from the cache (reduce_gpu_load on)
09-11 05:06:33.194 12919 20716 I WiVRn   : [2026-09-11 05:06:33.194] [WiVRn] [info] render: shader path sharpness 0.00 fsr false alpha false motion false blend false glow 0.00 vignette 0.00 deband 0.00 lowpoly 0.00 levels 0 full-kernel false
09-11 05:06:33.194 12919 20716 I WiVRn   : [2026-09-11 05:06:33.194] [WiVRn] [info] render: per iteration fence 2.7 (worst 14.4) | queries 0.0 | submit 0.0 | whole render() 3.6 ms
09-11 05:06:33.194 12919 20716 I WiVRn   : [2026-09-11 05:06:33.194] [WiVRn] [info] render: selection-to-defoveate CPU 0.051 ms mean (max 0.100) over 104 actual defoveate calls; not GPU/photon latency
09-11 05:06:33.194 12919 20716 I WiVRn   : [2026-09-11 05:06:33.194] [WiVRn] [info] render: jit on | wake slack 44.5 ms | slept 5.0 ms mean (max 5.0, 154 of 154 iterations) | budget 15.2 = pass 14.2 + margin 1.0 | sleep cap 5.0 ms
09-11 05:06:33.194 12919 20716 I WiVRn   : [2026-09-11 05:06:33.194] [WiVRn] [info] render: source display-time offset 78.8 ms mean (worst 96.6) over 154 frames | submit lead 35.8 ms mean (worst 21.6) | misses: 0 overrun 0 late 0 skipped refresh
09-11 05:06:33.194 12919 20716 I WiVRn   : [2026-09-11 05:06:33.194] [WiVRn] [info] render: source->first 7.1 ms | wire 9.6 | queue 1.8 | decode 16.9 | decode->selection 6.9 | selection->predicted 36.4 | sum 78.8 over 154 selected frames (0 invalid)
09-11 05:06:33.786 12919 20760 I WiVRn   : [2026-09-11 05:06:33.786] [WiVRn] [info] Tracking pattern (11112µs):
09-11 05:06:33.786 12919 20760 I WiVRn   : [2026-09-11 05:06:33.786] [WiVRn] [info] 	t+4241µs HEAD (6870µs)
09-11 05:06:33.786 12919 20760 I WiVRn   : [2026-09-11 05:06:33.786] [WiVRn] [info] 	t+4284µs LEFT_GRIP (6827µs)
09-11 05:06:33.786 12919 20760 I WiVRn   : [2026-09-11 05:06:33.786] [WiVRn] [info] 	t+4292µs RIGHT_GRIP (6819µs)
09-11 05:06:33.786 12919 20760 I WiVRn   : [2026-09-11 05:06:33.786] [WiVRn] [info] 	t+7241µs HEAD (3870µs)
09-11 05:06:33.786 12919 20760 I WiVRn   : [2026-09-11 05:06:33.786] [WiVRn] [info] 	t+7284µs LEFT_GRIP (3827µs)
09-11 05:06:33.786 12919 20760 I WiVRn   : [2026-09-11 05:06:33.786] [WiVRn] [info] 	t+7292µs RIGHT_GRIP (3819µs)
09-11 05:06:33.804 12919 20706 I PxrMetric: FPS=79/90,MTP=38.27ms,AppSW=off,FrmEarly=27,FrmLate=14,FrmCpu=0.80ms,FrmGpu=13.58ms,FrmTime=24.53ms,ATWGPU=1.60ms,VsyncDelay=2,GPU=85%/587Mhz,GPUTemp=78.3C,LayerCnt=3,Pkg=org.meumeu.wivrn.nx.warp,FrmId=2375
09-11 05:06:34.437 12919 20755 I WiVRn   : [2026-09-11 05:06:34.437] [WiVRn] [info] nxwarp[0] net: 105 frames closed in 2.0 s, 0 with a hole, 0 out-of-order datagrams, 0 frames completed late, 0 queued for the worker, 1417 decoded so far, 1576 stragglers dropped; last hole 1877/2007 chunks, first missing 1534, short false, chunk 1166 B; worker phase idle
09-11 05:06:34.437 12919 20755 I WiVRn   : [2026-09-11 05:06:34.437] [WiVRn] [info] nxwarp[0] net: 0.025 ms per datagram over 35526 datagrams (442.92 ms of every second)
09-11 05:06:34.437 12919 20755 I WiVRn   : [2026-09-11 05:06:34.437] [WiVRn] [info] nxwarp[0] sel: stride 1, arrival 18.3 ms, dropped-late 78, withheld 0, decoded 1417
09-11 05:06:34.437 12919 20755 I WiVRn   : [2026-09-11 05:06:34.437] [WiVRn] [info] nxwarp[0] rx: 488217 datagrams, placed 3530061 (+255384), late 241389 (+22912), stale_frame 0, bad_range 0, bad_dir 0, bad_caps 0, bad_ver 0, auth_fail 0, replay 0, frozen 0, dup 203
09-11 05:06:34.786 12919 20760 I WiVRn   : [2026-09-11 05:06:34.786] [WiVRn] [info] Tracking pattern (11111µs):
09-11 05:06:34.786 12919 20760 I WiVRn   : [2026-09-11 05:06:34.786] [WiVRn] [info] 	t+3730µs HEAD (7381µs)
09-11 05:06:34.786 12919 20760 I WiVRn   : [2026-09-11 05:06:34.786] [WiVRn] [info] 	t+3769µs LEFT_GRIP (7342µs)
09-11 05:06:34.786 12919 20760 I WiVRn   : [2026-09-11 05:06:34.786] [WiVRn] [info] 	t+3777µs RIGHT_GRIP (7334µs)
09-11 05:06:34.786 12919 20760 I WiVRn   : [2026-09-11 05:06:34.786] [WiVRn] [info] 	t+6730µs HEAD (4381µs)
09-11 05:06:34.786 12919 20760 I WiVRn   : [2026-09-11 05:06:34.786] [WiVRn] [info] 	t+6769µs LEFT_GRIP (4342µs)
09-11 05:06:34.786 12919 20760 I WiVRn   : [2026-09-11 05:06:34.786] [WiVRn] [info] 	t+6777µs RIGHT_GRIP (4334µs)
09-11 05:06:34.811 12919 20706 I PxrMetric: FPS=75/90,MTP=24.95ms,AppSW=off,FrmEarly=31,FrmLate=12,FrmCpu=0.70ms,FrmGpu=14.30ms,FrmTime=26.56ms,ATWGPU=1.60ms,VsyncDelay=2,GPU=99%/587Mhz,GPUTemp=77.5C,LayerCnt=3,Pkg=org.meumeu.wivrn.nx.warp,FrmId=2448
09-11 05:06:35.165 12919 20758 I WiVRn   : [2026-09-11 05:06:35.165] [WiVRn] [info] nxwarp[0]: 105 frames in 2.0 s: 279590 B/frame, wait-prev 0.0 ms, wall 16.6 ms, nxvc passA 5.1 passB 8.2 gpu 13.2 ms; holes 1, refused 0
09-11 05:06:35.165 12919 20758 I WiVRn   : [2026-09-11 05:06:35.165] [WiVRn] [info] nxwarp[0] gpu duty 688 ms/s (69% of one GPU) for decode alone; the display pass is extra
09-11 05:06:35.165 12919 20758 I WiVRn   : [2026-09-11 05:06:35.165] [WiVRn] [info] nxwarp[0] passB 8.2 ms = warp 0.0 + skip 0.0 + coded 0.0 + dir 0.0 + other 8.2; tiles skip 0 / coded 3528 / dir 0 (eye pass 0)
09-11 05:06:35.165 12919 20758 I WiVRn   : [2026-09-11 05:06:35.165] [WiVRn] [info] nxwarp[0]: 78 frames dropped late (queue kept to 1)
09-11 05:06:35.165 12919 20758 I WiVRn   : [2026-09-11 05:06:35.165] [WiVRn] [info] nxwarp[0] stage: gap 2.7 | wait-prev 0.0 | submit 1.5 (qlock 0.0 + codec 1.5) | get_free 0.0 | fence-pre 0.0 | record 0.0 | qsubmit 0.0 | fence-post 15.0 | publish 0.0 ms; withheld 0, stride 1, arrival 18.5 ms
09-11 05:06:35.165 12919 20758 I WiVRn   : [2026-09-11 05:06:35.165] [WiVRn] [info] nxwarp[0] reassembly (network thread): 0.20 ms/frame over 105 frames, buffer 273 kB held for 273 kB of unit (1.0x)
09-11 05:06:35.165 12919 20758 I WiVRn   : [2026-09-11 05:06:35.165] [WiVRn] [info] nxwarp[0] fence-post 15.0 ms = nxvc gpu 13.2 + copy gpu 0.00 + queue 1.7 (over 105 frames with timestamps)
09-11 05:06:35.205 12919 20716 I WiVRn   : [2026-09-11 05:06:35.205] [WiVRn] [info] render: 149 iterations in 2.0 s (74.1/s), 149 submitted a layer, 105 new-source, 0 skipped by the repeat gate, 0 with nothing to show; display period 13.5 ms
09-11 05:06:35.205 12919 20716 I WiVRn   : [2026-09-11 05:06:35.205] [WiVRn] [info] render: ready wait attempts 50 success 6 total 46.790 ms | selected older than available 0
09-11 05:06:35.205 12919 20716 I WiVRn   : [2026-09-11 05:06:35.205] [WiVRn] [info] render: selected source transitions forward 105 backward 0 repeat 44, greatest forward gap 1
09-11 05:06:35.205 12919 20716 I WiVRn   : [2026-09-11 05:06:35.205] [WiVRn] [info] render: this app's own GPU pass 3.2 ms per iteration
09-11 05:06:35.205 12919 20716 I WiVRn   : [2026-09-11 05:06:35.205] [WiVRn] [info] render: defoveate 2688x2688 per eye x2 = 14.45 Mpx/frame at scale 1.00 atlas-prototype 0; 44 re-presented from the cache (reduce_gpu_load on)
09-11 05:06:35.205 12919 20716 I WiVRn   : [2026-09-11 05:06:35.205] [WiVRn] [info] render: shader path sharpness 0.00 fsr false alpha false motion false blend false glow 0.00 vignette 0.00 deband 0.00 lowpoly 0.00 levels 0 full-kernel false
09-11 05:06:35.205 12919 20716 I WiVRn   : [2026-09-11 05:06:35.205] [WiVRn] [info] render: per iteration fence 2.9 (worst 13.5) | queries 0.0 | submit 0.0 | whole render() 3.8 ms
09-11 05:06:35.205 12919 20716 I WiVRn   : [2026-09-11 05:06:35.205] [WiVRn] [info] render: selection-to-defoveate CPU 0.049 ms mean (max 0.100) over 105 actual defoveate calls; not GPU/photon latency
09-11 05:06:35.205 12919 20716 I WiVRn   : [2026-09-11 05:06:35.205] [WiVRn] [info] render: jit on | wake slack 46.5 ms | slept 5.0 ms mean (max 5.0, 149 of 149 iterations) | budget 14.8 = pass 13.8 + margin 1.0 | sleep cap 5.0 ms
09-11 05:06:35.205 12919 20716 I WiVRn   : [2026-09-11 05:06:35.205] [WiVRn] [info] render: source display-time offset 80.0 ms mean (worst 96.6) over 149 frames | submit lead 37.7 ms mean (worst 21.7) | misses: 0 overrun 0 late 0 skipped refresh
09-11 05:06:35.205 12919 20716 I WiVRn   : [2026-09-11 05:06:35.205] [WiVRn] [info] render: source->first 7.1 ms | wire 9.4 | queue 1.7 | decode 16.4 | decode->selection 7.2 | selection->predicted 38.2 | sum 80.0 over 149 selected frames (0 invalid)
09-11 05:06:35.786 12919 20760 I WiVRn   : [2026-09-11 05:06:35.786] [WiVRn] [info] Tracking pattern (11110µs):
09-11 05:06:35.786 12919 20760 I WiVRn   : [2026-09-11 05:06:35.786] [WiVRn] [info] 	t+4328µs HEAD (6782µs)
09-11 05:06:35.786 12919 20760 I WiVRn   : [2026-09-11 05:06:35.786] [WiVRn] [info] 	t+4366µs LEFT_GRIP (6744µs)
09-11 05:06:35.786 12919 20760 I WiVRn   : [2026-09-11 05:06:35.786] [WiVRn] [info] 	t+4372µs RIGHT_GRIP (6738µs)
09-11 05:06:35.786 12919 20760 I WiVRn   : [2026-09-11 05:06:35.786] [WiVRn] [info] 	t+7328µs HEAD (3782µs)
09-11 05:06:35.786 12919 20760 I WiVRn   : [2026-09-11 05:06:35.786] [WiVRn] [info] 	t+7366µs LEFT_GRIP (3744µs)
09-11 05:06:35.786 12919 20760 I WiVRn   : [2026-09-11 05:06:35.786] [WiVRn] [info] 	t+7372µs RIGHT_GRIP (3738µs)
09-11 05:06:35.812 12919 20706 I PxrMetric: FPS=73/90,MTP=46.79ms,AppSW=off,FrmEarly=26,FrmLate=9,FrmCpu=0.70ms,FrmGpu=14.86ms,FrmTime=23.44ms,ATWGPU=1.59ms,VsyncDelay=3,GPU=99%/587Mhz,GPUTemp=79.5C,LayerCnt=3,Pkg=org.meumeu.wivrn.nx.warp,FrmId=2523
09-11 05:06:36.439 12919 20755 I WiVRn   : [2026-09-11 05:06:36.439] [WiVRn] [info] nxwarp[0] net: 105 frames closed in 2.0 s, 0 with a hole, 0 out-of-order datagrams, 0 frames completed late, 0 queued for the worker, 1522 decoded so far, 1687 stragglers dropped; last hole 1877/2007 chunks, first missing 1534, short false, chunk 1166 B; worker phase idle
09-11 05:06:36.439 12919 20755 I WiVRn   : [2026-09-11 05:06:36.439] [WiVRn] [info] nxwarp[0] net: 0.025 ms per datagram over 36364 datagrams (451.87 ms of every second)
09-11 05:06:36.439 12919 20755 I WiVRn   : [2026-09-11 05:06:36.439] [WiVRn] [info] nxwarp[0] sel: stride 1, arrival 18.4 ms, dropped-late 78, withheld 0, decoded 1522
09-11 05:06:36.439 12919 20755 I WiVRn   : [2026-09-11 05:06:36.439] [WiVRn] [info] nxwarp[0] rx: 524581 datagrams, placed 3821602 (+291541), late 253741 (+12352), stale_frame 0, bad_range 0, bad_dir 0, bad_caps 0, bad_ver 0, auth_fail 0, replay 0, frozen 0, dup 226
09-11 05:06:36.786 12919 20760 I WiVRn   : [2026-09-11 05:06:36.786] [WiVRn] [info] Tracking pattern (11111µs):
09-11 05:06:36.786 12919 20760 I WiVRn   : [2026-09-11 05:06:36.786] [WiVRn] [info] 	t+4419µs HEAD (6691µs)
09-11 05:06:36.786 12919 20760 I WiVRn   : [2026-09-11 05:06:36.786] [WiVRn] [info] 	t+4511µs LEFT_GRIP (6600µs)
09-11 05:06:36.786 12919 20760 I WiVRn   : [2026-09-11 05:06:36.786] [WiVRn] [info] 	t+4519µs RIGHT_GRIP (6591µs)
09-11 05:06:36.786 12919 20760 I WiVRn   : [2026-09-11 05:06:36.786] [WiVRn] [info] 	t+7419µs HEAD (3691µs)
09-11 05:06:36.786 12919 20760 I WiVRn   : [2026-09-11 05:06:36.786] [WiVRn] [info] 	t+7511µs LEFT_GRIP (3600µs)
09-11 05:06:36.786 12919 20760 I WiVRn   : [2026-09-11 05:06:36.786] [WiVRn] [info] 	t+7519µs RIGHT_GRIP (3591µs)
09-11 05:06:36.824 12919 20706 I PxrMetric: FPS=75/90,MTP=46.72ms,AppSW=off,FrmEarly=26,FrmLate=11,FrmCpu=0.68ms,FrmGpu=14.63ms,FrmTime=24.68ms,ATWGPU=1.59ms,VsyncDelay=3,GPU=79%/587Mhz,GPUTemp=80.6C,LayerCnt=3,Pkg=org.meumeu.wivrn.nx.warp,FrmId=2596
09-11 05:06:37.171 12919 20758 I WiVRn   : [2026-09-11 05:06:37.171] [WiVRn] [info] nxwarp[0]: 105 frames in 2.0 s: 282001 B/frame, wait-prev 0.0 ms, wall 16.5 ms, nxvc passA 5.1 passB 8.1 gpu 13.2 ms; holes 1, refused 0
09-11 05:06:37.171 12919 20758 I WiVRn   : [2026-09-11 05:06:37.171] [WiVRn] [info] nxwarp[0] gpu duty 691 ms/s (69% of one GPU) for decode alone; the display pass is extra
09-11 05:06:37.171 12919 20758 I WiVRn   : [2026-09-11 05:06:37.171] [WiVRn] [info] nxwarp[0] passB 8.1 ms = warp 0.0 + skip 0.0 + coded 0.0 + dir 0.0 + other 8.1; tiles skip 0 / coded 3528 / dir 0 (eye pass 0)
09-11 05:06:37.171 12919 20758 I WiVRn   : [2026-09-11 05:06:37.171] [WiVRn] [info] nxwarp[0]: 78 frames dropped late (queue kept to 1)
09-11 05:06:37.171 12919 20758 I WiVRn   : [2026-09-11 05:06:37.171] [WiVRn] [info] nxwarp[0] stage: gap 2.6 | wait-prev 0.0 | submit 1.5 (qlock 0.0 + codec 1.5) | get_free 0.0 | fence-pre 0.0 | record 0.0 | qsubmit 0.0 | fence-post 14.9 | publish 0.0 ms; withheld 0, stride 1, arrival 19.4 ms
09-11 05:06:37.171 12919 20758 I WiVRn   : [2026-09-11 05:06:37.171] [WiVRn] [info] nxwarp[0] reassembly (network thread): 0.21 ms/frame over 104 frames, buffer 275 kB held for 275 kB of unit (1.0x)
09-11 05:06:37.171 12919 20758 I WiVRn   : [2026-09-11 05:06:37.171] [WiVRn] [info] nxwarp[0] fence-post 15.0 ms = nxvc gpu 13.2 + copy gpu 0.00 + queue 1.7 (over 105 frames with timestamps)
09-11 05:06:37.215 12919 20716 I WiVRn   : [2026-09-11 05:06:37.215] [WiVRn] [info] render: 150 iterations in 2.0 s (74.6/s), 150 submitted a layer, 104 new-source, 0 skipped by the repeat gate, 0 with nothing to show; display period 13.4 ms
09-11 05:06:37.215 12919 20716 I WiVRn   : [2026-09-11 05:06:37.215] [WiVRn] [info] render: ready wait attempts 48 success 2 total 48.790 ms | selected older than available 0
09-11 05:06:37.215 12919 20716 I WiVRn   : [2026-09-11 05:06:37.215] [WiVRn] [info] render: selected source transitions forward 104 backward 0 repeat 46, greatest forward gap 1
09-11 05:06:37.215 12919 20716 I WiVRn   : [2026-09-11 05:06:37.215] [WiVRn] [info] render: this app's own GPU pass 3.3 ms per iteration
09-11 05:06:37.215 12919 20716 I WiVRn   : [2026-09-11 05:06:37.215] [WiVRn] [info] render: defoveate 2688x2688 per eye x2 = 14.45 Mpx/frame at scale 1.00 atlas-prototype 0; 46 re-presented from the cache (reduce_gpu_load on)
09-11 05:06:37.215 12919 20716 I WiVRn   : [2026-09-11 05:06:37.215] [WiVRn] [info] render: shader path sharpness 0.00 fsr false alpha false motion false blend false glow 0.00 vignette 0.00 deband 0.00 lowpoly 0.00 levels 0 full-kernel false
09-11 05:06:37.215 12919 20716 I WiVRn   : [2026-09-11 05:06:37.215] [WiVRn] [info] render: per iteration fence 2.9 (worst 13.7) | queries 0.0 | submit 0.0 | whole render() 3.8 ms
09-11 05:06:37.215 12919 20716 I WiVRn   : [2026-09-11 05:06:37.215] [WiVRn] [info] render: selection-to-defoveate CPU 0.049 ms mean (max 0.099) over 104 actual defoveate calls; not GPU/photon latency
09-11 05:06:37.215 12919 20716 I WiVRn   : [2026-09-11 05:06:37.215] [WiVRn] [info] render: jit on | wake slack 46.5 ms | slept 5.0 ms mean (max 5.0, 150 of 150 iterations) | budget 15.1 = pass 14.1 + margin 1.0 | sleep cap 5.0 ms
09-11 05:06:37.215 12919 20716 I WiVRn   : [2026-09-11 05:06:37.215] [WiVRn] [info] render: source display-time offset 79.8 ms mean (worst 96.7) over 150 frames | submit lead 37.7 ms mean (worst 22.9) | misses: 0 overrun 0 late 0 skipped refresh
09-11 05:06:37.215 12919 20716 I WiVRn   : [2026-09-11 05:06:37.215] [WiVRn] [info] render: source->first 6.9 ms | wire 9.4 | queue 1.7 | decode 16.5 | decode->selection 7.1 | selection->predicted 38.2 | sum 79.8 over 150 selected frames (0 invalid)
09-11 05:06:37.786 12919 20760 I WiVRn   : [2026-09-11 05:06:37.786] [WiVRn] [info] Tracking pattern (11112µs):
09-11 05:06:37.786 12919 20760 I WiVRn   : [2026-09-11 05:06:37.786] [WiVRn] [info] 	t+4491µs HEAD (6620µs)
09-11 05:06:37.786 12919 20760 I WiVRn   : [2026-09-11 05:06:37.786] [WiVRn] [info] 	t+4553µs LEFT_GRIP (6558µs)
09-11 05:06:37.786 12919 20760 I WiVRn   : [2026-09-11 05:06:37.786] [WiVRn] [info] 	t+4561µs RIGHT_GRIP (6550µs)
09-11 05:06:37.786 12919 20760 I WiVRn   : [2026-09-11 05:06:37.786] [WiVRn] [info] 	t+7491µs HEAD (3620µs)
09-11 05:06:37.786 12919 20760 I WiVRn   : [2026-09-11 05:06:37.786] [WiVRn] [info] 	t+7553µs LEFT_GRIP (3558µs)
09-11 05:06:37.786 12919 20760 I WiVRn   : [2026-09-11 05:06:37.786] [WiVRn] [info] 	t+7561µs RIGHT_GRIP (3550µs)
09-11 05:06:37.836 12919 20706 I PxrMetric: FPS=72/90,MTP=34.44ms,AppSW=off,FrmEarly=28,FrmLate=9,FrmCpu=0.79ms,FrmGpu=12.88ms,FrmTime=20.66ms,ATWGPU=1.59ms,VsyncDelay=2,GPU=99%/587Mhz,GPUTemp=78.3C,LayerCnt=3,Pkg=org.meumeu.wivrn.nx.warp,FrmId=2675
09-11 05:06:38.449 12919 20755 I WiVRn   : [2026-09-11 05:06:38.449] [WiVRn] [info] nxwarp[0] net: 106 frames closed in 2.0 s, 0 with a hole, 0 out-of-order datagrams, 0 frames completed late, 0 queued for the worker, 1628 decoded so far, 1795 stragglers dropped; last hole 1877/2007 chunks, first missing 1534, short false, chunk 1166 B; worker phase idle
09-11 05:06:38.449 12919 20755 I WiVRn   : [2026-09-11 05:06:38.449] [WiVRn] [info] nxwarp[0] net: 0.025 ms per datagram over 34520 datagrams (435.92 ms of every second)
09-11 05:06:38.449 12919 20755 I WiVRn   : [2026-09-11 05:06:38.449] [WiVRn] [info] nxwarp[0] sel: stride 1, arrival 18.4 ms, dropped-late 78, withheld 0, decoded 1628
09-11 05:06:38.449 12919 20755 I WiVRn   : [2026-09-11 05:06:38.449] [WiVRn] [info] nxwarp[0] rx: 559101 datagrams, placed 4083709 (+262107), late 266146 (+12405), stale_frame 0, bad_range 0, bad_dir 0, bad_caps 0, bad_ver 0, auth_fail 0, replay 0, frozen 0, dup 233
09-11 05:06:38.786 12919 20760 I WiVRn   : [2026-09-11 05:06:38.786] [WiVRn] [info] Tracking pattern (11108µs):
09-11 05:06:38.786 12919 20760 I WiVRn   : [2026-09-11 05:06:38.786] [WiVRn] [info] 	t+3776µs HEAD (7332µs)
09-11 05:06:38.786 12919 20760 I WiVRn   : [2026-09-11 05:06:38.786] [WiVRn] [info] 	t+3816µs LEFT_GRIP (7292µs)
09-11 05:06:38.786 12919 20760 I WiVRn   : [2026-09-11 05:06:38.786] [WiVRn] [info] 	t+3824µs RIGHT_GRIP (7284µs)
09-11 05:06:38.786 12919 20760 I WiVRn   : [2026-09-11 05:06:38.786] [WiVRn] [info] 	t+6776µs HEAD (4332µs)
09-11 05:06:38.786 12919 20760 I WiVRn   : [2026-09-11 05:06:38.786] [WiVRn] [info] 	t+6816µs LEFT_GRIP (4292µs)
09-11 05:06:38.786 12919 20760 I WiVRn   : [2026-09-11 05:06:38.786] [WiVRn] [info] 	t+6824µs RIGHT_GRIP (4284µs)
09-11 05:06:38.840 12919 20706 I PxrMetric: FPS=78/90,MTP=29.48ms,AppSW=off,FrmEarly=30,FrmLate=13,FrmCpu=0.74ms,FrmGpu=12.68ms,FrmTime=21.45ms,ATWGPU=1.58ms,VsyncDelay=2,GPU=88%/587Mhz,GPUTemp=79.9C,LayerCnt=3,Pkg=org.meumeu.wivrn.nx.warp,FrmId=2751
09-11 05:06:39.174 12919 20758 I WiVRn   : [2026-09-11 05:06:39.174] [WiVRn] [info] nxwarp[0]: 109 frames in 2.0 s: 257452 B/frame, wait-prev 0.0 ms, wall 15.6 ms, nxvc passA 4.7 passB 7.9 gpu 12.6 ms; holes 1, refused 0
09-11 05:06:39.174 12919 20758 I WiVRn   : [2026-09-11 05:06:39.174] [WiVRn] [info] nxwarp[0] gpu duty 688 ms/s (69% of one GPU) for decode alone; the display pass is extra
09-11 05:06:39.174 12919 20758 I WiVRn   : [2026-09-11 05:06:39.174] [WiVRn] [info] nxwarp[0] passB 7.9 ms = warp 0.0 + skip 0.0 + coded 0.0 + dir 0.0 + other 7.9; tiles skip 0 / coded 3528 / dir 0 (eye pass 0)
09-11 05:06:39.174 12919 20758 I WiVRn   : [2026-09-11 05:06:39.174] [WiVRn] [info] nxwarp[0]: 78 frames dropped late (queue kept to 1)
09-11 05:06:39.174 12919 20758 I WiVRn   : [2026-09-11 05:06:39.174] [WiVRn] [info] nxwarp[0] stage: gap 2.8 | wait-prev 0.0 | submit 1.5 (qlock 0.0 + codec 1.5) | get_free 0.0 | fence-pre 0.0 | record 0.0 | qsubmit 0.0 | fence-post 14.1 | publish 0.0 ms; withheld 0, stride 1, arrival 16.7 ms
09-11 05:06:39.174 12919 20758 I WiVRn   : [2026-09-11 05:06:39.174] [WiVRn] [info] nxwarp[0] reassembly (network thread): 0.21 ms/frame over 110 frames, buffer 251 kB held for 251 kB of unit (1.0x)
09-11 05:06:39.174 12919 20758 I WiVRn   : [2026-09-11 05:06:39.174] [WiVRn] [info] nxwarp[0] fence-post 14.1 ms = nxvc gpu 12.6 + copy gpu 0.00 + queue 1.4 (over 109 frames with timestamps)
09-11 05:06:39.231 12919 20716 I WiVRn   : [2026-09-11 05:06:39.231] [WiVRn] [info] render: 154 iterations in 2.0 s (76.8/s), 154 submitted a layer, 111 new-source, 0 skipped by the repeat gate, 0 with nothing to show; display period 13.1 ms
09-11 05:06:39.231 12919 20716 I WiVRn   : [2026-09-11 05:06:39.231] [WiVRn] [info] render: ready wait attempts 46 success 3 total 45.648 ms | selected older than available 0
09-11 05:06:39.231 12919 20716 I WiVRn   : [2026-09-11 05:06:39.231] [WiVRn] [info] render: selected source transitions forward 111 backward 0 repeat 43, greatest forward gap 1
09-11 05:06:39.231 12919 20716 I WiVRn   : [2026-09-11 05:06:39.231] [WiVRn] [info] render: this app's own GPU pass 3.3 ms per iteration
09-11 05:06:39.231 12919 20716 I WiVRn   : [2026-09-11 05:06:39.231] [WiVRn] [info] render: defoveate 2688x2688 per eye x2 = 14.45 Mpx/frame at scale 1.00 atlas-prototype 0; 43 re-presented from the cache (reduce_gpu_load on)
09-11 05:06:39.231 12919 20716 I WiVRn   : [2026-09-11 05:06:39.231] [WiVRn] [info] render: shader path sharpness 0.00 fsr false alpha false motion false blend false glow 0.00 vignette 0.00 deband 0.00 lowpoly 0.00 levels 0 full-kernel false
09-11 05:06:39.231 12919 20716 I WiVRn   : [2026-09-11 05:06:39.231] [WiVRn] [info] render: per iteration fence 3.1 (worst 13.5) | queries 0.0 | submit 0.0 | whole render() 4.0 ms
09-11 05:06:39.231 12919 20716 I WiVRn   : [2026-09-11 05:06:39.231] [WiVRn] [info] render: selection-to-defoveate CPU 0.050 ms mean (max 0.109) over 111 actual defoveate calls; not GPU/photon latency
09-11 05:06:39.231 12919 20716 I WiVRn   : [2026-09-11 05:06:39.231] [WiVRn] [info] render: jit on | wake slack 45.7 ms | slept 5.0 ms mean (max 5.0, 154 of 154 iterations) | budget 14.5 = pass 13.5 + margin 1.0 | sleep cap 5.0 ms
09-11 05:06:39.231 12919 20716 I WiVRn   : [2026-09-11 05:06:39.231] [WiVRn] [info] render: source display-time offset 77.0 ms mean (worst 96.8) over 154 frames | submit lead 36.7 ms mean (worst 22.7) | misses: 0 overrun 0 late 0 skipped refresh
09-11 05:06:39.231 12919 20716 I WiVRn   : [2026-09-11 05:06:39.231] [WiVRn] [info] render: source->first 6.7 ms | wire 8.9 | queue 1.8 | decode 15.6 | decode->selection 6.7 | selection->predicted 37.3 | sum 77.0 over 154 selected frames (0 invalid)
09-11 05:06:39.786 12919 20760 I WiVRn   : [2026-09-11 05:06:39.786] [WiVRn] [info] Tracking pattern (11112µs):
09-11 05:06:39.786 12919 20760 I WiVRn   : [2026-09-11 05:06:39.786] [WiVRn] [info] 	t+4269µs HEAD (6843µs)
09-11 05:06:39.786 12919 20760 I WiVRn   : [2026-09-11 05:06:39.786] [WiVRn] [info] 	t+4372µs LEFT_GRIP (6740µs)
09-11 05:06:39.786 12919 20760 I WiVRn   : [2026-09-11 05:06:39.786] [WiVRn] [info] 	t+4397µs RIGHT_GRIP (6715µs)
09-11 05:06:39.786 12919 20760 I WiVRn   : [2026-09-11 05:06:39.786] [WiVRn] [info] 	t+7269µs HEAD (3843µs)
09-11 05:06:39.786 12919 20760 I WiVRn   : [2026-09-11 05:06:39.786] [WiVRn] [info] 	t+7372µs LEFT_GRIP (3740µs)
09-11 05:06:39.786 12919 20760 I WiVRn   : [2026-09-11 05:06:39.786] [WiVRn] [info] 	t+7397µs RIGHT_GRIP (3715µs)
09-11 05:06:39.857 12919 20706 I PxrMetric: FPS=76/90,MTP=23.45ms,AppSW=off,FrmEarly=29,FrmLate=17,FrmCpu=0.65ms,FrmGpu=13.87ms,FrmTime=23.74ms,ATWGPU=1.60ms,VsyncDelay=2,GPU=99%/587Mhz,GPUTemp=76.8C,LayerCnt=3,Pkg=org.meumeu.wivrn.nx.warp,FrmId=2824
09-11 05:06:40.460 12919 20755 I WiVRn   : [2026-09-11 05:06:40.460] [WiVRn] [info] nxwarp[0] net: 112 frames closed in 2.0 s, 0 with a hole, 0 out-of-order datagrams, 0 frames completed late, 0 queued for the worker, 1740 decoded so far, 1907 stragglers dropped; last hole 1877/2007 chunks, first missing 1534, short false, chunk 1166 B; worker phase idle
09-11 05:06:40.460 12919 20755 I WiVRn   : [2026-09-11 05:06:40.460] [WiVRn] [info] nxwarp[0] net: 0.025 ms per datagram over 34124 datagrams (426.23 ms of every second)
09-11 05:06:40.460 12919 20755 I WiVRn   : [2026-09-11 05:06:40.460] [WiVRn] [info] nxwarp[0] sel: stride 1, arrival 18.0 ms, dropped-late 78, withheld 0, decoded 1740
09-11 05:06:40.460 12919 20755 I WiVRn   : [2026-09-11 05:06:40.460] [WiVRn] [info] nxwarp[0] rx: 593225 datagrams, placed 4478845 (+395136), late 270197 (+4051), stale_frame 0, bad_range 0, bad_dir 0, bad_caps 0, bad_ver 0, auth_fail 0, replay 0, frozen 0, dup 235
09-11 05:06:40.786 12919 20760 I WiVRn   : [2026-09-11 05:06:40.786] [WiVRn] [info] Tracking pattern (11109µs):
09-11 05:06:40.786 12919 20760 I WiVRn   : [2026-09-11 05:06:40.786] [WiVRn] [info] 	t+4131µs HEAD (6977µs)
09-11 05:06:40.786 12919 20760 I WiVRn   : [2026-09-11 05:06:40.786] [WiVRn] [info] 	t+4203µs LEFT_GRIP (6906µs)
09-11 05:06:40.786 12919 20760 I WiVRn   : [2026-09-11 05:06:40.786] [WiVRn] [info] 	t+4208µs RIGHT_GRIP (6900µs)
09-11 05:06:40.786 12919 20760 I WiVRn   : [2026-09-11 05:06:40.786] [WiVRn] [info] 	t+7131µs HEAD (3977µs)
09-11 05:06:40.786 12919 20760 I WiVRn   : [2026-09-11 05:06:40.786] [WiVRn] [info] 	t+7203µs LEFT_GRIP (3906µs)
09-11 05:06:40.786 12919 20760 I WiVRn   : [2026-09-11 05:06:40.786] [WiVRn] [info] 	t+7208µs RIGHT_GRIP (3900µs)
09-11 05:06:40.863 12919 20706 I PxrMetric: FPS=72/90,MTP=28.02ms,AppSW=off,FrmEarly=23,FrmLate=11,FrmCpu=0.71ms,FrmGpu=12.93ms,FrmTime=20.58ms,ATWGPU=1.59ms,VsyncDelay=2,GPU=99%/587Mhz,GPUTemp=82.6C,LayerCnt=3,Pkg=org.meumeu.wivrn.nx.warp,FrmId=2902
09-11 05:06:41.188 12919 20758 I WiVRn   : [2026-09-11 05:06:41.188] [WiVRn] [info] nxwarp[0]: 111 frames in 2.0 s: 240192 B/frame, wait-prev 0.0 ms, wall 15.7 ms, nxvc passA 4.7 passB 7.9 gpu 12.5 ms; holes 1, refused 0
09-11 05:06:41.188 12919 20758 I WiVRn   : [2026-09-11 05:06:41.188] [WiVRn] [info] nxwarp[0] gpu duty 691 ms/s (69% of one GPU) for decode alone; the display pass is extra
09-11 05:06:41.189 12919 20758 I WiVRn   : [2026-09-11 05:06:41.189] [WiVRn] [info] nxwarp[0] passB 7.9 ms = warp 0.0 + skip 0.0 + coded 0.0 + dir 0.0 + other 7.9; tiles skip 0 / coded 3528 / dir 0 (eye pass 0)
09-11 05:06:41.189 12919 20758 I WiVRn   : [2026-09-11 05:06:41.189] [WiVRn] [info] nxwarp[0]: 78 frames dropped late (queue kept to 1)
09-11 05:06:41.189 12919 20758 I WiVRn   : [2026-09-11 05:06:41.189] [WiVRn] [info] nxwarp[0] stage: gap 2.5 | wait-prev 0.0 | submit 1.5 (qlock 0.0 + codec 1.5) | get_free 0.0 | fence-pre 0.0 | record 0.0 | qsubmit 0.0 | fence-post 14.1 | publish 0.0 ms; withheld 0, stride 1, arrival 17.0 ms
09-11 05:06:41.189 12919 20758 I WiVRn   : [2026-09-11 05:06:41.189] [WiVRn] [info] nxwarp[0] reassembly (network thread): 0.21 ms/frame over 111 frames, buffer 235 kB held for 235 kB of unit (1.0x)
09-11 05:06:41.189 12919 20758 I WiVRn   : [2026-09-11 05:06:41.189] [WiVRn] [info] nxwarp[0] fence-post 14.1 ms = nxvc gpu 12.5 + copy gpu 0.00 + queue 1.6 (over 111 frames with timestamps)
09-11 05:06:41.237 12919 20716 I WiVRn   : [2026-09-11 05:06:41.237] [WiVRn] [info] render: 150 iterations in 2.0 s (74.4/s), 150 submitted a layer, 110 new-source, 0 skipped by the repeat gate, 0 with nothing to show; display period 13.4 ms
09-11 05:06:41.237 12919 20716 I WiVRn   : [2026-09-11 05:06:41.237] [WiVRn] [info] render: ready wait attempts 42 success 2 total 42.434 ms | selected older than available 0
09-11 05:06:41.237 12919 20716 I WiVRn   : [2026-09-11 05:06:41.237] [WiVRn] [info] render: selected source transitions forward 110 backward 0 repeat 40, greatest forward gap 1
09-11 05:06:41.237 12919 20716 I WiVRn   : [2026-09-11 05:06:41.237] [WiVRn] [info] render: this app's own GPU pass 3.5 ms per iteration
09-11 05:06:41.237 12919 20716 I WiVRn   : [2026-09-11 05:06:41.237] [WiVRn] [info] render: defoveate 2688x2688 per eye x2 = 14.45 Mpx/frame at scale 1.00 atlas-prototype 0; 40 re-presented from the cache (reduce_gpu_load on)
09-11 05:06:41.237 12919 20716 I WiVRn   : [2026-09-11 05:06:41.237] [WiVRn] [info] render: shader path sharpness 0.00 fsr false alpha false motion false blend false glow 0.00 vignette 0.00 deband 0.00 lowpoly 0.00 levels 0 full-kernel false
09-11 05:06:41.237 12919 20716 I WiVRn   : [2026-09-11 05:06:41.237] [WiVRn] [info] render: per iteration fence 2.7 (worst 13.4) | queries 0.0 | submit 0.0 | whole render() 3.6 ms
09-11 05:06:41.237 12919 20716 I WiVRn   : [2026-09-11 05:06:41.237] [WiVRn] [info] render: selection-to-defoveate CPU 0.047 ms mean (max 0.083) over 110 actual defoveate calls; not GPU/photon latency
09-11 05:06:41.237 12919 20716 I WiVRn   : [2026-09-11 05:06:41.237] [WiVRn] [info] render: jit on | wake slack 45.7 ms | slept 5.0 ms mean (max 5.0, 150 of 150 iterations) | budget 14.2 = pass 13.2 + margin 1.0 | sleep cap 5.0 ms
09-11 05:06:41.237 12919 20716 I WiVRn   : [2026-09-11 05:06:41.237] [WiVRn] [info] render: source display-time offset 77.2 ms mean (worst 96.8) over 150 frames | submit lead 37.1 ms mean (worst 21.8) | misses: 0 overrun 0 late 0 skipped refresh
09-11 05:06:41.237 12919 20716 I WiVRn   : [2026-09-11 05:06:41.237] [WiVRn] [info] render: source->first 6.2 ms | wire 8.4 | queue 2.1 | decode 15.6 | decode->selection 7.1 | selection->predicted 37.7 | sum 77.2 over 150 selected frames (0 invalid)
09-11 05:06:41.786 12919 20760 I WiVRn   : [2026-09-11 05:06:41.786] [WiVRn] [info] Tracking pattern (11110µs):
09-11 05:06:41.786 12919 20760 I WiVRn   : [2026-09-11 05:06:41.786] [WiVRn] [info] 	t+4172µs HEAD (6937µs)
09-11 05:06:41.786 12919 20760 I WiVRn   : [2026-09-11 05:06:41.786] [WiVRn] [info] 	t+4240µs LEFT_GRIP (6870µs)
09-11 05:06:41.786 12919 20760 I WiVRn   : [2026-09-11 05:06:41.786] [WiVRn] [info] 	t+4250µs RIGHT_GRIP (6859µs)
09-11 05:06:41.786 12919 20760 I WiVRn   : [2026-09-11 05:06:41.786] [WiVRn] [info] 	t+7172µs HEAD (3937µs)
09-11 05:06:41.786 12919 20760 I WiVRn   : [2026-09-11 05:06:41.786] [WiVRn] [info] 	t+7240µs LEFT_GRIP (3870µs)
09-11 05:06:41.786 12919 20760 I WiVRn   : [2026-09-11 05:06:41.786] [WiVRn] [info] 	t+7250µs RIGHT_GRIP (3859µs)
09-11 05:06:41.866 12919 20706 I PxrMetric: FPS=77/90,MTP=32.56ms,AppSW=off,FrmEarly=26,FrmLate=12,FrmCpu=0.85ms,FrmGpu=11.35ms,FrmTime=18.69ms,ATWGPU=1.61ms,VsyncDelay=2,GPU=99%/587Mhz,GPUTemp=77.5C,LayerCnt=3,Pkg=org.meumeu.wivrn.nx.warp,FrmId=2978
09-11 05:06:42.472 12919 20755 I WiVRn   : [2026-09-11 05:06:42.472] [WiVRn] [info] nxwarp[0] net: 108 frames closed in 2.0 s, 0 with a hole, 0 out-of-order datagrams, 0 frames completed late, 0 queued for the worker, 1848 decoded so far, 2015 stragglers dropped; last hole 1877/2007 chunks, first missing 1534, short false, chunk 1166 B; worker phase idle
09-11 05:06:42.472 12919 20755 I WiVRn   : [2026-09-11 05:06:42.472] [WiVRn] [info] nxwarp[0] net: 0.025 ms per datagram over 33990 datagrams (424.67 ms of every second)
09-11 05:06:42.472 12919 20755 I WiVRn   : [2026-09-11 05:06:42.472] [WiVRn] [info] nxwarp[0] sel: stride 1, arrival 18.2 ms, dropped-late 78, withheld 0, decoded 1848
09-11 05:06:42.472 12919 20755 I WiVRn   : [2026-09-11 05:06:42.472] [WiVRn] [info] nxwarp[0] rx: 627215 datagrams, placed 4859869 (+381024), late 272280 (+2083), stale_frame 0, bad_range 0, bad_dir 0, bad_caps 0, bad_ver 0, auth_fail 0, replay 0, frozen 0, dup 243
09-11 05:06:42.786 12919 20760 I WiVRn   : [2026-09-11 05:06:42.786] [WiVRn] [info] Tracking pattern (11111µs):
09-11 05:06:42.786 12919 20760 I WiVRn   : [2026-09-11 05:06:42.786] [WiVRn] [info] 	t+4098µs HEAD (7013µs)
09-11 05:06:42.786 12919 20760 I WiVRn   : [2026-09-11 05:06:42.786] [WiVRn] [info] 	t+4131µs LEFT_GRIP (6980µs)
09-11 05:06:42.786 12919 20760 I WiVRn   : [2026-09-11 05:06:42.786] [WiVRn] [info] 	t+4136µs RIGHT_GRIP (6975µs)
09-11 05:06:42.786 12919 20760 I WiVRn   : [2026-09-11 05:06:42.786] [WiVRn] [info] 	t+7098µs HEAD (4013µs)
09-11 05:06:42.786 12919 20760 I WiVRn   : [2026-09-11 05:06:42.786] [WiVRn] [info] 	t+7131µs LEFT_GRIP (3980µs)
09-11 05:06:42.786 12919 20760 I WiVRn   : [2026-09-11 05:06:42.786] [WiVRn] [info] 	t+7136µs RIGHT_GRIP (3975µs)
09-11 05:06:42.872 12919 20706 I PxrMetric: FPS=76/90,MTP=44.24ms,AppSW=off,FrmEarly=29,FrmLate=13,FrmCpu=0.70ms,FrmGpu=15.03ms,FrmTime=23.24ms,ATWGPU=1.59ms,VsyncDelay=3,GPU=99%/587Mhz,GPUTemp=77.9C,LayerCnt=3,Pkg=org.meumeu.wivrn.nx.warp,FrmId=3057
09-11 05:06:43.196 12919 20758 I WiVRn   : [2026-09-11 05:06:43.196] [WiVRn] [info] nxwarp[0]: 106 frames in 2.0 s: 258908 B/frame, wait-prev 0.0 ms, wall 16.5 ms, nxvc passA 5.1 passB 8.0 gpu 13.1 ms; holes 1, refused 0
09-11 05:06:43.196 12919 20758 I WiVRn   : [2026-09-11 05:06:43.196] [WiVRn] [info] nxwarp[0] gpu duty 693 ms/s (69% of one GPU) for decode alone; the display pass is extra
09-11 05:06:43.196 12919 20758 I WiVRn   : [2026-09-11 05:06:43.196] [WiVRn] [info] nxwarp[0] passB 8.0 ms = warp 0.0 + skip 0.0 + coded 0.0 + dir 0.0 + other 8.0; tiles skip 0 / coded 3528 / dir 0 (eye pass 0)
09-11 05:06:43.196 12919 20758 I WiVRn   : [2026-09-11 05:06:43.196] [WiVRn] [info] nxwarp[0]: 78 frames dropped late (queue kept to 1)
09-11 05:06:43.196 12919 20758 I WiVRn   : [2026-09-11 05:06:43.196] [WiVRn] [info] nxwarp[0] stage: gap 2.4 | wait-prev 0.0 | submit 1.5 (qlock 0.0 + codec 1.5) | get_free 0.0 | fence-pre 0.0 | record 0.0 | qsubmit 0.0 | fence-post 14.9 | publish 0.0 ms; withheld 0, stride 1, arrival 19.2 ms
09-11 05:06:43.196 12919 20758 I WiVRn   : [2026-09-11 05:06:43.196] [WiVRn] [info] nxwarp[0] reassembly (network thread): 0.22 ms/frame over 106 frames, buffer 253 kB held for 253 kB of unit (1.0x)
09-11 05:06:43.196 12919 20758 I WiVRn   : [2026-09-11 05:06:43.196] [WiVRn] [info] nxwarp[0] fence-post 15.0 ms = nxvc gpu 13.1 + copy gpu 0.00 + queue 1.8 (over 106 frames with timestamps)
09-11 05:06:43.247 12919 20716 I WiVRn   : [2026-09-11 05:06:43.247] [WiVRn] [info] render: 159 iterations in 2.0 s (79.1/s), 159 submitted a layer, 106 new-source, 0 skipped by the repeat gate, 0 with nothing to show; display period 12.6 ms
09-11 05:06:43.247 12919 20716 I WiVRn   : [2026-09-11 05:06:43.247] [WiVRn] [info] render: ready wait attempts 61 success 8 total 56.324 ms | selected older than available 0
09-11 05:06:43.247 12919 20716 I WiVRn   : [2026-09-11 05:06:43.247] [WiVRn] [info] render: selected source transitions forward 106 backward 0 repeat 53, greatest forward gap 1
09-11 05:06:43.247 12919 20716 I WiVRn   : [2026-09-11 05:06:43.247] [WiVRn] [info] render: this app's own GPU pass 3.1 ms per iteration
09-11 05:06:43.247 12919 20716 I WiVRn   : [2026-09-11 05:06:43.247] [WiVRn] [info] render: defoveate 2688x2688 per eye x2 = 14.45 Mpx/frame at scale 1.00 atlas-prototype 0; 53 re-presented from the cache (reduce_gpu_load on)
09-11 05:06:43.247 12919 20716 I WiVRn   : [2026-09-11 05:06:43.247] [WiVRn] [info] render: shader path sharpness 0.00 fsr false alpha false motion false blend false glow 0.00 vignette 0.00 deband 0.00 lowpoly 0.00 levels 0 full-kernel false
09-11 05:06:43.247 12919 20716 I WiVRn   : [2026-09-11 05:06:43.247] [WiVRn] [info] render: per iteration fence 2.5 (worst 13.6) | queries 0.0 | submit 0.0 | whole render() 3.4 ms
09-11 05:06:43.247 12919 20716 I WiVRn   : [2026-09-11 05:06:43.247] [WiVRn] [info] render: selection-to-defoveate CPU 0.050 ms mean (max 0.112) over 106 actual defoveate calls; not GPU/photon latency
09-11 05:06:43.247 12919 20716 I WiVRn   : [2026-09-11 05:06:43.247] [WiVRn] [info] render: jit on | wake slack 45.4 ms | slept 5.0 ms mean (max 5.0, 159 of 159 iterations) | budget 14.6 = pass 13.6 + margin 1.0 | sleep cap 5.0 ms
09-11 05:06:43.247 12919 20716 I WiVRn   : [2026-09-11 05:06:43.247] [WiVRn] [info] render: source display-time offset 78.9 ms mean (worst 96.9) over 159 frames | submit lead 37.0 ms mean (worst 20.7) | misses: 0 overrun 0 late 0 skipped refresh
09-11 05:06:43.247 12919 20716 I WiVRn   : [2026-09-11 05:06:43.247] [WiVRn] [info] render: source->first 6.8 ms | wire 9.1 | queue 2.1 | decode 16.5 | decode->selection 7.0 | selection->predicted 37.5 | sum 78.9 over 159 selected frames (0 invalid)
09-11 05:06:43.786 12919 20760 I WiVRn   : [2026-09-11 05:06:43.786] [WiVRn] [info] Tracking pattern (11111µs):
09-11 05:06:43.786 12919 20760 I WiVRn   : [2026-09-11 05:06:43.786] [WiVRn] [info] 	t+4220µs HEAD (6891µs)
09-11 05:06:43.786 12919 20760 I WiVRn   : [2026-09-11 05:06:43.786] [WiVRn] [info] 	t+4269µs LEFT_GRIP (6842µs)
09-11 05:06:43.786 12919 20760 I WiVRn   : [2026-09-11 05:06:43.786] [WiVRn] [info] 	t+4274µs RIGHT_GRIP (6836µs)
09-11 05:06:43.786 12919 20760 I WiVRn   : [2026-09-11 05:06:43.786] [WiVRn] [info] 	t+7220µs HEAD (3891µs)
09-11 05:06:43.786 12919 20760 I WiVRn   : [2026-09-11 05:06:43.786] [WiVRn] [info] 	t+7269µs LEFT_GRIP (3842µs)
09-11 05:06:43.786 12919 20760 I WiVRn   : [2026-09-11 05:06:43.786] [WiVRn] [info] 	t+7274µs RIGHT_GRIP (3836µs)
09-11 05:06:43.872 12919 20706 I PxrMetric: FPS=79/90,MTP=39.23ms,AppSW=off,FrmEarly=33,FrmLate=11,FrmCpu=0.79ms,FrmGpu=11.43ms,FrmTime=18.98ms,ATWGPU=1.59ms,VsyncDelay=2,GPU=97%/587Mhz,GPUTemp=77.9C,LayerCnt=3,Pkg=org.meumeu.wivrn.nx.warp,FrmId=3136
09-11 05:06:44.482 12919 20755 I WiVRn   : [2026-09-11 05:06:44.482] [WiVRn] [info] nxwarp[0] net: 105 frames closed in 2.0 s, 0 with a hole, 0 out-of-order datagrams, 0 frames completed late, 0 queued for the worker, 1952 decoded so far, 2120 stragglers dropped; last hole 1877/2007 chunks, first missing 1534, short false, chunk 1166 B; worker phase copy-fence-wait
09-11 05:06:44.482 12919 20755 I WiVRn   : [2026-09-11 05:06:44.482] [WiVRn] [info] nxwarp[0] net: 0.025 ms per datagram over 35291 datagrams (438.02 ms of every second)
09-11 05:06:44.482 12919 20755 I WiVRn   : [2026-09-11 05:06:44.482] [WiVRn] [info] nxwarp[0] sel: stride 1, arrival 18.3 ms, dropped-late 78, withheld 0, decoded 1952
09-11 05:06:44.482 12919 20755 I WiVRn   : [2026-09-11 05:06:44.482] [WiVRn] [info] nxwarp[0] rx: 662506 datagrams, placed 5203933 (+344064), late 284024 (+11744), stale_frame 0, bad_range 0, bad_dir 0, bad_caps 0, bad_ver 0, auth_fail 0, replay 0, frozen 0, dup 255
09-11 05:06:44.786 12919 20760 I WiVRn   : [2026-09-11 05:06:44.786] [WiVRn] [info] Tracking pattern (11110µs):
09-11 05:06:44.786 12919 20760 I WiVRn   : [2026-09-11 05:06:44.786] [WiVRn] [info] 	t+4180µs HEAD (6929µs)
09-11 05:06:44.786 12919 20760 I WiVRn   : [2026-09-11 05:06:44.786] [WiVRn] [info] 	t+4269µs LEFT_GRIP (6840µs)
09-11 05:06:44.786 12919 20760 I WiVRn   : [2026-09-11 05:06:44.786] [WiVRn] [info] 	t+4276µs RIGHT_GRIP (6833µs)
09-11 05:06:44.786 12919 20760 I WiVRn   : [2026-09-11 05:06:44.786] [WiVRn] [info] 	t+7180µs HEAD (3929µs)
09-11 05:06:44.786 12919 20760 I WiVRn   : [2026-09-11 05:06:44.786] [WiVRn] [info] 	t+7269µs LEFT_GRIP (3840µs)
09-11 05:06:44.786 12919 20760 I WiVRn   : [2026-09-11 05:06:44.786] [WiVRn] [info] 	t+7276µs RIGHT_GRIP (3833µs)
09-11 05:06:44.890 12919 20706 I PxrMetric: FPS=79/90,MTP=45.68ms,AppSW=off,FrmEarly=22,FrmLate=12,FrmCpu=0.74ms,FrmGpu=14.47ms,FrmTime=21.82ms,ATWGPU=1.59ms,VsyncDelay=3,GPU=99%/587Mhz,GPUTemp=77.5C,LayerCnt=3,Pkg=org.meumeu.wivrn.nx.warp,FrmId=3208
09-11 05:06:45.205 12919 20758 I WiVRn   : [2026-09-11 05:06:45.205] [WiVRn] [info] nxwarp[0]: 105 frames in 2.0 s: 268183 B/frame, wait-prev 0.0 ms, wall 16.4 ms, nxvc passA 5.2 passB 8.1 gpu 13.4 ms; holes 1, refused 0
09-11 05:06:45.205 12919 20758 I WiVRn   : [2026-09-11 05:06:45.205] [WiVRn] [info] nxwarp[0] gpu duty 699 ms/s (70% of one GPU) for decode alone; the display pass is extra
09-11 05:06:45.205 12919 20758 I WiVRn   : [2026-09-11 05:06:45.205] [WiVRn] [info] nxwarp[0] passB 8.1 ms = warp 0.0 + skip 0.0 + coded 0.0 + dir 0.0 + other 8.1; tiles skip 0 / coded 3528 / dir 0 (eye pass 0)
09-11 05:06:45.205 12919 20758 I WiVRn   : [2026-09-11 05:06:45.205] [WiVRn] [info] nxwarp[0]: 78 frames dropped late (queue kept to 1)
09-11 05:06:45.205 12919 20758 I WiVRn   : [2026-09-11 05:06:45.205] [WiVRn] [info] nxwarp[0] stage: gap 2.8 | wait-prev 0.0 | submit 1.5 (qlock 0.0 + codec 1.5) | get_free 0.0 | fence-pre 0.0 | record 0.0 | qsubmit 0.0 | fence-post 14.8 | publish 0.0 ms; withheld 0, stride 1, arrival 18.4 ms
09-11 05:06:45.205 12919 20758 I WiVRn   : [2026-09-11 05:06:45.205] [WiVRn] [info] nxwarp[0] reassembly (network thread): 0.23 ms/frame over 105 frames, buffer 262 kB held for 262 kB of unit (1.0x)
09-11 05:06:45.205 12919 20758 I WiVRn   : [2026-09-11 05:06:45.205] [WiVRn] [info] nxwarp[0] fence-post 14.8 ms = nxvc gpu 13.4 + copy gpu 0.00 + queue 1.4 (over 105 frames with timestamps)
09-11 05:06:45.250 12919 20716 I WiVRn   : [2026-09-11 05:06:45.250] [WiVRn] [info] render: 145 iterations in 2.0 s (72.4/s), 145 submitted a layer, 104 new-source, 0 skipped by the repeat gate, 0 with nothing to show; display period 13.8 ms
09-11 05:06:45.250 12919 20716 I WiVRn   : [2026-09-11 05:06:45.250] [WiVRn] [info] render: ready wait attempts 47 success 6 total 43.619 ms | selected older than available 0
09-11 05:06:45.250 12919 20716 I WiVRn   : [2026-09-11 05:06:45.250] [WiVRn] [info] render: selected source transitions forward 104 backward 0 repeat 41, greatest forward gap 2
09-11 05:06:45.250 12919 20716 I WiVRn   : [2026-09-11 05:06:45.250] [WiVRn] [info] render: this app's own GPU pass 3.3 ms per iteration
09-11 05:06:45.250 12919 20716 I WiVRn   : [2026-09-11 05:06:45.250] [WiVRn] [info] render: defoveate 2688x2688 per eye x2 = 14.45 Mpx/frame at scale 1.00 atlas-prototype 0; 41 re-presented from the cache (reduce_gpu_load on)
09-11 05:06:45.250 12919 20716 I WiVRn   : [2026-09-11 05:06:45.250] [WiVRn] [info] render: shader path sharpness 0.00 fsr false alpha false motion false blend false glow 0.00 vignette 0.00 deband 0.00 lowpoly 0.00 levels 0 full-kernel false
09-11 05:06:45.250 12919 20716 I WiVRn   : [2026-09-11 05:06:45.250] [WiVRn] [info] render: per iteration fence 3.1 (worst 14.0) | queries 0.0 | submit 0.0 | whole render() 3.9 ms
09-11 05:06:45.250 12919 20716 I WiVRn   : [2026-09-11 05:06:45.250] [WiVRn] [info] render: selection-to-defoveate CPU 0.049 ms mean (max 0.089) over 104 actual defoveate calls; not GPU/photon latency
09-11 05:06:45.250 12919 20716 I WiVRn   : [2026-09-11 05:06:45.250] [WiVRn] [info] render: jit on | wake slack 45.8 ms | slept 5.0 ms mean (max 5.0, 145 of 145 iterations) | budget 15.1 = pass 14.1 + margin 1.0 | sleep cap 5.0 ms
09-11 05:06:45.250 12919 20716 I WiVRn   : [2026-09-11 05:06:45.250] [WiVRn] [info] render: source display-time offset 78.3 ms mean (worst 96.8) over 145 frames | submit lead 36.8 ms mean (worst 22.7) | misses: 0 overrun 0 late 0 skipped refresh
09-11 05:06:45.250 12919 20716 I WiVRn   : [2026-09-11 05:06:45.250] [WiVRn] [info] render: source->first 6.6 ms | wire 9.3 | queue 1.8 | decode 16.4 | decode->selection 6.8 | selection->predicted 37.3 | sum 78.3 over 145 selected frames (0 invalid)
09-11 05:06:45.786 12919 20760 I WiVRn   : [2026-09-11 05:06:45.786] [WiVRn] [info] Tracking pattern (11110µs):
09-11 05:06:45.786 12919 20760 I WiVRn   : [2026-09-11 05:06:45.786] [WiVRn] [info] 	t+4198µs HEAD (6912µs)
09-11 05:06:45.786 12919 20760 I WiVRn   : [2026-09-11 05:06:45.786] [WiVRn] [info] 	t+4242µs LEFT_GRIP (6868µs)
09-11 05:06:45.786 12919 20760 I WiVRn   : [2026-09-11 05:06:45.786] [WiVRn] [info] 	t+4248µs RIGHT_GRIP (6862µs)
09-11 05:06:45.786 12919 20760 I WiVRn   : [2026-09-11 05:06:45.786] [WiVRn] [info] 	t+7198µs HEAD (3912µs)
09-11 05:06:45.786 12919 20760 I WiVRn   : [2026-09-11 05:06:45.786] [WiVRn] [info] 	t+7242µs LEFT_GRIP (3868µs)
09-11 05:06:45.786 12919 20760 I WiVRn   : [2026-09-11 05:06:45.786] [WiVRn] [info] 	t+7248µs RIGHT_GRIP (3862µs)
09-11 05:06:45.901 12919 20706 I PxrMetric: FPS=71/90,MTP=34.66ms,AppSW=off,FrmEarly=27,FrmLate=13,FrmCpu=0.71ms,FrmGpu=11.94ms,FrmTime=18.83ms,ATWGPU=1.59ms,VsyncDelay=2,GPU=99%/587Mhz,GPUTemp=77.9C,LayerCnt=3,Pkg=org.meumeu.wivrn.nx.warp,FrmId=3281
09-11 05:06:46.493 12919 20755 I WiVRn   : [2026-09-11 05:06:46.493] [WiVRn] [info] nxwarp[0] net: 107 frames closed in 2.0 s, 0 with a hole, 0 out-of-order datagrams, 0 frames completed late, 0 queued for the worker, 2060 decoded so far, 2227 stragglers dropped; last hole 1877/2007 chunks, first missing 1534, short false, chunk 1166 B; worker phase idle
09-11 05:06:46.493 12919 20755 I WiVRn   : [2026-09-11 05:06:46.493] [WiVRn] [info] nxwarp[0] net: 0.025 ms per datagram over 33745 datagrams (424.62 ms of every second)
09-11 05:06:46.493 12919 20755 I WiVRn   : [2026-09-11 05:06:46.493] [WiVRn] [info] nxwarp[0] sel: stride 1, arrival 17.5 ms, dropped-late 78, withheld 0, decoded 2060
09-11 05:06:46.493 12919 20755 I WiVRn   : [2026-09-11 05:06:46.493] [WiVRn] [info] nxwarp[0] rx: 696251 datagrams, placed 5561623 (+357690), late 289319 (+5295), stale_frame 0, bad_range 0, bad_dir 0, bad_caps 0, bad_ver 0, auth_fail 0, replay 0, frozen 0, dup 268
09-11 05:06:46.786 12919 20760 I WiVRn   : [2026-09-11 05:06:46.786] [WiVRn] [info] Tracking pattern (11093µs):
09-11 05:06:46.786 12919 20760 I WiVRn   : [2026-09-11 05:06:46.786] [WiVRn] [info] 	t+4167µs HEAD (6926µs)
09-11 05:06:46.786 12919 20760 I WiVRn   : [2026-09-11 05:06:46.786] [WiVRn] [info] 	t+4217µs LEFT_GRIP (6875µs)
09-11 05:06:46.786 12919 20760 I WiVRn   : [2026-09-11 05:06:46.786] [WiVRn] [info] 	t+4222µs RIGHT_GRIP (6870µs)
09-11 05:06:46.786 12919 20760 I WiVRn   : [2026-09-11 05:06:46.786] [WiVRn] [info] 	t+7167µs HEAD (3926µs)
09-11 05:06:46.786 12919 20760 I WiVRn   : [2026-09-11 05:06:46.786] [WiVRn] [info] 	t+7217µs LEFT_GRIP (3875µs)
09-11 05:06:46.786 12919 20760 I WiVRn   : [2026-09-11 05:06:46.786] [WiVRn] [info] 	t+7222µs RIGHT_GRIP (3870µs)
09-11 05:06:46.917 12919 20706 I PxrMetric: FPS=72/90,MTP=39.60ms,AppSW=off,FrmEarly=31,FrmLate=7,FrmCpu=0.71ms,FrmGpu=13.88ms,FrmTime=23.50ms,ATWGPU=1.59ms,VsyncDelay=2,GPU=89%/587Mhz,GPUTemp=79.1C,LayerCnt=3,Pkg=org.meumeu.wivrn.nx.warp,FrmId=3367
09-11 05:06:47.206 12919 20758 I WiVRn   : [2026-09-11 05:06:47.206] [WiVRn] [info] nxwarp[0]: 108 frames in 2.0 s: 243520 B/frame, wait-prev 0.0 ms, wall 15.9 ms, nxvc passA 4.6 passB 8.1 gpu 12.7 ms; holes 1, refused 0
09-11 05:06:47.206 12919 20758 I WiVRn   : [2026-09-11 05:06:47.206] [WiVRn] [info] nxwarp[0] gpu duty 687 ms/s (69% of one GPU) for decode alone; the display pass is extra
09-11 05:06:47.206 12919 20758 I WiVRn   : [2026-09-11 05:06:47.206] [WiVRn] [info] nxwarp[0] passB 8.1 ms = warp 0.0 + skip 0.0 + coded 0.0 + dir 0.0 + other 8.1; tiles skip 0 / coded 3528 / dir 0 (eye pass 0)
09-11 05:06:47.206 12919 20758 I WiVRn   : [2026-09-11 05:06:47.206] [WiVRn] [info] nxwarp[0]: 78 frames dropped late (queue kept to 1)
09-11 05:06:47.206 12919 20758 I WiVRn   : [2026-09-11 05:06:47.206] [WiVRn] [info] nxwarp[0] stage: gap 2.6 | wait-prev 0.0 | submit 1.5 (qlock 0.0 + codec 1.5) | get_free 0.0 | fence-pre 0.0 | record 0.0 | qsubmit 0.0 | fence-post 14.3 | publish 0.0 ms; withheld 0, stride 1, arrival 16.7 ms
09-11 05:06:47.206 12919 20758 I WiVRn   : [2026-09-11 05:06:47.206] [WiVRn] [info] nxwarp[0] reassembly (network thread): 0.20 ms/frame over 108 frames, buffer 238 kB held for 238 kB of unit (1.0x)
09-11 05:06:47.206 12919 20758 I WiVRn   : [2026-09-11 05:06:47.206] [WiVRn] [info] nxwarp[0] fence-post 14.3 ms = nxvc gpu 12.7 + copy gpu 0.00 + queue 1.6 (over 108 frames with timestamps)
09-11 05:06:47.252 12919 20716 I WiVRn   : [2026-09-11 05:06:47.252] [WiVRn] [info] render: 160 iterations in 2.0 s (80.0/s), 160 submitted a layer, 108 new-source, 0 skipped by the repeat gate, 0 with nothing to show; display period 12.6 ms
09-11 05:06:47.252 12919 20716 I WiVRn   : [2026-09-11 05:06:47.252] [WiVRn] [info] render: ready wait attempts 61 success 9 total 55.310 ms | selected older than available 0
09-11 05:06:47.252 12919 20716 I WiVRn   : [2026-09-11 05:06:47.252] [WiVRn] [info] render: selected source transitions forward 108 backward 0 repeat 52, greatest forward gap 1
09-11 05:06:47.252 12919 20716 I WiVRn   : [2026-09-11 05:06:47.252] [WiVRn] [info] render: this app's own GPU pass 3.2 ms per iteration
09-11 05:06:47.252 12919 20716 I WiVRn   : [2026-09-11 05:06:47.252] [WiVRn] [info] render: defoveate 2688x2688 per eye x2 = 14.45 Mpx/frame at scale 1.00 atlas-prototype 0; 52 re-presented from the cache (reduce_gpu_load on)
09-11 05:06:47.252 12919 20716 I WiVRn   : [2026-09-11 05:06:47.252] [WiVRn] [info] render: shader path sharpness 0.00 fsr false alpha false motion false blend false glow 0.00 vignette 0.00 deband 0.00 lowpoly 0.00 levels 0 full-kernel false
09-11 05:06:47.252 12919 20716 I WiVRn   : [2026-09-11 05:06:47.252] [WiVRn] [info] render: per iteration fence 2.4 (worst 13.2) | queries 0.0 | submit 0.0 | whole render() 3.3 ms
09-11 05:06:47.252 12919 20716 I WiVRn   : [2026-09-11 05:06:47.252] [WiVRn] [info] render: selection-to-defoveate CPU 0.049 ms mean (max 0.113) over 108 actual defoveate calls; not GPU/photon latency
09-11 05:06:47.252 12919 20716 I WiVRn   : [2026-09-11 05:06:47.252] [WiVRn] [info] render: jit on | wake slack 44.8 ms | slept 5.0 ms mean (max 5.0, 160 of 160 iterations) | budget 13.7 = pass 12.7 + margin 1.0 | sleep cap 5.0 ms
09-11 05:06:47.252 12919 20716 I WiVRn   : [2026-09-11 05:06:47.252] [WiVRn] [info] render: source display-time offset 76.1 ms mean (worst 96.8) over 160 frames | submit lead 36.4 ms mean (worst 23.6) | misses: 0 overrun 0 late 0 skipped refresh
09-11 05:06:47.252 12919 20716 I WiVRn   : [2026-09-11 05:06:47.252] [WiVRn] [info] render: source->first 6.3 ms | wire 8.4 | queue 1.9 | decode 15.8 | decode->selection 6.7 | selection->predicted 37.0 | sum 76.1 over 160 selected frames (0 invalid)
09-11 05:06:47.786 12919 20760 I WiVRn   : [2026-09-11 05:06:47.786] [WiVRn] [info] Tracking pattern (11111µs):
09-11 05:06:47.786 12919 20760 I WiVRn   : [2026-09-11 05:06:47.786] [WiVRn] [info] 	t+3874µs HEAD (7237µs)
09-11 05:06:47.786 12919 20760 I WiVRn   : [2026-09-11 05:06:47.786] [WiVRn] [info] 	t+3922µs LEFT_GRIP (7188µs)
09-11 05:06:47.786 12919 20760 I WiVRn   : [2026-09-11 05:06:47.786] [WiVRn] [info] 	t+3930µs RIGHT_GRIP (7180µs)
09-11 05:06:47.786 12919 20760 I WiVRn   : [2026-09-11 05:06:47.786] [WiVRn] [info] 	t+6874µs HEAD (4237µs)
09-11 05:06:47.786 12919 20760 I WiVRn   : [2026-09-11 05:06:47.786] [WiVRn] [info] 	t+6922µs LEFT_GRIP (4188µs)
09-11 05:06:47.786 12919 20760 I WiVRn   : [2026-09-11 05:06:47.786] [WiVRn] [info] 	t+6930µs RIGHT_GRIP (4180µs)
09-11 05:06:47.934 12919 20706 I PxrMetric: FPS=85/90,MTP=35.30ms,AppSW=off,FrmEarly=32,FrmLate=9,FrmCpu=0.73ms,FrmGpu=12.18ms,FrmTime=20.05ms,ATWGPU=1.60ms,VsyncDelay=2,GPU=88%/587Mhz,GPUTemp=78.3C,LayerCnt=3,Pkg=org.meumeu.wivrn.nx.warp,FrmId=3448
09-11 05:06:48.493 12919 20755 I WiVRn   : [2026-09-11 05:06:48.493] [WiVRn] [info] nxwarp[0] net: 109 frames closed in 2.0 s, 0 with a hole, 0 out-of-order datagrams, 0 frames completed late, 0 queued for the worker, 2169 decoded so far, 2337 stragglers dropped; last hole 1877/2007 chunks, first missing 1534, short false, chunk 1166 B; worker phase idle
09-11 05:06:48.493 12919 20755 I WiVRn   : [2026-09-11 05:06:48.493] [WiVRn] [info] nxwarp[0] net: 0.026 ms per datagram over 32776 datagrams (418.11 ms of every second)
09-11 05:06:48.493 12919 20755 I WiVRn   : [2026-09-11 05:06:48.493] [WiVRn] [info] nxwarp[0] sel: stride 1, arrival 18.3 ms, dropped-late 78, withheld 0, decoded 2169
09-11 05:06:48.493 12919 20755 I WiVRn   : [2026-09-11 05:06:48.493] [WiVRn] [info] nxwarp[0] rx: 729027 datagrams, placed 5896377 (+334754), late 294906 (+5587), stale_frame 0, bad_range 0, bad_dir 0, bad_caps 0, bad_ver 0, auth_fail 0, replay 0, frozen 0, dup 272
09-11 05:06:48.786 12919 20760 I WiVRn   : [2026-09-11 05:06:48.786] [WiVRn] [info] Tracking pattern (11112µs):
09-11 05:06:48.786 12919 20760 I WiVRn   : [2026-09-11 05:06:48.786] [WiVRn] [info] 	t+4042µs HEAD (7070µs)
09-11 05:06:48.786 12919 20760 I WiVRn   : [2026-09-11 05:06:48.786] [WiVRn] [info] 	t+4832µs LEFT_GRIP (6280µs)
09-11 05:06:48.786 12919 20760 I WiVRn   : [2026-09-11 05:06:48.786] [WiVRn] [info] 	t+4843µs RIGHT_GRIP (6269µs)
09-11 05:06:48.786 12919 20760 I WiVRn   : [2026-09-11 05:06:48.786] [WiVRn] [info] 	t+7042µs HEAD (4070µs)
09-11 05:06:48.786 12919 20760 I WiVRn   : [2026-09-11 05:06:48.786] [WiVRn] [info] 	t+7832µs LEFT_GRIP (3280µs)
09-11 05:06:48.786 12919 20760 I WiVRn   : [2026-09-11 05:06:48.786] [WiVRn] [info] 	t+7843µs RIGHT_GRIP (3269µs)
09-11 05:06:48.941 12919 20706 I PxrMetric: FPS=80/90,MTP=34.35ms,AppSW=off,FrmEarly=22,FrmLate=8,FrmCpu=0.88ms,FrmGpu=11.11ms,FrmTime=18.44ms,ATWGPU=1.60ms,VsyncDelay=2,GPU=93%/587Mhz,GPUTemp=77.9C,LayerCnt=3,Pkg=org.meumeu.wivrn.nx.warp,FrmId=3531
09-11 05:06:49.218 12919 20758 I WiVRn   : [2026-09-11 05:06:49.218] [WiVRn] [info] nxwarp[0]: 109 frames in 2.0 s: 249784 B/frame, wait-prev 0.0 ms, wall 16.0 ms, nxvc passA 4.6 passB 8.1 gpu 12.7 ms; holes 1, refused 0
09-11 05:06:49.218 12919 20758 I WiVRn   : [2026-09-11 05:06:49.218] [WiVRn] [info] nxwarp[0] gpu duty 688 ms/s (69% of one GPU) for decode alone; the display pass is extra
09-11 05:06:49.218 12919 20758 I WiVRn   : [2026-09-11 05:06:49.218] [WiVRn] [info] nxwarp[0] passB 8.1 ms = warp 0.0 + skip 0.0 + coded 0.0 + dir 0.0 + other 8.1; tiles skip 0 / coded 3528 / dir 0 (eye pass 0)
09-11 05:06:49.218 12919 20758 I WiVRn   : [2026-09-11 05:06:49.218] [WiVRn] [info] nxwarp[0]: 78 frames dropped late (queue kept to 1)
09-11 05:06:49.218 12919 20758 I WiVRn   : [2026-09-11 05:06:49.218] [WiVRn] [info] nxwarp[0] stage: gap 2.4 | wait-prev 0.0 | submit 1.4 (qlock 0.0 + codec 1.4) | get_free 0.0 | fence-pre 0.0 | record 0.0 | qsubmit 0.0 | fence-post 14.5 | publish 0.0 ms; withheld 0, stride 1, arrival 17.5 ms
09-11 05:06:49.218 12919 20758 I WiVRn   : [2026-09-11 05:06:49.218] [WiVRn] [info] nxwarp[0] reassembly (network thread): 0.19 ms/frame over 109 frames, buffer 244 kB held for 244 kB of unit (1.0x)
09-11 05:06:49.218 12919 20758 I WiVRn   : [2026-09-11 05:06:49.218] [WiVRn] [info] nxwarp[0] fence-post 14.5 ms = nxvc gpu 12.7 + copy gpu 0.00 + queue 1.8 (over 109 frames with timestamps)
09-11 05:06:49.265 12919 20716 I WiVRn   : [2026-09-11 05:06:49.265] [WiVRn] [info] render: 164 iterations in 2.0 s (81.4/s), 164 submitted a layer, 109 new-source, 0 skipped by the repeat gate, 0 with nothing to show; display period 12.3 ms
09-11 05:06:49.265 12919 20716 I WiVRn   : [2026-09-11 05:06:49.265] [WiVRn] [info] render: ready wait attempts 64 success 9 total 58.491 ms | selected older than available 0
09-11 05:06:49.265 12919 20716 I WiVRn   : [2026-09-11 05:06:49.265] [WiVRn] [info] render: selected source transitions forward 109 backward 0 repeat 55, greatest forward gap 1
09-11 05:06:49.265 12919 20716 I WiVRn   : [2026-09-11 05:06:49.265] [WiVRn] [info] render: this app's own GPU pass 3.1 ms per iteration
09-11 05:06:49.265 12919 20716 I WiVRn   : [2026-09-11 05:06:49.265] [WiVRn] [info] render: defoveate 2688x2688 per eye x2 = 14.45 Mpx/frame at scale 1.00 atlas-prototype 0; 55 re-presented from the cache (reduce_gpu_load on)
09-11 05:06:49.265 12919 20716 I WiVRn   : [2026-09-11 05:06:49.265] [WiVRn] [info] render: shader path sharpness 0.00 fsr false alpha false motion false blend false glow 0.00 vignette 0.00 deband 0.00 lowpoly 0.00 levels 0 full-kernel false
09-11 05:06:49.265 12919 20716 I WiVRn   : [2026-09-11 05:06:49.265] [WiVRn] [info] render: per iteration fence 2.4 (worst 13.0) | queries 0.0 | submit 0.0 | whole render() 3.4 ms
09-11 05:06:49.265 12919 20716 I WiVRn   : [2026-09-11 05:06:49.265] [WiVRn] [info] render: selection-to-defoveate CPU 0.050 ms mean (max 0.099) over 109 actual defoveate calls; not GPU/photon latency
09-11 05:06:49.265 12919 20716 I WiVRn   : [2026-09-11 05:06:49.265] [WiVRn] [info] render: jit on | wake slack 45.2 ms | slept 5.0 ms mean (max 5.0, 164 of 164 iterations) | budget 14.7 = pass 13.7 + margin 1.0 | sleep cap 5.0 ms
09-11 05:06:49.265 12919 20716 I WiVRn   : [2026-09-11 05:06:49.265] [WiVRn] [info] render: source display-time offset 76.7 ms mean (worst 97.0) over 164 frames | submit lead 36.8 ms mean (worst 21.6) | misses: 0 overrun 0 late 0 skipped refresh
09-11 05:06:49.265 12919 20716 I WiVRn   : [2026-09-11 05:06:49.265] [WiVRn] [info] render: source->first 6.2 ms | wire 8.5 | queue 2.0 | decode 15.9 | decode->selection 6.8 | selection->predicted 37.3 | sum 76.7 over 164 selected frames (0 invalid)
09-11 05:06:49.786 12919 20760 I WiVRn   : [2026-09-11 05:06:49.786] [WiVRn] [info] Tracking pattern (11109µs):
09-11 05:06:49.786 12919 20760 I WiVRn   : [2026-09-11 05:06:49.786] [WiVRn] [info] 	t+3827µs HEAD (7282µs)
09-11 05:06:49.786 12919 20760 I WiVRn   : [2026-09-11 05:06:49.786] [WiVRn] [info] 	t+3866µs LEFT_GRIP (7242µs)
09-11 05:06:49.786 12919 20760 I WiVRn   : [2026-09-11 05:06:49.786] [WiVRn] [info] 	t+3872µs RIGHT_GRIP (7236µs)
09-11 05:06:49.786 12919 20760 I WiVRn   : [2026-09-11 05:06:49.786] [WiVRn] [info] 	t+6827µs HEAD (4282µs)
09-11 05:06:49.786 12919 20760 I WiVRn   : [2026-09-11 05:06:49.786] [WiVRn] [info] 	t+6866µs LEFT_GRIP (4242µs)
09-11 05:06:49.786 12919 20760 I WiVRn   : [2026-09-11 05:06:49.786] [WiVRn] [info] 	t+6872µs RIGHT_GRIP (4236µs)
09-11 05:06:49.949 12919 20706 I PxrMetric: FPS=82/90,MTP=43.41ms,AppSW=off,FrmEarly=31,FrmLate=14,FrmCpu=0.78ms,FrmGpu=12.26ms,FrmTime=19.93ms,ATWGPU=1.61ms,VsyncDelay=3,GPU=76%/587Mhz,GPUTemp=78.3C,LayerCnt=3,Pkg=org.meumeu.wivrn.nx.warp,FrmId=3611
09-11 05:06:50.494 12919 20755 I WiVRn   : [2026-09-11 05:06:50.494] [WiVRn] [info] nxwarp[0] net: 107 frames closed in 2.0 s, 0 with a hole, 0 out-of-order datagrams, 0 frames completed late, 0 queued for the worker, 2276 decoded so far, 2450 stragglers dropped; last hole 1877/2007 chunks, first missing 1534, short false, chunk 1166 B; worker phase idle
09-11 05:06:50.494 12919 20755 I WiVRn   : [2026-09-11 05:06:50.494] [WiVRn] [info] nxwarp[0] net: 0.026 ms per datagram over 31600 datagrams (412.19 ms of every second)
09-11 05:06:50.494 12919 20755 I WiVRn   : [2026-09-11 05:06:50.494] [WiVRn] [info] nxwarp[0] sel: stride 1, arrival 18.2 ms, dropped-late 78, withheld 0, decoded 2276
09-11 05:06:50.494 12919 20755 I WiVRn   : [2026-09-11 05:06:50.494] [WiVRn] [info] nxwarp[0] rx: 760627 datagrams, placed 6088921 (+192544), late 306957 (+12051), stale_frame 0, bad_range 0, bad_dir 0, bad_caps 0, bad_ver 0, auth_fail 0, replay 0, frozen 0, dup 277
09-11 05:06:50.786 12919 20760 I WiVRn   : [2026-09-11 05:06:50.786] [WiVRn] [info] Tracking pattern (11107µs):
09-11 05:06:50.787 12919 20760 I WiVRn   : [2026-09-11 05:06:50.787] [WiVRn] [info] 	t+4482µs HEAD (6625µs)
09-11 05:06:50.787 12919 20760 I WiVRn   : [2026-09-11 05:06:50.787] [WiVRn] [info] 	t+4525µs LEFT_GRIP (6582µs)
09-11 05:06:50.787 12919 20760 I WiVRn   : [2026-09-11 05:06:50.787] [WiVRn] [info] 	t+4532µs RIGHT_GRIP (6575µs)
09-11 05:06:50.787 12919 20760 I WiVRn   : [2026-09-11 05:06:50.787] [WiVRn] [info] 	t+7482µs HEAD (3625µs)
09-11 05:06:50.787 12919 20760 I WiVRn   : [2026-09-11 05:06:50.787] [WiVRn] [info] 	t+7525µs LEFT_GRIP (3582µs)
09-11 05:06:50.787 12919 20760 I WiVRn   : [2026-09-11 05:06:50.787] [WiVRn] [info] 	t+7532µs RIGHT_GRIP (3575µs)
09-11 05:06:50.957 12919 20706 I PxrMetric: FPS=79/90,MTP=39.08ms,AppSW=off,FrmEarly=33,FrmLate=13,FrmCpu=0.82ms,FrmGpu=10.54ms,FrmTime=17.45ms,ATWGPU=1.59ms,VsyncDelay=2,GPU=88%/587Mhz,GPUTemp=76.8C,LayerCnt=3,Pkg=org.meumeu.wivrn.nx.warp,FrmId=3685
09-11 05:06:51.221 12919 20758 I WiVRn   : [2026-09-11 05:06:51.221] [WiVRn] [info] nxwarp[0]: 106 frames in 2.0 s: 266090 B/frame, wait-prev 0.0 ms, wall 16.3 ms, nxvc passA 4.9 passB 8.1 gpu 13.0 ms; holes 1, refused 0
09-11 05:06:51.221 12919 20758 I WiVRn   : [2026-09-11 05:06:51.221] [WiVRn] [info] nxwarp[0] gpu duty 688 ms/s (69% of one GPU) for decode alone; the display pass is extra
09-11 05:06:51.221 12919 20758 I WiVRn   : [2026-09-11 05:06:51.221] [WiVRn] [info] nxwarp[0] passB 8.1 ms = warp 0.0 + skip 0.0 + coded 0.0 + dir 0.0 + other 8.1; tiles skip 0 / coded 3528 / dir 0 (eye pass 0)
09-11 05:06:51.221 12919 20758 I WiVRn   : [2026-09-11 05:06:51.221] [WiVRn] [info] nxwarp[0]: 78 frames dropped late (queue kept to 1)
09-11 05:06:51.221 12919 20758 I WiVRn   : [2026-09-11 05:06:51.221] [WiVRn] [info] nxwarp[0] stage: gap 2.6 | wait-prev 0.0 | submit 1.5 (qlock 0.0 + codec 1.5) | get_free 0.0 | fence-pre 0.0 | record 0.0 | qsubmit 0.0 | fence-post 14.7 | publish 0.0 ms; withheld 0, stride 1, arrival 18.3 ms
09-11 05:06:51.221 12919 20758 I WiVRn   : [2026-09-11 05:06:51.221] [WiVRn] [info] nxwarp[0] reassembly (network thread): 0.18 ms/frame over 106 frames, buffer 260 kB held for 260 kB of unit (1.0x)
09-11 05:06:51.221 12919 20758 I WiVRn   : [2026-09-11 05:06:51.221] [WiVRn] [info] nxwarp[0] fence-post 14.8 ms = nxvc gpu 13.0 + copy gpu 0.00 + queue 1.7 (over 106 frames with timestamps)
09-11 05:06:51.267 12919 20716 I WiVRn   : [2026-09-11 05:06:51.267] [WiVRn] [info] render: 151 iterations in 2.0 s (75.4/s), 151 submitted a layer, 106 new-source, 0 skipped by the repeat gate, 0 with nothing to show; display period 13.2 ms
09-11 05:06:51.267 12919 20716 I WiVRn   : [2026-09-11 05:06:51.267] [WiVRn] [info] render: ready wait attempts 52 success 7 total 47.790 ms | selected older than available 0
09-11 05:06:51.267 12919 20716 I WiVRn   : [2026-09-11 05:06:51.267] [WiVRn] [info] render: selected source transitions forward 106 backward 0 repeat 45, greatest forward gap 1
09-11 05:06:51.267 12919 20716 I WiVRn   : [2026-09-11 05:06:51.267] [WiVRn] [info] render: this app's own GPU pass 3.4 ms per iteration
09-11 05:06:51.267 12919 20716 I WiVRn   : [2026-09-11 05:06:51.267] [WiVRn] [info] render: defoveate 2688x2688 per eye x2 = 14.45 Mpx/frame at scale 1.00 atlas-prototype 0; 45 re-presented from the cache (reduce_gpu_load on)
09-11 05:06:51.267 12919 20716 I WiVRn   : [2026-09-11 05:06:51.267] [WiVRn] [info] render: shader path sharpness 0.00 fsr false alpha false motion false blend false glow 0.00 vignette 0.00 deband 0.00 lowpoly 0.00 levels 0 full-kernel false
09-11 05:06:51.267 12919 20716 I WiVRn   : [2026-09-11 05:06:51.267] [WiVRn] [info] render: per iteration fence 3.1 (worst 13.8) | queries 0.0 | submit 0.0 | whole render() 4.0 ms
09-11 05:06:51.267 12919 20716 I WiVRn   : [2026-09-11 05:06:51.267] [WiVRn] [info] render: selection-to-defoveate CPU 0.050 ms mean (max 0.088) over 106 actual defoveate calls; not GPU/photon latency
09-11 05:06:51.267 12919 20716 I WiVRn   : [2026-09-11 05:06:51.267] [WiVRn] [info] render: jit on | wake slack 45.8 ms | slept 5.0 ms mean (max 5.0, 151 of 151 iterations) | budget 15.4 = pass 14.4 + margin 1.0 | sleep cap 5.0 ms
09-11 05:06:51.267 12919 20716 I WiVRn   : [2026-09-11 05:06:51.267] [WiVRn] [info] render: source display-time offset 78.0 ms mean (worst 97.3) over 151 frames | submit lead 36.8 ms mean (worst 22.6) | misses: 0 overrun 0 late 0 skipped refresh
09-11 05:06:51.267 12919 20716 I WiVRn   : [2026-09-11 05:06:51.267] [WiVRn] [info] render: source->first 6.6 ms | wire 8.9 | queue 1.6 | decode 16.3 | decode->selection 7.3 | selection->predicted 37.3 | sum 78.0 over 151 selected frames (0 invalid)
09-11 05:06:51.786 12919 20760 I WiVRn   : [2026-09-11 05:06:51.786] [WiVRn] [info] Tracking pattern (11111µs):
09-11 05:06:51.786 12919 20760 I WiVRn   : [2026-09-11 05:06:51.786] [WiVRn] [info] 	t+4209µs HEAD (6901µs)
09-11 05:06:51.786 12919 20760 I WiVRn   : [2026-09-11 05:06:51.786] [WiVRn] [info] 	t+4246µs LEFT_GRIP (6864µs)
09-11 05:06:51.786 12919 20760 I WiVRn   : [2026-09-11 05:06:51.786] [WiVRn] [info] 	t+4252µs RIGHT_GRIP (6859µs)
09-11 05:06:51.786 12919 20760 I WiVRn   : [2026-09-11 05:06:51.786] [WiVRn] [info] 	t+7209µs HEAD (3901µs)
09-11 05:06:51.786 12919 20760 I WiVRn   : [2026-09-11 05:06:51.786] [WiVRn] [info] 	t+7246µs LEFT_GRIP (3864µs)
09-11 05:06:51.786 12919 20760 I WiVRn   : [2026-09-11 05:06:51.786] [WiVRn] [info] 	t+7252µs RIGHT_GRIP (3859µs)
09-11 05:06:51.975 12919 20706 I PxrMetric: FPS=74/90,MTP=37.13ms,AppSW=off,FrmEarly=25,FrmLate=13,FrmCpu=0.78ms,FrmGpu=11.79ms,FrmTime=19.11ms,ATWGPU=1.60ms,VsyncDelay=2,GPU=99%/587Mhz,GPUTemp=76.8C,LayerCnt=3,Pkg=org.meumeu.wivrn.nx.warp,FrmId=3755
09-11 05:06:52.494 12919 20755 I WiVRn   : [2026-09-11 05:06:52.494] [WiVRn] [info] nxwarp[0] net: 104 frames closed in 2.0 s, 0 with a hole, 0 out-of-order datagrams, 0 frames completed late, 0 queued for the worker, 2379 decoded so far, 2573 stragglers dropped; last hole 1877/2007 chunks, first missing 1534, short false, chunk 1166 B; worker phase copy-fence-wait
09-11 05:06:52.494 12919 20755 I WiVRn   : [2026-09-11 05:06:52.494] [WiVRn] [info] nxwarp[0] net: 0.026 ms per datagram over 33007 datagrams (431.61 ms of every second)
09-11 05:06:52.494 12919 20755 I WiVRn   : [2026-09-11 05:06:52.494] [WiVRn] [info] nxwarp[0] sel: stride 1, arrival 20.6 ms, dropped-late 78, withheld 0, decoded 2379
09-11 05:06:52.494 12919 20755 I WiVRn   : [2026-09-11 05:06:52.494] [WiVRn] [info] nxwarp[0] rx: 793634 datagrams, placed 6229535 (+140614), late 326247 (+19290), stale_frame 0, bad_range 0, bad_dir 0, bad_caps 0, bad_ver 0, auth_fail 0, replay 0, frozen 0, dup 284
09-11 05:06:52.786 12919 20760 I WiVRn   : [2026-09-11 05:06:52.786] [WiVRn] [info] Tracking pattern (11110µs):
09-11 05:06:52.786 12919 20760 I WiVRn   : [2026-09-11 05:06:52.786] [WiVRn] [info] 	t+4414µs HEAD (6696µs)
09-11 05:06:52.786 12919 20760 I WiVRn   : [2026-09-11 05:06:52.786] [WiVRn] [info] 	t+4459µs LEFT_GRIP (6651µs)
09-11 05:06:52.786 12919 20760 I WiVRn   : [2026-09-11 05:06:52.786] [WiVRn] [info] 	t+4466µs RIGHT_GRIP (6644µs)
09-11 05:06:52.786 12919 20760 I WiVRn   : [2026-09-11 05:06:52.786] [WiVRn] [info] 	t+7414µs HEAD (3696µs)
09-11 05:06:52.786 12919 20760 I WiVRn   : [2026-09-11 05:06:52.786] [WiVRn] [info] 	t+7459µs LEFT_GRIP (3651µs)
09-11 05:06:52.786 12919 20760 I WiVRn   : [2026-09-11 05:06:52.786] [WiVRn] [info] 	t+7466µs RIGHT_GRIP (3644µs)
09-11 05:06:52.979 12919 20706 I PxrMetric: FPS=69/90,MTP=45.58ms,AppSW=off,FrmEarly=25,FrmLate=14,FrmCpu=0.69ms,FrmGpu=14.47ms,FrmTime=22.79ms,ATWGPU=1.59ms,VsyncDelay=3,GPU=99%/587Mhz,GPUTemp=77.1C,LayerCnt=3,Pkg=org.meumeu.wivrn.nx.warp,FrmId=3830
09-11 05:06:53.228 12919 20758 I WiVRn   : [2026-09-11 05:06:53.227] [WiVRn] [info] nxwarp[0]: 104 frames in 2.0 s: 291259 B/frame, wait-prev 0.0 ms, wall 16.8 ms, nxvc passA 5.3 passB 8.2 gpu 13.5 ms; holes 1, refused 0
09-11 05:06:53.228 12919 20758 I WiVRn   : [2026-09-11 05:06:53.228] [WiVRn] [info] nxwarp[0] gpu duty 700 ms/s (70% of one GPU) for decode alone; the display pass is extra
09-11 05:06:53.228 12919 20758 I WiVRn   : [2026-09-11 05:06:53.228] [WiVRn] [info] nxwarp[0] passB 8.2 ms = warp 0.0 + skip 0.0 + coded 0.0 + dir 0.0 + other 8.2; tiles skip 0 / coded 3528 / dir 0 (eye pass 0)
09-11 05:06:53.228 12919 20758 I WiVRn   : [2026-09-11 05:06:53.228] [WiVRn] [info] nxwarp[0]: 78 frames dropped late (queue kept to 1)
09-11 05:06:53.228 12919 20758 I WiVRn   : [2026-09-11 05:06:53.228] [WiVRn] [info] nxwarp[0] stage: gap 2.5 | wait-prev 0.0 | submit 1.5 (qlock 0.0 + codec 1.5) | get_free 0.0 | fence-pre 0.0 | record 0.0 | qsubmit 0.0 | fence-post 15.3 | publish 0.0 ms; withheld 0, stride 1, arrival 19.1 ms
09-11 05:06:53.228 12919 20758 I WiVRn   : [2026-09-11 05:06:53.228] [WiVRn] [info] nxwarp[0] reassembly (network thread): 0.14 ms/frame over 104 frames, buffer 285 kB held for 285 kB of unit (1.0x)
09-11 05:06:53.228 12919 20758 I WiVRn   : [2026-09-11 05:06:53.228] [WiVRn] [info] nxwarp[0] fence-post 15.3 ms = nxvc gpu 13.5 + copy gpu 0.00 + queue 1.7 (over 104 frames with timestamps)
09-11 05:06:53.278 12919 20716 I WiVRn   : [2026-09-11 05:06:53.278] [WiVRn] [info] render: 141 iterations in 2.0 s (70.1/s), 141 submitted a layer, 104 new-source, 0 skipped by the repeat gate, 0 with nothing to show; display period 14.3 ms
09-11 05:06:53.278 12919 20716 I WiVRn   : [2026-09-11 05:06:53.278] [WiVRn] [info] render: ready wait attempts 42 success 5 total 39.276 ms | selected older than available 0
09-11 05:06:53.278 12919 20716 I WiVRn   : [2026-09-11 05:06:53.278] [WiVRn] [info] render: selected source transitions forward 104 backward 0 repeat 37, greatest forward gap 1
09-11 05:06:53.278 12919 20716 I WiVRn   : [2026-09-11 05:06:53.278] [WiVRn] [info] render: this app's own GPU pass 3.5 ms per iteration
09-11 05:06:53.278 12919 20716 I WiVRn   : [2026-09-11 05:06:53.278] [WiVRn] [info] render: defoveate 2688x2688 per eye x2 = 14.45 Mpx/frame at scale 1.00 atlas-prototype 0; 37 re-presented from the cache (reduce_gpu_load on)
09-11 05:06:53.278 12919 20716 I WiVRn   : [2026-09-11 05:06:53.278] [WiVRn] [info] render: shader path sharpness 0.00 fsr false alpha false motion false blend false glow 0.00 vignette 0.00 deband 0.00 lowpoly 0.00 levels 0 full-kernel false
09-11 05:06:53.278 12919 20716 I WiVRn   : [2026-09-11 05:06:53.278] [WiVRn] [info] render: per iteration fence 3.1 (worst 13.7) | queries 0.0 | submit 0.0 | whole render() 4.0 ms
09-11 05:06:53.278 12919 20716 I WiVRn   : [2026-09-11 05:06:53.278] [WiVRn] [info] render: selection-to-defoveate CPU 0.051 ms mean (max 0.111) over 104 actual defoveate calls; not GPU/photon latency
09-11 05:06:53.278 12919 20716 I WiVRn   : [2026-09-11 05:06:53.278] [WiVRn] [info] render: jit on | wake slack 46.3 ms | slept 5.0 ms mean (max 5.0, 141 of 141 iterations) | budget 14.3 = pass 13.3 + margin 1.0 | sleep cap 5.0 ms
09-11 05:06:53.278 12919 20716 I WiVRn   : [2026-09-11 05:06:53.278] [WiVRn] [info] render: source display-time offset 78.9 ms mean (worst 97.5) over 141 frames | submit lead 37.3 ms mean (worst 23.1) | misses: 0 overrun 0 late 0 skipped refresh
09-11 05:06:53.278 12919 20716 I WiVRn   : [2026-09-11 05:06:53.278] [WiVRn] [info] render: source->first 6.8 ms | wire 9.0 | queue 1.7 | decode 16.7 | decode->selection 6.9 | selection->predicted 37.8 | sum 78.9 over 141 selected frames (0 invalid)
09-11 05:06:53.786 12919 20760 I WiVRn   : [2026-09-11 05:06:53.786] [WiVRn] [info] Tracking pattern (11109µs):
09-11 05:06:53.786 12919 20760 I WiVRn   : [2026-09-11 05:06:53.786] [WiVRn] [info] 	t+3879µs HEAD (7229µs)
09-11 05:06:53.786 12919 20760 I WiVRn   : [2026-09-11 05:06:53.786] [WiVRn] [info] 	t+3929µs LEFT_GRIP (7179µs)
09-11 05:06:53.786 12919 20760 I WiVRn   : [2026-09-11 05:06:53.786] [WiVRn] [info] 	t+3938µs RIGHT_GRIP (7170µs)
09-11 05:06:53.786 12919 20760 I WiVRn   : [2026-09-11 05:06:53.786] [WiVRn] [info] 	t+6879µs HEAD (4229µs)
09-11 05:06:53.786 12919 20760 I WiVRn   : [2026-09-11 05:06:53.786] [WiVRn] [info] 	t+6929µs LEFT_GRIP (4179µs)
09-11 05:06:53.786 12919 20760 I WiVRn   : [2026-09-11 05:06:53.786] [WiVRn] [info] 	t+6938µs RIGHT_GRIP (4170µs)
09-11 05:06:53.982 12919 20706 I PxrMetric: FPS=75/90,MTP=44.76ms,AppSW=off,FrmEarly=27,FrmLate=12,FrmCpu=0.69ms,FrmGpu=13.28ms,FrmTime=22.19ms,ATWGPU=1.59ms,VsyncDelay=3,GPU=87%/587Mhz,GPUTemp=76.8C,LayerCnt=3,Pkg=org.meumeu.wivrn.nx.warp,FrmId=3902
09-11 05:06:54.504 12919 20755 I WiVRn   : [2026-09-11 05:06:54.504] [WiVRn] [info] nxwarp[0] net: 104 frames closed in 2.0 s, 0 with a hole, 0 out-of-order datagrams, 0 frames completed late, 0 queued for the worker, 2484 decoded so far, 2683 stragglers dropped; last hole 1877/2007 chunks, first missing 1534, short false, chunk 1166 B; worker phase idle
09-11 05:06:54.504 12919 20755 I WiVRn   : [2026-09-11 05:06:54.504] [WiVRn] [info] nxwarp[0] net: 0.027 ms per datagram over 31176 datagrams (421.29 ms of every second)
09-11 05:06:54.504 12919 20755 I WiVRn   : [2026-09-11 05:06:54.504] [WiVRn] [info] nxwarp[0] sel: stride 1, arrival 19.9 ms, dropped-late 78, withheld 0, decoded 2484
09-11 05:06:54.505 12919 20755 I WiVRn   : [2026-09-11 05:06:54.505] [WiVRn] [info] nxwarp[0] rx: 824810 datagrams, placed 6274857 (+45322), late 346510 (+20263), stale_frame 0, bad_range 0, bad_dir 0, bad_caps 0, bad_ver 0, auth_fail 0, replay 0, frozen 0, dup 296
09-11 05:06:54.786 12919 20760 I WiVRn   : [2026-09-11 05:06:54.786] [WiVRn] [info] Tracking pattern (11112µs):
09-11 05:06:54.786 12919 20760 I WiVRn   : [2026-09-11 05:06:54.786] [WiVRn] [info] 	t+4228µs HEAD (6883µs)
09-11 05:06:54.786 12919 20760 I WiVRn   : [2026-09-11 05:06:54.786] [WiVRn] [info] 	t+4264µs LEFT_GRIP (6847µs)
09-11 05:06:54.786 12919 20760 I WiVRn   : [2026-09-11 05:06:54.786] [WiVRn] [info] 	t+4267µs RIGHT_GRIP (6844µs)
09-11 05:06:54.786 12919 20760 I WiVRn   : [2026-09-11 05:06:54.786] [WiVRn] [info] 	t+7228µs HEAD (3883µs)
09-11 05:06:54.786 12919 20760 I WiVRn   : [2026-09-11 05:06:54.786] [WiVRn] [info] 	t+7264µs LEFT_GRIP (3847µs)
09-11 05:06:54.786 12919 20760 I WiVRn   : [2026-09-11 05:06:54.786] [WiVRn] [info] 	t+7267µs RIGHT_GRIP (3844µs)
09-11 05:06:54.983 12919 20706 I PxrMetric: FPS=72/90,MTP=30.85ms,AppSW=off,FrmEarly=27,FrmLate=13,FrmCpu=0.71ms,FrmGpu=12.01ms,FrmTime=19.68ms,ATWGPU=1.59ms,VsyncDelay=2,GPU=99%/587Mhz,GPUTemp=77.1C,LayerCnt=3,Pkg=org.meumeu.wivrn.nx.warp,FrmId=3974
09-11 05:06:55.232 12919 20758 I WiVRn   : [2026-09-11 05:06:55.232] [WiVRn] [info] nxwarp[0]: 106 frames in 2.0 s: 276260 B/frame, wait-prev 0.0 ms, wall 16.0 ms, nxvc passA 4.9 passB 8.1 gpu 13.0 ms; holes 1, refused 0
09-11 05:06:55.232 12919 20758 I WiVRn   : [2026-09-11 05:06:55.232] [WiVRn] [info] nxwarp[0] gpu duty 690 ms/s (69% of one GPU) for decode alone; the display pass is extra
09-11 05:06:55.232 12919 20758 I WiVRn   : [2026-09-11 05:06:55.232] [WiVRn] [info] nxwarp[0] passB 8.1 ms = warp 0.0 + skip 0.0 + coded 0.0 + dir 0.0 + other 8.1; tiles skip 0 / coded 3528 / dir 0 (eye pass 0)
09-11 05:06:55.232 12919 20758 I WiVRn   : [2026-09-11 05:06:55.232] [WiVRn] [info] nxwarp[0]: 78 frames dropped late (queue kept to 1)
09-11 05:06:55.232 12919 20758 I WiVRn   : [2026-09-11 05:06:55.232] [WiVRn] [info] nxwarp[0] stage: gap 2.9 | wait-prev 0.0 | submit 1.5 (qlock 0.0 + codec 1.5) | get_free 0.0 | fence-pre 0.0 | record 0.0 | qsubmit 0.0 | fence-post 14.5 | publish 0.0 ms; withheld 0, stride 1, arrival 17.6 ms
09-11 05:06:55.232 12919 20758 I WiVRn   : [2026-09-11 05:06:55.232] [WiVRn] [info] nxwarp[0] reassembly (network thread): 0.13 ms/frame over 106 frames, buffer 269 kB held for 269 kB of unit (1.0x)
09-11 05:06:55.232 12919 20758 I WiVRn   : [2026-09-11 05:06:55.232] [WiVRn] [info] nxwarp[0] fence-post 14.5 ms = nxvc gpu 13.0 + copy gpu 0.00 + queue 1.4 (over 106 frames with timestamps)
09-11 05:06:55.278 12919 20716 I WiVRn   : [2026-09-11 05:06:55.278] [WiVRn] [info] render: 146 iterations in 2.0 s (73.0/s), 146 submitted a layer, 106 new-source, 0 skipped by the repeat gate, 0 with nothing to show; display period 13.7 ms
09-11 05:06:55.278 12919 20716 I WiVRn   : [2026-09-11 05:06:55.278] [WiVRn] [info] render: ready wait attempts 45 success 5 total 42.450 ms | selected older than available 0
09-11 05:06:55.278 12919 20716 I WiVRn   : [2026-09-11 05:06:55.278] [WiVRn] [info] render: selected source transitions forward 106 backward 0 repeat 40, greatest forward gap 1
09-11 05:06:55.278 12919 20716 I WiVRn   : [2026-09-11 05:06:55.278] [WiVRn] [info] render: this app's own GPU pass 3.5 ms per iteration
09-11 05:06:55.278 12919 20716 I WiVRn   : [2026-09-11 05:06:55.278] [WiVRn] [info] render: defoveate 2688x2688 per eye x2 = 14.45 Mpx/frame at scale 1.00 atlas-prototype 0; 40 re-presented from the cache (reduce_gpu_load on)
09-11 05:06:55.278 12919 20716 I WiVRn   : [2026-09-11 05:06:55.278] [WiVRn] [info] render: shader path sharpness 0.00 fsr false alpha false motion false blend false glow 0.00 vignette 0.00 deband 0.00 lowpoly 0.00 levels 0 full-kernel false
09-11 05:06:55.278 12919 20716 I WiVRn   : [2026-09-11 05:06:55.278] [WiVRn] [info] render: per iteration fence 3.2 (worst 13.4) | queries 0.0 | submit 0.0 | whole render() 4.1 ms
09-11 05:06:55.278 12919 20716 I WiVRn   : [2026-09-11 05:06:55.278] [WiVRn] [info] render: selection-to-defoveate CPU 0.049 ms mean (max 0.089) over 106 actual defoveate calls; not GPU/photon latency
09-11 05:06:55.278 12919 20716 I WiVRn   : [2026-09-11 05:06:55.278] [WiVRn] [info] render: jit on | wake slack 46.5 ms | slept 5.0 ms mean (max 5.0, 146 of 146 iterations) | budget 14.4 = pass 13.4 + margin 1.0 | sleep cap 5.0 ms
09-11 05:06:55.278 12919 20716 I WiVRn   : [2026-09-11 05:06:55.278] [WiVRn] [info] render: source display-time offset 77.9 ms mean (worst 97.5) over 146 frames | submit lead 37.4 ms mean (worst 21.7) | misses: 0 overrun 0 late 0 skipped refresh
09-11 05:06:55.278 12919 20716 I WiVRn   : [2026-09-11 05:06:55.278] [WiVRn] [info] render: source->first 6.7 ms | wire 8.6 | queue 1.7 | decode 16.0 | decode->selection 6.9 | selection->predicted 37.9 | sum 77.9 over 146 selected frames (0 invalid)
09-11 05:06:55.786 12919 20760 I WiVRn   : [2026-09-11 05:06:55.786] [WiVRn] [info] Tracking pattern (11111µs):
09-11 05:06:55.786 12919 20760 I WiVRn   : [2026-09-11 05:06:55.786] [WiVRn] [info] 	t+3972µs HEAD (7138µs)
09-11 05:06:55.786 12919 20760 I WiVRn   : [2026-09-11 05:06:55.786] [WiVRn] [info] 	t+4040µs LEFT_GRIP (7070µs)
09-11 05:06:55.786 12919 20760 I WiVRn   : [2026-09-11 05:06:55.786] [WiVRn] [info] 	t+4046µs RIGHT_GRIP (7064µs)
09-11 05:06:55.786 12919 20760 I WiVRn   : [2026-09-11 05:06:55.786] [WiVRn] [info] 	t+6972µs HEAD (4138µs)
09-11 05:06:55.786 12919 20760 I WiVRn   : [2026-09-11 05:06:55.786] [WiVRn] [info] 	t+7040µs LEFT_GRIP (4070µs)
09-11 05:06:55.786 12919 20760 I WiVRn   : [2026-09-11 05:06:55.786] [WiVRn] [info] 	t+7046µs RIGHT_GRIP (4064µs)
09-11 05:06:55.985 12919 20706 I PxrMetric: FPS=72/90,MTP=30.37ms,AppSW=off,FrmEarly=24,FrmLate=14,FrmCpu=0.74ms,FrmGpu=12.72ms,FrmTime=21.20ms,ATWGPU=1.59ms,VsyncDelay=2,GPU=99%/587Mhz,GPUTemp=77.1C,LayerCnt=3,Pkg=org.meumeu.wivrn.nx.warp,FrmId=4047
09-11 05:06:56.506 12919 20755 I WiVRn   : [2026-09-11 05:06:56.506] [WiVRn] [info] nxwarp[0] net: 109 frames closed in 2.0 s, 0 with a hole, 0 out-of-order datagrams, 0 frames completed late, 0 queued for the worker, 2593 decoded so far, 2797 stragglers dropped; last hole 1877/2007 chunks, first missing 1534, short false, chunk 1166 B; worker phase idle
09-11 05:06:56.506 12919 20755 I WiVRn   : [2026-09-11 05:06:56.506] [WiVRn] [info] nxwarp[0] net: 0.026 ms per datagram over 33532 datagrams (433.12 ms of every second)
09-11 05:06:56.506 12919 20755 I WiVRn   : [2026-09-11 05:06:56.506] [WiVRn] [info] nxwarp[0] sel: stride 1, arrival 18.9 ms, dropped-late 78, withheld 0, decoded 2593
09-11 05:06:56.506 12919 20755 I WiVRn   : [2026-09-11 05:06:56.506] [WiVRn] [info] nxwarp[0] rx: 858342 datagrams, placed 6487775 (+212918), late 361660 (+15150), stale_frame 0, bad_range 0, bad_dir 0, bad_caps 0, bad_ver 0, auth_fail 0, replay 0, frozen 0, dup 308
09-11 05:06:56.786 12919 20760 I WiVRn   : [2026-09-11 05:06:56.786] [WiVRn] [info] Tracking pattern (11112µs):
09-11 05:06:56.786 12919 20760 I WiVRn   : [2026-09-11 05:06:56.786] [WiVRn] [info] 	t+4107µs HEAD (7004µs)
09-11 05:06:56.786 12919 20760 I WiVRn   : [2026-09-11 05:06:56.786] [WiVRn] [info] 	t+4144µs LEFT_GRIP (6967µs)
09-11 05:06:56.786 12919 20760 I WiVRn   : [2026-09-11 05:06:56.786] [WiVRn] [info] 	t+4150µs RIGHT_GRIP (6961µs)
09-11 05:06:56.786 12919 20760 I WiVRn   : [2026-09-11 05:06:56.786] [WiVRn] [info] 	t+7107µs HEAD (4004µs)
09-11 05:06:56.786 12919 20760 I WiVRn   : [2026-09-11 05:06:56.786] [WiVRn] [info] 	t+7144µs LEFT_GRIP (3967µs)
09-11 05:06:56.786 12919 20760 I WiVRn   : [2026-09-11 05:06:56.786] [WiVRn] [info] 	t+7150µs RIGHT_GRIP (3961µs)
09-11 05:06:56.995 12919 20706 I PxrMetric: FPS=73/90,MTP=35.65ms,AppSW=off,FrmEarly=34,FrmLate=10,FrmCpu=0.86ms,FrmGpu=12.00ms,FrmTime=19.30ms,ATWGPU=1.58ms,VsyncDelay=2,GPU=87%/587Mhz,GPUTemp=77.9C,LayerCnt=3,Pkg=org.meumeu.wivrn.nx.warp,FrmId=4125
09-11 05:06:57.243 12919 20758 I WiVRn   : [2026-09-11 05:06:57.243] [WiVRn] [info] nxwarp[0]: 108 frames in 2.0 s: 265702 B/frame, wait-prev 0.0 ms, wall 16.1 ms, nxvc passA 4.8 passB 8.0 gpu 12.9 ms; holes 1, refused 0
09-11 05:06:57.243 12919 20758 I WiVRn   : [2026-09-11 05:06:57.243] [WiVRn] [info] nxwarp[0] gpu duty 692 ms/s (69% of one GPU) for decode alone; the display pass is extra
09-11 05:06:57.243 12919 20758 I WiVRn   : [2026-09-11 05:06:57.243] [WiVRn] [info] nxwarp[0] passB 8.0 ms = warp 0.0 + skip 0.0 + coded 0.0 + dir 0.0 + other 8.0; tiles skip 0 / coded 3528 / dir 0 (eye pass 0)
09-11 05:06:57.243 12919 20758 I WiVRn   : [2026-09-11 05:06:57.243] [WiVRn] [info] nxwarp[0]: 78 frames dropped late (queue kept to 1)
09-11 05:06:57.243 12919 20758 I WiVRn   : [2026-09-11 05:06:57.243] [WiVRn] [info] nxwarp[0] stage: gap 2.5 | wait-prev 0.0 | submit 1.5 (qlock 0.0 + codec 1.5) | get_free 0.0 | fence-pre 0.0 | record 0.0 | qsubmit 0.0 | fence-post 14.6 | publish 0.0 ms; withheld 0, stride 1, arrival 18.1 ms
09-11 05:06:57.243 12919 20758 I WiVRn   : [2026-09-11 05:06:57.243] [WiVRn] [info] nxwarp[0] reassembly (network thread): 0.23 ms/frame over 108 frames, buffer 260 kB held for 260 kB of unit (1.0x)
09-11 05:06:57.243 12919 20758 I WiVRn   : [2026-09-11 05:06:57.243] [WiVRn] [info] nxwarp[0] fence-post 14.6 ms = nxvc gpu 12.9 + copy gpu 0.00 + queue 1.7 (over 108 frames with timestamps)
09-11 05:06:57.281 12919 20716 I WiVRn   : [2026-09-11 05:06:57.281] [WiVRn] [info] render: 153 iterations in 2.0 s (76.4/s), 153 submitted a layer, 107 new-source, 0 skipped by the repeat gate, 0 with nothing to show; display period 13.1 ms
09-11 05:06:57.281 12919 20716 I WiVRn   : [2026-09-11 05:06:57.281] [WiVRn] [info] render: ready wait attempts 51 success 5 total 48.960 ms | selected older than available 0
09-11 05:06:57.281 12919 20716 I WiVRn   : [2026-09-11 05:06:57.281] [WiVRn] [info] render: selected source transitions forward 107 backward 0 repeat 46, greatest forward gap 1
09-11 05:06:57.281 12919 20716 I WiVRn   : [2026-09-11 05:06:57.281] [WiVRn] [info] render: this app's own GPU pass 3.3 ms per iteration
09-11 05:06:57.281 12919 20716 I WiVRn   : [2026-09-11 05:06:57.281] [WiVRn] [info] render: defoveate 2688x2688 per eye x2 = 14.45 Mpx/frame at scale 1.00 atlas-prototype 0; 46 re-presented from the cache (reduce_gpu_load on)
09-11 05:06:57.281 12919 20716 I WiVRn   : [2026-09-11 05:06:57.281] [WiVRn] [info] render: shader path sharpness 0.00 fsr false alpha false motion false blend false glow 0.00 vignette 0.00 deband 0.00 lowpoly 0.00 levels 0 full-kernel false
09-11 05:06:57.281 12919 20716 I WiVRn   : [2026-09-11 05:06:57.281] [WiVRn] [info] render: per iteration fence 2.8 (worst 13.8) | queries 0.0 | submit 0.0 | whole render() 3.7 ms
09-11 05:06:57.281 12919 20716 I WiVRn   : [2026-09-11 05:06:57.281] [WiVRn] [info] render: selection-to-defoveate CPU 0.050 ms mean (max 0.118) over 107 actual defoveate calls; not GPU/photon latency
09-11 05:06:57.281 12919 20716 I WiVRn   : [2026-09-11 05:06:57.281] [WiVRn] [info] render: jit on | wake slack 46.1 ms | slept 5.0 ms mean (max 5.0, 153 of 153 iterations) | budget 15.0 = pass 14.0 + margin 1.0 | sleep cap 5.0 ms
09-11 05:06:57.281 12919 20716 I WiVRn   : [2026-09-11 05:06:57.281] [WiVRn] [info] render: source display-time offset 79.3 ms mean (worst 97.5) over 153 frames | submit lead 37.4 ms mean (worst 22.2) | misses: 0 overrun 0 late 0 skipped refresh
09-11 05:06:57.281 12919 20716 I WiVRn   : [2026-09-11 05:06:57.281] [WiVRn] [info] render: source->first 6.9 ms | wire 9.2 | queue 2.2 | decode 16.0 | decode->selection 7.0 | selection->predicted 37.9 | sum 79.3 over 153 selected frames (0 invalid)
09-11 05:06:57.787 12919 20760 I WiVRn   : [2026-09-11 05:06:57.786] [WiVRn] [info] Tracking pattern (11114µs):
09-11 05:06:57.787 12919 20760 I WiVRn   : [2026-09-11 05:06:57.787] [WiVRn] [info] 	t+4207µs HEAD (6907µs)
09-11 05:06:57.787 12919 20760 I WiVRn   : [2026-09-11 05:06:57.787] [WiVRn] [info] 	t+4249µs LEFT_GRIP (6865µs)
09-11 05:06:57.787 12919 20760 I WiVRn   : [2026-09-11 05:06:57.787] [WiVRn] [info] 	t+4257µs RIGHT_GRIP (6857µs)
09-11 05:06:57.787 12919 20760 I WiVRn   : [2026-09-11 05:06:57.787] [WiVRn] [info] 	t+7207µs HEAD (3907µs)
09-11 05:06:57.787 12919 20760 I WiVRn   : [2026-09-11 05:06:57.787] [WiVRn] [info] 	t+7249µs LEFT_GRIP (3865µs)
09-11 05:06:57.787 12919 20760 I WiVRn   : [2026-09-11 05:06:57.787] [WiVRn] [info] 	t+7257µs RIGHT_GRIP (3857µs)
09-11 05:06:58.002 12919 20706 I PxrMetric: FPS=77/90,MTP=40.29ms,AppSW=off,FrmEarly=31,FrmLate=11,FrmCpu=0.83ms,FrmGpu=9.50ms,FrmTime=16.98ms,ATWGPU=1.60ms,VsyncDelay=2,GPU=99%/587Mhz,GPUTemp=77.5C,LayerCnt=3,Pkg=org.meumeu.wivrn.nx.warp,FrmId=4205
09-11 05:06:58.515 12919 20755 I WiVRn   : [2026-09-11 05:06:58.515] [WiVRn] [info] nxwarp[0] net: 107 frames closed in 2.0 s, 0 with a hole, 0 out-of-order datagrams, 0 frames completed late, 0 queued for the worker, 2699 decoded so far, 2909 stragglers dropped; last hole 1877/2007 chunks, first missing 1534, short false, chunk 1166 B; worker phase copy-fence-wait
09-11 05:06:58.515 12919 20755 I WiVRn   : [2026-09-11 05:06:58.515] [WiVRn] [info] nxwarp[0] net: 0.025 ms per datagram over 35536 datagrams (443.06 ms of every second)
09-11 05:06:58.515 12919 20755 I WiVRn   : [2026-09-11 05:06:58.515] [WiVRn] [info] nxwarp[0] sel: stride 1, arrival 19.4 ms, dropped-late 78, withheld 0, decoded 2699
09-11 05:06:58.515 12919 20755 I WiVRn   : [2026-09-11 05:06:58.515] [WiVRn] [info] nxwarp[0] rx: 893878 datagrams, placed 6809207 (+321432), late 370744 (+9084), stale_frame 0, bad_range 0, bad_dir 0, bad_caps 0, bad_ver 0, auth_fail 0, replay 0, frozen 0, dup 318
09-11 05:06:58.787 12919 20760 I WiVRn   : [2026-09-11 05:06:58.786] [WiVRn] [info] Tracking pattern (11110µs):
09-11 05:06:58.787 12919 20760 I WiVRn   : [2026-09-11 05:06:58.787] [WiVRn] [info] 	t+3406µs HEAD (7703µs)
09-11 05:06:58.787 12919 20760 I WiVRn   : [2026-09-11 05:06:58.787] [WiVRn] [info] 	t+3468µs LEFT_GRIP (7641µs)
09-11 05:06:58.787 12919 20760 I WiVRn   : [2026-09-11 05:06:58.787] [WiVRn] [info] 	t+3473µs RIGHT_GRIP (7636µs)
09-11 05:06:58.787 12919 20760 I WiVRn   : [2026-09-11 05:06:58.787] [WiVRn] [info] 	t+6406µs HEAD (4703µs)
09-11 05:06:58.787 12919 20760 I WiVRn   : [2026-09-11 05:06:58.787] [WiVRn] [info] 	t+6468µs LEFT_GRIP (4641µs)
09-11 05:06:58.787 12919 20760 I WiVRn   : [2026-09-11 05:06:58.787] [WiVRn] [info] 	t+6473µs RIGHT_GRIP (4636µs)
09-11 05:06:59.012 12919 20706 I PxrMetric: FPS=80/90,MTP=35.88ms,AppSW=off,FrmEarly=21,FrmLate=9,FrmCpu=0.78ms,FrmGpu=12.10ms,FrmTime=19.30ms,ATWGPU=1.64ms,VsyncDelay=3,GPU=99%/587Mhz,GPUTemp=77.9C,LayerCnt=3,Pkg=org.meumeu.wivrn.nx.warp,FrmId=4284
09-11 05:06:59.254 12919 20758 I WiVRn   : [2026-09-11 05:06:59.254] [WiVRn] [info] nxwarp[0]: 107 frames in 2.0 s: 268334 B/frame, wait-prev 0.0 ms, wall 16.2 ms, nxvc passA 4.7 passB 8.2 gpu 13.0 ms; holes 1, refused 0
09-11 05:06:59.254 12919 20758 I WiVRn   : [2026-09-11 05:06:59.254] [WiVRn] [info] nxwarp[0] gpu duty 691 ms/s (69% of one GPU) for decode alone; the display pass is extra
09-11 05:06:59.254 12919 20758 I WiVRn   : [2026-09-11 05:06:59.254] [WiVRn] [info] nxwarp[0] passB 8.2 ms = warp 0.0 + skip 0.0 + coded 0.0 + dir 0.0 + other 8.2; tiles skip 0 / coded 3528 / dir 0 (eye pass 0)
09-11 05:06:59.254 12919 20758 I WiVRn   : [2026-09-11 05:06:59.254] [WiVRn] [info] nxwarp[0]: 78 frames dropped late (queue kept to 1)
09-11 05:06:59.254 12919 20758 I WiVRn   : [2026-09-11 05:06:59.254] [WiVRn] [info] nxwarp[0] stage: gap 2.6 | wait-prev 0.0 | submit 1.5 (qlock 0.0 + codec 1.5) | get_free 0.0 | fence-pre 0.0 | record 0.0 | qsubmit 0.0 | fence-post 14.6 | publish 0.0 ms; withheld 0, stride 1, arrival 17.7 ms
09-11 05:06:59.254 12919 20758 I WiVRn   : [2026-09-11 05:06:59.254] [WiVRn] [info] nxwarp[0] reassembly (network thread): 0.18 ms/frame over 107 frames, buffer 262 kB held for 262 kB of unit (1.0x)
09-11 05:06:59.254 12919 20758 I WiVRn   : [2026-09-11 05:06:59.254] [WiVRn] [info] nxwarp[0] fence-post 14.7 ms = nxvc gpu 13.0 + copy gpu 0.00 + queue 1.6 (over 107 frames with timestamps)
09-11 05:06:59.292 12919 20716 I WiVRn   : [2026-09-11 05:06:59.292] [WiVRn] [info] render: 158 iterations in 2.0 s (78.8/s), 158 submitted a layer, 108 new-source, 0 skipped by the repeat gate, 0 with nothing to show; display period 12.7 ms
09-11 05:06:59.292 12919 20716 I WiVRn   : [2026-09-11 05:06:59.292] [WiVRn] [info] render: ready wait attempts 63 success 13 total 53.309 ms | selected older than available 0
09-11 05:06:59.292 12919 20716 I WiVRn   : [2026-09-11 05:06:59.292] [WiVRn] [info] render: selected source transitions forward 108 backward 0 repeat 50, greatest forward gap 1
09-11 05:06:59.292 12919 20716 I WiVRn   : [2026-09-11 05:06:59.292] [WiVRn] [info] render: this app's own GPU pass 3.2 ms per iteration
09-11 05:06:59.292 12919 20716 I WiVRn   : [2026-09-11 05:06:59.292] [WiVRn] [info] render: defoveate 2688x2688 per eye x2 = 14.45 Mpx/frame at scale 1.00 atlas-prototype 0; 50 re-presented from the cache (reduce_gpu_load on)
09-11 05:06:59.292 12919 20716 I WiVRn   : [2026-09-11 05:06:59.292] [WiVRn] [info] render: shader path sharpness 0.00 fsr false alpha false motion false blend false glow 0.00 vignette 0.00 deband 0.00 lowpoly 0.00 levels 0 full-kernel false
09-11 05:06:59.292 12919 20716 I WiVRn   : [2026-09-11 05:06:59.292] [WiVRn] [info] render: per iteration fence 2.7 (worst 13.3) | queries 0.0 | submit 0.0 | whole render() 3.6 ms
09-11 05:06:59.292 12919 20716 I WiVRn   : [2026-09-11 05:06:59.292] [WiVRn] [info] render: selection-to-defoveate CPU 0.050 ms mean (max 0.103) over 108 actual defoveate calls; not GPU/photon latency
09-11 05:06:59.292 12919 20716 I WiVRn   : [2026-09-11 05:06:59.292] [WiVRn] [info] render: jit on | wake slack 44.9 ms | slept 5.0 ms mean (max 5.0, 158 of 158 iterations) | budget 14.3 = pass 13.3 + margin 1.0 | sleep cap 5.0 ms
09-11 05:06:59.292 12919 20716 I WiVRn   : [2026-09-11 05:06:59.292] [WiVRn] [info] render: source display-time offset 76.9 ms mean (worst 97.4) over 158 frames | submit lead 36.3 ms mean (worst 22.0) | misses: 0 overrun 0 late 0 skipped refresh
09-11 05:06:59.292 12919 20716 I WiVRn   : [2026-09-11 05:06:59.292] [WiVRn] [info] render: source->first 6.7 ms | wire 8.8 | queue 1.8 | decode 16.1 | decode->selection 6.8 | selection->predicted 36.8 | sum 76.9 over 158 selected frames (0 invalid)
09-11 05:06:59.787 12919 20760 I WiVRn   : [2026-09-11 05:06:59.787] [WiVRn] [info] Tracking pattern (11106µs):
09-11 05:06:59.787 12919 20760 I WiVRn   : [2026-09-11 05:06:59.787] [WiVRn] [info] 	t+4003µs HEAD (7103µs)
09-11 05:06:59.787 12919 20760 I WiVRn   : [2026-09-11 05:06:59.787] [WiVRn] [info] 	t+4077µs LEFT_GRIP (7029µs)
09-11 05:06:59.787 12919 20760 I WiVRn   : [2026-09-11 05:06:59.787] [WiVRn] [info] 	t+4088µs RIGHT_GRIP (7018µs)
09-11 05:06:59.787 12919 20760 I WiVRn   : [2026-09-11 05:06:59.787] [WiVRn] [info] 	t+7003µs HEAD (4103µs)
09-11 05:06:59.787 12919 20760 I WiVRn   : [2026-09-11 05:06:59.787] [WiVRn] [info] 	t+7077µs LEFT_GRIP (4029µs)
09-11 05:06:59.787 12919 20760 I WiVRn   : [2026-09-11 05:06:59.787] [WiVRn] [info] 	t+7088µs RIGHT_GRIP (4018µs)
09-11 05:07:00.027 12919 20706 I PxrMetric: FPS=78/90,MTP=33.38ms,AppSW=off,FrmEarly=24,FrmLate=15,FrmCpu=0.77ms,FrmGpu=12.51ms,FrmTime=20.49ms,ATWGPU=1.65ms,VsyncDelay=2,GPU=99%/587Mhz,GPUTemp=77.1C,LayerCnt=3,Pkg=org.meumeu.wivrn.nx.warp,FrmId=4360
09-11 05:07:00.516 12919 20755 I WiVRn   : [2026-09-11 05:07:00.516] [WiVRn] [info] nxwarp[0] net: 106 frames closed in 2.0 s, 0 with a hole, 0 out-of-order datagrams, 0 frames completed late, 0 queued for the worker, 2806 decoded so far, 3015 stragglers dropped; last hole 1877/2007 chunks, first missing 1534, short false, chunk 1166 B; worker phase idle
09-11 05:07:00.516 12919 20755 I WiVRn   : [2026-09-11 05:07:00.516] [WiVRn] [info] nxwarp[0] net: 0.025 ms per datagram over 34079 datagrams (433.57 ms of every second)
09-11 05:07:00.516 12919 20755 I WiVRn   : [2026-09-11 05:07:00.516] [WiVRn] [info] nxwarp[0] sel: stride 1, arrival 18.9 ms, dropped-late 78, withheld 0, decoded 2806
09-11 05:07:00.516 12919 20755 I WiVRn   : [2026-09-11 05:07:00.516] [WiVRn] [info] nxwarp[0] rx: 927957 datagrams, placed 7077730 (+268523), late 379208 (+8464), stale_frame 0, bad_range 0, bad_dir 0, bad_caps 0, bad_ver 0, auth_fail 0, replay 0, frozen 0, dup 324
09-11 05:07:00.787 12919 20760 I WiVRn   : [2026-09-11 05:07:00.787] [WiVRn] [info] Tracking pattern (11111µs):
09-11 05:07:00.787 12919 20760 I WiVRn   : [2026-09-11 05:07:00.787] [WiVRn] [info] 	t+3693µs HEAD (7418µs)
09-11 05:07:00.787 12919 20760 I WiVRn   : [2026-09-11 05:07:00.787] [WiVRn] [info] 	t+3734µs LEFT_GRIP (7377µs)
09-11 05:07:00.787 12919 20760 I WiVRn   : [2026-09-11 05:07:00.787] [WiVRn] [info] 	t+3742µs RIGHT_GRIP (7369µs)
09-11 05:07:00.787 12919 20760 I WiVRn   : [2026-09-11 05:07:00.787] [WiVRn] [info] 	t+6693µs HEAD (4418µs)
09-11 05:07:00.787 12919 20760 I WiVRn   : [2026-09-11 05:07:00.787] [WiVRn] [info] 	t+6734µs LEFT_GRIP (4377µs)
09-11 05:07:00.787 12919 20760 I WiVRn   : [2026-09-11 05:07:00.787] [WiVRn] [info] 	t+6742µs RIGHT_GRIP (4369µs)
09-11 05:07:01.042 12919 20706 I PxrMetric: FPS=75/90,MTP=36.15ms,AppSW=off,FrmEarly=30,FrmLate=9,FrmCpu=0.80ms,FrmGpu=11.90ms,FrmTime=20.70ms,ATWGPU=1.62ms,VsyncDelay=2,GPU=99%/587Mhz,GPUTemp=76.8C,LayerCnt=3,Pkg=org.meumeu.wivrn.nx.warp,FrmId=4442
09-11 05:07:01.270 12919 20758 I WiVRn   : [2026-09-11 05:07:01.270] [WiVRn] [info] nxwarp[0]: 107 frames in 2.0 s: 266052 B/frame, wait-prev 0.0 ms, wall 16.3 ms, nxvc passA 5.0 passB 8.0 gpu 13.0 ms; holes 1, refused 0
09-11 05:07:01.270 12919 20758 I WiVRn   : [2026-09-11 05:07:01.270] [WiVRn] [info] nxwarp[0] gpu duty 692 ms/s (69% of one GPU) for decode alone; the display pass is extra
09-11 05:07:01.270 12919 20758 I WiVRn   : [2026-09-11 05:07:01.270] [WiVRn] [info] nxwarp[0] passB 8.0 ms = warp 0.0 + skip 0.0 + coded 0.0 + dir 0.0 + other 8.0; tiles skip 0 / coded 3528 / dir 0 (eye pass 0)
09-11 05:07:01.270 12919 20758 I WiVRn   : [2026-09-11 05:07:01.270] [WiVRn] [info] nxwarp[0]: 78 frames dropped late (queue kept to 1)
09-11 05:07:01.270 12919 20758 I WiVRn   : [2026-09-11 05:07:01.270] [WiVRn] [info] nxwarp[0] stage: gap 2.5 | wait-prev 0.0 | submit 1.5 (qlock 0.0 + codec 1.5) | get_free 0.0 | fence-pre 0.0 | record 0.0 | qsubmit 0.0 | fence-post 14.8 | publish 0.0 ms; withheld 0, stride 1, arrival 19.4 ms
09-11 05:07:01.270 12919 20758 I WiVRn   : [2026-09-11 05:07:01.270] [WiVRn] [info] nxwarp[0] reassembly (network thread): 0.21 ms/frame over 106 frames, buffer 260 kB held for 260 kB of unit (1.0x)
09-11 05:07:01.270 12919 20758 I WiVRn   : [2026-09-11 05:07:01.270] [WiVRn] [info] nxwarp[0] fence-post 14.8 ms = nxvc gpu 13.0 + copy gpu 0.00 + queue 1.8 (over 107 frames with timestamps)
09-11 05:07:01.291 12919 20716 I WiVRn   : [2026-09-11 05:07:01.291] [WiVRn] [info] render: 156 iterations in 2.0 s (77.8/s), 156 submitted a layer, 106 new-source, 0 skipped by the repeat gate, 0 with nothing to show; display period 12.8 ms
09-11 05:07:01.291 12919 20716 I WiVRn   : [2026-09-11 05:07:01.291] [WiVRn] [info] render: ready wait attempts 53 success 3 total 53.122 ms | selected older than available 0
09-11 05:07:01.291 12919 20716 I WiVRn   : [2026-09-11 05:07:01.291] [WiVRn] [info] render: selected source transitions forward 106 backward 0 repeat 50, greatest forward gap 1
09-11 05:07:01.291 12919 20716 I WiVRn   : [2026-09-11 05:07:01.291] [WiVRn] [info] render: this app's own GPU pass 3.2 ms per iteration
09-11 05:07:01.291 12919 20716 I WiVRn   : [2026-09-11 05:07:01.291] [WiVRn] [info] render: defoveate 2688x2688 per eye x2 = 14.45 Mpx/frame at scale 1.00 atlas-prototype 0; 50 re-presented from the cache (reduce_gpu_load on)
09-11 05:07:01.291 12919 20716 I WiVRn   : [2026-09-11 05:07:01.291] [WiVRn] [info] render: shader path sharpness 0.00 fsr false alpha false motion false blend false glow 0.00 vignette 0.00 deband 0.00 lowpoly 0.00 levels 0 full-kernel false
09-11 05:07:01.291 12919 20716 I WiVRn   : [2026-09-11 05:07:01.291] [WiVRn] [info] render: per iteration fence 2.4 (worst 13.5) | queries 0.0 | submit 0.0 | whole render() 3.4 ms
09-11 05:07:01.291 12919 20716 I WiVRn   : [2026-09-11 05:07:01.291] [WiVRn] [info] render: selection-to-defoveate CPU 0.051 ms mean (max 0.107) over 106 actual defoveate calls; not GPU/photon latency
09-11 05:07:01.291 12919 20716 I WiVRn   : [2026-09-11 05:07:01.291] [WiVRn] [info] render: jit on | wake slack 45.8 ms | slept 5.0 ms mean (max 5.0, 156 of 156 iterations) | budget 15.0 = pass 14.0 + margin 1.0 | sleep cap 5.0 ms
09-11 05:07:01.291 12919 20716 I WiVRn   : [2026-09-11 05:07:01.291] [WiVRn] [info] render: source display-time offset 79.1 ms mean (worst 97.4) over 156 frames | submit lead 37.4 ms mean (worst 22.0) | misses: 0 overrun 0 late 0 skipped refresh
09-11 05:07:01.291 12919 20716 I WiVRn   : [2026-09-11 05:07:01.291] [WiVRn] [info] render: source->first 6.7 ms | wire 9.2 | queue 1.9 | decode 16.3 | decode->selection 7.0 | selection->predicted 38.0 | sum 79.1 over 156 selected frames (0 invalid)
09-11 05:07:01.787 12919 20760 I WiVRn   : [2026-09-11 05:07:01.787] [WiVRn] [info] Tracking pattern (11112µs):
09-11 05:07:01.787 12919 20760 I WiVRn   : [2026-09-11 05:07:01.787] [WiVRn] [info] 	t+3887µs HEAD (7224µs)
09-11 05:07:01.787 12919 20760 I WiVRn   : [2026-09-11 05:07:01.787] [WiVRn] [info] 	t+3927µs LEFT_GRIP (7184µs)
09-11 05:07:01.787 12919 20760 I WiVRn   : [2026-09-11 05:07:01.787] [WiVRn] [info] 	t+3933µs RIGHT_GRIP (7178µs)
09-11 05:07:01.787 12919 20760 I WiVRn   : [2026-09-11 05:07:01.787] [WiVRn] [info] 	t+6887µs HEAD (4224µs)
09-11 05:07:01.787 12919 20760 I WiVRn   : [2026-09-11 05:07:01.787] [WiVRn] [info] 	t+6927µs LEFT_GRIP (4184µs)
09-11 05:07:01.787 12919 20760 I WiVRn   : [2026-09-11 05:07:01.787] [WiVRn] [info] 	t+6933µs RIGHT_GRIP (4178µs)
09-11 05:07:02.046 12919 20706 I PxrMetric: FPS=81/90,MTP=48.55ms,AppSW=off,FrmEarly=25,FrmLate=10,FrmCpu=0.73ms,FrmGpu=13.12ms,FrmTime=20.80ms,ATWGPU=1.61ms,VsyncDelay=3,GPU=89%/587Mhz,GPUTemp=78.3C,LayerCnt=3,Pkg=org.meumeu.wivrn.nx.warp,FrmId=4518
09-11 05:07:02.530 12919 20755 I WiVRn   : [2026-09-11 05:07:02.530] [WiVRn] [info] nxwarp[0] net: 106 frames closed in 2.0 s, 0 with a hole, 0 out-of-order datagrams, 0 frames completed late, 0 queued for the worker, 2912 decoded so far, 3121 stragglers dropped; last hole 1877/2007 chunks, first missing 1534, short false, chunk 1166 B; worker phase idle
09-11 05:07:02.530 12919 20755 I WiVRn   : [2026-09-11 05:07:02.530] [WiVRn] [info] nxwarp[0] net: 0.025 ms per datagram over 36395 datagrams (447.12 ms of every second)
09-11 05:07:02.530 12919 20755 I WiVRn   : [2026-09-11 05:07:02.530] [WiVRn] [info] nxwarp[0] sel: stride 1, arrival 18.8 ms, dropped-late 78, withheld 0, decoded 2912
09-11 05:07:02.530 12919 20755 I WiVRn   : [2026-09-11 05:07:02.530] [WiVRn] [info] nxwarp[0] rx: 964352 datagrams, placed 7451698 (+373968), late 385999 (+6791), stale_frame 0, bad_range 0, bad_dir 0, bad_caps 0, bad_ver 0, auth_fail 0, replay 0, frozen 0, dup 335
09-11 05:07:02.787 12919 20760 I WiVRn   : [2026-09-11 05:07:02.787] [WiVRn] [info] Tracking pattern (11110µs):
09-11 05:07:02.787 12919 20760 I WiVRn   : [2026-09-11 05:07:02.787] [WiVRn] [info] 	t+3757µs HEAD (7353µs)
09-11 05:07:02.787 12919 20760 I WiVRn   : [2026-09-11 05:07:02.787] [WiVRn] [info] 	t+3807µs LEFT_GRIP (7303µs)
09-11 05:07:02.787 12919 20760 I WiVRn   : [2026-09-11 05:07:02.787] [WiVRn] [info] 	t+3815µs RIGHT_GRIP (7295µs)
09-11 05:07:02.787 12919 20760 I WiVRn   : [2026-09-11 05:07:02.787] [WiVRn] [info] 	t+6757µs HEAD (4353µs)
09-11 05:07:02.787 12919 20760 I WiVRn   : [2026-09-11 05:07:02.787] [WiVRn] [info] 	t+6807µs LEFT_GRIP (4303µs)
09-11 05:07:02.787 12919 20760 I WiVRn   : [2026-09-11 05:07:02.787] [WiVRn] [info] 	t+6815µs RIGHT_GRIP (4295µs)
09-11 05:07:03.046 12919 20706 I PxrMetric: FPS=76/90,MTP=34.89ms,AppSW=off,FrmEarly=29,FrmLate=7,FrmCpu=0.82ms,FrmGpu=11.17ms,FrmTime=18.61ms,ATWGPU=1.61ms,VsyncDelay=2,GPU=88%/587Mhz,GPUTemp=76.8C,LayerCnt=3,Pkg=org.meumeu.wivrn.nx.warp,FrmId=4600
09-11 05:07:03.288 12919 20758 I WiVRn   : [2026-09-11 05:07:03.288] [WiVRn] [info] nxwarp[0]: 106 frames in 2.0 s: 273251 B/frame, wait-prev 0.0 ms, wall 16.4 ms, nxvc passA 5.3 passB 8.0 gpu 13.3 ms; holes 1, refused 0
09-11 05:07:03.288 12919 20758 I WiVRn   : [2026-09-11 05:07:03.288] [WiVRn] [info] nxwarp[0] gpu duty 696 ms/s (70% of one GPU) for decode alone; the display pass is extra
09-11 05:07:03.288 12919 20758 I WiVRn   : [2026-09-11 05:07:03.288] [WiVRn] [info] nxwarp[0] passB 8.0 ms = warp 0.0 + skip 0.0 + coded 0.0 + dir 0.0 + other 8.0; tiles skip 0 / coded 3528 / dir 0 (eye pass 0)
09-11 05:07:03.288 12919 20758 I WiVRn   : [2026-09-11 05:07:03.288] [WiVRn] [info] nxwarp[0]: 78 frames dropped late (queue kept to 1)
09-11 05:07:03.288 12919 20758 I WiVRn   : [2026-09-11 05:07:03.288] [WiVRn] [info] nxwarp[0] stage: gap 2.7 | wait-prev 0.0 | submit 1.5 (qlock 0.0 + codec 1.5) | get_free 0.0 | fence-pre 0.0 | record 0.0 | qsubmit 0.0 | fence-post 14.8 | publish 0.0 ms; withheld 0, stride 1, arrival 18.5 ms
09-11 05:07:03.288 12919 20758 I WiVRn   : [2026-09-11 05:07:03.288] [WiVRn] [info] nxwarp[0] reassembly (network thread): 0.22 ms/frame over 107 frames, buffer 267 kB held for 267 kB of unit (1.0x)
09-11 05:07:03.288 12919 20758 I WiVRn   : [2026-09-11 05:07:03.288] [WiVRn] [info] nxwarp[0] fence-post 14.8 ms = nxvc gpu 13.3 + copy gpu 0.00 + queue 1.6 (over 106 frames with timestamps)
09-11 05:07:03.297 12919 20716 I WiVRn   : [2026-09-11 05:07:03.297] [WiVRn] [info] render: 157 iterations in 2.0 s (78.2/s), 157 submitted a layer, 105 new-source, 0 skipped by the repeat gate, 0 with nothing to show; display period 12.8 ms
09-11 05:07:03.297 12919 20716 I WiVRn   : [2026-09-11 05:07:03.297] [WiVRn] [info] render: ready wait attempts 60 success 8 total 55.257 ms | selected older than available 0
09-11 05:07:03.297 12919 20716 I WiVRn   : [2026-09-11 05:07:03.297] [WiVRn] [info] render: selected source transitions forward 105 backward 0 repeat 52, greatest forward gap 1
09-11 05:07:03.297 12919 20716 I WiVRn   : [2026-09-11 05:07:03.297] [WiVRn] [info] render: this app's own GPU pass 3.1 ms per iteration
09-11 05:07:03.297 12919 20716 I WiVRn   : [2026-09-11 05:07:03.297] [WiVRn] [info] render: defoveate 2688x2688 per eye x2 = 14.45 Mpx/frame at scale 1.00 atlas-prototype 0; 52 re-presented from the cache (reduce_gpu_load on)
09-11 05:07:03.297 12919 20716 I WiVRn   : [2026-09-11 05:07:03.297] [WiVRn] [info] render: shader path sharpness 0.00 fsr false alpha false motion false blend false glow 0.00 vignette 0.00 deband 0.00 lowpoly 0.00 levels 0 full-kernel false
09-11 05:07:03.297 12919 20716 I WiVRn   : [2026-09-11 05:07:03.297] [WiVRn] [info] render: per iteration fence 2.6 (worst 13.6) | queries 0.0 | submit 0.0 | whole render() 3.5 ms
09-11 05:07:03.297 12919 20716 I WiVRn   : [2026-09-11 05:07:03.297] [WiVRn] [info] render: selection-to-defoveate CPU 0.050 ms mean (max 0.092) over 105 actual defoveate calls; not GPU/photon latency
09-11 05:07:03.297 12919 20716 I WiVRn   : [2026-09-11 05:07:03.297] [WiVRn] [info] render: jit on | wake slack 46.1 ms | slept 5.0 ms mean (max 5.0, 157 of 157 iterations) | budget 15.2 = pass 14.2 + margin 1.0 | sleep cap 5.0 ms
09-11 05:07:03.297 12919 20716 I WiVRn   : [2026-09-11 05:07:03.297] [WiVRn] [info] render: source display-time offset 79.5 ms mean (worst 97.2) over 157 frames | submit lead 37.6 ms mean (worst 24.6) | misses: 0 overrun 0 late 0 skipped refresh
09-11 05:07:03.297 12919 20716 I WiVRn   : [2026-09-11 05:07:03.297] [WiVRn] [info] render: source->first 6.6 ms | wire 9.5 | queue 1.9 | decode 16.3 | decode->selection 7.0 | selection->predicted 38.1 | sum 79.5 over 157 selected frames (0 invalid)
09-11 05:07:03.787 12919 20760 I WiVRn   : [2026-09-11 05:07:03.787] [WiVRn] [info] Tracking pattern (11113µs):
09-11 05:07:03.787 12919 20760 I WiVRn   : [2026-09-11 05:07:03.787] [WiVRn] [info] 	t+3773µs HEAD (7339µs)
09-11 05:07:03.787 12919 20760 I WiVRn   : [2026-09-11 05:07:03.787] [WiVRn] [info] 	t+3812µs LEFT_GRIP (7300µs)
09-11 05:07:03.787 12919 20760 I WiVRn   : [2026-09-11 05:07:03.787] [WiVRn] [info] 	t+3820µs RIGHT_GRIP (7292µs)
09-11 05:07:03.787 12919 20760 I WiVRn   : [2026-09-11 05:07:03.787] [WiVRn] [info] 	t+6773µs HEAD (4339µs)
09-11 05:07:03.787 12919 20760 I WiVRn   : [2026-09-11 05:07:03.787] [WiVRn] [info] 	t+6812µs LEFT_GRIP (4300µs)
09-11 05:07:03.787 12919 20760 I WiVRn   : [2026-09-11 05:07:03.787] [WiVRn] [info] 	t+6820µs RIGHT_GRIP (4292µs)
09-11 05:07:04.046 12919 20706 I PxrMetric: FPS=82/90,MTP=40.85ms,AppSW=off,FrmEarly=27,FrmLate=10,FrmCpu=0.79ms,FrmGpu=12.56ms,FrmTime=20.75ms,ATWGPU=1.60ms,VsyncDelay=3,GPU=94%/587Mhz,GPUTemp=77.9C,LayerCnt=3,Pkg=org.meumeu.wivrn.nx.warp,FrmId=4678
09-11 05:07:04.549 12919 20755 I WiVRn   : [2026-09-11 05:07:04.549] [WiVRn] [info] nxwarp[0] net: 107 frames closed in 2.0 s, 0 with a hole, 0 out-of-order datagrams, 0 frames completed late, 0 queued for the worker, 3018 decoded so far, 3228 stragglers dropped; last hole 1877/2007 chunks, first missing 1534, short false, chunk 1166 B; worker phase copy-fence-wait
09-11 05:07:04.549 12919 20755 I WiVRn   : [2026-09-11 05:07:04.549] [WiVRn] [info] nxwarp[0] net: 0.025 ms per datagram over 36206 datagrams (447.57 ms of every second)
09-11 05:07:04.549 12919 20755 I WiVRn   : [2026-09-11 05:07:04.549] [WiVRn] [info] nxwarp[0] sel: stride 1, arrival 18.4 ms, dropped-late 78, withheld 0, decoded 3018
09-11 05:07:04.549 12919 20755 I WiVRn   : [2026-09-11 05:07:04.549] [WiVRn] [info] nxwarp[0] rx: 1000558 datagrams, placed 7799556 (+347858), late 400359 (+14360), stale_frame 0, bad_range 0, bad_dir 0, bad_caps 0, bad_ver 0, auth_fail 0, replay 0, frozen 0, dup 365
09-11 05:07:04.787 12919 20760 I WiVRn   : [2026-09-11 05:07:04.787] [WiVRn] [info] Tracking pattern (11111µs):
09-11 05:07:04.787 12919 20760 I WiVRn   : [2026-09-11 05:07:04.787] [WiVRn] [info] 	t+3773µs HEAD (7338µs)
09-11 05:07:04.787 12919 20760 I WiVRn   : [2026-09-11 05:07:04.787] [WiVRn] [info] 	t+3809µs LEFT_GRIP (7301µs)
09-11 05:07:04.787 12919 20760 I WiVRn   : [2026-09-11 05:07:04.787] [WiVRn] [info] 	t+3814µs RIGHT_GRIP (7297µs)
09-11 05:07:04.787 12919 20760 I WiVRn   : [2026-09-11 05:07:04.787] [WiVRn] [info] 	t+6773µs HEAD (4338µs)
09-11 05:07:04.787 12919 20760 I WiVRn   : [2026-09-11 05:07:04.787] [WiVRn] [info] 	t+6809µs LEFT_GRIP (4301µs)
09-11 05:07:04.787 12919 20760 I WiVRn   : [2026-09-11 05:07:04.787] [WiVRn] [info] 	t+6814µs RIGHT_GRIP (4297µs)
09-11 05:07:05.060 12919 20706 I PxrMetric: FPS=78/90,MTP=40.94ms,AppSW=off,FrmEarly=27,FrmLate=7,FrmCpu=0.83ms,FrmGpu=11.17ms,FrmTime=18.10ms,ATWGPU=1.60ms,VsyncDelay=2,GPU=56%/587Mhz,GPUTemp=77.1C,LayerCnt=3,Pkg=org.meumeu.wivrn.nx.warp,FrmId=4759
09-11 05:07:05.298 12919 20758 I WiVRn   : [2026-09-11 05:07:05.298] [WiVRn] [info] nxwarp[0]: 107 frames in 2.0 s: 262608 B/frame, wait-prev 0.0 ms, wall 16.2 ms, nxvc passA 4.9 passB 8.0 gpu 12.9 ms; holes 1, refused 0
09-11 05:07:05.298 12919 20758 I WiVRn   : [2026-09-11 05:07:05.298] [WiVRn] [info] nxwarp[0] gpu duty 685 ms/s (68% of one GPU) for decode alone; the display pass is extra
09-11 05:07:05.299 12919 20758 I WiVRn   : [2026-09-11 05:07:05.299] [WiVRn] [info] nxwarp[0] passB 8.0 ms = warp 0.0 + skip 0.0 + coded 0.0 + dir 0.0 + other 8.0; tiles skip 0 / coded 3528 / dir 0 (eye pass 0)
09-11 05:07:05.299 12919 20758 I WiVRn   : [2026-09-11 05:07:05.299] [WiVRn] [info] nxwarp[0]: 78 frames dropped late (queue kept to 1)
09-11 05:07:05.299 12919 20758 I WiVRn   : [2026-09-11 05:07:05.299] [WiVRn] [info] nxwarp[0] stage: gap 2.6 | wait-prev 0.0 | submit 1.4 (qlock 0.0 + codec 1.4) | get_free 0.0 | fence-pre 0.0 | record 0.0 | qsubmit 0.0 | fence-post 14.7 | publish 0.0 ms; withheld 0, stride 1, arrival 18.7 ms
09-11 05:07:05.299 12919 20758 I WiVRn   : [2026-09-11 05:07:05.299] [WiVRn] [info] nxwarp[0] reassembly (network thread): 0.21 ms/frame over 106 frames, buffer 256 kB held for 256 kB of unit (1.0x)
09-11 05:07:05.299 12919 20758 I WiVRn   : [2026-09-11 05:07:05.299] [WiVRn] [info] nxwarp[0] fence-post 14.7 ms = nxvc gpu 12.9 + copy gpu 0.00 + queue 1.8 (over 107 frames with timestamps)
09-11 05:07:05.304 12919 20716 I WiVRn   : [2026-09-11 05:07:05.304] [WiVRn] [info] render: 160 iterations in 2.0 s (79.7/s), 160 submitted a layer, 107 new-source, 0 skipped by the repeat gate, 0 with nothing to show; display period 12.5 ms
09-11 05:07:05.304 12919 20716 I WiVRn   : [2026-09-11 05:07:05.304] [WiVRn] [info] render: ready wait attempts 60 success 7 total 56.359 ms | selected older than available 0
09-11 05:07:05.304 12919 20716 I WiVRn   : [2026-09-11 05:07:05.304] [WiVRn] [info] render: selected source transitions forward 107 backward 0 repeat 53, greatest forward gap 1
09-11 05:07:05.304 12919 20716 I WiVRn   : [2026-09-11 05:07:05.304] [WiVRn] [info] render: this app's own GPU pass 3.2 ms per iteration
09-11 05:07:05.304 12919 20716 I WiVRn   : [2026-09-11 05:07:05.304] [WiVRn] [info] render: defoveate 2688x2688 per eye x2 = 14.45 Mpx/frame at scale 1.00 atlas-prototype 0; 53 re-presented from the cache (reduce_gpu_load on)
09-11 05:07:05.304 12919 20716 I WiVRn   : [2026-09-11 05:07:05.304] [WiVRn] [info] render: shader path sharpness 0.00 fsr false alpha false motion false blend false glow 0.00 vignette 0.00 deband 0.00 lowpoly 0.00 levels 0 full-kernel false
09-11 05:07:05.304 12919 20716 I WiVRn   : [2026-09-11 05:07:05.304] [WiVRn] [info] render: per iteration fence 2.1 (worst 13.6) | queries 0.0 | submit 0.0 | whole render() 3.0 ms
09-11 05:07:05.304 12919 20716 I WiVRn   : [2026-09-11 05:07:05.304] [WiVRn] [info] render: selection-to-defoveate CPU 0.049 ms mean (max 0.110) over 107 actual defoveate calls; not GPU/photon latency
09-11 05:07:05.304 12919 20716 I WiVRn   : [2026-09-11 05:07:05.304] [WiVRn] [info] render: jit on | wake slack 45.6 ms | slept 5.0 ms mean (max 5.0, 160 of 160 iterations) | budget 14.4 = pass 13.4 + margin 1.0 | sleep cap 5.0 ms
09-11 05:07:05.304 12919 20716 I WiVRn   : [2026-09-11 05:07:05.304] [WiVRn] [info] render: source display-time offset 78.7 ms mean (worst 97.3) over 160 frames | submit lead 37.6 ms mean (worst 22.6) | misses: 0 overrun 0 late 0 skipped refresh
09-11 05:07:05.304 12919 20716 I WiVRn   : [2026-09-11 05:07:05.304] [WiVRn] [info] render: source->first 6.2 ms | wire 9.1 | queue 2.2 | decode 16.1 | decode->selection 7.0 | selection->predicted 38.1 | sum 78.7 over 160 selected frames (0 invalid)
09-11 05:07:05.787 12919 20760 I WiVRn   : [2026-09-11 05:07:05.787] [WiVRn] [info] Tracking pattern (11111µs):
09-11 05:07:05.787 12919 20760 I WiVRn   : [2026-09-11 05:07:05.787] [WiVRn] [info] 	t+3545µs HEAD (7566µs)
09-11 05:07:05.787 12919 20760 I WiVRn   : [2026-09-11 05:07:05.787] [WiVRn] [info] 	t+3592µs LEFT_GRIP (7519µs)
09-11 05:07:05.787 12919 20760 I WiVRn   : [2026-09-11 05:07:05.787] [WiVRn] [info] 	t+3599µs RIGHT_GRIP (7512µs)
09-11 05:07:05.787 12919 20760 I WiVRn   : [2026-09-11 05:07:05.787] [WiVRn] [info] 	t+6545µs HEAD (4566µs)
09-11 05:07:05.787 12919 20760 I WiVRn   : [2026-09-11 05:07:05.787] [WiVRn] [info] 	t+6592µs LEFT_GRIP (4519µs)
09-11 05:07:05.787 12919 20760 I WiVRn   : [2026-09-11 05:07:05.787] [WiVRn] [info] 	t+6599µs RIGHT_GRIP (4512µs)
09-11 05:07:06.061 12919 20706 I PxrMetric: FPS=80/90,MTP=35.27ms,AppSW=off,FrmEarly=18,FrmLate=8,FrmCpu=0.91ms,FrmGpu=9.94ms,FrmTime=17.19ms,ATWGPU=1.59ms,VsyncDelay=2,GPU=87%/587Mhz,GPUTemp=77.9C,LayerCnt=3,Pkg=org.meumeu.wivrn.nx.warp,FrmId=4847
09-11 05:07:06.558 12919 20755 I WiVRn   : [2026-09-11 05:07:06.558] [WiVRn] [info] nxwarp[0] net: 108 frames closed in 2.0 s, 0 with a hole, 0 out-of-order datagrams, 0 frames completed late, 0 queued for the worker, 3126 decoded so far, 3339 stragglers dropped; last hole 1877/2007 chunks, first missing 1534, short false, chunk 1166 B; worker phase copy-fence-wait
09-11 05:07:06.558 12919 20755 I WiVRn   : [2026-09-11 05:07:06.558] [WiVRn] [info] nxwarp[0] net: 0.025 ms per datagram over 33563 datagrams (424.94 ms of every second)
09-11 05:07:06.558 12919 20755 I WiVRn   : [2026-09-11 05:07:06.558] [WiVRn] [info] nxwarp[0] sel: stride 1, arrival 19.3 ms, dropped-late 78, withheld 0, decoded 3126
09-11 05:07:06.558 12919 20755 I WiVRn   : [2026-09-11 05:07:06.558] [WiVRn] [info] nxwarp[0] rx: 1034121 datagrams, placed 8107789 (+308233), late 407073 (+6714), stale_frame 0, bad_range 0, bad_dir 0, bad_caps 0, bad_ver 0, auth_fail 0, replay 0, frozen 0, dup 371
09-11 05:07:06.787 12919 20760 I WiVRn   : [2026-09-11 05:07:06.787] [WiVRn] [info] Tracking pattern (11111µs):
09-11 05:07:06.787 12919 20760 I WiVRn   : [2026-09-11 05:07:06.787] [WiVRn] [info] 	t+3833µs HEAD (7277µs)
09-11 05:07:06.787 12919 20760 I WiVRn   : [2026-09-11 05:07:06.787] [WiVRn] [info] 	t+3874µs LEFT_GRIP (7236µs)
09-11 05:07:06.787 12919 20760 I WiVRn   : [2026-09-11 05:07:06.787] [WiVRn] [info] 	t+3878µs RIGHT_GRIP (7232µs)
09-11 05:07:06.787 12919 20760 I WiVRn   : [2026-09-11 05:07:06.787] [WiVRn] [info] 	t+6833µs HEAD (4277µs)
09-11 05:07:06.787 12919 20760 I WiVRn   : [2026-09-11 05:07:06.787] [WiVRn] [info] 	t+6874µs LEFT_GRIP (4236µs)
09-11 05:07:06.787 12919 20760 I WiVRn   : [2026-09-11 05:07:06.787] [WiVRn] [info] 	t+6878µs RIGHT_GRIP (4232µs)
09-11 05:07:07.069 12919 20706 I PxrMetric: FPS=88/90,MTP=39.79ms,AppSW=off,FrmEarly=28,FrmLate=7,FrmCpu=0.80ms,FrmGpu=10.03ms,FrmTime=16.88ms,ATWGPU=1.59ms,VsyncDelay=2,GPU=94%/587Mhz,GPUTemp=78.3C,LayerCnt=3,Pkg=org.meumeu.wivrn.nx.warp,FrmId=4934
09-11 05:07:07.314 12919 20758 I WiVRn   : [2026-09-11 05:07:07.314] [WiVRn] [info] nxwarp[0]: 109 frames in 2.0 s: 252870 B/frame, wait-prev 0.0 ms, wall 15.9 ms, nxvc passA 4.5 passB 8.1 gpu 12.6 ms; holes 1, refused 0
09-11 05:07:07.314 12919 20758 I WiVRn   : [2026-09-11 05:07:07.314] [WiVRn] [info] nxwarp[0] gpu duty 680 ms/s (68% of one GPU) for decode alone; the display pass is extra
09-11 05:07:07.314 12919 20758 I WiVRn   : [2026-09-11 05:07:07.314] [WiVRn] [info] nxwarp[0] passB 8.1 ms = warp 0.0 + skip 0.0 + coded 0.0 + dir 0.0 + other 8.1; tiles skip 0 / coded 3528 / dir 0 (eye pass 0)
09-11 05:07:07.314 12919 20758 I WiVRn   : [2026-09-11 05:07:07.314] [WiVRn] [info] nxwarp[0]: 78 frames dropped late (queue kept to 1)
09-11 05:07:07.314 12919 20758 I WiVRn   : [2026-09-11 05:07:07.314] [WiVRn] [info] nxwarp[0] stage: gap 2.6 | wait-prev 0.0 | submit 1.5 (qlock 0.0 + codec 1.5) | get_free 0.0 | fence-pre 0.0 | record 0.0 | qsubmit 0.0 | fence-post 14.3 | publish 0.0 ms; withheld 0, stride 1, arrival 17.1 ms
09-11 05:07:07.314 12919 20758 I WiVRn   : [2026-09-11 05:07:07.314] [WiVRn] [info] nxwarp[0] reassembly (network thread): 0.18 ms/frame over 109 frames, buffer 247 kB held for 247 kB of unit (1.0x)
09-11 05:07:07.314 12919 20758 I WiVRn   : [2026-09-11 05:07:07.314] [WiVRn] [info] nxwarp[0] fence-post 14.4 ms = nxvc gpu 12.6 + copy gpu 0.00 + queue 1.7 (over 109 frames with timestamps)
09-11 05:07:07.319 12919 20716 I WiVRn   : [2026-09-11 05:07:07.319] [WiVRn] [info] render: 176 iterations in 2.0 s (87.9/s), 176 submitted a layer, 109 new-source, 0 skipped by the repeat gate, 0 with nothing to show; display period 11.4 ms
09-11 05:07:07.319 12919 20716 I WiVRn   : [2026-09-11 05:07:07.319] [WiVRn] [info] render: ready wait attempts 87 success 20 total 71.543 ms | selected older than available 0
09-11 05:07:07.319 12919 20716 I WiVRn   : [2026-09-11 05:07:07.319] [WiVRn] [info] render: selected source transitions forward 109 backward 0 repeat 67, greatest forward gap 1
09-11 05:07:07.319 12919 20716 I WiVRn   : [2026-09-11 05:07:07.319] [WiVRn] [info] render: this app's own GPU pass 2.9 ms per iteration
09-11 05:07:07.319 12919 20716 I WiVRn   : [2026-09-11 05:07:07.319] [WiVRn] [info] render: defoveate 2688x2688 per eye x2 = 14.45 Mpx/frame at scale 1.00 atlas-prototype 0; 67 re-presented from the cache (reduce_gpu_load on)
09-11 05:07:07.319 12919 20716 I WiVRn   : [2026-09-11 05:07:07.319] [WiVRn] [info] render: shader path sharpness 0.00 fsr false alpha false motion false blend false glow 0.00 vignette 0.00 deband 0.00 lowpoly 0.00 levels 0 full-kernel false
09-11 05:07:07.319 12919 20716 I WiVRn   : [2026-09-11 05:07:07.319] [WiVRn] [info] render: per iteration fence 1.9 (worst 12.6) | queries 0.0 | submit 0.0 | whole render() 2.9 ms
09-11 05:07:07.319 12919 20716 I WiVRn   : [2026-09-11 05:07:07.319] [WiVRn] [info] render: selection-to-defoveate CPU 0.050 ms mean (max 0.111) over 109 actual defoveate calls; not GPU/photon latency
09-11 05:07:07.319 12919 20716 I WiVRn   : [2026-09-11 05:07:07.319] [WiVRn] [info] render: jit on | wake slack 42.8 ms | slept 5.0 ms mean (max 5.0, 176 of 176 iterations) | budget 13.4 = pass 12.4 + margin 1.0 | sleep cap 5.0 ms
09-11 05:07:07.319 12919 20716 I WiVRn   : [2026-09-11 05:07:07.319] [WiVRn] [info] render: source display-time offset 74.3 ms mean (worst 97.4) over 176 frames | submit lead 35.0 ms mean (worst 20.0) | misses: 0 overrun 0 late 0 skipped refresh
09-11 05:07:07.319 12919 20716 I WiVRn   : [2026-09-11 05:07:07.319] [WiVRn] [info] render: source->first 6.0 ms | wire 8.7 | queue 1.9 | decode 15.7 | decode->selection 6.6 | selection->predicted 35.4 | sum 74.3 over 176 selected frames (0 invalid)
09-11 05:07:07.787 12919 20760 I WiVRn   : [2026-09-11 05:07:07.787] [WiVRn] [info] Tracking pattern (11106µs):
09-11 05:07:07.787 12919 20760 I WiVRn   : [2026-09-11 05:07:07.787] [WiVRn] [info] 	t+3765µs HEAD (7340µs)
09-11 05:07:07.787 12919 20760 I WiVRn   : [2026-09-11 05:07:07.787] [WiVRn] [info] 	t+3808µs LEFT_GRIP (7297µs)
09-11 05:07:07.787 12919 20760 I WiVRn   : [2026-09-11 05:07:07.787] [WiVRn] [info] 	t+3813µs RIGHT_GRIP (7292µs)
09-11 05:07:07.787 12919 20760 I WiVRn   : [2026-09-11 05:07:07.787] [WiVRn] [info] 	t+6765µs HEAD (4340µs)
09-11 05:07:07.787 12919 20760 I WiVRn   : [2026-09-11 05:07:07.787] [WiVRn] [info] 	t+6808µs LEFT_GRIP (4297µs)
09-11 05:07:07.787 12919 20760 I WiVRn   : [2026-09-11 05:07:07.787] [WiVRn] [info] 	t+6813µs RIGHT_GRIP (4292µs)
09-11 05:07:08.069 12919 20706 I PxrMetric: FPS=87/90,MTP=36.86ms,AppSW=off,FrmEarly=30,FrmLate=10,FrmCpu=0.83ms,FrmGpu=10.98ms,FrmTime=19.38ms,ATWGPU=1.59ms,VsyncDelay=2,GPU=99%/587Mhz,GPUTemp=79.1C,LayerCnt=3,Pkg=org.meumeu.wivrn.nx.warp,FrmId=5011
09-11 05:07:08.572 12919 20755 I WiVRn   : [2026-09-11 05:07:08.572] [WiVRn] [info] nxwarp[0] net: 109 frames closed in 2.0 s, 0 with a hole, 0 out-of-order datagrams, 0 frames completed late, 0 queued for the worker, 3235 decoded so far, 3448 stragglers dropped; last hole 1877/2007 chunks, first missing 1534, short false, chunk 1166 B; worker phase copy-fence-wait
09-11 05:07:08.572 12919 20755 I WiVRn   : [2026-09-11 05:07:08.572] [WiVRn] [info] nxwarp[0] net: 0.025 ms per datagram over 35260 datagrams (440.08 ms of every second)
09-11 05:07:08.572 12919 20755 I WiVRn   : [2026-09-11 05:07:08.572] [WiVRn] [info] nxwarp[0] sel: stride 1, arrival 18.0 ms, dropped-late 78, withheld 0, decoded 3235
09-11 05:07:08.572 12919 20755 I WiVRn   : [2026-09-11 05:07:08.572] [WiVRn] [info] nxwarp[0] rx: 1069381 datagrams, placed 8472478 (+364689), late 414026 (+6953), stale_frame 0, bad_range 0, bad_dir 0, bad_caps 0, bad_ver 0, auth_fail 0, replay 0, frozen 0, dup 381
09-11 05:07:08.787 12919 20760 I WiVRn   : [2026-09-11 05:07:08.787] [WiVRn] [info] Tracking pattern (11112µs):
09-11 05:07:08.787 12919 20760 I WiVRn   : [2026-09-11 05:07:08.787] [WiVRn] [info] 	t+4226µs HEAD (6885µs)
09-11 05:07:08.787 12919 20760 I WiVRn   : [2026-09-11 05:07:08.787] [WiVRn] [info] 	t+6205µs LEFT_GRIP (4906µs)
09-11 05:07:08.787 12919 20760 I WiVRn   : [2026-09-11 05:07:08.787] [WiVRn] [info] 	t+6214µs RIGHT_GRIP (4897µs)
09-11 05:07:08.787 12919 20760 I WiVRn   : [2026-09-11 05:07:08.787] [WiVRn] [info] 	t+7226µs HEAD (3885µs)
09-11 05:07:08.787 12919 20760 I WiVRn   : [2026-09-11 05:07:08.787] [WiVRn] [info] 	t+9205µs LEFT_GRIP (1906µs)
09-11 05:07:08.787 12919 20760 I WiVRn   : [2026-09-11 05:07:08.787] [WiVRn] [info] 	t+9214µs RIGHT_GRIP (1897µs)
09-11 05:07:09.069 12919 20706 I PxrMetric: FPS=77/90,MTP=39.49ms,AppSW=off,FrmEarly=27,FrmLate=10,FrmCpu=0.84ms,FrmGpu=10.75ms,FrmTime=17.97ms,ATWGPU=1.59ms,VsyncDelay=2,GPU=96%/587Mhz,GPUTemp=77.9C,LayerCnt=3,Pkg=org.meumeu.wivrn.nx.warp,FrmId=5092
09-11 05:07:09.310 12919 20716 I WiVRn   : [2026-09-11 05:07:09.310] [WiVRn] [info] render: 158 iterations in 2.0 s (78.9/s), 158 submitted a layer, 107 new-source, 0 skipped by the repeat gate, 0 with nothing to show; display period 12.7 ms
09-11 05:07:09.310 12919 20716 I WiVRn   : [2026-09-11 05:07:09.310] [WiVRn] [info] render: ready wait attempts 63 success 12 total 54.366 ms | selected older than available 0
09-11 05:07:09.310 12919 20716 I WiVRn   : [2026-09-11 05:07:09.310] [WiVRn] [info] render: selected source transitions forward 107 backward 0 repeat 51, greatest forward gap 1
09-11 05:07:09.310 12919 20716 I WiVRn   : [2026-09-11 05:07:09.310] [WiVRn] [info] render: this app's own GPU pass 3.2 ms per iteration
09-11 05:07:09.310 12919 20716 I WiVRn   : [2026-09-11 05:07:09.310] [WiVRn] [info] render: defoveate 2688x2688 per eye x2 = 14.45 Mpx/frame at scale 1.00 atlas-prototype 0; 51 re-presented from the cache (reduce_gpu_load on)
09-11 05:07:09.310 12919 20716 I WiVRn   : [2026-09-11 05:07:09.310] [WiVRn] [info] render: shader path sharpness 0.00 fsr false alpha false motion false blend false glow 0.00 vignette 0.00 deband 0.00 lowpoly 0.00 levels 0 full-kernel false
09-11 05:07:09.310 12919 20716 I WiVRn   : [2026-09-11 05:07:09.310] [WiVRn] [info] render: per iteration fence 2.6 (worst 13.3) | queries 0.0 | submit 0.0 | whole render() 3.5 ms
09-11 05:07:09.310 12919 20716 I WiVRn   : [2026-09-11 05:07:09.310] [WiVRn] [info] render: selection-to-defoveate CPU 0.048 ms mean (max 0.102) over 107 actual defoveate calls; not GPU/photon latency
09-11 05:07:09.310 12919 20716 I WiVRn   : [2026-09-11 05:07:09.310] [WiVRn] [info] render: jit on | wake slack 44.8 ms | slept 5.0 ms mean (max 5.0, 158 of 158 iterations) | budget 14.6 = pass 13.6 + margin 1.0 | sleep cap 5.0 ms
09-11 05:07:09.310 12919 20716 I WiVRn   : [2026-09-11 05:07:09.310] [WiVRn] [info] render: source display-time offset 77.2 ms mean (worst 97.8) over 158 frames | submit lead 36.2 ms mean (worst 22.8) | misses: 0 overrun 0 late 0 skipped refresh
09-11 05:07:09.310 12919 20716 I WiVRn   : [2026-09-11 05:07:09.310] [WiVRn] [info] render: source->first 6.7 ms | wire 9.2 | queue 1.8 | decode 16.1 | decode->selection 6.6 | selection->predicted 36.8 | sum 77.2 over 158 selected frames (0 invalid)
09-11 05:07:09.328 12919 20758 I WiVRn   : [2026-09-11 05:07:09.328] [WiVRn] [info] nxwarp[0]: 108 frames in 2.0 s: 263086 B/frame, wait-prev 0.0 ms, wall 16.1 ms, nxvc passA 4.8 passB 8.0 gpu 12.8 ms; holes 1, refused 0
09-11 05:07:09.328 12919 20758 I WiVRn   : [2026-09-11 05:07:09.328] [WiVRn] [info] nxwarp[0] gpu duty 688 ms/s (69% of one GPU) for decode alone; the display pass is extra
09-11 05:07:09.328 12919 20758 I WiVRn   : [2026-09-11 05:07:09.328] [WiVRn] [info] nxwarp[0] passB 8.0 ms = warp 0.0 + skip 0.0 + coded 0.0 + dir 0.0 + other 8.0; tiles skip 0 / coded 3528 / dir 0 (eye pass 0)
09-11 05:07:09.328 12919 20758 I WiVRn   : [2026-09-11 05:07:09.328] [WiVRn] [info] nxwarp[0]: 78 frames dropped late (queue kept to 1)
09-11 05:07:09.328 12919 20758 I WiVRn   : [2026-09-11 05:07:09.328] [WiVRn] [info] nxwarp[0] stage: gap 2.5 | wait-prev 0.0 | submit 1.5 (qlock 0.0 + codec 1.5) | get_free 0.0 | fence-pre 0.0 | record 0.0 | qsubmit 0.0 | fence-post 14.6 | publish 0.0 ms; withheld 0, stride 1, arrival 17.7 ms
09-11 05:07:09.328 12919 20758 I WiVRn   : [2026-09-11 05:07:09.328] [WiVRn] [info] nxwarp[0] reassembly (network thread): 0.22 ms/frame over 108 frames, buffer 257 kB held for 257 kB of unit (1.0x)
09-11 05:07:09.328 12919 20758 I WiVRn   : [2026-09-11 05:07:09.328] [WiVRn] [info] nxwarp[0] fence-post 14.6 ms = nxvc gpu 12.8 + copy gpu 0.00 + queue 1.8 (over 108 frames with timestamps)
09-11 05:07:09.787 12919 20760 I WiVRn   : [2026-09-11 05:07:09.787] [WiVRn] [info] Tracking pattern (11112µs):
09-11 05:07:09.787 12919 20760 I WiVRn   : [2026-09-11 05:07:09.787] [WiVRn] [info] 	t+3846µs HEAD (7265µs)
09-11 05:07:09.787 12919 20760 I WiVRn   : [2026-09-11 05:07:09.787] [WiVRn] [info] 	t+4035µs LEFT_GRIP (7076µs)
09-11 05:07:09.787 12919 20760 I WiVRn   : [2026-09-11 05:07:09.787] [WiVRn] [info] 	t+4044µs RIGHT_GRIP (7067µs)
09-11 05:07:09.787 12919 20760 I WiVRn   : [2026-09-11 05:07:09.787] [WiVRn] [info] 	t+6846µs HEAD (4265µs)
09-11 05:07:09.787 12919 20760 I WiVRn   : [2026-09-11 05:07:09.787] [WiVRn] [info] 	t+7035µs LEFT_GRIP (4076µs)
09-11 05:07:09.787 12919 20760 I WiVRn   : [2026-09-11 05:07:09.787] [WiVRn] [info] 	t+7044µs RIGHT_GRIP (4067µs)
09-11 05:07:10.080 12919 20706 I PxrMetric: FPS=81/90,MTP=40.80ms,AppSW=off,FrmEarly=26,FrmLate=11,FrmCpu=0.75ms,FrmGpu=12.77ms,FrmTime=22.03ms,ATWGPU=1.59ms,VsyncDelay=3,GPU=94%/587Mhz,GPUTemp=77.1C,LayerCnt=3,Pkg=org.meumeu.wivrn.nx.warp,FrmId=5175
09-11 05:07:10.594 12919 20755 I WiVRn   : [2026-09-11 05:07:10.594] [WiVRn] [info] nxwarp[0] net: 108 frames closed in 2.0 s, 0 with a hole, 0 out-of-order datagrams, 0 frames completed late, 0 queued for the worker, 3344 decoded so far, 3564 stragglers dropped; last hole 1877/2007 chunks, first missing 1534, short false, chunk 1166 B; worker phase idle
09-11 05:07:10.594 12919 20755 I WiVRn   : [2026-09-11 05:07:10.594] [WiVRn] [info] nxwarp[0] net: 0.025 ms per datagram over 35016 datagrams (434.95 ms of every second)
09-11 05:07:10.594 12919 20755 I WiVRn   : [2026-09-11 05:07:10.594] [WiVRn] [info] nxwarp[0] sel: stride 1, arrival 17.2 ms, dropped-late 78, withheld 0, decoded 3344
09-11 05:07:10.594 12919 20755 I WiVRn   : [2026-09-11 05:07:10.594] [WiVRn] [info] nxwarp[0] rx: 1104397 datagrams, placed 8761160 (+288682), late 424486 (+10460), stale_frame 0, bad_range 0, bad_dir 0, bad_caps 0, bad_ver 0, auth_fail 0, replay 0, frozen 0, dup 389
09-11 05:07:10.787 12919 20760 I WiVRn   : [2026-09-11 05:07:10.787] [WiVRn] [info] Tracking pattern (11110µs):
09-11 05:07:10.787 12919 20760 I WiVRn   : [2026-09-11 05:07:10.787] [WiVRn] [info] 	t+3713µs HEAD (7396µs)
09-11 05:07:10.787 12919 20760 I WiVRn   : [2026-09-11 05:07:10.787] [WiVRn] [info] 	t+4058µs LEFT_GRIP (7052µs)
09-11 05:07:10.787 12919 20760 I WiVRn   : [2026-09-11 05:07:10.787] [WiVRn] [info] 	t+4064µs RIGHT_GRIP (7046µs)
09-11 05:07:10.787 12919 20760 I WiVRn   : [2026-09-11 05:07:10.787] [WiVRn] [info] 	t+6713µs HEAD (4396µs)
09-11 05:07:10.787 12919 20760 I WiVRn   : [2026-09-11 05:07:10.787] [WiVRn] [info] 	t+7058µs LEFT_GRIP (4052µs)
09-11 05:07:10.787 12919 20760 I WiVRn   : [2026-09-11 05:07:10.787] [WiVRn] [info] 	t+7064µs RIGHT_GRIP (4046µs)
09-11 05:07:11.078 12919 20706 I PxrMetric: FPS=82/90,MTP=35.83ms,AppSW=off,FrmEarly=24,FrmLate=11,FrmCpu=0.73ms,FrmGpu=11.62ms,FrmTime=18.91ms,ATWGPU=1.61ms,VsyncDelay=2,GPU=87%/587Mhz,GPUTemp=78.3C,LayerCnt=3,Pkg=org.meumeu.wivrn.nx.warp,FrmId=5248
09-11 05:07:11.321 12919 20716 I WiVRn   : [2026-09-11 05:07:11.321] [WiVRn] [info] render: 151 iterations in 2.0 s (75.0/s), 151 submitted a layer, 108 new-source, 0 skipped by the repeat gate, 0 with nothing to show; display period 13.4 ms
09-11 05:07:11.321 12919 20716 I WiVRn   : [2026-09-11 05:07:11.321] [WiVRn] [info] render: ready wait attempts 49 success 6 total 45.713 ms | selected older than available 0
09-11 05:07:11.321 12919 20716 I WiVRn   : [2026-09-11 05:07:11.321] [WiVRn] [info] render: selected source transitions forward 108 backward 0 repeat 43, greatest forward gap 1
09-11 05:07:11.321 12919 20716 I WiVRn   : [2026-09-11 05:07:11.321] [WiVRn] [info] render: this app's own GPU pass 3.4 ms per iteration
09-11 05:07:11.321 12919 20716 I WiVRn   : [2026-09-11 05:07:11.321] [WiVRn] [info] render: defoveate 2688x2688 per eye x2 = 14.45 Mpx/frame at scale 1.00 atlas-prototype 0; 43 re-presented from the cache (reduce_gpu_load on)
09-11 05:07:11.321 12919 20716 I WiVRn   : [2026-09-11 05:07:11.321] [WiVRn] [info] render: shader path sharpness 0.00 fsr false alpha false motion false blend false glow 0.00 vignette 0.00 deband 0.00 lowpoly 0.00 levels 0 full-kernel false
09-11 05:07:11.321 12919 20716 I WiVRn   : [2026-09-11 05:07:11.321] [WiVRn] [info] render: per iteration fence 2.8 (worst 13.6) | queries 0.0 | submit 0.0 | whole render() 3.7 ms
09-11 05:07:11.321 12919 20716 I WiVRn   : [2026-09-11 05:07:11.321] [WiVRn] [info] render: selection-to-defoveate CPU 0.047 ms mean (max 0.102) over 108 actual defoveate calls; not GPU/photon latency
09-11 05:07:11.321 12919 20716 I WiVRn   : [2026-09-11 05:07:11.321] [WiVRn] [info] render: jit on | wake slack 46.2 ms | slept 5.0 ms mean (max 5.0, 151 of 151 iterations) | budget 14.8 = pass 13.8 + margin 1.0 | sleep cap 5.0 ms
09-11 05:07:11.321 12919 20716 I WiVRn   : [2026-09-11 05:07:11.321] [WiVRn] [info] render: source display-time offset 78.5 ms mean (worst 98.0) over 151 frames | submit lead 37.3 ms mean (worst 20.6) | misses: 0 overrun 0 late 0 skipped refresh
09-11 05:07:11.322 12919 20716 I WiVRn   : [2026-09-11 05:07:11.322] [WiVRn] [info] render: source->first 6.7 ms | wire 8.9 | queue 1.8 | decode 15.9 | decode->selection 7.1 | selection->predicted 38.0 | sum 78.5 over 151 selected frames (0 invalid)
09-11 05:07:11.332 12919 20758 I WiVRn   : [2026-09-11 05:07:11.332] [WiVRn] [info] nxwarp[0]: 108 frames in 2.0 s: 270599 B/frame, wait-prev 0.0 ms, wall 16.0 ms, nxvc passA 4.9 passB 8.0 gpu 12.8 ms; holes 1, refused 0
09-11 05:07:11.332 12919 20758 I WiVRn   : [2026-09-11 05:07:11.332] [WiVRn] [info] nxwarp[0] gpu duty 692 ms/s (69% of one GPU) for decode alone; the display pass is extra
09-11 05:07:11.332 12919 20758 I WiVRn   : [2026-09-11 05:07:11.332] [WiVRn] [info] nxwarp[0] passB 8.0 ms = warp 0.0 + skip 0.0 + coded 0.0 + dir 0.0 + other 8.0; tiles skip 0 / coded 3528 / dir 0 (eye pass 0)
09-11 05:07:11.332 12919 20758 I WiVRn   : [2026-09-11 05:07:11.332] [WiVRn] [info] nxwarp[0]: 78 frames dropped late (queue kept to 1)
09-11 05:07:11.332 12919 20758 I WiVRn   : [2026-09-11 05:07:11.332] [WiVRn] [info] nxwarp[0] stage: gap 2.6 | wait-prev 0.0 | submit 1.5 (qlock 0.0 + codec 1.5) | get_free 0.0 | fence-pre 0.0 | record 0.0 | qsubmit 0.0 | fence-post 14.4 | publish 0.0 ms; withheld 0, stride 1, arrival 18.7 ms
09-11 05:07:11.332 12919 20758 I WiVRn   : [2026-09-11 05:07:11.332] [WiVRn] [info] nxwarp[0] reassembly (network thread): 0.18 ms/frame over 108 frames, buffer 264 kB held for 264 kB of unit (1.0x)
09-11 05:07:11.332 12919 20758 I WiVRn   : [2026-09-11 05:07:11.332] [WiVRn] [info] nxwarp[0] fence-post 14.4 ms = nxvc gpu 12.8 + copy gpu 0.00 + queue 1.6 (over 108 frames with timestamps)
09-11 05:07:11.787 12919 20760 I WiVRn   : [2026-09-11 05:07:11.787] [WiVRn] [info] Tracking pattern (11111µs):
09-11 05:07:11.787 12919 20760 I WiVRn   : [2026-09-11 05:07:11.787] [WiVRn] [info] 	t+2872µs HEAD (8239µs)
09-11 05:07:11.787 12919 20760 I WiVRn   : [2026-09-11 05:07:11.787] [WiVRn] [info] 	t+2994µs LEFT_GRIP (8117µs)
09-11 05:07:11.787 12919 20760 I WiVRn   : [2026-09-11 05:07:11.787] [WiVRn] [info] 	t+3004µs RIGHT_GRIP (8106µs)
09-11 05:07:11.787 12919 20760 I WiVRn   : [2026-09-11 05:07:11.787] [WiVRn] [info] 	t+5872µs HEAD (5239µs)
09-11 05:07:11.787 12919 20760 I WiVRn   : [2026-09-11 05:07:11.787] [WiVRn] [info] 	t+5994µs LEFT_GRIP (5117µs)
09-11 05:07:11.787 12919 20760 I WiVRn   : [2026-09-11 05:07:11.787] [WiVRn] [info] 	t+6004µs RIGHT_GRIP (5106µs)
09-11 05:07:12.080 12919 20706 I PxrMetric: FPS=73/90,MTP=40.64ms,AppSW=off,FrmEarly=30,FrmLate=13,FrmCpu=0.81ms,FrmGpu=12.38ms,FrmTime=20.84ms,ATWGPU=1.60ms,VsyncDelay=3,GPU=99%/587Mhz,GPUTemp=78.3C,LayerCnt=3,Pkg=org.meumeu.wivrn.nx.warp,FrmId=5320
09-11 05:07:12.595 12919 20755 I WiVRn   : [2026-09-11 05:07:12.595] [WiVRn] [info] nxwarp[0] net: 108 frames closed in 2.0 s, 0 with a hole, 0 out-of-order datagrams, 0 frames completed late, 0 queued for the worker, 3451 decoded so far, 3682 stragglers dropped; last hole 1877/2007 chunks, first missing 1534, short false, chunk 1166 B; worker phase copy-fence-wait
09-11 05:07:12.595 12919 20755 I WiVRn   : [2026-09-11 05:07:12.595] [WiVRn] [info] nxwarp[0] net: 0.026 ms per datagram over 34720 datagrams (446.11 ms of every second)
09-11 05:07:12.595 12919 20755 I WiVRn   : [2026-09-11 05:07:12.595] [WiVRn] [info] nxwarp[0] sel: stride 1, arrival 20.1 ms, dropped-late 78, withheld 0, decoded 3451
09-11 05:07:12.595 12919 20755 I WiVRn   : [2026-09-11 05:07:12.595] [WiVRn] [info] nxwarp[0] rx: 1139117 datagrams, placed 8951482 (+190322), late 443277 (+18791), stale_frame 0, bad_range 0, bad_dir 0, bad_caps 0, bad_ver 0, auth_fail 0, replay 0, frozen 0, dup 404
09-11 05:07:12.787 12919 20760 I WiVRn   : [2026-09-11 05:07:12.787] [WiVRn] [info] Tracking pattern (11111µs):
09-11 05:07:12.787 12919 20760 I WiVRn   : [2026-09-11 05:07:12.787] [WiVRn] [info] 	t+4211µs HEAD (6900µs)
09-11 05:07:12.787 12919 20760 I WiVRn   : [2026-09-11 05:07:12.787] [WiVRn] [info] 	t+4285µs LEFT_GRIP (6825µs)
09-11 05:07:12.787 12919 20760 I WiVRn   : [2026-09-11 05:07:12.787] [WiVRn] [info] 	t+4291µs RIGHT_GRIP (6819µs)
09-11 05:07:12.787 12919 20760 I WiVRn   : [2026-09-11 05:07:12.787] [WiVRn] [info] 	t+7211µs HEAD (3900µs)
09-11 05:07:12.787 12919 20760 I WiVRn   : [2026-09-11 05:07:12.787] [WiVRn] [info] 	t+7285µs LEFT_GRIP (3825µs)
09-11 05:07:12.787 12919 20760 I WiVRn   : [2026-09-11 05:07:12.787] [WiVRn] [info] 	t+7291µs RIGHT_GRIP (3819µs)
09-11 05:07:13.091 12919 20706 I PxrMetric: FPS=72/90,MTP=40.09ms,AppSW=off,FrmEarly=29,FrmLate=15,FrmCpu=0.83ms,FrmGpu=10.65ms,FrmTime=17.59ms,ATWGPU=1.60ms,VsyncDelay=2,GPU=99%/587Mhz,GPUTemp=77.1C,LayerCnt=3,Pkg=org.meumeu.wivrn.nx.warp,FrmId=5391
09-11 05:07:13.325 12919 20716 I WiVRn   : [2026-09-11 05:07:13.325] [WiVRn] [info] render: 147 iterations in 2.0 s (73.4/s), 147 submitted a layer, 106 new-source, 0 skipped by the repeat gate, 0 with nothing to show; display period 13.6 ms
09-11 05:07:13.325 12919 20716 I WiVRn   : [2026-09-11 05:07:13.325] [WiVRn] [info] render: ready wait attempts 46 success 5 total 43.593 ms | selected older than available 0
09-11 05:07:13.325 12919 20716 I WiVRn   : [2026-09-11 05:07:13.325] [WiVRn] [info] render: selected source transitions forward 106 backward 0 repeat 41, greatest forward gap 2
09-11 05:07:13.325 12919 20716 I WiVRn   : [2026-09-11 05:07:13.325] [WiVRn] [info] render: this app's own GPU pass 3.4 ms per iteration
09-11 05:07:13.325 12919 20716 I WiVRn   : [2026-09-11 05:07:13.325] [WiVRn] [info] render: defoveate 2688x2688 per eye x2 = 14.45 Mpx/frame at scale 1.00 atlas-prototype 0; 41 re-presented from the cache (reduce_gpu_load on)
09-11 05:07:13.325 12919 20716 I WiVRn   : [2026-09-11 05:07:13.325] [WiVRn] [info] render: shader path sharpness 0.00 fsr false alpha false motion false blend false glow 0.00 vignette 0.00 deband 0.00 lowpoly 0.00 levels 0 full-kernel false
09-11 05:07:13.325 12919 20716 I WiVRn   : [2026-09-11 05:07:13.325] [WiVRn] [info] render: per iteration fence 3.2 (worst 13.0) | queries 0.0 | submit 0.0 | whole render() 4.1 ms
09-11 05:07:13.325 12919 20716 I WiVRn   : [2026-09-11 05:07:13.325] [WiVRn] [info] render: selection-to-defoveate CPU 0.048 ms mean (max 0.101) over 106 actual defoveate calls; not GPU/photon latency
09-11 05:07:13.325 12919 20716 I WiVRn   : [2026-09-11 05:07:13.325] [WiVRn] [info] render: jit on | wake slack 46.9 ms | slept 5.0 ms mean (max 5.0, 147 of 147 iterations) | budget 14.0 = pass 13.0 + margin 1.0 | sleep cap 5.0 ms
09-11 05:07:13.325 12919 20716 I WiVRn   : [2026-09-11 05:07:13.325] [WiVRn] [info] render: source display-time offset 79.3 ms mean (worst 98.2) over 147 frames | submit lead 37.9 ms mean (worst 23.4) | misses: 0 overrun 0 late 0 skipped refresh
09-11 05:07:13.325 12919 20716 I WiVRn   : [2026-09-11 05:07:13.325] [WiVRn] [info] render: source->first 6.6 ms | wire 9.2 | queue 1.8 | decode 15.9 | decode->selection 7.3 | selection->predicted 38.4 | sum 79.3 over 147 selected frames (0 invalid)
09-11 05:07:13.355 12919 20758 I WiVRn   : [2026-09-11 05:07:13.355] [WiVRn] [info] nxwarp[0]: 108 frames in 2.0 s: 275766 B/frame, wait-prev 0.0 ms, wall 16.0 ms, nxvc passA 4.9 passB 8.1 gpu 13.0 ms; holes 1, refused 0
09-11 05:07:13.355 12919 20758 I WiVRn   : [2026-09-11 05:07:13.355] [WiVRn] [info] nxwarp[0] gpu duty 691 ms/s (69% of one GPU) for decode alone; the display pass is extra
09-11 05:07:13.355 12919 20758 I WiVRn   : [2026-09-11 05:07:13.355] [WiVRn] [info] nxwarp[0] passB 8.1 ms = warp 0.0 + skip 0.0 + coded 0.0 + dir 0.0 + other 8.1; tiles skip 0 / coded 3528 / dir 0 (eye pass 0)
09-11 05:07:13.355 12919 20758 I WiVRn   : [2026-09-11 05:07:13.355] [WiVRn] [info] nxwarp[0]: 78 frames dropped late (queue kept to 1)
09-11 05:07:13.355 12919 20758 I WiVRn   : [2026-09-11 05:07:13.355] [WiVRn] [info] nxwarp[0] stage: gap 2.7 | wait-prev 0.0 | submit 1.5 (qlock 0.0 + codec 1.5) | get_free 0.0 | fence-pre 0.0 | record 0.0 | qsubmit 0.0 | fence-post 14.4 | publish 0.0 ms; withheld 0, stride 1, arrival 18.3 ms
09-11 05:07:13.355 12919 20758 I WiVRn   : [2026-09-11 05:07:13.355] [WiVRn] [info] nxwarp[0] reassembly (network thread): 0.18 ms/frame over 109 frames, buffer 269 kB held for 269 kB of unit (1.0x)
09-11 05:07:13.355 12919 20758 I WiVRn   : [2026-09-11 05:07:13.355] [WiVRn] [info] nxwarp[0] fence-post 14.5 ms = nxvc gpu 13.0 + copy gpu 0.00 + queue 1.5 (over 108 frames with timestamps)
09-11 05:07:13.787 12919 20760 I WiVRn   : [2026-09-11 05:07:13.787] [WiVRn] [info] Tracking pattern (11111µs):
09-11 05:07:13.787 12919 20760 I WiVRn   : [2026-09-11 05:07:13.787] [WiVRn] [info] 	t+3691µs HEAD (7420µs)
09-11 05:07:13.787 12919 20760 I WiVRn   : [2026-09-11 05:07:13.787] [WiVRn] [info] 	t+3769µs LEFT_GRIP (7342µs)
09-11 05:07:13.787 12919 20760 I WiVRn   : [2026-09-11 05:07:13.787] [WiVRn] [info] 	t+3776µs RIGHT_GRIP (7335µs)
09-11 05:07:13.787 12919 20760 I WiVRn   : [2026-09-11 05:07:13.787] [WiVRn] [info] 	t+6691µs HEAD (4420µs)
09-11 05:07:13.787 12919 20760 I WiVRn   : [2026-09-11 05:07:13.787] [WiVRn] [info] 	t+6769µs LEFT_GRIP (4342µs)
09-11 05:07:13.787 12919 20760 I WiVRn   : [2026-09-11 05:07:13.787] [WiVRn] [info] 	t+6776µs RIGHT_GRIP (4335µs)
09-11 05:07:14.102 12919 20706 I PxrMetric: FPS=71/90,MTP=41.91ms,AppSW=off,FrmEarly=24,FrmLate=9,FrmCpu=0.86ms,FrmGpu=10.42ms,FrmTime=18.39ms,ATWGPU=1.60ms,VsyncDelay=3,GPU=94%/587Mhz,GPUTemp=76.8C,LayerCnt=3,Pkg=org.meumeu.wivrn.nx.warp,FrmId=5476
09-11 05:07:14.616 12919 20755 I WiVRn   : [2026-09-11 05:07:14.616] [WiVRn] [info] nxwarp[0] net: 108 frames closed in 2.0 s, 0 with a hole, 0 out-of-order datagrams, 0 frames completed late, 0 queued for the worker, 3560 decoded so far, 3791 stragglers dropped; last hole 1877/2007 chunks, first missing 1534, short false, chunk 1166 B; worker phase idle
09-11 05:07:14.616 12919 20755 I WiVRn   : [2026-09-11 05:07:14.616] [WiVRn] [info] nxwarp[0] net: 0.025 ms per datagram over 35461 datagrams (437.52 ms of every second)
09-11 05:07:14.616 12919 20755 I WiVRn   : [2026-09-11 05:07:14.616] [WiVRn] [info] nxwarp[0] sel: stride 1, arrival 18.6 ms, dropped-late 78, withheld 0, decoded 3560
09-11 05:07:14.616 12919 20755 I WiVRn   : [2026-09-11 05:07:14.616] [WiVRn] [info] nxwarp[0] rx: 1174578 datagrams, placed 9276324 (+324842), late 453584 (+10307), stale_frame 0, bad_range 0, bad_dir 0, bad_caps 0, bad_ver 0, auth_fail 0, replay 0, frozen 0, dup 415
09-11 05:07:14.787 12919 20760 I WiVRn   : [2026-09-11 05:07:14.787] [WiVRn] [info] Tracking pattern (11111µs):
09-11 05:07:14.787 12919 20760 I WiVRn   : [2026-09-11 05:07:14.787] [WiVRn] [info] 	t+3237µs HEAD (7874µs)
09-11 05:07:14.787 12919 20760 I WiVRn   : [2026-09-11 05:07:14.787] [WiVRn] [info] 	t+3323µs LEFT_GRIP (7788µs)
09-11 05:07:14.787 12919 20760 I WiVRn   : [2026-09-11 05:07:14.787] [WiVRn] [info] 	t+3331µs RIGHT_GRIP (7780µs)
09-11 05:07:14.787 12919 20760 I WiVRn   : [2026-09-11 05:07:14.787] [WiVRn] [info] 	t+6237µs HEAD (4874µs)
09-11 05:07:14.787 12919 20760 I WiVRn   : [2026-09-11 05:07:14.787] [WiVRn] [info] 	t+6323µs LEFT_GRIP (4788µs)
09-11 05:07:14.787 12919 20760 I WiVRn   : [2026-09-11 05:07:14.787] [WiVRn] [info] 	t+6331µs RIGHT_GRIP (4780µs)
09-11 05:07:15.097 12919 20706 I PxrMetric: FPS=84/90,MTP=34.03ms,AppSW=off,FrmEarly=32,FrmLate=9,FrmCpu=0.86ms,FrmGpu=11.03ms,FrmTime=18.67ms,ATWGPU=1.60ms,VsyncDelay=2,GPU=88%/587Mhz,GPUTemp=77.9C,LayerCnt=3,Pkg=org.meumeu.wivrn.nx.warp,FrmId=5558
09-11 05:07:15.334 12919 20716 I WiVRn   : [2026-09-11 05:07:15.334] [WiVRn] [info] render: 168 iterations in 2.0 s (83.7/s), 168 submitted a layer, 108 new-source, 0 skipped by the repeat gate, 0 with nothing to show; display period 11.9 ms
09-11 05:07:15.334 12919 20716 I WiVRn   : [2026-09-11 05:07:15.334] [WiVRn] [info] render: ready wait attempts 75 success 15 total 63.975 ms | selected older than available 0
09-11 05:07:15.334 12919 20716 I WiVRn   : [2026-09-11 05:07:15.334] [WiVRn] [info] render: selected source transitions forward 108 backward 0 repeat 60, greatest forward gap 1
09-11 05:07:15.334 12919 20716 I WiVRn   : [2026-09-11 05:07:15.334] [WiVRn] [info] render: this app's own GPU pass 3.1 ms per iteration
09-11 05:07:15.334 12919 20716 I WiVRn   : [2026-09-11 05:07:15.334] [WiVRn] [info] render: defoveate 2688x2688 per eye x2 = 14.45 Mpx/frame at scale 1.00 atlas-prototype 0; 60 re-presented from the cache (reduce_gpu_load on)
09-11 05:07:15.334 12919 20716 I WiVRn   : [2026-09-11 05:07:15.334] [WiVRn] [info] render: shader path sharpness 0.00 fsr false alpha false motion false blend false glow 0.00 vignette 0.00 deband 0.00 lowpoly 0.00 levels 0 full-kernel false
09-11 05:07:15.334 12919 20716 I WiVRn   : [2026-09-11 05:07:15.334] [WiVRn] [info] render: per iteration fence 2.2 (worst 13.3) | queries 0.0 | submit 0.0 | whole render() 3.1 ms
09-11 05:07:15.334 12919 20716 I WiVRn   : [2026-09-11 05:07:15.334] [WiVRn] [info] render: selection-to-defoveate CPU 0.051 ms mean (max 0.089) over 108 actual defoveate calls; not GPU/photon latency
09-11 05:07:15.334 12919 20716 I WiVRn   : [2026-09-11 05:07:15.334] [WiVRn] [info] render: jit on | wake slack 44.5 ms | slept 5.0 ms mean (max 5.0, 168 of 168 iterations) | budget 13.7 = pass 12.7 + margin 1.0 | sleep cap 5.0 ms
09-11 05:07:15.334 12919 20716 I WiVRn   : [2026-09-11 05:07:15.334] [WiVRn] [info] render: source display-time offset 76.8 ms mean (worst 98.1) over 168 frames | submit lead 36.4 ms mean (worst 22.9) | misses: 0 overrun 0 late 0 skipped refresh
09-11 05:07:15.334 12919 20716 I WiVRn   : [2026-09-11 05:07:15.334] [WiVRn] [info] render: source->first 6.4 ms | wire 8.9 | queue 2.2 | decode 15.8 | decode->selection 6.7 | selection->predicted 36.8 | sum 76.8 over 168 selected frames (0 invalid)
09-11 05:07:15.377 12919 20758 I WiVRn   : [2026-09-11 05:07:15.377] [WiVRn] [info] nxwarp[0]: 109 frames in 2.0 s: 260665 B/frame, wait-prev 0.0 ms, wall 16.1 ms, nxvc passA 4.6 passB 8.1 gpu 12.7 ms; holes 1, refused 0
09-11 05:07:15.377 12919 20758 I WiVRn   : [2026-09-11 05:07:15.377] [WiVRn] [info] nxwarp[0] gpu duty 685 ms/s (69% of one GPU) for decode alone; the display pass is extra
09-11 05:07:15.377 12919 20758 I WiVRn   : [2026-09-11 05:07:15.377] [WiVRn] [info] nxwarp[0] passB 8.1 ms = warp 0.0 + skip 0.0 + coded 0.0 + dir 0.0 + other 8.1; tiles skip 0 / coded 3528 / dir 0 (eye pass 0)
09-11 05:07:15.377 12919 20758 I WiVRn   : [2026-09-11 05:07:15.377] [WiVRn] [info] nxwarp[0]: 78 frames dropped late (queue kept to 1)
09-11 05:07:15.377 12919 20758 I WiVRn   : [2026-09-11 05:07:15.377] [WiVRn] [info] nxwarp[0] stage: gap 2.4 | wait-prev 0.0 | submit 1.4 (qlock 0.0 + codec 1.4) | get_free 0.0 | fence-pre 0.0 | record 0.0 | qsubmit 0.0 | fence-post 14.6 | publish 0.0 ms; withheld 0, stride 1, arrival 19.3 ms
09-11 05:07:15.377 12919 20758 I WiVRn   : [2026-09-11 05:07:15.377] [WiVRn] [info] nxwarp[0] reassembly (network thread): 0.17 ms/frame over 108 frames, buffer 255 kB held for 255 kB of unit (1.0x)
09-11 05:07:15.377 12919 20758 I WiVRn   : [2026-09-11 05:07:15.377] [WiVRn] [info] nxwarp[0] fence-post 14.6 ms = nxvc gpu 12.7 + copy gpu 0.00 + queue 1.9 (over 109 frames with timestamps)
09-11 05:07:15.787 12919 20760 I WiVRn   : [2026-09-11 05:07:15.787] [WiVRn] [info] Tracking pattern (11121µs):
09-11 05:07:15.787 12919 20760 I WiVRn   : [2026-09-11 05:07:15.787] [WiVRn] [info] 	t+3933µs HEAD (7188µs)
09-11 05:07:15.787 12919 20760 I WiVRn   : [2026-09-11 05:07:15.787] [WiVRn] [info] 	t+3978µs LEFT_GRIP (7142µs)
09-11 05:07:15.787 12919 20760 I WiVRn   : [2026-09-11 05:07:15.787] [WiVRn] [info] 	t+3984µs RIGHT_GRIP (7137µs)
09-11 05:07:15.787 12919 20760 I WiVRn   : [2026-09-11 05:07:15.787] [WiVRn] [info] 	t+6933µs HEAD (4188µs)
09-11 05:07:15.787 12919 20760 I WiVRn   : [2026-09-11 05:07:15.787] [WiVRn] [info] 	t+6978µs LEFT_GRIP (4142µs)
09-11 05:07:15.787 12919 20760 I WiVRn   : [2026-09-11 05:07:15.787] [WiVRn] [info] 	t+6984µs RIGHT_GRIP (4137µs)
09-11 05:07:16.107 12919 20706 I PxrMetric: FPS=82/90,MTP=40.32ms,AppSW=off,FrmEarly=18,FrmLate=10,FrmCpu=0.89ms,FrmGpu=10.74ms,FrmTime=17.35ms,ATWGPU=1.59ms,VsyncDelay=2,GPU=86%/587Mhz,GPUTemp=77.9C,LayerCnt=3,Pkg=org.meumeu.wivrn.nx.warp,FrmId=5648
09-11 05:07:16.637 12919 20755 I WiVRn   : [2026-09-11 05:07:16.637] [WiVRn] [info] nxwarp[0] net: 107 frames closed in 2.0 s, 0 with a hole, 0 out-of-order datagrams, 0 frames completed late, 0 queued for the worker, 3666 decoded so far, 3903 stragglers dropped; last hole 1877/2007 chunks, first missing 1534, short false, chunk 1166 B; worker phase copy-fence-wait
09-11 05:07:16.637 12919 20755 I WiVRn   : [2026-09-11 05:07:16.637] [WiVRn] [info] nxwarp[0] net: 0.027 ms per datagram over 32208 datagrams (424.55 ms of every second)
09-11 05:07:16.637 12919 20755 I WiVRn   : [2026-09-11 05:07:16.637] [WiVRn] [info] nxwarp[0] sel: stride 1, arrival 17.9 ms, dropped-late 78, withheld 0, decoded 3666
09-11 05:07:16.637 12919 20755 I WiVRn   : [2026-09-11 05:07:16.637] [WiVRn] [info] nxwarp[0] rx: 1206786 datagrams, placed 9403803 (+127479), late 471800 (+18216), stale_frame 0, bad_range 0, bad_dir 0, bad_caps 0, bad_ver 0, auth_fail 0, replay 0, frozen 0, dup 418
09-11 05:07:16.787 12919 20760 I WiVRn   : [2026-09-11 05:07:16.787] [WiVRn] [info] Tracking pattern (11117µs):
09-11 05:07:16.787 12919 20760 I WiVRn   : [2026-09-11 05:07:16.787] [WiVRn] [info] 	t+3007µs HEAD (8110µs)
09-11 05:07:16.787 12919 20760 I WiVRn   : [2026-09-11 05:07:16.787] [WiVRn] [info] 	t+3048µs LEFT_GRIP (8069µs)
09-11 05:07:16.787 12919 20760 I WiVRn   : [2026-09-11 05:07:16.787] [WiVRn] [info] 	t+3055µs RIGHT_GRIP (8062µs)
09-11 05:07:16.787 12919 20760 I WiVRn   : [2026-09-11 05:07:16.787] [WiVRn] [info] 	t+6007µs HEAD (5110µs)
09-11 05:07:16.787 12919 20760 I WiVRn   : [2026-09-11 05:07:16.787] [WiVRn] [info] 	t+6048µs LEFT_GRIP (5069µs)
09-11 05:07:16.787 12919 20760 I WiVRn   : [2026-09-11 05:07:16.787] [WiVRn] [info] 	t+6055µs RIGHT_GRIP (5062µs)
09-11 05:07:17.124 12919 20706 I PxrMetric: FPS=89/90,MTP=46.89ms,AppSW=off,FrmEarly=27,FrmLate=18,FrmCpu=0.72ms,FrmGpu=14.43ms,FrmTime=24.37ms,ATWGPU=1.60ms,VsyncDelay=3,GPU=85%/587Mhz,GPUTemp=78.3C,LayerCnt=3,Pkg=org.meumeu.wivrn.nx.warp,FrmId=5720
09-11 05:07:17.342 12919 20716 I WiVRn   : [2026-09-11 05:07:17.342] [WiVRn] [info] render: 157 iterations in 2.0 s (78.2/s), 157 submitted a layer, 105 new-source, 0 skipped by the repeat gate, 0 with nothing to show; display period 12.8 ms
09-11 05:07:17.342 12919 20716 I WiVRn   : [2026-09-11 05:07:17.342] [WiVRn] [info] render: ready wait attempts 67 success 15 total 55.466 ms | selected older than available 0
09-11 05:07:17.342 12919 20716 I WiVRn   : [2026-09-11 05:07:17.342] [WiVRn] [info] render: selected source transitions forward 105 backward 0 repeat 52, greatest forward gap 1
09-11 05:07:17.342 12919 20716 I WiVRn   : [2026-09-11 05:07:17.342] [WiVRn] [info] render: this app's own GPU pass 3.1 ms per iteration
09-11 05:07:17.342 12919 20716 I WiVRn   : [2026-09-11 05:07:17.342] [WiVRn] [info] render: defoveate 2688x2688 per eye x2 = 14.45 Mpx/frame at scale 1.00 atlas-prototype 0; 52 re-presented from the cache (reduce_gpu_load on)
09-11 05:07:17.342 12919 20716 I WiVRn   : [2026-09-11 05:07:17.342] [WiVRn] [info] render: shader path sharpness 0.00 fsr false alpha false motion false blend false glow 0.00 vignette 0.00 deband 0.00 lowpoly 0.00 levels 0 full-kernel false
09-11 05:07:17.342 12919 20716 I WiVRn   : [2026-09-11 05:07:17.342] [WiVRn] [info] render: per iteration fence 2.7 (worst 14.0) | queries 0.0 | submit 0.0 | whole render() 3.6 ms
09-11 05:07:17.342 12919 20716 I WiVRn   : [2026-09-11 05:07:17.342] [WiVRn] [info] render: selection-to-defoveate CPU 0.049 ms mean (max 0.110) over 105 actual defoveate calls; not GPU/photon latency
09-11 05:07:17.342 12919 20716 I WiVRn   : [2026-09-11 05:07:17.342] [WiVRn] [info] render: jit on | wake slack 44.4 ms | slept 5.0 ms mean (max 5.0, 157 of 157 iterations) | budget 15.5 = pass 14.5 + margin 1.0 | sleep cap 5.0 ms
09-11 05:07:17.342 12919 20716 I WiVRn   : [2026-09-11 05:07:17.342] [WiVRn] [info] render: source display-time offset 76.8 ms mean (worst 97.9) over 157 frames | submit lead 35.8 ms mean (worst 18.9) | misses: 0 overrun 0 late 0 skipped refresh
09-11 05:07:17.342 12919 20716 I WiVRn   : [2026-09-11 05:07:17.342] [WiVRn] [info] render: source->first 6.4 ms | wire 9.0 | queue 1.9 | decode 16.5 | decode->selection 6.7 | selection->predicted 36.3 | sum 76.8 over 157 selected frames (0 invalid)
09-11 05:07:17.388 12919 20758 I WiVRn   : [2026-09-11 05:07:17.388] [WiVRn] [info] nxwarp[0]: 105 frames in 2.0 s: 285498 B/frame, wait-prev 0.0 ms, wall 16.6 ms, nxvc passA 5.1 passB 8.2 gpu 13.2 ms; holes 1, refused 0
09-11 05:07:17.388 12919 20758 I WiVRn   : [2026-09-11 05:07:17.388] [WiVRn] [info] nxwarp[0] gpu duty 692 ms/s (69% of one GPU) for decode alone; the display pass is extra
09-11 05:07:17.388 12919 20758 I WiVRn   : [2026-09-11 05:07:17.388] [WiVRn] [info] nxwarp[0] passB 8.2 ms = warp 0.0 + skip 0.0 + coded 0.0 + dir 0.0 + other 8.2; tiles skip 0 / coded 3528 / dir 0 (eye pass 0)
09-11 05:07:17.388 12919 20758 I WiVRn   : [2026-09-11 05:07:17.388] [WiVRn] [info] nxwarp[0]: 78 frames dropped late (queue kept to 1)
09-11 05:07:17.388 12919 20758 I WiVRn   : [2026-09-11 05:07:17.388] [WiVRn] [info] nxwarp[0] stage: gap 2.6 | wait-prev 0.0 | submit 1.5 (qlock 0.0 + codec 1.5) | get_free 0.0 | fence-pre 0.0 | record 0.0 | qsubmit 0.0 | fence-post 15.0 | publish 0.0 ms; withheld 0, stride 1, arrival 19.5 ms
09-11 05:07:17.388 12919 20758 I WiVRn   : [2026-09-11 05:07:17.388] [WiVRn] [info] nxwarp[0] reassembly (network thread): 0.13 ms/frame over 105 frames, buffer 279 kB held for 279 kB of unit (1.0x)
09-11 05:07:17.388 12919 20758 I WiVRn   : [2026-09-11 05:07:17.388] [WiVRn] [info] nxwarp[0] fence-post 15.0 ms = nxvc gpu 13.2 + copy gpu 0.00 + queue 1.7 (over 105 frames with timestamps)
09-11 05:07:17.787 12919 20760 I WiVRn   : [2026-09-11 05:07:17.787] [WiVRn] [info] Tracking pattern (11111µs):
09-11 05:07:17.787 12919 20760 I WiVRn   : [2026-09-11 05:07:17.787] [WiVRn] [info] 	t+3794µs HEAD (7317µs)
09-11 05:07:17.787 12919 20760 I WiVRn   : [2026-09-11 05:07:17.787] [WiVRn] [info] 	t+3857µs LEFT_GRIP (7253µs)
09-11 05:07:17.787 12919 20760 I WiVRn   : [2026-09-11 05:07:17.787] [WiVRn] [info] 	t+3866µs RIGHT_GRIP (7245µs)
09-11 05:07:17.787 12919 20760 I WiVRn   : [2026-09-11 05:07:17.787] [WiVRn] [info] 	t+6794µs HEAD (4317µs)
09-11 05:07:17.787 12919 20760 I WiVRn   : [2026-09-11 05:07:17.787] [WiVRn] [info] 	t+6857µs LEFT_GRIP (4253µs)
09-11 05:07:17.787 12919 20760 I WiVRn   : [2026-09-11 05:07:17.787] [WiVRn] [info] 	t+6866µs RIGHT_GRIP (4245µs)
09-11 05:07:18.136 12919 20706 I PxrMetric: FPS=71/90,MTP=36.09ms,AppSW=off,FrmEarly=31,FrmLate=13,FrmCpu=0.82ms,FrmGpu=10.56ms,FrmTime=18.01ms,ATWGPU=1.60ms,VsyncDelay=2,GPU=99%/587Mhz,GPUTemp=77.9C,LayerCnt=3,Pkg=org.meumeu.wivrn.nx.warp,FrmId=5793
09-11 05:07:18.638 12919 20755 I WiVRn   : [2026-09-11 05:07:18.638] [WiVRn] [info] nxwarp[0] net: 104 frames closed in 2.0 s, 0 with a hole, 0 out-of-order datagrams, 0 frames completed late, 0 queued for the worker, 3771 decoded so far, 4007 stragglers dropped; last hole 1877/2007 chunks, first missing 1534, short false, chunk 1166 B; worker phase idle
09-11 05:07:18.638 12919 20755 I WiVRn   : [2026-09-11 05:07:18.638] [WiVRn] [info] nxwarp[0] net: 0.028 ms per datagram over 31584 datagrams (435.39 ms of every second)
09-11 05:07:18.638 12919 20755 I WiVRn   : [2026-09-11 05:07:18.638] [WiVRn] [info] nxwarp[0] sel: stride 1, arrival 20.0 ms, dropped-late 78, withheld 0, decoded 3771
09-11 05:07:18.638 12919 20755 I WiVRn   : [2026-09-11 05:07:18.638] [WiVRn] [info] nxwarp[0] rx: 1238370 datagrams, placed 9430188 (+26385), late 493428 (+21628), stale_frame 0, bad_range 0, bad_dir 0, bad_caps 0, bad_ver 0, auth_fail 0, replay 0, frozen 0, dup 425
09-11 05:07:18.787 12919 20760 I WiVRn   : [2026-09-11 05:07:18.787] [WiVRn] [info] Tracking pattern (11112µs):
09-11 05:07:18.787 12919 20760 I WiVRn   : [2026-09-11 05:07:18.787] [WiVRn] [info] 	t+2598µs HEAD (8513µs)
09-11 05:07:18.787 12919 20760 I WiVRn   : [2026-09-11 05:07:18.787] [WiVRn] [info] 	t+2642µs LEFT_GRIP (8469µs)
09-11 05:07:18.787 12919 20760 I WiVRn   : [2026-09-11 05:07:18.787] [WiVRn] [info] 	t+2667µs RIGHT_GRIP (8444µs)
09-11 05:07:18.787 12919 20760 I WiVRn   : [2026-09-11 05:07:18.787] [WiVRn] [info] 	t+5598µs HEAD (5513µs)
09-11 05:07:18.787 12919 20760 I WiVRn   : [2026-09-11 05:07:18.787] [WiVRn] [info] 	t+5642µs LEFT_GRIP (5469µs)
09-11 05:07:18.787 12919 20760 I WiVRn   : [2026-09-11 05:07:18.787] [WiVRn] [info] 	t+5667µs RIGHT_GRIP (5444µs)
09-11 05:07:19.150 12919 20706 I PxrMetric: FPS=72/90,MTP=33.13ms,AppSW=off,FrmEarly=26,FrmLate=11,FrmCpu=0.67ms,FrmGpu=13.54ms,FrmTime=22.41ms,ATWGPU=1.59ms,VsyncDelay=2,GPU=99%/587Mhz,GPUTemp=77.9C,LayerCnt=3,Pkg=org.meumeu.wivrn.nx.warp,FrmId=5868
09-11 05:07:19.347 12919 20716 I WiVRn   : [2026-09-11 05:07:19.347] [WiVRn] [info] render: 146 iterations in 2.0 s (72.8/s), 146 submitted a layer, 105 new-source, 0 skipped by the repeat gate, 0 with nothing to show; display period 13.8 ms
09-11 05:07:19.347 12919 20716 I WiVRn   : [2026-09-11 05:07:19.347] [WiVRn] [info] render: ready wait attempts 49 success 8 total 44.390 ms | selected older than available 0
09-11 05:07:19.347 12919 20716 I WiVRn   : [2026-09-11 05:07:19.347] [WiVRn] [info] render: selected source transitions forward 105 backward 0 repeat 41, greatest forward gap 1
09-11 05:07:19.347 12919 20716 I WiVRn   : [2026-09-11 05:07:19.347] [WiVRn] [info] render: this app's own GPU pass 3.5 ms per iteration
09-11 05:07:19.347 12919 20716 I WiVRn   : [2026-09-11 05:07:19.347] [WiVRn] [info] render: defoveate 2688x2688 per eye x2 = 14.45 Mpx/frame at scale 1.00 atlas-prototype 0; 41 re-presented from the cache (reduce_gpu_load on)
09-11 05:07:19.347 12919 20716 I WiVRn   : [2026-09-11 05:07:19.347] [WiVRn] [info] render: shader path sharpness 0.00 fsr false alpha false motion false blend false glow 0.00 vignette 0.00 deband 0.00 lowpoly 0.00 levels 0 full-kernel false
09-11 05:07:19.347 12919 20716 I WiVRn   : [2026-09-11 05:07:19.347] [WiVRn] [info] render: per iteration fence 3.5 (worst 14.0) | queries 0.0 | submit 0.0 | whole render() 4.4 ms
09-11 05:07:19.347 12919 20716 I WiVRn   : [2026-09-11 05:07:19.347] [WiVRn] [info] render: selection-to-defoveate CPU 0.049 ms mean (max 0.094) over 105 actual defoveate calls; not GPU/photon latency
09-11 05:07:19.347 12919 20716 I WiVRn   : [2026-09-11 05:07:19.347] [WiVRn] [info] render: jit on | wake slack 47.0 ms | slept 5.0 ms mean (max 5.0, 146 of 146 iterations) | budget 15.1 = pass 14.1 + margin 1.0 | sleep cap 5.0 ms
09-11 05:07:19.347 12919 20716 I WiVRn   : [2026-09-11 05:07:19.347] [WiVRn] [info] render: source display-time offset 79.0 ms mean (worst 109.0) over 146 frames | submit lead 37.6 ms mean (worst 20.2) | misses: 0 overrun 0 late 0 skipped refresh
09-11 05:07:19.347 12919 20716 I WiVRn   : [2026-09-11 05:07:19.347] [WiVRn] [info] render: source->first 6.4 ms | wire 9.1 | queue 1.8 | decode 16.3 | decode->selection 7.2 | selection->predicted 38.2 | sum 79.0 over 146 selected frames (0 invalid)
09-11 05:07:19.401 12919 20758 I WiVRn   : [2026-09-11 05:07:19.401] [WiVRn] [info] nxwarp[0]: 105 frames in 2.0 s: 291970 B/frame, wait-prev 0.0 ms, wall 16.5 ms, nxvc passA 5.1 passB 8.3 gpu 13.4 ms; holes 1, refused 0
09-11 05:07:19.401 12919 20758 I WiVRn   : [2026-09-11 05:07:19.401] [WiVRn] [info] nxwarp[0] gpu duty 697 ms/s (70% of one GPU) for decode alone; the display pass is extra
09-11 05:07:19.401 12919 20758 I WiVRn   : [2026-09-11 05:07:19.401] [WiVRn] [info] nxwarp[0] passB 8.3 ms = warp 0.0 + skip 0.0 + coded 0.0 + dir 0.0 + other 8.3; tiles skip 0 / coded 3528 / dir 0 (eye pass 0)
09-11 05:07:19.401 12919 20758 I WiVRn   : [2026-09-11 05:07:19.401] [WiVRn] [info] nxwarp[0]: 78 frames dropped late (queue kept to 1)
09-11 05:07:19.401 12919 20758 I WiVRn   : [2026-09-11 05:07:19.401] [WiVRn] [info] nxwarp[0] stage: gap 2.7 | wait-prev 0.0 | submit 1.5 (qlock 0.0 + codec 1.5) | get_free 0.0 | fence-pre 0.0 | record 0.0 | qsubmit 0.0 | fence-post 15.0 | publish 0.0 ms; withheld 0, stride 1, arrival 18.6 ms
09-11 05:07:19.401 12919 20758 I WiVRn   : [2026-09-11 05:07:19.401] [WiVRn] [info] nxwarp[0] reassembly (network thread): 0.13 ms/frame over 106 frames, buffer 285 kB held for 285 kB of unit (1.0x)
09-11 05:07:19.401 12919 20758 I WiVRn   : [2026-09-11 05:07:19.401] [WiVRn] [info] nxwarp[0] fence-post 15.0 ms = nxvc gpu 13.4 + copy gpu 0.00 + queue 1.6 (over 105 frames with timestamps)
09-11 05:07:19.787 12919 20760 I WiVRn   : [2026-09-11 05:07:19.787] [WiVRn] [info] Tracking pattern (11111µs):
09-11 05:07:19.787 12919 20760 I WiVRn   : [2026-09-11 05:07:19.787] [WiVRn] [info] 	t+3290µs HEAD (7820µs)
09-11 05:07:19.787 12919 20760 I WiVRn   : [2026-09-11 05:07:19.787] [WiVRn] [info] 	t+3332µs LEFT_GRIP (7779µs)
09-11 05:07:19.787 12919 20760 I WiVRn   : [2026-09-11 05:07:19.787] [WiVRn] [info] 	t+3339µs RIGHT_GRIP (7771µs)
09-11 05:07:19.787 12919 20760 I WiVRn   : [2026-09-11 05:07:19.787] [WiVRn] [info] 	t+6290µs HEAD (4820µs)
09-11 05:07:19.787 12919 20760 I WiVRn   : [2026-09-11 05:07:19.787] [WiVRn] [info] 	t+6332µs LEFT_GRIP (4779µs)
09-11 05:07:19.787 12919 20760 I WiVRn   : [2026-09-11 05:07:19.787] [WiVRn] [info] 	t+6339µs RIGHT_GRIP (4771µs)
09-11 05:07:20.164 12919 20706 I PxrMetric: FPS=74/90,MTP=29.60ms,AppSW=off,FrmEarly=39,FrmLate=7,FrmCpu=0.85ms,FrmGpu=11.59ms,FrmTime=19.39ms,ATWGPU=1.60ms,VsyncDelay=2,GPU=94%/587Mhz,GPUTemp=77.9C,LayerCnt=3,Pkg=org.meumeu.wivrn.nx.warp,FrmId=5953
09-11 05:07:20.648 12919 20755 I WiVRn   : [2026-09-11 05:07:20.648] [WiVRn] [info] nxwarp[0] net: 105 frames closed in 2.0 s, 0 with a hole, 0 out-of-order datagrams, 0 frames completed late, 0 queued for the worker, 3875 decoded so far, 4115 stragglers dropped; last hole 1877/2007 chunks, first missing 1534, short false, chunk 1166 B; worker phase copy-fence-wait
09-11 05:07:20.648 12919 20755 I WiVRn   : [2026-09-11 05:07:20.648] [WiVRn] [info] nxwarp[0] net: 0.026 ms per datagram over 33160 datagrams (425.78 ms of every second)
09-11 05:07:20.648 12919 20755 I WiVRn   : [2026-09-11 05:07:20.648] [WiVRn] [info] nxwarp[0] sel: stride 1, arrival 17.7 ms, dropped-late 78, withheld 0, decoded 3875
09-11 05:07:20.648 12919 20755 I WiVRn   : [2026-09-11 05:07:20.648] [WiVRn] [info] nxwarp[0] rx: 1271530 datagrams, placed 9639704 (+209516), late 508799 (+15371), stale_frame 0, bad_range 0, bad_dir 0, bad_caps 0, bad_ver 0, auth_fail 0, replay 0, frozen 0, dup 433
09-11 05:07:20.787 12919 20760 I WiVRn   : [2026-09-11 05:07:20.787] [WiVRn] [info] Tracking pattern (11112µs):
09-11 05:07:20.787 12919 20760 I WiVRn   : [2026-09-11 05:07:20.787] [WiVRn] [info] 	t+3402µs HEAD (7710µs)
09-11 05:07:20.787 12919 20760 I WiVRn   : [2026-09-11 05:07:20.787] [WiVRn] [info] 	t+3443µs LEFT_GRIP (7669µs)
09-11 05:07:20.787 12919 20760 I WiVRn   : [2026-09-11 05:07:20.787] [WiVRn] [info] 	t+3450µs RIGHT_GRIP (7662µs)
09-11 05:07:20.787 12919 20760 I WiVRn   : [2026-09-11 05:07:20.787] [WiVRn] [info] 	t+6402µs HEAD (4710µs)
09-11 05:07:20.787 12919 20760 I WiVRn   : [2026-09-11 05:07:20.787] [WiVRn] [info] 	t+6443µs LEFT_GRIP (4669µs)
09-11 05:07:20.787 12919 20760 I WiVRn   : [2026-09-11 05:07:20.787] [WiVRn] [info] 	t+6450µs RIGHT_GRIP (4662µs)
09-11 05:07:21.164 12919 20706 I PxrMetric: FPS=84/90,MTP=38.81ms,AppSW=off,FrmEarly=16,FrmLate=11,FrmCpu=0.85ms,FrmGpu=10.61ms,FrmTime=17.50ms,ATWGPU=1.60ms,VsyncDelay=2,GPU=93%/587Mhz,GPUTemp=78.3C,LayerCnt=3,Pkg=org.meumeu.wivrn.nx.warp,FrmId=6035
09-11 05:07:21.355 12919 20716 I WiVRn   : [2026-09-11 05:07:21.355] [WiVRn] [info] render: 168 iterations in 2.0 s (83.7/s), 168 submitted a layer, 106 new-source, 0 skipped by the repeat gate, 0 with nothing to show; display period 12.0 ms
09-11 05:07:21.355 12919 20716 I WiVRn   : [2026-09-11 05:07:21.355] [WiVRn] [info] render: ready wait attempts 82 success 20 total 66.187 ms | selected older than available 0
09-11 05:07:21.355 12919 20716 I WiVRn   : [2026-09-11 05:07:21.355] [WiVRn] [info] render: selected source transitions forward 106 backward 0 repeat 62, greatest forward gap 1
09-11 05:07:21.355 12919 20716 I WiVRn   : [2026-09-11 05:07:21.355] [WiVRn] [info] render: this app's own GPU pass 2.9 ms per iteration
09-11 05:07:21.355 12919 20716 I WiVRn   : [2026-09-11 05:07:21.355] [WiVRn] [info] render: defoveate 2688x2688 per eye x2 = 14.45 Mpx/frame at scale 1.00 atlas-prototype 0; 62 re-presented from the cache (reduce_gpu_load on)
09-11 05:07:21.355 12919 20716 I WiVRn   : [2026-09-11 05:07:21.355] [WiVRn] [info] render: shader path sharpness 0.00 fsr false alpha false motion false blend false glow 0.00 vignette 0.00 deband 0.00 lowpoly 0.00 levels 0 full-kernel false
09-11 05:07:21.355 12919 20716 I WiVRn   : [2026-09-11 05:07:21.355] [WiVRn] [info] render: per iteration fence 2.3 (worst 13.5) | queries 0.0 | submit 0.0 | whole render() 3.2 ms
09-11 05:07:21.355 12919 20716 I WiVRn   : [2026-09-11 05:07:21.355] [WiVRn] [info] render: selection-to-defoveate CPU 0.050 ms mean (max 0.112) over 106 actual defoveate calls; not GPU/photon latency
09-11 05:07:21.355 12919 20716 I WiVRn   : [2026-09-11 05:07:21.355] [WiVRn] [info] render: jit on | wake slack 44.1 ms | slept 5.0 ms mean (max 5.0, 168 of 168 iterations) | budget 14.2 = pass 13.2 + margin 1.0 | sleep cap 5.0 ms
09-11 05:07:21.355 12919 20716 I WiVRn   : [2026-09-11 05:07:21.355] [WiVRn] [info] render: source display-time offset 76.7 ms mean (worst 97.8) over 168 frames | submit lead 35.9 ms mean (worst 22.7) | misses: 0 overrun 0 late 0 skipped refresh
09-11 05:07:21.355 12919 20716 I WiVRn   : [2026-09-11 05:07:21.355] [WiVRn] [info] render: source->first 6.9 ms | wire 8.9 | queue 2.1 | decode 16.1 | decode->selection 6.3 | selection->predicted 36.4 | sum 76.7 over 168 selected frames (0 invalid)
09-11 05:07:21.412 12919 20758 I WiVRn   : [2026-09-11 05:07:21.412] [WiVRn] [info] nxwarp[0]: 107 frames in 2.0 s: 257023 B/frame, wait-prev 0.0 ms, wall 16.0 ms, nxvc passA 4.7 passB 8.2 gpu 12.9 ms; holes 1, refused 0
09-11 05:07:21.412 12919 20758 I WiVRn   : [2026-09-11 05:07:21.412] [WiVRn] [info] nxwarp[0] gpu duty 685 ms/s (68% of one GPU) for decode alone; the display pass is extra
09-11 05:07:21.412 12919 20758 I WiVRn   : [2026-09-11 05:07:21.412] [WiVRn] [info] nxwarp[0] passB 8.2 ms = warp 0.0 + skip 0.0 + coded 0.0 + dir 0.0 + other 8.2; tiles skip 0 / coded 3528 / dir 0 (eye pass 0)
09-11 05:07:21.412 12919 20758 I WiVRn   : [2026-09-11 05:07:21.412] [WiVRn] [info] nxwarp[0]: 78 frames dropped late (queue kept to 1)
09-11 05:07:21.412 12919 20758 I WiVRn   : [2026-09-11 05:07:21.412] [WiVRn] [info] nxwarp[0] stage: gap 2.7 | wait-prev 0.0 | submit 1.4 (qlock 0.0 + codec 1.4) | get_free 0.0 | fence-pre 0.0 | record 0.0 | qsubmit 0.0 | fence-post 14.6 | publish 0.0 ms; withheld 0, stride 1, arrival 17.2 ms
09-11 05:07:21.412 12919 20758 I WiVRn   : [2026-09-11 05:07:21.412] [WiVRn] [info] nxwarp[0] reassembly (network thread): 0.19 ms/frame over 106 frames, buffer 251 kB held for 251 kB of unit (1.0x)
09-11 05:07:21.412 12919 20758 I WiVRn   : [2026-09-11 05:07:21.412] [WiVRn] [info] nxwarp[0] fence-post 14.6 ms = nxvc gpu 12.9 + copy gpu 0.00 + queue 1.7 (over 107 frames with timestamps)
09-11 05:07:21.787 12919 20760 I WiVRn   : [2026-09-11 05:07:21.787] [WiVRn] [info] Tracking pattern (11111µs):
09-11 05:07:21.787 12919 20760 I WiVRn   : [2026-09-11 05:07:21.787] [WiVRn] [info] 	t+2302µs HEAD (8809µs)
09-11 05:07:21.787 12919 20760 I WiVRn   : [2026-09-11 05:07:21.787] [WiVRn] [info] 	t+2343µs LEFT_GRIP (8767µs)
09-11 05:07:21.787 12919 20760 I WiVRn   : [2026-09-11 05:07:21.787] [WiVRn] [info] 	t+2348µs RIGHT_GRIP (8762µs)
09-11 05:07:21.787 12919 20760 I WiVRn   : [2026-09-11 05:07:21.787] [WiVRn] [info] 	t+5302µs HEAD (5809µs)
09-11 05:07:21.787 12919 20760 I WiVRn   : [2026-09-11 05:07:21.787] [WiVRn] [info] 	t+5343µs LEFT_GRIP (5767µs)
09-11 05:07:21.787 12919 20760 I WiVRn   : [2026-09-11 05:07:21.787] [WiVRn] [info] 	t+5348µs RIGHT_GRIP (5762µs)
09-11 05:07:22.180 12919 20706 I PxrMetric: FPS=82/90,MTP=42.18ms,AppSW=off,FrmEarly=27,FrmLate=12,FrmCpu=0.74ms,FrmGpu=11.98ms,FrmTime=19.34ms,ATWGPU=1.60ms,VsyncDelay=3,GPU=99%/587Mhz,GPUTemp=79.1C,LayerCnt=3,Pkg=org.meumeu.wivrn.nx.warp,FrmId=6110
09-11 05:07:22.670 12919 20755 I WiVRn   : [2026-09-11 05:07:22.670] [WiVRn] [info] nxwarp[0] net: 113 frames closed in 2.0 s, 0 with a hole, 0 out-of-order datagrams, 0 frames completed late, 0 queued for the worker, 3989 decoded so far, 4228 stragglers dropped; last hole 1877/2007 chunks, first missing 1534, short false, chunk 1166 B; worker phase idle
09-11 05:07:22.670 12919 20755 I WiVRn   : [2026-09-11 05:07:22.670] [WiVRn] [info] nxwarp[0] net: 0.026 ms per datagram over 33413 datagrams (421.51 ms of every second)
09-11 05:07:22.670 12919 20755 I WiVRn   : [2026-09-11 05:07:22.670] [WiVRn] [info] nxwarp[0] sel: stride 1, arrival 17.1 ms, dropped-late 78, withheld 0, decoded 3989
09-11 05:07:22.670 12919 20755 I WiVRn   : [2026-09-11 05:07:22.670] [WiVRn] [info] nxwarp[0] rx: 1304943 datagrams, placed 10038368 (+398664), late 509466 (+667), stale_frame 0, bad_range 0, bad_dir 0, bad_caps 0, bad_ver 0, auth_fail 0, replay 0, frozen 0, dup 433
09-11 05:07:22.787 12919 20760 I WiVRn   : [2026-09-11 05:07:22.787] [WiVRn] [info] Tracking pattern (11111µs):
09-11 05:07:22.787 12919 20760 I WiVRn   : [2026-09-11 05:07:22.787] [WiVRn] [info] 	t+3526µs HEAD (7584µs)
09-11 05:07:22.787 12919 20760 I WiVRn   : [2026-09-11 05:07:22.787] [WiVRn] [info] 	t+3568µs LEFT_GRIP (7543µs)
09-11 05:07:22.787 12919 20760 I WiVRn   : [2026-09-11 05:07:22.787] [WiVRn] [info] 	t+3573µs RIGHT_GRIP (7537µs)
09-11 05:07:22.787 12919 20760 I WiVRn   : [2026-09-11 05:07:22.787] [WiVRn] [info] 	t+6526µs HEAD (4584µs)
09-11 05:07:22.787 12919 20760 I WiVRn   : [2026-09-11 05:07:22.787] [WiVRn] [info] 	t+6568µs LEFT_GRIP (4543µs)
09-11 05:07:22.787 12919 20760 I WiVRn   : [2026-09-11 05:07:22.787] [WiVRn] [info] 	t+6573µs RIGHT_GRIP (4537µs)
09-11 05:07:23.179 12919 20706 I PxrMetric: FPS=74/90,MTP=34.37ms,AppSW=off,FrmEarly=16,FrmLate=15,FrmCpu=0.67ms,FrmGpu=13.55ms,FrmTime=23.02ms,ATWGPU=1.61ms,VsyncDelay=2,GPU=88%/587Mhz,GPUTemp=76.8C,LayerCnt=3,Pkg=org.meumeu.wivrn.nx.warp,FrmId=6182
09-11 05:07:23.361 12919 20716 I WiVRn   : [2026-09-11 05:07:23.361] [WiVRn] [info] render: 144 iterations in 2.0 s (71.8/s), 144 submitted a layer, 113 new-source, 0 skipped by the repeat gate, 0 with nothing to show; display period 13.9 ms
09-11 05:07:23.361 12919 20716 I WiVRn   : [2026-09-11 05:07:23.361] [WiVRn] [info] render: ready wait attempts 33 success 2 total 32.901 ms | selected older than available 0
09-11 05:07:23.361 12919 20716 I WiVRn   : [2026-09-11 05:07:23.361] [WiVRn] [info] render: selected source transitions forward 113 backward 0 repeat 31, greatest forward gap 1
09-11 05:07:23.361 12919 20716 I WiVRn   : [2026-09-11 05:07:23.361] [WiVRn] [info] render: this app's own GPU pass 3.7 ms per iteration
09-11 05:07:23.361 12919 20716 I WiVRn   : [2026-09-11 05:07:23.361] [WiVRn] [info] render: defoveate 2688x2688 per eye x2 = 14.45 Mpx/frame at scale 1.00 atlas-prototype 0; 31 re-presented from the cache (reduce_gpu_load on)
09-11 05:07:23.361 12919 20716 I WiVRn   : [2026-09-11 05:07:23.361] [WiVRn] [info] render: shader path sharpness 0.00 fsr false alpha false motion false blend false glow 0.00 vignette 0.00 deband 0.00 lowpoly 0.00 levels 0 full-kernel false
09-11 05:07:23.361 12919 20716 I WiVRn   : [2026-09-11 05:07:23.361] [WiVRn] [info] render: per iteration fence 3.4 (worst 12.2) | queries 0.0 | submit 0.0 | whole render() 4.3 ms
09-11 05:07:23.361 12919 20716 I WiVRn   : [2026-09-11 05:07:23.361] [WiVRn] [info] render: selection-to-defoveate CPU 0.046 ms mean (max 0.093) over 113 actual defoveate calls; not GPU/photon latency
09-11 05:07:23.361 12919 20716 I WiVRn   : [2026-09-11 05:07:23.361] [WiVRn] [info] render: jit on | wake slack 46.4 ms | slept 5.0 ms mean (max 5.0, 144 of 144 iterations) | budget 13.8 = pass 12.8 + margin 1.0 | sleep cap 5.0 ms
09-11 05:07:23.361 12919 20716 I WiVRn   : [2026-09-11 05:07:23.361] [WiVRn] [info] render: source display-time offset 75.4 ms mean (worst 97.7) over 144 frames | submit lead 37.2 ms mean (worst 22.9) | misses: 0 overrun 0 late 0 skipped refresh
09-11 05:07:23.361 12919 20716 I WiVRn   : [2026-09-11 05:07:23.361] [WiVRn] [info] render: source->first 5.6 ms | wire 8.2 | queue 2.2 | decode 15.3 | decode->selection 6.5 | selection->predicted 37.7 | sum 75.4 over 144 selected frames (0 invalid)
09-11 05:07:23.422 12919 20758 I WiVRn   : [2026-09-11 05:07:23.422] [WiVRn] [info] nxwarp[0]: 113 frames in 2.0 s: 234291 B/frame, wait-prev 0.0 ms, wall 15.3 ms, nxvc passA 4.3 passB 8.0 gpu 12.3 ms; holes 1, refused 0
09-11 05:07:23.422 12919 20758 I WiVRn   : [2026-09-11 05:07:23.422] [WiVRn] [info] nxwarp[0] gpu duty 689 ms/s (69% of one GPU) for decode alone; the display pass is extra
09-11 05:07:23.422 12919 20758 I WiVRn   : [2026-09-11 05:07:23.422] [WiVRn] [info] nxwarp[0] passB 8.0 ms = warp 0.0 + skip 0.0 + coded 0.0 + dir 0.0 + other 8.0; tiles skip 0 / coded 3528 / dir 0 (eye pass 0)
09-11 05:07:23.422 12919 20758 I WiVRn   : [2026-09-11 05:07:23.422] [WiVRn] [info] nxwarp[0]: 78 frames dropped late (queue kept to 1)
09-11 05:07:23.422 12919 20758 I WiVRn   : [2026-09-11 05:07:23.422] [WiVRn] [info] nxwarp[0] stage: gap 2.5 | wait-prev 0.0 | submit 1.4 (qlock 0.0 + codec 1.4) | get_free 0.0 | fence-pre 0.0 | record 0.0 | qsubmit 0.0 | fence-post 13.8 | publish 0.0 ms; withheld 0, stride 1, arrival 17.2 ms
09-11 05:07:23.422 12919 20758 I WiVRn   : [2026-09-11 05:07:23.422] [WiVRn] [info] nxwarp[0] reassembly (network thread): 0.19 ms/frame over 113 frames, buffer 229 kB held for 229 kB of unit (1.0x)
09-11 05:07:23.422 12919 20758 I WiVRn   : [2026-09-11 05:07:23.422] [WiVRn] [info] nxwarp[0] fence-post 13.9 ms = nxvc gpu 12.3 + copy gpu 0.00 + queue 1.6 (over 113 frames with timestamps)
09-11 05:07:23.787 12919 20760 I WiVRn   : [2026-09-11 05:07:23.787] [WiVRn] [info] Tracking pattern (11110µs):
09-11 05:07:23.787 12919 20760 I WiVRn   : [2026-09-11 05:07:23.787] [WiVRn] [info] 	t+1694µs HEAD (9415µs)
09-11 05:07:23.787 12919 20760 I WiVRn   : [2026-09-11 05:07:23.787] [WiVRn] [info] 	t+1898µs LEFT_GRIP (9212µs)
09-11 05:07:23.787 12919 20760 I WiVRn   : [2026-09-11 05:07:23.787] [WiVRn] [info] 	t+1903µs RIGHT_GRIP (9207µs)
09-11 05:07:23.787 12919 20760 I WiVRn   : [2026-09-11 05:07:23.787] [WiVRn] [info] 	t+4694µs HEAD (6415µs)
09-11 05:07:23.787 12919 20760 I WiVRn   : [2026-09-11 05:07:23.787] [WiVRn] [info] 	t+4898µs LEFT_GRIP (6212µs)
09-11 05:07:23.787 12919 20760 I WiVRn   : [2026-09-11 05:07:23.787] [WiVRn] [info] 	t+4903µs RIGHT_GRIP (6207µs)
09-11 05:07:24.191 12919 20706 I PxrMetric: FPS=72/90,MTP=52.24ms,AppSW=off,FrmEarly=19,FrmLate=18,FrmCpu=0.62ms,FrmGpu=16.53ms,FrmTime=26.49ms,ATWGPU=1.59ms,VsyncDelay=4,GPU=99%/587Mhz,GPUTemp=76.4C,LayerCnt=3,Pkg=org.meumeu.wivrn.nx.warp,FrmId=6249
09-11 05:07:24.682 12919 20755 I WiVRn   : [2026-09-11 05:07:24.682] [WiVRn] [info] nxwarp[0] net: 111 frames closed in 2.0 s, 0 with a hole, 0 out-of-order datagrams, 0 frames completed late, 0 queued for the worker, 4100 decoded so far, 4340 stragglers dropped; last hole 1877/2007 chunks, first missing 1534, short false, chunk 1166 B; worker phase idle
09-11 05:07:24.682 12919 20755 I WiVRn   : [2026-09-11 05:07:24.682] [WiVRn] [info] nxwarp[0] net: 0.026 ms per datagram over 32894 datagrams (419.02 ms of every second)
09-11 05:07:24.682 12919 20755 I WiVRn   : [2026-09-11 05:07:24.682] [WiVRn] [info] nxwarp[0] sel: stride 1, arrival 17.6 ms, dropped-late 78, withheld 0, decoded 4100
09-11 05:07:24.682 12919 20755 I WiVRn   : [2026-09-11 05:07:24.682] [WiVRn] [info] nxwarp[0] rx: 1337837 datagrams, placed 10363545 (+325177), late 515886 (+6420), stale_frame 0, bad_range 0, bad_dir 0, bad_caps 0, bad_ver 0, auth_fail 0, replay 0, frozen 0, dup 443
09-11 05:07:24.787 12919 20760 I WiVRn   : [2026-09-11 05:07:24.787] [WiVRn] [info] Tracking pattern (11110µs):
09-11 05:07:24.787 12919 20760 I WiVRn   : [2026-09-11 05:07:24.787] [WiVRn] [info] 	t+3563µs HEAD (7547µs)
09-11 05:07:24.787 12919 20760 I WiVRn   : [2026-09-11 05:07:24.787] [WiVRn] [info] 	t+3601µs LEFT_GRIP (7509µs)
09-11 05:07:24.787 12919 20760 I WiVRn   : [2026-09-11 05:07:24.787] [WiVRn] [info] 	t+3607µs RIGHT_GRIP (7503µs)
09-11 05:07:24.787 12919 20760 I WiVRn   : [2026-09-11 05:07:24.787] [WiVRn] [info] 	t+6563µs HEAD (4547µs)
09-11 05:07:24.787 12919 20760 I WiVRn   : [2026-09-11 05:07:24.787] [WiVRn] [info] 	t+6601µs LEFT_GRIP (4509µs)
09-11 05:07:24.787 12919 20760 I WiVRn   : [2026-09-11 05:07:24.787] [WiVRn] [info] 	t+6607µs RIGHT_GRIP (4503µs)
09-11 05:07:25.192 12919 20706 I PxrMetric: FPS=67/90,MTP=41.38ms,AppSW=off,FrmEarly=33,FrmLate=12,FrmCpu=0.84ms,FrmGpu=10.48ms,FrmTime=18.40ms,ATWGPU=1.59ms,VsyncDelay=3,GPU=88%/587Mhz,GPUTemp=76.0C,LayerCnt=3,Pkg=org.meumeu.wivrn.nx.warp,FrmId=6321
09-11 05:07:25.365 12919 20716 I WiVRn   : [2026-09-11 05:07:25.365] [WiVRn] [info] render: 141 iterations in 2.0 s (70.4/s), 141 submitted a layer, 107 new-source, 0 skipped by the repeat gate, 0 with nothing to show; display period 14.2 ms
09-11 05:07:25.365 12919 20716 I WiVRn   : [2026-09-11 05:07:25.365] [WiVRn] [info] render: ready wait attempts 38 success 4 total 36.112 ms | selected older than available 0
09-11 05:07:25.365 12919 20716 I WiVRn   : [2026-09-11 05:07:25.365] [WiVRn] [info] render: selected source transitions forward 107 backward 0 repeat 34, greatest forward gap 2
09-11 05:07:25.365 12919 20716 I WiVRn   : [2026-09-11 05:07:25.365] [WiVRn] [info] render: this app's own GPU pass 3.7 ms per iteration
09-11 05:07:25.365 12919 20716 I WiVRn   : [2026-09-11 05:07:25.365] [WiVRn] [info] render: defoveate 2688x2688 per eye x2 = 14.45 Mpx/frame at scale 1.00 atlas-prototype 0; 34 re-presented from the cache (reduce_gpu_load on)
09-11 05:07:25.365 12919 20716 I WiVRn   : [2026-09-11 05:07:25.365] [WiVRn] [info] render: shader path sharpness 0.00 fsr false alpha false motion false blend false glow 0.00 vignette 0.00 deband 0.00 lowpoly 0.00 levels 0 full-kernel false
09-11 05:07:25.365 12919 20716 I WiVRn   : [2026-09-11 05:07:25.365] [WiVRn] [info] render: per iteration fence 3.4 (worst 12.7) | queries 0.0 | submit 0.0 | whole render() 4.3 ms
09-11 05:07:25.365 12919 20716 I WiVRn   : [2026-09-11 05:07:25.365] [WiVRn] [info] render: selection-to-defoveate CPU 0.050 ms mean (max 0.129) over 107 actual defoveate calls; not GPU/photon latency
09-11 05:07:25.365 12919 20716 I WiVRn   : [2026-09-11 05:07:25.365] [WiVRn] [info] render: jit on | wake slack 46.9 ms | slept 5.0 ms mean (max 5.0, 141 of 141 iterations) | budget 14.0 = pass 13.0 + margin 1.0 | sleep cap 5.0 ms
09-11 05:07:25.365 12919 20716 I WiVRn   : [2026-09-11 05:07:25.365] [WiVRn] [info] render: source display-time offset 77.5 ms mean (worst 97.9) over 141 frames | submit lead 37.6 ms mean (worst 23.9) | misses: 0 overrun 0 late 0 skipped refresh
09-11 05:07:25.365 12919 20716 I WiVRn   : [2026-09-11 05:07:25.365] [WiVRn] [info] render: source->first 6.1 ms | wire 8.6 | queue 2.1 | decode 15.6 | decode->selection 6.9 | selection->predicted 38.2 | sum 77.5 over 141 selected frames (0 invalid)
09-11 05:07:25.428 12919 20758 I WiVRn   : [2026-09-11 05:07:25.428] [WiVRn] [info] nxwarp[0]: 109 frames in 2.0 s: 250335 B/frame, wait-prev 0.0 ms, wall 15.8 ms, nxvc passA 4.7 passB 8.0 gpu 12.7 ms; holes 1, refused 0
09-11 05:07:25.428 12919 20758 I WiVRn   : [2026-09-11 05:07:25.428] [WiVRn] [info] nxwarp[0] gpu duty 690 ms/s (69% of one GPU) for decode alone; the display pass is extra
09-11 05:07:25.428 12919 20758 I WiVRn   : [2026-09-11 05:07:25.428] [WiVRn] [info] nxwarp[0] passB 8.0 ms = warp 0.0 + skip 0.0 + coded 0.0 + dir 0.0 + other 8.0; tiles skip 0 / coded 3528 / dir 0 (eye pass 0)
09-11 05:07:25.428 12919 20758 I WiVRn   : [2026-09-11 05:07:25.428] [WiVRn] [info] nxwarp[0]: 78 frames dropped late (queue kept to 1)
09-11 05:07:25.428 12919 20758 I WiVRn   : [2026-09-11 05:07:25.428] [WiVRn] [info] nxwarp[0] stage: gap 2.6 | wait-prev 0.0 | submit 1.4 (qlock 0.0 + codec 1.4) | get_free 0.0 | fence-pre 0.0 | record 0.0 | qsubmit 0.0 | fence-post 14.3 | publish 0.0 ms; withheld 0, stride 1, arrival 18.6 ms
09-11 05:07:25.428 12919 20758 I WiVRn   : [2026-09-11 05:07:25.428] [WiVRn] [info] nxwarp[0] reassembly (network thread): 0.18 ms/frame over 110 frames, buffer 245 kB held for 245 kB of unit (1.0x)
09-11 05:07:25.428 12919 20758 I WiVRn   : [2026-09-11 05:07:25.428] [WiVRn] [info] nxwarp[0] fence-post 14.4 ms = nxvc gpu 12.7 + copy gpu 0.00 + queue 1.6 (over 109 frames with timestamps)
09-11 05:07:25.787 12919 20760 I WiVRn   : [2026-09-11 05:07:25.787] [WiVRn] [info] Tracking pattern (11113µs):
09-11 05:07:25.787 12919 20760 I WiVRn   : [2026-09-11 05:07:25.787] [WiVRn] [info] 	t+2771µs HEAD (8341µs)
09-11 05:07:25.787 12919 20760 I WiVRn   : [2026-09-11 05:07:25.787] [WiVRn] [info] 	t+2837µs LEFT_GRIP (8275µs)
09-11 05:07:25.787 12919 20760 I WiVRn   : [2026-09-11 05:07:25.787] [WiVRn] [info] 	t+2866µs RIGHT_GRIP (8247µs)
09-11 05:07:25.787 12919 20760 I WiVRn   : [2026-09-11 05:07:25.787] [WiVRn] [info] 	t+5771µs HEAD (5341µs)
09-11 05:07:25.787 12919 20760 I WiVRn   : [2026-09-11 05:07:25.787] [WiVRn] [info] 	t+5837µs LEFT_GRIP (5275µs)
09-11 05:07:25.787 12919 20760 I WiVRn   : [2026-09-11 05:07:25.787] [WiVRn] [info] 	t+5866µs RIGHT_GRIP (5247µs)
09-11 05:07:26.206 12919 20706 I PxrMetric: FPS=72/90,MTP=33.49ms,AppSW=off,FrmEarly=26,FrmLate=10,FrmCpu=0.81ms,FrmGpu=10.83ms,FrmTime=17.88ms,ATWGPU=1.60ms,VsyncDelay=2,GPU=88%/587Mhz,GPUTemp=77.5C,LayerCnt=3,Pkg=org.meumeu.wivrn.nx.warp,FrmId=6401
09-11 05:07:26.694 12919 20755 I WiVRn   : [2026-09-11 05:07:26.694] [WiVRn] [info] nxwarp[0] net: 107 frames closed in 2.0 s, 0 with a hole, 0 out-of-order datagrams, 0 frames completed late, 0 queued for the worker, 4207 decoded so far, 4447 stragglers dropped; last hole 1877/2007 chunks, first missing 1534, short false, chunk 1166 B; worker phase idle
09-11 05:07:26.694 12919 20755 I WiVRn   : [2026-09-11 05:07:26.694] [WiVRn] [info] nxwarp[0] net: 0.025 ms per datagram over 35025 datagrams (434.06 ms of every second)
09-11 05:07:26.694 12919 20755 I WiVRn   : [2026-09-11 05:07:26.694] [WiVRn] [info] nxwarp[0] sel: stride 1, arrival 18.6 ms, dropped-late 78, withheld 0, decoded 4207
09-11 05:07:26.694 12919 20755 I WiVRn   : [2026-09-11 05:07:26.694] [WiVRn] [info] nxwarp[0] rx: 1372862 datagrams, placed 10727821 (+364276), late 526484 (+10598), stale_frame 0, bad_range 0, bad_dir 0, bad_caps 0, bad_ver 0, auth_fail 0, replay 0, frozen 0, dup 454
09-11 05:07:26.787 12919 20760 I WiVRn   : [2026-09-11 05:07:26.787] [WiVRn] [info] Tracking pattern (11112µs):
09-11 05:07:26.787 12919 20760 I WiVRn   : [2026-09-11 05:07:26.787] [WiVRn] [info] 	t+3496µs HEAD (7615µs)
09-11 05:07:26.787 12919 20760 I WiVRn   : [2026-09-11 05:07:26.787] [WiVRn] [info] 	t+3540µs LEFT_GRIP (7571µs)
09-11 05:07:26.787 12919 20760 I WiVRn   : [2026-09-11 05:07:26.787] [WiVRn] [info] 	t+3551µs RIGHT_GRIP (7561µs)
09-11 05:07:26.787 12919 20760 I WiVRn   : [2026-09-11 05:07:26.787] [WiVRn] [info] 	t+6496µs HEAD (4615µs)
09-11 05:07:26.787 12919 20760 I WiVRn   : [2026-09-11 05:07:26.787] [WiVRn] [info] 	t+6540µs LEFT_GRIP (4571µs)
09-11 05:07:26.787 12919 20760 I WiVRn   : [2026-09-11 05:07:26.787] [WiVRn] [info] 	t+6551µs RIGHT_GRIP (4561µs)
09-11 05:07:27.214 12919 20706 I PxrMetric: FPS=79/90,MTP=43.22ms,AppSW=off,FrmEarly=23,FrmLate=18,FrmCpu=0.72ms,FrmGpu=13.33ms,FrmTime=23.17ms,ATWGPU=1.61ms,VsyncDelay=3,GPU=99%/587Mhz,GPUTemp=76.4C,LayerCnt=3,Pkg=org.meumeu.wivrn.nx.warp,FrmId=6466
09-11 05:07:27.370 12919 20716 I WiVRn   : [2026-09-11 05:07:27.370] [WiVRn] [info] render: 142 iterations in 2.0 s (70.8/s), 142 submitted a layer, 107 new-source, 0 skipped by the repeat gate, 0 with nothing to show; display period 14.2 ms
09-11 05:07:27.370 12919 20716 I WiVRn   : [2026-09-11 05:07:27.370] [WiVRn] [info] render: ready wait attempts 41 success 6 total 37.171 ms | selected older than available 0
09-11 05:07:27.370 12919 20716 I WiVRn   : [2026-09-11 05:07:27.370] [WiVRn] [info] render: selected source transitions forward 107 backward 0 repeat 35, greatest forward gap 1
09-11 05:07:27.370 12919 20716 I WiVRn   : [2026-09-11 05:07:27.370] [WiVRn] [info] render: this app's own GPU pass 3.6 ms per iteration
09-11 05:07:27.370 12919 20716 I WiVRn   : [2026-09-11 05:07:27.370] [WiVRn] [info] render: defoveate 2688x2688 per eye x2 = 14.45 Mpx/frame at scale 1.00 atlas-prototype 0; 35 re-presented from the cache (reduce_gpu_load on)
09-11 05:07:27.370 12919 20716 I WiVRn   : [2026-09-11 05:07:27.370] [WiVRn] [info] render: shader path sharpness 0.00 fsr false alpha false motion false blend false glow 0.00 vignette 0.00 deband 0.00 lowpoly 0.00 levels 0 full-kernel false
09-11 05:07:27.370 12919 20716 I WiVRn   : [2026-09-11 05:07:27.370] [WiVRn] [info] render: per iteration fence 3.6 (worst 13.5) | queries 0.0 | submit 0.0 | whole render() 4.4 ms
09-11 05:07:27.370 12919 20716 I WiVRn   : [2026-09-11 05:07:27.370] [WiVRn] [info] render: selection-to-defoveate CPU 0.050 ms mean (max 0.134) over 107 actual defoveate calls; not GPU/photon latency
09-11 05:07:27.370 12919 20716 I WiVRn   : [2026-09-11 05:07:27.370] [WiVRn] [info] render: jit on | wake slack 46.5 ms | slept 5.0 ms mean (max 5.0, 142 of 142 iterations) | budget 14.3 = pass 13.3 + margin 1.0 | sleep cap 5.0 ms
09-11 05:07:27.370 12919 20716 I WiVRn   : [2026-09-11 05:07:27.370] [WiVRn] [info] render: source display-time offset 78.1 ms mean (worst 98.3) over 142 frames | submit lead 37.0 ms mean (worst 22.3) | misses: 0 overrun 0 late 0 skipped refresh
09-11 05:07:27.370 12919 20716 I WiVRn   : [2026-09-11 05:07:27.370] [WiVRn] [info] render: source->first 6.3 ms | wire 9.2 | queue 1.9 | decode 16.2 | decode->selection 6.9 | selection->predicted 37.6 | sum 78.1 over 142 selected frames (0 invalid)
09-11 05:07:27.433 12919 20758 I WiVRn   : [2026-09-11 05:07:27.433] [WiVRn] [info] nxwarp[0]: 107 frames in 2.0 s: 262185 B/frame, wait-prev 0.0 ms, wall 16.2 ms, nxvc passA 4.9 passB 8.2 gpu 13.1 ms; holes 1, refused 0
09-11 05:07:27.433 12919 20758 I WiVRn   : [2026-09-11 05:07:27.433] [WiVRn] [info] nxwarp[0] gpu duty 699 ms/s (70% of one GPU) for decode alone; the display pass is extra
09-11 05:07:27.433 12919 20758 I WiVRn   : [2026-09-11 05:07:27.433] [WiVRn] [info] nxwarp[0] passB 8.2 ms = warp 0.0 + skip 0.0 + coded 0.0 + dir 0.0 + other 8.2; tiles skip 0 / coded 3528 / dir 0 (eye pass 0)
09-11 05:07:27.433 12919 20758 I WiVRn   : [2026-09-11 05:07:27.433] [WiVRn] [info] nxwarp[0]: 78 frames dropped late (queue kept to 1)
09-11 05:07:27.433 12919 20758 I WiVRn   : [2026-09-11 05:07:27.433] [WiVRn] [info] nxwarp[0] stage: gap 2.5 | wait-prev 0.0 | submit 1.5 (qlock 0.0 + codec 1.5) | get_free 0.0 | fence-pre 0.0 | record 0.0 | qsubmit 0.0 | fence-post 14.7 | publish 0.0 ms; withheld 0, stride 1, arrival 17.6 ms
09-11 05:07:27.433 12919 20758 I WiVRn   : [2026-09-11 05:07:27.433] [WiVRn] [info] nxwarp[0] reassembly (network thread): 0.21 ms/frame over 107 frames, buffer 256 kB held for 256 kB of unit (1.0x)
09-11 05:07:27.433 12919 20758 I WiVRn   : [2026-09-11 05:07:27.433] [WiVRn] [info] nxwarp[0] fence-post 14.7 ms = nxvc gpu 13.1 + copy gpu 0.00 + queue 1.6 (over 107 frames with timestamps)
09-11 05:07:27.787 12919 20760 I WiVRn   : [2026-09-11 05:07:27.787] [WiVRn] [info] Tracking pattern (11112µs):
09-11 05:07:27.787 12919 20760 I WiVRn   : [2026-09-11 05:07:27.787] [WiVRn] [info] 	t+3284µs HEAD (7828µs)
09-11 05:07:27.787 12919 20760 I WiVRn   : [2026-09-11 05:07:27.787] [WiVRn] [info] 	t+3325µs LEFT_GRIP (7787µs)
09-11 05:07:27.787 12919 20760 I WiVRn   : [2026-09-11 05:07:27.787] [WiVRn] [info] 	t+3331µs RIGHT_GRIP (7781µs)
09-11 05:07:27.787 12919 20760 I WiVRn   : [2026-09-11 05:07:27.787] [WiVRn] [info] 	t+6284µs HEAD (4828µs)
09-11 05:07:27.787 12919 20760 I WiVRn   : [2026-09-11 05:07:27.787] [WiVRn] [info] 	t+6325µs LEFT_GRIP (4787µs)
09-11 05:07:27.787 12919 20760 I WiVRn   : [2026-09-11 05:07:27.787] [WiVRn] [info] 	t+6331µs RIGHT_GRIP (4781µs)
09-11 05:07:28.215 12919 20706 I PxrMetric: FPS=65/90,MTP=35.14ms,AppSW=off,FrmEarly=22,FrmLate=14,FrmCpu=0.82ms,FrmGpu=11.19ms,FrmTime=17.67ms,ATWGPU=1.62ms,VsyncDelay=2,GPU=96%/587Mhz,GPUTemp=76.8C,LayerCnt=3,Pkg=org.meumeu.wivrn.nx.warp,FrmId=6540
09-11 05:07:28.704 12919 20755 I WiVRn   : [2026-09-11 05:07:28.704] [WiVRn] [info] nxwarp[0] net: 109 frames closed in 2.0 s, 0 with a hole, 0 out-of-order datagrams, 0 frames completed late, 0 queued for the worker, 4315 decoded so far, 4565 stragglers dropped; last hole 1877/2007 chunks, first missing 1534, short false, chunk 1166 B; worker phase copy-fence-wait
09-11 05:07:28.704 12919 20755 I WiVRn   : [2026-09-11 05:07:28.704] [WiVRn] [info] nxwarp[0] net: 0.026 ms per datagram over 33933 datagrams (431.61 ms of every second)
09-11 05:07:28.704 12919 20755 I WiVRn   : [2026-09-11 05:07:28.704] [WiVRn] [info] nxwarp[0] sel: stride 1, arrival 19.0 ms, dropped-late 78, withheld 0, decoded 4315
09-11 05:07:28.704 12919 20755 I WiVRn   : [2026-09-11 05:07:28.704] [WiVRn] [info] nxwarp[0] rx: 1406795 datagrams, placed 10999967 (+272146), late 539459 (+12975), stale_frame 0, bad_range 0, bad_dir 0, bad_caps 0, bad_ver 0, auth_fail 0, replay 0, frozen 0, dup 460
09-11 05:07:28.787 12919 20760 I WiVRn   : [2026-09-11 05:07:28.787] [WiVRn] [info] Tracking pattern (11111µs):
09-11 05:07:28.787 12919 20760 I WiVRn   : [2026-09-11 05:07:28.787] [WiVRn] [info] 	t+3288µs HEAD (7823µs)
09-11 05:07:28.787 12919 20760 I WiVRn   : [2026-09-11 05:07:28.787] [WiVRn] [info] 	t+3324µs LEFT_GRIP (7787µs)
09-11 05:07:28.787 12919 20760 I WiVRn   : [2026-09-11 05:07:28.787] [WiVRn] [info] 	t+3331µs RIGHT_GRIP (7779µs)
09-11 05:07:28.787 12919 20760 I WiVRn   : [2026-09-11 05:07:28.787] [WiVRn] [info] 	t+6288µs HEAD (4823µs)
09-11 05:07:28.787 12919 20760 I WiVRn   : [2026-09-11 05:07:28.787] [WiVRn] [info] 	t+6324µs LEFT_GRIP (4787µs)
09-11 05:07:28.787 12919 20760 I WiVRn   : [2026-09-11 05:07:28.787] [WiVRn] [info] 	t+6331µs RIGHT_GRIP (4779µs)
09-11 05:07:29.228 12919 20706 I PxrMetric: FPS=74/90,MTP=32.37ms,AppSW=off,FrmEarly=25,FrmLate=13,FrmCpu=0.74ms,FrmGpu=12.99ms,FrmTime=22.03ms,ATWGPU=1.59ms,VsyncDelay=3,GPU=87%/587Mhz,GPUTemp=78.3C,LayerCnt=3,Pkg=org.meumeu.wivrn.nx.warp,FrmId=6622
09-11 05:07:29.391 12919 20716 I WiVRn   : [2026-09-11 05:07:29.391] [WiVRn] [info] render: 157 iterations in 2.0 s (78.1/s), 157 submitted a layer, 110 new-source, 0 skipped by the repeat gate, 0 with nothing to show; display period 12.8 ms
09-11 05:07:29.391 12919 20716 I WiVRn   : [2026-09-11 05:07:29.391] [WiVRn] [info] render: ready wait attempts 57 success 10 total 50.101 ms | selected older than available 0
09-11 05:07:29.391 12919 20716 I WiVRn   : [2026-09-11 05:07:29.391] [WiVRn] [info] render: selected source transitions forward 110 backward 0 repeat 47, greatest forward gap 1
09-11 05:07:29.391 12919 20716 I WiVRn   : [2026-09-11 05:07:29.391] [WiVRn] [info] render: this app's own GPU pass 3.3 ms per iteration
09-11 05:07:29.391 12919 20716 I WiVRn   : [2026-09-11 05:07:29.391] [WiVRn] [info] render: defoveate 2688x2688 per eye x2 = 14.45 Mpx/frame at scale 1.00 atlas-prototype 0; 47 re-presented from the cache (reduce_gpu_load on)
09-11 05:07:29.391 12919 20716 I WiVRn   : [2026-09-11 05:07:29.391] [WiVRn] [info] render: shader path sharpness 0.00 fsr false alpha false motion false blend false glow 0.00 vignette 0.00 deband 0.00 lowpoly 0.00 levels 0 full-kernel false
09-11 05:07:29.391 12919 20716 I WiVRn   : [2026-09-11 05:07:29.391] [WiVRn] [info] render: per iteration fence 3.0 (worst 13.6) | queries 0.0 | submit 0.0 | whole render() 3.9 ms
09-11 05:07:29.391 12919 20716 I WiVRn   : [2026-09-11 05:07:29.391] [WiVRn] [info] render: selection-to-defoveate CPU 0.050 ms mean (max 0.094) over 110 actual defoveate calls; not GPU/photon latency
09-11 05:07:29.391 12919 20716 I WiVRn   : [2026-09-11 05:07:29.391] [WiVRn] [info] render: jit on | wake slack 44.9 ms | slept 5.0 ms mean (max 5.0, 157 of 157 iterations) | budget 14.3 = pass 13.3 + margin 1.0 | sleep cap 5.0 ms
09-11 05:07:29.391 12919 20716 I WiVRn   : [2026-09-11 05:07:29.391] [WiVRn] [info] render: source display-time offset 75.2 ms mean (worst 98.5) over 157 frames | submit lead 36.0 ms mean (worst 20.9) | misses: 0 overrun 0 late 0 skipped refresh
09-11 05:07:29.391 12919 20716 I WiVRn   : [2026-09-11 05:07:29.391] [WiVRn] [info] render: source->first 6.0 ms | wire 8.5 | queue 1.9 | decode 15.7 | decode->selection 6.7 | selection->predicted 36.5 | sum 75.2 over 157 selected frames (0 invalid)
09-11 05:07:29.442 12919 20758 I WiVRn   : [2026-09-11 05:07:29.442] [WiVRn] [info] nxwarp[0]: 109 frames in 2.0 s: 254937 B/frame, wait-prev 0.0 ms, wall 15.8 ms, nxvc passA 4.4 passB 8.3 gpu 12.7 ms; holes 1, refused 0
09-11 05:07:29.442 12919 20758 I WiVRn   : [2026-09-11 05:07:29.442] [WiVRn] [info] nxwarp[0] gpu duty 687 ms/s (69% of one GPU) for decode alone; the display pass is extra
09-11 05:07:29.442 12919 20758 I WiVRn   : [2026-09-11 05:07:29.442] [WiVRn] [info] nxwarp[0] passB 8.3 ms = warp 0.0 + skip 0.0 + coded 0.0 + dir 0.0 + other 8.3; tiles skip 0 / coded 3528 / dir 0 (eye pass 0)
09-11 05:07:29.442 12919 20758 I WiVRn   : [2026-09-11 05:07:29.442] [WiVRn] [info] nxwarp[0]: 78 frames dropped late (queue kept to 1)
09-11 05:07:29.442 12919 20758 I WiVRn   : [2026-09-11 05:07:29.442] [WiVRn] [info] nxwarp[0] stage: gap 2.6 | wait-prev 0.0 | submit 1.4 (qlock 0.0 + codec 1.4) | get_free 0.0 | fence-pre 0.0 | record 0.0 | qsubmit 0.0 | fence-post 14.3 | publish 0.0 ms; withheld 0, stride 1, arrival 18.2 ms
09-11 05:07:29.442 12919 20758 I WiVRn   : [2026-09-11 05:07:29.442] [WiVRn] [info] nxwarp[0] reassembly (network thread): 0.15 ms/frame over 108 frames, buffer 249 kB held for 249 kB of unit (1.0x)
09-11 05:07:29.442 12919 20758 I WiVRn   : [2026-09-11 05:07:29.442] [WiVRn] [info] nxwarp[0] fence-post 14.3 ms = nxvc gpu 12.7 + copy gpu 0.00 + queue 1.6 (over 109 frames with timestamps)
09-11 05:07:29.787 12919 20760 I WiVRn   : [2026-09-11 05:07:29.787] [WiVRn] [info] Tracking pattern (11111µs):
09-11 05:07:29.787 12919 20760 I WiVRn   : [2026-09-11 05:07:29.787] [WiVRn] [info] 	t+3499µs HEAD (7611µs)
09-11 05:07:29.787 12919 20760 I WiVRn   : [2026-09-11 05:07:29.787] [WiVRn] [info] 	t+3540µs LEFT_GRIP (7571µs)
09-11 05:07:29.787 12919 20760 I WiVRn   : [2026-09-11 05:07:29.787] [WiVRn] [info] 	t+3547µs RIGHT_GRIP (7563µs)
09-11 05:07:29.787 12919 20760 I WiVRn   : [2026-09-11 05:07:29.787] [WiVRn] [info] 	t+6499µs HEAD (4611µs)
09-11 05:07:29.787 12919 20760 I WiVRn   : [2026-09-11 05:07:29.787] [WiVRn] [info] 	t+6540µs LEFT_GRIP (4571µs)
09-11 05:07:29.787 12919 20760 I WiVRn   : [2026-09-11 05:07:29.787] [WiVRn] [info] 	t+6547µs RIGHT_GRIP (4563µs)
09-11 05:07:30.238 12919 20706 I PxrMetric: FPS=81/90,MTP=39.12ms,AppSW=off,FrmEarly=32,FrmLate=10,FrmCpu=0.91ms,FrmGpu=9.33ms,FrmTime=16.03ms,ATWGPU=1.59ms,VsyncDelay=2,GPU=99%/587Mhz,GPUTemp=79.5C,LayerCnt=3,Pkg=org.meumeu.wivrn.nx.warp,FrmId=6700
09-11 05:07:30.716 12919 20755 I WiVRn   : [2026-09-11 05:07:30.716] [WiVRn] [info] nxwarp[0] net: 109 frames closed in 2.0 s, 0 with a hole, 0 out-of-order datagrams, 0 frames completed late, 0 queued for the worker, 4425 decoded so far, 4686 stragglers dropped; last hole 1877/2007 chunks, first missing 1534, short false, chunk 1166 B; worker phase idle
09-11 05:07:30.716 12919 20755 I WiVRn   : [2026-09-11 05:07:30.716] [WiVRn] [info] nxwarp[0] net: 0.026 ms per datagram over 30805 datagrams (403.90 ms of every second)
09-11 05:07:30.716 12919 20755 I WiVRn   : [2026-09-11 05:07:30.716] [WiVRn] [info] nxwarp[0] sel: stride 1, arrival 17.3 ms, dropped-late 78, withheld 0, decoded 4425
09-11 05:07:30.716 12919 20755 I WiVRn   : [2026-09-11 05:07:30.716] [WiVRn] [info] nxwarp[0] rx: 1437600 datagrams, placed 11172590 (+172623), late 550325 (+10866), stale_frame 0, bad_range 0, bad_dir 0, bad_caps 0, bad_ver 0, auth_fail 0, replay 0, frozen 0, dup 467
09-11 05:07:30.787 12919 20760 I WiVRn   : [2026-09-11 05:07:30.787] [WiVRn] [info] Tracking pattern (11110µs):
09-11 05:07:30.787 12919 20760 I WiVRn   : [2026-09-11 05:07:30.787] [WiVRn] [info] 	t+3384µs HEAD (7726µs)
09-11 05:07:30.787 12919 20760 I WiVRn   : [2026-09-11 05:07:30.787] [WiVRn] [info] 	t+3425µs LEFT_GRIP (7685µs)
09-11 05:07:30.787 12919 20760 I WiVRn   : [2026-09-11 05:07:30.787] [WiVRn] [info] 	t+3439µs RIGHT_GRIP (7671µs)
09-11 05:07:30.787 12919 20760 I WiVRn   : [2026-09-11 05:07:30.787] [WiVRn] [info] 	t+6384µs HEAD (4726µs)
09-11 05:07:30.787 12919 20760 I WiVRn   : [2026-09-11 05:07:30.787] [WiVRn] [info] 	t+6425µs LEFT_GRIP (4685µs)
09-11 05:07:30.787 12919 20760 I WiVRn   : [2026-09-11 05:07:30.787] [WiVRn] [info] 	t+6439µs RIGHT_GRIP (4671µs)
09-11 05:07:31.258 12919 20706 I PxrMetric: FPS=77/90,MTP=40.61ms,AppSW=off,FrmEarly=33,FrmLate=12,FrmCpu=0.80ms,FrmGpu=11.83ms,FrmTime=20.53ms,ATWGPU=1.59ms,VsyncDelay=3,GPU=62%/587Mhz,GPUTemp=77.5C,LayerCnt=3,Pkg=org.meumeu.wivrn.nx.warp,FrmId=6779
09-11 05:07:31.390 12919 20716 I WiVRn   : [2026-09-11 05:07:31.390] [WiVRn] [info] render: 156 iterations in 2.0 s (77.6/s), 156 submitted a layer, 108 new-source, 0 skipped by the repeat gate, 0 with nothing to show; display period 12.9 ms
09-11 05:07:31.390 12919 20716 I WiVRn   : [2026-09-11 05:07:31.390] [WiVRn] [info] render: ready wait attempts 56 success 8 total 51.198 ms | selected older than available 0
09-11 05:07:31.390 12919 20716 I WiVRn   : [2026-09-11 05:07:31.390] [WiVRn] [info] render: selected source transitions forward 108 backward 0 repeat 48, greatest forward gap 1
09-11 05:07:31.390 12919 20716 I WiVRn   : [2026-09-11 05:07:31.390] [WiVRn] [info] render: this app's own GPU pass 3.3 ms per iteration
09-11 05:07:31.390 12919 20716 I WiVRn   : [2026-09-11 05:07:31.390] [WiVRn] [info] render: defoveate 2688x2688 per eye x2 = 14.45 Mpx/frame at scale 1.00 atlas-prototype 0; 48 re-presented from the cache (reduce_gpu_load on)
09-11 05:07:31.390 12919 20716 I WiVRn   : [2026-09-11 05:07:31.390] [WiVRn] [info] render: shader path sharpness 0.00 fsr false alpha false motion false blend false glow 0.00 vignette 0.00 deband 0.00 lowpoly 0.00 levels 0 full-kernel false
09-11 05:07:31.390 12919 20716 I WiVRn   : [2026-09-11 05:07:31.390] [WiVRn] [info] render: per iteration fence 2.8 (worst 12.9) | queries 0.0 | submit 0.0 | whole render() 3.7 ms
09-11 05:07:31.390 12919 20716 I WiVRn   : [2026-09-11 05:07:31.390] [WiVRn] [info] render: selection-to-defoveate CPU 0.049 ms mean (max 0.092) over 108 actual defoveate calls; not GPU/photon latency
09-11 05:07:31.390 12919 20716 I WiVRn   : [2026-09-11 05:07:31.390] [WiVRn] [info] render: jit on | wake slack 46.2 ms | slept 5.0 ms mean (max 5.0, 156 of 156 iterations) | budget 14.3 = pass 13.3 + margin 1.0 | sleep cap 5.0 ms
09-11 05:07:31.390 12919 20716 I WiVRn   : [2026-09-11 05:07:31.390] [WiVRn] [info] render: source display-time offset 77.5 ms mean (worst 98.8) over 156 frames | submit lead 37.4 ms mean (worst 22.7) | misses: 0 overrun 0 late 0 skipped refresh
09-11 05:07:31.390 12919 20716 I WiVRn   : [2026-09-11 05:07:31.390] [WiVRn] [info] render: source->first 6.3 ms | wire 8.5 | queue 1.9 | decode 15.9 | decode->selection 6.9 | selection->predicted 38.0 | sum 77.5 over 156 selected frames (0 invalid)
09-11 05:07:31.457 12919 20758 I WiVRn   : [2026-09-11 05:07:31.457] [WiVRn] [info] nxwarp[0]: 109 frames in 2.0 s: 256571 B/frame, wait-prev 0.0 ms, wall 16.0 ms, nxvc passA 4.5 passB 8.1 gpu 12.5 ms; holes 1, refused 0
09-11 05:07:31.457 12919 20758 I WiVRn   : [2026-09-11 05:07:31.457] [WiVRn] [info] nxwarp[0] gpu duty 679 ms/s (68% of one GPU) for decode alone; the display pass is extra
09-11 05:07:31.457 12919 20758 I WiVRn   : [2026-09-11 05:07:31.457] [WiVRn] [info] nxwarp[0] passB 8.1 ms = warp 0.0 + skip 0.0 + coded 0.0 + dir 0.0 + other 8.1; tiles skip 0 / coded 3528 / dir 0 (eye pass 0)
09-11 05:07:31.457 12919 20758 I WiVRn   : [2026-09-11 05:07:31.457] [WiVRn] [info] nxwarp[0]: 78 frames dropped late (queue kept to 1)
09-11 05:07:31.457 12919 20758 I WiVRn   : [2026-09-11 05:07:31.457] [WiVRn] [info] nxwarp[0] stage: gap 2.4 | wait-prev 0.0 | submit 1.4 (qlock 0.0 + codec 1.4) | get_free 0.0 | fence-pre 0.0 | record 0.0 | qsubmit 0.0 | fence-post 14.6 | publish 0.0 ms; withheld 0, stride 1, arrival 19.4 ms
09-11 05:07:31.457 12919 20758 I WiVRn   : [2026-09-11 05:07:31.457] [WiVRn] [info] nxwarp[0] reassembly (network thread): 0.16 ms/frame over 109 frames, buffer 251 kB held for 251 kB of unit (1.0x)
09-11 05:07:31.457 12919 20758 I WiVRn   : [2026-09-11 05:07:31.457] [WiVRn] [info] nxwarp[0] fence-post 14.6 ms = nxvc gpu 12.5 + copy gpu 0.00 + queue 2.0 (over 109 frames with timestamps)
09-11 05:07:31.787 12919 20760 I WiVRn   : [2026-09-11 05:07:31.787] [WiVRn] [info] Tracking pattern (11109µs):
09-11 05:07:31.787 12919 20760 I WiVRn   : [2026-09-11 05:07:31.787] [WiVRn] [info] 	t+3414µs HEAD (7695µs)
09-11 05:07:31.787 12919 20760 I WiVRn   : [2026-09-11 05:07:31.787] [WiVRn] [info] 	t+3455µs LEFT_GRIP (7654µs)
09-11 05:07:31.787 12919 20760 I WiVRn   : [2026-09-11 05:07:31.787] [WiVRn] [info] 	t+3463µs RIGHT_GRIP (7646µs)
09-11 05:07:31.787 12919 20760 I WiVRn   : [2026-09-11 05:07:31.787] [WiVRn] [info] 	t+6414µs HEAD (4695µs)
09-11 05:07:31.787 12919 20760 I WiVRn   : [2026-09-11 05:07:31.787] [WiVRn] [info] 	t+6455µs LEFT_GRIP (4654µs)
09-11 05:07:31.787 12919 20760 I WiVRn   : [2026-09-11 05:07:31.787] [WiVRn] [info] 	t+6463µs RIGHT_GRIP (4646µs)
09-11 05:07:32.258 12919 20706 I PxrMetric: FPS=78/90,MTP=46.58ms,AppSW=off,FrmEarly=27,FrmLate=15,FrmCpu=0.67ms,FrmGpu=14.68ms,FrmTime=25.06ms,ATWGPU=1.59ms,VsyncDelay=3,GPU=99%/587Mhz,GPUTemp=78.3C,LayerCnt=3,Pkg=org.meumeu.wivrn.nx.warp,FrmId=6854
09-11 05:07:32.722 12919 20755 I WiVRn   : [2026-09-11 05:07:32.722] [WiVRn] [info] nxwarp[0] net: 106 frames closed in 2.0 s, 0 with a hole, 0 out-of-order datagrams, 0 frames completed late, 0 queued for the worker, 4531 decoded so far, 4792 stragglers dropped; last hole 1877/2007 chunks, first missing 1534, short false, chunk 1166 B; worker phase idle
09-11 05:07:32.722 12919 20755 I WiVRn   : [2026-09-11 05:07:32.722] [WiVRn] [info] nxwarp[0] net: 0.026 ms per datagram over 34141 datagrams (436.57 ms of every second)
09-11 05:07:32.722 12919 20755 I WiVRn   : [2026-09-11 05:07:32.722] [WiVRn] [info] nxwarp[0] sel: stride 1, arrival 19.6 ms, dropped-late 78, withheld 0, decoded 4531
09-11 05:07:32.722 12919 20755 I WiVRn   : [2026-09-11 05:07:32.722] [WiVRn] [info] nxwarp[0] rx: 1471741 datagrams, placed 11398669 (+226079), late 567779 (+17454), stale_frame 0, bad_range 0, bad_dir 0, bad_caps 0, bad_ver 0, auth_fail 0, replay 0, frozen 0, dup 483
09-11 05:07:32.787 12919 20760 I WiVRn   : [2026-09-11 05:07:32.787] [WiVRn] [info] Tracking pattern (11110µs):
09-11 05:07:32.787 12919 20760 I WiVRn   : [2026-09-11 05:07:32.787] [WiVRn] [info] 	t+2996µs HEAD (8113µs)
09-11 05:07:32.787 12919 20760 I WiVRn   : [2026-09-11 05:07:32.787] [WiVRn] [info] 	t+3034µs LEFT_GRIP (8076µs)
09-11 05:07:32.787 12919 20760 I WiVRn   : [2026-09-11 05:07:32.787] [WiVRn] [info] 	t+3041µs RIGHT_GRIP (8069µs)
09-11 05:07:32.787 12919 20760 I WiVRn   : [2026-09-11 05:07:32.787] [WiVRn] [info] 	t+5996µs HEAD (5113µs)
09-11 05:07:32.787 12919 20760 I WiVRn   : [2026-09-11 05:07:32.787] [WiVRn] [info] 	t+6034µs LEFT_GRIP (5076µs)
09-11 05:07:32.787 12919 20760 I WiVRn   : [2026-09-11 05:07:32.787] [WiVRn] [info] 	t+6041µs RIGHT_GRIP (5069µs)
09-11 05:07:33.272 12919 20706 I PxrMetric: FPS=75/90,MTP=33.84ms,AppSW=off,FrmEarly=35,FrmLate=15,FrmCpu=0.77ms,FrmGpu=13.15ms,FrmTime=21.06ms,ATWGPU=1.59ms,VsyncDelay=2,GPU=88%/587Mhz,GPUTemp=77.1C,LayerCnt=3,Pkg=org.meumeu.wivrn.nx.warp,FrmId=6927
09-11 05:07:33.394 12919 20716 I WiVRn   : [2026-09-11 05:07:33.394] [WiVRn] [info] render: 145 iterations in 2.0 s (72.4/s), 145 submitted a layer, 105 new-source, 0 skipped by the repeat gate, 0 with nothing to show; display period 13.8 ms
09-11 05:07:33.394 12919 20716 I WiVRn   : [2026-09-11 05:07:33.394] [WiVRn] [info] render: ready wait attempts 43 success 3 total 42.441 ms | selected older than available 0
09-11 05:07:33.394 12919 20716 I WiVRn   : [2026-09-11 05:07:33.394] [WiVRn] [info] render: selected source transitions forward 105 backward 0 repeat 40, greatest forward gap 1
09-11 05:07:33.394 12919 20716 I WiVRn   : [2026-09-11 05:07:33.394] [WiVRn] [info] render: this app's own GPU pass 3.5 ms per iteration
09-11 05:07:33.394 12919 20716 I WiVRn   : [2026-09-11 05:07:33.394] [WiVRn] [info] render: defoveate 2688x2688 per eye x2 = 14.45 Mpx/frame at scale 1.00 atlas-prototype 0; 40 re-presented from the cache (reduce_gpu_load on)
09-11 05:07:33.394 12919 20716 I WiVRn   : [2026-09-11 05:07:33.394] [WiVRn] [info] render: shader path sharpness 0.00 fsr false alpha false motion false blend false glow 0.00 vignette 0.00 deband 0.00 lowpoly 0.00 levels 0 full-kernel false
09-11 05:07:33.394 12919 20716 I WiVRn   : [2026-09-11 05:07:33.394] [WiVRn] [info] render: per iteration fence 3.6 (worst 14.0) | queries 0.0 | submit 0.0 | whole render() 4.4 ms
09-11 05:07:33.394 12919 20716 I WiVRn   : [2026-09-11 05:07:33.394] [WiVRn] [info] render: selection-to-defoveate CPU 0.048 ms mean (max 0.082) over 105 actual defoveate calls; not GPU/photon latency
09-11 05:07:33.394 12919 20716 I WiVRn   : [2026-09-11 05:07:33.394] [WiVRn] [info] render: jit on | wake slack 47.0 ms | slept 5.0 ms mean (max 5.0, 145 of 145 iterations) | budget 15.4 = pass 14.4 + margin 1.0 | sleep cap 5.0 ms
09-11 05:07:33.394 12919 20716 I WiVRn   : [2026-09-11 05:07:33.394] [WiVRn] [info] render: source display-time offset 79.3 ms mean (worst 110.0) over 145 frames | submit lead 37.5 ms mean (worst 20.2) | misses: 0 overrun 0 late 0 skipped refresh
09-11 05:07:33.394 12919 20716 I WiVRn   : [2026-09-11 05:07:33.394] [WiVRn] [info] render: source->first 6.9 ms | wire 9.2 | queue 1.8 | decode 16.3 | decode->selection 7.2 | selection->predicted 38.0 | sum 79.3 over 145 selected frames (0 invalid)
09-11 05:07:33.484 12919 20758 I WiVRn   : [2026-09-11 05:07:33.484] [WiVRn] [info] nxwarp[0]: 106 frames in 2.0 s: 283316 B/frame, wait-prev 0.0 ms, wall 16.4 ms, nxvc passA 4.8 passB 8.4 gpu 13.2 ms; holes 1, refused 0
09-11 05:07:33.484 12919 20758 I WiVRn   : [2026-09-11 05:07:33.484] [WiVRn] [info] nxwarp[0] gpu duty 693 ms/s (69% of one GPU) for decode alone; the display pass is extra
09-11 05:07:33.484 12919 20758 I WiVRn   : [2026-09-11 05:07:33.484] [WiVRn] [info] nxwarp[0] passB 8.4 ms = warp 0.0 + skip 0.0 + coded 0.0 + dir 0.0 + other 8.4; tiles skip 0 / coded 3528 / dir 0 (eye pass 0)
09-11 05:07:33.484 12919 20758 I WiVRn   : [2026-09-11 05:07:33.484] [WiVRn] [info] nxwarp[0]: 78 frames dropped late (queue kept to 1)
09-11 05:07:33.484 12919 20758 I WiVRn   : [2026-09-11 05:07:33.484] [WiVRn] [info] nxwarp[0] stage: gap 2.7 | wait-prev 0.0 | submit 1.5 (qlock 0.0 + codec 1.4) | get_free 0.0 | fence-pre 0.0 | record 0.0 | qsubmit 0.0 | fence-post 14.9 | publish 0.0 ms; withheld 0, stride 1, arrival 18.3 ms
09-11 05:07:33.484 12919 20758 I WiVRn   : [2026-09-11 05:07:33.484] [WiVRn] [info] nxwarp[0] reassembly (network thread): 0.15 ms/frame over 107 frames, buffer 277 kB held for 277 kB of unit (1.0x)
09-11 05:07:33.484 12919 20758 I WiVRn   : [2026-09-11 05:07:33.484] [WiVRn] [info] nxwarp[0] fence-post 14.9 ms = nxvc gpu 13.2 + copy gpu 0.00 + queue 1.6 (over 106 frames with timestamps)
09-11 05:07:33.787 12919 20760 I WiVRn   : [2026-09-11 05:07:33.787] [WiVRn] [info] Tracking pattern (11111µs):
09-11 05:07:33.787 12919 20760 I WiVRn   : [2026-09-11 05:07:33.787] [WiVRn] [info] 	t+3787µs HEAD (7324µs)
09-11 05:07:33.787 12919 20760 I WiVRn   : [2026-09-11 05:07:33.787] [WiVRn] [info] 	t+3848µs LEFT_GRIP (7262µs)
09-11 05:07:33.787 12919 20760 I WiVRn   : [2026-09-11 05:07:33.787] [WiVRn] [info] 	t+3855µs RIGHT_GRIP (7255µs)
09-11 05:07:33.787 12919 20760 I WiVRn   : [2026-09-11 05:07:33.787] [WiVRn] [info] 	t+6787µs HEAD (4324µs)
09-11 05:07:33.787 12919 20760 I WiVRn   : [2026-09-11 05:07:33.787] [WiVRn] [info] 	t+6848µs LEFT_GRIP (4262µs)
09-11 05:07:33.787 12919 20760 I WiVRn   : [2026-09-11 05:07:33.787] [WiVRn] [info] 	t+6855µs RIGHT_GRIP (4255µs)
09-11 05:07:33.787 12919 20760 I WiVRn   : [2026-09-11 05:07:33.787] [WiVRn] [info] 	t+9787µs HEAD (1324µs)
09-11 05:07:33.787 12919 20760 I WiVRn   : [2026-09-11 05:07:33.787] [WiVRn] [info] 	t+9848µs LEFT_GRIP (1262µs)
09-11 05:07:33.787 12919 20760 I WiVRn   : [2026-09-11 05:07:33.787] [WiVRn] [info] 	t+9855µs RIGHT_GRIP (1255µs)
09-11 05:07:34.275 12919 20706 I PxrMetric: FPS=72/90,MTP=30.05ms,AppSW=off,FrmEarly=23,FrmLate=13,FrmCpu=0.74ms,FrmGpu=13.27ms,FrmTime=22.53ms,ATWGPU=1.59ms,VsyncDelay=2,GPU=99%/587Mhz,GPUTemp=77.1C,LayerCnt=3,Pkg=org.meumeu.wivrn.nx.warp,FrmId=6997
09-11 05:07:34.727 12919 20755 I WiVRn   : [2026-09-11 05:07:34.727] [WiVRn] [info] nxwarp[0] net: 103 frames closed in 2.0 s, 0 with a hole, 0 out-of-order datagrams, 0 frames completed late, 0 queued for the worker, 4634 decoded so far, 4899 stragglers dropped; last hole 1877/2007 chunks, first missing 1534, short false, chunk 1166 B; worker phase idle
09-11 05:07:34.727 12919 20755 I WiVRn   : [2026-09-11 05:07:34.727] [WiVRn] [info] nxwarp[0] net: 0.026 ms per datagram over 34548 datagrams (448.02 ms of every second)
09-11 05:07:34.727 12919 20755 I WiVRn   : [2026-09-11 05:07:34.727] [WiVRn] [info] nxwarp[0] sel: stride 1, arrival 20.0 ms, dropped-late 78, withheld 0, decoded 4634
09-11 05:07:34.727 12919 20755 I WiVRn   : [2026-09-11 05:07:34.727] [WiVRn] [info] nxwarp[0] rx: 1506289 datagrams, placed 11549374 (+150705), late 596503 (+28724), stale_frame 0, bad_range 0, bad_dir 0, bad_caps 0, bad_ver 0, auth_fail 0, replay 0, frozen 0, dup 509
09-11 05:07:34.787 12919 20760 I WiVRn   : [2026-09-11 05:07:34.787] [WiVRn] [info] Tracking pattern (11112µs):
09-11 05:07:34.787 12919 20760 I WiVRn   : [2026-09-11 05:07:34.787] [WiVRn] [info] 	t+3716µs HEAD (7395µs)
09-11 05:07:34.787 12919 20760 I WiVRn   : [2026-09-11 05:07:34.787] [WiVRn] [info] 	t+3763µs LEFT_GRIP (7348µs)
09-11 05:07:34.787 12919 20760 I WiVRn   : [2026-09-11 05:07:34.787] [WiVRn] [info] 	t+3770µs RIGHT_GRIP (7341µs)
09-11 05:07:34.787 12919 20760 I WiVRn   : [2026-09-11 05:07:34.787] [WiVRn] [info] 	t+6716µs HEAD (4395µs)
09-11 05:07:34.787 12919 20760 I WiVRn   : [2026-09-11 05:07:34.787] [WiVRn] [info] 	t+6763µs LEFT_GRIP (4348µs)
09-11 05:07:34.787 12919 20760 I WiVRn   : [2026-09-11 05:07:34.787] [WiVRn] [info] 	t+6770µs RIGHT_GRIP (4341µs)
09-11 05:07:35.281 12919 20706 I PxrMetric: FPS=70/90,MTP=41.18ms,AppSW=off,FrmEarly=28,FrmLate=11,FrmCpu=0.72ms,FrmGpu=10.52ms,FrmTime=18.42ms,ATWGPU=1.59ms,VsyncDelay=3,GPU=99%/587Mhz,GPUTemp=79.1C,LayerCnt=3,Pkg=org.meumeu.wivrn.nx.warp,FrmId=7070
09-11 05:07:35.408 12919 20716 I WiVRn   : [2026-09-11 05:07:35.408] [WiVRn] [info] render: 143 iterations in 2.0 s (71.2/s), 143 submitted a layer, 103 new-source, 0 skipped by the repeat gate, 0 with nothing to show; display period 14.1 ms
09-11 05:07:35.408 12919 20716 I WiVRn   : [2026-09-11 05:07:35.408] [WiVRn] [info] render: ready wait attempts 46 success 6 total 42.725 ms | selected older than available 0
09-11 05:07:35.408 12919 20716 I WiVRn   : [2026-09-11 05:07:35.408] [WiVRn] [info] render: selected source transitions forward 103 backward 0 repeat 40, greatest forward gap 2
09-11 05:07:35.408 12919 20716 I WiVRn   : [2026-09-11 05:07:35.408] [WiVRn] [info] render: this app's own GPU pass 3.5 ms per iteration
09-11 05:07:35.408 12919 20716 I WiVRn   : [2026-09-11 05:07:35.408] [WiVRn] [info] render: defoveate 2688x2688 per eye x2 = 14.45 Mpx/frame at scale 1.00 atlas-prototype 0; 40 re-presented from the cache (reduce_gpu_load on)
09-11 05:07:35.408 12919 20716 I WiVRn   : [2026-09-11 05:07:35.408] [WiVRn] [info] render: shader path sharpness 0.00 fsr false alpha false motion false blend false glow 0.00 vignette 0.00 deband 0.00 lowpoly 0.00 levels 0 full-kernel false
09-11 05:07:35.408 12919 20716 I WiVRn   : [2026-09-11 05:07:35.408] [WiVRn] [info] render: per iteration fence 3.3 (worst 14.1) | queries 0.0 | submit 0.0 | whole render() 4.2 ms
09-11 05:07:35.408 12919 20716 I WiVRn   : [2026-09-11 05:07:35.408] [WiVRn] [info] render: selection-to-defoveate CPU 0.049 ms mean (max 0.094) over 103 actual defoveate calls; not GPU/photon latency
09-11 05:07:35.408 12919 20716 I WiVRn   : [2026-09-11 05:07:35.408] [WiVRn] [info] render: jit on | wake slack 46.8 ms | slept 5.0 ms mean (max 5.0, 143 of 143 iterations) | budget 15.8 = pass 14.8 + margin 1.0 | sleep cap 5.0 ms
09-11 05:07:35.408 12919 20716 I WiVRn   : [2026-09-11 05:07:35.408] [WiVRn] [info] render: source display-time offset 81.1 ms mean (worst 110.1) over 143 frames | submit lead 37.6 ms mean (worst 20.7) | misses: 0 overrun 0 late 0 skipped refresh
09-11 05:07:35.408 12919 20716 I WiVRn   : [2026-09-11 05:07:35.408] [WiVRn] [info] render: source->first 7.1 ms | wire 9.8 | queue 1.8 | decode 16.8 | decode->selection 7.5 | selection->predicted 38.1 | sum 81.1 over 143 selected frames (0 invalid)
09-11 05:07:35.495 12919 20758 I WiVRn   : [2026-09-11 05:07:35.495] [WiVRn] [info] nxwarp[0]: 104 frames in 2.0 s: 303061 B/frame, wait-prev 0.0 ms, wall 16.7 ms, nxvc passA 5.2 passB 8.2 gpu 13.4 ms; holes 1, refused 0
09-11 05:07:35.495 12919 20758 I WiVRn   : [2026-09-11 05:07:35.495] [WiVRn] [info] nxwarp[0] gpu duty 691 ms/s (69% of one GPU) for decode alone; the display pass is extra
09-11 05:07:35.495 12919 20758 I WiVRn   : [2026-09-11 05:07:35.495] [WiVRn] [info] nxwarp[0] passB 8.2 ms = warp 0.0 + skip 0.0 + coded 0.0 + dir 0.0 + other 8.2; tiles skip 0 / coded 3528 / dir 0 (eye pass 0)
09-11 05:07:35.495 12919 20758 I WiVRn   : [2026-09-11 05:07:35.495] [WiVRn] [info] nxwarp[0]: 78 frames dropped late (queue kept to 1)
09-11 05:07:35.495 12919 20758 I WiVRn   : [2026-09-11 05:07:35.495] [WiVRn] [info] nxwarp[0] stage: gap 2.6 | wait-prev 0.0 | submit 1.6 (qlock 0.0 + codec 1.6) | get_free 0.0 | fence-pre 0.0 | record 0.0 | qsubmit 0.0 | fence-post 15.1 | publish 0.0 ms; withheld 0, stride 1, arrival 18.5 ms
09-11 05:07:35.495 12919 20758 I WiVRn   : [2026-09-11 05:07:35.495] [WiVRn] [info] nxwarp[0] reassembly (network thread): 0.15 ms/frame over 104 frames, buffer 296 kB held for 296 kB of unit (1.0x)
09-11 05:07:35.495 12919 20758 I WiVRn   : [2026-09-11 05:07:35.495] [WiVRn] [info] nxwarp[0] fence-post 15.1 ms = nxvc gpu 13.4 + copy gpu 0.00 + queue 1.7 (over 104 frames with timestamps)
09-11 05:07:35.787 12919 20760 I WiVRn   : [2026-09-11 05:07:35.787] [WiVRn] [info] Tracking pattern (11110µs):
09-11 05:07:35.787 12919 20760 I WiVRn   : [2026-09-11 05:07:35.787] [WiVRn] [info] 	t+3149µs HEAD (7961µs)
09-11 05:07:35.787 12919 20760 I WiVRn   : [2026-09-11 05:07:35.787] [WiVRn] [info] 	t+3196µs LEFT_GRIP (7914µs)
09-11 05:07:35.787 12919 20760 I WiVRn   : [2026-09-11 05:07:35.787] [WiVRn] [info] 	t+3203µs RIGHT_GRIP (7907µs)
09-11 05:07:35.787 12919 20760 I WiVRn   : [2026-09-11 05:07:35.787] [WiVRn] [info] 	t+6149µs HEAD (4961µs)
09-11 05:07:35.787 12919 20760 I WiVRn   : [2026-09-11 05:07:35.787] [WiVRn] [info] 	t+6196µs LEFT_GRIP (4914µs)
09-11 05:07:35.787 12919 20760 I WiVRn   : [2026-09-11 05:07:35.787] [WiVRn] [info] 	t+6203µs RIGHT_GRIP (4907µs)
