--------- beginning of main
09-07 21:38:45.426  9903  9875 I WiVRn   : [2026-09-07 21:38:45.426] [WiVRn] [info] Tracking pattern (11111µs):
09-07 21:38:45.426  9903  9875 I WiVRn   : [2026-09-07 21:38:45.426] [WiVRn] [info] 	t+11111µs HEAD (0µs)
09-07 21:38:45.625  9903  9873 I WiVRn   : [2026-09-07 21:38:45.625] [WiVRn] [info] nxwarp[0]: 181 frames in 2.0 s: 568 B/frame, wait-prev 0.0 ms, wall 1.6 ms, nxvc passA 0.2 passB 0.8 gpu 1.0 ms; holes 0, refused 0
09-07 21:38:45.625  9903  9873 I WiVRn   : [2026-09-07 21:38:45.625] [WiVRn] [info] nxwarp[0] gpu duty 93 ms/s (9% of one GPU) for decode alone; the display pass is extra
09-07 21:38:45.625  9903  9873 I WiVRn   : [2026-09-07 21:38:45.625] [WiVRn] [info] nxwarp[0] passB 0.8 ms = warp 0.0 + skip 0.0 + coded 0.1 + dir 0.0 + other 0.8; tiles skip 0 / coded 3 / dir 0 (eye pass 0)
09-07 21:38:45.625  9903  9873 I WiVRn   : [2026-09-07 21:38:45.625] [WiVRn] [info] nxwarp[0]: 106 frames dropped late (queue kept to 1)
09-07 21:38:45.625  9903  9873 I WiVRn   : [2026-09-07 21:38:45.625] [WiVRn] [info] nxwarp[0] stage: gap 9.5 | wait-prev 0.0 | submit 0.2 (qlock 0.0 + codec 0.2) | get_free 0.0 | fence-pre 0.0 | record 0.0 | qsubmit 0.0 | fence-post 1.3 | publish 0.0 ms; withheld 0, stride 1, arrival 11.2 ms
09-07 21:38:45.625  9903  9873 I WiVRn   : [2026-09-07 21:38:45.625] [WiVRn] [info] nxwarp[0] reassembly (network thread): 0.00 ms/frame over 181 frames, buffer 1 kB held for 1 kB of unit (1.0x)
09-07 21:38:45.625  9903  9873 I WiVRn   : [2026-09-07 21:38:45.625] [WiVRn] [info] nxwarp[0] fence-post 1.3 ms = nxvc gpu 1.0 + copy gpu 0.27 + queue 0.0 (over 181 frames with timestamps)
09-07 21:38:45.625  9903  9873 I WiVRn   : [2026-09-07 21:38:45.625] [WiVRn] [info] nxwarp[0] atlas: frames 181, atlas 181, picture 0, avg dispatches 7.0, avg assembled 0.0, avg valid 578.0
--------- beginning of system
09-07 21:38:46.426  9903  9875 I WiVRn   : [2026-09-07 21:38:46.426] [WiVRn] [info] Tracking pattern (11111µs):
09-07 21:38:46.426  9903  9875 I WiVRn   : [2026-09-07 21:38:46.426] [WiVRn] [info] 	t+11111µs HEAD (0µs)
09-07 21:38:46.612  9903  9871 I WiVRn   : [2026-09-07 21:38:46.612] [WiVRn] [info] nxwarp[0] net: 180 frames closed in 2.0 s, 0 with a hole, 0 out-of-order datagrams, 0 frames completed late, 0 queued for the worker, 3127 decoded so far, 3234 stragglers dropped; last hole 0/0 chunks, first missing -1, short false, chunk 1166 B
09-07 21:38:46.612  9903  9871 I WiVRn   : [2026-09-07 21:38:46.612] [WiVRn] [info] nxwarp[0] net: 0.059 ms per datagram over 721 datagrams (21.40 ms of every second)
09-07 21:38:46.612  9903  9871 I WiVRn   : [2026-09-07 21:38:46.612] [WiVRn] [info] nxwarp[0] sel: stride 1, arrival 11.3 ms, dropped-late 106, withheld 4, decoded 3127
09-07 21:38:46.612  9903  9871 I WiVRn   : [2026-09-07 21:38:46.612] [WiVRn] [info] nxwarp[0] rx: 19793 datagrams, placed 66842 (+578), late 216 (+0), stale_frame 0, bad_range 0, bad_dir 0, bad_caps 0, bad_ver 0, auth_fail 0, replay 0, frozen 0, dup 1
09-07 21:38:46.886  9903  9689 I WiVRn   : [2026-09-07 21:38:46.886] [WiVRn] [info] render: 180 iterations in 2.0 s (90.0/s), 180 submitted a layer, 180 new-source, 0 skipped by the repeat gate, 0 with nothing to show; display period 11.1 ms
09-07 21:38:46.886  9903  9689 I WiVRn   : [2026-09-07 21:38:46.886] [WiVRn] [info] render: selected source transitions forward 180 backward 0 repeat 0, greatest forward gap 1
09-07 21:38:46.886  9903  9689 I WiVRn   : [2026-09-07 21:38:46.886] [WiVRn] [info] render: this app's own GPU pass 2.8 ms per iteration
09-07 21:38:46.886  9903  9689 I WiVRn   : [2026-09-07 21:38:46.886] [WiVRn] [info] render: defoveate 1088x1088 per eye x2 = 2.37 Mpx/frame at scale 0.50 atlas-prototype 0; 0 re-presented from the cache (reduce_gpu_load on)
09-07 21:38:46.886  9903  9689 I WiVRn   : [2026-09-07 21:38:46.886] [WiVRn] [info] render: shader path sharpness 0.00 fsr false alpha false motion false blend false glow 0.28 vignette 0.00 deband 1.00 lowpoly 0.00 levels 0 full-kernel false
09-07 21:38:46.886  9903  9689 I WiVRn   : [2026-09-07 21:38:46.886] [WiVRn] [info] render: per iteration fence 0.0 (worst 0.0) | queries 0.0 | submit 0.0 | whole render() 0.4 ms
09-07 21:38:46.886  9903  9689 I WiVRn   : [2026-09-07 21:38:46.886] [WiVRn] [info] render: jit on | wake slack 29.9 ms | slept 0.6 ms mean (max 0.6, 180 of 180 iterations) | budget 2.2 = pass 1.2 + margin 1.0 | sleep cap 0.6 ms
09-07 21:38:46.886  9903  9689 I WiVRn   : [2026-09-07 21:38:46.886] [WiVRn] [info] render: displayed pose age 43.4 ms mean (worst 43.5) over 180 frames | submit lead 28.9 ms mean (worst 27.9) | misses: 0 overrun 0 late 0 skipped refresh
09-07 21:38:47.437  9903  9875 I WiVRn   : [2026-09-07 21:38:47.437] [WiVRn] [info] Tracking pattern (11110µs):
09-07 21:38:47.437  9903  9875 I WiVRn   : [2026-09-07 21:38:47.437] [WiVRn] [info] 	t+11110µs HEAD (0µs)
09-07 21:38:47.636  9903  9873 I WiVRn   : [2026-09-07 21:38:47.636] [WiVRn] [info] nxwarp[0]: 181 frames in 2.0 s: 568 B/frame, wait-prev 0.0 ms, wall 1.6 ms, nxvc passA 0.2 passB 0.8 gpu 1.0 ms; holes 0, refused 0
09-07 21:38:47.636  9903  9873 I WiVRn   : [2026-09-07 21:38:47.636] [WiVRn] [info] nxwarp[0] gpu duty 92 ms/s (9% of one GPU) for decode alone; the display pass is extra
09-07 21:38:47.636  9903  9873 I WiVRn   : [2026-09-07 21:38:47.636] [WiVRn] [info] nxwarp[0] passB 0.8 ms = warp 0.0 + skip 0.0 + coded 0.1 + dir 0.0 + other 0.8; tiles skip 0 / coded 3 / dir 0 (eye pass 0)
09-07 21:38:47.636  9903  9873 I WiVRn   : [2026-09-07 21:38:47.636] [WiVRn] [info] nxwarp[0]: 106 frames dropped late (queue kept to 1)
09-07 21:38:47.636  9903  9873 I WiVRn   : [2026-09-07 21:38:47.636] [WiVRn] [info] nxwarp[0] stage: gap 9.5 | wait-prev 0.0 | submit 0.3 (qlock 0.0 + codec 0.3) | get_free 0.0 | fence-pre 0.0 | record 0.0 | qsubmit 0.0 | fence-post 1.3 | publish 0.0 ms; withheld 0, stride 1, arrival 11.2 ms
09-07 21:38:47.636  9903  9873 I WiVRn   : [2026-09-07 21:38:47.636] [WiVRn] [info] nxwarp[0] reassembly (network thread): 0.00 ms/frame over 181 frames, buffer 1 kB held for 1 kB of unit (1.0x)
09-07 21:38:47.636  9903  9873 I WiVRn   : [2026-09-07 21:38:47.636] [WiVRn] [info] nxwarp[0] fence-post 1.3 ms = nxvc gpu 1.0 + copy gpu 0.27 + queue 0.0 (over 181 frames with timestamps)
09-07 21:38:47.636  9903  9873 I WiVRn   : [2026-09-07 21:38:47.636] [WiVRn] [info] nxwarp[0] atlas: frames 181, atlas 181, picture 0, avg dispatches 7.0, avg assembled 0.0, avg valid 578.0
09-07 21:38:48.426  9903  9875 I WiVRn   : [2026-09-07 21:38:48.426] [WiVRn] [info] Tracking pattern (11112µs):
09-07 21:38:48.426  9903  9875 I WiVRn   : [2026-09-07 21:38:48.426] [WiVRn] [info] 	t+11112µs HEAD (0µs)
09-07 21:38:48.624  9903  9871 I WiVRn   : [2026-09-07 21:38:48.623] [WiVRn] [info] nxwarp[0] net: 181 frames closed in 2.0 s, 0 with a hole, 0 out-of-order datagrams, 0 frames completed late, 0 queued for the worker, 3308 decoded so far, 3415 stragglers dropped; last hole 0/0 chunks, first missing -1, short false, chunk 1166 B
09-07 21:38:48.624  9903  9871 I WiVRn   : [2026-09-07 21:38:48.624] [WiVRn] [info] nxwarp[0] net: 0.061 ms per datagram over 724 datagrams (21.90 ms of every second)
09-07 21:38:48.624  9903  9871 I WiVRn   : [2026-09-07 21:38:48.624] [WiVRn] [info] nxwarp[0] sel: stride 1, arrival 11.0 ms, dropped-late 106, withheld 4, decoded 3308
09-07 21:38:48.624  9903  9871 I WiVRn   : [2026-09-07 21:38:48.624] [WiVRn] [info] nxwarp[0] rx: 20517 datagrams, placed 67422 (+580), late 216 (+0), stale_frame 0, bad_range 0, bad_dir 0, bad_caps 0, bad_ver 0, auth_fail 0, replay 0, frozen 0, dup 1
09-07 21:38:48.887  9903  9689 I WiVRn   : [2026-09-07 21:38:48.887] [WiVRn] [info] render: 179 iterations in 2.0 s (89.5/s), 179 submitted a layer, 178 new-source, 0 skipped by the repeat gate, 0 with nothing to show; display period 11.2 ms
09-07 21:38:48.887  9903  9689 I WiVRn   : [2026-09-07 21:38:48.887] [WiVRn] [info] render: selected source transitions forward 178 backward 0 repeat 1, greatest forward gap 2
09-07 21:38:48.887  9903  9689 I WiVRn   : [2026-09-07 21:38:48.887] [WiVRn] [info] render: this app's own GPU pass 2.7 ms per iteration
09-07 21:38:48.887  9903  9689 I WiVRn   : [2026-09-07 21:38:48.887] [WiVRn] [info] render: defoveate 1088x1088 per eye x2 = 2.37 Mpx/frame at scale 0.50 atlas-prototype 0; 1 re-presented from the cache (reduce_gpu_load on)
09-07 21:38:48.887  9903  9689 I WiVRn   : [2026-09-07 21:38:48.887] [WiVRn] [info] render: shader path sharpness 0.00 fsr false alpha false motion false blend false glow 0.28 vignette 0.00 deband 1.00 lowpoly 0.00 levels 0 full-kernel false
09-07 21:38:48.887  9903  9689 I WiVRn   : [2026-09-07 21:38:48.887] [WiVRn] [info] render: per iteration fence 0.0 (worst 2.0) | queries 0.0 | submit 0.0 | whole render() 0.5 ms
09-07 21:38:48.887  9903  9689 I WiVRn   : [2026-09-07 21:38:48.887] [WiVRn] [info] render: jit on | wake slack 29.6 ms | slept 0.8 ms mean (max 11.7, 179 of 179 iterations) | budget 1.7 = pass 0.7 + margin 1.0 | sleep cap 0.6 ms
09-07 21:38:48.887  9903  9689 I WiVRn   : [2026-09-07 21:38:48.887] [WiVRn] [info] render: displayed pose age 43.2 ms mean (worst 43.5) over 179 frames | submit lead 28.4 ms mean (worst 15.5) | misses: 0 overrun 0 late 1 skipped refresh
09-07 21:38:49.426  9903  9875 I WiVRn   : [2026-09-07 21:38:49.426] [WiVRn] [info] Tracking pattern (11112µs):
09-07 21:38:49.426  9903  9875 I WiVRn   : [2026-09-07 21:38:49.426] [WiVRn] [info] 	t+11112µs HEAD (0µs)
09-07 21:38:49.648  9903  9873 I WiVRn   : [2026-09-07 21:38:49.648] [WiVRn] [info] nxwarp[0]: 181 frames in 2.0 s: 568 B/frame, wait-prev 0.0 ms, wall 1.7 ms, nxvc passA 0.2 passB 0.8 gpu 1.0 ms; holes 0, refused 0
09-07 21:38:49.648  9903  9873 I WiVRn   : [2026-09-07 21:38:49.648] [WiVRn] [info] nxwarp[0] gpu duty 92 ms/s (9% of one GPU) for decode alone; the display pass is extra
09-07 21:38:49.648  9903  9873 I WiVRn   : [2026-09-07 21:38:49.648] [WiVRn] [info] nxwarp[0] passB 0.8 ms = warp 0.0 + skip 0.0 + coded 0.1 + dir 0.0 + other 0.8; tiles skip 0 / coded 3 / dir 0 (eye pass 0)
09-07 21:38:49.648  9903  9873 I WiVRn   : [2026-09-07 21:38:49.648] [WiVRn] [info] nxwarp[0]: 106 frames dropped late (queue kept to 1)
09-07 21:38:49.648  9903  9873 I WiVRn   : [2026-09-07 21:38:49.648] [WiVRn] [info] nxwarp[0] stage: gap 9.4 | wait-prev 0.0 | submit 0.3 (qlock 0.0 + codec 0.3) | get_free 0.0 | fence-pre 0.0 | record 0.0 | qsubmit 0.0 | fence-post 1.4 | publish 0.0 ms; withheld 0, stride 1, arrival 11.3 ms
09-07 21:38:49.648  9903  9873 I WiVRn   : [2026-09-07 21:38:49.648] [WiVRn] [info] nxwarp[0] reassembly (network thread): 0.00 ms/frame over 181 frames, buffer 1 kB held for 1 kB of unit (1.0x)
09-07 21:38:49.648  9903  9873 I WiVRn   : [2026-09-07 21:38:49.648] [WiVRn] [info] nxwarp[0] fence-post 1.4 ms = nxvc gpu 1.0 + copy gpu 0.27 + queue 0.1 (over 181 frames with timestamps)
09-07 21:38:49.648  9903  9873 I WiVRn   : [2026-09-07 21:38:49.648] [WiVRn] [info] nxwarp[0] atlas: frames 181, atlas 181, picture 0, avg dispatches 7.0, avg assembled 0.0, avg valid 578.0
09-07 21:38:50.426  9903  9875 I WiVRn   : [2026-09-07 21:38:50.426] [WiVRn] [info] Tracking pattern (11111µs):
09-07 21:38:50.426  9903  9875 I WiVRn   : [2026-09-07 21:38:50.426] [WiVRn] [info] 	t+11111µs HEAD (0µs)
09-07 21:38:50.634  9903  9871 I WiVRn   : [2026-09-07 21:38:50.634] [WiVRn] [info] nxwarp[0] net: 181 frames closed in 2.0 s, 0 with a hole, 0 out-of-order datagrams, 0 frames completed late, 0 queued for the worker, 3489 decoded so far, 3596 stragglers dropped; last hole 0/0 chunks, first missing -1, short false, chunk 1166 B
09-07 21:38:50.634  9903  9871 I WiVRn   : [2026-09-07 21:38:50.634] [WiVRn] [info] nxwarp[0] net: 0.059 ms per datagram over 726 datagrams (21.32 ms of every second)
09-07 21:38:50.634  9903  9871 I WiVRn   : [2026-09-07 21:38:50.634] [WiVRn] [info] nxwarp[0] sel: stride 1, arrival 10.9 ms, dropped-late 106, withheld 4, decoded 3489
09-07 21:38:50.634  9903  9871 I WiVRn   : [2026-09-07 21:38:50.634] [WiVRn] [info] nxwarp[0] rx: 21243 datagrams, placed 68004 (+582), late 216 (+0), stale_frame 0, bad_range 0, bad_dir 0, bad_caps 0, bad_ver 0, auth_fail 0, replay 0, frozen 0, dup 1
09-07 21:38:50.887  9903  9689 I WiVRn   : [2026-09-07 21:38:50.887] [WiVRn] [info] render: 179 iterations in 2.0 s (89.5/s), 179 submitted a layer, 178 new-source, 0 skipped by the repeat gate, 0 with nothing to show; display period 11.2 ms
09-07 21:38:50.888  9903  9689 I WiVRn   : [2026-09-07 21:38:50.888] [WiVRn] [info] render: selected source transitions forward 178 backward 0 repeat 1, greatest forward gap 2
09-07 21:38:50.888  9903  9689 I WiVRn   : [2026-09-07 21:38:50.888] [WiVRn] [info] render: this app's own GPU pass 2.7 ms per iteration
09-07 21:38:50.888  9903  9689 I WiVRn   : [2026-09-07 21:38:50.888] [WiVRn] [info] render: defoveate 1088x1088 per eye x2 = 2.37 Mpx/frame at scale 0.50 atlas-prototype 0; 1 re-presented from the cache (reduce_gpu_load on)
09-07 21:38:50.888  9903  9689 I WiVRn   : [2026-09-07 21:38:50.888] [WiVRn] [info] render: shader path sharpness 0.00 fsr false alpha false motion false blend false glow 0.28 vignette 0.00 deband 1.00 lowpoly 0.00 levels 0 full-kernel false
09-07 21:38:50.888  9903  9689 I WiVRn   : [2026-09-07 21:38:50.888] [WiVRn] [info] render: per iteration fence 0.0 (worst 2.0) | queries 0.0 | submit 0.0 | whole render() 0.4 ms
09-07 21:38:50.888  9903  9689 I WiVRn   : [2026-09-07 21:38:50.888] [WiVRn] [info] render: jit on | wake slack 29.2 ms | slept 0.8 ms mean (max 11.7, 179 of 179 iterations) | budget 2.3 = pass 1.3 + margin 1.0 | sleep cap 0.6 ms
09-07 21:38:50.888  9903  9689 I WiVRn   : [2026-09-07 21:38:50.888] [WiVRn] [info] render: displayed pose age 43.3 ms mean (worst 43.6) over 179 frames | submit lead 27.9 ms mean (worst 14.5) | misses: 0 overrun 0 late 1 skipped refresh
09-07 21:38:51.426  9903  9875 I WiVRn   : [2026-09-07 21:38:51.426] [WiVRn] [info] Tracking pattern (11112µs):
09-07 21:38:51.427  9903  9875 I WiVRn   : [2026-09-07 21:38:51.427] [WiVRn] [info] 	t+11112µs HEAD (0µs)
09-07 21:38:51.658  9903  9873 I WiVRn   : [2026-09-07 21:38:51.658] [WiVRn] [info] nxwarp[0]: 181 frames in 2.0 s: 568 B/frame, wait-prev 0.0 ms, wall 1.7 ms, nxvc passA 0.2 passB 0.8 gpu 1.0 ms; holes 0, refused 0
09-07 21:38:51.658  9903  9873 I WiVRn   : [2026-09-07 21:38:51.658] [WiVRn] [info] nxwarp[0] gpu duty 93 ms/s (9% of one GPU) for decode alone; the display pass is extra
09-07 21:38:51.658  9903  9873 I WiVRn   : [2026-09-07 21:38:51.658] [WiVRn] [info] nxwarp[0] passB 0.8 ms = warp 0.0 + skip 0.0 + coded 0.1 + dir 0.0 + other 0.8; tiles skip 0 / coded 3 / dir 0 (eye pass 0)
09-07 21:38:51.658  9903  9873 I WiVRn   : [2026-09-07 21:38:51.658] [WiVRn] [info] nxwarp[0]: 106 frames dropped late (queue kept to 1)
09-07 21:38:51.658  9903  9873 I WiVRn   : [2026-09-07 21:38:51.658] [WiVRn] [info] nxwarp[0] stage: gap 9.4 | wait-prev 0.0 | submit 0.3 (qlock 0.0 + codec 0.3) | get_free 0.0 | fence-pre 0.0 | record 0.0 | qsubmit 0.0 | fence-post 1.4 | publish 0.0 ms; withheld 0, stride 1, arrival 10.9 ms
09-07 21:38:51.658  9903  9873 I WiVRn   : [2026-09-07 21:38:51.658] [WiVRn] [info] nxwarp[0] reassembly (network thread): 0.00 ms/frame over 181 frames, buffer 1 kB held for 1 kB of unit (1.0x)
09-07 21:38:51.658  9903  9873 I WiVRn   : [2026-09-07 21:38:51.658] [WiVRn] [info] nxwarp[0] fence-post 1.4 ms = nxvc gpu 1.0 + copy gpu 0.27 + queue 0.1 (over 181 frames with timestamps)
09-07 21:38:51.658  9903  9873 I WiVRn   : [2026-09-07 21:38:51.658] [WiVRn] [info] nxwarp[0] atlas: frames 181, atlas 181, picture 0, avg dispatches 7.0, avg assembled 0.0, avg valid 578.0
09-07 21:38:52.427  9903  9875 I WiVRn   : [2026-09-07 21:38:52.427] [WiVRn] [info] Tracking pattern (11112µs):
09-07 21:38:52.427  9903  9875 I WiVRn   : [2026-09-07 21:38:52.427] [WiVRn] [info] 	t+11112µs HEAD (0µs)
09-07 21:38:52.645  9903  9871 I WiVRn   : [2026-09-07 21:38:52.645] [WiVRn] [info] nxwarp[0] net: 181 frames closed in 2.0 s, 0 with a hole, 0 out-of-order datagrams, 0 frames completed late, 0 queued for the worker, 3670 decoded so far, 3777 stragglers dropped; last hole 0/0 chunks, first missing -1, short false, chunk 1166 B
09-07 21:38:52.645  9903  9871 I WiVRn   : [2026-09-07 21:38:52.645] [WiVRn] [info] nxwarp[0] net: 0.060 ms per datagram over 727 datagrams (21.67 ms of every second)
09-07 21:38:52.645  9903  9871 I WiVRn   : [2026-09-07 21:38:52.645] [WiVRn] [info] nxwarp[0] sel: stride 1, arrival 11.1 ms, dropped-late 106, withheld 4, decoded 3670
09-07 21:38:52.645  9903  9871 I WiVRn   : [2026-09-07 21:38:52.645] [WiVRn] [info] nxwarp[0] rx: 21970 datagrams, placed 68586 (+582), late 216 (+0), stale_frame 0, bad_range 0, bad_dir 0, bad_caps 0, bad_ver 0, auth_fail 0, replay 0, frozen 0, dup 1
09-07 21:38:52.828  9903  9689 I WiVRn   : [2026-09-07 21:38:52.828] [WiVRn] [info] Session state changed at timestamp 0: XR_SESSION_STATE_FOCUSED => XR_SESSION_STATE_VISIBLE
09-07 21:38:52.828  9903  9689 I WiVRn   : [2026-09-07 21:38:52.828] [WiVRn] [info] Session state changed at timestamp 0: XR_SESSION_STATE_VISIBLE => XR_SESSION_STATE_SYNCHRONIZED
09-07 21:38:52.828  9903  9689 I WiVRn   : [2026-09-07 21:38:52.828] [WiVRn] [info] Session state changed at timestamp 0: XR_SESSION_STATE_SYNCHRONIZED => XR_SESSION_STATE_STOPPING
09-07 21:38:52.830  9903  9689 I WiVRn   : [2026-09-07 21:38:52.830] [WiVRn] [info] Session state changed at timestamp 0: XR_SESSION_STATE_STOPPING => XR_SESSION_STATE_IDLE
09-07 21:38:53.423  9903  9875 I WiVRn   : [2026-09-07 21:38:53.423] [WiVRn] [info] Tracking pattern (11121µs):
09-07 21:38:53.423  9903  9875 I WiVRn   : [2026-09-07 21:38:53.423] [WiVRn] [info] 	t+6513µs HEAD (26851µs)
09-07 21:38:53.423  9903  9875 I WiVRn   : [2026-09-07 21:38:53.423] [WiVRn] [info] 	t+9513µs HEAD (23851µs)
09-07 21:38:53.659  9903  9873 I WiVRn   : [2026-09-07 21:38:53.659] [WiVRn] [info] nxwarp[0]: 180 frames in 2.0 s: 568 B/frame, wait-prev 0.0 ms, wall 2.1 ms, nxvc passA 0.2 passB 0.8 gpu 1.0 ms; holes 0, refused 0
09-07 21:38:53.659  9903  9873 I WiVRn   : [2026-09-07 21:38:53.659] [WiVRn] [info] nxwarp[0] gpu duty 92 ms/s (9% of one GPU) for decode alone; the display pass is extra
09-07 21:38:53.659  9903  9873 I WiVRn   : [2026-09-07 21:38:53.659] [WiVRn] [info] nxwarp[0] passB 0.8 ms = warp 0.0 + skip 0.0 + coded 0.1 + dir 0.0 + other 0.8; tiles skip 0 / coded 3 / dir 0 (eye pass 0)
09-07 21:38:53.659  9903  9873 I WiVRn   : [2026-09-07 21:38:53.659] [WiVRn] [info] nxwarp[0]: 106 frames dropped late (queue kept to 1)
09-07 21:38:53.659  9903  9873 I WiVRn   : [2026-09-07 21:38:53.659] [WiVRn] [info] nxwarp[0] stage: gap 9.0 | wait-prev 0.0 | submit 0.5 (qlock 0.0 + codec 0.5) | get_free 0.0 | fence-pre 0.0 | record 0.1 | qsubmit 0.0 | fence-post 1.5 | publish 0.0 ms; withheld 0, stride 1, arrival 11.1 ms
09-07 21:38:53.659  9903  9873 I WiVRn   : [2026-09-07 21:38:53.659] [WiVRn] [info] nxwarp[0] reassembly (network thread): 0.01 ms/frame over 180 frames, buffer 1 kB held for 1 kB of unit (1.0x)
09-07 21:38:53.659  9903  9873 I WiVRn   : [2026-09-07 21:38:53.659] [WiVRn] [info] nxwarp[0] fence-post 1.5 ms = nxvc gpu 1.0 + copy gpu 0.26 + queue 0.2 (over 180 frames with timestamps)
09-07 21:38:53.659  9903  9873 I WiVRn   : [2026-09-07 21:38:53.659] [WiVRn] [info] nxwarp[0] atlas: frames 180, atlas 180, picture 0, avg dispatches 7.0, avg assembled 0.0, avg valid 578.0
09-07 21:38:54.418  9903  9875 I WiVRn   : [2026-09-07 21:38:54.418] [WiVRn] [info] Tracking pattern (11121µs):
09-07 21:38:54.418  9903  9875 I WiVRn   : [2026-09-07 21:38:54.418] [WiVRn] [info] 	t+6502µs HEAD (26862µs)
09-07 21:38:54.418  9903  9875 I WiVRn   : [2026-09-07 21:38:54.418] [WiVRn] [info] 	t+9502µs HEAD (23862µs)
09-07 21:38:54.646  9903  9871 I WiVRn   : [2026-09-07 21:38:54.646] [WiVRn] [info] nxwarp[0] net: 180 frames closed in 2.0 s, 0 with a hole, 0 out-of-order datagrams, 0 frames completed late, 0 queued for the worker, 3850 decoded so far, 3957 stragglers dropped; last hole 0/0 chunks, first missing -1, short false, chunk 1166 B
09-07 21:38:54.646  9903  9871 I WiVRn   : [2026-09-07 21:38:54.646] [WiVRn] [info] nxwarp[0] net: 0.179 ms per datagram over 721 datagrams (64.42 ms of every second)
09-07 21:38:54.646  9903  9871 I WiVRn   : [2026-09-07 21:38:54.646] [WiVRn] [info] nxwarp[0] sel: stride 1, arrival 11.1 ms, dropped-late 106, withheld 4, decoded 3850
09-07 21:38:54.646  9903  9871 I WiVRn   : [2026-09-07 21:38:54.646] [WiVRn] [info] nxwarp[0] rx: 22691 datagrams, placed 69164 (+578), late 216 (+0), stale_frame 0, bad_range 0, bad_dir 0, bad_caps 0, bad_ver 0, auth_fail 0, replay 0, frozen 0, dup 1
09-07 21:38:55.385  9903  9689 I WiVRn   : [2026-09-07 21:38:55.385] [WiVRn] [info] Session state changed at timestamp 0: XR_SESSION_STATE_IDLE => XR_SESSION_STATE_READY
09-07 21:38:55.387  9903  9689 I WiVRn   : [2026-09-07 21:38:55.387] [WiVRn] [info] Received event type XR_TYPE_EVENT_DATA_USER_PRESENCE_CHANGED_EXT
09-07 21:38:55.390  9903  9689 I WiVRn   : [2026-09-07 21:38:55.390] [WiVRn] [info] Session state changed at timestamp 0: XR_SESSION_STATE_READY => XR_SESSION_STATE_SYNCHRONIZED
09-07 21:38:55.390  9903  9689 I WiVRn   : [2026-09-07 21:38:55.390] [WiVRn] [info] Session state changed at timestamp 0: XR_SESSION_STATE_SYNCHRONIZED => XR_SESSION_STATE_VISIBLE
09-07 21:38:55.390  9903  9689 I WiVRn   : [2026-09-07 21:38:55.390] [WiVRn] [info] Session state changed at timestamp 0: XR_SESSION_STATE_VISIBLE => XR_SESSION_STATE_FOCUSED
09-07 21:38:55.426  9903  9875 I WiVRn   : [2026-09-07 21:38:55.426] [WiVRn] [info] Tracking pattern (11091µs):
09-07 21:38:55.426  9903  9875 I WiVRn   : [2026-09-07 21:38:55.426] [WiVRn] [info] 	t+5507µs HEAD (5583µs)
09-07 21:38:55.426  9903  9875 I WiVRn   : [2026-09-07 21:38:55.426] [WiVRn] [info] 	t+8507µs HEAD (2583µs)
09-07 21:38:55.661  9903  9873 I WiVRn   : [2026-09-07 21:38:55.661] [WiVRn] [info] nxwarp[0]: 180 frames in 2.0 s: 569 B/frame, wait-prev 0.0 ms, wall 2.2 ms, nxvc passA 0.2 passB 0.8 gpu 1.0 ms; holes 0, refused 0
09-07 21:38:55.661  9903  9873 I WiVRn   : [2026-09-07 21:38:55.661] [WiVRn] [info] nxwarp[0] gpu duty 92 ms/s (9% of one GPU) for decode alone; the display pass is extra
09-07 21:38:55.661  9903  9873 I WiVRn   : [2026-09-07 21:38:55.661] [WiVRn] [info] nxwarp[0] passB 0.8 ms = warp 0.0 + skip 0.0 + coded 0.1 + dir 0.0 + other 0.8; tiles skip 0 / coded 3 / dir 0 (eye pass 0)
09-07 21:38:55.661  9903  9873 I WiVRn   : [2026-09-07 21:38:55.661] [WiVRn] [info] nxwarp[0]: 106 frames dropped late (queue kept to 1)
09-07 21:38:55.661  9903  9873 I WiVRn   : [2026-09-07 21:38:55.661] [WiVRn] [info] nxwarp[0] stage: gap 8.9 | wait-prev 0.0 | submit 0.7 (qlock 0.0 + codec 0.7) | get_free 0.0 | fence-pre 0.0 | record 0.1 | qsubmit 0.1 | fence-post 1.4 | publish 0.0 ms; withheld 0, stride 1, arrival 11.1 ms
09-07 21:38:55.661  9903  9873 I WiVRn   : [2026-09-07 21:38:55.661] [WiVRn] [info] nxwarp[0] reassembly (network thread): 0.01 ms/frame over 180 frames, buffer 1 kB held for 1 kB of unit (1.0x)
09-07 21:38:55.661  9903  9873 I WiVRn   : [2026-09-07 21:38:55.661] [WiVRn] [info] nxwarp[0] fence-post 1.4 ms = nxvc gpu 1.0 + copy gpu 0.27 + queue 0.1 (over 180 frames with timestamps)
09-07 21:38:55.661  9903  9873 I WiVRn   : [2026-09-07 21:38:55.661] [WiVRn] [info] nxwarp[0]: 1 of 180 frames measured a stall not attributable to decoding (worst wall 16.9 ms); clipped out of the reported decode cost and out of the stride
09-07 21:38:55.661  9903  9873 I WiVRn   : [2026-09-07 21:38:55.661] [WiVRn] [info] nxwarp[0] atlas: frames 180, atlas 180, picture 0, avg dispatches 7.0, avg assembled 0.0, avg valid 578.0
09-07 21:38:56.427  9903  9875 I WiVRn   : [2026-09-07 21:38:56.427] [WiVRn] [info] Tracking pattern (11111µs):
09-07 21:38:56.427  9903  9875 I WiVRn   : [2026-09-07 21:38:56.427] [WiVRn] [info] 	t+11111µs HEAD (0µs)
09-07 21:38:56.656  9903  9871 I WiVRn   : [2026-09-07 21:38:56.656] [WiVRn] [info] nxwarp[0] net: 181 frames closed in 2.0 s, 0 with a hole, 0 out-of-order datagrams, 0 frames completed late, 0 queued for the worker, 4031 decoded so far, 4138 stragglers dropped; last hole 0/0 chunks, first missing -1, short false, chunk 1166 B
09-07 21:38:56.656  9903  9871 I WiVRn   : [2026-09-07 21:38:56.656] [WiVRn] [info] nxwarp[0] net: 0.103 ms per datagram over 735 datagrams (37.78 ms of every second)
09-07 21:38:56.656  9903  9871 I WiVRn   : [2026-09-07 21:38:56.656] [WiVRn] [info] nxwarp[0] sel: stride 1, arrival 11.1 ms, dropped-late 106, withheld 4, decoded 4031
09-07 21:38:56.656  9903  9871 I WiVRn   : [2026-09-07 21:38:56.656] [WiVRn] [info] nxwarp[0] rx: 23426 datagrams, placed 69754 (+590), late 216 (+0), stale_frame 0, bad_range 0, bad_dir 0, bad_caps 0, bad_ver 0, auth_fail 0, replay 0, frozen 0, dup 1
09-07 21:38:57.397  9903  9689 I WiVRn   : [2026-09-07 21:38:57.397] [WiVRn] [info] render: 182 iterations in 2.0 s (90.7/s), 181 submitted a layer, 181 new-source, 0 skipped by the repeat gate, 1 with nothing to show; display period 11.0 ms
09-07 21:38:57.397  9903  9689 I WiVRn   : [2026-09-07 21:38:57.397] [WiVRn] [info] render: selected source transitions forward 181 backward 0 repeat 0, greatest forward gap 231
09-07 21:38:57.397  9903  9689 I WiVRn   : [2026-09-07 21:38:57.397] [WiVRn] [info] render: this app's own GPU pass 2.0 ms per iteration
09-07 21:38:57.397  9903  9689 I WiVRn   : [2026-09-07 21:38:57.397] [WiVRn] [info] render: defoveate 1088x1088 per eye x2 = 2.37 Mpx/frame at scale 0.50 atlas-prototype 0; 0 re-presented from the cache (reduce_gpu_load on)
09-07 21:38:57.397  9903  9689 I WiVRn   : [2026-09-07 21:38:57.397] [WiVRn] [info] render: shader path sharpness 0.00 fsr false alpha false motion false blend false glow 0.28 vignette 0.00 deband 1.00 lowpoly 0.00 levels 0 full-kernel false
09-07 21:38:57.397  9903  9689 I WiVRn   : [2026-09-07 21:38:57.397] [WiVRn] [info] render: per iteration fence 0.0 (worst 0.0) | queries 0.0 | submit 0.0 | whole render() 0.5 ms
09-07 21:38:57.397  9903  9689 I WiVRn   : [2026-09-07 21:38:57.397] [WiVRn] [info] render: jit on | wake slack 30.5 ms | slept 0.6 ms mean (max 0.6, 181 of 182 iterations) | budget 1.6 = pass 0.6 + margin 1.0 | sleep cap 0.6 ms
09-07 21:38:57.397  9903  9689 I WiVRn   : [2026-09-07 21:38:57.397] [WiVRn] [info] render: displayed pose age 44.7 ms mean (worst 54.7) over 181 frames | submit lead 29.4 ms mean (worst 24.4) | misses: 0 overrun 0 late 0 skipped refresh
09-07 21:38:57.427  9903  9875 I WiVRn   : [2026-09-07 21:38:57.427] [WiVRn] [info] Tracking pattern (11111µs):
09-07 21:38:57.427  9903  9875 I WiVRn   : [2026-09-07 21:38:57.427] [WiVRn] [info] 	t+11111µs HEAD (0µs)
09-07 21:38:57.670  9903  9873 I WiVRn   : [2026-09-07 21:38:57.670] [WiVRn] [info] nxwarp[0]: 181 frames in 2.0 s: 568 B/frame, wait-prev 0.0 ms, wall 1.8 ms, nxvc passA 0.2 passB 0.8 gpu 1.0 ms; holes 0, refused 0
09-07 21:38:57.670  9903  9873 I WiVRn   : [2026-09-07 21:38:57.670] [WiVRn] [info] nxwarp[0] gpu duty 93 ms/s (9% of one GPU) for decode alone; the display pass is extra
09-07 21:38:57.670  9903  9873 I WiVRn   : [2026-09-07 21:38:57.670] [WiVRn] [info] nxwarp[0] passB 0.8 ms = warp 0.0 + skip 0.0 + coded 0.1 + dir 0.0 + other 0.8; tiles skip 0 / coded 3 / dir 0 (eye pass 0)
09-07 21:38:57.670  9903  9873 I WiVRn   : [2026-09-07 21:38:57.670] [WiVRn] [info] nxwarp[0]: 106 frames dropped late (queue kept to 1)
09-07 21:38:57.670  9903  9873 I WiVRn   : [2026-09-07 21:38:57.670] [WiVRn] [info] nxwarp[0] stage: gap 9.3 | wait-prev 0.0 | submit 0.3 (qlock 0.0 + codec 0.3) | get_free 0.0 | fence-pre 0.0 | record 0.0 | qsubmit 0.0 | fence-post 1.4 | publish 0.0 ms; withheld 0, stride 1, arrival 11.1 ms
09-07 21:38:57.670  9903  9873 I WiVRn   : [2026-09-07 21:38:57.670] [WiVRn] [info] nxwarp[0] reassembly (network thread): 0.00 ms/frame over 181 frames, buffer 1 kB held for 1 kB of unit (1.0x)
09-07 21:38:57.670  9903  9873 I WiVRn   : [2026-09-07 21:38:57.670] [WiVRn] [info] nxwarp[0] fence-post 1.5 ms = nxvc gpu 1.0 + copy gpu 0.28 + queue 0.1 (over 181 frames with timestamps)
09-07 21:38:57.670  9903  9873 I WiVRn   : [2026-09-07 21:38:57.670] [WiVRn] [info] nxwarp[0] atlas: frames 181, atlas 181, picture 0, avg dispatches 7.0, avg assembled 0.0, avg valid 578.0
09-07 21:38:58.427  9903  9875 I WiVRn   : [2026-09-07 21:38:58.427] [WiVRn] [info] Tracking pattern (11111µs):
09-07 21:38:58.427  9903  9875 I WiVRn   : [2026-09-07 21:38:58.427] [WiVRn] [info] 	t+11111µs HEAD (0µs)
09-07 21:38:58.656  9903  9871 I WiVRn   : [2026-09-07 21:38:58.656] [WiVRn] [info] nxwarp[0] net: 180 frames closed in 2.0 s, 0 with a hole, 0 out-of-order datagrams, 0 frames completed late, 0 queued for the worker, 4211 decoded so far, 4318 stragglers dropped; last hole 0/0 chunks, first missing -1, short false, chunk 1166 B
09-07 21:38:58.656  9903  9871 I WiVRn   : [2026-09-07 21:38:58.656] [WiVRn] [info] nxwarp[0] net: 0.060 ms per datagram over 721 datagrams (21.60 ms of every second)
09-07 21:38:58.656  9903  9871 I WiVRn   : [2026-09-07 21:38:58.656] [WiVRn] [info] nxwarp[0] sel: stride 1, arrival 10.9 ms, dropped-late 106, withheld 4, decoded 4211
09-07 21:38:58.656  9903  9871 I WiVRn   : [2026-09-07 21:38:58.656] [WiVRn] [info] nxwarp[0] rx: 24147 datagrams, placed 70332 (+578), late 216 (+0), stale_frame 0, bad_range 0, bad_dir 0, bad_caps 0, bad_ver 0, auth_fail 0, replay 0, frozen 0, dup 1
09-07 21:38:59.398  9903  9689 I WiVRn   : [2026-09-07 21:38:59.398] [WiVRn] [info] render: 179 iterations in 2.0 s (89.5/s), 179 submitted a layer, 176 new-source, 0 skipped by the repeat gate, 0 with nothing to show; display period 11.2 ms
09-07 21:38:59.398  9903  9689 I WiVRn   : [2026-09-07 21:38:59.398] [WiVRn] [info] render: selected source transitions forward 176 backward 0 repeat 3, greatest forward gap 2
09-07 21:38:59.398  9903  9689 I WiVRn   : [2026-09-07 21:38:59.398] [WiVRn] [info] render: this app's own GPU pass 2.5 ms per iteration
09-07 21:38:59.398  9903  9689 I WiVRn   : [2026-09-07 21:38:59.398] [WiVRn] [info] render: defoveate 1088x1088 per eye x2 = 2.37 Mpx/frame at scale 0.50 atlas-prototype 0; 3 re-presented from the cache (reduce_gpu_load on)
09-07 21:38:59.398  9903  9689 I WiVRn   : [2026-09-07 21:38:59.398] [WiVRn] [info] render: shader path sharpness 0.00 fsr false alpha false motion false blend false glow 0.28 vignette 0.00 deband 1.00 lowpoly 0.00 levels 0 full-kernel false
09-07 21:38:59.398  9903  9689 I WiVRn   : [2026-09-07 21:38:59.398] [WiVRn] [info] render: per iteration fence 0.0 (worst 1.9) | queries 0.0 | submit 0.0 | whole render() 0.4 ms
09-07 21:38:59.398  9903  9689 I WiVRn   : [2026-09-07 21:38:59.398] [WiVRn] [info] render: jit on | wake slack 30.8 ms | slept 0.8 ms mean (max 11.7, 179 of 179 iterations) | budget 2.1 = pass 1.1 + margin 1.0 | sleep cap 0.6 ms
09-07 21:38:59.398  9903  9689 I WiVRn   : [2026-09-07 21:38:59.398] [WiVRn] [info] render: displayed pose age 44.5 ms mean (worst 55.7) over 179 frames | submit lead 29.5 ms mean (worst 16.0) | misses: 0 overrun 0 late 1 skipped refresh
09-07 21:38:59.427  9903  9875 I WiVRn   : [2026-09-07 21:38:59.427] [WiVRn] [info] Tracking pattern (11111µs):
09-07 21:38:59.427  9903  9875 I WiVRn   : [2026-09-07 21:38:59.427] [WiVRn] [info] 	t+11111µs HEAD (0µs)
09-07 21:38:59.670  9903  9873 I WiVRn   : [2026-09-07 21:38:59.670] [WiVRn] [info] nxwarp[0]: 180 frames in 2.0 s: 568 B/frame, wait-prev 0.0 ms, wall 1.6 ms, nxvc passA 0.2 passB 0.8 gpu 1.0 ms; holes 0, refused 0
09-07 21:38:59.670  9903  9873 I WiVRn   : [2026-09-07 21:38:59.670] [WiVRn] [info] nxwarp[0] gpu duty 93 ms/s (9% of one GPU) for decode alone; the display pass is extra
09-07 21:38:59.670  9903  9873 I WiVRn   : [2026-09-07 21:38:59.670] [WiVRn] [info] nxwarp[0] passB 0.8 ms = warp 0.0 + skip 0.0 + coded 0.1 + dir 0.0 + other 0.8; tiles skip 0 / coded 3 / dir 0 (eye pass 0)
09-07 21:38:59.670  9903  9873 I WiVRn   : [2026-09-07 21:38:59.670] [WiVRn] [info] nxwarp[0]: 106 frames dropped late (queue kept to 1)
09-07 21:38:59.670  9903  9873 I WiVRn   : [2026-09-07 21:38:59.670] [WiVRn] [info] nxwarp[0] stage: gap 9.5 | wait-prev 0.0 | submit 0.3 (qlock 0.0 + codec 0.3) | get_free 0.0 | fence-pre 0.0 | record 0.0 | qsubmit 0.0 | fence-post 1.3 | publish 0.0 ms; withheld 0, stride 1, arrival 11.3 ms
09-07 21:38:59.670  9903  9873 I WiVRn   : [2026-09-07 21:38:59.670] [WiVRn] [info] nxwarp[0] reassembly (network thread): 0.00 ms/frame over 180 frames, buffer 1 kB held for 1 kB of unit (1.0x)
09-07 21:38:59.670  9903  9873 I WiVRn   : [2026-09-07 21:38:59.670] [WiVRn] [info] nxwarp[0] fence-post 1.3 ms = nxvc gpu 1.0 + copy gpu 0.27 + queue 0.0 (over 180 frames with timestamps)
09-07 21:38:59.670  9903  9873 I WiVRn   : [2026-09-07 21:38:59.670] [WiVRn] [info] nxwarp[0] atlas: frames 180, atlas 180, picture 0, avg dispatches 7.0, avg assembled 0.0, avg valid 578.0
09-07 21:39:00.427  9903  9875 I WiVRn   : [2026-09-07 21:39:00.427] [WiVRn] [info] Tracking pattern (11110µs):
09-07 21:39:00.428  9903  9875 I WiVRn   : [2026-09-07 21:39:00.428] [WiVRn] [info] 	t+11110µs HEAD (0µs)
09-07 21:39:00.667  9903  9871 I WiVRn   : [2026-09-07 21:39:00.667] [WiVRn] [info] nxwarp[0] net: 181 frames closed in 2.0 s, 0 with a hole, 0 out-of-order datagrams, 0 frames completed late, 0 queued for the worker, 4392 decoded so far, 4499 stragglers dropped; last hole 0/0 chunks, first missing -1, short false, chunk 1166 B
09-07 21:39:00.667  9903  9871 I WiVRn   : [2026-09-07 21:39:00.667] [WiVRn] [info] nxwarp[0] net: 0.061 ms per datagram over 723 datagrams (21.82 ms of every second)
09-07 21:39:00.667  9903  9871 I WiVRn   : [2026-09-07 21:39:00.667] [WiVRn] [info] nxwarp[0] sel: stride 1, arrival 11.0 ms, dropped-late 106, withheld 4, decoded 4392
09-07 21:39:00.667  9903  9871 I WiVRn   : [2026-09-07 21:39:00.667] [WiVRn] [info] nxwarp[0] rx: 24870 datagrams, placed 70912 (+580), late 216 (+0), stale_frame 0, bad_range 0, bad_dir 0, bad_caps 0, bad_ver 0, auth_fail 0, replay 0, frozen 0, dup 1
09-07 21:39:01.398  9903  9689 I WiVRn   : [2026-09-07 21:39:01.398] [WiVRn] [info] render: 179 iterations in 2.0 s (89.5/s), 179 submitted a layer, 178 new-source, 0 skipped by the repeat gate, 0 with nothing to show; display period 11.2 ms
09-07 21:39:01.398  9903  9689 I WiVRn   : [2026-09-07 21:39:01.398] [WiVRn] [info] render: selected source transitions forward 178 backward 0 repeat 1, greatest forward gap 2
09-07 21:39:01.398  9903  9689 I WiVRn   : [2026-09-07 21:39:01.398] [WiVRn] [info] render: this app's own GPU pass 2.7 ms per iteration
09-07 21:39:01.398  9903  9689 I WiVRn   : [2026-09-07 21:39:01.398] [WiVRn] [info] render: defoveate 1088x1088 per eye x2 = 2.37 Mpx/frame at scale 0.50 atlas-prototype 0; 1 re-presented from the cache (reduce_gpu_load on)
09-07 21:39:01.398  9903  9689 I WiVRn   : [2026-09-07 21:39:01.398] [WiVRn] [info] render: shader path sharpness 0.00 fsr false alpha false motion false blend false glow 0.28 vignette 0.00 deband 1.00 lowpoly 0.00 levels 0 full-kernel false
09-07 21:39:01.398  9903  9689 I WiVRn   : [2026-09-07 21:39:01.398] [WiVRn] [info] render: per iteration fence 0.0 (worst 2.0) | queries 0.0 | submit 0.0 | whole render() 0.5 ms
09-07 21:39:01.398  9903  9689 I WiVRn   : [2026-09-07 21:39:01.398] [WiVRn] [info] render: jit on | wake slack 30.3 ms | slept 0.8 ms mean (max 11.7, 179 of 179 iterations) | budget 3.0 = pass 2.0 + margin 1.0 | sleep cap 0.6 ms
09-07 21:39:01.398  9903  9689 I WiVRn   : [2026-09-07 21:39:01.398] [WiVRn] [info] render: displayed pose age 44.4 ms mean (worst 44.8) over 179 frames | submit lead 29.0 ms mean (worst 15.7) | misses: 0 overrun 0 late 1 skipped refresh
09-07 21:39:01.416  9903  9875 I WiVRn   : [2026-09-07 21:39:01.416] [WiVRn] [info] Tracking pattern (11113µs):
09-07 21:39:01.416  9903  9875 I WiVRn   : [2026-09-07 21:39:01.416] [WiVRn] [info] 	t+11113µs HEAD (0µs)
09-07 21:39:01.681  9903  9873 I WiVRn   : [2026-09-07 21:39:01.681] [WiVRn] [info] nxwarp[0]: 181 frames in 2.0 s: 568 B/frame, wait-prev 0.0 ms, wall 1.7 ms, nxvc passA 0.2 passB 0.8 gpu 1.0 ms; holes 0, refused 0
09-07 21:39:01.681  9903  9873 I WiVRn   : [2026-09-07 21:39:01.681] [WiVRn] [info] nxwarp[0] gpu duty 93 ms/s (9% of one GPU) for decode alone; the display pass is extra
09-07 21:39:01.681  9903  9873 I WiVRn   : [2026-09-07 21:39:01.681] [WiVRn] [info] nxwarp[0] passB 0.8 ms = warp 0.0 + skip 0.0 + coded 0.1 + dir 0.0 + other 0.8; tiles skip 0 / coded 3 / dir 0 (eye pass 0)
09-07 21:39:01.681  9903  9873 I WiVRn   : [2026-09-07 21:39:01.681] [WiVRn] [info] nxwarp[0]: 106 frames dropped late (queue kept to 1)
09-07 21:39:01.681  9903  9873 I WiVRn   : [2026-09-07 21:39:01.681] [WiVRn] [info] nxwarp[0] stage: gap 9.4 | wait-prev 0.0 | submit 0.3 (qlock 0.0 + codec 0.3) | get_free 0.0 | fence-pre 0.0 | record 0.0 | qsubmit 0.0 | fence-post 1.4 | publish 0.0 ms; withheld 0, stride 1, arrival 11.3 ms
09-07 21:39:01.681  9903  9873 I WiVRn   : [2026-09-07 21:39:01.681] [WiVRn] [info] nxwarp[0] reassembly (network thread): 0.00 ms/frame over 181 frames, buffer 1 kB held for 1 kB of unit (1.0x)
09-07 21:39:01.681  9903  9873 I WiVRn   : [2026-09-07 21:39:01.681] [WiVRn] [info] nxwarp[0] fence-post 1.4 ms = nxvc gpu 1.0 + copy gpu 0.27 + queue 0.1 (over 181 frames with timestamps)
09-07 21:39:01.681  9903  9873 I WiVRn   : [2026-09-07 21:39:01.681] [WiVRn] [info] nxwarp[0] atlas: frames 181, atlas 181, picture 0, avg dispatches 7.0, avg assembled 0.0, avg valid 578.0
09-07 21:39:02.416  9903  9875 I WiVRn   : [2026-09-07 21:39:02.416] [WiVRn] [info] Tracking pattern (11112µs):
09-07 21:39:02.416  9903  9875 I WiVRn   : [2026-09-07 21:39:02.416] [WiVRn] [info] 	t+11112µs HEAD (0µs)
09-07 21:39:02.668  9903  9871 I WiVRn   : [2026-09-07 21:39:02.668] [WiVRn] [info] nxwarp[0] net: 180 frames closed in 2.0 s, 0 with a hole, 0 out-of-order datagrams, 0 frames completed late, 0 queued for the worker, 4572 decoded so far, 4679 stragglers dropped; last hole 0/0 chunks, first missing -1, short false, chunk 1166 B
09-07 21:39:02.668  9903  9871 I WiVRn   : [2026-09-07 21:39:02.668] [WiVRn] [info] nxwarp[0] net: 0.061 ms per datagram over 721 datagrams (22.01 ms of every second)
09-07 21:39:02.668  9903  9871 I WiVRn   : [2026-09-07 21:39:02.668] [WiVRn] [info] nxwarp[0] sel: stride 1, arrival 11.0 ms, dropped-late 106, withheld 4, decoded 4572
09-07 21:39:02.668  9903  9871 I WiVRn   : [2026-09-07 21:39:02.668] [WiVRn] [info] nxwarp[0] rx: 25591 datagrams, placed 71490 (+578), late 216 (+0), stale_frame 0, bad_range 0, bad_dir 0, bad_caps 0, bad_ver 0, auth_fail 0, replay 0, frozen 0, dup 1
09-07 21:39:03.399  9903  9689 I WiVRn   : [2026-09-07 21:39:03.399] [WiVRn] [info] render: 180 iterations in 2.0 s (90.0/s), 180 submitted a layer, 180 new-source, 0 skipped by the repeat gate, 0 with nothing to show; display period 11.1 ms
09-07 21:39:03.399  9903  9689 I WiVRn   : [2026-09-07 21:39:03.399] [WiVRn] [info] render: selected source transitions forward 180 backward 0 repeat 0, greatest forward gap 1
09-07 21:39:03.399  9903  9689 I WiVRn   : [2026-09-07 21:39:03.399] [WiVRn] [info] render: this app's own GPU pass 2.8 ms per iteration
09-07 21:39:03.399  9903  9689 I WiVRn   : [2026-09-07 21:39:03.399] [WiVRn] [info] render: defoveate 1088x1088 per eye x2 = 2.37 Mpx/frame at scale 0.50 atlas-prototype 0; 0 re-presented from the cache (reduce_gpu_load on)
09-07 21:39:03.399  9903  9689 I WiVRn   : [2026-09-07 21:39:03.399] [WiVRn] [info] render: shader path sharpness 0.00 fsr false alpha false motion false blend false glow 0.28 vignette 0.00 deband 1.00 lowpoly 0.00 levels 0 full-kernel false
09-07 21:39:03.399  9903  9689 I WiVRn   : [2026-09-07 21:39:03.399] [WiVRn] [info] render: per iteration fence 0.0 (worst 0.0) | queries 0.0 | submit 0.0 | whole render() 0.4 ms
09-07 21:39:03.399  9903  9689 I WiVRn   : [2026-09-07 21:39:03.399] [WiVRn] [info] render: jit on | wake slack 29.7 ms | slept 0.6 ms mean (max 0.6, 180 of 180 iterations) | budget 1.5 = pass 0.5 + margin 1.0 | sleep cap 0.6 ms
09-07 21:39:03.399  9903  9689 I WiVRn   : [2026-09-07 21:39:03.399] [WiVRn] [info] render: displayed pose age 44.8 ms mean (worst 44.8) over 180 frames | submit lead 28.7 ms mean (worst 28.2) | misses: 0 overrun 0 late 0 skipped refresh
09-07 21:39:03.416  9903  9875 I WiVRn   : [2026-09-07 21:39:03.416] [WiVRn] [info] Tracking pattern (11113µs):
09-07 21:39:03.416  9903  9875 I WiVRn   : [2026-09-07 21:39:03.416] [WiVRn] [info] 	t+11113µs HEAD (0µs)
09-07 21:39:03.681  9903  9873 I WiVRn   : [2026-09-07 21:39:03.681] [WiVRn] [info] nxwarp[0]: 180 frames in 2.0 s: 568 B/frame, wait-prev 0.0 ms, wall 2.1 ms, nxvc passA 0.2 passB 0.8 gpu 1.0 ms; holes 0, refused 0
09-07 21:39:03.681  9903  9873 I WiVRn   : [2026-09-07 21:39:03.681] [WiVRn] [info] nxwarp[0] gpu duty 92 ms/s (9% of one GPU) for decode alone; the display pass is extra
09-07 21:39:03.681  9903  9873 I WiVRn   : [2026-09-07 21:39:03.681] [WiVRn] [info] nxwarp[0] passB 0.8 ms = warp 0.0 + skip 0.0 + coded 0.1 + dir 0.0 + other 0.8; tiles skip 0 / coded 3 / dir 0 (eye pass 0)
09-07 21:39:03.681  9903  9873 I WiVRn   : [2026-09-07 21:39:03.681] [WiVRn] [info] nxwarp[0]: 106 frames dropped late (queue kept to 1)
09-07 21:39:03.681  9903  9873 I WiVRn   : [2026-09-07 21:39:03.681] [WiVRn] [info] nxwarp[0] stage: gap 9.1 | wait-prev 0.0 | submit 0.3 (qlock 0.0 + codec 0.3) | get_free 0.0 | fence-pre 0.0 | record 0.0 | qsubmit 0.0 | fence-post 1.7 | publish 0.0 ms; withheld 0, stride 1, arrival 11.1 ms
09-07 21:39:03.681  9903  9873 I WiVRn   : [2026-09-07 21:39:03.681] [WiVRn] [info] nxwarp[0] reassembly (network thread): 0.00 ms/frame over 180 frames, buffer 1 kB held for 1 kB of unit (1.0x)
09-07 21:39:03.681  9903  9873 I WiVRn   : [2026-09-07 21:39:03.681] [WiVRn] [info] nxwarp[0] fence-post 1.8 ms = nxvc gpu 1.0 + copy gpu 0.27 + queue 0.4 (over 180 frames with timestamps)
09-07 21:39:03.681  9903  9873 I WiVRn   : [2026-09-07 21:39:03.681] [WiVRn] [info] nxwarp[0] atlas: frames 180, atlas 180, picture 0, avg dispatches 7.0, avg assembled 0.0, avg valid 578.0
09-07 21:39:04.416  9903  9875 I WiVRn   : [2026-09-07 21:39:04.416] [WiVRn] [info] Tracking pattern (11112µs):
09-07 21:39:04.416  9903  9875 I WiVRn   : [2026-09-07 21:39:04.416] [WiVRn] [info] 	t+11112µs HEAD (0µs)
09-07 21:39:04.678  9903  9871 I WiVRn   : [2026-09-07 21:39:04.678] [WiVRn] [info] nxwarp[0] net: 181 frames closed in 2.0 s, 0 with a hole, 0 out-of-order datagrams, 0 frames completed late, 0 queued for the worker, 4753 decoded so far, 4860 stragglers dropped; last hole 0/0 chunks, first missing -1, short false, chunk 1166 B
09-07 21:39:04.678  9903  9871 I WiVRn   : [2026-09-07 21:39:04.678] [WiVRn] [info] nxwarp[0] net: 0.062 ms per datagram over 723 datagrams (22.27 ms of every second)
09-07 21:39:04.678  9903  9871 I WiVRn   : [2026-09-07 21:39:04.678] [WiVRn] [info] nxwarp[0] sel: stride 1, arrival 11.2 ms, dropped-late 106, withheld 4, decoded 4753
09-07 21:39:04.678  9903  9871 I WiVRn   : [2026-09-07 21:39:04.678] [WiVRn] [info] nxwarp[0] rx: 26314 datagrams, placed 72070 (+580), late 216 (+0), stale_frame 0, bad_range 0, bad_dir 0, bad_caps 0, bad_ver 0, auth_fail 0, replay 0, frozen 0, dup 1
09-07 21:39:05.399  9903  9689 I WiVRn   : [2026-09-07 21:39:05.399] [WiVRn] [info] render: 179 iterations in 2.0 s (89.5/s), 179 submitted a layer, 178 new-source, 0 skipped by the repeat gate, 0 with nothing to show; display period 11.2 ms
09-07 21:39:05.399  9903  9689 I WiVRn   : [2026-09-07 21:39:05.399] [WiVRn] [info] render: selected source transitions forward 178 backward 0 repeat 1, greatest forward gap 2
09-07 21:39:05.399  9903  9689 I WiVRn   : [2026-09-07 21:39:05.399] [WiVRn] [info] render: this app's own GPU pass 2.7 ms per iteration
09-07 21:39:05.400  9903  9689 I WiVRn   : [2026-09-07 21:39:05.400] [WiVRn] [info] render: defoveate 1088x1088 per eye x2 = 2.37 Mpx/frame at scale 0.50 atlas-prototype 0; 1 re-presented from the cache (reduce_gpu_load on)
09-07 21:39:05.400  9903  9689 I WiVRn   : [2026-09-07 21:39:05.400] [WiVRn] [info] render: shader path sharpness 0.00 fsr false alpha false motion false blend false glow 0.28 vignette 0.00 deband 1.00 lowpoly 0.00 levels 0 full-kernel false
09-07 21:39:05.400  9903  9689 I WiVRn   : [2026-09-07 21:39:05.400] [WiVRn] [info] render: per iteration fence 0.0 (worst 1.9) | queries 0.0 | submit 0.0 | whole render() 0.5 ms
09-07 21:39:05.400  9903  9689 I WiVRn   : [2026-09-07 21:39:05.400] [WiVRn] [info] render: jit on | wake slack 29.4 ms | slept 0.8 ms mean (max 11.7, 179 of 179 iterations) | budget 2.0 = pass 1.0 + margin 1.0 | sleep cap 0.6 ms
09-07 21:39:05.400  9903  9689 I WiVRn   : [2026-09-07 21:39:05.400] [WiVRn] [info] render: displayed pose age 44.6 ms mean (worst 44.9) over 179 frames | submit lead 28.1 ms mean (worst 14.8) | misses: 0 overrun 0 late 1 skipped refresh
09-07 21:39:05.416  9903  9875 I WiVRn   : [2026-09-07 21:39:05.416] [WiVRn] [info] Tracking pattern (11112µs):
09-07 21:39:05.416  9903  9875 I WiVRn   : [2026-09-07 21:39:05.416] [WiVRn] [info] 	t+11112µs HEAD (0µs)
09-07 21:39:05.681  9903  9873 I WiVRn   : [2026-09-07 21:39:05.681] [WiVRn] [info] nxwarp[0]: 180 frames in 2.0 s: 568 B/frame, wait-prev 0.0 ms, wall 2.3 ms, nxvc passA 0.2 passB 0.8 gpu 1.0 ms; holes 0, refused 0
09-07 21:39:05.681  9903  9873 I WiVRn   : [2026-09-07 21:39:05.681] [WiVRn] [info] nxwarp[0] gpu duty 92 ms/s (9% of one GPU) for decode alone; the display pass is extra
09-07 21:39:05.681  9903  9873 I WiVRn   : [2026-09-07 21:39:05.681] [WiVRn] [info] nxwarp[0] passB 0.8 ms = warp 0.0 + skip 0.0 + coded 0.1 + dir 0.0 + other 0.8; tiles skip 0 / coded 3 / dir 0 (eye pass 0)
09-07 21:39:05.681  9903  9873 I WiVRn   : [2026-09-07 21:39:05.681] [WiVRn] [info] nxwarp[0]: 106 frames dropped late (queue kept to 1)
09-07 21:39:05.681  9903  9873 I WiVRn   : [2026-09-07 21:39:05.681] [WiVRn] [info] nxwarp[0] stage: gap 8.8 | wait-prev 0.0 | submit 0.3 (qlock 0.0 + codec 0.3) | get_free 0.0 | fence-pre 0.0 | record 0.0 | qsubmit 0.0 | fence-post 2.0 | publish 0.0 ms; withheld 0, stride 1, arrival 11.0 ms
09-07 21:39:05.681  9903  9873 I WiVRn   : [2026-09-07 21:39:05.681] [WiVRn] [info] nxwarp[0] reassembly (network thread): 0.00 ms/frame over 180 frames, buffer 1 kB held for 1 kB of unit (1.0x)
09-07 21:39:05.681  9903  9873 I WiVRn   : [2026-09-07 21:39:05.681] [WiVRn] [info] nxwarp[0] fence-post 2.0 ms = nxvc gpu 1.0 + copy gpu 0.27 + queue 0.7 (over 180 frames with timestamps)
09-07 21:39:05.681  9903  9873 I WiVRn   : [2026-09-07 21:39:05.681] [WiVRn] [info] nxwarp[0] atlas: frames 180, atlas 180, picture 0, avg dispatches 7.0, avg assembled 0.0, avg valid 578.0
09-07 21:39:05.833  9903  9689 I WiVRn   : [2026-09-07 21:39:05.833] [WiVRn] [info] Session state changed at timestamp 0: XR_SESSION_STATE_FOCUSED => XR_SESSION_STATE_VISIBLE
09-07 21:39:05.833  9903  9689 I WiVRn   : [2026-09-07 21:39:05.833] [WiVRn] [info] Session state changed at timestamp 0: XR_SESSION_STATE_VISIBLE => XR_SESSION_STATE_SYNCHRONIZED
09-07 21:39:05.833  9903  9689 I WiVRn   : [2026-09-07 21:39:05.833] [WiVRn] [info] Session state changed at timestamp 0: XR_SESSION_STATE_SYNCHRONIZED => XR_SESSION_STATE_STOPPING
09-07 21:39:05.835  9903  9689 I WiVRn   : [2026-09-07 21:39:05.835] [WiVRn] [info] Session state changed at timestamp 0: XR_SESSION_STATE_STOPPING => XR_SESSION_STATE_IDLE
09-07 21:39:06.452  9903  9875 I WiVRn   : [2026-09-07 21:39:06.452] [WiVRn] [info] Tracking pattern (11110µs):
09-07 21:39:06.452  9903  9875 I WiVRn   : [2026-09-07 21:39:06.452] [WiVRn] [info] 	t+1805µs HEAD (20415µs)
09-07 21:39:06.452  9903  9875 I WiVRn   : [2026-09-07 21:39:06.452] [WiVRn] [info] 	t+9916µs HEAD (23415µs)
09-07 21:39:06.690  9903  9871 I WiVRn   : [2026-09-07 21:39:06.690] [WiVRn] [info] nxwarp[0] net: 181 frames closed in 2.0 s, 0 with a hole, 0 out-of-order datagrams, 0 frames completed late, 0 queued for the worker, 4934 decoded so far, 5041 stragglers dropped; last hole 0/0 chunks, first missing -1, short false, chunk 1166 B
09-07 21:39:06.690  9903  9871 I WiVRn   : [2026-09-07 21:39:06.690] [WiVRn] [info] nxwarp[0] net: 0.113 ms per datagram over 728 datagrams (40.86 ms of every second)
09-07 21:39:06.690  9903  9871 I WiVRn   : [2026-09-07 21:39:06.690] [WiVRn] [info] nxwarp[0] sel: stride 1, arrival 11.0 ms, dropped-late 106, withheld 4, decoded 4934
09-07 21:39:06.690  9903  9871 I WiVRn   : [2026-09-07 21:39:06.690] [WiVRn] [info] nxwarp[0] rx: 27042 datagrams, placed 72654 (+584), late 216 (+0), stale_frame 0, bad_range 0, bad_dir 0, bad_caps 0, bad_ver 0, auth_fail 0, replay 0, frozen 0, dup 1
09-07 21:39:07.421  9903  9875 I WiVRn   : [2026-09-07 21:39:07.421] [WiVRn] [info] Tracking pattern (11110µs):
09-07 21:39:07.421  9903  9875 I WiVRn   : [2026-09-07 21:39:07.421] [WiVRn] [info] 	t+202µs HEAD (22018µs)
09-07 21:39:07.421  9903  9875 I WiVRn   : [2026-09-07 21:39:07.421] [WiVRn] [info] 	t+8313µs HEAD (25018µs)
09-07 21:39:07.692  9903  9873 I WiVRn   : [2026-09-07 21:39:07.692] [WiVRn] [info] nxwarp[0]: 181 frames in 2.0 s: 568 B/frame, wait-prev 0.0 ms, wall 2.2 ms, nxvc passA 0.2 passB 0.8 gpu 1.0 ms; holes 0, refused 0
09-07 21:39:07.692  9903  9873 I WiVRn   : [2026-09-07 21:39:07.692] [WiVRn] [info] nxwarp[0] gpu duty 91 ms/s (9% of one GPU) for decode alone; the display pass is extra
09-07 21:39:07.692  9903  9873 I WiVRn   : [2026-09-07 21:39:07.692] [WiVRn] [info] nxwarp[0] passB 0.8 ms = warp 0.0 + skip 0.0 + coded 0.1 + dir 0.0 + other 0.8; tiles skip 0 / coded 3 / dir 0 (eye pass 0)
09-07 21:39:07.692  9903  9873 I WiVRn   : [2026-09-07 21:39:07.692] [WiVRn] [info] nxwarp[0]: 106 frames dropped late (queue kept to 1)
09-07 21:39:07.693  9903  9873 I WiVRn   : [2026-09-07 21:39:07.693] [WiVRn] [info] nxwarp[0] stage: gap 8.9 | wait-prev 0.0 | submit 0.8 (qlock 0.0 + codec 0.8) | get_free 0.0 | fence-pre 0.0 | record 0.1 | qsubmit 0.1 | fence-post 1.3 | publish 0.0 ms; withheld 0, stride 1, arrival 11.2 ms
09-07 21:39:07.693  9903  9873 I WiVRn   : [2026-09-07 21:39:07.693] [WiVRn] [info] nxwarp[0] reassembly (network thread): 0.01 ms/frame over 181 frames, buffer 1 kB held for 1 kB of unit (1.0x)
09-07 21:39:07.693  9903  9873 I WiVRn   : [2026-09-07 21:39:07.693] [WiVRn] [info] nxwarp[0] fence-post 1.3 ms = nxvc gpu 1.0 + copy gpu 0.25 + queue 0.0 (over 181 frames with timestamps)
09-07 21:39:07.693  9903  9873 I WiVRn   : [2026-09-07 21:39:07.693] [WiVRn] [info] nxwarp[0] atlas: frames 181, atlas 181, picture 0, avg dispatches 7.0, avg assembled 0.0, avg valid 578.0
09-07 21:39:08.094  9903  9689 I WiVRn   : [2026-09-07 21:39:08.094] [WiVRn] [info] Session state changed at timestamp 0: XR_SESSION_STATE_IDLE => XR_SESSION_STATE_READY
09-07 21:39:08.095  9903  9689 I WiVRn   : [2026-09-07 21:39:08.095] [WiVRn] [info] Received event type XR_TYPE_EVENT_DATA_USER_PRESENCE_CHANGED_EXT
09-07 21:39:08.098  9903  9689 I WiVRn   : [2026-09-07 21:39:08.097] [WiVRn] [info] Session state changed at timestamp 0: XR_SESSION_STATE_READY => XR_SESSION_STATE_SYNCHRONIZED
09-07 21:39:08.098  9903  9689 I WiVRn   : [2026-09-07 21:39:08.098] [WiVRn] [info] Session state changed at timestamp 0: XR_SESSION_STATE_SYNCHRONIZED => XR_SESSION_STATE_VISIBLE
09-07 21:39:08.098  9903  9689 I WiVRn   : [2026-09-07 21:39:08.098] [WiVRn] [info] Session state changed at timestamp 0: XR_SESSION_STATE_VISIBLE => XR_SESSION_STATE_FOCUSED
09-07 21:39:08.416  9903  9875 I WiVRn   : [2026-09-07 21:39:08.416] [WiVRn] [info] Tracking pattern (11103µs):
09-07 21:39:08.416  9903  9875 I WiVRn   : [2026-09-07 21:39:08.416] [WiVRn] [info] 	t+11103µs HEAD (0µs)
09-07 21:39:08.700  9903  9871 I WiVRn   : [2026-09-07 21:39:08.700] [WiVRn] [info] nxwarp[0] net: 181 frames closed in 2.0 s, 0 with a hole, 0 out-of-order datagrams, 0 frames completed late, 0 queued for the worker, 5115 decoded so far, 5222 stragglers dropped; last hole 0/0 chunks, first missing -1, short false, chunk 1166 B
09-07 21:39:08.700  9903  9871 I WiVRn   : [2026-09-07 21:39:08.700] [WiVRn] [info] nxwarp[0] net: 0.132 ms per datagram over 729 datagrams (47.88 ms of every second)
09-07 21:39:08.700  9903  9871 I WiVRn   : [2026-09-07 21:39:08.700] [WiVRn] [info] nxwarp[0] sel: stride 1, arrival 11.0 ms, dropped-late 106, withheld 4, decoded 5115
09-07 21:39:08.700  9903  9871 I WiVRn   : [2026-09-07 21:39:08.700] [WiVRn] [info] nxwarp[0] rx: 27771 datagrams, placed 73239 (+585), late 216 (+0), stale_frame 0, bad_range 0, bad_dir 0, bad_caps 0, bad_ver 0, auth_fail 0, replay 0, frozen 0, dup 1
09-07 21:39:09.418  9903  9875 I WiVRn   : [2026-09-07 21:39:09.418] [WiVRn] [info] Tracking pattern (11111µs):
09-07 21:39:09.418  9903  9875 I WiVRn   : [2026-09-07 21:39:09.418] [WiVRn] [info] 	t+11111µs HEAD (0µs)
09-07 21:39:09.703  9903  9873 I WiVRn   : [2026-09-07 21:39:09.703] [WiVRn] [info] nxwarp[0]: 181 frames in 2.0 s: 568 B/frame, wait-prev 0.0 ms, wall 2.4 ms, nxvc passA 0.2 passB 1.2 gpu 1.4 ms; holes 0, refused 0
09-07 21:39:09.703  9903  9873 I WiVRn   : [2026-09-07 21:39:09.703] [WiVRn] [info] nxwarp[0] gpu duty 126 ms/s (13% of one GPU) for decode alone; the display pass is extra
09-07 21:39:09.703  9903  9873 I WiVRn   : [2026-09-07 21:39:09.703] [WiVRn] [info] nxwarp[0] passB 1.2 ms = warp 0.0 + skip 0.0 + coded 0.1 + dir 0.0 + other 1.1; tiles skip 0 / coded 3 / dir 0 (eye pass 0)
09-07 21:39:09.703  9903  9873 I WiVRn   : [2026-09-07 21:39:09.703] [WiVRn] [info] nxwarp[0]: 106 frames dropped late (queue kept to 1)
09-07 21:39:09.703  9903  9873 I WiVRn   : [2026-09-07 21:39:09.703] [WiVRn] [info] nxwarp[0] stage: gap 8.7 | wait-prev 0.0 | submit 0.4 (qlock 0.0 + codec 0.4) | get_free 0.0 | fence-pre 0.0 | record 0.0 | qsubmit 0.0 | fence-post 2.0 | publish 0.0 ms; withheld 0, stride 1, arrival 11.2 ms
09-07 21:39:09.703  9903  9873 I WiVRn   : [2026-09-07 21:39:09.703] [WiVRn] [info] nxwarp[0] reassembly (network thread): 0.00 ms/frame over 181 frames, buffer 1 kB held for 1 kB of unit (1.0x)
09-07 21:39:09.703  9903  9873 I WiVRn   : [2026-09-07 21:39:09.703] [WiVRn] [info] nxwarp[0] fence-post 2.0 ms = nxvc gpu 1.4 + copy gpu 0.32 + queue 0.2 (over 181 frames with timestamps)
09-07 21:39:09.703  9903  9873 I WiVRn   : [2026-09-07 21:39:09.703] [WiVRn] [info] nxwarp[0] atlas: frames 181, atlas 181, picture 0, avg dispatches 7.0, avg assembled 0.0, avg valid 578.0
09-07 21:39:10.099  9903  9689 I WiVRn   : [2026-09-07 21:39:10.099] [WiVRn] [info] render: 180 iterations in 2.0 s (89.9/s), 179 submitted a layer, 178 new-source, 0 skipped by the repeat gate, 1 with nothing to show; display period 11.1 ms
09-07 21:39:10.099  9903  9689 I WiVRn   : [2026-09-07 21:39:10.099] [WiVRn] [info] render: selected source transitions forward 178 backward 0 repeat 1, greatest forward gap 205
09-07 21:39:10.099  9903  9689 I WiVRn   : [2026-09-07 21:39:10.099] [WiVRn] [info] render: this app's own GPU pass 2.0 ms per iteration
09-07 21:39:10.099  9903  9689 I WiVRn   : [2026-09-07 21:39:10.099] [WiVRn] [info] render: defoveate 1088x1088 per eye x2 = 2.37 Mpx/frame at scale 0.50 atlas-prototype 0; 1 re-presented from the cache (reduce_gpu_load on)
09-07 21:39:10.099  9903  9689 I WiVRn   : [2026-09-07 21:39:10.099] [WiVRn] [info] render: shader path sharpness 0.00 fsr false alpha false motion false blend false glow 0.28 vignette 0.00 deband 1.00 lowpoly 0.00 levels 0 full-kernel false
09-07 21:39:10.099  9903  9689 I WiVRn   : [2026-09-07 21:39:10.099] [WiVRn] [info] render: per iteration fence 0.0 (worst 2.0) | queries 0.0 | submit 0.0 | whole render() 0.5 ms
09-07 21:39:10.099  9903  9689 I WiVRn   : [2026-09-07 21:39:10.099] [WiVRn] [info] render: jit on | wake slack 31.7 ms | slept 0.8 ms mean (max 11.7, 179 of 180 iterations) | budget 2.6 = pass 1.6 + margin 1.0 | sleep cap 0.6 ms
09-07 21:39:10.099  9903  9689 I WiVRn   : [2026-09-07 21:39:10.099] [WiVRn] [info] render: displayed pose age 46.4 ms mean (worst 47.1) over 179 frames | submit lead 30.4 ms mean (worst 16.8) | misses: 0 overrun 0 late 1 skipped refresh
09-07 21:39:10.418  9903  9875 I WiVRn   : [2026-09-07 21:39:10.418] [WiVRn] [info] Tracking pattern (11111µs):
09-07 21:39:10.418  9903  9875 I WiVRn   : [2026-09-07 21:39:10.418] [WiVRn] [info] 	t+11111µs HEAD (0µs)
09-07 21:39:10.700  9903  9871 I WiVRn   : [2026-09-07 21:39:10.700] [WiVRn] [info] nxwarp[0] net: 180 frames closed in 2.0 s, 0 with a hole, 0 out-of-order datagrams, 0 frames completed late, 0 queued for the worker, 5295 decoded so far, 5402 stragglers dropped; last hole 0/0 chunks, first missing -1, short false, chunk 1166 B
09-07 21:39:10.700  9903  9871 I WiVRn   : [2026-09-07 21:39:10.700] [WiVRn] [info] nxwarp[0] net: 0.058 ms per datagram over 721 datagrams (20.95 ms of every second)
09-07 21:39:10.700  9903  9871 I WiVRn   : [2026-09-07 21:39:10.700] [WiVRn] [info] nxwarp[0] sel: stride 1, arrival 11.2 ms, dropped-late 106, withheld 4, decoded 5295
09-07 21:39:10.700  9903  9871 I WiVRn   : [2026-09-07 21:39:10.700] [WiVRn] [info] nxwarp[0] rx: 28492 datagrams, placed 73817 (+578), late 216 (+0), stale_frame 0, bad_range 0, bad_dir 0, bad_caps 0, bad_ver 0, auth_fail 0, replay 0, frozen 0, dup 1
09-07 21:39:11.418  9903  9875 I WiVRn   : [2026-09-07 21:39:11.418] [WiVRn] [info] Tracking pattern (11112µs):
09-07 21:39:11.419  9903  9875 I WiVRn   : [2026-09-07 21:39:11.419] [WiVRn] [info] 	t+11112µs HEAD (0µs)
09-07 21:39:11.704  9903  9873 I WiVRn   : [2026-09-07 21:39:11.704] [WiVRn] [info] nxwarp[0]: 180 frames in 2.0 s: 568 B/frame, wait-prev 0.0 ms, wall 3.2 ms, nxvc passA 0.4 passB 1.1 gpu 1.5 ms; holes 0, refused 0
09-07 21:39:11.704  9903  9873 I WiVRn   : [2026-09-07 21:39:11.704] [WiVRn] [info] nxwarp[0] gpu duty 135 ms/s (14% of one GPU) for decode alone; the display pass is extra
09-07 21:39:11.704  9903  9873 I WiVRn   : [2026-09-07 21:39:11.704] [WiVRn] [info] nxwarp[0] passB 1.1 ms = warp 0.0 + skip 0.0 + coded 0.1 + dir 0.0 + other 1.0; tiles skip 0 / coded 3 / dir 0 (eye pass 0)
09-07 21:39:11.704  9903  9873 I WiVRn   : [2026-09-07 21:39:11.704] [WiVRn] [info] nxwarp[0]: 106 frames dropped late (queue kept to 1)
09-07 21:39:11.704  9903  9873 I WiVRn   : [2026-09-07 21:39:11.704] [WiVRn] [info] nxwarp[0] stage: gap 7.9 | wait-prev 0.0 | submit 0.2 (qlock 0.0 + codec 0.2) | get_free 0.0 | fence-pre 0.0 | record 0.0 | qsubmit 0.0 | fence-post 2.9 | publish 0.0 ms; withheld 0, stride 1, arrival 11.1 ms
09-07 21:39:11.704  9903  9873 I WiVRn   : [2026-09-07 21:39:11.704] [WiVRn] [info] nxwarp[0] reassembly (network thread): 0.00 ms/frame over 180 frames, buffer 1 kB held for 1 kB of unit (1.0x)
09-07 21:39:11.704  9903  9873 I WiVRn   : [2026-09-07 21:39:11.704] [WiVRn] [info] nxwarp[0] fence-post 2.9 ms = nxvc gpu 1.5 + copy gpu 0.27 + queue 1.1 (over 180 frames with timestamps)
09-07 21:39:11.704  9903  9873 I WiVRn   : [2026-09-07 21:39:11.704] [WiVRn] [info] nxwarp[0] atlas: frames 180, atlas 180, picture 0, avg dispatches 7.0, avg assembled 0.0, avg valid 578.0
09-07 21:39:12.106  9903  9689 I WiVRn   : [2026-09-07 21:39:12.106] [WiVRn] [info] render: 180 iterations in 2.0 s (89.7/s), 180 submitted a layer, 179 new-source, 0 skipped by the repeat gate, 0 with nothing to show; display period 11.2 ms
09-07 21:39:12.106  9903  9689 I WiVRn   : [2026-09-07 21:39:12.106] [WiVRn] [info] render: selected source transitions forward 179 backward 0 repeat 1, greatest forward gap 2
09-07 21:39:12.106  9903  9689 I WiVRn   : [2026-09-07 21:39:12.106] [WiVRn] [info] render: this app's own GPU pass 2.4 ms per iteration
09-07 21:39:12.106  9903  9689 I WiVRn   : [2026-09-07 21:39:12.106] [WiVRn] [info] render: defoveate 1088x1088 per eye x2 = 2.37 Mpx/frame at scale 0.50 atlas-prototype 0; 1 re-presented from the cache (reduce_gpu_load on)
09-07 21:39:12.106  9903  9689 I WiVRn   : [2026-09-07 21:39:12.106] [WiVRn] [info] render: shader path sharpness 0.00 fsr false alpha false motion false blend false glow 0.28 vignette 0.00 deband 1.00 lowpoly 0.00 levels 0 full-kernel false
09-07 21:39:12.106  9903  9689 I WiVRn   : [2026-09-07 21:39:12.106] [WiVRn] [info] render: per iteration fence 0.0 (worst 2.0) | queries 0.0 | submit 0.0 | whole render() 0.5 ms
09-07 21:39:12.106  9903  9689 I WiVRn   : [2026-09-07 21:39:12.106] [WiVRn] [info] render: jit on | wake slack 30.7 ms | slept 0.8 ms mean (max 11.7, 180 of 180 iterations) | budget 3.3 = pass 2.3 + margin 1.0 | sleep cap 0.6 ms
09-07 21:39:12.106  9903  9689 I WiVRn   : [2026-09-07 21:39:12.106] [WiVRn] [info] render: displayed pose age 46.9 ms mean (worst 47.2) over 180 frames | submit lead 29.4 ms mean (worst 15.9) | misses: 0 overrun 0 late 1 skipped refresh
09-07 21:39:12.419  9903  9875 I WiVRn   : [2026-09-07 21:39:12.419] [WiVRn] [info] Tracking pattern (11111µs):
09-07 21:39:12.419  9903  9875 I WiVRn   : [2026-09-07 21:39:12.419] [WiVRn] [info] 	t+11111µs HEAD (0µs)
09-07 21:39:12.701  9903  9871 I WiVRn   : [2026-09-07 21:39:12.701] [WiVRn] [info] nxwarp[0] net: 180 frames closed in 2.0 s, 0 with a hole, 0 out-of-order datagrams, 0 frames completed late, 0 queued for the worker, 5475 decoded so far, 5582 stragglers dropped; last hole 0/0 chunks, first missing -1, short false, chunk 1166 B
09-07 21:39:12.701  9903  9871 I WiVRn   : [2026-09-07 21:39:12.701] [WiVRn] [info] nxwarp[0] net: 0.064 ms per datagram over 721 datagrams (22.90 ms of every second)
09-07 21:39:12.701  9903  9871 I WiVRn   : [2026-09-07 21:39:12.701] [WiVRn] [info] nxwarp[0] sel: stride 1, arrival 11.1 ms, dropped-late 106, withheld 4, decoded 5475
09-07 21:39:12.701  9903  9871 I WiVRn   : [2026-09-07 21:39:12.701] [WiVRn] [info] nxwarp[0] rx: 29213 datagrams, placed 74395 (+578), late 216 (+0), stale_frame 0, bad_range 0, bad_dir 0, bad_caps 0, bad_ver 0, auth_fail 0, replay 0, frozen 0, dup 1
09-07 21:39:13.419  9903  9875 I WiVRn   : [2026-09-07 21:39:13.419] [WiVRn] [info] Tracking pattern (11112µs):
09-07 21:39:13.419  9903  9875 I WiVRn   : [2026-09-07 21:39:13.419] [WiVRn] [info] 	t+11112µs HEAD (0µs)
09-07 21:39:13.704  9903  9873 I WiVRn   : [2026-09-07 21:39:13.704] [WiVRn] [info] nxwarp[0]: 180 frames in 2.0 s: 568 B/frame, wait-prev 0.0 ms, wall 3.4 ms, nxvc passA 0.2 passB 0.9 gpu 1.1 ms; holes 0, refused 0
09-07 21:39:13.704  9903  9873 I WiVRn   : [2026-09-07 21:39:13.704] [WiVRn] [info] nxwarp[0] gpu duty 97 ms/s (10% of one GPU) for decode alone; the display pass is extra
09-07 21:39:13.704  9903  9873 I WiVRn   : [2026-09-07 21:39:13.704] [WiVRn] [info] nxwarp[0] passB 0.9 ms = warp 0.0 + skip 0.0 + coded 0.1 + dir 0.0 + other 0.8; tiles skip 0 / coded 3 / dir 0 (eye pass 0)
09-07 21:39:13.704  9903  9873 I WiVRn   : [2026-09-07 21:39:13.704] [WiVRn] [info] nxwarp[0]: 106 frames dropped late (queue kept to 1)
09-07 21:39:13.704  9903  9873 I WiVRn   : [2026-09-07 21:39:13.704] [WiVRn] [info] nxwarp[0] stage: gap 7.7 | wait-prev 0.0 | submit 0.3 (qlock 0.0 + codec 0.3) | get_free 0.0 | fence-pre 0.0 | record 0.0 | qsubmit 0.0 | fence-post 3.1 | publish 0.0 ms; withheld 0, stride 1, arrival 11.2 ms
09-07 21:39:13.704  9903  9873 I WiVRn   : [2026-09-07 21:39:13.704] [WiVRn] [info] nxwarp[0] reassembly (network thread): 0.00 ms/frame over 180 frames, buffer 1 kB held for 1 kB of unit (1.0x)
09-07 21:39:13.704  9903  9873 I WiVRn   : [2026-09-07 21:39:13.704] [WiVRn] [info] nxwarp[0] fence-post 3.1 ms = nxvc gpu 1.1 + copy gpu 0.29 + queue 1.7 (over 180 frames with timestamps)
09-07 21:39:13.704  9903  9873 I WiVRn   : [2026-09-07 21:39:13.704] [WiVRn] [info] nxwarp[0] atlas: frames 180, atlas 180, picture 0, avg dispatches 7.0, avg assembled 0.0, avg valid 578.0
09-07 21:39:14.111  9903  9689 I WiVRn   : [2026-09-07 21:39:14.111] [WiVRn] [info] render: 180 iterations in 2.0 s (89.7/s), 180 submitted a layer, 180 new-source, 0 skipped by the repeat gate, 0 with nothing to show; display period 11.1 ms
09-07 21:39:14.111  9903  9689 I WiVRn   : [2026-09-07 21:39:14.111] [WiVRn] [info] render: selected source transitions forward 180 backward 0 repeat 0, greatest forward gap 1
09-07 21:39:14.111  9903  9689 I WiVRn   : [2026-09-07 21:39:14.111] [WiVRn] [info] render: this app's own GPU pass 2.7 ms per iteration
09-07 21:39:14.111  9903  9689 I WiVRn   : [2026-09-07 21:39:14.111] [WiVRn] [info] render: defoveate 1088x1088 per eye x2 = 2.37 Mpx/frame at scale 0.50 atlas-prototype 0; 0 re-presented from the cache (reduce_gpu_load on)
09-07 21:39:14.111  9903  9689 I WiVRn   : [2026-09-07 21:39:14.111] [WiVRn] [info] render: shader path sharpness 0.00 fsr false alpha false motion false blend false glow 0.28 vignette 0.00 deband 1.00 lowpoly 0.00 levels 0 full-kernel false
09-07 21:39:14.111  9903  9689 I WiVRn   : [2026-09-07 21:39:14.111] [WiVRn] [info] render: per iteration fence 0.0 (worst 0.0) | queries 0.0 | submit 0.0 | whole render() 0.5 ms
09-07 21:39:14.111  9903  9689 I WiVRn   : [2026-09-07 21:39:14.111] [WiVRn] [info] render: jit on | wake slack 30.5 ms | slept 0.6 ms mean (max 0.6, 180 of 180 iterations) | budget 1.5 = pass 0.5 + margin 1.0 | sleep cap 0.6 ms
09-07 21:39:14.111  9903  9689 I WiVRn   : [2026-09-07 21:39:14.111] [WiVRn] [info] render: displayed pose age 47.2 ms mean (worst 47.3) over 180 frames | submit lead 29.4 ms mean (worst 28.5) | misses: 0 overrun 0 late 0 skipped refresh
09-07 21:39:14.419  9903  9875 I WiVRn   : [2026-09-07 21:39:14.419] [WiVRn] [info] Tracking pattern (11111µs):
09-07 21:39:14.419  9903  9875 I WiVRn   : [2026-09-07 21:39:14.419] [WiVRn] [info] 	t+11111µs HEAD (0µs)
09-07 21:39:14.701  9903  9871 I WiVRn   : [2026-09-07 21:39:14.701] [WiVRn] [info] nxwarp[0] net: 180 frames closed in 2.0 s, 0 with a hole, 0 out-of-order datagrams, 0 frames completed late, 0 queued for the worker, 5655 decoded so far, 5762 stragglers dropped; last hole 0/0 chunks, first missing -1, short false, chunk 1166 B
09-07 21:39:14.701  9903  9871 I WiVRn   : [2026-09-07 21:39:14.701] [WiVRn] [info] nxwarp[0] net: 0.063 ms per datagram over 721 datagrams (22.86 ms of every second)
09-07 21:39:14.701  9903  9871 I WiVRn   : [2026-09-07 21:39:14.701] [WiVRn] [info] nxwarp[0] sel: stride 1, arrival 11.2 ms, dropped-late 106, withheld 4, decoded 5655
09-07 21:39:14.701  9903  9871 I WiVRn   : [2026-09-07 21:39:14.701] [WiVRn] [info] nxwarp[0] rx: 29934 datagrams, placed 74973 (+578), late 216 (+0), stale_frame 0, bad_range 0, bad_dir 0, bad_caps 0, bad_ver 0, auth_fail 0, replay 0, frozen 0, dup 1
09-07 21:39:15.419  9903  9875 I WiVRn   : [2026-09-07 21:39:15.419] [WiVRn] [info] Tracking pattern (11112µs):
09-07 21:39:15.419  9903  9875 I WiVRn   : [2026-09-07 21:39:15.419] [WiVRn] [info] 	t+11112µs HEAD (0µs)
09-07 21:39:15.704  9903  9873 I WiVRn   : [2026-09-07 21:39:15.704] [WiVRn] [info] nxwarp[0]: 180 frames in 2.0 s: 568 B/frame, wait-prev 0.0 ms, wall 3.5 ms, nxvc passA 0.2 passB 0.9 gpu 1.1 ms; holes 0, refused 0
09-07 21:39:15.704  9903  9873 I WiVRn   : [2026-09-07 21:39:15.704] [WiVRn] [info] nxwarp[0] gpu duty 97 ms/s (10% of one GPU) for decode alone; the display pass is extra
09-07 21:39:15.704  9903  9873 I WiVRn   : [2026-09-07 21:39:15.704] [WiVRn] [info] nxwarp[0] passB 0.9 ms = warp 0.0 + skip 0.0 + coded 0.1 + dir 0.0 + other 0.8; tiles skip 0 / coded 3 / dir 0 (eye pass 0)
09-07 21:39:15.704  9903  9873 I WiVRn   : [2026-09-07 21:39:15.704] [WiVRn] [info] nxwarp[0]: 106 frames dropped late (queue kept to 1)
09-07 21:39:15.704  9903  9873 I WiVRn   : [2026-09-07 21:39:15.704] [WiVRn] [info] nxwarp[0] stage: gap 7.6 | wait-prev 0.0 | submit 0.3 (qlock 0.0 + codec 0.3) | get_free 0.0 | fence-pre 0.0 | record 0.0 | qsubmit 0.0 | fence-post 3.2 | publish 0.0 ms; withheld 0, stride 1, arrival 11.1 ms
09-07 21:39:15.704  9903  9873 I WiVRn   : [2026-09-07 21:39:15.704] [WiVRn] [info] nxwarp[0] reassembly (network thread): 0.00 ms/frame over 180 frames, buffer 1 kB held for 1 kB of unit (1.0x)
09-07 21:39:15.704  9903  9873 I WiVRn   : [2026-09-07 21:39:15.704] [WiVRn] [info] nxwarp[0] fence-post 3.2 ms = nxvc gpu 1.1 + copy gpu 0.27 + queue 1.8 (over 180 frames with timestamps)
09-07 21:39:15.704  9903  9873 I WiVRn   : [2026-09-07 21:39:15.704] [WiVRn] [info] nxwarp[0] atlas: frames 180, atlas 180, picture 0, avg dispatches 7.0, avg assembled 0.0, avg valid 578.0
09-07 21:39:16.112  9903  9689 I WiVRn   : [2026-09-07 21:39:16.112] [WiVRn] [info] render: 179 iterations in 2.0 s (89.5/s), 179 submitted a layer, 178 new-source, 0 skipped by the repeat gate, 0 with nothing to show; display period 11.2 ms
09-07 21:39:16.112  9903  9689 I WiVRn   : [2026-09-07 21:39:16.112] [WiVRn] [info] render: selected source transitions forward 178 backward 0 repeat 1, greatest forward gap 2
09-07 21:39:16.112  9903  9689 I WiVRn   : [2026-09-07 21:39:16.112] [WiVRn] [info] render: this app's own GPU pass 2.7 ms per iteration
09-07 21:39:16.112  9903  9689 I WiVRn   : [2026-09-07 21:39:16.112] [WiVRn] [info] render: defoveate 1088x1088 per eye x2 = 2.37 Mpx/frame at scale 0.50 atlas-prototype 0; 1 re-presented from the cache (reduce_gpu_load on)
09-07 21:39:16.112  9903  9689 I WiVRn   : [2026-09-07 21:39:16.112] [WiVRn] [info] render: shader path sharpness 0.00 fsr false alpha false motion false blend false glow 0.28 vignette 0.00 deband 1.00 lowpoly 0.00 levels 0 full-kernel false
09-07 21:39:16.112  9903  9689 I WiVRn   : [2026-09-07 21:39:16.112] [WiVRn] [info] render: per iteration fence 0.0 (worst 1.9) | queries 0.0 | submit 0.0 | whole render() 0.5 ms
09-07 21:39:16.112  9903  9689 I WiVRn   : [2026-09-07 21:39:16.112] [WiVRn] [info] render: jit on | wake slack 30.2 ms | slept 0.8 ms mean (max 11.7, 179 of 179 iterations) | budget 2.2 = pass 1.2 + margin 1.0 | sleep cap 0.6 ms
09-07 21:39:16.112  9903  9689 I WiVRn   : [2026-09-07 21:39:16.112] [WiVRn] [info] render: displayed pose age 47.0 ms mean (worst 47.3) over 179 frames | submit lead 28.9 ms mean (worst 15.5) | misses: 0 overrun 0 late 1 skipped refresh
09-07 21:39:16.419  9903  9875 I WiVRn   : [2026-09-07 21:39:16.419] [WiVRn] [info] Tracking pattern (11109µs):
09-07 21:39:16.419  9903  9875 I WiVRn   : [2026-09-07 21:39:16.419] [WiVRn] [info] 	t+11109µs HEAD (0µs)
09-07 21:39:16.711  9903  9871 I WiVRn   : [2026-09-07 21:39:16.711] [WiVRn] [info] nxwarp[0] net: 181 frames closed in 2.0 s, 0 with a hole, 0 out-of-order datagrams, 0 frames completed late, 0 queued for the worker, 5836 decoded so far, 5943 stragglers dropped; last hole 0/0 chunks, first missing -1, short false, chunk 1166 B
09-07 21:39:16.711  9903  9871 I WiVRn   : [2026-09-07 21:39:16.711] [WiVRn] [info] nxwarp[0] net: 0.066 ms per datagram over 723 datagrams (23.84 ms of every second)
09-07 21:39:16.711  9903  9871 I WiVRn   : [2026-09-07 21:39:16.711] [WiVRn] [info] nxwarp[0] sel: stride 1, arrival 11.1 ms, dropped-late 106, withheld 4, decoded 5836
09-07 21:39:16.711  9903  9871 I WiVRn   : [2026-09-07 21:39:16.711] [WiVRn] [info] nxwarp[0] rx: 30657 datagrams, placed 75553 (+580), late 216 (+0), stale_frame 0, bad_range 0, bad_dir 0, bad_caps 0, bad_ver 0, auth_fail 0, replay 0, frozen 0, dup 1
09-07 21:39:17.419  9903  9875 I WiVRn   : [2026-09-07 21:39:17.419] [WiVRn] [info] Tracking pattern (11111µs):
09-07 21:39:17.419  9903  9875 I WiVRn   : [2026-09-07 21:39:17.419] [WiVRn] [info] 	t+11111µs HEAD (0µs)
09-07 21:39:17.705  9903  9873 I WiVRn   : [2026-09-07 21:39:17.705] [WiVRn] [info] nxwarp[0]: 180 frames in 2.0 s: 568 B/frame, wait-prev 0.0 ms, wall 3.3 ms, nxvc passA 0.2 passB 0.8 gpu 1.0 ms; holes 0, refused 0
09-07 21:39:17.705  9903  9873 I WiVRn   : [2026-09-07 21:39:17.705] [WiVRn] [info] nxwarp[0] gpu duty 93 ms/s (9% of one GPU) for decode alone; the display pass is extra
09-07 21:39:17.705  9903  9873 I WiVRn   : [2026-09-07 21:39:17.705] [WiVRn] [info] nxwarp[0] passB 0.8 ms = warp 0.0 + skip 0.0 + coded 0.1 + dir 0.0 + other 0.8; tiles skip 0 / coded 3 / dir 0 (eye pass 0)
09-07 21:39:17.705  9903  9873 I WiVRn   : [2026-09-07 21:39:17.705] [WiVRn] [info] nxwarp[0]: 106 frames dropped late (queue kept to 1)
09-07 21:39:17.705  9903  9873 I WiVRn   : [2026-09-07 21:39:17.705] [WiVRn] [info] nxwarp[0] stage: gap 7.8 | wait-prev 0.0 | submit 0.3 (qlock 0.0 + codec 0.3) | get_free 0.0 | fence-pre 0.0 | record 0.0 | qsubmit 0.0 | fence-post 2.9 | publish 0.0 ms; withheld 0, stride 1, arrival 11.1 ms
09-07 21:39:17.705  9903  9873 I WiVRn   : [2026-09-07 21:39:17.705] [WiVRn] [info] nxwarp[0] reassembly (network thread): 0.00 ms/frame over 180 frames, buffer 1 kB held for 1 kB of unit (1.0x)
09-07 21:39:17.705  9903  9873 I WiVRn   : [2026-09-07 21:39:17.705] [WiVRn] [info] nxwarp[0] fence-post 3.0 ms = nxvc gpu 1.0 + copy gpu 0.28 + queue 1.6 (over 180 frames with timestamps)
09-07 21:39:17.705  9903  9873 I WiVRn   : [2026-09-07 21:39:17.705] [WiVRn] [info] nxwarp[0] atlas: frames 180, atlas 180, picture 0, avg dispatches 7.0, avg assembled 0.0, avg valid 578.0
09-07 21:39:18.112  9903  9689 I WiVRn   : [2026-09-07 21:39:18.112] [WiVRn] [info] render: 179 iterations in 2.0 s (89.5/s), 179 submitted a layer, 178 new-source, 0 skipped by the repeat gate, 0 with nothing to show; display period 11.2 ms
09-07 21:39:18.112  9903  9689 I WiVRn   : [2026-09-07 21:39:18.112] [WiVRn] [info] render: selected source transitions forward 178 backward 0 repeat 1, greatest forward gap 2
09-07 21:39:18.112  9903  9689 I WiVRn   : [2026-09-07 21:39:18.112] [WiVRn] [info] render: this app's own GPU pass 2.7 ms per iteration
09-07 21:39:18.112  9903  9689 I WiVRn   : [2026-09-07 21:39:18.112] [WiVRn] [info] render: defoveate 1088x1088 per eye x2 = 2.37 Mpx/frame at scale 0.50 atlas-prototype 0; 1 re-presented from the cache (reduce_gpu_load on)
09-07 21:39:18.112  9903  9689 I WiVRn   : [2026-09-07 21:39:18.112] [WiVRn] [info] render: shader path sharpness 0.00 fsr false alpha false motion false blend false glow 0.28 vignette 0.00 deband 1.00 lowpoly 0.00 levels 0 full-kernel false
09-07 21:39:18.112  9903  9689 I WiVRn   : [2026-09-07 21:39:18.112] [WiVRn] [info] render: per iteration fence 0.0 (worst 2.0) | queries 0.0 | submit 0.0 | whole render() 0.5 ms
09-07 21:39:18.112  9903  9689 I WiVRn   : [2026-09-07 21:39:18.112] [WiVRn] [info] render: jit on | wake slack 30.1 ms | slept 0.8 ms mean (max 11.7, 179 of 179 iterations) | budget 3.1 = pass 2.1 + margin 1.0 | sleep cap 0.6 ms
09-07 21:39:18.112  9903  9689 I WiVRn   : [2026-09-07 21:39:18.112] [WiVRn] [info] render: displayed pose age 47.1 ms mean (worst 47.4) over 179 frames | submit lead 28.8 ms mean (worst 15.6) | misses: 0 overrun 0 late 1 skipped refresh
09-07 21:39:18.334  9903  9689 I WiVRn   : [2026-09-07 21:39:18.334] [WiVRn] [info] Session state changed at timestamp 0: XR_SESSION_STATE_FOCUSED => XR_SESSION_STATE_VISIBLE
09-07 21:39:18.334  9903  9689 I WiVRn   : [2026-09-07 21:39:18.334] [WiVRn] [info] Session state changed at timestamp 0: XR_SESSION_STATE_VISIBLE => XR_SESSION_STATE_SYNCHRONIZED
09-07 21:39:18.335  9903  9689 I WiVRn   : [2026-09-07 21:39:18.335] [WiVRn] [info] Session state changed at timestamp 0: XR_SESSION_STATE_SYNCHRONIZED => XR_SESSION_STATE_STOPPING
09-07 21:39:18.336  9903  9689 I WiVRn   : [2026-09-07 21:39:18.336] [WiVRn] [info] Session state changed at timestamp 0: XR_SESSION_STATE_STOPPING => XR_SESSION_STATE_IDLE
09-07 21:39:18.447  9903  9875 I WiVRn   : [2026-09-07 21:39:18.447] [WiVRn] [info] Tracking pattern (11112µs):
09-07 21:39:18.447  9903  9875 I WiVRn   : [2026-09-07 21:39:18.447] [WiVRn] [info] 	t+6573µs HEAD (4538µs)
09-07 21:39:18.447  9903  9875 I WiVRn   : [2026-09-07 21:39:18.447] [WiVRn] [info] 	t+9573µs HEAD (1538µs)
09-07 21:39:18.713  9903  9871 I WiVRn   : [2026-09-07 21:39:18.713] [WiVRn] [info] nxwarp[0] net: 180 frames closed in 2.0 s, 0 with a hole, 0 out-of-order datagrams, 0 frames completed late, 0 queued for the worker, 6016 decoded so far, 6123 stragglers dropped; last hole 0/0 chunks, first missing -1, short false, chunk 1166 B
09-07 21:39:18.713  9903  9871 I WiVRn   : [2026-09-07 21:39:18.713] [WiVRn] [info] nxwarp[0] net: 0.094 ms per datagram over 730 datagrams (34.41 ms of every second)
09-07 21:39:18.713  9903  9871 I WiVRn   : [2026-09-07 21:39:18.713] [WiVRn] [info] nxwarp[0] sel: stride 1, arrival 10.9 ms, dropped-late 106, withheld 4, decoded 6016
09-07 21:39:18.713  9903  9871 I WiVRn   : [2026-09-07 21:39:18.713] [WiVRn] [info] nxwarp[0] rx: 31387 datagrams, placed 76139 (+586), late 216 (+0), stale_frame 0, bad_range 0, bad_dir 0, bad_caps 0, bad_ver 0, auth_fail 0, replay 0, frozen 0, dup 1
09-07 21:39:19.491  9903  9875 I WiVRn   : [2026-09-07 21:39:19.491] [WiVRn] [info] Tracking pattern (11112µs):
09-07 21:39:19.491  9903  9875 I WiVRn   : [2026-09-07 21:39:19.491] [WiVRn] [info] 	t+1189µs HEAD (21034µs)
09-07 21:39:19.491  9903  9875 I WiVRn   : [2026-09-07 21:39:19.491] [WiVRn] [info] 	t+9302µs HEAD (24034µs)
09-07 21:39:19.714  9903  9873 I WiVRn   : [2026-09-07 21:39:19.714] [WiVRn] [info] nxwarp[0]: 181 frames in 2.0 s: 569 B/frame, wait-prev 0.0 ms, wall 2.4 ms, nxvc passA 0.2 passB 0.9 gpu 1.0 ms; holes 0, refused 0
09-07 21:39:19.714  9903  9873 I WiVRn   : [2026-09-07 21:39:19.714] [WiVRn] [info] nxwarp[0] gpu duty 94 ms/s (9% of one GPU) for decode alone; the display pass is extra
09-07 21:39:19.714  9903  9873 I WiVRn   : [2026-09-07 21:39:19.714] [WiVRn] [info] nxwarp[0] passB 0.9 ms = warp 0.0 + skip 0.0 + coded 0.1 + dir 0.0 + other 0.8; tiles skip 0 / coded 3 / dir 0 (eye pass 0)
09-07 21:39:19.714  9903  9873 I WiVRn   : [2026-09-07 21:39:19.714] [WiVRn] [info] nxwarp[0]: 106 frames dropped late (queue kept to 1)
09-07 21:39:19.714  9903  9873 I WiVRn   : [2026-09-07 21:39:19.714] [WiVRn] [info] nxwarp[0] stage: gap 8.7 | wait-prev 0.0 | submit 0.6 (qlock 0.0 + codec 0.6) | get_free 0.0 | fence-pre 0.0 | record 0.1 | qsubmit 0.1 | fence-post 1.6 | publish 0.0 ms; withheld 0, stride 1, arrival 11.1 ms
09-07 21:39:19.714  9903  9873 I WiVRn   : [2026-09-07 21:39:19.714] [WiVRn] [info] nxwarp[0] reassembly (network thread): 0.01 ms/frame over 181 frames, buffer 1 kB held for 1 kB of unit (1.0x)
09-07 21:39:19.714  9903  9873 I WiVRn   : [2026-09-07 21:39:19.714] [WiVRn] [info] nxwarp[0] fence-post 1.6 ms = nxvc gpu 1.0 + copy gpu 0.27 + queue 0.2 (over 181 frames with timestamps)
09-07 21:39:19.714  9903  9873 I WiVRn   : [2026-09-07 21:39:19.714] [WiVRn] [info] nxwarp[0]: 1 of 181 frames measured a stall not attributable to decoding (worst wall 7.9 ms); clipped out of the reported decode cost and out of the stride
09-07 21:39:19.714  9903  9873 I WiVRn   : [2026-09-07 21:39:19.714] [WiVRn] [info] nxwarp[0] atlas: frames 181, atlas 181, picture 0, avg dispatches 7.0, avg assembled 0.0, avg valid 578.0
09-07 21:39:20.422  9903  9875 I WiVRn   : [2026-09-07 21:39:20.422] [WiVRn] [info] Tracking pattern (11112µs):
09-07 21:39:20.422  9903  9875 I WiVRn   : [2026-09-07 21:39:20.422] [WiVRn] [info] 	t+2333µs HEAD (31002µs)
09-07 21:39:20.422  9903  9875 I WiVRn   : [2026-09-07 21:39:20.422] [WiVRn] [info] 	t+10445µs HEAD (34002µs)
09-07 21:39:20.572  9903  9689 I WiVRn   : [2026-09-07 21:39:20.572] [WiVRn] [info] Session state changed at timestamp 0: XR_SESSION_STATE_IDLE => XR_SESSION_STATE_READY
09-07 21:39:20.574  9903  9689 I WiVRn   : [2026-09-07 21:39:20.574] [WiVRn] [info] Received event type XR_TYPE_EVENT_DATA_USER_PRESENCE_CHANGED_EXT
09-07 21:39:20.576  9903  9689 I WiVRn   : [2026-09-07 21:39:20.576] [WiVRn] [info] Session state changed at timestamp 0: XR_SESSION_STATE_READY => XR_SESSION_STATE_SYNCHRONIZED
09-07 21:39:20.576  9903  9689 I WiVRn   : [2026-09-07 21:39:20.576] [WiVRn] [info] Session state changed at timestamp 0: XR_SESSION_STATE_SYNCHRONIZED => XR_SESSION_STATE_VISIBLE
09-07 21:39:20.576  9903  9689 I WiVRn   : [2026-09-07 21:39:20.576] [WiVRn] [info] Session state changed at timestamp 0: XR_SESSION_STATE_VISIBLE => XR_SESSION_STATE_FOCUSED
09-07 21:39:20.722  9903  9871 I WiVRn   : [2026-09-07 21:39:20.722] [WiVRn] [info] nxwarp[0] net: 181 frames closed in 2.0 s, 0 with a hole, 0 out-of-order datagrams, 0 frames completed late, 0 queued for the worker, 6197 decoded so far, 6304 stragglers dropped; last hole 0/0 chunks, first missing -1, short false, chunk 1166 B
09-07 21:39:20.722  9903  9871 I WiVRn   : [2026-09-07 21:39:20.722] [WiVRn] [info] nxwarp[0] net: 0.181 ms per datagram over 730 datagrams (65.87 ms of every second)
09-07 21:39:20.722  9903  9871 I WiVRn   : [2026-09-07 21:39:20.722] [WiVRn] [info] nxwarp[0] sel: stride 1, arrival 11.1 ms, dropped-late 106, withheld 4, decoded 6197
09-07 21:39:20.722  9903  9871 I WiVRn   : [2026-09-07 21:39:20.722] [WiVRn] [info] nxwarp[0] rx: 32117 datagrams, placed 76725 (+586), late 216 (+0), stale_frame 0, bad_range 0, bad_dir 0, bad_caps 0, bad_ver 0, auth_fail 0, replay 0, frozen 0, dup 1
09-07 21:39:21.419  9903  9875 I WiVRn   : [2026-09-07 21:39:21.419] [WiVRn] [info] Tracking pattern (11111µs):
09-07 21:39:21.419  9903  9875 I WiVRn   : [2026-09-07 21:39:21.419] [WiVRn] [info] 	t+11111µs HEAD (0µs)
09-07 21:39:21.715  9903  9873 I WiVRn   : [2026-09-07 21:39:21.715] [WiVRn] [info] nxwarp[0]: 180 frames in 2.0 s: 568 B/frame, wait-prev 0.0 ms, wall 2.8 ms, nxvc passA 0.2 passB 1.2 gpu 1.4 ms; holes 0, refused 0
09-07 21:39:21.715  9903  9873 I WiVRn   : [2026-09-07 21:39:21.715] [WiVRn] [info] nxwarp[0] gpu duty 126 ms/s (13% of one GPU) for decode alone; the display pass is extra
09-07 21:39:21.715  9903  9873 I WiVRn   : [2026-09-07 21:39:21.715] [WiVRn] [info] nxwarp[0] passB 1.2 ms = warp 0.0 + skip 0.0 + coded 0.1 + dir 0.0 + other 1.1; tiles skip 0 / coded 3 / dir 0 (eye pass 0)
09-07 21:39:21.715  9903  9873 I WiVRn   : [2026-09-07 21:39:21.715] [WiVRn] [info] nxwarp[0]: 106 frames dropped late (queue kept to 1)
09-07 21:39:21.715  9903  9873 I WiVRn   : [2026-09-07 21:39:21.715] [WiVRn] [info] nxwarp[0] stage: gap 8.3 | wait-prev 0.0 | submit 0.5 (qlock 0.0 + codec 0.5) | get_free 0.0 | fence-pre 0.0 | record 0.1 | qsubmit 0.0 | fence-post 2.2 | publish 0.0 ms; withheld 0, stride 1, arrival 11.0 ms
09-07 21:39:21.715  9903  9873 I WiVRn   : [2026-09-07 21:39:21.715] [WiVRn] [info] nxwarp[0] reassembly (network thread): 0.01 ms/frame over 180 frames, buffer 1 kB held for 1 kB of unit (1.0x)
09-07 21:39:21.715  9903  9873 I WiVRn   : [2026-09-07 21:39:21.715] [WiVRn] [info] nxwarp[0] fence-post 2.3 ms = nxvc gpu 1.4 + copy gpu 0.28 + queue 0.6 (over 180 frames with timestamps)
09-07 21:39:21.715  9903  9873 I WiVRn   : [2026-09-07 21:39:21.715] [WiVRn] [info] nxwarp[0]: 1 of 180 frames measured a stall not attributable to decoding (worst wall 13.5 ms); clipped out of the reported decode cost and out of the stride
09-07 21:39:21.715  9903  9873 I WiVRn   : [2026-09-07 21:39:21.715] [WiVRn] [info] nxwarp[0] atlas: frames 180, atlas 180, picture 0, avg dispatches 7.0, avg assembled 0.0, avg valid 578.0
09-07 21:39:22.419  9903  9875 I WiVRn   : [2026-09-07 21:39:22.419] [WiVRn] [info] Tracking pattern (11111µs):
09-07 21:39:22.419  9903  9875 I WiVRn   : [2026-09-07 21:39:22.419] [WiVRn] [info] 	t+11111µs HEAD (0µs)
09-07 21:39:22.578  9903  9689 I WiVRn   : [2026-09-07 21:39:22.578] [WiVRn] [info] render: 181 iterations in 2.0 s (90.4/s), 180 submitted a layer, 180 new-source, 0 skipped by the repeat gate, 1 with nothing to show; display period 11.1 ms
09-07 21:39:22.578  9903  9689 I WiVRn   : [2026-09-07 21:39:22.578] [WiVRn] [info] render: selected source transitions forward 180 backward 0 repeat 0, greatest forward gap 203
09-07 21:39:22.578  9903  9689 I WiVRn   : [2026-09-07 21:39:22.578] [WiVRn] [info] render: this app's own GPU pass 2.1 ms per iteration
09-07 21:39:22.578  9903  9689 I WiVRn   : [2026-09-07 21:39:22.578] [WiVRn] [info] render: defoveate 1088x1088 per eye x2 = 2.37 Mpx/frame at scale 0.50 atlas-prototype 0; 0 re-presented from the cache (reduce_gpu_load on)
09-07 21:39:22.578  9903  9689 I WiVRn   : [2026-09-07 21:39:22.578] [WiVRn] [info] render: shader path sharpness 0.00 fsr false alpha false motion false blend false glow 0.28 vignette 0.00 deband 1.00 lowpoly 0.00 levels 0 full-kernel false
09-07 21:39:22.578  9903  9689 I WiVRn   : [2026-09-07 21:39:22.578] [WiVRn] [info] render: per iteration fence 0.0 (worst 0.0) | queries 0.0 | submit 0.0 | whole render() 0.5 ms
09-07 21:39:22.578  9903  9689 I WiVRn   : [2026-09-07 21:39:22.578] [WiVRn] [info] render: jit on | wake slack 30.9 ms | slept 0.6 ms mean (max 0.6, 180 of 181 iterations) | budget 1.5 = pass 0.5 + margin 1.0 | sleep cap 0.6 ms
09-07 21:39:22.578  9903  9689 I WiVRn   : [2026-09-07 21:39:22.578] [WiVRn] [info] render: displayed pose age 47.7 ms mean (worst 47.8) over 180 frames | submit lead 29.9 ms mean (worst 29.4) | misses: 0 overrun 0 late 0 skipped refresh
09-07 21:39:22.723  9903  9871 I WiVRn   : [2026-09-07 21:39:22.723] [WiVRn] [info] nxwarp[0] net: 180 frames closed in 2.0 s, 0 with a hole, 0 out-of-order datagrams, 0 frames completed late, 0 queued for the worker, 6377 decoded so far, 6484 stragglers dropped; last hole 0/0 chunks, first missing -1, short false, chunk 1166 B
09-07 21:39:22.723  9903  9871 I WiVRn   : [2026-09-07 21:39:22.723] [WiVRn] [info] nxwarp[0] net: 0.062 ms per datagram over 721 datagrams (22.27 ms of every second)
09-07 21:39:22.723  9903  9871 I WiVRn   : [2026-09-07 21:39:22.723] [WiVRn] [info] nxwarp[0] sel: stride 1, arrival 11.2 ms, dropped-late 106, withheld 4, decoded 6377
09-07 21:39:22.723  9903  9871 I WiVRn   : [2026-09-07 21:39:22.723] [WiVRn] [info] nxwarp[0] rx: 32838 datagrams, placed 77303 (+578), late 216 (+0), stale_frame 0, bad_range 0, bad_dir 0, bad_caps 0, bad_ver 0, auth_fail 0, replay 0, frozen 0, dup 1
09-07 21:39:23.419  9903  9875 I WiVRn   : [2026-09-07 21:39:23.419] [WiVRn] [info] Tracking pattern (11111µs):
09-07 21:39:23.419  9903  9875 I WiVRn   : [2026-09-07 21:39:23.419] [WiVRn] [info] 	t+11111µs HEAD (0µs)
09-07 21:39:23.716  9903  9873 I WiVRn   : [2026-09-07 21:39:23.716] [WiVRn] [info] nxwarp[0]: 180 frames in 2.0 s: 568 B/frame, wait-prev 0.0 ms, wall 3.4 ms, nxvc passA 0.4 passB 0.9 gpu 1.3 ms; holes 0, refused 0
09-07 21:39:23.716  9903  9873 I WiVRn   : [2026-09-07 21:39:23.716] [WiVRn] [info] nxwarp[0] gpu duty 114 ms/s (11% of one GPU) for decode alone; the display pass is extra
09-07 21:39:23.716  9903  9873 I WiVRn   : [2026-09-07 21:39:23.716] [WiVRn] [info] nxwarp[0] passB 0.9 ms = warp 0.0 + skip 0.0 + coded 0.1 + dir 0.0 + other 0.8; tiles skip 0 / coded 3 / dir 0 (eye pass 0)
09-07 21:39:23.716  9903  9873 I WiVRn   : [2026-09-07 21:39:23.716] [WiVRn] [info] nxwarp[0]: 106 frames dropped late (queue kept to 1)
09-07 21:39:23.716  9903  9873 I WiVRn   : [2026-09-07 21:39:23.716] [WiVRn] [info] nxwarp[0] stage: gap 7.7 | wait-prev 0.0 | submit 0.3 (qlock 0.0 + codec 0.2) | get_free 0.0 | fence-pre 0.0 | record 0.0 | qsubmit 0.0 | fence-post 3.1 | publish 0.0 ms; withheld 0, stride 1, arrival 11.0 ms
09-07 21:39:23.716  9903  9873 I WiVRn   : [2026-09-07 21:39:23.716] [WiVRn] [info] nxwarp[0] reassembly (network thread): 0.00 ms/frame over 180 frames, buffer 1 kB held for 1 kB of unit (1.0x)
09-07 21:39:23.716  9903  9873 I WiVRn   : [2026-09-07 21:39:23.716] [WiVRn] [info] nxwarp[0] fence-post 3.1 ms = nxvc gpu 1.3 + copy gpu 0.28 + queue 1.5 (over 180 frames with timestamps)
09-07 21:39:23.716  9903  9873 I WiVRn   : [2026-09-07 21:39:23.716] [WiVRn] [info] nxwarp[0] atlas: frames 180, atlas 180, picture 0, avg dispatches 7.0, avg assembled 0.0, avg valid 578.0
09-07 21:39:24.419  9903  9875 I WiVRn   : [2026-09-07 21:39:24.419] [WiVRn] [info] Tracking pattern (11112µs):
09-07 21:39:24.419  9903  9875 I WiVRn   : [2026-09-07 21:39:24.419] [WiVRn] [info] 	t+11112µs HEAD (0µs)
09-07 21:39:24.589  9903  9689 I WiVRn   : [2026-09-07 21:39:24.589] [WiVRn] [info] render: 180 iterations in 2.0 s (89.5/s), 180 submitted a layer, 179 new-source, 0 skipped by the repeat gate, 0 with nothing to show; display period 11.2 ms
09-07 21:39:24.589  9903  9689 I WiVRn   : [2026-09-07 21:39:24.589] [WiVRn] [info] render: selected source transitions forward 179 backward 0 repeat 1, greatest forward gap 2
09-07 21:39:24.589  9903  9689 I WiVRn   : [2026-09-07 21:39:24.589] [WiVRn] [info] render: this app's own GPU pass 2.6 ms per iteration
09-07 21:39:24.589  9903  9689 I WiVRn   : [2026-09-07 21:39:24.589] [WiVRn] [info] render: defoveate 1088x1088 per eye x2 = 2.37 Mpx/frame at scale 0.50 atlas-prototype 0; 1 re-presented from the cache (reduce_gpu_load on)
09-07 21:39:24.589  9903  9689 I WiVRn   : [2026-09-07 21:39:24.589] [WiVRn] [info] render: shader path sharpness 0.00 fsr false alpha false motion false blend false glow 0.28 vignette 0.00 deband 1.00 lowpoly 0.00 levels 0 full-kernel false
09-07 21:39:24.589  9903  9689 I WiVRn   : [2026-09-07 21:39:24.589] [WiVRn] [info] render: per iteration fence 0.0 (worst 2.0) | queries 0.0 | submit 0.0 | whole render() 0.5 ms
09-07 21:39:24.589  9903  9689 I WiVRn   : [2026-09-07 21:39:24.589] [WiVRn] [info] render: jit on | wake slack 30.7 ms | slept 0.8 ms mean (max 11.7, 180 of 180 iterations) | budget 1.8 = pass 0.8 + margin 1.0 | sleep cap 0.6 ms
09-07 21:39:24.589  9903  9689 I WiVRn   : [2026-09-07 21:39:24.589] [WiVRn] [info] render: displayed pose age 47.5 ms mean (worst 47.8) over 180 frames | submit lead 29.4 ms mean (worst 16.0) | misses: 0 overrun 0 late 1 skipped refresh
09-07 21:39:24.734  9903  9871 I WiVRn   : [2026-09-07 21:39:24.734] [WiVRn] [info] nxwarp[0] net: 181 frames closed in 2.0 s, 0 with a hole, 0 out-of-order datagrams, 0 frames completed late, 0 queued for the worker, 6558 decoded so far, 6665 stragglers dropped; last hole 0/0 chunks, first missing -1, short false, chunk 1166 B
09-07 21:39:24.734  9903  9871 I WiVRn   : [2026-09-07 21:39:24.734] [WiVRn] [info] nxwarp[0] net: 0.064 ms per datagram over 726 datagrams (23.00 ms of every second)
09-07 21:39:24.734  9903  9871 I WiVRn   : [2026-09-07 21:39:24.734] [WiVRn] [info] nxwarp[0] sel: stride 1, arrival 11.2 ms, dropped-late 106, withheld 4, decoded 6558
09-07 21:39:24.734  9903  9871 I WiVRn   : [2026-09-07 21:39:24.734] [WiVRn] [info] nxwarp[0] rx: 33564 datagrams, placed 77885 (+582), late 216 (+0), stale_frame 0, bad_range 0, bad_dir 0, bad_caps 0, bad_ver 0, auth_fail 0, replay 0, frozen 0, dup 1
09-07 21:39:25.419  9903  9875 I WiVRn   : [2026-09-07 21:39:25.419] [WiVRn] [info] Tracking pattern (11110µs):
09-07 21:39:25.419  9903  9875 I WiVRn   : [2026-09-07 21:39:25.419] [WiVRn] [info] 	t+11110µs HEAD (0µs)
09-07 21:39:25.727  9903  9873 I WiVRn   : [2026-09-07 21:39:25.727] [WiVRn] [info] nxwarp[0]: 181 frames in 2.0 s: 568 B/frame, wait-prev 0.0 ms, wall 3.3 ms, nxvc passA 0.2 passB 0.9 gpu 1.1 ms; holes 0, refused 0
09-07 21:39:25.727  9903  9873 I WiVRn   : [2026-09-07 21:39:25.727] [WiVRn] [info] nxwarp[0] gpu duty 98 ms/s (10% of one GPU) for decode alone; the display pass is extra
09-07 21:39:25.727  9903  9873 I WiVRn   : [2026-09-07 21:39:25.727] [WiVRn] [info] nxwarp[0] passB 0.9 ms = warp 0.0 + skip 0.0 + coded 0.1 + dir 0.0 + other 0.8; tiles skip 0 / coded 3 / dir 0 (eye pass 0)
09-07 21:39:25.727  9903  9873 I WiVRn   : [2026-09-07 21:39:25.727] [WiVRn] [info] nxwarp[0]: 106 frames dropped late (queue kept to 1)
09-07 21:39:25.727  9903  9873 I WiVRn   : [2026-09-07 21:39:25.727] [WiVRn] [info] nxwarp[0] stage: gap 7.8 | wait-prev 0.0 | submit 0.3 (qlock 0.0 + codec 0.3) | get_free 0.0 | fence-pre 0.0 | record 0.0 | qsubmit 0.0 | fence-post 3.0 | publish 0.0 ms; withheld 0, stride 1, arrival 11.1 ms
09-07 21:39:25.727  9903  9873 I WiVRn   : [2026-09-07 21:39:25.727] [WiVRn] [info] nxwarp[0] reassembly (network thread): 0.00 ms/frame over 181 frames, buffer 1 kB held for 1 kB of unit (1.0x)
09-07 21:39:25.727  9903  9873 I WiVRn   : [2026-09-07 21:39:25.727] [WiVRn] [info] nxwarp[0] fence-post 3.0 ms = nxvc gpu 1.1 + copy gpu 0.27 + queue 1.6 (over 181 frames with timestamps)
09-07 21:39:25.727  9903  9873 I WiVRn   : [2026-09-07 21:39:25.727] [WiVRn] [info] nxwarp[0] atlas: frames 181, atlas 181, picture 0, avg dispatches 7.0, avg assembled 0.0, avg valid 578.0
09-07 21:39:26.419  9903  9875 I WiVRn   : [2026-09-07 21:39:26.419] [WiVRn] [info] Tracking pattern (11110µs):
09-07 21:39:26.419  9903  9875 I WiVRn   : [2026-09-07 21:39:26.419] [WiVRn] [info] 	t+11110µs HEAD (0µs)
09-07 21:39:26.590  9903  9689 I WiVRn   : [2026-09-07 21:39:26.590] [WiVRn] [info] render: 179 iterations in 2.0 s (89.5/s), 179 submitted a layer, 178 new-source, 0 skipped by the repeat gate, 0 with nothing to show; display period 11.2 ms
09-07 21:39:26.590  9903  9689 I WiVRn   : [2026-09-07 21:39:26.590] [WiVRn] [info] render: selected source transitions forward 178 backward 0 repeat 1, greatest forward gap 2
09-07 21:39:26.590  9903  9689 I WiVRn   : [2026-09-07 21:39:26.590] [WiVRn] [info] render: this app's own GPU pass 2.6 ms per iteration
09-07 21:39:26.590  9903  9689 I WiVRn   : [2026-09-07 21:39:26.590] [WiVRn] [info] render: defoveate 1088x1088 per eye x2 = 2.37 Mpx/frame at scale 0.50 atlas-prototype 0; 1 re-presented from the cache (reduce_gpu_load on)
09-07 21:39:26.590  9903  9689 I WiVRn   : [2026-09-07 21:39:26.590] [WiVRn] [info] render: shader path sharpness 0.00 fsr false alpha false motion false blend false glow 0.28 vignette 0.00 deband 1.00 lowpoly 0.00 levels 0 full-kernel false
09-07 21:39:26.590  9903  9689 I WiVRn   : [2026-09-07 21:39:26.590] [WiVRn] [info] render: per iteration fence 0.0 (worst 2.1) | queries 0.0 | submit 0.0 | whole render() 0.5 ms
09-07 21:39:26.590  9903  9689 I WiVRn   : [2026-09-07 21:39:26.590] [WiVRn] [info] render: jit on | wake slack 30.6 ms | slept 0.8 ms mean (max 11.7, 179 of 179 iterations) | budget 2.8 = pass 1.8 + margin 1.0 | sleep cap 0.6 ms
09-07 21:39:26.590  9903  9689 I WiVRn   : [2026-09-07 21:39:26.590] [WiVRn] [info] render: displayed pose age 47.5 ms mean (worst 47.9) over 179 frames | submit lead 29.3 ms mean (worst 15.8) | misses: 0 overrun 0 late 1 skipped refresh
09-07 21:39:26.746  9903  9871 I WiVRn   : [2026-09-07 21:39:26.746] [WiVRn] [info] nxwarp[0] net: 181 frames closed in 2.0 s, 0 with a hole, 0 out-of-order datagrams, 0 frames completed late, 0 queued for the worker, 6739 decoded so far, 6846 stragglers dropped; last hole 0/0 chunks, first missing -1, short false, chunk 1166 B
09-07 21:39:26.746  9903  9871 I WiVRn   : [2026-09-07 21:39:26.746] [WiVRn] [info] nxwarp[0] net: 0.062 ms per datagram over 726 datagrams (22.27 ms of every second)
09-07 21:39:26.746  9903  9871 I WiVRn   : [2026-09-07 21:39:26.746] [WiVRn] [info] nxwarp[0] sel: stride 1, arrival 11.0 ms, dropped-late 106, withheld 4, decoded 6739
09-07 21:39:26.746  9903  9871 I WiVRn   : [2026-09-07 21:39:26.746] [WiVRn] [info] nxwarp[0] rx: 34290 datagrams, placed 78467 (+582), late 216 (+0), stale_frame 0, bad_range 0, bad_dir 0, bad_caps 0, bad_ver 0, auth_fail 0, replay 0, frozen 0, dup 1
09-07 21:39:27.419  9903  9875 I WiVRn   : [2026-09-07 21:39:27.419] [WiVRn] [info] Tracking pattern (11111µs):
09-07 21:39:27.419  9903  9875 I WiVRn   : [2026-09-07 21:39:27.419] [WiVRn] [info] 	t+11111µs HEAD (0µs)
09-07 21:39:27.738  9903  9873 I WiVRn   : [2026-09-07 21:39:27.738] [WiVRn] [info] nxwarp[0]: 181 frames in 2.0 s: 568 B/frame, wait-prev 0.0 ms, wall 2.6 ms, nxvc passA 0.2 passB 0.9 gpu 1.1 ms; holes 0, refused 0
09-07 21:39:27.738  9903  9873 I WiVRn   : [2026-09-07 21:39:27.738] [WiVRn] [info] nxwarp[0] gpu duty 95 ms/s (10% of one GPU) for decode alone; the display pass is extra
09-07 21:39:27.738  9903  9873 I WiVRn   : [2026-09-07 21:39:27.738] [WiVRn] [info] nxwarp[0] passB 0.9 ms = warp 0.0 + skip 0.0 + coded 0.1 + dir 0.0 + other 0.8; tiles skip 0 / coded 3 / dir 0 (eye pass 0)
09-07 21:39:27.738  9903  9873 I WiVRn   : [2026-09-07 21:39:27.738] [WiVRn] [info] nxwarp[0]: 106 frames dropped late (queue kept to 1)
09-07 21:39:27.738  9903  9873 I WiVRn   : [2026-09-07 21:39:27.738] [WiVRn] [info] nxwarp[0] stage: gap 8.5 | wait-prev 0.0 | submit 0.3 (qlock 0.0 + codec 0.3) | get_free 0.0 | fence-pre 0.0 | record 0.0 | qsubmit 0.0 | fence-post 2.3 | publish 0.0 ms; withheld 0, stride 1, arrival 11.3 ms
09-07 21:39:27.738  9903  9873 I WiVRn   : [2026-09-07 21:39:27.738] [WiVRn] [info] nxwarp[0] reassembly (network thread): 0.00 ms/frame over 181 frames, buffer 1 kB held for 1 kB of unit (1.0x)
09-07 21:39:27.738  9903  9873 I WiVRn   : [2026-09-07 21:39:27.738] [WiVRn] [info] nxwarp[0] fence-post 2.3 ms = nxvc gpu 1.1 + copy gpu 0.27 + queue 1.0 (over 181 frames with timestamps)
09-07 21:39:27.738  9903  9873 I WiVRn   : [2026-09-07 21:39:27.738] [WiVRn] [info] nxwarp[0] atlas: frames 181, atlas 181, picture 0, avg dispatches 7.0, avg assembled 0.0, avg valid 578.0
09-07 21:39:28.419  9903  9875 I WiVRn   : [2026-09-07 21:39:28.419] [WiVRn] [info] Tracking pattern (11110µs):
09-07 21:39:28.419  9903  9875 I WiVRn   : [2026-09-07 21:39:28.419] [WiVRn] [info] 	t+11110µs HEAD (0µs)
09-07 21:39:28.590  9903  9689 I WiVRn   : [2026-09-07 21:39:28.590] [WiVRn] [info] render: 180 iterations in 2.0 s (90.0/s), 180 submitted a layer, 180 new-source, 0 skipped by the repeat gate, 0 with nothing to show; display period 11.1 ms
09-07 21:39:28.590  9903  9689 I WiVRn   : [2026-09-07 21:39:28.590] [WiVRn] [info] render: selected source transitions forward 180 backward 0 repeat 0, greatest forward gap 1
09-07 21:39:28.590  9903  9689 I WiVRn   : [2026-09-07 21:39:28.590] [WiVRn] [info] render: this app's own GPU pass 2.8 ms per iteration
09-07 21:39:28.590  9903  9689 I WiVRn   : [2026-09-07 21:39:28.590] [WiVRn] [info] render: defoveate 1088x1088 per eye x2 = 2.37 Mpx/frame at scale 0.50 atlas-prototype 0; 0 re-presented from the cache (reduce_gpu_load on)
09-07 21:39:28.590  9903  9689 I WiVRn   : [2026-09-07 21:39:28.590] [WiVRn] [info] render: shader path sharpness 0.00 fsr false alpha false motion false blend false glow 0.28 vignette 0.00 deband 1.00 lowpoly 0.00 levels 0 full-kernel false
09-07 21:39:28.590  9903  9689 I WiVRn   : [2026-09-07 21:39:28.590] [WiVRn] [info] render: per iteration fence 0.0 (worst 0.0) | queries 0.0 | submit 0.0 | whole render() 0.5 ms
09-07 21:39:28.590  9903  9689 I WiVRn   : [2026-09-07 21:39:28.590] [WiVRn] [info] render: jit on | wake slack 30.1 ms | slept 0.6 ms mean (max 0.6, 180 of 180 iterations) | budget 2.2 = pass 1.2 + margin 1.0 | sleep cap 0.6 ms
09-07 21:39:28.590  9903  9689 I WiVRn   : [2026-09-07 21:39:28.590] [WiVRn] [info] render: displayed pose age 47.9 ms mean (worst 48.0) over 180 frames | submit lead 29.1 ms mean (worst 27.9) | misses: 0 overrun 0 late 0 skipped refresh
09-07 21:39:28.755  9903  9871 I WiVRn   : [2026-09-07 21:39:28.755] [WiVRn] [info] nxwarp[0] net: 181 frames closed in 2.0 s, 0 with a hole, 0 out-of-order datagrams, 0 frames completed late, 0 queued for the worker, 6920 decoded so far, 7027 stragglers dropped; last hole 0/0 chunks, first missing -1, short false, chunk 1166 B
09-07 21:39:28.755  9903  9871 I WiVRn   : [2026-09-07 21:39:28.755] [WiVRn] [info] nxwarp[0] net: 0.061 ms per datagram over 723 datagrams (22.02 ms of every second)
09-07 21:39:28.755  9903  9871 I WiVRn   : [2026-09-07 21:39:28.755] [WiVRn] [info] nxwarp[0] sel: stride 1, arrival 11.1 ms, dropped-late 106, withheld 4, decoded 6920
09-07 21:39:28.755  9903  9871 I WiVRn   : [2026-09-07 21:39:28.755] [WiVRn] [info] nxwarp[0] rx: 35013 datagrams, placed 79047 (+580), late 216 (+0), stale_frame 0, bad_range 0, bad_dir 0, bad_caps 0, bad_ver 0, auth_fail 0, replay 0, frozen 0, dup 1
09-07 21:39:29.419  9903  9875 I WiVRn   : [2026-09-07 21:39:29.419] [WiVRn] [info] Tracking pattern (11111µs):
09-07 21:39:29.419  9903  9875 I WiVRn   : [2026-09-07 21:39:29.419] [WiVRn] [info] 	t+11111µs HEAD (0µs)
09-07 21:39:29.748  9903  9873 I WiVRn   : [2026-09-07 21:39:29.748] [WiVRn] [info] nxwarp[0]: 181 frames in 2.0 s: 568 B/frame, wait-prev 0.0 ms, wall 2.3 ms, nxvc passA 0.2 passB 0.9 gpu 1.1 ms; holes 0, refused 0
09-07 21:39:29.748  9903  9873 I WiVRn   : [2026-09-07 21:39:29.748] [WiVRn] [info] nxwarp[0] gpu duty 95 ms/s (10% of one GPU) for decode alone; the display pass is extra
09-07 21:39:29.748  9903  9873 I WiVRn   : [2026-09-07 21:39:29.748] [WiVRn] [info] nxwarp[0] passB 0.9 ms = warp 0.0 + skip 0.0 + coded 0.1 + dir 0.0 + other 0.8; tiles skip 0 / coded 3 / dir 0 (eye pass 0)
09-07 21:39:29.748  9903  9873 I WiVRn   : [2026-09-07 21:39:29.748] [WiVRn] [info] nxwarp[0]: 106 frames dropped late (queue kept to 1)
09-07 21:39:29.748  9903  9873 I WiVRn   : [2026-09-07 21:39:29.748] [WiVRn] [info] nxwarp[0] stage: gap 8.8 | wait-prev 0.0 | submit 0.3 (qlock 0.0 + codec 0.3) | get_free 0.0 | fence-pre 0.0 | record 0.0 | qsubmit 0.0 | fence-post 2.0 | publish 0.0 ms; withheld 0, stride 1, arrival 11.4 ms
09-07 21:39:29.749  9903  9873 I WiVRn   : [2026-09-07 21:39:29.749] [WiVRn] [info] nxwarp[0] reassembly (network thread): 0.00 ms/frame over 181 frames, buffer 1 kB held for 1 kB of unit (1.0x)
09-07 21:39:29.749  9903  9873 I WiVRn   : [2026-09-07 21:39:29.749] [WiVRn] [info] nxwarp[0] fence-post 2.0 ms = nxvc gpu 1.1 + copy gpu 0.28 + queue 0.7 (over 181 frames with timestamps)
09-07 21:39:29.749  9903  9873 I WiVRn   : [2026-09-07 21:39:29.749] [WiVRn] [info] nxwarp[0] atlas: frames 181, atlas 181, picture 0, avg dispatches 7.0, avg assembled 0.0, avg valid 578.0
09-07 21:39:30.419  9903  9875 I WiVRn   : [2026-09-07 21:39:30.419] [WiVRn] [info] Tracking pattern (11112µs):
09-07 21:39:30.419  9903  9875 I WiVRn   : [2026-09-07 21:39:30.419] [WiVRn] [info] 	t+11112µs HEAD (0µs)
09-07 21:39:30.592  9903  9689 I WiVRn   : [2026-09-07 21:39:30.592] [WiVRn] [info] render: 179 iterations in 2.0 s (89.4/s), 179 submitted a layer, 159 new-source, 0 skipped by the repeat gate, 0 with nothing to show; display period 11.2 ms
09-07 21:39:30.592  9903  9689 I WiVRn   : [2026-09-07 21:39:30.592] [WiVRn] [info] render: selected source transitions forward 159 backward 0 repeat 20, greatest forward gap 2
09-07 21:39:30.592  9903  9689 I WiVRn   : [2026-09-07 21:39:30.592] [WiVRn] [info] render: this app's own GPU pass 2.3 ms per iteration
09-07 21:39:30.592  9903  9689 I WiVRn   : [2026-09-07 21:39:30.592] [WiVRn] [info] render: defoveate 1088x1088 per eye x2 = 2.37 Mpx/frame at scale 0.50 atlas-prototype 0; 20 re-presented from the cache (reduce_gpu_load on)
09-07 21:39:30.592  9903  9689 I WiVRn   : [2026-09-07 21:39:30.592] [WiVRn] [info] render: shader path sharpness 0.00 fsr false alpha false motion false blend false glow 0.28 vignette 0.00 deband 1.00 lowpoly 0.00 levels 0 full-kernel false
09-07 21:39:30.592  9903  9689 I WiVRn   : [2026-09-07 21:39:30.592] [WiVRn] [info] render: per iteration fence 0.0 (worst 2.0) | queries 0.0 | submit 0.0 | whole render() 0.5 ms
09-07 21:39:30.592  9903  9689 I WiVRn   : [2026-09-07 21:39:30.592] [WiVRn] [info] render: jit on | wake slack 29.5 ms | slept 0.8 ms mean (max 11.7, 179 of 179 iterations) | budget 1.7 = pass 0.7 + margin 1.0 | sleep cap 0.6 ms
09-07 21:39:30.592  9903  9689 I WiVRn   : [2026-09-07 21:39:30.592] [WiVRn] [info] render: displayed pose age 44.0 ms mean (worst 48.0) over 179 frames | submit lead 28.2 ms mean (worst 15.7) | misses: 0 overrun 0 late 1 skipped refresh
09-07 21:39:30.767  9903  9871 I WiVRn   : [2026-09-07 21:39:30.767] [WiVRn] [info] nxwarp[0] net: 181 frames closed in 2.0 s, 0 with a hole, 0 out-of-order datagrams, 0 frames completed late, 0 queued for the worker, 7101 decoded so far, 7208 stragglers dropped; last hole 0/0 chunks, first missing -1, short false, chunk 1166 B
09-07 21:39:30.767  9903  9871 I WiVRn   : [2026-09-07 21:39:30.767] [WiVRn] [info] nxwarp[0] net: 0.061 ms per datagram over 724 datagrams (21.89 ms of every second)
09-07 21:39:30.767  9903  9871 I WiVRn   : [2026-09-07 21:39:30.767] [WiVRn] [info] nxwarp[0] sel: stride 1, arrival 11.0 ms, dropped-late 106, withheld 4, decoded 7101
09-07 21:39:30.767  9903  9871 I WiVRn   : [2026-09-07 21:39:30.767] [WiVRn] [info] nxwarp[0] rx: 35737 datagrams, placed 79628 (+581), late 216 (+0), stale_frame 0, bad_range 0, bad_dir 0, bad_caps 0, bad_ver 0, auth_fail 0, replay 0, frozen 0, dup 1
09-07 21:39:30.848  9903  9689 I WiVRn   : [2026-09-07 21:39:30.847] [WiVRn] [info] Session state changed at timestamp 0: XR_SESSION_STATE_FOCUSED => XR_SESSION_STATE_VISIBLE
09-07 21:39:30.848  9903  9689 I WiVRn   : [2026-09-07 21:39:30.848] [WiVRn] [info] Session state changed at timestamp 0: XR_SESSION_STATE_VISIBLE => XR_SESSION_STATE_SYNCHRONIZED
09-07 21:39:30.848  9903  9689 I WiVRn   : [2026-09-07 21:39:30.848] [WiVRn] [info] Session state changed at timestamp 0: XR_SESSION_STATE_SYNCHRONIZED => XR_SESSION_STATE_STOPPING
09-07 21:39:30.849  9903  9689 I WiVRn   : [2026-09-07 21:39:30.849] [WiVRn] [info] Session state changed at timestamp 0: XR_SESSION_STATE_STOPPING => XR_SESSION_STATE_IDLE
09-07 21:39:31.426  9903  9875 I WiVRn   : [2026-09-07 21:39:31.425] [WiVRn] [info] Tracking pattern (11107µs):
09-07 21:39:31.426  9903  9875 I WiVRn   : [2026-09-07 21:39:31.426] [WiVRn] [info] 	t+1024µs HEAD (21191µs)
09-07 21:39:31.426  9903  9875 I WiVRn   : [2026-09-07 21:39:31.426] [WiVRn] [info] 	t+4024µs HEAD (18191µs)
09-07 21:39:31.758  9903  9873 I WiVRn   : [2026-09-07 21:39:31.758] [WiVRn] [info] nxwarp[0]: 181 frames in 2.0 s: 568 B/frame, wait-prev 0.0 ms, wall 2.1 ms, nxvc passA 0.2 passB 0.9 gpu 1.0 ms; holes 0, refused 0
09-07 21:39:31.758  9903  9873 I WiVRn   : [2026-09-07 21:39:31.758] [WiVRn] [info] nxwarp[0] gpu duty 94 ms/s (9% of one GPU) for decode alone; the display pass is extra
09-07 21:39:31.758  9903  9873 I WiVRn   : [2026-09-07 21:39:31.758] [WiVRn] [info] nxwarp[0] passB 0.9 ms = warp 0.0 + skip 0.0 + coded 0.1 + dir 0.0 + other 0.8; tiles skip 0 / coded 3 / dir 0 (eye pass 0)
09-07 21:39:31.758  9903  9873 I WiVRn   : [2026-09-07 21:39:31.758] [WiVRn] [info] nxwarp[0]: 106 frames dropped late (queue kept to 1)
09-07 21:39:31.759  9903  9873 I WiVRn   : [2026-09-07 21:39:31.759] [WiVRn] [info] nxwarp[0] stage: gap 9.0 | wait-prev 0.0 | submit 0.6 (qlock 0.0 + codec 0.6) | get_free 0.0 | fence-pre 0.0 | record 0.1 | qsubmit 0.0 | fence-post 1.4 | publish 0.0 ms; withheld 0, stride 1, arrival 11.1 ms
09-07 21:39:31.759  9903  9873 I WiVRn   : [2026-09-07 21:39:31.759] [WiVRn] [info] nxwarp[0] reassembly (network thread): 0.01 ms/frame over 181 frames, buffer 1 kB held for 1 kB of unit (1.0x)
09-07 21:39:31.759  9903  9873 I WiVRn   : [2026-09-07 21:39:31.759] [WiVRn] [info] nxwarp[0] fence-post 1.4 ms = nxvc gpu 1.0 + copy gpu 0.29 + queue 0.0 (over 181 frames with timestamps)
09-07 21:39:31.760  9903  9873 I WiVRn   : [2026-09-07 21:39:31.760] [WiVRn] [info] nxwarp[0] atlas: frames 181, atlas 181, picture 0, avg dispatches 7.0, avg assembled 0.0, avg valid 578.0
09-07 21:39:32.454  9903  9875 I WiVRn   : [2026-09-07 21:39:32.454] [WiVRn] [info] Tracking pattern (11107µs):
09-07 21:39:32.454  9903  9875 I WiVRn   : [2026-09-07 21:39:32.454] [WiVRn] [info] 	t+19µs HEAD (33304µs)
09-07 21:39:32.454  9903  9875 I WiVRn   : [2026-09-07 21:39:32.454] [WiVRn] [info] 	t+8126µs HEAD (36304µs)
09-07 21:39:32.529  9903  9689 I WiVRn   : [2026-09-07 21:39:32.529] [WiVRn] [info] Session state changed at timestamp 0: XR_SESSION_STATE_IDLE => XR_SESSION_STATE_READY
09-07 21:39:32.531  9903  9689 I WiVRn   : [2026-09-07 21:39:32.531] [WiVRn] [info] Received event type XR_TYPE_EVENT_DATA_USER_PRESENCE_CHANGED_EXT
09-07 21:39:32.533  9903  9689 I WiVRn   : [2026-09-07 21:39:32.533] [WiVRn] [info] Session state changed at timestamp 0: XR_SESSION_STATE_READY => XR_SESSION_STATE_SYNCHRONIZED
09-07 21:39:32.533  9903  9689 I WiVRn   : [2026-09-07 21:39:32.533] [WiVRn] [info] Session state changed at timestamp 0: XR_SESSION_STATE_SYNCHRONIZED => XR_SESSION_STATE_VISIBLE
09-07 21:39:32.533  9903  9689 I WiVRn   : [2026-09-07 21:39:32.533] [WiVRn] [info] Session state changed at timestamp 0: XR_SESSION_STATE_VISIBLE => XR_SESSION_STATE_FOCUSED
09-07 21:39:32.767  9903  9871 I WiVRn   : [2026-09-07 21:39:32.767] [WiVRn] [info] nxwarp[0] net: 180 frames closed in 2.0 s, 0 with a hole, 0 out-of-order datagrams, 0 frames completed late, 0 queued for the worker, 7281 decoded so far, 7388 stragglers dropped; last hole 0/0 chunks, first missing -1, short false, chunk 1166 B
09-07 21:39:32.767  9903  9871 I WiVRn   : [2026-09-07 21:39:32.767] [WiVRn] [info] nxwarp[0] net: 0.168 ms per datagram over 721 datagrams (60.69 ms of every second)
09-07 21:39:32.767  9903  9871 I WiVRn   : [2026-09-07 21:39:32.767] [WiVRn] [info] nxwarp[0] sel: stride 1, arrival 11.1 ms, dropped-late 106, withheld 4, decoded 7281
09-07 21:39:32.767  9903  9871 I WiVRn   : [2026-09-07 21:39:32.767] [WiVRn] [info] nxwarp[0] rx: 36458 datagrams, placed 80206 (+578), late 216 (+0), stale_frame 0, bad_range 0, bad_dir 0, bad_caps 0, bad_ver 0, auth_fail 0, replay 0, frozen 0, dup 1
09-07 21:39:33.422  9903  9875 I WiVRn   : [2026-09-07 21:39:33.422] [WiVRn] [info] Tracking pattern (11111µs):
09-07 21:39:33.422  9903  9875 I WiVRn   : [2026-09-07 21:39:33.422] [WiVRn] [info] 	t+11111µs HEAD (0µs)
09-07 21:39:33.768  9903  9873 I WiVRn   : [2026-09-07 21:39:33.768] [WiVRn] [info] nxwarp[0]: 181 frames in 2.0 s: 568 B/frame, wait-prev 0.0 ms, wall 2.2 ms, nxvc passA 0.2 passB 1.0 gpu 1.1 ms; holes 0, refused 0
09-07 21:39:33.768  9903  9873 I WiVRn   : [2026-09-07 21:39:33.768] [WiVRn] [info] nxwarp[0] gpu duty 102 ms/s (10% of one GPU) for decode alone; the display pass is extra
09-07 21:39:33.768  9903  9873 I WiVRn   : [2026-09-07 21:39:33.768] [WiVRn] [info] nxwarp[0] passB 1.0 ms = warp 0.0 + skip 0.0 + coded 0.1 + dir 0.0 + other 0.9; tiles skip 0 / coded 3 / dir 0 (eye pass 0)
09-07 21:39:33.768  9903  9873 I WiVRn   : [2026-09-07 21:39:33.768] [WiVRn] [info] nxwarp[0]: 106 frames dropped late (queue kept to 1)
09-07 21:39:33.768  9903  9873 I WiVRn   : [2026-09-07 21:39:33.768] [WiVRn] [info] nxwarp[0] stage: gap 8.8 | wait-prev 0.0 | submit 0.5 (qlock 0.0 + codec 0.5) | get_free 0.0 | fence-pre 0.0 | record 0.1 | qsubmit 0.0 | fence-post 1.6 | publish 0.0 ms; withheld 0, stride 1, arrival 11.1 ms
09-07 21:39:33.768  9903  9873 I WiVRn   : [2026-09-07 21:39:33.768] [WiVRn] [info] nxwarp[0] reassembly (network thread): 0.02 ms/frame over 181 frames, buffer 1 kB held for 1 kB of unit (1.0x)
09-07 21:39:33.769  9903  9873 I WiVRn   : [2026-09-07 21:39:33.769] [WiVRn] [info] nxwarp[0] fence-post 1.7 ms = nxvc gpu 1.1 + copy gpu 0.27 + queue 0.2 (over 181 frames with timestamps)
09-07 21:39:33.769  9903  9873 I WiVRn   : [2026-09-07 21:39:33.769] [WiVRn] [info] nxwarp[0] atlas: frames 181, atlas 181, picture 0, avg dispatches 7.0, avg assembled 0.0, avg valid 578.0
09-07 21:39:34.422  9903  9875 I WiVRn   : [2026-09-07 21:39:34.422] [WiVRn] [info] Tracking pattern (11111µs):
09-07 21:39:34.422  9903  9875 I WiVRn   : [2026-09-07 21:39:34.422] [WiVRn] [info] 	t+11111µs HEAD (0µs)
09-07 21:39:34.537  9903  9689 I WiVRn   : [2026-09-07 21:39:34.537] [WiVRn] [info] render: 180 iterations in 2.0 s (89.8/s), 179 submitted a layer, 173 new-source, 0 skipped by the repeat gate, 1 with nothing to show; display period 11.1 ms
09-07 21:39:34.537  9903  9689 I WiVRn   : [2026-09-07 21:39:34.537] [WiVRn] [info] render: selected source transitions forward 173 backward 0 repeat 6, greatest forward gap 153
09-07 21:39:34.537  9903  9689 I WiVRn   : [2026-09-07 21:39:34.537] [WiVRn] [info] render: this app's own GPU pass 2.0 ms per iteration
09-07 21:39:34.537  9903  9689 I WiVRn   : [2026-09-07 21:39:34.537] [WiVRn] [info] render: defoveate 1088x1088 per eye x2 = 2.37 Mpx/frame at scale 0.50 atlas-prototype 0; 6 re-presented from the cache (reduce_gpu_load on)
09-07 21:39:34.537  9903  9689 I WiVRn   : [2026-09-07 21:39:34.537] [WiVRn] [info] render: shader path sharpness 0.00 fsr false alpha false motion false blend false glow 0.28 vignette 0.00 deband 1.00 lowpoly 0.00 levels 0 full-kernel false
09-07 21:39:34.537  9903  9689 I WiVRn   : [2026-09-07 21:39:34.537] [WiVRn] [info] render: per iteration fence 0.0 (worst 2.1) | queries 0.0 | submit 0.0 | whole render() 0.5 ms
09-07 21:39:34.537  9903  9689 I WiVRn   : [2026-09-07 21:39:34.537] [WiVRn] [info] render: jit on | wake slack 31.3 ms | slept 0.8 ms mean (max 11.7, 179 of 180 iterations) | budget 2.4 = pass 1.4 + margin 1.0 | sleep cap 0.6 ms
09-07 21:39:34.537  9903  9689 I WiVRn   : [2026-09-07 21:39:34.537] [WiVRn] [info] render: displayed pose age 43.0 ms mean (worst 50.9) over 179 frames | submit lead 30.0 ms mean (worst 16.4) | misses: 0 overrun 0 late 1 skipped refresh
09-07 21:39:34.778  9903  9871 I WiVRn   : [2026-09-07 21:39:34.778] [WiVRn] [info] nxwarp[0] net: 181 frames closed in 2.0 s, 0 with a hole, 0 out-of-order datagrams, 0 frames completed late, 0 queued for the worker, 7462 decoded so far, 7569 stragglers dropped; last hole 0/0 chunks, first missing -1, short false, chunk 1166 B
09-07 21:39:34.778  9903  9871 I WiVRn   : [2026-09-07 21:39:34.778] [WiVRn] [info] nxwarp[0] net: 0.063 ms per datagram over 724 datagrams (22.58 ms of every second)
09-07 21:39:34.778  9903  9871 I WiVRn   : [2026-09-07 21:39:34.778] [WiVRn] [info] nxwarp[0] sel: stride 1, arrival 10.9 ms, dropped-late 106, withheld 4, decoded 7462
09-07 21:39:34.778  9903  9871 I WiVRn   : [2026-09-07 21:39:34.778] [WiVRn] [info] nxwarp[0] rx: 37182 datagrams, placed 80786 (+580), late 216 (+0), stale_frame 0, bad_range 0, bad_dir 0, bad_caps 0, bad_ver 0, auth_fail 0, replay 0, frozen 0, dup 1
09-07 21:39:35.422  9903  9875 I WiVRn   : [2026-09-07 21:39:35.422] [WiVRn] [info] Tracking pattern (11111µs):
09-07 21:39:35.422  9903  9875 I WiVRn   : [2026-09-07 21:39:35.422] [WiVRn] [info] 	t+11111µs HEAD (0µs)
09-07 21:39:35.769  9903  9873 I WiVRn   : [2026-09-07 21:39:35.769] [WiVRn] [info] nxwarp[0]: 180 frames in 2.0 s: 568 B/frame, wait-prev 0.0 ms, wall 2.0 ms, nxvc passA 0.2 passB 1.1 gpu 1.3 ms; holes 0, refused 0
09-07 21:39:35.769  9903  9873 I WiVRn   : [2026-09-07 21:39:35.769] [WiVRn] [info] nxwarp[0] gpu duty 116 ms/s (12% of one GPU) for decode alone; the display pass is extra
09-07 21:39:35.769  9903  9873 I WiVRn   : [2026-09-07 21:39:35.769] [WiVRn] [info] nxwarp[0] passB 1.1 ms = warp 0.0 + skip 0.0 + coded 0.1 + dir 0.0 + other 1.0; tiles skip 0 / coded 3 / dir 0 (eye pass 0)
09-07 21:39:35.769  9903  9873 I WiVRn   : [2026-09-07 21:39:35.769] [WiVRn] [info] nxwarp[0]: 106 frames dropped late (queue kept to 1)
09-07 21:39:35.769  9903  9873 I WiVRn   : [2026-09-07 21:39:35.769] [WiVRn] [info] nxwarp[0] stage: gap 9.1 | wait-prev 0.0 | submit 0.3 (qlock 0.0 + codec 0.3) | get_free 0.0 | fence-pre 0.0 | record 0.0 | qsubmit 0.0 | fence-post 1.7 | publish 0.0 ms; withheld 0, stride 1, arrival 11.1 ms
09-07 21:39:35.769  9903  9873 I WiVRn   : [2026-09-07 21:39:35.769] [WiVRn] [info] nxwarp[0] reassembly (network thread): 0.00 ms/frame over 180 frames, buffer 1 kB held for 1 kB of unit (1.0x)
09-07 21:39:35.769  9903  9873 I WiVRn   : [2026-09-07 21:39:35.769] [WiVRn] [info] nxwarp[0] fence-post 1.7 ms = nxvc gpu 1.3 + copy gpu 0.28 + queue 0.1 (over 180 frames with timestamps)
09-07 21:39:35.769  9903  9873 I WiVRn   : [2026-09-07 21:39:35.769] [WiVRn] [info] nxwarp[0] atlas: frames 180, atlas 180, picture 0, avg dispatches 7.0, avg assembled 0.0, avg valid 578.0
09-07 21:39:36.422  9903  9875 I WiVRn   : [2026-09-07 21:39:36.422] [WiVRn] [info] Tracking pattern (11111µs):
09-07 21:39:36.422  9903  9875 I WiVRn   : [2026-09-07 21:39:36.422] [WiVRn] [info] 	t+11111µs HEAD (0µs)
09-07 21:39:36.537  9903  9689 I WiVRn   : [2026-09-07 21:39:36.537] [WiVRn] [info] render: 179 iterations in 2.0 s (89.5/s), 179 submitted a layer, 174 new-source, 0 skipped by the repeat gate, 0 with nothing to show; display period 11.2 ms
09-07 21:39:36.537  9903  9689 I WiVRn   : [2026-09-07 21:39:36.537] [WiVRn] [info] render: selected source transitions forward 174 backward 0 repeat 5, greatest forward gap 2
09-07 21:39:36.537  9903  9689 I WiVRn   : [2026-09-07 21:39:36.537] [WiVRn] [info] render: this app's own GPU pass 2.6 ms per iteration
09-07 21:39:36.537  9903  9689 I WiVRn   : [2026-09-07 21:39:36.537] [WiVRn] [info] render: defoveate 1088x1088 per eye x2 = 2.37 Mpx/frame at scale 0.50 atlas-prototype 0; 5 re-presented from the cache (reduce_gpu_load on)
09-07 21:39:36.537  9903  9689 I WiVRn   : [2026-09-07 21:39:36.537] [WiVRn] [info] render: shader path sharpness 0.00 fsr false alpha false motion false blend false glow 0.28 vignette 0.00 deband 1.00 lowpoly 0.00 levels 0 full-kernel false
09-07 21:39:36.537  9903  9689 I WiVRn   : [2026-09-07 21:39:36.537] [WiVRn] [info] render: per iteration fence 0.0 (worst 2.9) | queries 0.0 | submit 0.0 | whole render() 0.5 ms
09-07 21:39:36.537  9903  9689 I WiVRn   : [2026-09-07 21:39:36.537] [WiVRn] [info] render: jit on | wake slack 30.4 ms | slept 0.8 ms mean (max 11.7, 179 of 179 iterations) | budget 4.1 = pass 3.1 + margin 1.0 | sleep cap 0.6 ms
09-07 21:39:36.537  9903  9689 I WiVRn   : [2026-09-07 21:39:36.537] [WiVRn] [info] render: displayed pose age 40.9 ms mean (worst 51.0) over 179 frames | submit lead 29.1 ms mean (worst 15.7) | misses: 0 overrun 0 late 1 skipped refresh
09-07 21:39:36.779  9903  9871 I WiVRn   : [2026-09-07 21:39:36.779] [WiVRn] [info] nxwarp[0] net: 180 frames closed in 2.0 s, 0 with a hole, 0 out-of-order datagrams, 0 frames completed late, 0 queued for the worker, 7642 decoded so far, 7749 stragglers dropped; last hole 0/0 chunks, first missing -1, short false, chunk 1166 B
09-07 21:39:36.779  9903  9871 I WiVRn   : [2026-09-07 21:39:36.779] [WiVRn] [info] nxwarp[0] net: 0.062 ms per datagram over 721 datagrams (22.17 ms of every second)
09-07 21:39:36.779  9903  9871 I WiVRn   : [2026-09-07 21:39:36.779] [WiVRn] [info] nxwarp[0] sel: stride 1, arrival 11.0 ms, dropped-late 106, withheld 4, decoded 7642
09-07 21:39:36.779  9903  9871 I WiVRn   : [2026-09-07 21:39:36.779] [WiVRn] [info] nxwarp[0] rx: 37903 datagrams, placed 81364 (+578), late 216 (+0), stale_frame 0, bad_range 0, bad_dir 0, bad_caps 0, bad_ver 0, auth_fail 0, replay 0, frozen 0, dup 1
09-07 21:39:37.422  9903  9875 I WiVRn   : [2026-09-07 21:39:37.422] [WiVRn] [info] Tracking pattern (11110µs):
09-07 21:39:37.422  9903  9875 I WiVRn   : [2026-09-07 21:39:37.422] [WiVRn] [info] 	t+11110µs HEAD (0µs)
09-07 21:39:37.769  9903  9873 I WiVRn   : [2026-09-07 21:39:37.769] [WiVRn] [info] nxwarp[0]: 180 frames in 2.0 s: 568 B/frame, wait-prev 0.0 ms, wall 2.4 ms, nxvc passA 0.2 passB 1.4 gpu 1.6 ms; holes 0, refused 0
09-07 21:39:37.769  9903  9873 I WiVRn   : [2026-09-07 21:39:37.769] [WiVRn] [info] nxwarp[0] gpu duty 147 ms/s (15% of one GPU) for decode alone; the display pass is extra
09-07 21:39:37.769  9903  9873 I WiVRn   : [2026-09-07 21:39:37.769] [WiVRn] [info] nxwarp[0] passB 1.4 ms = warp 0.0 + skip 0.0 + coded 0.1 + dir 0.0 + other 1.3; tiles skip 0 / coded 3 / dir 0 (eye pass 0)
09-07 21:39:37.769  9903  9873 I WiVRn   : [2026-09-07 21:39:37.769] [WiVRn] [info] nxwarp[0]: 106 frames dropped late (queue kept to 1)
09-07 21:39:37.769  9903  9873 I WiVRn   : [2026-09-07 21:39:37.769] [WiVRn] [info] nxwarp[0] stage: gap 8.7 | wait-prev 0.0 | submit 0.3 (qlock 0.0 + codec 0.3) | get_free 0.0 | fence-pre 0.0 | record 0.0 | qsubmit 0.0 | fence-post 2.0 | publish 0.0 ms; withheld 0, stride 1, arrival 11.2 ms
09-07 21:39:37.769  9903  9873 I WiVRn   : [2026-09-07 21:39:37.769] [WiVRn] [info] nxwarp[0] reassembly (network thread): 0.00 ms/frame over 180 frames, buffer 1 kB held for 1 kB of unit (1.0x)
09-07 21:39:37.769  9903  9873 I WiVRn   : [2026-09-07 21:39:37.769] [WiVRn] [info] nxwarp[0] fence-post 2.0 ms = nxvc gpu 1.6 + copy gpu 0.29 + queue 0.1 (over 180 frames with timestamps)
09-07 21:39:37.769  9903  9873 I WiVRn   : [2026-09-07 21:39:37.769] [WiVRn] [info] nxwarp[0] atlas: frames 180, atlas 180, picture 0, avg dispatches 7.0, avg assembled 0.0, avg valid 578.0
09-07 21:39:38.422  9903  9875 I WiVRn   : [2026-09-07 21:39:38.422] [WiVRn] [info] Tracking pattern (11111µs):
09-07 21:39:38.422  9903  9875 I WiVRn   : [2026-09-07 21:39:38.422] [WiVRn] [info] 	t+11111µs HEAD (0µs)
09-07 21:39:38.538  9903  9689 I WiVRn   : [2026-09-07 21:39:38.538] [WiVRn] [info] render: 180 iterations in 2.0 s (90.0/s), 180 submitted a layer, 178 new-source, 0 skipped by the repeat gate, 0 with nothing to show; display period 11.1 ms
09-07 21:39:38.538  9903  9689 I WiVRn   : [2026-09-07 21:39:38.538] [WiVRn] [info] render: selected source transitions forward 178 backward 0 repeat 2, greatest forward gap 2
09-07 21:39:38.538  9903  9689 I WiVRn   : [2026-09-07 21:39:38.538] [WiVRn] [info] render: this app's own GPU pass 2.7 ms per iteration
09-07 21:39:38.538  9903  9689 I WiVRn   : [2026-09-07 21:39:38.538] [WiVRn] [info] render: defoveate 1088x1088 per eye x2 = 2.37 Mpx/frame at scale 0.50 atlas-prototype 0; 2 re-presented from the cache (reduce_gpu_load on)
09-07 21:39:38.538  9903  9689 I WiVRn   : [2026-09-07 21:39:38.538] [WiVRn] [info] render: shader path sharpness 0.00 fsr false alpha false motion false blend false glow 0.28 vignette 0.00 deband 1.00 lowpoly 0.00 levels 0 full-kernel false
09-07 21:39:38.538  9903  9689 I WiVRn   : [2026-09-07 21:39:38.538] [WiVRn] [info] render: per iteration fence 0.0 (worst 0.0) | queries 0.0 | submit 0.0 | whole render() 0.4 ms
09-07 21:39:38.538  9903  9689 I WiVRn   : [2026-09-07 21:39:38.538] [WiVRn] [info] render: jit on | wake slack 29.7 ms | slept 0.6 ms mean (max 0.6, 180 of 180 iterations) | budget 2.3 = pass 1.3 + margin 1.0 | sleep cap 0.6 ms
09-07 21:39:38.538  9903  9689 I WiVRn   : [2026-09-07 21:39:38.538] [WiVRn] [info] render: displayed pose age 40.1 ms mean (worst 51.1) over 180 frames | submit lead 28.7 ms mean (worst 28.3) | misses: 0 overrun 0 late 0 skipped refresh
09-07 21:39:38.790  9903  9871 I WiVRn   : [2026-09-07 21:39:38.790] [WiVRn] [info] nxwarp[0] net: 181 frames closed in 2.0 s, 0 with a hole, 0 out-of-order datagrams, 0 frames completed late, 0 queued for the worker, 7823 decoded so far, 7930 stragglers dropped; last hole 0/0 chunks, first missing -1, short false, chunk 1166 B
09-07 21:39:38.790  9903  9871 I WiVRn   : [2026-09-07 21:39:38.790] [WiVRn] [info] nxwarp[0] net: 0.062 ms per datagram over 726 datagrams (22.31 ms of every second)
09-07 21:39:38.790  9903  9871 I WiVRn   : [2026-09-07 21:39:38.790] [WiVRn] [info] nxwarp[0] sel: stride 1, arrival 11.0 ms, dropped-late 106, withheld 4, decoded 7823
09-07 21:39:38.790  9903  9871 I WiVRn   : [2026-09-07 21:39:38.790] [WiVRn] [info] nxwarp[0] rx: 38629 datagrams, placed 81945 (+581), late 216 (+0), stale_frame 0, bad_range 0, bad_dir 0, bad_caps 0, bad_ver 0, auth_fail 0, replay 0, frozen 0, dup 1
09-07 21:39:39.422  9903  9875 I WiVRn   : [2026-09-07 21:39:39.422] [WiVRn] [info] Tracking pattern (11111µs):
09-07 21:39:39.422  9903  9875 I WiVRn   : [2026-09-07 21:39:39.422] [WiVRn] [info] 	t+11111µs HEAD (0µs)
09-07 21:39:39.781  9903  9873 I WiVRn   : [2026-09-07 21:39:39.781] [WiVRn] [info] nxwarp[0]: 181 frames in 2.0 s: 568 B/frame, wait-prev 0.0 ms, wall 2.2 ms, nxvc passA 0.2 passB 1.1 gpu 1.3 ms; holes 0, refused 0
09-07 21:39:39.781  9903  9873 I WiVRn   : [2026-09-07 21:39:39.781] [WiVRn] [info] nxwarp[0] gpu duty 119 ms/s (12% of one GPU) for decode alone; the display pass is extra
09-07 21:39:39.781  9903  9873 I WiVRn   : [2026-09-07 21:39:39.781] [WiVRn] [info] nxwarp[0] passB 1.1 ms = warp 0.0 + skip 0.0 + coded 0.1 + dir 0.0 + other 1.0; tiles skip 0 / coded 3 / dir 0 (eye pass 0)
09-07 21:39:39.781  9903  9873 I WiVRn   : [2026-09-07 21:39:39.781] [WiVRn] [info] nxwarp[0]: 106 frames dropped late (queue kept to 1)
09-07 21:39:39.781  9903  9873 I WiVRn   : [2026-09-07 21:39:39.781] [WiVRn] [info] nxwarp[0] stage: gap 9.0 | wait-prev 0.0 | submit 0.3 (qlock 0.0 + codec 0.3) | get_free 0.0 | fence-pre 0.0 | record 0.0 | qsubmit 0.0 | fence-post 1.8 | publish 0.0 ms; withheld 0, stride 1, arrival 11.3 ms
09-07 21:39:39.781  9903  9873 I WiVRn   : [2026-09-07 21:39:39.781] [WiVRn] [info] nxwarp[0] reassembly (network thread): 0.00 ms/frame over 181 frames, buffer 1 kB held for 1 kB of unit (1.0x)
09-07 21:39:39.781  9903  9873 I WiVRn   : [2026-09-07 21:39:39.781] [WiVRn] [info] nxwarp[0] fence-post 1.9 ms = nxvc gpu 1.3 + copy gpu 0.43 + queue 0.1 (over 181 frames with timestamps)
09-07 21:39:39.781  9903  9873 I WiVRn   : [2026-09-07 21:39:39.781] [WiVRn] [info] nxwarp[0] atlas: frames 181, atlas 181, picture 0, avg dispatches 7.0, avg assembled 0.0, avg valid 578.0
09-07 21:39:40.422  9903  9875 I WiVRn   : [2026-09-07 21:39:40.422] [WiVRn] [info] Tracking pattern (11111µs):
09-07 21:39:40.422  9903  9875 I WiVRn   : [2026-09-07 21:39:40.422] [WiVRn] [info] 	t+11111µs HEAD (0µs)
09-07 21:39:40.538  9903  9689 I WiVRn   : [2026-09-07 21:39:40.538] [WiVRn] [info] render: 179 iterations in 2.0 s (89.5/s), 179 submitted a layer, 176 new-source, 0 skipped by the repeat gate, 0 with nothing to show; display period 11.2 ms
09-07 21:39:40.538  9903  9689 I WiVRn   : [2026-09-07 21:39:40.538] [WiVRn] [info] render: selected source transitions forward 176 backward 0 repeat 3, greatest forward gap 2
09-07 21:39:40.538  9903  9689 I WiVRn   : [2026-09-07 21:39:40.538] [WiVRn] [info] render: this app's own GPU pass 2.7 ms per iteration
09-07 21:39:40.538  9903  9689 I WiVRn   : [2026-09-07 21:39:40.538] [WiVRn] [info] render: defoveate 1088x1088 per eye x2 = 2.37 Mpx/frame at scale 0.50 atlas-prototype 0; 3 re-presented from the cache (reduce_gpu_load on)
09-07 21:39:40.538  9903  9689 I WiVRn   : [2026-09-07 21:39:40.538] [WiVRn] [info] render: shader path sharpness 0.00 fsr false alpha false motion false blend false glow 0.28 vignette 0.00 deband 1.00 lowpoly 0.00 levels 0 full-kernel false
09-07 21:39:40.538  9903  9689 I WiVRn   : [2026-09-07 21:39:40.538] [WiVRn] [info] render: per iteration fence 0.0 (worst 2.7) | queries 0.0 | submit 0.0 | whole render() 0.5 ms
09-07 21:39:40.538  9903  9689 I WiVRn   : [2026-09-07 21:39:40.538] [WiVRn] [info] render: jit on | wake slack 29.5 ms | slept 0.8 ms mean (max 11.7, 179 of 179 iterations) | budget 2.8 = pass 1.8 + margin 1.0 | sleep cap 0.6 ms
09-07 21:39:40.538  9903  9689 I WiVRn   : [2026-09-07 21:39:40.538] [WiVRn] [info] render: displayed pose age 40.5 ms mean (worst 51.1) over 179 frames | submit lead 28.2 ms mean (worst 14.7) | misses: 0 overrun 0 late 1 skipped refresh
09-07 21:39:40.800  9903  9871 I WiVRn   : [2026-09-07 21:39:40.800] [WiVRn] [info] nxwarp[0] net: 181 frames closed in 2.0 s, 0 with a hole, 0 out-of-order datagrams, 0 frames completed late, 0 queued for the worker, 8004 decoded so far, 8111 stragglers dropped; last hole 0/0 chunks, first missing -1, short false, chunk 1166 B
09-07 21:39:40.800  9903  9871 I WiVRn   : [2026-09-07 21:39:40.800] [WiVRn] [info] nxwarp[0] net: 0.060 ms per datagram over 727 datagrams (21.67 ms of every second)
09-07 21:39:40.800  9903  9871 I WiVRn   : [2026-09-07 21:39:40.800] [WiVRn] [info] nxwarp[0] sel: stride 1, arrival 11.1 ms, dropped-late 106, withheld 4, decoded 8004
09-07 21:39:40.800  9903  9871 I WiVRn   : [2026-09-07 21:39:40.800] [WiVRn] [info] nxwarp[0] rx: 39356 datagrams, placed 82528 (+583), late 216 (+0), stale_frame 0, bad_range 0, bad_dir 0, bad_caps 0, bad_ver 0, auth_fail 0, replay 0, frozen 0, dup 1
09-07 21:39:41.422  9903  9875 I WiVRn   : [2026-09-07 21:39:41.422] [WiVRn] [info] Tracking pattern (11110µs):
09-07 21:39:41.422  9903  9875 I WiVRn   : [2026-09-07 21:39:41.422] [WiVRn] [info] 	t+11110µs HEAD (0µs)
09-07 21:39:41.792  9903  9873 I WiVRn   : [2026-09-07 21:39:41.792] [WiVRn] [info] nxwarp[0]: 181 frames in 2.0 s: 568 B/frame, wait-prev 0.0 ms, wall 1.9 ms, nxvc passA 0.2 passB 1.0 gpu 1.2 ms; holes 0, refused 0
09-07 21:39:41.792  9903  9873 I WiVRn   : [2026-09-07 21:39:41.792] [WiVRn] [info] nxwarp[0] gpu duty 105 ms/s (11% of one GPU) for decode alone; the display pass is extra
09-07 21:39:41.792  9903  9873 I WiVRn   : [2026-09-07 21:39:41.792] [WiVRn] [info] nxwarp[0] passB 1.0 ms = warp 0.0 + skip 0.0 + coded 0.1 + dir 0.0 + other 0.9; tiles skip 0 / coded 3 / dir 0 (eye pass 0)
09-07 21:39:41.792  9903  9873 I WiVRn   : [2026-09-07 21:39:41.792] [WiVRn] [info] nxwarp[0]: 106 frames dropped late (queue kept to 1)
09-07 21:39:41.792  9903  9873 I WiVRn   : [2026-09-07 21:39:41.792] [WiVRn] [info] nxwarp[0] stage: gap 9.2 | wait-prev 0.0 | submit 0.3 (qlock 0.0 + codec 0.3) | get_free 0.0 | fence-pre 0.0 | record 0.0 | qsubmit 0.0 | fence-post 1.5 | publish 0.0 ms; withheld 0, stride 1, arrival 11.2 ms
09-07 21:39:41.792  9903  9873 I WiVRn   : [2026-09-07 21:39:41.792] [WiVRn] [info] nxwarp[0] reassembly (network thread): 0.00 ms/frame over 181 frames, buffer 1 kB held for 1 kB of unit (1.0x)
09-07 21:39:41.792  9903  9873 I WiVRn   : [2026-09-07 21:39:41.792] [WiVRn] [info] nxwarp[0] fence-post 1.6 ms = nxvc gpu 1.2 + copy gpu 0.35 + queue 0.0 (over 181 frames with timestamps)
09-07 21:39:41.792  9903  9873 I WiVRn   : [2026-09-07 21:39:41.792] [WiVRn] [info] nxwarp[0] atlas: frames 181, atlas 181, picture 0, avg dispatches 7.0, avg assembled 0.0, avg valid 578.0
09-07 21:39:42.422  9903  9875 I WiVRn   : [2026-09-07 21:39:42.422] [WiVRn] [info] Tracking pattern (11110µs):
09-07 21:39:42.422  9903  9875 I WiVRn   : [2026-09-07 21:39:42.422] [WiVRn] [info] 	t+11110µs HEAD (0µs)
09-07 21:39:42.539  9903  9689 I WiVRn   : [2026-09-07 21:39:42.539] [WiVRn] [info] render: 179 iterations in 2.0 s (89.5/s), 179 submitted a layer, 178 new-source, 0 skipped by the repeat gate, 0 with nothing to show; display period 11.2 ms
09-07 21:39:42.539  9903  9689 I WiVRn   : [2026-09-07 21:39:42.539] [WiVRn] [info] render: selected source transitions forward 178 backward 0 repeat 1, greatest forward gap 2
09-07 21:39:42.539  9903  9689 I WiVRn   : [2026-09-07 21:39:42.539] [WiVRn] [info] render: this app's own GPU pass 2.7 ms per iteration
09-07 21:39:42.539  9903  9689 I WiVRn   : [2026-09-07 21:39:42.539] [WiVRn] [info] render: defoveate 1088x1088 per eye x2 = 2.37 Mpx/frame at scale 0.50 atlas-prototype 0; 1 re-presented from the cache (reduce_gpu_load on)
09-07 21:39:42.539  9903  9689 I WiVRn   : [2026-09-07 21:39:42.539] [WiVRn] [info] render: shader path sharpness 0.00 fsr false alpha false motion false blend false glow 0.28 vignette 0.00 deband 1.00 lowpoly 0.00 levels 0 full-kernel false
09-07 21:39:42.539  9903  9689 I WiVRn   : [2026-09-07 21:39:42.539] [WiVRn] [info] render: per iteration fence 0.0 (worst 2.6) | queries 0.0 | submit 0.0 | whole render() 0.5 ms
09-07 21:39:42.539  9903  9689 I WiVRn   : [2026-09-07 21:39:42.539] [WiVRn] [info] render: jit on | wake slack 29.1 ms | slept 0.8 ms mean (max 11.7, 179 of 179 iterations) | budget 3.8 = pass 2.8 + margin 1.0 | sleep cap 0.6 ms
09-07 21:39:42.539  9903  9689 I WiVRn   : [2026-09-07 21:39:42.539] [WiVRn] [info] render: displayed pose age 40.3 ms mean (worst 51.3) over 179 frames | submit lead 27.9 ms mean (worst 14.5) | misses: 0 overrun 0 late 1 skipped refresh
09-07 21:39:42.811  9903  9871 I WiVRn   : [2026-09-07 21:39:42.811] [WiVRn] [info] nxwarp[0] net: 181 frames closed in 2.0 s, 0 with a hole, 0 out-of-order datagrams, 0 frames completed late, 0 queued for the worker, 8185 decoded so far, 8292 stragglers dropped; last hole 0/0 chunks, first missing -1, short false, chunk 1166 B
09-07 21:39:42.811  9903  9871 I WiVRn   : [2026-09-07 21:39:42.811] [WiVRn] [info] nxwarp[0] net: 0.060 ms per datagram over 726 datagrams (21.70 ms of every second)
09-07 21:39:42.811  9903  9871 I WiVRn   : [2026-09-07 21:39:42.811] [WiVRn] [info] nxwarp[0] sel: stride 1, arrival 11.1 ms, dropped-late 106, withheld 4, decoded 8185
09-07 21:39:42.811  9903  9871 I WiVRn   : [2026-09-07 21:39:42.811] [WiVRn] [info] nxwarp[0] rx: 40082 datagrams, placed 83109 (+581), late 216 (+0), stale_frame 0, bad_range 0, bad_dir 0, bad_caps 0, bad_ver 0, auth_fail 0, replay 0, frozen 0, dup 1
09-07 21:39:42.850  9903  9689 I WiVRn   : [2026-09-07 21:39:42.850] [WiVRn] [info] Session state changed at timestamp 0: XR_SESSION_STATE_FOCUSED => XR_SESSION_STATE_VISIBLE
09-07 21:39:42.850  9903  9689 I WiVRn   : [2026-09-07 21:39:42.850] [WiVRn] [info] Session state changed at timestamp 0: XR_SESSION_STATE_VISIBLE => XR_SESSION_STATE_SYNCHRONIZED
09-07 21:39:42.850  9903  9689 I WiVRn   : [2026-09-07 21:39:42.850] [WiVRn] [info] Session state changed at timestamp 0: XR_SESSION_STATE_SYNCHRONIZED => XR_SESSION_STATE_STOPPING
09-07 21:39:42.852  9903  9689 I WiVRn   : [2026-09-07 21:39:42.852] [WiVRn] [info] Session state changed at timestamp 0: XR_SESSION_STATE_STOPPING => XR_SESSION_STATE_IDLE
