case,regions,run,variant,phase,frame,mode,body_version,wire_bytes,detail_bytes,encode_ms,raw_fnv64,oracle_match
forest-pan,global,0,baseline,control,anchor,independent,2,101724,99049,7.20873,743740e50850356b,1
forest-pan,global,0,baseline,control,no-ack,independent,2,102116,99441,6.43727,8030ea57249b6c82,1
forest-pan,global,0,baseline,control,ack-pair,global,2,84055,81380,7.54308,8030ea57249b6c82,1
forest-pan,global,0,baseline,control,forgot-ref,independent,2,102116,99441,6.30721,8030ea57249b6c82,1
forest-pan,global,0,baseline,control,anchor-id8,independent,2,102116,99441,6.30430,8030ea57249b6c82,1
forest-pan,global,0,baseline,control,post-reset,independent,2,102116,99441,6.35994,8030ea57249b6c82,1
forest-pan,global,0,baseline,measure-01,measure,global,2,84055,81380,7.29912,8030ea57249b6c82,1
forest-pan,global,0,baseline,measure-02,measure,global,2,84055,81380,7.38763,8030ea57249b6c82,1
forest-pan,global,0,baseline,measure-03,measure,global,2,84055,81380,7.25572,8030ea57249b6c82,1
forest-pan,global,0,baseline,measure-04,measure,global,2,84055,81380,7.44130,8030ea57249b6c82,1
forest-pan,global,0,baseline,measure-05,measure,global,2,84055,81380,7.50992,8030ea57249b6c82,1
forest-pan,global,0,baseline,measure-06,measure,global,2,84055,81380,7.19122,8030ea57249b6c82,1
forest-pan,global,0,baseline,measure-07,measure,global,2,84055,81380,7.76797,8030ea57249b6c82,1
forest-pan,global,0,baseline,measure-08,measure,global,2,84055,81380,7.58436,8030ea57249b6c82,1
forest-pan,global,0,baseline,measure-09,measure,global,2,84055,81380,7.30130,8030ea57249b6c82,1
forest-pan,global,0,baseline,measure-10,measure,global,2,84055,81380,7.20653,8030ea57249b6c82,1
forest-pan,global,0,baseline,measure-11,measure,global,2,84055,81380,7.57250,8030ea57249b6c82,1
forest-pan,global,0,baseline,measure-12,measure,global,2,84055,81380,7.29282,8030ea57249b6c82,1
forest-pan,global,0,baseline,measure-13,measure,global,2,84055,81380,7.17976,8030ea57249b6c82,1
forest-pan,global,0,baseline,measure-14,measure,global,2,84055,81380,7.45626,8030ea57249b6c82,1
forest-pan,global,0,baseline,measure-15,measure,global,2,84055,81380,7.31609,8030ea57249b6c82,1
forest-pan,global,0,baseline,measure-16,measure,global,2,84055,81380,7.27604,8030ea57249b6c82,1
forest-pan,global,0,baseline,measure-17,measure,global,2,84055,81380,7.30315,8030ea57249b6c82,1
forest-pan,global,0,baseline,measure-18,measure,global,2,84055,81380,7.33084,8030ea57249b6c82,1
forest-pan,global,0,baseline,measure-19,measure,global,2,84055,81380,7.86232,8030ea57249b6c82,1
forest-pan,global,0,baseline,measure-20,measure,global,2,84055,81380,7.39195,8030ea57249b6c82,1
forest-pan,global,0,baseline,measure-21,measure,global,2,84055,81380,7.43759,8030ea57249b6c82,1
forest-pan,global,0,baseline,measure-22,measure,global,2,84055,81380,7.89343,8030ea57249b6c82,1
forest-pan,global,0,baseline,measure-23,measure,global,2,84055,81380,7.37201,8030ea57249b6c82,1
forest-pan,global,0,baseline,measure-24,measure,global,2,84055,81380,7.27261,8030ea57249b6c82,1
forest-pan,global,1,candidate,control,anchor,row-v3,3,91303,88628,9.58422,743740e50850356b,1
forest-pan,global,1,candidate,control,no-ack,row-v3,3,91221,88546,8.53857,8030ea57249b6c82,1
forest-pan,global,1,candidate,control,ack-pair,global,3,77713,75038,9.28956,8030ea57249b6c82,1
forest-pan,global,1,candidate,control,forgot-ref,row-v3,3,91221,88546,8.08547,8030ea57249b6c82,1
forest-pan,global,1,candidate,control,anchor-id8,row-v3,3,91221,88546,7.90272,8030ea57249b6c82,1
forest-pan,global,1,candidate,control,post-reset,row-v3,3,91221,88546,8.02534,8030ea57249b6c82,1
forest-pan,global,1,candidate,measure-01,measure,global,3,77713,75038,9.05298,8030ea57249b6c82,1
forest-pan,global,1,candidate,measure-02,measure,global,3,77713,75038,9.33204,8030ea57249b6c82,1
forest-pan,global,1,candidate,measure-03,measure,global,3,77713,75038,9.64978,8030ea57249b6c82,1
forest-pan,global,1,candidate,measure-04,measure,global,3,77713,75038,9.28855,8030ea57249b6c82,1
forest-pan,global,1,candidate,measure-05,measure,global,3,77713,75038,9.31193,8030ea57249b6c82,1
forest-pan,global,1,candidate,measure-06,measure,global,3,77713,75038,9.06415,8030ea57249b6c82,1
forest-pan,global,1,candidate,measure-07,measure,global,3,77713,75038,9.09837,8030ea57249b6c82,1
forest-pan,global,1,candidate,measure-08,measure,global,3,77713,75038,9.43783,8030ea57249b6c82,1
forest-pan,global,1,candidate,measure-09,measure,global,3,77713,75038,9.55526,8030ea57249b6c82,1
forest-pan,global,1,candidate,measure-10,measure,global,3,77713,75038,9.17436,8030ea57249b6c82,1
forest-pan,global,1,candidate,measure-11,measure,global,3,77713,75038,9.41369,8030ea57249b6c82,1
forest-pan,global,1,candidate,measure-12,measure,global,3,77713,75038,9.29275,8030ea57249b6c82,1
forest-pan,global,1,candidate,measure-13,measure,global,3,77713,75038,9.63705,8030ea57249b6c82,1
forest-pan,global,1,candidate,measure-14,measure,global,3,77713,75038,9.41356,8030ea57249b6c82,1
forest-pan,global,1,candidate,measure-15,measure,global,3,77713,75038,9.57103,8030ea57249b6c82,1
forest-pan,global,1,candidate,measure-16,measure,global,3,77713,75038,9.82892,8030ea57249b6c82,1
forest-pan,global,1,candidate,measure-17,measure,global,3,77713,75038,9.52176,8030ea57249b6c82,1
forest-pan,global,1,candidate,measure-18,measure,global,3,77713,75038,9.43277,8030ea57249b6c82,1
forest-pan,global,1,candidate,measure-19,measure,global,3,77713,75038,9.16124,8030ea57249b6c82,1
forest-pan,global,1,candidate,measure-20,measure,global,3,77713,75038,9.23437,8030ea57249b6c82,1
forest-pan,global,1,candidate,measure-21,measure,global,3,77713,75038,9.48545,8030ea57249b6c82,1
forest-pan,global,1,candidate,measure-22,measure,global,3,77713,75038,9.02222,8030ea57249b6c82,1
forest-pan,global,1,candidate,measure-23,measure,global,3,77713,75038,9.29457,8030ea57249b6c82,1
forest-pan,global,1,candidate,measure-24,measure,global,3,77713,75038,9.36123,8030ea57249b6c82,1
forest-pan,global,2,candidate,control,anchor,row-v3,3,91303,88628,9.24376,743740e50850356b,1
forest-pan,global,2,candidate,control,no-ack,row-v3,3,91221,88546,8.26175,8030ea57249b6c82,1
forest-pan,global,2,candidate,control,ack-pair,global,3,77713,75038,9.86691,8030ea57249b6c82,1
forest-pan,global,2,candidate,control,forgot-ref,row-v3,3,91221,88546,8.02673,8030ea57249b6c82,1
forest-pan,global,2,candidate,control,anchor-id8,row-v3,3,91221,88546,8.19687,8030ea57249b6c82,1
forest-pan,global,2,candidate,control,post-reset,row-v3,3,91221,88546,7.87522,8030ea57249b6c82,1
forest-pan,global,2,candidate,measure-01,measure,global,3,77713,75038,8.58150,8030ea57249b6c82,1
forest-pan,global,2,candidate,measure-02,measure,global,3,77713,75038,8.60757,8030ea57249b6c82,1
forest-pan,global,2,candidate,measure-03,measure,global,3,77713,75038,8.57898,8030ea57249b6c82,1
forest-pan,global,2,candidate,measure-04,measure,global,3,77713,75038,8.64922,8030ea57249b6c82,1
forest-pan,global,2,candidate,measure-05,measure,global,3,77713,75038,8.61382,8030ea57249b6c82,1
forest-pan,global,2,candidate,measure-06,measure,global,3,77713,75038,8.57046,8030ea57249b6c82,1
forest-pan,global,2,candidate,measure-07,measure,global,3,77713,75038,8.46462,8030ea57249b6c82,1
forest-pan,global,2,candidate,measure-08,measure,global,3,77713,75038,8.61368,8030ea57249b6c82,1
forest-pan,global,2,candidate,measure-09,measure,global,3,77713,75038,8.48319,8030ea57249b6c82,1
forest-pan,global,2,candidate,measure-10,measure,global,3,77713,75038,8.55312,8030ea57249b6c82,1
forest-pan,global,2,candidate,measure-11,measure,global,3,77713,75038,8.36542,8030ea57249b6c82,1
forest-pan,global,2,candidate,measure-12,measure,global,3,77713,75038,8.79585,8030ea57249b6c82,1
forest-pan,global,2,candidate,measure-13,measure,global,3,77713,75038,8.46582,8030ea57249b6c82,1
forest-pan,global,2,candidate,measure-14,measure,global,3,77713,75038,8.64330,8030ea57249b6c82,1
forest-pan,global,2,candidate,measure-15,measure,global,3,77713,75038,8.60363,8030ea57249b6c82,1
forest-pan,global,2,candidate,measure-16,measure,global,3,77713,75038,9.10468,8030ea57249b6c82,1
forest-pan,global,2,candidate,measure-17,measure,global,3,77713,75038,8.61577,8030ea57249b6c82,1
forest-pan,global,2,candidate,measure-18,measure,global,3,77713,75038,10.42694,8030ea57249b6c82,1
forest-pan,global,2,candidate,measure-19,measure,global,3,77713,75038,10.40851,8030ea57249b6c82,1
forest-pan,global,2,candidate,measure-20,measure,global,3,77713,75038,9.63748,8030ea57249b6c82,1
forest-pan,global,2,candidate,measure-21,measure,global,3,77713,75038,10.11218,8030ea57249b6c82,1
forest-pan,global,2,candidate,measure-22,measure,global,3,77713,75038,8.72701,8030ea57249b6c82,1
forest-pan,global,2,candidate,measure-23,measure,global,3,77713,75038,8.77856,8030ea57249b6c82,1
forest-pan,global,2,candidate,measure-24,measure,global,3,77713,75038,8.49806,8030ea57249b6c82,1
forest-pan,global,3,baseline,control,anchor,independent,2,101724,99049,7.17460,743740e50850356b,1
forest-pan,global,3,baseline,control,no-ack,independent,2,102116,99441,6.67567,8030ea57249b6c82,1
forest-pan,global,3,baseline,control,ack-pair,global,2,84055,81380,7.64478,8030ea57249b6c82,1
forest-pan,global,3,baseline,control,forgot-ref,independent,2,102116,99441,6.17479,8030ea57249b6c82,1
forest-pan,global,3,baseline,control,anchor-id8,independent,2,102116,99441,6.32717,8030ea57249b6c82,1
forest-pan,global,3,baseline,control,post-reset,independent,2,102116,99441,7.16580,8030ea57249b6c82,1
forest-pan,global,3,baseline,measure-01,measure,global,2,84055,81380,7.48461,8030ea57249b6c82,1
forest-pan,global,3,baseline,measure-02,measure,global,2,84055,81380,7.38326,8030ea57249b6c82,1
forest-pan,global,3,baseline,measure-03,measure,global,2,84055,81380,7.68788,8030ea57249b6c82,1
forest-pan,global,3,baseline,measure-04,measure,global,2,84055,81380,7.58825,8030ea57249b6c82,1
forest-pan,global,3,baseline,measure-05,measure,global,2,84055,81380,7.42527,8030ea57249b6c82,1
forest-pan,global,3,baseline,measure-06,measure,global,2,84055,81380,7.45887,8030ea57249b6c82,1
forest-pan,global,3,baseline,measure-07,measure,global,2,84055,81380,7.78395,8030ea57249b6c82,1
forest-pan,global,3,baseline,measure-08,measure,global,2,84055,81380,7.69094,8030ea57249b6c82,1
forest-pan,global,3,baseline,measure-09,measure,global,2,84055,81380,7.70821,8030ea57249b6c82,1
forest-pan,global,3,baseline,measure-10,measure,global,2,84055,81380,7.71538,8030ea57249b6c82,1
forest-pan,global,3,baseline,measure-11,measure,global,2,84055,81380,7.56603,8030ea57249b6c82,1
forest-pan,global,3,baseline,measure-12,measure,global,2,84055,81380,7.79967,8030ea57249b6c82,1
forest-pan,global,3,baseline,measure-13,measure,global,2,84055,81380,7.90038,8030ea57249b6c82,1
forest-pan,global,3,baseline,measure-14,measure,global,2,84055,81380,7.67822,8030ea57249b6c82,1
forest-pan,global,3,baseline,measure-15,measure,global,2,84055,81380,7.83492,8030ea57249b6c82,1
forest-pan,global,3,baseline,measure-16,measure,global,2,84055,81380,8.47903,8030ea57249b6c82,1
forest-pan,global,3,baseline,measure-17,measure,global,2,84055,81380,8.43020,8030ea57249b6c82,1
forest-pan,global,3,baseline,measure-18,measure,global,2,84055,81380,7.67128,8030ea57249b6c82,1
forest-pan,global,3,baseline,measure-19,measure,global,2,84055,81380,7.77805,8030ea57249b6c82,1
forest-pan,global,3,baseline,measure-20,measure,global,2,84055,81380,7.65383,8030ea57249b6c82,1
forest-pan,global,3,baseline,measure-21,measure,global,2,84055,81380,7.71338,8030ea57249b6c82,1
forest-pan,global,3,baseline,measure-22,measure,global,2,84055,81380,7.89142,8030ea57249b6c82,1
forest-pan,global,3,baseline,measure-23,measure,global,2,84055,81380,7.70400,8030ea57249b6c82,1
forest-pan,global,3,baseline,measure-24,measure,global,2,84055,81380,8.04291,8030ea57249b6c82,1
forest-pan,regional,0,baseline,control,anchor,independent,2,101724,99049,7.95824,743740e50850356b,1
forest-pan,regional,0,baseline,control,no-ack,independent,2,102116,99441,6.95970,8030ea57249b6c82,1
forest-pan,regional,0,baseline,control,ack-pair,global,2,84055,81380,8.48357,8030ea57249b6c82,1
forest-pan,regional,0,baseline,control,forgot-ref,independent,2,102116,99441,7.14011,8030ea57249b6c82,1
forest-pan,regional,0,baseline,control,anchor-id8,independent,2,102116,99441,7.18891,8030ea57249b6c82,1
forest-pan,regional,0,baseline,control,post-reset,independent,2,102116,99441,6.57429,8030ea57249b6c82,1
forest-pan,regional,0,baseline,measure-01,measure,global,2,84055,81380,8.51867,8030ea57249b6c82,1
forest-pan,regional,0,baseline,measure-02,measure,global,2,84055,81380,9.10812,8030ea57249b6c82,1
forest-pan,regional,0,baseline,measure-03,measure,global,2,84055,81380,8.51358,8030ea57249b6c82,1
forest-pan,regional,0,baseline,measure-04,measure,global,2,84055,81380,8.83944,8030ea57249b6c82,1
forest-pan,regional,0,baseline,measure-05,measure,global,2,84055,81380,8.66711,8030ea57249b6c82,1
forest-pan,regional,0,baseline,measure-06,measure,global,2,84055,81380,8.63028,8030ea57249b6c82,1
forest-pan,regional,0,baseline,measure-07,measure,global,2,84055,81380,9.95126,8030ea57249b6c82,1
forest-pan,regional,0,baseline,measure-08,measure,global,2,84055,81380,8.80593,8030ea57249b6c82,1
forest-pan,regional,0,baseline,measure-09,measure,global,2,84055,81380,9.12831,8030ea57249b6c82,1
forest-pan,regional,0,baseline,measure-10,measure,global,2,84055,81380,11.08044,8030ea57249b6c82,1
forest-pan,regional,0,baseline,measure-11,measure,global,2,84055,81380,9.17383,8030ea57249b6c82,1
forest-pan,regional,0,baseline,measure-12,measure,global,2,84055,81380,8.28353,8030ea57249b6c82,1
forest-pan,regional,0,baseline,measure-13,measure,global,2,84055,81380,8.57740,8030ea57249b6c82,1
forest-pan,regional,0,baseline,measure-14,measure,global,2,84055,81380,8.25023,8030ea57249b6c82,1
forest-pan,regional,0,baseline,measure-15,measure,global,2,84055,81380,8.28263,8030ea57249b6c82,1
forest-pan,regional,0,baseline,measure-16,measure,global,2,84055,81380,8.12270,8030ea57249b6c82,1
forest-pan,regional,0,baseline,measure-17,measure,global,2,84055,81380,8.47608,8030ea57249b6c82,1
forest-pan,regional,0,baseline,measure-18,measure,global,2,84055,81380,8.51804,8030ea57249b6c82,1
forest-pan,regional,0,baseline,measure-19,measure,global,2,84055,81380,8.44181,8030ea57249b6c82,1
forest-pan,regional,0,baseline,measure-20,measure,global,2,84055,81380,8.23014,8030ea57249b6c82,1
forest-pan,regional,0,baseline,measure-21,measure,global,2,84055,81380,8.23268,8030ea57249b6c82,1
forest-pan,regional,0,baseline,measure-22,measure,global,2,84055,81380,8.25197,8030ea57249b6c82,1
forest-pan,regional,0,baseline,measure-23,measure,global,2,84055,81380,8.44386,8030ea57249b6c82,1
forest-pan,regional,0,baseline,measure-24,measure,global,2,84055,81380,8.50914,8030ea57249b6c82,1
forest-pan,regional,1,candidate,control,anchor,row-v3,3,91303,88628,9.55465,743740e50850356b,1
forest-pan,regional,1,candidate,control,no-ack,row-v3,3,91221,88546,10.45537,8030ea57249b6c82,1
forest-pan,regional,1,candidate,control,ack-pair,global,3,77713,75038,12.82491,8030ea57249b6c82,1
forest-pan,regional,1,candidate,control,forgot-ref,row-v3,3,91221,88546,10.18214,8030ea57249b6c82,1
forest-pan,regional,1,candidate,control,anchor-id8,row-v3,3,91221,88546,10.51733,8030ea57249b6c82,1
forest-pan,regional,1,candidate,control,post-reset,row-v3,3,91221,88546,9.54955,8030ea57249b6c82,1
forest-pan,regional,1,candidate,measure-01,measure,global,3,77713,75038,9.34037,8030ea57249b6c82,1
forest-pan,regional,1,candidate,measure-02,measure,global,3,77713,75038,9.29284,8030ea57249b6c82,1
forest-pan,regional,1,candidate,measure-03,measure,global,3,77713,75038,9.45986,8030ea57249b6c82,1
forest-pan,regional,1,candidate,measure-04,measure,global,3,77713,75038,9.38055,8030ea57249b6c82,1
forest-pan,regional,1,candidate,measure-05,measure,global,3,77713,75038,9.60229,8030ea57249b6c82,1
forest-pan,regional,1,candidate,measure-06,measure,global,3,77713,75038,9.75552,8030ea57249b6c82,1
forest-pan,regional,1,candidate,measure-07,measure,global,3,77713,75038,9.57453,8030ea57249b6c82,1
forest-pan,regional,1,candidate,measure-08,measure,global,3,77713,75038,9.65896,8030ea57249b6c82,1
forest-pan,regional,1,candidate,measure-09,measure,global,3,77713,75038,9.33953,8030ea57249b6c82,1
forest-pan,regional,1,candidate,measure-10,measure,global,3,77713,75038,9.64540,8030ea57249b6c82,1
forest-pan,regional,1,candidate,measure-11,measure,global,3,77713,75038,9.19787,8030ea57249b6c82,1
forest-pan,regional,1,candidate,measure-12,measure,global,3,77713,75038,11.06482,8030ea57249b6c82,1
forest-pan,regional,1,candidate,measure-13,measure,global,3,77713,75038,9.94495,8030ea57249b6c82,1
forest-pan,regional,1,candidate,measure-14,measure,global,3,77713,75038,9.82076,8030ea57249b6c82,1
forest-pan,regional,1,candidate,measure-15,measure,global,3,77713,75038,10.28143,8030ea57249b6c82,1
forest-pan,regional,1,candidate,measure-16,measure,global,3,77713,75038,9.63966,8030ea57249b6c82,1
forest-pan,regional,1,candidate,measure-17,measure,global,3,77713,75038,9.97017,8030ea57249b6c82,1
forest-pan,regional,1,candidate,measure-18,measure,global,3,77713,75038,10.04169,8030ea57249b6c82,1
forest-pan,regional,1,candidate,measure-19,measure,global,3,77713,75038,9.68779,8030ea57249b6c82,1
forest-pan,regional,1,candidate,measure-20,measure,global,3,77713,75038,9.65341,8030ea57249b6c82,1
forest-pan,regional,1,candidate,measure-21,measure,global,3,77713,75038,9.63246,8030ea57249b6c82,1
forest-pan,regional,1,candidate,measure-22,measure,global,3,77713,75038,9.70587,8030ea57249b6c82,1
forest-pan,regional,1,candidate,measure-23,measure,global,3,77713,75038,9.45833,8030ea57249b6c82,1
forest-pan,regional,1,candidate,measure-24,measure,global,3,77713,75038,9.42528,8030ea57249b6c82,1
forest-pan,regional,2,candidate,control,anchor,row-v3,3,91303,88628,9.10835,743740e50850356b,1
forest-pan,regional,2,candidate,control,no-ack,row-v3,3,91221,88546,8.52265,8030ea57249b6c82,1
forest-pan,regional,2,candidate,control,ack-pair,global,3,77713,75038,9.47889,8030ea57249b6c82,1
forest-pan,regional,2,candidate,control,forgot-ref,row-v3,3,91221,88546,8.32038,8030ea57249b6c82,1
forest-pan,regional,2,candidate,control,anchor-id8,row-v3,3,91221,88546,9.63774,8030ea57249b6c82,1
forest-pan,regional,2,candidate,control,post-reset,row-v3,3,91221,88546,8.14321,8030ea57249b6c82,1
forest-pan,regional,2,candidate,measure-01,measure,global,3,77713,75038,9.82140,8030ea57249b6c82,1
forest-pan,regional,2,candidate,measure-02,measure,global,3,77713,75038,9.91664,8030ea57249b6c82,1
forest-pan,regional,2,candidate,measure-03,measure,global,3,77713,75038,9.92318,8030ea57249b6c82,1
forest-pan,regional,2,candidate,measure-04,measure,global,3,77713,75038,10.04329,8030ea57249b6c82,1
forest-pan,regional,2,candidate,measure-05,measure,global,3,77713,75038,9.38635,8030ea57249b6c82,1
forest-pan,regional,2,candidate,measure-06,measure,global,3,77713,75038,9.02363,8030ea57249b6c82,1
forest-pan,regional,2,candidate,measure-07,measure,global,3,77713,75038,9.43620,8030ea57249b6c82,1
forest-pan,regional,2,candidate,measure-08,measure,global,3,77713,75038,9.55603,8030ea57249b6c82,1
forest-pan,regional,2,candidate,measure-09,measure,global,3,77713,75038,9.09628,8030ea57249b6c82,1
forest-pan,regional,2,candidate,measure-10,measure,global,3,77713,75038,9.30462,8030ea57249b6c82,1
forest-pan,regional,2,candidate,measure-11,measure,global,3,77713,75038,9.33649,8030ea57249b6c82,1
forest-pan,regional,2,candidate,measure-12,measure,global,3,77713,75038,9.47796,8030ea57249b6c82,1
forest-pan,regional,2,candidate,measure-13,measure,global,3,77713,75038,9.01504,8030ea57249b6c82,1
forest-pan,regional,2,candidate,measure-14,measure,global,3,77713,75038,8.98708,8030ea57249b6c82,1
forest-pan,regional,2,candidate,measure-15,measure,global,3,77713,75038,9.16292,8030ea57249b6c82,1
forest-pan,regional,2,candidate,measure-16,measure,global,3,77713,75038,9.11098,8030ea57249b6c82,1
forest-pan,regional,2,candidate,measure-17,measure,global,3,77713,75038,9.34371,8030ea57249b6c82,1
forest-pan,regional,2,candidate,measure-18,measure,global,3,77713,75038,9.34973,8030ea57249b6c82,1
forest-pan,regional,2,candidate,measure-19,measure,global,3,77713,75038,9.17367,8030ea57249b6c82,1
forest-pan,regional,2,candidate,measure-20,measure,global,3,77713,75038,9.44279,8030ea57249b6c82,1
forest-pan,regional,2,candidate,measure-21,measure,global,3,77713,75038,9.70480,8030ea57249b6c82,1
forest-pan,regional,2,candidate,measure-22,measure,global,3,77713,75038,9.47631,8030ea57249b6c82,1
forest-pan,regional,2,candidate,measure-23,measure,global,3,77713,75038,9.55281,8030ea57249b6c82,1
forest-pan,regional,2,candidate,measure-24,measure,global,3,77713,75038,9.36684,8030ea57249b6c82,1
forest-pan,regional,3,baseline,control,anchor,independent,2,101724,99049,7.57735,743740e50850356b,1
forest-pan,regional,3,baseline,control,no-ack,independent,2,102116,99441,6.99868,8030ea57249b6c82,1
forest-pan,regional,3,baseline,control,ack-pair,global,2,84055,81380,8.64327,8030ea57249b6c82,1
forest-pan,regional,3,baseline,control,forgot-ref,independent,2,102116,99441,6.49592,8030ea57249b6c82,1
forest-pan,regional,3,baseline,control,anchor-id8,independent,2,102116,99441,6.17732,8030ea57249b6c82,1
forest-pan,regional,3,baseline,control,post-reset,independent,2,102116,99441,6.44515,8030ea57249b6c82,1
forest-pan,regional,3,baseline,measure-01,measure,global,2,84055,81380,7.21861,8030ea57249b6c82,1
forest-pan,regional,3,baseline,measure-02,measure,global,2,84055,81380,7.18282,8030ea57249b6c82,1
forest-pan,regional,3,baseline,measure-03,measure,global,2,84055,81380,7.17823,8030ea57249b6c82,1
forest-pan,regional,3,baseline,measure-04,measure,global,2,84055,81380,7.58927,8030ea57249b6c82,1
forest-pan,regional,3,baseline,measure-05,measure,global,2,84055,81380,7.11612,8030ea57249b6c82,1
forest-pan,regional,3,baseline,measure-06,measure,global,2,84055,81380,7.18774,8030ea57249b6c82,1
forest-pan,regional,3,baseline,measure-07,measure,global,2,84055,81380,7.36094,8030ea57249b6c82,1
forest-pan,regional,3,baseline,measure-08,measure,global,2,84055,81380,7.18279,8030ea57249b6c82,1
forest-pan,regional,3,baseline,measure-09,measure,global,2,84055,81380,7.26778,8030ea57249b6c82,1
forest-pan,regional,3,baseline,measure-10,measure,global,2,84055,81380,7.20356,8030ea57249b6c82,1
forest-pan,regional,3,baseline,measure-11,measure,global,2,84055,81380,7.64549,8030ea57249b6c82,1
forest-pan,regional,3,baseline,measure-12,measure,global,2,84055,81380,7.38283,8030ea57249b6c82,1
forest-pan,regional,3,baseline,measure-13,measure,global,2,84055,81380,7.35096,8030ea57249b6c82,1
forest-pan,regional,3,baseline,measure-14,measure,global,2,84055,81380,7.58228,8030ea57249b6c82,1
forest-pan,regional,3,baseline,measure-15,measure,global,2,84055,81380,7.30870,8030ea57249b6c82,1
forest-pan,regional,3,baseline,measure-16,measure,global,2,84055,81380,7.30172,8030ea57249b6c82,1
forest-pan,regional,3,baseline,measure-17,measure,global,2,84055,81380,7.19871,8030ea57249b6c82,1
forest-pan,regional,3,baseline,measure-18,measure,global,2,84055,81380,7.14856,8030ea57249b6c82,1
forest-pan,regional,3,baseline,measure-19,measure,global,2,84055,81380,7.33846,8030ea57249b6c82,1
forest-pan,regional,3,baseline,measure-20,measure,global,2,84055,81380,7.60985,8030ea57249b6c82,1
forest-pan,regional,3,baseline,measure-21,measure,global,2,84055,81380,7.16572,8030ea57249b6c82,1
forest-pan,regional,3,baseline,measure-22,measure,global,2,84055,81380,7.61682,8030ea57249b6c82,1
forest-pan,regional,3,baseline,measure-23,measure,global,2,84055,81380,7.51408,8030ea57249b6c82,1
forest-pan,regional,3,baseline,measure-24,measure,global,2,84055,81380,7.31170,8030ea57249b6c82,1
dark-pan,global,0,baseline,control,anchor,independent,2,138065,135390,7.82258,034c0f430ec2a48c,1
dark-pan,global,0,baseline,control,no-ack,independent,2,136996,134321,7.07184,e83afd1ce36ce231,1
dark-pan,global,0,baseline,control,ack-pair,global,2,89456,86781,8.43508,e83afd1ce36ce231,1
dark-pan,global,0,baseline,control,forgot-ref,independent,2,136996,134321,6.85069,e83afd1ce36ce231,1
dark-pan,global,0,baseline,control,anchor-id8,independent,2,136996,134321,6.78982,e83afd1ce36ce231,1
dark-pan,global,0,baseline,control,post-reset,independent,2,136996,134321,6.96317,e83afd1ce36ce231,1
dark-pan,global,0,baseline,measure-01,measure,global,2,89456,86781,8.28121,e83afd1ce36ce231,1
dark-pan,global,0,baseline,measure-02,measure,global,2,89456,86781,8.23321,e83afd1ce36ce231,1
dark-pan,global,0,baseline,measure-03,measure,global,2,89456,86781,8.22859,e83afd1ce36ce231,1
dark-pan,global,0,baseline,measure-04,measure,global,2,89456,86781,8.01191,e83afd1ce36ce231,1
dark-pan,global,0,baseline,measure-05,measure,global,2,89456,86781,8.11062,e83afd1ce36ce231,1
dark-pan,global,0,baseline,measure-06,measure,global,2,89456,86781,7.78415,e83afd1ce36ce231,1
dark-pan,global,0,baseline,measure-07,measure,global,2,89456,86781,8.56523,e83afd1ce36ce231,1
dark-pan,global,0,baseline,measure-08,measure,global,2,89456,86781,8.20557,e83afd1ce36ce231,1
dark-pan,global,0,baseline,measure-09,measure,global,2,89456,86781,8.57059,e83afd1ce36ce231,1
dark-pan,global,0,baseline,measure-10,measure,global,2,89456,86781,8.27626,e83afd1ce36ce231,1
dark-pan,global,0,baseline,measure-11,measure,global,2,89456,86781,8.07329,e83afd1ce36ce231,1
dark-pan,global,0,baseline,measure-12,measure,global,2,89456,86781,7.85213,e83afd1ce36ce231,1
dark-pan,global,0,baseline,measure-13,measure,global,2,89456,86781,8.57319,e83afd1ce36ce231,1
dark-pan,global,0,baseline,measure-14,measure,global,2,89456,86781,8.22958,e83afd1ce36ce231,1
dark-pan,global,0,baseline,measure-15,measure,global,2,89456,86781,8.15335,e83afd1ce36ce231,1
dark-pan,global,0,baseline,measure-16,measure,global,2,89456,86781,8.03511,e83afd1ce36ce231,1
dark-pan,global,0,baseline,measure-17,measure,global,2,89456,86781,8.04010,e83afd1ce36ce231,1
dark-pan,global,0,baseline,measure-18,measure,global,2,89456,86781,8.84081,e83afd1ce36ce231,1
dark-pan,global,0,baseline,measure-19,measure,global,2,89456,86781,8.55282,e83afd1ce36ce231,1
dark-pan,global,0,baseline,measure-20,measure,global,2,89456,86781,8.35704,e83afd1ce36ce231,1
dark-pan,global,0,baseline,measure-21,measure,global,2,89456,86781,8.20496,e83afd1ce36ce231,1
dark-pan,global,0,baseline,measure-22,measure,global,2,89456,86781,8.48726,e83afd1ce36ce231,1
dark-pan,global,0,baseline,measure-23,measure,global,2,89456,86781,8.83309,e83afd1ce36ce231,1
dark-pan,global,0,baseline,measure-24,measure,global,2,89456,86781,8.23150,e83afd1ce36ce231,1
dark-pan,global,1,candidate,control,anchor,row-v3,3,113209,110534,8.99640,034c0f430ec2a48c,1
dark-pan,global,1,candidate,control,no-ack,row-v3,3,112399,109724,8.51725,e83afd1ce36ce231,1
dark-pan,global,1,candidate,control,ack-pair,global,3,78531,75856,9.35368,e83afd1ce36ce231,1
dark-pan,global,1,candidate,control,forgot-ref,row-v3,3,112399,109724,7.85110,e83afd1ce36ce231,1
dark-pan,global,1,candidate,control,anchor-id8,row-v3,3,112399,109724,7.95885,e83afd1ce36ce231,1
dark-pan,global,1,candidate,control,post-reset,row-v3,3,112399,109724,7.87287,e83afd1ce36ce231,1
dark-pan,global,1,candidate,measure-01,measure,global,3,78531,75856,8.55865,e83afd1ce36ce231,1
dark-pan,global,1,candidate,measure-02,measure,global,3,78531,75856,8.65728,e83afd1ce36ce231,1
dark-pan,global,1,candidate,measure-03,measure,global,3,78531,75856,8.99532,e83afd1ce36ce231,1
dark-pan,global,1,candidate,measure-04,measure,global,3,78531,75856,8.86623,e83afd1ce36ce231,1
dark-pan,global,1,candidate,measure-05,measure,global,3,78531,75856,8.65474,e83afd1ce36ce231,1
dark-pan,global,1,candidate,measure-06,measure,global,3,78531,75856,8.49535,e83afd1ce36ce231,1
dark-pan,global,1,candidate,measure-07,measure,global,3,78531,75856,8.65810,e83afd1ce36ce231,1
dark-pan,global,1,candidate,measure-08,measure,global,3,78531,75856,8.55939,e83afd1ce36ce231,1
dark-pan,global,1,candidate,measure-09,measure,global,3,78531,75856,8.84930,e83afd1ce36ce231,1
dark-pan,global,1,candidate,measure-10,measure,global,3,78531,75856,8.96266,e83afd1ce36ce231,1
dark-pan,global,1,candidate,measure-11,measure,global,3,78531,75856,8.68524,e83afd1ce36ce231,1
dark-pan,global,1,candidate,measure-12,measure,global,3,78531,75856,8.72480,e83afd1ce36ce231,1
dark-pan,global,1,candidate,measure-13,measure,global,3,78531,75856,8.61324,e83afd1ce36ce231,1
dark-pan,global,1,candidate,measure-14,measure,global,3,78531,75856,8.94925,e83afd1ce36ce231,1
dark-pan,global,1,candidate,measure-15,measure,global,3,78531,75856,8.91768,e83afd1ce36ce231,1
dark-pan,global,1,candidate,measure-16,measure,global,3,78531,75856,8.96008,e83afd1ce36ce231,1
dark-pan,global,1,candidate,measure-17,measure,global,3,78531,75856,8.99850,e83afd1ce36ce231,1
dark-pan,global,1,candidate,measure-18,measure,global,3,78531,75856,8.51208,e83afd1ce36ce231,1
dark-pan,global,1,candidate,measure-19,measure,global,3,78531,75856,8.63325,e83afd1ce36ce231,1
dark-pan,global,1,candidate,measure-20,measure,global,3,78531,75856,8.68729,e83afd1ce36ce231,1
dark-pan,global,1,candidate,measure-21,measure,global,3,78531,75856,8.66885,e83afd1ce36ce231,1
dark-pan,global,1,candidate,measure-22,measure,global,3,78531,75856,8.59535,e83afd1ce36ce231,1
dark-pan,global,1,candidate,measure-23,measure,global,3,78531,75856,8.65373,e83afd1ce36ce231,1
dark-pan,global,1,candidate,measure-24,measure,global,3,78531,75856,8.69740,e83afd1ce36ce231,1
dark-pan,global,2,candidate,control,anchor,row-v3,3,113209,110534,9.77705,034c0f430ec2a48c,1
dark-pan,global,2,candidate,control,no-ack,row-v3,3,112399,109724,8.59759,e83afd1ce36ce231,1
dark-pan,global,2,candidate,control,ack-pair,global,3,78531,75856,9.85716,e83afd1ce36ce231,1
dark-pan,global,2,candidate,control,forgot-ref,row-v3,3,112399,109724,8.68587,e83afd1ce36ce231,1
dark-pan,global,2,candidate,control,anchor-id8,row-v3,3,112399,109724,8.92746,e83afd1ce36ce231,1
dark-pan,global,2,candidate,control,post-reset,row-v3,3,112399,109724,8.71118,e83afd1ce36ce231,1
dark-pan,global,2,candidate,measure-01,measure,global,3,78531,75856,9.51123,e83afd1ce36ce231,1
dark-pan,global,2,candidate,measure-02,measure,global,3,78531,75856,10.25370,e83afd1ce36ce231,1
dark-pan,global,2,candidate,measure-03,measure,global,3,78531,75856,9.75680,e83afd1ce36ce231,1
dark-pan,global,2,candidate,measure-04,measure,global,3,78531,75856,9.67251,e83afd1ce36ce231,1
dark-pan,global,2,candidate,measure-05,measure,global,3,78531,75856,9.85997,e83afd1ce36ce231,1
dark-pan,global,2,candidate,measure-06,measure,global,3,78531,75856,9.72324,e83afd1ce36ce231,1
dark-pan,global,2,candidate,measure-07,measure,global,3,78531,75856,9.66517,e83afd1ce36ce231,1
dark-pan,global,2,candidate,measure-08,measure,global,3,78531,75856,10.42089,e83afd1ce36ce231,1
dark-pan,global,2,candidate,measure-09,measure,global,3,78531,75856,9.78509,e83afd1ce36ce231,1
dark-pan,global,2,candidate,measure-10,measure,global,3,78531,75856,9.86331,e83afd1ce36ce231,1
dark-pan,global,2,candidate,measure-11,measure,global,3,78531,75856,10.64329,e83afd1ce36ce231,1
dark-pan,global,2,candidate,measure-12,measure,global,3,78531,75856,10.11784,e83afd1ce36ce231,1
dark-pan,global,2,candidate,measure-13,measure,global,3,78531,75856,10.25713,e83afd1ce36ce231,1
dark-pan,global,2,candidate,measure-14,measure,global,3,78531,75856,10.94573,e83afd1ce36ce231,1
dark-pan,global,2,candidate,measure-15,measure,global,3,78531,75856,10.50426,e83afd1ce36ce231,1
dark-pan,global,2,candidate,measure-16,measure,global,3,78531,75856,10.65220,e83afd1ce36ce231,1
dark-pan,global,2,candidate,measure-17,measure,global,3,78531,75856,9.57079,e83afd1ce36ce231,1
dark-pan,global,2,candidate,measure-18,measure,global,3,78531,75856,10.17940,e83afd1ce36ce231,1
dark-pan,global,2,candidate,measure-19,measure,global,3,78531,75856,9.73822,e83afd1ce36ce231,1
dark-pan,global,2,candidate,measure-20,measure,global,3,78531,75856,10.18446,e83afd1ce36ce231,1
dark-pan,global,2,candidate,measure-21,measure,global,3,78531,75856,9.64809,e83afd1ce36ce231,1
dark-pan,global,2,candidate,measure-22,measure,global,3,78531,75856,9.62509,e83afd1ce36ce231,1
dark-pan,global,2,candidate,measure-23,measure,global,3,78531,75856,9.50271,e83afd1ce36ce231,1
dark-pan,global,2,candidate,measure-24,measure,global,3,78531,75856,9.75169,e83afd1ce36ce231,1
dark-pan,global,3,baseline,control,anchor,independent,2,138065,135390,7.74191,034c0f430ec2a48c,1
dark-pan,global,3,baseline,control,no-ack,independent,2,136996,134321,7.18296,e83afd1ce36ce231,1
dark-pan,global,3,baseline,control,ack-pair,global,2,89456,86781,8.89995,e83afd1ce36ce231,1
dark-pan,global,3,baseline,control,forgot-ref,independent,2,136996,134321,6.90296,e83afd1ce36ce231,1
dark-pan,global,3,baseline,control,anchor-id8,independent,2,136996,134321,6.72172,e83afd1ce36ce231,1
dark-pan,global,3,baseline,control,post-reset,independent,2,136996,134321,6.43818,e83afd1ce36ce231,1
dark-pan,global,3,baseline,measure-01,measure,global,2,89456,86781,8.64695,e83afd1ce36ce231,1
dark-pan,global,3,baseline,measure-02,measure,global,2,89456,86781,8.07237,e83afd1ce36ce231,1
dark-pan,global,3,baseline,measure-03,measure,global,2,89456,86781,8.00878,e83afd1ce36ce231,1
dark-pan,global,3,baseline,measure-04,measure,global,2,89456,86781,8.19280,e83afd1ce36ce231,1
dark-pan,global,3,baseline,measure-05,measure,global,2,89456,86781,8.09157,e83afd1ce36ce231,1
dark-pan,global,3,baseline,measure-06,measure,global,2,89456,86781,8.19980,e83afd1ce36ce231,1
dark-pan,global,3,baseline,measure-07,measure,global,2,89456,86781,8.22995,e83afd1ce36ce231,1
dark-pan,global,3,baseline,measure-08,measure,global,2,89456,86781,8.09040,e83afd1ce36ce231,1
dark-pan,global,3,baseline,measure-09,measure,global,2,89456,86781,8.06418,e83afd1ce36ce231,1
dark-pan,global,3,baseline,measure-10,measure,global,2,89456,86781,7.99438,e83afd1ce36ce231,1
dark-pan,global,3,baseline,measure-11,measure,global,2,89456,86781,8.51002,e83afd1ce36ce231,1
dark-pan,global,3,baseline,measure-12,measure,global,2,89456,86781,8.63464,e83afd1ce36ce231,1
dark-pan,global,3,baseline,measure-13,measure,global,2,89456,86781,7.98793,e83afd1ce36ce231,1
dark-pan,global,3,baseline,measure-14,measure,global,2,89456,86781,8.25233,e83afd1ce36ce231,1
dark-pan,global,3,baseline,measure-15,measure,global,2,89456,86781,8.93227,e83afd1ce36ce231,1
dark-pan,global,3,baseline,measure-16,measure,global,2,89456,86781,8.63023,e83afd1ce36ce231,1
dark-pan,global,3,baseline,measure-17,measure,global,2,89456,86781,8.01062,e83afd1ce36ce231,1
dark-pan,global,3,baseline,measure-18,measure,global,2,89456,86781,8.21882,e83afd1ce36ce231,1
dark-pan,global,3,baseline,measure-19,measure,global,2,89456,86781,8.08265,e83afd1ce36ce231,1
dark-pan,global,3,baseline,measure-20,measure,global,2,89456,86781,8.75802,e83afd1ce36ce231,1
dark-pan,global,3,baseline,measure-21,measure,global,2,89456,86781,8.05628,e83afd1ce36ce231,1
dark-pan,global,3,baseline,measure-22,measure,global,2,89456,86781,7.98076,e83afd1ce36ce231,1
dark-pan,global,3,baseline,measure-23,measure,global,2,89456,86781,8.30079,e83afd1ce36ce231,1
dark-pan,global,3,baseline,measure-24,measure,global,2,89456,86781,7.90560,e83afd1ce36ce231,1
dark-pan,regional,0,baseline,control,anchor,independent,2,138065,135390,7.58207,034c0f430ec2a48c,1
dark-pan,regional,0,baseline,control,no-ack,independent,2,136996,134321,6.61539,e83afd1ce36ce231,1
dark-pan,regional,0,baseline,control,ack-pair,global,2,89456,86781,8.03418,e83afd1ce36ce231,1
dark-pan,regional,0,baseline,control,forgot-ref,independent,2,136996,134321,6.39623,e83afd1ce36ce231,1
dark-pan,regional,0,baseline,control,anchor-id8,independent,2,136996,134321,6.51592,e83afd1ce36ce231,1
dark-pan,regional,0,baseline,control,post-reset,independent,2,136996,134321,6.71203,e83afd1ce36ce231,1
dark-pan,regional,0,baseline,measure-01,measure,global,2,89456,86781,7.95529,e83afd1ce36ce231,1
dark-pan,regional,0,baseline,measure-02,measure,global,2,89456,86781,7.94300,e83afd1ce36ce231,1
dark-pan,regional,0,baseline,measure-03,measure,global,2,89456,86781,7.98892,e83afd1ce36ce231,1
dark-pan,regional,0,baseline,measure-04,measure,global,2,89456,86781,8.77973,e83afd1ce36ce231,1
dark-pan,regional,0,baseline,measure-05,measure,global,2,89456,86781,7.88372,e83afd1ce36ce231,1
dark-pan,regional,0,baseline,measure-06,measure,global,2,89456,86781,8.03691,e83afd1ce36ce231,1
dark-pan,regional,0,baseline,measure-07,measure,global,2,89456,86781,8.09839,e83afd1ce36ce231,1
dark-pan,regional,0,baseline,measure-08,measure,global,2,89456,86781,8.07293,e83afd1ce36ce231,1
dark-pan,regional,0,baseline,measure-09,measure,global,2,89456,86781,8.31034,e83afd1ce36ce231,1
dark-pan,regional,0,baseline,measure-10,measure,global,2,89456,86781,8.18348,e83afd1ce36ce231,1
dark-pan,regional,0,baseline,measure-11,measure,global,2,89456,86781,7.87253,e83afd1ce36ce231,1
dark-pan,regional,0,baseline,measure-12,measure,global,2,89456,86781,8.03539,e83afd1ce36ce231,1
dark-pan,regional,0,baseline,measure-13,measure,global,2,89456,86781,8.22292,e83afd1ce36ce231,1
dark-pan,regional,0,baseline,measure-14,measure,global,2,89456,86781,8.05029,e83afd1ce36ce231,1
dark-pan,regional,0,baseline,measure-15,measure,global,2,89456,86781,7.95713,e83afd1ce36ce231,1
dark-pan,regional,0,baseline,measure-16,measure,global,2,89456,86781,7.77301,e83afd1ce36ce231,1
dark-pan,regional,0,baseline,measure-17,measure,global,2,89456,86781,7.96560,e83afd1ce36ce231,1
dark-pan,regional,0,baseline,measure-18,measure,global,2,89456,86781,7.79012,e83afd1ce36ce231,1
dark-pan,regional,0,baseline,measure-19,measure,global,2,89456,86781,7.85668,e83afd1ce36ce231,1
dark-pan,regional,0,baseline,measure-20,measure,global,2,89456,86781,7.84805,e83afd1ce36ce231,1
dark-pan,regional,0,baseline,measure-21,measure,global,2,89456,86781,8.37084,e83afd1ce36ce231,1
dark-pan,regional,0,baseline,measure-22,measure,global,2,89456,86781,8.15348,e83afd1ce36ce231,1
dark-pan,regional,0,baseline,measure-23,measure,global,2,89456,86781,7.96316,e83afd1ce36ce231,1
dark-pan,regional,0,baseline,measure-24,measure,global,2,89456,86781,7.97941,e83afd1ce36ce231,1
dark-pan,regional,1,candidate,control,anchor,row-v3,3,113209,110534,9.02815,034c0f430ec2a48c,1
dark-pan,regional,1,candidate,control,no-ack,row-v3,3,112399,109724,8.17699,e83afd1ce36ce231,1
dark-pan,regional,1,candidate,control,ack-pair,global,3,78531,75856,9.49982,e83afd1ce36ce231,1
dark-pan,regional,1,candidate,control,forgot-ref,row-v3,3,112399,109724,8.06420,e83afd1ce36ce231,1
dark-pan,regional,1,candidate,control,anchor-id8,row-v3,3,112399,109724,8.00298,e83afd1ce36ce231,1
dark-pan,regional,1,candidate,control,post-reset,row-v3,3,112399,109724,7.79936,e83afd1ce36ce231,1
dark-pan,regional,1,candidate,measure-01,measure,global,3,78531,75856,8.71459,e83afd1ce36ce231,1
dark-pan,regional,1,candidate,measure-02,measure,global,3,78531,75856,9.02014,e83afd1ce36ce231,1
dark-pan,regional,1,candidate,measure-03,measure,global,3,78531,75856,8.68118,e83afd1ce36ce231,1
dark-pan,regional,1,candidate,measure-04,measure,global,3,78531,75856,8.78232,e83afd1ce36ce231,1
dark-pan,regional,1,candidate,measure-05,measure,global,3,78531,75856,9.01013,e83afd1ce36ce231,1
dark-pan,regional,1,candidate,measure-06,measure,global,3,78531,75856,8.89855,e83afd1ce36ce231,1
dark-pan,regional,1,candidate,measure-07,measure,global,3,78531,75856,8.99456,e83afd1ce36ce231,1
dark-pan,regional,1,candidate,measure-08,measure,global,3,78531,75856,9.09455,e83afd1ce36ce231,1
dark-pan,regional,1,candidate,measure-09,measure,global,3,78531,75856,8.70451,e83afd1ce36ce231,1
dark-pan,regional,1,candidate,measure-10,measure,global,3,78531,75856,8.92267,e83afd1ce36ce231,1
dark-pan,regional,1,candidate,measure-11,measure,global,3,78531,75856,8.79580,e83afd1ce36ce231,1
dark-pan,regional,1,candidate,measure-12,measure,global,3,78531,75856,8.86510,e83afd1ce36ce231,1
dark-pan,regional,1,candidate,measure-13,measure,global,3,78531,75856,9.10081,e83afd1ce36ce231,1
dark-pan,regional,1,candidate,measure-14,measure,global,3,78531,75856,9.16505,e83afd1ce36ce231,1
dark-pan,regional,1,candidate,measure-15,measure,global,3,78531,75856,8.75595,e83afd1ce36ce231,1
dark-pan,regional,1,candidate,measure-16,measure,global,3,78531,75856,8.72734,e83afd1ce36ce231,1
dark-pan,regional,1,candidate,measure-17,measure,global,3,78531,75856,8.69991,e83afd1ce36ce231,1
dark-pan,regional,1,candidate,measure-18,measure,global,3,78531,75856,9.25358,e83afd1ce36ce231,1
dark-pan,regional,1,candidate,measure-19,measure,global,3,78531,75856,9.01619,e83afd1ce36ce231,1
dark-pan,regional,1,candidate,measure-20,measure,global,3,78531,75856,8.76738,e83afd1ce36ce231,1
dark-pan,regional,1,candidate,measure-21,measure,global,3,78531,75856,8.98021,e83afd1ce36ce231,1
dark-pan,regional,1,candidate,measure-22,measure,global,3,78531,75856,9.34357,e83afd1ce36ce231,1
dark-pan,regional,1,candidate,measure-23,measure,global,3,78531,75856,9.07435,e83afd1ce36ce231,1
dark-pan,regional,1,candidate,measure-24,measure,global,3,78531,75856,8.68952,e83afd1ce36ce231,1
dark-pan,regional,2,candidate,control,anchor,row-v3,3,113209,110534,9.10693,034c0f430ec2a48c,1
dark-pan,regional,2,candidate,control,no-ack,row-v3,3,112399,109724,8.78133,e83afd1ce36ce231,1
dark-pan,regional,2,candidate,control,ack-pair,global,3,78531,75856,9.41670,e83afd1ce36ce231,1
dark-pan,regional,2,candidate,control,forgot-ref,row-v3,3,112399,109724,8.30501,e83afd1ce36ce231,1
dark-pan,regional,2,candidate,control,anchor-id8,row-v3,3,112399,109724,8.11975,e83afd1ce36ce231,1
dark-pan,regional,2,candidate,control,post-reset,row-v3,3,112399,109724,8.33285,e83afd1ce36ce231,1
dark-pan,regional,2,candidate,measure-01,measure,global,3,78531,75856,8.92774,e83afd1ce36ce231,1
dark-pan,regional,2,candidate,measure-02,measure,global,3,78531,75856,8.96699,e83afd1ce36ce231,1
dark-pan,regional,2,candidate,measure-03,measure,global,3,78531,75856,9.01794,e83afd1ce36ce231,1
dark-pan,regional,2,candidate,measure-04,measure,global,3,78531,75856,9.03388,e83afd1ce36ce231,1
dark-pan,regional,2,candidate,measure-05,measure,global,3,78531,75856,9.17423,e83afd1ce36ce231,1
dark-pan,regional,2,candidate,measure-06,measure,global,3,78531,75856,9.31821,e83afd1ce36ce231,1
dark-pan,regional,2,candidate,measure-07,measure,global,3,78531,75856,9.16506,e83afd1ce36ce231,1
dark-pan,regional,2,candidate,measure-08,measure,global,3,78531,75856,9.08108,e83afd1ce36ce231,1
dark-pan,regional,2,candidate,measure-09,measure,global,3,78531,75856,8.71237,e83afd1ce36ce231,1
dark-pan,regional,2,candidate,measure-10,measure,global,3,78531,75856,8.84155,e83afd1ce36ce231,1
dark-pan,regional,2,candidate,measure-11,measure,global,3,78531,75856,8.94759,e83afd1ce36ce231,1
dark-pan,regional,2,candidate,measure-12,measure,global,3,78531,75856,8.99884,e83afd1ce36ce231,1
dark-pan,regional,2,candidate,measure-13,measure,global,3,78531,75856,9.00153,e83afd1ce36ce231,1
dark-pan,regional,2,candidate,measure-14,measure,global,3,78531,75856,9.01753,e83afd1ce36ce231,1
dark-pan,regional,2,candidate,measure-15,measure,global,3,78531,75856,8.99376,e83afd1ce36ce231,1
dark-pan,regional,2,candidate,measure-16,measure,global,3,78531,75856,9.35304,e83afd1ce36ce231,1
dark-pan,regional,2,candidate,measure-17,measure,global,3,78531,75856,9.09553,e83afd1ce36ce231,1
dark-pan,regional,2,candidate,measure-18,measure,global,3,78531,75856,9.07514,e83afd1ce36ce231,1
dark-pan,regional,2,candidate,measure-19,measure,global,3,78531,75856,9.79243,e83afd1ce36ce231,1
dark-pan,regional,2,candidate,measure-20,measure,global,3,78531,75856,9.49407,e83afd1ce36ce231,1
dark-pan,regional,2,candidate,measure-21,measure,global,3,78531,75856,9.85275,e83afd1ce36ce231,1
dark-pan,regional,2,candidate,measure-22,measure,global,3,78531,75856,10.44819,e83afd1ce36ce231,1
dark-pan,regional,2,candidate,measure-23,measure,global,3,78531,75856,11.06457,e83afd1ce36ce231,1
dark-pan,regional,2,candidate,measure-24,measure,global,3,78531,75856,10.00199,e83afd1ce36ce231,1
dark-pan,regional,3,baseline,control,anchor,independent,2,138065,135390,8.10761,034c0f430ec2a48c,1
dark-pan,regional,3,baseline,control,no-ack,independent,2,136996,134321,7.10024,e83afd1ce36ce231,1
dark-pan,regional,3,baseline,control,ack-pair,global,2,89456,86781,8.63087,e83afd1ce36ce231,1
dark-pan,regional,3,baseline,control,forgot-ref,independent,2,136996,134321,7.01068,e83afd1ce36ce231,1
dark-pan,regional,3,baseline,control,anchor-id8,independent,2,136996,134321,7.39037,e83afd1ce36ce231,1
dark-pan,regional,3,baseline,control,post-reset,independent,2,136996,134321,7.16967,e83afd1ce36ce231,1
dark-pan,regional,3,baseline,measure-01,measure,global,2,89456,86781,8.50234,e83afd1ce36ce231,1
dark-pan,regional,3,baseline,measure-02,measure,global,2,89456,86781,8.21489,e83afd1ce36ce231,1
dark-pan,regional,3,baseline,measure-03,measure,global,2,89456,86781,9.28844,e83afd1ce36ce231,1
dark-pan,regional,3,baseline,measure-04,measure,global,2,89456,86781,8.01042,e83afd1ce36ce231,1
dark-pan,regional,3,baseline,measure-05,measure,global,2,89456,86781,8.42068,e83afd1ce36ce231,1
dark-pan,regional,3,baseline,measure-06,measure,global,2,89456,86781,8.30577,e83afd1ce36ce231,1
dark-pan,regional,3,baseline,measure-07,measure,global,2,89456,86781,8.72378,e83afd1ce36ce231,1
dark-pan,regional,3,baseline,measure-08,measure,global,2,89456,86781,8.58712,e83afd1ce36ce231,1
dark-pan,regional,3,baseline,measure-09,measure,global,2,89456,86781,8.32071,e83afd1ce36ce231,1
dark-pan,regional,3,baseline,measure-10,measure,global,2,89456,86781,8.26404,e83afd1ce36ce231,1
dark-pan,regional,3,baseline,measure-11,measure,global,2,89456,86781,8.08515,e83afd1ce36ce231,1
dark-pan,regional,3,baseline,measure-12,measure,global,2,89456,86781,8.28251,e83afd1ce36ce231,1
dark-pan,regional,3,baseline,measure-13,measure,global,2,89456,86781,7.97019,e83afd1ce36ce231,1
dark-pan,regional,3,baseline,measure-14,measure,global,2,89456,86781,8.47155,e83afd1ce36ce231,1
dark-pan,regional,3,baseline,measure-15,measure,global,2,89456,86781,8.09776,e83afd1ce36ce231,1
dark-pan,regional,3,baseline,measure-16,measure,global,2,89456,86781,7.96723,e83afd1ce36ce231,1
dark-pan,regional,3,baseline,measure-17,measure,global,2,89456,86781,8.61208,e83afd1ce36ce231,1
dark-pan,regional,3,baseline,measure-18,measure,global,2,89456,86781,10.27008,e83afd1ce36ce231,1
dark-pan,regional,3,baseline,measure-19,measure,global,2,89456,86781,10.72160,e83afd1ce36ce231,1
dark-pan,regional,3,baseline,measure-20,measure,global,2,89456,86781,9.54827,e83afd1ce36ce231,1
dark-pan,regional,3,baseline,measure-21,measure,global,2,89456,86781,9.75274,e83afd1ce36ce231,1
dark-pan,regional,3,baseline,measure-22,measure,global,2,89456,86781,8.68735,e83afd1ce36ce231,1
dark-pan,regional,3,baseline,measure-23,measure,global,2,89456,86781,8.42791,e83afd1ce36ce231,1
dark-pan,regional,3,baseline,measure-24,measure,global,2,89456,86781,8.54636,e83afd1ce36ce231,1
scene-cut,global,0,baseline,control,anchor,independent,2,101724,99049,7.71746,743740e50850356b,1
scene-cut,global,0,baseline,control,no-ack,independent,2,138065,135390,7.15897,034c0f430ec2a48c,1
scene-cut,global,0,baseline,control,ack-pair,independent,2,138065,135390,9.57219,034c0f430ec2a48c,1
scene-cut,global,0,baseline,control,forgot-ref,independent,2,138065,135390,7.00443,034c0f430ec2a48c,1
scene-cut,global,0,baseline,control,anchor-id8,independent,2,138065,135390,7.27869,034c0f430ec2a48c,1
scene-cut,global,0,baseline,control,post-reset,independent,2,138065,135390,6.92436,034c0f430ec2a48c,1
scene-cut,global,0,baseline,measure-01,measure,independent,2,138065,135390,8.90780,034c0f430ec2a48c,1
scene-cut,global,0,baseline,measure-02,measure,independent,2,138065,135390,9.79031,034c0f430ec2a48c,1
scene-cut,global,0,baseline,measure-03,measure,independent,2,138065,135390,9.08802,034c0f430ec2a48c,1
scene-cut,global,0,baseline,measure-04,measure,independent,2,138065,135390,8.99004,034c0f430ec2a48c,1
scene-cut,global,0,baseline,measure-05,measure,independent,2,138065,135390,8.84471,034c0f430ec2a48c,1
scene-cut,global,0,baseline,measure-06,measure,independent,2,138065,135390,9.07936,034c0f430ec2a48c,1
scene-cut,global,0,baseline,measure-07,measure,independent,2,138065,135390,10.32896,034c0f430ec2a48c,1
scene-cut,global,0,baseline,measure-08,measure,independent,2,138065,135390,9.04235,034c0f430ec2a48c,1
scene-cut,global,0,baseline,measure-09,measure,independent,2,138065,135390,9.54918,034c0f430ec2a48c,1
scene-cut,global,0,baseline,measure-10,measure,independent,2,138065,135390,8.82385,034c0f430ec2a48c,1
scene-cut,global,0,baseline,measure-11,measure,independent,2,138065,135390,9.09919,034c0f430ec2a48c,1
scene-cut,global,0,baseline,measure-12,measure,independent,2,138065,135390,8.85161,034c0f430ec2a48c,1
scene-cut,global,0,baseline,measure-13,measure,independent,2,138065,135390,8.89898,034c0f430ec2a48c,1
scene-cut,global,0,baseline,measure-14,measure,independent,2,138065,135390,9.11233,034c0f430ec2a48c,1
scene-cut,global,0,baseline,measure-15,measure,independent,2,138065,135390,8.86508,034c0f430ec2a48c,1
scene-cut,global,0,baseline,measure-16,measure,independent,2,138065,135390,8.77019,034c0f430ec2a48c,1
scene-cut,global,0,baseline,measure-17,measure,independent,2,138065,135390,8.87943,034c0f430ec2a48c,1
scene-cut,global,0,baseline,measure-18,measure,independent,2,138065,135390,9.05818,034c0f430ec2a48c,1
scene-cut,global,0,baseline,measure-19,measure,independent,2,138065,135390,8.75851,034c0f430ec2a48c,1
scene-cut,global,0,baseline,measure-20,measure,independent,2,138065,135390,8.74958,034c0f430ec2a48c,1
scene-cut,global,0,baseline,measure-21,measure,independent,2,138065,135390,8.68735,034c0f430ec2a48c,1
scene-cut,global,0,baseline,measure-22,measure,independent,2,138065,135390,8.85220,034c0f430ec2a48c,1
scene-cut,global,0,baseline,measure-23,measure,independent,2,138065,135390,8.96411,034c0f430ec2a48c,1
scene-cut,global,0,baseline,measure-24,measure,independent,2,138065,135390,9.39794,034c0f430ec2a48c,1
scene-cut,global,1,candidate,control,anchor,row-v3,3,91303,88628,10.31025,743740e50850356b,1
scene-cut,global,1,candidate,control,no-ack,row-v3,3,113209,110534,9.31127,034c0f430ec2a48c,1
scene-cut,global,1,candidate,control,ack-pair,row-v3,3,113209,110534,10.87331,034c0f430ec2a48c,1
scene-cut,global,1,candidate,control,forgot-ref,row-v3,3,113209,110534,9.00132,034c0f430ec2a48c,1
scene-cut,global,1,candidate,control,anchor-id8,row-v3,3,113209,110534,9.34605,034c0f430ec2a48c,1
scene-cut,global,1,candidate,control,post-reset,row-v3,3,113209,110534,8.51083,034c0f430ec2a48c,1
scene-cut,global,1,candidate,measure-01,measure,row-v3,3,113209,110534,10.66534,034c0f430ec2a48c,1
scene-cut,global,1,candidate,measure-02,measure,row-v3,3,113209,110534,10.89861,034c0f430ec2a48c,1
scene-cut,global,1,candidate,measure-03,measure,row-v3,3,113209,110534,10.73663,034c0f430ec2a48c,1
scene-cut,global,1,candidate,measure-04,measure,row-v3,3,113209,110534,10.76580,034c0f430ec2a48c,1
scene-cut,global,1,candidate,measure-05,measure,row-v3,3,113209,110534,10.66675,034c0f430ec2a48c,1
scene-cut,global,1,candidate,measure-06,measure,row-v3,3,113209,110534,10.56713,034c0f430ec2a48c,1
scene-cut,global,1,candidate,measure-07,measure,row-v3,3,113209,110534,10.82716,034c0f430ec2a48c,1
scene-cut,global,1,candidate,measure-08,measure,row-v3,3,113209,110534,11.20279,034c0f430ec2a48c,1
scene-cut,global,1,candidate,measure-09,measure,row-v3,3,113209,110534,10.85014,034c0f430ec2a48c,1
scene-cut,global,1,candidate,measure-10,measure,row-v3,3,113209,110534,10.90111,034c0f430ec2a48c,1
scene-cut,global,1,candidate,measure-11,measure,row-v3,3,113209,110534,10.60946,034c0f430ec2a48c,1
scene-cut,global,1,candidate,measure-12,measure,row-v3,3,113209,110534,11.05790,034c0f430ec2a48c,1
scene-cut,global,1,candidate,measure-13,measure,row-v3,3,113209,110534,10.73466,034c0f430ec2a48c,1
scene-cut,global,1,candidate,measure-14,measure,row-v3,3,113209,110534,10.91331,034c0f430ec2a48c,1
scene-cut,global,1,candidate,measure-15,measure,row-v3,3,113209,110534,10.22218,034c0f430ec2a48c,1
scene-cut,global,1,candidate,measure-16,measure,row-v3,3,113209,110534,10.45285,034c0f430ec2a48c,1
scene-cut,global,1,candidate,measure-17,measure,row-v3,3,113209,110534,10.49125,034c0f430ec2a48c,1
scene-cut,global,1,candidate,measure-18,measure,row-v3,3,113209,110534,10.37006,034c0f430ec2a48c,1
scene-cut,global,1,candidate,measure-19,measure,row-v3,3,113209,110534,10.32729,034c0f430ec2a48c,1
scene-cut,global,1,candidate,measure-20,measure,row-v3,3,113209,110534,10.35334,034c0f430ec2a48c,1
scene-cut,global,1,candidate,measure-21,measure,row-v3,3,113209,110534,10.23442,034c0f430ec2a48c,1
scene-cut,global,1,candidate,measure-22,measure,row-v3,3,113209,110534,10.10645,034c0f430ec2a48c,1
scene-cut,global,1,candidate,measure-23,measure,row-v3,3,113209,110534,10.26843,034c0f430ec2a48c,1
scene-cut,global,1,candidate,measure-24,measure,row-v3,3,113209,110534,10.17172,034c0f430ec2a48c,1
scene-cut,global,2,candidate,control,anchor,row-v3,3,91303,88628,9.09760,743740e50850356b,1
scene-cut,global,2,candidate,control,no-ack,row-v3,3,113209,110534,9.08258,034c0f430ec2a48c,1
scene-cut,global,2,candidate,control,ack-pair,row-v3,3,113209,110534,10.96386,034c0f430ec2a48c,1
scene-cut,global,2,candidate,control,forgot-ref,row-v3,3,113209,110534,8.84410,034c0f430ec2a48c,1
scene-cut,global,2,candidate,control,anchor-id8,row-v3,3,113209,110534,8.78436,034c0f430ec2a48c,1
scene-cut,global,2,candidate,control,post-reset,row-v3,3,113209,110534,8.71148,034c0f430ec2a48c,1
scene-cut,global,2,candidate,measure-01,measure,row-v3,3,113209,110534,10.71306,034c0f430ec2a48c,1
scene-cut,global,2,candidate,measure-02,measure,row-v3,3,113209,110534,10.46790,034c0f430ec2a48c,1
scene-cut,global,2,candidate,measure-03,measure,row-v3,3,113209,110534,10.17630,034c0f430ec2a48c,1
scene-cut,global,2,candidate,measure-04,measure,row-v3,3,113209,110534,10.09050,034c0f430ec2a48c,1
scene-cut,global,2,candidate,measure-05,measure,row-v3,3,113209,110534,10.79919,034c0f430ec2a48c,1
scene-cut,global,2,candidate,measure-06,measure,row-v3,3,113209,110534,10.18374,034c0f430ec2a48c,1
scene-cut,global,2,candidate,measure-07,measure,row-v3,3,113209,110534,11.10590,034c0f430ec2a48c,1
scene-cut,global,2,candidate,measure-08,measure,row-v3,3,113209,110534,10.41961,034c0f430ec2a48c,1
scene-cut,global,2,candidate,measure-09,measure,row-v3,3,113209,110534,10.72874,034c0f430ec2a48c,1
scene-cut,global,2,candidate,measure-10,measure,row-v3,3,113209,110534,10.35072,034c0f430ec2a48c,1
scene-cut,global,2,candidate,measure-11,measure,row-v3,3,113209,110534,10.35951,034c0f430ec2a48c,1
scene-cut,global,2,candidate,measure-12,measure,row-v3,3,113209,110534,10.42857,034c0f430ec2a48c,1
scene-cut,global,2,candidate,measure-13,measure,row-v3,3,113209,110534,10.36092,034c0f430ec2a48c,1
scene-cut,global,2,candidate,measure-14,measure,row-v3,3,113209,110534,10.15489,034c0f430ec2a48c,1
scene-cut,global,2,candidate,measure-15,measure,row-v3,3,113209,110534,10.41535,034c0f430ec2a48c,1
scene-cut,global,2,candidate,measure-16,measure,row-v3,3,113209,110534,10.71442,034c0f430ec2a48c,1
scene-cut,global,2,candidate,measure-17,measure,row-v3,3,113209,110534,10.14634,034c0f430ec2a48c,1
scene-cut,global,2,candidate,measure-18,measure,row-v3,3,113209,110534,10.26094,034c0f430ec2a48c,1
scene-cut,global,2,candidate,measure-19,measure,row-v3,3,113209,110534,10.18011,034c0f430ec2a48c,1
scene-cut,global,2,candidate,measure-20,measure,row-v3,3,113209,110534,10.33134,034c0f430ec2a48c,1
scene-cut,global,2,candidate,measure-21,measure,row-v3,3,113209,110534,10.15811,034c0f430ec2a48c,1
scene-cut,global,2,candidate,measure-22,measure,row-v3,3,113209,110534,11.20231,034c0f430ec2a48c,1
scene-cut,global,2,candidate,measure-23,measure,row-v3,3,113209,110534,11.23023,034c0f430ec2a48c,1
scene-cut,global,2,candidate,measure-24,measure,row-v3,3,113209,110534,11.29670,034c0f430ec2a48c,1
scene-cut,global,3,baseline,control,anchor,independent,2,101724,99049,7.89438,743740e50850356b,1
scene-cut,global,3,baseline,control,no-ack,independent,2,138065,135390,7.93753,034c0f430ec2a48c,1
scene-cut,global,3,baseline,control,ack-pair,independent,2,138065,135390,9.62263,034c0f430ec2a48c,1
scene-cut,global,3,baseline,control,forgot-ref,independent,2,138065,135390,7.25497,034c0f430ec2a48c,1
scene-cut,global,3,baseline,control,anchor-id8,independent,2,138065,135390,7.19141,034c0f430ec2a48c,1
scene-cut,global,3,baseline,control,post-reset,independent,2,138065,135390,7.03359,034c0f430ec2a48c,1
scene-cut,global,3,baseline,measure-01,measure,independent,2,138065,135390,9.31003,034c0f430ec2a48c,1
scene-cut,global,3,baseline,measure-02,measure,independent,2,138065,135390,9.23036,034c0f430ec2a48c,1
scene-cut,global,3,baseline,measure-03,measure,independent,2,138065,135390,9.14904,034c0f430ec2a48c,1
scene-cut,global,3,baseline,measure-04,measure,independent,2,138065,135390,9.88742,034c0f430ec2a48c,1
scene-cut,global,3,baseline,measure-05,measure,independent,2,138065,135390,9.02017,034c0f430ec2a48c,1
scene-cut,global,3,baseline,measure-06,measure,independent,2,138065,135390,8.82857,034c0f430ec2a48c,1
scene-cut,global,3,baseline,measure-07,measure,independent,2,138065,135390,9.20759,034c0f430ec2a48c,1
scene-cut,global,3,baseline,measure-08,measure,independent,2,138065,135390,8.81317,034c0f430ec2a48c,1
scene-cut,global,3,baseline,measure-09,measure,independent,2,138065,135390,9.18656,034c0f430ec2a48c,1
scene-cut,global,3,baseline,measure-10,measure,independent,2,138065,135390,8.96576,034c0f430ec2a48c,1
scene-cut,global,3,baseline,measure-11,measure,independent,2,138065,135390,9.19873,034c0f430ec2a48c,1
scene-cut,global,3,baseline,measure-12,measure,independent,2,138065,135390,8.87116,034c0f430ec2a48c,1
scene-cut,global,3,baseline,measure-13,measure,independent,2,138065,135390,8.86300,034c0f430ec2a48c,1
scene-cut,global,3,baseline,measure-14,measure,independent,2,138065,135390,9.34935,034c0f430ec2a48c,1
scene-cut,global,3,baseline,measure-15,measure,independent,2,138065,135390,9.13399,034c0f430ec2a48c,1
scene-cut,global,3,baseline,measure-16,measure,independent,2,138065,135390,9.17706,034c0f430ec2a48c,1
scene-cut,global,3,baseline,measure-17,measure,independent,2,138065,135390,9.43379,034c0f430ec2a48c,1
scene-cut,global,3,baseline,measure-18,measure,independent,2,138065,135390,9.31360,034c0f430ec2a48c,1
scene-cut,global,3,baseline,measure-19,measure,independent,2,138065,135390,9.01722,034c0f430ec2a48c,1
scene-cut,global,3,baseline,measure-20,measure,independent,2,138065,135390,9.44534,034c0f430ec2a48c,1
scene-cut,global,3,baseline,measure-21,measure,independent,2,138065,135390,9.22247,034c0f430ec2a48c,1
scene-cut,global,3,baseline,measure-22,measure,independent,2,138065,135390,9.23297,034c0f430ec2a48c,1
scene-cut,global,3,baseline,measure-23,measure,independent,2,138065,135390,9.01900,034c0f430ec2a48c,1
scene-cut,global,3,baseline,measure-24,measure,independent,2,138065,135390,8.90531,034c0f430ec2a48c,1
scene-cut,regional,0,baseline,control,anchor,independent,2,101724,99049,7.29606,743740e50850356b,1
scene-cut,regional,0,baseline,control,no-ack,independent,2,138065,135390,6.89611,034c0f430ec2a48c,1
scene-cut,regional,0,baseline,control,ack-pair,independent,2,138065,135390,10.45737,034c0f430ec2a48c,1
scene-cut,regional,0,baseline,control,forgot-ref,independent,2,138065,135390,6.78117,034c0f430ec2a48c,1
scene-cut,regional,0,baseline,control,anchor-id8,independent,2,138065,135390,6.39935,034c0f430ec2a48c,1
scene-cut,regional,0,baseline,control,post-reset,independent,2,138065,135390,6.38943,034c0f430ec2a48c,1
scene-cut,regional,0,baseline,measure-01,measure,independent,2,138065,135390,9.94469,034c0f430ec2a48c,1
scene-cut,regional,0,baseline,measure-02,measure,independent,2,138065,135390,10.61596,034c0f430ec2a48c,1
scene-cut,regional,0,baseline,measure-03,measure,independent,2,138065,135390,10.42722,034c0f430ec2a48c,1
scene-cut,regional,0,baseline,measure-04,measure,independent,2,138065,135390,10.25115,034c0f430ec2a48c,1
scene-cut,regional,0,baseline,measure-05,measure,independent,2,138065,135390,10.69498,034c0f430ec2a48c,1
scene-cut,regional,0,baseline,measure-06,measure,independent,2,138065,135390,11.12810,034c0f430ec2a48c,1
scene-cut,regional,0,baseline,measure-07,measure,independent,2,138065,135390,11.46138,034c0f430ec2a48c,1
scene-cut,regional,0,baseline,measure-08,measure,independent,2,138065,135390,10.38478,034c0f430ec2a48c,1
scene-cut,regional,0,baseline,measure-09,measure,independent,2,138065,135390,10.73408,034c0f430ec2a48c,1
scene-cut,regional,0,baseline,measure-10,measure,independent,2,138065,135390,10.43454,034c0f430ec2a48c,1
scene-cut,regional,0,baseline,measure-11,measure,independent,2,138065,135390,10.73971,034c0f430ec2a48c,1
scene-cut,regional,0,baseline,measure-12,measure,independent,2,138065,135390,10.89573,034c0f430ec2a48c,1
scene-cut,regional,0,baseline,measure-13,measure,independent,2,138065,135390,10.61691,034c0f430ec2a48c,1
scene-cut,regional,0,baseline,measure-14,measure,independent,2,138065,135390,11.00108,034c0f430ec2a48c,1
scene-cut,regional,0,baseline,measure-15,measure,independent,2,138065,135390,10.47815,034c0f430ec2a48c,1
scene-cut,regional,0,baseline,measure-16,measure,independent,2,138065,135390,10.63394,034c0f430ec2a48c,1
scene-cut,regional,0,baseline,measure-17,measure,independent,2,138065,135390,10.72354,034c0f430ec2a48c,1
scene-cut,regional,0,baseline,measure-18,measure,independent,2,138065,135390,10.52183,034c0f430ec2a48c,1
scene-cut,regional,0,baseline,measure-19,measure,independent,2,138065,135390,11.48947,034c0f430ec2a48c,1
scene-cut,regional,0,baseline,measure-20,measure,independent,2,138065,135390,10.39368,034c0f430ec2a48c,1
scene-cut,regional,0,baseline,measure-21,measure,independent,2,138065,135390,10.36666,034c0f430ec2a48c,1
scene-cut,regional,0,baseline,measure-22,measure,independent,2,138065,135390,10.95400,034c0f430ec2a48c,1
scene-cut,regional,0,baseline,measure-23,measure,independent,2,138065,135390,11.30667,034c0f430ec2a48c,1
scene-cut,regional,0,baseline,measure-24,measure,independent,2,138065,135390,10.52707,034c0f430ec2a48c,1
scene-cut,regional,1,candidate,control,anchor,row-v3,3,91303,88628,8.77275,743740e50850356b,1
scene-cut,regional,1,candidate,control,no-ack,row-v3,3,113209,110534,8.81625,034c0f430ec2a48c,1
scene-cut,regional,1,candidate,control,ack-pair,row-v3,3,113209,110534,12.12551,034c0f430ec2a48c,1
scene-cut,regional,1,candidate,control,forgot-ref,row-v3,3,113209,110534,8.41697,034c0f430ec2a48c,1
scene-cut,regional,1,candidate,control,anchor-id8,row-v3,3,113209,110534,8.63156,034c0f430ec2a48c,1
scene-cut,regional,1,candidate,control,post-reset,row-v3,3,113209,110534,8.26830,034c0f430ec2a48c,1
scene-cut,regional,1,candidate,measure-01,measure,row-v3,3,113209,110534,12.37580,034c0f430ec2a48c,1
scene-cut,regional,1,candidate,measure-02,measure,row-v3,3,113209,110534,12.53336,034c0f430ec2a48c,1
scene-cut,regional,1,candidate,measure-03,measure,row-v3,3,113209,110534,12.68311,034c0f430ec2a48c,1
scene-cut,regional,1,candidate,measure-04,measure,row-v3,3,113209,110534,11.84538,034c0f430ec2a48c,1
scene-cut,regional,1,candidate,measure-05,measure,row-v3,3,113209,110534,11.98919,034c0f430ec2a48c,1
scene-cut,regional,1,candidate,measure-06,measure,row-v3,3,113209,110534,12.13652,034c0f430ec2a48c,1
scene-cut,regional,1,candidate,measure-07,measure,row-v3,3,113209,110534,12.24814,034c0f430ec2a48c,1
scene-cut,regional,1,candidate,measure-08,measure,row-v3,3,113209,110534,12.42892,034c0f430ec2a48c,1
scene-cut,regional,1,candidate,measure-09,measure,row-v3,3,113209,110534,12.60927,034c0f430ec2a48c,1
scene-cut,regional,1,candidate,measure-10,measure,row-v3,3,113209,110534,12.08825,034c0f430ec2a48c,1
scene-cut,regional,1,candidate,measure-11,measure,row-v3,3,113209,110534,11.98252,034c0f430ec2a48c,1
scene-cut,regional,1,candidate,measure-12,measure,row-v3,3,113209,110534,11.82194,034c0f430ec2a48c,1
scene-cut,regional,1,candidate,measure-13,measure,row-v3,3,113209,110534,12.16795,034c0f430ec2a48c,1
scene-cut,regional,1,candidate,measure-14,measure,row-v3,3,113209,110534,11.93030,034c0f430ec2a48c,1
scene-cut,regional,1,candidate,measure-15,measure,row-v3,3,113209,110534,12.22437,034c0f430ec2a48c,1
scene-cut,regional,1,candidate,measure-16,measure,row-v3,3,113209,110534,11.85646,034c0f430ec2a48c,1
scene-cut,regional,1,candidate,measure-17,measure,row-v3,3,113209,110534,12.57423,034c0f430ec2a48c,1
scene-cut,regional,1,candidate,measure-18,measure,row-v3,3,113209,110534,12.39355,034c0f430ec2a48c,1
scene-cut,regional,1,candidate,measure-19,measure,row-v3,3,113209,110534,11.87092,034c0f430ec2a48c,1
scene-cut,regional,1,candidate,measure-20,measure,row-v3,3,113209,110534,12.22810,034c0f430ec2a48c,1
scene-cut,regional,1,candidate,measure-21,measure,row-v3,3,113209,110534,11.97053,034c0f430ec2a48c,1
scene-cut,regional,1,candidate,measure-22,measure,row-v3,3,113209,110534,12.64141,034c0f430ec2a48c,1
scene-cut,regional,1,candidate,measure-23,measure,row-v3,3,113209,110534,12.31760,034c0f430ec2a48c,1
scene-cut,regional,1,candidate,measure-24,measure,row-v3,3,113209,110534,12.09686,034c0f430ec2a48c,1
scene-cut,regional,2,candidate,control,anchor,row-v3,3,91303,88628,8.42906,743740e50850356b,1
scene-cut,regional,2,candidate,control,no-ack,row-v3,3,113209,110534,8.37903,034c0f430ec2a48c,1
scene-cut,regional,2,candidate,control,ack-pair,row-v3,3,113209,110534,12.36542,034c0f430ec2a48c,1
scene-cut,regional,2,candidate,control,forgot-ref,row-v3,3,113209,110534,8.35926,034c0f430ec2a48c,1
scene-cut,regional,2,candidate,control,anchor-id8,row-v3,3,113209,110534,8.67627,034c0f430ec2a48c,1
scene-cut,regional,2,candidate,control,post-reset,row-v3,3,113209,110534,7.95532,034c0f430ec2a48c,1
scene-cut,regional,2,candidate,measure-01,measure,row-v3,3,113209,110534,12.04859,034c0f430ec2a48c,1
scene-cut,regional,2,candidate,measure-02,measure,row-v3,3,113209,110534,11.84160,034c0f430ec2a48c,1
scene-cut,regional,2,candidate,measure-03,measure,row-v3,3,113209,110534,12.13591,034c0f430ec2a48c,1
scene-cut,regional,2,candidate,measure-04,measure,row-v3,3,113209,110534,11.70127,034c0f430ec2a48c,1
scene-cut,regional,2,candidate,measure-05,measure,row-v3,3,113209,110534,11.72092,034c0f430ec2a48c,1
scene-cut,regional,2,candidate,measure-06,measure,row-v3,3,113209,110534,11.92840,034c0f430ec2a48c,1
scene-cut,regional,2,candidate,measure-07,measure,row-v3,3,113209,110534,11.95479,034c0f430ec2a48c,1
scene-cut,regional,2,candidate,measure-08,measure,row-v3,3,113209,110534,11.90816,034c0f430ec2a48c,1
scene-cut,regional,2,candidate,measure-09,measure,row-v3,3,113209,110534,11.56101,034c0f430ec2a48c,1
scene-cut,regional,2,candidate,measure-10,measure,row-v3,3,113209,110534,11.74643,034c0f430ec2a48c,1
scene-cut,regional,2,candidate,measure-11,measure,row-v3,3,113209,110534,12.07938,034c0f430ec2a48c,1
scene-cut,regional,2,candidate,measure-12,measure,row-v3,3,113209,110534,12.34084,034c0f430ec2a48c,1
scene-cut,regional,2,candidate,measure-13,measure,row-v3,3,113209,110534,11.70840,034c0f430ec2a48c,1
scene-cut,regional,2,candidate,measure-14,measure,row-v3,3,113209,110534,11.99133,034c0f430ec2a48c,1
scene-cut,regional,2,candidate,measure-15,measure,row-v3,3,113209,110534,13.59881,034c0f430ec2a48c,1
scene-cut,regional,2,candidate,measure-16,measure,row-v3,3,113209,110534,12.09932,034c0f430ec2a48c,1
scene-cut,regional,2,candidate,measure-17,measure,row-v3,3,113209,110534,11.94979,034c0f430ec2a48c,1
scene-cut,regional,2,candidate,measure-18,measure,row-v3,3,113209,110534,12.12916,034c0f430ec2a48c,1
scene-cut,regional,2,candidate,measure-19,measure,row-v3,3,113209,110534,11.92318,034c0f430ec2a48c,1
scene-cut,regional,2,candidate,measure-20,measure,row-v3,3,113209,110534,11.79415,034c0f430ec2a48c,1
scene-cut,regional,2,candidate,measure-21,measure,row-v3,3,113209,110534,12.07744,034c0f430ec2a48c,1
scene-cut,regional,2,candidate,measure-22,measure,row-v3,3,113209,110534,11.87353,034c0f430ec2a48c,1
scene-cut,regional,2,candidate,measure-23,measure,row-v3,3,113209,110534,11.76182,034c0f430ec2a48c,1
scene-cut,regional,2,candidate,measure-24,measure,row-v3,3,113209,110534,11.84364,034c0f430ec2a48c,1
scene-cut,regional,3,baseline,control,anchor,independent,2,101724,99049,8.06392,743740e50850356b,1
scene-cut,regional,3,baseline,control,no-ack,independent,2,138065,135390,7.80123,034c0f430ec2a48c,1
scene-cut,regional,3,baseline,control,ack-pair,independent,2,138065,135390,12.14497,034c0f430ec2a48c,1
scene-cut,regional,3,baseline,control,forgot-ref,independent,2,138065,135390,7.72182,034c0f430ec2a48c,1
scene-cut,regional,3,baseline,control,anchor-id8,independent,2,138065,135390,8.03383,034c0f430ec2a48c,1
scene-cut,regional,3,baseline,control,post-reset,independent,2,138065,135390,7.81945,034c0f430ec2a48c,1
scene-cut,regional,3,baseline,measure-01,measure,independent,2,138065,135390,11.05279,034c0f430ec2a48c,1
scene-cut,regional,3,baseline,measure-02,measure,independent,2,138065,135390,10.75068,034c0f430ec2a48c,1
scene-cut,regional,3,baseline,measure-03,measure,independent,2,138065,135390,10.92853,034c0f430ec2a48c,1
scene-cut,regional,3,baseline,measure-04,measure,independent,2,138065,135390,11.49404,034c0f430ec2a48c,1
scene-cut,regional,3,baseline,measure-05,measure,independent,2,138065,135390,10.62315,034c0f430ec2a48c,1
scene-cut,regional,3,baseline,measure-06,measure,independent,2,138065,135390,10.85175,034c0f430ec2a48c,1
scene-cut,regional,3,baseline,measure-07,measure,independent,2,138065,135390,10.76558,034c0f430ec2a48c,1
scene-cut,regional,3,baseline,measure-08,measure,independent,2,138065,135390,10.72516,034c0f430ec2a48c,1
scene-cut,regional,3,baseline,measure-09,measure,independent,2,138065,135390,10.64216,034c0f430ec2a48c,1
scene-cut,regional,3,baseline,measure-10,measure,independent,2,138065,135390,10.66351,034c0f430ec2a48c,1
scene-cut,regional,3,baseline,measure-11,measure,independent,2,138065,135390,11.06909,034c0f430ec2a48c,1
scene-cut,regional,3,baseline,measure-12,measure,independent,2,138065,135390,11.21297,034c0f430ec2a48c,1
scene-cut,regional,3,baseline,measure-13,measure,independent,2,138065,135390,11.33522,034c0f430ec2a48c,1
scene-cut,regional,3,baseline,measure-14,measure,independent,2,138065,135390,12.03256,034c0f430ec2a48c,1
scene-cut,regional,3,baseline,measure-15,measure,independent,2,138065,135390,10.91242,034c0f430ec2a48c,1
scene-cut,regional,3,baseline,measure-16,measure,independent,2,138065,135390,10.75171,034c0f430ec2a48c,1
scene-cut,regional,3,baseline,measure-17,measure,independent,2,138065,135390,10.91546,034c0f430ec2a48c,1
scene-cut,regional,3,baseline,measure-18,measure,independent,2,138065,135390,10.83355,034c0f430ec2a48c,1
scene-cut,regional,3,baseline,measure-19,measure,independent,2,138065,135390,10.96097,034c0f430ec2a48c,1
scene-cut,regional,3,baseline,measure-20,measure,independent,2,138065,135390,11.36561,034c0f430ec2a48c,1
scene-cut,regional,3,baseline,measure-21,measure,independent,2,138065,135390,11.08788,034c0f430ec2a48c,1
scene-cut,regional,3,baseline,measure-22,measure,independent,2,138065,135390,10.91523,034c0f430ec2a48c,1
scene-cut,regional,3,baseline,measure-23,measure,independent,2,138065,135390,11.26307,034c0f430ec2a48c,1
scene-cut,regional,3,baseline,measure-24,measure,independent,2,138065,135390,11.03705,034c0f430ec2a48c,1
independent-noack,global,0,baseline,control,anchor,independent,2,101724,99049,7.13351,743740e50850356b,1
independent-noack,global,0,baseline,control,no-ack,independent,2,102116,99441,6.49769,8030ea57249b6c82,1
independent-noack,global,0,baseline,control,ack-pair,independent,2,102116,99441,6.69488,8030ea57249b6c82,1
independent-noack,global,0,baseline,control,forgot-ref,independent,2,102116,99441,7.43575,8030ea57249b6c82,1
independent-noack,global,0,baseline,control,anchor-id8,independent,2,102116,99441,6.18958,8030ea57249b6c82,1
independent-noack,global,0,baseline,control,post-reset,independent,2,102116,99441,6.56402,8030ea57249b6c82,1
independent-noack,global,0,baseline,measure-01,measure,independent,2,102116,99441,6.33695,8030ea57249b6c82,1
independent-noack,global,0,baseline,measure-02,measure,independent,2,102116,99441,6.33062,8030ea57249b6c82,1
independent-noack,global,0,baseline,measure-03,measure,independent,2,102116,99441,6.30865,8030ea57249b6c82,1
independent-noack,global,0,baseline,measure-04,measure,independent,2,102116,99441,6.50029,8030ea57249b6c82,1
independent-noack,global,0,baseline,measure-05,measure,independent,2,102116,99441,6.27733,8030ea57249b6c82,1
independent-noack,global,0,baseline,measure-06,measure,independent,2,102116,99441,6.23447,8030ea57249b6c82,1
independent-noack,global,0,baseline,measure-07,measure,independent,2,102116,99441,6.36669,8030ea57249b6c82,1
independent-noack,global,0,baseline,measure-08,measure,independent,2,102116,99441,6.24323,8030ea57249b6c82,1
independent-noack,global,0,baseline,measure-09,measure,independent,2,102116,99441,6.34168,8030ea57249b6c82,1
independent-noack,global,0,baseline,measure-10,measure,independent,2,102116,99441,6.14339,8030ea57249b6c82,1
independent-noack,global,0,baseline,measure-11,measure,independent,2,102116,99441,6.61514,8030ea57249b6c82,1
independent-noack,global,0,baseline,measure-12,measure,independent,2,102116,99441,6.26049,8030ea57249b6c82,1
independent-noack,global,0,baseline,measure-13,measure,independent,2,102116,99441,6.22533,8030ea57249b6c82,1
independent-noack,global,0,baseline,measure-14,measure,independent,2,102116,99441,6.48704,8030ea57249b6c82,1
independent-noack,global,0,baseline,measure-15,measure,independent,2,102116,99441,6.65485,8030ea57249b6c82,1
independent-noack,global,0,baseline,measure-16,measure,independent,2,102116,99441,6.76315,8030ea57249b6c82,1
independent-noack,global,0,baseline,measure-17,measure,independent,2,102116,99441,6.58032,8030ea57249b6c82,1
independent-noack,global,0,baseline,measure-18,measure,independent,2,102116,99441,6.38802,8030ea57249b6c82,1
independent-noack,global,0,baseline,measure-19,measure,independent,2,102116,99441,6.36082,8030ea57249b6c82,1
independent-noack,global,0,baseline,measure-20,measure,independent,2,102116,99441,6.68481,8030ea57249b6c82,1
independent-noack,global,0,baseline,measure-21,measure,independent,2,102116,99441,6.46619,8030ea57249b6c82,1
independent-noack,global,0,baseline,measure-22,measure,independent,2,102116,99441,6.29685,8030ea57249b6c82,1
independent-noack,global,0,baseline,measure-23,measure,independent,2,102116,99441,6.32850,8030ea57249b6c82,1
independent-noack,global,0,baseline,measure-24,measure,independent,2,102116,99441,6.44733,8030ea57249b6c82,1
independent-noack,global,1,candidate,control,anchor,row-v3,3,91303,88628,8.32327,743740e50850356b,1
independent-noack,global,1,candidate,control,no-ack,row-v3,3,91221,88546,7.44656,8030ea57249b6c82,1
independent-noack,global,1,candidate,control,ack-pair,row-v3,3,91221,88546,7.54594,8030ea57249b6c82,1
independent-noack,global,1,candidate,control,forgot-ref,row-v3,3,91221,88546,7.36532,8030ea57249b6c82,1
independent-noack,global,1,candidate,control,anchor-id8,row-v3,3,91221,88546,7.46143,8030ea57249b6c82,1
independent-noack,global,1,candidate,control,post-reset,row-v3,3,91221,88546,7.37020,8030ea57249b6c82,1
independent-noack,global,1,candidate,measure-01,measure,row-v3,3,91221,88546,7.30224,8030ea57249b6c82,1
independent-noack,global,1,candidate,measure-02,measure,row-v3,3,91221,88546,7.48896,8030ea57249b6c82,1
independent-noack,global,1,candidate,measure-03,measure,row-v3,3,91221,88546,7.30393,8030ea57249b6c82,1
independent-noack,global,1,candidate,measure-04,measure,row-v3,3,91221,88546,7.40911,8030ea57249b6c82,1
independent-noack,global,1,candidate,measure-05,measure,row-v3,3,91221,88546,7.98989,8030ea57249b6c82,1
independent-noack,global,1,candidate,measure-06,measure,row-v3,3,91221,88546,7.49260,8030ea57249b6c82,1
independent-noack,global,1,candidate,measure-07,measure,row-v3,3,91221,88546,7.47178,8030ea57249b6c82,1
independent-noack,global,1,candidate,measure-08,measure,row-v3,3,91221,88546,7.87806,8030ea57249b6c82,1
independent-noack,global,1,candidate,measure-09,measure,row-v3,3,91221,88546,7.44905,8030ea57249b6c82,1
independent-noack,global,1,candidate,measure-10,measure,row-v3,3,91221,88546,7.35147,8030ea57249b6c82,1
independent-noack,global,1,candidate,measure-11,measure,row-v3,3,91221,88546,7.45476,8030ea57249b6c82,1
independent-noack,global,1,candidate,measure-12,measure,row-v3,3,91221,88546,7.59620,8030ea57249b6c82,1
independent-noack,global,1,candidate,measure-13,measure,row-v3,3,91221,88546,7.62511,8030ea57249b6c82,1
independent-noack,global,1,candidate,measure-14,measure,row-v3,3,91221,88546,7.30690,8030ea57249b6c82,1
independent-noack,global,1,candidate,measure-15,measure,row-v3,3,91221,88546,7.43822,8030ea57249b6c82,1
independent-noack,global,1,candidate,measure-16,measure,row-v3,3,91221,88546,7.74515,8030ea57249b6c82,1
independent-noack,global,1,candidate,measure-17,measure,row-v3,3,91221,88546,7.38485,8030ea57249b6c82,1
independent-noack,global,1,candidate,measure-18,measure,row-v3,3,91221,88546,7.76733,8030ea57249b6c82,1
independent-noack,global,1,candidate,measure-19,measure,row-v3,3,91221,88546,7.47908,8030ea57249b6c82,1
independent-noack,global,1,candidate,measure-20,measure,row-v3,3,91221,88546,8.03705,8030ea57249b6c82,1
independent-noack,global,1,candidate,measure-21,measure,row-v3,3,91221,88546,7.55761,8030ea57249b6c82,1
independent-noack,global,1,candidate,measure-22,measure,row-v3,3,91221,88546,7.64476,8030ea57249b6c82,1
independent-noack,global,1,candidate,measure-23,measure,row-v3,3,91221,88546,8.01727,8030ea57249b6c82,1
independent-noack,global,1,candidate,measure-24,measure,row-v3,3,91221,88546,7.49506,8030ea57249b6c82,1
independent-noack,global,2,candidate,control,anchor,row-v3,3,91303,88628,8.67902,743740e50850356b,1
independent-noack,global,2,candidate,control,no-ack,row-v3,3,91221,88546,8.49178,8030ea57249b6c82,1
independent-noack,global,2,candidate,control,ack-pair,row-v3,3,91221,88546,7.93049,8030ea57249b6c82,1
independent-noack,global,2,candidate,control,forgot-ref,row-v3,3,91221,88546,8.08451,8030ea57249b6c82,1
independent-noack,global,2,candidate,control,anchor-id8,row-v3,3,91221,88546,7.99640,8030ea57249b6c82,1
independent-noack,global,2,candidate,control,post-reset,row-v3,3,91221,88546,7.70236,8030ea57249b6c82,1
independent-noack,global,2,candidate,measure-01,measure,row-v3,3,91221,88546,8.30274,8030ea57249b6c82,1
independent-noack,global,2,candidate,measure-02,measure,row-v3,3,91221,88546,7.72368,8030ea57249b6c82,1
independent-noack,global,2,candidate,measure-03,measure,row-v3,3,91221,88546,8.61818,8030ea57249b6c82,1
independent-noack,global,2,candidate,measure-04,measure,row-v3,3,91221,88546,8.39439,8030ea57249b6c82,1
independent-noack,global,2,candidate,measure-05,measure,row-v3,3,91221,88546,7.86914,8030ea57249b6c82,1
independent-noack,global,2,candidate,measure-06,measure,row-v3,3,91221,88546,8.18854,8030ea57249b6c82,1
independent-noack,global,2,candidate,measure-07,measure,row-v3,3,91221,88546,9.39489,8030ea57249b6c82,1
independent-noack,global,2,candidate,measure-08,measure,row-v3,3,91221,88546,8.84323,8030ea57249b6c82,1
independent-noack,global,2,candidate,measure-09,measure,row-v3,3,91221,88546,9.87037,8030ea57249b6c82,1
independent-noack,global,2,candidate,measure-10,measure,row-v3,3,91221,88546,7.97224,8030ea57249b6c82,1
independent-noack,global,2,candidate,measure-11,measure,row-v3,3,91221,88546,8.58144,8030ea57249b6c82,1
independent-noack,global,2,candidate,measure-12,measure,row-v3,3,91221,88546,7.90833,8030ea57249b6c82,1
independent-noack,global,2,candidate,measure-13,measure,row-v3,3,91221,88546,7.92806,8030ea57249b6c82,1
independent-noack,global,2,candidate,measure-14,measure,row-v3,3,91221,88546,7.67921,8030ea57249b6c82,1
independent-noack,global,2,candidate,measure-15,measure,row-v3,3,91221,88546,7.69552,8030ea57249b6c82,1
independent-noack,global,2,candidate,measure-16,measure,row-v3,3,91221,88546,7.80059,8030ea57249b6c82,1
independent-noack,global,2,candidate,measure-17,measure,row-v3,3,91221,88546,7.71028,8030ea57249b6c82,1
independent-noack,global,2,candidate,measure-18,measure,row-v3,3,91221,88546,7.79591,8030ea57249b6c82,1
independent-noack,global,2,candidate,measure-19,measure,row-v3,3,91221,88546,7.69530,8030ea57249b6c82,1
independent-noack,global,2,candidate,measure-20,measure,row-v3,3,91221,88546,8.12609,8030ea57249b6c82,1
independent-noack,global,2,candidate,measure-21,measure,row-v3,3,91221,88546,7.59511,8030ea57249b6c82,1
independent-noack,global,2,candidate,measure-22,measure,row-v3,3,91221,88546,7.72445,8030ea57249b6c82,1
independent-noack,global,2,candidate,measure-23,measure,row-v3,3,91221,88546,7.97008,8030ea57249b6c82,1
independent-noack,global,2,candidate,measure-24,measure,row-v3,3,91221,88546,7.67761,8030ea57249b6c82,1
independent-noack,global,3,baseline,control,anchor,independent,2,101724,99049,8.56530,743740e50850356b,1
independent-noack,global,3,baseline,control,no-ack,independent,2,102116,99441,7.68591,8030ea57249b6c82,1
independent-noack,global,3,baseline,control,ack-pair,independent,2,102116,99441,7.28013,8030ea57249b6c82,1
independent-noack,global,3,baseline,control,forgot-ref,independent,2,102116,99441,7.50912,8030ea57249b6c82,1
independent-noack,global,3,baseline,control,anchor-id8,independent,2,102116,99441,7.06393,8030ea57249b6c82,1
independent-noack,global,3,baseline,control,post-reset,independent,2,102116,99441,7.02070,8030ea57249b6c82,1
independent-noack,global,3,baseline,measure-01,measure,independent,2,102116,99441,6.72806,8030ea57249b6c82,1
independent-noack,global,3,baseline,measure-02,measure,independent,2,102116,99441,6.37652,8030ea57249b6c82,1
independent-noack,global,3,baseline,measure-03,measure,independent,2,102116,99441,6.50778,8030ea57249b6c82,1
independent-noack,global,3,baseline,measure-04,measure,independent,2,102116,99441,7.14663,8030ea57249b6c82,1
independent-noack,global,3,baseline,measure-05,measure,independent,2,102116,99441,7.07011,8030ea57249b6c82,1
independent-noack,global,3,baseline,measure-06,measure,independent,2,102116,99441,6.99703,8030ea57249b6c82,1
independent-noack,global,3,baseline,measure-07,measure,independent,2,102116,99441,7.43228,8030ea57249b6c82,1
independent-noack,global,3,baseline,measure-08,measure,independent,2,102116,99441,7.40422,8030ea57249b6c82,1
independent-noack,global,3,baseline,measure-09,measure,independent,2,102116,99441,7.20494,8030ea57249b6c82,1
independent-noack,global,3,baseline,measure-10,measure,independent,2,102116,99441,6.64456,8030ea57249b6c82,1
independent-noack,global,3,baseline,measure-11,measure,independent,2,102116,99441,7.15059,8030ea57249b6c82,1
independent-noack,global,3,baseline,measure-12,measure,independent,2,102116,99441,6.74539,8030ea57249b6c82,1
independent-noack,global,3,baseline,measure-13,measure,independent,2,102116,99441,6.78571,8030ea57249b6c82,1
independent-noack,global,3,baseline,measure-14,measure,independent,2,102116,99441,6.53564,8030ea57249b6c82,1
independent-noack,global,3,baseline,measure-15,measure,independent,2,102116,99441,7.04977,8030ea57249b6c82,1
independent-noack,global,3,baseline,measure-16,measure,independent,2,102116,99441,6.86264,8030ea57249b6c82,1
independent-noack,global,3,baseline,measure-17,measure,independent,2,102116,99441,7.03160,8030ea57249b6c82,1
independent-noack,global,3,baseline,measure-18,measure,independent,2,102116,99441,7.62803,8030ea57249b6c82,1
independent-noack,global,3,baseline,measure-19,measure,independent,2,102116,99441,6.71763,8030ea57249b6c82,1
independent-noack,global,3,baseline,measure-20,measure,independent,2,102116,99441,6.50145,8030ea57249b6c82,1
independent-noack,global,3,baseline,measure-21,measure,independent,2,102116,99441,6.86950,8030ea57249b6c82,1
independent-noack,global,3,baseline,measure-22,measure,independent,2,102116,99441,6.51193,8030ea57249b6c82,1
independent-noack,global,3,baseline,measure-23,measure,independent,2,102116,99441,6.61303,8030ea57249b6c82,1
independent-noack,global,3,baseline,measure-24,measure,independent,2,102116,99441,7.75661,8030ea57249b6c82,1
independent-noack,regional,0,baseline,control,anchor,independent,2,101724,99049,7.22168,743740e50850356b,1
independent-noack,regional,0,baseline,control,no-ack,independent,2,102116,99441,6.72872,8030ea57249b6c82,1
independent-noack,regional,0,baseline,control,ack-pair,independent,2,102116,99441,6.50303,8030ea57249b6c82,1
independent-noack,regional,0,baseline,control,forgot-ref,independent,2,102116,99441,6.21108,8030ea57249b6c82,1
independent-noack,regional,0,baseline,control,anchor-id8,independent,2,102116,99441,6.12948,8030ea57249b6c82,1
independent-noack,regional,0,baseline,control,post-reset,independent,2,102116,99441,6.29561,8030ea57249b6c82,1
independent-noack,regional,0,baseline,measure-01,measure,independent,2,102116,99441,6.57591,8030ea57249b6c82,1
independent-noack,regional,0,baseline,measure-02,measure,independent,2,102116,99441,6.66729,8030ea57249b6c82,1
independent-noack,regional,0,baseline,measure-03,measure,independent,2,102116,99441,6.55091,8030ea57249b6c82,1
independent-noack,regional,0,baseline,measure-04,measure,independent,2,102116,99441,6.56552,8030ea57249b6c82,1
independent-noack,regional,0,baseline,measure-05,measure,independent,2,102116,99441,6.81835,8030ea57249b6c82,1
independent-noack,regional,0,baseline,measure-06,measure,independent,2,102116,99441,6.53538,8030ea57249b6c82,1
independent-noack,regional,0,baseline,measure-07,measure,independent,2,102116,99441,6.27869,8030ea57249b6c82,1
independent-noack,regional,0,baseline,measure-08,measure,independent,2,102116,99441,6.73186,8030ea57249b6c82,1
independent-noack,regional,0,baseline,measure-09,measure,independent,2,102116,99441,6.27783,8030ea57249b6c82,1
independent-noack,regional,0,baseline,measure-10,measure,independent,2,102116,99441,6.17080,8030ea57249b6c82,1
independent-noack,regional,0,baseline,measure-11,measure,independent,2,102116,99441,6.45356,8030ea57249b6c82,1
independent-noack,regional,0,baseline,measure-12,measure,independent,2,102116,99441,6.14992,8030ea57249b6c82,1
independent-noack,regional,0,baseline,measure-13,measure,independent,2,102116,99441,6.76959,8030ea57249b6c82,1
independent-noack,regional,0,baseline,measure-14,measure,independent,2,102116,99441,6.64470,8030ea57249b6c82,1
independent-noack,regional,0,baseline,measure-15,measure,independent,2,102116,99441,6.51809,8030ea57249b6c82,1
independent-noack,regional,0,baseline,measure-16,measure,independent,2,102116,99441,6.41048,8030ea57249b6c82,1
independent-noack,regional,0,baseline,measure-17,measure,independent,2,102116,99441,6.47139,8030ea57249b6c82,1
independent-noack,regional,0,baseline,measure-18,measure,independent,2,102116,99441,6.81795,8030ea57249b6c82,1
independent-noack,regional,0,baseline,measure-19,measure,independent,2,102116,99441,6.39675,8030ea57249b6c82,1
independent-noack,regional,0,baseline,measure-20,measure,independent,2,102116,99441,6.27013,8030ea57249b6c82,1
independent-noack,regional,0,baseline,measure-21,measure,independent,2,102116,99441,6.27372,8030ea57249b6c82,1
independent-noack,regional,0,baseline,measure-22,measure,independent,2,102116,99441,6.45191,8030ea57249b6c82,1
independent-noack,regional,0,baseline,measure-23,measure,independent,2,102116,99441,6.87154,8030ea57249b6c82,1
independent-noack,regional,0,baseline,measure-24,measure,independent,2,102116,99441,6.48417,8030ea57249b6c82,1
independent-noack,regional,1,candidate,control,anchor,row-v3,3,91303,88628,8.62644,743740e50850356b,1
independent-noack,regional,1,candidate,control,no-ack,row-v3,3,91221,88546,7.67929,8030ea57249b6c82,1
independent-noack,regional,1,candidate,control,ack-pair,row-v3,3,91221,88546,7.75484,8030ea57249b6c82,1
independent-noack,regional,1,candidate,control,forgot-ref,row-v3,3,91221,88546,7.59204,8030ea57249b6c82,1
independent-noack,regional,1,candidate,control,anchor-id8,row-v3,3,91221,88546,7.47718,8030ea57249b6c82,1
independent-noack,regional,1,candidate,control,post-reset,row-v3,3,91221,88546,7.37026,8030ea57249b6c82,1
independent-noack,regional,1,candidate,measure-01,measure,row-v3,3,91221,88546,7.67166,8030ea57249b6c82,1
independent-noack,regional,1,candidate,measure-02,measure,row-v3,3,91221,88546,7.31474,8030ea57249b6c82,1
independent-noack,regional,1,candidate,measure-03,measure,row-v3,3,91221,88546,8.16979,8030ea57249b6c82,1
independent-noack,regional,1,candidate,measure-04,measure,row-v3,3,91221,88546,7.77844,8030ea57249b6c82,1
independent-noack,regional,1,candidate,measure-05,measure,row-v3,3,91221,88546,7.99098,8030ea57249b6c82,1
independent-noack,regional,1,candidate,measure-06,measure,row-v3,3,91221,88546,7.64172,8030ea57249b6c82,1
independent-noack,regional,1,candidate,measure-07,measure,row-v3,3,91221,88546,8.01318,8030ea57249b6c82,1
independent-noack,regional,1,candidate,measure-08,measure,row-v3,3,91221,88546,8.55401,8030ea57249b6c82,1
independent-noack,regional,1,candidate,measure-09,measure,row-v3,3,91221,88546,7.98992,8030ea57249b6c82,1
independent-noack,regional,1,candidate,measure-10,measure,row-v3,3,91221,88546,8.15096,8030ea57249b6c82,1
independent-noack,regional,1,candidate,measure-11,measure,row-v3,3,91221,88546,7.94791,8030ea57249b6c82,1
independent-noack,regional,1,candidate,measure-12,measure,row-v3,3,91221,88546,7.69347,8030ea57249b6c82,1
independent-noack,regional,1,candidate,measure-13,measure,row-v3,3,91221,88546,7.89832,8030ea57249b6c82,1
independent-noack,regional,1,candidate,measure-14,measure,row-v3,3,91221,88546,7.69890,8030ea57249b6c82,1
independent-noack,regional,1,candidate,measure-15,measure,row-v3,3,91221,88546,7.38343,8030ea57249b6c82,1
independent-noack,regional,1,candidate,measure-16,measure,row-v3,3,91221,88546,7.57115,8030ea57249b6c82,1
independent-noack,regional,1,candidate,measure-17,measure,row-v3,3,91221,88546,7.80853,8030ea57249b6c82,1
independent-noack,regional,1,candidate,measure-18,measure,row-v3,3,91221,88546,7.67314,8030ea57249b6c82,1
independent-noack,regional,1,candidate,measure-19,measure,row-v3,3,91221,88546,7.82211,8030ea57249b6c82,1
independent-noack,regional,1,candidate,measure-20,measure,row-v3,3,91221,88546,7.64035,8030ea57249b6c82,1
independent-noack,regional,1,candidate,measure-21,measure,row-v3,3,91221,88546,7.36497,8030ea57249b6c82,1
independent-noack,regional,1,candidate,measure-22,measure,row-v3,3,91221,88546,7.97792,8030ea57249b6c82,1
independent-noack,regional,1,candidate,measure-23,measure,row-v3,3,91221,88546,7.75861,8030ea57249b6c82,1
independent-noack,regional,1,candidate,measure-24,measure,row-v3,3,91221,88546,7.52357,8030ea57249b6c82,1
independent-noack,regional,2,candidate,control,anchor,row-v3,3,91303,88628,8.77638,743740e50850356b,1
independent-noack,regional,2,candidate,control,no-ack,row-v3,3,91221,88546,8.35726,8030ea57249b6c82,1
independent-noack,regional,2,candidate,control,ack-pair,row-v3,3,91221,88546,8.22018,8030ea57249b6c82,1
independent-noack,regional,2,candidate,control,forgot-ref,row-v3,3,91221,88546,8.14192,8030ea57249b6c82,1
independent-noack,regional,2,candidate,control,anchor-id8,row-v3,3,91221,88546,8.12790,8030ea57249b6c82,1
independent-noack,regional,2,candidate,control,post-reset,row-v3,3,91221,88546,8.16316,8030ea57249b6c82,1
independent-noack,regional,2,candidate,measure-01,measure,row-v3,3,91221,88546,8.72565,8030ea57249b6c82,1
independent-noack,regional,2,candidate,measure-02,measure,row-v3,3,91221,88546,7.95519,8030ea57249b6c82,1
independent-noack,regional,2,candidate,measure-03,measure,row-v3,3,91221,88546,8.36483,8030ea57249b6c82,1
independent-noack,regional,2,candidate,measure-04,measure,row-v3,3,91221,88546,8.04357,8030ea57249b6c82,1
independent-noack,regional,2,candidate,measure-05,measure,row-v3,3,91221,88546,8.28012,8030ea57249b6c82,1
independent-noack,regional,2,candidate,measure-06,measure,row-v3,3,91221,88546,8.15040,8030ea57249b6c82,1
independent-noack,regional,2,candidate,measure-07,measure,row-v3,3,91221,88546,8.00553,8030ea57249b6c82,1
independent-noack,regional,2,candidate,measure-08,measure,row-v3,3,91221,88546,7.89188,8030ea57249b6c82,1
independent-noack,regional,2,candidate,measure-09,measure,row-v3,3,91221,88546,8.05393,8030ea57249b6c82,1
independent-noack,regional,2,candidate,measure-10,measure,row-v3,3,91221,88546,8.00626,8030ea57249b6c82,1
independent-noack,regional,2,candidate,measure-11,measure,row-v3,3,91221,88546,8.24369,8030ea57249b6c82,1
independent-noack,regional,2,candidate,measure-12,measure,row-v3,3,91221,88546,8.59067,8030ea57249b6c82,1
independent-noack,regional,2,candidate,measure-13,measure,row-v3,3,91221,88546,8.49622,8030ea57249b6c82,1
independent-noack,regional,2,candidate,measure-14,measure,row-v3,3,91221,88546,8.11537,8030ea57249b6c82,1
independent-noack,regional,2,candidate,measure-15,measure,row-v3,3,91221,88546,8.33008,8030ea57249b6c82,1
independent-noack,regional,2,candidate,measure-16,measure,row-v3,3,91221,88546,8.38542,8030ea57249b6c82,1
independent-noack,regional,2,candidate,measure-17,measure,row-v3,3,91221,88546,8.34887,8030ea57249b6c82,1
independent-noack,regional,2,candidate,measure-18,measure,row-v3,3,91221,88546,8.13497,8030ea57249b6c82,1
independent-noack,regional,2,candidate,measure-19,measure,row-v3,3,91221,88546,8.14776,8030ea57249b6c82,1
independent-noack,regional,2,candidate,measure-20,measure,row-v3,3,91221,88546,8.06628,8030ea57249b6c82,1
independent-noack,regional,2,candidate,measure-21,measure,row-v3,3,91221,88546,8.03742,8030ea57249b6c82,1
independent-noack,regional,2,candidate,measure-22,measure,row-v3,3,91221,88546,8.12471,8030ea57249b6c82,1
independent-noack,regional,2,candidate,measure-23,measure,row-v3,3,91221,88546,8.73871,8030ea57249b6c82,1
independent-noack,regional,2,candidate,measure-24,measure,row-v3,3,91221,88546,8.42176,8030ea57249b6c82,1
independent-noack,regional,3,baseline,control,anchor,independent,2,101724,99049,7.29253,743740e50850356b,1
independent-noack,regional,3,baseline,control,no-ack,independent,2,102116,99441,6.61382,8030ea57249b6c82,1
independent-noack,regional,3,baseline,control,ack-pair,independent,2,102116,99441,6.58690,8030ea57249b6c82,1
independent-noack,regional,3,baseline,control,forgot-ref,independent,2,102116,99441,6.54252,8030ea57249b6c82,1
independent-noack,regional,3,baseline,control,anchor-id8,independent,2,102116,99441,6.56799,8030ea57249b6c82,1
independent-noack,regional,3,baseline,control,post-reset,independent,2,102116,99441,6.11127,8030ea57249b6c82,1
independent-noack,regional,3,baseline,measure-01,measure,independent,2,102116,99441,6.32020,8030ea57249b6c82,1
independent-noack,regional,3,baseline,measure-02,measure,independent,2,102116,99441,6.32440,8030ea57249b6c82,1
independent-noack,regional,3,baseline,measure-03,measure,independent,2,102116,99441,6.63436,8030ea57249b6c82,1
independent-noack,regional,3,baseline,measure-04,measure,independent,2,102116,99441,6.47515,8030ea57249b6c82,1
independent-noack,regional,3,baseline,measure-05,measure,independent,2,102116,99441,6.42117,8030ea57249b6c82,1
independent-noack,regional,3,baseline,measure-06,measure,independent,2,102116,99441,6.44078,8030ea57249b6c82,1
independent-noack,regional,3,baseline,measure-07,measure,independent,2,102116,99441,6.29310,8030ea57249b6c82,1
independent-noack,regional,3,baseline,measure-08,measure,independent,2,102116,99441,6.30602,8030ea57249b6c82,1
independent-noack,regional,3,baseline,measure-09,measure,independent,2,102116,99441,6.50881,8030ea57249b6c82,1
independent-noack,regional,3,baseline,measure-10,measure,independent,2,102116,99441,7.16863,8030ea57249b6c82,1
independent-noack,regional,3,baseline,measure-11,measure,independent,2,102116,99441,6.46999,8030ea57249b6c82,1
independent-noack,regional,3,baseline,measure-12,measure,independent,2,102116,99441,6.68849,8030ea57249b6c82,1
independent-noack,regional,3,baseline,measure-13,measure,independent,2,102116,99441,6.95797,8030ea57249b6c82,1
independent-noack,regional,3,baseline,measure-14,measure,independent,2,102116,99441,6.90493,8030ea57249b6c82,1
independent-noack,regional,3,baseline,measure-15,measure,independent,2,102116,99441,6.55434,8030ea57249b6c82,1
independent-noack,regional,3,baseline,measure-16,measure,independent,2,102116,99441,6.13725,8030ea57249b6c82,1
independent-noack,regional,3,baseline,measure-17,measure,independent,2,102116,99441,6.34550,8030ea57249b6c82,1
independent-noack,regional,3,baseline,measure-18,measure,independent,2,102116,99441,6.34502,8030ea57249b6c82,1
independent-noack,regional,3,baseline,measure-19,measure,independent,2,102116,99441,6.43088,8030ea57249b6c82,1
independent-noack,regional,3,baseline,measure-20,measure,independent,2,102116,99441,6.36419,8030ea57249b6c82,1
independent-noack,regional,3,baseline,measure-21,measure,independent,2,102116,99441,6.62822,8030ea57249b6c82,1
independent-noack,regional,3,baseline,measure-22,measure,independent,2,102116,99441,6.72837,8030ea57249b6c82,1
independent-noack,regional,3,baseline,measure-23,measure,independent,2,102116,99441,6.57668,8030ea57249b6c82,1
independent-noack,regional,3,baseline,measure-24,measure,independent,2,102116,99441,6.89207,8030ea57249b6c82,1
dark-noack,global,0,baseline,control,anchor,independent,2,138065,135390,7.70461,034c0f430ec2a48c,1
dark-noack,global,0,baseline,control,no-ack,independent,2,136996,134321,6.92969,e83afd1ce36ce231,1
dark-noack,global,0,baseline,control,ack-pair,independent,2,136996,134321,6.81955,e83afd1ce36ce231,1
dark-noack,global,0,baseline,control,forgot-ref,independent,2,136996,134321,6.68227,e83afd1ce36ce231,1
dark-noack,global,0,baseline,control,anchor-id8,independent,2,136996,134321,6.74851,e83afd1ce36ce231,1
dark-noack,global,0,baseline,control,post-reset,independent,2,136996,134321,6.47499,e83afd1ce36ce231,1
dark-noack,global,0,baseline,measure-01,measure,independent,2,136996,134321,6.81404,e83afd1ce36ce231,1
dark-noack,global,0,baseline,measure-02,measure,independent,2,136996,134321,6.40949,e83afd1ce36ce231,1
dark-noack,global,0,baseline,measure-03,measure,independent,2,136996,134321,6.42179,e83afd1ce36ce231,1
dark-noack,global,0,baseline,measure-04,measure,independent,2,136996,134321,6.52050,e83afd1ce36ce231,1
dark-noack,global,0,baseline,measure-05,measure,independent,2,136996,134321,6.52525,e83afd1ce36ce231,1
dark-noack,global,0,baseline,measure-06,measure,independent,2,136996,134321,6.52417,e83afd1ce36ce231,1
dark-noack,global,0,baseline,measure-07,measure,independent,2,136996,134321,6.25907,e83afd1ce36ce231,1
dark-noack,global,0,baseline,measure-08,measure,independent,2,136996,134321,6.46840,e83afd1ce36ce231,1
dark-noack,global,0,baseline,measure-09,measure,independent,2,136996,134321,6.62384,e83afd1ce36ce231,1
dark-noack,global,0,baseline,measure-10,measure,independent,2,136996,134321,6.37778,e83afd1ce36ce231,1
dark-noack,global,0,baseline,measure-11,measure,independent,2,136996,134321,6.98196,e83afd1ce36ce231,1
dark-noack,global,0,baseline,measure-12,measure,independent,2,136996,134321,6.80734,e83afd1ce36ce231,1
dark-noack,global,0,baseline,measure-13,measure,independent,2,136996,134321,6.52921,e83afd1ce36ce231,1
dark-noack,global,0,baseline,measure-14,measure,independent,2,136996,134321,6.46451,e83afd1ce36ce231,1
dark-noack,global,0,baseline,measure-15,measure,independent,2,136996,134321,7.00134,e83afd1ce36ce231,1
dark-noack,global,0,baseline,measure-16,measure,independent,2,136996,134321,6.50490,e83afd1ce36ce231,1
dark-noack,global,0,baseline,measure-17,measure,independent,2,136996,134321,6.77179,e83afd1ce36ce231,1
dark-noack,global,0,baseline,measure-18,measure,independent,2,136996,134321,6.68138,e83afd1ce36ce231,1
dark-noack,global,0,baseline,measure-19,measure,independent,2,136996,134321,6.45116,e83afd1ce36ce231,1
dark-noack,global,0,baseline,measure-20,measure,independent,2,136996,134321,6.43992,e83afd1ce36ce231,1
dark-noack,global,0,baseline,measure-21,measure,independent,2,136996,134321,6.36071,e83afd1ce36ce231,1
dark-noack,global,0,baseline,measure-22,measure,independent,2,136996,134321,6.35181,e83afd1ce36ce231,1
dark-noack,global,0,baseline,measure-23,measure,independent,2,136996,134321,6.39233,e83afd1ce36ce231,1
dark-noack,global,0,baseline,measure-24,measure,independent,2,136996,134321,6.49156,e83afd1ce36ce231,1
dark-noack,global,1,candidate,control,anchor,row-v3,3,113209,110534,8.80976,034c0f430ec2a48c,1
dark-noack,global,1,candidate,control,no-ack,row-v3,3,112399,109724,8.11699,e83afd1ce36ce231,1
dark-noack,global,1,candidate,control,ack-pair,row-v3,3,112399,109724,7.99035,e83afd1ce36ce231,1
dark-noack,global,1,candidate,control,forgot-ref,row-v3,3,112399,109724,8.46826,e83afd1ce36ce231,1
dark-noack,global,1,candidate,control,anchor-id8,row-v3,3,112399,109724,8.17225,e83afd1ce36ce231,1
dark-noack,global,1,candidate,control,post-reset,row-v3,3,112399,109724,7.86850,e83afd1ce36ce231,1
dark-noack,global,1,candidate,measure-01,measure,row-v3,3,112399,109724,8.06047,e83afd1ce36ce231,1
dark-noack,global,1,candidate,measure-02,measure,row-v3,3,112399,109724,8.00017,e83afd1ce36ce231,1
dark-noack,global,1,candidate,measure-03,measure,row-v3,3,112399,109724,7.95761,e83afd1ce36ce231,1
dark-noack,global,1,candidate,measure-04,measure,row-v3,3,112399,109724,8.11348,e83afd1ce36ce231,1
dark-noack,global,1,candidate,measure-05,measure,row-v3,3,112399,109724,7.87357,e83afd1ce36ce231,1
dark-noack,global,1,candidate,measure-06,measure,row-v3,3,112399,109724,8.05130,e83afd1ce36ce231,1
dark-noack,global,1,candidate,measure-07,measure,row-v3,3,112399,109724,8.05547,e83afd1ce36ce231,1
dark-noack,global,1,candidate,measure-08,measure,row-v3,3,112399,109724,8.20405,e83afd1ce36ce231,1
dark-noack,global,1,candidate,measure-09,measure,row-v3,3,112399,109724,8.04945,e83afd1ce36ce231,1
dark-noack,global,1,candidate,measure-10,measure,row-v3,3,112399,109724,8.24765,e83afd1ce36ce231,1
dark-noack,global,1,candidate,measure-11,measure,row-v3,3,112399,109724,8.54385,e83afd1ce36ce231,1
dark-noack,global,1,candidate,measure-12,measure,row-v3,3,112399,109724,7.99816,e83afd1ce36ce231,1
dark-noack,global,1,candidate,measure-13,measure,row-v3,3,112399,109724,8.24464,e83afd1ce36ce231,1
dark-noack,global,1,candidate,measure-14,measure,row-v3,3,112399,109724,8.02464,e83afd1ce36ce231,1
dark-noack,global,1,candidate,measure-15,measure,row-v3,3,112399,109724,8.21294,e83afd1ce36ce231,1
dark-noack,global,1,candidate,measure-16,measure,row-v3,3,112399,109724,7.94931,e83afd1ce36ce231,1
dark-noack,global,1,candidate,measure-17,measure,row-v3,3,112399,109724,8.40528,e83afd1ce36ce231,1
dark-noack,global,1,candidate,measure-18,measure,row-v3,3,112399,109724,8.05157,e83afd1ce36ce231,1
dark-noack,global,1,candidate,measure-19,measure,row-v3,3,112399,109724,8.20106,e83afd1ce36ce231,1
dark-noack,global,1,candidate,measure-20,measure,row-v3,3,112399,109724,7.94817,e83afd1ce36ce231,1
dark-noack,global,1,candidate,measure-21,measure,row-v3,3,112399,109724,8.18043,e83afd1ce36ce231,1
dark-noack,global,1,candidate,measure-22,measure,row-v3,3,112399,109724,8.07314,e83afd1ce36ce231,1
dark-noack,global,1,candidate,measure-23,measure,row-v3,3,112399,109724,8.01397,e83afd1ce36ce231,1
dark-noack,global,1,candidate,measure-24,measure,row-v3,3,112399,109724,8.07108,e83afd1ce36ce231,1
dark-noack,global,2,candidate,control,anchor,row-v3,3,113209,110534,9.36497,034c0f430ec2a48c,1
dark-noack,global,2,candidate,control,no-ack,row-v3,3,112399,109724,8.78123,e83afd1ce36ce231,1
dark-noack,global,2,candidate,control,ack-pair,row-v3,3,112399,109724,8.99089,e83afd1ce36ce231,1
dark-noack,global,2,candidate,control,forgot-ref,row-v3,3,112399,109724,8.93110,e83afd1ce36ce231,1
dark-noack,global,2,candidate,control,anchor-id8,row-v3,3,112399,109724,8.94604,e83afd1ce36ce231,1
dark-noack,global,2,candidate,control,post-reset,row-v3,3,112399,109724,8.91969,e83afd1ce36ce231,1
dark-noack,global,2,candidate,measure-01,measure,row-v3,3,112399,109724,8.91093,e83afd1ce36ce231,1
dark-noack,global,2,candidate,measure-02,measure,row-v3,3,112399,109724,8.27886,e83afd1ce36ce231,1
dark-noack,global,2,candidate,measure-03,measure,row-v3,3,112399,109724,8.59193,e83afd1ce36ce231,1
dark-noack,global,2,candidate,measure-04,measure,row-v3,3,112399,109724,8.51536,e83afd1ce36ce231,1
dark-noack,global,2,candidate,measure-05,measure,row-v3,3,112399,109724,8.33611,e83afd1ce36ce231,1
dark-noack,global,2,candidate,measure-06,measure,row-v3,3,112399,109724,9.01479,e83afd1ce36ce231,1
dark-noack,global,2,candidate,measure-07,measure,row-v3,3,112399,109724,9.06813,e83afd1ce36ce231,1
dark-noack,global,2,candidate,measure-08,measure,row-v3,3,112399,109724,8.67342,e83afd1ce36ce231,1
dark-noack,global,2,candidate,measure-09,measure,row-v3,3,112399,109724,8.31793,e83afd1ce36ce231,1
dark-noack,global,2,candidate,measure-10,measure,row-v3,3,112399,109724,8.35317,e83afd1ce36ce231,1
dark-noack,global,2,candidate,measure-11,measure,row-v3,3,112399,109724,8.70871,e83afd1ce36ce231,1
dark-noack,global,2,candidate,measure-12,measure,row-v3,3,112399,109724,8.36424,e83afd1ce36ce231,1
dark-noack,global,2,candidate,measure-13,measure,row-v3,3,112399,109724,9.09090,e83afd1ce36ce231,1
dark-noack,global,2,candidate,measure-14,measure,row-v3,3,112399,109724,8.46796,e83afd1ce36ce231,1
dark-noack,global,2,candidate,measure-15,measure,row-v3,3,112399,109724,8.45143,e83afd1ce36ce231,1
dark-noack,global,2,candidate,measure-16,measure,row-v3,3,112399,109724,8.66142,e83afd1ce36ce231,1
dark-noack,global,2,candidate,measure-17,measure,row-v3,3,112399,109724,9.15638,e83afd1ce36ce231,1
dark-noack,global,2,candidate,measure-18,measure,row-v3,3,112399,109724,9.24596,e83afd1ce36ce231,1
dark-noack,global,2,candidate,measure-19,measure,row-v3,3,112399,109724,8.70411,e83afd1ce36ce231,1
dark-noack,global,2,candidate,measure-20,measure,row-v3,3,112399,109724,8.61133,e83afd1ce36ce231,1
dark-noack,global,2,candidate,measure-21,measure,row-v3,3,112399,109724,8.64078,e83afd1ce36ce231,1
dark-noack,global,2,candidate,measure-22,measure,row-v3,3,112399,109724,8.85346,e83afd1ce36ce231,1
dark-noack,global,2,candidate,measure-23,measure,row-v3,3,112399,109724,9.07094,e83afd1ce36ce231,1
dark-noack,global,2,candidate,measure-24,measure,row-v3,3,112399,109724,8.88271,e83afd1ce36ce231,1
dark-noack,global,3,baseline,control,anchor,independent,2,138065,135390,7.41862,034c0f430ec2a48c,1
dark-noack,global,3,baseline,control,no-ack,independent,2,136996,134321,7.19947,e83afd1ce36ce231,1
dark-noack,global,3,baseline,control,ack-pair,independent,2,136996,134321,7.05327,e83afd1ce36ce231,1
dark-noack,global,3,baseline,control,forgot-ref,independent,2,136996,134321,6.78539,e83afd1ce36ce231,1
dark-noack,global,3,baseline,control,anchor-id8,independent,2,136996,134321,6.83298,e83afd1ce36ce231,1
dark-noack,global,3,baseline,control,post-reset,independent,2,136996,134321,6.59247,e83afd1ce36ce231,1
dark-noack,global,3,baseline,measure-01,measure,independent,2,136996,134321,7.32657,e83afd1ce36ce231,1
dark-noack,global,3,baseline,measure-02,measure,independent,2,136996,134321,7.06791,e83afd1ce36ce231,1
dark-noack,global,3,baseline,measure-03,measure,independent,2,136996,134321,7.13862,e83afd1ce36ce231,1
dark-noack,global,3,baseline,measure-04,measure,independent,2,136996,134321,7.91660,e83afd1ce36ce231,1
dark-noack,global,3,baseline,measure-05,measure,independent,2,136996,134321,7.48498,e83afd1ce36ce231,1
dark-noack,global,3,baseline,measure-06,measure,independent,2,136996,134321,6.98222,e83afd1ce36ce231,1
dark-noack,global,3,baseline,measure-07,measure,independent,2,136996,134321,7.38704,e83afd1ce36ce231,1
dark-noack,global,3,baseline,measure-08,measure,independent,2,136996,134321,7.07301,e83afd1ce36ce231,1
dark-noack,global,3,baseline,measure-09,measure,independent,2,136996,134321,6.96236,e83afd1ce36ce231,1
dark-noack,global,3,baseline,measure-10,measure,independent,2,136996,134321,7.25971,e83afd1ce36ce231,1
dark-noack,global,3,baseline,measure-11,measure,independent,2,136996,134321,7.02902,e83afd1ce36ce231,1
dark-noack,global,3,baseline,measure-12,measure,independent,2,136996,134321,7.27402,e83afd1ce36ce231,1
dark-noack,global,3,baseline,measure-13,measure,independent,2,136996,134321,7.34757,e83afd1ce36ce231,1
dark-noack,global,3,baseline,measure-14,measure,independent,2,136996,134321,6.44844,e83afd1ce36ce231,1
dark-noack,global,3,baseline,measure-15,measure,independent,2,136996,134321,6.87217,e83afd1ce36ce231,1
dark-noack,global,3,baseline,measure-16,measure,independent,2,136996,134321,7.06317,e83afd1ce36ce231,1
dark-noack,global,3,baseline,measure-17,measure,independent,2,136996,134321,6.61570,e83afd1ce36ce231,1
dark-noack,global,3,baseline,measure-18,measure,independent,2,136996,134321,6.65192,e83afd1ce36ce231,1
dark-noack,global,3,baseline,measure-19,measure,independent,2,136996,134321,6.69528,e83afd1ce36ce231,1
dark-noack,global,3,baseline,measure-20,measure,independent,2,136996,134321,6.73596,e83afd1ce36ce231,1
dark-noack,global,3,baseline,measure-21,measure,independent,2,136996,134321,6.62073,e83afd1ce36ce231,1
dark-noack,global,3,baseline,measure-22,measure,independent,2,136996,134321,6.92407,e83afd1ce36ce231,1
dark-noack,global,3,baseline,measure-23,measure,independent,2,136996,134321,6.73505,e83afd1ce36ce231,1
dark-noack,global,3,baseline,measure-24,measure,independent,2,136996,134321,6.99949,e83afd1ce36ce231,1
dark-noack,regional,0,baseline,control,anchor,independent,2,138065,135390,7.97237,034c0f430ec2a48c,1
dark-noack,regional,0,baseline,control,no-ack,independent,2,136996,134321,6.97780,e83afd1ce36ce231,1
dark-noack,regional,0,baseline,control,ack-pair,independent,2,136996,134321,6.93461,e83afd1ce36ce231,1
dark-noack,regional,0,baseline,control,forgot-ref,independent,2,136996,134321,7.04539,e83afd1ce36ce231,1
dark-noack,regional,0,baseline,control,anchor-id8,independent,2,136996,134321,7.50858,e83afd1ce36ce231,1
dark-noack,regional,0,baseline,control,post-reset,independent,2,136996,134321,7.05111,e83afd1ce36ce231,1
dark-noack,regional,0,baseline,measure-01,measure,independent,2,136996,134321,7.04982,e83afd1ce36ce231,1
dark-noack,regional,0,baseline,measure-02,measure,independent,2,136996,134321,6.84837,e83afd1ce36ce231,1
dark-noack,regional,0,baseline,measure-03,measure,independent,2,136996,134321,7.18322,e83afd1ce36ce231,1
dark-noack,regional,0,baseline,measure-04,measure,independent,2,136996,134321,6.74269,e83afd1ce36ce231,1
dark-noack,regional,0,baseline,measure-05,measure,independent,2,136996,134321,7.46916,e83afd1ce36ce231,1
dark-noack,regional,0,baseline,measure-06,measure,independent,2,136996,134321,7.08455,e83afd1ce36ce231,1
dark-noack,regional,0,baseline,measure-07,measure,independent,2,136996,134321,6.91668,e83afd1ce36ce231,1
dark-noack,regional,0,baseline,measure-08,measure,independent,2,136996,134321,6.79634,e83afd1ce36ce231,1
dark-noack,regional,0,baseline,measure-09,measure,independent,2,136996,134321,7.24608,e83afd1ce36ce231,1
dark-noack,regional,0,baseline,measure-10,measure,independent,2,136996,134321,6.92597,e83afd1ce36ce231,1
dark-noack,regional,0,baseline,measure-11,measure,independent,2,136996,134321,7.19399,e83afd1ce36ce231,1
dark-noack,regional,0,baseline,measure-12,measure,independent,2,136996,134321,6.70359,e83afd1ce36ce231,1
dark-noack,regional,0,baseline,measure-13,measure,independent,2,136996,134321,6.65040,e83afd1ce36ce231,1
dark-noack,regional,0,baseline,measure-14,measure,independent,2,136996,134321,7.43654,e83afd1ce36ce231,1
dark-noack,regional,0,baseline,measure-15,measure,independent,2,136996,134321,6.98519,e83afd1ce36ce231,1
dark-noack,regional,0,baseline,measure-16,measure,independent,2,136996,134321,7.06993,e83afd1ce36ce231,1
dark-noack,regional,0,baseline,measure-17,measure,independent,2,136996,134321,7.03650,e83afd1ce36ce231,1
dark-noack,regional,0,baseline,measure-18,measure,independent,2,136996,134321,6.91556,e83afd1ce36ce231,1
dark-noack,regional,0,baseline,measure-19,measure,independent,2,136996,134321,6.55166,e83afd1ce36ce231,1
dark-noack,regional,0,baseline,measure-20,measure,independent,2,136996,134321,7.16614,e83afd1ce36ce231,1
dark-noack,regional,0,baseline,measure-21,measure,independent,2,136996,134321,6.87523,e83afd1ce36ce231,1
dark-noack,regional,0,baseline,measure-22,measure,independent,2,136996,134321,7.32529,e83afd1ce36ce231,1
dark-noack,regional,0,baseline,measure-23,measure,independent,2,136996,134321,8.92446,e83afd1ce36ce231,1
dark-noack,regional,0,baseline,measure-24,measure,independent,2,136996,134321,7.41260,e83afd1ce36ce231,1
dark-noack,regional,1,candidate,control,anchor,row-v3,3,113209,110534,9.12894,034c0f430ec2a48c,1
dark-noack,regional,1,candidate,control,no-ack,row-v3,3,112399,109724,8.64850,e83afd1ce36ce231,1
dark-noack,regional,1,candidate,control,ack-pair,row-v3,3,112399,109724,8.12436,e83afd1ce36ce231,1
dark-noack,regional,1,candidate,control,forgot-ref,row-v3,3,112399,109724,8.17815,e83afd1ce36ce231,1
dark-noack,regional,1,candidate,control,anchor-id8,row-v3,3,112399,109724,8.02636,e83afd1ce36ce231,1
dark-noack,regional,1,candidate,control,post-reset,row-v3,3,112399,109724,7.99841,e83afd1ce36ce231,1
dark-noack,regional,1,candidate,measure-01,measure,row-v3,3,112399,109724,7.90620,e83afd1ce36ce231,1
dark-noack,regional,1,candidate,measure-02,measure,row-v3,3,112399,109724,8.32489,e83afd1ce36ce231,1
dark-noack,regional,1,candidate,measure-03,measure,row-v3,3,112399,109724,8.09605,e83afd1ce36ce231,1
dark-noack,regional,1,candidate,measure-04,measure,row-v3,3,112399,109724,8.22072,e83afd1ce36ce231,1
dark-noack,regional,1,candidate,measure-05,measure,row-v3,3,112399,109724,8.01516,e83afd1ce36ce231,1
dark-noack,regional,1,candidate,measure-06,measure,row-v3,3,112399,109724,8.15049,e83afd1ce36ce231,1
dark-noack,regional,1,candidate,measure-07,measure,row-v3,3,112399,109724,7.92394,e83afd1ce36ce231,1
dark-noack,regional,1,candidate,measure-08,measure,row-v3,3,112399,109724,7.93757,e83afd1ce36ce231,1
dark-noack,regional,1,candidate,measure-09,measure,row-v3,3,112399,109724,8.61759,e83afd1ce36ce231,1
dark-noack,regional,1,candidate,measure-10,measure,row-v3,3,112399,109724,8.55047,e83afd1ce36ce231,1
dark-noack,regional,1,candidate,measure-11,measure,row-v3,3,112399,109724,7.81322,e83afd1ce36ce231,1
dark-noack,regional,1,candidate,measure-12,measure,row-v3,3,112399,109724,8.21927,e83afd1ce36ce231,1
dark-noack,regional,1,candidate,measure-13,measure,row-v3,3,112399,109724,7.95248,e83afd1ce36ce231,1
dark-noack,regional,1,candidate,measure-14,measure,row-v3,3,112399,109724,7.95761,e83afd1ce36ce231,1
dark-noack,regional,1,candidate,measure-15,measure,row-v3,3,112399,109724,8.20885,e83afd1ce36ce231,1
dark-noack,regional,1,candidate,measure-16,measure,row-v3,3,112399,109724,8.55923,e83afd1ce36ce231,1
dark-noack,regional,1,candidate,measure-17,measure,row-v3,3,112399,109724,7.99707,e83afd1ce36ce231,1
dark-noack,regional,1,candidate,measure-18,measure,row-v3,3,112399,109724,8.40121,e83afd1ce36ce231,1
dark-noack,regional,1,candidate,measure-19,measure,row-v3,3,112399,109724,8.50598,e83afd1ce36ce231,1
dark-noack,regional,1,candidate,measure-20,measure,row-v3,3,112399,109724,8.19826,e83afd1ce36ce231,1
dark-noack,regional,1,candidate,measure-21,measure,row-v3,3,112399,109724,7.88725,e83afd1ce36ce231,1
dark-noack,regional,1,candidate,measure-22,measure,row-v3,3,112399,109724,8.05523,e83afd1ce36ce231,1
dark-noack,regional,1,candidate,measure-23,measure,row-v3,3,112399,109724,7.98535,e83afd1ce36ce231,1
dark-noack,regional,1,candidate,measure-24,measure,row-v3,3,112399,109724,8.03378,e83afd1ce36ce231,1
dark-noack,regional,2,candidate,control,anchor,row-v3,3,113209,110534,10.01120,034c0f430ec2a48c,1
dark-noack,regional,2,candidate,control,no-ack,row-v3,3,112399,109724,9.32301,e83afd1ce36ce231,1
dark-noack,regional,2,candidate,control,ack-pair,row-v3,3,112399,109724,9.38506,e83afd1ce36ce231,1
dark-noack,regional,2,candidate,control,forgot-ref,row-v3,3,112399,109724,8.64715,e83afd1ce36ce231,1
dark-noack,regional,2,candidate,control,anchor-id8,row-v3,3,112399,109724,8.76824,e83afd1ce36ce231,1
dark-noack,regional,2,candidate,control,post-reset,row-v3,3,112399,109724,8.47651,e83afd1ce36ce231,1
dark-noack,regional,2,candidate,measure-01,measure,row-v3,3,112399,109724,8.38719,e83afd1ce36ce231,1
dark-noack,regional,2,candidate,measure-02,measure,row-v3,3,112399,109724,8.52676,e83afd1ce36ce231,1
dark-noack,regional,2,candidate,measure-03,measure,row-v3,3,112399,109724,8.53189,e83afd1ce36ce231,1
dark-noack,regional,2,candidate,measure-04,measure,row-v3,3,112399,109724,8.49992,e83afd1ce36ce231,1
dark-noack,regional,2,candidate,measure-05,measure,row-v3,3,112399,109724,9.89398,e83afd1ce36ce231,1
dark-noack,regional,2,candidate,measure-06,measure,row-v3,3,112399,109724,9.07302,e83afd1ce36ce231,1
dark-noack,regional,2,candidate,measure-07,measure,row-v3,3,112399,109724,10.67814,e83afd1ce36ce231,1
dark-noack,regional,2,candidate,measure-08,measure,row-v3,3,112399,109724,9.78405,e83afd1ce36ce231,1
dark-noack,regional,2,candidate,measure-09,measure,row-v3,3,112399,109724,10.82612,e83afd1ce36ce231,1
dark-noack,regional,2,candidate,measure-10,measure,row-v3,3,112399,109724,9.66134,e83afd1ce36ce231,1
dark-noack,regional,2,candidate,measure-11,measure,row-v3,3,112399,109724,9.47634,e83afd1ce36ce231,1
dark-noack,regional,2,candidate,measure-12,measure,row-v3,3,112399,109724,9.02656,e83afd1ce36ce231,1
dark-noack,regional,2,candidate,measure-13,measure,row-v3,3,112399,109724,9.41171,e83afd1ce36ce231,1
dark-noack,regional,2,candidate,measure-14,measure,row-v3,3,112399,109724,9.46706,e83afd1ce36ce231,1
dark-noack,regional,2,candidate,measure-15,measure,row-v3,3,112399,109724,9.98292,e83afd1ce36ce231,1
dark-noack,regional,2,candidate,measure-16,measure,row-v3,3,112399,109724,9.21279,e83afd1ce36ce231,1
dark-noack,regional,2,candidate,measure-17,measure,row-v3,3,112399,109724,8.81200,e83afd1ce36ce231,1
dark-noack,regional,2,candidate,measure-18,measure,row-v3,3,112399,109724,8.67386,e83afd1ce36ce231,1
dark-noack,regional,2,candidate,measure-19,measure,row-v3,3,112399,109724,9.81228,e83afd1ce36ce231,1
dark-noack,regional,2,candidate,measure-20,measure,row-v3,3,112399,109724,9.25769,e83afd1ce36ce231,1
dark-noack,regional,2,candidate,measure-21,measure,row-v3,3,112399,109724,9.31250,e83afd1ce36ce231,1
dark-noack,regional,2,candidate,measure-22,measure,row-v3,3,112399,109724,9.41036,e83afd1ce36ce231,1
dark-noack,regional,2,candidate,measure-23,measure,row-v3,3,112399,109724,9.53719,e83afd1ce36ce231,1
dark-noack,regional,2,candidate,measure-24,measure,row-v3,3,112399,109724,8.78624,e83afd1ce36ce231,1
dark-noack,regional,3,baseline,control,anchor,independent,2,138065,135390,7.69911,034c0f430ec2a48c,1
dark-noack,regional,3,baseline,control,no-ack,independent,2,136996,134321,7.38824,e83afd1ce36ce231,1
dark-noack,regional,3,baseline,control,ack-pair,independent,2,136996,134321,6.48266,e83afd1ce36ce231,1
dark-noack,regional,3,baseline,control,forgot-ref,independent,2,136996,134321,6.48877,e83afd1ce36ce231,1
dark-noack,regional,3,baseline,control,anchor-id8,independent,2,136996,134321,6.89206,e83afd1ce36ce231,1
dark-noack,regional,3,baseline,control,post-reset,independent,2,136996,134321,6.65441,e83afd1ce36ce231,1
dark-noack,regional,3,baseline,measure-01,measure,independent,2,136996,134321,7.66659,e83afd1ce36ce231,1
dark-noack,regional,3,baseline,measure-02,measure,independent,2,136996,134321,7.15062,e83afd1ce36ce231,1
dark-noack,regional,3,baseline,measure-03,measure,independent,2,136996,134321,6.71204,e83afd1ce36ce231,1
dark-noack,regional,3,baseline,measure-04,measure,independent,2,136996,134321,6.85901,e83afd1ce36ce231,1
dark-noack,regional,3,baseline,measure-05,measure,independent,2,136996,134321,6.92905,e83afd1ce36ce231,1
dark-noack,regional,3,baseline,measure-06,measure,independent,2,136996,134321,6.60169,e83afd1ce36ce231,1
dark-noack,regional,3,baseline,measure-07,measure,independent,2,136996,134321,6.53743,e83afd1ce36ce231,1
dark-noack,regional,3,baseline,measure-08,measure,independent,2,136996,134321,7.05907,e83afd1ce36ce231,1
dark-noack,regional,3,baseline,measure-09,measure,independent,2,136996,134321,6.71761,e83afd1ce36ce231,1
dark-noack,regional,3,baseline,measure-10,measure,independent,2,136996,134321,6.64796,e83afd1ce36ce231,1
dark-noack,regional,3,baseline,measure-11,measure,independent,2,136996,134321,6.69313,e83afd1ce36ce231,1
dark-noack,regional,3,baseline,measure-12,measure,independent,2,136996,134321,6.51502,e83afd1ce36ce231,1
dark-noack,regional,3,baseline,measure-13,measure,independent,2,136996,134321,6.48530,e83afd1ce36ce231,1
dark-noack,regional,3,baseline,measure-14,measure,independent,2,136996,134321,6.61196,e83afd1ce36ce231,1
dark-noack,regional,3,baseline,measure-15,measure,independent,2,136996,134321,7.22018,e83afd1ce36ce231,1
dark-noack,regional,3,baseline,measure-16,measure,independent,2,136996,134321,6.58815,e83afd1ce36ce231,1
dark-noack,regional,3,baseline,measure-17,measure,independent,2,136996,134321,6.64098,e83afd1ce36ce231,1
dark-noack,regional,3,baseline,measure-18,measure,independent,2,136996,134321,6.71302,e83afd1ce36ce231,1
dark-noack,regional,3,baseline,measure-19,measure,independent,2,136996,134321,6.70447,e83afd1ce36ce231,1
dark-noack,regional,3,baseline,measure-20,measure,independent,2,136996,134321,7.06712,e83afd1ce36ce231,1
dark-noack,regional,3,baseline,measure-21,measure,independent,2,136996,134321,7.44693,e83afd1ce36ce231,1
dark-noack,regional,3,baseline,measure-22,measure,independent,2,136996,134321,7.00804,e83afd1ce36ce231,1
dark-noack,regional,3,baseline,measure-23,measure,independent,2,136996,134321,6.61275,e83afd1ce36ce231,1
dark-noack,regional,3,baseline,measure-24,measure,independent,2,136996,134321,6.66794,e83afd1ce36ce231,1
