fixture,jpeg_side,quality,chroma,phase,sample,decode_us,image_count,encoded_bytes,rgb_fnv1a,exact
forest-s0,272,10,444,warm,0,221.341,1,3694,680d267461eb683d,1
forest-s0,272,10,444,warm,1,189.52,1,3694,680d267461eb683d,1
forest-s0,272,10,444,warm,2,218.811,1,3694,680d267461eb683d,1
forest-s0,272,10,444,warm,3,186.571,1,3694,680d267461eb683d,1
forest-s0,272,10,444,warm,4,190.88,1,3694,680d267461eb683d,1
forest-s0,272,10,444,warm,5,193.801,1,3694,680d267461eb683d,1
forest-s0,272,10,444,warm,6,168.481,1,3694,680d267461eb683d,1
forest-s0,272,10,444,warm,7,161.681,1,3694,680d267461eb683d,1
forest-s0,272,10,444,warm,8,179.841,1,3694,680d267461eb683d,1
forest-s0,272,10,444,warm,9,179.29,1,3694,680d267461eb683d,1
forest-s0,272,10,444,warm,10,217.361,1,3694,680d267461eb683d,1
forest-s0,272,10,444,warm,11,186.001,1,3694,680d267461eb683d,1
forest-s0,272,10,444,measured,0,167.831,1,3694,680d267461eb683d,1
forest-s0,272,10,444,measured,1,171.071,1,3694,680d267461eb683d,1
forest-s0,272,10,444,measured,2,167.121,1,3694,680d267461eb683d,1
forest-s0,272,10,444,measured,3,164.71,1,3694,680d267461eb683d,1
forest-s0,272,10,444,measured,4,166.43,1,3694,680d267461eb683d,1
forest-s0,272,10,444,measured,5,214.43,1,3694,680d267461eb683d,1
forest-s0,272,10,444,measured,6,168.161,1,3694,680d267461eb683d,1
forest-s0,272,10,444,measured,7,169.901,1,3694,680d267461eb683d,1
forest-s0,272,10,444,measured,8,166.201,1,3694,680d267461eb683d,1
forest-s0,272,10,444,measured,9,164.681,1,3694,680d267461eb683d,1
forest-s0,272,10,444,measured,10,221.481,1,3694,680d267461eb683d,1
forest-s0,272,10,444,measured,11,177.24,1,3694,680d267461eb683d,1
forest-s0,272,10,444,measured,12,166.3,1,3694,680d267461eb683d,1
forest-s0,272,10,444,measured,13,164.67,1,3694,680d267461eb683d,1
forest-s0,272,10,444,measured,14,165.541,1,3694,680d267461eb683d,1
forest-s0,272,10,444,measured,15,172.581,1,3694,680d267461eb683d,1
forest-s0,272,10,444,measured,16,180.571,1,3694,680d267461eb683d,1
forest-s0,272,10,444,measured,17,166.401,1,3694,680d267461eb683d,1
forest-s0,272,10,444,measured,18,165.971,1,3694,680d267461eb683d,1
forest-s0,272,10,444,measured,19,167.701,1,3694,680d267461eb683d,1
forest-s0,272,10,444,measured,20,169.19,1,3694,680d267461eb683d,1
forest-s0,272,10,444,measured,21,166.13,1,3694,680d267461eb683d,1
forest-s0,272,10,444,measured,22,164.65,1,3694,680d267461eb683d,1
forest-s0,272,10,444,measured,23,170.59,1,3694,680d267461eb683d,1
dark-s0,544,30,444,warm,0,1089.035,1,43360,5d25b265fec153c9,1
dark-s0,544,30,444,warm,1,1179.065,1,43360,5d25b265fec153c9,1
dark-s0,544,30,444,warm,2,1066.465,1,43360,5d25b265fec153c9,1
dark-s0,544,30,444,warm,3,1078.625,1,43360,5d25b265fec153c9,1
dark-s0,544,30,444,warm,4,1055.834,1,43360,5d25b265fec153c9,1
dark-s0,544,30,444,warm,5,1052.455,1,43360,5d25b265fec153c9,1
dark-s0,544,30,444,warm,6,1047.845,1,43360,5d25b265fec153c9,1
dark-s0,544,30,444,warm,7,1119.174,1,43360,5d25b265fec153c9,1
dark-s0,544,30,444,warm,8,1062.104,1,43360,5d25b265fec153c9,1
dark-s0,544,30,444,warm,9,1041.184,1,43360,5d25b265fec153c9,1
dark-s0,544,30,444,warm,10,1044.804,1,43360,5d25b265fec153c9,1
dark-s0,544,30,444,warm,11,1042.254,1,43360,5d25b265fec153c9,1
dark-s0,544,30,444,measured,0,1183.095,1,43360,5d25b265fec153c9,1
dark-s0,544,30,444,measured,1,1093.835,1,43360,5d25b265fec153c9,1
dark-s0,544,30,444,measured,2,1261.455,1,43360,5d25b265fec153c9,1
dark-s0,544,30,444,measured,3,1035.485,1,43360,5d25b265fec153c9,1
dark-s0,544,30,444,measured,4,1065.114,1,43360,5d25b265fec153c9,1
dark-s0,544,30,444,measured,5,1083.445,1,43360,5d25b265fec153c9,1
dark-s0,544,30,444,measured,6,1085.875,1,43360,5d25b265fec153c9,1
dark-s0,544,30,444,measured,7,1039.025,1,43360,5d25b265fec153c9,1
dark-s0,544,30,444,measured,8,1027.124,1,43360,5d25b265fec153c9,1
dark-s0,544,30,444,measured,9,1040.794,1,43360,5d25b265fec153c9,1
dark-s0,544,30,444,measured,10,1125.515,1,43360,5d25b265fec153c9,1
dark-s0,544,30,444,measured,11,1045.565,1,43360,5d25b265fec153c9,1
dark-s0,544,30,444,measured,12,1034.485,1,43360,5d25b265fec153c9,1
dark-s0,544,30,444,measured,13,1065.085,1,43360,5d25b265fec153c9,1
dark-s0,544,30,444,measured,14,1049.765,1,43360,5d25b265fec153c9,1
dark-s0,544,30,444,measured,15,1049.715,1,43360,5d25b265fec153c9,1
dark-s0,544,30,444,measured,16,1041.275,1,43360,5d25b265fec153c9,1
dark-s0,544,30,444,measured,17,1190.545,1,43360,5d25b265fec153c9,1
dark-s0,544,30,444,measured,18,1338.485,1,43360,5d25b265fec153c9,1
dark-s0,544,30,444,measured,19,1084.055,1,43360,5d25b265fec153c9,1
dark-s0,544,30,444,measured,20,1037.055,1,43360,5d25b265fec153c9,1
dark-s0,544,30,444,measured,21,1078.994,1,43360,5d25b265fec153c9,1
dark-s0,544,30,444,measured,22,1035.194,1,43360,5d25b265fec153c9,1
dark-s0,544,30,444,measured,23,1081.415,1,43360,5d25b265fec153c9,1
forest-s0,544,20,420,warm,0,603.022,1,12070,9cc5c91f14e68583,1
forest-s0,544,20,420,warm,1,574.162,1,12070,9cc5c91f14e68583,1
forest-s0,544,20,420,warm,2,545.422,1,12070,9cc5c91f14e68583,1
forest-s0,544,20,420,warm,3,608.602,1,12070,9cc5c91f14e68583,1
forest-s0,544,20,420,warm,4,664.413,1,12070,9cc5c91f14e68583,1
forest-s0,544,20,420,warm,5,589.563,1,12070,9cc5c91f14e68583,1
forest-s0,544,20,420,warm,6,758.983,1,12070,9cc5c91f14e68583,1
forest-s0,544,20,420,warm,7,602.372,1,12070,9cc5c91f14e68583,1
forest-s0,544,20,420,warm,8,707.742,1,12070,9cc5c91f14e68583,1
forest-s0,544,20,420,warm,9,749.503,1,12070,9cc5c91f14e68583,1
forest-s0,544,20,420,warm,10,725.363,1,12070,9cc5c91f14e68583,1
forest-s0,544,20,420,warm,11,568.062,1,12070,9cc5c91f14e68583,1
forest-s0,544,20,420,measured,0,645.272,1,12070,9cc5c91f14e68583,1
forest-s0,544,20,420,measured,1,585.302,1,12070,9cc5c91f14e68583,1
forest-s0,544,20,420,measured,2,793.023,1,12070,9cc5c91f14e68583,1
forest-s0,544,20,420,measured,3,574.763,1,12070,9cc5c91f14e68583,1
forest-s0,544,20,420,measured,4,769.243,1,12070,9cc5c91f14e68583,1
forest-s0,544,20,420,measured,5,620.033,1,12070,9cc5c91f14e68583,1
forest-s0,544,20,420,measured,6,558.662,1,12070,9cc5c91f14e68583,1
forest-s0,544,20,420,measured,7,540.033,1,12070,9cc5c91f14e68583,1
forest-s0,544,20,420,measured,8,698.282,1,12070,9cc5c91f14e68583,1
forest-s0,544,20,420,measured,9,656.013,1,12070,9cc5c91f14e68583,1
forest-s0,544,20,420,measured,10,588.483,1,12070,9cc5c91f14e68583,1
forest-s0,544,20,420,measured,11,587.342,1,12070,9cc5c91f14e68583,1
forest-s0,544,20,420,measured,12,564.403,1,12070,9cc5c91f14e68583,1
forest-s0,544,20,420,measured,13,556.643,1,12070,9cc5c91f14e68583,1
forest-s0,544,20,420,measured,14,557.003,1,12070,9cc5c91f14e68583,1
forest-s0,544,20,420,measured,15,530.432,1,12070,9cc5c91f14e68583,1
forest-s0,544,20,420,measured,16,560.312,1,12070,9cc5c91f14e68583,1
forest-s0,544,20,420,measured,17,542.522,1,12070,9cc5c91f14e68583,1
forest-s0,544,20,420,measured,18,547.482,1,12070,9cc5c91f14e68583,1
forest-s0,544,20,420,measured,19,521.372,1,12070,9cc5c91f14e68583,1
forest-s0,544,20,420,measured,20,549.282,1,12070,9cc5c91f14e68583,1
forest-s0,544,20,420,measured,21,550.922,1,12070,9cc5c91f14e68583,1
forest-s0,544,20,420,measured,22,547.732,1,12070,9cc5c91f14e68583,1
forest-s0,544,20,420,measured,23,576.923,1,12070,9cc5c91f14e68583,1
dark-s0,1088,20,444,warm,0,4708.449,1,101417,26c3c06973a70d39,1
dark-s0,1088,20,444,warm,1,4674.709,1,101417,26c3c06973a70d39,1
dark-s0,1088,20,444,warm,2,3684.505,1,101417,26c3c06973a70d39,1
dark-s0,1088,20,444,warm,3,3558.504,1,101417,26c3c06973a70d39,1
dark-s0,1088,20,444,warm,4,3696.775,1,101417,26c3c06973a70d39,1
dark-s0,1088,20,444,warm,5,3717.906,1,101417,26c3c06973a70d39,1
dark-s0,1088,20,444,warm,6,3935.077,1,101417,26c3c06973a70d39,1
dark-s0,1088,20,444,warm,7,3621.845,1,101417,26c3c06973a70d39,1
dark-s0,1088,20,444,warm,8,3562.215,1,101417,26c3c06973a70d39,1
dark-s0,1088,20,444,warm,9,3672.356,1,101417,26c3c06973a70d39,1
dark-s0,1088,20,444,warm,10,3580.255,1,101417,26c3c06973a70d39,1
dark-s0,1088,20,444,warm,11,3638.105,1,101417,26c3c06973a70d39,1
dark-s0,1088,20,444,measured,0,3632.875,1,101417,26c3c06973a70d39,1
dark-s0,1088,20,444,measured,1,3693.215,1,101417,26c3c06973a70d39,1
dark-s0,1088,20,444,measured,2,3654.095,1,101417,26c3c06973a70d39,1
dark-s0,1088,20,444,measured,3,3561.944,1,101417,26c3c06973a70d39,1
dark-s0,1088,20,444,measured,4,3545.104,1,101417,26c3c06973a70d39,1
dark-s0,1088,20,444,measured,5,3485.954,1,101417,26c3c06973a70d39,1
dark-s0,1088,20,444,measured,6,3562.434,1,101417,26c3c06973a70d39,1
dark-s0,1088,20,444,measured,7,3615.435,1,101417,26c3c06973a70d39,1
dark-s0,1088,20,444,measured,8,3643.465,1,101417,26c3c06973a70d39,1
dark-s0,1088,20,444,measured,9,3591.715,1,101417,26c3c06973a70d39,1
dark-s0,1088,20,444,measured,10,3529.624,1,101417,26c3c06973a70d39,1
dark-s0,1088,20,444,measured,11,3751.705,1,101417,26c3c06973a70d39,1
dark-s0,1088,20,444,measured,12,3621.225,1,101417,26c3c06973a70d39,1
dark-s0,1088,20,444,measured,13,3627.975,1,101417,26c3c06973a70d39,1
dark-s0,1088,20,444,measured,14,3602.045,1,101417,26c3c06973a70d39,1
dark-s0,1088,20,444,measured,15,3805.715,1,101417,26c3c06973a70d39,1
dark-s0,1088,20,444,measured,16,3746.966,1,101417,26c3c06973a70d39,1
dark-s0,1088,20,444,measured,17,3468.175,1,101417,26c3c06973a70d39,1
dark-s0,1088,20,444,measured,18,3670.345,1,101417,26c3c06973a70d39,1
dark-s0,1088,20,444,measured,19,3681.175,1,101417,26c3c06973a70d39,1
dark-s0,1088,20,444,measured,20,3620.215,1,101417,26c3c06973a70d39,1
dark-s0,1088,20,444,measured,21,3683.205,1,101417,26c3c06973a70d39,1
dark-s0,1088,20,444,measured,22,3698.115,1,101417,26c3c06973a70d39,1
dark-s0,1088,20,444,measured,23,3473.665,1,101417,26c3c06973a70d39,1
forest-s0,544,10,444,warm,0,760.593,1,11885,ec94392f019159c5,1
forest-s0,544,10,444,warm,1,813.174,1,11885,ec94392f019159c5,1
forest-s0,544,10,444,warm,2,722.043,1,11885,ec94392f019159c5,1
forest-s0,544,10,444,warm,3,854.733,1,11885,ec94392f019159c5,1
forest-s0,544,10,444,warm,4,705.973,1,11885,ec94392f019159c5,1
forest-s0,544,10,444,warm,5,810.544,1,11885,ec94392f019159c5,1
forest-s0,544,10,444,warm,6,711.823,1,11885,ec94392f019159c5,1
forest-s0,544,10,444,warm,7,664.413,1,11885,ec94392f019159c5,1
forest-s0,544,10,444,warm,8,654.303,1,11885,ec94392f019159c5,1
forest-s0,544,10,444,warm,9,812.403,1,11885,ec94392f019159c5,1
forest-s0,544,10,444,warm,10,694.412,1,11885,ec94392f019159c5,1
forest-s0,544,10,444,warm,11,717.793,1,11885,ec94392f019159c5,1
forest-s0,544,10,444,measured,0,708.823,1,11885,ec94392f019159c5,1
forest-s0,544,10,444,measured,1,738.223,1,11885,ec94392f019159c5,1
forest-s0,544,10,444,measured,2,666.973,1,11885,ec94392f019159c5,1
forest-s0,544,10,444,measured,3,661.772,1,11885,ec94392f019159c5,1
forest-s0,544,10,444,measured,4,657.763,1,11885,ec94392f019159c5,1
forest-s0,544,10,444,measured,5,719.613,1,11885,ec94392f019159c5,1
forest-s0,544,10,444,measured,6,656.353,1,11885,ec94392f019159c5,1
forest-s0,544,10,444,measured,7,657.853,1,11885,ec94392f019159c5,1
forest-s0,544,10,444,measured,8,650.452,1,11885,ec94392f019159c5,1
forest-s0,544,10,444,measured,9,668.163,1,11885,ec94392f019159c5,1
forest-s0,544,10,444,measured,10,811.504,1,11885,ec94392f019159c5,1
forest-s0,544,10,444,measured,11,650.363,1,11885,ec94392f019159c5,1
forest-s0,544,10,444,measured,12,670.032,1,11885,ec94392f019159c5,1
forest-s0,544,10,444,measured,13,713.583,1,11885,ec94392f019159c5,1
forest-s0,544,10,444,measured,14,717.353,1,11885,ec94392f019159c5,1
forest-s0,544,10,444,measured,15,742.273,1,11885,ec94392f019159c5,1
forest-s0,544,10,444,measured,16,736.663,1,11885,ec94392f019159c5,1
forest-s0,544,10,444,measured,17,663.743,1,11885,ec94392f019159c5,1
forest-s0,544,10,444,measured,18,846.653,1,11885,ec94392f019159c5,1
forest-s0,544,10,444,measured,19,716.732,1,11885,ec94392f019159c5,1
forest-s0,544,10,444,measured,20,696.533,1,11885,ec94392f019159c5,1
forest-s0,544,10,444,measured,21,737.663,1,11885,ec94392f019159c5,1
forest-s0,544,10,444,measured,22,1072.454,1,11885,ec94392f019159c5,1
forest-s0,544,10,444,measured,23,734.293,1,11885,ec94392f019159c5,1
forest-s0,272,30,420,warm,0,207.761,1,5420,451f479a315ce6be,1
forest-s0,272,30,420,warm,1,214.241,1,5420,451f479a315ce6be,1
forest-s0,272,30,420,warm,2,173.11,1,5420,451f479a315ce6be,1
forest-s0,272,30,420,warm,3,239.071,1,5420,451f479a315ce6be,1
forest-s0,272,30,420,warm,4,161.721,1,5420,451f479a315ce6be,1
forest-s0,272,30,420,warm,5,147.101,1,5420,451f479a315ce6be,1
forest-s0,272,30,420,warm,6,138.391,1,5420,451f479a315ce6be,1
forest-s0,272,30,420,warm,7,139.38,1,5420,451f479a315ce6be,1
forest-s0,272,30,420,warm,8,166.63,1,5420,451f479a315ce6be,1
forest-s0,272,30,420,warm,9,151.4,1,5420,451f479a315ce6be,1
forest-s0,272,30,420,warm,10,149.74,1,5420,451f479a315ce6be,1
forest-s0,272,30,420,warm,11,134.1,1,5420,451f479a315ce6be,1
forest-s0,272,30,420,measured,0,133.47,1,5420,451f479a315ce6be,1
forest-s0,272,30,420,measured,1,171.67,1,5420,451f479a315ce6be,1
forest-s0,272,30,420,measured,2,141.21,1,5420,451f479a315ce6be,1
forest-s0,272,30,420,measured,3,138.37,1,5420,451f479a315ce6be,1
forest-s0,272,30,420,measured,4,133.98,1,5420,451f479a315ce6be,1
forest-s0,272,30,420,measured,5,133.79,1,5420,451f479a315ce6be,1
forest-s0,272,30,420,measured,6,133.56,1,5420,451f479a315ce6be,1
forest-s0,272,30,420,measured,7,140.66,1,5420,451f479a315ce6be,1
forest-s0,272,30,420,measured,8,135.08,1,5420,451f479a315ce6be,1
forest-s0,272,30,420,measured,9,133.93,1,5420,451f479a315ce6be,1
forest-s0,272,30,420,measured,10,140.86,1,5420,451f479a315ce6be,1
forest-s0,272,30,420,measured,11,172,1,5420,451f479a315ce6be,1
forest-s0,272,30,420,measured,12,138.78,1,5420,451f479a315ce6be,1
forest-s0,272,30,420,measured,13,138.65,1,5420,451f479a315ce6be,1
forest-s0,272,30,420,measured,14,142.52,1,5420,451f479a315ce6be,1
forest-s0,272,30,420,measured,15,134.02,1,5420,451f479a315ce6be,1
forest-s0,272,30,420,measured,16,133.64,1,5420,451f479a315ce6be,1
forest-s0,272,30,420,measured,17,147.15,1,5420,451f479a315ce6be,1
forest-s0,272,30,420,measured,18,134.431,1,5420,451f479a315ce6be,1
forest-s0,272,30,420,measured,19,184.65,1,5420,451f479a315ce6be,1
forest-s0,272,30,420,measured,20,169.621,1,5420,451f479a315ce6be,1
forest-s0,272,30,420,measured,21,213.521,1,5420,451f479a315ce6be,1
forest-s0,272,30,420,measured,22,175.161,1,5420,451f479a315ce6be,1
forest-s0,272,30,420,measured,23,262.321,1,5420,451f479a315ce6be,1
forest-s0,1088,5,444,warm,0,2633.121,1,33905,c8e9ba68d3b8e401,1
forest-s0,1088,5,444,warm,1,2979.302,1,33905,c8e9ba68d3b8e401,1
forest-s0,1088,5,444,warm,2,2743.552,1,33905,c8e9ba68d3b8e401,1
forest-s0,1088,5,444,warm,3,2774.561,1,33905,c8e9ba68d3b8e401,1
forest-s0,1088,5,444,warm,4,2841.202,1,33905,c8e9ba68d3b8e401,1
forest-s0,1088,5,444,warm,5,2886.552,1,33905,c8e9ba68d3b8e401,1
forest-s0,1088,5,444,warm,6,2782.841,1,33905,c8e9ba68d3b8e401,1
forest-s0,1088,5,444,warm,7,2585.351,1,33905,c8e9ba68d3b8e401,1
forest-s0,1088,5,444,warm,8,2795.662,1,33905,c8e9ba68d3b8e401,1
forest-s0,1088,5,444,warm,9,2662.951,1,33905,c8e9ba68d3b8e401,1
forest-s0,1088,5,444,warm,10,3167.983,1,33905,c8e9ba68d3b8e401,1
forest-s0,1088,5,444,warm,11,3420.934,1,33905,c8e9ba68d3b8e401,1
forest-s0,1088,5,444,measured,0,2827.862,1,33905,c8e9ba68d3b8e401,1
forest-s0,1088,5,444,measured,1,2566.76,1,33905,c8e9ba68d3b8e401,1
forest-s0,1088,5,444,measured,2,2503.49,1,33905,c8e9ba68d3b8e401,1
forest-s0,1088,5,444,measured,3,2595.631,1,33905,c8e9ba68d3b8e401,1
forest-s0,1088,5,444,measured,4,2936.751,1,33905,c8e9ba68d3b8e401,1
forest-s0,1088,5,444,measured,5,2907.091,1,33905,c8e9ba68d3b8e401,1
forest-s0,1088,5,444,measured,6,2920.592,1,33905,c8e9ba68d3b8e401,1
forest-s0,1088,5,444,measured,7,2693.201,1,33905,c8e9ba68d3b8e401,1
forest-s0,1088,5,444,measured,8,2570.041,1,33905,c8e9ba68d3b8e401,1
forest-s0,1088,5,444,measured,9,2685.261,1,33905,c8e9ba68d3b8e401,1
forest-s0,1088,5,444,measured,10,2793.632,1,33905,c8e9ba68d3b8e401,1
forest-s0,1088,5,444,measured,11,2626.39,1,33905,c8e9ba68d3b8e401,1
forest-s0,1088,5,444,measured,12,2835.322,1,33905,c8e9ba68d3b8e401,1
forest-s0,1088,5,444,measured,13,2531.58,1,33905,c8e9ba68d3b8e401,1
forest-s0,1088,5,444,measured,14,2539.841,1,33905,c8e9ba68d3b8e401,1
forest-s0,1088,5,444,measured,15,2562.011,1,33905,c8e9ba68d3b8e401,1
forest-s0,1088,5,444,measured,16,2648.051,1,33905,c8e9ba68d3b8e401,1
forest-s0,1088,5,444,measured,17,2598.041,1,33905,c8e9ba68d3b8e401,1
forest-s0,1088,5,444,measured,18,2804.092,1,33905,c8e9ba68d3b8e401,1
forest-s0,1088,5,444,measured,19,2550.32,1,33905,c8e9ba68d3b8e401,1
forest-s0,1088,5,444,measured,20,2628.471,1,33905,c8e9ba68d3b8e401,1
forest-s0,1088,5,444,measured,21,2541.371,1,33905,c8e9ba68d3b8e401,1
forest-s0,1088,5,444,measured,22,2570.851,1,33905,c8e9ba68d3b8e401,1
forest-s0,1088,5,444,measured,23,2529.03,1,33905,c8e9ba68d3b8e401,1
dark-s0,1088,20,420,warm,0,2836.571,1,75139,e59b1d7d525e4901,1
dark-s0,1088,20,420,warm,1,2865.492,1,75139,e59b1d7d525e4901,1
dark-s0,1088,20,420,warm,2,2703.832,1,75139,e59b1d7d525e4901,1
dark-s0,1088,20,420,warm,3,2710.711,1,75139,e59b1d7d525e4901,1
dark-s0,1088,20,420,warm,4,2785.982,1,75139,e59b1d7d525e4901,1
dark-s0,1088,20,420,warm,5,2784.851,1,75139,e59b1d7d525e4901,1
dark-s0,1088,20,420,warm,6,2763.771,1,75139,e59b1d7d525e4901,1
dark-s0,1088,20,420,warm,7,2704.961,1,75139,e59b1d7d525e4901,1
dark-s0,1088,20,420,warm,8,2738.811,1,75139,e59b1d7d525e4901,1
dark-s0,1088,20,420,warm,9,2670.631,1,75139,e59b1d7d525e4901,1
dark-s0,1088,20,420,warm,10,2633.281,1,75139,e59b1d7d525e4901,1
dark-s0,1088,20,420,warm,11,2703.971,1,75139,e59b1d7d525e4901,1
dark-s0,1088,20,420,measured,0,2742.621,1,75139,e59b1d7d525e4901,1
dark-s0,1088,20,420,measured,1,2730.781,1,75139,e59b1d7d525e4901,1
dark-s0,1088,20,420,measured,2,2664.971,1,75139,e59b1d7d525e4901,1
dark-s0,1088,20,420,measured,3,2773.381,1,75139,e59b1d7d525e4901,1
dark-s0,1088,20,420,measured,4,2753.311,1,75139,e59b1d7d525e4901,1
dark-s0,1088,20,420,measured,5,2687.071,1,75139,e59b1d7d525e4901,1
dark-s0,1088,20,420,measured,6,3093.992,1,75139,e59b1d7d525e4901,1
dark-s0,1088,20,420,measured,7,2742.972,1,75139,e59b1d7d525e4901,1
dark-s0,1088,20,420,measured,8,2953.422,1,75139,e59b1d7d525e4901,1
dark-s0,1088,20,420,measured,9,2816.311,1,75139,e59b1d7d525e4901,1
dark-s0,1088,20,420,measured,10,2851.472,1,75139,e59b1d7d525e4901,1
dark-s0,1088,20,420,measured,11,2783.841,1,75139,e59b1d7d525e4901,1
dark-s0,1088,20,420,measured,12,2847.002,1,75139,e59b1d7d525e4901,1
dark-s0,1088,20,420,measured,13,2774.171,1,75139,e59b1d7d525e4901,1
dark-s0,1088,20,420,measured,14,2829.812,1,75139,e59b1d7d525e4901,1
dark-s0,1088,20,420,measured,15,2702.251,1,75139,e59b1d7d525e4901,1
dark-s0,1088,20,420,measured,16,2709.581,1,75139,e59b1d7d525e4901,1
dark-s0,1088,20,420,measured,17,2839.551,1,75139,e59b1d7d525e4901,1
dark-s0,1088,20,420,measured,18,2934.722,1,75139,e59b1d7d525e4901,1
dark-s0,1088,20,420,measured,19,2676.161,1,75139,e59b1d7d525e4901,1
dark-s0,1088,20,420,measured,20,2998.053,1,75139,e59b1d7d525e4901,1
dark-s0,1088,20,420,measured,21,2866.751,1,75139,e59b1d7d525e4901,1
dark-s0,1088,20,420,measured,22,2960.252,1,75139,e59b1d7d525e4901,1
dark-s0,1088,20,420,measured,23,2871.292,1,75139,e59b1d7d525e4901,1
dark-s0,272,10,420,warm,0,246.421,1,5028,9017118274dcd7a5,1
dark-s0,272,10,420,warm,1,166.651,1,5028,9017118274dcd7a5,1
dark-s0,272,10,420,warm,2,153.681,1,5028,9017118274dcd7a5,1
dark-s0,272,10,420,warm,3,152.57,1,5028,9017118274dcd7a5,1
dark-s0,272,10,420,warm,4,141.11,1,5028,9017118274dcd7a5,1
dark-s0,272,10,420,warm,5,205.261,1,5028,9017118274dcd7a5,1
dark-s0,272,10,420,warm,6,167.031,1,5028,9017118274dcd7a5,1
dark-s0,272,10,420,warm,7,146.881,1,5028,9017118274dcd7a5,1
dark-s0,272,10,420,warm,8,174.121,1,5028,9017118274dcd7a5,1
dark-s0,272,10,420,warm,9,207.341,1,5028,9017118274dcd7a5,1
dark-s0,272,10,420,warm,10,156.231,1,5028,9017118274dcd7a5,1
dark-s0,272,10,420,warm,11,139.831,1,5028,9017118274dcd7a5,1
dark-s0,272,10,420,measured,0,156.211,1,5028,9017118274dcd7a5,1
dark-s0,272,10,420,measured,1,140.121,1,5028,9017118274dcd7a5,1
dark-s0,272,10,420,measured,2,136.621,1,5028,9017118274dcd7a5,1
dark-s0,272,10,420,measured,3,165.621,1,5028,9017118274dcd7a5,1
dark-s0,272,10,420,measured,4,145.651,1,5028,9017118274dcd7a5,1
dark-s0,272,10,420,measured,5,162.441,1,5028,9017118274dcd7a5,1
dark-s0,272,10,420,measured,6,152.631,1,5028,9017118274dcd7a5,1
dark-s0,272,10,420,measured,7,138.84,1,5028,9017118274dcd7a5,1
dark-s0,272,10,420,measured,8,159.841,1,5028,9017118274dcd7a5,1
dark-s0,272,10,420,measured,9,146.75,1,5028,9017118274dcd7a5,1
dark-s0,272,10,420,measured,10,143.59,1,5028,9017118274dcd7a5,1
dark-s0,272,10,420,measured,11,151.551,1,5028,9017118274dcd7a5,1
dark-s0,272,10,420,measured,12,139.03,1,5028,9017118274dcd7a5,1
dark-s0,272,10,420,measured,13,135.67,1,5028,9017118274dcd7a5,1
dark-s0,272,10,420,measured,14,148.79,1,5028,9017118274dcd7a5,1
dark-s0,272,10,420,measured,15,136.56,1,5028,9017118274dcd7a5,1
dark-s0,272,10,420,measured,16,134.37,1,5028,9017118274dcd7a5,1
dark-s0,272,10,420,measured,17,190.131,1,5028,9017118274dcd7a5,1
dark-s0,272,10,420,measured,18,156.071,1,5028,9017118274dcd7a5,1
dark-s0,272,10,420,measured,19,168.691,1,5028,9017118274dcd7a5,1
dark-s0,272,10,420,measured,20,143.411,1,5028,9017118274dcd7a5,1
dark-s0,272,10,420,measured,21,135.521,1,5028,9017118274dcd7a5,1
dark-s0,272,10,420,measured,22,173.581,1,5028,9017118274dcd7a5,1
dark-s0,272,10,420,measured,23,136.071,1,5028,9017118274dcd7a5,1
forest-s0,1088,20,420,warm,0,2344.03,1,37692,f8341b7694e160d8,1
forest-s0,1088,20,420,warm,1,2203.159,1,37692,f8341b7694e160d8,1
forest-s0,1088,20,420,warm,2,2362.449,1,37692,f8341b7694e160d8,1
forest-s0,1088,20,420,warm,3,2212.679,1,37692,f8341b7694e160d8,1
forest-s0,1088,20,420,warm,4,2198.819,1,37692,f8341b7694e160d8,1
forest-s0,1088,20,420,warm,5,2251.499,1,37692,f8341b7694e160d8,1
forest-s0,1088,20,420,warm,6,2252.87,1,37692,f8341b7694e160d8,1
forest-s0,1088,20,420,warm,7,2194.969,1,37692,f8341b7694e160d8,1
forest-s0,1088,20,420,warm,8,2213.449,1,37692,f8341b7694e160d8,1
forest-s0,1088,20,420,warm,9,2154.859,1,37692,f8341b7694e160d8,1
forest-s0,1088,20,420,warm,10,2322.169,1,37692,f8341b7694e160d8,1
forest-s0,1088,20,420,warm,11,2288.809,1,37692,f8341b7694e160d8,1
forest-s0,1088,20,420,measured,0,2129.469,1,37692,f8341b7694e160d8,1
forest-s0,1088,20,420,measured,1,2201.738,1,37692,f8341b7694e160d8,1
forest-s0,1088,20,420,measured,2,2228.27,1,37692,f8341b7694e160d8,1
forest-s0,1088,20,420,measured,3,2316.39,1,37692,f8341b7694e160d8,1
forest-s0,1088,20,420,measured,4,2239.24,1,37692,f8341b7694e160d8,1
forest-s0,1088,20,420,measured,5,2274.57,1,37692,f8341b7694e160d8,1
forest-s0,1088,20,420,measured,6,2146.929,1,37692,f8341b7694e160d8,1
forest-s0,1088,20,420,measured,7,2173.119,1,37692,f8341b7694e160d8,1
forest-s0,1088,20,420,measured,8,2236.71,1,37692,f8341b7694e160d8,1
forest-s0,1088,20,420,measured,9,2255.399,1,37692,f8341b7694e160d8,1
forest-s0,1088,20,420,measured,10,2220.99,1,37692,f8341b7694e160d8,1
forest-s0,1088,20,420,measured,11,2309.94,1,37692,f8341b7694e160d8,1
forest-s0,1088,20,420,measured,12,2213.71,1,37692,f8341b7694e160d8,1
forest-s0,1088,20,420,measured,13,2198.669,1,37692,f8341b7694e160d8,1
forest-s0,1088,20,420,measured,14,2166.169,1,37692,f8341b7694e160d8,1
forest-s0,1088,20,420,measured,15,2454.33,1,37692,f8341b7694e160d8,1
forest-s0,1088,20,420,measured,16,2287.43,1,37692,f8341b7694e160d8,1
forest-s0,1088,20,420,measured,17,2287.95,1,37692,f8341b7694e160d8,1
forest-s0,1088,20,420,measured,18,2362.21,1,37692,f8341b7694e160d8,1
forest-s0,1088,20,420,measured,19,2412.819,1,37692,f8341b7694e160d8,1
forest-s0,1088,20,420,measured,20,2231.069,1,37692,f8341b7694e160d8,1
forest-s0,1088,20,420,measured,21,2250.679,1,37692,f8341b7694e160d8,1
forest-s0,1088,20,420,measured,22,2380.51,1,37692,f8341b7694e160d8,1
forest-s0,1088,20,420,measured,23,2163.789,1,37692,f8341b7694e160d8,1
dark-s0,272,30,444,warm,0,370.651,1,13718,1839c64bd8637951,1
dark-s0,272,30,444,warm,1,325.281,1,13718,1839c64bd8637951,1
dark-s0,272,30,444,warm,2,343.231,1,13718,1839c64bd8637951,1
dark-s0,272,30,444,warm,3,304.702,1,13718,1839c64bd8637951,1
dark-s0,272,30,444,warm,4,337.712,1,13718,1839c64bd8637951,1
dark-s0,272,30,444,warm,5,294.981,1,13718,1839c64bd8637951,1
dark-s0,272,30,444,warm,6,307.141,1,13718,1839c64bd8637951,1
dark-s0,272,30,444,warm,7,286.391,1,13718,1839c64bd8637951,1
dark-s0,272,30,444,warm,8,260.581,1,13718,1839c64bd8637951,1
dark-s0,272,30,444,warm,9,251.931,1,13718,1839c64bd8637951,1
dark-s0,272,30,444,warm,10,245.241,1,13718,1839c64bd8637951,1
dark-s0,272,30,444,warm,11,240.351,1,13718,1839c64bd8637951,1
dark-s0,272,30,444,measured,0,236.001,1,13718,1839c64bd8637951,1
dark-s0,272,30,444,measured,1,231.361,1,13718,1839c64bd8637951,1
dark-s0,272,30,444,measured,2,241.341,1,13718,1839c64bd8637951,1
dark-s0,272,30,444,measured,3,233.521,1,13718,1839c64bd8637951,1
dark-s0,272,30,444,measured,4,324.821,1,13718,1839c64bd8637951,1
dark-s0,272,30,444,measured,5,237.991,1,13718,1839c64bd8637951,1
dark-s0,272,30,444,measured,6,230.701,1,13718,1839c64bd8637951,1
dark-s0,272,30,444,measured,7,227.431,1,13718,1839c64bd8637951,1
dark-s0,272,30,444,measured,8,226.941,1,13718,1839c64bd8637951,1
dark-s0,272,30,444,measured,9,236.281,1,13718,1839c64bd8637951,1
dark-s0,272,30,444,measured,10,304.702,1,13718,1839c64bd8637951,1
dark-s0,272,30,444,measured,11,260.781,1,13718,1839c64bd8637951,1
dark-s0,272,30,444,measured,12,326.871,1,13718,1839c64bd8637951,1
dark-s0,272,30,444,measured,13,245.361,1,13718,1839c64bd8637951,1
dark-s0,272,30,444,measured,14,238.591,1,13718,1839c64bd8637951,1
dark-s0,272,30,444,measured,15,232.661,1,13718,1839c64bd8637951,1
dark-s0,272,30,444,measured,16,230.28,1,13718,1839c64bd8637951,1
dark-s0,272,30,444,measured,17,226.911,1,13718,1839c64bd8637951,1
dark-s0,272,30,444,measured,18,226.831,1,13718,1839c64bd8637951,1
dark-s0,272,30,444,measured,19,225.301,1,13718,1839c64bd8637951,1
dark-s0,272,30,444,measured,20,224.741,1,13718,1839c64bd8637951,1
dark-s0,272,30,444,measured,21,231.271,1,13718,1839c64bd8637951,1
dark-s0,272,30,444,measured,22,262.821,1,13718,1839c64bd8637951,1
dark-s0,272,30,444,measured,23,224.411,1,13718,1839c64bd8637951,1
dark-s0,1088,30,420,warm,0,3070.863,1,100970,5bc285761a795fc6,1
dark-s0,1088,30,420,warm,1,3446.294,1,100970,5bc285761a795fc6,1
dark-s0,1088,30,420,warm,2,3400.883,1,100970,5bc285761a795fc6,1
dark-s0,1088,30,420,warm,3,3066.282,1,100970,5bc285761a795fc6,1
dark-s0,1088,30,420,warm,4,2937.432,1,100970,5bc285761a795fc6,1
dark-s0,1088,30,420,warm,5,3120.212,1,100970,5bc285761a795fc6,1
dark-s0,1088,30,420,warm,6,2854.932,1,100970,5bc285761a795fc6,1
dark-s0,1088,30,420,warm,7,2860.651,1,100970,5bc285761a795fc6,1
dark-s0,1088,30,420,warm,8,2903.252,1,100970,5bc285761a795fc6,1
dark-s0,1088,30,420,warm,9,2864.292,1,100970,5bc285761a795fc6,1
dark-s0,1088,30,420,warm,10,2939.792,1,100970,5bc285761a795fc6,1
dark-s0,1088,30,420,warm,11,2865.542,1,100970,5bc285761a795fc6,1
dark-s0,1088,30,420,measured,0,2912.552,1,100970,5bc285761a795fc6,1
dark-s0,1088,30,420,measured,1,3085.033,1,100970,5bc285761a795fc6,1
dark-s0,1088,30,420,measured,2,2912.392,1,100970,5bc285761a795fc6,1
dark-s0,1088,30,420,measured,3,2896.262,1,100970,5bc285761a795fc6,1
dark-s0,1088,30,420,measured,4,2941.202,1,100970,5bc285761a795fc6,1
dark-s0,1088,30,420,measured,5,2982.963,1,100970,5bc285761a795fc6,1
dark-s0,1088,30,420,measured,6,2842.772,1,100970,5bc285761a795fc6,1
dark-s0,1088,30,420,measured,7,2921.942,1,100970,5bc285761a795fc6,1
dark-s0,1088,30,420,measured,8,2955.832,1,100970,5bc285761a795fc6,1
dark-s0,1088,30,420,measured,9,2893.392,1,100970,5bc285761a795fc6,1
dark-s0,1088,30,420,measured,10,2825.242,1,100970,5bc285761a795fc6,1
dark-s0,1088,30,420,measured,11,3067.802,1,100970,5bc285761a795fc6,1
dark-s0,1088,30,420,measured,12,2999.982,1,100970,5bc285761a795fc6,1
dark-s0,1088,30,420,measured,13,2850.372,1,100970,5bc285761a795fc6,1
dark-s0,1088,30,420,measured,14,2859.671,1,100970,5bc285761a795fc6,1
dark-s0,1088,30,420,measured,15,2823.152,1,100970,5bc285761a795fc6,1
dark-s0,1088,30,420,measured,16,3179.543,1,100970,5bc285761a795fc6,1
dark-s0,1088,30,420,measured,17,2925.102,1,100970,5bc285761a795fc6,1
dark-s0,1088,30,420,measured,18,2885.601,1,100970,5bc285761a795fc6,1
dark-s0,1088,30,420,measured,19,2918.382,1,100970,5bc285761a795fc6,1
dark-s0,1088,30,420,measured,20,3032.303,1,100970,5bc285761a795fc6,1
dark-s0,1088,30,420,measured,21,2856.082,1,100970,5bc285761a795fc6,1
dark-s0,1088,30,420,measured,22,2867.151,1,100970,5bc285761a795fc6,1
dark-s0,1088,30,420,measured,23,2900.192,1,100970,5bc285761a795fc6,1
dark-s0,544,10,420,warm,0,695.883,1,15239,c3c3b33b847004ff,1
dark-s0,544,10,420,warm,1,743.143,1,15239,c3c3b33b847004ff,1
dark-s0,544,10,420,warm,2,648.942,1,15239,c3c3b33b847004ff,1
dark-s0,544,10,420,warm,3,710.723,1,15239,c3c3b33b847004ff,1
dark-s0,544,10,420,warm,4,795.783,1,15239,c3c3b33b847004ff,1
dark-s0,544,10,420,warm,5,624.042,1,15239,c3c3b33b847004ff,1
dark-s0,544,10,420,warm,6,626.612,1,15239,c3c3b33b847004ff,1
dark-s0,544,10,420,warm,7,609.143,1,15239,c3c3b33b847004ff,1
dark-s0,544,10,420,warm,8,684.193,1,15239,c3c3b33b847004ff,1
dark-s0,544,10,420,warm,9,668.413,1,15239,c3c3b33b847004ff,1
dark-s0,544,10,420,warm,10,600.253,1,15239,c3c3b33b847004ff,1
dark-s0,544,10,420,warm,11,593.543,1,15239,c3c3b33b847004ff,1
dark-s0,544,10,420,measured,0,634.113,1,15239,c3c3b33b847004ff,1
dark-s0,544,10,420,measured,1,621.123,1,15239,c3c3b33b847004ff,1
dark-s0,544,10,420,measured,2,630.882,1,15239,c3c3b33b847004ff,1
dark-s0,544,10,420,measured,3,738.953,1,15239,c3c3b33b847004ff,1
dark-s0,544,10,420,measured,4,810.623,1,15239,c3c3b33b847004ff,1
dark-s0,544,10,420,measured,5,638.643,1,15239,c3c3b33b847004ff,1
dark-s0,544,10,420,measured,6,617.273,1,15239,c3c3b33b847004ff,1
dark-s0,544,10,420,measured,7,589.902,1,15239,c3c3b33b847004ff,1
dark-s0,544,10,420,measured,8,655.203,1,15239,c3c3b33b847004ff,1
dark-s0,544,10,420,measured,9,575.872,1,15239,c3c3b33b847004ff,1
dark-s0,544,10,420,measured,10,572.703,1,15239,c3c3b33b847004ff,1
dark-s0,544,10,420,measured,11,578.342,1,15239,c3c3b33b847004ff,1
dark-s0,544,10,420,measured,12,572.022,1,15239,c3c3b33b847004ff,1
dark-s0,544,10,420,measured,13,566.803,1,15239,c3c3b33b847004ff,1
dark-s0,544,10,420,measured,14,566.832,1,15239,c3c3b33b847004ff,1
dark-s0,544,10,420,measured,15,575.302,1,15239,c3c3b33b847004ff,1
dark-s0,544,10,420,measured,16,578.253,1,15239,c3c3b33b847004ff,1
dark-s0,544,10,420,measured,17,565.112,1,15239,c3c3b33b847004ff,1
dark-s0,544,10,420,measured,18,559.702,1,15239,c3c3b33b847004ff,1
dark-s0,544,10,420,measured,19,561.832,1,15239,c3c3b33b847004ff,1
dark-s0,544,10,420,measured,20,561.972,1,15239,c3c3b33b847004ff,1
dark-s0,544,10,420,measured,21,564.962,1,15239,c3c3b33b847004ff,1
dark-s0,544,10,420,measured,22,576.642,1,15239,c3c3b33b847004ff,1
dark-s0,544,10,420,measured,23,577.812,1,15239,c3c3b33b847004ff,1
forest-s0,272,10,420,warm,0,170.201,1,2715,329f8a98c327ddaa,1
forest-s0,272,10,420,warm,1,173.951,1,2715,329f8a98c327ddaa,1
forest-s0,272,10,420,warm,2,138.951,1,2715,329f8a98c327ddaa,1
forest-s0,272,10,420,warm,3,122.721,1,2715,329f8a98c327ddaa,1
forest-s0,272,10,420,warm,4,119.071,1,2715,329f8a98c327ddaa,1
forest-s0,272,10,420,warm,5,163.1,1,2715,329f8a98c327ddaa,1
forest-s0,272,10,420,warm,6,153.73,1,2715,329f8a98c327ddaa,1
forest-s0,272,10,420,warm,7,131.54,1,2715,329f8a98c327ddaa,1
forest-s0,272,10,420,warm,8,121.98,1,2715,329f8a98c327ddaa,1
forest-s0,272,10,420,warm,9,118.85,1,2715,329f8a98c327ddaa,1
forest-s0,272,10,420,warm,10,121.371,1,2715,329f8a98c327ddaa,1
forest-s0,272,10,420,warm,11,137.761,1,2715,329f8a98c327ddaa,1
forest-s0,272,10,420,measured,0,125.81,1,2715,329f8a98c327ddaa,1
forest-s0,272,10,420,measured,1,146.311,1,2715,329f8a98c327ddaa,1
forest-s0,272,10,420,measured,2,133.651,1,2715,329f8a98c327ddaa,1
forest-s0,272,10,420,measured,3,122.111,1,2715,329f8a98c327ddaa,1
forest-s0,272,10,420,measured,4,118.671,1,2715,329f8a98c327ddaa,1
forest-s0,272,10,420,measured,5,120.281,1,2715,329f8a98c327ddaa,1
forest-s0,272,10,420,measured,6,117.97,1,2715,329f8a98c327ddaa,1
forest-s0,272,10,420,measured,7,117.68,1,2715,329f8a98c327ddaa,1
forest-s0,272,10,420,measured,8,117.35,1,2715,329f8a98c327ddaa,1
forest-s0,272,10,420,measured,9,119.23,1,2715,329f8a98c327ddaa,1
forest-s0,272,10,420,measured,10,120.041,1,2715,329f8a98c327ddaa,1
forest-s0,272,10,420,measured,11,150.371,1,2715,329f8a98c327ddaa,1
forest-s0,272,10,420,measured,12,134.121,1,2715,329f8a98c327ddaa,1
forest-s0,272,10,420,measured,13,123.831,1,2715,329f8a98c327ddaa,1
forest-s0,272,10,420,measured,14,121.341,1,2715,329f8a98c327ddaa,1
forest-s0,272,10,420,measured,15,118.051,1,2715,329f8a98c327ddaa,1
forest-s0,272,10,420,measured,16,117.39,1,2715,329f8a98c327ddaa,1
forest-s0,272,10,420,measured,17,120.89,1,2715,329f8a98c327ddaa,1
forest-s0,272,10,420,measured,18,119.25,1,2715,329f8a98c327ddaa,1
forest-s0,272,10,420,measured,19,120.96,1,2715,329f8a98c327ddaa,1
forest-s0,272,10,420,measured,20,120.261,1,2715,329f8a98c327ddaa,1
forest-s0,272,10,420,measured,21,117.801,1,2715,329f8a98c327ddaa,1
forest-s0,272,10,420,measured,22,117.751,1,2715,329f8a98c327ddaa,1
forest-s0,272,10,420,measured,23,195.931,1,2715,329f8a98c327ddaa,1
forest-s0,272,30,444,warm,0,241.381,1,6871,2d7104c70c472171,1
forest-s0,272,30,444,warm,1,209.581,1,6871,2d7104c70c472171,1
forest-s0,272,30,444,warm,2,239.241,1,6871,2d7104c70c472171,1
forest-s0,272,30,444,warm,3,199.781,1,6871,2d7104c70c472171,1
forest-s0,272,30,444,warm,4,191.511,1,6871,2d7104c70c472171,1
forest-s0,272,30,444,warm,5,186.261,1,6871,2d7104c70c472171,1
forest-s0,272,30,444,warm,6,219.371,1,6871,2d7104c70c472171,1
forest-s0,272,30,444,warm,7,269.591,1,6871,2d7104c70c472171,1
forest-s0,272,30,444,warm,8,225.741,1,6871,2d7104c70c472171,1
forest-s0,272,30,444,warm,9,248.821,1,6871,2d7104c70c472171,1
forest-s0,272,30,444,warm,10,271.141,1,6871,2d7104c70c472171,1
forest-s0,272,30,444,warm,11,226.661,1,6871,2d7104c70c472171,1
forest-s0,272,30,444,measured,0,189.421,1,6871,2d7104c70c472171,1
forest-s0,272,30,444,measured,1,254.181,1,6871,2d7104c70c472171,1
forest-s0,272,30,444,measured,2,255.551,1,6871,2d7104c70c472171,1
forest-s0,272,30,444,measured,3,273.021,1,6871,2d7104c70c472171,1
forest-s0,272,30,444,measured,4,233.211,1,6871,2d7104c70c472171,1
forest-s0,272,30,444,measured,5,218.851,1,6871,2d7104c70c472171,1
forest-s0,272,30,444,measured,6,268.091,1,6871,2d7104c70c472171,1
forest-s0,272,30,444,measured,7,224.121,1,6871,2d7104c70c472171,1
forest-s0,272,30,444,measured,8,239.131,1,6871,2d7104c70c472171,1
forest-s0,272,30,444,measured,9,195.781,1,6871,2d7104c70c472171,1
forest-s0,272,30,444,measured,10,217.451,1,6871,2d7104c70c472171,1
forest-s0,272,30,444,measured,11,279.971,1,6871,2d7104c70c472171,1
forest-s0,272,30,444,measured,12,292.251,1,6871,2d7104c70c472171,1
forest-s0,272,30,444,measured,13,226.001,1,6871,2d7104c70c472171,1
forest-s0,272,30,444,measured,14,228.711,1,6871,2d7104c70c472171,1
forest-s0,272,30,444,measured,15,250.611,1,6871,2d7104c70c472171,1
forest-s0,272,30,444,measured,16,194.131,1,6871,2d7104c70c472171,1
forest-s0,272,30,444,measured,17,188.761,1,6871,2d7104c70c472171,1
forest-s0,272,30,444,measured,18,187.311,1,6871,2d7104c70c472171,1
forest-s0,272,30,444,measured,19,185.131,1,6871,2d7104c70c472171,1
forest-s0,272,30,444,measured,20,184.721,1,6871,2d7104c70c472171,1
forest-s0,272,30,444,measured,21,182.891,1,6871,2d7104c70c472171,1
forest-s0,272,30,444,measured,22,182.071,1,6871,2d7104c70c472171,1
forest-s0,272,30,444,measured,23,182.581,1,6871,2d7104c70c472171,1
forest-s0,544,10,420,warm,0,551.162,1,8006,ab07462fdd6cd7de,1
forest-s0,544,10,420,warm,1,498.572,1,8006,ab07462fdd6cd7de,1
forest-s0,544,10,420,warm,2,481.512,1,8006,ab07462fdd6cd7de,1
forest-s0,544,10,420,warm,3,518.212,1,8006,ab07462fdd6cd7de,1
forest-s0,544,10,420,warm,4,508.893,1,8006,ab07462fdd6cd7de,1
forest-s0,544,10,420,warm,5,628.292,1,8006,ab07462fdd6cd7de,1
forest-s0,544,10,420,warm,6,514.242,1,8006,ab07462fdd6cd7de,1
forest-s0,544,10,420,warm,7,505.552,1,8006,ab07462fdd6cd7de,1
forest-s0,544,10,420,warm,8,507.412,1,8006,ab07462fdd6cd7de,1
forest-s0,544,10,420,warm,9,493.012,1,8006,ab07462fdd6cd7de,1
forest-s0,544,10,420,warm,10,473.492,1,8006,ab07462fdd6cd7de,1
forest-s0,544,10,420,warm,11,616.632,1,8006,ab07462fdd6cd7de,1
forest-s0,544,10,420,measured,0,516.512,1,8006,ab07462fdd6cd7de,1
forest-s0,544,10,420,measured,1,563.213,1,8006,ab07462fdd6cd7de,1
forest-s0,544,10,420,measured,2,634.193,1,8006,ab07462fdd6cd7de,1
forest-s0,544,10,420,measured,3,754.303,1,8006,ab07462fdd6cd7de,1
forest-s0,544,10,420,measured,4,544.592,1,8006,ab07462fdd6cd7de,1
forest-s0,544,10,420,measured,5,534.412,1,8006,ab07462fdd6cd7de,1
forest-s0,544,10,420,measured,6,488.972,1,8006,ab07462fdd6cd7de,1
forest-s0,544,10,420,measured,7,593.243,1,8006,ab07462fdd6cd7de,1
forest-s0,544,10,420,measured,8,500.862,1,8006,ab07462fdd6cd7de,1
forest-s0,544,10,420,measured,9,529.832,1,8006,ab07462fdd6cd7de,1
forest-s0,544,10,420,measured,10,480.682,1,8006,ab07462fdd6cd7de,1
forest-s0,544,10,420,measured,11,474.532,1,8006,ab07462fdd6cd7de,1
forest-s0,544,10,420,measured,12,487.992,1,8006,ab07462fdd6cd7de,1
forest-s0,544,10,420,measured,13,479.772,1,8006,ab07462fdd6cd7de,1
forest-s0,544,10,420,measured,14,519.062,1,8006,ab07462fdd6cd7de,1
forest-s0,544,10,420,measured,15,489.232,1,8006,ab07462fdd6cd7de,1
forest-s0,544,10,420,measured,16,581.502,1,8006,ab07462fdd6cd7de,1
forest-s0,544,10,420,measured,17,487.962,1,8006,ab07462fdd6cd7de,1
forest-s0,544,10,420,measured,18,478.482,1,8006,ab07462fdd6cd7de,1
forest-s0,544,10,420,measured,19,483.492,1,8006,ab07462fdd6cd7de,1
forest-s0,544,10,420,measured,20,470.822,1,8006,ab07462fdd6cd7de,1
forest-s0,544,10,420,measured,21,481.742,1,8006,ab07462fdd6cd7de,1
forest-s0,544,10,420,measured,22,484.592,1,8006,ab07462fdd6cd7de,1
forest-s0,544,10,420,measured,23,472.562,1,8006,ab07462fdd6cd7de,1
forest-s0,544,5,420,warm,0,521.312,1,5792,53484336df9797ad,1
forest-s0,544,5,420,warm,1,481.282,1,5792,53484336df9797ad,1
forest-s0,544,5,420,warm,2,501.082,1,5792,53484336df9797ad,1
forest-s0,544,5,420,warm,3,627.333,1,5792,53484336df9797ad,1
forest-s0,544,5,420,warm,4,465.392,1,5792,53484336df9797ad,1
forest-s0,544,5,420,warm,5,508.782,1,5792,53484336df9797ad,1
forest-s0,544,5,420,warm,6,515.142,1,5792,53484336df9797ad,1
forest-s0,544,5,420,warm,7,587.692,1,5792,53484336df9797ad,1
forest-s0,544,5,420,warm,8,487.262,1,5792,53484336df9797ad,1
forest-s0,544,5,420,warm,9,490.592,1,5792,53484336df9797ad,1
forest-s0,544,5,420,warm,10,469.942,1,5792,53484336df9797ad,1
forest-s0,544,5,420,warm,11,482.232,1,5792,53484336df9797ad,1
forest-s0,544,5,420,measured,0,454.191,1,5792,53484336df9797ad,1
forest-s0,544,5,420,measured,1,443.912,1,5792,53484336df9797ad,1
forest-s0,544,5,420,measured,2,463.892,1,5792,53484336df9797ad,1
forest-s0,544,5,420,measured,3,462.092,1,5792,53484336df9797ad,1
forest-s0,544,5,420,measured,4,475.522,1,5792,53484336df9797ad,1
forest-s0,544,5,420,measured,5,455.372,1,5792,53484336df9797ad,1
forest-s0,544,5,420,measured,6,456.302,1,5792,53484336df9797ad,1
forest-s0,544,5,420,measured,7,445.421,1,5792,53484336df9797ad,1
forest-s0,544,5,420,measured,8,446.972,1,5792,53484336df9797ad,1
forest-s0,544,5,420,measured,9,535.992,1,5792,53484336df9797ad,1
forest-s0,544,5,420,measured,10,540.972,1,5792,53484336df9797ad,1
forest-s0,544,5,420,measured,11,518.042,1,5792,53484336df9797ad,1
forest-s0,544,5,420,measured,12,520.742,1,5792,53484336df9797ad,1
forest-s0,544,5,420,measured,13,472.602,1,5792,53484336df9797ad,1
forest-s0,544,5,420,measured,14,491.482,1,5792,53484336df9797ad,1
forest-s0,544,5,420,measured,15,479.812,1,5792,53484336df9797ad,1
forest-s0,544,5,420,measured,16,483.912,1,5792,53484336df9797ad,1
forest-s0,544,5,420,measured,17,467.552,1,5792,53484336df9797ad,1
forest-s0,544,5,420,measured,18,477.702,1,5792,53484336df9797ad,1
forest-s0,544,5,420,measured,19,510.372,1,5792,53484336df9797ad,1
forest-s0,544,5,420,measured,20,467.782,1,5792,53484336df9797ad,1
forest-s0,544,5,420,measured,21,487.822,1,5792,53484336df9797ad,1
forest-s0,544,5,420,measured,22,494.782,1,5792,53484336df9797ad,1
forest-s0,544,5,420,measured,23,487.312,1,5792,53484336df9797ad,1
dark-s0,272,5,444,warm,0,230.031,1,3948,7eed1d03651c3535,1
dark-s0,272,5,444,warm,1,185.101,1,3948,7eed1d03651c3535,1
dark-s0,272,5,444,warm,2,192.301,1,3948,7eed1d03651c3535,1
dark-s0,272,5,444,warm,3,225.371,1,3948,7eed1d03651c3535,1
dark-s0,272,5,444,warm,4,189.651,1,3948,7eed1d03651c3535,1
dark-s0,272,5,444,warm,5,208.901,1,3948,7eed1d03651c3535,1
dark-s0,272,5,444,warm,6,180.53,1,3948,7eed1d03651c3535,1
dark-s0,272,5,444,warm,7,173.811,1,3948,7eed1d03651c3535,1
dark-s0,272,5,444,warm,8,169.881,1,3948,7eed1d03651c3535,1
dark-s0,272,5,444,warm,9,170.541,1,3948,7eed1d03651c3535,1
dark-s0,272,5,444,warm,10,173.701,1,3948,7eed1d03651c3535,1
dark-s0,272,5,444,warm,11,167.631,1,3948,7eed1d03651c3535,1
dark-s0,272,5,444,measured,0,167.861,1,3948,7eed1d03651c3535,1
dark-s0,272,5,444,measured,1,165.6,1,3948,7eed1d03651c3535,1
dark-s0,272,5,444,measured,2,165.47,1,3948,7eed1d03651c3535,1
dark-s0,272,5,444,measured,3,181.51,1,3948,7eed1d03651c3535,1
dark-s0,272,5,444,measured,4,166.46,1,3948,7eed1d03651c3535,1
dark-s0,272,5,444,measured,5,168.781,1,3948,7eed1d03651c3535,1
dark-s0,272,5,444,measured,6,167.231,1,3948,7eed1d03651c3535,1
dark-s0,272,5,444,measured,7,203.871,1,3948,7eed1d03651c3535,1
dark-s0,272,5,444,measured,8,168.221,1,3948,7eed1d03651c3535,1
dark-s0,272,5,444,measured,9,200.411,1,3948,7eed1d03651c3535,1
dark-s0,272,5,444,measured,10,202.581,1,3948,7eed1d03651c3535,1
dark-s0,272,5,444,measured,11,228.861,1,3948,7eed1d03651c3535,1
dark-s0,272,5,444,measured,12,187.511,1,3948,7eed1d03651c3535,1
dark-s0,272,5,444,measured,13,178.141,1,3948,7eed1d03651c3535,1
dark-s0,272,5,444,measured,14,170.511,1,3948,7eed1d03651c3535,1
dark-s0,272,5,444,measured,15,169.291,1,3948,7eed1d03651c3535,1
dark-s0,272,5,444,measured,16,167.4,1,3948,7eed1d03651c3535,1
dark-s0,272,5,444,measured,17,165.99,1,3948,7eed1d03651c3535,1
dark-s0,272,5,444,measured,18,165.771,1,3948,7eed1d03651c3535,1
dark-s0,272,5,444,measured,19,168.561,1,3948,7eed1d03651c3535,1
dark-s0,272,5,444,measured,20,167.051,1,3948,7eed1d03651c3535,1
dark-s0,272,5,444,measured,21,166.271,1,3948,7eed1d03651c3535,1
dark-s0,272,5,444,measured,22,166.461,1,3948,7eed1d03651c3535,1
dark-s0,272,5,444,measured,23,172.351,1,3948,7eed1d03651c3535,1
dark-s0,1088,30,444,warm,0,4050.467,1,135015,efcdf2b61c33f165,1
dark-s0,1088,30,444,warm,1,4101.427,1,135015,efcdf2b61c33f165,1
dark-s0,1088,30,444,warm,2,4293.387,1,135015,efcdf2b61c33f165,1
dark-s0,1088,30,444,warm,3,4069.087,1,135015,efcdf2b61c33f165,1
dark-s0,1088,30,444,warm,4,3985.496,1,135015,efcdf2b61c33f165,1
dark-s0,1088,30,444,warm,5,4085.546,1,135015,efcdf2b61c33f165,1
dark-s0,1088,30,444,warm,6,4216.398,1,135015,efcdf2b61c33f165,1
dark-s0,1088,30,444,warm,7,4170.237,1,135015,efcdf2b61c33f165,1
dark-s0,1088,30,444,warm,8,4083.867,1,135015,efcdf2b61c33f165,1
dark-s0,1088,30,444,warm,9,4253.397,1,135015,efcdf2b61c33f165,1
dark-s0,1088,30,444,warm,10,3992.167,1,135015,efcdf2b61c33f165,1
dark-s0,1088,30,444,warm,11,3957.887,1,135015,efcdf2b61c33f165,1
dark-s0,1088,30,444,measured,0,4018.017,1,135015,efcdf2b61c33f165,1
dark-s0,1088,30,444,measured,1,4142.326,1,135015,efcdf2b61c33f165,1
dark-s0,1088,30,444,measured,2,4510.839,1,135015,efcdf2b61c33f165,1
dark-s0,1088,30,444,measured,3,4195.827,1,135015,efcdf2b61c33f165,1
dark-s0,1088,30,444,measured,4,4312.278,1,135015,efcdf2b61c33f165,1
dark-s0,1088,30,444,measured,5,4115.227,1,135015,efcdf2b61c33f165,1
dark-s0,1088,30,444,measured,6,4090.327,1,135015,efcdf2b61c33f165,1
dark-s0,1088,30,444,measured,7,3975.887,1,135015,efcdf2b61c33f165,1
dark-s0,1088,30,444,measured,8,3932.536,1,135015,efcdf2b61c33f165,1
dark-s0,1088,30,444,measured,9,4068.326,1,135015,efcdf2b61c33f165,1
dark-s0,1088,30,444,measured,10,3932.856,1,135015,efcdf2b61c33f165,1
dark-s0,1088,30,444,measured,11,4107.237,1,135015,efcdf2b61c33f165,1
dark-s0,1088,30,444,measured,12,3953.746,1,135015,efcdf2b61c33f165,1
dark-s0,1088,30,444,measured,13,4123.687,1,135015,efcdf2b61c33f165,1
dark-s0,1088,30,444,measured,14,4031.147,1,135015,efcdf2b61c33f165,1
dark-s0,1088,30,444,measured,15,4016.407,1,135015,efcdf2b61c33f165,1
dark-s0,1088,30,444,measured,16,3944.726,1,135015,efcdf2b61c33f165,1
dark-s0,1088,30,444,measured,17,3934.266,1,135015,efcdf2b61c33f165,1
dark-s0,1088,30,444,measured,18,4088.186,1,135015,efcdf2b61c33f165,1
dark-s0,1088,30,444,measured,19,3915.306,1,135015,efcdf2b61c33f165,1
dark-s0,1088,30,444,measured,20,3927.486,1,135015,efcdf2b61c33f165,1
dark-s0,1088,30,444,measured,21,3910.477,1,135015,efcdf2b61c33f165,1
dark-s0,1088,30,444,measured,22,3936.726,1,135015,efcdf2b61c33f165,1
dark-s0,1088,30,444,measured,23,4010.146,1,135015,efcdf2b61c33f165,1
forest-s0,544,20,444,warm,0,872.234,1,16573,fff3f9dd494c6d19,1
forest-s0,544,20,444,warm,1,862.193,1,16573,fff3f9dd494c6d19,1
forest-s0,544,20,444,warm,2,777.323,1,16573,fff3f9dd494c6d19,1
forest-s0,544,20,444,warm,3,957.794,1,16573,fff3f9dd494c6d19,1
forest-s0,544,20,444,warm,4,771.203,1,16573,fff3f9dd494c6d19,1
forest-s0,544,20,444,warm,5,732.233,1,16573,fff3f9dd494c6d19,1
forest-s0,544,20,444,warm,6,718.943,1,16573,fff3f9dd494c6d19,1
forest-s0,544,20,444,warm,7,722.713,1,16573,fff3f9dd494c6d19,1
forest-s0,544,20,444,warm,8,794.313,1,16573,fff3f9dd494c6d19,1
forest-s0,544,20,444,warm,9,743.483,1,16573,fff3f9dd494c6d19,1
forest-s0,544,20,444,warm,10,755.104,1,16573,fff3f9dd494c6d19,1
forest-s0,544,20,444,warm,11,753.993,1,16573,fff3f9dd494c6d19,1
forest-s0,544,20,444,measured,0,859.724,1,16573,fff3f9dd494c6d19,1
forest-s0,544,20,444,measured,1,735.243,1,16573,fff3f9dd494c6d19,1
forest-s0,544,20,444,measured,2,756.883,1,16573,fff3f9dd494c6d19,1
forest-s0,544,20,444,measured,3,746.633,1,16573,fff3f9dd494c6d19,1
forest-s0,544,20,444,measured,4,726.894,1,16573,fff3f9dd494c6d19,1
forest-s0,544,20,444,measured,5,723.593,1,16573,fff3f9dd494c6d19,1
forest-s0,544,20,444,measured,6,734.773,1,16573,fff3f9dd494c6d19,1
forest-s0,544,20,444,measured,7,899.893,1,16573,fff3f9dd494c6d19,1
forest-s0,544,20,444,measured,8,788.193,1,16573,fff3f9dd494c6d19,1
forest-s0,544,20,444,measured,9,790.913,1,16573,fff3f9dd494c6d19,1
forest-s0,544,20,444,measured,10,721.723,1,16573,fff3f9dd494c6d19,1
forest-s0,544,20,444,measured,11,713.722,1,16573,fff3f9dd494c6d19,1
forest-s0,544,20,444,measured,12,732.493,1,16573,fff3f9dd494c6d19,1
forest-s0,544,20,444,measured,13,758.653,1,16573,fff3f9dd494c6d19,1
forest-s0,544,20,444,measured,14,739.473,1,16573,fff3f9dd494c6d19,1
forest-s0,544,20,444,measured,15,866.083,1,16573,fff3f9dd494c6d19,1
forest-s0,544,20,444,measured,16,759.283,1,16573,fff3f9dd494c6d19,1
forest-s0,544,20,444,measured,17,846.143,1,16573,fff3f9dd494c6d19,1
forest-s0,544,20,444,measured,18,741.103,1,16573,fff3f9dd494c6d19,1
forest-s0,544,20,444,measured,19,738.853,1,16573,fff3f9dd494c6d19,1
forest-s0,544,20,444,measured,20,802.483,1,16573,fff3f9dd494c6d19,1
forest-s0,544,20,444,measured,21,737.493,1,16573,fff3f9dd494c6d19,1
forest-s0,544,20,444,measured,22,738.013,1,16573,fff3f9dd494c6d19,1
forest-s0,544,20,444,measured,23,805.203,1,16573,fff3f9dd494c6d19,1
dark-s0,1088,5,420,warm,0,2229.469,1,28115,cb19cc6363ac3ca8,1
dark-s0,1088,5,420,warm,1,2058.169,1,28115,cb19cc6363ac3ca8,1
dark-s0,1088,5,420,warm,2,2035.979,1,28115,cb19cc6363ac3ca8,1
dark-s0,1088,5,420,warm,3,2170.758,1,28115,cb19cc6363ac3ca8,1
dark-s0,1088,5,420,warm,4,2042.748,1,28115,cb19cc6363ac3ca8,1
dark-s0,1088,5,420,warm,5,2321.47,1,28115,cb19cc6363ac3ca8,1
dark-s0,1088,5,420,warm,6,2001.658,1,28115,cb19cc6363ac3ca8,1
dark-s0,1088,5,420,warm,7,2082.818,1,28115,cb19cc6363ac3ca8,1
dark-s0,1088,5,420,warm,8,2039.378,1,28115,cb19cc6363ac3ca8,1
dark-s0,1088,5,420,warm,9,2011.729,1,28115,cb19cc6363ac3ca8,1
dark-s0,1088,5,420,warm,10,2335.15,1,28115,cb19cc6363ac3ca8,1
dark-s0,1088,5,420,warm,11,2180.589,1,28115,cb19cc6363ac3ca8,1
dark-s0,1088,5,420,measured,0,2138.398,1,28115,cb19cc6363ac3ca8,1
dark-s0,1088,5,420,measured,1,2035.399,1,28115,cb19cc6363ac3ca8,1
dark-s0,1088,5,420,measured,2,2054.548,1,28115,cb19cc6363ac3ca8,1
dark-s0,1088,5,420,measured,3,2088.559,1,28115,cb19cc6363ac3ca8,1
dark-s0,1088,5,420,measured,4,2041.599,1,28115,cb19cc6363ac3ca8,1
dark-s0,1088,5,420,measured,5,2039.499,1,28115,cb19cc6363ac3ca8,1
dark-s0,1088,5,420,measured,6,2019.459,1,28115,cb19cc6363ac3ca8,1
dark-s0,1088,5,420,measured,7,2042.509,1,28115,cb19cc6363ac3ca8,1
dark-s0,1088,5,420,measured,8,2149.669,1,28115,cb19cc6363ac3ca8,1
dark-s0,1088,5,420,measured,9,2073.848,1,28115,cb19cc6363ac3ca8,1
dark-s0,1088,5,420,measured,10,2030.458,1,28115,cb19cc6363ac3ca8,1
dark-s0,1088,5,420,measured,11,1992.708,1,28115,cb19cc6363ac3ca8,1
dark-s0,1088,5,420,measured,12,2033.128,1,28115,cb19cc6363ac3ca8,1
dark-s0,1088,5,420,measured,13,2143.148,1,28115,cb19cc6363ac3ca8,1
dark-s0,1088,5,420,measured,14,2050.718,1,28115,cb19cc6363ac3ca8,1
dark-s0,1088,5,420,measured,15,2211.829,1,28115,cb19cc6363ac3ca8,1
dark-s0,1088,5,420,measured,16,2086.468,1,28115,cb19cc6363ac3ca8,1
dark-s0,1088,5,420,measured,17,2052.708,1,28115,cb19cc6363ac3ca8,1
dark-s0,1088,5,420,measured,18,1992.818,1,28115,cb19cc6363ac3ca8,1
dark-s0,1088,5,420,measured,19,2167.409,1,28115,cb19cc6363ac3ca8,1
dark-s0,1088,5,420,measured,20,2021.238,1,28115,cb19cc6363ac3ca8,1
dark-s0,1088,5,420,measured,21,2044.669,1,28115,cb19cc6363ac3ca8,1
dark-s0,1088,5,420,measured,22,2035.089,1,28115,cb19cc6363ac3ca8,1
dark-s0,1088,5,420,measured,23,2151.889,1,28115,cb19cc6363ac3ca8,1
forest-s0,272,20,444,warm,0,306.811,1,5342,573a3669869ac4c1,1
forest-s0,272,20,444,warm,1,227.651,1,5342,573a3669869ac4c1,1
forest-s0,272,20,444,warm,2,194.971,1,5342,573a3669869ac4c1,1
forest-s0,272,20,444,warm,3,262.342,1,5342,573a3669869ac4c1,1
forest-s0,272,20,444,warm,4,208.341,1,5342,573a3669869ac4c1,1
forest-s0,272,20,444,warm,5,192.981,1,5342,573a3669869ac4c1,1
forest-s0,272,20,444,warm,6,192.971,1,5342,573a3669869ac4c1,1
forest-s0,272,20,444,warm,7,190.59,1,5342,573a3669869ac4c1,1
forest-s0,272,20,444,warm,8,219.821,1,5342,573a3669869ac4c1,1
forest-s0,272,20,444,warm,9,183.021,1,5342,573a3669869ac4c1,1
forest-s0,272,20,444,warm,10,179.561,1,5342,573a3669869ac4c1,1
forest-s0,272,20,444,warm,11,183.68,1,5342,573a3669869ac4c1,1
forest-s0,272,20,444,measured,0,176.53,1,5342,573a3669869ac4c1,1
forest-s0,272,20,444,measured,1,177.051,1,5342,573a3669869ac4c1,1
forest-s0,272,20,444,measured,2,174.681,1,5342,573a3669869ac4c1,1
forest-s0,272,20,444,measured,3,178.611,1,5342,573a3669869ac4c1,1
forest-s0,272,20,444,measured,4,174.281,1,5342,573a3669869ac4c1,1
forest-s0,272,20,444,measured,5,177.531,1,5342,573a3669869ac4c1,1
forest-s0,272,20,444,measured,6,174.02,1,5342,573a3669869ac4c1,1
forest-s0,272,20,444,measured,7,174.02,1,5342,573a3669869ac4c1,1
forest-s0,272,20,444,measured,8,236.521,1,5342,573a3669869ac4c1,1
forest-s0,272,20,444,measured,9,176.921,1,5342,573a3669869ac4c1,1
forest-s0,272,20,444,measured,10,176.631,1,5342,573a3669869ac4c1,1
forest-s0,272,20,444,measured,11,183.09,1,5342,573a3669869ac4c1,1
forest-s0,272,20,444,measured,12,174.81,1,5342,573a3669869ac4c1,1
forest-s0,272,20,444,measured,13,173.56,1,5342,573a3669869ac4c1,1
forest-s0,272,20,444,measured,14,174.311,1,5342,573a3669869ac4c1,1
forest-s0,272,20,444,measured,15,174.121,1,5342,573a3669869ac4c1,1
forest-s0,272,20,444,measured,16,173.761,1,5342,573a3669869ac4c1,1
forest-s0,272,20,444,measured,17,173.401,1,5342,573a3669869ac4c1,1
forest-s0,272,20,444,measured,18,204.661,1,5342,573a3669869ac4c1,1
forest-s0,272,20,444,measured,19,176.29,1,5342,573a3669869ac4c1,1
forest-s0,272,20,444,measured,20,223.511,1,5342,573a3669869ac4c1,1
forest-s0,272,20,444,measured,21,209.121,1,5342,573a3669869ac4c1,1
forest-s0,272,20,444,measured,22,178.77,1,5342,573a3669869ac4c1,1
forest-s0,272,20,444,measured,23,175.34,1,5342,573a3669869ac4c1,1
forest-s0,272,5,444,warm,0,207.221,1,2834,2cf7dc04705386fd,1
forest-s0,272,5,444,warm,1,223.751,1,2834,2cf7dc04705386fd,1
forest-s0,272,5,444,warm,2,170.701,1,2834,2cf7dc04705386fd,1
forest-s0,272,5,444,warm,3,215.74,1,2834,2cf7dc04705386fd,1
forest-s0,272,5,444,warm,4,165.38,1,2834,2cf7dc04705386fd,1
forest-s0,272,5,444,warm,5,157.021,1,2834,2cf7dc04705386fd,1
forest-s0,272,5,444,warm,6,156.051,1,2834,2cf7dc04705386fd,1
forest-s0,272,5,444,warm,7,173.741,1,2834,2cf7dc04705386fd,1
forest-s0,272,5,444,warm,8,208.331,1,2834,2cf7dc04705386fd,1
forest-s0,272,5,444,warm,9,160.57,1,2834,2cf7dc04705386fd,1
forest-s0,272,5,444,warm,10,157.11,1,2834,2cf7dc04705386fd,1
forest-s0,272,5,444,warm,11,156.82,1,2834,2cf7dc04705386fd,1
forest-s0,272,5,444,measured,0,171.98,1,2834,2cf7dc04705386fd,1
forest-s0,272,5,444,measured,1,161.441,1,2834,2cf7dc04705386fd,1
forest-s0,272,5,444,measured,2,156.291,1,2834,2cf7dc04705386fd,1
forest-s0,272,5,444,measured,3,156.241,1,2834,2cf7dc04705386fd,1
forest-s0,272,5,444,measured,4,156.871,1,2834,2cf7dc04705386fd,1
forest-s0,272,5,444,measured,5,158.741,1,2834,2cf7dc04705386fd,1
forest-s0,272,5,444,measured,6,156.591,1,2834,2cf7dc04705386fd,1
forest-s0,272,5,444,measured,7,157.721,1,2834,2cf7dc04705386fd,1
forest-s0,272,5,444,measured,8,156.521,1,2834,2cf7dc04705386fd,1
forest-s0,272,5,444,measured,9,156.681,1,2834,2cf7dc04705386fd,1
forest-s0,272,5,444,measured,10,156.591,1,2834,2cf7dc04705386fd,1
forest-s0,272,5,444,measured,11,156.721,1,2834,2cf7dc04705386fd,1
forest-s0,272,5,444,measured,12,156.961,1,2834,2cf7dc04705386fd,1
forest-s0,272,5,444,measured,13,173.57,1,2834,2cf7dc04705386fd,1
forest-s0,272,5,444,measured,14,161.231,1,2834,2cf7dc04705386fd,1
forest-s0,272,5,444,measured,15,158.171,1,2834,2cf7dc04705386fd,1
forest-s0,272,5,444,measured,16,178.081,1,2834,2cf7dc04705386fd,1
forest-s0,272,5,444,measured,17,164.251,1,2834,2cf7dc04705386fd,1
forest-s0,272,5,444,measured,18,160.351,1,2834,2cf7dc04705386fd,1
forest-s0,272,5,444,measured,19,160.4,1,2834,2cf7dc04705386fd,1
forest-s0,272,5,444,measured,20,193.191,1,2834,2cf7dc04705386fd,1
forest-s0,272,5,444,measured,21,238.491,1,2834,2cf7dc04705386fd,1
forest-s0,272,5,444,measured,22,190.23,1,2834,2cf7dc04705386fd,1
forest-s0,272,5,444,measured,23,207.851,1,2834,2cf7dc04705386fd,1
forest-s0,1088,30,420,warm,0,2432.879,1,50543,f5ee1eb7c252628a,1
forest-s0,1088,30,420,warm,1,2405.04,1,50543,f5ee1eb7c252628a,1
forest-s0,1088,30,420,warm,2,2455.2,1,50543,f5ee1eb7c252628a,1
forest-s0,1088,30,420,warm,3,2451.94,1,50543,f5ee1eb7c252628a,1
forest-s0,1088,30,420,warm,4,2616.531,1,50543,f5ee1eb7c252628a,1
forest-s0,1088,30,420,warm,5,2350.98,1,50543,f5ee1eb7c252628a,1
forest-s0,1088,30,420,warm,6,2481.57,1,50543,f5ee1eb7c252628a,1
forest-s0,1088,30,420,warm,7,2705.141,1,50543,f5ee1eb7c252628a,1
forest-s0,1088,30,420,warm,8,2617.7,1,50543,f5ee1eb7c252628a,1
forest-s0,1088,30,420,warm,9,2507.771,1,50543,f5ee1eb7c252628a,1
forest-s0,1088,30,420,warm,10,2452.04,1,50543,f5ee1eb7c252628a,1
forest-s0,1088,30,420,warm,11,2571.391,1,50543,f5ee1eb7c252628a,1
forest-s0,1088,30,420,measured,0,2416.17,1,50543,f5ee1eb7c252628a,1
forest-s0,1088,30,420,measured,1,2403.31,1,50543,f5ee1eb7c252628a,1
forest-s0,1088,30,420,measured,2,2399.119,1,50543,f5ee1eb7c252628a,1
forest-s0,1088,30,420,measured,3,2616.761,1,50543,f5ee1eb7c252628a,1
forest-s0,1088,30,420,measured,4,2366.77,1,50543,f5ee1eb7c252628a,1
forest-s0,1088,30,420,measured,5,2355.089,1,50543,f5ee1eb7c252628a,1
forest-s0,1088,30,420,measured,6,2417.47,1,50543,f5ee1eb7c252628a,1
forest-s0,1088,30,420,measured,7,2513.14,1,50543,f5ee1eb7c252628a,1
forest-s0,1088,30,420,measured,8,2464.44,1,50543,f5ee1eb7c252628a,1
forest-s0,1088,30,420,measured,9,2446.42,1,50543,f5ee1eb7c252628a,1
forest-s0,1088,30,420,measured,10,2397.22,1,50543,f5ee1eb7c252628a,1
forest-s0,1088,30,420,measured,11,2387,1,50543,f5ee1eb7c252628a,1
forest-s0,1088,30,420,measured,12,2385.54,1,50543,f5ee1eb7c252628a,1
forest-s0,1088,30,420,measured,13,2345.41,1,50543,f5ee1eb7c252628a,1
forest-s0,1088,30,420,measured,14,2458.421,1,50543,f5ee1eb7c252628a,1
forest-s0,1088,30,420,measured,15,2341.6,1,50543,f5ee1eb7c252628a,1
forest-s0,1088,30,420,measured,16,2426.99,1,50543,f5ee1eb7c252628a,1
forest-s0,1088,30,420,measured,17,2378.33,1,50543,f5ee1eb7c252628a,1
forest-s0,1088,30,420,measured,18,2589.721,1,50543,f5ee1eb7c252628a,1
forest-s0,1088,30,420,measured,19,2335.36,1,50543,f5ee1eb7c252628a,1
forest-s0,1088,30,420,measured,20,2382.52,1,50543,f5ee1eb7c252628a,1
forest-s0,1088,30,420,measured,21,2357.7,1,50543,f5ee1eb7c252628a,1
forest-s0,1088,30,420,measured,22,2351.2,1,50543,f5ee1eb7c252628a,1
forest-s0,1088,30,420,measured,23,2360.82,1,50543,f5ee1eb7c252628a,1
dark-s0,544,20,420,warm,0,780.524,1,25247,ed367f8b65576c53,1
dark-s0,544,20,420,warm,1,911.934,1,25247,ed367f8b65576c53,1
dark-s0,544,20,420,warm,2,831.644,1,25247,ed367f8b65576c53,1
dark-s0,544,20,420,warm,3,749.333,1,25247,ed367f8b65576c53,1
dark-s0,544,20,420,warm,4,766.773,1,25247,ed367f8b65576c53,1
dark-s0,544,20,420,warm,5,731.413,1,25247,ed367f8b65576c53,1
dark-s0,544,20,420,warm,6,756.863,1,25247,ed367f8b65576c53,1
dark-s0,544,20,420,warm,7,717.302,1,25247,ed367f8b65576c53,1
dark-s0,544,20,420,warm,8,712.783,1,25247,ed367f8b65576c53,1
dark-s0,544,20,420,warm,9,836.164,1,25247,ed367f8b65576c53,1
dark-s0,544,20,420,warm,10,768.263,1,25247,ed367f8b65576c53,1
dark-s0,544,20,420,warm,11,719.293,1,25247,ed367f8b65576c53,1
dark-s0,544,20,420,measured,0,737.413,1,25247,ed367f8b65576c53,1
dark-s0,544,20,420,measured,1,839.053,1,25247,ed367f8b65576c53,1
dark-s0,544,20,420,measured,2,777.873,1,25247,ed367f8b65576c53,1
dark-s0,544,20,420,measured,3,775.793,1,25247,ed367f8b65576c53,1
dark-s0,544,20,420,measured,4,788.953,1,25247,ed367f8b65576c53,1
dark-s0,544,20,420,measured,5,736.753,1,25247,ed367f8b65576c53,1
dark-s0,544,20,420,measured,6,721.583,1,25247,ed367f8b65576c53,1
dark-s0,544,20,420,measured,7,708.383,1,25247,ed367f8b65576c53,1
dark-s0,544,20,420,measured,8,782.733,1,25247,ed367f8b65576c53,1
dark-s0,544,20,420,measured,9,722.353,1,25247,ed367f8b65576c53,1
dark-s0,544,20,420,measured,10,735.823,1,25247,ed367f8b65576c53,1
dark-s0,544,20,420,measured,11,743.253,1,25247,ed367f8b65576c53,1
dark-s0,544,20,420,measured,12,789.134,1,25247,ed367f8b65576c53,1
dark-s0,544,20,420,measured,13,729.342,1,25247,ed367f8b65576c53,1
dark-s0,544,20,420,measured,14,712.523,1,25247,ed367f8b65576c53,1
dark-s0,544,20,420,measured,15,727.373,1,25247,ed367f8b65576c53,1
dark-s0,544,20,420,measured,16,750.363,1,25247,ed367f8b65576c53,1
dark-s0,544,20,420,measured,17,848.884,1,25247,ed367f8b65576c53,1
dark-s0,544,20,420,measured,18,701.563,1,25247,ed367f8b65576c53,1
dark-s0,544,20,420,measured,19,711.003,1,25247,ed367f8b65576c53,1
dark-s0,544,20,420,measured,20,842.133,1,25247,ed367f8b65576c53,1
dark-s0,544,20,420,measured,21,762.683,1,25247,ed367f8b65576c53,1
dark-s0,544,20,420,measured,22,731.113,1,25247,ed367f8b65576c53,1
dark-s0,544,20,420,measured,23,718.143,1,25247,ed367f8b65576c53,1
forest-s0,1088,20,444,warm,0,3344.434,1,54667,d5a73e0b58f44159,1
forest-s0,1088,20,444,warm,1,2925.862,1,54667,d5a73e0b58f44159,1
forest-s0,1088,20,444,warm,2,2928.922,1,54667,d5a73e0b58f44159,1
forest-s0,1088,20,444,warm,3,3027.942,1,54667,d5a73e0b58f44159,1
forest-s0,1088,20,444,warm,4,3026.263,1,54667,d5a73e0b58f44159,1
forest-s0,1088,20,444,warm,5,2898.532,1,54667,d5a73e0b58f44159,1
forest-s0,1088,20,444,warm,6,2880.032,1,54667,d5a73e0b58f44159,1
forest-s0,1088,20,444,warm,7,3006.763,1,54667,d5a73e0b58f44159,1
forest-s0,1088,20,444,warm,8,3534.015,1,54667,d5a73e0b58f44159,1
forest-s0,1088,20,444,warm,9,3431.794,1,54667,d5a73e0b58f44159,1
forest-s0,1088,20,444,warm,10,2918.432,1,54667,d5a73e0b58f44159,1
forest-s0,1088,20,444,warm,11,3246.023,1,54667,d5a73e0b58f44159,1
forest-s0,1088,20,444,measured,0,2925.232,1,54667,d5a73e0b58f44159,1
forest-s0,1088,20,444,measured,1,3092.033,1,54667,d5a73e0b58f44159,1
forest-s0,1088,20,444,measured,2,2894.782,1,54667,d5a73e0b58f44159,1
forest-s0,1088,20,444,measured,3,2892.412,1,54667,d5a73e0b58f44159,1
forest-s0,1088,20,444,measured,4,3087.673,1,54667,d5a73e0b58f44159,1
forest-s0,1088,20,444,measured,5,2908.702,1,54667,d5a73e0b58f44159,1
forest-s0,1088,20,444,measured,6,2995.492,1,54667,d5a73e0b58f44159,1
forest-s0,1088,20,444,measured,7,3049.902,1,54667,d5a73e0b58f44159,1
forest-s0,1088,20,444,measured,8,3186.883,1,54667,d5a73e0b58f44159,1
forest-s0,1088,20,444,measured,9,2940.742,1,54667,d5a73e0b58f44159,1
forest-s0,1088,20,444,measured,10,3177.863,1,54667,d5a73e0b58f44159,1
forest-s0,1088,20,444,measured,11,2926.981,1,54667,d5a73e0b58f44159,1
forest-s0,1088,20,444,measured,12,2973.813,1,54667,d5a73e0b58f44159,1
forest-s0,1088,20,444,measured,13,3020.553,1,54667,d5a73e0b58f44159,1
forest-s0,1088,20,444,measured,14,3045.482,1,54667,d5a73e0b58f44159,1
forest-s0,1088,20,444,measured,15,2892.632,1,54667,d5a73e0b58f44159,1
forest-s0,1088,20,444,measured,16,3054.442,1,54667,d5a73e0b58f44159,1
forest-s0,1088,20,444,measured,17,2951.942,1,54667,d5a73e0b58f44159,1
forest-s0,1088,20,444,measured,18,3028.353,1,54667,d5a73e0b58f44159,1
forest-s0,1088,20,444,measured,19,2905.582,1,54667,d5a73e0b58f44159,1
forest-s0,1088,20,444,measured,20,2924.362,1,54667,d5a73e0b58f44159,1
forest-s0,1088,20,444,measured,21,2975.822,1,54667,d5a73e0b58f44159,1
forest-s0,1088,20,444,measured,22,2920.652,1,54667,d5a73e0b58f44159,1
forest-s0,1088,20,444,measured,23,3095.133,1,54667,d5a73e0b58f44159,1
dark-s0,544,20,444,warm,0,1147.254,1,32217,ad9e4bc87c51add,1
dark-s0,544,20,444,warm,1,1054.675,1,32217,ad9e4bc87c51add,1
dark-s0,544,20,444,warm,2,986.145,1,32217,ad9e4bc87c51add,1
dark-s0,544,20,444,warm,3,955.094,1,32217,ad9e4bc87c51add,1
dark-s0,544,20,444,warm,4,961.104,1,32217,ad9e4bc87c51add,1
dark-s0,544,20,444,warm,5,965.514,1,32217,ad9e4bc87c51add,1
dark-s0,544,20,444,warm,6,955.214,1,32217,ad9e4bc87c51add,1
dark-s0,544,20,444,warm,7,1000.864,1,32217,ad9e4bc87c51add,1
dark-s0,544,20,444,warm,8,1001.375,1,32217,ad9e4bc87c51add,1
dark-s0,544,20,444,warm,9,1013.645,1,32217,ad9e4bc87c51add,1
dark-s0,544,20,444,warm,10,956.874,1,32217,ad9e4bc87c51add,1
dark-s0,544,20,444,warm,11,940.314,1,32217,ad9e4bc87c51add,1
dark-s0,544,20,444,measured,0,969.484,1,32217,ad9e4bc87c51add,1
dark-s0,544,20,444,measured,1,981.604,1,32217,ad9e4bc87c51add,1
dark-s0,544,20,444,measured,2,953.714,1,32217,ad9e4bc87c51add,1
dark-s0,544,20,444,measured,3,950.864,1,32217,ad9e4bc87c51add,1
dark-s0,544,20,444,measured,4,958.704,1,32217,ad9e4bc87c51add,1
dark-s0,544,20,444,measured,5,949.093,1,32217,ad9e4bc87c51add,1
dark-s0,544,20,444,measured,6,1064.214,1,32217,ad9e4bc87c51add,1
dark-s0,544,20,444,measured,7,954.644,1,32217,ad9e4bc87c51add,1
dark-s0,544,20,444,measured,8,971.044,1,32217,ad9e4bc87c51add,1
dark-s0,544,20,444,measured,9,950.863,1,32217,ad9e4bc87c51add,1
dark-s0,544,20,444,measured,10,986.694,1,32217,ad9e4bc87c51add,1
dark-s0,544,20,444,measured,11,995.324,1,32217,ad9e4bc87c51add,1
dark-s0,544,20,444,measured,12,963.634,1,32217,ad9e4bc87c51add,1
dark-s0,544,20,444,measured,13,948.424,1,32217,ad9e4bc87c51add,1
dark-s0,544,20,444,measured,14,1008.934,1,32217,ad9e4bc87c51add,1
dark-s0,544,20,444,measured,15,1013.654,1,32217,ad9e4bc87c51add,1
dark-s0,544,20,444,measured,16,944.424,1,32217,ad9e4bc87c51add,1
dark-s0,544,20,444,measured,17,940.694,1,32217,ad9e4bc87c51add,1
dark-s0,544,20,444,measured,18,939.644,1,32217,ad9e4bc87c51add,1
dark-s0,544,20,444,measured,19,942.704,1,32217,ad9e4bc87c51add,1
dark-s0,544,20,444,measured,20,980.374,1,32217,ad9e4bc87c51add,1
dark-s0,544,20,444,measured,21,961.054,1,32217,ad9e4bc87c51add,1
dark-s0,544,20,444,measured,22,947.204,1,32217,ad9e4bc87c51add,1
dark-s0,544,20,444,measured,23,989.424,1,32217,ad9e4bc87c51add,1
forest-s0,1088,5,420,warm,0,1816.958,1,19663,60fa81a886fa51a9,1
forest-s0,1088,5,420,warm,1,1852.698,1,19663,60fa81a886fa51a9,1
forest-s0,1088,5,420,warm,2,1878.327,1,19663,60fa81a886fa51a9,1
forest-s0,1088,5,420,warm,3,1964.328,1,19663,60fa81a886fa51a9,1
forest-s0,1088,5,420,warm,4,1931.298,1,19663,60fa81a886fa51a9,1
forest-s0,1088,5,420,warm,5,1923.477,1,19663,60fa81a886fa51a9,1
forest-s0,1088,5,420,warm,6,1840.698,1,19663,60fa81a886fa51a9,1
forest-s0,1088,5,420,warm,7,1842.047,1,19663,60fa81a886fa51a9,1
forest-s0,1088,5,420,warm,8,1961.498,1,19663,60fa81a886fa51a9,1
forest-s0,1088,5,420,warm,9,1846.467,1,19663,60fa81a886fa51a9,1
forest-s0,1088,5,420,warm,10,1892.448,1,19663,60fa81a886fa51a9,1
forest-s0,1088,5,420,warm,11,1858.038,1,19663,60fa81a886fa51a9,1
forest-s0,1088,5,420,measured,0,1871.867,1,19663,60fa81a886fa51a9,1
forest-s0,1088,5,420,measured,1,1856.278,1,19663,60fa81a886fa51a9,1
forest-s0,1088,5,420,measured,2,1839.068,1,19663,60fa81a886fa51a9,1
forest-s0,1088,5,420,measured,3,2007.948,1,19663,60fa81a886fa51a9,1
forest-s0,1088,5,420,measured,4,1907.298,1,19663,60fa81a886fa51a9,1
forest-s0,1088,5,420,measured,5,1826.038,1,19663,60fa81a886fa51a9,1
forest-s0,1088,5,420,measured,6,1844.427,1,19663,60fa81a886fa51a9,1
forest-s0,1088,5,420,measured,7,1852.307,1,19663,60fa81a886fa51a9,1
forest-s0,1088,5,420,measured,8,1826.658,1,19663,60fa81a886fa51a9,1
forest-s0,1088,5,420,measured,9,1905.028,1,19663,60fa81a886fa51a9,1
forest-s0,1088,5,420,measured,10,1925.568,1,19663,60fa81a886fa51a9,1
forest-s0,1088,5,420,measured,11,1818.687,1,19663,60fa81a886fa51a9,1
forest-s0,1088,5,420,measured,12,1828.677,1,19663,60fa81a886fa51a9,1
forest-s0,1088,5,420,measured,13,1916.888,1,19663,60fa81a886fa51a9,1
forest-s0,1088,5,420,measured,14,1884.938,1,19663,60fa81a886fa51a9,1
forest-s0,1088,5,420,measured,15,2063.728,1,19663,60fa81a886fa51a9,1
forest-s0,1088,5,420,measured,16,1937.328,1,19663,60fa81a886fa51a9,1
forest-s0,1088,5,420,measured,17,1860.397,1,19663,60fa81a886fa51a9,1
forest-s0,1088,5,420,measured,18,1877.568,1,19663,60fa81a886fa51a9,1
forest-s0,1088,5,420,measured,19,1975.758,1,19663,60fa81a886fa51a9,1
forest-s0,1088,5,420,measured,20,1916.118,1,19663,60fa81a886fa51a9,1
forest-s0,1088,5,420,measured,21,2454.85,1,19663,60fa81a886fa51a9,1
forest-s0,1088,5,420,measured,22,2144.449,1,19663,60fa81a886fa51a9,1
forest-s0,1088,5,420,measured,23,1905.458,1,19663,60fa81a886fa51a9,1
dark-s0,1088,10,444,warm,0,3504.824,1,64063,4b929464d50b6b25,1
dark-s0,1088,10,444,warm,1,3218.913,1,64063,4b929464d50b6b25,1
dark-s0,1088,10,444,warm,2,3131.793,1,64063,4b929464d50b6b25,1
dark-s0,1088,10,444,warm,3,3409.644,1,64063,4b929464d50b6b25,1
dark-s0,1088,10,444,warm,4,3288.743,1,64063,4b929464d50b6b25,1
dark-s0,1088,10,444,warm,5,3848.596,1,64063,4b929464d50b6b25,1
dark-s0,1088,10,444,warm,6,3693.515,1,64063,4b929464d50b6b25,1
dark-s0,1088,10,444,warm,7,3654.425,1,64063,4b929464d50b6b25,1
dark-s0,1088,10,444,warm,8,3463.674,1,64063,4b929464d50b6b25,1
dark-s0,1088,10,444,warm,9,3359.174,1,64063,4b929464d50b6b25,1
dark-s0,1088,10,444,warm,10,3315.864,1,64063,4b929464d50b6b25,1
dark-s0,1088,10,444,warm,11,3142.693,1,64063,4b929464d50b6b25,1
dark-s0,1088,10,444,measured,0,3244.693,1,64063,4b929464d50b6b25,1
dark-s0,1088,10,444,measured,1,3277.373,1,64063,4b929464d50b6b25,1
dark-s0,1088,10,444,measured,2,3221.553,1,64063,4b929464d50b6b25,1
dark-s0,1088,10,444,measured,3,3246.753,1,64063,4b929464d50b6b25,1
dark-s0,1088,10,444,measured,4,3211.743,1,64063,4b929464d50b6b25,1
dark-s0,1088,10,444,measured,5,3726.655,1,64063,4b929464d50b6b25,1
dark-s0,1088,10,444,measured,6,3639.505,1,64063,4b929464d50b6b25,1
dark-s0,1088,10,444,measured,7,3345.354,1,64063,4b929464d50b6b25,1
dark-s0,1088,10,444,measured,8,3674.535,1,64063,4b929464d50b6b25,1
dark-s0,1088,10,444,measured,9,3600.334,1,64063,4b929464d50b6b25,1
dark-s0,1088,10,444,measured,10,3474.884,1,64063,4b929464d50b6b25,1
dark-s0,1088,10,444,measured,11,3564.774,1,64063,4b929464d50b6b25,1
dark-s0,1088,10,444,measured,12,3742.495,1,64063,4b929464d50b6b25,1
dark-s0,1088,10,444,measured,13,3546.464,1,64063,4b929464d50b6b25,1
dark-s0,1088,10,444,measured,14,3172.613,1,64063,4b929464d50b6b25,1
dark-s0,1088,10,444,measured,15,3123.093,1,64063,4b929464d50b6b25,1
dark-s0,1088,10,444,measured,16,3124.453,1,64063,4b929464d50b6b25,1
dark-s0,1088,10,444,measured,17,3111.803,1,64063,4b929464d50b6b25,1
dark-s0,1088,10,444,measured,18,3165.713,1,64063,4b929464d50b6b25,1
dark-s0,1088,10,444,measured,19,3306.393,1,64063,4b929464d50b6b25,1
dark-s0,1088,10,444,measured,20,3310.593,1,64063,4b929464d50b6b25,1
dark-s0,1088,10,444,measured,21,3537.744,1,64063,4b929464d50b6b25,1
dark-s0,1088,10,444,measured,22,3787.195,1,64063,4b929464d50b6b25,1
dark-s0,1088,10,444,measured,23,3138.073,1,64063,4b929464d50b6b25,1
forest-s0,544,30,420,warm,0,673.302,1,16208,1d24307bdc570c31,1
forest-s0,544,30,420,warm,1,961.754,1,16208,1d24307bdc570c31,1
forest-s0,544,30,420,warm,2,737.973,1,16208,1d24307bdc570c31,1
forest-s0,544,30,420,warm,3,662.032,1,16208,1d24307bdc570c31,1
forest-s0,544,30,420,warm,4,644.973,1,16208,1d24307bdc570c31,1
forest-s0,544,30,420,warm,5,618.872,1,16208,1d24307bdc570c31,1
forest-s0,544,30,420,warm,6,663.153,1,16208,1d24307bdc570c31,1
forest-s0,544,30,420,warm,7,777.383,1,16208,1d24307bdc570c31,1
forest-s0,544,30,420,warm,8,625.893,1,16208,1d24307bdc570c31,1
forest-s0,544,30,420,warm,9,637.343,1,16208,1d24307bdc570c31,1
forest-s0,544,30,420,warm,10,651.182,1,16208,1d24307bdc570c31,1
forest-s0,544,30,420,warm,11,721.832,1,16208,1d24307bdc570c31,1
forest-s0,544,30,420,measured,0,744.274,1,16208,1d24307bdc570c31,1
forest-s0,544,30,420,measured,1,638.332,1,16208,1d24307bdc570c31,1
forest-s0,544,30,420,measured,2,900.454,1,16208,1d24307bdc570c31,1
forest-s0,544,30,420,measured,3,700.513,1,16208,1d24307bdc570c31,1
forest-s0,544,30,420,measured,4,646.093,1,16208,1d24307bdc570c31,1
forest-s0,544,30,420,measured,5,855.043,1,16208,1d24307bdc570c31,1
forest-s0,544,30,420,measured,6,691.373,1,16208,1d24307bdc570c31,1
forest-s0,544,30,420,measured,7,623.783,1,16208,1d24307bdc570c31,1
forest-s0,544,30,420,measured,8,606.042,1,16208,1d24307bdc570c31,1
forest-s0,544,30,420,measured,9,596.072,1,16208,1d24307bdc570c31,1
forest-s0,544,30,420,measured,10,707.803,1,16208,1d24307bdc570c31,1
forest-s0,544,30,420,measured,11,648.163,1,16208,1d24307bdc570c31,1
forest-s0,544,30,420,measured,12,876.323,1,16208,1d24307bdc570c31,1
forest-s0,544,30,420,measured,13,712.773,1,16208,1d24307bdc570c31,1
forest-s0,544,30,420,measured,14,656.823,1,16208,1d24307bdc570c31,1
forest-s0,544,30,420,measured,15,628.312,1,16208,1d24307bdc570c31,1
forest-s0,544,30,420,measured,16,729.683,1,16208,1d24307bdc570c31,1
forest-s0,544,30,420,measured,17,628.182,1,16208,1d24307bdc570c31,1
forest-s0,544,30,420,measured,18,838.613,1,16208,1d24307bdc570c31,1
forest-s0,544,30,420,measured,19,630.363,1,16208,1d24307bdc570c31,1
forest-s0,544,30,420,measured,20,782.563,1,16208,1d24307bdc570c31,1
forest-s0,544,30,420,measured,21,748.533,1,16208,1d24307bdc570c31,1
forest-s0,544,30,420,measured,22,823.634,1,16208,1d24307bdc570c31,1
forest-s0,544,30,420,measured,23,759.713,1,16208,1d24307bdc570c31,1
dark-s0,272,20,420,warm,0,247.311,1,8468,5700ed1d6f4df15c,1
dark-s0,272,20,420,warm,1,198.611,1,8468,5700ed1d6f4df15c,1
dark-s0,272,20,420,warm,2,265.791,1,8468,5700ed1d6f4df15c,1
dark-s0,272,20,420,warm,3,206.641,1,8468,5700ed1d6f4df15c,1
dark-s0,272,20,420,warm,4,180.411,1,8468,5700ed1d6f4df15c,1
dark-s0,272,20,420,warm,5,203.011,1,8468,5700ed1d6f4df15c,1
dark-s0,272,20,420,warm,6,172.22,1,8468,5700ed1d6f4df15c,1
dark-s0,272,20,420,warm,7,191.071,1,8468,5700ed1d6f4df15c,1
dark-s0,272,20,420,warm,8,208.251,1,8468,5700ed1d6f4df15c,1
dark-s0,272,20,420,warm,9,199.251,1,8468,5700ed1d6f4df15c,1
dark-s0,272,20,420,warm,10,166.951,1,8468,5700ed1d6f4df15c,1
dark-s0,272,20,420,warm,11,155.901,1,8468,5700ed1d6f4df15c,1
dark-s0,272,20,420,measured,0,154.871,1,8468,5700ed1d6f4df15c,1
dark-s0,272,20,420,measured,1,155.47,1,8468,5700ed1d6f4df15c,1
dark-s0,272,20,420,measured,2,159.91,1,8468,5700ed1d6f4df15c,1
dark-s0,272,20,420,measured,3,317.101,1,8468,5700ed1d6f4df15c,1
dark-s0,272,20,420,measured,4,283.221,1,8468,5700ed1d6f4df15c,1
dark-s0,272,20,420,measured,5,203.471,1,8468,5700ed1d6f4df15c,1
dark-s0,272,20,420,measured,6,235.691,1,8468,5700ed1d6f4df15c,1
dark-s0,272,20,420,measured,7,260.821,1,8468,5700ed1d6f4df15c,1
dark-s0,272,20,420,measured,8,332.691,1,8468,5700ed1d6f4df15c,1
dark-s0,272,20,420,measured,9,200.811,1,8468,5700ed1d6f4df15c,1
dark-s0,272,20,420,measured,10,197.871,1,8468,5700ed1d6f4df15c,1
dark-s0,272,20,420,measured,11,205.851,1,8468,5700ed1d6f4df15c,1
dark-s0,272,20,420,measured,12,257.441,1,8468,5700ed1d6f4df15c,1
dark-s0,272,20,420,measured,13,214.411,1,8468,5700ed1d6f4df15c,1
dark-s0,272,20,420,measured,14,182.14,1,8468,5700ed1d6f4df15c,1
dark-s0,272,20,420,measured,15,167.651,1,8468,5700ed1d6f4df15c,1
dark-s0,272,20,420,measured,16,162.611,1,8468,5700ed1d6f4df15c,1
dark-s0,272,20,420,measured,17,160.291,1,8468,5700ed1d6f4df15c,1
dark-s0,272,20,420,measured,18,159.161,1,8468,5700ed1d6f4df15c,1
dark-s0,272,20,420,measured,19,198.711,1,8468,5700ed1d6f4df15c,1
dark-s0,272,20,420,measured,20,160.34,1,8468,5700ed1d6f4df15c,1
dark-s0,272,20,420,measured,21,239.921,1,8468,5700ed1d6f4df15c,1
dark-s0,272,20,420,measured,22,207.191,1,8468,5700ed1d6f4df15c,1
dark-s0,272,20,420,measured,23,172.151,1,8468,5700ed1d6f4df15c,1
dark-s0,1088,5,444,warm,0,3068.523,1,44168,7099868fd56c57b5,1
dark-s0,1088,5,444,warm,1,2863.832,1,44168,7099868fd56c57b5,1
dark-s0,1088,5,444,warm,2,3124.953,1,44168,7099868fd56c57b5,1
dark-s0,1088,5,444,warm,3,3402.184,1,44168,7099868fd56c57b5,1
dark-s0,1088,5,444,warm,4,2971.952,1,44168,7099868fd56c57b5,1
dark-s0,1088,5,444,warm,5,3240.193,1,44168,7099868fd56c57b5,1
dark-s0,1088,5,444,warm,6,2831.331,1,44168,7099868fd56c57b5,1
dark-s0,1088,5,444,warm,7,2873.102,1,44168,7099868fd56c57b5,1
dark-s0,1088,5,444,warm,8,2903.232,1,44168,7099868fd56c57b5,1
dark-s0,1088,5,444,warm,9,2868.442,1,44168,7099868fd56c57b5,1
dark-s0,1088,5,444,warm,10,2807.591,1,44168,7099868fd56c57b5,1
dark-s0,1088,5,444,warm,11,2891.582,1,44168,7099868fd56c57b5,1
dark-s0,1088,5,444,measured,0,2805.602,1,44168,7099868fd56c57b5,1
dark-s0,1088,5,444,measured,1,2874.312,1,44168,7099868fd56c57b5,1
dark-s0,1088,5,444,measured,2,2876.312,1,44168,7099868fd56c57b5,1
dark-s0,1088,5,444,measured,3,2768.422,1,44168,7099868fd56c57b5,1
dark-s0,1088,5,444,measured,4,2777.151,1,44168,7099868fd56c57b5,1
dark-s0,1088,5,444,measured,5,2793.761,1,44168,7099868fd56c57b5,1
dark-s0,1088,5,444,measured,6,2810.392,1,44168,7099868fd56c57b5,1
dark-s0,1088,5,444,measured,7,2793.582,1,44168,7099868fd56c57b5,1
dark-s0,1088,5,444,measured,8,2873.912,1,44168,7099868fd56c57b5,1
dark-s0,1088,5,444,measured,9,3137.503,1,44168,7099868fd56c57b5,1
dark-s0,1088,5,444,measured,10,2770.441,1,44168,7099868fd56c57b5,1
dark-s0,1088,5,444,measured,11,2854.532,1,44168,7099868fd56c57b5,1
dark-s0,1088,5,444,measured,12,2846.932,1,44168,7099868fd56c57b5,1
dark-s0,1088,5,444,measured,13,2823.311,1,44168,7099868fd56c57b5,1
dark-s0,1088,5,444,measured,14,2907.882,1,44168,7099868fd56c57b5,1
dark-s0,1088,5,444,measured,15,2863.231,1,44168,7099868fd56c57b5,1
dark-s0,1088,5,444,measured,16,2788.312,1,44168,7099868fd56c57b5,1
dark-s0,1088,5,444,measured,17,2998.863,1,44168,7099868fd56c57b5,1
dark-s0,1088,5,444,measured,18,2775.181,1,44168,7099868fd56c57b5,1
dark-s0,1088,5,444,measured,19,2902.372,1,44168,7099868fd56c57b5,1
dark-s0,1088,5,444,measured,20,2948.112,1,44168,7099868fd56c57b5,1
dark-s0,1088,5,444,measured,21,2885.362,1,44168,7099868fd56c57b5,1
dark-s0,1088,5,444,measured,22,2835.682,1,44168,7099868fd56c57b5,1
dark-s0,1088,5,444,measured,23,2790.542,1,44168,7099868fd56c57b5,1
dark-s0,544,10,444,warm,0,933.034,1,20049,e034e92e3d2f405d,1
dark-s0,544,10,444,warm,1,825.213,1,20049,e034e92e3d2f405d,1
dark-s0,544,10,444,warm,2,832.634,1,20049,e034e92e3d2f405d,1
dark-s0,544,10,444,warm,3,805.624,1,20049,e034e92e3d2f405d,1
dark-s0,544,10,444,warm,4,877.454,1,20049,e034e92e3d2f405d,1
dark-s0,544,10,444,warm,5,820.213,1,20049,e034e92e3d2f405d,1
dark-s0,544,10,444,warm,6,817.253,1,20049,e034e92e3d2f405d,1
dark-s0,544,10,444,warm,7,818.214,1,20049,e034e92e3d2f405d,1
dark-s0,544,10,444,warm,8,820.853,1,20049,e034e92e3d2f405d,1
dark-s0,544,10,444,warm,9,934.794,1,20049,e034e92e3d2f405d,1
dark-s0,544,10,444,warm,10,806.973,1,20049,e034e92e3d2f405d,1
dark-s0,544,10,444,warm,11,835.423,1,20049,e034e92e3d2f405d,1
dark-s0,544,10,444,measured,0,1014.324,1,20049,e034e92e3d2f405d,1
dark-s0,544,10,444,measured,1,804.273,1,20049,e034e92e3d2f405d,1
dark-s0,544,10,444,measured,2,809.473,1,20049,e034e92e3d2f405d,1
dark-s0,544,10,444,measured,3,798.583,1,20049,e034e92e3d2f405d,1
dark-s0,544,10,444,measured,4,862.744,1,20049,e034e92e3d2f405d,1
dark-s0,544,10,444,measured,5,823.364,1,20049,e034e92e3d2f405d,1
dark-s0,544,10,444,measured,6,790.593,1,20049,e034e92e3d2f405d,1
dark-s0,544,10,444,measured,7,1135.414,1,20049,e034e92e3d2f405d,1
dark-s0,544,10,444,measured,8,916.294,1,20049,e034e92e3d2f405d,1
dark-s0,544,10,444,measured,9,962.904,1,20049,e034e92e3d2f405d,1
dark-s0,544,10,444,measured,10,1100.374,1,20049,e034e92e3d2f405d,1
dark-s0,544,10,444,measured,11,856.403,1,20049,e034e92e3d2f405d,1
dark-s0,544,10,444,measured,12,1047.534,1,20049,e034e92e3d2f405d,1
dark-s0,544,10,444,measured,13,864.894,1,20049,e034e92e3d2f405d,1
dark-s0,544,10,444,measured,14,810.864,1,20049,e034e92e3d2f405d,1
dark-s0,544,10,444,measured,15,919.093,1,20049,e034e92e3d2f405d,1
dark-s0,544,10,444,measured,16,817.314,1,20049,e034e92e3d2f405d,1
dark-s0,544,10,444,measured,17,836.644,1,20049,e034e92e3d2f405d,1
dark-s0,544,10,444,measured,18,823.984,1,20049,e034e92e3d2f405d,1
dark-s0,544,10,444,measured,19,934.813,1,20049,e034e92e3d2f405d,1
dark-s0,544,10,444,measured,20,894.364,1,20049,e034e92e3d2f405d,1
dark-s0,544,10,444,measured,21,818.063,1,20049,e034e92e3d2f405d,1
dark-s0,544,10,444,measured,22,930.804,1,20049,e034e92e3d2f405d,1
dark-s0,544,10,444,measured,23,889.283,1,20049,e034e92e3d2f405d,1
forest-s0,1088,10,444,warm,0,3074.653,1,40838,71128aea812de795,1
forest-s0,1088,10,444,warm,1,3059.793,1,40838,71128aea812de795,1
forest-s0,1088,10,444,warm,2,2715.231,1,40838,71128aea812de795,1
forest-s0,1088,10,444,warm,3,2761.551,1,40838,71128aea812de795,1
forest-s0,1088,10,444,warm,4,2718.181,1,40838,71128aea812de795,1
forest-s0,1088,10,444,warm,5,2923.042,1,40838,71128aea812de795,1
forest-s0,1088,10,444,warm,6,2879.362,1,40838,71128aea812de795,1
forest-s0,1088,10,444,warm,7,3007.832,1,40838,71128aea812de795,1
forest-s0,1088,10,444,warm,8,2808.362,1,40838,71128aea812de795,1
forest-s0,1088,10,444,warm,9,3069.543,1,40838,71128aea812de795,1
forest-s0,1088,10,444,warm,10,2914.582,1,40838,71128aea812de795,1
forest-s0,1088,10,444,warm,11,2873.682,1,40838,71128aea812de795,1
forest-s0,1088,10,444,measured,0,2760.741,1,40838,71128aea812de795,1
forest-s0,1088,10,444,measured,1,3021.223,1,40838,71128aea812de795,1
forest-s0,1088,10,444,measured,2,3738.005,1,40838,71128aea812de795,1
forest-s0,1088,10,444,measured,3,4107.637,1,40838,71128aea812de795,1
forest-s0,1088,10,444,measured,4,2990.842,1,40838,71128aea812de795,1
forest-s0,1088,10,444,measured,5,3525.755,1,40838,71128aea812de795,1
forest-s0,1088,10,444,measured,6,3090.892,1,40838,71128aea812de795,1
forest-s0,1088,10,444,measured,7,3588.844,1,40838,71128aea812de795,1
forest-s0,1088,10,444,measured,8,2933.432,1,40838,71128aea812de795,1
forest-s0,1088,10,444,measured,9,2874.042,1,40838,71128aea812de795,1
forest-s0,1088,10,444,measured,10,3127.823,1,40838,71128aea812de795,1
forest-s0,1088,10,444,measured,11,3109.293,1,40838,71128aea812de795,1
forest-s0,1088,10,444,measured,12,3136.163,1,40838,71128aea812de795,1
forest-s0,1088,10,444,measured,13,2907.013,1,40838,71128aea812de795,1
forest-s0,1088,10,444,measured,14,2920.632,1,40838,71128aea812de795,1
forest-s0,1088,10,444,measured,15,3063.663,1,40838,71128aea812de795,1
forest-s0,1088,10,444,measured,16,2906.382,1,40838,71128aea812de795,1
forest-s0,1088,10,444,measured,17,3289.304,1,40838,71128aea812de795,1
forest-s0,1088,10,444,measured,18,2930.172,1,40838,71128aea812de795,1
forest-s0,1088,10,444,measured,19,2992.062,1,40838,71128aea812de795,1
forest-s0,1088,10,444,measured,20,2737.332,1,40838,71128aea812de795,1
forest-s0,1088,10,444,measured,21,2806.402,1,40838,71128aea812de795,1
forest-s0,1088,10,444,measured,22,2699.651,1,40838,71128aea812de795,1
forest-s0,1088,10,444,measured,23,2698.721,1,40838,71128aea812de795,1
forest-s0,272,5,420,warm,0,163.591,1,1943,f881fe8c35714c75,1
forest-s0,272,5,420,warm,1,140.91,1,1943,f881fe8c35714c75,1
forest-s0,272,5,420,warm,2,122.271,1,1943,f881fe8c35714c75,1
forest-s0,272,5,420,warm,3,166.261,1,1943,f881fe8c35714c75,1
forest-s0,272,5,420,warm,4,136.39,1,1943,f881fe8c35714c75,1
forest-s0,272,5,420,warm,5,123.531,1,1943,f881fe8c35714c75,1
forest-s0,272,5,420,warm,6,122.971,1,1943,f881fe8c35714c75,1
forest-s0,272,5,420,warm,7,116.811,1,1943,f881fe8c35714c75,1
forest-s0,272,5,420,warm,8,146.291,1,1943,f881fe8c35714c75,1
forest-s0,272,5,420,warm,9,150.881,1,1943,f881fe8c35714c75,1
forest-s0,272,5,420,warm,10,117.061,1,1943,f881fe8c35714c75,1
forest-s0,272,5,420,warm,11,138.261,1,1943,f881fe8c35714c75,1
forest-s0,272,5,420,measured,0,122.611,1,1943,f881fe8c35714c75,1
forest-s0,272,5,420,measured,1,116.471,1,1943,f881fe8c35714c75,1
forest-s0,272,5,420,measured,2,115.09,1,1943,f881fe8c35714c75,1
forest-s0,272,5,420,measured,3,116.3,1,1943,f881fe8c35714c75,1
forest-s0,272,5,420,measured,4,115.79,1,1943,f881fe8c35714c75,1
forest-s0,272,5,420,measured,5,126.69,1,1943,f881fe8c35714c75,1
forest-s0,272,5,420,measured,6,115.54,1,1943,f881fe8c35714c75,1
forest-s0,272,5,420,measured,7,115,1,1943,f881fe8c35714c75,1
forest-s0,272,5,420,measured,8,138.88,1,1943,f881fe8c35714c75,1
forest-s0,272,5,420,measured,9,160.3,1,1943,f881fe8c35714c75,1
forest-s0,272,5,420,measured,10,119.66,1,1943,f881fe8c35714c75,1
forest-s0,272,5,420,measured,11,146.31,1,1943,f881fe8c35714c75,1
forest-s0,272,5,420,measured,12,128.901,1,1943,f881fe8c35714c75,1
forest-s0,272,5,420,measured,13,125.92,1,1943,f881fe8c35714c75,1
forest-s0,272,5,420,measured,14,114.81,1,1943,f881fe8c35714c75,1
forest-s0,272,5,420,measured,15,169.481,1,1943,f881fe8c35714c75,1
forest-s0,272,5,420,measured,16,116.321,1,1943,f881fe8c35714c75,1
forest-s0,272,5,420,measured,17,115.13,1,1943,f881fe8c35714c75,1
forest-s0,272,5,420,measured,18,115.051,1,1943,f881fe8c35714c75,1
forest-s0,272,5,420,measured,19,147.341,1,1943,f881fe8c35714c75,1
forest-s0,272,5,420,measured,20,156.531,1,1943,f881fe8c35714c75,1
forest-s0,272,5,420,measured,21,158.671,1,1943,f881fe8c35714c75,1
forest-s0,272,5,420,measured,22,129.051,1,1943,f881fe8c35714c75,1
forest-s0,272,5,420,measured,23,118.101,1,1943,f881fe8c35714c75,1
dark-s0,544,5,420,warm,0,595.973,1,9176,52d4ff8a1d1673e2,1
dark-s0,544,5,420,warm,1,902.513,1,9176,52d4ff8a1d1673e2,1
dark-s0,544,5,420,warm,2,554.172,1,9176,52d4ff8a1d1673e2,1
dark-s0,544,5,420,warm,3,578.022,1,9176,52d4ff8a1d1673e2,1
dark-s0,544,5,420,warm,4,762.573,1,9176,52d4ff8a1d1673e2,1
dark-s0,544,5,420,warm,5,624.753,1,9176,52d4ff8a1d1673e2,1
dark-s0,544,5,420,warm,6,647.363,1,9176,52d4ff8a1d1673e2,1
dark-s0,544,5,420,warm,7,666.062,1,9176,52d4ff8a1d1673e2,1
dark-s0,544,5,420,warm,8,653.613,1,9176,52d4ff8a1d1673e2,1
dark-s0,544,5,420,warm,9,561.652,1,9176,52d4ff8a1d1673e2,1
dark-s0,544,5,420,warm,10,668.813,1,9176,52d4ff8a1d1673e2,1
dark-s0,544,5,420,warm,11,569.403,1,9176,52d4ff8a1d1673e2,1
dark-s0,544,5,420,measured,0,546.903,1,9176,52d4ff8a1d1673e2,1
dark-s0,544,5,420,measured,1,567.782,1,9176,52d4ff8a1d1673e2,1
dark-s0,544,5,420,measured,2,716.363,1,9176,52d4ff8a1d1673e2,1
dark-s0,544,5,420,measured,3,683.423,1,9176,52d4ff8a1d1673e2,1
dark-s0,544,5,420,measured,4,528.372,1,9176,52d4ff8a1d1673e2,1
dark-s0,544,5,420,measured,5,523.602,1,9176,52d4ff8a1d1673e2,1
dark-s0,544,5,420,measured,6,505.072,1,9176,52d4ff8a1d1673e2,1
dark-s0,544,5,420,measured,7,548.962,1,9176,52d4ff8a1d1673e2,1
dark-s0,544,5,420,measured,8,512.502,1,9176,52d4ff8a1d1673e2,1
dark-s0,544,5,420,measured,9,563.602,1,9176,52d4ff8a1d1673e2,1
dark-s0,544,5,420,measured,10,522.732,1,9176,52d4ff8a1d1673e2,1
dark-s0,544,5,420,measured,11,516.552,1,9176,52d4ff8a1d1673e2,1
dark-s0,544,5,420,measured,12,534.823,1,9176,52d4ff8a1d1673e2,1
dark-s0,544,5,420,measured,13,500.822,1,9176,52d4ff8a1d1673e2,1
dark-s0,544,5,420,measured,14,529.142,1,9176,52d4ff8a1d1673e2,1
dark-s0,544,5,420,measured,15,632.062,1,9176,52d4ff8a1d1673e2,1
dark-s0,544,5,420,measured,16,516.252,1,9176,52d4ff8a1d1673e2,1
dark-s0,544,5,420,measured,17,518.812,1,9176,52d4ff8a1d1673e2,1
dark-s0,544,5,420,measured,18,547.442,1,9176,52d4ff8a1d1673e2,1
dark-s0,544,5,420,measured,19,541.512,1,9176,52d4ff8a1d1673e2,1
dark-s0,544,5,420,measured,20,519.112,1,9176,52d4ff8a1d1673e2,1
dark-s0,544,5,420,measured,21,541.682,1,9176,52d4ff8a1d1673e2,1
dark-s0,544,5,420,measured,22,512.522,1,9176,52d4ff8a1d1673e2,1
dark-s0,544,5,420,measured,23,524.432,1,9176,52d4ff8a1d1673e2,1
forest-s0,272,20,420,warm,0,185.091,1,4136,97c5a54684895ca6,1
forest-s0,272,20,420,warm,1,152.14,1,4136,97c5a54684895ca6,1
forest-s0,272,20,420,warm,2,161.341,1,4136,97c5a54684895ca6,1
forest-s0,272,20,420,warm,3,169.721,1,4136,97c5a54684895ca6,1
forest-s0,272,20,420,warm,4,158.301,1,4136,97c5a54684895ca6,1
forest-s0,272,20,420,warm,5,133.031,1,4136,97c5a54684895ca6,1
forest-s0,272,20,420,warm,6,127.46,1,4136,97c5a54684895ca6,1
forest-s0,272,20,420,warm,7,127.121,1,4136,97c5a54684895ca6,1
forest-s0,272,20,420,warm,8,170.231,1,4136,97c5a54684895ca6,1
forest-s0,272,20,420,warm,9,140.311,1,4136,97c5a54684895ca6,1
forest-s0,272,20,420,warm,10,127.911,1,4136,97c5a54684895ca6,1
forest-s0,272,20,420,warm,11,128.37,1,4136,97c5a54684895ca6,1
forest-s0,272,20,420,measured,0,126.84,1,4136,97c5a54684895ca6,1
forest-s0,272,20,420,measured,1,188.521,1,4136,97c5a54684895ca6,1
forest-s0,272,20,420,measured,2,140.891,1,4136,97c5a54684895ca6,1
forest-s0,272,20,420,measured,3,127.641,1,4136,97c5a54684895ca6,1
forest-s0,272,20,420,measured,4,130.841,1,4136,97c5a54684895ca6,1
forest-s0,272,20,420,measured,5,127.681,1,4136,97c5a54684895ca6,1
forest-s0,272,20,420,measured,6,127.44,1,4136,97c5a54684895ca6,1
forest-s0,272,20,420,measured,7,133.67,1,4136,97c5a54684895ca6,1
forest-s0,272,20,420,measured,8,208.211,1,4136,97c5a54684895ca6,1
forest-s0,272,20,420,measured,9,171.171,1,4136,97c5a54684895ca6,1
forest-s0,272,20,420,measured,10,172.71,1,4136,97c5a54684895ca6,1
forest-s0,272,20,420,measured,11,151.77,1,4136,97c5a54684895ca6,1
forest-s0,272,20,420,measured,12,132.89,1,4136,97c5a54684895ca6,1
forest-s0,272,20,420,measured,13,152.16,1,4136,97c5a54684895ca6,1
forest-s0,272,20,420,measured,14,129.48,1,4136,97c5a54684895ca6,1
forest-s0,272,20,420,measured,15,130.42,1,4136,97c5a54684895ca6,1
forest-s0,272,20,420,measured,16,133.42,1,4136,97c5a54684895ca6,1
forest-s0,272,20,420,measured,17,129.46,1,4136,97c5a54684895ca6,1
forest-s0,272,20,420,measured,18,125.901,1,4136,97c5a54684895ca6,1
forest-s0,272,20,420,measured,19,133.821,1,4136,97c5a54684895ca6,1
forest-s0,272,20,420,measured,20,150.941,1,4136,97c5a54684895ca6,1
forest-s0,272,20,420,measured,21,127.35,1,4136,97c5a54684895ca6,1
forest-s0,272,20,420,measured,22,126.331,1,4136,97c5a54684895ca6,1
forest-s0,272,20,420,measured,23,126.711,1,4136,97c5a54684895ca6,1
dark-s0,272,30,420,warm,0,243.101,1,11258,a57c4372667b1cf,1
dark-s0,272,30,420,warm,1,208.251,1,11258,a57c4372667b1cf,1
dark-s0,272,30,420,warm,2,224.061,1,11258,a57c4372667b1cf,1
dark-s0,272,30,420,warm,3,198.991,1,11258,a57c4372667b1cf,1
dark-s0,272,30,420,warm,4,197.871,1,11258,a57c4372667b1cf,1
dark-s0,272,30,420,warm,5,180.681,1,11258,a57c4372667b1cf,1
dark-s0,272,30,420,warm,6,175.85,1,11258,a57c4372667b1cf,1
dark-s0,272,30,420,warm,7,174.011,1,11258,a57c4372667b1cf,1
dark-s0,272,30,420,warm,8,180.151,1,11258,a57c4372667b1cf,1
dark-s0,272,30,420,warm,9,234.141,1,11258,a57c4372667b1cf,1
dark-s0,272,30,420,warm,10,194.371,1,11258,a57c4372667b1cf,1
dark-s0,272,30,420,warm,11,172.021,1,11258,a57c4372667b1cf,1
dark-s0,272,30,420,measured,0,177.971,1,11258,a57c4372667b1cf,1
dark-s0,272,30,420,measured,1,171.67,1,11258,a57c4372667b1cf,1
dark-s0,272,30,420,measured,2,217.561,1,11258,a57c4372667b1cf,1
dark-s0,272,30,420,measured,3,176.701,1,11258,a57c4372667b1cf,1
dark-s0,272,30,420,measured,4,169.501,1,11258,a57c4372667b1cf,1
dark-s0,272,30,420,measured,5,173.961,1,11258,a57c4372667b1cf,1
dark-s0,272,30,420,measured,6,217.521,1,11258,a57c4372667b1cf,1
dark-s0,272,30,420,measured,7,182.651,1,11258,a57c4372667b1cf,1
dark-s0,272,30,420,measured,8,347.991,1,11258,a57c4372667b1cf,1
dark-s0,272,30,420,measured,9,217.211,1,11258,a57c4372667b1cf,1
dark-s0,272,30,420,measured,10,198.941,1,11258,a57c4372667b1cf,1
dark-s0,272,30,420,measured,11,186.021,1,11258,a57c4372667b1cf,1
dark-s0,272,30,420,measured,12,185.721,1,11258,a57c4372667b1cf,1
dark-s0,272,30,420,measured,13,206.221,1,11258,a57c4372667b1cf,1
dark-s0,272,30,420,measured,14,252.781,1,11258,a57c4372667b1cf,1
dark-s0,272,30,420,measured,15,208.281,1,11258,a57c4372667b1cf,1
dark-s0,272,30,420,measured,16,190.17,1,11258,a57c4372667b1cf,1
dark-s0,272,30,420,measured,17,252.751,1,11258,a57c4372667b1cf,1
dark-s0,272,30,420,measured,18,263.781,1,11258,a57c4372667b1cf,1
dark-s0,272,30,420,measured,19,211.931,1,11258,a57c4372667b1cf,1
dark-s0,272,30,420,measured,20,249.211,1,11258,a57c4372667b1cf,1
dark-s0,272,30,420,measured,21,230.611,1,11258,a57c4372667b1cf,1
dark-s0,272,30,420,measured,22,213.071,1,11258,a57c4372667b1cf,1
dark-s0,272,30,420,measured,23,200.011,1,11258,a57c4372667b1cf,1
forest-s0,1088,30,444,warm,0,3409.584,1,69907,63ccdbd900550729,1
forest-s0,1088,30,444,warm,1,3198.923,1,69907,63ccdbd900550729,1
forest-s0,1088,30,444,warm,2,3252.143,1,69907,63ccdbd900550729,1
forest-s0,1088,30,444,warm,3,3469.744,1,69907,63ccdbd900550729,1
forest-s0,1088,30,444,warm,4,3179.273,1,69907,63ccdbd900550729,1
forest-s0,1088,30,444,warm,5,3381.804,1,69907,63ccdbd900550729,1
forest-s0,1088,30,444,warm,6,3240.503,1,69907,63ccdbd900550729,1
forest-s0,1088,30,444,warm,7,3435.865,1,69907,63ccdbd900550729,1
forest-s0,1088,30,444,warm,8,3209.684,1,69907,63ccdbd900550729,1
forest-s0,1088,30,444,warm,9,3471.304,1,69907,63ccdbd900550729,1
forest-s0,1088,30,444,warm,10,3381.664,1,69907,63ccdbd900550729,1
forest-s0,1088,30,444,warm,11,3183.733,1,69907,63ccdbd900550729,1
forest-s0,1088,30,444,measured,0,3195.023,1,69907,63ccdbd900550729,1
forest-s0,1088,30,444,measured,1,3514.955,1,69907,63ccdbd900550729,1
forest-s0,1088,30,444,measured,2,3127.913,1,69907,63ccdbd900550729,1
forest-s0,1088,30,444,measured,3,3129.903,1,69907,63ccdbd900550729,1
forest-s0,1088,30,444,measured,4,3213.733,1,69907,63ccdbd900550729,1
forest-s0,1088,30,444,measured,5,3363.864,1,69907,63ccdbd900550729,1
forest-s0,1088,30,444,measured,6,3444.964,1,69907,63ccdbd900550729,1
forest-s0,1088,30,444,measured,7,3177.473,1,69907,63ccdbd900550729,1
forest-s0,1088,30,444,measured,8,3328.184,1,69907,63ccdbd900550729,1
forest-s0,1088,30,444,measured,9,3552.264,1,69907,63ccdbd900550729,1
forest-s0,1088,30,444,measured,10,3335.773,1,69907,63ccdbd900550729,1
forest-s0,1088,30,444,measured,11,3152.533,1,69907,63ccdbd900550729,1
forest-s0,1088,30,444,measured,12,3163.883,1,69907,63ccdbd900550729,1
forest-s0,1088,30,444,measured,13,3154.593,1,69907,63ccdbd900550729,1
forest-s0,1088,30,444,measured,14,3190.044,1,69907,63ccdbd900550729,1
forest-s0,1088,30,444,measured,15,3194.334,1,69907,63ccdbd900550729,1
forest-s0,1088,30,444,measured,16,3492.865,1,69907,63ccdbd900550729,1
forest-s0,1088,30,444,measured,17,3632.245,1,69907,63ccdbd900550729,1
forest-s0,1088,30,444,measured,18,3279.094,1,69907,63ccdbd900550729,1
forest-s0,1088,30,444,measured,19,3217.803,1,69907,63ccdbd900550729,1
forest-s0,1088,30,444,measured,20,3116.782,1,69907,63ccdbd900550729,1
forest-s0,1088,30,444,measured,21,3382.144,1,69907,63ccdbd900550729,1
forest-s0,1088,30,444,measured,22,3495.004,1,69907,63ccdbd900550729,1
forest-s0,1088,30,444,measured,23,3391.584,1,69907,63ccdbd900550729,1
dark-s0,544,30,420,warm,0,826.874,1,33953,5fb9761bad8acbb5,1
dark-s0,544,30,420,warm,1,785.814,1,33953,5fb9761bad8acbb5,1
dark-s0,544,30,420,warm,2,891.694,1,33953,5fb9761bad8acbb5,1
dark-s0,544,30,420,warm,3,902.844,1,33953,5fb9761bad8acbb5,1
dark-s0,544,30,420,warm,4,800.264,1,33953,5fb9761bad8acbb5,1
dark-s0,544,30,420,warm,5,891.404,1,33953,5fb9761bad8acbb5,1
dark-s0,544,30,420,warm,6,1010.404,1,33953,5fb9761bad8acbb5,1
dark-s0,544,30,420,warm,7,943.684,1,33953,5fb9761bad8acbb5,1
dark-s0,544,30,420,warm,8,851.823,1,33953,5fb9761bad8acbb5,1
dark-s0,544,30,420,warm,9,832.433,1,33953,5fb9761bad8acbb5,1
dark-s0,544,30,420,warm,10,955.524,1,33953,5fb9761bad8acbb5,1
dark-s0,544,30,420,warm,11,799.673,1,33953,5fb9761bad8acbb5,1
dark-s0,544,30,420,measured,0,816.993,1,33953,5fb9761bad8acbb5,1
dark-s0,544,30,420,measured,1,787.363,1,33953,5fb9761bad8acbb5,1
dark-s0,544,30,420,measured,2,811.063,1,33953,5fb9761bad8acbb5,1
dark-s0,544,30,420,measured,3,806.523,1,33953,5fb9761bad8acbb5,1
dark-s0,544,30,420,measured,4,822.783,1,33953,5fb9761bad8acbb5,1
dark-s0,544,30,420,measured,5,837.423,1,33953,5fb9761bad8acbb5,1
dark-s0,544,30,420,measured,6,895.984,1,33953,5fb9761bad8acbb5,1
dark-s0,544,30,420,measured,7,791.464,1,33953,5fb9761bad8acbb5,1
dark-s0,544,30,420,measured,8,793.704,1,33953,5fb9761bad8acbb5,1
dark-s0,544,30,420,measured,9,790.013,1,33953,5fb9761bad8acbb5,1
dark-s0,544,30,420,measured,10,776.403,1,33953,5fb9761bad8acbb5,1
dark-s0,544,30,420,measured,11,792.133,1,33953,5fb9761bad8acbb5,1
dark-s0,544,30,420,measured,12,794.033,1,33953,5fb9761bad8acbb5,1
dark-s0,544,30,420,measured,13,823.264,1,33953,5fb9761bad8acbb5,1
dark-s0,544,30,420,measured,14,778.713,1,33953,5fb9761bad8acbb5,1
dark-s0,544,30,420,measured,15,776.273,1,33953,5fb9761bad8acbb5,1
dark-s0,544,30,420,measured,16,777.933,1,33953,5fb9761bad8acbb5,1
dark-s0,544,30,420,measured,17,775.193,1,33953,5fb9761bad8acbb5,1
dark-s0,544,30,420,measured,18,774.353,1,33953,5fb9761bad8acbb5,1
dark-s0,544,30,420,measured,19,787.623,1,33953,5fb9761bad8acbb5,1
dark-s0,544,30,420,measured,20,779.994,1,33953,5fb9761bad8acbb5,1
dark-s0,544,30,420,measured,21,773.564,1,33953,5fb9761bad8acbb5,1
dark-s0,544,30,420,measured,22,768.213,1,33953,5fb9761bad8acbb5,1
dark-s0,544,30,420,measured,23,777.993,1,33953,5fb9761bad8acbb5,1
forest-s0,544,30,444,warm,0,945.814,1,21517,c7cd8d9a436f6201,1
forest-s0,544,30,444,warm,1,1083.325,1,21517,c7cd8d9a436f6201,1
forest-s0,544,30,444,warm,2,1015.705,1,21517,c7cd8d9a436f6201,1
forest-s0,544,30,444,warm,3,859.004,1,21517,c7cd8d9a436f6201,1
forest-s0,544,30,444,warm,4,847.043,1,21517,c7cd8d9a436f6201,1
forest-s0,544,30,444,warm,5,835.923,1,21517,c7cd8d9a436f6201,1
forest-s0,544,30,444,warm,6,866.444,1,21517,c7cd8d9a436f6201,1
forest-s0,544,30,444,warm,7,892.374,1,21517,c7cd8d9a436f6201,1
forest-s0,544,30,444,warm,8,857.953,1,21517,c7cd8d9a436f6201,1
forest-s0,544,30,444,warm,9,862.854,1,21517,c7cd8d9a436f6201,1
forest-s0,544,30,444,warm,10,815.324,1,21517,c7cd8d9a436f6201,1
forest-s0,544,30,444,warm,11,818.904,1,21517,c7cd8d9a436f6201,1
forest-s0,544,30,444,measured,0,890.104,1,21517,c7cd8d9a436f6201,1
forest-s0,544,30,444,measured,1,857.863,1,21517,c7cd8d9a436f6201,1
forest-s0,544,30,444,measured,2,807.793,1,21517,c7cd8d9a436f6201,1
forest-s0,544,30,444,measured,3,820.803,1,21517,c7cd8d9a436f6201,1
forest-s0,544,30,444,measured,4,843.894,1,21517,c7cd8d9a436f6201,1
forest-s0,544,30,444,measured,5,817.103,1,21517,c7cd8d9a436f6201,1
forest-s0,544,30,444,measured,6,1003.194,1,21517,c7cd8d9a436f6201,1
forest-s0,544,30,444,measured,7,808.233,1,21517,c7cd8d9a436f6201,1
forest-s0,544,30,444,measured,8,816.193,1,21517,c7cd8d9a436f6201,1
forest-s0,544,30,444,measured,9,812.823,1,21517,c7cd8d9a436f6201,1
forest-s0,544,30,444,measured,10,815.804,1,21517,c7cd8d9a436f6201,1
forest-s0,544,30,444,measured,11,841.474,1,21517,c7cd8d9a436f6201,1
forest-s0,544,30,444,measured,12,875.794,1,21517,c7cd8d9a436f6201,1
forest-s0,544,30,444,measured,13,1315.225,1,21517,c7cd8d9a436f6201,1
forest-s0,544,30,444,measured,14,792.743,1,21517,c7cd8d9a436f6201,1
forest-s0,544,30,444,measured,15,824.673,1,21517,c7cd8d9a436f6201,1
forest-s0,544,30,444,measured,16,824.113,1,21517,c7cd8d9a436f6201,1
forest-s0,544,30,444,measured,17,801.323,1,21517,c7cd8d9a436f6201,1
forest-s0,544,30,444,measured,18,832.553,1,21517,c7cd8d9a436f6201,1
forest-s0,544,30,444,measured,19,905.644,1,21517,c7cd8d9a436f6201,1
forest-s0,544,30,444,measured,20,806.993,1,21517,c7cd8d9a436f6201,1
forest-s0,544,30,444,measured,21,924.133,1,21517,c7cd8d9a436f6201,1
forest-s0,544,30,444,measured,22,996.594,1,21517,c7cd8d9a436f6201,1
forest-s0,544,30,444,measured,23,863.613,1,21517,c7cd8d9a436f6201,1
dark-s0,272,10,444,warm,0,272.771,1,6227,7cbe0b5e2f5c2825,1
dark-s0,272,10,444,warm,1,314.361,1,6227,7cbe0b5e2f5c2825,1
dark-s0,272,10,444,warm,2,266.221,1,6227,7cbe0b5e2f5c2825,1
dark-s0,272,10,444,warm,3,213.221,1,6227,7cbe0b5e2f5c2825,1
dark-s0,272,10,444,warm,4,190.76,1,6227,7cbe0b5e2f5c2825,1
dark-s0,272,10,444,warm,5,187.83,1,6227,7cbe0b5e2f5c2825,1
dark-s0,272,10,444,warm,6,184.521,1,6227,7cbe0b5e2f5c2825,1
dark-s0,272,10,444,warm,7,182.051,1,6227,7cbe0b5e2f5c2825,1
dark-s0,272,10,444,warm,8,187.551,1,6227,7cbe0b5e2f5c2825,1
dark-s0,272,10,444,warm,9,181.441,1,6227,7cbe0b5e2f5c2825,1
dark-s0,272,10,444,warm,10,249.051,1,6227,7cbe0b5e2f5c2825,1
dark-s0,272,10,444,warm,11,202.801,1,6227,7cbe0b5e2f5c2825,1
dark-s0,272,10,444,measured,0,199.161,1,6227,7cbe0b5e2f5c2825,1
dark-s0,272,10,444,measured,1,187.68,1,6227,7cbe0b5e2f5c2825,1
dark-s0,272,10,444,measured,2,186.021,1,6227,7cbe0b5e2f5c2825,1
dark-s0,272,10,444,measured,3,179.601,1,6227,7cbe0b5e2f5c2825,1
dark-s0,272,10,444,measured,4,179.251,1,6227,7cbe0b5e2f5c2825,1
dark-s0,272,10,444,measured,5,223.231,1,6227,7cbe0b5e2f5c2825,1
dark-s0,272,10,444,measured,6,181.73,1,6227,7cbe0b5e2f5c2825,1
dark-s0,272,10,444,measured,7,291.651,1,6227,7cbe0b5e2f5c2825,1
dark-s0,272,10,444,measured,8,225.49,1,6227,7cbe0b5e2f5c2825,1
dark-s0,272,10,444,measured,9,228.441,1,6227,7cbe0b5e2f5c2825,1
dark-s0,272,10,444,measured,10,193.521,1,6227,7cbe0b5e2f5c2825,1
dark-s0,272,10,444,measured,11,198.611,1,6227,7cbe0b5e2f5c2825,1
dark-s0,272,10,444,measured,12,185.621,1,6227,7cbe0b5e2f5c2825,1
dark-s0,272,10,444,measured,13,187.021,1,6227,7cbe0b5e2f5c2825,1
dark-s0,272,10,444,measured,14,287.951,1,6227,7cbe0b5e2f5c2825,1
dark-s0,272,10,444,measured,15,230.581,1,6227,7cbe0b5e2f5c2825,1
dark-s0,272,10,444,measured,16,207.901,1,6227,7cbe0b5e2f5c2825,1
dark-s0,272,10,444,measured,17,194.561,1,6227,7cbe0b5e2f5c2825,1
dark-s0,272,10,444,measured,18,188.301,1,6227,7cbe0b5e2f5c2825,1
dark-s0,272,10,444,measured,19,192.521,1,6227,7cbe0b5e2f5c2825,1
dark-s0,272,10,444,measured,20,184.001,1,6227,7cbe0b5e2f5c2825,1
dark-s0,272,10,444,measured,21,181.451,1,6227,7cbe0b5e2f5c2825,1
dark-s0,272,10,444,measured,22,181.461,1,6227,7cbe0b5e2f5c2825,1
dark-s0,272,10,444,measured,23,291.631,1,6227,7cbe0b5e2f5c2825,1
forest-s0,544,5,444,warm,0,679.213,1,9384,1b6a7308df078c39,1
forest-s0,544,5,444,warm,1,657.483,1,9384,1b6a7308df078c39,1
forest-s0,544,5,444,warm,2,733.143,1,9384,1b6a7308df078c39,1
forest-s0,544,5,444,warm,3,654.112,1,9384,1b6a7308df078c39,1
forest-s0,544,5,444,warm,4,728.393,1,9384,1b6a7308df078c39,1
forest-s0,544,5,444,warm,5,665.543,1,9384,1b6a7308df078c39,1
forest-s0,544,5,444,warm,6,664.283,1,9384,1b6a7308df078c39,1
forest-s0,544,5,444,warm,7,641.373,1,9384,1b6a7308df078c39,1
forest-s0,544,5,444,warm,8,741.453,1,9384,1b6a7308df078c39,1
forest-s0,544,5,444,warm,9,678.603,1,9384,1b6a7308df078c39,1
forest-s0,544,5,444,warm,10,736.663,1,9384,1b6a7308df078c39,1
forest-s0,544,5,444,warm,11,755.453,1,9384,1b6a7308df078c39,1
forest-s0,544,5,444,measured,0,804.113,1,9384,1b6a7308df078c39,1
forest-s0,544,5,444,measured,1,734.123,1,9384,1b6a7308df078c39,1
forest-s0,544,5,444,measured,2,876.443,1,9384,1b6a7308df078c39,1
forest-s0,544,5,444,measured,3,650.883,1,9384,1b6a7308df078c39,1
forest-s0,544,5,444,measured,4,635.213,1,9384,1b6a7308df078c39,1
forest-s0,544,5,444,measured,5,640.313,1,9384,1b6a7308df078c39,1
forest-s0,544,5,444,measured,6,633.652,1,9384,1b6a7308df078c39,1
forest-s0,544,5,444,measured,7,635.783,1,9384,1b6a7308df078c39,1
forest-s0,544,5,444,measured,8,623.193,1,9384,1b6a7308df078c39,1
forest-s0,544,5,444,measured,9,627.442,1,9384,1b6a7308df078c39,1
forest-s0,544,5,444,measured,10,686.033,1,9384,1b6a7308df078c39,1
forest-s0,544,5,444,measured,11,658.513,1,9384,1b6a7308df078c39,1
forest-s0,544,5,444,measured,12,690.653,1,9384,1b6a7308df078c39,1
forest-s0,544,5,444,measured,13,617.723,1,9384,1b6a7308df078c39,1
forest-s0,544,5,444,measured,14,625.083,1,9384,1b6a7308df078c39,1
forest-s0,544,5,444,measured,15,633.092,1,9384,1b6a7308df078c39,1
forest-s0,544,5,444,measured,16,663.563,1,9384,1b6a7308df078c39,1
forest-s0,544,5,444,measured,17,693.993,1,9384,1b6a7308df078c39,1
forest-s0,544,5,444,measured,18,620.882,1,9384,1b6a7308df078c39,1
forest-s0,544,5,444,measured,19,628.033,1,9384,1b6a7308df078c39,1
forest-s0,544,5,444,measured,20,723.643,1,9384,1b6a7308df078c39,1
forest-s0,544,5,444,measured,21,684.513,1,9384,1b6a7308df078c39,1
forest-s0,544,5,444,measured,22,625.213,1,9384,1b6a7308df078c39,1
forest-s0,544,5,444,measured,23,622.952,1,9384,1b6a7308df078c39,1
dark-s0,272,20,444,warm,0,295.921,1,10280,e432ae7e02867f75,1
dark-s0,272,20,444,warm,1,265.201,1,10280,e432ae7e02867f75,1
dark-s0,272,20,444,warm,2,255.031,1,10280,e432ae7e02867f75,1
dark-s0,272,20,444,warm,3,228.551,1,10280,e432ae7e02867f75,1
dark-s0,272,20,444,warm,4,218.401,1,10280,e432ae7e02867f75,1
dark-s0,272,20,444,warm,5,216.11,1,10280,e432ae7e02867f75,1
dark-s0,272,20,444,warm,6,211.121,1,10280,e432ae7e02867f75,1
dark-s0,272,20,444,warm,7,208.661,1,10280,e432ae7e02867f75,1
dark-s0,272,20,444,warm,8,229.921,1,10280,e432ae7e02867f75,1
dark-s0,272,20,444,warm,9,214.061,1,10280,e432ae7e02867f75,1
dark-s0,272,20,444,warm,10,213.881,1,10280,e432ae7e02867f75,1
dark-s0,272,20,444,warm,11,223.24,1,10280,e432ae7e02867f75,1
dark-s0,272,20,444,measured,0,215.841,1,10280,e432ae7e02867f75,1
dark-s0,272,20,444,measured,1,204.801,1,10280,e432ae7e02867f75,1
dark-s0,272,20,444,measured,2,204.721,1,10280,e432ae7e02867f75,1
dark-s0,272,20,444,measured,3,373.181,1,10280,e432ae7e02867f75,1
dark-s0,272,20,444,measured,4,338.611,1,10280,e432ae7e02867f75,1
dark-s0,272,20,444,measured,5,298.611,1,10280,e432ae7e02867f75,1
dark-s0,272,20,444,measured,6,276.791,1,10280,e432ae7e02867f75,1
dark-s0,272,20,444,measured,7,309.471,1,10280,e432ae7e02867f75,1
dark-s0,272,20,444,measured,8,247.371,1,10280,e432ae7e02867f75,1
dark-s0,272,20,444,measured,9,237.121,1,10280,e432ae7e02867f75,1
dark-s0,272,20,444,measured,10,221.681,1,10280,e432ae7e02867f75,1
dark-s0,272,20,444,measured,11,236.001,1,10280,e432ae7e02867f75,1
dark-s0,272,20,444,measured,12,238.111,1,10280,e432ae7e02867f75,1
dark-s0,272,20,444,measured,13,213.541,1,10280,e432ae7e02867f75,1
dark-s0,272,20,444,measured,14,211.011,1,10280,e432ae7e02867f75,1
dark-s0,272,20,444,measured,15,206.151,1,10280,e432ae7e02867f75,1
dark-s0,272,20,444,measured,16,209.131,1,10280,e432ae7e02867f75,1
dark-s0,272,20,444,measured,17,205.16,1,10280,e432ae7e02867f75,1
dark-s0,272,20,444,measured,18,205.361,1,10280,e432ae7e02867f75,1
dark-s0,272,20,444,measured,19,202.541,1,10280,e432ae7e02867f75,1
dark-s0,272,20,444,measured,20,231.561,1,10280,e432ae7e02867f75,1
dark-s0,272,20,444,measured,21,370.722,1,10280,e432ae7e02867f75,1
dark-s0,272,20,444,measured,22,257.091,1,10280,e432ae7e02867f75,1
dark-s0,272,20,444,measured,23,242.561,1,10280,e432ae7e02867f75,1
dark-s0,1088,10,420,warm,0,2496.83,1,44620,8d67282927c4fa6,1
dark-s0,1088,10,420,warm,1,2398.58,1,44620,8d67282927c4fa6,1
dark-s0,1088,10,420,warm,2,2608.921,1,44620,8d67282927c4fa6,1
dark-s0,1088,10,420,warm,3,2544.071,1,44620,8d67282927c4fa6,1
dark-s0,1088,10,420,warm,4,2355.47,1,44620,8d67282927c4fa6,1
dark-s0,1088,10,420,warm,5,2371.55,1,44620,8d67282927c4fa6,1
dark-s0,1088,10,420,warm,6,2364.52,1,44620,8d67282927c4fa6,1
dark-s0,1088,10,420,warm,7,2345.799,1,44620,8d67282927c4fa6,1
dark-s0,1088,10,420,warm,8,2311.25,1,44620,8d67282927c4fa6,1
dark-s0,1088,10,420,warm,9,2411.939,1,44620,8d67282927c4fa6,1
dark-s0,1088,10,420,warm,10,2330.77,1,44620,8d67282927c4fa6,1
dark-s0,1088,10,420,warm,11,2566.311,1,44620,8d67282927c4fa6,1
dark-s0,1088,10,420,measured,0,2431.631,1,44620,8d67282927c4fa6,1
dark-s0,1088,10,420,measured,1,2306.61,1,44620,8d67282927c4fa6,1
dark-s0,1088,10,420,measured,2,2322.809,1,44620,8d67282927c4fa6,1
dark-s0,1088,10,420,measured,3,2264.459,1,44620,8d67282927c4fa6,1
dark-s0,1088,10,420,measured,4,2435.22,1,44620,8d67282927c4fa6,1
dark-s0,1088,10,420,measured,5,2353.469,1,44620,8d67282927c4fa6,1
dark-s0,1088,10,420,measured,6,2298.56,1,44620,8d67282927c4fa6,1
dark-s0,1088,10,420,measured,7,2375.63,1,44620,8d67282927c4fa6,1
dark-s0,1088,10,420,measured,8,2405.58,1,44620,8d67282927c4fa6,1
dark-s0,1088,10,420,measured,9,2344.639,1,44620,8d67282927c4fa6,1
dark-s0,1088,10,420,measured,10,2331.87,1,44620,8d67282927c4fa6,1
dark-s0,1088,10,420,measured,11,2368.73,1,44620,8d67282927c4fa6,1
dark-s0,1088,10,420,measured,12,2289.999,1,44620,8d67282927c4fa6,1
dark-s0,1088,10,420,measured,13,2389.53,1,44620,8d67282927c4fa6,1
dark-s0,1088,10,420,measured,14,2561.9,1,44620,8d67282927c4fa6,1
dark-s0,1088,10,420,measured,15,2493.2,1,44620,8d67282927c4fa6,1
dark-s0,1088,10,420,measured,16,2666.421,1,44620,8d67282927c4fa6,1
dark-s0,1088,10,420,measured,17,2748.762,1,44620,8d67282927c4fa6,1
dark-s0,1088,10,420,measured,18,2644.231,1,44620,8d67282927c4fa6,1
dark-s0,1088,10,420,measured,19,2384.77,1,44620,8d67282927c4fa6,1
dark-s0,1088,10,420,measured,20,2346.08,1,44620,8d67282927c4fa6,1
dark-s0,1088,10,420,measured,21,2458.37,1,44620,8d67282927c4fa6,1
dark-s0,1088,10,420,measured,22,2536.021,1,44620,8d67282927c4fa6,1
dark-s0,1088,10,420,measured,23,2310.81,1,44620,8d67282927c4fa6,1
forest-s0,1088,10,420,warm,0,2146.789,1,25747,c27499553bf78fce,1
forest-s0,1088,10,420,warm,1,2571.651,1,25747,c27499553bf78fce,1
forest-s0,1088,10,420,warm,2,2056.348,1,25747,c27499553bf78fce,1
forest-s0,1088,10,420,warm,3,2014.448,1,25747,c27499553bf78fce,1
forest-s0,1088,10,420,warm,4,2007.438,1,25747,c27499553bf78fce,1
forest-s0,1088,10,420,warm,5,1931.518,1,25747,c27499553bf78fce,1
forest-s0,1088,10,420,warm,6,1918.218,1,25747,c27499553bf78fce,1
forest-s0,1088,10,420,warm,7,1891.008,1,25747,c27499553bf78fce,1
forest-s0,1088,10,420,warm,8,1993.448,1,25747,c27499553bf78fce,1
forest-s0,1088,10,420,warm,9,1928.827,1,25747,c27499553bf78fce,1
forest-s0,1088,10,420,warm,10,1995.899,1,25747,c27499553bf78fce,1
forest-s0,1088,10,420,warm,11,2001.868,1,25747,c27499553bf78fce,1
forest-s0,1088,10,420,measured,0,1993.438,1,25747,c27499553bf78fce,1
forest-s0,1088,10,420,measured,1,2002.548,1,25747,c27499553bf78fce,1
forest-s0,1088,10,420,measured,2,1965.839,1,25747,c27499553bf78fce,1
forest-s0,1088,10,420,measured,3,2057.718,1,25747,c27499553bf78fce,1
forest-s0,1088,10,420,measured,4,2059.348,1,25747,c27499553bf78fce,1
forest-s0,1088,10,420,measured,5,2114.029,1,25747,c27499553bf78fce,1
forest-s0,1088,10,420,measured,6,2013.959,1,25747,c27499553bf78fce,1
forest-s0,1088,10,420,measured,7,1982.348,1,25747,c27499553bf78fce,1
forest-s0,1088,10,420,measured,8,1956.538,1,25747,c27499553bf78fce,1
forest-s0,1088,10,420,measured,9,1934.538,1,25747,c27499553bf78fce,1
forest-s0,1088,10,420,measured,10,1937.928,1,25747,c27499553bf78fce,1
forest-s0,1088,10,420,measured,11,1983.068,1,25747,c27499553bf78fce,1
forest-s0,1088,10,420,measured,12,1999.899,1,25747,c27499553bf78fce,1
forest-s0,1088,10,420,measured,13,2040.168,1,25747,c27499553bf78fce,1
forest-s0,1088,10,420,measured,14,1961.398,1,25747,c27499553bf78fce,1
forest-s0,1088,10,420,measured,15,2050.668,1,25747,c27499553bf78fce,1
forest-s0,1088,10,420,measured,16,1928.538,1,25747,c27499553bf78fce,1
forest-s0,1088,10,420,measured,17,2093.258,1,25747,c27499553bf78fce,1
forest-s0,1088,10,420,measured,18,1970.308,1,25747,c27499553bf78fce,1
forest-s0,1088,10,420,measured,19,2036.798,1,25747,c27499553bf78fce,1
forest-s0,1088,10,420,measured,20,1963.928,1,25747,c27499553bf78fce,1
forest-s0,1088,10,420,measured,21,2037.739,1,25747,c27499553bf78fce,1
forest-s0,1088,10,420,measured,22,1985.239,1,25747,c27499553bf78fce,1
forest-s0,1088,10,420,measured,23,1937.248,1,25747,c27499553bf78fce,1
dark-s0,544,5,444,warm,0,789.433,1,13084,48663c0e95483fa9,1
dark-s0,544,5,444,warm,1,781.943,1,13084,48663c0e95483fa9,1
dark-s0,544,5,444,warm,2,767.943,1,13084,48663c0e95483fa9,1
dark-s0,544,5,444,warm,3,788.574,1,13084,48663c0e95483fa9,1
dark-s0,544,5,444,warm,4,711.263,1,13084,48663c0e95483fa9,1
dark-s0,544,5,444,warm,5,729.423,1,13084,48663c0e95483fa9,1
dark-s0,544,5,444,warm,6,702.123,1,13084,48663c0e95483fa9,1
dark-s0,544,5,444,warm,7,720.073,1,13084,48663c0e95483fa9,1
dark-s0,544,5,444,warm,8,731.353,1,13084,48663c0e95483fa9,1
dark-s0,544,5,444,warm,9,887.364,1,13084,48663c0e95483fa9,1
dark-s0,544,5,444,warm,10,760.103,1,13084,48663c0e95483fa9,1
dark-s0,544,5,444,warm,11,756.483,1,13084,48663c0e95483fa9,1
dark-s0,544,5,444,measured,0,746.633,1,13084,48663c0e95483fa9,1
dark-s0,544,5,444,measured,1,741.373,1,13084,48663c0e95483fa9,1
dark-s0,544,5,444,measured,2,706.113,1,13084,48663c0e95483fa9,1
dark-s0,544,5,444,measured,3,866.964,1,13084,48663c0e95483fa9,1
dark-s0,544,5,444,measured,4,749.803,1,13084,48663c0e95483fa9,1
dark-s0,544,5,444,measured,5,732.453,1,13084,48663c0e95483fa9,1
dark-s0,544,5,444,measured,6,716.123,1,13084,48663c0e95483fa9,1
dark-s0,544,5,444,measured,7,770.454,1,13084,48663c0e95483fa9,1
dark-s0,544,5,444,measured,8,883.173,1,13084,48663c0e95483fa9,1
dark-s0,544,5,444,measured,9,785.313,1,13084,48663c0e95483fa9,1
dark-s0,544,5,444,measured,10,750.423,1,13084,48663c0e95483fa9,1
dark-s0,544,5,444,measured,11,710.733,1,13084,48663c0e95483fa9,1
dark-s0,544,5,444,measured,12,690.833,1,13084,48663c0e95483fa9,1
dark-s0,544,5,444,measured,13,705.613,1,13084,48663c0e95483fa9,1
dark-s0,544,5,444,measured,14,700.523,1,13084,48663c0e95483fa9,1
dark-s0,544,5,444,measured,15,683.182,1,13084,48663c0e95483fa9,1
dark-s0,544,5,444,measured,16,744.853,1,13084,48663c0e95483fa9,1
dark-s0,544,5,444,measured,17,731.343,1,13084,48663c0e95483fa9,1
dark-s0,544,5,444,measured,18,711.213,1,13084,48663c0e95483fa9,1
dark-s0,544,5,444,measured,19,710.193,1,13084,48663c0e95483fa9,1
dark-s0,544,5,444,measured,20,695.793,1,13084,48663c0e95483fa9,1
dark-s0,544,5,444,measured,21,688.413,1,13084,48663c0e95483fa9,1
dark-s0,544,5,444,measured,22,694.103,1,13084,48663c0e95483fa9,1
dark-s0,544,5,444,measured,23,692.423,1,13084,48663c0e95483fa9,1
dark-s0,272,5,420,warm,0,169.751,1,2967,c6a7e1fdc33ddcb4,1
dark-s0,272,5,420,warm,1,147.99,1,2967,c6a7e1fdc33ddcb4,1
dark-s0,272,5,420,warm,2,126.26,1,2967,c6a7e1fdc33ddcb4,1
dark-s0,272,5,420,warm,3,179.871,1,2967,c6a7e1fdc33ddcb4,1
dark-s0,272,5,420,warm,4,142.201,1,2967,c6a7e1fdc33ddcb4,1
dark-s0,272,5,420,warm,5,148.071,1,2967,c6a7e1fdc33ddcb4,1
dark-s0,272,5,420,warm,6,125.061,1,2967,c6a7e1fdc33ddcb4,1
dark-s0,272,5,420,warm,7,127.381,1,2967,c6a7e1fdc33ddcb4,1
dark-s0,272,5,420,warm,8,121.971,1,2967,c6a7e1fdc33ddcb4,1
dark-s0,272,5,420,warm,9,121.81,1,2967,c6a7e1fdc33ddcb4,1
dark-s0,272,5,420,warm,10,122.04,1,2967,c6a7e1fdc33ddcb4,1
dark-s0,272,5,420,warm,11,137.37,1,2967,c6a7e1fdc33ddcb4,1
dark-s0,272,5,420,measured,0,123.03,1,2967,c6a7e1fdc33ddcb4,1
dark-s0,272,5,420,measured,1,143.03,1,2967,c6a7e1fdc33ddcb4,1
dark-s0,272,5,420,measured,2,145.6,1,2967,c6a7e1fdc33ddcb4,1
dark-s0,272,5,420,measured,3,179.821,1,2967,c6a7e1fdc33ddcb4,1
dark-s0,272,5,420,measured,4,142.36,1,2967,c6a7e1fdc33ddcb4,1
dark-s0,272,5,420,measured,5,130.6,1,2967,c6a7e1fdc33ddcb4,1
dark-s0,272,5,420,measured,6,122.64,1,2967,c6a7e1fdc33ddcb4,1
dark-s0,272,5,420,measured,7,122.22,1,2967,c6a7e1fdc33ddcb4,1
dark-s0,272,5,420,measured,8,122.36,1,2967,c6a7e1fdc33ddcb4,1
dark-s0,272,5,420,measured,9,124.3,1,2967,c6a7e1fdc33ddcb4,1
dark-s0,272,5,420,measured,10,122.28,1,2967,c6a7e1fdc33ddcb4,1
dark-s0,272,5,420,measured,11,122.301,1,2967,c6a7e1fdc33ddcb4,1
dark-s0,272,5,420,measured,12,122.101,1,2967,c6a7e1fdc33ddcb4,1
dark-s0,272,5,420,measured,13,122.381,1,2967,c6a7e1fdc33ddcb4,1
dark-s0,272,5,420,measured,14,122.091,1,2967,c6a7e1fdc33ddcb4,1
dark-s0,272,5,420,measured,15,122.481,1,2967,c6a7e1fdc33ddcb4,1
dark-s0,272,5,420,measured,16,122.091,1,2967,c6a7e1fdc33ddcb4,1
dark-s0,272,5,420,measured,17,122.24,1,2967,c6a7e1fdc33ddcb4,1
dark-s0,272,5,420,measured,18,163.341,1,2967,c6a7e1fdc33ddcb4,1
dark-s0,272,5,420,measured,19,146.171,1,2967,c6a7e1fdc33ddcb4,1
dark-s0,272,5,420,measured,20,134.721,1,2967,c6a7e1fdc33ddcb4,1
dark-s0,272,5,420,measured,21,132.211,1,2967,c6a7e1fdc33ddcb4,1
dark-s0,272,5,420,measured,22,124.611,1,2967,c6a7e1fdc33ddcb4,1
dark-s0,272,5,420,measured,23,123.871,1,2967,c6a7e1fdc33ddcb4,1
